rule_id,rule_name,layer,module,applicable_group,rule_type,main_signal,secondary_signal,required_conditions,excluded_conditions,self_strength_status,spouse_star_status,palace_signal,flow_path,signal_position,root_status,strength_level,favorability,transformation_status,distance_level,priority,score_effect,output_slot,internal_logic,user_explanation,forbidden_inference,confidence_base,validation_status,case_refs,notes,version
M4-BASE-001,M4-BASE正式定义｜失衡候选底盘,L0 模型边界与证据,BASE-定义边界,通用,定义,M4-BASE模块规则,,M4-BASE被调用；分析对象为M3正常功能在结构层面的过用、不足、替代、错位或转换受阻候选。,M3正常功能未确定；基础十神或真合化状态未定；只有单一弱远标签；或现实安全问题应优先处理。,由共享基础引擎提供；只修正承载与执行，不直接等同强弱人格。,由M2接口提供；夫妻星只参与关系议题权重，不单独生成盲点。,由M3-BASE与共享引擎提供；不得把日支直接写成配偶性格。,无／待后续规则组合,由共享基础引擎判定,由共享基础引擎判定,由共享基础引擎判定,喜忌只修正调用摩擦与平衡，不直接等同好坏。,原十神性质有效；真合化成立时按化神系统替换。,由共享基础引擎判定,99,不加分；定义／路由,report_status,M4-BASE先说明一项关系功能原本有什么作用，再判断它在什么条件下可能失衡；本阶段不建立完整双向循环。,这一部分先看：你原本用什么方式维持关系，以及这项方式在压力或调节不足时，哪里可能被用得过多、过少或替代了别的任务。,不得仅凭本规则推出自私、冷漠、控制、花心、暴力、人格或依恋问题、分手离婚、背叛或关系失败；本模块只生成结构／触发候选，现实模式需具体事件验证。,高,待验证,,provisional=true; rule_group=BASE-定义边界,0.2
M4-BASE-002,正常功能先行｜禁止坏标签起步,L0 模型边界与证据,BASE-定义边界,通用,边界,正常功能来源,,需要判断某项十神或M3通道的失衡候选。,无法说明该信号在关系中的正常功能。,由共享基础引擎提供；只修正承载与执行，不直接等同强弱人格。,由M2接口提供；夫妻星只参与关系议题权重，不单独生成盲点。,由M3-BASE与共享引擎提供；不得把日支直接写成配偶性格。,无／待后续规则组合,由共享基础引擎判定,由共享基础引擎判定,由共享基础引擎判定,喜忌只修正调用摩擦与平衡，不直接等同好坏。,原十神性质有效；真合化成立时按化神系统替换。,由共享基础引擎判定,98,不加分；前置门控,functional_origin,任何盲点必须从有效功能出发；若只剩负面标签，则规则不成立。,这项反应原本有它的功能；只有在特定条件下，它才可能遮住另一项同样重要的关系任务。,不得仅凭本规则推出自私、冷漠、控制、花心、暴力、人格或依恋问题、分手离婚、背叛或关系失败；本模块只生成结构／触发候选，现实模式需具体事件验证。,高,待验证,,provisional=true; rule_group=BASE-定义边界,0.2
M4-BASE-003,单一十神禁止生成盲点,L0 模型边界与证据,BASE-定义边界,通用,边界,十神标签,,仅出现某一十神名称、喜忌或旺衰标签。,存在至少两类独立证据并完成失衡机制判断。,由共享基础引擎提供；只修正承载与执行，不直接等同强弱人格。,由M2接口提供；夫妻星只参与关系议题权重，不单独生成盲点。,由M3-BASE与共享引擎提供；不得把日支直接写成配偶性格。,无／待后续规则组合,由共享基础引擎判定,由共享基础引擎判定,由共享基础引擎判定,喜忌只修正调用摩擦与平衡，不直接等同好坏。,原十神性质有效；真合化成立时按化神系统替换。,由共享基础引擎判定,98,停止单标签路由,stop_reason,十神只定义功能，不独立证明失衡、触发或循环。,仅凭一个十神，不能把某种关系问题固定下来。,不得仅凭本规则推出自私、冷漠、控制、花心、暴力、人格或依恋问题、分手离婚、背叛或关系失败；本模块只生成结构／触发候选，现实模式需具体事件验证。,高,待验证,,provisional=true; rule_group=BASE-定义边界,0.2
M4-BASE-004,独立证据门槛,L0 模型边界与证据,BASE-定义边界,通用,证据门控,source_id与跨模块证据,,准备建立E1或E2候选。,所有支持都来自同一个source_id或同一日支事实的重复解释。,由共享基础引擎提供；只修正承载与执行，不直接等同强弱人格。,由M2接口提供；夫妻星只参与关系议题权重，不单独生成盲点。,由M3-BASE与共享引擎提供；不得把日支直接写成配偶性格。,无／待后续规则组合,由共享基础引擎判定,由共享基础引擎判定,由共享基础引擎判定,喜忌只修正调用摩擦与平衡，不直接等同好坏。,原十神性质有效；真合化成立时按化神系统替换。,由共享基础引擎判定,97,去重后计分,evidence_level,至少两类独立证据才能建立结构候选；解释次数不等于证据数量。,只有当不同来源的信息彼此支持时，才会把它保留为较明确的关系盲点候选。,不得仅凭本规则推出自私、冷漠、控制、花心、暴力、人格或依恋问题、分手离婚、背叛或关系失败；本模块只生成结构／触发候选，现实模式需具体事件验证。,高,待验证,,provisional=true; rule_group=BASE-定义边界,0.2
M4-BASE-005,E1结构候选定义,L0 模型边界与证据,BASE-定义边界,通用,证据等级,E1 STRUCTURAL,,有效功能来源＋明确失衡状态＋一项独立修正证据成立。,触发域、反馈或修复链被强行补写；或基础状态争议。,由共享基础引擎提供；只修正承载与执行，不直接等同强弱人格。,由M2接口提供；夫妻星只参与关系议题权重，不单独生成盲点。,由M3-BASE与共享引擎提供；不得把日支直接写成配偶性格。,无／待后续规则组合,由共享基础引擎判定,由共享基础引擎判定,由共享基础引擎判定,喜忌只修正调用摩擦与平衡，不直接等同好坏。,原十神性质有效；真合化成立时按化神系统替换。,由共享基础引擎判定,96,E1候选,evidence_level,E1只说明结构上可能存在某类失衡，不说明现实中一定发生。,目前最多可以说，某类相处方式存在被过度调用、调用不足或替代其他功能的候选。,不得仅凭本规则推出自私、冷漠、控制、花心、暴力、人格或依恋问题、分手离婚、背叛或关系失败；本模块只生成结构／触发候选，现实模式需具体事件验证。,中高,待验证,,provisional=true; rule_group=BASE-定义边界,0.2
M4-BASE-006,E2触发候选定义,L0 模型边界与证据,BASE-定义边界,通用,证据等级,E2 ACTIVATION,,E1成立；另有可识别触发域候选与调节不足／转换受阻证据。,触发域仅由想象补足；保护因素足以中断；现实反例明显。,由共享基础引擎提供；只修正承载与执行，不直接等同强弱人格。,由M2接口提供；夫妻星只参与关系议题权重，不单独生成盲点。,由M3-BASE与共享引擎提供；不得把日支直接写成配偶性格。,无／待后续规则组合,由共享基础引擎判定,由共享基础引擎判定,由共享基础引擎判定,喜忌只修正调用摩擦与平衡，不直接等同好坏。,原十神性质有效；真合化成立时按化神系统替换。,由共享基础引擎判定,95,E2候选,evidence_level,E2说明在特定情境下失衡反应更容易启动，仍不是现实循环结论。,当关系进入某类压力或不确定情境时，这种反应更容易被启动，但是否反复仍要结合真实经历。,不得仅凭本规则推出自私、冷漠、控制、花心、暴力、人格或依恋问题、分手离婚、背叛或关系失败；本模块只生成结构／触发候选，现实模式需具体事件验证。,中高,待验证,,provisional=true; rule_group=BASE-定义边界,0.2
M4-BASE-007,BASE阶段禁止建立完整循环,L0 模型边界与证据,BASE-定义边界,通用,边界,E3 LOOP,,M4-BASE正在运行。,后续M4-LOOP已提供起点、反馈、强化和修复卡点，并经现实事件验证。,由共享基础引擎提供；只修正承载与执行，不直接等同强弱人格。,由M2接口提供；夫妻星只参与关系议题权重，不单独生成盲点。,由M3-BASE与共享引擎提供；不得把日支直接写成配偶性格。,无／待后续规则组合,由共享基础引擎判定,由共享基础引擎判定,由共享基础引擎判定,喜忌只修正调用摩擦与平衡，不直接等同好坏。,原十神性质有效；真合化成立时按化神系统替换。,由共享基础引擎判定,95,禁止升级E3,boundary_note,BASE只建立功能与失衡候选，不能生成完整双向循环。,这一阶段只识别可能的起点，不把对方的反应和关系结果提前写成定论。,不得仅凭本规则推出自私、冷漠、控制、花心、暴力、人格或依恋问题、分手离婚、背叛或关系失败；本模块只生成结构／触发候选，现实模式需具体事件验证。,高,待验证,,provisional=true; rule_group=BASE-定义边界,0.2
M4-BASE-008,M3正常功能为功能来源主权威,L0 模型边界与证据,BASE-定义边界,通用,输入门控,M3输出,,M3-BASE／EXPR／CARE／BOUND／CONFLICT至少一项有效输出存在。,M3关键模块停止；或M4试图绕过M3重新定义日常相处方式。,由共享基础引擎提供；只修正承载与执行，不直接等同强弱人格。,由M2接口提供；夫妻星只参与关系议题权重，不单独生成盲点。,由M3-BASE与共享引擎提供；不得把日支直接写成配偶性格。,无／待后续规则组合,由共享基础引擎判定,由共享基础引擎判定,由共享基础引擎判定,喜忌只修正调用摩擦与平衡，不直接等同好坏。,原十神性质有效；真合化成立时按化神系统替换。,由共享基础引擎判定,94,导入M3；不重复加分,functional_origin,M4必须继承M3的中性功能描述，再判断失衡；不得改写M3。,模型会先保留你原本有效的相处方式，再检查它在哪些条件下可能出现偏差。,不得仅凭本规则推出自私、冷漠、控制、花心、暴力、人格或依恋问题、分手离婚、背叛或关系失败；本模块只生成结构／触发候选，现实模式需具体事件验证。,高,待验证,,provisional=true; rule_group=BASE-定义边界,0.2
M4-BASE-009,共享基础引擎输入合同,L0 模型边界与证据,BASE-定义边界,通用,输入门控,共享命理引擎,,排盘、十神、日支藏干、旺衰、根气、喜忌、合化、制化、流向和source_id已标准化。,基础数据缺失或互相冲突。,由共享基础引擎提供；只修正承载与执行，不直接等同强弱人格。,由M2接口提供；夫妻星只参与关系议题权重，不单独生成盲点。,由M3-BASE与共享引擎提供；不得把日支直接写成配偶性格。,无／待后续规则组合,由共享基础引擎判定,由共享基础引擎判定,由共享基础引擎判定,喜忌只修正调用摩擦与平衡，不直接等同好坏。,原十神性质有效；真合化成立时按化神系统替换。,由共享基础引擎判定,94,不加分；输入门控,report_status,M4不重新排盘，不独立裁定合化旺衰，只翻译可靠事实。,基础状态有争议时，会保留不确定性，不为了完整而硬写关系问题。,不得仅凭本规则推出自私、冷漠、控制、花心、暴力、人格或依恋问题、分手离婚、背叛或关系失败；本模块只生成结构／触发候选，现实模式需具体事件验证。,高,待验证,,provisional=true; rule_group=BASE-定义边界,0.2
M4-BASE-010,同源证据只计一次,L0 模型边界与证据,BASE-定义边界,通用,去重,source_id,,同一命理事实被M3多个模块或M4多条规则读取。,来源确实独立且功能不同。,由共享基础引擎提供；只修正承载与执行，不直接等同强弱人格。,由M2接口提供；夫妻星只参与关系议题权重，不单独生成盲点。,由M3-BASE与共享引擎提供；不得把日支直接写成配偶性格。,无／待后续规则组合,由共享基础引擎判定,由共享基础引擎判定,由共享基础引擎判定,喜忌只修正调用摩擦与平衡，不直接等同好坏。,原十神性质有效；真合化成立时按化神系统替换。,由共享基础引擎判定,94,同源去重,dedup_log,同一source_id只能计算一次基础权重；可多角度解释但不增加独立证据数。,同一个命理事实不会因为被多个模块解释，就被重复放大。,不得仅凭本规则推出自私、冷漠、控制、花心、暴力、人格或依恋问题、分手离婚、背叛或关系失败；本模块只生成结构／触发候选，现实模式需具体事件验证。,高,待验证,,provisional=true; rule_group=BASE-定义边界,0.2
M4-BASE-011,现实安全优先,L0 模型边界与证据,BASE-定义边界,通用,安全边界,现实安全事件,,真实关系涉及暴力、威胁、强迫、经济控制、跟踪、隔离或明确人身风险。,,由共享基础引擎提供；只修正承载与执行，不直接等同强弱人格。,由M2接口提供；夫妻星只参与关系议题权重，不单独生成盲点。,由M3-BASE与共享引擎提供；不得把日支直接写成配偶性格。,无／待后续规则组合,由共享基础引擎判定,由共享基础引擎判定,由共享基础引擎判定,喜忌只修正调用摩擦与平衡，不直接等同好坏。,原十神性质有效；真合化成立时按化神系统替换。,由共享基础引擎判定,100,STOP；安全优先,report_status,此时停止用互动循环淡化责任，优先现实安全评估与专业支持。,若现实中已经存在明确伤害或安全风险，应先处理现实安全，不能用命理把责任平均化或合理化。,不得仅凭本规则推出自私、冷漠、控制、花心、暴力、人格或依恋问题、分手离婚、背叛或关系失败；本模块只生成结构／触发候选，现实模式需具体事件验证。,高,待验证,,provisional=true; rule_group=BASE-定义边界,0.2
M4-BASE-012,M4-BASE输出合同,L0 模型边界与证据,BASE-定义边界,通用,输出合同,BASE输出字段,,至少一项正常功能来源可靠，并通过基础门控。,所有候选均停止或只有单一弱远标签。,由共享基础引擎提供；只修正承载与执行，不直接等同强弱人格。,由M2接口提供；夫妻星只参与关系议题权重，不单独生成盲点。,由M3-BASE与共享引擎提供；不得把日支直接写成配偶性格。,无／待后续规则组合,由共享基础引擎判定,由共享基础引擎判定,由共享基础引擎判定,喜忌只修正调用摩擦与平衡，不直接等同好坏。,原十神性质有效；真合化成立时按化神系统替换。,由共享基础引擎判定,93,不加分；输出合同,report_template,本模块输出functional_origin、imbalance_mechanism_candidate、missing_function_candidate、buffer_candidate、evidence_level和boundary_note。,最终会说明：这项反应原本有什么作用、哪里可能失衡、还缺哪一步，以及哪些条件会使它减弱。,不得仅凭本规则推出自私、冷漠、控制、花心、暴力、人格或依恋问题、分手离婚、背叛或关系失败；本模块只生成结构／触发候选，现实模式需具体事件验证。,中高,待验证,,provisional=true; rule_group=BASE-定义边界,0.2
M4-BASE-013,正文一主一辅,L0 模型边界与证据,BASE-定义边界,通用,输出边界,候选排序,,存在多个失衡候选。,仅为内部候选池，不进入用户正文。,由共享基础引擎提供；只修正承载与执行，不直接等同强弱人格。,由M2接口提供；夫妻星只参与关系议题权重，不单独生成盲点。,由M3-BASE与共享引擎提供；不得把日支直接写成配偶性格。,无／待后续规则组合,由共享基础引擎判定,由共享基础引擎判定,由共享基础引擎判定,喜忌只修正调用摩擦与平衡，不直接等同好坏。,原十神性质有效；真合化成立时按化神系统替换。,由共享基础引擎判定,92,正文封顶1主1辅,boundary_note,正文最多保留一个主失衡机制和一个次机制；其余写入内部日志。,报告只保留最有证据的一项核心盲点和必要的第二项，不堆积问题标签。,不得仅凭本规则推出自私、冷漠、控制、花心、暴力、人格或依恋问题、分手离婚、背叛或关系失败；本模块只生成结构／触发候选，现实模式需具体事件验证。,高,待验证,,provisional=true; rule_group=BASE-定义边界,0.2
M4-BASE-014,反例与保护因素必须并查,L0 模型边界与证据,BASE-定义边界,通用,证据门控,counterevidence／buffer,,准备发布E1或E2候选。,尚未检查有效制化、通关、现实反例或状态分工。,由共享基础引擎提供；只修正承载与执行，不直接等同强弱人格。,由M2接口提供；夫妻星只参与关系议题权重，不单独生成盲点。,由M3-BASE与共享引擎提供；不得把日支直接写成配偶性格。,无／待后续规则组合,由共享基础引擎判定,由共享基础引擎判定,由共享基础引擎判定,喜忌只修正调用摩擦与平衡，不直接等同好坏。,原十神性质有效；真合化成立时按化神系统替换。,由共享基础引擎判定,92,未查保护因子则不发布,buffer_factor,风险候选必须与保护因素和反例同时评估。,即使存在某种失衡候选，也会同时检查命局和现实中是否有能限制它、补足它或中断它的条件。,不得仅凭本规则推出自私、冷漠、控制、花心、暴力、人格或依恋问题、分手离婚、背叛或关系失败；本模块只生成结构／触发候选，现实模式需具体事件验证。,高,待验证,,provisional=true; rule_group=BASE-定义边界,0.2
M4-BASE-015,禁止道德裁定,L0 模型边界与证据,BASE-定义边界,通用,边界,道德与责任判断,,M4规则运行。,现实安全事件需单独处理。,由共享基础引擎提供；只修正承载与执行，不直接等同强弱人格。,由M2接口提供；夫妻星只参与关系议题权重，不单独生成盲点。,由M3-BASE与共享引擎提供；不得把日支直接写成配偶性格。,无／待后续规则组合,由共享基础引擎判定,由共享基础引擎判定,由共享基础引擎判定,喜忌只修正调用摩擦与平衡，不直接等同好坏。,原十神性质有效；真合化成立时按化神系统替换。,由共享基础引擎判定,92,不加分；语言门控,boundary_note,M4描述功能和反馈机制，不判断谁是好人坏人或谁更爱。,这部分只描述自动反应和可能遗漏的信息，不把它解释成品德好坏。,不得仅凭本规则推出自私、冷漠、控制、花心、暴力、人格或依恋问题、分手离婚、背叛或关系失败；本模块只生成结构／触发候选，现实模式需具体事件验证。,高,待验证,,provisional=true; rule_group=BASE-定义边界,0.2
M4-BASE-016,正常功能句必须保留,L0 模型边界与证据,BASE-定义边界,通用,输出合同,functional_origin,,用户正文包含盲点候选。,功能来源不可靠。,由共享基础引擎提供；只修正承载与执行，不直接等同强弱人格。,由M2接口提供；夫妻星只参与关系议题权重，不单独生成盲点。,由M3-BASE与共享引擎提供；不得把日支直接写成配偶性格。,无／待后续规则组合,由共享基础引擎判定,由共享基础引擎判定,由共享基础引擎判定,喜忌只修正调用摩擦与平衡，不直接等同好坏。,原十神性质有效；真合化成立时按化神系统替换。,由共享基础引擎判定,91,强制前置功能句,user_explanation,每条盲点输出前必须先说明该反应原本的合理功能。,这项反应并非毫无价值；它原本是在帮助你________。真正需要留意的是，当________时，它可能开始遮住另一项需要。,不得仅凭本规则推出自私、冷漠、控制、花心、暴力、人格或依恋问题、分手离婚、背叛或关系失败；本模块只生成结构／触发候选，现实模式需具体事件验证。,中高,待验证,,provisional=true; rule_group=BASE-定义边界,0.2
M4-BASE-017,过用与缺位分别记录,L0 模型边界与证据,BASE-定义边界,通用,结构边界,K01／K02,,同一候选同时涉及过用和不足。,两者来自同一语义重复。,由共享基础引擎提供；只修正承载与执行，不直接等同强弱人格。,由M2接口提供；夫妻星只参与关系议题权重，不单独生成盲点。,由M3-BASE与共享引擎提供；不得把日支直接写成配偶性格。,无／待后续规则组合,由共享基础引擎判定,由共享基础引擎判定,由共享基础引擎判定,喜忌只修正调用摩擦与平衡，不直接等同好坏。,原十神性质有效；真合化成立时按化神系统替换。,由共享基础引擎判定,91,分开记录K01与K02,imbalance_mechanism,熟练通道的过用与另一通道的缺位是两个不同字段，不得混成一个负面标签。,你可能不是单纯“做得太多”，而是某一种熟练方式抢先启动，同时另一项必要步骤没有及时进入。,不得仅凭本规则推出自私、冷漠、控制、花心、暴力、人格或依恋问题、分手离婚、背叛或关系失败；本模块只生成结构／触发候选，现实模式需具体事件验证。,中高,待验证,,provisional=true; rule_group=BASE-定义边界,0.2
M4-BASE-018,压力反应不等于固定人格,L0 模型边界与证据,BASE-定义边界,通用,边界,状态切换,,失衡候选主要在压力或特定阶段出现。,现实长期稳定重复且跨情境一致。,由共享基础引擎提供；只修正承载与执行，不直接等同强弱人格。,由M2接口提供；夫妻星只参与关系议题权重，不单独生成盲点。,由M3-BASE与共享引擎提供；不得把日支直接写成配偶性格。,无／待后续规则组合,由共享基础引擎判定,由共享基础引擎判定,由共享基础引擎判定,喜忌只修正调用摩擦与平衡，不直接等同好坏。,原十神性质有效；真合化成立时按化神系统替换。,由共享基础引擎判定,91,阶段信号不得覆盖原局,activation_trigger,阶段覆盖或压力状态只能生成触发候选，不得写成终身人格。,平稳时你可能并不如此；这一反应更可能在压力增加或关系节奏变化时被启动。,不得仅凭本规则推出自私、冷漠、控制、花心、暴力、人格或依恋问题、分手离婚、背叛或关系失败；本模块只生成结构／触发候选，现实模式需具体事件验证。,高,待验证,,provisional=true; rule_group=BASE-定义边界,0.2
M4-BASE-019,原局与阶段覆盖分离,L0 模型边界与证据,BASE-定义边界,通用,输入门控,原局／大运流年,,同时存在原局结构和阶段性引动。,来源时间未区分。,由共享基础引擎提供；只修正承载与执行，不直接等同强弱人格。,由M2接口提供；夫妻星只参与关系议题权重，不单独生成盲点。,由M3-BASE与共享引擎提供；不得把日支直接写成配偶性格。,无／待后续规则组合,由共享基础引擎判定,由共享基础引擎判定,由共享基础引擎判定,喜忌只修正调用摩擦与平衡，不直接等同好坏。,原十神性质有效；真合化成立时按化神系统替换。,由共享基础引擎判定,90,阶段另路由,activation_trigger,原局用于稳定底盘，阶段信号只调整触发概率和表现时段。,会区分长期相处底盘与某个阶段被放大的反应，不把阶段状态写成永久模式。,不得仅凭本规则推出自私、冷漠、控制、花心、暴力、人格或依恋问题、分手离婚、背叛或关系失败；本模块只生成结构／触发候选，现实模式需具体事件验证。,高,待验证,,provisional=true; rule_group=BASE-定义边界,0.2
M4-BASE-020,规则状态保持暂定,L0 模型边界与证据,BASE-定义边界,通用,版本门控,provisional=true,,V0.2规则尚未完成真实案例校准。,,由共享基础引擎提供；只修正承载与执行，不直接等同强弱人格。,由M2接口提供；夫妻星只参与关系议题权重，不单独生成盲点。,由M3-BASE与共享引擎提供；不得把日支直接写成配偶性格。,无／待后续规则组合,由共享基础引擎判定,由共享基础引擎判定,由共享基础引擎判定,喜忌只修正调用摩擦与平衡，不直接等同好坏。,原十神性质有效；真合化成立时按化神系统替换。,由共享基础引擎判定,90,validation_status=待验证,boundary_note,所有权重、阈值和组合均为知识工程初始参数。,当前结论用于结构化分析和学习，不代表统计概率，也不能替代真实关系经历。,不得仅凭本规则推出自私、冷漠、控制、花心、暴力、人格或依恋问题、分手离婚、背叛或关系失败；本模块只生成结构／触发候选，现实模式需具体事件验证。,高,待验证,,provisional=true; rule_group=BASE-定义边界,0.2
M4-BASE-021,比肩｜正常关系功能来源,L1 正常功能来源,BASE-十神功能,通用,基础,比肩,I01／X01／CA01／BD01／CF01,M3中I01／X01／CA01／BD01／CF01至少一项对应功能可靠成立；共享引擎确认比肩性质有效；未命中真合化替换；完成source_id去重。,M3相关功能停止；真合化后原十神失效；仅有单一弱远无根信号；或现实反例明确显示该功能并不稳定出现。,由共享基础引擎提供；只修正承载与执行，不直接等同强弱人格。,由M2接口提供；夫妻星只参与关系议题权重，不单独生成盲点。,由M3-BASE与共享引擎提供；不得把日支直接写成配偶性格。,无／待后续规则组合,由共享基础引擎判定,由共享基础引擎判定,由共享基础引擎判定,喜忌只修正调用摩擦与平衡，不直接等同好坏。,原十神性质有效；真合化成立时按化神系统替换。,由共享基础引擎判定,90,functional_origin +12（同源只计一次）,functional_origin,比肩在M4中的起点不是负面标签，而是：平等、自主、并肩协作、保留决定权并区分各自责任。,这项反应原本的功能是：平等、自主、并肩协作、保留决定权并区分各自责任。,不得推出用户自私、不会依赖、一定争强好胜或排斥亲密；是否形成竞争、防御或资源冲突需现实事件验证。,中高,待验证,,provisional=true; ten_god=比肩; system=SYS01 比劫系统; m3_refs=I01／X01／CA01／BD01／CF01; subtype=normal,0.2
M4-BASE-022,比肩｜K01过用放大候选,L2 十神失衡候选,BASE-十神功能,通用,失衡候选,比肩,K01 过用放大,M3中I01／X01／CA01／BD01／CF01至少一项对应功能可靠成立；共享引擎确认比肩性质有效；未命中真合化替换；完成source_id去重。；另有过旺失衡、压力下抢先启动、重复行为或缺少调节中的至少一项独立证据。,M3相关功能停止；真合化后原十神失效；仅有单一弱远无根信号；或现实反例明确显示该功能并不稳定出现。；旺而平衡且制化／通关有效。,由共享基础引擎提供；只修正承载与执行，不直接等同强弱人格。,由M2接口提供；夫妻星只参与关系议题权重，不单独生成盲点。,由M3-BASE与共享引擎提供；不得把日支直接写成配偶性格。,无／待后续规则组合,由共享基础引擎判定,由共享基础引擎判定,过旺失衡、抢先启动或现实重复证据；旺而平衡不自动成立。,喜忌只修正调用摩擦与平衡，不直接等同好坏。,原十神性质有效；真合化成立时按化神系统替换。,由共享基础引擎判定,84,K01候选 +8,imbalance_mechanism,比肩的正常功能在调用强度过高或长期抢先时，可能表现为：把平等机械化为所有付出、时间或让步都必须对称，容易进入比较、计较或防御性自证。,当这项方式被过度调用时，你可能更容易：把平等机械化为所有付出、时间或让步都必须对称，容易进入比较、计较或防御性自证。,不得推出用户自私、不会依赖、一定争强好胜或排斥亲密；是否形成竞争、防御或资源冲突需现实事件验证。,中,待验证,,provisional=true; ten_god=比肩; system=SYS01 比劫系统; m3_refs=I01／X01／CA01／BD01／CF01; imbalance=K01,0.2
M4-BASE-023,比肩｜K02功能不足候选,L2 十神失衡候选,BASE-十神功能,通用,失衡候选,比肩,K02 功能不足,M3或关系路径显示比肩对应功能为必要环节；该功能偏弱无助、受阻或长期缺少现实出口；无可靠替代通道。,该功能弱而有助；存在有效替代通道；现实行为显示此功能稳定可用。,由共享基础引擎提供；只修正承载与执行，不直接等同强弱人格。,由M2接口提供；夫妻星只参与关系议题权重，不单独生成盲点。,由M3-BASE与共享引擎提供；不得把日支直接写成配偶性格。,无／待后续规则组合,由共享基础引擎判定,由共享基础引擎判定,偏弱无助／转换受阻／现实缺位,喜忌只修正调用摩擦与平衡，不直接等同好坏。,原十神性质有效；真合化成立时按化神系统替换。,由共享基础引擎判定,83,K02候选 +8,missing_function,当比肩功能是关系路径的必要环节却缺少稳定出口时，可能出现：自身立场、拒绝或暂停执行通道不足，关系可能先跟随对方节奏，再回头复核自己。,另一项需要继续确认的功能是：自身立场、拒绝或暂停执行通道不足，关系可能先跟随对方节奏，再回头复核自己。,不得推出用户自私、不会依赖、一定争强好胜或排斥亲密；是否形成竞争、防御或资源冲突需现实事件验证。,中,待验证,,provisional=true; ten_god=比肩; system=SYS01 比劫系统; m3_refs=I01／X01／CA01／BD01／CF01; imbalance=K02,0.2
M4-BASE-024,比肩｜K03单通道替代候选,L2 十神失衡候选,BASE-十神功能,通用,组合候选,比肩,K03 单通道替代,M3中I01／X01／CA01／BD01／CF01至少一项对应功能可靠成立；共享引擎确认比肩性质有效；未命中真合化替换；完成source_id去重。；当前关系任务还需要另一系统功能，但该功能不足、延后或被比肩通道替代。,另一功能已经有效进入并形成分工；仅为同一功能的不同表述。,由共享基础引擎提供；只修正承载与执行，不直接等同强弱人格。,由M2接口提供；夫妻星只参与关系议题权重，不单独生成盲点。,由M3-BASE与共享引擎提供；不得把日支直接写成配偶性格。,比肩功能替代另一必要功能；需由后续OVERUSE确认,由共享基础引擎判定,由共享基础引擎判定,由共享基础引擎判定,喜忌只修正调用摩擦与平衡，不直接等同好坏。,原十神性质有效；真合化成立时按化神系统替换。,由共享基础引擎判定,82,K03候选 +6,imbalance_mechanism,用形式上的对等替代对现实差异、阶段差异和角色分工的理解。,需要留意的是，是否会出现：用形式上的对等替代对现实差异、阶段差异和角色分工的理解。,不得推出用户自私、不会依赖、一定争强好胜或排斥亲密；是否形成竞争、防御或资源冲突需现实事件验证。,中,待验证,,provisional=true; ten_god=比肩; system=SYS01 比劫系统; m3_refs=I01／X01／CA01／BD01／CF01; imbalance=K03,0.2
M4-BASE-025,比肩｜K04处理顺序错位候选,L2 十神失衡候选,BASE-十神功能,通用,路径候选,比肩,K04 处理顺序错位,M3中I01／X01／CA01／BD01／CF01至少一项对应功能可靠成立；共享引擎确认比肩性质有效；未命中真合化替换；完成source_id去重。；至少另一项功能真实存在，但在对应情境中进入过晚；有M3-FLOW或现实顺序证据。,只有静态五行生克而无现实／M3顺序证据；另一功能并非该情境必要。,由共享基础引擎提供；只修正承载与执行，不直接等同强弱人格。,由M2接口提供；夫妻星只参与关系议题权重，不单独生成盲点。,由M3-BASE与共享引擎提供；不得把日支直接写成配偶性格。,先强调各自权利或对等，再理解情境和需要；若后续缺少协商，容易把公平处理成机械对称。,由共享基础引擎判定,由共享基础引擎判定,由共享基础引擎判定,喜忌只修正调用摩擦与平衡，不直接等同好坏。,原十神性质有效；真合化成立时按化神系统替换。,由共享基础引擎判定,81,K04候选 +6,flow_path,先强调各自权利或对等，再理解情境和需要；若后续缺少协商，容易把公平处理成机械对称。,在处理顺序上，可能需要观察：先强调各自权利或对等，再理解情境和需要；若后续缺少协商，容易把公平处理成机械对称。,不得推出用户自私、不会依赖、一定争强好胜或排斥亲密；是否形成竞争、防御或资源冲突需现实事件验证。,中低,待验证,,provisional=true; ten_god=比肩; system=SYS01 比劫系统; m3_refs=I01／X01／CA01／BD01／CF01; imbalance=K04,0.2
M4-BASE-026,比肩｜调节与保护因子候选,L3 五系统与流向,BASE-十神功能,通用,保护候选,比肩,BF调节功能,正印／偏印帮助回到内部标准；食伤把边界说清；财官把平等落实为分工、责任和持续执行。；且调节信号有效、有根、位置可进入关系核心或现实行为已有支持。,调节信号仅结构存在但弱远无根；真合化后已失效；现实中未形成可调用行为。,由共享基础引擎提供；只修正承载与执行，不直接等同强弱人格。,由M2接口提供；夫妻星只参与关系议题权重，不单独生成盲点。,由M3-BASE与共享引擎提供；不得把日支直接写成配偶性格。,正印／偏印帮助回到内部标准；食伤把边界说清；财官把平等落实为分工、责任和持续执行。,由共享基础引擎判定,由共享基础引擎判定,由共享基础引擎判定,喜忌只修正调用摩擦与平衡，不直接等同好坏。,原十神性质有效；真合化成立时按化神系统替换。,由共享基础引擎判定,78,有效buffer −6至−10,buffer_factor,比肩失衡候选可由以下功能限制、补足或转换：正印／偏印帮助回到内部标准；食伤把边界说清；财官把平等落实为分工、责任和持续执行。,使这一候选减弱的条件包括：正印／偏印帮助回到内部标准；食伤把边界说清；财官把平等落实为分工、责任和持续执行。,保护因子存在不等于风险完全消失；不得把喜神或制化结构直接写成现实中一定成熟、一定会自我调节。,中,待验证,,provisional=true; ten_god=比肩; system=SYS01 比劫系统; m3_refs=I01／X01／CA01／BD01／CF01; subtype=buffer,0.2
M4-BASE-027,比肩｜盲点主题路由候选,L2 十神失衡候选,BASE-十神功能,通用,路由,比肩,B10 自主平等滑向竞争防御；B12 亲密与空间节奏失配候选。,对应正常功能已成立；至少一个K01—K06机制候选通过门控；完成独立证据与保护因子检查。,仅有十神标签；机制不明；保护因素足以中断；现实反例明显。,由共享基础引擎提供；只修正承载与执行，不直接等同强弱人格。,由M2接口提供；夫妻星只参与关系议题权重，不单独生成盲点。,由M3-BASE与共享引擎提供；不得把日支直接写成配偶性格。,无／待后续规则组合,由共享基础引擎判定,由共享基础引擎判定,由共享基础引擎判定,喜忌只修正调用摩擦与平衡，不直接等同好坏。,原十神性质有效；真合化成立时按化神系统替换。,由共享基础引擎判定,76,路由至后续MISREAD／OVERUSE，不在BASE定案,blind_spot_candidate,比肩在BASE阶段可路由至：B10 自主平等滑向竞争防御；B12 亲密与空间节奏失配候选。，但最终盲点主题由后续模块裁定。,当前可保留的盲点方向是：B10 自主平等滑向竞争防御；B12 亲密与空间节奏失配候选。；它仍需结合触发情境和真实互动验证。,不得推出用户自私、不会依赖、一定争强好胜或排斥亲密；是否形成竞争、防御或资源冲突需现实事件验证。,中低,待验证,,provisional=true; ten_god=比肩; system=SYS01 比劫系统; m3_refs=I01／X01／CA01／BD01／CF01; route_only=true,0.2
M4-BASE-028,比肩｜用户解释摘要,L8 输出与停止,BASE-十神功能,通用,输出,比肩,B10 自主平等滑向竞争防御；B12 亲密与空间节奏失配候选。,比肩功能进入最终或暂定BASE输出；至少E1成立。,该候选被停止、真合化替换或保护因素足以降至E0。,由共享基础引擎提供；只修正承载与执行，不直接等同强弱人格。,由M2接口提供；夫妻星只参与关系议题权重，不单独生成盲点。,由M3-BASE与共享引擎提供；不得把日支直接写成配偶性格。,无／待后续规则组合,由共享基础引擎判定,由共享基础引擎判定,由共享基础引擎判定,喜忌只修正调用摩擦与平衡，不直接等同好坏。,原十神性质有效；真合化成立时按化神系统替换。,由共享基础引擎判定,68,不加分；摘要,basis_summary,用“正常功能—需要留意—保护条件”的顺序输出比肩BASE结论。,你原本重视平等和自主，这有助于双方保留判断与参与权。需要留意的是，当关系压力增加时，是否会把“公平”收窄成必须完全对称，而忽略阶段、能力和角色上的合理差异。,不得推出用户自私、不会依赖、一定争强好胜或排斥亲密；是否形成竞争、防御或资源冲突需现实事件验证。,中,待验证,,provisional=true; ten_god=比肩; system=SYS01 比劫系统; m3_refs=I01／X01／CA01／BD01／CF01; summary_only=true,0.2
M4-BASE-029,劫财｜正常关系功能来源,L1 正常功能来源,BASE-十神功能,通用,基础,劫财,I02／X02／CA02／BD02／CF02,M3中I02／X02／CA02／BD02／CF02至少一项对应功能可靠成立；共享引擎确认劫财性质有效；未命中真合化替换；完成source_id去重。,M3相关功能停止；真合化后原十神失效；仅有单一弱远无根信号；或现实反例明确显示该功能并不稳定出现。,由共享基础引擎提供；只修正承载与执行，不直接等同强弱人格。,由M2接口提供；夫妻星只参与关系议题权重，不单独生成盲点。,由M3-BASE与共享引擎提供；不得把日支直接写成配偶性格。,无／待后续规则组合,由共享基础引擎判定,由共享基础引擎判定,由共享基础引擎判定,喜忌只修正调用摩擦与平衡，不直接等同好坏。,原十神性质有效；真合化成立时按化神系统替换。,由共享基础引擎判定,90,functional_origin +12（同源只计一次）,functional_origin,劫财在M4中的起点不是负面标签，而是：即时参与、共同执行、快速补位、调动资源和在行动中协调。,这项反应原本的功能是：即时参与、共同执行、快速补位、调动资源和在行动中协调。,不得推出抢夺、背叛、第三者、爱竞争或一定资源混乱；这里只判断参与与协作功能的结构候选。,中高,待验证,,provisional=true; ten_god=劫财; system=SYS01 比劫系统; m3_refs=I02／X02／CA02／BD02／CF02; subtype=normal,0.2
M4-BASE-030,劫财｜K01过用放大候选,L2 十神失衡候选,BASE-十神功能,通用,失衡候选,劫财,K01 过用放大,M3中I02／X02／CA02／BD02／CF02至少一项对应功能可靠成立；共享引擎确认劫财性质有效；未命中真合化替换；完成source_id去重。；另有过旺失衡、压力下抢先启动、重复行为或缺少调节中的至少一项独立证据。,M3相关功能停止；真合化后原十神失效；仅有单一弱远无根信号；或现实反例明确显示该功能并不稳定出现。；旺而平衡且制化／通关有效。,由共享基础引擎提供；只修正承载与执行，不直接等同强弱人格。,由M2接口提供；夫妻星只参与关系议题权重，不单独生成盲点。,由M3-BASE与共享引擎提供；不得把日支直接写成配偶性格。,无／待后续规则组合,由共享基础引擎判定,由共享基础引擎判定,过旺失衡、抢先启动或现实重复证据；旺而平衡不自动成立。,喜忌只修正调用摩擦与平衡，不直接等同好坏。,原十神性质有效；真合化成立时按化神系统替换。,由共享基础引擎判定,84,K01候选 +8,imbalance_mechanism,劫财的正常功能在调用强度过高或长期抢先时，可能表现为：过快卷入、抢先接管、把合作变成竞争，或让时间、资源与决定权边界变得模糊。,当这项方式被过度调用时，你可能更容易：过快卷入、抢先接管、把合作变成竞争，或让时间、资源与决定权边界变得模糊。,不得推出抢夺、背叛、第三者、爱竞争或一定资源混乱；这里只判断参与与协作功能的结构候选。,中,待验证,,provisional=true; ten_god=劫财; system=SYS01 比劫系统; m3_refs=I02／X02／CA02／BD02／CF02; imbalance=K01,0.2
M4-BASE-031,劫财｜K02功能不足候选,L2 十神失衡候选,BASE-十神功能,通用,失衡候选,劫财,K02 功能不足,M3或关系路径显示劫财对应功能为必要环节；该功能偏弱无助、受阻或长期缺少现实出口；无可靠替代通道。,该功能弱而有助；存在有效替代通道；现实行为显示此功能稳定可用。,由共享基础引擎提供；只修正承载与执行，不直接等同强弱人格。,由M2接口提供；夫妻星只参与关系议题权重，不单独生成盲点。,由M3-BASE与共享引擎提供；不得把日支直接写成配偶性格。,无／待后续规则组合,由共享基础引擎判定,由共享基础引擎判定,偏弱无助／转换受阻／现实缺位,喜忌只修正调用摩擦与平衡，不直接等同好坏。,原十神性质有效；真合化成立时按化神系统替换。,由共享基础引擎判定,83,K02候选 +8,missing_function,当劫财功能是关系路径的必要环节却缺少稳定出口时，可能出现：需要共同处理事情时难以迅速进入协作，或资源、行动与责任无法被及时动员。,另一项需要继续确认的功能是：需要共同处理事情时难以迅速进入协作，或资源、行动与责任无法被及时动员。,不得推出抢夺、背叛、第三者、爱竞争或一定资源混乱；这里只判断参与与协作功能的结构候选。,中,待验证,,provisional=true; ten_god=劫财; system=SYS01 比劫系统; m3_refs=I02／X02／CA02／BD02／CF02; imbalance=K02,0.2
M4-BASE-032,劫财｜K03单通道替代候选,L2 十神失衡候选,BASE-十神功能,通用,组合候选,劫财,K03 单通道替代,M3中I02／X02／CA02／BD02／CF02至少一项对应功能可靠成立；共享引擎确认劫财性质有效；未命中真合化替换；完成source_id去重。；当前关系任务还需要另一系统功能，但该功能不足、延后或被劫财通道替代。,另一功能已经有效进入并形成分工；仅为同一功能的不同表述。,由共享基础引擎提供；只修正承载与执行，不直接等同强弱人格。,由M2接口提供；夫妻星只参与关系议题权重，不单独生成盲点。,由M3-BASE与共享引擎提供；不得把日支直接写成配偶性格。,劫财功能替代另一必要功能；需由后续OVERUSE确认,由共享基础引擎判定,由共享基础引擎判定,由共享基础引擎判定,喜忌只修正调用摩擦与平衡，不直接等同好坏。,原十神性质有效；真合化成立时按化神系统替换。,由共享基础引擎判定,82,K03候选 +6,imbalance_mechanism,用参与强度和行动热度替代事前授权、角色分工和后续责任确认。,需要留意的是，是否会出现：用参与强度和行动热度替代事前授权、角色分工和后续责任确认。,不得推出抢夺、背叛、第三者、爱竞争或一定资源混乱；这里只判断参与与协作功能的结构候选。,中,待验证,,provisional=true; ten_god=劫财; system=SYS01 比劫系统; m3_refs=I02／X02／CA02／BD02／CF02; imbalance=K03,0.2
M4-BASE-033,劫财｜K04处理顺序错位候选,L2 十神失衡候选,BASE-十神功能,通用,路径候选,劫财,K04 处理顺序错位,M3中I02／X02／CA02／BD02／CF02至少一项对应功能可靠成立；共享引擎确认劫财性质有效；未命中真合化替换；完成source_id去重。；至少另一项功能真实存在，但在对应情境中进入过晚；有M3-FLOW或现实顺序证据。,只有静态五行生克而无现实／M3顺序证据；另一功能并非该情境必要。,由共享基础引擎提供；只修正承载与执行，不直接等同强弱人格。,由M2接口提供；夫妻星只参与关系议题权重，不单独生成盲点。,由M3-BASE与共享引擎提供；不得把日支直接写成配偶性格。,先加入、先行动，再补谈权限和分工；若缺少比肩或正官调节，容易出现谁负责、谁决定不清。,由共享基础引擎判定,由共享基础引擎判定,由共享基础引擎判定,喜忌只修正调用摩擦与平衡，不直接等同好坏。,原十神性质有效；真合化成立时按化神系统替换。,由共享基础引擎判定,81,K04候选 +6,flow_path,先加入、先行动，再补谈权限和分工；若缺少比肩或正官调节，容易出现谁负责、谁决定不清。,在处理顺序上，可能需要观察：先加入、先行动，再补谈权限和分工；若缺少比肩或正官调节，容易出现谁负责、谁决定不清。,不得推出抢夺、背叛、第三者、爱竞争或一定资源混乱；这里只判断参与与协作功能的结构候选。,中低,待验证,,provisional=true; ten_god=劫财; system=SYS01 比劫系统; m3_refs=I02／X02／CA02／BD02／CF02; imbalance=K04,0.2
M4-BASE-034,劫财｜调节与保护因子候选,L3 五系统与流向,BASE-十神功能,通用,保护候选,劫财,BF调节功能,比肩明确自主与权限；正官建立角色和责任；食伤补充反馈和协商。；且调节信号有效、有根、位置可进入关系核心或现实行为已有支持。,调节信号仅结构存在但弱远无根；真合化后已失效；现实中未形成可调用行为。,由共享基础引擎提供；只修正承载与执行，不直接等同强弱人格。,由M2接口提供；夫妻星只参与关系议题权重，不单独生成盲点。,由M3-BASE与共享引擎提供；不得把日支直接写成配偶性格。,比肩明确自主与权限；正官建立角色和责任；食伤补充反馈和协商。,由共享基础引擎判定,由共享基础引擎判定,由共享基础引擎判定,喜忌只修正调用摩擦与平衡，不直接等同好坏。,原十神性质有效；真合化成立时按化神系统替换。,由共享基础引擎判定,78,有效buffer −6至−10,buffer_factor,劫财失衡候选可由以下功能限制、补足或转换：比肩明确自主与权限；正官建立角色和责任；食伤补充反馈和协商。,使这一候选减弱的条件包括：比肩明确自主与权限；正官建立角色和责任；食伤补充反馈和协商。,保护因子存在不等于风险完全消失；不得把喜神或制化结构直接写成现实中一定成熟、一定会自我调节。,中,待验证,,provisional=true; ten_god=劫财; system=SYS01 比劫系统; m3_refs=I02／X02／CA02／BD02／CF02; subtype=buffer,0.2
M4-BASE-035,劫财｜盲点主题路由候选,L2 十神失衡候选,BASE-十神功能,通用,路由,劫财,B10 自主平等滑向竞争防御；B08 责任行动越过协商边界候选。,对应正常功能已成立；至少一个K01—K06机制候选通过门控；完成独立证据与保护因子检查。,仅有十神标签；机制不明；保护因素足以中断；现实反例明显。,由共享基础引擎提供；只修正承载与执行，不直接等同强弱人格。,由M2接口提供；夫妻星只参与关系议题权重，不单独生成盲点。,由M3-BASE与共享引擎提供；不得把日支直接写成配偶性格。,无／待后续规则组合,由共享基础引擎判定,由共享基础引擎判定,由共享基础引擎判定,喜忌只修正调用摩擦与平衡，不直接等同好坏。,原十神性质有效；真合化成立时按化神系统替换。,由共享基础引擎判定,76,路由至后续MISREAD／OVERUSE，不在BASE定案,blind_spot_candidate,劫财在BASE阶段可路由至：B10 自主平等滑向竞争防御；B08 责任行动越过协商边界候选。，但最终盲点主题由后续模块裁定。,当前可保留的盲点方向是：B10 自主平等滑向竞争防御；B08 责任行动越过协商边界候选。；它仍需结合触发情境和真实互动验证。,不得推出抢夺、背叛、第三者、爱竞争或一定资源混乱；这里只判断参与与协作功能的结构候选。,中低,待验证,,provisional=true; ten_god=劫财; system=SYS01 比劫系统; m3_refs=I02／X02／CA02／BD02／CF02; route_only=true,0.2
M4-BASE-036,劫财｜用户解释摘要,L8 输出与停止,BASE-十神功能,通用,输出,劫财,B10 自主平等滑向竞争防御；B08 责任行动越过协商边界候选。,劫财功能进入最终或暂定BASE输出；至少E1成立。,该候选被停止、真合化替换或保护因素足以降至E0。,由共享基础引擎提供；只修正承载与执行，不直接等同强弱人格。,由M2接口提供；夫妻星只参与关系议题权重，不单独生成盲点。,由M3-BASE与共享引擎提供；不得把日支直接写成配偶性格。,无／待后续规则组合,由共享基础引擎判定,由共享基础引擎判定,由共享基础引擎判定,喜忌只修正调用摩擦与平衡，不直接等同好坏。,原十神性质有效；真合化成立时按化神系统替换。,由共享基础引擎判定,68,不加分；摘要,basis_summary,用“正常功能—需要留意—保护条件”的顺序输出劫财BASE结论。,你原本擅长在需要时迅速加入、一起行动。需要留意的是，行动太快时，是否还来得及确认双方的权限、资源和责任，避免“参与很多”却让边界变得不清楚。,不得推出抢夺、背叛、第三者、爱竞争或一定资源混乱；这里只判断参与与协作功能的结构候选。,中,待验证,,provisional=true; ten_god=劫财; system=SYS01 比劫系统; m3_refs=I02／X02／CA02／BD02／CF02; summary_only=true,0.2
M4-BASE-037,食神｜正常关系功能来源,L1 正常功能来源,BASE-十神功能,通用,基础,食神,I03／X03／CA03／BD03／CF03,M3中I03／X03／CA03／BD03／CF03至少一项对应功能可靠成立；共享引擎确认食神性质有效；未命中真合化替换；完成source_id去重。,M3相关功能停止；真合化后原十神失效；仅有单一弱远无根信号；或现实反例明确显示该功能并不稳定出现。,由共享基础引擎提供；只修正承载与执行，不直接等同强弱人格。,由M2接口提供；夫妻星只参与关系议题权重，不单独生成盲点。,由M3-BASE与共享引擎提供；不得把日支直接写成配偶性格。,无／待后续规则组合,由共享基础引擎判定,由共享基础引擎判定,由共享基础引擎判定,喜忌只修正调用摩擦与平衡，不直接等同好坏。,原十神性质有效；真合化成立时按化神系统替换。,由共享基础引擎判定,90,functional_origin +12（同源只计一次）,functional_origin,食神在M4中的起点不是负面标签，而是：舒缓、陪伴、温和分享、降低压力并恢复双方可交流的状态。,这项反应原本的功能是：舒缓、陪伴、温和分享、降低压力并恢复双方可交流的状态。,不得推出用户逃避问题、懒散、只想享受或一定压抑矛盾；是否延后关键问题需结合现实顺序验证。,中高,待验证,,provisional=true; ten_god=食神; system=SYS02 食伤系统; m3_refs=I03／X03／CA03／BD03／CF03; subtype=normal,0.2
M4-BASE-038,食神｜K01过用放大候选,L2 十神失衡候选,BASE-十神功能,通用,失衡候选,食神,K01 过用放大,M3中I03／X03／CA03／BD03／CF03至少一项对应功能可靠成立；共享引擎确认食神性质有效；未命中真合化替换；完成source_id去重。；另有过旺失衡、压力下抢先启动、重复行为或缺少调节中的至少一项独立证据。,M3相关功能停止；真合化后原十神失效；仅有单一弱远无根信号；或现实反例明确显示该功能并不稳定出现。；旺而平衡且制化／通关有效。,由共享基础引擎提供；只修正承载与执行，不直接等同强弱人格。,由M2接口提供；夫妻星只参与关系议题权重，不单独生成盲点。,由M3-BASE与共享引擎提供；不得把日支直接写成配偶性格。,无／待后续规则组合,由共享基础引擎判定,由共享基础引擎判定,过旺失衡、抢先启动或现实重复证据；旺而平衡不自动成立。,喜忌只修正调用摩擦与平衡，不直接等同好坏。,原十神性质有效；真合化成立时按化神系统替换。,由共享基础引擎判定,84,K01候选 +8,imbalance_mechanism,食神的正常功能在调用强度过高或长期抢先时，可能表现为：为了维持舒服与和谐，延后关键问题、边界、承诺或现实安排。,当这项方式被过度调用时，你可能更容易：为了维持舒服与和谐，延后关键问题、边界、承诺或现实安排。,不得推出用户逃避问题、懒散、只想享受或一定压抑矛盾；是否延后关键问题需结合现实顺序验证。,中,待验证,,provisional=true; ten_god=食神; system=SYS02 食伤系统; m3_refs=I03／X03／CA03／BD03／CF03; imbalance=K01,0.2
M4-BASE-039,食神｜K02功能不足候选,L2 十神失衡候选,BASE-十神功能,通用,失衡候选,食神,K02 功能不足,M3或关系路径显示食神对应功能为必要环节；该功能偏弱无助、受阻或长期缺少现实出口；无可靠替代通道。,该功能弱而有助；存在有效替代通道；现实行为显示此功能稳定可用。,由共享基础引擎提供；只修正承载与执行，不直接等同强弱人格。,由M2接口提供；夫妻星只参与关系议题权重，不单独生成盲点。,由M3-BASE与共享引擎提供；不得把日支直接写成配偶性格。,无／待后续规则组合,由共享基础引擎判定,由共享基础引擎判定,偏弱无助／转换受阻／现实缺位,喜忌只修正调用摩擦与平衡，不直接等同好坏。,原十神性质有效；真合化成立时按化神系统替换。,由共享基础引擎判定,83,K02候选 +8,missing_function,当食神功能是关系路径的必要环节却缺少稳定出口时，可能出现：关系缺少低压力交流、降温和柔性表达，重要议题容易直接进入紧张或任务处理。,另一项需要继续确认的功能是：关系缺少低压力交流、降温和柔性表达，重要议题容易直接进入紧张或任务处理。,不得推出用户逃避问题、懒散、只想享受或一定压抑矛盾；是否延后关键问题需结合现实顺序验证。,中,待验证,,provisional=true; ten_god=食神; system=SYS02 食伤系统; m3_refs=I03／X03／CA03／BD03／CF03; imbalance=K02,0.2
M4-BASE-040,食神｜K03单通道替代候选,L2 十神失衡候选,BASE-十神功能,通用,组合候选,食神,K03 单通道替代,M3中I03／X03／CA03／BD03／CF03至少一项对应功能可靠成立；共享引擎确认食神性质有效；未命中真合化替换；完成source_id去重。；当前关系任务还需要另一系统功能，但该功能不足、延后或被食神通道替代。,另一功能已经有效进入并形成分工；仅为同一功能的不同表述。,由共享基础引擎提供；只修正承载与执行，不直接等同强弱人格。,由M2接口提供；夫妻星只参与关系议题权重，不单独生成盲点。,由M3-BASE与共享引擎提供；不得把日支直接写成配偶性格。,食神功能替代另一必要功能；需由后续OVERUSE确认,由共享基础引擎判定,由共享基础引擎判定,由共享基础引擎判定,喜忌只修正调用摩擦与平衡，不直接等同好坏。,原十神性质有效；真合化成立时按化神系统替换。,由共享基础引擎判定,82,K03候选 +6,imbalance_mechanism,用陪伴、好气氛或体贴照顾替代明确讨论和现实改变。,需要留意的是，是否会出现：用陪伴、好气氛或体贴照顾替代明确讨论和现实改变。,不得推出用户逃避问题、懒散、只想享受或一定压抑矛盾；是否延后关键问题需结合现实顺序验证。,中,待验证,,provisional=true; ten_god=食神; system=SYS02 食伤系统; m3_refs=I03／X03／CA03／BD03／CF03; imbalance=K03,0.2
M4-BASE-041,食神｜K04处理顺序错位候选,L2 十神失衡候选,BASE-十神功能,通用,路径候选,食神,K04 处理顺序错位,M3中I03／X03／CA03／BD03／CF03至少一项对应功能可靠成立；共享引擎确认食神性质有效；未命中真合化替换；完成source_id去重。；至少另一项功能真实存在，但在对应情境中进入过晚；有M3-FLOW或现实顺序证据。,只有静态五行生克而无现实／M3顺序证据；另一功能并非该情境必要。,由共享基础引擎提供；只修正承载与执行，不直接等同强弱人格。,由M2接口提供；夫妻星只参与关系议题权重，不单独生成盲点。,由M3-BASE与共享引擎提供；不得把日支直接写成配偶性格。,先安抚和恢复舒服，但没有回到核心问题；降温从过渡步骤变成议题终点。,由共享基础引擎判定,由共享基础引擎判定,由共享基础引擎判定,喜忌只修正调用摩擦与平衡，不直接等同好坏。,原十神性质有效；真合化成立时按化神系统替换。,由共享基础引擎判定,81,K04候选 +6,flow_path,先安抚和恢复舒服，但没有回到核心问题；降温从过渡步骤变成议题终点。,在处理顺序上，可能需要观察：先安抚和恢复舒服，但没有回到核心问题；降温从过渡步骤变成议题终点。,不得推出用户逃避问题、懒散、只想享受或一定压抑矛盾；是否延后关键问题需结合现实顺序验证。,中低,待验证,,provisional=true; ten_god=食神; system=SYS02 食伤系统; m3_refs=I03／X03／CA03／BD03／CF03; imbalance=K04,0.2
M4-BASE-042,食神｜调节与保护因子候选,L3 五系统与流向,BASE-十神功能,通用,保护候选,食神,BF调节功能,伤官把关键问题说清；正官形成后续安排；正财把共识落到稳定行动。；且调节信号有效、有根、位置可进入关系核心或现实行为已有支持。,调节信号仅结构存在但弱远无根；真合化后已失效；现实中未形成可调用行为。,由共享基础引擎提供；只修正承载与执行，不直接等同强弱人格。,由M2接口提供；夫妻星只参与关系议题权重，不单独生成盲点。,由M3-BASE与共享引擎提供；不得把日支直接写成配偶性格。,伤官把关键问题说清；正官形成后续安排；正财把共识落到稳定行动。,由共享基础引擎判定,由共享基础引擎判定,由共享基础引擎判定,喜忌只修正调用摩擦与平衡，不直接等同好坏。,原十神性质有效；真合化成立时按化神系统替换。,由共享基础引擎判定,78,有效buffer −6至−10,buffer_factor,食神失衡候选可由以下功能限制、补足或转换：伤官把关键问题说清；正官形成后续安排；正财把共识落到稳定行动。,使这一候选减弱的条件包括：伤官把关键问题说清；正官形成后续安排；正财把共识落到稳定行动。,保护因子存在不等于风险完全消失；不得把喜神或制化结构直接写成现实中一定成熟、一定会自我调节。,中,待验证,,provisional=true; ten_god=食神; system=SYS02 食伤系统; m3_refs=I03／X03／CA03／BD03／CF03; subtype=buffer,0.2
M4-BASE-043,食神｜盲点主题路由候选,L2 十神失衡候选,BASE-十神功能,通用,路由,食神,B11 舒适和谐延后关键问题；B14 问题结案但关系未修复候选。,对应正常功能已成立；至少一个K01—K06机制候选通过门控；完成独立证据与保护因子检查。,仅有十神标签；机制不明；保护因素足以中断；现实反例明显。,由共享基础引擎提供；只修正承载与执行，不直接等同强弱人格。,由M2接口提供；夫妻星只参与关系议题权重，不单独生成盲点。,由M3-BASE与共享引擎提供；不得把日支直接写成配偶性格。,无／待后续规则组合,由共享基础引擎判定,由共享基础引擎判定,由共享基础引擎判定,喜忌只修正调用摩擦与平衡，不直接等同好坏。,原十神性质有效；真合化成立时按化神系统替换。,由共享基础引擎判定,76,路由至后续MISREAD／OVERUSE，不在BASE定案,blind_spot_candidate,食神在BASE阶段可路由至：B11 舒适和谐延后关键问题；B14 问题结案但关系未修复候选。，但最终盲点主题由后续模块裁定。,当前可保留的盲点方向是：B11 舒适和谐延后关键问题；B14 问题结案但关系未修复候选。；它仍需结合触发情境和真实互动验证。,不得推出用户逃避问题、懒散、只想享受或一定压抑矛盾；是否延后关键问题需结合现实顺序验证。,中低,待验证,,provisional=true; ten_god=食神; system=SYS02 食伤系统; m3_refs=I03／X03／CA03／BD03／CF03; route_only=true,0.2
M4-BASE-044,食神｜用户解释摘要,L8 输出与停止,BASE-十神功能,通用,输出,食神,B11 舒适和谐延后关键问题；B14 问题结案但关系未修复候选。,食神功能进入最终或暂定BASE输出；至少E1成立。,该候选被停止、真合化替换或保护因素足以降至E0。,由共享基础引擎提供；只修正承载与执行，不直接等同强弱人格。,由M2接口提供；夫妻星只参与关系议题权重，不单独生成盲点。,由M3-BASE与共享引擎提供；不得把日支直接写成配偶性格。,无／待后续规则组合,由共享基础引擎判定,由共享基础引擎判定,由共享基础引擎判定,喜忌只修正调用摩擦与平衡，不直接等同好坏。,原十神性质有效；真合化成立时按化神系统替换。,由共享基础引擎判定,68,不加分；摘要,basis_summary,用“正常功能—需要留意—保护条件”的顺序输出食神BASE结论。,你原本会通过温和、陪伴和舒适氛围降低关系压力。需要留意的是，舒服下来以后，双方是否真的回到关键议题，而不是让“先别破坏气氛”长期替代必要的说明和调整。,不得推出用户逃避问题、懒散、只想享受或一定压抑矛盾；是否延后关键问题需结合现实顺序验证。,中,待验证,,provisional=true; ten_god=食神; system=SYS02 食伤系统; m3_refs=I03／X03／CA03／BD03／CF03; summary_only=true,0.2
M4-BASE-045,伤官｜正常关系功能来源,L1 正常功能来源,BASE-十神功能,通用,基础,伤官,I04／X04／CA04／BD04／CF04,M3中I04／X04／CA04／BD04／CF04至少一项对应功能可靠成立；共享引擎确认伤官性质有效；未命中真合化替换；完成source_id去重。,M3相关功能停止；真合化后原十神失效；仅有单一弱远无根信号；或现实反例明确显示该功能并不稳定出现。,由共享基础引擎提供；只修正承载与执行，不直接等同强弱人格。,由M2接口提供；夫妻星只参与关系议题权重，不单独生成盲点。,由M3-BASE与共享引擎提供；不得把日支直接写成配偶性格。,无／待后续规则组合,由共享基础引擎判定,由共享基础引擎判定,由共享基础引擎判定,喜忌只修正调用摩擦与平衡，不直接等同好坏。,原十神性质有效；真合化成立时按化神系统替换。,由共享基础引擎判定,90,functional_origin +12（同源只计一次）,functional_origin,伤官在M4中的起点不是负面标签，而是：分析、澄清、表达、提问、交换观点并把复杂问题说清楚。,这项反应原本的功能是：分析、澄清、表达、提问、交换观点并把复杂问题说清楚。,不得推出刻薄、爱批评、婚姻不顺或一定言语伤人；是否形成解释过载需现实反馈验证。,中高,待验证,,provisional=true; ten_god=伤官; system=SYS02 食伤系统; m3_refs=I04／X04／CA04／BD04／CF04; subtype=normal,0.2
M4-BASE-046,伤官｜K01过用放大候选,L2 十神失衡候选,BASE-十神功能,通用,失衡候选,伤官,K01 过用放大,M3中I04／X04／CA04／BD04／CF04至少一项对应功能可靠成立；共享引擎确认伤官性质有效；未命中真合化替换；完成source_id去重。；另有过旺失衡、压力下抢先启动、重复行为或缺少调节中的至少一项独立证据。,M3相关功能停止；真合化后原十神失效；仅有单一弱远无根信号；或现实反例明确显示该功能并不稳定出现。；旺而平衡且制化／通关有效。,由共享基础引擎提供；只修正承载与执行，不直接等同强弱人格。,由M2接口提供；夫妻星只参与关系议题权重，不单独生成盲点。,由M3-BASE与共享引擎提供；不得把日支直接写成配偶性格。,无／待后续规则组合,由共享基础引擎判定,由共享基础引擎判定,过旺失衡、抢先启动或现实重复证据；旺而平衡不自动成立。,喜忌只修正调用摩擦与平衡，不直接等同好坏。,原十神性质有效；真合化成立时按化神系统替换。,由共享基础引擎判定,84,K01候选 +8,imbalance_mechanism,伤官的正常功能在调用强度过高或长期抢先时，可能表现为：解释和分析不断增加，但倾听、情绪承接或现实落实没有同步进入。,当这项方式被过度调用时，你可能更容易：解释和分析不断增加，但倾听、情绪承接或现实落实没有同步进入。,不得推出刻薄、爱批评、婚姻不顺或一定言语伤人；是否形成解释过载需现实反馈验证。,中,待验证,,provisional=true; ten_god=伤官; system=SYS02 食伤系统; m3_refs=I04／X04／CA04／BD04／CF04; imbalance=K01,0.2
M4-BASE-047,伤官｜K02功能不足候选,L2 十神失衡候选,BASE-十神功能,通用,失衡候选,伤官,K02 功能不足,M3或关系路径显示伤官对应功能为必要环节；该功能偏弱无助、受阻或长期缺少现实出口；无可靠替代通道。,该功能弱而有助；存在有效替代通道；现实行为显示此功能稳定可用。,由共享基础引擎提供；只修正承载与执行，不直接等同强弱人格。,由M2接口提供；夫妻星只参与关系议题权重，不单独生成盲点。,由M3-BASE与共享引擎提供；不得把日支直接写成配偶性格。,无／待后续规则组合,由共享基础引擎判定,由共享基础引擎判定,偏弱无助／转换受阻／现实缺位,喜忌只修正调用摩擦与平衡，不直接等同好坏。,原十神性质有效；真合化成立时按化神系统替换。,由共享基础引擎判定,83,K02候选 +8,missing_function,当伤官功能是关系路径的必要环节却缺少稳定出口时，可能出现：需求、感受或关键事实难以清楚表达，对方只能从行动、沉默或情绪间接猜测。,另一项需要继续确认的功能是：需求、感受或关键事实难以清楚表达，对方只能从行动、沉默或情绪间接猜测。,不得推出刻薄、爱批评、婚姻不顺或一定言语伤人；是否形成解释过载需现实反馈验证。,中,待验证,,provisional=true; ten_god=伤官; system=SYS02 食伤系统; m3_refs=I04／X04／CA04／BD04／CF04; imbalance=K02,0.2
M4-BASE-048,伤官｜K03单通道替代候选,L2 十神失衡候选,BASE-十神功能,通用,组合候选,伤官,K03 单通道替代,M3中I04／X04／CA04／BD04／CF04至少一项对应功能可靠成立；共享引擎确认伤官性质有效；未命中真合化替换；完成source_id去重。；当前关系任务还需要另一系统功能，但该功能不足、延后或被伤官通道替代。,另一功能已经有效进入并形成分工；仅为同一功能的不同表述。,由共享基础引擎提供；只修正承载与执行，不直接等同强弱人格。,由M2接口提供；夫妻星只参与关系议题权重，不单独生成盲点。,由M3-BASE与共享引擎提供；不得把日支直接写成配偶性格。,伤官功能替代另一必要功能；需由后续OVERUSE确认,由共享基础引擎判定,由共享基础引擎判定,由共享基础引擎判定,喜忌只修正调用摩擦与平衡，不直接等同好坏。,原十神性质有效；真合化成立时按化神系统替换。,由共享基础引擎判定,82,K03候选 +6,imbalance_mechanism,把“我已经说清楚”当成“对方已经被理解、关系已经形成共识”。,需要留意的是，是否会出现：把“我已经说清楚”当成“对方已经被理解、关系已经形成共识”。,不得推出刻薄、爱批评、婚姻不顺或一定言语伤人；是否形成解释过载需现实反馈验证。,中,待验证,,provisional=true; ten_god=伤官; system=SYS02 食伤系统; m3_refs=I04／X04／CA04／BD04／CF04; imbalance=K03,0.2
M4-BASE-049,伤官｜K04处理顺序错位候选,L2 十神失衡候选,BASE-十神功能,通用,路径候选,伤官,K04 处理顺序错位,M3中I04／X04／CA04／BD04／CF04至少一项对应功能可靠成立；共享引擎确认伤官性质有效；未命中真合化替换；完成source_id去重。；至少另一项功能真实存在，但在对应情境中进入过晚；有M3-FLOW或现实顺序证据。,只有静态五行生克而无现实／M3顺序证据；另一功能并非该情境必要。,由共享基础引擎提供；只修正承载与执行，不直接等同强弱人格。,由M2接口提供；夫妻星只参与关系议题权重，不单独生成盲点。,由M3-BASE与共享引擎提供；不得把日支直接写成配偶性格。,在情绪尚未被承接或安全尚未恢复时，先讲逻辑、规则或完整论证。,由共享基础引擎判定,由共享基础引擎判定,由共享基础引擎判定,喜忌只修正调用摩擦与平衡，不直接等同好坏。,原十神性质有效；真合化成立时按化神系统替换。,由共享基础引擎判定,81,K04候选 +6,flow_path,在情绪尚未被承接或安全尚未恢复时，先讲逻辑、规则或完整论证。,在处理顺序上，可能需要观察：在情绪尚未被承接或安全尚未恢复时，先讲逻辑、规则或完整论证。,不得推出刻薄、爱批评、婚姻不顺或一定言语伤人；是否形成解释过载需现实反馈验证。,中低,待验证,,provisional=true; ten_god=伤官; system=SYS02 食伤系统; m3_refs=I04／X04／CA04／BD04／CF04; imbalance=K04,0.2
M4-BASE-050,伤官｜调节与保护因子候选,L3 五系统与流向,BASE-十神功能,通用,保护候选,伤官,BF调节功能,正印负责倾听与承接；财星把语言转成行动；官杀把共识转成责任和后续安排。；且调节信号有效、有根、位置可进入关系核心或现实行为已有支持。,调节信号仅结构存在但弱远无根；真合化后已失效；现实中未形成可调用行为。,由共享基础引擎提供；只修正承载与执行，不直接等同强弱人格。,由M2接口提供；夫妻星只参与关系议题权重，不单独生成盲点。,由M3-BASE与共享引擎提供；不得把日支直接写成配偶性格。,正印负责倾听与承接；财星把语言转成行动；官杀把共识转成责任和后续安排。,由共享基础引擎判定,由共享基础引擎判定,由共享基础引擎判定,喜忌只修正调用摩擦与平衡，不直接等同好坏。,原十神性质有效；真合化成立时按化神系统替换。,由共享基础引擎判定,78,有效buffer −6至−10,buffer_factor,伤官失衡候选可由以下功能限制、补足或转换：正印负责倾听与承接；财星把语言转成行动；官杀把共识转成责任和后续安排。,使这一候选减弱的条件包括：正印负责倾听与承接；财星把语言转成行动；官杀把共识转成责任和后续安排。,保护因子存在不等于风险完全消失；不得把喜神或制化结构直接写成现实中一定成熟、一定会自我调节。,中,待验证,,provisional=true; ten_god=伤官; system=SYS02 食伤系统; m3_refs=I04／X04／CA04／BD04／CF04; subtype=buffer,0.2
M4-BASE-051,伤官｜盲点主题路由候选,L2 十神失衡候选,BASE-十神功能,通用,路由,伤官,B05 表达充分替代理解完成；B06 解决问题替代情绪处理候选。,对应正常功能已成立；至少一个K01—K06机制候选通过门控；完成独立证据与保护因子检查。,仅有十神标签；机制不明；保护因素足以中断；现实反例明显。,由共享基础引擎提供；只修正承载与执行，不直接等同强弱人格。,由M2接口提供；夫妻星只参与关系议题权重，不单独生成盲点。,由M3-BASE与共享引擎提供；不得把日支直接写成配偶性格。,无／待后续规则组合,由共享基础引擎判定,由共享基础引擎判定,由共享基础引擎判定,喜忌只修正调用摩擦与平衡，不直接等同好坏。,原十神性质有效；真合化成立时按化神系统替换。,由共享基础引擎判定,76,路由至后续MISREAD／OVERUSE，不在BASE定案,blind_spot_candidate,伤官在BASE阶段可路由至：B05 表达充分替代理解完成；B06 解决问题替代情绪处理候选。，但最终盲点主题由后续模块裁定。,当前可保留的盲点方向是：B05 表达充分替代理解完成；B06 解决问题替代情绪处理候选。；它仍需结合触发情境和真实互动验证。,不得推出刻薄、爱批评、婚姻不顺或一定言语伤人；是否形成解释过载需现实反馈验证。,中低,待验证,,provisional=true; ten_god=伤官; system=SYS02 食伤系统; m3_refs=I04／X04／CA04／BD04／CF04; route_only=true,0.2
M4-BASE-052,伤官｜用户解释摘要,L8 输出与停止,BASE-十神功能,通用,输出,伤官,B05 表达充分替代理解完成；B06 解决问题替代情绪处理候选。,伤官功能进入最终或暂定BASE输出；至少E1成立。,该候选被停止、真合化替换或保护因素足以降至E0。,由共享基础引擎提供；只修正承载与执行，不直接等同强弱人格。,由M2接口提供；夫妻星只参与关系议题权重，不单独生成盲点。,由M3-BASE与共享引擎提供；不得把日支直接写成配偶性格。,无／待后续规则组合,由共享基础引擎判定,由共享基础引擎判定,由共享基础引擎判定,喜忌只修正调用摩擦与平衡，不直接等同好坏。,原十神性质有效；真合化成立时按化神系统替换。,由共享基础引擎判定,68,不加分；摘要,basis_summary,用“正常功能—需要留意—保护条件”的顺序输出伤官BASE结论。,你原本有把事情分析清楚、把想法说明白的能力。需要留意的是，表达完整、对方听见、情绪被理解和现实达成共识，其实是不同步骤；说得更多不一定等于理解更深。,不得推出刻薄、爱批评、婚姻不顺或一定言语伤人；是否形成解释过载需现实反馈验证。,中,待验证,,provisional=true; ten_god=伤官; system=SYS02 食伤系统; m3_refs=I04／X04／CA04／BD04／CF04; summary_only=true,0.2
M4-BASE-053,正财｜正常关系功能来源,L1 正常功能来源,BASE-十神功能,通用,基础,正财,I05／X05／CA05／BD05／CF05,M3中I05／X05／CA05／BD05／CF05至少一项对应功能可靠成立；共享引擎确认正财性质有效；未命中真合化替换；完成source_id去重。,M3相关功能停止；真合化后原十神失效；仅有单一弱远无根信号；或现实反例明确显示该功能并不稳定出现。,由共享基础引擎提供；只修正承载与执行，不直接等同强弱人格。,由M2接口提供；夫妻星只参与关系议题权重，不单独生成盲点。,由M3-BASE与共享引擎提供；不得把日支直接写成配偶性格。,无／待后续规则组合,由共享基础引擎判定,由共享基础引擎判定,由共享基础引擎判定,喜忌只修正调用摩擦与平衡，不直接等同好坏。,原十神性质有效；真合化成立时按化神系统替换。,由共享基础引擎判定,90,functional_origin +12（同源只计一次）,functional_origin,正财在M4中的起点不是负面标签，而是：持续投入、生活经营、时间资源安排、稳定落实和日常责任。,这项反应原本的功能是：持续投入、生活经营、时间资源安排、稳定落实和日常责任。,不得推出只看钱、控制资源、计较或一定过度付出；投入与隐性记账需由现实行为验证。,中高,待验证,,provisional=true; ten_god=正财; system=SYS03 财星系统; m3_refs=I05／X05／CA05／BD05／CF05; subtype=normal,0.2
M4-BASE-054,正财｜K01过用放大候选,L2 十神失衡候选,BASE-十神功能,通用,失衡候选,正财,K01 过用放大,M3中I05／X05／CA05／BD05／CF05至少一项对应功能可靠成立；共享引擎确认正财性质有效；未命中真合化替换；完成source_id去重。；另有过旺失衡、压力下抢先启动、重复行为或缺少调节中的至少一项独立证据。,M3相关功能停止；真合化后原十神失效；仅有单一弱远无根信号；或现实反例明确显示该功能并不稳定出现。；旺而平衡且制化／通关有效。,由共享基础引擎提供；只修正承载与执行，不直接等同强弱人格。,由M2接口提供；夫妻星只参与关系议题权重，不单独生成盲点。,由M3-BASE与共享引擎提供；不得把日支直接写成配偶性格。,无／待后续规则组合,由共享基础引擎判定,由共享基础引擎判定,过旺失衡、抢先启动或现实重复证据；旺而平衡不自动成立。,喜忌只修正调用摩擦与平衡，不直接等同好坏。,原十神性质有效；真合化成立时按化神系统替换。,由共享基础引擎判定,84,K01候选 +8,imbalance_mechanism,正财的正常功能在调用强度过高或长期抢先时，可能表现为：把付出数量、任务完成或资源投入当成关系质量，形成隐性记账或用事务替代情绪交流。,当这项方式被过度调用时，你可能更容易：把付出数量、任务完成或资源投入当成关系质量，形成隐性记账或用事务替代情绪交流。,不得推出只看钱、控制资源、计较或一定过度付出；投入与隐性记账需由现实行为验证。,中,待验证,,provisional=true; ten_god=正财; system=SYS03 财星系统; m3_refs=I05／X05／CA05／BD05／CF05; imbalance=K01,0.2
M4-BASE-055,正财｜K02功能不足候选,L2 十神失衡候选,BASE-十神功能,通用,失衡候选,正财,K02 功能不足,M3或关系路径显示正财对应功能为必要环节；该功能偏弱无助、受阻或长期缺少现实出口；无可靠替代通道。,该功能弱而有助；存在有效替代通道；现实行为显示此功能稳定可用。,由共享基础引擎提供；只修正承载与执行，不直接等同强弱人格。,由M2接口提供；夫妻星只参与关系议题权重，不单独生成盲点。,由M3-BASE与共享引擎提供；不得把日支直接写成配偶性格。,无／待后续规则组合,由共享基础引擎判定,由共享基础引擎判定,偏弱无助／转换受阻／现实缺位,喜忌只修正调用摩擦与平衡，不直接等同好坏。,原十神性质有效；真合化成立时按化神系统替换。,由共享基础引擎判定,83,K02候选 +8,missing_function,当正财功能是关系路径的必要环节却缺少稳定出口时，可能出现：语言和承诺存在，但时间、资源、计划和日常行动难以持续落实。,另一项需要继续确认的功能是：语言和承诺存在，但时间、资源、计划和日常行动难以持续落实。,不得推出只看钱、控制资源、计较或一定过度付出；投入与隐性记账需由现实行为验证。,中,待验证,,provisional=true; ten_god=正财; system=SYS03 财星系统; m3_refs=I05／X05／CA05／BD05／CF05; imbalance=K02,0.2
M4-BASE-056,正财｜K03单通道替代候选,L2 十神失衡候选,BASE-十神功能,通用,组合候选,正财,K03 单通道替代,M3中I05／X05／CA05／BD05／CF05至少一项对应功能可靠成立；共享引擎确认正财性质有效；未命中真合化替换；完成source_id去重。；当前关系任务还需要另一系统功能，但该功能不足、延后或被正财通道替代。,另一功能已经有效进入并形成分工；仅为同一功能的不同表述。,由共享基础引擎提供；只修正承载与执行，不直接等同强弱人格。,由M2接口提供；夫妻星只参与关系议题权重，不单独生成盲点。,由M3-BASE与共享引擎提供；不得把日支直接写成配偶性格。,正财功能替代另一必要功能；需由后续OVERUSE确认,由共享基础引擎判定,由共享基础引擎判定,由共享基础引擎判定,喜忌只修正调用摩擦与平衡，不直接等同好坏。,原十神性质有效；真合化成立时按化神系统替换。,由共享基础引擎判定,82,K03候选 +6,imbalance_mechanism,用帮忙、安排、花费或承担事务替代承诺、沟通或情绪处理。,需要留意的是，是否会出现：用帮忙、安排、花费或承担事务替代承诺、沟通或情绪处理。,不得推出只看钱、控制资源、计较或一定过度付出；投入与隐性记账需由现实行为验证。,中,待验证,,provisional=true; ten_god=正财; system=SYS03 财星系统; m3_refs=I05／X05／CA05／BD05／CF05; imbalance=K03,0.2
M4-BASE-057,正财｜K04处理顺序错位候选,L2 十神失衡候选,BASE-十神功能,通用,路径候选,正财,K04 处理顺序错位,M3中I05／X05／CA05／BD05／CF05至少一项对应功能可靠成立；共享引擎确认正财性质有效；未命中真合化替换；完成source_id去重。；至少另一项功能真实存在，但在对应情境中进入过晚；有M3-FLOW或现实顺序证据。,只有静态五行生克而无现实／M3顺序证据；另一功能并非该情境必要。,由共享基础引擎提供；只修正承载与执行，不直接等同强弱人格。,由M2接口提供；夫妻星只参与关系议题权重，不单独生成盲点。,由M3-BASE与共享引擎提供；不得把日支直接写成配偶性格。,先增加现实投入，再等待对方自动理解自己的需要；关键期待没有被明确说出。,由共享基础引擎判定,由共享基础引擎判定,由共享基础引擎判定,喜忌只修正调用摩擦与平衡，不直接等同好坏。,原十神性质有效；真合化成立时按化神系统替换。,由共享基础引擎判定,81,K04候选 +6,flow_path,先增加现实投入，再等待对方自动理解自己的需要；关键期待没有被明确说出。,在处理顺序上，可能需要观察：先增加现实投入，再等待对方自动理解自己的需要；关键期待没有被明确说出。,不得推出只看钱、控制资源、计较或一定过度付出；投入与隐性记账需由现实行为验证。,中低,待验证,,provisional=true; ten_god=正财; system=SYS03 财星系统; m3_refs=I05／X05／CA05／BD05／CF05; imbalance=K04,0.2
M4-BASE-058,正财｜调节与保护因子候选,L3 五系统与流向,BASE-十神功能,通用,保护候选,正财,BF调节功能,比劫明确资源与分工边界；官杀确认责任和承诺；印星检查投入是否真正回应情绪和安全需要。；且调节信号有效、有根、位置可进入关系核心或现实行为已有支持。,调节信号仅结构存在但弱远无根；真合化后已失效；现实中未形成可调用行为。,由共享基础引擎提供；只修正承载与执行，不直接等同强弱人格。,由M2接口提供；夫妻星只参与关系议题权重，不单独生成盲点。,由M3-BASE与共享引擎提供；不得把日支直接写成配偶性格。,比劫明确资源与分工边界；官杀确认责任和承诺；印星检查投入是否真正回应情绪和安全需要。,由共享基础引擎判定,由共享基础引擎判定,由共享基础引擎判定,喜忌只修正调用摩擦与平衡，不直接等同好坏。,原十神性质有效；真合化成立时按化神系统替换。,由共享基础引擎判定,78,有效buffer −6至−10,buffer_factor,正财失衡候选可由以下功能限制、补足或转换：比劫明确资源与分工边界；官杀确认责任和承诺；印星检查投入是否真正回应情绪和安全需要。,使这一候选减弱的条件包括：比劫明确资源与分工边界；官杀确认责任和承诺；印星检查投入是否真正回应情绪和安全需要。,保护因子存在不等于风险完全消失；不得把喜神或制化结构直接写成现实中一定成熟、一定会自我调节。,中,待验证,,provisional=true; ten_god=正财; system=SYS03 财星系统; m3_refs=I05／X05／CA05／BD05／CF05; subtype=buffer,0.2
M4-BASE-059,正财｜盲点主题路由候选,L2 十神失衡候选,BASE-十神功能,通用,路由,正财,B07 付出投入替代承诺责任；B06 解决问题替代情绪处理候选。,对应正常功能已成立；至少一个K01—K06机制候选通过门控；完成独立证据与保护因子检查。,仅有十神标签；机制不明；保护因素足以中断；现实反例明显。,由共享基础引擎提供；只修正承载与执行，不直接等同强弱人格。,由M2接口提供；夫妻星只参与关系议题权重，不单独生成盲点。,由M3-BASE与共享引擎提供；不得把日支直接写成配偶性格。,无／待后续规则组合,由共享基础引擎判定,由共享基础引擎判定,由共享基础引擎判定,喜忌只修正调用摩擦与平衡，不直接等同好坏。,原十神性质有效；真合化成立时按化神系统替换。,由共享基础引擎判定,76,路由至后续MISREAD／OVERUSE，不在BASE定案,blind_spot_candidate,正财在BASE阶段可路由至：B07 付出投入替代承诺责任；B06 解决问题替代情绪处理候选。，但最终盲点主题由后续模块裁定。,当前可保留的盲点方向是：B07 付出投入替代承诺责任；B06 解决问题替代情绪处理候选。；它仍需结合触发情境和真实互动验证。,不得推出只看钱、控制资源、计较或一定过度付出；投入与隐性记账需由现实行为验证。,中低,待验证,,provisional=true; ten_god=正财; system=SYS03 财星系统; m3_refs=I05／X05／CA05／BD05／CF05; route_only=true,0.2
M4-BASE-060,正财｜用户解释摘要,L8 输出与停止,BASE-十神功能,通用,输出,正财,B07 付出投入替代承诺责任；B06 解决问题替代情绪处理候选。,正财功能进入最终或暂定BASE输出；至少E1成立。,该候选被停止、真合化替换或保护因素足以降至E0。,由共享基础引擎提供；只修正承载与执行，不直接等同强弱人格。,由M2接口提供；夫妻星只参与关系议题权重，不单独生成盲点。,由M3-BASE与共享引擎提供；不得把日支直接写成配偶性格。,无／待后续规则组合,由共享基础引擎判定,由共享基础引擎判定,由共享基础引擎判定,喜忌只修正调用摩擦与平衡，不直接等同好坏。,原十神性质有效；真合化成立时按化神系统替换。,由共享基础引擎判定,68,不加分；摘要,basis_summary,用“正常功能—需要留意—保护条件”的顺序输出正财BASE结论。,你原本会通过稳定投入和现实安排经营关系。需要留意的是，做了很多、花了很多时间或承担了很多事务，并不自动等于双方已经说清期待、承诺和回馈方式。,不得推出只看钱、控制资源、计较或一定过度付出；投入与隐性记账需由现实行为验证。,中,待验证,,provisional=true; ten_god=正财; system=SYS03 财星系统; m3_refs=I05／X05／CA05／BD05／CF05; summary_only=true,0.2
M4-BASE-061,偏财｜正常关系功能来源,L1 正常功能来源,BASE-十神功能,通用,基础,偏财,I06／X06／CA06／BD06／CF06,M3中I06／X06／CA06／BD06／CF06至少一项对应功能可靠成立；共享引擎确认偏财性质有效；未命中真合化替换；完成source_id去重。,M3相关功能停止；真合化后原十神失效；仅有单一弱远无根信号；或现实反例明确显示该功能并不稳定出现。,由共享基础引擎提供；只修正承载与执行，不直接等同强弱人格。,由M2接口提供；夫妻星只参与关系议题权重，不单独生成盲点。,由M3-BASE与共享引擎提供；不得把日支直接写成配偶性格。,无／待后续规则组合,由共享基础引擎判定,由共享基础引擎判定,由共享基础引擎判定,喜忌只修正调用摩擦与平衡，不直接等同好坏。,原十神性质有效；真合化成立时按化神系统替换。,由共享基础引擎判定,90,functional_origin +12（同源只计一次）,functional_origin,偏财在M4中的起点不是负面标签，而是：灵活投入、共同体验、社交互动、即时便利和根据情境调整资源。,这项反应原本的功能是：灵活投入、共同体验、社交互动、即时便利和根据情境调整资源。,不得推出花心、关系多、爱玩或一定投入分散；是否缺少落地和持续性需要现实证据。,中高,待验证,,provisional=true; ten_god=偏财; system=SYS03 财星系统; m3_refs=I06／X06／CA06／BD06／CF06; subtype=normal,0.2
M4-BASE-062,偏财｜K01过用放大候选,L2 十神失衡候选,BASE-十神功能,通用,失衡候选,偏财,K01 过用放大,M3中I06／X06／CA06／BD06／CF06至少一项对应功能可靠成立；共享引擎确认偏财性质有效；未命中真合化替换；完成source_id去重。；另有过旺失衡、压力下抢先启动、重复行为或缺少调节中的至少一项独立证据。,M3相关功能停止；真合化后原十神失效；仅有单一弱远无根信号；或现实反例明确显示该功能并不稳定出现。；旺而平衡且制化／通关有效。,由共享基础引擎提供；只修正承载与执行，不直接等同强弱人格。,由M2接口提供；夫妻星只参与关系议题权重，不单独生成盲点。,由M3-BASE与共享引擎提供；不得把日支直接写成配偶性格。,无／待后续规则组合,由共享基础引擎判定,由共享基础引擎判定,过旺失衡、抢先启动或现实重复证据；旺而平衡不自动成立。,喜忌只修正调用摩擦与平衡，不直接等同好坏。,原十神性质有效；真合化成立时按化神系统替换。,由共享基础引擎判定,84,K01候选 +8,imbalance_mechanism,偏财的正常功能在调用强度过高或长期抢先时，可能表现为：把互动热度、氛围、新鲜体验或一次性投入当成稳定关系证据，或投入方向过于分散。,当这项方式被过度调用时，你可能更容易：把互动热度、氛围、新鲜体验或一次性投入当成稳定关系证据，或投入方向过于分散。,不得推出花心、关系多、爱玩或一定投入分散；是否缺少落地和持续性需要现实证据。,中,待验证,,provisional=true; ten_god=偏财; system=SYS03 财星系统; m3_refs=I06／X06／CA06／BD06／CF06; imbalance=K01,0.2
M4-BASE-063,偏财｜K02功能不足候选,L2 十神失衡候选,BASE-十神功能,通用,失衡候选,偏财,K02 功能不足,M3或关系路径显示偏财对应功能为必要环节；该功能偏弱无助、受阻或长期缺少现实出口；无可靠替代通道。,该功能弱而有助；存在有效替代通道；现实行为显示此功能稳定可用。,由共享基础引擎提供；只修正承载与执行，不直接等同强弱人格。,由M2接口提供；夫妻星只参与关系议题权重，不单独生成盲点。,由M3-BASE与共享引擎提供；不得把日支直接写成配偶性格。,无／待后续规则组合,由共享基础引擎判定,由共享基础引擎判定,偏弱无助／转换受阻／现实缺位,喜忌只修正调用摩擦与平衡，不直接等同好坏。,原十神性质有效；真合化成立时按化神系统替换。,由共享基础引擎判定,83,K02候选 +8,missing_function,当偏财功能是关系路径的必要环节却缺少稳定出口时，可能出现：关系缺少灵活回应、共同体验和现实活力，容易只剩规则或任务。,另一项需要继续确认的功能是：关系缺少灵活回应、共同体验和现实活力，容易只剩规则或任务。,不得推出花心、关系多、爱玩或一定投入分散；是否缺少落地和持续性需要现实证据。,中,待验证,,provisional=true; ten_god=偏财; system=SYS03 财星系统; m3_refs=I06／X06／CA06／BD06／CF06; imbalance=K02,0.2
M4-BASE-064,偏财｜K03单通道替代候选,L2 十神失衡候选,BASE-十神功能,通用,组合候选,偏财,K03 单通道替代,M3中I06／X06／CA06／BD06／CF06至少一项对应功能可靠成立；共享引擎确认偏财性质有效；未命中真合化替换；完成source_id去重。；当前关系任务还需要另一系统功能，但该功能不足、延后或被偏财通道替代。,另一功能已经有效进入并形成分工；仅为同一功能的不同表述。,由共享基础引擎提供；只修正承载与执行，不直接等同强弱人格。,由M2接口提供；夫妻星只参与关系议题权重，不单独生成盲点。,由M3-BASE与共享引擎提供；不得把日支直接写成配偶性格。,偏财功能替代另一必要功能；需由后续OVERUSE确认,由共享基础引擎判定,由共享基础引擎判定,由共享基础引擎判定,喜忌只修正调用摩擦与平衡，不直接等同好坏。,原十神性质有效；真合化成立时按化神系统替换。,由共享基础引擎判定,82,K03候选 +6,imbalance_mechanism,用感觉、互动和体验替代持续投入、明确承诺与生活落地。,需要留意的是，是否会出现：用感觉、互动和体验替代持续投入、明确承诺与生活落地。,不得推出花心、关系多、爱玩或一定投入分散；是否缺少落地和持续性需要现实证据。,中,待验证,,provisional=true; ten_god=偏财; system=SYS03 财星系统; m3_refs=I06／X06／CA06／BD06／CF06; imbalance=K03,0.2
M4-BASE-065,偏财｜K04处理顺序错位候选,L2 十神失衡候选,BASE-十神功能,通用,路径候选,偏财,K04 处理顺序错位,M3中I06／X06／CA06／BD06／CF06至少一项对应功能可靠成立；共享引擎确认偏财性质有效；未命中真合化替换；完成source_id去重。；至少另一项功能真实存在，但在对应情境中进入过晚；有M3-FLOW或现实顺序证据。,只有静态五行生克而无现实／M3顺序证据；另一功能并非该情境必要。,由共享基础引擎提供；只修正承载与执行，不直接等同强弱人格。,由M2接口提供；夫妻星只参与关系议题权重，不单独生成盲点。,由M3-BASE与共享引擎提供；不得把日支直接写成配偶性格。,先因互动和体验进入关系评估，却长期没有进入稳定性与责任复核。,由共享基础引擎判定,由共享基础引擎判定,由共享基础引擎判定,喜忌只修正调用摩擦与平衡，不直接等同好坏。,原十神性质有效；真合化成立时按化神系统替换。,由共享基础引擎判定,81,K04候选 +6,flow_path,先因互动和体验进入关系评估，却长期没有进入稳定性与责任复核。,在处理顺序上，可能需要观察：先因互动和体验进入关系评估，却长期没有进入稳定性与责任复核。,不得推出花心、关系多、爱玩或一定投入分散；是否缺少落地和持续性需要现实证据。,中低,待验证,,provisional=true; ten_god=偏财; system=SYS03 财星系统; m3_refs=I06／X06／CA06／BD06／CF06; imbalance=K04,0.2
M4-BASE-066,偏财｜调节与保护因子候选,L3 五系统与流向,BASE-十神功能,通用,保护候选,偏财,BF调节功能,正财检验持续性；正官确认关系责任；比肩明确资源和社交边界。；且调节信号有效、有根、位置可进入关系核心或现实行为已有支持。,调节信号仅结构存在但弱远无根；真合化后已失效；现实中未形成可调用行为。,由共享基础引擎提供；只修正承载与执行，不直接等同强弱人格。,由M2接口提供；夫妻星只参与关系议题权重，不单独生成盲点。,由M3-BASE与共享引擎提供；不得把日支直接写成配偶性格。,正财检验持续性；正官确认关系责任；比肩明确资源和社交边界。,由共享基础引擎判定,由共享基础引擎判定,由共享基础引擎判定,喜忌只修正调用摩擦与平衡，不直接等同好坏。,原十神性质有效；真合化成立时按化神系统替换。,由共享基础引擎判定,78,有效buffer −6至−10,buffer_factor,偏财失衡候选可由以下功能限制、补足或转换：正财检验持续性；正官确认关系责任；比肩明确资源和社交边界。,使这一候选减弱的条件包括：正财检验持续性；正官确认关系责任；比肩明确资源和社交边界。,保护因子存在不等于风险完全消失；不得把喜神或制化结构直接写成现实中一定成熟、一定会自我调节。,中,待验证,,provisional=true; ten_god=偏财; system=SYS03 财星系统; m3_refs=I06／X06／CA06／BD06／CF06; subtype=buffer,0.2
M4-BASE-067,偏财｜盲点主题路由候选,L2 十神失衡候选,BASE-十神功能,通用,路由,偏财,B02 单一优点遮蔽整体条件；B03 心动信号替代关系准入；B07 付出投入替代承诺责任候选。,对应正常功能已成立；至少一个K01—K06机制候选通过门控；完成独立证据与保护因子检查。,仅有十神标签；机制不明；保护因素足以中断；现实反例明显。,由共享基础引擎提供；只修正承载与执行，不直接等同强弱人格。,由M2接口提供；夫妻星只参与关系议题权重，不单独生成盲点。,由M3-BASE与共享引擎提供；不得把日支直接写成配偶性格。,无／待后续规则组合,由共享基础引擎判定,由共享基础引擎判定,由共享基础引擎判定,喜忌只修正调用摩擦与平衡，不直接等同好坏。,原十神性质有效；真合化成立时按化神系统替换。,由共享基础引擎判定,76,路由至后续MISREAD／OVERUSE，不在BASE定案,blind_spot_candidate,偏财在BASE阶段可路由至：B02 单一优点遮蔽整体条件；B03 心动信号替代关系准入；B07 付出投入替代承诺责任候选。，但最终盲点主题由后续模块裁定。,当前可保留的盲点方向是：B02 单一优点遮蔽整体条件；B03 心动信号替代关系准入；B07 付出投入替代承诺责任候选。；它仍需结合触发情境和真实互动验证。,不得推出花心、关系多、爱玩或一定投入分散；是否缺少落地和持续性需要现实证据。,中低,待验证,,provisional=true; ten_god=偏财; system=SYS03 财星系统; m3_refs=I06／X06／CA06／BD06／CF06; route_only=true,0.2
M4-BASE-068,偏财｜用户解释摘要,L8 输出与停止,BASE-十神功能,通用,输出,偏财,B02 单一优点遮蔽整体条件；B03 心动信号替代关系准入；B07 付出投入替代承诺责任候选。,偏财功能进入最终或暂定BASE输出；至少E1成立。,该候选被停止、真合化替换或保护因素足以降至E0。,由共享基础引擎提供；只修正承载与执行，不直接等同强弱人格。,由M2接口提供；夫妻星只参与关系议题权重，不单独生成盲点。,由M3-BASE与共享引擎提供；不得把日支直接写成配偶性格。,无／待后续规则组合,由共享基础引擎判定,由共享基础引擎判定,由共享基础引擎判定,喜忌只修正调用摩擦与平衡，不直接等同好坏。,原十神性质有效；真合化成立时按化神系统替换。,由共享基础引擎判定,68,不加分；摘要,basis_summary,用“正常功能—需要留意—保护条件”的顺序输出偏财BASE结论。,你原本擅长通过互动、体验和灵活回应让关系保持活力。需要留意的是，感觉很好、相处有趣或一次投入很多，不等于长期稳定、责任和现实安排已经成立。,不得推出花心、关系多、爱玩或一定投入分散；是否缺少落地和持续性需要现实证据。,中,待验证,,provisional=true; ten_god=偏财; system=SYS03 财星系统; m3_refs=I06／X06／CA06／BD06／CF06; summary_only=true,0.2
M4-BASE-069,正官｜正常关系功能来源,L1 正常功能来源,BASE-十神功能,通用,基础,正官,I07／X07／CA07／BD07／CF07,M3中I07／X07／CA07／BD07／CF07至少一项对应功能可靠成立；共享引擎确认正官性质有效；未命中真合化替换；完成source_id去重。,M3相关功能停止；真合化后原十神失效；仅有单一弱远无根信号；或现实反例明确显示该功能并不稳定出现。,由共享基础引擎提供；只修正承载与执行，不直接等同强弱人格。,由M2接口提供；夫妻星只参与关系议题权重，不单独生成盲点。,由M3-BASE与共享引擎提供；不得把日支直接写成配偶性格。,无／待后续规则组合,由共享基础引擎判定,由共享基础引擎判定,由共享基础引擎判定,喜忌只修正调用摩擦与平衡，不直接等同好坏。,原十神性质有效；真合化成立时按化神系统替换。,由共享基础引擎判定,90,functional_origin +12（同源只计一次）,functional_origin,正官在M4中的起点不是负面标签，而是：承诺、责任、规则、角色分工、守约和稳定维护关系。,这项反应原本的功能是：承诺、责任、规则、角色分工、守约和稳定维护关系。,不得推出控制欲强、古板、道德绑架或一定关系压抑；是否形成僵化标准需结合现实互动。,中高,待验证,,provisional=true; ten_god=正官; system=SYS04 官杀系统; m3_refs=I07／X07／CA07／BD07／CF07; subtype=normal,0.2
M4-BASE-070,正官｜K01过用放大候选,L2 十神失衡候选,BASE-十神功能,通用,失衡候选,正官,K01 过用放大,M3中I07／X07／CA07／BD07／CF07至少一项对应功能可靠成立；共享引擎确认正官性质有效；未命中真合化替换；完成source_id去重。；另有过旺失衡、压力下抢先启动、重复行为或缺少调节中的至少一项独立证据。,M3相关功能停止；真合化后原十神失效；仅有单一弱远无根信号；或现实反例明确显示该功能并不稳定出现。；旺而平衡且制化／通关有效。,由共享基础引擎提供；只修正承载与执行，不直接等同强弱人格。,由M2接口提供；夫妻星只参与关系议题权重，不单独生成盲点。,由M3-BASE与共享引擎提供；不得把日支直接写成配偶性格。,无／待后续规则组合,由共享基础引擎判定,由共享基础引擎判定,过旺失衡、抢先启动或现实重复证据；旺而平衡不自动成立。,喜忌只修正调用摩擦与平衡，不直接等同好坏。,原十神性质有效；真合化成立时按化神系统替换。,由共享基础引擎判定,84,K01候选 +8,imbalance_mechanism,正官的正常功能在调用强度过高或长期抢先时，可能表现为：标准或规则变得僵化，以道德压力、角色要求或“应该如此”替代协商。,当这项方式被过度调用时，你可能更容易：标准或规则变得僵化，以道德压力、角色要求或“应该如此”替代协商。,不得推出控制欲强、古板、道德绑架或一定关系压抑；是否形成僵化标准需结合现实互动。,中,待验证,,provisional=true; ten_god=正官; system=SYS04 官杀系统; m3_refs=I07／X07／CA07／BD07／CF07; imbalance=K01,0.2
M4-BASE-071,正官｜K02功能不足候选,L2 十神失衡候选,BASE-十神功能,通用,失衡候选,正官,K02 功能不足,M3或关系路径显示正官对应功能为必要环节；该功能偏弱无助、受阻或长期缺少现实出口；无可靠替代通道。,该功能弱而有助；存在有效替代通道；现实行为显示此功能稳定可用。,由共享基础引擎提供；只修正承载与执行，不直接等同强弱人格。,由M2接口提供；夫妻星只参与关系议题权重，不单独生成盲点。,由M3-BASE与共享引擎提供；不得把日支直接写成配偶性格。,无／待后续规则组合,由共享基础引擎判定,由共享基础引擎判定,偏弱无助／转换受阻／现实缺位,喜忌只修正调用摩擦与平衡，不直接等同好坏。,原十神性质有效；真合化成立时按化神系统替换。,由共享基础引擎判定,83,K02候选 +8,missing_function,当正官功能是关系路径的必要环节却缺少稳定出口时，可能出现：关系责任、角色、承诺和后续安排长期不清楚，讨论很多却缺少执行主体。,另一项需要继续确认的功能是：关系责任、角色、承诺和后续安排长期不清楚，讨论很多却缺少执行主体。,不得推出控制欲强、古板、道德绑架或一定关系压抑；是否形成僵化标准需结合现实互动。,中,待验证,,provisional=true; ten_god=正官; system=SYS04 官杀系统; m3_refs=I07／X07／CA07／BD07／CF07; imbalance=K02,0.2
M4-BASE-072,正官｜K03单通道替代候选,L2 十神失衡候选,BASE-十神功能,通用,组合候选,正官,K03 单通道替代,M3中I07／X07／CA07／BD07／CF07至少一项对应功能可靠成立；共享引擎确认正官性质有效；未命中真合化替换；完成source_id去重。；当前关系任务还需要另一系统功能，但该功能不足、延后或被正官通道替代。,另一功能已经有效进入并形成分工；仅为同一功能的不同表述。,由共享基础引擎提供；只修正承载与执行，不直接等同强弱人格。,由M2接口提供；夫妻星只参与关系议题权重，不单独生成盲点。,由M3-BASE与共享引擎提供；不得把日支直接写成配偶性格。,正官功能替代另一必要功能；需由后续OVERUSE确认,由共享基础引擎判定,由共享基础引擎判定,由共享基础引擎判定,喜忌只修正调用摩擦与平衡，不直接等同好坏。,原十神性质有效；真合化成立时按化神系统替换。,由共享基础引擎判定,82,K03候选 +6,imbalance_mechanism,用规则正确或角色合格替代对具体感受、差异和现实限制的理解。,需要留意的是，是否会出现：用规则正确或角色合格替代对具体感受、差异和现实限制的理解。,不得推出控制欲强、古板、道德绑架或一定关系压抑；是否形成僵化标准需结合现实互动。,中,待验证,,provisional=true; ten_god=正官; system=SYS04 官杀系统; m3_refs=I07／X07／CA07／BD07／CF07; imbalance=K03,0.2
M4-BASE-073,正官｜K04处理顺序错位候选,L2 十神失衡候选,BASE-十神功能,通用,路径候选,正官,K04 处理顺序错位,M3中I07／X07／CA07／BD07／CF07至少一项对应功能可靠成立；共享引擎确认正官性质有效；未命中真合化替换；完成source_id去重。；至少另一项功能真实存在，但在对应情境中进入过晚；有M3-FLOW或现实顺序证据。,只有静态五行生克而无现实／M3顺序证据；另一功能并非该情境必要。,由共享基础引擎提供；只修正承载与执行，不直接等同强弱人格。,由M2接口提供；夫妻星只参与关系议题权重，不单独生成盲点。,由M3-BASE与共享引擎提供；不得把日支直接写成配偶性格。,在了解背景、感受和双方资源之前先套用标准或要求。,由共享基础引擎判定,由共享基础引擎判定,由共享基础引擎判定,喜忌只修正调用摩擦与平衡，不直接等同好坏。,原十神性质有效；真合化成立时按化神系统替换。,由共享基础引擎判定,81,K04候选 +6,flow_path,在了解背景、感受和双方资源之前先套用标准或要求。,在处理顺序上，可能需要观察：在了解背景、感受和双方资源之前先套用标准或要求。,不得推出控制欲强、古板、道德绑架或一定关系压抑；是否形成僵化标准需结合现实互动。,中低,待验证,,provisional=true; ten_god=正官; system=SYS04 官杀系统; m3_refs=I07／X07／CA07／BD07／CF07; imbalance=K04,0.2
M4-BASE-074,正官｜调节与保护因子候选,L3 五系统与流向,BASE-十神功能,通用,保护候选,正官,BF调节功能,食伤提供说明和反馈；比劫保留共同决定权；财星检验规则能否持续落实。；且调节信号有效、有根、位置可进入关系核心或现实行为已有支持。,调节信号仅结构存在但弱远无根；真合化后已失效；现实中未形成可调用行为。,由共享基础引擎提供；只修正承载与执行，不直接等同强弱人格。,由M2接口提供；夫妻星只参与关系议题权重，不单独生成盲点。,由M3-BASE与共享引擎提供；不得把日支直接写成配偶性格。,食伤提供说明和反馈；比劫保留共同决定权；财星检验规则能否持续落实。,由共享基础引擎判定,由共享基础引擎判定,由共享基础引擎判定,喜忌只修正调用摩擦与平衡，不直接等同好坏。,原十神性质有效；真合化成立时按化神系统替换。,由共享基础引擎判定,78,有效buffer −6至−10,buffer_factor,正官失衡候选可由以下功能限制、补足或转换：食伤提供说明和反馈；比劫保留共同决定权；财星检验规则能否持续落实。,使这一候选减弱的条件包括：食伤提供说明和反馈；比劫保留共同决定权；财星检验规则能否持续落实。,保护因子存在不等于风险完全消失；不得把喜神或制化结构直接写成现实中一定成熟、一定会自我调节。,中,待验证,,provisional=true; ten_god=正官; system=SYS04 官杀系统; m3_refs=I07／X07／CA07／BD07／CF07; subtype=buffer,0.2
M4-BASE-075,正官｜盲点主题路由候选,L2 十神失衡候选,BASE-十神功能,通用,路由,正官,B08 责任行动越过协商边界；B14 问题结案但关系未修复候选。,对应正常功能已成立；至少一个K01—K06机制候选通过门控；完成独立证据与保护因子检查。,仅有十神标签；机制不明；保护因素足以中断；现实反例明显。,由共享基础引擎提供；只修正承载与执行，不直接等同强弱人格。,由M2接口提供；夫妻星只参与关系议题权重，不单独生成盲点。,由M3-BASE与共享引擎提供；不得把日支直接写成配偶性格。,无／待后续规则组合,由共享基础引擎判定,由共享基础引擎判定,由共享基础引擎判定,喜忌只修正调用摩擦与平衡，不直接等同好坏。,原十神性质有效；真合化成立时按化神系统替换。,由共享基础引擎判定,76,路由至后续MISREAD／OVERUSE，不在BASE定案,blind_spot_candidate,正官在BASE阶段可路由至：B08 责任行动越过协商边界；B14 问题结案但关系未修复候选。，但最终盲点主题由后续模块裁定。,当前可保留的盲点方向是：B08 责任行动越过协商边界；B14 问题结案但关系未修复候选。；它仍需结合触发情境和真实互动验证。,不得推出控制欲强、古板、道德绑架或一定关系压抑；是否形成僵化标准需结合现实互动。,中低,待验证,,provisional=true; ten_god=正官; system=SYS04 官杀系统; m3_refs=I07／X07／CA07／BD07／CF07; route_only=true,0.2
M4-BASE-076,正官｜用户解释摘要,L8 输出与停止,BASE-十神功能,通用,输出,正官,B08 责任行动越过协商边界；B14 问题结案但关系未修复候选。,正官功能进入最终或暂定BASE输出；至少E1成立。,该候选被停止、真合化替换或保护因素足以降至E0。,由共享基础引擎提供；只修正承载与执行，不直接等同强弱人格。,由M2接口提供；夫妻星只参与关系议题权重，不单独生成盲点。,由M3-BASE与共享引擎提供；不得把日支直接写成配偶性格。,无／待后续规则组合,由共享基础引擎判定,由共享基础引擎判定,由共享基础引擎判定,喜忌只修正调用摩擦与平衡，不直接等同好坏。,原十神性质有效；真合化成立时按化神系统替换。,由共享基础引擎判定,68,不加分；摘要,basis_summary,用“正常功能—需要留意—保护条件”的顺序输出正官BASE结论。,你原本重视责任、承诺和清楚的关系规则。需要留意的是，规则是否仍然允许双方讨论现实差异；“应该怎么做”不能完全替代“我们能否共同决定怎么做”。,不得推出控制欲强、古板、道德绑架或一定关系压抑；是否形成僵化标准需结合现实互动。,中,待验证,,provisional=true; ten_god=正官; system=SYS04 官杀系统; m3_refs=I07／X07／CA07／BD07／CF07; summary_only=true,0.2
M4-BASE-077,七杀｜正常关系功能来源,L1 正常功能来源,BASE-十神功能,通用,基础,七杀,I08／X08／CA08／BD08／CF08,M3中I08／X08／CA08／BD08／CF08至少一项对应功能可靠成立；共享引擎确认七杀性质有效；未命中真合化替换；完成source_id去重。,M3相关功能停止；真合化后原十神失效；仅有单一弱远无根信号；或现实反例明确显示该功能并不稳定出现。,由共享基础引擎提供；只修正承载与执行，不直接等同强弱人格。,由M2接口提供；夫妻星只参与关系议题权重，不单独生成盲点。,由M3-BASE与共享引擎提供；不得把日支直接写成配偶性格。,无／待后续规则组合,由共享基础引擎判定,由共享基础引擎判定,由共享基础引擎判定,喜忌只修正调用摩擦与平衡，不直接等同好坏。,原十神性质有效；真合化成立时按化神系统替换。,由共享基础引擎判定,90,functional_origin +12（同源只计一次）,functional_origin,七杀在M4中的起点不是负面标签，而是：决断、推进、保护、止损、危机处理和在关键时刻承担。,这项反应原本的功能是：决断、推进、保护、止损、危机处理和在关键时刻承担。,不得推出暴力、强迫、控制或危险人格；行动强度与现实伤害必须分开，并以真实安全证据为准。,中高,待验证,,provisional=true; ten_god=七杀; system=SYS04 官杀系统; m3_refs=I08／X08／CA08／BD08／CF08; subtype=normal,0.2
M4-BASE-078,七杀｜K01过用放大候选,L2 十神失衡候选,BASE-十神功能,通用,失衡候选,七杀,K01 过用放大,M3中I08／X08／CA08／BD08／CF08至少一项对应功能可靠成立；共享引擎确认七杀性质有效；未命中真合化替换；完成source_id去重。；另有过旺失衡、压力下抢先启动、重复行为或缺少调节中的至少一项独立证据。,M3相关功能停止；真合化后原十神失效；仅有单一弱远无根信号；或现实反例明确显示该功能并不稳定出现。；旺而平衡且制化／通关有效。,由共享基础引擎提供；只修正承载与执行，不直接等同强弱人格。,由M2接口提供；夫妻星只参与关系议题权重，不单独生成盲点。,由M3-BASE与共享引擎提供；不得把日支直接写成配偶性格。,无／待后续规则组合,由共享基础引擎判定,由共享基础引擎判定,过旺失衡、抢先启动或现实重复证据；旺而平衡不自动成立。,喜忌只修正调用摩擦与平衡，不直接等同好坏。,原十神性质有效；真合化成立时按化神系统替换。,由共享基础引擎判定,84,K01候选 +8,imbalance_mechanism,七杀的正常功能在调用强度过高或长期抢先时，可能表现为：行动速度和压力强度压过双向确认，先推进、先决定或先解决，协商与感受被延后。,当这项方式被过度调用时，你可能更容易：行动速度和压力强度压过双向确认，先推进、先决定或先解决，协商与感受被延后。,不得推出暴力、强迫、控制或危险人格；行动强度与现实伤害必须分开，并以真实安全证据为准。,中,待验证,,provisional=true; ten_god=七杀; system=SYS04 官杀系统; m3_refs=I08／X08／CA08／BD08／CF08; imbalance=K01,0.2
M4-BASE-079,七杀｜K02功能不足候选,L2 十神失衡候选,BASE-十神功能,通用,失衡候选,七杀,K02 功能不足,M3或关系路径显示七杀对应功能为必要环节；该功能偏弱无助、受阻或长期缺少现实出口；无可靠替代通道。,该功能弱而有助；存在有效替代通道；现实行为显示此功能稳定可用。,由共享基础引擎提供；只修正承载与执行，不直接等同强弱人格。,由M2接口提供；夫妻星只参与关系议题权重，不单独生成盲点。,由M3-BASE与共享引擎提供；不得把日支直接写成配偶性格。,无／待后续规则组合,由共享基础引擎判定,由共享基础引擎判定,偏弱无助／转换受阻／现实缺位,喜忌只修正调用摩擦与平衡，不直接等同好坏。,原十神性质有效；真合化成立时按化神系统替换。,由共享基础引擎判定,83,K02候选 +8,missing_function,当七杀功能是关系路径的必要环节却缺少稳定出口时，可能出现：关键时刻缺少决断、行动或止损，问题被反复讨论却迟迟没有进入处理。,另一项需要继续确认的功能是：关键时刻缺少决断、行动或止损，问题被反复讨论却迟迟没有进入处理。,不得推出暴力、强迫、控制或危险人格；行动强度与现实伤害必须分开，并以真实安全证据为准。,中,待验证,,provisional=true; ten_god=七杀; system=SYS04 官杀系统; m3_refs=I08／X08／CA08／BD08／CF08; imbalance=K02,0.2
M4-BASE-080,七杀｜K03单通道替代候选,L2 十神失衡候选,BASE-十神功能,通用,组合候选,七杀,K03 单通道替代,M3中I08／X08／CA08／BD08／CF08至少一项对应功能可靠成立；共享引擎确认七杀性质有效；未命中真合化替换；完成source_id去重。；当前关系任务还需要另一系统功能，但该功能不足、延后或被七杀通道替代。,另一功能已经有效进入并形成分工；仅为同一功能的不同表述。,由共享基础引擎提供；只修正承载与执行，不直接等同强弱人格。,由M2接口提供；夫妻星只参与关系议题权重，不单独生成盲点。,由M3-BASE与共享引擎提供；不得把日支直接写成配偶性格。,七杀功能替代另一必要功能；需由后续OVERUSE确认,由共享基础引擎判定,由共享基础引擎判定,由共享基础引擎判定,喜忌只修正调用摩擦与平衡，不直接等同好坏。,原十神性质有效；真合化成立时按化神系统替换。,由共享基础引擎判定,82,K03候选 +6,imbalance_mechanism,用解决事情、保护或推动结果替代情绪处理、共同决定和后续修复。,需要留意的是，是否会出现：用解决事情、保护或推动结果替代情绪处理、共同决定和后续修复。,不得推出暴力、强迫、控制或危险人格；行动强度与现实伤害必须分开，并以真实安全证据为准。,中,待验证,,provisional=true; ten_god=七杀; system=SYS04 官杀系统; m3_refs=I08／X08／CA08／BD08／CF08; imbalance=K03,0.2
M4-BASE-081,七杀｜K04处理顺序错位候选,L2 十神失衡候选,BASE-十神功能,通用,路径候选,七杀,K04 处理顺序错位,M3中I08／X08／CA08／BD08／CF08至少一项对应功能可靠成立；共享引擎确认七杀性质有效；未命中真合化替换；完成source_id去重。；至少另一项功能真实存在，但在对应情境中进入过晚；有M3-FLOW或现实顺序证据。,只有静态五行生克而无现实／M3顺序证据；另一功能并非该情境必要。,由共享基础引擎提供；只修正承载与执行，不直接等同强弱人格。,由M2接口提供；夫妻星只参与关系议题权重，不单独生成盲点。,由M3-BASE与共享引擎提供；不得把日支直接写成配偶性格。,在信息、授权和情绪尚未充分进入时先行动；事情结束后未回到沟通。,由共享基础引擎判定,由共享基础引擎判定,由共享基础引擎判定,喜忌只修正调用摩擦与平衡，不直接等同好坏。,原十神性质有效；真合化成立时按化神系统替换。,由共享基础引擎判定,81,K04候选 +6,flow_path,在信息、授权和情绪尚未充分进入时先行动；事情结束后未回到沟通。,在处理顺序上，可能需要观察：在信息、授权和情绪尚未充分进入时先行动；事情结束后未回到沟通。,不得推出暴力、强迫、控制或危险人格；行动强度与现实伤害必须分开，并以真实安全证据为准。,中低,待验证,,provisional=true; ten_god=七杀; system=SYS04 官杀系统; m3_refs=I08／X08／CA08／BD08／CF08; imbalance=K04,0.2
M4-BASE-082,七杀｜调节与保护因子候选,L3 五系统与流向,BASE-十神功能,通用,保护候选,七杀,BF调节功能,食伤补充协商和反馈；比劫保留双方决定权；印星承接感受并恢复安全。；且调节信号有效、有根、位置可进入关系核心或现实行为已有支持。,调节信号仅结构存在但弱远无根；真合化后已失效；现实中未形成可调用行为。,由共享基础引擎提供；只修正承载与执行，不直接等同强弱人格。,由M2接口提供；夫妻星只参与关系议题权重，不单独生成盲点。,由M3-BASE与共享引擎提供；不得把日支直接写成配偶性格。,食伤补充协商和反馈；比劫保留双方决定权；印星承接感受并恢复安全。,由共享基础引擎判定,由共享基础引擎判定,由共享基础引擎判定,喜忌只修正调用摩擦与平衡，不直接等同好坏。,原十神性质有效；真合化成立时按化神系统替换。,由共享基础引擎判定,78,有效buffer −6至−10,buffer_factor,七杀失衡候选可由以下功能限制、补足或转换：食伤补充协商和反馈；比劫保留双方决定权；印星承接感受并恢复安全。,使这一候选减弱的条件包括：食伤补充协商和反馈；比劫保留双方决定权；印星承接感受并恢复安全。,保护因子存在不等于风险完全消失；不得把喜神或制化结构直接写成现实中一定成熟、一定会自我调节。,中,待验证,,provisional=true; ten_god=七杀; system=SYS04 官杀系统; m3_refs=I08／X08／CA08／BD08／CF08; subtype=buffer,0.2
M4-BASE-083,七杀｜盲点主题路由候选,L2 十神失衡候选,BASE-十神功能,通用,路由,七杀,B06 解决问题替代情绪处理；B08 责任行动越过协商边界候选。,对应正常功能已成立；至少一个K01—K06机制候选通过门控；完成独立证据与保护因子检查。,仅有十神标签；机制不明；保护因素足以中断；现实反例明显。,由共享基础引擎提供；只修正承载与执行，不直接等同强弱人格。,由M2接口提供；夫妻星只参与关系议题权重，不单独生成盲点。,由M3-BASE与共享引擎提供；不得把日支直接写成配偶性格。,无／待后续规则组合,由共享基础引擎判定,由共享基础引擎判定,由共享基础引擎判定,喜忌只修正调用摩擦与平衡，不直接等同好坏。,原十神性质有效；真合化成立时按化神系统替换。,由共享基础引擎判定,76,路由至后续MISREAD／OVERUSE，不在BASE定案,blind_spot_candidate,七杀在BASE阶段可路由至：B06 解决问题替代情绪处理；B08 责任行动越过协商边界候选。，但最终盲点主题由后续模块裁定。,当前可保留的盲点方向是：B06 解决问题替代情绪处理；B08 责任行动越过协商边界候选。；它仍需结合触发情境和真实互动验证。,不得推出暴力、强迫、控制或危险人格；行动强度与现实伤害必须分开，并以真实安全证据为准。,中低,待验证,,provisional=true; ten_god=七杀; system=SYS04 官杀系统; m3_refs=I08／X08／CA08／BD08／CF08; route_only=true,0.2
M4-BASE-084,七杀｜用户解释摘要,L8 输出与停止,BASE-十神功能,通用,输出,七杀,B06 解决问题替代情绪处理；B08 责任行动越过协商边界候选。,七杀功能进入最终或暂定BASE输出；至少E1成立。,该候选被停止、真合化替换或保护因素足以降至E0。,由共享基础引擎提供；只修正承载与执行，不直接等同强弱人格。,由M2接口提供；夫妻星只参与关系议题权重，不单独生成盲点。,由M3-BASE与共享引擎提供；不得把日支直接写成配偶性格。,无／待后续规则组合,由共享基础引擎判定,由共享基础引擎判定,由共享基础引擎判定,喜忌只修正调用摩擦与平衡，不直接等同好坏。,原十神性质有效；真合化成立时按化神系统替换。,由共享基础引擎判定,68,不加分；摘要,basis_summary,用“正常功能—需要留意—保护条件”的顺序输出七杀BASE结论。,你原本能够在关键时刻快速行动、处理问题和承担压力。需要留意的是，行动有效不等于所有人都已被纳入决定；事情处理完以后，协商、感受和修复是否也会回来。,不得推出暴力、强迫、控制或危险人格；行动强度与现实伤害必须分开，并以真实安全证据为准。,中,待验证,,provisional=true; ten_god=七杀; system=SYS04 官杀系统; m3_refs=I08／X08／CA08／BD08／CF08; summary_only=true,0.2
M4-BASE-085,正印｜正常关系功能来源,L1 正常功能来源,BASE-十神功能,通用,基础,正印,I09／X09／CA09／BD09／CF09,M3中I09／X09／CA09／BD09／CF09至少一项对应功能可靠成立；共享引擎确认正印性质有效；未命中真合化替换；完成source_id去重。,M3相关功能停止；真合化后原十神失效；仅有单一弱远无根信号；或现实反例明确显示该功能并不稳定出现。,由共享基础引擎提供；只修正承载与执行，不直接等同强弱人格。,由M2接口提供；夫妻星只参与关系议题权重，不单独生成盲点。,由M3-BASE与共享引擎提供；不得把日支直接写成配偶性格。,无／待后续规则组合,由共享基础引擎判定,由共享基础引擎判定,由共享基础引擎判定,喜忌只修正调用摩擦与平衡，不直接等同好坏。,原十神性质有效；真合化成立时按化神系统替换。,由共享基础引擎判定,90,functional_origin +12（同源只计一次）,functional_origin,正印在M4中的起点不是负面标签，而是：理解、倾听、承接、恢复安全、接受支持和稳定内化经验。,这项反应原本的功能是：理解、倾听、承接、恢复安全、接受支持和稳定内化经验。,不得推出依赖、妈宝、没有主见或一定过度照顾；是否延后边界和改变需现实事件验证。,中高,待验证,,provisional=true; ten_god=正印; system=SYS05 印星系统; m3_refs=I09／X09／CA09／BD09／CF09; subtype=normal,0.2
M4-BASE-086,正印｜K01过用放大候选,L2 十神失衡候选,BASE-十神功能,通用,失衡候选,正印,K01 过用放大,M3中I09／X09／CA09／BD09／CF09至少一项对应功能可靠成立；共享引擎确认正印性质有效；未命中真合化替换；完成source_id去重。；另有过旺失衡、压力下抢先启动、重复行为或缺少调节中的至少一项独立证据。,M3相关功能停止；真合化后原十神失效；仅有单一弱远无根信号；或现实反例明确显示该功能并不稳定出现。；旺而平衡且制化／通关有效。,由共享基础引擎提供；只修正承载与执行，不直接等同强弱人格。,由M2接口提供；夫妻星只参与关系议题权重，不单独生成盲点。,由M3-BASE与共享引擎提供；不得把日支直接写成配偶性格。,无／待后续规则组合,由共享基础引擎判定,由共享基础引擎判定,过旺失衡、抢先启动或现实重复证据；旺而平衡不自动成立。,喜忌只修正调用摩擦与平衡，不直接等同好坏。,原十神性质有效；真合化成立时按化神系统替换。,由共享基础引擎判定,84,K01候选 +8,imbalance_mechanism,正印的正常功能在调用强度过高或长期抢先时，可能表现为：理解了对方的原因，就降低对现实改变、责任或边界的要求；或长期承接而延后自身需要。,当这项方式被过度调用时，你可能更容易：理解了对方的原因，就降低对现实改变、责任或边界的要求；或长期承接而延后自身需要。,不得推出依赖、妈宝、没有主见或一定过度照顾；是否延后边界和改变需现实事件验证。,中,待验证,,provisional=true; ten_god=正印; system=SYS05 印星系统; m3_refs=I09／X09／CA09／BD09／CF09; imbalance=K01,0.2
M4-BASE-087,正印｜K02功能不足候选,L2 十神失衡候选,BASE-十神功能,通用,失衡候选,正印,K02 功能不足,M3或关系路径显示正印对应功能为必要环节；该功能偏弱无助、受阻或长期缺少现实出口；无可靠替代通道。,该功能弱而有助；存在有效替代通道；现实行为显示此功能稳定可用。,由共享基础引擎提供；只修正承载与执行，不直接等同强弱人格。,由M2接口提供；夫妻星只参与关系议题权重，不单独生成盲点。,由M3-BASE与共享引擎提供；不得把日支直接写成配偶性格。,无／待后续规则组合,由共享基础引擎判定,由共享基础引擎判定,偏弱无助／转换受阻／现实缺位,喜忌只修正调用摩擦与平衡，不直接等同好坏。,原十神性质有效；真合化成立时按化神系统替换。,由共享基础引擎判定,83,K02候选 +8,missing_function,当正印功能是关系路径的必要环节却缺少稳定出口时，可能出现：难以接受帮助、恢复安全或在问题处理后重新开放，情绪尚未整理就进入表达和行动。,另一项需要继续确认的功能是：难以接受帮助、恢复安全或在问题处理后重新开放，情绪尚未整理就进入表达和行动。,不得推出依赖、妈宝、没有主见或一定过度照顾；是否延后边界和改变需现实事件验证。,中,待验证,,provisional=true; ten_god=正印; system=SYS05 印星系统; m3_refs=I09／X09／CA09／BD09／CF09; imbalance=K02,0.2
M4-BASE-088,正印｜K03单通道替代候选,L2 十神失衡候选,BASE-十神功能,通用,组合候选,正印,K03 单通道替代,M3中I09／X09／CA09／BD09／CF09至少一项对应功能可靠成立；共享引擎确认正印性质有效；未命中真合化替换；完成source_id去重。；当前关系任务还需要另一系统功能，但该功能不足、延后或被正印通道替代。,另一功能已经有效进入并形成分工；仅为同一功能的不同表述。,由共享基础引擎提供；只修正承载与执行，不直接等同强弱人格。,由M2接口提供；夫妻星只参与关系议题权重，不单独生成盲点。,由M3-BASE与共享引擎提供；不得把日支直接写成配偶性格。,正印功能替代另一必要功能；需由后续OVERUSE确认,由共享基础引擎判定,由共享基础引擎判定,由共享基础引擎判定,喜忌只修正调用摩擦与平衡，不直接等同好坏。,原十神性质有效；真合化成立时按化神系统替换。,由共享基础引擎判定,82,K03候选 +6,imbalance_mechanism,用包容、照顾和解释原因替代分工、责任、边界和行为改变。,需要留意的是，是否会出现：用包容、照顾和解释原因替代分工、责任、边界和行为改变。,不得推出依赖、妈宝、没有主见或一定过度照顾；是否延后边界和改变需现实事件验证。,中,待验证,,provisional=true; ten_god=正印; system=SYS05 印星系统; m3_refs=I09／X09／CA09／BD09／CF09; imbalance=K03,0.2
M4-BASE-089,正印｜K04处理顺序错位候选,L2 十神失衡候选,BASE-十神功能,通用,路径候选,正印,K04 处理顺序错位,M3中I09／X09／CA09／BD09／CF09至少一项对应功能可靠成立；共享引擎确认正印性质有效；未命中真合化替换；完成source_id去重。；至少另一项功能真实存在，但在对应情境中进入过晚；有M3-FLOW或现实顺序证据。,只有静态五行生克而无现实／M3顺序证据；另一功能并非该情境必要。,由共享基础引擎提供；只修正承载与执行，不直接等同强弱人格。,由M2接口提供；夫妻星只参与关系议题权重，不单独生成盲点。,由M3-BASE与共享引擎提供；不得把日支直接写成配偶性格。,反复理解和承接，却迟迟没有进入明确表达、现实落实或责任复核。,由共享基础引擎判定,由共享基础引擎判定,由共享基础引擎判定,喜忌只修正调用摩擦与平衡，不直接等同好坏。,原十神性质有效；真合化成立时按化神系统替换。,由共享基础引擎判定,81,K04候选 +6,flow_path,反复理解和承接，却迟迟没有进入明确表达、现实落实或责任复核。,在处理顺序上，可能需要观察：反复理解和承接，却迟迟没有进入明确表达、现实落实或责任复核。,不得推出依赖、妈宝、没有主见或一定过度照顾；是否延后边界和改变需现实事件验证。,中低,待验证,,provisional=true; ten_god=正印; system=SYS05 印星系统; m3_refs=I09／X09／CA09／BD09／CF09; imbalance=K04,0.2
M4-BASE-090,正印｜调节与保护因子候选,L3 五系统与流向,BASE-十神功能,通用,保护候选,正印,BF调节功能,比劫恢复自身位置和边界；食伤把理解转为可沟通信息；财官把理解转为现实调整和责任兑现。；且调节信号有效、有根、位置可进入关系核心或现实行为已有支持。,调节信号仅结构存在但弱远无根；真合化后已失效；现实中未形成可调用行为。,由共享基础引擎提供；只修正承载与执行，不直接等同强弱人格。,由M2接口提供；夫妻星只参与关系议题权重，不单独生成盲点。,由M3-BASE与共享引擎提供；不得把日支直接写成配偶性格。,比劫恢复自身位置和边界；食伤把理解转为可沟通信息；财官把理解转为现实调整和责任兑现。,由共享基础引擎判定,由共享基础引擎判定,由共享基础引擎判定,喜忌只修正调用摩擦与平衡，不直接等同好坏。,原十神性质有效；真合化成立时按化神系统替换。,由共享基础引擎判定,78,有效buffer −6至−10,buffer_factor,正印失衡候选可由以下功能限制、补足或转换：比劫恢复自身位置和边界；食伤把理解转为可沟通信息；财官把理解转为现实调整和责任兑现。,使这一候选减弱的条件包括：比劫恢复自身位置和边界；食伤把理解转为可沟通信息；财官把理解转为现实调整和责任兑现。,保护因子存在不等于风险完全消失；不得把喜神或制化结构直接写成现实中一定成熟、一定会自我调节。,中,待验证,,provisional=true; ten_god=正印; system=SYS05 印星系统; m3_refs=I09／X09／CA09／BD09／CF09; subtype=buffer,0.2
M4-BASE-091,正印｜盲点主题路由候选,L2 十神失衡候选,BASE-十神功能,通用,路由,正印,B09 理解照顾替代现实改变；B14 问题结案但关系未修复候选。,对应正常功能已成立；至少一个K01—K06机制候选通过门控；完成独立证据与保护因子检查。,仅有十神标签；机制不明；保护因素足以中断；现实反例明显。,由共享基础引擎提供；只修正承载与执行，不直接等同强弱人格。,由M2接口提供；夫妻星只参与关系议题权重，不单独生成盲点。,由M3-BASE与共享引擎提供；不得把日支直接写成配偶性格。,无／待后续规则组合,由共享基础引擎判定,由共享基础引擎判定,由共享基础引擎判定,喜忌只修正调用摩擦与平衡，不直接等同好坏。,原十神性质有效；真合化成立时按化神系统替换。,由共享基础引擎判定,76,路由至后续MISREAD／OVERUSE，不在BASE定案,blind_spot_candidate,正印在BASE阶段可路由至：B09 理解照顾替代现实改变；B14 问题结案但关系未修复候选。，但最终盲点主题由后续模块裁定。,当前可保留的盲点方向是：B09 理解照顾替代现实改变；B14 问题结案但关系未修复候选。；它仍需结合触发情境和真实互动验证。,不得推出依赖、妈宝、没有主见或一定过度照顾；是否延后边界和改变需现实事件验证。,中低,待验证,,provisional=true; ten_god=正印; system=SYS05 印星系统; m3_refs=I09／X09／CA09／BD09／CF09; route_only=true,0.2
M4-BASE-092,正印｜用户解释摘要,L8 输出与停止,BASE-十神功能,通用,输出,正印,B09 理解照顾替代现实改变；B14 问题结案但关系未修复候选。,正印功能进入最终或暂定BASE输出；至少E1成立。,该候选被停止、真合化替换或保护因素足以降至E0。,由共享基础引擎提供；只修正承载与执行，不直接等同强弱人格。,由M2接口提供；夫妻星只参与关系议题权重，不单独生成盲点。,由M3-BASE与共享引擎提供；不得把日支直接写成配偶性格。,无／待后续规则组合,由共享基础引擎判定,由共享基础引擎判定,由共享基础引擎判定,喜忌只修正调用摩擦与平衡，不直接等同好坏。,原十神性质有效；真合化成立时按化神系统替换。,由共享基础引擎判定,68,不加分；摘要,basis_summary,用“正常功能—需要留意—保护条件”的顺序输出正印BASE结论。,你原本有理解、倾听和承接关系压力的能力。需要留意的是，理解对方为什么这样做，并不等于现实问题已经改变；包容之后，边界、责任和后续行动仍要单独确认。,不得推出依赖、妈宝、没有主见或一定过度照顾；是否延后边界和改变需现实事件验证。,中,待验证,,provisional=true; ten_god=正印; system=SYS05 印星系统; m3_refs=I09／X09／CA09／BD09／CF09; summary_only=true,0.2
M4-BASE-093,偏印｜正常关系功能来源,L1 正常功能来源,BASE-十神功能,通用,基础,偏印,I10／X10／CA10／BD10／CF10,M3中I10／X10／CA10／BD10／CF10至少一项对应功能可靠成立；共享引擎确认偏印性质有效；未命中真合化替换；完成source_id去重。,M3相关功能停止；真合化后原十神失效；仅有单一弱远无根信号；或现实反例明确显示该功能并不稳定出现。,由共享基础引擎提供；只修正承载与执行，不直接等同强弱人格。,由M2接口提供；夫妻星只参与关系议题权重，不单独生成盲点。,由M3-BASE与共享引擎提供；不得把日支直接写成配偶性格。,无／待后续规则组合,由共享基础引擎判定,由共享基础引擎判定,由共享基础引擎判定,喜忌只修正调用摩擦与平衡，不直接等同好坏。,原十神性质有效；真合化成立时按化神系统替换。,由共享基础引擎判定,90,functional_origin +12（同源只计一次）,functional_origin,偏印在M4中的起点不是负面标签，而是：深度整理、选择性开放、保留私人空间、专业判断和复杂信息内化。,这项反应原本的功能是：深度整理、选择性开放、保留私人空间、专业判断和复杂信息内化。,不得推出冷漠、回避型依恋、秘密多或不在乎关系；是否形成沉默断链需现实行为验证。,中高,待验证,,provisional=true; ten_god=偏印; system=SYS05 印星系统; m3_refs=I10／X10／CA10／BD10／CF10; subtype=normal,0.2
M4-BASE-094,偏印｜K01过用放大候选,L2 十神失衡候选,BASE-十神功能,通用,失衡候选,偏印,K01 过用放大,M3中I10／X10／CA10／BD10／CF10至少一项对应功能可靠成立；共享引擎确认偏印性质有效；未命中真合化替换；完成source_id去重。；另有过旺失衡、压力下抢先启动、重复行为或缺少调节中的至少一项独立证据。,M3相关功能停止；真合化后原十神失效；仅有单一弱远无根信号；或现实反例明确显示该功能并不稳定出现。；旺而平衡且制化／通关有效。,由共享基础引擎提供；只修正承载与执行，不直接等同强弱人格。,由M2接口提供；夫妻星只参与关系议题权重，不单独生成盲点。,由M3-BASE与共享引擎提供；不得把日支直接写成配偶性格。,无／待后续规则组合,由共享基础引擎判定,由共享基础引擎判定,过旺失衡、抢先启动或现实重复证据；旺而平衡不自动成立。,喜忌只修正调用摩擦与平衡，不直接等同好坏。,原十神性质有效；真合化成立时按化神系统替换。,由共享基础引擎判定,84,K01候选 +8,imbalance_mechanism,偏印的正常功能在调用强度过高或长期抢先时，可能表现为：内部分析和沉默持续过久，以私人逻辑替代可沟通回应，暂停失去明确回归路径。,当这项方式被过度调用时，你可能更容易：内部分析和沉默持续过久，以私人逻辑替代可沟通回应，暂停失去明确回归路径。,不得推出冷漠、回避型依恋、秘密多或不在乎关系；是否形成沉默断链需现实行为验证。,中,待验证,,provisional=true; ten_god=偏印; system=SYS05 印星系统; m3_refs=I10／X10／CA10／BD10／CF10; imbalance=K01,0.2
M4-BASE-095,偏印｜K02功能不足候选,L2 十神失衡候选,BASE-十神功能,通用,失衡候选,偏印,K02 功能不足,M3或关系路径显示偏印对应功能为必要环节；该功能偏弱无助、受阻或长期缺少现实出口；无可靠替代通道。,该功能弱而有助；存在有效替代通道；现实行为显示此功能稳定可用。,由共享基础引擎提供；只修正承载与执行，不直接等同强弱人格。,由M2接口提供；夫妻星只参与关系议题权重，不单独生成盲点。,由M3-BASE与共享引擎提供；不得把日支直接写成配偶性格。,无／待后续规则组合,由共享基础引擎判定,由共享基础引擎判定,偏弱无助／转换受阻／现实缺位,喜忌只修正调用摩擦与平衡，不直接等同好坏。,原十神性质有效；真合化成立时按化神系统替换。,由共享基础引擎判定,83,K02候选 +8,missing_function,当偏印功能是关系路径的必要环节却缺少稳定出口时，可能出现：缺少反思、独处和整理空间，复杂感受来不及消化就进入表达或行动。,另一项需要继续确认的功能是：缺少反思、独处和整理空间，复杂感受来不及消化就进入表达或行动。,不得推出冷漠、回避型依恋、秘密多或不在乎关系；是否形成沉默断链需现实行为验证。,中,待验证,,provisional=true; ten_god=偏印; system=SYS05 印星系统; m3_refs=I10／X10／CA10／BD10／CF10; imbalance=K02,0.2
M4-BASE-096,偏印｜K03单通道替代候选,L2 十神失衡候选,BASE-十神功能,通用,组合候选,偏印,K03 单通道替代,M3中I10／X10／CA10／BD10／CF10至少一项对应功能可靠成立；共享引擎确认偏印性质有效；未命中真合化替换；完成source_id去重。；当前关系任务还需要另一系统功能，但该功能不足、延后或被偏印通道替代。,另一功能已经有效进入并形成分工；仅为同一功能的不同表述。,由共享基础引擎提供；只修正承载与执行，不直接等同强弱人格。,由M2接口提供；夫妻星只参与关系议题权重，不单独生成盲点。,由M3-BASE与共享引擎提供；不得把日支直接写成配偶性格。,偏印功能替代另一必要功能；需由后续OVERUSE确认,由共享基础引擎判定,由共享基础引擎判定,由共享基础引擎判定,喜忌只修正调用摩擦与平衡，不直接等同好坏。,原十神性质有效；真合化成立时按化神系统替换。,由共享基础引擎判定,82,K03候选 +6,imbalance_mechanism,把“我已经想明白”替代“我已经让对方知道并完成协商”。,需要留意的是，是否会出现：把“我已经想明白”替代“我已经让对方知道并完成协商”。,不得推出冷漠、回避型依恋、秘密多或不在乎关系；是否形成沉默断链需现实行为验证。,中,待验证,,provisional=true; ten_god=偏印; system=SYS05 印星系统; m3_refs=I10／X10／CA10／BD10／CF10; imbalance=K03,0.2
M4-BASE-097,偏印｜K04处理顺序错位候选,L2 十神失衡候选,BASE-十神功能,通用,路径候选,偏印,K04 处理顺序错位,M3中I10／X10／CA10／BD10／CF10至少一项对应功能可靠成立；共享引擎确认偏印性质有效；未命中真合化替换；完成source_id去重。；至少另一项功能真实存在，但在对应情境中进入过晚；有M3-FLOW或现实顺序证据。,只有静态五行生克而无现实／M3顺序证据；另一功能并非该情境必要。,由共享基础引擎提供；只修正承载与执行，不直接等同强弱人格。,由M2接口提供；夫妻星只参与关系议题权重，不单独生成盲点。,由M3-BASE与共享引擎提供；不得把日支直接写成配偶性格。,先暂停和内化，但没有说明范围、时间或回来沟通的条件。,由共享基础引擎判定,由共享基础引擎判定,由共享基础引擎判定,喜忌只修正调用摩擦与平衡，不直接等同好坏。,原十神性质有效；真合化成立时按化神系统替换。,由共享基础引擎判定,81,K04候选 +6,flow_path,先暂停和内化，但没有说明范围、时间或回来沟通的条件。,在处理顺序上，可能需要观察：先暂停和内化，但没有说明范围、时间或回来沟通的条件。,不得推出冷漠、回避型依恋、秘密多或不在乎关系；是否形成沉默断链需现实行为验证。,中低,待验证,,provisional=true; ten_god=偏印; system=SYS05 印星系统; m3_refs=I10／X10／CA10／BD10／CF10; imbalance=K04,0.2
M4-BASE-098,偏印｜调节与保护因子候选,L3 五系统与流向,BASE-十神功能,通用,保护候选,偏印,BF调节功能,食伤把内部结论转为语言；正官建立回归约定；比劫说明空间与边界。；且调节信号有效、有根、位置可进入关系核心或现实行为已有支持。,调节信号仅结构存在但弱远无根；真合化后已失效；现实中未形成可调用行为。,由共享基础引擎提供；只修正承载与执行，不直接等同强弱人格。,由M2接口提供；夫妻星只参与关系议题权重，不单独生成盲点。,由M3-BASE与共享引擎提供；不得把日支直接写成配偶性格。,食伤把内部结论转为语言；正官建立回归约定；比劫说明空间与边界。,由共享基础引擎判定,由共享基础引擎判定,由共享基础引擎判定,喜忌只修正调用摩擦与平衡，不直接等同好坏。,原十神性质有效；真合化成立时按化神系统替换。,由共享基础引擎判定,78,有效buffer −6至−10,buffer_factor,偏印失衡候选可由以下功能限制、补足或转换：食伤把内部结论转为语言；正官建立回归约定；比劫说明空间与边界。,使这一候选减弱的条件包括：食伤把内部结论转为语言；正官建立回归约定；比劫说明空间与边界。,保护因子存在不等于风险完全消失；不得把喜神或制化结构直接写成现实中一定成熟、一定会自我调节。,中,待验证,,provisional=true; ten_god=偏印; system=SYS05 印星系统; m3_refs=I10／X10／CA10／BD10／CF10; subtype=buffer,0.2
M4-BASE-099,偏印｜盲点主题路由候选,L2 十神失衡候选,BASE-十神功能,通用,路由,偏印,B13 暂停处理失去回归路径；B15 平稳与压力状态切换未被识别候选。,对应正常功能已成立；至少一个K01—K06机制候选通过门控；完成独立证据与保护因子检查。,仅有十神标签；机制不明；保护因素足以中断；现实反例明显。,由共享基础引擎提供；只修正承载与执行，不直接等同强弱人格。,由M2接口提供；夫妻星只参与关系议题权重，不单独生成盲点。,由M3-BASE与共享引擎提供；不得把日支直接写成配偶性格。,无／待后续规则组合,由共享基础引擎判定,由共享基础引擎判定,由共享基础引擎判定,喜忌只修正调用摩擦与平衡，不直接等同好坏。,原十神性质有效；真合化成立时按化神系统替换。,由共享基础引擎判定,76,路由至后续MISREAD／OVERUSE，不在BASE定案,blind_spot_candidate,偏印在BASE阶段可路由至：B13 暂停处理失去回归路径；B15 平稳与压力状态切换未被识别候选。，但最终盲点主题由后续模块裁定。,当前可保留的盲点方向是：B13 暂停处理失去回归路径；B15 平稳与压力状态切换未被识别候选。；它仍需结合触发情境和真实互动验证。,不得推出冷漠、回避型依恋、秘密多或不在乎关系；是否形成沉默断链需现实行为验证。,中低,待验证,,provisional=true; ten_god=偏印; system=SYS05 印星系统; m3_refs=I10／X10／CA10／BD10／CF10; route_only=true,0.2
M4-BASE-100,偏印｜用户解释摘要,L8 输出与停止,BASE-十神功能,通用,输出,偏印,B13 暂停处理失去回归路径；B15 平稳与压力状态切换未被识别候选。,偏印功能进入最终或暂定BASE输出；至少E1成立。,该候选被停止、真合化替换或保护因素足以降至E0。,由共享基础引擎提供；只修正承载与执行，不直接等同强弱人格。,由M2接口提供；夫妻星只参与关系议题权重，不单独生成盲点。,由M3-BASE与共享引擎提供；不得把日支直接写成配偶性格。,无／待后续规则组合,由共享基础引擎判定,由共享基础引擎判定,由共享基础引擎判定,喜忌只修正调用摩擦与平衡，不直接等同好坏。,原十神性质有效；真合化成立时按化神系统替换。,由共享基础引擎判定,68,不加分；摘要,basis_summary,用“正常功能—需要留意—保护条件”的顺序输出偏印BASE结论。,你原本需要一定空间整理复杂感受，这有助于避免仓促回应。需要留意的是，内部想清楚和让关系重新进入可沟通状态是两件事；暂停最好有范围、说明和回归路径。,不得推出冷漠、回避型依恋、秘密多或不在乎关系；是否形成沉默断链需现实行为验证。,中,待验证,,provisional=true; ten_god=偏印; system=SYS05 印星系统; m3_refs=I10／X10／CA10／BD10／CF10; summary_only=true,0.2
M4-BASE-101,SYS01 比劫系统｜正常功能总纲,L1 正常功能来源,BASE-五系统,通用,基础,SYS01 比劫系统,,M3至少一个对应十神通道有效；同系统正偏十神完成收敛；基础状态可靠。,同系统所有通道均停止或已真合化替换。,由共享基础引擎提供；只修正承载与执行，不直接等同强弱人格。,由M2接口提供；夫妻星只参与关系议题权重，不单独生成盲点。,由M3-BASE与共享引擎提供；不得把日支直接写成配偶性格。,无／待后续规则组合,由共享基础引擎判定,由共享基础引擎判定,由共享基础引擎判定,喜忌只修正调用摩擦与平衡，不直接等同好坏。,原十神性质有效；真合化成立时按化神系统替换。,由共享基础引擎判定,88,系统功能来源候选 +4（不与十神基础分重复）,functional_origin,比劫系统在关系中的正常任务是：自主、平等、边界、共同参与和决定权。系统层只做归类，不重复十神分数。,从功能系统看，你较常调用的是：自主、平等、边界、共同参与和决定权。,系统明显不等于人格标签，也不等于必然失衡；不得与同一十神source_id重复加分。,中高,待验证,,provisional=true; system=SYS01; subtype=normal; dedup_required=true,0.2
M4-BASE-102,SYS01 比劫系统｜K01系统过用候选,L3 五系统与流向,BASE-五系统,通用,失衡候选,SYS01 比劫系统,K01 过用放大,系统功能有效；过旺失衡、压力抢先、跨模块重复调用或现实重复中的至少两类证据成立。,旺而平衡且调节完整；仅有单一十神标签；现实反例明显。,由共享基础引擎提供；只修正承载与执行，不直接等同强弱人格。,由M2接口提供；夫妻星只参与关系议题权重，不单独生成盲点。,由M3-BASE与共享引擎提供；不得把日支直接写成配偶性格。,无／待后续规则组合,由共享基础引擎判定,由共享基础引擎判定,过旺失衡／多模块抢先／现实重复,喜忌只修正调用摩擦与平衡，不直接等同好坏。,原十神性质有效；真合化成立时按化神系统替换。,由共享基础引擎判定,80,K01系统候选 +6；与十神K01取较高值不叠加,imbalance_mechanism,比劫系统过用时可能表现为：机械对等、比较、防御、资源竞争或把妥协理解成失去自我。,当这一功能系统过度占位时，可能出现：机械对等、比较、防御、资源竞争或把妥协理解成失去自我。,不得把系统过用写成固定人格、道德问题或关系结局；需检查触发与保护因素。,中,待验证,,provisional=true; system=SYS01; imbalance=K01; max_not_sum=true,0.2
M4-BASE-103,SYS01 比劫系统｜K02系统不足候选,L3 五系统与流向,BASE-五系统,通用,失衡候选,SYS01 比劫系统,K02 功能不足,该系统是某条关系路径必要环节；相关通道弱而无助、被制受阻或现实行为长期缺位；无有效替代。,存在弱而有助或可替代通道；现实行为能够稳定完成该系统任务。,由共享基础引擎提供；只修正承载与执行，不直接等同强弱人格。,由M2接口提供；夫妻星只参与关系议题权重，不单独生成盲点。,由M3-BASE与共享引擎提供；不得把日支直接写成配偶性格。,无／待后续规则组合,由共享基础引擎判定,由共享基础引擎判定,弱而无助／被制受阻／现实缺位,喜忌只修正调用摩擦与平衡，不直接等同好坏。,原十神性质有效；真合化成立时按化神系统替换。,由共享基础引擎判定,79,K02系统候选 +6；与十神K02取较高值不叠加,missing_function,比劫系统不足时可能表现为：自身位置、拒绝、暂停和共同决定权难以稳定进入关系。,关系中可能较晚进入或需要补充的环节是：自身位置、拒绝、暂停和共同决定权难以稳定进入关系。,弱不等于没有；必须排除替代通道和现实反例，不得由此判断用户无能力或不成熟。,中,待验证,,provisional=true; system=SYS01; imbalance=K02; max_not_sum=true,0.2
M4-BASE-104,SYS01 比劫系统｜K03系统替代候选,L3 五系统与流向,BASE-五系统,通用,组合候选,SYS01 比劫系统,K03 单通道替代,系统功能有效且长期承担超出本系统范围的关系任务；被替代系统不足或延后；有M3顺序或现实行为支持。,多个系统已形成清楚分工；仅为同义表达；无被替代任务。,由共享基础引擎提供；只修正承载与执行，不直接等同强弱人格。,由M2接口提供；夫妻星只参与关系议题权重，不单独生成盲点。,由M3-BASE与共享引擎提供；不得把日支直接写成配偶性格。,无／待后续规则组合,由共享基础引擎判定,由共享基础引擎判定,由共享基础引擎判定,喜忌只修正调用摩擦与平衡，不直接等同好坏。,原十神性质有效；真合化成立时按化神系统替换。,由共享基础引擎判定,78,K03系统候选 +6,imbalance_mechanism,比劫系统可能被用来替代其他必要任务：用形式对等替代差异化分工、情绪照顾或现实责任。,需要观察是否会出现：用形式对等替代差异化分工、情绪照顾或现实责任。,不得只凭系统强弱判断替代关系；必须说明被替代的具体功能。,中低,待验证,,provisional=true; system=SYS01; imbalance=K03; route=B10／B12,0.2
M4-BASE-105,SYS02 食伤系统｜正常功能总纲,L1 正常功能来源,BASE-五系统,通用,基础,SYS02 食伤系统,,M3至少一个对应十神通道有效；同系统正偏十神完成收敛；基础状态可靠。,同系统所有通道均停止或已真合化替换。,由共享基础引擎提供；只修正承载与执行，不直接等同强弱人格。,由M2接口提供；夫妻星只参与关系议题权重，不单独生成盲点。,由M3-BASE与共享引擎提供；不得把日支直接写成配偶性格。,无／待后续规则组合,由共享基础引擎判定,由共享基础引擎判定,由共享基础引擎判定,喜忌只修正调用摩擦与平衡，不直接等同好坏。,原十神性质有效；真合化成立时按化神系统替换。,由共享基础引擎判定,88,系统功能来源候选 +4（不与十神基础分重复）,functional_origin,食伤系统在关系中的正常任务是：表达、澄清、互动、降温和将内部体验变成可沟通信息。系统层只做归类，不重复十神分数。,从功能系统看，你较常调用的是：表达、澄清、互动、降温和将内部体验变成可沟通信息。,系统明显不等于人格标签，也不等于必然失衡；不得与同一十神source_id重复加分。,中高,待验证,,provisional=true; system=SYS02; subtype=normal; dedup_required=true,0.2
M4-BASE-106,SYS02 食伤系统｜K01系统过用候选,L3 五系统与流向,BASE-五系统,通用,失衡候选,SYS02 食伤系统,K01 过用放大,系统功能有效；过旺失衡、压力抢先、跨模块重复调用或现实重复中的至少两类证据成立。,旺而平衡且调节完整；仅有单一十神标签；现实反例明显。,由共享基础引擎提供；只修正承载与执行，不直接等同强弱人格。,由M2接口提供；夫妻星只参与关系议题权重，不单独生成盲点。,由M3-BASE与共享引擎提供；不得把日支直接写成配偶性格。,无／待后续规则组合,由共享基础引擎判定,由共享基础引擎判定,过旺失衡／多模块抢先／现实重复,喜忌只修正调用摩擦与平衡，不直接等同好坏。,原十神性质有效；真合化成立时按化神系统替换。,由共享基础引擎判定,80,K01系统候选 +6；与十神K01取较高值不叠加,imbalance_mechanism,食伤系统过用时可能表现为：解释过载、逻辑抢先、舒适延后问题或表达替代理解。,当这一功能系统过度占位时，可能出现：解释过载、逻辑抢先、舒适延后问题或表达替代理解。,不得把系统过用写成固定人格、道德问题或关系结局；需检查触发与保护因素。,中,待验证,,provisional=true; system=SYS02; imbalance=K01; max_not_sum=true,0.2
M4-BASE-107,SYS02 食伤系统｜K02系统不足候选,L3 五系统与流向,BASE-五系统,通用,失衡候选,SYS02 食伤系统,K02 功能不足,该系统是某条关系路径必要环节；相关通道弱而无助、被制受阻或现实行为长期缺位；无有效替代。,存在弱而有助或可替代通道；现实行为能够稳定完成该系统任务。,由共享基础引擎提供；只修正承载与执行，不直接等同强弱人格。,由M2接口提供；夫妻星只参与关系议题权重，不单独生成盲点。,由M3-BASE与共享引擎提供；不得把日支直接写成配偶性格。,无／待后续规则组合,由共享基础引擎判定,由共享基础引擎判定,弱而无助／被制受阻／现实缺位,喜忌只修正调用摩擦与平衡，不直接等同好坏。,原十神性质有效；真合化成立时按化神系统替换。,由共享基础引擎判定,79,K02系统候选 +6；与十神K02取较高值不叠加,missing_function,食伤系统不足时可能表现为：需求、感受和关键信息难以被看见，修复缺少语言回流。,关系中可能较晚进入或需要补充的环节是：需求、感受和关键信息难以被看见，修复缺少语言回流。,弱不等于没有；必须排除替代通道和现实反例，不得由此判断用户无能力或不成熟。,中,待验证,,provisional=true; system=SYS02; imbalance=K02; max_not_sum=true,0.2
M4-BASE-108,SYS02 食伤系统｜K03系统替代候选,L3 五系统与流向,BASE-五系统,通用,组合候选,SYS02 食伤系统,K03 单通道替代,系统功能有效且长期承担超出本系统范围的关系任务；被替代系统不足或延后；有M3顺序或现实行为支持。,多个系统已形成清楚分工；仅为同义表达；无被替代任务。,由共享基础引擎提供；只修正承载与执行，不直接等同强弱人格。,由M2接口提供；夫妻星只参与关系议题权重，不单独生成盲点。,由M3-BASE与共享引擎提供；不得把日支直接写成配偶性格。,无／待后续规则组合,由共享基础引擎判定,由共享基础引擎判定,由共享基础引擎判定,喜忌只修正调用摩擦与平衡，不直接等同好坏。,原十神性质有效；真合化成立时按化神系统替换。,由共享基础引擎判定,78,K03系统候选 +6,imbalance_mechanism,食伤系统可能被用来替代其他必要任务：用说清楚或维持气氛替代倾听、责任、行动和边界执行。,需要观察是否会出现：用说清楚或维持气氛替代倾听、责任、行动和边界执行。,不得只凭系统强弱判断替代关系；必须说明被替代的具体功能。,中低,待验证,,provisional=true; system=SYS02; imbalance=K03; route=B05／B06／B11,0.2
M4-BASE-109,SYS03 财星系统｜正常功能总纲,L1 正常功能来源,BASE-五系统,通用,基础,SYS03 财星系统,,M3至少一个对应十神通道有效；同系统正偏十神完成收敛；基础状态可靠。,同系统所有通道均停止或已真合化替换。,由共享基础引擎提供；只修正承载与执行，不直接等同强弱人格。,由M2接口提供；夫妻星只参与关系议题权重，不单独生成盲点。,由M3-BASE与共享引擎提供；不得把日支直接写成配偶性格。,无／待后续规则组合,由共享基础引擎判定,由共享基础引擎判定,由共享基础引擎判定,喜忌只修正调用摩擦与平衡，不直接等同好坏。,原十神性质有效；真合化成立时按化神系统替换。,由共享基础引擎判定,88,系统功能来源候选 +4（不与十神基础分重复）,functional_origin,财星系统在关系中的正常任务是：投入、资源、生活经营、现实落实和共同体验。系统层只做归类，不重复十神分数。,从功能系统看，你较常调用的是：投入、资源、生活经营、现实落实和共同体验。,系统明显不等于人格标签，也不等于必然失衡；不得与同一十神source_id重复加分。,中高,待验证,,provisional=true; system=SYS03; subtype=normal; dedup_required=true,0.2
M4-BASE-110,SYS03 财星系统｜K01系统过用候选,L3 五系统与流向,BASE-五系统,通用,失衡候选,SYS03 财星系统,K01 过用放大,系统功能有效；过旺失衡、压力抢先、跨模块重复调用或现实重复中的至少两类证据成立。,旺而平衡且调节完整；仅有单一十神标签；现实反例明显。,由共享基础引擎提供；只修正承载与执行，不直接等同强弱人格。,由M2接口提供；夫妻星只参与关系议题权重，不单独生成盲点。,由M3-BASE与共享引擎提供；不得把日支直接写成配偶性格。,无／待后续规则组合,由共享基础引擎判定,由共享基础引擎判定,过旺失衡／多模块抢先／现实重复,喜忌只修正调用摩擦与平衡，不直接等同好坏。,原十神性质有效；真合化成立时按化神系统替换。,由共享基础引擎判定,80,K01系统候选 +6；与十神K01取较高值不叠加,imbalance_mechanism,财星系统过用时可能表现为：付出记账、任务替代情绪、氛围替代稳定或资源边界模糊。,当这一功能系统过度占位时，可能出现：付出记账、任务替代情绪、氛围替代稳定或资源边界模糊。,不得把系统过用写成固定人格、道德问题或关系结局；需检查触发与保护因素。,中,待验证,,provisional=true; system=SYS03; imbalance=K01; max_not_sum=true,0.2
M4-BASE-111,SYS03 财星系统｜K02系统不足候选,L3 五系统与流向,BASE-五系统,通用,失衡候选,SYS03 财星系统,K02 功能不足,该系统是某条关系路径必要环节；相关通道弱而无助、被制受阻或现实行为长期缺位；无有效替代。,存在弱而有助或可替代通道；现实行为能够稳定完成该系统任务。,由共享基础引擎提供；只修正承载与执行，不直接等同强弱人格。,由M2接口提供；夫妻星只参与关系议题权重，不单独生成盲点。,由M3-BASE与共享引擎提供；不得把日支直接写成配偶性格。,无／待后续规则组合,由共享基础引擎判定,由共享基础引擎判定,弱而无助／被制受阻／现实缺位,喜忌只修正调用摩擦与平衡，不直接等同好坏。,原十神性质有效；真合化成立时按化神系统替换。,由共享基础引擎判定,79,K02系统候选 +6；与十神K02取较高值不叠加,missing_function,财星系统不足时可能表现为：承诺和表达难以落地，关系缺少持续时间、资源与日常安排。,关系中可能较晚进入或需要补充的环节是：承诺和表达难以落地，关系缺少持续时间、资源与日常安排。,弱不等于没有；必须排除替代通道和现实反例，不得由此判断用户无能力或不成熟。,中,待验证,,provisional=true; system=SYS03; imbalance=K02; max_not_sum=true,0.2
M4-BASE-112,SYS03 财星系统｜K03系统替代候选,L3 五系统与流向,BASE-五系统,通用,组合候选,SYS03 财星系统,K03 单通道替代,系统功能有效且长期承担超出本系统范围的关系任务；被替代系统不足或延后；有M3顺序或现实行为支持。,多个系统已形成清楚分工；仅为同义表达；无被替代任务。,由共享基础引擎提供；只修正承载与执行，不直接等同强弱人格。,由M2接口提供；夫妻星只参与关系议题权重，不单独生成盲点。,由M3-BASE与共享引擎提供；不得把日支直接写成配偶性格。,无／待后续规则组合,由共享基础引擎判定,由共享基础引擎判定,由共享基础引擎判定,喜忌只修正调用摩擦与平衡，不直接等同好坏。,原十神性质有效；真合化成立时按化神系统替换。,由共享基础引擎判定,78,K03系统候选 +6,imbalance_mechanism,财星系统可能被用来替代其他必要任务：用投入或体验替代明确承诺、情绪处理和双方协商。,需要观察是否会出现：用投入或体验替代明确承诺、情绪处理和双方协商。,不得只凭系统强弱判断替代关系；必须说明被替代的具体功能。,中低,待验证,,provisional=true; system=SYS03; imbalance=K03; route=B02／B03／B07,0.2
M4-BASE-113,SYS04 官杀系统｜正常功能总纲,L1 正常功能来源,BASE-五系统,通用,基础,SYS04 官杀系统,,M3至少一个对应十神通道有效；同系统正偏十神完成收敛；基础状态可靠。,同系统所有通道均停止或已真合化替换。,由共享基础引擎提供；只修正承载与执行，不直接等同强弱人格。,由M2接口提供；夫妻星只参与关系议题权重，不单独生成盲点。,由M3-BASE与共享引擎提供；不得把日支直接写成配偶性格。,无／待后续规则组合,由共享基础引擎判定,由共享基础引擎判定,由共享基础引擎判定,喜忌只修正调用摩擦与平衡，不直接等同好坏。,原十神性质有效；真合化成立时按化神系统替换。,由共享基础引擎判定,88,系统功能来源候选 +4（不与十神基础分重复）,functional_origin,官杀系统在关系中的正常任务是：承诺、责任、规则、行动、推进、保护和止损。系统层只做归类，不重复十神分数。,从功能系统看，你较常调用的是：承诺、责任、规则、行动、推进、保护和止损。,系统明显不等于人格标签，也不等于必然失衡；不得与同一十神source_id重复加分。,中高,待验证,,provisional=true; system=SYS04; subtype=normal; dedup_required=true,0.2
M4-BASE-114,SYS04 官杀系统｜K01系统过用候选,L3 五系统与流向,BASE-五系统,通用,失衡候选,SYS04 官杀系统,K01 过用放大,系统功能有效；过旺失衡、压力抢先、跨模块重复调用或现实重复中的至少两类证据成立。,旺而平衡且调节完整；仅有单一十神标签；现实反例明显。,由共享基础引擎提供；只修正承载与执行，不直接等同强弱人格。,由M2接口提供；夫妻星只参与关系议题权重，不单独生成盲点。,由M3-BASE与共享引擎提供；不得把日支直接写成配偶性格。,无／待后续规则组合,由共享基础引擎判定,由共享基础引擎判定,过旺失衡／多模块抢先／现实重复,喜忌只修正调用摩擦与平衡，不直接等同好坏。,原十神性质有效；真合化成立时按化神系统替换。,由共享基础引擎判定,80,K01系统候选 +6；与十神K01取较高值不叠加,imbalance_mechanism,官杀系统过用时可能表现为：规则僵化、压力升级、行动越过协商或解决问题替代感受。,当这一功能系统过度占位时，可能出现：规则僵化、压力升级、行动越过协商或解决问题替代感受。,不得把系统过用写成固定人格、道德问题或关系结局；需检查触发与保护因素。,中,待验证,,provisional=true; system=SYS04; imbalance=K01; max_not_sum=true,0.2
M4-BASE-115,SYS04 官杀系统｜K02系统不足候选,L3 五系统与流向,BASE-五系统,通用,失衡候选,SYS04 官杀系统,K02 功能不足,该系统是某条关系路径必要环节；相关通道弱而无助、被制受阻或现实行为长期缺位；无有效替代。,存在弱而有助或可替代通道；现实行为能够稳定完成该系统任务。,由共享基础引擎提供；只修正承载与执行，不直接等同强弱人格。,由M2接口提供；夫妻星只参与关系议题权重，不单独生成盲点。,由M3-BASE与共享引擎提供；不得把日支直接写成配偶性格。,无／待后续规则组合,由共享基础引擎判定,由共享基础引擎判定,弱而无助／被制受阻／现实缺位,喜忌只修正调用摩擦与平衡，不直接等同好坏。,原十神性质有效；真合化成立时按化神系统替换。,由共享基础引擎判定,79,K02系统候选 +6；与十神K02取较高值不叠加,missing_function,官杀系统不足时可能表现为：关系责任不明、决定拖延、方案缺少执行和后续兑现。,关系中可能较晚进入或需要补充的环节是：关系责任不明、决定拖延、方案缺少执行和后续兑现。,弱不等于没有；必须排除替代通道和现实反例，不得由此判断用户无能力或不成熟。,中,待验证,,provisional=true; system=SYS04; imbalance=K02; max_not_sum=true,0.2
M4-BASE-116,SYS04 官杀系统｜K03系统替代候选,L3 五系统与流向,BASE-五系统,通用,组合候选,SYS04 官杀系统,K03 单通道替代,系统功能有效且长期承担超出本系统范围的关系任务；被替代系统不足或延后；有M3顺序或现实行为支持。,多个系统已形成清楚分工；仅为同义表达；无被替代任务。,由共享基础引擎提供；只修正承载与执行，不直接等同强弱人格。,由M2接口提供；夫妻星只参与关系议题权重，不单独生成盲点。,由M3-BASE与共享引擎提供；不得把日支直接写成配偶性格。,无／待后续规则组合,由共享基础引擎判定,由共享基础引擎判定,由共享基础引擎判定,喜忌只修正调用摩擦与平衡，不直接等同好坏。,原十神性质有效；真合化成立时按化神系统替换。,由共享基础引擎判定,78,K03系统候选 +6,imbalance_mechanism,官杀系统可能被用来替代其他必要任务：用责任姿态、规则或行动速度替代理解、共同决定和修复。,需要观察是否会出现：用责任姿态、规则或行动速度替代理解、共同决定和修复。,不得只凭系统强弱判断替代关系；必须说明被替代的具体功能。,中低,待验证,,provisional=true; system=SYS04; imbalance=K03; route=B06／B08／B14,0.2
M4-BASE-117,SYS05 印星系统｜正常功能总纲,L1 正常功能来源,BASE-五系统,通用,基础,SYS05 印星系统,,M3至少一个对应十神通道有效；同系统正偏十神完成收敛；基础状态可靠。,同系统所有通道均停止或已真合化替换。,由共享基础引擎提供；只修正承载与执行，不直接等同强弱人格。,由M2接口提供；夫妻星只参与关系议题权重，不单独生成盲点。,由M3-BASE与共享引擎提供；不得把日支直接写成配偶性格。,无／待后续规则组合,由共享基础引擎判定,由共享基础引擎判定,由共享基础引擎判定,喜忌只修正调用摩擦与平衡，不直接等同好坏。,原十神性质有效；真合化成立时按化神系统替换。,由共享基础引擎判定,88,系统功能来源候选 +4（不与十神基础分重复）,functional_origin,印星系统在关系中的正常任务是：理解、承接、支持、安全恢复、内部整理和经验复盘。系统层只做归类，不重复十神分数。,从功能系统看，你较常调用的是：理解、承接、支持、安全恢复、内部整理和经验复盘。,系统明显不等于人格标签，也不等于必然失衡；不得与同一十神source_id重复加分。,中高,待验证,,provisional=true; system=SYS05; subtype=normal; dedup_required=true,0.2
M4-BASE-118,SYS05 印星系统｜K01系统过用候选,L3 五系统与流向,BASE-五系统,通用,失衡候选,SYS05 印星系统,K01 过用放大,系统功能有效；过旺失衡、压力抢先、跨模块重复调用或现实重复中的至少两类证据成立。,旺而平衡且调节完整；仅有单一十神标签；现实反例明显。,由共享基础引擎提供；只修正承载与执行，不直接等同强弱人格。,由M2接口提供；夫妻星只参与关系议题权重，不单独生成盲点。,由M3-BASE与共享引擎提供；不得把日支直接写成配偶性格。,无／待后续规则组合,由共享基础引擎判定,由共享基础引擎判定,过旺失衡／多模块抢先／现实重复,喜忌只修正调用摩擦与平衡，不直接等同好坏。,原十神性质有效；真合化成立时按化神系统替换。,由共享基础引擎判定,80,K01系统候选 +6；与十神K01取较高值不叠加,imbalance_mechanism,印星系统过用时可能表现为：理解替代改变、照顾替代边界、沉默过久或长期承接。,当这一功能系统过度占位时，可能出现：理解替代改变、照顾替代边界、沉默过久或长期承接。,不得把系统过用写成固定人格、道德问题或关系结局；需检查触发与保护因素。,中,待验证,,provisional=true; system=SYS05; imbalance=K01; max_not_sum=true,0.2
M4-BASE-119,SYS05 印星系统｜K02系统不足候选,L3 五系统与流向,BASE-五系统,通用,失衡候选,SYS05 印星系统,K02 功能不足,该系统是某条关系路径必要环节；相关通道弱而无助、被制受阻或现实行为长期缺位；无有效替代。,存在弱而有助或可替代通道；现实行为能够稳定完成该系统任务。,由共享基础引擎提供；只修正承载与执行，不直接等同强弱人格。,由M2接口提供；夫妻星只参与关系议题权重，不单独生成盲点。,由M3-BASE与共享引擎提供；不得把日支直接写成配偶性格。,无／待后续规则组合,由共享基础引擎判定,由共享基础引擎判定,弱而无助／被制受阻／现实缺位,喜忌只修正调用摩擦与平衡，不直接等同好坏。,原十神性质有效；真合化成立时按化神系统替换。,由共享基础引擎判定,79,K02系统候选 +6；与十神K02取较高值不叠加,missing_function,印星系统不足时可能表现为：难以接受支持、恢复安全、内部复核或在处理后重新开放。,关系中可能较晚进入或需要补充的环节是：难以接受支持、恢复安全、内部复核或在处理后重新开放。,弱不等于没有；必须排除替代通道和现实反例，不得由此判断用户无能力或不成熟。,中,待验证,,provisional=true; system=SYS05; imbalance=K02; max_not_sum=true,0.2
M4-BASE-120,SYS05 印星系统｜K03系统替代候选,L3 五系统与流向,BASE-五系统,通用,组合候选,SYS05 印星系统,K03 单通道替代,系统功能有效且长期承担超出本系统范围的关系任务；被替代系统不足或延后；有M3顺序或现实行为支持。,多个系统已形成清楚分工；仅为同义表达；无被替代任务。,由共享基础引擎提供；只修正承载与执行，不直接等同强弱人格。,由M2接口提供；夫妻星只参与关系议题权重，不单独生成盲点。,由M3-BASE与共享引擎提供；不得把日支直接写成配偶性格。,无／待后续规则组合,由共享基础引擎判定,由共享基础引擎判定,由共享基础引擎判定,喜忌只修正调用摩擦与平衡，不直接等同好坏。,原十神性质有效；真合化成立时按化神系统替换。,由共享基础引擎判定,78,K03系统候选 +6,imbalance_mechanism,印星系统可能被用来替代其他必要任务：用理解、原因解释或私人整理替代明确表达、责任和现实调整。,需要观察是否会出现：用理解、原因解释或私人整理替代明确表达、责任和现实调整。,不得只凭系统强弱判断替代关系；必须说明被替代的具体功能。,中低,待验证,,provisional=true; system=SYS05; imbalance=K03; route=B09／B13／B14／B15,0.2
M4-BASE-121,生助桥接｜印→比劫正常转换,L3 五系统与流向,BASE-流向卡点,通用,通关候选,SYS05 印星系统,SYS01 比劫系统,SYS05 印星系统与SYS01 比劫系统均有效；存在真实M3路径或独立关系行为支持；非仅静态五行相生。,只有五行相生标签；起点或终点无根弱远；真合化后路径改变。,由共享基础引擎提供；只修正承载与执行，不直接等同强弱人格。,由M2接口提供；夫妻星只参与关系议题权重，不单独生成盲点。,由M3-BASE与共享引擎提供；不得把日支直接写成配偶性格。,印→比劫 正常桥接,由共享基础引擎判定,由共享基础引擎判定,由共享基础引擎判定,喜忌只修正调用摩擦与平衡，不直接等同好坏。,原十神性质有效；真合化成立时按化神系统替换。,由共享基础引擎判定,77,有效通关／buffer −6,buffer_factor,先通过理解、内部确认和安全恢复，形成更稳定的自身立场与边界。,若这条转换有效，意味着：内部确认能够转为边界和决定权。,五行相生只提供潜在方向，不能单独推出现实处理顺序或成熟度。,中,待验证,,provisional=true; flow=印→比劫; type=generating_bridge,0.2
M4-BASE-122,生助桥接｜比劫→食伤正常转换,L3 五系统与流向,BASE-流向卡点,通用,通关候选,SYS01 比劫系统,SYS02 食伤系统,SYS01 比劫系统与SYS02 食伤系统均有效；存在真实M3路径或独立关系行为支持；非仅静态五行相生。,只有五行相生标签；起点或终点无根弱远；真合化后路径改变。,由共享基础引擎提供；只修正承载与执行，不直接等同强弱人格。,由M2接口提供；夫妻星只参与关系议题权重，不单独生成盲点。,由M3-BASE与共享引擎提供；不得把日支直接写成配偶性格。,比劫→食伤 正常桥接,由共享基础引擎判定,由共享基础引擎判定,由共享基础引擎判定,喜忌只修正调用摩擦与平衡，不直接等同好坏。,原十神性质有效；真合化成立时按化神系统替换。,由共享基础引擎判定,77,有效通关／buffer −6,buffer_factor,先确认自身位置和双方权限，再把需要、边界与不同意见说清楚。,若这条转换有效，意味着：边界能够转为可沟通信息。,五行相生只提供潜在方向，不能单独推出现实处理顺序或成熟度。,中,待验证,,provisional=true; flow=比劫→食伤; type=generating_bridge,0.2
M4-BASE-123,生助桥接｜食伤→财正常转换,L3 五系统与流向,BASE-流向卡点,通用,通关候选,SYS02 食伤系统,SYS03 财星系统,SYS02 食伤系统与SYS03 财星系统均有效；存在真实M3路径或独立关系行为支持；非仅静态五行相生。,只有五行相生标签；起点或终点无根弱远；真合化后路径改变。,由共享基础引擎提供；只修正承载与执行，不直接等同强弱人格。,由M2接口提供；夫妻星只参与关系议题权重，不单独生成盲点。,由M3-BASE与共享引擎提供；不得把日支直接写成配偶性格。,食伤→财 正常桥接,由共享基础引擎判定,由共享基础引擎判定,由共享基础引擎判定,喜忌只修正调用摩擦与平衡，不直接等同好坏。,原十神性质有效；真合化成立时按化神系统替换。,由共享基础引擎判定,77,有效通关／buffer −6,buffer_factor,把表达、共识和互动转成时间、资源、安排和持续行动。,若这条转换有效，意味着：语言能够转为现实落实。,五行相生只提供潜在方向，不能单独推出现实处理顺序或成熟度。,中,待验证,,provisional=true; flow=食伤→财; type=generating_bridge,0.2
M4-BASE-124,生助桥接｜财→官杀正常转换,L3 五系统与流向,BASE-流向卡点,通用,通关候选,SYS03 财星系统,SYS04 官杀系统,SYS03 财星系统与SYS04 官杀系统均有效；存在真实M3路径或独立关系行为支持；非仅静态五行相生。,只有五行相生标签；起点或终点无根弱远；真合化后路径改变。,由共享基础引擎提供；只修正承载与执行，不直接等同强弱人格。,由M2接口提供；夫妻星只参与关系议题权重，不单独生成盲点。,由M3-BASE与共享引擎提供；不得把日支直接写成配偶性格。,财→官杀 正常桥接,由共享基础引擎判定,由共享基础引擎判定,由共享基础引擎判定,喜忌只修正调用摩擦与平衡，不直接等同好坏。,原十神性质有效；真合化成立时按化神系统替换。,由共享基础引擎判定,77,有效通关／buffer −6,buffer_factor,把持续投入和现实安排进一步转成清楚责任、承诺和执行主体。,若这条转换有效，意味着：投入能够转为责任与承诺。,五行相生只提供潜在方向，不能单独推出现实处理顺序或成熟度。,中,待验证,,provisional=true; flow=财→官杀; type=generating_bridge,0.2
M4-BASE-125,生助桥接｜官杀→印正常转换,L3 五系统与流向,BASE-流向卡点,通用,通关候选,SYS04 官杀系统,SYS05 印星系统,SYS04 官杀系统与SYS05 印星系统均有效；存在真实M3路径或独立关系行为支持；非仅静态五行相生。,只有五行相生标签；起点或终点无根弱远；真合化后路径改变。,由共享基础引擎提供；只修正承载与执行，不直接等同强弱人格。,由M2接口提供；夫妻星只参与关系议题权重，不单独生成盲点。,由M3-BASE与共享引擎提供；不得把日支直接写成配偶性格。,官杀→印 正常桥接,由共享基础引擎判定,由共享基础引擎判定,由共享基础引擎判定,喜忌只修正调用摩擦与平衡，不直接等同好坏。,原十神性质有效；真合化成立时按化神系统替换。,由共享基础引擎判定,77,有效通关／buffer −6,buffer_factor,通过行动、守约和责任兑现，恢复理解、安全和再次开放。,若这条转换有效，意味着：行动与承诺能够形成安全回流。,五行相生只提供潜在方向，不能单独推出现实处理顺序或成熟度。,中,待验证,,provisional=true; flow=官杀→印; type=generating_bridge,0.2
M4-BASE-126,流通卡点｜印→比劫受阻,L3 五系统与流向,BASE-流向卡点,通用,失衡候选,SYS05 印星系统,SYS01 比劫系统,SYS05 印星系统功能有效；SYS01 比劫系统为关系路径必要环节但弱而无助、被制或现实缺位；至少一项M3路径／现实证据支持。,终点系统有效且已完成转换；只有静态五行关系；存在可靠替代桥梁。,由共享基础引擎提供；只修正承载与执行，不直接等同强弱人格。,由M2接口提供；夫妻星只参与关系议题权重，不单独生成盲点。,由M3-BASE与共享引擎提供；不得把日支直接写成配偶性格。,印→比劫受阻,由共享基础引擎判定,由共享基础引擎判定,由共享基础引擎判定,喜忌只修正调用摩擦与平衡，不直接等同好坏。,原十神性质有效；真合化成立时按化神系统替换。,由共享基础引擎判定,82,K06候选 +6；若完整卡点另 +6,missing_function,能够理解或内部想清楚，但难以形成清楚立场、拒绝或共同决定。,需要留意的转换卡点是：能够理解或内部想清楚，但难以形成清楚立场、拒绝或共同决定。,不得把转换受阻写成永远无法改变；需检查通关、制化、现实行为和阶段状态。,中,待验证,,provisional=true; flow=印→比劫受阻; imbalance=K06; blind_route=B09／B12,0.2
M4-BASE-127,流通卡点｜比劫→食伤受阻,L3 五系统与流向,BASE-流向卡点,通用,失衡候选,SYS01 比劫系统,SYS02 食伤系统,SYS01 比劫系统功能有效；SYS02 食伤系统为关系路径必要环节但弱而无助、被制或现实缺位；至少一项M3路径／现实证据支持。,终点系统有效且已完成转换；只有静态五行关系；存在可靠替代桥梁。,由共享基础引擎提供；只修正承载与执行，不直接等同强弱人格。,由M2接口提供；夫妻星只参与关系议题权重，不单独生成盲点。,由M3-BASE与共享引擎提供；不得把日支直接写成配偶性格。,比劫→食伤受阻,由共享基础引擎判定,由共享基础引擎判定,由共享基础引擎判定,喜忌只修正调用摩擦与平衡，不直接等同好坏。,原十神性质有效；真合化成立时按化神系统替换。,由共享基础引擎判定,82,K06候选 +6；若完整卡点另 +6,missing_function,知道自己的位置和界限，却难以把它转成对方能够接收的语言。,需要留意的转换卡点是：知道自己的位置和界限，却难以把它转成对方能够接收的语言。,不得把转换受阻写成永远无法改变；需检查通关、制化、现实行为和阶段状态。,中,待验证,,provisional=true; flow=比劫→食伤受阻; imbalance=K06; blind_route=B10／B13,0.2
M4-BASE-128,流通卡点｜食伤→财受阻,L3 五系统与流向,BASE-流向卡点,通用,失衡候选,SYS02 食伤系统,SYS03 财星系统,SYS02 食伤系统功能有效；SYS03 财星系统为关系路径必要环节但弱而无助、被制或现实缺位；至少一项M3路径／现实证据支持。,终点系统有效且已完成转换；只有静态五行关系；存在可靠替代桥梁。,由共享基础引擎提供；只修正承载与执行，不直接等同强弱人格。,由M2接口提供；夫妻星只参与关系议题权重，不单独生成盲点。,由M3-BASE与共享引擎提供；不得把日支直接写成配偶性格。,食伤→财受阻,由共享基础引擎判定,由共享基础引擎判定,由共享基础引擎判定,喜忌只修正调用摩擦与平衡，不直接等同好坏。,原十神性质有效；真合化成立时按化神系统替换。,由共享基础引擎判定,82,K06候选 +6；若完整卡点另 +6,missing_function,能表达和讨论，但共识长期无法转成时间、资源与现实行动。,需要留意的转换卡点是：能表达和讨论，但共识长期无法转成时间、资源与现实行动。,不得把转换受阻写成永远无法改变；需检查通关、制化、现实行为和阶段状态。,中,待验证,,provisional=true; flow=食伤→财受阻; imbalance=K06; blind_route=B05／B07,0.2
M4-BASE-129,流通卡点｜财→官杀受阻,L3 五系统与流向,BASE-流向卡点,通用,失衡候选,SYS03 财星系统,SYS04 官杀系统,SYS03 财星系统功能有效；SYS04 官杀系统为关系路径必要环节但弱而无助、被制或现实缺位；至少一项M3路径／现实证据支持。,终点系统有效且已完成转换；只有静态五行关系；存在可靠替代桥梁。,由共享基础引擎提供；只修正承载与执行，不直接等同强弱人格。,由M2接口提供；夫妻星只参与关系议题权重，不单独生成盲点。,由M3-BASE与共享引擎提供；不得把日支直接写成配偶性格。,财→官杀受阻,由共享基础引擎判定,由共享基础引擎判定,由共享基础引擎判定,喜忌只修正调用摩擦与平衡，不直接等同好坏。,原十神性质有效；真合化成立时按化神系统替换。,由共享基础引擎判定,82,K06候选 +6；若完整卡点另 +6,missing_function,有投入、安排或共同体验，却迟迟没有形成责任、承诺和执行主体。,需要留意的转换卡点是：有投入、安排或共同体验，却迟迟没有形成责任、承诺和执行主体。,不得把转换受阻写成永远无法改变；需检查通关、制化、现实行为和阶段状态。,中,待验证,,provisional=true; flow=财→官杀受阻; imbalance=K06; blind_route=B03／B07,0.2
M4-BASE-130,流通卡点｜官杀→印受阻,L3 五系统与流向,BASE-流向卡点,通用,失衡候选,SYS04 官杀系统,SYS05 印星系统,SYS04 官杀系统功能有效；SYS05 印星系统为关系路径必要环节但弱而无助、被制或现实缺位；至少一项M3路径／现实证据支持。,终点系统有效且已完成转换；只有静态五行关系；存在可靠替代桥梁。,由共享基础引擎提供；只修正承载与执行，不直接等同强弱人格。,由M2接口提供；夫妻星只参与关系议题权重，不单独生成盲点。,由M3-BASE与共享引擎提供；不得把日支直接写成配偶性格。,官杀→印受阻,由共享基础引擎判定,由共享基础引擎判定,由共享基础引擎判定,喜忌只修正调用摩擦与平衡，不直接等同好坏。,原十神性质有效；真合化成立时按化神系统替换。,由共享基础引擎判定,82,K06候选 +6；若完整卡点另 +6,missing_function,事情被处理、规则被建立或承诺被说出，但理解、安全和情绪回流没有恢复。,需要留意的转换卡点是：事情被处理、规则被建立或承诺被说出，但理解、安全和情绪回流没有恢复。,不得把转换受阻写成永远无法改变；需检查通关、制化、现实行为和阶段状态。,中,待验证,,provisional=true; flow=官杀→印受阻; imbalance=K06; blind_route=B06／B14,0.2
M4-BASE-131,制约筛选｜印制食伤,L3 五系统与流向,BASE-流向卡点,通用,调节候选,SYS05 印星系统,SYS02 食伤系统,SYS05 印星系统与SYS02 食伤系统均有效；制约关系有力、位置可进入关系核心，并有M3功能分工或现实行为支持。,只有静态克制标签；调节方弱远无根；一方真合化失效；制约过强造成新的压制候选。,由共享基础引擎提供；只修正承载与执行，不直接等同强弱人格。,由M2接口提供；夫妻星只参与关系议题权重，不单独生成盲点。,由M3-BASE与共享引擎提供；不得把日支直接写成配偶性格。,印制食伤 筛选／调节,由共享基础引擎判定,由共享基础引擎判定,由共享基础引擎判定,喜忌只修正调用摩擦与平衡，不直接等同好坏。,原十神性质有效；真合化成立时按化神系统替换。,由共享基础引擎判定,76,有效调节 −6；过强则路由K05/K01,buffer_factor,倾听、内部复核和安全承接用于调节表达强度；若印不足，食伤可能更易出现解释过载。,这项调节若有效，会表现为：倾听、内部复核和安全承接用于调节表达强度；若印不足，食伤可能更易出现解释过载。,制约不自动等于压制，也不自动等于成熟调节；必须检查力量、位置和现实行为。,中,待验证,,provisional=true; flow=印制食伤; buffer=BF04 倾听与内部复核; blind_route=B05,0.2
M4-BASE-132,制约筛选｜食伤制官杀,L3 五系统与流向,BASE-流向卡点,通用,调节候选,SYS02 食伤系统,SYS04 官杀系统,SYS02 食伤系统与SYS04 官杀系统均有效；制约关系有力、位置可进入关系核心，并有M3功能分工或现实行为支持。,只有静态克制标签；调节方弱远无根；一方真合化失效；制约过强造成新的压制候选。,由共享基础引擎提供；只修正承载与执行，不直接等同强弱人格。,由M2接口提供；夫妻星只参与关系议题权重，不单独生成盲点。,由M3-BASE与共享引擎提供；不得把日支直接写成配偶性格。,食伤制官杀 筛选／调节,由共享基础引擎判定,由共享基础引擎判定,由共享基础引擎判定,喜忌只修正调用摩擦与平衡，不直接等同好坏。,原十神性质有效；真合化成立时按化神系统替换。,由共享基础引擎判定,76,有效调节 −6；过强则路由K05/K01,buffer_factor,协商、反馈和说明用于调节规则与行动；若食伤不足，推进可能越过双向确认。,这项调节若有效，会表现为：协商、反馈和说明用于调节规则与行动；若食伤不足，推进可能越过双向确认。,制约不自动等于压制，也不自动等于成熟调节；必须检查力量、位置和现实行为。,中,待验证,,provisional=true; flow=食伤制官杀; buffer=BF05 表达与反馈通道; blind_route=B08,0.2
M4-BASE-133,制约筛选｜官杀制比劫,L3 五系统与流向,BASE-流向卡点,通用,调节候选,SYS04 官杀系统,SYS01 比劫系统,SYS04 官杀系统与SYS01 比劫系统均有效；制约关系有力、位置可进入关系核心，并有M3功能分工或现实行为支持。,只有静态克制标签；调节方弱远无根；一方真合化失效；制约过强造成新的压制候选。,由共享基础引擎提供；只修正承载与执行，不直接等同强弱人格。,由M2接口提供；夫妻星只参与关系议题权重，不单独生成盲点。,由M3-BASE与共享引擎提供；不得把日支直接写成配偶性格。,官杀制比劫 筛选／调节,由共享基础引擎判定,由共享基础引擎判定,由共享基础引擎判定,喜忌只修正调用摩擦与平衡，不直接等同好坏。,原十神性质有效；真合化成立时按化神系统替换。,由共享基础引擎判定,76,有效调节 −6；过强则路由K05/K01,buffer_factor,承诺、角色与责任为自主提供共同框架；若官杀过强，可能压缩协商空间。,这项调节若有效，会表现为：承诺、角色与责任为自主提供共同框架；若官杀过强，可能压缩协商空间。,制约不自动等于压制，也不自动等于成熟调节；必须检查力量、位置和现实行为。,中,待验证,,provisional=true; flow=官杀制比劫; buffer=BF01 有制有化; blind_route=B10,0.2
M4-BASE-134,制约筛选｜比劫制财,L3 五系统与流向,BASE-流向卡点,通用,调节候选,SYS01 比劫系统,SYS03 财星系统,SYS01 比劫系统与SYS03 财星系统均有效；制约关系有力、位置可进入关系核心，并有M3功能分工或现实行为支持。,只有静态克制标签；调节方弱远无根；一方真合化失效；制约过强造成新的压制候选。,由共享基础引擎提供；只修正承载与执行，不直接等同强弱人格。,由M2接口提供；夫妻星只参与关系议题权重，不单独生成盲点。,由M3-BASE与共享引擎提供；不得把日支直接写成配偶性格。,比劫制财 筛选／调节,由共享基础引擎判定,由共享基础引擎判定,由共享基础引擎判定,喜忌只修正调用摩擦与平衡，不直接等同好坏。,原十神性质有效；真合化成立时按化神系统替换。,由共享基础引擎判定,76,有效调节 −6；过强则路由K05/K01,buffer_factor,边界、分工和共同决定用于调节资源投入；若比劫不足，资源与付出边界可能模糊。,这项调节若有效，会表现为：边界、分工和共同决定用于调节资源投入；若比劫不足，资源与付出边界可能模糊。,制约不自动等于压制，也不自动等于成熟调节；必须检查力量、位置和现实行为。,中,待验证,,provisional=true; flow=比劫制财; buffer=BF03 独立边界支持; blind_route=B07,0.2
M4-BASE-135,制约筛选｜财制印,L3 五系统与流向,BASE-流向卡点,通用,调节候选,SYS03 财星系统,SYS05 印星系统,SYS03 财星系统与SYS05 印星系统均有效；制约关系有力、位置可进入关系核心，并有M3功能分工或现实行为支持。,只有静态克制标签；调节方弱远无根；一方真合化失效；制约过强造成新的压制候选。,由共享基础引擎提供；只修正承载与执行，不直接等同强弱人格。,由M2接口提供；夫妻星只参与关系议题权重，不单独生成盲点。,由M3-BASE与共享引擎提供；不得把日支直接写成配偶性格。,财制印 筛选／调节,由共享基础引擎判定,由共享基础引擎判定,由共享基础引擎判定,喜忌只修正调用摩擦与平衡，不直接等同好坏。,原十神性质有效；真合化成立时按化神系统替换。,由共享基础引擎判定,76,有效调节 −6；过强则路由K05/K01,buffer_factor,现实行动和重复兑现用于检验理解与照顾；若财不足，理解可能替代改变。,这项调节若有效，会表现为：现实行动和重复兑现用于检验理解与照顾；若财不足，理解可能替代改变。,制约不自动等于压制，也不自动等于成熟调节；必须检查力量、位置和现实行为。,中,待验证,,provisional=true; flow=财制印; buffer=BF06 现实兑现和重复行为; blind_route=B09,0.2
M4-BASE-136,K05双通道竞争｜比劫—官杀竞争,L3 五系统与流向,BASE-流向卡点,通用,组合候选,SYS01 比劫系统,SYS04 官杀系统,两系统均达到有效门槛、分差较小且在同一关系任务中同时抢占启动位；缺少桥接或明确分工。,两系统已经形成先后或角色分工；一方仅弱远背景；只有静态生克关系。,由共享基础引擎提供；只修正承载与执行，不直接等同强弱人格。,由M2接口提供；夫妻星只参与关系议题权重，不单独生成盲点。,由M3-BASE与共享引擎提供；不得把日支直接写成配偶性格。,比劫—官杀竞争,由共享基础引擎判定,由共享基础引擎判定,由共享基础引擎判定,喜忌只修正调用摩擦与平衡，不直接等同好坏。,原十神性质有效；真合化成立时按化神系统替换。,由共享基础引擎判定,80,K05候选 +6,imbalance_mechanism,自主与共同决定权同规则、角色和推进同时争夺第一反应；若无食伤协商，可能出现K05。,当两种功能同时抢先时，可能出现：自主与共同决定权同规则、角色和推进同时争夺第一反应；若无食伤协商，可能出现K05。,双通道竞争不等于人格矛盾、反复无常或关系一定不稳定；需结合触发与现实顺序验证。,中低,待验证,,provisional=true; imbalance=K05; blind_route=B08／B10,0.2
M4-BASE-137,K05双通道竞争｜食伤—印星竞争,L3 五系统与流向,BASE-流向卡点,通用,组合候选,SYS02 食伤系统,SYS05 印星系统,两系统均达到有效门槛、分差较小且在同一关系任务中同时抢占启动位；缺少桥接或明确分工。,两系统已经形成先后或角色分工；一方仅弱远背景；只有静态生克关系。,由共享基础引擎提供；只修正承载与执行，不直接等同强弱人格。,由M2接口提供；夫妻星只参与关系议题权重，不单独生成盲点。,由M3-BASE与共享引擎提供；不得把日支直接写成配偶性格。,食伤—印星竞争,由共享基础引擎判定,由共享基础引擎判定,由共享基础引擎判定,喜忌只修正调用摩擦与平衡，不直接等同好坏。,原十神性质有效；真合化成立时按化神系统替换。,由共享基础引擎判定,80,K05候选 +6,imbalance_mechanism,一边想立即表达，一边需要先内部整理；若缺少分工，可能在说与不说之间反复切换。,当两种功能同时抢先时，可能出现：一边想立即表达，一边需要先内部整理；若缺少分工，可能在说与不说之间反复切换。,双通道竞争不等于人格矛盾、反复无常或关系一定不稳定；需结合触发与现实顺序验证。,中低,待验证,,provisional=true; imbalance=K05; blind_route=B05／B13／B15,0.2
M4-BASE-138,K05双通道竞争｜财星—比劫竞争,L3 五系统与流向,BASE-流向卡点,通用,组合候选,SYS03 财星系统,SYS01 比劫系统,两系统均达到有效门槛、分差较小且在同一关系任务中同时抢占启动位；缺少桥接或明确分工。,两系统已经形成先后或角色分工；一方仅弱远背景；只有静态生克关系。,由共享基础引擎提供；只修正承载与执行，不直接等同强弱人格。,由M2接口提供；夫妻星只参与关系议题权重，不单独生成盲点。,由M3-BASE与共享引擎提供；不得把日支直接写成配偶性格。,财星—比劫竞争,由共享基础引擎判定,由共享基础引擎判定,由共享基础引擎判定,喜忌只修正调用摩擦与平衡，不直接等同好坏。,原十神性质有效；真合化成立时按化神系统替换。,由共享基础引擎判定,80,K05候选 +6,imbalance_mechanism,投入共享与资源自主同时抢占优先级；若分工不清，可能出现付出、回馈和边界争议。,当两种功能同时抢先时，可能出现：投入共享与资源自主同时抢占优先级；若分工不清，可能出现付出、回馈和边界争议。,双通道竞争不等于人格矛盾、反复无常或关系一定不稳定；需结合触发与现实顺序验证。,中低,待验证,,provisional=true; imbalance=K05; blind_route=B07／B10,0.2
M4-BASE-139,K05双通道竞争｜官杀—食伤竞争,L3 五系统与流向,BASE-流向卡点,通用,组合候选,SYS04 官杀系统,SYS02 食伤系统,两系统均达到有效门槛、分差较小且在同一关系任务中同时抢占启动位；缺少桥接或明确分工。,两系统已经形成先后或角色分工；一方仅弱远背景；只有静态生克关系。,由共享基础引擎提供；只修正承载与执行，不直接等同强弱人格。,由M2接口提供；夫妻星只参与关系议题权重，不单独生成盲点。,由M3-BASE与共享引擎提供；不得把日支直接写成配偶性格。,官杀—食伤竞争,由共享基础引擎判定,由共享基础引擎判定,由共享基础引擎判定,喜忌只修正调用摩擦与平衡，不直接等同好坏。,原十神性质有效；真合化成立时按化神系统替换。,由共享基础引擎判定,80,K05候选 +6,imbalance_mechanism,一边强调行动、规则和结论，一边强调说明、反馈和协商；若无法排序，问题处理可能反复。,当两种功能同时抢先时，可能出现：一边强调行动、规则和结论，一边强调说明、反馈和协商；若无法排序，问题处理可能反复。,双通道竞争不等于人格矛盾、反复无常或关系一定不稳定；需结合触发与现实顺序验证。,中低,待验证,,provisional=true; imbalance=K05; blind_route=B06／B08,0.2
M4-BASE-140,K05双通道竞争｜印星—财星竞争,L3 五系统与流向,BASE-流向卡点,通用,组合候选,SYS05 印星系统,SYS03 财星系统,两系统均达到有效门槛、分差较小且在同一关系任务中同时抢占启动位；缺少桥接或明确分工。,两系统已经形成先后或角色分工；一方仅弱远背景；只有静态生克关系。,由共享基础引擎提供；只修正承载与执行，不直接等同强弱人格。,由M2接口提供；夫妻星只参与关系议题权重，不单独生成盲点。,由M3-BASE与共享引擎提供；不得把日支直接写成配偶性格。,印星—财星竞争,由共享基础引擎判定,由共享基础引擎判定,由共享基础引擎判定,喜忌只修正调用摩擦与平衡，不直接等同好坏。,原十神性质有效；真合化成立时按化神系统替换。,由共享基础引擎判定,80,K05候选 +6,imbalance_mechanism,一边重理解、承接与原因，一边重现实改变和投入；若不能分工，可能在包容与要求改变之间摆动。,当两种功能同时抢先时，可能出现：一边重理解、承接与原因，一边重现实改变和投入；若不能分工，可能在包容与要求改变之间摆动。,双通道竞争不等于人格矛盾、反复无常或关系一定不稳定；需结合触发与现实顺序验证。,中低,待验证,,provisional=true; imbalance=K05; blind_route=B09／B14,0.2
M4-BASE-141,透干｜失衡反应可见度提高,L4 状态与位置修正,BASE-状态修正,通用,状态修正,透干,,相关十神功能有效且透干；来源未被真合化替换。,透干无根且现实行为不重复；原十神已失效。,由共享基础引擎提供；只修正承载与执行，不直接等同强弱人格。,由M2接口提供；夫妻星只参与关系议题权重，不单独生成盲点。,由M3-BASE与共享引擎提供；不得把日支直接写成配偶性格。,无／待后续规则组合,由共享基础引擎判定,由共享基础引擎判定,由共享基础引擎判定,喜忌只修正调用摩擦与平衡，不直接等同好坏。,原十神性质有效；真合化成立时按化神系统替换。,由共享基础引擎判定,76,可见度 +3；不增加证据独立数,signal_visibility,透干主要提高功能及失衡反应被本人和对方看见的概率，不直接提高问题严重度。,这项反应较容易被看见和说出来，但是否真正稳定重复，还要继续看根气和现实行为。,不得仅凭本规则推出自私、冷漠、控制、花心、暴力、人格或依恋问题、分手离婚、背叛或关系失败；本模块只生成结构／触发候选，现实模式需具体事件验证。,中,待验证,,provisional=true; rule_group=BASE-状态修正; state=透干,0.2
M4-BASE-142,透干｜不得等同问题更严重,L4 状态与位置修正,BASE-状态修正,通用,边界,透干,,准备把透干用于M4判断。,,由共享基础引擎提供；只修正承载与执行，不直接等同强弱人格。,由M2接口提供；夫妻星只参与关系议题权重，不单独生成盲点。,由M3-BASE与共享引擎提供；不得把日支直接写成配偶性格。,无／待后续规则组合,由共享基础引擎判定,由共享基础引擎判定,由共享基础引擎判定,喜忌只修正调用摩擦与平衡，不直接等同好坏。,原十神性质有效；真合化成立时按化神系统替换。,由共享基础引擎判定,95,不加分；语言门控,boundary_note,可见性、强度、重复性和关系后果是不同维度。,表现得明显，不等于问题一定更严重。,不得仅凭本规则推出自私、冷漠、控制、花心、暴力、人格或依恋问题、分手离婚、背叛或关系失败；本模块只生成结构／触发候选，现实模式需具体事件验证。,高,待验证,,provisional=true; rule_group=BASE-状态修正; state=透干,0.2
M4-BASE-143,藏支｜盲点更内隐,L4 状态与位置修正,BASE-状态修正,通用,状态修正,藏支,,相关十神功能藏支且性质有效。,真合化后原信号失效。,由共享基础引擎提供；只修正承载与执行，不直接等同强弱人格。,由M2接口提供；夫妻星只参与关系议题权重，不单独生成盲点。,由M3-BASE与共享引擎提供；不得把日支直接写成配偶性格。,无／待后续规则组合,由共享基础引擎判定,由共享基础引擎判定,由共享基础引擎判定,喜忌只修正调用摩擦与平衡，不直接等同好坏。,原十神性质有效；真合化成立时按化神系统替换。,由共享基础引擎判定,74,内隐候选 +2,signal_visibility,藏支可使反应在熟悉、私人或压力情境中更容易显现，但不等于压抑或秘密。,这项反应未必在关系初期就明显，可能在熟悉或压力增加后更容易被观察到。,不得仅凭本规则推出自私、冷漠、控制、花心、暴力、人格或依恋问题、分手离婚、背叛或关系失败；本模块只生成结构／触发候选，现实模式需具体事件验证。,中,待验证,,provisional=true; rule_group=BASE-状态修正; state=藏支,0.2
M4-BASE-144,藏支有根｜熟悉后重复候选,L4 状态与位置修正,BASE-状态修正,通用,状态修正,藏支有根,,藏支信号有根、重复或被有效引动；M3相关功能可靠。,只有余气弱远；无现实重复；已真合化。,由共享基础引擎提供；只修正承载与执行，不直接等同强弱人格。,由M2接口提供；夫妻星只参与关系议题权重，不单独生成盲点。,由M3-BASE与共享引擎提供；不得把日支直接写成配偶性格。,无／待后续规则组合,由共享基础引擎判定,由共享基础引擎判定,由共享基础引擎判定,喜忌只修正调用摩擦与平衡，不直接等同好坏。,原十神性质有效；真合化成立时按化神系统替换。,由共享基础引擎判定,78,重复性 +4,confidence,藏而有根主要提高跨情境重复和熟悉后显现的可能性。,它可能不是第一眼就能看见的反应，但在长期相处中更容易重复出现。,不得仅凭本规则推出自私、冷漠、控制、花心、暴力、人格或依恋问题、分手离婚、背叛或关系失败；本模块只生成结构／触发候选，现实模式需具体事件验证。,中,待验证,,provisional=true; rule_group=BASE-状态修正; state=藏支有根,0.2
M4-BASE-145,有根｜重复性加权,L4 状态与位置修正,BASE-状态修正,通用,状态修正,有根,,相关功能有根且未受严重破坏。,根气结论争议或同一根被重复计分。,由共享基础引擎提供；只修正承载与执行，不直接等同强弱人格。,由M2接口提供；夫妻星只参与关系议题权重，不单独生成盲点。,由M3-BASE与共享引擎提供；不得把日支直接写成配偶性格。,无／待后续规则组合,由共享基础引擎判定,由共享基础引擎判定,由共享基础引擎判定,喜忌只修正调用摩擦与平衡，不直接等同好坏。,原十神性质有效；真合化成立时按化神系统替换。,由共享基础引擎判定,80,重复性 +4；不增加独立证据数,confidence,有根提高通道可重复调用的可能性，但不能单独生成盲点。,这项方式较可能成为反复调用的习惯，但是否失衡仍需看强弱、调节和触发。,不得仅凭本规则推出自私、冷漠、控制、花心、暴力、人格或依恋问题、分手离婚、背叛或关系失败；本模块只生成结构／触发候选，现实模式需具体事件验证。,中,待验证,,provisional=true; rule_group=BASE-状态修正; state=有根,0.2
M4-BASE-146,无根｜稳定性降级,L4 状态与位置修正,BASE-状态修正,通用,状态修正,无根,,相关信号透出或出现但无根。,存在其他独立根气或现实重复行为。,由共享基础引擎提供；只修正承载与执行，不直接等同强弱人格。,由M2接口提供；夫妻星只参与关系议题权重，不单独生成盲点。,由M3-BASE与共享引擎提供；不得把日支直接写成配偶性格。,无／待后续规则组合,由共享基础引擎判定,由共享基础引擎判定,由共享基础引擎判定,喜忌只修正调用摩擦与平衡，不直接等同好坏。,原十神性质有效；真合化成立时按化神系统替换。,由共享基础引擎判定,82,置信度 −4／封顶中低,confidence,无根不等于没有，只说明结构稳定性和跨情境重复证据不足。,这项反应可能出现，但暂时不宜把它写成稳定、长期的关系盲点。,不得仅凭本规则推出自私、冷漠、控制、花心、暴力、人格或依恋问题、分手离婚、背叛或关系失败；本模块只生成结构／触发候选，现实模式需具体事件验证。,中高,待验证,,provisional=true; rule_group=BASE-状态修正; state=无根,0.2
M4-BASE-147,旺而平衡｜不自动形成盲点,L4 状态与位置修正,BASE-状态修正,通用,状态修正,旺而平衡,,功能强而有序，有有效制化、通关或分工。,另有独立失衡、触发和调节不足证据。,由共享基础引擎提供；只修正承载与执行，不直接等同强弱人格。,由M2接口提供；夫妻星只参与关系议题权重，不单独生成盲点。,由M3-BASE与共享引擎提供；不得把日支直接写成配偶性格。,无／待后续规则组合,由共享基础引擎判定,由共享基础引擎判定,由共享基础引擎判定,喜忌只修正调用摩擦与平衡，不直接等同好坏。,原十神性质有效；真合化成立时按化神系统替换。,由共享基础引擎判定,94,K01候选不成立或−6,buffer_factor,强功能在平衡状态下可能只是熟练资源，不应因旺而被负面化。,你可能很常使用这项方式，但只要调节和分工完整，它本身不构成关系问题。,不得仅凭本规则推出自私、冷漠、控制、花心、暴力、人格或依恋问题、分手离婚、背叛或关系失败；本模块只生成结构／触发候选，现实模式需具体事件验证。,高,待验证,,provisional=true; rule_group=BASE-状态修正; state=旺而平衡,0.2
M4-BASE-148,过旺失衡｜抢先启动候选,L4 状态与位置修正,BASE-状态修正,通用,状态修正,过旺失衡,,相关功能过旺、失衡或多处抢先；至少一项调节不足证据。,旺而平衡；有效制化通关；只有单一旺标签。,由共享基础引擎提供；只修正承载与执行，不直接等同强弱人格。,由M2接口提供；夫妻星只参与关系议题权重，不单独生成盲点。,由M3-BASE与共享引擎提供；不得把日支直接写成配偶性格。,无／待后续规则组合,由共享基础引擎判定,由共享基础引擎判定,由共享基础引擎判定,喜忌只修正调用摩擦与平衡，不直接等同好坏。,原十神性质有效；真合化成立时按化神系统替换。,由共享基础引擎判定,86,K01 +8,imbalance_mechanism,过旺失衡提高K01抢先启动和占用其他通道的候选权重。,压力增加时，这项熟练方式可能更容易先占据处理位置，让其他步骤进入得较晚。,不得仅凭本规则推出自私、冷漠、控制、花心、暴力、人格或依恋问题、分手离婚、背叛或关系失败；本模块只生成结构／触发候选，现实模式需具体事件验证。,中,待验证,,provisional=true; rule_group=BASE-状态修正; state=过旺失衡,0.2
M4-BASE-149,偏弱有助｜不判功能不足,L4 状态与位置修正,BASE-状态修正,通用,状态修正,偏弱有助,,功能本身偏弱，但有根、通关、关系核心近位或现实行为支持。,所有帮助弱远无效；现实长期缺位。,由共享基础引擎提供；只修正承载与执行，不直接等同强弱人格。,由M2接口提供；夫妻星只参与关系议题权重，不单独生成盲点。,由M3-BASE与共享引擎提供；不得把日支直接写成配偶性格。,无／待后续规则组合,由共享基础引擎判定,由共享基础引擎判定,由共享基础引擎判定,喜忌只修正调用摩擦与平衡，不直接等同好坏。,原十神性质有效；真合化成立时按化神系统替换。,由共享基础引擎判定,90,取消K02或−4,buffer_factor,弱而有助说明功能可在条件合适时被调用，不能机械判K02。,这项功能未必一直外显，但在合适条件下仍可以进入，不宜直接判断缺失。,不得仅凭本规则推出自私、冷漠、控制、花心、暴力、人格或依恋问题、分手离婚、背叛或关系失败；本模块只生成结构／触发候选，现实模式需具体事件验证。,高,待验证,,provisional=true; rule_group=BASE-状态修正; state=偏弱有助,0.2
M4-BASE-150,偏弱无助｜必要环节不足候选,L4 状态与位置修正,BASE-状态修正,通用,状态修正,偏弱无助,,该功能为关系路径必要环节；偏弱无根、无助、无替代且现实缺位。,存在有效替代或现实重复行为；该功能不是当前任务必要环节。,由共享基础引擎提供；只修正承载与执行，不直接等同强弱人格。,由M2接口提供；夫妻星只参与关系议题权重，不单独生成盲点。,由M3-BASE与共享引擎提供；不得把日支直接写成配偶性格。,无／待后续规则组合,由共享基础引擎判定,由共享基础引擎判定,由共享基础引擎判定,喜忌只修正调用摩擦与平衡，不直接等同好坏。,原十神性质有效；真合化成立时按化神系统替换。,由共享基础引擎判定,84,K02 +8,missing_function,只有在路径必要且无替代时，弱而无助才可形成K02。,若这一功能正是关系过程不可缺少的一步，而命局和现实中都缺少稳定出口，它才会成为不足候选。,不得仅凭本规则推出自私、冷漠、控制、花心、暴力、人格或依恋问题、分手离婚、背叛或关系失败；本模块只生成结构／触发候选，现实模式需具体事件验证。,中,待验证,,provisional=true; rule_group=BASE-状态修正; state=偏弱无助,0.2
M4-BASE-151,为喜且平衡｜调用顺畅但不免疫,L4 状态与位置修正,BASE-状态修正,通用,状态修正,为喜且平衡,,喜忌可靠，功能为喜且处于平衡状态。,喜忌未定或结构失衡。,由共享基础引擎提供；只修正承载与执行，不直接等同强弱人格。,由M2接口提供；夫妻星只参与关系议题权重，不单独生成盲点。,由M3-BASE与共享引擎提供；不得把日支直接写成配偶性格。,无／待后续规则组合,由共享基础引擎判定,由共享基础引擎判定,由共享基础引擎判定,喜忌只修正调用摩擦与平衡，不直接等同好坏。,原十神性质有效；真合化成立时按化神系统替换。,由共享基础引擎判定,78,buffer −4,buffer_factor,为喜且平衡通常提高调用顺畅度，可作为保护因素，但不代表不会在压力下过用。,这项方式通常更容易被自然、顺畅地使用，但仍需要结合压力状态判断是否会抢先。,不得仅凭本规则推出自私、冷漠、控制、花心、暴力、人格或依恋问题、分手离婚、背叛或关系失败；本模块只生成结构／触发候选，现实模式需具体事件验证。,中,待验证,,provisional=true; rule_group=BASE-状态修正; state=为喜且平衡,0.2
M4-BASE-152,为忌且过旺｜摩擦候选增加,L4 状态与位置修正,BASE-状态修正,通用,状态修正,为忌且过旺,,喜忌可靠；相关功能为忌且过旺失衡；另有独立失衡证据。,喜忌未定；旺而平衡；有效制化完整。,由共享基础引擎提供；只修正承载与执行，不直接等同强弱人格。,由M2接口提供；夫妻星只参与关系议题权重，不单独生成盲点。,由M3-BASE与共享引擎提供；不得把日支直接写成配偶性格。,无／待后续规则组合,由共享基础引擎判定,由共享基础引擎判定,由共享基础引擎判定,喜忌只修正调用摩擦与平衡，不直接等同好坏。,原十神性质有效；真合化成立时按化神系统替换。,由共享基础引擎判定,80,候选 +4；不得单独成立,confidence,为忌且过旺只提高调用摩擦和失衡候选，不能转译为负面人格。,这项方式在关系中可能更容易带来摩擦或占用过多注意，但不能据此把你贴成某种负面性格。,不得仅凭本规则推出自私、冷漠、控制、花心、暴力、人格或依恋问题、分手离婚、背叛或关系失败；本模块只生成结构／触发候选，现实模式需具体事件验证。,中,待验证,,provisional=true; rule_group=BASE-状态修正; state=为忌且过旺,0.2
M4-BASE-153,喜忌未定｜停止喜忌路由,L4 状态与位置修正,BASE-状态修正,通用,停止,喜忌未定,,喜忌结论存在争议或共享引擎未提供。,,由共享基础引擎提供；只修正承载与执行，不直接等同强弱人格。,由M2接口提供；夫妻星只参与关系议题权重，不单独生成盲点。,由M3-BASE与共享引擎提供；不得把日支直接写成配偶性格。,无／待后续规则组合,由共享基础引擎判定,由共享基础引擎判定,由共享基础引擎判定,喜忌只修正调用摩擦与平衡，不直接等同好坏。,原十神性质有效；真合化成立时按化神系统替换。,由共享基础引擎判定,96,STOP喜忌加权,stop_reason,M4不得用喜忌未定的信号生成过用、不足或人格结论。,当前喜忌还不够清楚，因此不会用它来强化或削弱关系盲点判断。,不得仅凭本规则推出自私、冷漠、控制、花心、暴力、人格或依恋问题、分手离婚、背叛或关系失败；本模块只生成结构／触发候选，现实模式需具体事件验证。,高,待验证,,provisional=true; rule_group=BASE-状态修正; state=喜忌未定,0.2
M4-BASE-154,有效制化｜降低过用候选,L4 状态与位置修正,BASE-状态修正,通用,调节候选,有制有化,,制化真实有效、力量足够、位置可进入关系核心并有M3行为接口。,制化仅名义存在、弱远无根或现实不可调用。,由共享基础引擎提供；只修正承载与执行，不直接等同强弱人格。,由M2接口提供；夫妻星只参与关系议题权重，不单独生成盲点。,由M3-BASE与共享引擎提供；不得把日支直接写成配偶性格。,无／待后续规则组合,由共享基础引擎判定,由共享基础引擎判定,由共享基础引擎判定,喜忌只修正调用摩擦与平衡，不直接等同好坏。,原十神性质有效；真合化成立时按化神系统替换。,由共享基础引擎判定,88,buffer −6至−10,buffer_factor,有效制化可限制过用、补足不足或改变调用顺序。,命局中存在能调节这项反应的功能，因此即使候选存在，也不宜把它写成固定问题。,不得仅凭本规则推出自私、冷漠、控制、花心、暴力、人格或依恋问题、分手离婚、背叛或关系失败；本模块只生成结构／触发候选，现实模式需具体事件验证。,中高,待验证,,provisional=true; rule_group=BASE-状态修正; state=有制有化,0.2
M4-BASE-155,制化存在但无力｜不计保护,L4 状态与位置修正,BASE-状态修正,通用,状态修正,制化弱远,,结构上存在制化，但调节方弱、远、无根或无法进入M3行为。,调节方有效有根且现实可调用。,由共享基础引擎提供；只修正承载与执行，不直接等同强弱人格。,由M2接口提供；夫妻星只参与关系议题权重，不单独生成盲点。,由M3-BASE与共享引擎提供；不得把日支直接写成配偶性格。,无／待后续规则组合,由共享基础引擎判定,由共享基础引擎判定,由共享基础引擎判定,喜忌只修正调用摩擦与平衡，不直接等同好坏。,原十神性质有效；真合化成立时按化神系统替换。,由共享基础引擎判定,82,不扣分；置信度−2,buffer_factor,名义制化不等于实际调节，不能为了完整自动扣分。,虽然结构上看得到调节信号，但它是否真正能进入关系行为仍需验证。,不得仅凭本规则推出自私、冷漠、控制、花心、暴力、人格或依恋问题、分手离婚、背叛或关系失败；本模块只生成结构／触发候选，现实模式需具体事件验证。,中,待验证,,provisional=true; rule_group=BASE-状态修正; state=制化弱远,0.2
M4-BASE-156,有效通关｜恢复转换,L4 状态与位置修正,BASE-状态修正,通用,调节候选,通关有效,,起点、桥梁、终点均有效；来源独立；M3顺序或现实行为支持。,只有静态相生；桥梁弱远无根；真合化后路径变化。,由共享基础引擎提供；只修正承载与执行，不直接等同强弱人格。,由M2接口提供；夫妻星只参与关系议题权重，不单独生成盲点。,由M3-BASE与共享引擎提供；不得把日支直接写成配偶性格。,无／待后续规则组合,由共享基础引擎判定,由共享基础引擎判定,由共享基础引擎判定,喜忌只修正调用摩擦与平衡，不直接等同好坏。,原十神性质有效；真合化成立时按化神系统替换。,由共享基础引擎判定,88,buffer −6至−10,buffer_factor,有效通关优先中断K03、K04、K06候选。,若这条转换能真实运行，原本容易卡住的步骤可以被另一功能接上，盲点候选会明显减弱。,不得仅凭本规则推出自私、冷漠、控制、花心、暴力、人格或依恋问题、分手离婚、背叛或关系失败；本模块只生成结构／触发候选，现实模式需具体事件验证。,中高,待验证,,provisional=true; rule_group=BASE-状态修正; state=通关有效,0.2
M4-BASE-157,通关受阻｜K06候选,L4 状态与位置修正,BASE-状态修正,通用,失衡候选,通关受阻,,起点功能有效；桥梁或终点为必要环节却弱而无助、被制或现实缺位。,存在可靠替代桥梁或现实中转换稳定完成。,由共享基础引擎提供；只修正承载与执行，不直接等同强弱人格。,由M2接口提供；夫妻星只参与关系议题权重，不单独生成盲点。,由M3-BASE与共享引擎提供；不得把日支直接写成配偶性格。,无／待后续规则组合,由共享基础引擎判定,由共享基础引擎判定,由共享基础引擎判定,喜忌只修正调用摩擦与平衡，不直接等同好坏。,原十神性质有效；真合化成立时按化神系统替换。,由共享基础引擎判定,86,K06 +6,missing_function,转换卡点形成K06候选，并可路由后续OVERUSE／TRIGGER。,你可能不是缺少前一步，而是前一步难以顺利转成下一步。,不得仅凭本规则推出自私、冷漠、控制、花心、暴力、人格或依恋问题、分手离婚、背叛或关系失败；本模块只生成结构／触发候选，现实模式需具体事件验证。,中,待验证,,provisional=true; rule_group=BASE-状态修正; state=通关受阻,0.2
M4-BASE-158,真合化成立｜替换原通道,L4 状态与位置修正,BASE-状态修正,通用,替换路由,真合化成立,,共享引擎确认真合化成立且化神性质可靠。,仅合而不化、半合、拱合或合化争议。,由共享基础引擎提供；只修正承载与执行，不直接等同强弱人格。,由M2接口提供；夫妻星只参与关系议题权重，不单独生成盲点。,由M3-BASE与共享引擎提供；不得把日支直接写成配偶性格。,无／待后续规则组合,由共享基础引擎判定,由共享基础引擎判定,由共享基础引擎判定,喜忌只修正调用摩擦与平衡，不直接等同好坏。,原十神性质有效；真合化成立时按化神系统替换。,由共享基础引擎判定,100,原通道清零；转化神重建,transformation_status,原十神功能与失衡基础分清零，按化神所属系统重新判断。,若真合化成立，原来的十神解释不再继续叠加，而要按照转化后的功能系统重新分析。,不得仅凭本规则推出自私、冷漠、控制、花心、暴力、人格或依恋问题、分手离婚、背叛或关系失败；本模块只生成结构／触发候选，现实模式需具体事件验证。,高,待验证,,provisional=true; rule_group=BASE-状态修正; state=真合化成立,0.2
M4-BASE-159,真合化争议｜停止原通道路由,L4 状态与位置修正,BASE-状态修正,通用,停止,真合化争议,,合化条件存在争议，原功能是否保留无法可靠确定。,,由共享基础引擎提供；只修正承载与执行，不直接等同强弱人格。,由M2接口提供；夫妻星只参与关系议题权重，不单独生成盲点。,由M3-BASE与共享引擎提供；不得把日支直接写成配偶性格。,无／待后续规则组合,由共享基础引擎判定,由共享基础引擎判定,由共享基础引擎判定,喜忌只修正调用摩擦与平衡，不直接等同好坏。,原十神性质有效；真合化成立时按化神系统替换。,由共享基础引擎判定,100,STOP原通道；封顶低,stop_reason,在合化争议解决前，原十神盲点与化神盲点均不得满分输出。,当前合化状态还不够明确，因此暂不固定这一功能的盲点方向。,不得仅凭本规则推出自私、冷漠、控制、花心、暴力、人格或依恋问题、分手离婚、背叛或关系失败；本模块只生成结构／触发候选，现实模式需具体事件验证。,高,待验证,,provisional=true; rule_group=BASE-状态修正; state=真合化争议,0.2
M4-BASE-160,合而不化｜保留原功能,L4 状态与位置修正,BASE-状态修正,通用,状态修正,合而不化,,共享引擎确认合而不化、合绊或一般牵连。,真合化成立。,由共享基础引擎提供；只修正承载与执行，不直接等同强弱人格。,由M2接口提供；夫妻星只参与关系议题权重，不单独生成盲点。,由M3-BASE与共享引擎提供；不得把日支直接写成配偶性格。,无／待后续规则组合,由共享基础引擎判定,由共享基础引擎判定,由共享基础引擎判定,喜忌只修正调用摩擦与平衡，不直接等同好坏。,原十神性质有效；真合化成立时按化神系统替换。,由共享基础引擎判定,84,原功能保留；动态修正,transformation_status,保留原十神功能，只把合作为议题牵连和整合节奏修正。,原来的关系功能仍然保留，只是相关议题更容易相互牵连，需要分开说明。,不得仅凭本规则推出自私、冷漠、控制、花心、暴力、人格或依恋问题、分手离婚、背叛或关系失败；本模块只生成结构／触发候选，现实模式需具体事件验证。,中高,待验证,,provisional=true; rule_group=BASE-状态修正; state=合而不化,0.2
M4-BASE-161,近位｜关系相关性提高,L4 状态与位置修正,BASE-状态修正,通用,位置修正,日柱／日支近位,,有效信号位于日柱、日支或直接作用关系核心。,同一近位事实已作为日支主气计分；真合化失效。,由共享基础引擎提供；只修正承载与执行，不直接等同强弱人格。,由M2接口提供；夫妻星只参与关系议题权重，不单独生成盲点。,由M3-BASE与共享引擎提供；不得把日支直接写成配偶性格。,无／待后续规则组合,由共享基础引擎判定,由共享基础引擎判定,由共享基础引擎判定,喜忌只修正调用摩擦与平衡，不直接等同好坏。,原十神性质有效；真合化成立时按化神系统替换。,由共享基础引擎判定,78,相关性 +3；同源不重复,distance_level,近位提高关系场景相关性，不自动提高负面程度。,这项方式更容易进入亲密关系场景，但仍需看是否失衡和是否有调节。,不得仅凭本规则推出自私、冷漠、控制、花心、暴力、人格或依恋问题、分手离婚、背叛或关系失败；本模块只生成结构／触发候选，现实模式需具体事件验证。,中,待验证,,provisional=true; rule_group=BASE-状态修正; state=日柱／日支近位,0.2
M4-BASE-162,远位｜降级为背景候选,L4 状态与位置修正,BASE-状态修正,通用,位置修正,年柱／时柱远位,,信号主要位于远位，且未被近位或现实行为复核。,有近位独立证据或现实稳定重复。,由共享基础引擎提供；只修正承载与执行，不直接等同强弱人格。,由M2接口提供；夫妻星只参与关系议题权重，不单独生成盲点。,由M3-BASE与共享引擎提供；不得把日支直接写成配偶性格。,无／待后续规则组合,由共享基础引擎判定,由共享基础引擎判定,由共享基础引擎判定,喜忌只修正调用摩擦与平衡，不直接等同好坏。,原十神性质有效；真合化成立时按化神系统替换。,由共享基础引擎判定,82,分数−3；封顶中低,confidence,远位可作为背景或阶段候选，不宜单独成为主盲点。,这项特征可能影响关系，但暂时更适合作为背景，不宜写成核心盲点。,不得仅凭本规则推出自私、冷漠、控制、花心、暴力、人格或依恋问题、分手离婚、背叛或关系失败；本模块只生成结构／触发候选，现实模式需具体事件验证。,中高,待验证,,provisional=true; rule_group=BASE-状态修正; state=年柱／时柱远位,0.2
M4-BASE-163,同一近位事实｜不得重复加权,L4 状态与位置修正,BASE-状态修正,通用,去重,日支主气＋日干日支生克,,日支十神、日干日支关系和M3-BASE底盘来自同一事实。,,由共享基础引擎提供；只修正承载与执行，不直接等同强弱人格。,由M2接口提供；夫妻星只参与关系议题权重，不单独生成盲点。,由M3-BASE与共享引擎提供；不得把日支直接写成配偶性格。,无／待后续规则组合,由共享基础引擎判定,由共享基础引擎判定,由共享基础引擎判定,喜忌只修正调用摩擦与平衡，不直接等同好坏。,原十神性质有效；真合化成立时按化神系统替换。,由共享基础引擎判定,95,同源只计一次,dedup_log,三种解释共享source_id，只计一次基础权重。,同一个日支事实不会因为换了三种说法就被放大。,不得仅凭本规则推出自私、冷漠、控制、花心、暴力、人格或依恋问题、分手离婚、背叛或关系失败；本模块只生成结构／触发候选，现实模式需具体事件验证。,高,待验证,,provisional=true; rule_group=BASE-状态修正; state=日支主气＋日干日支生克,0.2
M4-BASE-164,多透同源｜不增加独立证据数,L4 状态与位置修正,BASE-状态修正,通用,去重,同根多透,,多个透干或模块输出追溯到同一根、同一藏干或同一source_id。,来源确实独立。,由共享基础引擎提供；只修正承载与执行，不直接等同强弱人格。,由M2接口提供；夫妻星只参与关系议题权重，不单独生成盲点。,由M3-BASE与共享引擎提供；不得把日支直接写成配偶性格。,无／待后续规则组合,由共享基础引擎判定,由共享基础引擎判定,由共享基础引擎判定,喜忌只修正调用摩擦与平衡，不直接等同好坏。,原十神性质有效；真合化成立时按化神系统替换。,由共享基础引擎判定,92,显著度+2；独立证据不变,dedup_log,多次可见可提高显著度，但不能虚增证据独立性。,这项反应可能更显眼，但仍然只算一个基础来源。,不得仅凭本规则推出自私、冷漠、控制、花心、暴力、人格或依恋问题、分手离婚、背叛或关系失败；本模块只生成结构／触发候选，现实模式需具体事件验证。,高,待验证,,provisional=true; rule_group=BASE-状态修正; state=同根多透,0.2
M4-BASE-165,多根同源｜提高重复性不提高来源数,L4 状态与位置修正,BASE-状态修正,通用,去重,同系统多根,,同一系统在多处有根，但来源属于同一功能链。,确有不同柱位、不同现实行为与不同功能任务的独立支持。,由共享基础引擎提供；只修正承载与执行，不直接等同强弱人格。,由M2接口提供；夫妻星只参与关系议题权重，不单独生成盲点。,由M3-BASE与共享引擎提供；不得把日支直接写成配偶性格。,无／待后续规则组合,由共享基础引擎判定,由共享基础引擎判定,由共享基础引擎判定,喜忌只修正调用摩擦与平衡，不直接等同好坏。,原十神性质有效；真合化成立时按化神系统替换。,由共享基础引擎判定,86,重复性+3；证据数不变,confidence,多根主要提高跨情境重复性，不自动增加多个盲点。,这项方式可能更稳定地重复，但不代表同时存在多个不同问题。,不得仅凭本规则推出自私、冷漠、控制、花心、暴力、人格或依恋问题、分手离婚、背叛或关系失败；本模块只生成结构／触发候选，现实模式需具体事件验证。,中高,待验证,,provisional=true; rule_group=BASE-状态修正; state=同系统多根,0.2
M4-BASE-166,第二独立来源｜证据加权,L4 状态与位置修正,BASE-状态修正,通用,证据修正,独立source_id,,第二类证据来自不同柱位／不同M3模块现实任务／现实行为，且非同义重复。,追溯后仍为同一日支或同一根。,由共享基础引擎提供；只修正承载与执行，不直接等同强弱人格。,由M2接口提供；夫妻星只参与关系议题权重，不单独生成盲点。,由M3-BASE与共享引擎提供；不得把日支直接写成配偶性格。,无／待后续规则组合,由共享基础引擎判定,由共享基础引擎判定,由共享基础引擎判定,喜忌只修正调用摩擦与平衡，不直接等同好坏。,原十神性质有效；真合化成立时按化神系统替换。,由共享基础引擎判定,84,独立证据 +8,evidence_level,独立来源可支持E1/E2，但必须说明它支持的是功能、失衡还是触发。,不同来源的信息若指向同一个机制，候选才会更可靠。,不得仅凭本规则推出自私、冷漠、控制、花心、暴力、人格或依恋问题、分手离婚、背叛或关系失败；本模块只生成结构／触发候选，现实模式需具体事件验证。,中,待验证,,provisional=true; rule_group=BASE-状态修正; state=独立source_id,0.2
M4-BASE-167,M3主通道可靠｜功能来源加权,L4 状态与位置修正,BASE-状态修正,通用,跨模块修正,M3主通道,,M3对应模块主通道高／中高置信并有独立证据。,M3输出停止或仅次通道候选。,由共享基础引擎提供；只修正承载与执行，不直接等同强弱人格。,由M2接口提供；夫妻星只参与关系议题权重，不单独生成盲点。,由M3-BASE与共享引擎提供；不得把日支直接写成配偶性格。,无／待后续规则组合,由共享基础引擎判定,由共享基础引擎判定,由共享基础引擎判定,喜忌只修正调用摩擦与平衡，不直接等同好坏。,原十神性质有效；真合化成立时按化神系统替换。,由共享基础引擎判定,82,functional_origin +4（同源不叠加）,functional_origin,M3主通道可作为M4功能来源权威，但不得重复计算底层source_id。,如果这项方式在M3中已经是稳定主通道，M4会更有把握判断它在压力下可能怎样失衡。,不得仅凭本规则推出自私、冷漠、控制、花心、暴力、人格或依恋问题、分手离婚、背叛或关系失败；本模块只生成结构／触发候选，现实模式需具体事件验证。,中,待验证,,provisional=true; rule_group=BASE-状态修正; state=M3主通道,0.2
M4-BASE-168,M3次通道｜候选封顶,L4 状态与位置修正,BASE-状态修正,通用,跨模块修正,M3次通道,,M3仅将该功能判为次通道或低置信候选。,另有独立主通道／现实行为复核。,由共享基础引擎提供；只修正承载与执行，不直接等同强弱人格。,由M2接口提供；夫妻星只参与关系议题权重，不单独生成盲点。,由M3-BASE与共享引擎提供；不得把日支直接写成配偶性格。,无／待后续规则组合,由共享基础引擎判定,由共享基础引擎判定,由共享基础引擎判定,喜忌只修正调用摩擦与平衡，不直接等同好坏。,原十神性质有效；真合化成立时按化神系统替换。,由共享基础引擎判定,86,封顶中低,confidence,仅有M3次通道时，M4对应失衡最多保留中低候选。,这项方式可能参与关系过程，但目前不足以单独成为核心盲点。,不得仅凭本规则推出自私、冷漠、控制、花心、暴力、人格或依恋问题、分手离婚、背叛或关系失败；本模块只生成结构／触发候选，现实模式需具体事件验证。,中高,待验证,,provisional=true; rule_group=BASE-状态修正; state=M3次通道,0.2
M4-BASE-169,M3关键模块停止｜M4对应路由停止,L4 状态与位置修正,BASE-状态修正,通用,停止,M3 STOP,,对应M3功能来源、顺序或边界字段停止。,,由共享基础引擎提供；只修正承载与执行，不直接等同强弱人格。,由M2接口提供；夫妻星只参与关系议题权重，不单独生成盲点。,由M3-BASE与共享引擎提供；不得把日支直接写成配偶性格。,无／待后续规则组合,由共享基础引擎判定,由共享基础引擎判定,由共享基础引擎判定,喜忌只修正调用摩擦与平衡，不直接等同好坏。,原十神性质有效；真合化成立时按化神系统替换。,由共享基础引擎判定,98,STOP对应路由,stop_reason,M4不得绕过M3停止状态自行制造失衡结论。,由于前一步的相处功能还无法可靠确定，这一盲点方向暂不固定。,不得仅凭本规则推出自私、冷漠、控制、花心、暴力、人格或依恋问题、分手离婚、背叛或关系失败；本模块只生成结构／触发候选，现实模式需具体事件验证。,高,待验证,,provisional=true; rule_group=BASE-状态修正; state=M3 STOP,0.2
M4-BASE-170,日主承载｜只修正执行强度,L4 状态与位置修正,BASE-状态修正,通用,状态修正,日主承载,,共享引擎提供日主承载、印比支持与关系牵引状态。,,由共享基础引擎提供；只修正承载与执行，不直接等同强弱人格。,由M2接口提供；夫妻星只参与关系议题权重，不单独生成盲点。,由M3-BASE与共享引擎提供；不得把日支直接写成配偶性格。,无／待后续规则组合,由共享基础引擎判定,由共享基础引擎判定,由共享基础引擎判定,喜忌只修正调用摩擦与平衡，不直接等同好坏。,原十神性质有效；真合化成立时按化神系统替换。,由共享基础引擎判定,80,执行置信修正±2,self_strength_status,日主承载修正功能能否稳定执行，不等同强势、软弱、独立或依赖。,你的承载状态会影响某项反应能否持续执行，但不会被直接翻译成有无主见或人格好坏。,不得仅凭本规则推出自私、冷漠、控制、花心、暴力、人格或依恋问题、分手离婚、背叛或关系失败；本模块只生成结构／触发候选，现实模式需具体事件验证。,中,待验证,,provisional=true; rule_group=BASE-状态修正; state=日主承载,0.2
M4-BASE-171,夫妻星状态｜只作关系议题接口,L4 状态与位置修正,BASE-状态修正,通用,跨模型修正,夫妻星状态,,夫妻星与M2资格证据／M3关系功能存在可靠接口。,仅凭夫妻星旺弱生成盲点。,由共享基础引擎提供；只修正承载与执行，不直接等同强弱人格。,由M2接口提供；夫妻星只参与关系议题权重，不单独生成盲点。,由M3-BASE与共享引擎提供；不得把日支直接写成配偶性格。,无／待后续规则组合,由共享基础引擎判定,由共享基础引擎判定,由共享基础引擎判定,喜忌只修正调用摩擦与平衡，不直接等同好坏。,原十神性质有效；真合化成立时按化神系统替换。,由共享基础引擎判定,84,相关性+2；不得单独成立,spouse_star_status,夫妻星可提高特定关系议题相关性，但不能单独证明误判或失衡。,夫妻星只说明某类伴侣证据和关系任务更重要，不会单独变成关系盲点。,不得仅凭本规则推出自私、冷漠、控制、花心、暴力、人格或依恋问题、分手离婚、背叛或关系失败；本模块只生成结构／触发候选，现实模式需具体事件验证。,中,待验证,,provisional=true; rule_group=BASE-状态修正; state=夫妻星状态,0.2
M4-BASE-172,日支主气｜基础功能高权重,L4 状态与位置修正,BASE-状态修正,通用,位置修正,日支主气,,日支主气十神可靠，原性质有效，M3-BASE对应功能成立。,真合化替换；主气未定。,由共享基础引擎提供；只修正承载与执行，不直接等同强弱人格。,由M2接口提供；夫妻星只参与关系议题权重，不单独生成盲点。,由M3-BASE与共享引擎提供；不得把日支直接写成配偶性格。,无／待后续规则组合,由共享基础引擎判定,由共享基础引擎判定,由共享基础引擎判定,喜忌只修正调用摩擦与平衡，不直接等同好坏。,原十神性质有效；真合化成立时按化神系统替换。,由共享基础引擎判定,88,functional_origin +12,functional_origin,日支主气是亲密关系功能来源的高权重证据，但盲点仍需失衡与独立修正。,日支主气更容易进入长期亲密关系，但不能仅凭它判断问题。,不得仅凭本规则推出自私、冷漠、控制、花心、暴力、人格或依恋问题、分手离婚、背叛或关系失败；本模块只生成结构／触发候选，现实模式需具体事件验证。,中高,待验证,,provisional=true; rule_group=BASE-状态修正; state=日支主气,0.2
M4-BASE-173,日支中气｜第二通道候选,L4 状态与位置修正,BASE-状态修正,通用,位置修正,日支中气,,中气有效、有根或被透出；功能不同于主气。,弱远无根；与主气同系统同义重复。,由共享基础引擎提供；只修正承载与执行，不直接等同强弱人格。,由M2接口提供；夫妻星只参与关系议题权重，不单独生成盲点。,由M3-BASE与共享引擎提供；不得把日支直接写成配偶性格。,无／待后续规则组合,由共享基础引擎判定,由共享基础引擎判定,由共享基础引擎判定,喜忌只修正调用摩擦与平衡，不直接等同好坏。,原十神性质有效；真合化成立时按化神系统替换。,由共享基础引擎判定,76,候选 +6；独立时可升级,secondary_signal,中气可提供第二功能或调节候选，不能自动与主气并列。,日支中气可能是第二处理通道或调节条件，需要看它是否真正有力。,不得仅凭本规则推出自私、冷漠、控制、花心、暴力、人格或依恋问题、分手离婚、背叛或关系失败；本模块只生成结构／触发候选，现实模式需具体事件验证。,中,待验证,,provisional=true; rule_group=BASE-状态修正; state=日支中气,0.2
M4-BASE-174,日支余气｜背景候选,L4 状态与位置修正,BASE-状态修正,通用,位置修正,日支余气,,余气性质可靠。,余气被错误提升为主气；真合化后失效。,由共享基础引擎提供；只修正承载与执行，不直接等同强弱人格。,由M2接口提供；夫妻星只参与关系议题权重，不单独生成盲点。,由M3-BASE与共享引擎提供；不得把日支直接写成配偶性格。,无／待后续规则组合,由共享基础引擎判定,由共享基础引擎判定,由共享基础引擎判定,喜忌只修正调用摩擦与平衡，不直接等同好坏。,原十神性质有效；真合化成立时按化神系统替换。,由共享基础引擎判定,74,候选 +3；封顶低,secondary_signal,余气通常只做背景、潜在或特定压力下的备用通道。,这项信号更适合作为背景，不宜单独写成核心盲点。,不得仅凭本规则推出自私、冷漠、控制、花心、暴力、人格或依恋问题、分手离婚、背叛或关系失败；本模块只生成结构／触发候选，现实模式需具体事件验证。,中,待验证,,provisional=true; rule_group=BASE-状态修正; state=日支余气,0.2
M4-BASE-175,阶段覆盖｜只生成触发修正,L4 状态与位置修正,BASE-状态修正,通用,阶段修正,大运流年引动,,阶段信号明确引动原局功能或宫位动态。,将阶段信号写成终身固定模式。,由共享基础引擎提供；只修正承载与执行，不直接等同强弱人格。,由M2接口提供；夫妻星只参与关系议题权重，不单独生成盲点。,由M3-BASE与共享引擎提供；不得把日支直接写成配偶性格。,无／待后续规则组合,由共享基础引擎判定,由共享基础引擎判定,由共享基础引擎判定,喜忌只修正调用摩擦与平衡，不直接等同好坏。,原十神性质有效；真合化成立时按化神系统替换。,由共享基础引擎判定,82,trigger +3；另记时间来源,activation_trigger,阶段覆盖可以提高某一候选的启动概率，但不改变原局功能来源。,某个阶段可能让这项反应更容易被启动，但不代表你长期一直如此。,不得仅凭本规则推出自私、冷漠、控制、花心、暴力、人格或依恋问题、分手离婚、背叛或关系失败；本模块只生成结构／触发候选，现实模式需具体事件验证。,中,待验证,,provisional=true; rule_group=BASE-状态修正; state=大运流年引动,0.2
M4-BASE-176,原局与阶段一致｜提高启动候选,L4 状态与位置修正,BASE-状态修正,通用,阶段修正,原局＋阶段同向,,原局已有E1候选；阶段信号同向引动；来源时间分开记录。,只有阶段信号而原局无基础；同源重复。,由共享基础引擎提供；只修正承载与执行，不直接等同强弱人格。,由M2接口提供；夫妻星只参与关系议题权重，不单独生成盲点。,由M3-BASE与共享引擎提供；不得把日支直接写成配偶性格。,无／待后续规则组合,由共享基础引擎判定,由共享基础引擎判定,由共享基础引擎判定,喜忌只修正调用摩擦与平衡，不直接等同好坏。,原十神性质有效；真合化成立时按化神系统替换。,由共享基础引擎判定,80,E2候选 +3,activation_trigger,同向阶段可提高E2启动候选，但不能直接升级E3循环。,当阶段性压力与原有结构同向时，这种反应更容易暂时被放大。,不得仅凭本规则推出自私、冷漠、控制、花心、暴力、人格或依恋问题、分手离婚、背叛或关系失败；本模块只生成结构／触发候选，现实模式需具体事件验证。,中,待验证,,provisional=true; rule_group=BASE-状态修正; state=原局＋阶段同向,0.2
M4-BASE-177,现实行为支持｜允许升级结构证据,L4 状态与位置修正,BASE-状态修正,通用,案例修正,现实行为,,至少一项具体事件清楚支持功能过用、不足、替代或卡点。,仅为抽象自我评价；事件与规则不匹配。,由共享基础引擎提供；只修正承载与执行，不直接等同强弱人格。,由M2接口提供；夫妻星只参与关系议题权重，不单独生成盲点。,由M3-BASE与共享引擎提供；不得把日支直接写成配偶性格。,无／待后续规则组合,由共享基础引擎判定,由共享基础引擎判定,由共享基础引擎判定,喜忌只修正调用摩擦与平衡，不直接等同好坏。,原十神性质有效；真合化成立时按化神系统替换。,由共享基础引擎判定,86,证据 +6,evidence_level,现实行为可提高E1/E2置信，但BASE仍不独立建立完整循环。,若具体经历显示这一顺序确实发生过，候选会更可靠。,不得仅凭本规则推出自私、冷漠、控制、花心、暴力、人格或依恋问题、分手离婚、背叛或关系失败；本模块只生成结构／触发候选，现实模式需具体事件验证。,中高,待验证,,provisional=true; rule_group=BASE-状态修正; state=现实行为,0.2
M4-BASE-178,现实反例｜降权或停止,L4 状态与位置修正,BASE-状态修正,通用,案例修正,明确反例,,有具体关系事件显示该功能在压力下仍能被有效调节，或候选长期不出现。,,由共享基础引擎提供；只修正承载与执行，不直接等同强弱人格。,由M2接口提供；夫妻星只参与关系议题权重，不单独生成盲点。,由M3-BASE与共享引擎提供；不得把日支直接写成配偶性格。,无／待后续规则组合,由共享基础引擎判定,由共享基础引擎判定,由共享基础引擎判定,喜忌只修正调用摩擦与平衡，不直接等同好坏。,原十神性质有效；真合化成立时按化神系统替换。,由共享基础引擎判定,96,−10或STOP,evidence_level,反例必须真实扣分，不能为了保留模型忽略。,若现实经历持续显示你能完成相反的调节步骤，这一候选应明显降级或停止。,不得仅凭本规则推出自私、冷漠、控制、花心、暴力、人格或依恋问题、分手离婚、背叛或关系失败；本模块只生成结构／触发候选，现实模式需具体事件验证。,高,待验证,,provisional=true; rule_group=BASE-状态修正; state=明确反例,0.2
M4-BASE-179,对方反馈未知｜不得扩写循环,L4 状态与位置修正,BASE-状态修正,通用,边界,对方反馈缺失,,只有命主自述或命盘结构，没有对方真实反馈。,,由共享基础引擎提供；只修正承载与执行，不直接等同强弱人格。,由M2接口提供；夫妻星只参与关系议题权重，不单独生成盲点。,由M3-BASE与共享引擎提供；不得把日支直接写成配偶性格。,无／待后续规则组合,由共享基础引擎判定,由共享基础引擎判定,由共享基础引擎判定,喜忌只修正调用摩擦与平衡，不直接等同好坏。,原十神性质有效；真合化成立时按化神系统替换。,由共享基础引擎判定,95,封顶E2,evidence_level,BASE最多输出E1/E2，不得假设对方一定防御、撤退、控制或反弹。,目前只能说明你的可能起点，不能替对方写出固定反应。,不得仅凭本规则推出自私、冷漠、控制、花心、暴力、人格或依恋问题、分手离婚、背叛或关系失败；本模块只生成结构／触发候选，现实模式需具体事件验证。,高,待验证,,provisional=true; rule_group=BASE-状态修正; state=对方反馈缺失,0.2
M4-BASE-180,同源去重日志｜必须记录source_id,L4 状态与位置修正,BASE-状态修正,通用,去重,source_id日志,,任何规则产生加分、减分、封顶或停止。,,由共享基础引擎提供；只修正承载与执行，不直接等同强弱人格。,由M2接口提供；夫妻星只参与关系议题权重，不单独生成盲点。,由M3-BASE与共享引擎提供；不得把日支直接写成配偶性格。,无／待后续规则组合,由共享基础引擎判定,由共享基础引擎判定,由共享基础引擎判定,喜忌只修正调用摩擦与平衡，不直接等同好坏。,原十神性质有效；真合化成立时按化神系统替换。,由共享基础引擎判定,94,强制记录,dedup_log,所有来源必须写入notes／dedup_log，便于开发和案例追溯。,每个判断都应能追溯到具体命理事实或现实事件，避免同一信号被重复解释。,不得仅凭本规则推出自私、冷漠、控制、花心、暴力、人格或依恋问题、分手离婚、背叛或关系失败；本模块只生成结构／触发候选，现实模式需具体事件验证。,高,待验证,,provisional=true; rule_group=BASE-状态修正; state=source_id日志,0.2
M4-BASE-181,日支主气｜关系功能来源主轴,L5 宫位层级与动态,BASE-宫位层级,通用,基础,日支主气,,日支主气十神可靠、原性质有效、M3-BASE对应底盘成立。,主气未定、真合化替换或基础排盘争议。,由共享基础引擎提供；只修正承载与执行，不直接等同强弱人格。,由M2接口提供；夫妻星只参与关系议题权重，不单独生成盲点。,由M3-BASE与共享引擎提供；不得把日支直接写成配偶性格。,无／待后续规则组合,由共享基础引擎判定,由共享基础引擎判定,由共享基础引擎判定,喜忌只修正调用摩擦与平衡，不直接等同好坏。,原十神性质有效；真合化成立时按化神系统替换。,由共享基础引擎判定,92,functional_origin +12,functional_origin,日支主气优先定义亲密关系中的正常功能来源，不直接定义盲点。,日支主气说明你在关系中最自然使用哪一种功能，但盲点必须再看它是否失衡。,不得仅凭本规则推出自私、冷漠、控制、花心、暴力、人格或依恋问题、分手离婚、背叛或关系失败；本模块只生成结构／触发候选，现实模式需具体事件验证。,中高,待验证,,provisional=true; rule_group=BASE-宫位层级; palace_rule=日支主气,0.2
M4-BASE-182,日支主气｜单独不得生成失衡,L5 宫位层级与动态,BASE-宫位层级,通用,边界,日支主气,,只有日支主气事实，没有强弱失衡、通道不足或独立修正。,,由共享基础引擎提供；只修正承载与执行，不直接等同强弱人格。,由M2接口提供；夫妻星只参与关系议题权重，不单独生成盲点。,由M3-BASE与共享引擎提供；不得把日支直接写成配偶性格。,无／待后续规则组合,由共享基础引擎判定,由共享基础引擎判定,由共享基础引擎判定,喜忌只修正调用摩擦与平衡，不直接等同好坏。,原十神性质有效；真合化成立时按化神系统替换。,由共享基础引擎判定,96,不成立E1,stop_reason,日支主气只是关系底盘，不等于核心问题。,仅凭日支主气，不能把某种相处方式写成关系盲点。,不得仅凭本规则推出自私、冷漠、控制、花心、暴力、人格或依恋问题、分手离婚、背叛或关系失败；本模块只生成结构／触发候选，现实模式需具体事件验证。,高,待验证,,provisional=true; rule_group=BASE-宫位层级; palace_rule=日支主气,0.2
M4-BASE-183,日支主气｜过用需第二证据,L5 宫位层级与动态,BASE-宫位层级,通用,证据门控,日支主气＋过旺,,主气功能有效；另有过旺失衡、压力抢先、M3跨模块重复或现实行为中的独立支持。,只因主气位置重要就判断过用。,由共享基础引擎提供；只修正承载与执行，不直接等同强弱人格。,由M2接口提供；夫妻星只参与关系议题权重，不单独生成盲点。,由M3-BASE与共享引擎提供；不得把日支直接写成配偶性格。,无／待后续规则组合,由共享基础引擎判定,由共享基础引擎判定,由共享基础引擎判定,喜忌只修正调用摩擦与平衡，不直接等同好坏。,原十神性质有效；真合化成立时按化神系统替换。,由共享基础引擎判定,88,K01候选；需独立证据,imbalance_mechanism,日支主气可提高相关性，但K01仍需独立失衡证据。,它虽然很容易进入亲密关系，但只有在调用过强或缺少调节时，才会成为过用候选。,不得仅凭本规则推出自私、冷漠、控制、花心、暴力、人格或依恋问题、分手离婚、背叛或关系失败；本模块只生成结构／触发候选，现实模式需具体事件验证。,中,待验证,,provisional=true; rule_group=BASE-宫位层级; palace_rule=日支主气＋过旺,0.2
M4-BASE-184,日支中气｜第二功能候选,L5 宫位层级与动态,BASE-宫位层级,通用,基础,日支中气,,中气十神可靠，功能与主气不同，且有根／透出／M3行为中的至少一项支持。,中气弱远无根；与主气同系统同义重复。,由共享基础引擎提供；只修正承载与执行，不直接等同强弱人格。,由M2接口提供；夫妻星只参与关系议题权重，不单独生成盲点。,由M3-BASE与共享引擎提供；不得把日支直接写成配偶性格。,无／待后续规则组合,由共享基础引擎判定,由共享基础引擎判定,由共享基础引擎判定,喜忌只修正调用摩擦与平衡，不直接等同好坏。,原十神性质有效；真合化成立时按化神系统替换。,由共享基础引擎判定,78,secondary candidate +6,secondary_signal,中气可作为第二功能、调节或缺位对照，但默认低于主气。,日支中气可能是第二处理方式，是否进入正文要看它是否真正有力且功能不同。,不得仅凭本规则推出自私、冷漠、控制、花心、暴力、人格或依恋问题、分手离婚、背叛或关系失败；本模块只生成结构／触发候选，现实模式需具体事件验证。,中,待验证,,provisional=true; rule_group=BASE-宫位层级; palace_rule=日支中气,0.2
M4-BASE-185,日支中气｜升级为次机制条件,L5 宫位层级与动态,BASE-宫位层级,通用,升级,日支中气,,中气有根或透干；来源独立；对应M3模块形成稳定次通道；与主气功能不同。,同源同义、弱远无根或被真合化。,由共享基础引擎提供；只修正承载与执行，不直接等同强弱人格。,由M2接口提供；夫妻星只参与关系议题权重，不单独生成盲点。,由M3-BASE与共享引擎提供；不得把日支直接写成配偶性格。,无／待后续规则组合,由共享基础引擎判定,由共享基础引擎判定,由共享基础引擎判定,喜忌只修正调用摩擦与平衡，不直接等同好坏。,原十神性质有效；真合化成立时按化神系统替换。,由共享基础引擎判定,80,次机制 +4,secondary_signal,满足升级条件时，中气可成为次机制或保护因素。,当中气不仅存在，而且能在现实关系中稳定进入时，才会被提升为第二项判断。,不得仅凭本规则推出自私、冷漠、控制、花心、暴力、人格或依恋问题、分手离婚、背叛或关系失败；本模块只生成结构／触发候选，现实模式需具体事件验证。,中,待验证,,provisional=true; rule_group=BASE-宫位层级; palace_rule=日支中气,0.2
M4-BASE-186,日支中气｜降级条件,L5 宫位层级与动态,BASE-宫位层级,通用,降级,日支中气,,中气仅藏而无根、受制严重、来源同义或现实无对应行为。,,由共享基础引擎提供；只修正承载与执行，不直接等同强弱人格。,由M2接口提供；夫妻星只参与关系议题权重，不单独生成盲点。,由M3-BASE与共享引擎提供；不得把日支直接写成配偶性格。,无／待后续规则组合,由共享基础引擎判定,由共享基础引擎判定,由共享基础引擎判定,喜忌只修正调用摩擦与平衡，不直接等同好坏。,原十神性质有效；真合化成立时按化神系统替换。,由共享基础引擎判定,84,−4；封顶低,confidence,中气降为背景，不参与主次失衡评分。,这项信号目前更适合作为背景，不宜放进用户正文。,不得仅凭本规则推出自私、冷漠、控制、花心、暴力、人格或依恋问题、分手离婚、背叛或关系失败；本模块只生成结构／触发候选，现实模式需具体事件验证。,中高,待验证,,provisional=true; rule_group=BASE-宫位层级; palace_rule=日支中气,0.2
M4-BASE-187,日支余气｜潜在背景,L5 宫位层级与动态,BASE-宫位层级,通用,基础,日支余气,,余气十神可靠，原性质有效。,真合化替换或余气识别争议。,由共享基础引擎提供；只修正承载与执行，不直接等同强弱人格。,由M2接口提供；夫妻星只参与关系议题权重，不单独生成盲点。,由M3-BASE与共享引擎提供；不得把日支直接写成配偶性格。,无／待后续规则组合,由共享基础引擎判定,由共享基础引擎判定,由共享基础引擎判定,喜忌只修正调用摩擦与平衡，不直接等同好坏。,原十神性质有效；真合化成立时按化神系统替换。,由共享基础引擎判定,72,background +3,secondary_signal,余气主要说明潜在、备用或特定压力下才可能出现的功能。,这项功能可能在特定情境下出现，但通常不是关系盲点的主轴。,不得仅凭本规则推出自私、冷漠、控制、花心、暴力、人格或依恋问题、分手离婚、背叛或关系失败；本模块只生成结构／触发候选，现实模式需具体事件验证。,中低,待验证,,provisional=true; rule_group=BASE-宫位层级; palace_rule=日支余气,0.2
M4-BASE-188,日支余气｜不得单独成为主盲点,L5 宫位层级与动态,BASE-宫位层级,通用,边界,日支余气,,只有余气一处信号，没有独立根气、透出或现实行为。,,由共享基础引擎提供；只修正承载与执行，不直接等同强弱人格。,由M2接口提供；夫妻星只参与关系议题权重，不单独生成盲点。,由M3-BASE与共享引擎提供；不得把日支直接写成配偶性格。,无／待后续规则组合,由共享基础引擎判定,由共享基础引擎判定,由共享基础引擎判定,喜忌只修正调用摩擦与平衡，不直接等同好坏。,原十神性质有效；真合化成立时按化神系统替换。,由共享基础引擎判定,96,STOP主候选,stop_reason,余气单独不足以建立E1结构候选。,仅凭余气，不会把某种关系问题固定为核心盲点。,不得仅凭本规则推出自私、冷漠、控制、花心、暴力、人格或依恋问题、分手离婚、背叛或关系失败；本模块只生成结构／触发候选，现实模式需具体事件验证。,高,待验证,,provisional=true; rule_group=BASE-宫位层级; palace_rule=日支余气,0.2
M4-BASE-189,日支余气｜升级门槛,L5 宫位层级与动态,BASE-宫位层级,通用,升级,日支余气,,余气有独立透出、有根、被明确引动且现实行为重复；与主气功能不同。,仍为同源同义；只有阶段一次性引动。,由共享基础引擎提供；只修正承载与执行，不直接等同强弱人格。,由M2接口提供；夫妻星只参与关系议题权重，不单独生成盲点。,由M3-BASE与共享引擎提供；不得把日支直接写成配偶性格。,无／待后续规则组合,由共享基础引擎判定,由共享基础引擎判定,由共享基础引擎判定,喜忌只修正调用摩擦与平衡，不直接等同好坏。,原十神性质有效；真合化成立时按化神系统替换。,由共享基础引擎判定,76,次候选 +3；封顶中低,secondary_signal,余气只有在多类独立支持下才能升级为次候选。,只有当这项背景功能在多个来源和现实行为中都被看见，才会进入次级判断。,不得仅凭本规则推出自私、冷漠、控制、花心、暴力、人格或依恋问题、分手离婚、背叛或关系失败；本模块只生成结构／触发候选，现实模式需具体事件验证。,中,待验证,,provisional=true; rule_group=BASE-宫位层级; palace_rule=日支余气,0.2
M4-BASE-190,日支单藏干｜底盘较集中,L5 宫位层级与动态,BASE-宫位层级,通用,结构,日支单藏干,,日支只有一个可靠藏干，且无真合化替换。,,由共享基础引擎提供；只修正承载与执行，不直接等同强弱人格。,由M2接口提供；夫妻星只参与关系议题权重，不单独生成盲点。,由M3-BASE与共享引擎提供；不得把日支直接写成配偶性格。,无／待后续规则组合,由共享基础引擎判定,由共享基础引擎判定,由共享基础引擎判定,喜忌只修正调用摩擦与平衡，不直接等同好坏。,原十神性质有效；真合化成立时按化神系统替换。,由共享基础引擎判定,72,集中度 +2,functional_origin,单藏干说明关系功能底盘较集中，但不等于单一人格或单一盲点。,你的关系底盘较集中，但仍要看全局其他通道如何调节它。,不得仅凭本规则推出自私、冷漠、控制、花心、暴力、人格或依恋问题、分手离婚、背叛或关系失败；本模块只生成结构／触发候选，现实模式需具体事件验证。,中,待验证,,provisional=true; rule_group=BASE-宫位层级; palace_rule=日支单藏干,0.2
M4-BASE-191,日支多藏干｜不等于关系复杂,L5 宫位层级与动态,BASE-宫位层级,通用,边界,日支多藏干,,日支存在主气、中气、余气多个藏干。,,由共享基础引擎提供；只修正承载与执行，不直接等同强弱人格。,由M2接口提供；夫妻星只参与关系议题权重，不单独生成盲点。,由M3-BASE与共享引擎提供；不得把日支直接写成配偶性格。,无／待后续规则组合,由共享基础引擎判定,由共享基础引擎判定,由共享基础引擎判定,喜忌只修正调用摩擦与平衡，不直接等同好坏。,原十神性质有效；真合化成立时按化神系统替换。,由共享基础引擎判定,96,不加分；排序门控,boundary_note,多藏干只表示多个功能层级共存，必须按主次与独立性排序。,多个藏干不等于感情复杂；它们只是不同层级的关系功能，需要先判断谁主谁次。,不得仅凭本规则推出自私、冷漠、控制、花心、暴力、人格或依恋问题、分手离婚、背叛或关系失败；本模块只生成结构／触发候选，现实模式需具体事件验证。,高,待验证,,provisional=true; rule_group=BASE-宫位层级; palace_rule=日支多藏干,0.2
M4-BASE-192,主中同系统｜同义收敛,L5 宫位层级与动态,BASE-宫位层级,通用,去重,主气＋中气同系统,,主气与中气属于同一五系统，且功能语义高度重合。,两者承担不同M3任务且来源现实独立。,由共享基础引擎提供；只修正承载与执行，不直接等同强弱人格。,由M2接口提供；夫妻星只参与关系议题权重，不单独生成盲点。,由M3-BASE与共享引擎提供；不得把日支直接写成配偶性格。,无／待后续规则组合,由共享基础引擎判定,由共享基础引擎判定,由共享基础引擎判定,喜忌只修正调用摩擦与平衡，不直接等同好坏。,原十神性质有效；真合化成立时按化神系统替换。,由共享基础引擎判定,90,同义收敛；取较高值,dedup_log,同系统信号先收敛为一个功能系统，不能重复制造两个盲点。,如果主气和中气都在强调同一类功能，会先合并理解，不重复写成两个问题。,不得仅凭本规则推出自私、冷漠、控制、花心、暴力、人格或依恋问题、分手离婚、背叛或关系失败；本模块只生成结构／触发候选，现实模式需具体事件验证。,高,待验证,,provisional=true; rule_group=BASE-宫位层级; palace_rule=主气＋中气同系统,0.2
M4-BASE-193,主中跨系统｜主次分层,L5 宫位层级与动态,BASE-宫位层级,通用,组合,主气＋中气跨系统,,主气与中气功能不同，均有效，且中气达到升级门槛。,中气弱远无根或同义重复。,由共享基础引擎提供；只修正承载与执行，不直接等同强弱人格。,由M2接口提供；夫妻星只参与关系议题权重，不单独生成盲点。,由M3-BASE与共享引擎提供；不得把日支直接写成配偶性格。,无／待后续规则组合,由共享基础引擎判定,由共享基础引擎判定,由共享基础引擎判定,喜忌只修正调用摩擦与平衡，不直接等同好坏。,原十神性质有效；真合化成立时按化神系统替换。,由共享基础引擎判定,82,一主一次,secondary_signal,主气负责核心功能，中气可作为调节、缺位或次机制候选。,关系中可能同时存在两种不同功能，但正文会明确一项为主、一项为辅。,不得仅凭本规则推出自私、冷漠、控制、花心、暴力、人格或依恋问题、分手离婚、背叛或关系失败；本模块只生成结构／触发候选，现实模式需具体事件验证。,中,待验证,,provisional=true; rule_group=BASE-宫位层级; palace_rule=主气＋中气跨系统,0.2
M4-BASE-194,主中同时抢先｜K05竞争候选,L5 宫位层级与动态,BASE-宫位层级,通用,组合候选,主气＋中气,,两个跨系统功能都强、有根、近位，并在同一关系任务中抢占第一反应；无明确顺序或桥接。,两者已有分工、先后或调节关系。,由共享基础引擎提供；只修正承载与执行，不直接等同强弱人格。,由M2接口提供；夫妻星只参与关系议题权重，不单独生成盲点。,由M3-BASE与共享引擎提供；不得把日支直接写成配偶性格。,无／待后续规则组合,由共享基础引擎判定,由共享基础引擎判定,由共享基础引擎判定,喜忌只修正调用摩擦与平衡，不直接等同好坏。,原十神性质有效；真合化成立时按化神系统替换。,由共享基础引擎判定,82,K05 +6,imbalance_mechanism,可生成K05双通道竞争候选，但仍需触发或M3顺序证据。,当两种功能同时想先处理同一件事，可能出现内部拉扯；是否形成问题还要看现实顺序。,不得仅凭本规则推出自私、冷漠、控制、花心、暴力、人格或依恋问题、分手离婚、背叛或关系失败；本模块只生成结构／触发候选，现实模式需具体事件验证。,中,待验证,,provisional=true; rule_group=BASE-宫位层级; palace_rule=主气＋中气,0.2
M4-BASE-195,双功能共存｜不自动双盲点,L5 宫位层级与动态,BASE-宫位层级,通用,边界,两项有效功能,,主气与次功能均有效。,,由共享基础引擎提供；只修正承载与执行，不直接等同强弱人格。,由M2接口提供；夫妻星只参与关系议题权重，不单独生成盲点。,由M3-BASE与共享引擎提供；不得把日支直接写成配偶性格。,无／待后续规则组合,由共享基础引擎判定,由共享基础引擎判定,由共享基础引擎判定,喜忌只修正调用摩擦与平衡，不直接等同好坏。,原十神性质有效；真合化成立时按化神系统替换。,由共享基础引擎判定,92,不加分；先查buffer,boundary_note,两项功能可能形成分工、桥接或保护，不自动等于两个问题。,两种功能同时存在，可能是互补而不是冲突；会先检查它们是否能分工和通关。,不得仅凭本规则推出自私、冷漠、控制、花心、暴力、人格或依恋问题、分手离婚、背叛或关系失败；本模块只生成结构／触发候选，现实模式需具体事件验证。,高,待验证,,provisional=true; rule_group=BASE-宫位层级; palace_rule=两项有效功能,0.2
M4-BASE-196,夫妻星入日支｜M2—M3连续性,L5 宫位层级与动态,BASE-宫位层级,通用,接口,夫妻星入日支,,女命官杀或男命财星进入日支，夫妻星性质有效。,夫妻星映射或真合化状态争议。,由共享基础引擎提供；只修正承载与执行，不直接等同强弱人格。,由M2接口提供；夫妻星只参与关系议题权重，不单独生成盲点。,由M3-BASE与共享引擎提供；不得把日支直接写成配偶性格。,无／待后续规则组合,由共享基础引擎判定,由共享基础引擎判定,由共享基础引擎判定,喜忌只修正调用摩擦与平衡，不直接等同好坏。,原十神性质有效；真合化成立时按化神系统替换。,由共享基础引擎判定,78,相关性 +2；同源不重复,cross_model_ref,该事实可说明关系选择标准与相处功能连续，但不独立生成M4盲点。,你选择关系时重视的某类证据，可能也会进入日常相处；是否失衡仍要另看调节和现实行为。,不得仅凭本规则推出自私、冷漠、控制、花心、暴力、人格或依恋问题、分手离婚、背叛或关系失败；本模块只生成结构／触发候选，现实模式需具体事件验证。,中,待验证,,provisional=true; rule_group=BASE-宫位层级; palace_rule=夫妻星入日支,0.2
M4-BASE-197,夫妻星入宫｜同源去重,L5 宫位层级与动态,BASE-宫位层级,通用,去重,夫妻星＋日支,,同一夫妻星入宫事实被M2、M3和M4多次读取。,,由共享基础引擎提供；只修正承载与执行，不直接等同强弱人格。,由M2接口提供；夫妻星只参与关系议题权重，不单独生成盲点。,由M3-BASE与共享引擎提供；不得把日支直接写成配偶性格。,无／待后续规则组合,由共享基础引擎判定,由共享基础引擎判定,由共享基础引擎判定,喜忌只修正调用摩擦与平衡，不直接等同好坏。,原十神性质有效；真合化成立时按化神系统替换。,由共享基础引擎判定,96,source_id只计一次,dedup_log,只计算一次基础事实；跨模型一致只能说明连续性。,同一个夫妻星入宫事实不会因为在多个模型中出现就被重复放大。,不得仅凭本规则推出自私、冷漠、控制、花心、暴力、人格或依恋问题、分手离婚、背叛或关系失败；本模块只生成结构／触发候选，现实模式需具体事件验证。,高,待验证,,provisional=true; rule_group=BASE-宫位层级; palace_rule=夫妻星＋日支,0.2
M4-BASE-198,日干日支生克｜与日支十神去重,L5 宫位层级与动态,BASE-宫位层级,通用,去重,日干日支关系,,日干日支生克、日支十神和M3五系统映射来自同一关系。,,由共享基础引擎提供；只修正承载与执行，不直接等同强弱人格。,由M2接口提供；夫妻星只参与关系议题权重，不单独生成盲点。,由M3-BASE与共享引擎提供；不得把日支直接写成配偶性格。,无／待后续规则组合,由共享基础引擎判定,由共享基础引擎判定,由共享基础引擎判定,喜忌只修正调用摩擦与平衡，不直接等同好坏。,原十神性质有效；真合化成立时按化神系统替换。,由共享基础引擎判定,96,同源去重,dedup_log,三者是同一事实的不同解释层，只计一次。,同一个日柱关系不会因为换成五行、生克和十神三种说法就变成三份证据。,不得仅凭本规则推出自私、冷漠、控制、花心、暴力、人格或依恋问题、分手离婚、背叛或关系失败；本模块只生成结构／触发候选，现实模式需具体事件验证。,高,待验证,,provisional=true; rule_group=BASE-宫位层级; palace_rule=日干日支关系,0.2
M4-BASE-199,日柱近位｜主轴优先但不定性,L5 宫位层级与动态,BASE-宫位层级,通用,位置修正,日柱近位,,功能信号位于日柱并有效。,已由日支主气计满基础分；真合化替换。,由共享基础引擎提供；只修正承载与执行，不直接等同强弱人格。,由M2接口提供；夫妻星只参与关系议题权重，不单独生成盲点。,由M3-BASE与共享引擎提供；不得把日支直接写成配偶性格。,无／待后续规则组合,由共享基础引擎判定,由共享基础引擎判定,由共享基础引擎判定,喜忌只修正调用摩擦与平衡，不直接等同好坏。,原十神性质有效；真合化成立时按化神系统替换。,由共享基础引擎判定,76,相关性 +2；同源不重复,distance_level,近位提高亲密关系相关性，不能直接决定失衡机制。,它更容易进入亲密相处，但是否成为盲点仍取决于调用方式。,不得仅凭本规则推出自私、冷漠、控制、花心、暴力、人格或依恋问题、分手离婚、背叛或关系失败；本模块只生成结构／触发候选，现实模式需具体事件验证。,中,待验证,,provisional=true; rule_group=BASE-宫位层级; palace_rule=日柱近位,0.2
M4-BASE-200,夫妻宫基础状态争议｜停止主轴,L5 宫位层级与动态,BASE-宫位层级,通用,停止,日支／夫妻宫争议,,日支藏干、十神、真合化或宫位动态结论存在关键争议。,,由共享基础引擎提供；只修正承载与执行，不直接等同强弱人格。,由M2接口提供；夫妻星只参与关系议题权重，不单独生成盲点。,由M3-BASE与共享引擎提供；不得把日支直接写成配偶性格。,无／待后续规则组合,由共享基础引擎判定,由共享基础引擎判定,由共享基础引擎判定,喜忌只修正调用摩擦与平衡，不直接等同好坏。,原十神性质有效；真合化成立时按化神系统替换。,由共享基础引擎判定,100,STOP主轴；封顶低,stop_reason,M4-BASE不得在关系核心事实未定时固定主功能或主盲点。,当前夫妻宫基础状态还不够清楚，因此主盲点暂不固定。,不得仅凭本规则推出自私、冷漠、控制、花心、暴力、人格或依恋问题、分手离婚、背叛或关系失败；本模块只生成结构／触发候选，现实模式需具体事件验证。,高,待验证,,provisional=true; rule_group=BASE-宫位层级; palace_rule=日支／夫妻宫争议,0.2
M4-BASE-201,日支合｜中性功能定义,L5 宫位层级与动态,BASE-宫位动态,通用,定义,日支合,,共享引擎确认原局日支合成立；结构类型、对象和是否合化已分清。,结构未成立、仅为流年短暂作用却被写成原局，或真合化需另路由。,由共享基础引擎提供；只修正承载与执行，不直接等同强弱人格。,由M2接口提供；夫妻星只参与关系议题权重，不单独生成盲点。,日支合：议题相互牵连、多个关系任务容易被整体化处理，边界与功能不易完全分开。,无／待后续规则组合,由共享基础引擎判定,由共享基础引擎判定,由共享基础引擎判定,喜忌只修正调用摩擦与平衡，不直接等同好坏。,原十神性质有效；真合化成立时按化神系统替换。,由共享基础引擎判定,80,不加分；动态定义,palace_dynamic,议题相互牵连、多个关系任务容易被整体化处理，边界与功能不易完全分开。,相关议题容易被放在一起理解，分析时需要分清：哪些是感受，哪些是责任，哪些是现实安排。,不得由“合”直接推出纠缠、第三者、离不开、婚姻稳定或感情必然好坏。,中高,待验证,,provisional=true; dynamic=合; subtype=definition,0.2
M4-BASE-202,日支合｜与有效功能结合,L5 宫位层级与动态,BASE-宫位动态,通用,修正,日支合,有效M3／M4功能通道,日支合成立；至少一个正常功能来源可靠；动态与该功能作用对象明确。,只有合而没有有效功能通道；作用对象不明。,由共享基础引擎提供；只修正承载与执行，不直接等同强弱人格。,由M2接口提供；夫妻星只参与关系议题权重，不单独生成盲点。,合修正功能调用节奏,可修正K03单通道替代或K05双通道竞争，也可在有效通关时成为整合条件。,由共享基础引擎判定,由共享基础引擎判定,由共享基础引擎判定,喜忌只修正调用摩擦与平衡，不直接等同好坏。,原十神性质有效；真合化成立时按化神系统替换。,由共享基础引擎判定,78,相关机制候选 +3,imbalance_mechanism,合不能独立生成盲点，但与有效功能结合时：可修正K03单通道替代或K05双通道竞争，也可在有效通关时成为整合条件。,相关议题容易被放在一起理解，分析时需要分清：哪些是感受，哪些是责任，哪些是现实安排。 这只修正关系节奏，不直接判断结果。,不得由“合”直接推出纠缠、第三者、离不开、婚姻稳定或感情必然好坏。,中,待验证,,provisional=true; dynamic=合; subtype=function_modifier,0.2
M4-BASE-203,日支合｜触发域候选,L5 宫位层级与动态,BASE-宫位动态,通用,触发候选,日支合,TR触发域候选,日支合成立；E1结构候选已成立；存在与该动态匹配的关系情境或阶段引动。,没有E1功能失衡候选；仅凭动态想象触发情境；保护因素足以中断。,由共享基础引擎提供；只修正承载与执行，不直接等同强弱人格。,由M2接口提供；夫妻星只参与关系议题权重，不单独生成盲点。,合作为触发节奏修正,无／待后续规则组合,由共享基础引擎判定,由共享基础引擎判定,由共享基础引擎判定,喜忌只修正调用摩擦与平衡，不直接等同好坏。,原十神性质有效；真合化成立时按化神系统替换。,由共享基础引擎判定,76,trigger candidate +3；不得单独建立E2,activation_trigger,在承诺、资源、情绪或空间议题同时出现时，更容易把多个问题绑在一起处理。,在以下情境中，这项候选可能更容易启动：在承诺、资源、情绪或空间议题同时出现时，更容易把多个问题绑在一起处理。,不得由“合”直接推出纠缠、第三者、离不开、婚姻稳定或感情必然好坏。,中低,待验证,,provisional=true; dynamic=合; subtype=trigger_route,0.2
M4-BASE-204,日支合｜禁止单独生成盲点,L5 宫位层级与动态,BASE-宫位动态,通用,停止,日支合,,当前只有日支合一项事实，没有正常功能来源、失衡机制或独立证据。,,由共享基础引擎提供；只修正承载与执行，不直接等同强弱人格。,由M2接口提供；夫妻星只参与关系议题权重，不单独生成盲点。,由M3-BASE与共享引擎提供；不得把日支直接写成配偶性格。,无／待后续规则组合,由共享基础引擎判定,由共享基础引擎判定,由共享基础引擎判定,喜忌只修正调用摩擦与平衡，不直接等同好坏。,原十神性质有效；真合化成立时按化神系统替换。,由共享基础引擎判定,96,STOP动态单独路由,stop_reason,合只修正触发、切换或整合节奏，不能单独生成B01—B15。,仅凭“合”这一结构，不能判断具体关系问题。,不得由“合”直接推出纠缠、第三者、离不开、婚姻稳定或感情必然好坏。,高,待验证,,provisional=true; dynamic=合; subtype=stop,0.2
M4-BASE-205,日支合｜用户语言模板,L8 输出与停止,BASE-宫位动态,通用,输出,日支合,,日支合作为已通过门控的动态修正进入输出。,动态被停止、作用对象不明或真合化替换。,由共享基础引擎提供；只修正承载与执行，不直接等同强弱人格。,由M2接口提供；夫妻星只参与关系议题权重，不单独生成盲点。,由M3-BASE与共享引擎提供；不得把日支直接写成配偶性格。,无／待后续规则组合,由共享基础引擎判定,由共享基础引擎判定,由共享基础引擎判定,喜忌只修正调用摩擦与平衡，不直接等同好坏。,原十神性质有效；真合化成立时按化神系统替换。,由共享基础引擎判定,66,不加分；摘要,basis_summary,只用中性语言说明合如何修正功能节奏。,相关议题容易被放在一起理解，分析时需要分清：哪些是感受，哪些是责任，哪些是现实安排。,不得由“合”直接推出纠缠、第三者、离不开、婚姻稳定或感情必然好坏。,中,待验证,,provisional=true; dynamic=合; summary_only=true,0.2
M4-BASE-206,日支冲｜中性功能定义,L5 宫位层级与动态,BASE-宫位动态,通用,定义,日支冲,,共享引擎确认原局日支冲成立；结构类型、对象和是否合化已分清。,结构未成立、仅为流年短暂作用却被写成原局，或真合化需另路由。,由共享基础引擎提供；只修正承载与执行，不直接等同强弱人格。,由M2接口提供；夫妻星只参与关系议题权重，不单独生成盲点。,日支冲：差异外显、状态切换和互动节奏变化，原有安排更容易被迫调整。,无／待后续规则组合,由共享基础引擎判定,由共享基础引擎判定,由共享基础引擎判定,喜忌只修正调用摩擦与平衡，不直接等同好坏。,原十神性质有效；真合化成立时按化神系统替换。,由共享基础引擎判定,80,不加分；动态定义,palace_dynamic,差异外显、状态切换和互动节奏变化，原有安排更容易被迫调整。,差异和变化较容易被看见，关键不是“会不会冲突”，而是变化出现时先启动什么、能否重新协商。,不得由“冲”直接推出争吵、分手、离婚、搬离、背叛或关系失败。,中高,待验证,,provisional=true; dynamic=冲; subtype=definition,0.2
M4-BASE-207,日支冲｜与有效功能结合,L5 宫位层级与动态,BASE-宫位动态,通用,修正,日支冲,有效M3／M4功能通道,日支冲成立；至少一个正常功能来源可靠；动态与该功能作用对象明确。,只有冲而没有有效功能通道；作用对象不明。,由共享基础引擎提供；只修正承载与执行，不直接等同强弱人格。,由M2接口提供；夫妻星只参与关系议题权重，不单独生成盲点。,冲修正功能调用节奏,可提高K04顺序错位、K05通道竞争或阶段性K01抢先的候选权重。,由共享基础引擎判定,由共享基础引擎判定,由共享基础引擎判定,喜忌只修正调用摩擦与平衡，不直接等同好坏。,原十神性质有效；真合化成立时按化神系统替换。,由共享基础引擎判定,78,相关机制候选 +3,imbalance_mechanism,冲不能独立生成盲点，但与有效功能结合时：可提高K04顺序错位、K05通道竞争或阶段性K01抢先的候选权重。,差异和变化较容易被看见，关键不是“会不会冲突”，而是变化出现时先启动什么、能否重新协商。 这只修正关系节奏，不直接判断结果。,不得由“冲”直接推出争吵、分手、离婚、搬离、背叛或关系失败。,中,待验证,,provisional=true; dynamic=冲; subtype=function_modifier,0.2
M4-BASE-208,日支冲｜触发域候选,L5 宫位层级与动态,BASE-宫位动态,通用,触发候选,日支冲,TR触发域候选,日支冲成立；E1结构候选已成立；存在与该动态匹配的关系情境或阶段引动。,没有E1功能失衡候选；仅凭动态想象触发情境；保护因素足以中断。,由共享基础引擎提供；只修正承载与执行，不直接等同强弱人格。,由M2接口提供；夫妻星只参与关系议题权重，不单独生成盲点。,冲作为触发节奏修正,无／待后续规则组合,由共享基础引擎判定,由共享基础引擎判定,由共享基础引擎判定,喜忌只修正调用摩擦与平衡，不直接等同好坏。,原十神性质有效；真合化成立时按化神系统替换。,由共享基础引擎判定,76,trigger candidate +3；不得单独建立E2,activation_trigger,当联系、距离、计划、权限或关系节奏改变时，原本熟练的通道可能迅速切换。,在以下情境中，这项候选可能更容易启动：当联系、距离、计划、权限或关系节奏改变时，原本熟练的通道可能迅速切换。,不得由“冲”直接推出争吵、分手、离婚、搬离、背叛或关系失败。,中低,待验证,,provisional=true; dynamic=冲; subtype=trigger_route,0.2
M4-BASE-209,日支冲｜禁止单独生成盲点,L5 宫位层级与动态,BASE-宫位动态,通用,停止,日支冲,,当前只有日支冲一项事实，没有正常功能来源、失衡机制或独立证据。,,由共享基础引擎提供；只修正承载与执行，不直接等同强弱人格。,由M2接口提供；夫妻星只参与关系议题权重，不单独生成盲点。,由M3-BASE与共享引擎提供；不得把日支直接写成配偶性格。,无／待后续规则组合,由共享基础引擎判定,由共享基础引擎判定,由共享基础引擎判定,喜忌只修正调用摩擦与平衡，不直接等同好坏。,原十神性质有效；真合化成立时按化神系统替换。,由共享基础引擎判定,96,STOP动态单独路由,stop_reason,冲只修正触发、切换或整合节奏，不能单独生成B01—B15。,仅凭“冲”这一结构，不能判断具体关系问题。,不得由“冲”直接推出争吵、分手、离婚、搬离、背叛或关系失败。,高,待验证,,provisional=true; dynamic=冲; subtype=stop,0.2
M4-BASE-210,日支冲｜用户语言模板,L8 输出与停止,BASE-宫位动态,通用,输出,日支冲,,日支冲作为已通过门控的动态修正进入输出。,动态被停止、作用对象不明或真合化替换。,由共享基础引擎提供；只修正承载与执行，不直接等同强弱人格。,由M2接口提供；夫妻星只参与关系议题权重，不单独生成盲点。,由M3-BASE与共享引擎提供；不得把日支直接写成配偶性格。,无／待后续规则组合,由共享基础引擎判定,由共享基础引擎判定,由共享基础引擎判定,喜忌只修正调用摩擦与平衡，不直接等同好坏。,原十神性质有效；真合化成立时按化神系统替换。,由共享基础引擎判定,66,不加分；摘要,basis_summary,只用中性语言说明冲如何修正功能节奏。,差异和变化较容易被看见，关键不是“会不会冲突”，而是变化出现时先启动什么、能否重新协商。,不得由“冲”直接推出争吵、分手、离婚、搬离、背叛或关系失败。,中,待验证,,provisional=true; dynamic=冲; summary_only=true,0.2
M4-BASE-211,日支刑｜中性功能定义,L5 宫位层级与动态,BASE-宫位动态,通用,定义,日支刑,,共享引擎确认原局日支刑成立；结构类型、对象和是否合化已分清。,结构未成立、仅为流年短暂作用却被写成原局，或真合化需另路由。,由共享基础引擎提供；只修正承载与执行，不直接等同强弱人格。,由M2接口提供；夫妻星只参与关系议题权重，不单独生成盲点。,日支刑：同一议题需要反复校正、细节反馈容易累积，处理过程可能多轮展开。,无／待后续规则组合,由共享基础引擎判定,由共享基础引擎判定,由共享基础引擎判定,喜忌只修正调用摩擦与平衡，不直接等同好坏。,原十神性质有效；真合化成立时按化神系统替换。,由共享基础引擎判定,80,不加分；动态定义,palace_dynamic,同一议题需要反复校正、细节反馈容易累积，处理过程可能多轮展开。,同一议题可能需要多次确认和调整；重点是每一轮是否真正增加了新信息或完成了改变。,不得由“刑”直接推出自我折磨、必然内耗、反复争吵、心理问题或婚姻不顺。,中高,待验证,,provisional=true; dynamic=刑; subtype=definition,0.2
M4-BASE-212,日支刑｜与有效功能结合,L5 宫位层级与动态,BASE-宫位动态,通用,修正,日支刑,有效M3／M4功能通道,日支刑成立；至少一个正常功能来源可靠；动态与该功能作用对象明确。,只有刑而没有有效功能通道；作用对象不明。,由共享基础引擎提供；只修正承载与执行，不直接等同强弱人格。,由M2接口提供；夫妻星只参与关系议题权重，不单独生成盲点。,刑修正功能调用节奏,可提高K07反馈放大和K08修复断链的后续路由候选，但BASE只记录反复校正倾向。,由共享基础引擎判定,由共享基础引擎判定,由共享基础引擎判定,喜忌只修正调用摩擦与平衡，不直接等同好坏。,原十神性质有效；真合化成立时按化神系统替换。,由共享基础引擎判定,78,相关机制候选 +3,imbalance_mechanism,刑不能独立生成盲点，但与有效功能结合时：可提高K07反馈放大和K08修复断链的后续路由候选，但BASE只记录反复校正倾向。,同一议题可能需要多次确认和调整；重点是每一轮是否真正增加了新信息或完成了改变。 这只修正关系节奏，不直接判断结果。,不得由“刑”直接推出自我折磨、必然内耗、反复争吵、心理问题或婚姻不顺。,中,待验证,,provisional=true; dynamic=刑; subtype=function_modifier,0.2
M4-BASE-213,日支刑｜触发域候选,L5 宫位层级与动态,BASE-宫位动态,通用,触发候选,日支刑,TR触发域候选,日支刑成立；E1结构候选已成立；存在与该动态匹配的关系情境或阶段引动。,没有E1功能失衡候选；仅凭动态想象触发情境；保护因素足以中断。,由共享基础引擎提供；只修正承载与执行，不直接等同强弱人格。,由M2接口提供；夫妻星只参与关系议题权重，不单独生成盲点。,刑作为触发节奏修正,无／待后续规则组合,由共享基础引擎判定,由共享基础引擎判定,由共享基础引擎判定,喜忌只修正调用摩擦与平衡，不直接等同好坏。,原十神性质有效；真合化成立时按化神系统替换。,由共享基础引擎判定,76,trigger candidate +3；不得单独建立E2,activation_trigger,当同一问题没有被完整解决或细节标准反复变化时，旧反应更容易再次启动。,在以下情境中，这项候选可能更容易启动：当同一问题没有被完整解决或细节标准反复变化时，旧反应更容易再次启动。,不得由“刑”直接推出自我折磨、必然内耗、反复争吵、心理问题或婚姻不顺。,中低,待验证,,provisional=true; dynamic=刑; subtype=trigger_route,0.2
M4-BASE-214,日支刑｜禁止单独生成盲点,L5 宫位层级与动态,BASE-宫位动态,通用,停止,日支刑,,当前只有日支刑一项事实，没有正常功能来源、失衡机制或独立证据。,,由共享基础引擎提供；只修正承载与执行，不直接等同强弱人格。,由M2接口提供；夫妻星只参与关系议题权重，不单独生成盲点。,由M3-BASE与共享引擎提供；不得把日支直接写成配偶性格。,无／待后续规则组合,由共享基础引擎判定,由共享基础引擎判定,由共享基础引擎判定,喜忌只修正调用摩擦与平衡，不直接等同好坏。,原十神性质有效；真合化成立时按化神系统替换。,由共享基础引擎判定,96,STOP动态单独路由,stop_reason,刑只修正触发、切换或整合节奏，不能单独生成B01—B15。,仅凭“刑”这一结构，不能判断具体关系问题。,不得由“刑”直接推出自我折磨、必然内耗、反复争吵、心理问题或婚姻不顺。,高,待验证,,provisional=true; dynamic=刑; subtype=stop,0.2
M4-BASE-215,日支刑｜用户语言模板,L8 输出与停止,BASE-宫位动态,通用,输出,日支刑,,日支刑作为已通过门控的动态修正进入输出。,动态被停止、作用对象不明或真合化替换。,由共享基础引擎提供；只修正承载与执行，不直接等同强弱人格。,由M2接口提供；夫妻星只参与关系议题权重，不单独生成盲点。,由M3-BASE与共享引擎提供；不得把日支直接写成配偶性格。,无／待后续规则组合,由共享基础引擎判定,由共享基础引擎判定,由共享基础引擎判定,喜忌只修正调用摩擦与平衡，不直接等同好坏。,原十神性质有效；真合化成立时按化神系统替换。,由共享基础引擎判定,66,不加分；摘要,basis_summary,只用中性语言说明刑如何修正功能节奏。,同一议题可能需要多次确认和调整；重点是每一轮是否真正增加了新信息或完成了改变。,不得由“刑”直接推出自我折磨、必然内耗、反复争吵、心理问题或婚姻不顺。,中,待验证,,provisional=true; dynamic=刑; summary_only=true,0.2
M4-BASE-216,日支害｜中性功能定义,L5 宫位层级与动态,BASE-宫位动态,通用,定义,日支害,,共享引擎确认原局日支害成立；结构类型、对象和是否合化已分清。,结构未成立、仅为流年短暂作用却被写成原局，或真合化需另路由。,由共享基础引擎提供；只修正承载与执行，不直接等同强弱人格。,由M2接口提供；夫妻星只参与关系议题权重，不单独生成盲点。,日支害：隐性期待、默认规则和信息错位不容易在第一时间说清。,无／待后续规则组合,由共享基础引擎判定,由共享基础引擎判定,由共享基础引擎判定,喜忌只修正调用摩擦与平衡，不直接等同好坏。,原十神性质有效；真合化成立时按化神系统替换。,由共享基础引擎判定,80,不加分；动态定义,palace_dynamic,隐性期待、默认规则和信息错位不容易在第一时间说清。,有些不舒服可能不是来自公开冲突，而是双方对默认规则和未说出口的期待理解不同。,不得由“害”直接推出小人、暗害、背叛、欺骗、第三者或对方恶意。,中高,待验证,,provisional=true; dynamic=害; subtype=definition,0.2
M4-BASE-217,日支害｜与有效功能结合,L5 宫位层级与动态,BASE-宫位动态,通用,修正,日支害,有效M3／M4功能通道,日支害成立；至少一个正常功能来源可靠；动态与该功能作用对象明确。,只有害而没有有效功能通道；作用对象不明。,由共享基础引擎提供；只修正承载与执行，不直接等同强弱人格。,由M2接口提供；夫妻星只参与关系议题权重，不单独生成盲点。,害修正功能调用节奏,可提高K02功能不足、K04顺序错位和B05/B09/B12等候选的触发相关性。,由共享基础引擎判定,由共享基础引擎判定,由共享基础引擎判定,喜忌只修正调用摩擦与平衡，不直接等同好坏。,原十神性质有效；真合化成立时按化神系统替换。,由共享基础引擎判定,78,相关机制候选 +3,imbalance_mechanism,害不能独立生成盲点，但与有效功能结合时：可提高K02功能不足、K04顺序错位和B05/B09/B12等候选的触发相关性。,有些不舒服可能不是来自公开冲突，而是双方对默认规则和未说出口的期待理解不同。 这只修正关系节奏，不直接判断结果。,不得由“害”直接推出小人、暗害、背叛、欺骗、第三者或对方恶意。,中,待验证,,provisional=true; dynamic=害; subtype=function_modifier,0.2
M4-BASE-218,日支害｜触发域候选,L5 宫位层级与动态,BASE-宫位动态,通用,触发候选,日支害,TR触发域候选,日支害成立；E1结构候选已成立；存在与该动态匹配的关系情境或阶段引动。,没有E1功能失衡候选；仅凭动态想象触发情境；保护因素足以中断。,由共享基础引擎提供；只修正承载与执行，不直接等同强弱人格。,由M2接口提供；夫妻星只参与关系议题权重，不单独生成盲点。,害作为触发节奏修正,无／待后续规则组合,由共享基础引擎判定,由共享基础引擎判定,由共享基础引擎判定,喜忌只修正调用摩擦与平衡，不直接等同好坏。,原十神性质有效；真合化成立时按化神系统替换。,由共享基础引擎判定,76,trigger candidate +3；不得单独建立E2,activation_trigger,当双方都假设对方“应该知道”时，未说出的需要和权限更容易成为启动点。,在以下情境中，这项候选可能更容易启动：当双方都假设对方“应该知道”时，未说出的需要和权限更容易成为启动点。,不得由“害”直接推出小人、暗害、背叛、欺骗、第三者或对方恶意。,中低,待验证,,provisional=true; dynamic=害; subtype=trigger_route,0.2
M4-BASE-219,日支害｜禁止单独生成盲点,L5 宫位层级与动态,BASE-宫位动态,通用,停止,日支害,,当前只有日支害一项事实，没有正常功能来源、失衡机制或独立证据。,,由共享基础引擎提供；只修正承载与执行，不直接等同强弱人格。,由M2接口提供；夫妻星只参与关系议题权重，不单独生成盲点。,由M3-BASE与共享引擎提供；不得把日支直接写成配偶性格。,无／待后续规则组合,由共享基础引擎判定,由共享基础引擎判定,由共享基础引擎判定,喜忌只修正调用摩擦与平衡，不直接等同好坏。,原十神性质有效；真合化成立时按化神系统替换。,由共享基础引擎判定,96,STOP动态单独路由,stop_reason,害只修正触发、切换或整合节奏，不能单独生成B01—B15。,仅凭“害”这一结构，不能判断具体关系问题。,不得由“害”直接推出小人、暗害、背叛、欺骗、第三者或对方恶意。,高,待验证,,provisional=true; dynamic=害; subtype=stop,0.2
M4-BASE-220,日支害｜用户语言模板,L8 输出与停止,BASE-宫位动态,通用,输出,日支害,,日支害作为已通过门控的动态修正进入输出。,动态被停止、作用对象不明或真合化替换。,由共享基础引擎提供；只修正承载与执行，不直接等同强弱人格。,由M2接口提供；夫妻星只参与关系议题权重，不单独生成盲点。,由M3-BASE与共享引擎提供；不得把日支直接写成配偶性格。,无／待后续规则组合,由共享基础引擎判定,由共享基础引擎判定,由共享基础引擎判定,喜忌只修正调用摩擦与平衡，不直接等同好坏。,原十神性质有效；真合化成立时按化神系统替换。,由共享基础引擎判定,66,不加分；摘要,basis_summary,只用中性语言说明害如何修正功能节奏。,有些不舒服可能不是来自公开冲突，而是双方对默认规则和未说出口的期待理解不同。,不得由“害”直接推出小人、暗害、背叛、欺骗、第三者或对方恶意。,中,待验证,,provisional=true; dynamic=害; summary_only=true,0.2
M4-BASE-221,日支破｜中性功能定义,L5 宫位层级与动态,BASE-宫位动态,通用,定义,日支破,,共享引擎确认原局日支破成立；结构类型、对象和是否合化已分清。,结构未成立、仅为流年短暂作用却被写成原局，或真合化需另路由。,由共享基础引擎提供；只修正承载与执行，不直接等同强弱人格。,由M2接口提供；夫妻星只参与关系议题权重，不单独生成盲点。,日支破：原有方案、分工、共享方式或边界安排失去适用性，需要重新组合。,无／待后续规则组合,由共享基础引擎判定,由共享基础引擎判定,由共享基础引擎判定,喜忌只修正调用摩擦与平衡，不直接等同好坏。,原十神性质有效；真合化成立时按化神系统替换。,由共享基础引擎判定,80,不加分；动态定义,palace_dynamic,原有方案、分工、共享方式或边界安排失去适用性，需要重新组合。,旧的相处安排可能需要重做，关键是能否把变化转成新的分工、边界和行动方案。,不得由“破”直接推出婚姻破裂、关系失败、分手、财务损失或家庭破败。,中高,待验证,,provisional=true; dynamic=破; subtype=definition,0.2
M4-BASE-222,日支破｜与有效功能结合,L5 宫位层级与动态,BASE-宫位动态,通用,修正,日支破,有效M3／M4功能通道,日支破成立；至少一个正常功能来源可靠；动态与该功能作用对象明确。,只有破而没有有效功能通道；作用对象不明。,由共享基础引擎提供；只修正承载与执行，不直接等同强弱人格。,由M2接口提供；夫妻星只参与关系议题权重，不单独生成盲点。,破修正功能调用节奏,可提高K06转换受阻和K08修复断链的后续路由候选，但不能单独形成盲点。,由共享基础引擎判定,由共享基础引擎判定,由共享基础引擎判定,喜忌只修正调用摩擦与平衡，不直接等同好坏。,原十神性质有效；真合化成立时按化神系统替换。,由共享基础引擎判定,78,相关机制候选 +3,imbalance_mechanism,破不能独立生成盲点，但与有效功能结合时：可提高K06转换受阻和K08修复断链的后续路由候选，但不能单独形成盲点。,旧的相处安排可能需要重做，关键是能否把变化转成新的分工、边界和行动方案。 这只修正关系节奏，不直接判断结果。,不得由“破”直接推出婚姻破裂、关系失败、分手、财务损失或家庭破败。,中,待验证,,provisional=true; dynamic=破; subtype=function_modifier,0.2
M4-BASE-223,日支破｜触发域候选,L5 宫位层级与动态,BASE-宫位动态,通用,触发候选,日支破,TR触发域候选,日支破成立；E1结构候选已成立；存在与该动态匹配的关系情境或阶段引动。,没有E1功能失衡候选；仅凭动态想象触发情境；保护因素足以中断。,由共享基础引擎提供；只修正承载与执行，不直接等同强弱人格。,由M2接口提供；夫妻星只参与关系议题权重，不单独生成盲点。,破作为触发节奏修正,无／待后续规则组合,由共享基础引擎判定,由共享基础引擎判定,由共享基础引擎判定,喜忌只修正调用摩擦与平衡，不直接等同好坏。,原十神性质有效；真合化成立时按化神系统替换。,由共享基础引擎判定,76,trigger candidate +3；不得单独建立E2,activation_trigger,当现实条件改变、旧安排失效或原本的处理方法不能继续时，功能转换更容易卡住。,在以下情境中，这项候选可能更容易启动：当现实条件改变、旧安排失效或原本的处理方法不能继续时，功能转换更容易卡住。,不得由“破”直接推出婚姻破裂、关系失败、分手、财务损失或家庭破败。,中低,待验证,,provisional=true; dynamic=破; subtype=trigger_route,0.2
M4-BASE-224,日支破｜禁止单独生成盲点,L5 宫位层级与动态,BASE-宫位动态,通用,停止,日支破,,当前只有日支破一项事实，没有正常功能来源、失衡机制或独立证据。,,由共享基础引擎提供；只修正承载与执行，不直接等同强弱人格。,由M2接口提供；夫妻星只参与关系议题权重，不单独生成盲点。,由M3-BASE与共享引擎提供；不得把日支直接写成配偶性格。,无／待后续规则组合,由共享基础引擎判定,由共享基础引擎判定,由共享基础引擎判定,喜忌只修正调用摩擦与平衡，不直接等同好坏。,原十神性质有效；真合化成立时按化神系统替换。,由共享基础引擎判定,96,STOP动态单独路由,stop_reason,破只修正触发、切换或整合节奏，不能单独生成B01—B15。,仅凭“破”这一结构，不能判断具体关系问题。,不得由“破”直接推出婚姻破裂、关系失败、分手、财务损失或家庭破败。,高,待验证,,provisional=true; dynamic=破; subtype=stop,0.2
M4-BASE-225,日支破｜用户语言模板,L8 输出与停止,BASE-宫位动态,通用,输出,日支破,,日支破作为已通过门控的动态修正进入输出。,动态被停止、作用对象不明或真合化替换。,由共享基础引擎提供；只修正承载与执行，不直接等同强弱人格。,由M2接口提供；夫妻星只参与关系议题权重，不单独生成盲点。,由M3-BASE与共享引擎提供；不得把日支直接写成配偶性格。,无／待后续规则组合,由共享基础引擎判定,由共享基础引擎判定,由共享基础引擎判定,喜忌只修正调用摩擦与平衡，不直接等同好坏。,原十神性质有效；真合化成立时按化神系统替换。,由共享基础引擎判定,66,不加分；摘要,basis_summary,只用中性语言说明破如何修正功能节奏。,旧的相处安排可能需要重做，关键是能否把变化转成新的分工、边界和行动方案。,不得由“破”直接推出婚姻破裂、关系失败、分手、财务损失或家庭破败。,中,待验证,,provisional=true; dynamic=破; summary_only=true,0.2
M4-BASE-226,M3-BASE接口｜导入正常功能,L6 跨模块接口,BASE-M3接口,通用,接口,M3-BASE,relationship_baseline,M3-BASE输出有效，置信度不低于中；来源可追溯；功能未被真合化替换。,M3-BASE停止、低置信且无独立支持，或基础source_id争议。,由共享基础引擎提供；只修正承载与执行，不直接等同强弱人格。,由M2接口提供；夫妻星只参与关系议题权重，不单独生成盲点。,由M3-BASE与共享引擎提供；不得把日支直接写成配偶性格。,无／待后续规则组合,由共享基础引擎判定,由共享基础引擎判定,由共享基础引擎判定,喜忌只修正调用摩擦与平衡，不直接等同好坏。,原十神性质有效；真合化成立时按化神系统替换。,由共享基础引擎判定,88,functional_origin引用；底层source_id不重复,functional_origin,关系建立后最自然进入的运行主题，是M4判断功能来源的底盘。,在日常相处中，这一模块原本负责：关系建立后最自然进入的运行主题，是M4判断功能来源的底盘。,M3中性功能不能被M4改写成负面人格；只有通过失衡与独立证据门控后才能生成候选。,中高,待验证,,provisional=true; cross_model_ref=M3-BASE; subtype=import,0.2
M4-BASE-227,M3-BASE接口｜K01过用候选,L6 跨模块接口,BASE-M3接口,通用,失衡候选,M3-BASE,K01 过用放大,M3-BASE主通道可靠；压力下抢先或跨场景重复；另有调节不足或现实行为支持。,M3-BASE功能平衡、有完整次通道／修复回流，或仅为一次性事件。,由共享基础引擎提供；只修正承载与执行，不直接等同强弱人格。,由M2接口提供；夫妻星只参与关系议题权重，不单独生成盲点。,由M3-BASE与共享引擎提供；不得把日支直接写成配偶性格。,无／待后续规则组合,由共享基础引擎判定,由共享基础引擎判定,由共享基础引擎判定,喜忌只修正调用摩擦与平衡，不直接等同好坏。,原十神性质有效；真合化成立时按化神系统替换。,由共享基础引擎判定,82,K01候选 +6；与同一十神规则取高不叠加,imbalance_mechanism,底盘功能在多个关系任务中长期占据唯一主轴，其他系统难以进入。,需要留意的是：底盘功能在多个关系任务中长期占据唯一主轴，其他系统难以进入。,不得把模块主通道直接等同固定问题、关系风险或人格标签。,中,待验证,,provisional=true; cross_model_ref=M3-BASE; imbalance=K01; blind_route=B04／B10／B11／B15,0.2
M4-BASE-228,M3-BASE接口｜K02／K03缺位替代候选,L6 跨模块接口,BASE-M3接口,通用,组合候选,M3-BASE,K02 功能不足／K03 单通道替代,M3-BASE显示某项关系任务必要；对应功能弱、延后或被另一通道替代；无有效替代；有独立证据。,相关功能可稳定进入；只是表达风格不同；无该任务需求。,由共享基础引擎提供；只修正承载与执行，不直接等同强弱人格。,由M2接口提供；夫妻星只参与关系议题权重，不单独生成盲点。,由M3-BASE与共享引擎提供；不得把日支直接写成配偶性格。,无／待后续规则组合,由共享基础引擎判定,由共享基础引擎判定,由共享基础引擎判定,喜忌只修正调用摩擦与平衡，不直接等同好坏。,原十神性质有效；真合化成立时按化神系统替换。,由共享基础引擎判定,80,K02或K03候选 +6,missing_function,若底盘需要的次通道未能进入，可路由K02、K03或K06候选。,可能需要补充或继续确认的环节是：若底盘需要的次通道未能进入，可路由K02、K03或K06候选。,功能不足是路径层候选，不等于用户没有能力、缺爱或不成熟。,中,待验证,,provisional=true; cross_model_ref=M3-BASE; imbalance=K02_K03; blind_route=B04／B10／B11／B15,0.2
M4-BASE-229,M3-BASE接口｜同源去重,L6 跨模块接口,BASE-M3接口,通用,去重,M3-BASE,source_id,M3-BASE多个字段或M4规则追溯到同一命理事实。,来源确实独立且分别承担不同关系任务。,由共享基础引擎提供；只修正承载与执行，不直接等同强弱人格。,由M2接口提供；夫妻星只参与关系议题权重，不单独生成盲点。,由M3-BASE与共享引擎提供；不得把日支直接写成配偶性格。,无／待后续规则组合,由共享基础引擎判定,由共享基础引擎判定,由共享基础引擎判定,喜忌只修正调用摩擦与平衡，不直接等同好坏。,原十神性质有效；真合化成立时按化神系统替换。,由共享基础引擎判定,94,同源只计一次；语义可多角度解释,dedup_log,M3-BASE字段可支持M4解释，但不能因同一日支或同一十神在多个输出槽位出现就重复加分。,同一个相处事实不会因为被表达、照顾、边界或分歧模块分别提到，就自动变成多份证据。,不得以模块数量代替证据数量。,高,待验证,,provisional=true; cross_model_ref=M3-BASE; subtype=dedup,0.2
M4-BASE-230,M3-BASE接口｜用户语言与边界,L8 输出与停止,BASE-M3接口,通用,输出,M3-BASE,B04／B10／B11／B15,M3-BASE功能与至少一个失衡机制候选通过门控。,对应候选被保护因子中断、现实反例否定或证据等级低于E1。,由共享基础引擎提供；只修正承载与执行，不直接等同强弱人格。,由M2接口提供；夫妻星只参与关系议题权重，不单独生成盲点。,由M3-BASE与共享引擎提供；不得把日支直接写成配偶性格。,无／待后续规则组合,由共享基础引擎判定,由共享基础引擎判定,由共享基础引擎判定,喜忌只修正调用摩擦与平衡，不直接等同好坏。,原十神性质有效；真合化成立时按化神系统替换。,由共享基础引擎判定,66,不加分；摘要,basis_summary,用正常功能—失衡条件—缺位功能的结构解释M3-BASE接口。,先保留你最自然的关系底盘，再检查它是否长期替代了表达、落实、边界或承接。,不得越界输出完整双向循环、修复结论、人格诊断或适配建议；这些由后续M4模块与M5处理。,中,待验证,,provisional=true; cross_model_ref=M3-BASE; summary_only=true,0.2
M4-BASE-231,M3-EXPR接口｜导入正常功能,L6 跨模块接口,BASE-M3接口,通用,接口,M3-EXPR,affection_expression／communication_style,M3-EXPR输出有效，置信度不低于中；来源可追溯；功能未被真合化替换。,M3-EXPR停止、低置信且无独立支持，或基础source_id争议。,由共享基础引擎提供；只修正承载与执行，不直接等同强弱人格。,由M2接口提供；夫妻星只参与关系议题权重，不单独生成盲点。,由M3-BASE与共享引擎提供；不得把日支直接写成配偶性格。,无／待后续规则组合,由共享基础引擎判定,由共享基础引擎判定,由共享基础引擎判定,喜忌只修正调用摩擦与平衡，不直接等同好坏。,原十神性质有效；真合化成立时按化神系统替换。,由共享基础引擎判定,88,functional_origin引用；底层source_id不重复,functional_origin,把感受、观点、需要和态度变成对方可接收的信息。,在日常相处中，这一模块原本负责：把感受、观点、需要和态度变成对方可接收的信息。,M3中性功能不能被M4改写成负面人格；只有通过失衡与独立证据门控后才能生成候选。,中高,待验证,,provisional=true; cross_model_ref=M3-EXPR; subtype=import,0.2
M4-BASE-232,M3-EXPR接口｜K01过用候选,L6 跨模块接口,BASE-M3接口,通用,失衡候选,M3-EXPR,K01 过用放大,M3-EXPR主通道可靠；压力下抢先或跨场景重复；另有调节不足或现实行为支持。,M3-EXPR功能平衡、有完整次通道／修复回流，或仅为一次性事件。,由共享基础引擎提供；只修正承载与执行，不直接等同强弱人格。,由M2接口提供；夫妻星只参与关系议题权重，不单独生成盲点。,由M3-BASE与共享引擎提供；不得把日支直接写成配偶性格。,无／待后续规则组合,由共享基础引擎判定,由共享基础引擎判定,由共享基础引擎判定,喜忌只修正调用摩擦与平衡，不直接等同好坏。,原十神性质有效；真合化成立时按化神系统替换。,由共享基础引擎判定,82,K01候选 +6；与同一十神规则取高不叠加,imbalance_mechanism,表达、分析、说明或氛围通道抢先，可能出现解释过载、表达替代理解或轻松延后问题。,需要留意的是：表达、分析、说明或氛围通道抢先，可能出现解释过载、表达替代理解或轻松延后问题。,不得把模块主通道直接等同固定问题、关系风险或人格标签。,中,待验证,,provisional=true; cross_model_ref=M3-EXPR; imbalance=K01; blind_route=B05／B11／B13,0.2
M4-BASE-233,M3-EXPR接口｜K02／K03缺位替代候选,L6 跨模块接口,BASE-M3接口,通用,组合候选,M3-EXPR,K02 功能不足／K03 单通道替代,M3-EXPR显示某项关系任务必要；对应功能弱、延后或被另一通道替代；无有效替代；有独立证据。,相关功能可稳定进入；只是表达风格不同；无该任务需求。,由共享基础引擎提供；只修正承载与执行，不直接等同强弱人格。,由M2接口提供；夫妻星只参与关系议题权重，不单独生成盲点。,由M3-BASE与共享引擎提供；不得把日支直接写成配偶性格。,无／待后续规则组合,由共享基础引擎判定,由共享基础引擎判定,由共享基础引擎判定,喜忌只修正调用摩擦与平衡，不直接等同好坏。,原十神性质有效；真合化成立时按化神系统替换。,由共享基础引擎判定,80,K02或K03候选 +6,missing_function,语言、需求或反馈不足时，关系可能只能靠行动、沉默或猜测传递信息。,可能需要补充或继续确认的环节是：语言、需求或反馈不足时，关系可能只能靠行动、沉默或猜测传递信息。,功能不足是路径层候选，不等于用户没有能力、缺爱或不成熟。,中,待验证,,provisional=true; cross_model_ref=M3-EXPR; imbalance=K02_K03; blind_route=B05／B11／B13,0.2
M4-BASE-234,M3-EXPR接口｜同源去重,L6 跨模块接口,BASE-M3接口,通用,去重,M3-EXPR,source_id,M3-EXPR多个字段或M4规则追溯到同一命理事实。,来源确实独立且分别承担不同关系任务。,由共享基础引擎提供；只修正承载与执行，不直接等同强弱人格。,由M2接口提供；夫妻星只参与关系议题权重，不单独生成盲点。,由M3-BASE与共享引擎提供；不得把日支直接写成配偶性格。,无／待后续规则组合,由共享基础引擎判定,由共享基础引擎判定,由共享基础引擎判定,喜忌只修正调用摩擦与平衡，不直接等同好坏。,原十神性质有效；真合化成立时按化神系统替换。,由共享基础引擎判定,94,同源只计一次；语义可多角度解释,dedup_log,M3-EXPR字段可支持M4解释，但不能因同一日支或同一十神在多个输出槽位出现就重复加分。,同一个相处事实不会因为被表达、照顾、边界或分歧模块分别提到，就自动变成多份证据。,不得以模块数量代替证据数量。,高,待验证,,provisional=true; cross_model_ref=M3-EXPR; subtype=dedup,0.2
M4-BASE-235,M3-EXPR接口｜用户语言与边界,L8 输出与停止,BASE-M3接口,通用,输出,M3-EXPR,B05／B11／B13,M3-EXPR功能与至少一个失衡机制候选通过门控。,对应候选被保护因子中断、现实反例否定或证据等级低于E1。,由共享基础引擎提供；只修正承载与执行，不直接等同强弱人格。,由M2接口提供；夫妻星只参与关系议题权重，不单独生成盲点。,由M3-BASE与共享引擎提供；不得把日支直接写成配偶性格。,无／待后续规则组合,由共享基础引擎判定,由共享基础引擎判定,由共享基础引擎判定,喜忌只修正调用摩擦与平衡，不直接等同好坏。,原十神性质有效；真合化成立时按化神系统替换。,由共享基础引擎判定,66,不加分；摘要,basis_summary,用正常功能—失衡条件—缺位功能的结构解释M3-EXPR接口。,会区分“表达出来了”“对方听见了”“彼此理解了”和“现实达成共识”四个步骤。,不得越界输出完整双向循环、修复结论、人格诊断或适配建议；这些由后续M4模块与M5处理。,中,待验证,,provisional=true; cross_model_ref=M3-EXPR; summary_only=true,0.2
M4-BASE-236,M3-CARE接口｜导入正常功能,L6 跨模块接口,BASE-M3接口,通用,接口,M3-CARE,care_investment／support_receiving,M3-CARE输出有效，置信度不低于中；来源可追溯；功能未被真合化替换。,M3-CARE停止、低置信且无独立支持，或基础source_id争议。,由共享基础引擎提供；只修正承载与执行，不直接等同强弱人格。,由M2接口提供；夫妻星只参与关系议题权重，不单独生成盲点。,由M3-BASE与共享引擎提供；不得把日支直接写成配偶性格。,无／待后续规则组合,由共享基础引擎判定,由共享基础引擎判定,由共享基础引擎判定,喜忌只修正调用摩擦与平衡，不直接等同好坏。,原十神性质有效；真合化成立时按化神系统替换。,由共享基础引擎判定,88,functional_origin引用；底层source_id不重复,functional_origin,通过时间、资源、行动、陪伴、理解或共同参与支持关系。,在日常相处中，这一模块原本负责：通过时间、资源、行动、陪伴、理解或共同参与支持关系。,M3中性功能不能被M4改写成负面人格；只有通过失衡与独立证据门控后才能生成候选。,中高,待验证,,provisional=true; cross_model_ref=M3-CARE; subtype=import,0.2
M4-BASE-237,M3-CARE接口｜K01过用候选,L6 跨模块接口,BASE-M3接口,通用,失衡候选,M3-CARE,K01 过用放大,M3-CARE主通道可靠；压力下抢先或跨场景重复；另有调节不足或现实行为支持。,M3-CARE功能平衡、有完整次通道／修复回流，或仅为一次性事件。,由共享基础引擎提供；只修正承载与执行，不直接等同强弱人格。,由M2接口提供；夫妻星只参与关系议题权重，不单独生成盲点。,由M3-BASE与共享引擎提供；不得把日支直接写成配偶性格。,无／待后续规则组合,由共享基础引擎判定,由共享基础引擎判定,由共享基础引擎判定,喜忌只修正调用摩擦与平衡，不直接等同好坏。,原十神性质有效；真合化成立时按化神系统替换。,由共享基础引擎判定,82,K01候选 +6；与同一十神规则取高不叠加,imbalance_mechanism,支持加码、角色过度占位、投入记账或照顾替代边界与现实改变。,需要留意的是：支持加码、角色过度占位、投入记账或照顾替代边界与现实改变。,不得把模块主通道直接等同固定问题、关系风险或人格标签。,中,待验证,,provisional=true; cross_model_ref=M3-CARE; imbalance=K01; blind_route=B07／B09／B10,0.2
M4-BASE-238,M3-CARE接口｜K02／K03缺位替代候选,L6 跨模块接口,BASE-M3接口,通用,组合候选,M3-CARE,K02 功能不足／K03 单通道替代,M3-CARE显示某项关系任务必要；对应功能弱、延后或被另一通道替代；无有效替代；有独立证据。,相关功能可稳定进入；只是表达风格不同；无该任务需求。,由共享基础引擎提供；只修正承载与执行，不直接等同强弱人格。,由M2接口提供；夫妻星只参与关系议题权重，不单独生成盲点。,由M3-BASE与共享引擎提供；不得把日支直接写成配偶性格。,无／待后续规则组合,由共享基础引擎判定,由共享基础引擎判定,由共享基础引擎判定,喜忌只修正调用摩擦与平衡，不直接等同好坏。,原十神性质有效；真合化成立时按化神系统替换。,由共享基础引擎判定,80,K02或K03候选 +6,missing_function,持续投入、请求支持、接受帮助或回馈结构不足。,可能需要补充或继续确认的环节是：持续投入、请求支持、接受帮助或回馈结构不足。,功能不足是路径层候选，不等于用户没有能力、缺爱或不成熟。,中,待验证,,provisional=true; cross_model_ref=M3-CARE; imbalance=K02_K03; blind_route=B07／B09／B10,0.2
M4-BASE-239,M3-CARE接口｜同源去重,L6 跨模块接口,BASE-M3接口,通用,去重,M3-CARE,source_id,M3-CARE多个字段或M4规则追溯到同一命理事实。,来源确实独立且分别承担不同关系任务。,由共享基础引擎提供；只修正承载与执行，不直接等同强弱人格。,由M2接口提供；夫妻星只参与关系议题权重，不单独生成盲点。,由M3-BASE与共享引擎提供；不得把日支直接写成配偶性格。,无／待后续规则组合,由共享基础引擎判定,由共享基础引擎判定,由共享基础引擎判定,喜忌只修正调用摩擦与平衡，不直接等同好坏。,原十神性质有效；真合化成立时按化神系统替换。,由共享基础引擎判定,94,同源只计一次；语义可多角度解释,dedup_log,M3-CARE字段可支持M4解释，但不能因同一日支或同一十神在多个输出槽位出现就重复加分。,同一个相处事实不会因为被表达、照顾、边界或分歧模块分别提到，就自动变成多份证据。,不得以模块数量代替证据数量。,高,待验证,,provisional=true; cross_model_ref=M3-CARE; subtype=dedup,0.2
M4-BASE-240,M3-CARE接口｜用户语言与边界,L8 输出与停止,BASE-M3接口,通用,输出,M3-CARE,B07／B09／B10,M3-CARE功能与至少一个失衡机制候选通过门控。,对应候选被保护因子中断、现实反例否定或证据等级低于E1。,由共享基础引擎提供；只修正承载与执行，不直接等同强弱人格。,由M2接口提供；夫妻星只参与关系议题权重，不单独生成盲点。,由M3-BASE与共享引擎提供；不得把日支直接写成配偶性格。,无／待后续规则组合,由共享基础引擎判定,由共享基础引擎判定,由共享基础引擎判定,喜忌只修正调用摩擦与平衡，不直接等同好坏。,原十神性质有效；真合化成立时按化神系统替换。,由共享基础引擎判定,66,不加分；摘要,basis_summary,用正常功能—失衡条件—缺位功能的结构解释M3-CARE接口。,会区分“表达在意”“实际投入”“被对方接住”和“形成稳定回馈”四件事。,不得越界输出完整双向循环、修复结论、人格诊断或适配建议；这些由后续M4模块与M5处理。,中,待验证,,provisional=true; cross_model_ref=M3-CARE; summary_only=true,0.2
M4-BASE-241,M3-BOUND接口｜导入正常功能,L6 跨模块接口,BASE-M3接口,通用,接口,M3-BOUND,closeness_boundary／decision_pattern,M3-BOUND输出有效，置信度不低于中；来源可追溯；功能未被真合化替换。,M3-BOUND停止、低置信且无独立支持，或基础source_id争议。,由共享基础引擎提供；只修正承载与执行，不直接等同强弱人格。,由M2接口提供；夫妻星只参与关系议题权重，不单独生成盲点。,由M3-BASE与共享引擎提供；不得把日支直接写成配偶性格。,无／待后续规则组合,由共享基础引擎判定,由共享基础引擎判定,由共享基础引擎判定,喜忌只修正调用摩擦与平衡，不直接等同好坏。,原十神性质有效；真合化成立时按化神系统替换。,由共享基础引擎判定,88,functional_origin引用；底层source_id不重复,functional_origin,组织靠近、空间、共享、决定权、拒绝和重新协商。,在日常相处中，这一模块原本负责：组织靠近、空间、共享、决定权、拒绝和重新协商。,M3中性功能不能被M4改写成负面人格；只有通过失衡与独立证据门控后才能生成候选。,中高,待验证,,provisional=true; cross_model_ref=M3-BOUND; subtype=import,0.2
M4-BASE-242,M3-BOUND接口｜K01过用候选,L6 跨模块接口,BASE-M3接口,通用,失衡候选,M3-BOUND,K01 过用放大,M3-BOUND主通道可靠；压力下抢先或跨场景重复；另有调节不足或现实行为支持。,M3-BOUND功能平衡、有完整次通道／修复回流，或仅为一次性事件。,由共享基础引擎提供；只修正承载与执行，不直接等同强弱人格。,由M2接口提供；夫妻星只参与关系议题权重，不单独生成盲点。,由M3-BASE与共享引擎提供；不得把日支直接写成配偶性格。,无／待后续规则组合,由共享基础引擎判定,由共享基础引擎判定,由共享基础引擎判定,喜忌只修正调用摩擦与平衡，不直接等同好坏。,原十神性质有效；真合化成立时按化神系统替换。,由共享基础引擎判定,82,K01候选 +6；与同一十神规则取高不叠加,imbalance_mechanism,边界过度僵化、空间持续延长、决定权抢占或平等滑向机械对称。,需要留意的是：边界过度僵化、空间持续延长、决定权抢占或平等滑向机械对称。,不得把模块主通道直接等同固定问题、关系风险或人格标签。,中,待验证,,provisional=true; cross_model_ref=M3-BOUND; imbalance=K01; blind_route=B08／B10／B12／B13,0.2
M4-BASE-243,M3-BOUND接口｜K02／K03缺位替代候选,L6 跨模块接口,BASE-M3接口,通用,组合候选,M3-BOUND,K02 功能不足／K03 单通道替代,M3-BOUND显示某项关系任务必要；对应功能弱、延后或被另一通道替代；无有效替代；有独立证据。,相关功能可稳定进入；只是表达风格不同；无该任务需求。,由共享基础引擎提供；只修正承载与执行，不直接等同强弱人格。,由M2接口提供；夫妻星只参与关系议题权重，不单独生成盲点。,由M3-BASE与共享引擎提供；不得把日支直接写成配偶性格。,无／待后续规则组合,由共享基础引擎判定,由共享基础引擎判定,由共享基础引擎判定,喜忌只修正调用摩擦与平衡，不直接等同好坏。,原十神性质有效；真合化成立时按化神系统替换。,由共享基础引擎判定,80,K02或K03候选 +6,missing_function,需求、拒绝、暂停范围和回归条件不清，或接受照顾时难保留参与权。,可能需要补充或继续确认的环节是：需求、拒绝、暂停范围和回归条件不清，或接受照顾时难保留参与权。,功能不足是路径层候选，不等于用户没有能力、缺爱或不成熟。,中,待验证,,provisional=true; cross_model_ref=M3-BOUND; imbalance=K02_K03; blind_route=B08／B10／B12／B13,0.2
M4-BASE-244,M3-BOUND接口｜同源去重,L6 跨模块接口,BASE-M3接口,通用,去重,M3-BOUND,source_id,M3-BOUND多个字段或M4规则追溯到同一命理事实。,来源确实独立且分别承担不同关系任务。,由共享基础引擎提供；只修正承载与执行，不直接等同强弱人格。,由M2接口提供；夫妻星只参与关系议题权重，不单独生成盲点。,由M3-BASE与共享引擎提供；不得把日支直接写成配偶性格。,无／待后续规则组合,由共享基础引擎判定,由共享基础引擎判定,由共享基础引擎判定,喜忌只修正调用摩擦与平衡，不直接等同好坏。,原十神性质有效；真合化成立时按化神系统替换。,由共享基础引擎判定,94,同源只计一次；语义可多角度解释,dedup_log,M3-BOUND字段可支持M4解释，但不能因同一日支或同一十神在多个输出槽位出现就重复加分。,同一个相处事实不会因为被表达、照顾、边界或分歧模块分别提到，就自动变成多份证据。,不得以模块数量代替证据数量。,高,待验证,,provisional=true; cross_model_ref=M3-BOUND; subtype=dedup,0.2
M4-BASE-245,M3-BOUND接口｜用户语言与边界,L8 输出与停止,BASE-M3接口,通用,输出,M3-BOUND,B08／B10／B12／B13,M3-BOUND功能与至少一个失衡机制候选通过门控。,对应候选被保护因子中断、现实反例否定或证据等级低于E1。,由共享基础引擎提供；只修正承载与执行，不直接等同强弱人格。,由M2接口提供；夫妻星只参与关系议题权重，不单独生成盲点。,由M3-BASE与共享引擎提供；不得把日支直接写成配偶性格。,无／待后续规则组合,由共享基础引擎判定,由共享基础引擎判定,由共享基础引擎判定,喜忌只修正调用摩擦与平衡，不直接等同好坏。,原十神性质有效；真合化成立时按化神系统替换。,由共享基础引擎判定,66,不加分；摘要,basis_summary,用正常功能—失衡条件—缺位功能的结构解释M3-BOUND接口。,会区分“需要空间”和“拒绝亲密”，也会区分“愿意依靠”和“失去自主”。,不得越界输出完整双向循环、修复结论、人格诊断或适配建议；这些由后续M4模块与M5处理。,中,待验证,,provisional=true; cross_model_ref=M3-BOUND; summary_only=true,0.2
M4-BASE-246,M3-CONFLICT接口｜导入正常功能,L6 跨模块接口,BASE-M3接口,通用,接口,M3-CONFLICT,conflict_response／conflict_order,M3-CONFLICT输出有效，置信度不低于中；来源可追溯；功能未被真合化替换。,M3-CONFLICT停止、低置信且无独立支持，或基础source_id争议。,由共享基础引擎提供；只修正承载与执行，不直接等同强弱人格。,由M2接口提供；夫妻星只参与关系议题权重，不单独生成盲点。,由M3-BASE与共享引擎提供；不得把日支直接写成配偶性格。,无／待后续规则组合,由共享基础引擎判定,由共享基础引擎判定,由共享基础引擎判定,喜忌只修正调用摩擦与平衡，不直接等同好坏。,原十神性质有效；真合化成立时按化神系统替换。,由共享基础引擎判定,88,functional_origin引用；底层source_id不重复,functional_origin,在分歧中组织事实、情绪、立场、责任、方案、暂停和阶段结束。,在日常相处中，这一模块原本负责：在分歧中组织事实、情绪、立场、责任、方案、暂停和阶段结束。,M3中性功能不能被M4改写成负面人格；只有通过失衡与独立证据门控后才能生成候选。,中高,待验证,,provisional=true; cross_model_ref=M3-CONFLICT; subtype=import,0.2
M4-BASE-247,M3-CONFLICT接口｜K01过用候选,L6 跨模块接口,BASE-M3接口,通用,失衡候选,M3-CONFLICT,K01 过用放大,M3-CONFLICT主通道可靠；压力下抢先或跨场景重复；另有调节不足或现实行为支持。,M3-CONFLICT功能平衡、有完整次通道／修复回流，或仅为一次性事件。,由共享基础引擎提供；只修正承载与执行，不直接等同强弱人格。,由M2接口提供；夫妻星只参与关系议题权重，不单独生成盲点。,由M3-BASE与共享引擎提供；不得把日支直接写成配偶性格。,无／待后续规则组合,由共享基础引擎判定,由共享基础引擎判定,由共享基础引擎判定,喜忌只修正调用摩擦与平衡，不直接等同好坏。,原十神性质有效；真合化成立时按化神系统替换。,由共享基础引擎判定,82,K01候选 +6；与同一十神规则取高不叠加,imbalance_mechanism,第一反应长期抢占、方案替代感受、暂停失去回归、规则或解释不断升级。,需要留意的是：第一反应长期抢占、方案替代感受、暂停失去回归、规则或解释不断升级。,不得把模块主通道直接等同固定问题、关系风险或人格标签。,中,待验证,,provisional=true; cross_model_ref=M3-CONFLICT; imbalance=K01; blind_route=B05／B06／B08／B13／B14,0.2
M4-BASE-248,M3-CONFLICT接口｜K02／K03缺位替代候选,L6 跨模块接口,BASE-M3接口,通用,组合候选,M3-CONFLICT,K02 功能不足／K03 单通道替代,M3-CONFLICT显示某项关系任务必要；对应功能弱、延后或被另一通道替代；无有效替代；有独立证据。,相关功能可稳定进入；只是表达风格不同；无该任务需求。,由共享基础引擎提供；只修正承载与执行，不直接等同强弱人格。,由M2接口提供；夫妻星只参与关系议题权重，不单独生成盲点。,由M3-BASE与共享引擎提供；不得把日支直接写成配偶性格。,无／待后续规则组合,由共享基础引擎判定,由共享基础引擎判定,由共享基础引擎判定,喜忌只修正调用摩擦与平衡，不直接等同好坏。,原十神性质有效；真合化成立时按化神系统替换。,由共享基础引擎判定,80,K02或K03候选 +6,missing_function,倾听、现实方案、责任执行、暂停边界或阶段结束条件不足。,可能需要补充或继续确认的环节是：倾听、现实方案、责任执行、暂停边界或阶段结束条件不足。,功能不足是路径层候选，不等于用户没有能力、缺爱或不成熟。,中,待验证,,provisional=true; cross_model_ref=M3-CONFLICT; imbalance=K02_K03; blind_route=B05／B06／B08／B13／B14,0.2
M4-BASE-249,M3-CONFLICT接口｜同源去重,L6 跨模块接口,BASE-M3接口,通用,去重,M3-CONFLICT,source_id,M3-CONFLICT多个字段或M4规则追溯到同一命理事实。,来源确实独立且分别承担不同关系任务。,由共享基础引擎提供；只修正承载与执行，不直接等同强弱人格。,由M2接口提供；夫妻星只参与关系议题权重，不单独生成盲点。,由M3-BASE与共享引擎提供；不得把日支直接写成配偶性格。,无／待后续规则组合,由共享基础引擎判定,由共享基础引擎判定,由共享基础引擎判定,喜忌只修正调用摩擦与平衡，不直接等同好坏。,原十神性质有效；真合化成立时按化神系统替换。,由共享基础引擎判定,94,同源只计一次；语义可多角度解释,dedup_log,M3-CONFLICT字段可支持M4解释，但不能因同一日支或同一十神在多个输出槽位出现就重复加分。,同一个相处事实不会因为被表达、照顾、边界或分歧模块分别提到，就自动变成多份证据。,不得以模块数量代替证据数量。,高,待验证,,provisional=true; cross_model_ref=M3-CONFLICT; subtype=dedup,0.2
M4-BASE-250,M3-CONFLICT接口｜用户语言与边界,L8 输出与停止,BASE-M3接口,通用,输出,M3-CONFLICT,B05／B06／B08／B13／B14,M3-CONFLICT功能与至少一个失衡机制候选通过门控。,对应候选被保护因子中断、现实反例否定或证据等级低于E1。,由共享基础引擎提供；只修正承载与执行，不直接等同强弱人格。,由M2接口提供；夫妻星只参与关系议题权重，不单独生成盲点。,由M3-BASE与共享引擎提供；不得把日支直接写成配偶性格。,无／待后续规则组合,由共享基础引擎判定,由共享基础引擎判定,由共享基础引擎判定,喜忌只修正调用摩擦与平衡，不直接等同好坏。,原十神性质有效；真合化成立时按化神系统替换。,由共享基础引擎判定,66,不加分；摘要,basis_summary,用正常功能—失衡条件—缺位功能的结构解释M3-CONFLICT接口。,会区分“问题处理完了”和“关系已经修复”，也不会把第一反应当成全部处理方式。,不得越界输出完整双向循环、修复结论、人格诊断或适配建议；这些由后续M4模块与M5处理。,中,待验证,,provisional=true; cross_model_ref=M3-CONFLICT; summary_only=true,0.2
M4-BASE-251,E0停止｜基础状态不明,L7 证据等级与评分,BASE-证据评分,通用,证据等级,E0 STOP,,基础十神、M3正常功能、真合化、旺衰或source_id存在关键争议。,,由共享基础引擎提供；只修正承载与执行，不直接等同强弱人格。,由M2接口提供；夫妻星只参与关系议题权重，不单独生成盲点。,由M3-BASE与共享引擎提供；不得把日支直接写成配偶性格。,无／待后续规则组合,由共享基础引擎判定,由共享基础引擎判定,由共享基础引擎判定,喜忌只修正调用摩擦与平衡，不直接等同好坏。,原十神性质有效；真合化成立时按化神系统替换。,由共享基础引擎判定,100,STOP,evidence_level,关键基础未确定时，M4-BASE停止生成固定功能与失衡候选。,当前基础状态仍有争议，因此暂不把某种反应固定为关系盲点。,不得仅凭本规则推出自私、冷漠、控制、花心、暴力、人格或依恋问题、分手离婚、背叛或关系失败；本模块只生成结构／触发候选，现实模式需具体事件验证。,高,待验证,,provisional=true; rule_group=BASE-证据评分与输出; signal=E0 STOP,0.2
M4-BASE-252,E1结构候选｜成立公式,L7 证据等级与评分,BASE-证据评分,通用,证据等级,E1 STRUCTURAL,,有效功能来源＋明确失衡方式＋一项独立修正证据；总分达到初始门槛。,只有单一标签、同源重复、保护因素足以中断或现实反例明显。,由共享基础引擎提供；只修正承载与执行，不直接等同强弱人格。,由M2接口提供；夫妻星只参与关系议题权重，不单独生成盲点。,由M3-BASE与共享引擎提供；不得把日支直接写成配偶性格。,无／待后续规则组合,由共享基础引擎判定,由共享基础引擎判定,由共享基础引擎判定,喜忌只修正调用摩擦与平衡，不直接等同好坏。,原十神性质有效；真合化成立时按化神系统替换。,由共享基础引擎判定,94,E1 if score≥18,evidence_level,E1只证明结构候选，不说明现实已发生。,目前可以保留一个结构候选：某项有效方式在特定条件下可能被过用、调用不足或替代其他功能。,不得仅凭本规则推出自私、冷漠、控制、花心、暴力、人格或依恋问题、分手离婚、背叛或关系失败；本模块只生成结构／触发候选，现实模式需具体事件验证。,中高,待验证,,provisional=true; rule_group=BASE-证据评分与输出; signal=E1 STRUCTURAL,0.2
M4-BASE-253,E2触发候选｜成立公式,L7 证据等级与评分,BASE-证据评分,通用,证据等级,E2 ACTIVATION,,E1成立＋可识别触发域候选＋调节不足或转换受阻；总分达到初始门槛。,触发情境由想象补足；保护因素有效；没有任何状态或现实支持。,由共享基础引擎提供；只修正承载与执行，不直接等同强弱人格。,由M2接口提供；夫妻星只参与关系议题权重，不单独生成盲点。,由M3-BASE与共享引擎提供；不得把日支直接写成配偶性格。,无／待后续规则组合,由共享基础引擎判定,由共享基础引擎判定,由共享基础引擎判定,喜忌只修正调用摩擦与平衡，不直接等同好坏。,原十神性质有效；真合化成立时按化神系统替换。,由共享基础引擎判定,93,E2 if score≥26,evidence_level,E2只说明某类情境更容易启动失衡，不建立完整反馈循环。,当关系进入某类压力或不确定情境时，这个结构候选更容易被启动。,不得仅凭本规则推出自私、冷漠、控制、花心、暴力、人格或依恋问题、分手离婚、背叛或关系失败；本模块只生成结构／触发候选，现实模式需具体事件验证。,中高,待验证,,provisional=true; rule_group=BASE-证据评分与输出; signal=E2 ACTIVATION,0.2
M4-BASE-254,BASE阶段禁止E3升级,L8 输出与停止,BASE-门控停止,通用,边界,E3 LOOP,,M4-BASE模块正在生成结果。,后续LOOP模块已建立反馈与修复链并有现实支持。,由共享基础引擎提供；只修正承载与执行，不直接等同强弱人格。,由M2接口提供；夫妻星只参与关系议题权重，不单独生成盲点。,由M3-BASE与共享引擎提供；不得把日支直接写成配偶性格。,无／待后续规则组合,由共享基础引擎判定,由共享基础引擎判定,由共享基础引擎判定,喜忌只修正调用摩擦与平衡，不直接等同好坏。,原十神性质有效；真合化成立时按化神系统替换。,由共享基础引擎判定,100,cap E2,evidence_level,BASE不拥有loop_path字段的最终权威。,目前只能说明可能的起点，不能替双方写出完整循环。,不得仅凭本规则推出自私、冷漠、控制、花心、暴力、人格或依恋问题、分手离婚、背叛或关系失败；本模块只生成结构／触发候选，现实模式需具体事件验证。,高,待验证,,provisional=true; rule_group=BASE-证据评分与输出; signal=E3 LOOP,0.2
M4-BASE-255,E4现实确认必须来自案例,L8 输出与停止,BASE-门控停止,通用,边界,E4 CONFIRMED,,准备将候选升级为已验证模式。,少于两次独立现实事件，或只有抽象自述。,由共享基础引擎提供；只修正承载与执行，不直接等同强弱人格。,由M2接口提供；夫妻星只参与关系议题权重，不单独生成盲点。,由M3-BASE与共享引擎提供；不得把日支直接写成配偶性格。,无／待后续规则组合,由共享基础引擎判定,由共享基础引擎判定,由共享基础引擎判定,喜忌只修正调用摩擦与平衡，不直接等同好坏。,原十神性质有效；真合化成立时按化神系统替换。,由共享基础引擎判定,100,BASE不得升级E4,evidence_level,E4必须由至少两次具体事件和当事人／伴侣反馈支持，不能靠命盘分数。,只有当多个现实经历反复支持同一顺序，才可以称为已验证模式。,不得仅凭本规则推出自私、冷漠、控制、花心、暴力、人格或依恋问题、分手离婚、背叛或关系失败；本模块只生成结构／触发候选，现实模式需具体事件验证。,高,待验证,,provisional=true; rule_group=BASE-证据评分与输出; signal=E4 CONFIRMED,0.2
M4-BASE-256,基础功能来源评分,L7 证据等级与评分,BASE-证据评分,通用,评分,functional_origin,,日支主气、日柱近位或M3主通道中至少一项可靠。,同源事实已计分。,由共享基础引擎提供；只修正承载与执行，不直接等同强弱人格。,由M2接口提供；夫妻星只参与关系议题权重，不单独生成盲点。,由M3-BASE与共享引擎提供；不得把日支直接写成配偶性格。,无／待后续规则组合,由共享基础引擎判定,由共享基础引擎判定,由共享基础引擎判定,喜忌只修正调用摩擦与平衡，不直接等同好坏。,原十神性质有效；真合化成立时按化神系统替换。,由共享基础引擎判定,88,+12主来源／+8独立次来源,functional_origin,正常功能来源是M4评分起点；同一事实只取一次最高基础值。,先确认这项相处方式确实稳定存在，再讨论它是否会失衡。,不得仅凭本规则推出自私、冷漠、控制、花心、暴力、人格或依恋问题、分手离婚、背叛或关系失败；本模块只生成结构／触发候选，现实模式需具体事件验证。,中,待验证,,provisional=true; rule_group=BASE-证据评分与输出; signal=functional_origin,0.2
M4-BASE-257,第二类独立证据评分,L7 证据等级与评分,BASE-证据评分,通用,评分,independent_evidence,,第二证据来自不同source_id、不同现实任务或具体事件，且非同义重复。,追溯后仍为同一日支、同一根或同一行为描述。,由共享基础引擎提供；只修正承载与执行，不直接等同强弱人格。,由M2接口提供；夫妻星只参与关系议题权重，不单独生成盲点。,由M3-BASE与共享引擎提供；不得把日支直接写成配偶性格。,无／待后续规则组合,由共享基础引擎判定,由共享基础引擎判定,由共享基础引擎判定,喜忌只修正调用摩擦与平衡，不直接等同好坏。,原十神性质有效；真合化成立时按化神系统替换。,由共享基础引擎判定,86,+8,evidence_level,独立证据提高候选可靠性，但必须标明支持哪一个字段。,不同来源的信息若指向同一机制，判断才会提高。,不得仅凭本规则推出自私、冷漠、控制、花心、暴力、人格或依恋问题、分手离婚、背叛或关系失败；本模块只生成结构／触发候选，现实模式需具体事件验证。,中,待验证,,provisional=true; rule_group=BASE-证据评分与输出; signal=independent_evidence,0.2
M4-BASE-258,明显失衡状态评分,L7 证据等级与评分,BASE-证据评分,通用,评分,overstrength_or_block,,过旺失衡、明显受阻、现实重复抢先或必要功能长期缺位。,旺而平衡、弱而有助或调节完整。,由共享基础引擎提供；只修正承载与执行，不直接等同强弱人格。,由M2接口提供；夫妻星只参与关系议题权重，不单独生成盲点。,由M3-BASE与共享引擎提供；不得把日支直接写成配偶性格。,无／待后续规则组合,由共享基础引擎判定,由共享基础引擎判定,由共享基础引擎判定,喜忌只修正调用摩擦与平衡，不直接等同好坏。,原十神性质有效；真合化成立时按化神系统替换。,由共享基础引擎判定,86,+8,imbalance_mechanism,明确失衡状态支持K01／K02／K06。,只有当调用强度、缺位或卡点比较明确时，才会提高候选权重。,不得仅凭本规则推出自私、冷漠、控制、花心、暴力、人格或依恋问题、分手离婚、背叛或关系失败；本模块只生成结构／触发候选，现实模式需具体事件验证。,中,待验证,,provisional=true; rule_group=BASE-证据评分与输出; signal=overstrength_or_block,0.2
M4-BASE-259,触发域证据评分,L7 证据等级与评分,BASE-证据评分,通用,评分,trigger_domain,,E1已成立；有日支动态、阶段引动、M3状态或具体事件支持对应触发域。,只有抽象推测；触发与候选机制无关。,由共享基础引擎提供；只修正承载与执行，不直接等同强弱人格。,由M2接口提供；夫妻星只参与关系议题权重，不单独生成盲点。,由M3-BASE与共享引擎提供；不得把日支直接写成配偶性格。,无／待后续规则组合,由共享基础引擎判定,由共享基础引擎判定,由共享基础引擎判定,喜忌只修正调用摩擦与平衡，不直接等同好坏。,原十神性质有效；真合化成立时按化神系统替换。,由共享基础引擎判定,84,+6,activation_trigger,触发域是E2必要条件之一，不能由BASE凭空补写。,需要能说明在哪类关系情境中，这项反应更容易启动。,不得仅凭本规则推出自私、冷漠、控制、花心、暴力、人格或依恋问题、分手离婚、背叛或关系失败；本模块只生成结构／触发候选，现实模式需具体事件验证。,中,待验证,,provisional=true; rule_group=BASE-证据评分与输出; signal=trigger_domain,0.2
M4-BASE-260,完整流通卡点评分,L7 证据等级与评分,BASE-证据评分,通用,评分,flow_block,,起点功能有效；桥梁／终点为必要环节且确实受阻；无替代通道。,只有静态五行生克；现实能够完成转换。,由共享基础引擎提供；只修正承载与执行，不直接等同强弱人格。,由M2接口提供；夫妻星只参与关系议题权重，不单独生成盲点。,由M3-BASE与共享引擎提供；不得把日支直接写成配偶性格。,无／待后续规则组合,由共享基础引擎判定,由共享基础引擎判定,由共享基础引擎判定,喜忌只修正调用摩擦与平衡，不直接等同好坏。,原十神性质有效；真合化成立时按化神系统替换。,由共享基础引擎判定,84,+6,missing_function,完整卡点可支持K06与E2。,真正需要留意的可能不是第一步，而是第一步无法顺利转成下一步。,不得仅凭本规则推出自私、冷漠、控制、花心、暴力、人格或依恋问题、分手离婚、背叛或关系失败；本模块只生成结构／触发候选，现实模式需具体事件验证。,中,待验证,,provisional=true; rule_group=BASE-证据评分与输出; signal=flow_block,0.2
M4-BASE-261,跨模型一致评分,L7 证据等级与评分,BASE-证据评分,通用,评分,M1／M2／M3一致,,不同模型从独立事实支持同一误读或失衡方向。,同一source_id在多个模型重复解释。,由共享基础引擎提供；只修正承载与执行，不直接等同强弱人格。,由M2接口提供；夫妻星只参与关系议题权重，不单独生成盲点。,由M3-BASE与共享引擎提供；不得把日支直接写成配偶性格。,无／待后续规则组合,由共享基础引擎判定,由共享基础引擎判定,由共享基础引擎判定,喜忌只修正调用摩擦与平衡，不直接等同好坏。,原十神性质有效；真合化成立时按化神系统替换。,由共享基础引擎判定,78,+4；同源不加,confidence,跨模型一致最多小幅加权，不得压过M4字段权威。,不同模型若从不同证据指向同一问题方向，可以作为补充，但不会重复放大。,不得仅凭本规则推出自私、冷漠、控制、花心、暴力、人格或依恋问题、分手离婚、背叛或关系失败；本模块只生成结构／触发候选，现实模式需具体事件验证。,中,待验证,,provisional=true; rule_group=BASE-证据评分与输出; signal=M1／M2／M3一致,0.2
M4-BASE-262,有效保护因素扣分,L7 证据等级与评分,BASE-证据评分,通用,评分,buffer_factor,,有效制化、通关、边界、倾听、现实兑现或状态分工可实际进入关系行为。,调节信号弱远无根、只结构存在或现实不可调用。,由共享基础引擎提供；只修正承载与执行，不直接等同强弱人格。,由M2接口提供；夫妻星只参与关系议题权重，不单独生成盲点。,由M3-BASE与共享引擎提供；不得把日支直接写成配偶性格。,无／待后续规则组合,由共享基础引擎判定,由共享基础引擎判定,由共享基础引擎判定,喜忌只修正调用摩擦与平衡，不直接等同好坏。,原十神性质有效；真合化成立时按化神系统替换。,由共享基础引擎判定,90,−6至−10,buffer_factor,保护因素必须真实扣减候选，而不是只在文末象征性提及。,若命局和现实中存在稳定调节，这项候选应被明显降级。,不得仅凭本规则推出自私、冷漠、控制、花心、暴力、人格或依恋问题、分手离婚、背叛或关系失败；本模块只生成结构／触发候选，现实模式需具体事件验证。,中高,待验证,,provisional=true; rule_group=BASE-证据评分与输出; signal=buffer_factor,0.2
M4-BASE-263,明确现实反例扣分,L7 证据等级与评分,BASE-证据评分,通用,评分,counterevidence,,至少一个具体事件清楚显示候选不成立或能被稳定中断。,,由共享基础引擎提供；只修正承载与执行，不直接等同强弱人格。,由M2接口提供；夫妻星只参与关系议题权重，不单独生成盲点。,由M3-BASE与共享引擎提供；不得把日支直接写成配偶性格。,无／待后续规则组合,由共享基础引擎判定,由共享基础引擎判定,由共享基础引擎判定,喜忌只修正调用摩擦与平衡，不直接等同好坏。,原十神性质有效；真合化成立时按化神系统替换。,由共享基础引擎判定,96,−10或STOP,evidence_level,反例可大幅降权或停止对应候选。,现实经历若持续显示相反结果，会优先修正规则而不是忽略反例。,不得仅凭本规则推出自私、冷漠、控制、花心、暴力、人格或依恋问题、分手离婚、背叛或关系失败；本模块只生成结构／触发候选，现实模式需具体事件验证。,高,待验证,,provisional=true; rule_group=BASE-证据评分与输出; signal=counterevidence,0.2
M4-BASE-264,基础争议置信封顶,L7 证据等级与评分,BASE-证据评分,通用,置信度,基础争议,,旺衰、根气、主次、合化或M3接口存在一项未解决争议。,,由共享基础引擎提供；只修正承载与执行，不直接等同强弱人格。,由M2接口提供；夫妻星只参与关系议题权重，不单独生成盲点。,由M3-BASE与共享引擎提供；不得把日支直接写成配偶性格。,无／待后续规则组合,由共享基础引擎判定,由共享基础引擎判定,由共享基础引擎判定,喜忌只修正调用摩擦与平衡，不直接等同好坏。,原十神性质有效；真合化成立时按化神系统替换。,由共享基础引擎判定,94,confidence cap 中低,confidence,基础争议时总体置信度封顶中低，必要时E0停止。,基础判断还不够稳定时，结论只能保留为低置信候选。,不得仅凭本规则推出自私、冷漠、控制、花心、暴力、人格或依恋问题、分手离婚、背叛或关系失败；本模块只生成结构／触发候选，现实模式需具体事件验证。,高,待验证,,provisional=true; rule_group=BASE-证据评分与输出; signal=基础争议,0.2
M4-BASE-265,E1初始门槛,L7 证据等级与评分,BASE-证据评分,通用,门槛,E1 score threshold,,去重后总分≥18，且至少两类独立证据；正常功能和失衡方式均明确。,分数来自同源堆叠；没有失衡机制；保护因素足以抵消。,由共享基础引擎提供；只修正承载与执行，不直接等同强弱人格。,由M2接口提供；夫妻星只参与关系议题权重，不单独生成盲点。,由M3-BASE与共享引擎提供；不得把日支直接写成配偶性格。,无／待后续规则组合,由共享基础引擎判定,由共享基础引擎判定,由共享基础引擎判定,喜忌只修正调用摩擦与平衡，不直接等同好坏。,原十神性质有效；真合化成立时按化神系统替换。,由共享基础引擎判定,88,threshold 18,evidence_level,知识工程初始门槛，等待案例校准。,达到这个门槛，只能说存在结构候选，不能说现实一定发生。,不得仅凭本规则推出自私、冷漠、控制、花心、暴力、人格或依恋问题、分手离婚、背叛或关系失败；本模块只生成结构／触发候选，现实模式需具体事件验证。,中,待验证,,provisional=true; rule_group=BASE-证据评分与输出; signal=E1 score threshold,0.2
M4-BASE-266,E2初始门槛,L7 证据等级与评分,BASE-证据评分,通用,门槛,E2 score threshold,,去重后总分≥26；E1成立；触发域和调节不足／卡点均明确。,没有触发证据；保护因素有效；只有阶段一次性信号。,由共享基础引擎提供；只修正承载与执行，不直接等同强弱人格。,由M2接口提供；夫妻星只参与关系议题权重，不单独生成盲点。,由M3-BASE与共享引擎提供；不得把日支直接写成配偶性格。,无／待后续规则组合,由共享基础引擎判定,由共享基础引擎判定,由共享基础引擎判定,喜忌只修正调用摩擦与平衡，不直接等同好坏。,原十神性质有效；真合化成立时按化神系统替换。,由共享基础引擎判定,88,threshold 26,evidence_level,知识工程初始门槛，等待案例校准。,达到这个门槛，可以说明某类情境更容易启动候选，但仍不能写完整循环。,不得仅凭本规则推出自私、冷漠、控制、花心、暴力、人格或依恋问题、分手离婚、背叛或关系失败；本模块只生成结构／触发候选，现实模式需具体事件验证。,中,待验证,,provisional=true; rule_group=BASE-证据评分与输出; signal=E2 score threshold,0.2
M4-BASE-267,主失衡机制选择,L7 证据等级与评分,BASE-证据评分,通用,排序,K01—K08主机制,,候选通过门控；分值最高；来源独立；功能与失衡链清楚。,仅靠单一十神；与第二候选分差不足且功能同义。,由共享基础引擎提供；只修正承载与执行，不直接等同强弱人格。,由M2接口提供；夫妻星只参与关系议题权重，不单独生成盲点。,由M3-BASE与共享引擎提供；不得把日支直接写成配偶性格。,无／待后续规则组合,由共享基础引擎判定,由共享基础引擎判定,由共享基础引擎判定,喜忌只修正调用摩擦与平衡，不直接等同好坏。,原十神性质有效；真合化成立时按化神系统替换。,由共享基础引擎判定,84,primary if lead≥6,imbalance_mechanism,用户正文只保留一个最有证据的主机制。,报告会优先说明最核心的一种失衡方式，而不是罗列所有可能问题。,不得仅凭本规则推出自私、冷漠、控制、花心、暴力、人格或依恋问题、分手离婚、背叛或关系失败；本模块只生成结构／触发候选，现实模式需具体事件验证。,中,待验证,,provisional=true; rule_group=BASE-证据评分与输出; signal=K01—K08主机制,0.2
M4-BASE-268,次失衡机制选择,L7 证据等级与评分,BASE-证据评分,通用,排序,K01—K08次机制,,第二候选达到E1门槛，来源独立、功能不同，且对主机制有补充作用。,同义重复、同源、弱远或仅为背景。,由共享基础引擎提供；只修正承载与执行，不直接等同强弱人格。,由M2接口提供；夫妻星只参与关系议题权重，不单独生成盲点。,由M3-BASE与共享引擎提供；不得把日支直接写成配偶性格。,无／待后续规则组合,由共享基础引擎判定,由共享基础引擎判定,由共享基础引擎判定,喜忌只修正调用摩擦与平衡，不直接等同好坏。,原十神性质有效；真合化成立时按化神系统替换。,由共享基础引擎判定,80,secondary candidate,imbalance_mechanism,次机制只用于解释主机制如何形成，不得与主机制平铺。,只有真正补充主机制的第二项，才会进入正文。,不得仅凭本规则推出自私、冷漠、控制、花心、暴力、人格或依恋问题、分手离婚、背叛或关系失败；本模块只生成结构／触发候选，现实模式需具体事件验证。,中,待验证,,provisional=true; rule_group=BASE-证据评分与输出; signal=K01—K08次机制,0.2
M4-BASE-269,一主一辅输出封顶,L8 输出与停止,BASE-输出,通用,输出边界,primary＋secondary,,存在多个候选。,,由共享基础引擎提供；只修正承载与执行，不直接等同强弱人格。,由M2接口提供；夫妻星只参与关系议题权重，不单独生成盲点。,由M3-BASE与共享引擎提供；不得把日支直接写成配偶性格。,无／待后续规则组合,由共享基础引擎判定,由共享基础引擎判定,由共享基础引擎判定,喜忌只修正调用摩擦与平衡，不直接等同好坏。,原十神性质有效；真合化成立时按化神系统替换。,由共享基础引擎判定,94,正文封顶,boundary_note,最终正文最多一个主机制、一个次机制、一个缺位功能和一个保护因素。,分析会保留重点，不把所有潜在问题都堆给用户。,不得仅凭本规则推出自私、冷漠、控制、花心、暴力、人格或依恋问题、分手离婚、背叛或关系失败；本模块只生成结构／触发候选，现实模式需具体事件验证。,高,待验证,,provisional=true; rule_group=BASE-证据评分与输出; signal=primary＋secondary,0.2
M4-BASE-270,缺位功能独立字段,L8 输出与停止,BASE-输出,通用,输出合同,missing_function,,主机制涉及另一必要功能未进入、进入过晚或转换受阻。,缺位与主机制同义重复。,由共享基础引擎提供；只修正承载与执行，不直接等同强弱人格。,由M2接口提供；夫妻星只参与关系议题权重，不单独生成盲点。,由M3-BASE与共享引擎提供；不得把日支直接写成配偶性格。,无／待后续规则组合,由共享基础引擎判定,由共享基础引擎判定,由共享基础引擎判定,喜忌只修正调用摩擦与平衡，不直接等同好坏。,原十神性质有效；真合化成立时按化神系统替换。,由共享基础引擎判定,86,不加分；解释字段,missing_function,missing_function用于说明“少了哪一步”，不能写成人格缺陷。,真正需要补充的可能是________这一步，而不是简单要求自己少做或多做。,不得仅凭本规则推出自私、冷漠、控制、花心、暴力、人格或依恋问题、分手离婚、背叛或关系失败；本模块只生成结构／触发候选，现实模式需具体事件验证。,中高,待验证,,provisional=true; rule_group=BASE-证据评分与输出; signal=missing_function,0.2
M4-BASE-271,保护因素强制输出,L8 输出与停止,BASE-输出,通用,输出合同,buffer_factor,,E1或E2候选进入用户正文。,现实安全问题需停止常规输出。,由共享基础引擎提供；只修正承载与执行，不直接等同强弱人格。,由M2接口提供；夫妻星只参与关系议题权重，不单独生成盲点。,由M3-BASE与共享引擎提供；不得把日支直接写成配偶性格。,无／待后续规则组合,由共享基础引擎判定,由共享基础引擎判定,由共享基础引擎判定,喜忌只修正调用摩擦与平衡，不直接等同好坏。,原十神性质有效；真合化成立时按化神系统替换。,由共享基础引擎判定,92,强制字段,buffer_factor,每个候选必须说明已有调节、反例或仍待验证的保护条件。,同时也要看：哪些条件能使这一候选减弱、被接上或不成立。,不得仅凭本规则推出自私、冷漠、控制、花心、暴力、人格或依恋问题、分手离婚、背叛或关系失败；本模块只生成结构／触发候选，现实模式需具体事件验证。,高,待验证,,provisional=true; rule_group=BASE-证据评分与输出; signal=buffer_factor,0.2
M4-BASE-272,同源去重发布门控,L8 输出与停止,BASE-输出,通用,去重,dedup_log,,准备计算总分或发布候选。,source_id未记录或重复事实未合并。,由共享基础引擎提供；只修正承载与执行，不直接等同强弱人格。,由M2接口提供；夫妻星只参与关系议题权重，不单独生成盲点。,由M3-BASE与共享引擎提供；不得把日支直接写成配偶性格。,无／待后续规则组合,由共享基础引擎判定,由共享基础引擎判定,由共享基础引擎判定,喜忌只修正调用摩擦与平衡，不直接等同好坏。,原十神性质有效；真合化成立时按化神系统替换。,由共享基础引擎判定,98,未去重则STOP,stop_reason,去重未完成时不得发布。,只有完成来源核对后，才会给出置信度。,不得仅凭本规则推出自私、冷漠、控制、花心、暴力、人格或依恋问题、分手离婚、背叛或关系失败；本模块只生成结构／触发候选，现实模式需具体事件验证。,高,待验证,,provisional=true; rule_group=BASE-证据评分与输出; signal=dedup_log,0.2
M4-BASE-273,M3功能未定｜停止,L8 输出与停止,BASE-门控停止,通用,停止,M3功能来源未定,,对应M3模块停止或正常功能无法可靠确定。,,由共享基础引擎提供；只修正承载与执行，不直接等同强弱人格。,由M2接口提供；夫妻星只参与关系议题权重，不单独生成盲点。,由M3-BASE与共享引擎提供；不得把日支直接写成配偶性格。,无／待后续规则组合,由共享基础引擎判定,由共享基础引擎判定,由共享基础引擎判定,喜忌只修正调用摩擦与平衡，不直接等同好坏。,原十神性质有效；真合化成立时按化神系统替换。,由共享基础引擎判定,100,STOP,stop_reason,没有正常功能，就无法判断它怎样失衡。,前一步的相处方式还无法确定，因此这一盲点暂不判断。,不得仅凭本规则推出自私、冷漠、控制、花心、暴力、人格或依恋问题、分手离婚、背叛或关系失败；本模块只生成结构／触发候选，现实模式需具体事件验证。,高,待验证,,provisional=true; rule_group=BASE-证据评分与输出; signal=M3功能来源未定,0.2
M4-BASE-274,真合化未定｜停止,L8 输出与停止,BASE-门控停止,通用,停止,真合化未定,,原十神是否保留与化神是否成立存在关键争议。,,由共享基础引擎提供；只修正承载与执行，不直接等同强弱人格。,由M2接口提供；夫妻星只参与关系议题权重，不单独生成盲点。,由M3-BASE与共享引擎提供；不得把日支直接写成配偶性格。,无／待后续规则组合,由共享基础引擎判定,由共享基础引擎判定,由共享基础引擎判定,喜忌只修正调用摩擦与平衡，不直接等同好坏。,原十神性质有效；真合化成立时按化神系统替换。,由共享基础引擎判定,100,STOP,stop_reason,在替换路由未确定前，原功能与化神功能均不得作为主轴。,合化状态不清时，不会同时保留两套互相冲突的解释。,不得仅凭本规则推出自私、冷漠、控制、花心、暴力、人格或依恋问题、分手离婚、背叛或关系失败；本模块只生成结构／触发候选，现实模式需具体事件验证。,高,待验证,,provisional=true; rule_group=BASE-证据评分与输出; signal=真合化未定,0.2
M4-BASE-275,单一弱远无根｜停止主候选,L8 输出与停止,BASE-门控停止,通用,停止,弱远无根单信号,,只有一处弱远无根信号，没有M3或现实独立支持。,,由共享基础引擎提供；只修正承载与执行，不直接等同强弱人格。,由M2接口提供；夫妻星只参与关系议题权重，不单独生成盲点。,由M3-BASE与共享引擎提供；不得把日支直接写成配偶性格。,无／待后续规则组合,由共享基础引擎判定,由共享基础引擎判定,由共享基础引擎判定,喜忌只修正调用摩擦与平衡，不直接等同好坏。,原十神性质有效；真合化成立时按化神系统替换。,由共享基础引擎判定,98,STOP主候选,stop_reason,不足以建立E1。,这项信号太弱且缺少独立支持，暂不写成核心盲点。,不得仅凭本规则推出自私、冷漠、控制、花心、暴力、人格或依恋问题、分手离婚、背叛或关系失败；本模块只生成结构／触发候选，现实模式需具体事件验证。,高,待验证,,provisional=true; rule_group=BASE-证据评分与输出; signal=弱远无根单信号,0.2
M4-BASE-276,只有合冲刑害破｜停止,L8 输出与停止,BASE-门控停止,通用,停止,宫位动态单信号,,只有合、冲、刑、害或破，没有有效功能来源与失衡机制。,,由共享基础引擎提供；只修正承载与执行，不直接等同强弱人格。,由M2接口提供；夫妻星只参与关系议题权重，不单独生成盲点。,由M3-BASE与共享引擎提供；不得把日支直接写成配偶性格。,无／待后续规则组合,由共享基础引擎判定,由共享基础引擎判定,由共享基础引擎判定,喜忌只修正调用摩擦与平衡，不直接等同好坏。,原十神性质有效；真合化成立时按化神系统替换。,由共享基础引擎判定,100,STOP,stop_reason,宫位动态只能修正节奏，不能独立生成盲点。,仅凭合冲刑害破，不能判断具体关系问题。,不得仅凭本规则推出自私、冷漠、控制、花心、暴力、人格或依恋问题、分手离婚、背叛或关系失败；本模块只生成结构／触发候选，现实模式需具体事件验证。,高,待验证,,provisional=true; rule_group=BASE-证据评分与输出; signal=宫位动态单信号,0.2
M4-BASE-277,喜忌直接等同好坏｜禁止,L8 输出与停止,BASE-门控停止,通用,停止,喜忌机械推断,,规则试图用喜神／忌神直接生成正负人格或关系问题。,,由共享基础引擎提供；只修正承载与执行，不直接等同强弱人格。,由M2接口提供；夫妻星只参与关系议题权重，不单独生成盲点。,由M3-BASE与共享引擎提供；不得把日支直接写成配偶性格。,无／待后续规则组合,由共享基础引擎判定,由共享基础引擎判定,由共享基础引擎判定,喜忌只修正调用摩擦与平衡，不直接等同好坏。,原十神性质有效；真合化成立时按化神系统替换。,由共享基础引擎判定,100,STOP错误路由,stop_reason,喜忌只修正功能摩擦与平衡，不是道德标签。,不会因为某个十神为忌，就把它直接解释成负面人格。,不得仅凭本规则推出自私、冷漠、控制、花心、暴力、人格或依恋问题、分手离婚、背叛或关系失败；本模块只生成结构／触发候选，现实模式需具体事件验证。,高,待验证,,provisional=true; rule_group=BASE-证据评分与输出; signal=喜忌机械推断,0.2
M4-BASE-278,现实安全问题｜停止常规循环解释,L8 输出与停止,BASE-门控停止,通用,安全边界,安全风险,,存在暴力、威胁、强迫、经济控制、跟踪、隔离或明确违法风险。,,由共享基础引擎提供；只修正承载与执行，不直接等同强弱人格。,由M2接口提供；夫妻星只参与关系议题权重，不单独生成盲点。,由M3-BASE与共享引擎提供；不得把日支直接写成配偶性格。,无／待后续规则组合,由共享基础引擎判定,由共享基础引擎判定,由共享基础引擎判定,喜忌只修正调用摩擦与平衡，不直接等同好坏。,原十神性质有效；真合化成立时按化神系统替换。,由共享基础引擎判定,100,STOP；安全优先,report_status,现实安全优先，不能用双方循环平均责任。,现实安全和责任判断应优先于命理解释。,不得仅凭本规则推出自私、冷漠、控制、花心、暴力、人格或依恋问题、分手离婚、背叛或关系失败；本模块只生成结构／触发候选，现实模式需具体事件验证。,高,待验证,,provisional=true; rule_group=BASE-证据评分与输出; signal=安全风险,0.2
M4-BASE-279,M4-BASE标准输出模板,L8 输出与停止,BASE-输出,通用,输出,BASE报告模板,,至少E1成立；功能来源、失衡机制、缺位功能、保护因素和边界说明完整。,任一关键字段停止或未去重。,由共享基础引擎提供；只修正承载与执行，不直接等同强弱人格。,由M2接口提供；夫妻星只参与关系议题权重，不单独生成盲点。,由M3-BASE与共享引擎提供；不得把日支直接写成配偶性格。,无／待后续规则组合,由共享基础引擎判定,由共享基础引擎判定,由共享基础引擎判定,喜忌只修正调用摩擦与平衡，不直接等同好坏。,原十神性质有效；真合化成立时按化神系统替换。,由共享基础引擎判定,90,不加分；生成报告,report_template,标准顺序：正常功能→失衡条件→缺位功能→保护因素→证据等级与边界。,这项反应原本帮助你________。当________时，它可能被用得过多／过少，并让________这一步进入得较晚。命局与现实中若有________，这一候选会减弱。当前证据等级为________，仍需结合具体经历验证。,不得仅凭本规则推出自私、冷漠、控制、花心、暴力、人格或依恋问题、分手离婚、背叛或关系失败；本模块只生成结构／触发候选，现实模式需具体事件验证。,中高,待验证,,provisional=true; rule_group=BASE-证据评分与输出; signal=BASE报告模板,0.2
M4-BASE-280,V0.2发布状态｜待验证,L8 输出与停止,BASE-输出,通用,版本,validation_status,,M4-BASE V0.2完成结构化规则建设。,,由共享基础引擎提供；只修正承载与执行，不直接等同强弱人格。,由M2接口提供；夫妻星只参与关系议题权重，不单独生成盲点。,由M3-BASE与共享引擎提供；不得把日支直接写成配偶性格。,无／待后续规则组合,由共享基础引擎判定,由共享基础引擎判定,由共享基础引擎判定,喜忌只修正调用摩擦与平衡，不直接等同好坏。,原十神性质有效；真合化成立时按化神系统替换。,由共享基础引擎判定,100,validation_status=待验证,boundary_note,所有分值、阈值、路径和用户语言在真实案例校准前保持provisional=true。,当前版本可用于结构化分析和学习，但不代表统计准确率。,不得仅凭本规则推出自私、冷漠、控制、花心、暴力、人格或依恋问题、分手离婚、背叛或关系失败；本模块只生成结构／触发候选，现实模式需具体事件验证。,高,待验证,,provisional=true; rule_group=BASE-证据评分与输出; signal=validation_status,0.2
