rule_id,rule_name,layer,module,applicable_group,rule_type,main_signal,secondary_signal,required_conditions,excluded_conditions,self_strength_status,spouse_star_status,palace_signal,flow_path,signal_position,root_status,strength_level,favorability,transformation_status,distance_level,priority,score_effect,output_slot,internal_logic,user_explanation,forbidden_inference,confidence_base,validation_status,case_refs,notes,version
M4-BUFFER-001,M4-BUFFER正式定义｜调节、保护因素与病药功能接口,L0 定义、边界与证据合同,BUFFER-定义边界,通用,定义,M4-BUFFER模块规则,,存在M4-BASE至REPAIR中的风险候选，准备判断哪些功能会真实改变风险链。,试图只因命局出现某十神、喜神或制化字样就宣告风险消失。,由共享基础引擎提供；仅修正保护功能的承载、持续调用和压力状态下的稳定性，不直接等同成熟度、道德或现实行为。,由M1／M2接口提供；夫妻星、心动原型和关系门槛只说明关系议题，不单独证明保护因素已经被调用或有效。,由M3-BASE及M4各模块提供；日支、日柱近位可提高与亲密关系核心的相关性，但同一source_id不得重复计分。,保护因素必须明确限制过用、补足缺位、恢复顺序、打开反馈、落实改变或完成修复回流；不能只凭五行相生补写现实效果。,近位提高进入亲密关系核心的概率；远位只作背景、阶段或条件性修正。,根气只修正该保护功能是否容易重复调用，不等于现实中已经形成稳定保护。,旺弱只修正调用强度与承载；强不自动有效，弱也不自动无效。,喜忌只修正摩擦、平衡与承载，不可直接翻译为好坏、成熟度或解决方案。,原十神功能有效；真合化成立时按化神功能替换，合化争议时停止定性。,近位提高直接相关性；远位仅保留背景、阶段或低置信修正。,96,不加分；定义／门控,boundary_note,M4-BUFFER研究保护因素怎样进入具体风险链，而不是给命局贴“有药／无药”的标签。,这一部分看的是：哪些资源能真正限制过度反应、补足缺位、恢复反馈或完成修复。,不得仅凭本规则断定问题已经解决、关系必然稳定、用户一定成熟、某十神天然是“药”、喜用神自动等于解决办法，或淡化暴力、强迫与现实伤害；现实行为、反例、安全事实和专业支持优先。,高,待验证,,provisional=true；保护因素的现实有效性必须由可观察行为、反馈和持续结果验证。,0.8
M4-BUFFER-002,先诊断后配药｜没有明确失衡机制不得配置保护因素,L0 定义、边界与证据合同,BUFFER-定义边界,通用,边界,诊断前置,,已经明确K机制、TR触发、LP循环或RN修复断点中的至少一项。,只有“某五行缺”“某十神为忌”等泛化描述，没有具体关系任务。,由共享基础引擎提供；仅修正保护功能的承载、持续调用和压力状态下的稳定性，不直接等同成熟度、道德或现实行为。,由M1／M2接口提供；夫妻星、心动原型和关系门槛只说明关系议题，不单独证明保护因素已经被调用或有效。,由M3-BASE及M4各模块提供；日支、日柱近位可提高与亲密关系核心的相关性，但同一source_id不得重复计分。,保护因素必须明确限制过用、补足缺位、恢复顺序、打开反馈、落实改变或完成修复回流；不能只凭五行相生补写现实效果。,近位提高进入亲密关系核心的概率；远位只作背景、阶段或条件性修正。,根气只修正该保护功能是否容易重复调用，不等于现实中已经形成稳定保护。,旺弱只修正调用强度与承载；强不自动有效，弱也不自动无效。,喜忌只修正摩擦、平衡与承载，不可直接翻译为好坏、成熟度或解决方案。,原十神功能有效；真合化成立时按化神功能替换，合化争议时停止定性。,近位提高直接相关性；远位仅保留背景、阶段或低置信修正。,96,不加分；定义／门控,boundary_note,保护因素必须有明确靶点；没有病位、触发和断点，就无法判断哪项功能是有效调节。,先要知道关系中哪一步容易失衡，才能判断什么资源真正有帮助。,不得仅凭本规则断定问题已经解决、关系必然稳定、用户一定成熟、某十神天然是“药”、喜用神自动等于解决办法，或淡化暴力、强迫与现实伤害；现实行为、反例、安全事实和专业支持优先。,高,待验证,,provisional=true；保护因素的现实有效性必须由可观察行为、反馈和持续结果验证。,0.8
M4-BUFFER-003,正常功能优先｜保护因素不是把原功能消灭,L0 定义、边界与证据合同,BUFFER-定义边界,通用,边界,功能保留,,原功能在关系中仍有必要价值，只需限制过用或补足另一环节。,把制化理解为完全压掉表达、行动、边界、投入或理解。,由共享基础引擎提供；仅修正保护功能的承载、持续调用和压力状态下的稳定性，不直接等同成熟度、道德或现实行为。,由M1／M2接口提供；夫妻星、心动原型和关系门槛只说明关系议题，不单独证明保护因素已经被调用或有效。,由M3-BASE及M4各模块提供；日支、日柱近位可提高与亲密关系核心的相关性，但同一source_id不得重复计分。,保护因素必须明确限制过用、补足缺位、恢复顺序、打开反馈、落实改变或完成修复回流；不能只凭五行相生补写现实效果。,近位提高进入亲密关系核心的概率；远位只作背景、阶段或条件性修正。,根气只修正该保护功能是否容易重复调用，不等于现实中已经形成稳定保护。,旺弱只修正调用强度与承载；强不自动有效，弱也不自动无效。,喜忌只修正摩擦、平衡与承载，不可直接翻译为好坏、成熟度或解决方案。,原十神功能有效；真合化成立时按化神功能替换，合化争议时停止定性。,近位提高直接相关性；远位仅保留背景、阶段或低置信修正。,96,不加分；定义／门控,boundary_note,有效保护通常保留原功能的价值，同时限制它越界、抢位或替代其他任务。,真正的调节不是让你失去原有能力，而是让这项能力在更合适的范围内发挥。,不得仅凭本规则断定问题已经解决、关系必然稳定、用户一定成熟、某十神天然是“药”、喜用神自动等于解决办法，或淡化暴力、强迫与现实伤害；现实行为、反例、安全事实和专业支持优先。,高,待验证,,provisional=true；保护因素的现实有效性必须由可观察行为、反馈和持续结果验证。,0.8
M4-BUFFER-004,命理资源与现实调用分离,L0 定义、边界与证据合同,BUFFER-定义边界,通用,证据,结构／行为分层,,分别记录结构资源、可调用条件、现实使用和实际效果。,命局中有某功能，就直接写成现实中一定会使用。,由共享基础引擎提供；仅修正保护功能的承载、持续调用和压力状态下的稳定性，不直接等同成熟度、道德或现实行为。,由M1／M2接口提供；夫妻星、心动原型和关系门槛只说明关系议题，不单独证明保护因素已经被调用或有效。,由M3-BASE及M4各模块提供；日支、日柱近位可提高与亲密关系核心的相关性，但同一source_id不得重复计分。,保护因素必须明确限制过用、补足缺位、恢复顺序、打开反馈、落实改变或完成修复回流；不能只凭五行相生补写现实效果。,近位提高进入亲密关系核心的概率；远位只作背景、阶段或条件性修正。,根气只修正该保护功能是否容易重复调用，不等于现实中已经形成稳定保护。,旺弱只修正调用强度与承载；强不自动有效，弱也不自动无效。,喜忌只修正摩擦、平衡与承载，不可直接翻译为好坏、成熟度或解决方案。,原十神功能有效；真合化成立时按化神功能替换，合化争议时停止定性。,近位提高直接相关性；远位仅保留背景、阶段或低置信修正。,96,不加分；定义／门控,buffer_evidence,命盘最多说明潜在或可调用资源；是否启动、是否有效，要看现实行为和结果。,命局里有这种资源，不等于每次关系里都会自动用出来，还要看现实中是否真的调用。,不得仅凭本规则断定问题已经解决、关系必然稳定、用户一定成熟、某十神天然是“药”、喜用神自动等于解决办法，或淡化暴力、强迫与现实伤害；现实行为、反例、安全事实和专业支持优先。,高,待验证,,provisional=true；保护因素的现实有效性必须由可观察行为、反馈和持续结果验证。,0.8
M4-BUFFER-005,有效保护必须改变链条,L0 定义、边界与证据合同,BUFFER-定义边界,通用,边界,效果门控,,至少改变K机制、TR阈值、LP反馈、RN节点或风险发布等级中的一项。,只提供安慰性描述，但风险顺序、反馈和修复没有任何变化。,由共享基础引擎提供；仅修正保护功能的承载、持续调用和压力状态下的稳定性，不直接等同成熟度、道德或现实行为。,由M1／M2接口提供；夫妻星、心动原型和关系门槛只说明关系议题，不单独证明保护因素已经被调用或有效。,由M3-BASE及M4各模块提供；日支、日柱近位可提高与亲密关系核心的相关性，但同一source_id不得重复计分。,保护因素必须明确限制过用、补足缺位、恢复顺序、打开反馈、落实改变或完成修复回流；不能只凭五行相生补写现实效果。,近位提高进入亲密关系核心的概率；远位只作背景、阶段或条件性修正。,根气只修正该保护功能是否容易重复调用，不等于现实中已经形成稳定保护。,旺弱只修正调用强度与承载；强不自动有效，弱也不自动无效。,喜忌只修正摩擦、平衡与承载，不可直接翻译为好坏、成熟度或解决方案。,原十神功能有效；真合化成立时按化神功能替换，合化争议时停止定性。,近位提高直接相关性；远位仅保留背景、阶段或低置信修正。,96,不加分；定义／门控,boundary_note,保护因素只有在改变风险链的启动、强度、顺序、反馈或回流时才计入有效。,要看这项资源有没有真正让处理顺序、反馈或后续结果发生变化。,不得仅凭本规则断定问题已经解决、关系必然稳定、用户一定成熟、某十神天然是“药”、喜用神自动等于解决办法，或淡化暴力、强迫与现实伤害；现实行为、反例、安全事实和专业支持优先。,高,待验证,,provisional=true；保护因素的现实有效性必须由可观察行为、反馈和持续结果验证。,0.8
M4-BUFFER-006,同一事实只计一次｜保护解释不等于新增证据,L0 定义、边界与证据合同,BUFFER-定义边界,通用,去重,source_id去重,,每项命理事实和现实事件都有唯一source_id／event_id。,同一印星被同时写成倾听、修复、通关和安全四项独立证据并重复加分。,由共享基础引擎提供；仅修正保护功能的承载、持续调用和压力状态下的稳定性，不直接等同成熟度、道德或现实行为。,由M1／M2接口提供；夫妻星、心动原型和关系门槛只说明关系议题，不单独证明保护因素已经被调用或有效。,由M3-BASE及M4各模块提供；日支、日柱近位可提高与亲密关系核心的相关性，但同一source_id不得重复计分。,保护因素必须明确限制过用、补足缺位、恢复顺序、打开反馈、落实改变或完成修复回流；不能只凭五行相生补写现实效果。,近位提高进入亲密关系核心的概率；远位只作背景、阶段或条件性修正。,根气只修正该保护功能是否容易重复调用，不等于现实中已经形成稳定保护。,旺弱只修正调用强度与承载；强不自动有效，弱也不自动无效。,喜忌只修正摩擦、平衡与承载，不可直接翻译为好坏、成熟度或解决方案。,原十神功能有效；真合化成立时按化神功能替换，合化争议时停止定性。,近位提高直接相关性；远位仅保留背景、阶段或低置信修正。,96,不加分；定义／门控,boundary_note,同一基础事实可以有多个功能解释，但基础权重只能计算一次。,同一个命理信号可以从不同角度说明作用，但不能被当成四份独立证据。,不得仅凭本规则断定问题已经解决、关系必然稳定、用户一定成熟、某十神天然是“药”、喜用神自动等于解决办法，或淡化暴力、强迫与现实伤害；现实行为、反例、安全事实和专业支持优先。,高,待验证,,provisional=true；保护因素的现实有效性必须由可观察行为、反馈和持续结果验证。,0.8
M4-BUFFER-007,保护因素不覆盖现实反例,L0 定义、边界与证据合同,BUFFER-定义边界,通用,反例,现实优先,,现实中没有稳定反例，或反例已被纳入条件化判断。,现实多次显示该功能未进入，却仍用命盘结构宣告保护有效。,由共享基础引擎提供；仅修正保护功能的承载、持续调用和压力状态下的稳定性，不直接等同成熟度、道德或现实行为。,由M1／M2接口提供；夫妻星、心动原型和关系门槛只说明关系议题，不单独证明保护因素已经被调用或有效。,由M3-BASE及M4各模块提供；日支、日柱近位可提高与亲密关系核心的相关性，但同一source_id不得重复计分。,保护因素必须明确限制过用、补足缺位、恢复顺序、打开反馈、落实改变或完成修复回流；不能只凭五行相生补写现实效果。,近位提高进入亲密关系核心的概率；远位只作背景、阶段或条件性修正。,根气只修正该保护功能是否容易重复调用，不等于现实中已经形成稳定保护。,旺弱只修正调用强度与承载；强不自动有效，弱也不自动无效。,喜忌只修正摩擦、平衡与承载，不可直接翻译为好坏、成熟度或解决方案。,原十神功能有效；真合化成立时按化神功能替换，合化争议时停止定性。,近位提高直接相关性；远位仅保留背景、阶段或低置信修正。,96,现实反例直接降级,boundary_note,现实反例直接降低保护层级；稳定反例优先于结构推测。,如果现实中多次没有用出这项资源，就不能只凭八字说它已经在保护关系。,不得仅凭本规则断定问题已经解决、关系必然稳定、用户一定成熟、某十神天然是“药”、喜用神自动等于解决办法，或淡化暴力、强迫与现实伤害；现实行为、反例、安全事实和专业支持优先。,高,待验证,,provisional=true；保护因素的现实有效性必须由可观察行为、反馈和持续结果验证。,0.8
M4-BUFFER-008,安全停止｜暴力强迫不进入普通缓冲框架,L0 定义、边界与证据合同,BUFFER-定义边界,通用,安全,现实安全门控,,现实中不存在暴力、威胁、强迫、跟踪、经济控制或明显人身风险。,存在安全风险，却用“有制化、有沟通、有爱”要求继续协商。,由共享基础引擎提供；仅修正保护功能的承载、持续调用和压力状态下的稳定性，不直接等同成熟度、道德或现实行为。,由M1／M2接口提供；夫妻星、心动原型和关系门槛只说明关系议题，不单独证明保护因素已经被调用或有效。,由M3-BASE及M4各模块提供；日支、日柱近位可提高与亲密关系核心的相关性，但同一source_id不得重复计分。,保护因素必须明确限制过用、补足缺位、恢复顺序、打开反馈、落实改变或完成修复回流；不能只凭五行相生补写现实效果。,近位提高进入亲密关系核心的概率；远位只作背景、阶段或条件性修正。,根气只修正该保护功能是否容易重复调用，不等于现实中已经形成稳定保护。,旺弱只修正调用强度与承载；强不自动有效，弱也不自动无效。,喜忌只修正摩擦、平衡与承载，不可直接翻译为好坏、成熟度或解决方案。,原十神功能有效；真合化成立时按化神功能替换，合化争议时停止定性。,近位提高直接相关性；远位仅保留背景、阶段或低置信修正。,100,不加分；定义／门控,boundary_note,安全风险优先转向现实保护、责任和专业支持，不以普通关系调节替代。,若存在威胁、强迫或人身安全风险，首要任务是安全，不应把重点放在如何调和。,不得仅凭本规则断定问题已经解决、关系必然稳定、用户一定成熟、某十神天然是“药”、喜用神自动等于解决办法，或淡化暴力、强迫与现实伤害；现实行为、反例、安全事实和专业支持优先。,高,待验证,,provisional=true；保护因素的现实有效性必须由可观察行为、反馈和持续结果验证。,0.8
M4-BUFFER-009,保护因素不创造原谅与继续关系义务,L0 定义、边界与证据合同,BUFFER-定义边界,通用,伦理,选择权边界,,区分责任行动、关系修复、原谅、信任和是否继续。,用“命里有药”“可以化解”要求受影响者原谅、复合或继续关系。,由共享基础引擎提供；仅修正保护功能的承载、持续调用和压力状态下的稳定性，不直接等同成熟度、道德或现实行为。,由M1／M2接口提供；夫妻星、心动原型和关系门槛只说明关系议题，不单独证明保护因素已经被调用或有效。,由M3-BASE及M4各模块提供；日支、日柱近位可提高与亲密关系核心的相关性，但同一source_id不得重复计分。,保护因素必须明确限制过用、补足缺位、恢复顺序、打开反馈、落实改变或完成修复回流；不能只凭五行相生补写现实效果。,近位提高进入亲密关系核心的概率；远位只作背景、阶段或条件性修正。,根气只修正该保护功能是否容易重复调用，不等于现实中已经形成稳定保护。,旺弱只修正调用强度与承载；强不自动有效，弱也不自动无效。,喜忌只修正摩擦、平衡与承载，不可直接翻译为好坏、成熟度或解决方案。,原十神功能有效；真合化成立时按化神功能替换，合化争议时停止定性。,近位提高直接相关性；远位仅保留背景、阶段或低置信修正。,100,不加分；定义／门控,boundary_note,有效保护可以减少风险或完成责任，但不能替任何人决定是否继续关系。,即使对方做出改变，你仍有权决定是否原谅、恢复信任或继续关系。,不得仅凭本规则断定问题已经解决、关系必然稳定、用户一定成熟、某十神天然是“药”、喜用神自动等于解决办法，或淡化暴力、强迫与现实伤害；现实行为、反例、安全事实和专业支持优先。,高,待验证,,provisional=true；保护因素的现实有效性必须由可观察行为、反馈和持续结果验证。,0.8
M4-BUFFER-010,喜用神不直接等于药,L0 定义、边界与证据合同,BUFFER-定义边界,通用,病药边界,喜忌接口,,喜用只作为承载和平衡信息，另有具体功能靶点和现实调用证据。,直接写“喜木，所以多沟通”“用火，所以找热情伴侣”等。,由共享基础引擎提供；仅修正保护功能的承载、持续调用和压力状态下的稳定性，不直接等同成熟度、道德或现实行为。,由M1／M2接口提供；夫妻星、心动原型和关系门槛只说明关系议题，不单独证明保护因素已经被调用或有效。,由M3-BASE及M4各模块提供；日支、日柱近位可提高与亲密关系核心的相关性，但同一source_id不得重复计分。,保护因素必须明确限制过用、补足缺位、恢复顺序、打开反馈、落实改变或完成修复回流；不能只凭五行相生补写现实效果。,近位提高进入亲密关系核心的概率；远位只作背景、阶段或条件性修正。,根气只修正该保护功能是否容易重复调用，不等于现实中已经形成稳定保护。,旺弱只修正调用强度与承载；强不自动有效，弱也不自动无效。,喜忌只修正摩擦、平衡与承载，不可直接翻译为好坏、成熟度或解决方案。,原十神功能有效；真合化成立时按化神功能替换，合化争议时停止定性。,近位提高直接相关性；远位仅保留背景、阶段或低置信修正。,96,不加分；定义／门控,boundary_note,病药模型中的药是能改变具体失衡链的功能，不是元素标签的直接翻译。,这里的“药”指能补上具体关系步骤的功能，不是简单说某个五行越多越好。,不得仅凭本规则断定问题已经解决、关系必然稳定、用户一定成熟、某十神天然是“药”、喜用神自动等于解决办法，或淡化暴力、强迫与现实伤害；现实行为、反例、安全事实和专业支持优先。,高,待验证,,provisional=true；保护因素的现实有效性必须由可观察行为、反馈和持续结果验证。,0.8
M4-BUFFER-011,制化存在不等于问题不存在,L0 定义、边界与证据合同,BUFFER-定义边界,通用,病药边界,制化有效性,,制化功能有效、位置可进入、强度适配，并在现实中改变了风险链。,只见制化组合就把所有候选清零。,由共享基础引擎提供；仅修正保护功能的承载、持续调用和压力状态下的稳定性，不直接等同成熟度、道德或现实行为。,由M1／M2接口提供；夫妻星、心动原型和关系门槛只说明关系议题，不单独证明保护因素已经被调用或有效。,由M3-BASE及M4各模块提供；日支、日柱近位可提高与亲密关系核心的相关性，但同一source_id不得重复计分。,保护因素必须明确限制过用、补足缺位、恢复顺序、打开反馈、落实改变或完成修复回流；不能只凭五行相生补写现实效果。,近位提高进入亲密关系核心的概率；远位只作背景、阶段或条件性修正。,根气只修正该保护功能是否容易重复调用，不等于现实中已经形成稳定保护。,旺弱只修正调用强度与承载；强不自动有效，弱也不自动无效。,喜忌只修正摩擦、平衡与承载，不可直接翻译为好坏、成熟度或解决方案。,原十神功能有效；真合化成立时按化神功能替换，合化争议时停止定性。,近位提高直接相关性；远位仅保留背景、阶段或低置信修正。,96,不加分；定义／门控,boundary_note,制化是潜在限制机制，是否有效要看双方强弱、位置、通关和现实表现。,有调节结构是好事，但还要看它能不能在真实关系情境中及时发挥。,不得仅凭本规则断定问题已经解决、关系必然稳定、用户一定成熟、某十神天然是“药”、喜用神自动等于解决办法，或淡化暴力、强迫与现实伤害；现实行为、反例、安全事实和专业支持优先。,高,待验证,,provisional=true；保护因素的现实有效性必须由可观察行为、反馈和持续结果验证。,0.8
M4-BUFFER-012,通关存在不等于转换已完成,L0 定义、边界与证据合同,BUFFER-定义边界,通用,病药边界,流通有效性,,起点、桥梁、终点均有效，并有现实顺序或行为支持。,只凭五行相生就写“能从理解转成边界、从表达转成行动”。,由共享基础引擎提供；仅修正保护功能的承载、持续调用和压力状态下的稳定性，不直接等同成熟度、道德或现实行为。,由M1／M2接口提供；夫妻星、心动原型和关系门槛只说明关系议题，不单独证明保护因素已经被调用或有效。,由M3-BASE及M4各模块提供；日支、日柱近位可提高与亲密关系核心的相关性，但同一source_id不得重复计分。,保护因素必须明确限制过用、补足缺位、恢复顺序、打开反馈、落实改变或完成修复回流；不能只凭五行相生补写现实效果。,近位提高进入亲密关系核心的概率；远位只作背景、阶段或条件性修正。,根气只修正该保护功能是否容易重复调用，不等于现实中已经形成稳定保护。,旺弱只修正调用强度与承载；强不自动有效，弱也不自动无效。,喜忌只修正摩擦、平衡与承载，不可直接翻译为好坏、成熟度或解决方案。,原十神功能有效；真合化成立时按化神功能替换，合化争议时停止定性。,近位提高直接相关性；远位仅保留背景、阶段或低置信修正。,96,不加分；定义／门控,boundary_note,通关必须落到功能转换；中间元素存在但弱远或未被调用时，只能算潜在资源。,命局有桥梁，不等于现实中每次都能顺利走到下一步。,不得仅凭本规则断定问题已经解决、关系必然稳定、用户一定成熟、某十神天然是“药”、喜用神自动等于解决办法，或淡化暴力、强迫与现实伤害；现实行为、反例、安全事实和专业支持优先。,高,待验证,,provisional=true；保护因素的现实有效性必须由可观察行为、反馈和持续结果验证。,0.8
M4-BUFFER-013,保护强度与保护质量分离,L0 定义、边界与证据合同,BUFFER-定义边界,通用,边界,强度质量分离,,同时评估调用强度、适配范围、反馈和实际结果。,功能越旺就判定保护越强、越好。,由共享基础引擎提供；仅修正保护功能的承载、持续调用和压力状态下的稳定性，不直接等同成熟度、道德或现实行为。,由M1／M2接口提供；夫妻星、心动原型和关系门槛只说明关系议题，不单独证明保护因素已经被调用或有效。,由M3-BASE及M4各模块提供；日支、日柱近位可提高与亲密关系核心的相关性，但同一source_id不得重复计分。,保护因素必须明确限制过用、补足缺位、恢复顺序、打开反馈、落实改变或完成修复回流；不能只凭五行相生补写现实效果。,近位提高进入亲密关系核心的概率；远位只作背景、阶段或条件性修正。,根气只修正该保护功能是否容易重复调用，不等于现实中已经形成稳定保护。,旺弱只修正调用强度与承载；强不自动有效，弱也不自动无效。,喜忌只修正摩擦、平衡与承载，不可直接翻译为好坏、成熟度或解决方案。,原十神功能有效；真合化成立时按化神功能替换，合化争议时停止定性。,近位提高直接相关性；远位仅保留背景、阶段或低置信修正。,96,不加分；定义／门控,boundary_note,过强保护可能变成规则加码、过度解释、过度照顾或过度干预。,资源很强不代表用得刚好，关键是它能否在合适的时机、范围内进入。,不得仅凭本规则断定问题已经解决、关系必然稳定、用户一定成熟、某十神天然是“药”、喜用神自动等于解决办法，或淡化暴力、强迫与现实伤害；现实行为、反例、安全事实和专业支持优先。,高,待验证,,provisional=true；保护因素的现实有效性必须由可观察行为、反馈和持续结果验证。,0.8
M4-BUFFER-014,保护因素必须与触发域匹配,L0 定义、边界与证据合同,BUFFER-定义边界,通用,边界,情境匹配,,保护功能能够处理当前TR触发域要求的具体任务。,把适用于日常沟通的资源，直接当成高压安全事件的保护。,由共享基础引擎提供；仅修正保护功能的承载、持续调用和压力状态下的稳定性，不直接等同成熟度、道德或现实行为。,由M1／M2接口提供；夫妻星、心动原型和关系门槛只说明关系议题，不单独证明保护因素已经被调用或有效。,由M3-BASE及M4各模块提供；日支、日柱近位可提高与亲密关系核心的相关性，但同一source_id不得重复计分。,保护因素必须明确限制过用、补足缺位、恢复顺序、打开反馈、落实改变或完成修复回流；不能只凭五行相生补写现实效果。,近位提高进入亲密关系核心的概率；远位只作背景、阶段或条件性修正。,根气只修正该保护功能是否容易重复调用，不等于现实中已经形成稳定保护。,旺弱只修正调用强度与承载；强不自动有效，弱也不自动无效。,喜忌只修正摩擦、平衡与承载，不可直接翻译为好坏、成熟度或解决方案。,原十神功能有效；真合化成立时按化神功能替换，合化争议时停止定性。,近位提高直接相关性；远位仅保留背景、阶段或低置信修正。,96,不加分；定义／门控,boundary_note,同一资源在不同触发域中的作用不同；功能不匹配时不得抬高保护等级。,某种方法在日常有效，不代表在所有压力情境里都同样有效。,不得仅凭本规则断定问题已经解决、关系必然稳定、用户一定成熟、某十神天然是“药”、喜用神自动等于解决办法，或淡化暴力、强迫与现实伤害；现实行为、反例、安全事实和专业支持优先。,高,待验证,,provisional=true；保护因素的现实有效性必须由可观察行为、反馈和持续结果验证。,0.8
M4-BUFFER-015,潜在资源不等于可调用资源,L0 定义、边界与证据合同,BUFFER-定义边界,通用,证据,可调用性,,资源有根、有位置、有承载或现实使用入口。,资源弱远、受损或从未出现，却仍标成稳定保护。,由共享基础引擎提供；仅修正保护功能的承载、持续调用和压力状态下的稳定性，不直接等同成熟度、道德或现实行为。,由M1／M2接口提供；夫妻星、心动原型和关系门槛只说明关系议题，不单独证明保护因素已经被调用或有效。,由M3-BASE及M4各模块提供；日支、日柱近位可提高与亲密关系核心的相关性，但同一source_id不得重复计分。,保护因素必须明确限制过用、补足缺位、恢复顺序、打开反馈、落实改变或完成修复回流；不能只凭五行相生补写现实效果。,近位提高进入亲密关系核心的概率；远位只作背景、阶段或条件性修正。,根气只修正该保护功能是否容易重复调用，不等于现实中已经形成稳定保护。,旺弱只修正调用强度与承载；强不自动有效，弱也不自动无效。,喜忌只修正摩擦、平衡与承载，不可直接翻译为好坏、成熟度或解决方案。,原十神功能有效；真合化成立时按化神功能替换，合化争议时停止定性。,近位提高直接相关性；远位仅保留背景、阶段或低置信修正。,96,不加分；定义／门控,buffer_evidence,潜在资源必须经过可调用性门控，才能进入保护候选。,八字里能看到这种可能性，但还要确认它在亲密关系中是否真的容易被用出来。,不得仅凭本规则断定问题已经解决、关系必然稳定、用户一定成熟、某十神天然是“药”、喜用神自动等于解决办法，或淡化暴力、强迫与现实伤害；现实行为、反例、安全事实和专业支持优先。,高,待验证,,provisional=true；保护因素的现实有效性必须由可观察行为、反馈和持续结果验证。,0.8
M4-BUFFER-016,可调用资源不等于已经有效,L0 定义、边界与证据合同,BUFFER-定义边界,通用,证据,效果验证,,现实事件显示该资源启动后改变了顺序、反馈、边界或修复。,只有“我知道该怎么做”或“我有这个能力”的自述。,由共享基础引擎提供；仅修正保护功能的承载、持续调用和压力状态下的稳定性，不直接等同成熟度、道德或现实行为。,由M1／M2接口提供；夫妻星、心动原型和关系门槛只说明关系议题，不单独证明保护因素已经被调用或有效。,由M3-BASE及M4各模块提供；日支、日柱近位可提高与亲密关系核心的相关性，但同一source_id不得重复计分。,保护因素必须明确限制过用、补足缺位、恢复顺序、打开反馈、落实改变或完成修复回流；不能只凭五行相生补写现实效果。,近位提高进入亲密关系核心的概率；远位只作背景、阶段或条件性修正。,根气只修正该保护功能是否容易重复调用，不等于现实中已经形成稳定保护。,旺弱只修正调用强度与承载；强不自动有效，弱也不自动无效。,喜忌只修正摩擦、平衡与承载，不可直接翻译为好坏、成熟度或解决方案。,原十神功能有效；真合化成立时按化神功能替换，合化争议时停止定性。,近位提高直接相关性；远位仅保留背景、阶段或低置信修正。,96,不加分；定义／门控,buffer_evidence,知识、意愿和能力是前提；实际改变风险链才算有效保护。,知道方法是一回事，能在关键时刻用出来并改变结果是另一回事。,不得仅凭本规则断定问题已经解决、关系必然稳定、用户一定成熟、某十神天然是“药”、喜用神自动等于解决办法，或淡化暴力、强迫与现实伤害；现实行为、反例、安全事实和专业支持优先。,高,待验证,,provisional=true；保护因素的现实有效性必须由可观察行为、反馈和持续结果验证。,0.8
M4-BUFFER-017,保护因素也需要反例检验,L0 定义、边界与证据合同,BUFFER-定义边界,通用,证据,稳定性验证,,记录有效场景、无效场景、代价情境和复发情况。,只采纳一次成功事件，忽略多次无效或反向结果。,由共享基础引擎提供；仅修正保护功能的承载、持续调用和压力状态下的稳定性，不直接等同成熟度、道德或现实行为。,由M1／M2接口提供；夫妻星、心动原型和关系门槛只说明关系议题，不单独证明保护因素已经被调用或有效。,由M3-BASE及M4各模块提供；日支、日柱近位可提高与亲密关系核心的相关性，但同一source_id不得重复计分。,保护因素必须明确限制过用、补足缺位、恢复顺序、打开反馈、落实改变或完成修复回流；不能只凭五行相生补写现实效果。,近位提高进入亲密关系核心的概率；远位只作背景、阶段或条件性修正。,根气只修正该保护功能是否容易重复调用，不等于现实中已经形成稳定保护。,旺弱只修正调用强度与承载；强不自动有效，弱也不自动无效。,喜忌只修正摩擦、平衡与承载，不可直接翻译为好坏、成熟度或解决方案。,原十神功能有效；真合化成立时按化神功能替换，合化争议时停止定性。,近位提高直接相关性；远位仅保留背景、阶段或低置信修正。,96,不加分；定义／门控,buffer_evidence,稳定保护必须经受不同情境和反例检验，不能由一次高光表现确认。,一次处理得好说明有资源，但还不能证明它在各种情境里都稳定。,不得仅凭本规则断定问题已经解决、关系必然稳定、用户一定成熟、某十神天然是“药”、喜用神自动等于解决办法，或淡化暴力、强迫与现实伤害；现实行为、反例、安全事实和专业支持优先。,高,待验证,,provisional=true；保护因素的现实有效性必须由可观察行为、反馈和持续结果验证。,0.8
M4-BUFFER-018,外部支持不由命盘推断,L0 定义、边界与证据合同,BUFFER-定义边界,通用,边界,现实支持接口,,外部支持来自用户提供的现实资料。,根据八字直接断定有贵人、治疗资源、家人支持或法律帮助。,由共享基础引擎提供；仅修正保护功能的承载、持续调用和压力状态下的稳定性，不直接等同成熟度、道德或现实行为。,由M1／M2接口提供；夫妻星、心动原型和关系门槛只说明关系议题，不单独证明保护因素已经被调用或有效。,由M3-BASE及M4各模块提供；日支、日柱近位可提高与亲密关系核心的相关性，但同一source_id不得重复计分。,保护因素必须明确限制过用、补足缺位、恢复顺序、打开反馈、落实改变或完成修复回流；不能只凭五行相生补写现实效果。,近位提高进入亲密关系核心的概率；远位只作背景、阶段或条件性修正。,根气只修正该保护功能是否容易重复调用，不等于现实中已经形成稳定保护。,旺弱只修正调用强度与承载；强不自动有效，弱也不自动无效。,喜忌只修正摩擦、平衡与承载，不可直接翻译为好坏、成熟度或解决方案。,原十神功能有效；真合化成立时按化神功能替换，合化争议时停止定性。,近位提高直接相关性；远位仅保留背景、阶段或低置信修正。,96,不加分；定义／门控,boundary_note,亲友、专业帮助、安全资源和环境调整必须作为现实输入，不由命盘补写。,是否拥有可靠的现实支持，需要根据实际情况确认，不能只凭八字判断。,不得仅凭本规则断定问题已经解决、关系必然稳定、用户一定成熟、某十神天然是“药”、喜用神自动等于解决办法，或淡化暴力、强迫与现实伤害；现实行为、反例、安全事实和专业支持优先。,高,待验证,,provisional=true；保护因素的现实有效性必须由可观察行为、反馈和持续结果验证。,0.8
M4-BUFFER-019,保护因素不能替代M5适配结论,L0 定义、边界与证据合同,BUFFER-定义边界,通用,跨模型边界,M5接口,,只描述已有或可调用的调节资源及其作用。,直接由保护因素推出最适合的伴侣类型或关系模式。,由共享基础引擎提供；仅修正保护功能的承载、持续调用和压力状态下的稳定性，不直接等同成熟度、道德或现实行为。,由M1／M2接口提供；夫妻星、心动原型和关系门槛只说明关系议题，不单独证明保护因素已经被调用或有效。,由M3-BASE及M4各模块提供；日支、日柱近位可提高与亲密关系核心的相关性，但同一source_id不得重复计分。,保护因素必须明确限制过用、补足缺位、恢复顺序、打开反馈、落实改变或完成修复回流；不能只凭五行相生补写现实效果。,近位提高进入亲密关系核心的概率；远位只作背景、阶段或条件性修正。,根气只修正该保护功能是否容易重复调用，不等于现实中已经形成稳定保护。,旺弱只修正调用强度与承载；强不自动有效，弱也不自动无效。,喜忌只修正摩擦、平衡与承载，不可直接翻译为好坏、成熟度或解决方案。,原十神功能有效；真合化成立时按化神功能替换，合化争议时停止定性。,近位提高直接相关性；远位仅保留背景、阶段或低置信修正。,96,不加分；定义／门控,boundary_note,M4说明风险如何被调节；长期适配结构由M5综合判断。,这里能说明什么有助于减弱盲点，但不直接等于什么伴侣最适合你。,不得仅凭本规则断定问题已经解决、关系必然稳定、用户一定成熟、某十神天然是“药”、喜用神自动等于解决办法，或淡化暴力、强迫与现实伤害；现实行为、反例、安全事实和专业支持优先。,高,待验证,,provisional=true；保护因素的现实有效性必须由可观察行为、反馈和持续结果验证。,0.8
M4-BUFFER-020,发布上限｜结构资源最高只能写候选,L0 定义、边界与证据合同,BUFFER-定义边界,通用,发布边界,证据上限,,没有现实事件、反馈和持续结果时。,仅凭命盘写“你已经能够”“这个问题不会发生”。,由共享基础引擎提供；仅修正保护功能的承载、持续调用和压力状态下的稳定性，不直接等同成熟度、道德或现实行为。,由M1／M2接口提供；夫妻星、心动原型和关系门槛只说明关系议题，不单独证明保护因素已经被调用或有效。,由M3-BASE及M4各模块提供；日支、日柱近位可提高与亲密关系核心的相关性，但同一source_id不得重复计分。,保护因素必须明确限制过用、补足缺位、恢复顺序、打开反馈、落实改变或完成修复回流；不能只凭五行相生补写现实效果。,近位提高进入亲密关系核心的概率；远位只作背景、阶段或条件性修正。,根气只修正该保护功能是否容易重复调用，不等于现实中已经形成稳定保护。,旺弱只修正调用强度与承载；强不自动有效，弱也不自动无效。,喜忌只修正摩擦、平衡与承载，不可直接翻译为好坏、成熟度或解决方案。,原十神功能有效；真合化成立时按化神功能替换，合化争议时停止定性。,近位提高直接相关性；远位仅保留背景、阶段或低置信修正。,96,不加分；定义／门控,boundary_note,结构证据最高只能支持潜在或可调用保护；现实有效和稳定保护必须有行为资料。,从命局能看到调节资源，但是否已经稳定发挥，还需要结合真实关系经历。,不得仅凭本规则断定问题已经解决、关系必然稳定、用户一定成熟、某十神天然是“药”、喜用神自动等于解决办法，或淡化暴力、强迫与现实伤害；现实行为、反例、安全事实和专业支持优先。,高,待验证,,provisional=true；保护因素的现实有效性必须由可观察行为、反馈和持续结果验证。,0.8
M4-BUFFER-021,BF01 有效制化｜因素定义,L1 BF01—BF08保护因素,BUFFER-保护因素,通用,定义,BF01 有效制化,建立该保护因素的功能边界。,存在与主失衡功能不同来源、强度适配、能够进入同一关系任务的制约或转化功能。,制化功能弱远、受损、只存在标签，或制约本身造成新的僵化与替代。,由共享基础引擎提供；仅修正保护功能的承载、持续调用和压力状态下的稳定性，不直接等同成熟度、道德或现实行为。,由M1／M2接口提供；夫妻星、心动原型和关系门槛只说明关系议题，不单独证明保护因素已经被调用或有效。,由M3-BASE及M4各模块提供；日支、日柱近位可提高与亲密关系核心的相关性，但同一source_id不得重复计分。,保护因素必须明确限制过用、补足缺位、恢复顺序、打开反馈、落实改变或完成修复回流；不能只凭五行相生补写现实效果。,近位提高进入亲密关系核心的概率；远位只作背景、阶段或条件性修正。,根气只修正该保护功能是否容易重复调用，不等于现实中已经形成稳定保护。,旺弱只修正调用强度与承载；强不自动有效，弱也不自动无效。,喜忌只修正摩擦、平衡与承载，不可直接翻译为好坏、成熟度或解决方案。,原十神功能有效；真合化成立时按化神功能替换，合化争议时停止定性。,近位提高直接相关性；远位仅保留背景、阶段或低置信修正。,95,基础候选+0,buffer_factor,有效制化不是消灭原功能，而是为其增加边界、反馈或转换，使它不再无限扩张。,当熟悉的处理方式启动过快时，另一项功能有机会把它拉回更可协商、可调整的范围。,不得仅凭本规则断定问题已经解决、关系必然稳定、用户一定成熟、某十神天然是“药”、喜用神自动等于解决办法，或淡化暴力、强迫与现实伤害；现实行为、反例、安全事实和专业支持优先。,高,待验证,,provisional=true；保护因素的现实有效性必须由可观察行为、反馈和持续结果验证。,0.8
M4-BUFFER-022,BF01 有效制化｜主要靶点,L1 BF01—BF08保护因素,BUFFER-保护因素,通用,路由,BF01 有效制化,将保护因素路由到具体失衡任务，而不是泛化成万能优点。,已经存在与限制过用、强而无制、双通道争主或高压占位相关的K机制、触发、循环或修复卡点。,没有明确风险靶点，或靶点由同一事实重复生成。,由共享基础引擎提供；仅修正保护功能的承载、持续调用和压力状态下的稳定性，不直接等同成熟度、道德或现实行为。,由M1／M2接口提供；夫妻星、心动原型和关系门槛只说明关系议题，不单独证明保护因素已经被调用或有效。,由M3-BASE及M4各模块提供；日支、日柱近位可提高与亲密关系核心的相关性，但同一source_id不得重复计分。,保护因素必须明确限制过用、补足缺位、恢复顺序、打开反馈、落实改变或完成修复回流；不能只凭五行相生补写现实效果。,近位提高进入亲密关系核心的概率；远位只作背景、阶段或条件性修正。,根气只修正该保护功能是否容易重复调用，不等于现实中已经形成稳定保护。,旺弱只修正调用强度与承载；强不自动有效，弱也不自动无效。,喜忌只修正摩擦、平衡与承载，不可直接翻译为好坏、成熟度或解决方案。,原十神功能有效；真合化成立时按化神功能替换，合化争议时停止定性。,近位提高直接相关性；远位仅保留背景、阶段或低置信修正。,93,匹配靶点+6,buffer_target,有效制化主要处理：限制过用、强而无制、双通道争主或高压占位。,这项资源最有价值的地方，是在限制过用、强而无制、双通道争主或高压占位时提供具体调节。,不得仅凭本规则断定问题已经解决、关系必然稳定、用户一定成熟、某十神天然是“药”、喜用神自动等于解决办法，或淡化暴力、强迫与现实伤害；现实行为、反例、安全事实和专业支持优先。,高,待验证,,provisional=true；保护因素的现实有效性必须由可观察行为、反馈和持续结果验证。,0.8
M4-BUFFER-023,BF01 有效制化｜结构成立条件,L1 BF01—BF08保护因素,BUFFER-保护因素,通用,结构证据,BF01 有效制化,判断命理结构是否具备独立、可调用的保护功能。,存在与主失衡功能不同来源、强度适配、能够进入同一关系任务的制约或转化功能。,制化功能弱远、受损、只存在标签，或制约本身造成新的僵化与替代。,由共享基础引擎提供；仅修正保护功能的承载、持续调用和压力状态下的稳定性，不直接等同成熟度、道德或现实行为。,由M1／M2接口提供；夫妻星、心动原型和关系门槛只说明关系议题，不单独证明保护因素已经被调用或有效。,由M3-BASE及M4各模块提供；日支、日柱近位可提高与亲密关系核心的相关性，但同一source_id不得重复计分。,保护因素必须明确限制过用、补足缺位、恢复顺序、打开反馈、落实改变或完成修复回流；不能只凭五行相生补写现实效果。,近位提高进入亲密关系核心的概率；远位只作背景、阶段或条件性修正。,根气只修正该保护功能是否容易重复调用，不等于现实中已经形成稳定保护。,旺弱只修正调用强度与承载；强不自动有效，弱也不自动无效。,喜忌只修正摩擦、平衡与承载，不可直接翻译为好坏、成熟度或解决方案。,原十神功能有效；真合化成立时按化神功能替换，合化争议时停止定性。,近位提高直接相关性；远位仅保留背景、阶段或低置信修正。,90,独立结构+8,buffer_evidence,结构层面需满足：存在与主失衡功能不同来源、强度适配、能够进入同一关系任务的制约或转化功能。,从结构上看，你具备这类调节资源，但是否稳定发挥仍需现实验证。,不得仅凭本规则断定问题已经解决、关系必然稳定、用户一定成熟、某十神天然是“药”、喜用神自动等于解决办法，或淡化暴力、强迫与现实伤害；现实行为、反例、安全事实和专业支持优先。,中高,待验证,,provisional=true；保护因素的现实有效性必须由可观察行为、反馈和持续结果验证。,0.8
M4-BUFFER-024,BF01 有效制化｜现实启动证据,L1 BF01—BF08保护因素,BUFFER-保护因素,通用,现实证据,BF01 有效制化,把潜在资源升级为现实已启动资源。,至少有一个具体事件显示该功能被调用，并改变了处理顺序、反馈、边界或后续行动。,只有知识、自述、标签或一次无后续结果的动作。,由共享基础引擎提供；仅修正保护功能的承载、持续调用和压力状态下的稳定性，不直接等同成熟度、道德或现实行为。,由M1／M2接口提供；夫妻星、心动原型和关系门槛只说明关系议题，不单独证明保护因素已经被调用或有效。,由M3-BASE及M4各模块提供；日支、日柱近位可提高与亲密关系核心的相关性，但同一source_id不得重复计分。,保护因素必须明确限制过用、补足缺位、恢复顺序、打开反馈、落实改变或完成修复回流；不能只凭五行相生补写现实效果。,近位提高进入亲密关系核心的概率；远位只作背景、阶段或条件性修正。,根气只修正该保护功能是否容易重复调用，不等于现实中已经形成稳定保护。,旺弱只修正调用强度与承载；强不自动有效，弱也不自动无效。,喜忌只修正摩擦、平衡与承载，不可直接翻译为好坏、成熟度或解决方案。,原十神功能有效；真合化成立时按化神功能替换，合化争议时停止定性。,近位提高直接相关性；远位仅保留背景、阶段或低置信修正。,92,现实启动+12,buffer_activation,只有当有效制化在事件中真正改变风险链时，才能升级为现实保护。,如果你在关键时刻确实用出这项方法，并让后续处理发生变化，它才算真正启动。,不得仅凭本规则断定问题已经解决、关系必然稳定、用户一定成熟、某十神天然是“药”、喜用神自动等于解决办法，或淡化暴力、强迫与现实伤害；现实行为、反例、安全事实和专业支持优先。,中高,待验证,,provisional=true；保护因素的现实有效性必须由可观察行为、反馈和持续结果验证。,0.8
M4-BUFFER-025,BF01 有效制化｜稳定有效证据,L1 BF01—BF08保护因素,BUFFER-保护因素,通用,效果验证,BF01 有效制化,判断保护是否跨情境稳定，而非单次高光。,在至少两个相似或不同情境中有效，且包含反例审查与接收方反馈。,只在一次低代价情境有效，或高压下完全失效。,由共享基础引擎提供；仅修正保护功能的承载、持续调用和压力状态下的稳定性，不直接等同成熟度、道德或现实行为。,由M1／M2接口提供；夫妻星、心动原型和关系门槛只说明关系议题，不单独证明保护因素已经被调用或有效。,由M3-BASE及M4各模块提供；日支、日柱近位可提高与亲密关系核心的相关性，但同一source_id不得重复计分。,保护因素必须明确限制过用、补足缺位、恢复顺序、打开反馈、落实改变或完成修复回流；不能只凭五行相生补写现实效果。,近位提高进入亲密关系核心的概率；远位只作背景、阶段或条件性修正。,根气只修正该保护功能是否容易重复调用，不等于现实中已经形成稳定保护。,旺弱只修正调用强度与承载；强不自动有效，弱也不自动无效。,喜忌只修正摩擦、平衡与承载，不可直接翻译为好坏、成熟度或解决方案。,原十神功能有效；真合化成立时按化神功能替换，合化争议时停止定性。,近位提高直接相关性；远位仅保留背景、阶段或低置信修正。,94,稳定有效+16,buffer_level,有效制化需要重复有效、跨情境与反例检验，才能成为稳定保护。,若这项方法在不同情境里都能帮助你调整，并经得住反例，它的保护作用才更可信。,不得仅凭本规则断定问题已经解决、关系必然稳定、用户一定成熟、某十神天然是“药”、喜用神自动等于解决办法，或淡化暴力、强迫与现实伤害；现实行为、反例、安全事实和专业支持优先。,中高,待验证,,provisional=true；保护因素的现实有效性必须由可观察行为、反馈和持续结果验证。,0.8
M4-BUFFER-026,BF01 有效制化｜失效与伪保护,L1 BF01—BF08保护因素,BUFFER-保护因素,通用,降级,BF01 有效制化,识别名义保护、过度补偿或功能错配。,制化功能弱远、受损、只存在标签，或制约本身造成新的僵化与替代。,存在明确现实证据显示该功能真正改变了风险链。,由共享基础引擎提供；仅修正保护功能的承载、持续调用和压力状态下的稳定性，不直接等同成熟度、道德或现实行为。,由M1／M2接口提供；夫妻星、心动原型和关系门槛只说明关系议题，不单独证明保护因素已经被调用或有效。,由M3-BASE及M4各模块提供；日支、日柱近位可提高与亲密关系核心的相关性，但同一source_id不得重复计分。,保护因素必须明确限制过用、补足缺位、恢复顺序、打开反馈、落实改变或完成修复回流；不能只凭五行相生补写现实效果。,近位提高进入亲密关系核心的概率；远位只作背景、阶段或条件性修正。,根气只修正该保护功能是否容易重复调用，不等于现实中已经形成稳定保护。,旺弱只修正调用强度与承载；强不自动有效，弱也不自动无效。,喜忌只修正摩擦、平衡与承载，不可直接翻译为好坏、成熟度或解决方案。,原十神功能有效；真合化成立时按化神功能替换，合化争议时停止定性。,近位提高直接相关性；远位仅保留背景、阶段或低置信修正。,96,失效-12／降级,pseudo_buffer,当制化功能弱远、受损、只存在标签，或制约本身造成新的僵化与替代。时，有效制化只能降为潜在资源或伪保护候选。,若这项资源只停留在标签，或反而造成新的僵化，就不能把它当成有效保护。,不得仅凭本规则断定问题已经解决、关系必然稳定、用户一定成熟、某十神天然是“药”、喜用神自动等于解决办法，或淡化暴力、强迫与现实伤害；现实行为、反例、安全事实和专业支持优先。,中高,待验证,,provisional=true；保护因素的现实有效性必须由可观察行为、反馈和持续结果验证。,0.8
M4-BUFFER-027,BF01 有效制化｜用户输出,L1 BF01—BF08保护因素,BUFFER-保护因素,通用,语言,BF01 有效制化,生成中性、条件化的用户解释。,存在与主失衡功能不同来源、强度适配、能够进入同一关系任务的制约或转化功能。,制化功能弱远、受损、只存在标签，或制约本身造成新的僵化与替代。,由共享基础引擎提供；仅修正保护功能的承载、持续调用和压力状态下的稳定性，不直接等同成熟度、道德或现实行为。,由M1／M2接口提供；夫妻星、心动原型和关系门槛只说明关系议题，不单独证明保护因素已经被调用或有效。,由M3-BASE及M4各模块提供；日支、日柱近位可提高与亲密关系核心的相关性，但同一source_id不得重复计分。,保护因素必须明确限制过用、补足缺位、恢复顺序、打开反馈、落实改变或完成修复回流；不能只凭五行相生补写现实效果。,近位提高进入亲密关系核心的概率；远位只作背景、阶段或条件性修正。,根气只修正该保护功能是否容易重复调用，不等于现实中已经形成稳定保护。,旺弱只修正调用强度与承载；强不自动有效，弱也不自动无效。,喜忌只修正摩擦、平衡与承载，不可直接翻译为好坏、成熟度或解决方案。,原十神功能有效；真合化成立时按化神功能替换，合化争议时停止定性。,近位提高直接相关性；远位仅保留背景、阶段或低置信修正。,88,不加分；输出,report_text,有效制化不是消灭原功能，而是为其增加边界、反馈或转换，使它不再无限扩张。,当熟悉的处理方式启动过快时，另一项功能有机会把它拉回更可协商、可调整的范围。,不得仅凭本规则断定问题已经解决、关系必然稳定、用户一定成熟、某十神天然是“药”、喜用神自动等于解决办法，或淡化暴力、强迫与现实伤害；现实行为、反例、安全事实和专业支持优先。,中高,待验证,,provisional=true；保护因素的现实有效性必须由可观察行为、反馈和持续结果验证。,0.8
M4-BUFFER-028,BF01 有效制化｜使用边界,L1 BF01—BF08保护因素,BUFFER-保护因素,通用,边界,BF01 有效制化,限制发布强度。,完成同源去重、现实反例和安全门控。,把该因素写成绝对化解、关系必稳或道德优点。,由共享基础引擎提供；仅修正保护功能的承载、持续调用和压力状态下的稳定性，不直接等同成熟度、道德或现实行为。,由M1／M2接口提供；夫妻星、心动原型和关系门槛只说明关系议题，不单独证明保护因素已经被调用或有效。,由M3-BASE及M4各模块提供；日支、日柱近位可提高与亲密关系核心的相关性，但同一source_id不得重复计分。,保护因素必须明确限制过用、补足缺位、恢复顺序、打开反馈、落实改变或完成修复回流；不能只凭五行相生补写现实效果。,近位提高进入亲密关系核心的概率；远位只作背景、阶段或条件性修正。,根气只修正该保护功能是否容易重复调用，不等于现实中已经形成稳定保护。,旺弱只修正调用强度与承载；强不自动有效，弱也不自动无效。,喜忌只修正摩擦、平衡与承载，不可直接翻译为好坏、成熟度或解决方案。,原十神功能有效；真合化成立时按化神功能替换，合化争议时停止定性。,近位提高直接相关性；远位仅保留背景、阶段或低置信修正。,99,边界／封顶,boundary_note,有效制化是针对具体链条的功能，不是万能药。,这项资源能减弱特定盲点，但不代表所有关系问题都会自动消失。,不得仅凭本规则断定问题已经解决、关系必然稳定、用户一定成熟、某十神天然是“药”、喜用神自动等于解决办法，或淡化暴力、强迫与现实伤害；现实行为、反例、安全事实和专业支持优先。,高,待验证,,provisional=true；保护因素的现实有效性必须由可观察行为、反馈和持续结果验证。,0.8
M4-BUFFER-029,BF02 跨系统通关｜因素定义,L1 BF01—BF08保护因素,BUFFER-保护因素,通用,定义,BF02 跨系统通关,建立该保护因素的功能边界。,起点、桥梁和目标功能均有效，桥梁具有独立来源，并能解释现实中的转换顺序。,只见五行相生或中间十神，却缺少目标功能、现实行为或路径证据。,由共享基础引擎提供；仅修正保护功能的承载、持续调用和压力状态下的稳定性，不直接等同成熟度、道德或现实行为。,由M1／M2接口提供；夫妻星、心动原型和关系门槛只说明关系议题，不单独证明保护因素已经被调用或有效。,由M3-BASE及M4各模块提供；日支、日柱近位可提高与亲密关系核心的相关性，但同一source_id不得重复计分。,保护因素必须明确限制过用、补足缺位、恢复顺序、打开反馈、落实改变或完成修复回流；不能只凭五行相生补写现实效果。,近位提高进入亲密关系核心的概率；远位只作背景、阶段或条件性修正。,根气只修正该保护功能是否容易重复调用，不等于现实中已经形成稳定保护。,旺弱只修正调用强度与承载；强不自动有效，弱也不自动无效。,喜忌只修正摩擦、平衡与承载，不可直接翻译为好坏、成熟度或解决方案。,原十神功能有效；真合化成立时按化神功能替换，合化争议时停止定性。,近位提高直接相关性；远位仅保留背景、阶段或低置信修正。,95,基础候选+0,buffer_factor,通关的价值在于把已经完成的第一步转成下一项必要任务，而不是增加更多同类反应。,你并非缺少第一步，关键是能否借助中间功能，把理解转成边界、表达转成落实或责任转成安全。,不得仅凭本规则断定问题已经解决、关系必然稳定、用户一定成熟、某十神天然是“药”、喜用神自动等于解决办法，或淡化暴力、强迫与现实伤害；现实行为、反例、安全事实和专业支持优先。,高,待验证,,provisional=true；保护因素的现实有效性必须由可观察行为、反馈和持续结果验证。,0.8
M4-BUFFER-030,BF02 跨系统通关｜主要靶点,L1 BF01—BF08保护因素,BUFFER-保护因素,通用,路由,BF02 跨系统通关,将保护因素路由到具体失衡任务，而不是泛化成万能优点。,已经存在与修复功能转换受阻、顺序错位与单通道替代相关的K机制、触发、循环或修复卡点。,没有明确风险靶点，或靶点由同一事实重复生成。,由共享基础引擎提供；仅修正保护功能的承载、持续调用和压力状态下的稳定性，不直接等同成熟度、道德或现实行为。,由M1／M2接口提供；夫妻星、心动原型和关系门槛只说明关系议题，不单独证明保护因素已经被调用或有效。,由M3-BASE及M4各模块提供；日支、日柱近位可提高与亲密关系核心的相关性，但同一source_id不得重复计分。,保护因素必须明确限制过用、补足缺位、恢复顺序、打开反馈、落实改变或完成修复回流；不能只凭五行相生补写现实效果。,近位提高进入亲密关系核心的概率；远位只作背景、阶段或条件性修正。,根气只修正该保护功能是否容易重复调用，不等于现实中已经形成稳定保护。,旺弱只修正调用强度与承载；强不自动有效，弱也不自动无效。,喜忌只修正摩擦、平衡与承载，不可直接翻译为好坏、成熟度或解决方案。,原十神功能有效；真合化成立时按化神功能替换，合化争议时停止定性。,近位提高直接相关性；远位仅保留背景、阶段或低置信修正。,93,匹配靶点+6,buffer_target,跨系统通关主要处理：修复功能转换受阻、顺序错位与单通道替代。,这项资源最有价值的地方，是在修复功能转换受阻、顺序错位与单通道替代时提供具体调节。,不得仅凭本规则断定问题已经解决、关系必然稳定、用户一定成熟、某十神天然是“药”、喜用神自动等于解决办法，或淡化暴力、强迫与现实伤害；现实行为、反例、安全事实和专业支持优先。,高,待验证,,provisional=true；保护因素的现实有效性必须由可观察行为、反馈和持续结果验证。,0.8
M4-BUFFER-031,BF02 跨系统通关｜结构成立条件,L1 BF01—BF08保护因素,BUFFER-保护因素,通用,结构证据,BF02 跨系统通关,判断命理结构是否具备独立、可调用的保护功能。,起点、桥梁和目标功能均有效，桥梁具有独立来源，并能解释现实中的转换顺序。,只见五行相生或中间十神，却缺少目标功能、现实行为或路径证据。,由共享基础引擎提供；仅修正保护功能的承载、持续调用和压力状态下的稳定性，不直接等同成熟度、道德或现实行为。,由M1／M2接口提供；夫妻星、心动原型和关系门槛只说明关系议题，不单独证明保护因素已经被调用或有效。,由M3-BASE及M4各模块提供；日支、日柱近位可提高与亲密关系核心的相关性，但同一source_id不得重复计分。,保护因素必须明确限制过用、补足缺位、恢复顺序、打开反馈、落实改变或完成修复回流；不能只凭五行相生补写现实效果。,近位提高进入亲密关系核心的概率；远位只作背景、阶段或条件性修正。,根气只修正该保护功能是否容易重复调用，不等于现实中已经形成稳定保护。,旺弱只修正调用强度与承载；强不自动有效，弱也不自动无效。,喜忌只修正摩擦、平衡与承载，不可直接翻译为好坏、成熟度或解决方案。,原十神功能有效；真合化成立时按化神功能替换，合化争议时停止定性。,近位提高直接相关性；远位仅保留背景、阶段或低置信修正。,90,独立结构+8,buffer_evidence,结构层面需满足：起点、桥梁和目标功能均有效，桥梁具有独立来源，并能解释现实中的转换顺序。,从结构上看，你具备这类调节资源，但是否稳定发挥仍需现实验证。,不得仅凭本规则断定问题已经解决、关系必然稳定、用户一定成熟、某十神天然是“药”、喜用神自动等于解决办法，或淡化暴力、强迫与现实伤害；现实行为、反例、安全事实和专业支持优先。,中高,待验证,,provisional=true；保护因素的现实有效性必须由可观察行为、反馈和持续结果验证。,0.8
M4-BUFFER-032,BF02 跨系统通关｜现实启动证据,L1 BF01—BF08保护因素,BUFFER-保护因素,通用,现实证据,BF02 跨系统通关,把潜在资源升级为现实已启动资源。,至少有一个具体事件显示该功能被调用，并改变了处理顺序、反馈、边界或后续行动。,只有知识、自述、标签或一次无后续结果的动作。,由共享基础引擎提供；仅修正保护功能的承载、持续调用和压力状态下的稳定性，不直接等同成熟度、道德或现实行为。,由M1／M2接口提供；夫妻星、心动原型和关系门槛只说明关系议题，不单独证明保护因素已经被调用或有效。,由M3-BASE及M4各模块提供；日支、日柱近位可提高与亲密关系核心的相关性，但同一source_id不得重复计分。,保护因素必须明确限制过用、补足缺位、恢复顺序、打开反馈、落实改变或完成修复回流；不能只凭五行相生补写现实效果。,近位提高进入亲密关系核心的概率；远位只作背景、阶段或条件性修正。,根气只修正该保护功能是否容易重复调用，不等于现实中已经形成稳定保护。,旺弱只修正调用强度与承载；强不自动有效，弱也不自动无效。,喜忌只修正摩擦、平衡与承载，不可直接翻译为好坏、成熟度或解决方案。,原十神功能有效；真合化成立时按化神功能替换，合化争议时停止定性。,近位提高直接相关性；远位仅保留背景、阶段或低置信修正。,92,现实启动+12,buffer_activation,只有当跨系统通关在事件中真正改变风险链时，才能升级为现实保护。,如果你在关键时刻确实用出这项方法，并让后续处理发生变化，它才算真正启动。,不得仅凭本规则断定问题已经解决、关系必然稳定、用户一定成熟、某十神天然是“药”、喜用神自动等于解决办法，或淡化暴力、强迫与现实伤害；现实行为、反例、安全事实和专业支持优先。,中高,待验证,,provisional=true；保护因素的现实有效性必须由可观察行为、反馈和持续结果验证。,0.8
M4-BUFFER-033,BF02 跨系统通关｜稳定有效证据,L1 BF01—BF08保护因素,BUFFER-保护因素,通用,效果验证,BF02 跨系统通关,判断保护是否跨情境稳定，而非单次高光。,在至少两个相似或不同情境中有效，且包含反例审查与接收方反馈。,只在一次低代价情境有效，或高压下完全失效。,由共享基础引擎提供；仅修正保护功能的承载、持续调用和压力状态下的稳定性，不直接等同成熟度、道德或现实行为。,由M1／M2接口提供；夫妻星、心动原型和关系门槛只说明关系议题，不单独证明保护因素已经被调用或有效。,由M3-BASE及M4各模块提供；日支、日柱近位可提高与亲密关系核心的相关性，但同一source_id不得重复计分。,保护因素必须明确限制过用、补足缺位、恢复顺序、打开反馈、落实改变或完成修复回流；不能只凭五行相生补写现实效果。,近位提高进入亲密关系核心的概率；远位只作背景、阶段或条件性修正。,根气只修正该保护功能是否容易重复调用，不等于现实中已经形成稳定保护。,旺弱只修正调用强度与承载；强不自动有效，弱也不自动无效。,喜忌只修正摩擦、平衡与承载，不可直接翻译为好坏、成熟度或解决方案。,原十神功能有效；真合化成立时按化神功能替换，合化争议时停止定性。,近位提高直接相关性；远位仅保留背景、阶段或低置信修正。,94,稳定有效+16,buffer_level,跨系统通关需要重复有效、跨情境与反例检验，才能成为稳定保护。,若这项方法在不同情境里都能帮助你调整，并经得住反例，它的保护作用才更可信。,不得仅凭本规则断定问题已经解决、关系必然稳定、用户一定成熟、某十神天然是“药”、喜用神自动等于解决办法，或淡化暴力、强迫与现实伤害；现实行为、反例、安全事实和专业支持优先。,中高,待验证,,provisional=true；保护因素的现实有效性必须由可观察行为、反馈和持续结果验证。,0.8
M4-BUFFER-034,BF02 跨系统通关｜失效与伪保护,L1 BF01—BF08保护因素,BUFFER-保护因素,通用,降级,BF02 跨系统通关,识别名义保护、过度补偿或功能错配。,只见五行相生或中间十神，却缺少目标功能、现实行为或路径证据。,存在明确现实证据显示该功能真正改变了风险链。,由共享基础引擎提供；仅修正保护功能的承载、持续调用和压力状态下的稳定性，不直接等同成熟度、道德或现实行为。,由M1／M2接口提供；夫妻星、心动原型和关系门槛只说明关系议题，不单独证明保护因素已经被调用或有效。,由M3-BASE及M4各模块提供；日支、日柱近位可提高与亲密关系核心的相关性，但同一source_id不得重复计分。,保护因素必须明确限制过用、补足缺位、恢复顺序、打开反馈、落实改变或完成修复回流；不能只凭五行相生补写现实效果。,近位提高进入亲密关系核心的概率；远位只作背景、阶段或条件性修正。,根气只修正该保护功能是否容易重复调用，不等于现实中已经形成稳定保护。,旺弱只修正调用强度与承载；强不自动有效，弱也不自动无效。,喜忌只修正摩擦、平衡与承载，不可直接翻译为好坏、成熟度或解决方案。,原十神功能有效；真合化成立时按化神功能替换，合化争议时停止定性。,近位提高直接相关性；远位仅保留背景、阶段或低置信修正。,96,失效-12／降级,pseudo_buffer,当只见五行相生或中间十神，却缺少目标功能、现实行为或路径证据。时，跨系统通关只能降为潜在资源或伪保护候选。,若这项资源只停留在标签，或反而造成新的僵化，就不能把它当成有效保护。,不得仅凭本规则断定问题已经解决、关系必然稳定、用户一定成熟、某十神天然是“药”、喜用神自动等于解决办法，或淡化暴力、强迫与现实伤害；现实行为、反例、安全事实和专业支持优先。,中高,待验证,,provisional=true；保护因素的现实有效性必须由可观察行为、反馈和持续结果验证。,0.8
M4-BUFFER-035,BF02 跨系统通关｜用户输出,L1 BF01—BF08保护因素,BUFFER-保护因素,通用,语言,BF02 跨系统通关,生成中性、条件化的用户解释。,起点、桥梁和目标功能均有效，桥梁具有独立来源，并能解释现实中的转换顺序。,只见五行相生或中间十神，却缺少目标功能、现实行为或路径证据。,由共享基础引擎提供；仅修正保护功能的承载、持续调用和压力状态下的稳定性，不直接等同成熟度、道德或现实行为。,由M1／M2接口提供；夫妻星、心动原型和关系门槛只说明关系议题，不单独证明保护因素已经被调用或有效。,由M3-BASE及M4各模块提供；日支、日柱近位可提高与亲密关系核心的相关性，但同一source_id不得重复计分。,保护因素必须明确限制过用、补足缺位、恢复顺序、打开反馈、落实改变或完成修复回流；不能只凭五行相生补写现实效果。,近位提高进入亲密关系核心的概率；远位只作背景、阶段或条件性修正。,根气只修正该保护功能是否容易重复调用，不等于现实中已经形成稳定保护。,旺弱只修正调用强度与承载；强不自动有效，弱也不自动无效。,喜忌只修正摩擦、平衡与承载，不可直接翻译为好坏、成熟度或解决方案。,原十神功能有效；真合化成立时按化神功能替换，合化争议时停止定性。,近位提高直接相关性；远位仅保留背景、阶段或低置信修正。,88,不加分；输出,report_text,通关的价值在于把已经完成的第一步转成下一项必要任务，而不是增加更多同类反应。,你并非缺少第一步，关键是能否借助中间功能，把理解转成边界、表达转成落实或责任转成安全。,不得仅凭本规则断定问题已经解决、关系必然稳定、用户一定成熟、某十神天然是“药”、喜用神自动等于解决办法，或淡化暴力、强迫与现实伤害；现实行为、反例、安全事实和专业支持优先。,中高,待验证,,provisional=true；保护因素的现实有效性必须由可观察行为、反馈和持续结果验证。,0.8
M4-BUFFER-036,BF02 跨系统通关｜使用边界,L1 BF01—BF08保护因素,BUFFER-保护因素,通用,边界,BF02 跨系统通关,限制发布强度。,完成同源去重、现实反例和安全门控。,把该因素写成绝对化解、关系必稳或道德优点。,由共享基础引擎提供；仅修正保护功能的承载、持续调用和压力状态下的稳定性，不直接等同成熟度、道德或现实行为。,由M1／M2接口提供；夫妻星、心动原型和关系门槛只说明关系议题，不单独证明保护因素已经被调用或有效。,由M3-BASE及M4各模块提供；日支、日柱近位可提高与亲密关系核心的相关性，但同一source_id不得重复计分。,保护因素必须明确限制过用、补足缺位、恢复顺序、打开反馈、落实改变或完成修复回流；不能只凭五行相生补写现实效果。,近位提高进入亲密关系核心的概率；远位只作背景、阶段或条件性修正。,根气只修正该保护功能是否容易重复调用，不等于现实中已经形成稳定保护。,旺弱只修正调用强度与承载；强不自动有效，弱也不自动无效。,喜忌只修正摩擦、平衡与承载，不可直接翻译为好坏、成熟度或解决方案。,原十神功能有效；真合化成立时按化神功能替换，合化争议时停止定性。,近位提高直接相关性；远位仅保留背景、阶段或低置信修正。,99,边界／封顶,boundary_note,跨系统通关是针对具体链条的功能，不是万能药。,这项资源能减弱特定盲点，但不代表所有关系问题都会自动消失。,不得仅凭本规则断定问题已经解决、关系必然稳定、用户一定成熟、某十神天然是“药”、喜用神自动等于解决办法，或淡化暴力、强迫与现实伤害；现实行为、反例、安全事实和专业支持优先。,高,待验证,,provisional=true；保护因素的现实有效性必须由可观察行为、反馈和持续结果验证。,0.8
M4-BUFFER-037,BF03 独立边界支持｜因素定义,L1 BF01—BF08保护因素,BUFFER-保护因素,通用,定义,BF03 独立边界支持,建立该保护因素的功能边界。,比劫、食伤或规则功能能够清楚表达选择权、参与权、停止线和重新协商条件。,边界只有口头标签、没有执行，或边界被用于惩罚、隔离与完全拒绝反馈。,由共享基础引擎提供；仅修正保护功能的承载、持续调用和压力状态下的稳定性，不直接等同成熟度、道德或现实行为。,由M1／M2接口提供；夫妻星、心动原型和关系门槛只说明关系议题，不单独证明保护因素已经被调用或有效。,由M3-BASE及M4各模块提供；日支、日柱近位可提高与亲密关系核心的相关性，但同一source_id不得重复计分。,保护因素必须明确限制过用、补足缺位、恢复顺序、打开反馈、落实改变或完成修复回流；不能只凭五行相生补写现实效果。,近位提高进入亲密关系核心的概率；远位只作背景、阶段或条件性修正。,根气只修正该保护功能是否容易重复调用，不等于现实中已经形成稳定保护。,旺弱只修正调用强度与承载；强不自动有效，弱也不自动无效。,喜忌只修正摩擦、平衡与承载，不可直接翻译为好坏、成熟度或解决方案。,原十神功能有效；真合化成立时按化神功能替换，合化争议时停止定性。,近位提高直接相关性；远位仅保留背景、阶段或低置信修正。,95,基础候选+0,buffer_factor,边界保护不是把双方分开，而是确保靠近、投入、规则和行动不越过个人选择与共同决定。,当关系推进、投入或照顾增加时，清楚的参与权和停止线能帮助你保留选择，而不是被节奏带着走。,不得仅凭本规则断定问题已经解决、关系必然稳定、用户一定成熟、某十神天然是“药”、喜用神自动等于解决办法，或淡化暴力、强迫与现实伤害；现实行为、反例、安全事实和专业支持优先。,高,待验证,,provisional=true；保护因素的现实有效性必须由可观察行为、反馈和持续结果验证。,0.8
M4-BUFFER-038,BF03 独立边界支持｜主要靶点,L1 BF01—BF08保护因素,BUFFER-保护因素,通用,路由,BF03 独立边界支持,将保护因素路由到具体失衡任务，而不是泛化成万能优点。,已经存在与限制越权、机械对等、亲密撤回、规则反弹与单方承担相关的K机制、触发、循环或修复卡点。,没有明确风险靶点，或靶点由同一事实重复生成。,由共享基础引擎提供；仅修正保护功能的承载、持续调用和压力状态下的稳定性，不直接等同成熟度、道德或现实行为。,由M1／M2接口提供；夫妻星、心动原型和关系门槛只说明关系议题，不单独证明保护因素已经被调用或有效。,由M3-BASE及M4各模块提供；日支、日柱近位可提高与亲密关系核心的相关性，但同一source_id不得重复计分。,保护因素必须明确限制过用、补足缺位、恢复顺序、打开反馈、落实改变或完成修复回流；不能只凭五行相生补写现实效果。,近位提高进入亲密关系核心的概率；远位只作背景、阶段或条件性修正。,根气只修正该保护功能是否容易重复调用，不等于现实中已经形成稳定保护。,旺弱只修正调用强度与承载；强不自动有效，弱也不自动无效。,喜忌只修正摩擦、平衡与承载，不可直接翻译为好坏、成熟度或解决方案。,原十神功能有效；真合化成立时按化神功能替换，合化争议时停止定性。,近位提高直接相关性；远位仅保留背景、阶段或低置信修正。,93,匹配靶点+6,buffer_target,独立边界支持主要处理：限制越权、机械对等、亲密撤回、规则反弹与单方承担。,这项资源最有价值的地方，是在限制越权、机械对等、亲密撤回、规则反弹与单方承担时提供具体调节。,不得仅凭本规则断定问题已经解决、关系必然稳定、用户一定成熟、某十神天然是“药”、喜用神自动等于解决办法，或淡化暴力、强迫与现实伤害；现实行为、反例、安全事实和专业支持优先。,高,待验证,,provisional=true；保护因素的现实有效性必须由可观察行为、反馈和持续结果验证。,0.8
M4-BUFFER-039,BF03 独立边界支持｜结构成立条件,L1 BF01—BF08保护因素,BUFFER-保护因素,通用,结构证据,BF03 独立边界支持,判断命理结构是否具备独立、可调用的保护功能。,比劫、食伤或规则功能能够清楚表达选择权、参与权、停止线和重新协商条件。,边界只有口头标签、没有执行，或边界被用于惩罚、隔离与完全拒绝反馈。,由共享基础引擎提供；仅修正保护功能的承载、持续调用和压力状态下的稳定性，不直接等同成熟度、道德或现实行为。,由M1／M2接口提供；夫妻星、心动原型和关系门槛只说明关系议题，不单独证明保护因素已经被调用或有效。,由M3-BASE及M4各模块提供；日支、日柱近位可提高与亲密关系核心的相关性，但同一source_id不得重复计分。,保护因素必须明确限制过用、补足缺位、恢复顺序、打开反馈、落实改变或完成修复回流；不能只凭五行相生补写现实效果。,近位提高进入亲密关系核心的概率；远位只作背景、阶段或条件性修正。,根气只修正该保护功能是否容易重复调用，不等于现实中已经形成稳定保护。,旺弱只修正调用强度与承载；强不自动有效，弱也不自动无效。,喜忌只修正摩擦、平衡与承载，不可直接翻译为好坏、成熟度或解决方案。,原十神功能有效；真合化成立时按化神功能替换，合化争议时停止定性。,近位提高直接相关性；远位仅保留背景、阶段或低置信修正。,90,独立结构+8,buffer_evidence,结构层面需满足：比劫、食伤或规则功能能够清楚表达选择权、参与权、停止线和重新协商条件。,从结构上看，你具备这类调节资源，但是否稳定发挥仍需现实验证。,不得仅凭本规则断定问题已经解决、关系必然稳定、用户一定成熟、某十神天然是“药”、喜用神自动等于解决办法，或淡化暴力、强迫与现实伤害；现实行为、反例、安全事实和专业支持优先。,中高,待验证,,provisional=true；保护因素的现实有效性必须由可观察行为、反馈和持续结果验证。,0.8
M4-BUFFER-040,BF03 独立边界支持｜现实启动证据,L1 BF01—BF08保护因素,BUFFER-保护因素,通用,现实证据,BF03 独立边界支持,把潜在资源升级为现实已启动资源。,至少有一个具体事件显示该功能被调用，并改变了处理顺序、反馈、边界或后续行动。,只有知识、自述、标签或一次无后续结果的动作。,由共享基础引擎提供；仅修正保护功能的承载、持续调用和压力状态下的稳定性，不直接等同成熟度、道德或现实行为。,由M1／M2接口提供；夫妻星、心动原型和关系门槛只说明关系议题，不单独证明保护因素已经被调用或有效。,由M3-BASE及M4各模块提供；日支、日柱近位可提高与亲密关系核心的相关性，但同一source_id不得重复计分。,保护因素必须明确限制过用、补足缺位、恢复顺序、打开反馈、落实改变或完成修复回流；不能只凭五行相生补写现实效果。,近位提高进入亲密关系核心的概率；远位只作背景、阶段或条件性修正。,根气只修正该保护功能是否容易重复调用，不等于现实中已经形成稳定保护。,旺弱只修正调用强度与承载；强不自动有效，弱也不自动无效。,喜忌只修正摩擦、平衡与承载，不可直接翻译为好坏、成熟度或解决方案。,原十神功能有效；真合化成立时按化神功能替换，合化争议时停止定性。,近位提高直接相关性；远位仅保留背景、阶段或低置信修正。,92,现实启动+12,buffer_activation,只有当独立边界支持在事件中真正改变风险链时，才能升级为现实保护。,如果你在关键时刻确实用出这项方法，并让后续处理发生变化，它才算真正启动。,不得仅凭本规则断定问题已经解决、关系必然稳定、用户一定成熟、某十神天然是“药”、喜用神自动等于解决办法，或淡化暴力、强迫与现实伤害；现实行为、反例、安全事实和专业支持优先。,中高,待验证,,provisional=true；保护因素的现实有效性必须由可观察行为、反馈和持续结果验证。,0.8
M4-BUFFER-041,BF03 独立边界支持｜稳定有效证据,L1 BF01—BF08保护因素,BUFFER-保护因素,通用,效果验证,BF03 独立边界支持,判断保护是否跨情境稳定，而非单次高光。,在至少两个相似或不同情境中有效，且包含反例审查与接收方反馈。,只在一次低代价情境有效，或高压下完全失效。,由共享基础引擎提供；仅修正保护功能的承载、持续调用和压力状态下的稳定性，不直接等同成熟度、道德或现实行为。,由M1／M2接口提供；夫妻星、心动原型和关系门槛只说明关系议题，不单独证明保护因素已经被调用或有效。,由M3-BASE及M4各模块提供；日支、日柱近位可提高与亲密关系核心的相关性，但同一source_id不得重复计分。,保护因素必须明确限制过用、补足缺位、恢复顺序、打开反馈、落实改变或完成修复回流；不能只凭五行相生补写现实效果。,近位提高进入亲密关系核心的概率；远位只作背景、阶段或条件性修正。,根气只修正该保护功能是否容易重复调用，不等于现实中已经形成稳定保护。,旺弱只修正调用强度与承载；强不自动有效，弱也不自动无效。,喜忌只修正摩擦、平衡与承载，不可直接翻译为好坏、成熟度或解决方案。,原十神功能有效；真合化成立时按化神功能替换，合化争议时停止定性。,近位提高直接相关性；远位仅保留背景、阶段或低置信修正。,94,稳定有效+16,buffer_level,独立边界支持需要重复有效、跨情境与反例检验，才能成为稳定保护。,若这项方法在不同情境里都能帮助你调整，并经得住反例，它的保护作用才更可信。,不得仅凭本规则断定问题已经解决、关系必然稳定、用户一定成熟、某十神天然是“药”、喜用神自动等于解决办法，或淡化暴力、强迫与现实伤害；现实行为、反例、安全事实和专业支持优先。,中高,待验证,,provisional=true；保护因素的现实有效性必须由可观察行为、反馈和持续结果验证。,0.8
M4-BUFFER-042,BF03 独立边界支持｜失效与伪保护,L1 BF01—BF08保护因素,BUFFER-保护因素,通用,降级,BF03 独立边界支持,识别名义保护、过度补偿或功能错配。,边界只有口头标签、没有执行，或边界被用于惩罚、隔离与完全拒绝反馈。,存在明确现实证据显示该功能真正改变了风险链。,由共享基础引擎提供；仅修正保护功能的承载、持续调用和压力状态下的稳定性，不直接等同成熟度、道德或现实行为。,由M1／M2接口提供；夫妻星、心动原型和关系门槛只说明关系议题，不单独证明保护因素已经被调用或有效。,由M3-BASE及M4各模块提供；日支、日柱近位可提高与亲密关系核心的相关性，但同一source_id不得重复计分。,保护因素必须明确限制过用、补足缺位、恢复顺序、打开反馈、落实改变或完成修复回流；不能只凭五行相生补写现实效果。,近位提高进入亲密关系核心的概率；远位只作背景、阶段或条件性修正。,根气只修正该保护功能是否容易重复调用，不等于现实中已经形成稳定保护。,旺弱只修正调用强度与承载；强不自动有效，弱也不自动无效。,喜忌只修正摩擦、平衡与承载，不可直接翻译为好坏、成熟度或解决方案。,原十神功能有效；真合化成立时按化神功能替换，合化争议时停止定性。,近位提高直接相关性；远位仅保留背景、阶段或低置信修正。,96,失效-12／降级,pseudo_buffer,当边界只有口头标签、没有执行，或边界被用于惩罚、隔离与完全拒绝反馈。时，独立边界支持只能降为潜在资源或伪保护候选。,若这项资源只停留在标签，或反而造成新的僵化，就不能把它当成有效保护。,不得仅凭本规则断定问题已经解决、关系必然稳定、用户一定成熟、某十神天然是“药”、喜用神自动等于解决办法，或淡化暴力、强迫与现实伤害；现实行为、反例、安全事实和专业支持优先。,中高,待验证,,provisional=true；保护因素的现实有效性必须由可观察行为、反馈和持续结果验证。,0.8
M4-BUFFER-043,BF03 独立边界支持｜用户输出,L1 BF01—BF08保护因素,BUFFER-保护因素,通用,语言,BF03 独立边界支持,生成中性、条件化的用户解释。,比劫、食伤或规则功能能够清楚表达选择权、参与权、停止线和重新协商条件。,边界只有口头标签、没有执行，或边界被用于惩罚、隔离与完全拒绝反馈。,由共享基础引擎提供；仅修正保护功能的承载、持续调用和压力状态下的稳定性，不直接等同成熟度、道德或现实行为。,由M1／M2接口提供；夫妻星、心动原型和关系门槛只说明关系议题，不单独证明保护因素已经被调用或有效。,由M3-BASE及M4各模块提供；日支、日柱近位可提高与亲密关系核心的相关性，但同一source_id不得重复计分。,保护因素必须明确限制过用、补足缺位、恢复顺序、打开反馈、落实改变或完成修复回流；不能只凭五行相生补写现实效果。,近位提高进入亲密关系核心的概率；远位只作背景、阶段或条件性修正。,根气只修正该保护功能是否容易重复调用，不等于现实中已经形成稳定保护。,旺弱只修正调用强度与承载；强不自动有效，弱也不自动无效。,喜忌只修正摩擦、平衡与承载，不可直接翻译为好坏、成熟度或解决方案。,原十神功能有效；真合化成立时按化神功能替换，合化争议时停止定性。,近位提高直接相关性；远位仅保留背景、阶段或低置信修正。,88,不加分；输出,report_text,边界保护不是把双方分开，而是确保靠近、投入、规则和行动不越过个人选择与共同决定。,当关系推进、投入或照顾增加时，清楚的参与权和停止线能帮助你保留选择，而不是被节奏带着走。,不得仅凭本规则断定问题已经解决、关系必然稳定、用户一定成熟、某十神天然是“药”、喜用神自动等于解决办法，或淡化暴力、强迫与现实伤害；现实行为、反例、安全事实和专业支持优先。,中高,待验证,,provisional=true；保护因素的现实有效性必须由可观察行为、反馈和持续结果验证。,0.8
M4-BUFFER-044,BF03 独立边界支持｜使用边界,L1 BF01—BF08保护因素,BUFFER-保护因素,通用,边界,BF03 独立边界支持,限制发布强度。,完成同源去重、现实反例和安全门控。,把该因素写成绝对化解、关系必稳或道德优点。,由共享基础引擎提供；仅修正保护功能的承载、持续调用和压力状态下的稳定性，不直接等同成熟度、道德或现实行为。,由M1／M2接口提供；夫妻星、心动原型和关系门槛只说明关系议题，不单独证明保护因素已经被调用或有效。,由M3-BASE及M4各模块提供；日支、日柱近位可提高与亲密关系核心的相关性，但同一source_id不得重复计分。,保护因素必须明确限制过用、补足缺位、恢复顺序、打开反馈、落实改变或完成修复回流；不能只凭五行相生补写现实效果。,近位提高进入亲密关系核心的概率；远位只作背景、阶段或条件性修正。,根气只修正该保护功能是否容易重复调用，不等于现实中已经形成稳定保护。,旺弱只修正调用强度与承载；强不自动有效，弱也不自动无效。,喜忌只修正摩擦、平衡与承载，不可直接翻译为好坏、成熟度或解决方案。,原十神功能有效；真合化成立时按化神功能替换，合化争议时停止定性。,近位提高直接相关性；远位仅保留背景、阶段或低置信修正。,99,边界／封顶,boundary_note,独立边界支持是针对具体链条的功能，不是万能药。,这项资源能减弱特定盲点，但不代表所有关系问题都会自动消失。,不得仅凭本规则断定问题已经解决、关系必然稳定、用户一定成熟、某十神天然是“药”、喜用神自动等于解决办法，或淡化暴力、强迫与现实伤害；现实行为、反例、安全事实和专业支持优先。,高,待验证,,provisional=true；保护因素的现实有效性必须由可观察行为、反馈和持续结果验证。,0.8
M4-BUFFER-045,BF04 倾听与内部复核｜因素定义,L1 BF01—BF08保护因素,BUFFER-保护因素,通用,定义,BF04 倾听与内部复核,建立该保护因素的功能边界。,能够暂停熟悉反应，获取对方实际影响、复述理解，并重新检查自己的判断。,“理解”只停留在自我推理，未接收对方反馈，或长期承接却没有边界与现实改变。,由共享基础引擎提供；仅修正保护功能的承载、持续调用和压力状态下的稳定性，不直接等同成熟度、道德或现实行为。,由M1／M2接口提供；夫妻星、心动原型和关系门槛只说明关系议题，不单独证明保护因素已经被调用或有效。,由M3-BASE及M4各模块提供；日支、日柱近位可提高与亲密关系核心的相关性，但同一source_id不得重复计分。,保护因素必须明确限制过用、补足缺位、恢复顺序、打开反馈、落实改变或完成修复回流；不能只凭五行相生补写现实效果。,近位提高进入亲密关系核心的概率；远位只作背景、阶段或条件性修正。,根气只修正该保护功能是否容易重复调用，不等于现实中已经形成稳定保护。,旺弱只修正调用强度与承载；强不自动有效，弱也不自动无效。,喜忌只修正摩擦、平衡与承载，不可直接翻译为好坏、成熟度或解决方案。,原十神功能有效；真合化成立时按化神功能替换，合化争议时停止定性。,近位提高直接相关性；远位仅保留背景、阶段或低置信修正。,95,基础候选+0,buffer_factor,倾听与复核为行动、解释和规则增加反馈环节，减少把自己的理解直接当成事实。,在继续解释、推进或定规则前，先确认对方实际接收到什么，会明显降低误判和反应加码。,不得仅凭本规则断定问题已经解决、关系必然稳定、用户一定成熟、某十神天然是“药”、喜用神自动等于解决办法，或淡化暴力、强迫与现实伤害；现实行为、反例、安全事实和专业支持优先。,高,待验证,,provisional=true；保护因素的现实有效性必须由可观察行为、反馈和持续结果验证。,0.8
M4-BUFFER-046,BF04 倾听与内部复核｜主要靶点,L1 BF01—BF08保护因素,BUFFER-保护因素,通用,路由,BF04 倾听与内部复核,将保护因素路由到具体失衡任务，而不是泛化成万能优点。,已经存在与限制解释升级、行动替代感受、误读反馈和承接不足相关的K机制、触发、循环或修复卡点。,没有明确风险靶点，或靶点由同一事实重复生成。,由共享基础引擎提供；仅修正保护功能的承载、持续调用和压力状态下的稳定性，不直接等同成熟度、道德或现实行为。,由M1／M2接口提供；夫妻星、心动原型和关系门槛只说明关系议题，不单独证明保护因素已经被调用或有效。,由M3-BASE及M4各模块提供；日支、日柱近位可提高与亲密关系核心的相关性，但同一source_id不得重复计分。,保护因素必须明确限制过用、补足缺位、恢复顺序、打开反馈、落实改变或完成修复回流；不能只凭五行相生补写现实效果。,近位提高进入亲密关系核心的概率；远位只作背景、阶段或条件性修正。,根气只修正该保护功能是否容易重复调用，不等于现实中已经形成稳定保护。,旺弱只修正调用强度与承载；强不自动有效，弱也不自动无效。,喜忌只修正摩擦、平衡与承载，不可直接翻译为好坏、成熟度或解决方案。,原十神功能有效；真合化成立时按化神功能替换，合化争议时停止定性。,近位提高直接相关性；远位仅保留背景、阶段或低置信修正。,93,匹配靶点+6,buffer_target,倾听与内部复核主要处理：限制解释升级、行动替代感受、误读反馈和承接不足。,这项资源最有价值的地方，是在限制解释升级、行动替代感受、误读反馈和承接不足时提供具体调节。,不得仅凭本规则断定问题已经解决、关系必然稳定、用户一定成熟、某十神天然是“药”、喜用神自动等于解决办法，或淡化暴力、强迫与现实伤害；现实行为、反例、安全事实和专业支持优先。,高,待验证,,provisional=true；保护因素的现实有效性必须由可观察行为、反馈和持续结果验证。,0.8
M4-BUFFER-047,BF04 倾听与内部复核｜结构成立条件,L1 BF01—BF08保护因素,BUFFER-保护因素,通用,结构证据,BF04 倾听与内部复核,判断命理结构是否具备独立、可调用的保护功能。,能够暂停熟悉反应，获取对方实际影响、复述理解，并重新检查自己的判断。,“理解”只停留在自我推理，未接收对方反馈，或长期承接却没有边界与现实改变。,由共享基础引擎提供；仅修正保护功能的承载、持续调用和压力状态下的稳定性，不直接等同成熟度、道德或现实行为。,由M1／M2接口提供；夫妻星、心动原型和关系门槛只说明关系议题，不单独证明保护因素已经被调用或有效。,由M3-BASE及M4各模块提供；日支、日柱近位可提高与亲密关系核心的相关性，但同一source_id不得重复计分。,保护因素必须明确限制过用、补足缺位、恢复顺序、打开反馈、落实改变或完成修复回流；不能只凭五行相生补写现实效果。,近位提高进入亲密关系核心的概率；远位只作背景、阶段或条件性修正。,根气只修正该保护功能是否容易重复调用，不等于现实中已经形成稳定保护。,旺弱只修正调用强度与承载；强不自动有效，弱也不自动无效。,喜忌只修正摩擦、平衡与承载，不可直接翻译为好坏、成熟度或解决方案。,原十神功能有效；真合化成立时按化神功能替换，合化争议时停止定性。,近位提高直接相关性；远位仅保留背景、阶段或低置信修正。,90,独立结构+8,buffer_evidence,结构层面需满足：能够暂停熟悉反应，获取对方实际影响、复述理解，并重新检查自己的判断。,从结构上看，你具备这类调节资源，但是否稳定发挥仍需现实验证。,不得仅凭本规则断定问题已经解决、关系必然稳定、用户一定成熟、某十神天然是“药”、喜用神自动等于解决办法，或淡化暴力、强迫与现实伤害；现实行为、反例、安全事实和专业支持优先。,中高,待验证,,provisional=true；保护因素的现实有效性必须由可观察行为、反馈和持续结果验证。,0.8
M4-BUFFER-048,BF04 倾听与内部复核｜现实启动证据,L1 BF01—BF08保护因素,BUFFER-保护因素,通用,现实证据,BF04 倾听与内部复核,把潜在资源升级为现实已启动资源。,至少有一个具体事件显示该功能被调用，并改变了处理顺序、反馈、边界或后续行动。,只有知识、自述、标签或一次无后续结果的动作。,由共享基础引擎提供；仅修正保护功能的承载、持续调用和压力状态下的稳定性，不直接等同成熟度、道德或现实行为。,由M1／M2接口提供；夫妻星、心动原型和关系门槛只说明关系议题，不单独证明保护因素已经被调用或有效。,由M3-BASE及M4各模块提供；日支、日柱近位可提高与亲密关系核心的相关性，但同一source_id不得重复计分。,保护因素必须明确限制过用、补足缺位、恢复顺序、打开反馈、落实改变或完成修复回流；不能只凭五行相生补写现实效果。,近位提高进入亲密关系核心的概率；远位只作背景、阶段或条件性修正。,根气只修正该保护功能是否容易重复调用，不等于现实中已经形成稳定保护。,旺弱只修正调用强度与承载；强不自动有效，弱也不自动无效。,喜忌只修正摩擦、平衡与承载，不可直接翻译为好坏、成熟度或解决方案。,原十神功能有效；真合化成立时按化神功能替换，合化争议时停止定性。,近位提高直接相关性；远位仅保留背景、阶段或低置信修正。,92,现实启动+12,buffer_activation,只有当倾听与内部复核在事件中真正改变风险链时，才能升级为现实保护。,如果你在关键时刻确实用出这项方法，并让后续处理发生变化，它才算真正启动。,不得仅凭本规则断定问题已经解决、关系必然稳定、用户一定成熟、某十神天然是“药”、喜用神自动等于解决办法，或淡化暴力、强迫与现实伤害；现实行为、反例、安全事实和专业支持优先。,中高,待验证,,provisional=true；保护因素的现实有效性必须由可观察行为、反馈和持续结果验证。,0.8
M4-BUFFER-049,BF04 倾听与内部复核｜稳定有效证据,L1 BF01—BF08保护因素,BUFFER-保护因素,通用,效果验证,BF04 倾听与内部复核,判断保护是否跨情境稳定，而非单次高光。,在至少两个相似或不同情境中有效，且包含反例审查与接收方反馈。,只在一次低代价情境有效，或高压下完全失效。,由共享基础引擎提供；仅修正保护功能的承载、持续调用和压力状态下的稳定性，不直接等同成熟度、道德或现实行为。,由M1／M2接口提供；夫妻星、心动原型和关系门槛只说明关系议题，不单独证明保护因素已经被调用或有效。,由M3-BASE及M4各模块提供；日支、日柱近位可提高与亲密关系核心的相关性，但同一source_id不得重复计分。,保护因素必须明确限制过用、补足缺位、恢复顺序、打开反馈、落实改变或完成修复回流；不能只凭五行相生补写现实效果。,近位提高进入亲密关系核心的概率；远位只作背景、阶段或条件性修正。,根气只修正该保护功能是否容易重复调用，不等于现实中已经形成稳定保护。,旺弱只修正调用强度与承载；强不自动有效，弱也不自动无效。,喜忌只修正摩擦、平衡与承载，不可直接翻译为好坏、成熟度或解决方案。,原十神功能有效；真合化成立时按化神功能替换，合化争议时停止定性。,近位提高直接相关性；远位仅保留背景、阶段或低置信修正。,94,稳定有效+16,buffer_level,倾听与内部复核需要重复有效、跨情境与反例检验，才能成为稳定保护。,若这项方法在不同情境里都能帮助你调整，并经得住反例，它的保护作用才更可信。,不得仅凭本规则断定问题已经解决、关系必然稳定、用户一定成熟、某十神天然是“药”、喜用神自动等于解决办法，或淡化暴力、强迫与现实伤害；现实行为、反例、安全事实和专业支持优先。,中高,待验证,,provisional=true；保护因素的现实有效性必须由可观察行为、反馈和持续结果验证。,0.8
M4-BUFFER-050,BF04 倾听与内部复核｜失效与伪保护,L1 BF01—BF08保护因素,BUFFER-保护因素,通用,降级,BF04 倾听与内部复核,识别名义保护、过度补偿或功能错配。,“理解”只停留在自我推理，未接收对方反馈，或长期承接却没有边界与现实改变。,存在明确现实证据显示该功能真正改变了风险链。,由共享基础引擎提供；仅修正保护功能的承载、持续调用和压力状态下的稳定性，不直接等同成熟度、道德或现实行为。,由M1／M2接口提供；夫妻星、心动原型和关系门槛只说明关系议题，不单独证明保护因素已经被调用或有效。,由M3-BASE及M4各模块提供；日支、日柱近位可提高与亲密关系核心的相关性，但同一source_id不得重复计分。,保护因素必须明确限制过用、补足缺位、恢复顺序、打开反馈、落实改变或完成修复回流；不能只凭五行相生补写现实效果。,近位提高进入亲密关系核心的概率；远位只作背景、阶段或条件性修正。,根气只修正该保护功能是否容易重复调用，不等于现实中已经形成稳定保护。,旺弱只修正调用强度与承载；强不自动有效，弱也不自动无效。,喜忌只修正摩擦、平衡与承载，不可直接翻译为好坏、成熟度或解决方案。,原十神功能有效；真合化成立时按化神功能替换，合化争议时停止定性。,近位提高直接相关性；远位仅保留背景、阶段或低置信修正。,96,失效-12／降级,pseudo_buffer,当“理解”只停留在自我推理，未接收对方反馈，或长期承接却没有边界与现实改变。时，倾听与内部复核只能降为潜在资源或伪保护候选。,若这项资源只停留在标签，或反而造成新的僵化，就不能把它当成有效保护。,不得仅凭本规则断定问题已经解决、关系必然稳定、用户一定成熟、某十神天然是“药”、喜用神自动等于解决办法，或淡化暴力、强迫与现实伤害；现实行为、反例、安全事实和专业支持优先。,中高,待验证,,provisional=true；保护因素的现实有效性必须由可观察行为、反馈和持续结果验证。,0.8
M4-BUFFER-051,BF04 倾听与内部复核｜用户输出,L1 BF01—BF08保护因素,BUFFER-保护因素,通用,语言,BF04 倾听与内部复核,生成中性、条件化的用户解释。,能够暂停熟悉反应，获取对方实际影响、复述理解，并重新检查自己的判断。,“理解”只停留在自我推理，未接收对方反馈，或长期承接却没有边界与现实改变。,由共享基础引擎提供；仅修正保护功能的承载、持续调用和压力状态下的稳定性，不直接等同成熟度、道德或现实行为。,由M1／M2接口提供；夫妻星、心动原型和关系门槛只说明关系议题，不单独证明保护因素已经被调用或有效。,由M3-BASE及M4各模块提供；日支、日柱近位可提高与亲密关系核心的相关性，但同一source_id不得重复计分。,保护因素必须明确限制过用、补足缺位、恢复顺序、打开反馈、落实改变或完成修复回流；不能只凭五行相生补写现实效果。,近位提高进入亲密关系核心的概率；远位只作背景、阶段或条件性修正。,根气只修正该保护功能是否容易重复调用，不等于现实中已经形成稳定保护。,旺弱只修正调用强度与承载；强不自动有效，弱也不自动无效。,喜忌只修正摩擦、平衡与承载，不可直接翻译为好坏、成熟度或解决方案。,原十神功能有效；真合化成立时按化神功能替换，合化争议时停止定性。,近位提高直接相关性；远位仅保留背景、阶段或低置信修正。,88,不加分；输出,report_text,倾听与复核为行动、解释和规则增加反馈环节，减少把自己的理解直接当成事实。,在继续解释、推进或定规则前，先确认对方实际接收到什么，会明显降低误判和反应加码。,不得仅凭本规则断定问题已经解决、关系必然稳定、用户一定成熟、某十神天然是“药”、喜用神自动等于解决办法，或淡化暴力、强迫与现实伤害；现实行为、反例、安全事实和专业支持优先。,中高,待验证,,provisional=true；保护因素的现实有效性必须由可观察行为、反馈和持续结果验证。,0.8
M4-BUFFER-052,BF04 倾听与内部复核｜使用边界,L1 BF01—BF08保护因素,BUFFER-保护因素,通用,边界,BF04 倾听与内部复核,限制发布强度。,完成同源去重、现实反例和安全门控。,把该因素写成绝对化解、关系必稳或道德优点。,由共享基础引擎提供；仅修正保护功能的承载、持续调用和压力状态下的稳定性，不直接等同成熟度、道德或现实行为。,由M1／M2接口提供；夫妻星、心动原型和关系门槛只说明关系议题，不单独证明保护因素已经被调用或有效。,由M3-BASE及M4各模块提供；日支、日柱近位可提高与亲密关系核心的相关性，但同一source_id不得重复计分。,保护因素必须明确限制过用、补足缺位、恢复顺序、打开反馈、落实改变或完成修复回流；不能只凭五行相生补写现实效果。,近位提高进入亲密关系核心的概率；远位只作背景、阶段或条件性修正。,根气只修正该保护功能是否容易重复调用，不等于现实中已经形成稳定保护。,旺弱只修正调用强度与承载；强不自动有效，弱也不自动无效。,喜忌只修正摩擦、平衡与承载，不可直接翻译为好坏、成熟度或解决方案。,原十神功能有效；真合化成立时按化神功能替换，合化争议时停止定性。,近位提高直接相关性；远位仅保留背景、阶段或低置信修正。,99,边界／封顶,boundary_note,倾听与内部复核是针对具体链条的功能，不是万能药。,这项资源能减弱特定盲点，但不代表所有关系问题都会自动消失。,不得仅凭本规则断定问题已经解决、关系必然稳定、用户一定成熟、某十神天然是“药”、喜用神自动等于解决办法，或淡化暴力、强迫与现实伤害；现实行为、反例、安全事实和专业支持优先。,高,待验证,,provisional=true；保护因素的现实有效性必须由可观察行为、反馈和持续结果验证。,0.8
M4-BUFFER-053,BF05 表达与反馈通道｜因素定义,L1 BF01—BF08保护因素,BUFFER-保护因素,通用,定义,BF05 表达与反馈通道,建立该保护因素的功能边界。,需求、事实、边界和反馈能够被清楚说出，并有对方回应与二次确认。,只有单向表达、长篇解释或即时情绪输出，没有核对理解和接收反馈。,由共享基础引擎提供；仅修正保护功能的承载、持续调用和压力状态下的稳定性，不直接等同成熟度、道德或现实行为。,由M1／M2接口提供；夫妻星、心动原型和关系门槛只说明关系议题，不单独证明保护因素已经被调用或有效。,由M3-BASE及M4各模块提供；日支、日柱近位可提高与亲密关系核心的相关性，但同一source_id不得重复计分。,保护因素必须明确限制过用、补足缺位、恢复顺序、打开反馈、落实改变或完成修复回流；不能只凭五行相生补写现实效果。,近位提高进入亲密关系核心的概率；远位只作背景、阶段或条件性修正。,根气只修正该保护功能是否容易重复调用，不等于现实中已经形成稳定保护。,旺弱只修正调用强度与承载；强不自动有效，弱也不自动无效。,喜忌只修正摩擦、平衡与承载，不可直接翻译为好坏、成熟度或解决方案。,原十神功能有效；真合化成立时按化神功能替换，合化争议时停止定性。,近位提高直接相关性；远位仅保留背景、阶段或低置信修正。,95,基础候选+0,buffer_factor,有效表达不是增加字数，而是让关键信息进入共同决策并形成反馈闭环。,真正有保护作用的沟通，不只是把话说出来，而是双方能确认彼此听到了什么、接下来怎样调整。,不得仅凭本规则断定问题已经解决、关系必然稳定、用户一定成熟、某十神天然是“药”、喜用神自动等于解决办法，或淡化暴力、强迫与现实伤害；现实行为、反例、安全事实和专业支持优先。,高,待验证,,provisional=true；保护因素的现实有效性必须由可观察行为、反馈和持续结果验证。,0.8
M4-BUFFER-054,BF05 表达与反馈通道｜主要靶点,L1 BF01—BF08保护因素,BUFFER-保护因素,通用,路由,BF05 表达与反馈通道,将保护因素路由到具体失衡任务，而不是泛化成万能优点。,已经存在与补足需求、边界、影响和理解核对，纠正沉默、替代和顺序错位相关的K机制、触发、循环或修复卡点。,没有明确风险靶点，或靶点由同一事实重复生成。,由共享基础引擎提供；仅修正保护功能的承载、持续调用和压力状态下的稳定性，不直接等同成熟度、道德或现实行为。,由M1／M2接口提供；夫妻星、心动原型和关系门槛只说明关系议题，不单独证明保护因素已经被调用或有效。,由M3-BASE及M4各模块提供；日支、日柱近位可提高与亲密关系核心的相关性，但同一source_id不得重复计分。,保护因素必须明确限制过用、补足缺位、恢复顺序、打开反馈、落实改变或完成修复回流；不能只凭五行相生补写现实效果。,近位提高进入亲密关系核心的概率；远位只作背景、阶段或条件性修正。,根气只修正该保护功能是否容易重复调用，不等于现实中已经形成稳定保护。,旺弱只修正调用强度与承载；强不自动有效，弱也不自动无效。,喜忌只修正摩擦、平衡与承载，不可直接翻译为好坏、成熟度或解决方案。,原十神功能有效；真合化成立时按化神功能替换，合化争议时停止定性。,近位提高直接相关性；远位仅保留背景、阶段或低置信修正。,93,匹配靶点+6,buffer_target,表达与反馈通道主要处理：补足需求、边界、影响和理解核对，纠正沉默、替代和顺序错位。,这项资源最有价值的地方，是在补足需求、边界、影响和理解核对，纠正沉默、替代和顺序错位时提供具体调节。,不得仅凭本规则断定问题已经解决、关系必然稳定、用户一定成熟、某十神天然是“药”、喜用神自动等于解决办法，或淡化暴力、强迫与现实伤害；现实行为、反例、安全事实和专业支持优先。,高,待验证,,provisional=true；保护因素的现实有效性必须由可观察行为、反馈和持续结果验证。,0.8
M4-BUFFER-055,BF05 表达与反馈通道｜结构成立条件,L1 BF01—BF08保护因素,BUFFER-保护因素,通用,结构证据,BF05 表达与反馈通道,判断命理结构是否具备独立、可调用的保护功能。,需求、事实、边界和反馈能够被清楚说出，并有对方回应与二次确认。,只有单向表达、长篇解释或即时情绪输出，没有核对理解和接收反馈。,由共享基础引擎提供；仅修正保护功能的承载、持续调用和压力状态下的稳定性，不直接等同成熟度、道德或现实行为。,由M1／M2接口提供；夫妻星、心动原型和关系门槛只说明关系议题，不单独证明保护因素已经被调用或有效。,由M3-BASE及M4各模块提供；日支、日柱近位可提高与亲密关系核心的相关性，但同一source_id不得重复计分。,保护因素必须明确限制过用、补足缺位、恢复顺序、打开反馈、落实改变或完成修复回流；不能只凭五行相生补写现实效果。,近位提高进入亲密关系核心的概率；远位只作背景、阶段或条件性修正。,根气只修正该保护功能是否容易重复调用，不等于现实中已经形成稳定保护。,旺弱只修正调用强度与承载；强不自动有效，弱也不自动无效。,喜忌只修正摩擦、平衡与承载，不可直接翻译为好坏、成熟度或解决方案。,原十神功能有效；真合化成立时按化神功能替换，合化争议时停止定性。,近位提高直接相关性；远位仅保留背景、阶段或低置信修正。,90,独立结构+8,buffer_evidence,结构层面需满足：需求、事实、边界和反馈能够被清楚说出，并有对方回应与二次确认。,从结构上看，你具备这类调节资源，但是否稳定发挥仍需现实验证。,不得仅凭本规则断定问题已经解决、关系必然稳定、用户一定成熟、某十神天然是“药”、喜用神自动等于解决办法，或淡化暴力、强迫与现实伤害；现实行为、反例、安全事实和专业支持优先。,中高,待验证,,provisional=true；保护因素的现实有效性必须由可观察行为、反馈和持续结果验证。,0.8
M4-BUFFER-056,BF05 表达与反馈通道｜现实启动证据,L1 BF01—BF08保护因素,BUFFER-保护因素,通用,现实证据,BF05 表达与反馈通道,把潜在资源升级为现实已启动资源。,至少有一个具体事件显示该功能被调用，并改变了处理顺序、反馈、边界或后续行动。,只有知识、自述、标签或一次无后续结果的动作。,由共享基础引擎提供；仅修正保护功能的承载、持续调用和压力状态下的稳定性，不直接等同成熟度、道德或现实行为。,由M1／M2接口提供；夫妻星、心动原型和关系门槛只说明关系议题，不单独证明保护因素已经被调用或有效。,由M3-BASE及M4各模块提供；日支、日柱近位可提高与亲密关系核心的相关性，但同一source_id不得重复计分。,保护因素必须明确限制过用、补足缺位、恢复顺序、打开反馈、落实改变或完成修复回流；不能只凭五行相生补写现实效果。,近位提高进入亲密关系核心的概率；远位只作背景、阶段或条件性修正。,根气只修正该保护功能是否容易重复调用，不等于现实中已经形成稳定保护。,旺弱只修正调用强度与承载；强不自动有效，弱也不自动无效。,喜忌只修正摩擦、平衡与承载，不可直接翻译为好坏、成熟度或解决方案。,原十神功能有效；真合化成立时按化神功能替换，合化争议时停止定性。,近位提高直接相关性；远位仅保留背景、阶段或低置信修正。,92,现实启动+12,buffer_activation,只有当表达与反馈通道在事件中真正改变风险链时，才能升级为现实保护。,如果你在关键时刻确实用出这项方法，并让后续处理发生变化，它才算真正启动。,不得仅凭本规则断定问题已经解决、关系必然稳定、用户一定成熟、某十神天然是“药”、喜用神自动等于解决办法，或淡化暴力、强迫与现实伤害；现实行为、反例、安全事实和专业支持优先。,中高,待验证,,provisional=true；保护因素的现实有效性必须由可观察行为、反馈和持续结果验证。,0.8
M4-BUFFER-057,BF05 表达与反馈通道｜稳定有效证据,L1 BF01—BF08保护因素,BUFFER-保护因素,通用,效果验证,BF05 表达与反馈通道,判断保护是否跨情境稳定，而非单次高光。,在至少两个相似或不同情境中有效，且包含反例审查与接收方反馈。,只在一次低代价情境有效，或高压下完全失效。,由共享基础引擎提供；仅修正保护功能的承载、持续调用和压力状态下的稳定性，不直接等同成熟度、道德或现实行为。,由M1／M2接口提供；夫妻星、心动原型和关系门槛只说明关系议题，不单独证明保护因素已经被调用或有效。,由M3-BASE及M4各模块提供；日支、日柱近位可提高与亲密关系核心的相关性，但同一source_id不得重复计分。,保护因素必须明确限制过用、补足缺位、恢复顺序、打开反馈、落实改变或完成修复回流；不能只凭五行相生补写现实效果。,近位提高进入亲密关系核心的概率；远位只作背景、阶段或条件性修正。,根气只修正该保护功能是否容易重复调用，不等于现实中已经形成稳定保护。,旺弱只修正调用强度与承载；强不自动有效，弱也不自动无效。,喜忌只修正摩擦、平衡与承载，不可直接翻译为好坏、成熟度或解决方案。,原十神功能有效；真合化成立时按化神功能替换，合化争议时停止定性。,近位提高直接相关性；远位仅保留背景、阶段或低置信修正。,94,稳定有效+16,buffer_level,表达与反馈通道需要重复有效、跨情境与反例检验，才能成为稳定保护。,若这项方法在不同情境里都能帮助你调整，并经得住反例，它的保护作用才更可信。,不得仅凭本规则断定问题已经解决、关系必然稳定、用户一定成熟、某十神天然是“药”、喜用神自动等于解决办法，或淡化暴力、强迫与现实伤害；现实行为、反例、安全事实和专业支持优先。,中高,待验证,,provisional=true；保护因素的现实有效性必须由可观察行为、反馈和持续结果验证。,0.8
M4-BUFFER-058,BF05 表达与反馈通道｜失效与伪保护,L1 BF01—BF08保护因素,BUFFER-保护因素,通用,降级,BF05 表达与反馈通道,识别名义保护、过度补偿或功能错配。,只有单向表达、长篇解释或即时情绪输出，没有核对理解和接收反馈。,存在明确现实证据显示该功能真正改变了风险链。,由共享基础引擎提供；仅修正保护功能的承载、持续调用和压力状态下的稳定性，不直接等同成熟度、道德或现实行为。,由M1／M2接口提供；夫妻星、心动原型和关系门槛只说明关系议题，不单独证明保护因素已经被调用或有效。,由M3-BASE及M4各模块提供；日支、日柱近位可提高与亲密关系核心的相关性，但同一source_id不得重复计分。,保护因素必须明确限制过用、补足缺位、恢复顺序、打开反馈、落实改变或完成修复回流；不能只凭五行相生补写现实效果。,近位提高进入亲密关系核心的概率；远位只作背景、阶段或条件性修正。,根气只修正该保护功能是否容易重复调用，不等于现实中已经形成稳定保护。,旺弱只修正调用强度与承载；强不自动有效，弱也不自动无效。,喜忌只修正摩擦、平衡与承载，不可直接翻译为好坏、成熟度或解决方案。,原十神功能有效；真合化成立时按化神功能替换，合化争议时停止定性。,近位提高直接相关性；远位仅保留背景、阶段或低置信修正。,96,失效-12／降级,pseudo_buffer,当只有单向表达、长篇解释或即时情绪输出，没有核对理解和接收反馈。时，表达与反馈通道只能降为潜在资源或伪保护候选。,若这项资源只停留在标签，或反而造成新的僵化，就不能把它当成有效保护。,不得仅凭本规则断定问题已经解决、关系必然稳定、用户一定成熟、某十神天然是“药”、喜用神自动等于解决办法，或淡化暴力、强迫与现实伤害；现实行为、反例、安全事实和专业支持优先。,中高,待验证,,provisional=true；保护因素的现实有效性必须由可观察行为、反馈和持续结果验证。,0.8
M4-BUFFER-059,BF05 表达与反馈通道｜用户输出,L1 BF01—BF08保护因素,BUFFER-保护因素,通用,语言,BF05 表达与反馈通道,生成中性、条件化的用户解释。,需求、事实、边界和反馈能够被清楚说出，并有对方回应与二次确认。,只有单向表达、长篇解释或即时情绪输出，没有核对理解和接收反馈。,由共享基础引擎提供；仅修正保护功能的承载、持续调用和压力状态下的稳定性，不直接等同成熟度、道德或现实行为。,由M1／M2接口提供；夫妻星、心动原型和关系门槛只说明关系议题，不单独证明保护因素已经被调用或有效。,由M3-BASE及M4各模块提供；日支、日柱近位可提高与亲密关系核心的相关性，但同一source_id不得重复计分。,保护因素必须明确限制过用、补足缺位、恢复顺序、打开反馈、落实改变或完成修复回流；不能只凭五行相生补写现实效果。,近位提高进入亲密关系核心的概率；远位只作背景、阶段或条件性修正。,根气只修正该保护功能是否容易重复调用，不等于现实中已经形成稳定保护。,旺弱只修正调用强度与承载；强不自动有效，弱也不自动无效。,喜忌只修正摩擦、平衡与承载，不可直接翻译为好坏、成熟度或解决方案。,原十神功能有效；真合化成立时按化神功能替换，合化争议时停止定性。,近位提高直接相关性；远位仅保留背景、阶段或低置信修正。,88,不加分；输出,report_text,有效表达不是增加字数，而是让关键信息进入共同决策并形成反馈闭环。,真正有保护作用的沟通，不只是把话说出来，而是双方能确认彼此听到了什么、接下来怎样调整。,不得仅凭本规则断定问题已经解决、关系必然稳定、用户一定成熟、某十神天然是“药”、喜用神自动等于解决办法，或淡化暴力、强迫与现实伤害；现实行为、反例、安全事实和专业支持优先。,中高,待验证,,provisional=true；保护因素的现实有效性必须由可观察行为、反馈和持续结果验证。,0.8
M4-BUFFER-060,BF05 表达与反馈通道｜使用边界,L1 BF01—BF08保护因素,BUFFER-保护因素,通用,边界,BF05 表达与反馈通道,限制发布强度。,完成同源去重、现实反例和安全门控。,把该因素写成绝对化解、关系必稳或道德优点。,由共享基础引擎提供；仅修正保护功能的承载、持续调用和压力状态下的稳定性，不直接等同成熟度、道德或现实行为。,由M1／M2接口提供；夫妻星、心动原型和关系门槛只说明关系议题，不单独证明保护因素已经被调用或有效。,由M3-BASE及M4各模块提供；日支、日柱近位可提高与亲密关系核心的相关性，但同一source_id不得重复计分。,保护因素必须明确限制过用、补足缺位、恢复顺序、打开反馈、落实改变或完成修复回流；不能只凭五行相生补写现实效果。,近位提高进入亲密关系核心的概率；远位只作背景、阶段或条件性修正。,根气只修正该保护功能是否容易重复调用，不等于现实中已经形成稳定保护。,旺弱只修正调用强度与承载；强不自动有效，弱也不自动无效。,喜忌只修正摩擦、平衡与承载，不可直接翻译为好坏、成熟度或解决方案。,原十神功能有效；真合化成立时按化神功能替换，合化争议时停止定性。,近位提高直接相关性；远位仅保留背景、阶段或低置信修正。,99,边界／封顶,boundary_note,表达与反馈通道是针对具体链条的功能，不是万能药。,这项资源能减弱特定盲点，但不代表所有关系问题都会自动消失。,不得仅凭本规则断定问题已经解决、关系必然稳定、用户一定成熟、某十神天然是“药”、喜用神自动等于解决办法，或淡化暴力、强迫与现实伤害；现实行为、反例、安全事实和专业支持优先。,高,待验证,,provisional=true；保护因素的现实有效性必须由可观察行为、反馈和持续结果验证。,0.8
M4-BUFFER-061,BF06 现实兑现与重复行为｜因素定义,L1 BF01—BF08保护因素,BUFFER-保护因素,通用,定义,BF06 现实兑现与重复行为,建立该保护因素的功能边界。,承诺、边界、补救或新方案被转成可观察行为，并在相似情境中重复。,只有表态、一次行动、礼物、补偿或短期改善，没有持续和跨情境证据。,由共享基础引擎提供；仅修正保护功能的承载、持续调用和压力状态下的稳定性，不直接等同成熟度、道德或现实行为。,由M1／M2接口提供；夫妻星、心动原型和关系门槛只说明关系议题，不单独证明保护因素已经被调用或有效。,由M3-BASE及M4各模块提供；日支、日柱近位可提高与亲密关系核心的相关性，但同一source_id不得重复计分。,保护因素必须明确限制过用、补足缺位、恢复顺序、打开反馈、落实改变或完成修复回流；不能只凭五行相生补写现实效果。,近位提高进入亲密关系核心的概率；远位只作背景、阶段或条件性修正。,根气只修正该保护功能是否容易重复调用，不等于现实中已经形成稳定保护。,旺弱只修正调用强度与承载；强不自动有效，弱也不自动无效。,喜忌只修正摩擦、平衡与承载，不可直接翻译为好坏、成熟度或解决方案。,原十神功能有效；真合化成立时按化神功能替换，合化争议时停止定性。,近位提高直接相关性；远位仅保留背景、阶段或低置信修正。,95,基础候选+0,buffer_factor,现实兑现把抽象意愿变成可验证证据，是检验误读、修复和保护是否成立的核心。,能否持续做到，比一次说得好或做得多更能说明这项改变是否真的在保护关系。,不得仅凭本规则断定问题已经解决、关系必然稳定、用户一定成熟、某十神天然是“药”、喜用神自动等于解决办法，或淡化暴力、强迫与现实伤害；现实行为、反例、安全事实和专业支持优先。,高,待验证,,provisional=true；保护因素的现实有效性必须由可观察行为、反馈和持续结果验证。,0.8
M4-BUFFER-062,BF06 现实兑现与重复行为｜主要靶点,L1 BF01—BF08保护因素,BUFFER-保护因素,通用,路由,BF06 现实兑现与重复行为,将保护因素路由到具体失衡任务，而不是泛化成万能优点。,已经存在与纠正标签替代、单次高光、投入替代承诺和修复行动不持续相关的K机制、触发、循环或修复卡点。,没有明确风险靶点，或靶点由同一事实重复生成。,由共享基础引擎提供；仅修正保护功能的承载、持续调用和压力状态下的稳定性，不直接等同成熟度、道德或现实行为。,由M1／M2接口提供；夫妻星、心动原型和关系门槛只说明关系议题，不单独证明保护因素已经被调用或有效。,由M3-BASE及M4各模块提供；日支、日柱近位可提高与亲密关系核心的相关性，但同一source_id不得重复计分。,保护因素必须明确限制过用、补足缺位、恢复顺序、打开反馈、落实改变或完成修复回流；不能只凭五行相生补写现实效果。,近位提高进入亲密关系核心的概率；远位只作背景、阶段或条件性修正。,根气只修正该保护功能是否容易重复调用，不等于现实中已经形成稳定保护。,旺弱只修正调用强度与承载；强不自动有效，弱也不自动无效。,喜忌只修正摩擦、平衡与承载，不可直接翻译为好坏、成熟度或解决方案。,原十神功能有效；真合化成立时按化神功能替换，合化争议时停止定性。,近位提高直接相关性；远位仅保留背景、阶段或低置信修正。,93,匹配靶点+6,buffer_target,现实兑现与重复行为主要处理：纠正标签替代、单次高光、投入替代承诺和修复行动不持续。,这项资源最有价值的地方，是在纠正标签替代、单次高光、投入替代承诺和修复行动不持续时提供具体调节。,不得仅凭本规则断定问题已经解决、关系必然稳定、用户一定成熟、某十神天然是“药”、喜用神自动等于解决办法，或淡化暴力、强迫与现实伤害；现实行为、反例、安全事实和专业支持优先。,高,待验证,,provisional=true；保护因素的现实有效性必须由可观察行为、反馈和持续结果验证。,0.8
M4-BUFFER-063,BF06 现实兑现与重复行为｜结构成立条件,L1 BF01—BF08保护因素,BUFFER-保护因素,通用,结构证据,BF06 现实兑现与重复行为,判断命理结构是否具备独立、可调用的保护功能。,承诺、边界、补救或新方案被转成可观察行为，并在相似情境中重复。,只有表态、一次行动、礼物、补偿或短期改善，没有持续和跨情境证据。,由共享基础引擎提供；仅修正保护功能的承载、持续调用和压力状态下的稳定性，不直接等同成熟度、道德或现实行为。,由M1／M2接口提供；夫妻星、心动原型和关系门槛只说明关系议题，不单独证明保护因素已经被调用或有效。,由M3-BASE及M4各模块提供；日支、日柱近位可提高与亲密关系核心的相关性，但同一source_id不得重复计分。,保护因素必须明确限制过用、补足缺位、恢复顺序、打开反馈、落实改变或完成修复回流；不能只凭五行相生补写现实效果。,近位提高进入亲密关系核心的概率；远位只作背景、阶段或条件性修正。,根气只修正该保护功能是否容易重复调用，不等于现实中已经形成稳定保护。,旺弱只修正调用强度与承载；强不自动有效，弱也不自动无效。,喜忌只修正摩擦、平衡与承载，不可直接翻译为好坏、成熟度或解决方案。,原十神功能有效；真合化成立时按化神功能替换，合化争议时停止定性。,近位提高直接相关性；远位仅保留背景、阶段或低置信修正。,90,独立结构+8,buffer_evidence,结构层面需满足：承诺、边界、补救或新方案被转成可观察行为，并在相似情境中重复。,从结构上看，你具备这类调节资源，但是否稳定发挥仍需现实验证。,不得仅凭本规则断定问题已经解决、关系必然稳定、用户一定成熟、某十神天然是“药”、喜用神自动等于解决办法，或淡化暴力、强迫与现实伤害；现实行为、反例、安全事实和专业支持优先。,中高,待验证,,provisional=true；保护因素的现实有效性必须由可观察行为、反馈和持续结果验证。,0.8
M4-BUFFER-064,BF06 现实兑现与重复行为｜现实启动证据,L1 BF01—BF08保护因素,BUFFER-保护因素,通用,现实证据,BF06 现实兑现与重复行为,把潜在资源升级为现实已启动资源。,至少有一个具体事件显示该功能被调用，并改变了处理顺序、反馈、边界或后续行动。,只有知识、自述、标签或一次无后续结果的动作。,由共享基础引擎提供；仅修正保护功能的承载、持续调用和压力状态下的稳定性，不直接等同成熟度、道德或现实行为。,由M1／M2接口提供；夫妻星、心动原型和关系门槛只说明关系议题，不单独证明保护因素已经被调用或有效。,由M3-BASE及M4各模块提供；日支、日柱近位可提高与亲密关系核心的相关性，但同一source_id不得重复计分。,保护因素必须明确限制过用、补足缺位、恢复顺序、打开反馈、落实改变或完成修复回流；不能只凭五行相生补写现实效果。,近位提高进入亲密关系核心的概率；远位只作背景、阶段或条件性修正。,根气只修正该保护功能是否容易重复调用，不等于现实中已经形成稳定保护。,旺弱只修正调用强度与承载；强不自动有效，弱也不自动无效。,喜忌只修正摩擦、平衡与承载，不可直接翻译为好坏、成熟度或解决方案。,原十神功能有效；真合化成立时按化神功能替换，合化争议时停止定性。,近位提高直接相关性；远位仅保留背景、阶段或低置信修正。,92,现实启动+12,buffer_activation,只有当现实兑现与重复行为在事件中真正改变风险链时，才能升级为现实保护。,如果你在关键时刻确实用出这项方法，并让后续处理发生变化，它才算真正启动。,不得仅凭本规则断定问题已经解决、关系必然稳定、用户一定成熟、某十神天然是“药”、喜用神自动等于解决办法，或淡化暴力、强迫与现实伤害；现实行为、反例、安全事实和专业支持优先。,中高,待验证,,provisional=true；保护因素的现实有效性必须由可观察行为、反馈和持续结果验证。,0.8
M4-BUFFER-065,BF06 现实兑现与重复行为｜稳定有效证据,L1 BF01—BF08保护因素,BUFFER-保护因素,通用,效果验证,BF06 现实兑现与重复行为,判断保护是否跨情境稳定，而非单次高光。,在至少两个相似或不同情境中有效，且包含反例审查与接收方反馈。,只在一次低代价情境有效，或高压下完全失效。,由共享基础引擎提供；仅修正保护功能的承载、持续调用和压力状态下的稳定性，不直接等同成熟度、道德或现实行为。,由M1／M2接口提供；夫妻星、心动原型和关系门槛只说明关系议题，不单独证明保护因素已经被调用或有效。,由M3-BASE及M4各模块提供；日支、日柱近位可提高与亲密关系核心的相关性，但同一source_id不得重复计分。,保护因素必须明确限制过用、补足缺位、恢复顺序、打开反馈、落实改变或完成修复回流；不能只凭五行相生补写现实效果。,近位提高进入亲密关系核心的概率；远位只作背景、阶段或条件性修正。,根气只修正该保护功能是否容易重复调用，不等于现实中已经形成稳定保护。,旺弱只修正调用强度与承载；强不自动有效，弱也不自动无效。,喜忌只修正摩擦、平衡与承载，不可直接翻译为好坏、成熟度或解决方案。,原十神功能有效；真合化成立时按化神功能替换，合化争议时停止定性。,近位提高直接相关性；远位仅保留背景、阶段或低置信修正。,94,稳定有效+16,buffer_level,现实兑现与重复行为需要重复有效、跨情境与反例检验，才能成为稳定保护。,若这项方法在不同情境里都能帮助你调整，并经得住反例，它的保护作用才更可信。,不得仅凭本规则断定问题已经解决、关系必然稳定、用户一定成熟、某十神天然是“药”、喜用神自动等于解决办法，或淡化暴力、强迫与现实伤害；现实行为、反例、安全事实和专业支持优先。,中高,待验证,,provisional=true；保护因素的现实有效性必须由可观察行为、反馈和持续结果验证。,0.8
M4-BUFFER-066,BF06 现实兑现与重复行为｜失效与伪保护,L1 BF01—BF08保护因素,BUFFER-保护因素,通用,降级,BF06 现实兑现与重复行为,识别名义保护、过度补偿或功能错配。,只有表态、一次行动、礼物、补偿或短期改善，没有持续和跨情境证据。,存在明确现实证据显示该功能真正改变了风险链。,由共享基础引擎提供；仅修正保护功能的承载、持续调用和压力状态下的稳定性，不直接等同成熟度、道德或现实行为。,由M1／M2接口提供；夫妻星、心动原型和关系门槛只说明关系议题，不单独证明保护因素已经被调用或有效。,由M3-BASE及M4各模块提供；日支、日柱近位可提高与亲密关系核心的相关性，但同一source_id不得重复计分。,保护因素必须明确限制过用、补足缺位、恢复顺序、打开反馈、落实改变或完成修复回流；不能只凭五行相生补写现实效果。,近位提高进入亲密关系核心的概率；远位只作背景、阶段或条件性修正。,根气只修正该保护功能是否容易重复调用，不等于现实中已经形成稳定保护。,旺弱只修正调用强度与承载；强不自动有效，弱也不自动无效。,喜忌只修正摩擦、平衡与承载，不可直接翻译为好坏、成熟度或解决方案。,原十神功能有效；真合化成立时按化神功能替换，合化争议时停止定性。,近位提高直接相关性；远位仅保留背景、阶段或低置信修正。,96,失效-12／降级,pseudo_buffer,当只有表态、一次行动、礼物、补偿或短期改善，没有持续和跨情境证据。时，现实兑现与重复行为只能降为潜在资源或伪保护候选。,若这项资源只停留在标签，或反而造成新的僵化，就不能把它当成有效保护。,不得仅凭本规则断定问题已经解决、关系必然稳定、用户一定成熟、某十神天然是“药”、喜用神自动等于解决办法，或淡化暴力、强迫与现实伤害；现实行为、反例、安全事实和专业支持优先。,中高,待验证,,provisional=true；保护因素的现实有效性必须由可观察行为、反馈和持续结果验证。,0.8
M4-BUFFER-067,BF06 现实兑现与重复行为｜用户输出,L1 BF01—BF08保护因素,BUFFER-保护因素,通用,语言,BF06 现实兑现与重复行为,生成中性、条件化的用户解释。,承诺、边界、补救或新方案被转成可观察行为，并在相似情境中重复。,只有表态、一次行动、礼物、补偿或短期改善，没有持续和跨情境证据。,由共享基础引擎提供；仅修正保护功能的承载、持续调用和压力状态下的稳定性，不直接等同成熟度、道德或现实行为。,由M1／M2接口提供；夫妻星、心动原型和关系门槛只说明关系议题，不单独证明保护因素已经被调用或有效。,由M3-BASE及M4各模块提供；日支、日柱近位可提高与亲密关系核心的相关性，但同一source_id不得重复计分。,保护因素必须明确限制过用、补足缺位、恢复顺序、打开反馈、落实改变或完成修复回流；不能只凭五行相生补写现实效果。,近位提高进入亲密关系核心的概率；远位只作背景、阶段或条件性修正。,根气只修正该保护功能是否容易重复调用，不等于现实中已经形成稳定保护。,旺弱只修正调用强度与承载；强不自动有效，弱也不自动无效。,喜忌只修正摩擦、平衡与承载，不可直接翻译为好坏、成熟度或解决方案。,原十神功能有效；真合化成立时按化神功能替换，合化争议时停止定性。,近位提高直接相关性；远位仅保留背景、阶段或低置信修正。,88,不加分；输出,report_text,现实兑现把抽象意愿变成可验证证据，是检验误读、修复和保护是否成立的核心。,能否持续做到，比一次说得好或做得多更能说明这项改变是否真的在保护关系。,不得仅凭本规则断定问题已经解决、关系必然稳定、用户一定成熟、某十神天然是“药”、喜用神自动等于解决办法，或淡化暴力、强迫与现实伤害；现实行为、反例、安全事实和专业支持优先。,中高,待验证,,provisional=true；保护因素的现实有效性必须由可观察行为、反馈和持续结果验证。,0.8
M4-BUFFER-068,BF06 现实兑现与重复行为｜使用边界,L1 BF01—BF08保护因素,BUFFER-保护因素,通用,边界,BF06 现实兑现与重复行为,限制发布强度。,完成同源去重、现实反例和安全门控。,把该因素写成绝对化解、关系必稳或道德优点。,由共享基础引擎提供；仅修正保护功能的承载、持续调用和压力状态下的稳定性，不直接等同成熟度、道德或现实行为。,由M1／M2接口提供；夫妻星、心动原型和关系门槛只说明关系议题，不单独证明保护因素已经被调用或有效。,由M3-BASE及M4各模块提供；日支、日柱近位可提高与亲密关系核心的相关性，但同一source_id不得重复计分。,保护因素必须明确限制过用、补足缺位、恢复顺序、打开反馈、落实改变或完成修复回流；不能只凭五行相生补写现实效果。,近位提高进入亲密关系核心的概率；远位只作背景、阶段或条件性修正。,根气只修正该保护功能是否容易重复调用，不等于现实中已经形成稳定保护。,旺弱只修正调用强度与承载；强不自动有效，弱也不自动无效。,喜忌只修正摩擦、平衡与承载，不可直接翻译为好坏、成熟度或解决方案。,原十神功能有效；真合化成立时按化神功能替换，合化争议时停止定性。,近位提高直接相关性；远位仅保留背景、阶段或低置信修正。,99,边界／封顶,boundary_note,现实兑现与重复行为是针对具体链条的功能，不是万能药。,这项资源能减弱特定盲点，但不代表所有关系问题都会自动消失。,不得仅凭本规则断定问题已经解决、关系必然稳定、用户一定成熟、某十神天然是“药”、喜用神自动等于解决办法，或淡化暴力、强迫与现实伤害；现实行为、反例、安全事实和专业支持优先。,高,待验证,,provisional=true；保护因素的现实有效性必须由可观察行为、反馈和持续结果验证。,0.8
M4-BUFFER-069,BF07 完整修复回流｜因素定义,L1 BF01—BF08保护因素,BUFFER-保护因素,通用,定义,BF07 完整修复回流,建立该保护因素的功能边界。,至少完成影响确认、责任、边界／需要、行动调整、接收反馈和后续回访中的必要节点。,只完成道歉、安抚、补偿、方案或短期和好中的一项。,由共享基础引擎提供；仅修正保护功能的承载、持续调用和压力状态下的稳定性，不直接等同成熟度、道德或现实行为。,由M1／M2接口提供；夫妻星、心动原型和关系门槛只说明关系议题，不单独证明保护因素已经被调用或有效。,由M3-BASE及M4各模块提供；日支、日柱近位可提高与亲密关系核心的相关性，但同一source_id不得重复计分。,保护因素必须明确限制过用、补足缺位、恢复顺序、打开反馈、落实改变或完成修复回流；不能只凭五行相生补写现实效果。,近位提高进入亲密关系核心的概率；远位只作背景、阶段或条件性修正。,根气只修正该保护功能是否容易重复调用，不等于现实中已经形成稳定保护。,旺弱只修正调用强度与承载；强不自动有效，弱也不自动无效。,喜忌只修正摩擦、平衡与承载，不可直接翻译为好坏、成熟度或解决方案。,原十神功能有效；真合化成立时按化神功能替换，合化争议时停止定性。,近位提高直接相关性；远位仅保留背景、阶段或低置信修正。,95,基础候选+0,buffer_factor,完整修复让被压缩的理解、选择权、现实改变和重新开放重新进入关系。,真正的修复不仅要让事情停下来，还要确认影响、调整做法、接收反馈，并看改变能否持续。,不得仅凭本规则断定问题已经解决、关系必然稳定、用户一定成熟、某十神天然是“药”、喜用神自动等于解决办法，或淡化暴力、强迫与现实伤害；现实行为、反例、安全事实和专业支持优先。,高,待验证,,provisional=true；保护因素的现实有效性必须由可观察行为、反馈和持续结果验证。,0.8
M4-BUFFER-070,BF07 完整修复回流｜主要靶点,L1 BF01—BF08保护因素,BUFFER-保护因素,通用,路由,BF07 完整修复回流,将保护因素路由到具体失衡任务，而不是泛化成万能优点。,已经存在与中断修复断链、问题结案替代关系修复与循环复发相关的K机制、触发、循环或修复卡点。,没有明确风险靶点，或靶点由同一事实重复生成。,由共享基础引擎提供；仅修正保护功能的承载、持续调用和压力状态下的稳定性，不直接等同成熟度、道德或现实行为。,由M1／M2接口提供；夫妻星、心动原型和关系门槛只说明关系议题，不单独证明保护因素已经被调用或有效。,由M3-BASE及M4各模块提供；日支、日柱近位可提高与亲密关系核心的相关性，但同一source_id不得重复计分。,保护因素必须明确限制过用、补足缺位、恢复顺序、打开反馈、落实改变或完成修复回流；不能只凭五行相生补写现实效果。,近位提高进入亲密关系核心的概率；远位只作背景、阶段或条件性修正。,根气只修正该保护功能是否容易重复调用，不等于现实中已经形成稳定保护。,旺弱只修正调用强度与承载；强不自动有效，弱也不自动无效。,喜忌只修正摩擦、平衡与承载，不可直接翻译为好坏、成熟度或解决方案。,原十神功能有效；真合化成立时按化神功能替换，合化争议时停止定性。,近位提高直接相关性；远位仅保留背景、阶段或低置信修正。,93,匹配靶点+6,buffer_target,完整修复回流主要处理：中断修复断链、问题结案替代关系修复与循环复发。,这项资源最有价值的地方，是在中断修复断链、问题结案替代关系修复与循环复发时提供具体调节。,不得仅凭本规则断定问题已经解决、关系必然稳定、用户一定成熟、某十神天然是“药”、喜用神自动等于解决办法，或淡化暴力、强迫与现实伤害；现实行为、反例、安全事实和专业支持优先。,高,待验证,,provisional=true；保护因素的现实有效性必须由可观察行为、反馈和持续结果验证。,0.8
M4-BUFFER-071,BF07 完整修复回流｜结构成立条件,L1 BF01—BF08保护因素,BUFFER-保护因素,通用,结构证据,BF07 完整修复回流,判断命理结构是否具备独立、可调用的保护功能。,至少完成影响确认、责任、边界／需要、行动调整、接收反馈和后续回访中的必要节点。,只完成道歉、安抚、补偿、方案或短期和好中的一项。,由共享基础引擎提供；仅修正保护功能的承载、持续调用和压力状态下的稳定性，不直接等同成熟度、道德或现实行为。,由M1／M2接口提供；夫妻星、心动原型和关系门槛只说明关系议题，不单独证明保护因素已经被调用或有效。,由M3-BASE及M4各模块提供；日支、日柱近位可提高与亲密关系核心的相关性，但同一source_id不得重复计分。,保护因素必须明确限制过用、补足缺位、恢复顺序、打开反馈、落实改变或完成修复回流；不能只凭五行相生补写现实效果。,近位提高进入亲密关系核心的概率；远位只作背景、阶段或条件性修正。,根气只修正该保护功能是否容易重复调用，不等于现实中已经形成稳定保护。,旺弱只修正调用强度与承载；强不自动有效，弱也不自动无效。,喜忌只修正摩擦、平衡与承载，不可直接翻译为好坏、成熟度或解决方案。,原十神功能有效；真合化成立时按化神功能替换，合化争议时停止定性。,近位提高直接相关性；远位仅保留背景、阶段或低置信修正。,90,独立结构+8,buffer_evidence,结构层面需满足：至少完成影响确认、责任、边界／需要、行动调整、接收反馈和后续回访中的必要节点。,从结构上看，你具备这类调节资源，但是否稳定发挥仍需现实验证。,不得仅凭本规则断定问题已经解决、关系必然稳定、用户一定成熟、某十神天然是“药”、喜用神自动等于解决办法，或淡化暴力、强迫与现实伤害；现实行为、反例、安全事实和专业支持优先。,中高,待验证,,provisional=true；保护因素的现实有效性必须由可观察行为、反馈和持续结果验证。,0.8
M4-BUFFER-072,BF07 完整修复回流｜现实启动证据,L1 BF01—BF08保护因素,BUFFER-保护因素,通用,现实证据,BF07 完整修复回流,把潜在资源升级为现实已启动资源。,至少有一个具体事件显示该功能被调用，并改变了处理顺序、反馈、边界或后续行动。,只有知识、自述、标签或一次无后续结果的动作。,由共享基础引擎提供；仅修正保护功能的承载、持续调用和压力状态下的稳定性，不直接等同成熟度、道德或现实行为。,由M1／M2接口提供；夫妻星、心动原型和关系门槛只说明关系议题，不单独证明保护因素已经被调用或有效。,由M3-BASE及M4各模块提供；日支、日柱近位可提高与亲密关系核心的相关性，但同一source_id不得重复计分。,保护因素必须明确限制过用、补足缺位、恢复顺序、打开反馈、落实改变或完成修复回流；不能只凭五行相生补写现实效果。,近位提高进入亲密关系核心的概率；远位只作背景、阶段或条件性修正。,根气只修正该保护功能是否容易重复调用，不等于现实中已经形成稳定保护。,旺弱只修正调用强度与承载；强不自动有效，弱也不自动无效。,喜忌只修正摩擦、平衡与承载，不可直接翻译为好坏、成熟度或解决方案。,原十神功能有效；真合化成立时按化神功能替换，合化争议时停止定性。,近位提高直接相关性；远位仅保留背景、阶段或低置信修正。,92,现实启动+12,buffer_activation,只有当完整修复回流在事件中真正改变风险链时，才能升级为现实保护。,如果你在关键时刻确实用出这项方法，并让后续处理发生变化，它才算真正启动。,不得仅凭本规则断定问题已经解决、关系必然稳定、用户一定成熟、某十神天然是“药”、喜用神自动等于解决办法，或淡化暴力、强迫与现实伤害；现实行为、反例、安全事实和专业支持优先。,中高,待验证,,provisional=true；保护因素的现实有效性必须由可观察行为、反馈和持续结果验证。,0.8
M4-BUFFER-073,BF07 完整修复回流｜稳定有效证据,L1 BF01—BF08保护因素,BUFFER-保护因素,通用,效果验证,BF07 完整修复回流,判断保护是否跨情境稳定，而非单次高光。,在至少两个相似或不同情境中有效，且包含反例审查与接收方反馈。,只在一次低代价情境有效，或高压下完全失效。,由共享基础引擎提供；仅修正保护功能的承载、持续调用和压力状态下的稳定性，不直接等同成熟度、道德或现实行为。,由M1／M2接口提供；夫妻星、心动原型和关系门槛只说明关系议题，不单独证明保护因素已经被调用或有效。,由M3-BASE及M4各模块提供；日支、日柱近位可提高与亲密关系核心的相关性，但同一source_id不得重复计分。,保护因素必须明确限制过用、补足缺位、恢复顺序、打开反馈、落实改变或完成修复回流；不能只凭五行相生补写现实效果。,近位提高进入亲密关系核心的概率；远位只作背景、阶段或条件性修正。,根气只修正该保护功能是否容易重复调用，不等于现实中已经形成稳定保护。,旺弱只修正调用强度与承载；强不自动有效，弱也不自动无效。,喜忌只修正摩擦、平衡与承载，不可直接翻译为好坏、成熟度或解决方案。,原十神功能有效；真合化成立时按化神功能替换，合化争议时停止定性。,近位提高直接相关性；远位仅保留背景、阶段或低置信修正。,94,稳定有效+16,buffer_level,完整修复回流需要重复有效、跨情境与反例检验，才能成为稳定保护。,若这项方法在不同情境里都能帮助你调整，并经得住反例，它的保护作用才更可信。,不得仅凭本规则断定问题已经解决、关系必然稳定、用户一定成熟、某十神天然是“药”、喜用神自动等于解决办法，或淡化暴力、强迫与现实伤害；现实行为、反例、安全事实和专业支持优先。,中高,待验证,,provisional=true；保护因素的现实有效性必须由可观察行为、反馈和持续结果验证。,0.8
M4-BUFFER-074,BF07 完整修复回流｜失效与伪保护,L1 BF01—BF08保护因素,BUFFER-保护因素,通用,降级,BF07 完整修复回流,识别名义保护、过度补偿或功能错配。,只完成道歉、安抚、补偿、方案或短期和好中的一项。,存在明确现实证据显示该功能真正改变了风险链。,由共享基础引擎提供；仅修正保护功能的承载、持续调用和压力状态下的稳定性，不直接等同成熟度、道德或现实行为。,由M1／M2接口提供；夫妻星、心动原型和关系门槛只说明关系议题，不单独证明保护因素已经被调用或有效。,由M3-BASE及M4各模块提供；日支、日柱近位可提高与亲密关系核心的相关性，但同一source_id不得重复计分。,保护因素必须明确限制过用、补足缺位、恢复顺序、打开反馈、落实改变或完成修复回流；不能只凭五行相生补写现实效果。,近位提高进入亲密关系核心的概率；远位只作背景、阶段或条件性修正。,根气只修正该保护功能是否容易重复调用，不等于现实中已经形成稳定保护。,旺弱只修正调用强度与承载；强不自动有效，弱也不自动无效。,喜忌只修正摩擦、平衡与承载，不可直接翻译为好坏、成熟度或解决方案。,原十神功能有效；真合化成立时按化神功能替换，合化争议时停止定性。,近位提高直接相关性；远位仅保留背景、阶段或低置信修正。,96,失效-12／降级,pseudo_buffer,当只完成道歉、安抚、补偿、方案或短期和好中的一项。时，完整修复回流只能降为潜在资源或伪保护候选。,若这项资源只停留在标签，或反而造成新的僵化，就不能把它当成有效保护。,不得仅凭本规则断定问题已经解决、关系必然稳定、用户一定成熟、某十神天然是“药”、喜用神自动等于解决办法，或淡化暴力、强迫与现实伤害；现实行为、反例、安全事实和专业支持优先。,中高,待验证,,provisional=true；保护因素的现实有效性必须由可观察行为、反馈和持续结果验证。,0.8
M4-BUFFER-075,BF07 完整修复回流｜用户输出,L1 BF01—BF08保护因素,BUFFER-保护因素,通用,语言,BF07 完整修复回流,生成中性、条件化的用户解释。,至少完成影响确认、责任、边界／需要、行动调整、接收反馈和后续回访中的必要节点。,只完成道歉、安抚、补偿、方案或短期和好中的一项。,由共享基础引擎提供；仅修正保护功能的承载、持续调用和压力状态下的稳定性，不直接等同成熟度、道德或现实行为。,由M1／M2接口提供；夫妻星、心动原型和关系门槛只说明关系议题，不单独证明保护因素已经被调用或有效。,由M3-BASE及M4各模块提供；日支、日柱近位可提高与亲密关系核心的相关性，但同一source_id不得重复计分。,保护因素必须明确限制过用、补足缺位、恢复顺序、打开反馈、落实改变或完成修复回流；不能只凭五行相生补写现实效果。,近位提高进入亲密关系核心的概率；远位只作背景、阶段或条件性修正。,根气只修正该保护功能是否容易重复调用，不等于现实中已经形成稳定保护。,旺弱只修正调用强度与承载；强不自动有效，弱也不自动无效。,喜忌只修正摩擦、平衡与承载，不可直接翻译为好坏、成熟度或解决方案。,原十神功能有效；真合化成立时按化神功能替换，合化争议时停止定性。,近位提高直接相关性；远位仅保留背景、阶段或低置信修正。,88,不加分；输出,report_text,完整修复让被压缩的理解、选择权、现实改变和重新开放重新进入关系。,真正的修复不仅要让事情停下来，还要确认影响、调整做法、接收反馈，并看改变能否持续。,不得仅凭本规则断定问题已经解决、关系必然稳定、用户一定成熟、某十神天然是“药”、喜用神自动等于解决办法，或淡化暴力、强迫与现实伤害；现实行为、反例、安全事实和专业支持优先。,中高,待验证,,provisional=true；保护因素的现实有效性必须由可观察行为、反馈和持续结果验证。,0.8
M4-BUFFER-076,BF07 完整修复回流｜使用边界,L1 BF01—BF08保护因素,BUFFER-保护因素,通用,边界,BF07 完整修复回流,限制发布强度。,完成同源去重、现实反例和安全门控。,把该因素写成绝对化解、关系必稳或道德优点。,由共享基础引擎提供；仅修正保护功能的承载、持续调用和压力状态下的稳定性，不直接等同成熟度、道德或现实行为。,由M1／M2接口提供；夫妻星、心动原型和关系门槛只说明关系议题，不单独证明保护因素已经被调用或有效。,由M3-BASE及M4各模块提供；日支、日柱近位可提高与亲密关系核心的相关性，但同一source_id不得重复计分。,保护因素必须明确限制过用、补足缺位、恢复顺序、打开反馈、落实改变或完成修复回流；不能只凭五行相生补写现实效果。,近位提高进入亲密关系核心的概率；远位只作背景、阶段或条件性修正。,根气只修正该保护功能是否容易重复调用，不等于现实中已经形成稳定保护。,旺弱只修正调用强度与承载；强不自动有效，弱也不自动无效。,喜忌只修正摩擦、平衡与承载，不可直接翻译为好坏、成熟度或解决方案。,原十神功能有效；真合化成立时按化神功能替换，合化争议时停止定性。,近位提高直接相关性；远位仅保留背景、阶段或低置信修正。,99,边界／封顶,boundary_note,完整修复回流是针对具体链条的功能，不是万能药。,这项资源能减弱特定盲点，但不代表所有关系问题都会自动消失。,不得仅凭本规则断定问题已经解决、关系必然稳定、用户一定成熟、某十神天然是“药”、喜用神自动等于解决办法，或淡化暴力、强迫与现实伤害；现实行为、反例、安全事实和专业支持优先。,高,待验证,,provisional=true；保护因素的现实有效性必须由可观察行为、反馈和持续结果验证。,0.8
M4-BUFFER-077,BF08 状态分工与现实支持｜因素定义,L1 BF01—BF08保护因素,BUFFER-保护因素,通用,定义,BF08 状态分工与现实支持,建立该保护因素的功能边界。,能够识别当前状态、调整任务顺序，并在需要时调用伴侣协作、亲友、专业或安全资源。,把高压反应当成固定人格，或只凭命盘假定现实支持一定存在。,由共享基础引擎提供；仅修正保护功能的承载、持续调用和压力状态下的稳定性，不直接等同成熟度、道德或现实行为。,由M1／M2接口提供；夫妻星、心动原型和关系门槛只说明关系议题，不单独证明保护因素已经被调用或有效。,由M3-BASE及M4各模块提供；日支、日柱近位可提高与亲密关系核心的相关性，但同一source_id不得重复计分。,保护因素必须明确限制过用、补足缺位、恢复顺序、打开反馈、落实改变或完成修复回流；不能只凭五行相生补写现实效果。,近位提高进入亲密关系核心的概率；远位只作背景、阶段或条件性修正。,根气只修正该保护功能是否容易重复调用，不等于现实中已经形成稳定保护。,旺弱只修正调用强度与承载；强不自动有效，弱也不自动无效。,喜忌只修正摩擦、平衡与承载，不可直接翻译为好坏、成熟度或解决方案。,原十神功能有效；真合化成立时按化神功能替换，合化争议时停止定性。,近位提高直接相关性；远位仅保留背景、阶段或低置信修正。,95,基础候选+0,buffer_factor,状态分工让不同功能在合适阶段承担任务；现实支持则在个人资源不足时提供外部承载。,知道自己现在处于平稳、初压还是高压，并在需要时借助现实支持，能减少一种反应长期占据全部关系任务。,不得仅凭本规则断定问题已经解决、关系必然稳定、用户一定成熟、某十神天然是“药”、喜用神自动等于解决办法，或淡化暴力、强迫与现实伤害；现实行为、反例、安全事实和专业支持优先。,高,待验证,,provisional=true；保护因素的现实有效性必须由可观察行为、反馈和持续结果验证。,0.8
M4-BUFFER-078,BF08 状态分工与现实支持｜主要靶点,L1 BF01—BF08保护因素,BUFFER-保护因素,通用,路由,BF08 状态分工与现实支持,将保护因素路由到具体失衡任务，而不是泛化成万能优点。,已经存在与区分平稳、压力、恢复状态，降低高压占位和单一功能垄断相关的K机制、触发、循环或修复卡点。,没有明确风险靶点，或靶点由同一事实重复生成。,由共享基础引擎提供；仅修正保护功能的承载、持续调用和压力状态下的稳定性，不直接等同成熟度、道德或现实行为。,由M1／M2接口提供；夫妻星、心动原型和关系门槛只说明关系议题，不单独证明保护因素已经被调用或有效。,由M3-BASE及M4各模块提供；日支、日柱近位可提高与亲密关系核心的相关性，但同一source_id不得重复计分。,保护因素必须明确限制过用、补足缺位、恢复顺序、打开反馈、落实改变或完成修复回流；不能只凭五行相生补写现实效果。,近位提高进入亲密关系核心的概率；远位只作背景、阶段或条件性修正。,根气只修正该保护功能是否容易重复调用，不等于现实中已经形成稳定保护。,旺弱只修正调用强度与承载；强不自动有效，弱也不自动无效。,喜忌只修正摩擦、平衡与承载，不可直接翻译为好坏、成熟度或解决方案。,原十神功能有效；真合化成立时按化神功能替换，合化争议时停止定性。,近位提高直接相关性；远位仅保留背景、阶段或低置信修正。,93,匹配靶点+6,buffer_target,状态分工与现实支持主要处理：区分平稳、压力、恢复状态，降低高压占位和单一功能垄断。,这项资源最有价值的地方，是在区分平稳、压力、恢复状态，降低高压占位和单一功能垄断时提供具体调节。,不得仅凭本规则断定问题已经解决、关系必然稳定、用户一定成熟、某十神天然是“药”、喜用神自动等于解决办法，或淡化暴力、强迫与现实伤害；现实行为、反例、安全事实和专业支持优先。,高,待验证,,provisional=true；保护因素的现实有效性必须由可观察行为、反馈和持续结果验证。,0.8
M4-BUFFER-079,BF08 状态分工与现实支持｜结构成立条件,L1 BF01—BF08保护因素,BUFFER-保护因素,通用,结构证据,BF08 状态分工与现实支持,判断命理结构是否具备独立、可调用的保护功能。,能够识别当前状态、调整任务顺序，并在需要时调用伴侣协作、亲友、专业或安全资源。,把高压反应当成固定人格，或只凭命盘假定现实支持一定存在。,由共享基础引擎提供；仅修正保护功能的承载、持续调用和压力状态下的稳定性，不直接等同成熟度、道德或现实行为。,由M1／M2接口提供；夫妻星、心动原型和关系门槛只说明关系议题，不单独证明保护因素已经被调用或有效。,由M3-BASE及M4各模块提供；日支、日柱近位可提高与亲密关系核心的相关性，但同一source_id不得重复计分。,保护因素必须明确限制过用、补足缺位、恢复顺序、打开反馈、落实改变或完成修复回流；不能只凭五行相生补写现实效果。,近位提高进入亲密关系核心的概率；远位只作背景、阶段或条件性修正。,根气只修正该保护功能是否容易重复调用，不等于现实中已经形成稳定保护。,旺弱只修正调用强度与承载；强不自动有效，弱也不自动无效。,喜忌只修正摩擦、平衡与承载，不可直接翻译为好坏、成熟度或解决方案。,原十神功能有效；真合化成立时按化神功能替换，合化争议时停止定性。,近位提高直接相关性；远位仅保留背景、阶段或低置信修正。,90,独立结构+8,buffer_evidence,结构层面需满足：能够识别当前状态、调整任务顺序，并在需要时调用伴侣协作、亲友、专业或安全资源。,从结构上看，你具备这类调节资源，但是否稳定发挥仍需现实验证。,不得仅凭本规则断定问题已经解决、关系必然稳定、用户一定成熟、某十神天然是“药”、喜用神自动等于解决办法，或淡化暴力、强迫与现实伤害；现实行为、反例、安全事实和专业支持优先。,中高,待验证,,provisional=true；保护因素的现实有效性必须由可观察行为、反馈和持续结果验证。,0.8
M4-BUFFER-080,BF08 状态分工与现实支持｜现实启动证据,L1 BF01—BF08保护因素,BUFFER-保护因素,通用,现实证据,BF08 状态分工与现实支持,把潜在资源升级为现实已启动资源。,至少有一个具体事件显示该功能被调用，并改变了处理顺序、反馈、边界或后续行动。,只有知识、自述、标签或一次无后续结果的动作。,由共享基础引擎提供；仅修正保护功能的承载、持续调用和压力状态下的稳定性，不直接等同成熟度、道德或现实行为。,由M1／M2接口提供；夫妻星、心动原型和关系门槛只说明关系议题，不单独证明保护因素已经被调用或有效。,由M3-BASE及M4各模块提供；日支、日柱近位可提高与亲密关系核心的相关性，但同一source_id不得重复计分。,保护因素必须明确限制过用、补足缺位、恢复顺序、打开反馈、落实改变或完成修复回流；不能只凭五行相生补写现实效果。,近位提高进入亲密关系核心的概率；远位只作背景、阶段或条件性修正。,根气只修正该保护功能是否容易重复调用，不等于现实中已经形成稳定保护。,旺弱只修正调用强度与承载；强不自动有效，弱也不自动无效。,喜忌只修正摩擦、平衡与承载，不可直接翻译为好坏、成熟度或解决方案。,原十神功能有效；真合化成立时按化神功能替换，合化争议时停止定性。,近位提高直接相关性；远位仅保留背景、阶段或低置信修正。,92,现实启动+12,buffer_activation,只有当状态分工与现实支持在事件中真正改变风险链时，才能升级为现实保护。,如果你在关键时刻确实用出这项方法，并让后续处理发生变化，它才算真正启动。,不得仅凭本规则断定问题已经解决、关系必然稳定、用户一定成熟、某十神天然是“药”、喜用神自动等于解决办法，或淡化暴力、强迫与现实伤害；现实行为、反例、安全事实和专业支持优先。,中高,待验证,,provisional=true；保护因素的现实有效性必须由可观察行为、反馈和持续结果验证。,0.8
M4-BUFFER-081,BF08 状态分工与现实支持｜稳定有效证据,L1 BF01—BF08保护因素,BUFFER-保护因素,通用,效果验证,BF08 状态分工与现实支持,判断保护是否跨情境稳定，而非单次高光。,在至少两个相似或不同情境中有效，且包含反例审查与接收方反馈。,只在一次低代价情境有效，或高压下完全失效。,由共享基础引擎提供；仅修正保护功能的承载、持续调用和压力状态下的稳定性，不直接等同成熟度、道德或现实行为。,由M1／M2接口提供；夫妻星、心动原型和关系门槛只说明关系议题，不单独证明保护因素已经被调用或有效。,由M3-BASE及M4各模块提供；日支、日柱近位可提高与亲密关系核心的相关性，但同一source_id不得重复计分。,保护因素必须明确限制过用、补足缺位、恢复顺序、打开反馈、落实改变或完成修复回流；不能只凭五行相生补写现实效果。,近位提高进入亲密关系核心的概率；远位只作背景、阶段或条件性修正。,根气只修正该保护功能是否容易重复调用，不等于现实中已经形成稳定保护。,旺弱只修正调用强度与承载；强不自动有效，弱也不自动无效。,喜忌只修正摩擦、平衡与承载，不可直接翻译为好坏、成熟度或解决方案。,原十神功能有效；真合化成立时按化神功能替换，合化争议时停止定性。,近位提高直接相关性；远位仅保留背景、阶段或低置信修正。,94,稳定有效+16,buffer_level,状态分工与现实支持需要重复有效、跨情境与反例检验，才能成为稳定保护。,若这项方法在不同情境里都能帮助你调整，并经得住反例，它的保护作用才更可信。,不得仅凭本规则断定问题已经解决、关系必然稳定、用户一定成熟、某十神天然是“药”、喜用神自动等于解决办法，或淡化暴力、强迫与现实伤害；现实行为、反例、安全事实和专业支持优先。,中高,待验证,,provisional=true；保护因素的现实有效性必须由可观察行为、反馈和持续结果验证。,0.8
M4-BUFFER-082,BF08 状态分工与现实支持｜失效与伪保护,L1 BF01—BF08保护因素,BUFFER-保护因素,通用,降级,BF08 状态分工与现实支持,识别名义保护、过度补偿或功能错配。,把高压反应当成固定人格，或只凭命盘假定现实支持一定存在。,存在明确现实证据显示该功能真正改变了风险链。,由共享基础引擎提供；仅修正保护功能的承载、持续调用和压力状态下的稳定性，不直接等同成熟度、道德或现实行为。,由M1／M2接口提供；夫妻星、心动原型和关系门槛只说明关系议题，不单独证明保护因素已经被调用或有效。,由M3-BASE及M4各模块提供；日支、日柱近位可提高与亲密关系核心的相关性，但同一source_id不得重复计分。,保护因素必须明确限制过用、补足缺位、恢复顺序、打开反馈、落实改变或完成修复回流；不能只凭五行相生补写现实效果。,近位提高进入亲密关系核心的概率；远位只作背景、阶段或条件性修正。,根气只修正该保护功能是否容易重复调用，不等于现实中已经形成稳定保护。,旺弱只修正调用强度与承载；强不自动有效，弱也不自动无效。,喜忌只修正摩擦、平衡与承载，不可直接翻译为好坏、成熟度或解决方案。,原十神功能有效；真合化成立时按化神功能替换，合化争议时停止定性。,近位提高直接相关性；远位仅保留背景、阶段或低置信修正。,96,失效-12／降级,pseudo_buffer,当把高压反应当成固定人格，或只凭命盘假定现实支持一定存在。时，状态分工与现实支持只能降为潜在资源或伪保护候选。,若这项资源只停留在标签，或反而造成新的僵化，就不能把它当成有效保护。,不得仅凭本规则断定问题已经解决、关系必然稳定、用户一定成熟、某十神天然是“药”、喜用神自动等于解决办法，或淡化暴力、强迫与现实伤害；现实行为、反例、安全事实和专业支持优先。,中高,待验证,,provisional=true；保护因素的现实有效性必须由可观察行为、反馈和持续结果验证。,0.8
M4-BUFFER-083,BF08 状态分工与现实支持｜用户输出,L1 BF01—BF08保护因素,BUFFER-保护因素,通用,语言,BF08 状态分工与现实支持,生成中性、条件化的用户解释。,能够识别当前状态、调整任务顺序，并在需要时调用伴侣协作、亲友、专业或安全资源。,把高压反应当成固定人格，或只凭命盘假定现实支持一定存在。,由共享基础引擎提供；仅修正保护功能的承载、持续调用和压力状态下的稳定性，不直接等同成熟度、道德或现实行为。,由M1／M2接口提供；夫妻星、心动原型和关系门槛只说明关系议题，不单独证明保护因素已经被调用或有效。,由M3-BASE及M4各模块提供；日支、日柱近位可提高与亲密关系核心的相关性，但同一source_id不得重复计分。,保护因素必须明确限制过用、补足缺位、恢复顺序、打开反馈、落实改变或完成修复回流；不能只凭五行相生补写现实效果。,近位提高进入亲密关系核心的概率；远位只作背景、阶段或条件性修正。,根气只修正该保护功能是否容易重复调用，不等于现实中已经形成稳定保护。,旺弱只修正调用强度与承载；强不自动有效，弱也不自动无效。,喜忌只修正摩擦、平衡与承载，不可直接翻译为好坏、成熟度或解决方案。,原十神功能有效；真合化成立时按化神功能替换，合化争议时停止定性。,近位提高直接相关性；远位仅保留背景、阶段或低置信修正。,88,不加分；输出,report_text,状态分工让不同功能在合适阶段承担任务；现实支持则在个人资源不足时提供外部承载。,知道自己现在处于平稳、初压还是高压，并在需要时借助现实支持，能减少一种反应长期占据全部关系任务。,不得仅凭本规则断定问题已经解决、关系必然稳定、用户一定成熟、某十神天然是“药”、喜用神自动等于解决办法，或淡化暴力、强迫与现实伤害；现实行为、反例、安全事实和专业支持优先。,中高,待验证,,provisional=true；保护因素的现实有效性必须由可观察行为、反馈和持续结果验证。,0.8
M4-BUFFER-084,BF08 状态分工与现实支持｜使用边界,L1 BF01—BF08保护因素,BUFFER-保护因素,通用,边界,BF08 状态分工与现实支持,限制发布强度。,完成同源去重、现实反例和安全门控。,把该因素写成绝对化解、关系必稳或道德优点。,由共享基础引擎提供；仅修正保护功能的承载、持续调用和压力状态下的稳定性，不直接等同成熟度、道德或现实行为。,由M1／M2接口提供；夫妻星、心动原型和关系门槛只说明关系议题，不单独证明保护因素已经被调用或有效。,由M3-BASE及M4各模块提供；日支、日柱近位可提高与亲密关系核心的相关性，但同一source_id不得重复计分。,保护因素必须明确限制过用、补足缺位、恢复顺序、打开反馈、落实改变或完成修复回流；不能只凭五行相生补写现实效果。,近位提高进入亲密关系核心的概率；远位只作背景、阶段或条件性修正。,根气只修正该保护功能是否容易重复调用，不等于现实中已经形成稳定保护。,旺弱只修正调用强度与承载；强不自动有效，弱也不自动无效。,喜忌只修正摩擦、平衡与承载，不可直接翻译为好坏、成熟度或解决方案。,原十神功能有效；真合化成立时按化神功能替换，合化争议时停止定性。,近位提高直接相关性；远位仅保留背景、阶段或低置信修正。,99,边界／封顶,boundary_note,状态分工与现实支持是针对具体链条的功能，不是万能药。,这项资源能减弱特定盲点，但不代表所有关系问题都会自动消失。,不得仅凭本规则断定问题已经解决、关系必然稳定、用户一定成熟、某十神天然是“药”、喜用神自动等于解决办法，或淡化暴力、强迫与现实伤害；现实行为、反例、安全事实和专业支持优先。,高,待验证,,provisional=true；保护因素的现实有效性必须由可观察行为、反馈和持续结果验证。,0.8
M4-BUFFER-085,比肩｜平等边界与自我复核｜正常保护功能,L2 十神保护通道,BUFFER-十神保护通道,通用,定义,比肩,BF03／BF05；说明该十神在保护链中的中性功能。,比肩功能有独立来源、能够进入亲密关系核心，并在现实中表现为清楚边界、分工和共同决定。,只强调“公平”“各管各的”，却缺少合作、反馈或责任分工。,由共享基础引擎提供；仅修正保护功能的承载、持续调用和压力状态下的稳定性，不直接等同成熟度、道德或现实行为。,由M1／M2接口提供；夫妻星、心动原型和关系门槛只说明关系议题，不单独证明保护因素已经被调用或有效。,由M3-BASE及M4各模块提供；日支、日柱近位可提高与亲密关系核心的相关性，但同一source_id不得重复计分。,保护因素必须明确限制过用、补足缺位、恢复顺序、打开反馈、落实改变或完成修复回流；不能只凭五行相生补写现实效果。,近位提高进入亲密关系核心的概率；远位只作背景、阶段或条件性修正。,根气只修正该保护功能是否容易重复调用，不等于现实中已经形成稳定保护。,旺弱只修正调用强度与承载；强不自动有效，弱也不自动无效。,喜忌只修正摩擦、平衡与承载，不可直接翻译为好坏、成熟度或解决方案。,原十神功能有效；真合化成立时按化神功能替换，合化争议时停止定性。,近位提高直接相关性；远位仅保留背景、阶段或低置信修正。,90,基础通道+4,buffer_channel,帮助用户区分自己的立场、对方的立场和共同决定范围，保留自主同时允许协商。,你已有的保护资源之一，是在关系里把自己的选择和共同决定分开说清，从而减少一方替另一方作主。,不得仅凭本规则断定问题已经解决、关系必然稳定、用户一定成熟、某十神天然是“药”、喜用神自动等于解决办法，或淡化暴力、强迫与现实伤害；现实行为、反例、安全事实和专业支持优先。,中高,待验证,,provisional=true；保护因素的现实有效性必须由可观察行为、反馈和持续结果验证。,0.8
M4-BUFFER-086,比肩｜平等边界与自我复核｜主要风险靶点,L2 十神保护通道,BUFFER-十神保护通道,通用,路由,比肩,BF03／BF05；将十神功能路由到适配的风险机制。,已存在K01过用、K05竞争、LP08平等竞争、RB07规则等同协商中的至少一项候选。,没有对应风险靶点，或靶点由同一十神事实重复生成。,由共享基础引擎提供；仅修正保护功能的承载、持续调用和压力状态下的稳定性，不直接等同成熟度、道德或现实行为。,由M1／M2接口提供；夫妻星、心动原型和关系门槛只说明关系议题，不单独证明保护因素已经被调用或有效。,由M3-BASE及M4各模块提供；日支、日柱近位可提高与亲密关系核心的相关性，但同一source_id不得重复计分。,保护因素必须明确限制过用、补足缺位、恢复顺序、打开反馈、落实改变或完成修复回流；不能只凭五行相生补写现实效果。,近位提高进入亲密关系核心的概率；远位只作背景、阶段或条件性修正。,根气只修正该保护功能是否容易重复调用，不等于现实中已经形成稳定保护。,旺弱只修正调用强度与承载；强不自动有效，弱也不自动无效。,喜忌只修正摩擦、平衡与承载，不可直接翻译为好坏、成熟度或解决方案。,原十神功能有效；真合化成立时按化神功能替换，合化争议时停止定性。,近位提高直接相关性；远位仅保留背景、阶段或低置信修正。,88,靶点匹配+4,buffer_target,比肩的保护功能主要路由至：K01过用、K05竞争、LP08平等竞争、RB07规则等同协商。,这项资源主要帮助处理与平等边界与自我复核有关的具体盲点。,不得仅凭本规则断定问题已经解决、关系必然稳定、用户一定成熟、某十神天然是“药”、喜用神自动等于解决办法，或淡化暴力、强迫与现实伤害；现实行为、反例、安全事实和专业支持优先。,中高,待验证,,provisional=true；保护因素的现实有效性必须由可观察行为、反馈和持续结果验证。,0.8
M4-BUFFER-087,比肩｜平等边界与自我复核｜有效成立条件,L2 十神保护通道,BUFFER-十神保护通道,通用,结构证据,比肩,BF03／BF05；判断该通道是否可被独立调用。,比肩功能有独立来源、能够进入亲密关系核心，并在现实中表现为清楚边界、分工和共同决定。,只强调“公平”“各管各的”，却缺少合作、反馈或责任分工。,由共享基础引擎提供；仅修正保护功能的承载、持续调用和压力状态下的稳定性，不直接等同成熟度、道德或现实行为。,由M1／M2接口提供；夫妻星、心动原型和关系门槛只说明关系议题，不单独证明保护因素已经被调用或有效。,由M3-BASE及M4各模块提供；日支、日柱近位可提高与亲密关系核心的相关性，但同一source_id不得重复计分。,保护因素必须明确限制过用、补足缺位、恢复顺序、打开反馈、落实改变或完成修复回流；不能只凭五行相生补写现实效果。,近位提高进入亲密关系核心的概率；远位只作背景、阶段或条件性修正。,根气只修正该保护功能是否容易重复调用，不等于现实中已经形成稳定保护。,旺弱只修正调用强度与承载；强不自动有效，弱也不自动无效。,喜忌只修正摩擦、平衡与承载，不可直接翻译为好坏、成熟度或解决方案。,原十神功能有效；真合化成立时按化神功能替换，合化争议时停止定性。,近位提高直接相关性；远位仅保留背景、阶段或低置信修正。,89,独立有效+6,buffer_evidence,有效平等边界与自我复核需要：比肩功能有独立来源、能够进入亲密关系核心，并在现实中表现为清楚边界、分工和共同决定。,从结构上看，你具备平等边界与自我复核的资源，但还要确认现实中能否稳定使用。,不得仅凭本规则断定问题已经解决、关系必然稳定、用户一定成熟、某十神天然是“药”、喜用神自动等于解决办法，或淡化暴力、强迫与现实伤害；现实行为、反例、安全事实和专业支持优先。,中高,待验证,,provisional=true；保护因素的现实有效性必须由可观察行为、反馈和持续结果验证。,0.8
M4-BUFFER-088,比肩｜平等边界与自我复核｜不足或伪保护,L2 十神保护通道,BUFFER-十神保护通道,通用,降级,比肩,BF03／BF05；识别该十神的保护性误用。,只强调“公平”“各管各的”，却缺少合作、反馈或责任分工。,现实中该通道已经改变风险链并持续有效。,由共享基础引擎提供；仅修正保护功能的承载、持续调用和压力状态下的稳定性，不直接等同成熟度、道德或现实行为。,由M1／M2接口提供；夫妻星、心动原型和关系门槛只说明关系议题，不单独证明保护因素已经被调用或有效。,由M3-BASE及M4各模块提供；日支、日柱近位可提高与亲密关系核心的相关性，但同一source_id不得重复计分。,保护因素必须明确限制过用、补足缺位、恢复顺序、打开反馈、落实改变或完成修复回流；不能只凭五行相生补写现实效果。,近位提高进入亲密关系核心的概率；远位只作背景、阶段或条件性修正。,根气只修正该保护功能是否容易重复调用，不等于现实中已经形成稳定保护。,旺弱只修正调用强度与承载；强不自动有效，弱也不自动无效。,喜忌只修正摩擦、平衡与承载，不可直接翻译为好坏、成熟度或解决方案。,原十神功能有效；真合化成立时按化神功能替换，合化争议时停止定性。,近位提高直接相关性；远位仅保留背景、阶段或低置信修正。,94,失效-8,pseudo_buffer,比肩在保护位置失效时常表现为：只强调“公平”“各管各的”，却缺少合作、反馈或责任分工。,如果这项方式只停留在表面，或让另一项必要任务更晚进入，就不能把它当成稳定保护。,不得仅凭本规则断定问题已经解决、关系必然稳定、用户一定成熟、某十神天然是“药”、喜用神自动等于解决办法，或淡化暴力、强迫与现实伤害；现实行为、反例、安全事实和专业支持优先。,中高,待验证,,provisional=true；保护因素的现实有效性必须由可观察行为、反馈和持续结果验证。,0.8
M4-BUFFER-089,比肩｜平等边界与自我复核｜用户输出,L2 十神保护通道,BUFFER-十神保护通道,通用,语言,比肩,BF03／BF05；生成用户可理解的保护资源描述。,比肩功能有独立来源、能够进入亲密关系核心，并在现实中表现为清楚边界、分工和共同决定。,只强调“公平”“各管各的”，却缺少合作、反馈或责任分工。,由共享基础引擎提供；仅修正保护功能的承载、持续调用和压力状态下的稳定性，不直接等同成熟度、道德或现实行为。,由M1／M2接口提供；夫妻星、心动原型和关系门槛只说明关系议题，不单独证明保护因素已经被调用或有效。,由M3-BASE及M4各模块提供；日支、日柱近位可提高与亲密关系核心的相关性，但同一source_id不得重复计分。,保护因素必须明确限制过用、补足缺位、恢复顺序、打开反馈、落实改变或完成修复回流；不能只凭五行相生补写现实效果。,近位提高进入亲密关系核心的概率；远位只作背景、阶段或条件性修正。,根气只修正该保护功能是否容易重复调用，不等于现实中已经形成稳定保护。,旺弱只修正调用强度与承载；强不自动有效，弱也不自动无效。,喜忌只修正摩擦、平衡与承载，不可直接翻译为好坏、成熟度或解决方案。,原十神功能有效；真合化成立时按化神功能替换，合化争议时停止定性。,近位提高直接相关性；远位仅保留背景、阶段或低置信修正。,84,不加分；输出,report_text,帮助用户区分自己的立场、对方的立场和共同决定范围，保留自主同时允许协商。,你已有的保护资源之一，是在关系里把自己的选择和共同决定分开说清，从而减少一方替另一方作主。,不得仅凭本规则断定问题已经解决、关系必然稳定、用户一定成熟、某十神天然是“药”、喜用神自动等于解决办法，或淡化暴力、强迫与现实伤害；现实行为、反例、安全事实和专业支持优先。,中高,待验证,,provisional=true；保护因素的现实有效性必须由可观察行为、反馈和持续结果验证。,0.8
M4-BUFFER-090,比肩｜平等边界与自我复核｜禁止推断,L2 十神保护通道,BUFFER-十神保护通道,通用,边界,比肩,BF03／BF05；限制十神保护解释。,完成同源去重、现实反例和安全检查。,将该十神写成天然成熟、万能药或关系必稳。,由共享基础引擎提供；仅修正保护功能的承载、持续调用和压力状态下的稳定性，不直接等同成熟度、道德或现实行为。,由M1／M2接口提供；夫妻星、心动原型和关系门槛只说明关系议题，不单独证明保护因素已经被调用或有效。,由M3-BASE及M4各模块提供；日支、日柱近位可提高与亲密关系核心的相关性，但同一source_id不得重复计分。,保护因素必须明确限制过用、补足缺位、恢复顺序、打开反馈、落实改变或完成修复回流；不能只凭五行相生补写现实效果。,近位提高进入亲密关系核心的概率；远位只作背景、阶段或条件性修正。,根气只修正该保护功能是否容易重复调用，不等于现实中已经形成稳定保护。,旺弱只修正调用强度与承载；强不自动有效，弱也不自动无效。,喜忌只修正摩擦、平衡与承载，不可直接翻译为好坏、成熟度或解决方案。,原十神功能有效；真合化成立时按化神功能替换，合化争议时停止定性。,近位提高直接相关性；远位仅保留背景、阶段或低置信修正。,98,边界／封顶,boundary_note,比肩只提供一种功能资源，是否有效取决于靶点、时机、强度和现实结果。,这项资源只对特定问题有帮助，并不代表所有关系风险都会因此消失。,不得仅凭本规则断定问题已经解决、关系必然稳定、用户一定成熟、某十神天然是“药”、喜用神自动等于解决办法，或淡化暴力、强迫与现实伤害；现实行为、反例、安全事实和专业支持优先。,高,待验证,,provisional=true；保护因素的现实有效性必须由可观察行为、反馈和持续结果验证。,0.8
M4-BUFFER-091,劫财｜即时协作与资源动员｜正常保护功能,L2 十神保护通道,BUFFER-十神保护通道,通用,定义,劫财,BF06／BF08；说明该十神在保护链中的中性功能。,劫财功能有边界、有分工，并能在行动后回到反馈和责任。,即时介入变成抢位、资源边界不清或行动结束后没有回访。,由共享基础引擎提供；仅修正保护功能的承载、持续调用和压力状态下的稳定性，不直接等同成熟度、道德或现实行为。,由M1／M2接口提供；夫妻星、心动原型和关系门槛只说明关系议题，不单独证明保护因素已经被调用或有效。,由M3-BASE及M4各模块提供；日支、日柱近位可提高与亲密关系核心的相关性，但同一source_id不得重复计分。,保护因素必须明确限制过用、补足缺位、恢复顺序、打开反馈、落实改变或完成修复回流；不能只凭五行相生补写现实效果。,近位提高进入亲密关系核心的概率；远位只作背景、阶段或条件性修正。,根气只修正该保护功能是否容易重复调用，不等于现实中已经形成稳定保护。,旺弱只修正调用强度与承载；强不自动有效，弱也不自动无效。,喜忌只修正摩擦、平衡与承载，不可直接翻译为好坏、成熟度或解决方案。,原十神功能有效；真合化成立时按化神功能替换，合化争议时停止定性。,近位提高直接相关性；远位仅保留背景、阶段或低置信修正。,90,基础通道+4,buffer_channel,在压力或任务出现时快速调动人力、信息与行动，让问题不只由一人承担。,你能够通过快速协作和调动资源分担压力；真正有保护作用的是行动同时保留分工和后续反馈。,不得仅凭本规则断定问题已经解决、关系必然稳定、用户一定成熟、某十神天然是“药”、喜用神自动等于解决办法，或淡化暴力、强迫与现实伤害；现实行为、反例、安全事实和专业支持优先。,中高,待验证,,provisional=true；保护因素的现实有效性必须由可观察行为、反馈和持续结果验证。,0.8
M4-BUFFER-092,劫财｜即时协作与资源动员｜主要风险靶点,L2 十神保护通道,BUFFER-十神保护通道,通用,路由,劫财,BF06／BF08；将十神功能路由到适配的风险机制。,已存在K02功能不足、K04顺序错位、TR04现实压力、RN06补救行动中的至少一项候选。,没有对应风险靶点，或靶点由同一十神事实重复生成。,由共享基础引擎提供；仅修正保护功能的承载、持续调用和压力状态下的稳定性，不直接等同成熟度、道德或现实行为。,由M1／M2接口提供；夫妻星、心动原型和关系门槛只说明关系议题，不单独证明保护因素已经被调用或有效。,由M3-BASE及M4各模块提供；日支、日柱近位可提高与亲密关系核心的相关性，但同一source_id不得重复计分。,保护因素必须明确限制过用、补足缺位、恢复顺序、打开反馈、落实改变或完成修复回流；不能只凭五行相生补写现实效果。,近位提高进入亲密关系核心的概率；远位只作背景、阶段或条件性修正。,根气只修正该保护功能是否容易重复调用，不等于现实中已经形成稳定保护。,旺弱只修正调用强度与承载；强不自动有效，弱也不自动无效。,喜忌只修正摩擦、平衡与承载，不可直接翻译为好坏、成熟度或解决方案。,原十神功能有效；真合化成立时按化神功能替换，合化争议时停止定性。,近位提高直接相关性；远位仅保留背景、阶段或低置信修正。,88,靶点匹配+4,buffer_target,劫财的保护功能主要路由至：K02功能不足、K04顺序错位、TR04现实压力、RN06补救行动。,这项资源主要帮助处理与即时协作与资源动员有关的具体盲点。,不得仅凭本规则断定问题已经解决、关系必然稳定、用户一定成熟、某十神天然是“药”、喜用神自动等于解决办法，或淡化暴力、强迫与现实伤害；现实行为、反例、安全事实和专业支持优先。,中高,待验证,,provisional=true；保护因素的现实有效性必须由可观察行为、反馈和持续结果验证。,0.8
M4-BUFFER-093,劫财｜即时协作与资源动员｜有效成立条件,L2 十神保护通道,BUFFER-十神保护通道,通用,结构证据,劫财,BF06／BF08；判断该通道是否可被独立调用。,劫财功能有边界、有分工，并能在行动后回到反馈和责任。,即时介入变成抢位、资源边界不清或行动结束后没有回访。,由共享基础引擎提供；仅修正保护功能的承载、持续调用和压力状态下的稳定性，不直接等同成熟度、道德或现实行为。,由M1／M2接口提供；夫妻星、心动原型和关系门槛只说明关系议题，不单独证明保护因素已经被调用或有效。,由M3-BASE及M4各模块提供；日支、日柱近位可提高与亲密关系核心的相关性，但同一source_id不得重复计分。,保护因素必须明确限制过用、补足缺位、恢复顺序、打开反馈、落实改变或完成修复回流；不能只凭五行相生补写现实效果。,近位提高进入亲密关系核心的概率；远位只作背景、阶段或条件性修正。,根气只修正该保护功能是否容易重复调用，不等于现实中已经形成稳定保护。,旺弱只修正调用强度与承载；强不自动有效，弱也不自动无效。,喜忌只修正摩擦、平衡与承载，不可直接翻译为好坏、成熟度或解决方案。,原十神功能有效；真合化成立时按化神功能替换，合化争议时停止定性。,近位提高直接相关性；远位仅保留背景、阶段或低置信修正。,89,独立有效+6,buffer_evidence,有效即时协作与资源动员需要：劫财功能有边界、有分工，并能在行动后回到反馈和责任。,从结构上看，你具备即时协作与资源动员的资源，但还要确认现实中能否稳定使用。,不得仅凭本规则断定问题已经解决、关系必然稳定、用户一定成熟、某十神天然是“药”、喜用神自动等于解决办法，或淡化暴力、强迫与现实伤害；现实行为、反例、安全事实和专业支持优先。,中高,待验证,,provisional=true；保护因素的现实有效性必须由可观察行为、反馈和持续结果验证。,0.8
M4-BUFFER-094,劫财｜即时协作与资源动员｜不足或伪保护,L2 十神保护通道,BUFFER-十神保护通道,通用,降级,劫财,BF06／BF08；识别该十神的保护性误用。,即时介入变成抢位、资源边界不清或行动结束后没有回访。,现实中该通道已经改变风险链并持续有效。,由共享基础引擎提供；仅修正保护功能的承载、持续调用和压力状态下的稳定性，不直接等同成熟度、道德或现实行为。,由M1／M2接口提供；夫妻星、心动原型和关系门槛只说明关系议题，不单独证明保护因素已经被调用或有效。,由M3-BASE及M4各模块提供；日支、日柱近位可提高与亲密关系核心的相关性，但同一source_id不得重复计分。,保护因素必须明确限制过用、补足缺位、恢复顺序、打开反馈、落实改变或完成修复回流；不能只凭五行相生补写现实效果。,近位提高进入亲密关系核心的概率；远位只作背景、阶段或条件性修正。,根气只修正该保护功能是否容易重复调用，不等于现实中已经形成稳定保护。,旺弱只修正调用强度与承载；强不自动有效，弱也不自动无效。,喜忌只修正摩擦、平衡与承载，不可直接翻译为好坏、成熟度或解决方案。,原十神功能有效；真合化成立时按化神功能替换，合化争议时停止定性。,近位提高直接相关性；远位仅保留背景、阶段或低置信修正。,94,失效-8,pseudo_buffer,劫财在保护位置失效时常表现为：即时介入变成抢位、资源边界不清或行动结束后没有回访。,如果这项方式只停留在表面，或让另一项必要任务更晚进入，就不能把它当成稳定保护。,不得仅凭本规则断定问题已经解决、关系必然稳定、用户一定成熟、某十神天然是“药”、喜用神自动等于解决办法，或淡化暴力、强迫与现实伤害；现实行为、反例、安全事实和专业支持优先。,中高,待验证,,provisional=true；保护因素的现实有效性必须由可观察行为、反馈和持续结果验证。,0.8
M4-BUFFER-095,劫财｜即时协作与资源动员｜用户输出,L2 十神保护通道,BUFFER-十神保护通道,通用,语言,劫财,BF06／BF08；生成用户可理解的保护资源描述。,劫财功能有边界、有分工，并能在行动后回到反馈和责任。,即时介入变成抢位、资源边界不清或行动结束后没有回访。,由共享基础引擎提供；仅修正保护功能的承载、持续调用和压力状态下的稳定性，不直接等同成熟度、道德或现实行为。,由M1／M2接口提供；夫妻星、心动原型和关系门槛只说明关系议题，不单独证明保护因素已经被调用或有效。,由M3-BASE及M4各模块提供；日支、日柱近位可提高与亲密关系核心的相关性，但同一source_id不得重复计分。,保护因素必须明确限制过用、补足缺位、恢复顺序、打开反馈、落实改变或完成修复回流；不能只凭五行相生补写现实效果。,近位提高进入亲密关系核心的概率；远位只作背景、阶段或条件性修正。,根气只修正该保护功能是否容易重复调用，不等于现实中已经形成稳定保护。,旺弱只修正调用强度与承载；强不自动有效，弱也不自动无效。,喜忌只修正摩擦、平衡与承载，不可直接翻译为好坏、成熟度或解决方案。,原十神功能有效；真合化成立时按化神功能替换，合化争议时停止定性。,近位提高直接相关性；远位仅保留背景、阶段或低置信修正。,84,不加分；输出,report_text,在压力或任务出现时快速调动人力、信息与行动，让问题不只由一人承担。,你能够通过快速协作和调动资源分担压力；真正有保护作用的是行动同时保留分工和后续反馈。,不得仅凭本规则断定问题已经解决、关系必然稳定、用户一定成熟、某十神天然是“药”、喜用神自动等于解决办法，或淡化暴力、强迫与现实伤害；现实行为、反例、安全事实和专业支持优先。,中高,待验证,,provisional=true；保护因素的现实有效性必须由可观察行为、反馈和持续结果验证。,0.8
M4-BUFFER-096,劫财｜即时协作与资源动员｜禁止推断,L2 十神保护通道,BUFFER-十神保护通道,通用,边界,劫财,BF06／BF08；限制十神保护解释。,完成同源去重、现实反例和安全检查。,将该十神写成天然成熟、万能药或关系必稳。,由共享基础引擎提供；仅修正保护功能的承载、持续调用和压力状态下的稳定性，不直接等同成熟度、道德或现实行为。,由M1／M2接口提供；夫妻星、心动原型和关系门槛只说明关系议题，不单独证明保护因素已经被调用或有效。,由M3-BASE及M4各模块提供；日支、日柱近位可提高与亲密关系核心的相关性，但同一source_id不得重复计分。,保护因素必须明确限制过用、补足缺位、恢复顺序、打开反馈、落实改变或完成修复回流；不能只凭五行相生补写现实效果。,近位提高进入亲密关系核心的概率；远位只作背景、阶段或条件性修正。,根气只修正该保护功能是否容易重复调用，不等于现实中已经形成稳定保护。,旺弱只修正调用强度与承载；强不自动有效，弱也不自动无效。,喜忌只修正摩擦、平衡与承载，不可直接翻译为好坏、成熟度或解决方案。,原十神功能有效；真合化成立时按化神功能替换，合化争议时停止定性。,近位提高直接相关性；远位仅保留背景、阶段或低置信修正。,98,边界／封顶,boundary_note,劫财只提供一种功能资源，是否有效取决于靶点、时机、强度和现实结果。,这项资源只对特定问题有帮助，并不代表所有关系风险都会因此消失。,不得仅凭本规则断定问题已经解决、关系必然稳定、用户一定成熟、某十神天然是“药”、喜用神自动等于解决办法，或淡化暴力、强迫与现实伤害；现实行为、反例、安全事实和专业支持优先。,高,待验证,,provisional=true；保护因素的现实有效性必须由可观察行为、反馈和持续结果验证。,0.8
M4-BUFFER-097,食神｜降温、舒缓与可接近性｜正常保护功能,L2 十神保护通道,BUFFER-十神保护通道,通用,定义,食神,BF04／BF07／BF08；说明该十神在保护链中的中性功能。,食神功能用于阶段性降温，之后有明确回访、议题重开和现实处理。,只恢复舒服氛围，却长期不回到关键问题。,由共享基础引擎提供；仅修正保护功能的承载、持续调用和压力状态下的稳定性，不直接等同成熟度、道德或现实行为。,由M1／M2接口提供；夫妻星、心动原型和关系门槛只说明关系议题，不单独证明保护因素已经被调用或有效。,由M3-BASE及M4各模块提供；日支、日柱近位可提高与亲密关系核心的相关性，但同一source_id不得重复计分。,保护因素必须明确限制过用、补足缺位、恢复顺序、打开反馈、落实改变或完成修复回流；不能只凭五行相生补写现实效果。,近位提高进入亲密关系核心的概率；远位只作背景、阶段或条件性修正。,根气只修正该保护功能是否容易重复调用，不等于现实中已经形成稳定保护。,旺弱只修正调用强度与承载；强不自动有效，弱也不自动无效。,喜忌只修正摩擦、平衡与承载，不可直接翻译为好坏、成熟度或解决方案。,原十神功能有效；真合化成立时按化神功能替换，合化争议时停止定性。,近位提高直接相关性；远位仅保留背景、阶段或低置信修正。,90,基础通道+4,buffer_channel,降低关系强度，恢复基本安全和可沟通状态，为后续关键议题处理创造条件。,你有能力先把关系拉回可沟通状态；关键是降温之后要重新进入问题本身，而不是让舒服替代处理。,不得仅凭本规则断定问题已经解决、关系必然稳定、用户一定成熟、某十神天然是“药”、喜用神自动等于解决办法，或淡化暴力、强迫与现实伤害；现实行为、反例、安全事实和专业支持优先。,中高,待验证,,provisional=true；保护因素的现实有效性必须由可观察行为、反馈和持续结果验证。,0.8
M4-BUFFER-098,食神｜降温、舒缓与可接近性｜主要风险靶点,L2 十神保护通道,BUFFER-十神保护通道,通用,路由,食神,BF04／BF07／BF08；将十神功能路由到适配的风险机制。,已存在K01过用、K04顺序错位、LP03和谐延后、RN01安全与RN03影响确认中的至少一项候选。,没有对应风险靶点，或靶点由同一十神事实重复生成。,由共享基础引擎提供；仅修正保护功能的承载、持续调用和压力状态下的稳定性，不直接等同成熟度、道德或现实行为。,由M1／M2接口提供；夫妻星、心动原型和关系门槛只说明关系议题，不单独证明保护因素已经被调用或有效。,由M3-BASE及M4各模块提供；日支、日柱近位可提高与亲密关系核心的相关性，但同一source_id不得重复计分。,保护因素必须明确限制过用、补足缺位、恢复顺序、打开反馈、落实改变或完成修复回流；不能只凭五行相生补写现实效果。,近位提高进入亲密关系核心的概率；远位只作背景、阶段或条件性修正。,根气只修正该保护功能是否容易重复调用，不等于现实中已经形成稳定保护。,旺弱只修正调用强度与承载；强不自动有效，弱也不自动无效。,喜忌只修正摩擦、平衡与承载，不可直接翻译为好坏、成熟度或解决方案。,原十神功能有效；真合化成立时按化神功能替换，合化争议时停止定性。,近位提高直接相关性；远位仅保留背景、阶段或低置信修正。,88,靶点匹配+4,buffer_target,食神的保护功能主要路由至：K01过用、K04顺序错位、LP03和谐延后、RN01安全与RN03影响确认。,这项资源主要帮助处理与降温、舒缓与可接近性有关的具体盲点。,不得仅凭本规则断定问题已经解决、关系必然稳定、用户一定成熟、某十神天然是“药”、喜用神自动等于解决办法，或淡化暴力、强迫与现实伤害；现实行为、反例、安全事实和专业支持优先。,中高,待验证,,provisional=true；保护因素的现实有效性必须由可观察行为、反馈和持续结果验证。,0.8
M4-BUFFER-099,食神｜降温、舒缓与可接近性｜有效成立条件,L2 十神保护通道,BUFFER-十神保护通道,通用,结构证据,食神,BF04／BF07／BF08；判断该通道是否可被独立调用。,食神功能用于阶段性降温，之后有明确回访、议题重开和现实处理。,只恢复舒服氛围，却长期不回到关键问题。,由共享基础引擎提供；仅修正保护功能的承载、持续调用和压力状态下的稳定性，不直接等同成熟度、道德或现实行为。,由M1／M2接口提供；夫妻星、心动原型和关系门槛只说明关系议题，不单独证明保护因素已经被调用或有效。,由M3-BASE及M4各模块提供；日支、日柱近位可提高与亲密关系核心的相关性，但同一source_id不得重复计分。,保护因素必须明确限制过用、补足缺位、恢复顺序、打开反馈、落实改变或完成修复回流；不能只凭五行相生补写现实效果。,近位提高进入亲密关系核心的概率；远位只作背景、阶段或条件性修正。,根气只修正该保护功能是否容易重复调用，不等于现实中已经形成稳定保护。,旺弱只修正调用强度与承载；强不自动有效，弱也不自动无效。,喜忌只修正摩擦、平衡与承载，不可直接翻译为好坏、成熟度或解决方案。,原十神功能有效；真合化成立时按化神功能替换，合化争议时停止定性。,近位提高直接相关性；远位仅保留背景、阶段或低置信修正。,89,独立有效+6,buffer_evidence,有效降温、舒缓与可接近性需要：食神功能用于阶段性降温，之后有明确回访、议题重开和现实处理。,从结构上看，你具备降温、舒缓与可接近性的资源，但还要确认现实中能否稳定使用。,不得仅凭本规则断定问题已经解决、关系必然稳定、用户一定成熟、某十神天然是“药”、喜用神自动等于解决办法，或淡化暴力、强迫与现实伤害；现实行为、反例、安全事实和专业支持优先。,中高,待验证,,provisional=true；保护因素的现实有效性必须由可观察行为、反馈和持续结果验证。,0.8
M4-BUFFER-100,食神｜降温、舒缓与可接近性｜不足或伪保护,L2 十神保护通道,BUFFER-十神保护通道,通用,降级,食神,BF04／BF07／BF08；识别该十神的保护性误用。,只恢复舒服氛围，却长期不回到关键问题。,现实中该通道已经改变风险链并持续有效。,由共享基础引擎提供；仅修正保护功能的承载、持续调用和压力状态下的稳定性，不直接等同成熟度、道德或现实行为。,由M1／M2接口提供；夫妻星、心动原型和关系门槛只说明关系议题，不单独证明保护因素已经被调用或有效。,由M3-BASE及M4各模块提供；日支、日柱近位可提高与亲密关系核心的相关性，但同一source_id不得重复计分。,保护因素必须明确限制过用、补足缺位、恢复顺序、打开反馈、落实改变或完成修复回流；不能只凭五行相生补写现实效果。,近位提高进入亲密关系核心的概率；远位只作背景、阶段或条件性修正。,根气只修正该保护功能是否容易重复调用，不等于现实中已经形成稳定保护。,旺弱只修正调用强度与承载；强不自动有效，弱也不自动无效。,喜忌只修正摩擦、平衡与承载，不可直接翻译为好坏、成熟度或解决方案。,原十神功能有效；真合化成立时按化神功能替换，合化争议时停止定性。,近位提高直接相关性；远位仅保留背景、阶段或低置信修正。,94,失效-8,pseudo_buffer,食神在保护位置失效时常表现为：只恢复舒服氛围，却长期不回到关键问题。,如果这项方式只停留在表面，或让另一项必要任务更晚进入，就不能把它当成稳定保护。,不得仅凭本规则断定问题已经解决、关系必然稳定、用户一定成熟、某十神天然是“药”、喜用神自动等于解决办法，或淡化暴力、强迫与现实伤害；现实行为、反例、安全事实和专业支持优先。,中高,待验证,,provisional=true；保护因素的现实有效性必须由可观察行为、反馈和持续结果验证。,0.8
M4-BUFFER-101,食神｜降温、舒缓与可接近性｜用户输出,L2 十神保护通道,BUFFER-十神保护通道,通用,语言,食神,BF04／BF07／BF08；生成用户可理解的保护资源描述。,食神功能用于阶段性降温，之后有明确回访、议题重开和现实处理。,只恢复舒服氛围，却长期不回到关键问题。,由共享基础引擎提供；仅修正保护功能的承载、持续调用和压力状态下的稳定性，不直接等同成熟度、道德或现实行为。,由M1／M2接口提供；夫妻星、心动原型和关系门槛只说明关系议题，不单独证明保护因素已经被调用或有效。,由M3-BASE及M4各模块提供；日支、日柱近位可提高与亲密关系核心的相关性，但同一source_id不得重复计分。,保护因素必须明确限制过用、补足缺位、恢复顺序、打开反馈、落实改变或完成修复回流；不能只凭五行相生补写现实效果。,近位提高进入亲密关系核心的概率；远位只作背景、阶段或条件性修正。,根气只修正该保护功能是否容易重复调用，不等于现实中已经形成稳定保护。,旺弱只修正调用强度与承载；强不自动有效，弱也不自动无效。,喜忌只修正摩擦、平衡与承载，不可直接翻译为好坏、成熟度或解决方案。,原十神功能有效；真合化成立时按化神功能替换，合化争议时停止定性。,近位提高直接相关性；远位仅保留背景、阶段或低置信修正。,84,不加分；输出,report_text,降低关系强度，恢复基本安全和可沟通状态，为后续关键议题处理创造条件。,你有能力先把关系拉回可沟通状态；关键是降温之后要重新进入问题本身，而不是让舒服替代处理。,不得仅凭本规则断定问题已经解决、关系必然稳定、用户一定成熟、某十神天然是“药”、喜用神自动等于解决办法，或淡化暴力、强迫与现实伤害；现实行为、反例、安全事实和专业支持优先。,中高,待验证,,provisional=true；保护因素的现实有效性必须由可观察行为、反馈和持续结果验证。,0.8
M4-BUFFER-102,食神｜降温、舒缓与可接近性｜禁止推断,L2 十神保护通道,BUFFER-十神保护通道,通用,边界,食神,BF04／BF07／BF08；限制十神保护解释。,完成同源去重、现实反例和安全检查。,将该十神写成天然成熟、万能药或关系必稳。,由共享基础引擎提供；仅修正保护功能的承载、持续调用和压力状态下的稳定性，不直接等同成熟度、道德或现实行为。,由M1／M2接口提供；夫妻星、心动原型和关系门槛只说明关系议题，不单独证明保护因素已经被调用或有效。,由M3-BASE及M4各模块提供；日支、日柱近位可提高与亲密关系核心的相关性，但同一source_id不得重复计分。,保护因素必须明确限制过用、补足缺位、恢复顺序、打开反馈、落实改变或完成修复回流；不能只凭五行相生补写现实效果。,近位提高进入亲密关系核心的概率；远位只作背景、阶段或条件性修正。,根气只修正该保护功能是否容易重复调用，不等于现实中已经形成稳定保护。,旺弱只修正调用强度与承载；强不自动有效，弱也不自动无效。,喜忌只修正摩擦、平衡与承载，不可直接翻译为好坏、成熟度或解决方案。,原十神功能有效；真合化成立时按化神功能替换，合化争议时停止定性。,近位提高直接相关性；远位仅保留背景、阶段或低置信修正。,98,边界／封顶,boundary_note,食神只提供一种功能资源，是否有效取决于靶点、时机、强度和现实结果。,这项资源只对特定问题有帮助，并不代表所有关系风险都会因此消失。,不得仅凭本规则断定问题已经解决、关系必然稳定、用户一定成熟、某十神天然是“药”、喜用神自动等于解决办法，或淡化暴力、强迫与现实伤害；现实行为、反例、安全事实和专业支持优先。,高,待验证,,provisional=true；保护因素的现实有效性必须由可观察行为、反馈和持续结果验证。,0.8
M4-BUFFER-103,伤官｜问题命名、表达与反馈核对｜正常保护功能,L2 十神保护通道,BUFFER-十神保护通道,通用,定义,伤官,BF05／BF02；说明该十神在保护链中的中性功能。,表达包含提问、复述和二次确认，不只是增加信息量。,长篇解释、反复证明或只输出观点，没有接收对方反馈。,由共享基础引擎提供；仅修正保护功能的承载、持续调用和压力状态下的稳定性，不直接等同成熟度、道德或现实行为。,由M1／M2接口提供；夫妻星、心动原型和关系门槛只说明关系议题，不单独证明保护因素已经被调用或有效。,由M3-BASE及M4各模块提供；日支、日柱近位可提高与亲密关系核心的相关性，但同一source_id不得重复计分。,保护因素必须明确限制过用、补足缺位、恢复顺序、打开反馈、落实改变或完成修复回流；不能只凭五行相生补写现实效果。,近位提高进入亲密关系核心的概率；远位只作背景、阶段或条件性修正。,根气只修正该保护功能是否容易重复调用，不等于现实中已经形成稳定保护。,旺弱只修正调用强度与承载；强不自动有效，弱也不自动无效。,喜忌只修正摩擦、平衡与承载，不可直接翻译为好坏、成熟度或解决方案。,原十神功能有效；真合化成立时按化神功能替换，合化争议时停止定性。,近位提高直接相关性；远位仅保留背景、阶段或低置信修正。,90,基础通道+4,buffer_channel,把事实、影响、需求和边界说明清楚，质疑错误假设，并核对双方理解。,你可以通过清楚命名问题和核对理解保护关系；有效点不在说得更多，而在双方能确认真正听懂了什么。,不得仅凭本规则断定问题已经解决、关系必然稳定、用户一定成熟、某十神天然是“药”、喜用神自动等于解决办法，或淡化暴力、强迫与现实伤害；现实行为、反例、安全事实和专业支持优先。,中高,待验证,,provisional=true；保护因素的现实有效性必须由可观察行为、反馈和持续结果验证。,0.8
M4-BUFFER-104,伤官｜问题命名、表达与反馈核对｜主要风险靶点,L2 十神保护通道,BUFFER-十神保护通道,通用,路由,伤官,BF05／BF02；将十神功能路由到适配的风险机制。,已存在K02功能不足、K03替代、K06转换受阻、LP02解释升级中的至少一项候选。,没有对应风险靶点，或靶点由同一十神事实重复生成。,由共享基础引擎提供；仅修正保护功能的承载、持续调用和压力状态下的稳定性，不直接等同成熟度、道德或现实行为。,由M1／M2接口提供；夫妻星、心动原型和关系门槛只说明关系议题，不单独证明保护因素已经被调用或有效。,由M3-BASE及M4各模块提供；日支、日柱近位可提高与亲密关系核心的相关性，但同一source_id不得重复计分。,保护因素必须明确限制过用、补足缺位、恢复顺序、打开反馈、落实改变或完成修复回流；不能只凭五行相生补写现实效果。,近位提高进入亲密关系核心的概率；远位只作背景、阶段或条件性修正。,根气只修正该保护功能是否容易重复调用，不等于现实中已经形成稳定保护。,旺弱只修正调用强度与承载；强不自动有效，弱也不自动无效。,喜忌只修正摩擦、平衡与承载，不可直接翻译为好坏、成熟度或解决方案。,原十神功能有效；真合化成立时按化神功能替换，合化争议时停止定性。,近位提高直接相关性；远位仅保留背景、阶段或低置信修正。,88,靶点匹配+4,buffer_target,伤官的保护功能主要路由至：K02功能不足、K03替代、K06转换受阻、LP02解释升级。,这项资源主要帮助处理与问题命名、表达与反馈核对有关的具体盲点。,不得仅凭本规则断定问题已经解决、关系必然稳定、用户一定成熟、某十神天然是“药”、喜用神自动等于解决办法，或淡化暴力、强迫与现实伤害；现实行为、反例、安全事实和专业支持优先。,中高,待验证,,provisional=true；保护因素的现实有效性必须由可观察行为、反馈和持续结果验证。,0.8
M4-BUFFER-105,伤官｜问题命名、表达与反馈核对｜有效成立条件,L2 十神保护通道,BUFFER-十神保护通道,通用,结构证据,伤官,BF05／BF02；判断该通道是否可被独立调用。,表达包含提问、复述和二次确认，不只是增加信息量。,长篇解释、反复证明或只输出观点，没有接收对方反馈。,由共享基础引擎提供；仅修正保护功能的承载、持续调用和压力状态下的稳定性，不直接等同成熟度、道德或现实行为。,由M1／M2接口提供；夫妻星、心动原型和关系门槛只说明关系议题，不单独证明保护因素已经被调用或有效。,由M3-BASE及M4各模块提供；日支、日柱近位可提高与亲密关系核心的相关性，但同一source_id不得重复计分。,保护因素必须明确限制过用、补足缺位、恢复顺序、打开反馈、落实改变或完成修复回流；不能只凭五行相生补写现实效果。,近位提高进入亲密关系核心的概率；远位只作背景、阶段或条件性修正。,根气只修正该保护功能是否容易重复调用，不等于现实中已经形成稳定保护。,旺弱只修正调用强度与承载；强不自动有效，弱也不自动无效。,喜忌只修正摩擦、平衡与承载，不可直接翻译为好坏、成熟度或解决方案。,原十神功能有效；真合化成立时按化神功能替换，合化争议时停止定性。,近位提高直接相关性；远位仅保留背景、阶段或低置信修正。,89,独立有效+6,buffer_evidence,有效问题命名、表达与反馈核对需要：表达包含提问、复述和二次确认，不只是增加信息量。,从结构上看，你具备问题命名、表达与反馈核对的资源，但还要确认现实中能否稳定使用。,不得仅凭本规则断定问题已经解决、关系必然稳定、用户一定成熟、某十神天然是“药”、喜用神自动等于解决办法，或淡化暴力、强迫与现实伤害；现实行为、反例、安全事实和专业支持优先。,中高,待验证,,provisional=true；保护因素的现实有效性必须由可观察行为、反馈和持续结果验证。,0.8
M4-BUFFER-106,伤官｜问题命名、表达与反馈核对｜不足或伪保护,L2 十神保护通道,BUFFER-十神保护通道,通用,降级,伤官,BF05／BF02；识别该十神的保护性误用。,长篇解释、反复证明或只输出观点，没有接收对方反馈。,现实中该通道已经改变风险链并持续有效。,由共享基础引擎提供；仅修正保护功能的承载、持续调用和压力状态下的稳定性，不直接等同成熟度、道德或现实行为。,由M1／M2接口提供；夫妻星、心动原型和关系门槛只说明关系议题，不单独证明保护因素已经被调用或有效。,由M3-BASE及M4各模块提供；日支、日柱近位可提高与亲密关系核心的相关性，但同一source_id不得重复计分。,保护因素必须明确限制过用、补足缺位、恢复顺序、打开反馈、落实改变或完成修复回流；不能只凭五行相生补写现实效果。,近位提高进入亲密关系核心的概率；远位只作背景、阶段或条件性修正。,根气只修正该保护功能是否容易重复调用，不等于现实中已经形成稳定保护。,旺弱只修正调用强度与承载；强不自动有效，弱也不自动无效。,喜忌只修正摩擦、平衡与承载，不可直接翻译为好坏、成熟度或解决方案。,原十神功能有效；真合化成立时按化神功能替换，合化争议时停止定性。,近位提高直接相关性；远位仅保留背景、阶段或低置信修正。,94,失效-8,pseudo_buffer,伤官在保护位置失效时常表现为：长篇解释、反复证明或只输出观点，没有接收对方反馈。,如果这项方式只停留在表面，或让另一项必要任务更晚进入，就不能把它当成稳定保护。,不得仅凭本规则断定问题已经解决、关系必然稳定、用户一定成熟、某十神天然是“药”、喜用神自动等于解决办法，或淡化暴力、强迫与现实伤害；现实行为、反例、安全事实和专业支持优先。,中高,待验证,,provisional=true；保护因素的现实有效性必须由可观察行为、反馈和持续结果验证。,0.8
M4-BUFFER-107,伤官｜问题命名、表达与反馈核对｜用户输出,L2 十神保护通道,BUFFER-十神保护通道,通用,语言,伤官,BF05／BF02；生成用户可理解的保护资源描述。,表达包含提问、复述和二次确认，不只是增加信息量。,长篇解释、反复证明或只输出观点，没有接收对方反馈。,由共享基础引擎提供；仅修正保护功能的承载、持续调用和压力状态下的稳定性，不直接等同成熟度、道德或现实行为。,由M1／M2接口提供；夫妻星、心动原型和关系门槛只说明关系议题，不单独证明保护因素已经被调用或有效。,由M3-BASE及M4各模块提供；日支、日柱近位可提高与亲密关系核心的相关性，但同一source_id不得重复计分。,保护因素必须明确限制过用、补足缺位、恢复顺序、打开反馈、落实改变或完成修复回流；不能只凭五行相生补写现实效果。,近位提高进入亲密关系核心的概率；远位只作背景、阶段或条件性修正。,根气只修正该保护功能是否容易重复调用，不等于现实中已经形成稳定保护。,旺弱只修正调用强度与承载；强不自动有效，弱也不自动无效。,喜忌只修正摩擦、平衡与承载，不可直接翻译为好坏、成熟度或解决方案。,原十神功能有效；真合化成立时按化神功能替换，合化争议时停止定性。,近位提高直接相关性；远位仅保留背景、阶段或低置信修正。,84,不加分；输出,report_text,把事实、影响、需求和边界说明清楚，质疑错误假设，并核对双方理解。,你可以通过清楚命名问题和核对理解保护关系；有效点不在说得更多，而在双方能确认真正听懂了什么。,不得仅凭本规则断定问题已经解决、关系必然稳定、用户一定成熟、某十神天然是“药”、喜用神自动等于解决办法，或淡化暴力、强迫与现实伤害；现实行为、反例、安全事实和专业支持优先。,中高,待验证,,provisional=true；保护因素的现实有效性必须由可观察行为、反馈和持续结果验证。,0.8
M4-BUFFER-108,伤官｜问题命名、表达与反馈核对｜禁止推断,L2 十神保护通道,BUFFER-十神保护通道,通用,边界,伤官,BF05／BF02；限制十神保护解释。,完成同源去重、现实反例和安全检查。,将该十神写成天然成熟、万能药或关系必稳。,由共享基础引擎提供；仅修正保护功能的承载、持续调用和压力状态下的稳定性，不直接等同成熟度、道德或现实行为。,由M1／M2接口提供；夫妻星、心动原型和关系门槛只说明关系议题，不单独证明保护因素已经被调用或有效。,由M3-BASE及M4各模块提供；日支、日柱近位可提高与亲密关系核心的相关性，但同一source_id不得重复计分。,保护因素必须明确限制过用、补足缺位、恢复顺序、打开反馈、落实改变或完成修复回流；不能只凭五行相生补写现实效果。,近位提高进入亲密关系核心的概率；远位只作背景、阶段或条件性修正。,根气只修正该保护功能是否容易重复调用，不等于现实中已经形成稳定保护。,旺弱只修正调用强度与承载；强不自动有效，弱也不自动无效。,喜忌只修正摩擦、平衡与承载，不可直接翻译为好坏、成熟度或解决方案。,原十神功能有效；真合化成立时按化神功能替换，合化争议时停止定性。,近位提高直接相关性；远位仅保留背景、阶段或低置信修正。,98,边界／封顶,boundary_note,伤官只提供一种功能资源，是否有效取决于靶点、时机、强度和现实结果。,这项资源只对特定问题有帮助，并不代表所有关系风险都会因此消失。,不得仅凭本规则断定问题已经解决、关系必然稳定、用户一定成熟、某十神天然是“药”、喜用神自动等于解决办法，或淡化暴力、强迫与现实伤害；现实行为、反例、安全事实和专业支持优先。,高,待验证,,provisional=true；保护因素的现实有效性必须由可观察行为、反馈和持续结果验证。,0.8
M4-BUFFER-109,正财｜持续落实与资源边界｜正常保护功能,L2 十神保护通道,BUFFER-十神保护通道,通用,定义,正财,BF06／BF03；说明该十神在保护链中的中性功能。,有可执行安排、持续记录和现实回馈，同时资源分工清楚。,只靠投入量证明关系，或付出增加但需求与回馈没有谈清。,由共享基础引擎提供；仅修正保护功能的承载、持续调用和压力状态下的稳定性，不直接等同成熟度、道德或现实行为。,由M1／M2接口提供；夫妻星、心动原型和关系门槛只说明关系议题，不单独证明保护因素已经被调用或有效。,由M3-BASE及M4各模块提供；日支、日柱近位可提高与亲密关系核心的相关性，但同一source_id不得重复计分。,保护因素必须明确限制过用、补足缺位、恢复顺序、打开反馈、落实改变或完成修复回流；不能只凭五行相生补写现实效果。,近位提高进入亲密关系核心的概率；远位只作背景、阶段或条件性修正。,根气只修正该保护功能是否容易重复调用，不等于现实中已经形成稳定保护。,旺弱只修正调用强度与承载；强不自动有效，弱也不自动无效。,喜忌只修正摩擦、平衡与承载，不可直接翻译为好坏、成熟度或解决方案。,原十神功能有效；真合化成立时按化神功能替换，合化争议时停止定性。,近位提高直接相关性；远位仅保留背景、阶段或低置信修正。,90,基础通道+4,buffer_channel,把承诺、边界和修复方案转成稳定安排、时间资源与重复行为。,你能把关系里的共识落到持续安排上；真正的保护来自可重复兑现，而不是单纯做得更多。,不得仅凭本规则断定问题已经解决、关系必然稳定、用户一定成熟、某十神天然是“药”、喜用神自动等于解决办法，或淡化暴力、强迫与现实伤害；现实行为、反例、安全事实和专业支持优先。,中高,待验证,,provisional=true；保护因素的现实有效性必须由可观察行为、反馈和持续结果验证。,0.8
M4-BUFFER-110,正财｜持续落实与资源边界｜主要风险靶点,L2 十神保护通道,BUFFER-十神保护通道,通用,路由,正财,BF06／BF03；将十神功能路由到适配的风险机制。,已存在K06转换受阻、J06初期表现、LP06投入记账、RN06／RN08中的至少一项候选。,没有对应风险靶点，或靶点由同一十神事实重复生成。,由共享基础引擎提供；仅修正保护功能的承载、持续调用和压力状态下的稳定性，不直接等同成熟度、道德或现实行为。,由M1／M2接口提供；夫妻星、心动原型和关系门槛只说明关系议题，不单独证明保护因素已经被调用或有效。,由M3-BASE及M4各模块提供；日支、日柱近位可提高与亲密关系核心的相关性，但同一source_id不得重复计分。,保护因素必须明确限制过用、补足缺位、恢复顺序、打开反馈、落实改变或完成修复回流；不能只凭五行相生补写现实效果。,近位提高进入亲密关系核心的概率；远位只作背景、阶段或条件性修正。,根气只修正该保护功能是否容易重复调用，不等于现实中已经形成稳定保护。,旺弱只修正调用强度与承载；强不自动有效，弱也不自动无效。,喜忌只修正摩擦、平衡与承载，不可直接翻译为好坏、成熟度或解决方案。,原十神功能有效；真合化成立时按化神功能替换，合化争议时停止定性。,近位提高直接相关性；远位仅保留背景、阶段或低置信修正。,88,靶点匹配+4,buffer_target,正财的保护功能主要路由至：K06转换受阻、J06初期表现、LP06投入记账、RN06／RN08。,这项资源主要帮助处理与持续落实与资源边界有关的具体盲点。,不得仅凭本规则断定问题已经解决、关系必然稳定、用户一定成熟、某十神天然是“药”、喜用神自动等于解决办法，或淡化暴力、强迫与现实伤害；现实行为、反例、安全事实和专业支持优先。,中高,待验证,,provisional=true；保护因素的现实有效性必须由可观察行为、反馈和持续结果验证。,0.8
M4-BUFFER-111,正财｜持续落实与资源边界｜有效成立条件,L2 十神保护通道,BUFFER-十神保护通道,通用,结构证据,正财,BF06／BF03；判断该通道是否可被独立调用。,有可执行安排、持续记录和现实回馈，同时资源分工清楚。,只靠投入量证明关系，或付出增加但需求与回馈没有谈清。,由共享基础引擎提供；仅修正保护功能的承载、持续调用和压力状态下的稳定性，不直接等同成熟度、道德或现实行为。,由M1／M2接口提供；夫妻星、心动原型和关系门槛只说明关系议题，不单独证明保护因素已经被调用或有效。,由M3-BASE及M4各模块提供；日支、日柱近位可提高与亲密关系核心的相关性，但同一source_id不得重复计分。,保护因素必须明确限制过用、补足缺位、恢复顺序、打开反馈、落实改变或完成修复回流；不能只凭五行相生补写现实效果。,近位提高进入亲密关系核心的概率；远位只作背景、阶段或条件性修正。,根气只修正该保护功能是否容易重复调用，不等于现实中已经形成稳定保护。,旺弱只修正调用强度与承载；强不自动有效，弱也不自动无效。,喜忌只修正摩擦、平衡与承载，不可直接翻译为好坏、成熟度或解决方案。,原十神功能有效；真合化成立时按化神功能替换，合化争议时停止定性。,近位提高直接相关性；远位仅保留背景、阶段或低置信修正。,89,独立有效+6,buffer_evidence,有效持续落实与资源边界需要：有可执行安排、持续记录和现实回馈，同时资源分工清楚。,从结构上看，你具备持续落实与资源边界的资源，但还要确认现实中能否稳定使用。,不得仅凭本规则断定问题已经解决、关系必然稳定、用户一定成熟、某十神天然是“药”、喜用神自动等于解决办法，或淡化暴力、强迫与现实伤害；现实行为、反例、安全事实和专业支持优先。,中高,待验证,,provisional=true；保护因素的现实有效性必须由可观察行为、反馈和持续结果验证。,0.8
M4-BUFFER-112,正财｜持续落实与资源边界｜不足或伪保护,L2 十神保护通道,BUFFER-十神保护通道,通用,降级,正财,BF06／BF03；识别该十神的保护性误用。,只靠投入量证明关系，或付出增加但需求与回馈没有谈清。,现实中该通道已经改变风险链并持续有效。,由共享基础引擎提供；仅修正保护功能的承载、持续调用和压力状态下的稳定性，不直接等同成熟度、道德或现实行为。,由M1／M2接口提供；夫妻星、心动原型和关系门槛只说明关系议题，不单独证明保护因素已经被调用或有效。,由M3-BASE及M4各模块提供；日支、日柱近位可提高与亲密关系核心的相关性，但同一source_id不得重复计分。,保护因素必须明确限制过用、补足缺位、恢复顺序、打开反馈、落实改变或完成修复回流；不能只凭五行相生补写现实效果。,近位提高进入亲密关系核心的概率；远位只作背景、阶段或条件性修正。,根气只修正该保护功能是否容易重复调用，不等于现实中已经形成稳定保护。,旺弱只修正调用强度与承载；强不自动有效，弱也不自动无效。,喜忌只修正摩擦、平衡与承载，不可直接翻译为好坏、成熟度或解决方案。,原十神功能有效；真合化成立时按化神功能替换，合化争议时停止定性。,近位提高直接相关性；远位仅保留背景、阶段或低置信修正。,94,失效-8,pseudo_buffer,正财在保护位置失效时常表现为：只靠投入量证明关系，或付出增加但需求与回馈没有谈清。,如果这项方式只停留在表面，或让另一项必要任务更晚进入，就不能把它当成稳定保护。,不得仅凭本规则断定问题已经解决、关系必然稳定、用户一定成熟、某十神天然是“药”、喜用神自动等于解决办法，或淡化暴力、强迫与现实伤害；现实行为、反例、安全事实和专业支持优先。,中高,待验证,,provisional=true；保护因素的现实有效性必须由可观察行为、反馈和持续结果验证。,0.8
M4-BUFFER-113,正财｜持续落实与资源边界｜用户输出,L2 十神保护通道,BUFFER-十神保护通道,通用,语言,正财,BF06／BF03；生成用户可理解的保护资源描述。,有可执行安排、持续记录和现实回馈，同时资源分工清楚。,只靠投入量证明关系，或付出增加但需求与回馈没有谈清。,由共享基础引擎提供；仅修正保护功能的承载、持续调用和压力状态下的稳定性，不直接等同成熟度、道德或现实行为。,由M1／M2接口提供；夫妻星、心动原型和关系门槛只说明关系议题，不单独证明保护因素已经被调用或有效。,由M3-BASE及M4各模块提供；日支、日柱近位可提高与亲密关系核心的相关性，但同一source_id不得重复计分。,保护因素必须明确限制过用、补足缺位、恢复顺序、打开反馈、落实改变或完成修复回流；不能只凭五行相生补写现实效果。,近位提高进入亲密关系核心的概率；远位只作背景、阶段或条件性修正。,根气只修正该保护功能是否容易重复调用，不等于现实中已经形成稳定保护。,旺弱只修正调用强度与承载；强不自动有效，弱也不自动无效。,喜忌只修正摩擦、平衡与承载，不可直接翻译为好坏、成熟度或解决方案。,原十神功能有效；真合化成立时按化神功能替换，合化争议时停止定性。,近位提高直接相关性；远位仅保留背景、阶段或低置信修正。,84,不加分；输出,report_text,把承诺、边界和修复方案转成稳定安排、时间资源与重复行为。,你能把关系里的共识落到持续安排上；真正的保护来自可重复兑现，而不是单纯做得更多。,不得仅凭本规则断定问题已经解决、关系必然稳定、用户一定成熟、某十神天然是“药”、喜用神自动等于解决办法，或淡化暴力、强迫与现实伤害；现实行为、反例、安全事实和专业支持优先。,中高,待验证,,provisional=true；保护因素的现实有效性必须由可观察行为、反馈和持续结果验证。,0.8
M4-BUFFER-114,正财｜持续落实与资源边界｜禁止推断,L2 十神保护通道,BUFFER-十神保护通道,通用,边界,正财,BF06／BF03；限制十神保护解释。,完成同源去重、现实反例和安全检查。,将该十神写成天然成熟、万能药或关系必稳。,由共享基础引擎提供；仅修正保护功能的承载、持续调用和压力状态下的稳定性，不直接等同成熟度、道德或现实行为。,由M1／M2接口提供；夫妻星、心动原型和关系门槛只说明关系议题，不单独证明保护因素已经被调用或有效。,由M3-BASE及M4各模块提供；日支、日柱近位可提高与亲密关系核心的相关性，但同一source_id不得重复计分。,保护因素必须明确限制过用、补足缺位、恢复顺序、打开反馈、落实改变或完成修复回流；不能只凭五行相生补写现实效果。,近位提高进入亲密关系核心的概率；远位只作背景、阶段或条件性修正。,根气只修正该保护功能是否容易重复调用，不等于现实中已经形成稳定保护。,旺弱只修正调用强度与承载；强不自动有效，弱也不自动无效。,喜忌只修正摩擦、平衡与承载，不可直接翻译为好坏、成熟度或解决方案。,原十神功能有效；真合化成立时按化神功能替换，合化争议时停止定性。,近位提高直接相关性；远位仅保留背景、阶段或低置信修正。,98,边界／封顶,boundary_note,正财只提供一种功能资源，是否有效取决于靶点、时机、强度和现实结果。,这项资源只对特定问题有帮助，并不代表所有关系风险都会因此消失。,不得仅凭本规则断定问题已经解决、关系必然稳定、用户一定成熟、某十神天然是“药”、喜用神自动等于解决办法，或淡化暴力、强迫与现实伤害；现实行为、反例、安全事实和专业支持优先。,高,待验证,,provisional=true；保护因素的现实有效性必须由可观察行为、反馈和持续结果验证。,0.8
M4-BUFFER-115,偏财｜替代方案与灵活资源｜正常保护功能,L2 十神保护通道,BUFFER-十神保护通道,通用,定义,偏财,BF02／BF08；说明该十神在保护链中的中性功能。,替代方案仍服务于核心门槛，并能转成持续安排。,不断换场景、换方法或追求新鲜，却没有落地和复盘。,由共享基础引擎提供；仅修正保护功能的承载、持续调用和压力状态下的稳定性，不直接等同成熟度、道德或现实行为。,由M1／M2接口提供；夫妻星、心动原型和关系门槛只说明关系议题，不单独证明保护因素已经被调用或有效。,由M3-BASE及M4各模块提供；日支、日柱近位可提高与亲密关系核心的相关性，但同一source_id不得重复计分。,保护因素必须明确限制过用、补足缺位、恢复顺序、打开反馈、落实改变或完成修复回流；不能只凭五行相生补写现实效果。,近位提高进入亲密关系核心的概率；远位只作背景、阶段或条件性修正。,根气只修正该保护功能是否容易重复调用，不等于现实中已经形成稳定保护。,旺弱只修正调用强度与承载；强不自动有效，弱也不自动无效。,喜忌只修正摩擦、平衡与承载，不可直接翻译为好坏、成熟度或解决方案。,原十神功能有效；真合化成立时按化神功能替换，合化争议时停止定性。,近位提高直接相关性；远位仅保留背景、阶段或低置信修正。,90,基础通道+4,buffer_channel,在原方案卡住时寻找更灵活的路径、环境调整、人脉和现实支持。,你有能力在僵局中找到替代路径；有效的关键是新方案最终能回到稳定执行，而不是只换一种体验。,不得仅凭本规则断定问题已经解决、关系必然稳定、用户一定成熟、某十神天然是“药”、喜用神自动等于解决办法，或淡化暴力、强迫与现实伤害；现实行为、反例、安全事实和专业支持优先。,中高,待验证,,provisional=true；保护因素的现实有效性必须由可观察行为、反馈和持续结果验证。,0.8
M4-BUFFER-116,偏财｜替代方案与灵活资源｜主要风险靶点,L2 十神保护通道,BUFFER-十神保护通道,通用,路由,偏财,BF02／BF08；将十神功能路由到适配的风险机制。,已存在K04顺序错位、K05竞争、TR04现实压力、LP10新鲜落地中的至少一项候选。,没有对应风险靶点，或靶点由同一十神事实重复生成。,由共享基础引擎提供；仅修正保护功能的承载、持续调用和压力状态下的稳定性，不直接等同成熟度、道德或现实行为。,由M1／M2接口提供；夫妻星、心动原型和关系门槛只说明关系议题，不单独证明保护因素已经被调用或有效。,由M3-BASE及M4各模块提供；日支、日柱近位可提高与亲密关系核心的相关性，但同一source_id不得重复计分。,保护因素必须明确限制过用、补足缺位、恢复顺序、打开反馈、落实改变或完成修复回流；不能只凭五行相生补写现实效果。,近位提高进入亲密关系核心的概率；远位只作背景、阶段或条件性修正。,根气只修正该保护功能是否容易重复调用，不等于现实中已经形成稳定保护。,旺弱只修正调用强度与承载；强不自动有效，弱也不自动无效。,喜忌只修正摩擦、平衡与承载，不可直接翻译为好坏、成熟度或解决方案。,原十神功能有效；真合化成立时按化神功能替换，合化争议时停止定性。,近位提高直接相关性；远位仅保留背景、阶段或低置信修正。,88,靶点匹配+4,buffer_target,偏财的保护功能主要路由至：K04顺序错位、K05竞争、TR04现实压力、LP10新鲜落地。,这项资源主要帮助处理与替代方案与灵活资源有关的具体盲点。,不得仅凭本规则断定问题已经解决、关系必然稳定、用户一定成熟、某十神天然是“药”、喜用神自动等于解决办法，或淡化暴力、强迫与现实伤害；现实行为、反例、安全事实和专业支持优先。,中高,待验证,,provisional=true；保护因素的现实有效性必须由可观察行为、反馈和持续结果验证。,0.8
M4-BUFFER-117,偏财｜替代方案与灵活资源｜有效成立条件,L2 十神保护通道,BUFFER-十神保护通道,通用,结构证据,偏财,BF02／BF08；判断该通道是否可被独立调用。,替代方案仍服务于核心门槛，并能转成持续安排。,不断换场景、换方法或追求新鲜，却没有落地和复盘。,由共享基础引擎提供；仅修正保护功能的承载、持续调用和压力状态下的稳定性，不直接等同成熟度、道德或现实行为。,由M1／M2接口提供；夫妻星、心动原型和关系门槛只说明关系议题，不单独证明保护因素已经被调用或有效。,由M3-BASE及M4各模块提供；日支、日柱近位可提高与亲密关系核心的相关性，但同一source_id不得重复计分。,保护因素必须明确限制过用、补足缺位、恢复顺序、打开反馈、落实改变或完成修复回流；不能只凭五行相生补写现实效果。,近位提高进入亲密关系核心的概率；远位只作背景、阶段或条件性修正。,根气只修正该保护功能是否容易重复调用，不等于现实中已经形成稳定保护。,旺弱只修正调用强度与承载；强不自动有效，弱也不自动无效。,喜忌只修正摩擦、平衡与承载，不可直接翻译为好坏、成熟度或解决方案。,原十神功能有效；真合化成立时按化神功能替换，合化争议时停止定性。,近位提高直接相关性；远位仅保留背景、阶段或低置信修正。,89,独立有效+6,buffer_evidence,有效替代方案与灵活资源需要：替代方案仍服务于核心门槛，并能转成持续安排。,从结构上看，你具备替代方案与灵活资源的资源，但还要确认现实中能否稳定使用。,不得仅凭本规则断定问题已经解决、关系必然稳定、用户一定成熟、某十神天然是“药”、喜用神自动等于解决办法，或淡化暴力、强迫与现实伤害；现实行为、反例、安全事实和专业支持优先。,中高,待验证,,provisional=true；保护因素的现实有效性必须由可观察行为、反馈和持续结果验证。,0.8
M4-BUFFER-118,偏财｜替代方案与灵活资源｜不足或伪保护,L2 十神保护通道,BUFFER-十神保护通道,通用,降级,偏财,BF02／BF08；识别该十神的保护性误用。,不断换场景、换方法或追求新鲜，却没有落地和复盘。,现实中该通道已经改变风险链并持续有效。,由共享基础引擎提供；仅修正保护功能的承载、持续调用和压力状态下的稳定性，不直接等同成熟度、道德或现实行为。,由M1／M2接口提供；夫妻星、心动原型和关系门槛只说明关系议题，不单独证明保护因素已经被调用或有效。,由M3-BASE及M4各模块提供；日支、日柱近位可提高与亲密关系核心的相关性，但同一source_id不得重复计分。,保护因素必须明确限制过用、补足缺位、恢复顺序、打开反馈、落实改变或完成修复回流；不能只凭五行相生补写现实效果。,近位提高进入亲密关系核心的概率；远位只作背景、阶段或条件性修正。,根气只修正该保护功能是否容易重复调用，不等于现实中已经形成稳定保护。,旺弱只修正调用强度与承载；强不自动有效，弱也不自动无效。,喜忌只修正摩擦、平衡与承载，不可直接翻译为好坏、成熟度或解决方案。,原十神功能有效；真合化成立时按化神功能替换，合化争议时停止定性。,近位提高直接相关性；远位仅保留背景、阶段或低置信修正。,94,失效-8,pseudo_buffer,偏财在保护位置失效时常表现为：不断换场景、换方法或追求新鲜，却没有落地和复盘。,如果这项方式只停留在表面，或让另一项必要任务更晚进入，就不能把它当成稳定保护。,不得仅凭本规则断定问题已经解决、关系必然稳定、用户一定成熟、某十神天然是“药”、喜用神自动等于解决办法，或淡化暴力、强迫与现实伤害；现实行为、反例、安全事实和专业支持优先。,中高,待验证,,provisional=true；保护因素的现实有效性必须由可观察行为、反馈和持续结果验证。,0.8
M4-BUFFER-119,偏财｜替代方案与灵活资源｜用户输出,L2 十神保护通道,BUFFER-十神保护通道,通用,语言,偏财,BF02／BF08；生成用户可理解的保护资源描述。,替代方案仍服务于核心门槛，并能转成持续安排。,不断换场景、换方法或追求新鲜，却没有落地和复盘。,由共享基础引擎提供；仅修正保护功能的承载、持续调用和压力状态下的稳定性，不直接等同成熟度、道德或现实行为。,由M1／M2接口提供；夫妻星、心动原型和关系门槛只说明关系议题，不单独证明保护因素已经被调用或有效。,由M3-BASE及M4各模块提供；日支、日柱近位可提高与亲密关系核心的相关性，但同一source_id不得重复计分。,保护因素必须明确限制过用、补足缺位、恢复顺序、打开反馈、落实改变或完成修复回流；不能只凭五行相生补写现实效果。,近位提高进入亲密关系核心的概率；远位只作背景、阶段或条件性修正。,根气只修正该保护功能是否容易重复调用，不等于现实中已经形成稳定保护。,旺弱只修正调用强度与承载；强不自动有效，弱也不自动无效。,喜忌只修正摩擦、平衡与承载，不可直接翻译为好坏、成熟度或解决方案。,原十神功能有效；真合化成立时按化神功能替换，合化争议时停止定性。,近位提高直接相关性；远位仅保留背景、阶段或低置信修正。,84,不加分；输出,report_text,在原方案卡住时寻找更灵活的路径、环境调整、人脉和现实支持。,你有能力在僵局中找到替代路径；有效的关键是新方案最终能回到稳定执行，而不是只换一种体验。,不得仅凭本规则断定问题已经解决、关系必然稳定、用户一定成熟、某十神天然是“药”、喜用神自动等于解决办法，或淡化暴力、强迫与现实伤害；现实行为、反例、安全事实和专业支持优先。,中高,待验证,,provisional=true；保护因素的现实有效性必须由可观察行为、反馈和持续结果验证。,0.8
M4-BUFFER-120,偏财｜替代方案与灵活资源｜禁止推断,L2 十神保护通道,BUFFER-十神保护通道,通用,边界,偏财,BF02／BF08；限制十神保护解释。,完成同源去重、现实反例和安全检查。,将该十神写成天然成熟、万能药或关系必稳。,由共享基础引擎提供；仅修正保护功能的承载、持续调用和压力状态下的稳定性，不直接等同成熟度、道德或现实行为。,由M1／M2接口提供；夫妻星、心动原型和关系门槛只说明关系议题，不单独证明保护因素已经被调用或有效。,由M3-BASE及M4各模块提供；日支、日柱近位可提高与亲密关系核心的相关性，但同一source_id不得重复计分。,保护因素必须明确限制过用、补足缺位、恢复顺序、打开反馈、落实改变或完成修复回流；不能只凭五行相生补写现实效果。,近位提高进入亲密关系核心的概率；远位只作背景、阶段或条件性修正。,根气只修正该保护功能是否容易重复调用，不等于现实中已经形成稳定保护。,旺弱只修正调用强度与承载；强不自动有效，弱也不自动无效。,喜忌只修正摩擦、平衡与承载，不可直接翻译为好坏、成熟度或解决方案。,原十神功能有效；真合化成立时按化神功能替换，合化争议时停止定性。,近位提高直接相关性；远位仅保留背景、阶段或低置信修正。,98,边界／封顶,boundary_note,偏财只提供一种功能资源，是否有效取决于靶点、时机、强度和现实结果。,这项资源只对特定问题有帮助，并不代表所有关系风险都会因此消失。,不得仅凭本规则断定问题已经解决、关系必然稳定、用户一定成熟、某十神天然是“药”、喜用神自动等于解决办法，或淡化暴力、强迫与现实伤害；现实行为、反例、安全事实和专业支持优先。,高,待验证,,provisional=true；保护因素的现实有效性必须由可观察行为、反馈和持续结果验证。,0.8
M4-BUFFER-121,正官｜责任、规则与最小标准｜正常保护功能,L2 十神保护通道,BUFFER-十神保护通道,通用,定义,正官,BF01／BF06／BF03；说明该十神在保护链中的中性功能。,规则由双方参与制定，责任有现实执行和反馈。,规则只由一方制定、只强调身份，或规则越多反馈越少。,由共享基础引擎提供；仅修正保护功能的承载、持续调用和压力状态下的稳定性，不直接等同成熟度、道德或现实行为。,由M1／M2接口提供；夫妻星、心动原型和关系门槛只说明关系议题，不单独证明保护因素已经被调用或有效。,由M3-BASE及M4各模块提供；日支、日柱近位可提高与亲密关系核心的相关性，但同一source_id不得重复计分。,保护因素必须明确限制过用、补足缺位、恢复顺序、打开反馈、落实改变或完成修复回流；不能只凭五行相生补写现实效果。,近位提高进入亲密关系核心的概率；远位只作背景、阶段或条件性修正。,根气只修正该保护功能是否容易重复调用，不等于现实中已经形成稳定保护。,旺弱只修正调用强度与承载；强不自动有效，弱也不自动无效。,喜忌只修正摩擦、平衡与承载，不可直接翻译为好坏、成熟度或解决方案。,原十神功能有效；真合化成立时按化神功能替换，合化争议时停止定性。,近位提高直接相关性；远位仅保留背景、阶段或低置信修正。,90,基础通道+4,buffer_channel,明确责任、共同规则、最低可执行标准和持续守约要求。,你可以通过清楚的责任和最低可执行规则减少混乱；真正有效的是共同制定并持续兑现。,不得仅凭本规则断定问题已经解决、关系必然稳定、用户一定成熟、某十神天然是“药”、喜用神自动等于解决办法，或淡化暴力、强迫与现实伤害；现实行为、反例、安全事实和专业支持优先。,中高,待验证,,provisional=true；保护因素的现实有效性必须由可观察行为、反馈和持续结果验证。,0.8
M4-BUFFER-122,正官｜责任、规则与最小标准｜主要风险靶点,L2 十神保护通道,BUFFER-十神保护通道,通用,路由,正官,BF01／BF06／BF03；将十神功能路由到适配的风险机制。,已存在K01过用、K02不足、LP09规则反弹、RI02承诺失约中的至少一项候选。,没有对应风险靶点，或靶点由同一十神事实重复生成。,由共享基础引擎提供；仅修正保护功能的承载、持续调用和压力状态下的稳定性，不直接等同成熟度、道德或现实行为。,由M1／M2接口提供；夫妻星、心动原型和关系门槛只说明关系议题，不单独证明保护因素已经被调用或有效。,由M3-BASE及M4各模块提供；日支、日柱近位可提高与亲密关系核心的相关性，但同一source_id不得重复计分。,保护因素必须明确限制过用、补足缺位、恢复顺序、打开反馈、落实改变或完成修复回流；不能只凭五行相生补写现实效果。,近位提高进入亲密关系核心的概率；远位只作背景、阶段或条件性修正。,根气只修正该保护功能是否容易重复调用，不等于现实中已经形成稳定保护。,旺弱只修正调用强度与承载；强不自动有效，弱也不自动无效。,喜忌只修正摩擦、平衡与承载，不可直接翻译为好坏、成熟度或解决方案。,原十神功能有效；真合化成立时按化神功能替换，合化争议时停止定性。,近位提高直接相关性；远位仅保留背景、阶段或低置信修正。,88,靶点匹配+4,buffer_target,正官的保护功能主要路由至：K01过用、K02不足、LP09规则反弹、RI02承诺失约。,这项资源主要帮助处理与责任、规则与最小标准有关的具体盲点。,不得仅凭本规则断定问题已经解决、关系必然稳定、用户一定成熟、某十神天然是“药”、喜用神自动等于解决办法，或淡化暴力、强迫与现实伤害；现实行为、反例、安全事实和专业支持优先。,中高,待验证,,provisional=true；保护因素的现实有效性必须由可观察行为、反馈和持续结果验证。,0.8
M4-BUFFER-123,正官｜责任、规则与最小标准｜有效成立条件,L2 十神保护通道,BUFFER-十神保护通道,通用,结构证据,正官,BF01／BF06／BF03；判断该通道是否可被独立调用。,规则由双方参与制定，责任有现实执行和反馈。,规则只由一方制定、只强调身份，或规则越多反馈越少。,由共享基础引擎提供；仅修正保护功能的承载、持续调用和压力状态下的稳定性，不直接等同成熟度、道德或现实行为。,由M1／M2接口提供；夫妻星、心动原型和关系门槛只说明关系议题，不单独证明保护因素已经被调用或有效。,由M3-BASE及M4各模块提供；日支、日柱近位可提高与亲密关系核心的相关性，但同一source_id不得重复计分。,保护因素必须明确限制过用、补足缺位、恢复顺序、打开反馈、落实改变或完成修复回流；不能只凭五行相生补写现实效果。,近位提高进入亲密关系核心的概率；远位只作背景、阶段或条件性修正。,根气只修正该保护功能是否容易重复调用，不等于现实中已经形成稳定保护。,旺弱只修正调用强度与承载；强不自动有效，弱也不自动无效。,喜忌只修正摩擦、平衡与承载，不可直接翻译为好坏、成熟度或解决方案。,原十神功能有效；真合化成立时按化神功能替换，合化争议时停止定性。,近位提高直接相关性；远位仅保留背景、阶段或低置信修正。,89,独立有效+6,buffer_evidence,有效责任、规则与最小标准需要：规则由双方参与制定，责任有现实执行和反馈。,从结构上看，你具备责任、规则与最小标准的资源，但还要确认现实中能否稳定使用。,不得仅凭本规则断定问题已经解决、关系必然稳定、用户一定成熟、某十神天然是“药”、喜用神自动等于解决办法，或淡化暴力、强迫与现实伤害；现实行为、反例、安全事实和专业支持优先。,中高,待验证,,provisional=true；保护因素的现实有效性必须由可观察行为、反馈和持续结果验证。,0.8
M4-BUFFER-124,正官｜责任、规则与最小标准｜不足或伪保护,L2 十神保护通道,BUFFER-十神保护通道,通用,降级,正官,BF01／BF06／BF03；识别该十神的保护性误用。,规则只由一方制定、只强调身份，或规则越多反馈越少。,现实中该通道已经改变风险链并持续有效。,由共享基础引擎提供；仅修正保护功能的承载、持续调用和压力状态下的稳定性，不直接等同成熟度、道德或现实行为。,由M1／M2接口提供；夫妻星、心动原型和关系门槛只说明关系议题，不单独证明保护因素已经被调用或有效。,由M3-BASE及M4各模块提供；日支、日柱近位可提高与亲密关系核心的相关性，但同一source_id不得重复计分。,保护因素必须明确限制过用、补足缺位、恢复顺序、打开反馈、落实改变或完成修复回流；不能只凭五行相生补写现实效果。,近位提高进入亲密关系核心的概率；远位只作背景、阶段或条件性修正。,根气只修正该保护功能是否容易重复调用，不等于现实中已经形成稳定保护。,旺弱只修正调用强度与承载；强不自动有效，弱也不自动无效。,喜忌只修正摩擦、平衡与承载，不可直接翻译为好坏、成熟度或解决方案。,原十神功能有效；真合化成立时按化神功能替换，合化争议时停止定性。,近位提高直接相关性；远位仅保留背景、阶段或低置信修正。,94,失效-8,pseudo_buffer,正官在保护位置失效时常表现为：规则只由一方制定、只强调身份，或规则越多反馈越少。,如果这项方式只停留在表面，或让另一项必要任务更晚进入，就不能把它当成稳定保护。,不得仅凭本规则断定问题已经解决、关系必然稳定、用户一定成熟、某十神天然是“药”、喜用神自动等于解决办法，或淡化暴力、强迫与现实伤害；现实行为、反例、安全事实和专业支持优先。,中高,待验证,,provisional=true；保护因素的现实有效性必须由可观察行为、反馈和持续结果验证。,0.8
M4-BUFFER-125,正官｜责任、规则与最小标准｜用户输出,L2 十神保护通道,BUFFER-十神保护通道,通用,语言,正官,BF01／BF06／BF03；生成用户可理解的保护资源描述。,规则由双方参与制定，责任有现实执行和反馈。,规则只由一方制定、只强调身份，或规则越多反馈越少。,由共享基础引擎提供；仅修正保护功能的承载、持续调用和压力状态下的稳定性，不直接等同成熟度、道德或现实行为。,由M1／M2接口提供；夫妻星、心动原型和关系门槛只说明关系议题，不单独证明保护因素已经被调用或有效。,由M3-BASE及M4各模块提供；日支、日柱近位可提高与亲密关系核心的相关性，但同一source_id不得重复计分。,保护因素必须明确限制过用、补足缺位、恢复顺序、打开反馈、落实改变或完成修复回流；不能只凭五行相生补写现实效果。,近位提高进入亲密关系核心的概率；远位只作背景、阶段或条件性修正。,根气只修正该保护功能是否容易重复调用，不等于现实中已经形成稳定保护。,旺弱只修正调用强度与承载；强不自动有效，弱也不自动无效。,喜忌只修正摩擦、平衡与承载，不可直接翻译为好坏、成熟度或解决方案。,原十神功能有效；真合化成立时按化神功能替换，合化争议时停止定性。,近位提高直接相关性；远位仅保留背景、阶段或低置信修正。,84,不加分；输出,report_text,明确责任、共同规则、最低可执行标准和持续守约要求。,你可以通过清楚的责任和最低可执行规则减少混乱；真正有效的是共同制定并持续兑现。,不得仅凭本规则断定问题已经解决、关系必然稳定、用户一定成熟、某十神天然是“药”、喜用神自动等于解决办法，或淡化暴力、强迫与现实伤害；现实行为、反例、安全事实和专业支持优先。,中高,待验证,,provisional=true；保护因素的现实有效性必须由可观察行为、反馈和持续结果验证。,0.8
M4-BUFFER-126,正官｜责任、规则与最小标准｜禁止推断,L2 十神保护通道,BUFFER-十神保护通道,通用,边界,正官,BF01／BF06／BF03；限制十神保护解释。,完成同源去重、现实反例和安全检查。,将该十神写成天然成熟、万能药或关系必稳。,由共享基础引擎提供；仅修正保护功能的承载、持续调用和压力状态下的稳定性，不直接等同成熟度、道德或现实行为。,由M1／M2接口提供；夫妻星、心动原型和关系门槛只说明关系议题，不单独证明保护因素已经被调用或有效。,由M3-BASE及M4各模块提供；日支、日柱近位可提高与亲密关系核心的相关性，但同一source_id不得重复计分。,保护因素必须明确限制过用、补足缺位、恢复顺序、打开反馈、落实改变或完成修复回流；不能只凭五行相生补写现实效果。,近位提高进入亲密关系核心的概率；远位只作背景、阶段或条件性修正。,根气只修正该保护功能是否容易重复调用，不等于现实中已经形成稳定保护。,旺弱只修正调用强度与承载；强不自动有效，弱也不自动无效。,喜忌只修正摩擦、平衡与承载，不可直接翻译为好坏、成熟度或解决方案。,原十神功能有效；真合化成立时按化神功能替换，合化争议时停止定性。,近位提高直接相关性；远位仅保留背景、阶段或低置信修正。,98,边界／封顶,boundary_note,正官只提供一种功能资源，是否有效取决于靶点、时机、强度和现实结果。,这项资源只对特定问题有帮助，并不代表所有关系风险都会因此消失。,不得仅凭本规则断定问题已经解决、关系必然稳定、用户一定成熟、某十神天然是“药”、喜用神自动等于解决办法，或淡化暴力、强迫与现实伤害；现实行为、反例、安全事实和专业支持优先。,高,待验证,,provisional=true；保护因素的现实有效性必须由可观察行为、反馈和持续结果验证。,0.8
M4-BUFFER-127,七杀｜止损、安全与关键行动｜正常保护功能,L2 十神保护通道,BUFFER-十神保护通道,通用,定义,七杀,BF01／BF08；说明该十神在保护链中的中性功能。,行动目标清楚、范围有限，并在危机后回到协商、反馈和责任。,快速处置越过当事人选择，或高压行动长期成为唯一处理方式。,由共享基础引擎提供；仅修正保护功能的承载、持续调用和压力状态下的稳定性，不直接等同成熟度、道德或现实行为。,由M1／M2接口提供；夫妻星、心动原型和关系门槛只说明关系议题，不单独证明保护因素已经被调用或有效。,由M3-BASE及M4各模块提供；日支、日柱近位可提高与亲密关系核心的相关性，但同一source_id不得重复计分。,保护因素必须明确限制过用、补足缺位、恢复顺序、打开反馈、落实改变或完成修复回流；不能只凭五行相生补写现实效果。,近位提高进入亲密关系核心的概率；远位只作背景、阶段或条件性修正。,根气只修正该保护功能是否容易重复调用，不等于现实中已经形成稳定保护。,旺弱只修正调用强度与承载；强不自动有效，弱也不自动无效。,喜忌只修正摩擦、平衡与承载，不可直接翻译为好坏、成熟度或解决方案。,原十神功能有效；真合化成立时按化神功能替换，合化争议时停止定性。,近位提高直接相关性；远位仅保留背景、阶段或低置信修正。,90,基础通道+4,buffer_channel,在高压或安全风险中快速停止扩大、保护选择权并推动必要行动。,你在关键时刻具备快速止损和保护的能力；保护成立的前提是行动有边界，并在事后恢复协商和选择权。,不得仅凭本规则断定问题已经解决、关系必然稳定、用户一定成熟、某十神天然是“药”、喜用神自动等于解决办法，或淡化暴力、强迫与现实伤害；现实行为、反例、安全事实和专业支持优先。,中高,待验证,,provisional=true；保护因素的现实有效性必须由可观察行为、反馈和持续结果验证。,0.8
M4-BUFFER-128,七杀｜止损、安全与关键行动｜主要风险靶点,L2 十神保护通道,BUFFER-十神保护通道,通用,路由,七杀,BF01／BF08；将十神功能路由到适配的风险机制。,已存在TR08高压、RN01停止伤害、RI05越界、RI08安全事件中的至少一项候选。,没有对应风险靶点，或靶点由同一十神事实重复生成。,由共享基础引擎提供；仅修正保护功能的承载、持续调用和压力状态下的稳定性，不直接等同成熟度、道德或现实行为。,由M1／M2接口提供；夫妻星、心动原型和关系门槛只说明关系议题，不单独证明保护因素已经被调用或有效。,由M3-BASE及M4各模块提供；日支、日柱近位可提高与亲密关系核心的相关性，但同一source_id不得重复计分。,保护因素必须明确限制过用、补足缺位、恢复顺序、打开反馈、落实改变或完成修复回流；不能只凭五行相生补写现实效果。,近位提高进入亲密关系核心的概率；远位只作背景、阶段或条件性修正。,根气只修正该保护功能是否容易重复调用，不等于现实中已经形成稳定保护。,旺弱只修正调用强度与承载；强不自动有效，弱也不自动无效。,喜忌只修正摩擦、平衡与承载，不可直接翻译为好坏、成熟度或解决方案。,原十神功能有效；真合化成立时按化神功能替换，合化争议时停止定性。,近位提高直接相关性；远位仅保留背景、阶段或低置信修正。,88,靶点匹配+4,buffer_target,七杀的保护功能主要路由至：TR08高压、RN01停止伤害、RI05越界、RI08安全事件。,这项资源主要帮助处理与止损、安全与关键行动有关的具体盲点。,不得仅凭本规则断定问题已经解决、关系必然稳定、用户一定成熟、某十神天然是“药”、喜用神自动等于解决办法，或淡化暴力、强迫与现实伤害；现实行为、反例、安全事实和专业支持优先。,中高,待验证,,provisional=true；保护因素的现实有效性必须由可观察行为、反馈和持续结果验证。,0.8
M4-BUFFER-129,七杀｜止损、安全与关键行动｜有效成立条件,L2 十神保护通道,BUFFER-十神保护通道,通用,结构证据,七杀,BF01／BF08；判断该通道是否可被独立调用。,行动目标清楚、范围有限，并在危机后回到协商、反馈和责任。,快速处置越过当事人选择，或高压行动长期成为唯一处理方式。,由共享基础引擎提供；仅修正保护功能的承载、持续调用和压力状态下的稳定性，不直接等同成熟度、道德或现实行为。,由M1／M2接口提供；夫妻星、心动原型和关系门槛只说明关系议题，不单独证明保护因素已经被调用或有效。,由M3-BASE及M4各模块提供；日支、日柱近位可提高与亲密关系核心的相关性，但同一source_id不得重复计分。,保护因素必须明确限制过用、补足缺位、恢复顺序、打开反馈、落实改变或完成修复回流；不能只凭五行相生补写现实效果。,近位提高进入亲密关系核心的概率；远位只作背景、阶段或条件性修正。,根气只修正该保护功能是否容易重复调用，不等于现实中已经形成稳定保护。,旺弱只修正调用强度与承载；强不自动有效，弱也不自动无效。,喜忌只修正摩擦、平衡与承载，不可直接翻译为好坏、成熟度或解决方案。,原十神功能有效；真合化成立时按化神功能替换，合化争议时停止定性。,近位提高直接相关性；远位仅保留背景、阶段或低置信修正。,89,独立有效+6,buffer_evidence,有效止损、安全与关键行动需要：行动目标清楚、范围有限，并在危机后回到协商、反馈和责任。,从结构上看，你具备止损、安全与关键行动的资源，但还要确认现实中能否稳定使用。,不得仅凭本规则断定问题已经解决、关系必然稳定、用户一定成熟、某十神天然是“药”、喜用神自动等于解决办法，或淡化暴力、强迫与现实伤害；现实行为、反例、安全事实和专业支持优先。,中高,待验证,,provisional=true；保护因素的现实有效性必须由可观察行为、反馈和持续结果验证。,0.8
M4-BUFFER-130,七杀｜止损、安全与关键行动｜不足或伪保护,L2 十神保护通道,BUFFER-十神保护通道,通用,降级,七杀,BF01／BF08；识别该十神的保护性误用。,快速处置越过当事人选择，或高压行动长期成为唯一处理方式。,现实中该通道已经改变风险链并持续有效。,由共享基础引擎提供；仅修正保护功能的承载、持续调用和压力状态下的稳定性，不直接等同成熟度、道德或现实行为。,由M1／M2接口提供；夫妻星、心动原型和关系门槛只说明关系议题，不单独证明保护因素已经被调用或有效。,由M3-BASE及M4各模块提供；日支、日柱近位可提高与亲密关系核心的相关性，但同一source_id不得重复计分。,保护因素必须明确限制过用、补足缺位、恢复顺序、打开反馈、落实改变或完成修复回流；不能只凭五行相生补写现实效果。,近位提高进入亲密关系核心的概率；远位只作背景、阶段或条件性修正。,根气只修正该保护功能是否容易重复调用，不等于现实中已经形成稳定保护。,旺弱只修正调用强度与承载；强不自动有效，弱也不自动无效。,喜忌只修正摩擦、平衡与承载，不可直接翻译为好坏、成熟度或解决方案。,原十神功能有效；真合化成立时按化神功能替换，合化争议时停止定性。,近位提高直接相关性；远位仅保留背景、阶段或低置信修正。,94,失效-8,pseudo_buffer,七杀在保护位置失效时常表现为：快速处置越过当事人选择，或高压行动长期成为唯一处理方式。,如果这项方式只停留在表面，或让另一项必要任务更晚进入，就不能把它当成稳定保护。,不得仅凭本规则断定问题已经解决、关系必然稳定、用户一定成熟、某十神天然是“药”、喜用神自动等于解决办法，或淡化暴力、强迫与现实伤害；现实行为、反例、安全事实和专业支持优先。,中高,待验证,,provisional=true；保护因素的现实有效性必须由可观察行为、反馈和持续结果验证。,0.8
M4-BUFFER-131,七杀｜止损、安全与关键行动｜用户输出,L2 十神保护通道,BUFFER-十神保护通道,通用,语言,七杀,BF01／BF08；生成用户可理解的保护资源描述。,行动目标清楚、范围有限，并在危机后回到协商、反馈和责任。,快速处置越过当事人选择，或高压行动长期成为唯一处理方式。,由共享基础引擎提供；仅修正保护功能的承载、持续调用和压力状态下的稳定性，不直接等同成熟度、道德或现实行为。,由M1／M2接口提供；夫妻星、心动原型和关系门槛只说明关系议题，不单独证明保护因素已经被调用或有效。,由M3-BASE及M4各模块提供；日支、日柱近位可提高与亲密关系核心的相关性，但同一source_id不得重复计分。,保护因素必须明确限制过用、补足缺位、恢复顺序、打开反馈、落实改变或完成修复回流；不能只凭五行相生补写现实效果。,近位提高进入亲密关系核心的概率；远位只作背景、阶段或条件性修正。,根气只修正该保护功能是否容易重复调用，不等于现实中已经形成稳定保护。,旺弱只修正调用强度与承载；强不自动有效，弱也不自动无效。,喜忌只修正摩擦、平衡与承载，不可直接翻译为好坏、成熟度或解决方案。,原十神功能有效；真合化成立时按化神功能替换，合化争议时停止定性。,近位提高直接相关性；远位仅保留背景、阶段或低置信修正。,84,不加分；输出,report_text,在高压或安全风险中快速停止扩大、保护选择权并推动必要行动。,你在关键时刻具备快速止损和保护的能力；保护成立的前提是行动有边界，并在事后恢复协商和选择权。,不得仅凭本规则断定问题已经解决、关系必然稳定、用户一定成熟、某十神天然是“药”、喜用神自动等于解决办法，或淡化暴力、强迫与现实伤害；现实行为、反例、安全事实和专业支持优先。,中高,待验证,,provisional=true；保护因素的现实有效性必须由可观察行为、反馈和持续结果验证。,0.8
M4-BUFFER-132,七杀｜止损、安全与关键行动｜禁止推断,L2 十神保护通道,BUFFER-十神保护通道,通用,边界,七杀,BF01／BF08；限制十神保护解释。,完成同源去重、现实反例和安全检查。,将该十神写成天然成熟、万能药或关系必稳。,由共享基础引擎提供；仅修正保护功能的承载、持续调用和压力状态下的稳定性，不直接等同成熟度、道德或现实行为。,由M1／M2接口提供；夫妻星、心动原型和关系门槛只说明关系议题，不单独证明保护因素已经被调用或有效。,由M3-BASE及M4各模块提供；日支、日柱近位可提高与亲密关系核心的相关性，但同一source_id不得重复计分。,保护因素必须明确限制过用、补足缺位、恢复顺序、打开反馈、落实改变或完成修复回流；不能只凭五行相生补写现实效果。,近位提高进入亲密关系核心的概率；远位只作背景、阶段或条件性修正。,根气只修正该保护功能是否容易重复调用，不等于现实中已经形成稳定保护。,旺弱只修正调用强度与承载；强不自动有效，弱也不自动无效。,喜忌只修正摩擦、平衡与承载，不可直接翻译为好坏、成熟度或解决方案。,原十神功能有效；真合化成立时按化神功能替换，合化争议时停止定性。,近位提高直接相关性；远位仅保留背景、阶段或低置信修正。,98,边界／封顶,boundary_note,七杀只提供一种功能资源，是否有效取决于靶点、时机、强度和现实结果。,这项资源只对特定问题有帮助，并不代表所有关系风险都会因此消失。,不得仅凭本规则断定问题已经解决、关系必然稳定、用户一定成熟、某十神天然是“药”、喜用神自动等于解决办法，或淡化暴力、强迫与现实伤害；现实行为、反例、安全事实和专业支持优先。,高,待验证,,provisional=true；保护因素的现实有效性必须由可观察行为、反馈和持续结果验证。,0.8
M4-BUFFER-133,正印｜倾听、影响确认与安全恢复｜正常保护功能,L2 十神保护通道,BUFFER-十神保护通道,通用,定义,正印,BF04／BF07；说明该十神在保护链中的中性功能。,倾听后能够复述理解，并把影响转成责任、边界或现实调整。,理解很多但没有改变，或长期承接使自己的边界消失。,由共享基础引擎提供；仅修正保护功能的承载、持续调用和压力状态下的稳定性，不直接等同成熟度、道德或现实行为。,由M1／M2接口提供；夫妻星、心动原型和关系门槛只说明关系议题，不单独证明保护因素已经被调用或有效。,由M3-BASE及M4各模块提供；日支、日柱近位可提高与亲密关系核心的相关性，但同一source_id不得重复计分。,保护因素必须明确限制过用、补足缺位、恢复顺序、打开反馈、落实改变或完成修复回流；不能只凭五行相生补写现实效果。,近位提高进入亲密关系核心的概率；远位只作背景、阶段或条件性修正。,根气只修正该保护功能是否容易重复调用，不等于现实中已经形成稳定保护。,旺弱只修正调用强度与承载；强不自动有效，弱也不自动无效。,喜忌只修正摩擦、平衡与承载，不可直接翻译为好坏、成熟度或解决方案。,原十神功能有效；真合化成立时按化神功能替换，合化争议时停止定性。,近位提高直接相关性；远位仅保留背景、阶段或低置信修正。,90,基础通道+4,buffer_channel,接收对方感受和背景，确认事件影响，恢复基本安全与开放。,你有能力通过倾听和确认影响让关系重新变得可接近；真正有效的是理解之后能进入改变和反馈。,不得仅凭本规则断定问题已经解决、关系必然稳定、用户一定成熟、某十神天然是“药”、喜用神自动等于解决办法，或淡化暴力、强迫与现实伤害；现实行为、反例、安全事实和专业支持优先。,中高,待验证,,provisional=true；保护因素的现实有效性必须由可观察行为、反馈和持续结果验证。,0.8
M4-BUFFER-134,正印｜倾听、影响确认与安全恢复｜主要风险靶点,L2 十神保护通道,BUFFER-十神保护通道,通用,路由,正印,BF04／BF07；将十神功能路由到适配的风险机制。,已存在K03替代、K07反馈放大、LP04解决替代、RN03／RN07中的至少一项候选。,没有对应风险靶点，或靶点由同一十神事实重复生成。,由共享基础引擎提供；仅修正保护功能的承载、持续调用和压力状态下的稳定性，不直接等同成熟度、道德或现实行为。,由M1／M2接口提供；夫妻星、心动原型和关系门槛只说明关系议题，不单独证明保护因素已经被调用或有效。,由M3-BASE及M4各模块提供；日支、日柱近位可提高与亲密关系核心的相关性，但同一source_id不得重复计分。,保护因素必须明确限制过用、补足缺位、恢复顺序、打开反馈、落实改变或完成修复回流；不能只凭五行相生补写现实效果。,近位提高进入亲密关系核心的概率；远位只作背景、阶段或条件性修正。,根气只修正该保护功能是否容易重复调用，不等于现实中已经形成稳定保护。,旺弱只修正调用强度与承载；强不自动有效，弱也不自动无效。,喜忌只修正摩擦、平衡与承载，不可直接翻译为好坏、成熟度或解决方案。,原十神功能有效；真合化成立时按化神功能替换，合化争议时停止定性。,近位提高直接相关性；远位仅保留背景、阶段或低置信修正。,88,靶点匹配+4,buffer_target,正印的保护功能主要路由至：K03替代、K07反馈放大、LP04解决替代、RN03／RN07。,这项资源主要帮助处理与倾听、影响确认与安全恢复有关的具体盲点。,不得仅凭本规则断定问题已经解决、关系必然稳定、用户一定成熟、某十神天然是“药”、喜用神自动等于解决办法，或淡化暴力、强迫与现实伤害；现实行为、反例、安全事实和专业支持优先。,中高,待验证,,provisional=true；保护因素的现实有效性必须由可观察行为、反馈和持续结果验证。,0.8
M4-BUFFER-135,正印｜倾听、影响确认与安全恢复｜有效成立条件,L2 十神保护通道,BUFFER-十神保护通道,通用,结构证据,正印,BF04／BF07；判断该通道是否可被独立调用。,倾听后能够复述理解，并把影响转成责任、边界或现实调整。,理解很多但没有改变，或长期承接使自己的边界消失。,由共享基础引擎提供；仅修正保护功能的承载、持续调用和压力状态下的稳定性，不直接等同成熟度、道德或现实行为。,由M1／M2接口提供；夫妻星、心动原型和关系门槛只说明关系议题，不单独证明保护因素已经被调用或有效。,由M3-BASE及M4各模块提供；日支、日柱近位可提高与亲密关系核心的相关性，但同一source_id不得重复计分。,保护因素必须明确限制过用、补足缺位、恢复顺序、打开反馈、落实改变或完成修复回流；不能只凭五行相生补写现实效果。,近位提高进入亲密关系核心的概率；远位只作背景、阶段或条件性修正。,根气只修正该保护功能是否容易重复调用，不等于现实中已经形成稳定保护。,旺弱只修正调用强度与承载；强不自动有效，弱也不自动无效。,喜忌只修正摩擦、平衡与承载，不可直接翻译为好坏、成熟度或解决方案。,原十神功能有效；真合化成立时按化神功能替换，合化争议时停止定性。,近位提高直接相关性；远位仅保留背景、阶段或低置信修正。,89,独立有效+6,buffer_evidence,有效倾听、影响确认与安全恢复需要：倾听后能够复述理解，并把影响转成责任、边界或现实调整。,从结构上看，你具备倾听、影响确认与安全恢复的资源，但还要确认现实中能否稳定使用。,不得仅凭本规则断定问题已经解决、关系必然稳定、用户一定成熟、某十神天然是“药”、喜用神自动等于解决办法，或淡化暴力、强迫与现实伤害；现实行为、反例、安全事实和专业支持优先。,中高,待验证,,provisional=true；保护因素的现实有效性必须由可观察行为、反馈和持续结果验证。,0.8
M4-BUFFER-136,正印｜倾听、影响确认与安全恢复｜不足或伪保护,L2 十神保护通道,BUFFER-十神保护通道,通用,降级,正印,BF04／BF07；识别该十神的保护性误用。,理解很多但没有改变，或长期承接使自己的边界消失。,现实中该通道已经改变风险链并持续有效。,由共享基础引擎提供；仅修正保护功能的承载、持续调用和压力状态下的稳定性，不直接等同成熟度、道德或现实行为。,由M1／M2接口提供；夫妻星、心动原型和关系门槛只说明关系议题，不单独证明保护因素已经被调用或有效。,由M3-BASE及M4各模块提供；日支、日柱近位可提高与亲密关系核心的相关性，但同一source_id不得重复计分。,保护因素必须明确限制过用、补足缺位、恢复顺序、打开反馈、落实改变或完成修复回流；不能只凭五行相生补写现实效果。,近位提高进入亲密关系核心的概率；远位只作背景、阶段或条件性修正。,根气只修正该保护功能是否容易重复调用，不等于现实中已经形成稳定保护。,旺弱只修正调用强度与承载；强不自动有效，弱也不自动无效。,喜忌只修正摩擦、平衡与承载，不可直接翻译为好坏、成熟度或解决方案。,原十神功能有效；真合化成立时按化神功能替换，合化争议时停止定性。,近位提高直接相关性；远位仅保留背景、阶段或低置信修正。,94,失效-8,pseudo_buffer,正印在保护位置失效时常表现为：理解很多但没有改变，或长期承接使自己的边界消失。,如果这项方式只停留在表面，或让另一项必要任务更晚进入，就不能把它当成稳定保护。,不得仅凭本规则断定问题已经解决、关系必然稳定、用户一定成熟、某十神天然是“药”、喜用神自动等于解决办法，或淡化暴力、强迫与现实伤害；现实行为、反例、安全事实和专业支持优先。,中高,待验证,,provisional=true；保护因素的现实有效性必须由可观察行为、反馈和持续结果验证。,0.8
M4-BUFFER-137,正印｜倾听、影响确认与安全恢复｜用户输出,L2 十神保护通道,BUFFER-十神保护通道,通用,语言,正印,BF04／BF07；生成用户可理解的保护资源描述。,倾听后能够复述理解，并把影响转成责任、边界或现实调整。,理解很多但没有改变，或长期承接使自己的边界消失。,由共享基础引擎提供；仅修正保护功能的承载、持续调用和压力状态下的稳定性，不直接等同成熟度、道德或现实行为。,由M1／M2接口提供；夫妻星、心动原型和关系门槛只说明关系议题，不单独证明保护因素已经被调用或有效。,由M3-BASE及M4各模块提供；日支、日柱近位可提高与亲密关系核心的相关性，但同一source_id不得重复计分。,保护因素必须明确限制过用、补足缺位、恢复顺序、打开反馈、落实改变或完成修复回流；不能只凭五行相生补写现实效果。,近位提高进入亲密关系核心的概率；远位只作背景、阶段或条件性修正。,根气只修正该保护功能是否容易重复调用，不等于现实中已经形成稳定保护。,旺弱只修正调用强度与承载；强不自动有效，弱也不自动无效。,喜忌只修正摩擦、平衡与承载，不可直接翻译为好坏、成熟度或解决方案。,原十神功能有效；真合化成立时按化神功能替换，合化争议时停止定性。,近位提高直接相关性；远位仅保留背景、阶段或低置信修正。,84,不加分；输出,report_text,接收对方感受和背景，确认事件影响，恢复基本安全与开放。,你有能力通过倾听和确认影响让关系重新变得可接近；真正有效的是理解之后能进入改变和反馈。,不得仅凭本规则断定问题已经解决、关系必然稳定、用户一定成熟、某十神天然是“药”、喜用神自动等于解决办法，或淡化暴力、强迫与现实伤害；现实行为、反例、安全事实和专业支持优先。,中高,待验证,,provisional=true；保护因素的现实有效性必须由可观察行为、反馈和持续结果验证。,0.8
M4-BUFFER-138,正印｜倾听、影响确认与安全恢复｜禁止推断,L2 十神保护通道,BUFFER-十神保护通道,通用,边界,正印,BF04／BF07；限制十神保护解释。,完成同源去重、现实反例和安全检查。,将该十神写成天然成熟、万能药或关系必稳。,由共享基础引擎提供；仅修正保护功能的承载、持续调用和压力状态下的稳定性，不直接等同成熟度、道德或现实行为。,由M1／M2接口提供；夫妻星、心动原型和关系门槛只说明关系议题，不单独证明保护因素已经被调用或有效。,由M3-BASE及M4各模块提供；日支、日柱近位可提高与亲密关系核心的相关性，但同一source_id不得重复计分。,保护因素必须明确限制过用、补足缺位、恢复顺序、打开反馈、落实改变或完成修复回流；不能只凭五行相生补写现实效果。,近位提高进入亲密关系核心的概率；远位只作背景、阶段或条件性修正。,根气只修正该保护功能是否容易重复调用，不等于现实中已经形成稳定保护。,旺弱只修正调用强度与承载；强不自动有效，弱也不自动无效。,喜忌只修正摩擦、平衡与承载，不可直接翻译为好坏、成熟度或解决方案。,原十神功能有效；真合化成立时按化神功能替换，合化争议时停止定性。,近位提高直接相关性；远位仅保留背景、阶段或低置信修正。,98,边界／封顶,boundary_note,正印只提供一种功能资源，是否有效取决于靶点、时机、强度和现实结果。,这项资源只对特定问题有帮助，并不代表所有关系风险都会因此消失。,不得仅凭本规则断定问题已经解决、关系必然稳定、用户一定成熟、某十神天然是“药”、喜用神自动等于解决办法，或淡化暴力、强迫与现实伤害；现实行为、反例、安全事实和专业支持优先。,高,待验证,,provisional=true；保护因素的现实有效性必须由可观察行为、反馈和持续结果验证。,0.8
M4-BUFFER-139,偏印｜模式识别、内部复盘与个性化方案｜正常保护功能,L2 十神保护通道,BUFFER-十神保护通道,通用,定义,偏印,BF04／BF02／BF08；说明该十神在保护链中的中性功能。,内部整理有明确时限和输出，能转成可沟通方案或专业支持。,长期独自分析、不断换理论，却没有回到关系互动和现实行动。,由共享基础引擎提供；仅修正保护功能的承载、持续调用和压力状态下的稳定性，不直接等同成熟度、道德或现实行为。,由M1／M2接口提供；夫妻星、心动原型和关系门槛只说明关系议题，不单独证明保护因素已经被调用或有效。,由M3-BASE及M4各模块提供；日支、日柱近位可提高与亲密关系核心的相关性，但同一source_id不得重复计分。,保护因素必须明确限制过用、补足缺位、恢复顺序、打开反馈、落实改变或完成修复回流；不能只凭五行相生补写现实效果。,近位提高进入亲密关系核心的概率；远位只作背景、阶段或条件性修正。,根气只修正该保护功能是否容易重复调用，不等于现实中已经形成稳定保护。,旺弱只修正调用强度与承载；强不自动有效，弱也不自动无效。,喜忌只修正摩擦、平衡与承载，不可直接翻译为好坏、成熟度或解决方案。,原十神功能有效；真合化成立时按化神功能替换，合化争议时停止定性。,近位提高直接相关性；远位仅保留背景、阶段或低置信修正。,90,基础通道+4,buffer_channel,识别重复模式、区分状态与情境，并选择更适合当前问题的处理方法。,你能通过复盘和模式识别找到更有针对性的处理方式；保护作用来自整理后重新进入沟通和行动。,不得仅凭本规则断定问题已经解决、关系必然稳定、用户一定成熟、某十神天然是“药”、喜用神自动等于解决办法，或淡化暴力、强迫与现实伤害；现实行为、反例、安全事实和专业支持优先。,中高,待验证,,provisional=true；保护因素的现实有效性必须由可观察行为、反馈和持续结果验证。,0.8
M4-BUFFER-140,偏印｜模式识别、内部复盘与个性化方案｜主要风险靶点,L2 十神保护通道,BUFFER-十神保护通道,通用,路由,偏印,BF04／BF02／BF08；将十神功能路由到适配的风险机制。,已存在K06转换受阻、K07反馈放大、LP11暂停断链、RF07复发未复盘中的至少一项候选。,没有对应风险靶点，或靶点由同一十神事实重复生成。,由共享基础引擎提供；仅修正保护功能的承载、持续调用和压力状态下的稳定性，不直接等同成熟度、道德或现实行为。,由M1／M2接口提供；夫妻星、心动原型和关系门槛只说明关系议题，不单独证明保护因素已经被调用或有效。,由M3-BASE及M4各模块提供；日支、日柱近位可提高与亲密关系核心的相关性，但同一source_id不得重复计分。,保护因素必须明确限制过用、补足缺位、恢复顺序、打开反馈、落实改变或完成修复回流；不能只凭五行相生补写现实效果。,近位提高进入亲密关系核心的概率；远位只作背景、阶段或条件性修正。,根气只修正该保护功能是否容易重复调用，不等于现实中已经形成稳定保护。,旺弱只修正调用强度与承载；强不自动有效，弱也不自动无效。,喜忌只修正摩擦、平衡与承载，不可直接翻译为好坏、成熟度或解决方案。,原十神功能有效；真合化成立时按化神功能替换，合化争议时停止定性。,近位提高直接相关性；远位仅保留背景、阶段或低置信修正。,88,靶点匹配+4,buffer_target,偏印的保护功能主要路由至：K06转换受阻、K07反馈放大、LP11暂停断链、RF07复发未复盘。,这项资源主要帮助处理与模式识别、内部复盘与个性化方案有关的具体盲点。,不得仅凭本规则断定问题已经解决、关系必然稳定、用户一定成熟、某十神天然是“药”、喜用神自动等于解决办法，或淡化暴力、强迫与现实伤害；现实行为、反例、安全事实和专业支持优先。,中高,待验证,,provisional=true；保护因素的现实有效性必须由可观察行为、反馈和持续结果验证。,0.8
M4-BUFFER-141,偏印｜模式识别、内部复盘与个性化方案｜有效成立条件,L2 十神保护通道,BUFFER-十神保护通道,通用,结构证据,偏印,BF04／BF02／BF08；判断该通道是否可被独立调用。,内部整理有明确时限和输出，能转成可沟通方案或专业支持。,长期独自分析、不断换理论，却没有回到关系互动和现实行动。,由共享基础引擎提供；仅修正保护功能的承载、持续调用和压力状态下的稳定性，不直接等同成熟度、道德或现实行为。,由M1／M2接口提供；夫妻星、心动原型和关系门槛只说明关系议题，不单独证明保护因素已经被调用或有效。,由M3-BASE及M4各模块提供；日支、日柱近位可提高与亲密关系核心的相关性，但同一source_id不得重复计分。,保护因素必须明确限制过用、补足缺位、恢复顺序、打开反馈、落实改变或完成修复回流；不能只凭五行相生补写现实效果。,近位提高进入亲密关系核心的概率；远位只作背景、阶段或条件性修正。,根气只修正该保护功能是否容易重复调用，不等于现实中已经形成稳定保护。,旺弱只修正调用强度与承载；强不自动有效，弱也不自动无效。,喜忌只修正摩擦、平衡与承载，不可直接翻译为好坏、成熟度或解决方案。,原十神功能有效；真合化成立时按化神功能替换，合化争议时停止定性。,近位提高直接相关性；远位仅保留背景、阶段或低置信修正。,89,独立有效+6,buffer_evidence,有效模式识别、内部复盘与个性化方案需要：内部整理有明确时限和输出，能转成可沟通方案或专业支持。,从结构上看，你具备模式识别、内部复盘与个性化方案的资源，但还要确认现实中能否稳定使用。,不得仅凭本规则断定问题已经解决、关系必然稳定、用户一定成熟、某十神天然是“药”、喜用神自动等于解决办法，或淡化暴力、强迫与现实伤害；现实行为、反例、安全事实和专业支持优先。,中高,待验证,,provisional=true；保护因素的现实有效性必须由可观察行为、反馈和持续结果验证。,0.8
M4-BUFFER-142,偏印｜模式识别、内部复盘与个性化方案｜不足或伪保护,L2 十神保护通道,BUFFER-十神保护通道,通用,降级,偏印,BF04／BF02／BF08；识别该十神的保护性误用。,长期独自分析、不断换理论，却没有回到关系互动和现实行动。,现实中该通道已经改变风险链并持续有效。,由共享基础引擎提供；仅修正保护功能的承载、持续调用和压力状态下的稳定性，不直接等同成熟度、道德或现实行为。,由M1／M2接口提供；夫妻星、心动原型和关系门槛只说明关系议题，不单独证明保护因素已经被调用或有效。,由M3-BASE及M4各模块提供；日支、日柱近位可提高与亲密关系核心的相关性，但同一source_id不得重复计分。,保护因素必须明确限制过用、补足缺位、恢复顺序、打开反馈、落实改变或完成修复回流；不能只凭五行相生补写现实效果。,近位提高进入亲密关系核心的概率；远位只作背景、阶段或条件性修正。,根气只修正该保护功能是否容易重复调用，不等于现实中已经形成稳定保护。,旺弱只修正调用强度与承载；强不自动有效，弱也不自动无效。,喜忌只修正摩擦、平衡与承载，不可直接翻译为好坏、成熟度或解决方案。,原十神功能有效；真合化成立时按化神功能替换，合化争议时停止定性。,近位提高直接相关性；远位仅保留背景、阶段或低置信修正。,94,失效-8,pseudo_buffer,偏印在保护位置失效时常表现为：长期独自分析、不断换理论，却没有回到关系互动和现实行动。,如果这项方式只停留在表面，或让另一项必要任务更晚进入，就不能把它当成稳定保护。,不得仅凭本规则断定问题已经解决、关系必然稳定、用户一定成熟、某十神天然是“药”、喜用神自动等于解决办法，或淡化暴力、强迫与现实伤害；现实行为、反例、安全事实和专业支持优先。,中高,待验证,,provisional=true；保护因素的现实有效性必须由可观察行为、反馈和持续结果验证。,0.8
M4-BUFFER-143,偏印｜模式识别、内部复盘与个性化方案｜用户输出,L2 十神保护通道,BUFFER-十神保护通道,通用,语言,偏印,BF04／BF02／BF08；生成用户可理解的保护资源描述。,内部整理有明确时限和输出，能转成可沟通方案或专业支持。,长期独自分析、不断换理论，却没有回到关系互动和现实行动。,由共享基础引擎提供；仅修正保护功能的承载、持续调用和压力状态下的稳定性，不直接等同成熟度、道德或现实行为。,由M1／M2接口提供；夫妻星、心动原型和关系门槛只说明关系议题，不单独证明保护因素已经被调用或有效。,由M3-BASE及M4各模块提供；日支、日柱近位可提高与亲密关系核心的相关性，但同一source_id不得重复计分。,保护因素必须明确限制过用、补足缺位、恢复顺序、打开反馈、落实改变或完成修复回流；不能只凭五行相生补写现实效果。,近位提高进入亲密关系核心的概率；远位只作背景、阶段或条件性修正。,根气只修正该保护功能是否容易重复调用，不等于现实中已经形成稳定保护。,旺弱只修正调用强度与承载；强不自动有效，弱也不自动无效。,喜忌只修正摩擦、平衡与承载，不可直接翻译为好坏、成熟度或解决方案。,原十神功能有效；真合化成立时按化神功能替换，合化争议时停止定性。,近位提高直接相关性；远位仅保留背景、阶段或低置信修正。,84,不加分；输出,report_text,识别重复模式、区分状态与情境，并选择更适合当前问题的处理方法。,你能通过复盘和模式识别找到更有针对性的处理方式；保护作用来自整理后重新进入沟通和行动。,不得仅凭本规则断定问题已经解决、关系必然稳定、用户一定成熟、某十神天然是“药”、喜用神自动等于解决办法，或淡化暴力、强迫与现实伤害；现实行为、反例、安全事实和专业支持优先。,中高,待验证,,provisional=true；保护因素的现实有效性必须由可观察行为、反馈和持续结果验证。,0.8
M4-BUFFER-144,偏印｜模式识别、内部复盘与个性化方案｜禁止推断,L2 十神保护通道,BUFFER-十神保护通道,通用,边界,偏印,BF04／BF02／BF08；限制十神保护解释。,完成同源去重、现实反例和安全检查。,将该十神写成天然成熟、万能药或关系必稳。,由共享基础引擎提供；仅修正保护功能的承载、持续调用和压力状态下的稳定性，不直接等同成熟度、道德或现实行为。,由M1／M2接口提供；夫妻星、心动原型和关系门槛只说明关系议题，不单独证明保护因素已经被调用或有效。,由M3-BASE及M4各模块提供；日支、日柱近位可提高与亲密关系核心的相关性，但同一source_id不得重复计分。,保护因素必须明确限制过用、补足缺位、恢复顺序、打开反馈、落实改变或完成修复回流；不能只凭五行相生补写现实效果。,近位提高进入亲密关系核心的概率；远位只作背景、阶段或条件性修正。,根气只修正该保护功能是否容易重复调用，不等于现实中已经形成稳定保护。,旺弱只修正调用强度与承载；强不自动有效，弱也不自动无效。,喜忌只修正摩擦、平衡与承载，不可直接翻译为好坏、成熟度或解决方案。,原十神功能有效；真合化成立时按化神功能替换，合化争议时停止定性。,近位提高直接相关性；远位仅保留背景、阶段或低置信修正。,98,边界／封顶,boundary_note,偏印只提供一种功能资源，是否有效取决于靶点、时机、强度和现实结果。,这项资源只对特定问题有帮助，并不代表所有关系风险都会因此消失。,不得仅凭本规则断定问题已经解决、关系必然稳定、用户一定成熟、某十神天然是“药”、喜用神自动等于解决办法，或淡化暴力、强迫与现实伤害；现实行为、反例、安全事实和专业支持优先。,高,待验证,,provisional=true；保护因素的现实有效性必须由可观察行为、反馈和持续结果验证。,0.8
M4-BUFFER-145,BL0 无有效资料／停止｜层级定义,L3 BL0—BL7保护有效层级,BUFFER-保护层级,通用,定义,BL0 无有效资料／停止,定义保护有效性的证据层级。,满足本层级的结构与现实证据要求。,证据不足或被高估。,由共享基础引擎提供；仅修正保护功能的承载、持续调用和压力状态下的稳定性，不直接等同成熟度、道德或现实行为。,由M1／M2接口提供；夫妻星、心动原型和关系门槛只说明关系议题，不单独证明保护因素已经被调用或有效。,由M3-BASE及M4各模块提供；日支、日柱近位可提高与亲密关系核心的相关性，但同一source_id不得重复计分。,保护因素必须明确限制过用、补足缺位、恢复顺序、打开反馈、落实改变或完成修复回流；不能只凭五行相生补写现实效果。,近位提高进入亲密关系核心的概率；远位只作背景、阶段或条件性修正。,根气只修正该保护功能是否容易重复调用，不等于现实中已经形成稳定保护。,旺弱只修正调用强度与承载；强不自动有效，弱也不自动无效。,喜忌只修正摩擦、平衡与承载，不可直接翻译为好坏、成熟度或解决方案。,原十神功能有效；真合化成立时按化神功能替换，合化争议时停止定性。,近位提高直接相关性；远位仅保留背景、阶段或低置信修正。,96,层级判定,buffer_level,没有可用结构或现实资料，或存在安全停止、合化争议和关键字段冲突。,当前资料还不足以判断哪些资源真正有效。,不得仅凭本规则断定问题已经解决、关系必然稳定、用户一定成熟、某十神天然是“药”、喜用神自动等于解决办法，或淡化暴力、强迫与现实伤害；现实行为、反例、安全事实和专业支持优先。,高,待验证,,provisional=true；保护因素的现实有效性必须由可观察行为、反馈和持续结果验证。,0.8
M4-BUFFER-146,BL0 无有效资料／停止｜证据要求,L3 BL0—BL7保护有效层级,BUFFER-保护层级,通用,证据,BL0 无有效资料／停止,明确进入本层级所需证据。,没有可用结构或现实资料，或存在安全停止、合化争议和关键字段冲突。,只有同源重复、标签或主观推测。,由共享基础引擎提供；仅修正保护功能的承载、持续调用和压力状态下的稳定性，不直接等同成熟度、道德或现实行为。,由M1／M2接口提供；夫妻星、心动原型和关系门槛只说明关系议题，不单独证明保护因素已经被调用或有效。,由M3-BASE及M4各模块提供；日支、日柱近位可提高与亲密关系核心的相关性，但同一source_id不得重复计分。,保护因素必须明确限制过用、补足缺位、恢复顺序、打开反馈、落实改变或完成修复回流；不能只凭五行相生补写现实效果。,近位提高进入亲密关系核心的概率；远位只作背景、阶段或条件性修正。,根气只修正该保护功能是否容易重复调用，不等于现实中已经形成稳定保护。,旺弱只修正调用强度与承载；强不自动有效，弱也不自动无效。,喜忌只修正摩擦、平衡与承载，不可直接翻译为好坏、成熟度或解决方案。,原十神功能有效；真合化成立时按化神功能替换，合化争议时停止定性。,近位提高直接相关性；远位仅保留背景、阶段或低置信修正。,94,证据门槛,buffer_evidence,BL0要求：没有可用结构或现实资料，或存在安全停止、合化争议和关键字段冲突。,要达到这一层，需要看到：没有可用结构或现实资料，或存在安全停止、合化争议和关键字段冲突。,不得仅凭本规则断定问题已经解决、关系必然稳定、用户一定成熟、某十神天然是“药”、喜用神自动等于解决办法，或淡化暴力、强迫与现实伤害；现实行为、反例、安全事实和专业支持优先。,中高,待验证,,provisional=true；保护因素的现实有效性必须由可观察行为、反馈和持续结果验证。,0.8
M4-BUFFER-147,BL0 无有效资料／停止｜发布上限,L3 BL0—BL7保护有效层级,BUFFER-保护层级,通用,发布边界,BL0 无有效资料／停止,限制用户报告措辞。,已经完成本层级证据门控。,用低层级证据发布更强结论。,由共享基础引擎提供；仅修正保护功能的承载、持续调用和压力状态下的稳定性，不直接等同成熟度、道德或现实行为。,由M1／M2接口提供；夫妻星、心动原型和关系门槛只说明关系议题，不单独证明保护因素已经被调用或有效。,由M3-BASE及M4各模块提供；日支、日柱近位可提高与亲密关系核心的相关性，但同一source_id不得重复计分。,保护因素必须明确限制过用、补足缺位、恢复顺序、打开反馈、落实改变或完成修复回流；不能只凭五行相生补写现实效果。,近位提高进入亲密关系核心的概率；远位只作背景、阶段或条件性修正。,根气只修正该保护功能是否容易重复调用，不等于现实中已经形成稳定保护。,旺弱只修正调用强度与承载；强不自动有效，弱也不自动无效。,喜忌只修正摩擦、平衡与承载，不可直接翻译为好坏、成熟度或解决方案。,原十神功能有效；真合化成立时按化神功能替换，合化争议时停止定性。,近位提高直接相关性；远位仅保留背景、阶段或低置信修正。,99,封顶,report_status,不发布保护结论，只说明缺失项或停止原因。,这一层最多可以说明：不发布保护结论，只说明缺失项或停止原因。,不得仅凭本规则断定问题已经解决、关系必然稳定、用户一定成熟、某十神天然是“药”、喜用神自动等于解决办法，或淡化暴力、强迫与现实伤害；现实行为、反例、安全事实和专业支持优先。,高,待验证,,provisional=true；保护因素的现实有效性必须由可观察行为、反馈和持续结果验证。,0.8
M4-BUFFER-148,BL0 无有效资料／停止｜升级条件,L3 BL0—BL7保护有效层级,BUFFER-保护层级,通用,升级,BL0 无有效资料／停止,说明如何从当前层级升级。,当前层级成立，并补齐下一层所需的独立证据。,只增加同一source_id或同一event_id的描述。,由共享基础引擎提供；仅修正保护功能的承载、持续调用和压力状态下的稳定性，不直接等同成熟度、道德或现实行为。,由M1／M2接口提供；夫妻星、心动原型和关系门槛只说明关系议题，不单独证明保护因素已经被调用或有效。,由M3-BASE及M4各模块提供；日支、日柱近位可提高与亲密关系核心的相关性，但同一source_id不得重复计分。,保护因素必须明确限制过用、补足缺位、恢复顺序、打开反馈、落实改变或完成修复回流；不能只凭五行相生补写现实效果。,近位提高进入亲密关系核心的概率；远位只作背景、阶段或条件性修正。,根气只修正该保护功能是否容易重复调用，不等于现实中已经形成稳定保护。,旺弱只修正调用强度与承载；强不自动有效，弱也不自动无效。,喜忌只修正摩擦、平衡与承载，不可直接翻译为好坏、成熟度或解决方案。,原十神功能有效；真合化成立时按化神功能替换，合化争议时停止定性。,近位提高直接相关性；远位仅保留背景、阶段或低置信修正。,89,满足则升级,upgrade_condition,补齐结构状态、现实事件、反馈或安全信息。,若要进一步确认，需要：补齐结构状态、现实事件、反馈或安全信息。,不得仅凭本规则断定问题已经解决、关系必然稳定、用户一定成熟、某十神天然是“药”、喜用神自动等于解决办法，或淡化暴力、强迫与现实伤害；现实行为、反例、安全事实和专业支持优先。,中高,待验证,,provisional=true；保护因素的现实有效性必须由可观察行为、反馈和持续结果验证。,0.8
M4-BUFFER-149,BL0 无有效资料／停止｜降级／停止条件,L3 BL0—BL7保护有效层级,BUFFER-保护层级,通用,降级,BL0 无有效资料／停止,说明何时需要降低保护等级。,任何单一十神、喜用神或自述均不能越过停止门控。,存在跨情境稳定有效的现实证据。,由共享基础引擎提供；仅修正保护功能的承载、持续调用和压力状态下的稳定性，不直接等同成熟度、道德或现实行为。,由M1／M2接口提供；夫妻星、心动原型和关系门槛只说明关系议题，不单独证明保护因素已经被调用或有效。,由M3-BASE及M4各模块提供；日支、日柱近位可提高与亲密关系核心的相关性，但同一source_id不得重复计分。,保护因素必须明确限制过用、补足缺位、恢复顺序、打开反馈、落实改变或完成修复回流；不能只凭五行相生补写现实效果。,近位提高进入亲密关系核心的概率；远位只作背景、阶段或条件性修正。,根气只修正该保护功能是否容易重复调用，不等于现实中已经形成稳定保护。,旺弱只修正调用强度与承载；强不自动有效，弱也不自动无效。,喜忌只修正摩擦、平衡与承载，不可直接翻译为好坏、成熟度或解决方案。,原十神功能有效；真合化成立时按化神功能替换，合化争议时停止定性。,近位提高直接相关性；远位仅保留背景、阶段或低置信修正。,97,触发则降级,downgrade_condition,任何单一十神、喜用神或自述均不能越过停止门控。,若出现以下情况，应降低判断：任何单一十神、喜用神或自述均不能越过停止门控。,不得仅凭本规则断定问题已经解决、关系必然稳定、用户一定成熟、某十神天然是“药”、喜用神自动等于解决办法，或淡化暴力、强迫与现实伤害；现实行为、反例、安全事实和专业支持优先。,高,待验证,,provisional=true；保护因素的现实有效性必须由可观察行为、反馈和持续结果验证。,0.8
M4-BUFFER-150,BL0 无有效资料／停止｜用户输出,L3 BL0—BL7保护有效层级,BUFFER-保护层级,通用,语言,BL0 无有效资料／停止,生成对应层级的用户语言。,本层级已经成立。,层级未成立或存在安全停止。,由共享基础引擎提供；仅修正保护功能的承载、持续调用和压力状态下的稳定性，不直接等同成熟度、道德或现实行为。,由M1／M2接口提供；夫妻星、心动原型和关系门槛只说明关系议题，不单独证明保护因素已经被调用或有效。,由M3-BASE及M4各模块提供；日支、日柱近位可提高与亲密关系核心的相关性，但同一source_id不得重复计分。,保护因素必须明确限制过用、补足缺位、恢复顺序、打开反馈、落实改变或完成修复回流；不能只凭五行相生补写现实效果。,近位提高进入亲密关系核心的概率；远位只作背景、阶段或条件性修正。,根气只修正该保护功能是否容易重复调用，不等于现实中已经形成稳定保护。,旺弱只修正调用强度与承载；强不自动有效，弱也不自动无效。,喜忌只修正摩擦、平衡与承载，不可直接翻译为好坏、成熟度或解决方案。,原十神功能有效；真合化成立时按化神功能替换，合化争议时停止定性。,近位提高直接相关性；远位仅保留背景、阶段或低置信修正。,84,不加分；输出,report_text,没有可用结构或现实资料，或存在安全停止、合化争议和关键字段冲突。,当前资料还不足以判断哪些资源真正有效。,不得仅凭本规则断定问题已经解决、关系必然稳定、用户一定成熟、某十神天然是“药”、喜用神自动等于解决办法，或淡化暴力、强迫与现实伤害；现实行为、反例、安全事实和专业支持优先。,中高,待验证,,provisional=true；保护因素的现实有效性必须由可观察行为、反馈和持续结果验证。,0.8
M4-BUFFER-151,BL1 标签资源｜层级定义,L3 BL0—BL7保护有效层级,BUFFER-保护层级,通用,定义,BL1 标签资源,定义保护有效性的证据层级。,满足本层级的结构与现实证据要求。,证据不足或被高估。,由共享基础引擎提供；仅修正保护功能的承载、持续调用和压力状态下的稳定性，不直接等同成熟度、道德或现实行为。,由M1／M2接口提供；夫妻星、心动原型和关系门槛只说明关系议题，不单独证明保护因素已经被调用或有效。,由M3-BASE及M4各模块提供；日支、日柱近位可提高与亲密关系核心的相关性，但同一source_id不得重复计分。,保护因素必须明确限制过用、补足缺位、恢复顺序、打开反馈、落实改变或完成修复回流；不能只凭五行相生补写现实效果。,近位提高进入亲密关系核心的概率；远位只作背景、阶段或条件性修正。,根气只修正该保护功能是否容易重复调用，不等于现实中已经形成稳定保护。,旺弱只修正调用强度与承载；强不自动有效，弱也不自动无效。,喜忌只修正摩擦、平衡与承载，不可直接翻译为好坏、成熟度或解决方案。,原十神功能有效；真合化成立时按化神功能替换，合化争议时停止定性。,近位提高直接相关性；远位仅保留背景、阶段或低置信修正。,96,层级判定,buffer_level,只有十神、五行、喜忌、制化标签或用户自我认知。,目前只能看到一种可能的调节方向，还不能确认它能在关系中发挥。,不得仅凭本规则断定问题已经解决、关系必然稳定、用户一定成熟、某十神天然是“药”、喜用神自动等于解决办法，或淡化暴力、强迫与现实伤害；现实行为、反例、安全事实和专业支持优先。,高,待验证,,provisional=true；保护因素的现实有效性必须由可观察行为、反馈和持续结果验证。,0.8
M4-BUFFER-152,BL1 标签资源｜证据要求,L3 BL0—BL7保护有效层级,BUFFER-保护层级,通用,证据,BL1 标签资源,明确进入本层级所需证据。,只有十神、五行、喜忌、制化标签或用户自我认知。,只有同源重复、标签或主观推测。,由共享基础引擎提供；仅修正保护功能的承载、持续调用和压力状态下的稳定性，不直接等同成熟度、道德或现实行为。,由M1／M2接口提供；夫妻星、心动原型和关系门槛只说明关系议题，不单独证明保护因素已经被调用或有效。,由M3-BASE及M4各模块提供；日支、日柱近位可提高与亲密关系核心的相关性，但同一source_id不得重复计分。,保护因素必须明确限制过用、补足缺位、恢复顺序、打开反馈、落实改变或完成修复回流；不能只凭五行相生补写现实效果。,近位提高进入亲密关系核心的概率；远位只作背景、阶段或条件性修正。,根气只修正该保护功能是否容易重复调用，不等于现实中已经形成稳定保护。,旺弱只修正调用强度与承载；强不自动有效，弱也不自动无效。,喜忌只修正摩擦、平衡与承载，不可直接翻译为好坏、成熟度或解决方案。,原十神功能有效；真合化成立时按化神功能替换，合化争议时停止定性。,近位提高直接相关性；远位仅保留背景、阶段或低置信修正。,94,证据门槛,buffer_evidence,BL1要求：只有十神、五行、喜忌、制化标签或用户自我认知。,要达到这一层，需要看到：只有十神、五行、喜忌、制化标签或用户自我认知。,不得仅凭本规则断定问题已经解决、关系必然稳定、用户一定成熟、某十神天然是“药”、喜用神自动等于解决办法，或淡化暴力、强迫与现实伤害；现实行为、反例、安全事实和专业支持优先。,中高,待验证,,provisional=true；保护因素的现实有效性必须由可观察行为、反馈和持续结果验证。,0.8
M4-BUFFER-153,BL1 标签资源｜发布上限,L3 BL0—BL7保护有效层级,BUFFER-保护层级,通用,发布边界,BL1 标签资源,限制用户报告措辞。,已经完成本层级证据门控。,用低层级证据发布更强结论。,由共享基础引擎提供；仅修正保护功能的承载、持续调用和压力状态下的稳定性，不直接等同成熟度、道德或现实行为。,由M1／M2接口提供；夫妻星、心动原型和关系门槛只说明关系议题，不单独证明保护因素已经被调用或有效。,由M3-BASE及M4各模块提供；日支、日柱近位可提高与亲密关系核心的相关性，但同一source_id不得重复计分。,保护因素必须明确限制过用、补足缺位、恢复顺序、打开反馈、落实改变或完成修复回流；不能只凭五行相生补写现实效果。,近位提高进入亲密关系核心的概率；远位只作背景、阶段或条件性修正。,根气只修正该保护功能是否容易重复调用，不等于现实中已经形成稳定保护。,旺弱只修正调用强度与承载；强不自动有效，弱也不自动无效。,喜忌只修正摩擦、平衡与承载，不可直接翻译为好坏、成熟度或解决方案。,原十神功能有效；真合化成立时按化神功能替换，合化争议时停止定性。,近位提高直接相关性；远位仅保留背景、阶段或低置信修正。,99,封顶,report_status,最多写“存在潜在方向”，不得减弱风险等级。,这一层最多可以说明：最多写“存在潜在方向”，不得减弱风险等级。,不得仅凭本规则断定问题已经解决、关系必然稳定、用户一定成熟、某十神天然是“药”、喜用神自动等于解决办法，或淡化暴力、强迫与现实伤害；现实行为、反例、安全事实和专业支持优先。,高,待验证,,provisional=true；保护因素的现实有效性必须由可观察行为、反馈和持续结果验证。,0.8
M4-BUFFER-154,BL1 标签资源｜升级条件,L3 BL0—BL7保护有效层级,BUFFER-保护层级,通用,升级,BL1 标签资源,说明如何从当前层级升级。,当前层级成立，并补齐下一层所需的独立证据。,只增加同一source_id或同一event_id的描述。,由共享基础引擎提供；仅修正保护功能的承载、持续调用和压力状态下的稳定性，不直接等同成熟度、道德或现实行为。,由M1／M2接口提供；夫妻星、心动原型和关系门槛只说明关系议题，不单独证明保护因素已经被调用或有效。,由M3-BASE及M4各模块提供；日支、日柱近位可提高与亲密关系核心的相关性，但同一source_id不得重复计分。,保护因素必须明确限制过用、补足缺位、恢复顺序、打开反馈、落实改变或完成修复回流；不能只凭五行相生补写现实效果。,近位提高进入亲密关系核心的概率；远位只作背景、阶段或条件性修正。,根气只修正该保护功能是否容易重复调用，不等于现实中已经形成稳定保护。,旺弱只修正调用强度与承载；强不自动有效，弱也不自动无效。,喜忌只修正摩擦、平衡与承载，不可直接翻译为好坏、成熟度或解决方案。,原十神功能有效；真合化成立时按化神功能替换，合化争议时停止定性。,近位提高直接相关性；远位仅保留背景、阶段或低置信修正。,89,满足则升级,upgrade_condition,增加独立结构状态和具体功能靶点。,若要进一步确认，需要：增加独立结构状态和具体功能靶点。,不得仅凭本规则断定问题已经解决、关系必然稳定、用户一定成熟、某十神天然是“药”、喜用神自动等于解决办法，或淡化暴力、强迫与现实伤害；现实行为、反例、安全事实和专业支持优先。,中高,待验证,,provisional=true；保护因素的现实有效性必须由可观察行为、反馈和持续结果验证。,0.8
M4-BUFFER-155,BL1 标签资源｜降级／停止条件,L3 BL0—BL7保护有效层级,BUFFER-保护层级,通用,降级,BL1 标签资源,说明何时需要降低保护等级。,若现实反例明确，则回到BL0。,存在跨情境稳定有效的现实证据。,由共享基础引擎提供；仅修正保护功能的承载、持续调用和压力状态下的稳定性，不直接等同成熟度、道德或现实行为。,由M1／M2接口提供；夫妻星、心动原型和关系门槛只说明关系议题，不单独证明保护因素已经被调用或有效。,由M3-BASE及M4各模块提供；日支、日柱近位可提高与亲密关系核心的相关性，但同一source_id不得重复计分。,保护因素必须明确限制过用、补足缺位、恢复顺序、打开反馈、落实改变或完成修复回流；不能只凭五行相生补写现实效果。,近位提高进入亲密关系核心的概率；远位只作背景、阶段或条件性修正。,根气只修正该保护功能是否容易重复调用，不等于现实中已经形成稳定保护。,旺弱只修正调用强度与承载；强不自动有效，弱也不自动无效。,喜忌只修正摩擦、平衡与承载，不可直接翻译为好坏、成熟度或解决方案。,原十神功能有效；真合化成立时按化神功能替换，合化争议时停止定性。,近位提高直接相关性；远位仅保留背景、阶段或低置信修正。,97,触发则降级,downgrade_condition,若现实反例明确，则回到BL0。,若出现以下情况，应降低判断：若现实反例明确，则回到BL0。,不得仅凭本规则断定问题已经解决、关系必然稳定、用户一定成熟、某十神天然是“药”、喜用神自动等于解决办法，或淡化暴力、强迫与现实伤害；现实行为、反例、安全事实和专业支持优先。,高,待验证,,provisional=true；保护因素的现实有效性必须由可观察行为、反馈和持续结果验证。,0.8
M4-BUFFER-156,BL1 标签资源｜用户输出,L3 BL0—BL7保护有效层级,BUFFER-保护层级,通用,语言,BL1 标签资源,生成对应层级的用户语言。,本层级已经成立。,层级未成立或存在安全停止。,由共享基础引擎提供；仅修正保护功能的承载、持续调用和压力状态下的稳定性，不直接等同成熟度、道德或现实行为。,由M1／M2接口提供；夫妻星、心动原型和关系门槛只说明关系议题，不单独证明保护因素已经被调用或有效。,由M3-BASE及M4各模块提供；日支、日柱近位可提高与亲密关系核心的相关性，但同一source_id不得重复计分。,保护因素必须明确限制过用、补足缺位、恢复顺序、打开反馈、落实改变或完成修复回流；不能只凭五行相生补写现实效果。,近位提高进入亲密关系核心的概率；远位只作背景、阶段或条件性修正。,根气只修正该保护功能是否容易重复调用，不等于现实中已经形成稳定保护。,旺弱只修正调用强度与承载；强不自动有效，弱也不自动无效。,喜忌只修正摩擦、平衡与承载，不可直接翻译为好坏、成熟度或解决方案。,原十神功能有效；真合化成立时按化神功能替换，合化争议时停止定性。,近位提高直接相关性；远位仅保留背景、阶段或低置信修正。,84,不加分；输出,report_text,只有十神、五行、喜忌、制化标签或用户自我认知。,目前只能看到一种可能的调节方向，还不能确认它能在关系中发挥。,不得仅凭本规则断定问题已经解决、关系必然稳定、用户一定成熟、某十神天然是“药”、喜用神自动等于解决办法，或淡化暴力、强迫与现实伤害；现实行为、反例、安全事实和专业支持优先。,中高,待验证,,provisional=true；保护因素的现实有效性必须由可观察行为、反馈和持续结果验证。,0.8
M4-BUFFER-157,BL2 结构可用候选｜层级定义,L3 BL0—BL7保护有效层级,BUFFER-保护层级,通用,定义,BL2 结构可用候选,定义保护有效性的证据层级。,满足本层级的结构与现实证据要求。,证据不足或被高估。,由共享基础引擎提供；仅修正保护功能的承载、持续调用和压力状态下的稳定性，不直接等同成熟度、道德或现实行为。,由M1／M2接口提供；夫妻星、心动原型和关系门槛只说明关系议题，不单独证明保护因素已经被调用或有效。,由M3-BASE及M4各模块提供；日支、日柱近位可提高与亲密关系核心的相关性，但同一source_id不得重复计分。,保护因素必须明确限制过用、补足缺位、恢复顺序、打开反馈、落实改变或完成修复回流；不能只凭五行相生补写现实效果。,近位提高进入亲密关系核心的概率；远位只作背景、阶段或条件性修正。,根气只修正该保护功能是否容易重复调用，不等于现实中已经形成稳定保护。,旺弱只修正调用强度与承载；强不自动有效，弱也不自动无效。,喜忌只修正摩擦、平衡与承载，不可直接翻译为好坏、成熟度或解决方案。,原十神功能有效；真合化成立时按化神功能替换，合化争议时停止定性。,近位提高直接相关性；远位仅保留背景、阶段或低置信修正。,96,层级判定,buffer_level,保护功能有独立来源、根气或位置，且与风险靶点匹配。,结构上具备这项资源，但是否能在关键时刻用出来仍需观察。,不得仅凭本规则断定问题已经解决、关系必然稳定、用户一定成熟、某十神天然是“药”、喜用神自动等于解决办法，或淡化暴力、强迫与现实伤害；现实行为、反例、安全事实和专业支持优先。,高,待验证,,provisional=true；保护因素的现实有效性必须由可观察行为、反馈和持续结果验证。,0.8
M4-BUFFER-158,BL2 结构可用候选｜证据要求,L3 BL0—BL7保护有效层级,BUFFER-保护层级,通用,证据,BL2 结构可用候选,明确进入本层级所需证据。,保护功能有独立来源、根气或位置，且与风险靶点匹配。,只有同源重复、标签或主观推测。,由共享基础引擎提供；仅修正保护功能的承载、持续调用和压力状态下的稳定性，不直接等同成熟度、道德或现实行为。,由M1／M2接口提供；夫妻星、心动原型和关系门槛只说明关系议题，不单独证明保护因素已经被调用或有效。,由M3-BASE及M4各模块提供；日支、日柱近位可提高与亲密关系核心的相关性，但同一source_id不得重复计分。,保护因素必须明确限制过用、补足缺位、恢复顺序、打开反馈、落实改变或完成修复回流；不能只凭五行相生补写现实效果。,近位提高进入亲密关系核心的概率；远位只作背景、阶段或条件性修正。,根气只修正该保护功能是否容易重复调用，不等于现实中已经形成稳定保护。,旺弱只修正调用强度与承载；强不自动有效，弱也不自动无效。,喜忌只修正摩擦、平衡与承载，不可直接翻译为好坏、成熟度或解决方案。,原十神功能有效；真合化成立时按化神功能替换，合化争议时停止定性。,近位提高直接相关性；远位仅保留背景、阶段或低置信修正。,94,证据门槛,buffer_evidence,BL2要求：保护功能有独立来源、根气或位置，且与风险靶点匹配。,要达到这一层，需要看到：保护功能有独立来源、根气或位置，且与风险靶点匹配。,不得仅凭本规则断定问题已经解决、关系必然稳定、用户一定成熟、某十神天然是“药”、喜用神自动等于解决办法，或淡化暴力、强迫与现实伤害；现实行为、反例、安全事实和专业支持优先。,中高,待验证,,provisional=true；保护因素的现实有效性必须由可观察行为、反馈和持续结果验证。,0.8
M4-BUFFER-159,BL2 结构可用候选｜发布上限,L3 BL0—BL7保护有效层级,BUFFER-保护层级,通用,发布边界,BL2 结构可用候选,限制用户报告措辞。,已经完成本层级证据门控。,用低层级证据发布更强结论。,由共享基础引擎提供；仅修正保护功能的承载、持续调用和压力状态下的稳定性，不直接等同成熟度、道德或现实行为。,由M1／M2接口提供；夫妻星、心动原型和关系门槛只说明关系议题，不单独证明保护因素已经被调用或有效。,由M3-BASE及M4各模块提供；日支、日柱近位可提高与亲密关系核心的相关性，但同一source_id不得重复计分。,保护因素必须明确限制过用、补足缺位、恢复顺序、打开反馈、落实改变或完成修复回流；不能只凭五行相生补写现实效果。,近位提高进入亲密关系核心的概率；远位只作背景、阶段或条件性修正。,根气只修正该保护功能是否容易重复调用，不等于现实中已经形成稳定保护。,旺弱只修正调用强度与承载；强不自动有效，弱也不自动无效。,喜忌只修正摩擦、平衡与承载，不可直接翻译为好坏、成熟度或解决方案。,原十神功能有效；真合化成立时按化神功能替换，合化争议时停止定性。,近位提高直接相关性；远位仅保留背景、阶段或低置信修正。,99,封顶,report_status,可作为结构保护候选，小幅降低候选分值但不改变E等级。,这一层最多可以说明：可作为结构保护候选，小幅降低候选分值但不改变E等级。,不得仅凭本规则断定问题已经解决、关系必然稳定、用户一定成熟、某十神天然是“药”、喜用神自动等于解决办法，或淡化暴力、强迫与现实伤害；现实行为、反例、安全事实和专业支持优先。,高,待验证,,provisional=true；保护因素的现实有效性必须由可观察行为、反馈和持续结果验证。,0.8
M4-BUFFER-160,BL2 结构可用候选｜升级条件,L3 BL0—BL7保护有效层级,BUFFER-保护层级,通用,升级,BL2 结构可用候选,说明如何从当前层级升级。,当前层级成立，并补齐下一层所需的独立证据。,只增加同一source_id或同一event_id的描述。,由共享基础引擎提供；仅修正保护功能的承载、持续调用和压力状态下的稳定性，不直接等同成熟度、道德或现实行为。,由M1／M2接口提供；夫妻星、心动原型和关系门槛只说明关系议题，不单独证明保护因素已经被调用或有效。,由M3-BASE及M4各模块提供；日支、日柱近位可提高与亲密关系核心的相关性，但同一source_id不得重复计分。,保护因素必须明确限制过用、补足缺位、恢复顺序、打开反馈、落实改变或完成修复回流；不能只凭五行相生补写现实效果。,近位提高进入亲密关系核心的概率；远位只作背景、阶段或条件性修正。,根气只修正该保护功能是否容易重复调用，不等于现实中已经形成稳定保护。,旺弱只修正调用强度与承载；强不自动有效，弱也不自动无效。,喜忌只修正摩擦、平衡与承载，不可直接翻译为好坏、成熟度或解决方案。,原十神功能有效；真合化成立时按化神功能替换，合化争议时停止定性。,近位提高直接相关性；远位仅保留背景、阶段或低置信修正。,89,满足则升级,upgrade_condition,加入现实事件中的调用证据。,若要进一步确认，需要：加入现实事件中的调用证据。,不得仅凭本规则断定问题已经解决、关系必然稳定、用户一定成熟、某十神天然是“药”、喜用神自动等于解决办法，或淡化暴力、强迫与现实伤害；现实行为、反例、安全事实和专业支持优先。,中高,待验证,,provisional=true；保护因素的现实有效性必须由可观察行为、反馈和持续结果验证。,0.8
M4-BUFFER-161,BL2 结构可用候选｜降级／停止条件,L3 BL0—BL7保护有效层级,BUFFER-保护层级,通用,降级,BL2 结构可用候选,说明何时需要降低保护等级。,同源重复、弱远无助或功能错配时降回BL1。,存在跨情境稳定有效的现实证据。,由共享基础引擎提供；仅修正保护功能的承载、持续调用和压力状态下的稳定性，不直接等同成熟度、道德或现实行为。,由M1／M2接口提供；夫妻星、心动原型和关系门槛只说明关系议题，不单独证明保护因素已经被调用或有效。,由M3-BASE及M4各模块提供；日支、日柱近位可提高与亲密关系核心的相关性，但同一source_id不得重复计分。,保护因素必须明确限制过用、补足缺位、恢复顺序、打开反馈、落实改变或完成修复回流；不能只凭五行相生补写现实效果。,近位提高进入亲密关系核心的概率；远位只作背景、阶段或条件性修正。,根气只修正该保护功能是否容易重复调用，不等于现实中已经形成稳定保护。,旺弱只修正调用强度与承载；强不自动有效，弱也不自动无效。,喜忌只修正摩擦、平衡与承载，不可直接翻译为好坏、成熟度或解决方案。,原十神功能有效；真合化成立时按化神功能替换，合化争议时停止定性。,近位提高直接相关性；远位仅保留背景、阶段或低置信修正。,97,触发则降级,downgrade_condition,同源重复、弱远无助或功能错配时降回BL1。,若出现以下情况，应降低判断：同源重复、弱远无助或功能错配时降回BL1。,不得仅凭本规则断定问题已经解决、关系必然稳定、用户一定成熟、某十神天然是“药”、喜用神自动等于解决办法，或淡化暴力、强迫与现实伤害；现实行为、反例、安全事实和专业支持优先。,高,待验证,,provisional=true；保护因素的现实有效性必须由可观察行为、反馈和持续结果验证。,0.8
M4-BUFFER-162,BL2 结构可用候选｜用户输出,L3 BL0—BL7保护有效层级,BUFFER-保护层级,通用,语言,BL2 结构可用候选,生成对应层级的用户语言。,本层级已经成立。,层级未成立或存在安全停止。,由共享基础引擎提供；仅修正保护功能的承载、持续调用和压力状态下的稳定性，不直接等同成熟度、道德或现实行为。,由M1／M2接口提供；夫妻星、心动原型和关系门槛只说明关系议题，不单独证明保护因素已经被调用或有效。,由M3-BASE及M4各模块提供；日支、日柱近位可提高与亲密关系核心的相关性，但同一source_id不得重复计分。,保护因素必须明确限制过用、补足缺位、恢复顺序、打开反馈、落实改变或完成修复回流；不能只凭五行相生补写现实效果。,近位提高进入亲密关系核心的概率；远位只作背景、阶段或条件性修正。,根气只修正该保护功能是否容易重复调用，不等于现实中已经形成稳定保护。,旺弱只修正调用强度与承载；强不自动有效，弱也不自动无效。,喜忌只修正摩擦、平衡与承载，不可直接翻译为好坏、成熟度或解决方案。,原十神功能有效；真合化成立时按化神功能替换，合化争议时停止定性。,近位提高直接相关性；远位仅保留背景、阶段或低置信修正。,84,不加分；输出,report_text,保护功能有独立来源、根气或位置，且与风险靶点匹配。,结构上具备这项资源，但是否能在关键时刻用出来仍需观察。,不得仅凭本规则断定问题已经解决、关系必然稳定、用户一定成熟、某十神天然是“药”、喜用神自动等于解决办法，或淡化暴力、强迫与现实伤害；现实行为、反例、安全事实和专业支持优先。,中高,待验证,,provisional=true；保护因素的现实有效性必须由可观察行为、反馈和持续结果验证。,0.8
M4-BUFFER-163,BL3 条件性可调用｜层级定义,L3 BL0—BL7保护有效层级,BUFFER-保护层级,通用,定义,BL3 条件性可调用,定义保护有效性的证据层级。,满足本层级的结构与现实证据要求。,证据不足或被高估。,由共享基础引擎提供；仅修正保护功能的承载、持续调用和压力状态下的稳定性，不直接等同成熟度、道德或现实行为。,由M1／M2接口提供；夫妻星、心动原型和关系门槛只说明关系议题，不单独证明保护因素已经被调用或有效。,由M3-BASE及M4各模块提供；日支、日柱近位可提高与亲密关系核心的相关性，但同一source_id不得重复计分。,保护因素必须明确限制过用、补足缺位、恢复顺序、打开反馈、落实改变或完成修复回流；不能只凭五行相生补写现实效果。,近位提高进入亲密关系核心的概率；远位只作背景、阶段或条件性修正。,根气只修正该保护功能是否容易重复调用，不等于现实中已经形成稳定保护。,旺弱只修正调用强度与承载；强不自动有效，弱也不自动无效。,喜忌只修正摩擦、平衡与承载，不可直接翻译为好坏、成熟度或解决方案。,原十神功能有效；真合化成立时按化神功能替换，合化争议时停止定性。,近位提高直接相关性；远位仅保留背景、阶段或低置信修正。,96,层级判定,buffer_level,结构资源有效，并在特定触发域、状态或关系条件下有进入路径。,在某些条件下，你更容易调用这项资源；需要同时说明它的适用场景。,不得仅凭本规则断定问题已经解决、关系必然稳定、用户一定成熟、某十神天然是“药”、喜用神自动等于解决办法，或淡化暴力、强迫与现实伤害；现实行为、反例、安全事实和专业支持优先。,高,待验证,,provisional=true；保护因素的现实有效性必须由可观察行为、反馈和持续结果验证。,0.8
M4-BUFFER-164,BL3 条件性可调用｜证据要求,L3 BL0—BL7保护有效层级,BUFFER-保护层级,通用,证据,BL3 条件性可调用,明确进入本层级所需证据。,结构资源有效，并在特定触发域、状态或关系条件下有进入路径。,只有同源重复、标签或主观推测。,由共享基础引擎提供；仅修正保护功能的承载、持续调用和压力状态下的稳定性，不直接等同成熟度、道德或现实行为。,由M1／M2接口提供；夫妻星、心动原型和关系门槛只说明关系议题，不单独证明保护因素已经被调用或有效。,由M3-BASE及M4各模块提供；日支、日柱近位可提高与亲密关系核心的相关性，但同一source_id不得重复计分。,保护因素必须明确限制过用、补足缺位、恢复顺序、打开反馈、落实改变或完成修复回流；不能只凭五行相生补写现实效果。,近位提高进入亲密关系核心的概率；远位只作背景、阶段或条件性修正。,根气只修正该保护功能是否容易重复调用，不等于现实中已经形成稳定保护。,旺弱只修正调用强度与承载；强不自动有效，弱也不自动无效。,喜忌只修正摩擦、平衡与承载，不可直接翻译为好坏、成熟度或解决方案。,原十神功能有效；真合化成立时按化神功能替换，合化争议时停止定性。,近位提高直接相关性；远位仅保留背景、阶段或低置信修正。,94,证据门槛,buffer_evidence,BL3要求：结构资源有效，并在特定触发域、状态或关系条件下有进入路径。,要达到这一层，需要看到：结构资源有效，并在特定触发域、状态或关系条件下有进入路径。,不得仅凭本规则断定问题已经解决、关系必然稳定、用户一定成熟、某十神天然是“药”、喜用神自动等于解决办法，或淡化暴力、强迫与现实伤害；现实行为、反例、安全事实和专业支持优先。,中高,待验证,,provisional=true；保护因素的现实有效性必须由可观察行为、反馈和持续结果验证。,0.8
M4-BUFFER-165,BL3 条件性可调用｜发布上限,L3 BL0—BL7保护有效层级,BUFFER-保护层级,通用,发布边界,BL3 条件性可调用,限制用户报告措辞。,已经完成本层级证据门控。,用低层级证据发布更强结论。,由共享基础引擎提供；仅修正保护功能的承载、持续调用和压力状态下的稳定性，不直接等同成熟度、道德或现实行为。,由M1／M2接口提供；夫妻星、心动原型和关系门槛只说明关系议题，不单独证明保护因素已经被调用或有效。,由M3-BASE及M4各模块提供；日支、日柱近位可提高与亲密关系核心的相关性，但同一source_id不得重复计分。,保护因素必须明确限制过用、补足缺位、恢复顺序、打开反馈、落实改变或完成修复回流；不能只凭五行相生补写现实效果。,近位提高进入亲密关系核心的概率；远位只作背景、阶段或条件性修正。,根气只修正该保护功能是否容易重复调用，不等于现实中已经形成稳定保护。,旺弱只修正调用强度与承载；强不自动有效，弱也不自动无效。,喜忌只修正摩擦、平衡与承载，不可直接翻译为好坏、成熟度或解决方案。,原十神功能有效；真合化成立时按化神功能替换，合化争议时停止定性。,近位提高直接相关性；远位仅保留背景、阶段或低置信修正。,99,封顶,report_status,可形成条件性保护，说明何时有效、何时不一定有效。,这一层最多可以说明：可形成条件性保护，说明何时有效、何时不一定有效。,不得仅凭本规则断定问题已经解决、关系必然稳定、用户一定成熟、某十神天然是“药”、喜用神自动等于解决办法，或淡化暴力、强迫与现实伤害；现实行为、反例、安全事实和专业支持优先。,高,待验证,,provisional=true；保护因素的现实有效性必须由可观察行为、反馈和持续结果验证。,0.8
M4-BUFFER-166,BL3 条件性可调用｜升级条件,L3 BL0—BL7保护有效层级,BUFFER-保护层级,通用,升级,BL3 条件性可调用,说明如何从当前层级升级。,当前层级成立，并补齐下一层所需的独立证据。,只增加同一source_id或同一event_id的描述。,由共享基础引擎提供；仅修正保护功能的承载、持续调用和压力状态下的稳定性，不直接等同成熟度、道德或现实行为。,由M1／M2接口提供；夫妻星、心动原型和关系门槛只说明关系议题，不单独证明保护因素已经被调用或有效。,由M3-BASE及M4各模块提供；日支、日柱近位可提高与亲密关系核心的相关性，但同一source_id不得重复计分。,保护因素必须明确限制过用、补足缺位、恢复顺序、打开反馈、落实改变或完成修复回流；不能只凭五行相生补写现实效果。,近位提高进入亲密关系核心的概率；远位只作背景、阶段或条件性修正。,根气只修正该保护功能是否容易重复调用，不等于现实中已经形成稳定保护。,旺弱只修正调用强度与承载；强不自动有效，弱也不自动无效。,喜忌只修正摩擦、平衡与承载，不可直接翻译为好坏、成熟度或解决方案。,原十神功能有效；真合化成立时按化神功能替换，合化争议时停止定性。,近位提高直接相关性；远位仅保留背景、阶段或低置信修正。,89,满足则升级,upgrade_condition,记录一次具体事件中的启动和后续效果。,若要进一步确认，需要：记录一次具体事件中的启动和后续效果。,不得仅凭本规则断定问题已经解决、关系必然稳定、用户一定成熟、某十神天然是“药”、喜用神自动等于解决办法，或淡化暴力、强迫与现实伤害；现实行为、反例、安全事实和专业支持优先。,中高,待验证,,provisional=true；保护因素的现实有效性必须由可观察行为、反馈和持续结果验证。,0.8
M4-BUFFER-167,BL3 条件性可调用｜降级／停止条件,L3 BL0—BL7保护有效层级,BUFFER-保护层级,通用,降级,BL3 条件性可调用,说明何时需要降低保护等级。,条件不满足或高压下失效时不得泛化。,存在跨情境稳定有效的现实证据。,由共享基础引擎提供；仅修正保护功能的承载、持续调用和压力状态下的稳定性，不直接等同成熟度、道德或现实行为。,由M1／M2接口提供；夫妻星、心动原型和关系门槛只说明关系议题，不单独证明保护因素已经被调用或有效。,由M3-BASE及M4各模块提供；日支、日柱近位可提高与亲密关系核心的相关性，但同一source_id不得重复计分。,保护因素必须明确限制过用、补足缺位、恢复顺序、打开反馈、落实改变或完成修复回流；不能只凭五行相生补写现实效果。,近位提高进入亲密关系核心的概率；远位只作背景、阶段或条件性修正。,根气只修正该保护功能是否容易重复调用，不等于现实中已经形成稳定保护。,旺弱只修正调用强度与承载；强不自动有效，弱也不自动无效。,喜忌只修正摩擦、平衡与承载，不可直接翻译为好坏、成熟度或解决方案。,原十神功能有效；真合化成立时按化神功能替换，合化争议时停止定性。,近位提高直接相关性；远位仅保留背景、阶段或低置信修正。,97,触发则降级,downgrade_condition,条件不满足或高压下失效时不得泛化。,若出现以下情况，应降低判断：条件不满足或高压下失效时不得泛化。,不得仅凭本规则断定问题已经解决、关系必然稳定、用户一定成熟、某十神天然是“药”、喜用神自动等于解决办法，或淡化暴力、强迫与现实伤害；现实行为、反例、安全事实和专业支持优先。,高,待验证,,provisional=true；保护因素的现实有效性必须由可观察行为、反馈和持续结果验证。,0.8
M4-BUFFER-168,BL3 条件性可调用｜用户输出,L3 BL0—BL7保护有效层级,BUFFER-保护层级,通用,语言,BL3 条件性可调用,生成对应层级的用户语言。,本层级已经成立。,层级未成立或存在安全停止。,由共享基础引擎提供；仅修正保护功能的承载、持续调用和压力状态下的稳定性，不直接等同成熟度、道德或现实行为。,由M1／M2接口提供；夫妻星、心动原型和关系门槛只说明关系议题，不单独证明保护因素已经被调用或有效。,由M3-BASE及M4各模块提供；日支、日柱近位可提高与亲密关系核心的相关性，但同一source_id不得重复计分。,保护因素必须明确限制过用、补足缺位、恢复顺序、打开反馈、落实改变或完成修复回流；不能只凭五行相生补写现实效果。,近位提高进入亲密关系核心的概率；远位只作背景、阶段或条件性修正。,根气只修正该保护功能是否容易重复调用，不等于现实中已经形成稳定保护。,旺弱只修正调用强度与承载；强不自动有效，弱也不自动无效。,喜忌只修正摩擦、平衡与承载，不可直接翻译为好坏、成熟度或解决方案。,原十神功能有效；真合化成立时按化神功能替换，合化争议时停止定性。,近位提高直接相关性；远位仅保留背景、阶段或低置信修正。,84,不加分；输出,report_text,结构资源有效，并在特定触发域、状态或关系条件下有进入路径。,在某些条件下，你更容易调用这项资源；需要同时说明它的适用场景。,不得仅凭本规则断定问题已经解决、关系必然稳定、用户一定成熟、某十神天然是“药”、喜用神自动等于解决办法，或淡化暴力、强迫与现实伤害；现实行为、反例、安全事实和专业支持优先。,中高,待验证,,provisional=true；保护因素的现实有效性必须由可观察行为、反馈和持续结果验证。,0.8
M4-BUFFER-169,BL4 单次现实已启动｜层级定义,L3 BL0—BL7保护有效层级,BUFFER-保护层级,通用,定义,BL4 单次现实已启动,定义保护有效性的证据层级。,满足本层级的结构与现实证据要求。,证据不足或被高估。,由共享基础引擎提供；仅修正保护功能的承载、持续调用和压力状态下的稳定性，不直接等同成熟度、道德或现实行为。,由M1／M2接口提供；夫妻星、心动原型和关系门槛只说明关系议题，不单独证明保护因素已经被调用或有效。,由M3-BASE及M4各模块提供；日支、日柱近位可提高与亲密关系核心的相关性，但同一source_id不得重复计分。,保护因素必须明确限制过用、补足缺位、恢复顺序、打开反馈、落实改变或完成修复回流；不能只凭五行相生补写现实效果。,近位提高进入亲密关系核心的概率；远位只作背景、阶段或条件性修正。,根气只修正该保护功能是否容易重复调用，不等于现实中已经形成稳定保护。,旺弱只修正调用强度与承载；强不自动有效，弱也不自动无效。,喜忌只修正摩擦、平衡与承载，不可直接翻译为好坏、成熟度或解决方案。,原十神功能有效；真合化成立时按化神功能替换，合化争议时停止定性。,近位提高直接相关性；远位仅保留背景、阶段或低置信修正。,96,层级判定,buffer_level,至少一个具体事件显示保护功能被调用。,从这次经历看，你确实用出了这项资源，但还要看它有没有改变后续过程。,不得仅凭本规则断定问题已经解决、关系必然稳定、用户一定成熟、某十神天然是“药”、喜用神自动等于解决办法，或淡化暴力、强迫与现实伤害；现实行为、反例、安全事实和专业支持优先。,高,待验证,,provisional=true；保护因素的现实有效性必须由可观察行为、反馈和持续结果验证。,0.8
M4-BUFFER-170,BL4 单次现实已启动｜证据要求,L3 BL0—BL7保护有效层级,BUFFER-保护层级,通用,证据,BL4 单次现实已启动,明确进入本层级所需证据。,至少一个具体事件显示保护功能被调用。,只有同源重复、标签或主观推测。,由共享基础引擎提供；仅修正保护功能的承载、持续调用和压力状态下的稳定性，不直接等同成熟度、道德或现实行为。,由M1／M2接口提供；夫妻星、心动原型和关系门槛只说明关系议题，不单独证明保护因素已经被调用或有效。,由M3-BASE及M4各模块提供；日支、日柱近位可提高与亲密关系核心的相关性，但同一source_id不得重复计分。,保护因素必须明确限制过用、补足缺位、恢复顺序、打开反馈、落实改变或完成修复回流；不能只凭五行相生补写现实效果。,近位提高进入亲密关系核心的概率；远位只作背景、阶段或条件性修正。,根气只修正该保护功能是否容易重复调用，不等于现实中已经形成稳定保护。,旺弱只修正调用强度与承载；强不自动有效，弱也不自动无效。,喜忌只修正摩擦、平衡与承载，不可直接翻译为好坏、成熟度或解决方案。,原十神功能有效；真合化成立时按化神功能替换，合化争议时停止定性。,近位提高直接相关性；远位仅保留背景、阶段或低置信修正。,94,证据门槛,buffer_evidence,BL4要求：至少一个具体事件显示保护功能被调用。,要达到这一层，需要看到：至少一个具体事件显示保护功能被调用。,不得仅凭本规则断定问题已经解决、关系必然稳定、用户一定成熟、某十神天然是“药”、喜用神自动等于解决办法，或淡化暴力、强迫与现实伤害；现实行为、反例、安全事实和专业支持优先。,中高,待验证,,provisional=true；保护因素的现实有效性必须由可观察行为、反馈和持续结果验证。,0.8
M4-BUFFER-171,BL4 单次现实已启动｜发布上限,L3 BL0—BL7保护有效层级,BUFFER-保护层级,通用,发布边界,BL4 单次现实已启动,限制用户报告措辞。,已经完成本层级证据门控。,用低层级证据发布更强结论。,由共享基础引擎提供；仅修正保护功能的承载、持续调用和压力状态下的稳定性，不直接等同成熟度、道德或现实行为。,由M1／M2接口提供；夫妻星、心动原型和关系门槛只说明关系议题，不单独证明保护因素已经被调用或有效。,由M3-BASE及M4各模块提供；日支、日柱近位可提高与亲密关系核心的相关性，但同一source_id不得重复计分。,保护因素必须明确限制过用、补足缺位、恢复顺序、打开反馈、落实改变或完成修复回流；不能只凭五行相生补写现实效果。,近位提高进入亲密关系核心的概率；远位只作背景、阶段或条件性修正。,根气只修正该保护功能是否容易重复调用，不等于现实中已经形成稳定保护。,旺弱只修正调用强度与承载；强不自动有效，弱也不自动无效。,喜忌只修正摩擦、平衡与承载，不可直接翻译为好坏、成熟度或解决方案。,原十神功能有效；真合化成立时按化神功能替换，合化争议时停止定性。,近位提高直接相关性；远位仅保留背景、阶段或低置信修正。,99,封顶,report_status,可写“这次事件中已启动”，但不能写稳定有效。,这一层最多可以说明：可写“这次事件中已启动”，但不能写稳定有效。,不得仅凭本规则断定问题已经解决、关系必然稳定、用户一定成熟、某十神天然是“药”、喜用神自动等于解决办法，或淡化暴力、强迫与现实伤害；现实行为、反例、安全事实和专业支持优先。,高,待验证,,provisional=true；保护因素的现实有效性必须由可观察行为、反馈和持续结果验证。,0.8
M4-BUFFER-172,BL4 单次现实已启动｜升级条件,L3 BL0—BL7保护有效层级,BUFFER-保护层级,通用,升级,BL4 单次现实已启动,说明如何从当前层级升级。,当前层级成立，并补齐下一层所需的独立证据。,只增加同一source_id或同一event_id的描述。,由共享基础引擎提供；仅修正保护功能的承载、持续调用和压力状态下的稳定性，不直接等同成熟度、道德或现实行为。,由M1／M2接口提供；夫妻星、心动原型和关系门槛只说明关系议题，不单独证明保护因素已经被调用或有效。,由M3-BASE及M4各模块提供；日支、日柱近位可提高与亲密关系核心的相关性，但同一source_id不得重复计分。,保护因素必须明确限制过用、补足缺位、恢复顺序、打开反馈、落实改变或完成修复回流；不能只凭五行相生补写现实效果。,近位提高进入亲密关系核心的概率；远位只作背景、阶段或条件性修正。,根气只修正该保护功能是否容易重复调用，不等于现实中已经形成稳定保护。,旺弱只修正调用强度与承载；强不自动有效，弱也不自动无效。,喜忌只修正摩擦、平衡与承载，不可直接翻译为好坏、成熟度或解决方案。,原十神功能有效；真合化成立时按化神功能替换，合化争议时停止定性。,近位提高直接相关性；远位仅保留背景、阶段或低置信修正。,89,满足则升级,upgrade_condition,确认是否改变顺序、反馈、边界或修复结果。,若要进一步确认，需要：确认是否改变顺序、反馈、边界或修复结果。,不得仅凭本规则断定问题已经解决、关系必然稳定、用户一定成熟、某十神天然是“药”、喜用神自动等于解决办法，或淡化暴力、强迫与现实伤害；现实行为、反例、安全事实和专业支持优先。,中高,待验证,,provisional=true；保护因素的现实有效性必须由可观察行为、反馈和持续结果验证。,0.8
M4-BUFFER-173,BL4 单次现实已启动｜降级／停止条件,L3 BL0—BL7保护有效层级,BUFFER-保护层级,通用,降级,BL4 单次现实已启动,说明何时需要降低保护等级。,只有动作没有效果时仍停留BL4，不升级。,存在跨情境稳定有效的现实证据。,由共享基础引擎提供；仅修正保护功能的承载、持续调用和压力状态下的稳定性，不直接等同成熟度、道德或现实行为。,由M1／M2接口提供；夫妻星、心动原型和关系门槛只说明关系议题，不单独证明保护因素已经被调用或有效。,由M3-BASE及M4各模块提供；日支、日柱近位可提高与亲密关系核心的相关性，但同一source_id不得重复计分。,保护因素必须明确限制过用、补足缺位、恢复顺序、打开反馈、落实改变或完成修复回流；不能只凭五行相生补写现实效果。,近位提高进入亲密关系核心的概率；远位只作背景、阶段或条件性修正。,根气只修正该保护功能是否容易重复调用，不等于现实中已经形成稳定保护。,旺弱只修正调用强度与承载；强不自动有效，弱也不自动无效。,喜忌只修正摩擦、平衡与承载，不可直接翻译为好坏、成熟度或解决方案。,原十神功能有效；真合化成立时按化神功能替换，合化争议时停止定性。,近位提高直接相关性；远位仅保留背景、阶段或低置信修正。,97,触发则降级,downgrade_condition,只有动作没有效果时仍停留BL4，不升级。,若出现以下情况，应降低判断：只有动作没有效果时仍停留BL4，不升级。,不得仅凭本规则断定问题已经解决、关系必然稳定、用户一定成熟、某十神天然是“药”、喜用神自动等于解决办法，或淡化暴力、强迫与现实伤害；现实行为、反例、安全事实和专业支持优先。,高,待验证,,provisional=true；保护因素的现实有效性必须由可观察行为、反馈和持续结果验证。,0.8
M4-BUFFER-174,BL4 单次现实已启动｜用户输出,L3 BL0—BL7保护有效层级,BUFFER-保护层级,通用,语言,BL4 单次现实已启动,生成对应层级的用户语言。,本层级已经成立。,层级未成立或存在安全停止。,由共享基础引擎提供；仅修正保护功能的承载、持续调用和压力状态下的稳定性，不直接等同成熟度、道德或现实行为。,由M1／M2接口提供；夫妻星、心动原型和关系门槛只说明关系议题，不单独证明保护因素已经被调用或有效。,由M3-BASE及M4各模块提供；日支、日柱近位可提高与亲密关系核心的相关性，但同一source_id不得重复计分。,保护因素必须明确限制过用、补足缺位、恢复顺序、打开反馈、落实改变或完成修复回流；不能只凭五行相生补写现实效果。,近位提高进入亲密关系核心的概率；远位只作背景、阶段或条件性修正。,根气只修正该保护功能是否容易重复调用，不等于现实中已经形成稳定保护。,旺弱只修正调用强度与承载；强不自动有效，弱也不自动无效。,喜忌只修正摩擦、平衡与承载，不可直接翻译为好坏、成熟度或解决方案。,原十神功能有效；真合化成立时按化神功能替换，合化争议时停止定性。,近位提高直接相关性；远位仅保留背景、阶段或低置信修正。,84,不加分；输出,report_text,至少一个具体事件显示保护功能被调用。,从这次经历看，你确实用出了这项资源，但还要看它有没有改变后续过程。,不得仅凭本规则断定问题已经解决、关系必然稳定、用户一定成熟、某十神天然是“药”、喜用神自动等于解决办法，或淡化暴力、强迫与现实伤害；现实行为、反例、安全事实和专业支持优先。,中高,待验证,,provisional=true；保护因素的现实有效性必须由可观察行为、反馈和持续结果验证。,0.8
M4-BUFFER-175,BL5 单次实际有效｜层级定义,L3 BL0—BL7保护有效层级,BUFFER-保护层级,通用,定义,BL5 单次实际有效,定义保护有效性的证据层级。,满足本层级的结构与现实证据要求。,证据不足或被高估。,由共享基础引擎提供；仅修正保护功能的承载、持续调用和压力状态下的稳定性，不直接等同成熟度、道德或现实行为。,由M1／M2接口提供；夫妻星、心动原型和关系门槛只说明关系议题，不单独证明保护因素已经被调用或有效。,由M3-BASE及M4各模块提供；日支、日柱近位可提高与亲密关系核心的相关性，但同一source_id不得重复计分。,保护因素必须明确限制过用、补足缺位、恢复顺序、打开反馈、落实改变或完成修复回流；不能只凭五行相生补写现实效果。,近位提高进入亲密关系核心的概率；远位只作背景、阶段或条件性修正。,根气只修正该保护功能是否容易重复调用，不等于现实中已经形成稳定保护。,旺弱只修正调用强度与承载；强不自动有效，弱也不自动无效。,喜忌只修正摩擦、平衡与承载，不可直接翻译为好坏、成熟度或解决方案。,原十神功能有效；真合化成立时按化神功能替换，合化争议时停止定性。,近位提高直接相关性；远位仅保留背景、阶段或低置信修正。,96,层级判定,buffer_level,一次事件中保护因素明确改变了风险链。,这项方法在这次事件里确实改变了处理顺序或结果，但稳定性仍需继续观察。,不得仅凭本规则断定问题已经解决、关系必然稳定、用户一定成熟、某十神天然是“药”、喜用神自动等于解决办法，或淡化暴力、强迫与现实伤害；现实行为、反例、安全事实和专业支持优先。,高,待验证,,provisional=true；保护因素的现实有效性必须由可观察行为、反馈和持续结果验证。,0.8
M4-BUFFER-176,BL5 单次实际有效｜证据要求,L3 BL0—BL7保护有效层级,BUFFER-保护层级,通用,证据,BL5 单次实际有效,明确进入本层级所需证据。,一次事件中保护因素明确改变了风险链。,只有同源重复、标签或主观推测。,由共享基础引擎提供；仅修正保护功能的承载、持续调用和压力状态下的稳定性，不直接等同成熟度、道德或现实行为。,由M1／M2接口提供；夫妻星、心动原型和关系门槛只说明关系议题，不单独证明保护因素已经被调用或有效。,由M3-BASE及M4各模块提供；日支、日柱近位可提高与亲密关系核心的相关性，但同一source_id不得重复计分。,保护因素必须明确限制过用、补足缺位、恢复顺序、打开反馈、落实改变或完成修复回流；不能只凭五行相生补写现实效果。,近位提高进入亲密关系核心的概率；远位只作背景、阶段或条件性修正。,根气只修正该保护功能是否容易重复调用，不等于现实中已经形成稳定保护。,旺弱只修正调用强度与承载；强不自动有效，弱也不自动无效。,喜忌只修正摩擦、平衡与承载，不可直接翻译为好坏、成熟度或解决方案。,原十神功能有效；真合化成立时按化神功能替换，合化争议时停止定性。,近位提高直接相关性；远位仅保留背景、阶段或低置信修正。,94,证据门槛,buffer_evidence,BL5要求：一次事件中保护因素明确改变了风险链。,要达到这一层，需要看到：一次事件中保护因素明确改变了风险链。,不得仅凭本规则断定问题已经解决、关系必然稳定、用户一定成熟、某十神天然是“药”、喜用神自动等于解决办法，或淡化暴力、强迫与现实伤害；现实行为、反例、安全事实和专业支持优先。,中高,待验证,,provisional=true；保护因素的现实有效性必须由可观察行为、反馈和持续结果验证。,0.8
M4-BUFFER-177,BL5 单次实际有效｜发布上限,L3 BL0—BL7保护有效层级,BUFFER-保护层级,通用,发布边界,BL5 单次实际有效,限制用户报告措辞。,已经完成本层级证据门控。,用低层级证据发布更强结论。,由共享基础引擎提供；仅修正保护功能的承载、持续调用和压力状态下的稳定性，不直接等同成熟度、道德或现实行为。,由M1／M2接口提供；夫妻星、心动原型和关系门槛只说明关系议题，不单独证明保护因素已经被调用或有效。,由M3-BASE及M4各模块提供；日支、日柱近位可提高与亲密关系核心的相关性，但同一source_id不得重复计分。,保护因素必须明确限制过用、补足缺位、恢复顺序、打开反馈、落实改变或完成修复回流；不能只凭五行相生补写现实效果。,近位提高进入亲密关系核心的概率；远位只作背景、阶段或条件性修正。,根气只修正该保护功能是否容易重复调用，不等于现实中已经形成稳定保护。,旺弱只修正调用强度与承载；强不自动有效，弱也不自动无效。,喜忌只修正摩擦、平衡与承载，不可直接翻译为好坏、成熟度或解决方案。,原十神功能有效；真合化成立时按化神功能替换，合化争议时停止定性。,近位提高直接相关性；远位仅保留背景、阶段或低置信修正。,99,封顶,report_status,可降低该事件的风险结论，并写出具体有效节点。,这一层最多可以说明：可降低该事件的风险结论，并写出具体有效节点。,不得仅凭本规则断定问题已经解决、关系必然稳定、用户一定成熟、某十神天然是“药”、喜用神自动等于解决办法，或淡化暴力、强迫与现实伤害；现实行为、反例、安全事实和专业支持优先。,高,待验证,,provisional=true；保护因素的现实有效性必须由可观察行为、反馈和持续结果验证。,0.8
M4-BUFFER-178,BL5 单次实际有效｜升级条件,L3 BL0—BL7保护有效层级,BUFFER-保护层级,通用,升级,BL5 单次实际有效,说明如何从当前层级升级。,当前层级成立，并补齐下一层所需的独立证据。,只增加同一source_id或同一event_id的描述。,由共享基础引擎提供；仅修正保护功能的承载、持续调用和压力状态下的稳定性，不直接等同成熟度、道德或现实行为。,由M1／M2接口提供；夫妻星、心动原型和关系门槛只说明关系议题，不单独证明保护因素已经被调用或有效。,由M3-BASE及M4各模块提供；日支、日柱近位可提高与亲密关系核心的相关性，但同一source_id不得重复计分。,保护因素必须明确限制过用、补足缺位、恢复顺序、打开反馈、落实改变或完成修复回流；不能只凭五行相生补写现实效果。,近位提高进入亲密关系核心的概率；远位只作背景、阶段或条件性修正。,根气只修正该保护功能是否容易重复调用，不等于现实中已经形成稳定保护。,旺弱只修正调用强度与承载；强不自动有效，弱也不自动无效。,喜忌只修正摩擦、平衡与承载，不可直接翻译为好坏、成熟度或解决方案。,原十神功能有效；真合化成立时按化神功能替换，合化争议时停止定性。,近位提高直接相关性；远位仅保留背景、阶段或低置信修正。,89,满足则升级,upgrade_condition,在另一相似或不同情境中验证。,若要进一步确认，需要：在另一相似或不同情境中验证。,不得仅凭本规则断定问题已经解决、关系必然稳定、用户一定成熟、某十神天然是“药”、喜用神自动等于解决办法，或淡化暴力、强迫与现实伤害；现实行为、反例、安全事实和专业支持优先。,中高,待验证,,provisional=true；保护因素的现实有效性必须由可观察行为、反馈和持续结果验证。,0.8
M4-BUFFER-179,BL5 单次实际有效｜降级／停止条件,L3 BL0—BL7保护有效层级,BUFFER-保护层级,通用,降级,BL5 单次实际有效,说明何时需要降低保护等级。,若效果仅来自偶然、对方单方面配合或环境特殊，保持条件化。,存在跨情境稳定有效的现实证据。,由共享基础引擎提供；仅修正保护功能的承载、持续调用和压力状态下的稳定性，不直接等同成熟度、道德或现实行为。,由M1／M2接口提供；夫妻星、心动原型和关系门槛只说明关系议题，不单独证明保护因素已经被调用或有效。,由M3-BASE及M4各模块提供；日支、日柱近位可提高与亲密关系核心的相关性，但同一source_id不得重复计分。,保护因素必须明确限制过用、补足缺位、恢复顺序、打开反馈、落实改变或完成修复回流；不能只凭五行相生补写现实效果。,近位提高进入亲密关系核心的概率；远位只作背景、阶段或条件性修正。,根气只修正该保护功能是否容易重复调用，不等于现实中已经形成稳定保护。,旺弱只修正调用强度与承载；强不自动有效，弱也不自动无效。,喜忌只修正摩擦、平衡与承载，不可直接翻译为好坏、成熟度或解决方案。,原十神功能有效；真合化成立时按化神功能替换，合化争议时停止定性。,近位提高直接相关性；远位仅保留背景、阶段或低置信修正。,97,触发则降级,downgrade_condition,若效果仅来自偶然、对方单方面配合或环境特殊，保持条件化。,若出现以下情况，应降低判断：若效果仅来自偶然、对方单方面配合或环境特殊，保持条件化。,不得仅凭本规则断定问题已经解决、关系必然稳定、用户一定成熟、某十神天然是“药”、喜用神自动等于解决办法，或淡化暴力、强迫与现实伤害；现实行为、反例、安全事实和专业支持优先。,高,待验证,,provisional=true；保护因素的现实有效性必须由可观察行为、反馈和持续结果验证。,0.8
M4-BUFFER-180,BL5 单次实际有效｜用户输出,L3 BL0—BL7保护有效层级,BUFFER-保护层级,通用,语言,BL5 单次实际有效,生成对应层级的用户语言。,本层级已经成立。,层级未成立或存在安全停止。,由共享基础引擎提供；仅修正保护功能的承载、持续调用和压力状态下的稳定性，不直接等同成熟度、道德或现实行为。,由M1／M2接口提供；夫妻星、心动原型和关系门槛只说明关系议题，不单独证明保护因素已经被调用或有效。,由M3-BASE及M4各模块提供；日支、日柱近位可提高与亲密关系核心的相关性，但同一source_id不得重复计分。,保护因素必须明确限制过用、补足缺位、恢复顺序、打开反馈、落实改变或完成修复回流；不能只凭五行相生补写现实效果。,近位提高进入亲密关系核心的概率；远位只作背景、阶段或条件性修正。,根气只修正该保护功能是否容易重复调用，不等于现实中已经形成稳定保护。,旺弱只修正调用强度与承载；强不自动有效，弱也不自动无效。,喜忌只修正摩擦、平衡与承载，不可直接翻译为好坏、成熟度或解决方案。,原十神功能有效；真合化成立时按化神功能替换，合化争议时停止定性。,近位提高直接相关性；远位仅保留背景、阶段或低置信修正。,84,不加分；输出,report_text,一次事件中保护因素明确改变了风险链。,这项方法在这次事件里确实改变了处理顺序或结果，但稳定性仍需继续观察。,不得仅凭本规则断定问题已经解决、关系必然稳定、用户一定成熟、某十神天然是“药”、喜用神自动等于解决办法，或淡化暴力、强迫与现实伤害；现实行为、反例、安全事实和专业支持优先。,中高,待验证,,provisional=true；保护因素的现实有效性必须由可观察行为、反馈和持续结果验证。,0.8
M4-BUFFER-181,BL6 跨情境稳定有效｜层级定义,L3 BL0—BL7保护有效层级,BUFFER-保护层级,通用,定义,BL6 跨情境稳定有效,定义保护有效性的证据层级。,满足本层级的结构与现实证据要求。,证据不足或被高估。,由共享基础引擎提供；仅修正保护功能的承载、持续调用和压力状态下的稳定性，不直接等同成熟度、道德或现实行为。,由M1／M2接口提供；夫妻星、心动原型和关系门槛只说明关系议题，不单独证明保护因素已经被调用或有效。,由M3-BASE及M4各模块提供；日支、日柱近位可提高与亲密关系核心的相关性，但同一source_id不得重复计分。,保护因素必须明确限制过用、补足缺位、恢复顺序、打开反馈、落实改变或完成修复回流；不能只凭五行相生补写现实效果。,近位提高进入亲密关系核心的概率；远位只作背景、阶段或条件性修正。,根气只修正该保护功能是否容易重复调用，不等于现实中已经形成稳定保护。,旺弱只修正调用强度与承载；强不自动有效，弱也不自动无效。,喜忌只修正摩擦、平衡与承载，不可直接翻译为好坏、成熟度或解决方案。,原十神功能有效；真合化成立时按化神功能替换，合化争议时停止定性。,近位提高直接相关性；远位仅保留背景、阶段或低置信修正。,96,层级判定,buffer_level,至少两个独立事件或不同情境中重复有效，并有接收方反馈。,从多次经历看，这项资源能够在不同情境中稳定发挥保护作用。,不得仅凭本规则断定问题已经解决、关系必然稳定、用户一定成熟、某十神天然是“药”、喜用神自动等于解决办法，或淡化暴力、强迫与现实伤害；现实行为、反例、安全事实和专业支持优先。,高,待验证,,provisional=true；保护因素的现实有效性必须由可观察行为、反馈和持续结果验证。,0.8
M4-BUFFER-182,BL6 跨情境稳定有效｜证据要求,L3 BL0—BL7保护有效层级,BUFFER-保护层级,通用,证据,BL6 跨情境稳定有效,明确进入本层级所需证据。,至少两个独立事件或不同情境中重复有效，并有接收方反馈。,只有同源重复、标签或主观推测。,由共享基础引擎提供；仅修正保护功能的承载、持续调用和压力状态下的稳定性，不直接等同成熟度、道德或现实行为。,由M1／M2接口提供；夫妻星、心动原型和关系门槛只说明关系议题，不单独证明保护因素已经被调用或有效。,由M3-BASE及M4各模块提供；日支、日柱近位可提高与亲密关系核心的相关性，但同一source_id不得重复计分。,保护因素必须明确限制过用、补足缺位、恢复顺序、打开反馈、落实改变或完成修复回流；不能只凭五行相生补写现实效果。,近位提高进入亲密关系核心的概率；远位只作背景、阶段或条件性修正。,根气只修正该保护功能是否容易重复调用，不等于现实中已经形成稳定保护。,旺弱只修正调用强度与承载；强不自动有效，弱也不自动无效。,喜忌只修正摩擦、平衡与承载，不可直接翻译为好坏、成熟度或解决方案。,原十神功能有效；真合化成立时按化神功能替换，合化争议时停止定性。,近位提高直接相关性；远位仅保留背景、阶段或低置信修正。,94,证据门槛,buffer_evidence,BL6要求：至少两个独立事件或不同情境中重复有效，并有接收方反馈。,要达到这一层，需要看到：至少两个独立事件或不同情境中重复有效，并有接收方反馈。,不得仅凭本规则断定问题已经解决、关系必然稳定、用户一定成熟、某十神天然是“药”、喜用神自动等于解决办法，或淡化暴力、强迫与现实伤害；现实行为、反例、安全事实和专业支持优先。,中高,待验证,,provisional=true；保护因素的现实有效性必须由可观察行为、反馈和持续结果验证。,0.8
M4-BUFFER-183,BL6 跨情境稳定有效｜发布上限,L3 BL0—BL7保护有效层级,BUFFER-保护层级,通用,发布边界,BL6 跨情境稳定有效,限制用户报告措辞。,已经完成本层级证据门控。,用低层级证据发布更强结论。,由共享基础引擎提供；仅修正保护功能的承载、持续调用和压力状态下的稳定性，不直接等同成熟度、道德或现实行为。,由M1／M2接口提供；夫妻星、心动原型和关系门槛只说明关系议题，不单独证明保护因素已经被调用或有效。,由M3-BASE及M4各模块提供；日支、日柱近位可提高与亲密关系核心的相关性，但同一source_id不得重复计分。,保护因素必须明确限制过用、补足缺位、恢复顺序、打开反馈、落实改变或完成修复回流；不能只凭五行相生补写现实效果。,近位提高进入亲密关系核心的概率；远位只作背景、阶段或条件性修正。,根气只修正该保护功能是否容易重复调用，不等于现实中已经形成稳定保护。,旺弱只修正调用强度与承载；强不自动有效，弱也不自动无效。,喜忌只修正摩擦、平衡与承载，不可直接翻译为好坏、成熟度或解决方案。,原十神功能有效；真合化成立时按化神功能替换，合化争议时停止定性。,近位提高直接相关性；远位仅保留背景、阶段或低置信修正。,99,封顶,report_status,可作为稳定保护，显著降权相应风险候选。,这一层最多可以说明：可作为稳定保护，显著降权相应风险候选。,不得仅凭本规则断定问题已经解决、关系必然稳定、用户一定成熟、某十神天然是“药”、喜用神自动等于解决办法，或淡化暴力、强迫与现实伤害；现实行为、反例、安全事实和专业支持优先。,高,待验证,,provisional=true；保护因素的现实有效性必须由可观察行为、反馈和持续结果验证。,0.8
M4-BUFFER-184,BL6 跨情境稳定有效｜升级条件,L3 BL0—BL7保护有效层级,BUFFER-保护层级,通用,升级,BL6 跨情境稳定有效,说明如何从当前层级升级。,当前层级成立，并补齐下一层所需的独立证据。,只增加同一source_id或同一event_id的描述。,由共享基础引擎提供；仅修正保护功能的承载、持续调用和压力状态下的稳定性，不直接等同成熟度、道德或现实行为。,由M1／M2接口提供；夫妻星、心动原型和关系门槛只说明关系议题，不单独证明保护因素已经被调用或有效。,由M3-BASE及M4各模块提供；日支、日柱近位可提高与亲密关系核心的相关性，但同一source_id不得重复计分。,保护因素必须明确限制过用、补足缺位、恢复顺序、打开反馈、落实改变或完成修复回流；不能只凭五行相生补写现实效果。,近位提高进入亲密关系核心的概率；远位只作背景、阶段或条件性修正。,根气只修正该保护功能是否容易重复调用，不等于现实中已经形成稳定保护。,旺弱只修正调用强度与承载；强不自动有效，弱也不自动无效。,喜忌只修正摩擦、平衡与承载，不可直接翻译为好坏、成熟度或解决方案。,原十神功能有效；真合化成立时按化神功能替换，合化争议时停止定性。,近位提高直接相关性；远位仅保留背景、阶段或低置信修正。,89,满足则升级,upgrade_condition,继续纳入高压、代价情境和复发检验。,若要进一步确认，需要：继续纳入高压、代价情境和复发检验。,不得仅凭本规则断定问题已经解决、关系必然稳定、用户一定成熟、某十神天然是“药”、喜用神自动等于解决办法，或淡化暴力、强迫与现实伤害；现实行为、反例、安全事实和专业支持优先。,中高,待验证,,provisional=true；保护因素的现实有效性必须由可观察行为、反馈和持续结果验证。,0.8
M4-BUFFER-185,BL6 跨情境稳定有效｜降级／停止条件,L3 BL0—BL7保护有效层级,BUFFER-保护层级,通用,降级,BL6 跨情境稳定有效,说明何时需要降低保护等级。,出现稳定无效或反向结果时转为情境化。,存在跨情境稳定有效的现实证据。,由共享基础引擎提供；仅修正保护功能的承载、持续调用和压力状态下的稳定性，不直接等同成熟度、道德或现实行为。,由M1／M2接口提供；夫妻星、心动原型和关系门槛只说明关系议题，不单独证明保护因素已经被调用或有效。,由M3-BASE及M4各模块提供；日支、日柱近位可提高与亲密关系核心的相关性，但同一source_id不得重复计分。,保护因素必须明确限制过用、补足缺位、恢复顺序、打开反馈、落实改变或完成修复回流；不能只凭五行相生补写现实效果。,近位提高进入亲密关系核心的概率；远位只作背景、阶段或条件性修正。,根气只修正该保护功能是否容易重复调用，不等于现实中已经形成稳定保护。,旺弱只修正调用强度与承载；强不自动有效，弱也不自动无效。,喜忌只修正摩擦、平衡与承载，不可直接翻译为好坏、成熟度或解决方案。,原十神功能有效；真合化成立时按化神功能替换，合化争议时停止定性。,近位提高直接相关性；远位仅保留背景、阶段或低置信修正。,97,触发则降级,downgrade_condition,出现稳定无效或反向结果时转为情境化。,若出现以下情况，应降低判断：出现稳定无效或反向结果时转为情境化。,不得仅凭本规则断定问题已经解决、关系必然稳定、用户一定成熟、某十神天然是“药”、喜用神自动等于解决办法，或淡化暴力、强迫与现实伤害；现实行为、反例、安全事实和专业支持优先。,高,待验证,,provisional=true；保护因素的现实有效性必须由可观察行为、反馈和持续结果验证。,0.8
M4-BUFFER-186,BL6 跨情境稳定有效｜用户输出,L3 BL0—BL7保护有效层级,BUFFER-保护层级,通用,语言,BL6 跨情境稳定有效,生成对应层级的用户语言。,本层级已经成立。,层级未成立或存在安全停止。,由共享基础引擎提供；仅修正保护功能的承载、持续调用和压力状态下的稳定性，不直接等同成熟度、道德或现实行为。,由M1／M2接口提供；夫妻星、心动原型和关系门槛只说明关系议题，不单独证明保护因素已经被调用或有效。,由M3-BASE及M4各模块提供；日支、日柱近位可提高与亲密关系核心的相关性，但同一source_id不得重复计分。,保护因素必须明确限制过用、补足缺位、恢复顺序、打开反馈、落实改变或完成修复回流；不能只凭五行相生补写现实效果。,近位提高进入亲密关系核心的概率；远位只作背景、阶段或条件性修正。,根气只修正该保护功能是否容易重复调用，不等于现实中已经形成稳定保护。,旺弱只修正调用强度与承载；强不自动有效，弱也不自动无效。,喜忌只修正摩擦、平衡与承载，不可直接翻译为好坏、成熟度或解决方案。,原十神功能有效；真合化成立时按化神功能替换，合化争议时停止定性。,近位提高直接相关性；远位仅保留背景、阶段或低置信修正。,84,不加分；输出,report_text,至少两个独立事件或不同情境中重复有效，并有接收方反馈。,从多次经历看，这项资源能够在不同情境中稳定发挥保护作用。,不得仅凭本规则断定问题已经解决、关系必然稳定、用户一定成熟、某十神天然是“药”、喜用神自动等于解决办法，或淡化暴力、强迫与现实伤害；现实行为、反例、安全事实和专业支持优先。,中高,待验证,,provisional=true；保护因素的现实有效性必须由可观察行为、反馈和持续结果验证。,0.8
M4-BUFFER-187,BL7 经反例检验的稳定保护｜层级定义,L3 BL0—BL7保护有效层级,BUFFER-保护层级,通用,定义,BL7 经反例检验的稳定保护,定义保护有效性的证据层级。,满足本层级的结构与现实证据要求。,证据不足或被高估。,由共享基础引擎提供；仅修正保护功能的承载、持续调用和压力状态下的稳定性，不直接等同成熟度、道德或现实行为。,由M1／M2接口提供；夫妻星、心动原型和关系门槛只说明关系议题，不单独证明保护因素已经被调用或有效。,由M3-BASE及M4各模块提供；日支、日柱近位可提高与亲密关系核心的相关性，但同一source_id不得重复计分。,保护因素必须明确限制过用、补足缺位、恢复顺序、打开反馈、落实改变或完成修复回流；不能只凭五行相生补写现实效果。,近位提高进入亲密关系核心的概率；远位只作背景、阶段或条件性修正。,根气只修正该保护功能是否容易重复调用，不等于现实中已经形成稳定保护。,旺弱只修正调用强度与承载；强不自动有效，弱也不自动无效。,喜忌只修正摩擦、平衡与承载，不可直接翻译为好坏、成熟度或解决方案。,原十神功能有效；真合化成立时按化神功能替换，合化争议时停止定性。,近位提高直接相关性；远位仅保留背景、阶段或低置信修正。,96,层级判定,buffer_level,跨时间、跨情境有效，并已纳入反例、代价和复发审查。,这项资源目前经得住多种情境和反例检验，能较稳定地减弱对应盲点。,不得仅凭本规则断定问题已经解决、关系必然稳定、用户一定成熟、某十神天然是“药”、喜用神自动等于解决办法，或淡化暴力、强迫与现实伤害；现实行为、反例、安全事实和专业支持优先。,高,待验证,,provisional=true；保护因素的现实有效性必须由可观察行为、反馈和持续结果验证。,0.8
M4-BUFFER-188,BL7 经反例检验的稳定保护｜证据要求,L3 BL0—BL7保护有效层级,BUFFER-保护层级,通用,证据,BL7 经反例检验的稳定保护,明确进入本层级所需证据。,跨时间、跨情境有效，并已纳入反例、代价和复发审查。,只有同源重复、标签或主观推测。,由共享基础引擎提供；仅修正保护功能的承载、持续调用和压力状态下的稳定性，不直接等同成熟度、道德或现实行为。,由M1／M2接口提供；夫妻星、心动原型和关系门槛只说明关系议题，不单独证明保护因素已经被调用或有效。,由M3-BASE及M4各模块提供；日支、日柱近位可提高与亲密关系核心的相关性，但同一source_id不得重复计分。,保护因素必须明确限制过用、补足缺位、恢复顺序、打开反馈、落实改变或完成修复回流；不能只凭五行相生补写现实效果。,近位提高进入亲密关系核心的概率；远位只作背景、阶段或条件性修正。,根气只修正该保护功能是否容易重复调用，不等于现实中已经形成稳定保护。,旺弱只修正调用强度与承载；强不自动有效，弱也不自动无效。,喜忌只修正摩擦、平衡与承载，不可直接翻译为好坏、成熟度或解决方案。,原十神功能有效；真合化成立时按化神功能替换，合化争议时停止定性。,近位提高直接相关性；远位仅保留背景、阶段或低置信修正。,94,证据门槛,buffer_evidence,BL7要求：跨时间、跨情境有效，并已纳入反例、代价和复发审查。,要达到这一层，需要看到：跨时间、跨情境有效，并已纳入反例、代价和复发审查。,不得仅凭本规则断定问题已经解决、关系必然稳定、用户一定成熟、某十神天然是“药”、喜用神自动等于解决办法，或淡化暴力、强迫与现实伤害；现实行为、反例、安全事实和专业支持优先。,中高,待验证,,provisional=true；保护因素的现实有效性必须由可观察行为、反馈和持续结果验证。,0.8
M4-BUFFER-189,BL7 经反例检验的稳定保护｜发布上限,L3 BL0—BL7保护有效层级,BUFFER-保护层级,通用,发布边界,BL7 经反例检验的稳定保护,限制用户报告措辞。,已经完成本层级证据门控。,用低层级证据发布更强结论。,由共享基础引擎提供；仅修正保护功能的承载、持续调用和压力状态下的稳定性，不直接等同成熟度、道德或现实行为。,由M1／M2接口提供；夫妻星、心动原型和关系门槛只说明关系议题，不单独证明保护因素已经被调用或有效。,由M3-BASE及M4各模块提供；日支、日柱近位可提高与亲密关系核心的相关性，但同一source_id不得重复计分。,保护因素必须明确限制过用、补足缺位、恢复顺序、打开反馈、落实改变或完成修复回流；不能只凭五行相生补写现实效果。,近位提高进入亲密关系核心的概率；远位只作背景、阶段或条件性修正。,根气只修正该保护功能是否容易重复调用，不等于现实中已经形成稳定保护。,旺弱只修正调用强度与承载；强不自动有效，弱也不自动无效。,喜忌只修正摩擦、平衡与承载，不可直接翻译为好坏、成熟度或解决方案。,原十神功能有效；真合化成立时按化神功能替换，合化争议时停止定性。,近位提高直接相关性；远位仅保留背景、阶段或低置信修正。,99,封顶,report_status,可停止或重写对应风险候选，但不推断未来绝不会复发。,这一层最多可以说明：可停止或重写对应风险候选，但不推断未来绝不会复发。,不得仅凭本规则断定问题已经解决、关系必然稳定、用户一定成熟、某十神天然是“药”、喜用神自动等于解决办法，或淡化暴力、强迫与现实伤害；现实行为、反例、安全事实和专业支持优先。,高,待验证,,provisional=true；保护因素的现实有效性必须由可观察行为、反馈和持续结果验证。,0.8
M4-BUFFER-190,BL7 经反例检验的稳定保护｜升级条件,L3 BL0—BL7保护有效层级,BUFFER-保护层级,通用,升级,BL7 经反例检验的稳定保护,说明如何从当前层级升级。,当前层级成立，并补齐下一层所需的独立证据。,只增加同一source_id或同一event_id的描述。,由共享基础引擎提供；仅修正保护功能的承载、持续调用和压力状态下的稳定性，不直接等同成熟度、道德或现实行为。,由M1／M2接口提供；夫妻星、心动原型和关系门槛只说明关系议题，不单独证明保护因素已经被调用或有效。,由M3-BASE及M4各模块提供；日支、日柱近位可提高与亲密关系核心的相关性，但同一source_id不得重复计分。,保护因素必须明确限制过用、补足缺位、恢复顺序、打开反馈、落实改变或完成修复回流；不能只凭五行相生补写现实效果。,近位提高进入亲密关系核心的概率；远位只作背景、阶段或条件性修正。,根气只修正该保护功能是否容易重复调用，不等于现实中已经形成稳定保护。,旺弱只修正调用强度与承载；强不自动有效，弱也不自动无效。,喜忌只修正摩擦、平衡与承载，不可直接翻译为好坏、成熟度或解决方案。,原十神功能有效；真合化成立时按化神功能替换，合化争议时停止定性。,近位提高直接相关性；远位仅保留背景、阶段或低置信修正。,89,满足则升级,upgrade_condition,持续监测新情境和状态变化。,若要进一步确认，需要：持续监测新情境和状态变化。,不得仅凭本规则断定问题已经解决、关系必然稳定、用户一定成熟、某十神天然是“药”、喜用神自动等于解决办法，或淡化暴力、强迫与现实伤害；现实行为、反例、安全事实和专业支持优先。,中高,待验证,,provisional=true；保护因素的现实有效性必须由可观察行为、反馈和持续结果验证。,0.8
M4-BUFFER-191,BL7 经反例检验的稳定保护｜降级／停止条件,L3 BL0—BL7保护有效层级,BUFFER-保护层级,通用,降级,BL7 经反例检验的稳定保护,说明何时需要降低保护等级。,现实安全事实或新反例出现时立即重评。,存在跨情境稳定有效的现实证据。,由共享基础引擎提供；仅修正保护功能的承载、持续调用和压力状态下的稳定性，不直接等同成熟度、道德或现实行为。,由M1／M2接口提供；夫妻星、心动原型和关系门槛只说明关系议题，不单独证明保护因素已经被调用或有效。,由M3-BASE及M4各模块提供；日支、日柱近位可提高与亲密关系核心的相关性，但同一source_id不得重复计分。,保护因素必须明确限制过用、补足缺位、恢复顺序、打开反馈、落实改变或完成修复回流；不能只凭五行相生补写现实效果。,近位提高进入亲密关系核心的概率；远位只作背景、阶段或条件性修正。,根气只修正该保护功能是否容易重复调用，不等于现实中已经形成稳定保护。,旺弱只修正调用强度与承载；强不自动有效，弱也不自动无效。,喜忌只修正摩擦、平衡与承载，不可直接翻译为好坏、成熟度或解决方案。,原十神功能有效；真合化成立时按化神功能替换，合化争议时停止定性。,近位提高直接相关性；远位仅保留背景、阶段或低置信修正。,97,触发则降级,downgrade_condition,现实安全事实或新反例出现时立即重评。,若出现以下情况，应降低判断：现实安全事实或新反例出现时立即重评。,不得仅凭本规则断定问题已经解决、关系必然稳定、用户一定成熟、某十神天然是“药”、喜用神自动等于解决办法，或淡化暴力、强迫与现实伤害；现实行为、反例、安全事实和专业支持优先。,高,待验证,,provisional=true；保护因素的现实有效性必须由可观察行为、反馈和持续结果验证。,0.8
M4-BUFFER-192,BL7 经反例检验的稳定保护｜用户输出,L3 BL0—BL7保护有效层级,BUFFER-保护层级,通用,语言,BL7 经反例检验的稳定保护,生成对应层级的用户语言。,本层级已经成立。,层级未成立或存在安全停止。,由共享基础引擎提供；仅修正保护功能的承载、持续调用和压力状态下的稳定性，不直接等同成熟度、道德或现实行为。,由M1／M2接口提供；夫妻星、心动原型和关系门槛只说明关系议题，不单独证明保护因素已经被调用或有效。,由M3-BASE及M4各模块提供；日支、日柱近位可提高与亲密关系核心的相关性，但同一source_id不得重复计分。,保护因素必须明确限制过用、补足缺位、恢复顺序、打开反馈、落实改变或完成修复回流；不能只凭五行相生补写现实效果。,近位提高进入亲密关系核心的概率；远位只作背景、阶段或条件性修正。,根气只修正该保护功能是否容易重复调用，不等于现实中已经形成稳定保护。,旺弱只修正调用强度与承载；强不自动有效，弱也不自动无效。,喜忌只修正摩擦、平衡与承载，不可直接翻译为好坏、成熟度或解决方案。,原十神功能有效；真合化成立时按化神功能替换，合化争议时停止定性。,近位提高直接相关性；远位仅保留背景、阶段或低置信修正。,84,不加分；输出,report_text,跨时间、跨情境有效，并已纳入反例、代价和复发审查。,这项资源目前经得住多种情境和反例检验，能较稳定地减弱对应盲点。,不得仅凭本规则断定问题已经解决、关系必然稳定、用户一定成熟、某十神天然是“药”、喜用神自动等于解决办法，或淡化暴力、强迫与现实伤害；现实行为、反例、安全事实和专业支持优先。,中高,待验证,,provisional=true；保护因素的现实有效性必须由可观察行为、反馈和持续结果验证。,0.8
M4-BUFFER-193,PB01 命理标签替代现实调用｜机制定义,L4 PB01—PB08伪保护,BUFFER-伪保护,通用,定义,PB01 命理标签替代现实调用,界定常见伪保护。,看到喜用神、制化、通关或某十神存在，就认定关系已有保护。,该方式已经有独立反馈、现实效果与持续验证。,由共享基础引擎提供；仅修正保护功能的承载、持续调用和压力状态下的稳定性，不直接等同成熟度、道德或现实行为。,由M1／M2接口提供；夫妻星、心动原型和关系门槛只说明关系议题，不单独证明保护因素已经被调用或有效。,由M3-BASE及M4各模块提供；日支、日柱近位可提高与亲密关系核心的相关性，但同一source_id不得重复计分。,保护因素必须明确限制过用、补足缺位、恢复顺序、打开反馈、落实改变或完成修复回流；不能只凭五行相生补写现实效果。,近位提高进入亲密关系核心的概率；远位只作背景、阶段或条件性修正。,根气只修正该保护功能是否容易重复调用，不等于现实中已经形成稳定保护。,旺弱只修正调用强度与承载；强不自动有效，弱也不自动无效。,喜忌只修正摩擦、平衡与承载，不可直接翻译为好坏、成熟度或解决方案。,原十神功能有效；真合化成立时按化神功能替换，合化争议时停止定性。,近位提高直接相关性；远位仅保留背景、阶段或低置信修正。,95,伪保护候选+0,pseudo_buffer,结构标签没有说明靶点、调用条件、现实行为和效果。,“命里有这项资源”只说明可能性，不能替代现实中是否真正用出来。,不得仅凭本规则断定问题已经解决、关系必然稳定、用户一定成熟、某十神天然是“药”、喜用神自动等于解决办法，或淡化暴力、强迫与现实伤害；现实行为、反例、安全事实和专业支持优先。,中高,待验证,,provisional=true；保护因素的现实有效性必须由可观察行为、反馈和持续结果验证。,0.8
M4-BUFFER-194,PB01 命理标签替代现实调用｜识别条件,L4 PB01—PB08伪保护,BUFFER-伪保护,通用,识别,PB01 命理标签替代现实调用,识别伪保护的现实表现。,出现以下表面保护：看到喜用神、制化、通关或某十神存在，就认定关系已有保护。,没有对应风险靶点，或现实结果清楚显示链条已改变。,由共享基础引擎提供；仅修正保护功能的承载、持续调用和压力状态下的稳定性，不直接等同成熟度、道德或现实行为。,由M1／M2接口提供；夫妻星、心动原型和关系门槛只说明关系议题，不单独证明保护因素已经被调用或有效。,由M3-BASE及M4各模块提供；日支、日柱近位可提高与亲密关系核心的相关性，但同一source_id不得重复计分。,保护因素必须明确限制过用、补足缺位、恢复顺序、打开反馈、落实改变或完成修复回流；不能只凭五行相生补写现实效果。,近位提高进入亲密关系核心的概率；远位只作背景、阶段或条件性修正。,根气只修正该保护功能是否容易重复调用，不等于现实中已经形成稳定保护。,旺弱只修正调用强度与承载；强不自动有效，弱也不自动无效。,喜忌只修正摩擦、平衡与承载，不可直接翻译为好坏、成熟度或解决方案。,原十神功能有效；真合化成立时按化神功能替换，合化争议时停止定性。,近位提高直接相关性；远位仅保留背景、阶段或低置信修正。,92,命中+6,buffer_evidence,识别重点：检查是否有具体K机制靶点、现实启动事件、反馈和持续结果。,需要继续检查：检查是否有具体K机制靶点、现实启动事件、反馈和持续结果。,不得仅凭本规则断定问题已经解决、关系必然稳定、用户一定成熟、某十神天然是“药”、喜用神自动等于解决办法，或淡化暴力、强迫与现实伤害；现实行为、反例、安全事实和专业支持优先。,中高,待验证,,provisional=true；保护因素的现实有效性必须由可观察行为、反馈和持续结果验证。,0.8
M4-BUFFER-195,PB01 命理标签替代现实调用｜为什么无效,L4 PB01—PB08伪保护,BUFFER-伪保护,通用,逻辑,PB01 命理标签替代现实调用,说明表面有效与真实有效的差别。,看到喜用神、制化、通关或某十神存在，就认定关系已有保护。,已经完成反馈、执行与反例检验。,由共享基础引擎提供；仅修正保护功能的承载、持续调用和压力状态下的稳定性，不直接等同成熟度、道德或现实行为。,由M1／M2接口提供；夫妻星、心动原型和关系门槛只说明关系议题，不单独证明保护因素已经被调用或有效。,由M3-BASE及M4各模块提供；日支、日柱近位可提高与亲密关系核心的相关性，但同一source_id不得重复计分。,保护因素必须明确限制过用、补足缺位、恢复顺序、打开反馈、落实改变或完成修复回流；不能只凭五行相生补写现实效果。,近位提高进入亲密关系核心的概率；远位只作背景、阶段或条件性修正。,根气只修正该保护功能是否容易重复调用，不等于现实中已经形成稳定保护。,旺弱只修正调用强度与承载；强不自动有效，弱也不自动无效。,喜忌只修正摩擦、平衡与承载，不可直接翻译为好坏、成熟度或解决方案。,原十神功能有效；真合化成立时按化神功能替换，合化争议时停止定性。,近位提高直接相关性；远位仅保留背景、阶段或低置信修正。,90,不加分；解释,boundary_note,结构标签没有说明靶点、调用条件、现实行为和效果。,表面上它能暂时降低不适，但还不能证明关键关系任务已经完成。,不得仅凭本规则断定问题已经解决、关系必然稳定、用户一定成熟、某十神天然是“药”、喜用神自动等于解决办法，或淡化暴力、强迫与现实伤害；现实行为、反例、安全事实和专业支持优先。,中高,待验证,,provisional=true；保护因素的现实有效性必须由可观察行为、反馈和持续结果验证。,0.8
M4-BUFFER-196,PB01 命理标签替代现实调用｜反例门控,L4 PB01—PB08伪保护,BUFFER-伪保护,通用,反例,PB01 命理标签替代现实调用,防止把真实有效资源误判为伪保护。,没有观察到只有当结构资源与现实行为共同改变风险链，才退出伪保护。。,已经观察到只有当结构资源与现实行为共同改变风险链，才退出伪保护。，并在相似情境中重复。,由共享基础引擎提供；仅修正保护功能的承载、持续调用和压力状态下的稳定性，不直接等同成熟度、道德或现实行为。,由M1／M2接口提供；夫妻星、心动原型和关系门槛只说明关系议题，不单独证明保护因素已经被调用或有效。,由M3-BASE及M4各模块提供；日支、日柱近位可提高与亲密关系核心的相关性，但同一source_id不得重复计分。,保护因素必须明确限制过用、补足缺位、恢复顺序、打开反馈、落实改变或完成修复回流；不能只凭五行相生补写现实效果。,近位提高进入亲密关系核心的概率；远位只作背景、阶段或条件性修正。,根气只修正该保护功能是否容易重复调用，不等于现实中已经形成稳定保护。,旺弱只修正调用强度与承载；强不自动有效，弱也不自动无效。,喜忌只修正摩擦、平衡与承载，不可直接翻译为好坏、成熟度或解决方案。,原十神功能有效；真合化成立时按化神功能替换，合化争议时停止定性。,近位提高直接相关性；远位仅保留背景、阶段或低置信修正。,97,反例则停止,counterevidence,若已经满足：只有当结构资源与现实行为共同改变风险链，才退出伪保护。，则应停止PB候选并升级至相应BF。,若现实中已经做到“只有当结构资源与现实行为共同改变风险链，才退出伪保护。”，就不应再把它视为表面保护。,不得仅凭本规则断定问题已经解决、关系必然稳定、用户一定成熟、某十神天然是“药”、喜用神自动等于解决办法，或淡化暴力、强迫与现实伤害；现实行为、反例、安全事实和专业支持优先。,高,待验证,,provisional=true；保护因素的现实有效性必须由可观察行为、反馈和持续结果验证。,0.8
M4-BUFFER-197,PB01 命理标签替代现实调用｜退出条件,L4 PB01—PB08伪保护,BUFFER-伪保护,通用,退出,PB01 命理标签替代现实调用,说明伪保护如何转成有效保护。,只有当结构资源与现实行为共同改变风险链，才退出伪保护。,只有一次口头承诺或单次动作。,由共享基础引擎提供；仅修正保护功能的承载、持续调用和压力状态下的稳定性，不直接等同成熟度、道德或现实行为。,由M1／M2接口提供；夫妻星、心动原型和关系门槛只说明关系议题，不单独证明保护因素已经被调用或有效。,由M3-BASE及M4各模块提供；日支、日柱近位可提高与亲密关系核心的相关性，但同一source_id不得重复计分。,保护因素必须明确限制过用、补足缺位、恢复顺序、打开反馈、落实改变或完成修复回流；不能只凭五行相生补写现实效果。,近位提高进入亲密关系核心的概率；远位只作背景、阶段或条件性修正。,根气只修正该保护功能是否容易重复调用，不等于现实中已经形成稳定保护。,旺弱只修正调用强度与承载；强不自动有效，弱也不自动无效。,喜忌只修正摩擦、平衡与承载，不可直接翻译为好坏、成熟度或解决方案。,原十神功能有效；真合化成立时按化神功能替换，合化争议时停止定性。,近位提高直接相关性；远位仅保留背景、阶段或低置信修正。,91,满足则转BF,buffer_upgrade,PB01退出条件：只有当结构资源与现实行为共同改变风险链，才退出伪保护。,这项方式要真正发挥作用，需要做到：只有当结构资源与现实行为共同改变风险链，才退出伪保护。,不得仅凭本规则断定问题已经解决、关系必然稳定、用户一定成熟、某十神天然是“药”、喜用神自动等于解决办法，或淡化暴力、强迫与现实伤害；现实行为、反例、安全事实和专业支持优先。,中高,待验证,,provisional=true；保护因素的现实有效性必须由可观察行为、反馈和持续结果验证。,0.8
M4-BUFFER-198,PB01 命理标签替代现实调用｜用户输出,L4 PB01—PB08伪保护,BUFFER-伪保护,通用,语言,PB01 命理标签替代现实调用,生成中性提醒。,看到喜用神、制化、通关或某十神存在，就认定关系已有保护。,存在安全停止或资料不足。,由共享基础引擎提供；仅修正保护功能的承载、持续调用和压力状态下的稳定性，不直接等同成熟度、道德或现实行为。,由M1／M2接口提供；夫妻星、心动原型和关系门槛只说明关系议题，不单独证明保护因素已经被调用或有效。,由M3-BASE及M4各模块提供；日支、日柱近位可提高与亲密关系核心的相关性，但同一source_id不得重复计分。,保护因素必须明确限制过用、补足缺位、恢复顺序、打开反馈、落实改变或完成修复回流；不能只凭五行相生补写现实效果。,近位提高进入亲密关系核心的概率；远位只作背景、阶段或条件性修正。,根气只修正该保护功能是否容易重复调用，不等于现实中已经形成稳定保护。,旺弱只修正调用强度与承载；强不自动有效，弱也不自动无效。,喜忌只修正摩擦、平衡与承载，不可直接翻译为好坏、成熟度或解决方案。,原十神功能有效；真合化成立时按化神功能替换，合化争议时停止定性。,近位提高直接相关性；远位仅保留背景、阶段或低置信修正。,84,不加分；输出,report_text,结构标签没有说明靶点、调用条件、现实行为和效果。,“命里有这项资源”只说明可能性，不能替代现实中是否真正用出来。,不得仅凭本规则断定问题已经解决、关系必然稳定、用户一定成熟、某十神天然是“药”、喜用神自动等于解决办法，或淡化暴力、强迫与现实伤害；现实行为、反例、安全事实和专业支持优先。,中高,待验证,,provisional=true；保护因素的现实有效性必须由可观察行为、反馈和持续结果验证。,0.8
M4-BUFFER-199,PB02 规则加码替代协商｜机制定义,L4 PB01—PB08伪保护,BUFFER-伪保护,通用,定义,PB02 规则加码替代协商,界定常见伪保护。,遇到混乱就增加规则、要求和边界条款，短期看似更有秩序。,该方式已经有独立反馈、现实效果与持续验证。,由共享基础引擎提供；仅修正保护功能的承载、持续调用和压力状态下的稳定性，不直接等同成熟度、道德或现实行为。,由M1／M2接口提供；夫妻星、心动原型和关系门槛只说明关系议题，不单独证明保护因素已经被调用或有效。,由M3-BASE及M4各模块提供；日支、日柱近位可提高与亲密关系核心的相关性，但同一source_id不得重复计分。,保护因素必须明确限制过用、补足缺位、恢复顺序、打开反馈、落实改变或完成修复回流；不能只凭五行相生补写现实效果。,近位提高进入亲密关系核心的概率；远位只作背景、阶段或条件性修正。,根气只修正该保护功能是否容易重复调用，不等于现实中已经形成稳定保护。,旺弱只修正调用强度与承载；强不自动有效，弱也不自动无效。,喜忌只修正摩擦、平衡与承载，不可直接翻译为好坏、成熟度或解决方案。,原十神功能有效；真合化成立时按化神功能替换，合化争议时停止定性。,近位提高直接相关性；远位仅保留背景、阶段或低置信修正。,95,伪保护候选+0,pseudo_buffer,规则如果没有共同参与、反馈和执行，可能只是把不确定性压下去。,更多规则不一定更安全，关键是规则是否共同制定、可以执行并允许调整。,不得仅凭本规则断定问题已经解决、关系必然稳定、用户一定成熟、某十神天然是“药”、喜用神自动等于解决办法，或淡化暴力、强迫与现实伤害；现实行为、反例、安全事实和专业支持优先。,中高,待验证,,provisional=true；保护因素的现实有效性必须由可观察行为、反馈和持续结果验证。,0.8
M4-BUFFER-200,PB02 规则加码替代协商｜识别条件,L4 PB01—PB08伪保护,BUFFER-伪保护,通用,识别,PB02 规则加码替代协商,识别伪保护的现实表现。,出现以下表面保护：遇到混乱就增加规则、要求和边界条款，短期看似更有秩序。,没有对应风险靶点，或现实结果清楚显示链条已改变。,由共享基础引擎提供；仅修正保护功能的承载、持续调用和压力状态下的稳定性，不直接等同成熟度、道德或现实行为。,由M1／M2接口提供；夫妻星、心动原型和关系门槛只说明关系议题，不单独证明保护因素已经被调用或有效。,由M3-BASE及M4各模块提供；日支、日柱近位可提高与亲密关系核心的相关性，但同一source_id不得重复计分。,保护因素必须明确限制过用、补足缺位、恢复顺序、打开反馈、落实改变或完成修复回流；不能只凭五行相生补写现实效果。,近位提高进入亲密关系核心的概率；远位只作背景、阶段或条件性修正。,根气只修正该保护功能是否容易重复调用，不等于现实中已经形成稳定保护。,旺弱只修正调用强度与承载；强不自动有效，弱也不自动无效。,喜忌只修正摩擦、平衡与承载，不可直接翻译为好坏、成熟度或解决方案。,原十神功能有效；真合化成立时按化神功能替换，合化争议时停止定性。,近位提高直接相关性；远位仅保留背景、阶段或低置信修正。,92,命中+6,buffer_evidence,识别重点：检查规则是否由双方协商、是否可执行、是否允许反馈和调整。,需要继续检查：检查规则是否由双方协商、是否可执行、是否允许反馈和调整。,不得仅凭本规则断定问题已经解决、关系必然稳定、用户一定成熟、某十神天然是“药”、喜用神自动等于解决办法，或淡化暴力、强迫与现实伤害；现实行为、反例、安全事实和专业支持优先。,中高,待验证,,provisional=true；保护因素的现实有效性必须由可观察行为、反馈和持续结果验证。,0.8
M4-BUFFER-201,PB02 规则加码替代协商｜为什么无效,L4 PB01—PB08伪保护,BUFFER-伪保护,通用,逻辑,PB02 规则加码替代协商,说明表面有效与真实有效的差别。,遇到混乱就增加规则、要求和边界条款，短期看似更有秩序。,已经完成反馈、执行与反例检验。,由共享基础引擎提供；仅修正保护功能的承载、持续调用和压力状态下的稳定性，不直接等同成熟度、道德或现实行为。,由M1／M2接口提供；夫妻星、心动原型和关系门槛只说明关系议题，不单独证明保护因素已经被调用或有效。,由M3-BASE及M4各模块提供；日支、日柱近位可提高与亲密关系核心的相关性，但同一source_id不得重复计分。,保护因素必须明确限制过用、补足缺位、恢复顺序、打开反馈、落实改变或完成修复回流；不能只凭五行相生补写现实效果。,近位提高进入亲密关系核心的概率；远位只作背景、阶段或条件性修正。,根气只修正该保护功能是否容易重复调用，不等于现实中已经形成稳定保护。,旺弱只修正调用强度与承载；强不自动有效，弱也不自动无效。,喜忌只修正摩擦、平衡与承载，不可直接翻译为好坏、成熟度或解决方案。,原十神功能有效；真合化成立时按化神功能替换，合化争议时停止定性。,近位提高直接相关性；远位仅保留背景、阶段或低置信修正。,90,不加分；解释,boundary_note,规则如果没有共同参与、反馈和执行，可能只是把不确定性压下去。,表面上它能暂时降低不适，但还不能证明关键关系任务已经完成。,不得仅凭本规则断定问题已经解决、关系必然稳定、用户一定成熟、某十神天然是“药”、喜用神自动等于解决办法，或淡化暴力、强迫与现实伤害；现实行为、反例、安全事实和专业支持优先。,中高,待验证,,provisional=true；保护因素的现实有效性必须由可观察行为、反馈和持续结果验证。,0.8
M4-BUFFER-202,PB02 规则加码替代协商｜反例门控,L4 PB01—PB08伪保护,BUFFER-伪保护,通用,反例,PB02 规则加码替代协商,防止把真实有效资源误判为伪保护。,没有观察到最小可执行规则被共同确认，并在后续真实执行。。,已经观察到最小可执行规则被共同确认，并在后续真实执行。，并在相似情境中重复。,由共享基础引擎提供；仅修正保护功能的承载、持续调用和压力状态下的稳定性，不直接等同成熟度、道德或现实行为。,由M1／M2接口提供；夫妻星、心动原型和关系门槛只说明关系议题，不单独证明保护因素已经被调用或有效。,由M3-BASE及M4各模块提供；日支、日柱近位可提高与亲密关系核心的相关性，但同一source_id不得重复计分。,保护因素必须明确限制过用、补足缺位、恢复顺序、打开反馈、落实改变或完成修复回流；不能只凭五行相生补写现实效果。,近位提高进入亲密关系核心的概率；远位只作背景、阶段或条件性修正。,根气只修正该保护功能是否容易重复调用，不等于现实中已经形成稳定保护。,旺弱只修正调用强度与承载；强不自动有效，弱也不自动无效。,喜忌只修正摩擦、平衡与承载，不可直接翻译为好坏、成熟度或解决方案。,原十神功能有效；真合化成立时按化神功能替换，合化争议时停止定性。,近位提高直接相关性；远位仅保留背景、阶段或低置信修正。,97,反例则停止,counterevidence,若已经满足：最小可执行规则被共同确认，并在后续真实执行。，则应停止PB候选并升级至相应BF。,若现实中已经做到“最小可执行规则被共同确认，并在后续真实执行。”，就不应再把它视为表面保护。,不得仅凭本规则断定问题已经解决、关系必然稳定、用户一定成熟、某十神天然是“药”、喜用神自动等于解决办法，或淡化暴力、强迫与现实伤害；现实行为、反例、安全事实和专业支持优先。,高,待验证,,provisional=true；保护因素的现实有效性必须由可观察行为、反馈和持续结果验证。,0.8
M4-BUFFER-203,PB02 规则加码替代协商｜退出条件,L4 PB01—PB08伪保护,BUFFER-伪保护,通用,退出,PB02 规则加码替代协商,说明伪保护如何转成有效保护。,最小可执行规则被共同确认，并在后续真实执行。,只有一次口头承诺或单次动作。,由共享基础引擎提供；仅修正保护功能的承载、持续调用和压力状态下的稳定性，不直接等同成熟度、道德或现实行为。,由M1／M2接口提供；夫妻星、心动原型和关系门槛只说明关系议题，不单独证明保护因素已经被调用或有效。,由M3-BASE及M4各模块提供；日支、日柱近位可提高与亲密关系核心的相关性，但同一source_id不得重复计分。,保护因素必须明确限制过用、补足缺位、恢复顺序、打开反馈、落实改变或完成修复回流；不能只凭五行相生补写现实效果。,近位提高进入亲密关系核心的概率；远位只作背景、阶段或条件性修正。,根气只修正该保护功能是否容易重复调用，不等于现实中已经形成稳定保护。,旺弱只修正调用强度与承载；强不自动有效，弱也不自动无效。,喜忌只修正摩擦、平衡与承载，不可直接翻译为好坏、成熟度或解决方案。,原十神功能有效；真合化成立时按化神功能替换，合化争议时停止定性。,近位提高直接相关性；远位仅保留背景、阶段或低置信修正。,91,满足则转BF,buffer_upgrade,PB02退出条件：最小可执行规则被共同确认，并在后续真实执行。,这项方式要真正发挥作用，需要做到：最小可执行规则被共同确认，并在后续真实执行。,不得仅凭本规则断定问题已经解决、关系必然稳定、用户一定成熟、某十神天然是“药”、喜用神自动等于解决办法，或淡化暴力、强迫与现实伤害；现实行为、反例、安全事实和专业支持优先。,中高,待验证,,provisional=true；保护因素的现实有效性必须由可观察行为、反馈和持续结果验证。,0.8
M4-BUFFER-204,PB02 规则加码替代协商｜用户输出,L4 PB01—PB08伪保护,BUFFER-伪保护,通用,语言,PB02 规则加码替代协商,生成中性提醒。,遇到混乱就增加规则、要求和边界条款，短期看似更有秩序。,存在安全停止或资料不足。,由共享基础引擎提供；仅修正保护功能的承载、持续调用和压力状态下的稳定性，不直接等同成熟度、道德或现实行为。,由M1／M2接口提供；夫妻星、心动原型和关系门槛只说明关系议题，不单独证明保护因素已经被调用或有效。,由M3-BASE及M4各模块提供；日支、日柱近位可提高与亲密关系核心的相关性，但同一source_id不得重复计分。,保护因素必须明确限制过用、补足缺位、恢复顺序、打开反馈、落实改变或完成修复回流；不能只凭五行相生补写现实效果。,近位提高进入亲密关系核心的概率；远位只作背景、阶段或条件性修正。,根气只修正该保护功能是否容易重复调用，不等于现实中已经形成稳定保护。,旺弱只修正调用强度与承载；强不自动有效，弱也不自动无效。,喜忌只修正摩擦、平衡与承载，不可直接翻译为好坏、成熟度或解决方案。,原十神功能有效；真合化成立时按化神功能替换，合化争议时停止定性。,近位提高直接相关性；远位仅保留背景、阶段或低置信修正。,84,不加分；输出,report_text,规则如果没有共同参与、反馈和执行，可能只是把不确定性压下去。,更多规则不一定更安全，关键是规则是否共同制定、可以执行并允许调整。,不得仅凭本规则断定问题已经解决、关系必然稳定、用户一定成熟、某十神天然是“药”、喜用神自动等于解决办法，或淡化暴力、强迫与现实伤害；现实行为、反例、安全事实和专业支持优先。,中高,待验证,,provisional=true；保护因素的现实有效性必须由可观察行为、反馈和持续结果验证。,0.8
M4-BUFFER-205,PB03 解释增加替代反馈｜机制定义,L4 PB01—PB08伪保护,BUFFER-伪保护,通用,定义,PB03 解释增加替代反馈,界定常见伪保护。,认为只要说得更完整、更有逻辑，就能避免误解。,该方式已经有独立反馈、现实效果与持续验证。,由共享基础引擎提供；仅修正保护功能的承载、持续调用和压力状态下的稳定性，不直接等同成熟度、道德或现实行为。,由M1／M2接口提供；夫妻星、心动原型和关系门槛只说明关系议题，不单独证明保护因素已经被调用或有效。,由M3-BASE及M4各模块提供；日支、日柱近位可提高与亲密关系核心的相关性，但同一source_id不得重复计分。,保护因素必须明确限制过用、补足缺位、恢复顺序、打开反馈、落实改变或完成修复回流；不能只凭五行相生补写现实效果。,近位提高进入亲密关系核心的概率；远位只作背景、阶段或条件性修正。,根气只修正该保护功能是否容易重复调用，不等于现实中已经形成稳定保护。,旺弱只修正调用强度与承载；强不自动有效，弱也不自动无效。,喜忌只修正摩擦、平衡与承载，不可直接翻译为好坏、成熟度或解决方案。,原十神功能有效；真合化成立时按化神功能替换，合化争议时停止定性。,近位提高直接相关性；远位仅保留背景、阶段或低置信修正。,95,伪保护候选+0,pseudo_buffer,信息增加不等于对方真正接收，也可能压缩倾听和反馈。,说得更多不一定等于理解更深，真正的保护来自双方确认听到了什么。,不得仅凭本规则断定问题已经解决、关系必然稳定、用户一定成熟、某十神天然是“药”、喜用神自动等于解决办法，或淡化暴力、强迫与现实伤害；现实行为、反例、安全事实和专业支持优先。,中高,待验证,,provisional=true；保护因素的现实有效性必须由可观察行为、反馈和持续结果验证。,0.8
M4-BUFFER-206,PB03 解释增加替代反馈｜识别条件,L4 PB01—PB08伪保护,BUFFER-伪保护,通用,识别,PB03 解释增加替代反馈,识别伪保护的现实表现。,出现以下表面保护：认为只要说得更完整、更有逻辑，就能避免误解。,没有对应风险靶点，或现实结果清楚显示链条已改变。,由共享基础引擎提供；仅修正保护功能的承载、持续调用和压力状态下的稳定性，不直接等同成熟度、道德或现实行为。,由M1／M2接口提供；夫妻星、心动原型和关系门槛只说明关系议题，不单独证明保护因素已经被调用或有效。,由M3-BASE及M4各模块提供；日支、日柱近位可提高与亲密关系核心的相关性，但同一source_id不得重复计分。,保护因素必须明确限制过用、补足缺位、恢复顺序、打开反馈、落实改变或完成修复回流；不能只凭五行相生补写现实效果。,近位提高进入亲密关系核心的概率；远位只作背景、阶段或条件性修正。,根气只修正该保护功能是否容易重复调用，不等于现实中已经形成稳定保护。,旺弱只修正调用强度与承载；强不自动有效，弱也不自动无效。,喜忌只修正摩擦、平衡与承载，不可直接翻译为好坏、成熟度或解决方案。,原十神功能有效；真合化成立时按化神功能替换，合化争议时停止定性。,近位提高直接相关性；远位仅保留背景、阶段或低置信修正。,92,命中+6,buffer_evidence,识别重点：检查是否有复述理解、对方反馈和二次修正。,需要继续检查：检查是否有复述理解、对方反馈和二次修正。,不得仅凭本规则断定问题已经解决、关系必然稳定、用户一定成熟、某十神天然是“药”、喜用神自动等于解决办法，或淡化暴力、强迫与现实伤害；现实行为、反例、安全事实和专业支持优先。,中高,待验证,,provisional=true；保护因素的现实有效性必须由可观察行为、反馈和持续结果验证。,0.8
M4-BUFFER-207,PB03 解释增加替代反馈｜为什么无效,L4 PB01—PB08伪保护,BUFFER-伪保护,通用,逻辑,PB03 解释增加替代反馈,说明表面有效与真实有效的差别。,认为只要说得更完整、更有逻辑，就能避免误解。,已经完成反馈、执行与反例检验。,由共享基础引擎提供；仅修正保护功能的承载、持续调用和压力状态下的稳定性，不直接等同成熟度、道德或现实行为。,由M1／M2接口提供；夫妻星、心动原型和关系门槛只说明关系议题，不单独证明保护因素已经被调用或有效。,由M3-BASE及M4各模块提供；日支、日柱近位可提高与亲密关系核心的相关性，但同一source_id不得重复计分。,保护因素必须明确限制过用、补足缺位、恢复顺序、打开反馈、落实改变或完成修复回流；不能只凭五行相生补写现实效果。,近位提高进入亲密关系核心的概率；远位只作背景、阶段或条件性修正。,根气只修正该保护功能是否容易重复调用，不等于现实中已经形成稳定保护。,旺弱只修正调用强度与承载；强不自动有效，弱也不自动无效。,喜忌只修正摩擦、平衡与承载，不可直接翻译为好坏、成熟度或解决方案。,原十神功能有效；真合化成立时按化神功能替换，合化争议时停止定性。,近位提高直接相关性；远位仅保留背景、阶段或低置信修正。,90,不加分；解释,boundary_note,信息增加不等于对方真正接收，也可能压缩倾听和反馈。,表面上它能暂时降低不适，但还不能证明关键关系任务已经完成。,不得仅凭本规则断定问题已经解决、关系必然稳定、用户一定成熟、某十神天然是“药”、喜用神自动等于解决办法，或淡化暴力、强迫与现实伤害；现实行为、反例、安全事实和专业支持优先。,中高,待验证,,provisional=true；保护因素的现实有效性必须由可观察行为、反馈和持续结果验证。,0.8
M4-BUFFER-208,PB03 解释增加替代反馈｜反例门控,L4 PB01—PB08伪保护,BUFFER-伪保护,通用,反例,PB03 解释增加替代反馈,防止把真实有效资源误判为伪保护。,没有观察到表达与接收反馈形成往返，而不是单向输出。。,已经观察到表达与接收反馈形成往返，而不是单向输出。，并在相似情境中重复。,由共享基础引擎提供；仅修正保护功能的承载、持续调用和压力状态下的稳定性，不直接等同成熟度、道德或现实行为。,由M1／M2接口提供；夫妻星、心动原型和关系门槛只说明关系议题，不单独证明保护因素已经被调用或有效。,由M3-BASE及M4各模块提供；日支、日柱近位可提高与亲密关系核心的相关性，但同一source_id不得重复计分。,保护因素必须明确限制过用、补足缺位、恢复顺序、打开反馈、落实改变或完成修复回流；不能只凭五行相生补写现实效果。,近位提高进入亲密关系核心的概率；远位只作背景、阶段或条件性修正。,根气只修正该保护功能是否容易重复调用，不等于现实中已经形成稳定保护。,旺弱只修正调用强度与承载；强不自动有效，弱也不自动无效。,喜忌只修正摩擦、平衡与承载，不可直接翻译为好坏、成熟度或解决方案。,原十神功能有效；真合化成立时按化神功能替换，合化争议时停止定性。,近位提高直接相关性；远位仅保留背景、阶段或低置信修正。,97,反例则停止,counterevidence,若已经满足：表达与接收反馈形成往返，而不是单向输出。，则应停止PB候选并升级至相应BF。,若现实中已经做到“表达与接收反馈形成往返，而不是单向输出。”，就不应再把它视为表面保护。,不得仅凭本规则断定问题已经解决、关系必然稳定、用户一定成熟、某十神天然是“药”、喜用神自动等于解决办法，或淡化暴力、强迫与现实伤害；现实行为、反例、安全事实和专业支持优先。,高,待验证,,provisional=true；保护因素的现实有效性必须由可观察行为、反馈和持续结果验证。,0.8
M4-BUFFER-209,PB03 解释增加替代反馈｜退出条件,L4 PB01—PB08伪保护,BUFFER-伪保护,通用,退出,PB03 解释增加替代反馈,说明伪保护如何转成有效保护。,表达与接收反馈形成往返，而不是单向输出。,只有一次口头承诺或单次动作。,由共享基础引擎提供；仅修正保护功能的承载、持续调用和压力状态下的稳定性，不直接等同成熟度、道德或现实行为。,由M1／M2接口提供；夫妻星、心动原型和关系门槛只说明关系议题，不单独证明保护因素已经被调用或有效。,由M3-BASE及M4各模块提供；日支、日柱近位可提高与亲密关系核心的相关性，但同一source_id不得重复计分。,保护因素必须明确限制过用、补足缺位、恢复顺序、打开反馈、落实改变或完成修复回流；不能只凭五行相生补写现实效果。,近位提高进入亲密关系核心的概率；远位只作背景、阶段或条件性修正。,根气只修正该保护功能是否容易重复调用，不等于现实中已经形成稳定保护。,旺弱只修正调用强度与承载；强不自动有效，弱也不自动无效。,喜忌只修正摩擦、平衡与承载，不可直接翻译为好坏、成熟度或解决方案。,原十神功能有效；真合化成立时按化神功能替换，合化争议时停止定性。,近位提高直接相关性；远位仅保留背景、阶段或低置信修正。,91,满足则转BF,buffer_upgrade,PB03退出条件：表达与接收反馈形成往返，而不是单向输出。,这项方式要真正发挥作用，需要做到：表达与接收反馈形成往返，而不是单向输出。,不得仅凭本规则断定问题已经解决、关系必然稳定、用户一定成熟、某十神天然是“药”、喜用神自动等于解决办法，或淡化暴力、强迫与现实伤害；现实行为、反例、安全事实和专业支持优先。,中高,待验证,,provisional=true；保护因素的现实有效性必须由可观察行为、反馈和持续结果验证。,0.8
M4-BUFFER-210,PB03 解释增加替代反馈｜用户输出,L4 PB01—PB08伪保护,BUFFER-伪保护,通用,语言,PB03 解释增加替代反馈,生成中性提醒。,认为只要说得更完整、更有逻辑，就能避免误解。,存在安全停止或资料不足。,由共享基础引擎提供；仅修正保护功能的承载、持续调用和压力状态下的稳定性，不直接等同成熟度、道德或现实行为。,由M1／M2接口提供；夫妻星、心动原型和关系门槛只说明关系议题，不单独证明保护因素已经被调用或有效。,由M3-BASE及M4各模块提供；日支、日柱近位可提高与亲密关系核心的相关性，但同一source_id不得重复计分。,保护因素必须明确限制过用、补足缺位、恢复顺序、打开反馈、落实改变或完成修复回流；不能只凭五行相生补写现实效果。,近位提高进入亲密关系核心的概率；远位只作背景、阶段或条件性修正。,根气只修正该保护功能是否容易重复调用，不等于现实中已经形成稳定保护。,旺弱只修正调用强度与承载；强不自动有效，弱也不自动无效。,喜忌只修正摩擦、平衡与承载，不可直接翻译为好坏、成熟度或解决方案。,原十神功能有效；真合化成立时按化神功能替换，合化争议时停止定性。,近位提高直接相关性；远位仅保留背景、阶段或低置信修正。,84,不加分；输出,report_text,信息增加不等于对方真正接收，也可能压缩倾听和反馈。,说得更多不一定等于理解更深，真正的保护来自双方确认听到了什么。,不得仅凭本规则断定问题已经解决、关系必然稳定、用户一定成熟、某十神天然是“药”、喜用神自动等于解决办法，或淡化暴力、强迫与现实伤害；现实行为、反例、安全事实和专业支持优先。,中高,待验证,,provisional=true；保护因素的现实有效性必须由可观察行为、反馈和持续结果验证。,0.8
M4-BUFFER-211,PB04 投入补偿替代责任与边界｜机制定义,L4 PB01—PB08伪保护,BUFFER-伪保护,通用,定义,PB04 投入补偿替代责任与边界,界定常见伪保护。,通过花时间、花钱、做事或照顾来弥补关系问题。,该方式已经有独立反馈、现实效果与持续验证。,由共享基础引擎提供；仅修正保护功能的承载、持续调用和压力状态下的稳定性，不直接等同成熟度、道德或现实行为。,由M1／M2接口提供；夫妻星、心动原型和关系门槛只说明关系议题，不单独证明保护因素已经被调用或有效。,由M3-BASE及M4各模块提供；日支、日柱近位可提高与亲密关系核心的相关性，但同一source_id不得重复计分。,保护因素必须明确限制过用、补足缺位、恢复顺序、打开反馈、落实改变或完成修复回流；不能只凭五行相生补写现实效果。,近位提高进入亲密关系核心的概率；远位只作背景、阶段或条件性修正。,根气只修正该保护功能是否容易重复调用，不等于现实中已经形成稳定保护。,旺弱只修正调用强度与承载；强不自动有效，弱也不自动无效。,喜忌只修正摩擦、平衡与承载，不可直接翻译为好坏、成熟度或解决方案。,原十神功能有效；真合化成立时按化神功能替换，合化争议时停止定性。,近位提高直接相关性；远位仅保留背景、阶段或低置信修正。,95,伪保护候选+0,pseudo_buffer,投入可能绕开责任、需求、边界或持续改变。,做得多可以表达在意，但不能自动替代责任说清、边界重订和持续改变。,不得仅凭本规则断定问题已经解决、关系必然稳定、用户一定成熟、某十神天然是“药”、喜用神自动等于解决办法，或淡化暴力、强迫与现实伤害；现实行为、反例、安全事实和专业支持优先。,中高,待验证,,provisional=true；保护因素的现实有效性必须由可观察行为、反馈和持续结果验证。,0.8
M4-BUFFER-212,PB04 投入补偿替代责任与边界｜识别条件,L4 PB01—PB08伪保护,BUFFER-伪保护,通用,识别,PB04 投入补偿替代责任与边界,识别伪保护的现实表现。,出现以下表面保护：通过花时间、花钱、做事或照顾来弥补关系问题。,没有对应风险靶点，或现实结果清楚显示链条已改变。,由共享基础引擎提供；仅修正保护功能的承载、持续调用和压力状态下的稳定性，不直接等同成熟度、道德或现实行为。,由M1／M2接口提供；夫妻星、心动原型和关系门槛只说明关系议题，不单独证明保护因素已经被调用或有效。,由M3-BASE及M4各模块提供；日支、日柱近位可提高与亲密关系核心的相关性，但同一source_id不得重复计分。,保护因素必须明确限制过用、补足缺位、恢复顺序、打开反馈、落实改变或完成修复回流；不能只凭五行相生补写现实效果。,近位提高进入亲密关系核心的概率；远位只作背景、阶段或条件性修正。,根气只修正该保护功能是否容易重复调用，不等于现实中已经形成稳定保护。,旺弱只修正调用强度与承载；强不自动有效，弱也不自动无效。,喜忌只修正摩擦、平衡与承载，不可直接翻译为好坏、成熟度或解决方案。,原十神功能有效；真合化成立时按化神功能替换，合化争议时停止定性。,近位提高直接相关性；远位仅保留背景、阶段或低置信修正。,92,命中+6,buffer_evidence,识别重点：检查付出是否对应具体影响、责任和双方认可的需要。,需要继续检查：检查付出是否对应具体影响、责任和双方认可的需要。,不得仅凭本规则断定问题已经解决、关系必然稳定、用户一定成熟、某十神天然是“药”、喜用神自动等于解决办法，或淡化暴力、强迫与现实伤害；现实行为、反例、安全事实和专业支持优先。,中高,待验证,,provisional=true；保护因素的现实有效性必须由可观察行为、反馈和持续结果验证。,0.8
M4-BUFFER-213,PB04 投入补偿替代责任与边界｜为什么无效,L4 PB01—PB08伪保护,BUFFER-伪保护,通用,逻辑,PB04 投入补偿替代责任与边界,说明表面有效与真实有效的差别。,通过花时间、花钱、做事或照顾来弥补关系问题。,已经完成反馈、执行与反例检验。,由共享基础引擎提供；仅修正保护功能的承载、持续调用和压力状态下的稳定性，不直接等同成熟度、道德或现实行为。,由M1／M2接口提供；夫妻星、心动原型和关系门槛只说明关系议题，不单独证明保护因素已经被调用或有效。,由M3-BASE及M4各模块提供；日支、日柱近位可提高与亲密关系核心的相关性，但同一source_id不得重复计分。,保护因素必须明确限制过用、补足缺位、恢复顺序、打开反馈、落实改变或完成修复回流；不能只凭五行相生补写现实效果。,近位提高进入亲密关系核心的概率；远位只作背景、阶段或条件性修正。,根气只修正该保护功能是否容易重复调用，不等于现实中已经形成稳定保护。,旺弱只修正调用强度与承载；强不自动有效，弱也不自动无效。,喜忌只修正摩擦、平衡与承载，不可直接翻译为好坏、成熟度或解决方案。,原十神功能有效；真合化成立时按化神功能替换，合化争议时停止定性。,近位提高直接相关性；远位仅保留背景、阶段或低置信修正。,90,不加分；解释,boundary_note,投入可能绕开责任、需求、边界或持续改变。,表面上它能暂时降低不适，但还不能证明关键关系任务已经完成。,不得仅凭本规则断定问题已经解决、关系必然稳定、用户一定成熟、某十神天然是“药”、喜用神自动等于解决办法，或淡化暴力、强迫与现实伤害；现实行为、反例、安全事实和专业支持优先。,中高,待验证,,provisional=true；保护因素的现实有效性必须由可观察行为、反馈和持续结果验证。,0.8
M4-BUFFER-214,PB04 投入补偿替代责任与边界｜反例门控,L4 PB01—PB08伪保护,BUFFER-伪保护,通用,反例,PB04 投入补偿替代责任与边界,防止把真实有效资源误判为伪保护。,没有观察到投入转成明确责任、边界调整和持续行为。。,已经观察到投入转成明确责任、边界调整和持续行为。，并在相似情境中重复。,由共享基础引擎提供；仅修正保护功能的承载、持续调用和压力状态下的稳定性，不直接等同成熟度、道德或现实行为。,由M1／M2接口提供；夫妻星、心动原型和关系门槛只说明关系议题，不单独证明保护因素已经被调用或有效。,由M3-BASE及M4各模块提供；日支、日柱近位可提高与亲密关系核心的相关性，但同一source_id不得重复计分。,保护因素必须明确限制过用、补足缺位、恢复顺序、打开反馈、落实改变或完成修复回流；不能只凭五行相生补写现实效果。,近位提高进入亲密关系核心的概率；远位只作背景、阶段或条件性修正。,根气只修正该保护功能是否容易重复调用，不等于现实中已经形成稳定保护。,旺弱只修正调用强度与承载；强不自动有效，弱也不自动无效。,喜忌只修正摩擦、平衡与承载，不可直接翻译为好坏、成熟度或解决方案。,原十神功能有效；真合化成立时按化神功能替换，合化争议时停止定性。,近位提高直接相关性；远位仅保留背景、阶段或低置信修正。,97,反例则停止,counterevidence,若已经满足：投入转成明确责任、边界调整和持续行为。，则应停止PB候选并升级至相应BF。,若现实中已经做到“投入转成明确责任、边界调整和持续行为。”，就不应再把它视为表面保护。,不得仅凭本规则断定问题已经解决、关系必然稳定、用户一定成熟、某十神天然是“药”、喜用神自动等于解决办法，或淡化暴力、强迫与现实伤害；现实行为、反例、安全事实和专业支持优先。,高,待验证,,provisional=true；保护因素的现实有效性必须由可观察行为、反馈和持续结果验证。,0.8
M4-BUFFER-215,PB04 投入补偿替代责任与边界｜退出条件,L4 PB01—PB08伪保护,BUFFER-伪保护,通用,退出,PB04 投入补偿替代责任与边界,说明伪保护如何转成有效保护。,投入转成明确责任、边界调整和持续行为。,只有一次口头承诺或单次动作。,由共享基础引擎提供；仅修正保护功能的承载、持续调用和压力状态下的稳定性，不直接等同成熟度、道德或现实行为。,由M1／M2接口提供；夫妻星、心动原型和关系门槛只说明关系议题，不单独证明保护因素已经被调用或有效。,由M3-BASE及M4各模块提供；日支、日柱近位可提高与亲密关系核心的相关性，但同一source_id不得重复计分。,保护因素必须明确限制过用、补足缺位、恢复顺序、打开反馈、落实改变或完成修复回流；不能只凭五行相生补写现实效果。,近位提高进入亲密关系核心的概率；远位只作背景、阶段或条件性修正。,根气只修正该保护功能是否容易重复调用，不等于现实中已经形成稳定保护。,旺弱只修正调用强度与承载；强不自动有效，弱也不自动无效。,喜忌只修正摩擦、平衡与承载，不可直接翻译为好坏、成熟度或解决方案。,原十神功能有效；真合化成立时按化神功能替换，合化争议时停止定性。,近位提高直接相关性；远位仅保留背景、阶段或低置信修正。,91,满足则转BF,buffer_upgrade,PB04退出条件：投入转成明确责任、边界调整和持续行为。,这项方式要真正发挥作用，需要做到：投入转成明确责任、边界调整和持续行为。,不得仅凭本规则断定问题已经解决、关系必然稳定、用户一定成熟、某十神天然是“药”、喜用神自动等于解决办法，或淡化暴力、强迫与现实伤害；现实行为、反例、安全事实和专业支持优先。,中高,待验证,,provisional=true；保护因素的现实有效性必须由可观察行为、反馈和持续结果验证。,0.8
M4-BUFFER-216,PB04 投入补偿替代责任与边界｜用户输出,L4 PB01—PB08伪保护,BUFFER-伪保护,通用,语言,PB04 投入补偿替代责任与边界,生成中性提醒。,通过花时间、花钱、做事或照顾来弥补关系问题。,存在安全停止或资料不足。,由共享基础引擎提供；仅修正保护功能的承载、持续调用和压力状态下的稳定性，不直接等同成熟度、道德或现实行为。,由M1／M2接口提供；夫妻星、心动原型和关系门槛只说明关系议题，不单独证明保护因素已经被调用或有效。,由M3-BASE及M4各模块提供；日支、日柱近位可提高与亲密关系核心的相关性，但同一source_id不得重复计分。,保护因素必须明确限制过用、补足缺位、恢复顺序、打开反馈、落实改变或完成修复回流；不能只凭五行相生补写现实效果。,近位提高进入亲密关系核心的概率；远位只作背景、阶段或条件性修正。,根气只修正该保护功能是否容易重复调用，不等于现实中已经形成稳定保护。,旺弱只修正调用强度与承载；强不自动有效，弱也不自动无效。,喜忌只修正摩擦、平衡与承载，不可直接翻译为好坏、成熟度或解决方案。,原十神功能有效；真合化成立时按化神功能替换，合化争议时停止定性。,近位提高直接相关性；远位仅保留背景、阶段或低置信修正。,84,不加分；输出,report_text,投入可能绕开责任、需求、边界或持续改变。,做得多可以表达在意，但不能自动替代责任说清、边界重订和持续改变。,不得仅凭本规则断定问题已经解决、关系必然稳定、用户一定成熟、某十神天然是“药”、喜用神自动等于解决办法，或淡化暴力、强迫与现实伤害；现实行为、反例、安全事实和专业支持优先。,中高,待验证,,provisional=true；保护因素的现实有效性必须由可观察行为、反馈和持续结果验证。,0.8
M4-BUFFER-217,PB05 安抚和谐替代关键处理｜机制定义,L4 PB01—PB08伪保护,BUFFER-伪保护,通用,定义,PB05 安抚和谐替代关键处理,界定常见伪保护。,先让气氛恢复、避免冲突，短期看似关系已经好转。,该方式已经有独立反馈、现实效果与持续验证。,由共享基础引擎提供；仅修正保护功能的承载、持续调用和压力状态下的稳定性，不直接等同成熟度、道德或现实行为。,由M1／M2接口提供；夫妻星、心动原型和关系门槛只说明关系议题，不单独证明保护因素已经被调用或有效。,由M3-BASE及M4各模块提供；日支、日柱近位可提高与亲密关系核心的相关性，但同一source_id不得重复计分。,保护因素必须明确限制过用、补足缺位、恢复顺序、打开反馈、落实改变或完成修复回流；不能只凭五行相生补写现实效果。,近位提高进入亲密关系核心的概率；远位只作背景、阶段或条件性修正。,根气只修正该保护功能是否容易重复调用，不等于现实中已经形成稳定保护。,旺弱只修正调用强度与承载；强不自动有效，弱也不自动无效。,喜忌只修正摩擦、平衡与承载，不可直接翻译为好坏、成熟度或解决方案。,原十神功能有效；真合化成立时按化神功能替换，合化争议时停止定性。,近位提高直接相关性；远位仅保留背景、阶段或低置信修正。,95,伪保护候选+0,pseudo_buffer,关键议题、影响和行动没有回访时，平静只是暂时压低强度。,恢复平静是一项资源，但只有关键问题被重新处理，才真正具有保护作用。,不得仅凭本规则断定问题已经解决、关系必然稳定、用户一定成熟、某十神天然是“药”、喜用神自动等于解决办法，或淡化暴力、强迫与现实伤害；现实行为、反例、安全事实和专业支持优先。,中高,待验证,,provisional=true；保护因素的现实有效性必须由可观察行为、反馈和持续结果验证。,0.8
M4-BUFFER-218,PB05 安抚和谐替代关键处理｜识别条件,L4 PB01—PB08伪保护,BUFFER-伪保护,通用,识别,PB05 安抚和谐替代关键处理,识别伪保护的现实表现。,出现以下表面保护：先让气氛恢复、避免冲突，短期看似关系已经好转。,没有对应风险靶点，或现实结果清楚显示链条已改变。,由共享基础引擎提供；仅修正保护功能的承载、持续调用和压力状态下的稳定性，不直接等同成熟度、道德或现实行为。,由M1／M2接口提供；夫妻星、心动原型和关系门槛只说明关系议题，不单独证明保护因素已经被调用或有效。,由M3-BASE及M4各模块提供；日支、日柱近位可提高与亲密关系核心的相关性，但同一source_id不得重复计分。,保护因素必须明确限制过用、补足缺位、恢复顺序、打开反馈、落实改变或完成修复回流；不能只凭五行相生补写现实效果。,近位提高进入亲密关系核心的概率；远位只作背景、阶段或条件性修正。,根气只修正该保护功能是否容易重复调用，不等于现实中已经形成稳定保护。,旺弱只修正调用强度与承载；强不自动有效，弱也不自动无效。,喜忌只修正摩擦、平衡与承载，不可直接翻译为好坏、成熟度或解决方案。,原十神功能有效；真合化成立时按化神功能替换，合化争议时停止定性。,近位提高直接相关性；远位仅保留背景、阶段或低置信修正。,92,命中+6,buffer_evidence,识别重点：检查降温后是否有明确回访时间、议题重开和现实调整。,需要继续检查：检查降温后是否有明确回访时间、议题重开和现实调整。,不得仅凭本规则断定问题已经解决、关系必然稳定、用户一定成熟、某十神天然是“药”、喜用神自动等于解决办法，或淡化暴力、强迫与现实伤害；现实行为、反例、安全事实和专业支持优先。,中高,待验证,,provisional=true；保护因素的现实有效性必须由可观察行为、反馈和持续结果验证。,0.8
M4-BUFFER-219,PB05 安抚和谐替代关键处理｜为什么无效,L4 PB01—PB08伪保护,BUFFER-伪保护,通用,逻辑,PB05 安抚和谐替代关键处理,说明表面有效与真实有效的差别。,先让气氛恢复、避免冲突，短期看似关系已经好转。,已经完成反馈、执行与反例检验。,由共享基础引擎提供；仅修正保护功能的承载、持续调用和压力状态下的稳定性，不直接等同成熟度、道德或现实行为。,由M1／M2接口提供；夫妻星、心动原型和关系门槛只说明关系议题，不单独证明保护因素已经被调用或有效。,由M3-BASE及M4各模块提供；日支、日柱近位可提高与亲密关系核心的相关性，但同一source_id不得重复计分。,保护因素必须明确限制过用、补足缺位、恢复顺序、打开反馈、落实改变或完成修复回流；不能只凭五行相生补写现实效果。,近位提高进入亲密关系核心的概率；远位只作背景、阶段或条件性修正。,根气只修正该保护功能是否容易重复调用，不等于现实中已经形成稳定保护。,旺弱只修正调用强度与承载；强不自动有效，弱也不自动无效。,喜忌只修正摩擦、平衡与承载，不可直接翻译为好坏、成熟度或解决方案。,原十神功能有效；真合化成立时按化神功能替换，合化争议时停止定性。,近位提高直接相关性；远位仅保留背景、阶段或低置信修正。,90,不加分；解释,boundary_note,关键议题、影响和行动没有回访时，平静只是暂时压低强度。,表面上它能暂时降低不适，但还不能证明关键关系任务已经完成。,不得仅凭本规则断定问题已经解决、关系必然稳定、用户一定成熟、某十神天然是“药”、喜用神自动等于解决办法，或淡化暴力、强迫与现实伤害；现实行为、反例、安全事实和专业支持优先。,中高,待验证,,provisional=true；保护因素的现实有效性必须由可观察行为、反馈和持续结果验证。,0.8
M4-BUFFER-220,PB05 安抚和谐替代关键处理｜反例门控,L4 PB01—PB08伪保护,BUFFER-伪保护,通用,反例,PB05 安抚和谐替代关键处理,防止把真实有效资源误判为伪保护。,没有观察到舒缓之后重新进入事实、影响和方案。。,已经观察到舒缓之后重新进入事实、影响和方案。，并在相似情境中重复。,由共享基础引擎提供；仅修正保护功能的承载、持续调用和压力状态下的稳定性，不直接等同成熟度、道德或现实行为。,由M1／M2接口提供；夫妻星、心动原型和关系门槛只说明关系议题，不单独证明保护因素已经被调用或有效。,由M3-BASE及M4各模块提供；日支、日柱近位可提高与亲密关系核心的相关性，但同一source_id不得重复计分。,保护因素必须明确限制过用、补足缺位、恢复顺序、打开反馈、落实改变或完成修复回流；不能只凭五行相生补写现实效果。,近位提高进入亲密关系核心的概率；远位只作背景、阶段或条件性修正。,根气只修正该保护功能是否容易重复调用，不等于现实中已经形成稳定保护。,旺弱只修正调用强度与承载；强不自动有效，弱也不自动无效。,喜忌只修正摩擦、平衡与承载，不可直接翻译为好坏、成熟度或解决方案。,原十神功能有效；真合化成立时按化神功能替换，合化争议时停止定性。,近位提高直接相关性；远位仅保留背景、阶段或低置信修正。,97,反例则停止,counterevidence,若已经满足：舒缓之后重新进入事实、影响和方案。，则应停止PB候选并升级至相应BF。,若现实中已经做到“舒缓之后重新进入事实、影响和方案。”，就不应再把它视为表面保护。,不得仅凭本规则断定问题已经解决、关系必然稳定、用户一定成熟、某十神天然是“药”、喜用神自动等于解决办法，或淡化暴力、强迫与现实伤害；现实行为、反例、安全事实和专业支持优先。,高,待验证,,provisional=true；保护因素的现实有效性必须由可观察行为、反馈和持续结果验证。,0.8
M4-BUFFER-221,PB05 安抚和谐替代关键处理｜退出条件,L4 PB01—PB08伪保护,BUFFER-伪保护,通用,退出,PB05 安抚和谐替代关键处理,说明伪保护如何转成有效保护。,舒缓之后重新进入事实、影响和方案。,只有一次口头承诺或单次动作。,由共享基础引擎提供；仅修正保护功能的承载、持续调用和压力状态下的稳定性，不直接等同成熟度、道德或现实行为。,由M1／M2接口提供；夫妻星、心动原型和关系门槛只说明关系议题，不单独证明保护因素已经被调用或有效。,由M3-BASE及M4各模块提供；日支、日柱近位可提高与亲密关系核心的相关性，但同一source_id不得重复计分。,保护因素必须明确限制过用、补足缺位、恢复顺序、打开反馈、落实改变或完成修复回流；不能只凭五行相生补写现实效果。,近位提高进入亲密关系核心的概率；远位只作背景、阶段或条件性修正。,根气只修正该保护功能是否容易重复调用，不等于现实中已经形成稳定保护。,旺弱只修正调用强度与承载；强不自动有效，弱也不自动无效。,喜忌只修正摩擦、平衡与承载，不可直接翻译为好坏、成熟度或解决方案。,原十神功能有效；真合化成立时按化神功能替换，合化争议时停止定性。,近位提高直接相关性；远位仅保留背景、阶段或低置信修正。,91,满足则转BF,buffer_upgrade,PB05退出条件：舒缓之后重新进入事实、影响和方案。,这项方式要真正发挥作用，需要做到：舒缓之后重新进入事实、影响和方案。,不得仅凭本规则断定问题已经解决、关系必然稳定、用户一定成熟、某十神天然是“药”、喜用神自动等于解决办法，或淡化暴力、强迫与现实伤害；现实行为、反例、安全事实和专业支持优先。,中高,待验证,,provisional=true；保护因素的现实有效性必须由可观察行为、反馈和持续结果验证。,0.8
M4-BUFFER-222,PB05 安抚和谐替代关键处理｜用户输出,L4 PB01—PB08伪保护,BUFFER-伪保护,通用,语言,PB05 安抚和谐替代关键处理,生成中性提醒。,先让气氛恢复、避免冲突，短期看似关系已经好转。,存在安全停止或资料不足。,由共享基础引擎提供；仅修正保护功能的承载、持续调用和压力状态下的稳定性，不直接等同成熟度、道德或现实行为。,由M1／M2接口提供；夫妻星、心动原型和关系门槛只说明关系议题，不单独证明保护因素已经被调用或有效。,由M3-BASE及M4各模块提供；日支、日柱近位可提高与亲密关系核心的相关性，但同一source_id不得重复计分。,保护因素必须明确限制过用、补足缺位、恢复顺序、打开反馈、落实改变或完成修复回流；不能只凭五行相生补写现实效果。,近位提高进入亲密关系核心的概率；远位只作背景、阶段或条件性修正。,根气只修正该保护功能是否容易重复调用，不等于现实中已经形成稳定保护。,旺弱只修正调用强度与承载；强不自动有效，弱也不自动无效。,喜忌只修正摩擦、平衡与承载，不可直接翻译为好坏、成熟度或解决方案。,原十神功能有效；真合化成立时按化神功能替换，合化争议时停止定性。,近位提高直接相关性；远位仅保留背景、阶段或低置信修正。,84,不加分；输出,report_text,关键议题、影响和行动没有回访时，平静只是暂时压低强度。,恢复平静是一项资源，但只有关键问题被重新处理，才真正具有保护作用。,不得仅凭本规则断定问题已经解决、关系必然稳定、用户一定成熟、某十神天然是“药”、喜用神自动等于解决办法，或淡化暴力、强迫与现实伤害；现实行为、反例、安全事实和专业支持优先。,中高,待验证,,provisional=true；保护因素的现实有效性必须由可观察行为、反馈和持续结果验证。,0.8
M4-BUFFER-223,PB06 快速行动替代共同决定｜机制定义,L4 PB01—PB08伪保护,BUFFER-伪保护,通用,定义,PB06 快速行动替代共同决定,界定常见伪保护。,用迅速解决、替对方安排或直接推进来降低风险。,该方式已经有独立反馈、现实效果与持续验证。,由共享基础引擎提供；仅修正保护功能的承载、持续调用和压力状态下的稳定性，不直接等同成熟度、道德或现实行为。,由M1／M2接口提供；夫妻星、心动原型和关系门槛只说明关系议题，不单独证明保护因素已经被调用或有效。,由M3-BASE及M4各模块提供；日支、日柱近位可提高与亲密关系核心的相关性，但同一source_id不得重复计分。,保护因素必须明确限制过用、补足缺位、恢复顺序、打开反馈、落实改变或完成修复回流；不能只凭五行相生补写现实效果。,近位提高进入亲密关系核心的概率；远位只作背景、阶段或条件性修正。,根气只修正该保护功能是否容易重复调用，不等于现实中已经形成稳定保护。,旺弱只修正调用强度与承载；强不自动有效，弱也不自动无效。,喜忌只修正摩擦、平衡与承载，不可直接翻译为好坏、成熟度或解决方案。,原十神功能有效；真合化成立时按化神功能替换，合化争议时停止定性。,近位提高直接相关性；远位仅保留背景、阶段或低置信修正。,95,伪保护候选+0,pseudo_buffer,行动可能越过当事人选择权、参与权和反馈。,迅速处理可以止损，但需要保留选择权，并在事后回到协商。,不得仅凭本规则断定问题已经解决、关系必然稳定、用户一定成熟、某十神天然是“药”、喜用神自动等于解决办法，或淡化暴力、强迫与现实伤害；现实行为、反例、安全事实和专业支持优先。,中高,待验证,,provisional=true；保护因素的现实有效性必须由可观察行为、反馈和持续结果验证。,0.8
M4-BUFFER-224,PB06 快速行动替代共同决定｜识别条件,L4 PB01—PB08伪保护,BUFFER-伪保护,通用,识别,PB06 快速行动替代共同决定,识别伪保护的现实表现。,出现以下表面保护：用迅速解决、替对方安排或直接推进来降低风险。,没有对应风险靶点，或现实结果清楚显示链条已改变。,由共享基础引擎提供；仅修正保护功能的承载、持续调用和压力状态下的稳定性，不直接等同成熟度、道德或现实行为。,由M1／M2接口提供；夫妻星、心动原型和关系门槛只说明关系议题，不单独证明保护因素已经被调用或有效。,由M3-BASE及M4各模块提供；日支、日柱近位可提高与亲密关系核心的相关性，但同一source_id不得重复计分。,保护因素必须明确限制过用、补足缺位、恢复顺序、打开反馈、落实改变或完成修复回流；不能只凭五行相生补写现实效果。,近位提高进入亲密关系核心的概率；远位只作背景、阶段或条件性修正。,根气只修正该保护功能是否容易重复调用，不等于现实中已经形成稳定保护。,旺弱只修正调用强度与承载；强不自动有效，弱也不自动无效。,喜忌只修正摩擦、平衡与承载，不可直接翻译为好坏、成熟度或解决方案。,原十神功能有效；真合化成立时按化神功能替换，合化争议时停止定性。,近位提高直接相关性；远位仅保留背景、阶段或低置信修正。,92,命中+6,buffer_evidence,识别重点：检查行动目标、授权范围、事后反馈和责任回流。,需要继续检查：检查行动目标、授权范围、事后反馈和责任回流。,不得仅凭本规则断定问题已经解决、关系必然稳定、用户一定成熟、某十神天然是“药”、喜用神自动等于解决办法，或淡化暴力、强迫与现实伤害；现实行为、反例、安全事实和专业支持优先。,中高,待验证,,provisional=true；保护因素的现实有效性必须由可观察行为、反馈和持续结果验证。,0.8
M4-BUFFER-225,PB06 快速行动替代共同决定｜为什么无效,L4 PB01—PB08伪保护,BUFFER-伪保护,通用,逻辑,PB06 快速行动替代共同决定,说明表面有效与真实有效的差别。,用迅速解决、替对方安排或直接推进来降低风险。,已经完成反馈、执行与反例检验。,由共享基础引擎提供；仅修正保护功能的承载、持续调用和压力状态下的稳定性，不直接等同成熟度、道德或现实行为。,由M1／M2接口提供；夫妻星、心动原型和关系门槛只说明关系议题，不单独证明保护因素已经被调用或有效。,由M3-BASE及M4各模块提供；日支、日柱近位可提高与亲密关系核心的相关性，但同一source_id不得重复计分。,保护因素必须明确限制过用、补足缺位、恢复顺序、打开反馈、落实改变或完成修复回流；不能只凭五行相生补写现实效果。,近位提高进入亲密关系核心的概率；远位只作背景、阶段或条件性修正。,根气只修正该保护功能是否容易重复调用，不等于现实中已经形成稳定保护。,旺弱只修正调用强度与承载；强不自动有效，弱也不自动无效。,喜忌只修正摩擦、平衡与承载，不可直接翻译为好坏、成熟度或解决方案。,原十神功能有效；真合化成立时按化神功能替换，合化争议时停止定性。,近位提高直接相关性；远位仅保留背景、阶段或低置信修正。,90,不加分；解释,boundary_note,行动可能越过当事人选择权、参与权和反馈。,表面上它能暂时降低不适，但还不能证明关键关系任务已经完成。,不得仅凭本规则断定问题已经解决、关系必然稳定、用户一定成熟、某十神天然是“药”、喜用神自动等于解决办法，或淡化暴力、强迫与现实伤害；现实行为、反例、安全事实和专业支持优先。,中高,待验证,,provisional=true；保护因素的现实有效性必须由可观察行为、反馈和持续结果验证。,0.8
M4-BUFFER-226,PB06 快速行动替代共同决定｜反例门控,L4 PB01—PB08伪保护,BUFFER-伪保护,通用,反例,PB06 快速行动替代共同决定,防止把真实有效资源误判为伪保护。,没有观察到高压行动有清楚边界，并在事后恢复共同决定。。,已经观察到高压行动有清楚边界，并在事后恢复共同决定。，并在相似情境中重复。,由共享基础引擎提供；仅修正保护功能的承载、持续调用和压力状态下的稳定性，不直接等同成熟度、道德或现实行为。,由M1／M2接口提供；夫妻星、心动原型和关系门槛只说明关系议题，不单独证明保护因素已经被调用或有效。,由M3-BASE及M4各模块提供；日支、日柱近位可提高与亲密关系核心的相关性，但同一source_id不得重复计分。,保护因素必须明确限制过用、补足缺位、恢复顺序、打开反馈、落实改变或完成修复回流；不能只凭五行相生补写现实效果。,近位提高进入亲密关系核心的概率；远位只作背景、阶段或条件性修正。,根气只修正该保护功能是否容易重复调用，不等于现实中已经形成稳定保护。,旺弱只修正调用强度与承载；强不自动有效，弱也不自动无效。,喜忌只修正摩擦、平衡与承载，不可直接翻译为好坏、成熟度或解决方案。,原十神功能有效；真合化成立时按化神功能替换，合化争议时停止定性。,近位提高直接相关性；远位仅保留背景、阶段或低置信修正。,97,反例则停止,counterevidence,若已经满足：高压行动有清楚边界，并在事后恢复共同决定。，则应停止PB候选并升级至相应BF。,若现实中已经做到“高压行动有清楚边界，并在事后恢复共同决定。”，就不应再把它视为表面保护。,不得仅凭本规则断定问题已经解决、关系必然稳定、用户一定成熟、某十神天然是“药”、喜用神自动等于解决办法，或淡化暴力、强迫与现实伤害；现实行为、反例、安全事实和专业支持优先。,高,待验证,,provisional=true；保护因素的现实有效性必须由可观察行为、反馈和持续结果验证。,0.8
M4-BUFFER-227,PB06 快速行动替代共同决定｜退出条件,L4 PB01—PB08伪保护,BUFFER-伪保护,通用,退出,PB06 快速行动替代共同决定,说明伪保护如何转成有效保护。,高压行动有清楚边界，并在事后恢复共同决定。,只有一次口头承诺或单次动作。,由共享基础引擎提供；仅修正保护功能的承载、持续调用和压力状态下的稳定性，不直接等同成熟度、道德或现实行为。,由M1／M2接口提供；夫妻星、心动原型和关系门槛只说明关系议题，不单独证明保护因素已经被调用或有效。,由M3-BASE及M4各模块提供；日支、日柱近位可提高与亲密关系核心的相关性，但同一source_id不得重复计分。,保护因素必须明确限制过用、补足缺位、恢复顺序、打开反馈、落实改变或完成修复回流；不能只凭五行相生补写现实效果。,近位提高进入亲密关系核心的概率；远位只作背景、阶段或条件性修正。,根气只修正该保护功能是否容易重复调用，不等于现实中已经形成稳定保护。,旺弱只修正调用强度与承载；强不自动有效，弱也不自动无效。,喜忌只修正摩擦、平衡与承载，不可直接翻译为好坏、成熟度或解决方案。,原十神功能有效；真合化成立时按化神功能替换，合化争议时停止定性。,近位提高直接相关性；远位仅保留背景、阶段或低置信修正。,91,满足则转BF,buffer_upgrade,PB06退出条件：高压行动有清楚边界，并在事后恢复共同决定。,这项方式要真正发挥作用，需要做到：高压行动有清楚边界，并在事后恢复共同决定。,不得仅凭本规则断定问题已经解决、关系必然稳定、用户一定成熟、某十神天然是“药”、喜用神自动等于解决办法，或淡化暴力、强迫与现实伤害；现实行为、反例、安全事实和专业支持优先。,中高,待验证,,provisional=true；保护因素的现实有效性必须由可观察行为、反馈和持续结果验证。,0.8
M4-BUFFER-228,PB06 快速行动替代共同决定｜用户输出,L4 PB01—PB08伪保护,BUFFER-伪保护,通用,语言,PB06 快速行动替代共同决定,生成中性提醒。,用迅速解决、替对方安排或直接推进来降低风险。,存在安全停止或资料不足。,由共享基础引擎提供；仅修正保护功能的承载、持续调用和压力状态下的稳定性，不直接等同成熟度、道德或现实行为。,由M1／M2接口提供；夫妻星、心动原型和关系门槛只说明关系议题，不单独证明保护因素已经被调用或有效。,由M3-BASE及M4各模块提供；日支、日柱近位可提高与亲密关系核心的相关性，但同一source_id不得重复计分。,保护因素必须明确限制过用、补足缺位、恢复顺序、打开反馈、落实改变或完成修复回流；不能只凭五行相生补写现实效果。,近位提高进入亲密关系核心的概率；远位只作背景、阶段或条件性修正。,根气只修正该保护功能是否容易重复调用，不等于现实中已经形成稳定保护。,旺弱只修正调用强度与承载；强不自动有效，弱也不自动无效。,喜忌只修正摩擦、平衡与承载，不可直接翻译为好坏、成熟度或解决方案。,原十神功能有效；真合化成立时按化神功能替换，合化争议时停止定性。,近位提高直接相关性；远位仅保留背景、阶段或低置信修正。,84,不加分；输出,report_text,行动可能越过当事人选择权、参与权和反馈。,迅速处理可以止损，但需要保留选择权，并在事后回到协商。,不得仅凭本规则断定问题已经解决、关系必然稳定、用户一定成熟、某十神天然是“药”、喜用神自动等于解决办法，或淡化暴力、强迫与现实伤害；现实行为、反例、安全事实和专业支持优先。,中高,待验证,,provisional=true；保护因素的现实有效性必须由可观察行为、反馈和持续结果验证。,0.8
M4-BUFFER-229,PB07 暂停空间替代回归｜机制定义,L4 PB01—PB08伪保护,BUFFER-伪保护,通用,定义,PB07 暂停空间替代回归,界定常见伪保护。,通过冷静、独处或暂停避免继续升级。,该方式已经有独立反馈、现实效果与持续验证。,由共享基础引擎提供；仅修正保护功能的承载、持续调用和压力状态下的稳定性，不直接等同成熟度、道德或现实行为。,由M1／M2接口提供；夫妻星、心动原型和关系门槛只说明关系议题，不单独证明保护因素已经被调用或有效。,由M3-BASE及M4各模块提供；日支、日柱近位可提高与亲密关系核心的相关性，但同一source_id不得重复计分。,保护因素必须明确限制过用、补足缺位、恢复顺序、打开反馈、落实改变或完成修复回流；不能只凭五行相生补写现实效果。,近位提高进入亲密关系核心的概率；远位只作背景、阶段或条件性修正。,根气只修正该保护功能是否容易重复调用，不等于现实中已经形成稳定保护。,旺弱只修正调用强度与承载；强不自动有效，弱也不自动无效。,喜忌只修正摩擦、平衡与承载，不可直接翻译为好坏、成熟度或解决方案。,原十神功能有效；真合化成立时按化神功能替换，合化争议时停止定性。,近位提高直接相关性；远位仅保留背景、阶段或低置信修正。,95,伪保护候选+0,pseudo_buffer,没有回归点的暂停会变成连接断裂或长期拖延。,空间只有在有清楚回归路径时才是保护；否则只是把问题延后。,不得仅凭本规则断定问题已经解决、关系必然稳定、用户一定成熟、某十神天然是“药”、喜用神自动等于解决办法，或淡化暴力、强迫与现实伤害；现实行为、反例、安全事实和专业支持优先。,中高,待验证,,provisional=true；保护因素的现实有效性必须由可观察行为、反馈和持续结果验证。,0.8
M4-BUFFER-230,PB07 暂停空间替代回归｜识别条件,L4 PB01—PB08伪保护,BUFFER-伪保护,通用,识别,PB07 暂停空间替代回归,识别伪保护的现实表现。,出现以下表面保护：通过冷静、独处或暂停避免继续升级。,没有对应风险靶点，或现实结果清楚显示链条已改变。,由共享基础引擎提供；仅修正保护功能的承载、持续调用和压力状态下的稳定性，不直接等同成熟度、道德或现实行为。,由M1／M2接口提供；夫妻星、心动原型和关系门槛只说明关系议题，不单独证明保护因素已经被调用或有效。,由M3-BASE及M4各模块提供；日支、日柱近位可提高与亲密关系核心的相关性，但同一source_id不得重复计分。,保护因素必须明确限制过用、补足缺位、恢复顺序、打开反馈、落实改变或完成修复回流；不能只凭五行相生补写现实效果。,近位提高进入亲密关系核心的概率；远位只作背景、阶段或条件性修正。,根气只修正该保护功能是否容易重复调用，不等于现实中已经形成稳定保护。,旺弱只修正调用强度与承载；强不自动有效，弱也不自动无效。,喜忌只修正摩擦、平衡与承载，不可直接翻译为好坏、成熟度或解决方案。,原十神功能有效；真合化成立时按化神功能替换，合化争议时停止定性。,近位提高直接相关性；远位仅保留背景、阶段或低置信修正。,92,命中+6,buffer_evidence,识别重点：检查暂停目的、范围、最低连接和明确返回条件。,需要继续检查：检查暂停目的、范围、最低连接和明确返回条件。,不得仅凭本规则断定问题已经解决、关系必然稳定、用户一定成熟、某十神天然是“药”、喜用神自动等于解决办法，或淡化暴力、强迫与现实伤害；现实行为、反例、安全事实和专业支持优先。,中高,待验证,,provisional=true；保护因素的现实有效性必须由可观察行为、反馈和持续结果验证。,0.8
M4-BUFFER-231,PB07 暂停空间替代回归｜为什么无效,L4 PB01—PB08伪保护,BUFFER-伪保护,通用,逻辑,PB07 暂停空间替代回归,说明表面有效与真实有效的差别。,通过冷静、独处或暂停避免继续升级。,已经完成反馈、执行与反例检验。,由共享基础引擎提供；仅修正保护功能的承载、持续调用和压力状态下的稳定性，不直接等同成熟度、道德或现实行为。,由M1／M2接口提供；夫妻星、心动原型和关系门槛只说明关系议题，不单独证明保护因素已经被调用或有效。,由M3-BASE及M4各模块提供；日支、日柱近位可提高与亲密关系核心的相关性，但同一source_id不得重复计分。,保护因素必须明确限制过用、补足缺位、恢复顺序、打开反馈、落实改变或完成修复回流；不能只凭五行相生补写现实效果。,近位提高进入亲密关系核心的概率；远位只作背景、阶段或条件性修正。,根气只修正该保护功能是否容易重复调用，不等于现实中已经形成稳定保护。,旺弱只修正调用强度与承载；强不自动有效，弱也不自动无效。,喜忌只修正摩擦、平衡与承载，不可直接翻译为好坏、成熟度或解决方案。,原十神功能有效；真合化成立时按化神功能替换，合化争议时停止定性。,近位提高直接相关性；远位仅保留背景、阶段或低置信修正。,90,不加分；解释,boundary_note,没有回归点的暂停会变成连接断裂或长期拖延。,表面上它能暂时降低不适，但还不能证明关键关系任务已经完成。,不得仅凭本规则断定问题已经解决、关系必然稳定、用户一定成熟、某十神天然是“药”、喜用神自动等于解决办法，或淡化暴力、强迫与现实伤害；现实行为、反例、安全事实和专业支持优先。,中高,待验证,,provisional=true；保护因素的现实有效性必须由可观察行为、反馈和持续结果验证。,0.8
M4-BUFFER-232,PB07 暂停空间替代回归｜反例门控,L4 PB01—PB08伪保护,BUFFER-伪保护,通用,反例,PB07 暂停空间替代回归,防止把真实有效资源误判为伪保护。,没有观察到暂停后按约定重新进入沟通、边界或修复。。,已经观察到暂停后按约定重新进入沟通、边界或修复。，并在相似情境中重复。,由共享基础引擎提供；仅修正保护功能的承载、持续调用和压力状态下的稳定性，不直接等同成熟度、道德或现实行为。,由M1／M2接口提供；夫妻星、心动原型和关系门槛只说明关系议题，不单独证明保护因素已经被调用或有效。,由M3-BASE及M4各模块提供；日支、日柱近位可提高与亲密关系核心的相关性，但同一source_id不得重复计分。,保护因素必须明确限制过用、补足缺位、恢复顺序、打开反馈、落实改变或完成修复回流；不能只凭五行相生补写现实效果。,近位提高进入亲密关系核心的概率；远位只作背景、阶段或条件性修正。,根气只修正该保护功能是否容易重复调用，不等于现实中已经形成稳定保护。,旺弱只修正调用强度与承载；强不自动有效，弱也不自动无效。,喜忌只修正摩擦、平衡与承载，不可直接翻译为好坏、成熟度或解决方案。,原十神功能有效；真合化成立时按化神功能替换，合化争议时停止定性。,近位提高直接相关性；远位仅保留背景、阶段或低置信修正。,97,反例则停止,counterevidence,若已经满足：暂停后按约定重新进入沟通、边界或修复。，则应停止PB候选并升级至相应BF。,若现实中已经做到“暂停后按约定重新进入沟通、边界或修复。”，就不应再把它视为表面保护。,不得仅凭本规则断定问题已经解决、关系必然稳定、用户一定成熟、某十神天然是“药”、喜用神自动等于解决办法，或淡化暴力、强迫与现实伤害；现实行为、反例、安全事实和专业支持优先。,高,待验证,,provisional=true；保护因素的现实有效性必须由可观察行为、反馈和持续结果验证。,0.8
M4-BUFFER-233,PB07 暂停空间替代回归｜退出条件,L4 PB01—PB08伪保护,BUFFER-伪保护,通用,退出,PB07 暂停空间替代回归,说明伪保护如何转成有效保护。,暂停后按约定重新进入沟通、边界或修复。,只有一次口头承诺或单次动作。,由共享基础引擎提供；仅修正保护功能的承载、持续调用和压力状态下的稳定性，不直接等同成熟度、道德或现实行为。,由M1／M2接口提供；夫妻星、心动原型和关系门槛只说明关系议题，不单独证明保护因素已经被调用或有效。,由M3-BASE及M4各模块提供；日支、日柱近位可提高与亲密关系核心的相关性，但同一source_id不得重复计分。,保护因素必须明确限制过用、补足缺位、恢复顺序、打开反馈、落实改变或完成修复回流；不能只凭五行相生补写现实效果。,近位提高进入亲密关系核心的概率；远位只作背景、阶段或条件性修正。,根气只修正该保护功能是否容易重复调用，不等于现实中已经形成稳定保护。,旺弱只修正调用强度与承载；强不自动有效，弱也不自动无效。,喜忌只修正摩擦、平衡与承载，不可直接翻译为好坏、成熟度或解决方案。,原十神功能有效；真合化成立时按化神功能替换，合化争议时停止定性。,近位提高直接相关性；远位仅保留背景、阶段或低置信修正。,91,满足则转BF,buffer_upgrade,PB07退出条件：暂停后按约定重新进入沟通、边界或修复。,这项方式要真正发挥作用，需要做到：暂停后按约定重新进入沟通、边界或修复。,不得仅凭本规则断定问题已经解决、关系必然稳定、用户一定成熟、某十神天然是“药”、喜用神自动等于解决办法，或淡化暴力、强迫与现实伤害；现实行为、反例、安全事实和专业支持优先。,中高,待验证,,provisional=true；保护因素的现实有效性必须由可观察行为、反馈和持续结果验证。,0.8
M4-BUFFER-234,PB07 暂停空间替代回归｜用户输出,L4 PB01—PB08伪保护,BUFFER-伪保护,通用,语言,PB07 暂停空间替代回归,生成中性提醒。,通过冷静、独处或暂停避免继续升级。,存在安全停止或资料不足。,由共享基础引擎提供；仅修正保护功能的承载、持续调用和压力状态下的稳定性，不直接等同成熟度、道德或现实行为。,由M1／M2接口提供；夫妻星、心动原型和关系门槛只说明关系议题，不单独证明保护因素已经被调用或有效。,由M3-BASE及M4各模块提供；日支、日柱近位可提高与亲密关系核心的相关性，但同一source_id不得重复计分。,保护因素必须明确限制过用、补足缺位、恢复顺序、打开反馈、落实改变或完成修复回流；不能只凭五行相生补写现实效果。,近位提高进入亲密关系核心的概率；远位只作背景、阶段或条件性修正。,根气只修正该保护功能是否容易重复调用，不等于现实中已经形成稳定保护。,旺弱只修正调用强度与承载；强不自动有效，弱也不自动无效。,喜忌只修正摩擦、平衡与承载，不可直接翻译为好坏、成熟度或解决方案。,原十神功能有效；真合化成立时按化神功能替换，合化争议时停止定性。,近位提高直接相关性；远位仅保留背景、阶段或低置信修正。,84,不加分；输出,report_text,没有回归点的暂停会变成连接断裂或长期拖延。,空间只有在有清楚回归路径时才是保护；否则只是把问题延后。,不得仅凭本规则断定问题已经解决、关系必然稳定、用户一定成熟、某十神天然是“药”、喜用神自动等于解决办法，或淡化暴力、强迫与现实伤害；现实行为、反例、安全事实和专业支持优先。,中高,待验证,,provisional=true；保护因素的现实有效性必须由可观察行为、反馈和持续结果验证。,0.8
M4-BUFFER-235,PB08 单方努力替代双向修复｜机制定义,L4 PB01—PB08伪保护,BUFFER-伪保护,通用,定义,PB08 单方努力替代双向修复,界定常见伪保护。,一方不断道歉、补救、解释或投入，就认为修复已经完成。,该方式已经有独立反馈、现实效果与持续验证。,由共享基础引擎提供；仅修正保护功能的承载、持续调用和压力状态下的稳定性，不直接等同成熟度、道德或现实行为。,由M1／M2接口提供；夫妻星、心动原型和关系门槛只说明关系议题，不单独证明保护因素已经被调用或有效。,由M3-BASE及M4各模块提供；日支、日柱近位可提高与亲密关系核心的相关性，但同一source_id不得重复计分。,保护因素必须明确限制过用、补足缺位、恢复顺序、打开反馈、落实改变或完成修复回流；不能只凭五行相生补写现实效果。,近位提高进入亲密关系核心的概率；远位只作背景、阶段或条件性修正。,根气只修正该保护功能是否容易重复调用，不等于现实中已经形成稳定保护。,旺弱只修正调用强度与承载；强不自动有效，弱也不自动无效。,喜忌只修正摩擦、平衡与承载，不可直接翻译为好坏、成熟度或解决方案。,原十神功能有效；真合化成立时按化神功能替换，合化争议时停止定性。,近位提高直接相关性；远位仅保留背景、阶段或低置信修正。,95,伪保护候选+0,pseudo_buffer,缺少接收方反馈、共同调整和后续回访时，不能形成双方闭环。,一个人可以完成自己的责任，但双方修复需要真实反馈和共同调整。,不得仅凭本规则断定问题已经解决、关系必然稳定、用户一定成熟、某十神天然是“药”、喜用神自动等于解决办法，或淡化暴力、强迫与现实伤害；现实行为、反例、安全事实和专业支持优先。,中高,待验证,,provisional=true；保护因素的现实有效性必须由可观察行为、反馈和持续结果验证。,0.8
M4-BUFFER-236,PB08 单方努力替代双向修复｜识别条件,L4 PB01—PB08伪保护,BUFFER-伪保护,通用,识别,PB08 单方努力替代双向修复,识别伪保护的现实表现。,出现以下表面保护：一方不断道歉、补救、解释或投入，就认为修复已经完成。,没有对应风险靶点，或现实结果清楚显示链条已改变。,由共享基础引擎提供；仅修正保护功能的承载、持续调用和压力状态下的稳定性，不直接等同成熟度、道德或现实行为。,由M1／M2接口提供；夫妻星、心动原型和关系门槛只说明关系议题，不单独证明保护因素已经被调用或有效。,由M3-BASE及M4各模块提供；日支、日柱近位可提高与亲密关系核心的相关性，但同一source_id不得重复计分。,保护因素必须明确限制过用、补足缺位、恢复顺序、打开反馈、落实改变或完成修复回流；不能只凭五行相生补写现实效果。,近位提高进入亲密关系核心的概率；远位只作背景、阶段或条件性修正。,根气只修正该保护功能是否容易重复调用，不等于现实中已经形成稳定保护。,旺弱只修正调用强度与承载；强不自动有效，弱也不自动无效。,喜忌只修正摩擦、平衡与承载，不可直接翻译为好坏、成熟度或解决方案。,原十神功能有效；真合化成立时按化神功能替换，合化争议时停止定性。,近位提高直接相关性；远位仅保留背景、阶段或低置信修正。,92,命中+6,buffer_evidence,识别重点：检查影响是否被表达、反馈是否被整合、双方是否重新协商。,需要继续检查：检查影响是否被表达、反馈是否被整合、双方是否重新协商。,不得仅凭本规则断定问题已经解决、关系必然稳定、用户一定成熟、某十神天然是“药”、喜用神自动等于解决办法，或淡化暴力、强迫与现实伤害；现实行为、反例、安全事实和专业支持优先。,中高,待验证,,provisional=true；保护因素的现实有效性必须由可观察行为、反馈和持续结果验证。,0.8
M4-BUFFER-237,PB08 单方努力替代双向修复｜为什么无效,L4 PB01—PB08伪保护,BUFFER-伪保护,通用,逻辑,PB08 单方努力替代双向修复,说明表面有效与真实有效的差别。,一方不断道歉、补救、解释或投入，就认为修复已经完成。,已经完成反馈、执行与反例检验。,由共享基础引擎提供；仅修正保护功能的承载、持续调用和压力状态下的稳定性，不直接等同成熟度、道德或现实行为。,由M1／M2接口提供；夫妻星、心动原型和关系门槛只说明关系议题，不单独证明保护因素已经被调用或有效。,由M3-BASE及M4各模块提供；日支、日柱近位可提高与亲密关系核心的相关性，但同一source_id不得重复计分。,保护因素必须明确限制过用、补足缺位、恢复顺序、打开反馈、落实改变或完成修复回流；不能只凭五行相生补写现实效果。,近位提高进入亲密关系核心的概率；远位只作背景、阶段或条件性修正。,根气只修正该保护功能是否容易重复调用，不等于现实中已经形成稳定保护。,旺弱只修正调用强度与承载；强不自动有效，弱也不自动无效。,喜忌只修正摩擦、平衡与承载，不可直接翻译为好坏、成熟度或解决方案。,原十神功能有效；真合化成立时按化神功能替换，合化争议时停止定性。,近位提高直接相关性；远位仅保留背景、阶段或低置信修正。,90,不加分；解释,boundary_note,缺少接收方反馈、共同调整和后续回访时，不能形成双方闭环。,表面上它能暂时降低不适，但还不能证明关键关系任务已经完成。,不得仅凭本规则断定问题已经解决、关系必然稳定、用户一定成熟、某十神天然是“药”、喜用神自动等于解决办法，或淡化暴力、强迫与现实伤害；现实行为、反例、安全事实和专业支持优先。,中高,待验证,,provisional=true；保护因素的现实有效性必须由可观察行为、反馈和持续结果验证。,0.8
M4-BUFFER-238,PB08 单方努力替代双向修复｜反例门控,L4 PB01—PB08伪保护,BUFFER-伪保护,通用,反例,PB08 单方努力替代双向修复,防止把真实有效资源误判为伪保护。,没有观察到一方责任行动与接收方真实反馈形成二次调整。。,已经观察到一方责任行动与接收方真实反馈形成二次调整。，并在相似情境中重复。,由共享基础引擎提供；仅修正保护功能的承载、持续调用和压力状态下的稳定性，不直接等同成熟度、道德或现实行为。,由M1／M2接口提供；夫妻星、心动原型和关系门槛只说明关系议题，不单独证明保护因素已经被调用或有效。,由M3-BASE及M4各模块提供；日支、日柱近位可提高与亲密关系核心的相关性，但同一source_id不得重复计分。,保护因素必须明确限制过用、补足缺位、恢复顺序、打开反馈、落实改变或完成修复回流；不能只凭五行相生补写现实效果。,近位提高进入亲密关系核心的概率；远位只作背景、阶段或条件性修正。,根气只修正该保护功能是否容易重复调用，不等于现实中已经形成稳定保护。,旺弱只修正调用强度与承载；强不自动有效，弱也不自动无效。,喜忌只修正摩擦、平衡与承载，不可直接翻译为好坏、成熟度或解决方案。,原十神功能有效；真合化成立时按化神功能替换，合化争议时停止定性。,近位提高直接相关性；远位仅保留背景、阶段或低置信修正。,97,反例则停止,counterevidence,若已经满足：一方责任行动与接收方真实反馈形成二次调整。，则应停止PB候选并升级至相应BF。,若现实中已经做到“一方责任行动与接收方真实反馈形成二次调整。”，就不应再把它视为表面保护。,不得仅凭本规则断定问题已经解决、关系必然稳定、用户一定成熟、某十神天然是“药”、喜用神自动等于解决办法，或淡化暴力、强迫与现实伤害；现实行为、反例、安全事实和专业支持优先。,高,待验证,,provisional=true；保护因素的现实有效性必须由可观察行为、反馈和持续结果验证。,0.8
M4-BUFFER-239,PB08 单方努力替代双向修复｜退出条件,L4 PB01—PB08伪保护,BUFFER-伪保护,通用,退出,PB08 单方努力替代双向修复,说明伪保护如何转成有效保护。,一方责任行动与接收方真实反馈形成二次调整。,只有一次口头承诺或单次动作。,由共享基础引擎提供；仅修正保护功能的承载、持续调用和压力状态下的稳定性，不直接等同成熟度、道德或现实行为。,由M1／M2接口提供；夫妻星、心动原型和关系门槛只说明关系议题，不单独证明保护因素已经被调用或有效。,由M3-BASE及M4各模块提供；日支、日柱近位可提高与亲密关系核心的相关性，但同一source_id不得重复计分。,保护因素必须明确限制过用、补足缺位、恢复顺序、打开反馈、落实改变或完成修复回流；不能只凭五行相生补写现实效果。,近位提高进入亲密关系核心的概率；远位只作背景、阶段或条件性修正。,根气只修正该保护功能是否容易重复调用，不等于现实中已经形成稳定保护。,旺弱只修正调用强度与承载；强不自动有效，弱也不自动无效。,喜忌只修正摩擦、平衡与承载，不可直接翻译为好坏、成熟度或解决方案。,原十神功能有效；真合化成立时按化神功能替换，合化争议时停止定性。,近位提高直接相关性；远位仅保留背景、阶段或低置信修正。,91,满足则转BF,buffer_upgrade,PB08退出条件：一方责任行动与接收方真实反馈形成二次调整。,这项方式要真正发挥作用，需要做到：一方责任行动与接收方真实反馈形成二次调整。,不得仅凭本规则断定问题已经解决、关系必然稳定、用户一定成熟、某十神天然是“药”、喜用神自动等于解决办法，或淡化暴力、强迫与现实伤害；现实行为、反例、安全事实和专业支持优先。,中高,待验证,,provisional=true；保护因素的现实有效性必须由可观察行为、反馈和持续结果验证。,0.8
M4-BUFFER-240,PB08 单方努力替代双向修复｜用户输出,L4 PB01—PB08伪保护,BUFFER-伪保护,通用,语言,PB08 单方努力替代双向修复,生成中性提醒。,一方不断道歉、补救、解释或投入，就认为修复已经完成。,存在安全停止或资料不足。,由共享基础引擎提供；仅修正保护功能的承载、持续调用和压力状态下的稳定性，不直接等同成熟度、道德或现实行为。,由M1／M2接口提供；夫妻星、心动原型和关系门槛只说明关系议题，不单独证明保护因素已经被调用或有效。,由M3-BASE及M4各模块提供；日支、日柱近位可提高与亲密关系核心的相关性，但同一source_id不得重复计分。,保护因素必须明确限制过用、补足缺位、恢复顺序、打开反馈、落实改变或完成修复回流；不能只凭五行相生补写现实效果。,近位提高进入亲密关系核心的概率；远位只作背景、阶段或条件性修正。,根气只修正该保护功能是否容易重复调用，不等于现实中已经形成稳定保护。,旺弱只修正调用强度与承载；强不自动有效，弱也不自动无效。,喜忌只修正摩擦、平衡与承载，不可直接翻译为好坏、成熟度或解决方案。,原十神功能有效；真合化成立时按化神功能替换，合化争议时停止定性。,近位提高直接相关性；远位仅保留背景、阶段或低置信修正。,84,不加分；输出,report_text,缺少接收方反馈、共同调整和后续回访时，不能形成双方闭环。,一个人可以完成自己的责任，但双方修复需要真实反馈和共同调整。,不得仅凭本规则断定问题已经解决、关系必然稳定、用户一定成熟、某十神天然是“药”、喜用神自动等于解决办法，或淡化暴力、强迫与现实伤害；现实行为、反例、安全事实和专业支持优先。,中高,待验证,,provisional=true；保护因素的现实有效性必须由可观察行为、反馈和持续结果验证。,0.8
M4-BUFFER-241,DY01 限制过用｜功能定义,L5 DY01—DY08病药功能,BUFFER-病药接口,通用,定义,DY01 限制过用,K01；定义病药接口中的功能任务。,已经确认K01机制或相应修复断点。,没有具体失衡靶点。,由共享基础引擎提供；仅修正保护功能的承载、持续调用和压力状态下的稳定性，不直接等同成熟度、道德或现实行为。,由M1／M2接口提供；夫妻星、心动原型和关系门槛只说明关系议题，不单独证明保护因素已经被调用或有效。,由M3-BASE及M4各模块提供；日支、日柱近位可提高与亲密关系核心的相关性，但同一source_id不得重复计分。,保护因素必须明确限制过用、补足缺位、恢复顺序、打开反馈、落实改变或完成修复回流；不能只凭五行相生补写现实效果。,近位提高进入亲密关系核心的概率；远位只作背景、阶段或条件性修正。,根气只修正该保护功能是否容易重复调用，不等于现实中已经形成稳定保护。,旺弱只修正调用强度与承载；强不自动有效，弱也不自动无效。,喜忌只修正摩擦、平衡与承载，不可直接翻译为好坏、成熟度或解决方案。,原十神功能有效；真合化成立时按化神功能替换，合化争议时停止定性。,近位提高直接相关性；远位仅保留背景、阶段或低置信修正。,95,功能定义,medicine_function,限制过用的目标是：让抢先、重复或占位过多的功能回到适当范围。,这里需要的不是增加某个五行，而是完成“让抢先、重复或占位过多的功能回到适当范围”这项具体功能。,不得仅凭本规则断定问题已经解决、关系必然稳定、用户一定成熟、某十神天然是“药”、喜用神自动等于解决办法，或淡化暴力、强迫与现实伤害；现实行为、反例、安全事实和专业支持优先。,高,待验证,,provisional=true；保护因素的现实有效性必须由可观察行为、反馈和持续结果验证。,0.8
M4-BUFFER-242,DY01 限制过用｜诊断靶点,L5 DY01—DY08病药功能,BUFFER-病药接口,通用,路由,DY01 限制过用,K01；将药功能对应到明确K机制。,K01已经达到E1或以上，且同源去重完成。,只有十神旺弱标签，未说明关系任务。,由共享基础引擎提供；仅修正保护功能的承载、持续调用和压力状态下的稳定性，不直接等同成熟度、道德或现实行为。,由M1／M2接口提供；夫妻星、心动原型和关系门槛只说明关系议题，不单独证明保护因素已经被调用或有效。,由M3-BASE及M4各模块提供；日支、日柱近位可提高与亲密关系核心的相关性，但同一source_id不得重复计分。,保护因素必须明确限制过用、补足缺位、恢复顺序、打开反馈、落实改变或完成修复回流；不能只凭五行相生补写现实效果。,近位提高进入亲密关系核心的概率；远位只作背景、阶段或条件性修正。,根气只修正该保护功能是否容易重复调用，不等于现实中已经形成稳定保护。,旺弱只修正调用强度与承载；强不自动有效，弱也不自动无效。,喜忌只修正摩擦、平衡与承载，不可直接翻译为好坏、成熟度或解决方案。,原十神功能有效；真合化成立时按化神功能替换，合化争议时停止定性。,近位提高直接相关性；远位仅保留背景、阶段或低置信修正。,94,靶点匹配+6,buffer_target,DY01专门路由至K01。,这项调节只针对已经确认的K01问题，不作为万能解决办法。,不得仅凭本规则断定问题已经解决、关系必然稳定、用户一定成熟、某十神天然是“药”、喜用神自动等于解决办法，或淡化暴力、强迫与现实伤害；现实行为、反例、安全事实和专业支持优先。,高,待验证,,provisional=true；保护因素的现实有效性必须由可观察行为、反馈和持续结果验证。,0.8
M4-BUFFER-243,DY01 限制过用｜可用资源,L5 DY01—DY08病药功能,BUFFER-病药接口,通用,资源,DY01 限制过用,K01；列出可承担该药功能的保护资源。,存在BF01有效制化、BF03边界支持或BF04内部复核中的至少一项独立有效资源。,资源弱远、受损、功能错配或只是同源重复。,由共享基础引擎提供；仅修正保护功能的承载、持续调用和压力状态下的稳定性，不直接等同成熟度、道德或现实行为。,由M1／M2接口提供；夫妻星、心动原型和关系门槛只说明关系议题，不单独证明保护因素已经被调用或有效。,由M3-BASE及M4各模块提供；日支、日柱近位可提高与亲密关系核心的相关性，但同一source_id不得重复计分。,保护因素必须明确限制过用、补足缺位、恢复顺序、打开反馈、落实改变或完成修复回流；不能只凭五行相生补写现实效果。,近位提高进入亲密关系核心的概率；远位只作背景、阶段或条件性修正。,根气只修正该保护功能是否容易重复调用，不等于现实中已经形成稳定保护。,旺弱只修正调用强度与承载；强不自动有效，弱也不自动无效。,喜忌只修正摩擦、平衡与承载，不可直接翻译为好坏、成熟度或解决方案。,原十神功能有效；真合化成立时按化神功能替换，合化争议时停止定性。,近位提高直接相关性；远位仅保留背景、阶段或低置信修正。,90,独立资源+6,buffer_factor,可用资源包括：BF01有效制化、BF03边界支持或BF04内部复核。,可能帮助你的资源包括：BF01有效制化、BF03边界支持或BF04内部复核，但要继续看现实中是否会调用。,不得仅凭本规则断定问题已经解决、关系必然稳定、用户一定成熟、某十神天然是“药”、喜用神自动等于解决办法，或淡化暴力、强迫与现实伤害；现实行为、反例、安全事实和专业支持优先。,中高,待验证,,provisional=true；保护因素的现实有效性必须由可观察行为、反馈和持续结果验证。,0.8
M4-BUFFER-244,DY01 限制过用｜现实有效标志,L5 DY01—DY08病药功能,BUFFER-病药接口,通用,效果,DY01 限制过用,K01；判断药功能是否真正改变风险链。,原功能仍能发挥，但不再压缩反馈、边界或第二功能。,只是把原功能完全压制，或用另一项同样过强的功能取代。,由共享基础引擎提供；仅修正保护功能的承载、持续调用和压力状态下的稳定性，不直接等同成熟度、道德或现实行为。,由M1／M2接口提供；夫妻星、心动原型和关系门槛只说明关系议题，不单独证明保护因素已经被调用或有效。,由M3-BASE及M4各模块提供；日支、日柱近位可提高与亲密关系核心的相关性，但同一source_id不得重复计分。,保护因素必须明确限制过用、补足缺位、恢复顺序、打开反馈、落实改变或完成修复回流；不能只凭五行相生补写现实效果。,近位提高进入亲密关系核心的概率；远位只作背景、阶段或条件性修正。,根气只修正该保护功能是否容易重复调用，不等于现实中已经形成稳定保护。,旺弱只修正调用强度与承载；强不自动有效，弱也不自动无效。,喜忌只修正摩擦、平衡与承载，不可直接翻译为好坏、成熟度或解决方案。,原十神功能有效；真合化成立时按化神功能替换，合化争议时停止定性。,近位提高直接相关性；远位仅保留背景、阶段或低置信修正。,92,效果+12,buffer_level,现实有效标志：原功能仍能发挥，但不再压缩反馈、边界或第二功能。,真正有效时会看到：原功能仍能发挥，但不再压缩反馈、边界或第二功能。,不得仅凭本规则断定问题已经解决、关系必然稳定、用户一定成熟、某十神天然是“药”、喜用神自动等于解决办法，或淡化暴力、强迫与现实伤害；现实行为、反例、安全事实和专业支持优先。,中高,待验证,,provisional=true；保护因素的现实有效性必须由可观察行为、反馈和持续结果验证。,0.8
M4-BUFFER-245,DY01 限制过用｜无效／过量边界,L5 DY01—DY08病药功能,BUFFER-病药接口,通用,降级,DY01 限制过用,K01；防止药功能变成新的失衡。,只是把原功能完全压制，或用另一项同样过强的功能取代。,原功能仍能发挥，但不再压缩反馈、边界或第二功能。,由共享基础引擎提供；仅修正保护功能的承载、持续调用和压力状态下的稳定性，不直接等同成熟度、道德或现实行为。,由M1／M2接口提供；夫妻星、心动原型和关系门槛只说明关系议题，不单独证明保护因素已经被调用或有效。,由M3-BASE及M4各模块提供；日支、日柱近位可提高与亲密关系核心的相关性，但同一source_id不得重复计分。,保护因素必须明确限制过用、补足缺位、恢复顺序、打开反馈、落实改变或完成修复回流；不能只凭五行相生补写现实效果。,近位提高进入亲密关系核心的概率；远位只作背景、阶段或条件性修正。,根气只修正该保护功能是否容易重复调用，不等于现实中已经形成稳定保护。,旺弱只修正调用强度与承载；强不自动有效，弱也不自动无效。,喜忌只修正摩擦、平衡与承载，不可直接翻译为好坏、成熟度或解决方案。,原十神功能有效；真合化成立时按化神功能替换，合化争议时停止定性。,近位提高直接相关性；远位仅保留背景、阶段或低置信修正。,97,无效-10,pseudo_buffer,失效或过量表现：只是把原功能完全压制，或用另一项同样过强的功能取代。,若只是“只是把原功能完全压制，或用另一项同样过强的功能取代。”，就不能把它视为有效调节。,不得仅凭本规则断定问题已经解决、关系必然稳定、用户一定成熟、某十神天然是“药”、喜用神自动等于解决办法，或淡化暴力、强迫与现实伤害；现实行为、反例、安全事实和专业支持优先。,高,待验证,,provisional=true；保护因素的现实有效性必须由可观察行为、反馈和持续结果验证。,0.8
M4-BUFFER-246,DY01 限制过用｜用户输出,L5 DY01—DY08病药功能,BUFFER-病药接口,通用,语言,DY01 限制过用,K01；生成病药功能语言。,K01成立且存在匹配资源。,只是把原功能完全压制，或用另一项同样过强的功能取代。,由共享基础引擎提供；仅修正保护功能的承载、持续调用和压力状态下的稳定性，不直接等同成熟度、道德或现实行为。,由M1／M2接口提供；夫妻星、心动原型和关系门槛只说明关系议题，不单独证明保护因素已经被调用或有效。,由M3-BASE及M4各模块提供；日支、日柱近位可提高与亲密关系核心的相关性，但同一source_id不得重复计分。,保护因素必须明确限制过用、补足缺位、恢复顺序、打开反馈、落实改变或完成修复回流；不能只凭五行相生补写现实效果。,近位提高进入亲密关系核心的概率；远位只作背景、阶段或条件性修正。,根气只修正该保护功能是否容易重复调用，不等于现实中已经形成稳定保护。,旺弱只修正调用强度与承载；强不自动有效，弱也不自动无效。,喜忌只修正摩擦、平衡与承载，不可直接翻译为好坏、成熟度或解决方案。,原十神功能有效；真合化成立时按化神功能替换，合化争议时停止定性。,近位提高直接相关性；远位仅保留背景、阶段或低置信修正。,84,不加分；输出,report_text,病是K01所描述的功能失衡；药是能够让抢先、重复或占位过多的功能回到适当范围的具体功能。,你需要补上的不是一个抽象标签，而是：让抢先、重复或占位过多的功能回到适当范围。,不得仅凭本规则断定问题已经解决、关系必然稳定、用户一定成熟、某十神天然是“药”、喜用神自动等于解决办法，或淡化暴力、强迫与现实伤害；现实行为、反例、安全事实和专业支持优先。,中高,待验证,,provisional=true；保护因素的现实有效性必须由可观察行为、反馈和持续结果验证。,0.8
M4-BUFFER-247,DY02 补足不足｜功能定义,L5 DY01—DY08病药功能,BUFFER-病药接口,通用,定义,DY02 补足不足,K02；定义病药接口中的功能任务。,已经确认K02机制或相应修复断点。,没有具体失衡靶点。,由共享基础引擎提供；仅修正保护功能的承载、持续调用和压力状态下的稳定性，不直接等同成熟度、道德或现实行为。,由M1／M2接口提供；夫妻星、心动原型和关系门槛只说明关系议题，不单独证明保护因素已经被调用或有效。,由M3-BASE及M4各模块提供；日支、日柱近位可提高与亲密关系核心的相关性，但同一source_id不得重复计分。,保护因素必须明确限制过用、补足缺位、恢复顺序、打开反馈、落实改变或完成修复回流；不能只凭五行相生补写现实效果。,近位提高进入亲密关系核心的概率；远位只作背景、阶段或条件性修正。,根气只修正该保护功能是否容易重复调用，不等于现实中已经形成稳定保护。,旺弱只修正调用强度与承载；强不自动有效，弱也不自动无效。,喜忌只修正摩擦、平衡与承载，不可直接翻译为好坏、成熟度或解决方案。,原十神功能有效；真合化成立时按化神功能替换，合化争议时停止定性。,近位提高直接相关性；远位仅保留背景、阶段或低置信修正。,95,功能定义,medicine_function,补足不足的目标是：让当前关系任务所需但进入较弱的功能获得支持。,这里需要的不是增加某个五行，而是完成“让当前关系任务所需但进入较弱的功能获得支持”这项具体功能。,不得仅凭本规则断定问题已经解决、关系必然稳定、用户一定成熟、某十神天然是“药”、喜用神自动等于解决办法，或淡化暴力、强迫与现实伤害；现实行为、反例、安全事实和专业支持优先。,高,待验证,,provisional=true；保护因素的现实有效性必须由可观察行为、反馈和持续结果验证。,0.8
M4-BUFFER-248,DY02 补足不足｜诊断靶点,L5 DY01—DY08病药功能,BUFFER-病药接口,通用,路由,DY02 补足不足,K02；将药功能对应到明确K机制。,K02已经达到E1或以上，且同源去重完成。,只有十神旺弱标签，未说明关系任务。,由共享基础引擎提供；仅修正保护功能的承载、持续调用和压力状态下的稳定性，不直接等同成熟度、道德或现实行为。,由M1／M2接口提供；夫妻星、心动原型和关系门槛只说明关系议题，不单独证明保护因素已经被调用或有效。,由M3-BASE及M4各模块提供；日支、日柱近位可提高与亲密关系核心的相关性，但同一source_id不得重复计分。,保护因素必须明确限制过用、补足缺位、恢复顺序、打开反馈、落实改变或完成修复回流；不能只凭五行相生补写现实效果。,近位提高进入亲密关系核心的概率；远位只作背景、阶段或条件性修正。,根气只修正该保护功能是否容易重复调用，不等于现实中已经形成稳定保护。,旺弱只修正调用强度与承载；强不自动有效，弱也不自动无效。,喜忌只修正摩擦、平衡与承载，不可直接翻译为好坏、成熟度或解决方案。,原十神功能有效；真合化成立时按化神功能替换，合化争议时停止定性。,近位提高直接相关性；远位仅保留背景、阶段或低置信修正。,94,靶点匹配+6,buffer_target,DY02专门路由至K02。,这项调节只针对已经确认的K02问题，不作为万能解决办法。,不得仅凭本规则断定问题已经解决、关系必然稳定、用户一定成熟、某十神天然是“药”、喜用神自动等于解决办法，或淡化暴力、强迫与现实伤害；现实行为、反例、安全事实和专业支持优先。,高,待验证,,provisional=true；保护因素的现实有效性必须由可观察行为、反馈和持续结果验证。,0.8
M4-BUFFER-249,DY02 补足不足｜可用资源,L5 DY01—DY08病药功能,BUFFER-病药接口,通用,资源,DY02 补足不足,K02；列出可承担该药功能的保护资源。,存在直接补位功能、BF02通关、BF05表达或BF06现实行为中的至少一项独立有效资源。,资源弱远、受损、功能错配或只是同源重复。,由共享基础引擎提供；仅修正保护功能的承载、持续调用和压力状态下的稳定性，不直接等同成熟度、道德或现实行为。,由M1／M2接口提供；夫妻星、心动原型和关系门槛只说明关系议题，不单独证明保护因素已经被调用或有效。,由M3-BASE及M4各模块提供；日支、日柱近位可提高与亲密关系核心的相关性，但同一source_id不得重复计分。,保护因素必须明确限制过用、补足缺位、恢复顺序、打开反馈、落实改变或完成修复回流；不能只凭五行相生补写现实效果。,近位提高进入亲密关系核心的概率；远位只作背景、阶段或条件性修正。,根气只修正该保护功能是否容易重复调用，不等于现实中已经形成稳定保护。,旺弱只修正调用强度与承载；强不自动有效，弱也不自动无效。,喜忌只修正摩擦、平衡与承载，不可直接翻译为好坏、成熟度或解决方案。,原十神功能有效；真合化成立时按化神功能替换，合化争议时停止定性。,近位提高直接相关性；远位仅保留背景、阶段或低置信修正。,90,独立资源+6,buffer_factor,可用资源包括：直接补位功能、BF02通关、BF05表达或BF06现实行为。,可能帮助你的资源包括：直接补位功能、BF02通关、BF05表达或BF06现实行为，但要继续看现实中是否会调用。,不得仅凭本规则断定问题已经解决、关系必然稳定、用户一定成熟、某十神天然是“药”、喜用神自动等于解决办法，或淡化暴力、强迫与现实伤害；现实行为、反例、安全事实和专业支持优先。,中高,待验证,,provisional=true；保护因素的现实有效性必须由可观察行为、反馈和持续结果验证。,0.8
M4-BUFFER-250,DY02 补足不足｜现实有效标志,L5 DY01—DY08病药功能,BUFFER-病药接口,通用,效果,DY02 补足不足,K02；判断药功能是否真正改变风险链。,缺失步骤能够在需要时进入，而不必由熟悉通道长期代替。,只增加元素数量，却没有进入具体关系任务。,由共享基础引擎提供；仅修正保护功能的承载、持续调用和压力状态下的稳定性，不直接等同成熟度、道德或现实行为。,由M1／M2接口提供；夫妻星、心动原型和关系门槛只说明关系议题，不单独证明保护因素已经被调用或有效。,由M3-BASE及M4各模块提供；日支、日柱近位可提高与亲密关系核心的相关性，但同一source_id不得重复计分。,保护因素必须明确限制过用、补足缺位、恢复顺序、打开反馈、落实改变或完成修复回流；不能只凭五行相生补写现实效果。,近位提高进入亲密关系核心的概率；远位只作背景、阶段或条件性修正。,根气只修正该保护功能是否容易重复调用，不等于现实中已经形成稳定保护。,旺弱只修正调用强度与承载；强不自动有效，弱也不自动无效。,喜忌只修正摩擦、平衡与承载，不可直接翻译为好坏、成熟度或解决方案。,原十神功能有效；真合化成立时按化神功能替换，合化争议时停止定性。,近位提高直接相关性；远位仅保留背景、阶段或低置信修正。,92,效果+12,buffer_level,现实有效标志：缺失步骤能够在需要时进入，而不必由熟悉通道长期代替。,真正有效时会看到：缺失步骤能够在需要时进入，而不必由熟悉通道长期代替。,不得仅凭本规则断定问题已经解决、关系必然稳定、用户一定成熟、某十神天然是“药”、喜用神自动等于解决办法，或淡化暴力、强迫与现实伤害；现实行为、反例、安全事实和专业支持优先。,中高,待验证,,provisional=true；保护因素的现实有效性必须由可观察行为、反馈和持续结果验证。,0.8
M4-BUFFER-251,DY02 补足不足｜无效／过量边界,L5 DY01—DY08病药功能,BUFFER-病药接口,通用,降级,DY02 补足不足,K02；防止药功能变成新的失衡。,只增加元素数量，却没有进入具体关系任务。,缺失步骤能够在需要时进入，而不必由熟悉通道长期代替。,由共享基础引擎提供；仅修正保护功能的承载、持续调用和压力状态下的稳定性，不直接等同成熟度、道德或现实行为。,由M1／M2接口提供；夫妻星、心动原型和关系门槛只说明关系议题，不单独证明保护因素已经被调用或有效。,由M3-BASE及M4各模块提供；日支、日柱近位可提高与亲密关系核心的相关性，但同一source_id不得重复计分。,保护因素必须明确限制过用、补足缺位、恢复顺序、打开反馈、落实改变或完成修复回流；不能只凭五行相生补写现实效果。,近位提高进入亲密关系核心的概率；远位只作背景、阶段或条件性修正。,根气只修正该保护功能是否容易重复调用，不等于现实中已经形成稳定保护。,旺弱只修正调用强度与承载；强不自动有效，弱也不自动无效。,喜忌只修正摩擦、平衡与承载，不可直接翻译为好坏、成熟度或解决方案。,原十神功能有效；真合化成立时按化神功能替换，合化争议时停止定性。,近位提高直接相关性；远位仅保留背景、阶段或低置信修正。,97,无效-10,pseudo_buffer,失效或过量表现：只增加元素数量，却没有进入具体关系任务。,若只是“只增加元素数量，却没有进入具体关系任务。”，就不能把它视为有效调节。,不得仅凭本规则断定问题已经解决、关系必然稳定、用户一定成熟、某十神天然是“药”、喜用神自动等于解决办法，或淡化暴力、强迫与现实伤害；现实行为、反例、安全事实和专业支持优先。,高,待验证,,provisional=true；保护因素的现实有效性必须由可观察行为、反馈和持续结果验证。,0.8
M4-BUFFER-252,DY02 补足不足｜用户输出,L5 DY01—DY08病药功能,BUFFER-病药接口,通用,语言,DY02 补足不足,K02；生成病药功能语言。,K02成立且存在匹配资源。,只增加元素数量，却没有进入具体关系任务。,由共享基础引擎提供；仅修正保护功能的承载、持续调用和压力状态下的稳定性，不直接等同成熟度、道德或现实行为。,由M1／M2接口提供；夫妻星、心动原型和关系门槛只说明关系议题，不单独证明保护因素已经被调用或有效。,由M3-BASE及M4各模块提供；日支、日柱近位可提高与亲密关系核心的相关性，但同一source_id不得重复计分。,保护因素必须明确限制过用、补足缺位、恢复顺序、打开反馈、落实改变或完成修复回流；不能只凭五行相生补写现实效果。,近位提高进入亲密关系核心的概率；远位只作背景、阶段或条件性修正。,根气只修正该保护功能是否容易重复调用，不等于现实中已经形成稳定保护。,旺弱只修正调用强度与承载；强不自动有效，弱也不自动无效。,喜忌只修正摩擦、平衡与承载，不可直接翻译为好坏、成熟度或解决方案。,原十神功能有效；真合化成立时按化神功能替换，合化争议时停止定性。,近位提高直接相关性；远位仅保留背景、阶段或低置信修正。,84,不加分；输出,report_text,病是K02所描述的功能失衡；药是能够让当前关系任务所需但进入较弱的功能获得支持的具体功能。,你需要补上的不是一个抽象标签，而是：让当前关系任务所需但进入较弱的功能获得支持。,不得仅凭本规则断定问题已经解决、关系必然稳定、用户一定成熟、某十神天然是“药”、喜用神自动等于解决办法，或淡化暴力、强迫与现实伤害；现实行为、反例、安全事实和专业支持优先。,中高,待验证,,provisional=true；保护因素的现实有效性必须由可观察行为、反馈和持续结果验证。,0.8
M4-BUFFER-253,DY03 拆除单通道替代｜功能定义,L5 DY01—DY08病药功能,BUFFER-病药接口,通用,定义,DY03 拆除单通道替代,K03；定义病药接口中的功能任务。,已经确认K03机制或相应修复断点。,没有具体失衡靶点。,由共享基础引擎提供；仅修正保护功能的承载、持续调用和压力状态下的稳定性，不直接等同成熟度、道德或现实行为。,由M1／M2接口提供；夫妻星、心动原型和关系门槛只说明关系议题，不单独证明保护因素已经被调用或有效。,由M3-BASE及M4各模块提供；日支、日柱近位可提高与亲密关系核心的相关性，但同一source_id不得重复计分。,保护因素必须明确限制过用、补足缺位、恢复顺序、打开反馈、落实改变或完成修复回流；不能只凭五行相生补写现实效果。,近位提高进入亲密关系核心的概率；远位只作背景、阶段或条件性修正。,根气只修正该保护功能是否容易重复调用，不等于现实中已经形成稳定保护。,旺弱只修正调用强度与承载；强不自动有效，弱也不自动无效。,喜忌只修正摩擦、平衡与承载，不可直接翻译为好坏、成熟度或解决方案。,原十神功能有效；真合化成立时按化神功能替换，合化争议时停止定性。,近位提高直接相关性；远位仅保留背景、阶段或低置信修正。,95,功能定义,medicine_function,拆除单通道替代的目标是：区分熟悉功能与被替代任务，恢复两者分工。,这里需要的不是增加某个五行，而是完成“区分熟悉功能与被替代任务，恢复两者分工”这项具体功能。,不得仅凭本规则断定问题已经解决、关系必然稳定、用户一定成熟、某十神天然是“药”、喜用神自动等于解决办法，或淡化暴力、强迫与现实伤害；现实行为、反例、安全事实和专业支持优先。,高,待验证,,provisional=true；保护因素的现实有效性必须由可观察行为、反馈和持续结果验证。,0.8
M4-BUFFER-254,DY03 拆除单通道替代｜诊断靶点,L5 DY01—DY08病药功能,BUFFER-病药接口,通用,路由,DY03 拆除单通道替代,K03；将药功能对应到明确K机制。,K03已经达到E1或以上，且同源去重完成。,只有十神旺弱标签，未说明关系任务。,由共享基础引擎提供；仅修正保护功能的承载、持续调用和压力状态下的稳定性，不直接等同成熟度、道德或现实行为。,由M1／M2接口提供；夫妻星、心动原型和关系门槛只说明关系议题，不单独证明保护因素已经被调用或有效。,由M3-BASE及M4各模块提供；日支、日柱近位可提高与亲密关系核心的相关性，但同一source_id不得重复计分。,保护因素必须明确限制过用、补足缺位、恢复顺序、打开反馈、落实改变或完成修复回流；不能只凭五行相生补写现实效果。,近位提高进入亲密关系核心的概率；远位只作背景、阶段或条件性修正。,根气只修正该保护功能是否容易重复调用，不等于现实中已经形成稳定保护。,旺弱只修正调用强度与承载；强不自动有效，弱也不自动无效。,喜忌只修正摩擦、平衡与承载，不可直接翻译为好坏、成熟度或解决方案。,原十神功能有效；真合化成立时按化神功能替换，合化争议时停止定性。,近位提高直接相关性；远位仅保留背景、阶段或低置信修正。,94,靶点匹配+6,buffer_target,DY03专门路由至K03。,这项调节只针对已经确认的K03问题，不作为万能解决办法。,不得仅凭本规则断定问题已经解决、关系必然稳定、用户一定成熟、某十神天然是“药”、喜用神自动等于解决办法，或淡化暴力、强迫与现实伤害；现实行为、反例、安全事实和专业支持优先。,高,待验证,,provisional=true；保护因素的现实有效性必须由可观察行为、反馈和持续结果验证。,0.8
M4-BUFFER-255,DY03 拆除单通道替代｜可用资源,L5 DY01—DY08病药功能,BUFFER-病药接口,通用,资源,DY03 拆除单通道替代,K03；列出可承担该药功能的保护资源。,存在BF02跨系统通关、BF04复核、BF05反馈中的至少一项独立有效资源。,资源弱远、受损、功能错配或只是同源重复。,由共享基础引擎提供；仅修正保护功能的承载、持续调用和压力状态下的稳定性，不直接等同成熟度、道德或现实行为。,由M1／M2接口提供；夫妻星、心动原型和关系门槛只说明关系议题，不单独证明保护因素已经被调用或有效。,由M3-BASE及M4各模块提供；日支、日柱近位可提高与亲密关系核心的相关性，但同一source_id不得重复计分。,保护因素必须明确限制过用、补足缺位、恢复顺序、打开反馈、落实改变或完成修复回流；不能只凭五行相生补写现实效果。,近位提高进入亲密关系核心的概率；远位只作背景、阶段或条件性修正。,根气只修正该保护功能是否容易重复调用，不等于现实中已经形成稳定保护。,旺弱只修正调用强度与承载；强不自动有效，弱也不自动无效。,喜忌只修正摩擦、平衡与承载，不可直接翻译为好坏、成熟度或解决方案。,原十神功能有效；真合化成立时按化神功能替换，合化争议时停止定性。,近位提高直接相关性；远位仅保留背景、阶段或低置信修正。,90,独立资源+6,buffer_factor,可用资源包括：BF02跨系统通关、BF04复核、BF05反馈。,可能帮助你的资源包括：BF02跨系统通关、BF04复核、BF05反馈，但要继续看现实中是否会调用。,不得仅凭本规则断定问题已经解决、关系必然稳定、用户一定成熟、某十神天然是“药”、喜用神自动等于解决办法，或淡化暴力、强迫与现实伤害；现实行为、反例、安全事实和专业支持优先。,中高,待验证,,provisional=true；保护因素的现实有效性必须由可观察行为、反馈和持续结果验证。,0.8
M4-BUFFER-256,DY03 拆除单通道替代｜现实有效标志,L5 DY01—DY08病药功能,BUFFER-病药接口,通用,效果,DY03 拆除单通道替代,K03；判断药功能是否真正改变风险链。,表达不再替代倾听，行动不再替代协商，理解不再替代改变。,把替代关系换成另一种单通道垄断。,由共享基础引擎提供；仅修正保护功能的承载、持续调用和压力状态下的稳定性，不直接等同成熟度、道德或现实行为。,由M1／M2接口提供；夫妻星、心动原型和关系门槛只说明关系议题，不单独证明保护因素已经被调用或有效。,由M3-BASE及M4各模块提供；日支、日柱近位可提高与亲密关系核心的相关性，但同一source_id不得重复计分。,保护因素必须明确限制过用、补足缺位、恢复顺序、打开反馈、落实改变或完成修复回流；不能只凭五行相生补写现实效果。,近位提高进入亲密关系核心的概率；远位只作背景、阶段或条件性修正。,根气只修正该保护功能是否容易重复调用，不等于现实中已经形成稳定保护。,旺弱只修正调用强度与承载；强不自动有效，弱也不自动无效。,喜忌只修正摩擦、平衡与承载，不可直接翻译为好坏、成熟度或解决方案。,原十神功能有效；真合化成立时按化神功能替换，合化争议时停止定性。,近位提高直接相关性；远位仅保留背景、阶段或低置信修正。,92,效果+12,buffer_level,现实有效标志：表达不再替代倾听，行动不再替代协商，理解不再替代改变。,真正有效时会看到：表达不再替代倾听，行动不再替代协商，理解不再替代改变。,不得仅凭本规则断定问题已经解决、关系必然稳定、用户一定成熟、某十神天然是“药”、喜用神自动等于解决办法，或淡化暴力、强迫与现实伤害；现实行为、反例、安全事实和专业支持优先。,中高,待验证,,provisional=true；保护因素的现实有效性必须由可观察行为、反馈和持续结果验证。,0.8
M4-BUFFER-257,DY03 拆除单通道替代｜无效／过量边界,L5 DY01—DY08病药功能,BUFFER-病药接口,通用,降级,DY03 拆除单通道替代,K03；防止药功能变成新的失衡。,把替代关系换成另一种单通道垄断。,表达不再替代倾听，行动不再替代协商，理解不再替代改变。,由共享基础引擎提供；仅修正保护功能的承载、持续调用和压力状态下的稳定性，不直接等同成熟度、道德或现实行为。,由M1／M2接口提供；夫妻星、心动原型和关系门槛只说明关系议题，不单独证明保护因素已经被调用或有效。,由M3-BASE及M4各模块提供；日支、日柱近位可提高与亲密关系核心的相关性，但同一source_id不得重复计分。,保护因素必须明确限制过用、补足缺位、恢复顺序、打开反馈、落实改变或完成修复回流；不能只凭五行相生补写现实效果。,近位提高进入亲密关系核心的概率；远位只作背景、阶段或条件性修正。,根气只修正该保护功能是否容易重复调用，不等于现实中已经形成稳定保护。,旺弱只修正调用强度与承载；强不自动有效，弱也不自动无效。,喜忌只修正摩擦、平衡与承载，不可直接翻译为好坏、成熟度或解决方案。,原十神功能有效；真合化成立时按化神功能替换，合化争议时停止定性。,近位提高直接相关性；远位仅保留背景、阶段或低置信修正。,97,无效-10,pseudo_buffer,失效或过量表现：把替代关系换成另一种单通道垄断。,若只是“把替代关系换成另一种单通道垄断。”，就不能把它视为有效调节。,不得仅凭本规则断定问题已经解决、关系必然稳定、用户一定成熟、某十神天然是“药”、喜用神自动等于解决办法，或淡化暴力、强迫与现实伤害；现实行为、反例、安全事实和专业支持优先。,高,待验证,,provisional=true；保护因素的现实有效性必须由可观察行为、反馈和持续结果验证。,0.8
M4-BUFFER-258,DY03 拆除单通道替代｜用户输出,L5 DY01—DY08病药功能,BUFFER-病药接口,通用,语言,DY03 拆除单通道替代,K03；生成病药功能语言。,K03成立且存在匹配资源。,把替代关系换成另一种单通道垄断。,由共享基础引擎提供；仅修正保护功能的承载、持续调用和压力状态下的稳定性，不直接等同成熟度、道德或现实行为。,由M1／M2接口提供；夫妻星、心动原型和关系门槛只说明关系议题，不单独证明保护因素已经被调用或有效。,由M3-BASE及M4各模块提供；日支、日柱近位可提高与亲密关系核心的相关性，但同一source_id不得重复计分。,保护因素必须明确限制过用、补足缺位、恢复顺序、打开反馈、落实改变或完成修复回流；不能只凭五行相生补写现实效果。,近位提高进入亲密关系核心的概率；远位只作背景、阶段或条件性修正。,根气只修正该保护功能是否容易重复调用，不等于现实中已经形成稳定保护。,旺弱只修正调用强度与承载；强不自动有效，弱也不自动无效。,喜忌只修正摩擦、平衡与承载，不可直接翻译为好坏、成熟度或解决方案。,原十神功能有效；真合化成立时按化神功能替换，合化争议时停止定性。,近位提高直接相关性；远位仅保留背景、阶段或低置信修正。,84,不加分；输出,report_text,病是K03所描述的功能失衡；药是能够区分熟悉功能与被替代任务，恢复两者分工的具体功能。,你需要补上的不是一个抽象标签，而是：区分熟悉功能与被替代任务，恢复两者分工。,不得仅凭本规则断定问题已经解决、关系必然稳定、用户一定成熟、某十神天然是“药”、喜用神自动等于解决办法，或淡化暴力、强迫与现实伤害；现实行为、反例、安全事实和专业支持优先。,中高,待验证,,provisional=true；保护因素的现实有效性必须由可观察行为、反馈和持续结果验证。,0.8
M4-BUFFER-259,DY04 恢复处理顺序｜功能定义,L5 DY01—DY08病药功能,BUFFER-病药接口,通用,定义,DY04 恢复处理顺序,K04；定义病药接口中的功能任务。,已经确认K04机制或相应修复断点。,没有具体失衡靶点。,由共享基础引擎提供；仅修正保护功能的承载、持续调用和压力状态下的稳定性，不直接等同成熟度、道德或现实行为。,由M1／M2接口提供；夫妻星、心动原型和关系门槛只说明关系议题，不单独证明保护因素已经被调用或有效。,由M3-BASE及M4各模块提供；日支、日柱近位可提高与亲密关系核心的相关性，但同一source_id不得重复计分。,保护因素必须明确限制过用、补足缺位、恢复顺序、打开反馈、落实改变或完成修复回流；不能只凭五行相生补写现实效果。,近位提高进入亲密关系核心的概率；远位只作背景、阶段或条件性修正。,根气只修正该保护功能是否容易重复调用，不等于现实中已经形成稳定保护。,旺弱只修正调用强度与承载；强不自动有效，弱也不自动无效。,喜忌只修正摩擦、平衡与承载，不可直接翻译为好坏、成熟度或解决方案。,原十神功能有效；真合化成立时按化神功能替换，合化争议时停止定性。,近位提高直接相关性；远位仅保留背景、阶段或低置信修正。,95,功能定义,medicine_function,恢复处理顺序的目标是：让两项已有功能在更合适的先后与阶段进入。,这里需要的不是增加某个五行，而是完成“让两项已有功能在更合适的先后与阶段进入”这项具体功能。,不得仅凭本规则断定问题已经解决、关系必然稳定、用户一定成熟、某十神天然是“药”、喜用神自动等于解决办法，或淡化暴力、强迫与现实伤害；现实行为、反例、安全事实和专业支持优先。,高,待验证,,provisional=true；保护因素的现实有效性必须由可观察行为、反馈和持续结果验证。,0.8
M4-BUFFER-260,DY04 恢复处理顺序｜诊断靶点,L5 DY01—DY08病药功能,BUFFER-病药接口,通用,路由,DY04 恢复处理顺序,K04；将药功能对应到明确K机制。,K04已经达到E1或以上，且同源去重完成。,只有十神旺弱标签，未说明关系任务。,由共享基础引擎提供；仅修正保护功能的承载、持续调用和压力状态下的稳定性，不直接等同成熟度、道德或现实行为。,由M1／M2接口提供；夫妻星、心动原型和关系门槛只说明关系议题，不单独证明保护因素已经被调用或有效。,由M3-BASE及M4各模块提供；日支、日柱近位可提高与亲密关系核心的相关性，但同一source_id不得重复计分。,保护因素必须明确限制过用、补足缺位、恢复顺序、打开反馈、落实改变或完成修复回流；不能只凭五行相生补写现实效果。,近位提高进入亲密关系核心的概率；远位只作背景、阶段或条件性修正。,根气只修正该保护功能是否容易重复调用，不等于现实中已经形成稳定保护。,旺弱只修正调用强度与承载；强不自动有效，弱也不自动无效。,喜忌只修正摩擦、平衡与承载，不可直接翻译为好坏、成熟度或解决方案。,原十神功能有效；真合化成立时按化神功能替换，合化争议时停止定性。,近位提高直接相关性；远位仅保留背景、阶段或低置信修正。,94,靶点匹配+6,buffer_target,DY04专门路由至K04。,这项调节只针对已经确认的K04问题，不作为万能解决办法。,不得仅凭本规则断定问题已经解决、关系必然稳定、用户一定成熟、某十神天然是“药”、喜用神自动等于解决办法，或淡化暴力、强迫与现实伤害；现实行为、反例、安全事实和专业支持优先。,高,待验证,,provisional=true；保护因素的现实有效性必须由可观察行为、反馈和持续结果验证。,0.8
M4-BUFFER-261,DY04 恢复处理顺序｜可用资源,L5 DY01—DY08病药功能,BUFFER-病药接口,通用,资源,DY04 恢复处理顺序,K04；列出可承担该药功能的保护资源。,存在BF02通关、BF08状态分工、明确回访点中的至少一项独立有效资源。,资源弱远、受损、功能错配或只是同源重复。,由共享基础引擎提供；仅修正保护功能的承载、持续调用和压力状态下的稳定性，不直接等同成熟度、道德或现实行为。,由M1／M2接口提供；夫妻星、心动原型和关系门槛只说明关系议题，不单独证明保护因素已经被调用或有效。,由M3-BASE及M4各模块提供；日支、日柱近位可提高与亲密关系核心的相关性，但同一source_id不得重复计分。,保护因素必须明确限制过用、补足缺位、恢复顺序、打开反馈、落实改变或完成修复回流；不能只凭五行相生补写现实效果。,近位提高进入亲密关系核心的概率；远位只作背景、阶段或条件性修正。,根气只修正该保护功能是否容易重复调用，不等于现实中已经形成稳定保护。,旺弱只修正调用强度与承载；强不自动有效，弱也不自动无效。,喜忌只修正摩擦、平衡与承载，不可直接翻译为好坏、成熟度或解决方案。,原十神功能有效；真合化成立时按化神功能替换，合化争议时停止定性。,近位提高直接相关性；远位仅保留背景、阶段或低置信修正。,90,独立资源+6,buffer_factor,可用资源包括：BF02通关、BF08状态分工、明确回访点。,可能帮助你的资源包括：BF02通关、BF08状态分工、明确回访点，但要继续看现实中是否会调用。,不得仅凭本规则断定问题已经解决、关系必然稳定、用户一定成熟、某十神天然是“药”、喜用神自动等于解决办法，或淡化暴力、强迫与现实伤害；现实行为、反例、安全事实和专业支持优先。,中高,待验证,,provisional=true；保护因素的现实有效性必须由可观察行为、反馈和持续结果验证。,0.8
M4-BUFFER-262,DY04 恢复处理顺序｜现实有效标志,L5 DY01—DY08病药功能,BUFFER-病药接口,通用,效果,DY04 恢复处理顺序,K04；判断药功能是否真正改变风险链。,第一步完成后，第二项必要任务能够按时回流。,只调整表面顺序，却没有完成后续必要节点。,由共享基础引擎提供；仅修正保护功能的承载、持续调用和压力状态下的稳定性，不直接等同成熟度、道德或现实行为。,由M1／M2接口提供；夫妻星、心动原型和关系门槛只说明关系议题，不单独证明保护因素已经被调用或有效。,由M3-BASE及M4各模块提供；日支、日柱近位可提高与亲密关系核心的相关性，但同一source_id不得重复计分。,保护因素必须明确限制过用、补足缺位、恢复顺序、打开反馈、落实改变或完成修复回流；不能只凭五行相生补写现实效果。,近位提高进入亲密关系核心的概率；远位只作背景、阶段或条件性修正。,根气只修正该保护功能是否容易重复调用，不等于现实中已经形成稳定保护。,旺弱只修正调用强度与承载；强不自动有效，弱也不自动无效。,喜忌只修正摩擦、平衡与承载，不可直接翻译为好坏、成熟度或解决方案。,原十神功能有效；真合化成立时按化神功能替换，合化争议时停止定性。,近位提高直接相关性；远位仅保留背景、阶段或低置信修正。,92,效果+12,buffer_level,现实有效标志：第一步完成后，第二项必要任务能够按时回流。,真正有效时会看到：第一步完成后，第二项必要任务能够按时回流。,不得仅凭本规则断定问题已经解决、关系必然稳定、用户一定成熟、某十神天然是“药”、喜用神自动等于解决办法，或淡化暴力、强迫与现实伤害；现实行为、反例、安全事实和专业支持优先。,中高,待验证,,provisional=true；保护因素的现实有效性必须由可观察行为、反馈和持续结果验证。,0.8
M4-BUFFER-263,DY04 恢复处理顺序｜无效／过量边界,L5 DY01—DY08病药功能,BUFFER-病药接口,通用,降级,DY04 恢复处理顺序,K04；防止药功能变成新的失衡。,只调整表面顺序，却没有完成后续必要节点。,第一步完成后，第二项必要任务能够按时回流。,由共享基础引擎提供；仅修正保护功能的承载、持续调用和压力状态下的稳定性，不直接等同成熟度、道德或现实行为。,由M1／M2接口提供；夫妻星、心动原型和关系门槛只说明关系议题，不单独证明保护因素已经被调用或有效。,由M3-BASE及M4各模块提供；日支、日柱近位可提高与亲密关系核心的相关性，但同一source_id不得重复计分。,保护因素必须明确限制过用、补足缺位、恢复顺序、打开反馈、落实改变或完成修复回流；不能只凭五行相生补写现实效果。,近位提高进入亲密关系核心的概率；远位只作背景、阶段或条件性修正。,根气只修正该保护功能是否容易重复调用，不等于现实中已经形成稳定保护。,旺弱只修正调用强度与承载；强不自动有效，弱也不自动无效。,喜忌只修正摩擦、平衡与承载，不可直接翻译为好坏、成熟度或解决方案。,原十神功能有效；真合化成立时按化神功能替换，合化争议时停止定性。,近位提高直接相关性；远位仅保留背景、阶段或低置信修正。,97,无效-10,pseudo_buffer,失效或过量表现：只调整表面顺序，却没有完成后续必要节点。,若只是“只调整表面顺序，却没有完成后续必要节点。”，就不能把它视为有效调节。,不得仅凭本规则断定问题已经解决、关系必然稳定、用户一定成熟、某十神天然是“药”、喜用神自动等于解决办法，或淡化暴力、强迫与现实伤害；现实行为、反例、安全事实和专业支持优先。,高,待验证,,provisional=true；保护因素的现实有效性必须由可观察行为、反馈和持续结果验证。,0.8
M4-BUFFER-264,DY04 恢复处理顺序｜用户输出,L5 DY01—DY08病药功能,BUFFER-病药接口,通用,语言,DY04 恢复处理顺序,K04；生成病药功能语言。,K04成立且存在匹配资源。,只调整表面顺序，却没有完成后续必要节点。,由共享基础引擎提供；仅修正保护功能的承载、持续调用和压力状态下的稳定性，不直接等同成熟度、道德或现实行为。,由M1／M2接口提供；夫妻星、心动原型和关系门槛只说明关系议题，不单独证明保护因素已经被调用或有效。,由M3-BASE及M4各模块提供；日支、日柱近位可提高与亲密关系核心的相关性，但同一source_id不得重复计分。,保护因素必须明确限制过用、补足缺位、恢复顺序、打开反馈、落实改变或完成修复回流；不能只凭五行相生补写现实效果。,近位提高进入亲密关系核心的概率；远位只作背景、阶段或条件性修正。,根气只修正该保护功能是否容易重复调用，不等于现实中已经形成稳定保护。,旺弱只修正调用强度与承载；强不自动有效，弱也不自动无效。,喜忌只修正摩擦、平衡与承载，不可直接翻译为好坏、成熟度或解决方案。,原十神功能有效；真合化成立时按化神功能替换，合化争议时停止定性。,近位提高直接相关性；远位仅保留背景、阶段或低置信修正。,84,不加分；输出,report_text,病是K04所描述的功能失衡；药是能够让两项已有功能在更合适的先后与阶段进入的具体功能。,你需要补上的不是一个抽象标签，而是：让两项已有功能在更合适的先后与阶段进入。,不得仅凭本规则断定问题已经解决、关系必然稳定、用户一定成熟、某十神天然是“药”、喜用神自动等于解决办法，或淡化暴力、强迫与现实伤害；现实行为、反例、安全事实和专业支持优先。,中高,待验证,,provisional=true；保护因素的现实有效性必须由可观察行为、反馈和持续结果验证。,0.8
M4-BUFFER-265,DY05 调停双通道竞争｜功能定义,L5 DY01—DY08病药功能,BUFFER-病药接口,通用,定义,DY05 调停双通道竞争,K05；定义病药接口中的功能任务。,已经确认K05机制或相应修复断点。,没有具体失衡靶点。,由共享基础引擎提供；仅修正保护功能的承载、持续调用和压力状态下的稳定性，不直接等同成熟度、道德或现实行为。,由M1／M2接口提供；夫妻星、心动原型和关系门槛只说明关系议题，不单独证明保护因素已经被调用或有效。,由M3-BASE及M4各模块提供；日支、日柱近位可提高与亲密关系核心的相关性，但同一source_id不得重复计分。,保护因素必须明确限制过用、补足缺位、恢复顺序、打开反馈、落实改变或完成修复回流；不能只凭五行相生补写现实效果。,近位提高进入亲密关系核心的概率；远位只作背景、阶段或条件性修正。,根气只修正该保护功能是否容易重复调用，不等于现实中已经形成稳定保护。,旺弱只修正调用强度与承载；强不自动有效，弱也不自动无效。,喜忌只修正摩擦、平衡与承载，不可直接翻译为好坏、成熟度或解决方案。,原十神功能有效；真合化成立时按化神功能替换，合化争议时停止定性。,近位提高直接相关性；远位仅保留背景、阶段或低置信修正。,95,功能定义,medicine_function,调停双通道竞争的目标是：为两项合理功能建立分工、优先级和共同决策。,这里需要的不是增加某个五行，而是完成“为两项合理功能建立分工、优先级和共同决策”这项具体功能。,不得仅凭本规则断定问题已经解决、关系必然稳定、用户一定成熟、某十神天然是“药”、喜用神自动等于解决办法，或淡化暴力、强迫与现实伤害；现实行为、反例、安全事实和专业支持优先。,高,待验证,,provisional=true；保护因素的现实有效性必须由可观察行为、反馈和持续结果验证。,0.8
M4-BUFFER-266,DY05 调停双通道竞争｜诊断靶点,L5 DY01—DY08病药功能,BUFFER-病药接口,通用,路由,DY05 调停双通道竞争,K05；将药功能对应到明确K机制。,K05已经达到E1或以上，且同源去重完成。,只有十神旺弱标签，未说明关系任务。,由共享基础引擎提供；仅修正保护功能的承载、持续调用和压力状态下的稳定性，不直接等同成熟度、道德或现实行为。,由M1／M2接口提供；夫妻星、心动原型和关系门槛只说明关系议题，不单独证明保护因素已经被调用或有效。,由M3-BASE及M4各模块提供；日支、日柱近位可提高与亲密关系核心的相关性，但同一source_id不得重复计分。,保护因素必须明确限制过用、补足缺位、恢复顺序、打开反馈、落实改变或完成修复回流；不能只凭五行相生补写现实效果。,近位提高进入亲密关系核心的概率；远位只作背景、阶段或条件性修正。,根气只修正该保护功能是否容易重复调用，不等于现实中已经形成稳定保护。,旺弱只修正调用强度与承载；强不自动有效，弱也不自动无效。,喜忌只修正摩擦、平衡与承载，不可直接翻译为好坏、成熟度或解决方案。,原十神功能有效；真合化成立时按化神功能替换，合化争议时停止定性。,近位提高直接相关性；远位仅保留背景、阶段或低置信修正。,94,靶点匹配+6,buffer_target,DY05专门路由至K05。,这项调节只针对已经确认的K05问题，不作为万能解决办法。,不得仅凭本规则断定问题已经解决、关系必然稳定、用户一定成熟、某十神天然是“药”、喜用神自动等于解决办法，或淡化暴力、强迫与现实伤害；现实行为、反例、安全事实和专业支持优先。,高,待验证,,provisional=true；保护因素的现实有效性必须由可观察行为、反馈和持续结果验证。,0.8
M4-BUFFER-267,DY05 调停双通道竞争｜可用资源,L5 DY01—DY08病药功能,BUFFER-病药接口,通用,资源,DY05 调停双通道竞争,K05；列出可承担该药功能的保护资源。,存在BF03独立边界、BF05反馈、最小共同规则中的至少一项独立有效资源。,资源弱远、受损、功能错配或只是同源重复。,由共享基础引擎提供；仅修正保护功能的承载、持续调用和压力状态下的稳定性，不直接等同成熟度、道德或现实行为。,由M1／M2接口提供；夫妻星、心动原型和关系门槛只说明关系议题，不单独证明保护因素已经被调用或有效。,由M3-BASE及M4各模块提供；日支、日柱近位可提高与亲密关系核心的相关性，但同一source_id不得重复计分。,保护因素必须明确限制过用、补足缺位、恢复顺序、打开反馈、落实改变或完成修复回流；不能只凭五行相生补写现实效果。,近位提高进入亲密关系核心的概率；远位只作背景、阶段或条件性修正。,根气只修正该保护功能是否容易重复调用，不等于现实中已经形成稳定保护。,旺弱只修正调用强度与承载；强不自动有效，弱也不自动无效。,喜忌只修正摩擦、平衡与承载，不可直接翻译为好坏、成熟度或解决方案。,原十神功能有效；真合化成立时按化神功能替换，合化争议时停止定性。,近位提高直接相关性；远位仅保留背景、阶段或低置信修正。,90,独立资源+6,buffer_factor,可用资源包括：BF03独立边界、BF05反馈、最小共同规则。,可能帮助你的资源包括：BF03独立边界、BF05反馈、最小共同规则，但要继续看现实中是否会调用。,不得仅凭本规则断定问题已经解决、关系必然稳定、用户一定成熟、某十神天然是“药”、喜用神自动等于解决办法，或淡化暴力、强迫与现实伤害；现实行为、反例、安全事实和专业支持优先。,中高,待验证,,provisional=true；保护因素的现实有效性必须由可观察行为、反馈和持续结果验证。,0.8
M4-BUFFER-268,DY05 调停双通道竞争｜现实有效标志,L5 DY01—DY08病药功能,BUFFER-病药接口,通用,效果,DY05 调停双通道竞争,K05；判断药功能是否真正改变风险链。,两项功能不再抢占同一位置，而是各自负责不同任务或阶段。,机械折中、平均分配，或由一方长期压制另一方。,由共享基础引擎提供；仅修正保护功能的承载、持续调用和压力状态下的稳定性，不直接等同成熟度、道德或现实行为。,由M1／M2接口提供；夫妻星、心动原型和关系门槛只说明关系议题，不单独证明保护因素已经被调用或有效。,由M3-BASE及M4各模块提供；日支、日柱近位可提高与亲密关系核心的相关性，但同一source_id不得重复计分。,保护因素必须明确限制过用、补足缺位、恢复顺序、打开反馈、落实改变或完成修复回流；不能只凭五行相生补写现实效果。,近位提高进入亲密关系核心的概率；远位只作背景、阶段或条件性修正。,根气只修正该保护功能是否容易重复调用，不等于现实中已经形成稳定保护。,旺弱只修正调用强度与承载；强不自动有效，弱也不自动无效。,喜忌只修正摩擦、平衡与承载，不可直接翻译为好坏、成熟度或解决方案。,原十神功能有效；真合化成立时按化神功能替换，合化争议时停止定性。,近位提高直接相关性；远位仅保留背景、阶段或低置信修正。,92,效果+12,buffer_level,现实有效标志：两项功能不再抢占同一位置，而是各自负责不同任务或阶段。,真正有效时会看到：两项功能不再抢占同一位置，而是各自负责不同任务或阶段。,不得仅凭本规则断定问题已经解决、关系必然稳定、用户一定成熟、某十神天然是“药”、喜用神自动等于解决办法，或淡化暴力、强迫与现实伤害；现实行为、反例、安全事实和专业支持优先。,中高,待验证,,provisional=true；保护因素的现实有效性必须由可观察行为、反馈和持续结果验证。,0.8
M4-BUFFER-269,DY05 调停双通道竞争｜无效／过量边界,L5 DY01—DY08病药功能,BUFFER-病药接口,通用,降级,DY05 调停双通道竞争,K05；防止药功能变成新的失衡。,机械折中、平均分配，或由一方长期压制另一方。,两项功能不再抢占同一位置，而是各自负责不同任务或阶段。,由共享基础引擎提供；仅修正保护功能的承载、持续调用和压力状态下的稳定性，不直接等同成熟度、道德或现实行为。,由M1／M2接口提供；夫妻星、心动原型和关系门槛只说明关系议题，不单独证明保护因素已经被调用或有效。,由M3-BASE及M4各模块提供；日支、日柱近位可提高与亲密关系核心的相关性，但同一source_id不得重复计分。,保护因素必须明确限制过用、补足缺位、恢复顺序、打开反馈、落实改变或完成修复回流；不能只凭五行相生补写现实效果。,近位提高进入亲密关系核心的概率；远位只作背景、阶段或条件性修正。,根气只修正该保护功能是否容易重复调用，不等于现实中已经形成稳定保护。,旺弱只修正调用强度与承载；强不自动有效，弱也不自动无效。,喜忌只修正摩擦、平衡与承载，不可直接翻译为好坏、成熟度或解决方案。,原十神功能有效；真合化成立时按化神功能替换，合化争议时停止定性。,近位提高直接相关性；远位仅保留背景、阶段或低置信修正。,97,无效-10,pseudo_buffer,失效或过量表现：机械折中、平均分配，或由一方长期压制另一方。,若只是“机械折中、平均分配，或由一方长期压制另一方。”，就不能把它视为有效调节。,不得仅凭本规则断定问题已经解决、关系必然稳定、用户一定成熟、某十神天然是“药”、喜用神自动等于解决办法，或淡化暴力、强迫与现实伤害；现实行为、反例、安全事实和专业支持优先。,高,待验证,,provisional=true；保护因素的现实有效性必须由可观察行为、反馈和持续结果验证。,0.8
M4-BUFFER-270,DY05 调停双通道竞争｜用户输出,L5 DY01—DY08病药功能,BUFFER-病药接口,通用,语言,DY05 调停双通道竞争,K05；生成病药功能语言。,K05成立且存在匹配资源。,机械折中、平均分配，或由一方长期压制另一方。,由共享基础引擎提供；仅修正保护功能的承载、持续调用和压力状态下的稳定性，不直接等同成熟度、道德或现实行为。,由M1／M2接口提供；夫妻星、心动原型和关系门槛只说明关系议题，不单独证明保护因素已经被调用或有效。,由M3-BASE及M4各模块提供；日支、日柱近位可提高与亲密关系核心的相关性，但同一source_id不得重复计分。,保护因素必须明确限制过用、补足缺位、恢复顺序、打开反馈、落实改变或完成修复回流；不能只凭五行相生补写现实效果。,近位提高进入亲密关系核心的概率；远位只作背景、阶段或条件性修正。,根气只修正该保护功能是否容易重复调用，不等于现实中已经形成稳定保护。,旺弱只修正调用强度与承载；强不自动有效，弱也不自动无效。,喜忌只修正摩擦、平衡与承载，不可直接翻译为好坏、成熟度或解决方案。,原十神功能有效；真合化成立时按化神功能替换，合化争议时停止定性。,近位提高直接相关性；远位仅保留背景、阶段或低置信修正。,84,不加分；输出,report_text,病是K05所描述的功能失衡；药是能够为两项合理功能建立分工、优先级和共同决策的具体功能。,你需要补上的不是一个抽象标签，而是：为两项合理功能建立分工、优先级和共同决策。,不得仅凭本规则断定问题已经解决、关系必然稳定、用户一定成熟、某十神天然是“药”、喜用神自动等于解决办法，或淡化暴力、强迫与现实伤害；现实行为、反例、安全事实和专业支持优先。,中高,待验证,,provisional=true；保护因素的现实有效性必须由可观察行为、反馈和持续结果验证。,0.8
M4-BUFFER-271,DY06 打通功能转换｜功能定义,L5 DY01—DY08病药功能,BUFFER-病药接口,通用,定义,DY06 打通功能转换,K06；定义病药接口中的功能任务。,已经确认K06机制或相应修复断点。,没有具体失衡靶点。,由共享基础引擎提供；仅修正保护功能的承载、持续调用和压力状态下的稳定性，不直接等同成熟度、道德或现实行为。,由M1／M2接口提供；夫妻星、心动原型和关系门槛只说明关系议题，不单独证明保护因素已经被调用或有效。,由M3-BASE及M4各模块提供；日支、日柱近位可提高与亲密关系核心的相关性，但同一source_id不得重复计分。,保护因素必须明确限制过用、补足缺位、恢复顺序、打开反馈、落实改变或完成修复回流；不能只凭五行相生补写现实效果。,近位提高进入亲密关系核心的概率；远位只作背景、阶段或条件性修正。,根气只修正该保护功能是否容易重复调用，不等于现实中已经形成稳定保护。,旺弱只修正调用强度与承载；强不自动有效，弱也不自动无效。,喜忌只修正摩擦、平衡与承载，不可直接翻译为好坏、成熟度或解决方案。,原十神功能有效；真合化成立时按化神功能替换，合化争议时停止定性。,近位提高直接相关性；远位仅保留背景、阶段或低置信修正。,95,功能定义,medicine_function,打通功能转换的目标是：让已完成的第一步转成下一项必要功能。,这里需要的不是增加某个五行，而是完成“让已完成的第一步转成下一项必要功能”这项具体功能。,不得仅凭本规则断定问题已经解决、关系必然稳定、用户一定成熟、某十神天然是“药”、喜用神自动等于解决办法，或淡化暴力、强迫与现实伤害；现实行为、反例、安全事实和专业支持优先。,高,待验证,,provisional=true；保护因素的现实有效性必须由可观察行为、反馈和持续结果验证。,0.8
M4-BUFFER-272,DY06 打通功能转换｜诊断靶点,L5 DY01—DY08病药功能,BUFFER-病药接口,通用,路由,DY06 打通功能转换,K06；将药功能对应到明确K机制。,K06已经达到E1或以上，且同源去重完成。,只有十神旺弱标签，未说明关系任务。,由共享基础引擎提供；仅修正保护功能的承载、持续调用和压力状态下的稳定性，不直接等同成熟度、道德或现实行为。,由M1／M2接口提供；夫妻星、心动原型和关系门槛只说明关系议题，不单独证明保护因素已经被调用或有效。,由M3-BASE及M4各模块提供；日支、日柱近位可提高与亲密关系核心的相关性，但同一source_id不得重复计分。,保护因素必须明确限制过用、补足缺位、恢复顺序、打开反馈、落实改变或完成修复回流；不能只凭五行相生补写现实效果。,近位提高进入亲密关系核心的概率；远位只作背景、阶段或条件性修正。,根气只修正该保护功能是否容易重复调用，不等于现实中已经形成稳定保护。,旺弱只修正调用强度与承载；强不自动有效，弱也不自动无效。,喜忌只修正摩擦、平衡与承载，不可直接翻译为好坏、成熟度或解决方案。,原十神功能有效；真合化成立时按化神功能替换，合化争议时停止定性。,近位提高直接相关性；远位仅保留背景、阶段或低置信修正。,94,靶点匹配+6,buffer_target,DY06专门路由至K06。,这项调节只针对已经确认的K06问题，不作为万能解决办法。,不得仅凭本规则断定问题已经解决、关系必然稳定、用户一定成熟、某十神天然是“药”、喜用神自动等于解决办法，或淡化暴力、强迫与现实伤害；现实行为、反例、安全事实和专业支持优先。,高,待验证,,provisional=true；保护因素的现实有效性必须由可观察行为、反馈和持续结果验证。,0.8
M4-BUFFER-273,DY06 打通功能转换｜可用资源,L5 DY01—DY08病药功能,BUFFER-病药接口,通用,资源,DY06 打通功能转换,K06；列出可承担该药功能的保护资源。,存在BF02跨系统通关、BF06现实兑现、BF05反馈中的至少一项独立有效资源。,资源弱远、受损、功能错配或只是同源重复。,由共享基础引擎提供；仅修正保护功能的承载、持续调用和压力状态下的稳定性，不直接等同成熟度、道德或现实行为。,由M1／M2接口提供；夫妻星、心动原型和关系门槛只说明关系议题，不单独证明保护因素已经被调用或有效。,由M3-BASE及M4各模块提供；日支、日柱近位可提高与亲密关系核心的相关性，但同一source_id不得重复计分。,保护因素必须明确限制过用、补足缺位、恢复顺序、打开反馈、落实改变或完成修复回流；不能只凭五行相生补写现实效果。,近位提高进入亲密关系核心的概率；远位只作背景、阶段或条件性修正。,根气只修正该保护功能是否容易重复调用，不等于现实中已经形成稳定保护。,旺弱只修正调用强度与承载；强不自动有效，弱也不自动无效。,喜忌只修正摩擦、平衡与承载，不可直接翻译为好坏、成熟度或解决方案。,原十神功能有效；真合化成立时按化神功能替换，合化争议时停止定性。,近位提高直接相关性；远位仅保留背景、阶段或低置信修正。,90,独立资源+6,buffer_factor,可用资源包括：BF02跨系统通关、BF06现实兑现、BF05反馈。,可能帮助你的资源包括：BF02跨系统通关、BF06现实兑现、BF05反馈，但要继续看现实中是否会调用。,不得仅凭本规则断定问题已经解决、关系必然稳定、用户一定成熟、某十神天然是“药”、喜用神自动等于解决办法，或淡化暴力、强迫与现实伤害；现实行为、反例、安全事实和专业支持优先。,中高,待验证,,provisional=true；保护因素的现实有效性必须由可观察行为、反馈和持续结果验证。,0.8
M4-BUFFER-274,DY06 打通功能转换｜现实有效标志,L5 DY01—DY08病药功能,BUFFER-病药接口,通用,效果,DY06 打通功能转换,K06；判断药功能是否真正改变风险链。,理解转成边界、表达转成行动、投入转成责任、责任转成安全。,只存在桥梁标签，现实中没有转换结果。,由共享基础引擎提供；仅修正保护功能的承载、持续调用和压力状态下的稳定性，不直接等同成熟度、道德或现实行为。,由M1／M2接口提供；夫妻星、心动原型和关系门槛只说明关系议题，不单独证明保护因素已经被调用或有效。,由M3-BASE及M4各模块提供；日支、日柱近位可提高与亲密关系核心的相关性，但同一source_id不得重复计分。,保护因素必须明确限制过用、补足缺位、恢复顺序、打开反馈、落实改变或完成修复回流；不能只凭五行相生补写现实效果。,近位提高进入亲密关系核心的概率；远位只作背景、阶段或条件性修正。,根气只修正该保护功能是否容易重复调用，不等于现实中已经形成稳定保护。,旺弱只修正调用强度与承载；强不自动有效，弱也不自动无效。,喜忌只修正摩擦、平衡与承载，不可直接翻译为好坏、成熟度或解决方案。,原十神功能有效；真合化成立时按化神功能替换，合化争议时停止定性。,近位提高直接相关性；远位仅保留背景、阶段或低置信修正。,92,效果+12,buffer_level,现实有效标志：理解转成边界、表达转成行动、投入转成责任、责任转成安全。,真正有效时会看到：理解转成边界、表达转成行动、投入转成责任、责任转成安全。,不得仅凭本规则断定问题已经解决、关系必然稳定、用户一定成熟、某十神天然是“药”、喜用神自动等于解决办法，或淡化暴力、强迫与现实伤害；现实行为、反例、安全事实和专业支持优先。,中高,待验证,,provisional=true；保护因素的现实有效性必须由可观察行为、反馈和持续结果验证。,0.8
M4-BUFFER-275,DY06 打通功能转换｜无效／过量边界,L5 DY01—DY08病药功能,BUFFER-病药接口,通用,降级,DY06 打通功能转换,K06；防止药功能变成新的失衡。,只存在桥梁标签，现实中没有转换结果。,理解转成边界、表达转成行动、投入转成责任、责任转成安全。,由共享基础引擎提供；仅修正保护功能的承载、持续调用和压力状态下的稳定性，不直接等同成熟度、道德或现实行为。,由M1／M2接口提供；夫妻星、心动原型和关系门槛只说明关系议题，不单独证明保护因素已经被调用或有效。,由M3-BASE及M4各模块提供；日支、日柱近位可提高与亲密关系核心的相关性，但同一source_id不得重复计分。,保护因素必须明确限制过用、补足缺位、恢复顺序、打开反馈、落实改变或完成修复回流；不能只凭五行相生补写现实效果。,近位提高进入亲密关系核心的概率；远位只作背景、阶段或条件性修正。,根气只修正该保护功能是否容易重复调用，不等于现实中已经形成稳定保护。,旺弱只修正调用强度与承载；强不自动有效，弱也不自动无效。,喜忌只修正摩擦、平衡与承载，不可直接翻译为好坏、成熟度或解决方案。,原十神功能有效；真合化成立时按化神功能替换，合化争议时停止定性。,近位提高直接相关性；远位仅保留背景、阶段或低置信修正。,97,无效-10,pseudo_buffer,失效或过量表现：只存在桥梁标签，现实中没有转换结果。,若只是“只存在桥梁标签，现实中没有转换结果。”，就不能把它视为有效调节。,不得仅凭本规则断定问题已经解决、关系必然稳定、用户一定成熟、某十神天然是“药”、喜用神自动等于解决办法，或淡化暴力、强迫与现实伤害；现实行为、反例、安全事实和专业支持优先。,高,待验证,,provisional=true；保护因素的现实有效性必须由可观察行为、反馈和持续结果验证。,0.8
M4-BUFFER-276,DY06 打通功能转换｜用户输出,L5 DY01—DY08病药功能,BUFFER-病药接口,通用,语言,DY06 打通功能转换,K06；生成病药功能语言。,K06成立且存在匹配资源。,只存在桥梁标签，现实中没有转换结果。,由共享基础引擎提供；仅修正保护功能的承载、持续调用和压力状态下的稳定性，不直接等同成熟度、道德或现实行为。,由M1／M2接口提供；夫妻星、心动原型和关系门槛只说明关系议题，不单独证明保护因素已经被调用或有效。,由M3-BASE及M4各模块提供；日支、日柱近位可提高与亲密关系核心的相关性，但同一source_id不得重复计分。,保护因素必须明确限制过用、补足缺位、恢复顺序、打开反馈、落实改变或完成修复回流；不能只凭五行相生补写现实效果。,近位提高进入亲密关系核心的概率；远位只作背景、阶段或条件性修正。,根气只修正该保护功能是否容易重复调用，不等于现实中已经形成稳定保护。,旺弱只修正调用强度与承载；强不自动有效，弱也不自动无效。,喜忌只修正摩擦、平衡与承载，不可直接翻译为好坏、成熟度或解决方案。,原十神功能有效；真合化成立时按化神功能替换，合化争议时停止定性。,近位提高直接相关性；远位仅保留背景、阶段或低置信修正。,84,不加分；输出,report_text,病是K06所描述的功能失衡；药是能够让已完成的第一步转成下一项必要功能的具体功能。,你需要补上的不是一个抽象标签，而是：让已完成的第一步转成下一项必要功能。,不得仅凭本规则断定问题已经解决、关系必然稳定、用户一定成熟、某十神天然是“药”、喜用神自动等于解决办法，或淡化暴力、强迫与现实伤害；现实行为、反例、安全事实和专业支持优先。,中高,待验证,,provisional=true；保护因素的现实有效性必须由可观察行为、反馈和持续结果验证。,0.8
M4-BUFFER-277,DY07 中断反馈放大｜功能定义,L5 DY01—DY08病药功能,BUFFER-病药接口,通用,定义,DY07 中断反馈放大,K07；定义病药接口中的功能任务。,已经确认K07机制或相应修复断点。,没有具体失衡靶点。,由共享基础引擎提供；仅修正保护功能的承载、持续调用和压力状态下的稳定性，不直接等同成熟度、道德或现实行为。,由M1／M2接口提供；夫妻星、心动原型和关系门槛只说明关系议题，不单独证明保护因素已经被调用或有效。,由M3-BASE及M4各模块提供；日支、日柱近位可提高与亲密关系核心的相关性，但同一source_id不得重复计分。,保护因素必须明确限制过用、补足缺位、恢复顺序、打开反馈、落实改变或完成修复回流；不能只凭五行相生补写现实效果。,近位提高进入亲密关系核心的概率；远位只作背景、阶段或条件性修正。,根气只修正该保护功能是否容易重复调用，不等于现实中已经形成稳定保护。,旺弱只修正调用强度与承载；强不自动有效，弱也不自动无效。,喜忌只修正摩擦、平衡与承载，不可直接翻译为好坏、成熟度或解决方案。,原十神功能有效；真合化成立时按化神功能替换，合化争议时停止定性。,近位提高直接相关性；远位仅保留背景、阶段或低置信修正。,95,功能定义,medicine_function,中断反馈放大的目标是：在对方反馈被误读并推动原反应加码前加入复核与选择。,这里需要的不是增加某个五行，而是完成“在对方反馈被误读并推动原反应加码前加入复核与选择”这项具体功能。,不得仅凭本规则断定问题已经解决、关系必然稳定、用户一定成熟、某十神天然是“药”、喜用神自动等于解决办法，或淡化暴力、强迫与现实伤害；现实行为、反例、安全事实和专业支持优先。,高,待验证,,provisional=true；保护因素的现实有效性必须由可观察行为、反馈和持续结果验证。,0.8
M4-BUFFER-278,DY07 中断反馈放大｜诊断靶点,L5 DY01—DY08病药功能,BUFFER-病药接口,通用,路由,DY07 中断反馈放大,K07；将药功能对应到明确K机制。,K07已经达到E1或以上，且同源去重完成。,只有十神旺弱标签，未说明关系任务。,由共享基础引擎提供；仅修正保护功能的承载、持续调用和压力状态下的稳定性，不直接等同成熟度、道德或现实行为。,由M1／M2接口提供；夫妻星、心动原型和关系门槛只说明关系议题，不单独证明保护因素已经被调用或有效。,由M3-BASE及M4各模块提供；日支、日柱近位可提高与亲密关系核心的相关性，但同一source_id不得重复计分。,保护因素必须明确限制过用、补足缺位、恢复顺序、打开反馈、落实改变或完成修复回流；不能只凭五行相生补写现实效果。,近位提高进入亲密关系核心的概率；远位只作背景、阶段或条件性修正。,根气只修正该保护功能是否容易重复调用，不等于现实中已经形成稳定保护。,旺弱只修正调用强度与承载；强不自动有效，弱也不自动无效。,喜忌只修正摩擦、平衡与承载，不可直接翻译为好坏、成熟度或解决方案。,原十神功能有效；真合化成立时按化神功能替换，合化争议时停止定性。,近位提高直接相关性；远位仅保留背景、阶段或低置信修正。,94,靶点匹配+6,buffer_target,DY07专门路由至K07。,这项调节只针对已经确认的K07问题，不作为万能解决办法。,不得仅凭本规则断定问题已经解决、关系必然稳定、用户一定成熟、某十神天然是“药”、喜用神自动等于解决办法，或淡化暴力、强迫与现实伤害；现实行为、反例、安全事实和专业支持优先。,高,待验证,,provisional=true；保护因素的现实有效性必须由可观察行为、反馈和持续结果验证。,0.8
M4-BUFFER-279,DY07 中断反馈放大｜可用资源,L5 DY01—DY08病药功能,BUFFER-病药接口,通用,资源,DY07 中断反馈放大,K07；列出可承担该药功能的保护资源。,存在BF04倾听复核、BF05反馈、BF08状态识别中的至少一项独立有效资源。,资源弱远、受损、功能错配或只是同源重复。,由共享基础引擎提供；仅修正保护功能的承载、持续调用和压力状态下的稳定性，不直接等同成熟度、道德或现实行为。,由M1／M2接口提供；夫妻星、心动原型和关系门槛只说明关系议题，不单独证明保护因素已经被调用或有效。,由M3-BASE及M4各模块提供；日支、日柱近位可提高与亲密关系核心的相关性，但同一source_id不得重复计分。,保护因素必须明确限制过用、补足缺位、恢复顺序、打开反馈、落实改变或完成修复回流；不能只凭五行相生补写现实效果。,近位提高进入亲密关系核心的概率；远位只作背景、阶段或条件性修正。,根气只修正该保护功能是否容易重复调用，不等于现实中已经形成稳定保护。,旺弱只修正调用强度与承载；强不自动有效，弱也不自动无效。,喜忌只修正摩擦、平衡与承载，不可直接翻译为好坏、成熟度或解决方案。,原十神功能有效；真合化成立时按化神功能替换，合化争议时停止定性。,近位提高直接相关性；远位仅保留背景、阶段或低置信修正。,90,独立资源+6,buffer_factor,可用资源包括：BF04倾听复核、BF05反馈、BF08状态识别。,可能帮助你的资源包括：BF04倾听复核、BF05反馈、BF08状态识别，但要继续看现实中是否会调用。,不得仅凭本规则断定问题已经解决、关系必然稳定、用户一定成熟、某十神天然是“药”、喜用神自动等于解决办法，或淡化暴力、强迫与现实伤害；现实行为、反例、安全事实和专业支持优先。,中高,待验证,,provisional=true；保护因素的现实有效性必须由可观察行为、反馈和持续结果验证。,0.8
M4-BUFFER-280,DY07 中断反馈放大｜现实有效标志,L5 DY01—DY08病药功能,BUFFER-病药接口,通用,效果,DY07 中断反馈放大,K07；判断药功能是否真正改变风险链。,反馈被当作新信息，而不是自动证明原判断。,继续猜测动机、扩大解释或推进，未核对可观察事实。,由共享基础引擎提供；仅修正保护功能的承载、持续调用和压力状态下的稳定性，不直接等同成熟度、道德或现实行为。,由M1／M2接口提供；夫妻星、心动原型和关系门槛只说明关系议题，不单独证明保护因素已经被调用或有效。,由M3-BASE及M4各模块提供；日支、日柱近位可提高与亲密关系核心的相关性，但同一source_id不得重复计分。,保护因素必须明确限制过用、补足缺位、恢复顺序、打开反馈、落实改变或完成修复回流；不能只凭五行相生补写现实效果。,近位提高进入亲密关系核心的概率；远位只作背景、阶段或条件性修正。,根气只修正该保护功能是否容易重复调用，不等于现实中已经形成稳定保护。,旺弱只修正调用强度与承载；强不自动有效，弱也不自动无效。,喜忌只修正摩擦、平衡与承载，不可直接翻译为好坏、成熟度或解决方案。,原十神功能有效；真合化成立时按化神功能替换，合化争议时停止定性。,近位提高直接相关性；远位仅保留背景、阶段或低置信修正。,92,效果+12,buffer_level,现实有效标志：反馈被当作新信息，而不是自动证明原判断。,真正有效时会看到：反馈被当作新信息，而不是自动证明原判断。,不得仅凭本规则断定问题已经解决、关系必然稳定、用户一定成熟、某十神天然是“药”、喜用神自动等于解决办法，或淡化暴力、强迫与现实伤害；现实行为、反例、安全事实和专业支持优先。,中高,待验证,,provisional=true；保护因素的现实有效性必须由可观察行为、反馈和持续结果验证。,0.8
M4-BUFFER-281,DY07 中断反馈放大｜无效／过量边界,L5 DY01—DY08病药功能,BUFFER-病药接口,通用,降级,DY07 中断反馈放大,K07；防止药功能变成新的失衡。,继续猜测动机、扩大解释或推进，未核对可观察事实。,反馈被当作新信息，而不是自动证明原判断。,由共享基础引擎提供；仅修正保护功能的承载、持续调用和压力状态下的稳定性，不直接等同成熟度、道德或现实行为。,由M1／M2接口提供；夫妻星、心动原型和关系门槛只说明关系议题，不单独证明保护因素已经被调用或有效。,由M3-BASE及M4各模块提供；日支、日柱近位可提高与亲密关系核心的相关性，但同一source_id不得重复计分。,保护因素必须明确限制过用、补足缺位、恢复顺序、打开反馈、落实改变或完成修复回流；不能只凭五行相生补写现实效果。,近位提高进入亲密关系核心的概率；远位只作背景、阶段或条件性修正。,根气只修正该保护功能是否容易重复调用，不等于现实中已经形成稳定保护。,旺弱只修正调用强度与承载；强不自动有效，弱也不自动无效。,喜忌只修正摩擦、平衡与承载，不可直接翻译为好坏、成熟度或解决方案。,原十神功能有效；真合化成立时按化神功能替换，合化争议时停止定性。,近位提高直接相关性；远位仅保留背景、阶段或低置信修正。,97,无效-10,pseudo_buffer,失效或过量表现：继续猜测动机、扩大解释或推进，未核对可观察事实。,若只是“继续猜测动机、扩大解释或推进，未核对可观察事实。”，就不能把它视为有效调节。,不得仅凭本规则断定问题已经解决、关系必然稳定、用户一定成熟、某十神天然是“药”、喜用神自动等于解决办法，或淡化暴力、强迫与现实伤害；现实行为、反例、安全事实和专业支持优先。,高,待验证,,provisional=true；保护因素的现实有效性必须由可观察行为、反馈和持续结果验证。,0.8
M4-BUFFER-282,DY07 中断反馈放大｜用户输出,L5 DY01—DY08病药功能,BUFFER-病药接口,通用,语言,DY07 中断反馈放大,K07；生成病药功能语言。,K07成立且存在匹配资源。,继续猜测动机、扩大解释或推进，未核对可观察事实。,由共享基础引擎提供；仅修正保护功能的承载、持续调用和压力状态下的稳定性，不直接等同成熟度、道德或现实行为。,由M1／M2接口提供；夫妻星、心动原型和关系门槛只说明关系议题，不单独证明保护因素已经被调用或有效。,由M3-BASE及M4各模块提供；日支、日柱近位可提高与亲密关系核心的相关性，但同一source_id不得重复计分。,保护因素必须明确限制过用、补足缺位、恢复顺序、打开反馈、落实改变或完成修复回流；不能只凭五行相生补写现实效果。,近位提高进入亲密关系核心的概率；远位只作背景、阶段或条件性修正。,根气只修正该保护功能是否容易重复调用，不等于现实中已经形成稳定保护。,旺弱只修正调用强度与承载；强不自动有效，弱也不自动无效。,喜忌只修正摩擦、平衡与承载，不可直接翻译为好坏、成熟度或解决方案。,原十神功能有效；真合化成立时按化神功能替换，合化争议时停止定性。,近位提高直接相关性；远位仅保留背景、阶段或低置信修正。,84,不加分；输出,report_text,病是K07所描述的功能失衡；药是能够在对方反馈被误读并推动原反应加码前加入复核与选择的具体功能。,你需要补上的不是一个抽象标签，而是：在对方反馈被误读并推动原反应加码前加入复核与选择。,不得仅凭本规则断定问题已经解决、关系必然稳定、用户一定成熟、某十神天然是“药”、喜用神自动等于解决办法，或淡化暴力、强迫与现实伤害；现实行为、反例、安全事实和专业支持优先。,中高,待验证,,provisional=true；保护因素的现实有效性必须由可观察行为、反馈和持续结果验证。,0.8
M4-BUFFER-283,DY08 完成修复回流｜功能定义,L5 DY01—DY08病药功能,BUFFER-病药接口,通用,定义,DY08 完成修复回流,K08；定义病药接口中的功能任务。,已经确认K08机制或相应修复断点。,没有具体失衡靶点。,由共享基础引擎提供；仅修正保护功能的承载、持续调用和压力状态下的稳定性，不直接等同成熟度、道德或现实行为。,由M1／M2接口提供；夫妻星、心动原型和关系门槛只说明关系议题，不单独证明保护因素已经被调用或有效。,由M3-BASE及M4各模块提供；日支、日柱近位可提高与亲密关系核心的相关性，但同一source_id不得重复计分。,保护因素必须明确限制过用、补足缺位、恢复顺序、打开反馈、落实改变或完成修复回流；不能只凭五行相生补写现实效果。,近位提高进入亲密关系核心的概率；远位只作背景、阶段或条件性修正。,根气只修正该保护功能是否容易重复调用，不等于现实中已经形成稳定保护。,旺弱只修正调用强度与承载；强不自动有效，弱也不自动无效。,喜忌只修正摩擦、平衡与承载，不可直接翻译为好坏、成熟度或解决方案。,原十神功能有效；真合化成立时按化神功能替换，合化争议时停止定性。,近位提高直接相关性；远位仅保留背景、阶段或低置信修正。,95,功能定义,medicine_function,完成修复回流的目标是：补齐修复链缺失节点并建立持续回访。,这里需要的不是增加某个五行，而是完成“补齐修复链缺失节点并建立持续回访”这项具体功能。,不得仅凭本规则断定问题已经解决、关系必然稳定、用户一定成熟、某十神天然是“药”、喜用神自动等于解决办法，或淡化暴力、强迫与现实伤害；现实行为、反例、安全事实和专业支持优先。,高,待验证,,provisional=true；保护因素的现实有效性必须由可观察行为、反馈和持续结果验证。,0.8
M4-BUFFER-284,DY08 完成修复回流｜诊断靶点,L5 DY01—DY08病药功能,BUFFER-病药接口,通用,路由,DY08 完成修复回流,K08；将药功能对应到明确K机制。,K08已经达到E1或以上，且同源去重完成。,只有十神旺弱标签，未说明关系任务。,由共享基础引擎提供；仅修正保护功能的承载、持续调用和压力状态下的稳定性，不直接等同成熟度、道德或现实行为。,由M1／M2接口提供；夫妻星、心动原型和关系门槛只说明关系议题，不单独证明保护因素已经被调用或有效。,由M3-BASE及M4各模块提供；日支、日柱近位可提高与亲密关系核心的相关性，但同一source_id不得重复计分。,保护因素必须明确限制过用、补足缺位、恢复顺序、打开反馈、落实改变或完成修复回流；不能只凭五行相生补写现实效果。,近位提高进入亲密关系核心的概率；远位只作背景、阶段或条件性修正。,根气只修正该保护功能是否容易重复调用，不等于现实中已经形成稳定保护。,旺弱只修正调用强度与承载；强不自动有效，弱也不自动无效。,喜忌只修正摩擦、平衡与承载，不可直接翻译为好坏、成熟度或解决方案。,原十神功能有效；真合化成立时按化神功能替换，合化争议时停止定性。,近位提高直接相关性；远位仅保留背景、阶段或低置信修正。,94,靶点匹配+6,buffer_target,DY08专门路由至K08。,这项调节只针对已经确认的K08问题，不作为万能解决办法。,不得仅凭本规则断定问题已经解决、关系必然稳定、用户一定成熟、某十神天然是“药”、喜用神自动等于解决办法，或淡化暴力、强迫与现实伤害；现实行为、反例、安全事实和专业支持优先。,高,待验证,,provisional=true；保护因素的现实有效性必须由可观察行为、反馈和持续结果验证。,0.8
M4-BUFFER-285,DY08 完成修复回流｜可用资源,L5 DY01—DY08病药功能,BUFFER-病药接口,通用,资源,DY08 完成修复回流,K08；列出可承担该药功能的保护资源。,存在BF07完整修复、BF06持续兑现、BF03边界与BF04影响确认中的至少一项独立有效资源。,资源弱远、受损、功能错配或只是同源重复。,由共享基础引擎提供；仅修正保护功能的承载、持续调用和压力状态下的稳定性，不直接等同成熟度、道德或现实行为。,由M1／M2接口提供；夫妻星、心动原型和关系门槛只说明关系议题，不单独证明保护因素已经被调用或有效。,由M3-BASE及M4各模块提供；日支、日柱近位可提高与亲密关系核心的相关性，但同一source_id不得重复计分。,保护因素必须明确限制过用、补足缺位、恢复顺序、打开反馈、落实改变或完成修复回流；不能只凭五行相生补写现实效果。,近位提高进入亲密关系核心的概率；远位只作背景、阶段或条件性修正。,根气只修正该保护功能是否容易重复调用，不等于现实中已经形成稳定保护。,旺弱只修正调用强度与承载；强不自动有效，弱也不自动无效。,喜忌只修正摩擦、平衡与承载，不可直接翻译为好坏、成熟度或解决方案。,原十神功能有效；真合化成立时按化神功能替换，合化争议时停止定性。,近位提高直接相关性；远位仅保留背景、阶段或低置信修正。,90,独立资源+6,buffer_factor,可用资源包括：BF07完整修复、BF06持续兑现、BF03边界与BF04影响确认。,可能帮助你的资源包括：BF07完整修复、BF06持续兑现、BF03边界与BF04影响确认，但要继续看现实中是否会调用。,不得仅凭本规则断定问题已经解决、关系必然稳定、用户一定成熟、某十神天然是“药”、喜用神自动等于解决办法，或淡化暴力、强迫与现实伤害；现实行为、反例、安全事实和专业支持优先。,中高,待验证,,provisional=true；保护因素的现实有效性必须由可观察行为、反馈和持续结果验证。,0.8
M4-BUFFER-286,DY08 完成修复回流｜现实有效标志,L5 DY01—DY08病药功能,BUFFER-病药接口,通用,效果,DY08 完成修复回流,K08；判断药功能是否真正改变风险链。,问题停止之后，理解、责任、边界、改变和开放重新进入。,只完成道歉、补偿、安抚或方案中的一项。,由共享基础引擎提供；仅修正保护功能的承载、持续调用和压力状态下的稳定性，不直接等同成熟度、道德或现实行为。,由M1／M2接口提供；夫妻星、心动原型和关系门槛只说明关系议题，不单独证明保护因素已经被调用或有效。,由M3-BASE及M4各模块提供；日支、日柱近位可提高与亲密关系核心的相关性，但同一source_id不得重复计分。,保护因素必须明确限制过用、补足缺位、恢复顺序、打开反馈、落实改变或完成修复回流；不能只凭五行相生补写现实效果。,近位提高进入亲密关系核心的概率；远位只作背景、阶段或条件性修正。,根气只修正该保护功能是否容易重复调用，不等于现实中已经形成稳定保护。,旺弱只修正调用强度与承载；强不自动有效，弱也不自动无效。,喜忌只修正摩擦、平衡与承载，不可直接翻译为好坏、成熟度或解决方案。,原十神功能有效；真合化成立时按化神功能替换，合化争议时停止定性。,近位提高直接相关性；远位仅保留背景、阶段或低置信修正。,92,效果+12,buffer_level,现实有效标志：问题停止之后，理解、责任、边界、改变和开放重新进入。,真正有效时会看到：问题停止之后，理解、责任、边界、改变和开放重新进入。,不得仅凭本规则断定问题已经解决、关系必然稳定、用户一定成熟、某十神天然是“药”、喜用神自动等于解决办法，或淡化暴力、强迫与现实伤害；现实行为、反例、安全事实和专业支持优先。,中高,待验证,,provisional=true；保护因素的现实有效性必须由可观察行为、反馈和持续结果验证。,0.8
M4-BUFFER-287,DY08 完成修复回流｜无效／过量边界,L5 DY01—DY08病药功能,BUFFER-病药接口,通用,降级,DY08 完成修复回流,K08；防止药功能变成新的失衡。,只完成道歉、补偿、安抚或方案中的一项。,问题停止之后，理解、责任、边界、改变和开放重新进入。,由共享基础引擎提供；仅修正保护功能的承载、持续调用和压力状态下的稳定性，不直接等同成熟度、道德或现实行为。,由M1／M2接口提供；夫妻星、心动原型和关系门槛只说明关系议题，不单独证明保护因素已经被调用或有效。,由M3-BASE及M4各模块提供；日支、日柱近位可提高与亲密关系核心的相关性，但同一source_id不得重复计分。,保护因素必须明确限制过用、补足缺位、恢复顺序、打开反馈、落实改变或完成修复回流；不能只凭五行相生补写现实效果。,近位提高进入亲密关系核心的概率；远位只作背景、阶段或条件性修正。,根气只修正该保护功能是否容易重复调用，不等于现实中已经形成稳定保护。,旺弱只修正调用强度与承载；强不自动有效，弱也不自动无效。,喜忌只修正摩擦、平衡与承载，不可直接翻译为好坏、成熟度或解决方案。,原十神功能有效；真合化成立时按化神功能替换，合化争议时停止定性。,近位提高直接相关性；远位仅保留背景、阶段或低置信修正。,97,无效-10,pseudo_buffer,失效或过量表现：只完成道歉、补偿、安抚或方案中的一项。,若只是“只完成道歉、补偿、安抚或方案中的一项。”，就不能把它视为有效调节。,不得仅凭本规则断定问题已经解决、关系必然稳定、用户一定成熟、某十神天然是“药”、喜用神自动等于解决办法，或淡化暴力、强迫与现实伤害；现实行为、反例、安全事实和专业支持优先。,高,待验证,,provisional=true；保护因素的现实有效性必须由可观察行为、反馈和持续结果验证。,0.8
M4-BUFFER-288,DY08 完成修复回流｜用户输出,L5 DY01—DY08病药功能,BUFFER-病药接口,通用,语言,DY08 完成修复回流,K08；生成病药功能语言。,K08成立且存在匹配资源。,只完成道歉、补偿、安抚或方案中的一项。,由共享基础引擎提供；仅修正保护功能的承载、持续调用和压力状态下的稳定性，不直接等同成熟度、道德或现实行为。,由M1／M2接口提供；夫妻星、心动原型和关系门槛只说明关系议题，不单独证明保护因素已经被调用或有效。,由M3-BASE及M4各模块提供；日支、日柱近位可提高与亲密关系核心的相关性，但同一source_id不得重复计分。,保护因素必须明确限制过用、补足缺位、恢复顺序、打开反馈、落实改变或完成修复回流；不能只凭五行相生补写现实效果。,近位提高进入亲密关系核心的概率；远位只作背景、阶段或条件性修正。,根气只修正该保护功能是否容易重复调用，不等于现实中已经形成稳定保护。,旺弱只修正调用强度与承载；强不自动有效，弱也不自动无效。,喜忌只修正摩擦、平衡与承载，不可直接翻译为好坏、成熟度或解决方案。,原十神功能有效；真合化成立时按化神功能替换，合化争议时停止定性。,近位提高直接相关性；远位仅保留背景、阶段或低置信修正。,84,不加分；输出,report_text,病是K08所描述的功能失衡；药是能够补齐修复链缺失节点并建立持续回访的具体功能。,你需要补上的不是一个抽象标签，而是：补齐修复链缺失节点并建立持续回访。,不得仅凭本规则断定问题已经解决、关系必然稳定、用户一定成熟、某十神天然是“药”、喜用神自动等于解决办法，或淡化暴力、强迫与现实伤害；现实行为、反例、安全事实和专业支持优先。,中高,待验证,,provisional=true；保护因素的现实有效性必须由可观察行为、反馈和持续结果验证。,0.8
M4-BUFFER-289,K01 过用放大｜问题摘要,L6 K01—K08保护路由,BUFFER-K机制接口,通用,定义,K01 过用放大,保留原问题定义。,K01已由OVERUSE、LOOP或REPAIR形成候选。,只有单一十神标签。,由共享基础引擎提供；仅修正保护功能的承载、持续调用和压力状态下的稳定性，不直接等同成熟度、道德或现实行为。,由M1／M2接口提供；夫妻星、心动原型和关系门槛只说明关系议题，不单独证明保护因素已经被调用或有效。,由M3-BASE及M4各模块提供；日支、日柱近位可提高与亲密关系核心的相关性，但同一source_id不得重复计分。,保护因素必须明确限制过用、补足缺位、恢复顺序、打开反馈、落实改变或完成修复回流；不能只凭五行相生补写现实效果。,近位提高进入亲密关系核心的概率；远位只作背景、阶段或条件性修正。,根气只修正该保护功能是否容易重复调用，不等于现实中已经形成稳定保护。,旺弱只修正调用强度与承载；强不自动有效，弱也不自动无效。,喜忌只修正摩擦、平衡与承载，不可直接翻译为好坏、成熟度或解决方案。,原十神功能有效；真合化成立时按化神功能替换，合化争议时停止定性。,近位提高直接相关性；远位仅保留背景、阶段或低置信修正。,94,不加分；继承,blind_spot_theme,某项正常功能抢先、重复或占位过多，压缩另一项必要功能。,当前需要处理的核心不是某个十神好坏，而是：某项正常功能抢先、重复或占位过多，压缩另一项必要功能。,不得仅凭本规则断定问题已经解决、关系必然稳定、用户一定成熟、某十神天然是“药”、喜用神自动等于解决办法，或淡化暴力、强迫与现实伤害；现实行为、反例、安全事实和专业支持优先。,中高,待验证,,provisional=true；保护因素的现实有效性必须由可观察行为、反馈和持续结果验证。,0.8
M4-BUFFER-290,K01 过用放大｜主保护路由,L6 K01—K08保护路由,BUFFER-K机制接口,通用,路由,K01 过用放大,确定首选保护功能。,K01达到E1以上，且BF01有效制化结构可用。,BF01有效制化与风险来源同源重复或功能不匹配。,由共享基础引擎提供；仅修正保护功能的承载、持续调用和压力状态下的稳定性，不直接等同成熟度、道德或现实行为。,由M1／M2接口提供；夫妻星、心动原型和关系门槛只说明关系议题，不单独证明保护因素已经被调用或有效。,由M3-BASE及M4各模块提供；日支、日柱近位可提高与亲密关系核心的相关性，但同一source_id不得重复计分。,保护因素必须明确限制过用、补足缺位、恢复顺序、打开反馈、落实改变或完成修复回流；不能只凭五行相生补写现实效果。,近位提高进入亲密关系核心的概率；远位只作背景、阶段或条件性修正。,根气只修正该保护功能是否容易重复调用，不等于现实中已经形成稳定保护。,旺弱只修正调用强度与承载；强不自动有效，弱也不自动无效。,喜忌只修正摩擦、平衡与承载，不可直接翻译为好坏、成熟度或解决方案。,原十神功能有效；真合化成立时按化神功能替换，合化争议时停止定性。,近位提高直接相关性；远位仅保留背景、阶段或低置信修正。,95,主路由+8,primary_buffer,K01优先路由至BF01有效制化。,最优先检查的是BF01有效制化能否进入并改变当前链条。,不得仅凭本规则断定问题已经解决、关系必然稳定、用户一定成熟、某十神天然是“药”、喜用神自动等于解决办法，或淡化暴力、强迫与现实伤害；现实行为、反例、安全事实和专业支持优先。,中高,待验证,,provisional=true；保护因素的现实有效性必须由可观察行为、反馈和持续结果验证。,0.8
M4-BUFFER-291,K01 过用放大｜次保护路由,L6 K01—K08保护路由,BUFFER-K机制接口,通用,路由,K01 过用放大,补充第二类保护功能。,主保护不足以独立改变链条，且存在BF03独立边界／BF04倾听复核／BF08状态分工中的独立资源。,把所有次资源堆叠成万能保护。,由共享基础引擎提供；仅修正保护功能的承载、持续调用和压力状态下的稳定性，不直接等同成熟度、道德或现实行为。,由M1／M2接口提供；夫妻星、心动原型和关系门槛只说明关系议题，不单独证明保护因素已经被调用或有效。,由M3-BASE及M4各模块提供；日支、日柱近位可提高与亲密关系核心的相关性，但同一source_id不得重复计分。,保护因素必须明确限制过用、补足缺位、恢复顺序、打开反馈、落实改变或完成修复回流；不能只凭五行相生补写现实效果。,近位提高进入亲密关系核心的概率；远位只作背景、阶段或条件性修正。,根气只修正该保护功能是否容易重复调用，不等于现实中已经形成稳定保护。,旺弱只修正调用强度与承载；强不自动有效，弱也不自动无效。,喜忌只修正摩擦、平衡与承载，不可直接翻译为好坏、成熟度或解决方案。,原十神功能有效；真合化成立时按化神功能替换，合化争议时停止定性。,近位提高直接相关性；远位仅保留背景、阶段或低置信修正。,90,次路由+4,secondary_buffer,次级资源可来自：BF03独立边界／BF04倾听复核／BF08状态分工。,若主资源不足，还可以检查BF03独立边界／BF04倾听复核／BF08状态分工是否提供补位。,不得仅凭本规则断定问题已经解决、关系必然稳定、用户一定成熟、某十神天然是“药”、喜用神自动等于解决办法，或淡化暴力、强迫与现实伤害；现实行为、反例、安全事实和专业支持优先。,中高,待验证,,provisional=true；保护因素的现实有效性必须由可观察行为、反馈和持续结果验证。,0.8
M4-BUFFER-292,K01 过用放大｜有效标志,L6 K01—K08保护路由,BUFFER-K机制接口,通用,效果,K01 过用放大,判断保护是否真正改变K机制。,主功能仍可使用，但强度、范围或时机被限制，第二功能能够进入。,只是压制原功能，或由另一项过强功能接管。,由共享基础引擎提供；仅修正保护功能的承载、持续调用和压力状态下的稳定性，不直接等同成熟度、道德或现实行为。,由M1／M2接口提供；夫妻星、心动原型和关系门槛只说明关系议题，不单独证明保护因素已经被调用或有效。,由M3-BASE及M4各模块提供；日支、日柱近位可提高与亲密关系核心的相关性，但同一source_id不得重复计分。,保护因素必须明确限制过用、补足缺位、恢复顺序、打开反馈、落实改变或完成修复回流；不能只凭五行相生补写现实效果。,近位提高进入亲密关系核心的概率；远位只作背景、阶段或条件性修正。,根气只修正该保护功能是否容易重复调用，不等于现实中已经形成稳定保护。,旺弱只修正调用强度与承载；强不自动有效，弱也不自动无效。,喜忌只修正摩擦、平衡与承载，不可直接翻译为好坏、成熟度或解决方案。,原十神功能有效；真合化成立时按化神功能替换，合化争议时停止定性。,近位提高直接相关性；远位仅保留背景、阶段或低置信修正。,93,效果+12,buffer_level,有效标志：主功能仍可使用，但强度、范围或时机被限制，第二功能能够进入。,真正有效时，会看到：主功能仍可使用，但强度、范围或时机被限制，第二功能能够进入。,不得仅凭本规则断定问题已经解决、关系必然稳定、用户一定成熟、某十神天然是“药”、喜用神自动等于解决办法，或淡化暴力、强迫与现实伤害；现实行为、反例、安全事实和专业支持优先。,中高,待验证,,provisional=true；保护因素的现实有效性必须由可观察行为、反馈和持续结果验证。,0.8
M4-BUFFER-293,K01 过用放大｜失效与伪保护,L6 K01—K08保护路由,BUFFER-K机制接口,通用,降级,K01 过用放大,防止保护资源制造新失衡。,只是压制原功能，或由另一项过强功能接管。,主功能仍可使用，但强度、范围或时机被限制，第二功能能够进入。,由共享基础引擎提供；仅修正保护功能的承载、持续调用和压力状态下的稳定性，不直接等同成熟度、道德或现实行为。,由M1／M2接口提供；夫妻星、心动原型和关系门槛只说明关系议题，不单独证明保护因素已经被调用或有效。,由M3-BASE及M4各模块提供；日支、日柱近位可提高与亲密关系核心的相关性，但同一source_id不得重复计分。,保护因素必须明确限制过用、补足缺位、恢复顺序、打开反馈、落实改变或完成修复回流；不能只凭五行相生补写现实效果。,近位提高进入亲密关系核心的概率；远位只作背景、阶段或条件性修正。,根气只修正该保护功能是否容易重复调用，不等于现实中已经形成稳定保护。,旺弱只修正调用强度与承载；强不自动有效，弱也不自动无效。,喜忌只修正摩擦、平衡与承载，不可直接翻译为好坏、成熟度或解决方案。,原十神功能有效；真合化成立时按化神功能替换，合化争议时停止定性。,近位提高直接相关性；远位仅保留背景、阶段或低置信修正。,97,失效-10,pseudo_buffer,失效表现：只是压制原功能，或由另一项过强功能接管。,若只是“只是压制原功能，或由另一项过强功能接管。”，说明保护还没有真正成立。,不得仅凭本规则断定问题已经解决、关系必然稳定、用户一定成熟、某十神天然是“药”、喜用神自动等于解决办法，或淡化暴力、强迫与现实伤害；现实行为、反例、安全事实和专业支持优先。,高,待验证,,provisional=true；保护因素的现实有效性必须由可观察行为、反馈和持续结果验证。,0.8
M4-BUFFER-294,K01 过用放大｜用户输出,L6 K01—K08保护路由,BUFFER-K机制接口,通用,语言,K01 过用放大,生成K机制＋保护语言。,K01成立且至少一项匹配保护达到BL2以上。,资料不足或安全停止。,由共享基础引擎提供；仅修正保护功能的承载、持续调用和压力状态下的稳定性，不直接等同成熟度、道德或现实行为。,由M1／M2接口提供；夫妻星、心动原型和关系门槛只说明关系议题，不单独证明保护因素已经被调用或有效。,由M3-BASE及M4各模块提供；日支、日柱近位可提高与亲密关系核心的相关性，但同一source_id不得重复计分。,保护因素必须明确限制过用、补足缺位、恢复顺序、打开反馈、落实改变或完成修复回流；不能只凭五行相生补写现实效果。,近位提高进入亲密关系核心的概率；远位只作背景、阶段或条件性修正。,根气只修正该保护功能是否容易重复调用，不等于现实中已经形成稳定保护。,旺弱只修正调用强度与承载；强不自动有效，弱也不自动无效。,喜忌只修正摩擦、平衡与承载，不可直接翻译为好坏、成熟度或解决方案。,原十神功能有效；真合化成立时按化神功能替换，合化争议时停止定性。,近位提高直接相关性；远位仅保留背景、阶段或低置信修正。,84,不加分；输出,report_text,某项正常功能抢先、重复或占位过多，压缩另一项必要功能。；对应保护是BF01有效制化，必要时辅以BF03独立边界／BF04倾听复核／BF08状态分工。,当这类情况出现时，你真正需要的不是更用力，而是让BF01有效制化进入，必要时再由BF03独立边界／BF04倾听复核／BF08状态分工补位。,不得仅凭本规则断定问题已经解决、关系必然稳定、用户一定成熟、某十神天然是“药”、喜用神自动等于解决办法，或淡化暴力、强迫与现实伤害；现实行为、反例、安全事实和专业支持优先。,中高,待验证,,provisional=true；保护因素的现实有效性必须由可观察行为、反馈和持续结果验证。,0.8
M4-BUFFER-295,K02 功能不足｜问题摘要,L6 K01—K08保护路由,BUFFER-K机制接口,通用,定义,K02 功能不足,保留原问题定义。,K02已由OVERUSE、LOOP或REPAIR形成候选。,只有单一十神标签。,由共享基础引擎提供；仅修正保护功能的承载、持续调用和压力状态下的稳定性，不直接等同成熟度、道德或现实行为。,由M1／M2接口提供；夫妻星、心动原型和关系门槛只说明关系议题，不单独证明保护因素已经被调用或有效。,由M3-BASE及M4各模块提供；日支、日柱近位可提高与亲密关系核心的相关性，但同一source_id不得重复计分。,保护因素必须明确限制过用、补足缺位、恢复顺序、打开反馈、落实改变或完成修复回流；不能只凭五行相生补写现实效果。,近位提高进入亲密关系核心的概率；远位只作背景、阶段或条件性修正。,根气只修正该保护功能是否容易重复调用，不等于现实中已经形成稳定保护。,旺弱只修正调用强度与承载；强不自动有效，弱也不自动无效。,喜忌只修正摩擦、平衡与承载，不可直接翻译为好坏、成熟度或解决方案。,原十神功能有效；真合化成立时按化神功能替换，合化争议时停止定性。,近位提高直接相关性；远位仅保留背景、阶段或低置信修正。,94,不加分；继承,blind_spot_theme,当前关系任务需要的功能进入太弱、太晚或缺少稳定替代。,当前需要处理的核心不是某个十神好坏，而是：当前关系任务需要的功能进入太弱、太晚或缺少稳定替代。,不得仅凭本规则断定问题已经解决、关系必然稳定、用户一定成熟、某十神天然是“药”、喜用神自动等于解决办法，或淡化暴力、强迫与现实伤害；现实行为、反例、安全事实和专业支持优先。,中高,待验证,,provisional=true；保护因素的现实有效性必须由可观察行为、反馈和持续结果验证。,0.8
M4-BUFFER-296,K02 功能不足｜主保护路由,L6 K01—K08保护路由,BUFFER-K机制接口,通用,路由,K02 功能不足,确定首选保护功能。,K02达到E1以上，且BF02跨系统通关或对应十神直接补位结构可用。,BF02跨系统通关或对应十神直接补位与风险来源同源重复或功能不匹配。,由共享基础引擎提供；仅修正保护功能的承载、持续调用和压力状态下的稳定性，不直接等同成熟度、道德或现实行为。,由M1／M2接口提供；夫妻星、心动原型和关系门槛只说明关系议题，不单独证明保护因素已经被调用或有效。,由M3-BASE及M4各模块提供；日支、日柱近位可提高与亲密关系核心的相关性，但同一source_id不得重复计分。,保护因素必须明确限制过用、补足缺位、恢复顺序、打开反馈、落实改变或完成修复回流；不能只凭五行相生补写现实效果。,近位提高进入亲密关系核心的概率；远位只作背景、阶段或条件性修正。,根气只修正该保护功能是否容易重复调用，不等于现实中已经形成稳定保护。,旺弱只修正调用强度与承载；强不自动有效，弱也不自动无效。,喜忌只修正摩擦、平衡与承载，不可直接翻译为好坏、成熟度或解决方案。,原十神功能有效；真合化成立时按化神功能替换，合化争议时停止定性。,近位提高直接相关性；远位仅保留背景、阶段或低置信修正。,95,主路由+8,primary_buffer,K02优先路由至BF02跨系统通关或对应十神直接补位。,最优先检查的是BF02跨系统通关或对应十神直接补位能否进入并改变当前链条。,不得仅凭本规则断定问题已经解决、关系必然稳定、用户一定成熟、某十神天然是“药”、喜用神自动等于解决办法，或淡化暴力、强迫与现实伤害；现实行为、反例、安全事实和专业支持优先。,中高,待验证,,provisional=true；保护因素的现实有效性必须由可观察行为、反馈和持续结果验证。,0.8
M4-BUFFER-297,K02 功能不足｜次保护路由,L6 K01—K08保护路由,BUFFER-K机制接口,通用,路由,K02 功能不足,补充第二类保护功能。,主保护不足以独立改变链条，且存在BF05表达反馈／BF06现实行为／BF08外部支持中的独立资源。,把所有次资源堆叠成万能保护。,由共享基础引擎提供；仅修正保护功能的承载、持续调用和压力状态下的稳定性，不直接等同成熟度、道德或现实行为。,由M1／M2接口提供；夫妻星、心动原型和关系门槛只说明关系议题，不单独证明保护因素已经被调用或有效。,由M3-BASE及M4各模块提供；日支、日柱近位可提高与亲密关系核心的相关性，但同一source_id不得重复计分。,保护因素必须明确限制过用、补足缺位、恢复顺序、打开反馈、落实改变或完成修复回流；不能只凭五行相生补写现实效果。,近位提高进入亲密关系核心的概率；远位只作背景、阶段或条件性修正。,根气只修正该保护功能是否容易重复调用，不等于现实中已经形成稳定保护。,旺弱只修正调用强度与承载；强不自动有效，弱也不自动无效。,喜忌只修正摩擦、平衡与承载，不可直接翻译为好坏、成熟度或解决方案。,原十神功能有效；真合化成立时按化神功能替换，合化争议时停止定性。,近位提高直接相关性；远位仅保留背景、阶段或低置信修正。,90,次路由+4,secondary_buffer,次级资源可来自：BF05表达反馈／BF06现实行为／BF08外部支持。,若主资源不足，还可以检查BF05表达反馈／BF06现实行为／BF08外部支持是否提供补位。,不得仅凭本规则断定问题已经解决、关系必然稳定、用户一定成熟、某十神天然是“药”、喜用神自动等于解决办法，或淡化暴力、强迫与现实伤害；现实行为、反例、安全事实和专业支持优先。,中高,待验证,,provisional=true；保护因素的现实有效性必须由可观察行为、反馈和持续结果验证。,0.8
M4-BUFFER-298,K02 功能不足｜有效标志,L6 K01—K08保护路由,BUFFER-K机制接口,通用,效果,K02 功能不足,判断保护是否真正改变K机制。,缺失功能能够在对应任务出现时被调用，并形成可观察结果。,只增加抽象标签或资源数量，没有进入具体任务。,由共享基础引擎提供；仅修正保护功能的承载、持续调用和压力状态下的稳定性，不直接等同成熟度、道德或现实行为。,由M1／M2接口提供；夫妻星、心动原型和关系门槛只说明关系议题，不单独证明保护因素已经被调用或有效。,由M3-BASE及M4各模块提供；日支、日柱近位可提高与亲密关系核心的相关性，但同一source_id不得重复计分。,保护因素必须明确限制过用、补足缺位、恢复顺序、打开反馈、落实改变或完成修复回流；不能只凭五行相生补写现实效果。,近位提高进入亲密关系核心的概率；远位只作背景、阶段或条件性修正。,根气只修正该保护功能是否容易重复调用，不等于现实中已经形成稳定保护。,旺弱只修正调用强度与承载；强不自动有效，弱也不自动无效。,喜忌只修正摩擦、平衡与承载，不可直接翻译为好坏、成熟度或解决方案。,原十神功能有效；真合化成立时按化神功能替换，合化争议时停止定性。,近位提高直接相关性；远位仅保留背景、阶段或低置信修正。,93,效果+12,buffer_level,有效标志：缺失功能能够在对应任务出现时被调用，并形成可观察结果。,真正有效时，会看到：缺失功能能够在对应任务出现时被调用，并形成可观察结果。,不得仅凭本规则断定问题已经解决、关系必然稳定、用户一定成熟、某十神天然是“药”、喜用神自动等于解决办法，或淡化暴力、强迫与现实伤害；现实行为、反例、安全事实和专业支持优先。,中高,待验证,,provisional=true；保护因素的现实有效性必须由可观察行为、反馈和持续结果验证。,0.8
M4-BUFFER-299,K02 功能不足｜失效与伪保护,L6 K01—K08保护路由,BUFFER-K机制接口,通用,降级,K02 功能不足,防止保护资源制造新失衡。,只增加抽象标签或资源数量，没有进入具体任务。,缺失功能能够在对应任务出现时被调用，并形成可观察结果。,由共享基础引擎提供；仅修正保护功能的承载、持续调用和压力状态下的稳定性，不直接等同成熟度、道德或现实行为。,由M1／M2接口提供；夫妻星、心动原型和关系门槛只说明关系议题，不单独证明保护因素已经被调用或有效。,由M3-BASE及M4各模块提供；日支、日柱近位可提高与亲密关系核心的相关性，但同一source_id不得重复计分。,保护因素必须明确限制过用、补足缺位、恢复顺序、打开反馈、落实改变或完成修复回流；不能只凭五行相生补写现实效果。,近位提高进入亲密关系核心的概率；远位只作背景、阶段或条件性修正。,根气只修正该保护功能是否容易重复调用，不等于现实中已经形成稳定保护。,旺弱只修正调用强度与承载；强不自动有效，弱也不自动无效。,喜忌只修正摩擦、平衡与承载，不可直接翻译为好坏、成熟度或解决方案。,原十神功能有效；真合化成立时按化神功能替换，合化争议时停止定性。,近位提高直接相关性；远位仅保留背景、阶段或低置信修正。,97,失效-10,pseudo_buffer,失效表现：只增加抽象标签或资源数量，没有进入具体任务。,若只是“只增加抽象标签或资源数量，没有进入具体任务。”，说明保护还没有真正成立。,不得仅凭本规则断定问题已经解决、关系必然稳定、用户一定成熟、某十神天然是“药”、喜用神自动等于解决办法，或淡化暴力、强迫与现实伤害；现实行为、反例、安全事实和专业支持优先。,高,待验证,,provisional=true；保护因素的现实有效性必须由可观察行为、反馈和持续结果验证。,0.8
M4-BUFFER-300,K02 功能不足｜用户输出,L6 K01—K08保护路由,BUFFER-K机制接口,通用,语言,K02 功能不足,生成K机制＋保护语言。,K02成立且至少一项匹配保护达到BL2以上。,资料不足或安全停止。,由共享基础引擎提供；仅修正保护功能的承载、持续调用和压力状态下的稳定性，不直接等同成熟度、道德或现实行为。,由M1／M2接口提供；夫妻星、心动原型和关系门槛只说明关系议题，不单独证明保护因素已经被调用或有效。,由M3-BASE及M4各模块提供；日支、日柱近位可提高与亲密关系核心的相关性，但同一source_id不得重复计分。,保护因素必须明确限制过用、补足缺位、恢复顺序、打开反馈、落实改变或完成修复回流；不能只凭五行相生补写现实效果。,近位提高进入亲密关系核心的概率；远位只作背景、阶段或条件性修正。,根气只修正该保护功能是否容易重复调用，不等于现实中已经形成稳定保护。,旺弱只修正调用强度与承载；强不自动有效，弱也不自动无效。,喜忌只修正摩擦、平衡与承载，不可直接翻译为好坏、成熟度或解决方案。,原十神功能有效；真合化成立时按化神功能替换，合化争议时停止定性。,近位提高直接相关性；远位仅保留背景、阶段或低置信修正。,84,不加分；输出,report_text,当前关系任务需要的功能进入太弱、太晚或缺少稳定替代。；对应保护是BF02跨系统通关或对应十神直接补位，必要时辅以BF05表达反馈／BF06现实行为／BF08外部支持。,当这类情况出现时，你真正需要的不是更用力，而是让BF02跨系统通关或对应十神直接补位进入，必要时再由BF05表达反馈／BF06现实行为／BF08外部支持补位。,不得仅凭本规则断定问题已经解决、关系必然稳定、用户一定成熟、某十神天然是“药”、喜用神自动等于解决办法，或淡化暴力、强迫与现实伤害；现实行为、反例、安全事实和专业支持优先。,中高,待验证,,provisional=true；保护因素的现实有效性必须由可观察行为、反馈和持续结果验证。,0.8
M4-BUFFER-301,K03 单通道替代｜问题摘要,L6 K01—K08保护路由,BUFFER-K机制接口,通用,定义,K03 单通道替代,保留原问题定义。,K03已由OVERUSE、LOOP或REPAIR形成候选。,只有单一十神标签。,由共享基础引擎提供；仅修正保护功能的承载、持续调用和压力状态下的稳定性，不直接等同成熟度、道德或现实行为。,由M1／M2接口提供；夫妻星、心动原型和关系门槛只说明关系议题，不单独证明保护因素已经被调用或有效。,由M3-BASE及M4各模块提供；日支、日柱近位可提高与亲密关系核心的相关性，但同一source_id不得重复计分。,保护因素必须明确限制过用、补足缺位、恢复顺序、打开反馈、落实改变或完成修复回流；不能只凭五行相生补写现实效果。,近位提高进入亲密关系核心的概率；远位只作背景、阶段或条件性修正。,根气只修正该保护功能是否容易重复调用，不等于现实中已经形成稳定保护。,旺弱只修正调用强度与承载；强不自动有效，弱也不自动无效。,喜忌只修正摩擦、平衡与承载，不可直接翻译为好坏、成熟度或解决方案。,原十神功能有效；真合化成立时按化神功能替换，合化争议时停止定性。,近位提高直接相关性；远位仅保留背景、阶段或低置信修正。,94,不加分；继承,blind_spot_theme,熟悉功能承担了另一项不同任务，导致关键步骤被绕开。,当前需要处理的核心不是某个十神好坏，而是：熟悉功能承担了另一项不同任务，导致关键步骤被绕开。,不得仅凭本规则断定问题已经解决、关系必然稳定、用户一定成熟、某十神天然是“药”、喜用神自动等于解决办法，或淡化暴力、强迫与现实伤害；现实行为、反例、安全事实和专业支持优先。,中高,待验证,,provisional=true；保护因素的现实有效性必须由可观察行为、反馈和持续结果验证。,0.8
M4-BUFFER-302,K03 单通道替代｜主保护路由,L6 K01—K08保护路由,BUFFER-K机制接口,通用,路由,K03 单通道替代,确定首选保护功能。,K03达到E1以上，且BF02跨系统通关结构可用。,BF02跨系统通关与风险来源同源重复或功能不匹配。,由共享基础引擎提供；仅修正保护功能的承载、持续调用和压力状态下的稳定性，不直接等同成熟度、道德或现实行为。,由M1／M2接口提供；夫妻星、心动原型和关系门槛只说明关系议题，不单独证明保护因素已经被调用或有效。,由M3-BASE及M4各模块提供；日支、日柱近位可提高与亲密关系核心的相关性，但同一source_id不得重复计分。,保护因素必须明确限制过用、补足缺位、恢复顺序、打开反馈、落实改变或完成修复回流；不能只凭五行相生补写现实效果。,近位提高进入亲密关系核心的概率；远位只作背景、阶段或条件性修正。,根气只修正该保护功能是否容易重复调用，不等于现实中已经形成稳定保护。,旺弱只修正调用强度与承载；强不自动有效，弱也不自动无效。,喜忌只修正摩擦、平衡与承载，不可直接翻译为好坏、成熟度或解决方案。,原十神功能有效；真合化成立时按化神功能替换，合化争议时停止定性。,近位提高直接相关性；远位仅保留背景、阶段或低置信修正。,95,主路由+8,primary_buffer,K03优先路由至BF02跨系统通关。,最优先检查的是BF02跨系统通关能否进入并改变当前链条。,不得仅凭本规则断定问题已经解决、关系必然稳定、用户一定成熟、某十神天然是“药”、喜用神自动等于解决办法，或淡化暴力、强迫与现实伤害；现实行为、反例、安全事实和专业支持优先。,中高,待验证,,provisional=true；保护因素的现实有效性必须由可观察行为、反馈和持续结果验证。,0.8
M4-BUFFER-303,K03 单通道替代｜次保护路由,L6 K01—K08保护路由,BUFFER-K机制接口,通用,路由,K03 单通道替代,补充第二类保护功能。,主保护不足以独立改变链条，且存在BF04内部复核／BF05反馈通道中的独立资源。,把所有次资源堆叠成万能保护。,由共享基础引擎提供；仅修正保护功能的承载、持续调用和压力状态下的稳定性，不直接等同成熟度、道德或现实行为。,由M1／M2接口提供；夫妻星、心动原型和关系门槛只说明关系议题，不单独证明保护因素已经被调用或有效。,由M3-BASE及M4各模块提供；日支、日柱近位可提高与亲密关系核心的相关性，但同一source_id不得重复计分。,保护因素必须明确限制过用、补足缺位、恢复顺序、打开反馈、落实改变或完成修复回流；不能只凭五行相生补写现实效果。,近位提高进入亲密关系核心的概率；远位只作背景、阶段或条件性修正。,根气只修正该保护功能是否容易重复调用，不等于现实中已经形成稳定保护。,旺弱只修正调用强度与承载；强不自动有效，弱也不自动无效。,喜忌只修正摩擦、平衡与承载，不可直接翻译为好坏、成熟度或解决方案。,原十神功能有效；真合化成立时按化神功能替换，合化争议时停止定性。,近位提高直接相关性；远位仅保留背景、阶段或低置信修正。,90,次路由+4,secondary_buffer,次级资源可来自：BF04内部复核／BF05反馈通道。,若主资源不足，还可以检查BF04内部复核／BF05反馈通道是否提供补位。,不得仅凭本规则断定问题已经解决、关系必然稳定、用户一定成熟、某十神天然是“药”、喜用神自动等于解决办法，或淡化暴力、强迫与现实伤害；现实行为、反例、安全事实和专业支持优先。,中高,待验证,,provisional=true；保护因素的现实有效性必须由可观察行为、反馈和持续结果验证。,0.8
M4-BUFFER-304,K03 单通道替代｜有效标志,L6 K01—K08保护路由,BUFFER-K机制接口,通用,效果,K03 单通道替代,判断保护是否真正改变K机制。,原功能与被替代任务重新分工，两者都能进入。,从一种替代换成另一种替代，仍然没有完成目标任务。,由共享基础引擎提供；仅修正保护功能的承载、持续调用和压力状态下的稳定性，不直接等同成熟度、道德或现实行为。,由M1／M2接口提供；夫妻星、心动原型和关系门槛只说明关系议题，不单独证明保护因素已经被调用或有效。,由M3-BASE及M4各模块提供；日支、日柱近位可提高与亲密关系核心的相关性，但同一source_id不得重复计分。,保护因素必须明确限制过用、补足缺位、恢复顺序、打开反馈、落实改变或完成修复回流；不能只凭五行相生补写现实效果。,近位提高进入亲密关系核心的概率；远位只作背景、阶段或条件性修正。,根气只修正该保护功能是否容易重复调用，不等于现实中已经形成稳定保护。,旺弱只修正调用强度与承载；强不自动有效，弱也不自动无效。,喜忌只修正摩擦、平衡与承载，不可直接翻译为好坏、成熟度或解决方案。,原十神功能有效；真合化成立时按化神功能替换，合化争议时停止定性。,近位提高直接相关性；远位仅保留背景、阶段或低置信修正。,93,效果+12,buffer_level,有效标志：原功能与被替代任务重新分工，两者都能进入。,真正有效时，会看到：原功能与被替代任务重新分工，两者都能进入。,不得仅凭本规则断定问题已经解决、关系必然稳定、用户一定成熟、某十神天然是“药”、喜用神自动等于解决办法，或淡化暴力、强迫与现实伤害；现实行为、反例、安全事实和专业支持优先。,中高,待验证,,provisional=true；保护因素的现实有效性必须由可观察行为、反馈和持续结果验证。,0.8
M4-BUFFER-305,K03 单通道替代｜失效与伪保护,L6 K01—K08保护路由,BUFFER-K机制接口,通用,降级,K03 单通道替代,防止保护资源制造新失衡。,从一种替代换成另一种替代，仍然没有完成目标任务。,原功能与被替代任务重新分工，两者都能进入。,由共享基础引擎提供；仅修正保护功能的承载、持续调用和压力状态下的稳定性，不直接等同成熟度、道德或现实行为。,由M1／M2接口提供；夫妻星、心动原型和关系门槛只说明关系议题，不单独证明保护因素已经被调用或有效。,由M3-BASE及M4各模块提供；日支、日柱近位可提高与亲密关系核心的相关性，但同一source_id不得重复计分。,保护因素必须明确限制过用、补足缺位、恢复顺序、打开反馈、落实改变或完成修复回流；不能只凭五行相生补写现实效果。,近位提高进入亲密关系核心的概率；远位只作背景、阶段或条件性修正。,根气只修正该保护功能是否容易重复调用，不等于现实中已经形成稳定保护。,旺弱只修正调用强度与承载；强不自动有效，弱也不自动无效。,喜忌只修正摩擦、平衡与承载，不可直接翻译为好坏、成熟度或解决方案。,原十神功能有效；真合化成立时按化神功能替换，合化争议时停止定性。,近位提高直接相关性；远位仅保留背景、阶段或低置信修正。,97,失效-10,pseudo_buffer,失效表现：从一种替代换成另一种替代，仍然没有完成目标任务。,若只是“从一种替代换成另一种替代，仍然没有完成目标任务。”，说明保护还没有真正成立。,不得仅凭本规则断定问题已经解决、关系必然稳定、用户一定成熟、某十神天然是“药”、喜用神自动等于解决办法，或淡化暴力、强迫与现实伤害；现实行为、反例、安全事实和专业支持优先。,高,待验证,,provisional=true；保护因素的现实有效性必须由可观察行为、反馈和持续结果验证。,0.8
M4-BUFFER-306,K03 单通道替代｜用户输出,L6 K01—K08保护路由,BUFFER-K机制接口,通用,语言,K03 单通道替代,生成K机制＋保护语言。,K03成立且至少一项匹配保护达到BL2以上。,资料不足或安全停止。,由共享基础引擎提供；仅修正保护功能的承载、持续调用和压力状态下的稳定性，不直接等同成熟度、道德或现实行为。,由M1／M2接口提供；夫妻星、心动原型和关系门槛只说明关系议题，不单独证明保护因素已经被调用或有效。,由M3-BASE及M4各模块提供；日支、日柱近位可提高与亲密关系核心的相关性，但同一source_id不得重复计分。,保护因素必须明确限制过用、补足缺位、恢复顺序、打开反馈、落实改变或完成修复回流；不能只凭五行相生补写现实效果。,近位提高进入亲密关系核心的概率；远位只作背景、阶段或条件性修正。,根气只修正该保护功能是否容易重复调用，不等于现实中已经形成稳定保护。,旺弱只修正调用强度与承载；强不自动有效，弱也不自动无效。,喜忌只修正摩擦、平衡与承载，不可直接翻译为好坏、成熟度或解决方案。,原十神功能有效；真合化成立时按化神功能替换，合化争议时停止定性。,近位提高直接相关性；远位仅保留背景、阶段或低置信修正。,84,不加分；输出,report_text,熟悉功能承担了另一项不同任务，导致关键步骤被绕开。；对应保护是BF02跨系统通关，必要时辅以BF04内部复核／BF05反馈通道。,当这类情况出现时，你真正需要的不是更用力，而是让BF02跨系统通关进入，必要时再由BF04内部复核／BF05反馈通道补位。,不得仅凭本规则断定问题已经解决、关系必然稳定、用户一定成熟、某十神天然是“药”、喜用神自动等于解决办法，或淡化暴力、强迫与现实伤害；现实行为、反例、安全事实和专业支持优先。,中高,待验证,,provisional=true；保护因素的现实有效性必须由可观察行为、反馈和持续结果验证。,0.8
M4-BUFFER-307,K04 处理顺序错位｜问题摘要,L6 K01—K08保护路由,BUFFER-K机制接口,通用,定义,K04 处理顺序错位,保留原问题定义。,K04已由OVERUSE、LOOP或REPAIR形成候选。,只有单一十神标签。,由共享基础引擎提供；仅修正保护功能的承载、持续调用和压力状态下的稳定性，不直接等同成熟度、道德或现实行为。,由M1／M2接口提供；夫妻星、心动原型和关系门槛只说明关系议题，不单独证明保护因素已经被调用或有效。,由M3-BASE及M4各模块提供；日支、日柱近位可提高与亲密关系核心的相关性，但同一source_id不得重复计分。,保护因素必须明确限制过用、补足缺位、恢复顺序、打开反馈、落实改变或完成修复回流；不能只凭五行相生补写现实效果。,近位提高进入亲密关系核心的概率；远位只作背景、阶段或条件性修正。,根气只修正该保护功能是否容易重复调用，不等于现实中已经形成稳定保护。,旺弱只修正调用强度与承载；强不自动有效，弱也不自动无效。,喜忌只修正摩擦、平衡与承载，不可直接翻译为好坏、成熟度或解决方案。,原十神功能有效；真合化成立时按化神功能替换，合化争议时停止定性。,近位提高直接相关性；远位仅保留背景、阶段或低置信修正。,94,不加分；继承,blind_spot_theme,两项能力都存在，但进入先后、时机或阶段不合适。,当前需要处理的核心不是某个十神好坏，而是：两项能力都存在，但进入先后、时机或阶段不合适。,不得仅凭本规则断定问题已经解决、关系必然稳定、用户一定成熟、某十神天然是“药”、喜用神自动等于解决办法，或淡化暴力、强迫与现实伤害；现实行为、反例、安全事实和专业支持优先。,中高,待验证,,provisional=true；保护因素的现实有效性必须由可观察行为、反馈和持续结果验证。,0.8
M4-BUFFER-308,K04 处理顺序错位｜主保护路由,L6 K01—K08保护路由,BUFFER-K机制接口,通用,路由,K04 处理顺序错位,确定首选保护功能。,K04达到E1以上，且BF08状态分工结构可用。,BF08状态分工与风险来源同源重复或功能不匹配。,由共享基础引擎提供；仅修正保护功能的承载、持续调用和压力状态下的稳定性，不直接等同成熟度、道德或现实行为。,由M1／M2接口提供；夫妻星、心动原型和关系门槛只说明关系议题，不单独证明保护因素已经被调用或有效。,由M3-BASE及M4各模块提供；日支、日柱近位可提高与亲密关系核心的相关性，但同一source_id不得重复计分。,保护因素必须明确限制过用、补足缺位、恢复顺序、打开反馈、落实改变或完成修复回流；不能只凭五行相生补写现实效果。,近位提高进入亲密关系核心的概率；远位只作背景、阶段或条件性修正。,根气只修正该保护功能是否容易重复调用，不等于现实中已经形成稳定保护。,旺弱只修正调用强度与承载；强不自动有效，弱也不自动无效。,喜忌只修正摩擦、平衡与承载，不可直接翻译为好坏、成熟度或解决方案。,原十神功能有效；真合化成立时按化神功能替换，合化争议时停止定性。,近位提高直接相关性；远位仅保留背景、阶段或低置信修正。,95,主路由+8,primary_buffer,K04优先路由至BF08状态分工。,最优先检查的是BF08状态分工能否进入并改变当前链条。,不得仅凭本规则断定问题已经解决、关系必然稳定、用户一定成熟、某十神天然是“药”、喜用神自动等于解决办法，或淡化暴力、强迫与现实伤害；现实行为、反例、安全事实和专业支持优先。,中高,待验证,,provisional=true；保护因素的现实有效性必须由可观察行为、反馈和持续结果验证。,0.8
M4-BUFFER-309,K04 处理顺序错位｜次保护路由,L6 K01—K08保护路由,BUFFER-K机制接口,通用,路由,K04 处理顺序错位,补充第二类保护功能。,主保护不足以独立改变链条，且存在BF02通关／BF05反馈／明确回访点中的独立资源。,把所有次资源堆叠成万能保护。,由共享基础引擎提供；仅修正保护功能的承载、持续调用和压力状态下的稳定性，不直接等同成熟度、道德或现实行为。,由M1／M2接口提供；夫妻星、心动原型和关系门槛只说明关系议题，不单独证明保护因素已经被调用或有效。,由M3-BASE及M4各模块提供；日支、日柱近位可提高与亲密关系核心的相关性，但同一source_id不得重复计分。,保护因素必须明确限制过用、补足缺位、恢复顺序、打开反馈、落实改变或完成修复回流；不能只凭五行相生补写现实效果。,近位提高进入亲密关系核心的概率；远位只作背景、阶段或条件性修正。,根气只修正该保护功能是否容易重复调用，不等于现实中已经形成稳定保护。,旺弱只修正调用强度与承载；强不自动有效，弱也不自动无效。,喜忌只修正摩擦、平衡与承载，不可直接翻译为好坏、成熟度或解决方案。,原十神功能有效；真合化成立时按化神功能替换，合化争议时停止定性。,近位提高直接相关性；远位仅保留背景、阶段或低置信修正。,90,次路由+4,secondary_buffer,次级资源可来自：BF02通关／BF05反馈／明确回访点。,若主资源不足，还可以检查BF02通关／BF05反馈／明确回访点是否提供补位。,不得仅凭本规则断定问题已经解决、关系必然稳定、用户一定成熟、某十神天然是“药”、喜用神自动等于解决办法，或淡化暴力、强迫与现实伤害；现实行为、反例、安全事实和专业支持优先。,中高,待验证,,provisional=true；保护因素的现实有效性必须由可观察行为、反馈和持续结果验证。,0.8
M4-BUFFER-310,K04 处理顺序错位｜有效标志,L6 K01—K08保护路由,BUFFER-K机制接口,通用,效果,K04 处理顺序错位,判断保护是否真正改变K机制。,第一步完成后，第二步在约定时点回流，不再长期延后。,只改变表面顺序，后续关键步骤仍未完成。,由共享基础引擎提供；仅修正保护功能的承载、持续调用和压力状态下的稳定性，不直接等同成熟度、道德或现实行为。,由M1／M2接口提供；夫妻星、心动原型和关系门槛只说明关系议题，不单独证明保护因素已经被调用或有效。,由M3-BASE及M4各模块提供；日支、日柱近位可提高与亲密关系核心的相关性，但同一source_id不得重复计分。,保护因素必须明确限制过用、补足缺位、恢复顺序、打开反馈、落实改变或完成修复回流；不能只凭五行相生补写现实效果。,近位提高进入亲密关系核心的概率；远位只作背景、阶段或条件性修正。,根气只修正该保护功能是否容易重复调用，不等于现实中已经形成稳定保护。,旺弱只修正调用强度与承载；强不自动有效，弱也不自动无效。,喜忌只修正摩擦、平衡与承载，不可直接翻译为好坏、成熟度或解决方案。,原十神功能有效；真合化成立时按化神功能替换，合化争议时停止定性。,近位提高直接相关性；远位仅保留背景、阶段或低置信修正。,93,效果+12,buffer_level,有效标志：第一步完成后，第二步在约定时点回流，不再长期延后。,真正有效时，会看到：第一步完成后，第二步在约定时点回流，不再长期延后。,不得仅凭本规则断定问题已经解决、关系必然稳定、用户一定成熟、某十神天然是“药”、喜用神自动等于解决办法，或淡化暴力、强迫与现实伤害；现实行为、反例、安全事实和专业支持优先。,中高,待验证,,provisional=true；保护因素的现实有效性必须由可观察行为、反馈和持续结果验证。,0.8
M4-BUFFER-311,K04 处理顺序错位｜失效与伪保护,L6 K01—K08保护路由,BUFFER-K机制接口,通用,降级,K04 处理顺序错位,防止保护资源制造新失衡。,只改变表面顺序，后续关键步骤仍未完成。,第一步完成后，第二步在约定时点回流，不再长期延后。,由共享基础引擎提供；仅修正保护功能的承载、持续调用和压力状态下的稳定性，不直接等同成熟度、道德或现实行为。,由M1／M2接口提供；夫妻星、心动原型和关系门槛只说明关系议题，不单独证明保护因素已经被调用或有效。,由M3-BASE及M4各模块提供；日支、日柱近位可提高与亲密关系核心的相关性，但同一source_id不得重复计分。,保护因素必须明确限制过用、补足缺位、恢复顺序、打开反馈、落实改变或完成修复回流；不能只凭五行相生补写现实效果。,近位提高进入亲密关系核心的概率；远位只作背景、阶段或条件性修正。,根气只修正该保护功能是否容易重复调用，不等于现实中已经形成稳定保护。,旺弱只修正调用强度与承载；强不自动有效，弱也不自动无效。,喜忌只修正摩擦、平衡与承载，不可直接翻译为好坏、成熟度或解决方案。,原十神功能有效；真合化成立时按化神功能替换，合化争议时停止定性。,近位提高直接相关性；远位仅保留背景、阶段或低置信修正。,97,失效-10,pseudo_buffer,失效表现：只改变表面顺序，后续关键步骤仍未完成。,若只是“只改变表面顺序，后续关键步骤仍未完成。”，说明保护还没有真正成立。,不得仅凭本规则断定问题已经解决、关系必然稳定、用户一定成熟、某十神天然是“药”、喜用神自动等于解决办法，或淡化暴力、强迫与现实伤害；现实行为、反例、安全事实和专业支持优先。,高,待验证,,provisional=true；保护因素的现实有效性必须由可观察行为、反馈和持续结果验证。,0.8
M4-BUFFER-312,K04 处理顺序错位｜用户输出,L6 K01—K08保护路由,BUFFER-K机制接口,通用,语言,K04 处理顺序错位,生成K机制＋保护语言。,K04成立且至少一项匹配保护达到BL2以上。,资料不足或安全停止。,由共享基础引擎提供；仅修正保护功能的承载、持续调用和压力状态下的稳定性，不直接等同成熟度、道德或现实行为。,由M1／M2接口提供；夫妻星、心动原型和关系门槛只说明关系议题，不单独证明保护因素已经被调用或有效。,由M3-BASE及M4各模块提供；日支、日柱近位可提高与亲密关系核心的相关性，但同一source_id不得重复计分。,保护因素必须明确限制过用、补足缺位、恢复顺序、打开反馈、落实改变或完成修复回流；不能只凭五行相生补写现实效果。,近位提高进入亲密关系核心的概率；远位只作背景、阶段或条件性修正。,根气只修正该保护功能是否容易重复调用，不等于现实中已经形成稳定保护。,旺弱只修正调用强度与承载；强不自动有效，弱也不自动无效。,喜忌只修正摩擦、平衡与承载，不可直接翻译为好坏、成熟度或解决方案。,原十神功能有效；真合化成立时按化神功能替换，合化争议时停止定性。,近位提高直接相关性；远位仅保留背景、阶段或低置信修正。,84,不加分；输出,report_text,两项能力都存在，但进入先后、时机或阶段不合适。；对应保护是BF08状态分工，必要时辅以BF02通关／BF05反馈／明确回访点。,当这类情况出现时，你真正需要的不是更用力，而是让BF08状态分工进入，必要时再由BF02通关／BF05反馈／明确回访点补位。,不得仅凭本规则断定问题已经解决、关系必然稳定、用户一定成熟、某十神天然是“药”、喜用神自动等于解决办法，或淡化暴力、强迫与现实伤害；现实行为、反例、安全事实和专业支持优先。,中高,待验证,,provisional=true；保护因素的现实有效性必须由可观察行为、反馈和持续结果验证。,0.8
M4-BUFFER-313,K05 双通道竞争｜问题摘要,L6 K01—K08保护路由,BUFFER-K机制接口,通用,定义,K05 双通道竞争,保留原问题定义。,K05已由OVERUSE、LOOP或REPAIR形成候选。,只有单一十神标签。,由共享基础引擎提供；仅修正保护功能的承载、持续调用和压力状态下的稳定性，不直接等同成熟度、道德或现实行为。,由M1／M2接口提供；夫妻星、心动原型和关系门槛只说明关系议题，不单独证明保护因素已经被调用或有效。,由M3-BASE及M4各模块提供；日支、日柱近位可提高与亲密关系核心的相关性，但同一source_id不得重复计分。,保护因素必须明确限制过用、补足缺位、恢复顺序、打开反馈、落实改变或完成修复回流；不能只凭五行相生补写现实效果。,近位提高进入亲密关系核心的概率；远位只作背景、阶段或条件性修正。,根气只修正该保护功能是否容易重复调用，不等于现实中已经形成稳定保护。,旺弱只修正调用强度与承载；强不自动有效，弱也不自动无效。,喜忌只修正摩擦、平衡与承载，不可直接翻译为好坏、成熟度或解决方案。,原十神功能有效；真合化成立时按化神功能替换，合化争议时停止定性。,近位提高直接相关性；远位仅保留背景、阶段或低置信修正。,94,不加分；继承,blind_spot_theme,两项合理功能在同一阶段争夺主导，缺少分工和协调。,当前需要处理的核心不是某个十神好坏，而是：两项合理功能在同一阶段争夺主导，缺少分工和协调。,不得仅凭本规则断定问题已经解决、关系必然稳定、用户一定成熟、某十神天然是“药”、喜用神自动等于解决办法，或淡化暴力、强迫与现实伤害；现实行为、反例、安全事实和专业支持优先。,中高,待验证,,provisional=true；保护因素的现实有效性必须由可观察行为、反馈和持续结果验证。,0.8
M4-BUFFER-314,K05 双通道竞争｜主保护路由,L6 K01—K08保护路由,BUFFER-K机制接口,通用,路由,K05 双通道竞争,确定首选保护功能。,K05达到E1以上，且BF03独立边界支持结构可用。,BF03独立边界支持与风险来源同源重复或功能不匹配。,由共享基础引擎提供；仅修正保护功能的承载、持续调用和压力状态下的稳定性，不直接等同成熟度、道德或现实行为。,由M1／M2接口提供；夫妻星、心动原型和关系门槛只说明关系议题，不单独证明保护因素已经被调用或有效。,由M3-BASE及M4各模块提供；日支、日柱近位可提高与亲密关系核心的相关性，但同一source_id不得重复计分。,保护因素必须明确限制过用、补足缺位、恢复顺序、打开反馈、落实改变或完成修复回流；不能只凭五行相生补写现实效果。,近位提高进入亲密关系核心的概率；远位只作背景、阶段或条件性修正。,根气只修正该保护功能是否容易重复调用，不等于现实中已经形成稳定保护。,旺弱只修正调用强度与承载；强不自动有效，弱也不自动无效。,喜忌只修正摩擦、平衡与承载，不可直接翻译为好坏、成熟度或解决方案。,原十神功能有效；真合化成立时按化神功能替换，合化争议时停止定性。,近位提高直接相关性；远位仅保留背景、阶段或低置信修正。,95,主路由+8,primary_buffer,K05优先路由至BF03独立边界支持。,最优先检查的是BF03独立边界支持能否进入并改变当前链条。,不得仅凭本规则断定问题已经解决、关系必然稳定、用户一定成熟、某十神天然是“药”、喜用神自动等于解决办法，或淡化暴力、强迫与现实伤害；现实行为、反例、安全事实和专业支持优先。,中高,待验证,,provisional=true；保护因素的现实有效性必须由可观察行为、反馈和持续结果验证。,0.8
M4-BUFFER-315,K05 双通道竞争｜次保护路由,L6 K01—K08保护路由,BUFFER-K机制接口,通用,路由,K05 双通道竞争,补充第二类保护功能。,主保护不足以独立改变链条，且存在BF05反馈通道／共同规则／角色分工中的独立资源。,把所有次资源堆叠成万能保护。,由共享基础引擎提供；仅修正保护功能的承载、持续调用和压力状态下的稳定性，不直接等同成熟度、道德或现实行为。,由M1／M2接口提供；夫妻星、心动原型和关系门槛只说明关系议题，不单独证明保护因素已经被调用或有效。,由M3-BASE及M4各模块提供；日支、日柱近位可提高与亲密关系核心的相关性，但同一source_id不得重复计分。,保护因素必须明确限制过用、补足缺位、恢复顺序、打开反馈、落实改变或完成修复回流；不能只凭五行相生补写现实效果。,近位提高进入亲密关系核心的概率；远位只作背景、阶段或条件性修正。,根气只修正该保护功能是否容易重复调用，不等于现实中已经形成稳定保护。,旺弱只修正调用强度与承载；强不自动有效，弱也不自动无效。,喜忌只修正摩擦、平衡与承载，不可直接翻译为好坏、成熟度或解决方案。,原十神功能有效；真合化成立时按化神功能替换，合化争议时停止定性。,近位提高直接相关性；远位仅保留背景、阶段或低置信修正。,90,次路由+4,secondary_buffer,次级资源可来自：BF05反馈通道／共同规则／角色分工。,若主资源不足，还可以检查BF05反馈通道／共同规则／角色分工是否提供补位。,不得仅凭本规则断定问题已经解决、关系必然稳定、用户一定成熟、某十神天然是“药”、喜用神自动等于解决办法，或淡化暴力、强迫与现实伤害；现实行为、反例、安全事实和专业支持优先。,中高,待验证,,provisional=true；保护因素的现实有效性必须由可观察行为、反馈和持续结果验证。,0.8
M4-BUFFER-316,K05 双通道竞争｜有效标志,L6 K01—K08保护路由,BUFFER-K机制接口,通用,效果,K05 双通道竞争,判断保护是否真正改变K机制。,两项功能明确各自任务、优先级和决定范围。,机械折中、轮流压制或把竞争解释成谁更正确。,由共享基础引擎提供；仅修正保护功能的承载、持续调用和压力状态下的稳定性，不直接等同成熟度、道德或现实行为。,由M1／M2接口提供；夫妻星、心动原型和关系门槛只说明关系议题，不单独证明保护因素已经被调用或有效。,由M3-BASE及M4各模块提供；日支、日柱近位可提高与亲密关系核心的相关性，但同一source_id不得重复计分。,保护因素必须明确限制过用、补足缺位、恢复顺序、打开反馈、落实改变或完成修复回流；不能只凭五行相生补写现实效果。,近位提高进入亲密关系核心的概率；远位只作背景、阶段或条件性修正。,根气只修正该保护功能是否容易重复调用，不等于现实中已经形成稳定保护。,旺弱只修正调用强度与承载；强不自动有效，弱也不自动无效。,喜忌只修正摩擦、平衡与承载，不可直接翻译为好坏、成熟度或解决方案。,原十神功能有效；真合化成立时按化神功能替换，合化争议时停止定性。,近位提高直接相关性；远位仅保留背景、阶段或低置信修正。,93,效果+12,buffer_level,有效标志：两项功能明确各自任务、优先级和决定范围。,真正有效时，会看到：两项功能明确各自任务、优先级和决定范围。,不得仅凭本规则断定问题已经解决、关系必然稳定、用户一定成熟、某十神天然是“药”、喜用神自动等于解决办法，或淡化暴力、强迫与现实伤害；现实行为、反例、安全事实和专业支持优先。,中高,待验证,,provisional=true；保护因素的现实有效性必须由可观察行为、反馈和持续结果验证。,0.8
M4-BUFFER-317,K05 双通道竞争｜失效与伪保护,L6 K01—K08保护路由,BUFFER-K机制接口,通用,降级,K05 双通道竞争,防止保护资源制造新失衡。,机械折中、轮流压制或把竞争解释成谁更正确。,两项功能明确各自任务、优先级和决定范围。,由共享基础引擎提供；仅修正保护功能的承载、持续调用和压力状态下的稳定性，不直接等同成熟度、道德或现实行为。,由M1／M2接口提供；夫妻星、心动原型和关系门槛只说明关系议题，不单独证明保护因素已经被调用或有效。,由M3-BASE及M4各模块提供；日支、日柱近位可提高与亲密关系核心的相关性，但同一source_id不得重复计分。,保护因素必须明确限制过用、补足缺位、恢复顺序、打开反馈、落实改变或完成修复回流；不能只凭五行相生补写现实效果。,近位提高进入亲密关系核心的概率；远位只作背景、阶段或条件性修正。,根气只修正该保护功能是否容易重复调用，不等于现实中已经形成稳定保护。,旺弱只修正调用强度与承载；强不自动有效，弱也不自动无效。,喜忌只修正摩擦、平衡与承载，不可直接翻译为好坏、成熟度或解决方案。,原十神功能有效；真合化成立时按化神功能替换，合化争议时停止定性。,近位提高直接相关性；远位仅保留背景、阶段或低置信修正。,97,失效-10,pseudo_buffer,失效表现：机械折中、轮流压制或把竞争解释成谁更正确。,若只是“机械折中、轮流压制或把竞争解释成谁更正确。”，说明保护还没有真正成立。,不得仅凭本规则断定问题已经解决、关系必然稳定、用户一定成熟、某十神天然是“药”、喜用神自动等于解决办法，或淡化暴力、强迫与现实伤害；现实行为、反例、安全事实和专业支持优先。,高,待验证,,provisional=true；保护因素的现实有效性必须由可观察行为、反馈和持续结果验证。,0.8
M4-BUFFER-318,K05 双通道竞争｜用户输出,L6 K01—K08保护路由,BUFFER-K机制接口,通用,语言,K05 双通道竞争,生成K机制＋保护语言。,K05成立且至少一项匹配保护达到BL2以上。,资料不足或安全停止。,由共享基础引擎提供；仅修正保护功能的承载、持续调用和压力状态下的稳定性，不直接等同成熟度、道德或现实行为。,由M1／M2接口提供；夫妻星、心动原型和关系门槛只说明关系议题，不单独证明保护因素已经被调用或有效。,由M3-BASE及M4各模块提供；日支、日柱近位可提高与亲密关系核心的相关性，但同一source_id不得重复计分。,保护因素必须明确限制过用、补足缺位、恢复顺序、打开反馈、落实改变或完成修复回流；不能只凭五行相生补写现实效果。,近位提高进入亲密关系核心的概率；远位只作背景、阶段或条件性修正。,根气只修正该保护功能是否容易重复调用，不等于现实中已经形成稳定保护。,旺弱只修正调用强度与承载；强不自动有效，弱也不自动无效。,喜忌只修正摩擦、平衡与承载，不可直接翻译为好坏、成熟度或解决方案。,原十神功能有效；真合化成立时按化神功能替换，合化争议时停止定性。,近位提高直接相关性；远位仅保留背景、阶段或低置信修正。,84,不加分；输出,report_text,两项合理功能在同一阶段争夺主导，缺少分工和协调。；对应保护是BF03独立边界支持，必要时辅以BF05反馈通道／共同规则／角色分工。,当这类情况出现时，你真正需要的不是更用力，而是让BF03独立边界支持进入，必要时再由BF05反馈通道／共同规则／角色分工补位。,不得仅凭本规则断定问题已经解决、关系必然稳定、用户一定成熟、某十神天然是“药”、喜用神自动等于解决办法，或淡化暴力、强迫与现实伤害；现实行为、反例、安全事实和专业支持优先。,中高,待验证,,provisional=true；保护因素的现实有效性必须由可观察行为、反馈和持续结果验证。,0.8
M4-BUFFER-319,K06 功能转换受阻｜问题摘要,L6 K01—K08保护路由,BUFFER-K机制接口,通用,定义,K06 功能转换受阻,保留原问题定义。,K06已由OVERUSE、LOOP或REPAIR形成候选。,只有单一十神标签。,由共享基础引擎提供；仅修正保护功能的承载、持续调用和压力状态下的稳定性，不直接等同成熟度、道德或现实行为。,由M1／M2接口提供；夫妻星、心动原型和关系门槛只说明关系议题，不单独证明保护因素已经被调用或有效。,由M3-BASE及M4各模块提供；日支、日柱近位可提高与亲密关系核心的相关性，但同一source_id不得重复计分。,保护因素必须明确限制过用、补足缺位、恢复顺序、打开反馈、落实改变或完成修复回流；不能只凭五行相生补写现实效果。,近位提高进入亲密关系核心的概率；远位只作背景、阶段或条件性修正。,根气只修正该保护功能是否容易重复调用，不等于现实中已经形成稳定保护。,旺弱只修正调用强度与承载；强不自动有效，弱也不自动无效。,喜忌只修正摩擦、平衡与承载，不可直接翻译为好坏、成熟度或解决方案。,原十神功能有效；真合化成立时按化神功能替换，合化争议时停止定性。,近位提高直接相关性；远位仅保留背景、阶段或低置信修正。,94,不加分；继承,blind_spot_theme,第一项任务已经完成，但没有转成下一项必要关系功能。,当前需要处理的核心不是某个十神好坏，而是：第一项任务已经完成，但没有转成下一项必要关系功能。,不得仅凭本规则断定问题已经解决、关系必然稳定、用户一定成熟、某十神天然是“药”、喜用神自动等于解决办法，或淡化暴力、强迫与现实伤害；现实行为、反例、安全事实和专业支持优先。,中高,待验证,,provisional=true；保护因素的现实有效性必须由可观察行为、反馈和持续结果验证。,0.8
M4-BUFFER-320,K06 功能转换受阻｜主保护路由,L6 K01—K08保护路由,BUFFER-K机制接口,通用,路由,K06 功能转换受阻,确定首选保护功能。,K06达到E1以上，且BF02跨系统通关结构可用。,BF02跨系统通关与风险来源同源重复或功能不匹配。,由共享基础引擎提供；仅修正保护功能的承载、持续调用和压力状态下的稳定性，不直接等同成熟度、道德或现实行为。,由M1／M2接口提供；夫妻星、心动原型和关系门槛只说明关系议题，不单独证明保护因素已经被调用或有效。,由M3-BASE及M4各模块提供；日支、日柱近位可提高与亲密关系核心的相关性，但同一source_id不得重复计分。,保护因素必须明确限制过用、补足缺位、恢复顺序、打开反馈、落实改变或完成修复回流；不能只凭五行相生补写现实效果。,近位提高进入亲密关系核心的概率；远位只作背景、阶段或条件性修正。,根气只修正该保护功能是否容易重复调用，不等于现实中已经形成稳定保护。,旺弱只修正调用强度与承载；强不自动有效，弱也不自动无效。,喜忌只修正摩擦、平衡与承载，不可直接翻译为好坏、成熟度或解决方案。,原十神功能有效；真合化成立时按化神功能替换，合化争议时停止定性。,近位提高直接相关性；远位仅保留背景、阶段或低置信修正。,95,主路由+8,primary_buffer,K06优先路由至BF02跨系统通关。,最优先检查的是BF02跨系统通关能否进入并改变当前链条。,不得仅凭本规则断定问题已经解决、关系必然稳定、用户一定成熟、某十神天然是“药”、喜用神自动等于解决办法，或淡化暴力、强迫与现实伤害；现实行为、反例、安全事实和专业支持优先。,中高,待验证,,provisional=true；保护因素的现实有效性必须由可观察行为、反馈和持续结果验证。,0.8
M4-BUFFER-321,K06 功能转换受阻｜次保护路由,L6 K01—K08保护路由,BUFFER-K机制接口,通用,路由,K06 功能转换受阻,补充第二类保护功能。,主保护不足以独立改变链条，且存在BF06现实兑现／BF05反馈中的独立资源。,把所有次资源堆叠成万能保护。,由共享基础引擎提供；仅修正保护功能的承载、持续调用和压力状态下的稳定性，不直接等同成熟度、道德或现实行为。,由M1／M2接口提供；夫妻星、心动原型和关系门槛只说明关系议题，不单独证明保护因素已经被调用或有效。,由M3-BASE及M4各模块提供；日支、日柱近位可提高与亲密关系核心的相关性，但同一source_id不得重复计分。,保护因素必须明确限制过用、补足缺位、恢复顺序、打开反馈、落实改变或完成修复回流；不能只凭五行相生补写现实效果。,近位提高进入亲密关系核心的概率；远位只作背景、阶段或条件性修正。,根气只修正该保护功能是否容易重复调用，不等于现实中已经形成稳定保护。,旺弱只修正调用强度与承载；强不自动有效，弱也不自动无效。,喜忌只修正摩擦、平衡与承载，不可直接翻译为好坏、成熟度或解决方案。,原十神功能有效；真合化成立时按化神功能替换，合化争议时停止定性。,近位提高直接相关性；远位仅保留背景、阶段或低置信修正。,90,次路由+4,secondary_buffer,次级资源可来自：BF06现实兑现／BF05反馈。,若主资源不足，还可以检查BF06现实兑现／BF05反馈是否提供补位。,不得仅凭本规则断定问题已经解决、关系必然稳定、用户一定成熟、某十神天然是“药”、喜用神自动等于解决办法，或淡化暴力、强迫与现实伤害；现实行为、反例、安全事实和专业支持优先。,中高,待验证,,provisional=true；保护因素的现实有效性必须由可观察行为、反馈和持续结果验证。,0.8
M4-BUFFER-322,K06 功能转换受阻｜有效标志,L6 K01—K08保护路由,BUFFER-K机制接口,通用,效果,K06 功能转换受阻,判断保护是否真正改变K机制。,起点、桥梁和终点形成可观察转换链。,只有桥梁标签、五行相生或一次动作，没有目标功能结果。,由共享基础引擎提供；仅修正保护功能的承载、持续调用和压力状态下的稳定性，不直接等同成熟度、道德或现实行为。,由M1／M2接口提供；夫妻星、心动原型和关系门槛只说明关系议题，不单独证明保护因素已经被调用或有效。,由M3-BASE及M4各模块提供；日支、日柱近位可提高与亲密关系核心的相关性，但同一source_id不得重复计分。,保护因素必须明确限制过用、补足缺位、恢复顺序、打开反馈、落实改变或完成修复回流；不能只凭五行相生补写现实效果。,近位提高进入亲密关系核心的概率；远位只作背景、阶段或条件性修正。,根气只修正该保护功能是否容易重复调用，不等于现实中已经形成稳定保护。,旺弱只修正调用强度与承载；强不自动有效，弱也不自动无效。,喜忌只修正摩擦、平衡与承载，不可直接翻译为好坏、成熟度或解决方案。,原十神功能有效；真合化成立时按化神功能替换，合化争议时停止定性。,近位提高直接相关性；远位仅保留背景、阶段或低置信修正。,93,效果+12,buffer_level,有效标志：起点、桥梁和终点形成可观察转换链。,真正有效时，会看到：起点、桥梁和终点形成可观察转换链。,不得仅凭本规则断定问题已经解决、关系必然稳定、用户一定成熟、某十神天然是“药”、喜用神自动等于解决办法，或淡化暴力、强迫与现实伤害；现实行为、反例、安全事实和专业支持优先。,中高,待验证,,provisional=true；保护因素的现实有效性必须由可观察行为、反馈和持续结果验证。,0.8
M4-BUFFER-323,K06 功能转换受阻｜失效与伪保护,L6 K01—K08保护路由,BUFFER-K机制接口,通用,降级,K06 功能转换受阻,防止保护资源制造新失衡。,只有桥梁标签、五行相生或一次动作，没有目标功能结果。,起点、桥梁和终点形成可观察转换链。,由共享基础引擎提供；仅修正保护功能的承载、持续调用和压力状态下的稳定性，不直接等同成熟度、道德或现实行为。,由M1／M2接口提供；夫妻星、心动原型和关系门槛只说明关系议题，不单独证明保护因素已经被调用或有效。,由M3-BASE及M4各模块提供；日支、日柱近位可提高与亲密关系核心的相关性，但同一source_id不得重复计分。,保护因素必须明确限制过用、补足缺位、恢复顺序、打开反馈、落实改变或完成修复回流；不能只凭五行相生补写现实效果。,近位提高进入亲密关系核心的概率；远位只作背景、阶段或条件性修正。,根气只修正该保护功能是否容易重复调用，不等于现实中已经形成稳定保护。,旺弱只修正调用强度与承载；强不自动有效，弱也不自动无效。,喜忌只修正摩擦、平衡与承载，不可直接翻译为好坏、成熟度或解决方案。,原十神功能有效；真合化成立时按化神功能替换，合化争议时停止定性。,近位提高直接相关性；远位仅保留背景、阶段或低置信修正。,97,失效-10,pseudo_buffer,失效表现：只有桥梁标签、五行相生或一次动作，没有目标功能结果。,若只是“只有桥梁标签、五行相生或一次动作，没有目标功能结果。”，说明保护还没有真正成立。,不得仅凭本规则断定问题已经解决、关系必然稳定、用户一定成熟、某十神天然是“药”、喜用神自动等于解决办法，或淡化暴力、强迫与现实伤害；现实行为、反例、安全事实和专业支持优先。,高,待验证,,provisional=true；保护因素的现实有效性必须由可观察行为、反馈和持续结果验证。,0.8
M4-BUFFER-324,K06 功能转换受阻｜用户输出,L6 K01—K08保护路由,BUFFER-K机制接口,通用,语言,K06 功能转换受阻,生成K机制＋保护语言。,K06成立且至少一项匹配保护达到BL2以上。,资料不足或安全停止。,由共享基础引擎提供；仅修正保护功能的承载、持续调用和压力状态下的稳定性，不直接等同成熟度、道德或现实行为。,由M1／M2接口提供；夫妻星、心动原型和关系门槛只说明关系议题，不单独证明保护因素已经被调用或有效。,由M3-BASE及M4各模块提供；日支、日柱近位可提高与亲密关系核心的相关性，但同一source_id不得重复计分。,保护因素必须明确限制过用、补足缺位、恢复顺序、打开反馈、落实改变或完成修复回流；不能只凭五行相生补写现实效果。,近位提高进入亲密关系核心的概率；远位只作背景、阶段或条件性修正。,根气只修正该保护功能是否容易重复调用，不等于现实中已经形成稳定保护。,旺弱只修正调用强度与承载；强不自动有效，弱也不自动无效。,喜忌只修正摩擦、平衡与承载，不可直接翻译为好坏、成熟度或解决方案。,原十神功能有效；真合化成立时按化神功能替换，合化争议时停止定性。,近位提高直接相关性；远位仅保留背景、阶段或低置信修正。,84,不加分；输出,report_text,第一项任务已经完成，但没有转成下一项必要关系功能。；对应保护是BF02跨系统通关，必要时辅以BF06现实兑现／BF05反馈。,当这类情况出现时，你真正需要的不是更用力，而是让BF02跨系统通关进入，必要时再由BF06现实兑现／BF05反馈补位。,不得仅凭本规则断定问题已经解决、关系必然稳定、用户一定成熟、某十神天然是“药”、喜用神自动等于解决办法，或淡化暴力、强迫与现实伤害；现实行为、反例、安全事实和专业支持优先。,中高,待验证,,provisional=true；保护因素的现实有效性必须由可观察行为、反馈和持续结果验证。,0.8
M4-BUFFER-325,K07 反馈回路放大｜问题摘要,L6 K01—K08保护路由,BUFFER-K机制接口,通用,定义,K07 反馈回路放大,保留原问题定义。,K07已由OVERUSE、LOOP或REPAIR形成候选。,只有单一十神标签。,由共享基础引擎提供；仅修正保护功能的承载、持续调用和压力状态下的稳定性，不直接等同成熟度、道德或现实行为。,由M1／M2接口提供；夫妻星、心动原型和关系门槛只说明关系议题，不单独证明保护因素已经被调用或有效。,由M3-BASE及M4各模块提供；日支、日柱近位可提高与亲密关系核心的相关性，但同一source_id不得重复计分。,保护因素必须明确限制过用、补足缺位、恢复顺序、打开反馈、落实改变或完成修复回流；不能只凭五行相生补写现实效果。,近位提高进入亲密关系核心的概率；远位只作背景、阶段或条件性修正。,根气只修正该保护功能是否容易重复调用，不等于现实中已经形成稳定保护。,旺弱只修正调用强度与承载；强不自动有效，弱也不自动无效。,喜忌只修正摩擦、平衡与承载，不可直接翻译为好坏、成熟度或解决方案。,原十神功能有效；真合化成立时按化神功能替换，合化争议时停止定性。,近位提高直接相关性；远位仅保留背景、阶段或低置信修正。,94,不加分；继承,blind_spot_theme,对方反馈被误读为原判断的证明，促使原反应继续加码。,当前需要处理的核心不是某个十神好坏，而是：对方反馈被误读为原判断的证明，促使原反应继续加码。,不得仅凭本规则断定问题已经解决、关系必然稳定、用户一定成熟、某十神天然是“药”、喜用神自动等于解决办法，或淡化暴力、强迫与现实伤害；现实行为、反例、安全事实和专业支持优先。,中高,待验证,,provisional=true；保护因素的现实有效性必须由可观察行为、反馈和持续结果验证。,0.8
M4-BUFFER-326,K07 反馈回路放大｜主保护路由,L6 K01—K08保护路由,BUFFER-K机制接口,通用,路由,K07 反馈回路放大,确定首选保护功能。,K07达到E1以上，且BF04倾听与内部复核结构可用。,BF04倾听与内部复核与风险来源同源重复或功能不匹配。,由共享基础引擎提供；仅修正保护功能的承载、持续调用和压力状态下的稳定性，不直接等同成熟度、道德或现实行为。,由M1／M2接口提供；夫妻星、心动原型和关系门槛只说明关系议题，不单独证明保护因素已经被调用或有效。,由M3-BASE及M4各模块提供；日支、日柱近位可提高与亲密关系核心的相关性，但同一source_id不得重复计分。,保护因素必须明确限制过用、补足缺位、恢复顺序、打开反馈、落实改变或完成修复回流；不能只凭五行相生补写现实效果。,近位提高进入亲密关系核心的概率；远位只作背景、阶段或条件性修正。,根气只修正该保护功能是否容易重复调用，不等于现实中已经形成稳定保护。,旺弱只修正调用强度与承载；强不自动有效，弱也不自动无效。,喜忌只修正摩擦、平衡与承载，不可直接翻译为好坏、成熟度或解决方案。,原十神功能有效；真合化成立时按化神功能替换，合化争议时停止定性。,近位提高直接相关性；远位仅保留背景、阶段或低置信修正。,95,主路由+8,primary_buffer,K07优先路由至BF04倾听与内部复核。,最优先检查的是BF04倾听与内部复核能否进入并改变当前链条。,不得仅凭本规则断定问题已经解决、关系必然稳定、用户一定成熟、某十神天然是“药”、喜用神自动等于解决办法，或淡化暴力、强迫与现实伤害；现实行为、反例、安全事实和专业支持优先。,中高,待验证,,provisional=true；保护因素的现实有效性必须由可观察行为、反馈和持续结果验证。,0.8
M4-BUFFER-327,K07 反馈回路放大｜次保护路由,L6 K01—K08保护路由,BUFFER-K机制接口,通用,路由,K07 反馈回路放大,补充第二类保护功能。,主保护不足以独立改变链条，且存在BF05反馈通道／BF08状态识别中的独立资源。,把所有次资源堆叠成万能保护。,由共享基础引擎提供；仅修正保护功能的承载、持续调用和压力状态下的稳定性，不直接等同成熟度、道德或现实行为。,由M1／M2接口提供；夫妻星、心动原型和关系门槛只说明关系议题，不单独证明保护因素已经被调用或有效。,由M3-BASE及M4各模块提供；日支、日柱近位可提高与亲密关系核心的相关性，但同一source_id不得重复计分。,保护因素必须明确限制过用、补足缺位、恢复顺序、打开反馈、落实改变或完成修复回流；不能只凭五行相生补写现实效果。,近位提高进入亲密关系核心的概率；远位只作背景、阶段或条件性修正。,根气只修正该保护功能是否容易重复调用，不等于现实中已经形成稳定保护。,旺弱只修正调用强度与承载；强不自动有效，弱也不自动无效。,喜忌只修正摩擦、平衡与承载，不可直接翻译为好坏、成熟度或解决方案。,原十神功能有效；真合化成立时按化神功能替换，合化争议时停止定性。,近位提高直接相关性；远位仅保留背景、阶段或低置信修正。,90,次路由+4,secondary_buffer,次级资源可来自：BF05反馈通道／BF08状态识别。,若主资源不足，还可以检查BF05反馈通道／BF08状态识别是否提供补位。,不得仅凭本规则断定问题已经解决、关系必然稳定、用户一定成熟、某十神天然是“药”、喜用神自动等于解决办法，或淡化暴力、强迫与现实伤害；现实行为、反例、安全事实和专业支持优先。,中高,待验证,,provisional=true；保护因素的现实有效性必须由可观察行为、反馈和持续结果验证。,0.8
M4-BUFFER-328,K07 反馈回路放大｜有效标志,L6 K01—K08保护路由,BUFFER-K机制接口,通用,效果,K07 反馈回路放大,判断保护是否真正改变K机制。,反馈被记录为新信息，能够改变判断、强度或下一步。,继续猜测动机、加码解释、推进或撤回，没有核对事实。,由共享基础引擎提供；仅修正保护功能的承载、持续调用和压力状态下的稳定性，不直接等同成熟度、道德或现实行为。,由M1／M2接口提供；夫妻星、心动原型和关系门槛只说明关系议题，不单独证明保护因素已经被调用或有效。,由M3-BASE及M4各模块提供；日支、日柱近位可提高与亲密关系核心的相关性，但同一source_id不得重复计分。,保护因素必须明确限制过用、补足缺位、恢复顺序、打开反馈、落实改变或完成修复回流；不能只凭五行相生补写现实效果。,近位提高进入亲密关系核心的概率；远位只作背景、阶段或条件性修正。,根气只修正该保护功能是否容易重复调用，不等于现实中已经形成稳定保护。,旺弱只修正调用强度与承载；强不自动有效，弱也不自动无效。,喜忌只修正摩擦、平衡与承载，不可直接翻译为好坏、成熟度或解决方案。,原十神功能有效；真合化成立时按化神功能替换，合化争议时停止定性。,近位提高直接相关性；远位仅保留背景、阶段或低置信修正。,93,效果+12,buffer_level,有效标志：反馈被记录为新信息，能够改变判断、强度或下一步。,真正有效时，会看到：反馈被记录为新信息，能够改变判断、强度或下一步。,不得仅凭本规则断定问题已经解决、关系必然稳定、用户一定成熟、某十神天然是“药”、喜用神自动等于解决办法，或淡化暴力、强迫与现实伤害；现实行为、反例、安全事实和专业支持优先。,中高,待验证,,provisional=true；保护因素的现实有效性必须由可观察行为、反馈和持续结果验证。,0.8
M4-BUFFER-329,K07 反馈回路放大｜失效与伪保护,L6 K01—K08保护路由,BUFFER-K机制接口,通用,降级,K07 反馈回路放大,防止保护资源制造新失衡。,继续猜测动机、加码解释、推进或撤回，没有核对事实。,反馈被记录为新信息，能够改变判断、强度或下一步。,由共享基础引擎提供；仅修正保护功能的承载、持续调用和压力状态下的稳定性，不直接等同成熟度、道德或现实行为。,由M1／M2接口提供；夫妻星、心动原型和关系门槛只说明关系议题，不单独证明保护因素已经被调用或有效。,由M3-BASE及M4各模块提供；日支、日柱近位可提高与亲密关系核心的相关性，但同一source_id不得重复计分。,保护因素必须明确限制过用、补足缺位、恢复顺序、打开反馈、落实改变或完成修复回流；不能只凭五行相生补写现实效果。,近位提高进入亲密关系核心的概率；远位只作背景、阶段或条件性修正。,根气只修正该保护功能是否容易重复调用，不等于现实中已经形成稳定保护。,旺弱只修正调用强度与承载；强不自动有效，弱也不自动无效。,喜忌只修正摩擦、平衡与承载，不可直接翻译为好坏、成熟度或解决方案。,原十神功能有效；真合化成立时按化神功能替换，合化争议时停止定性。,近位提高直接相关性；远位仅保留背景、阶段或低置信修正。,97,失效-10,pseudo_buffer,失效表现：继续猜测动机、加码解释、推进或撤回，没有核对事实。,若只是“继续猜测动机、加码解释、推进或撤回，没有核对事实。”，说明保护还没有真正成立。,不得仅凭本规则断定问题已经解决、关系必然稳定、用户一定成熟、某十神天然是“药”、喜用神自动等于解决办法，或淡化暴力、强迫与现实伤害；现实行为、反例、安全事实和专业支持优先。,高,待验证,,provisional=true；保护因素的现实有效性必须由可观察行为、反馈和持续结果验证。,0.8
M4-BUFFER-330,K07 反馈回路放大｜用户输出,L6 K01—K08保护路由,BUFFER-K机制接口,通用,语言,K07 反馈回路放大,生成K机制＋保护语言。,K07成立且至少一项匹配保护达到BL2以上。,资料不足或安全停止。,由共享基础引擎提供；仅修正保护功能的承载、持续调用和压力状态下的稳定性，不直接等同成熟度、道德或现实行为。,由M1／M2接口提供；夫妻星、心动原型和关系门槛只说明关系议题，不单独证明保护因素已经被调用或有效。,由M3-BASE及M4各模块提供；日支、日柱近位可提高与亲密关系核心的相关性，但同一source_id不得重复计分。,保护因素必须明确限制过用、补足缺位、恢复顺序、打开反馈、落实改变或完成修复回流；不能只凭五行相生补写现实效果。,近位提高进入亲密关系核心的概率；远位只作背景、阶段或条件性修正。,根气只修正该保护功能是否容易重复调用，不等于现实中已经形成稳定保护。,旺弱只修正调用强度与承载；强不自动有效，弱也不自动无效。,喜忌只修正摩擦、平衡与承载，不可直接翻译为好坏、成熟度或解决方案。,原十神功能有效；真合化成立时按化神功能替换，合化争议时停止定性。,近位提高直接相关性；远位仅保留背景、阶段或低置信修正。,84,不加分；输出,report_text,对方反馈被误读为原判断的证明，促使原反应继续加码。；对应保护是BF04倾听与内部复核，必要时辅以BF05反馈通道／BF08状态识别。,当这类情况出现时，你真正需要的不是更用力，而是让BF04倾听与内部复核进入，必要时再由BF05反馈通道／BF08状态识别补位。,不得仅凭本规则断定问题已经解决、关系必然稳定、用户一定成熟、某十神天然是“药”、喜用神自动等于解决办法，或淡化暴力、强迫与现实伤害；现实行为、反例、安全事实和专业支持优先。,中高,待验证,,provisional=true；保护因素的现实有效性必须由可观察行为、反馈和持续结果验证。,0.8
M4-BUFFER-331,K08 修复断链｜问题摘要,L6 K01—K08保护路由,BUFFER-K机制接口,通用,定义,K08 修复断链,保留原问题定义。,K08已由OVERUSE、LOOP或REPAIR形成候选。,只有单一十神标签。,由共享基础引擎提供；仅修正保护功能的承载、持续调用和压力状态下的稳定性，不直接等同成熟度、道德或现实行为。,由M1／M2接口提供；夫妻星、心动原型和关系门槛只说明关系议题，不单独证明保护因素已经被调用或有效。,由M3-BASE及M4各模块提供；日支、日柱近位可提高与亲密关系核心的相关性，但同一source_id不得重复计分。,保护因素必须明确限制过用、补足缺位、恢复顺序、打开反馈、落实改变或完成修复回流；不能只凭五行相生补写现实效果。,近位提高进入亲密关系核心的概率；远位只作背景、阶段或条件性修正。,根气只修正该保护功能是否容易重复调用，不等于现实中已经形成稳定保护。,旺弱只修正调用强度与承载；强不自动有效，弱也不自动无效。,喜忌只修正摩擦、平衡与承载，不可直接翻译为好坏、成熟度或解决方案。,原十神功能有效；真合化成立时按化神功能替换，合化争议时停止定性。,近位提高直接相关性；远位仅保留背景、阶段或低置信修正。,94,不加分；继承,blind_spot_theme,问题停止或部分处理后，修复链缺少反馈、改变或回访。,当前需要处理的核心不是某个十神好坏，而是：问题停止或部分处理后，修复链缺少反馈、改变或回访。,不得仅凭本规则断定问题已经解决、关系必然稳定、用户一定成熟、某十神天然是“药”、喜用神自动等于解决办法，或淡化暴力、强迫与现实伤害；现实行为、反例、安全事实和专业支持优先。,中高,待验证,,provisional=true；保护因素的现实有效性必须由可观察行为、反馈和持续结果验证。,0.8
M4-BUFFER-332,K08 修复断链｜主保护路由,L6 K01—K08保护路由,BUFFER-K机制接口,通用,路由,K08 修复断链,确定首选保护功能。,K08达到E1以上，且BF07完整修复回流结构可用。,BF07完整修复回流与风险来源同源重复或功能不匹配。,由共享基础引擎提供；仅修正保护功能的承载、持续调用和压力状态下的稳定性，不直接等同成熟度、道德或现实行为。,由M1／M2接口提供；夫妻星、心动原型和关系门槛只说明关系议题，不单独证明保护因素已经被调用或有效。,由M3-BASE及M4各模块提供；日支、日柱近位可提高与亲密关系核心的相关性，但同一source_id不得重复计分。,保护因素必须明确限制过用、补足缺位、恢复顺序、打开反馈、落实改变或完成修复回流；不能只凭五行相生补写现实效果。,近位提高进入亲密关系核心的概率；远位只作背景、阶段或条件性修正。,根气只修正该保护功能是否容易重复调用，不等于现实中已经形成稳定保护。,旺弱只修正调用强度与承载；强不自动有效，弱也不自动无效。,喜忌只修正摩擦、平衡与承载，不可直接翻译为好坏、成熟度或解决方案。,原十神功能有效；真合化成立时按化神功能替换，合化争议时停止定性。,近位提高直接相关性；远位仅保留背景、阶段或低置信修正。,95,主路由+8,primary_buffer,K08优先路由至BF07完整修复回流。,最优先检查的是BF07完整修复回流能否进入并改变当前链条。,不得仅凭本规则断定问题已经解决、关系必然稳定、用户一定成熟、某十神天然是“药”、喜用神自动等于解决办法，或淡化暴力、强迫与现实伤害；现实行为、反例、安全事实和专业支持优先。,中高,待验证,,provisional=true；保护因素的现实有效性必须由可观察行为、反馈和持续结果验证。,0.8
M4-BUFFER-333,K08 修复断链｜次保护路由,L6 K01—K08保护路由,BUFFER-K机制接口,通用,路由,K08 修复断链,补充第二类保护功能。,主保护不足以独立改变链条，且存在BF06持续兑现／BF03边界／BF04影响确认中的独立资源。,把所有次资源堆叠成万能保护。,由共享基础引擎提供；仅修正保护功能的承载、持续调用和压力状态下的稳定性，不直接等同成熟度、道德或现实行为。,由M1／M2接口提供；夫妻星、心动原型和关系门槛只说明关系议题，不单独证明保护因素已经被调用或有效。,由M3-BASE及M4各模块提供；日支、日柱近位可提高与亲密关系核心的相关性，但同一source_id不得重复计分。,保护因素必须明确限制过用、补足缺位、恢复顺序、打开反馈、落实改变或完成修复回流；不能只凭五行相生补写现实效果。,近位提高进入亲密关系核心的概率；远位只作背景、阶段或条件性修正。,根气只修正该保护功能是否容易重复调用，不等于现实中已经形成稳定保护。,旺弱只修正调用强度与承载；强不自动有效，弱也不自动无效。,喜忌只修正摩擦、平衡与承载，不可直接翻译为好坏、成熟度或解决方案。,原十神功能有效；真合化成立时按化神功能替换，合化争议时停止定性。,近位提高直接相关性；远位仅保留背景、阶段或低置信修正。,90,次路由+4,secondary_buffer,次级资源可来自：BF06持续兑现／BF03边界／BF04影响确认。,若主资源不足，还可以检查BF06持续兑现／BF03边界／BF04影响确认是否提供补位。,不得仅凭本规则断定问题已经解决、关系必然稳定、用户一定成熟、某十神天然是“药”、喜用神自动等于解决办法，或淡化暴力、强迫与现实伤害；现实行为、反例、安全事实和专业支持优先。,中高,待验证,,provisional=true；保护因素的现实有效性必须由可观察行为、反馈和持续结果验证。,0.8
M4-BUFFER-334,K08 修复断链｜有效标志,L6 K01—K08保护路由,BUFFER-K机制接口,通用,效果,K08 修复断链,判断保护是否真正改变K机制。,必要RN节点完成，并在后续获得接收反馈与持续验证。,只完成道歉、安抚、补偿、方案或短期和好中的一项。,由共享基础引擎提供；仅修正保护功能的承载、持续调用和压力状态下的稳定性，不直接等同成熟度、道德或现实行为。,由M1／M2接口提供；夫妻星、心动原型和关系门槛只说明关系议题，不单独证明保护因素已经被调用或有效。,由M3-BASE及M4各模块提供；日支、日柱近位可提高与亲密关系核心的相关性，但同一source_id不得重复计分。,保护因素必须明确限制过用、补足缺位、恢复顺序、打开反馈、落实改变或完成修复回流；不能只凭五行相生补写现实效果。,近位提高进入亲密关系核心的概率；远位只作背景、阶段或条件性修正。,根气只修正该保护功能是否容易重复调用，不等于现实中已经形成稳定保护。,旺弱只修正调用强度与承载；强不自动有效，弱也不自动无效。,喜忌只修正摩擦、平衡与承载，不可直接翻译为好坏、成熟度或解决方案。,原十神功能有效；真合化成立时按化神功能替换，合化争议时停止定性。,近位提高直接相关性；远位仅保留背景、阶段或低置信修正。,93,效果+12,buffer_level,有效标志：必要RN节点完成，并在后续获得接收反馈与持续验证。,真正有效时，会看到：必要RN节点完成，并在后续获得接收反馈与持续验证。,不得仅凭本规则断定问题已经解决、关系必然稳定、用户一定成熟、某十神天然是“药”、喜用神自动等于解决办法，或淡化暴力、强迫与现实伤害；现实行为、反例、安全事实和专业支持优先。,中高,待验证,,provisional=true；保护因素的现实有效性必须由可观察行为、反馈和持续结果验证。,0.8
M4-BUFFER-335,K08 修复断链｜失效与伪保护,L6 K01—K08保护路由,BUFFER-K机制接口,通用,降级,K08 修复断链,防止保护资源制造新失衡。,只完成道歉、安抚、补偿、方案或短期和好中的一项。,必要RN节点完成，并在后续获得接收反馈与持续验证。,由共享基础引擎提供；仅修正保护功能的承载、持续调用和压力状态下的稳定性，不直接等同成熟度、道德或现实行为。,由M1／M2接口提供；夫妻星、心动原型和关系门槛只说明关系议题，不单独证明保护因素已经被调用或有效。,由M3-BASE及M4各模块提供；日支、日柱近位可提高与亲密关系核心的相关性，但同一source_id不得重复计分。,保护因素必须明确限制过用、补足缺位、恢复顺序、打开反馈、落实改变或完成修复回流；不能只凭五行相生补写现实效果。,近位提高进入亲密关系核心的概率；远位只作背景、阶段或条件性修正。,根气只修正该保护功能是否容易重复调用，不等于现实中已经形成稳定保护。,旺弱只修正调用强度与承载；强不自动有效，弱也不自动无效。,喜忌只修正摩擦、平衡与承载，不可直接翻译为好坏、成熟度或解决方案。,原十神功能有效；真合化成立时按化神功能替换，合化争议时停止定性。,近位提高直接相关性；远位仅保留背景、阶段或低置信修正。,97,失效-10,pseudo_buffer,失效表现：只完成道歉、安抚、补偿、方案或短期和好中的一项。,若只是“只完成道歉、安抚、补偿、方案或短期和好中的一项。”，说明保护还没有真正成立。,不得仅凭本规则断定问题已经解决、关系必然稳定、用户一定成熟、某十神天然是“药”、喜用神自动等于解决办法，或淡化暴力、强迫与现实伤害；现实行为、反例、安全事实和专业支持优先。,高,待验证,,provisional=true；保护因素的现实有效性必须由可观察行为、反馈和持续结果验证。,0.8
M4-BUFFER-336,K08 修复断链｜用户输出,L6 K01—K08保护路由,BUFFER-K机制接口,通用,语言,K08 修复断链,生成K机制＋保护语言。,K08成立且至少一项匹配保护达到BL2以上。,资料不足或安全停止。,由共享基础引擎提供；仅修正保护功能的承载、持续调用和压力状态下的稳定性，不直接等同成熟度、道德或现实行为。,由M1／M2接口提供；夫妻星、心动原型和关系门槛只说明关系议题，不单独证明保护因素已经被调用或有效。,由M3-BASE及M4各模块提供；日支、日柱近位可提高与亲密关系核心的相关性，但同一source_id不得重复计分。,保护因素必须明确限制过用、补足缺位、恢复顺序、打开反馈、落实改变或完成修复回流；不能只凭五行相生补写现实效果。,近位提高进入亲密关系核心的概率；远位只作背景、阶段或条件性修正。,根气只修正该保护功能是否容易重复调用，不等于现实中已经形成稳定保护。,旺弱只修正调用强度与承载；强不自动有效，弱也不自动无效。,喜忌只修正摩擦、平衡与承载，不可直接翻译为好坏、成熟度或解决方案。,原十神功能有效；真合化成立时按化神功能替换，合化争议时停止定性。,近位提高直接相关性；远位仅保留背景、阶段或低置信修正。,84,不加分；输出,report_text,问题停止或部分处理后，修复链缺少反馈、改变或回访。；对应保护是BF07完整修复回流，必要时辅以BF06持续兑现／BF03边界／BF04影响确认。,当这类情况出现时，你真正需要的不是更用力，而是让BF07完整修复回流进入，必要时再由BF06持续兑现／BF03边界／BF04影响确认补位。,不得仅凭本规则断定问题已经解决、关系必然稳定、用户一定成熟、某十神天然是“药”、喜用神自动等于解决办法，或淡化暴力、强迫与现实伤害；现实行为、反例、安全事实和专业支持优先。,中高,待验证,,provisional=true；保护因素的现实有效性必须由可观察行为、反馈和持续结果验证。,0.8
M4-BUFFER-337,LP01 证明加码循环｜最低保护组合,L7 LP01—LP12循环退出,BUFFER-LOOP接口,通用,路由,LP01 证明加码循环,BF03定义足够证据＋BF04内部复核＋BF06持续行为；路由循环的最小保护组合。,LP01达到E3候选，且存在BF03定义足够证据＋BF04内部复核＋BF06持续行为中的至少一项独立资源。,只有命盘标签，没有现实循环节点。,由共享基础引擎提供；仅修正保护功能的承载、持续调用和压力状态下的稳定性，不直接等同成熟度、道德或现实行为。,由M1／M2接口提供；夫妻星、心动原型和关系门槛只说明关系议题，不单独证明保护因素已经被调用或有效。,由M3-BASE及M4各模块提供；日支、日柱近位可提高与亲密关系核心的相关性，但同一source_id不得重复计分。,保护因素必须明确限制过用、补足缺位、恢复顺序、打开反馈、落实改变或完成修复回流；不能只凭五行相生补写现实效果。,近位提高进入亲密关系核心的概率；远位只作背景、阶段或条件性修正。,根气只修正该保护功能是否容易重复调用，不等于现实中已经形成稳定保护。,旺弱只修正调用强度与承载；强不自动有效，弱也不自动无效。,喜忌只修正摩擦、平衡与承载，不可直接翻译为好坏、成熟度或解决方案。,原十神功能有效；真合化成立时按化神功能替换，合化争议时停止定性。,近位提高直接相关性；远位仅保留背景、阶段或低置信修正。,94,路由+6,primary_buffer,LP01最低保护组合：BF03定义足够证据＋BF04内部复核＋BF06持续行为。,要中断这类循环，优先检查：BF03定义足够证据＋BF04内部复核＋BF06持续行为。,不得仅凭本规则断定问题已经解决、关系必然稳定、用户一定成熟、某十神天然是“药”、喜用神自动等于解决办法，或淡化暴力、强迫与现实伤害；现实行为、反例、安全事实和专业支持优先。,中高,待验证,,provisional=true；保护因素的现实有效性必须由可观察行为、反馈和持续结果验证。,0.8
M4-BUFFER-338,LP01 证明加码循环｜有效中断标志,L7 LP01—LP12循环退出,BUFFER-LOOP接口,通用,效果,LP01 证明加码循环,BF03定义足够证据＋BF04内部复核＋BF06持续行为；判断循环是否被真实中断。,双方先定义什么证据已经足够、观察多久，并用持续行为而非反复加码证明。,仍不断提高证明门槛，或把短期缓解当作长期安全。,由共享基础引擎提供；仅修正保护功能的承载、持续调用和压力状态下的稳定性，不直接等同成熟度、道德或现实行为。,由M1／M2接口提供；夫妻星、心动原型和关系门槛只说明关系议题，不单独证明保护因素已经被调用或有效。,由M3-BASE及M4各模块提供；日支、日柱近位可提高与亲密关系核心的相关性，但同一source_id不得重复计分。,保护因素必须明确限制过用、补足缺位、恢复顺序、打开反馈、落实改变或完成修复回流；不能只凭五行相生补写现实效果。,近位提高进入亲密关系核心的概率；远位只作背景、阶段或条件性修正。,根气只修正该保护功能是否容易重复调用，不等于现实中已经形成稳定保护。,旺弱只修正调用强度与承载；强不自动有效，弱也不自动无效。,喜忌只修正摩擦、平衡与承载，不可直接翻译为好坏、成熟度或解决方案。,原十神功能有效；真合化成立时按化神功能替换，合化争议时停止定性。,近位提高直接相关性；远位仅保留背景、阶段或低置信修正。,93,中断+14,buffer_level,保护成立时，证据标准更清楚，证明不会无限增加。,真正有效时会看到：保护成立时，证据标准更清楚，证明不会无限增加。,不得仅凭本规则断定问题已经解决、关系必然稳定、用户一定成熟、某十神天然是“药”、喜用神自动等于解决办法，或淡化暴力、强迫与现实伤害；现实行为、反例、安全事实和专业支持优先。,中高,待验证,,provisional=true；保护因素的现实有效性必须由可观察行为、反馈和持续结果验证。,0.8
M4-BUFFER-339,LP01 证明加码循环｜伪中断／复发标志,L7 LP01—LP12循环退出,BUFFER-LOOP接口,通用,降级,LP01 证明加码循环,BF03定义足够证据＋BF04内部复核＋BF06持续行为；识别短期缓解与真实中断的区别。,仍不断提高证明门槛，或把短期缓解当作长期安全。,双方先定义什么证据已经足够、观察多久，并用持续行为而非反复加码证明。,由共享基础引擎提供；仅修正保护功能的承载、持续调用和压力状态下的稳定性，不直接等同成熟度、道德或现实行为。,由M1／M2接口提供；夫妻星、心动原型和关系门槛只说明关系议题，不单独证明保护因素已经被调用或有效。,由M3-BASE及M4各模块提供；日支、日柱近位可提高与亲密关系核心的相关性，但同一source_id不得重复计分。,保护因素必须明确限制过用、补足缺位、恢复顺序、打开反馈、落实改变或完成修复回流；不能只凭五行相生补写现实效果。,近位提高进入亲密关系核心的概率；远位只作背景、阶段或条件性修正。,根气只修正该保护功能是否容易重复调用，不等于现实中已经形成稳定保护。,旺弱只修正调用强度与承载；强不自动有效，弱也不自动无效。,喜忌只修正摩擦、平衡与承载，不可直接翻译为好坏、成熟度或解决方案。,原十神功能有效；真合化成立时按化神功能替换，合化争议时停止定性。,近位提高直接相关性；远位仅保留背景、阶段或低置信修正。,97,复发风险+0／保护-10,pseudo_buffer,若出现“仍不断提高证明门槛，或把短期缓解当作长期安全。”，循环可能只是暂时降温，尚未被中断。,如果只是仍不断提高证明门槛，或把短期缓解当作长期安全。，还不能判断循环已经改变。,不得仅凭本规则断定问题已经解决、关系必然稳定、用户一定成熟、某十神天然是“药”、喜用神自动等于解决办法，或淡化暴力、强迫与现实伤害；现实行为、反例、安全事实和专业支持优先。,高,待验证,,provisional=true；保护因素的现实有效性必须由可观察行为、反馈和持续结果验证。,0.8
M4-BUFFER-340,LP01 证明加码循环｜用户输出,L7 LP01—LP12循环退出,BUFFER-LOOP接口,通用,语言,LP01 证明加码循环,BF03定义足够证据＋BF04内部复核＋BF06持续行为；生成循环＋退出语言。,LP01循环节点已有现实支持，且保护组合达到BL3以上。,只有单次事件或资料不足。,由共享基础引擎提供；仅修正保护功能的承载、持续调用和压力状态下的稳定性，不直接等同成熟度、道德或现实行为。,由M1／M2接口提供；夫妻星、心动原型和关系门槛只说明关系议题，不单独证明保护因素已经被调用或有效。,由M3-BASE及M4各模块提供；日支、日柱近位可提高与亲密关系核心的相关性，但同一source_id不得重复计分。,保护因素必须明确限制过用、补足缺位、恢复顺序、打开反馈、落实改变或完成修复回流；不能只凭五行相生补写现实效果。,近位提高进入亲密关系核心的概率；远位只作背景、阶段或条件性修正。,根气只修正该保护功能是否容易重复调用，不等于现实中已经形成稳定保护。,旺弱只修正调用强度与承载；强不自动有效，弱也不自动无效。,喜忌只修正摩擦、平衡与承载，不可直接翻译为好坏、成熟度或解决方案。,原十神功能有效；真合化成立时按化神功能替换，合化争议时停止定性。,近位提高直接相关性；远位仅保留背景、阶段或低置信修正。,84,不加分；输出,report_text,证明加码循环的退出重点是：双方先定义什么证据已经足够、观察多久，并用持续行为而非反复加码证明。,这类循环真正需要的是：双方先定义什么证据已经足够、观察多久，并用持续行为而非反复加码证明。,不得仅凭本规则断定问题已经解决、关系必然稳定、用户一定成熟、某十神天然是“药”、喜用神自动等于解决办法，或淡化暴力、强迫与现实伤害；现实行为、反例、安全事实和专业支持优先。,中高,待验证,,provisional=true；保护因素的现实有效性必须由可观察行为、反馈和持续结果验证。,0.8
M4-BUFFER-341,LP02 解释升级循环｜最低保护组合,L7 LP01—LP12循环退出,BUFFER-LOOP接口,通用,路由,LP02 解释升级循环,BF04倾听复核＋BF05反馈通道；路由循环的最小保护组合。,LP02达到E3候选，且存在BF04倾听复核＋BF05反馈通道中的至少一项独立资源。,只有命盘标签，没有现实循环节点。,由共享基础引擎提供；仅修正保护功能的承载、持续调用和压力状态下的稳定性，不直接等同成熟度、道德或现实行为。,由M1／M2接口提供；夫妻星、心动原型和关系门槛只说明关系议题，不单独证明保护因素已经被调用或有效。,由M3-BASE及M4各模块提供；日支、日柱近位可提高与亲密关系核心的相关性，但同一source_id不得重复计分。,保护因素必须明确限制过用、补足缺位、恢复顺序、打开反馈、落实改变或完成修复回流；不能只凭五行相生补写现实效果。,近位提高进入亲密关系核心的概率；远位只作背景、阶段或条件性修正。,根气只修正该保护功能是否容易重复调用，不等于现实中已经形成稳定保护。,旺弱只修正调用强度与承载；强不自动有效，弱也不自动无效。,喜忌只修正摩擦、平衡与承载，不可直接翻译为好坏、成熟度或解决方案。,原十神功能有效；真合化成立时按化神功能替换，合化争议时停止定性。,近位提高直接相关性；远位仅保留背景、阶段或低置信修正。,94,路由+6,primary_buffer,LP02最低保护组合：BF04倾听复核＋BF05反馈通道。,要中断这类循环，优先检查：BF04倾听复核＋BF05反馈通道。,不得仅凭本规则断定问题已经解决、关系必然稳定、用户一定成熟、某十神天然是“药”、喜用神自动等于解决办法，或淡化暴力、强迫与现实伤害；现实行为、反例、安全事实和专业支持优先。,中高,待验证,,provisional=true；保护因素的现实有效性必须由可观察行为、反馈和持续结果验证。,0.8
M4-BUFFER-342,LP02 解释升级循环｜有效中断标志,L7 LP01—LP12循环退出,BUFFER-LOOP接口,通用,效果,LP02 解释升级循环,BF04倾听复核＋BF05反馈通道；判断循环是否被真实中断。,继续解释前先让双方复述理解，并根据反馈决定是否补充。,表达继续增加，但对方实际理解和回应没有进入。,由共享基础引擎提供；仅修正保护功能的承载、持续调用和压力状态下的稳定性，不直接等同成熟度、道德或现实行为。,由M1／M2接口提供；夫妻星、心动原型和关系门槛只说明关系议题，不单独证明保护因素已经被调用或有效。,由M3-BASE及M4各模块提供；日支、日柱近位可提高与亲密关系核心的相关性，但同一source_id不得重复计分。,保护因素必须明确限制过用、补足缺位、恢复顺序、打开反馈、落实改变或完成修复回流；不能只凭五行相生补写现实效果。,近位提高进入亲密关系核心的概率；远位只作背景、阶段或条件性修正。,根气只修正该保护功能是否容易重复调用，不等于现实中已经形成稳定保护。,旺弱只修正调用强度与承载；强不自动有效，弱也不自动无效。,喜忌只修正摩擦、平衡与承载，不可直接翻译为好坏、成熟度或解决方案。,原十神功能有效；真合化成立时按化神功能替换，合化争议时停止定性。,近位提高直接相关性；远位仅保留背景、阶段或低置信修正。,93,中断+14,buffer_level,保护成立时，解释从单向输出转成双向确认。,真正有效时会看到：保护成立时，解释从单向输出转成双向确认。,不得仅凭本规则断定问题已经解决、关系必然稳定、用户一定成熟、某十神天然是“药”、喜用神自动等于解决办法，或淡化暴力、强迫与现实伤害；现实行为、反例、安全事实和专业支持优先。,中高,待验证,,provisional=true；保护因素的现实有效性必须由可观察行为、反馈和持续结果验证。,0.8
M4-BUFFER-343,LP02 解释升级循环｜伪中断／复发标志,L7 LP01—LP12循环退出,BUFFER-LOOP接口,通用,降级,LP02 解释升级循环,BF04倾听复核＋BF05反馈通道；识别短期缓解与真实中断的区别。,表达继续增加，但对方实际理解和回应没有进入。,继续解释前先让双方复述理解，并根据反馈决定是否补充。,由共享基础引擎提供；仅修正保护功能的承载、持续调用和压力状态下的稳定性，不直接等同成熟度、道德或现实行为。,由M1／M2接口提供；夫妻星、心动原型和关系门槛只说明关系议题，不单独证明保护因素已经被调用或有效。,由M3-BASE及M4各模块提供；日支、日柱近位可提高与亲密关系核心的相关性，但同一source_id不得重复计分。,保护因素必须明确限制过用、补足缺位、恢复顺序、打开反馈、落实改变或完成修复回流；不能只凭五行相生补写现实效果。,近位提高进入亲密关系核心的概率；远位只作背景、阶段或条件性修正。,根气只修正该保护功能是否容易重复调用，不等于现实中已经形成稳定保护。,旺弱只修正调用强度与承载；强不自动有效，弱也不自动无效。,喜忌只修正摩擦、平衡与承载，不可直接翻译为好坏、成熟度或解决方案。,原十神功能有效；真合化成立时按化神功能替换，合化争议时停止定性。,近位提高直接相关性；远位仅保留背景、阶段或低置信修正。,97,复发风险+0／保护-10,pseudo_buffer,若出现“表达继续增加，但对方实际理解和回应没有进入。”，循环可能只是暂时降温，尚未被中断。,如果只是表达继续增加，但对方实际理解和回应没有进入。，还不能判断循环已经改变。,不得仅凭本规则断定问题已经解决、关系必然稳定、用户一定成熟、某十神天然是“药”、喜用神自动等于解决办法，或淡化暴力、强迫与现实伤害；现实行为、反例、安全事实和专业支持优先。,高,待验证,,provisional=true；保护因素的现实有效性必须由可观察行为、反馈和持续结果验证。,0.8
M4-BUFFER-344,LP02 解释升级循环｜用户输出,L7 LP01—LP12循环退出,BUFFER-LOOP接口,通用,语言,LP02 解释升级循环,BF04倾听复核＋BF05反馈通道；生成循环＋退出语言。,LP02循环节点已有现实支持，且保护组合达到BL3以上。,只有单次事件或资料不足。,由共享基础引擎提供；仅修正保护功能的承载、持续调用和压力状态下的稳定性，不直接等同成熟度、道德或现实行为。,由M1／M2接口提供；夫妻星、心动原型和关系门槛只说明关系议题，不单独证明保护因素已经被调用或有效。,由M3-BASE及M4各模块提供；日支、日柱近位可提高与亲密关系核心的相关性，但同一source_id不得重复计分。,保护因素必须明确限制过用、补足缺位、恢复顺序、打开反馈、落实改变或完成修复回流；不能只凭五行相生补写现实效果。,近位提高进入亲密关系核心的概率；远位只作背景、阶段或条件性修正。,根气只修正该保护功能是否容易重复调用，不等于现实中已经形成稳定保护。,旺弱只修正调用强度与承载；强不自动有效，弱也不自动无效。,喜忌只修正摩擦、平衡与承载，不可直接翻译为好坏、成熟度或解决方案。,原十神功能有效；真合化成立时按化神功能替换，合化争议时停止定性。,近位提高直接相关性；远位仅保留背景、阶段或低置信修正。,84,不加分；输出,report_text,解释升级循环的退出重点是：继续解释前先让双方复述理解，并根据反馈决定是否补充。,这类循环真正需要的是：继续解释前先让双方复述理解，并根据反馈决定是否补充。,不得仅凭本规则断定问题已经解决、关系必然稳定、用户一定成熟、某十神天然是“药”、喜用神自动等于解决办法，或淡化暴力、强迫与现实伤害；现实行为、反例、安全事实和专业支持优先。,中高,待验证,,provisional=true；保护因素的现实有效性必须由可观察行为、反馈和持续结果验证。,0.8
M4-BUFFER-345,LP03 和谐延后循环｜最低保护组合,L7 LP01—LP12循环退出,BUFFER-LOOP接口,通用,路由,LP03 和谐延后循环,BF05关键议题表达＋BF06回访落实＋BF08状态分工；路由循环的最小保护组合。,LP03达到E3候选，且存在BF05关键议题表达＋BF06回访落实＋BF08状态分工中的至少一项独立资源。,只有命盘标签，没有现实循环节点。,由共享基础引擎提供；仅修正保护功能的承载、持续调用和压力状态下的稳定性，不直接等同成熟度、道德或现实行为。,由M1／M2接口提供；夫妻星、心动原型和关系门槛只说明关系议题，不单独证明保护因素已经被调用或有效。,由M3-BASE及M4各模块提供；日支、日柱近位可提高与亲密关系核心的相关性，但同一source_id不得重复计分。,保护因素必须明确限制过用、补足缺位、恢复顺序、打开反馈、落实改变或完成修复回流；不能只凭五行相生补写现实效果。,近位提高进入亲密关系核心的概率；远位只作背景、阶段或条件性修正。,根气只修正该保护功能是否容易重复调用，不等于现实中已经形成稳定保护。,旺弱只修正调用强度与承载；强不自动有效，弱也不自动无效。,喜忌只修正摩擦、平衡与承载，不可直接翻译为好坏、成熟度或解决方案。,原十神功能有效；真合化成立时按化神功能替换，合化争议时停止定性。,近位提高直接相关性；远位仅保留背景、阶段或低置信修正。,94,路由+6,primary_buffer,LP03最低保护组合：BF05关键议题表达＋BF06回访落实＋BF08状态分工。,要中断这类循环，优先检查：BF05关键议题表达＋BF06回访落实＋BF08状态分工。,不得仅凭本规则断定问题已经解决、关系必然稳定、用户一定成熟、某十神天然是“药”、喜用神自动等于解决办法，或淡化暴力、强迫与现实伤害；现实行为、反例、安全事实和专业支持优先。,中高,待验证,,provisional=true；保护因素的现实有效性必须由可观察行为、反馈和持续结果验证。,0.8
M4-BUFFER-346,LP03 和谐延后循环｜有效中断标志,L7 LP01—LP12循环退出,BUFFER-LOOP接口,通用,效果,LP03 和谐延后循环,BF05关键议题表达＋BF06回访落实＋BF08状态分工；判断循环是否被真实中断。,降温之后设定明确回访点，重新处理关键问题和行动。,气氛恢复后问题长期不再被提起。,由共享基础引擎提供；仅修正保护功能的承载、持续调用和压力状态下的稳定性，不直接等同成熟度、道德或现实行为。,由M1／M2接口提供；夫妻星、心动原型和关系门槛只说明关系议题，不单独证明保护因素已经被调用或有效。,由M3-BASE及M4各模块提供；日支、日柱近位可提高与亲密关系核心的相关性，但同一source_id不得重复计分。,保护因素必须明确限制过用、补足缺位、恢复顺序、打开反馈、落实改变或完成修复回流；不能只凭五行相生补写现实效果。,近位提高进入亲密关系核心的概率；远位只作背景、阶段或条件性修正。,根气只修正该保护功能是否容易重复调用，不等于现实中已经形成稳定保护。,旺弱只修正调用强度与承载；强不自动有效，弱也不自动无效。,喜忌只修正摩擦、平衡与承载，不可直接翻译为好坏、成熟度或解决方案。,原十神功能有效；真合化成立时按化神功能替换，合化争议时停止定性。,近位提高直接相关性；远位仅保留背景、阶段或低置信修正。,93,中断+14,buffer_level,保护成立时，舒服是过渡，不是结案。,真正有效时会看到：保护成立时，舒服是过渡，不是结案。,不得仅凭本规则断定问题已经解决、关系必然稳定、用户一定成熟、某十神天然是“药”、喜用神自动等于解决办法，或淡化暴力、强迫与现实伤害；现实行为、反例、安全事实和专业支持优先。,中高,待验证,,provisional=true；保护因素的现实有效性必须由可观察行为、反馈和持续结果验证。,0.8
M4-BUFFER-347,LP03 和谐延后循环｜伪中断／复发标志,L7 LP01—LP12循环退出,BUFFER-LOOP接口,通用,降级,LP03 和谐延后循环,BF05关键议题表达＋BF06回访落实＋BF08状态分工；识别短期缓解与真实中断的区别。,气氛恢复后问题长期不再被提起。,降温之后设定明确回访点，重新处理关键问题和行动。,由共享基础引擎提供；仅修正保护功能的承载、持续调用和压力状态下的稳定性，不直接等同成熟度、道德或现实行为。,由M1／M2接口提供；夫妻星、心动原型和关系门槛只说明关系议题，不单独证明保护因素已经被调用或有效。,由M3-BASE及M4各模块提供；日支、日柱近位可提高与亲密关系核心的相关性，但同一source_id不得重复计分。,保护因素必须明确限制过用、补足缺位、恢复顺序、打开反馈、落实改变或完成修复回流；不能只凭五行相生补写现实效果。,近位提高进入亲密关系核心的概率；远位只作背景、阶段或条件性修正。,根气只修正该保护功能是否容易重复调用，不等于现实中已经形成稳定保护。,旺弱只修正调用强度与承载；强不自动有效，弱也不自动无效。,喜忌只修正摩擦、平衡与承载，不可直接翻译为好坏、成熟度或解决方案。,原十神功能有效；真合化成立时按化神功能替换，合化争议时停止定性。,近位提高直接相关性；远位仅保留背景、阶段或低置信修正。,97,复发风险+0／保护-10,pseudo_buffer,若出现“气氛恢复后问题长期不再被提起。”，循环可能只是暂时降温，尚未被中断。,如果只是气氛恢复后问题长期不再被提起。，还不能判断循环已经改变。,不得仅凭本规则断定问题已经解决、关系必然稳定、用户一定成熟、某十神天然是“药”、喜用神自动等于解决办法，或淡化暴力、强迫与现实伤害；现实行为、反例、安全事实和专业支持优先。,高,待验证,,provisional=true；保护因素的现实有效性必须由可观察行为、反馈和持续结果验证。,0.8
M4-BUFFER-348,LP03 和谐延后循环｜用户输出,L7 LP01—LP12循环退出,BUFFER-LOOP接口,通用,语言,LP03 和谐延后循环,BF05关键议题表达＋BF06回访落实＋BF08状态分工；生成循环＋退出语言。,LP03循环节点已有现实支持，且保护组合达到BL3以上。,只有单次事件或资料不足。,由共享基础引擎提供；仅修正保护功能的承载、持续调用和压力状态下的稳定性，不直接等同成熟度、道德或现实行为。,由M1／M2接口提供；夫妻星、心动原型和关系门槛只说明关系议题，不单独证明保护因素已经被调用或有效。,由M3-BASE及M4各模块提供；日支、日柱近位可提高与亲密关系核心的相关性，但同一source_id不得重复计分。,保护因素必须明确限制过用、补足缺位、恢复顺序、打开反馈、落实改变或完成修复回流；不能只凭五行相生补写现实效果。,近位提高进入亲密关系核心的概率；远位只作背景、阶段或条件性修正。,根气只修正该保护功能是否容易重复调用，不等于现实中已经形成稳定保护。,旺弱只修正调用强度与承载；强不自动有效，弱也不自动无效。,喜忌只修正摩擦、平衡与承载，不可直接翻译为好坏、成熟度或解决方案。,原十神功能有效；真合化成立时按化神功能替换，合化争议时停止定性。,近位提高直接相关性；远位仅保留背景、阶段或低置信修正。,84,不加分；输出,report_text,和谐延后循环的退出重点是：降温之后设定明确回访点，重新处理关键问题和行动。,这类循环真正需要的是：降温之后设定明确回访点，重新处理关键问题和行动。,不得仅凭本规则断定问题已经解决、关系必然稳定、用户一定成熟、某十神天然是“药”、喜用神自动等于解决办法，或淡化暴力、强迫与现实伤害；现实行为、反例、安全事实和专业支持优先。,中高,待验证,,provisional=true；保护因素的现实有效性必须由可观察行为、反馈和持续结果验证。,0.8
M4-BUFFER-349,LP04 解决替代循环｜最低保护组合,L7 LP01—LP12循环退出,BUFFER-LOOP接口,通用,路由,LP04 解决替代循环,BF04影响确认＋BF07完整修复；路由循环的最小保护组合。,LP04达到E3候选，且存在BF04影响确认＋BF07完整修复中的至少一项独立资源。,只有命盘标签，没有现实循环节点。,由共享基础引擎提供；仅修正保护功能的承载、持续调用和压力状态下的稳定性，不直接等同成熟度、道德或现实行为。,由M1／M2接口提供；夫妻星、心动原型和关系门槛只说明关系议题，不单独证明保护因素已经被调用或有效。,由M3-BASE及M4各模块提供；日支、日柱近位可提高与亲密关系核心的相关性，但同一source_id不得重复计分。,保护因素必须明确限制过用、补足缺位、恢复顺序、打开反馈、落实改变或完成修复回流；不能只凭五行相生补写现实效果。,近位提高进入亲密关系核心的概率；远位只作背景、阶段或条件性修正。,根气只修正该保护功能是否容易重复调用，不等于现实中已经形成稳定保护。,旺弱只修正调用强度与承载；强不自动有效，弱也不自动无效。,喜忌只修正摩擦、平衡与承载，不可直接翻译为好坏、成熟度或解决方案。,原十神功能有效；真合化成立时按化神功能替换，合化争议时停止定性。,近位提高直接相关性；远位仅保留背景、阶段或低置信修正。,94,路由+6,primary_buffer,LP04最低保护组合：BF04影响确认＋BF07完整修复。,要中断这类循环，优先检查：BF04影响确认＋BF07完整修复。,不得仅凭本规则断定问题已经解决、关系必然稳定、用户一定成熟、某十神天然是“药”、喜用神自动等于解决办法，或淡化暴力、强迫与现实伤害；现实行为、反例、安全事实和专业支持优先。,中高,待验证,,provisional=true；保护因素的现实有效性必须由可观察行为、反馈和持续结果验证。,0.8
M4-BUFFER-350,LP04 解决替代循环｜有效中断标志,L7 LP01—LP12循环退出,BUFFER-LOOP接口,通用,效果,LP04 解决替代循环,BF04影响确认＋BF07完整修复；判断循环是否被真实中断。,现实方案之后继续确认影响、参与感和关系安全。,事情解决后立即结案，不再回到感受和反馈。,由共享基础引擎提供；仅修正保护功能的承载、持续调用和压力状态下的稳定性，不直接等同成熟度、道德或现实行为。,由M1／M2接口提供；夫妻星、心动原型和关系门槛只说明关系议题，不单独证明保护因素已经被调用或有效。,由M3-BASE及M4各模块提供；日支、日柱近位可提高与亲密关系核心的相关性，但同一source_id不得重复计分。,保护因素必须明确限制过用、补足缺位、恢复顺序、打开反馈、落实改变或完成修复回流；不能只凭五行相生补写现实效果。,近位提高进入亲密关系核心的概率；远位只作背景、阶段或条件性修正。,根气只修正该保护功能是否容易重复调用，不等于现实中已经形成稳定保护。,旺弱只修正调用强度与承载；强不自动有效，弱也不自动无效。,喜忌只修正摩擦、平衡与承载，不可直接翻译为好坏、成熟度或解决方案。,原十神功能有效；真合化成立时按化神功能替换，合化争议时停止定性。,近位提高直接相关性；远位仅保留背景、阶段或低置信修正。,93,中断+14,buffer_level,保护成立时，问题解决与关系修复形成两条并行任务。,真正有效时会看到：保护成立时，问题解决与关系修复形成两条并行任务。,不得仅凭本规则断定问题已经解决、关系必然稳定、用户一定成熟、某十神天然是“药”、喜用神自动等于解决办法，或淡化暴力、强迫与现实伤害；现实行为、反例、安全事实和专业支持优先。,中高,待验证,,provisional=true；保护因素的现实有效性必须由可观察行为、反馈和持续结果验证。,0.8
M4-BUFFER-351,LP04 解决替代循环｜伪中断／复发标志,L7 LP01—LP12循环退出,BUFFER-LOOP接口,通用,降级,LP04 解决替代循环,BF04影响确认＋BF07完整修复；识别短期缓解与真实中断的区别。,事情解决后立即结案，不再回到感受和反馈。,现实方案之后继续确认影响、参与感和关系安全。,由共享基础引擎提供；仅修正保护功能的承载、持续调用和压力状态下的稳定性，不直接等同成熟度、道德或现实行为。,由M1／M2接口提供；夫妻星、心动原型和关系门槛只说明关系议题，不单独证明保护因素已经被调用或有效。,由M3-BASE及M4各模块提供；日支、日柱近位可提高与亲密关系核心的相关性，但同一source_id不得重复计分。,保护因素必须明确限制过用、补足缺位、恢复顺序、打开反馈、落实改变或完成修复回流；不能只凭五行相生补写现实效果。,近位提高进入亲密关系核心的概率；远位只作背景、阶段或条件性修正。,根气只修正该保护功能是否容易重复调用，不等于现实中已经形成稳定保护。,旺弱只修正调用强度与承载；强不自动有效，弱也不自动无效。,喜忌只修正摩擦、平衡与承载，不可直接翻译为好坏、成熟度或解决方案。,原十神功能有效；真合化成立时按化神功能替换，合化争议时停止定性。,近位提高直接相关性；远位仅保留背景、阶段或低置信修正。,97,复发风险+0／保护-10,pseudo_buffer,若出现“事情解决后立即结案，不再回到感受和反馈。”，循环可能只是暂时降温，尚未被中断。,如果只是事情解决后立即结案，不再回到感受和反馈。，还不能判断循环已经改变。,不得仅凭本规则断定问题已经解决、关系必然稳定、用户一定成熟、某十神天然是“药”、喜用神自动等于解决办法，或淡化暴力、强迫与现实伤害；现实行为、反例、安全事实和专业支持优先。,高,待验证,,provisional=true；保护因素的现实有效性必须由可观察行为、反馈和持续结果验证。,0.8
M4-BUFFER-352,LP04 解决替代循环｜用户输出,L7 LP01—LP12循环退出,BUFFER-LOOP接口,通用,语言,LP04 解决替代循环,BF04影响确认＋BF07完整修复；生成循环＋退出语言。,LP04循环节点已有现实支持，且保护组合达到BL3以上。,只有单次事件或资料不足。,由共享基础引擎提供；仅修正保护功能的承载、持续调用和压力状态下的稳定性，不直接等同成熟度、道德或现实行为。,由M1／M2接口提供；夫妻星、心动原型和关系门槛只说明关系议题，不单独证明保护因素已经被调用或有效。,由M3-BASE及M4各模块提供；日支、日柱近位可提高与亲密关系核心的相关性，但同一source_id不得重复计分。,保护因素必须明确限制过用、补足缺位、恢复顺序、打开反馈、落实改变或完成修复回流；不能只凭五行相生补写现实效果。,近位提高进入亲密关系核心的概率；远位只作背景、阶段或条件性修正。,根气只修正该保护功能是否容易重复调用，不等于现实中已经形成稳定保护。,旺弱只修正调用强度与承载；强不自动有效，弱也不自动无效。,喜忌只修正摩擦、平衡与承载，不可直接翻译为好坏、成熟度或解决方案。,原十神功能有效；真合化成立时按化神功能替换，合化争议时停止定性。,近位提高直接相关性；远位仅保留背景、阶段或低置信修正。,84,不加分；输出,report_text,解决替代循环的退出重点是：现实方案之后继续确认影响、参与感和关系安全。,这类循环真正需要的是：现实方案之后继续确认影响、参与感和关系安全。,不得仅凭本规则断定问题已经解决、关系必然稳定、用户一定成熟、某十神天然是“药”、喜用神自动等于解决办法，或淡化暴力、强迫与现实伤害；现实行为、反例、安全事实和专业支持优先。,中高,待验证,,provisional=true；保护因素的现实有效性必须由可观察行为、反馈和持续结果验证。,0.8
M4-BUFFER-353,LP05 承接替代改变循环｜最低保护组合,L7 LP01—LP12循环退出,BUFFER-LOOP接口,通用,路由,LP05 承接替代改变循环,BF06现实改变＋BF03边界支持；路由循环的最小保护组合。,LP05达到E3候选，且存在BF06现实改变＋BF03边界支持中的至少一项独立资源。,只有命盘标签，没有现实循环节点。,由共享基础引擎提供；仅修正保护功能的承载、持续调用和压力状态下的稳定性，不直接等同成熟度、道德或现实行为。,由M1／M2接口提供；夫妻星、心动原型和关系门槛只说明关系议题，不单独证明保护因素已经被调用或有效。,由M3-BASE及M4各模块提供；日支、日柱近位可提高与亲密关系核心的相关性，但同一source_id不得重复计分。,保护因素必须明确限制过用、补足缺位、恢复顺序、打开反馈、落实改变或完成修复回流；不能只凭五行相生补写现实效果。,近位提高进入亲密关系核心的概率；远位只作背景、阶段或条件性修正。,根气只修正该保护功能是否容易重复调用，不等于现实中已经形成稳定保护。,旺弱只修正调用强度与承载；强不自动有效，弱也不自动无效。,喜忌只修正摩擦、平衡与承载，不可直接翻译为好坏、成熟度或解决方案。,原十神功能有效；真合化成立时按化神功能替换，合化争议时停止定性。,近位提高直接相关性；远位仅保留背景、阶段或低置信修正。,94,路由+6,primary_buffer,LP05最低保护组合：BF06现实改变＋BF03边界支持。,要中断这类循环，优先检查：BF06现实改变＋BF03边界支持。,不得仅凭本规则断定问题已经解决、关系必然稳定、用户一定成熟、某十神天然是“药”、喜用神自动等于解决办法，或淡化暴力、强迫与现实伤害；现实行为、反例、安全事实和专业支持优先。,中高,待验证,,provisional=true；保护因素的现实有效性必须由可观察行为、反馈和持续结果验证。,0.8
M4-BUFFER-354,LP05 承接替代改变循环｜有效中断标志,L7 LP01—LP12循环退出,BUFFER-LOOP接口,通用,效果,LP05 承接替代改变循环,BF06现实改变＋BF03边界支持；判断循环是否被真实中断。,理解和包容之后形成具体责任、边界和可观察调整。,继续安抚或理解，却没有行为变化。,由共享基础引擎提供；仅修正保护功能的承载、持续调用和压力状态下的稳定性，不直接等同成熟度、道德或现实行为。,由M1／M2接口提供；夫妻星、心动原型和关系门槛只说明关系议题，不单独证明保护因素已经被调用或有效。,由M3-BASE及M4各模块提供；日支、日柱近位可提高与亲密关系核心的相关性，但同一source_id不得重复计分。,保护因素必须明确限制过用、补足缺位、恢复顺序、打开反馈、落实改变或完成修复回流；不能只凭五行相生补写现实效果。,近位提高进入亲密关系核心的概率；远位只作背景、阶段或条件性修正。,根气只修正该保护功能是否容易重复调用，不等于现实中已经形成稳定保护。,旺弱只修正调用强度与承载；强不自动有效，弱也不自动无效。,喜忌只修正摩擦、平衡与承载，不可直接翻译为好坏、成熟度或解决方案。,原十神功能有效；真合化成立时按化神功能替换，合化争议时停止定性。,近位提高直接相关性；远位仅保留背景、阶段或低置信修正。,93,中断+14,buffer_level,保护成立时，理解会转成现实改变。,真正有效时会看到：保护成立时，理解会转成现实改变。,不得仅凭本规则断定问题已经解决、关系必然稳定、用户一定成熟、某十神天然是“药”、喜用神自动等于解决办法，或淡化暴力、强迫与现实伤害；现实行为、反例、安全事实和专业支持优先。,中高,待验证,,provisional=true；保护因素的现实有效性必须由可观察行为、反馈和持续结果验证。,0.8
M4-BUFFER-355,LP05 承接替代改变循环｜伪中断／复发标志,L7 LP01—LP12循环退出,BUFFER-LOOP接口,通用,降级,LP05 承接替代改变循环,BF06现实改变＋BF03边界支持；识别短期缓解与真实中断的区别。,继续安抚或理解，却没有行为变化。,理解和包容之后形成具体责任、边界和可观察调整。,由共享基础引擎提供；仅修正保护功能的承载、持续调用和压力状态下的稳定性，不直接等同成熟度、道德或现实行为。,由M1／M2接口提供；夫妻星、心动原型和关系门槛只说明关系议题，不单独证明保护因素已经被调用或有效。,由M3-BASE及M4各模块提供；日支、日柱近位可提高与亲密关系核心的相关性，但同一source_id不得重复计分。,保护因素必须明确限制过用、补足缺位、恢复顺序、打开反馈、落实改变或完成修复回流；不能只凭五行相生补写现实效果。,近位提高进入亲密关系核心的概率；远位只作背景、阶段或条件性修正。,根气只修正该保护功能是否容易重复调用，不等于现实中已经形成稳定保护。,旺弱只修正调用强度与承载；强不自动有效，弱也不自动无效。,喜忌只修正摩擦、平衡与承载，不可直接翻译为好坏、成熟度或解决方案。,原十神功能有效；真合化成立时按化神功能替换，合化争议时停止定性。,近位提高直接相关性；远位仅保留背景、阶段或低置信修正。,97,复发风险+0／保护-10,pseudo_buffer,若出现“继续安抚或理解，却没有行为变化。”，循环可能只是暂时降温，尚未被中断。,如果只是继续安抚或理解，却没有行为变化。，还不能判断循环已经改变。,不得仅凭本规则断定问题已经解决、关系必然稳定、用户一定成熟、某十神天然是“药”、喜用神自动等于解决办法，或淡化暴力、强迫与现实伤害；现实行为、反例、安全事实和专业支持优先。,高,待验证,,provisional=true；保护因素的现实有效性必须由可观察行为、反馈和持续结果验证。,0.8
M4-BUFFER-356,LP05 承接替代改变循环｜用户输出,L7 LP01—LP12循环退出,BUFFER-LOOP接口,通用,语言,LP05 承接替代改变循环,BF06现实改变＋BF03边界支持；生成循环＋退出语言。,LP05循环节点已有现实支持，且保护组合达到BL3以上。,只有单次事件或资料不足。,由共享基础引擎提供；仅修正保护功能的承载、持续调用和压力状态下的稳定性，不直接等同成熟度、道德或现实行为。,由M1／M2接口提供；夫妻星、心动原型和关系门槛只说明关系议题，不单独证明保护因素已经被调用或有效。,由M3-BASE及M4各模块提供；日支、日柱近位可提高与亲密关系核心的相关性，但同一source_id不得重复计分。,保护因素必须明确限制过用、补足缺位、恢复顺序、打开反馈、落实改变或完成修复回流；不能只凭五行相生补写现实效果。,近位提高进入亲密关系核心的概率；远位只作背景、阶段或条件性修正。,根气只修正该保护功能是否容易重复调用，不等于现实中已经形成稳定保护。,旺弱只修正调用强度与承载；强不自动有效，弱也不自动无效。,喜忌只修正摩擦、平衡与承载，不可直接翻译为好坏、成熟度或解决方案。,原十神功能有效；真合化成立时按化神功能替换，合化争议时停止定性。,近位提高直接相关性；远位仅保留背景、阶段或低置信修正。,84,不加分；输出,report_text,承接替代改变循环的退出重点是：理解和包容之后形成具体责任、边界和可观察调整。,这类循环真正需要的是：理解和包容之后形成具体责任、边界和可观察调整。,不得仅凭本规则断定问题已经解决、关系必然稳定、用户一定成熟、某十神天然是“药”、喜用神自动等于解决办法，或淡化暴力、强迫与现实伤害；现实行为、反例、安全事实和专业支持优先。,中高,待验证,,provisional=true；保护因素的现实有效性必须由可观察行为、反馈和持续结果验证。,0.8
M4-BUFFER-357,LP06 投入记账循环｜最低保护组合,L7 LP01—LP12循环退出,BUFFER-LOOP接口,通用,路由,LP06 投入记账循环,BF05需求反馈＋BF03资源边界＋BF06持续互惠；路由循环的最小保护组合。,LP06达到E3候选，且存在BF05需求反馈＋BF03资源边界＋BF06持续互惠中的至少一项独立资源。,只有命盘标签，没有现实循环节点。,由共享基础引擎提供；仅修正保护功能的承载、持续调用和压力状态下的稳定性，不直接等同成熟度、道德或现实行为。,由M1／M2接口提供；夫妻星、心动原型和关系门槛只说明关系议题，不单独证明保护因素已经被调用或有效。,由M3-BASE及M4各模块提供；日支、日柱近位可提高与亲密关系核心的相关性，但同一source_id不得重复计分。,保护因素必须明确限制过用、补足缺位、恢复顺序、打开反馈、落实改变或完成修复回流；不能只凭五行相生补写现实效果。,近位提高进入亲密关系核心的概率；远位只作背景、阶段或条件性修正。,根气只修正该保护功能是否容易重复调用，不等于现实中已经形成稳定保护。,旺弱只修正调用强度与承载；强不自动有效，弱也不自动无效。,喜忌只修正摩擦、平衡与承载，不可直接翻译为好坏、成熟度或解决方案。,原十神功能有效；真合化成立时按化神功能替换，合化争议时停止定性。,近位提高直接相关性；远位仅保留背景、阶段或低置信修正。,94,路由+6,primary_buffer,LP06最低保护组合：BF05需求反馈＋BF03资源边界＋BF06持续互惠。,要中断这类循环，优先检查：BF05需求反馈＋BF03资源边界＋BF06持续互惠。,不得仅凭本规则断定问题已经解决、关系必然稳定、用户一定成熟、某十神天然是“药”、喜用神自动等于解决办法，或淡化暴力、强迫与现实伤害；现实行为、反例、安全事实和专业支持优先。,中高,待验证,,provisional=true；保护因素的现实有效性必须由可观察行为、反馈和持续结果验证。,0.8
M4-BUFFER-358,LP06 投入记账循环｜有效中断标志,L7 LP01—LP12循环退出,BUFFER-LOOP接口,通用,效果,LP06 投入记账循环,BF05需求反馈＋BF03资源边界＋BF06持续互惠；判断循环是否被真实中断。,先说清需要什么回应，再定义资源边界和互惠方式。,继续用投入量衡量关系，或在未表达需要时累积失衡感。,由共享基础引擎提供；仅修正保护功能的承载、持续调用和压力状态下的稳定性，不直接等同成熟度、道德或现实行为。,由M1／M2接口提供；夫妻星、心动原型和关系门槛只说明关系议题，不单独证明保护因素已经被调用或有效。,由M3-BASE及M4各模块提供；日支、日柱近位可提高与亲密关系核心的相关性，但同一source_id不得重复计分。,保护因素必须明确限制过用、补足缺位、恢复顺序、打开反馈、落实改变或完成修复回流；不能只凭五行相生补写现实效果。,近位提高进入亲密关系核心的概率；远位只作背景、阶段或条件性修正。,根气只修正该保护功能是否容易重复调用，不等于现实中已经形成稳定保护。,旺弱只修正调用强度与承载；强不自动有效，弱也不自动无效。,喜忌只修正摩擦、平衡与承载，不可直接翻译为好坏、成熟度或解决方案。,原十神功能有效；真合化成立时按化神功能替换，合化争议时停止定性。,近位提高直接相关性；远位仅保留背景、阶段或低置信修正。,93,中断+14,buffer_level,保护成立时，付出从隐性记账转成清楚协商。,真正有效时会看到：保护成立时，付出从隐性记账转成清楚协商。,不得仅凭本规则断定问题已经解决、关系必然稳定、用户一定成熟、某十神天然是“药”、喜用神自动等于解决办法，或淡化暴力、强迫与现实伤害；现实行为、反例、安全事实和专业支持优先。,中高,待验证,,provisional=true；保护因素的现实有效性必须由可观察行为、反馈和持续结果验证。,0.8
M4-BUFFER-359,LP06 投入记账循环｜伪中断／复发标志,L7 LP01—LP12循环退出,BUFFER-LOOP接口,通用,降级,LP06 投入记账循环,BF05需求反馈＋BF03资源边界＋BF06持续互惠；识别短期缓解与真实中断的区别。,继续用投入量衡量关系，或在未表达需要时累积失衡感。,先说清需要什么回应，再定义资源边界和互惠方式。,由共享基础引擎提供；仅修正保护功能的承载、持续调用和压力状态下的稳定性，不直接等同成熟度、道德或现实行为。,由M1／M2接口提供；夫妻星、心动原型和关系门槛只说明关系议题，不单独证明保护因素已经被调用或有效。,由M3-BASE及M4各模块提供；日支、日柱近位可提高与亲密关系核心的相关性，但同一source_id不得重复计分。,保护因素必须明确限制过用、补足缺位、恢复顺序、打开反馈、落实改变或完成修复回流；不能只凭五行相生补写现实效果。,近位提高进入亲密关系核心的概率；远位只作背景、阶段或条件性修正。,根气只修正该保护功能是否容易重复调用，不等于现实中已经形成稳定保护。,旺弱只修正调用强度与承载；强不自动有效，弱也不自动无效。,喜忌只修正摩擦、平衡与承载，不可直接翻译为好坏、成熟度或解决方案。,原十神功能有效；真合化成立时按化神功能替换，合化争议时停止定性。,近位提高直接相关性；远位仅保留背景、阶段或低置信修正。,97,复发风险+0／保护-10,pseudo_buffer,若出现“继续用投入量衡量关系，或在未表达需要时累积失衡感。”，循环可能只是暂时降温，尚未被中断。,如果只是继续用投入量衡量关系，或在未表达需要时累积失衡感。，还不能判断循环已经改变。,不得仅凭本规则断定问题已经解决、关系必然稳定、用户一定成熟、某十神天然是“药”、喜用神自动等于解决办法，或淡化暴力、强迫与现实伤害；现实行为、反例、安全事实和专业支持优先。,高,待验证,,provisional=true；保护因素的现实有效性必须由可观察行为、反馈和持续结果验证。,0.8
M4-BUFFER-360,LP06 投入记账循环｜用户输出,L7 LP01—LP12循环退出,BUFFER-LOOP接口,通用,语言,LP06 投入记账循环,BF05需求反馈＋BF03资源边界＋BF06持续互惠；生成循环＋退出语言。,LP06循环节点已有现实支持，且保护组合达到BL3以上。,只有单次事件或资料不足。,由共享基础引擎提供；仅修正保护功能的承载、持续调用和压力状态下的稳定性，不直接等同成熟度、道德或现实行为。,由M1／M2接口提供；夫妻星、心动原型和关系门槛只说明关系议题，不单独证明保护因素已经被调用或有效。,由M3-BASE及M4各模块提供；日支、日柱近位可提高与亲密关系核心的相关性，但同一source_id不得重复计分。,保护因素必须明确限制过用、补足缺位、恢复顺序、打开反馈、落实改变或完成修复回流；不能只凭五行相生补写现实效果。,近位提高进入亲密关系核心的概率；远位只作背景、阶段或条件性修正。,根气只修正该保护功能是否容易重复调用，不等于现实中已经形成稳定保护。,旺弱只修正调用强度与承载；强不自动有效，弱也不自动无效。,喜忌只修正摩擦、平衡与承载，不可直接翻译为好坏、成熟度或解决方案。,原十神功能有效；真合化成立时按化神功能替换，合化争议时停止定性。,近位提高直接相关性；远位仅保留背景、阶段或低置信修正。,84,不加分；输出,report_text,投入记账循环的退出重点是：先说清需要什么回应，再定义资源边界和互惠方式。,这类循环真正需要的是：先说清需要什么回应，再定义资源边界和互惠方式。,不得仅凭本规则断定问题已经解决、关系必然稳定、用户一定成熟、某十神天然是“药”、喜用神自动等于解决办法，或淡化暴力、强迫与现实伤害；现实行为、反例、安全事实和专业支持优先。,中高,待验证,,provisional=true；保护因素的现实有效性必须由可观察行为、反馈和持续结果验证。,0.8
M4-BUFFER-361,LP07 亲密撤回循环｜最低保护组合,L7 LP01—LP12循环退出,BUFFER-LOOP接口,通用,路由,LP07 亲密撤回循环,BF03空间边界＋BF07回归路径＋BF08状态识别；路由循环的最小保护组合。,LP07达到E3候选，且存在BF03空间边界＋BF07回归路径＋BF08状态识别中的至少一项独立资源。,只有命盘标签，没有现实循环节点。,由共享基础引擎提供；仅修正保护功能的承载、持续调用和压力状态下的稳定性，不直接等同成熟度、道德或现实行为。,由M1／M2接口提供；夫妻星、心动原型和关系门槛只说明关系议题，不单独证明保护因素已经被调用或有效。,由M3-BASE及M4各模块提供；日支、日柱近位可提高与亲密关系核心的相关性，但同一source_id不得重复计分。,保护因素必须明确限制过用、补足缺位、恢复顺序、打开反馈、落实改变或完成修复回流；不能只凭五行相生补写现实效果。,近位提高进入亲密关系核心的概率；远位只作背景、阶段或条件性修正。,根气只修正该保护功能是否容易重复调用，不等于现实中已经形成稳定保护。,旺弱只修正调用强度与承载；强不自动有效，弱也不自动无效。,喜忌只修正摩擦、平衡与承载，不可直接翻译为好坏、成熟度或解决方案。,原十神功能有效；真合化成立时按化神功能替换，合化争议时停止定性。,近位提高直接相关性；远位仅保留背景、阶段或低置信修正。,94,路由+6,primary_buffer,LP07最低保护组合：BF03空间边界＋BF07回归路径＋BF08状态识别。,要中断这类循环，优先检查：BF03空间边界＋BF07回归路径＋BF08状态识别。,不得仅凭本规则断定问题已经解决、关系必然稳定、用户一定成熟、某十神天然是“药”、喜用神自动等于解决办法，或淡化暴力、强迫与现实伤害；现实行为、反例、安全事实和专业支持优先。,中高,待验证,,provisional=true；保护因素的现实有效性必须由可观察行为、反馈和持续结果验证。,0.8
M4-BUFFER-362,LP07 亲密撤回循环｜有效中断标志,L7 LP01—LP12循环退出,BUFFER-LOOP接口,通用,效果,LP07 亲密撤回循环,BF03空间边界＋BF07回归路径＋BF08状态识别；判断循环是否被真实中断。,说明空间的目的、最低连接和返回时间，让靠近与暂停都有边界。,一方靠近越多另一方撤回越久，且没有回归协议。,由共享基础引擎提供；仅修正保护功能的承载、持续调用和压力状态下的稳定性，不直接等同成熟度、道德或现实行为。,由M1／M2接口提供；夫妻星、心动原型和关系门槛只说明关系议题，不单独证明保护因素已经被调用或有效。,由M3-BASE及M4各模块提供；日支、日柱近位可提高与亲密关系核心的相关性，但同一source_id不得重复计分。,保护因素必须明确限制过用、补足缺位、恢复顺序、打开反馈、落实改变或完成修复回流；不能只凭五行相生补写现实效果。,近位提高进入亲密关系核心的概率；远位只作背景、阶段或条件性修正。,根气只修正该保护功能是否容易重复调用，不等于现实中已经形成稳定保护。,旺弱只修正调用强度与承载；强不自动有效，弱也不自动无效。,喜忌只修正摩擦、平衡与承载，不可直接翻译为好坏、成熟度或解决方案。,原十神功能有效；真合化成立时按化神功能替换，合化争议时停止定性。,近位提高直接相关性；远位仅保留背景、阶段或低置信修正。,93,中断+14,buffer_level,保护成立时，空间不再等于失联，靠近也不再越过选择权。,真正有效时会看到：保护成立时，空间不再等于失联，靠近也不再越过选择权。,不得仅凭本规则断定问题已经解决、关系必然稳定、用户一定成熟、某十神天然是“药”、喜用神自动等于解决办法，或淡化暴力、强迫与现实伤害；现实行为、反例、安全事实和专业支持优先。,中高,待验证,,provisional=true；保护因素的现实有效性必须由可观察行为、反馈和持续结果验证。,0.8
M4-BUFFER-363,LP07 亲密撤回循环｜伪中断／复发标志,L7 LP01—LP12循环退出,BUFFER-LOOP接口,通用,降级,LP07 亲密撤回循环,BF03空间边界＋BF07回归路径＋BF08状态识别；识别短期缓解与真实中断的区别。,一方靠近越多另一方撤回越久，且没有回归协议。,说明空间的目的、最低连接和返回时间，让靠近与暂停都有边界。,由共享基础引擎提供；仅修正保护功能的承载、持续调用和压力状态下的稳定性，不直接等同成熟度、道德或现实行为。,由M1／M2接口提供；夫妻星、心动原型和关系门槛只说明关系议题，不单独证明保护因素已经被调用或有效。,由M3-BASE及M4各模块提供；日支、日柱近位可提高与亲密关系核心的相关性，但同一source_id不得重复计分。,保护因素必须明确限制过用、补足缺位、恢复顺序、打开反馈、落实改变或完成修复回流；不能只凭五行相生补写现实效果。,近位提高进入亲密关系核心的概率；远位只作背景、阶段或条件性修正。,根气只修正该保护功能是否容易重复调用，不等于现实中已经形成稳定保护。,旺弱只修正调用强度与承载；强不自动有效，弱也不自动无效。,喜忌只修正摩擦、平衡与承载，不可直接翻译为好坏、成熟度或解决方案。,原十神功能有效；真合化成立时按化神功能替换，合化争议时停止定性。,近位提高直接相关性；远位仅保留背景、阶段或低置信修正。,97,复发风险+0／保护-10,pseudo_buffer,若出现“一方靠近越多另一方撤回越久，且没有回归协议。”，循环可能只是暂时降温，尚未被中断。,如果只是一方靠近越多另一方撤回越久，且没有回归协议。，还不能判断循环已经改变。,不得仅凭本规则断定问题已经解决、关系必然稳定、用户一定成熟、某十神天然是“药”、喜用神自动等于解决办法，或淡化暴力、强迫与现实伤害；现实行为、反例、安全事实和专业支持优先。,高,待验证,,provisional=true；保护因素的现实有效性必须由可观察行为、反馈和持续结果验证。,0.8
M4-BUFFER-364,LP07 亲密撤回循环｜用户输出,L7 LP01—LP12循环退出,BUFFER-LOOP接口,通用,语言,LP07 亲密撤回循环,BF03空间边界＋BF07回归路径＋BF08状态识别；生成循环＋退出语言。,LP07循环节点已有现实支持，且保护组合达到BL3以上。,只有单次事件或资料不足。,由共享基础引擎提供；仅修正保护功能的承载、持续调用和压力状态下的稳定性，不直接等同成熟度、道德或现实行为。,由M1／M2接口提供；夫妻星、心动原型和关系门槛只说明关系议题，不单独证明保护因素已经被调用或有效。,由M3-BASE及M4各模块提供；日支、日柱近位可提高与亲密关系核心的相关性，但同一source_id不得重复计分。,保护因素必须明确限制过用、补足缺位、恢复顺序、打开反馈、落实改变或完成修复回流；不能只凭五行相生补写现实效果。,近位提高进入亲密关系核心的概率；远位只作背景、阶段或条件性修正。,根气只修正该保护功能是否容易重复调用，不等于现实中已经形成稳定保护。,旺弱只修正调用强度与承载；强不自动有效，弱也不自动无效。,喜忌只修正摩擦、平衡与承载，不可直接翻译为好坏、成熟度或解决方案。,原十神功能有效；真合化成立时按化神功能替换，合化争议时停止定性。,近位提高直接相关性；远位仅保留背景、阶段或低置信修正。,84,不加分；输出,report_text,亲密撤回循环的退出重点是：说明空间的目的、最低连接和返回时间，让靠近与暂停都有边界。,这类循环真正需要的是：说明空间的目的、最低连接和返回时间，让靠近与暂停都有边界。,不得仅凭本规则断定问题已经解决、关系必然稳定、用户一定成熟、某十神天然是“药”、喜用神自动等于解决办法，或淡化暴力、强迫与现实伤害；现实行为、反例、安全事实和专业支持优先。,中高,待验证,,provisional=true；保护因素的现实有效性必须由可观察行为、反馈和持续结果验证。,0.8
M4-BUFFER-365,LP08 平等竞争循环｜最低保护组合,L7 LP01—LP12循环退出,BUFFER-LOOP接口,通用,路由,LP08 平等竞争循环,BF03角色分工＋BF05共同协商；路由循环的最小保护组合。,LP08达到E3候选，且存在BF03角色分工＋BF05共同协商中的至少一项独立资源。,只有命盘标签，没有现实循环节点。,由共享基础引擎提供；仅修正保护功能的承载、持续调用和压力状态下的稳定性，不直接等同成熟度、道德或现实行为。,由M1／M2接口提供；夫妻星、心动原型和关系门槛只说明关系议题，不单独证明保护因素已经被调用或有效。,由M3-BASE及M4各模块提供；日支、日柱近位可提高与亲密关系核心的相关性，但同一source_id不得重复计分。,保护因素必须明确限制过用、补足缺位、恢复顺序、打开反馈、落实改变或完成修复回流；不能只凭五行相生补写现实效果。,近位提高进入亲密关系核心的概率；远位只作背景、阶段或条件性修正。,根气只修正该保护功能是否容易重复调用，不等于现实中已经形成稳定保护。,旺弱只修正调用强度与承载；强不自动有效，弱也不自动无效。,喜忌只修正摩擦、平衡与承载，不可直接翻译为好坏、成熟度或解决方案。,原十神功能有效；真合化成立时按化神功能替换，合化争议时停止定性。,近位提高直接相关性；远位仅保留背景、阶段或低置信修正。,94,路由+6,primary_buffer,LP08最低保护组合：BF03角色分工＋BF05共同协商。,要中断这类循环，优先检查：BF03角色分工＋BF05共同协商。,不得仅凭本规则断定问题已经解决、关系必然稳定、用户一定成熟、某十神天然是“药”、喜用神自动等于解决办法，或淡化暴力、强迫与现实伤害；现实行为、反例、安全事实和专业支持优先。,中高,待验证,,provisional=true；保护因素的现实有效性必须由可观察行为、反馈和持续结果验证。,0.8
M4-BUFFER-366,LP08 平等竞争循环｜有效中断标志,L7 LP01—LP12循环退出,BUFFER-LOOP接口,通用,效果,LP08 平等竞争循环,BF03角色分工＋BF05共同协商；判断循环是否被真实中断。,区分人格平等、具体分工和共同决定领域。,每个议题都逐项比较谁付出更多、谁更正确。,由共享基础引擎提供；仅修正保护功能的承载、持续调用和压力状态下的稳定性，不直接等同成熟度、道德或现实行为。,由M1／M2接口提供；夫妻星、心动原型和关系门槛只说明关系议题，不单独证明保护因素已经被调用或有效。,由M3-BASE及M4各模块提供；日支、日柱近位可提高与亲密关系核心的相关性，但同一source_id不得重复计分。,保护因素必须明确限制过用、补足缺位、恢复顺序、打开反馈、落实改变或完成修复回流；不能只凭五行相生补写现实效果。,近位提高进入亲密关系核心的概率；远位只作背景、阶段或条件性修正。,根气只修正该保护功能是否容易重复调用，不等于现实中已经形成稳定保护。,旺弱只修正调用强度与承载；强不自动有效，弱也不自动无效。,喜忌只修正摩擦、平衡与承载，不可直接翻译为好坏、成熟度或解决方案。,原十神功能有效；真合化成立时按化神功能替换，合化争议时停止定性。,近位提高直接相关性；远位仅保留背景、阶段或低置信修正。,93,中断+14,buffer_level,保护成立时，平等不再需要机械对称。,真正有效时会看到：保护成立时，平等不再需要机械对称。,不得仅凭本规则断定问题已经解决、关系必然稳定、用户一定成熟、某十神天然是“药”、喜用神自动等于解决办法，或淡化暴力、强迫与现实伤害；现实行为、反例、安全事实和专业支持优先。,中高,待验证,,provisional=true；保护因素的现实有效性必须由可观察行为、反馈和持续结果验证。,0.8
M4-BUFFER-367,LP08 平等竞争循环｜伪中断／复发标志,L7 LP01—LP12循环退出,BUFFER-LOOP接口,通用,降级,LP08 平等竞争循环,BF03角色分工＋BF05共同协商；识别短期缓解与真实中断的区别。,每个议题都逐项比较谁付出更多、谁更正确。,区分人格平等、具体分工和共同决定领域。,由共享基础引擎提供；仅修正保护功能的承载、持续调用和压力状态下的稳定性，不直接等同成熟度、道德或现实行为。,由M1／M2接口提供；夫妻星、心动原型和关系门槛只说明关系议题，不单独证明保护因素已经被调用或有效。,由M3-BASE及M4各模块提供；日支、日柱近位可提高与亲密关系核心的相关性，但同一source_id不得重复计分。,保护因素必须明确限制过用、补足缺位、恢复顺序、打开反馈、落实改变或完成修复回流；不能只凭五行相生补写现实效果。,近位提高进入亲密关系核心的概率；远位只作背景、阶段或条件性修正。,根气只修正该保护功能是否容易重复调用，不等于现实中已经形成稳定保护。,旺弱只修正调用强度与承载；强不自动有效，弱也不自动无效。,喜忌只修正摩擦、平衡与承载，不可直接翻译为好坏、成熟度或解决方案。,原十神功能有效；真合化成立时按化神功能替换，合化争议时停止定性。,近位提高直接相关性；远位仅保留背景、阶段或低置信修正。,97,复发风险+0／保护-10,pseudo_buffer,若出现“每个议题都逐项比较谁付出更多、谁更正确。”，循环可能只是暂时降温，尚未被中断。,如果只是每个议题都逐项比较谁付出更多、谁更正确。，还不能判断循环已经改变。,不得仅凭本规则断定问题已经解决、关系必然稳定、用户一定成熟、某十神天然是“药”、喜用神自动等于解决办法，或淡化暴力、强迫与现实伤害；现实行为、反例、安全事实和专业支持优先。,高,待验证,,provisional=true；保护因素的现实有效性必须由可观察行为、反馈和持续结果验证。,0.8
M4-BUFFER-368,LP08 平等竞争循环｜用户输出,L7 LP01—LP12循环退出,BUFFER-LOOP接口,通用,语言,LP08 平等竞争循环,BF03角色分工＋BF05共同协商；生成循环＋退出语言。,LP08循环节点已有现实支持，且保护组合达到BL3以上。,只有单次事件或资料不足。,由共享基础引擎提供；仅修正保护功能的承载、持续调用和压力状态下的稳定性，不直接等同成熟度、道德或现实行为。,由M1／M2接口提供；夫妻星、心动原型和关系门槛只说明关系议题，不单独证明保护因素已经被调用或有效。,由M3-BASE及M4各模块提供；日支、日柱近位可提高与亲密关系核心的相关性，但同一source_id不得重复计分。,保护因素必须明确限制过用、补足缺位、恢复顺序、打开反馈、落实改变或完成修复回流；不能只凭五行相生补写现实效果。,近位提高进入亲密关系核心的概率；远位只作背景、阶段或条件性修正。,根气只修正该保护功能是否容易重复调用，不等于现实中已经形成稳定保护。,旺弱只修正调用强度与承载；强不自动有效，弱也不自动无效。,喜忌只修正摩擦、平衡与承载，不可直接翻译为好坏、成熟度或解决方案。,原十神功能有效；真合化成立时按化神功能替换，合化争议时停止定性。,近位提高直接相关性；远位仅保留背景、阶段或低置信修正。,84,不加分；输出,report_text,平等竞争循环的退出重点是：区分人格平等、具体分工和共同决定领域。,这类循环真正需要的是：区分人格平等、具体分工和共同决定领域。,不得仅凭本规则断定问题已经解决、关系必然稳定、用户一定成熟、某十神天然是“药”、喜用神自动等于解决办法，或淡化暴力、强迫与现实伤害；现实行为、反例、安全事实和专业支持优先。,中高,待验证,,provisional=true；保护因素的现实有效性必须由可观察行为、反馈和持续结果验证。,0.8
M4-BUFFER-369,LP09 规则反弹循环｜最低保护组合,L7 LP01—LP12循环退出,BUFFER-LOOP接口,通用,路由,LP09 规则反弹循环,BF03共同决定＋BF05反馈＋BF06最小执行；路由循环的最小保护组合。,LP09达到E3候选，且存在BF03共同决定＋BF05反馈＋BF06最小执行中的至少一项独立资源。,只有命盘标签，没有现实循环节点。,由共享基础引擎提供；仅修正保护功能的承载、持续调用和压力状态下的稳定性，不直接等同成熟度、道德或现实行为。,由M1／M2接口提供；夫妻星、心动原型和关系门槛只说明关系议题，不单独证明保护因素已经被调用或有效。,由M3-BASE及M4各模块提供；日支、日柱近位可提高与亲密关系核心的相关性，但同一source_id不得重复计分。,保护因素必须明确限制过用、补足缺位、恢复顺序、打开反馈、落实改变或完成修复回流；不能只凭五行相生补写现实效果。,近位提高进入亲密关系核心的概率；远位只作背景、阶段或条件性修正。,根气只修正该保护功能是否容易重复调用，不等于现实中已经形成稳定保护。,旺弱只修正调用强度与承载；强不自动有效，弱也不自动无效。,喜忌只修正摩擦、平衡与承载，不可直接翻译为好坏、成熟度或解决方案。,原十神功能有效；真合化成立时按化神功能替换，合化争议时停止定性。,近位提高直接相关性；远位仅保留背景、阶段或低置信修正。,94,路由+6,primary_buffer,LP09最低保护组合：BF03共同决定＋BF05反馈＋BF06最小执行。,要中断这类循环，优先检查：BF03共同决定＋BF05反馈＋BF06最小执行。,不得仅凭本规则断定问题已经解决、关系必然稳定、用户一定成熟、某十神天然是“药”、喜用神自动等于解决办法，或淡化暴力、强迫与现实伤害；现实行为、反例、安全事实和专业支持优先。,中高,待验证,,provisional=true；保护因素的现实有效性必须由可观察行为、反馈和持续结果验证。,0.8
M4-BUFFER-370,LP09 规则反弹循环｜有效中断标志,L7 LP01—LP12循环退出,BUFFER-LOOP接口,通用,效果,LP09 规则反弹循环,BF03共同决定＋BF05反馈＋BF06最小执行；判断循环是否被真实中断。,共同制定最小可执行规则，并根据反馈迭代。,规则由单方加码，短期配合后再次反弹。,由共享基础引擎提供；仅修正保护功能的承载、持续调用和压力状态下的稳定性，不直接等同成熟度、道德或现实行为。,由M1／M2接口提供；夫妻星、心动原型和关系门槛只说明关系议题，不单独证明保护因素已经被调用或有效。,由M3-BASE及M4各模块提供；日支、日柱近位可提高与亲密关系核心的相关性，但同一source_id不得重复计分。,保护因素必须明确限制过用、补足缺位、恢复顺序、打开反馈、落实改变或完成修复回流；不能只凭五行相生补写现实效果。,近位提高进入亲密关系核心的概率；远位只作背景、阶段或条件性修正。,根气只修正该保护功能是否容易重复调用，不等于现实中已经形成稳定保护。,旺弱只修正调用强度与承载；强不自动有效，弱也不自动无效。,喜忌只修正摩擦、平衡与承载，不可直接翻译为好坏、成熟度或解决方案。,原十神功能有效；真合化成立时按化神功能替换，合化争议时停止定性。,近位提高直接相关性；远位仅保留背景、阶段或低置信修正。,93,中断+14,buffer_level,保护成立时，规则更少但更可执行。,真正有效时会看到：保护成立时，规则更少但更可执行。,不得仅凭本规则断定问题已经解决、关系必然稳定、用户一定成熟、某十神天然是“药”、喜用神自动等于解决办法，或淡化暴力、强迫与现实伤害；现实行为、反例、安全事实和专业支持优先。,中高,待验证,,provisional=true；保护因素的现实有效性必须由可观察行为、反馈和持续结果验证。,0.8
M4-BUFFER-371,LP09 规则反弹循环｜伪中断／复发标志,L7 LP01—LP12循环退出,BUFFER-LOOP接口,通用,降级,LP09 规则反弹循环,BF03共同决定＋BF05反馈＋BF06最小执行；识别短期缓解与真实中断的区别。,规则由单方加码，短期配合后再次反弹。,共同制定最小可执行规则，并根据反馈迭代。,由共享基础引擎提供；仅修正保护功能的承载、持续调用和压力状态下的稳定性，不直接等同成熟度、道德或现实行为。,由M1／M2接口提供；夫妻星、心动原型和关系门槛只说明关系议题，不单独证明保护因素已经被调用或有效。,由M3-BASE及M4各模块提供；日支、日柱近位可提高与亲密关系核心的相关性，但同一source_id不得重复计分。,保护因素必须明确限制过用、补足缺位、恢复顺序、打开反馈、落实改变或完成修复回流；不能只凭五行相生补写现实效果。,近位提高进入亲密关系核心的概率；远位只作背景、阶段或条件性修正。,根气只修正该保护功能是否容易重复调用，不等于现实中已经形成稳定保护。,旺弱只修正调用强度与承载；强不自动有效，弱也不自动无效。,喜忌只修正摩擦、平衡与承载，不可直接翻译为好坏、成熟度或解决方案。,原十神功能有效；真合化成立时按化神功能替换，合化争议时停止定性。,近位提高直接相关性；远位仅保留背景、阶段或低置信修正。,97,复发风险+0／保护-10,pseudo_buffer,若出现“规则由单方加码，短期配合后再次反弹。”，循环可能只是暂时降温，尚未被中断。,如果只是规则由单方加码，短期配合后再次反弹。，还不能判断循环已经改变。,不得仅凭本规则断定问题已经解决、关系必然稳定、用户一定成熟、某十神天然是“药”、喜用神自动等于解决办法，或淡化暴力、强迫与现实伤害；现实行为、反例、安全事实和专业支持优先。,高,待验证,,provisional=true；保护因素的现实有效性必须由可观察行为、反馈和持续结果验证。,0.8
M4-BUFFER-372,LP09 规则反弹循环｜用户输出,L7 LP01—LP12循环退出,BUFFER-LOOP接口,通用,语言,LP09 规则反弹循环,BF03共同决定＋BF05反馈＋BF06最小执行；生成循环＋退出语言。,LP09循环节点已有现实支持，且保护组合达到BL3以上。,只有单次事件或资料不足。,由共享基础引擎提供；仅修正保护功能的承载、持续调用和压力状态下的稳定性，不直接等同成熟度、道德或现实行为。,由M1／M2接口提供；夫妻星、心动原型和关系门槛只说明关系议题，不单独证明保护因素已经被调用或有效。,由M3-BASE及M4各模块提供；日支、日柱近位可提高与亲密关系核心的相关性，但同一source_id不得重复计分。,保护因素必须明确限制过用、补足缺位、恢复顺序、打开反馈、落实改变或完成修复回流；不能只凭五行相生补写现实效果。,近位提高进入亲密关系核心的概率；远位只作背景、阶段或条件性修正。,根气只修正该保护功能是否容易重复调用，不等于现实中已经形成稳定保护。,旺弱只修正调用强度与承载；强不自动有效，弱也不自动无效。,喜忌只修正摩擦、平衡与承载，不可直接翻译为好坏、成熟度或解决方案。,原十神功能有效；真合化成立时按化神功能替换，合化争议时停止定性。,近位提高直接相关性；远位仅保留背景、阶段或低置信修正。,84,不加分；输出,report_text,规则反弹循环的退出重点是：共同制定最小可执行规则，并根据反馈迭代。,这类循环真正需要的是：共同制定最小可执行规则，并根据反馈迭代。,不得仅凭本规则断定问题已经解决、关系必然稳定、用户一定成熟、某十神天然是“药”、喜用神自动等于解决办法，或淡化暴力、强迫与现实伤害；现实行为、反例、安全事实和专业支持优先。,中高,待验证,,provisional=true；保护因素的现实有效性必须由可观察行为、反馈和持续结果验证。,0.8
M4-BUFFER-373,LP10 新鲜落地循环｜最低保护组合,L7 LP01—LP12循环退出,BUFFER-LOOP接口,通用,路由,LP10 新鲜落地循环,BF06稳定安排＋BF02转换通关；路由循环的最小保护组合。,LP10达到E3候选，且存在BF06稳定安排＋BF02转换通关中的至少一项独立资源。,只有命盘标签，没有现实循环节点。,由共享基础引擎提供；仅修正保护功能的承载、持续调用和压力状态下的稳定性，不直接等同成熟度、道德或现实行为。,由M1／M2接口提供；夫妻星、心动原型和关系门槛只说明关系议题，不单独证明保护因素已经被调用或有效。,由M3-BASE及M4各模块提供；日支、日柱近位可提高与亲密关系核心的相关性，但同一source_id不得重复计分。,保护因素必须明确限制过用、补足缺位、恢复顺序、打开反馈、落实改变或完成修复回流；不能只凭五行相生补写现实效果。,近位提高进入亲密关系核心的概率；远位只作背景、阶段或条件性修正。,根气只修正该保护功能是否容易重复调用，不等于现实中已经形成稳定保护。,旺弱只修正调用强度与承载；强不自动有效，弱也不自动无效。,喜忌只修正摩擦、平衡与承载，不可直接翻译为好坏、成熟度或解决方案。,原十神功能有效；真合化成立时按化神功能替换，合化争议时停止定性。,近位提高直接相关性；远位仅保留背景、阶段或低置信修正。,94,路由+6,primary_buffer,LP10最低保护组合：BF06稳定安排＋BF02转换通关。,要中断这类循环，优先检查：BF06稳定安排＋BF02转换通关。,不得仅凭本规则断定问题已经解决、关系必然稳定、用户一定成熟、某十神天然是“药”、喜用神自动等于解决办法，或淡化暴力、强迫与现实伤害；现实行为、反例、安全事实和专业支持优先。,中高,待验证,,provisional=true；保护因素的现实有效性必须由可观察行为、反馈和持续结果验证。,0.8
M4-BUFFER-374,LP10 新鲜落地循环｜有效中断标志,L7 LP01—LP12循环退出,BUFFER-LOOP接口,通用,效果,LP10 新鲜落地循环,BF06稳定安排＋BF02转换通关；判断循环是否被真实中断。,每次新体验后形成一项可持续安排，并复盘是否服务核心需要。,不断换体验，却没有日常落实和连续性。,由共享基础引擎提供；仅修正保护功能的承载、持续调用和压力状态下的稳定性，不直接等同成熟度、道德或现实行为。,由M1／M2接口提供；夫妻星、心动原型和关系门槛只说明关系议题，不单独证明保护因素已经被调用或有效。,由M3-BASE及M4各模块提供；日支、日柱近位可提高与亲密关系核心的相关性，但同一source_id不得重复计分。,保护因素必须明确限制过用、补足缺位、恢复顺序、打开反馈、落实改变或完成修复回流；不能只凭五行相生补写现实效果。,近位提高进入亲密关系核心的概率；远位只作背景、阶段或条件性修正。,根气只修正该保护功能是否容易重复调用，不等于现实中已经形成稳定保护。,旺弱只修正调用强度与承载；强不自动有效，弱也不自动无效。,喜忌只修正摩擦、平衡与承载，不可直接翻译为好坏、成熟度或解决方案。,原十神功能有效；真合化成立时按化神功能替换，合化争议时停止定性。,近位提高直接相关性；远位仅保留背景、阶段或低置信修正。,93,中断+14,buffer_level,保护成立时，新鲜感能够转成稳定连接。,真正有效时会看到：保护成立时，新鲜感能够转成稳定连接。,不得仅凭本规则断定问题已经解决、关系必然稳定、用户一定成熟、某十神天然是“药”、喜用神自动等于解决办法，或淡化暴力、强迫与现实伤害；现实行为、反例、安全事实和专业支持优先。,中高,待验证,,provisional=true；保护因素的现实有效性必须由可观察行为、反馈和持续结果验证。,0.8
M4-BUFFER-375,LP10 新鲜落地循环｜伪中断／复发标志,L7 LP01—LP12循环退出,BUFFER-LOOP接口,通用,降级,LP10 新鲜落地循环,BF06稳定安排＋BF02转换通关；识别短期缓解与真实中断的区别。,不断换体验，却没有日常落实和连续性。,每次新体验后形成一项可持续安排，并复盘是否服务核心需要。,由共享基础引擎提供；仅修正保护功能的承载、持续调用和压力状态下的稳定性，不直接等同成熟度、道德或现实行为。,由M1／M2接口提供；夫妻星、心动原型和关系门槛只说明关系议题，不单独证明保护因素已经被调用或有效。,由M3-BASE及M4各模块提供；日支、日柱近位可提高与亲密关系核心的相关性，但同一source_id不得重复计分。,保护因素必须明确限制过用、补足缺位、恢复顺序、打开反馈、落实改变或完成修复回流；不能只凭五行相生补写现实效果。,近位提高进入亲密关系核心的概率；远位只作背景、阶段或条件性修正。,根气只修正该保护功能是否容易重复调用，不等于现实中已经形成稳定保护。,旺弱只修正调用强度与承载；强不自动有效，弱也不自动无效。,喜忌只修正摩擦、平衡与承载，不可直接翻译为好坏、成熟度或解决方案。,原十神功能有效；真合化成立时按化神功能替换，合化争议时停止定性。,近位提高直接相关性；远位仅保留背景、阶段或低置信修正。,97,复发风险+0／保护-10,pseudo_buffer,若出现“不断换体验，却没有日常落实和连续性。”，循环可能只是暂时降温，尚未被中断。,如果只是不断换体验，却没有日常落实和连续性。，还不能判断循环已经改变。,不得仅凭本规则断定问题已经解决、关系必然稳定、用户一定成熟、某十神天然是“药”、喜用神自动等于解决办法，或淡化暴力、强迫与现实伤害；现实行为、反例、安全事实和专业支持优先。,高,待验证,,provisional=true；保护因素的现实有效性必须由可观察行为、反馈和持续结果验证。,0.8
M4-BUFFER-376,LP10 新鲜落地循环｜用户输出,L7 LP01—LP12循环退出,BUFFER-LOOP接口,通用,语言,LP10 新鲜落地循环,BF06稳定安排＋BF02转换通关；生成循环＋退出语言。,LP10循环节点已有现实支持，且保护组合达到BL3以上。,只有单次事件或资料不足。,由共享基础引擎提供；仅修正保护功能的承载、持续调用和压力状态下的稳定性，不直接等同成熟度、道德或现实行为。,由M1／M2接口提供；夫妻星、心动原型和关系门槛只说明关系议题，不单独证明保护因素已经被调用或有效。,由M3-BASE及M4各模块提供；日支、日柱近位可提高与亲密关系核心的相关性，但同一source_id不得重复计分。,保护因素必须明确限制过用、补足缺位、恢复顺序、打开反馈、落实改变或完成修复回流；不能只凭五行相生补写现实效果。,近位提高进入亲密关系核心的概率；远位只作背景、阶段或条件性修正。,根气只修正该保护功能是否容易重复调用，不等于现实中已经形成稳定保护。,旺弱只修正调用强度与承载；强不自动有效，弱也不自动无效。,喜忌只修正摩擦、平衡与承载，不可直接翻译为好坏、成熟度或解决方案。,原十神功能有效；真合化成立时按化神功能替换，合化争议时停止定性。,近位提高直接相关性；远位仅保留背景、阶段或低置信修正。,84,不加分；输出,report_text,新鲜落地循环的退出重点是：每次新体验后形成一项可持续安排，并复盘是否服务核心需要。,这类循环真正需要的是：每次新体验后形成一项可持续安排，并复盘是否服务核心需要。,不得仅凭本规则断定问题已经解决、关系必然稳定、用户一定成熟、某十神天然是“药”、喜用神自动等于解决办法，或淡化暴力、强迫与现实伤害；现实行为、反例、安全事实和专业支持优先。,中高,待验证,,provisional=true；保护因素的现实有效性必须由可观察行为、反馈和持续结果验证。,0.8
M4-BUFFER-377,LP11 暂停断链循环｜最低保护组合,L7 LP01—LP12循环退出,BUFFER-LOOP接口,通用,路由,LP11 暂停断链循环,BF07明确回归＋BF08状态分工＋BF05最低连接；路由循环的最小保护组合。,LP11达到E3候选，且存在BF07明确回归＋BF08状态分工＋BF05最低连接中的至少一项独立资源。,只有命盘标签，没有现实循环节点。,由共享基础引擎提供；仅修正保护功能的承载、持续调用和压力状态下的稳定性，不直接等同成熟度、道德或现实行为。,由M1／M2接口提供；夫妻星、心动原型和关系门槛只说明关系议题，不单独证明保护因素已经被调用或有效。,由M3-BASE及M4各模块提供；日支、日柱近位可提高与亲密关系核心的相关性，但同一source_id不得重复计分。,保护因素必须明确限制过用、补足缺位、恢复顺序、打开反馈、落实改变或完成修复回流；不能只凭五行相生补写现实效果。,近位提高进入亲密关系核心的概率；远位只作背景、阶段或条件性修正。,根气只修正该保护功能是否容易重复调用，不等于现实中已经形成稳定保护。,旺弱只修正调用强度与承载；强不自动有效，弱也不自动无效。,喜忌只修正摩擦、平衡与承载，不可直接翻译为好坏、成熟度或解决方案。,原十神功能有效；真合化成立时按化神功能替换，合化争议时停止定性。,近位提高直接相关性；远位仅保留背景、阶段或低置信修正。,94,路由+6,primary_buffer,LP11最低保护组合：BF07明确回归＋BF08状态分工＋BF05最低连接。,要中断这类循环，优先检查：BF07明确回归＋BF08状态分工＋BF05最低连接。,不得仅凭本规则断定问题已经解决、关系必然稳定、用户一定成熟、某十神天然是“药”、喜用神自动等于解决办法，或淡化暴力、强迫与现实伤害；现实行为、反例、安全事实和专业支持优先。,中高,待验证,,provisional=true；保护因素的现实有效性必须由可观察行为、反馈和持续结果验证。,0.8
M4-BUFFER-378,LP11 暂停断链循环｜有效中断标志,L7 LP01—LP12循环退出,BUFFER-LOOP接口,通用,效果,LP11 暂停断链循环,BF07明确回归＋BF08状态分工＋BF05最低连接；判断循环是否被真实中断。,暂停前说明目的、范围、最低连接和回归时间。,暂停不断延长，双方都不知道何时重新进入沟通。,由共享基础引擎提供；仅修正保护功能的承载、持续调用和压力状态下的稳定性，不直接等同成熟度、道德或现实行为。,由M1／M2接口提供；夫妻星、心动原型和关系门槛只说明关系议题，不单独证明保护因素已经被调用或有效。,由M3-BASE及M4各模块提供；日支、日柱近位可提高与亲密关系核心的相关性，但同一source_id不得重复计分。,保护因素必须明确限制过用、补足缺位、恢复顺序、打开反馈、落实改变或完成修复回流；不能只凭五行相生补写现实效果。,近位提高进入亲密关系核心的概率；远位只作背景、阶段或条件性修正。,根气只修正该保护功能是否容易重复调用，不等于现实中已经形成稳定保护。,旺弱只修正调用强度与承载；强不自动有效，弱也不自动无效。,喜忌只修正摩擦、平衡与承载，不可直接翻译为好坏、成熟度或解决方案。,原十神功能有效；真合化成立时按化神功能替换，合化争议时停止定性。,近位提高直接相关性；远位仅保留背景、阶段或低置信修正。,93,中断+14,buffer_level,保护成立时，暂停成为恢复工具而不是连接断点。,真正有效时会看到：保护成立时，暂停成为恢复工具而不是连接断点。,不得仅凭本规则断定问题已经解决、关系必然稳定、用户一定成熟、某十神天然是“药”、喜用神自动等于解决办法，或淡化暴力、强迫与现实伤害；现实行为、反例、安全事实和专业支持优先。,中高,待验证,,provisional=true；保护因素的现实有效性必须由可观察行为、反馈和持续结果验证。,0.8
M4-BUFFER-379,LP11 暂停断链循环｜伪中断／复发标志,L7 LP01—LP12循环退出,BUFFER-LOOP接口,通用,降级,LP11 暂停断链循环,BF07明确回归＋BF08状态分工＋BF05最低连接；识别短期缓解与真实中断的区别。,暂停不断延长，双方都不知道何时重新进入沟通。,暂停前说明目的、范围、最低连接和回归时间。,由共享基础引擎提供；仅修正保护功能的承载、持续调用和压力状态下的稳定性，不直接等同成熟度、道德或现实行为。,由M1／M2接口提供；夫妻星、心动原型和关系门槛只说明关系议题，不单独证明保护因素已经被调用或有效。,由M3-BASE及M4各模块提供；日支、日柱近位可提高与亲密关系核心的相关性，但同一source_id不得重复计分。,保护因素必须明确限制过用、补足缺位、恢复顺序、打开反馈、落实改变或完成修复回流；不能只凭五行相生补写现实效果。,近位提高进入亲密关系核心的概率；远位只作背景、阶段或条件性修正。,根气只修正该保护功能是否容易重复调用，不等于现实中已经形成稳定保护。,旺弱只修正调用强度与承载；强不自动有效，弱也不自动无效。,喜忌只修正摩擦、平衡与承载，不可直接翻译为好坏、成熟度或解决方案。,原十神功能有效；真合化成立时按化神功能替换，合化争议时停止定性。,近位提高直接相关性；远位仅保留背景、阶段或低置信修正。,97,复发风险+0／保护-10,pseudo_buffer,若出现“暂停不断延长，双方都不知道何时重新进入沟通。”，循环可能只是暂时降温，尚未被中断。,如果只是暂停不断延长，双方都不知道何时重新进入沟通。，还不能判断循环已经改变。,不得仅凭本规则断定问题已经解决、关系必然稳定、用户一定成熟、某十神天然是“药”、喜用神自动等于解决办法，或淡化暴力、强迫与现实伤害；现实行为、反例、安全事实和专业支持优先。,高,待验证,,provisional=true；保护因素的现实有效性必须由可观察行为、反馈和持续结果验证。,0.8
M4-BUFFER-380,LP11 暂停断链循环｜用户输出,L7 LP01—LP12循环退出,BUFFER-LOOP接口,通用,语言,LP11 暂停断链循环,BF07明确回归＋BF08状态分工＋BF05最低连接；生成循环＋退出语言。,LP11循环节点已有现实支持，且保护组合达到BL3以上。,只有单次事件或资料不足。,由共享基础引擎提供；仅修正保护功能的承载、持续调用和压力状态下的稳定性，不直接等同成熟度、道德或现实行为。,由M1／M2接口提供；夫妻星、心动原型和关系门槛只说明关系议题，不单独证明保护因素已经被调用或有效。,由M3-BASE及M4各模块提供；日支、日柱近位可提高与亲密关系核心的相关性，但同一source_id不得重复计分。,保护因素必须明确限制过用、补足缺位、恢复顺序、打开反馈、落实改变或完成修复回流；不能只凭五行相生补写现实效果。,近位提高进入亲密关系核心的概率；远位只作背景、阶段或条件性修正。,根气只修正该保护功能是否容易重复调用，不等于现实中已经形成稳定保护。,旺弱只修正调用强度与承载；强不自动有效，弱也不自动无效。,喜忌只修正摩擦、平衡与承载，不可直接翻译为好坏、成熟度或解决方案。,原十神功能有效；真合化成立时按化神功能替换，合化争议时停止定性。,近位提高直接相关性；远位仅保留背景、阶段或低置信修正。,84,不加分；输出,report_text,暂停断链循环的退出重点是：暂停前说明目的、范围、最低连接和回归时间。,这类循环真正需要的是：暂停前说明目的、范围、最低连接和回归时间。,不得仅凭本规则断定问题已经解决、关系必然稳定、用户一定成熟、某十神天然是“药”、喜用神自动等于解决办法，或淡化暴力、强迫与现实伤害；现实行为、反例、安全事实和专业支持优先。,中高,待验证,,provisional=true；保护因素的现实有效性必须由可观察行为、反馈和持续结果验证。,0.8
M4-BUFFER-381,LP12 修复不闭环循环｜最低保护组合,L7 LP01—LP12循环退出,BUFFER-LOOP接口,通用,路由,LP12 修复不闭环循环,BF07完整修复＋BF06持续兑现＋BF04接收反馈；路由循环的最小保护组合。,LP12达到E3候选，且存在BF07完整修复＋BF06持续兑现＋BF04接收反馈中的至少一项独立资源。,只有命盘标签，没有现实循环节点。,由共享基础引擎提供；仅修正保护功能的承载、持续调用和压力状态下的稳定性，不直接等同成熟度、道德或现实行为。,由M1／M2接口提供；夫妻星、心动原型和关系门槛只说明关系议题，不单独证明保护因素已经被调用或有效。,由M3-BASE及M4各模块提供；日支、日柱近位可提高与亲密关系核心的相关性，但同一source_id不得重复计分。,保护因素必须明确限制过用、补足缺位、恢复顺序、打开反馈、落实改变或完成修复回流；不能只凭五行相生补写现实效果。,近位提高进入亲密关系核心的概率；远位只作背景、阶段或条件性修正。,根气只修正该保护功能是否容易重复调用，不等于现实中已经形成稳定保护。,旺弱只修正调用强度与承载；强不自动有效，弱也不自动无效。,喜忌只修正摩擦、平衡与承载，不可直接翻译为好坏、成熟度或解决方案。,原十神功能有效；真合化成立时按化神功能替换，合化争议时停止定性。,近位提高直接相关性；远位仅保留背景、阶段或低置信修正。,94,路由+6,primary_buffer,LP12最低保护组合：BF07完整修复＋BF06持续兑现＋BF04接收反馈。,要中断这类循环，优先检查：BF07完整修复＋BF06持续兑现＋BF04接收反馈。,不得仅凭本规则断定问题已经解决、关系必然稳定、用户一定成熟、某十神天然是“药”、喜用神自动等于解决办法，或淡化暴力、强迫与现实伤害；现实行为、反例、安全事实和专业支持优先。,中高,待验证,,provisional=true；保护因素的现实有效性必须由可观察行为、反馈和持续结果验证。,0.8
M4-BUFFER-382,LP12 修复不闭环循环｜有效中断标志,L7 LP01—LP12循环退出,BUFFER-LOOP接口,通用,效果,LP12 修复不闭环循环,BF07完整修复＋BF06持续兑现＋BF04接收反馈；判断循环是否被真实中断。,完成影响确认、责任、边界、行动、反馈和回访中的必要节点。,只有道歉、方案、补偿或短期和好。,由共享基础引擎提供；仅修正保护功能的承载、持续调用和压力状态下的稳定性，不直接等同成熟度、道德或现实行为。,由M1／M2接口提供；夫妻星、心动原型和关系门槛只说明关系议题，不单独证明保护因素已经被调用或有效。,由M3-BASE及M4各模块提供；日支、日柱近位可提高与亲密关系核心的相关性，但同一source_id不得重复计分。,保护因素必须明确限制过用、补足缺位、恢复顺序、打开反馈、落实改变或完成修复回流；不能只凭五行相生补写现实效果。,近位提高进入亲密关系核心的概率；远位只作背景、阶段或条件性修正。,根气只修正该保护功能是否容易重复调用，不等于现实中已经形成稳定保护。,旺弱只修正调用强度与承载；强不自动有效，弱也不自动无效。,喜忌只修正摩擦、平衡与承载，不可直接翻译为好坏、成熟度或解决方案。,原十神功能有效；真合化成立时按化神功能替换，合化争议时停止定性。,近位提高直接相关性；远位仅保留背景、阶段或低置信修正。,93,中断+14,buffer_level,保护成立时，修复从单次动作转成持续闭环。,真正有效时会看到：保护成立时，修复从单次动作转成持续闭环。,不得仅凭本规则断定问题已经解决、关系必然稳定、用户一定成熟、某十神天然是“药”、喜用神自动等于解决办法，或淡化暴力、强迫与现实伤害；现实行为、反例、安全事实和专业支持优先。,中高,待验证,,provisional=true；保护因素的现实有效性必须由可观察行为、反馈和持续结果验证。,0.8
M4-BUFFER-383,LP12 修复不闭环循环｜伪中断／复发标志,L7 LP01—LP12循环退出,BUFFER-LOOP接口,通用,降级,LP12 修复不闭环循环,BF07完整修复＋BF06持续兑现＋BF04接收反馈；识别短期缓解与真实中断的区别。,只有道歉、方案、补偿或短期和好。,完成影响确认、责任、边界、行动、反馈和回访中的必要节点。,由共享基础引擎提供；仅修正保护功能的承载、持续调用和压力状态下的稳定性，不直接等同成熟度、道德或现实行为。,由M1／M2接口提供；夫妻星、心动原型和关系门槛只说明关系议题，不单独证明保护因素已经被调用或有效。,由M3-BASE及M4各模块提供；日支、日柱近位可提高与亲密关系核心的相关性，但同一source_id不得重复计分。,保护因素必须明确限制过用、补足缺位、恢复顺序、打开反馈、落实改变或完成修复回流；不能只凭五行相生补写现实效果。,近位提高进入亲密关系核心的概率；远位只作背景、阶段或条件性修正。,根气只修正该保护功能是否容易重复调用，不等于现实中已经形成稳定保护。,旺弱只修正调用强度与承载；强不自动有效，弱也不自动无效。,喜忌只修正摩擦、平衡与承载，不可直接翻译为好坏、成熟度或解决方案。,原十神功能有效；真合化成立时按化神功能替换，合化争议时停止定性。,近位提高直接相关性；远位仅保留背景、阶段或低置信修正。,97,复发风险+0／保护-10,pseudo_buffer,若出现“只有道歉、方案、补偿或短期和好。”，循环可能只是暂时降温，尚未被中断。,如果只是只有道歉、方案、补偿或短期和好。，还不能判断循环已经改变。,不得仅凭本规则断定问题已经解决、关系必然稳定、用户一定成熟、某十神天然是“药”、喜用神自动等于解决办法，或淡化暴力、强迫与现实伤害；现实行为、反例、安全事实和专业支持优先。,高,待验证,,provisional=true；保护因素的现实有效性必须由可观察行为、反馈和持续结果验证。,0.8
M4-BUFFER-384,LP12 修复不闭环循环｜用户输出,L7 LP01—LP12循环退出,BUFFER-LOOP接口,通用,语言,LP12 修复不闭环循环,BF07完整修复＋BF06持续兑现＋BF04接收反馈；生成循环＋退出语言。,LP12循环节点已有现实支持，且保护组合达到BL3以上。,只有单次事件或资料不足。,由共享基础引擎提供；仅修正保护功能的承载、持续调用和压力状态下的稳定性，不直接等同成熟度、道德或现实行为。,由M1／M2接口提供；夫妻星、心动原型和关系门槛只说明关系议题，不单独证明保护因素已经被调用或有效。,由M3-BASE及M4各模块提供；日支、日柱近位可提高与亲密关系核心的相关性，但同一source_id不得重复计分。,保护因素必须明确限制过用、补足缺位、恢复顺序、打开反馈、落实改变或完成修复回流；不能只凭五行相生补写现实效果。,近位提高进入亲密关系核心的概率；远位只作背景、阶段或条件性修正。,根气只修正该保护功能是否容易重复调用，不等于现实中已经形成稳定保护。,旺弱只修正调用强度与承载；强不自动有效，弱也不自动无效。,喜忌只修正摩擦、平衡与承载，不可直接翻译为好坏、成熟度或解决方案。,原十神功能有效；真合化成立时按化神功能替换，合化争议时停止定性。,近位提高直接相关性；远位仅保留背景、阶段或低置信修正。,84,不加分；输出,report_text,修复不闭环循环的退出重点是：完成影响确认、责任、边界、行动、反馈和回访中的必要节点。,这类循环真正需要的是：完成影响确认、责任、边界、行动、反馈和回访中的必要节点。,不得仅凭本规则断定问题已经解决、关系必然稳定、用户一定成熟、某十神天然是“药”、喜用神自动等于解决办法，或淡化暴力、强迫与现实伤害；现实行为、反例、安全事实和专业支持优先。,中高,待验证,,provisional=true；保护因素的现实有效性必须由可观察行为、反馈和持续结果验证。,0.8
M4-BUFFER-385,RN01 停止伤害与恢复基本安全｜保护路由,L8 REPAIR修复回流接口,BUFFER-REPAIR接口,通用,路由,RN01 停止伤害与恢复基本安全,BF08现实支持＋七杀止损＋正官责任门控,M4-REPAIR显示RN01缺失、薄弱或需要加强，且存在BF08现实支持＋七杀止损＋正官责任门控中的独立资源。,没有对应修复事件，或资源与缺失节点功能不匹配。,由共享基础引擎提供；仅修正保护功能的承载、持续调用和压力状态下的稳定性，不直接等同成熟度、道德或现实行为。,由M1／M2接口提供；夫妻星、心动原型和关系门槛只说明关系议题，不单独证明保护因素已经被调用或有效。,由M3-BASE及M4各模块提供；日支、日柱近位可提高与亲密关系核心的相关性，但同一source_id不得重复计分。,保护因素必须明确限制过用、补足缺位、恢复顺序、打开反馈、落实改变或完成修复回流；不能只凭五行相生补写现实效果。,近位提高进入亲密关系核心的概率；远位只作背景、阶段或条件性修正。,根气只修正该保护功能是否容易重复调用，不等于现实中已经形成稳定保护。,旺弱只修正调用强度与承载；强不自动有效，弱也不自动无效。,喜忌只修正摩擦、平衡与承载，不可直接翻译为好坏、成熟度或解决方案。,原十神功能有效；真合化成立时按化神功能替换，合化争议时停止定性。,近位提高直接相关性；远位仅保留背景、阶段或低置信修正。,95,匹配+6,repair_buffer,RN01优先由BF08现实支持＋七杀止损＋正官责任门控承担保护任务。,这一步需要借助BF08现实支持＋七杀止损＋正官责任门控，让修复链继续向前。,不得仅凭本规则断定问题已经解决、关系必然稳定、用户一定成熟、某十神天然是“药”、喜用神自动等于解决办法，或淡化暴力、强迫与现实伤害；现实行为、反例、安全事实和专业支持优先。,中高,待验证,,provisional=true；保护因素的现实有效性必须由可观察行为、反馈和持续结果验证。,0.8
M4-BUFFER-386,RN01 停止伤害与恢复基本安全｜完成边界,L8 REPAIR修复回流接口,BUFFER-REPAIR接口,通用,边界,RN01 停止伤害与恢复基本安全,完成边界,行为停止、选择权恢复，必要时启动外部安全资源。,没有安全与停止伤害时，其他修复节点不计有效。,由共享基础引擎提供；仅修正保护功能的承载、持续调用和压力状态下的稳定性，不直接等同成熟度、道德或现实行为。,由M1／M2接口提供；夫妻星、心动原型和关系门槛只说明关系议题，不单独证明保护因素已经被调用或有效。,由M3-BASE及M4各模块提供；日支、日柱近位可提高与亲密关系核心的相关性，但同一source_id不得重复计分。,保护因素必须明确限制过用、补足缺位、恢复顺序、打开反馈、落实改变或完成修复回流；不能只凭五行相生补写现实效果。,近位提高进入亲密关系核心的概率；远位只作背景、阶段或条件性修正。,根气只修正该保护功能是否容易重复调用，不等于现实中已经形成稳定保护。,旺弱只修正调用强度与承载；强不自动有效，弱也不自动无效。,喜忌只修正摩擦、平衡与承载，不可直接翻译为好坏、成熟度或解决方案。,原十神功能有效；真合化成立时按化神功能替换，合化争议时停止定性。,近位提高直接相关性；远位仅保留背景、阶段或低置信修正。,98,达成+10／未达不升级,repair_status,RN01的有效标志是：行为停止、选择权恢复，必要时启动外部安全资源。；边界是：没有安全与停止伤害时，其他修复节点不计有效。,只有当“行为停止、选择权恢复，必要时启动外部安全资源。”出现时，才能判断这一步真正进入修复。,不得仅凭本规则断定问题已经解决、关系必然稳定、用户一定成熟、某十神天然是“药”、喜用神自动等于解决办法，或淡化暴力、强迫与现实伤害；现实行为、反例、安全事实和专业支持优先。,高,待验证,,provisional=true；保护因素的现实有效性必须由可观察行为、反馈和持续结果验证。,0.8
M4-BUFFER-387,RN02 事实与事件范围确认｜保护路由,L8 REPAIR修复回流接口,BUFFER-REPAIR接口,通用,路由,RN02 事实与事件范围确认,BF05表达反馈＋伤官事实澄清,M4-REPAIR显示RN02缺失、薄弱或需要加强，且存在BF05表达反馈＋伤官事实澄清中的独立资源。,没有对应修复事件，或资源与缺失节点功能不匹配。,由共享基础引擎提供；仅修正保护功能的承载、持续调用和压力状态下的稳定性，不直接等同成熟度、道德或现实行为。,由M1／M2接口提供；夫妻星、心动原型和关系门槛只说明关系议题，不单独证明保护因素已经被调用或有效。,由M3-BASE及M4各模块提供；日支、日柱近位可提高与亲密关系核心的相关性，但同一source_id不得重复计分。,保护因素必须明确限制过用、补足缺位、恢复顺序、打开反馈、落实改变或完成修复回流；不能只凭五行相生补写现实效果。,近位提高进入亲密关系核心的概率；远位只作背景、阶段或条件性修正。,根气只修正该保护功能是否容易重复调用，不等于现实中已经形成稳定保护。,旺弱只修正调用强度与承载；强不自动有效，弱也不自动无效。,喜忌只修正摩擦、平衡与承载，不可直接翻译为好坏、成熟度或解决方案。,原十神功能有效；真合化成立时按化神功能替换，合化争议时停止定性。,近位提高直接相关性；远位仅保留背景、阶段或低置信修正。,95,匹配+6,repair_buffer,RN02优先由BF05表达反馈＋伤官事实澄清承担保护任务。,这一步需要借助BF05表达反馈＋伤官事实澄清，让修复链继续向前。,不得仅凭本规则断定问题已经解决、关系必然稳定、用户一定成熟、某十神天然是“药”、喜用神自动等于解决办法，或淡化暴力、强迫与现实伤害；现实行为、反例、安全事实和专业支持优先。,中高,待验证,,provisional=true；保护因素的现实有效性必须由可观察行为、反馈和持续结果验证。,0.8
M4-BUFFER-388,RN02 事实与事件范围确认｜完成边界,L8 REPAIR修复回流接口,BUFFER-REPAIR接口,通用,边界,RN02 事实与事件范围确认,完成边界,双方对事件范围、时间、行为和争议点有基本一致记录。,事实仍混乱或互相替换议题时，不进入完成判断。,由共享基础引擎提供；仅修正保护功能的承载、持续调用和压力状态下的稳定性，不直接等同成熟度、道德或现实行为。,由M1／M2接口提供；夫妻星、心动原型和关系门槛只说明关系议题，不单独证明保护因素已经被调用或有效。,由M3-BASE及M4各模块提供；日支、日柱近位可提高与亲密关系核心的相关性，但同一source_id不得重复计分。,保护因素必须明确限制过用、补足缺位、恢复顺序、打开反馈、落实改变或完成修复回流；不能只凭五行相生补写现实效果。,近位提高进入亲密关系核心的概率；远位只作背景、阶段或条件性修正。,根气只修正该保护功能是否容易重复调用，不等于现实中已经形成稳定保护。,旺弱只修正调用强度与承载；强不自动有效，弱也不自动无效。,喜忌只修正摩擦、平衡与承载，不可直接翻译为好坏、成熟度或解决方案。,原十神功能有效；真合化成立时按化神功能替换，合化争议时停止定性。,近位提高直接相关性；远位仅保留背景、阶段或低置信修正。,98,达成+10／未达不升级,repair_status,RN02的有效标志是：双方对事件范围、时间、行为和争议点有基本一致记录。；边界是：事实仍混乱或互相替换议题时，不进入完成判断。,只有当“双方对事件范围、时间、行为和争议点有基本一致记录。”出现时，才能判断这一步真正进入修复。,不得仅凭本规则断定问题已经解决、关系必然稳定、用户一定成熟、某十神天然是“药”、喜用神自动等于解决办法，或淡化暴力、强迫与现实伤害；现实行为、反例、安全事实和专业支持优先。,高,待验证,,provisional=true；保护因素的现实有效性必须由可观察行为、反馈和持续结果验证。,0.8
M4-BUFFER-389,RN03 影响、感受与意义确认｜保护路由,L8 REPAIR修复回流接口,BUFFER-REPAIR接口,通用,路由,RN03 影响、感受与意义确认,BF04倾听复核＋正印承接,M4-REPAIR显示RN03缺失、薄弱或需要加强，且存在BF04倾听复核＋正印承接中的独立资源。,没有对应修复事件，或资源与缺失节点功能不匹配。,由共享基础引擎提供；仅修正保护功能的承载、持续调用和压力状态下的稳定性，不直接等同成熟度、道德或现实行为。,由M1／M2接口提供；夫妻星、心动原型和关系门槛只说明关系议题，不单独证明保护因素已经被调用或有效。,由M3-BASE及M4各模块提供；日支、日柱近位可提高与亲密关系核心的相关性，但同一source_id不得重复计分。,保护因素必须明确限制过用、补足缺位、恢复顺序、打开反馈、落实改变或完成修复回流；不能只凭五行相生补写现实效果。,近位提高进入亲密关系核心的概率；远位只作背景、阶段或条件性修正。,根气只修正该保护功能是否容易重复调用，不等于现实中已经形成稳定保护。,旺弱只修正调用强度与承载；强不自动有效，弱也不自动无效。,喜忌只修正摩擦、平衡与承载，不可直接翻译为好坏、成熟度或解决方案。,原十神功能有效；真合化成立时按化神功能替换，合化争议时停止定性。,近位提高直接相关性；远位仅保留背景、阶段或低置信修正。,95,匹配+6,repair_buffer,RN03优先由BF04倾听复核＋正印承接承担保护任务。,这一步需要借助BF04倾听复核＋正印承接，让修复链继续向前。,不得仅凭本规则断定问题已经解决、关系必然稳定、用户一定成熟、某十神天然是“药”、喜用神自动等于解决办法，或淡化暴力、强迫与现实伤害；现实行为、反例、安全事实和专业支持优先。,中高,待验证,,provisional=true；保护因素的现实有效性必须由可观察行为、反馈和持续结果验证。,0.8
M4-BUFFER-390,RN03 影响、感受与意义确认｜完成边界,L8 REPAIR修复回流接口,BUFFER-REPAIR接口,通用,边界,RN03 影响、感受与意义确认,完成边界,接收方的实际影响被听见、复述并纳入后续行动。,只有发起方解释动机，没有确认接收方影响。,由共享基础引擎提供；仅修正保护功能的承载、持续调用和压力状态下的稳定性，不直接等同成熟度、道德或现实行为。,由M1／M2接口提供；夫妻星、心动原型和关系门槛只说明关系议题，不单独证明保护因素已经被调用或有效。,由M3-BASE及M4各模块提供；日支、日柱近位可提高与亲密关系核心的相关性，但同一source_id不得重复计分。,保护因素必须明确限制过用、补足缺位、恢复顺序、打开反馈、落实改变或完成修复回流；不能只凭五行相生补写现实效果。,近位提高进入亲密关系核心的概率；远位只作背景、阶段或条件性修正。,根气只修正该保护功能是否容易重复调用，不等于现实中已经形成稳定保护。,旺弱只修正调用强度与承载；强不自动有效，弱也不自动无效。,喜忌只修正摩擦、平衡与承载，不可直接翻译为好坏、成熟度或解决方案。,原十神功能有效；真合化成立时按化神功能替换，合化争议时停止定性。,近位提高直接相关性；远位仅保留背景、阶段或低置信修正。,98,达成+10／未达不升级,repair_status,RN03的有效标志是：接收方的实际影响被听见、复述并纳入后续行动。；边界是：只有发起方解释动机，没有确认接收方影响。,只有当“接收方的实际影响被听见、复述并纳入后续行动。”出现时，才能判断这一步真正进入修复。,不得仅凭本规则断定问题已经解决、关系必然稳定、用户一定成熟、某十神天然是“药”、喜用神自动等于解决办法，或淡化暴力、强迫与现实伤害；现实行为、反例、安全事实和专业支持优先。,高,待验证,,provisional=true；保护因素的现实有效性必须由可观察行为、反馈和持续结果验证。,0.8
M4-BUFFER-391,RN04 责任与角色承担｜保护路由,L8 REPAIR修复回流接口,BUFFER-REPAIR接口,通用,路由,RN04 责任与角色承担,BF01制化＋正官责任＋BF06兑现,M4-REPAIR显示RN04缺失、薄弱或需要加强，且存在BF01制化＋正官责任＋BF06兑现中的独立资源。,没有对应修复事件，或资源与缺失节点功能不匹配。,由共享基础引擎提供；仅修正保护功能的承载、持续调用和压力状态下的稳定性，不直接等同成熟度、道德或现实行为。,由M1／M2接口提供；夫妻星、心动原型和关系门槛只说明关系议题，不单独证明保护因素已经被调用或有效。,由M3-BASE及M4各模块提供；日支、日柱近位可提高与亲密关系核心的相关性，但同一source_id不得重复计分。,保护因素必须明确限制过用、补足缺位、恢复顺序、打开反馈、落实改变或完成修复回流；不能只凭五行相生补写现实效果。,近位提高进入亲密关系核心的概率；远位只作背景、阶段或条件性修正。,根气只修正该保护功能是否容易重复调用，不等于现实中已经形成稳定保护。,旺弱只修正调用强度与承载；强不自动有效，弱也不自动无效。,喜忌只修正摩擦、平衡与承载，不可直接翻译为好坏、成熟度或解决方案。,原十神功能有效；真合化成立时按化神功能替换，合化争议时停止定性。,近位提高直接相关性；远位仅保留背景、阶段或低置信修正。,95,匹配+6,repair_buffer,RN04优先由BF01制化＋正官责任＋BF06兑现承担保护任务。,这一步需要借助BF01制化＋正官责任＋BF06兑现，让修复链继续向前。,不得仅凭本规则断定问题已经解决、关系必然稳定、用户一定成熟、某十神天然是“药”、喜用神自动等于解决办法，或淡化暴力、强迫与现实伤害；现实行为、反例、安全事实和专业支持优先。,中高,待验证,,provisional=true；保护因素的现实有效性必须由可观察行为、反馈和持续结果验证。,0.8
M4-BUFFER-392,RN04 责任与角色承担｜完成边界,L8 REPAIR修复回流接口,BUFFER-REPAIR接口,通用,边界,RN04 责任与角色承担,完成边界,责任具体到行为、后果和后续任务，不以原因解释替代。,只说“我不是故意的”“我也很难”而未承担具体责任。,由共享基础引擎提供；仅修正保护功能的承载、持续调用和压力状态下的稳定性，不直接等同成熟度、道德或现实行为。,由M1／M2接口提供；夫妻星、心动原型和关系门槛只说明关系议题，不单独证明保护因素已经被调用或有效。,由M3-BASE及M4各模块提供；日支、日柱近位可提高与亲密关系核心的相关性，但同一source_id不得重复计分。,保护因素必须明确限制过用、补足缺位、恢复顺序、打开反馈、落实改变或完成修复回流；不能只凭五行相生补写现实效果。,近位提高进入亲密关系核心的概率；远位只作背景、阶段或条件性修正。,根气只修正该保护功能是否容易重复调用，不等于现实中已经形成稳定保护。,旺弱只修正调用强度与承载；强不自动有效，弱也不自动无效。,喜忌只修正摩擦、平衡与承载，不可直接翻译为好坏、成熟度或解决方案。,原十神功能有效；真合化成立时按化神功能替换，合化争议时停止定性。,近位提高直接相关性；远位仅保留背景、阶段或低置信修正。,98,达成+10／未达不升级,repair_status,RN04的有效标志是：责任具体到行为、后果和后续任务，不以原因解释替代。；边界是：只说“我不是故意的”“我也很难”而未承担具体责任。,只有当“责任具体到行为、后果和后续任务，不以原因解释替代。”出现时，才能判断这一步真正进入修复。,不得仅凭本规则断定问题已经解决、关系必然稳定、用户一定成熟、某十神天然是“药”、喜用神自动等于解决办法，或淡化暴力、强迫与现实伤害；现实行为、反例、安全事实和专业支持优先。,高,待验证,,provisional=true；保护因素的现实有效性必须由可观察行为、反馈和持续结果验证。,0.8
M4-BUFFER-393,RN05 需要、边界与参与权重订｜保护路由,L8 REPAIR修复回流接口,BUFFER-REPAIR接口,通用,路由,RN05 需要、边界与参与权重订,BF03独立边界＋BF05协商,M4-REPAIR显示RN05缺失、薄弱或需要加强，且存在BF03独立边界＋BF05协商中的独立资源。,没有对应修复事件，或资源与缺失节点功能不匹配。,由共享基础引擎提供；仅修正保护功能的承载、持续调用和压力状态下的稳定性，不直接等同成熟度、道德或现实行为。,由M1／M2接口提供；夫妻星、心动原型和关系门槛只说明关系议题，不单独证明保护因素已经被调用或有效。,由M3-BASE及M4各模块提供；日支、日柱近位可提高与亲密关系核心的相关性，但同一source_id不得重复计分。,保护因素必须明确限制过用、补足缺位、恢复顺序、打开反馈、落实改变或完成修复回流；不能只凭五行相生补写现实效果。,近位提高进入亲密关系核心的概率；远位只作背景、阶段或条件性修正。,根气只修正该保护功能是否容易重复调用，不等于现实中已经形成稳定保护。,旺弱只修正调用强度与承载；强不自动有效，弱也不自动无效。,喜忌只修正摩擦、平衡与承载，不可直接翻译为好坏、成熟度或解决方案。,原十神功能有效；真合化成立时按化神功能替换，合化争议时停止定性。,近位提高直接相关性；远位仅保留背景、阶段或低置信修正。,95,匹配+6,repair_buffer,RN05优先由BF03独立边界＋BF05协商承担保护任务。,这一步需要借助BF03独立边界＋BF05协商，让修复链继续向前。,不得仅凭本规则断定问题已经解决、关系必然稳定、用户一定成熟、某十神天然是“药”、喜用神自动等于解决办法，或淡化暴力、强迫与现实伤害；现实行为、反例、安全事实和专业支持优先。,中高,待验证,,provisional=true；保护因素的现实有效性必须由可观察行为、反馈和持续结果验证。,0.8
M4-BUFFER-394,RN05 需要、边界与参与权重订｜完成边界,L8 REPAIR修复回流接口,BUFFER-REPAIR接口,通用,边界,RN05 需要、边界与参与权重订,完成边界,双方重新明确需要、停止线、参与权和共同决定范围。,由一方单独制定新规则或要求对方配合。,由共享基础引擎提供；仅修正保护功能的承载、持续调用和压力状态下的稳定性，不直接等同成熟度、道德或现实行为。,由M1／M2接口提供；夫妻星、心动原型和关系门槛只说明关系议题，不单独证明保护因素已经被调用或有效。,由M3-BASE及M4各模块提供；日支、日柱近位可提高与亲密关系核心的相关性，但同一source_id不得重复计分。,保护因素必须明确限制过用、补足缺位、恢复顺序、打开反馈、落实改变或完成修复回流；不能只凭五行相生补写现实效果。,近位提高进入亲密关系核心的概率；远位只作背景、阶段或条件性修正。,根气只修正该保护功能是否容易重复调用，不等于现实中已经形成稳定保护。,旺弱只修正调用强度与承载；强不自动有效，弱也不自动无效。,喜忌只修正摩擦、平衡与承载，不可直接翻译为好坏、成熟度或解决方案。,原十神功能有效；真合化成立时按化神功能替换，合化争议时停止定性。,近位提高直接相关性；远位仅保留背景、阶段或低置信修正。,98,达成+10／未达不升级,repair_status,RN05的有效标志是：双方重新明确需要、停止线、参与权和共同决定范围。；边界是：由一方单独制定新规则或要求对方配合。,只有当“双方重新明确需要、停止线、参与权和共同决定范围。”出现时，才能判断这一步真正进入修复。,不得仅凭本规则断定问题已经解决、关系必然稳定、用户一定成熟、某十神天然是“药”、喜用神自动等于解决办法，或淡化暴力、强迫与现实伤害；现实行为、反例、安全事实和专业支持优先。,高,待验证,,provisional=true；保护因素的现实有效性必须由可观察行为、反馈和持续结果验证。,0.8
M4-BUFFER-395,RN06 补救行动与现实调整｜保护路由,L8 REPAIR修复回流接口,BUFFER-REPAIR接口,通用,路由,RN06 补救行动与现实调整,BF06现实兑现＋财星落实,M4-REPAIR显示RN06缺失、薄弱或需要加强，且存在BF06现实兑现＋财星落实中的独立资源。,没有对应修复事件，或资源与缺失节点功能不匹配。,由共享基础引擎提供；仅修正保护功能的承载、持续调用和压力状态下的稳定性，不直接等同成熟度、道德或现实行为。,由M1／M2接口提供；夫妻星、心动原型和关系门槛只说明关系议题，不单独证明保护因素已经被调用或有效。,由M3-BASE及M4各模块提供；日支、日柱近位可提高与亲密关系核心的相关性，但同一source_id不得重复计分。,保护因素必须明确限制过用、补足缺位、恢复顺序、打开反馈、落实改变或完成修复回流；不能只凭五行相生补写现实效果。,近位提高进入亲密关系核心的概率；远位只作背景、阶段或条件性修正。,根气只修正该保护功能是否容易重复调用，不等于现实中已经形成稳定保护。,旺弱只修正调用强度与承载；强不自动有效，弱也不自动无效。,喜忌只修正摩擦、平衡与承载，不可直接翻译为好坏、成熟度或解决方案。,原十神功能有效；真合化成立时按化神功能替换，合化争议时停止定性。,近位提高直接相关性；远位仅保留背景、阶段或低置信修正。,95,匹配+6,repair_buffer,RN06优先由BF06现实兑现＋财星落实承担保护任务。,这一步需要借助BF06现实兑现＋财星落实，让修复链继续向前。,不得仅凭本规则断定问题已经解决、关系必然稳定、用户一定成熟、某十神天然是“药”、喜用神自动等于解决办法，或淡化暴力、强迫与现实伤害；现实行为、反例、安全事实和专业支持优先。,中高,待验证,,provisional=true；保护因素的现实有效性必须由可观察行为、反馈和持续结果验证。,0.8
M4-BUFFER-396,RN06 补救行动与现实调整｜完成边界,L8 REPAIR修复回流接口,BUFFER-REPAIR接口,通用,边界,RN06 补救行动与现实调整,完成边界,形成可观察、可执行、与影响相匹配的行动调整。,只有承诺、补偿或一次动作，没有持续执行。,由共享基础引擎提供；仅修正保护功能的承载、持续调用和压力状态下的稳定性，不直接等同成熟度、道德或现实行为。,由M1／M2接口提供；夫妻星、心动原型和关系门槛只说明关系议题，不单独证明保护因素已经被调用或有效。,由M3-BASE及M4各模块提供；日支、日柱近位可提高与亲密关系核心的相关性，但同一source_id不得重复计分。,保护因素必须明确限制过用、补足缺位、恢复顺序、打开反馈、落实改变或完成修复回流；不能只凭五行相生补写现实效果。,近位提高进入亲密关系核心的概率；远位只作背景、阶段或条件性修正。,根气只修正该保护功能是否容易重复调用，不等于现实中已经形成稳定保护。,旺弱只修正调用强度与承载；强不自动有效，弱也不自动无效。,喜忌只修正摩擦、平衡与承载，不可直接翻译为好坏、成熟度或解决方案。,原十神功能有效；真合化成立时按化神功能替换，合化争议时停止定性。,近位提高直接相关性；远位仅保留背景、阶段或低置信修正。,98,达成+10／未达不升级,repair_status,RN06的有效标志是：形成可观察、可执行、与影响相匹配的行动调整。；边界是：只有承诺、补偿或一次动作，没有持续执行。,只有当“形成可观察、可执行、与影响相匹配的行动调整。”出现时，才能判断这一步真正进入修复。,不得仅凭本规则断定问题已经解决、关系必然稳定、用户一定成熟、某十神天然是“药”、喜用神自动等于解决办法，或淡化暴力、强迫与现实伤害；现实行为、反例、安全事实和专业支持优先。,高,待验证,,provisional=true；保护因素的现实有效性必须由可观察行为、反馈和持续结果验证。,0.8
M4-BUFFER-397,RN07 接收反馈与二次修正｜保护路由,L8 REPAIR修复回流接口,BUFFER-REPAIR接口,通用,路由,RN07 接收反馈与二次修正,BF04倾听复核＋BF05反馈,M4-REPAIR显示RN07缺失、薄弱或需要加强，且存在BF04倾听复核＋BF05反馈中的独立资源。,没有对应修复事件，或资源与缺失节点功能不匹配。,由共享基础引擎提供；仅修正保护功能的承载、持续调用和压力状态下的稳定性，不直接等同成熟度、道德或现实行为。,由M1／M2接口提供；夫妻星、心动原型和关系门槛只说明关系议题，不单独证明保护因素已经被调用或有效。,由M3-BASE及M4各模块提供；日支、日柱近位可提高与亲密关系核心的相关性，但同一source_id不得重复计分。,保护因素必须明确限制过用、补足缺位、恢复顺序、打开反馈、落实改变或完成修复回流；不能只凭五行相生补写现实效果。,近位提高进入亲密关系核心的概率；远位只作背景、阶段或条件性修正。,根气只修正该保护功能是否容易重复调用，不等于现实中已经形成稳定保护。,旺弱只修正调用强度与承载；强不自动有效，弱也不自动无效。,喜忌只修正摩擦、平衡与承载，不可直接翻译为好坏、成熟度或解决方案。,原十神功能有效；真合化成立时按化神功能替换，合化争议时停止定性。,近位提高直接相关性；远位仅保留背景、阶段或低置信修正。,95,匹配+6,repair_buffer,RN07优先由BF04倾听复核＋BF05反馈承担保护任务。,这一步需要借助BF04倾听复核＋BF05反馈，让修复链继续向前。,不得仅凭本规则断定问题已经解决、关系必然稳定、用户一定成熟、某十神天然是“药”、喜用神自动等于解决办法，或淡化暴力、强迫与现实伤害；现实行为、反例、安全事实和专业支持优先。,中高,待验证,,provisional=true；保护因素的现实有效性必须由可观察行为、反馈和持续结果验证。,0.8
M4-BUFFER-398,RN07 接收反馈与二次修正｜完成边界,L8 REPAIR修复回流接口,BUFFER-REPAIR接口,通用,边界,RN07 接收反馈与二次修正,完成边界,接收方能说明修复是否有效，发起方据此调整。,没有接收方反馈，或反馈被当成挑剔与否定。,由共享基础引擎提供；仅修正保护功能的承载、持续调用和压力状态下的稳定性，不直接等同成熟度、道德或现实行为。,由M1／M2接口提供；夫妻星、心动原型和关系门槛只说明关系议题，不单独证明保护因素已经被调用或有效。,由M3-BASE及M4各模块提供；日支、日柱近位可提高与亲密关系核心的相关性，但同一source_id不得重复计分。,保护因素必须明确限制过用、补足缺位、恢复顺序、打开反馈、落实改变或完成修复回流；不能只凭五行相生补写现实效果。,近位提高进入亲密关系核心的概率；远位只作背景、阶段或条件性修正。,根气只修正该保护功能是否容易重复调用，不等于现实中已经形成稳定保护。,旺弱只修正调用强度与承载；强不自动有效，弱也不自动无效。,喜忌只修正摩擦、平衡与承载，不可直接翻译为好坏、成熟度或解决方案。,原十神功能有效；真合化成立时按化神功能替换，合化争议时停止定性。,近位提高直接相关性；远位仅保留背景、阶段或低置信修正。,98,达成+10／未达不升级,repair_status,RN07的有效标志是：接收方能说明修复是否有效，发起方据此调整。；边界是：没有接收方反馈，或反馈被当成挑剔与否定。,只有当“接收方能说明修复是否有效，发起方据此调整。”出现时，才能判断这一步真正进入修复。,不得仅凭本规则断定问题已经解决、关系必然稳定、用户一定成熟、某十神天然是“药”、喜用神自动等于解决办法，或淡化暴力、强迫与现实伤害；现实行为、反例、安全事实和专业支持优先。,高,待验证,,provisional=true；保护因素的现实有效性必须由可观察行为、反馈和持续结果验证。,0.8
M4-BUFFER-399,RN08 持续兑现、回访与重新开放｜保护路由,L8 REPAIR修复回流接口,BUFFER-REPAIR接口,通用,路由,RN08 持续兑现、回访与重新开放,BF06持续行为＋BF07完整回流,M4-REPAIR显示RN08缺失、薄弱或需要加强，且存在BF06持续行为＋BF07完整回流中的独立资源。,没有对应修复事件，或资源与缺失节点功能不匹配。,由共享基础引擎提供；仅修正保护功能的承载、持续调用和压力状态下的稳定性，不直接等同成熟度、道德或现实行为。,由M1／M2接口提供；夫妻星、心动原型和关系门槛只说明关系议题，不单独证明保护因素已经被调用或有效。,由M3-BASE及M4各模块提供；日支、日柱近位可提高与亲密关系核心的相关性，但同一source_id不得重复计分。,保护因素必须明确限制过用、补足缺位、恢复顺序、打开反馈、落实改变或完成修复回流；不能只凭五行相生补写现实效果。,近位提高进入亲密关系核心的概率；远位只作背景、阶段或条件性修正。,根气只修正该保护功能是否容易重复调用，不等于现实中已经形成稳定保护。,旺弱只修正调用强度与承载；强不自动有效，弱也不自动无效。,喜忌只修正摩擦、平衡与承载，不可直接翻译为好坏、成熟度或解决方案。,原十神功能有效；真合化成立时按化神功能替换，合化争议时停止定性。,近位提高直接相关性；远位仅保留背景、阶段或低置信修正。,95,匹配+6,repair_buffer,RN08优先由BF06持续行为＋BF07完整回流承担保护任务。,这一步需要借助BF06持续行为＋BF07完整回流，让修复链继续向前。,不得仅凭本规则断定问题已经解决、关系必然稳定、用户一定成熟、某十神天然是“药”、喜用神自动等于解决办法，或淡化暴力、强迫与现实伤害；现实行为、反例、安全事实和专业支持优先。,中高,待验证,,provisional=true；保护因素的现实有效性必须由可观察行为、反馈和持续结果验证。,0.8
M4-BUFFER-400,RN08 持续兑现、回访与重新开放｜完成边界,L8 REPAIR修复回流接口,BUFFER-REPAIR接口,通用,边界,RN08 持续兑现、回访与重新开放,完成边界,改变在后续情境中持续，并有回访、复发检验和重新开放。,一次改善、短期和好或无复发资料被写成稳定修复。,由共享基础引擎提供；仅修正保护功能的承载、持续调用和压力状态下的稳定性，不直接等同成熟度、道德或现实行为。,由M1／M2接口提供；夫妻星、心动原型和关系门槛只说明关系议题，不单独证明保护因素已经被调用或有效。,由M3-BASE及M4各模块提供；日支、日柱近位可提高与亲密关系核心的相关性，但同一source_id不得重复计分。,保护因素必须明确限制过用、补足缺位、恢复顺序、打开反馈、落实改变或完成修复回流；不能只凭五行相生补写现实效果。,近位提高进入亲密关系核心的概率；远位只作背景、阶段或条件性修正。,根气只修正该保护功能是否容易重复调用，不等于现实中已经形成稳定保护。,旺弱只修正调用强度与承载；强不自动有效，弱也不自动无效。,喜忌只修正摩擦、平衡与承载，不可直接翻译为好坏、成熟度或解决方案。,原十神功能有效；真合化成立时按化神功能替换，合化争议时停止定性。,近位提高直接相关性；远位仅保留背景、阶段或低置信修正。,98,达成+10／未达不升级,repair_status,RN08的有效标志是：改变在后续情境中持续，并有回访、复发检验和重新开放。；边界是：一次改善、短期和好或无复发资料被写成稳定修复。,只有当“改变在后续情境中持续，并有回访、复发检验和重新开放。”出现时，才能判断这一步真正进入修复。,不得仅凭本规则断定问题已经解决、关系必然稳定、用户一定成熟、某十神天然是“药”、喜用神自动等于解决办法，或淡化暴力、强迫与现实伤害；现实行为、反例、安全事实和专业支持优先。,高,待验证,,provisional=true；保护因素的现实有效性必须由可观察行为、反馈和持续结果验证。,0.8
M4-BUFFER-401,RB01 事件停止等同修复完成｜保护接口,L8 REPAIR修复回流接口,BUFFER-REPAIR盲点接口,通用,路由,RB01 事件停止等同修复完成,BF07完整修复回流；继续检查RN02—RN08,M4-REPAIR已识别RB01候选，并且存在BF07完整修复回流；继续检查RN02—RN08中的至少一项资源。,该盲点已有现实反例，或修复节点已经完整且持续。,由共享基础引擎提供；仅修正保护功能的承载、持续调用和压力状态下的稳定性，不直接等同成熟度、道德或现实行为。,由M1／M2接口提供；夫妻星、心动原型和关系门槛只说明关系议题，不单独证明保护因素已经被调用或有效。,由M3-BASE及M4各模块提供；日支、日柱近位可提高与亲密关系核心的相关性，但同一source_id不得重复计分。,保护因素必须明确限制过用、补足缺位、恢复顺序、打开反馈、落实改变或完成修复回流；不能只凭五行相生补写现实效果。,近位提高进入亲密关系核心的概率；远位只作背景、阶段或条件性修正。,根气只修正该保护功能是否容易重复调用，不等于现实中已经形成稳定保护。,旺弱只修正调用强度与承载；强不自动有效，弱也不自动无效。,喜忌只修正摩擦、平衡与承载，不可直接翻译为好坏、成熟度或解决方案。,原十神功能有效；真合化成立时按化神功能替换，合化争议时停止定性。,近位提高直接相关性；远位仅保留背景、阶段或低置信修正。,93,路由+5,repair_buffer,RB01优先由BF07完整修复回流；继续检查RN02—RN08纠正。,要避免“事件停止等同修复完成”，需要继续检查：BF07完整修复回流；继续检查RN02—RN08。,不得仅凭本规则断定问题已经解决、关系必然稳定、用户一定成熟、某十神天然是“药”、喜用神自动等于解决办法，或淡化暴力、强迫与现实伤害；现实行为、反例、安全事实和专业支持优先。,中高,待验证,,provisional=true；保护因素的现实有效性必须由可观察行为、反馈和持续结果验证。,0.8
M4-BUFFER-402,RB02 事实说清等同影响被理解｜保护接口,L8 REPAIR修复回流接口,BUFFER-REPAIR盲点接口,通用,路由,RB02 事实说清等同影响被理解,BF04影响确认；补足RN03,M4-REPAIR已识别RB02候选，并且存在BF04影响确认；补足RN03中的至少一项资源。,该盲点已有现实反例，或修复节点已经完整且持续。,由共享基础引擎提供；仅修正保护功能的承载、持续调用和压力状态下的稳定性，不直接等同成熟度、道德或现实行为。,由M1／M2接口提供；夫妻星、心动原型和关系门槛只说明关系议题，不单独证明保护因素已经被调用或有效。,由M3-BASE及M4各模块提供；日支、日柱近位可提高与亲密关系核心的相关性，但同一source_id不得重复计分。,保护因素必须明确限制过用、补足缺位、恢复顺序、打开反馈、落实改变或完成修复回流；不能只凭五行相生补写现实效果。,近位提高进入亲密关系核心的概率；远位只作背景、阶段或条件性修正。,根气只修正该保护功能是否容易重复调用，不等于现实中已经形成稳定保护。,旺弱只修正调用强度与承载；强不自动有效，弱也不自动无效。,喜忌只修正摩擦、平衡与承载，不可直接翻译为好坏、成熟度或解决方案。,原十神功能有效；真合化成立时按化神功能替换，合化争议时停止定性。,近位提高直接相关性；远位仅保留背景、阶段或低置信修正。,93,路由+5,repair_buffer,RB02优先由BF04影响确认；补足RN03纠正。,要避免“事实说清等同影响被理解”，需要继续检查：BF04影响确认；补足RN03。,不得仅凭本规则断定问题已经解决、关系必然稳定、用户一定成熟、某十神天然是“药”、喜用神自动等于解决办法，或淡化暴力、强迫与现实伤害；现实行为、反例、安全事实和专业支持优先。,中高,待验证,,provisional=true；保护因素的现实有效性必须由可观察行为、反馈和持续结果验证。,0.8
M4-BUFFER-403,RB03 解释原因等同责任承担｜保护接口,L8 REPAIR修复回流接口,BUFFER-REPAIR盲点接口,通用,路由,RB03 解释原因等同责任承担,BF01责任门控＋BF06兑现；补足RN04与RN06,M4-REPAIR已识别RB03候选，并且存在BF01责任门控＋BF06兑现；补足RN04与RN06中的至少一项资源。,该盲点已有现实反例，或修复节点已经完整且持续。,由共享基础引擎提供；仅修正保护功能的承载、持续调用和压力状态下的稳定性，不直接等同成熟度、道德或现实行为。,由M1／M2接口提供；夫妻星、心动原型和关系门槛只说明关系议题，不单独证明保护因素已经被调用或有效。,由M3-BASE及M4各模块提供；日支、日柱近位可提高与亲密关系核心的相关性，但同一source_id不得重复计分。,保护因素必须明确限制过用、补足缺位、恢复顺序、打开反馈、落实改变或完成修复回流；不能只凭五行相生补写现实效果。,近位提高进入亲密关系核心的概率；远位只作背景、阶段或条件性修正。,根气只修正该保护功能是否容易重复调用，不等于现实中已经形成稳定保护。,旺弱只修正调用强度与承载；强不自动有效，弱也不自动无效。,喜忌只修正摩擦、平衡与承载，不可直接翻译为好坏、成熟度或解决方案。,原十神功能有效；真合化成立时按化神功能替换，合化争议时停止定性。,近位提高直接相关性；远位仅保留背景、阶段或低置信修正。,93,路由+5,repair_buffer,RB03优先由BF01责任门控＋BF06兑现；补足RN04与RN06纠正。,要避免“解释原因等同责任承担”，需要继续检查：BF01责任门控＋BF06兑现；补足RN04与RN06。,不得仅凭本规则断定问题已经解决、关系必然稳定、用户一定成熟、某十神天然是“药”、喜用神自动等于解决办法，或淡化暴力、强迫与现实伤害；现实行为、反例、安全事实和专业支持优先。,中高,待验证,,provisional=true；保护因素的现实有效性必须由可观察行为、反馈和持续结果验证。,0.8
M4-BUFFER-404,RB04 道歉表达等同行为改变｜保护接口,L8 REPAIR修复回流接口,BUFFER-REPAIR盲点接口,通用,路由,RB04 道歉表达等同行为改变,BF06持续行为；补足RN06与RN08,M4-REPAIR已识别RB04候选，并且存在BF06持续行为；补足RN06与RN08中的至少一项资源。,该盲点已有现实反例，或修复节点已经完整且持续。,由共享基础引擎提供；仅修正保护功能的承载、持续调用和压力状态下的稳定性，不直接等同成熟度、道德或现实行为。,由M1／M2接口提供；夫妻星、心动原型和关系门槛只说明关系议题，不单独证明保护因素已经被调用或有效。,由M3-BASE及M4各模块提供；日支、日柱近位可提高与亲密关系核心的相关性，但同一source_id不得重复计分。,保护因素必须明确限制过用、补足缺位、恢复顺序、打开反馈、落实改变或完成修复回流；不能只凭五行相生补写现实效果。,近位提高进入亲密关系核心的概率；远位只作背景、阶段或条件性修正。,根气只修正该保护功能是否容易重复调用，不等于现实中已经形成稳定保护。,旺弱只修正调用强度与承载；强不自动有效，弱也不自动无效。,喜忌只修正摩擦、平衡与承载，不可直接翻译为好坏、成熟度或解决方案。,原十神功能有效；真合化成立时按化神功能替换，合化争议时停止定性。,近位提高直接相关性；远位仅保留背景、阶段或低置信修正。,93,路由+5,repair_buffer,RB04优先由BF06持续行为；补足RN06与RN08纠正。,要避免“道歉表达等同行为改变”，需要继续检查：BF06持续行为；补足RN06与RN08。,不得仅凭本规则断定问题已经解决、关系必然稳定、用户一定成熟、某十神天然是“药”、喜用神自动等于解决办法，或淡化暴力、强迫与现实伤害；现实行为、反例、安全事实和专业支持优先。,中高,待验证,,provisional=true；保护因素的现实有效性必须由可观察行为、反馈和持续结果验证。,0.8
M4-BUFFER-405,RB05 情绪安抚等同现实问题解决｜保护接口,L8 REPAIR修复回流接口,BUFFER-REPAIR盲点接口,通用,路由,RB05 情绪安抚等同现实问题解决,BF06现实调整＋BF07回流；区分RN03和RN06,M4-REPAIR已识别RB05候选，并且存在BF06现实调整＋BF07回流；区分RN03和RN06中的至少一项资源。,该盲点已有现实反例，或修复节点已经完整且持续。,由共享基础引擎提供；仅修正保护功能的承载、持续调用和压力状态下的稳定性，不直接等同成熟度、道德或现实行为。,由M1／M2接口提供；夫妻星、心动原型和关系门槛只说明关系议题，不单独证明保护因素已经被调用或有效。,由M3-BASE及M4各模块提供；日支、日柱近位可提高与亲密关系核心的相关性，但同一source_id不得重复计分。,保护因素必须明确限制过用、补足缺位、恢复顺序、打开反馈、落实改变或完成修复回流；不能只凭五行相生补写现实效果。,近位提高进入亲密关系核心的概率；远位只作背景、阶段或条件性修正。,根气只修正该保护功能是否容易重复调用，不等于现实中已经形成稳定保护。,旺弱只修正调用强度与承载；强不自动有效，弱也不自动无效。,喜忌只修正摩擦、平衡与承载，不可直接翻译为好坏、成熟度或解决方案。,原十神功能有效；真合化成立时按化神功能替换，合化争议时停止定性。,近位提高直接相关性；远位仅保留背景、阶段或低置信修正。,93,路由+5,repair_buffer,RB05优先由BF06现实调整＋BF07回流；区分RN03和RN06纠正。,要避免“情绪安抚等同现实问题解决”，需要继续检查：BF06现实调整＋BF07回流；区分RN03和RN06。,不得仅凭本规则断定问题已经解决、关系必然稳定、用户一定成熟、某十神天然是“药”、喜用神自动等于解决办法，或淡化暴力、强迫与现实伤害；现实行为、反例、安全事实和专业支持优先。,中高,待验证,,provisional=true；保护因素的现实有效性必须由可观察行为、反馈和持续结果验证。,0.8
M4-BUFFER-406,RB06 现实补偿等同关系修复｜保护接口,L8 REPAIR修复回流接口,BUFFER-REPAIR盲点接口,通用,路由,RB06 现实补偿等同关系修复,BF04影响确认＋BF05反馈；补足RN03与RN07,M4-REPAIR已识别RB06候选，并且存在BF04影响确认＋BF05反馈；补足RN03与RN07中的至少一项资源。,该盲点已有现实反例，或修复节点已经完整且持续。,由共享基础引擎提供；仅修正保护功能的承载、持续调用和压力状态下的稳定性，不直接等同成熟度、道德或现实行为。,由M1／M2接口提供；夫妻星、心动原型和关系门槛只说明关系议题，不单独证明保护因素已经被调用或有效。,由M3-BASE及M4各模块提供；日支、日柱近位可提高与亲密关系核心的相关性，但同一source_id不得重复计分。,保护因素必须明确限制过用、补足缺位、恢复顺序、打开反馈、落实改变或完成修复回流；不能只凭五行相生补写现实效果。,近位提高进入亲密关系核心的概率；远位只作背景、阶段或条件性修正。,根气只修正该保护功能是否容易重复调用，不等于现实中已经形成稳定保护。,旺弱只修正调用强度与承载；强不自动有效，弱也不自动无效。,喜忌只修正摩擦、平衡与承载，不可直接翻译为好坏、成熟度或解决方案。,原十神功能有效；真合化成立时按化神功能替换，合化争议时停止定性。,近位提高直接相关性；远位仅保留背景、阶段或低置信修正。,93,路由+5,repair_buffer,RB06优先由BF04影响确认＋BF05反馈；补足RN03与RN07纠正。,要避免“现实补偿等同关系修复”，需要继续检查：BF04影响确认＋BF05反馈；补足RN03与RN07。,不得仅凭本规则断定问题已经解决、关系必然稳定、用户一定成熟、某十神天然是“药”、喜用神自动等于解决办法，或淡化暴力、强迫与现实伤害；现实行为、反例、安全事实和专业支持优先。,中高,待验证,,provisional=true；保护因素的现实有效性必须由可观察行为、反馈和持续结果验证。,0.8
M4-BUFFER-407,RB07 承诺规则等同共同协商｜保护接口,L8 REPAIR修复回流接口,BUFFER-REPAIR盲点接口,通用,路由,RB07 承诺规则等同共同协商,BF03共同决定＋BF05协商；补足RN05,M4-REPAIR已识别RB07候选，并且存在BF03共同决定＋BF05协商；补足RN05中的至少一项资源。,该盲点已有现实反例，或修复节点已经完整且持续。,由共享基础引擎提供；仅修正保护功能的承载、持续调用和压力状态下的稳定性，不直接等同成熟度、道德或现实行为。,由M1／M2接口提供；夫妻星、心动原型和关系门槛只说明关系议题，不单独证明保护因素已经被调用或有效。,由M3-BASE及M4各模块提供；日支、日柱近位可提高与亲密关系核心的相关性，但同一source_id不得重复计分。,保护因素必须明确限制过用、补足缺位、恢复顺序、打开反馈、落实改变或完成修复回流；不能只凭五行相生补写现实效果。,近位提高进入亲密关系核心的概率；远位只作背景、阶段或条件性修正。,根气只修正该保护功能是否容易重复调用，不等于现实中已经形成稳定保护。,旺弱只修正调用强度与承载；强不自动有效，弱也不自动无效。,喜忌只修正摩擦、平衡与承载，不可直接翻译为好坏、成熟度或解决方案。,原十神功能有效；真合化成立时按化神功能替换，合化争议时停止定性。,近位提高直接相关性；远位仅保留背景、阶段或低置信修正。,93,路由+5,repair_buffer,RB07优先由BF03共同决定＋BF05协商；补足RN05纠正。,要避免“承诺规则等同共同协商”，需要继续检查：BF03共同决定＋BF05协商；补足RN05。,不得仅凭本规则断定问题已经解决、关系必然稳定、用户一定成熟、某十神天然是“药”、喜用神自动等于解决办法，或淡化暴力、强迫与现实伤害；现实行为、反例、安全事实和专业支持优先。,中高,待验证,,provisional=true；保护因素的现实有效性必须由可观察行为、反馈和持续结果验证。,0.8
M4-BUFFER-408,RB08 方案形成等同执行完成｜保护接口,L8 REPAIR修复回流接口,BUFFER-REPAIR盲点接口,通用,路由,RB08 方案形成等同执行完成,BF06执行＋RN07反馈＋RN08回访,M4-REPAIR已识别RB08候选，并且存在BF06执行＋RN07反馈＋RN08回访中的至少一项资源。,该盲点已有现实反例，或修复节点已经完整且持续。,由共享基础引擎提供；仅修正保护功能的承载、持续调用和压力状态下的稳定性，不直接等同成熟度、道德或现实行为。,由M1／M2接口提供；夫妻星、心动原型和关系门槛只说明关系议题，不单独证明保护因素已经被调用或有效。,由M3-BASE及M4各模块提供；日支、日柱近位可提高与亲密关系核心的相关性，但同一source_id不得重复计分。,保护因素必须明确限制过用、补足缺位、恢复顺序、打开反馈、落实改变或完成修复回流；不能只凭五行相生补写现实效果。,近位提高进入亲密关系核心的概率；远位只作背景、阶段或条件性修正。,根气只修正该保护功能是否容易重复调用，不等于现实中已经形成稳定保护。,旺弱只修正调用强度与承载；强不自动有效，弱也不自动无效。,喜忌只修正摩擦、平衡与承载，不可直接翻译为好坏、成熟度或解决方案。,原十神功能有效；真合化成立时按化神功能替换，合化争议时停止定性。,近位提高直接相关性；远位仅保留背景、阶段或低置信修正。,93,路由+5,repair_buffer,RB08优先由BF06执行＋RN07反馈＋RN08回访纠正。,要避免“方案形成等同执行完成”，需要继续检查：BF06执行＋RN07反馈＋RN08回访。,不得仅凭本规则断定问题已经解决、关系必然稳定、用户一定成熟、某十神天然是“药”、喜用神自动等于解决办法，或淡化暴力、强迫与现实伤害；现实行为、反例、安全事实和专业支持优先。,中高,待验证,,provisional=true；保护因素的现实有效性必须由可观察行为、反馈和持续结果验证。,0.8
M4-BUFFER-409,RB09 暂停降温等同自动回归｜保护接口,L8 REPAIR修复回流接口,BUFFER-REPAIR盲点接口,通用,路由,RB09 暂停降温等同自动回归,BF07回归路径＋BF08状态分工；补足RN07／RN08,M4-REPAIR已识别RB09候选，并且存在BF07回归路径＋BF08状态分工；补足RN07／RN08中的至少一项资源。,该盲点已有现实反例，或修复节点已经完整且持续。,由共享基础引擎提供；仅修正保护功能的承载、持续调用和压力状态下的稳定性，不直接等同成熟度、道德或现实行为。,由M1／M2接口提供；夫妻星、心动原型和关系门槛只说明关系议题，不单独证明保护因素已经被调用或有效。,由M3-BASE及M4各模块提供；日支、日柱近位可提高与亲密关系核心的相关性，但同一source_id不得重复计分。,保护因素必须明确限制过用、补足缺位、恢复顺序、打开反馈、落实改变或完成修复回流；不能只凭五行相生补写现实效果。,近位提高进入亲密关系核心的概率；远位只作背景、阶段或条件性修正。,根气只修正该保护功能是否容易重复调用，不等于现实中已经形成稳定保护。,旺弱只修正调用强度与承载；强不自动有效，弱也不自动无效。,喜忌只修正摩擦、平衡与承载，不可直接翻译为好坏、成熟度或解决方案。,原十神功能有效；真合化成立时按化神功能替换，合化争议时停止定性。,近位提高直接相关性；远位仅保留背景、阶段或低置信修正。,93,路由+5,repair_buffer,RB09优先由BF07回归路径＋BF08状态分工；补足RN07／RN08纠正。,要避免“暂停降温等同自动回归”，需要继续检查：BF07回归路径＋BF08状态分工；补足RN07／RN08。,不得仅凭本规则断定问题已经解决、关系必然稳定、用户一定成熟、某十神天然是“药”、喜用神自动等于解决办法，或淡化暴力、强迫与现实伤害；现实行为、反例、安全事实和专业支持优先。,中高,待验证,,provisional=true；保护因素的现实有效性必须由可观察行为、反馈和持续结果验证。,0.8
M4-BUFFER-410,RB10 快速和好等同边界已经重订｜保护接口,L8 REPAIR修复回流接口,BUFFER-REPAIR盲点接口,通用,路由,RB10 快速和好等同边界已经重订,BF03边界重订；补足RN05,M4-REPAIR已识别RB10候选，并且存在BF03边界重订；补足RN05中的至少一项资源。,该盲点已有现实反例，或修复节点已经完整且持续。,由共享基础引擎提供；仅修正保护功能的承载、持续调用和压力状态下的稳定性，不直接等同成熟度、道德或现实行为。,由M1／M2接口提供；夫妻星、心动原型和关系门槛只说明关系议题，不单独证明保护因素已经被调用或有效。,由M3-BASE及M4各模块提供；日支、日柱近位可提高与亲密关系核心的相关性，但同一source_id不得重复计分。,保护因素必须明确限制过用、补足缺位、恢复顺序、打开反馈、落实改变或完成修复回流；不能只凭五行相生补写现实效果。,近位提高进入亲密关系核心的概率；远位只作背景、阶段或条件性修正。,根气只修正该保护功能是否容易重复调用，不等于现实中已经形成稳定保护。,旺弱只修正调用强度与承载；强不自动有效，弱也不自动无效。,喜忌只修正摩擦、平衡与承载，不可直接翻译为好坏、成熟度或解决方案。,原十神功能有效；真合化成立时按化神功能替换，合化争议时停止定性。,近位提高直接相关性；远位仅保留背景、阶段或低置信修正。,93,路由+5,repair_buffer,RB10优先由BF03边界重订；补足RN05纠正。,要避免“快速和好等同边界已经重订”，需要继续检查：BF03边界重订；补足RN05。,不得仅凭本规则断定问题已经解决、关系必然稳定、用户一定成熟、某十神天然是“药”、喜用神自动等于解决办法，或淡化暴力、强迫与现实伤害；现实行为、反例、安全事实和专业支持优先。,中高,待验证,,provisional=true；保护因素的现实有效性必须由可观察行为、反馈和持续结果验证。,0.8
M4-BUFFER-411,RB11 单方修复投入等同双方闭环｜保护接口,L8 REPAIR修复回流接口,BUFFER-REPAIR盲点接口,通用,路由,RB11 单方修复投入等同双方闭环,BF05接收反馈＋BF07双向回流；补足RN07,M4-REPAIR已识别RB11候选，并且存在BF05接收反馈＋BF07双向回流；补足RN07中的至少一项资源。,该盲点已有现实反例，或修复节点已经完整且持续。,由共享基础引擎提供；仅修正保护功能的承载、持续调用和压力状态下的稳定性，不直接等同成熟度、道德或现实行为。,由M1／M2接口提供；夫妻星、心动原型和关系门槛只说明关系议题，不单独证明保护因素已经被调用或有效。,由M3-BASE及M4各模块提供；日支、日柱近位可提高与亲密关系核心的相关性，但同一source_id不得重复计分。,保护因素必须明确限制过用、补足缺位、恢复顺序、打开反馈、落实改变或完成修复回流；不能只凭五行相生补写现实效果。,近位提高进入亲密关系核心的概率；远位只作背景、阶段或条件性修正。,根气只修正该保护功能是否容易重复调用，不等于现实中已经形成稳定保护。,旺弱只修正调用强度与承载；强不自动有效，弱也不自动无效。,喜忌只修正摩擦、平衡与承载，不可直接翻译为好坏、成熟度或解决方案。,原十神功能有效；真合化成立时按化神功能替换，合化争议时停止定性。,近位提高直接相关性；远位仅保留背景、阶段或低置信修正。,93,路由+5,repair_buffer,RB11优先由BF05接收反馈＋BF07双向回流；补足RN07纠正。,要避免“单方修复投入等同双方闭环”，需要继续检查：BF05接收反馈＋BF07双向回流；补足RN07。,不得仅凭本规则断定问题已经解决、关系必然稳定、用户一定成熟、某十神天然是“药”、喜用神自动等于解决办法，或淡化暴力、强迫与现实伤害；现实行为、反例、安全事实和专业支持优先。,中高,待验证,,provisional=true；保护因素的现实有效性必须由可观察行为、反馈和持续结果验证。,0.8
M4-BUFFER-412,RB12 一次改善等同稳定改变｜保护接口,L8 REPAIR修复回流接口,BUFFER-REPAIR盲点接口,通用,路由,RB12 一次改善等同稳定改变,BF06跨时间兑现＋BL6以上证据；补足RN08,M4-REPAIR已识别RB12候选，并且存在BF06跨时间兑现＋BL6以上证据；补足RN08中的至少一项资源。,该盲点已有现实反例，或修复节点已经完整且持续。,由共享基础引擎提供；仅修正保护功能的承载、持续调用和压力状态下的稳定性，不直接等同成熟度、道德或现实行为。,由M1／M2接口提供；夫妻星、心动原型和关系门槛只说明关系议题，不单独证明保护因素已经被调用或有效。,由M3-BASE及M4各模块提供；日支、日柱近位可提高与亲密关系核心的相关性，但同一source_id不得重复计分。,保护因素必须明确限制过用、补足缺位、恢复顺序、打开反馈、落实改变或完成修复回流；不能只凭五行相生补写现实效果。,近位提高进入亲密关系核心的概率；远位只作背景、阶段或条件性修正。,根气只修正该保护功能是否容易重复调用，不等于现实中已经形成稳定保护。,旺弱只修正调用强度与承载；强不自动有效，弱也不自动无效。,喜忌只修正摩擦、平衡与承载，不可直接翻译为好坏、成熟度或解决方案。,原十神功能有效；真合化成立时按化神功能替换，合化争议时停止定性。,近位提高直接相关性；远位仅保留背景、阶段或低置信修正。,93,路由+5,repair_buffer,RB12优先由BF06跨时间兑现＋BL6以上证据；补足RN08纠正。,要避免“一次改善等同稳定改变”，需要继续检查：BF06跨时间兑现＋BL6以上证据；补足RN08。,不得仅凭本规则断定问题已经解决、关系必然稳定、用户一定成熟、某十神天然是“药”、喜用神自动等于解决办法，或淡化暴力、强迫与现实伤害；现实行为、反例、安全事实和专业支持优先。,中高,待验证,,provisional=true；保护因素的现实有效性必须由可观察行为、反馈和持续结果验证。,0.8
M4-BUFFER-413,修复保护只针对缺失节点,L8 REPAIR修复回流接口,BUFFER-REPAIR综合接口,通用,边界,REPAIR综合门控,,已明确缺失RN节点。,把完整修复模型全部堆入每个轻微事件。,由共享基础引擎提供；仅修正保护功能的承载、持续调用和压力状态下的稳定性，不直接等同成熟度、道德或现实行为。,由M1／M2接口提供；夫妻星、心动原型和关系门槛只说明关系议题，不单独证明保护因素已经被调用或有效。,由M3-BASE及M4各模块提供；日支、日柱近位可提高与亲密关系核心的相关性，但同一source_id不得重复计分。,保护因素必须明确限制过用、补足缺位、恢复顺序、打开反馈、落实改变或完成修复回流；不能只凭五行相生补写现实效果。,近位提高进入亲密关系核心的概率；远位只作背景、阶段或条件性修正。,根气只修正该保护功能是否容易重复调用，不等于现实中已经形成稳定保护。,旺弱只修正调用强度与承载；强不自动有效，弱也不自动无效。,喜忌只修正摩擦、平衡与承载，不可直接翻译为好坏、成熟度或解决方案。,原十神功能有效；真合化成立时按化神功能替换，合化争议时停止定性。,近位提高直接相关性；远位仅保留背景、阶段或低置信修正。,96,不加分；门控,boundary_note,修复保护应围绕事件最低必要节点配置。,不同事件需要的修复深度不同，先找缺失节点，再补对应功能。,不得仅凭本规则断定问题已经解决、关系必然稳定、用户一定成熟、某十神天然是“药”、喜用神自动等于解决办法，或淡化暴力、强迫与现实伤害；现实行为、反例、安全事实和专业支持优先。,高,待验证,,provisional=true；保护因素的现实有效性必须由可观察行为、反馈和持续结果验证。,0.8
M4-BUFFER-414,接收方反馈是保护有效性的独立证据,L8 REPAIR修复回流接口,BUFFER-REPAIR综合接口,通用,证据,REPAIR综合门控,,存在接收方可观察反馈或明确无反馈。,只依据发起者自述判断修复有效。,由共享基础引擎提供；仅修正保护功能的承载、持续调用和压力状态下的稳定性，不直接等同成熟度、道德或现实行为。,由M1／M2接口提供；夫妻星、心动原型和关系门槛只说明关系议题，不单独证明保护因素已经被调用或有效。,由M3-BASE及M4各模块提供；日支、日柱近位可提高与亲密关系核心的相关性，但同一source_id不得重复计分。,保护因素必须明确限制过用、补足缺位、恢复顺序、打开反馈、落实改变或完成修复回流；不能只凭五行相生补写现实效果。,近位提高进入亲密关系核心的概率；远位只作背景、阶段或条件性修正。,根气只修正该保护功能是否容易重复调用，不等于现实中已经形成稳定保护。,旺弱只修正调用强度与承载；强不自动有效，弱也不自动无效。,喜忌只修正摩擦、平衡与承载，不可直接翻译为好坏、成熟度或解决方案。,原十神功能有效；真合化成立时按化神功能替换，合化争议时停止定性。,近位提高直接相关性；远位仅保留背景、阶段或低置信修正。,96,不加分；门控,boundary_note,修复是否被接收不能由发起者单独决定。,除了做了什么，还要看对方实际接收到什么，以及是否需要二次调整。,不得仅凭本规则断定问题已经解决、关系必然稳定、用户一定成熟、某十神天然是“药”、喜用神自动等于解决办法，或淡化暴力、强迫与现实伤害；现实行为、反例、安全事实和专业支持优先。,高,待验证,,provisional=true；保护因素的现实有效性必须由可观察行为、反馈和持续结果验证。,0.8
M4-BUFFER-415,持续性高于单次补救,L8 REPAIR修复回流接口,BUFFER-REPAIR综合接口,通用,边界,REPAIR综合门控,,需要判断稳定改变。,用一次补偿、道歉或改善升级BL6／BL7。,由共享基础引擎提供；仅修正保护功能的承载、持续调用和压力状态下的稳定性，不直接等同成熟度、道德或现实行为。,由M1／M2接口提供；夫妻星、心动原型和关系门槛只说明关系议题，不单独证明保护因素已经被调用或有效。,由M3-BASE及M4各模块提供；日支、日柱近位可提高与亲密关系核心的相关性，但同一source_id不得重复计分。,保护因素必须明确限制过用、补足缺位、恢复顺序、打开反馈、落实改变或完成修复回流；不能只凭五行相生补写现实效果。,近位提高进入亲密关系核心的概率；远位只作背景、阶段或条件性修正。,根气只修正该保护功能是否容易重复调用，不等于现实中已经形成稳定保护。,旺弱只修正调用强度与承载；强不自动有效，弱也不自动无效。,喜忌只修正摩擦、平衡与承载，不可直接翻译为好坏、成熟度或解决方案。,原十神功能有效；真合化成立时按化神功能替换，合化争议时停止定性。,近位提高直接相关性；远位仅保留背景、阶段或低置信修正。,96,不加分；门控,boundary_note,稳定保护必须包含RN08与跨时间证据。,一次补救可以启动修复，但稳定改变要看后续是否持续。,不得仅凭本规则断定问题已经解决、关系必然稳定、用户一定成熟、某十神天然是“药”、喜用神自动等于解决办法，或淡化暴力、强迫与现实伤害；现实行为、反例、安全事实和专业支持优先。,高,待验证,,provisional=true；保护因素的现实有效性必须由可观察行为、反馈和持续结果验证。,0.8
M4-BUFFER-416,安全事件优先外部保护,L8 REPAIR修复回流接口,BUFFER-REPAIR综合接口,通用,安全,REPAIR综合门控,,RI08或现实安全风险存在。,把普通沟通、和好或命理制化当成主要方案。,由共享基础引擎提供；仅修正保护功能的承载、持续调用和压力状态下的稳定性，不直接等同成熟度、道德或现实行为。,由M1／M2接口提供；夫妻星、心动原型和关系门槛只说明关系议题，不单独证明保护因素已经被调用或有效。,由M3-BASE及M4各模块提供；日支、日柱近位可提高与亲密关系核心的相关性，但同一source_id不得重复计分。,保护因素必须明确限制过用、补足缺位、恢复顺序、打开反馈、落实改变或完成修复回流；不能只凭五行相生补写现实效果。,近位提高进入亲密关系核心的概率；远位只作背景、阶段或条件性修正。,根气只修正该保护功能是否容易重复调用，不等于现实中已经形成稳定保护。,旺弱只修正调用强度与承载；强不自动有效，弱也不自动无效。,喜忌只修正摩擦、平衡与承载，不可直接翻译为好坏、成熟度或解决方案。,原十神功能有效；真合化成立时按化神功能替换，合化争议时停止定性。,近位提高直接相关性；远位仅保留背景、阶段或低置信修正。,99,不加分；门控,boundary_note,安全、责任、现实资源和专业支持优先于关系闭环。,涉及安全风险时，先保护人身与选择权，不以尽快恢复关系为目标。,不得仅凭本规则断定问题已经解决、关系必然稳定、用户一定成熟、某十神天然是“药”、喜用神自动等于解决办法，或淡化暴力、强迫与现实伤害；现实行为、反例、安全事实和专业支持优先。,高,待验证,,provisional=true；保护因素的现实有效性必须由可观察行为、反馈和持续结果验证。,0.8
M4-BUFFER-417,SM01 透干且有根｜保护修正,L9 状态与动态修正,BUFFER-状态修正,通用,状态修正,SM01 透干且有根,保护调用修正,共享基础引擎确认SM01状态，且保护靶点已经明确。,基础状态未定、合化争议或与现实反例冲突。,由共享基础引擎提供；仅修正保护功能的承载、持续调用和压力状态下的稳定性，不直接等同成熟度、道德或现实行为。,由M1／M2接口提供；夫妻星、心动原型和关系门槛只说明关系议题，不单独证明保护因素已经被调用或有效。,由M3-BASE及M4各模块提供；日支、日柱近位可提高与亲密关系核心的相关性，但同一source_id不得重复计分。,保护因素必须明确限制过用、补足缺位、恢复顺序、打开反馈、落实改变或完成修复回流；不能只凭五行相生补写现实效果。,近位提高进入亲密关系核心的概率；远位只作背景、阶段或条件性修正。,根气只修正该保护功能是否容易重复调用，不等于现实中已经形成稳定保护。,旺弱只修正调用强度与承载；强不自动有效，弱也不自动无效。,喜忌只修正摩擦、平衡与承载，不可直接翻译为好坏、成熟度或解决方案。,原十神功能有效；真合化成立时按化神功能替换，合化争议时停止定性。,近位提高直接相关性；远位仅保留背景、阶段或低置信修正。,90,按状态±2—8,state_modifier,保护功能较容易被看见，也较有条件重复调用。,在“透干且有根”状态下，保护功能较容易被看见，也较有条件重复调用。,不得仅凭本规则断定问题已经解决、关系必然稳定、用户一定成熟、某十神天然是“药”、喜用神自动等于解决办法，或淡化暴力、强迫与现实伤害；现实行为、反例、安全事实和专业支持优先。,中高,待验证,,provisional=true；保护因素的现实有效性必须由可观察行为、反馈和持续结果验证。,0.8
M4-BUFFER-418,SM01 透干且有根｜使用边界,L9 状态与动态修正,BUFFER-状态修正,通用,边界,SM01 透干且有根,状态边界,可提高可调用性，但仍需现实效果验证。,存在独立现实证据支持更强结论。,由共享基础引擎提供；仅修正保护功能的承载、持续调用和压力状态下的稳定性，不直接等同成熟度、道德或现实行为。,由M1／M2接口提供；夫妻星、心动原型和关系门槛只说明关系议题，不单独证明保护因素已经被调用或有效。,由M3-BASE及M4各模块提供；日支、日柱近位可提高与亲密关系核心的相关性，但同一source_id不得重复计分。,保护因素必须明确限制过用、补足缺位、恢复顺序、打开反馈、落实改变或完成修复回流；不能只凭五行相生补写现实效果。,近位提高进入亲密关系核心的概率；远位只作背景、阶段或条件性修正。,根气只修正该保护功能是否容易重复调用，不等于现实中已经形成稳定保护。,旺弱只修正调用强度与承载；强不自动有效，弱也不自动无效。,喜忌只修正摩擦、平衡与承载，不可直接翻译为好坏、成熟度或解决方案。,原十神功能有效；真合化成立时按化神功能替换，合化争议时停止定性。,近位提高直接相关性；远位仅保留背景、阶段或低置信修正。,97,封顶／降级,boundary_note,可提高可调用性，但仍需现实效果验证。,需要注意：可提高可调用性，但仍需现实效果验证。,不得仅凭本规则断定问题已经解决、关系必然稳定、用户一定成熟、某十神天然是“药”、喜用神自动等于解决办法，或淡化暴力、强迫与现实伤害；现实行为、反例、安全事实和专业支持优先。,高,待验证,,provisional=true；保护因素的现实有效性必须由可观察行为、反馈和持续结果验证。,0.8
M4-BUFFER-419,SM02 透干但无根｜保护修正,L9 状态与动态修正,BUFFER-状态修正,通用,状态修正,SM02 透干但无根,保护调用修正,共享基础引擎确认SM02状态，且保护靶点已经明确。,基础状态未定、合化争议或与现实反例冲突。,由共享基础引擎提供；仅修正保护功能的承载、持续调用和压力状态下的稳定性，不直接等同成熟度、道德或现实行为。,由M1／M2接口提供；夫妻星、心动原型和关系门槛只说明关系议题，不单独证明保护因素已经被调用或有效。,由M3-BASE及M4各模块提供；日支、日柱近位可提高与亲密关系核心的相关性，但同一source_id不得重复计分。,保护因素必须明确限制过用、补足缺位、恢复顺序、打开反馈、落实改变或完成修复回流；不能只凭五行相生补写现实效果。,近位提高进入亲密关系核心的概率；远位只作背景、阶段或条件性修正。,根气只修正该保护功能是否容易重复调用，不等于现实中已经形成稳定保护。,旺弱只修正调用强度与承载；强不自动有效，弱也不自动无效。,喜忌只修正摩擦、平衡与承载，不可直接翻译为好坏、成熟度或解决方案。,原十神功能有效；真合化成立时按化神功能替换，合化争议时停止定性。,近位提高直接相关性；远位仅保留背景、阶段或低置信修正。,90,按状态±2—8,state_modifier,保护意图或方法容易外显，但持续性和高压稳定度不足。,在“透干但无根”状态下，保护意图或方法容易外显，但持续性和高压稳定度不足。,不得仅凭本规则断定问题已经解决、关系必然稳定、用户一定成熟、某十神天然是“药”、喜用神自动等于解决办法，或淡化暴力、强迫与现实伤害；现实行为、反例、安全事实和专业支持优先。,中高,待验证,,provisional=true；保护因素的现实有效性必须由可观察行为、反馈和持续结果验证。,0.8
M4-BUFFER-420,SM02 透干但无根｜使用边界,L9 状态与动态修正,BUFFER-状态修正,通用,边界,SM02 透干但无根,状态边界,提高可见度，不提高稳定保护等级。,存在独立现实证据支持更强结论。,由共享基础引擎提供；仅修正保护功能的承载、持续调用和压力状态下的稳定性，不直接等同成熟度、道德或现实行为。,由M1／M2接口提供；夫妻星、心动原型和关系门槛只说明关系议题，不单独证明保护因素已经被调用或有效。,由M3-BASE及M4各模块提供；日支、日柱近位可提高与亲密关系核心的相关性，但同一source_id不得重复计分。,保护因素必须明确限制过用、补足缺位、恢复顺序、打开反馈、落实改变或完成修复回流；不能只凭五行相生补写现实效果。,近位提高进入亲密关系核心的概率；远位只作背景、阶段或条件性修正。,根气只修正该保护功能是否容易重复调用，不等于现实中已经形成稳定保护。,旺弱只修正调用强度与承载；强不自动有效，弱也不自动无效。,喜忌只修正摩擦、平衡与承载，不可直接翻译为好坏、成熟度或解决方案。,原十神功能有效；真合化成立时按化神功能替换，合化争议时停止定性。,近位提高直接相关性；远位仅保留背景、阶段或低置信修正。,97,封顶／降级,boundary_note,提高可见度，不提高稳定保护等级。,需要注意：提高可见度，不提高稳定保护等级。,不得仅凭本规则断定问题已经解决、关系必然稳定、用户一定成熟、某十神天然是“药”、喜用神自动等于解决办法，或淡化暴力、强迫与现实伤害；现实行为、反例、安全事实和专业支持优先。,高,待验证,,provisional=true；保护因素的现实有效性必须由可观察行为、反馈和持续结果验证。,0.8
M4-BUFFER-421,SM03 藏支且有根｜保护修正,L9 状态与动态修正,BUFFER-状态修正,通用,状态修正,SM03 藏支且有根,保护调用修正,共享基础引擎确认SM03状态，且保护靶点已经明确。,基础状态未定、合化争议或与现实反例冲突。,由共享基础引擎提供；仅修正保护功能的承载、持续调用和压力状态下的稳定性，不直接等同成熟度、道德或现实行为。,由M1／M2接口提供；夫妻星、心动原型和关系门槛只说明关系议题，不单独证明保护因素已经被调用或有效。,由M3-BASE及M4各模块提供；日支、日柱近位可提高与亲密关系核心的相关性，但同一source_id不得重复计分。,保护因素必须明确限制过用、补足缺位、恢复顺序、打开反馈、落实改变或完成修复回流；不能只凭五行相生补写现实效果。,近位提高进入亲密关系核心的概率；远位只作背景、阶段或条件性修正。,根气只修正该保护功能是否容易重复调用，不等于现实中已经形成稳定保护。,旺弱只修正调用强度与承载；强不自动有效，弱也不自动无效。,喜忌只修正摩擦、平衡与承载，不可直接翻译为好坏、成熟度或解决方案。,原十神功能有效；真合化成立时按化神功能替换，合化争议时停止定性。,近位提高直接相关性；远位仅保留背景、阶段或低置信修正。,90,按状态±2—8,state_modifier,保护资源较内隐，通常在熟悉、具体事件或需要时逐渐启动。,在“藏支且有根”状态下，保护资源较内隐，通常在熟悉、具体事件或需要时逐渐启动。,不得仅凭本规则断定问题已经解决、关系必然稳定、用户一定成熟、某十神天然是“药”、喜用神自动等于解决办法，或淡化暴力、强迫与现实伤害；现实行为、反例、安全事实和专业支持优先。,中高,待验证,,provisional=true；保护因素的现实有效性必须由可观察行为、反馈和持续结果验证。,0.8
M4-BUFFER-422,SM03 藏支且有根｜使用边界,L9 状态与动态修正,BUFFER-状态修正,通用,边界,SM03 藏支且有根,状态边界,可作为条件性资源，不能因不外显就判定不存在。,存在独立现实证据支持更强结论。,由共享基础引擎提供；仅修正保护功能的承载、持续调用和压力状态下的稳定性，不直接等同成熟度、道德或现实行为。,由M1／M2接口提供；夫妻星、心动原型和关系门槛只说明关系议题，不单独证明保护因素已经被调用或有效。,由M3-BASE及M4各模块提供；日支、日柱近位可提高与亲密关系核心的相关性，但同一source_id不得重复计分。,保护因素必须明确限制过用、补足缺位、恢复顺序、打开反馈、落实改变或完成修复回流；不能只凭五行相生补写现实效果。,近位提高进入亲密关系核心的概率；远位只作背景、阶段或条件性修正。,根气只修正该保护功能是否容易重复调用，不等于现实中已经形成稳定保护。,旺弱只修正调用强度与承载；强不自动有效，弱也不自动无效。,喜忌只修正摩擦、平衡与承载，不可直接翻译为好坏、成熟度或解决方案。,原十神功能有效；真合化成立时按化神功能替换，合化争议时停止定性。,近位提高直接相关性；远位仅保留背景、阶段或低置信修正。,97,封顶／降级,boundary_note,可作为条件性资源，不能因不外显就判定不存在。,需要注意：可作为条件性资源，不能因不外显就判定不存在。,不得仅凭本规则断定问题已经解决、关系必然稳定、用户一定成熟、某十神天然是“药”、喜用神自动等于解决办法，或淡化暴力、强迫与现实伤害；现实行为、反例、安全事实和专业支持优先。,高,待验证,,provisional=true；保护因素的现实有效性必须由可观察行为、反馈和持续结果验证。,0.8
M4-BUFFER-423,SM04 藏而弱远｜保护修正,L9 状态与动态修正,BUFFER-状态修正,通用,状态修正,SM04 藏而弱远,保护调用修正,共享基础引擎确认SM04状态，且保护靶点已经明确。,基础状态未定、合化争议或与现实反例冲突。,由共享基础引擎提供；仅修正保护功能的承载、持续调用和压力状态下的稳定性，不直接等同成熟度、道德或现实行为。,由M1／M2接口提供；夫妻星、心动原型和关系门槛只说明关系议题，不单独证明保护因素已经被调用或有效。,由M3-BASE及M4各模块提供；日支、日柱近位可提高与亲密关系核心的相关性，但同一source_id不得重复计分。,保护因素必须明确限制过用、补足缺位、恢复顺序、打开反馈、落实改变或完成修复回流；不能只凭五行相生补写现实效果。,近位提高进入亲密关系核心的概率；远位只作背景、阶段或条件性修正。,根气只修正该保护功能是否容易重复调用，不等于现实中已经形成稳定保护。,旺弱只修正调用强度与承载；强不自动有效，弱也不自动无效。,喜忌只修正摩擦、平衡与承载，不可直接翻译为好坏、成熟度或解决方案。,原十神功能有效；真合化成立时按化神功能替换，合化争议时停止定性。,近位提高直接相关性；远位仅保留背景、阶段或低置信修正。,90,按状态±2—8,state_modifier,资源存在但进入亲密关系核心的条件较多。,在“藏而弱远”状态下，资源存在但进入亲密关系核心的条件较多。,不得仅凭本规则断定问题已经解决、关系必然稳定、用户一定成熟、某十神天然是“药”、喜用神自动等于解决办法，或淡化暴力、强迫与现实伤害；现实行为、反例、安全事实和专业支持优先。,中高,待验证,,provisional=true；保护因素的现实有效性必须由可观察行为、反馈和持续结果验证。,0.8
M4-BUFFER-424,SM04 藏而弱远｜使用边界,L9 状态与动态修正,BUFFER-状态修正,通用,边界,SM04 藏而弱远,状态边界,只保留潜在或背景资源，默认封顶BL1—BL2。,存在独立现实证据支持更强结论。,由共享基础引擎提供；仅修正保护功能的承载、持续调用和压力状态下的稳定性，不直接等同成熟度、道德或现实行为。,由M1／M2接口提供；夫妻星、心动原型和关系门槛只说明关系议题，不单独证明保护因素已经被调用或有效。,由M3-BASE及M4各模块提供；日支、日柱近位可提高与亲密关系核心的相关性，但同一source_id不得重复计分。,保护因素必须明确限制过用、补足缺位、恢复顺序、打开反馈、落实改变或完成修复回流；不能只凭五行相生补写现实效果。,近位提高进入亲密关系核心的概率；远位只作背景、阶段或条件性修正。,根气只修正该保护功能是否容易重复调用，不等于现实中已经形成稳定保护。,旺弱只修正调用强度与承载；强不自动有效，弱也不自动无效。,喜忌只修正摩擦、平衡与承载，不可直接翻译为好坏、成熟度或解决方案。,原十神功能有效；真合化成立时按化神功能替换，合化争议时停止定性。,近位提高直接相关性；远位仅保留背景、阶段或低置信修正。,97,封顶／降级,boundary_note,只保留潜在或背景资源，默认封顶BL1—BL2。,需要注意：只保留潜在或背景资源，默认封顶BL1—BL2。,不得仅凭本规则断定问题已经解决、关系必然稳定、用户一定成熟、某十神天然是“药”、喜用神自动等于解决办法，或淡化暴力、强迫与现实伤害；现实行为、反例、安全事实和专业支持优先。,高,待验证,,provisional=true；保护因素的现实有效性必须由可观察行为、反馈和持续结果验证。,0.8
M4-BUFFER-425,SM05 旺而平衡｜保护修正,L9 状态与动态修正,BUFFER-状态修正,通用,状态修正,SM05 旺而平衡,保护调用修正,共享基础引擎确认SM05状态，且保护靶点已经明确。,基础状态未定、合化争议或与现实反例冲突。,由共享基础引擎提供；仅修正保护功能的承载、持续调用和压力状态下的稳定性，不直接等同成熟度、道德或现实行为。,由M1／M2接口提供；夫妻星、心动原型和关系门槛只说明关系议题，不单独证明保护因素已经被调用或有效。,由M3-BASE及M4各模块提供；日支、日柱近位可提高与亲密关系核心的相关性，但同一source_id不得重复计分。,保护因素必须明确限制过用、补足缺位、恢复顺序、打开反馈、落实改变或完成修复回流；不能只凭五行相生补写现实效果。,近位提高进入亲密关系核心的概率；远位只作背景、阶段或条件性修正。,根气只修正该保护功能是否容易重复调用，不等于现实中已经形成稳定保护。,旺弱只修正调用强度与承载；强不自动有效，弱也不自动无效。,喜忌只修正摩擦、平衡与承载，不可直接翻译为好坏、成熟度或解决方案。,原十神功能有效；真合化成立时按化神功能替换，合化争议时停止定性。,近位提高直接相关性；远位仅保留背景、阶段或低置信修正。,90,按状态±2—8,state_modifier,保护功能有较好承载和重复调用条件。,在“旺而平衡”状态下，保护功能有较好承载和重复调用条件。,不得仅凭本规则断定问题已经解决、关系必然稳定、用户一定成熟、某十神天然是“药”、喜用神自动等于解决办法，或淡化暴力、强迫与现实伤害；现实行为、反例、安全事实和专业支持优先。,中高,待验证,,provisional=true；保护因素的现实有效性必须由可观察行为、反馈和持续结果验证。,0.8
M4-BUFFER-426,SM05 旺而平衡｜使用边界,L9 状态与动态修正,BUFFER-状态修正,通用,边界,SM05 旺而平衡,状态边界,提高可调用性，但强度不能替代功能匹配和现实效果。,存在独立现实证据支持更强结论。,由共享基础引擎提供；仅修正保护功能的承载、持续调用和压力状态下的稳定性，不直接等同成熟度、道德或现实行为。,由M1／M2接口提供；夫妻星、心动原型和关系门槛只说明关系议题，不单独证明保护因素已经被调用或有效。,由M3-BASE及M4各模块提供；日支、日柱近位可提高与亲密关系核心的相关性，但同一source_id不得重复计分。,保护因素必须明确限制过用、补足缺位、恢复顺序、打开反馈、落实改变或完成修复回流；不能只凭五行相生补写现实效果。,近位提高进入亲密关系核心的概率；远位只作背景、阶段或条件性修正。,根气只修正该保护功能是否容易重复调用，不等于现实中已经形成稳定保护。,旺弱只修正调用强度与承载；强不自动有效，弱也不自动无效。,喜忌只修正摩擦、平衡与承载，不可直接翻译为好坏、成熟度或解决方案。,原十神功能有效；真合化成立时按化神功能替换，合化争议时停止定性。,近位提高直接相关性；远位仅保留背景、阶段或低置信修正。,97,封顶／降级,boundary_note,提高可调用性，但强度不能替代功能匹配和现实效果。,需要注意：提高可调用性，但强度不能替代功能匹配和现实效果。,不得仅凭本规则断定问题已经解决、关系必然稳定、用户一定成熟、某十神天然是“药”、喜用神自动等于解决办法，或淡化暴力、强迫与现实伤害；现实行为、反例、安全事实和专业支持优先。,高,待验证,,provisional=true；保护因素的现实有效性必须由可观察行为、反馈和持续结果验证。,0.8
M4-BUFFER-427,SM06 旺而失衡｜保护修正,L9 状态与动态修正,BUFFER-状态修正,通用,状态修正,SM06 旺而失衡,保护调用修正,共享基础引擎确认SM06状态，且保护靶点已经明确。,基础状态未定、合化争议或与现实反例冲突。,由共享基础引擎提供；仅修正保护功能的承载、持续调用和压力状态下的稳定性，不直接等同成熟度、道德或现实行为。,由M1／M2接口提供；夫妻星、心动原型和关系门槛只说明关系议题，不单独证明保护因素已经被调用或有效。,由M3-BASE及M4各模块提供；日支、日柱近位可提高与亲密关系核心的相关性，但同一source_id不得重复计分。,保护因素必须明确限制过用、补足缺位、恢复顺序、打开反馈、落实改变或完成修复回流；不能只凭五行相生补写现实效果。,近位提高进入亲密关系核心的概率；远位只作背景、阶段或条件性修正。,根气只修正该保护功能是否容易重复调用，不等于现实中已经形成稳定保护。,旺弱只修正调用强度与承载；强不自动有效，弱也不自动无效。,喜忌只修正摩擦、平衡与承载，不可直接翻译为好坏、成熟度或解决方案。,原十神功能有效；真合化成立时按化神功能替换，合化争议时停止定性。,近位提高直接相关性；远位仅保留背景、阶段或低置信修正。,90,按状态±2—8,state_modifier,保护功能可能抢先、过量或转成伪保护。,在“旺而失衡”状态下，保护功能可能抢先、过量或转成伪保护。,不得仅凭本规则断定问题已经解决、关系必然稳定、用户一定成熟、某十神天然是“药”、喜用神自动等于解决办法，或淡化暴力、强迫与现实伤害；现实行为、反例、安全事实和专业支持优先。,中高,待验证,,provisional=true；保护因素的现实有效性必须由可观察行为、反馈和持续结果验证。,0.8
M4-BUFFER-428,SM06 旺而失衡｜使用边界,L9 状态与动态修正,BUFFER-状态修正,通用,边界,SM06 旺而失衡,状态边界,需要检查PB与K01，不直接增加保护分。,存在独立现实证据支持更强结论。,由共享基础引擎提供；仅修正保护功能的承载、持续调用和压力状态下的稳定性，不直接等同成熟度、道德或现实行为。,由M1／M2接口提供；夫妻星、心动原型和关系门槛只说明关系议题，不单独证明保护因素已经被调用或有效。,由M3-BASE及M4各模块提供；日支、日柱近位可提高与亲密关系核心的相关性，但同一source_id不得重复计分。,保护因素必须明确限制过用、补足缺位、恢复顺序、打开反馈、落实改变或完成修复回流；不能只凭五行相生补写现实效果。,近位提高进入亲密关系核心的概率；远位只作背景、阶段或条件性修正。,根气只修正该保护功能是否容易重复调用，不等于现实中已经形成稳定保护。,旺弱只修正调用强度与承载；强不自动有效，弱也不自动无效。,喜忌只修正摩擦、平衡与承载，不可直接翻译为好坏、成熟度或解决方案。,原十神功能有效；真合化成立时按化神功能替换，合化争议时停止定性。,近位提高直接相关性；远位仅保留背景、阶段或低置信修正。,97,封顶／降级,boundary_note,需要检查PB与K01，不直接增加保护分。,需要注意：需要检查PB与K01，不直接增加保护分。,不得仅凭本规则断定问题已经解决、关系必然稳定、用户一定成熟、某十神天然是“药”、喜用神自动等于解决办法，或淡化暴力、强迫与现实伤害；现实行为、反例、安全事实和专业支持优先。,高,待验证,,provisional=true；保护因素的现实有效性必须由可观察行为、反馈和持续结果验证。,0.8
M4-BUFFER-429,SM07 偏弱但有助｜保护修正,L9 状态与动态修正,BUFFER-状态修正,通用,状态修正,SM07 偏弱但有助,保护调用修正,共享基础引擎确认SM07状态，且保护靶点已经明确。,基础状态未定、合化争议或与现实反例冲突。,由共享基础引擎提供；仅修正保护功能的承载、持续调用和压力状态下的稳定性，不直接等同成熟度、道德或现实行为。,由M1／M2接口提供；夫妻星、心动原型和关系门槛只说明关系议题，不单独证明保护因素已经被调用或有效。,由M3-BASE及M4各模块提供；日支、日柱近位可提高与亲密关系核心的相关性，但同一source_id不得重复计分。,保护因素必须明确限制过用、补足缺位、恢复顺序、打开反馈、落实改变或完成修复回流；不能只凭五行相生补写现实效果。,近位提高进入亲密关系核心的概率；远位只作背景、阶段或条件性修正。,根气只修正该保护功能是否容易重复调用，不等于现实中已经形成稳定保护。,旺弱只修正调用强度与承载；强不自动有效，弱也不自动无效。,喜忌只修正摩擦、平衡与承载，不可直接翻译为好坏、成熟度或解决方案。,原十神功能有效；真合化成立时按化神功能替换，合化争议时停止定性。,近位提高直接相关性；远位仅保留背景、阶段或低置信修正。,90,按状态±2—8,state_modifier,功能自身不强，但在特定关系任务中有支持和通关。,在“偏弱但有助”状态下，功能自身不强，但在特定关系任务中有支持和通关。,不得仅凭本规则断定问题已经解决、关系必然稳定、用户一定成熟、某十神天然是“药”、喜用神自动等于解决办法，或淡化暴力、强迫与现实伤害；现实行为、反例、安全事实和专业支持优先。,中高,待验证,,provisional=true；保护因素的现实有效性必须由可观察行为、反馈和持续结果验证。,0.8
M4-BUFFER-430,SM07 偏弱但有助｜使用边界,L9 状态与动态修正,BUFFER-状态修正,通用,边界,SM07 偏弱但有助,状态边界,可形成条件性保护，说明触发条件。,存在独立现实证据支持更强结论。,由共享基础引擎提供；仅修正保护功能的承载、持续调用和压力状态下的稳定性，不直接等同成熟度、道德或现实行为。,由M1／M2接口提供；夫妻星、心动原型和关系门槛只说明关系议题，不单独证明保护因素已经被调用或有效。,由M3-BASE及M4各模块提供；日支、日柱近位可提高与亲密关系核心的相关性，但同一source_id不得重复计分。,保护因素必须明确限制过用、补足缺位、恢复顺序、打开反馈、落实改变或完成修复回流；不能只凭五行相生补写现实效果。,近位提高进入亲密关系核心的概率；远位只作背景、阶段或条件性修正。,根气只修正该保护功能是否容易重复调用，不等于现实中已经形成稳定保护。,旺弱只修正调用强度与承载；强不自动有效，弱也不自动无效。,喜忌只修正摩擦、平衡与承载，不可直接翻译为好坏、成熟度或解决方案。,原十神功能有效；真合化成立时按化神功能替换，合化争议时停止定性。,近位提高直接相关性；远位仅保留背景、阶段或低置信修正。,97,封顶／降级,boundary_note,可形成条件性保护，说明触发条件。,需要注意：可形成条件性保护，说明触发条件。,不得仅凭本规则断定问题已经解决、关系必然稳定、用户一定成熟、某十神天然是“药”、喜用神自动等于解决办法，或淡化暴力、强迫与现实伤害；现实行为、反例、安全事实和专业支持优先。,高,待验证,,provisional=true；保护因素的现实有效性必须由可观察行为、反馈和持续结果验证。,0.8
M4-BUFFER-431,SM08 偏弱且无助｜保护修正,L9 状态与动态修正,BUFFER-状态修正,通用,状态修正,SM08 偏弱且无助,保护调用修正,共享基础引擎确认SM08状态，且保护靶点已经明确。,基础状态未定、合化争议或与现实反例冲突。,由共享基础引擎提供；仅修正保护功能的承载、持续调用和压力状态下的稳定性，不直接等同成熟度、道德或现实行为。,由M1／M2接口提供；夫妻星、心动原型和关系门槛只说明关系议题，不单独证明保护因素已经被调用或有效。,由M3-BASE及M4各模块提供；日支、日柱近位可提高与亲密关系核心的相关性，但同一source_id不得重复计分。,保护因素必须明确限制过用、补足缺位、恢复顺序、打开反馈、落实改变或完成修复回流；不能只凭五行相生补写现实效果。,近位提高进入亲密关系核心的概率；远位只作背景、阶段或条件性修正。,根气只修正该保护功能是否容易重复调用，不等于现实中已经形成稳定保护。,旺弱只修正调用强度与承载；强不自动有效，弱也不自动无效。,喜忌只修正摩擦、平衡与承载，不可直接翻译为好坏、成熟度或解决方案。,原十神功能有效；真合化成立时按化神功能替换，合化争议时停止定性。,近位提高直接相关性；远位仅保留背景、阶段或低置信修正。,90,按状态±2—8,state_modifier,功能进入较难、持续性不足或容易被其他通道替代。,在“偏弱且无助”状态下，功能进入较难、持续性不足或容易被其他通道替代。,不得仅凭本规则断定问题已经解决、关系必然稳定、用户一定成熟、某十神天然是“药”、喜用神自动等于解决办法，或淡化暴力、强迫与现实伤害；现实行为、反例、安全事实和专业支持优先。,中高,待验证,,provisional=true；保护因素的现实有效性必须由可观察行为、反馈和持续结果验证。,0.8
M4-BUFFER-432,SM08 偏弱且无助｜使用边界,L9 状态与动态修正,BUFFER-状态修正,通用,边界,SM08 偏弱且无助,状态边界,不得作为主保护，除非现实中已有清楚启动证据。,存在独立现实证据支持更强结论。,由共享基础引擎提供；仅修正保护功能的承载、持续调用和压力状态下的稳定性，不直接等同成熟度、道德或现实行为。,由M1／M2接口提供；夫妻星、心动原型和关系门槛只说明关系议题，不单独证明保护因素已经被调用或有效。,由M3-BASE及M4各模块提供；日支、日柱近位可提高与亲密关系核心的相关性，但同一source_id不得重复计分。,保护因素必须明确限制过用、补足缺位、恢复顺序、打开反馈、落实改变或完成修复回流；不能只凭五行相生补写现实效果。,近位提高进入亲密关系核心的概率；远位只作背景、阶段或条件性修正。,根气只修正该保护功能是否容易重复调用，不等于现实中已经形成稳定保护。,旺弱只修正调用强度与承载；强不自动有效，弱也不自动无效。,喜忌只修正摩擦、平衡与承载，不可直接翻译为好坏、成熟度或解决方案。,原十神功能有效；真合化成立时按化神功能替换，合化争议时停止定性。,近位提高直接相关性；远位仅保留背景、阶段或低置信修正。,97,封顶／降级,boundary_note,不得作为主保护，除非现实中已有清楚启动证据。,需要注意：不得作为主保护，除非现实中已有清楚启动证据。,不得仅凭本规则断定问题已经解决、关系必然稳定、用户一定成熟、某十神天然是“药”、喜用神自动等于解决办法，或淡化暴力、强迫与现实伤害；现实行为、反例、安全事实和专业支持优先。,高,待验证,,provisional=true；保护因素的现实有效性必须由可观察行为、反馈和持续结果验证。,0.8
M4-BUFFER-433,SM09 有制有化／有通关｜保护修正,L9 状态与动态修正,BUFFER-状态修正,通用,状态修正,SM09 有制有化／有通关,保护调用修正,共享基础引擎确认SM09状态，且保护靶点已经明确。,基础状态未定、合化争议或与现实反例冲突。,由共享基础引擎提供；仅修正保护功能的承载、持续调用和压力状态下的稳定性，不直接等同成熟度、道德或现实行为。,由M1／M2接口提供；夫妻星、心动原型和关系门槛只说明关系议题，不单独证明保护因素已经被调用或有效。,由M3-BASE及M4各模块提供；日支、日柱近位可提高与亲密关系核心的相关性，但同一source_id不得重复计分。,保护因素必须明确限制过用、补足缺位、恢复顺序、打开反馈、落实改变或完成修复回流；不能只凭五行相生补写现实效果。,近位提高进入亲密关系核心的概率；远位只作背景、阶段或条件性修正。,根气只修正该保护功能是否容易重复调用，不等于现实中已经形成稳定保护。,旺弱只修正调用强度与承载；强不自动有效，弱也不自动无效。,喜忌只修正摩擦、平衡与承载，不可直接翻译为好坏、成熟度或解决方案。,原十神功能有效；真合化成立时按化神功能替换，合化争议时停止定性。,近位提高直接相关性；远位仅保留背景、阶段或低置信修正。,90,按状态±2—8,state_modifier,存在独立、强度适配、路径明确的调节或转换功能。,在“有制有化／有通关”状态下，存在独立、强度适配、路径明确的调节或转换功能。,不得仅凭本规则断定问题已经解决、关系必然稳定、用户一定成熟、某十神天然是“药”、喜用神自动等于解决办法，或淡化暴力、强迫与现实伤害；现实行为、反例、安全事实和专业支持优先。,中高,待验证,,provisional=true；保护因素的现实有效性必须由可观察行为、反馈和持续结果验证。,0.8
M4-BUFFER-434,SM09 有制有化／有通关｜使用边界,L9 状态与动态修正,BUFFER-状态修正,通用,边界,SM09 有制有化／有通关,状态边界,需确认靶点匹配与现实调用，不能自动清零风险。,存在独立现实证据支持更强结论。,由共享基础引擎提供；仅修正保护功能的承载、持续调用和压力状态下的稳定性，不直接等同成熟度、道德或现实行为。,由M1／M2接口提供；夫妻星、心动原型和关系门槛只说明关系议题，不单独证明保护因素已经被调用或有效。,由M3-BASE及M4各模块提供；日支、日柱近位可提高与亲密关系核心的相关性，但同一source_id不得重复计分。,保护因素必须明确限制过用、补足缺位、恢复顺序、打开反馈、落实改变或完成修复回流；不能只凭五行相生补写现实效果。,近位提高进入亲密关系核心的概率；远位只作背景、阶段或条件性修正。,根气只修正该保护功能是否容易重复调用，不等于现实中已经形成稳定保护。,旺弱只修正调用强度与承载；强不自动有效，弱也不自动无效。,喜忌只修正摩擦、平衡与承载，不可直接翻译为好坏、成熟度或解决方案。,原十神功能有效；真合化成立时按化神功能替换，合化争议时停止定性。,近位提高直接相关性；远位仅保留背景、阶段或低置信修正。,97,封顶／降级,boundary_note,需确认靶点匹配与现实调用，不能自动清零风险。,需要注意：需确认靶点匹配与现实调用，不能自动清零风险。,不得仅凭本规则断定问题已经解决、关系必然稳定、用户一定成熟、某十神天然是“药”、喜用神自动等于解决办法，或淡化暴力、强迫与现实伤害；现实行为、反例、安全事实和专业支持优先。,高,待验证,,provisional=true；保护因素的现实有效性必须由可观察行为、反馈和持续结果验证。,0.8
M4-BUFFER-435,SM10 强而无制｜保护修正,L9 状态与动态修正,BUFFER-状态修正,通用,状态修正,SM10 强而无制,保护调用修正,共享基础引擎确认SM10状态，且保护靶点已经明确。,基础状态未定、合化争议或与现实反例冲突。,由共享基础引擎提供；仅修正保护功能的承载、持续调用和压力状态下的稳定性，不直接等同成熟度、道德或现实行为。,由M1／M2接口提供；夫妻星、心动原型和关系门槛只说明关系议题，不单独证明保护因素已经被调用或有效。,由M3-BASE及M4各模块提供；日支、日柱近位可提高与亲密关系核心的相关性，但同一source_id不得重复计分。,保护因素必须明确限制过用、补足缺位、恢复顺序、打开反馈、落实改变或完成修复回流；不能只凭五行相生补写现实效果。,近位提高进入亲密关系核心的概率；远位只作背景、阶段或条件性修正。,根气只修正该保护功能是否容易重复调用，不等于现实中已经形成稳定保护。,旺弱只修正调用强度与承载；强不自动有效，弱也不自动无效。,喜忌只修正摩擦、平衡与承载，不可直接翻译为好坏、成熟度或解决方案。,原十神功能有效；真合化成立时按化神功能替换，合化争议时停止定性。,近位提高直接相关性；远位仅保留背景、阶段或低置信修正。,90,按状态±2—8,state_modifier,某功能压力下容易占位，保护功能可能无法及时进入。,在“强而无制”状态下，某功能压力下容易占位，保护功能可能无法及时进入。,不得仅凭本规则断定问题已经解决、关系必然稳定、用户一定成熟、某十神天然是“药”、喜用神自动等于解决办法，或淡化暴力、强迫与现实伤害；现实行为、反例、安全事实和专业支持优先。,中高,待验证,,provisional=true；保护因素的现实有效性必须由可观察行为、反馈和持续结果验证。,0.8
M4-BUFFER-436,SM10 强而无制｜使用边界,L9 状态与动态修正,BUFFER-状态修正,通用,边界,SM10 强而无制,状态边界,保护分降级，并优先检查BF01、BF03、BF08。,存在独立现实证据支持更强结论。,由共享基础引擎提供；仅修正保护功能的承载、持续调用和压力状态下的稳定性，不直接等同成熟度、道德或现实行为。,由M1／M2接口提供；夫妻星、心动原型和关系门槛只说明关系议题，不单独证明保护因素已经被调用或有效。,由M3-BASE及M4各模块提供；日支、日柱近位可提高与亲密关系核心的相关性，但同一source_id不得重复计分。,保护因素必须明确限制过用、补足缺位、恢复顺序、打开反馈、落实改变或完成修复回流；不能只凭五行相生补写现实效果。,近位提高进入亲密关系核心的概率；远位只作背景、阶段或条件性修正。,根气只修正该保护功能是否容易重复调用，不等于现实中已经形成稳定保护。,旺弱只修正调用强度与承载；强不自动有效，弱也不自动无效。,喜忌只修正摩擦、平衡与承载，不可直接翻译为好坏、成熟度或解决方案。,原十神功能有效；真合化成立时按化神功能替换，合化争议时停止定性。,近位提高直接相关性；远位仅保留背景、阶段或低置信修正。,97,封顶／降级,boundary_note,保护分降级，并优先检查BF01、BF03、BF08。,需要注意：保护分降级，并优先检查BF01、BF03、BF08。,不得仅凭本规则断定问题已经解决、关系必然稳定、用户一定成熟、某十神天然是“药”、喜用神自动等于解决办法，或淡化暴力、强迫与现实伤害；现实行为、反例、安全事实和专业支持优先。,高,待验证,,provisional=true；保护因素的现实有效性必须由可观察行为、反馈和持续结果验证。,0.8
M4-BUFFER-437,SM11 日支主气／日柱近位｜保护修正,L9 状态与动态修正,BUFFER-状态修正,通用,状态修正,SM11 日支主气／日柱近位,保护调用修正,共享基础引擎确认SM11状态，且保护靶点已经明确。,基础状态未定、合化争议或与现实反例冲突。,由共享基础引擎提供；仅修正保护功能的承载、持续调用和压力状态下的稳定性，不直接等同成熟度、道德或现实行为。,由M1／M2接口提供；夫妻星、心动原型和关系门槛只说明关系议题，不单独证明保护因素已经被调用或有效。,由M3-BASE及M4各模块提供；日支、日柱近位可提高与亲密关系核心的相关性，但同一source_id不得重复计分。,保护因素必须明确限制过用、补足缺位、恢复顺序、打开反馈、落实改变或完成修复回流；不能只凭五行相生补写现实效果。,近位提高进入亲密关系核心的概率；远位只作背景、阶段或条件性修正。,根气只修正该保护功能是否容易重复调用，不等于现实中已经形成稳定保护。,旺弱只修正调用强度与承载；强不自动有效，弱也不自动无效。,喜忌只修正摩擦、平衡与承载，不可直接翻译为好坏、成熟度或解决方案。,原十神功能有效；真合化成立时按化神功能替换，合化争议时停止定性。,近位提高直接相关性；远位仅保留背景、阶段或低置信修正。,90,按状态±2—8,state_modifier,保护资源与亲密关系核心联系较直接。,在“日支主气／日柱近位”状态下，保护资源与亲密关系核心联系较直接。,不得仅凭本规则断定问题已经解决、关系必然稳定、用户一定成熟、某十神天然是“药”、喜用神自动等于解决办法，或淡化暴力、强迫与现实伤害；现实行为、反例、安全事实和专业支持优先。,中高,待验证,,provisional=true；保护因素的现实有效性必须由可观察行为、反馈和持续结果验证。,0.8
M4-BUFFER-438,SM11 日支主气／日柱近位｜使用边界,L9 状态与动态修正,BUFFER-状态修正,通用,边界,SM11 日支主气／日柱近位,状态边界,提高相关性，不等于现实已经成熟使用。,存在独立现实证据支持更强结论。,由共享基础引擎提供；仅修正保护功能的承载、持续调用和压力状态下的稳定性，不直接等同成熟度、道德或现实行为。,由M1／M2接口提供；夫妻星、心动原型和关系门槛只说明关系议题，不单独证明保护因素已经被调用或有效。,由M3-BASE及M4各模块提供；日支、日柱近位可提高与亲密关系核心的相关性，但同一source_id不得重复计分。,保护因素必须明确限制过用、补足缺位、恢复顺序、打开反馈、落实改变或完成修复回流；不能只凭五行相生补写现实效果。,近位提高进入亲密关系核心的概率；远位只作背景、阶段或条件性修正。,根气只修正该保护功能是否容易重复调用，不等于现实中已经形成稳定保护。,旺弱只修正调用强度与承载；强不自动有效，弱也不自动无效。,喜忌只修正摩擦、平衡与承载，不可直接翻译为好坏、成熟度或解决方案。,原十神功能有效；真合化成立时按化神功能替换，合化争议时停止定性。,近位提高直接相关性；远位仅保留背景、阶段或低置信修正。,97,封顶／降级,boundary_note,提高相关性，不等于现实已经成熟使用。,需要注意：提高相关性，不等于现实已经成熟使用。,不得仅凭本规则断定问题已经解决、关系必然稳定、用户一定成熟、某十神天然是“药”、喜用神自动等于解决办法，或淡化暴力、强迫与现实伤害；现实行为、反例、安全事实和专业支持优先。,高,待验证,,provisional=true；保护因素的现实有效性必须由可观察行为、反馈和持续结果验证。,0.8
M4-BUFFER-439,SM12 中气有效｜保护修正,L9 状态与动态修正,BUFFER-状态修正,通用,状态修正,SM12 中气有效,保护调用修正,共享基础引擎确认SM12状态，且保护靶点已经明确。,基础状态未定、合化争议或与现实反例冲突。,由共享基础引擎提供；仅修正保护功能的承载、持续调用和压力状态下的稳定性，不直接等同成熟度、道德或现实行为。,由M1／M2接口提供；夫妻星、心动原型和关系门槛只说明关系议题，不单独证明保护因素已经被调用或有效。,由M3-BASE及M4各模块提供；日支、日柱近位可提高与亲密关系核心的相关性，但同一source_id不得重复计分。,保护因素必须明确限制过用、补足缺位、恢复顺序、打开反馈、落实改变或完成修复回流；不能只凭五行相生补写现实效果。,近位提高进入亲密关系核心的概率；远位只作背景、阶段或条件性修正。,根气只修正该保护功能是否容易重复调用，不等于现实中已经形成稳定保护。,旺弱只修正调用强度与承载；强不自动有效，弱也不自动无效。,喜忌只修正摩擦、平衡与承载，不可直接翻译为好坏、成熟度或解决方案。,原十神功能有效；真合化成立时按化神功能替换，合化争议时停止定性。,近位提高直接相关性；远位仅保留背景、阶段或低置信修正。,90,按状态±2—8,state_modifier,资源可作为第二保护或特定情境补位。,在“中气有效”状态下，资源可作为第二保护或特定情境补位。,不得仅凭本规则断定问题已经解决、关系必然稳定、用户一定成熟、某十神天然是“药”、喜用神自动等于解决办法，或淡化暴力、强迫与现实伤害；现实行为、反例、安全事实和专业支持优先。,中高,待验证,,provisional=true；保护因素的现实有效性必须由可观察行为、反馈和持续结果验证。,0.8
M4-BUFFER-440,SM12 中气有效｜使用边界,L9 状态与动态修正,BUFFER-状态修正,通用,边界,SM12 中气有效,状态边界,需独立来源和功能不同，不能与主气平铺。,存在独立现实证据支持更强结论。,由共享基础引擎提供；仅修正保护功能的承载、持续调用和压力状态下的稳定性，不直接等同成熟度、道德或现实行为。,由M1／M2接口提供；夫妻星、心动原型和关系门槛只说明关系议题，不单独证明保护因素已经被调用或有效。,由M3-BASE及M4各模块提供；日支、日柱近位可提高与亲密关系核心的相关性，但同一source_id不得重复计分。,保护因素必须明确限制过用、补足缺位、恢复顺序、打开反馈、落实改变或完成修复回流；不能只凭五行相生补写现实效果。,近位提高进入亲密关系核心的概率；远位只作背景、阶段或条件性修正。,根气只修正该保护功能是否容易重复调用，不等于现实中已经形成稳定保护。,旺弱只修正调用强度与承载；强不自动有效，弱也不自动无效。,喜忌只修正摩擦、平衡与承载，不可直接翻译为好坏、成熟度或解决方案。,原十神功能有效；真合化成立时按化神功能替换，合化争议时停止定性。,近位提高直接相关性；远位仅保留背景、阶段或低置信修正。,97,封顶／降级,boundary_note,需独立来源和功能不同，不能与主气平铺。,需要注意：需独立来源和功能不同，不能与主气平铺。,不得仅凭本规则断定问题已经解决、关系必然稳定、用户一定成熟、某十神天然是“药”、喜用神自动等于解决办法，或淡化暴力、强迫与现实伤害；现实行为、反例、安全事实和专业支持优先。,高,待验证,,provisional=true；保护因素的现实有效性必须由可观察行为、反馈和持续结果验证。,0.8
M4-BUFFER-441,SM13 余气有效｜保护修正,L9 状态与动态修正,BUFFER-状态修正,通用,状态修正,SM13 余气有效,保护调用修正,共享基础引擎确认SM13状态，且保护靶点已经明确。,基础状态未定、合化争议或与现实反例冲突。,由共享基础引擎提供；仅修正保护功能的承载、持续调用和压力状态下的稳定性，不直接等同成熟度、道德或现实行为。,由M1／M2接口提供；夫妻星、心动原型和关系门槛只说明关系议题，不单独证明保护因素已经被调用或有效。,由M3-BASE及M4各模块提供；日支、日柱近位可提高与亲密关系核心的相关性，但同一source_id不得重复计分。,保护因素必须明确限制过用、补足缺位、恢复顺序、打开反馈、落实改变或完成修复回流；不能只凭五行相生补写现实效果。,近位提高进入亲密关系核心的概率；远位只作背景、阶段或条件性修正。,根气只修正该保护功能是否容易重复调用，不等于现实中已经形成稳定保护。,旺弱只修正调用强度与承载；强不自动有效，弱也不自动无效。,喜忌只修正摩擦、平衡与承载，不可直接翻译为好坏、成熟度或解决方案。,原十神功能有效；真合化成立时按化神功能替换，合化争议时停止定性。,近位提高直接相关性；远位仅保留背景、阶段或低置信修正。,90,按状态±2—8,state_modifier,资源多为背景、备用或高压下潜在功能。,在“余气有效”状态下，资源多为背景、备用或高压下潜在功能。,不得仅凭本规则断定问题已经解决、关系必然稳定、用户一定成熟、某十神天然是“药”、喜用神自动等于解决办法，或淡化暴力、强迫与现实伤害；现实行为、反例、安全事实和专业支持优先。,中高,待验证,,provisional=true；保护因素的现实有效性必须由可观察行为、反馈和持续结果验证。,0.8
M4-BUFFER-442,SM13 余气有效｜使用边界,L9 状态与动态修正,BUFFER-状态修正,通用,边界,SM13 余气有效,状态边界,默认只作次级修正，现实事件可升级。,存在独立现实证据支持更强结论。,由共享基础引擎提供；仅修正保护功能的承载、持续调用和压力状态下的稳定性，不直接等同成熟度、道德或现实行为。,由M1／M2接口提供；夫妻星、心动原型和关系门槛只说明关系议题，不单独证明保护因素已经被调用或有效。,由M3-BASE及M4各模块提供；日支、日柱近位可提高与亲密关系核心的相关性，但同一source_id不得重复计分。,保护因素必须明确限制过用、补足缺位、恢复顺序、打开反馈、落实改变或完成修复回流；不能只凭五行相生补写现实效果。,近位提高进入亲密关系核心的概率；远位只作背景、阶段或条件性修正。,根气只修正该保护功能是否容易重复调用，不等于现实中已经形成稳定保护。,旺弱只修正调用强度与承载；强不自动有效，弱也不自动无效。,喜忌只修正摩擦、平衡与承载，不可直接翻译为好坏、成熟度或解决方案。,原十神功能有效；真合化成立时按化神功能替换，合化争议时停止定性。,近位提高直接相关性；远位仅保留背景、阶段或低置信修正。,97,封顶／降级,boundary_note,默认只作次级修正，现实事件可升级。,需要注意：默认只作次级修正，现实事件可升级。,不得仅凭本规则断定问题已经解决、关系必然稳定、用户一定成熟、某十神天然是“药”、喜用神自动等于解决办法，或淡化暴力、强迫与现实伤害；现实行为、反例、安全事实和专业支持优先。,高,待验证,,provisional=true；保护因素的现实有效性必须由可观察行为、反馈和持续结果验证。,0.8
M4-BUFFER-443,SM14 合冲刑害破｜保护修正,L9 状态与动态修正,BUFFER-状态修正,通用,状态修正,SM14 合冲刑害破,保护调用修正,共享基础引擎确认SM14状态，且保护靶点已经明确。,基础状态未定、合化争议或与现实反例冲突。,由共享基础引擎提供；仅修正保护功能的承载、持续调用和压力状态下的稳定性，不直接等同成熟度、道德或现实行为。,由M1／M2接口提供；夫妻星、心动原型和关系门槛只说明关系议题，不单独证明保护因素已经被调用或有效。,由M3-BASE及M4各模块提供；日支、日柱近位可提高与亲密关系核心的相关性，但同一source_id不得重复计分。,保护因素必须明确限制过用、补足缺位、恢复顺序、打开反馈、落实改变或完成修复回流；不能只凭五行相生补写现实效果。,近位提高进入亲密关系核心的概率；远位只作背景、阶段或条件性修正。,根气只修正该保护功能是否容易重复调用，不等于现实中已经形成稳定保护。,旺弱只修正调用强度与承载；强不自动有效，弱也不自动无效。,喜忌只修正摩擦、平衡与承载，不可直接翻译为好坏、成熟度或解决方案。,原十神功能有效；真合化成立时按化神功能替换，合化争议时停止定性。,近位提高直接相关性；远位仅保留背景、阶段或低置信修正。,90,按状态±2—8,state_modifier,只修正保护资源的启动、牵连、切换、反复或重组节奏。,在“合冲刑害破”状态下，只修正保护资源的启动、牵连、切换、反复或重组节奏。,不得仅凭本规则断定问题已经解决、关系必然稳定、用户一定成熟、某十神天然是“药”、喜用神自动等于解决办法，或淡化暴力、强迫与现实伤害；现实行为、反例、安全事实和专业支持优先。,中高,待验证,,provisional=true；保护因素的现实有效性必须由可观察行为、反馈和持续结果验证。,0.8
M4-BUFFER-444,SM14 合冲刑害破｜使用边界,L9 状态与动态修正,BUFFER-状态修正,通用,边界,SM14 合冲刑害破,状态边界,不能直接判断保护有效、关系破裂或问题必然发生。,存在独立现实证据支持更强结论。,由共享基础引擎提供；仅修正保护功能的承载、持续调用和压力状态下的稳定性，不直接等同成熟度、道德或现实行为。,由M1／M2接口提供；夫妻星、心动原型和关系门槛只说明关系议题，不单独证明保护因素已经被调用或有效。,由M3-BASE及M4各模块提供；日支、日柱近位可提高与亲密关系核心的相关性，但同一source_id不得重复计分。,保护因素必须明确限制过用、补足缺位、恢复顺序、打开反馈、落实改变或完成修复回流；不能只凭五行相生补写现实效果。,近位提高进入亲密关系核心的概率；远位只作背景、阶段或条件性修正。,根气只修正该保护功能是否容易重复调用，不等于现实中已经形成稳定保护。,旺弱只修正调用强度与承载；强不自动有效，弱也不自动无效。,喜忌只修正摩擦、平衡与承载，不可直接翻译为好坏、成熟度或解决方案。,原十神功能有效；真合化成立时按化神功能替换，合化争议时停止定性。,近位提高直接相关性；远位仅保留背景、阶段或低置信修正。,97,封顶／降级,boundary_note,不能直接判断保护有效、关系破裂或问题必然发生。,需要注意：不能直接判断保护有效、关系破裂或问题必然发生。,不得仅凭本规则断定问题已经解决、关系必然稳定、用户一定成熟、某十神天然是“药”、喜用神自动等于解决办法，或淡化暴力、强迫与现实伤害；现实行为、反例、安全事实和专业支持优先。,高,待验证,,provisional=true；保护因素的现实有效性必须由可观察行为、反馈和持续结果验证。,0.8
M4-BUFFER-445,SM15 真合化成立｜保护修正,L9 状态与动态修正,BUFFER-状态修正,通用,状态修正,SM15 真合化成立,保护调用修正,共享基础引擎确认SM15状态，且保护靶点已经明确。,基础状态未定、合化争议或与现实反例冲突。,由共享基础引擎提供；仅修正保护功能的承载、持续调用和压力状态下的稳定性，不直接等同成熟度、道德或现实行为。,由M1／M2接口提供；夫妻星、心动原型和关系门槛只说明关系议题，不单独证明保护因素已经被调用或有效。,由M3-BASE及M4各模块提供；日支、日柱近位可提高与亲密关系核心的相关性，但同一source_id不得重复计分。,保护因素必须明确限制过用、补足缺位、恢复顺序、打开反馈、落实改变或完成修复回流；不能只凭五行相生补写现实效果。,近位提高进入亲密关系核心的概率；远位只作背景、阶段或条件性修正。,根气只修正该保护功能是否容易重复调用，不等于现实中已经形成稳定保护。,旺弱只修正调用强度与承载；强不自动有效，弱也不自动无效。,喜忌只修正摩擦、平衡与承载，不可直接翻译为好坏、成熟度或解决方案。,原十神功能有效；真合化成立时按化神功能替换，合化争议时停止定性。,近位提高直接相关性；远位仅保留背景、阶段或低置信修正。,90,按状态±2—8,state_modifier,原十神保护功能按化神系统替换。,在“真合化成立”状态下，原十神保护功能按化神系统替换。,不得仅凭本规则断定问题已经解决、关系必然稳定、用户一定成熟、某十神天然是“药”、喜用神自动等于解决办法，或淡化暴力、强迫与现实伤害；现实行为、反例、安全事实和专业支持优先。,中高,待验证,,provisional=true；保护因素的现实有效性必须由可观察行为、反馈和持续结果验证。,0.8
M4-BUFFER-446,SM15 真合化成立｜使用边界,L9 状态与动态修正,BUFFER-状态修正,通用,边界,SM15 真合化成立,状态边界,原功能清零，不得与化神重复计分。,存在独立现实证据支持更强结论。,由共享基础引擎提供；仅修正保护功能的承载、持续调用和压力状态下的稳定性，不直接等同成熟度、道德或现实行为。,由M1／M2接口提供；夫妻星、心动原型和关系门槛只说明关系议题，不单独证明保护因素已经被调用或有效。,由M3-BASE及M4各模块提供；日支、日柱近位可提高与亲密关系核心的相关性，但同一source_id不得重复计分。,保护因素必须明确限制过用、补足缺位、恢复顺序、打开反馈、落实改变或完成修复回流；不能只凭五行相生补写现实效果。,近位提高进入亲密关系核心的概率；远位只作背景、阶段或条件性修正。,根气只修正该保护功能是否容易重复调用，不等于现实中已经形成稳定保护。,旺弱只修正调用强度与承载；强不自动有效，弱也不自动无效。,喜忌只修正摩擦、平衡与承载，不可直接翻译为好坏、成熟度或解决方案。,原十神功能有效；真合化成立时按化神功能替换，合化争议时停止定性。,近位提高直接相关性；远位仅保留背景、阶段或低置信修正。,97,封顶／降级,boundary_note,原功能清零，不得与化神重复计分。,需要注意：原功能清零，不得与化神重复计分。,不得仅凭本规则断定问题已经解决、关系必然稳定、用户一定成熟、某十神天然是“药”、喜用神自动等于解决办法，或淡化暴力、强迫与现实伤害；现实行为、反例、安全事实和专业支持优先。,高,待验证,,provisional=true；保护因素的现实有效性必须由可观察行为、反馈和持续结果验证。,0.8
M4-BUFFER-447,SM16 阶段覆盖与现实反例｜保护修正,L9 状态与动态修正,BUFFER-状态修正,通用,状态修正,SM16 阶段覆盖与现实反例,保护调用修正,共享基础引擎确认SM16状态，且保护靶点已经明确。,基础状态未定、合化争议或与现实反例冲突。,由共享基础引擎提供；仅修正保护功能的承载、持续调用和压力状态下的稳定性，不直接等同成熟度、道德或现实行为。,由M1／M2接口提供；夫妻星、心动原型和关系门槛只说明关系议题，不单独证明保护因素已经被调用或有效。,由M3-BASE及M4各模块提供；日支、日柱近位可提高与亲密关系核心的相关性，但同一source_id不得重复计分。,保护因素必须明确限制过用、补足缺位、恢复顺序、打开反馈、落实改变或完成修复回流；不能只凭五行相生补写现实效果。,近位提高进入亲密关系核心的概率；远位只作背景、阶段或条件性修正。,根气只修正该保护功能是否容易重复调用，不等于现实中已经形成稳定保护。,旺弱只修正调用强度与承载；强不自动有效，弱也不自动无效。,喜忌只修正摩擦、平衡与承载，不可直接翻译为好坏、成熟度或解决方案。,原十神功能有效；真合化成立时按化神功能替换，合化争议时停止定性。,近位提高直接相关性；远位仅保留背景、阶段或低置信修正。,90,按状态±2—8,state_modifier,大运流年或生活阶段可提高资源显著度；现实反例直接修正。,在“阶段覆盖与现实反例”状态下，大运流年或生活阶段可提高资源显著度；现实反例直接修正。,不得仅凭本规则断定问题已经解决、关系必然稳定、用户一定成熟、某十神天然是“药”、喜用神自动等于解决办法，或淡化暴力、强迫与现实伤害；现实行为、反例、安全事实和专业支持优先。,中高,待验证,,provisional=true；保护因素的现实有效性必须由可观察行为、反馈和持续结果验证。,0.8
M4-BUFFER-448,SM16 阶段覆盖与现实反例｜使用边界,L9 状态与动态修正,BUFFER-状态修正,通用,边界,SM16 阶段覆盖与现实反例,状态边界,阶段不能创造不存在的现实支持，反例优先。,存在独立现实证据支持更强结论。,由共享基础引擎提供；仅修正保护功能的承载、持续调用和压力状态下的稳定性，不直接等同成熟度、道德或现实行为。,由M1／M2接口提供；夫妻星、心动原型和关系门槛只说明关系议题，不单独证明保护因素已经被调用或有效。,由M3-BASE及M4各模块提供；日支、日柱近位可提高与亲密关系核心的相关性，但同一source_id不得重复计分。,保护因素必须明确限制过用、补足缺位、恢复顺序、打开反馈、落实改变或完成修复回流；不能只凭五行相生补写现实效果。,近位提高进入亲密关系核心的概率；远位只作背景、阶段或条件性修正。,根气只修正该保护功能是否容易重复调用，不等于现实中已经形成稳定保护。,旺弱只修正调用强度与承载；强不自动有效，弱也不自动无效。,喜忌只修正摩擦、平衡与承载，不可直接翻译为好坏、成熟度或解决方案。,原十神功能有效；真合化成立时按化神功能替换，合化争议时停止定性。,近位提高直接相关性；远位仅保留背景、阶段或低置信修正。,97,封顶／降级,boundary_note,阶段不能创造不存在的现实支持，反例优先。,需要注意：阶段不能创造不存在的现实支持，反例优先。,不得仅凭本规则断定问题已经解决、关系必然稳定、用户一定成熟、某十神天然是“药”、喜用神自动等于解决办法，或淡化暴力、强迫与现实伤害；现实行为、反例、安全事实和专业支持优先。,高,待验证,,provisional=true；保护因素的现实有效性必须由可观察行为、反馈和持续结果验证。,0.8
M4-BUFFER-449,OS01 现实反例与成功经验｜现实支持定义,L10 外部支持与现实证据,BUFFER-现实支持,通用,定义,OS01 现实反例与成功经验,定义外部支持输入。,记录同类触发下没有进入风险链、或成功中断风险链的具体事件。,仅由命盘推测或没有现实来源。,由共享基础引擎提供；仅修正保护功能的承载、持续调用和压力状态下的稳定性，不直接等同成熟度、道德或现实行为。,由M1／M2接口提供；夫妻星、心动原型和关系门槛只说明关系议题，不单独证明保护因素已经被调用或有效。,由M3-BASE及M4各模块提供；日支、日柱近位可提高与亲密关系核心的相关性，但同一source_id不得重复计分。,保护因素必须明确限制过用、补足缺位、恢复顺序、打开反馈、落实改变或完成修复回流；不能只凭五行相生补写现实效果。,近位提高进入亲密关系核心的概率；远位只作背景、阶段或条件性修正。,根气只修正该保护功能是否容易重复调用，不等于现实中已经形成稳定保护。,旺弱只修正调用强度与承载；强不自动有效，弱也不自动无效。,喜忌只修正摩擦、平衡与承载，不可直接翻译为好坏、成熟度或解决方案。,原十神功能有效；真合化成立时按化神功能替换，合化争议时停止定性。,近位提高直接相关性；远位仅保留背景、阶段或低置信修正。,95,现实输入+0,external_support,记录同类触发下没有进入风险链、或成功中断风险链的具体事件。,现实中可利用的支持包括：记录同类触发下没有进入风险链、或成功中断风险链的具体事件。,不得仅凭本规则断定问题已经解决、关系必然稳定、用户一定成熟、某十神天然是“药”、喜用神自动等于解决办法，或淡化暴力、强迫与现实伤害；现实行为、反例、安全事实和专业支持优先。,高,待验证,,provisional=true；保护因素的现实有效性必须由可观察行为、反馈和持续结果验证。,0.8
M4-BUFFER-450,OS01 现实反例与成功经验｜适用情境,L10 外部支持与现实证据,BUFFER-现实支持,通用,路由,OS01 现实反例与成功经验,说明何时调用该支持。,用于降低候选强度、识别条件性模式，并校验保护是否真实有效。,功能与当前风险靶点不匹配。,由共享基础引擎提供；仅修正保护功能的承载、持续调用和压力状态下的稳定性，不直接等同成熟度、道德或现实行为。,由M1／M2接口提供；夫妻星、心动原型和关系门槛只说明关系议题，不单独证明保护因素已经被调用或有效。,由M3-BASE及M4各模块提供；日支、日柱近位可提高与亲密关系核心的相关性，但同一source_id不得重复计分。,保护因素必须明确限制过用、补足缺位、恢复顺序、打开反馈、落实改变或完成修复回流；不能只凭五行相生补写现实效果。,近位提高进入亲密关系核心的概率；远位只作背景、阶段或条件性修正。,根气只修正该保护功能是否容易重复调用，不等于现实中已经形成稳定保护。,旺弱只修正调用强度与承载；强不自动有效，弱也不自动无效。,喜忌只修正摩擦、平衡与承载，不可直接翻译为好坏、成熟度或解决方案。,原十神功能有效；真合化成立时按化神功能替换，合化争议时停止定性。,近位提高直接相关性；远位仅保留背景、阶段或低置信修正。,91,匹配+5,buffer_target,用于降低候选强度、识别条件性模式，并校验保护是否真实有效。,这类支持更适合用于：用于降低候选强度、识别条件性模式，并校验保护是否真实有效。,不得仅凭本规则断定问题已经解决、关系必然稳定、用户一定成熟、某十神天然是“药”、喜用神自动等于解决办法，或淡化暴力、强迫与现实伤害；现实行为、反例、安全事实和专业支持优先。,中高,待验证,,provisional=true；保护因素的现实有效性必须由可观察行为、反馈和持续结果验证。,0.8
M4-BUFFER-451,OS01 现实反例与成功经验｜有效证据,L10 外部支持与现实证据,BUFFER-现实支持,通用,效果,OS01 现实反例与成功经验,判断外部支持是否真实改变风险链。,若成功经验包含清楚触发、保护动作和后续结果，可升级BL4—BL6。,一次成功不等于稳定保护；需纳入失败事件和情境差异。,由共享基础引擎提供；仅修正保护功能的承载、持续调用和压力状态下的稳定性，不直接等同成熟度、道德或现实行为。,由M1／M2接口提供；夫妻星、心动原型和关系门槛只说明关系议题，不单独证明保护因素已经被调用或有效。,由M3-BASE及M4各模块提供；日支、日柱近位可提高与亲密关系核心的相关性，但同一source_id不得重复计分。,保护因素必须明确限制过用、补足缺位、恢复顺序、打开反馈、落实改变或完成修复回流；不能只凭五行相生补写现实效果。,近位提高进入亲密关系核心的概率；远位只作背景、阶段或条件性修正。,根气只修正该保护功能是否容易重复调用，不等于现实中已经形成稳定保护。,旺弱只修正调用强度与承载；强不自动有效，弱也不自动无效。,喜忌只修正摩擦、平衡与承载，不可直接翻译为好坏、成熟度或解决方案。,原十神功能有效；真合化成立时按化神功能替换，合化争议时停止定性。,近位提高直接相关性；远位仅保留背景、阶段或低置信修正。,93,现实有效+12,buffer_level,若成功经验包含清楚触发、保护动作和后续结果，可升级BL4—BL6。,真正有效时会看到：若成功经验包含清楚触发、保护动作和后续结果，可升级BL4—BL6。,不得仅凭本规则断定问题已经解决、关系必然稳定、用户一定成熟、某十神天然是“药”、喜用神自动等于解决办法，或淡化暴力、强迫与现实伤害；现实行为、反例、安全事实和专业支持优先。,中高,待验证,,provisional=true；保护因素的现实有效性必须由可观察行为、反馈和持续结果验证。,0.8
M4-BUFFER-452,OS01 现实反例与成功经验｜使用边界,L10 外部支持与现实证据,BUFFER-现实支持,通用,边界,OS01 现实反例与成功经验,限制外部支持推断。,一次成功不等于稳定保护；需纳入失败事件和情境差异。,现实专业或安全评估明确支持更强行动。,由共享基础引擎提供；仅修正保护功能的承载、持续调用和压力状态下的稳定性，不直接等同成熟度、道德或现实行为。,由M1／M2接口提供；夫妻星、心动原型和关系门槛只说明关系议题，不单独证明保护因素已经被调用或有效。,由M3-BASE及M4各模块提供；日支、日柱近位可提高与亲密关系核心的相关性，但同一source_id不得重复计分。,保护因素必须明确限制过用、补足缺位、恢复顺序、打开反馈、落实改变或完成修复回流；不能只凭五行相生补写现实效果。,近位提高进入亲密关系核心的概率；远位只作背景、阶段或条件性修正。,根气只修正该保护功能是否容易重复调用，不等于现实中已经形成稳定保护。,旺弱只修正调用强度与承载；强不自动有效，弱也不自动无效。,喜忌只修正摩擦、平衡与承载，不可直接翻译为好坏、成熟度或解决方案。,原十神功能有效；真合化成立时按化神功能替换，合化争议时停止定性。,近位提高直接相关性；远位仅保留背景、阶段或低置信修正。,99,边界／停止,boundary_note,一次成功不等于稳定保护；需纳入失败事件和情境差异。,需要注意：一次成功不等于稳定保护；需纳入失败事件和情境差异。,不得仅凭本规则断定问题已经解决、关系必然稳定、用户一定成熟、某十神天然是“药”、喜用神自动等于解决办法，或淡化暴力、强迫与现实伤害；现实行为、反例、安全事实和专业支持优先。,高,待验证,,provisional=true；保护因素的现实有效性必须由可观察行为、反馈和持续结果验证。,0.8
M4-BUFFER-453,OS02 伴侣可观察反馈｜现实支持定义,L10 外部支持与现实证据,BUFFER-现实支持,通用,定义,OS02 伴侣可观察反馈,定义外部支持输入。,由伴侣或互动对象提供对表达、边界、行动、修复是否被接收的具体反馈。,仅由命盘推测或没有现实来源。,由共享基础引擎提供；仅修正保护功能的承载、持续调用和压力状态下的稳定性，不直接等同成熟度、道德或现实行为。,由M1／M2接口提供；夫妻星、心动原型和关系门槛只说明关系议题，不单独证明保护因素已经被调用或有效。,由M3-BASE及M4各模块提供；日支、日柱近位可提高与亲密关系核心的相关性，但同一source_id不得重复计分。,保护因素必须明确限制过用、补足缺位、恢复顺序、打开反馈、落实改变或完成修复回流；不能只凭五行相生补写现实效果。,近位提高进入亲密关系核心的概率；远位只作背景、阶段或条件性修正。,根气只修正该保护功能是否容易重复调用，不等于现实中已经形成稳定保护。,旺弱只修正调用强度与承载；强不自动有效，弱也不自动无效。,喜忌只修正摩擦、平衡与承载，不可直接翻译为好坏、成熟度或解决方案。,原十神功能有效；真合化成立时按化神功能替换，合化争议时停止定性。,近位提高直接相关性；远位仅保留背景、阶段或低置信修正。,95,现实输入+0,external_support,由伴侣或互动对象提供对表达、边界、行动、修复是否被接收的具体反馈。,现实中可利用的支持包括：由伴侣或互动对象提供对表达、边界、行动、修复是否被接收的具体反馈。,不得仅凭本规则断定问题已经解决、关系必然稳定、用户一定成熟、某十神天然是“药”、喜用神自动等于解决办法，或淡化暴力、强迫与现实伤害；现实行为、反例、安全事实和专业支持优先。,高,待验证,,provisional=true；保护因素的现实有效性必须由可观察行为、反馈和持续结果验证。,0.8
M4-BUFFER-454,OS02 伴侣可观察反馈｜适用情境,L10 外部支持与现实证据,BUFFER-现实支持,通用,路由,OS02 伴侣可观察反馈,说明何时调用该支持。,用于验证BF04、BF05、BF07及循环是否真正被中断。,功能与当前风险靶点不匹配。,由共享基础引擎提供；仅修正保护功能的承载、持续调用和压力状态下的稳定性，不直接等同成熟度、道德或现实行为。,由M1／M2接口提供；夫妻星、心动原型和关系门槛只说明关系议题，不单独证明保护因素已经被调用或有效。,由M3-BASE及M4各模块提供；日支、日柱近位可提高与亲密关系核心的相关性，但同一source_id不得重复计分。,保护因素必须明确限制过用、补足缺位、恢复顺序、打开反馈、落实改变或完成修复回流；不能只凭五行相生补写现实效果。,近位提高进入亲密关系核心的概率；远位只作背景、阶段或条件性修正。,根气只修正该保护功能是否容易重复调用，不等于现实中已经形成稳定保护。,旺弱只修正调用强度与承载；强不自动有效，弱也不自动无效。,喜忌只修正摩擦、平衡与承载，不可直接翻译为好坏、成熟度或解决方案。,原十神功能有效；真合化成立时按化神功能替换，合化争议时停止定性。,近位提高直接相关性；远位仅保留背景、阶段或低置信修正。,91,匹配+5,buffer_target,用于验证BF04、BF05、BF07及循环是否真正被中断。,这类支持更适合用于：用于验证BF04、BF05、BF07及循环是否真正被中断。,不得仅凭本规则断定问题已经解决、关系必然稳定、用户一定成熟、某十神天然是“药”、喜用神自动等于解决办法，或淡化暴力、强迫与现实伤害；现实行为、反例、安全事实和专业支持优先。,中高,待验证,,provisional=true；保护因素的现实有效性必须由可观察行为、反馈和持续结果验证。,0.8
M4-BUFFER-455,OS02 伴侣可观察反馈｜有效证据,L10 外部支持与现实证据,BUFFER-现实支持,通用,效果,OS02 伴侣可观察反馈,判断外部支持是否真实改变风险链。,反馈被整合并引发二次调整时，可提高保护有效层级。,不得替对方猜测动机；只记录可观察行为和明确表达。,由共享基础引擎提供；仅修正保护功能的承载、持续调用和压力状态下的稳定性，不直接等同成熟度、道德或现实行为。,由M1／M2接口提供；夫妻星、心动原型和关系门槛只说明关系议题，不单独证明保护因素已经被调用或有效。,由M3-BASE及M4各模块提供；日支、日柱近位可提高与亲密关系核心的相关性，但同一source_id不得重复计分。,保护因素必须明确限制过用、补足缺位、恢复顺序、打开反馈、落实改变或完成修复回流；不能只凭五行相生补写现实效果。,近位提高进入亲密关系核心的概率；远位只作背景、阶段或条件性修正。,根气只修正该保护功能是否容易重复调用，不等于现实中已经形成稳定保护。,旺弱只修正调用强度与承载；强不自动有效，弱也不自动无效。,喜忌只修正摩擦、平衡与承载，不可直接翻译为好坏、成熟度或解决方案。,原十神功能有效；真合化成立时按化神功能替换，合化争议时停止定性。,近位提高直接相关性；远位仅保留背景、阶段或低置信修正。,93,现实有效+12,buffer_level,反馈被整合并引发二次调整时，可提高保护有效层级。,真正有效时会看到：反馈被整合并引发二次调整时，可提高保护有效层级。,不得仅凭本规则断定问题已经解决、关系必然稳定、用户一定成熟、某十神天然是“药”、喜用神自动等于解决办法，或淡化暴力、强迫与现实伤害；现实行为、反例、安全事实和专业支持优先。,中高,待验证,,provisional=true；保护因素的现实有效性必须由可观察行为、反馈和持续结果验证。,0.8
M4-BUFFER-456,OS02 伴侣可观察反馈｜使用边界,L10 外部支持与现实证据,BUFFER-现实支持,通用,边界,OS02 伴侣可观察反馈,限制外部支持推断。,不得替对方猜测动机；只记录可观察行为和明确表达。,现实专业或安全评估明确支持更强行动。,由共享基础引擎提供；仅修正保护功能的承载、持续调用和压力状态下的稳定性，不直接等同成熟度、道德或现实行为。,由M1／M2接口提供；夫妻星、心动原型和关系门槛只说明关系议题，不单独证明保护因素已经被调用或有效。,由M3-BASE及M4各模块提供；日支、日柱近位可提高与亲密关系核心的相关性，但同一source_id不得重复计分。,保护因素必须明确限制过用、补足缺位、恢复顺序、打开反馈、落实改变或完成修复回流；不能只凭五行相生补写现实效果。,近位提高进入亲密关系核心的概率；远位只作背景、阶段或条件性修正。,根气只修正该保护功能是否容易重复调用，不等于现实中已经形成稳定保护。,旺弱只修正调用强度与承载；强不自动有效，弱也不自动无效。,喜忌只修正摩擦、平衡与承载，不可直接翻译为好坏、成熟度或解决方案。,原十神功能有效；真合化成立时按化神功能替换，合化争议时停止定性。,近位提高直接相关性；远位仅保留背景、阶段或低置信修正。,99,边界／停止,boundary_note,不得替对方猜测动机；只记录可观察行为和明确表达。,需要注意：不得替对方猜测动机；只记录可观察行为和明确表达。,不得仅凭本规则断定问题已经解决、关系必然稳定、用户一定成熟、某十神天然是“药”、喜用神自动等于解决办法，或淡化暴力、强迫与现实伤害；现实行为、反例、安全事实和专业支持优先。,高,待验证,,provisional=true；保护因素的现实有效性必须由可观察行为、反馈和持续结果验证。,0.8
M4-BUFFER-457,OS03 可靠亲友与社会支持｜现实支持定义,L10 外部支持与现实证据,BUFFER-现实支持,通用,定义,OS03 可靠亲友与社会支持,定义外部支持输入。,现实中可提供陪伴、信息、临时资源、见证或安全协助的可靠人员。,仅由命盘推测或没有现实来源。,由共享基础引擎提供；仅修正保护功能的承载、持续调用和压力状态下的稳定性，不直接等同成熟度、道德或现实行为。,由M1／M2接口提供；夫妻星、心动原型和关系门槛只说明关系议题，不单独证明保护因素已经被调用或有效。,由M3-BASE及M4各模块提供；日支、日柱近位可提高与亲密关系核心的相关性，但同一source_id不得重复计分。,保护因素必须明确限制过用、补足缺位、恢复顺序、打开反馈、落实改变或完成修复回流；不能只凭五行相生补写现实效果。,近位提高进入亲密关系核心的概率；远位只作背景、阶段或条件性修正。,根气只修正该保护功能是否容易重复调用，不等于现实中已经形成稳定保护。,旺弱只修正调用强度与承载；强不自动有效，弱也不自动无效。,喜忌只修正摩擦、平衡与承载，不可直接翻译为好坏、成熟度或解决方案。,原十神功能有效；真合化成立时按化神功能替换，合化争议时停止定性。,近位提高直接相关性；远位仅保留背景、阶段或低置信修正。,95,现实输入+0,external_support,现实中可提供陪伴、信息、临时资源、见证或安全协助的可靠人员。,现实中可利用的支持包括：现实中可提供陪伴、信息、临时资源、见证或安全协助的可靠人员。,不得仅凭本规则断定问题已经解决、关系必然稳定、用户一定成熟、某十神天然是“药”、喜用神自动等于解决办法，或淡化暴力、强迫与现实伤害；现实行为、反例、安全事实和专业支持优先。,高,待验证,,provisional=true；保护因素的现实有效性必须由可观察行为、反馈和持续结果验证。,0.8
M4-BUFFER-458,OS03 可靠亲友与社会支持｜适用情境,L10 外部支持与现实证据,BUFFER-现实支持,通用,路由,OS03 可靠亲友与社会支持,说明何时调用该支持。,用于降低孤立决策、高压占位和资源不足，尤其适用于TR04、TR08。,功能与当前风险靶点不匹配。,由共享基础引擎提供；仅修正保护功能的承载、持续调用和压力状态下的稳定性，不直接等同成熟度、道德或现实行为。,由M1／M2接口提供；夫妻星、心动原型和关系门槛只说明关系议题，不单独证明保护因素已经被调用或有效。,由M3-BASE及M4各模块提供；日支、日柱近位可提高与亲密关系核心的相关性，但同一source_id不得重复计分。,保护因素必须明确限制过用、补足缺位、恢复顺序、打开反馈、落实改变或完成修复回流；不能只凭五行相生补写现实效果。,近位提高进入亲密关系核心的概率；远位只作背景、阶段或条件性修正。,根气只修正该保护功能是否容易重复调用，不等于现实中已经形成稳定保护。,旺弱只修正调用强度与承载；强不自动有效，弱也不自动无效。,喜忌只修正摩擦、平衡与承载，不可直接翻译为好坏、成熟度或解决方案。,原十神功能有效；真合化成立时按化神功能替换，合化争议时停止定性。,近位提高直接相关性；远位仅保留背景、阶段或低置信修正。,91,匹配+5,buffer_target,用于降低孤立决策、高压占位和资源不足，尤其适用于TR04、TR08。,这类支持更适合用于：用于降低孤立决策、高压占位和资源不足，尤其适用于TR04、TR08。,不得仅凭本规则断定问题已经解决、关系必然稳定、用户一定成熟、某十神天然是“药”、喜用神自动等于解决办法，或淡化暴力、强迫与现实伤害；现实行为、反例、安全事实和专业支持优先。,中高,待验证,,provisional=true；保护因素的现实有效性必须由可观察行为、反馈和持续结果验证。,0.8
M4-BUFFER-459,OS03 可靠亲友与社会支持｜有效证据,L10 外部支持与现实证据,BUFFER-现实支持,通用,效果,OS03 可靠亲友与社会支持,判断外部支持是否真实改变风险链。,支持能够在关键情境中被实际调用时，可作为BF08的现实证据。,不得由命盘推断支持一定存在；支持质量、边界和保密性需现实确认。,由共享基础引擎提供；仅修正保护功能的承载、持续调用和压力状态下的稳定性，不直接等同成熟度、道德或现实行为。,由M1／M2接口提供；夫妻星、心动原型和关系门槛只说明关系议题，不单独证明保护因素已经被调用或有效。,由M3-BASE及M4各模块提供；日支、日柱近位可提高与亲密关系核心的相关性，但同一source_id不得重复计分。,保护因素必须明确限制过用、补足缺位、恢复顺序、打开反馈、落实改变或完成修复回流；不能只凭五行相生补写现实效果。,近位提高进入亲密关系核心的概率；远位只作背景、阶段或条件性修正。,根气只修正该保护功能是否容易重复调用，不等于现实中已经形成稳定保护。,旺弱只修正调用强度与承载；强不自动有效，弱也不自动无效。,喜忌只修正摩擦、平衡与承载，不可直接翻译为好坏、成熟度或解决方案。,原十神功能有效；真合化成立时按化神功能替换，合化争议时停止定性。,近位提高直接相关性；远位仅保留背景、阶段或低置信修正。,93,现实有效+12,buffer_level,支持能够在关键情境中被实际调用时，可作为BF08的现实证据。,真正有效时会看到：支持能够在关键情境中被实际调用时，可作为BF08的现实证据。,不得仅凭本规则断定问题已经解决、关系必然稳定、用户一定成熟、某十神天然是“药”、喜用神自动等于解决办法，或淡化暴力、强迫与现实伤害；现实行为、反例、安全事实和专业支持优先。,中高,待验证,,provisional=true；保护因素的现实有效性必须由可观察行为、反馈和持续结果验证。,0.8
M4-BUFFER-460,OS03 可靠亲友与社会支持｜使用边界,L10 外部支持与现实证据,BUFFER-现实支持,通用,边界,OS03 可靠亲友与社会支持,限制外部支持推断。,不得由命盘推断支持一定存在；支持质量、边界和保密性需现实确认。,现实专业或安全评估明确支持更强行动。,由共享基础引擎提供；仅修正保护功能的承载、持续调用和压力状态下的稳定性，不直接等同成熟度、道德或现实行为。,由M1／M2接口提供；夫妻星、心动原型和关系门槛只说明关系议题，不单独证明保护因素已经被调用或有效。,由M3-BASE及M4各模块提供；日支、日柱近位可提高与亲密关系核心的相关性，但同一source_id不得重复计分。,保护因素必须明确限制过用、补足缺位、恢复顺序、打开反馈、落实改变或完成修复回流；不能只凭五行相生补写现实效果。,近位提高进入亲密关系核心的概率；远位只作背景、阶段或条件性修正。,根气只修正该保护功能是否容易重复调用，不等于现实中已经形成稳定保护。,旺弱只修正调用强度与承载；强不自动有效，弱也不自动无效。,喜忌只修正摩擦、平衡与承载，不可直接翻译为好坏、成熟度或解决方案。,原十神功能有效；真合化成立时按化神功能替换，合化争议时停止定性。,近位提高直接相关性；远位仅保留背景、阶段或低置信修正。,99,边界／停止,boundary_note,不得由命盘推断支持一定存在；支持质量、边界和保密性需现实确认。,需要注意：不得由命盘推断支持一定存在；支持质量、边界和保密性需现实确认。,不得仅凭本规则断定问题已经解决、关系必然稳定、用户一定成熟、某十神天然是“药”、喜用神自动等于解决办法，或淡化暴力、强迫与现实伤害；现实行为、反例、安全事实和专业支持优先。,高,待验证,,provisional=true；保护因素的现实有效性必须由可观察行为、反馈和持续结果验证。,0.8
M4-BUFFER-461,OS04 结构化沟通工具与书面协议｜现实支持定义,L10 外部支持与现实证据,BUFFER-现实支持,通用,定义,OS04 结构化沟通工具与书面协议,定义外部支持输入。,包括议题清单、暂停回归约定、分工表、最低规则、复盘记录等现实工具。,仅由命盘推测或没有现实来源。,由共享基础引擎提供；仅修正保护功能的承载、持续调用和压力状态下的稳定性，不直接等同成熟度、道德或现实行为。,由M1／M2接口提供；夫妻星、心动原型和关系门槛只说明关系议题，不单独证明保护因素已经被调用或有效。,由M3-BASE及M4各模块提供；日支、日柱近位可提高与亲密关系核心的相关性，但同一source_id不得重复计分。,保护因素必须明确限制过用、补足缺位、恢复顺序、打开反馈、落实改变或完成修复回流；不能只凭五行相生补写现实效果。,近位提高进入亲密关系核心的概率；远位只作背景、阶段或条件性修正。,根气只修正该保护功能是否容易重复调用，不等于现实中已经形成稳定保护。,旺弱只修正调用强度与承载；强不自动有效，弱也不自动无效。,喜忌只修正摩擦、平衡与承载，不可直接翻译为好坏、成熟度或解决方案。,原十神功能有效；真合化成立时按化神功能替换，合化争议时停止定性。,近位提高直接相关性；远位仅保留背景、阶段或低置信修正。,95,现实输入+0,external_support,包括议题清单、暂停回归约定、分工表、最低规则、复盘记录等现实工具。,现实中可利用的支持包括：包括议题清单、暂停回归约定、分工表、最低规则、复盘记录等现实工具。,不得仅凭本规则断定问题已经解决、关系必然稳定、用户一定成熟、某十神天然是“药”、喜用神自动等于解决办法，或淡化暴力、强迫与现实伤害；现实行为、反例、安全事实和专业支持优先。,高,待验证,,provisional=true；保护因素的现实有效性必须由可观察行为、反馈和持续结果验证。,0.8
M4-BUFFER-462,OS04 结构化沟通工具与书面协议｜适用情境,L10 外部支持与现实证据,BUFFER-现实支持,通用,路由,OS04 结构化沟通工具与书面协议,说明何时调用该支持。,用于支持BF03、BF05、BF06、BF07，把抽象共识转成可执行流程。,功能与当前风险靶点不匹配。,由共享基础引擎提供；仅修正保护功能的承载、持续调用和压力状态下的稳定性，不直接等同成熟度、道德或现实行为。,由M1／M2接口提供；夫妻星、心动原型和关系门槛只说明关系议题，不单独证明保护因素已经被调用或有效。,由M3-BASE及M4各模块提供；日支、日柱近位可提高与亲密关系核心的相关性，但同一source_id不得重复计分。,保护因素必须明确限制过用、补足缺位、恢复顺序、打开反馈、落实改变或完成修复回流；不能只凭五行相生补写现实效果。,近位提高进入亲密关系核心的概率；远位只作背景、阶段或条件性修正。,根气只修正该保护功能是否容易重复调用，不等于现实中已经形成稳定保护。,旺弱只修正调用强度与承载；强不自动有效，弱也不自动无效。,喜忌只修正摩擦、平衡与承载，不可直接翻译为好坏、成熟度或解决方案。,原十神功能有效；真合化成立时按化神功能替换，合化争议时停止定性。,近位提高直接相关性；远位仅保留背景、阶段或低置信修正。,91,匹配+5,buffer_target,用于支持BF03、BF05、BF06、BF07，把抽象共识转成可执行流程。,这类支持更适合用于：用于支持BF03、BF05、BF06、BF07，把抽象共识转成可执行流程。,不得仅凭本规则断定问题已经解决、关系必然稳定、用户一定成熟、某十神天然是“药”、喜用神自动等于解决办法，或淡化暴力、强迫与现实伤害；现实行为、反例、安全事实和专业支持优先。,中高,待验证,,provisional=true；保护因素的现实有效性必须由可观察行为、反馈和持续结果验证。,0.8
M4-BUFFER-463,OS04 结构化沟通工具与书面协议｜有效证据,L10 外部支持与现实证据,BUFFER-现实支持,通用,效果,OS04 结构化沟通工具与书面协议,判断外部支持是否真实改变风险链。,工具被双方使用、允许反馈并持续执行时，可提高保护可重复性。,工具不能替代安全、诚意、责任或双方选择；表格越多不等于关系越好。,由共享基础引擎提供；仅修正保护功能的承载、持续调用和压力状态下的稳定性，不直接等同成熟度、道德或现实行为。,由M1／M2接口提供；夫妻星、心动原型和关系门槛只说明关系议题，不单独证明保护因素已经被调用或有效。,由M3-BASE及M4各模块提供；日支、日柱近位可提高与亲密关系核心的相关性，但同一source_id不得重复计分。,保护因素必须明确限制过用、补足缺位、恢复顺序、打开反馈、落实改变或完成修复回流；不能只凭五行相生补写现实效果。,近位提高进入亲密关系核心的概率；远位只作背景、阶段或条件性修正。,根气只修正该保护功能是否容易重复调用，不等于现实中已经形成稳定保护。,旺弱只修正调用强度与承载；强不自动有效，弱也不自动无效。,喜忌只修正摩擦、平衡与承载，不可直接翻译为好坏、成熟度或解决方案。,原十神功能有效；真合化成立时按化神功能替换，合化争议时停止定性。,近位提高直接相关性；远位仅保留背景、阶段或低置信修正。,93,现实有效+12,buffer_level,工具被双方使用、允许反馈并持续执行时，可提高保护可重复性。,真正有效时会看到：工具被双方使用、允许反馈并持续执行时，可提高保护可重复性。,不得仅凭本规则断定问题已经解决、关系必然稳定、用户一定成熟、某十神天然是“药”、喜用神自动等于解决办法，或淡化暴力、强迫与现实伤害；现实行为、反例、安全事实和专业支持优先。,中高,待验证,,provisional=true；保护因素的现实有效性必须由可观察行为、反馈和持续结果验证。,0.8
M4-BUFFER-464,OS04 结构化沟通工具与书面协议｜使用边界,L10 外部支持与现实证据,BUFFER-现实支持,通用,边界,OS04 结构化沟通工具与书面协议,限制外部支持推断。,工具不能替代安全、诚意、责任或双方选择；表格越多不等于关系越好。,现实专业或安全评估明确支持更强行动。,由共享基础引擎提供；仅修正保护功能的承载、持续调用和压力状态下的稳定性，不直接等同成熟度、道德或现实行为。,由M1／M2接口提供；夫妻星、心动原型和关系门槛只说明关系议题，不单独证明保护因素已经被调用或有效。,由M3-BASE及M4各模块提供；日支、日柱近位可提高与亲密关系核心的相关性，但同一source_id不得重复计分。,保护因素必须明确限制过用、补足缺位、恢复顺序、打开反馈、落实改变或完成修复回流；不能只凭五行相生补写现实效果。,近位提高进入亲密关系核心的概率；远位只作背景、阶段或条件性修正。,根气只修正该保护功能是否容易重复调用，不等于现实中已经形成稳定保护。,旺弱只修正调用强度与承载；强不自动有效，弱也不自动无效。,喜忌只修正摩擦、平衡与承载，不可直接翻译为好坏、成熟度或解决方案。,原十神功能有效；真合化成立时按化神功能替换，合化争议时停止定性。,近位提高直接相关性；远位仅保留背景、阶段或低置信修正。,99,边界／停止,boundary_note,工具不能替代安全、诚意、责任或双方选择；表格越多不等于关系越好。,需要注意：工具不能替代安全、诚意、责任或双方选择；表格越多不等于关系越好。,不得仅凭本规则断定问题已经解决、关系必然稳定、用户一定成熟、某十神天然是“药”、喜用神自动等于解决办法，或淡化暴力、强迫与现实伤害；现实行为、反例、安全事实和专业支持优先。,高,待验证,,provisional=true；保护因素的现实有效性必须由可观察行为、反馈和持续结果验证。,0.8
M4-BUFFER-465,OS05 现实资源与环境调整｜现实支持定义,L10 外部支持与现实证据,BUFFER-现实支持,通用,定义,OS05 现实资源与环境调整,定义外部支持输入。,通过时间安排、经济资源、居住环境、工作负荷或接触频率调整降低触发负荷。,仅由命盘推测或没有现实来源。,由共享基础引擎提供；仅修正保护功能的承载、持续调用和压力状态下的稳定性，不直接等同成熟度、道德或现实行为。,由M1／M2接口提供；夫妻星、心动原型和关系门槛只说明关系议题，不单独证明保护因素已经被调用或有效。,由M3-BASE及M4各模块提供；日支、日柱近位可提高与亲密关系核心的相关性，但同一source_id不得重复计分。,保护因素必须明确限制过用、补足缺位、恢复顺序、打开反馈、落实改变或完成修复回流；不能只凭五行相生补写现实效果。,近位提高进入亲密关系核心的概率；远位只作背景、阶段或条件性修正。,根气只修正该保护功能是否容易重复调用，不等于现实中已经形成稳定保护。,旺弱只修正调用强度与承载；强不自动有效，弱也不自动无效。,喜忌只修正摩擦、平衡与承载，不可直接翻译为好坏、成熟度或解决方案。,原十神功能有效；真合化成立时按化神功能替换，合化争议时停止定性。,近位提高直接相关性；远位仅保留背景、阶段或低置信修正。,95,现实输入+0,external_support,通过时间安排、经济资源、居住环境、工作负荷或接触频率调整降低触发负荷。,现实中可利用的支持包括：通过时间安排、经济资源、居住环境、工作负荷或接触频率调整降低触发负荷。,不得仅凭本规则断定问题已经解决、关系必然稳定、用户一定成熟、某十神天然是“药”、喜用神自动等于解决办法，或淡化暴力、强迫与现实伤害；现实行为、反例、安全事实和专业支持优先。,高,待验证,,provisional=true；保护因素的现实有效性必须由可观察行为、反馈和持续结果验证。,0.8
M4-BUFFER-466,OS05 现实资源与环境调整｜适用情境,L10 外部支持与现实证据,BUFFER-现实支持,通用,路由,OS05 现实资源与环境调整,说明何时调用该支持。,用于TR04、TR06、TR08及资源压力下的状态分工。,功能与当前风险靶点不匹配。,由共享基础引擎提供；仅修正保护功能的承载、持续调用和压力状态下的稳定性，不直接等同成熟度、道德或现实行为。,由M1／M2接口提供；夫妻星、心动原型和关系门槛只说明关系议题，不单独证明保护因素已经被调用或有效。,由M3-BASE及M4各模块提供；日支、日柱近位可提高与亲密关系核心的相关性，但同一source_id不得重复计分。,保护因素必须明确限制过用、补足缺位、恢复顺序、打开反馈、落实改变或完成修复回流；不能只凭五行相生补写现实效果。,近位提高进入亲密关系核心的概率；远位只作背景、阶段或条件性修正。,根气只修正该保护功能是否容易重复调用，不等于现实中已经形成稳定保护。,旺弱只修正调用强度与承载；强不自动有效，弱也不自动无效。,喜忌只修正摩擦、平衡与承载，不可直接翻译为好坏、成熟度或解决方案。,原十神功能有效；真合化成立时按化神功能替换，合化争议时停止定性。,近位提高直接相关性；远位仅保留背景、阶段或低置信修正。,91,匹配+5,buffer_target,用于TR04、TR06、TR08及资源压力下的状态分工。,这类支持更适合用于：用于TR04、TR06、TR08及资源压力下的状态分工。,不得仅凭本规则断定问题已经解决、关系必然稳定、用户一定成熟、某十神天然是“药”、喜用神自动等于解决办法，或淡化暴力、强迫与现实伤害；现实行为、反例、安全事实和专业支持优先。,中高,待验证,,provisional=true；保护因素的现实有效性必须由可观察行为、反馈和持续结果验证。,0.8
M4-BUFFER-467,OS05 现实资源与环境调整｜有效证据,L10 外部支持与现实证据,BUFFER-现实支持,通用,效果,OS05 现实资源与环境调整,判断外部支持是否真实改变风险链。,环境调整明确降低触发频率或提高修复完成率时，可计入有效保护。,环境改善不等于关系能力自动提升；需区分暂时减压和长期改变。,由共享基础引擎提供；仅修正保护功能的承载、持续调用和压力状态下的稳定性，不直接等同成熟度、道德或现实行为。,由M1／M2接口提供；夫妻星、心动原型和关系门槛只说明关系议题，不单独证明保护因素已经被调用或有效。,由M3-BASE及M4各模块提供；日支、日柱近位可提高与亲密关系核心的相关性，但同一source_id不得重复计分。,保护因素必须明确限制过用、补足缺位、恢复顺序、打开反馈、落实改变或完成修复回流；不能只凭五行相生补写现实效果。,近位提高进入亲密关系核心的概率；远位只作背景、阶段或条件性修正。,根气只修正该保护功能是否容易重复调用，不等于现实中已经形成稳定保护。,旺弱只修正调用强度与承载；强不自动有效，弱也不自动无效。,喜忌只修正摩擦、平衡与承载，不可直接翻译为好坏、成熟度或解决方案。,原十神功能有效；真合化成立时按化神功能替换，合化争议时停止定性。,近位提高直接相关性；远位仅保留背景、阶段或低置信修正。,93,现实有效+12,buffer_level,环境调整明确降低触发频率或提高修复完成率时，可计入有效保护。,真正有效时会看到：环境调整明确降低触发频率或提高修复完成率时，可计入有效保护。,不得仅凭本规则断定问题已经解决、关系必然稳定、用户一定成熟、某十神天然是“药”、喜用神自动等于解决办法，或淡化暴力、强迫与现实伤害；现实行为、反例、安全事实和专业支持优先。,中高,待验证,,provisional=true；保护因素的现实有效性必须由可观察行为、反馈和持续结果验证。,0.8
M4-BUFFER-468,OS05 现实资源与环境调整｜使用边界,L10 外部支持与现实证据,BUFFER-现实支持,通用,边界,OS05 现实资源与环境调整,限制外部支持推断。,环境改善不等于关系能力自动提升；需区分暂时减压和长期改变。,现实专业或安全评估明确支持更强行动。,由共享基础引擎提供；仅修正保护功能的承载、持续调用和压力状态下的稳定性，不直接等同成熟度、道德或现实行为。,由M1／M2接口提供；夫妻星、心动原型和关系门槛只说明关系议题，不单独证明保护因素已经被调用或有效。,由M3-BASE及M4各模块提供；日支、日柱近位可提高与亲密关系核心的相关性，但同一source_id不得重复计分。,保护因素必须明确限制过用、补足缺位、恢复顺序、打开反馈、落实改变或完成修复回流；不能只凭五行相生补写现实效果。,近位提高进入亲密关系核心的概率；远位只作背景、阶段或条件性修正。,根气只修正该保护功能是否容易重复调用，不等于现实中已经形成稳定保护。,旺弱只修正调用强度与承载；强不自动有效，弱也不自动无效。,喜忌只修正摩擦、平衡与承载，不可直接翻译为好坏、成熟度或解决方案。,原十神功能有效；真合化成立时按化神功能替换，合化争议时停止定性。,近位提高直接相关性；远位仅保留背景、阶段或低置信修正。,99,边界／停止,boundary_note,环境改善不等于关系能力自动提升；需区分暂时减压和长期改变。,需要注意：环境改善不等于关系能力自动提升；需区分暂时减压和长期改变。,不得仅凭本规则断定问题已经解决、关系必然稳定、用户一定成熟、某十神天然是“药”、喜用神自动等于解决办法，或淡化暴力、强迫与现实伤害；现实行为、反例、安全事实和专业支持优先。,高,待验证,,provisional=true；保护因素的现实有效性必须由可观察行为、反馈和持续结果验证。,0.8
M4-BUFFER-469,OS06 专业咨询、治疗或督导｜现实支持定义,L10 外部支持与现实证据,BUFFER-现实支持,通用,定义,OS06 专业咨询、治疗或督导,定义外部支持输入。,由合格专业人员提供评估、技能训练、心理支持、医疗或关系咨询。,仅由命盘推测或没有现实来源。,由共享基础引擎提供；仅修正保护功能的承载、持续调用和压力状态下的稳定性，不直接等同成熟度、道德或现实行为。,由M1／M2接口提供；夫妻星、心动原型和关系门槛只说明关系议题，不单独证明保护因素已经被调用或有效。,由M3-BASE及M4各模块提供；日支、日柱近位可提高与亲密关系核心的相关性，但同一source_id不得重复计分。,保护因素必须明确限制过用、补足缺位、恢复顺序、打开反馈、落实改变或完成修复回流；不能只凭五行相生补写现实效果。,近位提高进入亲密关系核心的概率；远位只作背景、阶段或条件性修正。,根气只修正该保护功能是否容易重复调用，不等于现实中已经形成稳定保护。,旺弱只修正调用强度与承载；强不自动有效，弱也不自动无效。,喜忌只修正摩擦、平衡与承载，不可直接翻译为好坏、成熟度或解决方案。,原十神功能有效；真合化成立时按化神功能替换，合化争议时停止定性。,近位提高直接相关性；远位仅保留背景、阶段或低置信修正。,95,现实输入+0,external_support,由合格专业人员提供评估、技能训练、心理支持、医疗或关系咨询。,现实中可利用的支持包括：由合格专业人员提供评估、技能训练、心理支持、医疗或关系咨询。,不得仅凭本规则断定问题已经解决、关系必然稳定、用户一定成熟、某十神天然是“药”、喜用神自动等于解决办法，或淡化暴力、强迫与现实伤害；现实行为、反例、安全事实和专业支持优先。,高,待验证,,provisional=true；保护因素的现实有效性必须由可观察行为、反馈和持续结果验证。,0.8
M4-BUFFER-470,OS06 专业咨询、治疗或督导｜适用情境,L10 外部支持与现实证据,BUFFER-现实支持,通用,路由,OS06 专业咨询、治疗或督导,说明何时调用该支持。,当个人与伴侣资源不足、循环反复或影响显著时，提供外部结构和专业反馈。,功能与当前风险靶点不匹配。,由共享基础引擎提供；仅修正保护功能的承载、持续调用和压力状态下的稳定性，不直接等同成熟度、道德或现实行为。,由M1／M2接口提供；夫妻星、心动原型和关系门槛只说明关系议题，不单独证明保护因素已经被调用或有效。,由M3-BASE及M4各模块提供；日支、日柱近位可提高与亲密关系核心的相关性，但同一source_id不得重复计分。,保护因素必须明确限制过用、补足缺位、恢复顺序、打开反馈、落实改变或完成修复回流；不能只凭五行相生补写现实效果。,近位提高进入亲密关系核心的概率；远位只作背景、阶段或条件性修正。,根气只修正该保护功能是否容易重复调用，不等于现实中已经形成稳定保护。,旺弱只修正调用强度与承载；强不自动有效，弱也不自动无效。,喜忌只修正摩擦、平衡与承载，不可直接翻译为好坏、成熟度或解决方案。,原十神功能有效；真合化成立时按化神功能替换，合化争议时停止定性。,近位提高直接相关性；远位仅保留背景、阶段或低置信修正。,91,匹配+5,buffer_target,当个人与伴侣资源不足、循环反复或影响显著时，提供外部结构和专业反馈。,这类支持更适合用于：当个人与伴侣资源不足、循环反复或影响显著时，提供外部结构和专业反馈。,不得仅凭本规则断定问题已经解决、关系必然稳定、用户一定成熟、某十神天然是“药”、喜用神自动等于解决办法，或淡化暴力、强迫与现实伤害；现实行为、反例、安全事实和专业支持优先。,中高,待验证,,provisional=true；保护因素的现实有效性必须由可观察行为、反馈和持续结果验证。,0.8
M4-BUFFER-471,OS06 专业咨询、治疗或督导｜有效证据,L10 外部支持与现实证据,BUFFER-现实支持,通用,效果,OS06 专业咨询、治疗或督导,判断外部支持是否真实改变风险链。,现实中已参与并产生可观察改变时，可作为BF08与BL4以上证据。,模型不能诊断疾病、指定治疗或保证效果；应以专业评估为准。,由共享基础引擎提供；仅修正保护功能的承载、持续调用和压力状态下的稳定性，不直接等同成熟度、道德或现实行为。,由M1／M2接口提供；夫妻星、心动原型和关系门槛只说明关系议题，不单独证明保护因素已经被调用或有效。,由M3-BASE及M4各模块提供；日支、日柱近位可提高与亲密关系核心的相关性，但同一source_id不得重复计分。,保护因素必须明确限制过用、补足缺位、恢复顺序、打开反馈、落实改变或完成修复回流；不能只凭五行相生补写现实效果。,近位提高进入亲密关系核心的概率；远位只作背景、阶段或条件性修正。,根气只修正该保护功能是否容易重复调用，不等于现实中已经形成稳定保护。,旺弱只修正调用强度与承载；强不自动有效，弱也不自动无效。,喜忌只修正摩擦、平衡与承载，不可直接翻译为好坏、成熟度或解决方案。,原十神功能有效；真合化成立时按化神功能替换，合化争议时停止定性。,近位提高直接相关性；远位仅保留背景、阶段或低置信修正。,93,现实有效+12,buffer_level,现实中已参与并产生可观察改变时，可作为BF08与BL4以上证据。,真正有效时会看到：现实中已参与并产生可观察改变时，可作为BF08与BL4以上证据。,不得仅凭本规则断定问题已经解决、关系必然稳定、用户一定成熟、某十神天然是“药”、喜用神自动等于解决办法，或淡化暴力、强迫与现实伤害；现实行为、反例、安全事实和专业支持优先。,中高,待验证,,provisional=true；保护因素的现实有效性必须由可观察行为、反馈和持续结果验证。,0.8
M4-BUFFER-472,OS06 专业咨询、治疗或督导｜使用边界,L10 外部支持与现实证据,BUFFER-现实支持,通用,边界,OS06 专业咨询、治疗或督导,限制外部支持推断。,模型不能诊断疾病、指定治疗或保证效果；应以专业评估为准。,现实专业或安全评估明确支持更强行动。,由共享基础引擎提供；仅修正保护功能的承载、持续调用和压力状态下的稳定性，不直接等同成熟度、道德或现实行为。,由M1／M2接口提供；夫妻星、心动原型和关系门槛只说明关系议题，不单独证明保护因素已经被调用或有效。,由M3-BASE及M4各模块提供；日支、日柱近位可提高与亲密关系核心的相关性，但同一source_id不得重复计分。,保护因素必须明确限制过用、补足缺位、恢复顺序、打开反馈、落实改变或完成修复回流；不能只凭五行相生补写现实效果。,近位提高进入亲密关系核心的概率；远位只作背景、阶段或条件性修正。,根气只修正该保护功能是否容易重复调用，不等于现实中已经形成稳定保护。,旺弱只修正调用强度与承载；强不自动有效，弱也不自动无效。,喜忌只修正摩擦、平衡与承载，不可直接翻译为好坏、成熟度或解决方案。,原十神功能有效；真合化成立时按化神功能替换，合化争议时停止定性。,近位提高直接相关性；远位仅保留背景、阶段或低置信修正。,99,边界／停止,boundary_note,模型不能诊断疾病、指定治疗或保证效果；应以专业评估为准。,需要注意：模型不能诊断疾病、指定治疗或保证效果；应以专业评估为准。,不得仅凭本规则断定问题已经解决、关系必然稳定、用户一定成熟、某十神天然是“药”、喜用神自动等于解决办法，或淡化暴力、强迫与现实伤害；现实行为、反例、安全事实和专业支持优先。,高,待验证,,provisional=true；保护因素的现实有效性必须由可观察行为、反馈和持续结果验证。,0.8
M4-BUFFER-473,OS07 安全计划、法律与医疗支持｜现实支持定义,L10 外部支持与现实证据,BUFFER-现实支持,通用,定义,OS07 安全计划、法律与医疗支持,定义外部支持输入。,在暴力、威胁、强迫、跟踪、经济控制或人身风险中使用的现实保护资源。,仅由命盘推测或没有现实来源。,由共享基础引擎提供；仅修正保护功能的承载、持续调用和压力状态下的稳定性，不直接等同成熟度、道德或现实行为。,由M1／M2接口提供；夫妻星、心动原型和关系门槛只说明关系议题，不单独证明保护因素已经被调用或有效。,由M3-BASE及M4各模块提供；日支、日柱近位可提高与亲密关系核心的相关性，但同一source_id不得重复计分。,保护因素必须明确限制过用、补足缺位、恢复顺序、打开反馈、落实改变或完成修复回流；不能只凭五行相生补写现实效果。,近位提高进入亲密关系核心的概率；远位只作背景、阶段或条件性修正。,根气只修正该保护功能是否容易重复调用，不等于现实中已经形成稳定保护。,旺弱只修正调用强度与承载；强不自动有效，弱也不自动无效。,喜忌只修正摩擦、平衡与承载，不可直接翻译为好坏、成熟度或解决方案。,原十神功能有效；真合化成立时按化神功能替换，合化争议时停止定性。,近位提高直接相关性；远位仅保留背景、阶段或低置信修正。,95,现实输入+0,external_support,在暴力、威胁、强迫、跟踪、经济控制或人身风险中使用的现实保护资源。,现实中可利用的支持包括：在暴力、威胁、强迫、跟踪、经济控制或人身风险中使用的现实保护资源。,不得仅凭本规则断定问题已经解决、关系必然稳定、用户一定成熟、某十神天然是“药”、喜用神自动等于解决办法，或淡化暴力、强迫与现实伤害；现实行为、反例、安全事实和专业支持优先。,高,待验证,,provisional=true；保护因素的现实有效性必须由可观察行为、反馈和持续结果验证。,0.8
M4-BUFFER-474,OS07 安全计划、法律与医疗支持｜适用情境,L10 外部支持与现实证据,BUFFER-现实支持,通用,路由,OS07 安全计划、法律与医疗支持,说明何时调用该支持。,用于安全停止、责任追踪、证据保存、医疗与法律协助。,功能与当前风险靶点不匹配。,由共享基础引擎提供；仅修正保护功能的承载、持续调用和压力状态下的稳定性，不直接等同成熟度、道德或现实行为。,由M1／M2接口提供；夫妻星、心动原型和关系门槛只说明关系议题，不单独证明保护因素已经被调用或有效。,由M3-BASE及M4各模块提供；日支、日柱近位可提高与亲密关系核心的相关性，但同一source_id不得重复计分。,保护因素必须明确限制过用、补足缺位、恢复顺序、打开反馈、落实改变或完成修复回流；不能只凭五行相生补写现实效果。,近位提高进入亲密关系核心的概率；远位只作背景、阶段或条件性修正。,根气只修正该保护功能是否容易重复调用，不等于现实中已经形成稳定保护。,旺弱只修正调用强度与承载；强不自动有效，弱也不自动无效。,喜忌只修正摩擦、平衡与承载，不可直接翻译为好坏、成熟度或解决方案。,原十神功能有效；真合化成立时按化神功能替换，合化争议时停止定性。,近位提高直接相关性；远位仅保留背景、阶段或低置信修正。,91,匹配+5,buffer_target,用于安全停止、责任追踪、证据保存、医疗与法律协助。,这类支持更适合用于：用于安全停止、责任追踪、证据保存、医疗与法律协助。,不得仅凭本规则断定问题已经解决、关系必然稳定、用户一定成熟、某十神天然是“药”、喜用神自动等于解决办法，或淡化暴力、强迫与现实伤害；现实行为、反例、安全事实和专业支持优先。,中高,待验证,,provisional=true；保护因素的现实有效性必须由可观察行为、反馈和持续结果验证。,0.8
M4-BUFFER-475,OS07 安全计划、法律与医疗支持｜有效证据,L10 外部支持与现实证据,BUFFER-现实支持,通用,效果,OS07 安全计划、法律与医疗支持,判断外部支持是否真实改变风险链。,该类支持优先于普通关系调节，不参与“双方循环”平均责任。,不得建议继续暴露、私下协商或以命理化解替代安全措施。,由共享基础引擎提供；仅修正保护功能的承载、持续调用和压力状态下的稳定性，不直接等同成熟度、道德或现实行为。,由M1／M2接口提供；夫妻星、心动原型和关系门槛只说明关系议题，不单独证明保护因素已经被调用或有效。,由M3-BASE及M4各模块提供；日支、日柱近位可提高与亲密关系核心的相关性，但同一source_id不得重复计分。,保护因素必须明确限制过用、补足缺位、恢复顺序、打开反馈、落实改变或完成修复回流；不能只凭五行相生补写现实效果。,近位提高进入亲密关系核心的概率；远位只作背景、阶段或条件性修正。,根气只修正该保护功能是否容易重复调用，不等于现实中已经形成稳定保护。,旺弱只修正调用强度与承载；强不自动有效，弱也不自动无效。,喜忌只修正摩擦、平衡与承载，不可直接翻译为好坏、成熟度或解决方案。,原十神功能有效；真合化成立时按化神功能替换，合化争议时停止定性。,近位提高直接相关性；远位仅保留背景、阶段或低置信修正。,93,现实有效+12,buffer_level,该类支持优先于普通关系调节，不参与“双方循环”平均责任。,真正有效时会看到：该类支持优先于普通关系调节，不参与“双方循环”平均责任。,不得仅凭本规则断定问题已经解决、关系必然稳定、用户一定成熟、某十神天然是“药”、喜用神自动等于解决办法，或淡化暴力、强迫与现实伤害；现实行为、反例、安全事实和专业支持优先。,中高,待验证,,provisional=true；保护因素的现实有效性必须由可观察行为、反馈和持续结果验证。,0.8
M4-BUFFER-476,OS07 安全计划、法律与医疗支持｜使用边界,L10 外部支持与现实证据,BUFFER-现实支持,通用,边界,OS07 安全计划、法律与医疗支持,限制外部支持推断。,不得建议继续暴露、私下协商或以命理化解替代安全措施。,现实专业或安全评估明确支持更强行动。,由共享基础引擎提供；仅修正保护功能的承载、持续调用和压力状态下的稳定性，不直接等同成熟度、道德或现实行为。,由M1／M2接口提供；夫妻星、心动原型和关系门槛只说明关系议题，不单独证明保护因素已经被调用或有效。,由M3-BASE及M4各模块提供；日支、日柱近位可提高与亲密关系核心的相关性，但同一source_id不得重复计分。,保护因素必须明确限制过用、补足缺位、恢复顺序、打开反馈、落实改变或完成修复回流；不能只凭五行相生补写现实效果。,近位提高进入亲密关系核心的概率；远位只作背景、阶段或条件性修正。,根气只修正该保护功能是否容易重复调用，不等于现实中已经形成稳定保护。,旺弱只修正调用强度与承载；强不自动有效，弱也不自动无效。,喜忌只修正摩擦、平衡与承载，不可直接翻译为好坏、成熟度或解决方案。,原十神功能有效；真合化成立时按化神功能替换，合化争议时停止定性。,近位提高直接相关性；远位仅保留背景、阶段或低置信修正。,99,边界／停止,boundary_note,不得建议继续暴露、私下协商或以命理化解替代安全措施。,需要注意：不得建议继续暴露、私下协商或以命理化解替代安全措施。,不得仅凭本规则断定问题已经解决、关系必然稳定、用户一定成熟、某十神天然是“药”、喜用神自动等于解决办法，或淡化暴力、强迫与现实伤害；现实行为、反例、安全事实和专业支持优先。,高,待验证,,provisional=true；保护因素的现实有效性必须由可观察行为、反馈和持续结果验证。,0.8
M4-BUFFER-477,OS08 主动退出、降低暴露与关系降级｜现实支持定义,L10 外部支持与现实证据,BUFFER-现实支持,通用,定义,OS08 主动退出、降低暴露与关系降级,定义外部支持输入。,在风险持续、边界反复被越过或修复无效时，减少接触、暂停或结束关系。,仅由命盘推测或没有现实来源。,由共享基础引擎提供；仅修正保护功能的承载、持续调用和压力状态下的稳定性，不直接等同成熟度、道德或现实行为。,由M1／M2接口提供；夫妻星、心动原型和关系门槛只说明关系议题，不单独证明保护因素已经被调用或有效。,由M3-BASE及M4各模块提供；日支、日柱近位可提高与亲密关系核心的相关性，但同一source_id不得重复计分。,保护因素必须明确限制过用、补足缺位、恢复顺序、打开反馈、落实改变或完成修复回流；不能只凭五行相生补写现实效果。,近位提高进入亲密关系核心的概率；远位只作背景、阶段或条件性修正。,根气只修正该保护功能是否容易重复调用，不等于现实中已经形成稳定保护。,旺弱只修正调用强度与承载；强不自动有效，弱也不自动无效。,喜忌只修正摩擦、平衡与承载，不可直接翻译为好坏、成熟度或解决方案。,原十神功能有效；真合化成立时按化神功能替换，合化争议时停止定性。,近位提高直接相关性；远位仅保留背景、阶段或低置信修正。,95,现实输入+0,external_support,在风险持续、边界反复被越过或修复无效时，减少接触、暂停或结束关系。,现实中可利用的支持包括：在风险持续、边界反复被越过或修复无效时，减少接触、暂停或结束关系。,不得仅凭本规则断定问题已经解决、关系必然稳定、用户一定成熟、某十神天然是“药”、喜用神自动等于解决办法，或淡化暴力、强迫与现实伤害；现实行为、反例、安全事实和专业支持优先。,高,待验证,,provisional=true；保护因素的现实有效性必须由可观察行为、反馈和持续结果验证。,0.8
M4-BUFFER-478,OS08 主动退出、降低暴露与关系降级｜适用情境,L10 外部支持与现实证据,BUFFER-现实支持,通用,路由,OS08 主动退出、降低暴露与关系降级,说明何时调用该支持。,用于保护选择权、安全和现实资源，并停止不必要的循环暴露。,功能与当前风险靶点不匹配。,由共享基础引擎提供；仅修正保护功能的承载、持续调用和压力状态下的稳定性，不直接等同成熟度、道德或现实行为。,由M1／M2接口提供；夫妻星、心动原型和关系门槛只说明关系议题，不单独证明保护因素已经被调用或有效。,由M3-BASE及M4各模块提供；日支、日柱近位可提高与亲密关系核心的相关性，但同一source_id不得重复计分。,保护因素必须明确限制过用、补足缺位、恢复顺序、打开反馈、落实改变或完成修复回流；不能只凭五行相生补写现实效果。,近位提高进入亲密关系核心的概率；远位只作背景、阶段或条件性修正。,根气只修正该保护功能是否容易重复调用，不等于现实中已经形成稳定保护。,旺弱只修正调用强度与承载；强不自动有效，弱也不自动无效。,喜忌只修正摩擦、平衡与承载，不可直接翻译为好坏、成熟度或解决方案。,原十神功能有效；真合化成立时按化神功能替换，合化争议时停止定性。,近位提高直接相关性；远位仅保留背景、阶段或低置信修正。,91,匹配+5,buffer_target,用于保护选择权、安全和现实资源，并停止不必要的循环暴露。,这类支持更适合用于：用于保护选择权、安全和现实资源，并停止不必要的循环暴露。,不得仅凭本规则断定问题已经解决、关系必然稳定、用户一定成熟、某十神天然是“药”、喜用神自动等于解决办法，或淡化暴力、强迫与现实伤害；现实行为、反例、安全事实和专业支持优先。,中高,待验证,,provisional=true；保护因素的现实有效性必须由可观察行为、反馈和持续结果验证。,0.8
M4-BUFFER-479,OS08 主动退出、降低暴露与关系降级｜有效证据,L10 外部支持与现实证据,BUFFER-现实支持,通用,效果,OS08 主动退出、降低暴露与关系降级,判断外部支持是否真实改变风险链。,退出或降级本身可以是有效保护，不要求关系必须恢复。,是否退出由当事人基于现实情况决定；命理不能强制继续或结束关系。,由共享基础引擎提供；仅修正保护功能的承载、持续调用和压力状态下的稳定性，不直接等同成熟度、道德或现实行为。,由M1／M2接口提供；夫妻星、心动原型和关系门槛只说明关系议题，不单独证明保护因素已经被调用或有效。,由M3-BASE及M4各模块提供；日支、日柱近位可提高与亲密关系核心的相关性，但同一source_id不得重复计分。,保护因素必须明确限制过用、补足缺位、恢复顺序、打开反馈、落实改变或完成修复回流；不能只凭五行相生补写现实效果。,近位提高进入亲密关系核心的概率；远位只作背景、阶段或条件性修正。,根气只修正该保护功能是否容易重复调用，不等于现实中已经形成稳定保护。,旺弱只修正调用强度与承载；强不自动有效，弱也不自动无效。,喜忌只修正摩擦、平衡与承载，不可直接翻译为好坏、成熟度或解决方案。,原十神功能有效；真合化成立时按化神功能替换，合化争议时停止定性。,近位提高直接相关性；远位仅保留背景、阶段或低置信修正。,93,现实有效+12,buffer_level,退出或降级本身可以是有效保护，不要求关系必须恢复。,真正有效时会看到：退出或降级本身可以是有效保护，不要求关系必须恢复。,不得仅凭本规则断定问题已经解决、关系必然稳定、用户一定成熟、某十神天然是“药”、喜用神自动等于解决办法，或淡化暴力、强迫与现实伤害；现实行为、反例、安全事实和专业支持优先。,中高,待验证,,provisional=true；保护因素的现实有效性必须由可观察行为、反馈和持续结果验证。,0.8
M4-BUFFER-480,OS08 主动退出、降低暴露与关系降级｜使用边界,L10 外部支持与现实证据,BUFFER-现实支持,通用,边界,OS08 主动退出、降低暴露与关系降级,限制外部支持推断。,是否退出由当事人基于现实情况决定；命理不能强制继续或结束关系。,现实专业或安全评估明确支持更强行动。,由共享基础引擎提供；仅修正保护功能的承载、持续调用和压力状态下的稳定性，不直接等同成熟度、道德或现实行为。,由M1／M2接口提供；夫妻星、心动原型和关系门槛只说明关系议题，不单独证明保护因素已经被调用或有效。,由M3-BASE及M4各模块提供；日支、日柱近位可提高与亲密关系核心的相关性，但同一source_id不得重复计分。,保护因素必须明确限制过用、补足缺位、恢复顺序、打开反馈、落实改变或完成修复回流；不能只凭五行相生补写现实效果。,近位提高进入亲密关系核心的概率；远位只作背景、阶段或条件性修正。,根气只修正该保护功能是否容易重复调用，不等于现实中已经形成稳定保护。,旺弱只修正调用强度与承载；强不自动有效，弱也不自动无效。,喜忌只修正摩擦、平衡与承载，不可直接翻译为好坏、成熟度或解决方案。,原十神功能有效；真合化成立时按化神功能替换，合化争议时停止定性。,近位提高直接相关性；远位仅保留背景、阶段或低置信修正。,99,边界／停止,boundary_note,是否退出由当事人基于现实情况决定；命理不能强制继续或结束关系。,需要注意：是否退出由当事人基于现实情况决定；命理不能强制继续或结束关系。,不得仅凭本规则断定问题已经解决、关系必然稳定、用户一定成熟、某十神天然是“药”、喜用神自动等于解决办法，或淡化暴力、强迫与现实伤害；现实行为、反例、安全事实和专业支持优先。,高,待验证,,provisional=true；保护因素的现实有效性必须由可观察行为、反馈和持续结果验证。,0.8
M4-BUFFER-481,M4-BASE接口｜保护必须针对已成立失衡候选,L11 跨模块接口与去重,BUFFER-合成接口,通用,接口,跨模块接口,,M4-BASE已经形成E1结构候选。,没有明确正常功能与失衡方式。,由共享基础引擎提供；仅修正保护功能的承载、持续调用和压力状态下的稳定性，不直接等同成熟度、道德或现实行为。,由M1／M2接口提供；夫妻星、心动原型和关系门槛只说明关系议题，不单独证明保护因素已经被调用或有效。,由M3-BASE及M4各模块提供；日支、日柱近位可提高与亲密关系核心的相关性，但同一source_id不得重复计分。,保护因素必须明确限制过用、补足缺位、恢复顺序、打开反馈、落实改变或完成修复回流；不能只凭五行相生补写现实效果。,近位提高进入亲密关系核心的概率；远位只作背景、阶段或条件性修正。,根气只修正该保护功能是否容易重复调用，不等于现实中已经形成稳定保护。,旺弱只修正调用强度与承载；强不自动有效，弱也不自动无效。,喜忌只修正摩擦、平衡与承载，不可直接翻译为好坏、成熟度或解决方案。,原十神功能有效；真合化成立时按化神功能替换，合化争议时停止定性。,近位提高直接相关性；远位仅保留背景、阶段或低置信修正。,98,不加分；路由／去重,interface_log,BF只对已定义的失衡靶点生效。,先确认哪项正常功能怎样失衡，再匹配保护因素。,不得仅凭本规则断定问题已经解决、关系必然稳定、用户一定成熟、某十神天然是“药”、喜用神自动等于解决办法，或淡化暴力、强迫与现实伤害；现实行为、反例、安全事实和专业支持优先。,高,待验证,,provisional=true；保护因素的现实有效性必须由可观察行为、反馈和持续结果验证。,0.8
M4-BUFFER-482,M4-MISREAD接口｜验证证据优先于增加解释,L11 跨模块接口与去重,BUFFER-合成接口,通用,接口,跨模块接口,,M4-MISREAD已识别J01—J10证据越级。,继续用命理标签补充更多同源证明。,由共享基础引擎提供；仅修正保护功能的承载、持续调用和压力状态下的稳定性，不直接等同成熟度、道德或现实行为。,由M1／M2接口提供；夫妻星、心动原型和关系门槛只说明关系议题，不单独证明保护因素已经被调用或有效。,由M3-BASE及M4各模块提供；日支、日柱近位可提高与亲密关系核心的相关性，但同一source_id不得重复计分。,保护因素必须明确限制过用、补足缺位、恢复顺序、打开反馈、落实改变或完成修复回流；不能只凭五行相生补写现实效果。,近位提高进入亲密关系核心的概率；远位只作背景、阶段或条件性修正。,根气只修正该保护功能是否容易重复调用，不等于现实中已经形成稳定保护。,旺弱只修正调用强度与承载；强不自动有效，弱也不自动无效。,喜忌只修正摩擦、平衡与承载，不可直接翻译为好坏、成熟度或解决方案。,原十神功能有效；真合化成立时按化神功能替换，合化争议时停止定性。,近位提高直接相关性；远位仅保留背景、阶段或低置信修正。,98,不加分；路由／去重,interface_log,优先用BF06现实行为、OS01反例和OS02反馈校验误读。,面对证据误读，最有效的保护通常是增加现实验证，而不是增加解释。,不得仅凭本规则断定问题已经解决、关系必然稳定、用户一定成熟、某十神天然是“药”、喜用神自动等于解决办法，或淡化暴力、强迫与现实伤害；现实行为、反例、安全事实和专业支持优先。,高,待验证,,provisional=true；保护因素的现实有效性必须由可观察行为、反馈和持续结果验证。,0.8
M4-BUFFER-483,M4-OVERUSE接口｜K机制决定保护任务,L11 跨模块接口与去重,BUFFER-合成接口,通用,接口,跨模块接口,,K01—K08至少一项达到E1。,没有K机制却直接配置“药”。,由共享基础引擎提供；仅修正保护功能的承载、持续调用和压力状态下的稳定性，不直接等同成熟度、道德或现实行为。,由M1／M2接口提供；夫妻星、心动原型和关系门槛只说明关系议题，不单独证明保护因素已经被调用或有效。,由M3-BASE及M4各模块提供；日支、日柱近位可提高与亲密关系核心的相关性，但同一source_id不得重复计分。,保护因素必须明确限制过用、补足缺位、恢复顺序、打开反馈、落实改变或完成修复回流；不能只凭五行相生补写现实效果。,近位提高进入亲密关系核心的概率；远位只作背景、阶段或条件性修正。,根气只修正该保护功能是否容易重复调用，不等于现实中已经形成稳定保护。,旺弱只修正调用强度与承载；强不自动有效，弱也不自动无效。,喜忌只修正摩擦、平衡与承载，不可直接翻译为好坏、成熟度或解决方案。,原十神功能有效；真合化成立时按化神功能替换，合化争议时停止定性。,近位提高直接相关性；远位仅保留背景、阶段或低置信修正。,98,不加分；路由／去重,interface_log,K机制拥有保护路由主权。,保护因素要精确对应过用、不足、替代、错位、竞争、卡点、反馈或修复断链。,不得仅凭本规则断定问题已经解决、关系必然稳定、用户一定成熟、某十神天然是“药”、喜用神自动等于解决办法，或淡化暴力、强迫与现实伤害；现实行为、反例、安全事实和专业支持优先。,高,待验证,,provisional=true；保护因素的现实有效性必须由可观察行为、反馈和持续结果验证。,0.8
M4-BUFFER-484,M4-TRIGGER接口｜保护可调整阈值但不预测事件,L11 跨模块接口与去重,BUFFER-合成接口,通用,接口,跨模块接口,,TR域与触发形式已经明确。,用保护分数推断具体事件不会发生。,由共享基础引擎提供；仅修正保护功能的承载、持续调用和压力状态下的稳定性，不直接等同成熟度、道德或现实行为。,由M1／M2接口提供；夫妻星、心动原型和关系门槛只说明关系议题，不单独证明保护因素已经被调用或有效。,由M3-BASE及M4各模块提供；日支、日柱近位可提高与亲密关系核心的相关性，但同一source_id不得重复计分。,保护因素必须明确限制过用、补足缺位、恢复顺序、打开反馈、落实改变或完成修复回流；不能只凭五行相生补写现实效果。,近位提高进入亲密关系核心的概率；远位只作背景、阶段或条件性修正。,根气只修正该保护功能是否容易重复调用，不等于现实中已经形成稳定保护。,旺弱只修正调用强度与承载；强不自动有效，弱也不自动无效。,喜忌只修正摩擦、平衡与承载，不可直接翻译为好坏、成熟度或解决方案。,原十神功能有效；真合化成立时按化神功能替换，合化争议时停止定性。,近位提高直接相关性；远位仅保留背景、阶段或低置信修正。,98,不加分；路由／去重,interface_log,保护可以提高、降低或条件化触发阈值，不改变事件预测边界。,这项资源可能让某类情境更不容易启动旧反应，但不能保证事件不会发生。,不得仅凭本规则断定问题已经解决、关系必然稳定、用户一定成熟、某十神天然是“药”、喜用神自动等于解决办法，或淡化暴力、强迫与现实伤害；现实行为、反例、安全事实和专业支持优先。,高,待验证,,provisional=true；保护因素的现实有效性必须由可观察行为、反馈和持续结果验证。,0.8
M4-BUFFER-485,M4-LOOP接口｜中断循环必须有现实节点,L11 跨模块接口与去重,BUFFER-合成接口,通用,接口,跨模块接口,,LP循环已有现实反馈与复发证据。,只有命盘结构而没有对方反馈。,由共享基础引擎提供；仅修正保护功能的承载、持续调用和压力状态下的稳定性，不直接等同成熟度、道德或现实行为。,由M1／M2接口提供；夫妻星、心动原型和关系门槛只说明关系议题，不单独证明保护因素已经被调用或有效。,由M3-BASE及M4各模块提供；日支、日柱近位可提高与亲密关系核心的相关性，但同一source_id不得重复计分。,保护因素必须明确限制过用、补足缺位、恢复顺序、打开反馈、落实改变或完成修复回流；不能只凭五行相生补写现实效果。,近位提高进入亲密关系核心的概率；远位只作背景、阶段或条件性修正。,根气只修正该保护功能是否容易重复调用，不等于现实中已经形成稳定保护。,旺弱只修正调用强度与承载；强不自动有效，弱也不自动无效。,喜忌只修正摩擦、平衡与承载，不可直接翻译为好坏、成熟度或解决方案。,原十神功能有效；真合化成立时按化神功能替换，合化争议时停止定性。,近位提高直接相关性；远位仅保留背景、阶段或低置信修正。,98,不加分；路由／去重,interface_log,循环保护必须改变至少一个LN节点，并观察后续复发。,判断循环是否被中断，要看现实反馈和复发，而不是只看命局里有没有调节。,不得仅凭本规则断定问题已经解决、关系必然稳定、用户一定成熟、某十神天然是“药”、喜用神自动等于解决办法，或淡化暴力、强迫与现实伤害；现实行为、反例、安全事实和专业支持优先。,高,待验证,,provisional=true；保护因素的现实有效性必须由可观察行为、反馈和持续结果验证。,0.8
M4-BUFFER-486,M4-REPAIR接口｜保护必须补足具体RN节点,L11 跨模块接口与去重,BUFFER-合成接口,通用,接口,跨模块接口,,已识别缺失RN节点或RB盲点。,把道歉、安抚或补偿泛化为完整修复。,由共享基础引擎提供；仅修正保护功能的承载、持续调用和压力状态下的稳定性，不直接等同成熟度、道德或现实行为。,由M1／M2接口提供；夫妻星、心动原型和关系门槛只说明关系议题，不单独证明保护因素已经被调用或有效。,由M3-BASE及M4各模块提供；日支、日柱近位可提高与亲密关系核心的相关性，但同一source_id不得重复计分。,保护因素必须明确限制过用、补足缺位、恢复顺序、打开反馈、落实改变或完成修复回流；不能只凭五行相生补写现实效果。,近位提高进入亲密关系核心的概率；远位只作背景、阶段或条件性修正。,根气只修正该保护功能是否容易重复调用，不等于现实中已经形成稳定保护。,旺弱只修正调用强度与承载；强不自动有效，弱也不自动无效。,喜忌只修正摩擦、平衡与承载，不可直接翻译为好坏、成熟度或解决方案。,原十神功能有效；真合化成立时按化神功能替换，合化争议时停止定性。,近位提高直接相关性；远位仅保留背景、阶段或低置信修正。,98,不加分；路由／去重,interface_log,修复保护按缺失节点配置，并由RN07、RN08限制完成结论。,先找修复链断在哪一步，再补对应功能。,不得仅凭本规则断定问题已经解决、关系必然稳定、用户一定成熟、某十神天然是“药”、喜用神自动等于解决办法，或淡化暴力、强迫与现实伤害；现实行为、反例、安全事实和专业支持优先。,高,待验证,,provisional=true；保护因素的现实有效性必须由可观察行为、反馈和持续结果验证。,0.8
M4-BUFFER-487,M1接口｜心动信号不作为保护分,L11 跨模块接口与去重,BUFFER-合成接口,通用,接口,跨模块接口,,M1提供吸引触发和心动原型。,把喜欢成熟、会沟通、有力量的人直接当成保护。,由共享基础引擎提供；仅修正保护功能的承载、持续调用和压力状态下的稳定性，不直接等同成熟度、道德或现实行为。,由M1／M2接口提供；夫妻星、心动原型和关系门槛只说明关系议题，不单独证明保护因素已经被调用或有效。,由M3-BASE及M4各模块提供；日支、日柱近位可提高与亲密关系核心的相关性，但同一source_id不得重复计分。,保护因素必须明确限制过用、补足缺位、恢复顺序、打开反馈、落实改变或完成修复回流；不能只凭五行相生补写现实效果。,近位提高进入亲密关系核心的概率；远位只作背景、阶段或条件性修正。,根气只修正该保护功能是否容易重复调用，不等于现实中已经形成稳定保护。,旺弱只修正调用强度与承载；强不自动有效，弱也不自动无效。,喜忌只修正摩擦、平衡与承载，不可直接翻译为好坏、成熟度或解决方案。,原十神功能有效；真合化成立时按化神功能替换，合化争议时停止定性。,近位提高直接相关性；远位仅保留背景、阶段或低置信修正。,98,不加分；路由／去重,interface_log,M1只用于识别可能被高估的信号，不增加BUFFER分。,让你心动的特质不一定能在关系里发挥保护作用。,不得仅凭本规则断定问题已经解决、关系必然稳定、用户一定成熟、某十神天然是“药”、喜用神自动等于解决办法，或淡化暴力、强迫与现实伤害；现实行为、反例、安全事实和专业支持优先。,高,待验证,,provisional=true；保护因素的现实有效性必须由可观察行为、反馈和持续结果验证。,0.8
M4-BUFFER-488,M2接口｜准入证据不等于调节能力,L11 跨模块接口与去重,BUFFER-合成接口,通用,接口,跨模块接口,,M2提供门槛、资格证据和确认路径。,把守约、投入或推进一次直接视为稳定保护。,由共享基础引擎提供；仅修正保护功能的承载、持续调用和压力状态下的稳定性，不直接等同成熟度、道德或现实行为。,由M1／M2接口提供；夫妻星、心动原型和关系门槛只说明关系议题，不单独证明保护因素已经被调用或有效。,由M3-BASE及M4各模块提供；日支、日柱近位可提高与亲密关系核心的相关性，但同一source_id不得重复计分。,保护因素必须明确限制过用、补足缺位、恢复顺序、打开反馈、落实改变或完成修复回流；不能只凭五行相生补写现实效果。,近位提高进入亲密关系核心的概率；远位只作背景、阶段或条件性修正。,根气只修正该保护功能是否容易重复调用，不等于现实中已经形成稳定保护。,旺弱只修正调用强度与承载；强不自动有效，弱也不自动无效。,喜忌只修正摩擦、平衡与承载，不可直接翻译为好坏、成熟度或解决方案。,原十神功能有效；真合化成立时按化神功能替换，合化争议时停止定性。,近位提高直接相关性；远位仅保留背景、阶段或低置信修正。,98,不加分；路由／去重,interface_log,M2证据需经M3功能和现实重复验证后才可进入BF06。,通过关系门槛的表现，还需要继续看能否在相处和修复中稳定使用。,不得仅凭本规则断定问题已经解决、关系必然稳定、用户一定成熟、某十神天然是“药”、喜用神自动等于解决办法，或淡化暴力、强迫与现实伤害；现实行为、反例、安全事实和专业支持优先。,高,待验证,,provisional=true；保护因素的现实有效性必须由可观察行为、反馈和持续结果验证。,0.8
M4-BUFFER-489,M3-BASE／EXPR接口｜中性功能只提供资源来源,L11 跨模块接口与去重,BUFFER-合成接口,通用,接口,跨模块接口,,M3已确定底盘和表达通道。,将M3中性通道直接贴成药或风险已解除。,由共享基础引擎提供；仅修正保护功能的承载、持续调用和压力状态下的稳定性，不直接等同成熟度、道德或现实行为。,由M1／M2接口提供；夫妻星、心动原型和关系门槛只说明关系议题，不单独证明保护因素已经被调用或有效。,由M3-BASE及M4各模块提供；日支、日柱近位可提高与亲密关系核心的相关性，但同一source_id不得重复计分。,保护因素必须明确限制过用、补足缺位、恢复顺序、打开反馈、落实改变或完成修复回流；不能只凭五行相生补写现实效果。,近位提高进入亲密关系核心的概率；远位只作背景、阶段或条件性修正。,根气只修正该保护功能是否容易重复调用，不等于现实中已经形成稳定保护。,旺弱只修正调用强度与承载；强不自动有效，弱也不自动无效。,喜忌只修正摩擦、平衡与承载，不可直接翻译为好坏、成熟度或解决方案。,原十神功能有效；真合化成立时按化神功能替换，合化争议时停止定性。,近位提高直接相关性；远位仅保留背景、阶段或低置信修正。,98,不加分；路由／去重,interface_log,M3说明资源来源；BUFFER判断是否匹配靶点、可调用和有效。,你原本的表达或相处能力可以成为资源，但是否有保护作用要看具体问题和实际效果。,不得仅凭本规则断定问题已经解决、关系必然稳定、用户一定成熟、某十神天然是“药”、喜用神自动等于解决办法，或淡化暴力、强迫与现实伤害；现实行为、反例、安全事实和专业支持优先。,高,待验证,,provisional=true；保护因素的现实有效性必须由可观察行为、反馈和持续结果验证。,0.8
M4-BUFFER-490,M3-CARE／BOUND接口｜投入与边界分别验证,L11 跨模块接口与去重,BUFFER-合成接口,通用,接口,跨模块接口,,M3已确定支持交换和边界通道。,用付出量替代边界、反馈或双向修复。,由共享基础引擎提供；仅修正保护功能的承载、持续调用和压力状态下的稳定性，不直接等同成熟度、道德或现实行为。,由M1／M2接口提供；夫妻星、心动原型和关系门槛只说明关系议题，不单独证明保护因素已经被调用或有效。,由M3-BASE及M4各模块提供；日支、日柱近位可提高与亲密关系核心的相关性，但同一source_id不得重复计分。,保护因素必须明确限制过用、补足缺位、恢复顺序、打开反馈、落实改变或完成修复回流；不能只凭五行相生补写现实效果。,近位提高进入亲密关系核心的概率；远位只作背景、阶段或条件性修正。,根气只修正该保护功能是否容易重复调用，不等于现实中已经形成稳定保护。,旺弱只修正调用强度与承载；强不自动有效，弱也不自动无效。,喜忌只修正摩擦、平衡与承载，不可直接翻译为好坏、成熟度或解决方案。,原十神功能有效；真合化成立时按化神功能替换，合化争议时停止定性。,近位提高直接相关性；远位仅保留背景、阶段或低置信修正。,98,不加分；路由／去重,interface_log,CARE提供落实资源，BOUND提供选择权；同源事实需去重。,付出和边界是不同任务，只有各自进入，保护链才更完整。,不得仅凭本规则断定问题已经解决、关系必然稳定、用户一定成熟、某十神天然是“药”、喜用神自动等于解决办法，或淡化暴力、强迫与现实伤害；现实行为、反例、安全事实和专业支持优先。,高,待验证,,provisional=true；保护因素的现实有效性必须由可观察行为、反馈和持续结果验证。,0.8
M4-BUFFER-491,M3-CONFLICT及未来REPAIR／STATE接口,L11 跨模块接口与去重,BUFFER-合成接口,通用,接口,跨模块接口,,已有分歧顺序；M3-REPAIR和STATE尚待建设。,把暂定状态切换与修复风格写成最终结论。,由共享基础引擎提供；仅修正保护功能的承载、持续调用和压力状态下的稳定性，不直接等同成熟度、道德或现实行为。,由M1／M2接口提供；夫妻星、心动原型和关系门槛只说明关系议题，不单独证明保护因素已经被调用或有效。,由M3-BASE及M4各模块提供；日支、日柱近位可提高与亲密关系核心的相关性，但同一source_id不得重复计分。,保护因素必须明确限制过用、补足缺位、恢复顺序、打开反馈、落实改变或完成修复回流；不能只凭五行相生补写现实效果。,近位提高进入亲密关系核心的概率；远位只作背景、阶段或条件性修正。,根气只修正该保护功能是否容易重复调用，不等于现实中已经形成稳定保护。,旺弱只修正调用强度与承载；强不自动有效，弱也不自动无效。,喜忌只修正摩擦、平衡与承载，不可直接翻译为好坏、成熟度或解决方案。,原十神功能有效；真合化成立时按化神功能替换，合化争议时停止定性。,近位提高直接相关性；远位仅保留背景、阶段或低置信修正。,98,不加分；路由／去重,interface_log,当前只继承CONFLICT；修复和状态接口保持provisional。,现在能看到冲突处理资源，但完整修复和状态切换还需后续模块校准。,不得仅凭本规则断定问题已经解决、关系必然稳定、用户一定成熟、某十神天然是“药”、喜用神自动等于解决办法，或淡化暴力、强迫与现实伤害；现实行为、反例、安全事实和专业支持优先。,高,待验证,,provisional=true；保护因素的现实有效性必须由可观察行为、反馈和持续结果验证。,0.8
M4-BUFFER-492,共享引擎、M5与去重接口,L11 跨模块接口与去重,BUFFER-合成接口,通用,接口,跨模块接口,,所有事实保留source_id，最终适配交M5。,重复计算同一事实，或由保护因素直接推荐伴侣类型。,由共享基础引擎提供；仅修正保护功能的承载、持续调用和压力状态下的稳定性，不直接等同成熟度、道德或现实行为。,由M1／M2接口提供；夫妻星、心动原型和关系门槛只说明关系议题，不单独证明保护因素已经被调用或有效。,由M3-BASE及M4各模块提供；日支、日柱近位可提高与亲密关系核心的相关性，但同一source_id不得重复计分。,保护因素必须明确限制过用、补足缺位、恢复顺序、打开反馈、落实改变或完成修复回流；不能只凭五行相生补写现实效果。,近位提高进入亲密关系核心的概率；远位只作背景、阶段或条件性修正。,根气只修正该保护功能是否容易重复调用，不等于现实中已经形成稳定保护。,旺弱只修正调用强度与承载；强不自动有效，弱也不自动无效。,喜忌只修正摩擦、平衡与承载，不可直接翻译为好坏、成熟度或解决方案。,原十神功能有效；真合化成立时按化神功能替换，合化争议时停止定性。,近位提高直接相关性；远位仅保留背景、阶段或低置信修正。,98,不加分；路由／去重,interface_log,共享引擎负责事实，BUFFER负责降权，M5负责长期适配。,这一步只说明已有的调节资源；什么关系结构更适合，要在模型五综合。,不得仅凭本规则断定问题已经解决、关系必然稳定、用户一定成熟、某十神天然是“药”、喜用神自动等于解决办法，或淡化暴力、强迫与现实伤害；现实行为、反例、安全事实和专业支持优先。,高,待验证,,provisional=true；保护因素的现实有效性必须由可观察行为、反馈和持续结果验证。,0.8
M4-BUFFER-493,结构保护基础分,L12 评分、层级与发布,BUFFER-评分置信,通用,评分,BUFFER评分,,存在独立BF结构资源且靶点匹配。,同源重复、弱远无助或功能错配。,由共享基础引擎提供；仅修正保护功能的承载、持续调用和压力状态下的稳定性，不直接等同成熟度、道德或现实行为。,由M1／M2接口提供；夫妻星、心动原型和关系门槛只说明关系议题，不单独证明保护因素已经被调用或有效。,由M3-BASE及M4各模块提供；日支、日柱近位可提高与亲密关系核心的相关性，但同一source_id不得重复计分。,保护因素必须明确限制过用、补足缺位、恢复顺序、打开反馈、落实改变或完成修复回流；不能只凭五行相生补写现实效果。,近位提高进入亲密关系核心的概率；远位只作背景、阶段或条件性修正。,根气只修正该保护功能是否容易重复调用，不等于现实中已经形成稳定保护。,旺弱只修正调用强度与承载；强不自动有效，弱也不自动无效。,喜忌只修正摩擦、平衡与承载，不可直接翻译为好坏、成熟度或解决方案。,原十神功能有效；真合化成立时按化神功能替换，合化争议时停止定性。,近位提高直接相关性；远位仅保留背景、阶段或低置信修正。,96,结构资源+8；仅用于BL2候选。,buffer_score,结构分只能说明可用候选，不得直接降低E等级。,结构分只能说明可用候选，不得直接降低E等级。,不得仅凭本规则断定问题已经解决、关系必然稳定、用户一定成熟、某十神天然是“药”、喜用神自动等于解决办法，或淡化暴力、强迫与现实伤害；现实行为、反例、安全事实和专业支持优先。,高,待验证,,provisional=true；保护因素的现实有效性必须由可观察行为、反馈和持续结果验证。,0.8
M4-BUFFER-494,独立来源加分,L12 评分、层级与发布,BUFFER-评分置信,通用,评分,BUFFER评分,,保护来源与风险来源不同source_id，或有独立现实行为。,同一事实多模块解释。,由共享基础引擎提供；仅修正保护功能的承载、持续调用和压力状态下的稳定性，不直接等同成熟度、道德或现实行为。,由M1／M2接口提供；夫妻星、心动原型和关系门槛只说明关系议题，不单独证明保护因素已经被调用或有效。,由M3-BASE及M4各模块提供；日支、日柱近位可提高与亲密关系核心的相关性，但同一source_id不得重复计分。,保护因素必须明确限制过用、补足缺位、恢复顺序、打开反馈、落实改变或完成修复回流；不能只凭五行相生补写现实效果。,近位提高进入亲密关系核心的概率；远位只作背景、阶段或条件性修正。,根气只修正该保护功能是否容易重复调用，不等于现实中已经形成稳定保护。,旺弱只修正调用强度与承载；强不自动有效，弱也不自动无效。,喜忌只修正摩擦、平衡与承载，不可直接翻译为好坏、成熟度或解决方案。,原十神功能有效；真合化成立时按化神功能替换，合化争议时停止定性。,近位提高直接相关性；远位仅保留背景、阶段或低置信修正。,96,独立来源+6。,buffer_score,独立来源提高可信度，重复解释不加分。,独立来源提高可信度，重复解释不加分。,不得仅凭本规则断定问题已经解决、关系必然稳定、用户一定成熟、某十神天然是“药”、喜用神自动等于解决办法，或淡化暴力、强迫与现实伤害；现实行为、反例、安全事实和专业支持优先。,高,待验证,,provisional=true；保护因素的现实有效性必须由可观察行为、反馈和持续结果验证。,0.8
M4-BUFFER-495,靶点匹配加分,L12 评分、层级与发布,BUFFER-评分置信,通用,评分,BUFFER评分,,保护功能直接处理主K机制、LP节点或RN缺失。,只与一般性格优点相关。,由共享基础引擎提供；仅修正保护功能的承载、持续调用和压力状态下的稳定性，不直接等同成熟度、道德或现实行为。,由M1／M2接口提供；夫妻星、心动原型和关系门槛只说明关系议题，不单独证明保护因素已经被调用或有效。,由M3-BASE及M4各模块提供；日支、日柱近位可提高与亲密关系核心的相关性，但同一source_id不得重复计分。,保护因素必须明确限制过用、补足缺位、恢复顺序、打开反馈、落实改变或完成修复回流；不能只凭五行相生补写现实效果。,近位提高进入亲密关系核心的概率；远位只作背景、阶段或条件性修正。,根气只修正该保护功能是否容易重复调用，不等于现实中已经形成稳定保护。,旺弱只修正调用强度与承载；强不自动有效，弱也不自动无效。,喜忌只修正摩擦、平衡与承载，不可直接翻译为好坏、成熟度或解决方案。,原十神功能有效；真合化成立时按化神功能替换，合化争议时停止定性。,近位提高直接相关性；远位仅保留背景、阶段或低置信修正。,96,靶点匹配+6。,buffer_score,保护必须对准具体关系任务。,保护必须对准具体关系任务。,不得仅凭本规则断定问题已经解决、关系必然稳定、用户一定成熟、某十神天然是“药”、喜用神自动等于解决办法，或淡化暴力、强迫与现实伤害；现实行为、反例、安全事实和专业支持优先。,高,待验证,,provisional=true；保护因素的现实有效性必须由可观察行为、反馈和持续结果验证。,0.8
M4-BUFFER-496,现实启动加分,L12 评分、层级与发布,BUFFER-评分置信,通用,评分,BUFFER评分,,具体事件中保护功能被调用。,只有自述、知识或计划。,由共享基础引擎提供；仅修正保护功能的承载、持续调用和压力状态下的稳定性，不直接等同成熟度、道德或现实行为。,由M1／M2接口提供；夫妻星、心动原型和关系门槛只说明关系议题，不单独证明保护因素已经被调用或有效。,由M3-BASE及M4各模块提供；日支、日柱近位可提高与亲密关系核心的相关性，但同一source_id不得重复计分。,保护因素必须明确限制过用、补足缺位、恢复顺序、打开反馈、落实改变或完成修复回流；不能只凭五行相生补写现实效果。,近位提高进入亲密关系核心的概率；远位只作背景、阶段或条件性修正。,根气只修正该保护功能是否容易重复调用，不等于现实中已经形成稳定保护。,旺弱只修正调用强度与承载；强不自动有效，弱也不自动无效。,喜忌只修正摩擦、平衡与承载，不可直接翻译为好坏、成熟度或解决方案。,原十神功能有效；真合化成立时按化神功能替换，合化争议时停止定性。,近位提高直接相关性；远位仅保留背景、阶段或低置信修正。,96,现实启动+12。,buffer_score,行为启动才能从结构资源升级。,行为启动才能从结构资源升级。,不得仅凭本规则断定问题已经解决、关系必然稳定、用户一定成熟、某十神天然是“药”、喜用神自动等于解决办法，或淡化暴力、强迫与现实伤害；现实行为、反例、安全事实和专业支持优先。,高,待验证,,provisional=true；保护因素的现实有效性必须由可观察行为、反馈和持续结果验证。,0.8
M4-BUFFER-497,实际效果加分,L12 评分、层级与发布,BUFFER-评分置信,通用,评分,BUFFER评分,,保护明确改变顺序、反馈、边界、行动或修复。,动作发生但风险链未变。,由共享基础引擎提供；仅修正保护功能的承载、持续调用和压力状态下的稳定性，不直接等同成熟度、道德或现实行为。,由M1／M2接口提供；夫妻星、心动原型和关系门槛只说明关系议题，不单独证明保护因素已经被调用或有效。,由M3-BASE及M4各模块提供；日支、日柱近位可提高与亲密关系核心的相关性，但同一source_id不得重复计分。,保护因素必须明确限制过用、补足缺位、恢复顺序、打开反馈、落实改变或完成修复回流；不能只凭五行相生补写现实效果。,近位提高进入亲密关系核心的概率；远位只作背景、阶段或条件性修正。,根气只修正该保护功能是否容易重复调用，不等于现实中已经形成稳定保护。,旺弱只修正调用强度与承载；强不自动有效，弱也不自动无效。,喜忌只修正摩擦、平衡与承载，不可直接翻译为好坏、成熟度或解决方案。,原十神功能有效；真合化成立时按化神功能替换，合化争议时停止定性。,近位提高直接相关性；远位仅保留背景、阶段或低置信修正。,96,实际效果+14。,buffer_score,有效性以链条变化为准。,有效性以链条变化为准。,不得仅凭本规则断定问题已经解决、关系必然稳定、用户一定成熟、某十神天然是“药”、喜用神自动等于解决办法，或淡化暴力、强迫与现实伤害；现实行为、反例、安全事实和专业支持优先。,高,待验证,,provisional=true；保护因素的现实有效性必须由可观察行为、反馈和持续结果验证。,0.8
M4-BUFFER-498,跨情境稳定加分,L12 评分、层级与发布,BUFFER-评分置信,通用,评分,BUFFER评分,,至少两个独立情境重复有效。,只有一次低代价成功。,由共享基础引擎提供；仅修正保护功能的承载、持续调用和压力状态下的稳定性，不直接等同成熟度、道德或现实行为。,由M1／M2接口提供；夫妻星、心动原型和关系门槛只说明关系议题，不单独证明保护因素已经被调用或有效。,由M3-BASE及M4各模块提供；日支、日柱近位可提高与亲密关系核心的相关性，但同一source_id不得重复计分。,保护因素必须明确限制过用、补足缺位、恢复顺序、打开反馈、落实改变或完成修复回流；不能只凭五行相生补写现实效果。,近位提高进入亲密关系核心的概率；远位只作背景、阶段或条件性修正。,根气只修正该保护功能是否容易重复调用，不等于现实中已经形成稳定保护。,旺弱只修正调用强度与承载；强不自动有效，弱也不自动无效。,喜忌只修正摩擦、平衡与承载，不可直接翻译为好坏、成熟度或解决方案。,原十神功能有效；真合化成立时按化神功能替换，合化争议时停止定性。,近位提高直接相关性；远位仅保留背景、阶段或低置信修正。,96,跨情境+12。,buffer_score,重复有效才支持稳定保护。,重复有效才支持稳定保护。,不得仅凭本规则断定问题已经解决、关系必然稳定、用户一定成熟、某十神天然是“药”、喜用神自动等于解决办法，或淡化暴力、强迫与现实伤害；现实行为、反例、安全事实和专业支持优先。,高,待验证,,provisional=true；保护因素的现实有效性必须由可观察行为、反馈和持续结果验证。,0.8
M4-BUFFER-499,接收反馈与反例审查加分,L12 评分、层级与发布,BUFFER-评分置信,通用,评分,BUFFER评分,,存在对方反馈、现实反例和二次修正。,只由本人单方评价效果。,由共享基础引擎提供；仅修正保护功能的承载、持续调用和压力状态下的稳定性，不直接等同成熟度、道德或现实行为。,由M1／M2接口提供；夫妻星、心动原型和关系门槛只说明关系议题，不单独证明保护因素已经被调用或有效。,由M3-BASE及M4各模块提供；日支、日柱近位可提高与亲密关系核心的相关性，但同一source_id不得重复计分。,保护因素必须明确限制过用、补足缺位、恢复顺序、打开反馈、落实改变或完成修复回流；不能只凭五行相生补写现实效果。,近位提高进入亲密关系核心的概率；远位只作背景、阶段或条件性修正。,根气只修正该保护功能是否容易重复调用，不等于现实中已经形成稳定保护。,旺弱只修正调用强度与承载；强不自动有效，弱也不自动无效。,喜忌只修正摩擦、平衡与承载，不可直接翻译为好坏、成熟度或解决方案。,原十神功能有效；真合化成立时按化神功能替换，合化争议时停止定性。,近位提高直接相关性；远位仅保留背景、阶段或低置信修正。,96,反馈与反例+8。,buffer_score,稳定保护需要接收方和反例检验。,稳定保护需要接收方和反例检验。,不得仅凭本规则断定问题已经解决、关系必然稳定、用户一定成熟、某十神天然是“药”、喜用神自动等于解决办法，或淡化暴力、强迫与现实伤害；现实行为、反例、安全事实和专业支持优先。,高,待验证,,provisional=true；保护因素的现实有效性必须由可观察行为、反馈和持续结果验证。,0.8
M4-BUFFER-500,伪保护扣分,L12 评分、层级与发布,BUFFER-评分置信,通用,评分,BUFFER评分,,命中PB01—PB08且未满足退出条件。,伪保护已有真实反例并转为有效BF。,由共享基础引擎提供；仅修正保护功能的承载、持续调用和压力状态下的稳定性，不直接等同成熟度、道德或现实行为。,由M1／M2接口提供；夫妻星、心动原型和关系门槛只说明关系议题，不单独证明保护因素已经被调用或有效。,由M3-BASE及M4各模块提供；日支、日柱近位可提高与亲密关系核心的相关性，但同一source_id不得重复计分。,保护因素必须明确限制过用、补足缺位、恢复顺序、打开反馈、落实改变或完成修复回流；不能只凭五行相生补写现实效果。,近位提高进入亲密关系核心的概率；远位只作背景、阶段或条件性修正。,根气只修正该保护功能是否容易重复调用，不等于现实中已经形成稳定保护。,旺弱只修正调用强度与承载；强不自动有效，弱也不自动无效。,喜忌只修正摩擦、平衡与承载，不可直接翻译为好坏、成熟度或解决方案。,原十神功能有效；真合化成立时按化神功能替换，合化争议时停止定性。,近位提高直接相关性；远位仅保留背景、阶段或低置信修正。,96,每项主伪保护-10，次伪保护-6。,buffer_score,表面保护会降低有效层级。,表面保护会降低有效层级。,不得仅凭本规则断定问题已经解决、关系必然稳定、用户一定成熟、某十神天然是“药”、喜用神自动等于解决办法，或淡化暴力、强迫与现实伤害；现实行为、反例、安全事实和专业支持优先。,高,待验证,,provisional=true；保护因素的现实有效性必须由可观察行为、反馈和持续结果验证。,0.8
M4-BUFFER-501,现实反例扣分,L12 评分、层级与发布,BUFFER-评分置信,通用,评分,BUFFER评分,,相似情境中资源多次未启动或无效。,反例属于不同任务、不同状态且已有合理分层。,由共享基础引擎提供；仅修正保护功能的承载、持续调用和压力状态下的稳定性，不直接等同成熟度、道德或现实行为。,由M1／M2接口提供；夫妻星、心动原型和关系门槛只说明关系议题，不单独证明保护因素已经被调用或有效。,由M3-BASE及M4各模块提供；日支、日柱近位可提高与亲密关系核心的相关性，但同一source_id不得重复计分。,保护因素必须明确限制过用、补足缺位、恢复顺序、打开反馈、落实改变或完成修复回流；不能只凭五行相生补写现实效果。,近位提高进入亲密关系核心的概率；远位只作背景、阶段或条件性修正。,根气只修正该保护功能是否容易重复调用，不等于现实中已经形成稳定保护。,旺弱只修正调用强度与承载；强不自动有效，弱也不自动无效。,喜忌只修正摩擦、平衡与承载，不可直接翻译为好坏、成熟度或解决方案。,原十神功能有效；真合化成立时按化神功能替换，合化争议时停止定性。,近位提高直接相关性；远位仅保留背景、阶段或低置信修正。,96,稳定反例-12至-24。,counterevidence,现实反例优先于结构分。,现实反例优先于结构分。,不得仅凭本规则断定问题已经解决、关系必然稳定、用户一定成熟、某十神天然是“药”、喜用神自动等于解决办法，或淡化暴力、强迫与现实伤害；现实行为、反例、安全事实和专业支持优先。,高,待验证,,provisional=true；保护因素的现实有效性必须由可观察行为、反馈和持续结果验证。,0.8
M4-BUFFER-502,同源与同事件去重,L12 评分、层级与发布,BUFFER-评分置信,通用,评分,BUFFER评分,,source_id／event_id已经记录。,把同一事件的多个描述视为独立证据。,由共享基础引擎提供；仅修正保护功能的承载、持续调用和压力状态下的稳定性，不直接等同成熟度、道德或现实行为。,由M1／M2接口提供；夫妻星、心动原型和关系门槛只说明关系议题，不单独证明保护因素已经被调用或有效。,由M3-BASE及M4各模块提供；日支、日柱近位可提高与亲密关系核心的相关性，但同一source_id不得重复计分。,保护因素必须明确限制过用、补足缺位、恢复顺序、打开反馈、落实改变或完成修复回流；不能只凭五行相生补写现实效果。,近位提高进入亲密关系核心的概率；远位只作背景、阶段或条件性修正。,根气只修正该保护功能是否容易重复调用，不等于现实中已经形成稳定保护。,旺弱只修正调用强度与承载；强不自动有效，弱也不自动无效。,喜忌只修正摩擦、平衡与承载，不可直接翻译为好坏、成熟度或解决方案。,原十神功能有效；真合化成立时按化神功能替换，合化争议时停止定性。,近位提高直接相关性；远位仅保留背景、阶段或低置信修正。,96,重复证据只保留一次基础分。,dedup_log,规则出现次数不等于独立证据数量。,规则出现次数不等于独立证据数量。,不得仅凭本规则断定问题已经解决、关系必然稳定、用户一定成熟、某十神天然是“药”、喜用神自动等于解决办法，或淡化暴力、强迫与现实伤害；现实行为、反例、安全事实和专业支持优先。,高,待验证,,provisional=true；保护因素的现实有效性必须由可观察行为、反馈和持续结果验证。,0.8
M4-BUFFER-503,主次保护门槛,L12 评分、层级与发布,BUFFER-评分置信,通用,评分,BUFFER评分,,主保护净分≥34且领先次候选≥8；次保护≥24且功能不同。,证据层级不足BL2或同义重复。,由共享基础引擎提供；仅修正保护功能的承载、持续调用和压力状态下的稳定性，不直接等同成熟度、道德或现实行为。,由M1／M2接口提供；夫妻星、心动原型和关系门槛只说明关系议题，不单独证明保护因素已经被调用或有效。,由M3-BASE及M4各模块提供；日支、日柱近位可提高与亲密关系核心的相关性，但同一source_id不得重复计分。,保护因素必须明确限制过用、补足缺位、恢复顺序、打开反馈、落实改变或完成修复回流；不能只凭五行相生补写现实效果。,近位提高进入亲密关系核心的概率；远位只作背景、阶段或条件性修正。,根气只修正该保护功能是否容易重复调用，不等于现实中已经形成稳定保护。,旺弱只修正调用强度与承载；强不自动有效，弱也不自动无效。,喜忌只修正摩擦、平衡与承载，不可直接翻译为好坏、成熟度或解决方案。,原十神功能有效；真合化成立时按化神功能替换，合化争议时停止定性。,近位提高直接相关性；远位仅保留背景、阶段或低置信修正。,96,达到门槛才进入正文；否则只保留内部候选。,primary_buffer,最终正文最多一个主保护和一个次保护。,最终正文最多一个主保护和一个次保护。,不得仅凭本规则断定问题已经解决、关系必然稳定、用户一定成熟、某十神天然是“药”、喜用神自动等于解决办法，或淡化暴力、强迫与现实伤害；现实行为、反例、安全事实和专业支持优先。,高,待验证,,provisional=true；保护因素的现实有效性必须由可观察行为、反馈和持续结果验证。,0.8
M4-BUFFER-504,BL层级与风险降权规则,L12 评分、层级与发布,BUFFER-评分置信,通用,评分,BUFFER评分,,已计算BL0—BL7并完成安全、反例和去重。,用保护分清除现实安全事实或E4现实模式。,由共享基础引擎提供；仅修正保护功能的承载、持续调用和压力状态下的稳定性，不直接等同成熟度、道德或现实行为。,由M1／M2接口提供；夫妻星、心动原型和关系门槛只说明关系议题，不单独证明保护因素已经被调用或有效。,由M3-BASE及M4各模块提供；日支、日柱近位可提高与亲密关系核心的相关性，但同一source_id不得重复计分。,保护因素必须明确限制过用、补足缺位、恢复顺序、打开反馈、落实改变或完成修复回流；不能只凭五行相生补写现实效果。,近位提高进入亲密关系核心的概率；远位只作背景、阶段或条件性修正。,根气只修正该保护功能是否容易重复调用，不等于现实中已经形成稳定保护。,旺弱只修正调用强度与承载；强不自动有效，弱也不自动无效。,喜忌只修正摩擦、平衡与承载，不可直接翻译为好坏、成熟度或解决方案。,原十神功能有效；真合化成立时按化神功能替换，合化争议时停止定性。,近位提高直接相关性；远位仅保留背景、阶段或低置信修正。,96,BL2仅提示资源；BL3条件降权；BL4事件降权；BL5—BL7可重写对应候选。,buffer_level,保护只对匹配靶点降权，不跨域清零所有风险。,保护只对匹配靶点降权，不跨域清零所有风险。,不得仅凭本规则断定问题已经解决、关系必然稳定、用户一定成熟、某十神天然是“药”、喜用神自动等于解决办法，或淡化暴力、强迫与现实伤害；现实行为、反例、安全事实和专业支持优先。,高,待验证,,provisional=true；保护因素的现实有效性必须由可观察行为、反馈和持续结果验证。,0.8
M4-BUFFER-505,潜在资源模板,L13 用户输出与句库,BUFFER-报告生成,通用,模板,BUFFER输出模板,,BL1—BL2成立，尚无现实启动。,已经有现实有效证据。,由共享基础引擎提供；仅修正保护功能的承载、持续调用和压力状态下的稳定性，不直接等同成熟度、道德或现实行为。,由M1／M2接口提供；夫妻星、心动原型和关系门槛只说明关系议题，不单独证明保护因素已经被调用或有效。,由M3-BASE及M4各模块提供；日支、日柱近位可提高与亲密关系核心的相关性，但同一source_id不得重复计分。,保护因素必须明确限制过用、补足缺位、恢复顺序、打开反馈、落实改变或完成修复回流；不能只凭五行相生补写现实效果。,近位提高进入亲密关系核心的概率；远位只作背景、阶段或条件性修正。,根气只修正该保护功能是否容易重复调用，不等于现实中已经形成稳定保护。,旺弱只修正调用强度与承载；强不自动有效，弱也不自动无效。,喜忌只修正摩擦、平衡与承载，不可直接翻译为好坏、成熟度或解决方案。,原十神功能有效；真合化成立时按化神功能替换，合化争议时停止定性。,近位提高直接相关性；远位仅保留背景、阶段或低置信修正。,85,不加分；生成文本,report_text,用户报告必须同时保留正常功能、风险靶点、保护资源、有效层级与边界。,结构上可以看到________这一调节资源，但它目前更适合作为潜在方向，是否能在关键时刻用出来仍需现实验证。,不得仅凭本规则断定问题已经解决、关系必然稳定、用户一定成熟、某十神天然是“药”、喜用神自动等于解决办法，或淡化暴力、强迫与现实伤害；现实行为、反例、安全事实和专业支持优先。,中高,待验证,,provisional=true；保护因素的现实有效性必须由可观察行为、反馈和持续结果验证。,0.8
M4-BUFFER-506,条件性资源模板,L13 用户输出与句库,BUFFER-报告生成,通用,模板,BUFFER输出模板,,BL3成立，适用触发域清楚。,未说明有效条件。,由共享基础引擎提供；仅修正保护功能的承载、持续调用和压力状态下的稳定性，不直接等同成熟度、道德或现实行为。,由M1／M2接口提供；夫妻星、心动原型和关系门槛只说明关系议题，不单独证明保护因素已经被调用或有效。,由M3-BASE及M4各模块提供；日支、日柱近位可提高与亲密关系核心的相关性，但同一source_id不得重复计分。,保护因素必须明确限制过用、补足缺位、恢复顺序、打开反馈、落实改变或完成修复回流；不能只凭五行相生补写现实效果。,近位提高进入亲密关系核心的概率；远位只作背景、阶段或条件性修正。,根气只修正该保护功能是否容易重复调用，不等于现实中已经形成稳定保护。,旺弱只修正调用强度与承载；强不自动有效，弱也不自动无效。,喜忌只修正摩擦、平衡与承载，不可直接翻译为好坏、成熟度或解决方案。,原十神功能有效；真合化成立时按化神功能替换，合化争议时停止定性。,近位提高直接相关性；远位仅保留背景、阶段或低置信修正。,85,不加分；生成文本,report_text,用户报告必须同时保留正常功能、风险靶点、保护资源、有效层级与边界。,当________出现时，________更容易进入并减弱________；在其他情境下不一定同样有效。,不得仅凭本规则断定问题已经解决、关系必然稳定、用户一定成熟、某十神天然是“药”、喜用神自动等于解决办法，或淡化暴力、强迫与现实伤害；现实行为、反例、安全事实和专业支持优先。,中高,待验证,,provisional=true；保护因素的现实有效性必须由可观察行为、反馈和持续结果验证。,0.8
M4-BUFFER-507,现实已启动模板,L13 用户输出与句库,BUFFER-报告生成,通用,模板,BUFFER输出模板,,BL4成立，有一个具体事件。,只有标签或自述。,由共享基础引擎提供；仅修正保护功能的承载、持续调用和压力状态下的稳定性，不直接等同成熟度、道德或现实行为。,由M1／M2接口提供；夫妻星、心动原型和关系门槛只说明关系议题，不单独证明保护因素已经被调用或有效。,由M3-BASE及M4各模块提供；日支、日柱近位可提高与亲密关系核心的相关性，但同一source_id不得重复计分。,保护因素必须明确限制过用、补足缺位、恢复顺序、打开反馈、落实改变或完成修复回流；不能只凭五行相生补写现实效果。,近位提高进入亲密关系核心的概率；远位只作背景、阶段或条件性修正。,根气只修正该保护功能是否容易重复调用，不等于现实中已经形成稳定保护。,旺弱只修正调用强度与承载；强不自动有效，弱也不自动无效。,喜忌只修正摩擦、平衡与承载，不可直接翻译为好坏、成熟度或解决方案。,原十神功能有效；真合化成立时按化神功能替换，合化争议时停止定性。,近位提高直接相关性；远位仅保留背景、阶段或低置信修正。,85,不加分；生成文本,report_text,用户报告必须同时保留正常功能、风险靶点、保护资源、有效层级与边界。,从这次经历看，你已经用出了________，它开始改变________；但是否稳定仍需更多情境验证。,不得仅凭本规则断定问题已经解决、关系必然稳定、用户一定成熟、某十神天然是“药”、喜用神自动等于解决办法，或淡化暴力、强迫与现实伤害；现实行为、反例、安全事实和专业支持优先。,中高,待验证,,provisional=true；保护因素的现实有效性必须由可观察行为、反馈和持续结果验证。,0.8
M4-BUFFER-508,单次有效模板,L13 用户输出与句库,BUFFER-报告生成,通用,模板,BUFFER输出模板,,BL5成立，链条已改变。,效果只来自偶然或对方单方配合且未说明。,由共享基础引擎提供；仅修正保护功能的承载、持续调用和压力状态下的稳定性，不直接等同成熟度、道德或现实行为。,由M1／M2接口提供；夫妻星、心动原型和关系门槛只说明关系议题，不单独证明保护因素已经被调用或有效。,由M3-BASE及M4各模块提供；日支、日柱近位可提高与亲密关系核心的相关性，但同一source_id不得重复计分。,保护因素必须明确限制过用、补足缺位、恢复顺序、打开反馈、落实改变或完成修复回流；不能只凭五行相生补写现实效果。,近位提高进入亲密关系核心的概率；远位只作背景、阶段或条件性修正。,根气只修正该保护功能是否容易重复调用，不等于现实中已经形成稳定保护。,旺弱只修正调用强度与承载；强不自动有效，弱也不自动无效。,喜忌只修正摩擦、平衡与承载，不可直接翻译为好坏、成熟度或解决方案。,原十神功能有效；真合化成立时按化神功能替换，合化争议时停止定性。,近位提高直接相关性；远位仅保留背景、阶段或低置信修正。,85,不加分；生成文本,report_text,用户报告必须同时保留正常功能、风险靶点、保护资源、有效层级与边界。,这次事件中，________确实帮助你把________转成了________，因此对应盲点得到了实际缓冲。,不得仅凭本规则断定问题已经解决、关系必然稳定、用户一定成熟、某十神天然是“药”、喜用神自动等于解决办法，或淡化暴力、强迫与现实伤害；现实行为、反例、安全事实和专业支持优先。,中高,待验证,,provisional=true；保护因素的现实有效性必须由可观察行为、反馈和持续结果验证。,0.8
M4-BUFFER-509,稳定保护模板,L13 用户输出与句库,BUFFER-报告生成,通用,模板,BUFFER输出模板,,BL6—BL7成立，有跨情境与反例。,没有复发和反例检验。,由共享基础引擎提供；仅修正保护功能的承载、持续调用和压力状态下的稳定性，不直接等同成熟度、道德或现实行为。,由M1／M2接口提供；夫妻星、心动原型和关系门槛只说明关系议题，不单独证明保护因素已经被调用或有效。,由M3-BASE及M4各模块提供；日支、日柱近位可提高与亲密关系核心的相关性，但同一source_id不得重复计分。,保护因素必须明确限制过用、补足缺位、恢复顺序、打开反馈、落实改变或完成修复回流；不能只凭五行相生补写现实效果。,近位提高进入亲密关系核心的概率；远位只作背景、阶段或条件性修正。,根气只修正该保护功能是否容易重复调用，不等于现实中已经形成稳定保护。,旺弱只修正调用强度与承载；强不自动有效，弱也不自动无效。,喜忌只修正摩擦、平衡与承载，不可直接翻译为好坏、成熟度或解决方案。,原十神功能有效；真合化成立时按化神功能替换，合化争议时停止定性。,近位提高直接相关性；远位仅保留背景、阶段或低置信修正。,85,不加分；生成文本,report_text,用户报告必须同时保留正常功能、风险靶点、保护资源、有效层级与边界。,从多次经历看，________能够较稳定地限制________，并帮助________重新进入关系过程。,不得仅凭本规则断定问题已经解决、关系必然稳定、用户一定成熟、某十神天然是“药”、喜用神自动等于解决办法，或淡化暴力、强迫与现实伤害；现实行为、反例、安全事实和专业支持优先。,中高,待验证,,provisional=true；保护因素的现实有效性必须由可观察行为、反馈和持续结果验证。,0.8
M4-BUFFER-510,伪保护提醒模板,L13 用户输出与句库,BUFFER-报告生成,通用,模板,BUFFER输出模板,,命中PB候选且未退出。,已满足真实有效标志。,由共享基础引擎提供；仅修正保护功能的承载、持续调用和压力状态下的稳定性，不直接等同成熟度、道德或现实行为。,由M1／M2接口提供；夫妻星、心动原型和关系门槛只说明关系议题，不单独证明保护因素已经被调用或有效。,由M3-BASE及M4各模块提供；日支、日柱近位可提高与亲密关系核心的相关性，但同一source_id不得重复计分。,保护因素必须明确限制过用、补足缺位、恢复顺序、打开反馈、落实改变或完成修复回流；不能只凭五行相生补写现实效果。,近位提高进入亲密关系核心的概率；远位只作背景、阶段或条件性修正。,根气只修正该保护功能是否容易重复调用，不等于现实中已经形成稳定保护。,旺弱只修正调用强度与承载；强不自动有效，弱也不自动无效。,喜忌只修正摩擦、平衡与承载，不可直接翻译为好坏、成熟度或解决方案。,原十神功能有效；真合化成立时按化神功能替换，合化争议时停止定性。,近位提高直接相关性；远位仅保留背景、阶段或低置信修正。,85,不加分；生成文本,report_text,用户报告必须同时保留正常功能、风险靶点、保护资源、有效层级与边界。,你可能会把________当成保护，但真正需要继续确认的是________有没有发生；否则它更像短期缓解。,不得仅凭本规则断定问题已经解决、关系必然稳定、用户一定成熟、某十神天然是“药”、喜用神自动等于解决办法，或淡化暴力、强迫与现实伤害；现实行为、反例、安全事实和专业支持优先。,中高,待验证,,provisional=true；保护因素的现实有效性必须由可观察行为、反馈和持续结果验证。,0.8
M4-BUFFER-511,安全与外部支持模板,L13 用户输出与句库,BUFFER-报告生成,通用,模板,BUFFER输出模板,,存在RI08、安全风险或个人资源不足。,以普通沟通替代安全方案。,由共享基础引擎提供；仅修正保护功能的承载、持续调用和压力状态下的稳定性，不直接等同成熟度、道德或现实行为。,由M1／M2接口提供；夫妻星、心动原型和关系门槛只说明关系议题，不单独证明保护因素已经被调用或有效。,由M3-BASE及M4各模块提供；日支、日柱近位可提高与亲密关系核心的相关性，但同一source_id不得重复计分。,保护因素必须明确限制过用、补足缺位、恢复顺序、打开反馈、落实改变或完成修复回流；不能只凭五行相生补写现实效果。,近位提高进入亲密关系核心的概率；远位只作背景、阶段或条件性修正。,根气只修正该保护功能是否容易重复调用，不等于现实中已经形成稳定保护。,旺弱只修正调用强度与承载；强不自动有效，弱也不自动无效。,喜忌只修正摩擦、平衡与承载，不可直接翻译为好坏、成熟度或解决方案。,原十神功能有效；真合化成立时按化神功能替换，合化争议时停止定性。,近位提高直接相关性；远位仅保留背景、阶段或低置信修正。,85,不加分；生成文本,report_text,用户报告必须同时保留正常功能、风险靶点、保护资源、有效层级与边界。,当前优先级不是让关系尽快恢复，而是保护安全、选择权和现实资源；必要时应使用可靠的外部与专业支持。,不得仅凭本规则断定问题已经解决、关系必然稳定、用户一定成熟、某十神天然是“药”、喜用神自动等于解决办法，或淡化暴力、强迫与现实伤害；现实行为、反例、安全事实和专业支持优先。,中高,待验证,,provisional=true；保护因素的现实有效性必须由可观察行为、反馈和持续结果验证。,0.8
M4-BUFFER-512,标准四段式报告模板,L13 用户输出与句库,BUFFER-报告生成,通用,模板,BUFFER输出模板,,已确定主风险、主保护、有效层级和边界。,资料不足或安全停止。,由共享基础引擎提供；仅修正保护功能的承载、持续调用和压力状态下的稳定性，不直接等同成熟度、道德或现实行为。,由M1／M2接口提供；夫妻星、心动原型和关系门槛只说明关系议题，不单独证明保护因素已经被调用或有效。,由M3-BASE及M4各模块提供；日支、日柱近位可提高与亲密关系核心的相关性，但同一source_id不得重复计分。,保护因素必须明确限制过用、补足缺位、恢复顺序、打开反馈、落实改变或完成修复回流；不能只凭五行相生补写现实效果。,近位提高进入亲密关系核心的概率；远位只作背景、阶段或条件性修正。,根气只修正该保护功能是否容易重复调用，不等于现实中已经形成稳定保护。,旺弱只修正调用强度与承载；强不自动有效，弱也不自动无效。,喜忌只修正摩擦、平衡与承载，不可直接翻译为好坏、成熟度或解决方案。,原十神功能有效；真合化成立时按化神功能替换，合化争议时停止定性。,近位提高直接相关性；远位仅保留背景、阶段或低置信修正。,85,不加分；生成文本,report_text,用户报告必须同时保留正常功能、风险靶点、保护资源、有效层级与边界。,"【正常功能】________。
【风险靶点】当________时，可能出现________。
【已有保护】________可帮助________，当前有效层级为________。
【边界】这项资源只对________有效，仍需通过________验证。",不得仅凭本规则断定问题已经解决、关系必然稳定、用户一定成熟、某十神天然是“药”、喜用神自动等于解决办法，或淡化暴力、强迫与现实伤害；现实行为、反例、安全事实和专业支持优先。,中高,待验证,,provisional=true；保护因素的现实有效性必须由可观察行为、反馈和持续结果验证。,0.8
M4-BUFFER-513,案例记录最小字段,L14 案例验证与发布,BUFFER-验证发布,通用,验证,案例与版本,,记录case_id、触发、K机制、风险节点、保护动作、对方反馈、结果、复发与反例。,只有结论，没有事件顺序。,由共享基础引擎提供；仅修正保护功能的承载、持续调用和压力状态下的稳定性，不直接等同成熟度、道德或现实行为。,由M1／M2接口提供；夫妻星、心动原型和关系门槛只说明关系议题，不单独证明保护因素已经被调用或有效。,由M3-BASE及M4各模块提供；日支、日柱近位可提高与亲密关系核心的相关性，但同一source_id不得重复计分。,保护因素必须明确限制过用、补足缺位、恢复顺序、打开反馈、落实改变或完成修复回流；不能只凭五行相生补写现实效果。,近位提高进入亲密关系核心的概率；远位只作背景、阶段或条件性修正。,根气只修正该保护功能是否容易重复调用，不等于现实中已经形成稳定保护。,旺弱只修正调用强度与承载；强不自动有效，弱也不自动无效。,喜忌只修正摩擦、平衡与承载，不可直接翻译为好坏、成熟度或解决方案。,原十神功能有效；真合化成立时按化神功能替换，合化争议时停止定性。,近位提高直接相关性；远位仅保留背景、阶段或低置信修正。,97,不加分；验证／发布,case_validation,案例校准必须能够复原保护怎样改变链条。,案例校准必须能够复原保护怎样改变链条。,不得仅凭本规则断定问题已经解决、关系必然稳定、用户一定成熟、某十神天然是“药”、喜用神自动等于解决办法，或淡化暴力、强迫与现实伤害；现实行为、反例、安全事实和专业支持优先。,高,待验证,,provisional=true；保护因素的现实有效性必须由可观察行为、反馈和持续结果验证。,0.8
M4-BUFFER-514,规则升级为已验证,L14 案例验证与发布,BUFFER-验证发布,通用,验证,案例与版本,,同一规则至少有多例支持，并完成反例、同源和安全审查。,只因理论合理或单一案例吻合。,由共享基础引擎提供；仅修正保护功能的承载、持续调用和压力状态下的稳定性，不直接等同成熟度、道德或现实行为。,由M1／M2接口提供；夫妻星、心动原型和关系门槛只说明关系议题，不单独证明保护因素已经被调用或有效。,由M3-BASE及M4各模块提供；日支、日柱近位可提高与亲密关系核心的相关性，但同一source_id不得重复计分。,保护因素必须明确限制过用、补足缺位、恢复顺序、打开反馈、落实改变或完成修复回流；不能只凭五行相生补写现实效果。,近位提高进入亲密关系核心的概率；远位只作背景、阶段或条件性修正。,根气只修正该保护功能是否容易重复调用，不等于现实中已经形成稳定保护。,旺弱只修正调用强度与承载；强不自动有效，弱也不自动无效。,喜忌只修正摩擦、平衡与承载，不可直接翻译为好坏、成熟度或解决方案。,原十神功能有效；真合化成立时按化神功能替换，合化争议时停止定性。,近位提高直接相关性；远位仅保留背景、阶段或低置信修正。,97,不加分；验证／发布,validation_status,验证状态由案例证据推动，不由主观确认。,验证状态由案例证据推动，不由主观确认。,不得仅凭本规则断定问题已经解决、关系必然稳定、用户一定成熟、某十神天然是“药”、喜用神自动等于解决办法，或淡化暴力、强迫与现实伤害；现实行为、反例、安全事实和专业支持优先。,高,待验证,,provisional=true；保护因素的现实有效性必须由可观察行为、反馈和持续结果验证。,0.8
M4-BUFFER-515,规则标记需修改,L14 案例验证与发布,BUFFER-验证发布,通用,验证,案例与版本,,多例出现相同偏差，且偏差可定位到靶点、门槛、路由或文案。,只因一个案例信息不足。,由共享基础引擎提供；仅修正保护功能的承载、持续调用和压力状态下的稳定性，不直接等同成熟度、道德或现实行为。,由M1／M2接口提供；夫妻星、心动原型和关系门槛只说明关系议题，不单独证明保护因素已经被调用或有效。,由M3-BASE及M4各模块提供；日支、日柱近位可提高与亲密关系核心的相关性，但同一source_id不得重复计分。,保护因素必须明确限制过用、补足缺位、恢复顺序、打开反馈、落实改变或完成修复回流；不能只凭五行相生补写现实效果。,近位提高进入亲密关系核心的概率；远位只作背景、阶段或条件性修正。,根气只修正该保护功能是否容易重复调用，不等于现实中已经形成稳定保护。,旺弱只修正调用强度与承载；强不自动有效，弱也不自动无效。,喜忌只修正摩擦、平衡与承载，不可直接翻译为好坏、成熟度或解决方案。,原十神功能有效；真合化成立时按化神功能替换，合化争议时停止定性。,近位提高直接相关性；远位仅保留背景、阶段或低置信修正。,97,不加分；验证／发布,validation_status,修改应指向具体字段和原因。,修改应指向具体字段和原因。,不得仅凭本规则断定问题已经解决、关系必然稳定、用户一定成熟、某十神天然是“药”、喜用神自动等于解决办法，或淡化暴力、强迫与现实伤害；现实行为、反例、安全事实和专业支持优先。,高,待验证,,provisional=true；保护因素的现实有效性必须由可观察行为、反馈和持续结果验证。,0.8
M4-BUFFER-516,规则停用条件,L14 案例验证与发布,BUFFER-验证发布,通用,验证,案例与版本,,稳定反例、伦理风险、重复规则或无法区分边界。,只是暂时没有案例。,由共享基础引擎提供；仅修正保护功能的承载、持续调用和压力状态下的稳定性，不直接等同成熟度、道德或现实行为。,由M1／M2接口提供；夫妻星、心动原型和关系门槛只说明关系议题，不单独证明保护因素已经被调用或有效。,由M3-BASE及M4各模块提供；日支、日柱近位可提高与亲密关系核心的相关性，但同一source_id不得重复计分。,保护因素必须明确限制过用、补足缺位、恢复顺序、打开反馈、落实改变或完成修复回流；不能只凭五行相生补写现实效果。,近位提高进入亲密关系核心的概率；远位只作背景、阶段或条件性修正。,根气只修正该保护功能是否容易重复调用，不等于现实中已经形成稳定保护。,旺弱只修正调用强度与承载；强不自动有效，弱也不自动无效。,喜忌只修正摩擦、平衡与承载，不可直接翻译为好坏、成熟度或解决方案。,原十神功能有效；真合化成立时按化神功能替换，合化争议时停止定性。,近位提高直接相关性；远位仅保留背景、阶段或低置信修正。,97,不加分；验证／发布,validation_status,停用必须记录原因和替代规则。,停用必须记录原因和替代规则。,不得仅凭本规则断定问题已经解决、关系必然稳定、用户一定成熟、某十神天然是“药”、喜用神自动等于解决办法，或淡化暴力、强迫与现实伤害；现实行为、反例、安全事实和专业支持优先。,高,待验证,,provisional=true；保护因素的现实有效性必须由可观察行为、反馈和持续结果验证。,0.8
M4-BUFFER-517,版本追踪规则,L14 案例验证与发布,BUFFER-验证发布,通用,验证,案例与版本,,任何分值、门槛、代码、用户语言或边界变化均记录版本。,静默覆盖旧规则。,由共享基础引擎提供；仅修正保护功能的承载、持续调用和压力状态下的稳定性，不直接等同成熟度、道德或现实行为。,由M1／M2接口提供；夫妻星、心动原型和关系门槛只说明关系议题，不单独证明保护因素已经被调用或有效。,由M3-BASE及M4各模块提供；日支、日柱近位可提高与亲密关系核心的相关性，但同一source_id不得重复计分。,保护因素必须明确限制过用、补足缺位、恢复顺序、打开反馈、落实改变或完成修复回流；不能只凭五行相生补写现实效果。,近位提高进入亲密关系核心的概率；远位只作背景、阶段或条件性修正。,根气只修正该保护功能是否容易重复调用，不等于现实中已经形成稳定保护。,旺弱只修正调用强度与承载；强不自动有效，弱也不自动无效。,喜忌只修正摩擦、平衡与承载，不可直接翻译为好坏、成熟度或解决方案。,原十神功能有效；真合化成立时按化神功能替换，合化争议时停止定性。,近位提高直接相关性；远位仅保留背景、阶段或低置信修正。,97,不加分；验证／发布,version_log,版本记录保证案例结果可追溯。,版本记录保证案例结果可追溯。,不得仅凭本规则断定问题已经解决、关系必然稳定、用户一定成熟、某十神天然是“药”、喜用神自动等于解决办法，或淡化暴力、强迫与现实伤害；现实行为、反例、安全事实和专业支持优先。,高,待验证,,provisional=true；保护因素的现实有效性必须由可观察行为、反馈和持续结果验证。,0.8
M4-BUFFER-518,发布前十项检查,L14 案例验证与发布,BUFFER-验证发布,通用,验证,案例与版本,,完成诊断靶点、同源去重、BL层级、PB检查、反例、安全、主次、边界、现实证据和M5接口。,任一关键检查缺失。,由共享基础引擎提供；仅修正保护功能的承载、持续调用和压力状态下的稳定性，不直接等同成熟度、道德或现实行为。,由M1／M2接口提供；夫妻星、心动原型和关系门槛只说明关系议题，不单独证明保护因素已经被调用或有效。,由M3-BASE及M4各模块提供；日支、日柱近位可提高与亲密关系核心的相关性，但同一source_id不得重复计分。,保护因素必须明确限制过用、补足缺位、恢复顺序、打开反馈、落实改变或完成修复回流；不能只凭五行相生补写现实效果。,近位提高进入亲密关系核心的概率；远位只作背景、阶段或条件性修正。,根气只修正该保护功能是否容易重复调用，不等于现实中已经形成稳定保护。,旺弱只修正调用强度与承载；强不自动有效，弱也不自动无效。,喜忌只修正摩擦、平衡与承载，不可直接翻译为好坏、成熟度或解决方案。,原十神功能有效；真合化成立时按化神功能替换，合化争议时停止定性。,近位提高直接相关性；远位仅保留背景、阶段或低置信修正。,97,不加分；验证／发布,release_check,未通过检查不得发布强结论。,未通过检查不得发布强结论。,不得仅凭本规则断定问题已经解决、关系必然稳定、用户一定成熟、某十神天然是“药”、喜用神自动等于解决办法，或淡化暴力、强迫与现实伤害；现实行为、反例、安全事实和专业支持优先。,高,待验证,,provisional=true；保护因素的现实有效性必须由可观察行为、反馈和持续结果验证。,0.8
M4-BUFFER-519,当前版本状态,L14 案例验证与发布,BUFFER-验证发布,通用,验证,案例与版本,,所有M4-BUFFER规则保持provisional=true、待验证。,把工程分值宣传为统计概率或命理准确率。,由共享基础引擎提供；仅修正保护功能的承载、持续调用和压力状态下的稳定性，不直接等同成熟度、道德或现实行为。,由M1／M2接口提供；夫妻星、心动原型和关系门槛只说明关系议题，不单独证明保护因素已经被调用或有效。,由M3-BASE及M4各模块提供；日支、日柱近位可提高与亲密关系核心的相关性，但同一source_id不得重复计分。,保护因素必须明确限制过用、补足缺位、恢复顺序、打开反馈、落实改变或完成修复回流；不能只凭五行相生补写现实效果。,近位提高进入亲密关系核心的概率；远位只作背景、阶段或条件性修正。,根气只修正该保护功能是否容易重复调用，不等于现实中已经形成稳定保护。,旺弱只修正调用强度与承载；强不自动有效，弱也不自动无效。,喜忌只修正摩擦、平衡与承载，不可直接翻译为好坏、成熟度或解决方案。,原十神功能有效；真合化成立时按化神功能替换，合化争议时停止定性。,近位提高直接相关性；远位仅保留背景、阶段或低置信修正。,97,不加分；验证／发布,validation_status,V0.8为知识工程初始参数，不代表统计验证。,V0.8为知识工程初始参数，不代表统计验证。,不得仅凭本规则断定问题已经解决、关系必然稳定、用户一定成熟、某十神天然是“药”、喜用神自动等于解决办法，或淡化暴力、强迫与现实伤害；现实行为、反例、安全事实和专业支持优先。,高,待验证,,provisional=true；保护因素的现实有效性必须由可观察行为、反馈和持续结果验证。,0.8
M4-BUFFER-520,下一阶段接口｜进入M4-SYNTH,L14 案例验证与发布,BUFFER-验证发布,通用,验证,案例与版本,,BASE至BUFFER模块均已完成，可开始总合成、权威矩阵、去重、置信与报告。,继续无限扩充局部规则而未统一合成。,由共享基础引擎提供；仅修正保护功能的承载、持续调用和压力状态下的稳定性，不直接等同成熟度、道德或现实行为。,由M1／M2接口提供；夫妻星、心动原型和关系门槛只说明关系议题，不单独证明保护因素已经被调用或有效。,由M3-BASE及M4各模块提供；日支、日柱近位可提高与亲密关系核心的相关性，但同一source_id不得重复计分。,保护因素必须明确限制过用、补足缺位、恢复顺序、打开反馈、落实改变或完成修复回流；不能只凭五行相生补写现实效果。,近位提高进入亲密关系核心的概率；远位只作背景、阶段或条件性修正。,根气只修正该保护功能是否容易重复调用，不等于现实中已经形成稳定保护。,旺弱只修正调用强度与承载；强不自动有效，弱也不自动无效。,喜忌只修正摩擦、平衡与承载，不可直接翻译为好坏、成熟度或解决方案。,原十神功能有效；真合化成立时按化神功能替换，合化争议时停止定性。,近位提高直接相关性；远位仅保留背景、阶段或低置信修正。,97,不加分；验证／发布,next_stage,下一阶段把M4各模块整合为唯一总规则库。,下一阶段把M4各模块整合为唯一总规则库。,不得仅凭本规则断定问题已经解决、关系必然稳定、用户一定成熟、某十神天然是“药”、喜用神自动等于解决办法，或淡化暴力、强迫与现实伤害；现实行为、反例、安全事实和专业支持优先。,高,待验证,,provisional=true；保护因素的现实有效性必须由可观察行为、反馈和持续结果验证。,0.8
