rule_id,rule_name,layer,module,applicable_group,rule_type,main_signal,secondary_signal,required_conditions,excluded_conditions,self_strength_status,spouse_star_status,palace_signal,flow_path,signal_position,root_status,strength_level,favorability,transformation_status,distance_level,priority,score_effect,output_slot,internal_logic,user_explanation,forbidden_inference,confidence_base,validation_status,case_refs,notes,version
M4-OVERUSE-001,M4-OVERUSE正式定义｜功能失衡与通道竞争,L0 模型边界与证据,OVERUSE-定义边界,通用,定义,M4-OVERUSE模块规则,,需要判断一个正常关系功能是否被过度调用、调用不足、替代其他功能、顺序错位、彼此竞争或无法转换。,基础命理状态停止；M3关键功能无有效来源；只有负面标签而无法说明正常功能。,由共享基础引擎提供；只修正功能承载、执行强度和压力反应，不直接等同有无主见。,由M1／M2接口提供；夫妻星只标注关系议题角色，不单独证明过用、不足或竞争。,由M3-BASE提供；日支底盘提高关系相关性，但不能单独建立失衡结论。,由M3及共享流向引擎提供；没有有效起点、转换和终点时，不得补写现实处理顺序。,由共享基础引擎判定；近位提高亲密关系相关性，远位降级为背景候选。,由共享基础引擎判定；根气主要修正重复调用能力，不等于现实中已经反复发生。,由共享基础引擎判定；强弱只修正调用强度与可用性，不直接等同功能质量。,喜忌只修正调用摩擦、平衡与承载，不直接等同好坏、成熟或道德品质。,原十神功能有效；真合化成立时按化神功能替换，合化争议时停止定性。,由共享基础引擎判定；近位提高进入关系核心的概率，远位只保留背景修正。,99,不加分；定义／路由,report_status,本模块研究功能怎样失衡，不给十神贴坏标签，也不独立判断重复循环和关系结局。,这一部分重点看：你本来擅长使用的关系功能，在什么条件下可能用得太多、太少，或挤占了另一项同样必要的功能。,不得仅凭本规则推出控制、冷战、讨好、攻击、依赖、花心、自私、欺骗、暴力、人格／依恋障碍、分手离婚或关系必败；必须结合真实行为、触发情境、反例与保护因素验证。,高,待验证,,provisional=true,0.4
M4-OVERUSE-002,正常功能优先｜禁止从负面人格起步,L0 模型边界与证据,OVERUSE-定义边界,通用,边界,有效正常功能,,准备建立任何过用、不足或竞争候选。,无法说明该十神或功能系统在M3中的正常用途。,由共享基础引擎提供；只修正功能承载、执行强度和压力反应，不直接等同有无主见。,由M1／M2接口提供；夫妻星只标注关系议题角色，不单独证明过用、不足或竞争。,由M3-BASE提供；日支底盘提高关系相关性，但不能单独建立失衡结论。,由M3及共享流向引擎提供；没有有效起点、转换和终点时，不得补写现实处理顺序。,由共享基础引擎判定；近位提高亲密关系相关性，远位降级为背景候选。,由共享基础引擎判定；根气主要修正重复调用能力，不等于现实中已经反复发生。,由共享基础引擎判定；强弱只修正调用强度与可用性，不直接等同功能质量。,喜忌只修正调用摩擦、平衡与承载，不直接等同好坏、成熟或道德品质。,原十神功能有效；真合化成立时按化神功能替换，合化争议时停止定性。,由共享基础引擎判定；近位提高进入关系核心的概率，远位只保留背景修正。,98,前置门控,functional_origin,失衡必须从真实可理解的关系功能出发；没有正常功能，就没有“过用”或“替代”的逻辑基础。,先保留这项功能原本的价值，再判断它在什么情况下可能占位过多或进入得太晚。,不得仅凭本规则推出控制、冷战、讨好、攻击、依赖、花心、自私、欺骗、暴力、人格／依恋障碍、分手离婚或关系必败；必须结合真实行为、触发情境、反例与保护因素验证。,高,待验证,,provisional=true,0.4
M4-OVERUSE-003,过用不等于信号强｜必须存在占位证据,L0 模型边界与证据,OVERUSE-定义边界,通用,边界,强度≠过用,,某十神旺、透、近位或现实表现明显。,没有挤占、抢先、重复占位或排除其他必要功能的证据。,由共享基础引擎提供；只修正功能承载、执行强度和压力反应，不直接等同有无主见。,由M1／M2接口提供；夫妻星只标注关系议题角色，不单独证明过用、不足或竞争。,由M3-BASE提供；日支底盘提高关系相关性，但不能单独建立失衡结论。,由M3及共享流向引擎提供；没有有效起点、转换和终点时，不得补写现实处理顺序。,由共享基础引擎判定；近位提高亲密关系相关性，远位降级为背景候选。,由共享基础引擎判定；根气主要修正重复调用能力，不等于现实中已经反复发生。,由共享基础引擎判定；强弱只修正调用强度与可用性，不直接等同功能质量。,喜忌只修正调用摩擦、平衡与承载，不直接等同好坏、成熟或道德品质。,原十神功能有效；真合化成立时按化神功能替换，合化争议时停止定性。,由共享基础引擎判定；近位提高进入关系核心的概率，远位只保留背景修正。,97,阻止机械负面化,stop_reason,强只说明容易调用；只有功能占位过多并压缩其他必要通道时，才建立K01。,某种方式很常用，不代表它一定用过头；还要看它是否让另一项必要任务长期进不来。,不得仅凭本规则推出控制、冷战、讨好、攻击、依赖、花心、自私、欺骗、暴力、人格／依恋障碍、分手离婚或关系必败；必须结合真实行为、触发情境、反例与保护因素验证。,高,待验证,,provisional=true,0.4
M4-OVERUSE-004,不足不等于十神弱｜必须是必要功能缺位,L0 模型边界与证据,OVERUSE-定义边界,通用,边界,弱度≠不足,,某十神偏弱、藏而远或无根。,该功能不是当前关系任务的必要环节，或已有其他有效通道完成同一任务。,由共享基础引擎提供；只修正功能承载、执行强度和压力反应，不直接等同有无主见。,由M1／M2接口提供；夫妻星只标注关系议题角色，不单独证明过用、不足或竞争。,由M3-BASE提供；日支底盘提高关系相关性，但不能单独建立失衡结论。,由M3及共享流向引擎提供；没有有效起点、转换和终点时，不得补写现实处理顺序。,由共享基础引擎判定；近位提高亲密关系相关性，远位降级为背景候选。,由共享基础引擎判定；根气主要修正重复调用能力，不等于现实中已经反复发生。,由共享基础引擎判定；强弱只修正调用强度与可用性，不直接等同功能质量。,喜忌只修正调用摩擦、平衡与承载，不直接等同好坏、成熟或道德品质。,原十神功能有效；真合化成立时按化神功能替换，合化争议时停止定性。,由共享基础引擎判定；近位提高进入关系核心的概率，远位只保留背景修正。,96,阻止机械缺失,stop_reason,弱只说明可用性较低；必须证明该功能在当前任务中不可替代且确实没有进入，才能建立K02。,某种表达不明显，不等于关系一定缺少它；需要先看是否有别的方式完成了同样的任务。,不得仅凭本规则推出控制、冷战、讨好、攻击、依赖、花心、自私、欺骗、暴力、人格／依恋障碍、分手离婚或关系必败；必须结合真实行为、触发情境、反例与保护因素验证。,高,待验证,,provisional=true,0.4
M4-OVERUSE-005,替代必须有“被替代功能”｜不能只看单通道强,L0 模型边界与证据,OVERUSE-定义边界,通用,边界,K03成立门槛,,一项熟悉功能被用来完成另一项不同关系任务。,目标功能已经独立、有效且按需要进入；或两项本来就是同义描述。,由共享基础引擎提供；只修正功能承载、执行强度和压力反应，不直接等同有无主见。,由M1／M2接口提供；夫妻星只标注关系议题角色，不单独证明过用、不足或竞争。,由M3-BASE提供；日支底盘提高关系相关性，但不能单独建立失衡结论。,由M3及共享流向引擎提供；没有有效起点、转换和终点时，不得补写现实处理顺序。,由共享基础引擎判定；近位提高亲密关系相关性，远位降级为背景候选。,由共享基础引擎判定；根气主要修正重复调用能力，不等于现实中已经反复发生。,由共享基础引擎判定；强弱只修正调用强度与可用性，不直接等同功能质量。,喜忌只修正调用摩擦、平衡与承载，不直接等同好坏、成熟或道德品质。,原十神功能有效；真合化成立时按化神功能替换，合化争议时停止定性。,由共享基础引擎判定；近位提高进入关系核心的概率，远位只保留背景修正。,95,前置门控,substitute_function,K03必须同时写清“谁在替代谁”和“被替代功能为什么没有完成”。,你可能会先用自己最熟悉的方式处理问题，但还要继续确认：它有没有替代另一项本来需要单独完成的任务。,不得仅凭本规则推出控制、冷战、讨好、攻击、依赖、花心、自私、欺骗、暴力、人格／依恋障碍、分手离婚或关系必败；必须结合真实行为、触发情境、反例与保护因素验证。,高,待验证,,provisional=true,0.4
M4-OVERUSE-006,顺序错位必须有两个有效功能｜不能凭生克补写,L0 模型边界与证据,OVERUSE-定义边界,通用,边界,K04成立门槛,,两个必要功能都有效，但现实启动顺序可能让前一项压住后一项。,只有一个功能有效；没有顺序证据；或先后本身并不影响任务完成。,由共享基础引擎提供；只修正功能承载、执行强度和压力反应，不直接等同有无主见。,由M1／M2接口提供；夫妻星只标注关系议题角色，不单独证明过用、不足或竞争。,由M3-BASE提供；日支底盘提高关系相关性，但不能单独建立失衡结论。,由M3及共享流向引擎提供；没有有效起点、转换和终点时，不得补写现实处理顺序。,由共享基础引擎判定；近位提高亲密关系相关性，远位降级为背景候选。,由共享基础引擎判定；根气主要修正重复调用能力，不等于现实中已经反复发生。,由共享基础引擎判定；强弱只修正调用强度与可用性，不直接等同功能质量。,喜忌只修正调用摩擦、平衡与承载，不直接等同好坏、成熟或道德品质。,原十神功能有效；真合化成立时按化神功能替换，合化争议时停止定性。,由共享基础引擎判定；近位提高进入关系核心的概率，远位只保留背景修正。,94,前置门控,sequence_pattern,K04研究正确功能在错误时点出现，不等于任何“先做A后做B”都是问题。,有时不是缺少能力，而是处理顺序不合适：该先听、先谈或先定边界的环节进入得太晚。,不得仅凭本规则推出控制、冷战、讨好、攻击、依赖、花心、自私、欺骗、暴力、人格／依恋障碍、分手离婚或关系必败；必须结合真实行为、触发情境、反例与保护因素验证。,高,待验证,,provisional=true,0.4
M4-OVERUSE-007,竞争必须是两项真实功能｜不能把矛盾词当冲突,L0 模型边界与证据,OVERUSE-定义边界,通用,边界,K05成立门槛,,两项不同功能都强、都想在同一阶段主导，且缺少分工或协调路径。,两项同源同义；已形成清楚先后或角色分工；一项只是弱背景。,由共享基础引擎提供；只修正功能承载、执行强度和压力反应，不直接等同有无主见。,由M1／M2接口提供；夫妻星只标注关系议题角色，不单独证明过用、不足或竞争。,由M3-BASE提供；日支底盘提高关系相关性，但不能单独建立失衡结论。,由M3及共享流向引擎提供；没有有效起点、转换和终点时，不得补写现实处理顺序。,由共享基础引擎判定；近位提高亲密关系相关性，远位降级为背景候选。,由共享基础引擎判定；根气主要修正重复调用能力，不等于现实中已经反复发生。,由共享基础引擎判定；强弱只修正调用强度与可用性，不直接等同功能质量。,喜忌只修正调用摩擦、平衡与承载，不直接等同好坏、成熟或道德品质。,原十神功能有效；真合化成立时按化神功能替换，合化争议时停止定性。,由共享基础引擎判定；近位提高进入关系核心的概率，远位只保留背景修正。,93,前置门控,competition_pattern,K05不是“性格矛盾”，而是两项有效功能争夺同一处理位置。,你可能同时重视两件都合理的事，难点不在谁对谁错，而在它们是否有清楚的先后和分工。,不得仅凭本规则推出控制、冷战、讨好、攻击、依赖、花心、自私、欺骗、暴力、人格／依恋障碍、分手离婚或关系必败；必须结合真实行为、触发情境、反例与保护因素验证。,高,待验证,,provisional=true,0.4
M4-OVERUSE-008,转换受阻必须存在起点与目标｜不能把相生当完成,L0 模型边界与证据,OVERUSE-定义边界,通用,边界,K06成立门槛,,起点功能有效，目标功能也是当前任务所需，但中间转换缺乏桥接或现实兑现。,目标任务并不需要；已经通过另一条稳定路径完成；或只有五行相生而无现实功能证据。,由共享基础引擎提供；只修正功能承载、执行强度和压力反应，不直接等同有无主见。,由M1／M2接口提供；夫妻星只标注关系议题角色，不单独证明过用、不足或竞争。,由M3-BASE提供；日支底盘提高关系相关性，但不能单独建立失衡结论。,由M3及共享流向引擎提供；没有有效起点、转换和终点时，不得补写现实处理顺序。,由共享基础引擎判定；近位提高亲密关系相关性，远位降级为背景候选。,由共享基础引擎判定；根气主要修正重复调用能力，不等于现实中已经反复发生。,由共享基础引擎判定；强弱只修正调用强度与可用性，不直接等同功能质量。,喜忌只修正调用摩擦、平衡与承载，不直接等同好坏、成熟或道德品质。,原十神功能有效；真合化成立时按化神功能替换，合化争议时停止定性。,由共享基础引擎判定；近位提高进入关系核心的概率，远位只保留背景修正。,92,前置门控,flow_block,K06描述“第一步做到了，但没有转成下一步”，不能由五行生助单独推出。,你可能已经完成前半段，例如理解、表达或投入，但关系真正需要的下一步还没有自然发生。,不得仅凭本规则推出控制、冷战、讨好、攻击、依赖、花心、自私、欺骗、暴力、人格／依恋障碍、分手离婚或关系必败；必须结合真实行为、触发情境、反例与保护因素验证。,高,待验证,,provisional=true,0.4
M4-OVERUSE-009,K07反馈放大交给LOOP｜本模块不得建立循环,L0 模型边界与证据,OVERUSE-定义边界,通用,边界,K07后续路由,,观察到可能的对方反馈或相互强化。,尚无至少两个现实事件的顺序证据。,由共享基础引擎提供；只修正功能承载、执行强度和压力反应，不直接等同有无主见。,由M1／M2接口提供；夫妻星只标注关系议题角色，不单独证明过用、不足或竞争。,由M3-BASE提供；日支底盘提高关系相关性，但不能单独建立失衡结论。,由M3及共享流向引擎提供；没有有效起点、转换和终点时，不得补写现实处理顺序。,由共享基础引擎判定；近位提高亲密关系相关性，远位降级为背景候选。,由共享基础引擎判定；根气主要修正重复调用能力，不等于现实中已经反复发生。,由共享基础引擎判定；强弱只修正调用强度与可用性，不直接等同功能质量。,喜忌只修正调用摩擦、平衡与承载，不直接等同好坏、成熟或道德品质。,原十神功能有效；真合化成立时按化神功能替换，合化争议时停止定性。,由共享基础引擎判定；近位提高进入关系核心的概率，远位只保留背景修正。,91,路由M4-LOOP,boundary_note,OVERUSE只建立功能失衡候选；反馈回路必须由M4-LOOP独立验证。,这一阶段只能说明某种反应可能引出后续问题，不能直接说双方已经形成固定循环。,不得仅凭本规则推出控制、冷战、讨好、攻击、依赖、花心、自私、欺骗、暴力、人格／依恋障碍、分手离婚或关系必败；必须结合真实行为、触发情境、反例与保护因素验证。,高,待验证,,provisional=true,0.4
M4-OVERUSE-010,K08修复断链交给REPAIR｜本模块不得判断修复失败,L0 模型边界与证据,OVERUSE-定义边界,通用,边界,K08后续路由,,问题处理后，怀疑关系没有真正回流。,M3-REPAIR尚未完成，或没有真实修复过程资料。,由共享基础引擎提供；只修正功能承载、执行强度和压力反应，不直接等同有无主见。,由M1／M2接口提供；夫妻星只标注关系议题角色，不单独证明过用、不足或竞争。,由M3-BASE提供；日支底盘提高关系相关性，但不能单独建立失衡结论。,由M3及共享流向引擎提供；没有有效起点、转换和终点时，不得补写现实处理顺序。,由共享基础引擎判定；近位提高亲密关系相关性，远位降级为背景候选。,由共享基础引擎判定；根气主要修正重复调用能力，不等于现实中已经反复发生。,由共享基础引擎判定；强弱只修正调用强度与可用性，不直接等同功能质量。,喜忌只修正调用摩擦、平衡与承载，不直接等同好坏、成熟或道德品质。,原十神功能有效；真合化成立时按化神功能替换，合化争议时停止定性。,由共享基础引擎判定；近位提高进入关系核心的概率，远位只保留背景修正。,90,路由M4-REPAIR,boundary_note,OVERUSE不能把“问题未完全处理”直接写成修复失败。,事情处理完不等于关系已经恢复；但是否存在修复卡点，需要另一个模块和现实过程继续判断。,不得仅凭本规则推出控制、冷战、讨好、攻击、依赖、花心、自私、欺骗、暴力、人格／依恋障碍、分手离婚或关系必败；必须结合真实行为、触发情境、反例与保护因素验证。,高,待验证,,provisional=true,0.4
M4-OVERUSE-011,E0—E2发布上限｜结构与触发候选,L0 模型边界与证据,OVERUSE-定义边界,通用,边界,证据等级,,准备生成M4-OVERUSE结论。,试图直接输出E3重复循环或E4已验证模式。,由共享基础引擎提供；只修正功能承载、执行强度和压力反应，不直接等同有无主见。,由M1／M2接口提供；夫妻星只标注关系议题角色，不单独证明过用、不足或竞争。,由M3-BASE提供；日支底盘提高关系相关性，但不能单独建立失衡结论。,由M3及共享流向引擎提供；没有有效起点、转换和终点时，不得补写现实处理顺序。,由共享基础引擎判定；近位提高亲密关系相关性，远位降级为背景候选。,由共享基础引擎判定；根气主要修正重复调用能力，不等于现实中已经反复发生。,由共享基础引擎判定；强弱只修正调用强度与可用性，不直接等同功能质量。,喜忌只修正调用摩擦、平衡与承载，不直接等同好坏、成熟或道德品质。,原十神功能有效；真合化成立时按化神功能替换，合化争议时停止定性。,由共享基础引擎判定；近位提高进入关系核心的概率，远位只保留背景修正。,89,限制发布强度,evidence_level,本模块最多输出E1结构候选或E2触发候选；E3、E4需要后续模块和现实重复事件。,目前可以说明某种失衡在特定情境下更容易启动，但不能仅凭命盘断定它已经反复发生。,不得仅凭本规则推出控制、冷战、讨好、攻击、依赖、花心、自私、欺骗、暴力、人格／依恋障碍、分手离婚或关系必败；必须结合真实行为、触发情境、反例与保护因素验证。,高,待验证,,provisional=true,0.4
M4-OVERUSE-012,真实行为优先｜命理候选必须接受反例,L0 模型边界与证据,OVERUSE-定义边界,通用,边界,现实行为与反例,,命理结构与现实经历不一致，或出现明确反例。,现实资料明显不可靠且无法复核。,由共享基础引擎提供；只修正功能承载、执行强度和压力反应，不直接等同有无主见。,由M1／M2接口提供；夫妻星只标注关系议题角色，不单独证明过用、不足或竞争。,由M3-BASE提供；日支底盘提高关系相关性，但不能单独建立失衡结论。,由M3及共享流向引擎提供；没有有效起点、转换和终点时，不得补写现实处理顺序。,由共享基础引擎判定；近位提高亲密关系相关性，远位降级为背景候选。,由共享基础引擎判定；根气主要修正重复调用能力，不等于现实中已经反复发生。,由共享基础引擎判定；强弱只修正调用强度与可用性，不直接等同功能质量。,喜忌只修正调用摩擦、平衡与承载，不直接等同好坏、成熟或道德品质。,原十神功能有效；真合化成立时按化神功能替换，合化争议时停止定性。,由共享基础引擎判定；近位提高进入关系核心的概率，远位只保留背景修正。,88,现实证据优先；候选降级或停用,validation_needed,现实跨情境行为和明确反例优先于结构分数。,真实经历如果显示你能稳定使用另一种方式，就应该降低或停止这个候选，而不是强行让经历服从命盘。,不得仅凭本规则推出控制、冷战、讨好、攻击、依赖、花心、自私、欺骗、暴力、人格／依恋障碍、分手离婚或关系必败；必须结合真实行为、触发情境、反例与保护因素验证。,高,待验证,,provisional=true,0.4
M4-OVERUSE-013,同一source_id只计一次基础权重,L0 模型边界与证据,OVERUSE-定义边界,通用,去重,同源去重,,同一日支、同一透藏根、同一现实事件被BASE、EXPR、CARE、BOUND或CONFLICT重复读取。,确有不同事实来源、不同时间情境或不同功能行为。,由共享基础引擎提供；只修正功能承载、执行强度和压力反应，不直接等同有无主见。,由M1／M2接口提供；夫妻星只标注关系议题角色，不单独证明过用、不足或竞争。,由M3-BASE提供；日支底盘提高关系相关性，但不能单独建立失衡结论。,由M3及共享流向引擎提供；没有有效起点、转换和终点时，不得补写现实处理顺序。,由共享基础引擎判定；近位提高亲密关系相关性，远位降级为背景候选。,由共享基础引擎判定；根气主要修正重复调用能力，不等于现实中已经反复发生。,由共享基础引擎判定；强弱只修正调用强度与可用性，不直接等同功能质量。,喜忌只修正调用摩擦、平衡与承载，不直接等同好坏、成熟或道德品质。,原十神功能有效；真合化成立时按化神功能替换，合化争议时停止定性。,由共享基础引擎判定；近位提高进入关系核心的概率，远位只保留背景修正。,87,重复来源不加分,dedup_log,跨模块可以解释同一事实的不同功能，但不能把解释次数当独立证据数量。,同一项表现被多个角度解释，不代表它已经获得了多份独立证明。,不得仅凭本规则推出控制、冷战、讨好、攻击、依赖、花心、自私、欺骗、暴力、人格／依恋障碍、分手离婚或关系必败；必须结合真实行为、触发情境、反例与保护因素验证。,高,待验证,,provisional=true,0.4
M4-OVERUSE-014,保护因素必须与候选同时输出,L0 模型边界与证据,OVERUSE-定义边界,通用,边界,保护因素,,建立任何K01—K06候选。,存在现实安全问题，需要直接停止常规命理解释。,由共享基础引擎提供；只修正功能承载、执行强度和压力反应，不直接等同有无主见。,由M1／M2接口提供；夫妻星只标注关系议题角色，不单独证明过用、不足或竞争。,由M3-BASE提供；日支底盘提高关系相关性，但不能单独建立失衡结论。,由M3及共享流向引擎提供；没有有效起点、转换和终点时，不得补写现实处理顺序。,由共享基础引擎判定；近位提高亲密关系相关性，远位降级为背景候选。,由共享基础引擎判定；根气主要修正重复调用能力，不等于现实中已经反复发生。,由共享基础引擎判定；强弱只修正调用强度与可用性，不直接等同功能质量。,喜忌只修正调用摩擦、平衡与承载，不直接等同好坏、成熟或道德品质。,原十神功能有效；真合化成立时按化神功能替换，合化争议时停止定性。,由共享基础引擎判定；近位提高进入关系核心的概率，远位只保留背景修正。,86,保护因素真实降权,buffer_factor,有效制化、通关、边界、倾听、反馈、现实兑现和反例必须参与分值，而非象征性附注。,这项倾向是否明显，还要看你是否同时具备能够调节它的另一种能力。,不得仅凭本规则推出控制、冷战、讨好、攻击、依赖、花心、自私、欺骗、暴力、人格／依恋障碍、分手离婚或关系必败；必须结合真实行为、触发情境、反例与保护因素验证。,高,待验证,,provisional=true,0.4
M4-OVERUSE-015,M3功能来源映射｜五模块分别提供什么,L0 模型边界与证据,OVERUSE-定义边界,通用,接口,M3-BASE／EXPR／CARE／BOUND／CONFLICT,,需要建立功能来源。,对应M3模块停止或只有低置信标签。,由共享基础引擎提供；只修正功能承载、执行强度和压力反应，不直接等同有无主见。,由M1／M2接口提供；夫妻星只标注关系议题角色，不单独证明过用、不足或竞争。,由M3-BASE提供；日支底盘提高关系相关性，但不能单独建立失衡结论。,由M3及共享流向引擎提供；没有有效起点、转换和终点时，不得补写现实处理顺序。,由共享基础引擎判定；近位提高亲密关系相关性，远位降级为背景候选。,由共享基础引擎判定；根气主要修正重复调用能力，不等于现实中已经反复发生。,由共享基础引擎判定；强弱只修正调用强度与可用性，不直接等同功能质量。,喜忌只修正调用摩擦、平衡与承载，不直接等同好坏、成熟或道德品质。,原十神功能有效；真合化成立时按化神功能替换，合化争议时停止定性。,由共享基础引擎判定；近位提高进入关系核心的概率，远位只保留背景修正。,85,建立功能来源，不重复加分,cross_model_ref,BASE提供底盘，EXPR提供表达，CARE提供支持交换，BOUND提供边界，CONFLICT提供分歧顺序。,模型四不是重新判断你怎么相处，而是在模型三已经确认的相处方式上检查失衡。,不得仅凭本规则推出控制、冷战、讨好、攻击、依赖、花心、自私、欺骗、暴力、人格／依恋障碍、分手离婚或关系必败；必须结合真实行为、触发情境、反例与保护因素验证。,高,待验证,,provisional=true,0.4
M4-OVERUSE-016,E2必须有具体触发域｜不能只写“压力下”,L0 模型边界与证据,OVERUSE-定义边界,通用,边界,触发情境,,准备从E1升级为E2。,无法指出关系不确定、节奏变化、责任变化、现实压力、权限不清、距离改变、价值差异或高压累积中的至少一类。,由共享基础引擎提供；只修正功能承载、执行强度和压力反应，不直接等同有无主见。,由M1／M2接口提供；夫妻星只标注关系议题角色，不单独证明过用、不足或竞争。,由M3-BASE提供；日支底盘提高关系相关性，但不能单独建立失衡结论。,由M3及共享流向引擎提供；没有有效起点、转换和终点时，不得补写现实处理顺序。,由共享基础引擎判定；近位提高亲密关系相关性，远位降级为背景候选。,由共享基础引擎判定；根气主要修正重复调用能力，不等于现实中已经反复发生。,由共享基础引擎判定；强弱只修正调用强度与可用性，不直接等同功能质量。,喜忌只修正调用摩擦、平衡与承载，不直接等同好坏、成熟或道德品质。,原十神功能有效；真合化成立时按化神功能替换，合化争议时停止定性。,由共享基础引擎判定；近位提高进入关系核心的概率，远位只保留背景修正。,84,无触发不升级E2,activation_trigger,触发必须具体到关系任务，不得用笼统“压力大”替代。,只有在能够说明哪类情境更容易启动这项反应时，结论才可以从结构候选升级为触发候选。,不得仅凭本规则推出控制、冷战、讨好、攻击、依赖、花心、自私、欺骗、暴力、人格／依恋障碍、分手离婚或关系必败；必须结合真实行为、触发情境、反例与保护因素验证。,高,待验证,,provisional=true,0.4
M4-OVERUSE-017,不得把用户功能推成对方人格,L0 模型边界与证据,OVERUSE-定义边界,通用,边界,主体边界,,由用户的通道推断对方会防御、冷漠、依赖或控制。,已有对方独立行为证据。,由共享基础引擎提供；只修正功能承载、执行强度和压力反应，不直接等同有无主见。,由M1／M2接口提供；夫妻星只标注关系议题角色，不单独证明过用、不足或竞争。,由M3-BASE提供；日支底盘提高关系相关性，但不能单独建立失衡结论。,由M3及共享流向引擎提供；没有有效起点、转换和终点时，不得补写现实处理顺序。,由共享基础引擎判定；近位提高亲密关系相关性，远位降级为背景候选。,由共享基础引擎判定；根气主要修正重复调用能力，不等于现实中已经反复发生。,由共享基础引擎判定；强弱只修正调用强度与可用性，不直接等同功能质量。,喜忌只修正调用摩擦、平衡与承载，不直接等同好坏、成熟或道德品质。,原十神功能有效；真合化成立时按化神功能替换，合化争议时停止定性。,由共享基础引擎判定；近位提高进入关系核心的概率，远位只保留背景修正。,83,阻止对方人格外推,boundary_note,M4-OVERUSE描述用户功能的调用条件，不凭此定义对方。,你的反应方式可以被分析，但不能据此替对方下人格结论。,不得仅凭本规则推出控制、冷战、讨好、攻击、依赖、花心、自私、欺骗、暴力、人格／依恋障碍、分手离婚或关系必败；必须结合真实行为、触发情境、反例与保护因素验证。,高,待验证,,provisional=true,0.4
M4-OVERUSE-018,现实安全停止｜暴力威胁强迫优先,L0 模型边界与证据,OVERUSE-定义边界,通用,安全,安全风险,,真实关系出现暴力、威胁、强迫、跟踪、隔离、经济控制或人身风险。,无。,由共享基础引擎提供；只修正功能承载、执行强度和压力反应，不直接等同有无主见。,由M1／M2接口提供；夫妻星只标注关系议题角色，不单独证明过用、不足或竞争。,由M3-BASE提供；日支底盘提高关系相关性，但不能单独建立失衡结论。,由M3及共享流向引擎提供；没有有效起点、转换和终点时，不得补写现实处理顺序。,由共享基础引擎判定；近位提高亲密关系相关性，远位降级为背景候选。,由共享基础引擎判定；根气主要修正重复调用能力，不等于现实中已经反复发生。,由共享基础引擎判定；强弱只修正调用强度与可用性，不直接等同功能质量。,喜忌只修正调用摩擦、平衡与承载，不直接等同好坏、成熟或道德品质。,原十神功能有效；真合化成立时按化神功能替换，合化争议时停止定性。,由共享基础引擎判定；近位提高进入关系核心的概率，远位只保留背景修正。,82,STOP；不生成双方循环解释,report_status,现实安全和责任判断优先，不能用“功能竞争”弱化伤害行为。,这里应停止常规命理解释，优先处理现实安全、证据和专业支持。,不得仅凭本规则推出控制、冷战、讨好、攻击、依赖、花心、自私、欺骗、暴力、人格／依恋障碍、分手离婚或关系必败；必须结合真实行为、触发情境、反例与保护因素验证。,高,待验证,,provisional=true,0.4
M4-OVERUSE-019,正文输出上限｜一主一辅一缺位一保护,L0 模型边界与证据,OVERUSE-定义边界,通用,输出,输出数量限制,,多个K机制同时达到候选门槛。,主次无法区分或同源未去重。,由共享基础引擎提供；只修正功能承载、执行强度和压力反应，不直接等同有无主见。,由M1／M2接口提供；夫妻星只标注关系议题角色，不单独证明过用、不足或竞争。,由M3-BASE提供；日支底盘提高关系相关性，但不能单独建立失衡结论。,由M3及共享流向引擎提供；没有有效起点、转换和终点时，不得补写现实处理顺序。,由共享基础引擎判定；近位提高亲密关系相关性，远位降级为背景候选。,由共享基础引擎判定；根气主要修正重复调用能力，不等于现实中已经反复发生。,由共享基础引擎判定；强弱只修正调用强度与可用性，不直接等同功能质量。,喜忌只修正调用摩擦、平衡与承载，不直接等同好坏、成熟或道德品质。,原十神功能有效；真合化成立时按化神功能替换，合化争议时停止定性。,由共享基础引擎判定；近位提高进入关系核心的概率，远位只保留背景修正。,81,主机制1项；次机制最多1项,report_template,正文只保留一个主失衡机制、一个次机制、一个关键缺位和一个保护因素。,最终解释应聚焦最主要的一条机制，而不是堆出一串负面标签。,不得仅凭本规则推出控制、冷战、讨好、攻击、依赖、花心、自私、欺骗、暴力、人格／依恋障碍、分手离婚或关系必败；必须结合真实行为、触发情境、反例与保护因素验证。,高,待验证,,provisional=true,0.4
M4-OVERUSE-020,V0.4发布状态｜全部规则待验证,L0 模型边界与证据,OVERUSE-定义边界,通用,发布,版本状态,,M4-OVERUSE V0.4规则生成。,真实案例校准尚未完成。,由共享基础引擎提供；只修正功能承载、执行强度和压力反应，不直接等同有无主见。,由M1／M2接口提供；夫妻星只标注关系议题角色，不单独证明过用、不足或竞争。,由M3-BASE提供；日支底盘提高关系相关性，但不能单独建立失衡结论。,由M3及共享流向引擎提供；没有有效起点、转换和终点时，不得补写现实处理顺序。,由共享基础引擎判定；近位提高亲密关系相关性，远位降级为背景候选。,由共享基础引擎判定；根气主要修正重复调用能力，不等于现实中已经反复发生。,由共享基础引擎判定；强弱只修正调用强度与可用性，不直接等同功能质量。,喜忌只修正调用摩擦、平衡与承载，不直接等同好坏、成熟或道德品质。,原十神功能有效；真合化成立时按化神功能替换，合化争议时停止定性。,由共享基础引擎判定；近位提高进入关系核心的概率，远位只保留背景修正。,80,不加分；provisional=true,boundary_note,规则结构完成不等于经验准确率已经得到验证。,当前规则可用于结构化分析和记录案例，但分值与门槛仍需要真实经历和反例校准。,不得仅凭本规则推出控制、冷战、讨好、攻击、依赖、花心、自私、欺骗、暴力、人格／依恋障碍、分手离婚或关系必败；必须结合真实行为、触发情境、反例与保护因素验证。,高,待验证,,provisional=true,0.4
M4-OVERUSE-021,K01定义｜过用放大,L1 六类失衡机制,OVERUSE-机制K01,通用,定义,K01,,一项原本有效的关系功能在特定情境下过早、过强或过久占据处理位置，使其他必要功能难以进入。,只是信号强或使用熟练；其他功能仍按需要进入；现实反例显示没有占位。,由共享基础引擎提供；只修正功能承载、执行强度和压力反应，不直接等同有无主见。,由M1／M2接口提供；夫妻星只标注关系议题角色，不单独证明过用、不足或竞争。,由M3-BASE提供；日支底盘提高关系相关性，但不能单独建立失衡结论。,由M3及共享流向引擎提供；没有有效起点、转换和终点时，不得补写现实处理顺序。,由共享基础引擎判定；近位提高亲密关系相关性，远位降级为背景候选。,由共享基础引擎判定；根气主要修正重复调用能力，不等于现实中已经反复发生。,由共享基础引擎判定；强弱只修正调用强度与可用性，不直接等同功能质量。,喜忌只修正调用摩擦、平衡与承载，不直接等同好坏、成熟或道德品质。,原十神功能有效；真合化成立时按化神功能替换，合化争议时停止定性。,由共享基础引擎判定；近位提高进入关系核心的概率，远位只保留背景修正。,95,建立机制候选,imbalance_mechanism,一项原本有效的关系功能在特定情境下过早、过强或过久占据处理位置，使其他必要功能难以进入。,你原本很擅长使用这项功能；在特定情境下，它可能会过早占据处理位置，使另一项同样必要的任务进入得更晚。,不得仅凭本规则推出控制、冷战、讨好、攻击、依赖、花心、自私、欺骗、暴力、人格／依恋障碍、分手离婚或关系必败；必须结合真实行为、触发情境、反例与保护因素验证。,中高,待验证,,provisional=true,0.4
M4-OVERUSE-022,K01成立条件｜正常功能与必要缺口,L1 六类失衡机制,OVERUSE-机制K01,通用,门控,正常功能＋目标任务,,正常功能有效；存在抢先、重复占位或处理范围扩大的证据；至少一项必要功能被压缩。,只是信号强或使用熟练；其他功能仍按需要进入；现实反例显示没有占位。,由共享基础引擎提供；只修正功能承载、执行强度和压力反应，不直接等同有无主见。,由M1／M2接口提供；夫妻星只标注关系议题角色，不单独证明过用、不足或竞争。,由M3-BASE提供；日支底盘提高关系相关性，但不能单独建立失衡结论。,由M3及共享流向引擎提供；没有有效起点、转换和终点时，不得补写现实处理顺序。,由共享基础引擎判定；近位提高亲密关系相关性，远位降级为背景候选。,由共享基础引擎判定；根气主要修正重复调用能力，不等于现实中已经反复发生。,由共享基础引擎判定；强弱只修正调用强度与可用性，不直接等同功能质量。,喜忌只修正调用摩擦、平衡与承载，不直接等同好坏、成熟或道德品质。,原十神功能有效；真合化成立时按化神功能替换，合化争议时停止定性。,由共享基础引擎判定；近位提高进入关系核心的概率，远位只保留背景修正。,94,+8正常功能；+10明确机制,evidence_level,K01必须同时具备正常功能来源和具体失衡方式。,只有同时说明“原本会做什么”和“哪一步失衡”，才可以建立这一候选。,不得仅凭本规则推出控制、冷战、讨好、攻击、依赖、花心、自私、欺骗、暴力、人格／依恋障碍、分手离婚或关系必败；必须结合真实行为、触发情境、反例与保护因素验证。,中高,待验证,,provisional=true,0.4
M4-OVERUSE-023,K01独立证据｜至少两类来源,L1 六类失衡机制,OVERUSE-机制K01,通用,证据,独立事实来源,,至少两类不同source_id，或命理状态＋现实行为相互支持。,同一日支、同一透藏根、同一次事件被重复解释。,由共享基础引擎提供；只修正功能承载、执行强度和压力反应，不直接等同有无主见。,由M1／M2接口提供；夫妻星只标注关系议题角色，不单独证明过用、不足或竞争。,由M3-BASE提供；日支底盘提高关系相关性，但不能单独建立失衡结论。,由M3及共享流向引擎提供；没有有效起点、转换和终点时，不得补写现实处理顺序。,由共享基础引擎判定；近位提高亲密关系相关性，远位降级为背景候选。,由共享基础引擎判定；根气主要修正重复调用能力，不等于现实中已经反复发生。,由共享基础引擎判定；强弱只修正调用强度与可用性，不直接等同功能质量。,喜忌只修正调用摩擦、平衡与承载，不直接等同好坏、成熟或道德品质。,原十神功能有效；真合化成立时按化神功能替换，合化争议时停止定性。,由共享基础引擎判定；近位提高进入关系核心的概率，远位只保留背景修正。,93,+8第二独立证据,evidence_level,同一事实多次出现不能替代独立证据。,同一件事被反复描述，不等于它已经被多种现实证据确认。,不得仅凭本规则推出控制、冷战、讨好、攻击、依赖、花心、自私、欺骗、暴力、人格／依恋障碍、分手离婚或关系必败；必须结合真实行为、触发情境、反例与保护因素验证。,中高,待验证,,provisional=true,0.4
M4-OVERUSE-024,K01排除条件｜何时不得成立,L1 六类失衡机制,OVERUSE-机制K01,通用,停止,反例与替代路径,,只是信号强或使用熟练；其他功能仍按需要进入；现实反例显示没有占位。,无。,由共享基础引擎提供；只修正功能承载、执行强度和压力反应，不直接等同有无主见。,由M1／M2接口提供；夫妻星只标注关系议题角色，不单独证明过用、不足或竞争。,由M3-BASE提供；日支底盘提高关系相关性，但不能单独建立失衡结论。,由M3及共享流向引擎提供；没有有效起点、转换和终点时，不得补写现实处理顺序。,由共享基础引擎判定；近位提高亲密关系相关性，远位降级为背景候选。,由共享基础引擎判定；根气主要修正重复调用能力，不等于现实中已经反复发生。,由共享基础引擎判定；强弱只修正调用强度与可用性，不直接等同功能质量。,喜忌只修正调用摩擦、平衡与承载，不直接等同好坏、成熟或道德品质。,原十神功能有效；真合化成立时按化神功能替换，合化争议时停止定性。,由共享基础引擎判定；近位提高进入关系核心的概率，远位只保留背景修正。,93,候选清零或降级,stop_reason,若排除条件成立，K01不得进入正文。,当现实中另一项功能能够稳定进入，或这项方式并未挤占关系任务时，应降低或停止判断。,不得仅凭本规则推出控制、冷战、讨好、攻击、依赖、花心、自私、欺骗、暴力、人格／依恋障碍、分手离婚或关系必败；必须结合真实行为、触发情境、反例与保护因素验证。,中高,待验证,,provisional=true,0.4
M4-OVERUSE-025,K01触发域｜何时更容易启动,L1 六类失衡机制,OVERUSE-机制K01,通用,触发,TR01—TR08候选,,关系不确定、节奏变化、责任压力、权限不清或高压事件使熟悉功能更容易抢先启动。,只能笼统写“压力下”，无法匹配具体关系任务。,由共享基础引擎提供；只修正功能承载、执行强度和压力反应，不直接等同有无主见。,由M1／M2接口提供；夫妻星只标注关系议题角色，不单独证明过用、不足或竞争。,由M3-BASE提供；日支底盘提高关系相关性，但不能单独建立失衡结论。,由M3及共享流向引擎提供；没有有效起点、转换和终点时，不得补写现实处理顺序。,由共享基础引擎判定；近位提高亲密关系相关性，远位降级为背景候选。,由共享基础引擎判定；根气主要修正重复调用能力，不等于现实中已经反复发生。,由共享基础引擎判定；强弱只修正调用强度与可用性，不直接等同功能质量。,喜忌只修正调用摩擦、平衡与承载，不直接等同好坏、成熟或道德品质。,原十神功能有效；真合化成立时按化神功能替换，合化争议时停止定性。,由共享基础引擎判定；近位提高进入关系核心的概率，远位只保留背景修正。,88,+6明确触发；可升级E2,activation_trigger,关系不确定、节奏变化、责任压力、权限不清或高压事件使熟悉功能更容易抢先启动。,这项反应更可能在关系不确定、节奏变化、责任压力、权限不清或高压事件使熟悉功能更容易抢先启动。时被启动。,不得仅凭本规则推出控制、冷战、讨好、攻击、依赖、花心、自私、欺骗、暴力、人格／依恋障碍、分手离婚或关系必败；必须结合真实行为、触发情境、反例与保护因素验证。,中高,待验证,,provisional=true,0.4
M4-OVERUSE-026,K01跨M3表现｜表达照顾边界分歧,L1 六类失衡机制,OVERUSE-机制K01,通用,接口,M3五模块,,至少一个M3模块支持该机制，另一个模块显示被挤占或缺位。,M3模块全部停止或仅有同源标签。,由共享基础引擎提供；只修正功能承载、执行强度和压力反应，不直接等同有无主见。,由M1／M2接口提供；夫妻星只标注关系议题角色，不单独证明过用、不足或竞争。,由M3-BASE提供；日支底盘提高关系相关性，但不能单独建立失衡结论。,由M3及共享流向引擎提供；没有有效起点、转换和终点时，不得补写现实处理顺序。,由共享基础引擎判定；近位提高亲密关系相关性，远位降级为背景候选。,由共享基础引擎判定；根气主要修正重复调用能力，不等于现实中已经反复发生。,由共享基础引擎判定；强弱只修正调用强度与可用性，不直接等同功能质量。,喜忌只修正调用摩擦、平衡与承载，不直接等同好坏、成熟或道德品质。,原十神功能有效；真合化成立时按化神功能替换，合化争议时停止定性。,由共享基础引擎判定；近位提高进入关系核心的概率，远位只保留背景修正。,87,+6跨模块功能证据,cross_model_ref,在EXPR可表现为说明过多，在CARE可表现为投入占位，在BOUND可表现为规则或边界抢先，在CONFLICT可表现为行动或分析压住倾听。,你原本很擅长使用这项功能；在特定情境下，它可能会过早占据处理位置，使另一项同样必要的任务进入得更晚。,不得仅凭本规则推出控制、冷战、讨好、攻击、依赖、花心、自私、欺骗、暴力、人格／依恋障碍、分手离婚或关系必败；必须结合真实行为、触发情境、反例与保护因素验证。,中高,待验证,,provisional=true,0.4
M4-OVERUSE-027,K01保护因素｜调节与反例,L1 六类失衡机制,OVERUSE-机制K01,通用,保护,BF01—BF08,,有效制化、第二通道及时进入、共同协商、现实反馈和可复核反例。,保护因素只作为象征性备注、没有真实降低候选。,由共享基础引擎提供；只修正功能承载、执行强度和压力反应，不直接等同有无主见。,由M1／M2接口提供；夫妻星只标注关系议题角色，不单独证明过用、不足或竞争。,由M3-BASE提供；日支底盘提高关系相关性，但不能单独建立失衡结论。,由M3及共享流向引擎提供；没有有效起点、转换和终点时，不得补写现实处理顺序。,由共享基础引擎判定；近位提高亲密关系相关性，远位降级为背景候选。,由共享基础引擎判定；根气主要修正重复调用能力，不等于现实中已经反复发生。,由共享基础引擎判定；强弱只修正调用强度与可用性，不直接等同功能质量。,喜忌只修正调用摩擦、平衡与承载，不直接等同好坏、成熟或道德品质。,原十神功能有效；真合化成立时按化神功能替换，合化争议时停止定性。,由共享基础引擎判定；近位提高进入关系核心的概率，远位只保留背景修正。,90,-6至-12，按保护强度,buffer_factor,有效制化、第二通道及时进入、共同协商、现实反馈和可复核反例。,如果另一项能力能够及时进入、现实反馈稳定，或存在清楚反例，这个候选会明显减弱。,不得仅凭本规则推出控制、冷战、讨好、攻击、依赖、花心、自私、欺骗、暴力、人格／依恋障碍、分手离婚或关系必败；必须结合真实行为、触发情境、反例与保护因素验证。,中高,待验证,,provisional=true,0.4
M4-OVERUSE-028,K01暂定评分｜结构与触发,L1 六类失衡机制,OVERUSE-机制K01,通用,评分,K01,,正常功能有效；存在抢先、重复占位或处理范围扩大的证据；至少一项必要功能被压缩。,只是信号强或使用熟练；其他功能仍按需要进入；现实反例显示没有占位。,由共享基础引擎提供；只修正功能承载、执行强度和压力反应，不直接等同有无主见。,由M1／M2接口提供；夫妻星只标注关系议题角色，不单独证明过用、不足或竞争。,由M3-BASE提供；日支底盘提高关系相关性，但不能单独建立失衡结论。,由M3及共享流向引擎提供；没有有效起点、转换和终点时，不得补写现实处理顺序。,由共享基础引擎判定；近位提高亲密关系相关性，远位降级为背景候选。,由共享基础引擎判定；根气主要修正重复调用能力，不等于现实中已经反复发生。,由共享基础引擎判定；强弱只修正调用强度与可用性，不直接等同功能质量。,喜忌只修正调用摩擦、平衡与承载，不直接等同好坏、成熟或道德品质。,原十神功能有效；真合化成立时按化神功能替换，合化争议时停止定性。,由共享基础引擎判定；近位提高进入关系核心的概率，远位只保留背景修正。,80,+10机制；+8独立证据；+6触发；同源-8；强保护-10,score_effect,K01分值只用于知识库路由，不是统计概率。,分值只帮助比较候选主次，不能代替现实事件验证。,不得仅凭本规则推出控制、冷战、讨好、攻击、依赖、花心、自私、欺骗、暴力、人格／依恋障碍、分手离婚或关系必败；必须结合真实行为、触发情境、反例与保护因素验证。,中高,待验证,,provisional=true,0.4
M4-OVERUSE-029,K01用户输出｜中性解释,L1 六类失衡机制,OVERUSE-机制K01,通用,输出,K01,,正常功能有效；存在抢先、重复占位或处理范围扩大的证据；至少一项必要功能被压缩。,只是信号强或使用熟练；其他功能仍按需要进入；现实反例显示没有占位。,由共享基础引擎提供；只修正功能承载、执行强度和压力反应，不直接等同有无主见。,由M1／M2接口提供；夫妻星只标注关系议题角色，不单独证明过用、不足或竞争。,由M3-BASE提供；日支底盘提高关系相关性，但不能单独建立失衡结论。,由M3及共享流向引擎提供；没有有效起点、转换和终点时，不得补写现实处理顺序。,由共享基础引擎判定；近位提高亲密关系相关性，远位降级为背景候选。,由共享基础引擎判定；根气主要修正重复调用能力，不等于现实中已经反复发生。,由共享基础引擎判定；强弱只修正调用强度与可用性，不直接等同功能质量。,喜忌只修正调用摩擦、平衡与承载，不直接等同好坏、成熟或道德品质。,原十神功能有效；真合化成立时按化神功能替换，合化争议时停止定性。,由共享基础引擎判定；近位提高进入关系核心的概率，远位只保留背景修正。,86,生成一段候选语言,report_template,一项原本有效的关系功能在特定情境下过早、过强或过久占据处理位置，使其他必要功能难以进入。,你原本很擅长使用这项功能；在特定情境下，它可能会过早占据处理位置，使另一项同样必要的任务进入得更晚。,不得仅凭本规则推出控制、冷战、讨好、攻击、依赖、花心、自私、欺骗、暴力、人格／依恋障碍、分手离婚或关系必败；必须结合真实行为、触发情境、反例与保护因素验证。,中高,待验证,,provisional=true,0.4
M4-OVERUSE-030,K01升级与停止｜E1／E2上限,L1 六类失衡机制,OVERUSE-机制K01,通用,边界,K01,,E1需正常功能＋机制＋两类证据；E2再加具体触发且保护不足。,试图独立升级E3／E4，或现实反例明确。,由共享基础引擎提供；只修正功能承载、执行强度和压力反应，不直接等同有无主见。,由M1／M2接口提供；夫妻星只标注关系议题角色，不单独证明过用、不足或竞争。,由M3-BASE提供；日支底盘提高关系相关性，但不能单独建立失衡结论。,由M3及共享流向引擎提供；没有有效起点、转换和终点时，不得补写现实处理顺序。,由共享基础引擎判定；近位提高亲密关系相关性，远位降级为背景候选。,由共享基础引擎判定；根气主要修正重复调用能力，不等于现实中已经反复发生。,由共享基础引擎判定；强弱只修正调用强度与可用性，不直接等同功能质量。,喜忌只修正调用摩擦、平衡与承载，不直接等同好坏、成熟或道德品质。,原十神功能有效；真合化成立时按化神功能替换，合化争议时停止定性。,由共享基础引擎判定；近位提高进入关系核心的概率，远位只保留背景修正。,92,E1／E2路由；E3交LOOP,boundary_note,K01在OVERUSE中最高到E2。,目前最多说明这项机制在某些情境中更容易出现；是否反复形成固定模式，要结合后续循环模块和真实经历。,不得仅凭本规则推出控制、冷战、讨好、攻击、依赖、花心、自私、欺骗、暴力、人格／依恋障碍、分手离婚或关系必败；必须结合真实行为、触发情境、反例与保护因素验证。,中高,待验证,,provisional=true,0.4
M4-OVERUSE-031,K02定义｜功能不足,L1 六类失衡机制,OVERUSE-机制K02,通用,定义,K02,,当前关系任务需要某项功能，但该功能可用性低、进入过晚或缺少稳定承载，导致处理链条出现空位。,任务并不需要该功能；已有另一条稳定路径完成；只是表达风格不同。,由共享基础引擎提供；只修正功能承载、执行强度和压力反应，不直接等同有无主见。,由M1／M2接口提供；夫妻星只标注关系议题角色，不单独证明过用、不足或竞争。,由M3-BASE提供；日支底盘提高关系相关性，但不能单独建立失衡结论。,由M3及共享流向引擎提供；没有有效起点、转换和终点时，不得补写现实处理顺序。,由共享基础引擎判定；近位提高亲密关系相关性，远位降级为背景候选。,由共享基础引擎判定；根气主要修正重复调用能力，不等于现实中已经反复发生。,由共享基础引擎判定；强弱只修正调用强度与可用性，不直接等同功能质量。,喜忌只修正调用摩擦、平衡与承载，不直接等同好坏、成熟或道德品质。,原十神功能有效；真合化成立时按化神功能替换，合化争议时停止定性。,由共享基础引擎判定；近位提高进入关系核心的概率，远位只保留背景修正。,95,建立机制候选,missing_function,当前关系任务需要某项功能，但该功能可用性低、进入过晚或缺少稳定承载，导致处理链条出现空位。,真正需要关注的不是你“没有这项能力”，而是当关系需要它时，这项功能是否能及时、稳定地进入。,不得仅凭本规则推出控制、冷战、讨好、攻击、依赖、花心、自私、欺骗、暴力、人格／依恋障碍、分手离婚或关系必败；必须结合真实行为、触发情境、反例与保护因素验证。,中高,待验证,,provisional=true,0.4
M4-OVERUSE-032,K02成立条件｜正常功能与必要缺口,L1 六类失衡机制,OVERUSE-机制K02,通用,门控,正常功能＋目标任务,,目标功能对当前任务必要；没有等价替代；至少两类证据显示它弱、远、无根、受阻或现实中难以调用。,任务并不需要该功能；已有另一条稳定路径完成；只是表达风格不同。,由共享基础引擎提供；只修正功能承载、执行强度和压力反应，不直接等同有无主见。,由M1／M2接口提供；夫妻星只标注关系议题角色，不单独证明过用、不足或竞争。,由M3-BASE提供；日支底盘提高关系相关性，但不能单独建立失衡结论。,由M3及共享流向引擎提供；没有有效起点、转换和终点时，不得补写现实处理顺序。,由共享基础引擎判定；近位提高亲密关系相关性，远位降级为背景候选。,由共享基础引擎判定；根气主要修正重复调用能力，不等于现实中已经反复发生。,由共享基础引擎判定；强弱只修正调用强度与可用性，不直接等同功能质量。,喜忌只修正调用摩擦、平衡与承载，不直接等同好坏、成熟或道德品质。,原十神功能有效；真合化成立时按化神功能替换，合化争议时停止定性。,由共享基础引擎判定；近位提高进入关系核心的概率，远位只保留背景修正。,94,+8正常功能；+10明确机制,evidence_level,K02必须同时具备正常功能来源和具体失衡方式。,只有同时说明“原本会做什么”和“哪一步失衡”，才可以建立这一候选。,不得仅凭本规则推出控制、冷战、讨好、攻击、依赖、花心、自私、欺骗、暴力、人格／依恋障碍、分手离婚或关系必败；必须结合真实行为、触发情境、反例与保护因素验证。,中高,待验证,,provisional=true,0.4
M4-OVERUSE-033,K02独立证据｜至少两类来源,L1 六类失衡机制,OVERUSE-机制K02,通用,证据,独立事实来源,,至少两类不同source_id，或命理状态＋现实行为相互支持。,同一日支、同一透藏根、同一次事件被重复解释。,由共享基础引擎提供；只修正功能承载、执行强度和压力反应，不直接等同有无主见。,由M1／M2接口提供；夫妻星只标注关系议题角色，不单独证明过用、不足或竞争。,由M3-BASE提供；日支底盘提高关系相关性，但不能单独建立失衡结论。,由M3及共享流向引擎提供；没有有效起点、转换和终点时，不得补写现实处理顺序。,由共享基础引擎判定；近位提高亲密关系相关性，远位降级为背景候选。,由共享基础引擎判定；根气主要修正重复调用能力，不等于现实中已经反复发生。,由共享基础引擎判定；强弱只修正调用强度与可用性，不直接等同功能质量。,喜忌只修正调用摩擦、平衡与承载，不直接等同好坏、成熟或道德品质。,原十神功能有效；真合化成立时按化神功能替换，合化争议时停止定性。,由共享基础引擎判定；近位提高进入关系核心的概率，远位只保留背景修正。,93,+8第二独立证据,evidence_level,同一事实多次出现不能替代独立证据。,同一件事被反复描述，不等于它已经被多种现实证据确认。,不得仅凭本规则推出控制、冷战、讨好、攻击、依赖、花心、自私、欺骗、暴力、人格／依恋障碍、分手离婚或关系必败；必须结合真实行为、触发情境、反例与保护因素验证。,中高,待验证,,provisional=true,0.4
M4-OVERUSE-034,K02排除条件｜何时不得成立,L1 六类失衡机制,OVERUSE-机制K02,通用,停止,反例与替代路径,,任务并不需要该功能；已有另一条稳定路径完成；只是表达风格不同。,无。,由共享基础引擎提供；只修正功能承载、执行强度和压力反应，不直接等同有无主见。,由M1／M2接口提供；夫妻星只标注关系议题角色，不单独证明过用、不足或竞争。,由M3-BASE提供；日支底盘提高关系相关性，但不能单独建立失衡结论。,由M3及共享流向引擎提供；没有有效起点、转换和终点时，不得补写现实处理顺序。,由共享基础引擎判定；近位提高亲密关系相关性，远位降级为背景候选。,由共享基础引擎判定；根气主要修正重复调用能力，不等于现实中已经反复发生。,由共享基础引擎判定；强弱只修正调用强度与可用性，不直接等同功能质量。,喜忌只修正调用摩擦、平衡与承载，不直接等同好坏、成熟或道德品质。,原十神功能有效；真合化成立时按化神功能替换，合化争议时停止定性。,由共享基础引擎判定；近位提高进入关系核心的概率，远位只保留背景修正。,93,候选清零或降级,stop_reason,若排除条件成立，K02不得进入正文。,当现实中另一项功能能够稳定进入，或这项方式并未挤占关系任务时，应降低或停止判断。,不得仅凭本规则推出控制、冷战、讨好、攻击、依赖、花心、自私、欺骗、暴力、人格／依恋障碍、分手离婚或关系必败；必须结合真实行为、触发情境、反例与保护因素验证。,中高,待验证,,provisional=true,0.4
M4-OVERUSE-035,K02触发域｜何时更容易启动,L1 六类失衡机制,OVERUSE-机制K02,通用,触发,TR01—TR08候选,,任务复杂度提高、关系进入现实执行、边界协商或压力修复时，缺位更容易显现。,只能笼统写“压力下”，无法匹配具体关系任务。,由共享基础引擎提供；只修正功能承载、执行强度和压力反应，不直接等同有无主见。,由M1／M2接口提供；夫妻星只标注关系议题角色，不单独证明过用、不足或竞争。,由M3-BASE提供；日支底盘提高关系相关性，但不能单独建立失衡结论。,由M3及共享流向引擎提供；没有有效起点、转换和终点时，不得补写现实处理顺序。,由共享基础引擎判定；近位提高亲密关系相关性，远位降级为背景候选。,由共享基础引擎判定；根气主要修正重复调用能力，不等于现实中已经反复发生。,由共享基础引擎判定；强弱只修正调用强度与可用性，不直接等同功能质量。,喜忌只修正调用摩擦、平衡与承载，不直接等同好坏、成熟或道德品质。,原十神功能有效；真合化成立时按化神功能替换，合化争议时停止定性。,由共享基础引擎判定；近位提高进入关系核心的概率，远位只保留背景修正。,88,+6明确触发；可升级E2,activation_trigger,任务复杂度提高、关系进入现实执行、边界协商或压力修复时，缺位更容易显现。,这项反应更可能在任务复杂度提高、关系进入现实执行、边界协商或压力修复时，缺位更容易显现。时被启动。,不得仅凭本规则推出控制、冷战、讨好、攻击、依赖、花心、自私、欺骗、暴力、人格／依恋障碍、分手离婚或关系必败；必须结合真实行为、触发情境、反例与保护因素验证。,中高,待验证,,provisional=true,0.4
M4-OVERUSE-036,K02跨M3表现｜表达照顾边界分歧,L1 六类失衡机制,OVERUSE-机制K02,通用,接口,M3五模块,,至少一个M3模块支持该机制，另一个模块显示被挤占或缺位。,M3模块全部停止或仅有同源标签。,由共享基础引擎提供；只修正功能承载、执行强度和压力反应，不直接等同有无主见。,由M1／M2接口提供；夫妻星只标注关系议题角色，不单独证明过用、不足或竞争。,由M3-BASE提供；日支底盘提高关系相关性，但不能单独建立失衡结论。,由M3及共享流向引擎提供；没有有效起点、转换和终点时，不得补写现实处理顺序。,由共享基础引擎判定；近位提高亲密关系相关性，远位降级为背景候选。,由共享基础引擎判定；根气主要修正重复调用能力，不等于现实中已经反复发生。,由共享基础引擎判定；强弱只修正调用强度与可用性，不直接等同功能质量。,喜忌只修正调用摩擦、平衡与承载，不直接等同好坏、成熟或道德品质。,原十神功能有效；真合化成立时按化神功能替换，合化争议时停止定性。,由共享基础引擎判定；近位提高进入关系核心的概率，远位只保留背景修正。,87,+6跨模块功能证据,cross_model_ref,EXPR中可能是需求说不清，CARE中可能是支持难持续，BOUND中可能是拒绝或重订不足，CONFLICT中可能是倾听、协商或落实缺位。,真正需要关注的不是你“没有这项能力”，而是当关系需要它时，这项功能是否能及时、稳定地进入。,不得仅凭本规则推出控制、冷战、讨好、攻击、依赖、花心、自私、欺骗、暴力、人格／依恋障碍、分手离婚或关系必败；必须结合真实行为、触发情境、反例与保护因素验证。,中高,待验证,,provisional=true,0.4
M4-OVERUSE-037,K02保护因素｜调节与反例,L1 六类失衡机制,OVERUSE-机制K02,通用,保护,BF01—BF08,,同系统替代、跨系统通关、现实学习经验、对方清楚回应及阶段性支持。,保护因素只作为象征性备注、没有真实降低候选。,由共享基础引擎提供；只修正功能承载、执行强度和压力反应，不直接等同有无主见。,由M1／M2接口提供；夫妻星只标注关系议题角色，不单独证明过用、不足或竞争。,由M3-BASE提供；日支底盘提高关系相关性，但不能单独建立失衡结论。,由M3及共享流向引擎提供；没有有效起点、转换和终点时，不得补写现实处理顺序。,由共享基础引擎判定；近位提高亲密关系相关性，远位降级为背景候选。,由共享基础引擎判定；根气主要修正重复调用能力，不等于现实中已经反复发生。,由共享基础引擎判定；强弱只修正调用强度与可用性，不直接等同功能质量。,喜忌只修正调用摩擦、平衡与承载，不直接等同好坏、成熟或道德品质。,原十神功能有效；真合化成立时按化神功能替换，合化争议时停止定性。,由共享基础引擎判定；近位提高进入关系核心的概率，远位只保留背景修正。,90,-6至-12，按保护强度,buffer_factor,同系统替代、跨系统通关、现实学习经验、对方清楚回应及阶段性支持。,如果另一项能力能够及时进入、现实反馈稳定，或存在清楚反例，这个候选会明显减弱。,不得仅凭本规则推出控制、冷战、讨好、攻击、依赖、花心、自私、欺骗、暴力、人格／依恋障碍、分手离婚或关系必败；必须结合真实行为、触发情境、反例与保护因素验证。,中高,待验证,,provisional=true,0.4
M4-OVERUSE-038,K02暂定评分｜结构与触发,L1 六类失衡机制,OVERUSE-机制K02,通用,评分,K02,,目标功能对当前任务必要；没有等价替代；至少两类证据显示它弱、远、无根、受阻或现实中难以调用。,任务并不需要该功能；已有另一条稳定路径完成；只是表达风格不同。,由共享基础引擎提供；只修正功能承载、执行强度和压力反应，不直接等同有无主见。,由M1／M2接口提供；夫妻星只标注关系议题角色，不单独证明过用、不足或竞争。,由M3-BASE提供；日支底盘提高关系相关性，但不能单独建立失衡结论。,由M3及共享流向引擎提供；没有有效起点、转换和终点时，不得补写现实处理顺序。,由共享基础引擎判定；近位提高亲密关系相关性，远位降级为背景候选。,由共享基础引擎判定；根气主要修正重复调用能力，不等于现实中已经反复发生。,由共享基础引擎判定；强弱只修正调用强度与可用性，不直接等同功能质量。,喜忌只修正调用摩擦、平衡与承载，不直接等同好坏、成熟或道德品质。,原十神功能有效；真合化成立时按化神功能替换，合化争议时停止定性。,由共享基础引擎判定；近位提高进入关系核心的概率，远位只保留背景修正。,80,+10机制；+8独立证据；+6触发；同源-8；强保护-10,score_effect,K02分值只用于知识库路由，不是统计概率。,分值只帮助比较候选主次，不能代替现实事件验证。,不得仅凭本规则推出控制、冷战、讨好、攻击、依赖、花心、自私、欺骗、暴力、人格／依恋障碍、分手离婚或关系必败；必须结合真实行为、触发情境、反例与保护因素验证。,中高,待验证,,provisional=true,0.4
M4-OVERUSE-039,K02用户输出｜中性解释,L1 六类失衡机制,OVERUSE-机制K02,通用,输出,K02,,目标功能对当前任务必要；没有等价替代；至少两类证据显示它弱、远、无根、受阻或现实中难以调用。,任务并不需要该功能；已有另一条稳定路径完成；只是表达风格不同。,由共享基础引擎提供；只修正功能承载、执行强度和压力反应，不直接等同有无主见。,由M1／M2接口提供；夫妻星只标注关系议题角色，不单独证明过用、不足或竞争。,由M3-BASE提供；日支底盘提高关系相关性，但不能单独建立失衡结论。,由M3及共享流向引擎提供；没有有效起点、转换和终点时，不得补写现实处理顺序。,由共享基础引擎判定；近位提高亲密关系相关性，远位降级为背景候选。,由共享基础引擎判定；根气主要修正重复调用能力，不等于现实中已经反复发生。,由共享基础引擎判定；强弱只修正调用强度与可用性，不直接等同功能质量。,喜忌只修正调用摩擦、平衡与承载，不直接等同好坏、成熟或道德品质。,原十神功能有效；真合化成立时按化神功能替换，合化争议时停止定性。,由共享基础引擎判定；近位提高进入关系核心的概率，远位只保留背景修正。,86,生成一段候选语言,report_template,当前关系任务需要某项功能，但该功能可用性低、进入过晚或缺少稳定承载，导致处理链条出现空位。,真正需要关注的不是你“没有这项能力”，而是当关系需要它时，这项功能是否能及时、稳定地进入。,不得仅凭本规则推出控制、冷战、讨好、攻击、依赖、花心、自私、欺骗、暴力、人格／依恋障碍、分手离婚或关系必败；必须结合真实行为、触发情境、反例与保护因素验证。,中高,待验证,,provisional=true,0.4
M4-OVERUSE-040,K02升级与停止｜E1／E2上限,L1 六类失衡机制,OVERUSE-机制K02,通用,边界,K02,,E1需正常功能＋机制＋两类证据；E2再加具体触发且保护不足。,试图独立升级E3／E4，或现实反例明确。,由共享基础引擎提供；只修正功能承载、执行强度和压力反应，不直接等同有无主见。,由M1／M2接口提供；夫妻星只标注关系议题角色，不单独证明过用、不足或竞争。,由M3-BASE提供；日支底盘提高关系相关性，但不能单独建立失衡结论。,由M3及共享流向引擎提供；没有有效起点、转换和终点时，不得补写现实处理顺序。,由共享基础引擎判定；近位提高亲密关系相关性，远位降级为背景候选。,由共享基础引擎判定；根气主要修正重复调用能力，不等于现实中已经反复发生。,由共享基础引擎判定；强弱只修正调用强度与可用性，不直接等同功能质量。,喜忌只修正调用摩擦、平衡与承载，不直接等同好坏、成熟或道德品质。,原十神功能有效；真合化成立时按化神功能替换，合化争议时停止定性。,由共享基础引擎判定；近位提高进入关系核心的概率，远位只保留背景修正。,92,E1／E2路由；E3交LOOP,boundary_note,K02在OVERUSE中最高到E2。,目前最多说明这项机制在某些情境中更容易出现；是否反复形成固定模式，要结合后续循环模块和真实经历。,不得仅凭本规则推出控制、冷战、讨好、攻击、依赖、花心、自私、欺骗、暴力、人格／依恋障碍、分手离婚或关系必败；必须结合真实行为、触发情境、反例与保护因素验证。,中高,待验证,,provisional=true,0.4
M4-OVERUSE-041,K03定义｜单通道替代,L1 六类失衡机制,OVERUSE-机制K03,通用,定义,K03,,用户用最熟悉的一项功能，代替另一项功能应独立完成的任务。,两项只是同义表达；替代通道确实能完整完成目标任务；目标功能已经同步进入。,由共享基础引擎提供；只修正功能承载、执行强度和压力反应，不直接等同有无主见。,由M1／M2接口提供；夫妻星只标注关系议题角色，不单独证明过用、不足或竞争。,由M3-BASE提供；日支底盘提高关系相关性，但不能单独建立失衡结论。,由M3及共享流向引擎提供；没有有效起点、转换和终点时，不得补写现实处理顺序。,由共享基础引擎判定；近位提高亲密关系相关性，远位降级为背景候选。,由共享基础引擎判定；根气主要修正重复调用能力，不等于现实中已经反复发生。,由共享基础引擎判定；强弱只修正调用强度与可用性，不直接等同功能质量。,喜忌只修正调用摩擦、平衡与承载，不直接等同好坏、成熟或道德品质。,原十神功能有效；真合化成立时按化神功能替换，合化争议时停止定性。,由共享基础引擎判定；近位提高进入关系核心的概率，远位只保留背景修正。,95,建立机制候选,substitute_function,用户用最熟悉的一项功能，代替另一项功能应独立完成的任务。,你可能会先用自己最熟悉的方式解决问题，但这项方式未必能替代另一项需要单独完成的关系任务。,不得仅凭本规则推出控制、冷战、讨好、攻击、依赖、花心、自私、欺骗、暴力、人格／依恋障碍、分手离婚或关系必败；必须结合真实行为、触发情境、反例与保护因素验证。,中高,待验证,,provisional=true,0.4
M4-OVERUSE-042,K03成立条件｜正常功能与必要缺口,L1 六类失衡机制,OVERUSE-机制K03,通用,门控,正常功能＋目标任务,,替代通道有效且反复被调用；目标任务不同；被替代功能没有独立完成；同源去重完成。,两项只是同义表达；替代通道确实能完整完成目标任务；目标功能已经同步进入。,由共享基础引擎提供；只修正功能承载、执行强度和压力反应，不直接等同有无主见。,由M1／M2接口提供；夫妻星只标注关系议题角色，不单独证明过用、不足或竞争。,由M3-BASE提供；日支底盘提高关系相关性，但不能单独建立失衡结论。,由M3及共享流向引擎提供；没有有效起点、转换和终点时，不得补写现实处理顺序。,由共享基础引擎判定；近位提高亲密关系相关性，远位降级为背景候选。,由共享基础引擎判定；根气主要修正重复调用能力，不等于现实中已经反复发生。,由共享基础引擎判定；强弱只修正调用强度与可用性，不直接等同功能质量。,喜忌只修正调用摩擦、平衡与承载，不直接等同好坏、成熟或道德品质。,原十神功能有效；真合化成立时按化神功能替换，合化争议时停止定性。,由共享基础引擎判定；近位提高进入关系核心的概率，远位只保留背景修正。,94,+8正常功能；+10明确机制,evidence_level,K03必须同时具备正常功能来源和具体失衡方式。,只有同时说明“原本会做什么”和“哪一步失衡”，才可以建立这一候选。,不得仅凭本规则推出控制、冷战、讨好、攻击、依赖、花心、自私、欺骗、暴力、人格／依恋障碍、分手离婚或关系必败；必须结合真实行为、触发情境、反例与保护因素验证。,中高,待验证,,provisional=true,0.4
M4-OVERUSE-043,K03独立证据｜至少两类来源,L1 六类失衡机制,OVERUSE-机制K03,通用,证据,独立事实来源,,至少两类不同source_id，或命理状态＋现实行为相互支持。,同一日支、同一透藏根、同一次事件被重复解释。,由共享基础引擎提供；只修正功能承载、执行强度和压力反应，不直接等同有无主见。,由M1／M2接口提供；夫妻星只标注关系议题角色，不单独证明过用、不足或竞争。,由M3-BASE提供；日支底盘提高关系相关性，但不能单独建立失衡结论。,由M3及共享流向引擎提供；没有有效起点、转换和终点时，不得补写现实处理顺序。,由共享基础引擎判定；近位提高亲密关系相关性，远位降级为背景候选。,由共享基础引擎判定；根气主要修正重复调用能力，不等于现实中已经反复发生。,由共享基础引擎判定；强弱只修正调用强度与可用性，不直接等同功能质量。,喜忌只修正调用摩擦、平衡与承载，不直接等同好坏、成熟或道德品质。,原十神功能有效；真合化成立时按化神功能替换，合化争议时停止定性。,由共享基础引擎判定；近位提高进入关系核心的概率，远位只保留背景修正。,93,+8第二独立证据,evidence_level,同一事实多次出现不能替代独立证据。,同一件事被反复描述，不等于它已经被多种现实证据确认。,不得仅凭本规则推出控制、冷战、讨好、攻击、依赖、花心、自私、欺骗、暴力、人格／依恋障碍、分手离婚或关系必败；必须结合真实行为、触发情境、反例与保护因素验证。,中高,待验证,,provisional=true,0.4
M4-OVERUSE-044,K03排除条件｜何时不得成立,L1 六类失衡机制,OVERUSE-机制K03,通用,停止,反例与替代路径,,两项只是同义表达；替代通道确实能完整完成目标任务；目标功能已经同步进入。,无。,由共享基础引擎提供；只修正功能承载、执行强度和压力反应，不直接等同有无主见。,由M1／M2接口提供；夫妻星只标注关系议题角色，不单独证明过用、不足或竞争。,由M3-BASE提供；日支底盘提高关系相关性，但不能单独建立失衡结论。,由M3及共享流向引擎提供；没有有效起点、转换和终点时，不得补写现实处理顺序。,由共享基础引擎判定；近位提高亲密关系相关性，远位降级为背景候选。,由共享基础引擎判定；根气主要修正重复调用能力，不等于现实中已经反复发生。,由共享基础引擎判定；强弱只修正调用强度与可用性，不直接等同功能质量。,喜忌只修正调用摩擦、平衡与承载，不直接等同好坏、成熟或道德品质。,原十神功能有效；真合化成立时按化神功能替换，合化争议时停止定性。,由共享基础引擎判定；近位提高进入关系核心的概率，远位只保留背景修正。,93,候选清零或降级,stop_reason,若排除条件成立，K03不得进入正文。,当现实中另一项功能能够稳定进入，或这项方式并未挤占关系任务时，应降低或停止判断。,不得仅凭本规则推出控制、冷战、讨好、攻击、依赖、花心、自私、欺骗、暴力、人格／依恋障碍、分手离婚或关系必败；必须结合真实行为、触发情境、反例与保护因素验证。,中高,待验证,,provisional=true,0.4
M4-OVERUSE-045,K03触发域｜何时更容易启动,L1 六类失衡机制,OVERUSE-机制K03,通用,触发,TR01—TR08候选,,时间有限、关系压力增加、用户希望快速恢复确定性时，最熟悉通道更容易扩张职责。,只能笼统写“压力下”，无法匹配具体关系任务。,由共享基础引擎提供；只修正功能承载、执行强度和压力反应，不直接等同有无主见。,由M1／M2接口提供；夫妻星只标注关系议题角色，不单独证明过用、不足或竞争。,由M3-BASE提供；日支底盘提高关系相关性，但不能单独建立失衡结论。,由M3及共享流向引擎提供；没有有效起点、转换和终点时，不得补写现实处理顺序。,由共享基础引擎判定；近位提高亲密关系相关性，远位降级为背景候选。,由共享基础引擎判定；根气主要修正重复调用能力，不等于现实中已经反复发生。,由共享基础引擎判定；强弱只修正调用强度与可用性，不直接等同功能质量。,喜忌只修正调用摩擦、平衡与承载，不直接等同好坏、成熟或道德品质。,原十神功能有效；真合化成立时按化神功能替换，合化争议时停止定性。,由共享基础引擎判定；近位提高进入关系核心的概率，远位只保留背景修正。,88,+6明确触发；可升级E2,activation_trigger,时间有限、关系压力增加、用户希望快速恢复确定性时，最熟悉通道更容易扩张职责。,这项反应更可能在时间有限、关系压力增加、用户希望快速恢复确定性时，最熟悉通道更容易扩张职责。时被启动。,不得仅凭本规则推出控制、冷战、讨好、攻击、依赖、花心、自私、欺骗、暴力、人格／依恋障碍、分手离婚或关系必败；必须结合真实行为、触发情境、反例与保护因素验证。,中高,待验证,,provisional=true,0.4
M4-OVERUSE-046,K03跨M3表现｜表达照顾边界分歧,L1 六类失衡机制,OVERUSE-机制K03,通用,接口,M3五模块,,至少一个M3模块支持该机制，另一个模块显示被挤占或缺位。,M3模块全部停止或仅有同源标签。,由共享基础引擎提供；只修正功能承载、执行强度和压力反应，不直接等同有无主见。,由M1／M2接口提供；夫妻星只标注关系议题角色，不单独证明过用、不足或竞争。,由M3-BASE提供；日支底盘提高关系相关性，但不能单独建立失衡结论。,由M3及共享流向引擎提供；没有有效起点、转换和终点时，不得补写现实处理顺序。,由共享基础引擎判定；近位提高亲密关系相关性，远位降级为背景候选。,由共享基础引擎判定；根气主要修正重复调用能力，不等于现实中已经反复发生。,由共享基础引擎判定；强弱只修正调用强度与可用性，不直接等同功能质量。,喜忌只修正调用摩擦、平衡与承载，不直接等同好坏、成熟或道德品质。,原十神功能有效；真合化成立时按化神功能替换，合化争议时停止定性。,由共享基础引擎判定；近位提高进入关系核心的概率，远位只保留背景修正。,87,+6跨模块功能证据,cross_model_ref,常见如解释替代倾听、解决问题替代情绪处理、投入替代承诺、理解替代改变、自主替代协商。,你可能会先用自己最熟悉的方式解决问题，但这项方式未必能替代另一项需要单独完成的关系任务。,不得仅凭本规则推出控制、冷战、讨好、攻击、依赖、花心、自私、欺骗、暴力、人格／依恋障碍、分手离婚或关系必败；必须结合真实行为、触发情境、反例与保护因素验证。,中高,待验证,,provisional=true,0.4
M4-OVERUSE-047,K03保护因素｜调节与反例,L1 六类失衡机制,OVERUSE-机制K03,通用,保护,BF01—BF08,,明确区分任务、建立跨系统桥接、在输出中写清“做了什么”和“还没完成什么”。,保护因素只作为象征性备注、没有真实降低候选。,由共享基础引擎提供；只修正功能承载、执行强度和压力反应，不直接等同有无主见。,由M1／M2接口提供；夫妻星只标注关系议题角色，不单独证明过用、不足或竞争。,由M3-BASE提供；日支底盘提高关系相关性，但不能单独建立失衡结论。,由M3及共享流向引擎提供；没有有效起点、转换和终点时，不得补写现实处理顺序。,由共享基础引擎判定；近位提高亲密关系相关性，远位降级为背景候选。,由共享基础引擎判定；根气主要修正重复调用能力，不等于现实中已经反复发生。,由共享基础引擎判定；强弱只修正调用强度与可用性，不直接等同功能质量。,喜忌只修正调用摩擦、平衡与承载，不直接等同好坏、成熟或道德品质。,原十神功能有效；真合化成立时按化神功能替换，合化争议时停止定性。,由共享基础引擎判定；近位提高进入关系核心的概率，远位只保留背景修正。,90,-6至-12，按保护强度,buffer_factor,明确区分任务、建立跨系统桥接、在输出中写清“做了什么”和“还没完成什么”。,如果另一项能力能够及时进入、现实反馈稳定，或存在清楚反例，这个候选会明显减弱。,不得仅凭本规则推出控制、冷战、讨好、攻击、依赖、花心、自私、欺骗、暴力、人格／依恋障碍、分手离婚或关系必败；必须结合真实行为、触发情境、反例与保护因素验证。,中高,待验证,,provisional=true,0.4
M4-OVERUSE-048,K03暂定评分｜结构与触发,L1 六类失衡机制,OVERUSE-机制K03,通用,评分,K03,,替代通道有效且反复被调用；目标任务不同；被替代功能没有独立完成；同源去重完成。,两项只是同义表达；替代通道确实能完整完成目标任务；目标功能已经同步进入。,由共享基础引擎提供；只修正功能承载、执行强度和压力反应，不直接等同有无主见。,由M1／M2接口提供；夫妻星只标注关系议题角色，不单独证明过用、不足或竞争。,由M3-BASE提供；日支底盘提高关系相关性，但不能单独建立失衡结论。,由M3及共享流向引擎提供；没有有效起点、转换和终点时，不得补写现实处理顺序。,由共享基础引擎判定；近位提高亲密关系相关性，远位降级为背景候选。,由共享基础引擎判定；根气主要修正重复调用能力，不等于现实中已经反复发生。,由共享基础引擎判定；强弱只修正调用强度与可用性，不直接等同功能质量。,喜忌只修正调用摩擦、平衡与承载，不直接等同好坏、成熟或道德品质。,原十神功能有效；真合化成立时按化神功能替换，合化争议时停止定性。,由共享基础引擎判定；近位提高进入关系核心的概率，远位只保留背景修正。,80,+10机制；+8独立证据；+6触发；同源-8；强保护-10,score_effect,K03分值只用于知识库路由，不是统计概率。,分值只帮助比较候选主次，不能代替现实事件验证。,不得仅凭本规则推出控制、冷战、讨好、攻击、依赖、花心、自私、欺骗、暴力、人格／依恋障碍、分手离婚或关系必败；必须结合真实行为、触发情境、反例与保护因素验证。,中高,待验证,,provisional=true,0.4
M4-OVERUSE-049,K03用户输出｜中性解释,L1 六类失衡机制,OVERUSE-机制K03,通用,输出,K03,,替代通道有效且反复被调用；目标任务不同；被替代功能没有独立完成；同源去重完成。,两项只是同义表达；替代通道确实能完整完成目标任务；目标功能已经同步进入。,由共享基础引擎提供；只修正功能承载、执行强度和压力反应，不直接等同有无主见。,由M1／M2接口提供；夫妻星只标注关系议题角色，不单独证明过用、不足或竞争。,由M3-BASE提供；日支底盘提高关系相关性，但不能单独建立失衡结论。,由M3及共享流向引擎提供；没有有效起点、转换和终点时，不得补写现实处理顺序。,由共享基础引擎判定；近位提高亲密关系相关性，远位降级为背景候选。,由共享基础引擎判定；根气主要修正重复调用能力，不等于现实中已经反复发生。,由共享基础引擎判定；强弱只修正调用强度与可用性，不直接等同功能质量。,喜忌只修正调用摩擦、平衡与承载，不直接等同好坏、成熟或道德品质。,原十神功能有效；真合化成立时按化神功能替换，合化争议时停止定性。,由共享基础引擎判定；近位提高进入关系核心的概率，远位只保留背景修正。,86,生成一段候选语言,report_template,用户用最熟悉的一项功能，代替另一项功能应独立完成的任务。,你可能会先用自己最熟悉的方式解决问题，但这项方式未必能替代另一项需要单独完成的关系任务。,不得仅凭本规则推出控制、冷战、讨好、攻击、依赖、花心、自私、欺骗、暴力、人格／依恋障碍、分手离婚或关系必败；必须结合真实行为、触发情境、反例与保护因素验证。,中高,待验证,,provisional=true,0.4
M4-OVERUSE-050,K03升级与停止｜E1／E2上限,L1 六类失衡机制,OVERUSE-机制K03,通用,边界,K03,,E1需正常功能＋机制＋两类证据；E2再加具体触发且保护不足。,试图独立升级E3／E4，或现实反例明确。,由共享基础引擎提供；只修正功能承载、执行强度和压力反应，不直接等同有无主见。,由M1／M2接口提供；夫妻星只标注关系议题角色，不单独证明过用、不足或竞争。,由M3-BASE提供；日支底盘提高关系相关性，但不能单独建立失衡结论。,由M3及共享流向引擎提供；没有有效起点、转换和终点时，不得补写现实处理顺序。,由共享基础引擎判定；近位提高亲密关系相关性，远位降级为背景候选。,由共享基础引擎判定；根气主要修正重复调用能力，不等于现实中已经反复发生。,由共享基础引擎判定；强弱只修正调用强度与可用性，不直接等同功能质量。,喜忌只修正调用摩擦、平衡与承载，不直接等同好坏、成熟或道德品质。,原十神功能有效；真合化成立时按化神功能替换，合化争议时停止定性。,由共享基础引擎判定；近位提高进入关系核心的概率，远位只保留背景修正。,92,E1／E2路由；E3交LOOP,boundary_note,K03在OVERUSE中最高到E2。,目前最多说明这项机制在某些情境中更容易出现；是否反复形成固定模式，要结合后续循环模块和真实经历。,不得仅凭本规则推出控制、冷战、讨好、攻击、依赖、花心、自私、欺骗、暴力、人格／依恋障碍、分手离婚或关系必败；必须结合真实行为、触发情境、反例与保护因素验证。,中高,待验证,,provisional=true,0.4
M4-OVERUSE-051,K04定义｜处理顺序错位,L1 六类失衡机制,OVERUSE-机制K04,通用,定义,K04,,两个必要功能都存在，但启动顺序让前一项遮住后一项，降低信息接收、协商或落实效果。,没有顺序证据；两项可并行且不互相压制；不同情境本就需要不同先后。,由共享基础引擎提供；只修正功能承载、执行强度和压力反应，不直接等同有无主见。,由M1／M2接口提供；夫妻星只标注关系议题角色，不单独证明过用、不足或竞争。,由M3-BASE提供；日支底盘提高关系相关性，但不能单独建立失衡结论。,由M3及共享流向引擎提供；没有有效起点、转换和终点时，不得补写现实处理顺序。,由共享基础引擎判定；近位提高亲密关系相关性，远位降级为背景候选。,由共享基础引擎判定；根气主要修正重复调用能力，不等于现实中已经反复发生。,由共享基础引擎判定；强弱只修正调用强度与可用性，不直接等同功能质量。,喜忌只修正调用摩擦、平衡与承载，不直接等同好坏、成熟或道德品质。,原十神功能有效；真合化成立时按化神功能替换，合化争议时停止定性。,由共享基础引擎判定；近位提高进入关系核心的概率，远位只保留背景修正。,95,建立机制候选,sequence_pattern,两个必要功能都存在，但启动顺序让前一项遮住后一项，降低信息接收、协商或落实效果。,你可能并不缺少两种能力，难点更像是其中一项进入得太早，另一项进入得太晚。,不得仅凭本规则推出控制、冷战、讨好、攻击、依赖、花心、自私、欺骗、暴力、人格／依恋障碍、分手离婚或关系必败；必须结合真实行为、触发情境、反例与保护因素验证。,中高,待验证,,provisional=true,0.4
M4-OVERUSE-052,K04成立条件｜正常功能与必要缺口,L1 六类失衡机制,OVERUSE-机制K04,通用,门控,正常功能＋目标任务,,两个功能均有效；关系任务需要两者；存在可说明的先后；当前顺序可能压缩后续功能。,没有顺序证据；两项可并行且不互相压制；不同情境本就需要不同先后。,由共享基础引擎提供；只修正功能承载、执行强度和压力反应，不直接等同有无主见。,由M1／M2接口提供；夫妻星只标注关系议题角色，不单独证明过用、不足或竞争。,由M3-BASE提供；日支底盘提高关系相关性，但不能单独建立失衡结论。,由M3及共享流向引擎提供；没有有效起点、转换和终点时，不得补写现实处理顺序。,由共享基础引擎判定；近位提高亲密关系相关性，远位降级为背景候选。,由共享基础引擎判定；根气主要修正重复调用能力，不等于现实中已经反复发生。,由共享基础引擎判定；强弱只修正调用强度与可用性，不直接等同功能质量。,喜忌只修正调用摩擦、平衡与承载，不直接等同好坏、成熟或道德品质。,原十神功能有效；真合化成立时按化神功能替换，合化争议时停止定性。,由共享基础引擎判定；近位提高进入关系核心的概率，远位只保留背景修正。,94,+8正常功能；+10明确机制,evidence_level,K04必须同时具备正常功能来源和具体失衡方式。,只有同时说明“原本会做什么”和“哪一步失衡”，才可以建立这一候选。,不得仅凭本规则推出控制、冷战、讨好、攻击、依赖、花心、自私、欺骗、暴力、人格／依恋障碍、分手离婚或关系必败；必须结合真实行为、触发情境、反例与保护因素验证。,中高,待验证,,provisional=true,0.4
M4-OVERUSE-053,K04独立证据｜至少两类来源,L1 六类失衡机制,OVERUSE-机制K04,通用,证据,独立事实来源,,至少两类不同source_id，或命理状态＋现实行为相互支持。,同一日支、同一透藏根、同一次事件被重复解释。,由共享基础引擎提供；只修正功能承载、执行强度和压力反应，不直接等同有无主见。,由M1／M2接口提供；夫妻星只标注关系议题角色，不单独证明过用、不足或竞争。,由M3-BASE提供；日支底盘提高关系相关性，但不能单独建立失衡结论。,由M3及共享流向引擎提供；没有有效起点、转换和终点时，不得补写现实处理顺序。,由共享基础引擎判定；近位提高亲密关系相关性，远位降级为背景候选。,由共享基础引擎判定；根气主要修正重复调用能力，不等于现实中已经反复发生。,由共享基础引擎判定；强弱只修正调用强度与可用性，不直接等同功能质量。,喜忌只修正调用摩擦、平衡与承载，不直接等同好坏、成熟或道德品质。,原十神功能有效；真合化成立时按化神功能替换，合化争议时停止定性。,由共享基础引擎判定；近位提高进入关系核心的概率，远位只保留背景修正。,93,+8第二独立证据,evidence_level,同一事实多次出现不能替代独立证据。,同一件事被反复描述，不等于它已经被多种现实证据确认。,不得仅凭本规则推出控制、冷战、讨好、攻击、依赖、花心、自私、欺骗、暴力、人格／依恋障碍、分手离婚或关系必败；必须结合真实行为、触发情境、反例与保护因素验证。,中高,待验证,,provisional=true,0.4
M4-OVERUSE-054,K04排除条件｜何时不得成立,L1 六类失衡机制,OVERUSE-机制K04,通用,停止,反例与替代路径,,没有顺序证据；两项可并行且不互相压制；不同情境本就需要不同先后。,无。,由共享基础引擎提供；只修正功能承载、执行强度和压力反应，不直接等同有无主见。,由M1／M2接口提供；夫妻星只标注关系议题角色，不单独证明过用、不足或竞争。,由M3-BASE提供；日支底盘提高关系相关性，但不能单独建立失衡结论。,由M3及共享流向引擎提供；没有有效起点、转换和终点时，不得补写现实处理顺序。,由共享基础引擎判定；近位提高亲密关系相关性，远位降级为背景候选。,由共享基础引擎判定；根气主要修正重复调用能力，不等于现实中已经反复发生。,由共享基础引擎判定；强弱只修正调用强度与可用性，不直接等同功能质量。,喜忌只修正调用摩擦、平衡与承载，不直接等同好坏、成熟或道德品质。,原十神功能有效；真合化成立时按化神功能替换，合化争议时停止定性。,由共享基础引擎判定；近位提高进入关系核心的概率，远位只保留背景修正。,93,候选清零或降级,stop_reason,若排除条件成立，K04不得进入正文。,当现实中另一项功能能够稳定进入，或这项方式并未挤占关系任务时，应降低或停止判断。,不得仅凭本规则推出控制、冷战、讨好、攻击、依赖、花心、自私、欺骗、暴力、人格／依恋障碍、分手离婚或关系必败；必须结合真实行为、触发情境、反例与保护因素验证。,中高,待验证,,provisional=true,0.4
M4-OVERUSE-055,K04触发域｜何时更容易启动,L1 六类失衡机制,OVERUSE-机制K04,通用,触发,TR01—TR08候选,,议题紧急、情绪强、角色责任不清或沟通窗口短时，熟悉功能更容易抢先。,只能笼统写“压力下”，无法匹配具体关系任务。,由共享基础引擎提供；只修正功能承载、执行强度和压力反应，不直接等同有无主见。,由M1／M2接口提供；夫妻星只标注关系议题角色，不单独证明过用、不足或竞争。,由M3-BASE提供；日支底盘提高关系相关性，但不能单独建立失衡结论。,由M3及共享流向引擎提供；没有有效起点、转换和终点时，不得补写现实处理顺序。,由共享基础引擎判定；近位提高亲密关系相关性，远位降级为背景候选。,由共享基础引擎判定；根气主要修正重复调用能力，不等于现实中已经反复发生。,由共享基础引擎判定；强弱只修正调用强度与可用性，不直接等同功能质量。,喜忌只修正调用摩擦、平衡与承载，不直接等同好坏、成熟或道德品质。,原十神功能有效；真合化成立时按化神功能替换，合化争议时停止定性。,由共享基础引擎判定；近位提高进入关系核心的概率，远位只保留背景修正。,88,+6明确触发；可升级E2,activation_trigger,议题紧急、情绪强、角色责任不清或沟通窗口短时，熟悉功能更容易抢先。,这项反应更可能在议题紧急、情绪强、角色责任不清或沟通窗口短时，熟悉功能更容易抢先。时被启动。,不得仅凭本规则推出控制、冷战、讨好、攻击、依赖、花心、自私、欺骗、暴力、人格／依恋障碍、分手离婚或关系必败；必须结合真实行为、触发情境、反例与保护因素验证。,中高,待验证,,provisional=true,0.4
M4-OVERUSE-056,K04跨M3表现｜表达照顾边界分歧,L1 六类失衡机制,OVERUSE-机制K04,通用,接口,M3五模块,,至少一个M3模块支持该机制，另一个模块显示被挤占或缺位。,M3模块全部停止或仅有同源标签。,由共享基础引擎提供；只修正功能承载、执行强度和压力反应，不直接等同有无主见。,由M1／M2接口提供；夫妻星只标注关系议题角色，不单独证明过用、不足或竞争。,由M3-BASE提供；日支底盘提高关系相关性，但不能单独建立失衡结论。,由M3及共享流向引擎提供；没有有效起点、转换和终点时，不得补写现实处理顺序。,由共享基础引擎判定；近位提高亲密关系相关性，远位降级为背景候选。,由共享基础引擎判定；根气主要修正重复调用能力，不等于现实中已经反复发生。,由共享基础引擎判定；强弱只修正调用强度与可用性，不直接等同功能质量。,喜忌只修正调用摩擦、平衡与承载，不直接等同好坏、成熟或道德品质。,原十神功能有效；真合化成立时按化神功能替换，合化争议时停止定性。,由共享基础引擎判定；近位提高进入关系核心的概率，远位只保留背景修正。,87,+6跨模块功能证据,cross_model_ref,如先定规则后听背景、先付出后谈边界、先解释后接收反馈、先暂停却没有回归路径。,你可能并不缺少两种能力，难点更像是其中一项进入得太早，另一项进入得太晚。,不得仅凭本规则推出控制、冷战、讨好、攻击、依赖、花心、自私、欺骗、暴力、人格／依恋障碍、分手离婚或关系必败；必须结合真实行为、触发情境、反例与保护因素验证。,中高,待验证,,provisional=true,0.4
M4-OVERUSE-057,K04保护因素｜调节与反例,L1 六类失衡机制,OVERUSE-机制K04,通用,保护,BF01—BF08,,建立阶段顺序、明确回到第二任务的节点、允许先后随情境调整。,保护因素只作为象征性备注、没有真实降低候选。,由共享基础引擎提供；只修正功能承载、执行强度和压力反应，不直接等同有无主见。,由M1／M2接口提供；夫妻星只标注关系议题角色，不单独证明过用、不足或竞争。,由M3-BASE提供；日支底盘提高关系相关性，但不能单独建立失衡结论。,由M3及共享流向引擎提供；没有有效起点、转换和终点时，不得补写现实处理顺序。,由共享基础引擎判定；近位提高亲密关系相关性，远位降级为背景候选。,由共享基础引擎判定；根气主要修正重复调用能力，不等于现实中已经反复发生。,由共享基础引擎判定；强弱只修正调用强度与可用性，不直接等同功能质量。,喜忌只修正调用摩擦、平衡与承载，不直接等同好坏、成熟或道德品质。,原十神功能有效；真合化成立时按化神功能替换，合化争议时停止定性。,由共享基础引擎判定；近位提高进入关系核心的概率，远位只保留背景修正。,90,-6至-12，按保护强度,buffer_factor,建立阶段顺序、明确回到第二任务的节点、允许先后随情境调整。,如果另一项能力能够及时进入、现实反馈稳定，或存在清楚反例，这个候选会明显减弱。,不得仅凭本规则推出控制、冷战、讨好、攻击、依赖、花心、自私、欺骗、暴力、人格／依恋障碍、分手离婚或关系必败；必须结合真实行为、触发情境、反例与保护因素验证。,中高,待验证,,provisional=true,0.4
M4-OVERUSE-058,K04暂定评分｜结构与触发,L1 六类失衡机制,OVERUSE-机制K04,通用,评分,K04,,两个功能均有效；关系任务需要两者；存在可说明的先后；当前顺序可能压缩后续功能。,没有顺序证据；两项可并行且不互相压制；不同情境本就需要不同先后。,由共享基础引擎提供；只修正功能承载、执行强度和压力反应，不直接等同有无主见。,由M1／M2接口提供；夫妻星只标注关系议题角色，不单独证明过用、不足或竞争。,由M3-BASE提供；日支底盘提高关系相关性，但不能单独建立失衡结论。,由M3及共享流向引擎提供；没有有效起点、转换和终点时，不得补写现实处理顺序。,由共享基础引擎判定；近位提高亲密关系相关性，远位降级为背景候选。,由共享基础引擎判定；根气主要修正重复调用能力，不等于现实中已经反复发生。,由共享基础引擎判定；强弱只修正调用强度与可用性，不直接等同功能质量。,喜忌只修正调用摩擦、平衡与承载，不直接等同好坏、成熟或道德品质。,原十神功能有效；真合化成立时按化神功能替换，合化争议时停止定性。,由共享基础引擎判定；近位提高进入关系核心的概率，远位只保留背景修正。,80,+10机制；+8独立证据；+6触发；同源-8；强保护-10,score_effect,K04分值只用于知识库路由，不是统计概率。,分值只帮助比较候选主次，不能代替现实事件验证。,不得仅凭本规则推出控制、冷战、讨好、攻击、依赖、花心、自私、欺骗、暴力、人格／依恋障碍、分手离婚或关系必败；必须结合真实行为、触发情境、反例与保护因素验证。,中高,待验证,,provisional=true,0.4
M4-OVERUSE-059,K04用户输出｜中性解释,L1 六类失衡机制,OVERUSE-机制K04,通用,输出,K04,,两个功能均有效；关系任务需要两者；存在可说明的先后；当前顺序可能压缩后续功能。,没有顺序证据；两项可并行且不互相压制；不同情境本就需要不同先后。,由共享基础引擎提供；只修正功能承载、执行强度和压力反应，不直接等同有无主见。,由M1／M2接口提供；夫妻星只标注关系议题角色，不单独证明过用、不足或竞争。,由M3-BASE提供；日支底盘提高关系相关性，但不能单独建立失衡结论。,由M3及共享流向引擎提供；没有有效起点、转换和终点时，不得补写现实处理顺序。,由共享基础引擎判定；近位提高亲密关系相关性，远位降级为背景候选。,由共享基础引擎判定；根气主要修正重复调用能力，不等于现实中已经反复发生。,由共享基础引擎判定；强弱只修正调用强度与可用性，不直接等同功能质量。,喜忌只修正调用摩擦、平衡与承载，不直接等同好坏、成熟或道德品质。,原十神功能有效；真合化成立时按化神功能替换，合化争议时停止定性。,由共享基础引擎判定；近位提高进入关系核心的概率，远位只保留背景修正。,86,生成一段候选语言,report_template,两个必要功能都存在，但启动顺序让前一项遮住后一项，降低信息接收、协商或落实效果。,你可能并不缺少两种能力，难点更像是其中一项进入得太早，另一项进入得太晚。,不得仅凭本规则推出控制、冷战、讨好、攻击、依赖、花心、自私、欺骗、暴力、人格／依恋障碍、分手离婚或关系必败；必须结合真实行为、触发情境、反例与保护因素验证。,中高,待验证,,provisional=true,0.4
M4-OVERUSE-060,K04升级与停止｜E1／E2上限,L1 六类失衡机制,OVERUSE-机制K04,通用,边界,K04,,E1需正常功能＋机制＋两类证据；E2再加具体触发且保护不足。,试图独立升级E3／E4，或现实反例明确。,由共享基础引擎提供；只修正功能承载、执行强度和压力反应，不直接等同有无主见。,由M1／M2接口提供；夫妻星只标注关系议题角色，不单独证明过用、不足或竞争。,由M3-BASE提供；日支底盘提高关系相关性，但不能单独建立失衡结论。,由M3及共享流向引擎提供；没有有效起点、转换和终点时，不得补写现实处理顺序。,由共享基础引擎判定；近位提高亲密关系相关性，远位降级为背景候选。,由共享基础引擎判定；根气主要修正重复调用能力，不等于现实中已经反复发生。,由共享基础引擎判定；强弱只修正调用强度与可用性，不直接等同功能质量。,喜忌只修正调用摩擦、平衡与承载，不直接等同好坏、成熟或道德品质。,原十神功能有效；真合化成立时按化神功能替换，合化争议时停止定性。,由共享基础引擎判定；近位提高进入关系核心的概率，远位只保留背景修正。,92,E1／E2路由；E3交LOOP,boundary_note,K04在OVERUSE中最高到E2。,目前最多说明这项机制在某些情境中更容易出现；是否反复形成固定模式，要结合后续循环模块和真实经历。,不得仅凭本规则推出控制、冷战、讨好、攻击、依赖、花心、自私、欺骗、暴力、人格／依恋障碍、分手离婚或关系必败；必须结合真实行为、触发情境、反例与保护因素验证。,中高,待验证,,provisional=true,0.4
M4-OVERUSE-061,K05定义｜双通道竞争,L1 六类失衡机制,OVERUSE-机制K05,通用,定义,K05,,两项都合理、都有效的功能在同一阶段争夺主导权，导致摇摆、抵消或反复切换。,已形成稳定角色分工；一项只是背景；两项同义收敛；现实中能够并行。,由共享基础引擎提供；只修正功能承载、执行强度和压力反应，不直接等同有无主见。,由M1／M2接口提供；夫妻星只标注关系议题角色，不单独证明过用、不足或竞争。,由M3-BASE提供；日支底盘提高关系相关性，但不能单独建立失衡结论。,由M3及共享流向引擎提供；没有有效起点、转换和终点时，不得补写现实处理顺序。,由共享基础引擎判定；近位提高亲密关系相关性，远位降级为背景候选。,由共享基础引擎判定；根气主要修正重复调用能力，不等于现实中已经反复发生。,由共享基础引擎判定；强弱只修正调用强度与可用性，不直接等同功能质量。,喜忌只修正调用摩擦、平衡与承载，不直接等同好坏、成熟或道德品质。,原十神功能有效；真合化成立时按化神功能替换，合化争议时停止定性。,由共享基础引擎判定；近位提高进入关系核心的概率，远位只保留背景修正。,95,建立机制候选,competition_pattern,两项都合理、都有效的功能在同一阶段争夺主导权，导致摇摆、抵消或反复切换。,你同时重视两件都合理的事；真正需要厘清的是，它们能否分工，而不是互相争夺同一个处理位置。,不得仅凭本规则推出控制、冷战、讨好、攻击、依赖、花心、自私、欺骗、暴力、人格／依恋障碍、分手离婚或关系必败；必须结合真实行为、触发情境、反例与保护因素验证。,中高,待验证,,provisional=true,0.4
M4-OVERUSE-062,K05成立条件｜正常功能与必要缺口,L1 六类失衡机制,OVERUSE-机制K05,通用,门控,正常功能＋目标任务,,两个功能来源独立且均达到门槛；功能目标不同；缺少先后、分工或协调桥梁。,已形成稳定角色分工；一项只是背景；两项同义收敛；现实中能够并行。,由共享基础引擎提供；只修正功能承载、执行强度和压力反应，不直接等同有无主见。,由M1／M2接口提供；夫妻星只标注关系议题角色，不单独证明过用、不足或竞争。,由M3-BASE提供；日支底盘提高关系相关性，但不能单独建立失衡结论。,由M3及共享流向引擎提供；没有有效起点、转换和终点时，不得补写现实处理顺序。,由共享基础引擎判定；近位提高亲密关系相关性，远位降级为背景候选。,由共享基础引擎判定；根气主要修正重复调用能力，不等于现实中已经反复发生。,由共享基础引擎判定；强弱只修正调用强度与可用性，不直接等同功能质量。,喜忌只修正调用摩擦、平衡与承载，不直接等同好坏、成熟或道德品质。,原十神功能有效；真合化成立时按化神功能替换，合化争议时停止定性。,由共享基础引擎判定；近位提高进入关系核心的概率，远位只保留背景修正。,94,+8正常功能；+10明确机制,evidence_level,K05必须同时具备正常功能来源和具体失衡方式。,只有同时说明“原本会做什么”和“哪一步失衡”，才可以建立这一候选。,不得仅凭本规则推出控制、冷战、讨好、攻击、依赖、花心、自私、欺骗、暴力、人格／依恋障碍、分手离婚或关系必败；必须结合真实行为、触发情境、反例与保护因素验证。,中高,待验证,,provisional=true,0.4
M4-OVERUSE-063,K05独立证据｜至少两类来源,L1 六类失衡机制,OVERUSE-机制K05,通用,证据,独立事实来源,,至少两类不同source_id，或命理状态＋现实行为相互支持。,同一日支、同一透藏根、同一次事件被重复解释。,由共享基础引擎提供；只修正功能承载、执行强度和压力反应，不直接等同有无主见。,由M1／M2接口提供；夫妻星只标注关系议题角色，不单独证明过用、不足或竞争。,由M3-BASE提供；日支底盘提高关系相关性，但不能单独建立失衡结论。,由M3及共享流向引擎提供；没有有效起点、转换和终点时，不得补写现实处理顺序。,由共享基础引擎判定；近位提高亲密关系相关性，远位降级为背景候选。,由共享基础引擎判定；根气主要修正重复调用能力，不等于现实中已经反复发生。,由共享基础引擎判定；强弱只修正调用强度与可用性，不直接等同功能质量。,喜忌只修正调用摩擦、平衡与承载，不直接等同好坏、成熟或道德品质。,原十神功能有效；真合化成立时按化神功能替换，合化争议时停止定性。,由共享基础引擎判定；近位提高进入关系核心的概率，远位只保留背景修正。,93,+8第二独立证据,evidence_level,同一事实多次出现不能替代独立证据。,同一件事被反复描述，不等于它已经被多种现实证据确认。,不得仅凭本规则推出控制、冷战、讨好、攻击、依赖、花心、自私、欺骗、暴力、人格／依恋障碍、分手离婚或关系必败；必须结合真实行为、触发情境、反例与保护因素验证。,中高,待验证,,provisional=true,0.4
M4-OVERUSE-064,K05排除条件｜何时不得成立,L1 六类失衡机制,OVERUSE-机制K05,通用,停止,反例与替代路径,,已形成稳定角色分工；一项只是背景；两项同义收敛；现实中能够并行。,无。,由共享基础引擎提供；只修正功能承载、执行强度和压力反应，不直接等同有无主见。,由M1／M2接口提供；夫妻星只标注关系议题角色，不单独证明过用、不足或竞争。,由M3-BASE提供；日支底盘提高关系相关性，但不能单独建立失衡结论。,由M3及共享流向引擎提供；没有有效起点、转换和终点时，不得补写现实处理顺序。,由共享基础引擎判定；近位提高亲密关系相关性，远位降级为背景候选。,由共享基础引擎判定；根气主要修正重复调用能力，不等于现实中已经反复发生。,由共享基础引擎判定；强弱只修正调用强度与可用性，不直接等同功能质量。,喜忌只修正调用摩擦、平衡与承载，不直接等同好坏、成熟或道德品质。,原十神功能有效；真合化成立时按化神功能替换，合化争议时停止定性。,由共享基础引擎判定；近位提高进入关系核心的概率，远位只保留背景修正。,93,候选清零或降级,stop_reason,若排除条件成立，K05不得进入正文。,当现实中另一项功能能够稳定进入，或这项方式并未挤占关系任务时，应降低或停止判断。,不得仅凭本规则推出控制、冷战、讨好、攻击、依赖、花心、自私、欺骗、暴力、人格／依恋障碍、分手离婚或关系必败；必须结合真实行为、触发情境、反例与保护因素验证。,中高,待验证,,provisional=true,0.4
M4-OVERUSE-065,K05触发域｜何时更容易启动,L1 六类失衡机制,OVERUSE-机制K05,通用,触发,TR01—TR08候选,,自主与责任、表达与倾听、现实与情绪、推进与协商同时被要求时更明显。,只能笼统写“压力下”，无法匹配具体关系任务。,由共享基础引擎提供；只修正功能承载、执行强度和压力反应，不直接等同有无主见。,由M1／M2接口提供；夫妻星只标注关系议题角色，不单独证明过用、不足或竞争。,由M3-BASE提供；日支底盘提高关系相关性，但不能单独建立失衡结论。,由M3及共享流向引擎提供；没有有效起点、转换和终点时，不得补写现实处理顺序。,由共享基础引擎判定；近位提高亲密关系相关性，远位降级为背景候选。,由共享基础引擎判定；根气主要修正重复调用能力，不等于现实中已经反复发生。,由共享基础引擎判定；强弱只修正调用强度与可用性，不直接等同功能质量。,喜忌只修正调用摩擦、平衡与承载，不直接等同好坏、成熟或道德品质。,原十神功能有效；真合化成立时按化神功能替换，合化争议时停止定性。,由共享基础引擎判定；近位提高进入关系核心的概率，远位只保留背景修正。,88,+6明确触发；可升级E2,activation_trigger,自主与责任、表达与倾听、现实与情绪、推进与协商同时被要求时更明显。,这项反应更可能在自主与责任、表达与倾听、现实与情绪、推进与协商同时被要求时更明显。时被启动。,不得仅凭本规则推出控制、冷战、讨好、攻击、依赖、花心、自私、欺骗、暴力、人格／依恋障碍、分手离婚或关系必败；必须结合真实行为、触发情境、反例与保护因素验证。,中高,待验证,,provisional=true,0.4
M4-OVERUSE-066,K05跨M3表现｜表达照顾边界分歧,L1 六类失衡机制,OVERUSE-机制K05,通用,接口,M3五模块,,至少一个M3模块支持该机制，另一个模块显示被挤占或缺位。,M3模块全部停止或仅有同源标签。,由共享基础引擎提供；只修正功能承载、执行强度和压力反应，不直接等同有无主见。,由M1／M2接口提供；夫妻星只标注关系议题角色，不单独证明过用、不足或竞争。,由M3-BASE提供；日支底盘提高关系相关性，但不能单独建立失衡结论。,由M3及共享流向引擎提供；没有有效起点、转换和终点时，不得补写现实处理顺序。,由共享基础引擎判定；近位提高亲密关系相关性，远位降级为背景候选。,由共享基础引擎判定；根气主要修正重复调用能力，不等于现实中已经反复发生。,由共享基础引擎判定；强弱只修正调用强度与可用性，不直接等同功能质量。,喜忌只修正调用摩擦、平衡与承载，不直接等同好坏、成熟或道德品质。,原十神功能有效；真合化成立时按化神功能替换，合化争议时停止定性。,由共享基础引擎判定；近位提高进入关系核心的概率，远位只保留背景修正。,87,+6跨模块功能证据,cross_model_ref,可能表现为一边想靠近一边要空间、一边想解释一边想暂停、一边要公平一边要效率。,你同时重视两件都合理的事；真正需要厘清的是，它们能否分工，而不是互相争夺同一个处理位置。,不得仅凭本规则推出控制、冷战、讨好、攻击、依赖、花心、自私、欺骗、暴力、人格／依恋障碍、分手离婚或关系必败；必须结合真实行为、触发情境、反例与保护因素验证。,中高,待验证,,provisional=true,0.4
M4-OVERUSE-067,K05保护因素｜调节与反例,L1 六类失衡机制,OVERUSE-机制K05,通用,保护,BF01—BF08,,明确谁先谁后、各自负责什么、什么条件下切换，并保留共同复核。,保护因素只作为象征性备注、没有真实降低候选。,由共享基础引擎提供；只修正功能承载、执行强度和压力反应，不直接等同有无主见。,由M1／M2接口提供；夫妻星只标注关系议题角色，不单独证明过用、不足或竞争。,由M3-BASE提供；日支底盘提高关系相关性，但不能单独建立失衡结论。,由M3及共享流向引擎提供；没有有效起点、转换和终点时，不得补写现实处理顺序。,由共享基础引擎判定；近位提高亲密关系相关性，远位降级为背景候选。,由共享基础引擎判定；根气主要修正重复调用能力，不等于现实中已经反复发生。,由共享基础引擎判定；强弱只修正调用强度与可用性，不直接等同功能质量。,喜忌只修正调用摩擦、平衡与承载，不直接等同好坏、成熟或道德品质。,原十神功能有效；真合化成立时按化神功能替换，合化争议时停止定性。,由共享基础引擎判定；近位提高进入关系核心的概率，远位只保留背景修正。,90,-6至-12，按保护强度,buffer_factor,明确谁先谁后、各自负责什么、什么条件下切换，并保留共同复核。,如果另一项能力能够及时进入、现实反馈稳定，或存在清楚反例，这个候选会明显减弱。,不得仅凭本规则推出控制、冷战、讨好、攻击、依赖、花心、自私、欺骗、暴力、人格／依恋障碍、分手离婚或关系必败；必须结合真实行为、触发情境、反例与保护因素验证。,中高,待验证,,provisional=true,0.4
M4-OVERUSE-068,K05暂定评分｜结构与触发,L1 六类失衡机制,OVERUSE-机制K05,通用,评分,K05,,两个功能来源独立且均达到门槛；功能目标不同；缺少先后、分工或协调桥梁。,已形成稳定角色分工；一项只是背景；两项同义收敛；现实中能够并行。,由共享基础引擎提供；只修正功能承载、执行强度和压力反应，不直接等同有无主见。,由M1／M2接口提供；夫妻星只标注关系议题角色，不单独证明过用、不足或竞争。,由M3-BASE提供；日支底盘提高关系相关性，但不能单独建立失衡结论。,由M3及共享流向引擎提供；没有有效起点、转换和终点时，不得补写现实处理顺序。,由共享基础引擎判定；近位提高亲密关系相关性，远位降级为背景候选。,由共享基础引擎判定；根气主要修正重复调用能力，不等于现实中已经反复发生。,由共享基础引擎判定；强弱只修正调用强度与可用性，不直接等同功能质量。,喜忌只修正调用摩擦、平衡与承载，不直接等同好坏、成熟或道德品质。,原十神功能有效；真合化成立时按化神功能替换，合化争议时停止定性。,由共享基础引擎判定；近位提高进入关系核心的概率，远位只保留背景修正。,80,+10机制；+8独立证据；+6触发；同源-8；强保护-10,score_effect,K05分值只用于知识库路由，不是统计概率。,分值只帮助比较候选主次，不能代替现实事件验证。,不得仅凭本规则推出控制、冷战、讨好、攻击、依赖、花心、自私、欺骗、暴力、人格／依恋障碍、分手离婚或关系必败；必须结合真实行为、触发情境、反例与保护因素验证。,中高,待验证,,provisional=true,0.4
M4-OVERUSE-069,K05用户输出｜中性解释,L1 六类失衡机制,OVERUSE-机制K05,通用,输出,K05,,两个功能来源独立且均达到门槛；功能目标不同；缺少先后、分工或协调桥梁。,已形成稳定角色分工；一项只是背景；两项同义收敛；现实中能够并行。,由共享基础引擎提供；只修正功能承载、执行强度和压力反应，不直接等同有无主见。,由M1／M2接口提供；夫妻星只标注关系议题角色，不单独证明过用、不足或竞争。,由M3-BASE提供；日支底盘提高关系相关性，但不能单独建立失衡结论。,由M3及共享流向引擎提供；没有有效起点、转换和终点时，不得补写现实处理顺序。,由共享基础引擎判定；近位提高亲密关系相关性，远位降级为背景候选。,由共享基础引擎判定；根气主要修正重复调用能力，不等于现实中已经反复发生。,由共享基础引擎判定；强弱只修正调用强度与可用性，不直接等同功能质量。,喜忌只修正调用摩擦、平衡与承载，不直接等同好坏、成熟或道德品质。,原十神功能有效；真合化成立时按化神功能替换，合化争议时停止定性。,由共享基础引擎判定；近位提高进入关系核心的概率，远位只保留背景修正。,86,生成一段候选语言,report_template,两项都合理、都有效的功能在同一阶段争夺主导权，导致摇摆、抵消或反复切换。,你同时重视两件都合理的事；真正需要厘清的是，它们能否分工，而不是互相争夺同一个处理位置。,不得仅凭本规则推出控制、冷战、讨好、攻击、依赖、花心、自私、欺骗、暴力、人格／依恋障碍、分手离婚或关系必败；必须结合真实行为、触发情境、反例与保护因素验证。,中高,待验证,,provisional=true,0.4
M4-OVERUSE-070,K05升级与停止｜E1／E2上限,L1 六类失衡机制,OVERUSE-机制K05,通用,边界,K05,,E1需正常功能＋机制＋两类证据；E2再加具体触发且保护不足。,试图独立升级E3／E4，或现实反例明确。,由共享基础引擎提供；只修正功能承载、执行强度和压力反应，不直接等同有无主见。,由M1／M2接口提供；夫妻星只标注关系议题角色，不单独证明过用、不足或竞争。,由M3-BASE提供；日支底盘提高关系相关性，但不能单独建立失衡结论。,由M3及共享流向引擎提供；没有有效起点、转换和终点时，不得补写现实处理顺序。,由共享基础引擎判定；近位提高亲密关系相关性，远位降级为背景候选。,由共享基础引擎判定；根气主要修正重复调用能力，不等于现实中已经反复发生。,由共享基础引擎判定；强弱只修正调用强度与可用性，不直接等同功能质量。,喜忌只修正调用摩擦、平衡与承载，不直接等同好坏、成熟或道德品质。,原十神功能有效；真合化成立时按化神功能替换，合化争议时停止定性。,由共享基础引擎判定；近位提高进入关系核心的概率，远位只保留背景修正。,92,E1／E2路由；E3交LOOP,boundary_note,K05在OVERUSE中最高到E2。,目前最多说明这项机制在某些情境中更容易出现；是否反复形成固定模式，要结合后续循环模块和真实经历。,不得仅凭本规则推出控制、冷战、讨好、攻击、依赖、花心、自私、欺骗、暴力、人格／依恋障碍、分手离婚或关系必败；必须结合真实行为、触发情境、反例与保护因素验证。,中高,待验证,,provisional=true,0.4
M4-OVERUSE-071,K06定义｜功能转换受阻,L1 六类失衡机制,OVERUSE-机制K06,通用,定义,K06,,第一步功能已经完成，但没有转成下一项关系任务，导致处理链停在中途。,目标不必要；另一条路径已稳定完成；只有抽象五行相生而无功能证据。,由共享基础引擎提供；只修正功能承载、执行强度和压力反应，不直接等同有无主见。,由M1／M2接口提供；夫妻星只标注关系议题角色，不单独证明过用、不足或竞争。,由M3-BASE提供；日支底盘提高关系相关性，但不能单独建立失衡结论。,由M3及共享流向引擎提供；没有有效起点、转换和终点时，不得补写现实处理顺序。,由共享基础引擎判定；近位提高亲密关系相关性，远位降级为背景候选。,由共享基础引擎判定；根气主要修正重复调用能力，不等于现实中已经反复发生。,由共享基础引擎判定；强弱只修正调用强度与可用性，不直接等同功能质量。,喜忌只修正调用摩擦、平衡与承载，不直接等同好坏、成熟或道德品质。,原十神功能有效；真合化成立时按化神功能替换，合化争议时停止定性。,由共享基础引擎判定；近位提高进入关系核心的概率，远位只保留背景修正。,95,建立机制候选,flow_block,第一步功能已经完成，但没有转成下一项关系任务，导致处理链停在中途。,你可能已经完成了前半段，但关系真正需要的下一步没有自动发生；关键是补上中间的转换环节。,不得仅凭本规则推出控制、冷战、讨好、攻击、依赖、花心、自私、欺骗、暴力、人格／依恋障碍、分手离婚或关系必败；必须结合真实行为、触发情境、反例与保护因素验证。,中高,待验证,,provisional=true,0.4
M4-OVERUSE-072,K06成立条件｜正常功能与必要缺口,L1 六类失衡机制,OVERUSE-机制K06,通用,门控,正常功能＋目标任务,,起点功能有效；目标功能必要；存在明确桥接关系；目标没有进入或现实兑现不足。,目标不必要；另一条路径已稳定完成；只有抽象五行相生而无功能证据。,由共享基础引擎提供；只修正功能承载、执行强度和压力反应，不直接等同有无主见。,由M1／M2接口提供；夫妻星只标注关系议题角色，不单独证明过用、不足或竞争。,由M3-BASE提供；日支底盘提高关系相关性，但不能单独建立失衡结论。,由M3及共享流向引擎提供；没有有效起点、转换和终点时，不得补写现实处理顺序。,由共享基础引擎判定；近位提高亲密关系相关性，远位降级为背景候选。,由共享基础引擎判定；根气主要修正重复调用能力，不等于现实中已经反复发生。,由共享基础引擎判定；强弱只修正调用强度与可用性，不直接等同功能质量。,喜忌只修正调用摩擦、平衡与承载，不直接等同好坏、成熟或道德品质。,原十神功能有效；真合化成立时按化神功能替换，合化争议时停止定性。,由共享基础引擎判定；近位提高进入关系核心的概率，远位只保留背景修正。,94,+8正常功能；+10明确机制,evidence_level,K06必须同时具备正常功能来源和具体失衡方式。,只有同时说明“原本会做什么”和“哪一步失衡”，才可以建立这一候选。,不得仅凭本规则推出控制、冷战、讨好、攻击、依赖、花心、自私、欺骗、暴力、人格／依恋障碍、分手离婚或关系必败；必须结合真实行为、触发情境、反例与保护因素验证。,中高,待验证,,provisional=true,0.4
M4-OVERUSE-073,K06独立证据｜至少两类来源,L1 六类失衡机制,OVERUSE-机制K06,通用,证据,独立事实来源,,至少两类不同source_id，或命理状态＋现实行为相互支持。,同一日支、同一透藏根、同一次事件被重复解释。,由共享基础引擎提供；只修正功能承载、执行强度和压力反应，不直接等同有无主见。,由M1／M2接口提供；夫妻星只标注关系议题角色，不单独证明过用、不足或竞争。,由M3-BASE提供；日支底盘提高关系相关性，但不能单独建立失衡结论。,由M3及共享流向引擎提供；没有有效起点、转换和终点时，不得补写现实处理顺序。,由共享基础引擎判定；近位提高亲密关系相关性，远位降级为背景候选。,由共享基础引擎判定；根气主要修正重复调用能力，不等于现实中已经反复发生。,由共享基础引擎判定；强弱只修正调用强度与可用性，不直接等同功能质量。,喜忌只修正调用摩擦、平衡与承载，不直接等同好坏、成熟或道德品质。,原十神功能有效；真合化成立时按化神功能替换，合化争议时停止定性。,由共享基础引擎判定；近位提高进入关系核心的概率，远位只保留背景修正。,93,+8第二独立证据,evidence_level,同一事实多次出现不能替代独立证据。,同一件事被反复描述，不等于它已经被多种现实证据确认。,不得仅凭本规则推出控制、冷战、讨好、攻击、依赖、花心、自私、欺骗、暴力、人格／依恋障碍、分手离婚或关系必败；必须结合真实行为、触发情境、反例与保护因素验证。,中高,待验证,,provisional=true,0.4
M4-OVERUSE-074,K06排除条件｜何时不得成立,L1 六类失衡机制,OVERUSE-机制K06,通用,停止,反例与替代路径,,目标不必要；另一条路径已稳定完成；只有抽象五行相生而无功能证据。,无。,由共享基础引擎提供；只修正功能承载、执行强度和压力反应，不直接等同有无主见。,由M1／M2接口提供；夫妻星只标注关系议题角色，不单独证明过用、不足或竞争。,由M3-BASE提供；日支底盘提高关系相关性，但不能单独建立失衡结论。,由M3及共享流向引擎提供；没有有效起点、转换和终点时，不得补写现实处理顺序。,由共享基础引擎判定；近位提高亲密关系相关性，远位降级为背景候选。,由共享基础引擎判定；根气主要修正重复调用能力，不等于现实中已经反复发生。,由共享基础引擎判定；强弱只修正调用强度与可用性，不直接等同功能质量。,喜忌只修正调用摩擦、平衡与承载，不直接等同好坏、成熟或道德品质。,原十神功能有效；真合化成立时按化神功能替换，合化争议时停止定性。,由共享基础引擎判定；近位提高进入关系核心的概率，远位只保留背景修正。,93,候选清零或降级,stop_reason,若排除条件成立，K06不得进入正文。,当现实中另一项功能能够稳定进入，或这项方式并未挤占关系任务时，应降低或停止判断。,不得仅凭本规则推出控制、冷战、讨好、攻击、依赖、花心、自私、欺骗、暴力、人格／依恋障碍、分手离婚或关系必败；必须结合真实行为、触发情境、反例与保护因素验证。,中高,待验证,,provisional=true,0.4
M4-OVERUSE-075,K06触发域｜何时更容易启动,L1 六类失衡机制,OVERUSE-机制K06,通用,触发,TR01—TR08候选,,关系从理解转向边界、从表达转向行动、从投入转向承诺、从处理转向修复时更明显。,只能笼统写“压力下”，无法匹配具体关系任务。,由共享基础引擎提供；只修正功能承载、执行强度和压力反应，不直接等同有无主见。,由M1／M2接口提供；夫妻星只标注关系议题角色，不单独证明过用、不足或竞争。,由M3-BASE提供；日支底盘提高关系相关性，但不能单独建立失衡结论。,由M3及共享流向引擎提供；没有有效起点、转换和终点时，不得补写现实处理顺序。,由共享基础引擎判定；近位提高亲密关系相关性，远位降级为背景候选。,由共享基础引擎判定；根气主要修正重复调用能力，不等于现实中已经反复发生。,由共享基础引擎判定；强弱只修正调用强度与可用性，不直接等同功能质量。,喜忌只修正调用摩擦、平衡与承载，不直接等同好坏、成熟或道德品质。,原十神功能有效；真合化成立时按化神功能替换，合化争议时停止定性。,由共享基础引擎判定；近位提高进入关系核心的概率，远位只保留背景修正。,88,+6明确触发；可升级E2,activation_trigger,关系从理解转向边界、从表达转向行动、从投入转向承诺、从处理转向修复时更明显。,这项反应更可能在关系从理解转向边界、从表达转向行动、从投入转向承诺、从处理转向修复时更明显。时被启动。,不得仅凭本规则推出控制、冷战、讨好、攻击、依赖、花心、自私、欺骗、暴力、人格／依恋障碍、分手离婚或关系必败；必须结合真实行为、触发情境、反例与保护因素验证。,中高,待验证,,provisional=true,0.4
M4-OVERUSE-076,K06跨M3表现｜表达照顾边界分歧,L1 六类失衡机制,OVERUSE-机制K06,通用,接口,M3五模块,,至少一个M3模块支持该机制，另一个模块显示被挤占或缺位。,M3模块全部停止或仅有同源标签。,由共享基础引擎提供；只修正功能承载、执行强度和压力反应，不直接等同有无主见。,由M1／M2接口提供；夫妻星只标注关系议题角色，不单独证明过用、不足或竞争。,由M3-BASE提供；日支底盘提高关系相关性，但不能单独建立失衡结论。,由M3及共享流向引擎提供；没有有效起点、转换和终点时，不得补写现实处理顺序。,由共享基础引擎判定；近位提高亲密关系相关性，远位降级为背景候选。,由共享基础引擎判定；根气主要修正重复调用能力，不等于现实中已经反复发生。,由共享基础引擎判定；强弱只修正调用强度与可用性，不直接等同功能质量。,喜忌只修正调用摩擦、平衡与承载，不直接等同好坏、成熟或道德品质。,原十神功能有效；真合化成立时按化神功能替换，合化争议时停止定性。,由共享基础引擎判定；近位提高进入关系核心的概率，远位只保留背景修正。,87,+6跨模块功能证据,cross_model_ref,如理解了却没有形成边界，说清了却没有落实，有投入却没有明确责任，事情处理了却没有恢复安全。,你可能已经完成了前半段，但关系真正需要的下一步没有自动发生；关键是补上中间的转换环节。,不得仅凭本规则推出控制、冷战、讨好、攻击、依赖、花心、自私、欺骗、暴力、人格／依恋障碍、分手离婚或关系必败；必须结合真实行为、触发情境、反例与保护因素验证。,中高,待验证,,provisional=true,0.4
M4-OVERUSE-077,K06保护因素｜调节与反例,L1 六类失衡机制,OVERUSE-机制K06,通用,保护,BF01—BF08,,加入桥接功能、明确下一步行动、设置反馈和复核点、验证现实持续性。,保护因素只作为象征性备注、没有真实降低候选。,由共享基础引擎提供；只修正功能承载、执行强度和压力反应，不直接等同有无主见。,由M1／M2接口提供；夫妻星只标注关系议题角色，不单独证明过用、不足或竞争。,由M3-BASE提供；日支底盘提高关系相关性，但不能单独建立失衡结论。,由M3及共享流向引擎提供；没有有效起点、转换和终点时，不得补写现实处理顺序。,由共享基础引擎判定；近位提高亲密关系相关性，远位降级为背景候选。,由共享基础引擎判定；根气主要修正重复调用能力，不等于现实中已经反复发生。,由共享基础引擎判定；强弱只修正调用强度与可用性，不直接等同功能质量。,喜忌只修正调用摩擦、平衡与承载，不直接等同好坏、成熟或道德品质。,原十神功能有效；真合化成立时按化神功能替换，合化争议时停止定性。,由共享基础引擎判定；近位提高进入关系核心的概率，远位只保留背景修正。,90,-6至-12，按保护强度,buffer_factor,加入桥接功能、明确下一步行动、设置反馈和复核点、验证现实持续性。,如果另一项能力能够及时进入、现实反馈稳定，或存在清楚反例，这个候选会明显减弱。,不得仅凭本规则推出控制、冷战、讨好、攻击、依赖、花心、自私、欺骗、暴力、人格／依恋障碍、分手离婚或关系必败；必须结合真实行为、触发情境、反例与保护因素验证。,中高,待验证,,provisional=true,0.4
M4-OVERUSE-078,K06暂定评分｜结构与触发,L1 六类失衡机制,OVERUSE-机制K06,通用,评分,K06,,起点功能有效；目标功能必要；存在明确桥接关系；目标没有进入或现实兑现不足。,目标不必要；另一条路径已稳定完成；只有抽象五行相生而无功能证据。,由共享基础引擎提供；只修正功能承载、执行强度和压力反应，不直接等同有无主见。,由M1／M2接口提供；夫妻星只标注关系议题角色，不单独证明过用、不足或竞争。,由M3-BASE提供；日支底盘提高关系相关性，但不能单独建立失衡结论。,由M3及共享流向引擎提供；没有有效起点、转换和终点时，不得补写现实处理顺序。,由共享基础引擎判定；近位提高亲密关系相关性，远位降级为背景候选。,由共享基础引擎判定；根气主要修正重复调用能力，不等于现实中已经反复发生。,由共享基础引擎判定；强弱只修正调用强度与可用性，不直接等同功能质量。,喜忌只修正调用摩擦、平衡与承载，不直接等同好坏、成熟或道德品质。,原十神功能有效；真合化成立时按化神功能替换，合化争议时停止定性。,由共享基础引擎判定；近位提高进入关系核心的概率，远位只保留背景修正。,80,+10机制；+8独立证据；+6触发；同源-8；强保护-10,score_effect,K06分值只用于知识库路由，不是统计概率。,分值只帮助比较候选主次，不能代替现实事件验证。,不得仅凭本规则推出控制、冷战、讨好、攻击、依赖、花心、自私、欺骗、暴力、人格／依恋障碍、分手离婚或关系必败；必须结合真实行为、触发情境、反例与保护因素验证。,中高,待验证,,provisional=true,0.4
M4-OVERUSE-079,K06用户输出｜中性解释,L1 六类失衡机制,OVERUSE-机制K06,通用,输出,K06,,起点功能有效；目标功能必要；存在明确桥接关系；目标没有进入或现实兑现不足。,目标不必要；另一条路径已稳定完成；只有抽象五行相生而无功能证据。,由共享基础引擎提供；只修正功能承载、执行强度和压力反应，不直接等同有无主见。,由M1／M2接口提供；夫妻星只标注关系议题角色，不单独证明过用、不足或竞争。,由M3-BASE提供；日支底盘提高关系相关性，但不能单独建立失衡结论。,由M3及共享流向引擎提供；没有有效起点、转换和终点时，不得补写现实处理顺序。,由共享基础引擎判定；近位提高亲密关系相关性，远位降级为背景候选。,由共享基础引擎判定；根气主要修正重复调用能力，不等于现实中已经反复发生。,由共享基础引擎判定；强弱只修正调用强度与可用性，不直接等同功能质量。,喜忌只修正调用摩擦、平衡与承载，不直接等同好坏、成熟或道德品质。,原十神功能有效；真合化成立时按化神功能替换，合化争议时停止定性。,由共享基础引擎判定；近位提高进入关系核心的概率，远位只保留背景修正。,86,生成一段候选语言,report_template,第一步功能已经完成，但没有转成下一项关系任务，导致处理链停在中途。,你可能已经完成了前半段，但关系真正需要的下一步没有自动发生；关键是补上中间的转换环节。,不得仅凭本规则推出控制、冷战、讨好、攻击、依赖、花心、自私、欺骗、暴力、人格／依恋障碍、分手离婚或关系必败；必须结合真实行为、触发情境、反例与保护因素验证。,中高,待验证,,provisional=true,0.4
M4-OVERUSE-080,K06升级与停止｜E1／E2上限,L1 六类失衡机制,OVERUSE-机制K06,通用,边界,K06,,E1需正常功能＋机制＋两类证据；E2再加具体触发且保护不足。,试图独立升级E3／E4，或现实反例明确。,由共享基础引擎提供；只修正功能承载、执行强度和压力反应，不直接等同有无主见。,由M1／M2接口提供；夫妻星只标注关系议题角色，不单独证明过用、不足或竞争。,由M3-BASE提供；日支底盘提高关系相关性，但不能单独建立失衡结论。,由M3及共享流向引擎提供；没有有效起点、转换和终点时，不得补写现实处理顺序。,由共享基础引擎判定；近位提高亲密关系相关性，远位降级为背景候选。,由共享基础引擎判定；根气主要修正重复调用能力，不等于现实中已经反复发生。,由共享基础引擎判定；强弱只修正调用强度与可用性，不直接等同功能质量。,喜忌只修正调用摩擦、平衡与承载，不直接等同好坏、成熟或道德品质。,原十神功能有效；真合化成立时按化神功能替换，合化争议时停止定性。,由共享基础引擎判定；近位提高进入关系核心的概率，远位只保留背景修正。,92,E1／E2路由；E3交LOOP,boundary_note,K06在OVERUSE中最高到E2。,目前最多说明这项机制在某些情境中更容易出现；是否反复形成固定模式，要结合后续循环模块和真实经历。,不得仅凭本规则推出控制、冷战、讨好、攻击、依赖、花心、自私、欺骗、暴力、人格／依恋障碍、分手离婚或关系必败；必须结合真实行为、触发情境、反例与保护因素验证。,中高,待验证,,provisional=true,0.4
M4-OVERUSE-081,比肩正常功能｜平等、自主、清楚立场、共,L2 十神功能失衡,OVERUSE-十神比肩,通用,正常功能,比肩,比劫系统,需要确认该十神在M3中的可用功能。,该十神真合化后性质已替换，或基础状态停止。,由共享基础引擎提供；只修正功能承载、执行强度和压力反应，不直接等同有无主见。,由M1／M2接口提供；夫妻星只标注关系议题角色，不单独证明过用、不足或竞争。,由M3-BASE提供；日支底盘提高关系相关性，但不能单独建立失衡结论。,由M3及共享流向引擎提供；没有有效起点、转换和终点时，不得补写现实处理顺序。,由共享基础引擎判定；近位提高亲密关系相关性，远位降级为背景候选。,由共享基础引擎判定；根气主要修正重复调用能力，不等于现实中已经反复发生。,由共享基础引擎判定；强弱只修正调用强度与可用性，不直接等同功能质量。,喜忌只修正调用摩擦、平衡与承载，不直接等同好坏、成熟或道德品质。,原十神功能有效；真合化成立时按化神功能替换，合化争议时停止定性。,由共享基础引擎判定；近位提高进入关系核心的概率，远位只保留背景修正。,84,+8功能来源,functional_origin,平等、自主、清楚立场、共同决定和保留个人权利。,这项功能本身的价值在于：平等、自主、清楚立场、共同决定和保留个人权利。,不得仅凭本规则推出控制、冷战、讨好、攻击、依赖、花心、自私、欺骗、暴力、人格／依恋障碍、分手离婚或关系必败；必须结合真实行为、触发情境、反例与保护因素验证。,中,待验证,,provisional=true,0.4
M4-OVERUSE-082,比肩K01过用候选,L2 十神功能失衡,OVERUSE-十神比肩,通用,过用候选,比肩,比劫系统,比肩功能有效；存在抢先、重复占位或压缩另一项必要功能的证据。,只是旺、透或使用熟练，其他功能仍能按需进入。,由共享基础引擎提供；只修正功能承载、执行强度和压力反应，不直接等同有无主见。,由M1／M2接口提供；夫妻星只标注关系议题角色，不单独证明过用、不足或竞争。,由M3-BASE提供；日支底盘提高关系相关性，但不能单独建立失衡结论。,由M3及共享流向引擎提供；没有有效起点、转换和终点时，不得补写现实处理顺序。,由共享基础引擎判定；近位提高亲密关系相关性，远位降级为背景候选。,由共享基础引擎判定；根气主要修正重复调用能力，不等于现实中已经反复发生。,由共享基础引擎判定；强弱只修正调用强度与可用性，不直接等同功能质量。,喜忌只修正调用摩擦、平衡与承载，不直接等同好坏、成熟或道德品质。,原十神功能有效；真合化成立时按化神功能替换，合化争议时停止定性。,由共享基础引擎判定；近位提高进入关系核心的概率，远位只保留背景修正。,82,+10明确过用；E1候选,imbalance_mechanism,平等标准被机械化，反复核对谁多谁少，或立场在理解背景之前抢先占位。,你重视平等和自主；需要留意的是，在权限或公平被触发时，立场是否会比理解和协商更早进入。,不得仅凭本规则推出控制、冷战、讨好、攻击、依赖、花心、自私、欺骗、暴力、人格／依恋障碍、分手离婚或关系必败；必须结合真实行为、触发情境、反例与保护因素验证。,中,待验证,,provisional=true,0.4
M4-OVERUSE-083,比肩K02不足候选,L2 十神功能失衡,OVERUSE-十神比肩,通用,不足候选,比肩,比劫系统,当前任务需要比肩功能；可用性低、进入过晚或现实中难以稳定调用。,已有等价替代或任务不需要该功能。,由共享基础引擎提供；只修正功能承载、执行强度和压力反应，不直接等同有无主见。,由M1／M2接口提供；夫妻星只标注关系议题角色，不单独证明过用、不足或竞争。,由M3-BASE提供；日支底盘提高关系相关性，但不能单独建立失衡结论。,由M3及共享流向引擎提供；没有有效起点、转换和终点时，不得补写现实处理顺序。,由共享基础引擎判定；近位提高亲密关系相关性，远位降级为背景候选。,由共享基础引擎判定；根气主要修正重复调用能力，不等于现实中已经反复发生。,由共享基础引擎判定；强弱只修正调用强度与可用性，不直接等同功能质量。,喜忌只修正调用摩擦、平衡与承载，不直接等同好坏、成熟或道德品质。,原十神功能有效；真合化成立时按化神功能替换，合化争议时停止定性。,由共享基础引擎判定；近位提高进入关系核心的概率，远位只保留背景修正。,80,+8必要缺位,missing_function,需要表态、拒绝或划分决定权时，个人标准进入较晚。,当关系需要这项功能时，需要继续确认它是否能够及时进入：需要表态、拒绝或划分决定权时，个人标准进入较晚。,不得仅凭本规则推出控制、冷战、讨好、攻击、依赖、花心、自私、欺骗、暴力、人格／依恋障碍、分手离婚或关系必败；必须结合真实行为、触发情境、反例与保护因素验证。,中,待验证,,provisional=true,0.4
M4-OVERUSE-084,比肩K03替代候选,L2 十神功能失衡,OVERUSE-十神比肩,通用,替代候选,比肩,比劫系统,比肩功能被用于承担另一项不同任务；目标功能没有独立完成。,两项同义，或目标功能已同步进入。,由共享基础引擎提供；只修正功能承载、执行强度和压力反应，不直接等同有无主见。,由M1／M2接口提供；夫妻星只标注关系议题角色，不单独证明过用、不足或竞争。,由M3-BASE提供；日支底盘提高关系相关性，但不能单独建立失衡结论。,由M3及共享流向引擎提供；没有有效起点、转换和终点时，不得补写现实处理顺序。,由共享基础引擎判定；近位提高亲密关系相关性，远位降级为背景候选。,由共享基础引擎判定；根气主要修正重复调用能力，不等于现实中已经反复发生。,由共享基础引擎判定；强弱只修正调用强度与可用性，不直接等同功能质量。,喜忌只修正调用摩擦、平衡与承载，不直接等同好坏、成熟或道德品质。,原十神功能有效；真合化成立时按化神功能替换，合化争议时停止定性。,由共享基础引擎判定；近位提高进入关系核心的概率，远位只保留背景修正。,81,+9替代机制,substitute_function,用“各自负责、各自决定”替代情绪开放、共同协商或现实合作。,需要区分：比肩做到了什么，以及它不能替代什么。,不得仅凭本规则推出控制、冷战、讨好、攻击、依赖、花心、自私、欺骗、暴力、人格／依恋障碍、分手离婚或关系必败；必须结合真实行为、触发情境、反例与保护因素验证。,中,待验证,,provisional=true,0.4
M4-OVERUSE-085,比肩K04顺序候选,L2 十神功能失衡,OVERUSE-十神比肩,通用,顺序候选,比肩,比劫系统,比肩与后续必要功能均有效；存在明确先后和后续压缩。,没有现实顺序证据或该顺序不影响结果。,由共享基础引擎提供；只修正功能承载、执行强度和压力反应，不直接等同有无主见。,由M1／M2接口提供；夫妻星只标注关系议题角色，不单独证明过用、不足或竞争。,由M3-BASE提供；日支底盘提高关系相关性，但不能单独建立失衡结论。,由M3及共享流向引擎提供；没有有效起点、转换和终点时，不得补写现实处理顺序。,由共享基础引擎判定；近位提高亲密关系相关性，远位降级为背景候选。,由共享基础引擎判定；根气主要修正重复调用能力，不等于现实中已经反复发生。,由共享基础引擎判定；强弱只修正调用强度与可用性，不直接等同功能质量。,喜忌只修正调用摩擦、平衡与承载，不直接等同好坏、成熟或道德品质。,原十神功能有效；真合化成立时按化神功能替换，合化争议时停止定性。,由共享基础引擎判定；近位提高进入关系核心的概率，远位只保留背景修正。,79,+8顺序错位,sequence_pattern,先强调立场和公平，再听背景与共同目标；若后续不回到理解，形成顺序错位。,可能的难点不是能力缺少，而是：先强调立场和公平，再听背景与共同目标；若后续不回到理解，形成顺序错位。,不得仅凭本规则推出控制、冷战、讨好、攻击、依赖、花心、自私、欺骗、暴力、人格／依恋障碍、分手离婚或关系必败；必须结合真实行为、触发情境、反例与保护因素验证。,中,待验证,,provisional=true,0.4
M4-OVERUSE-086,比肩K05竞争候选,L2 十神功能失衡,OVERUSE-十神比肩,通用,竞争候选,比肩,比劫系统,比肩与另一功能均有独立来源，且同一阶段争夺主导。,已形成清楚分工、先后或同义收敛。,由共享基础引擎提供；只修正功能承载、执行强度和压力反应，不直接等同有无主见。,由M1／M2接口提供；夫妻星只标注关系议题角色，不单独证明过用、不足或竞争。,由M3-BASE提供；日支底盘提高关系相关性，但不能单独建立失衡结论。,由M3及共享流向引擎提供；没有有效起点、转换和终点时，不得补写现实处理顺序。,由共享基础引擎判定；近位提高亲密关系相关性，远位降级为背景候选。,由共享基础引擎判定；根气主要修正重复调用能力，不等于现实中已经反复发生。,由共享基础引擎判定；强弱只修正调用强度与可用性，不直接等同功能质量。,喜忌只修正调用摩擦、平衡与承载，不直接等同好坏、成熟或道德品质。,原十神功能有效；真合化成立时按化神功能替换，合化争议时停止定性。,由共享基础引擎判定；近位提高进入关系核心的概率，远位只保留背景修正。,78,+8竞争结构,competition_pattern,容易与正官／七杀的规则责任、正财的共享投入或正印的承接发生主导权竞争。,当两项都重要时，需要明确谁先、谁后、各自负责什么。容易与正官／七杀的规则责任、正财的共享投入或正印的承接发生主导权竞争。,不得仅凭本规则推出控制、冷战、讨好、攻击、依赖、花心、自私、欺骗、暴力、人格／依恋障碍、分手离婚或关系必败；必须结合真实行为、触发情境、反例与保护因素验证。,中,待验证,,provisional=true,0.4
M4-OVERUSE-087,比肩K06转换受阻,L2 十神功能失衡,OVERUSE-十神比肩,通用,流向卡点,比肩,比劫系统,比肩完成起点功能；下一项必要任务没有进入。,目标任务不必要或另一稳定路径已完成。,由共享基础引擎提供；只修正功能承载、执行强度和压力反应，不直接等同有无主见。,由M1／M2接口提供；夫妻星只标注关系议题角色，不单独证明过用、不足或竞争。,由M3-BASE提供；日支底盘提高关系相关性，但不能单独建立失衡结论。,由M3及共享流向引擎提供；没有有效起点、转换和终点时，不得补写现实处理顺序。,由共享基础引擎判定；近位提高亲密关系相关性，远位降级为背景候选。,由共享基础引擎判定；根气主要修正重复调用能力，不等于现实中已经反复发生。,由共享基础引擎判定；强弱只修正调用强度与可用性，不直接等同功能质量。,喜忌只修正调用摩擦、平衡与承载，不直接等同好坏、成熟或道德品质。,原十神功能有效；真合化成立时按化神功能替换，合化争议时停止定性。,由共享基础引擎判定；近位提高进入关系核心的概率，远位只保留背景修正。,80,+9流向卡点,flow_block,知道自己不愿意什么，但难以进一步转成可被对方接收的表达和合作方案。,这项功能可能已经完成前半段，但没有自然转成下一步：知道自己不愿意什么，但难以进一步转成可被对方接收的表达和合作方案。,不得仅凭本规则推出控制、冷战、讨好、攻击、依赖、花心、自私、欺骗、暴力、人格／依恋障碍、分手离婚或关系必败；必须结合真实行为、触发情境、反例与保护因素验证。,中,待验证,,provisional=true,0.4
M4-OVERUSE-088,比肩触发域候选,L2 十神功能失衡,OVERUSE-十神比肩,通用,触发,比肩,比劫系统,结构候选已成立；出现对应关系情境。,无法匹配具体触发域。,由共享基础引擎提供；只修正功能承载、执行强度和压力反应，不直接等同有无主见。,由M1／M2接口提供；夫妻星只标注关系议题角色，不单独证明过用、不足或竞争。,由M3-BASE提供；日支底盘提高关系相关性，但不能单独建立失衡结论。,由M3及共享流向引擎提供；没有有效起点、转换和终点时，不得补写现实处理顺序。,由共享基础引擎判定；近位提高亲密关系相关性，远位降级为背景候选。,由共享基础引擎判定；根气主要修正重复调用能力，不等于现实中已经反复发生。,由共享基础引擎判定；强弱只修正调用强度与可用性，不直接等同功能质量。,喜忌只修正调用摩擦、平衡与承载，不直接等同好坏、成熟或道德品质。,原十神功能有效；真合化成立时按化神功能替换，合化争议时停止定性。,由共享基础引擎判定；近位提高进入关系核心的概率，远位只保留背景修正。,76,+6触发；可升级E2,activation_trigger,权限不清、资源分配、对方推进过快或个人空间被压缩。,这类反应更容易在以下情境中被启动：权限不清、资源分配、对方推进过快或个人空间被压缩。,不得仅凭本规则推出控制、冷战、讨好、攻击、依赖、花心、自私、欺骗、暴力、人格／依恋障碍、分手离婚或关系必败；必须结合真实行为、触发情境、反例与保护因素验证。,中,待验证,,provisional=true,0.4
M4-OVERUSE-089,比肩保护与通关,L2 十神功能失衡,OVERUSE-十神比肩,通用,保护,比肩,比劫系统,存在能够限制过用、补足缺位或完成转换的独立功能。,保护因素仅同源重复或现实中未体现。,由共享基础引擎提供；只修正功能承载、执行强度和压力反应，不直接等同有无主见。,由M1／M2接口提供；夫妻星只标注关系议题角色，不单独证明过用、不足或竞争。,由M3-BASE提供；日支底盘提高关系相关性，但不能单独建立失衡结论。,由M3及共享流向引擎提供；没有有效起点、转换和终点时，不得补写现实处理顺序。,由共享基础引擎判定；近位提高亲密关系相关性，远位降级为背景候选。,由共享基础引擎判定；根气主要修正重复调用能力，不等于现实中已经反复发生。,由共享基础引擎判定；强弱只修正调用强度与可用性，不直接等同功能质量。,喜忌只修正调用摩擦、平衡与承载，不直接等同好坏、成熟或道德品质。,原十神功能有效；真合化成立时按化神功能替换，合化争议时停止定性。,由共享基础引擎判定；近位提高进入关系核心的概率，远位只保留背景修正。,85,-6至-12,buffer_factor,正印先理解背景、食伤把立场说清、财星落实分工、官星明确共同规则。,如果以下调节能够稳定进入，这个候选会减弱：正印先理解背景、食伤把立场说清、财星落实分工、官星明确共同规则。,不得仅凭本规则推出控制、冷战、讨好、攻击、依赖、花心、自私、欺骗、暴力、人格／依恋障碍、分手离婚或关系必败；必须结合真实行为、触发情境、反例与保护因素验证。,中,待验证,,provisional=true,0.4
M4-OVERUSE-090,比肩综合用户输出与停止,L2 十神功能失衡,OVERUSE-十神比肩,通用,输出边界,比肩,比劫系统,至少一项K01—K06机制满足E1；主次和同源去重完成。,只有单一标签、没有独立证据或现实反例明确。,由共享基础引擎提供；只修正功能承载、执行强度和压力反应，不直接等同有无主见。,由M1／M2接口提供；夫妻星只标注关系议题角色，不单独证明过用、不足或竞争。,由M3-BASE提供；日支底盘提高关系相关性，但不能单独建立失衡结论。,由M3及共享流向引擎提供；没有有效起点、转换和终点时，不得补写现实处理顺序。,由共享基础引擎判定；近位提高亲密关系相关性，远位降级为背景候选。,由共享基础引擎判定；根气主要修正重复调用能力，不等于现实中已经反复发生。,由共享基础引擎判定；强弱只修正调用强度与可用性，不直接等同功能质量。,喜忌只修正调用摩擦、平衡与承载，不直接等同好坏、成熟或道德品质。,原十神功能有效；真合化成立时按化神功能替换，合化争议时停止定性。,由共享基础引擎判定；近位提高进入关系核心的概率，远位只保留背景修正。,86,输出一主机制；否则停止,blindspot_summary,比肩的正常功能是平等、自主、清楚立场、共同决定和保留个人权利。；失衡候选为平等标准被机械化，反复核对谁多谁少，或立场在理解背景之前抢先占位。,你重视平等和自主；需要留意的是，在权限或公平被触发时，立场是否会比理解和协商更早进入。,不得仅凭本规则推出控制、冷战、讨好、攻击、依赖、花心、自私、欺骗、暴力、人格／依恋障碍、分手离婚或关系必败；必须结合真实行为、触发情境、反例与保护因素验证。,中,待验证,,provisional=true,0.4
M4-OVERUSE-091,劫财正常功能｜快速参与、共同执行、现场,L2 十神功能失衡,OVERUSE-十神劫财,通用,正常功能,劫财,比劫系统,需要确认该十神在M3中的可用功能。,该十神真合化后性质已替换，或基础状态停止。,由共享基础引擎提供；只修正功能承载、执行强度和压力反应，不直接等同有无主见。,由M1／M2接口提供；夫妻星只标注关系议题角色，不单独证明过用、不足或竞争。,由M3-BASE提供；日支底盘提高关系相关性，但不能单独建立失衡结论。,由M3及共享流向引擎提供；没有有效起点、转换和终点时，不得补写现实处理顺序。,由共享基础引擎判定；近位提高亲密关系相关性，远位降级为背景候选。,由共享基础引擎判定；根气主要修正重复调用能力，不等于现实中已经反复发生。,由共享基础引擎判定；强弱只修正调用强度与可用性，不直接等同功能质量。,喜忌只修正调用摩擦、平衡与承载，不直接等同好坏、成熟或道德品质。,原十神功能有效；真合化成立时按化神功能替换，合化争议时停止定性。,由共享基础引擎判定；近位提高进入关系核心的概率，远位只保留背景修正。,84,+8功能来源,functional_origin,快速参与、共同执行、现场补位、资源动员和行动中的协作。,这项功能本身的价值在于：快速参与、共同执行、现场补位、资源动员和行动中的协作。,不得仅凭本规则推出控制、冷战、讨好、攻击、依赖、花心、自私、欺骗、暴力、人格／依恋障碍、分手离婚或关系必败；必须结合真实行为、触发情境、反例与保护因素验证。,中,待验证,,provisional=true,0.4
M4-OVERUSE-092,劫财K01过用候选,L2 十神功能失衡,OVERUSE-十神劫财,通用,过用候选,劫财,比劫系统,劫财功能有效；存在抢先、重复占位或压缩另一项必要功能的证据。,只是旺、透或使用熟练，其他功能仍能按需进入。,由共享基础引擎提供；只修正功能承载、执行强度和压力反应，不直接等同有无主见。,由M1／M2接口提供；夫妻星只标注关系议题角色，不单独证明过用、不足或竞争。,由M3-BASE提供；日支底盘提高关系相关性，但不能单独建立失衡结论。,由M3及共享流向引擎提供；没有有效起点、转换和终点时，不得补写现实处理顺序。,由共享基础引擎判定；近位提高亲密关系相关性，远位降级为背景候选。,由共享基础引擎判定；根气主要修正重复调用能力，不等于现实中已经反复发生。,由共享基础引擎判定；强弱只修正调用强度与可用性，不直接等同功能质量。,喜忌只修正调用摩擦、平衡与承载，不直接等同好坏、成熟或道德品质。,原十神功能有效；真合化成立时按化神功能替换，合化争议时停止定性。,由共享基础引擎判定；近位提高进入关系核心的概率，远位只保留背景修正。,82,+10明确过用；E1候选,imbalance_mechanism,未经范围确认就快速介入、资源混用或把共同参与扩大为替对方决定。,你很容易在需要时快速加入；真正需要确认的是，行动之前是否已经谈清范围，行动之后是否有人承接后续。,不得仅凭本规则推出控制、冷战、讨好、攻击、依赖、花心、自私、欺骗、暴力、人格／依恋障碍、分手离婚或关系必败；必须结合真实行为、触发情境、反例与保护因素验证。,中,待验证,,provisional=true,0.4
M4-OVERUSE-093,劫财K02不足候选,L2 十神功能失衡,OVERUSE-十神劫财,通用,不足候选,劫财,比劫系统,当前任务需要劫财功能；可用性低、进入过晚或现实中难以稳定调用。,已有等价替代或任务不需要该功能。,由共享基础引擎提供；只修正功能承载、执行强度和压力反应，不直接等同有无主见。,由M1／M2接口提供；夫妻星只标注关系议题角色，不单独证明过用、不足或竞争。,由M3-BASE提供；日支底盘提高关系相关性，但不能单独建立失衡结论。,由M3及共享流向引擎提供；没有有效起点、转换和终点时，不得补写现实处理顺序。,由共享基础引擎判定；近位提高亲密关系相关性，远位降级为背景候选。,由共享基础引擎判定；根气主要修正重复调用能力，不等于现实中已经反复发生。,由共享基础引擎判定；强弱只修正调用强度与可用性，不直接等同功能质量。,喜忌只修正调用摩擦、平衡与承载，不直接等同好坏、成熟或道德品质。,原十神功能有效；真合化成立时按化神功能替换，合化争议时停止定性。,由共享基础引擎判定；近位提高进入关系核心的概率，远位只保留背景修正。,80,+8必要缺位,missing_function,需要双方一起处理时，动员和协作启动不足，事情容易各做各的。,当关系需要这项功能时，需要继续确认它是否能够及时进入：需要双方一起处理时，动员和协作启动不足，事情容易各做各的。,不得仅凭本规则推出控制、冷战、讨好、攻击、依赖、花心、自私、欺骗、暴力、人格／依恋障碍、分手离婚或关系必败；必须结合真实行为、触发情境、反例与保护因素验证。,中,待验证,,provisional=true,0.4
M4-OVERUSE-094,劫财K03替代候选,L2 十神功能失衡,OVERUSE-十神劫财,通用,替代候选,劫财,比劫系统,劫财功能被用于承担另一项不同任务；目标功能没有独立完成。,两项同义，或目标功能已同步进入。,由共享基础引擎提供；只修正功能承载、执行强度和压力反应，不直接等同有无主见。,由M1／M2接口提供；夫妻星只标注关系议题角色，不单独证明过用、不足或竞争。,由M3-BASE提供；日支底盘提高关系相关性，但不能单独建立失衡结论。,由M3及共享流向引擎提供；没有有效起点、转换和终点时，不得补写现实处理顺序。,由共享基础引擎判定；近位提高亲密关系相关性，远位降级为背景候选。,由共享基础引擎判定；根气主要修正重复调用能力，不等于现实中已经反复发生。,由共享基础引擎判定；强弱只修正调用强度与可用性，不直接等同功能质量。,喜忌只修正调用摩擦、平衡与承载，不直接等同好坏、成熟或道德品质。,原十神功能有效；真合化成立时按化神功能替换，合化争议时停止定性。,由共享基础引擎判定；近位提高进入关系核心的概率，远位只保留背景修正。,81,+9替代机制,substitute_function,用一起行动、热情参与或立即帮忙替代角色说明、长期分工和接受方同意。,需要区分：劫财做到了什么，以及它不能替代什么。,不得仅凭本规则推出控制、冷战、讨好、攻击、依赖、花心、自私、欺骗、暴力、人格／依恋障碍、分手离婚或关系必败；必须结合真实行为、触发情境、反例与保护因素验证。,中,待验证,,provisional=true,0.4
M4-OVERUSE-095,劫财K04顺序候选,L2 十神功能失衡,OVERUSE-十神劫财,通用,顺序候选,劫财,比劫系统,劫财与后续必要功能均有效；存在明确先后和后续压缩。,没有现实顺序证据或该顺序不影响结果。,由共享基础引擎提供；只修正功能承载、执行强度和压力反应，不直接等同有无主见。,由M1／M2接口提供；夫妻星只标注关系议题角色，不单独证明过用、不足或竞争。,由M3-BASE提供；日支底盘提高关系相关性，但不能单独建立失衡结论。,由M3及共享流向引擎提供；没有有效起点、转换和终点时，不得补写现实处理顺序。,由共享基础引擎判定；近位提高亲密关系相关性，远位降级为背景候选。,由共享基础引擎判定；根气主要修正重复调用能力，不等于现实中已经反复发生。,由共享基础引擎判定；强弱只修正调用强度与可用性，不直接等同功能质量。,喜忌只修正调用摩擦、平衡与承载，不直接等同好坏、成熟或道德品质。,原十神功能有效；真合化成立时按化神功能替换，合化争议时停止定性。,由共享基础引擎判定；近位提高进入关系核心的概率，远位只保留背景修正。,79,+8顺序错位,sequence_pattern,先投入行动，再谈权限、成本与后续责任。,可能的难点不是能力缺少，而是：先投入行动，再谈权限、成本与后续责任。,不得仅凭本规则推出控制、冷战、讨好、攻击、依赖、花心、自私、欺骗、暴力、人格／依恋障碍、分手离婚或关系必败；必须结合真实行为、触发情境、反例与保护因素验证。,中,待验证,,provisional=true,0.4
M4-OVERUSE-096,劫财K05竞争候选,L2 十神功能失衡,OVERUSE-十神劫财,通用,竞争候选,劫财,比劫系统,劫财与另一功能均有独立来源，且同一阶段争夺主导。,已形成清楚分工、先后或同义收敛。,由共享基础引擎提供；只修正功能承载、执行强度和压力反应，不直接等同有无主见。,由M1／M2接口提供；夫妻星只标注关系议题角色，不单独证明过用、不足或竞争。,由M3-BASE提供；日支底盘提高关系相关性，但不能单独建立失衡结论。,由M3及共享流向引擎提供；没有有效起点、转换和终点时，不得补写现实处理顺序。,由共享基础引擎判定；近位提高亲密关系相关性，远位降级为背景候选。,由共享基础引擎判定；根气主要修正重复调用能力，不等于现实中已经反复发生。,由共享基础引擎判定；强弱只修正调用强度与可用性，不直接等同功能质量。,喜忌只修正调用摩擦、平衡与承载，不直接等同好坏、成熟或道德品质。,原十神功能有效；真合化成立时按化神功能替换，合化争议时停止定性。,由共享基础引擎判定；近位提高进入关系核心的概率，远位只保留背景修正。,78,+8竞争结构,competition_pattern,容易与正财的稳定安排、正官的责任边界、偏印的独立处理空间竞争。,当两项都重要时，需要明确谁先、谁后、各自负责什么。容易与正财的稳定安排、正官的责任边界、偏印的独立处理空间竞争。,不得仅凭本规则推出控制、冷战、讨好、攻击、依赖、花心、自私、欺骗、暴力、人格／依恋障碍、分手离婚或关系必败；必须结合真实行为、触发情境、反例与保护因素验证。,中,待验证,,provisional=true,0.4
M4-OVERUSE-097,劫财K06转换受阻,L2 十神功能失衡,OVERUSE-十神劫财,通用,流向卡点,劫财,比劫系统,劫财完成起点功能；下一项必要任务没有进入。,目标任务不必要或另一稳定路径已完成。,由共享基础引擎提供；只修正功能承载、执行强度和压力反应，不直接等同有无主见。,由M1／M2接口提供；夫妻星只标注关系议题角色，不单独证明过用、不足或竞争。,由M3-BASE提供；日支底盘提高关系相关性，但不能单独建立失衡结论。,由M3及共享流向引擎提供；没有有效起点、转换和终点时，不得补写现实处理顺序。,由共享基础引擎判定；近位提高亲密关系相关性，远位降级为背景候选。,由共享基础引擎判定；根气主要修正重复调用能力，不等于现实中已经反复发生。,由共享基础引擎判定；强弱只修正调用强度与可用性，不直接等同功能质量。,喜忌只修正调用摩擦、平衡与承载，不直接等同好坏、成熟或道德品质。,原十神功能有效；真合化成立时按化神功能替换，合化争议时停止定性。,由共享基础引擎判定；近位提高进入关系核心的概率，远位只保留背景修正。,80,+9流向卡点,flow_block,行动很快，却难转成稳定分工、持续投入或明确责任。,这项功能可能已经完成前半段，但没有自然转成下一步：行动很快，却难转成稳定分工、持续投入或明确责任。,不得仅凭本规则推出控制、冷战、讨好、攻击、依赖、花心、自私、欺骗、暴力、人格／依恋障碍、分手离婚或关系必败；必须结合真实行为、触发情境、反例与保护因素验证。,中,待验证,,provisional=true,0.4
M4-OVERUSE-098,劫财触发域候选,L2 十神功能失衡,OVERUSE-十神劫财,通用,触发,劫财,比劫系统,结构候选已成立；出现对应关系情境。,无法匹配具体触发域。,由共享基础引擎提供；只修正功能承载、执行强度和压力反应，不直接等同有无主见。,由M1／M2接口提供；夫妻星只标注关系议题角色，不单独证明过用、不足或竞争。,由M3-BASE提供；日支底盘提高关系相关性，但不能单独建立失衡结论。,由M3及共享流向引擎提供；没有有效起点、转换和终点时，不得补写现实处理顺序。,由共享基础引擎判定；近位提高亲密关系相关性，远位降级为背景候选。,由共享基础引擎判定；根气主要修正重复调用能力，不等于现实中已经反复发生。,由共享基础引擎判定；强弱只修正调用强度与可用性，不直接等同功能质量。,喜忌只修正调用摩擦、平衡与承载，不直接等同好坏、成熟或道德品质。,原十神功能有效；真合化成立时按化神功能替换，合化争议时停止定性。,由共享基础引擎判定；近位提高进入关系核心的概率，远位只保留背景修正。,76,+6触发；可升级E2,activation_trigger,突发事件、共同任务、社交场景、关系需要快速回应。,这类反应更容易在以下情境中被启动：突发事件、共同任务、社交场景、关系需要快速回应。,不得仅凭本规则推出控制、冷战、讨好、攻击、依赖、花心、自私、欺骗、暴力、人格／依恋障碍、分手离婚或关系必败；必须结合真实行为、触发情境、反例与保护因素验证。,中,待验证,,provisional=true,0.4
M4-OVERUSE-099,劫财保护与通关,L2 十神功能失衡,OVERUSE-十神劫财,通用,保护,劫财,比劫系统,存在能够限制过用、补足缺位或完成转换的独立功能。,保护因素仅同源重复或现实中未体现。,由共享基础引擎提供；只修正功能承载、执行强度和压力反应，不直接等同有无主见。,由M1／M2接口提供；夫妻星只标注关系议题角色，不单独证明过用、不足或竞争。,由M3-BASE提供；日支底盘提高关系相关性，但不能单独建立失衡结论。,由M3及共享流向引擎提供；没有有效起点、转换和终点时，不得补写现实处理顺序。,由共享基础引擎判定；近位提高亲密关系相关性，远位降级为背景候选。,由共享基础引擎判定；根气主要修正重复调用能力，不等于现实中已经反复发生。,由共享基础引擎判定；强弱只修正调用强度与可用性，不直接等同功能质量。,喜忌只修正调用摩擦、平衡与承载，不直接等同好坏、成熟或道德品质。,原十神功能有效；真合化成立时按化神功能替换，合化争议时停止定性。,由共享基础引擎判定；近位提高进入关系核心的概率，远位只保留背景修正。,85,-6至-12,buffer_factor,先确认对方是否需要、界定范围、再由正财／正官承接长期分工。,如果以下调节能够稳定进入，这个候选会减弱：先确认对方是否需要、界定范围、再由正财／正官承接长期分工。,不得仅凭本规则推出控制、冷战、讨好、攻击、依赖、花心、自私、欺骗、暴力、人格／依恋障碍、分手离婚或关系必败；必须结合真实行为、触发情境、反例与保护因素验证。,中,待验证,,provisional=true,0.4
M4-OVERUSE-100,劫财综合用户输出与停止,L2 十神功能失衡,OVERUSE-十神劫财,通用,输出边界,劫财,比劫系统,至少一项K01—K06机制满足E1；主次和同源去重完成。,只有单一标签、没有独立证据或现实反例明确。,由共享基础引擎提供；只修正功能承载、执行强度和压力反应，不直接等同有无主见。,由M1／M2接口提供；夫妻星只标注关系议题角色，不单独证明过用、不足或竞争。,由M3-BASE提供；日支底盘提高关系相关性，但不能单独建立失衡结论。,由M3及共享流向引擎提供；没有有效起点、转换和终点时，不得补写现实处理顺序。,由共享基础引擎判定；近位提高亲密关系相关性，远位降级为背景候选。,由共享基础引擎判定；根气主要修正重复调用能力，不等于现实中已经反复发生。,由共享基础引擎判定；强弱只修正调用强度与可用性，不直接等同功能质量。,喜忌只修正调用摩擦、平衡与承载，不直接等同好坏、成熟或道德品质。,原十神功能有效；真合化成立时按化神功能替换，合化争议时停止定性。,由共享基础引擎判定；近位提高进入关系核心的概率，远位只保留背景修正。,86,输出一主机制；否则停止,blindspot_summary,劫财的正常功能是快速参与、共同执行、现场补位、资源动员和行动中的协作。；失衡候选为未经范围确认就快速介入、资源混用或把共同参与扩大为替对方决定。,你很容易在需要时快速加入；真正需要确认的是，行动之前是否已经谈清范围，行动之后是否有人承接后续。,不得仅凭本规则推出控制、冷战、讨好、攻击、依赖、花心、自私、欺骗、暴力、人格／依恋障碍、分手离婚或关系必败；必须结合真实行为、触发情境、反例与保护因素验证。,中,待验证,,provisional=true,0.4
M4-OVERUSE-101,食神正常功能｜温和分享、舒缓陪伴、降低,L2 十神功能失衡,OVERUSE-十神食神,通用,正常功能,食神,食伤系统,需要确认该十神在M3中的可用功能。,该十神真合化后性质已替换，或基础状态停止。,由共享基础引擎提供；只修正功能承载、执行强度和压力反应，不直接等同有无主见。,由M1／M2接口提供；夫妻星只标注关系议题角色，不单独证明过用、不足或竞争。,由M3-BASE提供；日支底盘提高关系相关性，但不能单独建立失衡结论。,由M3及共享流向引擎提供；没有有效起点、转换和终点时，不得补写现实处理顺序。,由共享基础引擎判定；近位提高亲密关系相关性，远位降级为背景候选。,由共享基础引擎判定；根气主要修正重复调用能力，不等于现实中已经反复发生。,由共享基础引擎判定；强弱只修正调用强度与可用性，不直接等同功能质量。,喜忌只修正调用摩擦、平衡与承载，不直接等同好坏、成熟或道德品质。,原十神功能有效；真合化成立时按化神功能替换，合化争议时停止定性。,由共享基础引擎判定；近位提高进入关系核心的概率，远位只保留背景修正。,84,+8功能来源,functional_origin,温和分享、舒缓陪伴、降低强度、创造可沟通的氛围。,这项功能本身的价值在于：温和分享、舒缓陪伴、降低强度、创造可沟通的氛围。,不得仅凭本规则推出控制、冷战、讨好、攻击、依赖、花心、自私、欺骗、暴力、人格／依恋障碍、分手离婚或关系必败；必须结合真实行为、触发情境、反例与保护因素验证。,中,待验证,,provisional=true,0.4
M4-OVERUSE-102,食神K01过用候选,L2 十神功能失衡,OVERUSE-十神食神,通用,过用候选,食神,食伤系统,食神功能有效；存在抢先、重复占位或压缩另一项必要功能的证据。,只是旺、透或使用熟练，其他功能仍能按需进入。,由共享基础引擎提供；只修正功能承载、执行强度和压力反应，不直接等同有无主见。,由M1／M2接口提供；夫妻星只标注关系议题角色，不单独证明过用、不足或竞争。,由M3-BASE提供；日支底盘提高关系相关性，但不能单独建立失衡结论。,由M3及共享流向引擎提供；没有有效起点、转换和终点时，不得补写现实处理顺序。,由共享基础引擎判定；近位提高亲密关系相关性，远位降级为背景候选。,由共享基础引擎判定；根气主要修正重复调用能力，不等于现实中已经反复发生。,由共享基础引擎判定；强弱只修正调用强度与可用性，不直接等同功能质量。,喜忌只修正调用摩擦、平衡与承载，不直接等同好坏、成熟或道德品质。,原十神功能有效；真合化成立时按化神功能替换，合化争议时停止定性。,由共享基础引擎判定；近位提高进入关系核心的概率，远位只保留背景修正。,82,+10明确过用；E1候选,imbalance_mechanism,为了维持舒服与和谐，延后关键问题、模糊需求或过度缓冲。,你擅长让关系先恢复舒服；需要留意的是，舒服以后是否还会回到真正需要说清和落实的部分。,不得仅凭本规则推出控制、冷战、讨好、攻击、依赖、花心、自私、欺骗、暴力、人格／依恋障碍、分手离婚或关系必败；必须结合真实行为、触发情境、反例与保护因素验证。,中,待验证,,provisional=true,0.4
M4-OVERUSE-103,食神K02不足候选,L2 十神功能失衡,OVERUSE-十神食神,通用,不足候选,食神,食伤系统,当前任务需要食神功能；可用性低、进入过晚或现实中难以稳定调用。,已有等价替代或任务不需要该功能。,由共享基础引擎提供；只修正功能承载、执行强度和压力反应，不直接等同有无主见。,由M1／M2接口提供；夫妻星只标注关系议题角色，不单独证明过用、不足或竞争。,由M3-BASE提供；日支底盘提高关系相关性，但不能单独建立失衡结论。,由M3及共享流向引擎提供；没有有效起点、转换和终点时，不得补写现实处理顺序。,由共享基础引擎判定；近位提高亲密关系相关性，远位降级为背景候选。,由共享基础引擎判定；根气主要修正重复调用能力，不等于现实中已经反复发生。,由共享基础引擎判定；强弱只修正调用强度与可用性，不直接等同功能质量。,喜忌只修正调用摩擦、平衡与承载，不直接等同好坏、成熟或道德品质。,原十神功能有效；真合化成立时按化神功能替换，合化争议时停止定性。,由共享基础引擎判定；近位提高进入关系核心的概率，远位只保留背景修正。,80,+8必要缺位,missing_function,关系紧张时缺少降温和柔化，重要信息难以在安全状态下进入。,当关系需要这项功能时，需要继续确认它是否能够及时进入：关系紧张时缺少降温和柔化，重要信息难以在安全状态下进入。,不得仅凭本规则推出控制、冷战、讨好、攻击、依赖、花心、自私、欺骗、暴力、人格／依恋障碍、分手离婚或关系必败；必须结合真实行为、触发情境、反例与保护因素验证。,中,待验证,,provisional=true,0.4
M4-OVERUSE-104,食神K03替代候选,L2 十神功能失衡,OVERUSE-十神食神,通用,替代候选,食神,食伤系统,食神功能被用于承担另一项不同任务；目标功能没有独立完成。,两项同义，或目标功能已同步进入。,由共享基础引擎提供；只修正功能承载、执行强度和压力反应，不直接等同有无主见。,由M1／M2接口提供；夫妻星只标注关系议题角色，不单独证明过用、不足或竞争。,由M3-BASE提供；日支底盘提高关系相关性，但不能单独建立失衡结论。,由M3及共享流向引擎提供；没有有效起点、转换和终点时，不得补写现实处理顺序。,由共享基础引擎判定；近位提高亲密关系相关性，远位降级为背景候选。,由共享基础引擎判定；根气主要修正重复调用能力，不等于现实中已经反复发生。,由共享基础引擎判定；强弱只修正调用强度与可用性，不直接等同功能质量。,喜忌只修正调用摩擦、平衡与承载，不直接等同好坏、成熟或道德品质。,原十神功能有效；真合化成立时按化神功能替换，合化争议时停止定性。,由共享基础引擎判定；近位提高进入关系核心的概率，远位只保留背景修正。,81,+9替代机制,substitute_function,用陪伴、体贴和保持气氛替代明确表达、责任落实或边界重订。,需要区分：食神做到了什么，以及它不能替代什么。,不得仅凭本规则推出控制、冷战、讨好、攻击、依赖、花心、自私、欺骗、暴力、人格／依恋障碍、分手离婚或关系必败；必须结合真实行为、触发情境、反例与保护因素验证。,中,待验证,,provisional=true,0.4
M4-OVERUSE-105,食神K04顺序候选,L2 十神功能失衡,OVERUSE-十神食神,通用,顺序候选,食神,食伤系统,食神与后续必要功能均有效；存在明确先后和后续压缩。,没有现实顺序证据或该顺序不影响结果。,由共享基础引擎提供；只修正功能承载、执行强度和压力反应，不直接等同有无主见。,由M1／M2接口提供；夫妻星只标注关系议题角色，不单独证明过用、不足或竞争。,由M3-BASE提供；日支底盘提高关系相关性，但不能单独建立失衡结论。,由M3及共享流向引擎提供；没有有效起点、转换和终点时，不得补写现实处理顺序。,由共享基础引擎判定；近位提高亲密关系相关性，远位降级为背景候选。,由共享基础引擎判定；根气主要修正重复调用能力，不等于现实中已经反复发生。,由共享基础引擎判定；强弱只修正调用强度与可用性，不直接等同功能质量。,喜忌只修正调用摩擦、平衡与承载，不直接等同好坏、成熟或道德品质。,原十神功能有效；真合化成立时按化神功能替换，合化争议时停止定性。,由共享基础引擎判定；近位提高进入关系核心的概率，远位只保留背景修正。,79,+8顺序错位,sequence_pattern,先让大家舒服，但迟迟不回到真正议题。,可能的难点不是能力缺少，而是：先让大家舒服，但迟迟不回到真正议题。,不得仅凭本规则推出控制、冷战、讨好、攻击、依赖、花心、自私、欺骗、暴力、人格／依恋障碍、分手离婚或关系必败；必须结合真实行为、触发情境、反例与保护因素验证。,中,待验证,,provisional=true,0.4
M4-OVERUSE-106,食神K05竞争候选,L2 十神功能失衡,OVERUSE-十神食神,通用,竞争候选,食神,食伤系统,食神与另一功能均有独立来源，且同一阶段争夺主导。,已形成清楚分工、先后或同义收敛。,由共享基础引擎提供；只修正功能承载、执行强度和压力反应，不直接等同有无主见。,由M1／M2接口提供；夫妻星只标注关系议题角色，不单独证明过用、不足或竞争。,由M3-BASE提供；日支底盘提高关系相关性，但不能单独建立失衡结论。,由M3及共享流向引擎提供；没有有效起点、转换和终点时，不得补写现实处理顺序。,由共享基础引擎判定；近位提高亲密关系相关性，远位降级为背景候选。,由共享基础引擎判定；根气主要修正重复调用能力，不等于现实中已经反复发生。,由共享基础引擎判定；强弱只修正调用强度与可用性，不直接等同功能质量。,喜忌只修正调用摩擦、平衡与承载，不直接等同好坏、成熟或道德品质。,原十神功能有效；真合化成立时按化神功能替换，合化争议时停止定性。,由共享基础引擎判定；近位提高进入关系核心的概率，远位只保留背景修正。,78,+8竞争结构,competition_pattern,容易与伤官的清楚说明、正官的规则复核、七杀的紧急处理竞争。,当两项都重要时，需要明确谁先、谁后、各自负责什么。容易与伤官的清楚说明、正官的规则复核、七杀的紧急处理竞争。,不得仅凭本规则推出控制、冷战、讨好、攻击、依赖、花心、自私、欺骗、暴力、人格／依恋障碍、分手离婚或关系必败；必须结合真实行为、触发情境、反例与保护因素验证。,中,待验证,,provisional=true,0.4
M4-OVERUSE-107,食神K06转换受阻,L2 十神功能失衡,OVERUSE-十神食神,通用,流向卡点,食神,食伤系统,食神完成起点功能；下一项必要任务没有进入。,目标任务不必要或另一稳定路径已完成。,由共享基础引擎提供；只修正功能承载、执行强度和压力反应，不直接等同有无主见。,由M1／M2接口提供；夫妻星只标注关系议题角色，不单独证明过用、不足或竞争。,由M3-BASE提供；日支底盘提高关系相关性，但不能单独建立失衡结论。,由M3及共享流向引擎提供；没有有效起点、转换和终点时，不得补写现实处理顺序。,由共享基础引擎判定；近位提高亲密关系相关性，远位降级为背景候选。,由共享基础引擎判定；根气主要修正重复调用能力，不等于现实中已经反复发生。,由共享基础引擎判定；强弱只修正调用强度与可用性，不直接等同功能质量。,喜忌只修正调用摩擦、平衡与承载，不直接等同好坏、成熟或道德品质。,原十神功能有效；真合化成立时按化神功能替换，合化争议时停止定性。,由共享基础引擎判定；近位提高进入关系核心的概率，远位只保留背景修正。,80,+9流向卡点,flow_block,氛围恢复了，却没有进一步转成具体表达、安排或承诺。,这项功能可能已经完成前半段，但没有自然转成下一步：氛围恢复了，却没有进一步转成具体表达、安排或承诺。,不得仅凭本规则推出控制、冷战、讨好、攻击、依赖、花心、自私、欺骗、暴力、人格／依恋障碍、分手离婚或关系必败；必须结合真实行为、触发情境、反例与保护因素验证。,中,待验证,,provisional=true,0.4
M4-OVERUSE-108,食神触发域候选,L2 十神功能失衡,OVERUSE-十神食神,通用,触发,食神,食伤系统,结构候选已成立；出现对应关系情境。,无法匹配具体触发域。,由共享基础引擎提供；只修正功能承载、执行强度和压力反应，不直接等同有无主见。,由M1／M2接口提供；夫妻星只标注关系议题角色，不单独证明过用、不足或竞争。,由M3-BASE提供；日支底盘提高关系相关性，但不能单独建立失衡结论。,由M3及共享流向引擎提供；没有有效起点、转换和终点时，不得补写现实处理顺序。,由共享基础引擎判定；近位提高亲密关系相关性，远位降级为背景候选。,由共享基础引擎判定；根气主要修正重复调用能力，不等于现实中已经反复发生。,由共享基础引擎判定；强弱只修正调用强度与可用性，不直接等同功能质量。,喜忌只修正调用摩擦、平衡与承载，不直接等同好坏、成熟或道德品质。,原十神功能有效；真合化成立时按化神功能替换，合化争议时停止定性。,由共享基础引擎判定；近位提高进入关系核心的概率，远位只保留背景修正。,76,+6触发；可升级E2,activation_trigger,担心关系变僵、对方情绪明显、冲突强度上升。,这类反应更容易在以下情境中被启动：担心关系变僵、对方情绪明显、冲突强度上升。,不得仅凭本规则推出控制、冷战、讨好、攻击、依赖、花心、自私、欺骗、暴力、人格／依恋障碍、分手离婚或关系必败；必须结合真实行为、触发情境、反例与保护因素验证。,中,待验证,,provisional=true,0.4
M4-OVERUSE-109,食神保护与通关,L2 十神功能失衡,OVERUSE-十神食神,通用,保护,食神,食伤系统,存在能够限制过用、补足缺位或完成转换的独立功能。,保护因素仅同源重复或现实中未体现。,由共享基础引擎提供；只修正功能承载、执行强度和压力反应，不直接等同有无主见。,由M1／M2接口提供；夫妻星只标注关系议题角色，不单独证明过用、不足或竞争。,由M3-BASE提供；日支底盘提高关系相关性，但不能单独建立失衡结论。,由M3及共享流向引擎提供；没有有效起点、转换和终点时，不得补写现实处理顺序。,由共享基础引擎判定；近位提高亲密关系相关性，远位降级为背景候选。,由共享基础引擎判定；根气主要修正重复调用能力，不等于现实中已经反复发生。,由共享基础引擎判定；强弱只修正调用强度与可用性，不直接等同功能质量。,喜忌只修正调用摩擦、平衡与承载，不直接等同好坏、成熟或道德品质。,原十神功能有效；真合化成立时按化神功能替换，合化争议时停止定性。,由共享基础引擎判定；近位提高进入关系核心的概率，远位只保留背景修正。,85,-6至-12,buffer_factor,伤官补充清楚说明、正财落实安排、正官确认责任，并设置回到议题的时间点。,如果以下调节能够稳定进入，这个候选会减弱：伤官补充清楚说明、正财落实安排、正官确认责任，并设置回到议题的时间点。,不得仅凭本规则推出控制、冷战、讨好、攻击、依赖、花心、自私、欺骗、暴力、人格／依恋障碍、分手离婚或关系必败；必须结合真实行为、触发情境、反例与保护因素验证。,中,待验证,,provisional=true,0.4
M4-OVERUSE-110,食神综合用户输出与停止,L2 十神功能失衡,OVERUSE-十神食神,通用,输出边界,食神,食伤系统,至少一项K01—K06机制满足E1；主次和同源去重完成。,只有单一标签、没有独立证据或现实反例明确。,由共享基础引擎提供；只修正功能承载、执行强度和压力反应，不直接等同有无主见。,由M1／M2接口提供；夫妻星只标注关系议题角色，不单独证明过用、不足或竞争。,由M3-BASE提供；日支底盘提高关系相关性，但不能单独建立失衡结论。,由M3及共享流向引擎提供；没有有效起点、转换和终点时，不得补写现实处理顺序。,由共享基础引擎判定；近位提高亲密关系相关性，远位降级为背景候选。,由共享基础引擎判定；根气主要修正重复调用能力，不等于现实中已经反复发生。,由共享基础引擎判定；强弱只修正调用强度与可用性，不直接等同功能质量。,喜忌只修正调用摩擦、平衡与承载，不直接等同好坏、成熟或道德品质。,原十神功能有效；真合化成立时按化神功能替换，合化争议时停止定性。,由共享基础引擎判定；近位提高进入关系核心的概率，远位只保留背景修正。,86,输出一主机制；否则停止,blindspot_summary,食神的正常功能是温和分享、舒缓陪伴、降低强度、创造可沟通的氛围。；失衡候选为为了维持舒服与和谐，延后关键问题、模糊需求或过度缓冲。,你擅长让关系先恢复舒服；需要留意的是，舒服以后是否还会回到真正需要说清和落实的部分。,不得仅凭本规则推出控制、冷战、讨好、攻击、依赖、花心、自私、欺骗、暴力、人格／依恋障碍、分手离婚或关系必败；必须结合真实行为、触发情境、反例与保护因素验证。,中,待验证,,provisional=true,0.4
M4-OVERUSE-111,伤官正常功能｜分析问题、澄清事实、表达,L2 十神功能失衡,OVERUSE-十神伤官,通用,正常功能,伤官,食伤系统,需要确认该十神在M3中的可用功能。,该十神真合化后性质已替换，或基础状态停止。,由共享基础引擎提供；只修正功能承载、执行强度和压力反应，不直接等同有无主见。,由M1／M2接口提供；夫妻星只标注关系议题角色，不单独证明过用、不足或竞争。,由M3-BASE提供；日支底盘提高关系相关性，但不能单独建立失衡结论。,由M3及共享流向引擎提供；没有有效起点、转换和终点时，不得补写现实处理顺序。,由共享基础引擎判定；近位提高亲密关系相关性，远位降级为背景候选。,由共享基础引擎判定；根气主要修正重复调用能力，不等于现实中已经反复发生。,由共享基础引擎判定；强弱只修正调用强度与可用性，不直接等同功能质量。,喜忌只修正调用摩擦、平衡与承载，不直接等同好坏、成熟或道德品质。,原十神功能有效；真合化成立时按化神功能替换，合化争议时停止定性。,由共享基础引擎判定；近位提高进入关系核心的概率，远位只保留背景修正。,84,+8功能来源,functional_origin,分析问题、澄清事实、表达观点、提出问题和建立理解。,这项功能本身的价值在于：分析问题、澄清事实、表达观点、提出问题和建立理解。,不得仅凭本规则推出控制、冷战、讨好、攻击、依赖、花心、自私、欺骗、暴力、人格／依恋障碍、分手离婚或关系必败；必须结合真实行为、触发情境、反例与保护因素验证。,中,待验证,,provisional=true,0.4
M4-OVERUSE-112,伤官K01过用候选,L2 十神功能失衡,OVERUSE-十神伤官,通用,过用候选,伤官,食伤系统,伤官功能有效；存在抢先、重复占位或压缩另一项必要功能的证据。,只是旺、透或使用熟练，其他功能仍能按需进入。,由共享基础引擎提供；只修正功能承载、执行强度和压力反应，不直接等同有无主见。,由M1／M2接口提供；夫妻星只标注关系议题角色，不单独证明过用、不足或竞争。,由M3-BASE提供；日支底盘提高关系相关性，但不能单独建立失衡结论。,由M3及共享流向引擎提供；没有有效起点、转换和终点时，不得补写现实处理顺序。,由共享基础引擎判定；近位提高亲密关系相关性，远位降级为背景候选。,由共享基础引擎判定；根气主要修正重复调用能力，不等于现实中已经反复发生。,由共享基础引擎判定；强弱只修正调用强度与可用性，不直接等同功能质量。,喜忌只修正调用摩擦、平衡与承载，不直接等同好坏、成熟或道德品质。,原十神功能有效；真合化成立时按化神功能替换，合化争议时停止定性。,由共享基础引擎判定；近位提高进入关系核心的概率，远位只保留背景修正。,82,+10明确过用；E1候选,imbalance_mechanism,解释越来越多、反复纠正细节、用逻辑压住感受或把说清楚当成已经被理解。,你有能力把问题讲清楚；需要留意的是，说明是否在帮助双方理解，还是逐渐替代了倾听和现实改变。,不得仅凭本规则推出控制、冷战、讨好、攻击、依赖、花心、自私、欺骗、暴力、人格／依恋障碍、分手离婚或关系必败；必须结合真实行为、触发情境、反例与保护因素验证。,中,待验证,,provisional=true,0.4
M4-OVERUSE-113,伤官K02不足候选,L2 十神功能失衡,OVERUSE-十神伤官,通用,不足候选,伤官,食伤系统,当前任务需要伤官功能；可用性低、进入过晚或现实中难以稳定调用。,已有等价替代或任务不需要该功能。,由共享基础引擎提供；只修正功能承载、执行强度和压力反应，不直接等同有无主见。,由M1／M2接口提供；夫妻星只标注关系议题角色，不单独证明过用、不足或竞争。,由M3-BASE提供；日支底盘提高关系相关性，但不能单独建立失衡结论。,由M3及共享流向引擎提供；没有有效起点、转换和终点时，不得补写现实处理顺序。,由共享基础引擎判定；近位提高亲密关系相关性，远位降级为背景候选。,由共享基础引擎判定；根气主要修正重复调用能力，不等于现实中已经反复发生。,由共享基础引擎判定；强弱只修正调用强度与可用性，不直接等同功能质量。,喜忌只修正调用摩擦、平衡与承载，不直接等同好坏、成熟或道德品质。,原十神功能有效；真合化成立时按化神功能替换，合化争议时停止定性。,由共享基础引擎判定；近位提高进入关系核心的概率，远位只保留背景修正。,80,+8必要缺位,missing_function,关键问题难以被命名，需求、分歧和事实保持模糊。,当关系需要这项功能时，需要继续确认它是否能够及时进入：关键问题难以被命名，需求、分歧和事实保持模糊。,不得仅凭本规则推出控制、冷战、讨好、攻击、依赖、花心、自私、欺骗、暴力、人格／依恋障碍、分手离婚或关系必败；必须结合真实行为、触发情境、反例与保护因素验证。,中,待验证,,provisional=true,0.4
M4-OVERUSE-114,伤官K03替代候选,L2 十神功能失衡,OVERUSE-十神伤官,通用,替代候选,伤官,食伤系统,伤官功能被用于承担另一项不同任务；目标功能没有独立完成。,两项同义，或目标功能已同步进入。,由共享基础引擎提供；只修正功能承载、执行强度和压力反应，不直接等同有无主见。,由M1／M2接口提供；夫妻星只标注关系议题角色，不单独证明过用、不足或竞争。,由M3-BASE提供；日支底盘提高关系相关性，但不能单独建立失衡结论。,由M3及共享流向引擎提供；没有有效起点、转换和终点时，不得补写现实处理顺序。,由共享基础引擎判定；近位提高亲密关系相关性，远位降级为背景候选。,由共享基础引擎判定；根气主要修正重复调用能力，不等于现实中已经反复发生。,由共享基础引擎判定；强弱只修正调用强度与可用性，不直接等同功能质量。,喜忌只修正调用摩擦、平衡与承载，不直接等同好坏、成熟或道德品质。,原十神功能有效；真合化成立时按化神功能替换，合化争议时停止定性。,由共享基础引擎判定；近位提高进入关系核心的概率，远位只保留背景修正。,81,+9替代机制,substitute_function,用解释与分析替代倾听反馈、现实改变、责任承担或情绪修复。,需要区分：伤官做到了什么，以及它不能替代什么。,不得仅凭本规则推出控制、冷战、讨好、攻击、依赖、花心、自私、欺骗、暴力、人格／依恋障碍、分手离婚或关系必败；必须结合真实行为、触发情境、反例与保护因素验证。,中,待验证,,provisional=true,0.4
M4-OVERUSE-115,伤官K04顺序候选,L2 十神功能失衡,OVERUSE-十神伤官,通用,顺序候选,伤官,食伤系统,伤官与后续必要功能均有效；存在明确先后和后续压缩。,没有现实顺序证据或该顺序不影响结果。,由共享基础引擎提供；只修正功能承载、执行强度和压力反应，不直接等同有无主见。,由M1／M2接口提供；夫妻星只标注关系议题角色，不单独证明过用、不足或竞争。,由M3-BASE提供；日支底盘提高关系相关性，但不能单独建立失衡结论。,由M3及共享流向引擎提供；没有有效起点、转换和终点时，不得补写现实处理顺序。,由共享基础引擎判定；近位提高亲密关系相关性，远位降级为背景候选。,由共享基础引擎判定；根气主要修正重复调用能力，不等于现实中已经反复发生。,由共享基础引擎判定；强弱只修正调用强度与可用性，不直接等同功能质量。,喜忌只修正调用摩擦、平衡与承载，不直接等同好坏、成熟或道德品质。,原十神功能有效；真合化成立时按化神功能替换，合化争议时停止定性。,由共享基础引擎判定；近位提高进入关系核心的概率，远位只保留背景修正。,79,+8顺序错位,sequence_pattern,先完整表达，再接收对方信息；若对方已过载，后续倾听进入过晚。,可能的难点不是能力缺少，而是：先完整表达，再接收对方信息；若对方已过载，后续倾听进入过晚。,不得仅凭本规则推出控制、冷战、讨好、攻击、依赖、花心、自私、欺骗、暴力、人格／依恋障碍、分手离婚或关系必败；必须结合真实行为、触发情境、反例与保护因素验证。,中,待验证,,provisional=true,0.4
M4-OVERUSE-116,伤官K05竞争候选,L2 十神功能失衡,OVERUSE-十神伤官,通用,竞争候选,伤官,食伤系统,伤官与另一功能均有独立来源，且同一阶段争夺主导。,已形成清楚分工、先后或同义收敛。,由共享基础引擎提供；只修正功能承载、执行强度和压力反应，不直接等同有无主见。,由M1／M2接口提供；夫妻星只标注关系议题角色，不单独证明过用、不足或竞争。,由M3-BASE提供；日支底盘提高关系相关性，但不能单独建立失衡结论。,由M3及共享流向引擎提供；没有有效起点、转换和终点时，不得补写现实处理顺序。,由共享基础引擎判定；近位提高亲密关系相关性，远位降级为背景候选。,由共享基础引擎判定；根气主要修正重复调用能力，不等于现实中已经反复发生。,由共享基础引擎判定；强弱只修正调用强度与可用性，不直接等同功能质量。,喜忌只修正调用摩擦、平衡与承载，不直接等同好坏、成熟或道德品质。,原十神功能有效；真合化成立时按化神功能替换，合化争议时停止定性。,由共享基础引擎判定；近位提高进入关系核心的概率，远位只保留背景修正。,78,+8竞争结构,competition_pattern,容易与正印／偏印的倾听内化、正官／七杀的行动规则竞争。,当两项都重要时，需要明确谁先、谁后、各自负责什么。容易与正印／偏印的倾听内化、正官／七杀的行动规则竞争。,不得仅凭本规则推出控制、冷战、讨好、攻击、依赖、花心、自私、欺骗、暴力、人格／依恋障碍、分手离婚或关系必败；必须结合真实行为、触发情境、反例与保护因素验证。,中,待验证,,provisional=true,0.4
M4-OVERUSE-117,伤官K06转换受阻,L2 十神功能失衡,OVERUSE-十神伤官,通用,流向卡点,伤官,食伤系统,伤官完成起点功能；下一项必要任务没有进入。,目标任务不必要或另一稳定路径已完成。,由共享基础引擎提供；只修正功能承载、执行强度和压力反应，不直接等同有无主见。,由M1／M2接口提供；夫妻星只标注关系议题角色，不单独证明过用、不足或竞争。,由M3-BASE提供；日支底盘提高关系相关性，但不能单独建立失衡结论。,由M3及共享流向引擎提供；没有有效起点、转换和终点时，不得补写现实处理顺序。,由共享基础引擎判定；近位提高亲密关系相关性，远位降级为背景候选。,由共享基础引擎判定；根气主要修正重复调用能力，不等于现实中已经反复发生。,由共享基础引擎判定；强弱只修正调用强度与可用性，不直接等同功能质量。,喜忌只修正调用摩擦、平衡与承载，不直接等同好坏、成熟或道德品质。,原十神功能有效；真合化成立时按化神功能替换，合化争议时停止定性。,由共享基础引擎判定；近位提高进入关系核心的概率，远位只保留背景修正。,80,+9流向卡点,flow_block,问题说清了，却没有转成现实安排、行为改变或双方共同确认。,这项功能可能已经完成前半段，但没有自然转成下一步：问题说清了，却没有转成现实安排、行为改变或双方共同确认。,不得仅凭本规则推出控制、冷战、讨好、攻击、依赖、花心、自私、欺骗、暴力、人格／依恋障碍、分手离婚或关系必败；必须结合真实行为、触发情境、反例与保护因素验证。,中,待验证,,provisional=true,0.4
M4-OVERUSE-118,伤官触发域候选,L2 十神功能失衡,OVERUSE-十神伤官,通用,触发,伤官,食伤系统,结构候选已成立；出现对应关系情境。,无法匹配具体触发域。,由共享基础引擎提供；只修正功能承载、执行强度和压力反应，不直接等同有无主见。,由M1／M2接口提供；夫妻星只标注关系议题角色，不单独证明过用、不足或竞争。,由M3-BASE提供；日支底盘提高关系相关性，但不能单独建立失衡结论。,由M3及共享流向引擎提供；没有有效起点、转换和终点时，不得补写现实处理顺序。,由共享基础引擎判定；近位提高亲密关系相关性，远位降级为背景候选。,由共享基础引擎判定；根气主要修正重复调用能力，不等于现实中已经反复发生。,由共享基础引擎判定；强弱只修正调用强度与可用性，不直接等同功能质量。,喜忌只修正调用摩擦、平衡与承载，不直接等同好坏、成熟或道德品质。,原十神功能有效；真合化成立时按化神功能替换，合化争议时停止定性。,由共享基础引擎判定；近位提高进入关系核心的概率，远位只保留背景修正。,76,+6触发；可升级E2,activation_trigger,被误解、事实有争议、对方回应含糊或规则不合理。,这类反应更容易在以下情境中被启动：被误解、事实有争议、对方回应含糊或规则不合理。,不得仅凭本规则推出控制、冷战、讨好、攻击、依赖、花心、自私、欺骗、暴力、人格／依恋障碍、分手离婚或关系必败；必须结合真实行为、触发情境、反例与保护因素验证。,中,待验证,,provisional=true,0.4
M4-OVERUSE-119,伤官保护与通关,L2 十神功能失衡,OVERUSE-十神伤官,通用,保护,伤官,食伤系统,存在能够限制过用、补足缺位或完成转换的独立功能。,保护因素仅同源重复或现实中未体现。,由共享基础引擎提供；只修正功能承载、执行强度和压力反应，不直接等同有无主见。,由M1／M2接口提供；夫妻星只标注关系议题角色，不单独证明过用、不足或竞争。,由M3-BASE提供；日支底盘提高关系相关性，但不能单独建立失衡结论。,由M3及共享流向引擎提供；没有有效起点、转换和终点时，不得补写现实处理顺序。,由共享基础引擎判定；近位提高亲密关系相关性，远位降级为背景候选。,由共享基础引擎判定；根气主要修正重复调用能力，不等于现实中已经反复发生。,由共享基础引擎判定；强弱只修正调用强度与可用性，不直接等同功能质量。,喜忌只修正调用摩擦、平衡与承载，不直接等同好坏、成熟或道德品质。,原十神功能有效；真合化成立时按化神功能替换，合化争议时停止定性。,由共享基础引擎判定；近位提高进入关系核心的概率，远位只保留背景修正。,85,-6至-12,buffer_factor,正印先接收反馈、财星转成行动、官星明确责任，并限制单轮信息量。,如果以下调节能够稳定进入，这个候选会减弱：正印先接收反馈、财星转成行动、官星明确责任，并限制单轮信息量。,不得仅凭本规则推出控制、冷战、讨好、攻击、依赖、花心、自私、欺骗、暴力、人格／依恋障碍、分手离婚或关系必败；必须结合真实行为、触发情境、反例与保护因素验证。,中,待验证,,provisional=true,0.4
M4-OVERUSE-120,伤官综合用户输出与停止,L2 十神功能失衡,OVERUSE-十神伤官,通用,输出边界,伤官,食伤系统,至少一项K01—K06机制满足E1；主次和同源去重完成。,只有单一标签、没有独立证据或现实反例明确。,由共享基础引擎提供；只修正功能承载、执行强度和压力反应，不直接等同有无主见。,由M1／M2接口提供；夫妻星只标注关系议题角色，不单独证明过用、不足或竞争。,由M3-BASE提供；日支底盘提高关系相关性，但不能单独建立失衡结论。,由M3及共享流向引擎提供；没有有效起点、转换和终点时，不得补写现实处理顺序。,由共享基础引擎判定；近位提高亲密关系相关性，远位降级为背景候选。,由共享基础引擎判定；根气主要修正重复调用能力，不等于现实中已经反复发生。,由共享基础引擎判定；强弱只修正调用强度与可用性，不直接等同功能质量。,喜忌只修正调用摩擦、平衡与承载，不直接等同好坏、成熟或道德品质。,原十神功能有效；真合化成立时按化神功能替换，合化争议时停止定性。,由共享基础引擎判定；近位提高进入关系核心的概率，远位只保留背景修正。,86,输出一主机制；否则停止,blindspot_summary,伤官的正常功能是分析问题、澄清事实、表达观点、提出问题和建立理解。；失衡候选为解释越来越多、反复纠正细节、用逻辑压住感受或把说清楚当成已经被理解。,你有能力把问题讲清楚；需要留意的是，说明是否在帮助双方理解，还是逐渐替代了倾听和现实改变。,不得仅凭本规则推出控制、冷战、讨好、攻击、依赖、花心、自私、欺骗、暴力、人格／依恋障碍、分手离婚或关系必败；必须结合真实行为、触发情境、反例与保护因素验证。,中,待验证,,provisional=true,0.4
M4-OVERUSE-121,正财正常功能｜稳定投入、日常经营、时间,L2 十神功能失衡,OVERUSE-十神正财,通用,正常功能,正财,财星系统,需要确认该十神在M3中的可用功能。,该十神真合化后性质已替换，或基础状态停止。,由共享基础引擎提供；只修正功能承载、执行强度和压力反应，不直接等同有无主见。,由M1／M2接口提供；夫妻星只标注关系议题角色，不单独证明过用、不足或竞争。,由M3-BASE提供；日支底盘提高关系相关性，但不能单独建立失衡结论。,由M3及共享流向引擎提供；没有有效起点、转换和终点时，不得补写现实处理顺序。,由共享基础引擎判定；近位提高亲密关系相关性，远位降级为背景候选。,由共享基础引擎判定；根气主要修正重复调用能力，不等于现实中已经反复发生。,由共享基础引擎判定；强弱只修正调用强度与可用性，不直接等同功能质量。,喜忌只修正调用摩擦、平衡与承载，不直接等同好坏、成熟或道德品质。,原十神功能有效；真合化成立时按化神功能替换，合化争议时停止定性。,由共享基础引擎判定；近位提高进入关系核心的概率，远位只保留背景修正。,84,+8功能来源,functional_origin,稳定投入、日常经营、时间资源安排、持续执行和现实照顾。,这项功能本身的价值在于：稳定投入、日常经营、时间资源安排、持续执行和现实照顾。,不得仅凭本规则推出控制、冷战、讨好、攻击、依赖、花心、自私、欺骗、暴力、人格／依恋障碍、分手离婚或关系必败；必须结合真实行为、触发情境、反例与保护因素验证。,中,待验证,,provisional=true,0.4
M4-OVERUSE-122,正财K01过用候选,L2 十神功能失衡,OVERUSE-十神正财,通用,过用候选,正财,财星系统,正财功能有效；存在抢先、重复占位或压缩另一项必要功能的证据。,只是旺、透或使用熟练，其他功能仍能按需进入。,由共享基础引擎提供；只修正功能承载、执行强度和压力反应，不直接等同有无主见。,由M1／M2接口提供；夫妻星只标注关系议题角色，不单独证明过用、不足或竞争。,由M3-BASE提供；日支底盘提高关系相关性，但不能单独建立失衡结论。,由M3及共享流向引擎提供；没有有效起点、转换和终点时，不得补写现实处理顺序。,由共享基础引擎判定；近位提高亲密关系相关性，远位降级为背景候选。,由共享基础引擎判定；根气主要修正重复调用能力，不等于现实中已经反复发生。,由共享基础引擎判定；强弱只修正调用强度与可用性，不直接等同功能质量。,喜忌只修正调用摩擦、平衡与承载，不直接等同好坏、成熟或道德品质。,原十神功能有效；真合化成立时按化神功能替换，合化争议时停止定性。,由共享基础引擎判定；近位提高进入关系核心的概率，远位只保留背景修正。,82,+10明确过用；E1候选,imbalance_mechanism,把大量投入当成关系已经成立的证明，反复记账，或用做事替代提出需要和协商回馈。,你会用持续投入把关系落到现实；需要留意的是，付出是否已经被双方理解、同意并转成清楚分工。,不得仅凭本规则推出控制、冷战、讨好、攻击、依赖、花心、自私、欺骗、暴力、人格／依恋障碍、分手离婚或关系必败；必须结合真实行为、触发情境、反例与保护因素验证。,中,待验证,,provisional=true,0.4
M4-OVERUSE-123,正财K02不足候选,L2 十神功能失衡,OVERUSE-十神正财,通用,不足候选,正财,财星系统,当前任务需要正财功能；可用性低、进入过晚或现实中难以稳定调用。,已有等价替代或任务不需要该功能。,由共享基础引擎提供；只修正功能承载、执行强度和压力反应，不直接等同有无主见。,由M1／M2接口提供；夫妻星只标注关系议题角色，不单独证明过用、不足或竞争。,由M3-BASE提供；日支底盘提高关系相关性，但不能单独建立失衡结论。,由M3及共享流向引擎提供；没有有效起点、转换和终点时，不得补写现实处理顺序。,由共享基础引擎判定；近位提高亲密关系相关性，远位降级为背景候选。,由共享基础引擎判定；根气主要修正重复调用能力，不等于现实中已经反复发生。,由共享基础引擎判定；强弱只修正调用强度与可用性，不直接等同功能质量。,喜忌只修正调用摩擦、平衡与承载，不直接等同好坏、成熟或道德品质。,原十神功能有效；真合化成立时按化神功能替换，合化争议时停止定性。,由共享基础引擎判定；近位提高进入关系核心的概率，远位只保留背景修正。,80,+8必要缺位,missing_function,关系计划缺少持续执行，投入零散或现实安排无法落地。,当关系需要这项功能时，需要继续确认它是否能够及时进入：关系计划缺少持续执行，投入零散或现实安排无法落地。,不得仅凭本规则推出控制、冷战、讨好、攻击、依赖、花心、自私、欺骗、暴力、人格／依恋障碍、分手离婚或关系必败；必须结合真实行为、触发情境、反例与保护因素验证。,中,待验证,,provisional=true,0.4
M4-OVERUSE-124,正财K03替代候选,L2 十神功能失衡,OVERUSE-十神正财,通用,替代候选,正财,财星系统,正财功能被用于承担另一项不同任务；目标功能没有独立完成。,两项同义，或目标功能已同步进入。,由共享基础引擎提供；只修正功能承载、执行强度和压力反应，不直接等同有无主见。,由M1／M2接口提供；夫妻星只标注关系议题角色，不单独证明过用、不足或竞争。,由M3-BASE提供；日支底盘提高关系相关性，但不能单独建立失衡结论。,由M3及共享流向引擎提供；没有有效起点、转换和终点时，不得补写现实处理顺序。,由共享基础引擎判定；近位提高亲密关系相关性，远位降级为背景候选。,由共享基础引擎判定；根气主要修正重复调用能力，不等于现实中已经反复发生。,由共享基础引擎判定；强弱只修正调用强度与可用性，不直接等同功能质量。,喜忌只修正调用摩擦、平衡与承载，不直接等同好坏、成熟或道德品质。,原十神功能有效；真合化成立时按化神功能替换，合化争议时停止定性。,由共享基础引擎判定；近位提高进入关系核心的概率，远位只保留背景修正。,81,+9替代机制,substitute_function,用时间、金钱、事务和照顾替代情绪交流、承诺责任或边界谈判。,需要区分：正财做到了什么，以及它不能替代什么。,不得仅凭本规则推出控制、冷战、讨好、攻击、依赖、花心、自私、欺骗、暴力、人格／依恋障碍、分手离婚或关系必败；必须结合真实行为、触发情境、反例与保护因素验证。,中,待验证,,provisional=true,0.4
M4-OVERUSE-125,正财K04顺序候选,L2 十神功能失衡,OVERUSE-十神正财,通用,顺序候选,正财,财星系统,正财与后续必要功能均有效；存在明确先后和后续压缩。,没有现实顺序证据或该顺序不影响结果。,由共享基础引擎提供；只修正功能承载、执行强度和压力反应，不直接等同有无主见。,由M1／M2接口提供；夫妻星只标注关系议题角色，不单独证明过用、不足或竞争。,由M3-BASE提供；日支底盘提高关系相关性，但不能单独建立失衡结论。,由M3及共享流向引擎提供；没有有效起点、转换和终点时，不得补写现实处理顺序。,由共享基础引擎判定；近位提高亲密关系相关性，远位降级为背景候选。,由共享基础引擎判定；根气主要修正重复调用能力，不等于现实中已经反复发生。,由共享基础引擎判定；强弱只修正调用强度与可用性，不直接等同功能质量。,喜忌只修正调用摩擦、平衡与承载，不直接等同好坏、成熟或道德品质。,原十神功能有效；真合化成立时按化神功能替换，合化争议时停止定性。,由共享基础引擎判定；近位提高进入关系核心的概率，远位只保留背景修正。,79,+8顺序错位,sequence_pattern,先持续投入，再确认双方是否同意这种分工、是否愿意回馈。,可能的难点不是能力缺少，而是：先持续投入，再确认双方是否同意这种分工、是否愿意回馈。,不得仅凭本规则推出控制、冷战、讨好、攻击、依赖、花心、自私、欺骗、暴力、人格／依恋障碍、分手离婚或关系必败；必须结合真实行为、触发情境、反例与保护因素验证。,中,待验证,,provisional=true,0.4
M4-OVERUSE-126,正财K05竞争候选,L2 十神功能失衡,OVERUSE-十神正财,通用,竞争候选,正财,财星系统,正财与另一功能均有独立来源，且同一阶段争夺主导。,已形成清楚分工、先后或同义收敛。,由共享基础引擎提供；只修正功能承载、执行强度和压力反应，不直接等同有无主见。,由M1／M2接口提供；夫妻星只标注关系议题角色，不单独证明过用、不足或竞争。,由M3-BASE提供；日支底盘提高关系相关性，但不能单独建立失衡结论。,由M3及共享流向引擎提供；没有有效起点、转换和终点时，不得补写现实处理顺序。,由共享基础引擎判定；近位提高亲密关系相关性，远位降级为背景候选。,由共享基础引擎判定；根气主要修正重复调用能力，不等于现实中已经反复发生。,由共享基础引擎判定；强弱只修正调用强度与可用性，不直接等同功能质量。,喜忌只修正调用摩擦、平衡与承载，不直接等同好坏、成熟或道德品质。,原十神功能有效；真合化成立时按化神功能替换，合化争议时停止定性。,由共享基础引擎判定；近位提高进入关系核心的概率，远位只保留背景修正。,78,+8竞争结构,competition_pattern,容易与比肩的自主公平、偏财的灵活体验、正官的角色责任竞争。,当两项都重要时，需要明确谁先、谁后、各自负责什么。容易与比肩的自主公平、偏财的灵活体验、正官的角色责任竞争。,不得仅凭本规则推出控制、冷战、讨好、攻击、依赖、花心、自私、欺骗、暴力、人格／依恋障碍、分手离婚或关系必败；必须结合真实行为、触发情境、反例与保护因素验证。,中,待验证,,provisional=true,0.4
M4-OVERUSE-127,正财K06转换受阻,L2 十神功能失衡,OVERUSE-十神正财,通用,流向卡点,正财,财星系统,正财完成起点功能；下一项必要任务没有进入。,目标任务不必要或另一稳定路径已完成。,由共享基础引擎提供；只修正功能承载、执行强度和压力反应，不直接等同有无主见。,由M1／M2接口提供；夫妻星只标注关系议题角色，不单独证明过用、不足或竞争。,由M3-BASE提供；日支底盘提高关系相关性，但不能单独建立失衡结论。,由M3及共享流向引擎提供；没有有效起点、转换和终点时，不得补写现实处理顺序。,由共享基础引擎判定；近位提高亲密关系相关性，远位降级为背景候选。,由共享基础引擎判定；根气主要修正重复调用能力，不等于现实中已经反复发生。,由共享基础引擎判定；强弱只修正调用强度与可用性，不直接等同功能质量。,喜忌只修正调用摩擦、平衡与承载，不直接等同好坏、成熟或道德品质。,原十神功能有效；真合化成立时按化神功能替换，合化争议时停止定性。,由共享基础引擎判定；近位提高进入关系核心的概率，远位只保留背景修正。,80,+9流向卡点,flow_block,有现实投入，却没有进一步形成清楚承诺、稳定分工和可复核责任。,这项功能可能已经完成前半段，但没有自然转成下一步：有现实投入，却没有进一步形成清楚承诺、稳定分工和可复核责任。,不得仅凭本规则推出控制、冷战、讨好、攻击、依赖、花心、自私、欺骗、暴力、人格／依恋障碍、分手离婚或关系必败；必须结合真实行为、触发情境、反例与保护因素验证。,中,待验证,,provisional=true,0.4
M4-OVERUSE-128,正财触发域候选,L2 十神功能失衡,OVERUSE-十神正财,通用,触发,正财,财星系统,结构候选已成立；出现对应关系情境。,无法匹配具体触发域。,由共享基础引擎提供；只修正功能承载、执行强度和压力反应，不直接等同有无主见。,由M1／M2接口提供；夫妻星只标注关系议题角色，不单独证明过用、不足或竞争。,由M3-BASE提供；日支底盘提高关系相关性，但不能单独建立失衡结论。,由M3及共享流向引擎提供；没有有效起点、转换和终点时，不得补写现实处理顺序。,由共享基础引擎判定；近位提高亲密关系相关性，远位降级为背景候选。,由共享基础引擎判定；根气主要修正重复调用能力，不等于现实中已经反复发生。,由共享基础引擎判定；强弱只修正调用强度与可用性，不直接等同功能质量。,喜忌只修正调用摩擦、平衡与承载，不直接等同好坏、成熟或道德品质。,原十神功能有效；真合化成立时按化神功能替换，合化争议时停止定性。,由共享基础引擎判定；近位提高进入关系核心的概率，远位只保留背景修正。,76,+6触发；可升级E2,activation_trigger,共同生活、财务时间分配、家庭事务、关系需要落地。,这类反应更容易在以下情境中被启动：共同生活、财务时间分配、家庭事务、关系需要落地。,不得仅凭本规则推出控制、冷战、讨好、攻击、依赖、花心、自私、欺骗、暴力、人格／依恋障碍、分手离婚或关系必败；必须结合真实行为、触发情境、反例与保护因素验证。,中,待验证,,provisional=true,0.4
M4-OVERUSE-129,正财保护与通关,L2 十神功能失衡,OVERUSE-十神正财,通用,保护,正财,财星系统,存在能够限制过用、补足缺位或完成转换的独立功能。,保护因素仅同源重复或现实中未体现。,由共享基础引擎提供；只修正功能承载、执行强度和压力反应，不直接等同有无主见。,由M1／M2接口提供；夫妻星只标注关系议题角色，不单独证明过用、不足或竞争。,由M3-BASE提供；日支底盘提高关系相关性，但不能单独建立失衡结论。,由M3及共享流向引擎提供；没有有效起点、转换和终点时，不得补写现实处理顺序。,由共享基础引擎判定；近位提高亲密关系相关性，远位降级为背景候选。,由共享基础引擎判定；根气主要修正重复调用能力，不等于现实中已经反复发生。,由共享基础引擎判定；强弱只修正调用强度与可用性，不直接等同功能质量。,喜忌只修正调用摩擦、平衡与承载，不直接等同好坏、成熟或道德品质。,原十神功能有效；真合化成立时按化神功能替换，合化争议时停止定性。,由共享基础引擎判定；近位提高进入关系核心的概率，远位只保留背景修正。,85,-6至-12,buffer_factor,比劫确认边界和对等、食伤提出需要、官杀明确责任与复核。,如果以下调节能够稳定进入，这个候选会减弱：比劫确认边界和对等、食伤提出需要、官杀明确责任与复核。,不得仅凭本规则推出控制、冷战、讨好、攻击、依赖、花心、自私、欺骗、暴力、人格／依恋障碍、分手离婚或关系必败；必须结合真实行为、触发情境、反例与保护因素验证。,中,待验证,,provisional=true,0.4
M4-OVERUSE-130,正财综合用户输出与停止,L2 十神功能失衡,OVERUSE-十神正财,通用,输出边界,正财,财星系统,至少一项K01—K06机制满足E1；主次和同源去重完成。,只有单一标签、没有独立证据或现实反例明确。,由共享基础引擎提供；只修正功能承载、执行强度和压力反应，不直接等同有无主见。,由M1／M2接口提供；夫妻星只标注关系议题角色，不单独证明过用、不足或竞争。,由M3-BASE提供；日支底盘提高关系相关性，但不能单独建立失衡结论。,由M3及共享流向引擎提供；没有有效起点、转换和终点时，不得补写现实处理顺序。,由共享基础引擎判定；近位提高亲密关系相关性，远位降级为背景候选。,由共享基础引擎判定；根气主要修正重复调用能力，不等于现实中已经反复发生。,由共享基础引擎判定；强弱只修正调用强度与可用性，不直接等同功能质量。,喜忌只修正调用摩擦、平衡与承载，不直接等同好坏、成熟或道德品质。,原十神功能有效；真合化成立时按化神功能替换，合化争议时停止定性。,由共享基础引擎判定；近位提高进入关系核心的概率，远位只保留背景修正。,86,输出一主机制；否则停止,blindspot_summary,正财的正常功能是稳定投入、日常经营、时间资源安排、持续执行和现实照顾。；失衡候选为把大量投入当成关系已经成立的证明，反复记账，或用做事替代提出需要和协商回馈。,你会用持续投入把关系落到现实；需要留意的是，付出是否已经被双方理解、同意并转成清楚分工。,不得仅凭本规则推出控制、冷战、讨好、攻击、依赖、花心、自私、欺骗、暴力、人格／依恋障碍、分手离婚或关系必败；必须结合真实行为、触发情境、反例与保护因素验证。,中,待验证,,provisional=true,0.4
M4-OVERUSE-131,偏财正常功能｜灵活回应、共同体验、即时,L2 十神功能失衡,OVERUSE-十神偏财,通用,正常功能,偏财,财星系统,需要确认该十神在M3中的可用功能。,该十神真合化后性质已替换，或基础状态停止。,由共享基础引擎提供；只修正功能承载、执行强度和压力反应，不直接等同有无主见。,由M1／M2接口提供；夫妻星只标注关系议题角色，不单独证明过用、不足或竞争。,由M3-BASE提供；日支底盘提高关系相关性，但不能单独建立失衡结论。,由M3及共享流向引擎提供；没有有效起点、转换和终点时，不得补写现实处理顺序。,由共享基础引擎判定；近位提高亲密关系相关性，远位降级为背景候选。,由共享基础引擎判定；根气主要修正重复调用能力，不等于现实中已经反复发生。,由共享基础引擎判定；强弱只修正调用强度与可用性，不直接等同功能质量。,喜忌只修正调用摩擦、平衡与承载，不直接等同好坏、成熟或道德品质。,原十神功能有效；真合化成立时按化神功能替换，合化争议时停止定性。,由共享基础引擎判定；近位提高进入关系核心的概率，远位只保留背景修正。,84,+8功能来源,functional_origin,灵活回应、共同体验、即时资源、人脉便利和关系活力。,这项功能本身的价值在于：灵活回应、共同体验、即时资源、人脉便利和关系活力。,不得仅凭本规则推出控制、冷战、讨好、攻击、依赖、花心、自私、欺骗、暴力、人格／依恋障碍、分手离婚或关系必败；必须结合真实行为、触发情境、反例与保护因素验证。,中,待验证,,provisional=true,0.4
M4-OVERUSE-132,偏财K01过用候选,L2 十神功能失衡,OVERUSE-十神偏财,通用,过用候选,偏财,财星系统,偏财功能有效；存在抢先、重复占位或压缩另一项必要功能的证据。,只是旺、透或使用熟练，其他功能仍能按需进入。,由共享基础引擎提供；只修正功能承载、执行强度和压力反应，不直接等同有无主见。,由M1／M2接口提供；夫妻星只标注关系议题角色，不单独证明过用、不足或竞争。,由M3-BASE提供；日支底盘提高关系相关性，但不能单独建立失衡结论。,由M3及共享流向引擎提供；没有有效起点、转换和终点时，不得补写现实处理顺序。,由共享基础引擎判定；近位提高亲密关系相关性，远位降级为背景候选。,由共享基础引擎判定；根气主要修正重复调用能力，不等于现实中已经反复发生。,由共享基础引擎判定；强弱只修正调用强度与可用性，不直接等同功能质量。,喜忌只修正调用摩擦、平衡与承载，不直接等同好坏、成熟或道德品质。,原十神功能有效；真合化成立时按化神功能替换，合化争议时停止定性。,由共享基础引擎判定；近位提高进入关系核心的概率，远位只保留背景修正。,82,+10明确过用；E1候选,imbalance_mechanism,不断用新鲜体验、礼物、资源或高光时刻维持关系感，却难形成稳定延续。,你很会让关系保持活力；需要继续确认的是，这种活力能否稳定落到时间、安排和责任上。,不得仅凭本规则推出控制、冷战、讨好、攻击、依赖、花心、自私、欺骗、暴力、人格／依恋障碍、分手离婚或关系必败；必须结合真实行为、触发情境、反例与保护因素验证。,中,待验证,,provisional=true,0.4
M4-OVERUSE-133,偏财K02不足候选,L2 十神功能失衡,OVERUSE-十神偏财,通用,不足候选,偏财,财星系统,当前任务需要偏财功能；可用性低、进入过晚或现实中难以稳定调用。,已有等价替代或任务不需要该功能。,由共享基础引擎提供；只修正功能承载、执行强度和压力反应，不直接等同有无主见。,由M1／M2接口提供；夫妻星只标注关系议题角色，不单独证明过用、不足或竞争。,由M3-BASE提供；日支底盘提高关系相关性，但不能单独建立失衡结论。,由M3及共享流向引擎提供；没有有效起点、转换和终点时，不得补写现实处理顺序。,由共享基础引擎判定；近位提高亲密关系相关性，远位降级为背景候选。,由共享基础引擎判定；根气主要修正重复调用能力，不等于现实中已经反复发生。,由共享基础引擎判定；强弱只修正调用强度与可用性，不直接等同功能质量。,喜忌只修正调用摩擦、平衡与承载，不直接等同好坏、成熟或道德品质。,原十神功能有效；真合化成立时按化神功能替换，合化争议时停止定性。,由共享基础引擎判定；近位提高进入关系核心的概率，远位只保留背景修正。,80,+8必要缺位,missing_function,关系缺少灵活调整与即时回应，现实相处容易僵化。,当关系需要这项功能时，需要继续确认它是否能够及时进入：关系缺少灵活调整与即时回应，现实相处容易僵化。,不得仅凭本规则推出控制、冷战、讨好、攻击、依赖、花心、自私、欺骗、暴力、人格／依恋障碍、分手离婚或关系必败；必须结合真实行为、触发情境、反例与保护因素验证。,中,待验证,,provisional=true,0.4
M4-OVERUSE-134,偏财K03替代候选,L2 十神功能失衡,OVERUSE-十神偏财,通用,替代候选,偏财,财星系统,偏财功能被用于承担另一项不同任务；目标功能没有独立完成。,两项同义，或目标功能已同步进入。,由共享基础引擎提供；只修正功能承载、执行强度和压力反应，不直接等同有无主见。,由M1／M2接口提供；夫妻星只标注关系议题角色，不单独证明过用、不足或竞争。,由M3-BASE提供；日支底盘提高关系相关性，但不能单独建立失衡结论。,由M3及共享流向引擎提供；没有有效起点、转换和终点时，不得补写现实处理顺序。,由共享基础引擎判定；近位提高亲密关系相关性，远位降级为背景候选。,由共享基础引擎判定；根气主要修正重复调用能力，不等于现实中已经反复发生。,由共享基础引擎判定；强弱只修正调用强度与可用性，不直接等同功能质量。,喜忌只修正调用摩擦、平衡与承载，不直接等同好坏、成熟或道德品质。,原十神功能有效；真合化成立时按化神功能替换，合化争议时停止定性。,由共享基础引擎判定；近位提高进入关系核心的概率，远位只保留背景修正。,81,+9替代机制,substitute_function,用互动感、礼物、活动和即时帮助替代持续投入、专注度或承诺。,需要区分：偏财做到了什么，以及它不能替代什么。,不得仅凭本规则推出控制、冷战、讨好、攻击、依赖、花心、自私、欺骗、暴力、人格／依恋障碍、分手离婚或关系必败；必须结合真实行为、触发情境、反例与保护因素验证。,中,待验证,,provisional=true,0.4
M4-OVERUSE-135,偏财K04顺序候选,L2 十神功能失衡,OVERUSE-十神偏财,通用,顺序候选,偏财,财星系统,偏财与后续必要功能均有效；存在明确先后和后续压缩。,没有现实顺序证据或该顺序不影响结果。,由共享基础引擎提供；只修正功能承载、执行强度和压力反应，不直接等同有无主见。,由M1／M2接口提供；夫妻星只标注关系议题角色，不单独证明过用、不足或竞争。,由M3-BASE提供；日支底盘提高关系相关性，但不能单独建立失衡结论。,由M3及共享流向引擎提供；没有有效起点、转换和终点时，不得补写现实处理顺序。,由共享基础引擎判定；近位提高亲密关系相关性，远位降级为背景候选。,由共享基础引擎判定；根气主要修正重复调用能力，不等于现实中已经反复发生。,由共享基础引擎判定；强弱只修正调用强度与可用性，不直接等同功能质量。,喜忌只修正调用摩擦、平衡与承载，不直接等同好坏、成熟或道德品质。,原十神功能有效；真合化成立时按化神功能替换，合化争议时停止定性。,由共享基础引擎判定；近位提高进入关系核心的概率，远位只保留背景修正。,79,+8顺序错位,sequence_pattern,先进入高互动与体验，再考虑长期安排、资源边界和责任。,可能的难点不是能力缺少，而是：先进入高互动与体验，再考虑长期安排、资源边界和责任。,不得仅凭本规则推出控制、冷战、讨好、攻击、依赖、花心、自私、欺骗、暴力、人格／依恋障碍、分手离婚或关系必败；必须结合真实行为、触发情境、反例与保护因素验证。,中,待验证,,provisional=true,0.4
M4-OVERUSE-136,偏财K05竞争候选,L2 十神功能失衡,OVERUSE-十神偏财,通用,竞争候选,偏财,财星系统,偏财与另一功能均有独立来源，且同一阶段争夺主导。,已形成清楚分工、先后或同义收敛。,由共享基础引擎提供；只修正功能承载、执行强度和压力反应，不直接等同有无主见。,由M1／M2接口提供；夫妻星只标注关系议题角色，不单独证明过用、不足或竞争。,由M3-BASE提供；日支底盘提高关系相关性，但不能单独建立失衡结论。,由M3及共享流向引擎提供；没有有效起点、转换和终点时，不得补写现实处理顺序。,由共享基础引擎判定；近位提高亲密关系相关性，远位降级为背景候选。,由共享基础引擎判定；根气主要修正重复调用能力，不等于现实中已经反复发生。,由共享基础引擎判定；强弱只修正调用强度与可用性，不直接等同功能质量。,喜忌只修正调用摩擦、平衡与承载，不直接等同好坏、成熟或道德品质。,原十神功能有效；真合化成立时按化神功能替换，合化争议时停止定性。,由共享基础引擎判定；近位提高进入关系核心的概率，远位只保留背景修正。,78,+8竞争结构,competition_pattern,容易与正财的稳定节奏、正官的明确责任、偏印的私人空间竞争。,当两项都重要时，需要明确谁先、谁后、各自负责什么。容易与正财的稳定节奏、正官的明确责任、偏印的私人空间竞争。,不得仅凭本规则推出控制、冷战、讨好、攻击、依赖、花心、自私、欺骗、暴力、人格／依恋障碍、分手离婚或关系必败；必须结合真实行为、触发情境、反例与保护因素验证。,中,待验证,,provisional=true,0.4
M4-OVERUSE-137,偏财K06转换受阻,L2 十神功能失衡,OVERUSE-十神偏财,通用,流向卡点,偏财,财星系统,偏财完成起点功能；下一项必要任务没有进入。,目标任务不必要或另一稳定路径已完成。,由共享基础引擎提供；只修正功能承载、执行强度和压力反应，不直接等同有无主见。,由M1／M2接口提供；夫妻星只标注关系议题角色，不单独证明过用、不足或竞争。,由M3-BASE提供；日支底盘提高关系相关性，但不能单独建立失衡结论。,由M3及共享流向引擎提供；没有有效起点、转换和终点时，不得补写现实处理顺序。,由共享基础引擎判定；近位提高亲密关系相关性，远位降级为背景候选。,由共享基础引擎判定；根气主要修正重复调用能力，不等于现实中已经反复发生。,由共享基础引擎判定；强弱只修正调用强度与可用性，不直接等同功能质量。,喜忌只修正调用摩擦、平衡与承载，不直接等同好坏、成熟或道德品质。,原十神功能有效；真合化成立时按化神功能替换，合化争议时停止定性。,由共享基础引擎判定；近位提高进入关系核心的概率，远位只保留背景修正。,80,+9流向卡点,flow_block,互动很有感觉，却没有转成可持续的现实安排和稳定投入。,这项功能可能已经完成前半段，但没有自然转成下一步：互动很有感觉，却没有转成可持续的现实安排和稳定投入。,不得仅凭本规则推出控制、冷战、讨好、攻击、依赖、花心、自私、欺骗、暴力、人格／依恋障碍、分手离婚或关系必败；必须结合真实行为、触发情境、反例与保护因素验证。,中,待验证,,provisional=true,0.4
M4-OVERUSE-138,偏财触发域候选,L2 十神功能失衡,OVERUSE-十神偏财,通用,触发,偏财,财星系统,结构候选已成立；出现对应关系情境。,无法匹配具体触发域。,由共享基础引擎提供；只修正功能承载、执行强度和压力反应，不直接等同有无主见。,由M1／M2接口提供；夫妻星只标注关系议题角色，不单独证明过用、不足或竞争。,由M3-BASE提供；日支底盘提高关系相关性，但不能单独建立失衡结论。,由M3及共享流向引擎提供；没有有效起点、转换和终点时，不得补写现实处理顺序。,由共享基础引擎判定；近位提高亲密关系相关性，远位降级为背景候选。,由共享基础引擎判定；根气主要修正重复调用能力，不等于现实中已经反复发生。,由共享基础引擎判定；强弱只修正调用强度与可用性，不直接等同功能质量。,喜忌只修正调用摩擦、平衡与承载，不直接等同好坏、成熟或道德品质。,原十神功能有效；真合化成立时按化神功能替换，合化争议时停止定性。,由共享基础引擎判定；近位提高进入关系核心的概率，远位只保留背景修正。,76,+6触发；可升级E2,activation_trigger,关系初期、社交活动、旅行娱乐、回应节奏变化。,这类反应更容易在以下情境中被启动：关系初期、社交活动、旅行娱乐、回应节奏变化。,不得仅凭本规则推出控制、冷战、讨好、攻击、依赖、花心、自私、欺骗、暴力、人格／依恋障碍、分手离婚或关系必败；必须结合真实行为、触发情境、反例与保护因素验证。,中,待验证,,provisional=true,0.4
M4-OVERUSE-139,偏财保护与通关,L2 十神功能失衡,OVERUSE-十神偏财,通用,保护,偏财,财星系统,存在能够限制过用、补足缺位或完成转换的独立功能。,保护因素仅同源重复或现实中未体现。,由共享基础引擎提供；只修正功能承载、执行强度和压力反应，不直接等同有无主见。,由M1／M2接口提供；夫妻星只标注关系议题角色，不单独证明过用、不足或竞争。,由M3-BASE提供；日支底盘提高关系相关性，但不能单独建立失衡结论。,由M3及共享流向引擎提供；没有有效起点、转换和终点时，不得补写现实处理顺序。,由共享基础引擎判定；近位提高亲密关系相关性，远位降级为背景候选。,由共享基础引擎判定；根气主要修正重复调用能力，不等于现实中已经反复发生。,由共享基础引擎判定；强弱只修正调用强度与可用性，不直接等同功能质量。,喜忌只修正调用摩擦、平衡与承载，不直接等同好坏、成熟或道德品质。,原十神功能有效；真合化成立时按化神功能替换，合化争议时停止定性。,由共享基础引擎判定；近位提高进入关系核心的概率，远位只保留背景修正。,85,-6至-12,buffer_factor,正财承接持续性、正官确认责任、比劫界定资源与专注边界。,如果以下调节能够稳定进入，这个候选会减弱：正财承接持续性、正官确认责任、比劫界定资源与专注边界。,不得仅凭本规则推出控制、冷战、讨好、攻击、依赖、花心、自私、欺骗、暴力、人格／依恋障碍、分手离婚或关系必败；必须结合真实行为、触发情境、反例与保护因素验证。,中,待验证,,provisional=true,0.4
M4-OVERUSE-140,偏财综合用户输出与停止,L2 十神功能失衡,OVERUSE-十神偏财,通用,输出边界,偏财,财星系统,至少一项K01—K06机制满足E1；主次和同源去重完成。,只有单一标签、没有独立证据或现实反例明确。,由共享基础引擎提供；只修正功能承载、执行强度和压力反应，不直接等同有无主见。,由M1／M2接口提供；夫妻星只标注关系议题角色，不单独证明过用、不足或竞争。,由M3-BASE提供；日支底盘提高关系相关性，但不能单独建立失衡结论。,由M3及共享流向引擎提供；没有有效起点、转换和终点时，不得补写现实处理顺序。,由共享基础引擎判定；近位提高亲密关系相关性，远位降级为背景候选。,由共享基础引擎判定；根气主要修正重复调用能力，不等于现实中已经反复发生。,由共享基础引擎判定；强弱只修正调用强度与可用性，不直接等同功能质量。,喜忌只修正调用摩擦、平衡与承载，不直接等同好坏、成熟或道德品质。,原十神功能有效；真合化成立时按化神功能替换，合化争议时停止定性。,由共享基础引擎判定；近位提高进入关系核心的概率，远位只保留背景修正。,86,输出一主机制；否则停止,blindspot_summary,偏财的正常功能是灵活回应、共同体验、即时资源、人脉便利和关系活力。；失衡候选为不断用新鲜体验、礼物、资源或高光时刻维持关系感，却难形成稳定延续。,你很会让关系保持活力；需要继续确认的是，这种活力能否稳定落到时间、安排和责任上。,不得仅凭本规则推出控制、冷战、讨好、攻击、依赖、花心、自私、欺骗、暴力、人格／依恋障碍、分手离婚或关系必败；必须结合真实行为、触发情境、反例与保护因素验证。,中,待验证,,provisional=true,0.4
M4-OVERUSE-141,正官正常功能｜明确承诺、规则、责任、角,L2 十神功能失衡,OVERUSE-十神正官,通用,正常功能,正官,官杀系统,需要确认该十神在M3中的可用功能。,该十神真合化后性质已替换，或基础状态停止。,由共享基础引擎提供；只修正功能承载、执行强度和压力反应，不直接等同有无主见。,由M1／M2接口提供；夫妻星只标注关系议题角色，不单独证明过用、不足或竞争。,由M3-BASE提供；日支底盘提高关系相关性，但不能单独建立失衡结论。,由M3及共享流向引擎提供；没有有效起点、转换和终点时，不得补写现实处理顺序。,由共享基础引擎判定；近位提高亲密关系相关性，远位降级为背景候选。,由共享基础引擎判定；根气主要修正重复调用能力，不等于现实中已经反复发生。,由共享基础引擎判定；强弱只修正调用强度与可用性，不直接等同功能质量。,喜忌只修正调用摩擦、平衡与承载，不直接等同好坏、成熟或道德品质。,原十神功能有效；真合化成立时按化神功能替换，合化争议时停止定性。,由共享基础引擎判定；近位提高进入关系核心的概率，远位只保留背景修正。,84,+8功能来源,functional_origin,明确承诺、规则、责任、角色分工、守约和持续维护。,这项功能本身的价值在于：明确承诺、规则、责任、角色分工、守约和持续维护。,不得仅凭本规则推出控制、冷战、讨好、攻击、依赖、花心、自私、欺骗、暴力、人格／依恋障碍、分手离婚或关系必败；必须结合真实行为、触发情境、反例与保护因素验证。,中,待验证,,provisional=true,0.4
M4-OVERUSE-142,正官K01过用候选,L2 十神功能失衡,OVERUSE-十神正官,通用,过用候选,正官,官杀系统,正官功能有效；存在抢先、重复占位或压缩另一项必要功能的证据。,只是旺、透或使用熟练，其他功能仍能按需进入。,由共享基础引擎提供；只修正功能承载、执行强度和压力反应，不直接等同有无主见。,由M1／M2接口提供；夫妻星只标注关系议题角色，不单独证明过用、不足或竞争。,由M3-BASE提供；日支底盘提高关系相关性，但不能单独建立失衡结论。,由M3及共享流向引擎提供；没有有效起点、转换和终点时，不得补写现实处理顺序。,由共享基础引擎判定；近位提高亲密关系相关性，远位降级为背景候选。,由共享基础引擎判定；根气主要修正重复调用能力，不等于现实中已经反复发生。,由共享基础引擎判定；强弱只修正调用强度与可用性，不直接等同功能质量。,喜忌只修正调用摩擦、平衡与承载，不直接等同好坏、成熟或道德品质。,原十神功能有效；真合化成立时按化神功能替换，合化争议时停止定性。,由共享基础引擎判定；近位提高进入关系核心的概率，远位只保留背景修正。,82,+10明确过用；E1候选,imbalance_mechanism,规则变得僵硬，角色期待压过具体情境，或先用“应该”定义问题。,你重视关系中的清楚和责任；需要留意的是，规则是否建立在双方理解与协商之上，而不是先替情境下结论。,不得仅凭本规则推出控制、冷战、讨好、攻击、依赖、花心、自私、欺骗、暴力、人格／依恋障碍、分手离婚或关系必败；必须结合真实行为、触发情境、反例与保护因素验证。,中,待验证,,provisional=true,0.4
M4-OVERUSE-143,正官K02不足候选,L2 十神功能失衡,OVERUSE-十神正官,通用,不足候选,正官,官杀系统,当前任务需要正官功能；可用性低、进入过晚或现实中难以稳定调用。,已有等价替代或任务不需要该功能。,由共享基础引擎提供；只修正功能承载、执行强度和压力反应，不直接等同有无主见。,由M1／M2接口提供；夫妻星只标注关系议题角色，不单独证明过用、不足或竞争。,由M3-BASE提供；日支底盘提高关系相关性，但不能单独建立失衡结论。,由M3及共享流向引擎提供；没有有效起点、转换和终点时，不得补写现实处理顺序。,由共享基础引擎判定；近位提高亲密关系相关性，远位降级为背景候选。,由共享基础引擎判定；根气主要修正重复调用能力，不等于现实中已经反复发生。,由共享基础引擎判定；强弱只修正调用强度与可用性，不直接等同功能质量。,喜忌只修正调用摩擦、平衡与承载，不直接等同好坏、成熟或道德品质。,原十神功能有效；真合化成立时按化神功能替换，合化争议时停止定性。,由共享基础引擎判定；近位提高进入关系核心的概率，远位只保留背景修正。,80,+8必要缺位,missing_function,关系责任和分工含糊，承诺没有追踪，规则随情境反复变化。,当关系需要这项功能时，需要继续确认它是否能够及时进入：关系责任和分工含糊，承诺没有追踪，规则随情境反复变化。,不得仅凭本规则推出控制、冷战、讨好、攻击、依赖、花心、自私、欺骗、暴力、人格／依恋障碍、分手离婚或关系必败；必须结合真实行为、触发情境、反例与保护因素验证。,中,待验证,,provisional=true,0.4
M4-OVERUSE-144,正官K03替代候选,L2 十神功能失衡,OVERUSE-十神正官,通用,替代候选,正官,官杀系统,正官功能被用于承担另一项不同任务；目标功能没有独立完成。,两项同义，或目标功能已同步进入。,由共享基础引擎提供；只修正功能承载、执行强度和压力反应，不直接等同有无主见。,由M1／M2接口提供；夫妻星只标注关系议题角色，不单独证明过用、不足或竞争。,由M3-BASE提供；日支底盘提高关系相关性，但不能单独建立失衡结论。,由M3及共享流向引擎提供；没有有效起点、转换和终点时，不得补写现实处理顺序。,由共享基础引擎判定；近位提高亲密关系相关性，远位降级为背景候选。,由共享基础引擎判定；根气主要修正重复调用能力，不等于现实中已经反复发生。,由共享基础引擎判定；强弱只修正调用强度与可用性，不直接等同功能质量。,喜忌只修正调用摩擦、平衡与承载，不直接等同好坏、成熟或道德品质。,原十神功能有效；真合化成立时按化神功能替换，合化争议时停止定性。,由共享基础引擎判定；近位提高进入关系核心的概率，远位只保留背景修正。,81,+9替代机制,substitute_function,用身份、规则和承诺标签替代倾听、协商、实际执行或关系修复。,需要区分：正官做到了什么，以及它不能替代什么。,不得仅凭本规则推出控制、冷战、讨好、攻击、依赖、花心、自私、欺骗、暴力、人格／依恋障碍、分手离婚或关系必败；必须结合真实行为、触发情境、反例与保护因素验证。,中,待验证,,provisional=true,0.4
M4-OVERUSE-145,正官K04顺序候选,L2 十神功能失衡,OVERUSE-十神正官,通用,顺序候选,正官,官杀系统,正官与后续必要功能均有效；存在明确先后和后续压缩。,没有现实顺序证据或该顺序不影响结果。,由共享基础引擎提供；只修正功能承载、执行强度和压力反应，不直接等同有无主见。,由M1／M2接口提供；夫妻星只标注关系议题角色，不单独证明过用、不足或竞争。,由M3-BASE提供；日支底盘提高关系相关性，但不能单独建立失衡结论。,由M3及共享流向引擎提供；没有有效起点、转换和终点时，不得补写现实处理顺序。,由共享基础引擎判定；近位提高亲密关系相关性，远位降级为背景候选。,由共享基础引擎判定；根气主要修正重复调用能力，不等于现实中已经反复发生。,由共享基础引擎判定；强弱只修正调用强度与可用性，不直接等同功能质量。,喜忌只修正调用摩擦、平衡与承载，不直接等同好坏、成熟或道德品质。,原十神功能有效；真合化成立时按化神功能替换，合化争议时停止定性。,由共享基础引擎判定；近位提高进入关系核心的概率，远位只保留背景修正。,79,+8顺序错位,sequence_pattern,先定规则、责任和结论，再听双方背景与具体需要。,可能的难点不是能力缺少，而是：先定规则、责任和结论，再听双方背景与具体需要。,不得仅凭本规则推出控制、冷战、讨好、攻击、依赖、花心、自私、欺骗、暴力、人格／依恋障碍、分手离婚或关系必败；必须结合真实行为、触发情境、反例与保护因素验证。,中,待验证,,provisional=true,0.4
M4-OVERUSE-146,正官K05竞争候选,L2 十神功能失衡,OVERUSE-十神正官,通用,竞争候选,正官,官杀系统,正官与另一功能均有独立来源，且同一阶段争夺主导。,已形成清楚分工、先后或同义收敛。,由共享基础引擎提供；只修正功能承载、执行强度和压力反应，不直接等同有无主见。,由M1／M2接口提供；夫妻星只标注关系议题角色，不单独证明过用、不足或竞争。,由M3-BASE提供；日支底盘提高关系相关性，但不能单独建立失衡结论。,由M3及共享流向引擎提供；没有有效起点、转换和终点时，不得补写现实处理顺序。,由共享基础引擎判定；近位提高亲密关系相关性，远位降级为背景候选。,由共享基础引擎判定；根气主要修正重复调用能力，不等于现实中已经反复发生。,由共享基础引擎判定；强弱只修正调用强度与可用性，不直接等同功能质量。,喜忌只修正调用摩擦、平衡与承载，不直接等同好坏、成熟或道德品质。,原十神功能有效；真合化成立时按化神功能替换，合化争议时停止定性。,由共享基础引擎判定；近位提高进入关系核心的概率，远位只保留背景修正。,78,+8竞争结构,competition_pattern,容易与比肩的自主决定、伤官的反馈质疑、偏财的灵活调整竞争。,当两项都重要时，需要明确谁先、谁后、各自负责什么。容易与比肩的自主决定、伤官的反馈质疑、偏财的灵活调整竞争。,不得仅凭本规则推出控制、冷战、讨好、攻击、依赖、花心、自私、欺骗、暴力、人格／依恋障碍、分手离婚或关系必败；必须结合真实行为、触发情境、反例与保护因素验证。,中,待验证,,provisional=true,0.4
M4-OVERUSE-147,正官K06转换受阻,L2 十神功能失衡,OVERUSE-十神正官,通用,流向卡点,正官,官杀系统,正官完成起点功能；下一项必要任务没有进入。,目标任务不必要或另一稳定路径已完成。,由共享基础引擎提供；只修正功能承载、执行强度和压力反应，不直接等同有无主见。,由M1／M2接口提供；夫妻星只标注关系议题角色，不单独证明过用、不足或竞争。,由M3-BASE提供；日支底盘提高关系相关性，但不能单独建立失衡结论。,由M3及共享流向引擎提供；没有有效起点、转换和终点时，不得补写现实处理顺序。,由共享基础引擎判定；近位提高亲密关系相关性，远位降级为背景候选。,由共享基础引擎判定；根气主要修正重复调用能力，不等于现实中已经反复发生。,由共享基础引擎判定；强弱只修正调用强度与可用性，不直接等同功能质量。,喜忌只修正调用摩擦、平衡与承载，不直接等同好坏、成熟或道德品质。,原十神功能有效；真合化成立时按化神功能替换，合化争议时停止定性。,由共享基础引擎判定；近位提高进入关系核心的概率，远位只保留背景修正。,80,+9流向卡点,flow_block,规则说清了，却没有转成双方真正接受的现实执行和安全感。,这项功能可能已经完成前半段，但没有自然转成下一步：规则说清了，却没有转成双方真正接受的现实执行和安全感。,不得仅凭本规则推出控制、冷战、讨好、攻击、依赖、花心、自私、欺骗、暴力、人格／依恋障碍、分手离婚或关系必败；必须结合真实行为、触发情境、反例与保护因素验证。,中,待验证,,provisional=true,0.4
M4-OVERUSE-148,正官触发域候选,L2 十神功能失衡,OVERUSE-十神正官,通用,触发,正官,官杀系统,结构候选已成立；出现对应关系情境。,无法匹配具体触发域。,由共享基础引擎提供；只修正功能承载、执行强度和压力反应，不直接等同有无主见。,由M1／M2接口提供；夫妻星只标注关系议题角色，不单独证明过用、不足或竞争。,由M3-BASE提供；日支底盘提高关系相关性，但不能单独建立失衡结论。,由M3及共享流向引擎提供；没有有效起点、转换和终点时，不得补写现实处理顺序。,由共享基础引擎判定；近位提高亲密关系相关性，远位降级为背景候选。,由共享基础引擎判定；根气主要修正重复调用能力，不等于现实中已经反复发生。,由共享基础引擎判定；强弱只修正调用强度与可用性，不直接等同功能质量。,喜忌只修正调用摩擦、平衡与承载，不直接等同好坏、成熟或道德品质。,原十神功能有效；真合化成立时按化神功能替换，合化争议时停止定性。,由共享基础引擎判定；近位提高进入关系核心的概率，远位只保留背景修正。,76,+6触发；可升级E2,activation_trigger,承诺变化、角色责任不明、计划被打乱、标准被触碰。,这类反应更容易在以下情境中被启动：承诺变化、角色责任不明、计划被打乱、标准被触碰。,不得仅凭本规则推出控制、冷战、讨好、攻击、依赖、花心、自私、欺骗、暴力、人格／依恋障碍、分手离婚或关系必败；必须结合真实行为、触发情境、反例与保护因素验证。,中,待验证,,provisional=true,0.4
M4-OVERUSE-149,正官保护与通关,L2 十神功能失衡,OVERUSE-十神正官,通用,保护,正官,官杀系统,存在能够限制过用、补足缺位或完成转换的独立功能。,保护因素仅同源重复或现实中未体现。,由共享基础引擎提供；只修正功能承载、执行强度和压力反应，不直接等同有无主见。,由M1／M2接口提供；夫妻星只标注关系议题角色，不单独证明过用、不足或竞争。,由M3-BASE提供；日支底盘提高关系相关性，但不能单独建立失衡结论。,由M3及共享流向引擎提供；没有有效起点、转换和终点时，不得补写现实处理顺序。,由共享基础引擎判定；近位提高亲密关系相关性，远位降级为背景候选。,由共享基础引擎判定；根气主要修正重复调用能力，不等于现实中已经反复发生。,由共享基础引擎判定；强弱只修正调用强度与可用性，不直接等同功能质量。,喜忌只修正调用摩擦、平衡与承载，不直接等同好坏、成熟或道德品质。,原十神功能有效；真合化成立时按化神功能替换，合化争议时停止定性。,由共享基础引擎判定；近位提高进入关系核心的概率，远位只保留背景修正。,85,-6至-12,buffer_factor,比劫保留共同决定、食伤解释与反馈、印星理解背景、财星落实执行。,如果以下调节能够稳定进入，这个候选会减弱：比劫保留共同决定、食伤解释与反馈、印星理解背景、财星落实执行。,不得仅凭本规则推出控制、冷战、讨好、攻击、依赖、花心、自私、欺骗、暴力、人格／依恋障碍、分手离婚或关系必败；必须结合真实行为、触发情境、反例与保护因素验证。,中,待验证,,provisional=true,0.4
M4-OVERUSE-150,正官综合用户输出与停止,L2 十神功能失衡,OVERUSE-十神正官,通用,输出边界,正官,官杀系统,至少一项K01—K06机制满足E1；主次和同源去重完成。,只有单一标签、没有独立证据或现实反例明确。,由共享基础引擎提供；只修正功能承载、执行强度和压力反应，不直接等同有无主见。,由M1／M2接口提供；夫妻星只标注关系议题角色，不单独证明过用、不足或竞争。,由M3-BASE提供；日支底盘提高关系相关性，但不能单独建立失衡结论。,由M3及共享流向引擎提供；没有有效起点、转换和终点时，不得补写现实处理顺序。,由共享基础引擎判定；近位提高亲密关系相关性，远位降级为背景候选。,由共享基础引擎判定；根气主要修正重复调用能力，不等于现实中已经反复发生。,由共享基础引擎判定；强弱只修正调用强度与可用性，不直接等同功能质量。,喜忌只修正调用摩擦、平衡与承载，不直接等同好坏、成熟或道德品质。,原十神功能有效；真合化成立时按化神功能替换，合化争议时停止定性。,由共享基础引擎判定；近位提高进入关系核心的概率，远位只保留背景修正。,86,输出一主机制；否则停止,blindspot_summary,正官的正常功能是明确承诺、规则、责任、角色分工、守约和持续维护。；失衡候选为规则变得僵硬，角色期待压过具体情境，或先用“应该”定义问题。,你重视关系中的清楚和责任；需要留意的是，规则是否建立在双方理解与协商之上，而不是先替情境下结论。,不得仅凭本规则推出控制、冷战、讨好、攻击、依赖、花心、自私、欺骗、暴力、人格／依恋障碍、分手离婚或关系必败；必须结合真实行为、触发情境、反例与保护因素验证。,中,待验证,,provisional=true,0.4
M4-OVERUSE-151,七杀正常功能｜快速决断、推进、保护、止,L2 十神功能失衡,OVERUSE-十神七杀,通用,正常功能,七杀,官杀系统,需要确认该十神在M3中的可用功能。,该十神真合化后性质已替换，或基础状态停止。,由共享基础引擎提供；只修正功能承载、执行强度和压力反应，不直接等同有无主见。,由M1／M2接口提供；夫妻星只标注关系议题角色，不单独证明过用、不足或竞争。,由M3-BASE提供；日支底盘提高关系相关性，但不能单独建立失衡结论。,由M3及共享流向引擎提供；没有有效起点、转换和终点时，不得补写现实处理顺序。,由共享基础引擎判定；近位提高亲密关系相关性，远位降级为背景候选。,由共享基础引擎判定；根气主要修正重复调用能力，不等于现实中已经反复发生。,由共享基础引擎判定；强弱只修正调用强度与可用性，不直接等同功能质量。,喜忌只修正调用摩擦、平衡与承载，不直接等同好坏、成熟或道德品质。,原十神功能有效；真合化成立时按化神功能替换，合化争议时停止定性。,由共享基础引擎判定；近位提高进入关系核心的概率，远位只保留背景修正。,84,+8功能来源,functional_origin,快速决断、推进、保护、止损、承担关键任务和处理风险。,这项功能本身的价值在于：快速决断、推进、保护、止损、承担关键任务和处理风险。,不得仅凭本规则推出控制、冷战、讨好、攻击、依赖、花心、自私、欺骗、暴力、人格／依恋障碍、分手离婚或关系必败；必须结合真实行为、触发情境、反例与保护因素验证。,中,待验证,,provisional=true,0.4
M4-OVERUSE-152,七杀K01过用候选,L2 十神功能失衡,OVERUSE-十神七杀,通用,过用候选,七杀,官杀系统,七杀功能有效；存在抢先、重复占位或压缩另一项必要功能的证据。,只是旺、透或使用熟练，其他功能仍能按需进入。,由共享基础引擎提供；只修正功能承载、执行强度和压力反应，不直接等同有无主见。,由M1／M2接口提供；夫妻星只标注关系议题角色，不单独证明过用、不足或竞争。,由M3-BASE提供；日支底盘提高关系相关性，但不能单独建立失衡结论。,由M3及共享流向引擎提供；没有有效起点、转换和终点时，不得补写现实处理顺序。,由共享基础引擎判定；近位提高亲密关系相关性，远位降级为背景候选。,由共享基础引擎判定；根气主要修正重复调用能力，不等于现实中已经反复发生。,由共享基础引擎判定；强弱只修正调用强度与可用性，不直接等同功能质量。,喜忌只修正调用摩擦、平衡与承载，不直接等同好坏、成熟或道德品质。,原十神功能有效；真合化成立时按化神功能替换，合化争议时停止定性。,由共享基础引擎判定；近位提高进入关系核心的概率，远位只保留背景修正。,82,+10明确过用；E1候选,imbalance_mechanism,行动速度越过协商，紧迫感长期占位，或把保护扩大为替对方决定。,你在关键时刻很能处理事情；需要留意的是，行动之后是否会回到共同决定、感受和后续责任。,不得仅凭本规则推出控制、冷战、讨好、攻击、依赖、花心、自私、欺骗、暴力、人格／依恋障碍、分手离婚或关系必败；必须结合真实行为、触发情境、反例与保护因素验证。,中,待验证,,provisional=true,0.4
M4-OVERUSE-153,七杀K02不足候选,L2 十神功能失衡,OVERUSE-十神七杀,通用,不足候选,七杀,官杀系统,当前任务需要七杀功能；可用性低、进入过晚或现实中难以稳定调用。,已有等价替代或任务不需要该功能。,由共享基础引擎提供；只修正功能承载、执行强度和压力反应，不直接等同有无主见。,由M1／M2接口提供；夫妻星只标注关系议题角色，不单独证明过用、不足或竞争。,由M3-BASE提供；日支底盘提高关系相关性，但不能单独建立失衡结论。,由M3及共享流向引擎提供；没有有效起点、转换和终点时，不得补写现实处理顺序。,由共享基础引擎判定；近位提高亲密关系相关性，远位降级为背景候选。,由共享基础引擎判定；根气主要修正重复调用能力，不等于现实中已经反复发生。,由共享基础引擎判定；强弱只修正调用强度与可用性，不直接等同功能质量。,喜忌只修正调用摩擦、平衡与承载，不直接等同好坏、成熟或道德品质。,原十神功能有效；真合化成立时按化神功能替换，合化争议时停止定性。,由共享基础引擎判定；近位提高进入关系核心的概率，远位只保留背景修正。,80,+8必要缺位,missing_function,需要及时止损或做决定时迟迟无法推进，风险任务无人承担。,当关系需要这项功能时，需要继续确认它是否能够及时进入：需要及时止损或做决定时迟迟无法推进，风险任务无人承担。,不得仅凭本规则推出控制、冷战、讨好、攻击、依赖、花心、自私、欺骗、暴力、人格／依恋障碍、分手离婚或关系必败；必须结合真实行为、触发情境、反例与保护因素验证。,中,待验证,,provisional=true,0.4
M4-OVERUSE-154,七杀K03替代候选,L2 十神功能失衡,OVERUSE-十神七杀,通用,替代候选,七杀,官杀系统,七杀功能被用于承担另一项不同任务；目标功能没有独立完成。,两项同义，或目标功能已同步进入。,由共享基础引擎提供；只修正功能承载、执行强度和压力反应，不直接等同有无主见。,由M1／M2接口提供；夫妻星只标注关系议题角色，不单独证明过用、不足或竞争。,由M3-BASE提供；日支底盘提高关系相关性，但不能单独建立失衡结论。,由M3及共享流向引擎提供；没有有效起点、转换和终点时，不得补写现实处理顺序。,由共享基础引擎判定；近位提高亲密关系相关性，远位降级为背景候选。,由共享基础引擎判定；根气主要修正重复调用能力，不等于现实中已经反复发生。,由共享基础引擎判定；强弱只修正调用强度与可用性，不直接等同功能质量。,喜忌只修正调用摩擦、平衡与承载，不直接等同好坏、成熟或道德品质。,原十神功能有效；真合化成立时按化神功能替换，合化争议时停止定性。,由共享基础引擎判定；近位提高进入关系核心的概率，远位只保留背景修正。,81,+9替代机制,substitute_function,用解决问题、推进和决定替代情绪处理、共同选择、边界确认或后续修复。,需要区分：七杀做到了什么，以及它不能替代什么。,不得仅凭本规则推出控制、冷战、讨好、攻击、依赖、花心、自私、欺骗、暴力、人格／依恋障碍、分手离婚或关系必败；必须结合真实行为、触发情境、反例与保护因素验证。,中,待验证,,provisional=true,0.4
M4-OVERUSE-155,七杀K04顺序候选,L2 十神功能失衡,OVERUSE-十神七杀,通用,顺序候选,七杀,官杀系统,七杀与后续必要功能均有效；存在明确先后和后续压缩。,没有现实顺序证据或该顺序不影响结果。,由共享基础引擎提供；只修正功能承载、执行强度和压力反应，不直接等同有无主见。,由M1／M2接口提供；夫妻星只标注关系议题角色，不单独证明过用、不足或竞争。,由M3-BASE提供；日支底盘提高关系相关性，但不能单独建立失衡结论。,由M3及共享流向引擎提供；没有有效起点、转换和终点时，不得补写现实处理顺序。,由共享基础引擎判定；近位提高亲密关系相关性，远位降级为背景候选。,由共享基础引擎判定；根气主要修正重复调用能力，不等于现实中已经反复发生。,由共享基础引擎判定；强弱只修正调用强度与可用性，不直接等同功能质量。,喜忌只修正调用摩擦、平衡与承载，不直接等同好坏、成熟或道德品质。,原十神功能有效；真合化成立时按化神功能替换，合化争议时停止定性。,由共享基础引擎判定；近位提高进入关系核心的概率，远位只保留背景修正。,79,+8顺序错位,sequence_pattern,先行动和结束风险，再回到沟通；若后续没有回流，形成顺序错位。,可能的难点不是能力缺少，而是：先行动和结束风险，再回到沟通；若后续没有回流，形成顺序错位。,不得仅凭本规则推出控制、冷战、讨好、攻击、依赖、花心、自私、欺骗、暴力、人格／依恋障碍、分手离婚或关系必败；必须结合真实行为、触发情境、反例与保护因素验证。,中,待验证,,provisional=true,0.4
M4-OVERUSE-156,七杀K05竞争候选,L2 十神功能失衡,OVERUSE-十神七杀,通用,竞争候选,七杀,官杀系统,七杀与另一功能均有独立来源，且同一阶段争夺主导。,已形成清楚分工、先后或同义收敛。,由共享基础引擎提供；只修正功能承载、执行强度和压力反应，不直接等同有无主见。,由M1／M2接口提供；夫妻星只标注关系议题角色，不单独证明过用、不足或竞争。,由M3-BASE提供；日支底盘提高关系相关性，但不能单独建立失衡结论。,由M3及共享流向引擎提供；没有有效起点、转换和终点时，不得补写现实处理顺序。,由共享基础引擎判定；近位提高亲密关系相关性，远位降级为背景候选。,由共享基础引擎判定；根气主要修正重复调用能力，不等于现实中已经反复发生。,由共享基础引擎判定；强弱只修正调用强度与可用性，不直接等同功能质量。,喜忌只修正调用摩擦、平衡与承载，不直接等同好坏、成熟或道德品质。,原十神功能有效；真合化成立时按化神功能替换，合化争议时停止定性。,由共享基础引擎判定；近位提高进入关系核心的概率，远位只保留背景修正。,78,+8竞争结构,competition_pattern,容易与食伤的协商反馈、比劫的共同决定、印星的感受承接竞争。,当两项都重要时，需要明确谁先、谁后、各自负责什么。容易与食伤的协商反馈、比劫的共同决定、印星的感受承接竞争。,不得仅凭本规则推出控制、冷战、讨好、攻击、依赖、花心、自私、欺骗、暴力、人格／依恋障碍、分手离婚或关系必败；必须结合真实行为、触发情境、反例与保护因素验证。,中,待验证,,provisional=true,0.4
M4-OVERUSE-157,七杀K06转换受阻,L2 十神功能失衡,OVERUSE-十神七杀,通用,流向卡点,七杀,官杀系统,七杀完成起点功能；下一项必要任务没有进入。,目标任务不必要或另一稳定路径已完成。,由共享基础引擎提供；只修正功能承载、执行强度和压力反应，不直接等同有无主见。,由M1／M2接口提供；夫妻星只标注关系议题角色，不单独证明过用、不足或竞争。,由M3-BASE提供；日支底盘提高关系相关性，但不能单独建立失衡结论。,由M3及共享流向引擎提供；没有有效起点、转换和终点时，不得补写现实处理顺序。,由共享基础引擎判定；近位提高亲密关系相关性，远位降级为背景候选。,由共享基础引擎判定；根气主要修正重复调用能力，不等于现实中已经反复发生。,由共享基础引擎判定；强弱只修正调用强度与可用性，不直接等同功能质量。,喜忌只修正调用摩擦、平衡与承载，不直接等同好坏、成熟或道德品质。,原十神功能有效；真合化成立时按化神功能替换，合化争议时停止定性。,由共享基础引擎判定；近位提高进入关系核心的概率，远位只保留背景修正。,80,+9流向卡点,flow_block,事情处理了，却没有转成共同理解、稳定规则和关系安全。,这项功能可能已经完成前半段，但没有自然转成下一步：事情处理了，却没有转成共同理解、稳定规则和关系安全。,不得仅凭本规则推出控制、冷战、讨好、攻击、依赖、花心、自私、欺骗、暴力、人格／依恋障碍、分手离婚或关系必败；必须结合真实行为、触发情境、反例与保护因素验证。,中,待验证,,provisional=true,0.4
M4-OVERUSE-158,七杀触发域候选,L2 十神功能失衡,OVERUSE-十神七杀,通用,触发,七杀,官杀系统,结构候选已成立；出现对应关系情境。,无法匹配具体触发域。,由共享基础引擎提供；只修正功能承载、执行强度和压力反应，不直接等同有无主见。,由M1／M2接口提供；夫妻星只标注关系议题角色，不单独证明过用、不足或竞争。,由M3-BASE提供；日支底盘提高关系相关性，但不能单独建立失衡结论。,由M3及共享流向引擎提供；没有有效起点、转换和终点时，不得补写现实处理顺序。,由共享基础引擎判定；近位提高亲密关系相关性，远位降级为背景候选。,由共享基础引擎判定；根气主要修正重复调用能力，不等于现实中已经反复发生。,由共享基础引擎判定；强弱只修正调用强度与可用性，不直接等同功能质量。,喜忌只修正调用摩擦、平衡与承载，不直接等同好坏、成熟或道德品质。,原十神功能有效；真合化成立时按化神功能替换，合化争议时停止定性。,由共享基础引擎判定；近位提高进入关系核心的概率，远位只保留背景修正。,76,+6触发；可升级E2,activation_trigger,危机、高压、时间紧、对方犹豫、问题需要立即处理。,这类反应更容易在以下情境中被启动：危机、高压、时间紧、对方犹豫、问题需要立即处理。,不得仅凭本规则推出控制、冷战、讨好、攻击、依赖、花心、自私、欺骗、暴力、人格／依恋障碍、分手离婚或关系必败；必须结合真实行为、触发情境、反例与保护因素验证。,中,待验证,,provisional=true,0.4
M4-OVERUSE-159,七杀保护与通关,L2 十神功能失衡,OVERUSE-十神七杀,通用,保护,七杀,官杀系统,存在能够限制过用、补足缺位或完成转换的独立功能。,保护因素仅同源重复或现实中未体现。,由共享基础引擎提供；只修正功能承载、执行强度和压力反应，不直接等同有无主见。,由M1／M2接口提供；夫妻星只标注关系议题角色，不单独证明过用、不足或竞争。,由M3-BASE提供；日支底盘提高关系相关性，但不能单独建立失衡结论。,由M3及共享流向引擎提供；没有有效起点、转换和终点时，不得补写现实处理顺序。,由共享基础引擎判定；近位提高亲密关系相关性，远位降级为背景候选。,由共享基础引擎判定；根气主要修正重复调用能力，不等于现实中已经反复发生。,由共享基础引擎判定；强弱只修正调用强度与可用性，不直接等同功能质量。,喜忌只修正调用摩擦、平衡与承载，不直接等同好坏、成熟或道德品质。,原十神功能有效；真合化成立时按化神功能替换，合化争议时停止定性。,由共享基础引擎判定；近位提高进入关系核心的概率，远位只保留背景修正。,85,-6至-12,buffer_factor,先确认授权范围，食伤补充协商，比劫保留决定权，印星完成情绪回流。,如果以下调节能够稳定进入，这个候选会减弱：先确认授权范围，食伤补充协商，比劫保留决定权，印星完成情绪回流。,不得仅凭本规则推出控制、冷战、讨好、攻击、依赖、花心、自私、欺骗、暴力、人格／依恋障碍、分手离婚或关系必败；必须结合真实行为、触发情境、反例与保护因素验证。,中,待验证,,provisional=true,0.4
M4-OVERUSE-160,七杀综合用户输出与停止,L2 十神功能失衡,OVERUSE-十神七杀,通用,输出边界,七杀,官杀系统,至少一项K01—K06机制满足E1；主次和同源去重完成。,只有单一标签、没有独立证据或现实反例明确。,由共享基础引擎提供；只修正功能承载、执行强度和压力反应，不直接等同有无主见。,由M1／M2接口提供；夫妻星只标注关系议题角色，不单独证明过用、不足或竞争。,由M3-BASE提供；日支底盘提高关系相关性，但不能单独建立失衡结论。,由M3及共享流向引擎提供；没有有效起点、转换和终点时，不得补写现实处理顺序。,由共享基础引擎判定；近位提高亲密关系相关性，远位降级为背景候选。,由共享基础引擎判定；根气主要修正重复调用能力，不等于现实中已经反复发生。,由共享基础引擎判定；强弱只修正调用强度与可用性，不直接等同功能质量。,喜忌只修正调用摩擦、平衡与承载，不直接等同好坏、成熟或道德品质。,原十神功能有效；真合化成立时按化神功能替换，合化争议时停止定性。,由共享基础引擎判定；近位提高进入关系核心的概率，远位只保留背景修正。,86,输出一主机制；否则停止,blindspot_summary,七杀的正常功能是快速决断、推进、保护、止损、承担关键任务和处理风险。；失衡候选为行动速度越过协商，紧迫感长期占位，或把保护扩大为替对方决定。,你在关键时刻很能处理事情；需要留意的是，行动之后是否会回到共同决定、感受和后续责任。,不得仅凭本规则推出控制、冷战、讨好、攻击、依赖、花心、自私、欺骗、暴力、人格／依恋障碍、分手离婚或关系必败；必须结合真实行为、触发情境、反例与保护因素验证。,中,待验证,,provisional=true,0.4
M4-OVERUSE-161,正印正常功能｜倾听、理解、承接情绪、提,L2 十神功能失衡,OVERUSE-十神正印,通用,正常功能,正印,印星系统,需要确认该十神在M3中的可用功能。,该十神真合化后性质已替换，或基础状态停止。,由共享基础引擎提供；只修正功能承载、执行强度和压力反应，不直接等同有无主见。,由M1／M2接口提供；夫妻星只标注关系议题角色，不单独证明过用、不足或竞争。,由M3-BASE提供；日支底盘提高关系相关性，但不能单独建立失衡结论。,由M3及共享流向引擎提供；没有有效起点、转换和终点时，不得补写现实处理顺序。,由共享基础引擎判定；近位提高亲密关系相关性，远位降级为背景候选。,由共享基础引擎判定；根气主要修正重复调用能力，不等于现实中已经反复发生。,由共享基础引擎判定；强弱只修正调用强度与可用性，不直接等同功能质量。,喜忌只修正调用摩擦、平衡与承载，不直接等同好坏、成熟或道德品质。,原十神功能有效；真合化成立时按化神功能替换，合化争议时停止定性。,由共享基础引擎判定；近位提高进入关系核心的概率，远位只保留背景修正。,84,+8功能来源,functional_origin,倾听、理解、承接情绪、提供安全、整合背景和恢复信任。,这项功能本身的价值在于：倾听、理解、承接情绪、提供安全、整合背景和恢复信任。,不得仅凭本规则推出控制、冷战、讨好、攻击、依赖、花心、自私、欺骗、暴力、人格／依恋障碍、分手离婚或关系必败；必须结合真实行为、触发情境、反例与保护因素验证。,中,待验证,,provisional=true,0.4
M4-OVERUSE-162,正印K01过用候选,L2 十神功能失衡,OVERUSE-十神正印,通用,过用候选,正印,印星系统,正印功能有效；存在抢先、重复占位或压缩另一项必要功能的证据。,只是旺、透或使用熟练，其他功能仍能按需进入。,由共享基础引擎提供；只修正功能承载、执行强度和压力反应，不直接等同有无主见。,由M1／M2接口提供；夫妻星只标注关系议题角色，不单独证明过用、不足或竞争。,由M3-BASE提供；日支底盘提高关系相关性，但不能单独建立失衡结论。,由M3及共享流向引擎提供；没有有效起点、转换和终点时，不得补写现实处理顺序。,由共享基础引擎判定；近位提高亲密关系相关性，远位降级为背景候选。,由共享基础引擎判定；根气主要修正重复调用能力，不等于现实中已经反复发生。,由共享基础引擎判定；强弱只修正调用强度与可用性，不直接等同功能质量。,喜忌只修正调用摩擦、平衡与承载，不直接等同好坏、成熟或道德品质。,原十神功能有效；真合化成立时按化神功能替换，合化争议时停止定性。,由共享基础引擎判定；近位提高进入关系核心的概率，远位只保留背景修正。,82,+10明确过用；E1候选,imbalance_mechanism,过度承接、替对方解释、用理解淡化问题，或长期吸收却不说自己的需要。,你很能理解和接住复杂感受；需要留意的是，理解之后是否还有自己的立场，以及现实是否真的发生变化。,不得仅凭本规则推出控制、冷战、讨好、攻击、依赖、花心、自私、欺骗、暴力、人格／依恋障碍、分手离婚或关系必败；必须结合真实行为、触发情境、反例与保护因素验证。,中,待验证,,provisional=true,0.4
M4-OVERUSE-163,正印K02不足候选,L2 十神功能失衡,OVERUSE-十神正印,通用,不足候选,正印,印星系统,当前任务需要正印功能；可用性低、进入过晚或现实中难以稳定调用。,已有等价替代或任务不需要该功能。,由共享基础引擎提供；只修正功能承载、执行强度和压力反应，不直接等同有无主见。,由M1／M2接口提供；夫妻星只标注关系议题角色，不单独证明过用、不足或竞争。,由M3-BASE提供；日支底盘提高关系相关性，但不能单独建立失衡结论。,由M3及共享流向引擎提供；没有有效起点、转换和终点时，不得补写现实处理顺序。,由共享基础引擎判定；近位提高亲密关系相关性，远位降级为背景候选。,由共享基础引擎判定；根气主要修正重复调用能力，不等于现实中已经反复发生。,由共享基础引擎判定；强弱只修正调用强度与可用性，不直接等同功能质量。,喜忌只修正调用摩擦、平衡与承载，不直接等同好坏、成熟或道德品质。,原十神功能有效；真合化成立时按化神功能替换，合化争议时停止定性。,由共享基础引擎判定；近位提高进入关系核心的概率，远位只保留背景修正。,80,+8必要缺位,missing_function,关系中缺少被听见和被理解的空间，情绪信息难以进入决策。,当关系需要这项功能时，需要继续确认它是否能够及时进入：关系中缺少被听见和被理解的空间，情绪信息难以进入决策。,不得仅凭本规则推出控制、冷战、讨好、攻击、依赖、花心、自私、欺骗、暴力、人格／依恋障碍、分手离婚或关系必败；必须结合真实行为、触发情境、反例与保护因素验证。,中,待验证,,provisional=true,0.4
M4-OVERUSE-164,正印K03替代候选,L2 十神功能失衡,OVERUSE-十神正印,通用,替代候选,正印,印星系统,正印功能被用于承担另一项不同任务；目标功能没有独立完成。,两项同义，或目标功能已同步进入。,由共享基础引擎提供；只修正功能承载、执行强度和压力反应，不直接等同有无主见。,由M1／M2接口提供；夫妻星只标注关系议题角色，不单独证明过用、不足或竞争。,由M3-BASE提供；日支底盘提高关系相关性，但不能单独建立失衡结论。,由M3及共享流向引擎提供；没有有效起点、转换和终点时，不得补写现实处理顺序。,由共享基础引擎判定；近位提高亲密关系相关性，远位降级为背景候选。,由共享基础引擎判定；根气主要修正重复调用能力，不等于现实中已经反复发生。,由共享基础引擎判定；强弱只修正调用强度与可用性，不直接等同功能质量。,喜忌只修正调用摩擦、平衡与承载，不直接等同好坏、成熟或道德品质。,原十神功能有效；真合化成立时按化神功能替换，合化争议时停止定性。,由共享基础引擎判定；近位提高进入关系核心的概率，远位只保留背景修正。,81,+9替代机制,substitute_function,用理解、安抚和解释原因替代现实改变、边界、责任和行动。,需要区分：正印做到了什么，以及它不能替代什么。,不得仅凭本规则推出控制、冷战、讨好、攻击、依赖、花心、自私、欺骗、暴力、人格／依恋障碍、分手离婚或关系必败；必须结合真实行为、触发情境、反例与保护因素验证。,中,待验证,,provisional=true,0.4
M4-OVERUSE-165,正印K04顺序候选,L2 十神功能失衡,OVERUSE-十神正印,通用,顺序候选,正印,印星系统,正印与后续必要功能均有效；存在明确先后和后续压缩。,没有现实顺序证据或该顺序不影响结果。,由共享基础引擎提供；只修正功能承载、执行强度和压力反应，不直接等同有无主见。,由M1／M2接口提供；夫妻星只标注关系议题角色，不单独证明过用、不足或竞争。,由M3-BASE提供；日支底盘提高关系相关性，但不能单独建立失衡结论。,由M3及共享流向引擎提供；没有有效起点、转换和终点时，不得补写现实处理顺序。,由共享基础引擎判定；近位提高亲密关系相关性，远位降级为背景候选。,由共享基础引擎判定；根气主要修正重复调用能力，不等于现实中已经反复发生。,由共享基础引擎判定；强弱只修正调用强度与可用性，不直接等同功能质量。,喜忌只修正调用摩擦、平衡与承载，不直接等同好坏、成熟或道德品质。,原十神功能有效；真合化成立时按化神功能替换，合化争议时停止定性。,由共享基础引擎判定；近位提高进入关系核心的概率，远位只保留背景修正。,79,+8顺序错位,sequence_pattern,先理解很多、承接很多，但自己的立场和实际要求迟迟不进入。,可能的难点不是能力缺少，而是：先理解很多、承接很多，但自己的立场和实际要求迟迟不进入。,不得仅凭本规则推出控制、冷战、讨好、攻击、依赖、花心、自私、欺骗、暴力、人格／依恋障碍、分手离婚或关系必败；必须结合真实行为、触发情境、反例与保护因素验证。,中,待验证,,provisional=true,0.4
M4-OVERUSE-166,正印K05竞争候选,L2 十神功能失衡,OVERUSE-十神正印,通用,竞争候选,正印,印星系统,正印与另一功能均有独立来源，且同一阶段争夺主导。,已形成清楚分工、先后或同义收敛。,由共享基础引擎提供；只修正功能承载、执行强度和压力反应，不直接等同有无主见。,由M1／M2接口提供；夫妻星只标注关系议题角色，不单独证明过用、不足或竞争。,由M3-BASE提供；日支底盘提高关系相关性，但不能单独建立失衡结论。,由M3及共享流向引擎提供；没有有效起点、转换和终点时，不得补写现实处理顺序。,由共享基础引擎判定；近位提高亲密关系相关性，远位降级为背景候选。,由共享基础引擎判定；根气主要修正重复调用能力，不等于现实中已经反复发生。,由共享基础引擎判定；强弱只修正调用强度与可用性，不直接等同功能质量。,喜忌只修正调用摩擦、平衡与承载，不直接等同好坏、成熟或道德品质。,原十神功能有效；真合化成立时按化神功能替换，合化争议时停止定性。,由共享基础引擎判定；近位提高进入关系核心的概率，远位只保留背景修正。,78,+8竞争结构,competition_pattern,容易与财星的现实落实、比劫的边界、官杀的责任和止损竞争。,当两项都重要时，需要明确谁先、谁后、各自负责什么。容易与财星的现实落实、比劫的边界、官杀的责任和止损竞争。,不得仅凭本规则推出控制、冷战、讨好、攻击、依赖、花心、自私、欺骗、暴力、人格／依恋障碍、分手离婚或关系必败；必须结合真实行为、触发情境、反例与保护因素验证。,中,待验证,,provisional=true,0.4
M4-OVERUSE-167,正印K06转换受阻,L2 十神功能失衡,OVERUSE-十神正印,通用,流向卡点,正印,印星系统,正印完成起点功能；下一项必要任务没有进入。,目标任务不必要或另一稳定路径已完成。,由共享基础引擎提供；只修正功能承载、执行强度和压力反应，不直接等同有无主见。,由M1／M2接口提供；夫妻星只标注关系议题角色，不单独证明过用、不足或竞争。,由M3-BASE提供；日支底盘提高关系相关性，但不能单独建立失衡结论。,由M3及共享流向引擎提供；没有有效起点、转换和终点时，不得补写现实处理顺序。,由共享基础引擎判定；近位提高亲密关系相关性，远位降级为背景候选。,由共享基础引擎判定；根气主要修正重复调用能力，不等于现实中已经反复发生。,由共享基础引擎判定；强弱只修正调用强度与可用性，不直接等同功能质量。,喜忌只修正调用摩擦、平衡与承载，不直接等同好坏、成熟或道德品质。,原十神功能有效；真合化成立时按化神功能替换，合化争议时停止定性。,由共享基础引擎判定；近位提高进入关系核心的概率，远位只保留背景修正。,80,+9流向卡点,flow_block,理解了背景，却没有转成清楚边界、现实改变或可验证行动。,这项功能可能已经完成前半段，但没有自然转成下一步：理解了背景，却没有转成清楚边界、现实改变或可验证行动。,不得仅凭本规则推出控制、冷战、讨好、攻击、依赖、花心、自私、欺骗、暴力、人格／依恋障碍、分手离婚或关系必败；必须结合真实行为、触发情境、反例与保护因素验证。,中,待验证,,provisional=true,0.4
M4-OVERUSE-168,正印触发域候选,L2 十神功能失衡,OVERUSE-十神正印,通用,触发,正印,印星系统,结构候选已成立；出现对应关系情境。,无法匹配具体触发域。,由共享基础引擎提供；只修正功能承载、执行强度和压力反应，不直接等同有无主见。,由M1／M2接口提供；夫妻星只标注关系议题角色，不单独证明过用、不足或竞争。,由M3-BASE提供；日支底盘提高关系相关性，但不能单独建立失衡结论。,由M3及共享流向引擎提供；没有有效起点、转换和终点时，不得补写现实处理顺序。,由共享基础引擎判定；近位提高亲密关系相关性，远位降级为背景候选。,由共享基础引擎判定；根气主要修正重复调用能力，不等于现实中已经反复发生。,由共享基础引擎判定；强弱只修正调用强度与可用性，不直接等同功能质量。,喜忌只修正调用摩擦、平衡与承载，不直接等同好坏、成熟或道德品质。,原十神功能有效；真合化成立时按化神功能替换，合化争议时停止定性。,由共享基础引擎判定；近位提高进入关系核心的概率，远位只保留背景修正。,76,+6触发；可升级E2,activation_trigger,对方受伤、关系紧张、用户希望避免误解或冲突。,这类反应更容易在以下情境中被启动：对方受伤、关系紧张、用户希望避免误解或冲突。,不得仅凭本规则推出控制、冷战、讨好、攻击、依赖、花心、自私、欺骗、暴力、人格／依恋障碍、分手离婚或关系必败；必须结合真实行为、触发情境、反例与保护因素验证。,中,待验证,,provisional=true,0.4
M4-OVERUSE-169,正印保护与通关,L2 十神功能失衡,OVERUSE-十神正印,通用,保护,正印,印星系统,存在能够限制过用、补足缺位或完成转换的独立功能。,保护因素仅同源重复或现实中未体现。,由共享基础引擎提供；只修正功能承载、执行强度和压力反应，不直接等同有无主见。,由M1／M2接口提供；夫妻星只标注关系议题角色，不单独证明过用、不足或竞争。,由M3-BASE提供；日支底盘提高关系相关性，但不能单独建立失衡结论。,由M3及共享流向引擎提供；没有有效起点、转换和终点时，不得补写现实处理顺序。,由共享基础引擎判定；近位提高亲密关系相关性，远位降级为背景候选。,由共享基础引擎判定；根气主要修正重复调用能力，不等于现实中已经反复发生。,由共享基础引擎判定；强弱只修正调用强度与可用性，不直接等同功能质量。,喜忌只修正调用摩擦、平衡与承载，不直接等同好坏、成熟或道德品质。,原十神功能有效；真合化成立时按化神功能替换，合化争议时停止定性。,由共享基础引擎判定；近位提高进入关系核心的概率，远位只保留背景修正。,85,-6至-12,buffer_factor,比劫明确底线、食伤说出需要、财官落实改变，限制替对方解释。,如果以下调节能够稳定进入，这个候选会减弱：比劫明确底线、食伤说出需要、财官落实改变，限制替对方解释。,不得仅凭本规则推出控制、冷战、讨好、攻击、依赖、花心、自私、欺骗、暴力、人格／依恋障碍、分手离婚或关系必败；必须结合真实行为、触发情境、反例与保护因素验证。,中,待验证,,provisional=true,0.4
M4-OVERUSE-170,正印综合用户输出与停止,L2 十神功能失衡,OVERUSE-十神正印,通用,输出边界,正印,印星系统,至少一项K01—K06机制满足E1；主次和同源去重完成。,只有单一标签、没有独立证据或现实反例明确。,由共享基础引擎提供；只修正功能承载、执行强度和压力反应，不直接等同有无主见。,由M1／M2接口提供；夫妻星只标注关系议题角色，不单独证明过用、不足或竞争。,由M3-BASE提供；日支底盘提高关系相关性，但不能单独建立失衡结论。,由M3及共享流向引擎提供；没有有效起点、转换和终点时，不得补写现实处理顺序。,由共享基础引擎判定；近位提高亲密关系相关性，远位降级为背景候选。,由共享基础引擎判定；根气主要修正重复调用能力，不等于现实中已经反复发生。,由共享基础引擎判定；强弱只修正调用强度与可用性，不直接等同功能质量。,喜忌只修正调用摩擦、平衡与承载，不直接等同好坏、成熟或道德品质。,原十神功能有效；真合化成立时按化神功能替换，合化争议时停止定性。,由共享基础引擎判定；近位提高进入关系核心的概率，远位只保留背景修正。,86,输出一主机制；否则停止,blindspot_summary,正印的正常功能是倾听、理解、承接情绪、提供安全、整合背景和恢复信任。；失衡候选为过度承接、替对方解释、用理解淡化问题，或长期吸收却不说自己的需要。,你很能理解和接住复杂感受；需要留意的是，理解之后是否还有自己的立场，以及现实是否真的发生变化。,不得仅凭本规则推出控制、冷战、讨好、攻击、依赖、花心、自私、欺骗、暴力、人格／依恋障碍、分手离婚或关系必败；必须结合真实行为、触发情境、反例与保护因素验证。,中,待验证,,provisional=true,0.4
M4-OVERUSE-171,偏印正常功能｜独立整理、深度反思、选择,L2 十神功能失衡,OVERUSE-十神偏印,通用,正常功能,偏印,印星系统,需要确认该十神在M3中的可用功能。,该十神真合化后性质已替换，或基础状态停止。,由共享基础引擎提供；只修正功能承载、执行强度和压力反应，不直接等同有无主见。,由M1／M2接口提供；夫妻星只标注关系议题角色，不单独证明过用、不足或竞争。,由M3-BASE提供；日支底盘提高关系相关性，但不能单独建立失衡结论。,由M3及共享流向引擎提供；没有有效起点、转换和终点时，不得补写现实处理顺序。,由共享基础引擎判定；近位提高亲密关系相关性，远位降级为背景候选。,由共享基础引擎判定；根气主要修正重复调用能力，不等于现实中已经反复发生。,由共享基础引擎判定；强弱只修正调用强度与可用性，不直接等同功能质量。,喜忌只修正调用摩擦、平衡与承载，不直接等同好坏、成熟或道德品质。,原十神功能有效；真合化成立时按化神功能替换，合化争议时停止定性。,由共享基础引擎判定；近位提高进入关系核心的概率，远位只保留背景修正。,84,+8功能来源,functional_origin,独立整理、深度反思、选择性开放、专业洞察和私人恢复空间。,这项功能本身的价值在于：独立整理、深度反思、选择性开放、专业洞察和私人恢复空间。,不得仅凭本规则推出控制、冷战、讨好、攻击、依赖、花心、自私、欺骗、暴力、人格／依恋障碍、分手离婚或关系必败；必须结合真实行为、触发情境、反例与保护因素验证。,中,待验证,,provisional=true,0.4
M4-OVERUSE-172,偏印K01过用候选,L2 十神功能失衡,OVERUSE-十神偏印,通用,过用候选,偏印,印星系统,偏印功能有效；存在抢先、重复占位或压缩另一项必要功能的证据。,只是旺、透或使用熟练，其他功能仍能按需进入。,由共享基础引擎提供；只修正功能承载、执行强度和压力反应，不直接等同有无主见。,由M1／M2接口提供；夫妻星只标注关系议题角色，不单独证明过用、不足或竞争。,由M3-BASE提供；日支底盘提高关系相关性，但不能单独建立失衡结论。,由M3及共享流向引擎提供；没有有效起点、转换和终点时，不得补写现实处理顺序。,由共享基础引擎判定；近位提高亲密关系相关性，远位降级为背景候选。,由共享基础引擎判定；根气主要修正重复调用能力，不等于现实中已经反复发生。,由共享基础引擎判定；强弱只修正调用强度与可用性，不直接等同功能质量。,喜忌只修正调用摩擦、平衡与承载，不直接等同好坏、成熟或道德品质。,原十神功能有效；真合化成立时按化神功能替换，合化争议时停止定性。,由共享基础引擎判定；近位提高进入关系核心的概率，远位只保留背景修正。,82,+10明确过用；E1候选,imbalance_mechanism,内部处理时间过长，反馈过少，反复推演却不进入现实沟通，或把选择性开放变成长期不透明。,你需要先把复杂信息整理清楚；需要留意的是，暂停是否有明确回归路径，内部判断是否最终能够进入共同沟通。,不得仅凭本规则推出控制、冷战、讨好、攻击、依赖、花心、自私、欺骗、暴力、人格／依恋障碍、分手离婚或关系必败；必须结合真实行为、触发情境、反例与保护因素验证。,中,待验证,,provisional=true,0.4
M4-OVERUSE-173,偏印K02不足候选,L2 十神功能失衡,OVERUSE-十神偏印,通用,不足候选,偏印,印星系统,当前任务需要偏印功能；可用性低、进入过晚或现实中难以稳定调用。,已有等价替代或任务不需要该功能。,由共享基础引擎提供；只修正功能承载、执行强度和压力反应，不直接等同有无主见。,由M1／M2接口提供；夫妻星只标注关系议题角色，不单独证明过用、不足或竞争。,由M3-BASE提供；日支底盘提高关系相关性，但不能单独建立失衡结论。,由M3及共享流向引擎提供；没有有效起点、转换和终点时，不得补写现实处理顺序。,由共享基础引擎判定；近位提高亲密关系相关性，远位降级为背景候选。,由共享基础引擎判定；根气主要修正重复调用能力，不等于现实中已经反复发生。,由共享基础引擎判定；强弱只修正调用强度与可用性，不直接等同功能质量。,喜忌只修正调用摩擦、平衡与承载，不直接等同好坏、成熟或道德品质。,原十神功能有效；真合化成立时按化神功能替换，合化争议时停止定性。,由共享基础引擎判定；近位提高进入关系核心的概率，远位只保留背景修正。,80,+8必要缺位,missing_function,复杂信息没有整理空间，容易在未消化时仓促回应。,当关系需要这项功能时，需要继续确认它是否能够及时进入：复杂信息没有整理空间，容易在未消化时仓促回应。,不得仅凭本规则推出控制、冷战、讨好、攻击、依赖、花心、自私、欺骗、暴力、人格／依恋障碍、分手离婚或关系必败；必须结合真实行为、触发情境、反例与保护因素验证。,中,待验证,,provisional=true,0.4
M4-OVERUSE-174,偏印K03替代候选,L2 十神功能失衡,OVERUSE-十神偏印,通用,替代候选,偏印,印星系统,偏印功能被用于承担另一项不同任务；目标功能没有独立完成。,两项同义，或目标功能已同步进入。,由共享基础引擎提供；只修正功能承载、执行强度和压力反应，不直接等同有无主见。,由M1／M2接口提供；夫妻星只标注关系议题角色，不单独证明过用、不足或竞争。,由M3-BASE提供；日支底盘提高关系相关性，但不能单独建立失衡结论。,由M3及共享流向引擎提供；没有有效起点、转换和终点时，不得补写现实处理顺序。,由共享基础引擎判定；近位提高亲密关系相关性，远位降级为背景候选。,由共享基础引擎判定；根气主要修正重复调用能力，不等于现实中已经反复发生。,由共享基础引擎判定；强弱只修正调用强度与可用性，不直接等同功能质量。,喜忌只修正调用摩擦、平衡与承载，不直接等同好坏、成熟或道德品质。,原十神功能有效；真合化成立时按化神功能替换，合化争议时停止定性。,由共享基础引擎判定；近位提高进入关系核心的概率，远位只保留背景修正。,81,+9替代机制,substitute_function,用独立思考、暂停和深度分析替代及时回应、共同处理或清楚说明。,需要区分：偏印做到了什么，以及它不能替代什么。,不得仅凭本规则推出控制、冷战、讨好、攻击、依赖、花心、自私、欺骗、暴力、人格／依恋障碍、分手离婚或关系必败；必须结合真实行为、触发情境、反例与保护因素验证。,中,待验证,,provisional=true,0.4
M4-OVERUSE-175,偏印K04顺序候选,L2 十神功能失衡,OVERUSE-十神偏印,通用,顺序候选,偏印,印星系统,偏印与后续必要功能均有效；存在明确先后和后续压缩。,没有现实顺序证据或该顺序不影响结果。,由共享基础引擎提供；只修正功能承载、执行强度和压力反应，不直接等同有无主见。,由M1／M2接口提供；夫妻星只标注关系议题角色，不单独证明过用、不足或竞争。,由M3-BASE提供；日支底盘提高关系相关性，但不能单独建立失衡结论。,由M3及共享流向引擎提供；没有有效起点、转换和终点时，不得补写现实处理顺序。,由共享基础引擎判定；近位提高亲密关系相关性，远位降级为背景候选。,由共享基础引擎判定；根气主要修正重复调用能力，不等于现实中已经反复发生。,由共享基础引擎判定；强弱只修正调用强度与可用性，不直接等同功能质量。,喜忌只修正调用摩擦、平衡与承载，不直接等同好坏、成熟或道德品质。,原十神功能有效；真合化成立时按化神功能替换，合化争议时停止定性。,由共享基础引擎判定；近位提高进入关系核心的概率，远位只保留背景修正。,79,+8顺序错位,sequence_pattern,先暂停和内化，但没有明确回归时间和输出方式。,可能的难点不是能力缺少，而是：先暂停和内化，但没有明确回归时间和输出方式。,不得仅凭本规则推出控制、冷战、讨好、攻击、依赖、花心、自私、欺骗、暴力、人格／依恋障碍、分手离婚或关系必败；必须结合真实行为、触发情境、反例与保护因素验证。,中,待验证,,provisional=true,0.4
M4-OVERUSE-176,偏印K05竞争候选,L2 十神功能失衡,OVERUSE-十神偏印,通用,竞争候选,偏印,印星系统,偏印与另一功能均有独立来源，且同一阶段争夺主导。,已形成清楚分工、先后或同义收敛。,由共享基础引擎提供；只修正功能承载、执行强度和压力反应，不直接等同有无主见。,由M1／M2接口提供；夫妻星只标注关系议题角色，不单独证明过用、不足或竞争。,由M3-BASE提供；日支底盘提高关系相关性，但不能单独建立失衡结论。,由M3及共享流向引擎提供；没有有效起点、转换和终点时，不得补写现实处理顺序。,由共享基础引擎判定；近位提高亲密关系相关性，远位降级为背景候选。,由共享基础引擎判定；根气主要修正重复调用能力，不等于现实中已经反复发生。,由共享基础引擎判定；强弱只修正调用强度与可用性，不直接等同功能质量。,喜忌只修正调用摩擦、平衡与承载，不直接等同好坏、成熟或道德品质。,原十神功能有效；真合化成立时按化神功能替换，合化争议时停止定性。,由共享基础引擎判定；近位提高进入关系核心的概率，远位只保留背景修正。,78,+8竞争结构,competition_pattern,容易与劫财的即时行动、食伤的开放表达、偏财的高互动节奏竞争。,当两项都重要时，需要明确谁先、谁后、各自负责什么。容易与劫财的即时行动、食伤的开放表达、偏财的高互动节奏竞争。,不得仅凭本规则推出控制、冷战、讨好、攻击、依赖、花心、自私、欺骗、暴力、人格／依恋障碍、分手离婚或关系必败；必须结合真实行为、触发情境、反例与保护因素验证。,中,待验证,,provisional=true,0.4
M4-OVERUSE-177,偏印K06转换受阻,L2 十神功能失衡,OVERUSE-十神偏印,通用,流向卡点,偏印,印星系统,偏印完成起点功能；下一项必要任务没有进入。,目标任务不必要或另一稳定路径已完成。,由共享基础引擎提供；只修正功能承载、执行强度和压力反应，不直接等同有无主见。,由M1／M2接口提供；夫妻星只标注关系议题角色，不单独证明过用、不足或竞争。,由M3-BASE提供；日支底盘提高关系相关性，但不能单独建立失衡结论。,由M3及共享流向引擎提供；没有有效起点、转换和终点时，不得补写现实处理顺序。,由共享基础引擎判定；近位提高亲密关系相关性，远位降级为背景候选。,由共享基础引擎判定；根气主要修正重复调用能力，不等于现实中已经反复发生。,由共享基础引擎判定；强弱只修正调用强度与可用性，不直接等同功能质量。,喜忌只修正调用摩擦、平衡与承载，不直接等同好坏、成熟或道德品质。,原十神功能有效；真合化成立时按化神功能替换，合化争议时停止定性。,由共享基础引擎判定；近位提高进入关系核心的概率，远位只保留背景修正。,80,+9流向卡点,flow_block,内部已经形成判断，却没有转成可被对方理解的表达和共同方案。,这项功能可能已经完成前半段，但没有自然转成下一步：内部已经形成判断，却没有转成可被对方理解的表达和共同方案。,不得仅凭本规则推出控制、冷战、讨好、攻击、依赖、花心、自私、欺骗、暴力、人格／依恋障碍、分手离婚或关系必败；必须结合真实行为、触发情境、反例与保护因素验证。,中,待验证,,provisional=true,0.4
M4-OVERUSE-178,偏印触发域候选,L2 十神功能失衡,OVERUSE-十神偏印,通用,触发,偏印,印星系统,结构候选已成立；出现对应关系情境。,无法匹配具体触发域。,由共享基础引擎提供；只修正功能承载、执行强度和压力反应，不直接等同有无主见。,由M1／M2接口提供；夫妻星只标注关系议题角色，不单独证明过用、不足或竞争。,由M3-BASE提供；日支底盘提高关系相关性，但不能单独建立失衡结论。,由M3及共享流向引擎提供；没有有效起点、转换和终点时，不得补写现实处理顺序。,由共享基础引擎判定；近位提高亲密关系相关性，远位降级为背景候选。,由共享基础引擎判定；根气主要修正重复调用能力，不等于现实中已经反复发生。,由共享基础引擎判定；强弱只修正调用强度与可用性，不直接等同功能质量。,喜忌只修正调用摩擦、平衡与承载，不直接等同好坏、成熟或道德品质。,原十神功能有效；真合化成立时按化神功能替换，合化争议时停止定性。,由共享基础引擎判定；近位提高进入关系核心的概率，远位只保留背景修正。,76,+6触发；可升级E2,activation_trigger,信息复杂、情绪强、隐私被触碰、需要独立判断。,这类反应更容易在以下情境中被启动：信息复杂、情绪强、隐私被触碰、需要独立判断。,不得仅凭本规则推出控制、冷战、讨好、攻击、依赖、花心、自私、欺骗、暴力、人格／依恋障碍、分手离婚或关系必败；必须结合真实行为、触发情境、反例与保护因素验证。,中,待验证,,provisional=true,0.4
M4-OVERUSE-179,偏印保护与通关,L2 十神功能失衡,OVERUSE-十神偏印,通用,保护,偏印,印星系统,存在能够限制过用、补足缺位或完成转换的独立功能。,保护因素仅同源重复或现实中未体现。,由共享基础引擎提供；只修正功能承载、执行强度和压力反应，不直接等同有无主见。,由M1／M2接口提供；夫妻星只标注关系议题角色，不单独证明过用、不足或竞争。,由M3-BASE提供；日支底盘提高关系相关性，但不能单独建立失衡结论。,由M3及共享流向引擎提供；没有有效起点、转换和终点时，不得补写现实处理顺序。,由共享基础引擎判定；近位提高亲密关系相关性，远位降级为背景候选。,由共享基础引擎判定；根气主要修正重复调用能力，不等于现实中已经反复发生。,由共享基础引擎判定；强弱只修正调用强度与可用性，不直接等同功能质量。,喜忌只修正调用摩擦、平衡与承载，不直接等同好坏、成熟或道德品质。,原十神功能有效；真合化成立时按化神功能替换，合化争议时停止定性。,由共享基础引擎判定；近位提高进入关系核心的概率，远位只保留背景修正。,85,-6至-12,buffer_factor,预先说明暂停目的与回归点，食伤负责输出，比劫说明边界，财官落实下一步。,如果以下调节能够稳定进入，这个候选会减弱：预先说明暂停目的与回归点，食伤负责输出，比劫说明边界，财官落实下一步。,不得仅凭本规则推出控制、冷战、讨好、攻击、依赖、花心、自私、欺骗、暴力、人格／依恋障碍、分手离婚或关系必败；必须结合真实行为、触发情境、反例与保护因素验证。,中,待验证,,provisional=true,0.4
M4-OVERUSE-180,偏印综合用户输出与停止,L2 十神功能失衡,OVERUSE-十神偏印,通用,输出边界,偏印,印星系统,至少一项K01—K06机制满足E1；主次和同源去重完成。,只有单一标签、没有独立证据或现实反例明确。,由共享基础引擎提供；只修正功能承载、执行强度和压力反应，不直接等同有无主见。,由M1／M2接口提供；夫妻星只标注关系议题角色，不单独证明过用、不足或竞争。,由M3-BASE提供；日支底盘提高关系相关性，但不能单独建立失衡结论。,由M3及共享流向引擎提供；没有有效起点、转换和终点时，不得补写现实处理顺序。,由共享基础引擎判定；近位提高亲密关系相关性，远位降级为背景候选。,由共享基础引擎判定；根气主要修正重复调用能力，不等于现实中已经反复发生。,由共享基础引擎判定；强弱只修正调用强度与可用性，不直接等同功能质量。,喜忌只修正调用摩擦、平衡与承载，不直接等同好坏、成熟或道德品质。,原十神功能有效；真合化成立时按化神功能替换，合化争议时停止定性。,由共享基础引擎判定；近位提高进入关系核心的概率，远位只保留背景修正。,86,输出一主机制；否则停止,blindspot_summary,偏印的正常功能是独立整理、深度反思、选择性开放、专业洞察和私人恢复空间。；失衡候选为内部处理时间过长，反馈过少，反复推演却不进入现实沟通，或把选择性开放变成长期不透明。,你需要先把复杂信息整理清楚；需要留意的是，暂停是否有明确回归路径，内部判断是否最终能够进入共同沟通。,不得仅凭本规则推出控制、冷战、讨好、攻击、依赖、花心、自私、欺骗、暴力、人格／依恋障碍、分手离婚或关系必败；必须结合真实行为、触发情境、反例与保护因素验证。,中,待验证,,provisional=true,0.4
M4-OVERUSE-181,印→比劫链定义｜理解承接→自我标准与边界,L3 五系统桥接与卡点,OVERUSE-桥接印→比劫,通用,定义,印星,比劫,印星与比劫均为当前任务所需。,只有五行生助、没有功能证据。,由共享基础引擎提供；只修正功能承载、执行强度和压力反应，不直接等同有无主见。,由M1／M2接口提供；夫妻星只标注关系议题角色，不单独证明过用、不足或竞争。,由M3-BASE提供；日支底盘提高关系相关性，但不能单独建立失衡结论。,由M3及共享流向引擎提供；没有有效起点、转换和终点时，不得补写现实处理顺序。,由共享基础引擎判定；近位提高亲密关系相关性，远位降级为背景候选。,由共享基础引擎判定；根气主要修正重复调用能力，不等于现实中已经反复发生。,由共享基础引擎判定；强弱只修正调用强度与可用性，不直接等同功能质量。,喜忌只修正调用摩擦、平衡与承载，不直接等同好坏、成熟或道德品质。,原十神功能有效；真合化成立时按化神功能替换，合化争议时停止定性。,由共享基础引擎判定；近位提高进入关系核心的概率，远位只保留背景修正。,88,建立桥接链,flow_path,先理解背景、感受和意义，再形成自己的立场、底线与决定权。,你可能已经理解了很多，但下一步是把理解转成自己的立场和可执行边界。,不得仅凭本规则推出控制、冷战、讨好、攻击、依赖、花心、自私、欺骗、暴力、人格／依恋障碍、分手离婚或关系必败；必须结合真实行为、触发情境、反例与保护因素验证。,中高,待验证,,provisional=true,0.4
M4-OVERUSE-182,印→比劫起点有效｜印星,L3 五系统桥接与卡点,OVERUSE-桥接印→比劫,通用,功能来源,印星,比劫,印星功能有有效M3来源。,印星基础状态停止或真合化替换。,由共享基础引擎提供；只修正功能承载、执行强度和压力反应，不直接等同有无主见。,由M1／M2接口提供；夫妻星只标注关系议题角色，不单独证明过用、不足或竞争。,由M3-BASE提供；日支底盘提高关系相关性，但不能单独建立失衡结论。,由M3及共享流向引擎提供；没有有效起点、转换和终点时，不得补写现实处理顺序。,由共享基础引擎判定；近位提高亲密关系相关性，远位降级为背景候选。,由共享基础引擎判定；根气主要修正重复调用能力，不等于现实中已经反复发生。,由共享基础引擎判定；强弱只修正调用强度与可用性，不直接等同功能质量。,喜忌只修正调用摩擦、平衡与承载，不直接等同好坏、成熟或道德品质。,原十神功能有效；真合化成立时按化神功能替换，合化争议时停止定性。,由共享基础引擎判定；近位提高进入关系核心的概率，远位只保留背景修正。,84,+6起点,functional_origin,桥接必须从有效的印星功能开始。,先确认前一步确实已经完成：印星功能能够被调用。,不得仅凭本规则推出控制、冷战、讨好、攻击、依赖、花心、自私、欺骗、暴力、人格／依恋障碍、分手离婚或关系必败；必须结合真实行为、触发情境、反例与保护因素验证。,中高,待验证,,provisional=true,0.4
M4-OVERUSE-183,印→比劫目标必要｜比劫,L3 五系统桥接与卡点,OVERUSE-桥接印→比劫,通用,目标门控,印星,比劫,当前关系任务确实需要比劫完成下一步。,比劫不是必要任务或已有另一稳定路径。,由共享基础引擎提供；只修正功能承载、执行强度和压力反应，不直接等同有无主见。,由M1／M2接口提供；夫妻星只标注关系议题角色，不单独证明过用、不足或竞争。,由M3-BASE提供；日支底盘提高关系相关性，但不能单独建立失衡结论。,由M3及共享流向引擎提供；没有有效起点、转换和终点时，不得补写现实处理顺序。,由共享基础引擎判定；近位提高亲密关系相关性，远位降级为背景候选。,由共享基础引擎判定；根气主要修正重复调用能力，不等于现实中已经反复发生。,由共享基础引擎判定；强弱只修正调用强度与可用性，不直接等同功能质量。,喜忌只修正调用摩擦、平衡与承载，不直接等同好坏、成熟或道德品质。,原十神功能有效；真合化成立时按化神功能替换，合化争议时停止定性。,由共享基础引擎判定；近位提高进入关系核心的概率，远位只保留背景修正。,84,+6目标必要性,missing_function,没有目标必要性，不能建立印→比劫卡点。,只有当关系确实需要比劫时，才需要判断转换是否受阻。,不得仅凭本规则推出控制、冷战、讨好、攻击、依赖、花心、自私、欺骗、暴力、人格／依恋障碍、分手离婚或关系必败；必须结合真实行为、触发情境、反例与保护因素验证。,中高,待验证,,provisional=true,0.4
M4-OVERUSE-184,印→比劫K06卡点候选,L3 五系统桥接与卡点,OVERUSE-桥接印→比劫,通用,流向卡点,印星,比劫,起点有效；目标必要；转换没有完成。,目标已稳定进入，或现实反例显示转换顺畅。,由共享基础引擎提供；只修正功能承载、执行强度和压力反应，不直接等同有无主见。,由M1／M2接口提供；夫妻星只标注关系议题角色，不单独证明过用、不足或竞争。,由M3-BASE提供；日支底盘提高关系相关性，但不能单独建立失衡结论。,由M3及共享流向引擎提供；没有有效起点、转换和终点时，不得补写现实处理顺序。,由共享基础引擎判定；近位提高亲密关系相关性，远位降级为背景候选。,由共享基础引擎判定；根气主要修正重复调用能力，不等于现实中已经反复发生。,由共享基础引擎判定；强弱只修正调用强度与可用性，不直接等同功能质量。,喜忌只修正调用摩擦、平衡与承载，不直接等同好坏、成熟或道德品质。,原十神功能有效；真合化成立时按化神功能替换，合化争议时停止定性。,由共享基础引擎判定；近位提高进入关系核心的概率，远位只保留背景修正。,86,+10卡点,flow_block,理解很多，但难以说出自己的需要、拒绝或决定；承接替代边界。,你可能已经理解了很多，但下一步是把理解转成自己的立场和可执行边界。,不得仅凭本规则推出控制、冷战、讨好、攻击、依赖、花心、自私、欺骗、暴力、人格／依恋障碍、分手离婚或关系必败；必须结合真实行为、触发情境、反例与保护因素验证。,中高,待验证,,provisional=true,0.4
M4-OVERUSE-185,印→比劫K03替代候选,L3 五系统桥接与卡点,OVERUSE-桥接印→比劫,通用,替代候选,印星,比劫,印星被反复用来代替比劫的任务。,比劫已经独立完成。,由共享基础引擎提供；只修正功能承载、执行强度和压力反应，不直接等同有无主见。,由M1／M2接口提供；夫妻星只标注关系议题角色，不单独证明过用、不足或竞争。,由M3-BASE提供；日支底盘提高关系相关性，但不能单独建立失衡结论。,由M3及共享流向引擎提供；没有有效起点、转换和终点时，不得补写现实处理顺序。,由共享基础引擎判定；近位提高亲密关系相关性，远位降级为背景候选。,由共享基础引擎判定；根气主要修正重复调用能力，不等于现实中已经反复发生。,由共享基础引擎判定；强弱只修正调用强度与可用性，不直接等同功能质量。,喜忌只修正调用摩擦、平衡与承载，不直接等同好坏、成熟或道德品质。,原十神功能有效；真合化成立时按化神功能替换，合化争议时停止定性。,由共享基础引擎判定；近位提高进入关系核心的概率，远位只保留背景修正。,82,+8替代,substitute_function,印星不能自动代替比劫。,前一步有价值，但不能替代下一步：先理解背景、感受和意义，再形成自己的立场、底线与决定权。,不得仅凭本规则推出控制、冷战、讨好、攻击、依赖、花心、自私、欺骗、暴力、人格／依恋障碍、分手离婚或关系必败；必须结合真实行为、触发情境、反例与保护因素验证。,中高,待验证,,provisional=true,0.4
M4-OVERUSE-186,印→比劫K04顺序错位,L3 五系统桥接与卡点,OVERUSE-桥接印→比劫,通用,顺序候选,印星,比劫,两项均有效，但比劫进入过晚或没有回归节点。,该情境本来就需要起点先行，且目标随后及时进入。,由共享基础引擎提供；只修正功能承载、执行强度和压力反应，不直接等同有无主见。,由M1／M2接口提供；夫妻星只标注关系议题角色，不单独证明过用、不足或竞争。,由M3-BASE提供；日支底盘提高关系相关性，但不能单独建立失衡结论。,由M3及共享流向引擎提供；没有有效起点、转换和终点时，不得补写现实处理顺序。,由共享基础引擎判定；近位提高亲密关系相关性，远位降级为背景候选。,由共享基础引擎判定；根气主要修正重复调用能力，不等于现实中已经反复发生。,由共享基础引擎判定；强弱只修正调用强度与可用性，不直接等同功能质量。,喜忌只修正调用摩擦、平衡与承载，不直接等同好坏、成熟或道德品质。,原十神功能有效；真合化成立时按化神功能替换，合化争议时停止定性。,由共享基础引擎判定；近位提高进入关系核心的概率，远位只保留背景修正。,80,+8顺序,sequence_pattern,比劫边界进入过晚，或印星长期解释与吸收。,顺序本身不一定有问题，关键是下一步有没有回来。你可能已经理解了很多，但下一步是把理解转成自己的立场和可执行边界。,不得仅凭本规则推出控制、冷战、讨好、攻击、依赖、花心、自私、欺骗、暴力、人格／依恋障碍、分手离婚或关系必败；必须结合真实行为、触发情境、反例与保护因素验证。,中高,待验证,,provisional=true,0.4
M4-OVERUSE-187,印→比劫K01源头过用,L3 五系统桥接与卡点,OVERUSE-桥接印→比劫,通用,过用候选,印星,比劫,印星持续占位并压缩比劫。,印星只是熟练且比劫仍按需进入。,由共享基础引擎提供；只修正功能承载、执行强度和压力反应，不直接等同有无主见。,由M1／M2接口提供；夫妻星只标注关系议题角色，不单独证明过用、不足或竞争。,由M3-BASE提供；日支底盘提高关系相关性，但不能单独建立失衡结论。,由M3及共享流向引擎提供；没有有效起点、转换和终点时，不得补写现实处理顺序。,由共享基础引擎判定；近位提高亲密关系相关性，远位降级为背景候选。,由共享基础引擎判定；根气主要修正重复调用能力，不等于现实中已经反复发生。,由共享基础引擎判定；强弱只修正调用强度与可用性，不直接等同功能质量。,喜忌只修正调用摩擦、平衡与承载，不直接等同好坏、成熟或道德品质。,原十神功能有效；真合化成立时按化神功能替换，合化争议时停止定性。,由共享基础引擎判定；近位提高进入关系核心的概率，远位只保留背景修正。,79,+8源头过用,imbalance_mechanism,印星过用会让链条停在前一步。,你可能已经理解了很多，但下一步是把理解转成自己的立场和可执行边界。,不得仅凭本规则推出控制、冷战、讨好、攻击、依赖、花心、自私、欺骗、暴力、人格／依恋障碍、分手离婚或关系必败；必须结合真实行为、触发情境、反例与保护因素验证。,中高,待验证,,provisional=true,0.4
M4-OVERUSE-188,印→比劫桥接与保护,L3 五系统桥接与卡点,OVERUSE-桥接印→比劫,通用,保护,印星,比劫,存在独立桥接功能和现实执行。,保护因素同源重复或只停留在口头。,由共享基础引擎提供；只修正功能承载、执行强度和压力反应，不直接等同有无主见。,由M1／M2接口提供；夫妻星只标注关系议题角色，不单独证明过用、不足或竞争。,由M3-BASE提供；日支底盘提高关系相关性，但不能单独建立失衡结论。,由M3及共享流向引擎提供；没有有效起点、转换和终点时，不得补写现实处理顺序。,由共享基础引擎判定；近位提高亲密关系相关性，远位降级为背景候选。,由共享基础引擎判定；根气主要修正重复调用能力，不等于现实中已经反复发生。,由共享基础引擎判定；强弱只修正调用强度与可用性，不直接等同功能质量。,喜忌只修正调用摩擦、平衡与承载，不直接等同好坏、成熟或道德品质。,原十神功能有效；真合化成立时按化神功能替换，合化争议时停止定性。,由共享基础引擎判定；近位提高进入关系核心的概率，远位只保留背景修正。,87,-8至-12,buffer_factor,比劫明确“我愿意／不愿意”，食伤负责表达，现实行为验证边界是否执行。,如果以下桥接稳定存在，转换受阻会明显减弱：比劫明确“我愿意／不愿意”，食伤负责表达，现实行为验证边界是否执行。,不得仅凭本规则推出控制、冷战、讨好、攻击、依赖、花心、自私、欺骗、暴力、人格／依恋障碍、分手离婚或关系必败；必须结合真实行为、触发情境、反例与保护因素验证。,中高,待验证,,provisional=true,0.4
M4-OVERUSE-189,印→比劫用户输出模板,L3 五系统桥接与卡点,OVERUSE-桥接印→比劫,通用,输出,印星,比劫,K06或K03达到E1门槛。,没有起点、目标或独立证据。,由共享基础引擎提供；只修正功能承载、执行强度和压力反应，不直接等同有无主见。,由M1／M2接口提供；夫妻星只标注关系议题角色，不单独证明过用、不足或竞争。,由M3-BASE提供；日支底盘提高关系相关性，但不能单独建立失衡结论。,由M3及共享流向引擎提供；没有有效起点、转换和终点时，不得补写现实处理顺序。,由共享基础引擎判定；近位提高亲密关系相关性，远位降级为背景候选。,由共享基础引擎判定；根气主要修正重复调用能力，不等于现实中已经反复发生。,由共享基础引擎判定；强弱只修正调用强度与可用性，不直接等同功能质量。,喜忌只修正调用摩擦、平衡与承载，不直接等同好坏、成熟或道德品质。,原十神功能有效；真合化成立时按化神功能替换，合化争议时停止定性。,由共享基础引擎判定；近位提高进入关系核心的概率，远位只保留背景修正。,86,生成前半段＋下一步,report_template,先理解背景、感受和意义，再形成自己的立场、底线与决定权。；当前候选为：理解很多，但难以说出自己的需要、拒绝或决定；承接替代边界。,你可能已经理解了很多，但下一步是把理解转成自己的立场和可执行边界。,不得仅凭本规则推出控制、冷战、讨好、攻击、依赖、花心、自私、欺骗、暴力、人格／依恋障碍、分手离婚或关系必败；必须结合真实行为、触发情境、反例与保护因素验证。,中高,待验证,,provisional=true,0.4
M4-OVERUSE-190,印→比劫停止与现实验证,L3 五系统桥接与卡点,OVERUSE-桥接印→比劫,通用,边界,印星,比劫,需要通过具体事件验证前一步是否完成、下一步何时缺位。,只有抽象命理流向或一次事件。,由共享基础引擎提供；只修正功能承载、执行强度和压力反应，不直接等同有无主见。,由M1／M2接口提供；夫妻星只标注关系议题角色，不单独证明过用、不足或竞争。,由M3-BASE提供；日支底盘提高关系相关性，但不能单独建立失衡结论。,由M3及共享流向引擎提供；没有有效起点、转换和终点时，不得补写现实处理顺序。,由共享基础引擎判定；近位提高亲密关系相关性，远位降级为背景候选。,由共享基础引擎判定；根气主要修正重复调用能力，不等于现实中已经反复发生。,由共享基础引擎判定；强弱只修正调用强度与可用性，不直接等同功能质量。,喜忌只修正调用摩擦、平衡与承载，不直接等同好坏、成熟或道德品质。,原十神功能有效；真合化成立时按化神功能替换，合化争议时停止定性。,由共享基础引擎判定；近位提高进入关系核心的概率，远位只保留背景修正。,91,低置信或停止,validation_needed,桥接链必须由现实过程验证，不能仅凭生克定时间线。,需要用具体事件确认：你完成了哪一步，下一步在何处没有发生。,不得仅凭本规则推出控制、冷战、讨好、攻击、依赖、花心、自私、欺骗、暴力、人格／依恋障碍、分手离婚或关系必败；必须结合真实行为、触发情境、反例与保护因素验证。,中高,待验证,,provisional=true,0.4
M4-OVERUSE-191,比劫→食伤链定义｜自我立场→可被接收的表达,L3 五系统桥接与卡点,OVERUSE-桥接比劫→食伤,通用,定义,比劫,食伤,比劫与食伤均为当前任务所需。,只有五行生助、没有功能证据。,由共享基础引擎提供；只修正功能承载、执行强度和压力反应，不直接等同有无主见。,由M1／M2接口提供；夫妻星只标注关系议题角色，不单独证明过用、不足或竞争。,由M3-BASE提供；日支底盘提高关系相关性，但不能单独建立失衡结论。,由M3及共享流向引擎提供；没有有效起点、转换和终点时，不得补写现实处理顺序。,由共享基础引擎判定；近位提高亲密关系相关性，远位降级为背景候选。,由共享基础引擎判定；根气主要修正重复调用能力，不等于现实中已经反复发生。,由共享基础引擎判定；强弱只修正调用强度与可用性，不直接等同功能质量。,喜忌只修正调用摩擦、平衡与承载，不直接等同好坏、成熟或道德品质。,原十神功能有效；真合化成立时按化神功能替换，合化争议时停止定性。,由共享基础引擎判定；近位提高进入关系核心的概率，远位只保留背景修正。,88,建立桥接链,flow_path,先知道自己的标准和权限，再把它转成对方能理解的需要、观点与协商语言。,你可能知道自己要什么，但还需要把立场转成对方能够回应的具体表达。,不得仅凭本规则推出控制、冷战、讨好、攻击、依赖、花心、自私、欺骗、暴力、人格／依恋障碍、分手离婚或关系必败；必须结合真实行为、触发情境、反例与保护因素验证。,中高,待验证,,provisional=true,0.4
M4-OVERUSE-192,比劫→食伤起点有效｜比劫,L3 五系统桥接与卡点,OVERUSE-桥接比劫→食伤,通用,功能来源,比劫,食伤,比劫功能有有效M3来源。,比劫基础状态停止或真合化替换。,由共享基础引擎提供；只修正功能承载、执行强度和压力反应，不直接等同有无主见。,由M1／M2接口提供；夫妻星只标注关系议题角色，不单独证明过用、不足或竞争。,由M3-BASE提供；日支底盘提高关系相关性，但不能单独建立失衡结论。,由M3及共享流向引擎提供；没有有效起点、转换和终点时，不得补写现实处理顺序。,由共享基础引擎判定；近位提高亲密关系相关性，远位降级为背景候选。,由共享基础引擎判定；根气主要修正重复调用能力，不等于现实中已经反复发生。,由共享基础引擎判定；强弱只修正调用强度与可用性，不直接等同功能质量。,喜忌只修正调用摩擦、平衡与承载，不直接等同好坏、成熟或道德品质。,原十神功能有效；真合化成立时按化神功能替换，合化争议时停止定性。,由共享基础引擎判定；近位提高进入关系核心的概率，远位只保留背景修正。,84,+6起点,functional_origin,桥接必须从有效的比劫功能开始。,先确认前一步确实已经完成：比劫功能能够被调用。,不得仅凭本规则推出控制、冷战、讨好、攻击、依赖、花心、自私、欺骗、暴力、人格／依恋障碍、分手离婚或关系必败；必须结合真实行为、触发情境、反例与保护因素验证。,中高,待验证,,provisional=true,0.4
M4-OVERUSE-193,比劫→食伤目标必要｜食伤,L3 五系统桥接与卡点,OVERUSE-桥接比劫→食伤,通用,目标门控,比劫,食伤,当前关系任务确实需要食伤完成下一步。,食伤不是必要任务或已有另一稳定路径。,由共享基础引擎提供；只修正功能承载、执行强度和压力反应，不直接等同有无主见。,由M1／M2接口提供；夫妻星只标注关系议题角色，不单独证明过用、不足或竞争。,由M3-BASE提供；日支底盘提高关系相关性，但不能单独建立失衡结论。,由M3及共享流向引擎提供；没有有效起点、转换和终点时，不得补写现实处理顺序。,由共享基础引擎判定；近位提高亲密关系相关性，远位降级为背景候选。,由共享基础引擎判定；根气主要修正重复调用能力，不等于现实中已经反复发生。,由共享基础引擎判定；强弱只修正调用强度与可用性，不直接等同功能质量。,喜忌只修正调用摩擦、平衡与承载，不直接等同好坏、成熟或道德品质。,原十神功能有效；真合化成立时按化神功能替换，合化争议时停止定性。,由共享基础引擎判定；近位提高进入关系核心的概率，远位只保留背景修正。,84,+6目标必要性,missing_function,没有目标必要性，不能建立比劫→食伤卡点。,只有当关系确实需要食伤时，才需要判断转换是否受阻。,不得仅凭本规则推出控制、冷战、讨好、攻击、依赖、花心、自私、欺骗、暴力、人格／依恋障碍、分手离婚或关系必败；必须结合真实行为、触发情境、反例与保护因素验证。,中高,待验证,,provisional=true,0.4
M4-OVERUSE-194,比劫→食伤K06卡点候选,L3 五系统桥接与卡点,OVERUSE-桥接比劫→食伤,通用,流向卡点,比劫,食伤,起点有效；目标必要；转换没有完成。,目标已稳定进入，或现实反例显示转换顺畅。,由共享基础引擎提供；只修正功能承载、执行强度和压力反应，不直接等同有无主见。,由M1／M2接口提供；夫妻星只标注关系议题角色，不单独证明过用、不足或竞争。,由M3-BASE提供；日支底盘提高关系相关性，但不能单独建立失衡结论。,由M3及共享流向引擎提供；没有有效起点、转换和终点时，不得补写现实处理顺序。,由共享基础引擎判定；近位提高亲密关系相关性，远位降级为背景候选。,由共享基础引擎判定；根气主要修正重复调用能力，不等于现实中已经反复发生。,由共享基础引擎判定；强弱只修正调用强度与可用性，不直接等同功能质量。,喜忌只修正调用摩擦、平衡与承载，不直接等同好坏、成熟或道德品质。,原十神功能有效；真合化成立时按化神功能替换，合化争议时停止定性。,由共享基础引擎判定；近位提高进入关系核心的概率，远位只保留背景修正。,86,+10卡点,flow_block,立场清楚，但只停在拒绝、对等或各自负责，无法转成有效沟通。,你可能知道自己要什么，但还需要把立场转成对方能够回应的具体表达。,不得仅凭本规则推出控制、冷战、讨好、攻击、依赖、花心、自私、欺骗、暴力、人格／依恋障碍、分手离婚或关系必败；必须结合真实行为、触发情境、反例与保护因素验证。,中高,待验证,,provisional=true,0.4
M4-OVERUSE-195,比劫→食伤K03替代候选,L3 五系统桥接与卡点,OVERUSE-桥接比劫→食伤,通用,替代候选,比劫,食伤,比劫被反复用来代替食伤的任务。,食伤已经独立完成。,由共享基础引擎提供；只修正功能承载、执行强度和压力反应，不直接等同有无主见。,由M1／M2接口提供；夫妻星只标注关系议题角色，不单独证明过用、不足或竞争。,由M3-BASE提供；日支底盘提高关系相关性，但不能单独建立失衡结论。,由M3及共享流向引擎提供；没有有效起点、转换和终点时，不得补写现实处理顺序。,由共享基础引擎判定；近位提高亲密关系相关性，远位降级为背景候选。,由共享基础引擎判定；根气主要修正重复调用能力，不等于现实中已经反复发生。,由共享基础引擎判定；强弱只修正调用强度与可用性，不直接等同功能质量。,喜忌只修正调用摩擦、平衡与承载，不直接等同好坏、成熟或道德品质。,原十神功能有效；真合化成立时按化神功能替换，合化争议时停止定性。,由共享基础引擎判定；近位提高进入关系核心的概率，远位只保留背景修正。,82,+8替代,substitute_function,比劫不能自动代替食伤。,前一步有价值，但不能替代下一步：先知道自己的标准和权限，再把它转成对方能理解的需要、观点与协商语言。,不得仅凭本规则推出控制、冷战、讨好、攻击、依赖、花心、自私、欺骗、暴力、人格／依恋障碍、分手离婚或关系必败；必须结合真实行为、触发情境、反例与保护因素验证。,中高,待验证,,provisional=true,0.4
M4-OVERUSE-196,比劫→食伤K04顺序错位,L3 五系统桥接与卡点,OVERUSE-桥接比劫→食伤,通用,顺序候选,比劫,食伤,两项均有效，但食伤进入过晚或没有回归节点。,该情境本来就需要起点先行，且目标随后及时进入。,由共享基础引擎提供；只修正功能承载、执行强度和压力反应，不直接等同有无主见。,由M1／M2接口提供；夫妻星只标注关系议题角色，不单独证明过用、不足或竞争。,由M3-BASE提供；日支底盘提高关系相关性，但不能单独建立失衡结论。,由M3及共享流向引擎提供；没有有效起点、转换和终点时，不得补写现实处理顺序。,由共享基础引擎判定；近位提高亲密关系相关性，远位降级为背景候选。,由共享基础引擎判定；根气主要修正重复调用能力，不等于现实中已经反复发生。,由共享基础引擎判定；强弱只修正调用强度与可用性，不直接等同功能质量。,喜忌只修正调用摩擦、平衡与承载，不直接等同好坏、成熟或道德品质。,原十神功能有效；真合化成立时按化神功能替换，合化争议时停止定性。,由共享基础引擎判定；近位提高进入关系核心的概率，远位只保留背景修正。,80,+8顺序,sequence_pattern,食伤弱、受阻或只在压力后进入。,顺序本身不一定有问题，关键是下一步有没有回来。你可能知道自己要什么，但还需要把立场转成对方能够回应的具体表达。,不得仅凭本规则推出控制、冷战、讨好、攻击、依赖、花心、自私、欺骗、暴力、人格／依恋障碍、分手离婚或关系必败；必须结合真实行为、触发情境、反例与保护因素验证。,中高,待验证,,provisional=true,0.4
M4-OVERUSE-197,比劫→食伤K01源头过用,L3 五系统桥接与卡点,OVERUSE-桥接比劫→食伤,通用,过用候选,比劫,食伤,比劫持续占位并压缩食伤。,比劫只是熟练且食伤仍按需进入。,由共享基础引擎提供；只修正功能承载、执行强度和压力反应，不直接等同有无主见。,由M1／M2接口提供；夫妻星只标注关系议题角色，不单独证明过用、不足或竞争。,由M3-BASE提供；日支底盘提高关系相关性，但不能单独建立失衡结论。,由M3及共享流向引擎提供；没有有效起点、转换和终点时，不得补写现实处理顺序。,由共享基础引擎判定；近位提高亲密关系相关性，远位降级为背景候选。,由共享基础引擎判定；根气主要修正重复调用能力，不等于现实中已经反复发生。,由共享基础引擎判定；强弱只修正调用强度与可用性，不直接等同功能质量。,喜忌只修正调用摩擦、平衡与承载，不直接等同好坏、成熟或道德品质。,原十神功能有效；真合化成立时按化神功能替换，合化争议时停止定性。,由共享基础引擎判定；近位提高进入关系核心的概率，远位只保留背景修正。,79,+8源头过用,imbalance_mechanism,比劫过用会让链条停在前一步。,你可能知道自己要什么，但还需要把立场转成对方能够回应的具体表达。,不得仅凭本规则推出控制、冷战、讨好、攻击、依赖、花心、自私、欺骗、暴力、人格／依恋障碍、分手离婚或关系必败；必须结合真实行为、触发情境、反例与保护因素验证。,中高,待验证,,provisional=true,0.4
M4-OVERUSE-198,比劫→食伤桥接与保护,L3 五系统桥接与卡点,OVERUSE-桥接比劫→食伤,通用,保护,比劫,食伤,存在独立桥接功能和现实执行。,保护因素同源重复或只停留在口头。,由共享基础引擎提供；只修正功能承载、执行强度和压力反应，不直接等同有无主见。,由M1／M2接口提供；夫妻星只标注关系议题角色，不单独证明过用、不足或竞争。,由M3-BASE提供；日支底盘提高关系相关性，但不能单独建立失衡结论。,由M3及共享流向引擎提供；没有有效起点、转换和终点时，不得补写现实处理顺序。,由共享基础引擎判定；近位提高亲密关系相关性，远位降级为背景候选。,由共享基础引擎判定；根气主要修正重复调用能力，不等于现实中已经反复发生。,由共享基础引擎判定；强弱只修正调用强度与可用性，不直接等同功能质量。,喜忌只修正调用摩擦、平衡与承载，不直接等同好坏、成熟或道德品质。,原十神功能有效；真合化成立时按化神功能替换，合化争议时停止定性。,由共享基础引擎判定；近位提高进入关系核心的概率，远位只保留背景修正。,87,-8至-12,buffer_factor,食伤提供解释与反馈，印星帮助接收对方信息，明确表达目标而非只重复立场。,如果以下桥接稳定存在，转换受阻会明显减弱：食伤提供解释与反馈，印星帮助接收对方信息，明确表达目标而非只重复立场。,不得仅凭本规则推出控制、冷战、讨好、攻击、依赖、花心、自私、欺骗、暴力、人格／依恋障碍、分手离婚或关系必败；必须结合真实行为、触发情境、反例与保护因素验证。,中高,待验证,,provisional=true,0.4
M4-OVERUSE-199,比劫→食伤用户输出模板,L3 五系统桥接与卡点,OVERUSE-桥接比劫→食伤,通用,输出,比劫,食伤,K06或K03达到E1门槛。,没有起点、目标或独立证据。,由共享基础引擎提供；只修正功能承载、执行强度和压力反应，不直接等同有无主见。,由M1／M2接口提供；夫妻星只标注关系议题角色，不单独证明过用、不足或竞争。,由M3-BASE提供；日支底盘提高关系相关性，但不能单独建立失衡结论。,由M3及共享流向引擎提供；没有有效起点、转换和终点时，不得补写现实处理顺序。,由共享基础引擎判定；近位提高亲密关系相关性，远位降级为背景候选。,由共享基础引擎判定；根气主要修正重复调用能力，不等于现实中已经反复发生。,由共享基础引擎判定；强弱只修正调用强度与可用性，不直接等同功能质量。,喜忌只修正调用摩擦、平衡与承载，不直接等同好坏、成熟或道德品质。,原十神功能有效；真合化成立时按化神功能替换，合化争议时停止定性。,由共享基础引擎判定；近位提高进入关系核心的概率，远位只保留背景修正。,86,生成前半段＋下一步,report_template,先知道自己的标准和权限，再把它转成对方能理解的需要、观点与协商语言。；当前候选为：立场清楚，但只停在拒绝、对等或各自负责，无法转成有效沟通。,你可能知道自己要什么，但还需要把立场转成对方能够回应的具体表达。,不得仅凭本规则推出控制、冷战、讨好、攻击、依赖、花心、自私、欺骗、暴力、人格／依恋障碍、分手离婚或关系必败；必须结合真实行为、触发情境、反例与保护因素验证。,中高,待验证,,provisional=true,0.4
M4-OVERUSE-200,比劫→食伤停止与现实验证,L3 五系统桥接与卡点,OVERUSE-桥接比劫→食伤,通用,边界,比劫,食伤,需要通过具体事件验证前一步是否完成、下一步何时缺位。,只有抽象命理流向或一次事件。,由共享基础引擎提供；只修正功能承载、执行强度和压力反应，不直接等同有无主见。,由M1／M2接口提供；夫妻星只标注关系议题角色，不单独证明过用、不足或竞争。,由M3-BASE提供；日支底盘提高关系相关性，但不能单独建立失衡结论。,由M3及共享流向引擎提供；没有有效起点、转换和终点时，不得补写现实处理顺序。,由共享基础引擎判定；近位提高亲密关系相关性，远位降级为背景候选。,由共享基础引擎判定；根气主要修正重复调用能力，不等于现实中已经反复发生。,由共享基础引擎判定；强弱只修正调用强度与可用性，不直接等同功能质量。,喜忌只修正调用摩擦、平衡与承载，不直接等同好坏、成熟或道德品质。,原十神功能有效；真合化成立时按化神功能替换，合化争议时停止定性。,由共享基础引擎判定；近位提高进入关系核心的概率，远位只保留背景修正。,91,低置信或停止,validation_needed,桥接链必须由现实过程验证，不能仅凭生克定时间线。,需要用具体事件确认：你完成了哪一步，下一步在何处没有发生。,不得仅凭本规则推出控制、冷战、讨好、攻击、依赖、花心、自私、欺骗、暴力、人格／依恋障碍、分手离婚或关系必败；必须结合真实行为、触发情境、反例与保护因素验证。,中高,待验证,,provisional=true,0.4
M4-OVERUSE-201,食伤→财链定义｜表达理解→现实安排与持续投入,L3 五系统桥接与卡点,OVERUSE-桥接食伤→财,通用,定义,食伤,财星,食伤与财星均为当前任务所需。,只有五行生助、没有功能证据。,由共享基础引擎提供；只修正功能承载、执行强度和压力反应，不直接等同有无主见。,由M1／M2接口提供；夫妻星只标注关系议题角色，不单独证明过用、不足或竞争。,由M3-BASE提供；日支底盘提高关系相关性，但不能单独建立失衡结论。,由M3及共享流向引擎提供；没有有效起点、转换和终点时，不得补写现实处理顺序。,由共享基础引擎判定；近位提高亲密关系相关性，远位降级为背景候选。,由共享基础引擎判定；根气主要修正重复调用能力，不等于现实中已经反复发生。,由共享基础引擎判定；强弱只修正调用强度与可用性，不直接等同功能质量。,喜忌只修正调用摩擦、平衡与承载，不直接等同好坏、成熟或道德品质。,原十神功能有效；真合化成立时按化神功能替换，合化争议时停止定性。,由共享基础引擎判定；近位提高进入关系核心的概率，远位只保留背景修正。,88,建立桥接链,flow_path,把说清楚、理解和互动，转成时间、资源、分工与可持续行动。,你可能已经把问题说清楚，但关系是否改变，还要看它能否落到具体安排和持续行动。,不得仅凭本规则推出控制、冷战、讨好、攻击、依赖、花心、自私、欺骗、暴力、人格／依恋障碍、分手离婚或关系必败；必须结合真实行为、触发情境、反例与保护因素验证。,中高,待验证,,provisional=true,0.4
M4-OVERUSE-202,食伤→财起点有效｜食伤,L3 五系统桥接与卡点,OVERUSE-桥接食伤→财,通用,功能来源,食伤,财星,食伤功能有有效M3来源。,食伤基础状态停止或真合化替换。,由共享基础引擎提供；只修正功能承载、执行强度和压力反应，不直接等同有无主见。,由M1／M2接口提供；夫妻星只标注关系议题角色，不单独证明过用、不足或竞争。,由M3-BASE提供；日支底盘提高关系相关性，但不能单独建立失衡结论。,由M3及共享流向引擎提供；没有有效起点、转换和终点时，不得补写现实处理顺序。,由共享基础引擎判定；近位提高亲密关系相关性，远位降级为背景候选。,由共享基础引擎判定；根气主要修正重复调用能力，不等于现实中已经反复发生。,由共享基础引擎判定；强弱只修正调用强度与可用性，不直接等同功能质量。,喜忌只修正调用摩擦、平衡与承载，不直接等同好坏、成熟或道德品质。,原十神功能有效；真合化成立时按化神功能替换，合化争议时停止定性。,由共享基础引擎判定；近位提高进入关系核心的概率，远位只保留背景修正。,84,+6起点,functional_origin,桥接必须从有效的食伤功能开始。,先确认前一步确实已经完成：食伤功能能够被调用。,不得仅凭本规则推出控制、冷战、讨好、攻击、依赖、花心、自私、欺骗、暴力、人格／依恋障碍、分手离婚或关系必败；必须结合真实行为、触发情境、反例与保护因素验证。,中高,待验证,,provisional=true,0.4
M4-OVERUSE-203,食伤→财目标必要｜财星,L3 五系统桥接与卡点,OVERUSE-桥接食伤→财,通用,目标门控,食伤,财星,当前关系任务确实需要财星完成下一步。,财星不是必要任务或已有另一稳定路径。,由共享基础引擎提供；只修正功能承载、执行强度和压力反应，不直接等同有无主见。,由M1／M2接口提供；夫妻星只标注关系议题角色，不单独证明过用、不足或竞争。,由M3-BASE提供；日支底盘提高关系相关性，但不能单独建立失衡结论。,由M3及共享流向引擎提供；没有有效起点、转换和终点时，不得补写现实处理顺序。,由共享基础引擎判定；近位提高亲密关系相关性，远位降级为背景候选。,由共享基础引擎判定；根气主要修正重复调用能力，不等于现实中已经反复发生。,由共享基础引擎判定；强弱只修正调用强度与可用性，不直接等同功能质量。,喜忌只修正调用摩擦、平衡与承载，不直接等同好坏、成熟或道德品质。,原十神功能有效；真合化成立时按化神功能替换，合化争议时停止定性。,由共享基础引擎判定；近位提高进入关系核心的概率，远位只保留背景修正。,84,+6目标必要性,missing_function,没有目标必要性，不能建立食伤→财卡点。,只有当关系确实需要财星时，才需要判断转换是否受阻。,不得仅凭本规则推出控制、冷战、讨好、攻击、依赖、花心、自私、欺骗、暴力、人格／依恋障碍、分手离婚或关系必败；必须结合真实行为、触发情境、反例与保护因素验证。,中高,待验证,,provisional=true,0.4
M4-OVERUSE-204,食伤→财K06卡点候选,L3 五系统桥接与卡点,OVERUSE-桥接食伤→财,通用,流向卡点,食伤,财星,起点有效；目标必要；转换没有完成。,目标已稳定进入，或现实反例显示转换顺畅。,由共享基础引擎提供；只修正功能承载、执行强度和压力反应，不直接等同有无主见。,由M1／M2接口提供；夫妻星只标注关系议题角色，不单独证明过用、不足或竞争。,由M3-BASE提供；日支底盘提高关系相关性，但不能单独建立失衡结论。,由M3及共享流向引擎提供；没有有效起点、转换和终点时，不得补写现实处理顺序。,由共享基础引擎判定；近位提高亲密关系相关性，远位降级为背景候选。,由共享基础引擎判定；根气主要修正重复调用能力，不等于现实中已经反复发生。,由共享基础引擎判定；强弱只修正调用强度与可用性，不直接等同功能质量。,喜忌只修正调用摩擦、平衡与承载，不直接等同好坏、成熟或道德品质。,原十神功能有效；真合化成立时按化神功能替换，合化争议时停止定性。,由共享基础引擎判定；近位提高进入关系核心的概率，远位只保留背景修正。,86,+10卡点,flow_block,讨论充分，却没有具体安排、行动人、时间点或后续复核。,你可能已经把问题说清楚，但关系是否改变，还要看它能否落到具体安排和持续行动。,不得仅凭本规则推出控制、冷战、讨好、攻击、依赖、花心、自私、欺骗、暴力、人格／依恋障碍、分手离婚或关系必败；必须结合真实行为、触发情境、反例与保护因素验证。,中高,待验证,,provisional=true,0.4
M4-OVERUSE-205,食伤→财K03替代候选,L3 五系统桥接与卡点,OVERUSE-桥接食伤→财,通用,替代候选,食伤,财星,食伤被反复用来代替财星的任务。,财星已经独立完成。,由共享基础引擎提供；只修正功能承载、执行强度和压力反应，不直接等同有无主见。,由M1／M2接口提供；夫妻星只标注关系议题角色，不单独证明过用、不足或竞争。,由M3-BASE提供；日支底盘提高关系相关性，但不能单独建立失衡结论。,由M3及共享流向引擎提供；没有有效起点、转换和终点时，不得补写现实处理顺序。,由共享基础引擎判定；近位提高亲密关系相关性，远位降级为背景候选。,由共享基础引擎判定；根气主要修正重复调用能力，不等于现实中已经反复发生。,由共享基础引擎判定；强弱只修正调用强度与可用性，不直接等同功能质量。,喜忌只修正调用摩擦、平衡与承载，不直接等同好坏、成熟或道德品质。,原十神功能有效；真合化成立时按化神功能替换，合化争议时停止定性。,由共享基础引擎判定；近位提高进入关系核心的概率，远位只保留背景修正。,82,+8替代,substitute_function,食伤不能自动代替财星。,前一步有价值，但不能替代下一步：把说清楚、理解和互动，转成时间、资源、分工与可持续行动。,不得仅凭本规则推出控制、冷战、讨好、攻击、依赖、花心、自私、欺骗、暴力、人格／依恋障碍、分手离婚或关系必败；必须结合真实行为、触发情境、反例与保护因素验证。,中高,待验证,,provisional=true,0.4
M4-OVERUSE-206,食伤→财K04顺序错位,L3 五系统桥接与卡点,OVERUSE-桥接食伤→财,通用,顺序候选,食伤,财星,两项均有效，但财星进入过晚或没有回归节点。,该情境本来就需要起点先行，且目标随后及时进入。,由共享基础引擎提供；只修正功能承载、执行强度和压力反应，不直接等同有无主见。,由M1／M2接口提供；夫妻星只标注关系议题角色，不单独证明过用、不足或竞争。,由M3-BASE提供；日支底盘提高关系相关性，但不能单独建立失衡结论。,由M3及共享流向引擎提供；没有有效起点、转换和终点时，不得补写现实处理顺序。,由共享基础引擎判定；近位提高亲密关系相关性，远位降级为背景候选。,由共享基础引擎判定；根气主要修正重复调用能力，不等于现实中已经反复发生。,由共享基础引擎判定；强弱只修正调用强度与可用性，不直接等同功能质量。,喜忌只修正调用摩擦、平衡与承载，不直接等同好坏、成熟或道德品质。,原十神功能有效；真合化成立时按化神功能替换，合化争议时停止定性。,由共享基础引擎判定；近位提高进入关系核心的概率，远位只保留背景修正。,80,+8顺序,sequence_pattern,财星可用性不足，或表达成为终点。,顺序本身不一定有问题，关键是下一步有没有回来。你可能已经把问题说清楚，但关系是否改变，还要看它能否落到具体安排和持续行动。,不得仅凭本规则推出控制、冷战、讨好、攻击、依赖、花心、自私、欺骗、暴力、人格／依恋障碍、分手离婚或关系必败；必须结合真实行为、触发情境、反例与保护因素验证。,中高,待验证,,provisional=true,0.4
M4-OVERUSE-207,食伤→财K01源头过用,L3 五系统桥接与卡点,OVERUSE-桥接食伤→财,通用,过用候选,食伤,财星,食伤持续占位并压缩财星。,食伤只是熟练且财星仍按需进入。,由共享基础引擎提供；只修正功能承载、执行强度和压力反应，不直接等同有无主见。,由M1／M2接口提供；夫妻星只标注关系议题角色，不单独证明过用、不足或竞争。,由M3-BASE提供；日支底盘提高关系相关性，但不能单独建立失衡结论。,由M3及共享流向引擎提供；没有有效起点、转换和终点时，不得补写现实处理顺序。,由共享基础引擎判定；近位提高亲密关系相关性，远位降级为背景候选。,由共享基础引擎判定；根气主要修正重复调用能力，不等于现实中已经反复发生。,由共享基础引擎判定；强弱只修正调用强度与可用性，不直接等同功能质量。,喜忌只修正调用摩擦、平衡与承载，不直接等同好坏、成熟或道德品质。,原十神功能有效；真合化成立时按化神功能替换，合化争议时停止定性。,由共享基础引擎判定；近位提高进入关系核心的概率，远位只保留背景修正。,79,+8源头过用,imbalance_mechanism,食伤过用会让链条停在前一步。,你可能已经把问题说清楚，但关系是否改变，还要看它能否落到具体安排和持续行动。,不得仅凭本规则推出控制、冷战、讨好、攻击、依赖、花心、自私、欺骗、暴力、人格／依恋障碍、分手离婚或关系必败；必须结合真实行为、触发情境、反例与保护因素验证。,中高,待验证,,provisional=true,0.4
M4-OVERUSE-208,食伤→财桥接与保护,L3 五系统桥接与卡点,OVERUSE-桥接食伤→财,通用,保护,食伤,财星,存在独立桥接功能和现实执行。,保护因素同源重复或只停留在口头。,由共享基础引擎提供；只修正功能承载、执行强度和压力反应，不直接等同有无主见。,由M1／M2接口提供；夫妻星只标注关系议题角色，不单独证明过用、不足或竞争。,由M3-BASE提供；日支底盘提高关系相关性，但不能单独建立失衡结论。,由M3及共享流向引擎提供；没有有效起点、转换和终点时，不得补写现实处理顺序。,由共享基础引擎判定；近位提高亲密关系相关性，远位降级为背景候选。,由共享基础引擎判定；根气主要修正重复调用能力，不等于现实中已经反复发生。,由共享基础引擎判定；强弱只修正调用强度与可用性，不直接等同功能质量。,喜忌只修正调用摩擦、平衡与承载，不直接等同好坏、成熟或道德品质。,原十神功能有效；真合化成立时按化神功能替换，合化争议时停止定性。,由共享基础引擎判定；近位提高进入关系核心的概率，远位只保留背景修正。,87,-8至-12,buffer_factor,正财建立重复安排，偏财提供灵活方案，官杀确认责任。,如果以下桥接稳定存在，转换受阻会明显减弱：正财建立重复安排，偏财提供灵活方案，官杀确认责任。,不得仅凭本规则推出控制、冷战、讨好、攻击、依赖、花心、自私、欺骗、暴力、人格／依恋障碍、分手离婚或关系必败；必须结合真实行为、触发情境、反例与保护因素验证。,中高,待验证,,provisional=true,0.4
M4-OVERUSE-209,食伤→财用户输出模板,L3 五系统桥接与卡点,OVERUSE-桥接食伤→财,通用,输出,食伤,财星,K06或K03达到E1门槛。,没有起点、目标或独立证据。,由共享基础引擎提供；只修正功能承载、执行强度和压力反应，不直接等同有无主见。,由M1／M2接口提供；夫妻星只标注关系议题角色，不单独证明过用、不足或竞争。,由M3-BASE提供；日支底盘提高关系相关性，但不能单独建立失衡结论。,由M3及共享流向引擎提供；没有有效起点、转换和终点时，不得补写现实处理顺序。,由共享基础引擎判定；近位提高亲密关系相关性，远位降级为背景候选。,由共享基础引擎判定；根气主要修正重复调用能力，不等于现实中已经反复发生。,由共享基础引擎判定；强弱只修正调用强度与可用性，不直接等同功能质量。,喜忌只修正调用摩擦、平衡与承载，不直接等同好坏、成熟或道德品质。,原十神功能有效；真合化成立时按化神功能替换，合化争议时停止定性。,由共享基础引擎判定；近位提高进入关系核心的概率，远位只保留背景修正。,86,生成前半段＋下一步,report_template,把说清楚、理解和互动，转成时间、资源、分工与可持续行动。；当前候选为：讨论充分，却没有具体安排、行动人、时间点或后续复核。,你可能已经把问题说清楚，但关系是否改变，还要看它能否落到具体安排和持续行动。,不得仅凭本规则推出控制、冷战、讨好、攻击、依赖、花心、自私、欺骗、暴力、人格／依恋障碍、分手离婚或关系必败；必须结合真实行为、触发情境、反例与保护因素验证。,中高,待验证,,provisional=true,0.4
M4-OVERUSE-210,食伤→财停止与现实验证,L3 五系统桥接与卡点,OVERUSE-桥接食伤→财,通用,边界,食伤,财星,需要通过具体事件验证前一步是否完成、下一步何时缺位。,只有抽象命理流向或一次事件。,由共享基础引擎提供；只修正功能承载、执行强度和压力反应，不直接等同有无主见。,由M1／M2接口提供；夫妻星只标注关系议题角色，不单独证明过用、不足或竞争。,由M3-BASE提供；日支底盘提高关系相关性，但不能单独建立失衡结论。,由M3及共享流向引擎提供；没有有效起点、转换和终点时，不得补写现实处理顺序。,由共享基础引擎判定；近位提高亲密关系相关性，远位降级为背景候选。,由共享基础引擎判定；根气主要修正重复调用能力，不等于现实中已经反复发生。,由共享基础引擎判定；强弱只修正调用强度与可用性，不直接等同功能质量。,喜忌只修正调用摩擦、平衡与承载，不直接等同好坏、成熟或道德品质。,原十神功能有效；真合化成立时按化神功能替换，合化争议时停止定性。,由共享基础引擎判定；近位提高进入关系核心的概率，远位只保留背景修正。,91,低置信或停止,validation_needed,桥接链必须由现实过程验证，不能仅凭生克定时间线。,需要用具体事件确认：你完成了哪一步，下一步在何处没有发生。,不得仅凭本规则推出控制、冷战、讨好、攻击、依赖、花心、自私、欺骗、暴力、人格／依恋障碍、分手离婚或关系必败；必须结合真实行为、触发情境、反例与保护因素验证。,中高,待验证,,provisional=true,0.4
M4-OVERUSE-211,财→官杀链定义｜现实投入→责任承诺与规则,L3 五系统桥接与卡点,OVERUSE-桥接财→官杀,通用,定义,财星,官杀,财星与官杀均为当前任务所需。,只有五行生助、没有功能证据。,由共享基础引擎提供；只修正功能承载、执行强度和压力反应，不直接等同有无主见。,由M1／M2接口提供；夫妻星只标注关系议题角色，不单独证明过用、不足或竞争。,由M3-BASE提供；日支底盘提高关系相关性，但不能单独建立失衡结论。,由M3及共享流向引擎提供；没有有效起点、转换和终点时，不得补写现实处理顺序。,由共享基础引擎判定；近位提高亲密关系相关性，远位降级为背景候选。,由共享基础引擎判定；根气主要修正重复调用能力，不等于现实中已经反复发生。,由共享基础引擎判定；强弱只修正调用强度与可用性，不直接等同功能质量。,喜忌只修正调用摩擦、平衡与承载，不直接等同好坏、成熟或道德品质。,原十神功能有效；真合化成立时按化神功能替换，合化争议时停止定性。,由共享基础引擎判定；近位提高进入关系核心的概率，远位只保留背景修正。,88,建立桥接链,flow_path,把时间资源和现实投入，转成清楚责任、角色、承诺和复核机制。,你可能已经投入很多，但下一步是把投入转成双方都清楚的责任和承诺。,不得仅凭本规则推出控制、冷战、讨好、攻击、依赖、花心、自私、欺骗、暴力、人格／依恋障碍、分手离婚或关系必败；必须结合真实行为、触发情境、反例与保护因素验证。,中高,待验证,,provisional=true,0.4
M4-OVERUSE-212,财→官杀起点有效｜财星,L3 五系统桥接与卡点,OVERUSE-桥接财→官杀,通用,功能来源,财星,官杀,财星功能有有效M3来源。,财星基础状态停止或真合化替换。,由共享基础引擎提供；只修正功能承载、执行强度和压力反应，不直接等同有无主见。,由M1／M2接口提供；夫妻星只标注关系议题角色，不单独证明过用、不足或竞争。,由M3-BASE提供；日支底盘提高关系相关性，但不能单独建立失衡结论。,由M3及共享流向引擎提供；没有有效起点、转换和终点时，不得补写现实处理顺序。,由共享基础引擎判定；近位提高亲密关系相关性，远位降级为背景候选。,由共享基础引擎判定；根气主要修正重复调用能力，不等于现实中已经反复发生。,由共享基础引擎判定；强弱只修正调用强度与可用性，不直接等同功能质量。,喜忌只修正调用摩擦、平衡与承载，不直接等同好坏、成熟或道德品质。,原十神功能有效；真合化成立时按化神功能替换，合化争议时停止定性。,由共享基础引擎判定；近位提高进入关系核心的概率，远位只保留背景修正。,84,+6起点,functional_origin,桥接必须从有效的财星功能开始。,先确认前一步确实已经完成：财星功能能够被调用。,不得仅凭本规则推出控制、冷战、讨好、攻击、依赖、花心、自私、欺骗、暴力、人格／依恋障碍、分手离婚或关系必败；必须结合真实行为、触发情境、反例与保护因素验证。,中高,待验证,,provisional=true,0.4
M4-OVERUSE-213,财→官杀目标必要｜官杀,L3 五系统桥接与卡点,OVERUSE-桥接财→官杀,通用,目标门控,财星,官杀,当前关系任务确实需要官杀完成下一步。,官杀不是必要任务或已有另一稳定路径。,由共享基础引擎提供；只修正功能承载、执行强度和压力反应，不直接等同有无主见。,由M1／M2接口提供；夫妻星只标注关系议题角色，不单独证明过用、不足或竞争。,由M3-BASE提供；日支底盘提高关系相关性，但不能单独建立失衡结论。,由M3及共享流向引擎提供；没有有效起点、转换和终点时，不得补写现实处理顺序。,由共享基础引擎判定；近位提高亲密关系相关性，远位降级为背景候选。,由共享基础引擎判定；根气主要修正重复调用能力，不等于现实中已经反复发生。,由共享基础引擎判定；强弱只修正调用强度与可用性，不直接等同功能质量。,喜忌只修正调用摩擦、平衡与承载，不直接等同好坏、成熟或道德品质。,原十神功能有效；真合化成立时按化神功能替换，合化争议时停止定性。,由共享基础引擎判定；近位提高进入关系核心的概率，远位只保留背景修正。,84,+6目标必要性,missing_function,没有目标必要性，不能建立财→官杀卡点。,只有当关系确实需要官杀时，才需要判断转换是否受阻。,不得仅凭本规则推出控制、冷战、讨好、攻击、依赖、花心、自私、欺骗、暴力、人格／依恋障碍、分手离婚或关系必败；必须结合真实行为、触发情境、反例与保护因素验证。,中高,待验证,,provisional=true,0.4
M4-OVERUSE-214,财→官杀K06卡点候选,L3 五系统桥接与卡点,OVERUSE-桥接财→官杀,通用,流向卡点,财星,官杀,起点有效；目标必要；转换没有完成。,目标已稳定进入，或现实反例显示转换顺畅。,由共享基础引擎提供；只修正功能承载、执行强度和压力反应，不直接等同有无主见。,由M1／M2接口提供；夫妻星只标注关系议题角色，不单独证明过用、不足或竞争。,由M3-BASE提供；日支底盘提高关系相关性，但不能单独建立失衡结论。,由M3及共享流向引擎提供；没有有效起点、转换和终点时，不得补写现实处理顺序。,由共享基础引擎判定；近位提高亲密关系相关性，远位降级为背景候选。,由共享基础引擎判定；根气主要修正重复调用能力，不等于现实中已经反复发生。,由共享基础引擎判定；强弱只修正调用强度与可用性，不直接等同功能质量。,喜忌只修正调用摩擦、平衡与承载，不直接等同好坏、成熟或道德品质。,原十神功能有效；真合化成立时按化神功能替换，合化争议时停止定性。,由共享基础引擎判定；近位提高进入关系核心的概率，远位只保留背景修正。,86,+10卡点,flow_block,做了很多，却没有说清谁负责什么、关系处于什么位置、如何持续。,你可能已经投入很多，但下一步是把投入转成双方都清楚的责任和承诺。,不得仅凭本规则推出控制、冷战、讨好、攻击、依赖、花心、自私、欺骗、暴力、人格／依恋障碍、分手离婚或关系必败；必须结合真实行为、触发情境、反例与保护因素验证。,中高,待验证,,provisional=true,0.4
M4-OVERUSE-215,财→官杀K03替代候选,L3 五系统桥接与卡点,OVERUSE-桥接财→官杀,通用,替代候选,财星,官杀,财星被反复用来代替官杀的任务。,官杀已经独立完成。,由共享基础引擎提供；只修正功能承载、执行强度和压力反应，不直接等同有无主见。,由M1／M2接口提供；夫妻星只标注关系议题角色，不单独证明过用、不足或竞争。,由M3-BASE提供；日支底盘提高关系相关性，但不能单独建立失衡结论。,由M3及共享流向引擎提供；没有有效起点、转换和终点时，不得补写现实处理顺序。,由共享基础引擎判定；近位提高亲密关系相关性，远位降级为背景候选。,由共享基础引擎判定；根气主要修正重复调用能力，不等于现实中已经反复发生。,由共享基础引擎判定；强弱只修正调用强度与可用性，不直接等同功能质量。,喜忌只修正调用摩擦、平衡与承载，不直接等同好坏、成熟或道德品质。,原十神功能有效；真合化成立时按化神功能替换，合化争议时停止定性。,由共享基础引擎判定；近位提高进入关系核心的概率，远位只保留背景修正。,82,+8替代,substitute_function,财星不能自动代替官杀。,前一步有价值，但不能替代下一步：把时间资源和现实投入，转成清楚责任、角色、承诺和复核机制。,不得仅凭本规则推出控制、冷战、讨好、攻击、依赖、花心、自私、欺骗、暴力、人格／依恋障碍、分手离婚或关系必败；必须结合真实行为、触发情境、反例与保护因素验证。,中高,待验证,,provisional=true,0.4
M4-OVERUSE-216,财→官杀K04顺序错位,L3 五系统桥接与卡点,OVERUSE-桥接财→官杀,通用,顺序候选,财星,官杀,两项均有效，但官杀进入过晚或没有回归节点。,该情境本来就需要起点先行，且目标随后及时进入。,由共享基础引擎提供；只修正功能承载、执行强度和压力反应，不直接等同有无主见。,由M1／M2接口提供；夫妻星只标注关系议题角色，不单独证明过用、不足或竞争。,由M3-BASE提供；日支底盘提高关系相关性，但不能单独建立失衡结论。,由M3及共享流向引擎提供；没有有效起点、转换和终点时，不得补写现实处理顺序。,由共享基础引擎判定；近位提高亲密关系相关性，远位降级为背景候选。,由共享基础引擎判定；根气主要修正重复调用能力，不等于现实中已经反复发生。,由共享基础引擎判定；强弱只修正调用强度与可用性，不直接等同功能质量。,喜忌只修正调用摩擦、平衡与承载，不直接等同好坏、成熟或道德品质。,原十神功能有效；真合化成立时按化神功能替换，合化争议时停止定性。,由共享基础引擎判定；近位提高进入关系核心的概率，远位只保留背景修正。,80,+8顺序,sequence_pattern,官杀功能弱、模糊或被投入感替代。,顺序本身不一定有问题，关键是下一步有没有回来。你可能已经投入很多，但下一步是把投入转成双方都清楚的责任和承诺。,不得仅凭本规则推出控制、冷战、讨好、攻击、依赖、花心、自私、欺骗、暴力、人格／依恋障碍、分手离婚或关系必败；必须结合真实行为、触发情境、反例与保护因素验证。,中高,待验证,,provisional=true,0.4
M4-OVERUSE-217,财→官杀K01源头过用,L3 五系统桥接与卡点,OVERUSE-桥接财→官杀,通用,过用候选,财星,官杀,财星持续占位并压缩官杀。,财星只是熟练且官杀仍按需进入。,由共享基础引擎提供；只修正功能承载、执行强度和压力反应，不直接等同有无主见。,由M1／M2接口提供；夫妻星只标注关系议题角色，不单独证明过用、不足或竞争。,由M3-BASE提供；日支底盘提高关系相关性，但不能单独建立失衡结论。,由M3及共享流向引擎提供；没有有效起点、转换和终点时，不得补写现实处理顺序。,由共享基础引擎判定；近位提高亲密关系相关性，远位降级为背景候选。,由共享基础引擎判定；根气主要修正重复调用能力，不等于现实中已经反复发生。,由共享基础引擎判定；强弱只修正调用强度与可用性，不直接等同功能质量。,喜忌只修正调用摩擦、平衡与承载，不直接等同好坏、成熟或道德品质。,原十神功能有效；真合化成立时按化神功能替换，合化争议时停止定性。,由共享基础引擎判定；近位提高进入关系核心的概率，远位只保留背景修正。,79,+8源头过用,imbalance_mechanism,财星过用会让链条停在前一步。,你可能已经投入很多，但下一步是把投入转成双方都清楚的责任和承诺。,不得仅凭本规则推出控制、冷战、讨好、攻击、依赖、花心、自私、欺骗、暴力、人格／依恋障碍、分手离婚或关系必败；必须结合真实行为、触发情境、反例与保护因素验证。,中高,待验证,,provisional=true,0.4
M4-OVERUSE-218,财→官杀桥接与保护,L3 五系统桥接与卡点,OVERUSE-桥接财→官杀,通用,保护,财星,官杀,存在独立桥接功能和现实执行。,保护因素同源重复或只停留在口头。,由共享基础引擎提供；只修正功能承载、执行强度和压力反应，不直接等同有无主见。,由M1／M2接口提供；夫妻星只标注关系议题角色，不单独证明过用、不足或竞争。,由M3-BASE提供；日支底盘提高关系相关性，但不能单独建立失衡结论。,由M3及共享流向引擎提供；没有有效起点、转换和终点时，不得补写现实处理顺序。,由共享基础引擎判定；近位提高亲密关系相关性，远位降级为背景候选。,由共享基础引擎判定；根气主要修正重复调用能力，不等于现实中已经反复发生。,由共享基础引擎判定；强弱只修正调用强度与可用性，不直接等同功能质量。,喜忌只修正调用摩擦、平衡与承载，不直接等同好坏、成熟或道德品质。,原十神功能有效；真合化成立时按化神功能替换，合化争议时停止定性。,由共享基础引擎判定；近位提高进入关系核心的概率，远位只保留背景修正。,87,-8至-12,buffer_factor,正官明确规则和分工，七杀负责关键推进，比劫保留共同决定。,如果以下桥接稳定存在，转换受阻会明显减弱：正官明确规则和分工，七杀负责关键推进，比劫保留共同决定。,不得仅凭本规则推出控制、冷战、讨好、攻击、依赖、花心、自私、欺骗、暴力、人格／依恋障碍、分手离婚或关系必败；必须结合真实行为、触发情境、反例与保护因素验证。,中高,待验证,,provisional=true,0.4
M4-OVERUSE-219,财→官杀用户输出模板,L3 五系统桥接与卡点,OVERUSE-桥接财→官杀,通用,输出,财星,官杀,K06或K03达到E1门槛。,没有起点、目标或独立证据。,由共享基础引擎提供；只修正功能承载、执行强度和压力反应，不直接等同有无主见。,由M1／M2接口提供；夫妻星只标注关系议题角色，不单独证明过用、不足或竞争。,由M3-BASE提供；日支底盘提高关系相关性，但不能单独建立失衡结论。,由M3及共享流向引擎提供；没有有效起点、转换和终点时，不得补写现实处理顺序。,由共享基础引擎判定；近位提高亲密关系相关性，远位降级为背景候选。,由共享基础引擎判定；根气主要修正重复调用能力，不等于现实中已经反复发生。,由共享基础引擎判定；强弱只修正调用强度与可用性，不直接等同功能质量。,喜忌只修正调用摩擦、平衡与承载，不直接等同好坏、成熟或道德品质。,原十神功能有效；真合化成立时按化神功能替换，合化争议时停止定性。,由共享基础引擎判定；近位提高进入关系核心的概率，远位只保留背景修正。,86,生成前半段＋下一步,report_template,把时间资源和现实投入，转成清楚责任、角色、承诺和复核机制。；当前候选为：做了很多，却没有说清谁负责什么、关系处于什么位置、如何持续。,你可能已经投入很多，但下一步是把投入转成双方都清楚的责任和承诺。,不得仅凭本规则推出控制、冷战、讨好、攻击、依赖、花心、自私、欺骗、暴力、人格／依恋障碍、分手离婚或关系必败；必须结合真实行为、触发情境、反例与保护因素验证。,中高,待验证,,provisional=true,0.4
M4-OVERUSE-220,财→官杀停止与现实验证,L3 五系统桥接与卡点,OVERUSE-桥接财→官杀,通用,边界,财星,官杀,需要通过具体事件验证前一步是否完成、下一步何时缺位。,只有抽象命理流向或一次事件。,由共享基础引擎提供；只修正功能承载、执行强度和压力反应，不直接等同有无主见。,由M1／M2接口提供；夫妻星只标注关系议题角色，不单独证明过用、不足或竞争。,由M3-BASE提供；日支底盘提高关系相关性，但不能单独建立失衡结论。,由M3及共享流向引擎提供；没有有效起点、转换和终点时，不得补写现实处理顺序。,由共享基础引擎判定；近位提高亲密关系相关性，远位降级为背景候选。,由共享基础引擎判定；根气主要修正重复调用能力，不等于现实中已经反复发生。,由共享基础引擎判定；强弱只修正调用强度与可用性，不直接等同功能质量。,喜忌只修正调用摩擦、平衡与承载，不直接等同好坏、成熟或道德品质。,原十神功能有效；真合化成立时按化神功能替换，合化争议时停止定性。,由共享基础引擎判定；近位提高进入关系核心的概率，远位只保留背景修正。,91,低置信或停止,validation_needed,桥接链必须由现实过程验证，不能仅凭生克定时间线。,需要用具体事件确认：你完成了哪一步，下一步在何处没有发生。,不得仅凭本规则推出控制、冷战、讨好、攻击、依赖、花心、自私、欺骗、暴力、人格／依恋障碍、分手离婚或关系必败；必须结合真实行为、触发情境、反例与保护因素验证。,中高,待验证,,provisional=true,0.4
M4-OVERUSE-221,官杀→印链定义｜行动结案→理解安全与开放恢复,L3 五系统桥接与卡点,OVERUSE-桥接官杀→印,通用,定义,官杀,印星,官杀与印星均为当前任务所需。,只有五行生助、没有功能证据。,由共享基础引擎提供；只修正功能承载、执行强度和压力反应，不直接等同有无主见。,由M1／M2接口提供；夫妻星只标注关系议题角色，不单独证明过用、不足或竞争。,由M3-BASE提供；日支底盘提高关系相关性，但不能单独建立失衡结论。,由M3及共享流向引擎提供；没有有效起点、转换和终点时，不得补写现实处理顺序。,由共享基础引擎判定；近位提高亲密关系相关性，远位降级为背景候选。,由共享基础引擎判定；根气主要修正重复调用能力，不等于现实中已经反复发生。,由共享基础引擎判定；强弱只修正调用强度与可用性，不直接等同功能质量。,喜忌只修正调用摩擦、平衡与承载，不直接等同好坏、成熟或道德品质。,原十神功能有效；真合化成立时按化神功能替换，合化争议时停止定性。,由共享基础引擎判定；近位提高进入关系核心的概率，远位只保留背景修正。,88,建立桥接链,flow_path,问题被处理、规则被落实后，再恢复理解、安全、情绪承接和关系开放。,你可能已经把事情处理完，但关系是否真正恢复，还要看理解和安全有没有回来。,不得仅凭本规则推出控制、冷战、讨好、攻击、依赖、花心、自私、欺骗、暴力、人格／依恋障碍、分手离婚或关系必败；必须结合真实行为、触发情境、反例与保护因素验证。,中高,待验证,,provisional=true,0.4
M4-OVERUSE-222,官杀→印起点有效｜官杀,L3 五系统桥接与卡点,OVERUSE-桥接官杀→印,通用,功能来源,官杀,印星,官杀功能有有效M3来源。,官杀基础状态停止或真合化替换。,由共享基础引擎提供；只修正功能承载、执行强度和压力反应，不直接等同有无主见。,由M1／M2接口提供；夫妻星只标注关系议题角色，不单独证明过用、不足或竞争。,由M3-BASE提供；日支底盘提高关系相关性，但不能单独建立失衡结论。,由M3及共享流向引擎提供；没有有效起点、转换和终点时，不得补写现实处理顺序。,由共享基础引擎判定；近位提高亲密关系相关性，远位降级为背景候选。,由共享基础引擎判定；根气主要修正重复调用能力，不等于现实中已经反复发生。,由共享基础引擎判定；强弱只修正调用强度与可用性，不直接等同功能质量。,喜忌只修正调用摩擦、平衡与承载，不直接等同好坏、成熟或道德品质。,原十神功能有效；真合化成立时按化神功能替换，合化争议时停止定性。,由共享基础引擎判定；近位提高进入关系核心的概率，远位只保留背景修正。,84,+6起点,functional_origin,桥接必须从有效的官杀功能开始。,先确认前一步确实已经完成：官杀功能能够被调用。,不得仅凭本规则推出控制、冷战、讨好、攻击、依赖、花心、自私、欺骗、暴力、人格／依恋障碍、分手离婚或关系必败；必须结合真实行为、触发情境、反例与保护因素验证。,中高,待验证,,provisional=true,0.4
M4-OVERUSE-223,官杀→印目标必要｜印星,L3 五系统桥接与卡点,OVERUSE-桥接官杀→印,通用,目标门控,官杀,印星,当前关系任务确实需要印星完成下一步。,印星不是必要任务或已有另一稳定路径。,由共享基础引擎提供；只修正功能承载、执行强度和压力反应，不直接等同有无主见。,由M1／M2接口提供；夫妻星只标注关系议题角色，不单独证明过用、不足或竞争。,由M3-BASE提供；日支底盘提高关系相关性，但不能单独建立失衡结论。,由M3及共享流向引擎提供；没有有效起点、转换和终点时，不得补写现实处理顺序。,由共享基础引擎判定；近位提高亲密关系相关性，远位降级为背景候选。,由共享基础引擎判定；根气主要修正重复调用能力，不等于现实中已经反复发生。,由共享基础引擎判定；强弱只修正调用强度与可用性，不直接等同功能质量。,喜忌只修正调用摩擦、平衡与承载，不直接等同好坏、成熟或道德品质。,原十神功能有效；真合化成立时按化神功能替换，合化争议时停止定性。,由共享基础引擎判定；近位提高进入关系核心的概率，远位只保留背景修正。,84,+6目标必要性,missing_function,没有目标必要性，不能建立官杀→印卡点。,只有当关系确实需要印星时，才需要判断转换是否受阻。,不得仅凭本规则推出控制、冷战、讨好、攻击、依赖、花心、自私、欺骗、暴力、人格／依恋障碍、分手离婚或关系必败；必须结合真实行为、触发情境、反例与保护因素验证。,中高,待验证,,provisional=true,0.4
M4-OVERUSE-224,官杀→印K06卡点候选,L3 五系统桥接与卡点,OVERUSE-桥接官杀→印,通用,流向卡点,官杀,印星,起点有效；目标必要；转换没有完成。,目标已稳定进入，或现实反例显示转换顺畅。,由共享基础引擎提供；只修正功能承载、执行强度和压力反应，不直接等同有无主见。,由M1／M2接口提供；夫妻星只标注关系议题角色，不单独证明过用、不足或竞争。,由M3-BASE提供；日支底盘提高关系相关性，但不能单独建立失衡结论。,由M3及共享流向引擎提供；没有有效起点、转换和终点时，不得补写现实处理顺序。,由共享基础引擎判定；近位提高亲密关系相关性，远位降级为背景候选。,由共享基础引擎判定；根气主要修正重复调用能力，不等于现实中已经反复发生。,由共享基础引擎判定；强弱只修正调用强度与可用性，不直接等同功能质量。,喜忌只修正调用摩擦、平衡与承载，不直接等同好坏、成熟或道德品质。,原十神功能有效；真合化成立时按化神功能替换，合化争议时停止定性。,由共享基础引擎判定；近位提高进入关系核心的概率，远位只保留背景修正。,86,+10卡点,flow_block,事情解决了，但双方感受、意义和信任没有回流。,你可能已经把事情处理完，但关系是否真正恢复，还要看理解和安全有没有回来。,不得仅凭本规则推出控制、冷战、讨好、攻击、依赖、花心、自私、欺骗、暴力、人格／依恋障碍、分手离婚或关系必败；必须结合真实行为、触发情境、反例与保护因素验证。,中高,待验证,,provisional=true,0.4
M4-OVERUSE-225,官杀→印K03替代候选,L3 五系统桥接与卡点,OVERUSE-桥接官杀→印,通用,替代候选,官杀,印星,官杀被反复用来代替印星的任务。,印星已经独立完成。,由共享基础引擎提供；只修正功能承载、执行强度和压力反应，不直接等同有无主见。,由M1／M2接口提供；夫妻星只标注关系议题角色，不单独证明过用、不足或竞争。,由M3-BASE提供；日支底盘提高关系相关性，但不能单独建立失衡结论。,由M3及共享流向引擎提供；没有有效起点、转换和终点时，不得补写现实处理顺序。,由共享基础引擎判定；近位提高亲密关系相关性，远位降级为背景候选。,由共享基础引擎判定；根气主要修正重复调用能力，不等于现实中已经反复发生。,由共享基础引擎判定；强弱只修正调用强度与可用性，不直接等同功能质量。,喜忌只修正调用摩擦、平衡与承载，不直接等同好坏、成熟或道德品质。,原十神功能有效；真合化成立时按化神功能替换，合化争议时停止定性。,由共享基础引擎判定；近位提高进入关系核心的概率，远位只保留背景修正。,82,+8替代,substitute_function,官杀不能自动代替印星。,前一步有价值，但不能替代下一步：问题被处理、规则被落实后，再恢复理解、安全、情绪承接和关系开放。,不得仅凭本规则推出控制、冷战、讨好、攻击、依赖、花心、自私、欺骗、暴力、人格／依恋障碍、分手离婚或关系必败；必须结合真实行为、触发情境、反例与保护因素验证。,中高,待验证,,provisional=true,0.4
M4-OVERUSE-226,官杀→印K04顺序错位,L3 五系统桥接与卡点,OVERUSE-桥接官杀→印,通用,顺序候选,官杀,印星,两项均有效，但印星进入过晚或没有回归节点。,该情境本来就需要起点先行，且目标随后及时进入。,由共享基础引擎提供；只修正功能承载、执行强度和压力反应，不直接等同有无主见。,由M1／M2接口提供；夫妻星只标注关系议题角色，不单独证明过用、不足或竞争。,由M3-BASE提供；日支底盘提高关系相关性，但不能单独建立失衡结论。,由M3及共享流向引擎提供；没有有效起点、转换和终点时，不得补写现实处理顺序。,由共享基础引擎判定；近位提高亲密关系相关性，远位降级为背景候选。,由共享基础引擎判定；根气主要修正重复调用能力，不等于现实中已经反复发生。,由共享基础引擎判定；强弱只修正调用强度与可用性，不直接等同功能质量。,喜忌只修正调用摩擦、平衡与承载，不直接等同好坏、成熟或道德品质。,原十神功能有效；真合化成立时按化神功能替换，合化争议时停止定性。,由共享基础引擎判定；近位提高进入关系核心的概率，远位只保留背景修正。,80,+8顺序,sequence_pattern,印星进入过晚、被行动取代或缺少修复步骤。,顺序本身不一定有问题，关键是下一步有没有回来。你可能已经把事情处理完，但关系是否真正恢复，还要看理解和安全有没有回来。,不得仅凭本规则推出控制、冷战、讨好、攻击、依赖、花心、自私、欺骗、暴力、人格／依恋障碍、分手离婚或关系必败；必须结合真实行为、触发情境、反例与保护因素验证。,中高,待验证,,provisional=true,0.4
M4-OVERUSE-227,官杀→印K01源头过用,L3 五系统桥接与卡点,OVERUSE-桥接官杀→印,通用,过用候选,官杀,印星,官杀持续占位并压缩印星。,官杀只是熟练且印星仍按需进入。,由共享基础引擎提供；只修正功能承载、执行强度和压力反应，不直接等同有无主见。,由M1／M2接口提供；夫妻星只标注关系议题角色，不单独证明过用、不足或竞争。,由M3-BASE提供；日支底盘提高关系相关性，但不能单独建立失衡结论。,由M3及共享流向引擎提供；没有有效起点、转换和终点时，不得补写现实处理顺序。,由共享基础引擎判定；近位提高亲密关系相关性，远位降级为背景候选。,由共享基础引擎判定；根气主要修正重复调用能力，不等于现实中已经反复发生。,由共享基础引擎判定；强弱只修正调用强度与可用性，不直接等同功能质量。,喜忌只修正调用摩擦、平衡与承载，不直接等同好坏、成熟或道德品质。,原十神功能有效；真合化成立时按化神功能替换，合化争议时停止定性。,由共享基础引擎判定；近位提高进入关系核心的概率，远位只保留背景修正。,79,+8源头过用,imbalance_mechanism,官杀过用会让链条停在前一步。,你可能已经把事情处理完，但关系是否真正恢复，还要看理解和安全有没有回来。,不得仅凭本规则推出控制、冷战、讨好、攻击、依赖、花心、自私、欺骗、暴力、人格／依恋障碍、分手离婚或关系必败；必须结合真实行为、触发情境、反例与保护因素验证。,中高,待验证,,provisional=true,0.4
M4-OVERUSE-228,官杀→印桥接与保护,L3 五系统桥接与卡点,OVERUSE-桥接官杀→印,通用,保护,官杀,印星,存在独立桥接功能和现实执行。,保护因素同源重复或只停留在口头。,由共享基础引擎提供；只修正功能承载、执行强度和压力反应，不直接等同有无主见。,由M1／M2接口提供；夫妻星只标注关系议题角色，不单独证明过用、不足或竞争。,由M3-BASE提供；日支底盘提高关系相关性，但不能单独建立失衡结论。,由M3及共享流向引擎提供；没有有效起点、转换和终点时，不得补写现实处理顺序。,由共享基础引擎判定；近位提高亲密关系相关性，远位降级为背景候选。,由共享基础引擎判定；根气主要修正重复调用能力，不等于现实中已经反复发生。,由共享基础引擎判定；强弱只修正调用强度与可用性，不直接等同功能质量。,喜忌只修正调用摩擦、平衡与承载，不直接等同好坏、成熟或道德品质。,原十神功能有效；真合化成立时按化神功能替换，合化争议时停止定性。,由共享基础引擎判定；近位提高进入关系核心的概率，远位只保留背景修正。,87,-8至-12,buffer_factor,正印倾听与承接，偏印整理复杂信息，食神降低强度，并设置回流节点。,如果以下桥接稳定存在，转换受阻会明显减弱：正印倾听与承接，偏印整理复杂信息，食神降低强度，并设置回流节点。,不得仅凭本规则推出控制、冷战、讨好、攻击、依赖、花心、自私、欺骗、暴力、人格／依恋障碍、分手离婚或关系必败；必须结合真实行为、触发情境、反例与保护因素验证。,中高,待验证,,provisional=true,0.4
M4-OVERUSE-229,官杀→印用户输出模板,L3 五系统桥接与卡点,OVERUSE-桥接官杀→印,通用,输出,官杀,印星,K06或K03达到E1门槛。,没有起点、目标或独立证据。,由共享基础引擎提供；只修正功能承载、执行强度和压力反应，不直接等同有无主见。,由M1／M2接口提供；夫妻星只标注关系议题角色，不单独证明过用、不足或竞争。,由M3-BASE提供；日支底盘提高关系相关性，但不能单独建立失衡结论。,由M3及共享流向引擎提供；没有有效起点、转换和终点时，不得补写现实处理顺序。,由共享基础引擎判定；近位提高亲密关系相关性，远位降级为背景候选。,由共享基础引擎判定；根气主要修正重复调用能力，不等于现实中已经反复发生。,由共享基础引擎判定；强弱只修正调用强度与可用性，不直接等同功能质量。,喜忌只修正调用摩擦、平衡与承载，不直接等同好坏、成熟或道德品质。,原十神功能有效；真合化成立时按化神功能替换，合化争议时停止定性。,由共享基础引擎判定；近位提高进入关系核心的概率，远位只保留背景修正。,86,生成前半段＋下一步,report_template,问题被处理、规则被落实后，再恢复理解、安全、情绪承接和关系开放。；当前候选为：事情解决了，但双方感受、意义和信任没有回流。,你可能已经把事情处理完，但关系是否真正恢复，还要看理解和安全有没有回来。,不得仅凭本规则推出控制、冷战、讨好、攻击、依赖、花心、自私、欺骗、暴力、人格／依恋障碍、分手离婚或关系必败；必须结合真实行为、触发情境、反例与保护因素验证。,中高,待验证,,provisional=true,0.4
M4-OVERUSE-230,官杀→印停止与现实验证,L3 五系统桥接与卡点,OVERUSE-桥接官杀→印,通用,边界,官杀,印星,需要通过具体事件验证前一步是否完成、下一步何时缺位。,只有抽象命理流向或一次事件。,由共享基础引擎提供；只修正功能承载、执行强度和压力反应，不直接等同有无主见。,由M1／M2接口提供；夫妻星只标注关系议题角色，不单独证明过用、不足或竞争。,由M3-BASE提供；日支底盘提高关系相关性，但不能单独建立失衡结论。,由M3及共享流向引擎提供；没有有效起点、转换和终点时，不得补写现实处理顺序。,由共享基础引擎判定；近位提高亲密关系相关性，远位降级为背景候选。,由共享基础引擎判定；根气主要修正重复调用能力，不等于现实中已经反复发生。,由共享基础引擎判定；强弱只修正调用强度与可用性，不直接等同功能质量。,喜忌只修正调用摩擦、平衡与承载，不直接等同好坏、成熟或道德品质。,原十神功能有效；真合化成立时按化神功能替换，合化争议时停止定性。,由共享基础引擎判定；近位提高进入关系核心的概率，远位只保留背景修正。,91,低置信或停止,validation_needed,桥接链必须由现实过程验证，不能仅凭生克定时间线。,需要用具体事件确认：你完成了哪一步，下一步在何处没有发生。,不得仅凭本规则推出控制、冷战、讨好、攻击、依赖、花心、自私、欺骗、暴力、人格／依恋障碍、分手离婚或关系必败；必须结合真实行为、触发情境、反例与保护因素验证。,中高,待验证,,provisional=true,0.4
M4-OVERUSE-231,比劫×食伤竞争定义｜自主立场与表达协商,L4 双通道竞争,OVERUSE-竞争比劫×食伤,通用,竞争定义,比劫,食伤,比劫与食伤均有独立有效来源，并在同一关系任务中争夺主导。,一项只是背景、两项同义或已稳定分工。,由共享基础引擎提供；只修正功能承载、执行强度和压力反应，不直接等同有无主见。,由M1／M2接口提供；夫妻星只标注关系议题角色，不单独证明过用、不足或竞争。,由M3-BASE提供；日支底盘提高关系相关性，但不能单独建立失衡结论。,由M3及共享流向引擎提供；没有有效起点、转换和终点时，不得补写现实处理顺序。,由共享基础引擎判定；近位提高亲密关系相关性，远位降级为背景候选。,由共享基础引擎判定；根气主要修正重复调用能力，不等于现实中已经反复发生。,由共享基础引擎判定；强弱只修正调用强度与可用性，不直接等同功能质量。,喜忌只修正调用摩擦、平衡与承载，不直接等同好坏、成熟或道德品质。,原十神功能有效；真合化成立时按化神功能替换，合化争议时停止定性。,由共享基础引擎判定；近位提高进入关系核心的概率，远位只保留背景修正。,83,+8竞争结构,competition_pattern,一边需要先守住立场，一边需要把信息说开；若缺少顺序，可能变成反复表态或反复解释。,一边需要先守住立场，一边需要把信息说开；若缺少顺序，可能变成反复表态或反复解释。,不得仅凭本规则推出控制、冷战、讨好、攻击、依赖、花心、自私、欺骗、暴力、人格／依恋障碍、分手离婚或关系必败；必须结合真实行为、触发情境、反例与保护因素验证。,中,待验证,,provisional=true,0.4
M4-OVERUSE-232,比劫×食伤触发与表现,L4 双通道竞争,OVERUSE-竞争比劫×食伤,通用,触发,比劫,食伤,对应任务同时要求比劫与食伤，且缺少清楚先后或角色分工。,现实中能够自然并行。,由共享基础引擎提供；只修正功能承载、执行强度和压力反应，不直接等同有无主见。,由M1／M2接口提供；夫妻星只标注关系议题角色，不单独证明过用、不足或竞争。,由M3-BASE提供；日支底盘提高关系相关性，但不能单独建立失衡结论。,由M3及共享流向引擎提供；没有有效起点、转换和终点时，不得补写现实处理顺序。,由共享基础引擎判定；近位提高亲密关系相关性，远位降级为背景候选。,由共享基础引擎判定；根气主要修正重复调用能力，不等于现实中已经反复发生。,由共享基础引擎判定；强弱只修正调用强度与可用性，不直接等同功能质量。,喜忌只修正调用摩擦、平衡与承载，不直接等同好坏、成熟或道德品质。,原十神功能有效；真合化成立时按化神功能替换，合化争议时停止定性。,由共享基础引擎判定；近位提高进入关系核心的概率，远位只保留背景修正。,79,+6触发；可升级E2,activation_trigger,一边需要先守住立场，一边需要把信息说开；若缺少顺序，可能变成反复表态或反复解释。,当两项任务同时被要求时，一边需要先守住立场，一边需要把信息说开；若缺少顺序，可能变成反复表态或反复解释。,不得仅凭本规则推出控制、冷战、讨好、攻击、依赖、花心、自私、欺骗、暴力、人格／依恋障碍、分手离婚或关系必败；必须结合真实行为、触发情境、反例与保护因素验证。,中,待验证,,provisional=true,0.4
M4-OVERUSE-233,比劫×食伤协调与保护,L4 双通道竞争,OVERUSE-竞争比劫×食伤,通用,保护,比劫,食伤,存在先后、分工、回流节点或共同复核。,保护只停留在理论，现实没有执行。,由共享基础引擎提供；只修正功能承载、执行强度和压力反应，不直接等同有无主见。,由M1／M2接口提供；夫妻星只标注关系议题角色，不单独证明过用、不足或竞争。,由M3-BASE提供；日支底盘提高关系相关性，但不能单独建立失衡结论。,由M3及共享流向引擎提供；没有有效起点、转换和终点时，不得补写现实处理顺序。,由共享基础引擎判定；近位提高亲密关系相关性，远位降级为背景候选。,由共享基础引擎判定；根气主要修正重复调用能力，不等于现实中已经反复发生。,由共享基础引擎判定；强弱只修正调用强度与可用性，不直接等同功能质量。,喜忌只修正调用摩擦、平衡与承载，不直接等同好坏、成熟或道德品质。,原十神功能有效；真合化成立时按化神功能替换，合化争议时停止定性。,由共享基础引擎判定；近位提高进入关系核心的概率，远位只保留背景修正。,86,-8至-12,buffer_factor,先确认底线，再用食伤表达可协商部分；或先听完信息，再确认边界。,较有效的调节方式是：先确认底线，再用食伤表达可协商部分；或先听完信息，再确认边界。,不得仅凭本规则推出控制、冷战、讨好、攻击、依赖、花心、自私、欺骗、暴力、人格／依恋障碍、分手离婚或关系必败；必须结合真实行为、触发情境、反例与保护因素验证。,中,待验证,,provisional=true,0.4
M4-OVERUSE-234,比劫×食伤用户输出与停止,L4 双通道竞争,OVERUSE-竞争比劫×食伤,通用,输出边界,比劫,食伤,两项均达到门槛、来源独立且竞争功能不同。,同源重复、主次明显、已有稳定协调或现实反例。,由共享基础引擎提供；只修正功能承载、执行强度和压力反应，不直接等同有无主见。,由M1／M2接口提供；夫妻星只标注关系议题角色，不单独证明过用、不足或竞争。,由M3-BASE提供；日支底盘提高关系相关性，但不能单独建立失衡结论。,由M3及共享流向引擎提供；没有有效起点、转换和终点时，不得补写现实处理顺序。,由共享基础引擎判定；近位提高亲密关系相关性，远位降级为背景候选。,由共享基础引擎判定；根气主要修正重复调用能力，不等于现实中已经反复发生。,由共享基础引擎判定；强弱只修正调用强度与可用性，不直接等同功能质量。,喜忌只修正调用摩擦、平衡与承载，不直接等同好坏、成熟或道德品质。,原十神功能有效；真合化成立时按化神功能替换，合化争议时停止定性。,由共享基础引擎判定；近位提高进入关系核心的概率，远位只保留背景修正。,87,输出一条竞争结构；否则收敛或停止,blindspot_summary,一边需要先守住立场，一边需要把信息说开；若缺少顺序，可能变成反复表态或反复解释。,你同时重视自主立场与表达协商。真正需要厘清的不是选哪一项，而是它们如何分工：先确认底线，再用食伤表达可协商部分；或先听完信息，再确认边界。,不得仅凭本规则推出控制、冷战、讨好、攻击、依赖、花心、自私、欺骗、暴力、人格／依恋障碍、分手离婚或关系必败；必须结合真实行为、触发情境、反例与保护因素验证。,中,待验证,,provisional=true,0.4
M4-OVERUSE-235,比劫×财星竞争定义｜自主边界与共享投入,L4 双通道竞争,OVERUSE-竞争比劫×财星,通用,竞争定义,比劫,财星,比劫与财星均有独立有效来源，并在同一关系任务中争夺主导。,一项只是背景、两项同义或已稳定分工。,由共享基础引擎提供；只修正功能承载、执行强度和压力反应，不直接等同有无主见。,由M1／M2接口提供；夫妻星只标注关系议题角色，不单独证明过用、不足或竞争。,由M3-BASE提供；日支底盘提高关系相关性，但不能单独建立失衡结论。,由M3及共享流向引擎提供；没有有效起点、转换和终点时，不得补写现实处理顺序。,由共享基础引擎判定；近位提高亲密关系相关性，远位降级为背景候选。,由共享基础引擎判定；根气主要修正重复调用能力，不等于现实中已经反复发生。,由共享基础引擎判定；强弱只修正调用强度与可用性，不直接等同功能质量。,喜忌只修正调用摩擦、平衡与承载，不直接等同好坏、成熟或道德品质。,原十神功能有效；真合化成立时按化神功能替换，合化争议时停止定性。,由共享基础引擎判定；近位提高进入关系核心的概率，远位只保留背景修正。,83,+8竞争结构,competition_pattern,一边强调个人权利和公平，一边需要共享时间资源；若无分工，容易在“要不要给、给多少、谁负责”之间拉扯。,一边强调个人权利和公平，一边需要共享时间资源；若无分工，容易在“要不要给、给多少、谁负责”之间拉扯。,不得仅凭本规则推出控制、冷战、讨好、攻击、依赖、花心、自私、欺骗、暴力、人格／依恋障碍、分手离婚或关系必败；必须结合真实行为、触发情境、反例与保护因素验证。,中,待验证,,provisional=true,0.4
M4-OVERUSE-236,比劫×财星触发与表现,L4 双通道竞争,OVERUSE-竞争比劫×财星,通用,触发,比劫,财星,对应任务同时要求比劫与财星，且缺少清楚先后或角色分工。,现实中能够自然并行。,由共享基础引擎提供；只修正功能承载、执行强度和压力反应，不直接等同有无主见。,由M1／M2接口提供；夫妻星只标注关系议题角色，不单独证明过用、不足或竞争。,由M3-BASE提供；日支底盘提高关系相关性，但不能单独建立失衡结论。,由M3及共享流向引擎提供；没有有效起点、转换和终点时，不得补写现实处理顺序。,由共享基础引擎判定；近位提高亲密关系相关性，远位降级为背景候选。,由共享基础引擎判定；根气主要修正重复调用能力，不等于现实中已经反复发生。,由共享基础引擎判定；强弱只修正调用强度与可用性，不直接等同功能质量。,喜忌只修正调用摩擦、平衡与承载，不直接等同好坏、成熟或道德品质。,原十神功能有效；真合化成立时按化神功能替换，合化争议时停止定性。,由共享基础引擎判定；近位提高进入关系核心的概率，远位只保留背景修正。,79,+6触发；可升级E2,activation_trigger,一边强调个人权利和公平，一边需要共享时间资源；若无分工，容易在“要不要给、给多少、谁负责”之间拉扯。,当两项任务同时被要求时，一边强调个人权利和公平，一边需要共享时间资源；若无分工，容易在“要不要给、给多少、谁负责”之间拉扯。,不得仅凭本规则推出控制、冷战、讨好、攻击、依赖、花心、自私、欺骗、暴力、人格／依恋障碍、分手离婚或关系必败；必须结合真实行为、触发情境、反例与保护因素验证。,中,待验证,,provisional=true,0.4
M4-OVERUSE-237,比劫×财星协调与保护,L4 双通道竞争,OVERUSE-竞争比劫×财星,通用,保护,比劫,财星,存在先后、分工、回流节点或共同复核。,保护只停留在理论，现实没有执行。,由共享基础引擎提供；只修正功能承载、执行强度和压力反应，不直接等同有无主见。,由M1／M2接口提供；夫妻星只标注关系议题角色，不单独证明过用、不足或竞争。,由M3-BASE提供；日支底盘提高关系相关性，但不能单独建立失衡结论。,由M3及共享流向引擎提供；没有有效起点、转换和终点时，不得补写现实处理顺序。,由共享基础引擎判定；近位提高亲密关系相关性，远位降级为背景候选。,由共享基础引擎判定；根气主要修正重复调用能力，不等于现实中已经反复发生。,由共享基础引擎判定；强弱只修正调用强度与可用性，不直接等同功能质量。,喜忌只修正调用摩擦、平衡与承载，不直接等同好坏、成熟或道德品质。,原十神功能有效；真合化成立时按化神功能替换，合化争议时停止定性。,由共享基础引擎判定；近位提高进入关系核心的概率，远位只保留背景修正。,86,-8至-12,buffer_factor,先谈资源边界和共同目标，再建立可持续分工。,较有效的调节方式是：先谈资源边界和共同目标，再建立可持续分工。,不得仅凭本规则推出控制、冷战、讨好、攻击、依赖、花心、自私、欺骗、暴力、人格／依恋障碍、分手离婚或关系必败；必须结合真实行为、触发情境、反例与保护因素验证。,中,待验证,,provisional=true,0.4
M4-OVERUSE-238,比劫×财星用户输出与停止,L4 双通道竞争,OVERUSE-竞争比劫×财星,通用,输出边界,比劫,财星,两项均达到门槛、来源独立且竞争功能不同。,同源重复、主次明显、已有稳定协调或现实反例。,由共享基础引擎提供；只修正功能承载、执行强度和压力反应，不直接等同有无主见。,由M1／M2接口提供；夫妻星只标注关系议题角色，不单独证明过用、不足或竞争。,由M3-BASE提供；日支底盘提高关系相关性，但不能单独建立失衡结论。,由M3及共享流向引擎提供；没有有效起点、转换和终点时，不得补写现实处理顺序。,由共享基础引擎判定；近位提高亲密关系相关性，远位降级为背景候选。,由共享基础引擎判定；根气主要修正重复调用能力，不等于现实中已经反复发生。,由共享基础引擎判定；强弱只修正调用强度与可用性，不直接等同功能质量。,喜忌只修正调用摩擦、平衡与承载，不直接等同好坏、成熟或道德品质。,原十神功能有效；真合化成立时按化神功能替换，合化争议时停止定性。,由共享基础引擎判定；近位提高进入关系核心的概率，远位只保留背景修正。,87,输出一条竞争结构；否则收敛或停止,blindspot_summary,一边强调个人权利和公平，一边需要共享时间资源；若无分工，容易在“要不要给、给多少、谁负责”之间拉扯。,你同时重视自主边界与共享投入。真正需要厘清的不是选哪一项，而是它们如何分工：先谈资源边界和共同目标，再建立可持续分工。,不得仅凭本规则推出控制、冷战、讨好、攻击、依赖、花心、自私、欺骗、暴力、人格／依恋障碍、分手离婚或关系必败；必须结合真实行为、触发情境、反例与保护因素验证。,中,待验证,,provisional=true,0.4
M4-OVERUSE-239,比劫×官杀竞争定义｜自主决定与规则责任,L4 双通道竞争,OVERUSE-竞争比劫×官杀,通用,竞争定义,比劫,官杀,比劫与官杀均有独立有效来源，并在同一关系任务中争夺主导。,一项只是背景、两项同义或已稳定分工。,由共享基础引擎提供；只修正功能承载、执行强度和压力反应，不直接等同有无主见。,由M1／M2接口提供；夫妻星只标注关系议题角色，不单独证明过用、不足或竞争。,由M3-BASE提供；日支底盘提高关系相关性，但不能单独建立失衡结论。,由M3及共享流向引擎提供；没有有效起点、转换和终点时，不得补写现实处理顺序。,由共享基础引擎判定；近位提高亲密关系相关性，远位降级为背景候选。,由共享基础引擎判定；根气主要修正重复调用能力，不等于现实中已经反复发生。,由共享基础引擎判定；强弱只修正调用强度与可用性，不直接等同功能质量。,喜忌只修正调用摩擦、平衡与承载，不直接等同好坏、成熟或道德品质。,原十神功能有效；真合化成立时按化神功能替换，合化争议时停止定性。,由共享基础引擎判定；近位提高进入关系核心的概率，远位只保留背景修正。,83,+8竞争结构,competition_pattern,一边需要共同决定，一边需要清楚规则和责任；两项都抢先时，可能出现对规则的反弹或对自主的压缩。,一边需要共同决定，一边需要清楚规则和责任；两项都抢先时，可能出现对规则的反弹或对自主的压缩。,不得仅凭本规则推出控制、冷战、讨好、攻击、依赖、花心、自私、欺骗、暴力、人格／依恋障碍、分手离婚或关系必败；必须结合真实行为、触发情境、反例与保护因素验证。,中,待验证,,provisional=true,0.4
M4-OVERUSE-240,比劫×官杀触发与表现,L4 双通道竞争,OVERUSE-竞争比劫×官杀,通用,触发,比劫,官杀,对应任务同时要求比劫与官杀，且缺少清楚先后或角色分工。,现实中能够自然并行。,由共享基础引擎提供；只修正功能承载、执行强度和压力反应，不直接等同有无主见。,由M1／M2接口提供；夫妻星只标注关系议题角色，不单独证明过用、不足或竞争。,由M3-BASE提供；日支底盘提高关系相关性，但不能单独建立失衡结论。,由M3及共享流向引擎提供；没有有效起点、转换和终点时，不得补写现实处理顺序。,由共享基础引擎判定；近位提高亲密关系相关性，远位降级为背景候选。,由共享基础引擎判定；根气主要修正重复调用能力，不等于现实中已经反复发生。,由共享基础引擎判定；强弱只修正调用强度与可用性，不直接等同功能质量。,喜忌只修正调用摩擦、平衡与承载，不直接等同好坏、成熟或道德品质。,原十神功能有效；真合化成立时按化神功能替换，合化争议时停止定性。,由共享基础引擎判定；近位提高进入关系核心的概率，远位只保留背景修正。,79,+6触发；可升级E2,activation_trigger,一边需要共同决定，一边需要清楚规则和责任；两项都抢先时，可能出现对规则的反弹或对自主的压缩。,当两项任务同时被要求时，一边需要共同决定，一边需要清楚规则和责任；两项都抢先时，可能出现对规则的反弹或对自主的压缩。,不得仅凭本规则推出控制、冷战、讨好、攻击、依赖、花心、自私、欺骗、暴力、人格／依恋障碍、分手离婚或关系必败；必须结合真实行为、触发情境、反例与保护因素验证。,中,待验证,,provisional=true,0.4
M4-OVERUSE-241,比劫×官杀协调与保护,L4 双通道竞争,OVERUSE-竞争比劫×官杀,通用,保护,比劫,官杀,存在先后、分工、回流节点或共同复核。,保护只停留在理论，现实没有执行。,由共享基础引擎提供；只修正功能承载、执行强度和压力反应，不直接等同有无主见。,由M1／M2接口提供；夫妻星只标注关系议题角色，不单独证明过用、不足或竞争。,由M3-BASE提供；日支底盘提高关系相关性，但不能单独建立失衡结论。,由M3及共享流向引擎提供；没有有效起点、转换和终点时，不得补写现实处理顺序。,由共享基础引擎判定；近位提高亲密关系相关性，远位降级为背景候选。,由共享基础引擎判定；根气主要修正重复调用能力，不等于现实中已经反复发生。,由共享基础引擎判定；强弱只修正调用强度与可用性，不直接等同功能质量。,喜忌只修正调用摩擦、平衡与承载，不直接等同好坏、成熟或道德品质。,原十神功能有效；真合化成立时按化神功能替换，合化争议时停止定性。,由共享基础引擎判定；近位提高进入关系核心的概率，远位只保留背景修正。,86,-8至-12,buffer_factor,把共同决定放在规则制定之前，并保留复核与调整机制。,较有效的调节方式是：把共同决定放在规则制定之前，并保留复核与调整机制。,不得仅凭本规则推出控制、冷战、讨好、攻击、依赖、花心、自私、欺骗、暴力、人格／依恋障碍、分手离婚或关系必败；必须结合真实行为、触发情境、反例与保护因素验证。,中,待验证,,provisional=true,0.4
M4-OVERUSE-242,比劫×官杀用户输出与停止,L4 双通道竞争,OVERUSE-竞争比劫×官杀,通用,输出边界,比劫,官杀,两项均达到门槛、来源独立且竞争功能不同。,同源重复、主次明显、已有稳定协调或现实反例。,由共享基础引擎提供；只修正功能承载、执行强度和压力反应，不直接等同有无主见。,由M1／M2接口提供；夫妻星只标注关系议题角色，不单独证明过用、不足或竞争。,由M3-BASE提供；日支底盘提高关系相关性，但不能单独建立失衡结论。,由M3及共享流向引擎提供；没有有效起点、转换和终点时，不得补写现实处理顺序。,由共享基础引擎判定；近位提高亲密关系相关性，远位降级为背景候选。,由共享基础引擎判定；根气主要修正重复调用能力，不等于现实中已经反复发生。,由共享基础引擎判定；强弱只修正调用强度与可用性，不直接等同功能质量。,喜忌只修正调用摩擦、平衡与承载，不直接等同好坏、成熟或道德品质。,原十神功能有效；真合化成立时按化神功能替换，合化争议时停止定性。,由共享基础引擎判定；近位提高进入关系核心的概率，远位只保留背景修正。,87,输出一条竞争结构；否则收敛或停止,blindspot_summary,一边需要共同决定，一边需要清楚规则和责任；两项都抢先时，可能出现对规则的反弹或对自主的压缩。,你同时重视自主决定与规则责任。真正需要厘清的不是选哪一项，而是它们如何分工：把共同决定放在规则制定之前，并保留复核与调整机制。,不得仅凭本规则推出控制、冷战、讨好、攻击、依赖、花心、自私、欺骗、暴力、人格／依恋障碍、分手离婚或关系必败；必须结合真实行为、触发情境、反例与保护因素验证。,中,待验证,,provisional=true,0.4
M4-OVERUSE-243,比劫×印星竞争定义｜边界立场与理解承接,L4 双通道竞争,OVERUSE-竞争比劫×印星,通用,竞争定义,比劫,印星,比劫与印星均有独立有效来源，并在同一关系任务中争夺主导。,一项只是背景、两项同义或已稳定分工。,由共享基础引擎提供；只修正功能承载、执行强度和压力反应，不直接等同有无主见。,由M1／M2接口提供；夫妻星只标注关系议题角色，不单独证明过用、不足或竞争。,由M3-BASE提供；日支底盘提高关系相关性，但不能单独建立失衡结论。,由M3及共享流向引擎提供；没有有效起点、转换和终点时，不得补写现实处理顺序。,由共享基础引擎判定；近位提高亲密关系相关性，远位降级为背景候选。,由共享基础引擎判定；根气主要修正重复调用能力，不等于现实中已经反复发生。,由共享基础引擎判定；强弱只修正调用强度与可用性，不直接等同功能质量。,喜忌只修正调用摩擦、平衡与承载，不直接等同好坏、成熟或道德品质。,原十神功能有效；真合化成立时按化神功能替换，合化争议时停止定性。,由共享基础引擎判定；近位提高进入关系核心的概率，远位只保留背景修正。,83,+8竞争结构,competition_pattern,一边想保留自己，一边想理解和照顾关系；若无分工，可能在坚持与退让之间切换。,一边想保留自己，一边想理解和照顾关系；若无分工，可能在坚持与退让之间切换。,不得仅凭本规则推出控制、冷战、讨好、攻击、依赖、花心、自私、欺骗、暴力、人格／依恋障碍、分手离婚或关系必败；必须结合真实行为、触发情境、反例与保护因素验证。,中,待验证,,provisional=true,0.4
M4-OVERUSE-244,比劫×印星触发与表现,L4 双通道竞争,OVERUSE-竞争比劫×印星,通用,触发,比劫,印星,对应任务同时要求比劫与印星，且缺少清楚先后或角色分工。,现实中能够自然并行。,由共享基础引擎提供；只修正功能承载、执行强度和压力反应，不直接等同有无主见。,由M1／M2接口提供；夫妻星只标注关系议题角色，不单独证明过用、不足或竞争。,由M3-BASE提供；日支底盘提高关系相关性，但不能单独建立失衡结论。,由M3及共享流向引擎提供；没有有效起点、转换和终点时，不得补写现实处理顺序。,由共享基础引擎判定；近位提高亲密关系相关性，远位降级为背景候选。,由共享基础引擎判定；根气主要修正重复调用能力，不等于现实中已经反复发生。,由共享基础引擎判定；强弱只修正调用强度与可用性，不直接等同功能质量。,喜忌只修正调用摩擦、平衡与承载，不直接等同好坏、成熟或道德品质。,原十神功能有效；真合化成立时按化神功能替换，合化争议时停止定性。,由共享基础引擎判定；近位提高进入关系核心的概率，远位只保留背景修正。,79,+6触发；可升级E2,activation_trigger,一边想保留自己，一边想理解和照顾关系；若无分工，可能在坚持与退让之间切换。,当两项任务同时被要求时，一边想保留自己，一边想理解和照顾关系；若无分工，可能在坚持与退让之间切换。,不得仅凭本规则推出控制、冷战、讨好、攻击、依赖、花心、自私、欺骗、暴力、人格／依恋障碍、分手离婚或关系必败；必须结合真实行为、触发情境、反例与保护因素验证。,中,待验证,,provisional=true,0.4
M4-OVERUSE-245,比劫×印星协调与保护,L4 双通道竞争,OVERUSE-竞争比劫×印星,通用,保护,比劫,印星,存在先后、分工、回流节点或共同复核。,保护只停留在理论，现实没有执行。,由共享基础引擎提供；只修正功能承载、执行强度和压力反应，不直接等同有无主见。,由M1／M2接口提供；夫妻星只标注关系议题角色，不单独证明过用、不足或竞争。,由M3-BASE提供；日支底盘提高关系相关性，但不能单独建立失衡结论。,由M3及共享流向引擎提供；没有有效起点、转换和终点时，不得补写现实处理顺序。,由共享基础引擎判定；近位提高亲密关系相关性，远位降级为背景候选。,由共享基础引擎判定；根气主要修正重复调用能力，不等于现实中已经反复发生。,由共享基础引擎判定；强弱只修正调用强度与可用性，不直接等同功能质量。,喜忌只修正调用摩擦、平衡与承载，不直接等同好坏、成熟或道德品质。,原十神功能有效；真合化成立时按化神功能替换，合化争议时停止定性。,由共享基础引擎判定；近位提高进入关系核心的概率，远位只保留背景修正。,86,-8至-12,buffer_factor,先接收背景，再明确自己愿意承担的范围；理解不替代边界。,较有效的调节方式是：先接收背景，再明确自己愿意承担的范围；理解不替代边界。,不得仅凭本规则推出控制、冷战、讨好、攻击、依赖、花心、自私、欺骗、暴力、人格／依恋障碍、分手离婚或关系必败；必须结合真实行为、触发情境、反例与保护因素验证。,中,待验证,,provisional=true,0.4
M4-OVERUSE-246,比劫×印星用户输出与停止,L4 双通道竞争,OVERUSE-竞争比劫×印星,通用,输出边界,比劫,印星,两项均达到门槛、来源独立且竞争功能不同。,同源重复、主次明显、已有稳定协调或现实反例。,由共享基础引擎提供；只修正功能承载、执行强度和压力反应，不直接等同有无主见。,由M1／M2接口提供；夫妻星只标注关系议题角色，不单独证明过用、不足或竞争。,由M3-BASE提供；日支底盘提高关系相关性，但不能单独建立失衡结论。,由M3及共享流向引擎提供；没有有效起点、转换和终点时，不得补写现实处理顺序。,由共享基础引擎判定；近位提高亲密关系相关性，远位降级为背景候选。,由共享基础引擎判定；根气主要修正重复调用能力，不等于现实中已经反复发生。,由共享基础引擎判定；强弱只修正调用强度与可用性，不直接等同功能质量。,喜忌只修正调用摩擦、平衡与承载，不直接等同好坏、成熟或道德品质。,原十神功能有效；真合化成立时按化神功能替换，合化争议时停止定性。,由共享基础引擎判定；近位提高进入关系核心的概率，远位只保留背景修正。,87,输出一条竞争结构；否则收敛或停止,blindspot_summary,一边想保留自己，一边想理解和照顾关系；若无分工，可能在坚持与退让之间切换。,你同时重视边界立场与理解承接。真正需要厘清的不是选哪一项，而是它们如何分工：先接收背景，再明确自己愿意承担的范围；理解不替代边界。,不得仅凭本规则推出控制、冷战、讨好、攻击、依赖、花心、自私、欺骗、暴力、人格／依恋障碍、分手离婚或关系必败；必须结合真实行为、触发情境、反例与保护因素验证。,中,待验证,,provisional=true,0.4
M4-OVERUSE-247,食伤×财星竞争定义｜表达理解与现实落实,L4 双通道竞争,OVERUSE-竞争食伤×财星,通用,竞争定义,食伤,财星,食伤与财星均有独立有效来源，并在同一关系任务中争夺主导。,一项只是背景、两项同义或已稳定分工。,由共享基础引擎提供；只修正功能承载、执行强度和压力反应，不直接等同有无主见。,由M1／M2接口提供；夫妻星只标注关系议题角色，不单独证明过用、不足或竞争。,由M3-BASE提供；日支底盘提高关系相关性，但不能单独建立失衡结论。,由M3及共享流向引擎提供；没有有效起点、转换和终点时，不得补写现实处理顺序。,由共享基础引擎判定；近位提高亲密关系相关性，远位降级为背景候选。,由共享基础引擎判定；根气主要修正重复调用能力，不等于现实中已经反复发生。,由共享基础引擎判定；强弱只修正调用强度与可用性，不直接等同功能质量。,喜忌只修正调用摩擦、平衡与承载，不直接等同好坏、成熟或道德品质。,原十神功能有效；真合化成立时按化神功能替换，合化争议时停止定性。,由共享基础引擎判定；近位提高进入关系核心的概率，远位只保留背景修正。,83,+8竞争结构,competition_pattern,一边想把话说清，一边需要马上落实；若两项竞争，可能出现一直讨论或只做不谈。,一边想把话说清，一边需要马上落实；若两项竞争，可能出现一直讨论或只做不谈。,不得仅凭本规则推出控制、冷战、讨好、攻击、依赖、花心、自私、欺骗、暴力、人格／依恋障碍、分手离婚或关系必败；必须结合真实行为、触发情境、反例与保护因素验证。,中,待验证,,provisional=true,0.4
M4-OVERUSE-248,食伤×财星触发与表现,L4 双通道竞争,OVERUSE-竞争食伤×财星,通用,触发,食伤,财星,对应任务同时要求食伤与财星，且缺少清楚先后或角色分工。,现实中能够自然并行。,由共享基础引擎提供；只修正功能承载、执行强度和压力反应，不直接等同有无主见。,由M1／M2接口提供；夫妻星只标注关系议题角色，不单独证明过用、不足或竞争。,由M3-BASE提供；日支底盘提高关系相关性，但不能单独建立失衡结论。,由M3及共享流向引擎提供；没有有效起点、转换和终点时，不得补写现实处理顺序。,由共享基础引擎判定；近位提高亲密关系相关性，远位降级为背景候选。,由共享基础引擎判定；根气主要修正重复调用能力，不等于现实中已经反复发生。,由共享基础引擎判定；强弱只修正调用强度与可用性，不直接等同功能质量。,喜忌只修正调用摩擦、平衡与承载，不直接等同好坏、成熟或道德品质。,原十神功能有效；真合化成立时按化神功能替换，合化争议时停止定性。,由共享基础引擎判定；近位提高进入关系核心的概率，远位只保留背景修正。,79,+6触发；可升级E2,activation_trigger,一边想把话说清，一边需要马上落实；若两项竞争，可能出现一直讨论或只做不谈。,当两项任务同时被要求时，一边想把话说清，一边需要马上落实；若两项竞争，可能出现一直讨论或只做不谈。,不得仅凭本规则推出控制、冷战、讨好、攻击、依赖、花心、自私、欺骗、暴力、人格／依恋障碍、分手离婚或关系必败；必须结合真实行为、触发情境、反例与保护因素验证。,中,待验证,,provisional=true,0.4
M4-OVERUSE-249,食伤×财星协调与保护,L4 双通道竞争,OVERUSE-竞争食伤×财星,通用,保护,食伤,财星,存在先后、分工、回流节点或共同复核。,保护只停留在理论，现实没有执行。,由共享基础引擎提供；只修正功能承载、执行强度和压力反应，不直接等同有无主见。,由M1／M2接口提供；夫妻星只标注关系议题角色，不单独证明过用、不足或竞争。,由M3-BASE提供；日支底盘提高关系相关性，但不能单独建立失衡结论。,由M3及共享流向引擎提供；没有有效起点、转换和终点时，不得补写现实处理顺序。,由共享基础引擎判定；近位提高亲密关系相关性，远位降级为背景候选。,由共享基础引擎判定；根气主要修正重复调用能力，不等于现实中已经反复发生。,由共享基础引擎判定；强弱只修正调用强度与可用性，不直接等同功能质量。,喜忌只修正调用摩擦、平衡与承载，不直接等同好坏、成熟或道德品质。,原十神功能有效；真合化成立时按化神功能替换，合化争议时停止定性。,由共享基础引擎判定；近位提高进入关系核心的概率，远位只保留背景修正。,86,-8至-12,buffer_factor,为讨论设置现实输出，为行动设置反馈与解释节点。,较有效的调节方式是：为讨论设置现实输出，为行动设置反馈与解释节点。,不得仅凭本规则推出控制、冷战、讨好、攻击、依赖、花心、自私、欺骗、暴力、人格／依恋障碍、分手离婚或关系必败；必须结合真实行为、触发情境、反例与保护因素验证。,中,待验证,,provisional=true,0.4
M4-OVERUSE-250,食伤×财星用户输出与停止,L4 双通道竞争,OVERUSE-竞争食伤×财星,通用,输出边界,食伤,财星,两项均达到门槛、来源独立且竞争功能不同。,同源重复、主次明显、已有稳定协调或现实反例。,由共享基础引擎提供；只修正功能承载、执行强度和压力反应，不直接等同有无主见。,由M1／M2接口提供；夫妻星只标注关系议题角色，不单独证明过用、不足或竞争。,由M3-BASE提供；日支底盘提高关系相关性，但不能单独建立失衡结论。,由M3及共享流向引擎提供；没有有效起点、转换和终点时，不得补写现实处理顺序。,由共享基础引擎判定；近位提高亲密关系相关性，远位降级为背景候选。,由共享基础引擎判定；根气主要修正重复调用能力，不等于现实中已经反复发生。,由共享基础引擎判定；强弱只修正调用强度与可用性，不直接等同功能质量。,喜忌只修正调用摩擦、平衡与承载，不直接等同好坏、成熟或道德品质。,原十神功能有效；真合化成立时按化神功能替换，合化争议时停止定性。,由共享基础引擎判定；近位提高进入关系核心的概率，远位只保留背景修正。,87,输出一条竞争结构；否则收敛或停止,blindspot_summary,一边想把话说清，一边需要马上落实；若两项竞争，可能出现一直讨论或只做不谈。,你同时重视表达理解与现实落实。真正需要厘清的不是选哪一项，而是它们如何分工：为讨论设置现实输出，为行动设置反馈与解释节点。,不得仅凭本规则推出控制、冷战、讨好、攻击、依赖、花心、自私、欺骗、暴力、人格／依恋障碍、分手离婚或关系必败；必须结合真实行为、触发情境、反例与保护因素验证。,中,待验证,,provisional=true,0.4
M4-OVERUSE-251,食伤×官杀竞争定义｜协商反馈与行动规则,L4 双通道竞争,OVERUSE-竞争食伤×官杀,通用,竞争定义,食伤,官杀,食伤与官杀均有独立有效来源，并在同一关系任务中争夺主导。,一项只是背景、两项同义或已稳定分工。,由共享基础引擎提供；只修正功能承载、执行强度和压力反应，不直接等同有无主见。,由M1／M2接口提供；夫妻星只标注关系议题角色，不单独证明过用、不足或竞争。,由M3-BASE提供；日支底盘提高关系相关性，但不能单独建立失衡结论。,由M3及共享流向引擎提供；没有有效起点、转换和终点时，不得补写现实处理顺序。,由共享基础引擎判定；近位提高亲密关系相关性，远位降级为背景候选。,由共享基础引擎判定；根气主要修正重复调用能力，不等于现实中已经反复发生。,由共享基础引擎判定；强弱只修正调用强度与可用性，不直接等同功能质量。,喜忌只修正调用摩擦、平衡与承载，不直接等同好坏、成熟或道德品质。,原十神功能有效；真合化成立时按化神功能替换，合化争议时停止定性。,由共享基础引擎判定；近位提高进入关系核心的概率，远位只保留背景修正。,83,+8竞争结构,competition_pattern,一边要充分讨论，一边要尽快决定和落实；若无顺序，可能越解释越延迟或越推进越缺少共识。,一边要充分讨论，一边要尽快决定和落实；若无顺序，可能越解释越延迟或越推进越缺少共识。,不得仅凭本规则推出控制、冷战、讨好、攻击、依赖、花心、自私、欺骗、暴力、人格／依恋障碍、分手离婚或关系必败；必须结合真实行为、触发情境、反例与保护因素验证。,中,待验证,,provisional=true,0.4
M4-OVERUSE-252,食伤×官杀触发与表现,L4 双通道竞争,OVERUSE-竞争食伤×官杀,通用,触发,食伤,官杀,对应任务同时要求食伤与官杀，且缺少清楚先后或角色分工。,现实中能够自然并行。,由共享基础引擎提供；只修正功能承载、执行强度和压力反应，不直接等同有无主见。,由M1／M2接口提供；夫妻星只标注关系议题角色，不单独证明过用、不足或竞争。,由M3-BASE提供；日支底盘提高关系相关性，但不能单独建立失衡结论。,由M3及共享流向引擎提供；没有有效起点、转换和终点时，不得补写现实处理顺序。,由共享基础引擎判定；近位提高亲密关系相关性，远位降级为背景候选。,由共享基础引擎判定；根气主要修正重复调用能力，不等于现实中已经反复发生。,由共享基础引擎判定；强弱只修正调用强度与可用性，不直接等同功能质量。,喜忌只修正调用摩擦、平衡与承载，不直接等同好坏、成熟或道德品质。,原十神功能有效；真合化成立时按化神功能替换，合化争议时停止定性。,由共享基础引擎判定；近位提高进入关系核心的概率，远位只保留背景修正。,79,+6触发；可升级E2,activation_trigger,一边要充分讨论，一边要尽快决定和落实；若无顺序，可能越解释越延迟或越推进越缺少共识。,当两项任务同时被要求时，一边要充分讨论，一边要尽快决定和落实；若无顺序，可能越解释越延迟或越推进越缺少共识。,不得仅凭本规则推出控制、冷战、讨好、攻击、依赖、花心、自私、欺骗、暴力、人格／依恋障碍、分手离婚或关系必败；必须结合真实行为、触发情境、反例与保护因素验证。,中,待验证,,provisional=true,0.4
M4-OVERUSE-253,食伤×官杀协调与保护,L4 双通道竞争,OVERUSE-竞争食伤×官杀,通用,保护,食伤,官杀,存在先后、分工、回流节点或共同复核。,保护只停留在理论，现实没有执行。,由共享基础引擎提供；只修正功能承载、执行强度和压力反应，不直接等同有无主见。,由M1／M2接口提供；夫妻星只标注关系议题角色，不单独证明过用、不足或竞争。,由M3-BASE提供；日支底盘提高关系相关性，但不能单独建立失衡结论。,由M3及共享流向引擎提供；没有有效起点、转换和终点时，不得补写现实处理顺序。,由共享基础引擎判定；近位提高亲密关系相关性，远位降级为背景候选。,由共享基础引擎判定；根气主要修正重复调用能力，不等于现实中已经反复发生。,由共享基础引擎判定；强弱只修正调用强度与可用性，不直接等同功能质量。,喜忌只修正调用摩擦、平衡与承载，不直接等同好坏、成熟或道德品质。,原十神功能有效；真合化成立时按化神功能替换，合化争议时停止定性。,由共享基础引擎判定；近位提高进入关系核心的概率，远位只保留背景修正。,86,-8至-12,buffer_factor,区分紧急止损和非紧急议题：先止损后协商，或先协商后定责。,较有效的调节方式是：区分紧急止损和非紧急议题：先止损后协商，或先协商后定责。,不得仅凭本规则推出控制、冷战、讨好、攻击、依赖、花心、自私、欺骗、暴力、人格／依恋障碍、分手离婚或关系必败；必须结合真实行为、触发情境、反例与保护因素验证。,中,待验证,,provisional=true,0.4
M4-OVERUSE-254,食伤×官杀用户输出与停止,L4 双通道竞争,OVERUSE-竞争食伤×官杀,通用,输出边界,食伤,官杀,两项均达到门槛、来源独立且竞争功能不同。,同源重复、主次明显、已有稳定协调或现实反例。,由共享基础引擎提供；只修正功能承载、执行强度和压力反应，不直接等同有无主见。,由M1／M2接口提供；夫妻星只标注关系议题角色，不单独证明过用、不足或竞争。,由M3-BASE提供；日支底盘提高关系相关性，但不能单独建立失衡结论。,由M3及共享流向引擎提供；没有有效起点、转换和终点时，不得补写现实处理顺序。,由共享基础引擎判定；近位提高亲密关系相关性，远位降级为背景候选。,由共享基础引擎判定；根气主要修正重复调用能力，不等于现实中已经反复发生。,由共享基础引擎判定；强弱只修正调用强度与可用性，不直接等同功能质量。,喜忌只修正调用摩擦、平衡与承载，不直接等同好坏、成熟或道德品质。,原十神功能有效；真合化成立时按化神功能替换，合化争议时停止定性。,由共享基础引擎判定；近位提高进入关系核心的概率，远位只保留背景修正。,87,输出一条竞争结构；否则收敛或停止,blindspot_summary,一边要充分讨论，一边要尽快决定和落实；若无顺序，可能越解释越延迟或越推进越缺少共识。,你同时重视协商反馈与行动规则。真正需要厘清的不是选哪一项，而是它们如何分工：区分紧急止损和非紧急议题：先止损后协商，或先协商后定责。,不得仅凭本规则推出控制、冷战、讨好、攻击、依赖、花心、自私、欺骗、暴力、人格／依恋障碍、分手离婚或关系必败；必须结合真实行为、触发情境、反例与保护因素验证。,中,待验证,,provisional=true,0.4
M4-OVERUSE-255,食伤×印星竞争定义｜外部表达与内部承接,L4 双通道竞争,OVERUSE-竞争食伤×印星,通用,竞争定义,食伤,印星,食伤与印星均有独立有效来源，并在同一关系任务中争夺主导。,一项只是背景、两项同义或已稳定分工。,由共享基础引擎提供；只修正功能承载、执行强度和压力反应，不直接等同有无主见。,由M1／M2接口提供；夫妻星只标注关系议题角色，不单独证明过用、不足或竞争。,由M3-BASE提供；日支底盘提高关系相关性，但不能单独建立失衡结论。,由M3及共享流向引擎提供；没有有效起点、转换和终点时，不得补写现实处理顺序。,由共享基础引擎判定；近位提高亲密关系相关性，远位降级为背景候选。,由共享基础引擎判定；根气主要修正重复调用能力，不等于现实中已经反复发生。,由共享基础引擎判定；强弱只修正调用强度与可用性，不直接等同功能质量。,喜忌只修正调用摩擦、平衡与承载，不直接等同好坏、成熟或道德品质。,原十神功能有效；真合化成立时按化神功能替换，合化争议时停止定性。,由共享基础引擎判定；近位提高进入关系核心的概率，远位只保留背景修正。,83,+8竞争结构,competition_pattern,一边需要表达，一边需要倾听和整理；若都争先，可能出现信息过载或长时间沉默。,一边需要表达，一边需要倾听和整理；若都争先，可能出现信息过载或长时间沉默。,不得仅凭本规则推出控制、冷战、讨好、攻击、依赖、花心、自私、欺骗、暴力、人格／依恋障碍、分手离婚或关系必败；必须结合真实行为、触发情境、反例与保护因素验证。,中,待验证,,provisional=true,0.4
M4-OVERUSE-256,食伤×印星触发与表现,L4 双通道竞争,OVERUSE-竞争食伤×印星,通用,触发,食伤,印星,对应任务同时要求食伤与印星，且缺少清楚先后或角色分工。,现实中能够自然并行。,由共享基础引擎提供；只修正功能承载、执行强度和压力反应，不直接等同有无主见。,由M1／M2接口提供；夫妻星只标注关系议题角色，不单独证明过用、不足或竞争。,由M3-BASE提供；日支底盘提高关系相关性，但不能单独建立失衡结论。,由M3及共享流向引擎提供；没有有效起点、转换和终点时，不得补写现实处理顺序。,由共享基础引擎判定；近位提高亲密关系相关性，远位降级为背景候选。,由共享基础引擎判定；根气主要修正重复调用能力，不等于现实中已经反复发生。,由共享基础引擎判定；强弱只修正调用强度与可用性，不直接等同功能质量。,喜忌只修正调用摩擦、平衡与承载，不直接等同好坏、成熟或道德品质。,原十神功能有效；真合化成立时按化神功能替换，合化争议时停止定性。,由共享基础引擎判定；近位提高进入关系核心的概率，远位只保留背景修正。,79,+6触发；可升级E2,activation_trigger,一边需要表达，一边需要倾听和整理；若都争先，可能出现信息过载或长时间沉默。,当两项任务同时被要求时，一边需要表达，一边需要倾听和整理；若都争先，可能出现信息过载或长时间沉默。,不得仅凭本规则推出控制、冷战、讨好、攻击、依赖、花心、自私、欺骗、暴力、人格／依恋障碍、分手离婚或关系必败；必须结合真实行为、触发情境、反例与保护因素验证。,中,待验证,,provisional=true,0.4
M4-OVERUSE-257,食伤×印星协调与保护,L4 双通道竞争,OVERUSE-竞争食伤×印星,通用,保护,食伤,印星,存在先后、分工、回流节点或共同复核。,保护只停留在理论，现实没有执行。,由共享基础引擎提供；只修正功能承载、执行强度和压力反应，不直接等同有无主见。,由M1／M2接口提供；夫妻星只标注关系议题角色，不单独证明过用、不足或竞争。,由M3-BASE提供；日支底盘提高关系相关性，但不能单独建立失衡结论。,由M3及共享流向引擎提供；没有有效起点、转换和终点时，不得补写现实处理顺序。,由共享基础引擎判定；近位提高亲密关系相关性，远位降级为背景候选。,由共享基础引擎判定；根气主要修正重复调用能力，不等于现实中已经反复发生。,由共享基础引擎判定；强弱只修正调用强度与可用性，不直接等同功能质量。,喜忌只修正调用摩擦、平衡与承载，不直接等同好坏、成熟或道德品质。,原十神功能有效；真合化成立时按化神功能替换，合化争议时停止定性。,由共享基础引擎判定；近位提高进入关系核心的概率，远位只保留背景修正。,86,-8至-12,buffer_factor,约定单轮表达量与回应时间，让说和听形成往返。,较有效的调节方式是：约定单轮表达量与回应时间，让说和听形成往返。,不得仅凭本规则推出控制、冷战、讨好、攻击、依赖、花心、自私、欺骗、暴力、人格／依恋障碍、分手离婚或关系必败；必须结合真实行为、触发情境、反例与保护因素验证。,中,待验证,,provisional=true,0.4
M4-OVERUSE-258,食伤×印星用户输出与停止,L4 双通道竞争,OVERUSE-竞争食伤×印星,通用,输出边界,食伤,印星,两项均达到门槛、来源独立且竞争功能不同。,同源重复、主次明显、已有稳定协调或现实反例。,由共享基础引擎提供；只修正功能承载、执行强度和压力反应，不直接等同有无主见。,由M1／M2接口提供；夫妻星只标注关系议题角色，不单独证明过用、不足或竞争。,由M3-BASE提供；日支底盘提高关系相关性，但不能单独建立失衡结论。,由M3及共享流向引擎提供；没有有效起点、转换和终点时，不得补写现实处理顺序。,由共享基础引擎判定；近位提高亲密关系相关性，远位降级为背景候选。,由共享基础引擎判定；根气主要修正重复调用能力，不等于现实中已经反复发生。,由共享基础引擎判定；强弱只修正调用强度与可用性，不直接等同功能质量。,喜忌只修正调用摩擦、平衡与承载，不直接等同好坏、成熟或道德品质。,原十神功能有效；真合化成立时按化神功能替换，合化争议时停止定性。,由共享基础引擎判定；近位提高进入关系核心的概率，远位只保留背景修正。,87,输出一条竞争结构；否则收敛或停止,blindspot_summary,一边需要表达，一边需要倾听和整理；若都争先，可能出现信息过载或长时间沉默。,你同时重视外部表达与内部承接。真正需要厘清的不是选哪一项，而是它们如何分工：约定单轮表达量与回应时间，让说和听形成往返。,不得仅凭本规则推出控制、冷战、讨好、攻击、依赖、花心、自私、欺骗、暴力、人格／依恋障碍、分手离婚或关系必败；必须结合真实行为、触发情境、反例与保护因素验证。,中,待验证,,provisional=true,0.4
M4-OVERUSE-259,财星×官杀竞争定义｜现实投入与责任承诺,L4 双通道竞争,OVERUSE-竞争财星×官杀,通用,竞争定义,财星,官杀,财星与官杀均有独立有效来源，并在同一关系任务中争夺主导。,一项只是背景、两项同义或已稳定分工。,由共享基础引擎提供；只修正功能承载、执行强度和压力反应，不直接等同有无主见。,由M1／M2接口提供；夫妻星只标注关系议题角色，不单独证明过用、不足或竞争。,由M3-BASE提供；日支底盘提高关系相关性，但不能单独建立失衡结论。,由M3及共享流向引擎提供；没有有效起点、转换和终点时，不得补写现实处理顺序。,由共享基础引擎判定；近位提高亲密关系相关性，远位降级为背景候选。,由共享基础引擎判定；根气主要修正重复调用能力，不等于现实中已经反复发生。,由共享基础引擎判定；强弱只修正调用强度与可用性，不直接等同功能质量。,喜忌只修正调用摩擦、平衡与承载，不直接等同好坏、成熟或道德品质。,原十神功能有效；真合化成立时按化神功能替换，合化争议时停止定性。,由共享基础引擎判定；近位提高进入关系核心的概率，远位只保留背景修正。,83,+8竞争结构,competition_pattern,一边通过做事投入，一边需要说清角色与承诺；若无分工，可能把投入当承诺或把规则当投入。,一边通过做事投入，一边需要说清角色与承诺；若无分工，可能把投入当承诺或把规则当投入。,不得仅凭本规则推出控制、冷战、讨好、攻击、依赖、花心、自私、欺骗、暴力、人格／依恋障碍、分手离婚或关系必败；必须结合真实行为、触发情境、反例与保护因素验证。,中,待验证,,provisional=true,0.4
M4-OVERUSE-260,财星×官杀触发与表现,L4 双通道竞争,OVERUSE-竞争财星×官杀,通用,触发,财星,官杀,对应任务同时要求财星与官杀，且缺少清楚先后或角色分工。,现实中能够自然并行。,由共享基础引擎提供；只修正功能承载、执行强度和压力反应，不直接等同有无主见。,由M1／M2接口提供；夫妻星只标注关系议题角色，不单独证明过用、不足或竞争。,由M3-BASE提供；日支底盘提高关系相关性，但不能单独建立失衡结论。,由M3及共享流向引擎提供；没有有效起点、转换和终点时，不得补写现实处理顺序。,由共享基础引擎判定；近位提高亲密关系相关性，远位降级为背景候选。,由共享基础引擎判定；根气主要修正重复调用能力，不等于现实中已经反复发生。,由共享基础引擎判定；强弱只修正调用强度与可用性，不直接等同功能质量。,喜忌只修正调用摩擦、平衡与承载，不直接等同好坏、成熟或道德品质。,原十神功能有效；真合化成立时按化神功能替换，合化争议时停止定性。,由共享基础引擎判定；近位提高进入关系核心的概率，远位只保留背景修正。,79,+6触发；可升级E2,activation_trigger,一边通过做事投入，一边需要说清角色与承诺；若无分工，可能把投入当承诺或把规则当投入。,当两项任务同时被要求时，一边通过做事投入，一边需要说清角色与承诺；若无分工，可能把投入当承诺或把规则当投入。,不得仅凭本规则推出控制、冷战、讨好、攻击、依赖、花心、自私、欺骗、暴力、人格／依恋障碍、分手离婚或关系必败；必须结合真实行为、触发情境、反例与保护因素验证。,中,待验证,,provisional=true,0.4
M4-OVERUSE-261,财星×官杀协调与保护,L4 双通道竞争,OVERUSE-竞争财星×官杀,通用,保护,财星,官杀,存在先后、分工、回流节点或共同复核。,保护只停留在理论，现实没有执行。,由共享基础引擎提供；只修正功能承载、执行强度和压力反应，不直接等同有无主见。,由M1／M2接口提供；夫妻星只标注关系议题角色，不单独证明过用、不足或竞争。,由M3-BASE提供；日支底盘提高关系相关性，但不能单独建立失衡结论。,由M3及共享流向引擎提供；没有有效起点、转换和终点时，不得补写现实处理顺序。,由共享基础引擎判定；近位提高亲密关系相关性，远位降级为背景候选。,由共享基础引擎判定；根气主要修正重复调用能力，不等于现实中已经反复发生。,由共享基础引擎判定；强弱只修正调用强度与可用性，不直接等同功能质量。,喜忌只修正调用摩擦、平衡与承载，不直接等同好坏、成熟或道德品质。,原十神功能有效；真合化成立时按化神功能替换，合化争议时停止定性。,由共享基础引擎判定；近位提高进入关系核心的概率，远位只保留背景修正。,86,-8至-12,buffer_factor,把“已经做了什么”和“以后负责什么”分开确认。,较有效的调节方式是：把“已经做了什么”和“以后负责什么”分开确认。,不得仅凭本规则推出控制、冷战、讨好、攻击、依赖、花心、自私、欺骗、暴力、人格／依恋障碍、分手离婚或关系必败；必须结合真实行为、触发情境、反例与保护因素验证。,中,待验证,,provisional=true,0.4
M4-OVERUSE-262,财星×官杀用户输出与停止,L4 双通道竞争,OVERUSE-竞争财星×官杀,通用,输出边界,财星,官杀,两项均达到门槛、来源独立且竞争功能不同。,同源重复、主次明显、已有稳定协调或现实反例。,由共享基础引擎提供；只修正功能承载、执行强度和压力反应，不直接等同有无主见。,由M1／M2接口提供；夫妻星只标注关系议题角色，不单独证明过用、不足或竞争。,由M3-BASE提供；日支底盘提高关系相关性，但不能单独建立失衡结论。,由M3及共享流向引擎提供；没有有效起点、转换和终点时，不得补写现实处理顺序。,由共享基础引擎判定；近位提高亲密关系相关性，远位降级为背景候选。,由共享基础引擎判定；根气主要修正重复调用能力，不等于现实中已经反复发生。,由共享基础引擎判定；强弱只修正调用强度与可用性，不直接等同功能质量。,喜忌只修正调用摩擦、平衡与承载，不直接等同好坏、成熟或道德品质。,原十神功能有效；真合化成立时按化神功能替换，合化争议时停止定性。,由共享基础引擎判定；近位提高进入关系核心的概率，远位只保留背景修正。,87,输出一条竞争结构；否则收敛或停止,blindspot_summary,一边通过做事投入，一边需要说清角色与承诺；若无分工，可能把投入当承诺或把规则当投入。,你同时重视现实投入与责任承诺。真正需要厘清的不是选哪一项，而是它们如何分工：把“已经做了什么”和“以后负责什么”分开确认。,不得仅凭本规则推出控制、冷战、讨好、攻击、依赖、花心、自私、欺骗、暴力、人格／依恋障碍、分手离婚或关系必败；必须结合真实行为、触发情境、反例与保护因素验证。,中,待验证,,provisional=true,0.4
M4-OVERUSE-263,财星×印星竞争定义｜现实行动与情绪理解,L4 双通道竞争,OVERUSE-竞争财星×印星,通用,竞争定义,财星,印星,财星与印星均有独立有效来源，并在同一关系任务中争夺主导。,一项只是背景、两项同义或已稳定分工。,由共享基础引擎提供；只修正功能承载、执行强度和压力反应，不直接等同有无主见。,由M1／M2接口提供；夫妻星只标注关系议题角色，不单独证明过用、不足或竞争。,由M3-BASE提供；日支底盘提高关系相关性，但不能单独建立失衡结论。,由M3及共享流向引擎提供；没有有效起点、转换和终点时，不得补写现实处理顺序。,由共享基础引擎判定；近位提高亲密关系相关性，远位降级为背景候选。,由共享基础引擎判定；根气主要修正重复调用能力，不等于现实中已经反复发生。,由共享基础引擎判定；强弱只修正调用强度与可用性，不直接等同功能质量。,喜忌只修正调用摩擦、平衡与承载，不直接等同好坏、成熟或道德品质。,原十神功能有效；真合化成立时按化神功能替换，合化争议时停止定性。,由共享基础引擎判定；近位提高进入关系核心的概率，远位只保留背景修正。,83,+8竞争结构,competition_pattern,一边想解决现实，一边想理解感受；若无顺序，可能只做事不理解，或只理解不改变。,一边想解决现实，一边想理解感受；若无顺序，可能只做事不理解，或只理解不改变。,不得仅凭本规则推出控制、冷战、讨好、攻击、依赖、花心、自私、欺骗、暴力、人格／依恋障碍、分手离婚或关系必败；必须结合真实行为、触发情境、反例与保护因素验证。,中,待验证,,provisional=true,0.4
M4-OVERUSE-264,财星×印星触发与表现,L4 双通道竞争,OVERUSE-竞争财星×印星,通用,触发,财星,印星,对应任务同时要求财星与印星，且缺少清楚先后或角色分工。,现实中能够自然并行。,由共享基础引擎提供；只修正功能承载、执行强度和压力反应，不直接等同有无主见。,由M1／M2接口提供；夫妻星只标注关系议题角色，不单独证明过用、不足或竞争。,由M3-BASE提供；日支底盘提高关系相关性，但不能单独建立失衡结论。,由M3及共享流向引擎提供；没有有效起点、转换和终点时，不得补写现实处理顺序。,由共享基础引擎判定；近位提高亲密关系相关性，远位降级为背景候选。,由共享基础引擎判定；根气主要修正重复调用能力，不等于现实中已经反复发生。,由共享基础引擎判定；强弱只修正调用强度与可用性，不直接等同功能质量。,喜忌只修正调用摩擦、平衡与承载，不直接等同好坏、成熟或道德品质。,原十神功能有效；真合化成立时按化神功能替换，合化争议时停止定性。,由共享基础引擎判定；近位提高进入关系核心的概率，远位只保留背景修正。,79,+6触发；可升级E2,activation_trigger,一边想解决现实，一边想理解感受；若无顺序，可能只做事不理解，或只理解不改变。,当两项任务同时被要求时，一边想解决现实，一边想理解感受；若无顺序，可能只做事不理解，或只理解不改变。,不得仅凭本规则推出控制、冷战、讨好、攻击、依赖、花心、自私、欺骗、暴力、人格／依恋障碍、分手离婚或关系必败；必须结合真实行为、触发情境、反例与保护因素验证。,中,待验证,,provisional=true,0.4
M4-OVERUSE-265,财星×印星协调与保护,L4 双通道竞争,OVERUSE-竞争财星×印星,通用,保护,财星,印星,存在先后、分工、回流节点或共同复核。,保护只停留在理论，现实没有执行。,由共享基础引擎提供；只修正功能承载、执行强度和压力反应，不直接等同有无主见。,由M1／M2接口提供；夫妻星只标注关系议题角色，不单独证明过用、不足或竞争。,由M3-BASE提供；日支底盘提高关系相关性，但不能单独建立失衡结论。,由M3及共享流向引擎提供；没有有效起点、转换和终点时，不得补写现实处理顺序。,由共享基础引擎判定；近位提高亲密关系相关性，远位降级为背景候选。,由共享基础引擎判定；根气主要修正重复调用能力，不等于现实中已经反复发生。,由共享基础引擎判定；强弱只修正调用强度与可用性，不直接等同功能质量。,喜忌只修正调用摩擦、平衡与承载，不直接等同好坏、成熟或道德品质。,原十神功能有效；真合化成立时按化神功能替换，合化争议时停止定性。,由共享基础引擎判定；近位提高进入关系核心的概率，远位只保留背景修正。,86,-8至-12,buffer_factor,先根据紧急度排序，再保证另一项在明确节点回流。,较有效的调节方式是：先根据紧急度排序，再保证另一项在明确节点回流。,不得仅凭本规则推出控制、冷战、讨好、攻击、依赖、花心、自私、欺骗、暴力、人格／依恋障碍、分手离婚或关系必败；必须结合真实行为、触发情境、反例与保护因素验证。,中,待验证,,provisional=true,0.4
M4-OVERUSE-266,财星×印星用户输出与停止,L4 双通道竞争,OVERUSE-竞争财星×印星,通用,输出边界,财星,印星,两项均达到门槛、来源独立且竞争功能不同。,同源重复、主次明显、已有稳定协调或现实反例。,由共享基础引擎提供；只修正功能承载、执行强度和压力反应，不直接等同有无主见。,由M1／M2接口提供；夫妻星只标注关系议题角色，不单独证明过用、不足或竞争。,由M3-BASE提供；日支底盘提高关系相关性，但不能单独建立失衡结论。,由M3及共享流向引擎提供；没有有效起点、转换和终点时，不得补写现实处理顺序。,由共享基础引擎判定；近位提高亲密关系相关性，远位降级为背景候选。,由共享基础引擎判定；根气主要修正重复调用能力，不等于现实中已经反复发生。,由共享基础引擎判定；强弱只修正调用强度与可用性，不直接等同功能质量。,喜忌只修正调用摩擦、平衡与承载，不直接等同好坏、成熟或道德品质。,原十神功能有效；真合化成立时按化神功能替换，合化争议时停止定性。,由共享基础引擎判定；近位提高进入关系核心的概率，远位只保留背景修正。,87,输出一条竞争结构；否则收敛或停止,blindspot_summary,一边想解决现实，一边想理解感受；若无顺序，可能只做事不理解，或只理解不改变。,你同时重视现实行动与情绪理解。真正需要厘清的不是选哪一项，而是它们如何分工：先根据紧急度排序，再保证另一项在明确节点回流。,不得仅凭本规则推出控制、冷战、讨好、攻击、依赖、花心、自私、欺骗、暴力、人格／依恋障碍、分手离婚或关系必败；必须结合真实行为、触发情境、反例与保护因素验证。,中,待验证,,provisional=true,0.4
M4-OVERUSE-267,官杀×印星竞争定义｜问题处理与安全恢复,L4 双通道竞争,OVERUSE-竞争官杀×印星,通用,竞争定义,官杀,印星,官杀与印星均有独立有效来源，并在同一关系任务中争夺主导。,一项只是背景、两项同义或已稳定分工。,由共享基础引擎提供；只修正功能承载、执行强度和压力反应，不直接等同有无主见。,由M1／M2接口提供；夫妻星只标注关系议题角色，不单独证明过用、不足或竞争。,由M3-BASE提供；日支底盘提高关系相关性，但不能单独建立失衡结论。,由M3及共享流向引擎提供；没有有效起点、转换和终点时，不得补写现实处理顺序。,由共享基础引擎判定；近位提高亲密关系相关性，远位降级为背景候选。,由共享基础引擎判定；根气主要修正重复调用能力，不等于现实中已经反复发生。,由共享基础引擎判定；强弱只修正调用强度与可用性，不直接等同功能质量。,喜忌只修正调用摩擦、平衡与承载，不直接等同好坏、成熟或道德品质。,原十神功能有效；真合化成立时按化神功能替换，合化争议时停止定性。,由共享基础引擎判定；近位提高进入关系核心的概率，远位只保留背景修正。,83,+8竞争结构,competition_pattern,一边要解决问题和恢复秩序，一边要恢复理解与安全；若无回流，事情结束但关系仍未开放。,一边要解决问题和恢复秩序，一边要恢复理解与安全；若无回流，事情结束但关系仍未开放。,不得仅凭本规则推出控制、冷战、讨好、攻击、依赖、花心、自私、欺骗、暴力、人格／依恋障碍、分手离婚或关系必败；必须结合真实行为、触发情境、反例与保护因素验证。,中,待验证,,provisional=true,0.4
M4-OVERUSE-268,官杀×印星触发与表现,L4 双通道竞争,OVERUSE-竞争官杀×印星,通用,触发,官杀,印星,对应任务同时要求官杀与印星，且缺少清楚先后或角色分工。,现实中能够自然并行。,由共享基础引擎提供；只修正功能承载、执行强度和压力反应，不直接等同有无主见。,由M1／M2接口提供；夫妻星只标注关系议题角色，不单独证明过用、不足或竞争。,由M3-BASE提供；日支底盘提高关系相关性，但不能单独建立失衡结论。,由M3及共享流向引擎提供；没有有效起点、转换和终点时，不得补写现实处理顺序。,由共享基础引擎判定；近位提高亲密关系相关性，远位降级为背景候选。,由共享基础引擎判定；根气主要修正重复调用能力，不等于现实中已经反复发生。,由共享基础引擎判定；强弱只修正调用强度与可用性，不直接等同功能质量。,喜忌只修正调用摩擦、平衡与承载，不直接等同好坏、成熟或道德品质。,原十神功能有效；真合化成立时按化神功能替换，合化争议时停止定性。,由共享基础引擎判定；近位提高进入关系核心的概率，远位只保留背景修正。,79,+6触发；可升级E2,activation_trigger,一边要解决问题和恢复秩序，一边要恢复理解与安全；若无回流，事情结束但关系仍未开放。,当两项任务同时被要求时，一边要解决问题和恢复秩序，一边要恢复理解与安全；若无回流，事情结束但关系仍未开放。,不得仅凭本规则推出控制、冷战、讨好、攻击、依赖、花心、自私、欺骗、暴力、人格／依恋障碍、分手离婚或关系必败；必须结合真实行为、触发情境、反例与保护因素验证。,中,待验证,,provisional=true,0.4
M4-OVERUSE-269,官杀×印星协调与保护,L4 双通道竞争,OVERUSE-竞争官杀×印星,通用,保护,官杀,印星,存在先后、分工、回流节点或共同复核。,保护只停留在理论，现实没有执行。,由共享基础引擎提供；只修正功能承载、执行强度和压力反应，不直接等同有无主见。,由M1／M2接口提供；夫妻星只标注关系议题角色，不单独证明过用、不足或竞争。,由M3-BASE提供；日支底盘提高关系相关性，但不能单独建立失衡结论。,由M3及共享流向引擎提供；没有有效起点、转换和终点时，不得补写现实处理顺序。,由共享基础引擎判定；近位提高亲密关系相关性，远位降级为背景候选。,由共享基础引擎判定；根气主要修正重复调用能力，不等于现实中已经反复发生。,由共享基础引擎判定；强弱只修正调用强度与可用性，不直接等同功能质量。,喜忌只修正调用摩擦、平衡与承载，不直接等同好坏、成熟或道德品质。,原十神功能有效；真合化成立时按化神功能替换，合化争议时停止定性。,由共享基础引擎判定；近位提高进入关系核心的概率，远位只保留背景修正。,86,-8至-12,buffer_factor,把结案和修复分开，明确行动完成后何时回到理解与反馈。,较有效的调节方式是：把结案和修复分开，明确行动完成后何时回到理解与反馈。,不得仅凭本规则推出控制、冷战、讨好、攻击、依赖、花心、自私、欺骗、暴力、人格／依恋障碍、分手离婚或关系必败；必须结合真实行为、触发情境、反例与保护因素验证。,中,待验证,,provisional=true,0.4
M4-OVERUSE-270,官杀×印星用户输出与停止,L4 双通道竞争,OVERUSE-竞争官杀×印星,通用,输出边界,官杀,印星,两项均达到门槛、来源独立且竞争功能不同。,同源重复、主次明显、已有稳定协调或现实反例。,由共享基础引擎提供；只修正功能承载、执行强度和压力反应，不直接等同有无主见。,由M1／M2接口提供；夫妻星只标注关系议题角色，不单独证明过用、不足或竞争。,由M3-BASE提供；日支底盘提高关系相关性，但不能单独建立失衡结论。,由M3及共享流向引擎提供；没有有效起点、转换和终点时，不得补写现实处理顺序。,由共享基础引擎判定；近位提高亲密关系相关性，远位降级为背景候选。,由共享基础引擎判定；根气主要修正重复调用能力，不等于现实中已经反复发生。,由共享基础引擎判定；强弱只修正调用强度与可用性，不直接等同功能质量。,喜忌只修正调用摩擦、平衡与承载，不直接等同好坏、成熟或道德品质。,原十神功能有效；真合化成立时按化神功能替换，合化争议时停止定性。,由共享基础引擎判定；近位提高进入关系核心的概率，远位只保留背景修正。,87,输出一条竞争结构；否则收敛或停止,blindspot_summary,一边要解决问题和恢复秩序，一边要恢复理解与安全；若无回流，事情结束但关系仍未开放。,你同时重视问题处理与安全恢复。真正需要厘清的不是选哪一项，而是它们如何分工：把结案和修复分开，明确行动完成后何时回到理解与反馈。,不得仅凭本规则推出控制、冷战、讨好、攻击、依赖、花心、自私、欺骗、暴力、人格／依恋障碍、分手离婚或关系必败；必须结合真实行为、触发情境、反例与保护因素验证。,中,待验证,,provisional=true,0.4
M4-OVERUSE-271,状态修正｜透干有根,L5 状态与动态修正,OVERUSE-状态修正,通用,状态修正,透干有根,,共享基础引擎确认透干有根。,基础状态未定或真合化争议另有路由。,由共享基础引擎提供；只修正功能承载、执行强度和压力反应，不直接等同有无主见。,由M1／M2接口提供；夫妻星只标注关系议题角色，不单独证明过用、不足或竞争。,由M3-BASE提供；日支底盘提高关系相关性，但不能单独建立失衡结论。,由M3及共享流向引擎提供；没有有效起点、转换和终点时，不得补写现实处理顺序。,由共享基础引擎判定；近位提高亲密关系相关性，远位降级为背景候选。,由共享基础引擎判定；根气主要修正重复调用能力，不等于现实中已经反复发生。,由共享基础引擎判定；强弱只修正调用强度与可用性，不直接等同功能质量。,喜忌只修正调用摩擦、平衡与承载，不直接等同好坏、成熟或道德品质。,原十神功能有效；真合化成立时按化神功能替换，合化争议时停止定性。,由共享基础引擎判定；近位提高进入关系核心的概率，远位只保留背景修正。,85,+4可见／重复；不得单独建K01,state_modifier,通道外显且可重复调用，提高功能来源与K01占位候选，但仍需第二证据。,通道外显且可重复调用，提高功能来源与K01占位候选，但仍需第二证据。,不得仅凭本规则推出控制、冷战、讨好、攻击、依赖、花心、自私、欺骗、暴力、人格／依恋障碍、分手离婚或关系必败；必须结合真实行为、触发情境、反例与保护因素验证。,中高,待验证,,provisional=true,0.4
M4-OVERUSE-272,状态修正｜透干无根,L5 状态与动态修正,OVERUSE-状态修正,通用,状态修正,透干无根,,共享基础引擎确认透干无根。,基础状态未定或真合化争议另有路由。,由共享基础引擎提供；只修正功能承载、执行强度和压力反应，不直接等同有无主见。,由M1／M2接口提供；夫妻星只标注关系议题角色，不单独证明过用、不足或竞争。,由M3-BASE提供；日支底盘提高关系相关性，但不能单独建立失衡结论。,由M3及共享流向引擎提供；没有有效起点、转换和终点时，不得补写现实处理顺序。,由共享基础引擎判定；近位提高亲密关系相关性，远位降级为背景候选。,由共享基础引擎判定；根气主要修正重复调用能力，不等于现实中已经反复发生。,由共享基础引擎判定；强弱只修正调用强度与可用性，不直接等同功能质量。,喜忌只修正调用摩擦、平衡与承载，不直接等同好坏、成熟或道德品质。,原十神功能有效；真合化成立时按化神功能替换，合化争议时停止定性。,由共享基础引擎判定；近位提高进入关系核心的概率，远位只保留背景修正。,85,+2可见；持续性不加分,state_modifier,容易先被看见或先启动，但持续性不足；提高初期占位，不提高稳定能力。,容易先被看见或先启动，但持续性不足；提高初期占位，不提高稳定能力。,不得仅凭本规则推出控制、冷战、讨好、攻击、依赖、花心、自私、欺骗、暴力、人格／依恋障碍、分手离婚或关系必败；必须结合真实行为、触发情境、反例与保护因素验证。,中高,待验证,,provisional=true,0.4
M4-OVERUSE-273,状态修正｜藏支有根,L5 状态与动态修正,OVERUSE-状态修正,通用,状态修正,藏支有根,,共享基础引擎确认藏支有根。,基础状态未定或真合化争议另有路由。,由共享基础引擎提供；只修正功能承载、执行强度和压力反应，不直接等同有无主见。,由M1／M2接口提供；夫妻星只标注关系议题角色，不单独证明过用、不足或竞争。,由M3-BASE提供；日支底盘提高关系相关性，但不能单独建立失衡结论。,由M3及共享流向引擎提供；没有有效起点、转换和终点时，不得补写现实处理顺序。,由共享基础引擎判定；近位提高亲密关系相关性，远位降级为背景候选。,由共享基础引擎判定；根气主要修正重复调用能力，不等于现实中已经反复发生。,由共享基础引擎判定；强弱只修正调用强度与可用性，不直接等同功能质量。,喜忌只修正调用摩擦、平衡与承载，不直接等同好坏、成熟或道德品质。,原十神功能有效；真合化成立时按化神功能替换，合化争议时停止定性。,由共享基础引擎判定；近位提高进入关系核心的概率，远位只保留背景修正。,85,+3重复；可见度低,state_modifier,功能较内隐但可长期调用；更适合判断熟悉后、压力下或重复情境。,功能较内隐但可长期调用；更适合判断熟悉后、压力下或重复情境。,不得仅凭本规则推出控制、冷战、讨好、攻击、依赖、花心、自私、欺骗、暴力、人格／依恋障碍、分手离婚或关系必败；必须结合真实行为、触发情境、反例与保护因素验证。,中高,待验证,,provisional=true,0.4
M4-OVERUSE-274,状态修正｜藏而弱远,L5 状态与动态修正,OVERUSE-状态修正,通用,状态修正,藏而弱远,,共享基础引擎确认藏而弱远。,基础状态未定或真合化争议另有路由。,由共享基础引擎提供；只修正功能承载、执行强度和压力反应，不直接等同有无主见。,由M1／M2接口提供；夫妻星只标注关系议题角色，不单独证明过用、不足或竞争。,由M3-BASE提供；日支底盘提高关系相关性，但不能单独建立失衡结论。,由M3及共享流向引擎提供；没有有效起点、转换和终点时，不得补写现实处理顺序。,由共享基础引擎判定；近位提高亲密关系相关性，远位降级为背景候选。,由共享基础引擎判定；根气主要修正重复调用能力，不等于现实中已经反复发生。,由共享基础引擎判定；强弱只修正调用强度与可用性，不直接等同功能质量。,喜忌只修正调用摩擦、平衡与承载，不直接等同好坏、成熟或道德品质。,原十神功能有效；真合化成立时按化神功能替换，合化争议时停止定性。,由共享基础引擎判定；近位提高进入关系核心的概率，远位只保留背景修正。,85,降级；最多背景修正,state_modifier,只保留背景候选；不得独立建立不足或替代。,只保留背景候选；不得独立建立不足或替代。,不得仅凭本规则推出控制、冷战、讨好、攻击、依赖、花心、自私、欺骗、暴力、人格／依恋障碍、分手离婚或关系必败；必须结合真实行为、触发情境、反例与保护因素验证。,中高,待验证,,provisional=true,0.4
M4-OVERUSE-275,状态修正｜旺而平衡,L5 状态与动态修正,OVERUSE-状态修正,通用,状态修正,旺而平衡,,共享基础引擎确认旺而平衡。,基础状态未定或真合化争议另有路由。,由共享基础引擎提供；只修正功能承载、执行强度和压力反应，不直接等同有无主见。,由M1／M2接口提供；夫妻星只标注关系议题角色，不单独证明过用、不足或竞争。,由M3-BASE提供；日支底盘提高关系相关性，但不能单独建立失衡结论。,由M3及共享流向引擎提供；没有有效起点、转换和终点时，不得补写现实处理顺序。,由共享基础引擎判定；近位提高亲密关系相关性，远位降级为背景候选。,由共享基础引擎判定；根气主要修正重复调用能力，不等于现实中已经反复发生。,由共享基础引擎判定；强弱只修正调用强度与可用性，不直接等同功能质量。,喜忌只修正调用摩擦、平衡与承载，不直接等同好坏、成熟或道德品质。,原十神功能有效；真合化成立时按化神功能替换，合化争议时停止定性。,由共享基础引擎判定；近位提高进入关系核心的概率，远位只保留背景修正。,85,正常功能+4；K01不加分,state_modifier,说明功能熟练且有承载，不自动建立过用。,说明功能熟练且有承载，不自动建立过用。,不得仅凭本规则推出控制、冷战、讨好、攻击、依赖、花心、自私、欺骗、暴力、人格／依恋障碍、分手离婚或关系必败；必须结合真实行为、触发情境、反例与保护因素验证。,中高,待验证,,provisional=true,0.4
M4-OVERUSE-276,状态修正｜过旺失衡,L5 状态与动态修正,OVERUSE-状态修正,通用,状态修正,过旺失衡,,共享基础引擎确认过旺失衡。,基础状态未定或真合化争议另有路由。,由共享基础引擎提供；只修正功能承载、执行强度和压力反应，不直接等同有无主见。,由M1／M2接口提供；夫妻星只标注关系议题角色，不单独证明过用、不足或竞争。,由M3-BASE提供；日支底盘提高关系相关性，但不能单独建立失衡结论。,由M3及共享流向引擎提供；没有有效起点、转换和终点时，不得补写现实处理顺序。,由共享基础引擎判定；近位提高亲密关系相关性，远位降级为背景候选。,由共享基础引擎判定；根气主要修正重复调用能力，不等于现实中已经反复发生。,由共享基础引擎判定；强弱只修正调用强度与可用性，不直接等同功能质量。,喜忌只修正调用摩擦、平衡与承载，不直接等同好坏、成熟或道德品质。,原十神功能有效；真合化成立时按化神功能替换，合化争议时停止定性。,由共享基础引擎判定；近位提高进入关系核心的概率，远位只保留背景修正。,85,K01候选+5,state_modifier,提高抢先、占位和范围扩张候选，但必须检查制化和现实反例。,提高抢先、占位和范围扩张候选，但必须检查制化和现实反例。,不得仅凭本规则推出控制、冷战、讨好、攻击、依赖、花心、自私、欺骗、暴力、人格／依恋障碍、分手离婚或关系必败；必须结合真实行为、触发情境、反例与保护因素验证。,中高,待验证,,provisional=true,0.4
M4-OVERUSE-277,状态修正｜偏弱有助,L5 状态与动态修正,OVERUSE-状态修正,通用,状态修正,偏弱有助,,共享基础引擎确认偏弱有助。,基础状态未定或真合化争议另有路由。,由共享基础引擎提供；只修正功能承载、执行强度和压力反应，不直接等同有无主见。,由M1／M2接口提供；夫妻星只标注关系议题角色，不单独证明过用、不足或竞争。,由M3-BASE提供；日支底盘提高关系相关性，但不能单独建立失衡结论。,由M3及共享流向引擎提供；没有有效起点、转换和终点时，不得补写现实处理顺序。,由共享基础引擎判定；近位提高亲密关系相关性，远位降级为背景候选。,由共享基础引擎判定；根气主要修正重复调用能力，不等于现实中已经反复发生。,由共享基础引擎判定；强弱只修正调用强度与可用性，不直接等同功能质量。,喜忌只修正调用摩擦、平衡与承载，不直接等同好坏、成熟或道德品质。,原十神功能有效；真合化成立时按化神功能替换，合化争议时停止定性。,由共享基础引擎判定；近位提高进入关系核心的概率，远位只保留背景修正。,85,K02不加分；保留条件调用,state_modifier,条件合适时仍能调用；不得机械判断功能缺失。,条件合适时仍能调用；不得机械判断功能缺失。,不得仅凭本规则推出控制、冷战、讨好、攻击、依赖、花心、自私、欺骗、暴力、人格／依恋障碍、分手离婚或关系必败；必须结合真实行为、触发情境、反例与保护因素验证。,中高,待验证,,provisional=true,0.4
M4-OVERUSE-278,状态修正｜偏弱无助,L5 状态与动态修正,OVERUSE-状态修正,通用,状态修正,偏弱无助,,共享基础引擎确认偏弱无助。,基础状态未定或真合化争议另有路由。,由共享基础引擎提供；只修正功能承载、执行强度和压力反应，不直接等同有无主见。,由M1／M2接口提供；夫妻星只标注关系议题角色，不单独证明过用、不足或竞争。,由M3-BASE提供；日支底盘提高关系相关性，但不能单独建立失衡结论。,由M3及共享流向引擎提供；没有有效起点、转换和终点时，不得补写现实处理顺序。,由共享基础引擎判定；近位提高亲密关系相关性，远位降级为背景候选。,由共享基础引擎判定；根气主要修正重复调用能力，不等于现实中已经反复发生。,由共享基础引擎判定；强弱只修正调用强度与可用性，不直接等同功能质量。,喜忌只修正调用摩擦、平衡与承载，不直接等同好坏、成熟或道德品质。,原十神功能有效；真合化成立时按化神功能替换，合化争议时停止定性。,由共享基础引擎判定；近位提高进入关系核心的概率，远位只保留背景修正。,85,K02+4，需必要性,state_modifier,若该功能是当前任务必要环节且无替代，可提高K02候选。,若该功能是当前任务必要环节且无替代，可提高K02候选。,不得仅凭本规则推出控制、冷战、讨好、攻击、依赖、花心、自私、欺骗、暴力、人格／依恋障碍、分手离婚或关系必败；必须结合真实行为、触发情境、反例与保护因素验证。,中高,待验证,,provisional=true,0.4
M4-OVERUSE-279,状态修正｜为喜且平衡,L5 状态与动态修正,OVERUSE-状态修正,通用,状态修正,为喜且平衡,,共享基础引擎确认为喜且平衡。,基础状态未定或真合化争议另有路由。,由共享基础引擎提供；只修正功能承载、执行强度和压力反应，不直接等同有无主见。,由M1／M2接口提供；夫妻星只标注关系议题角色，不单独证明过用、不足或竞争。,由M3-BASE提供；日支底盘提高关系相关性，但不能单独建立失衡结论。,由M3及共享流向引擎提供；没有有效起点、转换和终点时，不得补写现实处理顺序。,由共享基础引擎判定；近位提高亲密关系相关性，远位降级为背景候选。,由共享基础引擎判定；根气主要修正重复调用能力，不等于现实中已经反复发生。,由共享基础引擎判定；强弱只修正调用强度与可用性，不直接等同功能质量。,喜忌只修正调用摩擦、平衡与承载，不直接等同好坏、成熟或道德品质。,原十神功能有效；真合化成立时按化神功能替换，合化争议时停止定性。,由共享基础引擎判定；近位提高进入关系核心的概率，远位只保留背景修正。,85,保护+3,state_modifier,使用相对顺畅，优先作为资源和保护因素，不直接判断成熟。,使用相对顺畅，优先作为资源和保护因素，不直接判断成熟。,不得仅凭本规则推出控制、冷战、讨好、攻击、依赖、花心、自私、欺骗、暴力、人格／依恋障碍、分手离婚或关系必败；必须结合真实行为、触发情境、反例与保护因素验证。,中高,待验证,,provisional=true,0.4
M4-OVERUSE-280,状态修正｜为忌且过旺,L5 状态与动态修正,OVERUSE-状态修正,通用,状态修正,为忌且过旺,,共享基础引擎确认为忌且过旺。,基础状态未定或真合化争议另有路由。,由共享基础引擎提供；只修正功能承载、执行强度和压力反应，不直接等同有无主见。,由M1／M2接口提供；夫妻星只标注关系议题角色，不单独证明过用、不足或竞争。,由M3-BASE提供；日支底盘提高关系相关性，但不能单独建立失衡结论。,由M3及共享流向引擎提供；没有有效起点、转换和终点时，不得补写现实处理顺序。,由共享基础引擎判定；近位提高亲密关系相关性，远位降级为背景候选。,由共享基础引擎判定；根气主要修正重复调用能力，不等于现实中已经反复发生。,由共享基础引擎判定；强弱只修正调用强度与可用性，不直接等同功能质量。,喜忌只修正调用摩擦、平衡与承载，不直接等同好坏、成熟或道德品质。,原十神功能有效；真合化成立时按化神功能替换，合化争议时停止定性。,由共享基础引擎判定；近位提高进入关系核心的概率，远位只保留背景修正。,85,K01／K05+3,state_modifier,提高摩擦和抢先启动候选，但不得翻译成负面人格。,提高摩擦和抢先启动候选，但不得翻译成负面人格。,不得仅凭本规则推出控制、冷战、讨好、攻击、依赖、花心、自私、欺骗、暴力、人格／依恋障碍、分手离婚或关系必败；必须结合真实行为、触发情境、反例与保护因素验证。,中高,待验证,,provisional=true,0.4
M4-OVERUSE-281,状态修正｜有制有化,L5 状态与动态修正,OVERUSE-状态修正,通用,状态修正,有制有化,,共享基础引擎确认有制有化。,基础状态未定或真合化争议另有路由。,由共享基础引擎提供；只修正功能承载、执行强度和压力反应，不直接等同有无主见。,由M1／M2接口提供；夫妻星只标注关系议题角色，不单独证明过用、不足或竞争。,由M3-BASE提供；日支底盘提高关系相关性，但不能单独建立失衡结论。,由M3及共享流向引擎提供；没有有效起点、转换和终点时，不得补写现实处理顺序。,由共享基础引擎判定；近位提高亲密关系相关性，远位降级为背景候选。,由共享基础引擎判定；根气主要修正重复调用能力，不等于现实中已经反复发生。,由共享基础引擎判定；强弱只修正调用强度与可用性，不直接等同功能质量。,喜忌只修正调用摩擦、平衡与承载，不直接等同好坏、成熟或道德品质。,原十神功能有效；真合化成立时按化神功能替换，合化争议时停止定性。,由共享基础引擎判定；近位提高进入关系核心的概率，远位只保留背景修正。,85,保护-6至-10,state_modifier,过用受到限制或能被另一功能转换，应实质降权。,过用受到限制或能被另一功能转换，应实质降权。,不得仅凭本规则推出控制、冷战、讨好、攻击、依赖、花心、自私、欺骗、暴力、人格／依恋障碍、分手离婚或关系必败；必须结合真实行为、触发情境、反例与保护因素验证。,中高,待验证,,provisional=true,0.4
M4-OVERUSE-282,状态修正｜强而无制,L5 状态与动态修正,OVERUSE-状态修正,通用,状态修正,强而无制,,共享基础引擎确认强而无制。,基础状态未定或真合化争议另有路由。,由共享基础引擎提供；只修正功能承载、执行强度和压力反应，不直接等同有无主见。,由M1／M2接口提供；夫妻星只标注关系议题角色，不单独证明过用、不足或竞争。,由M3-BASE提供；日支底盘提高关系相关性，但不能单独建立失衡结论。,由M3及共享流向引擎提供；没有有效起点、转换和终点时，不得补写现实处理顺序。,由共享基础引擎判定；近位提高亲密关系相关性，远位降级为背景候选。,由共享基础引擎判定；根气主要修正重复调用能力，不等于现实中已经反复发生。,由共享基础引擎判定；强弱只修正调用强度与可用性，不直接等同功能质量。,喜忌只修正调用摩擦、平衡与承载，不直接等同好坏、成熟或道德品质。,原十神功能有效；真合化成立时按化神功能替换，合化争议时停止定性。,由共享基础引擎判定；近位提高进入关系核心的概率，远位只保留背景修正。,85,K01／K03+4,state_modifier,提高单通道占位和范围扩张候选。,提高单通道占位和范围扩张候选。,不得仅凭本规则推出控制、冷战、讨好、攻击、依赖、花心、自私、欺骗、暴力、人格／依恋障碍、分手离婚或关系必败；必须结合真实行为、触发情境、反例与保护因素验证。,中高,待验证,,provisional=true,0.4
M4-OVERUSE-283,状态修正｜通关成立,L5 状态与动态修正,OVERUSE-状态修正,通用,状态修正,通关成立,,共享基础引擎确认通关成立。,基础状态未定或真合化争议另有路由。,由共享基础引擎提供；只修正功能承载、执行强度和压力反应，不直接等同有无主见。,由M1／M2接口提供；夫妻星只标注关系议题角色，不单独证明过用、不足或竞争。,由M3-BASE提供；日支底盘提高关系相关性，但不能单独建立失衡结论。,由M3及共享流向引擎提供；没有有效起点、转换和终点时，不得补写现实处理顺序。,由共享基础引擎判定；近位提高亲密关系相关性，远位降级为背景候选。,由共享基础引擎判定；根气主要修正重复调用能力，不等于现实中已经反复发生。,由共享基础引擎判定；强弱只修正调用强度与可用性，不直接等同功能质量。,喜忌只修正调用摩擦、平衡与承载，不直接等同好坏、成熟或道德品质。,原十神功能有效；真合化成立时按化神功能替换，合化争议时停止定性。,由共享基础引擎判定；近位提高进入关系核心的概率，远位只保留背景修正。,85,K06-8至停止,state_modifier,起点能够转入目标功能，K06应降权或停止。,起点能够转入目标功能，K06应降权或停止。,不得仅凭本规则推出控制、冷战、讨好、攻击、依赖、花心、自私、欺骗、暴力、人格／依恋障碍、分手离婚或关系必败；必须结合真实行为、触发情境、反例与保护因素验证。,中高,待验证,,provisional=true,0.4
M4-OVERUSE-284,状态修正｜通关不足,L5 状态与动态修正,OVERUSE-状态修正,通用,状态修正,通关不足,,共享基础引擎确认通关不足。,基础状态未定或真合化争议另有路由。,由共享基础引擎提供；只修正功能承载、执行强度和压力反应，不直接等同有无主见。,由M1／M2接口提供；夫妻星只标注关系议题角色，不单独证明过用、不足或竞争。,由M3-BASE提供；日支底盘提高关系相关性，但不能单独建立失衡结论。,由M3及共享流向引擎提供；没有有效起点、转换和终点时，不得补写现实处理顺序。,由共享基础引擎判定；近位提高亲密关系相关性，远位降级为背景候选。,由共享基础引擎判定；根气主要修正重复调用能力，不等于现实中已经反复发生。,由共享基础引擎判定；强弱只修正调用强度与可用性，不直接等同功能质量。,喜忌只修正调用摩擦、平衡与承载，不直接等同好坏、成熟或道德品质。,原十神功能有效；真合化成立时按化神功能替换，合化争议时停止定性。,由共享基础引擎判定；近位提高进入关系核心的概率，远位只保留背景修正。,85,K06+5,state_modifier,起点和目标均存在但桥梁弱，提高K06候选。,起点和目标均存在但桥梁弱，提高K06候选。,不得仅凭本规则推出控制、冷战、讨好、攻击、依赖、花心、自私、欺骗、暴力、人格／依恋障碍、分手离婚或关系必败；必须结合真实行为、触发情境、反例与保护因素验证。,中高,待验证,,provisional=true,0.4
M4-OVERUSE-285,状态修正｜近位,L5 状态与动态修正,OVERUSE-状态修正,通用,状态修正,近位,,共享基础引擎确认近位。,基础状态未定或真合化争议另有路由。,由共享基础引擎提供；只修正功能承载、执行强度和压力反应，不直接等同有无主见。,由M1／M2接口提供；夫妻星只标注关系议题角色，不单独证明过用、不足或竞争。,由M3-BASE提供；日支底盘提高关系相关性，但不能单独建立失衡结论。,由M3及共享流向引擎提供；没有有效起点、转换和终点时，不得补写现实处理顺序。,由共享基础引擎判定；近位提高亲密关系相关性，远位降级为背景候选。,由共享基础引擎判定；根气主要修正重复调用能力，不等于现实中已经反复发生。,由共享基础引擎判定；强弱只修正调用强度与可用性，不直接等同功能质量。,喜忌只修正调用摩擦、平衡与承载，不直接等同好坏、成熟或道德品质。,原十神功能有效；真合化成立时按化神功能替换，合化争议时停止定性。,由共享基础引擎判定；近位提高进入关系核心的概率，远位只保留背景修正。,85,相关性+3,state_modifier,提高功能进入亲密关系核心的概率。,提高功能进入亲密关系核心的概率。,不得仅凭本规则推出控制、冷战、讨好、攻击、依赖、花心、自私、欺骗、暴力、人格／依恋障碍、分手离婚或关系必败；必须结合真实行为、触发情境、反例与保护因素验证。,中高,待验证,,provisional=true,0.4
M4-OVERUSE-286,状态修正｜远位,L5 状态与动态修正,OVERUSE-状态修正,通用,状态修正,远位,,共享基础引擎确认远位。,基础状态未定或真合化争议另有路由。,由共享基础引擎提供；只修正功能承载、执行强度和压力反应，不直接等同有无主见。,由M1／M2接口提供；夫妻星只标注关系议题角色，不单独证明过用、不足或竞争。,由M3-BASE提供；日支底盘提高关系相关性，但不能单独建立失衡结论。,由M3及共享流向引擎提供；没有有效起点、转换和终点时，不得补写现实处理顺序。,由共享基础引擎判定；近位提高亲密关系相关性，远位降级为背景候选。,由共享基础引擎判定；根气主要修正重复调用能力，不等于现实中已经反复发生。,由共享基础引擎判定；强弱只修正调用强度与可用性，不直接等同功能质量。,喜忌只修正调用摩擦、平衡与承载，不直接等同好坏、成熟或道德品质。,原十神功能有效；真合化成立时按化神功能替换，合化争议时停止定性。,由共享基础引擎判定；近位提高进入关系核心的概率，远位只保留背景修正。,85,相关性-3,state_modifier,降级为背景、社会情境或阶段性候选。,降级为背景、社会情境或阶段性候选。,不得仅凭本规则推出控制、冷战、讨好、攻击、依赖、花心、自私、欺骗、暴力、人格／依恋障碍、分手离婚或关系必败；必须结合真实行为、触发情境、反例与保护因素验证。,中高,待验证,,provisional=true,0.4
M4-OVERUSE-287,状态修正｜日支主气,L5 状态与动态修正,OVERUSE-状态修正,通用,状态修正,日支主气,,共享基础引擎确认日支主气。,基础状态未定或真合化争议另有路由。,由共享基础引擎提供；只修正功能承载、执行强度和压力反应，不直接等同有无主见。,由M1／M2接口提供；夫妻星只标注关系议题角色，不单独证明过用、不足或竞争。,由M3-BASE提供；日支底盘提高关系相关性，但不能单独建立失衡结论。,由M3及共享流向引擎提供；没有有效起点、转换和终点时，不得补写现实处理顺序。,由共享基础引擎判定；近位提高亲密关系相关性，远位降级为背景候选。,由共享基础引擎判定；根气主要修正重复调用能力，不等于现实中已经反复发生。,由共享基础引擎判定；强弱只修正调用强度与可用性，不直接等同功能质量。,喜忌只修正调用摩擦、平衡与承载，不直接等同好坏、成熟或道德品质。,原十神功能有效；真合化成立时按化神功能替换，合化争议时停止定性。,由共享基础引擎判定；近位提高进入关系核心的概率，远位只保留背景修正。,85,功能来源+5；机制需独立证据,state_modifier,提高关系核心权重；仍不能单独建立失衡。,提高关系核心权重；仍不能单独建立失衡。,不得仅凭本规则推出控制、冷战、讨好、攻击、依赖、花心、自私、欺骗、暴力、人格／依恋障碍、分手离婚或关系必败；必须结合真实行为、触发情境、反例与保护因素验证。,中高,待验证,,provisional=true,0.4
M4-OVERUSE-288,状态修正｜日支中气,L5 状态与动态修正,OVERUSE-状态修正,通用,状态修正,日支中气,,共享基础引擎确认日支中气。,基础状态未定或真合化争议另有路由。,由共享基础引擎提供；只修正功能承载、执行强度和压力反应，不直接等同有无主见。,由M1／M2接口提供；夫妻星只标注关系议题角色，不单独证明过用、不足或竞争。,由M3-BASE提供；日支底盘提高关系相关性，但不能单独建立失衡结论。,由M3及共享流向引擎提供；没有有效起点、转换和终点时，不得补写现实处理顺序。,由共享基础引擎判定；近位提高亲密关系相关性，远位降级为背景候选。,由共享基础引擎判定；根气主要修正重复调用能力，不等于现实中已经反复发生。,由共享基础引擎判定；强弱只修正调用强度与可用性，不直接等同功能质量。,喜忌只修正调用摩擦、平衡与承载，不直接等同好坏、成熟或道德品质。,原十神功能有效；真合化成立时按化神功能替换，合化争议时停止定性。,由共享基础引擎判定；近位提高进入关系核心的概率，远位只保留背景修正。,85,次信号+3,state_modifier,作为第二功能、调节或竞争候选；需有效根透支持。,作为第二功能、调节或竞争候选；需有效根透支持。,不得仅凭本规则推出控制、冷战、讨好、攻击、依赖、花心、自私、欺骗、暴力、人格／依恋障碍、分手离婚或关系必败；必须结合真实行为、触发情境、反例与保护因素验证。,中高,待验证,,provisional=true,0.4
M4-OVERUSE-289,状态修正｜日支余气,L5 状态与动态修正,OVERUSE-状态修正,通用,状态修正,日支余气,,共享基础引擎确认日支余气。,基础状态未定或真合化争议另有路由。,由共享基础引擎提供；只修正功能承载、执行强度和压力反应，不直接等同有无主见。,由M1／M2接口提供；夫妻星只标注关系议题角色，不单独证明过用、不足或竞争。,由M3-BASE提供；日支底盘提高关系相关性，但不能单独建立失衡结论。,由M3及共享流向引擎提供；没有有效起点、转换和终点时，不得补写现实处理顺序。,由共享基础引擎判定；近位提高亲密关系相关性，远位降级为背景候选。,由共享基础引擎判定；根气主要修正重复调用能力，不等于现实中已经反复发生。,由共享基础引擎判定；强弱只修正调用强度与可用性，不直接等同功能质量。,喜忌只修正调用摩擦、平衡与承载，不直接等同好坏、成熟或道德品质。,原十神功能有效；真合化成立时按化神功能替换，合化争议时停止定性。,由共享基础引擎判定；近位提高进入关系核心的概率，远位只保留背景修正。,85,最多+1,state_modifier,只作潜在背景或特定压力下的备用通道。,只作潜在背景或特定压力下的备用通道。,不得仅凭本规则推出控制、冷战、讨好、攻击、依赖、花心、自私、欺骗、暴力、人格／依恋障碍、分手离婚或关系必败；必须结合真实行为、触发情境、反例与保护因素验证。,中高,待验证,,provisional=true,0.4
M4-OVERUSE-290,状态修正｜合,L5 状态与动态修正,OVERUSE-状态修正,通用,状态修正,合,,共享基础引擎确认合。,基础状态未定或真合化争议另有路由。,由共享基础引擎提供；只修正功能承载、执行强度和压力反应，不直接等同有无主见。,由M1／M2接口提供；夫妻星只标注关系议题角色，不单独证明过用、不足或竞争。,由M3-BASE提供；日支底盘提高关系相关性，但不能单独建立失衡结论。,由M3及共享流向引擎提供；没有有效起点、转换和终点时，不得补写现实处理顺序。,由共享基础引擎判定；近位提高亲密关系相关性，远位降级为背景候选。,由共享基础引擎判定；根气主要修正重复调用能力，不等于现实中已经反复发生。,由共享基础引擎判定；强弱只修正调用强度与可用性，不直接等同功能质量。,喜忌只修正调用摩擦、平衡与承载，不直接等同好坏、成熟或道德品质。,原十神功能有效；真合化成立时按化神功能替换，合化争议时停止定性。,由共享基础引擎判定；近位提高进入关系核心的概率，远位只保留背景修正。,85,路由检查，不直接加风险,state_modifier,多个关系任务容易牵连；提高K03替代或K05竞争的检查优先级，不直接负面化。,多个关系任务容易牵连；提高K03替代或K05竞争的检查优先级，不直接负面化。,不得仅凭本规则推出控制、冷战、讨好、攻击、依赖、花心、自私、欺骗、暴力、人格／依恋障碍、分手离婚或关系必败；必须结合真实行为、触发情境、反例与保护因素验证。,中高,待验证,,provisional=true,0.4
M4-OVERUSE-291,状态修正｜冲,L5 状态与动态修正,OVERUSE-状态修正,通用,状态修正,冲,,共享基础引擎确认冲。,基础状态未定或真合化争议另有路由。,由共享基础引擎提供；只修正功能承载、执行强度和压力反应，不直接等同有无主见。,由M1／M2接口提供；夫妻星只标注关系议题角色，不单独证明过用、不足或竞争。,由M3-BASE提供；日支底盘提高关系相关性，但不能单独建立失衡结论。,由M3及共享流向引擎提供；没有有效起点、转换和终点时，不得补写现实处理顺序。,由共享基础引擎判定；近位提高亲密关系相关性，远位降级为背景候选。,由共享基础引擎判定；根气主要修正重复调用能力，不等于现实中已经反复发生。,由共享基础引擎判定；强弱只修正调用强度与可用性，不直接等同功能质量。,喜忌只修正调用摩擦、平衡与承载，不直接等同好坏、成熟或道德品质。,原十神功能有效；真合化成立时按化神功能替换，合化争议时停止定性。,由共享基础引擎判定；近位提高进入关系核心的概率，远位只保留背景修正。,85,触发路由+2,state_modifier,差异与状态切换更外显；提高K04顺序和K05竞争的检查优先级。,差异与状态切换更外显；提高K04顺序和K05竞争的检查优先级。,不得仅凭本规则推出控制、冷战、讨好、攻击、依赖、花心、自私、欺骗、暴力、人格／依恋障碍、分手离婚或关系必败；必须结合真实行为、触发情境、反例与保护因素验证。,中高,待验证,,provisional=true,0.4
M4-OVERUSE-292,状态修正｜刑,L5 状态与动态修正,OVERUSE-状态修正,通用,状态修正,刑,,共享基础引擎确认刑。,基础状态未定或真合化争议另有路由。,由共享基础引擎提供；只修正功能承载、执行强度和压力反应，不直接等同有无主见。,由M1／M2接口提供；夫妻星只标注关系议题角色，不单独证明过用、不足或竞争。,由M3-BASE提供；日支底盘提高关系相关性，但不能单独建立失衡结论。,由M3及共享流向引擎提供；没有有效起点、转换和终点时，不得补写现实处理顺序。,由共享基础引擎判定；近位提高亲密关系相关性，远位降级为背景候选。,由共享基础引擎判定；根气主要修正重复调用能力，不等于现实中已经反复发生。,由共享基础引擎判定；强弱只修正调用强度与可用性，不直接等同功能质量。,喜忌只修正调用摩擦、平衡与承载，不直接等同好坏、成熟或道德品质。,原十神功能有效；真合化成立时按化神功能替换，合化争议时停止定性。,由共享基础引擎判定；近位提高进入关系核心的概率，远位只保留背景修正。,85,重复校正候选+2,state_modifier,同一任务可能反复校正；提高多轮处理检查，不等于固定循环。,同一任务可能反复校正；提高多轮处理检查，不等于固定循环。,不得仅凭本规则推出控制、冷战、讨好、攻击、依赖、花心、自私、欺骗、暴力、人格／依恋障碍、分手离婚或关系必败；必须结合真实行为、触发情境、反例与保护因素验证。,中高,待验证,,provisional=true,0.4
M4-OVERUSE-293,状态修正｜害,L5 状态与动态修正,OVERUSE-状态修正,通用,状态修正,害,,共享基础引擎确认害。,基础状态未定或真合化争议另有路由。,由共享基础引擎提供；只修正功能承载、执行强度和压力反应，不直接等同有无主见。,由M1／M2接口提供；夫妻星只标注关系议题角色，不单独证明过用、不足或竞争。,由M3-BASE提供；日支底盘提高关系相关性，但不能单独建立失衡结论。,由M3及共享流向引擎提供；没有有效起点、转换和终点时，不得补写现实处理顺序。,由共享基础引擎判定；近位提高亲密关系相关性，远位降级为背景候选。,由共享基础引擎判定；根气主要修正重复调用能力，不等于现实中已经反复发生。,由共享基础引擎判定；强弱只修正调用强度与可用性，不直接等同功能质量。,喜忌只修正调用摩擦、平衡与承载，不直接等同好坏、成熟或道德品质。,原十神功能有效；真合化成立时按化神功能替换，合化争议时停止定性。,由共享基础引擎判定；近位提高进入关系核心的概率，远位只保留背景修正。,85,隐性缺位候选+2,state_modifier,隐性期待与默认规则错位；提高K02缺位和K04顺序检查。,隐性期待与默认规则错位；提高K02缺位和K04顺序检查。,不得仅凭本规则推出控制、冷战、讨好、攻击、依赖、花心、自私、欺骗、暴力、人格／依恋障碍、分手离婚或关系必败；必须结合真实行为、触发情境、反例与保护因素验证。,中高,待验证,,provisional=true,0.4
M4-OVERUSE-294,状态修正｜破,L5 状态与动态修正,OVERUSE-状态修正,通用,状态修正,破,,共享基础引擎确认破。,基础状态未定或真合化争议另有路由。,由共享基础引擎提供；只修正功能承载、执行强度和压力反应，不直接等同有无主见。,由M1／M2接口提供；夫妻星只标注关系议题角色，不单独证明过用、不足或竞争。,由M3-BASE提供；日支底盘提高关系相关性，但不能单独建立失衡结论。,由M3及共享流向引擎提供；没有有效起点、转换和终点时，不得补写现实处理顺序。,由共享基础引擎判定；近位提高亲密关系相关性，远位降级为背景候选。,由共享基础引擎判定；根气主要修正重复调用能力，不等于现实中已经反复发生。,由共享基础引擎判定；强弱只修正调用强度与可用性，不直接等同功能质量。,喜忌只修正调用摩擦、平衡与承载，不直接等同好坏、成熟或道德品质。,原十神功能有效；真合化成立时按化神功能替换，合化争议时停止定性。,由共享基础引擎判定；近位提高进入关系核心的概率，远位只保留背景修正。,85,重组路由+2,state_modifier,原有安排或通道组合需要重组；提高替代失效与转换卡点检查。,原有安排或通道组合需要重组；提高替代失效与转换卡点检查。,不得仅凭本规则推出控制、冷战、讨好、攻击、依赖、花心、自私、欺骗、暴力、人格／依恋障碍、分手离婚或关系必败；必须结合真实行为、触发情境、反例与保护因素验证。,中高,待验证,,provisional=true,0.4
M4-OVERUSE-295,状态修正｜真合化,L5 状态与动态修正,OVERUSE-状态修正,通用,状态修正,真合化,,共享基础引擎确认真合化。,基础状态未定或真合化争议另有路由。,由共享基础引擎提供；只修正功能承载、执行强度和压力反应，不直接等同有无主见。,由M1／M2接口提供；夫妻星只标注关系议题角色，不单独证明过用、不足或竞争。,由M3-BASE提供；日支底盘提高关系相关性，但不能单独建立失衡结论。,由M3及共享流向引擎提供；没有有效起点、转换和终点时，不得补写现实处理顺序。,由共享基础引擎判定；近位提高亲密关系相关性，远位降级为背景候选。,由共享基础引擎判定；根气主要修正重复调用能力，不等于现实中已经反复发生。,由共享基础引擎判定；强弱只修正调用强度与可用性，不直接等同功能质量。,喜忌只修正调用摩擦、平衡与承载，不直接等同好坏、成熟或道德品质。,原十神功能有效；真合化成立时按化神功能替换，合化争议时停止定性。,由共享基础引擎判定；近位提高进入关系核心的概率，远位只保留背景修正。,85,替换路由,state_modifier,原十神通道清零，按化神功能重新映射；不得双重计分。,原十神通道清零，按化神功能重新映射；不得双重计分。,不得仅凭本规则推出控制、冷战、讨好、攻击、依赖、花心、自私、欺骗、暴力、人格／依恋障碍、分手离婚或关系必败；必须结合真实行为、触发情境、反例与保护因素验证。,中高,待验证,,provisional=true,0.4
M4-OVERUSE-296,状态修正｜合化争议,L5 状态与动态修正,OVERUSE-状态修正,通用,状态修正,合化争议,,共享基础引擎确认合化争议。,基础状态未定或真合化争议另有路由。,由共享基础引擎提供；只修正功能承载、执行强度和压力反应，不直接等同有无主见。,由M1／M2接口提供；夫妻星只标注关系议题角色，不单独证明过用、不足或竞争。,由M3-BASE提供；日支底盘提高关系相关性，但不能单独建立失衡结论。,由M3及共享流向引擎提供；没有有效起点、转换和终点时，不得补写现实处理顺序。,由共享基础引擎判定；近位提高亲密关系相关性，远位降级为背景候选。,由共享基础引擎判定；根气主要修正重复调用能力，不等于现实中已经反复发生。,由共享基础引擎判定；强弱只修正调用强度与可用性，不直接等同功能质量。,喜忌只修正调用摩擦、平衡与承载，不直接等同好坏、成熟或道德品质。,原十神功能有效；真合化成立时按化神功能替换，合化争议时停止定性。,由共享基础引擎判定；近位提高进入关系核心的概率，远位只保留背景修正。,85,STOP／低置信,state_modifier,关键基础性质无法锁定时停止主机制，最多给有限回退。,关键基础性质无法锁定时停止主机制，最多给有限回退。,不得仅凭本规则推出控制、冷战、讨好、攻击、依赖、花心、自私、欺骗、暴力、人格／依恋障碍、分手离婚或关系必败；必须结合真实行为、触发情境、反例与保护因素验证。,中高,待验证,,provisional=true,0.4
M4-OVERUSE-297,状态修正｜同源重复,L5 状态与动态修正,OVERUSE-状态修正,通用,状态修正,同源重复,,共享基础引擎确认同源重复。,基础状态未定或真合化争议另有路由。,由共享基础引擎提供；只修正功能承载、执行强度和压力反应，不直接等同有无主见。,由M1／M2接口提供；夫妻星只标注关系议题角色，不单独证明过用、不足或竞争。,由M3-BASE提供；日支底盘提高关系相关性，但不能单独建立失衡结论。,由M3及共享流向引擎提供；没有有效起点、转换和终点时，不得补写现实处理顺序。,由共享基础引擎判定；近位提高亲密关系相关性，远位降级为背景候选。,由共享基础引擎判定；根气主要修正重复调用能力，不等于现实中已经反复发生。,由共享基础引擎判定；强弱只修正调用强度与可用性，不直接等同功能质量。,喜忌只修正调用摩擦、平衡与承载，不直接等同好坏、成熟或道德品质。,原十神功能有效；真合化成立时按化神功能替换，合化争议时停止定性。,由共享基础引擎判定；近位提高进入关系核心的概率，远位只保留背景修正。,85,每重复来源-8,state_modifier,同一日支、透藏根或同一事件被多模块重复解释。,同一日支、透藏根或同一事件被多模块重复解释。,不得仅凭本规则推出控制、冷战、讨好、攻击、依赖、花心、自私、欺骗、暴力、人格／依恋障碍、分手离婚或关系必败；必须结合真实行为、触发情境、反例与保护因素验证。,中高,待验证,,provisional=true,0.4
M4-OVERUSE-298,状态修正｜第二独立来源,L5 状态与动态修正,OVERUSE-状态修正,通用,状态修正,第二独立来源,,共享基础引擎确认第二独立来源。,基础状态未定或真合化争议另有路由。,由共享基础引擎提供；只修正功能承载、执行强度和压力反应，不直接等同有无主见。,由M1／M2接口提供；夫妻星只标注关系议题角色，不单独证明过用、不足或竞争。,由M3-BASE提供；日支底盘提高关系相关性，但不能单独建立失衡结论。,由M3及共享流向引擎提供；没有有效起点、转换和终点时，不得补写现实处理顺序。,由共享基础引擎判定；近位提高亲密关系相关性，远位降级为背景候选。,由共享基础引擎判定；根气主要修正重复调用能力，不等于现实中已经反复发生。,由共享基础引擎判定；强弱只修正调用强度与可用性，不直接等同功能质量。,喜忌只修正调用摩擦、平衡与承载，不直接等同好坏、成熟或道德品质。,原十神功能有效；真合化成立时按化神功能替换，合化争议时停止定性。,由共享基础引擎判定；近位提高进入关系核心的概率，远位只保留背景修正。,85,+8独立证据,state_modifier,不同柱位、不同功能、不同现实事件或状态证据相互支持。,不同柱位、不同功能、不同现实事件或状态证据相互支持。,不得仅凭本规则推出控制、冷战、讨好、攻击、依赖、花心、自私、欺骗、暴力、人格／依恋障碍、分手离婚或关系必败；必须结合真实行为、触发情境、反例与保护因素验证。,中高,待验证,,provisional=true,0.4
M4-OVERUSE-299,状态修正｜阶段覆盖,L5 状态与动态修正,OVERUSE-状态修正,通用,状态修正,阶段覆盖,,共享基础引擎确认阶段覆盖。,基础状态未定或真合化争议另有路由。,由共享基础引擎提供；只修正功能承载、执行强度和压力反应，不直接等同有无主见。,由M1／M2接口提供；夫妻星只标注关系议题角色，不单独证明过用、不足或竞争。,由M3-BASE提供；日支底盘提高关系相关性，但不能单独建立失衡结论。,由M3及共享流向引擎提供；没有有效起点、转换和终点时，不得补写现实处理顺序。,由共享基础引擎判定；近位提高亲密关系相关性，远位降级为背景候选。,由共享基础引擎判定；根气主要修正重复调用能力，不等于现实中已经反复发生。,由共享基础引擎判定；强弱只修正调用强度与可用性，不直接等同功能质量。,喜忌只修正调用摩擦、平衡与承载，不直接等同好坏、成熟或道德品质。,原十神功能有效；真合化成立时按化神功能替换，合化争议时停止定性。,由共享基础引擎判定；近位提高进入关系核心的概率，远位只保留背景修正。,85,标记阶段性；不改原局主机制,state_modifier,大运流年可临时放大或压低通道，但不得覆盖原局底盘为永久人格。,大运流年可临时放大或压低通道，但不得覆盖原局底盘为永久人格。,不得仅凭本规则推出控制、冷战、讨好、攻击、依赖、花心、自私、欺骗、暴力、人格／依恋障碍、分手离婚或关系必败；必须结合真实行为、触发情境、反例与保护因素验证。,中高,待验证,,provisional=true,0.4
M4-OVERUSE-300,状态修正｜现实行为与反例优先,L5 状态与动态修正,OVERUSE-状态修正,通用,状态修正,现实行为与反例优先,,共享基础引擎确认现实行为与反例优先。,基础状态未定或真合化争议另有路由。,由共享基础引擎提供；只修正功能承载、执行强度和压力反应，不直接等同有无主见。,由M1／M2接口提供；夫妻星只标注关系议题角色，不单独证明过用、不足或竞争。,由M3-BASE提供；日支底盘提高关系相关性，但不能单独建立失衡结论。,由M3及共享流向引擎提供；没有有效起点、转换和终点时，不得补写现实处理顺序。,由共享基础引擎判定；近位提高亲密关系相关性，远位降级为背景候选。,由共享基础引擎判定；根气主要修正重复调用能力，不等于现实中已经反复发生。,由共享基础引擎判定；强弱只修正调用强度与可用性，不直接等同功能质量。,喜忌只修正调用摩擦、平衡与承载，不直接等同好坏、成熟或道德品质。,原十神功能有效；真合化成立时按化神功能替换，合化争议时停止定性。,由共享基础引擎判定；近位提高进入关系核心的概率，远位只保留背景修正。,85,支持则升级；反例-12或停止,state_modifier,现实中稳定表现或明确反例优先于命理结构分数。,现实中稳定表现或明确反例优先于命理结构分数。,不得仅凭本规则推出控制、冷战、讨好、攻击、依赖、花心、自私、欺骗、暴力、人格／依恋障碍、分手离婚或关系必败；必须结合真实行为、触发情境、反例与保护因素验证。,中高,待验证,,provisional=true,0.4
M4-OVERUSE-301,M3-BASE接口,L6 接口、去重与停止,OVERUSE-接口去重,通用,接口／门控,M3-BASE,,调用M3-BASE接口。,相关来源停止或同源未去重。,由共享基础引擎提供；只修正功能承载、执行强度和压力反应，不直接等同有无主见。,由M1／M2接口提供；夫妻星只标注关系议题角色，不单独证明过用、不足或竞争。,由M3-BASE提供；日支底盘提高关系相关性，但不能单独建立失衡结论。,由M3及共享流向引擎提供；没有有效起点、转换和终点时，不得补写现实处理顺序。,由共享基础引擎判定；近位提高亲密关系相关性，远位降级为背景候选。,由共享基础引擎判定；根气主要修正重复调用能力，不等于现实中已经反复发生。,由共享基础引擎判定；强弱只修正调用强度与可用性，不直接等同功能质量。,喜忌只修正调用摩擦、平衡与承载，不直接等同好坏、成熟或道德品质。,原十神功能有效；真合化成立时按化神功能替换，合化争议时停止定性。,由共享基础引擎判定；近位提高进入关系核心的概率，远位只保留背景修正。,92,接口／去重／停止,cross_model_ref,读取关系运行底盘，确定正常功能来源；不重复计算日支基础权重。,读取关系运行底盘，确定正常功能来源；不重复计算日支基础权重。,不得仅凭本规则推出控制、冷战、讨好、攻击、依赖、花心、自私、欺骗、暴力、人格／依恋障碍、分手离婚或关系必败；必须结合真实行为、触发情境、反例与保护因素验证。,高,待验证,,provisional=true,0.4
M4-OVERUSE-302,M3-EXPR接口,L6 接口、去重与停止,OVERUSE-接口去重,通用,接口／门控,M3-EXPR,,调用M3-EXPR接口。,相关来源停止或同源未去重。,由共享基础引擎提供；只修正功能承载、执行强度和压力反应，不直接等同有无主见。,由M1／M2接口提供；夫妻星只标注关系议题角色，不单独证明过用、不足或竞争。,由M3-BASE提供；日支底盘提高关系相关性，但不能单独建立失衡结论。,由M3及共享流向引擎提供；没有有效起点、转换和终点时，不得补写现实处理顺序。,由共享基础引擎判定；近位提高亲密关系相关性，远位降级为背景候选。,由共享基础引擎判定；根气主要修正重复调用能力，不等于现实中已经反复发生。,由共享基础引擎判定；强弱只修正调用强度与可用性，不直接等同功能质量。,喜忌只修正调用摩擦、平衡与承载，不直接等同好坏、成熟或道德品质。,原十神功能有效；真合化成立时按化神功能替换，合化争议时停止定性。,由共享基础引擎判定；近位提高进入关系核心的概率，远位只保留背景修正。,92,接口／去重／停止,cross_model_ref,读取表达通道，检查说、听、需求与行动转换；同一事实只计一次。,读取表达通道，检查说、听、需求与行动转换；同一事实只计一次。,不得仅凭本规则推出控制、冷战、讨好、攻击、依赖、花心、自私、欺骗、暴力、人格／依恋障碍、分手离婚或关系必败；必须结合真实行为、触发情境、反例与保护因素验证。,高,待验证,,provisional=true,0.4
M4-OVERUSE-303,M3-CARE接口,L6 接口、去重与停止,OVERUSE-接口去重,通用,接口／门控,M3-CARE,,调用M3-CARE接口。,相关来源停止或同源未去重。,由共享基础引擎提供；只修正功能承载、执行强度和压力反应，不直接等同有无主见。,由M1／M2接口提供；夫妻星只标注关系议题角色，不单独证明过用、不足或竞争。,由M3-BASE提供；日支底盘提高关系相关性，但不能单独建立失衡结论。,由M3及共享流向引擎提供；没有有效起点、转换和终点时，不得补写现实处理顺序。,由共享基础引擎判定；近位提高亲密关系相关性，远位降级为背景候选。,由共享基础引擎判定；根气主要修正重复调用能力，不等于现实中已经反复发生。,由共享基础引擎判定；强弱只修正调用强度与可用性，不直接等同功能质量。,喜忌只修正调用摩擦、平衡与承载，不直接等同好坏、成熟或道德品质。,原十神功能有效；真合化成立时按化神功能替换，合化争议时停止定性。,由共享基础引擎判定；近位提高进入关系核心的概率，远位只保留背景修正。,92,接口／去重／停止,cross_model_ref,读取投入、请求、接受与回馈，检查付出是否替代边界或承诺。,读取投入、请求、接受与回馈，检查付出是否替代边界或承诺。,不得仅凭本规则推出控制、冷战、讨好、攻击、依赖、花心、自私、欺骗、暴力、人格／依恋障碍、分手离婚或关系必败；必须结合真实行为、触发情境、反例与保护因素验证。,高,待验证,,provisional=true,0.4
M4-OVERUSE-304,M3-BOUND接口,L6 接口、去重与停止,OVERUSE-接口去重,通用,接口／门控,M3-BOUND,,调用M3-BOUND接口。,相关来源停止或同源未去重。,由共享基础引擎提供；只修正功能承载、执行强度和压力反应，不直接等同有无主见。,由M1／M2接口提供；夫妻星只标注关系议题角色，不单独证明过用、不足或竞争。,由M3-BASE提供；日支底盘提高关系相关性，但不能单独建立失衡结论。,由M3及共享流向引擎提供；没有有效起点、转换和终点时，不得补写现实处理顺序。,由共享基础引擎判定；近位提高亲密关系相关性，远位降级为背景候选。,由共享基础引擎判定；根气主要修正重复调用能力，不等于现实中已经反复发生。,由共享基础引擎判定；强弱只修正调用强度与可用性，不直接等同功能质量。,喜忌只修正调用摩擦、平衡与承载，不直接等同好坏、成熟或道德品质。,原十神功能有效；真合化成立时按化神功能替换，合化争议时停止定性。,由共享基础引擎判定；近位提高进入关系核心的概率，远位只保留背景修正。,92,接口／去重／停止,cross_model_ref,读取自主、共享、拒绝和重订，检查边界是否不足或过度占位。,读取自主、共享、拒绝和重订，检查边界是否不足或过度占位。,不得仅凭本规则推出控制、冷战、讨好、攻击、依赖、花心、自私、欺骗、暴力、人格／依恋障碍、分手离婚或关系必败；必须结合真实行为、触发情境、反例与保护因素验证。,高,待验证,,provisional=true,0.4
M4-OVERUSE-305,M3-CONFLICT接口,L6 接口、去重与停止,OVERUSE-接口去重,通用,接口／门控,M3-CONFLICT,,调用M3-CONFLICT接口。,相关来源停止或同源未去重。,由共享基础引擎提供；只修正功能承载、执行强度和压力反应，不直接等同有无主见。,由M1／M2接口提供；夫妻星只标注关系议题角色，不单独证明过用、不足或竞争。,由M3-BASE提供；日支底盘提高关系相关性，但不能单独建立失衡结论。,由M3及共享流向引擎提供；没有有效起点、转换和终点时，不得补写现实处理顺序。,由共享基础引擎判定；近位提高亲密关系相关性，远位降级为背景候选。,由共享基础引擎判定；根气主要修正重复调用能力，不等于现实中已经反复发生。,由共享基础引擎判定；强弱只修正调用强度与可用性，不直接等同功能质量。,喜忌只修正调用摩擦、平衡与承载，不直接等同好坏、成熟或道德品质。,原十神功能有效；真合化成立时按化神功能替换，合化争议时停止定性。,由共享基础引擎判定；近位提高进入关系核心的概率，远位只保留背景修正。,92,接口／去重／停止,cross_model_ref,读取第一反应和处理顺序，检查行动、分析、倾听和现实落实的先后。,读取第一反应和处理顺序，检查行动、分析、倾听和现实落实的先后。,不得仅凭本规则推出控制、冷战、讨好、攻击、依赖、花心、自私、欺骗、暴力、人格／依恋障碍、分手离婚或关系必败；必须结合真实行为、触发情境、反例与保护因素验证。,高,待验证,,provisional=true,0.4
M4-OVERUSE-306,M3-REPAIR未完成接口,L6 接口、去重与停止,OVERUSE-接口去重,通用,接口／门控,M3-REPAIR,,调用M3-REPAIR未完成接口。,相关来源停止或同源未去重。,由共享基础引擎提供；只修正功能承载、执行强度和压力反应，不直接等同有无主见。,由M1／M2接口提供；夫妻星只标注关系议题角色，不单独证明过用、不足或竞争。,由M3-BASE提供；日支底盘提高关系相关性，但不能单独建立失衡结论。,由M3及共享流向引擎提供；没有有效起点、转换和终点时，不得补写现实处理顺序。,由共享基础引擎判定；近位提高亲密关系相关性，远位降级为背景候选。,由共享基础引擎判定；根气主要修正重复调用能力，不等于现实中已经反复发生。,由共享基础引擎判定；强弱只修正调用强度与可用性，不直接等同功能质量。,喜忌只修正调用摩擦、平衡与承载，不直接等同好坏、成熟或道德品质。,原十神功能有效；真合化成立时按化神功能替换，合化争议时停止定性。,由共享基础引擎判定；近位提高进入关系核心的概率，远位只保留背景修正。,92,接口／去重／停止,stop_reason,涉及道歉、回流、重新开放和修复完成时暂不锁定。,涉及道歉、回流、重新开放和修复完成时暂不锁定。,不得仅凭本规则推出控制、冷战、讨好、攻击、依赖、花心、自私、欺骗、暴力、人格／依恋障碍、分手离婚或关系必败；必须结合真实行为、触发情境、反例与保护因素验证。,高,待验证,,provisional=true,0.4
M4-OVERUSE-307,M3-STATE未完成接口,L6 接口、去重与停止,OVERUSE-接口去重,通用,接口／门控,M3-STATE,,调用M3-STATE未完成接口。,相关来源停止或同源未去重。,由共享基础引擎提供；只修正功能承载、执行强度和压力反应，不直接等同有无主见。,由M1／M2接口提供；夫妻星只标注关系议题角色，不单独证明过用、不足或竞争。,由M3-BASE提供；日支底盘提高关系相关性，但不能单独建立失衡结论。,由M3及共享流向引擎提供；没有有效起点、转换和终点时，不得补写现实处理顺序。,由共享基础引擎判定；近位提高亲密关系相关性，远位降级为背景候选。,由共享基础引擎判定；根气主要修正重复调用能力，不等于现实中已经反复发生。,由共享基础引擎判定；强弱只修正调用强度与可用性，不直接等同功能质量。,喜忌只修正调用摩擦、平衡与承载，不直接等同好坏、成熟或道德品质。,原十神功能有效；真合化成立时按化神功能替换，合化争议时停止定性。,由共享基础引擎判定；近位提高进入关系核心的概率，远位只保留背景修正。,92,接口／去重／停止,stop_reason,平稳、压力、恢复切换尚未锁定；只能保留压力候选。,平稳、压力、恢复切换尚未锁定；只能保留压力候选。,不得仅凭本规则推出控制、冷战、讨好、攻击、依赖、花心、自私、欺骗、暴力、人格／依恋障碍、分手离婚或关系必败；必须结合真实行为、触发情境、反例与保护因素验证。,高,待验证,,provisional=true,0.4
M4-OVERUSE-308,M1接口,L6 接口、去重与停止,OVERUSE-接口去重,通用,接口／门控,M1,,调用M1接口。,相关来源停止或同源未去重。,由共享基础引擎提供；只修正功能承载、执行强度和压力反应，不直接等同有无主见。,由M1／M2接口提供；夫妻星只标注关系议题角色，不单独证明过用、不足或竞争。,由M3-BASE提供；日支底盘提高关系相关性，但不能单独建立失衡结论。,由M3及共享流向引擎提供；没有有效起点、转换和终点时，不得补写现实处理顺序。,由共享基础引擎判定；近位提高亲密关系相关性，远位降级为背景候选。,由共享基础引擎判定；根气主要修正重复调用能力，不等于现实中已经反复发生。,由共享基础引擎判定；强弱只修正调用强度与可用性，不直接等同功能质量。,喜忌只修正调用摩擦、平衡与承载，不直接等同好坏、成熟或道德品质。,原十神功能有效；真合化成立时按化神功能替换，合化争议时停止定性。,由共享基础引擎判定；近位提高进入关系核心的概率，远位只保留背景修正。,92,接口／去重／停止,cross_model_ref,心动偏好只提供容易被强化的议题，不参与过用机制基础加分。,心动偏好只提供容易被强化的议题，不参与过用机制基础加分。,不得仅凭本规则推出控制、冷战、讨好、攻击、依赖、花心、自私、欺骗、暴力、人格／依恋障碍、分手离婚或关系必败；必须结合真实行为、触发情境、反例与保护因素验证。,高,待验证,,provisional=true,0.4
M4-OVERUSE-309,M2接口,L6 接口、去重与停止,OVERUSE-接口去重,通用,接口／门控,M2,,调用M2接口。,相关来源停止或同源未去重。,由共享基础引擎提供；只修正功能承载、执行强度和压力反应，不直接等同有无主见。,由M1／M2接口提供；夫妻星只标注关系议题角色，不单独证明过用、不足或竞争。,由M3-BASE提供；日支底盘提高关系相关性，但不能单独建立失衡结论。,由M3及共享流向引擎提供；没有有效起点、转换和终点时，不得补写现实处理顺序。,由共享基础引擎判定；近位提高亲密关系相关性，远位降级为背景候选。,由共享基础引擎判定；根气主要修正重复调用能力，不等于现实中已经反复发生。,由共享基础引擎判定；强弱只修正调用强度与可用性，不直接等同功能质量。,喜忌只修正调用摩擦、平衡与承载，不直接等同好坏、成熟或道德品质。,原十神功能有效；真合化成立时按化神功能替换，合化争议时停止定性。,由共享基础引擎判定；近位提高进入关系核心的概率，远位只保留背景修正。,92,接口／去重／停止,cross_model_ref,关系门槛和资格证据只提供任务背景，不等同M3功能已经成熟。,关系门槛和资格证据只提供任务背景，不等同M3功能已经成熟。,不得仅凭本规则推出控制、冷战、讨好、攻击、依赖、花心、自私、欺骗、暴力、人格／依恋障碍、分手离婚或关系必败；必须结合真实行为、触发情境、反例与保护因素验证。,高,待验证,,provisional=true,0.4
M4-OVERUSE-310,M4-BASE接口,L6 接口、去重与停止,OVERUSE-接口去重,通用,接口／门控,M4-BASE,,调用M4-BASE接口。,相关来源停止或同源未去重。,由共享基础引擎提供；只修正功能承载、执行强度和压力反应，不直接等同有无主见。,由M1／M2接口提供；夫妻星只标注关系议题角色，不单独证明过用、不足或竞争。,由M3-BASE提供；日支底盘提高关系相关性，但不能单独建立失衡结论。,由M3及共享流向引擎提供；没有有效起点、转换和终点时，不得补写现实处理顺序。,由共享基础引擎判定；近位提高亲密关系相关性，远位降级为背景候选。,由共享基础引擎判定；根气主要修正重复调用能力，不等于现实中已经反复发生。,由共享基础引擎判定；强弱只修正调用强度与可用性，不直接等同功能质量。,喜忌只修正调用摩擦、平衡与承载，不直接等同好坏、成熟或道德品质。,原十神功能有效；真合化成立时按化神功能替换，合化争议时停止定性。,由共享基础引擎判定；近位提高进入关系核心的概率，远位只保留背景修正。,92,接口／去重／停止,cross_model_ref,读取已建立的功能过用、不足、替代和流向卡点候选，完成同源去重。,读取已建立的功能过用、不足、替代和流向卡点候选，完成同源去重。,不得仅凭本规则推出控制、冷战、讨好、攻击、依赖、花心、自私、欺骗、暴力、人格／依恋障碍、分手离婚或关系必败；必须结合真实行为、触发情境、反例与保护因素验证。,高,待验证,,provisional=true,0.4
M4-OVERUSE-311,M4-MISREAD接口,L6 接口、去重与停止,OVERUSE-接口去重,通用,接口／门控,M4-MISREAD,,调用M4-MISREAD接口。,相关来源停止或同源未去重。,由共享基础引擎提供；只修正功能承载、执行强度和压力反应，不直接等同有无主见。,由M1／M2接口提供；夫妻星只标注关系议题角色，不单独证明过用、不足或竞争。,由M3-BASE提供；日支底盘提高关系相关性，但不能单独建立失衡结论。,由M3及共享流向引擎提供；没有有效起点、转换和终点时，不得补写现实处理顺序。,由共享基础引擎判定；近位提高亲密关系相关性，远位降级为背景候选。,由共享基础引擎判定；根气主要修正重复调用能力，不等于现实中已经反复发生。,由共享基础引擎判定；强弱只修正调用强度与可用性，不直接等同功能质量。,喜忌只修正调用摩擦、平衡与承载，不直接等同好坏、成熟或道德品质。,原十神功能有效；真合化成立时按化神功能替换，合化争议时停止定性。,由共享基础引擎判定；近位提高进入关系核心的概率，远位只保留背景修正。,92,接口／去重／停止,cross_model_ref,证据误读与功能过用可以共存，但标签误读不能重复作为机制证据。,证据误读与功能过用可以共存，但标签误读不能重复作为机制证据。,不得仅凭本规则推出控制、冷战、讨好、攻击、依赖、花心、自私、欺骗、暴力、人格／依恋障碍、分手离婚或关系必败；必须结合真实行为、触发情境、反例与保护因素验证。,高,待验证,,provisional=true,0.4
M4-OVERUSE-312,M4-TRIGGER后续路由,L6 接口、去重与停止,OVERUSE-接口去重,通用,接口／门控,M4-TRIGGER,,调用M4-TRIGGER后续路由。,相关来源停止或同源未去重。,由共享基础引擎提供；只修正功能承载、执行强度和压力反应，不直接等同有无主见。,由M1／M2接口提供；夫妻星只标注关系议题角色，不单独证明过用、不足或竞争。,由M3-BASE提供；日支底盘提高关系相关性，但不能单独建立失衡结论。,由M3及共享流向引擎提供；没有有效起点、转换和终点时，不得补写现实处理顺序。,由共享基础引擎判定；近位提高亲密关系相关性，远位降级为背景候选。,由共享基础引擎判定；根气主要修正重复调用能力，不等于现实中已经反复发生。,由共享基础引擎判定；强弱只修正调用强度与可用性，不直接等同功能质量。,喜忌只修正调用摩擦、平衡与承载，不直接等同好坏、成熟或道德品质。,原十神功能有效；真合化成立时按化神功能替换，合化争议时停止定性。,由共享基础引擎判定；近位提高进入关系核心的概率，远位只保留背景修正。,92,接口／去重／停止,boundary_note,E2触发需要由下一模块细化触发域、阈值和状态切换。,E2触发需要由下一模块细化触发域、阈值和状态切换。,不得仅凭本规则推出控制、冷战、讨好、攻击、依赖、花心、自私、欺骗、暴力、人格／依恋障碍、分手离婚或关系必败；必须结合真实行为、触发情境、反例与保护因素验证。,高,待验证,,provisional=true,0.4
M4-OVERUSE-313,M4-LOOP后续路由,L6 接口、去重与停止,OVERUSE-接口去重,通用,接口／门控,M4-LOOP,,调用M4-LOOP后续路由。,相关来源停止或同源未去重。,由共享基础引擎提供；只修正功能承载、执行强度和压力反应，不直接等同有无主见。,由M1／M2接口提供；夫妻星只标注关系议题角色，不单独证明过用、不足或竞争。,由M3-BASE提供；日支底盘提高关系相关性，但不能单独建立失衡结论。,由M3及共享流向引擎提供；没有有效起点、转换和终点时，不得补写现实处理顺序。,由共享基础引擎判定；近位提高亲密关系相关性，远位降级为背景候选。,由共享基础引擎判定；根气主要修正重复调用能力，不等于现实中已经反复发生。,由共享基础引擎判定；强弱只修正调用强度与可用性，不直接等同功能质量。,喜忌只修正调用摩擦、平衡与承载，不直接等同好坏、成熟或道德品质。,原十神功能有效；真合化成立时按化神功能替换，合化争议时停止定性。,由共享基础引擎判定；近位提高进入关系核心的概率，远位只保留背景修正。,92,接口／去重／停止,boundary_note,K07反馈放大和E3循环必须转入LOOP。,K07反馈放大和E3循环必须转入LOOP。,不得仅凭本规则推出控制、冷战、讨好、攻击、依赖、花心、自私、欺骗、暴力、人格／依恋障碍、分手离婚或关系必败；必须结合真实行为、触发情境、反例与保护因素验证。,高,待验证,,provisional=true,0.4
M4-OVERUSE-314,M4-REPAIR后续路由,L6 接口、去重与停止,OVERUSE-接口去重,通用,接口／门控,M4-REPAIR,,调用M4-REPAIR后续路由。,相关来源停止或同源未去重。,由共享基础引擎提供；只修正功能承载、执行强度和压力反应，不直接等同有无主见。,由M1／M2接口提供；夫妻星只标注关系议题角色，不单独证明过用、不足或竞争。,由M3-BASE提供；日支底盘提高关系相关性，但不能单独建立失衡结论。,由M3及共享流向引擎提供；没有有效起点、转换和终点时，不得补写现实处理顺序。,由共享基础引擎判定；近位提高亲密关系相关性，远位降级为背景候选。,由共享基础引擎判定；根气主要修正重复调用能力，不等于现实中已经反复发生。,由共享基础引擎判定；强弱只修正调用强度与可用性，不直接等同功能质量。,喜忌只修正调用摩擦、平衡与承载，不直接等同好坏、成熟或道德品质。,原十神功能有效；真合化成立时按化神功能替换，合化争议时停止定性。,由共享基础引擎判定；近位提高进入关系核心的概率，远位只保留背景修正。,92,接口／去重／停止,boundary_note,K08修复断链必须等待M3-REPAIR及现实修复资料。,K08修复断链必须等待M3-REPAIR及现实修复资料。,不得仅凭本规则推出控制、冷战、讨好、攻击、依赖、花心、自私、欺骗、暴力、人格／依恋障碍、分手离婚或关系必败；必须结合真实行为、触发情境、反例与保护因素验证。,高,待验证,,provisional=true,0.4
M4-OVERUSE-315,M4-BUFFER后续路由,L6 接口、去重与停止,OVERUSE-接口去重,通用,接口／门控,M4-BUFFER,,调用M4-BUFFER后续路由。,相关来源停止或同源未去重。,由共享基础引擎提供；只修正功能承载、执行强度和压力反应，不直接等同有无主见。,由M1／M2接口提供；夫妻星只标注关系议题角色，不单独证明过用、不足或竞争。,由M3-BASE提供；日支底盘提高关系相关性，但不能单独建立失衡结论。,由M3及共享流向引擎提供；没有有效起点、转换和终点时，不得补写现实处理顺序。,由共享基础引擎判定；近位提高亲密关系相关性，远位降级为背景候选。,由共享基础引擎判定；根气主要修正重复调用能力，不等于现实中已经反复发生。,由共享基础引擎判定；强弱只修正调用强度与可用性，不直接等同功能质量。,喜忌只修正调用摩擦、平衡与承载，不直接等同好坏、成熟或道德品质。,原十神功能有效；真合化成立时按化神功能替换，合化争议时停止定性。,由共享基础引擎判定；近位提高进入关系核心的概率，远位只保留背景修正。,92,接口／去重／停止,boundary_note,保护因素当前只做初步降权，最终效力由BUFFER校准。,保护因素当前只做初步降权，最终效力由BUFFER校准。,不得仅凭本规则推出控制、冷战、讨好、攻击、依赖、花心、自私、欺骗、暴力、人格／依恋障碍、分手离婚或关系必败；必须结合真实行为、触发情境、反例与保护因素验证。,高,待验证,,provisional=true,0.4
M4-OVERUSE-316,同一日支事实去重,L6 接口、去重与停止,OVERUSE-接口去重,通用,接口／门控,source_id:日支,,调用同一日支事实去重。,相关来源停止或同源未去重。,由共享基础引擎提供；只修正功能承载、执行强度和压力反应，不直接等同有无主见。,由M1／M2接口提供；夫妻星只标注关系议题角色，不单独证明过用、不足或竞争。,由M3-BASE提供；日支底盘提高关系相关性，但不能单独建立失衡结论。,由M3及共享流向引擎提供；没有有效起点、转换和终点时，不得补写现实处理顺序。,由共享基础引擎判定；近位提高亲密关系相关性，远位降级为背景候选。,由共享基础引擎判定；根气主要修正重复调用能力，不等于现实中已经反复发生。,由共享基础引擎判定；强弱只修正调用强度与可用性，不直接等同功能质量。,喜忌只修正调用摩擦、平衡与承载，不直接等同好坏、成熟或道德品质。,原十神功能有效；真合化成立时按化神功能替换，合化争议时停止定性。,由共享基础引擎判定；近位提高进入关系核心的概率，远位只保留背景修正。,92,接口／去重／停止,dedup_log,日支底盘在多个M3模块重复解释，只计一次基础事实。,日支底盘在多个M3模块重复解释，只计一次基础事实。,不得仅凭本规则推出控制、冷战、讨好、攻击、依赖、花心、自私、欺骗、暴力、人格／依恋障碍、分手离婚或关系必败；必须结合真实行为、触发情境、反例与保护因素验证。,高,待验证,,provisional=true,0.4
M4-OVERUSE-317,同一透藏根事实去重,L6 接口、去重与停止,OVERUSE-接口去重,通用,接口／门控,source_id:透藏根,,调用同一透藏根事实去重。,相关来源停止或同源未去重。,由共享基础引擎提供；只修正功能承载、执行强度和压力反应，不直接等同有无主见。,由M1／M2接口提供；夫妻星只标注关系议题角色，不单独证明过用、不足或竞争。,由M3-BASE提供；日支底盘提高关系相关性，但不能单独建立失衡结论。,由M3及共享流向引擎提供；没有有效起点、转换和终点时，不得补写现实处理顺序。,由共享基础引擎判定；近位提高亲密关系相关性，远位降级为背景候选。,由共享基础引擎判定；根气主要修正重复调用能力，不等于现实中已经反复发生。,由共享基础引擎判定；强弱只修正调用强度与可用性，不直接等同功能质量。,喜忌只修正调用摩擦、平衡与承载，不直接等同好坏、成熟或道德品质。,原十神功能有效；真合化成立时按化神功能替换，合化争议时停止定性。,由共享基础引擎判定；近位提高进入关系核心的概率，远位只保留背景修正。,92,接口／去重／停止,dedup_log,同一十神透藏有根被多个规则读取，只计一次状态证据。,同一十神透藏有根被多个规则读取，只计一次状态证据。,不得仅凭本规则推出控制、冷战、讨好、攻击、依赖、花心、自私、欺骗、暴力、人格／依恋障碍、分手离婚或关系必败；必须结合真实行为、触发情境、反例与保护因素验证。,高,待验证,,provisional=true,0.4
M4-OVERUSE-318,同一现实事件去重,L6 接口、去重与停止,OVERUSE-接口去重,通用,接口／门控,source_id:事件,,调用同一现实事件去重。,相关来源停止或同源未去重。,由共享基础引擎提供；只修正功能承载、执行强度和压力反应，不直接等同有无主见。,由M1／M2接口提供；夫妻星只标注关系议题角色，不单独证明过用、不足或竞争。,由M3-BASE提供；日支底盘提高关系相关性，但不能单独建立失衡结论。,由M3及共享流向引擎提供；没有有效起点、转换和终点时，不得补写现实处理顺序。,由共享基础引擎判定；近位提高亲密关系相关性，远位降级为背景候选。,由共享基础引擎判定；根气主要修正重复调用能力，不等于现实中已经反复发生。,由共享基础引擎判定；强弱只修正调用强度与可用性，不直接等同功能质量。,喜忌只修正调用摩擦、平衡与承载，不直接等同好坏、成熟或道德品质。,原十神功能有效；真合化成立时按化神功能替换，合化争议时停止定性。,由共享基础引擎判定；近位提高进入关系核心的概率，远位只保留背景修正。,92,接口／去重／停止,dedup_log,同一次争执、付出或暂停被多个角度解释，不得当多次独立事件。,同一次争执、付出或暂停被多个角度解释，不得当多次独立事件。,不得仅凭本规则推出控制、冷战、讨好、攻击、依赖、花心、自私、欺骗、暴力、人格／依恋障碍、分手离婚或关系必败；必须结合真实行为、触发情境、反例与保护因素验证。,高,待验证,,provisional=true,0.4
M4-OVERUSE-319,正偏同系统先收敛,L6 接口、去重与停止,OVERUSE-接口去重,通用,接口／门控,同系统正偏十神,,调用正偏同系统先收敛。,相关来源停止或同源未去重。,由共享基础引擎提供；只修正功能承载、执行强度和压力反应，不直接等同有无主见。,由M1／M2接口提供；夫妻星只标注关系议题角色，不单独证明过用、不足或竞争。,由M3-BASE提供；日支底盘提高关系相关性，但不能单独建立失衡结论。,由M3及共享流向引擎提供；没有有效起点、转换和终点时，不得补写现实处理顺序。,由共享基础引擎判定；近位提高亲密关系相关性，远位降级为背景候选。,由共享基础引擎判定；根气主要修正重复调用能力，不等于现实中已经反复发生。,由共享基础引擎判定；强弱只修正调用强度与可用性，不直接等同功能质量。,喜忌只修正调用摩擦、平衡与承载，不直接等同好坏、成熟或道德品质。,原十神功能有效；真合化成立时按化神功能替换，合化争议时停止定性。,由共享基础引擎判定；近位提高进入关系核心的概率，远位只保留背景修正。,92,接口／去重／停止,dedup_log,比肩劫财、食神伤官、正偏财、官杀、正偏印先收敛功能系统，再判断风格分工。,比肩劫财、食神伤官、正偏财、官杀、正偏印先收敛功能系统，再判断风格分工。,不得仅凭本规则推出控制、冷战、讨好、攻击、依赖、花心、自私、欺骗、暴力、人格／依恋障碍、分手离婚或关系必败；必须结合真实行为、触发情境、反例与保护因素验证。,高,待验证,,provisional=true,0.4
M4-OVERUSE-320,同义机制收敛,L6 接口、去重与停止,OVERUSE-接口去重,通用,接口／门控,K机制同义,,调用同义机制收敛。,相关来源停止或同源未去重。,由共享基础引擎提供；只修正功能承载、执行强度和压力反应，不直接等同有无主见。,由M1／M2接口提供；夫妻星只标注关系议题角色，不单独证明过用、不足或竞争。,由M3-BASE提供；日支底盘提高关系相关性，但不能单独建立失衡结论。,由M3及共享流向引擎提供；没有有效起点、转换和终点时，不得补写现实处理顺序。,由共享基础引擎判定；近位提高亲密关系相关性，远位降级为背景候选。,由共享基础引擎判定；根气主要修正重复调用能力，不等于现实中已经反复发生。,由共享基础引擎判定；强弱只修正调用强度与可用性，不直接等同功能质量。,喜忌只修正调用摩擦、平衡与承载，不直接等同好坏、成熟或道德品质。,原十神功能有效；真合化成立时按化神功能替换，合化争议时停止定性。,由共享基础引擎判定；近位提高进入关系核心的概率，远位只保留背景修正。,92,接口／去重／停止,dedup_log,过用、替代和顺序若实质描述同一现象，只保留一个主机制。,过用、替代和顺序若实质描述同一现象，只保留一个主机制。,不得仅凭本规则推出控制、冷战、讨好、攻击、依赖、花心、自私、欺骗、暴力、人格／依恋障碍、分手离婚或关系必败；必须结合真实行为、触发情境、反例与保护因素验证。,高,待验证,,provisional=true,0.4
M4-OVERUSE-321,独立事实来源定义,L6 接口、去重与停止,OVERUSE-接口去重,通用,接口／门控,独立证据,,调用独立事实来源定义。,相关来源停止或同源未去重。,由共享基础引擎提供；只修正功能承载、执行强度和压力反应，不直接等同有无主见。,由M1／M2接口提供；夫妻星只标注关系议题角色，不单独证明过用、不足或竞争。,由M3-BASE提供；日支底盘提高关系相关性，但不能单独建立失衡结论。,由M3及共享流向引擎提供；没有有效起点、转换和终点时，不得补写现实处理顺序。,由共享基础引擎判定；近位提高亲密关系相关性，远位降级为背景候选。,由共享基础引擎判定；根气主要修正重复调用能力，不等于现实中已经反复发生。,由共享基础引擎判定；强弱只修正调用强度与可用性，不直接等同功能质量。,喜忌只修正调用摩擦、平衡与承载，不直接等同好坏、成熟或道德品质。,原十神功能有效；真合化成立时按化神功能替换，合化争议时停止定性。,由共享基础引擎判定；近位提高进入关系核心的概率，远位只保留背景修正。,92,接口／去重／停止,evidence_level,不同柱位、不同现实事件、不同功能行为或不同状态证据可计独立来源。,不同柱位、不同现实事件、不同功能行为或不同状态证据可计独立来源。,不得仅凭本规则推出控制、冷战、讨好、攻击、依赖、花心、自私、欺骗、暴力、人格／依恋障碍、分手离婚或关系必败；必须结合真实行为、触发情境、反例与保护因素验证。,高,待验证,,provisional=true,0.4
M4-OVERUSE-322,保护因素真实性门控,L6 接口、去重与停止,OVERUSE-接口去重,通用,接口／门控,BF01—BF08,,调用保护因素真实性门控。,相关来源停止或同源未去重。,由共享基础引擎提供；只修正功能承载、执行强度和压力反应，不直接等同有无主见。,由M1／M2接口提供；夫妻星只标注关系议题角色，不单独证明过用、不足或竞争。,由M3-BASE提供；日支底盘提高关系相关性，但不能单独建立失衡结论。,由M3及共享流向引擎提供；没有有效起点、转换和终点时，不得补写现实处理顺序。,由共享基础引擎判定；近位提高亲密关系相关性，远位降级为背景候选。,由共享基础引擎判定；根气主要修正重复调用能力，不等于现实中已经反复发生。,由共享基础引擎判定；强弱只修正调用强度与可用性，不直接等同功能质量。,喜忌只修正调用摩擦、平衡与承载，不直接等同好坏、成熟或道德品质。,原十神功能有效；真合化成立时按化神功能替换，合化争议时停止定性。,由共享基础引擎判定；近位提高进入关系核心的概率，远位只保留背景修正。,92,接口／去重／停止,buffer_factor,只有现实可调用、来源独立且真正降低候选的保护因素才计分。,只有现实可调用、来源独立且真正降低候选的保护因素才计分。,不得仅凭本规则推出控制、冷战、讨好、攻击、依赖、花心、自私、欺骗、暴力、人格／依恋障碍、分手离婚或关系必败；必须结合真实行为、触发情境、反例与保护因素验证。,高,待验证,,provisional=true,0.4
M4-OVERUSE-323,现实反例停止,L6 接口、去重与停止,OVERUSE-接口去重,通用,接口／门控,反例,,调用现实反例停止。,相关来源停止或同源未去重。,由共享基础引擎提供；只修正功能承载、执行强度和压力反应，不直接等同有无主见。,由M1／M2接口提供；夫妻星只标注关系议题角色，不单独证明过用、不足或竞争。,由M3-BASE提供；日支底盘提高关系相关性，但不能单独建立失衡结论。,由M3及共享流向引擎提供；没有有效起点、转换和终点时，不得补写现实处理顺序。,由共享基础引擎判定；近位提高亲密关系相关性，远位降级为背景候选。,由共享基础引擎判定；根气主要修正重复调用能力，不等于现实中已经反复发生。,由共享基础引擎判定；强弱只修正调用强度与可用性，不直接等同功能质量。,喜忌只修正调用摩擦、平衡与承载，不直接等同好坏、成熟或道德品质。,原十神功能有效；真合化成立时按化神功能替换，合化争议时停止定性。,由共享基础引擎判定；近位提高进入关系核心的概率，远位只保留背景修正。,92,接口／去重／停止,stop_reason,若用户在同类高压情境中稳定完成缺位功能，候选应降级或停止。,若用户在同类高压情境中稳定完成缺位功能，候选应降级或停止。,不得仅凭本规则推出控制、冷战、讨好、攻击、依赖、花心、自私、欺骗、暴力、人格／依恋障碍、分手离婚或关系必败；必须结合真实行为、触发情境、反例与保护因素验证。,高,待验证,,provisional=true,0.4
M4-OVERUSE-324,基础命理停止,L6 接口、去重与停止,OVERUSE-接口去重,通用,接口／门控,共享引擎STOP,,调用基础命理停止。,相关来源停止或同源未去重。,由共享基础引擎提供；只修正功能承载、执行强度和压力反应，不直接等同有无主见。,由M1／M2接口提供；夫妻星只标注关系议题角色，不单独证明过用、不足或竞争。,由M3-BASE提供；日支底盘提高关系相关性，但不能单独建立失衡结论。,由M3及共享流向引擎提供；没有有效起点、转换和终点时，不得补写现实处理顺序。,由共享基础引擎判定；近位提高亲密关系相关性，远位降级为背景候选。,由共享基础引擎判定；根气主要修正重复调用能力，不等于现实中已经反复发生。,由共享基础引擎判定；强弱只修正调用强度与可用性，不直接等同功能质量。,喜忌只修正调用摩擦、平衡与承载，不直接等同好坏、成熟或道德品质。,原十神功能有效；真合化成立时按化神功能替换，合化争议时停止定性。,由共享基础引擎判定；近位提高进入关系核心的概率，远位只保留背景修正。,92,接口／去重／停止,report_status,日主、十神性质、合化或旺衰关键字段未定时，不生成主机制。,日主、十神性质、合化或旺衰关键字段未定时，不生成主机制。,不得仅凭本规则推出控制、冷战、讨好、攻击、依赖、花心、自私、欺骗、暴力、人格／依恋障碍、分手离婚或关系必败；必须结合真实行为、触发情境、反例与保护因素验证。,高,待验证,,provisional=true,0.4
M4-OVERUSE-325,关键M3模块停止,L6 接口、去重与停止,OVERUSE-接口去重,通用,接口／门控,M3 STOP,,调用关键M3模块停止。,相关来源停止或同源未去重。,由共享基础引擎提供；只修正功能承载、执行强度和压力反应，不直接等同有无主见。,由M1／M2接口提供；夫妻星只标注关系议题角色，不单独证明过用、不足或竞争。,由M3-BASE提供；日支底盘提高关系相关性，但不能单独建立失衡结论。,由M3及共享流向引擎提供；没有有效起点、转换和终点时，不得补写现实处理顺序。,由共享基础引擎判定；近位提高亲密关系相关性，远位降级为背景候选。,由共享基础引擎判定；根气主要修正重复调用能力，不等于现实中已经反复发生。,由共享基础引擎判定；强弱只修正调用强度与可用性，不直接等同功能质量。,喜忌只修正调用摩擦、平衡与承载，不直接等同好坏、成熟或道德品质。,原十神功能有效；真合化成立时按化神功能替换，合化争议时停止定性。,由共享基础引擎判定；近位提高进入关系核心的概率，远位只保留背景修正。,92,接口／去重／停止,report_status,与候选直接相关的M3功能停止时，不得用其他模块补写。,与候选直接相关的M3功能停止时，不得用其他模块补写。,不得仅凭本规则推出控制、冷战、讨好、攻击、依赖、花心、自私、欺骗、暴力、人格／依恋障碍、分手离婚或关系必败；必须结合真实行为、触发情境、反例与保护因素验证。,高,待验证,,provisional=true,0.4
M4-OVERUSE-326,现实安全停止,L6 接口、去重与停止,OVERUSE-接口去重,通用,接口／门控,安全风险,,调用现实安全停止。,相关来源停止或同源未去重。,由共享基础引擎提供；只修正功能承载、执行强度和压力反应，不直接等同有无主见。,由M1／M2接口提供；夫妻星只标注关系议题角色，不单独证明过用、不足或竞争。,由M3-BASE提供；日支底盘提高关系相关性，但不能单独建立失衡结论。,由M3及共享流向引擎提供；没有有效起点、转换和终点时，不得补写现实处理顺序。,由共享基础引擎判定；近位提高亲密关系相关性，远位降级为背景候选。,由共享基础引擎判定；根气主要修正重复调用能力，不等于现实中已经反复发生。,由共享基础引擎判定；强弱只修正调用强度与可用性，不直接等同功能质量。,喜忌只修正调用摩擦、平衡与承载，不直接等同好坏、成熟或道德品质。,原十神功能有效；真合化成立时按化神功能替换，合化争议时停止定性。,由共享基础引擎判定；近位提高进入关系核心的概率，远位只保留背景修正。,92,接口／去重／停止,report_status,暴力、威胁、强迫、控制等现实安全问题停止常规互动解释。,暴力、威胁、强迫、控制等现实安全问题停止常规互动解释。,不得仅凭本规则推出控制、冷战、讨好、攻击、依赖、花心、自私、欺骗、暴力、人格／依恋障碍、分手离婚或关系必败；必须结合真实行为、触发情境、反例与保护因素验证。,高,待验证,,provisional=true,0.4
M4-OVERUSE-327,主体边界,L6 接口、去重与停止,OVERUSE-接口去重,通用,接口／门控,用户／对方,,调用主体边界。,相关来源停止或同源未去重。,由共享基础引擎提供；只修正功能承载、执行强度和压力反应，不直接等同有无主见。,由M1／M2接口提供；夫妻星只标注关系议题角色，不单独证明过用、不足或竞争。,由M3-BASE提供；日支底盘提高关系相关性，但不能单独建立失衡结论。,由M3及共享流向引擎提供；没有有效起点、转换和终点时，不得补写现实处理顺序。,由共享基础引擎判定；近位提高亲密关系相关性，远位降级为背景候选。,由共享基础引擎判定；根气主要修正重复调用能力，不等于现实中已经反复发生。,由共享基础引擎判定；强弱只修正调用强度与可用性，不直接等同功能质量。,喜忌只修正调用摩擦、平衡与承载，不直接等同好坏、成熟或道德品质。,原十神功能有效；真合化成立时按化神功能替换，合化争议时停止定性。,由共享基础引擎判定；近位提高进入关系核心的概率，远位只保留背景修正。,92,接口／去重／停止,boundary_note,不得由用户功能推断对方人格或将伤害责任归因于用户反应。,不得由用户功能推断对方人格或将伤害责任归因于用户反应。,不得仅凭本规则推出控制、冷战、讨好、攻击、依赖、花心、自私、欺骗、暴力、人格／依恋障碍、分手离婚或关系必败；必须结合真实行为、触发情境、反例与保护因素验证。,高,待验证,,provisional=true,0.4
M4-OVERUSE-328,主次输出封顶,L6 接口、去重与停止,OVERUSE-接口去重,通用,接口／门控,一主一次,,调用主次输出封顶。,相关来源停止或同源未去重。,由共享基础引擎提供；只修正功能承载、执行强度和压力反应，不直接等同有无主见。,由M1／M2接口提供；夫妻星只标注关系议题角色，不单独证明过用、不足或竞争。,由M3-BASE提供；日支底盘提高关系相关性，但不能单独建立失衡结论。,由M3及共享流向引擎提供；没有有效起点、转换和终点时，不得补写现实处理顺序。,由共享基础引擎判定；近位提高亲密关系相关性，远位降级为背景候选。,由共享基础引擎判定；根气主要修正重复调用能力，不等于现实中已经反复发生。,由共享基础引擎判定；强弱只修正调用强度与可用性，不直接等同功能质量。,喜忌只修正调用摩擦、平衡与承载，不直接等同好坏、成熟或道德品质。,原十神功能有效；真合化成立时按化神功能替换，合化争议时停止定性。,由共享基础引擎判定；近位提高进入关系核心的概率，远位只保留背景修正。,92,接口／去重／停止,boundary_note,正文最多一个主机制、一个次机制；其余进入内部日志。,正文最多一个主机制、一个次机制；其余进入内部日志。,不得仅凭本规则推出控制、冷战、讨好、攻击、依赖、花心、自私、欺骗、暴力、人格／依恋障碍、分手离婚或关系必败；必须结合真实行为、触发情境、反例与保护因素验证。,高,待验证,,provisional=true,0.4
M4-OVERUSE-329,有限回退,L6 接口、去重与停止,OVERUSE-接口去重,通用,接口／门控,低置信,,调用有限回退。,相关来源停止或同源未去重。,由共享基础引擎提供；只修正功能承载、执行强度和压力反应，不直接等同有无主见。,由M1／M2接口提供；夫妻星只标注关系议题角色，不单独证明过用、不足或竞争。,由M3-BASE提供；日支底盘提高关系相关性，但不能单独建立失衡结论。,由M3及共享流向引擎提供；没有有效起点、转换和终点时，不得补写现实处理顺序。,由共享基础引擎判定；近位提高亲密关系相关性，远位降级为背景候选。,由共享基础引擎判定；根气主要修正重复调用能力，不等于现实中已经反复发生。,由共享基础引擎判定；强弱只修正调用强度与可用性，不直接等同功能质量。,喜忌只修正调用摩擦、平衡与承载，不直接等同好坏、成熟或道德品质。,原十神功能有效；真合化成立时按化神功能替换，合化争议时停止定性。,由共享基础引擎判定；近位提高进入关系核心的概率，远位只保留背景修正。,92,接口／去重／停止,report_template,主机制停止但局部功能可靠时，只输出正常功能与待验证问题。,主机制停止但局部功能可靠时，只输出正常功能与待验证问题。,不得仅凭本规则推出控制、冷战、讨好、攻击、依赖、花心、自私、欺骗、暴力、人格／依恋障碍、分手离婚或关系必败；必须结合真实行为、触发情境、反例与保护因素验证。,高,待验证,,provisional=true,0.4
M4-OVERUSE-330,跨模型来源记录,L6 接口、去重与停止,OVERUSE-接口去重,通用,接口／门控,provenance,,调用跨模型来源记录。,相关来源停止或同源未去重。,由共享基础引擎提供；只修正功能承载、执行强度和压力反应，不直接等同有无主见。,由M1／M2接口提供；夫妻星只标注关系议题角色，不单独证明过用、不足或竞争。,由M3-BASE提供；日支底盘提高关系相关性，但不能单独建立失衡结论。,由M3及共享流向引擎提供；没有有效起点、转换和终点时，不得补写现实处理顺序。,由共享基础引擎判定；近位提高亲密关系相关性，远位降级为背景候选。,由共享基础引擎判定；根气主要修正重复调用能力，不等于现实中已经反复发生。,由共享基础引擎判定；强弱只修正调用强度与可用性，不直接等同功能质量。,喜忌只修正调用摩擦、平衡与承载，不直接等同好坏、成熟或道德品质。,原十神功能有效；真合化成立时按化神功能替换，合化争议时停止定性。,由共享基础引擎判定；近位提高进入关系核心的概率，远位只保留背景修正。,92,接口／去重／停止,provenance,最终报告必须记录M3来源、K机制、触发、保护和去重日志。,最终报告必须记录M3来源、K机制、触发、保护和去重日志。,不得仅凭本规则推出控制、冷战、讨好、攻击、依赖、花心、自私、欺骗、暴力、人格／依恋障碍、分手离婚或关系必败；必须结合真实行为、触发情境、反例与保护因素验证。,高,待验证,,provisional=true,0.4
M4-OVERUSE-331,有效正常功能评分,L7 评分、置信与报告,OVERUSE-评分输出,通用,评分／输出,functional_origin,,正常功能来源可靠且与当前任务相关。,试图把工程分值解释成统计准确率或命理概率。,由共享基础引擎提供；只修正功能承载、执行强度和压力反应，不直接等同有无主见。,由M1／M2接口提供；夫妻星只标注关系议题角色，不单独证明过用、不足或竞争。,由M3-BASE提供；日支底盘提高关系相关性，但不能单独建立失衡结论。,由M3及共享流向引擎提供；没有有效起点、转换和终点时，不得补写现实处理顺序。,由共享基础引擎判定；近位提高亲密关系相关性，远位降级为背景候选。,由共享基础引擎判定；根气主要修正重复调用能力，不等于现实中已经反复发生。,由共享基础引擎判定；强弱只修正调用强度与可用性，不直接等同功能质量。,喜忌只修正调用摩擦、平衡与承载，不直接等同好坏、成熟或道德品质。,原十神功能有效；真合化成立时按化神功能替换，合化争议时停止定性。,由共享基础引擎判定；近位提高进入关系核心的概率，远位只保留背景修正。,78,+8,functional_origin,正常功能来源可靠且与当前任务相关。,有效正常功能评分：正常功能来源可靠且与当前任务相关。,不得仅凭本规则推出控制、冷战、讨好、攻击、依赖、花心、自私、欺骗、暴力、人格／依恋障碍、分手离婚或关系必败；必须结合真实行为、触发情境、反例与保护因素验证。,中高,待验证,,provisional=true,0.4
M4-OVERUSE-332,明确K机制评分,L7 评分、置信与报告,OVERUSE-评分输出,通用,评分／输出,imbalance_mechanism,,K01—K06至少一项定义与条件完整。,试图把工程分值解释成统计准确率或命理概率。,由共享基础引擎提供；只修正功能承载、执行强度和压力反应，不直接等同有无主见。,由M1／M2接口提供；夫妻星只标注关系议题角色，不单独证明过用、不足或竞争。,由M3-BASE提供；日支底盘提高关系相关性，但不能单独建立失衡结论。,由M3及共享流向引擎提供；没有有效起点、转换和终点时，不得补写现实处理顺序。,由共享基础引擎判定；近位提高亲密关系相关性，远位降级为背景候选。,由共享基础引擎判定；根气主要修正重复调用能力，不等于现实中已经反复发生。,由共享基础引擎判定；强弱只修正调用强度与可用性，不直接等同功能质量。,喜忌只修正调用摩擦、平衡与承载，不直接等同好坏、成熟或道德品质。,原十神功能有效；真合化成立时按化神功能替换，合化争议时停止定性。,由共享基础引擎判定；近位提高进入关系核心的概率，远位只保留背景修正。,78,+10,imbalance_mechanism,K01—K06至少一项定义与条件完整。,明确K机制评分：K01—K06至少一项定义与条件完整。,不得仅凭本规则推出控制、冷战、讨好、攻击、依赖、花心、自私、欺骗、暴力、人格／依恋障碍、分手离婚或关系必败；必须结合真实行为、触发情境、反例与保护因素验证。,中高,待验证,,provisional=true,0.4
M4-OVERUSE-333,第二独立证据评分,L7 评分、置信与报告,OVERUSE-评分输出,通用,评分／输出,evidence_level,,存在不同source_id或命理状态＋现实行为支持。,试图把工程分值解释成统计准确率或命理概率。,由共享基础引擎提供；只修正功能承载、执行强度和压力反应，不直接等同有无主见。,由M1／M2接口提供；夫妻星只标注关系议题角色，不单独证明过用、不足或竞争。,由M3-BASE提供；日支底盘提高关系相关性，但不能单独建立失衡结论。,由M3及共享流向引擎提供；没有有效起点、转换和终点时，不得补写现实处理顺序。,由共享基础引擎判定；近位提高亲密关系相关性，远位降级为背景候选。,由共享基础引擎判定；根气主要修正重复调用能力，不等于现实中已经反复发生。,由共享基础引擎判定；强弱只修正调用强度与可用性，不直接等同功能质量。,喜忌只修正调用摩擦、平衡与承载，不直接等同好坏、成熟或道德品质。,原十神功能有效；真合化成立时按化神功能替换，合化争议时停止定性。,由共享基础引擎判定；近位提高进入关系核心的概率，远位只保留背景修正。,78,+8,evidence_level,存在不同source_id或命理状态＋现实行为支持。,第二独立证据评分：存在不同source_id或命理状态＋现实行为支持。,不得仅凭本规则推出控制、冷战、讨好、攻击、依赖、花心、自私、欺骗、暴力、人格／依恋障碍、分手离婚或关系必败；必须结合真实行为、触发情境、反例与保护因素验证。,中高,待验证,,provisional=true,0.4
M4-OVERUSE-334,M3行为接口评分,L7 评分、置信与报告,OVERUSE-评分输出,通用,评分／输出,cross_model_ref,,至少一个对应M3模块提供高／中高置信功能。,试图把工程分值解释成统计准确率或命理概率。,由共享基础引擎提供；只修正功能承载、执行强度和压力反应，不直接等同有无主见。,由M1／M2接口提供；夫妻星只标注关系议题角色，不单独证明过用、不足或竞争。,由M3-BASE提供；日支底盘提高关系相关性，但不能单独建立失衡结论。,由M3及共享流向引擎提供；没有有效起点、转换和终点时，不得补写现实处理顺序。,由共享基础引擎判定；近位提高亲密关系相关性，远位降级为背景候选。,由共享基础引擎判定；根气主要修正重复调用能力，不等于现实中已经反复发生。,由共享基础引擎判定；强弱只修正调用强度与可用性，不直接等同功能质量。,喜忌只修正调用摩擦、平衡与承载，不直接等同好坏、成熟或道德品质。,原十神功能有效；真合化成立时按化神功能替换，合化争议时停止定性。,由共享基础引擎判定；近位提高进入关系核心的概率，远位只保留背景修正。,78,+6,cross_model_ref,至少一个对应M3模块提供高／中高置信功能。,M3行为接口评分：至少一个对应M3模块提供高／中高置信功能。,不得仅凭本规则推出控制、冷战、讨好、攻击、依赖、花心、自私、欺骗、暴力、人格／依恋障碍、分手离婚或关系必败；必须结合真实行为、触发情境、反例与保护因素验证。,中高,待验证,,provisional=true,0.4
M4-OVERUSE-335,必要功能缺位评分,L7 评分、置信与报告,OVERUSE-评分输出,通用,评分／输出,missing_function,,目标功能对当前任务必要且无等价替代。,试图把工程分值解释成统计准确率或命理概率。,由共享基础引擎提供；只修正功能承载、执行强度和压力反应，不直接等同有无主见。,由M1／M2接口提供；夫妻星只标注关系议题角色，不单独证明过用、不足或竞争。,由M3-BASE提供；日支底盘提高关系相关性，但不能单独建立失衡结论。,由M3及共享流向引擎提供；没有有效起点、转换和终点时，不得补写现实处理顺序。,由共享基础引擎判定；近位提高亲密关系相关性，远位降级为背景候选。,由共享基础引擎判定；根气主要修正重复调用能力，不等于现实中已经反复发生。,由共享基础引擎判定；强弱只修正调用强度与可用性，不直接等同功能质量。,喜忌只修正调用摩擦、平衡与承载，不直接等同好坏、成熟或道德品质。,原十神功能有效；真合化成立时按化神功能替换，合化争议时停止定性。,由共享基础引擎判定；近位提高进入关系核心的概率，远位只保留背景修正。,78,+8,missing_function,目标功能对当前任务必要且无等价替代。,必要功能缺位评分：目标功能对当前任务必要且无等价替代。,不得仅凭本规则推出控制、冷战、讨好、攻击、依赖、花心、自私、欺骗、暴力、人格／依恋障碍、分手离婚或关系必败；必须结合真实行为、触发情境、反例与保护因素验证。,中高,待验证,,provisional=true,0.4
M4-OVERUSE-336,明确流向卡点评分,L7 评分、置信与报告,OVERUSE-评分输出,通用,评分／输出,flow_block,,起点有效、目标必要、转换未完成。,试图把工程分值解释成统计准确率或命理概率。,由共享基础引擎提供；只修正功能承载、执行强度和压力反应，不直接等同有无主见。,由M1／M2接口提供；夫妻星只标注关系议题角色，不单独证明过用、不足或竞争。,由M3-BASE提供；日支底盘提高关系相关性，但不能单独建立失衡结论。,由M3及共享流向引擎提供；没有有效起点、转换和终点时，不得补写现实处理顺序。,由共享基础引擎判定；近位提高亲密关系相关性，远位降级为背景候选。,由共享基础引擎判定；根气主要修正重复调用能力，不等于现实中已经反复发生。,由共享基础引擎判定；强弱只修正调用强度与可用性，不直接等同功能质量。,喜忌只修正调用摩擦、平衡与承载，不直接等同好坏、成熟或道德品质。,原十神功能有效；真合化成立时按化神功能替换，合化争议时停止定性。,由共享基础引擎判定；近位提高进入关系核心的概率，远位只保留背景修正。,78,+9,flow_block,起点有效、目标必要、转换未完成。,明确流向卡点评分：起点有效、目标必要、转换未完成。,不得仅凭本规则推出控制、冷战、讨好、攻击、依赖、花心、自私、欺骗、暴力、人格／依恋障碍、分手离婚或关系必败；必须结合真实行为、触发情境、反例与保护因素验证。,中高,待验证,,provisional=true,0.4
M4-OVERUSE-337,具体触发域评分,L7 评分、置信与报告,OVERUSE-评分输出,通用,评分／输出,activation_trigger,,能够匹配TR01—TR08中的具体情境。,试图把工程分值解释成统计准确率或命理概率。,由共享基础引擎提供；只修正功能承载、执行强度和压力反应，不直接等同有无主见。,由M1／M2接口提供；夫妻星只标注关系议题角色，不单独证明过用、不足或竞争。,由M3-BASE提供；日支底盘提高关系相关性，但不能单独建立失衡结论。,由M3及共享流向引擎提供；没有有效起点、转换和终点时，不得补写现实处理顺序。,由共享基础引擎判定；近位提高亲密关系相关性，远位降级为背景候选。,由共享基础引擎判定；根气主要修正重复调用能力，不等于现实中已经反复发生。,由共享基础引擎判定；强弱只修正调用强度与可用性，不直接等同功能质量。,喜忌只修正调用摩擦、平衡与承载，不直接等同好坏、成熟或道德品质。,原十神功能有效；真合化成立时按化神功能替换，合化争议时停止定性。,由共享基础引擎判定；近位提高进入关系核心的概率，远位只保留背景修正。,78,+6,activation_trigger,能够匹配TR01—TR08中的具体情境。,具体触发域评分：能够匹配TR01—TR08中的具体情境。,不得仅凭本规则推出控制、冷战、讨好、攻击、依赖、花心、自私、欺骗、暴力、人格／依恋障碍、分手离婚或关系必败；必须结合真实行为、触发情境、反例与保护因素验证。,中高,待验证,,provisional=true,0.4
M4-OVERUSE-338,现实重复支持评分,L7 评分、置信与报告,OVERUSE-评分输出,通用,评分／输出,evidence_level,,同类情境有重复行为，但本模块仍不升级E3。,试图把工程分值解释成统计准确率或命理概率。,由共享基础引擎提供；只修正功能承载、执行强度和压力反应，不直接等同有无主见。,由M1／M2接口提供；夫妻星只标注关系议题角色，不单独证明过用、不足或竞争。,由M3-BASE提供；日支底盘提高关系相关性，但不能单独建立失衡结论。,由M3及共享流向引擎提供；没有有效起点、转换和终点时，不得补写现实处理顺序。,由共享基础引擎判定；近位提高亲密关系相关性，远位降级为背景候选。,由共享基础引擎判定；根气主要修正重复调用能力，不等于现实中已经反复发生。,由共享基础引擎判定；强弱只修正调用强度与可用性，不直接等同功能质量。,喜忌只修正调用摩擦、平衡与承载，不直接等同好坏、成熟或道德品质。,原十神功能有效；真合化成立时按化神功能替换，合化争议时停止定性。,由共享基础引擎判定；近位提高进入关系核心的概率，远位只保留背景修正。,78,+6,evidence_level,同类情境有重复行为，但本模块仍不升级E3。,现实重复支持评分：同类情境有重复行为，但本模块仍不升级E3。,不得仅凭本规则推出控制、冷战、讨好、攻击、依赖、花心、自私、欺骗、暴力、人格／依恋障碍、分手离婚或关系必败；必须结合真实行为、触发情境、反例与保护因素验证。,中高,待验证,,provisional=true,0.4
M4-OVERUSE-339,同源重复扣分,L7 评分、置信与报告,OVERUSE-评分输出,通用,评分／输出,dedup_log,,同一事实被多模块重复读取。,试图把工程分值解释成统计准确率或命理概率。,由共享基础引擎提供；只修正功能承载、执行强度和压力反应，不直接等同有无主见。,由M1／M2接口提供；夫妻星只标注关系议题角色，不单独证明过用、不足或竞争。,由M3-BASE提供；日支底盘提高关系相关性，但不能单独建立失衡结论。,由M3及共享流向引擎提供；没有有效起点、转换和终点时，不得补写现实处理顺序。,由共享基础引擎判定；近位提高亲密关系相关性，远位降级为背景候选。,由共享基础引擎判定；根气主要修正重复调用能力，不等于现实中已经反复发生。,由共享基础引擎判定；强弱只修正调用强度与可用性，不直接等同功能质量。,喜忌只修正调用摩擦、平衡与承载，不直接等同好坏、成熟或道德品质。,原十神功能有效；真合化成立时按化神功能替换，合化争议时停止定性。,由共享基础引擎判定；近位提高进入关系核心的概率，远位只保留背景修正。,78,-8／每个重复来源,dedup_log,同一事实被多模块重复读取。,同源重复扣分：同一事实被多模块重复读取。,不得仅凭本规则推出控制、冷战、讨好、攻击、依赖、花心、自私、欺骗、暴力、人格／依恋障碍、分手离婚或关系必败；必须结合真实行为、触发情境、反例与保护因素验证。,中高,待验证,,provisional=true,0.4
M4-OVERUSE-340,强保护因素扣分,L7 评分、置信与报告,OVERUSE-评分输出,通用,评分／输出,buffer_factor,,制化、通关、边界、倾听或现实反例稳定有效。,试图把工程分值解释成统计准确率或命理概率。,由共享基础引擎提供；只修正功能承载、执行强度和压力反应，不直接等同有无主见。,由M1／M2接口提供；夫妻星只标注关系议题角色，不单独证明过用、不足或竞争。,由M3-BASE提供；日支底盘提高关系相关性，但不能单独建立失衡结论。,由M3及共享流向引擎提供；没有有效起点、转换和终点时，不得补写现实处理顺序。,由共享基础引擎判定；近位提高亲密关系相关性，远位降级为背景候选。,由共享基础引擎判定；根气主要修正重复调用能力，不等于现实中已经反复发生。,由共享基础引擎判定；强弱只修正调用强度与可用性，不直接等同功能质量。,喜忌只修正调用摩擦、平衡与承载，不直接等同好坏、成熟或道德品质。,原十神功能有效；真合化成立时按化神功能替换，合化争议时停止定性。,由共享基础引擎判定；近位提高进入关系核心的概率，远位只保留背景修正。,78,-10,buffer_factor,制化、通关、边界、倾听或现实反例稳定有效。,强保护因素扣分：制化、通关、边界、倾听或现实反例稳定有效。,不得仅凭本规则推出控制、冷战、讨好、攻击、依赖、花心、自私、欺骗、暴力、人格／依恋障碍、分手离婚或关系必败；必须结合真实行为、触发情境、反例与保护因素验证。,中高,待验证,,provisional=true,0.4
M4-OVERUSE-341,中等保护因素扣分,L7 评分、置信与报告,OVERUSE-评分输出,通用,评分／输出,buffer_factor,,保护可用但只在部分情境进入。,试图把工程分值解释成统计准确率或命理概率。,由共享基础引擎提供；只修正功能承载、执行强度和压力反应，不直接等同有无主见。,由M1／M2接口提供；夫妻星只标注关系议题角色，不单独证明过用、不足或竞争。,由M3-BASE提供；日支底盘提高关系相关性，但不能单独建立失衡结论。,由M3及共享流向引擎提供；没有有效起点、转换和终点时，不得补写现实处理顺序。,由共享基础引擎判定；近位提高亲密关系相关性，远位降级为背景候选。,由共享基础引擎判定；根气主要修正重复调用能力，不等于现实中已经反复发生。,由共享基础引擎判定；强弱只修正调用强度与可用性，不直接等同功能质量。,喜忌只修正调用摩擦、平衡与承载，不直接等同好坏、成熟或道德品质。,原十神功能有效；真合化成立时按化神功能替换，合化争议时停止定性。,由共享基础引擎判定；近位提高进入关系核心的概率，远位只保留背景修正。,78,-6,buffer_factor,保护可用但只在部分情境进入。,中等保护因素扣分：保护可用但只在部分情境进入。,不得仅凭本规则推出控制、冷战、讨好、攻击、依赖、花心、自私、欺骗、暴力、人格／依恋障碍、分手离婚或关系必败；必须结合真实行为、触发情境、反例与保护因素验证。,中高,待验证,,provisional=true,0.4
M4-OVERUSE-342,明确现实反例扣分,L7 评分、置信与报告,OVERUSE-评分输出,通用,评分／输出,evidence_level,,同类高压情境稳定完成被判定缺位的功能。,试图把工程分值解释成统计准确率或命理概率。,由共享基础引擎提供；只修正功能承载、执行强度和压力反应，不直接等同有无主见。,由M1／M2接口提供；夫妻星只标注关系议题角色，不单独证明过用、不足或竞争。,由M3-BASE提供；日支底盘提高关系相关性，但不能单独建立失衡结论。,由M3及共享流向引擎提供；没有有效起点、转换和终点时，不得补写现实处理顺序。,由共享基础引擎判定；近位提高亲密关系相关性，远位降级为背景候选。,由共享基础引擎判定；根气主要修正重复调用能力，不等于现实中已经反复发生。,由共享基础引擎判定；强弱只修正调用强度与可用性，不直接等同功能质量。,喜忌只修正调用摩擦、平衡与承载，不直接等同好坏、成熟或道德品质。,原十神功能有效；真合化成立时按化神功能替换，合化争议时停止定性。,由共享基础引擎判定；近位提高进入关系核心的概率，远位只保留背景修正。,78,-12或停止,evidence_level,同类高压情境稳定完成被判定缺位的功能。,明确现实反例扣分：同类高压情境稳定完成被判定缺位的功能。,不得仅凭本规则推出控制、冷战、讨好、攻击、依赖、花心、自私、欺骗、暴力、人格／依恋障碍、分手离婚或关系必败；必须结合真实行为、触发情境、反例与保护因素验证。,中高,待验证,,provisional=true,0.4
M4-OVERUSE-343,触发不清扣分,L7 评分、置信与报告,OVERUSE-评分输出,通用,评分／输出,activation_trigger,,只能笼统写压力、无法说明关系任务。,试图把工程分值解释成统计准确率或命理概率。,由共享基础引擎提供；只修正功能承载、执行强度和压力反应，不直接等同有无主见。,由M1／M2接口提供；夫妻星只标注关系议题角色，不单独证明过用、不足或竞争。,由M3-BASE提供；日支底盘提高关系相关性，但不能单独建立失衡结论。,由M3及共享流向引擎提供；没有有效起点、转换和终点时，不得补写现实处理顺序。,由共享基础引擎判定；近位提高亲密关系相关性，远位降级为背景候选。,由共享基础引擎判定；根气主要修正重复调用能力，不等于现实中已经反复发生。,由共享基础引擎判定；强弱只修正调用强度与可用性，不直接等同功能质量。,喜忌只修正调用摩擦、平衡与承载，不直接等同好坏、成熟或道德品质。,原十神功能有效；真合化成立时按化神功能替换，合化争议时停止定性。,由共享基础引擎判定；近位提高进入关系核心的概率，远位只保留背景修正。,78,-5；不得E2,activation_trigger,只能笼统写压力、无法说明关系任务。,触发不清扣分：只能笼统写压力、无法说明关系任务。,不得仅凭本规则推出控制、冷战、讨好、攻击、依赖、花心、自私、欺骗、暴力、人格／依恋障碍、分手离婚或关系必败；必须结合真实行为、触发情境、反例与保护因素验证。,中高,待验证,,provisional=true,0.4
M4-OVERUSE-344,基础模块低置信扣分,L7 评分、置信与报告,OVERUSE-评分输出,通用,评分／输出,confidence,,关键M3来源为中低或低。,试图把工程分值解释成统计准确率或命理概率。,由共享基础引擎提供；只修正功能承载、执行强度和压力反应，不直接等同有无主见。,由M1／M2接口提供；夫妻星只标注关系议题角色，不单独证明过用、不足或竞争。,由M3-BASE提供；日支底盘提高关系相关性，但不能单独建立失衡结论。,由M3及共享流向引擎提供；没有有效起点、转换和终点时，不得补写现实处理顺序。,由共享基础引擎判定；近位提高亲密关系相关性，远位降级为背景候选。,由共享基础引擎判定；根气主要修正重复调用能力，不等于现实中已经反复发生。,由共享基础引擎判定；强弱只修正调用强度与可用性，不直接等同功能质量。,喜忌只修正调用摩擦、平衡与承载，不直接等同好坏、成熟或道德品质。,原十神功能有效；真合化成立时按化神功能替换，合化争议时停止定性。,由共享基础引擎判定；近位提高进入关系核心的概率，远位只保留背景修正。,78,-6,confidence,关键M3来源为中低或低。,基础模块低置信扣分：关键M3来源为中低或低。,不得仅凭本规则推出控制、冷战、讨好、攻击、依赖、花心、自私、欺骗、暴力、人格／依恋障碍、分手离婚或关系必败；必须结合真实行为、触发情境、反例与保护因素验证。,中高,待验证,,provisional=true,0.4
M4-OVERUSE-345,E1初始门槛,L7 评分、置信与报告,OVERUSE-评分输出,通用,评分／输出,evidence_level,,正常功能＋明确机制＋至少两类独立证据；净分≥24。,试图把工程分值解释成统计准确率或命理概率。,由共享基础引擎提供；只修正功能承载、执行强度和压力反应，不直接等同有无主见。,由M1／M2接口提供；夫妻星只标注关系议题角色，不单独证明过用、不足或竞争。,由M3-BASE提供；日支底盘提高关系相关性，但不能单独建立失衡结论。,由M3及共享流向引擎提供；没有有效起点、转换和终点时，不得补写现实处理顺序。,由共享基础引擎判定；近位提高亲密关系相关性，远位降级为背景候选。,由共享基础引擎判定；根气主要修正重复调用能力，不等于现实中已经反复发生。,由共享基础引擎判定；强弱只修正调用强度与可用性，不直接等同功能质量。,喜忌只修正调用摩擦、平衡与承载，不直接等同好坏、成熟或道德品质。,原十神功能有效；真合化成立时按化神功能替换，合化争议时停止定性。,由共享基础引擎判定；近位提高进入关系核心的概率，远位只保留背景修正。,78,路由E1,evidence_level,正常功能＋明确机制＋至少两类独立证据；净分≥24。,E1初始门槛：正常功能＋明确机制＋至少两类独立证据；净分≥24。,不得仅凭本规则推出控制、冷战、讨好、攻击、依赖、花心、自私、欺骗、暴力、人格／依恋障碍、分手离婚或关系必败；必须结合真实行为、触发情境、反例与保护因素验证。,中高,待验证,,provisional=true,0.4
M4-OVERUSE-346,E2初始门槛,L7 评分、置信与报告,OVERUSE-评分输出,通用,评分／输出,evidence_level,,E1成立＋具体触发＋保护不足；净分≥36。,试图把工程分值解释成统计准确率或命理概率。,由共享基础引擎提供；只修正功能承载、执行强度和压力反应，不直接等同有无主见。,由M1／M2接口提供；夫妻星只标注关系议题角色，不单独证明过用、不足或竞争。,由M3-BASE提供；日支底盘提高关系相关性，但不能单独建立失衡结论。,由M3及共享流向引擎提供；没有有效起点、转换和终点时，不得补写现实处理顺序。,由共享基础引擎判定；近位提高亲密关系相关性，远位降级为背景候选。,由共享基础引擎判定；根气主要修正重复调用能力，不等于现实中已经反复发生。,由共享基础引擎判定；强弱只修正调用强度与可用性，不直接等同功能质量。,喜忌只修正调用摩擦、平衡与承载，不直接等同好坏、成熟或道德品质。,原十神功能有效；真合化成立时按化神功能替换，合化争议时停止定性。,由共享基础引擎判定；近位提高进入关系核心的概率，远位只保留背景修正。,78,路由E2,evidence_level,E1成立＋具体触发＋保护不足；净分≥36。,E2初始门槛：E1成立＋具体触发＋保护不足；净分≥36。,不得仅凭本规则推出控制、冷战、讨好、攻击、依赖、花心、自私、欺骗、暴力、人格／依恋障碍、分手离婚或关系必败；必须结合真实行为、触发情境、反例与保护因素验证。,中高,待验证,,provisional=true,0.4
M4-OVERUSE-347,E3禁止自动升级,L7 评分、置信与报告,OVERUSE-评分输出,通用,评分／输出,boundary_note,,即使分数很高，也没有现实反馈回路证据。,试图把工程分值解释成统计准确率或命理概率。,由共享基础引擎提供；只修正功能承载、执行强度和压力反应，不直接等同有无主见。,由M1／M2接口提供；夫妻星只标注关系议题角色，不单独证明过用、不足或竞争。,由M3-BASE提供；日支底盘提高关系相关性，但不能单独建立失衡结论。,由M3及共享流向引擎提供；没有有效起点、转换和终点时，不得补写现实处理顺序。,由共享基础引擎判定；近位提高亲密关系相关性，远位降级为背景候选。,由共享基础引擎判定；根气主要修正重复调用能力，不等于现实中已经反复发生。,由共享基础引擎判定；强弱只修正调用强度与可用性，不直接等同功能质量。,喜忌只修正调用摩擦、平衡与承载，不直接等同好坏、成熟或道德品质。,原十神功能有效；真合化成立时按化神功能替换，合化争议时停止定性。,由共享基础引擎判定；近位提高进入关系核心的概率，远位只保留背景修正。,78,转M4-LOOP,boundary_note,即使分数很高，也没有现实反馈回路证据。,E3禁止自动升级：即使分数很高，也没有现实反馈回路证据。,不得仅凭本规则推出控制、冷战、讨好、攻击、依赖、花心、自私、欺骗、暴力、人格／依恋障碍、分手离婚或关系必败；必须结合真实行为、触发情境、反例与保护因素验证。,中高,待验证,,provisional=true,0.4
M4-OVERUSE-348,E4必须现实验证,L7 评分、置信与报告,OVERUSE-评分输出,通用,评分／输出,boundary_note,,至少两个独立现实事件重复，且纳入反例。,试图把工程分值解释成统计准确率或命理概率。,由共享基础引擎提供；只修正功能承载、执行强度和压力反应，不直接等同有无主见。,由M1／M2接口提供；夫妻星只标注关系议题角色，不单独证明过用、不足或竞争。,由M3-BASE提供；日支底盘提高关系相关性，但不能单独建立失衡结论。,由M3及共享流向引擎提供；没有有效起点、转换和终点时，不得补写现实处理顺序。,由共享基础引擎判定；近位提高亲密关系相关性，远位降级为背景候选。,由共享基础引擎判定；根气主要修正重复调用能力，不等于现实中已经反复发生。,由共享基础引擎判定；强弱只修正调用强度与可用性，不直接等同功能质量。,喜忌只修正调用摩擦、平衡与承载，不直接等同好坏、成熟或道德品质。,原十神功能有效；真合化成立时按化神功能替换，合化争议时停止定性。,由共享基础引擎判定；近位提高进入关系核心的概率，远位只保留背景修正。,78,转案例校准,boundary_note,至少两个独立现实事件重复，且纳入反例。,E4必须现实验证：至少两个独立现实事件重复，且纳入反例。,不得仅凭本规则推出控制、冷战、讨好、攻击、依赖、花心、自私、欺骗、暴力、人格／依恋障碍、分手离婚或关系必败；必须结合真实行为、触发情境、反例与保护因素验证。,中高,待验证,,provisional=true,0.4
M4-OVERUSE-349,主机制选择,L7 评分、置信与报告,OVERUSE-评分输出,通用,评分／输出,imbalance_mechanism,,最高候选≥30且领先第二候选≥8分。,试图把工程分值解释成统计准确率或命理概率。,由共享基础引擎提供；只修正功能承载、执行强度和压力反应，不直接等同有无主见。,由M1／M2接口提供；夫妻星只标注关系议题角色，不单独证明过用、不足或竞争。,由M3-BASE提供；日支底盘提高关系相关性，但不能单独建立失衡结论。,由M3及共享流向引擎提供；没有有效起点、转换和终点时，不得补写现实处理顺序。,由共享基础引擎判定；近位提高亲密关系相关性，远位降级为背景候选。,由共享基础引擎判定；根气主要修正重复调用能力，不等于现实中已经反复发生。,由共享基础引擎判定；强弱只修正调用强度与可用性，不直接等同功能质量。,喜忌只修正调用摩擦、平衡与承载，不直接等同好坏、成熟或道德品质。,原十神功能有效；真合化成立时按化神功能替换，合化争议时停止定性。,由共享基础引擎判定；近位提高进入关系核心的概率，远位只保留背景修正。,78,选为主机制,imbalance_mechanism,最高候选≥30且领先第二候选≥8分。,主机制选择：最高候选≥30且领先第二候选≥8分。,不得仅凭本规则推出控制、冷战、讨好、攻击、依赖、花心、自私、欺骗、暴力、人格／依恋障碍、分手离婚或关系必败；必须结合真实行为、触发情境、反例与保护因素验证。,中高,待验证,,provisional=true,0.4
M4-OVERUSE-350,次机制选择,L7 评分、置信与报告,OVERUSE-评分输出,通用,评分／输出,secondary_signal,,次候选≥22、来源独立、功能不同且非同义。,试图把工程分值解释成统计准确率或命理概率。,由共享基础引擎提供；只修正功能承载、执行强度和压力反应，不直接等同有无主见。,由M1／M2接口提供；夫妻星只标注关系议题角色，不单独证明过用、不足或竞争。,由M3-BASE提供；日支底盘提高关系相关性，但不能单独建立失衡结论。,由M3及共享流向引擎提供；没有有效起点、转换和终点时，不得补写现实处理顺序。,由共享基础引擎判定；近位提高亲密关系相关性，远位降级为背景候选。,由共享基础引擎判定；根气主要修正重复调用能力，不等于现实中已经反复发生。,由共享基础引擎判定；强弱只修正调用强度与可用性，不直接等同功能质量。,喜忌只修正调用摩擦、平衡与承载，不直接等同好坏、成熟或道德品质。,原十神功能有效；真合化成立时按化神功能替换，合化争议时停止定性。,由共享基础引擎判定；近位提高进入关系核心的概率，远位只保留背景修正。,78,最多保留1项,secondary_signal,次候选≥22、来源独立、功能不同且非同义。,次机制选择：次候选≥22、来源独立、功能不同且非同义。,不得仅凭本规则推出控制、冷战、讨好、攻击、依赖、花心、自私、欺骗、暴力、人格／依恋障碍、分手离婚或关系必败；必须结合真实行为、触发情境、反例与保护因素验证。,中高,待验证,,provisional=true,0.4
M4-OVERUSE-351,主次并列处理,L7 评分、置信与报告,OVERUSE-评分输出,通用,评分／输出,competition_pattern,,两候选分差<8且功能不同。,试图把工程分值解释成统计准确率或命理概率。,由共享基础引擎提供；只修正功能承载、执行强度和压力反应，不直接等同有无主见。,由M1／M2接口提供；夫妻星只标注关系议题角色，不单独证明过用、不足或竞争。,由M3-BASE提供；日支底盘提高关系相关性，但不能单独建立失衡结论。,由M3及共享流向引擎提供；没有有效起点、转换和终点时，不得补写现实处理顺序。,由共享基础引擎判定；近位提高亲密关系相关性，远位降级为背景候选。,由共享基础引擎判定；根气主要修正重复调用能力，不等于现实中已经反复发生。,由共享基础引擎判定；强弱只修正调用强度与可用性，不直接等同功能质量。,喜忌只修正调用摩擦、平衡与承载，不直接等同好坏、成熟或道德品质。,原十神功能有效；真合化成立时按化神功能替换，合化争议时停止定性。,由共享基础引擎判定；近位提高进入关系核心的概率，远位只保留背景修正。,78,优先K05或低置信,competition_pattern,两候选分差<8且功能不同。,主次并列处理：两候选分差<8且功能不同。,不得仅凭本规则推出控制、冷战、讨好、攻击、依赖、花心、自私、欺骗、暴力、人格／依恋障碍、分手离婚或关系必败；必须结合真实行为、触发情境、反例与保护因素验证。,中高,待验证,,provisional=true,0.4
M4-OVERUSE-352,同义候选收敛,L7 评分、置信与报告,OVERUSE-评分输出,通用,评分／输出,dedup_log,,两个候选描述同一事实、同一功能和同一结果。,试图把工程分值解释成统计准确率或命理概率。,由共享基础引擎提供；只修正功能承载、执行强度和压力反应，不直接等同有无主见。,由M1／M2接口提供；夫妻星只标注关系议题角色，不单独证明过用、不足或竞争。,由M3-BASE提供；日支底盘提高关系相关性，但不能单独建立失衡结论。,由M3及共享流向引擎提供；没有有效起点、转换和终点时，不得补写现实处理顺序。,由共享基础引擎判定；近位提高亲密关系相关性，远位降级为背景候选。,由共享基础引擎判定；根气主要修正重复调用能力，不等于现实中已经反复发生。,由共享基础引擎判定；强弱只修正调用强度与可用性，不直接等同功能质量。,喜忌只修正调用摩擦、平衡与承载，不直接等同好坏、成熟或道德品质。,原十神功能有效；真合化成立时按化神功能替换，合化争议时停止定性。,由共享基础引擎判定；近位提高进入关系核心的概率，远位只保留背景修正。,78,合并为一项,dedup_log,两个候选描述同一事实、同一功能和同一结果。,同义候选收敛：两个候选描述同一事实、同一功能和同一结果。,不得仅凭本规则推出控制、冷战、讨好、攻击、依赖、花心、自私、欺骗、暴力、人格／依恋障碍、分手离婚或关系必败；必须结合真实行为、触发情境、反例与保护因素验证。,中高,待验证,,provisional=true,0.4
M4-OVERUSE-353,置信度高,L7 评分、置信与报告,OVERUSE-评分输出,通用,评分／输出,confidence,,证据来源≥3、状态可靠、保护已核查、现实支持明确。,试图把工程分值解释成统计准确率或命理概率。,由共享基础引擎提供；只修正功能承载、执行强度和压力反应，不直接等同有无主见。,由M1／M2接口提供；夫妻星只标注关系议题角色，不单独证明过用、不足或竞争。,由M3-BASE提供；日支底盘提高关系相关性，但不能单独建立失衡结论。,由M3及共享流向引擎提供；没有有效起点、转换和终点时，不得补写现实处理顺序。,由共享基础引擎判定；近位提高亲密关系相关性，远位降级为背景候选。,由共享基础引擎判定；根气主要修正重复调用能力，不等于现实中已经反复发生。,由共享基础引擎判定；强弱只修正调用强度与可用性，不直接等同功能质量。,喜忌只修正调用摩擦、平衡与承载，不直接等同好坏、成熟或道德品质。,原十神功能有效；真合化成立时按化神功能替换，合化争议时停止定性。,由共享基础引擎判定；近位提高进入关系核心的概率，远位只保留背景修正。,78,高；仍不等于概率,confidence,证据来源≥3、状态可靠、保护已核查、现实支持明确。,置信度高：证据来源≥3、状态可靠、保护已核查、现实支持明确。,不得仅凭本规则推出控制、冷战、讨好、攻击、依赖、花心、自私、欺骗、暴力、人格／依恋障碍、分手离婚或关系必败；必须结合真实行为、触发情境、反例与保护因素验证。,中高,待验证,,provisional=true,0.4
M4-OVERUSE-354,置信度中高,L7 评分、置信与报告,OVERUSE-评分输出,通用,评分／输出,confidence,,两类独立证据＋清楚机制＋具体触发。,试图把工程分值解释成统计准确率或命理概率。,由共享基础引擎提供；只修正功能承载、执行强度和压力反应，不直接等同有无主见。,由M1／M2接口提供；夫妻星只标注关系议题角色，不单独证明过用、不足或竞争。,由M3-BASE提供；日支底盘提高关系相关性，但不能单独建立失衡结论。,由M3及共享流向引擎提供；没有有效起点、转换和终点时，不得补写现实处理顺序。,由共享基础引擎判定；近位提高亲密关系相关性，远位降级为背景候选。,由共享基础引擎判定；根气主要修正重复调用能力，不等于现实中已经反复发生。,由共享基础引擎判定；强弱只修正调用强度与可用性，不直接等同功能质量。,喜忌只修正调用摩擦、平衡与承载，不直接等同好坏、成熟或道德品质。,原十神功能有效；真合化成立时按化神功能替换，合化争议时停止定性。,由共享基础引擎判定；近位提高进入关系核心的概率，远位只保留背景修正。,78,中高,confidence,两类独立证据＋清楚机制＋具体触发。,置信度中高：两类独立证据＋清楚机制＋具体触发。,不得仅凭本规则推出控制、冷战、讨好、攻击、依赖、花心、自私、欺骗、暴力、人格／依恋障碍、分手离婚或关系必败；必须结合真实行为、触发情境、反例与保护因素验证。,中高,待验证,,provisional=true,0.4
M4-OVERUSE-355,置信度中,L7 评分、置信与报告,OVERUSE-评分输出,通用,评分／输出,confidence,,结构完整但现实验证有限。,试图把工程分值解释成统计准确率或命理概率。,由共享基础引擎提供；只修正功能承载、执行强度和压力反应，不直接等同有无主见。,由M1／M2接口提供；夫妻星只标注关系议题角色，不单独证明过用、不足或竞争。,由M3-BASE提供；日支底盘提高关系相关性，但不能单独建立失衡结论。,由M3及共享流向引擎提供；没有有效起点、转换和终点时，不得补写现实处理顺序。,由共享基础引擎判定；近位提高亲密关系相关性，远位降级为背景候选。,由共享基础引擎判定；根气主要修正重复调用能力，不等于现实中已经反复发生。,由共享基础引擎判定；强弱只修正调用强度与可用性，不直接等同功能质量。,喜忌只修正调用摩擦、平衡与承载，不直接等同好坏、成熟或道德品质。,原十神功能有效；真合化成立时按化神功能替换，合化争议时停止定性。,由共享基础引擎判定；近位提高进入关系核心的概率，远位只保留背景修正。,78,中,confidence,结构完整但现实验证有限。,置信度中：结构完整但现实验证有限。,不得仅凭本规则推出控制、冷战、讨好、攻击、依赖、花心、自私、欺骗、暴力、人格／依恋障碍、分手离婚或关系必败；必须结合真实行为、触发情境、反例与保护因素验证。,中高,待验证,,provisional=true,0.4
M4-OVERUSE-356,置信度中低／低,L7 评分、置信与报告,OVERUSE-评分输出,通用,评分／输出,confidence,,关键状态未定、来源弱远、反例多或主次不清。,试图把工程分值解释成统计准确率或命理概率。,由共享基础引擎提供；只修正功能承载、执行强度和压力反应，不直接等同有无主见。,由M1／M2接口提供；夫妻星只标注关系议题角色，不单独证明过用、不足或竞争。,由M3-BASE提供；日支底盘提高关系相关性，但不能单独建立失衡结论。,由M3及共享流向引擎提供；没有有效起点、转换和终点时，不得补写现实处理顺序。,由共享基础引擎判定；近位提高亲密关系相关性，远位降级为背景候选。,由共享基础引擎判定；根气主要修正重复调用能力，不等于现实中已经反复发生。,由共享基础引擎判定；强弱只修正调用强度与可用性，不直接等同功能质量。,喜忌只修正调用摩擦、平衡与承载，不直接等同好坏、成熟或道德品质。,原十神功能有效；真合化成立时按化神功能替换，合化争议时停止定性。,由共享基础引擎判定；近位提高进入关系核心的概率，远位只保留背景修正。,78,中低／低,confidence,关键状态未定、来源弱远、反例多或主次不清。,置信度中低／低：关键状态未定、来源弱远、反例多或主次不清。,不得仅凭本规则推出控制、冷战、讨好、攻击、依赖、花心、自私、欺骗、暴力、人格／依恋障碍、分手离婚或关系必败；必须结合真实行为、触发情境、反例与保护因素验证。,中高,待验证,,provisional=true,0.4
M4-OVERUSE-357,标准摘要模板,L7 评分、置信与报告,OVERUSE-评分输出,通用,评分／输出,report_template,,主机制、正常功能、缺位任务、触发和保护均已确定。,试图把工程分值解释成统计准确率或命理概率。,由共享基础引擎提供；只修正功能承载、执行强度和压力反应，不直接等同有无主见。,由M1／M2接口提供；夫妻星只标注关系议题角色，不单独证明过用、不足或竞争。,由M3-BASE提供；日支底盘提高关系相关性，但不能单独建立失衡结论。,由M3及共享流向引擎提供；没有有效起点、转换和终点时，不得补写现实处理顺序。,由共享基础引擎判定；近位提高亲密关系相关性，远位降级为背景候选。,由共享基础引擎判定；根气主要修正重复调用能力，不等于现实中已经反复发生。,由共享基础引擎判定；强弱只修正调用强度与可用性，不直接等同功能质量。,喜忌只修正调用摩擦、平衡与承载，不直接等同好坏、成熟或道德品质。,原十神功能有效；真合化成立时按化神功能替换，合化争议时停止定性。,由共享基础引擎判定；近位提高进入关系核心的概率，远位只保留背景修正。,78,生成四句结构,report_template,主机制、正常功能、缺位任务、触发和保护均已确定。,你本来擅长用【正常功能】处理关系；当【触发情境】出现时，这项功能可能【主机制】，使【缺位功能】进入得更晚。如果【保护因素】能够稳定发挥，这个候选会明显减弱。,不得仅凭本规则推出控制、冷战、讨好、攻击、依赖、花心、自私、欺骗、暴力、人格／依恋障碍、分手离婚或关系必败；必须结合真实行为、触发情境、反例与保护因素验证。,中高,待验证,,provisional=true,0.4
M4-OVERUSE-358,低置信停止模板,L7 评分、置信与报告,OVERUSE-评分输出,通用,评分／输出,report_template,,无法形成可靠主机制。,试图把工程分值解释成统计准确率或命理概率。,由共享基础引擎提供；只修正功能承载、执行强度和压力反应，不直接等同有无主见。,由M1／M2接口提供；夫妻星只标注关系议题角色，不单独证明过用、不足或竞争。,由M3-BASE提供；日支底盘提高关系相关性，但不能单独建立失衡结论。,由M3及共享流向引擎提供；没有有效起点、转换和终点时，不得补写现实处理顺序。,由共享基础引擎判定；近位提高亲密关系相关性，远位降级为背景候选。,由共享基础引擎判定；根气主要修正重复调用能力，不等于现实中已经反复发生。,由共享基础引擎判定；强弱只修正调用强度与可用性，不直接等同功能质量。,喜忌只修正调用摩擦、平衡与承载，不直接等同好坏、成熟或道德品质。,原十神功能有效；真合化成立时按化神功能替换，合化争议时停止定性。,由共享基础引擎判定；近位提高进入关系核心的概率，远位只保留背景修正。,78,只写正常功能＋待验证问题,report_template,无法形成可靠主机制。,目前可以确认你较常使用【正常功能】，但还没有足够证据判断它是否形成稳定失衡；更值得继续观察的是【待验证问题】。,不得仅凭本规则推出控制、冷战、讨好、攻击、依赖、花心、自私、欺骗、暴力、人格／依恋障碍、分手离婚或关系必败；必须结合真实行为、触发情境、反例与保护因素验证。,中高,待验证,,provisional=true,0.4
M4-OVERUSE-359,案例验证记录,L7 评分、置信与报告,OVERUSE-评分输出,通用,评分／输出,case_validation,,每个候选记录事件、顺序、触发、保护、反例和结果。,试图把工程分值解释成统计准确率或命理概率。,由共享基础引擎提供；只修正功能承载、执行强度和压力反应，不直接等同有无主见。,由M1／M2接口提供；夫妻星只标注关系议题角色，不单独证明过用、不足或竞争。,由M3-BASE提供；日支底盘提高关系相关性，但不能单独建立失衡结论。,由M3及共享流向引擎提供；没有有效起点、转换和终点时，不得补写现实处理顺序。,由共享基础引擎判定；近位提高亲密关系相关性，远位降级为背景候选。,由共享基础引擎判定；根气主要修正重复调用能力，不等于现实中已经反复发生。,由共享基础引擎判定；强弱只修正调用强度与可用性，不直接等同功能质量。,喜忌只修正调用摩擦、平衡与承载，不直接等同好坏、成熟或道德品质。,原十神功能有效；真合化成立时按化神功能替换，合化争议时停止定性。,由共享基础引擎判定；近位提高进入关系核心的概率，远位只保留背景修正。,78,写入案例表,case_validation,每个候选记录事件、顺序、触发、保护、反例和结果。,请记录一次具体事件：发生了什么、你先做了什么、哪一步没有进入、对方如何回应、后来是否修复，以及有没有反例。,不得仅凭本规则推出控制、冷战、讨好、攻击、依赖、花心、自私、欺骗、暴力、人格／依恋障碍、分手离婚或关系必败；必须结合真实行为、触发情境、反例与保护因素验证。,中高,待验证,,provisional=true,0.4
M4-OVERUSE-360,V0.4发布边界,L7 评分、置信与报告,OVERUSE-评分输出,通用,评分／输出,boundary_note,,360条规则结构完成，真实校准未完成。,试图把工程分值解释成统计准确率或命理概率。,由共享基础引擎提供；只修正功能承载、执行强度和压力反应，不直接等同有无主见。,由M1／M2接口提供；夫妻星只标注关系议题角色，不单独证明过用、不足或竞争。,由M3-BASE提供；日支底盘提高关系相关性，但不能单独建立失衡结论。,由M3及共享流向引擎提供；没有有效起点、转换和终点时，不得补写现实处理顺序。,由共享基础引擎判定；近位提高亲密关系相关性，远位降级为背景候选。,由共享基础引擎判定；根气主要修正重复调用能力，不等于现实中已经反复发生。,由共享基础引擎判定；强弱只修正调用强度与可用性，不直接等同功能质量。,喜忌只修正调用摩擦、平衡与承载，不直接等同好坏、成熟或道德品质。,原十神功能有效；真合化成立时按化神功能替换，合化争议时停止定性。,由共享基础引擎判定；近位提高进入关系核心的概率，远位只保留背景修正。,78,validation_status=待验证,boundary_note,360条规则结构完成，真实校准未完成。,V0.4发布边界：360条规则结构完成，真实校准未完成。,不得仅凭本规则推出控制、冷战、讨好、攻击、依赖、花心、自私、欺骗、暴力、人格／依恋障碍、分手离婚或关系必败；必须结合真实行为、触发情境、反例与保护因素验证。,中高,待验证,,provisional=true,0.4
