rule_id,rule_name,layer,module,applicable_group,rule_type,main_signal,secondary_signal,required_conditions,excluded_conditions,self_strength_status,spouse_star_status,palace_signal,flow_path,signal_position,root_status,strength_level,favorability,transformation_status,distance_level,priority,score_effect,output_slot,internal_logic,user_explanation,forbidden_inference,confidence_base,validation_status,case_refs,notes,version
M4-REPAIR-001,M4-REPAIR正式定义｜修复卡点、回流断点与完成边界,L0 定义、边界与证据合同,REPAIR-定义边界,通用,定义,M4-REPAIR模块规则,,已经存在一件可还原的分歧、伤害、失约、边界或循环事件，并准备区分问题结案与关系修复。,只凭十神、旺弱或宫位动态判断修复成败。,由共享基础引擎提供；仅修正修复功能的承载、持续与压力占位，不直接等同是否愿意认错或能否修复。,由M1／M2提供；夫妻星只说明伴侣原型与关系资格，不单独证明修复能力、修复意愿或修复结果。,由M3-BASE提供；日支底盘说明亲密关系中自然调用的功能，但不能单独证明修复闭环。,由M3-CONFLICT、M4-LOOP及现实事件提供；必须区分问题停止、责任承担、影响确认、行动改变、反馈整合与后续回访。,由共享基础引擎判定；近位提高相关功能进入亲密关系核心的概率，远位只作背景或阶段修正。,根气只修正某修复功能是否容易重复调用，不等于现实中已经持续改变。,旺弱只修正功能调用强度与占位，不直接等同修复质量、诚意或关系结果。,喜忌只修正功能摩擦、平衡与承载，不直接等同道德、成熟、善恶或是否值得原谅。,原十神功能有效；真合化成立时按化神功能替换，合化争议时停止定性。,近位提高修复议题与亲密关系的直接相关性；远位仅保留背景、阶段或低置信修正。,99,不加分；定义／门控,report_status,M4-REPAIR识别的是修复链中哪一步缺失、被替代、过早关闭或未持续，不给人贴“不会修复”的人格标签。,这一部分看的是：事情结束以后，关系需要的哪些步骤已经完成，哪些步骤仍然没有回流。,不得仅凭本规则判断道歉真诚与否、要求对方原谅或复合、推断关系一定修复或失败、淡化暴力强迫与现实伤害、平均分配明显不对等的责任；现实安全、具体行为、反例与专业支持优先。,高,待验证,,provisional=true；M3-REPAIR尚未完成，完成条件为暂定功能模型。,0.7
M4-REPAIR-002,问题停止不等于关系修复｜必须分开两套完成条件,L0 定义、边界与证据合同,REPAIR-定义边界,通用,边界,问题结案与关系修复,,能够分别记录事件是否停止、任务是否解决、感受是否被看见、责任是否承担和行为是否改变。,把不再争论、问题解决或情绪平静直接写成关系已经修复。,由共享基础引擎提供；仅修正修复功能的承载、持续与压力占位，不直接等同是否愿意认错或能否修复。,由M1／M2提供；夫妻星只说明伴侣原型与关系资格，不单独证明修复能力、修复意愿或修复结果。,由M3-BASE提供；日支底盘说明亲密关系中自然调用的功能，但不能单独证明修复闭环。,由M3-CONFLICT、M4-LOOP及现实事件提供；必须区分问题停止、责任承担、影响确认、行动改变、反馈整合与后续回访。,由共享基础引擎判定；近位提高相关功能进入亲密关系核心的概率，远位只作背景或阶段修正。,根气只修正某修复功能是否容易重复调用，不等于现实中已经持续改变。,旺弱只修正功能调用强度与占位，不直接等同修复质量、诚意或关系结果。,喜忌只修正功能摩擦、平衡与承载，不直接等同道德、成熟、善恶或是否值得原谅。,原十神功能有效；真合化成立时按化神功能替换，合化争议时停止定性。,近位提高修复议题与亲密关系的直接相关性；远位仅保留背景、阶段或低置信修正。,99,核心门控,repair_level,问题结案关注事件和任务；关系修复关注影响、参与权、责任、行为改变、反馈和持续性。,事情可以已经结束，但关系是否修复，还要看影响有没有被看见、责任有没有承担、改变有没有持续。,不得仅凭本规则判断道歉真诚与否、要求对方原谅或复合、推断关系一定修复或失败、淡化暴力强迫与现实伤害、平均分配明显不对等的责任；现实安全、具体行为、反例与专业支持优先。,高,待验证,,provisional=true；M3-REPAIR尚未完成，完成条件为暂定功能模型。,0.7
M4-REPAIR-003,修复尝试不等于修复完成｜一次动作只能证明启动,L0 定义、边界与证据合同,REPAIR-定义边界,通用,边界,尝试与完成,,存在道歉、解释、安抚、补偿、方案或重新联系等动作。,只出现一次修复动作就发布“已经修复”。,由共享基础引擎提供；仅修正修复功能的承载、持续与压力占位，不直接等同是否愿意认错或能否修复。,由M1／M2提供；夫妻星只说明伴侣原型与关系资格，不单独证明修复能力、修复意愿或修复结果。,由M3-BASE提供；日支底盘说明亲密关系中自然调用的功能，但不能单独证明修复闭环。,由M3-CONFLICT、M4-LOOP及现实事件提供；必须区分问题停止、责任承担、影响确认、行动改变、反馈整合与后续回访。,由共享基础引擎判定；近位提高相关功能进入亲密关系核心的概率，远位只作背景或阶段修正。,根气只修正某修复功能是否容易重复调用，不等于现实中已经持续改变。,旺弱只修正功能调用强度与占位，不直接等同修复质量、诚意或关系结果。,喜忌只修正功能摩擦、平衡与承载，不直接等同道德、成熟、善恶或是否值得原谅。,原十神功能有效；真合化成立时按化神功能替换，合化争议时停止定性。,近位提高修复议题与亲密关系的直接相关性；远位仅保留背景、阶段或低置信修正。,98,完成度降级,repair_status,任何单一动作都只能证明修复尝试或某个节点出现，不能替代完整闭环。,一次道歉、一次解释或一次补救，说明修复已经开始，但还不能单独证明关系已经恢复。,不得仅凭本规则判断道歉真诚与否、要求对方原谅或复合、推断关系一定修复或失败、淡化暴力强迫与现实伤害、平均分配明显不对等的责任；现实安全、具体行为、反例与专业支持优先。,高,待验证,,provisional=true；M3-REPAIR尚未完成，完成条件为暂定功能模型。,0.7
M4-REPAIR-004,一方可以启动修复，但不能单独完成双方闭环,L0 定义、边界与证据合同,REPAIR-定义边界,通用,边界,双向闭环,,区分发起者行动、接收者反馈、二次调整和后续回访。,只有一方不断道歉或补救，却写成双方已经完成修复。,由共享基础引擎提供；仅修正修复功能的承载、持续与压力占位，不直接等同是否愿意认错或能否修复。,由M1／M2提供；夫妻星只说明伴侣原型与关系资格，不单独证明修复能力、修复意愿或修复结果。,由M3-BASE提供；日支底盘说明亲密关系中自然调用的功能，但不能单独证明修复闭环。,由M3-CONFLICT、M4-LOOP及现实事件提供；必须区分问题停止、责任承担、影响确认、行动改变、反馈整合与后续回访。,由共享基础引擎判定；近位提高相关功能进入亲密关系核心的概率，远位只作背景或阶段修正。,根气只修正某修复功能是否容易重复调用，不等于现实中已经持续改变。,旺弱只修正功能调用强度与占位，不直接等同修复质量、诚意或关系结果。,喜忌只修正功能摩擦、平衡与承载，不直接等同道德、成熟、善恶或是否值得原谅。,原十神功能有效；真合化成立时按化神功能替换，合化争议时停止定性。,近位提高修复议题与亲密关系的直接相关性；远位仅保留背景、阶段或低置信修正。,98,单方闭环降级,repair_status,关系修复至少需要接收方能够表达影响与反馈；不要求接受复合，但需要区分单方责任行动和双向闭环。,你可以完成自己的责任和补救，但双方是否重新建立理解，需要对方有真实反馈和选择。,不得仅凭本规则判断道歉真诚与否、要求对方原谅或复合、推断关系一定修复或失败、淡化暴力强迫与现实伤害、平均分配明显不对等的责任；现实安全、具体行为、反例与专业支持优先。,高,待验证,,provisional=true；M3-REPAIR尚未完成，完成条件为暂定功能模型。,0.7
M4-REPAIR-005,修复不等于必须原谅、复合或继续关系,L0 定义、边界与证据合同,REPAIR-定义边界,通用,伦理,原谅与复合边界,,区分修复行为、责任承担、原谅、信任和是否继续关系。,用“修复”要求受影响者接受道歉、恢复联系或继续关系。,由共享基础引擎提供；仅修正修复功能的承载、持续与压力占位，不直接等同是否愿意认错或能否修复。,由M1／M2提供；夫妻星只说明伴侣原型与关系资格，不单独证明修复能力、修复意愿或修复结果。,由M3-BASE提供；日支底盘说明亲密关系中自然调用的功能，但不能单独证明修复闭环。,由M3-CONFLICT、M4-LOOP及现实事件提供；必须区分问题停止、责任承担、影响确认、行动改变、反馈整合与后续回访。,由共享基础引擎判定；近位提高相关功能进入亲密关系核心的概率，远位只作背景或阶段修正。,根气只修正某修复功能是否容易重复调用，不等于现实中已经持续改变。,旺弱只修正功能调用强度与占位，不直接等同修复质量、诚意或关系结果。,喜忌只修正功能摩擦、平衡与承载，不直接等同道德、成熟、善恶或是否值得原谅。,原十神功能有效；真合化成立时按化神功能替换，合化争议时停止定性。,近位提高修复议题与亲密关系的直接相关性；远位仅保留背景、阶段或低置信修正。,100,伦理停止,boundary_note,有效修复不创造原谅义务；受影响者可选择不恢复关系。,即使对方做出补救，你仍有权决定是否原谅、是否恢复信任以及是否继续这段关系。,不得仅凭本规则判断道歉真诚与否、要求对方原谅或复合、推断关系一定修复或失败、淡化暴力强迫与现实伤害、平均分配明显不对等的责任；现实安全、具体行为、反例与专业支持优先。,高,待验证,,provisional=true；M3-REPAIR尚未完成，完成条件为暂定功能模型。,0.7
M4-REPAIR-006,现实安全停止｜伤害和强迫不进入普通修复协商,L0 定义、边界与证据合同,REPAIR-定义边界,通用,安全,现实安全门控,,现实中不存在暴力、威胁、强迫、跟踪、经济控制、报复风险或明显权力压迫。,存在安全风险却建议双方坐下来沟通、平均责任或快速和好。,由共享基础引擎提供；仅修正修复功能的承载、持续与压力占位，不直接等同是否愿意认错或能否修复。,由M1／M2提供；夫妻星只说明伴侣原型与关系资格，不单独证明修复能力、修复意愿或修复结果。,由M3-BASE提供；日支底盘说明亲密关系中自然调用的功能，但不能单独证明修复闭环。,由M3-CONFLICT、M4-LOOP及现实事件提供；必须区分问题停止、责任承担、影响确认、行动改变、反馈整合与后续回访。,由共享基础引擎判定；近位提高相关功能进入亲密关系核心的概率，远位只作背景或阶段修正。,根气只修正某修复功能是否容易重复调用，不等于现实中已经持续改变。,旺弱只修正功能调用强度与占位，不直接等同修复质量、诚意或关系结果。,喜忌只修正功能摩擦、平衡与承载，不直接等同道德、成熟、善恶或是否值得原谅。,原十神功能有效；真合化成立时按化神功能替换，合化争议时停止定性。,近位提高修复议题与亲密关系的直接相关性；远位仅保留背景、阶段或低置信修正。,100,安全停止／不评分,report_status,安全和停止伤害优先于普通关系修复；必要时转向现实支持和专业资源。,若存在威胁、强迫或人身安全风险，首要任务是安全和责任，不应把重点放在如何和好。,不得仅凭本规则判断道歉真诚与否、要求对方原谅或复合、推断关系一定修复或失败、淡化暴力强迫与现实伤害、平均分配明显不对等的责任；现实安全、具体行为、反例与专业支持优先。,高,待验证,,provisional=true；M3-REPAIR尚未完成，完成条件为暂定功能模型。,0.7
M4-REPAIR-007,道歉标签不是证据｜必须拆成内容与后续,L0 定义、边界与证据合同,REPAIR-定义边界,通用,证据,道歉证据边界,,记录是否承认事实、影响、责任，是否提出可执行改变并接收反馈。,只记录“他道歉了”“我认错了”。,由共享基础引擎提供；仅修正修复功能的承载、持续与压力占位，不直接等同是否愿意认错或能否修复。,由M1／M2提供；夫妻星只说明伴侣原型与关系资格，不单独证明修复能力、修复意愿或修复结果。,由M3-BASE提供；日支底盘说明亲密关系中自然调用的功能，但不能单独证明修复闭环。,由M3-CONFLICT、M4-LOOP及现实事件提供；必须区分问题停止、责任承担、影响确认、行动改变、反馈整合与后续回访。,由共享基础引擎判定；近位提高相关功能进入亲密关系核心的概率，远位只作背景或阶段修正。,根气只修正某修复功能是否容易重复调用，不等于现实中已经持续改变。,旺弱只修正功能调用强度与占位，不直接等同修复质量、诚意或关系结果。,喜忌只修正功能摩擦、平衡与承载，不直接等同道德、成熟、善恶或是否值得原谅。,原十神功能有效；真合化成立时按化神功能替换，合化争议时停止定性。,近位提高修复议题与亲密关系的直接相关性；远位仅保留背景、阶段或低置信修正。,97,标签不加完成分,repair_evidence,“道歉”是概括标签；有效信息来自道歉包含了哪些节点以及后续是否兑现。,需要继续看这次道歉具体承认了什么、准备怎样改变，以及后续有没有落实。,不得仅凭本规则判断道歉真诚与否、要求对方原谅或复合、推断关系一定修复或失败、淡化暴力强迫与现实伤害、平均分配明显不对等的责任；现实安全、具体行为、反例与专业支持优先。,高,待验证,,provisional=true；M3-REPAIR尚未完成，完成条件为暂定功能模型。,0.7
M4-REPAIR-008,解释原因不等于承担责任,L0 定义、边界与证据合同,REPAIR-定义边界,通用,边界,解释与责任,,能够区分说明原因、承认影响、承担责任和提出改变。,用压力、原生家庭、工作或误会解释行为后，直接判定责任已经完成。,由共享基础引擎提供；仅修正修复功能的承载、持续与压力占位，不直接等同是否愿意认错或能否修复。,由M1／M2提供；夫妻星只说明伴侣原型与关系资格，不单独证明修复能力、修复意愿或修复结果。,由M3-BASE提供；日支底盘说明亲密关系中自然调用的功能，但不能单独证明修复闭环。,由M3-CONFLICT、M4-LOOP及现实事件提供；必须区分问题停止、责任承担、影响确认、行动改变、反馈整合与后续回访。,由共享基础引擎判定；近位提高相关功能进入亲密关系核心的概率，远位只作背景或阶段修正。,根气只修正某修复功能是否容易重复调用，不等于现实中已经持续改变。,旺弱只修正功能调用强度与占位，不直接等同修复质量、诚意或关系结果。,喜忌只修正功能摩擦、平衡与承载，不直接等同道德、成熟、善恶或是否值得原谅。,原十神功能有效；真合化成立时按化神功能替换，合化争议时停止定性。,近位提高修复议题与亲密关系的直接相关性；远位仅保留背景、阶段或低置信修正。,97,替代识别,repair_break_candidate,原因解释可增加理解，但不能替代责任承担和行为改变。,解释为什么会发生有助于理解，但关系修复还需要明确承担影响并提出改变。,不得仅凭本规则判断道歉真诚与否、要求对方原谅或复合、推断关系一定修复或失败、淡化暴力强迫与现实伤害、平均分配明显不对等的责任；现实安全、具体行为、反例与专业支持优先。,高,待验证,,provisional=true；M3-REPAIR尚未完成，完成条件为暂定功能模型。,0.7
M4-REPAIR-009,补偿与礼物不等于关系修复,L0 定义、边界与证据合同,REPAIR-定义边界,通用,边界,补偿边界,,现实补偿与影响确认、责任承担、反馈整合分别记录。,用礼物、金钱、旅行或一次付出替代边界重订与持续改变。,由共享基础引擎提供；仅修正修复功能的承载、持续与压力占位，不直接等同是否愿意认错或能否修复。,由M1／M2提供；夫妻星只说明伴侣原型与关系资格，不单独证明修复能力、修复意愿或修复结果。,由M3-BASE提供；日支底盘说明亲密关系中自然调用的功能，但不能单独证明修复闭环。,由M3-CONFLICT、M4-LOOP及现实事件提供；必须区分问题停止、责任承担、影响确认、行动改变、反馈整合与后续回访。,由共享基础引擎判定；近位提高相关功能进入亲密关系核心的概率，远位只作背景或阶段修正。,根气只修正某修复功能是否容易重复调用，不等于现实中已经持续改变。,旺弱只修正功能调用强度与占位，不直接等同修复质量、诚意或关系结果。,喜忌只修正功能摩擦、平衡与承载，不直接等同道德、成熟、善恶或是否值得原谅。,原十神功能有效；真合化成立时按化神功能替换，合化争议时停止定性。,近位提高修复议题与亲密关系的直接相关性；远位仅保留背景、阶段或低置信修正。,97,替代识别,repair_break_candidate,补偿可以是修复的一部分，但它不能自动回答发生了什么、影响了什么和以后怎样不同。,补偿可以表达重视，但还要看问题本身有没有被承认、边界有没有调整、行为有没有改变。,不得仅凭本规则判断道歉真诚与否、要求对方原谅或复合、推断关系一定修复或失败、淡化暴力强迫与现实伤害、平均分配明显不对等的责任；现实安全、具体行为、反例与专业支持优先。,高,待验证,,provisional=true；M3-REPAIR尚未完成，完成条件为暂定功能模型。,0.7
M4-REPAIR-010,解决方案不等于影响被看见,L0 定义、边界与证据合同,REPAIR-定义边界,通用,边界,方案与影响,,同时检查现实方案与情绪／关系影响。,问题一有方案就结束讨论，不再确认对方受到的影响。,由共享基础引擎提供；仅修正修复功能的承载、持续与压力占位，不直接等同是否愿意认错或能否修复。,由M1／M2提供；夫妻星只说明伴侣原型与关系资格，不单独证明修复能力、修复意愿或修复结果。,由M3-BASE提供；日支底盘说明亲密关系中自然调用的功能，但不能单独证明修复闭环。,由M3-CONFLICT、M4-LOOP及现实事件提供；必须区分问题停止、责任承担、影响确认、行动改变、反馈整合与后续回访。,由共享基础引擎判定；近位提高相关功能进入亲密关系核心的概率，远位只作背景或阶段修正。,根气只修正某修复功能是否容易重复调用，不等于现实中已经持续改变。,旺弱只修正功能调用强度与占位，不直接等同修复质量、诚意或关系结果。,喜忌只修正功能摩擦、平衡与承载，不直接等同道德、成熟、善恶或是否值得原谅。,原十神功能有效；真合化成立时按化神功能替换，合化争议时停止定性。,近位提高修复议题与亲密关系的直接相关性；远位仅保留背景、阶段或低置信修正。,97,双轨门控,missing_repair_node,任务解决与关系影响是两条不同线路；必要时需要双轨完成。,方案解决的是“接下来怎么做”，但对方受到的影响是否被理解，需要另外确认。,不得仅凭本规则判断道歉真诚与否、要求对方原谅或复合、推断关系一定修复或失败、淡化暴力强迫与现实伤害、平均分配明显不对等的责任；现实安全、具体行为、反例与专业支持优先。,高,待验证,,provisional=true；M3-REPAIR尚未完成，完成条件为暂定功能模型。,0.7
M4-REPAIR-011,安抚情绪不等于现实问题已改变,L0 定义、边界与证据合同,REPAIR-定义边界,通用,边界,安抚与改变,,同时检查情绪承接、责任和现实行为调整。,气氛缓和后，不再处理导致问题的现实安排。,由共享基础引擎提供；仅修正修复功能的承载、持续与压力占位，不直接等同是否愿意认错或能否修复。,由M1／M2提供；夫妻星只说明伴侣原型与关系资格，不单独证明修复能力、修复意愿或修复结果。,由M3-BASE提供；日支底盘说明亲密关系中自然调用的功能，但不能单独证明修复闭环。,由M3-CONFLICT、M4-LOOP及现实事件提供；必须区分问题停止、责任承担、影响确认、行动改变、反馈整合与后续回访。,由共享基础引擎判定；近位提高相关功能进入亲密关系核心的概率，远位只作背景或阶段修正。,根气只修正某修复功能是否容易重复调用，不等于现实中已经持续改变。,旺弱只修正功能调用强度与占位，不直接等同修复质量、诚意或关系结果。,喜忌只修正功能摩擦、平衡与承载，不直接等同道德、成熟、善恶或是否值得原谅。,原十神功能有效；真合化成立时按化神功能替换，合化争议时停止定性。,近位提高修复议题与亲密关系的直接相关性；远位仅保留背景、阶段或低置信修正。,97,双轨门控,missing_repair_node,安抚恢复可沟通状态，但不能替代现实改变。,被安抚以后关系可能暂时好转，但导致问题的现实行为是否改变，仍要继续观察。,不得仅凭本规则判断道歉真诚与否、要求对方原谅或复合、推断关系一定修复或失败、淡化暴力强迫与现实伤害、平均分配明显不对等的责任；现实安全、具体行为、反例与专业支持优先。,高,待验证,,provisional=true；M3-REPAIR尚未完成，完成条件为暂定功能模型。,0.7
M4-REPAIR-012,暂停和降温不等于自动回归,L0 定义、边界与证据合同,REPAIR-定义边界,通用,边界,暂停回归门控,,暂停具有目的、范围、最低连接、返回时间或重新启动条件。,只说先冷静，却没有任何回归点。,由共享基础引擎提供；仅修正修复功能的承载、持续与压力占位，不直接等同是否愿意认错或能否修复。,由M1／M2提供；夫妻星只说明伴侣原型与关系资格，不单独证明修复能力、修复意愿或修复结果。,由M3-BASE提供；日支底盘说明亲密关系中自然调用的功能，但不能单独证明修复闭环。,由M3-CONFLICT、M4-LOOP及现实事件提供；必须区分问题停止、责任承担、影响确认、行动改变、反馈整合与后续回访。,由共享基础引擎判定；近位提高相关功能进入亲密关系核心的概率，远位只作背景或阶段修正。,根气只修正某修复功能是否容易重复调用，不等于现实中已经持续改变。,旺弱只修正功能调用强度与占位，不直接等同修复质量、诚意或关系结果。,喜忌只修正功能摩擦、平衡与承载，不直接等同道德、成熟、善恶或是否值得原谅。,原十神功能有效；真合化成立时按化神功能替换，合化争议时停止定性。,近位提高修复议题与亲密关系的直接相关性；远位仅保留背景、阶段或低置信修正。,98,无回归则断链,repair_break_candidate,暂停只有在存在回归路径时才可能成为修复工具；否则只能记录为修复断链候选。,暂停本身没有问题，关键是双方是否知道什么时候、以什么方式重新回来处理。,不得仅凭本规则判断道歉真诚与否、要求对方原谅或复合、推断关系一定修复或失败、淡化暴力强迫与现实伤害、平均分配明显不对等的责任；现实安全、具体行为、反例与专业支持优先。,高,待验证,,provisional=true；M3-REPAIR尚未完成，完成条件为暂定功能模型。,0.7
M4-REPAIR-013,一次改善不等于稳定改变,L0 定义、边界与证据合同,REPAIR-定义边界,通用,证据,持续性门控,,至少观察同类情境中的重复兑现、跨时间回访或压力下表现。,一次配合或短期改善就升级为稳定修复。,由共享基础引擎提供；仅修正修复功能的承载、持续与压力占位，不直接等同是否愿意认错或能否修复。,由M1／M2提供；夫妻星只说明伴侣原型与关系资格，不单独证明修复能力、修复意愿或修复结果。,由M3-BASE提供；日支底盘说明亲密关系中自然调用的功能，但不能单独证明修复闭环。,由M3-CONFLICT、M4-LOOP及现实事件提供；必须区分问题停止、责任承担、影响确认、行动改变、反馈整合与后续回访。,由共享基础引擎判定；近位提高相关功能进入亲密关系核心的概率，远位只作背景或阶段修正。,根气只修正某修复功能是否容易重复调用，不等于现实中已经持续改变。,旺弱只修正功能调用强度与占位，不直接等同修复质量、诚意或关系结果。,喜忌只修正功能摩擦、平衡与承载，不直接等同道德、成熟、善恶或是否值得原谅。,原十神功能有效；真合化成立时按化神功能替换，合化争议时停止定性。,近位提高修复议题与亲密关系的直接相关性；远位仅保留背景、阶段或低置信修正。,98,持续性降级,repair_level,持续改变需要时间与重复情境；一次改善只能证明开始。,这次改变是积极信号，但是否稳定，需要看相似情境再次出现时能否继续做到。,不得仅凭本规则判断道歉真诚与否、要求对方原谅或复合、推断关系一定修复或失败、淡化暴力强迫与现实伤害、平均分配明显不对等的责任；现实安全、具体行为、反例与专业支持优先。,高,待验证,,provisional=true；M3-REPAIR尚未完成，完成条件为暂定功能模型。,0.7
M4-REPAIR-014,接收方反馈必须可观察｜禁止替对方判断是否被修复,L0 定义、边界与证据合同,REPAIR-定义边界,通用,边界,接收反馈门控,,接收方以言语、行为、边界、需要、接受、拒绝或保留意见提供现实反馈。,只凭发起方的意图判断对方已经释怀。,由共享基础引擎提供；仅修正修复功能的承载、持续与压力占位，不直接等同是否愿意认错或能否修复。,由M1／M2提供；夫妻星只说明伴侣原型与关系资格，不单独证明修复能力、修复意愿或修复结果。,由M3-BASE提供；日支底盘说明亲密关系中自然调用的功能，但不能单独证明修复闭环。,由M3-CONFLICT、M4-LOOP及现实事件提供；必须区分问题停止、责任承担、影响确认、行动改变、反馈整合与后续回访。,由共享基础引擎判定；近位提高相关功能进入亲密关系核心的概率，远位只作背景或阶段修正。,根气只修正某修复功能是否容易重复调用，不等于现实中已经持续改变。,旺弱只修正功能调用强度与占位，不直接等同修复质量、诚意或关系结果。,喜忌只修正功能摩擦、平衡与承载，不直接等同道德、成熟、善恶或是否值得原谅。,原十神功能有效；真合化成立时按化神功能替换，合化争议时停止定性。,近位提高修复议题与亲密关系的直接相关性；远位仅保留背景、阶段或低置信修正。,98,未知则降级,receiver_feedback,修复是否触及影响，需要接收方现实反馈；沉默不能自动等同接受。,不能只看发起修复的人做了什么，还要看受到影响的一方是否真正被听见，并保留接受或拒绝的权利。,不得仅凭本规则判断道歉真诚与否、要求对方原谅或复合、推断关系一定修复或失败、淡化暴力强迫与现实伤害、平均分配明显不对等的责任；现实安全、具体行为、反例与专业支持优先。,高,待验证,,provisional=true；M3-REPAIR尚未完成，完成条件为暂定功能模型。,0.7
M4-REPAIR-015,不判断修复诚意｜只判断可观察结构与兑现,L0 定义、边界与证据合同,REPAIR-定义边界,通用,边界,诚意边界,,只记录言语内容、行动、持续性、反馈和反例。,从八字、一次情绪表现或一句道歉判断真心、虚假、操控或悔意。,由共享基础引擎提供；仅修正修复功能的承载、持续与压力占位，不直接等同是否愿意认错或能否修复。,由M1／M2提供；夫妻星只说明伴侣原型与关系资格，不单独证明修复能力、修复意愿或修复结果。,由M3-BASE提供；日支底盘说明亲密关系中自然调用的功能，但不能单独证明修复闭环。,由M3-CONFLICT、M4-LOOP及现实事件提供；必须区分问题停止、责任承担、影响确认、行动改变、反馈整合与后续回访。,由共享基础引擎判定；近位提高相关功能进入亲密关系核心的概率，远位只作背景或阶段修正。,根气只修正某修复功能是否容易重复调用，不等于现实中已经持续改变。,旺弱只修正功能调用强度与占位，不直接等同修复质量、诚意或关系结果。,喜忌只修正功能摩擦、平衡与承载，不直接等同道德、成熟、善恶或是否值得原谅。,原十神功能有效；真合化成立时按化神功能替换，合化争议时停止定性。,近位提高修复议题与亲密关系的直接相关性；远位仅保留背景、阶段或低置信修正。,97,停止诚意推断,boundary_note,诚意是复杂现实判断；本模块只评估修复结构是否完整、行为是否兑现。,这里能判断的是修复步骤和后续行为，不能仅凭八字断定对方是否真心。,不得仅凭本规则判断道歉真诚与否、要求对方原谅或复合、推断关系一定修复或失败、淡化暴力强迫与现实伤害、平均分配明显不对等的责任；现实安全、具体行为、反例与专业支持优先。,高,待验证,,provisional=true；M3-REPAIR尚未完成，完成条件为暂定功能模型。,0.7
M4-REPAIR-016,命盘不能单独证明修复完成或失败,L0 定义、边界与证据合同,REPAIR-定义边界,通用,证据,现实证据门控,,命理结构只用于建立功能候选，并有现实事件资料校验。,仅凭十神组合、喜忌或合冲刑害破发布修复结果。,由共享基础引擎提供；仅修正修复功能的承载、持续与压力占位，不直接等同是否愿意认错或能否修复。,由M1／M2提供；夫妻星只说明伴侣原型与关系资格，不单独证明修复能力、修复意愿或修复结果。,由M3-BASE提供；日支底盘说明亲密关系中自然调用的功能，但不能单独证明修复闭环。,由M3-CONFLICT、M4-LOOP及现实事件提供；必须区分问题停止、责任承担、影响确认、行动改变、反馈整合与后续回访。,由共享基础引擎判定；近位提高相关功能进入亲密关系核心的概率，远位只作背景或阶段修正。,根气只修正某修复功能是否容易重复调用，不等于现实中已经持续改变。,旺弱只修正功能调用强度与占位，不直接等同修复质量、诚意或关系结果。,喜忌只修正功能摩擦、平衡与承载，不直接等同道德、成熟、善恶或是否值得原谅。,原十神功能有效；真合化成立时按化神功能替换，合化争议时停止定性。,近位提高修复议题与亲密关系的直接相关性；远位仅保留背景、阶段或低置信修正。,99,命盘上限E1,evidence_level,修复是现实行为过程；命盘最多提示哪类功能容易进入或缺位。,八字可以帮助观察修复时常用什么方式，但修复有没有完成，必须看现实行为和后续反馈。,不得仅凭本规则判断道歉真诚与否、要求对方原谅或复合、推断关系一定修复或失败、淡化暴力强迫与现实伤害、平均分配明显不对等的责任；现实安全、具体行为、反例与专业支持优先。,高,待验证,,provisional=true；M3-REPAIR尚未完成，完成条件为暂定功能模型。,0.7
M4-REPAIR-017,M3-REPAIR依赖暂定｜完成标准尚未最终锁定,L0 定义、边界与证据合同,REPAIR-定义边界,通用,接口,M3-REPAIR依赖,,当前使用功能性修复节点作为暂定接口。,把本模块当成最终M3修复风格模型。,由共享基础引擎提供；仅修正修复功能的承载、持续与压力占位，不直接等同是否愿意认错或能否修复。,由M1／M2提供；夫妻星只说明伴侣原型与关系资格，不单独证明修复能力、修复意愿或修复结果。,由M3-BASE提供；日支底盘说明亲密关系中自然调用的功能，但不能单独证明修复闭环。,由M3-CONFLICT、M4-LOOP及现实事件提供；必须区分问题停止、责任承担、影响确认、行动改变、反馈整合与后续回访。,由共享基础引擎判定；近位提高相关功能进入亲密关系核心的概率，远位只作背景或阶段修正。,根气只修正某修复功能是否容易重复调用，不等于现实中已经持续改变。,旺弱只修正功能调用强度与占位，不直接等同修复质量、诚意或关系结果。,喜忌只修正功能摩擦、平衡与承载，不直接等同道德、成熟、善恶或是否值得原谅。,原十神功能有效；真合化成立时按化神功能替换，合化争议时停止定性。,近位提高修复议题与亲密关系的直接相关性；远位仅保留背景、阶段或低置信修正。,94,接口暂定,boundary_note,M4-REPAIR识别卡点，未来M3-REPAIR将提供更完整的正常修复路径和状态差异。,当前可以判断修复链在哪里可能中断，但完整的个人修复风格仍需后续M3模块校准。,不得仅凭本规则判断道歉真诚与否、要求对方原谅或复合、推断关系一定修复或失败、淡化暴力强迫与现实伤害、平均分配明显不对等的责任；现实安全、具体行为、反例与专业支持优先。,中高,待验证,,provisional=true；M3-REPAIR尚未完成，完成条件为暂定功能模型。,0.7
M4-REPAIR-018,同一事件与同一source_id只计一次,L0 定义、边界与证据合同,REPAIR-定义边界,通用,去重,事件与来源去重,,M3-CONFLICT、M4-LOOP和M4-REPAIR引用同一事件或同一命理事实。,把同一段道歉、同一行为或同一日支事实在多个模块重复算独立证据。,由共享基础引擎提供；仅修正修复功能的承载、持续与压力占位，不直接等同是否愿意认错或能否修复。,由M1／M2提供；夫妻星只说明伴侣原型与关系资格，不单独证明修复能力、修复意愿或修复结果。,由M3-BASE提供；日支底盘说明亲密关系中自然调用的功能，但不能单独证明修复闭环。,由M3-CONFLICT、M4-LOOP及现实事件提供；必须区分问题停止、责任承担、影响确认、行动改变、反馈整合与后续回访。,由共享基础引擎判定；近位提高相关功能进入亲密关系核心的概率，远位只作背景或阶段修正。,根气只修正某修复功能是否容易重复调用，不等于现实中已经持续改变。,旺弱只修正功能调用强度与占位，不直接等同修复质量、诚意或关系结果。,喜忌只修正功能摩擦、平衡与承载，不直接等同道德、成熟、善恶或是否值得原谅。,原十神功能有效；真合化成立时按化神功能替换，合化争议时停止定性。,近位提高修复议题与亲密关系的直接相关性；远位仅保留背景、阶段或低置信修正。,97,同源去重,dedup_log,同一事实可承担不同解释功能，但基础权重和独立证据数只计算一次。,同一件事即使被多个模块引用，也只能算一份基础证据。,不得仅凭本规则判断道歉真诚与否、要求对方原谅或复合、推断关系一定修复或失败、淡化暴力强迫与现实伤害、平均分配明显不对等的责任；现实安全、具体行为、反例与专业支持优先。,高,待验证,,provisional=true；M3-REPAIR尚未完成，完成条件为暂定功能模型。,0.7
M4-REPAIR-019,现实反例必须进入裁决,L0 定义、边界与证据合同,REPAIR-定义边界,通用,证据,反例门控,,存在相似事件中成功完成修复、稳定改变或没有出现所假设卡点的资料。,只收集失败事件，不记录有效修复。,由共享基础引擎提供；仅修正修复功能的承载、持续与压力占位，不直接等同是否愿意认错或能否修复。,由M1／M2提供；夫妻星只说明伴侣原型与关系资格，不单独证明修复能力、修复意愿或修复结果。,由M3-BASE提供；日支底盘说明亲密关系中自然调用的功能，但不能单独证明修复闭环。,由M3-CONFLICT、M4-LOOP及现实事件提供；必须区分问题停止、责任承担、影响确认、行动改变、反馈整合与后续回访。,由共享基础引擎判定；近位提高相关功能进入亲密关系核心的概率，远位只作背景或阶段修正。,根气只修正某修复功能是否容易重复调用，不等于现实中已经持续改变。,旺弱只修正功能调用强度与占位，不直接等同修复质量、诚意或关系结果。,喜忌只修正功能摩擦、平衡与承载，不直接等同道德、成熟、善恶或是否值得原谅。,原十神功能有效；真合化成立时按化神功能替换，合化争议时停止定性。,近位提高修复议题与亲密关系的直接相关性；远位仅保留背景、阶段或低置信修正。,97,反例扣分／停止,counterevidence,反例用于判断卡点是否仅在特定情境出现，以及保护因素是否有效。,若现实中多次能够完整修复，应降低“稳定卡点”的判断，而不是把成功都当成例外。,不得仅凭本规则判断道歉真诚与否、要求对方原谅或复合、推断关系一定修复或失败、淡化暴力强迫与现实伤害、平均分配明显不对等的责任；现实安全、具体行为、反例与专业支持优先。,高,待验证,,provisional=true；M3-REPAIR尚未完成，完成条件为暂定功能模型。,0.7
M4-REPAIR-020,输出数量限制｜正文最多一个主卡点和一个次卡点,L0 定义、边界与证据合同,REPAIR-定义边界,通用,输出,输出上限,,完成去重、节点检查、反例、安全和置信度裁决。,把所有十神、所有修复节点和所有盲点堆进用户正文。,由共享基础引擎提供；仅修正修复功能的承载、持续与压力占位，不直接等同是否愿意认错或能否修复。,由M1／M2提供；夫妻星只说明伴侣原型与关系资格，不单独证明修复能力、修复意愿或修复结果。,由M3-BASE提供；日支底盘说明亲密关系中自然调用的功能，但不能单独证明修复闭环。,由M3-CONFLICT、M4-LOOP及现实事件提供；必须区分问题停止、责任承担、影响确认、行动改变、反馈整合与后续回访。,由共享基础引擎判定；近位提高相关功能进入亲密关系核心的概率，远位只作背景或阶段修正。,根气只修正某修复功能是否容易重复调用，不等于现实中已经持续改变。,旺弱只修正功能调用强度与占位，不直接等同修复质量、诚意或关系结果。,喜忌只修正功能摩擦、平衡与承载，不直接等同道德、成熟、善恶或是否值得原谅。,原十神功能有效；真合化成立时按化神功能替换，合化争议时停止定性。,近位提高修复议题与亲密关系的直接相关性；远位仅保留背景、阶段或低置信修正。,92,输出封顶,report_status,报告应保留最能解释现实事件的主要修复断点，次卡点仅在功能独立时保留。,最终正文只保留一个最关键的修复卡点；必要时再补一个功能不同的次卡点。,不得仅凭本规则判断道歉真诚与否、要求对方原谅或复合、推断关系一定修复或失败、淡化暴力强迫与现实伤害、平均分配明显不对等的责任；现实安全、具体行为、反例与专业支持优先。,高,待验证,,provisional=true；M3-REPAIR尚未完成，完成条件为暂定功能模型。,0.7
M4-REPAIR-021,RN01 停止伤害与恢复基本安全｜节点定义,L1 修复节点与完成任务,REPAIR-修复节点,通用,定义,RN01,,先让正在继续的伤害、越界、风险或高强度互动停止，并恢复基本可选择状态。,,由共享基础引擎提供；仅修正修复功能的承载、持续与压力占位，不直接等同是否愿意认错或能否修复。,由M1／M2提供；夫妻星只说明伴侣原型与关系资格，不单独证明修复能力、修复意愿或修复结果。,由M3-BASE提供；日支底盘说明亲密关系中自然调用的功能，但不能单独证明修复闭环。,由M3-CONFLICT、M4-LOOP及现实事件提供；必须区分问题停止、责任承担、影响确认、行动改变、反馈整合与后续回访。,由共享基础引擎判定；近位提高相关功能进入亲密关系核心的概率，远位只作背景或阶段修正。,根气只修正某修复功能是否容易重复调用，不等于现实中已经持续改变。,旺弱只修正功能调用强度与占位，不直接等同修复质量、诚意或关系结果。,喜忌只修正功能摩擦、平衡与承载，不直接等同道德、成熟、善恶或是否值得原谅。,原十神功能有效；真合化成立时按化神功能替换，合化争议时停止定性。,近位提高修复议题与亲密关系的直接相关性；远位仅保留背景、阶段或低置信修正。,72,节点有效＋4；关键节点未知则降级,repair_nodes,该节点解决修复链中的一个独立任务，不能被相邻节点自动替代。,修复的第一步是先让问题不再继续扩大，并确认双方有真实的选择空间。,不得仅凭本规则判断道歉真诚与否、要求对方原谅或复合、推断关系一定修复或失败、淡化暴力强迫与现实伤害、平均分配明显不对等的责任；现实安全、具体行为、反例与专业支持优先。,中高,待验证,,provisional=true；M3-REPAIR尚未完成，完成条件为暂定功能模型。,0.7
M4-REPAIR-022,RN01 停止伤害与恢复基本安全｜最低证据,L1 修复节点与完成任务,REPAIR-修复节点,通用,证据,RN01,,现实中有停止、离开、保护、暂停升级、停止重复行为或安全安排。,把暂时沉默、被迫配合或问题自然消失当成安全已经恢复。,由共享基础引擎提供；仅修正修复功能的承载、持续与压力占位，不直接等同是否愿意认错或能否修复。,由M1／M2提供；夫妻星只说明伴侣原型与关系资格，不单独证明修复能力、修复意愿或修复结果。,由M3-BASE提供；日支底盘说明亲密关系中自然调用的功能，但不能单独证明修复闭环。,由M3-CONFLICT、M4-LOOP及现实事件提供；必须区分问题停止、责任承担、影响确认、行动改变、反馈整合与后续回访。,由共享基础引擎判定；近位提高相关功能进入亲密关系核心的概率，远位只作背景或阶段修正。,根气只修正某修复功能是否容易重复调用，不等于现实中已经持续改变。,旺弱只修正功能调用强度与占位，不直接等同修复质量、诚意或关系结果。,喜忌只修正功能摩擦、平衡与承载，不直接等同道德、成熟、善恶或是否值得原谅。,原十神功能有效；真合化成立时按化神功能替换，合化争议时停止定性。,近位提高修复议题与亲密关系的直接相关性；远位仅保留背景、阶段或低置信修正。,88,节点有效＋4；关键节点未知则降级,repair_nodes,最低证据决定该节点能否被标记为有效；资料不足时应写未知。,判断这一节点需要具体言语、行动或后续记录，不能只用抽象评价。,不得仅凭本规则判断道歉真诚与否、要求对方原谅或复合、推断关系一定修复或失败、淡化暴力强迫与现实伤害、平均分配明显不对等的责任；现实安全、具体行为、反例与专业支持优先。,中高,待验证,,provisional=true；M3-REPAIR尚未完成，完成条件为暂定功能模型。,0.7
M4-REPAIR-023,RN01 停止伤害与恢复基本安全｜功能位置,L1 修复节点与完成任务,REPAIR-修复节点,通用,路由,RN01,,该节点与当前事件类型及前后修复任务相匹配。,节点出现，但与当前核心影响无关。,由共享基础引擎提供；仅修正修复功能的承载、持续与压力占位，不直接等同是否愿意认错或能否修复。,由M1／M2提供；夫妻星只说明伴侣原型与关系资格，不单独证明修复能力、修复意愿或修复结果。,由M3-BASE提供；日支底盘说明亲密关系中自然调用的功能，但不能单独证明修复闭环。,由M3-CONFLICT、M4-LOOP及现实事件提供；必须区分问题停止、责任承担、影响确认、行动改变、反馈整合与后续回访。,由共享基础引擎判定；近位提高相关功能进入亲密关系核心的概率，远位只作背景或阶段修正。,根气只修正某修复功能是否容易重复调用，不等于现实中已经持续改变。,旺弱只修正功能调用强度与占位，不直接等同修复质量、诚意或关系结果。,喜忌只修正功能摩擦、平衡与承载，不直接等同道德、成熟、善恶或是否值得原谅。,原十神功能有效；真合化成立时按化神功能替换，合化争议时停止定性。,近位提高修复议题与亲密关系的直接相关性；远位仅保留背景、阶段或低置信修正。,72,节点有效＋4；关键节点未知则降级,repair_nodes,同一动作在不同事件中可能承担不同功能，需按任务匹配。,要看这一步是否真正回应了当前问题，而不只是形式上做了某件事。,不得仅凭本规则判断道歉真诚与否、要求对方原谅或复合、推断关系一定修复或失败、淡化暴力强迫与现实伤害、平均分配明显不对等的责任；现实安全、具体行为、反例与专业支持优先。,中高,待验证,,provisional=true；M3-REPAIR尚未完成，完成条件为暂定功能模型。,0.7
M4-REPAIR-024,RN01 停止伤害与恢复基本安全｜常见假完成,L1 修复节点与完成任务,REPAIR-修复节点,通用,边界,RN01,,能够区分该节点本身与“修复全部完成”。,把暂时沉默、被迫配合或问题自然消失当成安全已经恢复。,由共享基础引擎提供；仅修正修复功能的承载、持续与压力占位，不直接等同是否愿意认错或能否修复。,由M1／M2提供；夫妻星只说明伴侣原型与关系资格，不单独证明修复能力、修复意愿或修复结果。,由M3-BASE提供；日支底盘说明亲密关系中自然调用的功能，但不能单独证明修复闭环。,由M3-CONFLICT、M4-LOOP及现实事件提供；必须区分问题停止、责任承担、影响确认、行动改变、反馈整合与后续回访。,由共享基础引擎判定；近位提高相关功能进入亲密关系核心的概率，远位只作背景或阶段修正。,根气只修正某修复功能是否容易重复调用，不等于现实中已经持续改变。,旺弱只修正功能调用强度与占位，不直接等同修复质量、诚意或关系结果。,喜忌只修正功能摩擦、平衡与承载，不直接等同道德、成熟、善恶或是否值得原谅。,原十神功能有效；真合化成立时按化神功能替换，合化争议时停止定性。,近位提高修复议题与亲密关系的直接相关性；远位仅保留背景、阶段或低置信修正。,72,节点有效＋4；关键节点未知则降级,repair_nodes,任何一个节点出现，都不能单独代表完整修复。,这一部分完成了，不代表其他修复步骤也已经自动完成。,不得仅凭本规则判断道歉真诚与否、要求对方原谅或复合、推断关系一定修复或失败、淡化暴力强迫与现实伤害、平均分配明显不对等的责任；现实安全、具体行为、反例与专业支持优先。,中高,待验证,,provisional=true；M3-REPAIR尚未完成，完成条件为暂定功能模型。,0.7
M4-REPAIR-025,RN01 停止伤害与恢复基本安全｜用户解释,L1 修复节点与完成任务,REPAIR-修复节点,通用,输出,RN01,,该节点在现实事件中有明确证据。,资料只来自推测或命盘标签。,由共享基础引擎提供；仅修正修复功能的承载、持续与压力占位，不直接等同是否愿意认错或能否修复。,由M1／M2提供；夫妻星只说明伴侣原型与关系资格，不单独证明修复能力、修复意愿或修复结果。,由M3-BASE提供；日支底盘说明亲密关系中自然调用的功能，但不能单独证明修复闭环。,由M3-CONFLICT、M4-LOOP及现实事件提供；必须区分问题停止、责任承担、影响确认、行动改变、反馈整合与后续回访。,由共享基础引擎判定；近位提高相关功能进入亲密关系核心的概率，远位只作背景或阶段修正。,根气只修正某修复功能是否容易重复调用，不等于现实中已经持续改变。,旺弱只修正功能调用强度与占位，不直接等同修复质量、诚意或关系结果。,喜忌只修正功能摩擦、平衡与承载，不直接等同道德、成熟、善恶或是否值得原谅。,原十神功能有效；真合化成立时按化神功能替换，合化争议时停止定性。,近位提高修复议题与亲密关系的直接相关性；远位仅保留背景、阶段或低置信修正。,72,节点有效＋4；关键节点未知则降级,repair_nodes,用户语言应说明已完成什么和仍需确认什么。,修复的第一步是先让问题不再继续扩大，并确认双方有真实的选择空间。,不得仅凭本规则判断道歉真诚与否、要求对方原谅或复合、推断关系一定修复或失败、淡化暴力强迫与现实伤害、平均分配明显不对等的责任；现实安全、具体行为、反例与专业支持优先。,中高,待验证,,provisional=true；M3-REPAIR尚未完成，完成条件为暂定功能模型。,0.7
M4-REPAIR-026,RN01 停止伤害与恢复基本安全｜停止与升级,L1 修复节点与完成任务,REPAIR-修复节点,通用,门控,RN01,,节点有效并完成source_id／event_id去重；或按规则标记未知。,关键节点未知却继续发布完整闭环。,由共享基础引擎提供；仅修正修复功能的承载、持续与压力占位，不直接等同是否愿意认错或能否修复。,由M1／M2提供；夫妻星只说明伴侣原型与关系资格，不单独证明修复能力、修复意愿或修复结果。,由M3-BASE提供；日支底盘说明亲密关系中自然调用的功能，但不能单独证明修复闭环。,由M3-CONFLICT、M4-LOOP及现实事件提供；必须区分问题停止、责任承担、影响确认、行动改变、反馈整合与后续回访。,由共享基础引擎判定；近位提高相关功能进入亲密关系核心的概率，远位只作背景或阶段修正。,根气只修正某修复功能是否容易重复调用，不等于现实中已经持续改变。,旺弱只修正功能调用强度与占位，不直接等同修复质量、诚意或关系结果。,喜忌只修正功能摩擦、平衡与承载，不直接等同道德、成熟、善恶或是否值得原谅。,原十神功能有效；真合化成立时按化神功能替换，合化争议时停止定性。,近位提高修复议题与亲密关系的直接相关性；远位仅保留背景、阶段或低置信修正。,88,节点有效＋4；关键节点未知则降级,repair_nodes,RN01、RN03、RN04、RN06、RN07、RN08的必要性取决于事件类型和影响强度；缺失时应降级。,关键步骤资料不足时，应停在部分修复或问题结案，而不是补写成完整修复。,不得仅凭本规则判断道歉真诚与否、要求对方原谅或复合、推断关系一定修复或失败、淡化暴力强迫与现实伤害、平均分配明显不对等的责任；现实安全、具体行为、反例与专业支持优先。,中高,待验证,,provisional=true；M3-REPAIR尚未完成，完成条件为暂定功能模型。,0.7
M4-REPAIR-027,RN02 事实与事件范围确认｜节点定义,L1 修复节点与完成任务,REPAIR-修复节点,通用,定义,RN02,,对发生了什么、时间顺序、涉及范围和争议点形成足够清楚的共同基础。,,由共享基础引擎提供；仅修正修复功能的承载、持续与压力占位，不直接等同是否愿意认错或能否修复。,由M1／M2提供；夫妻星只说明伴侣原型与关系资格，不单独证明修复能力、修复意愿或修复结果。,由M3-BASE提供；日支底盘说明亲密关系中自然调用的功能，但不能单独证明修复闭环。,由M3-CONFLICT、M4-LOOP及现实事件提供；必须区分问题停止、责任承担、影响确认、行动改变、反馈整合与后续回访。,由共享基础引擎判定；近位提高相关功能进入亲密关系核心的概率，远位只作背景或阶段修正。,根气只修正某修复功能是否容易重复调用，不等于现实中已经持续改变。,旺弱只修正功能调用强度与占位，不直接等同修复质量、诚意或关系结果。,喜忌只修正功能摩擦、平衡与承载，不直接等同道德、成熟、善恶或是否值得原谅。,原十神功能有效；真合化成立时按化神功能替换，合化争议时停止定性。,近位提高修复议题与亲密关系的直接相关性；远位仅保留背景、阶段或低置信修正。,72,节点有效＋4；关键节点未知则降级,repair_nodes,该节点解决修复链中的一个独立任务，不能被相邻节点自动替代。,需要先把发生了什么和哪些部分仍有分歧说清，避免修复建立在不同版本上。,不得仅凭本规则判断道歉真诚与否、要求对方原谅或复合、推断关系一定修复或失败、淡化暴力强迫与现实伤害、平均分配明显不对等的责任；现实安全、具体行为、反例与专业支持优先。,中高,待验证,,provisional=true；M3-REPAIR尚未完成，完成条件为暂定功能模型。,0.7
M4-REPAIR-028,RN02 事实与事件范围确认｜最低证据,L1 修复节点与完成任务,REPAIR-修复节点,通用,证据,RN02,,至少能够区分已确认事实、双方理解差异和仍未知部分。,要求双方所有细节完全一致，或用一方版本覆盖另一方。,由共享基础引擎提供；仅修正修复功能的承载、持续与压力占位，不直接等同是否愿意认错或能否修复。,由M1／M2提供；夫妻星只说明伴侣原型与关系资格，不单独证明修复能力、修复意愿或修复结果。,由M3-BASE提供；日支底盘说明亲密关系中自然调用的功能，但不能单独证明修复闭环。,由M3-CONFLICT、M4-LOOP及现实事件提供；必须区分问题停止、责任承担、影响确认、行动改变、反馈整合与后续回访。,由共享基础引擎判定；近位提高相关功能进入亲密关系核心的概率，远位只作背景或阶段修正。,根气只修正某修复功能是否容易重复调用，不等于现实中已经持续改变。,旺弱只修正功能调用强度与占位，不直接等同修复质量、诚意或关系结果。,喜忌只修正功能摩擦、平衡与承载，不直接等同道德、成熟、善恶或是否值得原谅。,原十神功能有效；真合化成立时按化神功能替换，合化争议时停止定性。,近位提高修复议题与亲密关系的直接相关性；远位仅保留背景、阶段或低置信修正。,88,节点有效＋4；关键节点未知则降级,repair_nodes,最低证据决定该节点能否被标记为有效；资料不足时应写未知。,判断这一节点需要具体言语、行动或后续记录，不能只用抽象评价。,不得仅凭本规则判断道歉真诚与否、要求对方原谅或复合、推断关系一定修复或失败、淡化暴力强迫与现实伤害、平均分配明显不对等的责任；现实安全、具体行为、反例与专业支持优先。,中高,待验证,,provisional=true；M3-REPAIR尚未完成，完成条件为暂定功能模型。,0.7
M4-REPAIR-029,RN02 事实与事件范围确认｜功能位置,L1 修复节点与完成任务,REPAIR-修复节点,通用,路由,RN02,,该节点与当前事件类型及前后修复任务相匹配。,节点出现，但与当前核心影响无关。,由共享基础引擎提供；仅修正修复功能的承载、持续与压力占位，不直接等同是否愿意认错或能否修复。,由M1／M2提供；夫妻星只说明伴侣原型与关系资格，不单独证明修复能力、修复意愿或修复结果。,由M3-BASE提供；日支底盘说明亲密关系中自然调用的功能，但不能单独证明修复闭环。,由M3-CONFLICT、M4-LOOP及现实事件提供；必须区分问题停止、责任承担、影响确认、行动改变、反馈整合与后续回访。,由共享基础引擎判定；近位提高相关功能进入亲密关系核心的概率，远位只作背景或阶段修正。,根气只修正某修复功能是否容易重复调用，不等于现实中已经持续改变。,旺弱只修正功能调用强度与占位，不直接等同修复质量、诚意或关系结果。,喜忌只修正功能摩擦、平衡与承载，不直接等同道德、成熟、善恶或是否值得原谅。,原十神功能有效；真合化成立时按化神功能替换，合化争议时停止定性。,近位提高修复议题与亲密关系的直接相关性；远位仅保留背景、阶段或低置信修正。,72,节点有效＋4；关键节点未知则降级,repair_nodes,同一动作在不同事件中可能承担不同功能，需按任务匹配。,要看这一步是否真正回应了当前问题，而不只是形式上做了某件事。,不得仅凭本规则判断道歉真诚与否、要求对方原谅或复合、推断关系一定修复或失败、淡化暴力强迫与现实伤害、平均分配明显不对等的责任；现实安全、具体行为、反例与专业支持优先。,中高,待验证,,provisional=true；M3-REPAIR尚未完成，完成条件为暂定功能模型。,0.7
M4-REPAIR-030,RN02 事实与事件范围确认｜常见假完成,L1 修复节点与完成任务,REPAIR-修复节点,通用,边界,RN02,,能够区分该节点本身与“修复全部完成”。,要求双方所有细节完全一致，或用一方版本覆盖另一方。,由共享基础引擎提供；仅修正修复功能的承载、持续与压力占位，不直接等同是否愿意认错或能否修复。,由M1／M2提供；夫妻星只说明伴侣原型与关系资格，不单独证明修复能力、修复意愿或修复结果。,由M3-BASE提供；日支底盘说明亲密关系中自然调用的功能，但不能单独证明修复闭环。,由M3-CONFLICT、M4-LOOP及现实事件提供；必须区分问题停止、责任承担、影响确认、行动改变、反馈整合与后续回访。,由共享基础引擎判定；近位提高相关功能进入亲密关系核心的概率，远位只作背景或阶段修正。,根气只修正某修复功能是否容易重复调用，不等于现实中已经持续改变。,旺弱只修正功能调用强度与占位，不直接等同修复质量、诚意或关系结果。,喜忌只修正功能摩擦、平衡与承载，不直接等同道德、成熟、善恶或是否值得原谅。,原十神功能有效；真合化成立时按化神功能替换，合化争议时停止定性。,近位提高修复议题与亲密关系的直接相关性；远位仅保留背景、阶段或低置信修正。,72,节点有效＋4；关键节点未知则降级,repair_nodes,任何一个节点出现，都不能单独代表完整修复。,这一部分完成了，不代表其他修复步骤也已经自动完成。,不得仅凭本规则判断道歉真诚与否、要求对方原谅或复合、推断关系一定修复或失败、淡化暴力强迫与现实伤害、平均分配明显不对等的责任；现实安全、具体行为、反例与专业支持优先。,中高,待验证,,provisional=true；M3-REPAIR尚未完成，完成条件为暂定功能模型。,0.7
M4-REPAIR-031,RN02 事实与事件范围确认｜用户解释,L1 修复节点与完成任务,REPAIR-修复节点,通用,输出,RN02,,该节点在现实事件中有明确证据。,资料只来自推测或命盘标签。,由共享基础引擎提供；仅修正修复功能的承载、持续与压力占位，不直接等同是否愿意认错或能否修复。,由M1／M2提供；夫妻星只说明伴侣原型与关系资格，不单独证明修复能力、修复意愿或修复结果。,由M3-BASE提供；日支底盘说明亲密关系中自然调用的功能，但不能单独证明修复闭环。,由M3-CONFLICT、M4-LOOP及现实事件提供；必须区分问题停止、责任承担、影响确认、行动改变、反馈整合与后续回访。,由共享基础引擎判定；近位提高相关功能进入亲密关系核心的概率，远位只作背景或阶段修正。,根气只修正某修复功能是否容易重复调用，不等于现实中已经持续改变。,旺弱只修正功能调用强度与占位，不直接等同修复质量、诚意或关系结果。,喜忌只修正功能摩擦、平衡与承载，不直接等同道德、成熟、善恶或是否值得原谅。,原十神功能有效；真合化成立时按化神功能替换，合化争议时停止定性。,近位提高修复议题与亲密关系的直接相关性；远位仅保留背景、阶段或低置信修正。,72,节点有效＋4；关键节点未知则降级,repair_nodes,用户语言应说明已完成什么和仍需确认什么。,需要先把发生了什么和哪些部分仍有分歧说清，避免修复建立在不同版本上。,不得仅凭本规则判断道歉真诚与否、要求对方原谅或复合、推断关系一定修复或失败、淡化暴力强迫与现实伤害、平均分配明显不对等的责任；现实安全、具体行为、反例与专业支持优先。,中高,待验证,,provisional=true；M3-REPAIR尚未完成，完成条件为暂定功能模型。,0.7
M4-REPAIR-032,RN02 事实与事件范围确认｜停止与升级,L1 修复节点与完成任务,REPAIR-修复节点,通用,门控,RN02,,节点有效并完成source_id／event_id去重；或按规则标记未知。,关键节点未知却继续发布完整闭环。,由共享基础引擎提供；仅修正修复功能的承载、持续与压力占位，不直接等同是否愿意认错或能否修复。,由M1／M2提供；夫妻星只说明伴侣原型与关系资格，不单独证明修复能力、修复意愿或修复结果。,由M3-BASE提供；日支底盘说明亲密关系中自然调用的功能，但不能单独证明修复闭环。,由M3-CONFLICT、M4-LOOP及现实事件提供；必须区分问题停止、责任承担、影响确认、行动改变、反馈整合与后续回访。,由共享基础引擎判定；近位提高相关功能进入亲密关系核心的概率，远位只作背景或阶段修正。,根气只修正某修复功能是否容易重复调用，不等于现实中已经持续改变。,旺弱只修正功能调用强度与占位，不直接等同修复质量、诚意或关系结果。,喜忌只修正功能摩擦、平衡与承载，不直接等同道德、成熟、善恶或是否值得原谅。,原十神功能有效；真合化成立时按化神功能替换，合化争议时停止定性。,近位提高修复议题与亲密关系的直接相关性；远位仅保留背景、阶段或低置信修正。,88,节点有效＋4；关键节点未知则降级,repair_nodes,RN01、RN03、RN04、RN06、RN07、RN08的必要性取决于事件类型和影响强度；缺失时应降级。,关键步骤资料不足时，应停在部分修复或问题结案，而不是补写成完整修复。,不得仅凭本规则判断道歉真诚与否、要求对方原谅或复合、推断关系一定修复或失败、淡化暴力强迫与现实伤害、平均分配明显不对等的责任；现实安全、具体行为、反例与专业支持优先。,中高,待验证,,provisional=true；M3-REPAIR尚未完成，完成条件为暂定功能模型。,0.7
M4-REPAIR-033,RN03 影响、感受与意义确认｜节点定义,L1 修复节点与完成任务,REPAIR-修复节点,通用,定义,RN03,,确认事件对接收方造成的情绪、信任、参与权、生活或边界影响。,,由共享基础引擎提供；仅修正修复功能的承载、持续与压力占位，不直接等同是否愿意认错或能否修复。,由M1／M2提供；夫妻星只说明伴侣原型与关系资格，不单独证明修复能力、修复意愿或修复结果。,由M3-BASE提供；日支底盘说明亲密关系中自然调用的功能，但不能单独证明修复闭环。,由M3-CONFLICT、M4-LOOP及现实事件提供；必须区分问题停止、责任承担、影响确认、行动改变、反馈整合与后续回访。,由共享基础引擎判定；近位提高相关功能进入亲密关系核心的概率，远位只作背景或阶段修正。,根气只修正某修复功能是否容易重复调用，不等于现实中已经持续改变。,旺弱只修正功能调用强度与占位，不直接等同修复质量、诚意或关系结果。,喜忌只修正功能摩擦、平衡与承载，不直接等同道德、成熟、善恶或是否值得原谅。,原十神功能有效；真合化成立时按化神功能替换，合化争议时停止定性。,近位提高修复议题与亲密关系的直接相关性；远位仅保留背景、阶段或低置信修正。,72,节点有效＋4；关键节点未知则降级,repair_nodes,该节点解决修复链中的一个独立任务，不能被相邻节点自动替代。,除了发生了什么，还要确认这件事对你造成了什么影响，以及对方是否真正听懂。,不得仅凭本规则判断道歉真诚与否、要求对方原谅或复合、推断关系一定修复或失败、淡化暴力强迫与现实伤害、平均分配明显不对等的责任；现实安全、具体行为、反例与专业支持优先。,中高,待验证,,provisional=true；M3-REPAIR尚未完成，完成条件为暂定功能模型。,0.7
M4-REPAIR-034,RN03 影响、感受与意义确认｜最低证据,L1 修复节点与完成任务,REPAIR-修复节点,通用,证据,RN03,,接收方能够表达影响，发起方能够复述或承认，而非只解释自己的意图。,只听到情绪标签，没有确认具体影响；或用“我不是故意的”取消影响。,由共享基础引擎提供；仅修正修复功能的承载、持续与压力占位，不直接等同是否愿意认错或能否修复。,由M1／M2提供；夫妻星只说明伴侣原型与关系资格，不单独证明修复能力、修复意愿或修复结果。,由M3-BASE提供；日支底盘说明亲密关系中自然调用的功能，但不能单独证明修复闭环。,由M3-CONFLICT、M4-LOOP及现实事件提供；必须区分问题停止、责任承担、影响确认、行动改变、反馈整合与后续回访。,由共享基础引擎判定；近位提高相关功能进入亲密关系核心的概率，远位只作背景或阶段修正。,根气只修正某修复功能是否容易重复调用，不等于现实中已经持续改变。,旺弱只修正功能调用强度与占位，不直接等同修复质量、诚意或关系结果。,喜忌只修正功能摩擦、平衡与承载，不直接等同道德、成熟、善恶或是否值得原谅。,原十神功能有效；真合化成立时按化神功能替换，合化争议时停止定性。,近位提高修复议题与亲密关系的直接相关性；远位仅保留背景、阶段或低置信修正。,88,节点有效＋4；关键节点未知则降级,repair_nodes,最低证据决定该节点能否被标记为有效；资料不足时应写未知。,判断这一节点需要具体言语、行动或后续记录，不能只用抽象评价。,不得仅凭本规则判断道歉真诚与否、要求对方原谅或复合、推断关系一定修复或失败、淡化暴力强迫与现实伤害、平均分配明显不对等的责任；现实安全、具体行为、反例与专业支持优先。,中高,待验证,,provisional=true；M3-REPAIR尚未完成，完成条件为暂定功能模型。,0.7
M4-REPAIR-035,RN03 影响、感受与意义确认｜功能位置,L1 修复节点与完成任务,REPAIR-修复节点,通用,路由,RN03,,该节点与当前事件类型及前后修复任务相匹配。,节点出现，但与当前核心影响无关。,由共享基础引擎提供；仅修正修复功能的承载、持续与压力占位，不直接等同是否愿意认错或能否修复。,由M1／M2提供；夫妻星只说明伴侣原型与关系资格，不单独证明修复能力、修复意愿或修复结果。,由M3-BASE提供；日支底盘说明亲密关系中自然调用的功能，但不能单独证明修复闭环。,由M3-CONFLICT、M4-LOOP及现实事件提供；必须区分问题停止、责任承担、影响确认、行动改变、反馈整合与后续回访。,由共享基础引擎判定；近位提高相关功能进入亲密关系核心的概率，远位只作背景或阶段修正。,根气只修正某修复功能是否容易重复调用，不等于现实中已经持续改变。,旺弱只修正功能调用强度与占位，不直接等同修复质量、诚意或关系结果。,喜忌只修正功能摩擦、平衡与承载，不直接等同道德、成熟、善恶或是否值得原谅。,原十神功能有效；真合化成立时按化神功能替换，合化争议时停止定性。,近位提高修复议题与亲密关系的直接相关性；远位仅保留背景、阶段或低置信修正。,72,节点有效＋4；关键节点未知则降级,repair_nodes,同一动作在不同事件中可能承担不同功能，需按任务匹配。,要看这一步是否真正回应了当前问题，而不只是形式上做了某件事。,不得仅凭本规则判断道歉真诚与否、要求对方原谅或复合、推断关系一定修复或失败、淡化暴力强迫与现实伤害、平均分配明显不对等的责任；现实安全、具体行为、反例与专业支持优先。,中高,待验证,,provisional=true；M3-REPAIR尚未完成，完成条件为暂定功能模型。,0.7
M4-REPAIR-036,RN03 影响、感受与意义确认｜常见假完成,L1 修复节点与完成任务,REPAIR-修复节点,通用,边界,RN03,,能够区分该节点本身与“修复全部完成”。,只听到情绪标签，没有确认具体影响；或用“我不是故意的”取消影响。,由共享基础引擎提供；仅修正修复功能的承载、持续与压力占位，不直接等同是否愿意认错或能否修复。,由M1／M2提供；夫妻星只说明伴侣原型与关系资格，不单独证明修复能力、修复意愿或修复结果。,由M3-BASE提供；日支底盘说明亲密关系中自然调用的功能，但不能单独证明修复闭环。,由M3-CONFLICT、M4-LOOP及现实事件提供；必须区分问题停止、责任承担、影响确认、行动改变、反馈整合与后续回访。,由共享基础引擎判定；近位提高相关功能进入亲密关系核心的概率，远位只作背景或阶段修正。,根气只修正某修复功能是否容易重复调用，不等于现实中已经持续改变。,旺弱只修正功能调用强度与占位，不直接等同修复质量、诚意或关系结果。,喜忌只修正功能摩擦、平衡与承载，不直接等同道德、成熟、善恶或是否值得原谅。,原十神功能有效；真合化成立时按化神功能替换，合化争议时停止定性。,近位提高修复议题与亲密关系的直接相关性；远位仅保留背景、阶段或低置信修正。,72,节点有效＋4；关键节点未知则降级,repair_nodes,任何一个节点出现，都不能单独代表完整修复。,这一部分完成了，不代表其他修复步骤也已经自动完成。,不得仅凭本规则判断道歉真诚与否、要求对方原谅或复合、推断关系一定修复或失败、淡化暴力强迫与现实伤害、平均分配明显不对等的责任；现实安全、具体行为、反例与专业支持优先。,中高,待验证,,provisional=true；M3-REPAIR尚未完成，完成条件为暂定功能模型。,0.7
M4-REPAIR-037,RN03 影响、感受与意义确认｜用户解释,L1 修复节点与完成任务,REPAIR-修复节点,通用,输出,RN03,,该节点在现实事件中有明确证据。,资料只来自推测或命盘标签。,由共享基础引擎提供；仅修正修复功能的承载、持续与压力占位，不直接等同是否愿意认错或能否修复。,由M1／M2提供；夫妻星只说明伴侣原型与关系资格，不单独证明修复能力、修复意愿或修复结果。,由M3-BASE提供；日支底盘说明亲密关系中自然调用的功能，但不能单独证明修复闭环。,由M3-CONFLICT、M4-LOOP及现实事件提供；必须区分问题停止、责任承担、影响确认、行动改变、反馈整合与后续回访。,由共享基础引擎判定；近位提高相关功能进入亲密关系核心的概率，远位只作背景或阶段修正。,根气只修正某修复功能是否容易重复调用，不等于现实中已经持续改变。,旺弱只修正功能调用强度与占位，不直接等同修复质量、诚意或关系结果。,喜忌只修正功能摩擦、平衡与承载，不直接等同道德、成熟、善恶或是否值得原谅。,原十神功能有效；真合化成立时按化神功能替换，合化争议时停止定性。,近位提高修复议题与亲密关系的直接相关性；远位仅保留背景、阶段或低置信修正。,72,节点有效＋4；关键节点未知则降级,repair_nodes,用户语言应说明已完成什么和仍需确认什么。,除了发生了什么，还要确认这件事对你造成了什么影响，以及对方是否真正听懂。,不得仅凭本规则判断道歉真诚与否、要求对方原谅或复合、推断关系一定修复或失败、淡化暴力强迫与现实伤害、平均分配明显不对等的责任；现实安全、具体行为、反例与专业支持优先。,中高,待验证,,provisional=true；M3-REPAIR尚未完成，完成条件为暂定功能模型。,0.7
M4-REPAIR-038,RN03 影响、感受与意义确认｜停止与升级,L1 修复节点与完成任务,REPAIR-修复节点,通用,门控,RN03,,节点有效并完成source_id／event_id去重；或按规则标记未知。,关键节点未知却继续发布完整闭环。,由共享基础引擎提供；仅修正修复功能的承载、持续与压力占位，不直接等同是否愿意认错或能否修复。,由M1／M2提供；夫妻星只说明伴侣原型与关系资格，不单独证明修复能力、修复意愿或修复结果。,由M3-BASE提供；日支底盘说明亲密关系中自然调用的功能，但不能单独证明修复闭环。,由M3-CONFLICT、M4-LOOP及现实事件提供；必须区分问题停止、责任承担、影响确认、行动改变、反馈整合与后续回访。,由共享基础引擎判定；近位提高相关功能进入亲密关系核心的概率，远位只作背景或阶段修正。,根气只修正某修复功能是否容易重复调用，不等于现实中已经持续改变。,旺弱只修正功能调用强度与占位，不直接等同修复质量、诚意或关系结果。,喜忌只修正功能摩擦、平衡与承载，不直接等同道德、成熟、善恶或是否值得原谅。,原十神功能有效；真合化成立时按化神功能替换，合化争议时停止定性。,近位提高修复议题与亲密关系的直接相关性；远位仅保留背景、阶段或低置信修正。,88,节点有效＋4；关键节点未知则降级,repair_nodes,RN01、RN03、RN04、RN06、RN07、RN08的必要性取决于事件类型和影响强度；缺失时应降级。,关键步骤资料不足时，应停在部分修复或问题结案，而不是补写成完整修复。,不得仅凭本规则判断道歉真诚与否、要求对方原谅或复合、推断关系一定修复或失败、淡化暴力强迫与现实伤害、平均分配明显不对等的责任；现实安全、具体行为、反例与专业支持优先。,中高,待验证,,provisional=true；M3-REPAIR尚未完成，完成条件为暂定功能模型。,0.7
M4-REPAIR-039,RN04 责任与角色承担｜节点定义,L1 修复节点与完成任务,REPAIR-修复节点,通用,定义,RN04,,明确谁对哪些行为、决定、失约、遗漏或后果承担什么责任。,,由共享基础引擎提供；仅修正修复功能的承载、持续与压力占位，不直接等同是否愿意认错或能否修复。,由M1／M2提供；夫妻星只说明伴侣原型与关系资格，不单独证明修复能力、修复意愿或修复结果。,由M3-BASE提供；日支底盘说明亲密关系中自然调用的功能，但不能单独证明修复闭环。,由M3-CONFLICT、M4-LOOP及现实事件提供；必须区分问题停止、责任承担、影响确认、行动改变、反馈整合与后续回访。,由共享基础引擎判定；近位提高相关功能进入亲密关系核心的概率，远位只作背景或阶段修正。,根气只修正某修复功能是否容易重复调用，不等于现实中已经持续改变。,旺弱只修正功能调用强度与占位，不直接等同修复质量、诚意或关系结果。,喜忌只修正功能摩擦、平衡与承载，不直接等同道德、成熟、善恶或是否值得原谅。,原十神功能有效；真合化成立时按化神功能替换，合化争议时停止定性。,近位提高修复议题与亲密关系的直接相关性；远位仅保留背景、阶段或低置信修正。,72,节点有效＋4；关键节点未知则降级,repair_nodes,该节点解决修复链中的一个独立任务，不能被相邻节点自动替代。,有效修复需要明确：谁对哪一部分负责，不能只停在“都不容易”或“都是误会”。,不得仅凭本规则判断道歉真诚与否、要求对方原谅或复合、推断关系一定修复或失败、淡化暴力强迫与现实伤害、平均分配明显不对等的责任；现实安全、具体行为、反例与专业支持优先。,中高,待验证,,provisional=true；M3-REPAIR尚未完成，完成条件为暂定功能模型。,0.7
M4-REPAIR-040,RN04 责任与角色承担｜最低证据,L1 修复节点与完成任务,REPAIR-修复节点,通用,证据,RN04,,责任对象、范围和下一步可被说清，不使用模糊的“大家都有问题”遮蔽具体行为。,在明显不对等伤害中平均责任；或只承认情绪、不承认行为责任。,由共享基础引擎提供；仅修正修复功能的承载、持续与压力占位，不直接等同是否愿意认错或能否修复。,由M1／M2提供；夫妻星只说明伴侣原型与关系资格，不单独证明修复能力、修复意愿或修复结果。,由M3-BASE提供；日支底盘说明亲密关系中自然调用的功能，但不能单独证明修复闭环。,由M3-CONFLICT、M4-LOOP及现实事件提供；必须区分问题停止、责任承担、影响确认、行动改变、反馈整合与后续回访。,由共享基础引擎判定；近位提高相关功能进入亲密关系核心的概率，远位只作背景或阶段修正。,根气只修正某修复功能是否容易重复调用，不等于现实中已经持续改变。,旺弱只修正功能调用强度与占位，不直接等同修复质量、诚意或关系结果。,喜忌只修正功能摩擦、平衡与承载，不直接等同道德、成熟、善恶或是否值得原谅。,原十神功能有效；真合化成立时按化神功能替换，合化争议时停止定性。,近位提高修复议题与亲密关系的直接相关性；远位仅保留背景、阶段或低置信修正。,88,节点有效＋4；关键节点未知则降级,repair_nodes,最低证据决定该节点能否被标记为有效；资料不足时应写未知。,判断这一节点需要具体言语、行动或后续记录，不能只用抽象评价。,不得仅凭本规则判断道歉真诚与否、要求对方原谅或复合、推断关系一定修复或失败、淡化暴力强迫与现实伤害、平均分配明显不对等的责任；现实安全、具体行为、反例与专业支持优先。,中高,待验证,,provisional=true；M3-REPAIR尚未完成，完成条件为暂定功能模型。,0.7
M4-REPAIR-041,RN04 责任与角色承担｜功能位置,L1 修复节点与完成任务,REPAIR-修复节点,通用,路由,RN04,,该节点与当前事件类型及前后修复任务相匹配。,节点出现，但与当前核心影响无关。,由共享基础引擎提供；仅修正修复功能的承载、持续与压力占位，不直接等同是否愿意认错或能否修复。,由M1／M2提供；夫妻星只说明伴侣原型与关系资格，不单独证明修复能力、修复意愿或修复结果。,由M3-BASE提供；日支底盘说明亲密关系中自然调用的功能，但不能单独证明修复闭环。,由M3-CONFLICT、M4-LOOP及现实事件提供；必须区分问题停止、责任承担、影响确认、行动改变、反馈整合与后续回访。,由共享基础引擎判定；近位提高相关功能进入亲密关系核心的概率，远位只作背景或阶段修正。,根气只修正某修复功能是否容易重复调用，不等于现实中已经持续改变。,旺弱只修正功能调用强度与占位，不直接等同修复质量、诚意或关系结果。,喜忌只修正功能摩擦、平衡与承载，不直接等同道德、成熟、善恶或是否值得原谅。,原十神功能有效；真合化成立时按化神功能替换，合化争议时停止定性。,近位提高修复议题与亲密关系的直接相关性；远位仅保留背景、阶段或低置信修正。,72,节点有效＋4；关键节点未知则降级,repair_nodes,同一动作在不同事件中可能承担不同功能，需按任务匹配。,要看这一步是否真正回应了当前问题，而不只是形式上做了某件事。,不得仅凭本规则判断道歉真诚与否、要求对方原谅或复合、推断关系一定修复或失败、淡化暴力强迫与现实伤害、平均分配明显不对等的责任；现实安全、具体行为、反例与专业支持优先。,中高,待验证,,provisional=true；M3-REPAIR尚未完成，完成条件为暂定功能模型。,0.7
M4-REPAIR-042,RN04 责任与角色承担｜常见假完成,L1 修复节点与完成任务,REPAIR-修复节点,通用,边界,RN04,,能够区分该节点本身与“修复全部完成”。,在明显不对等伤害中平均责任；或只承认情绪、不承认行为责任。,由共享基础引擎提供；仅修正修复功能的承载、持续与压力占位，不直接等同是否愿意认错或能否修复。,由M1／M2提供；夫妻星只说明伴侣原型与关系资格，不单独证明修复能力、修复意愿或修复结果。,由M3-BASE提供；日支底盘说明亲密关系中自然调用的功能，但不能单独证明修复闭环。,由M3-CONFLICT、M4-LOOP及现实事件提供；必须区分问题停止、责任承担、影响确认、行动改变、反馈整合与后续回访。,由共享基础引擎判定；近位提高相关功能进入亲密关系核心的概率，远位只作背景或阶段修正。,根气只修正某修复功能是否容易重复调用，不等于现实中已经持续改变。,旺弱只修正功能调用强度与占位，不直接等同修复质量、诚意或关系结果。,喜忌只修正功能摩擦、平衡与承载，不直接等同道德、成熟、善恶或是否值得原谅。,原十神功能有效；真合化成立时按化神功能替换，合化争议时停止定性。,近位提高修复议题与亲密关系的直接相关性；远位仅保留背景、阶段或低置信修正。,72,节点有效＋4；关键节点未知则降级,repair_nodes,任何一个节点出现，都不能单独代表完整修复。,这一部分完成了，不代表其他修复步骤也已经自动完成。,不得仅凭本规则判断道歉真诚与否、要求对方原谅或复合、推断关系一定修复或失败、淡化暴力强迫与现实伤害、平均分配明显不对等的责任；现实安全、具体行为、反例与专业支持优先。,中高,待验证,,provisional=true；M3-REPAIR尚未完成，完成条件为暂定功能模型。,0.7
M4-REPAIR-043,RN04 责任与角色承担｜用户解释,L1 修复节点与完成任务,REPAIR-修复节点,通用,输出,RN04,,该节点在现实事件中有明确证据。,资料只来自推测或命盘标签。,由共享基础引擎提供；仅修正修复功能的承载、持续与压力占位，不直接等同是否愿意认错或能否修复。,由M1／M2提供；夫妻星只说明伴侣原型与关系资格，不单独证明修复能力、修复意愿或修复结果。,由M3-BASE提供；日支底盘说明亲密关系中自然调用的功能，但不能单独证明修复闭环。,由M3-CONFLICT、M4-LOOP及现实事件提供；必须区分问题停止、责任承担、影响确认、行动改变、反馈整合与后续回访。,由共享基础引擎判定；近位提高相关功能进入亲密关系核心的概率，远位只作背景或阶段修正。,根气只修正某修复功能是否容易重复调用，不等于现实中已经持续改变。,旺弱只修正功能调用强度与占位，不直接等同修复质量、诚意或关系结果。,喜忌只修正功能摩擦、平衡与承载，不直接等同道德、成熟、善恶或是否值得原谅。,原十神功能有效；真合化成立时按化神功能替换，合化争议时停止定性。,近位提高修复议题与亲密关系的直接相关性；远位仅保留背景、阶段或低置信修正。,72,节点有效＋4；关键节点未知则降级,repair_nodes,用户语言应说明已完成什么和仍需确认什么。,有效修复需要明确：谁对哪一部分负责，不能只停在“都不容易”或“都是误会”。,不得仅凭本规则判断道歉真诚与否、要求对方原谅或复合、推断关系一定修复或失败、淡化暴力强迫与现实伤害、平均分配明显不对等的责任；现实安全、具体行为、反例与专业支持优先。,中高,待验证,,provisional=true；M3-REPAIR尚未完成，完成条件为暂定功能模型。,0.7
M4-REPAIR-044,RN04 责任与角色承担｜停止与升级,L1 修复节点与完成任务,REPAIR-修复节点,通用,门控,RN04,,节点有效并完成source_id／event_id去重；或按规则标记未知。,关键节点未知却继续发布完整闭环。,由共享基础引擎提供；仅修正修复功能的承载、持续与压力占位，不直接等同是否愿意认错或能否修复。,由M1／M2提供；夫妻星只说明伴侣原型与关系资格，不单独证明修复能力、修复意愿或修复结果。,由M3-BASE提供；日支底盘说明亲密关系中自然调用的功能，但不能单独证明修复闭环。,由M3-CONFLICT、M4-LOOP及现实事件提供；必须区分问题停止、责任承担、影响确认、行动改变、反馈整合与后续回访。,由共享基础引擎判定；近位提高相关功能进入亲密关系核心的概率，远位只作背景或阶段修正。,根气只修正某修复功能是否容易重复调用，不等于现实中已经持续改变。,旺弱只修正功能调用强度与占位，不直接等同修复质量、诚意或关系结果。,喜忌只修正功能摩擦、平衡与承载，不直接等同道德、成熟、善恶或是否值得原谅。,原十神功能有效；真合化成立时按化神功能替换，合化争议时停止定性。,近位提高修复议题与亲密关系的直接相关性；远位仅保留背景、阶段或低置信修正。,88,节点有效＋4；关键节点未知则降级,repair_nodes,RN01、RN03、RN04、RN06、RN07、RN08的必要性取决于事件类型和影响强度；缺失时应降级。,关键步骤资料不足时，应停在部分修复或问题结案，而不是补写成完整修复。,不得仅凭本规则判断道歉真诚与否、要求对方原谅或复合、推断关系一定修复或失败、淡化暴力强迫与现实伤害、平均分配明显不对等的责任；现实安全、具体行为、反例与专业支持优先。,中高,待验证,,provisional=true；M3-REPAIR尚未完成，完成条件为暂定功能模型。,0.7
M4-REPAIR-045,RN05 需要、边界与参与权重订｜节点定义,L1 修复节点与完成任务,REPAIR-修复节点,通用,定义,RN05,,把接收方接下来需要什么、哪些边界要恢复、哪些决定需要共同参与说清楚。,,由共享基础引擎提供；仅修正修复功能的承载、持续与压力占位，不直接等同是否愿意认错或能否修复。,由M1／M2提供；夫妻星只说明伴侣原型与关系资格，不单独证明修复能力、修复意愿或修复结果。,由M3-BASE提供；日支底盘说明亲密关系中自然调用的功能，但不能单独证明修复闭环。,由M3-CONFLICT、M4-LOOP及现实事件提供；必须区分问题停止、责任承担、影响确认、行动改变、反馈整合与后续回访。,由共享基础引擎判定；近位提高相关功能进入亲密关系核心的概率，远位只作背景或阶段修正。,根气只修正某修复功能是否容易重复调用，不等于现实中已经持续改变。,旺弱只修正功能调用强度与占位，不直接等同修复质量、诚意或关系结果。,喜忌只修正功能摩擦、平衡与承载，不直接等同道德、成熟、善恶或是否值得原谅。,原十神功能有效；真合化成立时按化神功能替换，合化争议时停止定性。,近位提高修复议题与亲密关系的直接相关性；远位仅保留背景、阶段或低置信修正。,72,节点有效＋4；关键节点未知则降级,repair_nodes,该节点解决修复链中的一个独立任务，不能被相邻节点自动替代。,需要把接下来怎样相处、哪些事情必须商量、哪些边界不能再越过说清楚。,不得仅凭本规则判断道歉真诚与否、要求对方原谅或复合、推断关系一定修复或失败、淡化暴力强迫与现实伤害、平均分配明显不对等的责任；现实安全、具体行为、反例与专业支持优先。,中高,待验证,,provisional=true；M3-REPAIR尚未完成，完成条件为暂定功能模型。,0.7
M4-REPAIR-046,RN05 需要、边界与参与权重订｜最低证据,L1 修复节点与完成任务,REPAIR-修复节点,通用,证据,RN05,,有具体需要、拒绝范围、协商事项、最低标准或选择权安排。,把单方要求包装成共同边界，或要求接收方立即开放、原谅。,由共享基础引擎提供；仅修正修复功能的承载、持续与压力占位，不直接等同是否愿意认错或能否修复。,由M1／M2提供；夫妻星只说明伴侣原型与关系资格，不单独证明修复能力、修复意愿或修复结果。,由M3-BASE提供；日支底盘说明亲密关系中自然调用的功能，但不能单独证明修复闭环。,由M3-CONFLICT、M4-LOOP及现实事件提供；必须区分问题停止、责任承担、影响确认、行动改变、反馈整合与后续回访。,由共享基础引擎判定；近位提高相关功能进入亲密关系核心的概率，远位只作背景或阶段修正。,根气只修正某修复功能是否容易重复调用，不等于现实中已经持续改变。,旺弱只修正功能调用强度与占位，不直接等同修复质量、诚意或关系结果。,喜忌只修正功能摩擦、平衡与承载，不直接等同道德、成熟、善恶或是否值得原谅。,原十神功能有效；真合化成立时按化神功能替换，合化争议时停止定性。,近位提高修复议题与亲密关系的直接相关性；远位仅保留背景、阶段或低置信修正。,88,节点有效＋4；关键节点未知则降级,repair_nodes,最低证据决定该节点能否被标记为有效；资料不足时应写未知。,判断这一节点需要具体言语、行动或后续记录，不能只用抽象评价。,不得仅凭本规则判断道歉真诚与否、要求对方原谅或复合、推断关系一定修复或失败、淡化暴力强迫与现实伤害、平均分配明显不对等的责任；现实安全、具体行为、反例与专业支持优先。,中高,待验证,,provisional=true；M3-REPAIR尚未完成，完成条件为暂定功能模型。,0.7
M4-REPAIR-047,RN05 需要、边界与参与权重订｜功能位置,L1 修复节点与完成任务,REPAIR-修复节点,通用,路由,RN05,,该节点与当前事件类型及前后修复任务相匹配。,节点出现，但与当前核心影响无关。,由共享基础引擎提供；仅修正修复功能的承载、持续与压力占位，不直接等同是否愿意认错或能否修复。,由M1／M2提供；夫妻星只说明伴侣原型与关系资格，不单独证明修复能力、修复意愿或修复结果。,由M3-BASE提供；日支底盘说明亲密关系中自然调用的功能，但不能单独证明修复闭环。,由M3-CONFLICT、M4-LOOP及现实事件提供；必须区分问题停止、责任承担、影响确认、行动改变、反馈整合与后续回访。,由共享基础引擎判定；近位提高相关功能进入亲密关系核心的概率，远位只作背景或阶段修正。,根气只修正某修复功能是否容易重复调用，不等于现实中已经持续改变。,旺弱只修正功能调用强度与占位，不直接等同修复质量、诚意或关系结果。,喜忌只修正功能摩擦、平衡与承载，不直接等同道德、成熟、善恶或是否值得原谅。,原十神功能有效；真合化成立时按化神功能替换，合化争议时停止定性。,近位提高修复议题与亲密关系的直接相关性；远位仅保留背景、阶段或低置信修正。,72,节点有效＋4；关键节点未知则降级,repair_nodes,同一动作在不同事件中可能承担不同功能，需按任务匹配。,要看这一步是否真正回应了当前问题，而不只是形式上做了某件事。,不得仅凭本规则判断道歉真诚与否、要求对方原谅或复合、推断关系一定修复或失败、淡化暴力强迫与现实伤害、平均分配明显不对等的责任；现实安全、具体行为、反例与专业支持优先。,中高,待验证,,provisional=true；M3-REPAIR尚未完成，完成条件为暂定功能模型。,0.7
M4-REPAIR-048,RN05 需要、边界与参与权重订｜常见假完成,L1 修复节点与完成任务,REPAIR-修复节点,通用,边界,RN05,,能够区分该节点本身与“修复全部完成”。,把单方要求包装成共同边界，或要求接收方立即开放、原谅。,由共享基础引擎提供；仅修正修复功能的承载、持续与压力占位，不直接等同是否愿意认错或能否修复。,由M1／M2提供；夫妻星只说明伴侣原型与关系资格，不单独证明修复能力、修复意愿或修复结果。,由M3-BASE提供；日支底盘说明亲密关系中自然调用的功能，但不能单独证明修复闭环。,由M3-CONFLICT、M4-LOOP及现实事件提供；必须区分问题停止、责任承担、影响确认、行动改变、反馈整合与后续回访。,由共享基础引擎判定；近位提高相关功能进入亲密关系核心的概率，远位只作背景或阶段修正。,根气只修正某修复功能是否容易重复调用，不等于现实中已经持续改变。,旺弱只修正功能调用强度与占位，不直接等同修复质量、诚意或关系结果。,喜忌只修正功能摩擦、平衡与承载，不直接等同道德、成熟、善恶或是否值得原谅。,原十神功能有效；真合化成立时按化神功能替换，合化争议时停止定性。,近位提高修复议题与亲密关系的直接相关性；远位仅保留背景、阶段或低置信修正。,72,节点有效＋4；关键节点未知则降级,repair_nodes,任何一个节点出现，都不能单独代表完整修复。,这一部分完成了，不代表其他修复步骤也已经自动完成。,不得仅凭本规则判断道歉真诚与否、要求对方原谅或复合、推断关系一定修复或失败、淡化暴力强迫与现实伤害、平均分配明显不对等的责任；现实安全、具体行为、反例与专业支持优先。,中高,待验证,,provisional=true；M3-REPAIR尚未完成，完成条件为暂定功能模型。,0.7
M4-REPAIR-049,RN05 需要、边界与参与权重订｜用户解释,L1 修复节点与完成任务,REPAIR-修复节点,通用,输出,RN05,,该节点在现实事件中有明确证据。,资料只来自推测或命盘标签。,由共享基础引擎提供；仅修正修复功能的承载、持续与压力占位，不直接等同是否愿意认错或能否修复。,由M1／M2提供；夫妻星只说明伴侣原型与关系资格，不单独证明修复能力、修复意愿或修复结果。,由M3-BASE提供；日支底盘说明亲密关系中自然调用的功能，但不能单独证明修复闭环。,由M3-CONFLICT、M4-LOOP及现实事件提供；必须区分问题停止、责任承担、影响确认、行动改变、反馈整合与后续回访。,由共享基础引擎判定；近位提高相关功能进入亲密关系核心的概率，远位只作背景或阶段修正。,根气只修正某修复功能是否容易重复调用，不等于现实中已经持续改变。,旺弱只修正功能调用强度与占位，不直接等同修复质量、诚意或关系结果。,喜忌只修正功能摩擦、平衡与承载，不直接等同道德、成熟、善恶或是否值得原谅。,原十神功能有效；真合化成立时按化神功能替换，合化争议时停止定性。,近位提高修复议题与亲密关系的直接相关性；远位仅保留背景、阶段或低置信修正。,72,节点有效＋4；关键节点未知则降级,repair_nodes,用户语言应说明已完成什么和仍需确认什么。,需要把接下来怎样相处、哪些事情必须商量、哪些边界不能再越过说清楚。,不得仅凭本规则判断道歉真诚与否、要求对方原谅或复合、推断关系一定修复或失败、淡化暴力强迫与现实伤害、平均分配明显不对等的责任；现实安全、具体行为、反例与专业支持优先。,中高,待验证,,provisional=true；M3-REPAIR尚未完成，完成条件为暂定功能模型。,0.7
M4-REPAIR-050,RN05 需要、边界与参与权重订｜停止与升级,L1 修复节点与完成任务,REPAIR-修复节点,通用,门控,RN05,,节点有效并完成source_id／event_id去重；或按规则标记未知。,关键节点未知却继续发布完整闭环。,由共享基础引擎提供；仅修正修复功能的承载、持续与压力占位，不直接等同是否愿意认错或能否修复。,由M1／M2提供；夫妻星只说明伴侣原型与关系资格，不单独证明修复能力、修复意愿或修复结果。,由M3-BASE提供；日支底盘说明亲密关系中自然调用的功能，但不能单独证明修复闭环。,由M3-CONFLICT、M4-LOOP及现实事件提供；必须区分问题停止、责任承担、影响确认、行动改变、反馈整合与后续回访。,由共享基础引擎判定；近位提高相关功能进入亲密关系核心的概率，远位只作背景或阶段修正。,根气只修正某修复功能是否容易重复调用，不等于现实中已经持续改变。,旺弱只修正功能调用强度与占位，不直接等同修复质量、诚意或关系结果。,喜忌只修正功能摩擦、平衡与承载，不直接等同道德、成熟、善恶或是否值得原谅。,原十神功能有效；真合化成立时按化神功能替换，合化争议时停止定性。,近位提高修复议题与亲密关系的直接相关性；远位仅保留背景、阶段或低置信修正。,88,节点有效＋4；关键节点未知则降级,repair_nodes,RN01、RN03、RN04、RN06、RN07、RN08的必要性取决于事件类型和影响强度；缺失时应降级。,关键步骤资料不足时，应停在部分修复或问题结案，而不是补写成完整修复。,不得仅凭本规则判断道歉真诚与否、要求对方原谅或复合、推断关系一定修复或失败、淡化暴力强迫与现实伤害、平均分配明显不对等的责任；现实安全、具体行为、反例与专业支持优先。,中高,待验证,,provisional=true；M3-REPAIR尚未完成，完成条件为暂定功能模型。,0.7
M4-REPAIR-051,RN06 补救行动与现实调整｜节点定义,L1 修复节点与完成任务,REPAIR-修复节点,通用,定义,RN06,,把责任和需要转成可观察、可执行、可追踪的行动、补偿、安排或行为调整。,,由共享基础引擎提供；仅修正修复功能的承载、持续与压力占位，不直接等同是否愿意认错或能否修复。,由M1／M2提供；夫妻星只说明伴侣原型与关系资格，不单独证明修复能力、修复意愿或修复结果。,由M3-BASE提供；日支底盘说明亲密关系中自然调用的功能，但不能单独证明修复闭环。,由M3-CONFLICT、M4-LOOP及现实事件提供；必须区分问题停止、责任承担、影响确认、行动改变、反馈整合与后续回访。,由共享基础引擎判定；近位提高相关功能进入亲密关系核心的概率，远位只作背景或阶段修正。,根气只修正某修复功能是否容易重复调用，不等于现实中已经持续改变。,旺弱只修正功能调用强度与占位，不直接等同修复质量、诚意或关系结果。,喜忌只修正功能摩擦、平衡与承载，不直接等同道德、成熟、善恶或是否值得原谅。,原十神功能有效；真合化成立时按化神功能替换，合化争议时停止定性。,近位提高修复议题与亲密关系的直接相关性；远位仅保留背景、阶段或低置信修正。,72,节点有效＋4；关键节点未知则降级,repair_nodes,该节点解决修复链中的一个独立任务，不能被相邻节点自动替代。,修复需要落到具体改变：接下来做什么、怎样做，以及如何看见它真的发生。,不得仅凭本规则判断道歉真诚与否、要求对方原谅或复合、推断关系一定修复或失败、淡化暴力强迫与现实伤害、平均分配明显不对等的责任；现实安全、具体行为、反例与专业支持优先。,中高,待验证,,provisional=true；M3-REPAIR尚未完成，完成条件为暂定功能模型。,0.7
M4-REPAIR-052,RN06 补救行动与现实调整｜最低证据,L1 修复节点与完成任务,REPAIR-修复节点,通用,证据,RN06,,行动与问题类型匹配，执行责任、时间或观察点基本清楚。,只给模糊承诺、象征动作，或补偿与实际影响无关。,由共享基础引擎提供；仅修正修复功能的承载、持续与压力占位，不直接等同是否愿意认错或能否修复。,由M1／M2提供；夫妻星只说明伴侣原型与关系资格，不单独证明修复能力、修复意愿或修复结果。,由M3-BASE提供；日支底盘说明亲密关系中自然调用的功能，但不能单独证明修复闭环。,由M3-CONFLICT、M4-LOOP及现实事件提供；必须区分问题停止、责任承担、影响确认、行动改变、反馈整合与后续回访。,由共享基础引擎判定；近位提高相关功能进入亲密关系核心的概率，远位只作背景或阶段修正。,根气只修正某修复功能是否容易重复调用，不等于现实中已经持续改变。,旺弱只修正功能调用强度与占位，不直接等同修复质量、诚意或关系结果。,喜忌只修正功能摩擦、平衡与承载，不直接等同道德、成熟、善恶或是否值得原谅。,原十神功能有效；真合化成立时按化神功能替换，合化争议时停止定性。,近位提高修复议题与亲密关系的直接相关性；远位仅保留背景、阶段或低置信修正。,88,节点有效＋4；关键节点未知则降级,repair_nodes,最低证据决定该节点能否被标记为有效；资料不足时应写未知。,判断这一节点需要具体言语、行动或后续记录，不能只用抽象评价。,不得仅凭本规则判断道歉真诚与否、要求对方原谅或复合、推断关系一定修复或失败、淡化暴力强迫与现实伤害、平均分配明显不对等的责任；现实安全、具体行为、反例与专业支持优先。,中高,待验证,,provisional=true；M3-REPAIR尚未完成，完成条件为暂定功能模型。,0.7
M4-REPAIR-053,RN06 补救行动与现实调整｜功能位置,L1 修复节点与完成任务,REPAIR-修复节点,通用,路由,RN06,,该节点与当前事件类型及前后修复任务相匹配。,节点出现，但与当前核心影响无关。,由共享基础引擎提供；仅修正修复功能的承载、持续与压力占位，不直接等同是否愿意认错或能否修复。,由M1／M2提供；夫妻星只说明伴侣原型与关系资格，不单独证明修复能力、修复意愿或修复结果。,由M3-BASE提供；日支底盘说明亲密关系中自然调用的功能，但不能单独证明修复闭环。,由M3-CONFLICT、M4-LOOP及现实事件提供；必须区分问题停止、责任承担、影响确认、行动改变、反馈整合与后续回访。,由共享基础引擎判定；近位提高相关功能进入亲密关系核心的概率，远位只作背景或阶段修正。,根气只修正某修复功能是否容易重复调用，不等于现实中已经持续改变。,旺弱只修正功能调用强度与占位，不直接等同修复质量、诚意或关系结果。,喜忌只修正功能摩擦、平衡与承载，不直接等同道德、成熟、善恶或是否值得原谅。,原十神功能有效；真合化成立时按化神功能替换，合化争议时停止定性。,近位提高修复议题与亲密关系的直接相关性；远位仅保留背景、阶段或低置信修正。,72,节点有效＋4；关键节点未知则降级,repair_nodes,同一动作在不同事件中可能承担不同功能，需按任务匹配。,要看这一步是否真正回应了当前问题，而不只是形式上做了某件事。,不得仅凭本规则判断道歉真诚与否、要求对方原谅或复合、推断关系一定修复或失败、淡化暴力强迫与现实伤害、平均分配明显不对等的责任；现实安全、具体行为、反例与专业支持优先。,中高,待验证,,provisional=true；M3-REPAIR尚未完成，完成条件为暂定功能模型。,0.7
M4-REPAIR-054,RN06 补救行动与现实调整｜常见假完成,L1 修复节点与完成任务,REPAIR-修复节点,通用,边界,RN06,,能够区分该节点本身与“修复全部完成”。,只给模糊承诺、象征动作，或补偿与实际影响无关。,由共享基础引擎提供；仅修正修复功能的承载、持续与压力占位，不直接等同是否愿意认错或能否修复。,由M1／M2提供；夫妻星只说明伴侣原型与关系资格，不单独证明修复能力、修复意愿或修复结果。,由M3-BASE提供；日支底盘说明亲密关系中自然调用的功能，但不能单独证明修复闭环。,由M3-CONFLICT、M4-LOOP及现实事件提供；必须区分问题停止、责任承担、影响确认、行动改变、反馈整合与后续回访。,由共享基础引擎判定；近位提高相关功能进入亲密关系核心的概率，远位只作背景或阶段修正。,根气只修正某修复功能是否容易重复调用，不等于现实中已经持续改变。,旺弱只修正功能调用强度与占位，不直接等同修复质量、诚意或关系结果。,喜忌只修正功能摩擦、平衡与承载，不直接等同道德、成熟、善恶或是否值得原谅。,原十神功能有效；真合化成立时按化神功能替换，合化争议时停止定性。,近位提高修复议题与亲密关系的直接相关性；远位仅保留背景、阶段或低置信修正。,72,节点有效＋4；关键节点未知则降级,repair_nodes,任何一个节点出现，都不能单独代表完整修复。,这一部分完成了，不代表其他修复步骤也已经自动完成。,不得仅凭本规则判断道歉真诚与否、要求对方原谅或复合、推断关系一定修复或失败、淡化暴力强迫与现实伤害、平均分配明显不对等的责任；现实安全、具体行为、反例与专业支持优先。,中高,待验证,,provisional=true；M3-REPAIR尚未完成，完成条件为暂定功能模型。,0.7
M4-REPAIR-055,RN06 补救行动与现实调整｜用户解释,L1 修复节点与完成任务,REPAIR-修复节点,通用,输出,RN06,,该节点在现实事件中有明确证据。,资料只来自推测或命盘标签。,由共享基础引擎提供；仅修正修复功能的承载、持续与压力占位，不直接等同是否愿意认错或能否修复。,由M1／M2提供；夫妻星只说明伴侣原型与关系资格，不单独证明修复能力、修复意愿或修复结果。,由M3-BASE提供；日支底盘说明亲密关系中自然调用的功能，但不能单独证明修复闭环。,由M3-CONFLICT、M4-LOOP及现实事件提供；必须区分问题停止、责任承担、影响确认、行动改变、反馈整合与后续回访。,由共享基础引擎判定；近位提高相关功能进入亲密关系核心的概率，远位只作背景或阶段修正。,根气只修正某修复功能是否容易重复调用，不等于现实中已经持续改变。,旺弱只修正功能调用强度与占位，不直接等同修复质量、诚意或关系结果。,喜忌只修正功能摩擦、平衡与承载，不直接等同道德、成熟、善恶或是否值得原谅。,原十神功能有效；真合化成立时按化神功能替换，合化争议时停止定性。,近位提高修复议题与亲密关系的直接相关性；远位仅保留背景、阶段或低置信修正。,72,节点有效＋4；关键节点未知则降级,repair_nodes,用户语言应说明已完成什么和仍需确认什么。,修复需要落到具体改变：接下来做什么、怎样做，以及如何看见它真的发生。,不得仅凭本规则判断道歉真诚与否、要求对方原谅或复合、推断关系一定修复或失败、淡化暴力强迫与现实伤害、平均分配明显不对等的责任；现实安全、具体行为、反例与专业支持优先。,中高,待验证,,provisional=true；M3-REPAIR尚未完成，完成条件为暂定功能模型。,0.7
M4-REPAIR-056,RN06 补救行动与现实调整｜停止与升级,L1 修复节点与完成任务,REPAIR-修复节点,通用,门控,RN06,,节点有效并完成source_id／event_id去重；或按规则标记未知。,关键节点未知却继续发布完整闭环。,由共享基础引擎提供；仅修正修复功能的承载、持续与压力占位，不直接等同是否愿意认错或能否修复。,由M1／M2提供；夫妻星只说明伴侣原型与关系资格，不单独证明修复能力、修复意愿或修复结果。,由M3-BASE提供；日支底盘说明亲密关系中自然调用的功能，但不能单独证明修复闭环。,由M3-CONFLICT、M4-LOOP及现实事件提供；必须区分问题停止、责任承担、影响确认、行动改变、反馈整合与后续回访。,由共享基础引擎判定；近位提高相关功能进入亲密关系核心的概率，远位只作背景或阶段修正。,根气只修正某修复功能是否容易重复调用，不等于现实中已经持续改变。,旺弱只修正功能调用强度与占位，不直接等同修复质量、诚意或关系结果。,喜忌只修正功能摩擦、平衡与承载，不直接等同道德、成熟、善恶或是否值得原谅。,原十神功能有效；真合化成立时按化神功能替换，合化争议时停止定性。,近位提高修复议题与亲密关系的直接相关性；远位仅保留背景、阶段或低置信修正。,88,节点有效＋4；关键节点未知则降级,repair_nodes,RN01、RN03、RN04、RN06、RN07、RN08的必要性取决于事件类型和影响强度；缺失时应降级。,关键步骤资料不足时，应停在部分修复或问题结案，而不是补写成完整修复。,不得仅凭本规则判断道歉真诚与否、要求对方原谅或复合、推断关系一定修复或失败、淡化暴力强迫与现实伤害、平均分配明显不对等的责任；现实安全、具体行为、反例与专业支持优先。,中高,待验证,,provisional=true；M3-REPAIR尚未完成，完成条件为暂定功能模型。,0.7
M4-REPAIR-057,RN07 接收反馈与二次修正｜节点定义,L1 修复节点与完成任务,REPAIR-修复节点,通用,定义,RN07,,接收方对道歉、方案和改变提供反馈，发起方能够据此调整而非要求立即认可。,,由共享基础引擎提供；仅修正修复功能的承载、持续与压力占位，不直接等同是否愿意认错或能否修复。,由M1／M2提供；夫妻星只说明伴侣原型与关系资格，不单独证明修复能力、修复意愿或修复结果。,由M3-BASE提供；日支底盘说明亲密关系中自然调用的功能，但不能单独证明修复闭环。,由M3-CONFLICT、M4-LOOP及现实事件提供；必须区分问题停止、责任承担、影响确认、行动改变、反馈整合与后续回访。,由共享基础引擎判定；近位提高相关功能进入亲密关系核心的概率，远位只作背景或阶段修正。,根气只修正某修复功能是否容易重复调用，不等于现实中已经持续改变。,旺弱只修正功能调用强度与占位，不直接等同修复质量、诚意或关系结果。,喜忌只修正功能摩擦、平衡与承载，不直接等同道德、成熟、善恶或是否值得原谅。,原十神功能有效；真合化成立时按化神功能替换，合化争议时停止定性。,近位提高修复议题与亲密关系的直接相关性；远位仅保留背景、阶段或低置信修正。,72,节点有效＋4；关键节点未知则降级,repair_nodes,该节点解决修复链中的一个独立任务，不能被相邻节点自动替代。,对方做出补救以后，还要允许你说出哪些部分有效、哪些仍不足，并据此调整。,不得仅凭本规则判断道歉真诚与否、要求对方原谅或复合、推断关系一定修复或失败、淡化暴力强迫与现实伤害、平均分配明显不对等的责任；现实安全、具体行为、反例与专业支持优先。,中高,待验证,,provisional=true；M3-REPAIR尚未完成，完成条件为暂定功能模型。,0.7
M4-REPAIR-058,RN07 接收反馈与二次修正｜最低证据,L1 修复节点与完成任务,REPAIR-修复节点,通用,证据,RN07,,存在真实反馈、异议、保留意见、接受或拒绝，以及相应的二次调整。,把沉默当同意，或认为“我已经做了”就无需再听反馈。,由共享基础引擎提供；仅修正修复功能的承载、持续与压力占位，不直接等同是否愿意认错或能否修复。,由M1／M2提供；夫妻星只说明伴侣原型与关系资格，不单独证明修复能力、修复意愿或修复结果。,由M3-BASE提供；日支底盘说明亲密关系中自然调用的功能，但不能单独证明修复闭环。,由M3-CONFLICT、M4-LOOP及现实事件提供；必须区分问题停止、责任承担、影响确认、行动改变、反馈整合与后续回访。,由共享基础引擎判定；近位提高相关功能进入亲密关系核心的概率，远位只作背景或阶段修正。,根气只修正某修复功能是否容易重复调用，不等于现实中已经持续改变。,旺弱只修正功能调用强度与占位，不直接等同修复质量、诚意或关系结果。,喜忌只修正功能摩擦、平衡与承载，不直接等同道德、成熟、善恶或是否值得原谅。,原十神功能有效；真合化成立时按化神功能替换，合化争议时停止定性。,近位提高修复议题与亲密关系的直接相关性；远位仅保留背景、阶段或低置信修正。,88,节点有效＋4；关键节点未知则降级,repair_nodes,最低证据决定该节点能否被标记为有效；资料不足时应写未知。,判断这一节点需要具体言语、行动或后续记录，不能只用抽象评价。,不得仅凭本规则判断道歉真诚与否、要求对方原谅或复合、推断关系一定修复或失败、淡化暴力强迫与现实伤害、平均分配明显不对等的责任；现实安全、具体行为、反例与专业支持优先。,中高,待验证,,provisional=true；M3-REPAIR尚未完成，完成条件为暂定功能模型。,0.7
M4-REPAIR-059,RN07 接收反馈与二次修正｜功能位置,L1 修复节点与完成任务,REPAIR-修复节点,通用,路由,RN07,,该节点与当前事件类型及前后修复任务相匹配。,节点出现，但与当前核心影响无关。,由共享基础引擎提供；仅修正修复功能的承载、持续与压力占位，不直接等同是否愿意认错或能否修复。,由M1／M2提供；夫妻星只说明伴侣原型与关系资格，不单独证明修复能力、修复意愿或修复结果。,由M3-BASE提供；日支底盘说明亲密关系中自然调用的功能，但不能单独证明修复闭环。,由M3-CONFLICT、M4-LOOP及现实事件提供；必须区分问题停止、责任承担、影响确认、行动改变、反馈整合与后续回访。,由共享基础引擎判定；近位提高相关功能进入亲密关系核心的概率，远位只作背景或阶段修正。,根气只修正某修复功能是否容易重复调用，不等于现实中已经持续改变。,旺弱只修正功能调用强度与占位，不直接等同修复质量、诚意或关系结果。,喜忌只修正功能摩擦、平衡与承载，不直接等同道德、成熟、善恶或是否值得原谅。,原十神功能有效；真合化成立时按化神功能替换，合化争议时停止定性。,近位提高修复议题与亲密关系的直接相关性；远位仅保留背景、阶段或低置信修正。,72,节点有效＋4；关键节点未知则降级,repair_nodes,同一动作在不同事件中可能承担不同功能，需按任务匹配。,要看这一步是否真正回应了当前问题，而不只是形式上做了某件事。,不得仅凭本规则判断道歉真诚与否、要求对方原谅或复合、推断关系一定修复或失败、淡化暴力强迫与现实伤害、平均分配明显不对等的责任；现实安全、具体行为、反例与专业支持优先。,中高,待验证,,provisional=true；M3-REPAIR尚未完成，完成条件为暂定功能模型。,0.7
M4-REPAIR-060,RN07 接收反馈与二次修正｜常见假完成,L1 修复节点与完成任务,REPAIR-修复节点,通用,边界,RN07,,能够区分该节点本身与“修复全部完成”。,把沉默当同意，或认为“我已经做了”就无需再听反馈。,由共享基础引擎提供；仅修正修复功能的承载、持续与压力占位，不直接等同是否愿意认错或能否修复。,由M1／M2提供；夫妻星只说明伴侣原型与关系资格，不单独证明修复能力、修复意愿或修复结果。,由M3-BASE提供；日支底盘说明亲密关系中自然调用的功能，但不能单独证明修复闭环。,由M3-CONFLICT、M4-LOOP及现实事件提供；必须区分问题停止、责任承担、影响确认、行动改变、反馈整合与后续回访。,由共享基础引擎判定；近位提高相关功能进入亲密关系核心的概率，远位只作背景或阶段修正。,根气只修正某修复功能是否容易重复调用，不等于现实中已经持续改变。,旺弱只修正功能调用强度与占位，不直接等同修复质量、诚意或关系结果。,喜忌只修正功能摩擦、平衡与承载，不直接等同道德、成熟、善恶或是否值得原谅。,原十神功能有效；真合化成立时按化神功能替换，合化争议时停止定性。,近位提高修复议题与亲密关系的直接相关性；远位仅保留背景、阶段或低置信修正。,72,节点有效＋4；关键节点未知则降级,repair_nodes,任何一个节点出现，都不能单独代表完整修复。,这一部分完成了，不代表其他修复步骤也已经自动完成。,不得仅凭本规则判断道歉真诚与否、要求对方原谅或复合、推断关系一定修复或失败、淡化暴力强迫与现实伤害、平均分配明显不对等的责任；现实安全、具体行为、反例与专业支持优先。,中高,待验证,,provisional=true；M3-REPAIR尚未完成，完成条件为暂定功能模型。,0.7
M4-REPAIR-061,RN07 接收反馈与二次修正｜用户解释,L1 修复节点与完成任务,REPAIR-修复节点,通用,输出,RN07,,该节点在现实事件中有明确证据。,资料只来自推测或命盘标签。,由共享基础引擎提供；仅修正修复功能的承载、持续与压力占位，不直接等同是否愿意认错或能否修复。,由M1／M2提供；夫妻星只说明伴侣原型与关系资格，不单独证明修复能力、修复意愿或修复结果。,由M3-BASE提供；日支底盘说明亲密关系中自然调用的功能，但不能单独证明修复闭环。,由M3-CONFLICT、M4-LOOP及现实事件提供；必须区分问题停止、责任承担、影响确认、行动改变、反馈整合与后续回访。,由共享基础引擎判定；近位提高相关功能进入亲密关系核心的概率，远位只作背景或阶段修正。,根气只修正某修复功能是否容易重复调用，不等于现实中已经持续改变。,旺弱只修正功能调用强度与占位，不直接等同修复质量、诚意或关系结果。,喜忌只修正功能摩擦、平衡与承载，不直接等同道德、成熟、善恶或是否值得原谅。,原十神功能有效；真合化成立时按化神功能替换，合化争议时停止定性。,近位提高修复议题与亲密关系的直接相关性；远位仅保留背景、阶段或低置信修正。,72,节点有效＋4；关键节点未知则降级,repair_nodes,用户语言应说明已完成什么和仍需确认什么。,对方做出补救以后，还要允许你说出哪些部分有效、哪些仍不足，并据此调整。,不得仅凭本规则判断道歉真诚与否、要求对方原谅或复合、推断关系一定修复或失败、淡化暴力强迫与现实伤害、平均分配明显不对等的责任；现实安全、具体行为、反例与专业支持优先。,中高,待验证,,provisional=true；M3-REPAIR尚未完成，完成条件为暂定功能模型。,0.7
M4-REPAIR-062,RN07 接收反馈与二次修正｜停止与升级,L1 修复节点与完成任务,REPAIR-修复节点,通用,门控,RN07,,节点有效并完成source_id／event_id去重；或按规则标记未知。,关键节点未知却继续发布完整闭环。,由共享基础引擎提供；仅修正修复功能的承载、持续与压力占位，不直接等同是否愿意认错或能否修复。,由M1／M2提供；夫妻星只说明伴侣原型与关系资格，不单独证明修复能力、修复意愿或修复结果。,由M3-BASE提供；日支底盘说明亲密关系中自然调用的功能，但不能单独证明修复闭环。,由M3-CONFLICT、M4-LOOP及现实事件提供；必须区分问题停止、责任承担、影响确认、行动改变、反馈整合与后续回访。,由共享基础引擎判定；近位提高相关功能进入亲密关系核心的概率，远位只作背景或阶段修正。,根气只修正某修复功能是否容易重复调用，不等于现实中已经持续改变。,旺弱只修正功能调用强度与占位，不直接等同修复质量、诚意或关系结果。,喜忌只修正功能摩擦、平衡与承载，不直接等同道德、成熟、善恶或是否值得原谅。,原十神功能有效；真合化成立时按化神功能替换，合化争议时停止定性。,近位提高修复议题与亲密关系的直接相关性；远位仅保留背景、阶段或低置信修正。,88,节点有效＋4；关键节点未知则降级,repair_nodes,RN01、RN03、RN04、RN06、RN07、RN08的必要性取决于事件类型和影响强度；缺失时应降级。,关键步骤资料不足时，应停在部分修复或问题结案，而不是补写成完整修复。,不得仅凭本规则判断道歉真诚与否、要求对方原谅或复合、推断关系一定修复或失败、淡化暴力强迫与现实伤害、平均分配明显不对等的责任；现实安全、具体行为、反例与专业支持优先。,中高,待验证,,provisional=true；M3-REPAIR尚未完成，完成条件为暂定功能模型。,0.7
M4-REPAIR-063,RN08 持续兑现、回访与重新开放｜节点定义,L1 修复节点与完成任务,REPAIR-修复节点,通用,定义,RN08,,在时间和相似情境中观察改变是否持续，并在适当时回访信任、合作或亲密是否恢复。,,由共享基础引擎提供；仅修正修复功能的承载、持续与压力占位，不直接等同是否愿意认错或能否修复。,由M1／M2提供；夫妻星只说明伴侣原型与关系资格，不单独证明修复能力、修复意愿或修复结果。,由M3-BASE提供；日支底盘说明亲密关系中自然调用的功能，但不能单独证明修复闭环。,由M3-CONFLICT、M4-LOOP及现实事件提供；必须区分问题停止、责任承担、影响确认、行动改变、反馈整合与后续回访。,由共享基础引擎判定；近位提高相关功能进入亲密关系核心的概率，远位只作背景或阶段修正。,根气只修正某修复功能是否容易重复调用，不等于现实中已经持续改变。,旺弱只修正功能调用强度与占位，不直接等同修复质量、诚意或关系结果。,喜忌只修正功能摩擦、平衡与承载，不直接等同道德、成熟、善恶或是否值得原谅。,原十神功能有效；真合化成立时按化神功能替换，合化争议时停止定性。,近位提高修复议题与亲密关系的直接相关性；远位仅保留背景、阶段或低置信修正。,72,节点有效＋4；关键节点未知则降级,repair_nodes,该节点解决修复链中的一个独立任务，不能被相邻节点自动替代。,真正完成修复需要时间：改变要持续，双方还要回访这件事是否真的不同了。,不得仅凭本规则判断道歉真诚与否、要求对方原谅或复合、推断关系一定修复或失败、淡化暴力强迫与现实伤害、平均分配明显不对等的责任；现实安全、具体行为、反例与专业支持优先。,中高,待验证,,provisional=true；M3-REPAIR尚未完成，完成条件为暂定功能模型。,0.7
M4-REPAIR-064,RN08 持续兑现、回访与重新开放｜最低证据,L1 修复节点与完成任务,REPAIR-修复节点,通用,证据,RN08,,至少有后续回访、重复兑现、跨情境表现或对复发的复盘。,一次好转后不再确认，或要求关系立即恢复原状。,由共享基础引擎提供；仅修正修复功能的承载、持续与压力占位，不直接等同是否愿意认错或能否修复。,由M1／M2提供；夫妻星只说明伴侣原型与关系资格，不单独证明修复能力、修复意愿或修复结果。,由M3-BASE提供；日支底盘说明亲密关系中自然调用的功能，但不能单独证明修复闭环。,由M3-CONFLICT、M4-LOOP及现实事件提供；必须区分问题停止、责任承担、影响确认、行动改变、反馈整合与后续回访。,由共享基础引擎判定；近位提高相关功能进入亲密关系核心的概率，远位只作背景或阶段修正。,根气只修正某修复功能是否容易重复调用，不等于现实中已经持续改变。,旺弱只修正功能调用强度与占位，不直接等同修复质量、诚意或关系结果。,喜忌只修正功能摩擦、平衡与承载，不直接等同道德、成熟、善恶或是否值得原谅。,原十神功能有效；真合化成立时按化神功能替换，合化争议时停止定性。,近位提高修复议题与亲密关系的直接相关性；远位仅保留背景、阶段或低置信修正。,88,节点有效＋4；关键节点未知则降级,repair_nodes,最低证据决定该节点能否被标记为有效；资料不足时应写未知。,判断这一节点需要具体言语、行动或后续记录，不能只用抽象评价。,不得仅凭本规则判断道歉真诚与否、要求对方原谅或复合、推断关系一定修复或失败、淡化暴力强迫与现实伤害、平均分配明显不对等的责任；现实安全、具体行为、反例与专业支持优先。,中高,待验证,,provisional=true；M3-REPAIR尚未完成，完成条件为暂定功能模型。,0.7
M4-REPAIR-065,RN08 持续兑现、回访与重新开放｜功能位置,L1 修复节点与完成任务,REPAIR-修复节点,通用,路由,RN08,,该节点与当前事件类型及前后修复任务相匹配。,节点出现，但与当前核心影响无关。,由共享基础引擎提供；仅修正修复功能的承载、持续与压力占位，不直接等同是否愿意认错或能否修复。,由M1／M2提供；夫妻星只说明伴侣原型与关系资格，不单独证明修复能力、修复意愿或修复结果。,由M3-BASE提供；日支底盘说明亲密关系中自然调用的功能，但不能单独证明修复闭环。,由M3-CONFLICT、M4-LOOP及现实事件提供；必须区分问题停止、责任承担、影响确认、行动改变、反馈整合与后续回访。,由共享基础引擎判定；近位提高相关功能进入亲密关系核心的概率，远位只作背景或阶段修正。,根气只修正某修复功能是否容易重复调用，不等于现实中已经持续改变。,旺弱只修正功能调用强度与占位，不直接等同修复质量、诚意或关系结果。,喜忌只修正功能摩擦、平衡与承载，不直接等同道德、成熟、善恶或是否值得原谅。,原十神功能有效；真合化成立时按化神功能替换，合化争议时停止定性。,近位提高修复议题与亲密关系的直接相关性；远位仅保留背景、阶段或低置信修正。,72,节点有效＋4；关键节点未知则降级,repair_nodes,同一动作在不同事件中可能承担不同功能，需按任务匹配。,要看这一步是否真正回应了当前问题，而不只是形式上做了某件事。,不得仅凭本规则判断道歉真诚与否、要求对方原谅或复合、推断关系一定修复或失败、淡化暴力强迫与现实伤害、平均分配明显不对等的责任；现实安全、具体行为、反例与专业支持优先。,中高,待验证,,provisional=true；M3-REPAIR尚未完成，完成条件为暂定功能模型。,0.7
M4-REPAIR-066,RN08 持续兑现、回访与重新开放｜常见假完成,L1 修复节点与完成任务,REPAIR-修复节点,通用,边界,RN08,,能够区分该节点本身与“修复全部完成”。,一次好转后不再确认，或要求关系立即恢复原状。,由共享基础引擎提供；仅修正修复功能的承载、持续与压力占位，不直接等同是否愿意认错或能否修复。,由M1／M2提供；夫妻星只说明伴侣原型与关系资格，不单独证明修复能力、修复意愿或修复结果。,由M3-BASE提供；日支底盘说明亲密关系中自然调用的功能，但不能单独证明修复闭环。,由M3-CONFLICT、M4-LOOP及现实事件提供；必须区分问题停止、责任承担、影响确认、行动改变、反馈整合与后续回访。,由共享基础引擎判定；近位提高相关功能进入亲密关系核心的概率，远位只作背景或阶段修正。,根气只修正某修复功能是否容易重复调用，不等于现实中已经持续改变。,旺弱只修正功能调用强度与占位，不直接等同修复质量、诚意或关系结果。,喜忌只修正功能摩擦、平衡与承载，不直接等同道德、成熟、善恶或是否值得原谅。,原十神功能有效；真合化成立时按化神功能替换，合化争议时停止定性。,近位提高修复议题与亲密关系的直接相关性；远位仅保留背景、阶段或低置信修正。,72,节点有效＋4；关键节点未知则降级,repair_nodes,任何一个节点出现，都不能单独代表完整修复。,这一部分完成了，不代表其他修复步骤也已经自动完成。,不得仅凭本规则判断道歉真诚与否、要求对方原谅或复合、推断关系一定修复或失败、淡化暴力强迫与现实伤害、平均分配明显不对等的责任；现实安全、具体行为、反例与专业支持优先。,中高,待验证,,provisional=true；M3-REPAIR尚未完成，完成条件为暂定功能模型。,0.7
M4-REPAIR-067,RN08 持续兑现、回访与重新开放｜用户解释,L1 修复节点与完成任务,REPAIR-修复节点,通用,输出,RN08,,该节点在现实事件中有明确证据。,资料只来自推测或命盘标签。,由共享基础引擎提供；仅修正修复功能的承载、持续与压力占位，不直接等同是否愿意认错或能否修复。,由M1／M2提供；夫妻星只说明伴侣原型与关系资格，不单独证明修复能力、修复意愿或修复结果。,由M3-BASE提供；日支底盘说明亲密关系中自然调用的功能，但不能单独证明修复闭环。,由M3-CONFLICT、M4-LOOP及现实事件提供；必须区分问题停止、责任承担、影响确认、行动改变、反馈整合与后续回访。,由共享基础引擎判定；近位提高相关功能进入亲密关系核心的概率，远位只作背景或阶段修正。,根气只修正某修复功能是否容易重复调用，不等于现实中已经持续改变。,旺弱只修正功能调用强度与占位，不直接等同修复质量、诚意或关系结果。,喜忌只修正功能摩擦、平衡与承载，不直接等同道德、成熟、善恶或是否值得原谅。,原十神功能有效；真合化成立时按化神功能替换，合化争议时停止定性。,近位提高修复议题与亲密关系的直接相关性；远位仅保留背景、阶段或低置信修正。,72,节点有效＋4；关键节点未知则降级,repair_nodes,用户语言应说明已完成什么和仍需确认什么。,真正完成修复需要时间：改变要持续，双方还要回访这件事是否真的不同了。,不得仅凭本规则判断道歉真诚与否、要求对方原谅或复合、推断关系一定修复或失败、淡化暴力强迫与现实伤害、平均分配明显不对等的责任；现实安全、具体行为、反例与专业支持优先。,中高,待验证,,provisional=true；M3-REPAIR尚未完成，完成条件为暂定功能模型。,0.7
M4-REPAIR-068,RN08 持续兑现、回访与重新开放｜停止与升级,L1 修复节点与完成任务,REPAIR-修复节点,通用,门控,RN08,,节点有效并完成source_id／event_id去重；或按规则标记未知。,关键节点未知却继续发布完整闭环。,由共享基础引擎提供；仅修正修复功能的承载、持续与压力占位，不直接等同是否愿意认错或能否修复。,由M1／M2提供；夫妻星只说明伴侣原型与关系资格，不单独证明修复能力、修复意愿或修复结果。,由M3-BASE提供；日支底盘说明亲密关系中自然调用的功能，但不能单独证明修复闭环。,由M3-CONFLICT、M4-LOOP及现实事件提供；必须区分问题停止、责任承担、影响确认、行动改变、反馈整合与后续回访。,由共享基础引擎判定；近位提高相关功能进入亲密关系核心的概率，远位只作背景或阶段修正。,根气只修正某修复功能是否容易重复调用，不等于现实中已经持续改变。,旺弱只修正功能调用强度与占位，不直接等同修复质量、诚意或关系结果。,喜忌只修正功能摩擦、平衡与承载，不直接等同道德、成熟、善恶或是否值得原谅。,原十神功能有效；真合化成立时按化神功能替换，合化争议时停止定性。,近位提高修复议题与亲密关系的直接相关性；远位仅保留背景、阶段或低置信修正。,88,节点有效＋4；关键节点未知则降级,repair_nodes,RN01、RN03、RN04、RN06、RN07、RN08的必要性取决于事件类型和影响强度；缺失时应降级。,关键步骤资料不足时，应停在部分修复或问题结案，而不是补写成完整修复。,不得仅凭本规则判断道歉真诚与否、要求对方原谅或复合、推断关系一定修复或失败、淡化暴力强迫与现实伤害、平均分配明显不对等的责任；现实安全、具体行为、反例与专业支持优先。,中高,待验证,,provisional=true；M3-REPAIR尚未完成，完成条件为暂定功能模型。,0.7
M4-REPAIR-069,RC01 比肩｜平等参与修复｜正常修复功能,L2 十神修复功能通道,REPAIR-十神通道,通用,定义,RC01,比肩,恢复双方表达、决定和承担的平等位置。,仅凭十神名称或旺弱直接判断修复能力。,由共享基础引擎提供；仅修正修复功能的承载、持续与压力占位，不直接等同是否愿意认错或能否修复。,由M1／M2提供；夫妻星只说明伴侣原型与关系资格，不单独证明修复能力、修复意愿或修复结果。,由M3-BASE提供；日支底盘说明亲密关系中自然调用的功能，但不能单独证明修复闭环。,由M3-CONFLICT、M4-LOOP及现实事件提供；必须区分问题停止、责任承担、影响确认、行动改变、反馈整合与后续回访。,由共享基础引擎判定；近位提高相关功能进入亲密关系核心的概率，远位只作背景或阶段修正。,根气只修正某修复功能是否容易重复调用，不等于现实中已经持续改变。,旺弱只修正功能调用强度与占位，不直接等同修复质量、诚意或关系结果。,喜忌只修正功能摩擦、平衡与承载，不直接等同道德、成熟、善恶或是否值得原谅。,原十神功能有效；真合化成立时按化神功能替换，合化争议时停止定性。,近位提高修复议题与亲密关系的直接相关性；远位仅保留背景、阶段或低置信修正。,68,有效通道＋3；替代盲点另行路由,repair_channel,十神提供一种可用修复功能，首先保留其正常价值。,修复时你更重视双方都能表达、参与决定，并把各自责任说清。,不得仅凭本规则判断道歉真诚与否、要求对方原谅或复合、推断关系一定修复或失败、淡化暴力强迫与现实伤害、平均分配明显不对等的责任；现实安全、具体行为、反例与专业支持优先。,中高,待验证,,provisional=true；M3-REPAIR尚未完成，完成条件为暂定功能模型。,0.7
M4-REPAIR-070,RC01 比肩｜平等参与修复｜启动表现,L2 十神修复功能通道,REPAIR-十神通道,通用,行为,RC01,比肩,现实中出现：共同讨论责任、边界、分工和选择；保留接收方拒绝权。,只有自我评价，没有具体行为。,由共享基础引擎提供；仅修正修复功能的承载、持续与压力占位，不直接等同是否愿意认错或能否修复。,由M1／M2提供；夫妻星只说明伴侣原型与关系资格，不单独证明修复能力、修复意愿或修复结果。,由M3-BASE提供；日支底盘说明亲密关系中自然调用的功能，但不能单独证明修复闭环。,由M3-CONFLICT、M4-LOOP及现实事件提供；必须区分问题停止、责任承担、影响确认、行动改变、反馈整合与后续回访。,由共享基础引擎判定；近位提高相关功能进入亲密关系核心的概率，远位只作背景或阶段修正。,根气只修正某修复功能是否容易重复调用，不等于现实中已经持续改变。,旺弱只修正功能调用强度与占位，不直接等同修复质量、诚意或关系结果。,喜忌只修正功能摩擦、平衡与承载，不直接等同道德、成熟、善恶或是否值得原谅。,原十神功能有效；真合化成立时按化神功能替换，合化争议时停止定性。,近位提高修复议题与亲密关系的直接相关性；远位仅保留背景、阶段或低置信修正。,68,有效通道＋3；替代盲点另行路由,repair_channel,启动表现说明通道已出现，但不等于闭环。,当你使用这一通道时，常见表现是：共同讨论责任、边界、分工和选择；保留接收方拒绝权。,不得仅凭本规则判断道歉真诚与否、要求对方原谅或复合、推断关系一定修复或失败、淡化暴力强迫与现实伤害、平均分配明显不对等的责任；现实安全、具体行为、反例与专业支持优先。,中高,待验证,,provisional=true；M3-REPAIR尚未完成，完成条件为暂定功能模型。,0.7
M4-REPAIR-071,RC01 比肩｜平等参与修复｜接收方反馈检查,L2 十神修复功能通道,REPAIR-十神通道,通用,证据,RC01,比肩,接收方能够对该通道提供接受、拒绝、保留或调整反馈。,只看发起者意图，不记录接收者反馈。,由共享基础引擎提供；仅修正修复功能的承载、持续与压力占位，不直接等同是否愿意认错或能否修复。,由M1／M2提供；夫妻星只说明伴侣原型与关系资格，不单独证明修复能力、修复意愿或修复结果。,由M3-BASE提供；日支底盘说明亲密关系中自然调用的功能，但不能单独证明修复闭环。,由M3-CONFLICT、M4-LOOP及现实事件提供；必须区分问题停止、责任承担、影响确认、行动改变、反馈整合与后续回访。,由共享基础引擎判定；近位提高相关功能进入亲密关系核心的概率，远位只作背景或阶段修正。,根气只修正某修复功能是否容易重复调用，不等于现实中已经持续改变。,旺弱只修正功能调用强度与占位，不直接等同修复质量、诚意或关系结果。,喜忌只修正功能摩擦、平衡与承载，不直接等同道德、成熟、善恶或是否值得原谅。,原十神功能有效；真合化成立时按化神功能替换，合化争议时停止定性。,近位提高修复议题与亲密关系的直接相关性；远位仅保留背景、阶段或低置信修正。,82,有效通道＋3；替代盲点另行路由,repair_channel,修复通道是否有效必须看它是否回应真实影响。,还要看对方怎样接收这一步，以及是否需要进一步调整。,不得仅凭本规则判断道歉真诚与否、要求对方原谅或复合、推断关系一定修复或失败、淡化暴力强迫与现实伤害、平均分配明显不对等的责任；现实安全、具体行为、反例与专业支持优先。,中高,待验证,,provisional=true；M3-REPAIR尚未完成，完成条件为暂定功能模型。,0.7
M4-REPAIR-072,RC01 比肩｜平等参与修复｜常见替代盲点,L2 十神修复功能通道,REPAIR-十神通道,通用,盲点,RC01,比肩,该通道出现并承担修复任务。,容易把修复变成逐项对等、平均责任或谁也不让谁。,由共享基础引擎提供；仅修正修复功能的承载、持续与压力占位，不直接等同是否愿意认错或能否修复。,由M1／M2提供；夫妻星只说明伴侣原型与关系资格，不单独证明修复能力、修复意愿或修复结果。,由M3-BASE提供；日支底盘说明亲密关系中自然调用的功能，但不能单独证明修复闭环。,由M3-CONFLICT、M4-LOOP及现实事件提供；必须区分问题停止、责任承担、影响确认、行动改变、反馈整合与后续回访。,由共享基础引擎判定；近位提高相关功能进入亲密关系核心的概率，远位只作背景或阶段修正。,根气只修正某修复功能是否容易重复调用，不等于现实中已经持续改变。,旺弱只修正功能调用强度与占位，不直接等同修复质量、诚意或关系结果。,喜忌只修正功能摩擦、平衡与承载，不直接等同道德、成熟、善恶或是否值得原谅。,原十神功能有效；真合化成立时按化神功能替换，合化争议时停止定性。,近位提高修复议题与亲密关系的直接相关性；远位仅保留背景、阶段或低置信修正。,68,有效通道＋3；替代盲点另行路由,repair_channel,熟悉通道容易替代另一项不同修复任务。,需要留意：容易把修复变成逐项对等、平均责任或谁也不让谁。,不得仅凭本规则判断道歉真诚与否、要求对方原谅或复合、推断关系一定修复或失败、淡化暴力强迫与现实伤害、平均分配明显不对等的责任；现实安全、具体行为、反例与专业支持优先。,中高,待验证,,provisional=true；M3-REPAIR尚未完成，完成条件为暂定功能模型。,0.7
M4-REPAIR-073,RC01 比肩｜平等参与修复｜闭环所需第二功能,L2 十神修复功能通道,REPAIR-十神通道,通用,通关,RC01,比肩,需要印星影响承接、食伤沟通或官财现实责任配合。,假设单一通道能完成所有修复任务。,由共享基础引擎提供；仅修正修复功能的承载、持续与压力占位，不直接等同是否愿意认错或能否修复。,由M1／M2提供；夫妻星只说明伴侣原型与关系资格，不单独证明修复能力、修复意愿或修复结果。,由M3-BASE提供；日支底盘说明亲密关系中自然调用的功能，但不能单独证明修复闭环。,由M3-CONFLICT、M4-LOOP及现实事件提供；必须区分问题停止、责任承担、影响确认、行动改变、反馈整合与后续回访。,由共享基础引擎判定；近位提高相关功能进入亲密关系核心的概率，远位只作背景或阶段修正。,根气只修正某修复功能是否容易重复调用，不等于现实中已经持续改变。,旺弱只修正功能调用强度与占位，不直接等同修复质量、诚意或关系结果。,喜忌只修正功能摩擦、平衡与承载，不直接等同道德、成熟、善恶或是否值得原谅。,原十神功能有效；真合化成立时按化神功能替换，合化争议时停止定性。,近位提高修复议题与亲密关系的直接相关性；远位仅保留背景、阶段或低置信修正。,68,有效通道＋3；替代盲点另行路由,repair_channel,第二功能负责把本通道转成更完整的修复链。,要让修复更完整，还需要：需要印星影响承接、食伤沟通或官财现实责任配合。,不得仅凭本规则判断道歉真诚与否、要求对方原谅或复合、推断关系一定修复或失败、淡化暴力强迫与现实伤害、平均分配明显不对等的责任；现实安全、具体行为、反例与专业支持优先。,中高,待验证,,provisional=true；M3-REPAIR尚未完成，完成条件为暂定功能模型。,0.7
M4-REPAIR-074,RC01 比肩｜平等参与修复｜状态修正,L2 十神修复功能通道,REPAIR-十神通道,通用,状态,RC01,比肩,结合透藏、根气、旺弱、制化、位置和现实重复行为。,强即有效、弱即没有、喜即成熟、忌即恶意。,由共享基础引擎提供；仅修正修复功能的承载、持续与压力占位，不直接等同是否愿意认错或能否修复。,由M1／M2提供；夫妻星只说明伴侣原型与关系资格，不单独证明修复能力、修复意愿或修复结果。,由M3-BASE提供；日支底盘说明亲密关系中自然调用的功能，但不能单独证明修复闭环。,由M3-CONFLICT、M4-LOOP及现实事件提供；必须区分问题停止、责任承担、影响确认、行动改变、反馈整合与后续回访。,由共享基础引擎判定；近位提高相关功能进入亲密关系核心的概率，远位只作背景或阶段修正。,根气只修正某修复功能是否容易重复调用，不等于现实中已经持续改变。,旺弱只修正功能调用强度与占位，不直接等同修复质量、诚意或关系结果。,喜忌只修正功能摩擦、平衡与承载，不直接等同道德、成熟、善恶或是否值得原谅。,原十神功能有效；真合化成立时按化神功能替换，合化争议时停止定性。,近位提高修复议题与亲密关系的直接相关性；远位仅保留背景、阶段或低置信修正。,68,有效通道＋3；替代盲点另行路由,repair_channel,状态只修正调用方式和持续性。,这项方式是否稳定，需要继续看它能否重复、是否受另一功能调节。,不得仅凭本规则判断道歉真诚与否、要求对方原谅或复合、推断关系一定修复或失败、淡化暴力强迫与现实伤害、平均分配明显不对等的责任；现实安全、具体行为、反例与专业支持优先。,中高,待验证,,provisional=true；M3-REPAIR尚未完成，完成条件为暂定功能模型。,0.7
M4-REPAIR-075,RC01 比肩｜平等参与修复｜用户标准文案,L2 十神修复功能通道,REPAIR-十神通道,通用,输出,RC01,比肩,该通道为主修复方式候选，并有第二类独立证据。,证据不足或真合化争议。,由共享基础引擎提供；仅修正修复功能的承载、持续与压力占位，不直接等同是否愿意认错或能否修复。,由M1／M2提供；夫妻星只说明伴侣原型与关系资格，不单独证明修复能力、修复意愿或修复结果。,由M3-BASE提供；日支底盘说明亲密关系中自然调用的功能，但不能单独证明修复闭环。,由M3-CONFLICT、M4-LOOP及现实事件提供；必须区分问题停止、责任承担、影响确认、行动改变、反馈整合与后续回访。,由共享基础引擎判定；近位提高相关功能进入亲密关系核心的概率，远位只作背景或阶段修正。,根气只修正某修复功能是否容易重复调用，不等于现实中已经持续改变。,旺弱只修正功能调用强度与占位，不直接等同修复质量、诚意或关系结果。,喜忌只修正功能摩擦、平衡与承载，不直接等同道德、成熟、善恶或是否值得原谅。,原十神功能有效；真合化成立时按化神功能替换，合化争议时停止定性。,近位提高修复议题与亲密关系的直接相关性；远位仅保留背景、阶段或低置信修正。,68,有效通道＋3；替代盲点另行路由,repair_channel,输出先描述功能，再描述缺口，不贴人格标签。,修复时你更重视双方都能表达、参与决定，并把各自责任说清。,不得仅凭本规则判断道歉真诚与否、要求对方原谅或复合、推断关系一定修复或失败、淡化暴力强迫与现实伤害、平均分配明显不对等的责任；现实安全、具体行为、反例与专业支持优先。,中高,待验证,,provisional=true；M3-REPAIR尚未完成，完成条件为暂定功能模型。,0.7
M4-REPAIR-076,RC01 比肩｜平等参与修复｜禁止推断,L2 十神修复功能通道,REPAIR-十神通道,通用,边界,RC01,比肩,完成现实安全、责任和反例检查。,不得把平等修复写成双方责任永远相等；明显伤害不得平均责任。。,由共享基础引擎提供；仅修正修复功能的承载、持续与压力占位，不直接等同是否愿意认错或能否修复。,由M1／M2提供；夫妻星只说明伴侣原型与关系资格，不单独证明修复能力、修复意愿或修复结果。,由M3-BASE提供；日支底盘说明亲密关系中自然调用的功能，但不能单独证明修复闭环。,由M3-CONFLICT、M4-LOOP及现实事件提供；必须区分问题停止、责任承担、影响确认、行动改变、反馈整合与后续回访。,由共享基础引擎判定；近位提高相关功能进入亲密关系核心的概率，远位只作背景或阶段修正。,根气只修正某修复功能是否容易重复调用，不等于现实中已经持续改变。,旺弱只修正功能调用强度与占位，不直接等同修复质量、诚意或关系结果。,喜忌只修正功能摩擦、平衡与承载，不直接等同道德、成熟、善恶或是否值得原谅。,原十神功能有效；真合化成立时按化神功能替换，合化争议时停止定性。,近位提高修复议题与亲密关系的直接相关性；远位仅保留背景、阶段或低置信修正。,82,有效通道＋3；替代盲点另行路由,repair_channel,十神修复通道不能推断诚意、道德和关系结果。,边界提示：不得把平等修复写成双方责任永远相等；明显伤害不得平均责任。,不得仅凭本规则判断道歉真诚与否、要求对方原谅或复合、推断关系一定修复或失败、淡化暴力强迫与现实伤害、平均分配明显不对等的责任；现实安全、具体行为、反例与专业支持优先。,中高,待验证,,provisional=true；M3-REPAIR尚未完成，完成条件为暂定功能模型。,0.7
M4-REPAIR-077,RC02 劫财｜即时协作修复｜正常修复功能,L2 十神修复功能通道,REPAIR-十神通道,通用,定义,RC02,劫财,快速回到现场、一起处理现实问题或补位。,仅凭十神名称或旺弱直接判断修复能力。,由共享基础引擎提供；仅修正修复功能的承载、持续与压力占位，不直接等同是否愿意认错或能否修复。,由M1／M2提供；夫妻星只说明伴侣原型与关系资格，不单独证明修复能力、修复意愿或修复结果。,由M3-BASE提供；日支底盘说明亲密关系中自然调用的功能，但不能单独证明修复闭环。,由M3-CONFLICT、M4-LOOP及现实事件提供；必须区分问题停止、责任承担、影响确认、行动改变、反馈整合与后续回访。,由共享基础引擎判定；近位提高相关功能进入亲密关系核心的概率，远位只作背景或阶段修正。,根气只修正某修复功能是否容易重复调用，不等于现实中已经持续改变。,旺弱只修正功能调用强度与占位，不直接等同修复质量、诚意或关系结果。,喜忌只修正功能摩擦、平衡与承载，不直接等同道德、成熟、善恶或是否值得原谅。,原十神功能有效；真合化成立时按化神功能替换，合化争议时停止定性。,近位提高修复议题与亲密关系的直接相关性；远位仅保留背景、阶段或低置信修正。,68,有效通道＋3；替代盲点另行路由,repair_channel,十神提供一种可用修复功能，首先保留其正常价值。,你可能更习惯先加入处理、迅速补位，再在过程中调整方案。,不得仅凭本规则判断道歉真诚与否、要求对方原谅或复合、推断关系一定修复或失败、淡化暴力强迫与现实伤害、平均分配明显不对等的责任；现实安全、具体行为、反例与专业支持优先。,中高,待验证,,provisional=true；M3-REPAIR尚未完成，完成条件为暂定功能模型。,0.7
M4-REPAIR-078,RC02 劫财｜即时协作修复｜启动表现,L2 十神修复功能通道,REPAIR-十神通道,通用,行为,RC02,劫财,现实中出现：及时参与、协助执行、共同完成补救。,只有自我评价，没有具体行为。,由共享基础引擎提供；仅修正修复功能的承载、持续与压力占位，不直接等同是否愿意认错或能否修复。,由M1／M2提供；夫妻星只说明伴侣原型与关系资格，不单独证明修复能力、修复意愿或修复结果。,由M3-BASE提供；日支底盘说明亲密关系中自然调用的功能，但不能单独证明修复闭环。,由M3-CONFLICT、M4-LOOP及现实事件提供；必须区分问题停止、责任承担、影响确认、行动改变、反馈整合与后续回访。,由共享基础引擎判定；近位提高相关功能进入亲密关系核心的概率，远位只作背景或阶段修正。,根气只修正某修复功能是否容易重复调用，不等于现实中已经持续改变。,旺弱只修正功能调用强度与占位，不直接等同修复质量、诚意或关系结果。,喜忌只修正功能摩擦、平衡与承载，不直接等同道德、成熟、善恶或是否值得原谅。,原十神功能有效；真合化成立时按化神功能替换，合化争议时停止定性。,近位提高修复议题与亲密关系的直接相关性；远位仅保留背景、阶段或低置信修正。,68,有效通道＋3；替代盲点另行路由,repair_channel,启动表现说明通道已出现，但不等于闭环。,当你使用这一通道时，常见表现是：及时参与、协助执行、共同完成补救。,不得仅凭本规则判断道歉真诚与否、要求对方原谅或复合、推断关系一定修复或失败、淡化暴力强迫与现实伤害、平均分配明显不对等的责任；现实安全、具体行为、反例与专业支持优先。,中高,待验证,,provisional=true；M3-REPAIR尚未完成，完成条件为暂定功能模型。,0.7
M4-REPAIR-079,RC02 劫财｜即时协作修复｜接收方反馈检查,L2 十神修复功能通道,REPAIR-十神通道,通用,证据,RC02,劫财,接收方能够对该通道提供接受、拒绝、保留或调整反馈。,只看发起者意图，不记录接收者反馈。,由共享基础引擎提供；仅修正修复功能的承载、持续与压力占位，不直接等同是否愿意认错或能否修复。,由M1／M2提供；夫妻星只说明伴侣原型与关系资格，不单独证明修复能力、修复意愿或修复结果。,由M3-BASE提供；日支底盘说明亲密关系中自然调用的功能，但不能单独证明修复闭环。,由M3-CONFLICT、M4-LOOP及现实事件提供；必须区分问题停止、责任承担、影响确认、行动改变、反馈整合与后续回访。,由共享基础引擎判定；近位提高相关功能进入亲密关系核心的概率，远位只作背景或阶段修正。,根气只修正某修复功能是否容易重复调用，不等于现实中已经持续改变。,旺弱只修正功能调用强度与占位，不直接等同修复质量、诚意或关系结果。,喜忌只修正功能摩擦、平衡与承载，不直接等同道德、成熟、善恶或是否值得原谅。,原十神功能有效；真合化成立时按化神功能替换，合化争议时停止定性。,近位提高修复议题与亲密关系的直接相关性；远位仅保留背景、阶段或低置信修正。,82,有效通道＋3；替代盲点另行路由,repair_channel,修复通道是否有效必须看它是否回应真实影响。,还要看对方怎样接收这一步，以及是否需要进一步调整。,不得仅凭本规则判断道歉真诚与否、要求对方原谅或复合、推断关系一定修复或失败、淡化暴力强迫与现实伤害、平均分配明显不对等的责任；现实安全、具体行为、反例与专业支持优先。,中高,待验证,,provisional=true；M3-REPAIR尚未完成，完成条件为暂定功能模型。,0.7
M4-REPAIR-080,RC02 劫财｜即时协作修复｜常见替代盲点,L2 十神修复功能通道,REPAIR-十神通道,通用,盲点,RC02,劫财,该通道出现并承担修复任务。,可能先行动后确认范围，使接收方参与权进入较晚。,由共享基础引擎提供；仅修正修复功能的承载、持续与压力占位，不直接等同是否愿意认错或能否修复。,由M1／M2提供；夫妻星只说明伴侣原型与关系资格，不单独证明修复能力、修复意愿或修复结果。,由M3-BASE提供；日支底盘说明亲密关系中自然调用的功能，但不能单独证明修复闭环。,由M3-CONFLICT、M4-LOOP及现实事件提供；必须区分问题停止、责任承担、影响确认、行动改变、反馈整合与后续回访。,由共享基础引擎判定；近位提高相关功能进入亲密关系核心的概率，远位只作背景或阶段修正。,根气只修正某修复功能是否容易重复调用，不等于现实中已经持续改变。,旺弱只修正功能调用强度与占位，不直接等同修复质量、诚意或关系结果。,喜忌只修正功能摩擦、平衡与承载，不直接等同道德、成熟、善恶或是否值得原谅。,原十神功能有效；真合化成立时按化神功能替换，合化争议时停止定性。,近位提高修复议题与亲密关系的直接相关性；远位仅保留背景、阶段或低置信修正。,68,有效通道＋3；替代盲点另行路由,repair_channel,熟悉通道容易替代另一项不同修复任务。,需要留意：可能先行动后确认范围，使接收方参与权进入较晚。,不得仅凭本规则判断道歉真诚与否、要求对方原谅或复合、推断关系一定修复或失败、淡化暴力强迫与现实伤害、平均分配明显不对等的责任；现实安全、具体行为、反例与专业支持优先。,中高,待验证,,provisional=true；M3-REPAIR尚未完成，完成条件为暂定功能模型。,0.7
M4-REPAIR-081,RC02 劫财｜即时协作修复｜闭环所需第二功能,L2 十神修复功能通道,REPAIR-十神通道,通用,通关,RC02,劫财,需要比肩／食伤确认范围，正财／正官稳定后续。,假设单一通道能完成所有修复任务。,由共享基础引擎提供；仅修正修复功能的承载、持续与压力占位，不直接等同是否愿意认错或能否修复。,由M1／M2提供；夫妻星只说明伴侣原型与关系资格，不单独证明修复能力、修复意愿或修复结果。,由M3-BASE提供；日支底盘说明亲密关系中自然调用的功能，但不能单独证明修复闭环。,由M3-CONFLICT、M4-LOOP及现实事件提供；必须区分问题停止、责任承担、影响确认、行动改变、反馈整合与后续回访。,由共享基础引擎判定；近位提高相关功能进入亲密关系核心的概率，远位只作背景或阶段修正。,根气只修正某修复功能是否容易重复调用，不等于现实中已经持续改变。,旺弱只修正功能调用强度与占位，不直接等同修复质量、诚意或关系结果。,喜忌只修正功能摩擦、平衡与承载，不直接等同道德、成熟、善恶或是否值得原谅。,原十神功能有效；真合化成立时按化神功能替换，合化争议时停止定性。,近位提高修复议题与亲密关系的直接相关性；远位仅保留背景、阶段或低置信修正。,68,有效通道＋3；替代盲点另行路由,repair_channel,第二功能负责把本通道转成更完整的修复链。,要让修复更完整，还需要：需要比肩／食伤确认范围，正财／正官稳定后续。,不得仅凭本规则判断道歉真诚与否、要求对方原谅或复合、推断关系一定修复或失败、淡化暴力强迫与现实伤害、平均分配明显不对等的责任；现实安全、具体行为、反例与专业支持优先。,中高,待验证,,provisional=true；M3-REPAIR尚未完成，完成条件为暂定功能模型。,0.7
M4-REPAIR-082,RC02 劫财｜即时协作修复｜状态修正,L2 十神修复功能通道,REPAIR-十神通道,通用,状态,RC02,劫财,结合透藏、根气、旺弱、制化、位置和现实重复行为。,强即有效、弱即没有、喜即成熟、忌即恶意。,由共享基础引擎提供；仅修正修复功能的承载、持续与压力占位，不直接等同是否愿意认错或能否修复。,由M1／M2提供；夫妻星只说明伴侣原型与关系资格，不单独证明修复能力、修复意愿或修复结果。,由M3-BASE提供；日支底盘说明亲密关系中自然调用的功能，但不能单独证明修复闭环。,由M3-CONFLICT、M4-LOOP及现实事件提供；必须区分问题停止、责任承担、影响确认、行动改变、反馈整合与后续回访。,由共享基础引擎判定；近位提高相关功能进入亲密关系核心的概率，远位只作背景或阶段修正。,根气只修正某修复功能是否容易重复调用，不等于现实中已经持续改变。,旺弱只修正功能调用强度与占位，不直接等同修复质量、诚意或关系结果。,喜忌只修正功能摩擦、平衡与承载，不直接等同道德、成熟、善恶或是否值得原谅。,原十神功能有效；真合化成立时按化神功能替换，合化争议时停止定性。,近位提高修复议题与亲密关系的直接相关性；远位仅保留背景、阶段或低置信修正。,68,有效通道＋3；替代盲点另行路由,repair_channel,状态只修正调用方式和持续性。,这项方式是否稳定，需要继续看它能否重复、是否受另一功能调节。,不得仅凭本规则判断道歉真诚与否、要求对方原谅或复合、推断关系一定修复或失败、淡化暴力强迫与现实伤害、平均分配明显不对等的责任；现实安全、具体行为、反例与专业支持优先。,中高,待验证,,provisional=true；M3-REPAIR尚未完成，完成条件为暂定功能模型。,0.7
M4-REPAIR-083,RC02 劫财｜即时协作修复｜用户标准文案,L2 十神修复功能通道,REPAIR-十神通道,通用,输出,RC02,劫财,该通道为主修复方式候选，并有第二类独立证据。,证据不足或真合化争议。,由共享基础引擎提供；仅修正修复功能的承载、持续与压力占位，不直接等同是否愿意认错或能否修复。,由M1／M2提供；夫妻星只说明伴侣原型与关系资格，不单独证明修复能力、修复意愿或修复结果。,由M3-BASE提供；日支底盘说明亲密关系中自然调用的功能，但不能单独证明修复闭环。,由M3-CONFLICT、M4-LOOP及现实事件提供；必须区分问题停止、责任承担、影响确认、行动改变、反馈整合与后续回访。,由共享基础引擎判定；近位提高相关功能进入亲密关系核心的概率，远位只作背景或阶段修正。,根气只修正某修复功能是否容易重复调用，不等于现实中已经持续改变。,旺弱只修正功能调用强度与占位，不直接等同修复质量、诚意或关系结果。,喜忌只修正功能摩擦、平衡与承载，不直接等同道德、成熟、善恶或是否值得原谅。,原十神功能有效；真合化成立时按化神功能替换，合化争议时停止定性。,近位提高修复议题与亲密关系的直接相关性；远位仅保留背景、阶段或低置信修正。,68,有效通道＋3；替代盲点另行路由,repair_channel,输出先描述功能，再描述缺口，不贴人格标签。,你可能更习惯先加入处理、迅速补位，再在过程中调整方案。,不得仅凭本规则判断道歉真诚与否、要求对方原谅或复合、推断关系一定修复或失败、淡化暴力强迫与现实伤害、平均分配明显不对等的责任；现实安全、具体行为、反例与专业支持优先。,中高,待验证,,provisional=true；M3-REPAIR尚未完成，完成条件为暂定功能模型。,0.7
M4-REPAIR-084,RC02 劫财｜即时协作修复｜禁止推断,L2 十神修复功能通道,REPAIR-十神通道,通用,边界,RC02,劫财,完成现实安全、责任和反例检查。,不得由即时行动推出冲动、抢夺或修复一定有效。。,由共享基础引擎提供；仅修正修复功能的承载、持续与压力占位，不直接等同是否愿意认错或能否修复。,由M1／M2提供；夫妻星只说明伴侣原型与关系资格，不单独证明修复能力、修复意愿或修复结果。,由M3-BASE提供；日支底盘说明亲密关系中自然调用的功能，但不能单独证明修复闭环。,由M3-CONFLICT、M4-LOOP及现实事件提供；必须区分问题停止、责任承担、影响确认、行动改变、反馈整合与后续回访。,由共享基础引擎判定；近位提高相关功能进入亲密关系核心的概率，远位只作背景或阶段修正。,根气只修正某修复功能是否容易重复调用，不等于现实中已经持续改变。,旺弱只修正功能调用强度与占位，不直接等同修复质量、诚意或关系结果。,喜忌只修正功能摩擦、平衡与承载，不直接等同道德、成熟、善恶或是否值得原谅。,原十神功能有效；真合化成立时按化神功能替换，合化争议时停止定性。,近位提高修复议题与亲密关系的直接相关性；远位仅保留背景、阶段或低置信修正。,82,有效通道＋3；替代盲点另行路由,repair_channel,十神修复通道不能推断诚意、道德和关系结果。,边界提示：不得由即时行动推出冲动、抢夺或修复一定有效。,不得仅凭本规则判断道歉真诚与否、要求对方原谅或复合、推断关系一定修复或失败、淡化暴力强迫与现实伤害、平均分配明显不对等的责任；现实安全、具体行为、反例与专业支持优先。,中高,待验证,,provisional=true；M3-REPAIR尚未完成，完成条件为暂定功能模型。,0.7
M4-REPAIR-085,RC03 食神｜舒缓重连修复｜正常修复功能,L2 十神修复功能通道,REPAIR-十神通道,通用,定义,RC03,食神,降低紧张、恢复可说话状态和日常温度。,仅凭十神名称或旺弱直接判断修复能力。,由共享基础引擎提供；仅修正修复功能的承载、持续与压力占位，不直接等同是否愿意认错或能否修复。,由M1／M2提供；夫妻星只说明伴侣原型与关系资格，不单独证明修复能力、修复意愿或修复结果。,由M3-BASE提供；日支底盘说明亲密关系中自然调用的功能，但不能单独证明修复闭环。,由M3-CONFLICT、M4-LOOP及现实事件提供；必须区分问题停止、责任承担、影响确认、行动改变、反馈整合与后续回访。,由共享基础引擎判定；近位提高相关功能进入亲密关系核心的概率，远位只作背景或阶段修正。,根气只修正某修复功能是否容易重复调用，不等于现实中已经持续改变。,旺弱只修正功能调用强度与占位，不直接等同修复质量、诚意或关系结果。,喜忌只修正功能摩擦、平衡与承载，不直接等同道德、成熟、善恶或是否值得原谅。,原十神功能有效；真合化成立时按化神功能替换，合化争议时停止定性。,近位提高修复议题与亲密关系的直接相关性；远位仅保留背景、阶段或低置信修正。,68,有效通道＋3；替代盲点另行路由,repair_channel,十神提供一种可用修复功能，首先保留其正常价值。,你常会先让关系回到比较安全、舒服的状态，再继续处理问题。,不得仅凭本规则判断道歉真诚与否、要求对方原谅或复合、推断关系一定修复或失败、淡化暴力强迫与现实伤害、平均分配明显不对等的责任；现实安全、具体行为、反例与专业支持优先。,中高,待验证,,provisional=true；M3-REPAIR尚未完成，完成条件为暂定功能模型。,0.7
M4-REPAIR-086,RC03 食神｜舒缓重连修复｜启动表现,L2 十神修复功能通道,REPAIR-十神通道,通用,行为,RC03,食神,现实中出现：陪伴、柔和表达、生活照顾、恢复低压力接触。,只有自我评价，没有具体行为。,由共享基础引擎提供；仅修正修复功能的承载、持续与压力占位，不直接等同是否愿意认错或能否修复。,由M1／M2提供；夫妻星只说明伴侣原型与关系资格，不单独证明修复能力、修复意愿或修复结果。,由M3-BASE提供；日支底盘说明亲密关系中自然调用的功能，但不能单独证明修复闭环。,由M3-CONFLICT、M4-LOOP及现实事件提供；必须区分问题停止、责任承担、影响确认、行动改变、反馈整合与后续回访。,由共享基础引擎判定；近位提高相关功能进入亲密关系核心的概率，远位只作背景或阶段修正。,根气只修正某修复功能是否容易重复调用，不等于现实中已经持续改变。,旺弱只修正功能调用强度与占位，不直接等同修复质量、诚意或关系结果。,喜忌只修正功能摩擦、平衡与承载，不直接等同道德、成熟、善恶或是否值得原谅。,原十神功能有效；真合化成立时按化神功能替换，合化争议时停止定性。,近位提高修复议题与亲密关系的直接相关性；远位仅保留背景、阶段或低置信修正。,68,有效通道＋3；替代盲点另行路由,repair_channel,启动表现说明通道已出现，但不等于闭环。,当你使用这一通道时，常见表现是：陪伴、柔和表达、生活照顾、恢复低压力接触。,不得仅凭本规则判断道歉真诚与否、要求对方原谅或复合、推断关系一定修复或失败、淡化暴力强迫与现实伤害、平均分配明显不对等的责任；现实安全、具体行为、反例与专业支持优先。,中高,待验证,,provisional=true；M3-REPAIR尚未完成，完成条件为暂定功能模型。,0.7
M4-REPAIR-087,RC03 食神｜舒缓重连修复｜接收方反馈检查,L2 十神修复功能通道,REPAIR-十神通道,通用,证据,RC03,食神,接收方能够对该通道提供接受、拒绝、保留或调整反馈。,只看发起者意图，不记录接收者反馈。,由共享基础引擎提供；仅修正修复功能的承载、持续与压力占位，不直接等同是否愿意认错或能否修复。,由M1／M2提供；夫妻星只说明伴侣原型与关系资格，不单独证明修复能力、修复意愿或修复结果。,由M3-BASE提供；日支底盘说明亲密关系中自然调用的功能，但不能单独证明修复闭环。,由M3-CONFLICT、M4-LOOP及现实事件提供；必须区分问题停止、责任承担、影响确认、行动改变、反馈整合与后续回访。,由共享基础引擎判定；近位提高相关功能进入亲密关系核心的概率，远位只作背景或阶段修正。,根气只修正某修复功能是否容易重复调用，不等于现实中已经持续改变。,旺弱只修正功能调用强度与占位，不直接等同修复质量、诚意或关系结果。,喜忌只修正功能摩擦、平衡与承载，不直接等同道德、成熟、善恶或是否值得原谅。,原十神功能有效；真合化成立时按化神功能替换，合化争议时停止定性。,近位提高修复议题与亲密关系的直接相关性；远位仅保留背景、阶段或低置信修正。,82,有效通道＋3；替代盲点另行路由,repair_channel,修复通道是否有效必须看它是否回应真实影响。,还要看对方怎样接收这一步，以及是否需要进一步调整。,不得仅凭本规则判断道歉真诚与否、要求对方原谅或复合、推断关系一定修复或失败、淡化暴力强迫与现实伤害、平均分配明显不对等的责任；现实安全、具体行为、反例与专业支持优先。,中高,待验证,,provisional=true；M3-REPAIR尚未完成，完成条件为暂定功能模型。,0.7
M4-REPAIR-088,RC03 食神｜舒缓重连修复｜常见替代盲点,L2 十神修复功能通道,REPAIR-十神通道,通用,盲点,RC03,食神,该通道出现并承担修复任务。,可能把气氛恢复当成问题已经完成。,由共享基础引擎提供；仅修正修复功能的承载、持续与压力占位，不直接等同是否愿意认错或能否修复。,由M1／M2提供；夫妻星只说明伴侣原型与关系资格，不单独证明修复能力、修复意愿或修复结果。,由M3-BASE提供；日支底盘说明亲密关系中自然调用的功能，但不能单独证明修复闭环。,由M3-CONFLICT、M4-LOOP及现实事件提供；必须区分问题停止、责任承担、影响确认、行动改变、反馈整合与后续回访。,由共享基础引擎判定；近位提高相关功能进入亲密关系核心的概率，远位只作背景或阶段修正。,根气只修正某修复功能是否容易重复调用，不等于现实中已经持续改变。,旺弱只修正功能调用强度与占位，不直接等同修复质量、诚意或关系结果。,喜忌只修正功能摩擦、平衡与承载，不直接等同道德、成熟、善恶或是否值得原谅。,原十神功能有效；真合化成立时按化神功能替换，合化争议时停止定性。,近位提高修复议题与亲密关系的直接相关性；远位仅保留背景、阶段或低置信修正。,68,有效通道＋3；替代盲点另行路由,repair_channel,熟悉通道容易替代另一项不同修复任务。,需要留意：可能把气氛恢复当成问题已经完成。,不得仅凭本规则判断道歉真诚与否、要求对方原谅或复合、推断关系一定修复或失败、淡化暴力强迫与现实伤害、平均分配明显不对等的责任；现实安全、具体行为、反例与专业支持优先。,中高,待验证,,provisional=true；M3-REPAIR尚未完成，完成条件为暂定功能模型。,0.7
M4-REPAIR-089,RC03 食神｜舒缓重连修复｜闭环所需第二功能,L2 十神修复功能通道,REPAIR-十神通道,通用,通关,RC03,食神,需要伤官澄清、财官行动或明确回访点。,假设单一通道能完成所有修复任务。,由共享基础引擎提供；仅修正修复功能的承载、持续与压力占位，不直接等同是否愿意认错或能否修复。,由M1／M2提供；夫妻星只说明伴侣原型与关系资格，不单独证明修复能力、修复意愿或修复结果。,由M3-BASE提供；日支底盘说明亲密关系中自然调用的功能，但不能单独证明修复闭环。,由M3-CONFLICT、M4-LOOP及现实事件提供；必须区分问题停止、责任承担、影响确认、行动改变、反馈整合与后续回访。,由共享基础引擎判定；近位提高相关功能进入亲密关系核心的概率，远位只作背景或阶段修正。,根气只修正某修复功能是否容易重复调用，不等于现实中已经持续改变。,旺弱只修正功能调用强度与占位，不直接等同修复质量、诚意或关系结果。,喜忌只修正功能摩擦、平衡与承载，不直接等同道德、成熟、善恶或是否值得原谅。,原十神功能有效；真合化成立时按化神功能替换，合化争议时停止定性。,近位提高修复议题与亲密关系的直接相关性；远位仅保留背景、阶段或低置信修正。,68,有效通道＋3；替代盲点另行路由,repair_channel,第二功能负责把本通道转成更完整的修复链。,要让修复更完整，还需要：需要伤官澄清、财官行动或明确回访点。,不得仅凭本规则判断道歉真诚与否、要求对方原谅或复合、推断关系一定修复或失败、淡化暴力强迫与现实伤害、平均分配明显不对等的责任；现实安全、具体行为、反例与专业支持优先。,中高,待验证,,provisional=true；M3-REPAIR尚未完成，完成条件为暂定功能模型。,0.7
M4-REPAIR-090,RC03 食神｜舒缓重连修复｜状态修正,L2 十神修复功能通道,REPAIR-十神通道,通用,状态,RC03,食神,结合透藏、根气、旺弱、制化、位置和现实重复行为。,强即有效、弱即没有、喜即成熟、忌即恶意。,由共享基础引擎提供；仅修正修复功能的承载、持续与压力占位，不直接等同是否愿意认错或能否修复。,由M1／M2提供；夫妻星只说明伴侣原型与关系资格，不单独证明修复能力、修复意愿或修复结果。,由M3-BASE提供；日支底盘说明亲密关系中自然调用的功能，但不能单独证明修复闭环。,由M3-CONFLICT、M4-LOOP及现实事件提供；必须区分问题停止、责任承担、影响确认、行动改变、反馈整合与后续回访。,由共享基础引擎判定；近位提高相关功能进入亲密关系核心的概率，远位只作背景或阶段修正。,根气只修正某修复功能是否容易重复调用，不等于现实中已经持续改变。,旺弱只修正功能调用强度与占位，不直接等同修复质量、诚意或关系结果。,喜忌只修正功能摩擦、平衡与承载，不直接等同道德、成熟、善恶或是否值得原谅。,原十神功能有效；真合化成立时按化神功能替换，合化争议时停止定性。,近位提高修复议题与亲密关系的直接相关性；远位仅保留背景、阶段或低置信修正。,68,有效通道＋3；替代盲点另行路由,repair_channel,状态只修正调用方式和持续性。,这项方式是否稳定，需要继续看它能否重复、是否受另一功能调节。,不得仅凭本规则判断道歉真诚与否、要求对方原谅或复合、推断关系一定修复或失败、淡化暴力强迫与现实伤害、平均分配明显不对等的责任；现实安全、具体行为、反例与专业支持优先。,中高,待验证,,provisional=true；M3-REPAIR尚未完成，完成条件为暂定功能模型。,0.7
M4-REPAIR-091,RC03 食神｜舒缓重连修复｜用户标准文案,L2 十神修复功能通道,REPAIR-十神通道,通用,输出,RC03,食神,该通道为主修复方式候选，并有第二类独立证据。,证据不足或真合化争议。,由共享基础引擎提供；仅修正修复功能的承载、持续与压力占位，不直接等同是否愿意认错或能否修复。,由M1／M2提供；夫妻星只说明伴侣原型与关系资格，不单独证明修复能力、修复意愿或修复结果。,由M3-BASE提供；日支底盘说明亲密关系中自然调用的功能，但不能单独证明修复闭环。,由M3-CONFLICT、M4-LOOP及现实事件提供；必须区分问题停止、责任承担、影响确认、行动改变、反馈整合与后续回访。,由共享基础引擎判定；近位提高相关功能进入亲密关系核心的概率，远位只作背景或阶段修正。,根气只修正某修复功能是否容易重复调用，不等于现实中已经持续改变。,旺弱只修正功能调用强度与占位，不直接等同修复质量、诚意或关系结果。,喜忌只修正功能摩擦、平衡与承载，不直接等同道德、成熟、善恶或是否值得原谅。,原十神功能有效；真合化成立时按化神功能替换，合化争议时停止定性。,近位提高修复议题与亲密关系的直接相关性；远位仅保留背景、阶段或低置信修正。,68,有效通道＋3；替代盲点另行路由,repair_channel,输出先描述功能，再描述缺口，不贴人格标签。,你常会先让关系回到比较安全、舒服的状态，再继续处理问题。,不得仅凭本规则判断道歉真诚与否、要求对方原谅或复合、推断关系一定修复或失败、淡化暴力强迫与现实伤害、平均分配明显不对等的责任；现实安全、具体行为、反例与专业支持优先。,中高,待验证,,provisional=true；M3-REPAIR尚未完成，完成条件为暂定功能模型。,0.7
M4-REPAIR-092,RC03 食神｜舒缓重连修复｜禁止推断,L2 十神修复功能通道,REPAIR-十神通道,通用,边界,RC03,食神,完成现实安全、责任和反例检查。,不得把舒缓写成逃避，也不得把气氛好转等同全部修复。。,由共享基础引擎提供；仅修正修复功能的承载、持续与压力占位，不直接等同是否愿意认错或能否修复。,由M1／M2提供；夫妻星只说明伴侣原型与关系资格，不单独证明修复能力、修复意愿或修复结果。,由M3-BASE提供；日支底盘说明亲密关系中自然调用的功能，但不能单独证明修复闭环。,由M3-CONFLICT、M4-LOOP及现实事件提供；必须区分问题停止、责任承担、影响确认、行动改变、反馈整合与后续回访。,由共享基础引擎判定；近位提高相关功能进入亲密关系核心的概率，远位只作背景或阶段修正。,根气只修正某修复功能是否容易重复调用，不等于现实中已经持续改变。,旺弱只修正功能调用强度与占位，不直接等同修复质量、诚意或关系结果。,喜忌只修正功能摩擦、平衡与承载，不直接等同道德、成熟、善恶或是否值得原谅。,原十神功能有效；真合化成立时按化神功能替换，合化争议时停止定性。,近位提高修复议题与亲密关系的直接相关性；远位仅保留背景、阶段或低置信修正。,82,有效通道＋3；替代盲点另行路由,repair_channel,十神修复通道不能推断诚意、道德和关系结果。,边界提示：不得把舒缓写成逃避，也不得把气氛好转等同全部修复。,不得仅凭本规则判断道歉真诚与否、要求对方原谅或复合、推断关系一定修复或失败、淡化暴力强迫与现实伤害、平均分配明显不对等的责任；现实安全、具体行为、反例与专业支持优先。,中高,待验证,,provisional=true；M3-REPAIR尚未完成，完成条件为暂定功能模型。,0.7
M4-REPAIR-093,RC04 伤官｜澄清命名修复｜正常修复功能,L2 十神修复功能通道,REPAIR-十神通道,通用,定义,RC04,伤官,把事件、影响、误解和需要说清楚。,仅凭十神名称或旺弱直接判断修复能力。,由共享基础引擎提供；仅修正修复功能的承载、持续与压力占位，不直接等同是否愿意认错或能否修复。,由M1／M2提供；夫妻星只说明伴侣原型与关系资格，不单独证明修复能力、修复意愿或修复结果。,由M3-BASE提供；日支底盘说明亲密关系中自然调用的功能，但不能单独证明修复闭环。,由M3-CONFLICT、M4-LOOP及现实事件提供；必须区分问题停止、责任承担、影响确认、行动改变、反馈整合与后续回访。,由共享基础引擎判定；近位提高相关功能进入亲密关系核心的概率，远位只作背景或阶段修正。,根气只修正某修复功能是否容易重复调用，不等于现实中已经持续改变。,旺弱只修正功能调用强度与占位，不直接等同修复质量、诚意或关系结果。,喜忌只修正功能摩擦、平衡与承载，不直接等同道德、成熟、善恶或是否值得原谅。,原十神功能有效；真合化成立时按化神功能替换，合化争议时停止定性。,近位提高修复议题与亲密关系的直接相关性；远位仅保留背景、阶段或低置信修正。,68,有效通道＋3；替代盲点另行路由,repair_channel,十神提供一种可用修复功能，首先保留其正常价值。,你倾向通过把问题讲明白、核对理解来推进修复。,不得仅凭本规则判断道歉真诚与否、要求对方原谅或复合、推断关系一定修复或失败、淡化暴力强迫与现实伤害、平均分配明显不对等的责任；现实安全、具体行为、反例与专业支持优先。,中高,待验证,,provisional=true；M3-REPAIR尚未完成，完成条件为暂定功能模型。,0.7
M4-REPAIR-094,RC04 伤官｜澄清命名修复｜启动表现,L2 十神修复功能通道,REPAIR-十神通道,通用,行为,RC04,伤官,现实中出现：解释、提问、复述、命名问题、核对彼此理解。,只有自我评价，没有具体行为。,由共享基础引擎提供；仅修正修复功能的承载、持续与压力占位，不直接等同是否愿意认错或能否修复。,由M1／M2提供；夫妻星只说明伴侣原型与关系资格，不单独证明修复能力、修复意愿或修复结果。,由M3-BASE提供；日支底盘说明亲密关系中自然调用的功能，但不能单独证明修复闭环。,由M3-CONFLICT、M4-LOOP及现实事件提供；必须区分问题停止、责任承担、影响确认、行动改变、反馈整合与后续回访。,由共享基础引擎判定；近位提高相关功能进入亲密关系核心的概率，远位只作背景或阶段修正。,根气只修正某修复功能是否容易重复调用，不等于现实中已经持续改变。,旺弱只修正功能调用强度与占位，不直接等同修复质量、诚意或关系结果。,喜忌只修正功能摩擦、平衡与承载，不直接等同道德、成熟、善恶或是否值得原谅。,原十神功能有效；真合化成立时按化神功能替换，合化争议时停止定性。,近位提高修复议题与亲密关系的直接相关性；远位仅保留背景、阶段或低置信修正。,68,有效通道＋3；替代盲点另行路由,repair_channel,启动表现说明通道已出现，但不等于闭环。,当你使用这一通道时，常见表现是：解释、提问、复述、命名问题、核对彼此理解。,不得仅凭本规则判断道歉真诚与否、要求对方原谅或复合、推断关系一定修复或失败、淡化暴力强迫与现实伤害、平均分配明显不对等的责任；现实安全、具体行为、反例与专业支持优先。,中高,待验证,,provisional=true；M3-REPAIR尚未完成，完成条件为暂定功能模型。,0.7
M4-REPAIR-095,RC04 伤官｜澄清命名修复｜接收方反馈检查,L2 十神修复功能通道,REPAIR-十神通道,通用,证据,RC04,伤官,接收方能够对该通道提供接受、拒绝、保留或调整反馈。,只看发起者意图，不记录接收者反馈。,由共享基础引擎提供；仅修正修复功能的承载、持续与压力占位，不直接等同是否愿意认错或能否修复。,由M1／M2提供；夫妻星只说明伴侣原型与关系资格，不单独证明修复能力、修复意愿或修复结果。,由M3-BASE提供；日支底盘说明亲密关系中自然调用的功能，但不能单独证明修复闭环。,由M3-CONFLICT、M4-LOOP及现实事件提供；必须区分问题停止、责任承担、影响确认、行动改变、反馈整合与后续回访。,由共享基础引擎判定；近位提高相关功能进入亲密关系核心的概率，远位只作背景或阶段修正。,根气只修正某修复功能是否容易重复调用，不等于现实中已经持续改变。,旺弱只修正功能调用强度与占位，不直接等同修复质量、诚意或关系结果。,喜忌只修正功能摩擦、平衡与承载，不直接等同道德、成熟、善恶或是否值得原谅。,原十神功能有效；真合化成立时按化神功能替换，合化争议时停止定性。,近位提高修复议题与亲密关系的直接相关性；远位仅保留背景、阶段或低置信修正。,82,有效通道＋3；替代盲点另行路由,repair_channel,修复通道是否有效必须看它是否回应真实影响。,还要看对方怎样接收这一步，以及是否需要进一步调整。,不得仅凭本规则判断道歉真诚与否、要求对方原谅或复合、推断关系一定修复或失败、淡化暴力强迫与现实伤害、平均分配明显不对等的责任；现实安全、具体行为、反例与专业支持优先。,中高,待验证,,provisional=true；M3-REPAIR尚未完成，完成条件为暂定功能模型。,0.7
M4-REPAIR-096,RC04 伤官｜澄清命名修复｜常见替代盲点,L2 十神修复功能通道,REPAIR-十神通道,通用,盲点,RC04,伤官,该通道出现并承担修复任务。,可能用更完整的解释替代倾听、责任或现实改变。,由共享基础引擎提供；仅修正修复功能的承载、持续与压力占位，不直接等同是否愿意认错或能否修复。,由M1／M2提供；夫妻星只说明伴侣原型与关系资格，不单独证明修复能力、修复意愿或修复结果。,由M3-BASE提供；日支底盘说明亲密关系中自然调用的功能，但不能单独证明修复闭环。,由M3-CONFLICT、M4-LOOP及现实事件提供；必须区分问题停止、责任承担、影响确认、行动改变、反馈整合与后续回访。,由共享基础引擎判定；近位提高相关功能进入亲密关系核心的概率，远位只作背景或阶段修正。,根气只修正某修复功能是否容易重复调用，不等于现实中已经持续改变。,旺弱只修正功能调用强度与占位，不直接等同修复质量、诚意或关系结果。,喜忌只修正功能摩擦、平衡与承载，不直接等同道德、成熟、善恶或是否值得原谅。,原十神功能有效；真合化成立时按化神功能替换，合化争议时停止定性。,近位提高修复议题与亲密关系的直接相关性；远位仅保留背景、阶段或低置信修正。,68,有效通道＋3；替代盲点另行路由,repair_channel,熟悉通道容易替代另一项不同修复任务。,需要留意：可能用更完整的解释替代倾听、责任或现实改变。,不得仅凭本规则判断道歉真诚与否、要求对方原谅或复合、推断关系一定修复或失败、淡化暴力强迫与现实伤害、平均分配明显不对等的责任；现实安全、具体行为、反例与专业支持优先。,中高,待验证,,provisional=true；M3-REPAIR尚未完成，完成条件为暂定功能模型。,0.7
M4-REPAIR-097,RC04 伤官｜澄清命名修复｜闭环所需第二功能,L2 十神修复功能通道,REPAIR-十神通道,通用,通关,RC04,伤官,需要正印反馈承接、财星落实或官杀承担。,假设单一通道能完成所有修复任务。,由共享基础引擎提供；仅修正修复功能的承载、持续与压力占位，不直接等同是否愿意认错或能否修复。,由M1／M2提供；夫妻星只说明伴侣原型与关系资格，不单独证明修复能力、修复意愿或修复结果。,由M3-BASE提供；日支底盘说明亲密关系中自然调用的功能，但不能单独证明修复闭环。,由M3-CONFLICT、M4-LOOP及现实事件提供；必须区分问题停止、责任承担、影响确认、行动改变、反馈整合与后续回访。,由共享基础引擎判定；近位提高相关功能进入亲密关系核心的概率，远位只作背景或阶段修正。,根气只修正某修复功能是否容易重复调用，不等于现实中已经持续改变。,旺弱只修正功能调用强度与占位，不直接等同修复质量、诚意或关系结果。,喜忌只修正功能摩擦、平衡与承载，不直接等同道德、成熟、善恶或是否值得原谅。,原十神功能有效；真合化成立时按化神功能替换，合化争议时停止定性。,近位提高修复议题与亲密关系的直接相关性；远位仅保留背景、阶段或低置信修正。,68,有效通道＋3；替代盲点另行路由,repair_channel,第二功能负责把本通道转成更完整的修复链。,要让修复更完整，还需要：需要正印反馈承接、财星落实或官杀承担。,不得仅凭本规则判断道歉真诚与否、要求对方原谅或复合、推断关系一定修复或失败、淡化暴力强迫与现实伤害、平均分配明显不对等的责任；现实安全、具体行为、反例与专业支持优先。,中高,待验证,,provisional=true；M3-REPAIR尚未完成，完成条件为暂定功能模型。,0.7
M4-REPAIR-098,RC04 伤官｜澄清命名修复｜状态修正,L2 十神修复功能通道,REPAIR-十神通道,通用,状态,RC04,伤官,结合透藏、根气、旺弱、制化、位置和现实重复行为。,强即有效、弱即没有、喜即成熟、忌即恶意。,由共享基础引擎提供；仅修正修复功能的承载、持续与压力占位，不直接等同是否愿意认错或能否修复。,由M1／M2提供；夫妻星只说明伴侣原型与关系资格，不单独证明修复能力、修复意愿或修复结果。,由M3-BASE提供；日支底盘说明亲密关系中自然调用的功能，但不能单独证明修复闭环。,由M3-CONFLICT、M4-LOOP及现实事件提供；必须区分问题停止、责任承担、影响确认、行动改变、反馈整合与后续回访。,由共享基础引擎判定；近位提高相关功能进入亲密关系核心的概率，远位只作背景或阶段修正。,根气只修正某修复功能是否容易重复调用，不等于现实中已经持续改变。,旺弱只修正功能调用强度与占位，不直接等同修复质量、诚意或关系结果。,喜忌只修正功能摩擦、平衡与承载，不直接等同道德、成熟、善恶或是否值得原谅。,原十神功能有效；真合化成立时按化神功能替换，合化争议时停止定性。,近位提高修复议题与亲密关系的直接相关性；远位仅保留背景、阶段或低置信修正。,68,有效通道＋3；替代盲点另行路由,repair_channel,状态只修正调用方式和持续性。,这项方式是否稳定，需要继续看它能否重复、是否受另一功能调节。,不得仅凭本规则判断道歉真诚与否、要求对方原谅或复合、推断关系一定修复或失败、淡化暴力强迫与现实伤害、平均分配明显不对等的责任；现实安全、具体行为、反例与专业支持优先。,中高,待验证,,provisional=true；M3-REPAIR尚未完成，完成条件为暂定功能模型。,0.7
M4-REPAIR-099,RC04 伤官｜澄清命名修复｜用户标准文案,L2 十神修复功能通道,REPAIR-十神通道,通用,输出,RC04,伤官,该通道为主修复方式候选，并有第二类独立证据。,证据不足或真合化争议。,由共享基础引擎提供；仅修正修复功能的承载、持续与压力占位，不直接等同是否愿意认错或能否修复。,由M1／M2提供；夫妻星只说明伴侣原型与关系资格，不单独证明修复能力、修复意愿或修复结果。,由M3-BASE提供；日支底盘说明亲密关系中自然调用的功能，但不能单独证明修复闭环。,由M3-CONFLICT、M4-LOOP及现实事件提供；必须区分问题停止、责任承担、影响确认、行动改变、反馈整合与后续回访。,由共享基础引擎判定；近位提高相关功能进入亲密关系核心的概率，远位只作背景或阶段修正。,根气只修正某修复功能是否容易重复调用，不等于现实中已经持续改变。,旺弱只修正功能调用强度与占位，不直接等同修复质量、诚意或关系结果。,喜忌只修正功能摩擦、平衡与承载，不直接等同道德、成熟、善恶或是否值得原谅。,原十神功能有效；真合化成立时按化神功能替换，合化争议时停止定性。,近位提高修复议题与亲密关系的直接相关性；远位仅保留背景、阶段或低置信修正。,68,有效通道＋3；替代盲点另行路由,repair_channel,输出先描述功能，再描述缺口，不贴人格标签。,你倾向通过把问题讲明白、核对理解来推进修复。,不得仅凭本规则判断道歉真诚与否、要求对方原谅或复合、推断关系一定修复或失败、淡化暴力强迫与现实伤害、平均分配明显不对等的责任；现实安全、具体行为、反例与专业支持优先。,中高,待验证,,provisional=true；M3-REPAIR尚未完成，完成条件为暂定功能模型。,0.7
M4-REPAIR-100,RC04 伤官｜澄清命名修复｜禁止推断,L2 十神修复功能通道,REPAIR-十神通道,通用,边界,RC04,伤官,完成现实安全、责任和反例检查。,不得把表达直接写成攻击；解释多不等于已承担责任。。,由共享基础引擎提供；仅修正修复功能的承载、持续与压力占位，不直接等同是否愿意认错或能否修复。,由M1／M2提供；夫妻星只说明伴侣原型与关系资格，不单独证明修复能力、修复意愿或修复结果。,由M3-BASE提供；日支底盘说明亲密关系中自然调用的功能，但不能单独证明修复闭环。,由M3-CONFLICT、M4-LOOP及现实事件提供；必须区分问题停止、责任承担、影响确认、行动改变、反馈整合与后续回访。,由共享基础引擎判定；近位提高相关功能进入亲密关系核心的概率，远位只作背景或阶段修正。,根气只修正某修复功能是否容易重复调用，不等于现实中已经持续改变。,旺弱只修正功能调用强度与占位，不直接等同修复质量、诚意或关系结果。,喜忌只修正功能摩擦、平衡与承载，不直接等同道德、成熟、善恶或是否值得原谅。,原十神功能有效；真合化成立时按化神功能替换，合化争议时停止定性。,近位提高修复议题与亲密关系的直接相关性；远位仅保留背景、阶段或低置信修正。,82,有效通道＋3；替代盲点另行路由,repair_channel,十神修复通道不能推断诚意、道德和关系结果。,边界提示：不得把表达直接写成攻击；解释多不等于已承担责任。,不得仅凭本规则判断道歉真诚与否、要求对方原谅或复合、推断关系一定修复或失败、淡化暴力强迫与现实伤害、平均分配明显不对等的责任；现实安全、具体行为、反例与专业支持优先。,中高,待验证,,provisional=true；M3-REPAIR尚未完成，完成条件为暂定功能模型。,0.7
M4-REPAIR-101,RC05 正财｜稳定补救修复｜正常修复功能,L2 十神修复功能通道,REPAIR-十神通道,通用,定义,RC05,正财,以持续现实调整、资源安排和重复兑现修复。,仅凭十神名称或旺弱直接判断修复能力。,由共享基础引擎提供；仅修正修复功能的承载、持续与压力占位，不直接等同是否愿意认错或能否修复。,由M1／M2提供；夫妻星只说明伴侣原型与关系资格，不单独证明修复能力、修复意愿或修复结果。,由M3-BASE提供；日支底盘说明亲密关系中自然调用的功能，但不能单独证明修复闭环。,由M3-CONFLICT、M4-LOOP及现实事件提供；必须区分问题停止、责任承担、影响确认、行动改变、反馈整合与后续回访。,由共享基础引擎判定；近位提高相关功能进入亲密关系核心的概率，远位只作背景或阶段修正。,根气只修正某修复功能是否容易重复调用，不等于现实中已经持续改变。,旺弱只修正功能调用强度与占位，不直接等同修复质量、诚意或关系结果。,喜忌只修正功能摩擦、平衡与承载，不直接等同道德、成熟、善恶或是否值得原谅。,原十神功能有效；真合化成立时按化神功能替换，合化争议时停止定性。,近位提高修复议题与亲密关系的直接相关性；远位仅保留背景、阶段或低置信修正。,68,有效通道＋3；替代盲点另行路由,repair_channel,十神提供一种可用修复功能，首先保留其正常价值。,你更容易用持续做事和现实调整证明自己会改变。,不得仅凭本规则判断道歉真诚与否、要求对方原谅或复合、推断关系一定修复或失败、淡化暴力强迫与现实伤害、平均分配明显不对等的责任；现实安全、具体行为、反例与专业支持优先。,中高,待验证,,provisional=true；M3-REPAIR尚未完成，完成条件为暂定功能模型。,0.7
M4-REPAIR-102,RC05 正财｜稳定补救修复｜启动表现,L2 十神修复功能通道,REPAIR-十神通道,通用,行为,RC05,正财,现实中出现：具体补偿、生活安排、时间投入、稳定执行。,只有自我评价，没有具体行为。,由共享基础引擎提供；仅修正修复功能的承载、持续与压力占位，不直接等同是否愿意认错或能否修复。,由M1／M2提供；夫妻星只说明伴侣原型与关系资格，不单独证明修复能力、修复意愿或修复结果。,由M3-BASE提供；日支底盘说明亲密关系中自然调用的功能，但不能单独证明修复闭环。,由M3-CONFLICT、M4-LOOP及现实事件提供；必须区分问题停止、责任承担、影响确认、行动改变、反馈整合与后续回访。,由共享基础引擎判定；近位提高相关功能进入亲密关系核心的概率，远位只作背景或阶段修正。,根气只修正某修复功能是否容易重复调用，不等于现实中已经持续改变。,旺弱只修正功能调用强度与占位，不直接等同修复质量、诚意或关系结果。,喜忌只修正功能摩擦、平衡与承载，不直接等同道德、成熟、善恶或是否值得原谅。,原十神功能有效；真合化成立时按化神功能替换，合化争议时停止定性。,近位提高修复议题与亲密关系的直接相关性；远位仅保留背景、阶段或低置信修正。,68,有效通道＋3；替代盲点另行路由,repair_channel,启动表现说明通道已出现，但不等于闭环。,当你使用这一通道时，常见表现是：具体补偿、生活安排、时间投入、稳定执行。,不得仅凭本规则判断道歉真诚与否、要求对方原谅或复合、推断关系一定修复或失败、淡化暴力强迫与现实伤害、平均分配明显不对等的责任；现实安全、具体行为、反例与专业支持优先。,中高,待验证,,provisional=true；M3-REPAIR尚未完成，完成条件为暂定功能模型。,0.7
M4-REPAIR-103,RC05 正财｜稳定补救修复｜接收方反馈检查,L2 十神修复功能通道,REPAIR-十神通道,通用,证据,RC05,正财,接收方能够对该通道提供接受、拒绝、保留或调整反馈。,只看发起者意图，不记录接收者反馈。,由共享基础引擎提供；仅修正修复功能的承载、持续与压力占位，不直接等同是否愿意认错或能否修复。,由M1／M2提供；夫妻星只说明伴侣原型与关系资格，不单独证明修复能力、修复意愿或修复结果。,由M3-BASE提供；日支底盘说明亲密关系中自然调用的功能，但不能单独证明修复闭环。,由M3-CONFLICT、M4-LOOP及现实事件提供；必须区分问题停止、责任承担、影响确认、行动改变、反馈整合与后续回访。,由共享基础引擎判定；近位提高相关功能进入亲密关系核心的概率，远位只作背景或阶段修正。,根气只修正某修复功能是否容易重复调用，不等于现实中已经持续改变。,旺弱只修正功能调用强度与占位，不直接等同修复质量、诚意或关系结果。,喜忌只修正功能摩擦、平衡与承载，不直接等同道德、成熟、善恶或是否值得原谅。,原十神功能有效；真合化成立时按化神功能替换，合化争议时停止定性。,近位提高修复议题与亲密关系的直接相关性；远位仅保留背景、阶段或低置信修正。,82,有效通道＋3；替代盲点另行路由,repair_channel,修复通道是否有效必须看它是否回应真实影响。,还要看对方怎样接收这一步，以及是否需要进一步调整。,不得仅凭本规则判断道歉真诚与否、要求对方原谅或复合、推断关系一定修复或失败、淡化暴力强迫与现实伤害、平均分配明显不对等的责任；现实安全、具体行为、反例与专业支持优先。,中高,待验证,,provisional=true；M3-REPAIR尚未完成，完成条件为暂定功能模型。,0.7
M4-REPAIR-104,RC05 正财｜稳定补救修复｜常见替代盲点,L2 十神修复功能通道,REPAIR-十神通道,通用,盲点,RC05,正财,该通道出现并承担修复任务。,可能用投入替代影响确认、责任说明或关系反馈。,由共享基础引擎提供；仅修正修复功能的承载、持续与压力占位，不直接等同是否愿意认错或能否修复。,由M1／M2提供；夫妻星只说明伴侣原型与关系资格，不单独证明修复能力、修复意愿或修复结果。,由M3-BASE提供；日支底盘说明亲密关系中自然调用的功能，但不能单独证明修复闭环。,由M3-CONFLICT、M4-LOOP及现实事件提供；必须区分问题停止、责任承担、影响确认、行动改变、反馈整合与后续回访。,由共享基础引擎判定；近位提高相关功能进入亲密关系核心的概率，远位只作背景或阶段修正。,根气只修正某修复功能是否容易重复调用，不等于现实中已经持续改变。,旺弱只修正功能调用强度与占位，不直接等同修复质量、诚意或关系结果。,喜忌只修正功能摩擦、平衡与承载，不直接等同道德、成熟、善恶或是否值得原谅。,原十神功能有效；真合化成立时按化神功能替换，合化争议时停止定性。,近位提高修复议题与亲密关系的直接相关性；远位仅保留背景、阶段或低置信修正。,68,有效通道＋3；替代盲点另行路由,repair_channel,熟悉通道容易替代另一项不同修复任务。,需要留意：可能用投入替代影响确认、责任说明或关系反馈。,不得仅凭本规则判断道歉真诚与否、要求对方原谅或复合、推断关系一定修复或失败、淡化暴力强迫与现实伤害、平均分配明显不对等的责任；现实安全、具体行为、反例与专业支持优先。,中高,待验证,,provisional=true；M3-REPAIR尚未完成，完成条件为暂定功能模型。,0.7
M4-REPAIR-105,RC05 正财｜稳定补救修复｜闭环所需第二功能,L2 十神修复功能通道,REPAIR-十神通道,通用,通关,RC05,正财,需要印星确认影响、官杀责任和RN07反馈。,假设单一通道能完成所有修复任务。,由共享基础引擎提供；仅修正修复功能的承载、持续与压力占位，不直接等同是否愿意认错或能否修复。,由M1／M2提供；夫妻星只说明伴侣原型与关系资格，不单独证明修复能力、修复意愿或修复结果。,由M3-BASE提供；日支底盘说明亲密关系中自然调用的功能，但不能单独证明修复闭环。,由M3-CONFLICT、M4-LOOP及现实事件提供；必须区分问题停止、责任承担、影响确认、行动改变、反馈整合与后续回访。,由共享基础引擎判定；近位提高相关功能进入亲密关系核心的概率，远位只作背景或阶段修正。,根气只修正某修复功能是否容易重复调用，不等于现实中已经持续改变。,旺弱只修正功能调用强度与占位，不直接等同修复质量、诚意或关系结果。,喜忌只修正功能摩擦、平衡与承载，不直接等同道德、成熟、善恶或是否值得原谅。,原十神功能有效；真合化成立时按化神功能替换，合化争议时停止定性。,近位提高修复议题与亲密关系的直接相关性；远位仅保留背景、阶段或低置信修正。,68,有效通道＋3；替代盲点另行路由,repair_channel,第二功能负责把本通道转成更完整的修复链。,要让修复更完整，还需要：需要印星确认影响、官杀责任和RN07反馈。,不得仅凭本规则判断道歉真诚与否、要求对方原谅或复合、推断关系一定修复或失败、淡化暴力强迫与现实伤害、平均分配明显不对等的责任；现实安全、具体行为、反例与专业支持优先。,中高,待验证,,provisional=true；M3-REPAIR尚未完成，完成条件为暂定功能模型。,0.7
M4-REPAIR-106,RC05 正财｜稳定补救修复｜状态修正,L2 十神修复功能通道,REPAIR-十神通道,通用,状态,RC05,正财,结合透藏、根气、旺弱、制化、位置和现实重复行为。,强即有效、弱即没有、喜即成熟、忌即恶意。,由共享基础引擎提供；仅修正修复功能的承载、持续与压力占位，不直接等同是否愿意认错或能否修复。,由M1／M2提供；夫妻星只说明伴侣原型与关系资格，不单独证明修复能力、修复意愿或修复结果。,由M3-BASE提供；日支底盘说明亲密关系中自然调用的功能，但不能单独证明修复闭环。,由M3-CONFLICT、M4-LOOP及现实事件提供；必须区分问题停止、责任承担、影响确认、行动改变、反馈整合与后续回访。,由共享基础引擎判定；近位提高相关功能进入亲密关系核心的概率，远位只作背景或阶段修正。,根气只修正某修复功能是否容易重复调用，不等于现实中已经持续改变。,旺弱只修正功能调用强度与占位，不直接等同修复质量、诚意或关系结果。,喜忌只修正功能摩擦、平衡与承载，不直接等同道德、成熟、善恶或是否值得原谅。,原十神功能有效；真合化成立时按化神功能替换，合化争议时停止定性。,近位提高修复议题与亲密关系的直接相关性；远位仅保留背景、阶段或低置信修正。,68,有效通道＋3；替代盲点另行路由,repair_channel,状态只修正调用方式和持续性。,这项方式是否稳定，需要继续看它能否重复、是否受另一功能调节。,不得仅凭本规则判断道歉真诚与否、要求对方原谅或复合、推断关系一定修复或失败、淡化暴力强迫与现实伤害、平均分配明显不对等的责任；现实安全、具体行为、反例与专业支持优先。,中高,待验证,,provisional=true；M3-REPAIR尚未完成，完成条件为暂定功能模型。,0.7
M4-REPAIR-107,RC05 正财｜稳定补救修复｜用户标准文案,L2 十神修复功能通道,REPAIR-十神通道,通用,输出,RC05,正财,该通道为主修复方式候选，并有第二类独立证据。,证据不足或真合化争议。,由共享基础引擎提供；仅修正修复功能的承载、持续与压力占位，不直接等同是否愿意认错或能否修复。,由M1／M2提供；夫妻星只说明伴侣原型与关系资格，不单独证明修复能力、修复意愿或修复结果。,由M3-BASE提供；日支底盘说明亲密关系中自然调用的功能，但不能单独证明修复闭环。,由M3-CONFLICT、M4-LOOP及现实事件提供；必须区分问题停止、责任承担、影响确认、行动改变、反馈整合与后续回访。,由共享基础引擎判定；近位提高相关功能进入亲密关系核心的概率，远位只作背景或阶段修正。,根气只修正某修复功能是否容易重复调用，不等于现实中已经持续改变。,旺弱只修正功能调用强度与占位，不直接等同修复质量、诚意或关系结果。,喜忌只修正功能摩擦、平衡与承载，不直接等同道德、成熟、善恶或是否值得原谅。,原十神功能有效；真合化成立时按化神功能替换，合化争议时停止定性。,近位提高修复议题与亲密关系的直接相关性；远位仅保留背景、阶段或低置信修正。,68,有效通道＋3；替代盲点另行路由,repair_channel,输出先描述功能，再描述缺口，不贴人格标签。,你更容易用持续做事和现实调整证明自己会改变。,不得仅凭本规则判断道歉真诚与否、要求对方原谅或复合、推断关系一定修复或失败、淡化暴力强迫与现实伤害、平均分配明显不对等的责任；现实安全、具体行为、反例与专业支持优先。,中高,待验证,,provisional=true；M3-REPAIR尚未完成，完成条件为暂定功能模型。,0.7
M4-REPAIR-108,RC05 正财｜稳定补救修复｜禁止推断,L2 十神修复功能通道,REPAIR-十神通道,通用,边界,RC05,正财,完成现实安全、责任和反例检查。,不得把现实投入写成物质化、算计或自动完成关系修复。。,由共享基础引擎提供；仅修正修复功能的承载、持续与压力占位，不直接等同是否愿意认错或能否修复。,由M1／M2提供；夫妻星只说明伴侣原型与关系资格，不单独证明修复能力、修复意愿或修复结果。,由M3-BASE提供；日支底盘说明亲密关系中自然调用的功能，但不能单独证明修复闭环。,由M3-CONFLICT、M4-LOOP及现实事件提供；必须区分问题停止、责任承担、影响确认、行动改变、反馈整合与后续回访。,由共享基础引擎判定；近位提高相关功能进入亲密关系核心的概率，远位只作背景或阶段修正。,根气只修正某修复功能是否容易重复调用，不等于现实中已经持续改变。,旺弱只修正功能调用强度与占位，不直接等同修复质量、诚意或关系结果。,喜忌只修正功能摩擦、平衡与承载，不直接等同道德、成熟、善恶或是否值得原谅。,原十神功能有效；真合化成立时按化神功能替换，合化争议时停止定性。,近位提高修复议题与亲密关系的直接相关性；远位仅保留背景、阶段或低置信修正。,82,有效通道＋3；替代盲点另行路由,repair_channel,十神修复通道不能推断诚意、道德和关系结果。,边界提示：不得把现实投入写成物质化、算计或自动完成关系修复。,不得仅凭本规则判断道歉真诚与否、要求对方原谅或复合、推断关系一定修复或失败、淡化暴力强迫与现实伤害、平均分配明显不对等的责任；现实安全、具体行为、反例与专业支持优先。,中高,待验证,,provisional=true；M3-REPAIR尚未完成，完成条件为暂定功能模型。,0.7
M4-REPAIR-109,RC06 偏财｜灵活重启修复｜正常修复功能,L2 十神修复功能通道,REPAIR-十神通道,通用,定义,RC06,偏财,通过灵活资源、共同体验和情境调整重新建立连接。,仅凭十神名称或旺弱直接判断修复能力。,由共享基础引擎提供；仅修正修复功能的承载、持续与压力占位，不直接等同是否愿意认错或能否修复。,由M1／M2提供；夫妻星只说明伴侣原型与关系资格，不单独证明修复能力、修复意愿或修复结果。,由M3-BASE提供；日支底盘说明亲密关系中自然调用的功能，但不能单独证明修复闭环。,由M3-CONFLICT、M4-LOOP及现实事件提供；必须区分问题停止、责任承担、影响确认、行动改变、反馈整合与后续回访。,由共享基础引擎判定；近位提高相关功能进入亲密关系核心的概率，远位只作背景或阶段修正。,根气只修正某修复功能是否容易重复调用，不等于现实中已经持续改变。,旺弱只修正功能调用强度与占位，不直接等同修复质量、诚意或关系结果。,喜忌只修正功能摩擦、平衡与承载，不直接等同道德、成熟、善恶或是否值得原谅。,原十神功能有效；真合化成立时按化神功能替换，合化争议时停止定性。,近位提高修复议题与亲密关系的直接相关性；远位仅保留背景、阶段或低置信修正。,68,有效通道＋3；替代盲点另行路由,repair_channel,十神提供一种可用修复功能，首先保留其正常价值。,你可能通过灵活调整和共同体验让关系重新有流动感。,不得仅凭本规则判断道歉真诚与否、要求对方原谅或复合、推断关系一定修复或失败、淡化暴力强迫与现实伤害、平均分配明显不对等的责任；现实安全、具体行为、反例与专业支持优先。,中高,待验证,,provisional=true；M3-REPAIR尚未完成，完成条件为暂定功能模型。,0.7
M4-REPAIR-110,RC06 偏财｜灵活重启修复｜启动表现,L2 十神修复功能通道,REPAIR-十神通道,通用,行为,RC06,偏财,现实中出现：换场景、示好、创造体验、即时便利、灵活补偿。,只有自我评价，没有具体行为。,由共享基础引擎提供；仅修正修复功能的承载、持续与压力占位，不直接等同是否愿意认错或能否修复。,由M1／M2提供；夫妻星只说明伴侣原型与关系资格，不单独证明修复能力、修复意愿或修复结果。,由M3-BASE提供；日支底盘说明亲密关系中自然调用的功能，但不能单独证明修复闭环。,由M3-CONFLICT、M4-LOOP及现实事件提供；必须区分问题停止、责任承担、影响确认、行动改变、反馈整合与后续回访。,由共享基础引擎判定；近位提高相关功能进入亲密关系核心的概率，远位只作背景或阶段修正。,根气只修正某修复功能是否容易重复调用，不等于现实中已经持续改变。,旺弱只修正功能调用强度与占位，不直接等同修复质量、诚意或关系结果。,喜忌只修正功能摩擦、平衡与承载，不直接等同道德、成熟、善恶或是否值得原谅。,原十神功能有效；真合化成立时按化神功能替换，合化争议时停止定性。,近位提高修复议题与亲密关系的直接相关性；远位仅保留背景、阶段或低置信修正。,68,有效通道＋3；替代盲点另行路由,repair_channel,启动表现说明通道已出现，但不等于闭环。,当你使用这一通道时，常见表现是：换场景、示好、创造体验、即时便利、灵活补偿。,不得仅凭本规则判断道歉真诚与否、要求对方原谅或复合、推断关系一定修复或失败、淡化暴力强迫与现实伤害、平均分配明显不对等的责任；现实安全、具体行为、反例与专业支持优先。,中高,待验证,,provisional=true；M3-REPAIR尚未完成，完成条件为暂定功能模型。,0.7
M4-REPAIR-111,RC06 偏财｜灵活重启修复｜接收方反馈检查,L2 十神修复功能通道,REPAIR-十神通道,通用,证据,RC06,偏财,接收方能够对该通道提供接受、拒绝、保留或调整反馈。,只看发起者意图，不记录接收者反馈。,由共享基础引擎提供；仅修正修复功能的承载、持续与压力占位，不直接等同是否愿意认错或能否修复。,由M1／M2提供；夫妻星只说明伴侣原型与关系资格，不单独证明修复能力、修复意愿或修复结果。,由M3-BASE提供；日支底盘说明亲密关系中自然调用的功能，但不能单独证明修复闭环。,由M3-CONFLICT、M4-LOOP及现实事件提供；必须区分问题停止、责任承担、影响确认、行动改变、反馈整合与后续回访。,由共享基础引擎判定；近位提高相关功能进入亲密关系核心的概率，远位只作背景或阶段修正。,根气只修正某修复功能是否容易重复调用，不等于现实中已经持续改变。,旺弱只修正功能调用强度与占位，不直接等同修复质量、诚意或关系结果。,喜忌只修正功能摩擦、平衡与承载，不直接等同道德、成熟、善恶或是否值得原谅。,原十神功能有效；真合化成立时按化神功能替换，合化争议时停止定性。,近位提高修复议题与亲密关系的直接相关性；远位仅保留背景、阶段或低置信修正。,82,有效通道＋3；替代盲点另行路由,repair_channel,修复通道是否有效必须看它是否回应真实影响。,还要看对方怎样接收这一步，以及是否需要进一步调整。,不得仅凭本规则判断道歉真诚与否、要求对方原谅或复合、推断关系一定修复或失败、淡化暴力强迫与现实伤害、平均分配明显不对等的责任；现实安全、具体行为、反例与专业支持优先。,中高,待验证,,provisional=true；M3-REPAIR尚未完成，完成条件为暂定功能模型。,0.7
M4-REPAIR-112,RC06 偏财｜灵活重启修复｜常见替代盲点,L2 十神修复功能通道,REPAIR-十神通道,通用,盲点,RC06,偏财,该通道出现并承担修复任务。,可能用一次高光体验覆盖未完成的核心问题。,由共享基础引擎提供；仅修正修复功能的承载、持续与压力占位，不直接等同是否愿意认错或能否修复。,由M1／M2提供；夫妻星只说明伴侣原型与关系资格，不单独证明修复能力、修复意愿或修复结果。,由M3-BASE提供；日支底盘说明亲密关系中自然调用的功能，但不能单独证明修复闭环。,由M3-CONFLICT、M4-LOOP及现实事件提供；必须区分问题停止、责任承担、影响确认、行动改变、反馈整合与后续回访。,由共享基础引擎判定；近位提高相关功能进入亲密关系核心的概率，远位只作背景或阶段修正。,根气只修正某修复功能是否容易重复调用，不等于现实中已经持续改变。,旺弱只修正功能调用强度与占位，不直接等同修复质量、诚意或关系结果。,喜忌只修正功能摩擦、平衡与承载，不直接等同道德、成熟、善恶或是否值得原谅。,原十神功能有效；真合化成立时按化神功能替换，合化争议时停止定性。,近位提高修复议题与亲密关系的直接相关性；远位仅保留背景、阶段或低置信修正。,68,有效通道＋3；替代盲点另行路由,repair_channel,熟悉通道容易替代另一项不同修复任务。,需要留意：可能用一次高光体验覆盖未完成的核心问题。,不得仅凭本规则判断道歉真诚与否、要求对方原谅或复合、推断关系一定修复或失败、淡化暴力强迫与现实伤害、平均分配明显不对等的责任；现实安全、具体行为、反例与专业支持优先。,中高,待验证,,provisional=true；M3-REPAIR尚未完成，完成条件为暂定功能模型。,0.7
M4-REPAIR-113,RC06 偏财｜灵活重启修复｜闭环所需第二功能,L2 十神修复功能通道,REPAIR-十神通道,通用,通关,RC06,偏财,需要正财持续、官杀承诺和RN08回访。,假设单一通道能完成所有修复任务。,由共享基础引擎提供；仅修正修复功能的承载、持续与压力占位，不直接等同是否愿意认错或能否修复。,由M1／M2提供；夫妻星只说明伴侣原型与关系资格，不单独证明修复能力、修复意愿或修复结果。,由M3-BASE提供；日支底盘说明亲密关系中自然调用的功能，但不能单独证明修复闭环。,由M3-CONFLICT、M4-LOOP及现实事件提供；必须区分问题停止、责任承担、影响确认、行动改变、反馈整合与后续回访。,由共享基础引擎判定；近位提高相关功能进入亲密关系核心的概率，远位只作背景或阶段修正。,根气只修正某修复功能是否容易重复调用，不等于现实中已经持续改变。,旺弱只修正功能调用强度与占位，不直接等同修复质量、诚意或关系结果。,喜忌只修正功能摩擦、平衡与承载，不直接等同道德、成熟、善恶或是否值得原谅。,原十神功能有效；真合化成立时按化神功能替换，合化争议时停止定性。,近位提高修复议题与亲密关系的直接相关性；远位仅保留背景、阶段或低置信修正。,68,有效通道＋3；替代盲点另行路由,repair_channel,第二功能负责把本通道转成更完整的修复链。,要让修复更完整，还需要：需要正财持续、官杀承诺和RN08回访。,不得仅凭本规则判断道歉真诚与否、要求对方原谅或复合、推断关系一定修复或失败、淡化暴力强迫与现实伤害、平均分配明显不对等的责任；现实安全、具体行为、反例与专业支持优先。,中高,待验证,,provisional=true；M3-REPAIR尚未完成，完成条件为暂定功能模型。,0.7
M4-REPAIR-114,RC06 偏财｜灵活重启修复｜状态修正,L2 十神修复功能通道,REPAIR-十神通道,通用,状态,RC06,偏财,结合透藏、根气、旺弱、制化、位置和现实重复行为。,强即有效、弱即没有、喜即成熟、忌即恶意。,由共享基础引擎提供；仅修正修复功能的承载、持续与压力占位，不直接等同是否愿意认错或能否修复。,由M1／M2提供；夫妻星只说明伴侣原型与关系资格，不单独证明修复能力、修复意愿或修复结果。,由M3-BASE提供；日支底盘说明亲密关系中自然调用的功能，但不能单独证明修复闭环。,由M3-CONFLICT、M4-LOOP及现实事件提供；必须区分问题停止、责任承担、影响确认、行动改变、反馈整合与后续回访。,由共享基础引擎判定；近位提高相关功能进入亲密关系核心的概率，远位只作背景或阶段修正。,根气只修正某修复功能是否容易重复调用，不等于现实中已经持续改变。,旺弱只修正功能调用强度与占位，不直接等同修复质量、诚意或关系结果。,喜忌只修正功能摩擦、平衡与承载，不直接等同道德、成熟、善恶或是否值得原谅。,原十神功能有效；真合化成立时按化神功能替换，合化争议时停止定性。,近位提高修复议题与亲密关系的直接相关性；远位仅保留背景、阶段或低置信修正。,68,有效通道＋3；替代盲点另行路由,repair_channel,状态只修正调用方式和持续性。,这项方式是否稳定，需要继续看它能否重复、是否受另一功能调节。,不得仅凭本规则判断道歉真诚与否、要求对方原谅或复合、推断关系一定修复或失败、淡化暴力强迫与现实伤害、平均分配明显不对等的责任；现实安全、具体行为、反例与专业支持优先。,中高,待验证,,provisional=true；M3-REPAIR尚未完成，完成条件为暂定功能模型。,0.7
M4-REPAIR-115,RC06 偏财｜灵活重启修复｜用户标准文案,L2 十神修复功能通道,REPAIR-十神通道,通用,输出,RC06,偏财,该通道为主修复方式候选，并有第二类独立证据。,证据不足或真合化争议。,由共享基础引擎提供；仅修正修复功能的承载、持续与压力占位，不直接等同是否愿意认错或能否修复。,由M1／M2提供；夫妻星只说明伴侣原型与关系资格，不单独证明修复能力、修复意愿或修复结果。,由M3-BASE提供；日支底盘说明亲密关系中自然调用的功能，但不能单独证明修复闭环。,由M3-CONFLICT、M4-LOOP及现实事件提供；必须区分问题停止、责任承担、影响确认、行动改变、反馈整合与后续回访。,由共享基础引擎判定；近位提高相关功能进入亲密关系核心的概率，远位只作背景或阶段修正。,根气只修正某修复功能是否容易重复调用，不等于现实中已经持续改变。,旺弱只修正功能调用强度与占位，不直接等同修复质量、诚意或关系结果。,喜忌只修正功能摩擦、平衡与承载，不直接等同道德、成熟、善恶或是否值得原谅。,原十神功能有效；真合化成立时按化神功能替换，合化争议时停止定性。,近位提高修复议题与亲密关系的直接相关性；远位仅保留背景、阶段或低置信修正。,68,有效通道＋3；替代盲点另行路由,repair_channel,输出先描述功能，再描述缺口，不贴人格标签。,你可能通过灵活调整和共同体验让关系重新有流动感。,不得仅凭本规则判断道歉真诚与否、要求对方原谅或复合、推断关系一定修复或失败、淡化暴力强迫与现实伤害、平均分配明显不对等的责任；现实安全、具体行为、反例与专业支持优先。,中高,待验证,,provisional=true；M3-REPAIR尚未完成，完成条件为暂定功能模型。,0.7
M4-REPAIR-116,RC06 偏财｜灵活重启修复｜禁止推断,L2 十神修复功能通道,REPAIR-十神通道,通用,边界,RC06,偏财,完成现实安全、责任和反例检查。,不得由示好、礼物或体验推出花心、操控或修复完成。。,由共享基础引擎提供；仅修正修复功能的承载、持续与压力占位，不直接等同是否愿意认错或能否修复。,由M1／M2提供；夫妻星只说明伴侣原型与关系资格，不单独证明修复能力、修复意愿或修复结果。,由M3-BASE提供；日支底盘说明亲密关系中自然调用的功能，但不能单独证明修复闭环。,由M3-CONFLICT、M4-LOOP及现实事件提供；必须区分问题停止、责任承担、影响确认、行动改变、反馈整合与后续回访。,由共享基础引擎判定；近位提高相关功能进入亲密关系核心的概率，远位只作背景或阶段修正。,根气只修正某修复功能是否容易重复调用，不等于现实中已经持续改变。,旺弱只修正功能调用强度与占位，不直接等同修复质量、诚意或关系结果。,喜忌只修正功能摩擦、平衡与承载，不直接等同道德、成熟、善恶或是否值得原谅。,原十神功能有效；真合化成立时按化神功能替换，合化争议时停止定性。,近位提高修复议题与亲密关系的直接相关性；远位仅保留背景、阶段或低置信修正。,82,有效通道＋3；替代盲点另行路由,repair_channel,十神修复通道不能推断诚意、道德和关系结果。,边界提示：不得由示好、礼物或体验推出花心、操控或修复完成。,不得仅凭本规则判断道歉真诚与否、要求对方原谅或复合、推断关系一定修复或失败、淡化暴力强迫与现实伤害、平均分配明显不对等的责任；现实安全、具体行为、反例与专业支持优先。,中高,待验证,,provisional=true；M3-REPAIR尚未完成，完成条件为暂定功能模型。,0.7
M4-REPAIR-117,RC07 正官｜责任承诺修复｜正常修复功能,L2 十神修复功能通道,REPAIR-十神通道,通用,定义,RC07,正官,明确责任、规则、承诺和以后怎样避免复发。,仅凭十神名称或旺弱直接判断修复能力。,由共享基础引擎提供；仅修正修复功能的承载、持续与压力占位，不直接等同是否愿意认错或能否修复。,由M1／M2提供；夫妻星只说明伴侣原型与关系资格，不单独证明修复能力、修复意愿或修复结果。,由M3-BASE提供；日支底盘说明亲密关系中自然调用的功能，但不能单独证明修复闭环。,由M3-CONFLICT、M4-LOOP及现实事件提供；必须区分问题停止、责任承担、影响确认、行动改变、反馈整合与后续回访。,由共享基础引擎判定；近位提高相关功能进入亲密关系核心的概率，远位只作背景或阶段修正。,根气只修正某修复功能是否容易重复调用，不等于现实中已经持续改变。,旺弱只修正功能调用强度与占位，不直接等同修复质量、诚意或关系结果。,喜忌只修正功能摩擦、平衡与承载，不直接等同道德、成熟、善恶或是否值得原谅。,原十神功能有效；真合化成立时按化神功能替换，合化争议时停止定性。,近位提高修复议题与亲密关系的直接相关性；远位仅保留背景、阶段或低置信修正。,68,有效通道＋3；替代盲点另行路由,repair_channel,十神提供一种可用修复功能，首先保留其正常价值。,你更倾向通过承担责任、说清规则和持续守约来修复。,不得仅凭本规则判断道歉真诚与否、要求对方原谅或复合、推断关系一定修复或失败、淡化暴力强迫与现实伤害、平均分配明显不对等的责任；现实安全、具体行为、反例与专业支持优先。,中高,待验证,,provisional=true；M3-REPAIR尚未完成，完成条件为暂定功能模型。,0.7
M4-REPAIR-118,RC07 正官｜责任承诺修复｜启动表现,L2 十神修复功能通道,REPAIR-十神通道,通用,行为,RC07,正官,现实中出现：承认角色责任、重订规则、明确承诺、持续守约。,只有自我评价，没有具体行为。,由共享基础引擎提供；仅修正修复功能的承载、持续与压力占位，不直接等同是否愿意认错或能否修复。,由M1／M2提供；夫妻星只说明伴侣原型与关系资格，不单独证明修复能力、修复意愿或修复结果。,由M3-BASE提供；日支底盘说明亲密关系中自然调用的功能，但不能单独证明修复闭环。,由M3-CONFLICT、M4-LOOP及现实事件提供；必须区分问题停止、责任承担、影响确认、行动改变、反馈整合与后续回访。,由共享基础引擎判定；近位提高相关功能进入亲密关系核心的概率，远位只作背景或阶段修正。,根气只修正某修复功能是否容易重复调用，不等于现实中已经持续改变。,旺弱只修正功能调用强度与占位，不直接等同修复质量、诚意或关系结果。,喜忌只修正功能摩擦、平衡与承载，不直接等同道德、成熟、善恶或是否值得原谅。,原十神功能有效；真合化成立时按化神功能替换，合化争议时停止定性。,近位提高修复议题与亲密关系的直接相关性；远位仅保留背景、阶段或低置信修正。,68,有效通道＋3；替代盲点另行路由,repair_channel,启动表现说明通道已出现，但不等于闭环。,当你使用这一通道时，常见表现是：承认角色责任、重订规则、明确承诺、持续守约。,不得仅凭本规则判断道歉真诚与否、要求对方原谅或复合、推断关系一定修复或失败、淡化暴力强迫与现实伤害、平均分配明显不对等的责任；现实安全、具体行为、反例与专业支持优先。,中高,待验证,,provisional=true；M3-REPAIR尚未完成，完成条件为暂定功能模型。,0.7
M4-REPAIR-119,RC07 正官｜责任承诺修复｜接收方反馈检查,L2 十神修复功能通道,REPAIR-十神通道,通用,证据,RC07,正官,接收方能够对该通道提供接受、拒绝、保留或调整反馈。,只看发起者意图，不记录接收者反馈。,由共享基础引擎提供；仅修正修复功能的承载、持续与压力占位，不直接等同是否愿意认错或能否修复。,由M1／M2提供；夫妻星只说明伴侣原型与关系资格，不单独证明修复能力、修复意愿或修复结果。,由M3-BASE提供；日支底盘说明亲密关系中自然调用的功能，但不能单独证明修复闭环。,由M3-CONFLICT、M4-LOOP及现实事件提供；必须区分问题停止、责任承担、影响确认、行动改变、反馈整合与后续回访。,由共享基础引擎判定；近位提高相关功能进入亲密关系核心的概率，远位只作背景或阶段修正。,根气只修正某修复功能是否容易重复调用，不等于现实中已经持续改变。,旺弱只修正功能调用强度与占位，不直接等同修复质量、诚意或关系结果。,喜忌只修正功能摩擦、平衡与承载，不直接等同道德、成熟、善恶或是否值得原谅。,原十神功能有效；真合化成立时按化神功能替换，合化争议时停止定性。,近位提高修复议题与亲密关系的直接相关性；远位仅保留背景、阶段或低置信修正。,82,有效通道＋3；替代盲点另行路由,repair_channel,修复通道是否有效必须看它是否回应真实影响。,还要看对方怎样接收这一步，以及是否需要进一步调整。,不得仅凭本规则判断道歉真诚与否、要求对方原谅或复合、推断关系一定修复或失败、淡化暴力强迫与现实伤害、平均分配明显不对等的责任；现实安全、具体行为、反例与专业支持优先。,中高,待验证,,provisional=true；M3-REPAIR尚未完成，完成条件为暂定功能模型。,0.7
M4-REPAIR-120,RC07 正官｜责任承诺修复｜常见替代盲点,L2 十神修复功能通道,REPAIR-十神通道,通用,盲点,RC07,正官,该通道出现并承担修复任务。,可能把新规则或郑重表态当成已经恢复信任。,由共享基础引擎提供；仅修正修复功能的承载、持续与压力占位，不直接等同是否愿意认错或能否修复。,由M1／M2提供；夫妻星只说明伴侣原型与关系资格，不单独证明修复能力、修复意愿或修复结果。,由M3-BASE提供；日支底盘说明亲密关系中自然调用的功能，但不能单独证明修复闭环。,由M3-CONFLICT、M4-LOOP及现实事件提供；必须区分问题停止、责任承担、影响确认、行动改变、反馈整合与后续回访。,由共享基础引擎判定；近位提高相关功能进入亲密关系核心的概率，远位只作背景或阶段修正。,根气只修正某修复功能是否容易重复调用，不等于现实中已经持续改变。,旺弱只修正功能调用强度与占位，不直接等同修复质量、诚意或关系结果。,喜忌只修正功能摩擦、平衡与承载，不直接等同道德、成熟、善恶或是否值得原谅。,原十神功能有效；真合化成立时按化神功能替换，合化争议时停止定性。,近位提高修复议题与亲密关系的直接相关性；远位仅保留背景、阶段或低置信修正。,68,有效通道＋3；替代盲点另行路由,repair_channel,熟悉通道容易替代另一项不同修复任务。,需要留意：可能把新规则或郑重表态当成已经恢复信任。,不得仅凭本规则判断道歉真诚与否、要求对方原谅或复合、推断关系一定修复或失败、淡化暴力强迫与现实伤害、平均分配明显不对等的责任；现实安全、具体行为、反例与专业支持优先。,中高,待验证,,provisional=true；M3-REPAIR尚未完成，完成条件为暂定功能模型。,0.7
M4-REPAIR-121,RC07 正官｜责任承诺修复｜闭环所需第二功能,L2 十神修复功能通道,REPAIR-十神通道,通用,通关,RC07,正官,需要比劫共同参与、印星影响确认、财星执行。,假设单一通道能完成所有修复任务。,由共享基础引擎提供；仅修正修复功能的承载、持续与压力占位，不直接等同是否愿意认错或能否修复。,由M1／M2提供；夫妻星只说明伴侣原型与关系资格，不单独证明修复能力、修复意愿或修复结果。,由M3-BASE提供；日支底盘说明亲密关系中自然调用的功能，但不能单独证明修复闭环。,由M3-CONFLICT、M4-LOOP及现实事件提供；必须区分问题停止、责任承担、影响确认、行动改变、反馈整合与后续回访。,由共享基础引擎判定；近位提高相关功能进入亲密关系核心的概率，远位只作背景或阶段修正。,根气只修正某修复功能是否容易重复调用，不等于现实中已经持续改变。,旺弱只修正功能调用强度与占位，不直接等同修复质量、诚意或关系结果。,喜忌只修正功能摩擦、平衡与承载，不直接等同道德、成熟、善恶或是否值得原谅。,原十神功能有效；真合化成立时按化神功能替换，合化争议时停止定性。,近位提高修复议题与亲密关系的直接相关性；远位仅保留背景、阶段或低置信修正。,68,有效通道＋3；替代盲点另行路由,repair_channel,第二功能负责把本通道转成更完整的修复链。,要让修复更完整，还需要：需要比劫共同参与、印星影响确认、财星执行。,不得仅凭本规则判断道歉真诚与否、要求对方原谅或复合、推断关系一定修复或失败、淡化暴力强迫与现实伤害、平均分配明显不对等的责任；现实安全、具体行为、反例与专业支持优先。,中高,待验证,,provisional=true；M3-REPAIR尚未完成，完成条件为暂定功能模型。,0.7
M4-REPAIR-122,RC07 正官｜责任承诺修复｜状态修正,L2 十神修复功能通道,REPAIR-十神通道,通用,状态,RC07,正官,结合透藏、根气、旺弱、制化、位置和现实重复行为。,强即有效、弱即没有、喜即成熟、忌即恶意。,由共享基础引擎提供；仅修正修复功能的承载、持续与压力占位，不直接等同是否愿意认错或能否修复。,由M1／M2提供；夫妻星只说明伴侣原型与关系资格，不单独证明修复能力、修复意愿或修复结果。,由M3-BASE提供；日支底盘说明亲密关系中自然调用的功能，但不能单独证明修复闭环。,由M3-CONFLICT、M4-LOOP及现实事件提供；必须区分问题停止、责任承担、影响确认、行动改变、反馈整合与后续回访。,由共享基础引擎判定；近位提高相关功能进入亲密关系核心的概率，远位只作背景或阶段修正。,根气只修正某修复功能是否容易重复调用，不等于现实中已经持续改变。,旺弱只修正功能调用强度与占位，不直接等同修复质量、诚意或关系结果。,喜忌只修正功能摩擦、平衡与承载，不直接等同道德、成熟、善恶或是否值得原谅。,原十神功能有效；真合化成立时按化神功能替换，合化争议时停止定性。,近位提高修复议题与亲密关系的直接相关性；远位仅保留背景、阶段或低置信修正。,68,有效通道＋3；替代盲点另行路由,repair_channel,状态只修正调用方式和持续性。,这项方式是否稳定，需要继续看它能否重复、是否受另一功能调节。,不得仅凭本规则判断道歉真诚与否、要求对方原谅或复合、推断关系一定修复或失败、淡化暴力强迫与现实伤害、平均分配明显不对等的责任；现实安全、具体行为、反例与专业支持优先。,中高,待验证,,provisional=true；M3-REPAIR尚未完成，完成条件为暂定功能模型。,0.7
M4-REPAIR-123,RC07 正官｜责任承诺修复｜用户标准文案,L2 十神修复功能通道,REPAIR-十神通道,通用,输出,RC07,正官,该通道为主修复方式候选，并有第二类独立证据。,证据不足或真合化争议。,由共享基础引擎提供；仅修正修复功能的承载、持续与压力占位，不直接等同是否愿意认错或能否修复。,由M1／M2提供；夫妻星只说明伴侣原型与关系资格，不单独证明修复能力、修复意愿或修复结果。,由M3-BASE提供；日支底盘说明亲密关系中自然调用的功能，但不能单独证明修复闭环。,由M3-CONFLICT、M4-LOOP及现实事件提供；必须区分问题停止、责任承担、影响确认、行动改变、反馈整合与后续回访。,由共享基础引擎判定；近位提高相关功能进入亲密关系核心的概率，远位只作背景或阶段修正。,根气只修正某修复功能是否容易重复调用，不等于现实中已经持续改变。,旺弱只修正功能调用强度与占位，不直接等同修复质量、诚意或关系结果。,喜忌只修正功能摩擦、平衡与承载，不直接等同道德、成熟、善恶或是否值得原谅。,原十神功能有效；真合化成立时按化神功能替换，合化争议时停止定性。,近位提高修复议题与亲密关系的直接相关性；远位仅保留背景、阶段或低置信修正。,68,有效通道＋3；替代盲点另行路由,repair_channel,输出先描述功能，再描述缺口，不贴人格标签。,你更倾向通过承担责任、说清规则和持续守约来修复。,不得仅凭本规则判断道歉真诚与否、要求对方原谅或复合、推断关系一定修复或失败、淡化暴力强迫与现实伤害、平均分配明显不对等的责任；现实安全、具体行为、反例与专业支持优先。,中高,待验证,,provisional=true；M3-REPAIR尚未完成，完成条件为暂定功能模型。,0.7
M4-REPAIR-124,RC07 正官｜责任承诺修复｜禁止推断,L2 十神修复功能通道,REPAIR-十神通道,通用,边界,RC07,正官,完成现实安全、责任和反例检查。,不得把责任规则写成控制；承诺标签不等于现实兑现。。,由共享基础引擎提供；仅修正修复功能的承载、持续与压力占位，不直接等同是否愿意认错或能否修复。,由M1／M2提供；夫妻星只说明伴侣原型与关系资格，不单独证明修复能力、修复意愿或修复结果。,由M3-BASE提供；日支底盘说明亲密关系中自然调用的功能，但不能单独证明修复闭环。,由M3-CONFLICT、M4-LOOP及现实事件提供；必须区分问题停止、责任承担、影响确认、行动改变、反馈整合与后续回访。,由共享基础引擎判定；近位提高相关功能进入亲密关系核心的概率，远位只作背景或阶段修正。,根气只修正某修复功能是否容易重复调用，不等于现实中已经持续改变。,旺弱只修正功能调用强度与占位，不直接等同修复质量、诚意或关系结果。,喜忌只修正功能摩擦、平衡与承载，不直接等同道德、成熟、善恶或是否值得原谅。,原十神功能有效；真合化成立时按化神功能替换，合化争议时停止定性。,近位提高修复议题与亲密关系的直接相关性；远位仅保留背景、阶段或低置信修正。,82,有效通道＋3；替代盲点另行路由,repair_channel,十神修复通道不能推断诚意、道德和关系结果。,边界提示：不得把责任规则写成控制；承诺标签不等于现实兑现。,不得仅凭本规则判断道歉真诚与否、要求对方原谅或复合、推断关系一定修复或失败、淡化暴力强迫与现实伤害、平均分配明显不对等的责任；现实安全、具体行为、反例与专业支持优先。,中高,待验证,,provisional=true；M3-REPAIR尚未完成，完成条件为暂定功能模型。,0.7
M4-REPAIR-125,RC08 七杀｜止损改正修复｜正常修复功能,L2 十神修复功能通道,REPAIR-十神通道,通用,定义,RC08,七杀,快速停止伤害、处理风险并立即纠正关键行为。,仅凭十神名称或旺弱直接判断修复能力。,由共享基础引擎提供；仅修正修复功能的承载、持续与压力占位，不直接等同是否愿意认错或能否修复。,由M1／M2提供；夫妻星只说明伴侣原型与关系资格，不单独证明修复能力、修复意愿或修复结果。,由M3-BASE提供；日支底盘说明亲密关系中自然调用的功能，但不能单独证明修复闭环。,由M3-CONFLICT、M4-LOOP及现实事件提供；必须区分问题停止、责任承担、影响确认、行动改变、反馈整合与后续回访。,由共享基础引擎判定；近位提高相关功能进入亲密关系核心的概率，远位只作背景或阶段修正。,根气只修正某修复功能是否容易重复调用，不等于现实中已经持续改变。,旺弱只修正功能调用强度与占位，不直接等同修复质量、诚意或关系结果。,喜忌只修正功能摩擦、平衡与承载，不直接等同道德、成熟、善恶或是否值得原谅。,原十神功能有效；真合化成立时按化神功能替换，合化争议时停止定性。,近位提高修复议题与亲密关系的直接相关性；远位仅保留背景、阶段或低置信修正。,68,有效通道＋3；替代盲点另行路由,repair_channel,十神提供一种可用修复功能，首先保留其正常价值。,高压力下你可能先停止问题、快速改正，再决定怎样回到沟通。,不得仅凭本规则判断道歉真诚与否、要求对方原谅或复合、推断关系一定修复或失败、淡化暴力强迫与现实伤害、平均分配明显不对等的责任；现实安全、具体行为、反例与专业支持优先。,中高,待验证,,provisional=true；M3-REPAIR尚未完成，完成条件为暂定功能模型。,0.7
M4-REPAIR-126,RC08 七杀｜止损改正修复｜启动表现,L2 十神修复功能通道,REPAIR-十神通道,通用,行为,RC08,七杀,现实中出现：制止继续升级、保护、撤销错误决定、落实关键改动。,只有自我评价，没有具体行为。,由共享基础引擎提供；仅修正修复功能的承载、持续与压力占位，不直接等同是否愿意认错或能否修复。,由M1／M2提供；夫妻星只说明伴侣原型与关系资格，不单独证明修复能力、修复意愿或修复结果。,由M3-BASE提供；日支底盘说明亲密关系中自然调用的功能，但不能单独证明修复闭环。,由M3-CONFLICT、M4-LOOP及现实事件提供；必须区分问题停止、责任承担、影响确认、行动改变、反馈整合与后续回访。,由共享基础引擎判定；近位提高相关功能进入亲密关系核心的概率，远位只作背景或阶段修正。,根气只修正某修复功能是否容易重复调用，不等于现实中已经持续改变。,旺弱只修正功能调用强度与占位，不直接等同修复质量、诚意或关系结果。,喜忌只修正功能摩擦、平衡与承载，不直接等同道德、成熟、善恶或是否值得原谅。,原十神功能有效；真合化成立时按化神功能替换，合化争议时停止定性。,近位提高修复议题与亲密关系的直接相关性；远位仅保留背景、阶段或低置信修正。,68,有效通道＋3；替代盲点另行路由,repair_channel,启动表现说明通道已出现，但不等于闭环。,当你使用这一通道时，常见表现是：制止继续升级、保护、撤销错误决定、落实关键改动。,不得仅凭本规则判断道歉真诚与否、要求对方原谅或复合、推断关系一定修复或失败、淡化暴力强迫与现实伤害、平均分配明显不对等的责任；现实安全、具体行为、反例与专业支持优先。,中高,待验证,,provisional=true；M3-REPAIR尚未完成，完成条件为暂定功能模型。,0.7
M4-REPAIR-127,RC08 七杀｜止损改正修复｜接收方反馈检查,L2 十神修复功能通道,REPAIR-十神通道,通用,证据,RC08,七杀,接收方能够对该通道提供接受、拒绝、保留或调整反馈。,只看发起者意图，不记录接收者反馈。,由共享基础引擎提供；仅修正修复功能的承载、持续与压力占位，不直接等同是否愿意认错或能否修复。,由M1／M2提供；夫妻星只说明伴侣原型与关系资格，不单独证明修复能力、修复意愿或修复结果。,由M3-BASE提供；日支底盘说明亲密关系中自然调用的功能，但不能单独证明修复闭环。,由M3-CONFLICT、M4-LOOP及现实事件提供；必须区分问题停止、责任承担、影响确认、行动改变、反馈整合与后续回访。,由共享基础引擎判定；近位提高相关功能进入亲密关系核心的概率，远位只作背景或阶段修正。,根气只修正某修复功能是否容易重复调用，不等于现实中已经持续改变。,旺弱只修正功能调用强度与占位，不直接等同修复质量、诚意或关系结果。,喜忌只修正功能摩擦、平衡与承载，不直接等同道德、成熟、善恶或是否值得原谅。,原十神功能有效；真合化成立时按化神功能替换，合化争议时停止定性。,近位提高修复议题与亲密关系的直接相关性；远位仅保留背景、阶段或低置信修正。,82,有效通道＋3；替代盲点另行路由,repair_channel,修复通道是否有效必须看它是否回应真实影响。,还要看对方怎样接收这一步，以及是否需要进一步调整。,不得仅凭本规则判断道歉真诚与否、要求对方原谅或复合、推断关系一定修复或失败、淡化暴力强迫与现实伤害、平均分配明显不对等的责任；现实安全、具体行为、反例与专业支持优先。,中高,待验证,,provisional=true；M3-REPAIR尚未完成，完成条件为暂定功能模型。,0.7
M4-REPAIR-128,RC08 七杀｜止损改正修复｜常见替代盲点,L2 十神修复功能通道,REPAIR-十神通道,通用,盲点,RC08,七杀,该通道出现并承担修复任务。,可能把危机处理完成当成关系影响已经修复。,由共享基础引擎提供；仅修正修复功能的承载、持续与压力占位，不直接等同是否愿意认错或能否修复。,由M1／M2提供；夫妻星只说明伴侣原型与关系资格，不单独证明修复能力、修复意愿或修复结果。,由M3-BASE提供；日支底盘说明亲密关系中自然调用的功能，但不能单独证明修复闭环。,由M3-CONFLICT、M4-LOOP及现实事件提供；必须区分问题停止、责任承担、影响确认、行动改变、反馈整合与后续回访。,由共享基础引擎判定；近位提高相关功能进入亲密关系核心的概率，远位只作背景或阶段修正。,根气只修正某修复功能是否容易重复调用，不等于现实中已经持续改变。,旺弱只修正功能调用强度与占位，不直接等同修复质量、诚意或关系结果。,喜忌只修正功能摩擦、平衡与承载，不直接等同道德、成熟、善恶或是否值得原谅。,原十神功能有效；真合化成立时按化神功能替换，合化争议时停止定性。,近位提高修复议题与亲密关系的直接相关性；远位仅保留背景、阶段或低置信修正。,68,有效通道＋3；替代盲点另行路由,repair_channel,熟悉通道容易替代另一项不同修复任务。,需要留意：可能把危机处理完成当成关系影响已经修复。,不得仅凭本规则判断道歉真诚与否、要求对方原谅或复合、推断关系一定修复或失败、淡化暴力强迫与现实伤害、平均分配明显不对等的责任；现实安全、具体行为、反例与专业支持优先。,中高,待验证,,provisional=true；M3-REPAIR尚未完成，完成条件为暂定功能模型。,0.7
M4-REPAIR-129,RC08 七杀｜止损改正修复｜闭环所需第二功能,L2 十神修复功能通道,REPAIR-十神通道,通用,通关,RC08,七杀,需要正印承接影响、食伤反馈和RN08持续回访。,假设单一通道能完成所有修复任务。,由共享基础引擎提供；仅修正修复功能的承载、持续与压力占位，不直接等同是否愿意认错或能否修复。,由M1／M2提供；夫妻星只说明伴侣原型与关系资格，不单独证明修复能力、修复意愿或修复结果。,由M3-BASE提供；日支底盘说明亲密关系中自然调用的功能，但不能单独证明修复闭环。,由M3-CONFLICT、M4-LOOP及现实事件提供；必须区分问题停止、责任承担、影响确认、行动改变、反馈整合与后续回访。,由共享基础引擎判定；近位提高相关功能进入亲密关系核心的概率，远位只作背景或阶段修正。,根气只修正某修复功能是否容易重复调用，不等于现实中已经持续改变。,旺弱只修正功能调用强度与占位，不直接等同修复质量、诚意或关系结果。,喜忌只修正功能摩擦、平衡与承载，不直接等同道德、成熟、善恶或是否值得原谅。,原十神功能有效；真合化成立时按化神功能替换，合化争议时停止定性。,近位提高修复议题与亲密关系的直接相关性；远位仅保留背景、阶段或低置信修正。,68,有效通道＋3；替代盲点另行路由,repair_channel,第二功能负责把本通道转成更完整的修复链。,要让修复更完整，还需要：需要正印承接影响、食伤反馈和RN08持续回访。,不得仅凭本规则判断道歉真诚与否、要求对方原谅或复合、推断关系一定修复或失败、淡化暴力强迫与现实伤害、平均分配明显不对等的责任；现实安全、具体行为、反例与专业支持优先。,中高,待验证,,provisional=true；M3-REPAIR尚未完成，完成条件为暂定功能模型。,0.7
M4-REPAIR-130,RC08 七杀｜止损改正修复｜状态修正,L2 十神修复功能通道,REPAIR-十神通道,通用,状态,RC08,七杀,结合透藏、根气、旺弱、制化、位置和现实重复行为。,强即有效、弱即没有、喜即成熟、忌即恶意。,由共享基础引擎提供；仅修正修复功能的承载、持续与压力占位，不直接等同是否愿意认错或能否修复。,由M1／M2提供；夫妻星只说明伴侣原型与关系资格，不单独证明修复能力、修复意愿或修复结果。,由M3-BASE提供；日支底盘说明亲密关系中自然调用的功能，但不能单独证明修复闭环。,由M3-CONFLICT、M4-LOOP及现实事件提供；必须区分问题停止、责任承担、影响确认、行动改变、反馈整合与后续回访。,由共享基础引擎判定；近位提高相关功能进入亲密关系核心的概率，远位只作背景或阶段修正。,根气只修正某修复功能是否容易重复调用，不等于现实中已经持续改变。,旺弱只修正功能调用强度与占位，不直接等同修复质量、诚意或关系结果。,喜忌只修正功能摩擦、平衡与承载，不直接等同道德、成熟、善恶或是否值得原谅。,原十神功能有效；真合化成立时按化神功能替换，合化争议时停止定性。,近位提高修复议题与亲密关系的直接相关性；远位仅保留背景、阶段或低置信修正。,68,有效通道＋3；替代盲点另行路由,repair_channel,状态只修正调用方式和持续性。,这项方式是否稳定，需要继续看它能否重复、是否受另一功能调节。,不得仅凭本规则判断道歉真诚与否、要求对方原谅或复合、推断关系一定修复或失败、淡化暴力强迫与现实伤害、平均分配明显不对等的责任；现实安全、具体行为、反例与专业支持优先。,中高,待验证,,provisional=true；M3-REPAIR尚未完成，完成条件为暂定功能模型。,0.7
M4-REPAIR-131,RC08 七杀｜止损改正修复｜用户标准文案,L2 十神修复功能通道,REPAIR-十神通道,通用,输出,RC08,七杀,该通道为主修复方式候选，并有第二类独立证据。,证据不足或真合化争议。,由共享基础引擎提供；仅修正修复功能的承载、持续与压力占位，不直接等同是否愿意认错或能否修复。,由M1／M2提供；夫妻星只说明伴侣原型与关系资格，不单独证明修复能力、修复意愿或修复结果。,由M3-BASE提供；日支底盘说明亲密关系中自然调用的功能，但不能单独证明修复闭环。,由M3-CONFLICT、M4-LOOP及现实事件提供；必须区分问题停止、责任承担、影响确认、行动改变、反馈整合与后续回访。,由共享基础引擎判定；近位提高相关功能进入亲密关系核心的概率，远位只作背景或阶段修正。,根气只修正某修复功能是否容易重复调用，不等于现实中已经持续改变。,旺弱只修正功能调用强度与占位，不直接等同修复质量、诚意或关系结果。,喜忌只修正功能摩擦、平衡与承载，不直接等同道德、成熟、善恶或是否值得原谅。,原十神功能有效；真合化成立时按化神功能替换，合化争议时停止定性。,近位提高修复议题与亲密关系的直接相关性；远位仅保留背景、阶段或低置信修正。,68,有效通道＋3；替代盲点另行路由,repair_channel,输出先描述功能，再描述缺口，不贴人格标签。,高压力下你可能先停止问题、快速改正，再决定怎样回到沟通。,不得仅凭本规则判断道歉真诚与否、要求对方原谅或复合、推断关系一定修复或失败、淡化暴力强迫与现实伤害、平均分配明显不对等的责任；现实安全、具体行为、反例与专业支持优先。,中高,待验证,,provisional=true；M3-REPAIR尚未完成，完成条件为暂定功能模型。,0.7
M4-REPAIR-132,RC08 七杀｜止损改正修复｜禁止推断,L2 十神修复功能通道,REPAIR-十神通道,通用,边界,RC08,七杀,完成现实安全、责任和反例检查。,不得由七杀推断暴力、压迫或控制；止损不等于修复全部完成。。,由共享基础引擎提供；仅修正修复功能的承载、持续与压力占位，不直接等同是否愿意认错或能否修复。,由M1／M2提供；夫妻星只说明伴侣原型与关系资格，不单独证明修复能力、修复意愿或修复结果。,由M3-BASE提供；日支底盘说明亲密关系中自然调用的功能，但不能单独证明修复闭环。,由M3-CONFLICT、M4-LOOP及现实事件提供；必须区分问题停止、责任承担、影响确认、行动改变、反馈整合与后续回访。,由共享基础引擎判定；近位提高相关功能进入亲密关系核心的概率，远位只作背景或阶段修正。,根气只修正某修复功能是否容易重复调用，不等于现实中已经持续改变。,旺弱只修正功能调用强度与占位，不直接等同修复质量、诚意或关系结果。,喜忌只修正功能摩擦、平衡与承载，不直接等同道德、成熟、善恶或是否值得原谅。,原十神功能有效；真合化成立时按化神功能替换，合化争议时停止定性。,近位提高修复议题与亲密关系的直接相关性；远位仅保留背景、阶段或低置信修正。,82,有效通道＋3；替代盲点另行路由,repair_channel,十神修复通道不能推断诚意、道德和关系结果。,边界提示：不得由七杀推断暴力、压迫或控制；止损不等于修复全部完成。,不得仅凭本规则判断道歉真诚与否、要求对方原谅或复合、推断关系一定修复或失败、淡化暴力强迫与现实伤害、平均分配明显不对等的责任；现实安全、具体行为、反例与专业支持优先。,中高,待验证,,provisional=true；M3-REPAIR尚未完成，完成条件为暂定功能模型。,0.7
M4-REPAIR-133,RC09 正印｜影响承接修复｜正常修复功能,L2 十神修复功能通道,REPAIR-十神通道,通用,定义,RC09,正印,倾听、理解并确认对方受到的影响和安全需要。,仅凭十神名称或旺弱直接判断修复能力。,由共享基础引擎提供；仅修正修复功能的承载、持续与压力占位，不直接等同是否愿意认错或能否修复。,由M1／M2提供；夫妻星只说明伴侣原型与关系资格，不单独证明修复能力、修复意愿或修复结果。,由M3-BASE提供；日支底盘说明亲密关系中自然调用的功能，但不能单独证明修复闭环。,由M3-CONFLICT、M4-LOOP及现实事件提供；必须区分问题停止、责任承担、影响确认、行动改变、反馈整合与后续回访。,由共享基础引擎判定；近位提高相关功能进入亲密关系核心的概率，远位只作背景或阶段修正。,根气只修正某修复功能是否容易重复调用，不等于现实中已经持续改变。,旺弱只修正功能调用强度与占位，不直接等同修复质量、诚意或关系结果。,喜忌只修正功能摩擦、平衡与承载，不直接等同道德、成熟、善恶或是否值得原谅。,原十神功能有效；真合化成立时按化神功能替换，合化争议时停止定性。,近位提高修复议题与亲密关系的直接相关性；远位仅保留背景、阶段或低置信修正。,68,有效通道＋3；替代盲点另行路由,repair_channel,十神提供一种可用修复功能，首先保留其正常价值。,你更重视先让对方感到被听见和被理解，再推进后续。,不得仅凭本规则判断道歉真诚与否、要求对方原谅或复合、推断关系一定修复或失败、淡化暴力强迫与现实伤害、平均分配明显不对等的责任；现实安全、具体行为、反例与专业支持优先。,中高,待验证,,provisional=true；M3-REPAIR尚未完成，完成条件为暂定功能模型。,0.7
M4-REPAIR-134,RC09 正印｜影响承接修复｜启动表现,L2 十神修复功能通道,REPAIR-十神通道,通用,行为,RC09,正印,现实中出现：耐心听、复述、安抚、承认感受、提供稳定支持。,只有自我评价，没有具体行为。,由共享基础引擎提供；仅修正修复功能的承载、持续与压力占位，不直接等同是否愿意认错或能否修复。,由M1／M2提供；夫妻星只说明伴侣原型与关系资格，不单独证明修复能力、修复意愿或修复结果。,由M3-BASE提供；日支底盘说明亲密关系中自然调用的功能，但不能单独证明修复闭环。,由M3-CONFLICT、M4-LOOP及现实事件提供；必须区分问题停止、责任承担、影响确认、行动改变、反馈整合与后续回访。,由共享基础引擎判定；近位提高相关功能进入亲密关系核心的概率，远位只作背景或阶段修正。,根气只修正某修复功能是否容易重复调用，不等于现实中已经持续改变。,旺弱只修正功能调用强度与占位，不直接等同修复质量、诚意或关系结果。,喜忌只修正功能摩擦、平衡与承载，不直接等同道德、成熟、善恶或是否值得原谅。,原十神功能有效；真合化成立时按化神功能替换，合化争议时停止定性。,近位提高修复议题与亲密关系的直接相关性；远位仅保留背景、阶段或低置信修正。,68,有效通道＋3；替代盲点另行路由,repair_channel,启动表现说明通道已出现，但不等于闭环。,当你使用这一通道时，常见表现是：耐心听、复述、安抚、承认感受、提供稳定支持。,不得仅凭本规则判断道歉真诚与否、要求对方原谅或复合、推断关系一定修复或失败、淡化暴力强迫与现实伤害、平均分配明显不对等的责任；现实安全、具体行为、反例与专业支持优先。,中高,待验证,,provisional=true；M3-REPAIR尚未完成，完成条件为暂定功能模型。,0.7
M4-REPAIR-135,RC09 正印｜影响承接修复｜接收方反馈检查,L2 十神修复功能通道,REPAIR-十神通道,通用,证据,RC09,正印,接收方能够对该通道提供接受、拒绝、保留或调整反馈。,只看发起者意图，不记录接收者反馈。,由共享基础引擎提供；仅修正修复功能的承载、持续与压力占位，不直接等同是否愿意认错或能否修复。,由M1／M2提供；夫妻星只说明伴侣原型与关系资格，不单独证明修复能力、修复意愿或修复结果。,由M3-BASE提供；日支底盘说明亲密关系中自然调用的功能，但不能单独证明修复闭环。,由M3-CONFLICT、M4-LOOP及现实事件提供；必须区分问题停止、责任承担、影响确认、行动改变、反馈整合与后续回访。,由共享基础引擎判定；近位提高相关功能进入亲密关系核心的概率，远位只作背景或阶段修正。,根气只修正某修复功能是否容易重复调用，不等于现实中已经持续改变。,旺弱只修正功能调用强度与占位，不直接等同修复质量、诚意或关系结果。,喜忌只修正功能摩擦、平衡与承载，不直接等同道德、成熟、善恶或是否值得原谅。,原十神功能有效；真合化成立时按化神功能替换，合化争议时停止定性。,近位提高修复议题与亲密关系的直接相关性；远位仅保留背景、阶段或低置信修正。,82,有效通道＋3；替代盲点另行路由,repair_channel,修复通道是否有效必须看它是否回应真实影响。,还要看对方怎样接收这一步，以及是否需要进一步调整。,不得仅凭本规则判断道歉真诚与否、要求对方原谅或复合、推断关系一定修复或失败、淡化暴力强迫与现实伤害、平均分配明显不对等的责任；现实安全、具体行为、反例与专业支持优先。,中高,待验证,,provisional=true；M3-REPAIR尚未完成，完成条件为暂定功能模型。,0.7
M4-REPAIR-136,RC09 正印｜影响承接修复｜常见替代盲点,L2 十神修复功能通道,REPAIR-十神通道,通用,盲点,RC09,正印,该通道出现并承担修复任务。,可能理解很多，但现实责任和行为改变进入较晚。,由共享基础引擎提供；仅修正修复功能的承载、持续与压力占位，不直接等同是否愿意认错或能否修复。,由M1／M2提供；夫妻星只说明伴侣原型与关系资格，不单独证明修复能力、修复意愿或修复结果。,由M3-BASE提供；日支底盘说明亲密关系中自然调用的功能，但不能单独证明修复闭环。,由M3-CONFLICT、M4-LOOP及现实事件提供；必须区分问题停止、责任承担、影响确认、行动改变、反馈整合与后续回访。,由共享基础引擎判定；近位提高相关功能进入亲密关系核心的概率，远位只作背景或阶段修正。,根气只修正某修复功能是否容易重复调用，不等于现实中已经持续改变。,旺弱只修正功能调用强度与占位，不直接等同修复质量、诚意或关系结果。,喜忌只修正功能摩擦、平衡与承载，不直接等同道德、成熟、善恶或是否值得原谅。,原十神功能有效；真合化成立时按化神功能替换，合化争议时停止定性。,近位提高修复议题与亲密关系的直接相关性；远位仅保留背景、阶段或低置信修正。,68,有效通道＋3；替代盲点另行路由,repair_channel,熟悉通道容易替代另一项不同修复任务。,需要留意：可能理解很多，但现实责任和行为改变进入较晚。,不得仅凭本规则判断道歉真诚与否、要求对方原谅或复合、推断关系一定修复或失败、淡化暴力强迫与现实伤害、平均分配明显不对等的责任；现实安全、具体行为、反例与专业支持优先。,中高,待验证,,provisional=true；M3-REPAIR尚未完成，完成条件为暂定功能模型。,0.7
M4-REPAIR-137,RC09 正印｜影响承接修复｜闭环所需第二功能,L2 十神修复功能通道,REPAIR-十神通道,通用,通关,RC09,正印,需要比劫边界、财官行动与RN06兑现。,假设单一通道能完成所有修复任务。,由共享基础引擎提供；仅修正修复功能的承载、持续与压力占位，不直接等同是否愿意认错或能否修复。,由M1／M2提供；夫妻星只说明伴侣原型与关系资格，不单独证明修复能力、修复意愿或修复结果。,由M3-BASE提供；日支底盘说明亲密关系中自然调用的功能，但不能单独证明修复闭环。,由M3-CONFLICT、M4-LOOP及现实事件提供；必须区分问题停止、责任承担、影响确认、行动改变、反馈整合与后续回访。,由共享基础引擎判定；近位提高相关功能进入亲密关系核心的概率，远位只作背景或阶段修正。,根气只修正某修复功能是否容易重复调用，不等于现实中已经持续改变。,旺弱只修正功能调用强度与占位，不直接等同修复质量、诚意或关系结果。,喜忌只修正功能摩擦、平衡与承载，不直接等同道德、成熟、善恶或是否值得原谅。,原十神功能有效；真合化成立时按化神功能替换，合化争议时停止定性。,近位提高修复议题与亲密关系的直接相关性；远位仅保留背景、阶段或低置信修正。,68,有效通道＋3；替代盲点另行路由,repair_channel,第二功能负责把本通道转成更完整的修复链。,要让修复更完整，还需要：需要比劫边界、财官行动与RN06兑现。,不得仅凭本规则判断道歉真诚与否、要求对方原谅或复合、推断关系一定修复或失败、淡化暴力强迫与现实伤害、平均分配明显不对等的责任；现实安全、具体行为、反例与专业支持优先。,中高,待验证,,provisional=true；M3-REPAIR尚未完成，完成条件为暂定功能模型。,0.7
M4-REPAIR-138,RC09 正印｜影响承接修复｜状态修正,L2 十神修复功能通道,REPAIR-十神通道,通用,状态,RC09,正印,结合透藏、根气、旺弱、制化、位置和现实重复行为。,强即有效、弱即没有、喜即成熟、忌即恶意。,由共享基础引擎提供；仅修正修复功能的承载、持续与压力占位，不直接等同是否愿意认错或能否修复。,由M1／M2提供；夫妻星只说明伴侣原型与关系资格，不单独证明修复能力、修复意愿或修复结果。,由M3-BASE提供；日支底盘说明亲密关系中自然调用的功能，但不能单独证明修复闭环。,由M3-CONFLICT、M4-LOOP及现实事件提供；必须区分问题停止、责任承担、影响确认、行动改变、反馈整合与后续回访。,由共享基础引擎判定；近位提高相关功能进入亲密关系核心的概率，远位只作背景或阶段修正。,根气只修正某修复功能是否容易重复调用，不等于现实中已经持续改变。,旺弱只修正功能调用强度与占位，不直接等同修复质量、诚意或关系结果。,喜忌只修正功能摩擦、平衡与承载，不直接等同道德、成熟、善恶或是否值得原谅。,原十神功能有效；真合化成立时按化神功能替换，合化争议时停止定性。,近位提高修复议题与亲密关系的直接相关性；远位仅保留背景、阶段或低置信修正。,68,有效通道＋3；替代盲点另行路由,repair_channel,状态只修正调用方式和持续性。,这项方式是否稳定，需要继续看它能否重复、是否受另一功能调节。,不得仅凭本规则判断道歉真诚与否、要求对方原谅或复合、推断关系一定修复或失败、淡化暴力强迫与现实伤害、平均分配明显不对等的责任；现实安全、具体行为、反例与专业支持优先。,中高,待验证,,provisional=true；M3-REPAIR尚未完成，完成条件为暂定功能模型。,0.7
M4-REPAIR-139,RC09 正印｜影响承接修复｜用户标准文案,L2 十神修复功能通道,REPAIR-十神通道,通用,输出,RC09,正印,该通道为主修复方式候选，并有第二类独立证据。,证据不足或真合化争议。,由共享基础引擎提供；仅修正修复功能的承载、持续与压力占位，不直接等同是否愿意认错或能否修复。,由M1／M2提供；夫妻星只说明伴侣原型与关系资格，不单独证明修复能力、修复意愿或修复结果。,由M3-BASE提供；日支底盘说明亲密关系中自然调用的功能，但不能单独证明修复闭环。,由M3-CONFLICT、M4-LOOP及现实事件提供；必须区分问题停止、责任承担、影响确认、行动改变、反馈整合与后续回访。,由共享基础引擎判定；近位提高相关功能进入亲密关系核心的概率，远位只作背景或阶段修正。,根气只修正某修复功能是否容易重复调用，不等于现实中已经持续改变。,旺弱只修正功能调用强度与占位，不直接等同修复质量、诚意或关系结果。,喜忌只修正功能摩擦、平衡与承载，不直接等同道德、成熟、善恶或是否值得原谅。,原十神功能有效；真合化成立时按化神功能替换，合化争议时停止定性。,近位提高修复议题与亲密关系的直接相关性；远位仅保留背景、阶段或低置信修正。,68,有效通道＋3；替代盲点另行路由,repair_channel,输出先描述功能，再描述缺口，不贴人格标签。,你更重视先让对方感到被听见和被理解，再推进后续。,不得仅凭本规则判断道歉真诚与否、要求对方原谅或复合、推断关系一定修复或失败、淡化暴力强迫与现实伤害、平均分配明显不对等的责任；现实安全、具体行为、反例与专业支持优先。,中高,待验证,,provisional=true；M3-REPAIR尚未完成，完成条件为暂定功能模型。,0.7
M4-REPAIR-140,RC09 正印｜影响承接修复｜禁止推断,L2 十神修复功能通道,REPAIR-十神通道,通用,边界,RC09,正印,完成现实安全、责任和反例检查。,不得把理解写成牺牲、软弱或自动原谅。。,由共享基础引擎提供；仅修正修复功能的承载、持续与压力占位，不直接等同是否愿意认错或能否修复。,由M1／M2提供；夫妻星只说明伴侣原型与关系资格，不单独证明修复能力、修复意愿或修复结果。,由M3-BASE提供；日支底盘说明亲密关系中自然调用的功能，但不能单独证明修复闭环。,由M3-CONFLICT、M4-LOOP及现实事件提供；必须区分问题停止、责任承担、影响确认、行动改变、反馈整合与后续回访。,由共享基础引擎判定；近位提高相关功能进入亲密关系核心的概率，远位只作背景或阶段修正。,根气只修正某修复功能是否容易重复调用，不等于现实中已经持续改变。,旺弱只修正功能调用强度与占位，不直接等同修复质量、诚意或关系结果。,喜忌只修正功能摩擦、平衡与承载，不直接等同道德、成熟、善恶或是否值得原谅。,原十神功能有效；真合化成立时按化神功能替换，合化争议时停止定性。,近位提高修复议题与亲密关系的直接相关性；远位仅保留背景、阶段或低置信修正。,82,有效通道＋3；替代盲点另行路由,repair_channel,十神修复通道不能推断诚意、道德和关系结果。,边界提示：不得把理解写成牺牲、软弱或自动原谅。,不得仅凭本规则判断道歉真诚与否、要求对方原谅或复合、推断关系一定修复或失败、淡化暴力强迫与现实伤害、平均分配明显不对等的责任；现实安全、具体行为、反例与专业支持优先。,中高,待验证,,provisional=true；M3-REPAIR尚未完成，完成条件为暂定功能模型。,0.7
M4-REPAIR-141,RC10 偏印｜反思精确修复｜正常修复功能,L2 十神修复功能通道,REPAIR-十神通道,通用,定义,RC10,偏印,先内部整理，再形成较精准的理解、说明和空间安排。,仅凭十神名称或旺弱直接判断修复能力。,由共享基础引擎提供；仅修正修复功能的承载、持续与压力占位，不直接等同是否愿意认错或能否修复。,由M1／M2提供；夫妻星只说明伴侣原型与关系资格，不单独证明修复能力、修复意愿或修复结果。,由M3-BASE提供；日支底盘说明亲密关系中自然调用的功能，但不能单独证明修复闭环。,由M3-CONFLICT、M4-LOOP及现实事件提供；必须区分问题停止、责任承担、影响确认、行动改变、反馈整合与后续回访。,由共享基础引擎判定；近位提高相关功能进入亲密关系核心的概率，远位只作背景或阶段修正。,根气只修正某修复功能是否容易重复调用，不等于现实中已经持续改变。,旺弱只修正功能调用强度与占位，不直接等同修复质量、诚意或关系结果。,喜忌只修正功能摩擦、平衡与承载，不直接等同道德、成熟、善恶或是否值得原谅。,原十神功能有效；真合化成立时按化神功能替换，合化争议时停止定性。,近位提高修复议题与亲密关系的直接相关性；远位仅保留背景、阶段或低置信修正。,68,有效通道＋3；替代盲点另行路由,repair_channel,十神提供一种可用修复功能，首先保留其正常价值。,你可能需要先整理复杂感受，形成清楚理解后再回来回应。,不得仅凭本规则判断道歉真诚与否、要求对方原谅或复合、推断关系一定修复或失败、淡化暴力强迫与现实伤害、平均分配明显不对等的责任；现实安全、具体行为、反例与专业支持优先。,中高,待验证,,provisional=true；M3-REPAIR尚未完成，完成条件为暂定功能模型。,0.7
M4-REPAIR-142,RC10 偏印｜反思精确修复｜启动表现,L2 十神修复功能通道,REPAIR-十神通道,通用,行为,RC10,偏印,现实中出现：独立反思、书面表达、专业帮助、选择性开放、给出空间。,只有自我评价，没有具体行为。,由共享基础引擎提供；仅修正修复功能的承载、持续与压力占位，不直接等同是否愿意认错或能否修复。,由M1／M2提供；夫妻星只说明伴侣原型与关系资格，不单独证明修复能力、修复意愿或修复结果。,由M3-BASE提供；日支底盘说明亲密关系中自然调用的功能，但不能单独证明修复闭环。,由M3-CONFLICT、M4-LOOP及现实事件提供；必须区分问题停止、责任承担、影响确认、行动改变、反馈整合与后续回访。,由共享基础引擎判定；近位提高相关功能进入亲密关系核心的概率，远位只作背景或阶段修正。,根气只修正某修复功能是否容易重复调用，不等于现实中已经持续改变。,旺弱只修正功能调用强度与占位，不直接等同修复质量、诚意或关系结果。,喜忌只修正功能摩擦、平衡与承载，不直接等同道德、成熟、善恶或是否值得原谅。,原十神功能有效；真合化成立时按化神功能替换，合化争议时停止定性。,近位提高修复议题与亲密关系的直接相关性；远位仅保留背景、阶段或低置信修正。,68,有效通道＋3；替代盲点另行路由,repair_channel,启动表现说明通道已出现，但不等于闭环。,当你使用这一通道时，常见表现是：独立反思、书面表达、专业帮助、选择性开放、给出空间。,不得仅凭本规则判断道歉真诚与否、要求对方原谅或复合、推断关系一定修复或失败、淡化暴力强迫与现实伤害、平均分配明显不对等的责任；现实安全、具体行为、反例与专业支持优先。,中高,待验证,,provisional=true；M3-REPAIR尚未完成，完成条件为暂定功能模型。,0.7
M4-REPAIR-143,RC10 偏印｜反思精确修复｜接收方反馈检查,L2 十神修复功能通道,REPAIR-十神通道,通用,证据,RC10,偏印,接收方能够对该通道提供接受、拒绝、保留或调整反馈。,只看发起者意图，不记录接收者反馈。,由共享基础引擎提供；仅修正修复功能的承载、持续与压力占位，不直接等同是否愿意认错或能否修复。,由M1／M2提供；夫妻星只说明伴侣原型与关系资格，不单独证明修复能力、修复意愿或修复结果。,由M3-BASE提供；日支底盘说明亲密关系中自然调用的功能，但不能单独证明修复闭环。,由M3-CONFLICT、M4-LOOP及现实事件提供；必须区分问题停止、责任承担、影响确认、行动改变、反馈整合与后续回访。,由共享基础引擎判定；近位提高相关功能进入亲密关系核心的概率，远位只作背景或阶段修正。,根气只修正某修复功能是否容易重复调用，不等于现实中已经持续改变。,旺弱只修正功能调用强度与占位，不直接等同修复质量、诚意或关系结果。,喜忌只修正功能摩擦、平衡与承载，不直接等同道德、成熟、善恶或是否值得原谅。,原十神功能有效；真合化成立时按化神功能替换，合化争议时停止定性。,近位提高修复议题与亲密关系的直接相关性；远位仅保留背景、阶段或低置信修正。,82,有效通道＋3；替代盲点另行路由,repair_channel,修复通道是否有效必须看它是否回应真实影响。,还要看对方怎样接收这一步，以及是否需要进一步调整。,不得仅凭本规则判断道歉真诚与否、要求对方原谅或复合、推断关系一定修复或失败、淡化暴力强迫与现实伤害、平均分配明显不对等的责任；现实安全、具体行为、反例与专业支持优先。,中高,待验证,,provisional=true；M3-REPAIR尚未完成，完成条件为暂定功能模型。,0.7
M4-REPAIR-144,RC10 偏印｜反思精确修复｜常见替代盲点,L2 十神修复功能通道,REPAIR-十神通道,通用,盲点,RC10,偏印,该通道出现并承担修复任务。,可能延迟回应或把内部理解当成双方已经完成沟通。,由共享基础引擎提供；仅修正修复功能的承载、持续与压力占位，不直接等同是否愿意认错或能否修复。,由M1／M2提供；夫妻星只说明伴侣原型与关系资格，不单独证明修复能力、修复意愿或修复结果。,由M3-BASE提供；日支底盘说明亲密关系中自然调用的功能，但不能单独证明修复闭环。,由M3-CONFLICT、M4-LOOP及现实事件提供；必须区分问题停止、责任承担、影响确认、行动改变、反馈整合与后续回访。,由共享基础引擎判定；近位提高相关功能进入亲密关系核心的概率，远位只作背景或阶段修正。,根气只修正某修复功能是否容易重复调用，不等于现实中已经持续改变。,旺弱只修正功能调用强度与占位，不直接等同修复质量、诚意或关系结果。,喜忌只修正功能摩擦、平衡与承载，不直接等同道德、成熟、善恶或是否值得原谅。,原十神功能有效；真合化成立时按化神功能替换，合化争议时停止定性。,近位提高修复议题与亲密关系的直接相关性；远位仅保留背景、阶段或低置信修正。,68,有效通道＋3；替代盲点另行路由,repair_channel,熟悉通道容易替代另一项不同修复任务。,需要留意：可能延迟回应或把内部理解当成双方已经完成沟通。,不得仅凭本规则判断道歉真诚与否、要求对方原谅或复合、推断关系一定修复或失败、淡化暴力强迫与现实伤害、平均分配明显不对等的责任；现实安全、具体行为、反例与专业支持优先。,中高,待验证,,provisional=true；M3-REPAIR尚未完成，完成条件为暂定功能模型。,0.7
M4-REPAIR-145,RC10 偏印｜反思精确修复｜闭环所需第二功能,L2 十神修复功能通道,REPAIR-十神通道,通用,通关,RC10,偏印,需要明确回归点、食伤表达和RN07反馈。,假设单一通道能完成所有修复任务。,由共享基础引擎提供；仅修正修复功能的承载、持续与压力占位，不直接等同是否愿意认错或能否修复。,由M1／M2提供；夫妻星只说明伴侣原型与关系资格，不单独证明修复能力、修复意愿或修复结果。,由M3-BASE提供；日支底盘说明亲密关系中自然调用的功能，但不能单独证明修复闭环。,由M3-CONFLICT、M4-LOOP及现实事件提供；必须区分问题停止、责任承担、影响确认、行动改变、反馈整合与后续回访。,由共享基础引擎判定；近位提高相关功能进入亲密关系核心的概率，远位只作背景或阶段修正。,根气只修正某修复功能是否容易重复调用，不等于现实中已经持续改变。,旺弱只修正功能调用强度与占位，不直接等同修复质量、诚意或关系结果。,喜忌只修正功能摩擦、平衡与承载，不直接等同道德、成熟、善恶或是否值得原谅。,原十神功能有效；真合化成立时按化神功能替换，合化争议时停止定性。,近位提高修复议题与亲密关系的直接相关性；远位仅保留背景、阶段或低置信修正。,68,有效通道＋3；替代盲点另行路由,repair_channel,第二功能负责把本通道转成更完整的修复链。,要让修复更完整，还需要：需要明确回归点、食伤表达和RN07反馈。,不得仅凭本规则判断道歉真诚与否、要求对方原谅或复合、推断关系一定修复或失败、淡化暴力强迫与现实伤害、平均分配明显不对等的责任；现实安全、具体行为、反例与专业支持优先。,中高,待验证,,provisional=true；M3-REPAIR尚未完成，完成条件为暂定功能模型。,0.7
M4-REPAIR-146,RC10 偏印｜反思精确修复｜状态修正,L2 十神修复功能通道,REPAIR-十神通道,通用,状态,RC10,偏印,结合透藏、根气、旺弱、制化、位置和现实重复行为。,强即有效、弱即没有、喜即成熟、忌即恶意。,由共享基础引擎提供；仅修正修复功能的承载、持续与压力占位，不直接等同是否愿意认错或能否修复。,由M1／M2提供；夫妻星只说明伴侣原型与关系资格，不单独证明修复能力、修复意愿或修复结果。,由M3-BASE提供；日支底盘说明亲密关系中自然调用的功能，但不能单独证明修复闭环。,由M3-CONFLICT、M4-LOOP及现实事件提供；必须区分问题停止、责任承担、影响确认、行动改变、反馈整合与后续回访。,由共享基础引擎判定；近位提高相关功能进入亲密关系核心的概率，远位只作背景或阶段修正。,根气只修正某修复功能是否容易重复调用，不等于现实中已经持续改变。,旺弱只修正功能调用强度与占位，不直接等同修复质量、诚意或关系结果。,喜忌只修正功能摩擦、平衡与承载，不直接等同道德、成熟、善恶或是否值得原谅。,原十神功能有效；真合化成立时按化神功能替换，合化争议时停止定性。,近位提高修复议题与亲密关系的直接相关性；远位仅保留背景、阶段或低置信修正。,68,有效通道＋3；替代盲点另行路由,repair_channel,状态只修正调用方式和持续性。,这项方式是否稳定，需要继续看它能否重复、是否受另一功能调节。,不得仅凭本规则判断道歉真诚与否、要求对方原谅或复合、推断关系一定修复或失败、淡化暴力强迫与现实伤害、平均分配明显不对等的责任；现实安全、具体行为、反例与专业支持优先。,中高,待验证,,provisional=true；M3-REPAIR尚未完成，完成条件为暂定功能模型。,0.7
M4-REPAIR-147,RC10 偏印｜反思精确修复｜用户标准文案,L2 十神修复功能通道,REPAIR-十神通道,通用,输出,RC10,偏印,该通道为主修复方式候选，并有第二类独立证据。,证据不足或真合化争议。,由共享基础引擎提供；仅修正修复功能的承载、持续与压力占位，不直接等同是否愿意认错或能否修复。,由M1／M2提供；夫妻星只说明伴侣原型与关系资格，不单独证明修复能力、修复意愿或修复结果。,由M3-BASE提供；日支底盘说明亲密关系中自然调用的功能，但不能单独证明修复闭环。,由M3-CONFLICT、M4-LOOP及现实事件提供；必须区分问题停止、责任承担、影响确认、行动改变、反馈整合与后续回访。,由共享基础引擎判定；近位提高相关功能进入亲密关系核心的概率，远位只作背景或阶段修正。,根气只修正某修复功能是否容易重复调用，不等于现实中已经持续改变。,旺弱只修正功能调用强度与占位，不直接等同修复质量、诚意或关系结果。,喜忌只修正功能摩擦、平衡与承载，不直接等同道德、成熟、善恶或是否值得原谅。,原十神功能有效；真合化成立时按化神功能替换，合化争议时停止定性。,近位提高修复议题与亲密关系的直接相关性；远位仅保留背景、阶段或低置信修正。,68,有效通道＋3；替代盲点另行路由,repair_channel,输出先描述功能，再描述缺口，不贴人格标签。,你可能需要先整理复杂感受，形成清楚理解后再回来回应。,不得仅凭本规则判断道歉真诚与否、要求对方原谅或复合、推断关系一定修复或失败、淡化暴力强迫与现实伤害、平均分配明显不对等的责任；现实安全、具体行为、反例与专业支持优先。,中高,待验证,,provisional=true；M3-REPAIR尚未完成，完成条件为暂定功能模型。,0.7
M4-REPAIR-148,RC10 偏印｜反思精确修复｜禁止推断,L2 十神修复功能通道,REPAIR-十神通道,通用,边界,RC10,偏印,完成现实安全、责任和反例检查。,不得把需要空间写成冷漠、回避或故意惩罚。。,由共享基础引擎提供；仅修正修复功能的承载、持续与压力占位，不直接等同是否愿意认错或能否修复。,由M1／M2提供；夫妻星只说明伴侣原型与关系资格，不单独证明修复能力、修复意愿或修复结果。,由M3-BASE提供；日支底盘说明亲密关系中自然调用的功能，但不能单独证明修复闭环。,由M3-CONFLICT、M4-LOOP及现实事件提供；必须区分问题停止、责任承担、影响确认、行动改变、反馈整合与后续回访。,由共享基础引擎判定；近位提高相关功能进入亲密关系核心的概率，远位只作背景或阶段修正。,根气只修正某修复功能是否容易重复调用，不等于现实中已经持续改变。,旺弱只修正功能调用强度与占位，不直接等同修复质量、诚意或关系结果。,喜忌只修正功能摩擦、平衡与承载，不直接等同道德、成熟、善恶或是否值得原谅。,原十神功能有效；真合化成立时按化神功能替换，合化争议时停止定性。,近位提高修复议题与亲密关系的直接相关性；远位仅保留背景、阶段或低置信修正。,82,有效通道＋3；替代盲点另行路由,repair_channel,十神修复通道不能推断诚意、道德和关系结果。,边界提示：不得把需要空间写成冷漠、回避或故意惩罚。,不得仅凭本规则判断道歉真诚与否、要求对方原谅或复合、推断关系一定修复或失败、淡化暴力强迫与现实伤害、平均分配明显不对等的责任；现实安全、具体行为、反例与专业支持优先。,中高,待验证,,provisional=true；M3-REPAIR尚未完成，完成条件为暂定功能模型。,0.7
M4-REPAIR-149,RB01 事件停止等同修复完成｜机制定义,L3 修复盲点与过早关闭,REPAIR-修复盲点,通用,定义,RB01,,存在“事件停止等同修复完成”的候选顺序。,只凭十神标签或一次模糊事件。,由共享基础引擎提供；仅修正修复功能的承载、持续与压力占位，不直接等同是否愿意认错或能否修复。,由M1／M2提供；夫妻星只说明伴侣原型与关系资格，不单独证明修复能力、修复意愿或修复结果。,由M3-BASE提供；日支底盘说明亲密关系中自然调用的功能，但不能单独证明修复闭环。,由M3-CONFLICT、M4-LOOP及现实事件提供；必须区分问题停止、责任承担、影响确认、行动改变、反馈整合与后续回访。,由共享基础引擎判定；近位提高相关功能进入亲密关系核心的概率，远位只作背景或阶段修正。,根气只修正某修复功能是否容易重复调用，不等于现实中已经持续改变。,旺弱只修正功能调用强度与占位，不直接等同修复质量、诚意或关系结果。,喜忌只修正功能摩擦、平衡与承载，不直接等同道德、成熟、善恶或是否值得原谅。,原十神功能有效；真合化成立时按化神功能替换，合化争议时停止定性。,近位提高修复议题与亲密关系的直接相关性；远位仅保留背景、阶段或低置信修正。,72,结构＋4；现实事件＋4；反例－4至停止,repair_blindspot,该盲点描述过早关闭或功能替代，不等同人格缺陷。,事情已经停下，但关系影响是否被理解、是否能重新信任，仍需要后续确认。,不得仅凭本规则判断道歉真诚与否、要求对方原谅或复合、推断关系一定修复或失败、淡化暴力强迫与现实伤害、平均分配明显不对等的责任；现实安全、具体行为、反例与专业支持优先。,中高,待验证,,provisional=true；M3-REPAIR尚未完成，完成条件为暂定功能模型。,0.7
M4-REPAIR-150,RB01 事件停止等同修复完成｜成立证据,L3 修复盲点与过早关闭,REPAIR-修复盲点,通用,证据,RB01,,RN03影响确认、RN07反馈或RN08持续回访未完成，并有具体事件顺序。,相应节点已有稳定现实证据。,由共享基础引擎提供；仅修正修复功能的承载、持续与压力占位，不直接等同是否愿意认错或能否修复。,由M1／M2提供；夫妻星只说明伴侣原型与关系资格，不单独证明修复能力、修复意愿或修复结果。,由M3-BASE提供；日支底盘说明亲密关系中自然调用的功能，但不能单独证明修复闭环。,由M3-CONFLICT、M4-LOOP及现实事件提供；必须区分问题停止、责任承担、影响确认、行动改变、反馈整合与后续回访。,由共享基础引擎判定；近位提高相关功能进入亲密关系核心的概率，远位只作背景或阶段修正。,根气只修正某修复功能是否容易重复调用，不等于现实中已经持续改变。,旺弱只修正功能调用强度与占位，不直接等同修复质量、诚意或关系结果。,喜忌只修正功能摩擦、平衡与承载，不直接等同道德、成熟、善恶或是否值得原谅。,原十神功能有效；真合化成立时按化神功能替换，合化争议时停止定性。,近位提高修复议题与亲密关系的直接相关性；远位仅保留背景、阶段或低置信修正。,86,结构＋4；现实事件＋4；反例－4至停止,repair_blindspot,缺失节点必须由现实资料确认，不能只凭结构推测。,需要继续检查：RN03影响确认、RN07反馈或RN08持续回访未完成。,不得仅凭本规则判断道歉真诚与否、要求对方原谅或复合、推断关系一定修复或失败、淡化暴力强迫与现实伤害、平均分配明显不对等的责任；现实安全、具体行为、反例与专业支持优先。,中高,待验证,,provisional=true；M3-REPAIR尚未完成，完成条件为暂定功能模型。,0.7
M4-REPAIR-151,RB01 事件停止等同修复完成｜典型路由,L3 修复盲点与过早关闭,REPAIR-修复盲点,通用,路由,RB01,,前一步修复动作已经出现，但下一项必要任务没有进入。,前后顺序完整且接收方反馈有效。,由共享基础引擎提供；仅修正修复功能的承载、持续与压力占位，不直接等同是否愿意认错或能否修复。,由M1／M2提供；夫妻星只说明伴侣原型与关系资格，不单独证明修复能力、修复意愿或修复结果。,由M3-BASE提供；日支底盘说明亲密关系中自然调用的功能，但不能单独证明修复闭环。,由M3-CONFLICT、M4-LOOP及现实事件提供；必须区分问题停止、责任承担、影响确认、行动改变、反馈整合与后续回访。,由共享基础引擎判定；近位提高相关功能进入亲密关系核心的概率，远位只作背景或阶段修正。,根气只修正某修复功能是否容易重复调用，不等于现实中已经持续改变。,旺弱只修正功能调用强度与占位，不直接等同修复质量、诚意或关系结果。,喜忌只修正功能摩擦、平衡与承载，不直接等同道德、成熟、善恶或是否值得原谅。,原十神功能有效；真合化成立时按化神功能替换，合化争议时停止定性。,近位提高修复议题与亲密关系的直接相关性；远位仅保留背景、阶段或低置信修正。,72,结构＋4；现实事件＋4；反例－4至停止,repair_blindspot,路由说明卡点发生在哪里。,目前更像是前一步完成后，下一步没有顺利接上。,不得仅凭本规则判断道歉真诚与否、要求对方原谅或复合、推断关系一定修复或失败、淡化暴力强迫与现实伤害、平均分配明显不对等的责任；现实安全、具体行为、反例与专业支持优先。,中高,待验证,,provisional=true；M3-REPAIR尚未完成，完成条件为暂定功能模型。,0.7
M4-REPAIR-152,RB01 事件停止等同修复完成｜反例与替代解释,L3 修复盲点与过早关闭,REPAIR-修复盲点,通用,反例,RB01,,检查事件强度、双方意愿、时间不足、合理拒绝和安全因素。,忽略成功修复或把合理边界当卡点。,由共享基础引擎提供；仅修正修复功能的承载、持续与压力占位，不直接等同是否愿意认错或能否修复。,由M1／M2提供；夫妻星只说明伴侣原型与关系资格，不单独证明修复能力、修复意愿或修复结果。,由M3-BASE提供；日支底盘说明亲密关系中自然调用的功能，但不能单独证明修复闭环。,由M3-CONFLICT、M4-LOOP及现实事件提供；必须区分问题停止、责任承担、影响确认、行动改变、反馈整合与后续回访。,由共享基础引擎判定；近位提高相关功能进入亲密关系核心的概率，远位只作背景或阶段修正。,根气只修正某修复功能是否容易重复调用，不等于现实中已经持续改变。,旺弱只修正功能调用强度与占位，不直接等同修复质量、诚意或关系结果。,喜忌只修正功能摩擦、平衡与承载，不直接等同道德、成熟、善恶或是否值得原谅。,原十神功能有效；真合化成立时按化神功能替换，合化争议时停止定性。,近位提高修复议题与亲密关系的直接相关性；远位仅保留背景、阶段或低置信修正。,86,结构＋4；现实事件＋4；反例－4至停止,repair_blindspot,同一表面结果可能来自合理暂停、信息不足或不愿继续关系。,也要检查这是否只是合理暂停、资料不足，或对方选择不继续，而不是修复能力问题。,不得仅凭本规则判断道歉真诚与否、要求对方原谅或复合、推断关系一定修复或失败、淡化暴力强迫与现实伤害、平均分配明显不对等的责任；现实安全、具体行为、反例与专业支持优先。,中高,待验证,,provisional=true；M3-REPAIR尚未完成，完成条件为暂定功能模型。,0.7
M4-REPAIR-153,RB01 事件停止等同修复完成｜用户输出,L3 修复盲点与过早关闭,REPAIR-修复盲点,通用,输出,RB01,,该盲点达到E2或以上，并完成反例检查。,资料不足或安全停止。,由共享基础引擎提供；仅修正修复功能的承载、持续与压力占位，不直接等同是否愿意认错或能否修复。,由M1／M2提供；夫妻星只说明伴侣原型与关系资格，不单独证明修复能力、修复意愿或修复结果。,由M3-BASE提供；日支底盘说明亲密关系中自然调用的功能，但不能单独证明修复闭环。,由M3-CONFLICT、M4-LOOP及现实事件提供；必须区分问题停止、责任承担、影响确认、行动改变、反馈整合与后续回访。,由共享基础引擎判定；近位提高相关功能进入亲密关系核心的概率，远位只作背景或阶段修正。,根气只修正某修复功能是否容易重复调用，不等于现实中已经持续改变。,旺弱只修正功能调用强度与占位，不直接等同修复质量、诚意或关系结果。,喜忌只修正功能摩擦、平衡与承载，不直接等同道德、成熟、善恶或是否值得原谅。,原十神功能有效；真合化成立时按化神功能替换，合化争议时停止定性。,近位提高修复议题与亲密关系的直接相关性；远位仅保留背景、阶段或低置信修正。,72,结构＋4；现实事件＋4；反例－4至停止,repair_blindspot,语言应说明“已完成什么、缺什么、如何验证”。,事情已经停下，但关系影响是否被理解、是否能重新信任，仍需要后续确认。,不得仅凭本规则判断道歉真诚与否、要求对方原谅或复合、推断关系一定修复或失败、淡化暴力强迫与现实伤害、平均分配明显不对等的责任；现实安全、具体行为、反例与专业支持优先。,中高,待验证,,provisional=true；M3-REPAIR尚未完成，完成条件为暂定功能模型。,0.7
M4-REPAIR-154,RB01 事件停止等同修复完成｜退出条件,L3 修复盲点与过早关闭,REPAIR-修复盲点,通用,保护,RB01,,区分“没有继续发生”和“关系重新安全”。,只给抽象建议，没有可观察节点。,由共享基础引擎提供；仅修正修复功能的承载、持续与压力占位，不直接等同是否愿意认错或能否修复。,由M1／M2提供；夫妻星只说明伴侣原型与关系资格，不单独证明修复能力、修复意愿或修复结果。,由M3-BASE提供；日支底盘说明亲密关系中自然调用的功能，但不能单独证明修复闭环。,由M3-CONFLICT、M4-LOOP及现实事件提供；必须区分问题停止、责任承担、影响确认、行动改变、反馈整合与后续回访。,由共享基础引擎判定；近位提高相关功能进入亲密关系核心的概率，远位只作背景或阶段修正。,根气只修正某修复功能是否容易重复调用，不等于现实中已经持续改变。,旺弱只修正功能调用强度与占位，不直接等同修复质量、诚意或关系结果。,喜忌只修正功能摩擦、平衡与承载，不直接等同道德、成熟、善恶或是否值得原谅。,原十神功能有效；真合化成立时按化神功能替换，合化争议时停止定性。,近位提高修复议题与亲密关系的直接相关性；远位仅保留背景、阶段或低置信修正。,72,结构＋4；现实事件＋4；反例－4至停止,repair_blindspot,退出条件必须能改变具体修复链，而不是要求人格改变。,中断这个卡点的关键是：区分“没有继续发生”和“关系重新安全”。,不得仅凭本规则判断道歉真诚与否、要求对方原谅或复合、推断关系一定修复或失败、淡化暴力强迫与现实伤害、平均分配明显不对等的责任；现实安全、具体行为、反例与专业支持优先。,中高,待验证,,provisional=true；M3-REPAIR尚未完成，完成条件为暂定功能模型。,0.7
M4-REPAIR-155,RB02 事实说清等同影响被理解｜机制定义,L3 修复盲点与过早关闭,REPAIR-修复盲点,通用,定义,RB02,,存在“事实说清等同影响被理解”的候选顺序。,只凭十神标签或一次模糊事件。,由共享基础引擎提供；仅修正修复功能的承载、持续与压力占位，不直接等同是否愿意认错或能否修复。,由M1／M2提供；夫妻星只说明伴侣原型与关系资格，不单独证明修复能力、修复意愿或修复结果。,由M3-BASE提供；日支底盘说明亲密关系中自然调用的功能，但不能单独证明修复闭环。,由M3-CONFLICT、M4-LOOP及现实事件提供；必须区分问题停止、责任承担、影响确认、行动改变、反馈整合与后续回访。,由共享基础引擎判定；近位提高相关功能进入亲密关系核心的概率，远位只作背景或阶段修正。,根气只修正某修复功能是否容易重复调用，不等于现实中已经持续改变。,旺弱只修正功能调用强度与占位，不直接等同修复质量、诚意或关系结果。,喜忌只修正功能摩擦、平衡与承载，不直接等同道德、成熟、善恶或是否值得原谅。,原十神功能有效；真合化成立时按化神功能替换，合化争议时停止定性。,近位提高修复议题与亲密关系的直接相关性；远位仅保留背景、阶段或低置信修正。,72,结构＋4；现实事件＋4；反例－4至停止,repair_blindspot,该盲点描述过早关闭或功能替代，不等同人格缺陷。,把事情说清是重要一步，但还要确认这件事对你造成了什么影响。,不得仅凭本规则判断道歉真诚与否、要求对方原谅或复合、推断关系一定修复或失败、淡化暴力强迫与现实伤害、平均分配明显不对等的责任；现实安全、具体行为、反例与专业支持优先。,中高,待验证,,provisional=true；M3-REPAIR尚未完成，完成条件为暂定功能模型。,0.7
M4-REPAIR-156,RB02 事实说清等同影响被理解｜成立证据,L3 修复盲点与过早关闭,REPAIR-修复盲点,通用,证据,RB02,,RN02有效但RN03不足，并有具体事件顺序。,相应节点已有稳定现实证据。,由共享基础引擎提供；仅修正修复功能的承载、持续与压力占位，不直接等同是否愿意认错或能否修复。,由M1／M2提供；夫妻星只说明伴侣原型与关系资格，不单独证明修复能力、修复意愿或修复结果。,由M3-BASE提供；日支底盘说明亲密关系中自然调用的功能，但不能单独证明修复闭环。,由M3-CONFLICT、M4-LOOP及现实事件提供；必须区分问题停止、责任承担、影响确认、行动改变、反馈整合与后续回访。,由共享基础引擎判定；近位提高相关功能进入亲密关系核心的概率，远位只作背景或阶段修正。,根气只修正某修复功能是否容易重复调用，不等于现实中已经持续改变。,旺弱只修正功能调用强度与占位，不直接等同修复质量、诚意或关系结果。,喜忌只修正功能摩擦、平衡与承载，不直接等同道德、成熟、善恶或是否值得原谅。,原十神功能有效；真合化成立时按化神功能替换，合化争议时停止定性。,近位提高修复议题与亲密关系的直接相关性；远位仅保留背景、阶段或低置信修正。,86,结构＋4；现实事件＋4；反例－4至停止,repair_blindspot,缺失节点必须由现实资料确认，不能只凭结构推测。,需要继续检查：RN02有效但RN03不足。,不得仅凭本规则判断道歉真诚与否、要求对方原谅或复合、推断关系一定修复或失败、淡化暴力强迫与现实伤害、平均分配明显不对等的责任；现实安全、具体行为、反例与专业支持优先。,中高,待验证,,provisional=true；M3-REPAIR尚未完成，完成条件为暂定功能模型。,0.7
M4-REPAIR-157,RB02 事实说清等同影响被理解｜典型路由,L3 修复盲点与过早关闭,REPAIR-修复盲点,通用,路由,RB02,,前一步修复动作已经出现，但下一项必要任务没有进入。,前后顺序完整且接收方反馈有效。,由共享基础引擎提供；仅修正修复功能的承载、持续与压力占位，不直接等同是否愿意认错或能否修复。,由M1／M2提供；夫妻星只说明伴侣原型与关系资格，不单独证明修复能力、修复意愿或修复结果。,由M3-BASE提供；日支底盘说明亲密关系中自然调用的功能，但不能单独证明修复闭环。,由M3-CONFLICT、M4-LOOP及现实事件提供；必须区分问题停止、责任承担、影响确认、行动改变、反馈整合与后续回访。,由共享基础引擎判定；近位提高相关功能进入亲密关系核心的概率，远位只作背景或阶段修正。,根气只修正某修复功能是否容易重复调用，不等于现实中已经持续改变。,旺弱只修正功能调用强度与占位，不直接等同修复质量、诚意或关系结果。,喜忌只修正功能摩擦、平衡与承载，不直接等同道德、成熟、善恶或是否值得原谅。,原十神功能有效；真合化成立时按化神功能替换，合化争议时停止定性。,近位提高修复议题与亲密关系的直接相关性；远位仅保留背景、阶段或低置信修正。,72,结构＋4；现实事件＋4；反例－4至停止,repair_blindspot,路由说明卡点发生在哪里。,目前更像是前一步完成后，下一步没有顺利接上。,不得仅凭本规则判断道歉真诚与否、要求对方原谅或复合、推断关系一定修复或失败、淡化暴力强迫与现实伤害、平均分配明显不对等的责任；现实安全、具体行为、反例与专业支持优先。,中高,待验证,,provisional=true；M3-REPAIR尚未完成，完成条件为暂定功能模型。,0.7
M4-REPAIR-158,RB02 事实说清等同影响被理解｜反例与替代解释,L3 修复盲点与过早关闭,REPAIR-修复盲点,通用,反例,RB02,,检查事件强度、双方意愿、时间不足、合理拒绝和安全因素。,忽略成功修复或把合理边界当卡点。,由共享基础引擎提供；仅修正修复功能的承载、持续与压力占位，不直接等同是否愿意认错或能否修复。,由M1／M2提供；夫妻星只说明伴侣原型与关系资格，不单独证明修复能力、修复意愿或修复结果。,由M3-BASE提供；日支底盘说明亲密关系中自然调用的功能，但不能单独证明修复闭环。,由M3-CONFLICT、M4-LOOP及现实事件提供；必须区分问题停止、责任承担、影响确认、行动改变、反馈整合与后续回访。,由共享基础引擎判定；近位提高相关功能进入亲密关系核心的概率，远位只作背景或阶段修正。,根气只修正某修复功能是否容易重复调用，不等于现实中已经持续改变。,旺弱只修正功能调用强度与占位，不直接等同修复质量、诚意或关系结果。,喜忌只修正功能摩擦、平衡与承载，不直接等同道德、成熟、善恶或是否值得原谅。,原十神功能有效；真合化成立时按化神功能替换，合化争议时停止定性。,近位提高修复议题与亲密关系的直接相关性；远位仅保留背景、阶段或低置信修正。,86,结构＋4；现实事件＋4；反例－4至停止,repair_blindspot,同一表面结果可能来自合理暂停、信息不足或不愿继续关系。,也要检查这是否只是合理暂停、资料不足，或对方选择不继续，而不是修复能力问题。,不得仅凭本规则判断道歉真诚与否、要求对方原谅或复合、推断关系一定修复或失败、淡化暴力强迫与现实伤害、平均分配明显不对等的责任；现实安全、具体行为、反例与专业支持优先。,中高,待验证,,provisional=true；M3-REPAIR尚未完成，完成条件为暂定功能模型。,0.7
M4-REPAIR-159,RB02 事实说清等同影响被理解｜用户输出,L3 修复盲点与过早关闭,REPAIR-修复盲点,通用,输出,RB02,,该盲点达到E2或以上，并完成反例检查。,资料不足或安全停止。,由共享基础引擎提供；仅修正修复功能的承载、持续与压力占位，不直接等同是否愿意认错或能否修复。,由M1／M2提供；夫妻星只说明伴侣原型与关系资格，不单独证明修复能力、修复意愿或修复结果。,由M3-BASE提供；日支底盘说明亲密关系中自然调用的功能，但不能单独证明修复闭环。,由M3-CONFLICT、M4-LOOP及现实事件提供；必须区分问题停止、责任承担、影响确认、行动改变、反馈整合与后续回访。,由共享基础引擎判定；近位提高相关功能进入亲密关系核心的概率，远位只作背景或阶段修正。,根气只修正某修复功能是否容易重复调用，不等于现实中已经持续改变。,旺弱只修正功能调用强度与占位，不直接等同修复质量、诚意或关系结果。,喜忌只修正功能摩擦、平衡与承载，不直接等同道德、成熟、善恶或是否值得原谅。,原十神功能有效；真合化成立时按化神功能替换，合化争议时停止定性。,近位提高修复议题与亲密关系的直接相关性；远位仅保留背景、阶段或低置信修正。,72,结构＋4；现实事件＋4；反例－4至停止,repair_blindspot,语言应说明“已完成什么、缺什么、如何验证”。,把事情说清是重要一步，但还要确认这件事对你造成了什么影响。,不得仅凭本规则判断道歉真诚与否、要求对方原谅或复合、推断关系一定修复或失败、淡化暴力强迫与现实伤害、平均分配明显不对等的责任；现实安全、具体行为、反例与专业支持优先。,中高,待验证,,provisional=true；M3-REPAIR尚未完成，完成条件为暂定功能模型。,0.7
M4-REPAIR-160,RB02 事实说清等同影响被理解｜退出条件,L3 修复盲点与过早关闭,REPAIR-修复盲点,通用,保护,RB02,,在事实之后增加影响复述和接收方校验。,只给抽象建议，没有可观察节点。,由共享基础引擎提供；仅修正修复功能的承载、持续与压力占位，不直接等同是否愿意认错或能否修复。,由M1／M2提供；夫妻星只说明伴侣原型与关系资格，不单独证明修复能力、修复意愿或修复结果。,由M3-BASE提供；日支底盘说明亲密关系中自然调用的功能，但不能单独证明修复闭环。,由M3-CONFLICT、M4-LOOP及现实事件提供；必须区分问题停止、责任承担、影响确认、行动改变、反馈整合与后续回访。,由共享基础引擎判定；近位提高相关功能进入亲密关系核心的概率，远位只作背景或阶段修正。,根气只修正某修复功能是否容易重复调用，不等于现实中已经持续改变。,旺弱只修正功能调用强度与占位，不直接等同修复质量、诚意或关系结果。,喜忌只修正功能摩擦、平衡与承载，不直接等同道德、成熟、善恶或是否值得原谅。,原十神功能有效；真合化成立时按化神功能替换，合化争议时停止定性。,近位提高修复议题与亲密关系的直接相关性；远位仅保留背景、阶段或低置信修正。,72,结构＋4；现实事件＋4；反例－4至停止,repair_blindspot,退出条件必须能改变具体修复链，而不是要求人格改变。,中断这个卡点的关键是：在事实之后增加影响复述和接收方校验。,不得仅凭本规则判断道歉真诚与否、要求对方原谅或复合、推断关系一定修复或失败、淡化暴力强迫与现实伤害、平均分配明显不对等的责任；现实安全、具体行为、反例与专业支持优先。,中高,待验证,,provisional=true；M3-REPAIR尚未完成，完成条件为暂定功能模型。,0.7
M4-REPAIR-161,RB03 解释原因等同责任承担｜机制定义,L3 修复盲点与过早关闭,REPAIR-修复盲点,通用,定义,RB03,,存在“解释原因等同责任承担”的候选顺序。,只凭十神标签或一次模糊事件。,由共享基础引擎提供；仅修正修复功能的承载、持续与压力占位，不直接等同是否愿意认错或能否修复。,由M1／M2提供；夫妻星只说明伴侣原型与关系资格，不单独证明修复能力、修复意愿或修复结果。,由M3-BASE提供；日支底盘说明亲密关系中自然调用的功能，但不能单独证明修复闭环。,由M3-CONFLICT、M4-LOOP及现实事件提供；必须区分问题停止、责任承担、影响确认、行动改变、反馈整合与后续回访。,由共享基础引擎判定；近位提高相关功能进入亲密关系核心的概率，远位只作背景或阶段修正。,根气只修正某修复功能是否容易重复调用，不等于现实中已经持续改变。,旺弱只修正功能调用强度与占位，不直接等同修复质量、诚意或关系结果。,喜忌只修正功能摩擦、平衡与承载，不直接等同道德、成熟、善恶或是否值得原谅。,原十神功能有效；真合化成立时按化神功能替换，合化争议时停止定性。,近位提高修复议题与亲密关系的直接相关性；远位仅保留背景、阶段或低置信修正。,72,结构＋4；现实事件＋4；反例－4至停止,repair_blindspot,该盲点描述过早关闭或功能替代，不等同人格缺陷。,解释为什么发生有助于理解，但还要明确谁对什么负责，以及接下来怎样不同。,不得仅凭本规则判断道歉真诚与否、要求对方原谅或复合、推断关系一定修复或失败、淡化暴力强迫与现实伤害、平均分配明显不对等的责任；现实安全、具体行为、反例与专业支持优先。,中高,待验证,,provisional=true；M3-REPAIR尚未完成，完成条件为暂定功能模型。,0.7
M4-REPAIR-162,RB03 解释原因等同责任承担｜成立证据,L3 修复盲点与过早关闭,REPAIR-修复盲点,通用,证据,RB03,,RN04责任范围和RN06改变不足，并有具体事件顺序。,相应节点已有稳定现实证据。,由共享基础引擎提供；仅修正修复功能的承载、持续与压力占位，不直接等同是否愿意认错或能否修复。,由M1／M2提供；夫妻星只说明伴侣原型与关系资格，不单独证明修复能力、修复意愿或修复结果。,由M3-BASE提供；日支底盘说明亲密关系中自然调用的功能，但不能单独证明修复闭环。,由M3-CONFLICT、M4-LOOP及现实事件提供；必须区分问题停止、责任承担、影响确认、行动改变、反馈整合与后续回访。,由共享基础引擎判定；近位提高相关功能进入亲密关系核心的概率，远位只作背景或阶段修正。,根气只修正某修复功能是否容易重复调用，不等于现实中已经持续改变。,旺弱只修正功能调用强度与占位，不直接等同修复质量、诚意或关系结果。,喜忌只修正功能摩擦、平衡与承载，不直接等同道德、成熟、善恶或是否值得原谅。,原十神功能有效；真合化成立时按化神功能替换，合化争议时停止定性。,近位提高修复议题与亲密关系的直接相关性；远位仅保留背景、阶段或低置信修正。,86,结构＋4；现实事件＋4；反例－4至停止,repair_blindspot,缺失节点必须由现实资料确认，不能只凭结构推测。,需要继续检查：RN04责任范围和RN06改变不足。,不得仅凭本规则判断道歉真诚与否、要求对方原谅或复合、推断关系一定修复或失败、淡化暴力强迫与现实伤害、平均分配明显不对等的责任；现实安全、具体行为、反例与专业支持优先。,中高,待验证,,provisional=true；M3-REPAIR尚未完成，完成条件为暂定功能模型。,0.7
M4-REPAIR-163,RB03 解释原因等同责任承担｜典型路由,L3 修复盲点与过早关闭,REPAIR-修复盲点,通用,路由,RB03,,前一步修复动作已经出现，但下一项必要任务没有进入。,前后顺序完整且接收方反馈有效。,由共享基础引擎提供；仅修正修复功能的承载、持续与压力占位，不直接等同是否愿意认错或能否修复。,由M1／M2提供；夫妻星只说明伴侣原型与关系资格，不单独证明修复能力、修复意愿或修复结果。,由M3-BASE提供；日支底盘说明亲密关系中自然调用的功能，但不能单独证明修复闭环。,由M3-CONFLICT、M4-LOOP及现实事件提供；必须区分问题停止、责任承担、影响确认、行动改变、反馈整合与后续回访。,由共享基础引擎判定；近位提高相关功能进入亲密关系核心的概率，远位只作背景或阶段修正。,根气只修正某修复功能是否容易重复调用，不等于现实中已经持续改变。,旺弱只修正功能调用强度与占位，不直接等同修复质量、诚意或关系结果。,喜忌只修正功能摩擦、平衡与承载，不直接等同道德、成熟、善恶或是否值得原谅。,原十神功能有效；真合化成立时按化神功能替换，合化争议时停止定性。,近位提高修复议题与亲密关系的直接相关性；远位仅保留背景、阶段或低置信修正。,72,结构＋4；现实事件＋4；反例－4至停止,repair_blindspot,路由说明卡点发生在哪里。,目前更像是前一步完成后，下一步没有顺利接上。,不得仅凭本规则判断道歉真诚与否、要求对方原谅或复合、推断关系一定修复或失败、淡化暴力强迫与现实伤害、平均分配明显不对等的责任；现实安全、具体行为、反例与专业支持优先。,中高,待验证,,provisional=true；M3-REPAIR尚未完成，完成条件为暂定功能模型。,0.7
M4-REPAIR-164,RB03 解释原因等同责任承担｜反例与替代解释,L3 修复盲点与过早关闭,REPAIR-修复盲点,通用,反例,RB03,,检查事件强度、双方意愿、时间不足、合理拒绝和安全因素。,忽略成功修复或把合理边界当卡点。,由共享基础引擎提供；仅修正修复功能的承载、持续与压力占位，不直接等同是否愿意认错或能否修复。,由M1／M2提供；夫妻星只说明伴侣原型与关系资格，不单独证明修复能力、修复意愿或修复结果。,由M3-BASE提供；日支底盘说明亲密关系中自然调用的功能，但不能单独证明修复闭环。,由M3-CONFLICT、M4-LOOP及现实事件提供；必须区分问题停止、责任承担、影响确认、行动改变、反馈整合与后续回访。,由共享基础引擎判定；近位提高相关功能进入亲密关系核心的概率，远位只作背景或阶段修正。,根气只修正某修复功能是否容易重复调用，不等于现实中已经持续改变。,旺弱只修正功能调用强度与占位，不直接等同修复质量、诚意或关系结果。,喜忌只修正功能摩擦、平衡与承载，不直接等同道德、成熟、善恶或是否值得原谅。,原十神功能有效；真合化成立时按化神功能替换，合化争议时停止定性。,近位提高修复议题与亲密关系的直接相关性；远位仅保留背景、阶段或低置信修正。,86,结构＋4；现实事件＋4；反例－4至停止,repair_blindspot,同一表面结果可能来自合理暂停、信息不足或不愿继续关系。,也要检查这是否只是合理暂停、资料不足，或对方选择不继续，而不是修复能力问题。,不得仅凭本规则判断道歉真诚与否、要求对方原谅或复合、推断关系一定修复或失败、淡化暴力强迫与现实伤害、平均分配明显不对等的责任；现实安全、具体行为、反例与专业支持优先。,中高,待验证,,provisional=true；M3-REPAIR尚未完成，完成条件为暂定功能模型。,0.7
M4-REPAIR-165,RB03 解释原因等同责任承担｜用户输出,L3 修复盲点与过早关闭,REPAIR-修复盲点,通用,输出,RB03,,该盲点达到E2或以上，并完成反例检查。,资料不足或安全停止。,由共享基础引擎提供；仅修正修复功能的承载、持续与压力占位，不直接等同是否愿意认错或能否修复。,由M1／M2提供；夫妻星只说明伴侣原型与关系资格，不单独证明修复能力、修复意愿或修复结果。,由M3-BASE提供；日支底盘说明亲密关系中自然调用的功能，但不能单独证明修复闭环。,由M3-CONFLICT、M4-LOOP及现实事件提供；必须区分问题停止、责任承担、影响确认、行动改变、反馈整合与后续回访。,由共享基础引擎判定；近位提高相关功能进入亲密关系核心的概率，远位只作背景或阶段修正。,根气只修正某修复功能是否容易重复调用，不等于现实中已经持续改变。,旺弱只修正功能调用强度与占位，不直接等同修复质量、诚意或关系结果。,喜忌只修正功能摩擦、平衡与承载，不直接等同道德、成熟、善恶或是否值得原谅。,原十神功能有效；真合化成立时按化神功能替换，合化争议时停止定性。,近位提高修复议题与亲密关系的直接相关性；远位仅保留背景、阶段或低置信修正。,72,结构＋4；现实事件＋4；反例－4至停止,repair_blindspot,语言应说明“已完成什么、缺什么、如何验证”。,解释为什么发生有助于理解，但还要明确谁对什么负责，以及接下来怎样不同。,不得仅凭本规则判断道歉真诚与否、要求对方原谅或复合、推断关系一定修复或失败、淡化暴力强迫与现实伤害、平均分配明显不对等的责任；现实安全、具体行为、反例与专业支持优先。,中高,待验证,,provisional=true；M3-REPAIR尚未完成，完成条件为暂定功能模型。,0.7
M4-REPAIR-166,RB03 解释原因等同责任承担｜退出条件,L3 修复盲点与过早关闭,REPAIR-修复盲点,通用,保护,RB03,,原因说明与责任承担分栏记录。,只给抽象建议，没有可观察节点。,由共享基础引擎提供；仅修正修复功能的承载、持续与压力占位，不直接等同是否愿意认错或能否修复。,由M1／M2提供；夫妻星只说明伴侣原型与关系资格，不单独证明修复能力、修复意愿或修复结果。,由M3-BASE提供；日支底盘说明亲密关系中自然调用的功能，但不能单独证明修复闭环。,由M3-CONFLICT、M4-LOOP及现实事件提供；必须区分问题停止、责任承担、影响确认、行动改变、反馈整合与后续回访。,由共享基础引擎判定；近位提高相关功能进入亲密关系核心的概率，远位只作背景或阶段修正。,根气只修正某修复功能是否容易重复调用，不等于现实中已经持续改变。,旺弱只修正功能调用强度与占位，不直接等同修复质量、诚意或关系结果。,喜忌只修正功能摩擦、平衡与承载，不直接等同道德、成熟、善恶或是否值得原谅。,原十神功能有效；真合化成立时按化神功能替换，合化争议时停止定性。,近位提高修复议题与亲密关系的直接相关性；远位仅保留背景、阶段或低置信修正。,72,结构＋4；现实事件＋4；反例－4至停止,repair_blindspot,退出条件必须能改变具体修复链，而不是要求人格改变。,中断这个卡点的关键是：原因说明与责任承担分栏记录。,不得仅凭本规则判断道歉真诚与否、要求对方原谅或复合、推断关系一定修复或失败、淡化暴力强迫与现实伤害、平均分配明显不对等的责任；现实安全、具体行为、反例与专业支持优先。,中高,待验证,,provisional=true；M3-REPAIR尚未完成，完成条件为暂定功能模型。,0.7
M4-REPAIR-167,RB04 道歉表达等同行为改变｜机制定义,L3 修复盲点与过早关闭,REPAIR-修复盲点,通用,定义,RB04,,存在“道歉表达等同行为改变”的候选顺序。,只凭十神标签或一次模糊事件。,由共享基础引擎提供；仅修正修复功能的承载、持续与压力占位，不直接等同是否愿意认错或能否修复。,由M1／M2提供；夫妻星只说明伴侣原型与关系资格，不单独证明修复能力、修复意愿或修复结果。,由M3-BASE提供；日支底盘说明亲密关系中自然调用的功能，但不能单独证明修复闭环。,由M3-CONFLICT、M4-LOOP及现实事件提供；必须区分问题停止、责任承担、影响确认、行动改变、反馈整合与后续回访。,由共享基础引擎判定；近位提高相关功能进入亲密关系核心的概率，远位只作背景或阶段修正。,根气只修正某修复功能是否容易重复调用，不等于现实中已经持续改变。,旺弱只修正功能调用强度与占位，不直接等同修复质量、诚意或关系结果。,喜忌只修正功能摩擦、平衡与承载，不直接等同道德、成熟、善恶或是否值得原谅。,原十神功能有效；真合化成立时按化神功能替换，合化争议时停止定性。,近位提高修复议题与亲密关系的直接相关性；远位仅保留背景、阶段或低置信修正。,72,结构＋4；现实事件＋4；反例－4至停止,repair_blindspot,该盲点描述过早关闭或功能替代，不等同人格缺陷。,道歉说明修复已经启动，但真正的改变要看之后相似情境中的行为。,不得仅凭本规则判断道歉真诚与否、要求对方原谅或复合、推断关系一定修复或失败、淡化暴力强迫与现实伤害、平均分配明显不对等的责任；现实安全、具体行为、反例与专业支持优先。,中高,待验证,,provisional=true；M3-REPAIR尚未完成，完成条件为暂定功能模型。,0.7
M4-REPAIR-168,RB04 道歉表达等同行为改变｜成立证据,L3 修复盲点与过早关闭,REPAIR-修复盲点,通用,证据,RB04,,RN06执行和RN08持续性不足，并有具体事件顺序。,相应节点已有稳定现实证据。,由共享基础引擎提供；仅修正修复功能的承载、持续与压力占位，不直接等同是否愿意认错或能否修复。,由M1／M2提供；夫妻星只说明伴侣原型与关系资格，不单独证明修复能力、修复意愿或修复结果。,由M3-BASE提供；日支底盘说明亲密关系中自然调用的功能，但不能单独证明修复闭环。,由M3-CONFLICT、M4-LOOP及现实事件提供；必须区分问题停止、责任承担、影响确认、行动改变、反馈整合与后续回访。,由共享基础引擎判定；近位提高相关功能进入亲密关系核心的概率，远位只作背景或阶段修正。,根气只修正某修复功能是否容易重复调用，不等于现实中已经持续改变。,旺弱只修正功能调用强度与占位，不直接等同修复质量、诚意或关系结果。,喜忌只修正功能摩擦、平衡与承载，不直接等同道德、成熟、善恶或是否值得原谅。,原十神功能有效；真合化成立时按化神功能替换，合化争议时停止定性。,近位提高修复议题与亲密关系的直接相关性；远位仅保留背景、阶段或低置信修正。,86,结构＋4；现实事件＋4；反例－4至停止,repair_blindspot,缺失节点必须由现实资料确认，不能只凭结构推测。,需要继续检查：RN06执行和RN08持续性不足。,不得仅凭本规则判断道歉真诚与否、要求对方原谅或复合、推断关系一定修复或失败、淡化暴力强迫与现实伤害、平均分配明显不对等的责任；现实安全、具体行为、反例与专业支持优先。,中高,待验证,,provisional=true；M3-REPAIR尚未完成，完成条件为暂定功能模型。,0.7
M4-REPAIR-169,RB04 道歉表达等同行为改变｜典型路由,L3 修复盲点与过早关闭,REPAIR-修复盲点,通用,路由,RB04,,前一步修复动作已经出现，但下一项必要任务没有进入。,前后顺序完整且接收方反馈有效。,由共享基础引擎提供；仅修正修复功能的承载、持续与压力占位，不直接等同是否愿意认错或能否修复。,由M1／M2提供；夫妻星只说明伴侣原型与关系资格，不单独证明修复能力、修复意愿或修复结果。,由M3-BASE提供；日支底盘说明亲密关系中自然调用的功能，但不能单独证明修复闭环。,由M3-CONFLICT、M4-LOOP及现实事件提供；必须区分问题停止、责任承担、影响确认、行动改变、反馈整合与后续回访。,由共享基础引擎判定；近位提高相关功能进入亲密关系核心的概率，远位只作背景或阶段修正。,根气只修正某修复功能是否容易重复调用，不等于现实中已经持续改变。,旺弱只修正功能调用强度与占位，不直接等同修复质量、诚意或关系结果。,喜忌只修正功能摩擦、平衡与承载，不直接等同道德、成熟、善恶或是否值得原谅。,原十神功能有效；真合化成立时按化神功能替换，合化争议时停止定性。,近位提高修复议题与亲密关系的直接相关性；远位仅保留背景、阶段或低置信修正。,72,结构＋4；现实事件＋4；反例－4至停止,repair_blindspot,路由说明卡点发生在哪里。,目前更像是前一步完成后，下一步没有顺利接上。,不得仅凭本规则判断道歉真诚与否、要求对方原谅或复合、推断关系一定修复或失败、淡化暴力强迫与现实伤害、平均分配明显不对等的责任；现实安全、具体行为、反例与专业支持优先。,中高,待验证,,provisional=true；M3-REPAIR尚未完成，完成条件为暂定功能模型。,0.7
M4-REPAIR-170,RB04 道歉表达等同行为改变｜反例与替代解释,L3 修复盲点与过早关闭,REPAIR-修复盲点,通用,反例,RB04,,检查事件强度、双方意愿、时间不足、合理拒绝和安全因素。,忽略成功修复或把合理边界当卡点。,由共享基础引擎提供；仅修正修复功能的承载、持续与压力占位，不直接等同是否愿意认错或能否修复。,由M1／M2提供；夫妻星只说明伴侣原型与关系资格，不单独证明修复能力、修复意愿或修复结果。,由M3-BASE提供；日支底盘说明亲密关系中自然调用的功能，但不能单独证明修复闭环。,由M3-CONFLICT、M4-LOOP及现实事件提供；必须区分问题停止、责任承担、影响确认、行动改变、反馈整合与后续回访。,由共享基础引擎判定；近位提高相关功能进入亲密关系核心的概率，远位只作背景或阶段修正。,根气只修正某修复功能是否容易重复调用，不等于现实中已经持续改变。,旺弱只修正功能调用强度与占位，不直接等同修复质量、诚意或关系结果。,喜忌只修正功能摩擦、平衡与承载，不直接等同道德、成熟、善恶或是否值得原谅。,原十神功能有效；真合化成立时按化神功能替换，合化争议时停止定性。,近位提高修复议题与亲密关系的直接相关性；远位仅保留背景、阶段或低置信修正。,86,结构＋4；现实事件＋4；反例－4至停止,repair_blindspot,同一表面结果可能来自合理暂停、信息不足或不愿继续关系。,也要检查这是否只是合理暂停、资料不足，或对方选择不继续，而不是修复能力问题。,不得仅凭本规则判断道歉真诚与否、要求对方原谅或复合、推断关系一定修复或失败、淡化暴力强迫与现实伤害、平均分配明显不对等的责任；现实安全、具体行为、反例与专业支持优先。,中高,待验证,,provisional=true；M3-REPAIR尚未完成，完成条件为暂定功能模型。,0.7
M4-REPAIR-171,RB04 道歉表达等同行为改变｜用户输出,L3 修复盲点与过早关闭,REPAIR-修复盲点,通用,输出,RB04,,该盲点达到E2或以上，并完成反例检查。,资料不足或安全停止。,由共享基础引擎提供；仅修正修复功能的承载、持续与压力占位，不直接等同是否愿意认错或能否修复。,由M1／M2提供；夫妻星只说明伴侣原型与关系资格，不单独证明修复能力、修复意愿或修复结果。,由M3-BASE提供；日支底盘说明亲密关系中自然调用的功能，但不能单独证明修复闭环。,由M3-CONFLICT、M4-LOOP及现实事件提供；必须区分问题停止、责任承担、影响确认、行动改变、反馈整合与后续回访。,由共享基础引擎判定；近位提高相关功能进入亲密关系核心的概率，远位只作背景或阶段修正。,根气只修正某修复功能是否容易重复调用，不等于现实中已经持续改变。,旺弱只修正功能调用强度与占位，不直接等同修复质量、诚意或关系结果。,喜忌只修正功能摩擦、平衡与承载，不直接等同道德、成熟、善恶或是否值得原谅。,原十神功能有效；真合化成立时按化神功能替换，合化争议时停止定性。,近位提高修复议题与亲密关系的直接相关性；远位仅保留背景、阶段或低置信修正。,72,结构＋4；现实事件＋4；反例－4至停止,repair_blindspot,语言应说明“已完成什么、缺什么、如何验证”。,道歉说明修复已经启动，但真正的改变要看之后相似情境中的行为。,不得仅凭本规则判断道歉真诚与否、要求对方原谅或复合、推断关系一定修复或失败、淡化暴力强迫与现实伤害、平均分配明显不对等的责任；现实安全、具体行为、反例与专业支持优先。,中高,待验证,,provisional=true；M3-REPAIR尚未完成，完成条件为暂定功能模型。,0.7
M4-REPAIR-172,RB04 道歉表达等同行为改变｜退出条件,L3 修复盲点与过早关闭,REPAIR-修复盲点,通用,保护,RB04,,将道歉内容、现实行动和持续兑现分别验证。,只给抽象建议，没有可观察节点。,由共享基础引擎提供；仅修正修复功能的承载、持续与压力占位，不直接等同是否愿意认错或能否修复。,由M1／M2提供；夫妻星只说明伴侣原型与关系资格，不单独证明修复能力、修复意愿或修复结果。,由M3-BASE提供；日支底盘说明亲密关系中自然调用的功能，但不能单独证明修复闭环。,由M3-CONFLICT、M4-LOOP及现实事件提供；必须区分问题停止、责任承担、影响确认、行动改变、反馈整合与后续回访。,由共享基础引擎判定；近位提高相关功能进入亲密关系核心的概率，远位只作背景或阶段修正。,根气只修正某修复功能是否容易重复调用，不等于现实中已经持续改变。,旺弱只修正功能调用强度与占位，不直接等同修复质量、诚意或关系结果。,喜忌只修正功能摩擦、平衡与承载，不直接等同道德、成熟、善恶或是否值得原谅。,原十神功能有效；真合化成立时按化神功能替换，合化争议时停止定性。,近位提高修复议题与亲密关系的直接相关性；远位仅保留背景、阶段或低置信修正。,72,结构＋4；现实事件＋4；反例－4至停止,repair_blindspot,退出条件必须能改变具体修复链，而不是要求人格改变。,中断这个卡点的关键是：将道歉内容、现实行动和持续兑现分别验证。,不得仅凭本规则判断道歉真诚与否、要求对方原谅或复合、推断关系一定修复或失败、淡化暴力强迫与现实伤害、平均分配明显不对等的责任；现实安全、具体行为、反例与专业支持优先。,中高,待验证,,provisional=true；M3-REPAIR尚未完成，完成条件为暂定功能模型。,0.7
M4-REPAIR-173,RB05 情绪安抚等同现实问题解决｜机制定义,L3 修复盲点与过早关闭,REPAIR-修复盲点,通用,定义,RB05,,存在“情绪安抚等同现实问题解决”的候选顺序。,只凭十神标签或一次模糊事件。,由共享基础引擎提供；仅修正修复功能的承载、持续与压力占位，不直接等同是否愿意认错或能否修复。,由M1／M2提供；夫妻星只说明伴侣原型与关系资格，不单独证明修复能力、修复意愿或修复结果。,由M3-BASE提供；日支底盘说明亲密关系中自然调用的功能，但不能单独证明修复闭环。,由M3-CONFLICT、M4-LOOP及现实事件提供；必须区分问题停止、责任承担、影响确认、行动改变、反馈整合与后续回访。,由共享基础引擎判定；近位提高相关功能进入亲密关系核心的概率，远位只作背景或阶段修正。,根气只修正某修复功能是否容易重复调用，不等于现实中已经持续改变。,旺弱只修正功能调用强度与占位，不直接等同修复质量、诚意或关系结果。,喜忌只修正功能摩擦、平衡与承载，不直接等同道德、成熟、善恶或是否值得原谅。,原十神功能有效；真合化成立时按化神功能替换，合化争议时停止定性。,近位提高修复议题与亲密关系的直接相关性；远位仅保留背景、阶段或低置信修正。,72,结构＋4；现实事件＋4；反例－4至停止,repair_blindspot,该盲点描述过早关闭或功能替代，不等同人格缺陷。,气氛好转让双方能继续谈，但现实安排仍需要单独落实。,不得仅凭本规则判断道歉真诚与否、要求对方原谅或复合、推断关系一定修复或失败、淡化暴力强迫与现实伤害、平均分配明显不对等的责任；现实安全、具体行为、反例与专业支持优先。,中高,待验证,,provisional=true；M3-REPAIR尚未完成，完成条件为暂定功能模型。,0.7
M4-REPAIR-174,RB05 情绪安抚等同现实问题解决｜成立证据,L3 修复盲点与过早关闭,REPAIR-修复盲点,通用,证据,RB05,,RN06现实改变不足，并有具体事件顺序。,相应节点已有稳定现实证据。,由共享基础引擎提供；仅修正修复功能的承载、持续与压力占位，不直接等同是否愿意认错或能否修复。,由M1／M2提供；夫妻星只说明伴侣原型与关系资格，不单独证明修复能力、修复意愿或修复结果。,由M3-BASE提供；日支底盘说明亲密关系中自然调用的功能，但不能单独证明修复闭环。,由M3-CONFLICT、M4-LOOP及现实事件提供；必须区分问题停止、责任承担、影响确认、行动改变、反馈整合与后续回访。,由共享基础引擎判定；近位提高相关功能进入亲密关系核心的概率，远位只作背景或阶段修正。,根气只修正某修复功能是否容易重复调用，不等于现实中已经持续改变。,旺弱只修正功能调用强度与占位，不直接等同修复质量、诚意或关系结果。,喜忌只修正功能摩擦、平衡与承载，不直接等同道德、成熟、善恶或是否值得原谅。,原十神功能有效；真合化成立时按化神功能替换，合化争议时停止定性。,近位提高修复议题与亲密关系的直接相关性；远位仅保留背景、阶段或低置信修正。,86,结构＋4；现实事件＋4；反例－4至停止,repair_blindspot,缺失节点必须由现实资料确认，不能只凭结构推测。,需要继续检查：RN06现实改变不足。,不得仅凭本规则判断道歉真诚与否、要求对方原谅或复合、推断关系一定修复或失败、淡化暴力强迫与现实伤害、平均分配明显不对等的责任；现实安全、具体行为、反例与专业支持优先。,中高,待验证,,provisional=true；M3-REPAIR尚未完成，完成条件为暂定功能模型。,0.7
M4-REPAIR-175,RB05 情绪安抚等同现实问题解决｜典型路由,L3 修复盲点与过早关闭,REPAIR-修复盲点,通用,路由,RB05,,前一步修复动作已经出现，但下一项必要任务没有进入。,前后顺序完整且接收方反馈有效。,由共享基础引擎提供；仅修正修复功能的承载、持续与压力占位，不直接等同是否愿意认错或能否修复。,由M1／M2提供；夫妻星只说明伴侣原型与关系资格，不单独证明修复能力、修复意愿或修复结果。,由M3-BASE提供；日支底盘说明亲密关系中自然调用的功能，但不能单独证明修复闭环。,由M3-CONFLICT、M4-LOOP及现实事件提供；必须区分问题停止、责任承担、影响确认、行动改变、反馈整合与后续回访。,由共享基础引擎判定；近位提高相关功能进入亲密关系核心的概率，远位只作背景或阶段修正。,根气只修正某修复功能是否容易重复调用，不等于现实中已经持续改变。,旺弱只修正功能调用强度与占位，不直接等同修复质量、诚意或关系结果。,喜忌只修正功能摩擦、平衡与承载，不直接等同道德、成熟、善恶或是否值得原谅。,原十神功能有效；真合化成立时按化神功能替换，合化争议时停止定性。,近位提高修复议题与亲密关系的直接相关性；远位仅保留背景、阶段或低置信修正。,72,结构＋4；现实事件＋4；反例－4至停止,repair_blindspot,路由说明卡点发生在哪里。,目前更像是前一步完成后，下一步没有顺利接上。,不得仅凭本规则判断道歉真诚与否、要求对方原谅或复合、推断关系一定修复或失败、淡化暴力强迫与现实伤害、平均分配明显不对等的责任；现实安全、具体行为、反例与专业支持优先。,中高,待验证,,provisional=true；M3-REPAIR尚未完成，完成条件为暂定功能模型。,0.7
M4-REPAIR-176,RB05 情绪安抚等同现实问题解决｜反例与替代解释,L3 修复盲点与过早关闭,REPAIR-修复盲点,通用,反例,RB05,,检查事件强度、双方意愿、时间不足、合理拒绝和安全因素。,忽略成功修复或把合理边界当卡点。,由共享基础引擎提供；仅修正修复功能的承载、持续与压力占位，不直接等同是否愿意认错或能否修复。,由M1／M2提供；夫妻星只说明伴侣原型与关系资格，不单独证明修复能力、修复意愿或修复结果。,由M3-BASE提供；日支底盘说明亲密关系中自然调用的功能，但不能单独证明修复闭环。,由M3-CONFLICT、M4-LOOP及现实事件提供；必须区分问题停止、责任承担、影响确认、行动改变、反馈整合与后续回访。,由共享基础引擎判定；近位提高相关功能进入亲密关系核心的概率，远位只作背景或阶段修正。,根气只修正某修复功能是否容易重复调用，不等于现实中已经持续改变。,旺弱只修正功能调用强度与占位，不直接等同修复质量、诚意或关系结果。,喜忌只修正功能摩擦、平衡与承载，不直接等同道德、成熟、善恶或是否值得原谅。,原十神功能有效；真合化成立时按化神功能替换，合化争议时停止定性。,近位提高修复议题与亲密关系的直接相关性；远位仅保留背景、阶段或低置信修正。,86,结构＋4；现实事件＋4；反例－4至停止,repair_blindspot,同一表面结果可能来自合理暂停、信息不足或不愿继续关系。,也要检查这是否只是合理暂停、资料不足，或对方选择不继续，而不是修复能力问题。,不得仅凭本规则判断道歉真诚与否、要求对方原谅或复合、推断关系一定修复或失败、淡化暴力强迫与现实伤害、平均分配明显不对等的责任；现实安全、具体行为、反例与专业支持优先。,中高,待验证,,provisional=true；M3-REPAIR尚未完成，完成条件为暂定功能模型。,0.7
M4-REPAIR-177,RB05 情绪安抚等同现实问题解决｜用户输出,L3 修复盲点与过早关闭,REPAIR-修复盲点,通用,输出,RB05,,该盲点达到E2或以上，并完成反例检查。,资料不足或安全停止。,由共享基础引擎提供；仅修正修复功能的承载、持续与压力占位，不直接等同是否愿意认错或能否修复。,由M1／M2提供；夫妻星只说明伴侣原型与关系资格，不单独证明修复能力、修复意愿或修复结果。,由M3-BASE提供；日支底盘说明亲密关系中自然调用的功能，但不能单独证明修复闭环。,由M3-CONFLICT、M4-LOOP及现实事件提供；必须区分问题停止、责任承担、影响确认、行动改变、反馈整合与后续回访。,由共享基础引擎判定；近位提高相关功能进入亲密关系核心的概率，远位只作背景或阶段修正。,根气只修正某修复功能是否容易重复调用，不等于现实中已经持续改变。,旺弱只修正功能调用强度与占位，不直接等同修复质量、诚意或关系结果。,喜忌只修正功能摩擦、平衡与承载，不直接等同道德、成熟、善恶或是否值得原谅。,原十神功能有效；真合化成立时按化神功能替换，合化争议时停止定性。,近位提高修复议题与亲密关系的直接相关性；远位仅保留背景、阶段或低置信修正。,72,结构＋4；现实事件＋4；反例－4至停止,repair_blindspot,语言应说明“已完成什么、缺什么、如何验证”。,气氛好转让双方能继续谈，但现实安排仍需要单独落实。,不得仅凭本规则判断道歉真诚与否、要求对方原谅或复合、推断关系一定修复或失败、淡化暴力强迫与现实伤害、平均分配明显不对等的责任；现实安全、具体行为、反例与专业支持优先。,中高,待验证,,provisional=true；M3-REPAIR尚未完成，完成条件为暂定功能模型。,0.7
M4-REPAIR-178,RB05 情绪安抚等同现实问题解决｜退出条件,L3 修复盲点与过早关闭,REPAIR-修复盲点,通用,保护,RB05,,情绪线和任务线双轨处理。,只给抽象建议，没有可观察节点。,由共享基础引擎提供；仅修正修复功能的承载、持续与压力占位，不直接等同是否愿意认错或能否修复。,由M1／M2提供；夫妻星只说明伴侣原型与关系资格，不单独证明修复能力、修复意愿或修复结果。,由M3-BASE提供；日支底盘说明亲密关系中自然调用的功能，但不能单独证明修复闭环。,由M3-CONFLICT、M4-LOOP及现实事件提供；必须区分问题停止、责任承担、影响确认、行动改变、反馈整合与后续回访。,由共享基础引擎判定；近位提高相关功能进入亲密关系核心的概率，远位只作背景或阶段修正。,根气只修正某修复功能是否容易重复调用，不等于现实中已经持续改变。,旺弱只修正功能调用强度与占位，不直接等同修复质量、诚意或关系结果。,喜忌只修正功能摩擦、平衡与承载，不直接等同道德、成熟、善恶或是否值得原谅。,原十神功能有效；真合化成立时按化神功能替换，合化争议时停止定性。,近位提高修复议题与亲密关系的直接相关性；远位仅保留背景、阶段或低置信修正。,72,结构＋4；现实事件＋4；反例－4至停止,repair_blindspot,退出条件必须能改变具体修复链，而不是要求人格改变。,中断这个卡点的关键是：情绪线和任务线双轨处理。,不得仅凭本规则判断道歉真诚与否、要求对方原谅或复合、推断关系一定修复或失败、淡化暴力强迫与现实伤害、平均分配明显不对等的责任；现实安全、具体行为、反例与专业支持优先。,中高,待验证,,provisional=true；M3-REPAIR尚未完成，完成条件为暂定功能模型。,0.7
M4-REPAIR-179,RB06 现实补偿等同关系修复｜机制定义,L3 修复盲点与过早关闭,REPAIR-修复盲点,通用,定义,RB06,,存在“现实补偿等同关系修复”的候选顺序。,只凭十神标签或一次模糊事件。,由共享基础引擎提供；仅修正修复功能的承载、持续与压力占位，不直接等同是否愿意认错或能否修复。,由M1／M2提供；夫妻星只说明伴侣原型与关系资格，不单独证明修复能力、修复意愿或修复结果。,由M3-BASE提供；日支底盘说明亲密关系中自然调用的功能，但不能单独证明修复闭环。,由M3-CONFLICT、M4-LOOP及现实事件提供；必须区分问题停止、责任承担、影响确认、行动改变、反馈整合与后续回访。,由共享基础引擎判定；近位提高相关功能进入亲密关系核心的概率，远位只作背景或阶段修正。,根气只修正某修复功能是否容易重复调用，不等于现实中已经持续改变。,旺弱只修正功能调用强度与占位，不直接等同修复质量、诚意或关系结果。,喜忌只修正功能摩擦、平衡与承载，不直接等同道德、成熟、善恶或是否值得原谅。,原十神功能有效；真合化成立时按化神功能替换，合化争议时停止定性。,近位提高修复议题与亲密关系的直接相关性；远位仅保留背景、阶段或低置信修正。,72,结构＋4；现实事件＋4；反例－4至停止,repair_blindspot,该盲点描述过早关闭或功能替代，不等同人格缺陷。,补偿可以是修复的一部分，但不能代替对问题和影响的正面回应。,不得仅凭本规则判断道歉真诚与否、要求对方原谅或复合、推断关系一定修复或失败、淡化暴力强迫与现实伤害、平均分配明显不对等的责任；现实安全、具体行为、反例与专业支持优先。,中高,待验证,,provisional=true；M3-REPAIR尚未完成，完成条件为暂定功能模型。,0.7
M4-REPAIR-180,RB06 现实补偿等同关系修复｜成立证据,L3 修复盲点与过早关闭,REPAIR-修复盲点,通用,证据,RB06,,RN03、RN04或RN07不足，并有具体事件顺序。,相应节点已有稳定现实证据。,由共享基础引擎提供；仅修正修复功能的承载、持续与压力占位，不直接等同是否愿意认错或能否修复。,由M1／M2提供；夫妻星只说明伴侣原型与关系资格，不单独证明修复能力、修复意愿或修复结果。,由M3-BASE提供；日支底盘说明亲密关系中自然调用的功能，但不能单独证明修复闭环。,由M3-CONFLICT、M4-LOOP及现实事件提供；必须区分问题停止、责任承担、影响确认、行动改变、反馈整合与后续回访。,由共享基础引擎判定；近位提高相关功能进入亲密关系核心的概率，远位只作背景或阶段修正。,根气只修正某修复功能是否容易重复调用，不等于现实中已经持续改变。,旺弱只修正功能调用强度与占位，不直接等同修复质量、诚意或关系结果。,喜忌只修正功能摩擦、平衡与承载，不直接等同道德、成熟、善恶或是否值得原谅。,原十神功能有效；真合化成立时按化神功能替换，合化争议时停止定性。,近位提高修复议题与亲密关系的直接相关性；远位仅保留背景、阶段或低置信修正。,86,结构＋4；现实事件＋4；反例－4至停止,repair_blindspot,缺失节点必须由现实资料确认，不能只凭结构推测。,需要继续检查：RN03、RN04或RN07不足。,不得仅凭本规则判断道歉真诚与否、要求对方原谅或复合、推断关系一定修复或失败、淡化暴力强迫与现实伤害、平均分配明显不对等的责任；现实安全、具体行为、反例与专业支持优先。,中高,待验证,,provisional=true；M3-REPAIR尚未完成，完成条件为暂定功能模型。,0.7
M4-REPAIR-181,RB06 现实补偿等同关系修复｜典型路由,L3 修复盲点与过早关闭,REPAIR-修复盲点,通用,路由,RB06,,前一步修复动作已经出现，但下一项必要任务没有进入。,前后顺序完整且接收方反馈有效。,由共享基础引擎提供；仅修正修复功能的承载、持续与压力占位，不直接等同是否愿意认错或能否修复。,由M1／M2提供；夫妻星只说明伴侣原型与关系资格，不单独证明修复能力、修复意愿或修复结果。,由M3-BASE提供；日支底盘说明亲密关系中自然调用的功能，但不能单独证明修复闭环。,由M3-CONFLICT、M4-LOOP及现实事件提供；必须区分问题停止、责任承担、影响确认、行动改变、反馈整合与后续回访。,由共享基础引擎判定；近位提高相关功能进入亲密关系核心的概率，远位只作背景或阶段修正。,根气只修正某修复功能是否容易重复调用，不等于现实中已经持续改变。,旺弱只修正功能调用强度与占位，不直接等同修复质量、诚意或关系结果。,喜忌只修正功能摩擦、平衡与承载，不直接等同道德、成熟、善恶或是否值得原谅。,原十神功能有效；真合化成立时按化神功能替换，合化争议时停止定性。,近位提高修复议题与亲密关系的直接相关性；远位仅保留背景、阶段或低置信修正。,72,结构＋4；现实事件＋4；反例－4至停止,repair_blindspot,路由说明卡点发生在哪里。,目前更像是前一步完成后，下一步没有顺利接上。,不得仅凭本规则判断道歉真诚与否、要求对方原谅或复合、推断关系一定修复或失败、淡化暴力强迫与现实伤害、平均分配明显不对等的责任；现实安全、具体行为、反例与专业支持优先。,中高,待验证,,provisional=true；M3-REPAIR尚未完成，完成条件为暂定功能模型。,0.7
M4-REPAIR-182,RB06 现实补偿等同关系修复｜反例与替代解释,L3 修复盲点与过早关闭,REPAIR-修复盲点,通用,反例,RB06,,检查事件强度、双方意愿、时间不足、合理拒绝和安全因素。,忽略成功修复或把合理边界当卡点。,由共享基础引擎提供；仅修正修复功能的承载、持续与压力占位，不直接等同是否愿意认错或能否修复。,由M1／M2提供；夫妻星只说明伴侣原型与关系资格，不单独证明修复能力、修复意愿或修复结果。,由M3-BASE提供；日支底盘说明亲密关系中自然调用的功能，但不能单独证明修复闭环。,由M3-CONFLICT、M4-LOOP及现实事件提供；必须区分问题停止、责任承担、影响确认、行动改变、反馈整合与后续回访。,由共享基础引擎判定；近位提高相关功能进入亲密关系核心的概率，远位只作背景或阶段修正。,根气只修正某修复功能是否容易重复调用，不等于现实中已经持续改变。,旺弱只修正功能调用强度与占位，不直接等同修复质量、诚意或关系结果。,喜忌只修正功能摩擦、平衡与承载，不直接等同道德、成熟、善恶或是否值得原谅。,原十神功能有效；真合化成立时按化神功能替换，合化争议时停止定性。,近位提高修复议题与亲密关系的直接相关性；远位仅保留背景、阶段或低置信修正。,86,结构＋4；现实事件＋4；反例－4至停止,repair_blindspot,同一表面结果可能来自合理暂停、信息不足或不愿继续关系。,也要检查这是否只是合理暂停、资料不足，或对方选择不继续，而不是修复能力问题。,不得仅凭本规则判断道歉真诚与否、要求对方原谅或复合、推断关系一定修复或失败、淡化暴力强迫与现实伤害、平均分配明显不对等的责任；现实安全、具体行为、反例与专业支持优先。,中高,待验证,,provisional=true；M3-REPAIR尚未完成，完成条件为暂定功能模型。,0.7
M4-REPAIR-183,RB06 现实补偿等同关系修复｜用户输出,L3 修复盲点与过早关闭,REPAIR-修复盲点,通用,输出,RB06,,该盲点达到E2或以上，并完成反例检查。,资料不足或安全停止。,由共享基础引擎提供；仅修正修复功能的承载、持续与压力占位，不直接等同是否愿意认错或能否修复。,由M1／M2提供；夫妻星只说明伴侣原型与关系资格，不单独证明修复能力、修复意愿或修复结果。,由M3-BASE提供；日支底盘说明亲密关系中自然调用的功能，但不能单独证明修复闭环。,由M3-CONFLICT、M4-LOOP及现实事件提供；必须区分问题停止、责任承担、影响确认、行动改变、反馈整合与后续回访。,由共享基础引擎判定；近位提高相关功能进入亲密关系核心的概率，远位只作背景或阶段修正。,根气只修正某修复功能是否容易重复调用，不等于现实中已经持续改变。,旺弱只修正功能调用强度与占位，不直接等同修复质量、诚意或关系结果。,喜忌只修正功能摩擦、平衡与承载，不直接等同道德、成熟、善恶或是否值得原谅。,原十神功能有效；真合化成立时按化神功能替换，合化争议时停止定性。,近位提高修复议题与亲密关系的直接相关性；远位仅保留背景、阶段或低置信修正。,72,结构＋4；现实事件＋4；反例－4至停止,repair_blindspot,语言应说明“已完成什么、缺什么、如何验证”。,补偿可以是修复的一部分，但不能代替对问题和影响的正面回应。,不得仅凭本规则判断道歉真诚与否、要求对方原谅或复合、推断关系一定修复或失败、淡化暴力强迫与现实伤害、平均分配明显不对等的责任；现实安全、具体行为、反例与专业支持优先。,中高,待验证,,provisional=true；M3-REPAIR尚未完成，完成条件为暂定功能模型。,0.7
M4-REPAIR-184,RB06 现实补偿等同关系修复｜退出条件,L3 修复盲点与过早关闭,REPAIR-修复盲点,通用,保护,RB06,,补偿与责任、影响、反馈分开核对。,只给抽象建议，没有可观察节点。,由共享基础引擎提供；仅修正修复功能的承载、持续与压力占位，不直接等同是否愿意认错或能否修复。,由M1／M2提供；夫妻星只说明伴侣原型与关系资格，不单独证明修复能力、修复意愿或修复结果。,由M3-BASE提供；日支底盘说明亲密关系中自然调用的功能，但不能单独证明修复闭环。,由M3-CONFLICT、M4-LOOP及现实事件提供；必须区分问题停止、责任承担、影响确认、行动改变、反馈整合与后续回访。,由共享基础引擎判定；近位提高相关功能进入亲密关系核心的概率，远位只作背景或阶段修正。,根气只修正某修复功能是否容易重复调用，不等于现实中已经持续改变。,旺弱只修正功能调用强度与占位，不直接等同修复质量、诚意或关系结果。,喜忌只修正功能摩擦、平衡与承载，不直接等同道德、成熟、善恶或是否值得原谅。,原十神功能有效；真合化成立时按化神功能替换，合化争议时停止定性。,近位提高修复议题与亲密关系的直接相关性；远位仅保留背景、阶段或低置信修正。,72,结构＋4；现实事件＋4；反例－4至停止,repair_blindspot,退出条件必须能改变具体修复链，而不是要求人格改变。,中断这个卡点的关键是：补偿与责任、影响、反馈分开核对。,不得仅凭本规则判断道歉真诚与否、要求对方原谅或复合、推断关系一定修复或失败、淡化暴力强迫与现实伤害、平均分配明显不对等的责任；现实安全、具体行为、反例与专业支持优先。,中高,待验证,,provisional=true；M3-REPAIR尚未完成，完成条件为暂定功能模型。,0.7
M4-REPAIR-185,RB07 承诺规则等同共同协商｜机制定义,L3 修复盲点与过早关闭,REPAIR-修复盲点,通用,定义,RB07,,存在“承诺规则等同共同协商”的候选顺序。,只凭十神标签或一次模糊事件。,由共享基础引擎提供；仅修正修复功能的承载、持续与压力占位，不直接等同是否愿意认错或能否修复。,由M1／M2提供；夫妻星只说明伴侣原型与关系资格，不单独证明修复能力、修复意愿或修复结果。,由M3-BASE提供；日支底盘说明亲密关系中自然调用的功能，但不能单独证明修复闭环。,由M3-CONFLICT、M4-LOOP及现实事件提供；必须区分问题停止、责任承担、影响确认、行动改变、反馈整合与后续回访。,由共享基础引擎判定；近位提高相关功能进入亲密关系核心的概率，远位只作背景或阶段修正。,根气只修正某修复功能是否容易重复调用，不等于现实中已经持续改变。,旺弱只修正功能调用强度与占位，不直接等同修复质量、诚意或关系结果。,喜忌只修正功能摩擦、平衡与承载，不直接等同道德、成熟、善恶或是否值得原谅。,原十神功能有效；真合化成立时按化神功能替换，合化争议时停止定性。,近位提高修复议题与亲密关系的直接相关性；远位仅保留背景、阶段或低置信修正。,72,结构＋4；现实事件＋4；反例－4至停止,repair_blindspot,该盲点描述过早关闭或功能替代，不等同人格缺陷。,新的规则只有在双方都能参与、理解和调整时，才真正有修复作用。,不得仅凭本规则判断道歉真诚与否、要求对方原谅或复合、推断关系一定修复或失败、淡化暴力强迫与现实伤害、平均分配明显不对等的责任；现实安全、具体行为、反例与专业支持优先。,中高,待验证,,provisional=true；M3-REPAIR尚未完成，完成条件为暂定功能模型。,0.7
M4-REPAIR-186,RB07 承诺规则等同共同协商｜成立证据,L3 修复盲点与过早关闭,REPAIR-修复盲点,通用,证据,RB07,,RN05共同决定不足，并有具体事件顺序。,相应节点已有稳定现实证据。,由共享基础引擎提供；仅修正修复功能的承载、持续与压力占位，不直接等同是否愿意认错或能否修复。,由M1／M2提供；夫妻星只说明伴侣原型与关系资格，不单独证明修复能力、修复意愿或修复结果。,由M3-BASE提供；日支底盘说明亲密关系中自然调用的功能，但不能单独证明修复闭环。,由M3-CONFLICT、M4-LOOP及现实事件提供；必须区分问题停止、责任承担、影响确认、行动改变、反馈整合与后续回访。,由共享基础引擎判定；近位提高相关功能进入亲密关系核心的概率，远位只作背景或阶段修正。,根气只修正某修复功能是否容易重复调用，不等于现实中已经持续改变。,旺弱只修正功能调用强度与占位，不直接等同修复质量、诚意或关系结果。,喜忌只修正功能摩擦、平衡与承载，不直接等同道德、成熟、善恶或是否值得原谅。,原十神功能有效；真合化成立时按化神功能替换，合化争议时停止定性。,近位提高修复议题与亲密关系的直接相关性；远位仅保留背景、阶段或低置信修正。,86,结构＋4；现实事件＋4；反例－4至停止,repair_blindspot,缺失节点必须由现实资料确认，不能只凭结构推测。,需要继续检查：RN05共同决定不足。,不得仅凭本规则判断道歉真诚与否、要求对方原谅或复合、推断关系一定修复或失败、淡化暴力强迫与现实伤害、平均分配明显不对等的责任；现实安全、具体行为、反例与专业支持优先。,中高,待验证,,provisional=true；M3-REPAIR尚未完成，完成条件为暂定功能模型。,0.7
M4-REPAIR-187,RB07 承诺规则等同共同协商｜典型路由,L3 修复盲点与过早关闭,REPAIR-修复盲点,通用,路由,RB07,,前一步修复动作已经出现，但下一项必要任务没有进入。,前后顺序完整且接收方反馈有效。,由共享基础引擎提供；仅修正修复功能的承载、持续与压力占位，不直接等同是否愿意认错或能否修复。,由M1／M2提供；夫妻星只说明伴侣原型与关系资格，不单独证明修复能力、修复意愿或修复结果。,由M3-BASE提供；日支底盘说明亲密关系中自然调用的功能，但不能单独证明修复闭环。,由M3-CONFLICT、M4-LOOP及现实事件提供；必须区分问题停止、责任承担、影响确认、行动改变、反馈整合与后续回访。,由共享基础引擎判定；近位提高相关功能进入亲密关系核心的概率，远位只作背景或阶段修正。,根气只修正某修复功能是否容易重复调用，不等于现实中已经持续改变。,旺弱只修正功能调用强度与占位，不直接等同修复质量、诚意或关系结果。,喜忌只修正功能摩擦、平衡与承载，不直接等同道德、成熟、善恶或是否值得原谅。,原十神功能有效；真合化成立时按化神功能替换，合化争议时停止定性。,近位提高修复议题与亲密关系的直接相关性；远位仅保留背景、阶段或低置信修正。,72,结构＋4；现实事件＋4；反例－4至停止,repair_blindspot,路由说明卡点发生在哪里。,目前更像是前一步完成后，下一步没有顺利接上。,不得仅凭本规则判断道歉真诚与否、要求对方原谅或复合、推断关系一定修复或失败、淡化暴力强迫与现实伤害、平均分配明显不对等的责任；现实安全、具体行为、反例与专业支持优先。,中高,待验证,,provisional=true；M3-REPAIR尚未完成，完成条件为暂定功能模型。,0.7
M4-REPAIR-188,RB07 承诺规则等同共同协商｜反例与替代解释,L3 修复盲点与过早关闭,REPAIR-修复盲点,通用,反例,RB07,,检查事件强度、双方意愿、时间不足、合理拒绝和安全因素。,忽略成功修复或把合理边界当卡点。,由共享基础引擎提供；仅修正修复功能的承载、持续与压力占位，不直接等同是否愿意认错或能否修复。,由M1／M2提供；夫妻星只说明伴侣原型与关系资格，不单独证明修复能力、修复意愿或修复结果。,由M3-BASE提供；日支底盘说明亲密关系中自然调用的功能，但不能单独证明修复闭环。,由M3-CONFLICT、M4-LOOP及现实事件提供；必须区分问题停止、责任承担、影响确认、行动改变、反馈整合与后续回访。,由共享基础引擎判定；近位提高相关功能进入亲密关系核心的概率，远位只作背景或阶段修正。,根气只修正某修复功能是否容易重复调用，不等于现实中已经持续改变。,旺弱只修正功能调用强度与占位，不直接等同修复质量、诚意或关系结果。,喜忌只修正功能摩擦、平衡与承载，不直接等同道德、成熟、善恶或是否值得原谅。,原十神功能有效；真合化成立时按化神功能替换，合化争议时停止定性。,近位提高修复议题与亲密关系的直接相关性；远位仅保留背景、阶段或低置信修正。,86,结构＋4；现实事件＋4；反例－4至停止,repair_blindspot,同一表面结果可能来自合理暂停、信息不足或不愿继续关系。,也要检查这是否只是合理暂停、资料不足，或对方选择不继续，而不是修复能力问题。,不得仅凭本规则判断道歉真诚与否、要求对方原谅或复合、推断关系一定修复或失败、淡化暴力强迫与现实伤害、平均分配明显不对等的责任；现实安全、具体行为、反例与专业支持优先。,中高,待验证,,provisional=true；M3-REPAIR尚未完成，完成条件为暂定功能模型。,0.7
M4-REPAIR-189,RB07 承诺规则等同共同协商｜用户输出,L3 修复盲点与过早关闭,REPAIR-修复盲点,通用,输出,RB07,,该盲点达到E2或以上，并完成反例检查。,资料不足或安全停止。,由共享基础引擎提供；仅修正修复功能的承载、持续与压力占位，不直接等同是否愿意认错或能否修复。,由M1／M2提供；夫妻星只说明伴侣原型与关系资格，不单独证明修复能力、修复意愿或修复结果。,由M3-BASE提供；日支底盘说明亲密关系中自然调用的功能，但不能单独证明修复闭环。,由M3-CONFLICT、M4-LOOP及现实事件提供；必须区分问题停止、责任承担、影响确认、行动改变、反馈整合与后续回访。,由共享基础引擎判定；近位提高相关功能进入亲密关系核心的概率，远位只作背景或阶段修正。,根气只修正某修复功能是否容易重复调用，不等于现实中已经持续改变。,旺弱只修正功能调用强度与占位，不直接等同修复质量、诚意或关系结果。,喜忌只修正功能摩擦、平衡与承载，不直接等同道德、成熟、善恶或是否值得原谅。,原十神功能有效；真合化成立时按化神功能替换，合化争议时停止定性。,近位提高修复议题与亲密关系的直接相关性；远位仅保留背景、阶段或低置信修正。,72,结构＋4；现实事件＋4；反例－4至停止,repair_blindspot,语言应说明“已完成什么、缺什么、如何验证”。,新的规则只有在双方都能参与、理解和调整时，才真正有修复作用。,不得仅凭本规则判断道歉真诚与否、要求对方原谅或复合、推断关系一定修复或失败、淡化暴力强迫与现实伤害、平均分配明显不对等的责任；现实安全、具体行为、反例与专业支持优先。,中高,待验证,,provisional=true；M3-REPAIR尚未完成，完成条件为暂定功能模型。,0.7
M4-REPAIR-190,RB07 承诺规则等同共同协商｜退出条件,L3 修复盲点与过早关闭,REPAIR-修复盲点,通用,保护,RB07,,规则必须共同制定、可执行并允许复盘。,只给抽象建议，没有可观察节点。,由共享基础引擎提供；仅修正修复功能的承载、持续与压力占位，不直接等同是否愿意认错或能否修复。,由M1／M2提供；夫妻星只说明伴侣原型与关系资格，不单独证明修复能力、修复意愿或修复结果。,由M3-BASE提供；日支底盘说明亲密关系中自然调用的功能，但不能单独证明修复闭环。,由M3-CONFLICT、M4-LOOP及现实事件提供；必须区分问题停止、责任承担、影响确认、行动改变、反馈整合与后续回访。,由共享基础引擎判定；近位提高相关功能进入亲密关系核心的概率，远位只作背景或阶段修正。,根气只修正某修复功能是否容易重复调用，不等于现实中已经持续改变。,旺弱只修正功能调用强度与占位，不直接等同修复质量、诚意或关系结果。,喜忌只修正功能摩擦、平衡与承载，不直接等同道德、成熟、善恶或是否值得原谅。,原十神功能有效；真合化成立时按化神功能替换，合化争议时停止定性。,近位提高修复议题与亲密关系的直接相关性；远位仅保留背景、阶段或低置信修正。,72,结构＋4；现实事件＋4；反例－4至停止,repair_blindspot,退出条件必须能改变具体修复链，而不是要求人格改变。,中断这个卡点的关键是：规则必须共同制定、可执行并允许复盘。,不得仅凭本规则判断道歉真诚与否、要求对方原谅或复合、推断关系一定修复或失败、淡化暴力强迫与现实伤害、平均分配明显不对等的责任；现实安全、具体行为、反例与专业支持优先。,中高,待验证,,provisional=true；M3-REPAIR尚未完成，完成条件为暂定功能模型。,0.7
M4-REPAIR-191,RB08 方案形成等同执行完成｜机制定义,L3 修复盲点与过早关闭,REPAIR-修复盲点,通用,定义,RB08,,存在“方案形成等同执行完成”的候选顺序。,只凭十神标签或一次模糊事件。,由共享基础引擎提供；仅修正修复功能的承载、持续与压力占位，不直接等同是否愿意认错或能否修复。,由M1／M2提供；夫妻星只说明伴侣原型与关系资格，不单独证明修复能力、修复意愿或修复结果。,由M3-BASE提供；日支底盘说明亲密关系中自然调用的功能，但不能单独证明修复闭环。,由M3-CONFLICT、M4-LOOP及现实事件提供；必须区分问题停止、责任承担、影响确认、行动改变、反馈整合与后续回访。,由共享基础引擎判定；近位提高相关功能进入亲密关系核心的概率，远位只作背景或阶段修正。,根气只修正某修复功能是否容易重复调用，不等于现实中已经持续改变。,旺弱只修正功能调用强度与占位，不直接等同修复质量、诚意或关系结果。,喜忌只修正功能摩擦、平衡与承载，不直接等同道德、成熟、善恶或是否值得原谅。,原十神功能有效；真合化成立时按化神功能替换，合化争议时停止定性。,近位提高修复议题与亲密关系的直接相关性；远位仅保留背景、阶段或低置信修正。,72,结构＋4；现实事件＋4；反例－4至停止,repair_blindspot,该盲点描述过早关闭或功能替代，不等同人格缺陷。,有了方案只是开始，还要看是否执行、是否有效，以及对方怎样反馈。,不得仅凭本规则判断道歉真诚与否、要求对方原谅或复合、推断关系一定修复或失败、淡化暴力强迫与现实伤害、平均分配明显不对等的责任；现实安全、具体行为、反例与专业支持优先。,中高,待验证,,provisional=true；M3-REPAIR尚未完成，完成条件为暂定功能模型。,0.7
M4-REPAIR-192,RB08 方案形成等同执行完成｜成立证据,L3 修复盲点与过早关闭,REPAIR-修复盲点,通用,证据,RB08,,RN06执行、RN07反馈或RN08回访不足，并有具体事件顺序。,相应节点已有稳定现实证据。,由共享基础引擎提供；仅修正修复功能的承载、持续与压力占位，不直接等同是否愿意认错或能否修复。,由M1／M2提供；夫妻星只说明伴侣原型与关系资格，不单独证明修复能力、修复意愿或修复结果。,由M3-BASE提供；日支底盘说明亲密关系中自然调用的功能，但不能单独证明修复闭环。,由M3-CONFLICT、M4-LOOP及现实事件提供；必须区分问题停止、责任承担、影响确认、行动改变、反馈整合与后续回访。,由共享基础引擎判定；近位提高相关功能进入亲密关系核心的概率，远位只作背景或阶段修正。,根气只修正某修复功能是否容易重复调用，不等于现实中已经持续改变。,旺弱只修正功能调用强度与占位，不直接等同修复质量、诚意或关系结果。,喜忌只修正功能摩擦、平衡与承载，不直接等同道德、成熟、善恶或是否值得原谅。,原十神功能有效；真合化成立时按化神功能替换，合化争议时停止定性。,近位提高修复议题与亲密关系的直接相关性；远位仅保留背景、阶段或低置信修正。,86,结构＋4；现实事件＋4；反例－4至停止,repair_blindspot,缺失节点必须由现实资料确认，不能只凭结构推测。,需要继续检查：RN06执行、RN07反馈或RN08回访不足。,不得仅凭本规则判断道歉真诚与否、要求对方原谅或复合、推断关系一定修复或失败、淡化暴力强迫与现实伤害、平均分配明显不对等的责任；现实安全、具体行为、反例与专业支持优先。,中高,待验证,,provisional=true；M3-REPAIR尚未完成，完成条件为暂定功能模型。,0.7
M4-REPAIR-193,RB08 方案形成等同执行完成｜典型路由,L3 修复盲点与过早关闭,REPAIR-修复盲点,通用,路由,RB08,,前一步修复动作已经出现，但下一项必要任务没有进入。,前后顺序完整且接收方反馈有效。,由共享基础引擎提供；仅修正修复功能的承载、持续与压力占位，不直接等同是否愿意认错或能否修复。,由M1／M2提供；夫妻星只说明伴侣原型与关系资格，不单独证明修复能力、修复意愿或修复结果。,由M3-BASE提供；日支底盘说明亲密关系中自然调用的功能，但不能单独证明修复闭环。,由M3-CONFLICT、M4-LOOP及现实事件提供；必须区分问题停止、责任承担、影响确认、行动改变、反馈整合与后续回访。,由共享基础引擎判定；近位提高相关功能进入亲密关系核心的概率，远位只作背景或阶段修正。,根气只修正某修复功能是否容易重复调用，不等于现实中已经持续改变。,旺弱只修正功能调用强度与占位，不直接等同修复质量、诚意或关系结果。,喜忌只修正功能摩擦、平衡与承载，不直接等同道德、成熟、善恶或是否值得原谅。,原十神功能有效；真合化成立时按化神功能替换，合化争议时停止定性。,近位提高修复议题与亲密关系的直接相关性；远位仅保留背景、阶段或低置信修正。,72,结构＋4；现实事件＋4；反例－4至停止,repair_blindspot,路由说明卡点发生在哪里。,目前更像是前一步完成后，下一步没有顺利接上。,不得仅凭本规则判断道歉真诚与否、要求对方原谅或复合、推断关系一定修复或失败、淡化暴力强迫与现实伤害、平均分配明显不对等的责任；现实安全、具体行为、反例与专业支持优先。,中高,待验证,,provisional=true；M3-REPAIR尚未完成，完成条件为暂定功能模型。,0.7
M4-REPAIR-194,RB08 方案形成等同执行完成｜反例与替代解释,L3 修复盲点与过早关闭,REPAIR-修复盲点,通用,反例,RB08,,检查事件强度、双方意愿、时间不足、合理拒绝和安全因素。,忽略成功修复或把合理边界当卡点。,由共享基础引擎提供；仅修正修复功能的承载、持续与压力占位，不直接等同是否愿意认错或能否修复。,由M1／M2提供；夫妻星只说明伴侣原型与关系资格，不单独证明修复能力、修复意愿或修复结果。,由M3-BASE提供；日支底盘说明亲密关系中自然调用的功能，但不能单独证明修复闭环。,由M3-CONFLICT、M4-LOOP及现实事件提供；必须区分问题停止、责任承担、影响确认、行动改变、反馈整合与后续回访。,由共享基础引擎判定；近位提高相关功能进入亲密关系核心的概率，远位只作背景或阶段修正。,根气只修正某修复功能是否容易重复调用，不等于现实中已经持续改变。,旺弱只修正功能调用强度与占位，不直接等同修复质量、诚意或关系结果。,喜忌只修正功能摩擦、平衡与承载，不直接等同道德、成熟、善恶或是否值得原谅。,原十神功能有效；真合化成立时按化神功能替换，合化争议时停止定性。,近位提高修复议题与亲密关系的直接相关性；远位仅保留背景、阶段或低置信修正。,86,结构＋4；现实事件＋4；反例－4至停止,repair_blindspot,同一表面结果可能来自合理暂停、信息不足或不愿继续关系。,也要检查这是否只是合理暂停、资料不足，或对方选择不继续，而不是修复能力问题。,不得仅凭本规则判断道歉真诚与否、要求对方原谅或复合、推断关系一定修复或失败、淡化暴力强迫与现实伤害、平均分配明显不对等的责任；现实安全、具体行为、反例与专业支持优先。,中高,待验证,,provisional=true；M3-REPAIR尚未完成，完成条件为暂定功能模型。,0.7
M4-REPAIR-195,RB08 方案形成等同执行完成｜用户输出,L3 修复盲点与过早关闭,REPAIR-修复盲点,通用,输出,RB08,,该盲点达到E2或以上，并完成反例检查。,资料不足或安全停止。,由共享基础引擎提供；仅修正修复功能的承载、持续与压力占位，不直接等同是否愿意认错或能否修复。,由M1／M2提供；夫妻星只说明伴侣原型与关系资格，不单独证明修复能力、修复意愿或修复结果。,由M3-BASE提供；日支底盘说明亲密关系中自然调用的功能，但不能单独证明修复闭环。,由M3-CONFLICT、M4-LOOP及现实事件提供；必须区分问题停止、责任承担、影响确认、行动改变、反馈整合与后续回访。,由共享基础引擎判定；近位提高相关功能进入亲密关系核心的概率，远位只作背景或阶段修正。,根气只修正某修复功能是否容易重复调用，不等于现实中已经持续改变。,旺弱只修正功能调用强度与占位，不直接等同修复质量、诚意或关系结果。,喜忌只修正功能摩擦、平衡与承载，不直接等同道德、成熟、善恶或是否值得原谅。,原十神功能有效；真合化成立时按化神功能替换，合化争议时停止定性。,近位提高修复议题与亲密关系的直接相关性；远位仅保留背景、阶段或低置信修正。,72,结构＋4；现实事件＋4；反例－4至停止,repair_blindspot,语言应说明“已完成什么、缺什么、如何验证”。,有了方案只是开始，还要看是否执行、是否有效，以及对方怎样反馈。,不得仅凭本规则判断道歉真诚与否、要求对方原谅或复合、推断关系一定修复或失败、淡化暴力强迫与现实伤害、平均分配明显不对等的责任；现实安全、具体行为、反例与专业支持优先。,中高,待验证,,provisional=true；M3-REPAIR尚未完成，完成条件为暂定功能模型。,0.7
M4-REPAIR-196,RB08 方案形成等同执行完成｜退出条件,L3 修复盲点与过早关闭,REPAIR-修复盲点,通用,保护,RB08,,给方案增加责任人、观察点和回访。,只给抽象建议，没有可观察节点。,由共享基础引擎提供；仅修正修复功能的承载、持续与压力占位，不直接等同是否愿意认错或能否修复。,由M1／M2提供；夫妻星只说明伴侣原型与关系资格，不单独证明修复能力、修复意愿或修复结果。,由M3-BASE提供；日支底盘说明亲密关系中自然调用的功能，但不能单独证明修复闭环。,由M3-CONFLICT、M4-LOOP及现实事件提供；必须区分问题停止、责任承担、影响确认、行动改变、反馈整合与后续回访。,由共享基础引擎判定；近位提高相关功能进入亲密关系核心的概率，远位只作背景或阶段修正。,根气只修正某修复功能是否容易重复调用，不等于现实中已经持续改变。,旺弱只修正功能调用强度与占位，不直接等同修复质量、诚意或关系结果。,喜忌只修正功能摩擦、平衡与承载，不直接等同道德、成熟、善恶或是否值得原谅。,原十神功能有效；真合化成立时按化神功能替换，合化争议时停止定性。,近位提高修复议题与亲密关系的直接相关性；远位仅保留背景、阶段或低置信修正。,72,结构＋4；现实事件＋4；反例－4至停止,repair_blindspot,退出条件必须能改变具体修复链，而不是要求人格改变。,中断这个卡点的关键是：给方案增加责任人、观察点和回访。,不得仅凭本规则判断道歉真诚与否、要求对方原谅或复合、推断关系一定修复或失败、淡化暴力强迫与现实伤害、平均分配明显不对等的责任；现实安全、具体行为、反例与专业支持优先。,中高,待验证,,provisional=true；M3-REPAIR尚未完成，完成条件为暂定功能模型。,0.7
M4-REPAIR-197,RB09 暂停降温等同自动回归｜机制定义,L3 修复盲点与过早关闭,REPAIR-修复盲点,通用,定义,RB09,,存在“暂停降温等同自动回归”的候选顺序。,只凭十神标签或一次模糊事件。,由共享基础引擎提供；仅修正修复功能的承载、持续与压力占位，不直接等同是否愿意认错或能否修复。,由M1／M2提供；夫妻星只说明伴侣原型与关系资格，不单独证明修复能力、修复意愿或修复结果。,由M3-BASE提供；日支底盘说明亲密关系中自然调用的功能，但不能单独证明修复闭环。,由M3-CONFLICT、M4-LOOP及现实事件提供；必须区分问题停止、责任承担、影响确认、行动改变、反馈整合与后续回访。,由共享基础引擎判定；近位提高相关功能进入亲密关系核心的概率，远位只作背景或阶段修正。,根气只修正某修复功能是否容易重复调用，不等于现实中已经持续改变。,旺弱只修正功能调用强度与占位，不直接等同修复质量、诚意或关系结果。,喜忌只修正功能摩擦、平衡与承载，不直接等同道德、成熟、善恶或是否值得原谅。,原十神功能有效；真合化成立时按化神功能替换，合化争议时停止定性。,近位提高修复议题与亲密关系的直接相关性；远位仅保留背景、阶段或低置信修正。,72,结构＋4；现实事件＋4；反例－4至停止,repair_blindspot,该盲点描述过早关闭或功能替代，不等同人格缺陷。,暂停可以保护关系，但需要明确什么时候、怎样重新回来处理。,不得仅凭本规则判断道歉真诚与否、要求对方原谅或复合、推断关系一定修复或失败、淡化暴力强迫与现实伤害、平均分配明显不对等的责任；现实安全、具体行为、反例与专业支持优先。,中高,待验证,,provisional=true；M3-REPAIR尚未完成，完成条件为暂定功能模型。,0.7
M4-REPAIR-198,RB09 暂停降温等同自动回归｜成立证据,L3 修复盲点与过早关闭,REPAIR-修复盲点,通用,证据,RB09,,RN07／RN08回归路径不足，并有具体事件顺序。,相应节点已有稳定现实证据。,由共享基础引擎提供；仅修正修复功能的承载、持续与压力占位，不直接等同是否愿意认错或能否修复。,由M1／M2提供；夫妻星只说明伴侣原型与关系资格，不单独证明修复能力、修复意愿或修复结果。,由M3-BASE提供；日支底盘说明亲密关系中自然调用的功能，但不能单独证明修复闭环。,由M3-CONFLICT、M4-LOOP及现实事件提供；必须区分问题停止、责任承担、影响确认、行动改变、反馈整合与后续回访。,由共享基础引擎判定；近位提高相关功能进入亲密关系核心的概率，远位只作背景或阶段修正。,根气只修正某修复功能是否容易重复调用，不等于现实中已经持续改变。,旺弱只修正功能调用强度与占位，不直接等同修复质量、诚意或关系结果。,喜忌只修正功能摩擦、平衡与承载，不直接等同道德、成熟、善恶或是否值得原谅。,原十神功能有效；真合化成立时按化神功能替换，合化争议时停止定性。,近位提高修复议题与亲密关系的直接相关性；远位仅保留背景、阶段或低置信修正。,86,结构＋4；现实事件＋4；反例－4至停止,repair_blindspot,缺失节点必须由现实资料确认，不能只凭结构推测。,需要继续检查：RN07／RN08回归路径不足。,不得仅凭本规则判断道歉真诚与否、要求对方原谅或复合、推断关系一定修复或失败、淡化暴力强迫与现实伤害、平均分配明显不对等的责任；现实安全、具体行为、反例与专业支持优先。,中高,待验证,,provisional=true；M3-REPAIR尚未完成，完成条件为暂定功能模型。,0.7
M4-REPAIR-199,RB09 暂停降温等同自动回归｜典型路由,L3 修复盲点与过早关闭,REPAIR-修复盲点,通用,路由,RB09,,前一步修复动作已经出现，但下一项必要任务没有进入。,前后顺序完整且接收方反馈有效。,由共享基础引擎提供；仅修正修复功能的承载、持续与压力占位，不直接等同是否愿意认错或能否修复。,由M1／M2提供；夫妻星只说明伴侣原型与关系资格，不单独证明修复能力、修复意愿或修复结果。,由M3-BASE提供；日支底盘说明亲密关系中自然调用的功能，但不能单独证明修复闭环。,由M3-CONFLICT、M4-LOOP及现实事件提供；必须区分问题停止、责任承担、影响确认、行动改变、反馈整合与后续回访。,由共享基础引擎判定；近位提高相关功能进入亲密关系核心的概率，远位只作背景或阶段修正。,根气只修正某修复功能是否容易重复调用，不等于现实中已经持续改变。,旺弱只修正功能调用强度与占位，不直接等同修复质量、诚意或关系结果。,喜忌只修正功能摩擦、平衡与承载，不直接等同道德、成熟、善恶或是否值得原谅。,原十神功能有效；真合化成立时按化神功能替换，合化争议时停止定性。,近位提高修复议题与亲密关系的直接相关性；远位仅保留背景、阶段或低置信修正。,72,结构＋4；现实事件＋4；反例－4至停止,repair_blindspot,路由说明卡点发生在哪里。,目前更像是前一步完成后，下一步没有顺利接上。,不得仅凭本规则判断道歉真诚与否、要求对方原谅或复合、推断关系一定修复或失败、淡化暴力强迫与现实伤害、平均分配明显不对等的责任；现实安全、具体行为、反例与专业支持优先。,中高,待验证,,provisional=true；M3-REPAIR尚未完成，完成条件为暂定功能模型。,0.7
M4-REPAIR-200,RB09 暂停降温等同自动回归｜反例与替代解释,L3 修复盲点与过早关闭,REPAIR-修复盲点,通用,反例,RB09,,检查事件强度、双方意愿、时间不足、合理拒绝和安全因素。,忽略成功修复或把合理边界当卡点。,由共享基础引擎提供；仅修正修复功能的承载、持续与压力占位，不直接等同是否愿意认错或能否修复。,由M1／M2提供；夫妻星只说明伴侣原型与关系资格，不单独证明修复能力、修复意愿或修复结果。,由M3-BASE提供；日支底盘说明亲密关系中自然调用的功能，但不能单独证明修复闭环。,由M3-CONFLICT、M4-LOOP及现实事件提供；必须区分问题停止、责任承担、影响确认、行动改变、反馈整合与后续回访。,由共享基础引擎判定；近位提高相关功能进入亲密关系核心的概率，远位只作背景或阶段修正。,根气只修正某修复功能是否容易重复调用，不等于现实中已经持续改变。,旺弱只修正功能调用强度与占位，不直接等同修复质量、诚意或关系结果。,喜忌只修正功能摩擦、平衡与承载，不直接等同道德、成熟、善恶或是否值得原谅。,原十神功能有效；真合化成立时按化神功能替换，合化争议时停止定性。,近位提高修复议题与亲密关系的直接相关性；远位仅保留背景、阶段或低置信修正。,86,结构＋4；现实事件＋4；反例－4至停止,repair_blindspot,同一表面结果可能来自合理暂停、信息不足或不愿继续关系。,也要检查这是否只是合理暂停、资料不足，或对方选择不继续，而不是修复能力问题。,不得仅凭本规则判断道歉真诚与否、要求对方原谅或复合、推断关系一定修复或失败、淡化暴力强迫与现实伤害、平均分配明显不对等的责任；现实安全、具体行为、反例与专业支持优先。,中高,待验证,,provisional=true；M3-REPAIR尚未完成，完成条件为暂定功能模型。,0.7
M4-REPAIR-201,RB09 暂停降温等同自动回归｜用户输出,L3 修复盲点与过早关闭,REPAIR-修复盲点,通用,输出,RB09,,该盲点达到E2或以上，并完成反例检查。,资料不足或安全停止。,由共享基础引擎提供；仅修正修复功能的承载、持续与压力占位，不直接等同是否愿意认错或能否修复。,由M1／M2提供；夫妻星只说明伴侣原型与关系资格，不单独证明修复能力、修复意愿或修复结果。,由M3-BASE提供；日支底盘说明亲密关系中自然调用的功能，但不能单独证明修复闭环。,由M3-CONFLICT、M4-LOOP及现实事件提供；必须区分问题停止、责任承担、影响确认、行动改变、反馈整合与后续回访。,由共享基础引擎判定；近位提高相关功能进入亲密关系核心的概率，远位只作背景或阶段修正。,根气只修正某修复功能是否容易重复调用，不等于现实中已经持续改变。,旺弱只修正功能调用强度与占位，不直接等同修复质量、诚意或关系结果。,喜忌只修正功能摩擦、平衡与承载，不直接等同道德、成熟、善恶或是否值得原谅。,原十神功能有效；真合化成立时按化神功能替换，合化争议时停止定性。,近位提高修复议题与亲密关系的直接相关性；远位仅保留背景、阶段或低置信修正。,72,结构＋4；现实事件＋4；反例－4至停止,repair_blindspot,语言应说明“已完成什么、缺什么、如何验证”。,暂停可以保护关系，但需要明确什么时候、怎样重新回来处理。,不得仅凭本规则判断道歉真诚与否、要求对方原谅或复合、推断关系一定修复或失败、淡化暴力强迫与现实伤害、平均分配明显不对等的责任；现实安全、具体行为、反例与专业支持优先。,中高,待验证,,provisional=true；M3-REPAIR尚未完成，完成条件为暂定功能模型。,0.7
M4-REPAIR-202,RB09 暂停降温等同自动回归｜退出条件,L3 修复盲点与过早关闭,REPAIR-修复盲点,通用,保护,RB09,,暂停前说明目的、范围和返回点。,只给抽象建议，没有可观察节点。,由共享基础引擎提供；仅修正修复功能的承载、持续与压力占位，不直接等同是否愿意认错或能否修复。,由M1／M2提供；夫妻星只说明伴侣原型与关系资格，不单独证明修复能力、修复意愿或修复结果。,由M3-BASE提供；日支底盘说明亲密关系中自然调用的功能，但不能单独证明修复闭环。,由M3-CONFLICT、M4-LOOP及现实事件提供；必须区分问题停止、责任承担、影响确认、行动改变、反馈整合与后续回访。,由共享基础引擎判定；近位提高相关功能进入亲密关系核心的概率，远位只作背景或阶段修正。,根气只修正某修复功能是否容易重复调用，不等于现实中已经持续改变。,旺弱只修正功能调用强度与占位，不直接等同修复质量、诚意或关系结果。,喜忌只修正功能摩擦、平衡与承载，不直接等同道德、成熟、善恶或是否值得原谅。,原十神功能有效；真合化成立时按化神功能替换，合化争议时停止定性。,近位提高修复议题与亲密关系的直接相关性；远位仅保留背景、阶段或低置信修正。,72,结构＋4；现实事件＋4；反例－4至停止,repair_blindspot,退出条件必须能改变具体修复链，而不是要求人格改变。,中断这个卡点的关键是：暂停前说明目的、范围和返回点。,不得仅凭本规则判断道歉真诚与否、要求对方原谅或复合、推断关系一定修复或失败、淡化暴力强迫与现实伤害、平均分配明显不对等的责任；现实安全、具体行为、反例与专业支持优先。,中高,待验证,,provisional=true；M3-REPAIR尚未完成，完成条件为暂定功能模型。,0.7
M4-REPAIR-203,RB10 快速和好等同边界已重订｜机制定义,L3 修复盲点与过早关闭,REPAIR-修复盲点,通用,定义,RB10,,存在“快速和好等同边界已重订”的候选顺序。,只凭十神标签或一次模糊事件。,由共享基础引擎提供；仅修正修复功能的承载、持续与压力占位，不直接等同是否愿意认错或能否修复。,由M1／M2提供；夫妻星只说明伴侣原型与关系资格，不单独证明修复能力、修复意愿或修复结果。,由M3-BASE提供；日支底盘说明亲密关系中自然调用的功能，但不能单独证明修复闭环。,由M3-CONFLICT、M4-LOOP及现实事件提供；必须区分问题停止、责任承担、影响确认、行动改变、反馈整合与后续回访。,由共享基础引擎判定；近位提高相关功能进入亲密关系核心的概率，远位只作背景或阶段修正。,根气只修正某修复功能是否容易重复调用，不等于现实中已经持续改变。,旺弱只修正功能调用强度与占位，不直接等同修复质量、诚意或关系结果。,喜忌只修正功能摩擦、平衡与承载，不直接等同道德、成熟、善恶或是否值得原谅。,原十神功能有效；真合化成立时按化神功能替换，合化争议时停止定性。,近位提高修复议题与亲密关系的直接相关性；远位仅保留背景、阶段或低置信修正。,72,结构＋4；现实事件＋4；反例－4至停止,repair_blindspot,该盲点描述过早关闭或功能替代，不等同人格缺陷。,重新靠近不代表旧问题自动消失，仍要确认以后哪些做法需要改变。,不得仅凭本规则判断道歉真诚与否、要求对方原谅或复合、推断关系一定修复或失败、淡化暴力强迫与现实伤害、平均分配明显不对等的责任；现实安全、具体行为、反例与专业支持优先。,中高,待验证,,provisional=true；M3-REPAIR尚未完成，完成条件为暂定功能模型。,0.7
M4-REPAIR-204,RB10 快速和好等同边界已重订｜成立证据,L3 修复盲点与过早关闭,REPAIR-修复盲点,通用,证据,RB10,,RN05不足，并有具体事件顺序。,相应节点已有稳定现实证据。,由共享基础引擎提供；仅修正修复功能的承载、持续与压力占位，不直接等同是否愿意认错或能否修复。,由M1／M2提供；夫妻星只说明伴侣原型与关系资格，不单独证明修复能力、修复意愿或修复结果。,由M3-BASE提供；日支底盘说明亲密关系中自然调用的功能，但不能单独证明修复闭环。,由M3-CONFLICT、M4-LOOP及现实事件提供；必须区分问题停止、责任承担、影响确认、行动改变、反馈整合与后续回访。,由共享基础引擎判定；近位提高相关功能进入亲密关系核心的概率，远位只作背景或阶段修正。,根气只修正某修复功能是否容易重复调用，不等于现实中已经持续改变。,旺弱只修正功能调用强度与占位，不直接等同修复质量、诚意或关系结果。,喜忌只修正功能摩擦、平衡与承载，不直接等同道德、成熟、善恶或是否值得原谅。,原十神功能有效；真合化成立时按化神功能替换，合化争议时停止定性。,近位提高修复议题与亲密关系的直接相关性；远位仅保留背景、阶段或低置信修正。,86,结构＋4；现实事件＋4；反例－4至停止,repair_blindspot,缺失节点必须由现实资料确认，不能只凭结构推测。,需要继续检查：RN05不足。,不得仅凭本规则判断道歉真诚与否、要求对方原谅或复合、推断关系一定修复或失败、淡化暴力强迫与现实伤害、平均分配明显不对等的责任；现实安全、具体行为、反例与专业支持优先。,中高,待验证,,provisional=true；M3-REPAIR尚未完成，完成条件为暂定功能模型。,0.7
M4-REPAIR-205,RB10 快速和好等同边界已重订｜典型路由,L3 修复盲点与过早关闭,REPAIR-修复盲点,通用,路由,RB10,,前一步修复动作已经出现，但下一项必要任务没有进入。,前后顺序完整且接收方反馈有效。,由共享基础引擎提供；仅修正修复功能的承载、持续与压力占位，不直接等同是否愿意认错或能否修复。,由M1／M2提供；夫妻星只说明伴侣原型与关系资格，不单独证明修复能力、修复意愿或修复结果。,由M3-BASE提供；日支底盘说明亲密关系中自然调用的功能，但不能单独证明修复闭环。,由M3-CONFLICT、M4-LOOP及现实事件提供；必须区分问题停止、责任承担、影响确认、行动改变、反馈整合与后续回访。,由共享基础引擎判定；近位提高相关功能进入亲密关系核心的概率，远位只作背景或阶段修正。,根气只修正某修复功能是否容易重复调用，不等于现实中已经持续改变。,旺弱只修正功能调用强度与占位，不直接等同修复质量、诚意或关系结果。,喜忌只修正功能摩擦、平衡与承载，不直接等同道德、成熟、善恶或是否值得原谅。,原十神功能有效；真合化成立时按化神功能替换，合化争议时停止定性。,近位提高修复议题与亲密关系的直接相关性；远位仅保留背景、阶段或低置信修正。,72,结构＋4；现实事件＋4；反例－4至停止,repair_blindspot,路由说明卡点发生在哪里。,目前更像是前一步完成后，下一步没有顺利接上。,不得仅凭本规则判断道歉真诚与否、要求对方原谅或复合、推断关系一定修复或失败、淡化暴力强迫与现实伤害、平均分配明显不对等的责任；现实安全、具体行为、反例与专业支持优先。,中高,待验证,,provisional=true；M3-REPAIR尚未完成，完成条件为暂定功能模型。,0.7
M4-REPAIR-206,RB10 快速和好等同边界已重订｜反例与替代解释,L3 修复盲点与过早关闭,REPAIR-修复盲点,通用,反例,RB10,,检查事件强度、双方意愿、时间不足、合理拒绝和安全因素。,忽略成功修复或把合理边界当卡点。,由共享基础引擎提供；仅修正修复功能的承载、持续与压力占位，不直接等同是否愿意认错或能否修复。,由M1／M2提供；夫妻星只说明伴侣原型与关系资格，不单独证明修复能力、修复意愿或修复结果。,由M3-BASE提供；日支底盘说明亲密关系中自然调用的功能，但不能单独证明修复闭环。,由M3-CONFLICT、M4-LOOP及现实事件提供；必须区分问题停止、责任承担、影响确认、行动改变、反馈整合与后续回访。,由共享基础引擎判定；近位提高相关功能进入亲密关系核心的概率，远位只作背景或阶段修正。,根气只修正某修复功能是否容易重复调用，不等于现实中已经持续改变。,旺弱只修正功能调用强度与占位，不直接等同修复质量、诚意或关系结果。,喜忌只修正功能摩擦、平衡与承载，不直接等同道德、成熟、善恶或是否值得原谅。,原十神功能有效；真合化成立时按化神功能替换，合化争议时停止定性。,近位提高修复议题与亲密关系的直接相关性；远位仅保留背景、阶段或低置信修正。,86,结构＋4；现实事件＋4；反例－4至停止,repair_blindspot,同一表面结果可能来自合理暂停、信息不足或不愿继续关系。,也要检查这是否只是合理暂停、资料不足，或对方选择不继续，而不是修复能力问题。,不得仅凭本规则判断道歉真诚与否、要求对方原谅或复合、推断关系一定修复或失败、淡化暴力强迫与现实伤害、平均分配明显不对等的责任；现实安全、具体行为、反例与专业支持优先。,中高,待验证,,provisional=true；M3-REPAIR尚未完成，完成条件为暂定功能模型。,0.7
M4-REPAIR-207,RB10 快速和好等同边界已重订｜用户输出,L3 修复盲点与过早关闭,REPAIR-修复盲点,通用,输出,RB10,,该盲点达到E2或以上，并完成反例检查。,资料不足或安全停止。,由共享基础引擎提供；仅修正修复功能的承载、持续与压力占位，不直接等同是否愿意认错或能否修复。,由M1／M2提供；夫妻星只说明伴侣原型与关系资格，不单独证明修复能力、修复意愿或修复结果。,由M3-BASE提供；日支底盘说明亲密关系中自然调用的功能，但不能单独证明修复闭环。,由M3-CONFLICT、M4-LOOP及现实事件提供；必须区分问题停止、责任承担、影响确认、行动改变、反馈整合与后续回访。,由共享基础引擎判定；近位提高相关功能进入亲密关系核心的概率，远位只作背景或阶段修正。,根气只修正某修复功能是否容易重复调用，不等于现实中已经持续改变。,旺弱只修正功能调用强度与占位，不直接等同修复质量、诚意或关系结果。,喜忌只修正功能摩擦、平衡与承载，不直接等同道德、成熟、善恶或是否值得原谅。,原十神功能有效；真合化成立时按化神功能替换，合化争议时停止定性。,近位提高修复议题与亲密关系的直接相关性；远位仅保留背景、阶段或低置信修正。,72,结构＋4；现实事件＋4；反例－4至停止,repair_blindspot,语言应说明“已完成什么、缺什么、如何验证”。,重新靠近不代表旧问题自动消失，仍要确认以后哪些做法需要改变。,不得仅凭本规则判断道歉真诚与否、要求对方原谅或复合、推断关系一定修复或失败、淡化暴力强迫与现实伤害、平均分配明显不对等的责任；现实安全、具体行为、反例与专业支持优先。,中高,待验证,,provisional=true；M3-REPAIR尚未完成，完成条件为暂定功能模型。,0.7
M4-REPAIR-208,RB10 快速和好等同边界已重订｜退出条件,L3 修复盲点与过早关闭,REPAIR-修复盲点,通用,保护,RB10,,和好后补做边界与决定权重订。,只给抽象建议，没有可观察节点。,由共享基础引擎提供；仅修正修复功能的承载、持续与压力占位，不直接等同是否愿意认错或能否修复。,由M1／M2提供；夫妻星只说明伴侣原型与关系资格，不单独证明修复能力、修复意愿或修复结果。,由M3-BASE提供；日支底盘说明亲密关系中自然调用的功能，但不能单独证明修复闭环。,由M3-CONFLICT、M4-LOOP及现实事件提供；必须区分问题停止、责任承担、影响确认、行动改变、反馈整合与后续回访。,由共享基础引擎判定；近位提高相关功能进入亲密关系核心的概率，远位只作背景或阶段修正。,根气只修正某修复功能是否容易重复调用，不等于现实中已经持续改变。,旺弱只修正功能调用强度与占位，不直接等同修复质量、诚意或关系结果。,喜忌只修正功能摩擦、平衡与承载，不直接等同道德、成熟、善恶或是否值得原谅。,原十神功能有效；真合化成立时按化神功能替换，合化争议时停止定性。,近位提高修复议题与亲密关系的直接相关性；远位仅保留背景、阶段或低置信修正。,72,结构＋4；现实事件＋4；反例－4至停止,repair_blindspot,退出条件必须能改变具体修复链，而不是要求人格改变。,中断这个卡点的关键是：和好后补做边界与决定权重订。,不得仅凭本规则判断道歉真诚与否、要求对方原谅或复合、推断关系一定修复或失败、淡化暴力强迫与现实伤害、平均分配明显不对等的责任；现实安全、具体行为、反例与专业支持优先。,中高,待验证,,provisional=true；M3-REPAIR尚未完成，完成条件为暂定功能模型。,0.7
M4-REPAIR-209,RB11 单方修复投入等同双方闭环｜机制定义,L3 修复盲点与过早关闭,REPAIR-修复盲点,通用,定义,RB11,,存在“单方修复投入等同双方闭环”的候选顺序。,只凭十神标签或一次模糊事件。,由共享基础引擎提供；仅修正修复功能的承载、持续与压力占位，不直接等同是否愿意认错或能否修复。,由M1／M2提供；夫妻星只说明伴侣原型与关系资格，不单独证明修复能力、修复意愿或修复结果。,由M3-BASE提供；日支底盘说明亲密关系中自然调用的功能，但不能单独证明修复闭环。,由M3-CONFLICT、M4-LOOP及现实事件提供；必须区分问题停止、责任承担、影响确认、行动改变、反馈整合与后续回访。,由共享基础引擎判定；近位提高相关功能进入亲密关系核心的概率，远位只作背景或阶段修正。,根气只修正某修复功能是否容易重复调用，不等于现实中已经持续改变。,旺弱只修正功能调用强度与占位，不直接等同修复质量、诚意或关系结果。,喜忌只修正功能摩擦、平衡与承载，不直接等同道德、成熟、善恶或是否值得原谅。,原十神功能有效；真合化成立时按化神功能替换，合化争议时停止定性。,近位提高修复议题与亲密关系的直接相关性；远位仅保留背景、阶段或低置信修正。,72,结构＋4；现实事件＋4；反例－4至停止,repair_blindspot,该盲点描述过早关闭或功能替代，不等同人格缺陷。,你可以完成自己的责任，但不能替对方决定是否已经修复或是否愿意继续。,不得仅凭本规则判断道歉真诚与否、要求对方原谅或复合、推断关系一定修复或失败、淡化暴力强迫与现实伤害、平均分配明显不对等的责任；现实安全、具体行为、反例与专业支持优先。,中高,待验证,,provisional=true；M3-REPAIR尚未完成，完成条件为暂定功能模型。,0.7
M4-REPAIR-210,RB11 单方修复投入等同双方闭环｜成立证据,L3 修复盲点与过早关闭,REPAIR-修复盲点,通用,证据,RB11,,RN07不足，或接收方明确拒绝继续，并有具体事件顺序。,相应节点已有稳定现实证据。,由共享基础引擎提供；仅修正修复功能的承载、持续与压力占位，不直接等同是否愿意认错或能否修复。,由M1／M2提供；夫妻星只说明伴侣原型与关系资格，不单独证明修复能力、修复意愿或修复结果。,由M3-BASE提供；日支底盘说明亲密关系中自然调用的功能，但不能单独证明修复闭环。,由M3-CONFLICT、M4-LOOP及现实事件提供；必须区分问题停止、责任承担、影响确认、行动改变、反馈整合与后续回访。,由共享基础引擎判定；近位提高相关功能进入亲密关系核心的概率，远位只作背景或阶段修正。,根气只修正某修复功能是否容易重复调用，不等于现实中已经持续改变。,旺弱只修正功能调用强度与占位，不直接等同修复质量、诚意或关系结果。,喜忌只修正功能摩擦、平衡与承载，不直接等同道德、成熟、善恶或是否值得原谅。,原十神功能有效；真合化成立时按化神功能替换，合化争议时停止定性。,近位提高修复议题与亲密关系的直接相关性；远位仅保留背景、阶段或低置信修正。,86,结构＋4；现实事件＋4；反例－4至停止,repair_blindspot,缺失节点必须由现实资料确认，不能只凭结构推测。,需要继续检查：RN07不足，或接收方明确拒绝继续。,不得仅凭本规则判断道歉真诚与否、要求对方原谅或复合、推断关系一定修复或失败、淡化暴力强迫与现实伤害、平均分配明显不对等的责任；现实安全、具体行为、反例与专业支持优先。,中高,待验证,,provisional=true；M3-REPAIR尚未完成，完成条件为暂定功能模型。,0.7
M4-REPAIR-211,RB11 单方修复投入等同双方闭环｜典型路由,L3 修复盲点与过早关闭,REPAIR-修复盲点,通用,路由,RB11,,前一步修复动作已经出现，但下一项必要任务没有进入。,前后顺序完整且接收方反馈有效。,由共享基础引擎提供；仅修正修复功能的承载、持续与压力占位，不直接等同是否愿意认错或能否修复。,由M1／M2提供；夫妻星只说明伴侣原型与关系资格，不单独证明修复能力、修复意愿或修复结果。,由M3-BASE提供；日支底盘说明亲密关系中自然调用的功能，但不能单独证明修复闭环。,由M3-CONFLICT、M4-LOOP及现实事件提供；必须区分问题停止、责任承担、影响确认、行动改变、反馈整合与后续回访。,由共享基础引擎判定；近位提高相关功能进入亲密关系核心的概率，远位只作背景或阶段修正。,根气只修正某修复功能是否容易重复调用，不等于现实中已经持续改变。,旺弱只修正功能调用强度与占位，不直接等同修复质量、诚意或关系结果。,喜忌只修正功能摩擦、平衡与承载，不直接等同道德、成熟、善恶或是否值得原谅。,原十神功能有效；真合化成立时按化神功能替换，合化争议时停止定性。,近位提高修复议题与亲密关系的直接相关性；远位仅保留背景、阶段或低置信修正。,72,结构＋4；现实事件＋4；反例－4至停止,repair_blindspot,路由说明卡点发生在哪里。,目前更像是前一步完成后，下一步没有顺利接上。,不得仅凭本规则判断道歉真诚与否、要求对方原谅或复合、推断关系一定修复或失败、淡化暴力强迫与现实伤害、平均分配明显不对等的责任；现实安全、具体行为、反例与专业支持优先。,中高,待验证,,provisional=true；M3-REPAIR尚未完成，完成条件为暂定功能模型。,0.7
M4-REPAIR-212,RB11 单方修复投入等同双方闭环｜反例与替代解释,L3 修复盲点与过早关闭,REPAIR-修复盲点,通用,反例,RB11,,检查事件强度、双方意愿、时间不足、合理拒绝和安全因素。,忽略成功修复或把合理边界当卡点。,由共享基础引擎提供；仅修正修复功能的承载、持续与压力占位，不直接等同是否愿意认错或能否修复。,由M1／M2提供；夫妻星只说明伴侣原型与关系资格，不单独证明修复能力、修复意愿或修复结果。,由M3-BASE提供；日支底盘说明亲密关系中自然调用的功能，但不能单独证明修复闭环。,由M3-CONFLICT、M4-LOOP及现实事件提供；必须区分问题停止、责任承担、影响确认、行动改变、反馈整合与后续回访。,由共享基础引擎判定；近位提高相关功能进入亲密关系核心的概率，远位只作背景或阶段修正。,根气只修正某修复功能是否容易重复调用，不等于现实中已经持续改变。,旺弱只修正功能调用强度与占位，不直接等同修复质量、诚意或关系结果。,喜忌只修正功能摩擦、平衡与承载，不直接等同道德、成熟、善恶或是否值得原谅。,原十神功能有效；真合化成立时按化神功能替换，合化争议时停止定性。,近位提高修复议题与亲密关系的直接相关性；远位仅保留背景、阶段或低置信修正。,86,结构＋4；现实事件＋4；反例－4至停止,repair_blindspot,同一表面结果可能来自合理暂停、信息不足或不愿继续关系。,也要检查这是否只是合理暂停、资料不足，或对方选择不继续，而不是修复能力问题。,不得仅凭本规则判断道歉真诚与否、要求对方原谅或复合、推断关系一定修复或失败、淡化暴力强迫与现实伤害、平均分配明显不对等的责任；现实安全、具体行为、反例与专业支持优先。,中高,待验证,,provisional=true；M3-REPAIR尚未完成，完成条件为暂定功能模型。,0.7
M4-REPAIR-213,RB11 单方修复投入等同双方闭环｜用户输出,L3 修复盲点与过早关闭,REPAIR-修复盲点,通用,输出,RB11,,该盲点达到E2或以上，并完成反例检查。,资料不足或安全停止。,由共享基础引擎提供；仅修正修复功能的承载、持续与压力占位，不直接等同是否愿意认错或能否修复。,由M1／M2提供；夫妻星只说明伴侣原型与关系资格，不单独证明修复能力、修复意愿或修复结果。,由M3-BASE提供；日支底盘说明亲密关系中自然调用的功能，但不能单独证明修复闭环。,由M3-CONFLICT、M4-LOOP及现实事件提供；必须区分问题停止、责任承担、影响确认、行动改变、反馈整合与后续回访。,由共享基础引擎判定；近位提高相关功能进入亲密关系核心的概率，远位只作背景或阶段修正。,根气只修正某修复功能是否容易重复调用，不等于现实中已经持续改变。,旺弱只修正功能调用强度与占位，不直接等同修复质量、诚意或关系结果。,喜忌只修正功能摩擦、平衡与承载，不直接等同道德、成熟、善恶或是否值得原谅。,原十神功能有效；真合化成立时按化神功能替换，合化争议时停止定性。,近位提高修复议题与亲密关系的直接相关性；远位仅保留背景、阶段或低置信修正。,72,结构＋4；现实事件＋4；反例－4至停止,repair_blindspot,语言应说明“已完成什么、缺什么、如何验证”。,你可以完成自己的责任，但不能替对方决定是否已经修复或是否愿意继续。,不得仅凭本规则判断道歉真诚与否、要求对方原谅或复合、推断关系一定修复或失败、淡化暴力强迫与现实伤害、平均分配明显不对等的责任；现实安全、具体行为、反例与专业支持优先。,中高,待验证,,provisional=true；M3-REPAIR尚未完成，完成条件为暂定功能模型。,0.7
M4-REPAIR-214,RB11 单方修复投入等同双方闭环｜退出条件,L3 修复盲点与过早关闭,REPAIR-修复盲点,通用,保护,RB11,,区分个人责任行动、修复邀请和双方闭环。,只给抽象建议，没有可观察节点。,由共享基础引擎提供；仅修正修复功能的承载、持续与压力占位，不直接等同是否愿意认错或能否修复。,由M1／M2提供；夫妻星只说明伴侣原型与关系资格，不单独证明修复能力、修复意愿或修复结果。,由M3-BASE提供；日支底盘说明亲密关系中自然调用的功能，但不能单独证明修复闭环。,由M3-CONFLICT、M4-LOOP及现实事件提供；必须区分问题停止、责任承担、影响确认、行动改变、反馈整合与后续回访。,由共享基础引擎判定；近位提高相关功能进入亲密关系核心的概率，远位只作背景或阶段修正。,根气只修正某修复功能是否容易重复调用，不等于现实中已经持续改变。,旺弱只修正功能调用强度与占位，不直接等同修复质量、诚意或关系结果。,喜忌只修正功能摩擦、平衡与承载，不直接等同道德、成熟、善恶或是否值得原谅。,原十神功能有效；真合化成立时按化神功能替换，合化争议时停止定性。,近位提高修复议题与亲密关系的直接相关性；远位仅保留背景、阶段或低置信修正。,72,结构＋4；现实事件＋4；反例－4至停止,repair_blindspot,退出条件必须能改变具体修复链，而不是要求人格改变。,中断这个卡点的关键是：区分个人责任行动、修复邀请和双方闭环。,不得仅凭本规则判断道歉真诚与否、要求对方原谅或复合、推断关系一定修复或失败、淡化暴力强迫与现实伤害、平均分配明显不对等的责任；现实安全、具体行为、反例与专业支持优先。,中高,待验证,,provisional=true；M3-REPAIR尚未完成，完成条件为暂定功能模型。,0.7
M4-REPAIR-215,RB12 一次改善等同稳定改变｜机制定义,L3 修复盲点与过早关闭,REPAIR-修复盲点,通用,定义,RB12,,存在“一次改善等同稳定改变”的候选顺序。,只凭十神标签或一次模糊事件。,由共享基础引擎提供；仅修正修复功能的承载、持续与压力占位，不直接等同是否愿意认错或能否修复。,由M1／M2提供；夫妻星只说明伴侣原型与关系资格，不单独证明修复能力、修复意愿或修复结果。,由M3-BASE提供；日支底盘说明亲密关系中自然调用的功能，但不能单独证明修复闭环。,由M3-CONFLICT、M4-LOOP及现实事件提供；必须区分问题停止、责任承担、影响确认、行动改变、反馈整合与后续回访。,由共享基础引擎判定；近位提高相关功能进入亲密关系核心的概率，远位只作背景或阶段修正。,根气只修正某修复功能是否容易重复调用，不等于现实中已经持续改变。,旺弱只修正功能调用强度与占位，不直接等同修复质量、诚意或关系结果。,喜忌只修正功能摩擦、平衡与承载，不直接等同道德、成熟、善恶或是否值得原谅。,原十神功能有效；真合化成立时按化神功能替换，合化争议时停止定性。,近位提高修复议题与亲密关系的直接相关性；远位仅保留背景、阶段或低置信修正。,72,结构＋4；现实事件＋4；反例－4至停止,repair_blindspot,该盲点描述过早关闭或功能替代，不等同人格缺陷。,这次改善值得肯定，但是否成为新模式，要看以后相似情境能否继续做到。,不得仅凭本规则判断道歉真诚与否、要求对方原谅或复合、推断关系一定修复或失败、淡化暴力强迫与现实伤害、平均分配明显不对等的责任；现实安全、具体行为、反例与专业支持优先。,中高,待验证,,provisional=true；M3-REPAIR尚未完成，完成条件为暂定功能模型。,0.7
M4-REPAIR-216,RB12 一次改善等同稳定改变｜成立证据,L3 修复盲点与过早关闭,REPAIR-修复盲点,通用,证据,RB12,,RN08跨时间与相似情境证据不足，并有具体事件顺序。,相应节点已有稳定现实证据。,由共享基础引擎提供；仅修正修复功能的承载、持续与压力占位，不直接等同是否愿意认错或能否修复。,由M1／M2提供；夫妻星只说明伴侣原型与关系资格，不单独证明修复能力、修复意愿或修复结果。,由M3-BASE提供；日支底盘说明亲密关系中自然调用的功能，但不能单独证明修复闭环。,由M3-CONFLICT、M4-LOOP及现实事件提供；必须区分问题停止、责任承担、影响确认、行动改变、反馈整合与后续回访。,由共享基础引擎判定；近位提高相关功能进入亲密关系核心的概率，远位只作背景或阶段修正。,根气只修正某修复功能是否容易重复调用，不等于现实中已经持续改变。,旺弱只修正功能调用强度与占位，不直接等同修复质量、诚意或关系结果。,喜忌只修正功能摩擦、平衡与承载，不直接等同道德、成熟、善恶或是否值得原谅。,原十神功能有效；真合化成立时按化神功能替换，合化争议时停止定性。,近位提高修复议题与亲密关系的直接相关性；远位仅保留背景、阶段或低置信修正。,86,结构＋4；现实事件＋4；反例－4至停止,repair_blindspot,缺失节点必须由现实资料确认，不能只凭结构推测。,需要继续检查：RN08跨时间与相似情境证据不足。,不得仅凭本规则判断道歉真诚与否、要求对方原谅或复合、推断关系一定修复或失败、淡化暴力强迫与现实伤害、平均分配明显不对等的责任；现实安全、具体行为、反例与专业支持优先。,中高,待验证,,provisional=true；M3-REPAIR尚未完成，完成条件为暂定功能模型。,0.7
M4-REPAIR-217,RB12 一次改善等同稳定改变｜典型路由,L3 修复盲点与过早关闭,REPAIR-修复盲点,通用,路由,RB12,,前一步修复动作已经出现，但下一项必要任务没有进入。,前后顺序完整且接收方反馈有效。,由共享基础引擎提供；仅修正修复功能的承载、持续与压力占位，不直接等同是否愿意认错或能否修复。,由M1／M2提供；夫妻星只说明伴侣原型与关系资格，不单独证明修复能力、修复意愿或修复结果。,由M3-BASE提供；日支底盘说明亲密关系中自然调用的功能，但不能单独证明修复闭环。,由M3-CONFLICT、M4-LOOP及现实事件提供；必须区分问题停止、责任承担、影响确认、行动改变、反馈整合与后续回访。,由共享基础引擎判定；近位提高相关功能进入亲密关系核心的概率，远位只作背景或阶段修正。,根气只修正某修复功能是否容易重复调用，不等于现实中已经持续改变。,旺弱只修正功能调用强度与占位，不直接等同修复质量、诚意或关系结果。,喜忌只修正功能摩擦、平衡与承载，不直接等同道德、成熟、善恶或是否值得原谅。,原十神功能有效；真合化成立时按化神功能替换，合化争议时停止定性。,近位提高修复议题与亲密关系的直接相关性；远位仅保留背景、阶段或低置信修正。,72,结构＋4；现实事件＋4；反例－4至停止,repair_blindspot,路由说明卡点发生在哪里。,目前更像是前一步完成后，下一步没有顺利接上。,不得仅凭本规则判断道歉真诚与否、要求对方原谅或复合、推断关系一定修复或失败、淡化暴力强迫与现实伤害、平均分配明显不对等的责任；现实安全、具体行为、反例与专业支持优先。,中高,待验证,,provisional=true；M3-REPAIR尚未完成，完成条件为暂定功能模型。,0.7
M4-REPAIR-218,RB12 一次改善等同稳定改变｜反例与替代解释,L3 修复盲点与过早关闭,REPAIR-修复盲点,通用,反例,RB12,,检查事件强度、双方意愿、时间不足、合理拒绝和安全因素。,忽略成功修复或把合理边界当卡点。,由共享基础引擎提供；仅修正修复功能的承载、持续与压力占位，不直接等同是否愿意认错或能否修复。,由M1／M2提供；夫妻星只说明伴侣原型与关系资格，不单独证明修复能力、修复意愿或修复结果。,由M3-BASE提供；日支底盘说明亲密关系中自然调用的功能，但不能单独证明修复闭环。,由M3-CONFLICT、M4-LOOP及现实事件提供；必须区分问题停止、责任承担、影响确认、行动改变、反馈整合与后续回访。,由共享基础引擎判定；近位提高相关功能进入亲密关系核心的概率，远位只作背景或阶段修正。,根气只修正某修复功能是否容易重复调用，不等于现实中已经持续改变。,旺弱只修正功能调用强度与占位，不直接等同修复质量、诚意或关系结果。,喜忌只修正功能摩擦、平衡与承载，不直接等同道德、成熟、善恶或是否值得原谅。,原十神功能有效；真合化成立时按化神功能替换，合化争议时停止定性。,近位提高修复议题与亲密关系的直接相关性；远位仅保留背景、阶段或低置信修正。,86,结构＋4；现实事件＋4；反例－4至停止,repair_blindspot,同一表面结果可能来自合理暂停、信息不足或不愿继续关系。,也要检查这是否只是合理暂停、资料不足，或对方选择不继续，而不是修复能力问题。,不得仅凭本规则判断道歉真诚与否、要求对方原谅或复合、推断关系一定修复或失败、淡化暴力强迫与现实伤害、平均分配明显不对等的责任；现实安全、具体行为、反例与专业支持优先。,中高,待验证,,provisional=true；M3-REPAIR尚未完成，完成条件为暂定功能模型。,0.7
M4-REPAIR-219,RB12 一次改善等同稳定改变｜用户输出,L3 修复盲点与过早关闭,REPAIR-修复盲点,通用,输出,RB12,,该盲点达到E2或以上，并完成反例检查。,资料不足或安全停止。,由共享基础引擎提供；仅修正修复功能的承载、持续与压力占位，不直接等同是否愿意认错或能否修复。,由M1／M2提供；夫妻星只说明伴侣原型与关系资格，不单独证明修复能力、修复意愿或修复结果。,由M3-BASE提供；日支底盘说明亲密关系中自然调用的功能，但不能单独证明修复闭环。,由M3-CONFLICT、M4-LOOP及现实事件提供；必须区分问题停止、责任承担、影响确认、行动改变、反馈整合与后续回访。,由共享基础引擎判定；近位提高相关功能进入亲密关系核心的概率，远位只作背景或阶段修正。,根气只修正某修复功能是否容易重复调用，不等于现实中已经持续改变。,旺弱只修正功能调用强度与占位，不直接等同修复质量、诚意或关系结果。,喜忌只修正功能摩擦、平衡与承载，不直接等同道德、成熟、善恶或是否值得原谅。,原十神功能有效；真合化成立时按化神功能替换，合化争议时停止定性。,近位提高修复议题与亲密关系的直接相关性；远位仅保留背景、阶段或低置信修正。,72,结构＋4；现实事件＋4；反例－4至停止,repair_blindspot,语言应说明“已完成什么、缺什么、如何验证”。,这次改善值得肯定，但是否成为新模式，要看以后相似情境能否继续做到。,不得仅凭本规则判断道歉真诚与否、要求对方原谅或复合、推断关系一定修复或失败、淡化暴力强迫与现实伤害、平均分配明显不对等的责任；现实安全、具体行为、反例与专业支持优先。,中高,待验证,,provisional=true；M3-REPAIR尚未完成，完成条件为暂定功能模型。,0.7
M4-REPAIR-220,RB12 一次改善等同稳定改变｜退出条件,L3 修复盲点与过早关闭,REPAIR-修复盲点,通用,保护,RB12,,观察复发情境、持续兑现和反例。,只给抽象建议，没有可观察节点。,由共享基础引擎提供；仅修正修复功能的承载、持续与压力占位，不直接等同是否愿意认错或能否修复。,由M1／M2提供；夫妻星只说明伴侣原型与关系资格，不单独证明修复能力、修复意愿或修复结果。,由M3-BASE提供；日支底盘说明亲密关系中自然调用的功能，但不能单独证明修复闭环。,由M3-CONFLICT、M4-LOOP及现实事件提供；必须区分问题停止、责任承担、影响确认、行动改变、反馈整合与后续回访。,由共享基础引擎判定；近位提高相关功能进入亲密关系核心的概率，远位只作背景或阶段修正。,根气只修正某修复功能是否容易重复调用，不等于现实中已经持续改变。,旺弱只修正功能调用强度与占位，不直接等同修复质量、诚意或关系结果。,喜忌只修正功能摩擦、平衡与承载，不直接等同道德、成熟、善恶或是否值得原谅。,原十神功能有效；真合化成立时按化神功能替换，合化争议时停止定性。,近位提高修复议题与亲密关系的直接相关性；远位仅保留背景、阶段或低置信修正。,72,结构＋4；现实事件＋4；反例－4至停止,repair_blindspot,退出条件必须能改变具体修复链，而不是要求人格改变。,中断这个卡点的关键是：观察复发情境、持续兑现和反例。,不得仅凭本规则判断道歉真诚与否、要求对方原谅或复合、推断关系一定修复或失败、淡化暴力强迫与现实伤害、平均分配明显不对等的责任；现实安全、具体行为、反例与专业支持优先。,中高,待验证,,provisional=true；M3-REPAIR尚未完成，完成条件为暂定功能模型。,0.7
M4-REPAIR-221,RI01 信息误解与表达失真｜事件定义,L4 事件类型与最低修复节点,REPAIR-事件类型,通用,定义,RI01,,双方对信息、意图或表达内容理解不同，未见明显伤害或越界。,事件类型不清或多个类型混在一起。,由共享基础引擎提供；仅修正修复功能的承载、持续与压力占位，不直接等同是否愿意认错或能否修复。,由M1／M2提供；夫妻星只说明伴侣原型与关系资格，不单独证明修复能力、修复意愿或修复结果。,由M3-BASE提供；日支底盘说明亲密关系中自然调用的功能，但不能单独证明修复闭环。,由M3-CONFLICT、M4-LOOP及现实事件提供；必须区分问题停止、责任承担、影响确认、行动改变、反馈整合与后续回访。,由共享基础引擎判定；近位提高相关功能进入亲密关系核心的概率，远位只作背景或阶段修正。,根气只修正某修复功能是否容易重复调用，不等于现实中已经持续改变。,旺弱只修正功能调用强度与占位，不直接等同修复质量、诚意或关系结果。,喜忌只修正功能摩擦、平衡与承载，不直接等同道德、成熟、善恶或是否值得原谅。,原十神功能有效；真合化成立时按化神功能替换，合化争议时停止定性。,近位提高修复议题与亲密关系的直接相关性；远位仅保留背景、阶段或低置信修正。,72,满足最低节点＋6；缺关键节点则降级,repair_issue_type,事件类型决定最低必要节点，避免用同一修复清单处理所有问题。,这类事件首先需要确认它影响的是信息、责任、现实安排、情绪、边界还是安全。,不得仅凭本规则判断道歉真诚与否、要求对方原谅或复合、推断关系一定修复或失败、淡化暴力强迫与现实伤害、平均分配明显不对等的责任；现实安全、具体行为、反例与专业支持优先。,中高,待验证,,provisional=true；M3-REPAIR尚未完成，完成条件为暂定功能模型。,0.7
M4-REPAIR-222,RI01 信息误解与表达失真｜最低必要节点,L4 事件类型与最低修复节点,REPAIR-事件类型,通用,门槛,RI01,,最低节点：RN02事实、RN03影响、RN07反馈。,最低节点未出现却发布修复闭环。,由共享基础引擎提供；仅修正修复功能的承载、持续与压力占位，不直接等同是否愿意认错或能否修复。,由M1／M2提供；夫妻星只说明伴侣原型与关系资格，不单独证明修复能力、修复意愿或修复结果。,由M3-BASE提供；日支底盘说明亲密关系中自然调用的功能，但不能单独证明修复闭环。,由M3-CONFLICT、M4-LOOP及现实事件提供；必须区分问题停止、责任承担、影响确认、行动改变、反馈整合与后续回访。,由共享基础引擎判定；近位提高相关功能进入亲密关系核心的概率，远位只作背景或阶段修正。,根气只修正某修复功能是否容易重复调用，不等于现实中已经持续改变。,旺弱只修正功能调用强度与占位，不直接等同修复质量、诚意或关系结果。,喜忌只修正功能摩擦、平衡与承载，不直接等同道德、成熟、善恶或是否值得原谅。,原十神功能有效；真合化成立时按化神功能替换，合化争议时停止定性。,近位提高修复议题与亲密关系的直接相关性；远位仅保留背景、阶段或低置信修正。,90,满足最低节点＋6；缺关键节点则降级,repair_issue_type,最低节点是此类事件的修复骨架。,这类问题至少需要完成：RN02事实、RN03影响、RN07反馈。,不得仅凭本规则判断道歉真诚与否、要求对方原谅或复合、推断关系一定修复或失败、淡化暴力强迫与现实伤害、平均分配明显不对等的责任；现实安全、具体行为、反例与专业支持优先。,中高,待验证,,provisional=true；M3-REPAIR尚未完成，完成条件为暂定功能模型。,0.7
M4-REPAIR-223,RI01 信息误解与表达失真｜条件节点,L4 事件类型与最低修复节点,REPAIR-事件类型,通用,路由,RI01,,视事件影响加入：RN04视责任而定；RN06用于调整沟通方式。,把条件节点当成所有事件必需。,由共享基础引擎提供；仅修正修复功能的承载、持续与压力占位，不直接等同是否愿意认错或能否修复。,由M1／M2提供；夫妻星只说明伴侣原型与关系资格，不单独证明修复能力、修复意愿或修复结果。,由M3-BASE提供；日支底盘说明亲密关系中自然调用的功能，但不能单独证明修复闭环。,由M3-CONFLICT、M4-LOOP及现实事件提供；必须区分问题停止、责任承担、影响确认、行动改变、反馈整合与后续回访。,由共享基础引擎判定；近位提高相关功能进入亲密关系核心的概率，远位只作背景或阶段修正。,根气只修正某修复功能是否容易重复调用，不等于现实中已经持续改变。,旺弱只修正功能调用强度与占位，不直接等同修复质量、诚意或关系结果。,喜忌只修正功能摩擦、平衡与承载，不直接等同道德、成熟、善恶或是否值得原谅。,原十神功能有效；真合化成立时按化神功能替换，合化争议时停止定性。,近位提高修复议题与亲密关系的直接相关性；远位仅保留背景、阶段或低置信修正。,72,满足最低节点＋6；缺关键节点则降级,repair_issue_type,不同严重度与影响范围需要不同节点组合。,根据实际影响，还需要继续看：RN04视责任而定；RN06用于调整沟通方式。,不得仅凭本规则判断道歉真诚与否、要求对方原谅或复合、推断关系一定修复或失败、淡化暴力强迫与现实伤害、平均分配明显不对等的责任；现实安全、具体行为、反例与专业支持优先。,中高,待验证,,provisional=true；M3-REPAIR尚未完成，完成条件为暂定功能模型。,0.7
M4-REPAIR-224,RI01 信息误解与表达失真｜常见假完成,L4 事件类型与最低修复节点,REPAIR-事件类型,通用,盲点,RI01,,出现：只重复解释自己的意思，没有确认对方实际收到什么。,现实中最低节点已经完整且持续。,由共享基础引擎提供；仅修正修复功能的承载、持续与压力占位，不直接等同是否愿意认错或能否修复。,由M1／M2提供；夫妻星只说明伴侣原型与关系资格，不单独证明修复能力、修复意愿或修复结果。,由M3-BASE提供；日支底盘说明亲密关系中自然调用的功能，但不能单独证明修复闭环。,由M3-CONFLICT、M4-LOOP及现实事件提供；必须区分问题停止、责任承担、影响确认、行动改变、反馈整合与后续回访。,由共享基础引擎判定；近位提高相关功能进入亲密关系核心的概率，远位只作背景或阶段修正。,根气只修正某修复功能是否容易重复调用，不等于现实中已经持续改变。,旺弱只修正功能调用强度与占位，不直接等同修复质量、诚意或关系结果。,喜忌只修正功能摩擦、平衡与承载，不直接等同道德、成熟、善恶或是否值得原谅。,原十神功能有效；真合化成立时按化神功能替换，合化争议时停止定性。,近位提高修复议题与亲密关系的直接相关性；远位仅保留背景、阶段或低置信修正。,72,满足最低节点＋6；缺关键节点则降级,repair_issue_type,假完成说明一个熟悉动作替代了事件真正需要的任务。,常见卡点是：只重复解释自己的意思，没有确认对方实际收到什么。,不得仅凭本规则判断道歉真诚与否、要求对方原谅或复合、推断关系一定修复或失败、淡化暴力强迫与现实伤害、平均分配明显不对等的责任；现实安全、具体行为、反例与专业支持优先。,中高,待验证,,provisional=true；M3-REPAIR尚未完成，完成条件为暂定功能模型。,0.7
M4-REPAIR-225,RI01 信息误解与表达失真｜证据与升级,L4 事件类型与最低修复节点,REPAIR-事件类型,通用,证据,RI01,,有具体事件、接收方反馈和后续行动资料。,只有抽象概括或命盘结构。,由共享基础引擎提供；仅修正修复功能的承载、持续与压力占位，不直接等同是否愿意认错或能否修复。,由M1／M2提供；夫妻星只说明伴侣原型与关系资格，不单独证明修复能力、修复意愿或修复结果。,由M3-BASE提供；日支底盘说明亲密关系中自然调用的功能，但不能单独证明修复闭环。,由M3-CONFLICT、M4-LOOP及现实事件提供；必须区分问题停止、责任承担、影响确认、行动改变、反馈整合与后续回访。,由共享基础引擎判定；近位提高相关功能进入亲密关系核心的概率，远位只作背景或阶段修正。,根气只修正某修复功能是否容易重复调用，不等于现实中已经持续改变。,旺弱只修正功能调用强度与占位，不直接等同修复质量、诚意或关系结果。,喜忌只修正功能摩擦、平衡与承载，不直接等同道德、成熟、善恶或是否值得原谅。,原十神功能有效；真合化成立时按化神功能替换，合化争议时停止定性。,近位提高修复议题与亲密关系的直接相关性；远位仅保留背景、阶段或低置信修正。,72,满足最低节点＋6；缺关键节点则降级,repair_issue_type,事件类型与节点必须由现实资料支持。,需要用具体事件确认这些步骤是否真正发生。,不得仅凭本规则判断道歉真诚与否、要求对方原谅或复合、推断关系一定修复或失败、淡化暴力强迫与现实伤害、平均分配明显不对等的责任；现实安全、具体行为、反例与专业支持优先。,中高,待验证,,provisional=true；M3-REPAIR尚未完成，完成条件为暂定功能模型。,0.7
M4-REPAIR-226,RI01 信息误解与表达失真｜用户输出与边界,L4 事件类型与最低修复节点,REPAIR-事件类型,通用,输出,RI01,,完成现实安全、反例和节点检查。,安全风险被普通修复语言淡化。,由共享基础引擎提供；仅修正修复功能的承载、持续与压力占位，不直接等同是否愿意认错或能否修复。,由M1／M2提供；夫妻星只说明伴侣原型与关系资格，不单独证明修复能力、修复意愿或修复结果。,由M3-BASE提供；日支底盘说明亲密关系中自然调用的功能，但不能单独证明修复闭环。,由M3-CONFLICT、M4-LOOP及现实事件提供；必须区分问题停止、责任承担、影响确认、行动改变、反馈整合与后续回访。,由共享基础引擎判定；近位提高相关功能进入亲密关系核心的概率，远位只作背景或阶段修正。,根气只修正某修复功能是否容易重复调用，不等于现实中已经持续改变。,旺弱只修正功能调用强度与占位，不直接等同修复质量、诚意或关系结果。,喜忌只修正功能摩擦、平衡与承载，不直接等同道德、成熟、善恶或是否值得原谅。,原十神功能有效；真合化成立时按化神功能替换，合化争议时停止定性。,近位提高修复议题与亲密关系的直接相关性；远位仅保留背景、阶段或低置信修正。,90,满足最低节点＋6；缺关键节点则降级,repair_issue_type,输出强调最低任务，不要求原谅或复合。,先把事实和双方理解的差异说清，再确认对方实际受到的影响。,不得仅凭本规则判断道歉真诚与否、要求对方原谅或复合、推断关系一定修复或失败、淡化暴力强迫与现实伤害、平均分配明显不对等的责任；现实安全、具体行为、反例与专业支持优先。,中高,待验证,,provisional=true；M3-REPAIR尚未完成，完成条件为暂定功能模型。,0.7
M4-REPAIR-227,RI02 承诺失约与责任变化｜事件定义,L4 事件类型与最低修复节点,REPAIR-事件类型,通用,定义,RI02,,承诺、计划、角色或责任没有按约定兑现。,事件类型不清或多个类型混在一起。,由共享基础引擎提供；仅修正修复功能的承载、持续与压力占位，不直接等同是否愿意认错或能否修复。,由M1／M2提供；夫妻星只说明伴侣原型与关系资格，不单独证明修复能力、修复意愿或修复结果。,由M3-BASE提供；日支底盘说明亲密关系中自然调用的功能，但不能单独证明修复闭环。,由M3-CONFLICT、M4-LOOP及现实事件提供；必须区分问题停止、责任承担、影响确认、行动改变、反馈整合与后续回访。,由共享基础引擎判定；近位提高相关功能进入亲密关系核心的概率，远位只作背景或阶段修正。,根气只修正某修复功能是否容易重复调用，不等于现实中已经持续改变。,旺弱只修正功能调用强度与占位，不直接等同修复质量、诚意或关系结果。,喜忌只修正功能摩擦、平衡与承载，不直接等同道德、成熟、善恶或是否值得原谅。,原十神功能有效；真合化成立时按化神功能替换，合化争议时停止定性。,近位提高修复议题与亲密关系的直接相关性；远位仅保留背景、阶段或低置信修正。,72,满足最低节点＋6；缺关键节点则降级,repair_issue_type,事件类型决定最低必要节点，避免用同一修复清单处理所有问题。,这类事件首先需要确认它影响的是信息、责任、现实安排、情绪、边界还是安全。,不得仅凭本规则判断道歉真诚与否、要求对方原谅或复合、推断关系一定修复或失败、淡化暴力强迫与现实伤害、平均分配明显不对等的责任；现实安全、具体行为、反例与专业支持优先。,中高,待验证,,provisional=true；M3-REPAIR尚未完成，完成条件为暂定功能模型。,0.7
M4-REPAIR-228,RI02 承诺失约与责任变化｜最低必要节点,L4 事件类型与最低修复节点,REPAIR-事件类型,通用,门槛,RI02,,最低节点：RN02事实、RN04责任、RN06补救、RN08持续兑现。,最低节点未出现却发布修复闭环。,由共享基础引擎提供；仅修正修复功能的承载、持续与压力占位，不直接等同是否愿意认错或能否修复。,由M1／M2提供；夫妻星只说明伴侣原型与关系资格，不单独证明修复能力、修复意愿或修复结果。,由M3-BASE提供；日支底盘说明亲密关系中自然调用的功能，但不能单独证明修复闭环。,由M3-CONFLICT、M4-LOOP及现实事件提供；必须区分问题停止、责任承担、影响确认、行动改变、反馈整合与后续回访。,由共享基础引擎判定；近位提高相关功能进入亲密关系核心的概率，远位只作背景或阶段修正。,根气只修正某修复功能是否容易重复调用，不等于现实中已经持续改变。,旺弱只修正功能调用强度与占位，不直接等同修复质量、诚意或关系结果。,喜忌只修正功能摩擦、平衡与承载，不直接等同道德、成熟、善恶或是否值得原谅。,原十神功能有效；真合化成立时按化神功能替换，合化争议时停止定性。,近位提高修复议题与亲密关系的直接相关性；远位仅保留背景、阶段或低置信修正。,90,满足最低节点＋6；缺关键节点则降级,repair_issue_type,最低节点是此类事件的修复骨架。,这类问题至少需要完成：RN02事实、RN04责任、RN06补救、RN08持续兑现。,不得仅凭本规则判断道歉真诚与否、要求对方原谅或复合、推断关系一定修复或失败、淡化暴力强迫与现实伤害、平均分配明显不对等的责任；现实安全、具体行为、反例与专业支持优先。,中高,待验证,,provisional=true；M3-REPAIR尚未完成，完成条件为暂定功能模型。,0.7
M4-REPAIR-229,RI02 承诺失约与责任变化｜条件节点,L4 事件类型与最低修复节点,REPAIR-事件类型,通用,路由,RI02,,视事件影响加入：RN03影响、RN05规则重订、RN07反馈。,把条件节点当成所有事件必需。,由共享基础引擎提供；仅修正修复功能的承载、持续与压力占位，不直接等同是否愿意认错或能否修复。,由M1／M2提供；夫妻星只说明伴侣原型与关系资格，不单独证明修复能力、修复意愿或修复结果。,由M3-BASE提供；日支底盘说明亲密关系中自然调用的功能，但不能单独证明修复闭环。,由M3-CONFLICT、M4-LOOP及现实事件提供；必须区分问题停止、责任承担、影响确认、行动改变、反馈整合与后续回访。,由共享基础引擎判定；近位提高相关功能进入亲密关系核心的概率，远位只作背景或阶段修正。,根气只修正某修复功能是否容易重复调用，不等于现实中已经持续改变。,旺弱只修正功能调用强度与占位，不直接等同修复质量、诚意或关系结果。,喜忌只修正功能摩擦、平衡与承载，不直接等同道德、成熟、善恶或是否值得原谅。,原十神功能有效；真合化成立时按化神功能替换，合化争议时停止定性。,近位提高修复议题与亲密关系的直接相关性；远位仅保留背景、阶段或低置信修正。,72,满足最低节点＋6；缺关键节点则降级,repair_issue_type,不同严重度与影响范围需要不同节点组合。,根据实际影响，还需要继续看：RN03影响、RN05规则重订、RN07反馈。,不得仅凭本规则判断道歉真诚与否、要求对方原谅或复合、推断关系一定修复或失败、淡化暴力强迫与现实伤害、平均分配明显不对等的责任；现实安全、具体行为、反例与专业支持优先。,中高,待验证,,provisional=true；M3-REPAIR尚未完成，完成条件为暂定功能模型。,0.7
M4-REPAIR-230,RI02 承诺失约与责任变化｜常见假完成,L4 事件类型与最低修复节点,REPAIR-事件类型,通用,盲点,RI02,,出现：只有再次承诺，没有责任范围和持续兑现。,现实中最低节点已经完整且持续。,由共享基础引擎提供；仅修正修复功能的承载、持续与压力占位，不直接等同是否愿意认错或能否修复。,由M1／M2提供；夫妻星只说明伴侣原型与关系资格，不单独证明修复能力、修复意愿或修复结果。,由M3-BASE提供；日支底盘说明亲密关系中自然调用的功能，但不能单独证明修复闭环。,由M3-CONFLICT、M4-LOOP及现实事件提供；必须区分问题停止、责任承担、影响确认、行动改变、反馈整合与后续回访。,由共享基础引擎判定；近位提高相关功能进入亲密关系核心的概率，远位只作背景或阶段修正。,根气只修正某修复功能是否容易重复调用，不等于现实中已经持续改变。,旺弱只修正功能调用强度与占位，不直接等同修复质量、诚意或关系结果。,喜忌只修正功能摩擦、平衡与承载，不直接等同道德、成熟、善恶或是否值得原谅。,原十神功能有效；真合化成立时按化神功能替换，合化争议时停止定性。,近位提高修复议题与亲密关系的直接相关性；远位仅保留背景、阶段或低置信修正。,72,满足最低节点＋6；缺关键节点则降级,repair_issue_type,假完成说明一个熟悉动作替代了事件真正需要的任务。,常见卡点是：只有再次承诺，没有责任范围和持续兑现。,不得仅凭本规则判断道歉真诚与否、要求对方原谅或复合、推断关系一定修复或失败、淡化暴力强迫与现实伤害、平均分配明显不对等的责任；现实安全、具体行为、反例与专业支持优先。,中高,待验证,,provisional=true；M3-REPAIR尚未完成，完成条件为暂定功能模型。,0.7
M4-REPAIR-231,RI02 承诺失约与责任变化｜证据与升级,L4 事件类型与最低修复节点,REPAIR-事件类型,通用,证据,RI02,,有具体事件、接收方反馈和后续行动资料。,只有抽象概括或命盘结构。,由共享基础引擎提供；仅修正修复功能的承载、持续与压力占位，不直接等同是否愿意认错或能否修复。,由M1／M2提供；夫妻星只说明伴侣原型与关系资格，不单独证明修复能力、修复意愿或修复结果。,由M3-BASE提供；日支底盘说明亲密关系中自然调用的功能，但不能单独证明修复闭环。,由M3-CONFLICT、M4-LOOP及现实事件提供；必须区分问题停止、责任承担、影响确认、行动改变、反馈整合与后续回访。,由共享基础引擎判定；近位提高相关功能进入亲密关系核心的概率，远位只作背景或阶段修正。,根气只修正某修复功能是否容易重复调用，不等于现实中已经持续改变。,旺弱只修正功能调用强度与占位，不直接等同修复质量、诚意或关系结果。,喜忌只修正功能摩擦、平衡与承载，不直接等同道德、成熟、善恶或是否值得原谅。,原十神功能有效；真合化成立时按化神功能替换，合化争议时停止定性。,近位提高修复议题与亲密关系的直接相关性；远位仅保留背景、阶段或低置信修正。,72,满足最低节点＋6；缺关键节点则降级,repair_issue_type,事件类型与节点必须由现实资料支持。,需要用具体事件确认这些步骤是否真正发生。,不得仅凭本规则判断道歉真诚与否、要求对方原谅或复合、推断关系一定修复或失败、淡化暴力强迫与现实伤害、平均分配明显不对等的责任；现实安全、具体行为、反例与专业支持优先。,中高,待验证,,provisional=true；M3-REPAIR尚未完成，完成条件为暂定功能模型。,0.7
M4-REPAIR-232,RI02 承诺失约与责任变化｜用户输出与边界,L4 事件类型与最低修复节点,REPAIR-事件类型,通用,输出,RI02,,完成现实安全、反例和节点检查。,安全风险被普通修复语言淡化。,由共享基础引擎提供；仅修正修复功能的承载、持续与压力占位，不直接等同是否愿意认错或能否修复。,由M1／M2提供；夫妻星只说明伴侣原型与关系资格，不单独证明修复能力、修复意愿或修复结果。,由M3-BASE提供；日支底盘说明亲密关系中自然调用的功能，但不能单独证明修复闭环。,由M3-CONFLICT、M4-LOOP及现实事件提供；必须区分问题停止、责任承担、影响确认、行动改变、反馈整合与后续回访。,由共享基础引擎判定；近位提高相关功能进入亲密关系核心的概率，远位只作背景或阶段修正。,根气只修正某修复功能是否容易重复调用，不等于现实中已经持续改变。,旺弱只修正功能调用强度与占位，不直接等同修复质量、诚意或关系结果。,喜忌只修正功能摩擦、平衡与承载，不直接等同道德、成熟、善恶或是否值得原谅。,原十神功能有效；真合化成立时按化神功能替换，合化争议时停止定性。,近位提高修复议题与亲密关系的直接相关性；远位仅保留背景、阶段或低置信修正。,90,满足最低节点＋6；缺关键节点则降级,repair_issue_type,输出强调最低任务，不要求原谅或复合。,失约类修复的关键不是再说一次会做到，而是明确责任、补救和后续持续兑现。,不得仅凭本规则判断道歉真诚与否、要求对方原谅或复合、推断关系一定修复或失败、淡化暴力强迫与现实伤害、平均分配明显不对等的责任；现实安全、具体行为、反例与专业支持优先。,中高,待验证,,provisional=true；M3-REPAIR尚未完成，完成条件为暂定功能模型。,0.7
M4-REPAIR-233,RI03 现实任务、资源与分工问题｜事件定义,L4 事件类型与最低修复节点,REPAIR-事件类型,通用,定义,RI03,,时间、金钱、家务、工作或家庭事务安排失衡。,事件类型不清或多个类型混在一起。,由共享基础引擎提供；仅修正修复功能的承载、持续与压力占位，不直接等同是否愿意认错或能否修复。,由M1／M2提供；夫妻星只说明伴侣原型与关系资格，不单独证明修复能力、修复意愿或修复结果。,由M3-BASE提供；日支底盘说明亲密关系中自然调用的功能，但不能单独证明修复闭环。,由M3-CONFLICT、M4-LOOP及现实事件提供；必须区分问题停止、责任承担、影响确认、行动改变、反馈整合与后续回访。,由共享基础引擎判定；近位提高相关功能进入亲密关系核心的概率，远位只作背景或阶段修正。,根气只修正某修复功能是否容易重复调用，不等于现实中已经持续改变。,旺弱只修正功能调用强度与占位，不直接等同修复质量、诚意或关系结果。,喜忌只修正功能摩擦、平衡与承载，不直接等同道德、成熟、善恶或是否值得原谅。,原十神功能有效；真合化成立时按化神功能替换，合化争议时停止定性。,近位提高修复议题与亲密关系的直接相关性；远位仅保留背景、阶段或低置信修正。,72,满足最低节点＋6；缺关键节点则降级,repair_issue_type,事件类型决定最低必要节点，避免用同一修复清单处理所有问题。,这类事件首先需要确认它影响的是信息、责任、现实安排、情绪、边界还是安全。,不得仅凭本规则判断道歉真诚与否、要求对方原谅或复合、推断关系一定修复或失败、淡化暴力强迫与现实伤害、平均分配明显不对等的责任；现实安全、具体行为、反例与专业支持优先。,中高,待验证,,provisional=true；M3-REPAIR尚未完成，完成条件为暂定功能模型。,0.7
M4-REPAIR-234,RI03 现实任务、资源与分工问题｜最低必要节点,L4 事件类型与最低修复节点,REPAIR-事件类型,通用,门槛,RI03,,最低节点：RN02事实、RN05分工边界、RN06现实调整、RN07反馈。,最低节点未出现却发布修复闭环。,由共享基础引擎提供；仅修正修复功能的承载、持续与压力占位，不直接等同是否愿意认错或能否修复。,由M1／M2提供；夫妻星只说明伴侣原型与关系资格，不单独证明修复能力、修复意愿或修复结果。,由M3-BASE提供；日支底盘说明亲密关系中自然调用的功能，但不能单独证明修复闭环。,由M3-CONFLICT、M4-LOOP及现实事件提供；必须区分问题停止、责任承担、影响确认、行动改变、反馈整合与后续回访。,由共享基础引擎判定；近位提高相关功能进入亲密关系核心的概率，远位只作背景或阶段修正。,根气只修正某修复功能是否容易重复调用，不等于现实中已经持续改变。,旺弱只修正功能调用强度与占位，不直接等同修复质量、诚意或关系结果。,喜忌只修正功能摩擦、平衡与承载，不直接等同道德、成熟、善恶或是否值得原谅。,原十神功能有效；真合化成立时按化神功能替换，合化争议时停止定性。,近位提高修复议题与亲密关系的直接相关性；远位仅保留背景、阶段或低置信修正。,90,满足最低节点＋6；缺关键节点则降级,repair_issue_type,最低节点是此类事件的修复骨架。,这类问题至少需要完成：RN02事实、RN05分工边界、RN06现实调整、RN07反馈。,不得仅凭本规则判断道歉真诚与否、要求对方原谅或复合、推断关系一定修复或失败、淡化暴力强迫与现实伤害、平均分配明显不对等的责任；现实安全、具体行为、反例与专业支持优先。,中高,待验证,,provisional=true；M3-REPAIR尚未完成，完成条件为暂定功能模型。,0.7
M4-REPAIR-235,RI03 现实任务、资源与分工问题｜条件节点,L4 事件类型与最低修复节点,REPAIR-事件类型,通用,路由,RI03,,视事件影响加入：RN03在影响明显时必要；RN08用于检验新安排。,把条件节点当成所有事件必需。,由共享基础引擎提供；仅修正修复功能的承载、持续与压力占位，不直接等同是否愿意认错或能否修复。,由M1／M2提供；夫妻星只说明伴侣原型与关系资格，不单独证明修复能力、修复意愿或修复结果。,由M3-BASE提供；日支底盘说明亲密关系中自然调用的功能，但不能单独证明修复闭环。,由M3-CONFLICT、M4-LOOP及现实事件提供；必须区分问题停止、责任承担、影响确认、行动改变、反馈整合与后续回访。,由共享基础引擎判定；近位提高相关功能进入亲密关系核心的概率，远位只作背景或阶段修正。,根气只修正某修复功能是否容易重复调用，不等于现实中已经持续改变。,旺弱只修正功能调用强度与占位，不直接等同修复质量、诚意或关系结果。,喜忌只修正功能摩擦、平衡与承载，不直接等同道德、成熟、善恶或是否值得原谅。,原十神功能有效；真合化成立时按化神功能替换，合化争议时停止定性。,近位提高修复议题与亲密关系的直接相关性；远位仅保留背景、阶段或低置信修正。,72,满足最低节点＋6；缺关键节点则降级,repair_issue_type,不同严重度与影响范围需要不同节点组合。,根据实际影响，还需要继续看：RN03在影响明显时必要；RN08用于检验新安排。,不得仅凭本规则判断道歉真诚与否、要求对方原谅或复合、推断关系一定修复或失败、淡化暴力强迫与现实伤害、平均分配明显不对等的责任；现实安全、具体行为、反例与专业支持优先。,中高,待验证,,provisional=true；M3-REPAIR尚未完成，完成条件为暂定功能模型。,0.7
M4-REPAIR-236,RI03 现实任务、资源与分工问题｜常见假完成,L4 事件类型与最低修复节点,REPAIR-事件类型,通用,盲点,RI03,,出现：只安抚或道歉，没有调整现实分工。,现实中最低节点已经完整且持续。,由共享基础引擎提供；仅修正修复功能的承载、持续与压力占位，不直接等同是否愿意认错或能否修复。,由M1／M2提供；夫妻星只说明伴侣原型与关系资格，不单独证明修复能力、修复意愿或修复结果。,由M3-BASE提供；日支底盘说明亲密关系中自然调用的功能，但不能单独证明修复闭环。,由M3-CONFLICT、M4-LOOP及现实事件提供；必须区分问题停止、责任承担、影响确认、行动改变、反馈整合与后续回访。,由共享基础引擎判定；近位提高相关功能进入亲密关系核心的概率，远位只作背景或阶段修正。,根气只修正某修复功能是否容易重复调用，不等于现实中已经持续改变。,旺弱只修正功能调用强度与占位，不直接等同修复质量、诚意或关系结果。,喜忌只修正功能摩擦、平衡与承载，不直接等同道德、成熟、善恶或是否值得原谅。,原十神功能有效；真合化成立时按化神功能替换，合化争议时停止定性。,近位提高修复议题与亲密关系的直接相关性；远位仅保留背景、阶段或低置信修正。,72,满足最低节点＋6；缺关键节点则降级,repair_issue_type,假完成说明一个熟悉动作替代了事件真正需要的任务。,常见卡点是：只安抚或道歉，没有调整现实分工。,不得仅凭本规则判断道歉真诚与否、要求对方原谅或复合、推断关系一定修复或失败、淡化暴力强迫与现实伤害、平均分配明显不对等的责任；现实安全、具体行为、反例与专业支持优先。,中高,待验证,,provisional=true；M3-REPAIR尚未完成，完成条件为暂定功能模型。,0.7
M4-REPAIR-237,RI03 现实任务、资源与分工问题｜证据与升级,L4 事件类型与最低修复节点,REPAIR-事件类型,通用,证据,RI03,,有具体事件、接收方反馈和后续行动资料。,只有抽象概括或命盘结构。,由共享基础引擎提供；仅修正修复功能的承载、持续与压力占位，不直接等同是否愿意认错或能否修复。,由M1／M2提供；夫妻星只说明伴侣原型与关系资格，不单独证明修复能力、修复意愿或修复结果。,由M3-BASE提供；日支底盘说明亲密关系中自然调用的功能，但不能单独证明修复闭环。,由M3-CONFLICT、M4-LOOP及现实事件提供；必须区分问题停止、责任承担、影响确认、行动改变、反馈整合与后续回访。,由共享基础引擎判定；近位提高相关功能进入亲密关系核心的概率，远位只作背景或阶段修正。,根气只修正某修复功能是否容易重复调用，不等于现实中已经持续改变。,旺弱只修正功能调用强度与占位，不直接等同修复质量、诚意或关系结果。,喜忌只修正功能摩擦、平衡与承载，不直接等同道德、成熟、善恶或是否值得原谅。,原十神功能有效；真合化成立时按化神功能替换，合化争议时停止定性。,近位提高修复议题与亲密关系的直接相关性；远位仅保留背景、阶段或低置信修正。,72,满足最低节点＋6；缺关键节点则降级,repair_issue_type,事件类型与节点必须由现实资料支持。,需要用具体事件确认这些步骤是否真正发生。,不得仅凭本规则判断道歉真诚与否、要求对方原谅或复合、推断关系一定修复或失败、淡化暴力强迫与现实伤害、平均分配明显不对等的责任；现实安全、具体行为、反例与专业支持优先。,中高,待验证,,provisional=true；M3-REPAIR尚未完成，完成条件为暂定功能模型。,0.7
M4-REPAIR-238,RI03 现实任务、资源与分工问题｜用户输出与边界,L4 事件类型与最低修复节点,REPAIR-事件类型,通用,输出,RI03,,完成现实安全、反例和节点检查。,安全风险被普通修复语言淡化。,由共享基础引擎提供；仅修正修复功能的承载、持续与压力占位，不直接等同是否愿意认错或能否修复。,由M1／M2提供；夫妻星只说明伴侣原型与关系资格，不单独证明修复能力、修复意愿或修复结果。,由M3-BASE提供；日支底盘说明亲密关系中自然调用的功能，但不能单独证明修复闭环。,由M3-CONFLICT、M4-LOOP及现实事件提供；必须区分问题停止、责任承担、影响确认、行动改变、反馈整合与后续回访。,由共享基础引擎判定；近位提高相关功能进入亲密关系核心的概率，远位只作背景或阶段修正。,根气只修正某修复功能是否容易重复调用，不等于现实中已经持续改变。,旺弱只修正功能调用强度与占位，不直接等同修复质量、诚意或关系结果。,喜忌只修正功能摩擦、平衡与承载，不直接等同道德、成熟、善恶或是否值得原谅。,原十神功能有效；真合化成立时按化神功能替换，合化争议时停止定性。,近位提高修复议题与亲密关系的直接相关性；远位仅保留背景、阶段或低置信修正。,90,满足最低节点＋6；缺关键节点则降级,repair_issue_type,输出强调最低任务，不要求原谅或复合。,需要把分工、资源和执行方式重新安排，并允许双方反馈是否可行。,不得仅凭本规则判断道歉真诚与否、要求对方原谅或复合、推断关系一定修复或失败、淡化暴力强迫与现实伤害、平均分配明显不对等的责任；现实安全、具体行为、反例与专业支持优先。,中高,待验证,,provisional=true；M3-REPAIR尚未完成，完成条件为暂定功能模型。,0.7
M4-REPAIR-239,RI04 情绪受伤与影响未被看见｜事件定义,L4 事件类型与最低修复节点,REPAIR-事件类型,通用,定义,RI04,,言语、忽视、失望或关系事件造成明显情绪和信任影响。,事件类型不清或多个类型混在一起。,由共享基础引擎提供；仅修正修复功能的承载、持续与压力占位，不直接等同是否愿意认错或能否修复。,由M1／M2提供；夫妻星只说明伴侣原型与关系资格，不单独证明修复能力、修复意愿或修复结果。,由M3-BASE提供；日支底盘说明亲密关系中自然调用的功能，但不能单独证明修复闭环。,由M3-CONFLICT、M4-LOOP及现实事件提供；必须区分问题停止、责任承担、影响确认、行动改变、反馈整合与后续回访。,由共享基础引擎判定；近位提高相关功能进入亲密关系核心的概率，远位只作背景或阶段修正。,根气只修正某修复功能是否容易重复调用，不等于现实中已经持续改变。,旺弱只修正功能调用强度与占位，不直接等同修复质量、诚意或关系结果。,喜忌只修正功能摩擦、平衡与承载，不直接等同道德、成熟、善恶或是否值得原谅。,原十神功能有效；真合化成立时按化神功能替换，合化争议时停止定性。,近位提高修复议题与亲密关系的直接相关性；远位仅保留背景、阶段或低置信修正。,72,满足最低节点＋6；缺关键节点则降级,repair_issue_type,事件类型决定最低必要节点，避免用同一修复清单处理所有问题。,这类事件首先需要确认它影响的是信息、责任、现实安排、情绪、边界还是安全。,不得仅凭本规则判断道歉真诚与否、要求对方原谅或复合、推断关系一定修复或失败、淡化暴力强迫与现实伤害、平均分配明显不对等的责任；现实安全、具体行为、反例与专业支持优先。,中高,待验证,,provisional=true；M3-REPAIR尚未完成，完成条件为暂定功能模型。,0.7
M4-REPAIR-240,RI04 情绪受伤与影响未被看见｜最低必要节点,L4 事件类型与最低修复节点,REPAIR-事件类型,通用,门槛,RI04,,最低节点：RN03影响、RN04责任、RN07反馈。,最低节点未出现却发布修复闭环。,由共享基础引擎提供；仅修正修复功能的承载、持续与压力占位，不直接等同是否愿意认错或能否修复。,由M1／M2提供；夫妻星只说明伴侣原型与关系资格，不单独证明修复能力、修复意愿或修复结果。,由M3-BASE提供；日支底盘说明亲密关系中自然调用的功能，但不能单独证明修复闭环。,由M3-CONFLICT、M4-LOOP及现实事件提供；必须区分问题停止、责任承担、影响确认、行动改变、反馈整合与后续回访。,由共享基础引擎判定；近位提高相关功能进入亲密关系核心的概率，远位只作背景或阶段修正。,根气只修正某修复功能是否容易重复调用，不等于现实中已经持续改变。,旺弱只修正功能调用强度与占位，不直接等同修复质量、诚意或关系结果。,喜忌只修正功能摩擦、平衡与承载，不直接等同道德、成熟、善恶或是否值得原谅。,原十神功能有效；真合化成立时按化神功能替换，合化争议时停止定性。,近位提高修复议题与亲密关系的直接相关性；远位仅保留背景、阶段或低置信修正。,90,满足最低节点＋6；缺关键节点则降级,repair_issue_type,最低节点是此类事件的修复骨架。,这类问题至少需要完成：RN03影响、RN04责任、RN07反馈。,不得仅凭本规则判断道歉真诚与否、要求对方原谅或复合、推断关系一定修复或失败、淡化暴力强迫与现实伤害、平均分配明显不对等的责任；现实安全、具体行为、反例与专业支持优先。,中高,待验证,,provisional=true；M3-REPAIR尚未完成，完成条件为暂定功能模型。,0.7
M4-REPAIR-241,RI04 情绪受伤与影响未被看见｜条件节点,L4 事件类型与最低修复节点,REPAIR-事件类型,通用,路由,RI04,,视事件影响加入：RN02事实、RN05需要、RN06补救、RN08持续。,把条件节点当成所有事件必需。,由共享基础引擎提供；仅修正修复功能的承载、持续与压力占位，不直接等同是否愿意认错或能否修复。,由M1／M2提供；夫妻星只说明伴侣原型与关系资格，不单独证明修复能力、修复意愿或修复结果。,由M3-BASE提供；日支底盘说明亲密关系中自然调用的功能，但不能单独证明修复闭环。,由M3-CONFLICT、M4-LOOP及现实事件提供；必须区分问题停止、责任承担、影响确认、行动改变、反馈整合与后续回访。,由共享基础引擎判定；近位提高相关功能进入亲密关系核心的概率，远位只作背景或阶段修正。,根气只修正某修复功能是否容易重复调用，不等于现实中已经持续改变。,旺弱只修正功能调用强度与占位，不直接等同修复质量、诚意或关系结果。,喜忌只修正功能摩擦、平衡与承载，不直接等同道德、成熟、善恶或是否值得原谅。,原十神功能有效；真合化成立时按化神功能替换，合化争议时停止定性。,近位提高修复议题与亲密关系的直接相关性；远位仅保留背景、阶段或低置信修正。,72,满足最低节点＋6；缺关键节点则降级,repair_issue_type,不同严重度与影响范围需要不同节点组合。,根据实际影响，还需要继续看：RN02事实、RN05需要、RN06补救、RN08持续。,不得仅凭本规则判断道歉真诚与否、要求对方原谅或复合、推断关系一定修复或失败、淡化暴力强迫与现实伤害、平均分配明显不对等的责任；现实安全、具体行为、反例与专业支持优先。,中高,待验证,,provisional=true；M3-REPAIR尚未完成，完成条件为暂定功能模型。,0.7
M4-REPAIR-242,RI04 情绪受伤与影响未被看见｜常见假完成,L4 事件类型与最低修复节点,REPAIR-事件类型,通用,盲点,RI04,,出现：只解释意图或只让情绪平静。,现实中最低节点已经完整且持续。,由共享基础引擎提供；仅修正修复功能的承载、持续与压力占位，不直接等同是否愿意认错或能否修复。,由M1／M2提供；夫妻星只说明伴侣原型与关系资格，不单独证明修复能力、修复意愿或修复结果。,由M3-BASE提供；日支底盘说明亲密关系中自然调用的功能，但不能单独证明修复闭环。,由M3-CONFLICT、M4-LOOP及现实事件提供；必须区分问题停止、责任承担、影响确认、行动改变、反馈整合与后续回访。,由共享基础引擎判定；近位提高相关功能进入亲密关系核心的概率，远位只作背景或阶段修正。,根气只修正某修复功能是否容易重复调用，不等于现实中已经持续改变。,旺弱只修正功能调用强度与占位，不直接等同修复质量、诚意或关系结果。,喜忌只修正功能摩擦、平衡与承载，不直接等同道德、成熟、善恶或是否值得原谅。,原十神功能有效；真合化成立时按化神功能替换，合化争议时停止定性。,近位提高修复议题与亲密关系的直接相关性；远位仅保留背景、阶段或低置信修正。,72,满足最低节点＋6；缺关键节点则降级,repair_issue_type,假完成说明一个熟悉动作替代了事件真正需要的任务。,常见卡点是：只解释意图或只让情绪平静。,不得仅凭本规则判断道歉真诚与否、要求对方原谅或复合、推断关系一定修复或失败、淡化暴力强迫与现实伤害、平均分配明显不对等的责任；现实安全、具体行为、反例与专业支持优先。,中高,待验证,,provisional=true；M3-REPAIR尚未完成，完成条件为暂定功能模型。,0.7
M4-REPAIR-243,RI04 情绪受伤与影响未被看见｜证据与升级,L4 事件类型与最低修复节点,REPAIR-事件类型,通用,证据,RI04,,有具体事件、接收方反馈和后续行动资料。,只有抽象概括或命盘结构。,由共享基础引擎提供；仅修正修复功能的承载、持续与压力占位，不直接等同是否愿意认错或能否修复。,由M1／M2提供；夫妻星只说明伴侣原型与关系资格，不单独证明修复能力、修复意愿或修复结果。,由M3-BASE提供；日支底盘说明亲密关系中自然调用的功能，但不能单独证明修复闭环。,由M3-CONFLICT、M4-LOOP及现实事件提供；必须区分问题停止、责任承担、影响确认、行动改变、反馈整合与后续回访。,由共享基础引擎判定；近位提高相关功能进入亲密关系核心的概率，远位只作背景或阶段修正。,根气只修正某修复功能是否容易重复调用，不等于现实中已经持续改变。,旺弱只修正功能调用强度与占位，不直接等同修复质量、诚意或关系结果。,喜忌只修正功能摩擦、平衡与承载，不直接等同道德、成熟、善恶或是否值得原谅。,原十神功能有效；真合化成立时按化神功能替换，合化争议时停止定性。,近位提高修复议题与亲密关系的直接相关性；远位仅保留背景、阶段或低置信修正。,72,满足最低节点＋6；缺关键节点则降级,repair_issue_type,事件类型与节点必须由现实资料支持。,需要用具体事件确认这些步骤是否真正发生。,不得仅凭本规则判断道歉真诚与否、要求对方原谅或复合、推断关系一定修复或失败、淡化暴力强迫与现实伤害、平均分配明显不对等的责任；现实安全、具体行为、反例与专业支持优先。,中高,待验证,,provisional=true；M3-REPAIR尚未完成，完成条件为暂定功能模型。,0.7
M4-REPAIR-244,RI04 情绪受伤与影响未被看见｜用户输出与边界,L4 事件类型与最低修复节点,REPAIR-事件类型,通用,输出,RI04,,完成现实安全、反例和节点检查。,安全风险被普通修复语言淡化。,由共享基础引擎提供；仅修正修复功能的承载、持续与压力占位，不直接等同是否愿意认错或能否修复。,由M1／M2提供；夫妻星只说明伴侣原型与关系资格，不单独证明修复能力、修复意愿或修复结果。,由M3-BASE提供；日支底盘说明亲密关系中自然调用的功能，但不能单独证明修复闭环。,由M3-CONFLICT、M4-LOOP及现实事件提供；必须区分问题停止、责任承担、影响确认、行动改变、反馈整合与后续回访。,由共享基础引擎判定；近位提高相关功能进入亲密关系核心的概率，远位只作背景或阶段修正。,根气只修正某修复功能是否容易重复调用，不等于现实中已经持续改变。,旺弱只修正功能调用强度与占位，不直接等同修复质量、诚意或关系结果。,喜忌只修正功能摩擦、平衡与承载，不直接等同道德、成熟、善恶或是否值得原谅。,原十神功能有效；真合化成立时按化神功能替换，合化争议时停止定性。,近位提高修复议题与亲密关系的直接相关性；远位仅保留背景、阶段或低置信修正。,90,满足最低节点＋6；缺关键节点则降级,repair_issue_type,输出强调最低任务，不要求原谅或复合。,重点不是证明自己没有恶意，而是承认实际影响，并让对方参与决定怎样修复。,不得仅凭本规则判断道歉真诚与否、要求对方原谅或复合、推断关系一定修复或失败、淡化暴力强迫与现实伤害、平均分配明显不对等的责任；现实安全、具体行为、反例与专业支持优先。,中高,待验证,,provisional=true；M3-REPAIR尚未完成，完成条件为暂定功能模型。,0.7
M4-REPAIR-245,RI05 边界、权限与决定权越界｜事件定义,L4 事件类型与最低修复节点,REPAIR-事件类型,通用,定义,RI05,,一方未经协商替另一方决定、侵犯隐私、限制选择或越过明确边界。,事件类型不清或多个类型混在一起。,由共享基础引擎提供；仅修正修复功能的承载、持续与压力占位，不直接等同是否愿意认错或能否修复。,由M1／M2提供；夫妻星只说明伴侣原型与关系资格，不单独证明修复能力、修复意愿或修复结果。,由M3-BASE提供；日支底盘说明亲密关系中自然调用的功能，但不能单独证明修复闭环。,由M3-CONFLICT、M4-LOOP及现实事件提供；必须区分问题停止、责任承担、影响确认、行动改变、反馈整合与后续回访。,由共享基础引擎判定；近位提高相关功能进入亲密关系核心的概率，远位只作背景或阶段修正。,根气只修正某修复功能是否容易重复调用，不等于现实中已经持续改变。,旺弱只修正功能调用强度与占位，不直接等同修复质量、诚意或关系结果。,喜忌只修正功能摩擦、平衡与承载，不直接等同道德、成熟、善恶或是否值得原谅。,原十神功能有效；真合化成立时按化神功能替换，合化争议时停止定性。,近位提高修复议题与亲密关系的直接相关性；远位仅保留背景、阶段或低置信修正。,72,满足最低节点＋6；缺关键节点则降级,repair_issue_type,事件类型决定最低必要节点，避免用同一修复清单处理所有问题。,这类事件首先需要确认它影响的是信息、责任、现实安排、情绪、边界还是安全。,不得仅凭本规则判断道歉真诚与否、要求对方原谅或复合、推断关系一定修复或失败、淡化暴力强迫与现实伤害、平均分配明显不对等的责任；现实安全、具体行为、反例与专业支持优先。,中高,待验证,,provisional=true；M3-REPAIR尚未完成，完成条件为暂定功能模型。,0.7
M4-REPAIR-246,RI05 边界、权限与决定权越界｜最低必要节点,L4 事件类型与最低修复节点,REPAIR-事件类型,通用,门槛,RI05,,最低节点：RN01停止、RN03影响、RN04责任、RN05边界、RN06改变、RN08持续。,最低节点未出现却发布修复闭环。,由共享基础引擎提供；仅修正修复功能的承载、持续与压力占位，不直接等同是否愿意认错或能否修复。,由M1／M2提供；夫妻星只说明伴侣原型与关系资格，不单独证明修复能力、修复意愿或修复结果。,由M3-BASE提供；日支底盘说明亲密关系中自然调用的功能，但不能单独证明修复闭环。,由M3-CONFLICT、M4-LOOP及现实事件提供；必须区分问题停止、责任承担、影响确认、行动改变、反馈整合与后续回访。,由共享基础引擎判定；近位提高相关功能进入亲密关系核心的概率，远位只作背景或阶段修正。,根气只修正某修复功能是否容易重复调用，不等于现实中已经持续改变。,旺弱只修正功能调用强度与占位，不直接等同修复质量、诚意或关系结果。,喜忌只修正功能摩擦、平衡与承载，不直接等同道德、成熟、善恶或是否值得原谅。,原十神功能有效；真合化成立时按化神功能替换，合化争议时停止定性。,近位提高修复议题与亲密关系的直接相关性；远位仅保留背景、阶段或低置信修正。,90,满足最低节点＋6；缺关键节点则降级,repair_issue_type,最低节点是此类事件的修复骨架。,这类问题至少需要完成：RN01停止、RN03影响、RN04责任、RN05边界、RN06改变、RN08持续。,不得仅凭本规则判断道歉真诚与否、要求对方原谅或复合、推断关系一定修复或失败、淡化暴力强迫与现实伤害、平均分配明显不对等的责任；现实安全、具体行为、反例与专业支持优先。,中高,待验证,,provisional=true；M3-REPAIR尚未完成，完成条件为暂定功能模型。,0.7
M4-REPAIR-247,RI05 边界、权限与决定权越界｜条件节点,L4 事件类型与最低修复节点,REPAIR-事件类型,通用,路由,RI05,,视事件影响加入：RN02事实、RN07反馈；严重情境进入安全门控。,把条件节点当成所有事件必需。,由共享基础引擎提供；仅修正修复功能的承载、持续与压力占位，不直接等同是否愿意认错或能否修复。,由M1／M2提供；夫妻星只说明伴侣原型与关系资格，不单独证明修复能力、修复意愿或修复结果。,由M3-BASE提供；日支底盘说明亲密关系中自然调用的功能，但不能单独证明修复闭环。,由M3-CONFLICT、M4-LOOP及现实事件提供；必须区分问题停止、责任承担、影响确认、行动改变、反馈整合与后续回访。,由共享基础引擎判定；近位提高相关功能进入亲密关系核心的概率，远位只作背景或阶段修正。,根气只修正某修复功能是否容易重复调用，不等于现实中已经持续改变。,旺弱只修正功能调用强度与占位，不直接等同修复质量、诚意或关系结果。,喜忌只修正功能摩擦、平衡与承载，不直接等同道德、成熟、善恶或是否值得原谅。,原十神功能有效；真合化成立时按化神功能替换，合化争议时停止定性。,近位提高修复议题与亲密关系的直接相关性；远位仅保留背景、阶段或低置信修正。,72,满足最低节点＋6；缺关键节点则降级,repair_issue_type,不同严重度与影响范围需要不同节点组合。,根据实际影响，还需要继续看：RN02事实、RN07反馈；严重情境进入安全门控。,不得仅凭本规则判断道歉真诚与否、要求对方原谅或复合、推断关系一定修复或失败、淡化暴力强迫与现实伤害、平均分配明显不对等的责任；现实安全、具体行为、反例与专业支持优先。,中高,待验证,,provisional=true；M3-REPAIR尚未完成，完成条件为暂定功能模型。,0.7
M4-REPAIR-248,RI05 边界、权限与决定权越界｜常见假完成,L4 事件类型与最低修复节点,REPAIR-事件类型,通用,盲点,RI05,,出现：只说以后注意，却没有恢复决定权和持续改变。,现实中最低节点已经完整且持续。,由共享基础引擎提供；仅修正修复功能的承载、持续与压力占位，不直接等同是否愿意认错或能否修复。,由M1／M2提供；夫妻星只说明伴侣原型与关系资格，不单独证明修复能力、修复意愿或修复结果。,由M3-BASE提供；日支底盘说明亲密关系中自然调用的功能，但不能单独证明修复闭环。,由M3-CONFLICT、M4-LOOP及现实事件提供；必须区分问题停止、责任承担、影响确认、行动改变、反馈整合与后续回访。,由共享基础引擎判定；近位提高相关功能进入亲密关系核心的概率，远位只作背景或阶段修正。,根气只修正某修复功能是否容易重复调用，不等于现实中已经持续改变。,旺弱只修正功能调用强度与占位，不直接等同修复质量、诚意或关系结果。,喜忌只修正功能摩擦、平衡与承载，不直接等同道德、成熟、善恶或是否值得原谅。,原十神功能有效；真合化成立时按化神功能替换，合化争议时停止定性。,近位提高修复议题与亲密关系的直接相关性；远位仅保留背景、阶段或低置信修正。,72,满足最低节点＋6；缺关键节点则降级,repair_issue_type,假完成说明一个熟悉动作替代了事件真正需要的任务。,常见卡点是：只说以后注意，却没有恢复决定权和持续改变。,不得仅凭本规则判断道歉真诚与否、要求对方原谅或复合、推断关系一定修复或失败、淡化暴力强迫与现实伤害、平均分配明显不对等的责任；现实安全、具体行为、反例与专业支持优先。,中高,待验证,,provisional=true；M3-REPAIR尚未完成，完成条件为暂定功能模型。,0.7
M4-REPAIR-249,RI05 边界、权限与决定权越界｜证据与升级,L4 事件类型与最低修复节点,REPAIR-事件类型,通用,证据,RI05,,有具体事件、接收方反馈和后续行动资料。,只有抽象概括或命盘结构。,由共享基础引擎提供；仅修正修复功能的承载、持续与压力占位，不直接等同是否愿意认错或能否修复。,由M1／M2提供；夫妻星只说明伴侣原型与关系资格，不单独证明修复能力、修复意愿或修复结果。,由M3-BASE提供；日支底盘说明亲密关系中自然调用的功能，但不能单独证明修复闭环。,由M3-CONFLICT、M4-LOOP及现实事件提供；必须区分问题停止、责任承担、影响确认、行动改变、反馈整合与后续回访。,由共享基础引擎判定；近位提高相关功能进入亲密关系核心的概率，远位只作背景或阶段修正。,根气只修正某修复功能是否容易重复调用，不等于现实中已经持续改变。,旺弱只修正功能调用强度与占位，不直接等同修复质量、诚意或关系结果。,喜忌只修正功能摩擦、平衡与承载，不直接等同道德、成熟、善恶或是否值得原谅。,原十神功能有效；真合化成立时按化神功能替换，合化争议时停止定性。,近位提高修复议题与亲密关系的直接相关性；远位仅保留背景、阶段或低置信修正。,72,满足最低节点＋6；缺关键节点则降级,repair_issue_type,事件类型与节点必须由现实资料支持。,需要用具体事件确认这些步骤是否真正发生。,不得仅凭本规则判断道歉真诚与否、要求对方原谅或复合、推断关系一定修复或失败、淡化暴力强迫与现实伤害、平均分配明显不对等的责任；现实安全、具体行为、反例与专业支持优先。,中高,待验证,,provisional=true；M3-REPAIR尚未完成，完成条件为暂定功能模型。,0.7
M4-REPAIR-250,RI05 边界、权限与决定权越界｜用户输出与边界,L4 事件类型与最低修复节点,REPAIR-事件类型,通用,输出,RI05,,完成现实安全、反例和节点检查。,安全风险被普通修复语言淡化。,由共享基础引擎提供；仅修正修复功能的承载、持续与压力占位，不直接等同是否愿意认错或能否修复。,由M1／M2提供；夫妻星只说明伴侣原型与关系资格，不单独证明修复能力、修复意愿或修复结果。,由M3-BASE提供；日支底盘说明亲密关系中自然调用的功能，但不能单独证明修复闭环。,由M3-CONFLICT、M4-LOOP及现实事件提供；必须区分问题停止、责任承担、影响确认、行动改变、反馈整合与后续回访。,由共享基础引擎判定；近位提高相关功能进入亲密关系核心的概率，远位只作背景或阶段修正。,根气只修正某修复功能是否容易重复调用，不等于现实中已经持续改变。,旺弱只修正功能调用强度与占位，不直接等同修复质量、诚意或关系结果。,喜忌只修正功能摩擦、平衡与承载，不直接等同道德、成熟、善恶或是否值得原谅。,原十神功能有效；真合化成立时按化神功能替换，合化争议时停止定性。,近位提高修复议题与亲密关系的直接相关性；远位仅保留背景、阶段或低置信修正。,90,满足最低节点＋6；缺关键节点则降级,repair_issue_type,输出强调最低任务，不要求原谅或复合。,边界类修复要先停止越界、恢复选择权，再通过持续行为证明边界会被尊重。,不得仅凭本规则判断道歉真诚与否、要求对方原谅或复合、推断关系一定修复或失败、淡化暴力强迫与现实伤害、平均分配明显不对等的责任；现实安全、具体行为、反例与专业支持优先。,中高,待验证,,provisional=true；M3-REPAIR尚未完成，完成条件为暂定功能模型。,0.7
M4-REPAIR-251,RI06 亲密距离与连接中断｜事件定义,L4 事件类型与最低修复节点,REPAIR-事件类型,通用,定义,RI06,,靠近、撤回、联系、空间或依赖节奏造成关系中断。,事件类型不清或多个类型混在一起。,由共享基础引擎提供；仅修正修复功能的承载、持续与压力占位，不直接等同是否愿意认错或能否修复。,由M1／M2提供；夫妻星只说明伴侣原型与关系资格，不单独证明修复能力、修复意愿或修复结果。,由M3-BASE提供；日支底盘说明亲密关系中自然调用的功能，但不能单独证明修复闭环。,由M3-CONFLICT、M4-LOOP及现实事件提供；必须区分问题停止、责任承担、影响确认、行动改变、反馈整合与后续回访。,由共享基础引擎判定；近位提高相关功能进入亲密关系核心的概率，远位只作背景或阶段修正。,根气只修正某修复功能是否容易重复调用，不等于现实中已经持续改变。,旺弱只修正功能调用强度与占位，不直接等同修复质量、诚意或关系结果。,喜忌只修正功能摩擦、平衡与承载，不直接等同道德、成熟、善恶或是否值得原谅。,原十神功能有效；真合化成立时按化神功能替换，合化争议时停止定性。,近位提高修复议题与亲密关系的直接相关性；远位仅保留背景、阶段或低置信修正。,72,满足最低节点＋6；缺关键节点则降级,repair_issue_type,事件类型决定最低必要节点，避免用同一修复清单处理所有问题。,这类事件首先需要确认它影响的是信息、责任、现实安排、情绪、边界还是安全。,不得仅凭本规则判断道歉真诚与否、要求对方原谅或复合、推断关系一定修复或失败、淡化暴力强迫与现实伤害、平均分配明显不对等的责任；现实安全、具体行为、反例与专业支持优先。,中高,待验证,,provisional=true；M3-REPAIR尚未完成，完成条件为暂定功能模型。,0.7
M4-REPAIR-252,RI06 亲密距离与连接中断｜最低必要节点,L4 事件类型与最低修复节点,REPAIR-事件类型,通用,门槛,RI06,,最低节点：RN03影响、RN05空间协议、RN07反馈、RN08回归。,最低节点未出现却发布修复闭环。,由共享基础引擎提供；仅修正修复功能的承载、持续与压力占位，不直接等同是否愿意认错或能否修复。,由M1／M2提供；夫妻星只说明伴侣原型与关系资格，不单独证明修复能力、修复意愿或修复结果。,由M3-BASE提供；日支底盘说明亲密关系中自然调用的功能，但不能单独证明修复闭环。,由M3-CONFLICT、M4-LOOP及现实事件提供；必须区分问题停止、责任承担、影响确认、行动改变、反馈整合与后续回访。,由共享基础引擎判定；近位提高相关功能进入亲密关系核心的概率，远位只作背景或阶段修正。,根气只修正某修复功能是否容易重复调用，不等于现实中已经持续改变。,旺弱只修正功能调用强度与占位，不直接等同修复质量、诚意或关系结果。,喜忌只修正功能摩擦、平衡与承载，不直接等同道德、成熟、善恶或是否值得原谅。,原十神功能有效；真合化成立时按化神功能替换，合化争议时停止定性。,近位提高修复议题与亲密关系的直接相关性；远位仅保留背景、阶段或低置信修正。,90,满足最低节点＋6；缺关键节点则降级,repair_issue_type,最低节点是此类事件的修复骨架。,这类问题至少需要完成：RN03影响、RN05空间协议、RN07反馈、RN08回归。,不得仅凭本规则判断道歉真诚与否、要求对方原谅或复合、推断关系一定修复或失败、淡化暴力强迫与现实伤害、平均分配明显不对等的责任；现实安全、具体行为、反例与专业支持优先。,中高,待验证,,provisional=true；M3-REPAIR尚未完成，完成条件为暂定功能模型。,0.7
M4-REPAIR-253,RI06 亲密距离与连接中断｜条件节点,L4 事件类型与最低修复节点,REPAIR-事件类型,通用,路由,RI06,,视事件影响加入：RN02事实、RN06最低连接安排。,把条件节点当成所有事件必需。,由共享基础引擎提供；仅修正修复功能的承载、持续与压力占位，不直接等同是否愿意认错或能否修复。,由M1／M2提供；夫妻星只说明伴侣原型与关系资格，不单独证明修复能力、修复意愿或修复结果。,由M3-BASE提供；日支底盘说明亲密关系中自然调用的功能，但不能单独证明修复闭环。,由M3-CONFLICT、M4-LOOP及现实事件提供；必须区分问题停止、责任承担、影响确认、行动改变、反馈整合与后续回访。,由共享基础引擎判定；近位提高相关功能进入亲密关系核心的概率，远位只作背景或阶段修正。,根气只修正某修复功能是否容易重复调用，不等于现实中已经持续改变。,旺弱只修正功能调用强度与占位，不直接等同修复质量、诚意或关系结果。,喜忌只修正功能摩擦、平衡与承载，不直接等同道德、成熟、善恶或是否值得原谅。,原十神功能有效；真合化成立时按化神功能替换，合化争议时停止定性。,近位提高修复议题与亲密关系的直接相关性；远位仅保留背景、阶段或低置信修正。,72,满足最低节点＋6；缺关键节点则降级,repair_issue_type,不同严重度与影响范围需要不同节点组合。,根据实际影响，还需要继续看：RN02事实、RN06最低连接安排。,不得仅凭本规则判断道歉真诚与否、要求对方原谅或复合、推断关系一定修复或失败、淡化暴力强迫与现实伤害、平均分配明显不对等的责任；现实安全、具体行为、反例与专业支持优先。,中高,待验证,,provisional=true；M3-REPAIR尚未完成，完成条件为暂定功能模型。,0.7
M4-REPAIR-254,RI06 亲密距离与连接中断｜常见假完成,L4 事件类型与最低修复节点,REPAIR-事件类型,通用,盲点,RI06,,出现：只说需要空间或只要求立即靠近，没有回归协议。,现实中最低节点已经完整且持续。,由共享基础引擎提供；仅修正修复功能的承载、持续与压力占位，不直接等同是否愿意认错或能否修复。,由M1／M2提供；夫妻星只说明伴侣原型与关系资格，不单独证明修复能力、修复意愿或修复结果。,由M3-BASE提供；日支底盘说明亲密关系中自然调用的功能，但不能单独证明修复闭环。,由M3-CONFLICT、M4-LOOP及现实事件提供；必须区分问题停止、责任承担、影响确认、行动改变、反馈整合与后续回访。,由共享基础引擎判定；近位提高相关功能进入亲密关系核心的概率，远位只作背景或阶段修正。,根气只修正某修复功能是否容易重复调用，不等于现实中已经持续改变。,旺弱只修正功能调用强度与占位，不直接等同修复质量、诚意或关系结果。,喜忌只修正功能摩擦、平衡与承载，不直接等同道德、成熟、善恶或是否值得原谅。,原十神功能有效；真合化成立时按化神功能替换，合化争议时停止定性。,近位提高修复议题与亲密关系的直接相关性；远位仅保留背景、阶段或低置信修正。,72,满足最低节点＋6；缺关键节点则降级,repair_issue_type,假完成说明一个熟悉动作替代了事件真正需要的任务。,常见卡点是：只说需要空间或只要求立即靠近，没有回归协议。,不得仅凭本规则判断道歉真诚与否、要求对方原谅或复合、推断关系一定修复或失败、淡化暴力强迫与现实伤害、平均分配明显不对等的责任；现实安全、具体行为、反例与专业支持优先。,中高,待验证,,provisional=true；M3-REPAIR尚未完成，完成条件为暂定功能模型。,0.7
M4-REPAIR-255,RI06 亲密距离与连接中断｜证据与升级,L4 事件类型与最低修复节点,REPAIR-事件类型,通用,证据,RI06,,有具体事件、接收方反馈和后续行动资料。,只有抽象概括或命盘结构。,由共享基础引擎提供；仅修正修复功能的承载、持续与压力占位，不直接等同是否愿意认错或能否修复。,由M1／M2提供；夫妻星只说明伴侣原型与关系资格，不单独证明修复能力、修复意愿或修复结果。,由M3-BASE提供；日支底盘说明亲密关系中自然调用的功能，但不能单独证明修复闭环。,由M3-CONFLICT、M4-LOOP及现实事件提供；必须区分问题停止、责任承担、影响确认、行动改变、反馈整合与后续回访。,由共享基础引擎判定；近位提高相关功能进入亲密关系核心的概率，远位只作背景或阶段修正。,根气只修正某修复功能是否容易重复调用，不等于现实中已经持续改变。,旺弱只修正功能调用强度与占位，不直接等同修复质量、诚意或关系结果。,喜忌只修正功能摩擦、平衡与承载，不直接等同道德、成熟、善恶或是否值得原谅。,原十神功能有效；真合化成立时按化神功能替换，合化争议时停止定性。,近位提高修复议题与亲密关系的直接相关性；远位仅保留背景、阶段或低置信修正。,72,满足最低节点＋6；缺关键节点则降级,repair_issue_type,事件类型与节点必须由现实资料支持。,需要用具体事件确认这些步骤是否真正发生。,不得仅凭本规则判断道歉真诚与否、要求对方原谅或复合、推断关系一定修复或失败、淡化暴力强迫与现实伤害、平均分配明显不对等的责任；现实安全、具体行为、反例与专业支持优先。,中高,待验证,,provisional=true；M3-REPAIR尚未完成，完成条件为暂定功能模型。,0.7
M4-REPAIR-256,RI06 亲密距离与连接中断｜用户输出与边界,L4 事件类型与最低修复节点,REPAIR-事件类型,通用,输出,RI06,,完成现实安全、反例和节点检查。,安全风险被普通修复语言淡化。,由共享基础引擎提供；仅修正修复功能的承载、持续与压力占位，不直接等同是否愿意认错或能否修复。,由M1／M2提供；夫妻星只说明伴侣原型与关系资格，不单独证明修复能力、修复意愿或修复结果。,由M3-BASE提供；日支底盘说明亲密关系中自然调用的功能，但不能单独证明修复闭环。,由M3-CONFLICT、M4-LOOP及现实事件提供；必须区分问题停止、责任承担、影响确认、行动改变、反馈整合与后续回访。,由共享基础引擎判定；近位提高相关功能进入亲密关系核心的概率，远位只作背景或阶段修正。,根气只修正某修复功能是否容易重复调用，不等于现实中已经持续改变。,旺弱只修正功能调用强度与占位，不直接等同修复质量、诚意或关系结果。,喜忌只修正功能摩擦、平衡与承载，不直接等同道德、成熟、善恶或是否值得原谅。,原十神功能有效；真合化成立时按化神功能替换，合化争议时停止定性。,近位提高修复议题与亲密关系的直接相关性；远位仅保留背景、阶段或低置信修正。,90,满足最低节点＋6；缺关键节点则降级,repair_issue_type,输出强调最低任务，不要求原谅或复合。,空间和连接需要被具体协商：暂停多久、最低联系是什么、怎样重新回来。,不得仅凭本规则判断道歉真诚与否、要求对方原谅或复合、推断关系一定修复或失败、淡化暴力强迫与现实伤害、平均分配明显不对等的责任；现实安全、具体行为、反例与专业支持优先。,中高,待验证,,provisional=true；M3-REPAIR尚未完成，完成条件为暂定功能模型。,0.7
M4-REPAIR-257,RI07 重复循环复发｜事件定义,L4 事件类型与最低修复节点,REPAIR-事件类型,通用,定义,RI07,,相似触发—反应—反馈顺序再次出现，原修复未阻止复发。,事件类型不清或多个类型混在一起。,由共享基础引擎提供；仅修正修复功能的承载、持续与压力占位，不直接等同是否愿意认错或能否修复。,由M1／M2提供；夫妻星只说明伴侣原型与关系资格，不单独证明修复能力、修复意愿或修复结果。,由M3-BASE提供；日支底盘说明亲密关系中自然调用的功能，但不能单独证明修复闭环。,由M3-CONFLICT、M4-LOOP及现实事件提供；必须区分问题停止、责任承担、影响确认、行动改变、反馈整合与后续回访。,由共享基础引擎判定；近位提高相关功能进入亲密关系核心的概率，远位只作背景或阶段修正。,根气只修正某修复功能是否容易重复调用，不等于现实中已经持续改变。,旺弱只修正功能调用强度与占位，不直接等同修复质量、诚意或关系结果。,喜忌只修正功能摩擦、平衡与承载，不直接等同道德、成熟、善恶或是否值得原谅。,原十神功能有效；真合化成立时按化神功能替换，合化争议时停止定性。,近位提高修复议题与亲密关系的直接相关性；远位仅保留背景、阶段或低置信修正。,72,满足最低节点＋6；缺关键节点则降级,repair_issue_type,事件类型决定最低必要节点，避免用同一修复清单处理所有问题。,这类事件首先需要确认它影响的是信息、责任、现实安排、情绪、边界还是安全。,不得仅凭本规则判断道歉真诚与否、要求对方原谅或复合、推断关系一定修复或失败、淡化暴力强迫与现实伤害、平均分配明显不对等的责任；现实安全、具体行为、反例与专业支持优先。,中高,待验证,,provisional=true；M3-REPAIR尚未完成，完成条件为暂定功能模型。,0.7
M4-REPAIR-258,RI07 重复循环复发｜最低必要节点,L4 事件类型与最低修复节点,REPAIR-事件类型,通用,门槛,RI07,,最低节点：RN02复盘、RN03影响、RN04责任、RN05重订、RN06改变、RN07反馈、RN08跟踪。,最低节点未出现却发布修复闭环。,由共享基础引擎提供；仅修正修复功能的承载、持续与压力占位，不直接等同是否愿意认错或能否修复。,由M1／M2提供；夫妻星只说明伴侣原型与关系资格，不单独证明修复能力、修复意愿或修复结果。,由M3-BASE提供；日支底盘说明亲密关系中自然调用的功能，但不能单独证明修复闭环。,由M3-CONFLICT、M4-LOOP及现实事件提供；必须区分问题停止、责任承担、影响确认、行动改变、反馈整合与后续回访。,由共享基础引擎判定；近位提高相关功能进入亲密关系核心的概率，远位只作背景或阶段修正。,根气只修正某修复功能是否容易重复调用，不等于现实中已经持续改变。,旺弱只修正功能调用强度与占位，不直接等同修复质量、诚意或关系结果。,喜忌只修正功能摩擦、平衡与承载，不直接等同道德、成熟、善恶或是否值得原谅。,原十神功能有效；真合化成立时按化神功能替换，合化争议时停止定性。,近位提高修复议题与亲密关系的直接相关性；远位仅保留背景、阶段或低置信修正。,90,满足最低节点＋6；缺关键节点则降级,repair_issue_type,最低节点是此类事件的修复骨架。,这类问题至少需要完成：RN02复盘、RN03影响、RN04责任、RN05重订、RN06改变、RN07反馈、RN08跟踪。,不得仅凭本规则判断道歉真诚与否、要求对方原谅或复合、推断关系一定修复或失败、淡化暴力强迫与现实伤害、平均分配明显不对等的责任；现实安全、具体行为、反例与专业支持优先。,中高,待验证,,provisional=true；M3-REPAIR尚未完成，完成条件为暂定功能模型。,0.7
M4-REPAIR-259,RI07 重复循环复发｜条件节点,L4 事件类型与最低修复节点,REPAIR-事件类型,通用,路由,RI07,,视事件影响加入：RN01在升级时必要。,把条件节点当成所有事件必需。,由共享基础引擎提供；仅修正修复功能的承载、持续与压力占位，不直接等同是否愿意认错或能否修复。,由M1／M2提供；夫妻星只说明伴侣原型与关系资格，不单独证明修复能力、修复意愿或修复结果。,由M3-BASE提供；日支底盘说明亲密关系中自然调用的功能，但不能单独证明修复闭环。,由M3-CONFLICT、M4-LOOP及现实事件提供；必须区分问题停止、责任承担、影响确认、行动改变、反馈整合与后续回访。,由共享基础引擎判定；近位提高相关功能进入亲密关系核心的概率，远位只作背景或阶段修正。,根气只修正某修复功能是否容易重复调用，不等于现实中已经持续改变。,旺弱只修正功能调用强度与占位，不直接等同修复质量、诚意或关系结果。,喜忌只修正功能摩擦、平衡与承载，不直接等同道德、成熟、善恶或是否值得原谅。,原十神功能有效；真合化成立时按化神功能替换，合化争议时停止定性。,近位提高修复议题与亲密关系的直接相关性；远位仅保留背景、阶段或低置信修正。,72,满足最低节点＋6；缺关键节点则降级,repair_issue_type,不同严重度与影响范围需要不同节点组合。,根据实际影响，还需要继续看：RN01在升级时必要。,不得仅凭本规则判断道歉真诚与否、要求对方原谅或复合、推断关系一定修复或失败、淡化暴力强迫与现实伤害、平均分配明显不对等的责任；现实安全、具体行为、反例与专业支持优先。,中高,待验证,,provisional=true；M3-REPAIR尚未完成，完成条件为暂定功能模型。,0.7
M4-REPAIR-260,RI07 重复循环复发｜常见假完成,L4 事件类型与最低修复节点,REPAIR-事件类型,通用,盲点,RI07,,出现：重复使用同一种道歉或补救，却不检查旧修复为何失效。,现实中最低节点已经完整且持续。,由共享基础引擎提供；仅修正修复功能的承载、持续与压力占位，不直接等同是否愿意认错或能否修复。,由M1／M2提供；夫妻星只说明伴侣原型与关系资格，不单独证明修复能力、修复意愿或修复结果。,由M3-BASE提供；日支底盘说明亲密关系中自然调用的功能，但不能单独证明修复闭环。,由M3-CONFLICT、M4-LOOP及现实事件提供；必须区分问题停止、责任承担、影响确认、行动改变、反馈整合与后续回访。,由共享基础引擎判定；近位提高相关功能进入亲密关系核心的概率，远位只作背景或阶段修正。,根气只修正某修复功能是否容易重复调用，不等于现实中已经持续改变。,旺弱只修正功能调用强度与占位，不直接等同修复质量、诚意或关系结果。,喜忌只修正功能摩擦、平衡与承载，不直接等同道德、成熟、善恶或是否值得原谅。,原十神功能有效；真合化成立时按化神功能替换，合化争议时停止定性。,近位提高修复议题与亲密关系的直接相关性；远位仅保留背景、阶段或低置信修正。,72,满足最低节点＋6；缺关键节点则降级,repair_issue_type,假完成说明一个熟悉动作替代了事件真正需要的任务。,常见卡点是：重复使用同一种道歉或补救，却不检查旧修复为何失效。,不得仅凭本规则判断道歉真诚与否、要求对方原谅或复合、推断关系一定修复或失败、淡化暴力强迫与现实伤害、平均分配明显不对等的责任；现实安全、具体行为、反例与专业支持优先。,中高,待验证,,provisional=true；M3-REPAIR尚未完成，完成条件为暂定功能模型。,0.7
M4-REPAIR-261,RI07 重复循环复发｜证据与升级,L4 事件类型与最低修复节点,REPAIR-事件类型,通用,证据,RI07,,有具体事件、接收方反馈和后续行动资料。,只有抽象概括或命盘结构。,由共享基础引擎提供；仅修正修复功能的承载、持续与压力占位，不直接等同是否愿意认错或能否修复。,由M1／M2提供；夫妻星只说明伴侣原型与关系资格，不单独证明修复能力、修复意愿或修复结果。,由M3-BASE提供；日支底盘说明亲密关系中自然调用的功能，但不能单独证明修复闭环。,由M3-CONFLICT、M4-LOOP及现实事件提供；必须区分问题停止、责任承担、影响确认、行动改变、反馈整合与后续回访。,由共享基础引擎判定；近位提高相关功能进入亲密关系核心的概率，远位只作背景或阶段修正。,根气只修正某修复功能是否容易重复调用，不等于现实中已经持续改变。,旺弱只修正功能调用强度与占位，不直接等同修复质量、诚意或关系结果。,喜忌只修正功能摩擦、平衡与承载，不直接等同道德、成熟、善恶或是否值得原谅。,原十神功能有效；真合化成立时按化神功能替换，合化争议时停止定性。,近位提高修复议题与亲密关系的直接相关性；远位仅保留背景、阶段或低置信修正。,72,满足最低节点＋6；缺关键节点则降级,repair_issue_type,事件类型与节点必须由现实资料支持。,需要用具体事件确认这些步骤是否真正发生。,不得仅凭本规则判断道歉真诚与否、要求对方原谅或复合、推断关系一定修复或失败、淡化暴力强迫与现实伤害、平均分配明显不对等的责任；现实安全、具体行为、反例与专业支持优先。,中高,待验证,,provisional=true；M3-REPAIR尚未完成，完成条件为暂定功能模型。,0.7
M4-REPAIR-262,RI07 重复循环复发｜用户输出与边界,L4 事件类型与最低修复节点,REPAIR-事件类型,通用,输出,RI07,,完成现实安全、反例和节点检查。,安全风险被普通修复语言淡化。,由共享基础引擎提供；仅修正修复功能的承载、持续与压力占位，不直接等同是否愿意认错或能否修复。,由M1／M2提供；夫妻星只说明伴侣原型与关系资格，不单独证明修复能力、修复意愿或修复结果。,由M3-BASE提供；日支底盘说明亲密关系中自然调用的功能，但不能单独证明修复闭环。,由M3-CONFLICT、M4-LOOP及现实事件提供；必须区分问题停止、责任承担、影响确认、行动改变、反馈整合与后续回访。,由共享基础引擎判定；近位提高相关功能进入亲密关系核心的概率，远位只作背景或阶段修正。,根气只修正某修复功能是否容易重复调用，不等于现实中已经持续改变。,旺弱只修正功能调用强度与占位，不直接等同修复质量、诚意或关系结果。,喜忌只修正功能摩擦、平衡与承载，不直接等同道德、成熟、善恶或是否值得原谅。,原十神功能有效；真合化成立时按化神功能替换，合化争议时停止定性。,近位提高修复议题与亲密关系的直接相关性；远位仅保留背景、阶段或低置信修正。,90,满足最低节点＋6；缺关键节点则降级,repair_issue_type,输出强调最低任务，不要求原谅或复合。,修复重点不只是处理这一次，还要复盘上一次为什么没有阻止同样顺序再次发生。,不得仅凭本规则判断道歉真诚与否、要求对方原谅或复合、推断关系一定修复或失败、淡化暴力强迫与现实伤害、平均分配明显不对等的责任；现实安全、具体行为、反例与专业支持优先。,中高,待验证,,provisional=true；M3-REPAIR尚未完成，完成条件为暂定功能模型。,0.7
M4-REPAIR-263,RI08 安全、强迫与权力伤害｜事件定义,L4 事件类型与最低修复节点,REPAIR-事件类型,通用,定义,RI08,,存在暴力、威胁、强迫、跟踪、经济控制、报复或明显权力压迫。,事件类型不清或多个类型混在一起。,由共享基础引擎提供；仅修正修复功能的承载、持续与压力占位，不直接等同是否愿意认错或能否修复。,由M1／M2提供；夫妻星只说明伴侣原型与关系资格，不单独证明修复能力、修复意愿或修复结果。,由M3-BASE提供；日支底盘说明亲密关系中自然调用的功能，但不能单独证明修复闭环。,由M3-CONFLICT、M4-LOOP及现实事件提供；必须区分问题停止、责任承担、影响确认、行动改变、反馈整合与后续回访。,由共享基础引擎判定；近位提高相关功能进入亲密关系核心的概率，远位只作背景或阶段修正。,根气只修正某修复功能是否容易重复调用，不等于现实中已经持续改变。,旺弱只修正功能调用强度与占位，不直接等同修复质量、诚意或关系结果。,喜忌只修正功能摩擦、平衡与承载，不直接等同道德、成熟、善恶或是否值得原谅。,原十神功能有效；真合化成立时按化神功能替换，合化争议时停止定性。,近位提高修复议题与亲密关系的直接相关性；远位仅保留背景、阶段或低置信修正。,72,满足最低节点＋6；缺关键节点则降级,repair_issue_type,事件类型决定最低必要节点，避免用同一修复清单处理所有问题。,这类事件首先需要确认它影响的是信息、责任、现实安排、情绪、边界还是安全。,不得仅凭本规则判断道歉真诚与否、要求对方原谅或复合、推断关系一定修复或失败、淡化暴力强迫与现实伤害、平均分配明显不对等的责任；现实安全、具体行为、反例与专业支持优先。,中高,待验证,,provisional=true；M3-REPAIR尚未完成，完成条件为暂定功能模型。,0.7
M4-REPAIR-264,RI08 安全、强迫与权力伤害｜最低必要节点,L4 事件类型与最低修复节点,REPAIR-事件类型,通用,门槛,RI08,,最低节点：RN01安全与停止伤害；现实责任、专业与法律支持优先。,最低节点未出现却发布修复闭环。,由共享基础引擎提供；仅修正修复功能的承载、持续与压力占位，不直接等同是否愿意认错或能否修复。,由M1／M2提供；夫妻星只说明伴侣原型与关系资格，不单独证明修复能力、修复意愿或修复结果。,由M3-BASE提供；日支底盘说明亲密关系中自然调用的功能，但不能单独证明修复闭环。,由M3-CONFLICT、M4-LOOP及现实事件提供；必须区分问题停止、责任承担、影响确认、行动改变、反馈整合与后续回访。,由共享基础引擎判定；近位提高相关功能进入亲密关系核心的概率，远位只作背景或阶段修正。,根气只修正某修复功能是否容易重复调用，不等于现实中已经持续改变。,旺弱只修正功能调用强度与占位，不直接等同修复质量、诚意或关系结果。,喜忌只修正功能摩擦、平衡与承载，不直接等同道德、成熟、善恶或是否值得原谅。,原十神功能有效；真合化成立时按化神功能替换，合化争议时停止定性。,近位提高修复议题与亲密关系的直接相关性；远位仅保留背景、阶段或低置信修正。,90,满足最低节点＋6；缺关键节点则降级,repair_issue_type,最低节点是此类事件的修复骨架。,这类问题至少需要完成：RN01安全与停止伤害；现实责任、专业与法律支持优先。,不得仅凭本规则判断道歉真诚与否、要求对方原谅或复合、推断关系一定修复或失败、淡化暴力强迫与现实伤害、平均分配明显不对等的责任；现实安全、具体行为、反例与专业支持优先。,中高,待验证,,provisional=true；M3-REPAIR尚未完成，完成条件为暂定功能模型。,0.7
M4-REPAIR-265,RI08 安全、强迫与权力伤害｜条件节点,L4 事件类型与最低修复节点,REPAIR-事件类型,通用,路由,RI08,,视事件影响加入：普通关系修复节点不能替代安全、问责和外部支持。,把条件节点当成所有事件必需。,由共享基础引擎提供；仅修正修复功能的承载、持续与压力占位，不直接等同是否愿意认错或能否修复。,由M1／M2提供；夫妻星只说明伴侣原型与关系资格，不单独证明修复能力、修复意愿或修复结果。,由M3-BASE提供；日支底盘说明亲密关系中自然调用的功能，但不能单独证明修复闭环。,由M3-CONFLICT、M4-LOOP及现实事件提供；必须区分问题停止、责任承担、影响确认、行动改变、反馈整合与后续回访。,由共享基础引擎判定；近位提高相关功能进入亲密关系核心的概率，远位只作背景或阶段修正。,根气只修正某修复功能是否容易重复调用，不等于现实中已经持续改变。,旺弱只修正功能调用强度与占位，不直接等同修复质量、诚意或关系结果。,喜忌只修正功能摩擦、平衡与承载，不直接等同道德、成熟、善恶或是否值得原谅。,原十神功能有效；真合化成立时按化神功能替换，合化争议时停止定性。,近位提高修复议题与亲密关系的直接相关性；远位仅保留背景、阶段或低置信修正。,72,满足最低节点＋6；缺关键节点则降级,repair_issue_type,不同严重度与影响范围需要不同节点组合。,根据实际影响，还需要继续看：普通关系修复节点不能替代安全、问责和外部支持。,不得仅凭本规则判断道歉真诚与否、要求对方原谅或复合、推断关系一定修复或失败、淡化暴力强迫与现实伤害、平均分配明显不对等的责任；现实安全、具体行为、反例与专业支持优先。,中高,待验证,,provisional=true；M3-REPAIR尚未完成，完成条件为暂定功能模型。,0.7
M4-REPAIR-266,RI08 安全、强迫与权力伤害｜常见假完成,L4 事件类型与最低修复节点,REPAIR-事件类型,通用,盲点,RI08,,出现：要求双方平等协商、快速原谅或恢复关系。,现实中最低节点已经完整且持续。,由共享基础引擎提供；仅修正修复功能的承载、持续与压力占位，不直接等同是否愿意认错或能否修复。,由M1／M2提供；夫妻星只说明伴侣原型与关系资格，不单独证明修复能力、修复意愿或修复结果。,由M3-BASE提供；日支底盘说明亲密关系中自然调用的功能，但不能单独证明修复闭环。,由M3-CONFLICT、M4-LOOP及现实事件提供；必须区分问题停止、责任承担、影响确认、行动改变、反馈整合与后续回访。,由共享基础引擎判定；近位提高相关功能进入亲密关系核心的概率，远位只作背景或阶段修正。,根气只修正某修复功能是否容易重复调用，不等于现实中已经持续改变。,旺弱只修正功能调用强度与占位，不直接等同修复质量、诚意或关系结果。,喜忌只修正功能摩擦、平衡与承载，不直接等同道德、成熟、善恶或是否值得原谅。,原十神功能有效；真合化成立时按化神功能替换，合化争议时停止定性。,近位提高修复议题与亲密关系的直接相关性；远位仅保留背景、阶段或低置信修正。,72,满足最低节点＋6；缺关键节点则降级,repair_issue_type,假完成说明一个熟悉动作替代了事件真正需要的任务。,常见卡点是：要求双方平等协商、快速原谅或恢复关系。,不得仅凭本规则判断道歉真诚与否、要求对方原谅或复合、推断关系一定修复或失败、淡化暴力强迫与现实伤害、平均分配明显不对等的责任；现实安全、具体行为、反例与专业支持优先。,中高,待验证,,provisional=true；M3-REPAIR尚未完成，完成条件为暂定功能模型。,0.7
M4-REPAIR-267,RI08 安全、强迫与权力伤害｜证据与升级,L4 事件类型与最低修复节点,REPAIR-事件类型,通用,证据,RI08,,有具体事件、接收方反馈和后续行动资料。,只有抽象概括或命盘结构。,由共享基础引擎提供；仅修正修复功能的承载、持续与压力占位，不直接等同是否愿意认错或能否修复。,由M1／M2提供；夫妻星只说明伴侣原型与关系资格，不单独证明修复能力、修复意愿或修复结果。,由M3-BASE提供；日支底盘说明亲密关系中自然调用的功能，但不能单独证明修复闭环。,由M3-CONFLICT、M4-LOOP及现实事件提供；必须区分问题停止、责任承担、影响确认、行动改变、反馈整合与后续回访。,由共享基础引擎判定；近位提高相关功能进入亲密关系核心的概率，远位只作背景或阶段修正。,根气只修正某修复功能是否容易重复调用，不等于现实中已经持续改变。,旺弱只修正功能调用强度与占位，不直接等同修复质量、诚意或关系结果。,喜忌只修正功能摩擦、平衡与承载，不直接等同道德、成熟、善恶或是否值得原谅。,原十神功能有效；真合化成立时按化神功能替换，合化争议时停止定性。,近位提高修复议题与亲密关系的直接相关性；远位仅保留背景、阶段或低置信修正。,72,满足最低节点＋6；缺关键节点则降级,repair_issue_type,事件类型与节点必须由现实资料支持。,需要用具体事件确认这些步骤是否真正发生。,不得仅凭本规则判断道歉真诚与否、要求对方原谅或复合、推断关系一定修复或失败、淡化暴力强迫与现实伤害、平均分配明显不对等的责任；现实安全、具体行为、反例与专业支持优先。,中高,待验证,,provisional=true；M3-REPAIR尚未完成，完成条件为暂定功能模型。,0.7
M4-REPAIR-268,RI08 安全、强迫与权力伤害｜用户输出与边界,L4 事件类型与最低修复节点,REPAIR-事件类型,通用,输出,RI08,,完成现实安全、反例和节点检查。,安全风险被普通修复语言淡化。,由共享基础引擎提供；仅修正修复功能的承载、持续与压力占位，不直接等同是否愿意认错或能否修复。,由M1／M2提供；夫妻星只说明伴侣原型与关系资格，不单独证明修复能力、修复意愿或修复结果。,由M3-BASE提供；日支底盘说明亲密关系中自然调用的功能，但不能单独证明修复闭环。,由M3-CONFLICT、M4-LOOP及现实事件提供；必须区分问题停止、责任承担、影响确认、行动改变、反馈整合与后续回访。,由共享基础引擎判定；近位提高相关功能进入亲密关系核心的概率，远位只作背景或阶段修正。,根气只修正某修复功能是否容易重复调用，不等于现实中已经持续改变。,旺弱只修正功能调用强度与占位，不直接等同修复质量、诚意或关系结果。,喜忌只修正功能摩擦、平衡与承载，不直接等同道德、成熟、善恶或是否值得原谅。,原十神功能有效；真合化成立时按化神功能替换，合化争议时停止定性。,近位提高修复议题与亲密关系的直接相关性；远位仅保留背景、阶段或低置信修正。,90,满足最低节点＋6；缺关键节点则降级,repair_issue_type,输出强调最低任务，不要求原谅或复合。,此类情境首先处理安全和现实责任，不应把目标设为尽快和好。,不得仅凭本规则判断道歉真诚与否、要求对方原谅或复合、推断关系一定修复或失败、淡化暴力强迫与现实伤害、平均分配明显不对等的责任；现实安全、具体行为、反例与专业支持优先。,中高,待验证,,provisional=true；M3-REPAIR尚未完成，完成条件为暂定功能模型。,0.7
M4-REPAIR-269,RF01 关键节点缺失｜机制定义,L5 修复断链机制,REPAIR-断链机制,通用,定义,RF01,,事件所需的一个或多个最低修复节点从未进入。,只凭十神或一次模糊印象。,由共享基础引擎提供；仅修正修复功能的承载、持续与压力占位，不直接等同是否愿意认错或能否修复。,由M1／M2提供；夫妻星只说明伴侣原型与关系资格，不单独证明修复能力、修复意愿或修复结果。,由M3-BASE提供；日支底盘说明亲密关系中自然调用的功能，但不能单独证明修复闭环。,由M3-CONFLICT、M4-LOOP及现实事件提供；必须区分问题停止、责任承担、影响确认、行动改变、反馈整合与后续回访。,由共享基础引擎判定；近位提高相关功能进入亲密关系核心的概率，远位只作背景或阶段修正。,根气只修正某修复功能是否容易重复调用，不等于现实中已经持续改变。,旺弱只修正功能调用强度与占位，不直接等同修复质量、诚意或关系结果。,喜忌只修正功能摩擦、平衡与承载，不直接等同道德、成熟、善恶或是否值得原谅。,原十神功能有效；真合化成立时按化神功能替换，合化争议时停止定性。,近位提高修复议题与亲密关系的直接相关性；远位仅保留背景、阶段或低置信修正。,72,机制证据＋5；反例－4至停止,repair_failure_mechanism,RF机制描述修复链怎样断开，不等同人格标签。,不是所有步骤都缺，而是某个必要任务始终没有被处理。,不得仅凭本规则判断道歉真诚与否、要求对方原谅或复合、推断关系一定修复或失败、淡化暴力强迫与现实伤害、平均分配明显不对等的责任；现实安全、具体行为、反例与专业支持优先。,中高,待验证,,provisional=true；M3-REPAIR尚未完成，完成条件为暂定功能模型。,0.7
M4-REPAIR-270,RF01 关键节点缺失｜识别条件,L5 修复断链机制,REPAIR-断链机制,通用,证据,RF01,,对照RI事件类型最低节点，至少一项关键节点长期为空。,相应节点由其他等价功能真实完成。,由共享基础引擎提供；仅修正修复功能的承载、持续与压力占位，不直接等同是否愿意认错或能否修复。,由M1／M2提供；夫妻星只说明伴侣原型与关系资格，不单独证明修复能力、修复意愿或修复结果。,由M3-BASE提供；日支底盘说明亲密关系中自然调用的功能，但不能单独证明修复闭环。,由M3-CONFLICT、M4-LOOP及现实事件提供；必须区分问题停止、责任承担、影响确认、行动改变、反馈整合与后续回访。,由共享基础引擎判定；近位提高相关功能进入亲密关系核心的概率，远位只作背景或阶段修正。,根气只修正某修复功能是否容易重复调用，不等于现实中已经持续改变。,旺弱只修正功能调用强度与占位，不直接等同修复质量、诚意或关系结果。,喜忌只修正功能摩擦、平衡与承载，不直接等同道德、成熟、善恶或是否值得原谅。,原十神功能有效；真合化成立时按化神功能替换，合化争议时停止定性。,近位提高修复议题与亲密关系的直接相关性；远位仅保留背景、阶段或低置信修正。,88,机制证据＋5；反例－4至停止,repair_failure_mechanism,必须有现实事件顺序和节点证据。,需要检查：对照RI事件类型最低节点，至少一项关键节点长期为空。,不得仅凭本规则判断道歉真诚与否、要求对方原谅或复合、推断关系一定修复或失败、淡化暴力强迫与现实伤害、平均分配明显不对等的责任；现实安全、具体行为、反例与专业支持优先。,中高,待验证,,provisional=true；M3-REPAIR尚未完成，完成条件为暂定功能模型。,0.7
M4-REPAIR-271,RF01 关键节点缺失｜功能路由,L5 修复断链机制,REPAIR-断链机制,通用,路由,RF01,,该机制与一个明确RB盲点、RI事件类型或LP循环相连。,只有共现，没有功能关系。,由共享基础引擎提供；仅修正修复功能的承载、持续与压力占位，不直接等同是否愿意认错或能否修复。,由M1／M2提供；夫妻星只说明伴侣原型与关系资格，不单独证明修复能力、修复意愿或修复结果。,由M3-BASE提供；日支底盘说明亲密关系中自然调用的功能，但不能单独证明修复闭环。,由M3-CONFLICT、M4-LOOP及现实事件提供；必须区分问题停止、责任承担、影响确认、行动改变、反馈整合与后续回访。,由共享基础引擎判定；近位提高相关功能进入亲密关系核心的概率，远位只作背景或阶段修正。,根气只修正某修复功能是否容易重复调用，不等于现实中已经持续改变。,旺弱只修正功能调用强度与占位，不直接等同修复质量、诚意或关系结果。,喜忌只修正功能摩擦、平衡与承载，不直接等同道德、成熟、善恶或是否值得原谅。,原十神功能有效；真合化成立时按化神功能替换，合化争议时停止定性。,近位提高修复议题与亲密关系的直接相关性；远位仅保留背景、阶段或低置信修正。,72,机制证据＋5；反例－4至停止,repair_failure_mechanism,路由用于说明卡点发生在哪一步。,这项卡点要连接到具体事件和缺失节点，而不是单独贴标签。,不得仅凭本规则判断道歉真诚与否、要求对方原谅或复合、推断关系一定修复或失败、淡化暴力强迫与现实伤害、平均分配明显不对等的责任；现实安全、具体行为、反例与专业支持优先。,中高,待验证,,provisional=true；M3-REPAIR尚未完成，完成条件为暂定功能模型。,0.7
M4-REPAIR-272,RF01 关键节点缺失｜反例门控,L5 修复断链机制,REPAIR-断链机制,通用,反例,RF01,,检查：相应节点由其他等价功能真实完成。,忽略现实中成功修复或合理边界。,由共享基础引擎提供；仅修正修复功能的承载、持续与压力占位，不直接等同是否愿意认错或能否修复。,由M1／M2提供；夫妻星只说明伴侣原型与关系资格，不单独证明修复能力、修复意愿或修复结果。,由M3-BASE提供；日支底盘说明亲密关系中自然调用的功能，但不能单独证明修复闭环。,由M3-CONFLICT、M4-LOOP及现实事件提供；必须区分问题停止、责任承担、影响确认、行动改变、反馈整合与后续回访。,由共享基础引擎判定；近位提高相关功能进入亲密关系核心的概率，远位只作背景或阶段修正。,根气只修正某修复功能是否容易重复调用，不等于现实中已经持续改变。,旺弱只修正功能调用强度与占位，不直接等同修复质量、诚意或关系结果。,喜忌只修正功能摩擦、平衡与承载，不直接等同道德、成熟、善恶或是否值得原谅。,原十神功能有效；真合化成立时按化神功能替换，合化争议时停止定性。,近位提高修复议题与亲密关系的直接相关性；远位仅保留背景、阶段或低置信修正。,88,机制证据＋5；反例－4至停止,repair_failure_mechanism,反例可能使RF候选降级或停止。,若现实中已经通过其他方式完成同一任务，应降低这项判断。,不得仅凭本规则判断道歉真诚与否、要求对方原谅或复合、推断关系一定修复或失败、淡化暴力强迫与现实伤害、平均分配明显不对等的责任；现实安全、具体行为、反例与专业支持优先。,中高,待验证,,provisional=true；M3-REPAIR尚未完成，完成条件为暂定功能模型。,0.7
M4-REPAIR-273,RF01 关键节点缺失｜用户输出,L5 修复断链机制,REPAIR-断链机制,通用,输出,RF01,,RF达到E2以上，并完成接收方反馈与安全检查。,资料不足或安全停止。,由共享基础引擎提供；仅修正修复功能的承载、持续与压力占位，不直接等同是否愿意认错或能否修复。,由M1／M2提供；夫妻星只说明伴侣原型与关系资格，不单独证明修复能力、修复意愿或修复结果。,由M3-BASE提供；日支底盘说明亲密关系中自然调用的功能，但不能单独证明修复闭环。,由M3-CONFLICT、M4-LOOP及现实事件提供；必须区分问题停止、责任承担、影响确认、行动改变、反馈整合与后续回访。,由共享基础引擎判定；近位提高相关功能进入亲密关系核心的概率，远位只作背景或阶段修正。,根气只修正某修复功能是否容易重复调用，不等于现实中已经持续改变。,旺弱只修正功能调用强度与占位，不直接等同修复质量、诚意或关系结果。,喜忌只修正功能摩擦、平衡与承载，不直接等同道德、成熟、善恶或是否值得原谅。,原十神功能有效；真合化成立时按化神功能替换，合化争议时停止定性。,近位提高修复议题与亲密关系的直接相关性；远位仅保留背景、阶段或低置信修正。,72,机制证据＋5；反例－4至停止,repair_failure_mechanism,输出说明功能仍有价值，卡点在转换或持续。,不是所有步骤都缺，而是某个必要任务始终没有被处理。,不得仅凭本规则判断道歉真诚与否、要求对方原谅或复合、推断关系一定修复或失败、淡化暴力强迫与现实伤害、平均分配明显不对等的责任；现实安全、具体行为、反例与专业支持优先。,中高,待验证,,provisional=true；M3-REPAIR尚未完成，完成条件为暂定功能模型。,0.7
M4-REPAIR-274,RF01 关键节点缺失｜退出条件,L5 修复断链机制,REPAIR-断链机制,通用,保护,RF01,,补入缺失节点并让接收方验证。,只给抽象建议，没有可观察步骤。,由共享基础引擎提供；仅修正修复功能的承载、持续与压力占位，不直接等同是否愿意认错或能否修复。,由M1／M2提供；夫妻星只说明伴侣原型与关系资格，不单独证明修复能力、修复意愿或修复结果。,由M3-BASE提供；日支底盘说明亲密关系中自然调用的功能，但不能单独证明修复闭环。,由M3-CONFLICT、M4-LOOP及现实事件提供；必须区分问题停止、责任承担、影响确认、行动改变、反馈整合与后续回访。,由共享基础引擎判定；近位提高相关功能进入亲密关系核心的概率，远位只作背景或阶段修正。,根气只修正某修复功能是否容易重复调用，不等于现实中已经持续改变。,旺弱只修正功能调用强度与占位，不直接等同修复质量、诚意或关系结果。,喜忌只修正功能摩擦、平衡与承载，不直接等同道德、成熟、善恶或是否值得原谅。,原十神功能有效；真合化成立时按化神功能替换，合化争议时停止定性。,近位提高修复议题与亲密关系的直接相关性；远位仅保留背景、阶段或低置信修正。,72,机制证据＋5；反例－4至停止,repair_failure_mechanism,退出条件要直接恢复缺失节点或转换。,关键中断点是：补入缺失节点并让接收方验证。,不得仅凭本规则判断道歉真诚与否、要求对方原谅或复合、推断关系一定修复或失败、淡化暴力强迫与现实伤害、平均分配明显不对等的责任；现实安全、具体行为、反例与专业支持优先。,中高,待验证,,provisional=true；M3-REPAIR尚未完成，完成条件为暂定功能模型。,0.7
M4-REPAIR-275,RF02 单通道替代完整修复｜机制定义,L5 修复断链机制,REPAIR-断链机制,通用,定义,RF02,,解释、安抚、行动、补偿、规则或反思承担了全部修复任务。,只凭十神或一次模糊印象。,由共享基础引擎提供；仅修正修复功能的承载、持续与压力占位，不直接等同是否愿意认错或能否修复。,由M1／M2提供；夫妻星只说明伴侣原型与关系资格，不单独证明修复能力、修复意愿或修复结果。,由M3-BASE提供；日支底盘说明亲密关系中自然调用的功能，但不能单独证明修复闭环。,由M3-CONFLICT、M4-LOOP及现实事件提供；必须区分问题停止、责任承担、影响确认、行动改变、反馈整合与后续回访。,由共享基础引擎判定；近位提高相关功能进入亲密关系核心的概率，远位只作背景或阶段修正。,根气只修正某修复功能是否容易重复调用，不等于现实中已经持续改变。,旺弱只修正功能调用强度与占位，不直接等同修复质量、诚意或关系结果。,喜忌只修正功能摩擦、平衡与承载，不直接等同道德、成熟、善恶或是否值得原谅。,原十神功能有效；真合化成立时按化神功能替换，合化争议时停止定性。,近位提高修复议题与亲密关系的直接相关性；远位仅保留背景、阶段或低置信修正。,72,机制证据＋5；反例－4至停止,repair_failure_mechanism,RF机制描述修复链怎样断开，不等同人格标签。,修复卡点不在你没有行动，而在同一种方式承担了太多不同任务。,不得仅凭本规则判断道歉真诚与否、要求对方原谅或复合、推断关系一定修复或失败、淡化暴力强迫与现实伤害、平均分配明显不对等的责任；现实安全、具体行为、反例与专业支持优先。,中高,待验证,,provisional=true；M3-REPAIR尚未完成，完成条件为暂定功能模型。,0.7
M4-REPAIR-276,RF02 单通道替代完整修复｜识别条件,L5 修复断链机制,REPAIR-断链机制,通用,证据,RF02,,一个通道反复出现，其他不同任务长期没有进入。,单通道确实同时完成多个任务且有接收方反馈。,由共享基础引擎提供；仅修正修复功能的承载、持续与压力占位，不直接等同是否愿意认错或能否修复。,由M1／M2提供；夫妻星只说明伴侣原型与关系资格，不单独证明修复能力、修复意愿或修复结果。,由M3-BASE提供；日支底盘说明亲密关系中自然调用的功能，但不能单独证明修复闭环。,由M3-CONFLICT、M4-LOOP及现实事件提供；必须区分问题停止、责任承担、影响确认、行动改变、反馈整合与后续回访。,由共享基础引擎判定；近位提高相关功能进入亲密关系核心的概率，远位只作背景或阶段修正。,根气只修正某修复功能是否容易重复调用，不等于现实中已经持续改变。,旺弱只修正功能调用强度与占位，不直接等同修复质量、诚意或关系结果。,喜忌只修正功能摩擦、平衡与承载，不直接等同道德、成熟、善恶或是否值得原谅。,原十神功能有效；真合化成立时按化神功能替换，合化争议时停止定性。,近位提高修复议题与亲密关系的直接相关性；远位仅保留背景、阶段或低置信修正。,88,机制证据＋5；反例－4至停止,repair_failure_mechanism,必须有现实事件顺序和节点证据。,需要检查：一个通道反复出现，其他不同任务长期没有进入。,不得仅凭本规则判断道歉真诚与否、要求对方原谅或复合、推断关系一定修复或失败、淡化暴力强迫与现实伤害、平均分配明显不对等的责任；现实安全、具体行为、反例与专业支持优先。,中高,待验证,,provisional=true；M3-REPAIR尚未完成，完成条件为暂定功能模型。,0.7
M4-REPAIR-277,RF02 单通道替代完整修复｜功能路由,L5 修复断链机制,REPAIR-断链机制,通用,路由,RF02,,该机制与一个明确RB盲点、RI事件类型或LP循环相连。,只有共现，没有功能关系。,由共享基础引擎提供；仅修正修复功能的承载、持续与压力占位，不直接等同是否愿意认错或能否修复。,由M1／M2提供；夫妻星只说明伴侣原型与关系资格，不单独证明修复能力、修复意愿或修复结果。,由M3-BASE提供；日支底盘说明亲密关系中自然调用的功能，但不能单独证明修复闭环。,由M3-CONFLICT、M4-LOOP及现实事件提供；必须区分问题停止、责任承担、影响确认、行动改变、反馈整合与后续回访。,由共享基础引擎判定；近位提高相关功能进入亲密关系核心的概率，远位只作背景或阶段修正。,根气只修正某修复功能是否容易重复调用，不等于现实中已经持续改变。,旺弱只修正功能调用强度与占位，不直接等同修复质量、诚意或关系结果。,喜忌只修正功能摩擦、平衡与承载，不直接等同道德、成熟、善恶或是否值得原谅。,原十神功能有效；真合化成立时按化神功能替换，合化争议时停止定性。,近位提高修复议题与亲密关系的直接相关性；远位仅保留背景、阶段或低置信修正。,72,机制证据＋5；反例－4至停止,repair_failure_mechanism,路由用于说明卡点发生在哪一步。,这项卡点要连接到具体事件和缺失节点，而不是单独贴标签。,不得仅凭本规则判断道歉真诚与否、要求对方原谅或复合、推断关系一定修复或失败、淡化暴力强迫与现实伤害、平均分配明显不对等的责任；现实安全、具体行为、反例与专业支持优先。,中高,待验证,,provisional=true；M3-REPAIR尚未完成，完成条件为暂定功能模型。,0.7
M4-REPAIR-278,RF02 单通道替代完整修复｜反例门控,L5 修复断链机制,REPAIR-断链机制,通用,反例,RF02,,检查：单通道确实同时完成多个任务且有接收方反馈。,忽略现实中成功修复或合理边界。,由共享基础引擎提供；仅修正修复功能的承载、持续与压力占位，不直接等同是否愿意认错或能否修复。,由M1／M2提供；夫妻星只说明伴侣原型与关系资格，不单独证明修复能力、修复意愿或修复结果。,由M3-BASE提供；日支底盘说明亲密关系中自然调用的功能，但不能单独证明修复闭环。,由M3-CONFLICT、M4-LOOP及现实事件提供；必须区分问题停止、责任承担、影响确认、行动改变、反馈整合与后续回访。,由共享基础引擎判定；近位提高相关功能进入亲密关系核心的概率，远位只作背景或阶段修正。,根气只修正某修复功能是否容易重复调用，不等于现实中已经持续改变。,旺弱只修正功能调用强度与占位，不直接等同修复质量、诚意或关系结果。,喜忌只修正功能摩擦、平衡与承载，不直接等同道德、成熟、善恶或是否值得原谅。,原十神功能有效；真合化成立时按化神功能替换，合化争议时停止定性。,近位提高修复议题与亲密关系的直接相关性；远位仅保留背景、阶段或低置信修正。,88,机制证据＋5；反例－4至停止,repair_failure_mechanism,反例可能使RF候选降级或停止。,若现实中已经通过其他方式完成同一任务，应降低这项判断。,不得仅凭本规则判断道歉真诚与否、要求对方原谅或复合、推断关系一定修复或失败、淡化暴力强迫与现实伤害、平均分配明显不对等的责任；现实安全、具体行为、反例与专业支持优先。,中高,待验证,,provisional=true；M3-REPAIR尚未完成，完成条件为暂定功能模型。,0.7
M4-REPAIR-279,RF02 单通道替代完整修复｜用户输出,L5 修复断链机制,REPAIR-断链机制,通用,输出,RF02,,RF达到E2以上，并完成接收方反馈与安全检查。,资料不足或安全停止。,由共享基础引擎提供；仅修正修复功能的承载、持续与压力占位，不直接等同是否愿意认错或能否修复。,由M1／M2提供；夫妻星只说明伴侣原型与关系资格，不单独证明修复能力、修复意愿或修复结果。,由M3-BASE提供；日支底盘说明亲密关系中自然调用的功能，但不能单独证明修复闭环。,由M3-CONFLICT、M4-LOOP及现实事件提供；必须区分问题停止、责任承担、影响确认、行动改变、反馈整合与后续回访。,由共享基础引擎判定；近位提高相关功能进入亲密关系核心的概率，远位只作背景或阶段修正。,根气只修正某修复功能是否容易重复调用，不等于现实中已经持续改变。,旺弱只修正功能调用强度与占位，不直接等同修复质量、诚意或关系结果。,喜忌只修正功能摩擦、平衡与承载，不直接等同道德、成熟、善恶或是否值得原谅。,原十神功能有效；真合化成立时按化神功能替换，合化争议时停止定性。,近位提高修复议题与亲密关系的直接相关性；远位仅保留背景、阶段或低置信修正。,72,机制证据＋5；反例－4至停止,repair_failure_mechanism,输出说明功能仍有价值，卡点在转换或持续。,修复卡点不在你没有行动，而在同一种方式承担了太多不同任务。,不得仅凭本规则判断道歉真诚与否、要求对方原谅或复合、推断关系一定修复或失败、淡化暴力强迫与现实伤害、平均分配明显不对等的责任；现实安全、具体行为、反例与专业支持优先。,中高,待验证,,provisional=true；M3-REPAIR尚未完成，完成条件为暂定功能模型。,0.7
M4-REPAIR-280,RF02 单通道替代完整修复｜退出条件,L5 修复断链机制,REPAIR-断链机制,通用,保护,RF02,,把熟悉通道与被替代任务分开处理。,只给抽象建议，没有可观察步骤。,由共享基础引擎提供；仅修正修复功能的承载、持续与压力占位，不直接等同是否愿意认错或能否修复。,由M1／M2提供；夫妻星只说明伴侣原型与关系资格，不单独证明修复能力、修复意愿或修复结果。,由M3-BASE提供；日支底盘说明亲密关系中自然调用的功能，但不能单独证明修复闭环。,由M3-CONFLICT、M4-LOOP及现实事件提供；必须区分问题停止、责任承担、影响确认、行动改变、反馈整合与后续回访。,由共享基础引擎判定；近位提高相关功能进入亲密关系核心的概率，远位只作背景或阶段修正。,根气只修正某修复功能是否容易重复调用，不等于现实中已经持续改变。,旺弱只修正功能调用强度与占位，不直接等同修复质量、诚意或关系结果。,喜忌只修正功能摩擦、平衡与承载，不直接等同道德、成熟、善恶或是否值得原谅。,原十神功能有效；真合化成立时按化神功能替换，合化争议时停止定性。,近位提高修复议题与亲密关系的直接相关性；远位仅保留背景、阶段或低置信修正。,72,机制证据＋5；反例－4至停止,repair_failure_mechanism,退出条件要直接恢复缺失节点或转换。,关键中断点是：把熟悉通道与被替代任务分开处理。,不得仅凭本规则判断道歉真诚与否、要求对方原谅或复合、推断关系一定修复或失败、淡化暴力强迫与现实伤害、平均分配明显不对等的责任；现实安全、具体行为、反例与专业支持优先。,中高,待验证,,provisional=true；M3-REPAIR尚未完成，完成条件为暂定功能模型。,0.7
M4-REPAIR-281,RF03 过早结案｜机制定义,L5 修复断链机制,REPAIR-断链机制,通用,定义,RF03,,某个中间节点出现后，双方或一方宣布事情已经结束。,只凭十神或一次模糊印象。,由共享基础引擎提供；仅修正修复功能的承载、持续与压力占位，不直接等同是否愿意认错或能否修复。,由M1／M2提供；夫妻星只说明伴侣原型与关系资格，不单独证明修复能力、修复意愿或修复结果。,由M3-BASE提供；日支底盘说明亲密关系中自然调用的功能，但不能单独证明修复闭环。,由M3-CONFLICT、M4-LOOP及现实事件提供；必须区分问题停止、责任承担、影响确认、行动改变、反馈整合与后续回访。,由共享基础引擎判定；近位提高相关功能进入亲密关系核心的概率，远位只作背景或阶段修正。,根气只修正某修复功能是否容易重复调用，不等于现实中已经持续改变。,旺弱只修正功能调用强度与占位，不直接等同修复质量、诚意或关系结果。,喜忌只修正功能摩擦、平衡与承载，不直接等同道德、成熟、善恶或是否值得原谅。,原十神功能有效；真合化成立时按化神功能替换，合化争议时停止定性。,近位提高修复议题与亲密关系的直接相关性；远位仅保留背景、阶段或低置信修正。,72,机制证据＋5；反例－4至停止,repair_failure_mechanism,RF机制描述修复链怎样断开，不等同人格标签。,现在更像是某一步完成后过早关闭了修复，而不是所有任务都已完成。,不得仅凭本规则判断道歉真诚与否、要求对方原谅或复合、推断关系一定修复或失败、淡化暴力强迫与现实伤害、平均分配明显不对等的责任；现实安全、具体行为、反例与专业支持优先。,中高,待验证,,provisional=true；M3-REPAIR尚未完成，完成条件为暂定功能模型。,0.7
M4-REPAIR-282,RF03 过早结案｜识别条件,L5 修复断链机制,REPAIR-断链机制,通用,证据,RF03,,RN02／RN03／RN06等单点出现后停止后续。,事件本身轻微且最低节点确已完成。,由共享基础引擎提供；仅修正修复功能的承载、持续与压力占位，不直接等同是否愿意认错或能否修复。,由M1／M2提供；夫妻星只说明伴侣原型与关系资格，不单独证明修复能力、修复意愿或修复结果。,由M3-BASE提供；日支底盘说明亲密关系中自然调用的功能，但不能单独证明修复闭环。,由M3-CONFLICT、M4-LOOP及现实事件提供；必须区分问题停止、责任承担、影响确认、行动改变、反馈整合与后续回访。,由共享基础引擎判定；近位提高相关功能进入亲密关系核心的概率，远位只作背景或阶段修正。,根气只修正某修复功能是否容易重复调用，不等于现实中已经持续改变。,旺弱只修正功能调用强度与占位，不直接等同修复质量、诚意或关系结果。,喜忌只修正功能摩擦、平衡与承载，不直接等同道德、成熟、善恶或是否值得原谅。,原十神功能有效；真合化成立时按化神功能替换，合化争议时停止定性。,近位提高修复议题与亲密关系的直接相关性；远位仅保留背景、阶段或低置信修正。,88,机制证据＋5；反例－4至停止,repair_failure_mechanism,必须有现实事件顺序和节点证据。,需要检查：RN02／RN03／RN06等单点出现后停止后续。,不得仅凭本规则判断道歉真诚与否、要求对方原谅或复合、推断关系一定修复或失败、淡化暴力强迫与现实伤害、平均分配明显不对等的责任；现实安全、具体行为、反例与专业支持优先。,中高,待验证,,provisional=true；M3-REPAIR尚未完成，完成条件为暂定功能模型。,0.7
M4-REPAIR-283,RF03 过早结案｜功能路由,L5 修复断链机制,REPAIR-断链机制,通用,路由,RF03,,该机制与一个明确RB盲点、RI事件类型或LP循环相连。,只有共现，没有功能关系。,由共享基础引擎提供；仅修正修复功能的承载、持续与压力占位，不直接等同是否愿意认错或能否修复。,由M1／M2提供；夫妻星只说明伴侣原型与关系资格，不单独证明修复能力、修复意愿或修复结果。,由M3-BASE提供；日支底盘说明亲密关系中自然调用的功能，但不能单独证明修复闭环。,由M3-CONFLICT、M4-LOOP及现实事件提供；必须区分问题停止、责任承担、影响确认、行动改变、反馈整合与后续回访。,由共享基础引擎判定；近位提高相关功能进入亲密关系核心的概率，远位只作背景或阶段修正。,根气只修正某修复功能是否容易重复调用，不等于现实中已经持续改变。,旺弱只修正功能调用强度与占位，不直接等同修复质量、诚意或关系结果。,喜忌只修正功能摩擦、平衡与承载，不直接等同道德、成熟、善恶或是否值得原谅。,原十神功能有效；真合化成立时按化神功能替换，合化争议时停止定性。,近位提高修复议题与亲密关系的直接相关性；远位仅保留背景、阶段或低置信修正。,72,机制证据＋5；反例－4至停止,repair_failure_mechanism,路由用于说明卡点发生在哪一步。,这项卡点要连接到具体事件和缺失节点，而不是单独贴标签。,不得仅凭本规则判断道歉真诚与否、要求对方原谅或复合、推断关系一定修复或失败、淡化暴力强迫与现实伤害、平均分配明显不对等的责任；现实安全、具体行为、反例与专业支持优先。,中高,待验证,,provisional=true；M3-REPAIR尚未完成，完成条件为暂定功能模型。,0.7
M4-REPAIR-284,RF03 过早结案｜反例门控,L5 修复断链机制,REPAIR-断链机制,通用,反例,RF03,,检查：事件本身轻微且最低节点确已完成。,忽略现实中成功修复或合理边界。,由共享基础引擎提供；仅修正修复功能的承载、持续与压力占位，不直接等同是否愿意认错或能否修复。,由M1／M2提供；夫妻星只说明伴侣原型与关系资格，不单独证明修复能力、修复意愿或修复结果。,由M3-BASE提供；日支底盘说明亲密关系中自然调用的功能，但不能单独证明修复闭环。,由M3-CONFLICT、M4-LOOP及现实事件提供；必须区分问题停止、责任承担、影响确认、行动改变、反馈整合与后续回访。,由共享基础引擎判定；近位提高相关功能进入亲密关系核心的概率，远位只作背景或阶段修正。,根气只修正某修复功能是否容易重复调用，不等于现实中已经持续改变。,旺弱只修正功能调用强度与占位，不直接等同修复质量、诚意或关系结果。,喜忌只修正功能摩擦、平衡与承载，不直接等同道德、成熟、善恶或是否值得原谅。,原十神功能有效；真合化成立时按化神功能替换，合化争议时停止定性。,近位提高修复议题与亲密关系的直接相关性；远位仅保留背景、阶段或低置信修正。,88,机制证据＋5；反例－4至停止,repair_failure_mechanism,反例可能使RF候选降级或停止。,若现实中已经通过其他方式完成同一任务，应降低这项判断。,不得仅凭本规则判断道歉真诚与否、要求对方原谅或复合、推断关系一定修复或失败、淡化暴力强迫与现实伤害、平均分配明显不对等的责任；现实安全、具体行为、反例与专业支持优先。,中高,待验证,,provisional=true；M3-REPAIR尚未完成，完成条件为暂定功能模型。,0.7
M4-REPAIR-285,RF03 过早结案｜用户输出,L5 修复断链机制,REPAIR-断链机制,通用,输出,RF03,,RF达到E2以上，并完成接收方反馈与安全检查。,资料不足或安全停止。,由共享基础引擎提供；仅修正修复功能的承载、持续与压力占位，不直接等同是否愿意认错或能否修复。,由M1／M2提供；夫妻星只说明伴侣原型与关系资格，不单独证明修复能力、修复意愿或修复结果。,由M3-BASE提供；日支底盘说明亲密关系中自然调用的功能，但不能单独证明修复闭环。,由M3-CONFLICT、M4-LOOP及现实事件提供；必须区分问题停止、责任承担、影响确认、行动改变、反馈整合与后续回访。,由共享基础引擎判定；近位提高相关功能进入亲密关系核心的概率，远位只作背景或阶段修正。,根气只修正某修复功能是否容易重复调用，不等于现实中已经持续改变。,旺弱只修正功能调用强度与占位，不直接等同修复质量、诚意或关系结果。,喜忌只修正功能摩擦、平衡与承载，不直接等同道德、成熟、善恶或是否值得原谅。,原十神功能有效；真合化成立时按化神功能替换，合化争议时停止定性。,近位提高修复议题与亲密关系的直接相关性；远位仅保留背景、阶段或低置信修正。,72,机制证据＋5；反例－4至停止,repair_failure_mechanism,输出说明功能仍有价值，卡点在转换或持续。,现在更像是某一步完成后过早关闭了修复，而不是所有任务都已完成。,不得仅凭本规则判断道歉真诚与否、要求对方原谅或复合、推断关系一定修复或失败、淡化暴力强迫与现实伤害、平均分配明显不对等的责任；现实安全、具体行为、反例与专业支持优先。,中高,待验证,,provisional=true；M3-REPAIR尚未完成，完成条件为暂定功能模型。,0.7
M4-REPAIR-286,RF03 过早结案｜退出条件,L5 修复断链机制,REPAIR-断链机制,通用,保护,RF03,,明确当前只是止损、问题结案还是关系闭环。,只给抽象建议，没有可观察步骤。,由共享基础引擎提供；仅修正修复功能的承载、持续与压力占位，不直接等同是否愿意认错或能否修复。,由M1／M2提供；夫妻星只说明伴侣原型与关系资格，不单独证明修复能力、修复意愿或修复结果。,由M3-BASE提供；日支底盘说明亲密关系中自然调用的功能，但不能单独证明修复闭环。,由M3-CONFLICT、M4-LOOP及现实事件提供；必须区分问题停止、责任承担、影响确认、行动改变、反馈整合与后续回访。,由共享基础引擎判定；近位提高相关功能进入亲密关系核心的概率，远位只作背景或阶段修正。,根气只修正某修复功能是否容易重复调用，不等于现实中已经持续改变。,旺弱只修正功能调用强度与占位，不直接等同修复质量、诚意或关系结果。,喜忌只修正功能摩擦、平衡与承载，不直接等同道德、成熟、善恶或是否值得原谅。,原十神功能有效；真合化成立时按化神功能替换，合化争议时停止定性。,近位提高修复议题与亲密关系的直接相关性；远位仅保留背景、阶段或低置信修正。,72,机制证据＋5；反例－4至停止,repair_failure_mechanism,退出条件要直接恢复缺失节点或转换。,关键中断点是：明确当前只是止损、问题结案还是关系闭环。,不得仅凭本规则判断道歉真诚与否、要求对方原谅或复合、推断关系一定修复或失败、淡化暴力强迫与现实伤害、平均分配明显不对等的责任；现实安全、具体行为、反例与专业支持优先。,中高,待验证,,provisional=true；M3-REPAIR尚未完成，完成条件为暂定功能模型。,0.7
M4-REPAIR-287,RF04 修复时钟不同步｜机制定义,L5 修复断链机制,REPAIR-断链机制,通用,定义,RF04,,一方准备解释、靠近或和好时，另一方仍在安全、影响或边界阶段。,只凭十神或一次模糊印象。,由共享基础引擎提供；仅修正修复功能的承载、持续与压力占位，不直接等同是否愿意认错或能否修复。,由M1／M2提供；夫妻星只说明伴侣原型与关系资格，不单独证明修复能力、修复意愿或修复结果。,由M3-BASE提供；日支底盘说明亲密关系中自然调用的功能，但不能单独证明修复闭环。,由M3-CONFLICT、M4-LOOP及现实事件提供；必须区分问题停止、责任承担、影响确认、行动改变、反馈整合与后续回访。,由共享基础引擎判定；近位提高相关功能进入亲密关系核心的概率，远位只作背景或阶段修正。,根气只修正某修复功能是否容易重复调用，不等于现实中已经持续改变。,旺弱只修正功能调用强度与占位，不直接等同修复质量、诚意或关系结果。,喜忌只修正功能摩擦、平衡与承载，不直接等同道德、成熟、善恶或是否值得原谅。,原十神功能有效；真合化成立时按化神功能替换，合化争议时停止定性。,近位提高修复议题与亲密关系的直接相关性；远位仅保留背景、阶段或低置信修正。,72,机制证据＋5；反例－4至停止,repair_failure_mechanism,RF机制描述修复链怎样断开，不等同人格标签。,双方可能不是不愿修复，而是当前处在不同修复阶段。,不得仅凭本规则判断道歉真诚与否、要求对方原谅或复合、推断关系一定修复或失败、淡化暴力强迫与现实伤害、平均分配明显不对等的责任；现实安全、具体行为、反例与专业支持优先。,中高,待验证,,provisional=true；M3-REPAIR尚未完成，完成条件为暂定功能模型。,0.7
M4-REPAIR-288,RF04 修复时钟不同步｜识别条件,L5 修复断链机制,REPAIR-断链机制,通用,证据,RF04,,双方需要的节点和节奏不同，出现催促或撤回。,双方明确协商节奏且保留拒绝权。,由共享基础引擎提供；仅修正修复功能的承载、持续与压力占位，不直接等同是否愿意认错或能否修复。,由M1／M2提供；夫妻星只说明伴侣原型与关系资格，不单独证明修复能力、修复意愿或修复结果。,由M3-BASE提供；日支底盘说明亲密关系中自然调用的功能，但不能单独证明修复闭环。,由M3-CONFLICT、M4-LOOP及现实事件提供；必须区分问题停止、责任承担、影响确认、行动改变、反馈整合与后续回访。,由共享基础引擎判定；近位提高相关功能进入亲密关系核心的概率，远位只作背景或阶段修正。,根气只修正某修复功能是否容易重复调用，不等于现实中已经持续改变。,旺弱只修正功能调用强度与占位，不直接等同修复质量、诚意或关系结果。,喜忌只修正功能摩擦、平衡与承载，不直接等同道德、成熟、善恶或是否值得原谅。,原十神功能有效；真合化成立时按化神功能替换，合化争议时停止定性。,近位提高修复议题与亲密关系的直接相关性；远位仅保留背景、阶段或低置信修正。,88,机制证据＋5；反例－4至停止,repair_failure_mechanism,必须有现实事件顺序和节点证据。,需要检查：双方需要的节点和节奏不同，出现催促或撤回。,不得仅凭本规则判断道歉真诚与否、要求对方原谅或复合、推断关系一定修复或失败、淡化暴力强迫与现实伤害、平均分配明显不对等的责任；现实安全、具体行为、反例与专业支持优先。,中高,待验证,,provisional=true；M3-REPAIR尚未完成，完成条件为暂定功能模型。,0.7
M4-REPAIR-289,RF04 修复时钟不同步｜功能路由,L5 修复断链机制,REPAIR-断链机制,通用,路由,RF04,,该机制与一个明确RB盲点、RI事件类型或LP循环相连。,只有共现，没有功能关系。,由共享基础引擎提供；仅修正修复功能的承载、持续与压力占位，不直接等同是否愿意认错或能否修复。,由M1／M2提供；夫妻星只说明伴侣原型与关系资格，不单独证明修复能力、修复意愿或修复结果。,由M3-BASE提供；日支底盘说明亲密关系中自然调用的功能，但不能单独证明修复闭环。,由M3-CONFLICT、M4-LOOP及现实事件提供；必须区分问题停止、责任承担、影响确认、行动改变、反馈整合与后续回访。,由共享基础引擎判定；近位提高相关功能进入亲密关系核心的概率，远位只作背景或阶段修正。,根气只修正某修复功能是否容易重复调用，不等于现实中已经持续改变。,旺弱只修正功能调用强度与占位，不直接等同修复质量、诚意或关系结果。,喜忌只修正功能摩擦、平衡与承载，不直接等同道德、成熟、善恶或是否值得原谅。,原十神功能有效；真合化成立时按化神功能替换，合化争议时停止定性。,近位提高修复议题与亲密关系的直接相关性；远位仅保留背景、阶段或低置信修正。,72,机制证据＋5；反例－4至停止,repair_failure_mechanism,路由用于说明卡点发生在哪一步。,这项卡点要连接到具体事件和缺失节点，而不是单独贴标签。,不得仅凭本规则判断道歉真诚与否、要求对方原谅或复合、推断关系一定修复或失败、淡化暴力强迫与现实伤害、平均分配明显不对等的责任；现实安全、具体行为、反例与专业支持优先。,中高,待验证,,provisional=true；M3-REPAIR尚未完成，完成条件为暂定功能模型。,0.7
M4-REPAIR-290,RF04 修复时钟不同步｜反例门控,L5 修复断链机制,REPAIR-断链机制,通用,反例,RF04,,检查：双方明确协商节奏且保留拒绝权。,忽略现实中成功修复或合理边界。,由共享基础引擎提供；仅修正修复功能的承载、持续与压力占位，不直接等同是否愿意认错或能否修复。,由M1／M2提供；夫妻星只说明伴侣原型与关系资格，不单独证明修复能力、修复意愿或修复结果。,由M3-BASE提供；日支底盘说明亲密关系中自然调用的功能，但不能单独证明修复闭环。,由M3-CONFLICT、M4-LOOP及现实事件提供；必须区分问题停止、责任承担、影响确认、行动改变、反馈整合与后续回访。,由共享基础引擎判定；近位提高相关功能进入亲密关系核心的概率，远位只作背景或阶段修正。,根气只修正某修复功能是否容易重复调用，不等于现实中已经持续改变。,旺弱只修正功能调用强度与占位，不直接等同修复质量、诚意或关系结果。,喜忌只修正功能摩擦、平衡与承载，不直接等同道德、成熟、善恶或是否值得原谅。,原十神功能有效；真合化成立时按化神功能替换，合化争议时停止定性。,近位提高修复议题与亲密关系的直接相关性；远位仅保留背景、阶段或低置信修正。,88,机制证据＋5；反例－4至停止,repair_failure_mechanism,反例可能使RF候选降级或停止。,若现实中已经通过其他方式完成同一任务，应降低这项判断。,不得仅凭本规则判断道歉真诚与否、要求对方原谅或复合、推断关系一定修复或失败、淡化暴力强迫与现实伤害、平均分配明显不对等的责任；现实安全、具体行为、反例与专业支持优先。,中高,待验证,,provisional=true；M3-REPAIR尚未完成，完成条件为暂定功能模型。,0.7
M4-REPAIR-291,RF04 修复时钟不同步｜用户输出,L5 修复断链机制,REPAIR-断链机制,通用,输出,RF04,,RF达到E2以上，并完成接收方反馈与安全检查。,资料不足或安全停止。,由共享基础引擎提供；仅修正修复功能的承载、持续与压力占位，不直接等同是否愿意认错或能否修复。,由M1／M2提供；夫妻星只说明伴侣原型与关系资格，不单独证明修复能力、修复意愿或修复结果。,由M3-BASE提供；日支底盘说明亲密关系中自然调用的功能，但不能单独证明修复闭环。,由M3-CONFLICT、M4-LOOP及现实事件提供；必须区分问题停止、责任承担、影响确认、行动改变、反馈整合与后续回访。,由共享基础引擎判定；近位提高相关功能进入亲密关系核心的概率，远位只作背景或阶段修正。,根气只修正某修复功能是否容易重复调用，不等于现实中已经持续改变。,旺弱只修正功能调用强度与占位，不直接等同修复质量、诚意或关系结果。,喜忌只修正功能摩擦、平衡与承载，不直接等同道德、成熟、善恶或是否值得原谅。,原十神功能有效；真合化成立时按化神功能替换，合化争议时停止定性。,近位提高修复议题与亲密关系的直接相关性；远位仅保留背景、阶段或低置信修正。,72,机制证据＋5；反例－4至停止,repair_failure_mechanism,输出说明功能仍有价值，卡点在转换或持续。,双方可能不是不愿修复，而是当前处在不同修复阶段。,不得仅凭本规则判断道歉真诚与否、要求对方原谅或复合、推断关系一定修复或失败、淡化暴力强迫与现实伤害、平均分配明显不对等的责任；现实安全、具体行为、反例与专业支持优先。,中高,待验证,,provisional=true；M3-REPAIR尚未完成，完成条件为暂定功能模型。,0.7
M4-REPAIR-292,RF04 修复时钟不同步｜退出条件,L5 修复断链机制,REPAIR-断链机制,通用,保护,RF04,,区分修复邀请、接收准备度和回归时间。,只给抽象建议，没有可观察步骤。,由共享基础引擎提供；仅修正修复功能的承载、持续与压力占位，不直接等同是否愿意认错或能否修复。,由M1／M2提供；夫妻星只说明伴侣原型与关系资格，不单独证明修复能力、修复意愿或修复结果。,由M3-BASE提供；日支底盘说明亲密关系中自然调用的功能，但不能单独证明修复闭环。,由M3-CONFLICT、M4-LOOP及现实事件提供；必须区分问题停止、责任承担、影响确认、行动改变、反馈整合与后续回访。,由共享基础引擎判定；近位提高相关功能进入亲密关系核心的概率，远位只作背景或阶段修正。,根气只修正某修复功能是否容易重复调用，不等于现实中已经持续改变。,旺弱只修正功能调用强度与占位，不直接等同修复质量、诚意或关系结果。,喜忌只修正功能摩擦、平衡与承载，不直接等同道德、成熟、善恶或是否值得原谅。,原十神功能有效；真合化成立时按化神功能替换，合化争议时停止定性。,近位提高修复议题与亲密关系的直接相关性；远位仅保留背景、阶段或低置信修正。,72,机制证据＋5；反例－4至停止,repair_failure_mechanism,退出条件要直接恢复缺失节点或转换。,关键中断点是：区分修复邀请、接收准备度和回归时间。,不得仅凭本规则判断道歉真诚与否、要求对方原谅或复合、推断关系一定修复或失败、淡化暴力强迫与现实伤害、平均分配明显不对等的责任；现实安全、具体行为、反例与专业支持优先。,中高,待验证,,provisional=true；M3-REPAIR尚未完成，完成条件为暂定功能模型。,0.7
M4-REPAIR-293,RF05 反馈未整合｜机制定义,L5 修复断链机制,REPAIR-断链机制,通用,定义,RF05,,发起方做出道歉或方案后，没有真正接收接收方的异议和反馈。,只凭十神或一次模糊印象。,由共享基础引擎提供；仅修正修复功能的承载、持续与压力占位，不直接等同是否愿意认错或能否修复。,由M1／M2提供；夫妻星只说明伴侣原型与关系资格，不单独证明修复能力、修复意愿或修复结果。,由M3-BASE提供；日支底盘说明亲密关系中自然调用的功能，但不能单独证明修复闭环。,由M3-CONFLICT、M4-LOOP及现实事件提供；必须区分问题停止、责任承担、影响确认、行动改变、反馈整合与后续回访。,由共享基础引擎判定；近位提高相关功能进入亲密关系核心的概率，远位只作背景或阶段修正。,根气只修正某修复功能是否容易重复调用，不等于现实中已经持续改变。,旺弱只修正功能调用强度与占位，不直接等同修复质量、诚意或关系结果。,喜忌只修正功能摩擦、平衡与承载，不直接等同道德、成熟、善恶或是否值得原谅。,原十神功能有效；真合化成立时按化神功能替换，合化争议时停止定性。,近位提高修复议题与亲密关系的直接相关性；远位仅保留背景、阶段或低置信修正。,72,机制证据＋5；反例－4至停止,repair_failure_mechanism,RF机制描述修复链怎样断开，不等同人格标签。,修复不是“我已经做了”，而是还要看这一步是否真正回应了对方。,不得仅凭本规则判断道歉真诚与否、要求对方原谅或复合、推断关系一定修复或失败、淡化暴力强迫与现实伤害、平均分配明显不对等的责任；现实安全、具体行为、反例与专业支持优先。,中高,待验证,,provisional=true；M3-REPAIR尚未完成，完成条件为暂定功能模型。,0.7
M4-REPAIR-294,RF05 反馈未整合｜识别条件,L5 修复断链机制,REPAIR-断链机制,通用,证据,RF05,,RN07缺失，或反馈被解释为不知足、挑剔、拒绝修复。,反馈已被复述并转成二次调整。,由共享基础引擎提供；仅修正修复功能的承载、持续与压力占位，不直接等同是否愿意认错或能否修复。,由M1／M2提供；夫妻星只说明伴侣原型与关系资格，不单独证明修复能力、修复意愿或修复结果。,由M3-BASE提供；日支底盘说明亲密关系中自然调用的功能，但不能单独证明修复闭环。,由M3-CONFLICT、M4-LOOP及现实事件提供；必须区分问题停止、责任承担、影响确认、行动改变、反馈整合与后续回访。,由共享基础引擎判定；近位提高相关功能进入亲密关系核心的概率，远位只作背景或阶段修正。,根气只修正某修复功能是否容易重复调用，不等于现实中已经持续改变。,旺弱只修正功能调用强度与占位，不直接等同修复质量、诚意或关系结果。,喜忌只修正功能摩擦、平衡与承载，不直接等同道德、成熟、善恶或是否值得原谅。,原十神功能有效；真合化成立时按化神功能替换，合化争议时停止定性。,近位提高修复议题与亲密关系的直接相关性；远位仅保留背景、阶段或低置信修正。,88,机制证据＋5；反例－4至停止,repair_failure_mechanism,必须有现实事件顺序和节点证据。,需要检查：RN07缺失，或反馈被解释为不知足、挑剔、拒绝修复。,不得仅凭本规则判断道歉真诚与否、要求对方原谅或复合、推断关系一定修复或失败、淡化暴力强迫与现实伤害、平均分配明显不对等的责任；现实安全、具体行为、反例与专业支持优先。,中高,待验证,,provisional=true；M3-REPAIR尚未完成，完成条件为暂定功能模型。,0.7
M4-REPAIR-295,RF05 反馈未整合｜功能路由,L5 修复断链机制,REPAIR-断链机制,通用,路由,RF05,,该机制与一个明确RB盲点、RI事件类型或LP循环相连。,只有共现，没有功能关系。,由共享基础引擎提供；仅修正修复功能的承载、持续与压力占位，不直接等同是否愿意认错或能否修复。,由M1／M2提供；夫妻星只说明伴侣原型与关系资格，不单独证明修复能力、修复意愿或修复结果。,由M3-BASE提供；日支底盘说明亲密关系中自然调用的功能，但不能单独证明修复闭环。,由M3-CONFLICT、M4-LOOP及现实事件提供；必须区分问题停止、责任承担、影响确认、行动改变、反馈整合与后续回访。,由共享基础引擎判定；近位提高相关功能进入亲密关系核心的概率，远位只作背景或阶段修正。,根气只修正某修复功能是否容易重复调用，不等于现实中已经持续改变。,旺弱只修正功能调用强度与占位，不直接等同修复质量、诚意或关系结果。,喜忌只修正功能摩擦、平衡与承载，不直接等同道德、成熟、善恶或是否值得原谅。,原十神功能有效；真合化成立时按化神功能替换，合化争议时停止定性。,近位提高修复议题与亲密关系的直接相关性；远位仅保留背景、阶段或低置信修正。,72,机制证据＋5；反例－4至停止,repair_failure_mechanism,路由用于说明卡点发生在哪一步。,这项卡点要连接到具体事件和缺失节点，而不是单独贴标签。,不得仅凭本规则判断道歉真诚与否、要求对方原谅或复合、推断关系一定修复或失败、淡化暴力强迫与现实伤害、平均分配明显不对等的责任；现实安全、具体行为、反例与专业支持优先。,中高,待验证,,provisional=true；M3-REPAIR尚未完成，完成条件为暂定功能模型。,0.7
M4-REPAIR-296,RF05 反馈未整合｜反例门控,L5 修复断链机制,REPAIR-断链机制,通用,反例,RF05,,检查：反馈已被复述并转成二次调整。,忽略现实中成功修复或合理边界。,由共享基础引擎提供；仅修正修复功能的承载、持续与压力占位，不直接等同是否愿意认错或能否修复。,由M1／M2提供；夫妻星只说明伴侣原型与关系资格，不单独证明修复能力、修复意愿或修复结果。,由M3-BASE提供；日支底盘说明亲密关系中自然调用的功能，但不能单独证明修复闭环。,由M3-CONFLICT、M4-LOOP及现实事件提供；必须区分问题停止、责任承担、影响确认、行动改变、反馈整合与后续回访。,由共享基础引擎判定；近位提高相关功能进入亲密关系核心的概率，远位只作背景或阶段修正。,根气只修正某修复功能是否容易重复调用，不等于现实中已经持续改变。,旺弱只修正功能调用强度与占位，不直接等同修复质量、诚意或关系结果。,喜忌只修正功能摩擦、平衡与承载，不直接等同道德、成熟、善恶或是否值得原谅。,原十神功能有效；真合化成立时按化神功能替换，合化争议时停止定性。,近位提高修复议题与亲密关系的直接相关性；远位仅保留背景、阶段或低置信修正。,88,机制证据＋5；反例－4至停止,repair_failure_mechanism,反例可能使RF候选降级或停止。,若现实中已经通过其他方式完成同一任务，应降低这项判断。,不得仅凭本规则判断道歉真诚与否、要求对方原谅或复合、推断关系一定修复或失败、淡化暴力强迫与现实伤害、平均分配明显不对等的责任；现实安全、具体行为、反例与专业支持优先。,中高,待验证,,provisional=true；M3-REPAIR尚未完成，完成条件为暂定功能模型。,0.7
M4-REPAIR-297,RF05 反馈未整合｜用户输出,L5 修复断链机制,REPAIR-断链机制,通用,输出,RF05,,RF达到E2以上，并完成接收方反馈与安全检查。,资料不足或安全停止。,由共享基础引擎提供；仅修正修复功能的承载、持续与压力占位，不直接等同是否愿意认错或能否修复。,由M1／M2提供；夫妻星只说明伴侣原型与关系资格，不单独证明修复能力、修复意愿或修复结果。,由M3-BASE提供；日支底盘说明亲密关系中自然调用的功能，但不能单独证明修复闭环。,由M3-CONFLICT、M4-LOOP及现实事件提供；必须区分问题停止、责任承担、影响确认、行动改变、反馈整合与后续回访。,由共享基础引擎判定；近位提高相关功能进入亲密关系核心的概率，远位只作背景或阶段修正。,根气只修正某修复功能是否容易重复调用，不等于现实中已经持续改变。,旺弱只修正功能调用强度与占位，不直接等同修复质量、诚意或关系结果。,喜忌只修正功能摩擦、平衡与承载，不直接等同道德、成熟、善恶或是否值得原谅。,原十神功能有效；真合化成立时按化神功能替换，合化争议时停止定性。,近位提高修复议题与亲密关系的直接相关性；远位仅保留背景、阶段或低置信修正。,72,机制证据＋5；反例－4至停止,repair_failure_mechanism,输出说明功能仍有价值，卡点在转换或持续。,修复不是“我已经做了”，而是还要看这一步是否真正回应了对方。,不得仅凭本规则判断道歉真诚与否、要求对方原谅或复合、推断关系一定修复或失败、淡化暴力强迫与现实伤害、平均分配明显不对等的责任；现实安全、具体行为、反例与专业支持优先。,中高,待验证,,provisional=true；M3-REPAIR尚未完成，完成条件为暂定功能模型。,0.7
M4-REPAIR-298,RF05 反馈未整合｜退出条件,L5 修复断链机制,REPAIR-断链机制,通用,保护,RF05,,建立反馈—调整—再次确认。,只给抽象建议，没有可观察步骤。,由共享基础引擎提供；仅修正修复功能的承载、持续与压力占位，不直接等同是否愿意认错或能否修复。,由M1／M2提供；夫妻星只说明伴侣原型与关系资格，不单独证明修复能力、修复意愿或修复结果。,由M3-BASE提供；日支底盘说明亲密关系中自然调用的功能，但不能单独证明修复闭环。,由M3-CONFLICT、M4-LOOP及现实事件提供；必须区分问题停止、责任承担、影响确认、行动改变、反馈整合与后续回访。,由共享基础引擎判定；近位提高相关功能进入亲密关系核心的概率，远位只作背景或阶段修正。,根气只修正某修复功能是否容易重复调用，不等于现实中已经持续改变。,旺弱只修正功能调用强度与占位，不直接等同修复质量、诚意或关系结果。,喜忌只修正功能摩擦、平衡与承载，不直接等同道德、成熟、善恶或是否值得原谅。,原十神功能有效；真合化成立时按化神功能替换，合化争议时停止定性。,近位提高修复议题与亲密关系的直接相关性；远位仅保留背景、阶段或低置信修正。,72,机制证据＋5；反例－4至停止,repair_failure_mechanism,退出条件要直接恢复缺失节点或转换。,关键中断点是：建立反馈—调整—再次确认。,不得仅凭本规则判断道歉真诚与否、要求对方原谅或复合、推断关系一定修复或失败、淡化暴力强迫与现实伤害、平均分配明显不对等的责任；现实安全、具体行为、反例与专业支持优先。,中高,待验证,,provisional=true；M3-REPAIR尚未完成，完成条件为暂定功能模型。,0.7
M4-REPAIR-299,RF06 行动未持续｜机制定义,L5 修复断链机制,REPAIR-断链机制,通用,定义,RF06,,短期改变出现，但在相似情境中无法保持。,只凭十神或一次模糊印象。,由共享基础引擎提供；仅修正修复功能的承载、持续与压力占位，不直接等同是否愿意认错或能否修复。,由M1／M2提供；夫妻星只说明伴侣原型与关系资格，不单独证明修复能力、修复意愿或修复结果。,由M3-BASE提供；日支底盘说明亲密关系中自然调用的功能，但不能单独证明修复闭环。,由M3-CONFLICT、M4-LOOP及现实事件提供；必须区分问题停止、责任承担、影响确认、行动改变、反馈整合与后续回访。,由共享基础引擎判定；近位提高相关功能进入亲密关系核心的概率，远位只作背景或阶段修正。,根气只修正某修复功能是否容易重复调用，不等于现实中已经持续改变。,旺弱只修正功能调用强度与占位，不直接等同修复质量、诚意或关系结果。,喜忌只修正功能摩擦、平衡与承载，不直接等同道德、成熟、善恶或是否值得原谅。,原十神功能有效；真合化成立时按化神功能替换，合化争议时停止定性。,近位提高修复议题与亲密关系的直接相关性；远位仅保留背景、阶段或低置信修正。,72,机制证据＋5；反例－4至停止,repair_failure_mechanism,RF机制描述修复链怎样断开，不等同人格标签。,真正的卡点可能不是没有改变，而是改变没有稳定到足以重新建立信任。,不得仅凭本规则判断道歉真诚与否、要求对方原谅或复合、推断关系一定修复或失败、淡化暴力强迫与现实伤害、平均分配明显不对等的责任；现实安全、具体行为、反例与专业支持优先。,中高,待验证,,provisional=true；M3-REPAIR尚未完成，完成条件为暂定功能模型。,0.7
M4-REPAIR-300,RF06 行动未持续｜识别条件,L5 修复断链机制,REPAIR-断链机制,通用,证据,RF06,,RN08持续性不足或反复回到旧做法。,现实资源变化合理且有重新协商。,由共享基础引擎提供；仅修正修复功能的承载、持续与压力占位，不直接等同是否愿意认错或能否修复。,由M1／M2提供；夫妻星只说明伴侣原型与关系资格，不单独证明修复能力、修复意愿或修复结果。,由M3-BASE提供；日支底盘说明亲密关系中自然调用的功能，但不能单独证明修复闭环。,由M3-CONFLICT、M4-LOOP及现实事件提供；必须区分问题停止、责任承担、影响确认、行动改变、反馈整合与后续回访。,由共享基础引擎判定；近位提高相关功能进入亲密关系核心的概率，远位只作背景或阶段修正。,根气只修正某修复功能是否容易重复调用，不等于现实中已经持续改变。,旺弱只修正功能调用强度与占位，不直接等同修复质量、诚意或关系结果。,喜忌只修正功能摩擦、平衡与承载，不直接等同道德、成熟、善恶或是否值得原谅。,原十神功能有效；真合化成立时按化神功能替换，合化争议时停止定性。,近位提高修复议题与亲密关系的直接相关性；远位仅保留背景、阶段或低置信修正。,88,机制证据＋5；反例－4至停止,repair_failure_mechanism,必须有现实事件顺序和节点证据。,需要检查：RN08持续性不足或反复回到旧做法。,不得仅凭本规则判断道歉真诚与否、要求对方原谅或复合、推断关系一定修复或失败、淡化暴力强迫与现实伤害、平均分配明显不对等的责任；现实安全、具体行为、反例与专业支持优先。,中高,待验证,,provisional=true；M3-REPAIR尚未完成，完成条件为暂定功能模型。,0.7
M4-REPAIR-301,RF06 行动未持续｜功能路由,L5 修复断链机制,REPAIR-断链机制,通用,路由,RF06,,该机制与一个明确RB盲点、RI事件类型或LP循环相连。,只有共现，没有功能关系。,由共享基础引擎提供；仅修正修复功能的承载、持续与压力占位，不直接等同是否愿意认错或能否修复。,由M1／M2提供；夫妻星只说明伴侣原型与关系资格，不单独证明修复能力、修复意愿或修复结果。,由M3-BASE提供；日支底盘说明亲密关系中自然调用的功能，但不能单独证明修复闭环。,由M3-CONFLICT、M4-LOOP及现实事件提供；必须区分问题停止、责任承担、影响确认、行动改变、反馈整合与后续回访。,由共享基础引擎判定；近位提高相关功能进入亲密关系核心的概率，远位只作背景或阶段修正。,根气只修正某修复功能是否容易重复调用，不等于现实中已经持续改变。,旺弱只修正功能调用强度与占位，不直接等同修复质量、诚意或关系结果。,喜忌只修正功能摩擦、平衡与承载，不直接等同道德、成熟、善恶或是否值得原谅。,原十神功能有效；真合化成立时按化神功能替换，合化争议时停止定性。,近位提高修复议题与亲密关系的直接相关性；远位仅保留背景、阶段或低置信修正。,72,机制证据＋5；反例－4至停止,repair_failure_mechanism,路由用于说明卡点发生在哪一步。,这项卡点要连接到具体事件和缺失节点，而不是单独贴标签。,不得仅凭本规则判断道歉真诚与否、要求对方原谅或复合、推断关系一定修复或失败、淡化暴力强迫与现实伤害、平均分配明显不对等的责任；现实安全、具体行为、反例与专业支持优先。,中高,待验证,,provisional=true；M3-REPAIR尚未完成，完成条件为暂定功能模型。,0.7
M4-REPAIR-302,RF06 行动未持续｜反例门控,L5 修复断链机制,REPAIR-断链机制,通用,反例,RF06,,检查：现实资源变化合理且有重新协商。,忽略现实中成功修复或合理边界。,由共享基础引擎提供；仅修正修复功能的承载、持续与压力占位，不直接等同是否愿意认错或能否修复。,由M1／M2提供；夫妻星只说明伴侣原型与关系资格，不单独证明修复能力、修复意愿或修复结果。,由M3-BASE提供；日支底盘说明亲密关系中自然调用的功能，但不能单独证明修复闭环。,由M3-CONFLICT、M4-LOOP及现实事件提供；必须区分问题停止、责任承担、影响确认、行动改变、反馈整合与后续回访。,由共享基础引擎判定；近位提高相关功能进入亲密关系核心的概率，远位只作背景或阶段修正。,根气只修正某修复功能是否容易重复调用，不等于现实中已经持续改变。,旺弱只修正功能调用强度与占位，不直接等同修复质量、诚意或关系结果。,喜忌只修正功能摩擦、平衡与承载，不直接等同道德、成熟、善恶或是否值得原谅。,原十神功能有效；真合化成立时按化神功能替换，合化争议时停止定性。,近位提高修复议题与亲密关系的直接相关性；远位仅保留背景、阶段或低置信修正。,88,机制证据＋5；反例－4至停止,repair_failure_mechanism,反例可能使RF候选降级或停止。,若现实中已经通过其他方式完成同一任务，应降低这项判断。,不得仅凭本规则判断道歉真诚与否、要求对方原谅或复合、推断关系一定修复或失败、淡化暴力强迫与现实伤害、平均分配明显不对等的责任；现实安全、具体行为、反例与专业支持优先。,中高,待验证,,provisional=true；M3-REPAIR尚未完成，完成条件为暂定功能模型。,0.7
M4-REPAIR-303,RF06 行动未持续｜用户输出,L5 修复断链机制,REPAIR-断链机制,通用,输出,RF06,,RF达到E2以上，并完成接收方反馈与安全检查。,资料不足或安全停止。,由共享基础引擎提供；仅修正修复功能的承载、持续与压力占位，不直接等同是否愿意认错或能否修复。,由M1／M2提供；夫妻星只说明伴侣原型与关系资格，不单独证明修复能力、修复意愿或修复结果。,由M3-BASE提供；日支底盘说明亲密关系中自然调用的功能，但不能单独证明修复闭环。,由M3-CONFLICT、M4-LOOP及现实事件提供；必须区分问题停止、责任承担、影响确认、行动改变、反馈整合与后续回访。,由共享基础引擎判定；近位提高相关功能进入亲密关系核心的概率，远位只作背景或阶段修正。,根气只修正某修复功能是否容易重复调用，不等于现实中已经持续改变。,旺弱只修正功能调用强度与占位，不直接等同修复质量、诚意或关系结果。,喜忌只修正功能摩擦、平衡与承载，不直接等同道德、成熟、善恶或是否值得原谅。,原十神功能有效；真合化成立时按化神功能替换，合化争议时停止定性。,近位提高修复议题与亲密关系的直接相关性；远位仅保留背景、阶段或低置信修正。,72,机制证据＋5；反例－4至停止,repair_failure_mechanism,输出说明功能仍有价值，卡点在转换或持续。,真正的卡点可能不是没有改变，而是改变没有稳定到足以重新建立信任。,不得仅凭本规则判断道歉真诚与否、要求对方原谅或复合、推断关系一定修复或失败、淡化暴力强迫与现实伤害、平均分配明显不对等的责任；现实安全、具体行为、反例与专业支持优先。,中高,待验证,,provisional=true；M3-REPAIR尚未完成，完成条件为暂定功能模型。,0.7
M4-REPAIR-304,RF06 行动未持续｜退出条件,L5 修复断链机制,REPAIR-断链机制,通用,保护,RF06,,设置跨时间观察、相似情境和回访点。,只给抽象建议，没有可观察步骤。,由共享基础引擎提供；仅修正修复功能的承载、持续与压力占位，不直接等同是否愿意认错或能否修复。,由M1／M2提供；夫妻星只说明伴侣原型与关系资格，不单独证明修复能力、修复意愿或修复结果。,由M3-BASE提供；日支底盘说明亲密关系中自然调用的功能，但不能单独证明修复闭环。,由M3-CONFLICT、M4-LOOP及现实事件提供；必须区分问题停止、责任承担、影响确认、行动改变、反馈整合与后续回访。,由共享基础引擎判定；近位提高相关功能进入亲密关系核心的概率，远位只作背景或阶段修正。,根气只修正某修复功能是否容易重复调用，不等于现实中已经持续改变。,旺弱只修正功能调用强度与占位，不直接等同修复质量、诚意或关系结果。,喜忌只修正功能摩擦、平衡与承载，不直接等同道德、成熟、善恶或是否值得原谅。,原十神功能有效；真合化成立时按化神功能替换，合化争议时停止定性。,近位提高修复议题与亲密关系的直接相关性；远位仅保留背景、阶段或低置信修正。,72,机制证据＋5；反例－4至停止,repair_failure_mechanism,退出条件要直接恢复缺失节点或转换。,关键中断点是：设置跨时间观察、相似情境和回访点。,不得仅凭本规则判断道歉真诚与否、要求对方原谅或复合、推断关系一定修复或失败、淡化暴力强迫与现实伤害、平均分配明显不对等的责任；现实安全、具体行为、反例与专业支持优先。,中高,待验证,,provisional=true；M3-REPAIR尚未完成，完成条件为暂定功能模型。,0.7
M4-REPAIR-305,RF07 复发未复盘｜机制定义,L5 修复断链机制,REPAIR-断链机制,通用,定义,RF07,,同一循环再次出现，却重复上一次的道歉、解释或补救。,只凭十神或一次模糊印象。,由共享基础引擎提供；仅修正修复功能的承载、持续与压力占位，不直接等同是否愿意认错或能否修复。,由M1／M2提供；夫妻星只说明伴侣原型与关系资格，不单独证明修复能力、修复意愿或修复结果。,由M3-BASE提供；日支底盘说明亲密关系中自然调用的功能，但不能单独证明修复闭环。,由M3-CONFLICT、M4-LOOP及现实事件提供；必须区分问题停止、责任承担、影响确认、行动改变、反馈整合与后续回访。,由共享基础引擎判定；近位提高相关功能进入亲密关系核心的概率，远位只作背景或阶段修正。,根气只修正某修复功能是否容易重复调用，不等于现实中已经持续改变。,旺弱只修正功能调用强度与占位，不直接等同修复质量、诚意或关系结果。,喜忌只修正功能摩擦、平衡与承载，不直接等同道德、成熟、善恶或是否值得原谅。,原十神功能有效；真合化成立时按化神功能替换，合化争议时停止定性。,近位提高修复议题与亲密关系的直接相关性；远位仅保留背景、阶段或低置信修正。,72,机制证据＋5；反例－4至停止,repair_failure_mechanism,RF机制描述修复链怎样断开，不等同人格标签。,重复问题需要修复“为什么上次修复没有生效”，而不只是再次处理表面事件。,不得仅凭本规则判断道歉真诚与否、要求对方原谅或复合、推断关系一定修复或失败、淡化暴力强迫与现实伤害、平均分配明显不对等的责任；现实安全、具体行为、反例与专业支持优先。,中高,待验证,,provisional=true；M3-REPAIR尚未完成，完成条件为暂定功能模型。,0.7
M4-REPAIR-306,RF07 复发未复盘｜识别条件,L5 修复断链机制,REPAIR-断链机制,通用,证据,RF07,,LP复发后没有分析旧修复在哪一步失效。,每次复发后都有结构复盘和新方案。,由共享基础引擎提供；仅修正修复功能的承载、持续与压力占位，不直接等同是否愿意认错或能否修复。,由M1／M2提供；夫妻星只说明伴侣原型与关系资格，不单独证明修复能力、修复意愿或修复结果。,由M3-BASE提供；日支底盘说明亲密关系中自然调用的功能，但不能单独证明修复闭环。,由M3-CONFLICT、M4-LOOP及现实事件提供；必须区分问题停止、责任承担、影响确认、行动改变、反馈整合与后续回访。,由共享基础引擎判定；近位提高相关功能进入亲密关系核心的概率，远位只作背景或阶段修正。,根气只修正某修复功能是否容易重复调用，不等于现实中已经持续改变。,旺弱只修正功能调用强度与占位，不直接等同修复质量、诚意或关系结果。,喜忌只修正功能摩擦、平衡与承载，不直接等同道德、成熟、善恶或是否值得原谅。,原十神功能有效；真合化成立时按化神功能替换，合化争议时停止定性。,近位提高修复议题与亲密关系的直接相关性；远位仅保留背景、阶段或低置信修正。,88,机制证据＋5；反例－4至停止,repair_failure_mechanism,必须有现实事件顺序和节点证据。,需要检查：LP复发后没有分析旧修复在哪一步失效。,不得仅凭本规则判断道歉真诚与否、要求对方原谅或复合、推断关系一定修复或失败、淡化暴力强迫与现实伤害、平均分配明显不对等的责任；现实安全、具体行为、反例与专业支持优先。,中高,待验证,,provisional=true；M3-REPAIR尚未完成，完成条件为暂定功能模型。,0.7
M4-REPAIR-307,RF07 复发未复盘｜功能路由,L5 修复断链机制,REPAIR-断链机制,通用,路由,RF07,,该机制与一个明确RB盲点、RI事件类型或LP循环相连。,只有共现，没有功能关系。,由共享基础引擎提供；仅修正修复功能的承载、持续与压力占位，不直接等同是否愿意认错或能否修复。,由M1／M2提供；夫妻星只说明伴侣原型与关系资格，不单独证明修复能力、修复意愿或修复结果。,由M3-BASE提供；日支底盘说明亲密关系中自然调用的功能，但不能单独证明修复闭环。,由M3-CONFLICT、M4-LOOP及现实事件提供；必须区分问题停止、责任承担、影响确认、行动改变、反馈整合与后续回访。,由共享基础引擎判定；近位提高相关功能进入亲密关系核心的概率，远位只作背景或阶段修正。,根气只修正某修复功能是否容易重复调用，不等于现实中已经持续改变。,旺弱只修正功能调用强度与占位，不直接等同修复质量、诚意或关系结果。,喜忌只修正功能摩擦、平衡与承载，不直接等同道德、成熟、善恶或是否值得原谅。,原十神功能有效；真合化成立时按化神功能替换，合化争议时停止定性。,近位提高修复议题与亲密关系的直接相关性；远位仅保留背景、阶段或低置信修正。,72,机制证据＋5；反例－4至停止,repair_failure_mechanism,路由用于说明卡点发生在哪一步。,这项卡点要连接到具体事件和缺失节点，而不是单独贴标签。,不得仅凭本规则判断道歉真诚与否、要求对方原谅或复合、推断关系一定修复或失败、淡化暴力强迫与现实伤害、平均分配明显不对等的责任；现实安全、具体行为、反例与专业支持优先。,中高,待验证,,provisional=true；M3-REPAIR尚未完成，完成条件为暂定功能模型。,0.7
M4-REPAIR-308,RF07 复发未复盘｜反例门控,L5 修复断链机制,REPAIR-断链机制,通用,反例,RF07,,检查：每次复发后都有结构复盘和新方案。,忽略现实中成功修复或合理边界。,由共享基础引擎提供；仅修正修复功能的承载、持续与压力占位，不直接等同是否愿意认错或能否修复。,由M1／M2提供；夫妻星只说明伴侣原型与关系资格，不单独证明修复能力、修复意愿或修复结果。,由M3-BASE提供；日支底盘说明亲密关系中自然调用的功能，但不能单独证明修复闭环。,由M3-CONFLICT、M4-LOOP及现实事件提供；必须区分问题停止、责任承担、影响确认、行动改变、反馈整合与后续回访。,由共享基础引擎判定；近位提高相关功能进入亲密关系核心的概率，远位只作背景或阶段修正。,根气只修正某修复功能是否容易重复调用，不等于现实中已经持续改变。,旺弱只修正功能调用强度与占位，不直接等同修复质量、诚意或关系结果。,喜忌只修正功能摩擦、平衡与承载，不直接等同道德、成熟、善恶或是否值得原谅。,原十神功能有效；真合化成立时按化神功能替换，合化争议时停止定性。,近位提高修复议题与亲密关系的直接相关性；远位仅保留背景、阶段或低置信修正。,88,机制证据＋5；反例－4至停止,repair_failure_mechanism,反例可能使RF候选降级或停止。,若现实中已经通过其他方式完成同一任务，应降低这项判断。,不得仅凭本规则判断道歉真诚与否、要求对方原谅或复合、推断关系一定修复或失败、淡化暴力强迫与现实伤害、平均分配明显不对等的责任；现实安全、具体行为、反例与专业支持优先。,中高,待验证,,provisional=true；M3-REPAIR尚未完成，完成条件为暂定功能模型。,0.7
M4-REPAIR-309,RF07 复发未复盘｜用户输出,L5 修复断链机制,REPAIR-断链机制,通用,输出,RF07,,RF达到E2以上，并完成接收方反馈与安全检查。,资料不足或安全停止。,由共享基础引擎提供；仅修正修复功能的承载、持续与压力占位，不直接等同是否愿意认错或能否修复。,由M1／M2提供；夫妻星只说明伴侣原型与关系资格，不单独证明修复能力、修复意愿或修复结果。,由M3-BASE提供；日支底盘说明亲密关系中自然调用的功能，但不能单独证明修复闭环。,由M3-CONFLICT、M4-LOOP及现实事件提供；必须区分问题停止、责任承担、影响确认、行动改变、反馈整合与后续回访。,由共享基础引擎判定；近位提高相关功能进入亲密关系核心的概率，远位只作背景或阶段修正。,根气只修正某修复功能是否容易重复调用，不等于现实中已经持续改变。,旺弱只修正功能调用强度与占位，不直接等同修复质量、诚意或关系结果。,喜忌只修正功能摩擦、平衡与承载，不直接等同道德、成熟、善恶或是否值得原谅。,原十神功能有效；真合化成立时按化神功能替换，合化争议时停止定性。,近位提高修复议题与亲密关系的直接相关性；远位仅保留背景、阶段或低置信修正。,72,机制证据＋5；反例－4至停止,repair_failure_mechanism,输出说明功能仍有价值，卡点在转换或持续。,重复问题需要修复“为什么上次修复没有生效”，而不只是再次处理表面事件。,不得仅凭本规则判断道歉真诚与否、要求对方原谅或复合、推断关系一定修复或失败、淡化暴力强迫与现实伤害、平均分配明显不对等的责任；现实安全、具体行为、反例与专业支持优先。,中高,待验证,,provisional=true；M3-REPAIR尚未完成，完成条件为暂定功能模型。,0.7
M4-REPAIR-310,RF07 复发未复盘｜退出条件,L5 修复断链机制,REPAIR-断链机制,通用,保护,RF07,,对照上次修复链，找出未完成节点。,只给抽象建议，没有可观察步骤。,由共享基础引擎提供；仅修正修复功能的承载、持续与压力占位，不直接等同是否愿意认错或能否修复。,由M1／M2提供；夫妻星只说明伴侣原型与关系资格，不单独证明修复能力、修复意愿或修复结果。,由M3-BASE提供；日支底盘说明亲密关系中自然调用的功能，但不能单独证明修复闭环。,由M3-CONFLICT、M4-LOOP及现实事件提供；必须区分问题停止、责任承担、影响确认、行动改变、反馈整合与后续回访。,由共享基础引擎判定；近位提高相关功能进入亲密关系核心的概率，远位只作背景或阶段修正。,根气只修正某修复功能是否容易重复调用，不等于现实中已经持续改变。,旺弱只修正功能调用强度与占位，不直接等同修复质量、诚意或关系结果。,喜忌只修正功能摩擦、平衡与承载，不直接等同道德、成熟、善恶或是否值得原谅。,原十神功能有效；真合化成立时按化神功能替换，合化争议时停止定性。,近位提高修复议题与亲密关系的直接相关性；远位仅保留背景、阶段或低置信修正。,72,机制证据＋5；反例－4至停止,repair_failure_mechanism,退出条件要直接恢复缺失节点或转换。,关键中断点是：对照上次修复链，找出未完成节点。,不得仅凭本规则判断道歉真诚与否、要求对方原谅或复合、推断关系一定修复或失败、淡化暴力强迫与现实伤害、平均分配明显不对等的责任；现实安全、具体行为、反例与专业支持优先。,中高,待验证,,provisional=true；M3-REPAIR尚未完成，完成条件为暂定功能模型。,0.7
M4-REPAIR-311,RF08 安全与责任门控失效｜机制定义,L5 修复断链机制,REPAIR-断链机制,通用,定义,RF08,,在明显伤害、强迫或权力不对等中使用普通互相理解和双方负责框架。,只凭十神或一次模糊印象。,由共享基础引擎提供；仅修正修复功能的承载、持续与压力占位，不直接等同是否愿意认错或能否修复。,由M1／M2提供；夫妻星只说明伴侣原型与关系资格，不单独证明修复能力、修复意愿或修复结果。,由M3-BASE提供；日支底盘说明亲密关系中自然调用的功能，但不能单独证明修复闭环。,由M3-CONFLICT、M4-LOOP及现实事件提供；必须区分问题停止、责任承担、影响确认、行动改变、反馈整合与后续回访。,由共享基础引擎判定；近位提高相关功能进入亲密关系核心的概率，远位只作背景或阶段修正。,根气只修正某修复功能是否容易重复调用，不等于现实中已经持续改变。,旺弱只修正功能调用强度与占位，不直接等同修复质量、诚意或关系结果。,喜忌只修正功能摩擦、平衡与承载，不直接等同道德、成熟、善恶或是否值得原谅。,原十神功能有效；真合化成立时按化神功能替换，合化争议时停止定性。,近位提高修复议题与亲密关系的直接相关性；远位仅保留背景、阶段或低置信修正。,72,机制证据＋5；反例－4至停止,repair_failure_mechanism,RF机制描述修复链怎样断开，不等同人格标签。,此时的重点不是提高沟通技巧，而是停止伤害、明确责任和保护选择权。,不得仅凭本规则判断道歉真诚与否、要求对方原谅或复合、推断关系一定修复或失败、淡化暴力强迫与现实伤害、平均分配明显不对等的责任；现实安全、具体行为、反例与专业支持优先。,中高,待验证,,provisional=true；M3-REPAIR尚未完成，完成条件为暂定功能模型。,0.7
M4-REPAIR-312,RF08 安全与责任门控失效｜识别条件,L5 修复断链机制,REPAIR-断链机制,通用,证据,RF08,,安全事实存在，责任却被平均，接收方被要求配合修复。,不存在安全风险且双方有真实平等选择。,由共享基础引擎提供；仅修正修复功能的承载、持续与压力占位，不直接等同是否愿意认错或能否修复。,由M1／M2提供；夫妻星只说明伴侣原型与关系资格，不单独证明修复能力、修复意愿或修复结果。,由M3-BASE提供；日支底盘说明亲密关系中自然调用的功能，但不能单独证明修复闭环。,由M3-CONFLICT、M4-LOOP及现实事件提供；必须区分问题停止、责任承担、影响确认、行动改变、反馈整合与后续回访。,由共享基础引擎判定；近位提高相关功能进入亲密关系核心的概率，远位只作背景或阶段修正。,根气只修正某修复功能是否容易重复调用，不等于现实中已经持续改变。,旺弱只修正功能调用强度与占位，不直接等同修复质量、诚意或关系结果。,喜忌只修正功能摩擦、平衡与承载，不直接等同道德、成熟、善恶或是否值得原谅。,原十神功能有效；真合化成立时按化神功能替换，合化争议时停止定性。,近位提高修复议题与亲密关系的直接相关性；远位仅保留背景、阶段或低置信修正。,88,机制证据＋5；反例－4至停止,repair_failure_mechanism,必须有现实事件顺序和节点证据。,需要检查：安全事实存在，责任却被平均，接收方被要求配合修复。,不得仅凭本规则判断道歉真诚与否、要求对方原谅或复合、推断关系一定修复或失败、淡化暴力强迫与现实伤害、平均分配明显不对等的责任；现实安全、具体行为、反例与专业支持优先。,中高,待验证,,provisional=true；M3-REPAIR尚未完成，完成条件为暂定功能模型。,0.7
M4-REPAIR-313,RF08 安全与责任门控失效｜功能路由,L5 修复断链机制,REPAIR-断链机制,通用,路由,RF08,,该机制与一个明确RB盲点、RI事件类型或LP循环相连。,只有共现，没有功能关系。,由共享基础引擎提供；仅修正修复功能的承载、持续与压力占位，不直接等同是否愿意认错或能否修复。,由M1／M2提供；夫妻星只说明伴侣原型与关系资格，不单独证明修复能力、修复意愿或修复结果。,由M3-BASE提供；日支底盘说明亲密关系中自然调用的功能，但不能单独证明修复闭环。,由M3-CONFLICT、M4-LOOP及现实事件提供；必须区分问题停止、责任承担、影响确认、行动改变、反馈整合与后续回访。,由共享基础引擎判定；近位提高相关功能进入亲密关系核心的概率，远位只作背景或阶段修正。,根气只修正某修复功能是否容易重复调用，不等于现实中已经持续改变。,旺弱只修正功能调用强度与占位，不直接等同修复质量、诚意或关系结果。,喜忌只修正功能摩擦、平衡与承载，不直接等同道德、成熟、善恶或是否值得原谅。,原十神功能有效；真合化成立时按化神功能替换，合化争议时停止定性。,近位提高修复议题与亲密关系的直接相关性；远位仅保留背景、阶段或低置信修正。,72,机制证据＋5；反例－4至停止,repair_failure_mechanism,路由用于说明卡点发生在哪一步。,这项卡点要连接到具体事件和缺失节点，而不是单独贴标签。,不得仅凭本规则判断道歉真诚与否、要求对方原谅或复合、推断关系一定修复或失败、淡化暴力强迫与现实伤害、平均分配明显不对等的责任；现实安全、具体行为、反例与专业支持优先。,中高,待验证,,provisional=true；M3-REPAIR尚未完成，完成条件为暂定功能模型。,0.7
M4-REPAIR-314,RF08 安全与责任门控失效｜反例门控,L5 修复断链机制,REPAIR-断链机制,通用,反例,RF08,,检查：不存在安全风险且双方有真实平等选择。,忽略现实中成功修复或合理边界。,由共享基础引擎提供；仅修正修复功能的承载、持续与压力占位，不直接等同是否愿意认错或能否修复。,由M1／M2提供；夫妻星只说明伴侣原型与关系资格，不单独证明修复能力、修复意愿或修复结果。,由M3-BASE提供；日支底盘说明亲密关系中自然调用的功能，但不能单独证明修复闭环。,由M3-CONFLICT、M4-LOOP及现实事件提供；必须区分问题停止、责任承担、影响确认、行动改变、反馈整合与后续回访。,由共享基础引擎判定；近位提高相关功能进入亲密关系核心的概率，远位只作背景或阶段修正。,根气只修正某修复功能是否容易重复调用，不等于现实中已经持续改变。,旺弱只修正功能调用强度与占位，不直接等同修复质量、诚意或关系结果。,喜忌只修正功能摩擦、平衡与承载，不直接等同道德、成熟、善恶或是否值得原谅。,原十神功能有效；真合化成立时按化神功能替换，合化争议时停止定性。,近位提高修复议题与亲密关系的直接相关性；远位仅保留背景、阶段或低置信修正。,88,机制证据＋5；反例－4至停止,repair_failure_mechanism,反例可能使RF候选降级或停止。,若现实中已经通过其他方式完成同一任务，应降低这项判断。,不得仅凭本规则判断道歉真诚与否、要求对方原谅或复合、推断关系一定修复或失败、淡化暴力强迫与现实伤害、平均分配明显不对等的责任；现实安全、具体行为、反例与专业支持优先。,中高,待验证,,provisional=true；M3-REPAIR尚未完成，完成条件为暂定功能模型。,0.7
M4-REPAIR-315,RF08 安全与责任门控失效｜用户输出,L5 修复断链机制,REPAIR-断链机制,通用,输出,RF08,,RF达到E2以上，并完成接收方反馈与安全检查。,资料不足或安全停止。,由共享基础引擎提供；仅修正修复功能的承载、持续与压力占位，不直接等同是否愿意认错或能否修复。,由M1／M2提供；夫妻星只说明伴侣原型与关系资格，不单独证明修复能力、修复意愿或修复结果。,由M3-BASE提供；日支底盘说明亲密关系中自然调用的功能，但不能单独证明修复闭环。,由M3-CONFLICT、M4-LOOP及现实事件提供；必须区分问题停止、责任承担、影响确认、行动改变、反馈整合与后续回访。,由共享基础引擎判定；近位提高相关功能进入亲密关系核心的概率，远位只作背景或阶段修正。,根气只修正某修复功能是否容易重复调用，不等于现实中已经持续改变。,旺弱只修正功能调用强度与占位，不直接等同修复质量、诚意或关系结果。,喜忌只修正功能摩擦、平衡与承载，不直接等同道德、成熟、善恶或是否值得原谅。,原十神功能有效；真合化成立时按化神功能替换，合化争议时停止定性。,近位提高修复议题与亲密关系的直接相关性；远位仅保留背景、阶段或低置信修正。,72,机制证据＋5；反例－4至停止,repair_failure_mechanism,输出说明功能仍有价值，卡点在转换或持续。,此时的重点不是提高沟通技巧，而是停止伤害、明确责任和保护选择权。,不得仅凭本规则判断道歉真诚与否、要求对方原谅或复合、推断关系一定修复或失败、淡化暴力强迫与现实伤害、平均分配明显不对等的责任；现实安全、具体行为、反例与专业支持优先。,中高,待验证,,provisional=true；M3-REPAIR尚未完成，完成条件为暂定功能模型。,0.7
M4-REPAIR-316,RF08 安全与责任门控失效｜退出条件,L5 修复断链机制,REPAIR-断链机制,通用,保护,RF08,,停止普通修复路由，优先安全、问责和外部支持。,只给抽象建议，没有可观察步骤。,由共享基础引擎提供；仅修正修复功能的承载、持续与压力占位，不直接等同是否愿意认错或能否修复。,由M1／M2提供；夫妻星只说明伴侣原型与关系资格，不单独证明修复能力、修复意愿或修复结果。,由M3-BASE提供；日支底盘说明亲密关系中自然调用的功能，但不能单独证明修复闭环。,由M3-CONFLICT、M4-LOOP及现实事件提供；必须区分问题停止、责任承担、影响确认、行动改变、反馈整合与后续回访。,由共享基础引擎判定；近位提高相关功能进入亲密关系核心的概率，远位只作背景或阶段修正。,根气只修正某修复功能是否容易重复调用，不等于现实中已经持续改变。,旺弱只修正功能调用强度与占位，不直接等同修复质量、诚意或关系结果。,喜忌只修正功能摩擦、平衡与承载，不直接等同道德、成熟、善恶或是否值得原谅。,原十神功能有效；真合化成立时按化神功能替换，合化争议时停止定性。,近位提高修复议题与亲密关系的直接相关性；远位仅保留背景、阶段或低置信修正。,72,机制证据＋5；反例－4至停止,repair_failure_mechanism,退出条件要直接恢复缺失节点或转换。,关键中断点是：停止普通修复路由，优先安全、问责和外部支持。,不得仅凭本规则判断道歉真诚与否、要求对方原谅或复合、推断关系一定修复或失败、淡化暴力强迫与现实伤害、平均分配明显不对等的责任；现实安全、具体行为、反例与专业支持优先。,中高,待验证,,provisional=true；M3-REPAIR尚未完成，完成条件为暂定功能模型。,0.7
M4-REPAIR-317,RV0 无修复资料｜证据定义,L6 现实证据深度,REPAIR-证据深度,通用,定义,RV0,,没有具体修复言语、行动、反馈或后续资料。,把同一事件重复叙述当独立资料。,由共享基础引擎提供；仅修正修复功能的承载、持续与压力占位，不直接等同是否愿意认错或能否修复。,由M1／M2提供；夫妻星只说明伴侣原型与关系资格，不单独证明修复能力、修复意愿或修复结果。,由M3-BASE提供；日支底盘说明亲密关系中自然调用的功能，但不能单独证明修复闭环。,由M3-CONFLICT、M4-LOOP及现实事件提供；必须区分问题停止、责任承担、影响确认、行动改变、反馈整合与后续回访。,由共享基础引擎判定；近位提高相关功能进入亲密关系核心的概率，远位只作背景或阶段修正。,根气只修正某修复功能是否容易重复调用，不等于现实中已经持续改变。,旺弱只修正功能调用强度与占位，不直接等同修复质量、诚意或关系结果。,喜忌只修正功能摩擦、平衡与承载，不直接等同道德、成熟、善恶或是否值得原谅。,原十神功能有效；真合化成立时按化神功能替换，合化争议时停止定性。,近位提高修复议题与亲密关系的直接相关性；远位仅保留背景、阶段或低置信修正。,74,只能停止或描述未知,repair_evidence_depth,RV描述现实修复资料深度，不是统计概率。,无修复资料：没有具体修复言语、行动、反馈或后续资料。,不得仅凭本规则判断道歉真诚与否、要求对方原谅或复合、推断关系一定修复或失败、淡化暴力强迫与现实伤害、平均分配明显不对等的责任；现实安全、具体行为、反例与专业支持优先。,中高,待验证,,provisional=true；M3-REPAIR尚未完成，完成条件为暂定功能模型。,0.7
M4-REPAIR-318,RV0 无修复资料｜发布上限,L6 现实证据深度,REPAIR-证据深度,通用,门控,RV0,,按该层级限制输出：只能停止或描述未知。,由低证据层级越级写修复完成。,由共享基础引擎提供；仅修正修复功能的承载、持续与压力占位，不直接等同是否愿意认错或能否修复。,由M1／M2提供；夫妻星只说明伴侣原型与关系资格，不单独证明修复能力、修复意愿或修复结果。,由M3-BASE提供；日支底盘说明亲密关系中自然调用的功能，但不能单独证明修复闭环。,由M3-CONFLICT、M4-LOOP及现实事件提供；必须区分问题停止、责任承担、影响确认、行动改变、反馈整合与后续回访。,由共享基础引擎判定；近位提高相关功能进入亲密关系核心的概率，远位只作背景或阶段修正。,根气只修正某修复功能是否容易重复调用，不等于现实中已经持续改变。,旺弱只修正功能调用强度与占位，不直接等同修复质量、诚意或关系结果。,喜忌只修正功能摩擦、平衡与承载，不直接等同道德、成熟、善恶或是否值得原谅。,原十神功能有效；真合化成立时按化神功能替换，合化争议时停止定性。,近位提高修复议题与亲密关系的直接相关性；远位仅保留背景、阶段或低置信修正。,90,只能停止或描述未知,repair_evidence_depth,发布强度必须与资料深度一致。,当前最多可以：只能停止或描述未知。,不得仅凭本规则判断道歉真诚与否、要求对方原谅或复合、推断关系一定修复或失败、淡化暴力强迫与现实伤害、平均分配明显不对等的责任；现实安全、具体行为、反例与专业支持优先。,中高,待验证,,provisional=true；M3-REPAIR尚未完成，完成条件为暂定功能模型。,0.7
M4-REPAIR-319,RV0 无修复资料｜升级条件,L6 现实证据深度,REPAIR-证据深度,通用,证据,RV0,,升级需要：补充一件可还原的修复事件。,只有命盘分数或研究者推测。,由共享基础引擎提供；仅修正修复功能的承载、持续与压力占位，不直接等同是否愿意认错或能否修复。,由M1／M2提供；夫妻星只说明伴侣原型与关系资格，不单独证明修复能力、修复意愿或修复结果。,由M3-BASE提供；日支底盘说明亲密关系中自然调用的功能，但不能单独证明修复闭环。,由M3-CONFLICT、M4-LOOP及现实事件提供；必须区分问题停止、责任承担、影响确认、行动改变、反馈整合与后续回访。,由共享基础引擎判定；近位提高相关功能进入亲密关系核心的概率，远位只作背景或阶段修正。,根气只修正某修复功能是否容易重复调用，不等于现实中已经持续改变。,旺弱只修正功能调用强度与占位，不直接等同修复质量、诚意或关系结果。,喜忌只修正功能摩擦、平衡与承载，不直接等同道德、成熟、善恶或是否值得原谅。,原十神功能有效；真合化成立时按化神功能替换，合化争议时停止定性。,近位提高修复议题与亲密关系的直接相关性；远位仅保留背景、阶段或低置信修正。,74,只能停止或描述未知,repair_evidence_depth,升级必须增加新的现实信息，不是重复加权。,下一步需要：补充一件可还原的修复事件。,不得仅凭本规则判断道歉真诚与否、要求对方原谅或复合、推断关系一定修复或失败、淡化暴力强迫与现实伤害、平均分配明显不对等的责任；现实安全、具体行为、反例与专业支持优先。,中高,待验证,,provisional=true；M3-REPAIR尚未完成，完成条件为暂定功能模型。,0.7
M4-REPAIR-320,RV0 无修复资料｜边界与去重,L6 现实证据深度,REPAIR-证据深度,通用,边界,RV0,,完成event_id、source_id和反例检查。,忽略接收方拒绝、安全事实或相反结果。,由共享基础引擎提供；仅修正修复功能的承载、持续与压力占位，不直接等同是否愿意认错或能否修复。,由M1／M2提供；夫妻星只说明伴侣原型与关系资格，不单独证明修复能力、修复意愿或修复结果。,由M3-BASE提供；日支底盘说明亲密关系中自然调用的功能，但不能单独证明修复闭环。,由M3-CONFLICT、M4-LOOP及现实事件提供；必须区分问题停止、责任承担、影响确认、行动改变、反馈整合与后续回访。,由共享基础引擎判定；近位提高相关功能进入亲密关系核心的概率，远位只作背景或阶段修正。,根气只修正某修复功能是否容易重复调用，不等于现实中已经持续改变。,旺弱只修正功能调用强度与占位，不直接等同修复质量、诚意或关系结果。,喜忌只修正功能摩擦、平衡与承载，不直接等同道德、成熟、善恶或是否值得原谅。,原十神功能有效；真合化成立时按化神功能替换，合化争议时停止定性。,近位提高修复议题与亲密关系的直接相关性；远位仅保留背景、阶段或低置信修正。,90,只能停止或描述未知,repair_evidence_depth,同一动作只能计一次基础证据。,同一件事即使在多个模块出现，也不能重复算成多份证据。,不得仅凭本规则判断道歉真诚与否、要求对方原谅或复合、推断关系一定修复或失败、淡化暴力强迫与现实伤害、平均分配明显不对等的责任；现实安全、具体行为、反例与专业支持优先。,中高,待验证,,provisional=true；M3-REPAIR尚未完成，完成条件为暂定功能模型。,0.7
M4-REPAIR-321,RV1 修复标签／自述｜证据定义,L6 现实证据深度,REPAIR-证据深度,通用,定义,RV1,,只有“道歉了”“和好了”“改了”等概括。,把同一事件重复叙述当独立资料。,由共享基础引擎提供；仅修正修复功能的承载、持续与压力占位，不直接等同是否愿意认错或能否修复。,由M1／M2提供；夫妻星只说明伴侣原型与关系资格，不单独证明修复能力、修复意愿或修复结果。,由M3-BASE提供；日支底盘说明亲密关系中自然调用的功能，但不能单独证明修复闭环。,由M3-CONFLICT、M4-LOOP及现实事件提供；必须区分问题停止、责任承担、影响确认、行动改变、反馈整合与后续回访。,由共享基础引擎判定；近位提高相关功能进入亲密关系核心的概率，远位只作背景或阶段修正。,根气只修正某修复功能是否容易重复调用，不等于现实中已经持续改变。,旺弱只修正功能调用强度与占位，不直接等同修复质量、诚意或关系结果。,喜忌只修正功能摩擦、平衡与承载，不直接等同道德、成熟、善恶或是否值得原谅。,原十神功能有效；真合化成立时按化神功能替换，合化争议时停止定性。,近位提高修复议题与亲密关系的直接相关性；远位仅保留背景、阶段或低置信修正。,74,最高只能识别修复尝试标签,repair_evidence_depth,RV描述现实修复资料深度，不是统计概率。,修复标签／自述：只有“道歉了”“和好了”“改了”等概括。,不得仅凭本规则判断道歉真诚与否、要求对方原谅或复合、推断关系一定修复或失败、淡化暴力强迫与现实伤害、平均分配明显不对等的责任；现实安全、具体行为、反例与专业支持优先。,中高,待验证,,provisional=true；M3-REPAIR尚未完成，完成条件为暂定功能模型。,0.7
M4-REPAIR-322,RV1 修复标签／自述｜发布上限,L6 现实证据深度,REPAIR-证据深度,通用,门控,RV1,,按该层级限制输出：最高只能识别修复尝试标签。,由低证据层级越级写修复完成。,由共享基础引擎提供；仅修正修复功能的承载、持续与压力占位，不直接等同是否愿意认错或能否修复。,由M1／M2提供；夫妻星只说明伴侣原型与关系资格，不单独证明修复能力、修复意愿或修复结果。,由M3-BASE提供；日支底盘说明亲密关系中自然调用的功能，但不能单独证明修复闭环。,由M3-CONFLICT、M4-LOOP及现实事件提供；必须区分问题停止、责任承担、影响确认、行动改变、反馈整合与后续回访。,由共享基础引擎判定；近位提高相关功能进入亲密关系核心的概率，远位只作背景或阶段修正。,根气只修正某修复功能是否容易重复调用，不等于现实中已经持续改变。,旺弱只修正功能调用强度与占位，不直接等同修复质量、诚意或关系结果。,喜忌只修正功能摩擦、平衡与承载，不直接等同道德、成熟、善恶或是否值得原谅。,原十神功能有效；真合化成立时按化神功能替换，合化争议时停止定性。,近位提高修复议题与亲密关系的直接相关性；远位仅保留背景、阶段或低置信修正。,90,最高只能识别修复尝试标签,repair_evidence_depth,发布强度必须与资料深度一致。,当前最多可以：最高只能识别修复尝试标签。,不得仅凭本规则判断道歉真诚与否、要求对方原谅或复合、推断关系一定修复或失败、淡化暴力强迫与现实伤害、平均分配明显不对等的责任；现实安全、具体行为、反例与专业支持优先。,中高,待验证,,provisional=true；M3-REPAIR尚未完成，完成条件为暂定功能模型。,0.7
M4-REPAIR-323,RV1 修复标签／自述｜升级条件,L6 现实证据深度,REPAIR-证据深度,通用,证据,RV1,,升级需要：补充具体说了什么、做了什么。,只有命盘分数或研究者推测。,由共享基础引擎提供；仅修正修复功能的承载、持续与压力占位，不直接等同是否愿意认错或能否修复。,由M1／M2提供；夫妻星只说明伴侣原型与关系资格，不单独证明修复能力、修复意愿或修复结果。,由M3-BASE提供；日支底盘说明亲密关系中自然调用的功能，但不能单独证明修复闭环。,由M3-CONFLICT、M4-LOOP及现实事件提供；必须区分问题停止、责任承担、影响确认、行动改变、反馈整合与后续回访。,由共享基础引擎判定；近位提高相关功能进入亲密关系核心的概率，远位只作背景或阶段修正。,根气只修正某修复功能是否容易重复调用，不等于现实中已经持续改变。,旺弱只修正功能调用强度与占位，不直接等同修复质量、诚意或关系结果。,喜忌只修正功能摩擦、平衡与承载，不直接等同道德、成熟、善恶或是否值得原谅。,原十神功能有效；真合化成立时按化神功能替换，合化争议时停止定性。,近位提高修复议题与亲密关系的直接相关性；远位仅保留背景、阶段或低置信修正。,74,最高只能识别修复尝试标签,repair_evidence_depth,升级必须增加新的现实信息，不是重复加权。,下一步需要：补充具体说了什么、做了什么。,不得仅凭本规则判断道歉真诚与否、要求对方原谅或复合、推断关系一定修复或失败、淡化暴力强迫与现实伤害、平均分配明显不对等的责任；现实安全、具体行为、反例与专业支持优先。,中高,待验证,,provisional=true；M3-REPAIR尚未完成，完成条件为暂定功能模型。,0.7
M4-REPAIR-324,RV1 修复标签／自述｜边界与去重,L6 现实证据深度,REPAIR-证据深度,通用,边界,RV1,,完成event_id、source_id和反例检查。,忽略接收方拒绝、安全事实或相反结果。,由共享基础引擎提供；仅修正修复功能的承载、持续与压力占位，不直接等同是否愿意认错或能否修复。,由M1／M2提供；夫妻星只说明伴侣原型与关系资格，不单独证明修复能力、修复意愿或修复结果。,由M3-BASE提供；日支底盘说明亲密关系中自然调用的功能，但不能单独证明修复闭环。,由M3-CONFLICT、M4-LOOP及现实事件提供；必须区分问题停止、责任承担、影响确认、行动改变、反馈整合与后续回访。,由共享基础引擎判定；近位提高相关功能进入亲密关系核心的概率，远位只作背景或阶段修正。,根气只修正某修复功能是否容易重复调用，不等于现实中已经持续改变。,旺弱只修正功能调用强度与占位，不直接等同修复质量、诚意或关系结果。,喜忌只修正功能摩擦、平衡与承载，不直接等同道德、成熟、善恶或是否值得原谅。,原十神功能有效；真合化成立时按化神功能替换，合化争议时停止定性。,近位提高修复议题与亲密关系的直接相关性；远位仅保留背景、阶段或低置信修正。,90,最高只能识别修复尝试标签,repair_evidence_depth,同一动作只能计一次基础证据。,同一件事即使在多个模块出现，也不能重复算成多份证据。,不得仅凭本规则判断道歉真诚与否、要求对方原谅或复合、推断关系一定修复或失败、淡化暴力强迫与现实伤害、平均分配明显不对等的责任；现实安全、具体行为、反例与专业支持优先。,中高,待验证,,provisional=true；M3-REPAIR尚未完成，完成条件为暂定功能模型。,0.7
M4-REPAIR-325,RV2 单一修复动作｜证据定义,L6 现实证据深度,REPAIR-证据深度,通用,定义,RV2,,有一次道歉、解释、安抚、补偿、方案或重联动作。,把同一事件重复叙述当独立资料。,由共享基础引擎提供；仅修正修复功能的承载、持续与压力占位，不直接等同是否愿意认错或能否修复。,由M1／M2提供；夫妻星只说明伴侣原型与关系资格，不单独证明修复能力、修复意愿或修复结果。,由M3-BASE提供；日支底盘说明亲密关系中自然调用的功能，但不能单独证明修复闭环。,由M3-CONFLICT、M4-LOOP及现实事件提供；必须区分问题停止、责任承担、影响确认、行动改变、反馈整合与后续回访。,由共享基础引擎判定；近位提高相关功能进入亲密关系核心的概率，远位只作背景或阶段修正。,根气只修正某修复功能是否容易重复调用，不等于现实中已经持续改变。,旺弱只修正功能调用强度与占位，不直接等同修复质量、诚意或关系结果。,喜忌只修正功能摩擦、平衡与承载，不直接等同道德、成熟、善恶或是否值得原谅。,原十神功能有效；真合化成立时按化神功能替换，合化争议时停止定性。,近位提高修复议题与亲密关系的直接相关性；远位仅保留背景、阶段或低置信修正。,74,可确认单节点，不得写闭环,repair_evidence_depth,RV描述现实修复资料深度，不是统计概率。,单一修复动作：有一次道歉、解释、安抚、补偿、方案或重联动作。,不得仅凭本规则判断道歉真诚与否、要求对方原谅或复合、推断关系一定修复或失败、淡化暴力强迫与现实伤害、平均分配明显不对等的责任；现实安全、具体行为、反例与专业支持优先。,中高,待验证,,provisional=true；M3-REPAIR尚未完成，完成条件为暂定功能模型。,0.7
M4-REPAIR-326,RV2 单一修复动作｜发布上限,L6 现实证据深度,REPAIR-证据深度,通用,门控,RV2,,按该层级限制输出：可确认单节点，不得写闭环。,由低证据层级越级写修复完成。,由共享基础引擎提供；仅修正修复功能的承载、持续与压力占位，不直接等同是否愿意认错或能否修复。,由M1／M2提供；夫妻星只说明伴侣原型与关系资格，不单独证明修复能力、修复意愿或修复结果。,由M3-BASE提供；日支底盘说明亲密关系中自然调用的功能，但不能单独证明修复闭环。,由M3-CONFLICT、M4-LOOP及现实事件提供；必须区分问题停止、责任承担、影响确认、行动改变、反馈整合与后续回访。,由共享基础引擎判定；近位提高相关功能进入亲密关系核心的概率，远位只作背景或阶段修正。,根气只修正某修复功能是否容易重复调用，不等于现实中已经持续改变。,旺弱只修正功能调用强度与占位，不直接等同修复质量、诚意或关系结果。,喜忌只修正功能摩擦、平衡与承载，不直接等同道德、成熟、善恶或是否值得原谅。,原十神功能有效；真合化成立时按化神功能替换，合化争议时停止定性。,近位提高修复议题与亲密关系的直接相关性；远位仅保留背景、阶段或低置信修正。,90,可确认单节点，不得写闭环,repair_evidence_depth,发布强度必须与资料深度一致。,当前最多可以：可确认单节点，不得写闭环。,不得仅凭本规则判断道歉真诚与否、要求对方原谅或复合、推断关系一定修复或失败、淡化暴力强迫与现实伤害、平均分配明显不对等的责任；现实安全、具体行为、反例与专业支持优先。,中高,待验证,,provisional=true；M3-REPAIR尚未完成，完成条件为暂定功能模型。,0.7
M4-REPAIR-327,RV2 单一修复动作｜升级条件,L6 现实证据深度,REPAIR-证据深度,通用,证据,RV2,,升级需要：补充接收方反馈与后续行动。,只有命盘分数或研究者推测。,由共享基础引擎提供；仅修正修复功能的承载、持续与压力占位，不直接等同是否愿意认错或能否修复。,由M1／M2提供；夫妻星只说明伴侣原型与关系资格，不单独证明修复能力、修复意愿或修复结果。,由M3-BASE提供；日支底盘说明亲密关系中自然调用的功能，但不能单独证明修复闭环。,由M3-CONFLICT、M4-LOOP及现实事件提供；必须区分问题停止、责任承担、影响确认、行动改变、反馈整合与后续回访。,由共享基础引擎判定；近位提高相关功能进入亲密关系核心的概率，远位只作背景或阶段修正。,根气只修正某修复功能是否容易重复调用，不等于现实中已经持续改变。,旺弱只修正功能调用强度与占位，不直接等同修复质量、诚意或关系结果。,喜忌只修正功能摩擦、平衡与承载，不直接等同道德、成熟、善恶或是否值得原谅。,原十神功能有效；真合化成立时按化神功能替换，合化争议时停止定性。,近位提高修复议题与亲密关系的直接相关性；远位仅保留背景、阶段或低置信修正。,74,可确认单节点，不得写闭环,repair_evidence_depth,升级必须增加新的现实信息，不是重复加权。,下一步需要：补充接收方反馈与后续行动。,不得仅凭本规则判断道歉真诚与否、要求对方原谅或复合、推断关系一定修复或失败、淡化暴力强迫与现实伤害、平均分配明显不对等的责任；现实安全、具体行为、反例与专业支持优先。,中高,待验证,,provisional=true；M3-REPAIR尚未完成，完成条件为暂定功能模型。,0.7
M4-REPAIR-328,RV2 单一修复动作｜边界与去重,L6 现实证据深度,REPAIR-证据深度,通用,边界,RV2,,完成event_id、source_id和反例检查。,忽略接收方拒绝、安全事实或相反结果。,由共享基础引擎提供；仅修正修复功能的承载、持续与压力占位，不直接等同是否愿意认错或能否修复。,由M1／M2提供；夫妻星只说明伴侣原型与关系资格，不单独证明修复能力、修复意愿或修复结果。,由M3-BASE提供；日支底盘说明亲密关系中自然调用的功能，但不能单独证明修复闭环。,由M3-CONFLICT、M4-LOOP及现实事件提供；必须区分问题停止、责任承担、影响确认、行动改变、反馈整合与后续回访。,由共享基础引擎判定；近位提高相关功能进入亲密关系核心的概率，远位只作背景或阶段修正。,根气只修正某修复功能是否容易重复调用，不等于现实中已经持续改变。,旺弱只修正功能调用强度与占位，不直接等同修复质量、诚意或关系结果。,喜忌只修正功能摩擦、平衡与承载，不直接等同道德、成熟、善恶或是否值得原谅。,原十神功能有效；真合化成立时按化神功能替换，合化争议时停止定性。,近位提高修复议题与亲密关系的直接相关性；远位仅保留背景、阶段或低置信修正。,90,可确认单节点，不得写闭环,repair_evidence_depth,同一动作只能计一次基础证据。,同一件事即使在多个模块出现，也不能重复算成多份证据。,不得仅凭本规则判断道歉真诚与否、要求对方原谅或复合、推断关系一定修复或失败、淡化暴力强迫与现实伤害、平均分配明显不对等的责任；现实安全、具体行为、反例与专业支持优先。,中高,待验证,,provisional=true；M3-REPAIR尚未完成，完成条件为暂定功能模型。,0.7
M4-REPAIR-329,RV3 多节点事件链｜证据定义,L6 现实证据深度,REPAIR-证据深度,通用,定义,RV3,,同一事件中至少三个修复节点及顺序清楚。,把同一事件重复叙述当独立资料。,由共享基础引擎提供；仅修正修复功能的承载、持续与压力占位，不直接等同是否愿意认错或能否修复。,由M1／M2提供；夫妻星只说明伴侣原型与关系资格，不单独证明修复能力、修复意愿或修复结果。,由M3-BASE提供；日支底盘说明亲密关系中自然调用的功能，但不能单独证明修复闭环。,由M3-CONFLICT、M4-LOOP及现实事件提供；必须区分问题停止、责任承担、影响确认、行动改变、反馈整合与后续回访。,由共享基础引擎判定；近位提高相关功能进入亲密关系核心的概率，远位只作背景或阶段修正。,根气只修正某修复功能是否容易重复调用，不等于现实中已经持续改变。,旺弱只修正功能调用强度与占位，不直接等同修复质量、诚意或关系结果。,喜忌只修正功能摩擦、平衡与承载，不直接等同道德、成熟、善恶或是否值得原谅。,原十神功能有效；真合化成立时按化神功能替换，合化争议时停止定性。,近位提高修复议题与亲密关系的直接相关性；远位仅保留背景、阶段或低置信修正。,74,可判断部分修复和初步卡点,repair_evidence_depth,RV描述现实修复资料深度，不是统计概率。,多节点事件链：同一事件中至少三个修复节点及顺序清楚。,不得仅凭本规则判断道歉真诚与否、要求对方原谅或复合、推断关系一定修复或失败、淡化暴力强迫与现实伤害、平均分配明显不对等的责任；现实安全、具体行为、反例与专业支持优先。,中高,待验证,,provisional=true；M3-REPAIR尚未完成，完成条件为暂定功能模型。,0.7
M4-REPAIR-330,RV3 多节点事件链｜发布上限,L6 现实证据深度,REPAIR-证据深度,通用,门控,RV3,,按该层级限制输出：可判断部分修复和初步卡点。,由低证据层级越级写修复完成。,由共享基础引擎提供；仅修正修复功能的承载、持续与压力占位，不直接等同是否愿意认错或能否修复。,由M1／M2提供；夫妻星只说明伴侣原型与关系资格，不单独证明修复能力、修复意愿或修复结果。,由M3-BASE提供；日支底盘说明亲密关系中自然调用的功能，但不能单独证明修复闭环。,由M3-CONFLICT、M4-LOOP及现实事件提供；必须区分问题停止、责任承担、影响确认、行动改变、反馈整合与后续回访。,由共享基础引擎判定；近位提高相关功能进入亲密关系核心的概率，远位只作背景或阶段修正。,根气只修正某修复功能是否容易重复调用，不等于现实中已经持续改变。,旺弱只修正功能调用强度与占位，不直接等同修复质量、诚意或关系结果。,喜忌只修正功能摩擦、平衡与承载，不直接等同道德、成熟、善恶或是否值得原谅。,原十神功能有效；真合化成立时按化神功能替换，合化争议时停止定性。,近位提高修复议题与亲密关系的直接相关性；远位仅保留背景、阶段或低置信修正。,90,可判断部分修复和初步卡点,repair_evidence_depth,发布强度必须与资料深度一致。,当前最多可以：可判断部分修复和初步卡点。,不得仅凭本规则判断道歉真诚与否、要求对方原谅或复合、推断关系一定修复或失败、淡化暴力强迫与现实伤害、平均分配明显不对等的责任；现实安全、具体行为、反例与专业支持优先。,中高,待验证,,provisional=true；M3-REPAIR尚未完成，完成条件为暂定功能模型。,0.7
M4-REPAIR-331,RV3 多节点事件链｜升级条件,L6 现实证据深度,REPAIR-证据深度,通用,证据,RV3,,升级需要：补充反馈、执行和回访。,只有命盘分数或研究者推测。,由共享基础引擎提供；仅修正修复功能的承载、持续与压力占位，不直接等同是否愿意认错或能否修复。,由M1／M2提供；夫妻星只说明伴侣原型与关系资格，不单独证明修复能力、修复意愿或修复结果。,由M3-BASE提供；日支底盘说明亲密关系中自然调用的功能，但不能单独证明修复闭环。,由M3-CONFLICT、M4-LOOP及现实事件提供；必须区分问题停止、责任承担、影响确认、行动改变、反馈整合与后续回访。,由共享基础引擎判定；近位提高相关功能进入亲密关系核心的概率，远位只作背景或阶段修正。,根气只修正某修复功能是否容易重复调用，不等于现实中已经持续改变。,旺弱只修正功能调用强度与占位，不直接等同修复质量、诚意或关系结果。,喜忌只修正功能摩擦、平衡与承载，不直接等同道德、成熟、善恶或是否值得原谅。,原十神功能有效；真合化成立时按化神功能替换，合化争议时停止定性。,近位提高修复议题与亲密关系的直接相关性；远位仅保留背景、阶段或低置信修正。,74,可判断部分修复和初步卡点,repair_evidence_depth,升级必须增加新的现实信息，不是重复加权。,下一步需要：补充反馈、执行和回访。,不得仅凭本规则判断道歉真诚与否、要求对方原谅或复合、推断关系一定修复或失败、淡化暴力强迫与现实伤害、平均分配明显不对等的责任；现实安全、具体行为、反例与专业支持优先。,中高,待验证,,provisional=true；M3-REPAIR尚未完成，完成条件为暂定功能模型。,0.7
M4-REPAIR-332,RV3 多节点事件链｜边界与去重,L6 现实证据深度,REPAIR-证据深度,通用,边界,RV3,,完成event_id、source_id和反例检查。,忽略接收方拒绝、安全事实或相反结果。,由共享基础引擎提供；仅修正修复功能的承载、持续与压力占位，不直接等同是否愿意认错或能否修复。,由M1／M2提供；夫妻星只说明伴侣原型与关系资格，不单独证明修复能力、修复意愿或修复结果。,由M3-BASE提供；日支底盘说明亲密关系中自然调用的功能，但不能单独证明修复闭环。,由M3-CONFLICT、M4-LOOP及现实事件提供；必须区分问题停止、责任承担、影响确认、行动改变、反馈整合与后续回访。,由共享基础引擎判定；近位提高相关功能进入亲密关系核心的概率，远位只作背景或阶段修正。,根气只修正某修复功能是否容易重复调用，不等于现实中已经持续改变。,旺弱只修正功能调用强度与占位，不直接等同修复质量、诚意或关系结果。,喜忌只修正功能摩擦、平衡与承载，不直接等同道德、成熟、善恶或是否值得原谅。,原十神功能有效；真合化成立时按化神功能替换，合化争议时停止定性。,近位提高修复议题与亲密关系的直接相关性；远位仅保留背景、阶段或低置信修正。,90,可判断部分修复和初步卡点,repair_evidence_depth,同一动作只能计一次基础证据。,同一件事即使在多个模块出现，也不能重复算成多份证据。,不得仅凭本规则判断道歉真诚与否、要求对方原谅或复合、推断关系一定修复或失败、淡化暴力强迫与现实伤害、平均分配明显不对等的责任；现实安全、具体行为、反例与专业支持优先。,中高,待验证,,provisional=true；M3-REPAIR尚未完成，完成条件为暂定功能模型。,0.7
M4-REPAIR-333,RV4 接收反馈已记录｜证据定义,L6 现实证据深度,REPAIR-证据深度,通用,定义,RV4,,接收方对修复动作有具体接受、拒绝、异议或调整反馈。,把同一事件重复叙述当独立资料。,由共享基础引擎提供；仅修正修复功能的承载、持续与压力占位，不直接等同是否愿意认错或能否修复。,由M1／M2提供；夫妻星只说明伴侣原型与关系资格，不单独证明修复能力、修复意愿或修复结果。,由M3-BASE提供；日支底盘说明亲密关系中自然调用的功能，但不能单独证明修复闭环。,由M3-CONFLICT、M4-LOOP及现实事件提供；必须区分问题停止、责任承担、影响确认、行动改变、反馈整合与后续回访。,由共享基础引擎判定；近位提高相关功能进入亲密关系核心的概率，远位只作背景或阶段修正。,根气只修正某修复功能是否容易重复调用，不等于现实中已经持续改变。,旺弱只修正功能调用强度与占位，不直接等同修复质量、诚意或关系结果。,喜忌只修正功能摩擦、平衡与承载，不直接等同道德、成熟、善恶或是否值得原谅。,原十神功能有效；真合化成立时按化神功能替换，合化争议时停止定性。,近位提高修复议题与亲密关系的直接相关性；远位仅保留背景、阶段或低置信修正。,74,可判断RN07与修复是否命中影响,repair_evidence_depth,RV描述现实修复资料深度，不是统计概率。,接收反馈已记录：接收方对修复动作有具体接受、拒绝、异议或调整反馈。,不得仅凭本规则判断道歉真诚与否、要求对方原谅或复合、推断关系一定修复或失败、淡化暴力强迫与现实伤害、平均分配明显不对等的责任；现实安全、具体行为、反例与专业支持优先。,中高,待验证,,provisional=true；M3-REPAIR尚未完成，完成条件为暂定功能模型。,0.7
M4-REPAIR-334,RV4 接收反馈已记录｜发布上限,L6 现实证据深度,REPAIR-证据深度,通用,门控,RV4,,按该层级限制输出：可判断RN07与修复是否命中影响。,由低证据层级越级写修复完成。,由共享基础引擎提供；仅修正修复功能的承载、持续与压力占位，不直接等同是否愿意认错或能否修复。,由M1／M2提供；夫妻星只说明伴侣原型与关系资格，不单独证明修复能力、修复意愿或修复结果。,由M3-BASE提供；日支底盘说明亲密关系中自然调用的功能，但不能单独证明修复闭环。,由M3-CONFLICT、M4-LOOP及现实事件提供；必须区分问题停止、责任承担、影响确认、行动改变、反馈整合与后续回访。,由共享基础引擎判定；近位提高相关功能进入亲密关系核心的概率，远位只作背景或阶段修正。,根气只修正某修复功能是否容易重复调用，不等于现实中已经持续改变。,旺弱只修正功能调用强度与占位，不直接等同修复质量、诚意或关系结果。,喜忌只修正功能摩擦、平衡与承载，不直接等同道德、成熟、善恶或是否值得原谅。,原十神功能有效；真合化成立时按化神功能替换，合化争议时停止定性。,近位提高修复议题与亲密关系的直接相关性；远位仅保留背景、阶段或低置信修正。,90,可判断RN07与修复是否命中影响,repair_evidence_depth,发布强度必须与资料深度一致。,当前最多可以：可判断RN07与修复是否命中影响。,不得仅凭本规则判断道歉真诚与否、要求对方原谅或复合、推断关系一定修复或失败、淡化暴力强迫与现实伤害、平均分配明显不对等的责任；现实安全、具体行为、反例与专业支持优先。,中高,待验证,,provisional=true；M3-REPAIR尚未完成，完成条件为暂定功能模型。,0.7
M4-REPAIR-335,RV4 接收反馈已记录｜升级条件,L6 现实证据深度,REPAIR-证据深度,通用,证据,RV4,,升级需要：补充二次调整和持续性。,只有命盘分数或研究者推测。,由共享基础引擎提供；仅修正修复功能的承载、持续与压力占位，不直接等同是否愿意认错或能否修复。,由M1／M2提供；夫妻星只说明伴侣原型与关系资格，不单独证明修复能力、修复意愿或修复结果。,由M3-BASE提供；日支底盘说明亲密关系中自然调用的功能，但不能单独证明修复闭环。,由M3-CONFLICT、M4-LOOP及现实事件提供；必须区分问题停止、责任承担、影响确认、行动改变、反馈整合与后续回访。,由共享基础引擎判定；近位提高相关功能进入亲密关系核心的概率，远位只作背景或阶段修正。,根气只修正某修复功能是否容易重复调用，不等于现实中已经持续改变。,旺弱只修正功能调用强度与占位，不直接等同修复质量、诚意或关系结果。,喜忌只修正功能摩擦、平衡与承载，不直接等同道德、成熟、善恶或是否值得原谅。,原十神功能有效；真合化成立时按化神功能替换，合化争议时停止定性。,近位提高修复议题与亲密关系的直接相关性；远位仅保留背景、阶段或低置信修正。,74,可判断RN07与修复是否命中影响,repair_evidence_depth,升级必须增加新的现实信息，不是重复加权。,下一步需要：补充二次调整和持续性。,不得仅凭本规则判断道歉真诚与否、要求对方原谅或复合、推断关系一定修复或失败、淡化暴力强迫与现实伤害、平均分配明显不对等的责任；现实安全、具体行为、反例与专业支持优先。,中高,待验证,,provisional=true；M3-REPAIR尚未完成，完成条件为暂定功能模型。,0.7
M4-REPAIR-336,RV4 接收反馈已记录｜边界与去重,L6 现实证据深度,REPAIR-证据深度,通用,边界,RV4,,完成event_id、source_id和反例检查。,忽略接收方拒绝、安全事实或相反结果。,由共享基础引擎提供；仅修正修复功能的承载、持续与压力占位，不直接等同是否愿意认错或能否修复。,由M1／M2提供；夫妻星只说明伴侣原型与关系资格，不单独证明修复能力、修复意愿或修复结果。,由M3-BASE提供；日支底盘说明亲密关系中自然调用的功能，但不能单独证明修复闭环。,由M3-CONFLICT、M4-LOOP及现实事件提供；必须区分问题停止、责任承担、影响确认、行动改变、反馈整合与后续回访。,由共享基础引擎判定；近位提高相关功能进入亲密关系核心的概率，远位只作背景或阶段修正。,根气只修正某修复功能是否容易重复调用，不等于现实中已经持续改变。,旺弱只修正功能调用强度与占位，不直接等同修复质量、诚意或关系结果。,喜忌只修正功能摩擦、平衡与承载，不直接等同道德、成熟、善恶或是否值得原谅。,原十神功能有效；真合化成立时按化神功能替换，合化争议时停止定性。,近位提高修复议题与亲密关系的直接相关性；远位仅保留背景、阶段或低置信修正。,90,可判断RN07与修复是否命中影响,repair_evidence_depth,同一动作只能计一次基础证据。,同一件事即使在多个模块出现，也不能重复算成多份证据。,不得仅凭本规则判断道歉真诚与否、要求对方原谅或复合、推断关系一定修复或失败、淡化暴力强迫与现实伤害、平均分配明显不对等的责任；现实安全、具体行为、反例与专业支持优先。,中高,待验证,,provisional=true；M3-REPAIR尚未完成，完成条件为暂定功能模型。,0.7
M4-REPAIR-337,RV5 行为改变已持续｜证据定义,L6 现实证据深度,REPAIR-证据深度,通用,定义,RV5,,相关行动在一段时间或相似情境中重复兑现。,把同一事件重复叙述当独立资料。,由共享基础引擎提供；仅修正修复功能的承载、持续与压力占位，不直接等同是否愿意认错或能否修复。,由M1／M2提供；夫妻星只说明伴侣原型与关系资格，不单独证明修复能力、修复意愿或修复结果。,由M3-BASE提供；日支底盘说明亲密关系中自然调用的功能，但不能单独证明修复闭环。,由M3-CONFLICT、M4-LOOP及现实事件提供；必须区分问题停止、责任承担、影响确认、行动改变、反馈整合与后续回访。,由共享基础引擎判定；近位提高相关功能进入亲密关系核心的概率，远位只作背景或阶段修正。,根气只修正某修复功能是否容易重复调用，不等于现实中已经持续改变。,旺弱只修正功能调用强度与占位，不直接等同修复质量、诚意或关系结果。,喜忌只修正功能摩擦、平衡与承载，不直接等同道德、成熟、善恶或是否值得原谅。,原十神功能有效；真合化成立时按化神功能替换，合化争议时停止定性。,近位提高修复议题与亲密关系的直接相关性；远位仅保留背景、阶段或低置信修正。,74,可建立闭环候选,repair_evidence_depth,RV描述现实修复资料深度，不是统计概率。,行为改变已持续：相关行动在一段时间或相似情境中重复兑现。,不得仅凭本规则判断道歉真诚与否、要求对方原谅或复合、推断关系一定修复或失败、淡化暴力强迫与现实伤害、平均分配明显不对等的责任；现实安全、具体行为、反例与专业支持优先。,中高,待验证,,provisional=true；M3-REPAIR尚未完成，完成条件为暂定功能模型。,0.7
M4-REPAIR-338,RV5 行为改变已持续｜发布上限,L6 现实证据深度,REPAIR-证据深度,通用,门控,RV5,,按该层级限制输出：可建立闭环候选。,由低证据层级越级写修复完成。,由共享基础引擎提供；仅修正修复功能的承载、持续与压力占位，不直接等同是否愿意认错或能否修复。,由M1／M2提供；夫妻星只说明伴侣原型与关系资格，不单独证明修复能力、修复意愿或修复结果。,由M3-BASE提供；日支底盘说明亲密关系中自然调用的功能，但不能单独证明修复闭环。,由M3-CONFLICT、M4-LOOP及现实事件提供；必须区分问题停止、责任承担、影响确认、行动改变、反馈整合与后续回访。,由共享基础引擎判定；近位提高相关功能进入亲密关系核心的概率，远位只作背景或阶段修正。,根气只修正某修复功能是否容易重复调用，不等于现实中已经持续改变。,旺弱只修正功能调用强度与占位，不直接等同修复质量、诚意或关系结果。,喜忌只修正功能摩擦、平衡与承载，不直接等同道德、成熟、善恶或是否值得原谅。,原十神功能有效；真合化成立时按化神功能替换，合化争议时停止定性。,近位提高修复议题与亲密关系的直接相关性；远位仅保留背景、阶段或低置信修正。,90,可建立闭环候选,repair_evidence_depth,发布强度必须与资料深度一致。,当前最多可以：可建立闭环候选。,不得仅凭本规则判断道歉真诚与否、要求对方原谅或复合、推断关系一定修复或失败、淡化暴力强迫与现实伤害、平均分配明显不对等的责任；现实安全、具体行为、反例与专业支持优先。,中高,待验证,,provisional=true；M3-REPAIR尚未完成，完成条件为暂定功能模型。,0.7
M4-REPAIR-339,RV5 行为改变已持续｜升级条件,L6 现实证据深度,REPAIR-证据深度,通用,证据,RV5,,升级需要：补充复发检验与后续回访。,只有命盘分数或研究者推测。,由共享基础引擎提供；仅修正修复功能的承载、持续与压力占位，不直接等同是否愿意认错或能否修复。,由M1／M2提供；夫妻星只说明伴侣原型与关系资格，不单独证明修复能力、修复意愿或修复结果。,由M3-BASE提供；日支底盘说明亲密关系中自然调用的功能，但不能单独证明修复闭环。,由M3-CONFLICT、M4-LOOP及现实事件提供；必须区分问题停止、责任承担、影响确认、行动改变、反馈整合与后续回访。,由共享基础引擎判定；近位提高相关功能进入亲密关系核心的概率，远位只作背景或阶段修正。,根气只修正某修复功能是否容易重复调用，不等于现实中已经持续改变。,旺弱只修正功能调用强度与占位，不直接等同修复质量、诚意或关系结果。,喜忌只修正功能摩擦、平衡与承载，不直接等同道德、成熟、善恶或是否值得原谅。,原十神功能有效；真合化成立时按化神功能替换，合化争议时停止定性。,近位提高修复议题与亲密关系的直接相关性；远位仅保留背景、阶段或低置信修正。,74,可建立闭环候选,repair_evidence_depth,升级必须增加新的现实信息，不是重复加权。,下一步需要：补充复发检验与后续回访。,不得仅凭本规则判断道歉真诚与否、要求对方原谅或复合、推断关系一定修复或失败、淡化暴力强迫与现实伤害、平均分配明显不对等的责任；现实安全、具体行为、反例与专业支持优先。,中高,待验证,,provisional=true；M3-REPAIR尚未完成，完成条件为暂定功能模型。,0.7
M4-REPAIR-340,RV5 行为改变已持续｜边界与去重,L6 现实证据深度,REPAIR-证据深度,通用,边界,RV5,,完成event_id、source_id和反例检查。,忽略接收方拒绝、安全事实或相反结果。,由共享基础引擎提供；仅修正修复功能的承载、持续与压力占位，不直接等同是否愿意认错或能否修复。,由M1／M2提供；夫妻星只说明伴侣原型与关系资格，不单独证明修复能力、修复意愿或修复结果。,由M3-BASE提供；日支底盘说明亲密关系中自然调用的功能，但不能单独证明修复闭环。,由M3-CONFLICT、M4-LOOP及现实事件提供；必须区分问题停止、责任承担、影响确认、行动改变、反馈整合与后续回访。,由共享基础引擎判定；近位提高相关功能进入亲密关系核心的概率，远位只作背景或阶段修正。,根气只修正某修复功能是否容易重复调用，不等于现实中已经持续改变。,旺弱只修正功能调用强度与占位，不直接等同修复质量、诚意或关系结果。,喜忌只修正功能摩擦、平衡与承载，不直接等同道德、成熟、善恶或是否值得原谅。,原十神功能有效；真合化成立时按化神功能替换，合化争议时停止定性。,近位提高修复议题与亲密关系的直接相关性；远位仅保留背景、阶段或低置信修正。,90,可建立闭环候选,repair_evidence_depth,同一动作只能计一次基础证据。,同一件事即使在多个模块出现，也不能重复算成多份证据。,不得仅凭本规则判断道歉真诚与否、要求对方原谅或复合、推断关系一定修复或失败、淡化暴力强迫与现实伤害、平均分配明显不对等的责任；现实安全、具体行为、反例与专业支持优先。,中高,待验证,,provisional=true；M3-REPAIR尚未完成，完成条件为暂定功能模型。,0.7
M4-REPAIR-341,RV6 跨时间回访与复发检验｜证据定义,L6 现实证据深度,REPAIR-证据深度,通用,定义,RV6,,修复后经历时间、相似触发或关系阶段变化仍能保持。,把同一事件重复叙述当独立资料。,由共享基础引擎提供；仅修正修复功能的承载、持续与压力占位，不直接等同是否愿意认错或能否修复。,由M1／M2提供；夫妻星只说明伴侣原型与关系资格，不单独证明修复能力、修复意愿或修复结果。,由M3-BASE提供；日支底盘说明亲密关系中自然调用的功能，但不能单独证明修复闭环。,由M3-CONFLICT、M4-LOOP及现实事件提供；必须区分问题停止、责任承担、影响确认、行动改变、反馈整合与后续回访。,由共享基础引擎判定；近位提高相关功能进入亲密关系核心的概率，远位只作背景或阶段修正。,根气只修正某修复功能是否容易重复调用，不等于现实中已经持续改变。,旺弱只修正功能调用强度与占位，不直接等同修复质量、诚意或关系结果。,喜忌只修正功能摩擦、平衡与承载，不直接等同道德、成熟、善恶或是否值得原谅。,原十神功能有效；真合化成立时按化神功能替换，合化争议时停止定性。,近位提高修复议题与亲密关系的直接相关性；远位仅保留背景、阶段或低置信修正。,74,支持较高置信修复闭环,repair_evidence_depth,RV描述现实修复资料深度，不是统计概率。,跨时间回访与复发检验：修复后经历时间、相似触发或关系阶段变化仍能保持。,不得仅凭本规则判断道歉真诚与否、要求对方原谅或复合、推断关系一定修复或失败、淡化暴力强迫与现实伤害、平均分配明显不对等的责任；现实安全、具体行为、反例与专业支持优先。,中高,待验证,,provisional=true；M3-REPAIR尚未完成，完成条件为暂定功能模型。,0.7
M4-REPAIR-342,RV6 跨时间回访与复发检验｜发布上限,L6 现实证据深度,REPAIR-证据深度,通用,门控,RV6,,按该层级限制输出：支持较高置信修复闭环。,由低证据层级越级写修复完成。,由共享基础引擎提供；仅修正修复功能的承载、持续与压力占位，不直接等同是否愿意认错或能否修复。,由M1／M2提供；夫妻星只说明伴侣原型与关系资格，不单独证明修复能力、修复意愿或修复结果。,由M3-BASE提供；日支底盘说明亲密关系中自然调用的功能，但不能单独证明修复闭环。,由M3-CONFLICT、M4-LOOP及现实事件提供；必须区分问题停止、责任承担、影响确认、行动改变、反馈整合与后续回访。,由共享基础引擎判定；近位提高相关功能进入亲密关系核心的概率，远位只作背景或阶段修正。,根气只修正某修复功能是否容易重复调用，不等于现实中已经持续改变。,旺弱只修正功能调用强度与占位，不直接等同修复质量、诚意或关系结果。,喜忌只修正功能摩擦、平衡与承载，不直接等同道德、成熟、善恶或是否值得原谅。,原十神功能有效；真合化成立时按化神功能替换，合化争议时停止定性。,近位提高修复议题与亲密关系的直接相关性；远位仅保留背景、阶段或低置信修正。,90,支持较高置信修复闭环,repair_evidence_depth,发布强度必须与资料深度一致。,当前最多可以：支持较高置信修复闭环。,不得仅凭本规则判断道歉真诚与否、要求对方原谅或复合、推断关系一定修复或失败、淡化暴力强迫与现实伤害、平均分配明显不对等的责任；现实安全、具体行为、反例与专业支持优先。,中高,待验证,,provisional=true；M3-REPAIR尚未完成，完成条件为暂定功能模型。,0.7
M4-REPAIR-343,RV6 跨时间回访与复发检验｜升级条件,L6 现实证据深度,REPAIR-证据深度,通用,证据,RV6,,升级需要：补充独立资料和反例。,只有命盘分数或研究者推测。,由共享基础引擎提供；仅修正修复功能的承载、持续与压力占位，不直接等同是否愿意认错或能否修复。,由M1／M2提供；夫妻星只说明伴侣原型与关系资格，不单独证明修复能力、修复意愿或修复结果。,由M3-BASE提供；日支底盘说明亲密关系中自然调用的功能，但不能单独证明修复闭环。,由M3-CONFLICT、M4-LOOP及现实事件提供；必须区分问题停止、责任承担、影响确认、行动改变、反馈整合与后续回访。,由共享基础引擎判定；近位提高相关功能进入亲密关系核心的概率，远位只作背景或阶段修正。,根气只修正某修复功能是否容易重复调用，不等于现实中已经持续改变。,旺弱只修正功能调用强度与占位，不直接等同修复质量、诚意或关系结果。,喜忌只修正功能摩擦、平衡与承载，不直接等同道德、成熟、善恶或是否值得原谅。,原十神功能有效；真合化成立时按化神功能替换，合化争议时停止定性。,近位提高修复议题与亲密关系的直接相关性；远位仅保留背景、阶段或低置信修正。,74,支持较高置信修复闭环,repair_evidence_depth,升级必须增加新的现实信息，不是重复加权。,下一步需要：补充独立资料和反例。,不得仅凭本规则判断道歉真诚与否、要求对方原谅或复合、推断关系一定修复或失败、淡化暴力强迫与现实伤害、平均分配明显不对等的责任；现实安全、具体行为、反例与专业支持优先。,中高,待验证,,provisional=true；M3-REPAIR尚未完成，完成条件为暂定功能模型。,0.7
M4-REPAIR-344,RV6 跨时间回访与复发检验｜边界与去重,L6 现实证据深度,REPAIR-证据深度,通用,边界,RV6,,完成event_id、source_id和反例检查。,忽略接收方拒绝、安全事实或相反结果。,由共享基础引擎提供；仅修正修复功能的承载、持续与压力占位，不直接等同是否愿意认错或能否修复。,由M1／M2提供；夫妻星只说明伴侣原型与关系资格，不单独证明修复能力、修复意愿或修复结果。,由M3-BASE提供；日支底盘说明亲密关系中自然调用的功能，但不能单独证明修复闭环。,由M3-CONFLICT、M4-LOOP及现实事件提供；必须区分问题停止、责任承担、影响确认、行动改变、反馈整合与后续回访。,由共享基础引擎判定；近位提高相关功能进入亲密关系核心的概率，远位只作背景或阶段修正。,根气只修正某修复功能是否容易重复调用，不等于现实中已经持续改变。,旺弱只修正功能调用强度与占位，不直接等同修复质量、诚意或关系结果。,喜忌只修正功能摩擦、平衡与承载，不直接等同道德、成熟、善恶或是否值得原谅。,原十神功能有效；真合化成立时按化神功能替换，合化争议时停止定性。,近位提高修复议题与亲密关系的直接相关性；远位仅保留背景、阶段或低置信修正。,90,支持较高置信修复闭环,repair_evidence_depth,同一动作只能计一次基础证据。,同一件事即使在多个模块出现，也不能重复算成多份证据。,不得仅凭本规则判断道歉真诚与否、要求对方原谅或复合、推断关系一定修复或失败、淡化暴力强迫与现实伤害、平均分配明显不对等的责任；现实安全、具体行为、反例与专业支持优先。,中高,待验证,,provisional=true；M3-REPAIR尚未完成，完成条件为暂定功能模型。,0.7
M4-REPAIR-345,RV7 独立佐证与反例审查｜证据定义,L6 现实证据深度,REPAIR-证据深度,通用,定义,RV7,,有伴侣反馈、记录或咨询资料，并主动检查失败和成功反例。,把同一事件重复叙述当独立资料。,由共享基础引擎提供；仅修正修复功能的承载、持续与压力占位，不直接等同是否愿意认错或能否修复。,由M1／M2提供；夫妻星只说明伴侣原型与关系资格，不单独证明修复能力、修复意愿或修复结果。,由M3-BASE提供；日支底盘说明亲密关系中自然调用的功能，但不能单独证明修复闭环。,由M3-CONFLICT、M4-LOOP及现实事件提供；必须区分问题停止、责任承担、影响确认、行动改变、反馈整合与后续回访。,由共享基础引擎判定；近位提高相关功能进入亲密关系核心的概率，远位只作背景或阶段修正。,根气只修正某修复功能是否容易重复调用，不等于现实中已经持续改变。,旺弱只修正功能调用强度与占位，不直接等同修复质量、诚意或关系结果。,喜忌只修正功能摩擦、平衡与承载，不直接等同道德、成熟、善恶或是否值得原谅。,原十神功能有效；真合化成立时按化神功能替换，合化争议时停止定性。,近位提高修复议题与亲密关系的直接相关性；远位仅保留背景、阶段或低置信修正。,74,可进入E4／持续修复审查,repair_evidence_depth,RV描述现实修复资料深度，不是统计概率。,独立佐证与反例审查：有伴侣反馈、记录或咨询资料，并主动检查失败和成功反例。,不得仅凭本规则判断道歉真诚与否、要求对方原谅或复合、推断关系一定修复或失败、淡化暴力强迫与现实伤害、平均分配明显不对等的责任；现实安全、具体行为、反例与专业支持优先。,中高,待验证,,provisional=true；M3-REPAIR尚未完成，完成条件为暂定功能模型。,0.7
M4-REPAIR-346,RV7 独立佐证与反例审查｜发布上限,L6 现实证据深度,REPAIR-证据深度,通用,门控,RV7,,按该层级限制输出：可进入E4／持续修复审查。,由低证据层级越级写修复完成。,由共享基础引擎提供；仅修正修复功能的承载、持续与压力占位，不直接等同是否愿意认错或能否修复。,由M1／M2提供；夫妻星只说明伴侣原型与关系资格，不单独证明修复能力、修复意愿或修复结果。,由M3-BASE提供；日支底盘说明亲密关系中自然调用的功能，但不能单独证明修复闭环。,由M3-CONFLICT、M4-LOOP及现实事件提供；必须区分问题停止、责任承担、影响确认、行动改变、反馈整合与后续回访。,由共享基础引擎判定；近位提高相关功能进入亲密关系核心的概率，远位只作背景或阶段修正。,根气只修正某修复功能是否容易重复调用，不等于现实中已经持续改变。,旺弱只修正功能调用强度与占位，不直接等同修复质量、诚意或关系结果。,喜忌只修正功能摩擦、平衡与承载，不直接等同道德、成熟、善恶或是否值得原谅。,原十神功能有效；真合化成立时按化神功能替换，合化争议时停止定性。,近位提高修复议题与亲密关系的直接相关性；远位仅保留背景、阶段或低置信修正。,90,可进入E4／持续修复审查,repair_evidence_depth,发布强度必须与资料深度一致。,当前最多可以：可进入E4／持续修复审查。,不得仅凭本规则判断道歉真诚与否、要求对方原谅或复合、推断关系一定修复或失败、淡化暴力强迫与现实伤害、平均分配明显不对等的责任；现实安全、具体行为、反例与专业支持优先。,中高,待验证,,provisional=true；M3-REPAIR尚未完成，完成条件为暂定功能模型。,0.7
M4-REPAIR-347,RV7 独立佐证与反例审查｜升级条件,L6 现实证据深度,REPAIR-证据深度,通用,证据,RV7,,升级需要：仍不得推断必须原谅或关系结果。,只有命盘分数或研究者推测。,由共享基础引擎提供；仅修正修复功能的承载、持续与压力占位，不直接等同是否愿意认错或能否修复。,由M1／M2提供；夫妻星只说明伴侣原型与关系资格，不单独证明修复能力、修复意愿或修复结果。,由M3-BASE提供；日支底盘说明亲密关系中自然调用的功能，但不能单独证明修复闭环。,由M3-CONFLICT、M4-LOOP及现实事件提供；必须区分问题停止、责任承担、影响确认、行动改变、反馈整合与后续回访。,由共享基础引擎判定；近位提高相关功能进入亲密关系核心的概率，远位只作背景或阶段修正。,根气只修正某修复功能是否容易重复调用，不等于现实中已经持续改变。,旺弱只修正功能调用强度与占位，不直接等同修复质量、诚意或关系结果。,喜忌只修正功能摩擦、平衡与承载，不直接等同道德、成熟、善恶或是否值得原谅。,原十神功能有效；真合化成立时按化神功能替换，合化争议时停止定性。,近位提高修复议题与亲密关系的直接相关性；远位仅保留背景、阶段或低置信修正。,74,可进入E4／持续修复审查,repair_evidence_depth,升级必须增加新的现实信息，不是重复加权。,下一步需要：仍不得推断必须原谅或关系结果。,不得仅凭本规则判断道歉真诚与否、要求对方原谅或复合、推断关系一定修复或失败、淡化暴力强迫与现实伤害、平均分配明显不对等的责任；现实安全、具体行为、反例与专业支持优先。,中高,待验证,,provisional=true；M3-REPAIR尚未完成，完成条件为暂定功能模型。,0.7
M4-REPAIR-348,RV7 独立佐证与反例审查｜边界与去重,L6 现实证据深度,REPAIR-证据深度,通用,边界,RV7,,完成event_id、source_id和反例检查。,忽略接收方拒绝、安全事实或相反结果。,由共享基础引擎提供；仅修正修复功能的承载、持续与压力占位，不直接等同是否愿意认错或能否修复。,由M1／M2提供；夫妻星只说明伴侣原型与关系资格，不单独证明修复能力、修复意愿或修复结果。,由M3-BASE提供；日支底盘说明亲密关系中自然调用的功能，但不能单独证明修复闭环。,由M3-CONFLICT、M4-LOOP及现实事件提供；必须区分问题停止、责任承担、影响确认、行动改变、反馈整合与后续回访。,由共享基础引擎判定；近位提高相关功能进入亲密关系核心的概率，远位只作背景或阶段修正。,根气只修正某修复功能是否容易重复调用，不等于现实中已经持续改变。,旺弱只修正功能调用强度与占位，不直接等同修复质量、诚意或关系结果。,喜忌只修正功能摩擦、平衡与承载，不直接等同道德、成熟、善恶或是否值得原谅。,原十神功能有效；真合化成立时按化神功能替换，合化争议时停止定性。,近位提高修复议题与亲密关系的直接相关性；远位仅保留背景、阶段或低置信修正。,90,可进入E4／持续修复审查,repair_evidence_depth,同一动作只能计一次基础证据。,同一件事即使在多个模块出现，也不能重复算成多份证据。,不得仅凭本规则判断道歉真诚与否、要求对方原谅或复合、推断关系一定修复或失败、淡化暴力强迫与现实伤害、平均分配明显不对等的责任；现实安全、具体行为、反例与专业支持优先。,中高,待验证,,provisional=true；M3-REPAIR尚未完成，完成条件为暂定功能模型。,0.7
M4-REPAIR-349,RS0 资料不足／停止｜状态定义,L7 修复状态与完成层级,REPAIR-修复状态,通用,定义,RS0,,无法确认修复是否启动，或安全门控要求停止普通分析。,用命盘或单一动作越级判断。,由共享基础引擎提供；仅修正修复功能的承载、持续与压力占位，不直接等同是否愿意认错或能否修复。,由M1／M2提供；夫妻星只说明伴侣原型与关系资格，不单独证明修复能力、修复意愿或修复结果。,由M3-BASE提供；日支底盘说明亲密关系中自然调用的功能，但不能单独证明修复闭环。,由M3-CONFLICT、M4-LOOP及现实事件提供；必须区分问题停止、责任承担、影响确认、行动改变、反馈整合与后续回访。,由共享基础引擎判定；近位提高相关功能进入亲密关系核心的概率，远位只作背景或阶段修正。,根气只修正某修复功能是否容易重复调用，不等于现实中已经持续改变。,旺弱只修正功能调用强度与占位，不直接等同修复质量、诚意或关系结果。,喜忌只修正功能摩擦、平衡与承载，不直接等同道德、成熟、善恶或是否值得原谅。,原十神功能有效；真合化成立时按化神功能替换，合化争议时停止定性。,近位提高修复议题与亲密关系的直接相关性；远位仅保留背景、阶段或低置信修正。,76,状态路由，不单独增加命理分,repair_status,RS状态描述现实修复进度，不评价关系好坏。,当前不能判断修复状态。,不得仅凭本规则判断道歉真诚与否、要求对方原谅或复合、推断关系一定修复或失败、淡化暴力强迫与现实伤害、平均分配明显不对等的责任；现实安全、具体行为、反例与专业支持优先。,中高,待验证,,provisional=true；M3-REPAIR尚未完成，完成条件为暂定功能模型。,0.7
M4-REPAIR-350,RS0 资料不足／停止｜进入条件,L7 修复状态与完成层级,REPAIR-修复状态,通用,门槛,RS0,,没有具体事件或存在安全风险。,必要现实证据缺失。,由共享基础引擎提供；仅修正修复功能的承载、持续与压力占位，不直接等同是否愿意认错或能否修复。,由M1／M2提供；夫妻星只说明伴侣原型与关系资格，不单独证明修复能力、修复意愿或修复结果。,由M3-BASE提供；日支底盘说明亲密关系中自然调用的功能，但不能单独证明修复闭环。,由M3-CONFLICT、M4-LOOP及现实事件提供；必须区分问题停止、责任承担、影响确认、行动改变、反馈整合与后续回访。,由共享基础引擎判定；近位提高相关功能进入亲密关系核心的概率，远位只作背景或阶段修正。,根气只修正某修复功能是否容易重复调用，不等于现实中已经持续改变。,旺弱只修正功能调用强度与占位，不直接等同修复质量、诚意或关系结果。,喜忌只修正功能摩擦、平衡与承载，不直接等同道德、成熟、善恶或是否值得原谅。,原十神功能有效；真合化成立时按化神功能替换，合化争议时停止定性。,近位提高修复议题与亲密关系的直接相关性；远位仅保留背景、阶段或低置信修正。,92,状态路由，不单独增加命理分,repair_status,进入条件必须由事件节点和证据深度支持。,判断这一状态需要看到：没有具体事件或存在安全风险。,不得仅凭本规则判断道歉真诚与否、要求对方原谅或复合、推断关系一定修复或失败、淡化暴力强迫与现实伤害、平均分配明显不对等的责任；现实安全、具体行为、反例与专业支持优先。,中高,待验证,,provisional=true；M3-REPAIR尚未完成，完成条件为暂定功能模型。,0.7
M4-REPAIR-351,RS0 资料不足／停止｜输出语言,L7 修复状态与完成层级,REPAIR-修复状态,通用,输出,RS0,,该状态已通过去重、反例和安全检查。,混淆修复状态与原谅、复合或关系结果。,由共享基础引擎提供；仅修正修复功能的承载、持续与压力占位，不直接等同是否愿意认错或能否修复。,由M1／M2提供；夫妻星只说明伴侣原型与关系资格，不单独证明修复能力、修复意愿或修复结果。,由M3-BASE提供；日支底盘说明亲密关系中自然调用的功能，但不能单独证明修复闭环。,由M3-CONFLICT、M4-LOOP及现实事件提供；必须区分问题停止、责任承担、影响确认、行动改变、反馈整合与后续回访。,由共享基础引擎判定；近位提高相关功能进入亲密关系核心的概率，远位只作背景或阶段修正。,根气只修正某修复功能是否容易重复调用，不等于现实中已经持续改变。,旺弱只修正功能调用强度与占位，不直接等同修复质量、诚意或关系结果。,喜忌只修正功能摩擦、平衡与承载，不直接等同道德、成熟、善恶或是否值得原谅。,原十神功能有效；真合化成立时按化神功能替换，合化争议时停止定性。,近位提高修复议题与亲密关系的直接相关性；远位仅保留背景、阶段或低置信修正。,76,状态路由，不单独增加命理分,repair_status,输出需同时说明完成和未完成部分。,当前不能判断修复状态。,不得仅凭本规则判断道歉真诚与否、要求对方原谅或复合、推断关系一定修复或失败、淡化暴力强迫与现实伤害、平均分配明显不对等的责任；现实安全、具体行为、反例与专业支持优先。,中高,待验证,,provisional=true；M3-REPAIR尚未完成，完成条件为暂定功能模型。,0.7
M4-REPAIR-352,RS0 资料不足／停止｜升级／停止边界,L7 修复状态与完成层级,REPAIR-修复状态,通用,边界,RS0,,只有新增现实节点、持续行为或接收反馈才能升级。,靠命理分值、一次情绪或道歉标签升级。,由共享基础引擎提供；仅修正修复功能的承载、持续与压力占位，不直接等同是否愿意认错或能否修复。,由M1／M2提供；夫妻星只说明伴侣原型与关系资格，不单独证明修复能力、修复意愿或修复结果。,由M3-BASE提供；日支底盘说明亲密关系中自然调用的功能，但不能单独证明修复闭环。,由M3-CONFLICT、M4-LOOP及现实事件提供；必须区分问题停止、责任承担、影响确认、行动改变、反馈整合与后续回访。,由共享基础引擎判定；近位提高相关功能进入亲密关系核心的概率，远位只作背景或阶段修正。,根气只修正某修复功能是否容易重复调用，不等于现实中已经持续改变。,旺弱只修正功能调用强度与占位，不直接等同修复质量、诚意或关系结果。,喜忌只修正功能摩擦、平衡与承载，不直接等同道德、成熟、善恶或是否值得原谅。,原十神功能有效；真合化成立时按化神功能替换，合化争议时停止定性。,近位提高修复议题与亲密关系的直接相关性；远位仅保留背景、阶段或低置信修正。,92,状态路由，不单独增加命理分,repair_status,RS状态升级依赖现实过程。,状态变化要由新的现实证据推动，不能只靠结构推测。,不得仅凭本规则判断道歉真诚与否、要求对方原谅或复合、推断关系一定修复或失败、淡化暴力强迫与现实伤害、平均分配明显不对等的责任；现实安全、具体行为、反例与专业支持优先。,中高,待验证,,provisional=true；M3-REPAIR尚未完成，完成条件为暂定功能模型。,0.7
M4-REPAIR-353,RS1 事件止损｜状态定义,L7 修复状态与完成层级,REPAIR-修复状态,通用,定义,RS1,,伤害、争论或风险暂时停止，但关系任务尚未展开。,用命盘或单一动作越级判断。,由共享基础引擎提供；仅修正修复功能的承载、持续与压力占位，不直接等同是否愿意认错或能否修复。,由M1／M2提供；夫妻星只说明伴侣原型与关系资格，不单独证明修复能力、修复意愿或修复结果。,由M3-BASE提供；日支底盘说明亲密关系中自然调用的功能，但不能单独证明修复闭环。,由M3-CONFLICT、M4-LOOP及现实事件提供；必须区分问题停止、责任承担、影响确认、行动改变、反馈整合与后续回访。,由共享基础引擎判定；近位提高相关功能进入亲密关系核心的概率，远位只作背景或阶段修正。,根气只修正某修复功能是否容易重复调用，不等于现实中已经持续改变。,旺弱只修正功能调用强度与占位，不直接等同修复质量、诚意或关系结果。,喜忌只修正功能摩擦、平衡与承载，不直接等同道德、成熟、善恶或是否值得原谅。,原十神功能有效；真合化成立时按化神功能替换，合化争议时停止定性。,近位提高修复议题与亲密关系的直接相关性；远位仅保留背景、阶段或低置信修正。,76,状态路由，不单独增加命理分,repair_status,RS状态描述现实修复进度，不评价关系好坏。,事情已经停下，但还不能说关系已经修复。,不得仅凭本规则判断道歉真诚与否、要求对方原谅或复合、推断关系一定修复或失败、淡化暴力强迫与现实伤害、平均分配明显不对等的责任；现实安全、具体行为、反例与专业支持优先。,中高,待验证,,provisional=true；M3-REPAIR尚未完成，完成条件为暂定功能模型。,0.7
M4-REPAIR-354,RS1 事件止损｜进入条件,L7 修复状态与完成层级,REPAIR-修复状态,通用,门槛,RS1,,RN01有效，其他节点未知或不足。,必要现实证据缺失。,由共享基础引擎提供；仅修正修复功能的承载、持续与压力占位，不直接等同是否愿意认错或能否修复。,由M1／M2提供；夫妻星只说明伴侣原型与关系资格，不单独证明修复能力、修复意愿或修复结果。,由M3-BASE提供；日支底盘说明亲密关系中自然调用的功能，但不能单独证明修复闭环。,由M3-CONFLICT、M4-LOOP及现实事件提供；必须区分问题停止、责任承担、影响确认、行动改变、反馈整合与后续回访。,由共享基础引擎判定；近位提高相关功能进入亲密关系核心的概率，远位只作背景或阶段修正。,根气只修正某修复功能是否容易重复调用，不等于现实中已经持续改变。,旺弱只修正功能调用强度与占位，不直接等同修复质量、诚意或关系结果。,喜忌只修正功能摩擦、平衡与承载，不直接等同道德、成熟、善恶或是否值得原谅。,原十神功能有效；真合化成立时按化神功能替换，合化争议时停止定性。,近位提高修复议题与亲密关系的直接相关性；远位仅保留背景、阶段或低置信修正。,92,状态路由，不单独增加命理分,repair_status,进入条件必须由事件节点和证据深度支持。,判断这一状态需要看到：RN01有效，其他节点未知或不足。,不得仅凭本规则判断道歉真诚与否、要求对方原谅或复合、推断关系一定修复或失败、淡化暴力强迫与现实伤害、平均分配明显不对等的责任；现实安全、具体行为、反例与专业支持优先。,中高,待验证,,provisional=true；M3-REPAIR尚未完成，完成条件为暂定功能模型。,0.7
M4-REPAIR-355,RS1 事件止损｜输出语言,L7 修复状态与完成层级,REPAIR-修复状态,通用,输出,RS1,,该状态已通过去重、反例和安全检查。,混淆修复状态与原谅、复合或关系结果。,由共享基础引擎提供；仅修正修复功能的承载、持续与压力占位，不直接等同是否愿意认错或能否修复。,由M1／M2提供；夫妻星只说明伴侣原型与关系资格，不单独证明修复能力、修复意愿或修复结果。,由M3-BASE提供；日支底盘说明亲密关系中自然调用的功能，但不能单独证明修复闭环。,由M3-CONFLICT、M4-LOOP及现实事件提供；必须区分问题停止、责任承担、影响确认、行动改变、反馈整合与后续回访。,由共享基础引擎判定；近位提高相关功能进入亲密关系核心的概率，远位只作背景或阶段修正。,根气只修正某修复功能是否容易重复调用，不等于现实中已经持续改变。,旺弱只修正功能调用强度与占位，不直接等同修复质量、诚意或关系结果。,喜忌只修正功能摩擦、平衡与承载，不直接等同道德、成熟、善恶或是否值得原谅。,原十神功能有效；真合化成立时按化神功能替换，合化争议时停止定性。,近位提高修复议题与亲密关系的直接相关性；远位仅保留背景、阶段或低置信修正。,76,状态路由，不单独增加命理分,repair_status,输出需同时说明完成和未完成部分。,事情已经停下，但还不能说关系已经修复。,不得仅凭本规则判断道歉真诚与否、要求对方原谅或复合、推断关系一定修复或失败、淡化暴力强迫与现实伤害、平均分配明显不对等的责任；现实安全、具体行为、反例与专业支持优先。,中高,待验证,,provisional=true；M3-REPAIR尚未完成，完成条件为暂定功能模型。,0.7
M4-REPAIR-356,RS1 事件止损｜升级／停止边界,L7 修复状态与完成层级,REPAIR-修复状态,通用,边界,RS1,,只有新增现实节点、持续行为或接收反馈才能升级。,靠命理分值、一次情绪或道歉标签升级。,由共享基础引擎提供；仅修正修复功能的承载、持续与压力占位，不直接等同是否愿意认错或能否修复。,由M1／M2提供；夫妻星只说明伴侣原型与关系资格，不单独证明修复能力、修复意愿或修复结果。,由M3-BASE提供；日支底盘说明亲密关系中自然调用的功能，但不能单独证明修复闭环。,由M3-CONFLICT、M4-LOOP及现实事件提供；必须区分问题停止、责任承担、影响确认、行动改变、反馈整合与后续回访。,由共享基础引擎判定；近位提高相关功能进入亲密关系核心的概率，远位只作背景或阶段修正。,根气只修正某修复功能是否容易重复调用，不等于现实中已经持续改变。,旺弱只修正功能调用强度与占位，不直接等同修复质量、诚意或关系结果。,喜忌只修正功能摩擦、平衡与承载，不直接等同道德、成熟、善恶或是否值得原谅。,原十神功能有效；真合化成立时按化神功能替换，合化争议时停止定性。,近位提高修复议题与亲密关系的直接相关性；远位仅保留背景、阶段或低置信修正。,92,状态路由，不单独增加命理分,repair_status,RS状态升级依赖现实过程。,状态变化要由新的现实证据推动，不能只靠结构推测。,不得仅凭本规则判断道歉真诚与否、要求对方原谅或复合、推断关系一定修复或失败、淡化暴力强迫与现实伤害、平均分配明显不对等的责任；现实安全、具体行为、反例与专业支持优先。,中高,待验证,,provisional=true；M3-REPAIR尚未完成，完成条件为暂定功能模型。,0.7
M4-REPAIR-357,RS2 问题结案｜状态定义,L7 修复状态与完成层级,REPAIR-修复状态,通用,定义,RS2,,事实、任务或现实方案已经处理，但影响、反馈或持续性未完成。,用命盘或单一动作越级判断。,由共享基础引擎提供；仅修正修复功能的承载、持续与压力占位，不直接等同是否愿意认错或能否修复。,由M1／M2提供；夫妻星只说明伴侣原型与关系资格，不单独证明修复能力、修复意愿或修复结果。,由M3-BASE提供；日支底盘说明亲密关系中自然调用的功能，但不能单独证明修复闭环。,由M3-CONFLICT、M4-LOOP及现实事件提供；必须区分问题停止、责任承担、影响确认、行动改变、反馈整合与后续回访。,由共享基础引擎判定；近位提高相关功能进入亲密关系核心的概率，远位只作背景或阶段修正。,根气只修正某修复功能是否容易重复调用，不等于现实中已经持续改变。,旺弱只修正功能调用强度与占位，不直接等同修复质量、诚意或关系结果。,喜忌只修正功能摩擦、平衡与承载，不直接等同道德、成熟、善恶或是否值得原谅。,原十神功能有效；真合化成立时按化神功能替换，合化争议时停止定性。,近位提高修复议题与亲密关系的直接相关性；远位仅保留背景、阶段或低置信修正。,76,状态路由，不单独增加命理分,repair_status,RS状态描述现实修复进度，不评价关系好坏。,现实问题有了处理结果，但关系影响仍需要继续确认。,不得仅凭本规则判断道歉真诚与否、要求对方原谅或复合、推断关系一定修复或失败、淡化暴力强迫与现实伤害、平均分配明显不对等的责任；现实安全、具体行为、反例与专业支持优先。,中高,待验证,,provisional=true；M3-REPAIR尚未完成，完成条件为暂定功能模型。,0.7
M4-REPAIR-358,RS2 问题结案｜进入条件,L7 修复状态与完成层级,REPAIR-修复状态,通用,门槛,RS2,,RN02／RN06有效，RN03／RN07／RN08不足。,必要现实证据缺失。,由共享基础引擎提供；仅修正修复功能的承载、持续与压力占位，不直接等同是否愿意认错或能否修复。,由M1／M2提供；夫妻星只说明伴侣原型与关系资格，不单独证明修复能力、修复意愿或修复结果。,由M3-BASE提供；日支底盘说明亲密关系中自然调用的功能，但不能单独证明修复闭环。,由M3-CONFLICT、M4-LOOP及现实事件提供；必须区分问题停止、责任承担、影响确认、行动改变、反馈整合与后续回访。,由共享基础引擎判定；近位提高相关功能进入亲密关系核心的概率，远位只作背景或阶段修正。,根气只修正某修复功能是否容易重复调用，不等于现实中已经持续改变。,旺弱只修正功能调用强度与占位，不直接等同修复质量、诚意或关系结果。,喜忌只修正功能摩擦、平衡与承载，不直接等同道德、成熟、善恶或是否值得原谅。,原十神功能有效；真合化成立时按化神功能替换，合化争议时停止定性。,近位提高修复议题与亲密关系的直接相关性；远位仅保留背景、阶段或低置信修正。,92,状态路由，不单独增加命理分,repair_status,进入条件必须由事件节点和证据深度支持。,判断这一状态需要看到：RN02／RN06有效，RN03／RN07／RN08不足。,不得仅凭本规则判断道歉真诚与否、要求对方原谅或复合、推断关系一定修复或失败、淡化暴力强迫与现实伤害、平均分配明显不对等的责任；现实安全、具体行为、反例与专业支持优先。,中高,待验证,,provisional=true；M3-REPAIR尚未完成，完成条件为暂定功能模型。,0.7
M4-REPAIR-359,RS2 问题结案｜输出语言,L7 修复状态与完成层级,REPAIR-修复状态,通用,输出,RS2,,该状态已通过去重、反例和安全检查。,混淆修复状态与原谅、复合或关系结果。,由共享基础引擎提供；仅修正修复功能的承载、持续与压力占位，不直接等同是否愿意认错或能否修复。,由M1／M2提供；夫妻星只说明伴侣原型与关系资格，不单独证明修复能力、修复意愿或修复结果。,由M3-BASE提供；日支底盘说明亲密关系中自然调用的功能，但不能单独证明修复闭环。,由M3-CONFLICT、M4-LOOP及现实事件提供；必须区分问题停止、责任承担、影响确认、行动改变、反馈整合与后续回访。,由共享基础引擎判定；近位提高相关功能进入亲密关系核心的概率，远位只作背景或阶段修正。,根气只修正某修复功能是否容易重复调用，不等于现实中已经持续改变。,旺弱只修正功能调用强度与占位，不直接等同修复质量、诚意或关系结果。,喜忌只修正功能摩擦、平衡与承载，不直接等同道德、成熟、善恶或是否值得原谅。,原十神功能有效；真合化成立时按化神功能替换，合化争议时停止定性。,近位提高修复议题与亲密关系的直接相关性；远位仅保留背景、阶段或低置信修正。,76,状态路由，不单独增加命理分,repair_status,输出需同时说明完成和未完成部分。,现实问题有了处理结果，但关系影响仍需要继续确认。,不得仅凭本规则判断道歉真诚与否、要求对方原谅或复合、推断关系一定修复或失败、淡化暴力强迫与现实伤害、平均分配明显不对等的责任；现实安全、具体行为、反例与专业支持优先。,中高,待验证,,provisional=true；M3-REPAIR尚未完成，完成条件为暂定功能模型。,0.7
M4-REPAIR-360,RS2 问题结案｜升级／停止边界,L7 修复状态与完成层级,REPAIR-修复状态,通用,边界,RS2,,只有新增现实节点、持续行为或接收反馈才能升级。,靠命理分值、一次情绪或道歉标签升级。,由共享基础引擎提供；仅修正修复功能的承载、持续与压力占位，不直接等同是否愿意认错或能否修复。,由M1／M2提供；夫妻星只说明伴侣原型与关系资格，不单独证明修复能力、修复意愿或修复结果。,由M3-BASE提供；日支底盘说明亲密关系中自然调用的功能，但不能单独证明修复闭环。,由M3-CONFLICT、M4-LOOP及现实事件提供；必须区分问题停止、责任承担、影响确认、行动改变、反馈整合与后续回访。,由共享基础引擎判定；近位提高相关功能进入亲密关系核心的概率，远位只作背景或阶段修正。,根气只修正某修复功能是否容易重复调用，不等于现实中已经持续改变。,旺弱只修正功能调用强度与占位，不直接等同修复质量、诚意或关系结果。,喜忌只修正功能摩擦、平衡与承载，不直接等同道德、成熟、善恶或是否值得原谅。,原十神功能有效；真合化成立时按化神功能替换，合化争议时停止定性。,近位提高修复议题与亲密关系的直接相关性；远位仅保留背景、阶段或低置信修正。,92,状态路由，不单独增加命理分,repair_status,RS状态升级依赖现实过程。,状态变化要由新的现实证据推动，不能只靠结构推测。,不得仅凭本规则判断道歉真诚与否、要求对方原谅或复合、推断关系一定修复或失败、淡化暴力强迫与现实伤害、平均分配明显不对等的责任；现实安全、具体行为、反例与专业支持优先。,中高,待验证,,provisional=true；M3-REPAIR尚未完成，完成条件为暂定功能模型。,0.7
M4-REPAIR-361,RS3 修复启动｜状态定义,L7 修复状态与完成层级,REPAIR-修复状态,通用,定义,RS3,,道歉、倾听、责任或补救中的一个或多个节点已经出现。,用命盘或单一动作越级判断。,由共享基础引擎提供；仅修正修复功能的承载、持续与压力占位，不直接等同是否愿意认错或能否修复。,由M1／M2提供；夫妻星只说明伴侣原型与关系资格，不单独证明修复能力、修复意愿或修复结果。,由M3-BASE提供；日支底盘说明亲密关系中自然调用的功能，但不能单独证明修复闭环。,由M3-CONFLICT、M4-LOOP及现实事件提供；必须区分问题停止、责任承担、影响确认、行动改变、反馈整合与后续回访。,由共享基础引擎判定；近位提高相关功能进入亲密关系核心的概率，远位只作背景或阶段修正。,根气只修正某修复功能是否容易重复调用，不等于现实中已经持续改变。,旺弱只修正功能调用强度与占位，不直接等同修复质量、诚意或关系结果。,喜忌只修正功能摩擦、平衡与承载，不直接等同道德、成熟、善恶或是否值得原谅。,原十神功能有效；真合化成立时按化神功能替换，合化争议时停止定性。,近位提高修复议题与亲密关系的直接相关性；远位仅保留背景、阶段或低置信修正。,76,状态路由，不单独增加命理分,repair_status,RS状态描述现实修复进度，不评价关系好坏。,修复已经开始，但仍处于启动阶段。,不得仅凭本规则判断道歉真诚与否、要求对方原谅或复合、推断关系一定修复或失败、淡化暴力强迫与现实伤害、平均分配明显不对等的责任；现实安全、具体行为、反例与专业支持优先。,中高,待验证,,provisional=true；M3-REPAIR尚未完成，完成条件为暂定功能模型。,0.7
M4-REPAIR-362,RS3 修复启动｜进入条件,L7 修复状态与完成层级,REPAIR-修复状态,通用,门槛,RS3,,至少RV2，且有明确修复邀请或动作。,必要现实证据缺失。,由共享基础引擎提供；仅修正修复功能的承载、持续与压力占位，不直接等同是否愿意认错或能否修复。,由M1／M2提供；夫妻星只说明伴侣原型与关系资格，不单独证明修复能力、修复意愿或修复结果。,由M3-BASE提供；日支底盘说明亲密关系中自然调用的功能，但不能单独证明修复闭环。,由M3-CONFLICT、M4-LOOP及现实事件提供；必须区分问题停止、责任承担、影响确认、行动改变、反馈整合与后续回访。,由共享基础引擎判定；近位提高相关功能进入亲密关系核心的概率，远位只作背景或阶段修正。,根气只修正某修复功能是否容易重复调用，不等于现实中已经持续改变。,旺弱只修正功能调用强度与占位，不直接等同修复质量、诚意或关系结果。,喜忌只修正功能摩擦、平衡与承载，不直接等同道德、成熟、善恶或是否值得原谅。,原十神功能有效；真合化成立时按化神功能替换，合化争议时停止定性。,近位提高修复议题与亲密关系的直接相关性；远位仅保留背景、阶段或低置信修正。,92,状态路由，不单独增加命理分,repair_status,进入条件必须由事件节点和证据深度支持。,判断这一状态需要看到：至少RV2，且有明确修复邀请或动作。,不得仅凭本规则判断道歉真诚与否、要求对方原谅或复合、推断关系一定修复或失败、淡化暴力强迫与现实伤害、平均分配明显不对等的责任；现实安全、具体行为、反例与专业支持优先。,中高,待验证,,provisional=true；M3-REPAIR尚未完成，完成条件为暂定功能模型。,0.7
M4-REPAIR-363,RS3 修复启动｜输出语言,L7 修复状态与完成层级,REPAIR-修复状态,通用,输出,RS3,,该状态已通过去重、反例和安全检查。,混淆修复状态与原谅、复合或关系结果。,由共享基础引擎提供；仅修正修复功能的承载、持续与压力占位，不直接等同是否愿意认错或能否修复。,由M1／M2提供；夫妻星只说明伴侣原型与关系资格，不单独证明修复能力、修复意愿或修复结果。,由M3-BASE提供；日支底盘说明亲密关系中自然调用的功能，但不能单独证明修复闭环。,由M3-CONFLICT、M4-LOOP及现实事件提供；必须区分问题停止、责任承担、影响确认、行动改变、反馈整合与后续回访。,由共享基础引擎判定；近位提高相关功能进入亲密关系核心的概率，远位只作背景或阶段修正。,根气只修正某修复功能是否容易重复调用，不等于现实中已经持续改变。,旺弱只修正功能调用强度与占位，不直接等同修复质量、诚意或关系结果。,喜忌只修正功能摩擦、平衡与承载，不直接等同道德、成熟、善恶或是否值得原谅。,原十神功能有效；真合化成立时按化神功能替换，合化争议时停止定性。,近位提高修复议题与亲密关系的直接相关性；远位仅保留背景、阶段或低置信修正。,76,状态路由，不单独增加命理分,repair_status,输出需同时说明完成和未完成部分。,修复已经开始，但仍处于启动阶段。,不得仅凭本规则判断道歉真诚与否、要求对方原谅或复合、推断关系一定修复或失败、淡化暴力强迫与现实伤害、平均分配明显不对等的责任；现实安全、具体行为、反例与专业支持优先。,中高,待验证,,provisional=true；M3-REPAIR尚未完成，完成条件为暂定功能模型。,0.7
M4-REPAIR-364,RS3 修复启动｜升级／停止边界,L7 修复状态与完成层级,REPAIR-修复状态,通用,边界,RS3,,只有新增现实节点、持续行为或接收反馈才能升级。,靠命理分值、一次情绪或道歉标签升级。,由共享基础引擎提供；仅修正修复功能的承载、持续与压力占位，不直接等同是否愿意认错或能否修复。,由M1／M2提供；夫妻星只说明伴侣原型与关系资格，不单独证明修复能力、修复意愿或修复结果。,由M3-BASE提供；日支底盘说明亲密关系中自然调用的功能，但不能单独证明修复闭环。,由M3-CONFLICT、M4-LOOP及现实事件提供；必须区分问题停止、责任承担、影响确认、行动改变、反馈整合与后续回访。,由共享基础引擎判定；近位提高相关功能进入亲密关系核心的概率，远位只作背景或阶段修正。,根气只修正某修复功能是否容易重复调用，不等于现实中已经持续改变。,旺弱只修正功能调用强度与占位，不直接等同修复质量、诚意或关系结果。,喜忌只修正功能摩擦、平衡与承载，不直接等同道德、成熟、善恶或是否值得原谅。,原十神功能有效；真合化成立时按化神功能替换，合化争议时停止定性。,近位提高修复议题与亲密关系的直接相关性；远位仅保留背景、阶段或低置信修正。,92,状态路由，不单独增加命理分,repair_status,RS状态升级依赖现实过程。,状态变化要由新的现实证据推动，不能只靠结构推测。,不得仅凭本规则判断道歉真诚与否、要求对方原谅或复合、推断关系一定修复或失败、淡化暴力强迫与现实伤害、平均分配明显不对等的责任；现实安全、具体行为、反例与专业支持优先。,中高,待验证,,provisional=true；M3-REPAIR尚未完成，完成条件为暂定功能模型。,0.7
M4-REPAIR-365,RS4 部分修复｜状态定义,L7 修复状态与完成层级,REPAIR-修复状态,通用,定义,RS4,,多个必要节点已完成，但至少一个关键节点仍缺失或未验证。,用命盘或单一动作越级判断。,由共享基础引擎提供；仅修正修复功能的承载、持续与压力占位，不直接等同是否愿意认错或能否修复。,由M1／M2提供；夫妻星只说明伴侣原型与关系资格，不单独证明修复能力、修复意愿或修复结果。,由M3-BASE提供；日支底盘说明亲密关系中自然调用的功能，但不能单独证明修复闭环。,由M3-CONFLICT、M4-LOOP及现实事件提供；必须区分问题停止、责任承担、影响确认、行动改变、反馈整合与后续回访。,由共享基础引擎判定；近位提高相关功能进入亲密关系核心的概率，远位只作背景或阶段修正。,根气只修正某修复功能是否容易重复调用，不等于现实中已经持续改变。,旺弱只修正功能调用强度与占位，不直接等同修复质量、诚意或关系结果。,喜忌只修正功能摩擦、平衡与承载，不直接等同道德、成熟、善恶或是否值得原谅。,原十神功能有效；真合化成立时按化神功能替换，合化争议时停止定性。,近位提高修复议题与亲密关系的直接相关性；远位仅保留背景、阶段或低置信修正。,76,状态路由，不单独增加命理分,repair_status,RS状态描述现实修复进度，不评价关系好坏。,已经完成了一部分修复，当前卡在________。,不得仅凭本规则判断道歉真诚与否、要求对方原谅或复合、推断关系一定修复或失败、淡化暴力强迫与现实伤害、平均分配明显不对等的责任；现实安全、具体行为、反例与专业支持优先。,中高,待验证,,provisional=true；M3-REPAIR尚未完成，完成条件为暂定功能模型。,0.7
M4-REPAIR-366,RS4 部分修复｜进入条件,L7 修复状态与完成层级,REPAIR-修复状态,通用,门槛,RS4,,至少RV3，且有明确缺口。,必要现实证据缺失。,由共享基础引擎提供；仅修正修复功能的承载、持续与压力占位，不直接等同是否愿意认错或能否修复。,由M1／M2提供；夫妻星只说明伴侣原型与关系资格，不单独证明修复能力、修复意愿或修复结果。,由M3-BASE提供；日支底盘说明亲密关系中自然调用的功能，但不能单独证明修复闭环。,由M3-CONFLICT、M4-LOOP及现实事件提供；必须区分问题停止、责任承担、影响确认、行动改变、反馈整合与后续回访。,由共享基础引擎判定；近位提高相关功能进入亲密关系核心的概率，远位只作背景或阶段修正。,根气只修正某修复功能是否容易重复调用，不等于现实中已经持续改变。,旺弱只修正功能调用强度与占位，不直接等同修复质量、诚意或关系结果。,喜忌只修正功能摩擦、平衡与承载，不直接等同道德、成熟、善恶或是否值得原谅。,原十神功能有效；真合化成立时按化神功能替换，合化争议时停止定性。,近位提高修复议题与亲密关系的直接相关性；远位仅保留背景、阶段或低置信修正。,92,状态路由，不单独增加命理分,repair_status,进入条件必须由事件节点和证据深度支持。,判断这一状态需要看到：至少RV3，且有明确缺口。,不得仅凭本规则判断道歉真诚与否、要求对方原谅或复合、推断关系一定修复或失败、淡化暴力强迫与现实伤害、平均分配明显不对等的责任；现实安全、具体行为、反例与专业支持优先。,中高,待验证,,provisional=true；M3-REPAIR尚未完成，完成条件为暂定功能模型。,0.7
M4-REPAIR-367,RS4 部分修复｜输出语言,L7 修复状态与完成层级,REPAIR-修复状态,通用,输出,RS4,,该状态已通过去重、反例和安全检查。,混淆修复状态与原谅、复合或关系结果。,由共享基础引擎提供；仅修正修复功能的承载、持续与压力占位，不直接等同是否愿意认错或能否修复。,由M1／M2提供；夫妻星只说明伴侣原型与关系资格，不单独证明修复能力、修复意愿或修复结果。,由M3-BASE提供；日支底盘说明亲密关系中自然调用的功能，但不能单独证明修复闭环。,由M3-CONFLICT、M4-LOOP及现实事件提供；必须区分问题停止、责任承担、影响确认、行动改变、反馈整合与后续回访。,由共享基础引擎判定；近位提高相关功能进入亲密关系核心的概率，远位只作背景或阶段修正。,根气只修正某修复功能是否容易重复调用，不等于现实中已经持续改变。,旺弱只修正功能调用强度与占位，不直接等同修复质量、诚意或关系结果。,喜忌只修正功能摩擦、平衡与承载，不直接等同道德、成熟、善恶或是否值得原谅。,原十神功能有效；真合化成立时按化神功能替换，合化争议时停止定性。,近位提高修复议题与亲密关系的直接相关性；远位仅保留背景、阶段或低置信修正。,76,状态路由，不单独增加命理分,repair_status,输出需同时说明完成和未完成部分。,已经完成了一部分修复，当前卡在________。,不得仅凭本规则判断道歉真诚与否、要求对方原谅或复合、推断关系一定修复或失败、淡化暴力强迫与现实伤害、平均分配明显不对等的责任；现实安全、具体行为、反例与专业支持优先。,中高,待验证,,provisional=true；M3-REPAIR尚未完成，完成条件为暂定功能模型。,0.7
M4-REPAIR-368,RS4 部分修复｜升级／停止边界,L7 修复状态与完成层级,REPAIR-修复状态,通用,边界,RS4,,只有新增现实节点、持续行为或接收反馈才能升级。,靠命理分值、一次情绪或道歉标签升级。,由共享基础引擎提供；仅修正修复功能的承载、持续与压力占位，不直接等同是否愿意认错或能否修复。,由M1／M2提供；夫妻星只说明伴侣原型与关系资格，不单独证明修复能力、修复意愿或修复结果。,由M3-BASE提供；日支底盘说明亲密关系中自然调用的功能，但不能单独证明修复闭环。,由M3-CONFLICT、M4-LOOP及现实事件提供；必须区分问题停止、责任承担、影响确认、行动改变、反馈整合与后续回访。,由共享基础引擎判定；近位提高相关功能进入亲密关系核心的概率，远位只作背景或阶段修正。,根气只修正某修复功能是否容易重复调用，不等于现实中已经持续改变。,旺弱只修正功能调用强度与占位，不直接等同修复质量、诚意或关系结果。,喜忌只修正功能摩擦、平衡与承载，不直接等同道德、成熟、善恶或是否值得原谅。,原十神功能有效；真合化成立时按化神功能替换，合化争议时停止定性。,近位提高修复议题与亲密关系的直接相关性；远位仅保留背景、阶段或低置信修正。,92,状态路由，不单独增加命理分,repair_status,RS状态升级依赖现实过程。,状态变化要由新的现实证据推动，不能只靠结构推测。,不得仅凭本规则判断道歉真诚与否、要求对方原谅或复合、推断关系一定修复或失败、淡化暴力强迫与现实伤害、平均分配明显不对等的责任；现实安全、具体行为、反例与专业支持优先。,中高,待验证,,provisional=true；M3-REPAIR尚未完成，完成条件为暂定功能模型。,0.7
M4-REPAIR-369,RS5 修复闭环候选｜状态定义,L7 修复状态与完成层级,REPAIR-修复状态,通用,定义,RS5,,事件类型所需最低节点基本完成，接收反馈和现实改变已进入。,用命盘或单一动作越级判断。,由共享基础引擎提供；仅修正修复功能的承载、持续与压力占位，不直接等同是否愿意认错或能否修复。,由M1／M2提供；夫妻星只说明伴侣原型与关系资格，不单独证明修复能力、修复意愿或修复结果。,由M3-BASE提供；日支底盘说明亲密关系中自然调用的功能，但不能单独证明修复闭环。,由M3-CONFLICT、M4-LOOP及现实事件提供；必须区分问题停止、责任承担、影响确认、行动改变、反馈整合与后续回访。,由共享基础引擎判定；近位提高相关功能进入亲密关系核心的概率，远位只作背景或阶段修正。,根气只修正某修复功能是否容易重复调用，不等于现实中已经持续改变。,旺弱只修正功能调用强度与占位，不直接等同修复质量、诚意或关系结果。,喜忌只修正功能摩擦、平衡与承载，不直接等同道德、成熟、善恶或是否值得原谅。,原十神功能有效；真合化成立时按化神功能替换，合化争议时停止定性。,近位提高修复议题与亲密关系的直接相关性；远位仅保留背景、阶段或低置信修正。,76,状态路由，不单独增加命理分,repair_status,RS状态描述现实修复进度，不评价关系好坏。,目前具备修复闭环的主要条件，但持续性仍需时间验证。,不得仅凭本规则判断道歉真诚与否、要求对方原谅或复合、推断关系一定修复或失败、淡化暴力强迫与现实伤害、平均分配明显不对等的责任；现实安全、具体行为、反例与专业支持优先。,中高,待验证,,provisional=true；M3-REPAIR尚未完成，完成条件为暂定功能模型。,0.7
M4-REPAIR-370,RS5 修复闭环候选｜进入条件,L7 修复状态与完成层级,REPAIR-修复状态,通用,门槛,RS5,,至少RV4／RV5，反例和安全检查通过。,必要现实证据缺失。,由共享基础引擎提供；仅修正修复功能的承载、持续与压力占位，不直接等同是否愿意认错或能否修复。,由M1／M2提供；夫妻星只说明伴侣原型与关系资格，不单独证明修复能力、修复意愿或修复结果。,由M3-BASE提供；日支底盘说明亲密关系中自然调用的功能，但不能单独证明修复闭环。,由M3-CONFLICT、M4-LOOP及现实事件提供；必须区分问题停止、责任承担、影响确认、行动改变、反馈整合与后续回访。,由共享基础引擎判定；近位提高相关功能进入亲密关系核心的概率，远位只作背景或阶段修正。,根气只修正某修复功能是否容易重复调用，不等于现实中已经持续改变。,旺弱只修正功能调用强度与占位，不直接等同修复质量、诚意或关系结果。,喜忌只修正功能摩擦、平衡与承载，不直接等同道德、成熟、善恶或是否值得原谅。,原十神功能有效；真合化成立时按化神功能替换，合化争议时停止定性。,近位提高修复议题与亲密关系的直接相关性；远位仅保留背景、阶段或低置信修正。,92,状态路由，不单独增加命理分,repair_status,进入条件必须由事件节点和证据深度支持。,判断这一状态需要看到：至少RV4／RV5，反例和安全检查通过。,不得仅凭本规则判断道歉真诚与否、要求对方原谅或复合、推断关系一定修复或失败、淡化暴力强迫与现实伤害、平均分配明显不对等的责任；现实安全、具体行为、反例与专业支持优先。,中高,待验证,,provisional=true；M3-REPAIR尚未完成，完成条件为暂定功能模型。,0.7
M4-REPAIR-371,RS5 修复闭环候选｜输出语言,L7 修复状态与完成层级,REPAIR-修复状态,通用,输出,RS5,,该状态已通过去重、反例和安全检查。,混淆修复状态与原谅、复合或关系结果。,由共享基础引擎提供；仅修正修复功能的承载、持续与压力占位，不直接等同是否愿意认错或能否修复。,由M1／M2提供；夫妻星只说明伴侣原型与关系资格，不单独证明修复能力、修复意愿或修复结果。,由M3-BASE提供；日支底盘说明亲密关系中自然调用的功能，但不能单独证明修复闭环。,由M3-CONFLICT、M4-LOOP及现实事件提供；必须区分问题停止、责任承担、影响确认、行动改变、反馈整合与后续回访。,由共享基础引擎判定；近位提高相关功能进入亲密关系核心的概率，远位只作背景或阶段修正。,根气只修正某修复功能是否容易重复调用，不等于现实中已经持续改变。,旺弱只修正功能调用强度与占位，不直接等同修复质量、诚意或关系结果。,喜忌只修正功能摩擦、平衡与承载，不直接等同道德、成熟、善恶或是否值得原谅。,原十神功能有效；真合化成立时按化神功能替换，合化争议时停止定性。,近位提高修复议题与亲密关系的直接相关性；远位仅保留背景、阶段或低置信修正。,76,状态路由，不单独增加命理分,repair_status,输出需同时说明完成和未完成部分。,目前具备修复闭环的主要条件，但持续性仍需时间验证。,不得仅凭本规则判断道歉真诚与否、要求对方原谅或复合、推断关系一定修复或失败、淡化暴力强迫与现实伤害、平均分配明显不对等的责任；现实安全、具体行为、反例与专业支持优先。,中高,待验证,,provisional=true；M3-REPAIR尚未完成，完成条件为暂定功能模型。,0.7
M4-REPAIR-372,RS5 修复闭环候选｜升级／停止边界,L7 修复状态与完成层级,REPAIR-修复状态,通用,边界,RS5,,只有新增现实节点、持续行为或接收反馈才能升级。,靠命理分值、一次情绪或道歉标签升级。,由共享基础引擎提供；仅修正修复功能的承载、持续与压力占位，不直接等同是否愿意认错或能否修复。,由M1／M2提供；夫妻星只说明伴侣原型与关系资格，不单独证明修复能力、修复意愿或修复结果。,由M3-BASE提供；日支底盘说明亲密关系中自然调用的功能，但不能单独证明修复闭环。,由M3-CONFLICT、M4-LOOP及现实事件提供；必须区分问题停止、责任承担、影响确认、行动改变、反馈整合与后续回访。,由共享基础引擎判定；近位提高相关功能进入亲密关系核心的概率，远位只作背景或阶段修正。,根气只修正某修复功能是否容易重复调用，不等于现实中已经持续改变。,旺弱只修正功能调用强度与占位，不直接等同修复质量、诚意或关系结果。,喜忌只修正功能摩擦、平衡与承载，不直接等同道德、成熟、善恶或是否值得原谅。,原十神功能有效；真合化成立时按化神功能替换，合化争议时停止定性。,近位提高修复议题与亲密关系的直接相关性；远位仅保留背景、阶段或低置信修正。,92,状态路由，不单独增加命理分,repair_status,RS状态升级依赖现实过程。,状态变化要由新的现实证据推动，不能只靠结构推测。,不得仅凭本规则判断道歉真诚与否、要求对方原谅或复合、推断关系一定修复或失败、淡化暴力强迫与现实伤害、平均分配明显不对等的责任；现实安全、具体行为、反例与专业支持优先。,中高,待验证,,provisional=true；M3-REPAIR尚未完成，完成条件为暂定功能模型。,0.7
M4-REPAIR-373,RS6 持续修复已验证｜状态定义,L7 修复状态与完成层级,REPAIR-修复状态,通用,定义,RS6,,相似情境中改变能够保持，并完成回访、反例和独立佐证。,用命盘或单一动作越级判断。,由共享基础引擎提供；仅修正修复功能的承载、持续与压力占位，不直接等同是否愿意认错或能否修复。,由M1／M2提供；夫妻星只说明伴侣原型与关系资格，不单独证明修复能力、修复意愿或修复结果。,由M3-BASE提供；日支底盘说明亲密关系中自然调用的功能，但不能单独证明修复闭环。,由M3-CONFLICT、M4-LOOP及现实事件提供；必须区分问题停止、责任承担、影响确认、行动改变、反馈整合与后续回访。,由共享基础引擎判定；近位提高相关功能进入亲密关系核心的概率，远位只作背景或阶段修正。,根气只修正某修复功能是否容易重复调用，不等于现实中已经持续改变。,旺弱只修正功能调用强度与占位，不直接等同修复质量、诚意或关系结果。,喜忌只修正功能摩擦、平衡与承载，不直接等同道德、成熟、善恶或是否值得原谅。,原十神功能有效；真合化成立时按化神功能替换，合化争议时停止定性。,近位提高修复议题与亲密关系的直接相关性；远位仅保留背景、阶段或低置信修正。,76,状态路由，不单独增加命理分,repair_status,RS状态描述现实修复进度，不评价关系好坏。,从后续表现看，这次修复已经不只是一次动作，而形成了较稳定的新做法。,不得仅凭本规则判断道歉真诚与否、要求对方原谅或复合、推断关系一定修复或失败、淡化暴力强迫与现实伤害、平均分配明显不对等的责任；现实安全、具体行为、反例与专业支持优先。,中高,待验证,,provisional=true；M3-REPAIR尚未完成，完成条件为暂定功能模型。,0.7
M4-REPAIR-374,RS6 持续修复已验证｜进入条件,L7 修复状态与完成层级,REPAIR-修复状态,通用,门槛,RS6,,RV6／RV7，且无重大反例。,必要现实证据缺失。,由共享基础引擎提供；仅修正修复功能的承载、持续与压力占位，不直接等同是否愿意认错或能否修复。,由M1／M2提供；夫妻星只说明伴侣原型与关系资格，不单独证明修复能力、修复意愿或修复结果。,由M3-BASE提供；日支底盘说明亲密关系中自然调用的功能，但不能单独证明修复闭环。,由M3-CONFLICT、M4-LOOP及现实事件提供；必须区分问题停止、责任承担、影响确认、行动改变、反馈整合与后续回访。,由共享基础引擎判定；近位提高相关功能进入亲密关系核心的概率，远位只作背景或阶段修正。,根气只修正某修复功能是否容易重复调用，不等于现实中已经持续改变。,旺弱只修正功能调用强度与占位，不直接等同修复质量、诚意或关系结果。,喜忌只修正功能摩擦、平衡与承载，不直接等同道德、成熟、善恶或是否值得原谅。,原十神功能有效；真合化成立时按化神功能替换，合化争议时停止定性。,近位提高修复议题与亲密关系的直接相关性；远位仅保留背景、阶段或低置信修正。,92,状态路由，不单独增加命理分,repair_status,进入条件必须由事件节点和证据深度支持。,判断这一状态需要看到：RV6／RV7，且无重大反例。,不得仅凭本规则判断道歉真诚与否、要求对方原谅或复合、推断关系一定修复或失败、淡化暴力强迫与现实伤害、平均分配明显不对等的责任；现实安全、具体行为、反例与专业支持优先。,中高,待验证,,provisional=true；M3-REPAIR尚未完成，完成条件为暂定功能模型。,0.7
M4-REPAIR-375,RS6 持续修复已验证｜输出语言,L7 修复状态与完成层级,REPAIR-修复状态,通用,输出,RS6,,该状态已通过去重、反例和安全检查。,混淆修复状态与原谅、复合或关系结果。,由共享基础引擎提供；仅修正修复功能的承载、持续与压力占位，不直接等同是否愿意认错或能否修复。,由M1／M2提供；夫妻星只说明伴侣原型与关系资格，不单独证明修复能力、修复意愿或修复结果。,由M3-BASE提供；日支底盘说明亲密关系中自然调用的功能，但不能单独证明修复闭环。,由M3-CONFLICT、M4-LOOP及现实事件提供；必须区分问题停止、责任承担、影响确认、行动改变、反馈整合与后续回访。,由共享基础引擎判定；近位提高相关功能进入亲密关系核心的概率，远位只作背景或阶段修正。,根气只修正某修复功能是否容易重复调用，不等于现实中已经持续改变。,旺弱只修正功能调用强度与占位，不直接等同修复质量、诚意或关系结果。,喜忌只修正功能摩擦、平衡与承载，不直接等同道德、成熟、善恶或是否值得原谅。,原十神功能有效；真合化成立时按化神功能替换，合化争议时停止定性。,近位提高修复议题与亲密关系的直接相关性；远位仅保留背景、阶段或低置信修正。,76,状态路由，不单独增加命理分,repair_status,输出需同时说明完成和未完成部分。,从后续表现看，这次修复已经不只是一次动作，而形成了较稳定的新做法。,不得仅凭本规则判断道歉真诚与否、要求对方原谅或复合、推断关系一定修复或失败、淡化暴力强迫与现实伤害、平均分配明显不对等的责任；现实安全、具体行为、反例与专业支持优先。,中高,待验证,,provisional=true；M3-REPAIR尚未完成，完成条件为暂定功能模型。,0.7
M4-REPAIR-376,RS6 持续修复已验证｜升级／停止边界,L7 修复状态与完成层级,REPAIR-修复状态,通用,边界,RS6,,只有新增现实节点、持续行为或接收反馈才能升级。,靠命理分值、一次情绪或道歉标签升级。,由共享基础引擎提供；仅修正修复功能的承载、持续与压力占位，不直接等同是否愿意认错或能否修复。,由M1／M2提供；夫妻星只说明伴侣原型与关系资格，不单独证明修复能力、修复意愿或修复结果。,由M3-BASE提供；日支底盘说明亲密关系中自然调用的功能，但不能单独证明修复闭环。,由M3-CONFLICT、M4-LOOP及现实事件提供；必须区分问题停止、责任承担、影响确认、行动改变、反馈整合与后续回访。,由共享基础引擎判定；近位提高相关功能进入亲密关系核心的概率，远位只作背景或阶段修正。,根气只修正某修复功能是否容易重复调用，不等于现实中已经持续改变。,旺弱只修正功能调用强度与占位，不直接等同修复质量、诚意或关系结果。,喜忌只修正功能摩擦、平衡与承载，不直接等同道德、成熟、善恶或是否值得原谅。,原十神功能有效；真合化成立时按化神功能替换，合化争议时停止定性。,近位提高修复议题与亲密关系的直接相关性；远位仅保留背景、阶段或低置信修正。,92,状态路由，不单独增加命理分,repair_status,RS状态升级依赖现实过程。,状态变化要由新的现实证据推动，不能只靠结构推测。,不得仅凭本规则判断道歉真诚与否、要求对方原谅或复合、推断关系一定修复或失败、淡化暴力强迫与现实伤害、平均分配明显不对等的责任；现实安全、具体行为、反例与专业支持优先。,中高,待验证,,provisional=true；M3-REPAIR尚未完成，完成条件为暂定功能模型。,0.7
M4-REPAIR-377,RS7 不继续关系／安全路由｜状态定义,L7 修复状态与完成层级,REPAIR-修复状态,通用,定义,RS7,,一方选择不原谅、不恢复信任或不继续关系，或现实安全优先。,用命盘或单一动作越级判断。,由共享基础引擎提供；仅修正修复功能的承载、持续与压力占位，不直接等同是否愿意认错或能否修复。,由M1／M2提供；夫妻星只说明伴侣原型与关系资格，不单独证明修复能力、修复意愿或修复结果。,由M3-BASE提供；日支底盘说明亲密关系中自然调用的功能，但不能单独证明修复闭环。,由M3-CONFLICT、M4-LOOP及现实事件提供；必须区分问题停止、责任承担、影响确认、行动改变、反馈整合与后续回访。,由共享基础引擎判定；近位提高相关功能进入亲密关系核心的概率，远位只作背景或阶段修正。,根气只修正某修复功能是否容易重复调用，不等于现实中已经持续改变。,旺弱只修正功能调用强度与占位，不直接等同修复质量、诚意或关系结果。,喜忌只修正功能摩擦、平衡与承载，不直接等同道德、成熟、善恶或是否值得原谅。,原十神功能有效；真合化成立时按化神功能替换，合化争议时停止定性。,近位提高修复议题与亲密关系的直接相关性；远位仅保留背景、阶段或低置信修正。,76,状态路由，不单独增加命理分,repair_status,RS状态描述现实修复进度，不评价关系好坏。,修复责任与是否继续关系是两件事；不继续也可以是合理选择。,不得仅凭本规则判断道歉真诚与否、要求对方原谅或复合、推断关系一定修复或失败、淡化暴力强迫与现实伤害、平均分配明显不对等的责任；现实安全、具体行为、反例与专业支持优先。,中高,待验证,,provisional=true；M3-REPAIR尚未完成，完成条件为暂定功能模型。,0.7
M4-REPAIR-378,RS7 不继续关系／安全路由｜进入条件,L7 修复状态与完成层级,REPAIR-修复状态,通用,门槛,RS7,,明确拒绝、退出、保护安排或安全事实。,必要现实证据缺失。,由共享基础引擎提供；仅修正修复功能的承载、持续与压力占位，不直接等同是否愿意认错或能否修复。,由M1／M2提供；夫妻星只说明伴侣原型与关系资格，不单独证明修复能力、修复意愿或修复结果。,由M3-BASE提供；日支底盘说明亲密关系中自然调用的功能，但不能单独证明修复闭环。,由M3-CONFLICT、M4-LOOP及现实事件提供；必须区分问题停止、责任承担、影响确认、行动改变、反馈整合与后续回访。,由共享基础引擎判定；近位提高相关功能进入亲密关系核心的概率，远位只作背景或阶段修正。,根气只修正某修复功能是否容易重复调用，不等于现实中已经持续改变。,旺弱只修正功能调用强度与占位，不直接等同修复质量、诚意或关系结果。,喜忌只修正功能摩擦、平衡与承载，不直接等同道德、成熟、善恶或是否值得原谅。,原十神功能有效；真合化成立时按化神功能替换，合化争议时停止定性。,近位提高修复议题与亲密关系的直接相关性；远位仅保留背景、阶段或低置信修正。,92,状态路由，不单独增加命理分,repair_status,进入条件必须由事件节点和证据深度支持。,判断这一状态需要看到：明确拒绝、退出、保护安排或安全事实。,不得仅凭本规则判断道歉真诚与否、要求对方原谅或复合、推断关系一定修复或失败、淡化暴力强迫与现实伤害、平均分配明显不对等的责任；现实安全、具体行为、反例与专业支持优先。,中高,待验证,,provisional=true；M3-REPAIR尚未完成，完成条件为暂定功能模型。,0.7
M4-REPAIR-379,RS7 不继续关系／安全路由｜输出语言,L7 修复状态与完成层级,REPAIR-修复状态,通用,输出,RS7,,该状态已通过去重、反例和安全检查。,混淆修复状态与原谅、复合或关系结果。,由共享基础引擎提供；仅修正修复功能的承载、持续与压力占位，不直接等同是否愿意认错或能否修复。,由M1／M2提供；夫妻星只说明伴侣原型与关系资格，不单独证明修复能力、修复意愿或修复结果。,由M3-BASE提供；日支底盘说明亲密关系中自然调用的功能，但不能单独证明修复闭环。,由M3-CONFLICT、M4-LOOP及现实事件提供；必须区分问题停止、责任承担、影响确认、行动改变、反馈整合与后续回访。,由共享基础引擎判定；近位提高相关功能进入亲密关系核心的概率，远位只作背景或阶段修正。,根气只修正某修复功能是否容易重复调用，不等于现实中已经持续改变。,旺弱只修正功能调用强度与占位，不直接等同修复质量、诚意或关系结果。,喜忌只修正功能摩擦、平衡与承载，不直接等同道德、成熟、善恶或是否值得原谅。,原十神功能有效；真合化成立时按化神功能替换，合化争议时停止定性。,近位提高修复议题与亲密关系的直接相关性；远位仅保留背景、阶段或低置信修正。,76,状态路由，不单独增加命理分,repair_status,输出需同时说明完成和未完成部分。,修复责任与是否继续关系是两件事；不继续也可以是合理选择。,不得仅凭本规则判断道歉真诚与否、要求对方原谅或复合、推断关系一定修复或失败、淡化暴力强迫与现实伤害、平均分配明显不对等的责任；现实安全、具体行为、反例与专业支持优先。,中高,待验证,,provisional=true；M3-REPAIR尚未完成，完成条件为暂定功能模型。,0.7
M4-REPAIR-380,RS7 不继续关系／安全路由｜升级／停止边界,L7 修复状态与完成层级,REPAIR-修复状态,通用,边界,RS7,,只有新增现实节点、持续行为或接收反馈才能升级。,靠命理分值、一次情绪或道歉标签升级。,由共享基础引擎提供；仅修正修复功能的承载、持续与压力占位，不直接等同是否愿意认错或能否修复。,由M1／M2提供；夫妻星只说明伴侣原型与关系资格，不单独证明修复能力、修复意愿或修复结果。,由M3-BASE提供；日支底盘说明亲密关系中自然调用的功能，但不能单独证明修复闭环。,由M3-CONFLICT、M4-LOOP及现实事件提供；必须区分问题停止、责任承担、影响确认、行动改变、反馈整合与后续回访。,由共享基础引擎判定；近位提高相关功能进入亲密关系核心的概率，远位只作背景或阶段修正。,根气只修正某修复功能是否容易重复调用，不等于现实中已经持续改变。,旺弱只修正功能调用强度与占位，不直接等同修复质量、诚意或关系结果。,喜忌只修正功能摩擦、平衡与承载，不直接等同道德、成熟、善恶或是否值得原谅。,原十神功能有效；真合化成立时按化神功能替换，合化争议时停止定性。,近位提高修复议题与亲密关系的直接相关性；远位仅保留背景、阶段或低置信修正。,92,状态路由，不单独增加命理分,repair_status,RS状态升级依赖现实过程。,状态变化要由新的现实证据推动，不能只靠结构推测。,不得仅凭本规则判断道歉真诚与否、要求对方原谅或复合、推断关系一定修复或失败、淡化暴力强迫与现实伤害、平均分配明显不对等的责任；现实安全、具体行为、反例与专业支持优先。,中高,待验证,,provisional=true；M3-REPAIR尚未完成，完成条件为暂定功能模型。,0.7
M4-REPAIR-381,LP01 证明加码循环｜修复路由,L8 LOOP与K机制接口,REPAIR-循环接口,通用,接口,LP01,,LP01已达到E3候选或有明确现实序列；修复路由为：先定义“什么证据已经足够”，再用RN07反馈与RN08持续性替代无限证明。,循环尚未成立，或只有命盘候选。,由共享基础引擎提供；仅修正修复功能的承载、持续与压力占位，不直接等同是否愿意认错或能否修复。,由M1／M2提供；夫妻星只说明伴侣原型与关系资格，不单独证明修复能力、修复意愿或修复结果。,由M3-BASE提供；日支底盘说明亲密关系中自然调用的功能，但不能单独证明修复闭环。,由M3-CONFLICT、M4-LOOP及现实事件提供；必须区分问题停止、责任承担、影响确认、行动改变、反馈整合与后续回访。,由共享基础引擎判定；近位提高相关功能进入亲密关系核心的概率，远位只作背景或阶段修正。,根气只修正某修复功能是否容易重复调用，不等于现实中已经持续改变。,旺弱只修正功能调用强度与占位，不直接等同修复质量、诚意或关系结果。,喜忌只修正功能摩擦、平衡与承载，不直接等同道德、成熟、善恶或是否值得原谅。,原十神功能有效；真合化成立时按化神功能替换，合化争议时停止定性。,近位提高修复议题与亲密关系的直接相关性；远位仅保留背景、阶段或低置信修正。,88,路由，不重复加循环分,repair_route,每类循环需要不同的修复中断点，不能使用统一道歉模板。,这类循环的关键修复点是：先定义“什么证据已经足够”，再用RN07反馈与RN08持续性替代无限证明。,不得仅凭本规则判断道歉真诚与否、要求对方原谅或复合、推断关系一定修复或失败、淡化暴力强迫与现实伤害、平均分配明显不对等的责任；现实安全、具体行为、反例与专业支持优先。,中高,待验证,,provisional=true；M3-REPAIR尚未完成，完成条件为暂定功能模型。,0.7
M4-REPAIR-382,LP01 证明加码循环｜边界与验证,L8 LOOP与K机制接口,REPAIR-循环接口,通用,边界,LP01,,使用现实反馈、复发、修复节点和反例验证。,新承诺或一次证明不能自动结束循环,由共享基础引擎提供；仅修正修复功能的承载、持续与压力占位，不直接等同是否愿意认错或能否修复。,由M1／M2提供；夫妻星只说明伴侣原型与关系资格，不单独证明修复能力、修复意愿或修复结果。,由M3-BASE提供；日支底盘说明亲密关系中自然调用的功能，但不能单独证明修复闭环。,由M3-CONFLICT、M4-LOOP及现实事件提供；必须区分问题停止、责任承担、影响确认、行动改变、反馈整合与后续回访。,由共享基础引擎判定；近位提高相关功能进入亲密关系核心的概率，远位只作背景或阶段修正。,根气只修正某修复功能是否容易重复调用，不等于现实中已经持续改变。,旺弱只修正功能调用强度与占位，不直接等同修复质量、诚意或关系结果。,喜忌只修正功能摩擦、平衡与承载，不直接等同道德、成熟、善恶或是否值得原谅。,原十神功能有效；真合化成立时按化神功能替换，合化争议时停止定性。,近位提高修复议题与亲密关系的直接相关性；远位仅保留背景、阶段或低置信修正。,92,门控／反例检查,boundary_note,新承诺或一次证明不能自动结束循环,边界提示：新承诺或一次证明不能自动结束循环。,不得仅凭本规则判断道歉真诚与否、要求对方原谅或复合、推断关系一定修复或失败、淡化暴力强迫与现实伤害、平均分配明显不对等的责任；现实安全、具体行为、反例与专业支持优先。,高,待验证,,provisional=true；M3-REPAIR尚未完成，完成条件为暂定功能模型。,0.7
M4-REPAIR-383,LP02 解释升级循环｜修复路由,L8 LOOP与K机制接口,REPAIR-循环接口,通用,接口,LP02,,LP02已达到E3候选或有明确现实序列；修复路由为：在继续解释前加入RN03影响复述与RN07接收反馈。,循环尚未成立，或只有命盘候选。,由共享基础引擎提供；仅修正修复功能的承载、持续与压力占位，不直接等同是否愿意认错或能否修复。,由M1／M2提供；夫妻星只说明伴侣原型与关系资格，不单独证明修复能力、修复意愿或修复结果。,由M3-BASE提供；日支底盘说明亲密关系中自然调用的功能，但不能单独证明修复闭环。,由M3-CONFLICT、M4-LOOP及现实事件提供；必须区分问题停止、责任承担、影响确认、行动改变、反馈整合与后续回访。,由共享基础引擎判定；近位提高相关功能进入亲密关系核心的概率，远位只作背景或阶段修正。,根气只修正某修复功能是否容易重复调用，不等于现实中已经持续改变。,旺弱只修正功能调用强度与占位，不直接等同修复质量、诚意或关系结果。,喜忌只修正功能摩擦、平衡与承载，不直接等同道德、成熟、善恶或是否值得原谅。,原十神功能有效；真合化成立时按化神功能替换，合化争议时停止定性。,近位提高修复议题与亲密关系的直接相关性；远位仅保留背景、阶段或低置信修正。,88,路由，不重复加循环分,repair_route,每类循环需要不同的修复中断点，不能使用统一道歉模板。,这类循环的关键修复点是：在继续解释前加入RN03影响复述与RN07接收反馈。,不得仅凭本规则判断道歉真诚与否、要求对方原谅或复合、推断关系一定修复或失败、淡化暴力强迫与现实伤害、平均分配明显不对等的责任；现实安全、具体行为、反例与专业支持优先。,中高,待验证,,provisional=true；M3-REPAIR尚未完成，完成条件为暂定功能模型。,0.7
M4-REPAIR-384,LP02 解释升级循环｜边界与验证,L8 LOOP与K机制接口,REPAIR-循环接口,通用,边界,LP02,,使用现实反馈、复发、修复节点和反例验证。,更多解释不等于更被理解,由共享基础引擎提供；仅修正修复功能的承载、持续与压力占位，不直接等同是否愿意认错或能否修复。,由M1／M2提供；夫妻星只说明伴侣原型与关系资格，不单独证明修复能力、修复意愿或修复结果。,由M3-BASE提供；日支底盘说明亲密关系中自然调用的功能，但不能单独证明修复闭环。,由M3-CONFLICT、M4-LOOP及现实事件提供；必须区分问题停止、责任承担、影响确认、行动改变、反馈整合与后续回访。,由共享基础引擎判定；近位提高相关功能进入亲密关系核心的概率，远位只作背景或阶段修正。,根气只修正某修复功能是否容易重复调用，不等于现实中已经持续改变。,旺弱只修正功能调用强度与占位，不直接等同修复质量、诚意或关系结果。,喜忌只修正功能摩擦、平衡与承载，不直接等同道德、成熟、善恶或是否值得原谅。,原十神功能有效；真合化成立时按化神功能替换，合化争议时停止定性。,近位提高修复议题与亲密关系的直接相关性；远位仅保留背景、阶段或低置信修正。,92,门控／反例检查,boundary_note,更多解释不等于更被理解,边界提示：更多解释不等于更被理解。,不得仅凭本规则判断道歉真诚与否、要求对方原谅或复合、推断关系一定修复或失败、淡化暴力强迫与现实伤害、平均分配明显不对等的责任；现实安全、具体行为、反例与专业支持优先。,高,待验证,,provisional=true；M3-REPAIR尚未完成，完成条件为暂定功能模型。,0.7
M4-REPAIR-385,LP03 和谐延后循环｜修复路由,L8 LOOP与K机制接口,REPAIR-循环接口,通用,接口,LP03,,LP03已达到E3候选或有明确现实序列；修复路由为：降温后设置明确回访点，补做RN02／RN05／RN06。,循环尚未成立，或只有命盘候选。,由共享基础引擎提供；仅修正修复功能的承载、持续与压力占位，不直接等同是否愿意认错或能否修复。,由M1／M2提供；夫妻星只说明伴侣原型与关系资格，不单独证明修复能力、修复意愿或修复结果。,由M3-BASE提供；日支底盘说明亲密关系中自然调用的功能，但不能单独证明修复闭环。,由M3-CONFLICT、M4-LOOP及现实事件提供；必须区分问题停止、责任承担、影响确认、行动改变、反馈整合与后续回访。,由共享基础引擎判定；近位提高相关功能进入亲密关系核心的概率，远位只作背景或阶段修正。,根气只修正某修复功能是否容易重复调用，不等于现实中已经持续改变。,旺弱只修正功能调用强度与占位，不直接等同修复质量、诚意或关系结果。,喜忌只修正功能摩擦、平衡与承载，不直接等同道德、成熟、善恶或是否值得原谅。,原十神功能有效；真合化成立时按化神功能替换，合化争议时停止定性。,近位提高修复议题与亲密关系的直接相关性；远位仅保留背景、阶段或低置信修正。,88,路由，不重复加循环分,repair_route,每类循环需要不同的修复中断点，不能使用统一道歉模板。,这类循环的关键修复点是：降温后设置明确回访点，补做RN02／RN05／RN06。,不得仅凭本规则判断道歉真诚与否、要求对方原谅或复合、推断关系一定修复或失败、淡化暴力强迫与现实伤害、平均分配明显不对等的责任；现实安全、具体行为、反例与专业支持优先。,中高,待验证,,provisional=true；M3-REPAIR尚未完成，完成条件为暂定功能模型。,0.7
M4-REPAIR-386,LP03 和谐延后循环｜边界与验证,L8 LOOP与K机制接口,REPAIR-循环接口,通用,边界,LP03,,使用现实反馈、复发、修复节点和反例验证。,气氛恢复不能替代关键议题,由共享基础引擎提供；仅修正修复功能的承载、持续与压力占位，不直接等同是否愿意认错或能否修复。,由M1／M2提供；夫妻星只说明伴侣原型与关系资格，不单独证明修复能力、修复意愿或修复结果。,由M3-BASE提供；日支底盘说明亲密关系中自然调用的功能，但不能单独证明修复闭环。,由M3-CONFLICT、M4-LOOP及现实事件提供；必须区分问题停止、责任承担、影响确认、行动改变、反馈整合与后续回访。,由共享基础引擎判定；近位提高相关功能进入亲密关系核心的概率，远位只作背景或阶段修正。,根气只修正某修复功能是否容易重复调用，不等于现实中已经持续改变。,旺弱只修正功能调用强度与占位，不直接等同修复质量、诚意或关系结果。,喜忌只修正功能摩擦、平衡与承载，不直接等同道德、成熟、善恶或是否值得原谅。,原十神功能有效；真合化成立时按化神功能替换，合化争议时停止定性。,近位提高修复议题与亲密关系的直接相关性；远位仅保留背景、阶段或低置信修正。,92,门控／反例检查,boundary_note,气氛恢复不能替代关键议题,边界提示：气氛恢复不能替代关键议题。,不得仅凭本规则判断道歉真诚与否、要求对方原谅或复合、推断关系一定修复或失败、淡化暴力强迫与现实伤害、平均分配明显不对等的责任；现实安全、具体行为、反例与专业支持优先。,高,待验证,,provisional=true；M3-REPAIR尚未完成，完成条件为暂定功能模型。,0.7
M4-REPAIR-387,LP04 解决替代循环｜修复路由,L8 LOOP与K机制接口,REPAIR-循环接口,通用,接口,LP04,,LP04已达到E3候选或有明确现实序列；修复路由为：现实方案后加入RN03影响、RN05参与权和RN07反馈。,循环尚未成立，或只有命盘候选。,由共享基础引擎提供；仅修正修复功能的承载、持续与压力占位，不直接等同是否愿意认错或能否修复。,由M1／M2提供；夫妻星只说明伴侣原型与关系资格，不单独证明修复能力、修复意愿或修复结果。,由M3-BASE提供；日支底盘说明亲密关系中自然调用的功能，但不能单独证明修复闭环。,由M3-CONFLICT、M4-LOOP及现实事件提供；必须区分问题停止、责任承担、影响确认、行动改变、反馈整合与后续回访。,由共享基础引擎判定；近位提高相关功能进入亲密关系核心的概率，远位只作背景或阶段修正。,根气只修正某修复功能是否容易重复调用，不等于现实中已经持续改变。,旺弱只修正功能调用强度与占位，不直接等同修复质量、诚意或关系结果。,喜忌只修正功能摩擦、平衡与承载，不直接等同道德、成熟、善恶或是否值得原谅。,原十神功能有效；真合化成立时按化神功能替换，合化争议时停止定性。,近位提高修复议题与亲密关系的直接相关性；远位仅保留背景、阶段或低置信修正。,88,路由，不重复加循环分,repair_route,每类循环需要不同的修复中断点，不能使用统一道歉模板。,这类循环的关键修复点是：现实方案后加入RN03影响、RN05参与权和RN07反馈。,不得仅凭本规则判断道歉真诚与否、要求对方原谅或复合、推断关系一定修复或失败、淡化暴力强迫与现实伤害、平均分配明显不对等的责任；现实安全、具体行为、反例与专业支持优先。,中高,待验证,,provisional=true；M3-REPAIR尚未完成，完成条件为暂定功能模型。,0.7
M4-REPAIR-388,LP04 解决替代循环｜边界与验证,L8 LOOP与K机制接口,REPAIR-循环接口,通用,边界,LP04,,使用现实反馈、复发、修复节点和反例验证。,任务完成不等于关系修复,由共享基础引擎提供；仅修正修复功能的承载、持续与压力占位，不直接等同是否愿意认错或能否修复。,由M1／M2提供；夫妻星只说明伴侣原型与关系资格，不单独证明修复能力、修复意愿或修复结果。,由M3-BASE提供；日支底盘说明亲密关系中自然调用的功能，但不能单独证明修复闭环。,由M3-CONFLICT、M4-LOOP及现实事件提供；必须区分问题停止、责任承担、影响确认、行动改变、反馈整合与后续回访。,由共享基础引擎判定；近位提高相关功能进入亲密关系核心的概率，远位只作背景或阶段修正。,根气只修正某修复功能是否容易重复调用，不等于现实中已经持续改变。,旺弱只修正功能调用强度与占位，不直接等同修复质量、诚意或关系结果。,喜忌只修正功能摩擦、平衡与承载，不直接等同道德、成熟、善恶或是否值得原谅。,原十神功能有效；真合化成立时按化神功能替换，合化争议时停止定性。,近位提高修复议题与亲密关系的直接相关性；远位仅保留背景、阶段或低置信修正。,92,门控／反例检查,boundary_note,任务完成不等于关系修复,边界提示：任务完成不等于关系修复。,不得仅凭本规则判断道歉真诚与否、要求对方原谅或复合、推断关系一定修复或失败、淡化暴力强迫与现实伤害、平均分配明显不对等的责任；现实安全、具体行为、反例与专业支持优先。,高,待验证,,provisional=true；M3-REPAIR尚未完成，完成条件为暂定功能模型。,0.7
M4-REPAIR-389,LP05 承接替代改变循环｜修复路由,L8 LOOP与K机制接口,REPAIR-循环接口,通用,接口,LP05,,LP05已达到E3候选或有明确现实序列；修复路由为：理解之后进入RN04责任与RN06现实改变。,循环尚未成立，或只有命盘候选。,由共享基础引擎提供；仅修正修复功能的承载、持续与压力占位，不直接等同是否愿意认错或能否修复。,由M1／M2提供；夫妻星只说明伴侣原型与关系资格，不单独证明修复能力、修复意愿或修复结果。,由M3-BASE提供；日支底盘说明亲密关系中自然调用的功能，但不能单独证明修复闭环。,由M3-CONFLICT、M4-LOOP及现实事件提供；必须区分问题停止、责任承担、影响确认、行动改变、反馈整合与后续回访。,由共享基础引擎判定；近位提高相关功能进入亲密关系核心的概率，远位只作背景或阶段修正。,根气只修正某修复功能是否容易重复调用，不等于现实中已经持续改变。,旺弱只修正功能调用强度与占位，不直接等同修复质量、诚意或关系结果。,喜忌只修正功能摩擦、平衡与承载，不直接等同道德、成熟、善恶或是否值得原谅。,原十神功能有效；真合化成立时按化神功能替换，合化争议时停止定性。,近位提高修复议题与亲密关系的直接相关性；远位仅保留背景、阶段或低置信修正。,88,路由，不重复加循环分,repair_route,每类循环需要不同的修复中断点，不能使用统一道歉模板。,这类循环的关键修复点是：理解之后进入RN04责任与RN06现实改变。,不得仅凭本规则判断道歉真诚与否、要求对方原谅或复合、推断关系一定修复或失败、淡化暴力强迫与现实伤害、平均分配明显不对等的责任；现实安全、具体行为、反例与专业支持优先。,中高,待验证,,provisional=true；M3-REPAIR尚未完成，完成条件为暂定功能模型。,0.7
M4-REPAIR-390,LP05 承接替代改变循环｜边界与验证,L8 LOOP与K机制接口,REPAIR-循环接口,通用,边界,LP05,,使用现实反馈、复发、修复节点和反例验证。,被理解不等于行为已改变,由共享基础引擎提供；仅修正修复功能的承载、持续与压力占位，不直接等同是否愿意认错或能否修复。,由M1／M2提供；夫妻星只说明伴侣原型与关系资格，不单独证明修复能力、修复意愿或修复结果。,由M3-BASE提供；日支底盘说明亲密关系中自然调用的功能，但不能单独证明修复闭环。,由M3-CONFLICT、M4-LOOP及现实事件提供；必须区分问题停止、责任承担、影响确认、行动改变、反馈整合与后续回访。,由共享基础引擎判定；近位提高相关功能进入亲密关系核心的概率，远位只作背景或阶段修正。,根气只修正某修复功能是否容易重复调用，不等于现实中已经持续改变。,旺弱只修正功能调用强度与占位，不直接等同修复质量、诚意或关系结果。,喜忌只修正功能摩擦、平衡与承载，不直接等同道德、成熟、善恶或是否值得原谅。,原十神功能有效；真合化成立时按化神功能替换，合化争议时停止定性。,近位提高修复议题与亲密关系的直接相关性；远位仅保留背景、阶段或低置信修正。,92,门控／反例检查,boundary_note,被理解不等于行为已改变,边界提示：被理解不等于行为已改变。,不得仅凭本规则判断道歉真诚与否、要求对方原谅或复合、推断关系一定修复或失败、淡化暴力强迫与现实伤害、平均分配明显不对等的责任；现实安全、具体行为、反例与专业支持优先。,高,待验证,,provisional=true；M3-REPAIR尚未完成，完成条件为暂定功能模型。,0.7
M4-REPAIR-391,LP06 投入记账循环｜修复路由,L8 LOOP与K机制接口,REPAIR-循环接口,通用,接口,LP06,,LP06已达到E3候选或有明确现实序列；修复路由为：明确需要、支持形式与回应方式，使用RN07校验而非项目比较。,循环尚未成立，或只有命盘候选。,由共享基础引擎提供；仅修正修复功能的承载、持续与压力占位，不直接等同是否愿意认错或能否修复。,由M1／M2提供；夫妻星只说明伴侣原型与关系资格，不单独证明修复能力、修复意愿或修复结果。,由M3-BASE提供；日支底盘说明亲密关系中自然调用的功能，但不能单独证明修复闭环。,由M3-CONFLICT、M4-LOOP及现实事件提供；必须区分问题停止、责任承担、影响确认、行动改变、反馈整合与后续回访。,由共享基础引擎判定；近位提高相关功能进入亲密关系核心的概率，远位只作背景或阶段修正。,根气只修正某修复功能是否容易重复调用，不等于现实中已经持续改变。,旺弱只修正功能调用强度与占位，不直接等同修复质量、诚意或关系结果。,喜忌只修正功能摩擦、平衡与承载，不直接等同道德、成熟、善恶或是否值得原谅。,原十神功能有效；真合化成立时按化神功能替换，合化争议时停止定性。,近位提高修复议题与亲密关系的直接相关性；远位仅保留背景、阶段或低置信修正。,88,路由，不重复加循环分,repair_route,每类循环需要不同的修复中断点，不能使用统一道歉模板。,这类循环的关键修复点是：明确需要、支持形式与回应方式，使用RN07校验而非项目比较。,不得仅凭本规则判断道歉真诚与否、要求对方原谅或复合、推断关系一定修复或失败、淡化暴力强迫与现实伤害、平均分配明显不对等的责任；现实安全、具体行为、反例与专业支持优先。,中高,待验证,,provisional=true；M3-REPAIR尚未完成，完成条件为暂定功能模型。,0.7
M4-REPAIR-392,LP06 投入记账循环｜边界与验证,L8 LOOP与K机制接口,REPAIR-循环接口,通用,边界,LP06,,使用现实反馈、复发、修复节点和反例验证。,投入数量不能自动代表关系质量,由共享基础引擎提供；仅修正修复功能的承载、持续与压力占位，不直接等同是否愿意认错或能否修复。,由M1／M2提供；夫妻星只说明伴侣原型与关系资格，不单独证明修复能力、修复意愿或修复结果。,由M3-BASE提供；日支底盘说明亲密关系中自然调用的功能，但不能单独证明修复闭环。,由M3-CONFLICT、M4-LOOP及现实事件提供；必须区分问题停止、责任承担、影响确认、行动改变、反馈整合与后续回访。,由共享基础引擎判定；近位提高相关功能进入亲密关系核心的概率，远位只作背景或阶段修正。,根气只修正某修复功能是否容易重复调用，不等于现实中已经持续改变。,旺弱只修正功能调用强度与占位，不直接等同修复质量、诚意或关系结果。,喜忌只修正功能摩擦、平衡与承载，不直接等同道德、成熟、善恶或是否值得原谅。,原十神功能有效；真合化成立时按化神功能替换，合化争议时停止定性。,近位提高修复议题与亲密关系的直接相关性；远位仅保留背景、阶段或低置信修正。,92,门控／反例检查,boundary_note,投入数量不能自动代表关系质量,边界提示：投入数量不能自动代表关系质量。,不得仅凭本规则判断道歉真诚与否、要求对方原谅或复合、推断关系一定修复或失败、淡化暴力强迫与现实伤害、平均分配明显不对等的责任；现实安全、具体行为、反例与专业支持优先。,高,待验证,,provisional=true；M3-REPAIR尚未完成，完成条件为暂定功能模型。,0.7
M4-REPAIR-393,LP07 亲密撤回循环｜修复路由,L8 LOOP与K机制接口,REPAIR-循环接口,通用,接口,LP07,,LP07已达到E3候选或有明确现实序列；修复路由为：用RN05建立空间范围、最低连接与回归点，再由RN08验证。,循环尚未成立，或只有命盘候选。,由共享基础引擎提供；仅修正修复功能的承载、持续与压力占位，不直接等同是否愿意认错或能否修复。,由M1／M2提供；夫妻星只说明伴侣原型与关系资格，不单独证明修复能力、修复意愿或修复结果。,由M3-BASE提供；日支底盘说明亲密关系中自然调用的功能，但不能单独证明修复闭环。,由M3-CONFLICT、M4-LOOP及现实事件提供；必须区分问题停止、责任承担、影响确认、行动改变、反馈整合与后续回访。,由共享基础引擎判定；近位提高相关功能进入亲密关系核心的概率，远位只作背景或阶段修正。,根气只修正某修复功能是否容易重复调用，不等于现实中已经持续改变。,旺弱只修正功能调用强度与占位，不直接等同修复质量、诚意或关系结果。,喜忌只修正功能摩擦、平衡与承载，不直接等同道德、成熟、善恶或是否值得原谅。,原十神功能有效；真合化成立时按化神功能替换，合化争议时停止定性。,近位提高修复议题与亲密关系的直接相关性；远位仅保留背景、阶段或低置信修正。,88,路由，不重复加循环分,repair_route,每类循环需要不同的修复中断点，不能使用统一道歉模板。,这类循环的关键修复点是：用RN05建立空间范围、最低连接与回归点，再由RN08验证。,不得仅凭本规则判断道歉真诚与否、要求对方原谅或复合、推断关系一定修复或失败、淡化暴力强迫与现实伤害、平均分配明显不对等的责任；现实安全、具体行为、反例与专业支持优先。,中高,待验证,,provisional=true；M3-REPAIR尚未完成，完成条件为暂定功能模型。,0.7
M4-REPAIR-394,LP07 亲密撤回循环｜边界与验证,L8 LOOP与K机制接口,REPAIR-循环接口,通用,边界,LP07,,使用现实反馈、复发、修复节点和反例验证。,需要空间不等于拒绝关系,由共享基础引擎提供；仅修正修复功能的承载、持续与压力占位，不直接等同是否愿意认错或能否修复。,由M1／M2提供；夫妻星只说明伴侣原型与关系资格，不单独证明修复能力、修复意愿或修复结果。,由M3-BASE提供；日支底盘说明亲密关系中自然调用的功能，但不能单独证明修复闭环。,由M3-CONFLICT、M4-LOOP及现实事件提供；必须区分问题停止、责任承担、影响确认、行动改变、反馈整合与后续回访。,由共享基础引擎判定；近位提高相关功能进入亲密关系核心的概率，远位只作背景或阶段修正。,根气只修正某修复功能是否容易重复调用，不等于现实中已经持续改变。,旺弱只修正功能调用强度与占位，不直接等同修复质量、诚意或关系结果。,喜忌只修正功能摩擦、平衡与承载，不直接等同道德、成熟、善恶或是否值得原谅。,原十神功能有效；真合化成立时按化神功能替换，合化争议时停止定性。,近位提高修复议题与亲密关系的直接相关性；远位仅保留背景、阶段或低置信修正。,92,门控／反例检查,boundary_note,需要空间不等于拒绝关系,边界提示：需要空间不等于拒绝关系。,不得仅凭本规则判断道歉真诚与否、要求对方原谅或复合、推断关系一定修复或失败、淡化暴力强迫与现实伤害、平均分配明显不对等的责任；现实安全、具体行为、反例与专业支持优先。,高,待验证,,provisional=true；M3-REPAIR尚未完成，完成条件为暂定功能模型。,0.7
M4-REPAIR-395,LP08 平等竞争循环｜修复路由,L8 LOOP与K机制接口,REPAIR-循环接口,通用,接口,LP08,,LP08已达到E3候选或有明确现实序列；修复路由为：区分人格平等、责任分工与共同决定领域，避免平均伤害责任。,循环尚未成立，或只有命盘候选。,由共享基础引擎提供；仅修正修复功能的承载、持续与压力占位，不直接等同是否愿意认错或能否修复。,由M1／M2提供；夫妻星只说明伴侣原型与关系资格，不单独证明修复能力、修复意愿或修复结果。,由M3-BASE提供；日支底盘说明亲密关系中自然调用的功能，但不能单独证明修复闭环。,由M3-CONFLICT、M4-LOOP及现实事件提供；必须区分问题停止、责任承担、影响确认、行动改变、反馈整合与后续回访。,由共享基础引擎判定；近位提高相关功能进入亲密关系核心的概率，远位只作背景或阶段修正。,根气只修正某修复功能是否容易重复调用，不等于现实中已经持续改变。,旺弱只修正功能调用强度与占位，不直接等同修复质量、诚意或关系结果。,喜忌只修正功能摩擦、平衡与承载，不直接等同道德、成熟、善恶或是否值得原谅。,原十神功能有效；真合化成立时按化神功能替换，合化争议时停止定性。,近位提高修复议题与亲密关系的直接相关性；远位仅保留背景、阶段或低置信修正。,88,路由，不重复加循环分,repair_route,每类循环需要不同的修复中断点，不能使用统一道歉模板。,这类循环的关键修复点是：区分人格平等、责任分工与共同决定领域，避免平均伤害责任。,不得仅凭本规则判断道歉真诚与否、要求对方原谅或复合、推断关系一定修复或失败、淡化暴力强迫与现实伤害、平均分配明显不对等的责任；现实安全、具体行为、反例与专业支持优先。,中高,待验证,,provisional=true；M3-REPAIR尚未完成，完成条件为暂定功能模型。,0.7
M4-REPAIR-396,LP08 平等竞争循环｜边界与验证,L8 LOOP与K机制接口,REPAIR-循环接口,通用,边界,LP08,,使用现实反馈、复发、修复节点和反例验证。,平等不等于每件事逐项对等,由共享基础引擎提供；仅修正修复功能的承载、持续与压力占位，不直接等同是否愿意认错或能否修复。,由M1／M2提供；夫妻星只说明伴侣原型与关系资格，不单独证明修复能力、修复意愿或修复结果。,由M3-BASE提供；日支底盘说明亲密关系中自然调用的功能，但不能单独证明修复闭环。,由M3-CONFLICT、M4-LOOP及现实事件提供；必须区分问题停止、责任承担、影响确认、行动改变、反馈整合与后续回访。,由共享基础引擎判定；近位提高相关功能进入亲密关系核心的概率，远位只作背景或阶段修正。,根气只修正某修复功能是否容易重复调用，不等于现实中已经持续改变。,旺弱只修正功能调用强度与占位，不直接等同修复质量、诚意或关系结果。,喜忌只修正功能摩擦、平衡与承载，不直接等同道德、成熟、善恶或是否值得原谅。,原十神功能有效；真合化成立时按化神功能替换，合化争议时停止定性。,近位提高修复议题与亲密关系的直接相关性；远位仅保留背景、阶段或低置信修正。,92,门控／反例检查,boundary_note,平等不等于每件事逐项对等,边界提示：平等不等于每件事逐项对等。,不得仅凭本规则判断道歉真诚与否、要求对方原谅或复合、推断关系一定修复或失败、淡化暴力强迫与现实伤害、平均分配明显不对等的责任；现实安全、具体行为、反例与专业支持优先。,高,待验证,,provisional=true；M3-REPAIR尚未完成，完成条件为暂定功能模型。,0.7
M4-REPAIR-397,LP09 规则反弹循环｜修复路由,L8 LOOP与K机制接口,REPAIR-循环接口,通用,接口,LP09,,LP09已达到E3候选或有明确现实序列；修复路由为：共同制定最小可执行规则，加入RN07反馈和RN08复盘。,循环尚未成立，或只有命盘候选。,由共享基础引擎提供；仅修正修复功能的承载、持续与压力占位，不直接等同是否愿意认错或能否修复。,由M1／M2提供；夫妻星只说明伴侣原型与关系资格，不单独证明修复能力、修复意愿或修复结果。,由M3-BASE提供；日支底盘说明亲密关系中自然调用的功能，但不能单独证明修复闭环。,由M3-CONFLICT、M4-LOOP及现实事件提供；必须区分问题停止、责任承担、影响确认、行动改变、反馈整合与后续回访。,由共享基础引擎判定；近位提高相关功能进入亲密关系核心的概率，远位只作背景或阶段修正。,根气只修正某修复功能是否容易重复调用，不等于现实中已经持续改变。,旺弱只修正功能调用强度与占位，不直接等同修复质量、诚意或关系结果。,喜忌只修正功能摩擦、平衡与承载，不直接等同道德、成熟、善恶或是否值得原谅。,原十神功能有效；真合化成立时按化神功能替换，合化争议时停止定性。,近位提高修复议题与亲密关系的直接相关性；远位仅保留背景、阶段或低置信修正。,88,路由，不重复加循环分,repair_route,每类循环需要不同的修复中断点，不能使用统一道歉模板。,这类循环的关键修复点是：共同制定最小可执行规则，加入RN07反馈和RN08复盘。,不得仅凭本规则判断道歉真诚与否、要求对方原谅或复合、推断关系一定修复或失败、淡化暴力强迫与现实伤害、平均分配明显不对等的责任；现实安全、具体行为、反例与专业支持优先。,中高,待验证,,provisional=true；M3-REPAIR尚未完成，完成条件为暂定功能模型。,0.7
M4-REPAIR-398,LP09 规则反弹循环｜边界与验证,L8 LOOP与K机制接口,REPAIR-循环接口,通用,边界,LP09,,使用现实反馈、复发、修复节点和反例验证。,增加规则数量不等于提高修复质量,由共享基础引擎提供；仅修正修复功能的承载、持续与压力占位，不直接等同是否愿意认错或能否修复。,由M1／M2提供；夫妻星只说明伴侣原型与关系资格，不单独证明修复能力、修复意愿或修复结果。,由M3-BASE提供；日支底盘说明亲密关系中自然调用的功能，但不能单独证明修复闭环。,由M3-CONFLICT、M4-LOOP及现实事件提供；必须区分问题停止、责任承担、影响确认、行动改变、反馈整合与后续回访。,由共享基础引擎判定；近位提高相关功能进入亲密关系核心的概率，远位只作背景或阶段修正。,根气只修正某修复功能是否容易重复调用，不等于现实中已经持续改变。,旺弱只修正功能调用强度与占位，不直接等同修复质量、诚意或关系结果。,喜忌只修正功能摩擦、平衡与承载，不直接等同道德、成熟、善恶或是否值得原谅。,原十神功能有效；真合化成立时按化神功能替换，合化争议时停止定性。,近位提高修复议题与亲密关系的直接相关性；远位仅保留背景、阶段或低置信修正。,92,门控／反例检查,boundary_note,增加规则数量不等于提高修复质量,边界提示：增加规则数量不等于提高修复质量。,不得仅凭本规则判断道歉真诚与否、要求对方原谅或复合、推断关系一定修复或失败、淡化暴力强迫与现实伤害、平均分配明显不对等的责任；现实安全、具体行为、反例与专业支持优先。,高,待验证,,provisional=true；M3-REPAIR尚未完成，完成条件为暂定功能模型。,0.7
M4-REPAIR-399,LP10 新鲜落地循环｜修复路由,L8 LOOP与K机制接口,REPAIR-循环接口,通用,接口,LP10,,LP10已达到E3候选或有明确现实序列；修复路由为：共同体验后转入正财式持续安排和RN08回访。,循环尚未成立，或只有命盘候选。,由共享基础引擎提供；仅修正修复功能的承载、持续与压力占位，不直接等同是否愿意认错或能否修复。,由M1／M2提供；夫妻星只说明伴侣原型与关系资格，不单独证明修复能力、修复意愿或修复结果。,由M3-BASE提供；日支底盘说明亲密关系中自然调用的功能，但不能单独证明修复闭环。,由M3-CONFLICT、M4-LOOP及现实事件提供；必须区分问题停止、责任承担、影响确认、行动改变、反馈整合与后续回访。,由共享基础引擎判定；近位提高相关功能进入亲密关系核心的概率，远位只作背景或阶段修正。,根气只修正某修复功能是否容易重复调用，不等于现实中已经持续改变。,旺弱只修正功能调用强度与占位，不直接等同修复质量、诚意或关系结果。,喜忌只修正功能摩擦、平衡与承载，不直接等同道德、成熟、善恶或是否值得原谅。,原十神功能有效；真合化成立时按化神功能替换，合化争议时停止定性。,近位提高修复议题与亲密关系的直接相关性；远位仅保留背景、阶段或低置信修正。,88,路由，不重复加循环分,repair_route,每类循环需要不同的修复中断点，不能使用统一道歉模板。,这类循环的关键修复点是：共同体验后转入正财式持续安排和RN08回访。,不得仅凭本规则判断道歉真诚与否、要求对方原谅或复合、推断关系一定修复或失败、淡化暴力强迫与现实伤害、平均分配明显不对等的责任；现实安全、具体行为、反例与专业支持优先。,中高,待验证,,provisional=true；M3-REPAIR尚未完成，完成条件为暂定功能模型。,0.7
M4-REPAIR-400,LP10 新鲜落地循环｜边界与验证,L8 LOOP与K机制接口,REPAIR-循环接口,通用,边界,LP10,,使用现实反馈、复发、修复节点和反例验证。,一次高光不能替代稳定关系安排,由共享基础引擎提供；仅修正修复功能的承载、持续与压力占位，不直接等同是否愿意认错或能否修复。,由M1／M2提供；夫妻星只说明伴侣原型与关系资格，不单独证明修复能力、修复意愿或修复结果。,由M3-BASE提供；日支底盘说明亲密关系中自然调用的功能，但不能单独证明修复闭环。,由M3-CONFLICT、M4-LOOP及现实事件提供；必须区分问题停止、责任承担、影响确认、行动改变、反馈整合与后续回访。,由共享基础引擎判定；近位提高相关功能进入亲密关系核心的概率，远位只作背景或阶段修正。,根气只修正某修复功能是否容易重复调用，不等于现实中已经持续改变。,旺弱只修正功能调用强度与占位，不直接等同修复质量、诚意或关系结果。,喜忌只修正功能摩擦、平衡与承载，不直接等同道德、成熟、善恶或是否值得原谅。,原十神功能有效；真合化成立时按化神功能替换，合化争议时停止定性。,近位提高修复议题与亲密关系的直接相关性；远位仅保留背景、阶段或低置信修正。,92,门控／反例检查,boundary_note,一次高光不能替代稳定关系安排,边界提示：一次高光不能替代稳定关系安排。,不得仅凭本规则判断道歉真诚与否、要求对方原谅或复合、推断关系一定修复或失败、淡化暴力强迫与现实伤害、平均分配明显不对等的责任；现实安全、具体行为、反例与专业支持优先。,高,待验证,,provisional=true；M3-REPAIR尚未完成，完成条件为暂定功能模型。,0.7
M4-REPAIR-401,LP11 暂停断链循环｜修复路由,L8 LOOP与K机制接口,REPAIR-循环接口,通用,接口,LP11,,LP11已达到E3候选或有明确现实序列；修复路由为：暂停前确定目的、范围、最低联系与返回条件。,循环尚未成立，或只有命盘候选。,由共享基础引擎提供；仅修正修复功能的承载、持续与压力占位，不直接等同是否愿意认错或能否修复。,由M1／M2提供；夫妻星只说明伴侣原型与关系资格，不单独证明修复能力、修复意愿或修复结果。,由M3-BASE提供；日支底盘说明亲密关系中自然调用的功能，但不能单独证明修复闭环。,由M3-CONFLICT、M4-LOOP及现实事件提供；必须区分问题停止、责任承担、影响确认、行动改变、反馈整合与后续回访。,由共享基础引擎判定；近位提高相关功能进入亲密关系核心的概率，远位只作背景或阶段修正。,根气只修正某修复功能是否容易重复调用，不等于现实中已经持续改变。,旺弱只修正功能调用强度与占位，不直接等同修复质量、诚意或关系结果。,喜忌只修正功能摩擦、平衡与承载，不直接等同道德、成熟、善恶或是否值得原谅。,原十神功能有效；真合化成立时按化神功能替换，合化争议时停止定性。,近位提高修复议题与亲密关系的直接相关性；远位仅保留背景、阶段或低置信修正。,88,路由，不重复加循环分,repair_route,每类循环需要不同的修复中断点，不能使用统一道歉模板。,这类循环的关键修复点是：暂停前确定目的、范围、最低联系与返回条件。,不得仅凭本规则判断道歉真诚与否、要求对方原谅或复合、推断关系一定修复或失败、淡化暴力强迫与现实伤害、平均分配明显不对等的责任；现实安全、具体行为、反例与专业支持优先。,中高,待验证,,provisional=true；M3-REPAIR尚未完成，完成条件为暂定功能模型。,0.7
M4-REPAIR-402,LP11 暂停断链循环｜边界与验证,L8 LOOP与K机制接口,REPAIR-循环接口,通用,边界,LP11,,使用现实反馈、复发、修复节点和反例验证。,没有回归点的暂停不能写成有效修复,由共享基础引擎提供；仅修正修复功能的承载、持续与压力占位，不直接等同是否愿意认错或能否修复。,由M1／M2提供；夫妻星只说明伴侣原型与关系资格，不单独证明修复能力、修复意愿或修复结果。,由M3-BASE提供；日支底盘说明亲密关系中自然调用的功能，但不能单独证明修复闭环。,由M3-CONFLICT、M4-LOOP及现实事件提供；必须区分问题停止、责任承担、影响确认、行动改变、反馈整合与后续回访。,由共享基础引擎判定；近位提高相关功能进入亲密关系核心的概率，远位只作背景或阶段修正。,根气只修正某修复功能是否容易重复调用，不等于现实中已经持续改变。,旺弱只修正功能调用强度与占位，不直接等同修复质量、诚意或关系结果。,喜忌只修正功能摩擦、平衡与承载，不直接等同道德、成熟、善恶或是否值得原谅。,原十神功能有效；真合化成立时按化神功能替换，合化争议时停止定性。,近位提高修复议题与亲密关系的直接相关性；远位仅保留背景、阶段或低置信修正。,92,门控／反例检查,boundary_note,没有回归点的暂停不能写成有效修复,边界提示：没有回归点的暂停不能写成有效修复。,不得仅凭本规则判断道歉真诚与否、要求对方原谅或复合、推断关系一定修复或失败、淡化暴力强迫与现实伤害、平均分配明显不对等的责任；现实安全、具体行为、反例与专业支持优先。,高,待验证,,provisional=true；M3-REPAIR尚未完成，完成条件为暂定功能模型。,0.7
M4-REPAIR-403,LP12 修复不闭环循环｜修复路由,L8 LOOP与K机制接口,REPAIR-循环接口,通用,接口,LP12,,LP12已达到E3候选或有明确现实序列；修复路由为：按事件类型检查RN01—RN08缺失节点，并优先补反馈、持续性和回访。,循环尚未成立，或只有命盘候选。,由共享基础引擎提供；仅修正修复功能的承载、持续与压力占位，不直接等同是否愿意认错或能否修复。,由M1／M2提供；夫妻星只说明伴侣原型与关系资格，不单独证明修复能力、修复意愿或修复结果。,由M3-BASE提供；日支底盘说明亲密关系中自然调用的功能，但不能单独证明修复闭环。,由M3-CONFLICT、M4-LOOP及现实事件提供；必须区分问题停止、责任承担、影响确认、行动改变、反馈整合与后续回访。,由共享基础引擎判定；近位提高相关功能进入亲密关系核心的概率，远位只作背景或阶段修正。,根气只修正某修复功能是否容易重复调用，不等于现实中已经持续改变。,旺弱只修正功能调用强度与占位，不直接等同修复质量、诚意或关系结果。,喜忌只修正功能摩擦、平衡与承载，不直接等同道德、成熟、善恶或是否值得原谅。,原十神功能有效；真合化成立时按化神功能替换，合化争议时停止定性。,近位提高修复议题与亲密关系的直接相关性；远位仅保留背景、阶段或低置信修正。,88,路由，不重复加循环分,repair_route,每类循环需要不同的修复中断点，不能使用统一道歉模板。,这类循环的关键修复点是：按事件类型检查RN01—RN08缺失节点，并优先补反馈、持续性和回访。,不得仅凭本规则判断道歉真诚与否、要求对方原谅或复合、推断关系一定修复或失败、淡化暴力强迫与现实伤害、平均分配明显不对等的责任；现实安全、具体行为、反例与专业支持优先。,中高,待验证,,provisional=true；M3-REPAIR尚未完成，完成条件为暂定功能模型。,0.7
M4-REPAIR-404,LP12 修复不闭环循环｜边界与验证,L8 LOOP与K机制接口,REPAIR-循环接口,通用,边界,LP12,,使用现实反馈、复发、修复节点和反例验证。,道歉、方案或短期缓和不等于闭环,由共享基础引擎提供；仅修正修复功能的承载、持续与压力占位，不直接等同是否愿意认错或能否修复。,由M1／M2提供；夫妻星只说明伴侣原型与关系资格，不单独证明修复能力、修复意愿或修复结果。,由M3-BASE提供；日支底盘说明亲密关系中自然调用的功能，但不能单独证明修复闭环。,由M3-CONFLICT、M4-LOOP及现实事件提供；必须区分问题停止、责任承担、影响确认、行动改变、反馈整合与后续回访。,由共享基础引擎判定；近位提高相关功能进入亲密关系核心的概率，远位只作背景或阶段修正。,根气只修正某修复功能是否容易重复调用，不等于现实中已经持续改变。,旺弱只修正功能调用强度与占位，不直接等同修复质量、诚意或关系结果。,喜忌只修正功能摩擦、平衡与承载，不直接等同道德、成熟、善恶或是否值得原谅。,原十神功能有效；真合化成立时按化神功能替换，合化争议时停止定性。,近位提高修复议题与亲密关系的直接相关性；远位仅保留背景、阶段或低置信修正。,92,门控／反例检查,boundary_note,道歉、方案或短期缓和不等于闭环,边界提示：道歉、方案或短期缓和不等于闭环。,不得仅凭本规则判断道歉真诚与否、要求对方原谅或复合、推断关系一定修复或失败、淡化暴力强迫与现实伤害、平均分配明显不对等的责任；现实安全、具体行为、反例与专业支持优先。,高,待验证,,provisional=true；M3-REPAIR尚未完成，完成条件为暂定功能模型。,0.7
M4-REPAIR-405,K01 过用放大｜修复功能,L8 LOOP与K机制接口,REPAIR-K机制接口,通用,接口,K01,,K01已由前序模块建立；修复重点：减少主通道占位，补入被压缩的必要节点。,K机制未成立或只有单一结构标签。,由共享基础引擎提供；仅修正修复功能的承载、持续与压力占位，不直接等同是否愿意认错或能否修复。,由M1／M2提供；夫妻星只说明伴侣原型与关系资格，不单独证明修复能力、修复意愿或修复结果。,由M3-BASE提供；日支底盘说明亲密关系中自然调用的功能，但不能单独证明修复闭环。,由M3-CONFLICT、M4-LOOP及现实事件提供；必须区分问题停止、责任承担、影响确认、行动改变、反馈整合与后续回访。,由共享基础引擎判定；近位提高相关功能进入亲密关系核心的概率，远位只作背景或阶段修正。,根气只修正某修复功能是否容易重复调用，不等于现实中已经持续改变。,旺弱只修正功能调用强度与占位，不直接等同修复质量、诚意或关系结果。,喜忌只修正功能摩擦、平衡与承载，不直接等同道德、成熟、善恶或是否值得原谅。,原十神功能有效；真合化成立时按化神功能替换，合化争议时停止定性。,近位提高修复议题与亲密关系的直接相关性；远位仅保留背景、阶段或低置信修正。,86,修复路由，不重复加K分,repair_route,K机制决定修复要补什么功能，不直接决定修复结果。,针对过用放大，关键是：减少主通道占位，补入被压缩的必要节点。,不得仅凭本规则判断道歉真诚与否、要求对方原谅或复合、推断关系一定修复或失败、淡化暴力强迫与现实伤害、平均分配明显不对等的责任；现实安全、具体行为、反例与专业支持优先。,中高,待验证,,provisional=true；M3-REPAIR尚未完成，完成条件为暂定功能模型。,0.7
M4-REPAIR-406,K01 过用放大｜完成边界,L8 LOOP与K机制接口,REPAIR-K机制接口,通用,门控,K01,,新增节点有现实行为、接收反馈和后续验证。,只用建议或意愿代替实际改变。,由共享基础引擎提供；仅修正修复功能的承载、持续与压力占位，不直接等同是否愿意认错或能否修复。,由M1／M2提供；夫妻星只说明伴侣原型与关系资格，不单独证明修复能力、修复意愿或修复结果。,由M3-BASE提供；日支底盘说明亲密关系中自然调用的功能，但不能单独证明修复闭环。,由M3-CONFLICT、M4-LOOP及现实事件提供；必须区分问题停止、责任承担、影响确认、行动改变、反馈整合与后续回访。,由共享基础引擎判定；近位提高相关功能进入亲密关系核心的概率，远位只作背景或阶段修正。,根气只修正某修复功能是否容易重复调用，不等于现实中已经持续改变。,旺弱只修正功能调用强度与占位，不直接等同修复质量、诚意或关系结果。,喜忌只修正功能摩擦、平衡与承载，不直接等同道德、成熟、善恶或是否值得原谅。,原十神功能有效；真合化成立时按化神功能替换，合化争议时停止定性。,近位提高修复议题与亲密关系的直接相关性；远位仅保留背景、阶段或低置信修正。,90,完成门控,repair_level,修复完成依赖现实兑现，而非知道应该做什么。,知道需要补哪一步只是开始，还要看这一步是否真实进入并持续。,不得仅凭本规则判断道歉真诚与否、要求对方原谅或复合、推断关系一定修复或失败、淡化暴力强迫与现实伤害、平均分配明显不对等的责任；现实安全、具体行为、反例与专业支持优先。,高,待验证,,provisional=true；M3-REPAIR尚未完成，完成条件为暂定功能模型。,0.7
M4-REPAIR-407,K02 功能不足｜修复功能,L8 LOOP与K机制接口,REPAIR-K机制接口,通用,接口,K02,,K02已由前序模块建立；修复重点：寻找同功能替代通道或建立最低可用步骤。,K机制未成立或只有单一结构标签。,由共享基础引擎提供；仅修正修复功能的承载、持续与压力占位，不直接等同是否愿意认错或能否修复。,由M1／M2提供；夫妻星只说明伴侣原型与关系资格，不单独证明修复能力、修复意愿或修复结果。,由M3-BASE提供；日支底盘说明亲密关系中自然调用的功能，但不能单独证明修复闭环。,由M3-CONFLICT、M4-LOOP及现实事件提供；必须区分问题停止、责任承担、影响确认、行动改变、反馈整合与后续回访。,由共享基础引擎判定；近位提高相关功能进入亲密关系核心的概率，远位只作背景或阶段修正。,根气只修正某修复功能是否容易重复调用，不等于现实中已经持续改变。,旺弱只修正功能调用强度与占位，不直接等同修复质量、诚意或关系结果。,喜忌只修正功能摩擦、平衡与承载，不直接等同道德、成熟、善恶或是否值得原谅。,原十神功能有效；真合化成立时按化神功能替换，合化争议时停止定性。,近位提高修复议题与亲密关系的直接相关性；远位仅保留背景、阶段或低置信修正。,86,修复路由，不重复加K分,repair_route,K机制决定修复要补什么功能，不直接决定修复结果。,针对功能不足，关键是：寻找同功能替代通道或建立最低可用步骤。,不得仅凭本规则判断道歉真诚与否、要求对方原谅或复合、推断关系一定修复或失败、淡化暴力强迫与现实伤害、平均分配明显不对等的责任；现实安全、具体行为、反例与专业支持优先。,中高,待验证,,provisional=true；M3-REPAIR尚未完成，完成条件为暂定功能模型。,0.7
M4-REPAIR-408,K02 功能不足｜完成边界,L8 LOOP与K机制接口,REPAIR-K机制接口,通用,门控,K02,,新增节点有现实行为、接收反馈和后续验证。,只用建议或意愿代替实际改变。,由共享基础引擎提供；仅修正修复功能的承载、持续与压力占位，不直接等同是否愿意认错或能否修复。,由M1／M2提供；夫妻星只说明伴侣原型与关系资格，不单独证明修复能力、修复意愿或修复结果。,由M3-BASE提供；日支底盘说明亲密关系中自然调用的功能，但不能单独证明修复闭环。,由M3-CONFLICT、M4-LOOP及现实事件提供；必须区分问题停止、责任承担、影响确认、行动改变、反馈整合与后续回访。,由共享基础引擎判定；近位提高相关功能进入亲密关系核心的概率，远位只作背景或阶段修正。,根气只修正某修复功能是否容易重复调用，不等于现实中已经持续改变。,旺弱只修正功能调用强度与占位，不直接等同修复质量、诚意或关系结果。,喜忌只修正功能摩擦、平衡与承载，不直接等同道德、成熟、善恶或是否值得原谅。,原十神功能有效；真合化成立时按化神功能替换，合化争议时停止定性。,近位提高修复议题与亲密关系的直接相关性；远位仅保留背景、阶段或低置信修正。,90,完成门控,repair_level,修复完成依赖现实兑现，而非知道应该做什么。,知道需要补哪一步只是开始，还要看这一步是否真实进入并持续。,不得仅凭本规则判断道歉真诚与否、要求对方原谅或复合、推断关系一定修复或失败、淡化暴力强迫与现实伤害、平均分配明显不对等的责任；现实安全、具体行为、反例与专业支持优先。,高,待验证,,provisional=true；M3-REPAIR尚未完成，完成条件为暂定功能模型。,0.7
M4-REPAIR-409,K03 单通道替代｜修复功能,L8 LOOP与K机制接口,REPAIR-K机制接口,通用,接口,K03,,K03已由前序模块建立；修复重点：把熟悉通道与被替代任务分开完成。,K机制未成立或只有单一结构标签。,由共享基础引擎提供；仅修正修复功能的承载、持续与压力占位，不直接等同是否愿意认错或能否修复。,由M1／M2提供；夫妻星只说明伴侣原型与关系资格，不单独证明修复能力、修复意愿或修复结果。,由M3-BASE提供；日支底盘说明亲密关系中自然调用的功能，但不能单独证明修复闭环。,由M3-CONFLICT、M4-LOOP及现实事件提供；必须区分问题停止、责任承担、影响确认、行动改变、反馈整合与后续回访。,由共享基础引擎判定；近位提高相关功能进入亲密关系核心的概率，远位只作背景或阶段修正。,根气只修正某修复功能是否容易重复调用，不等于现实中已经持续改变。,旺弱只修正功能调用强度与占位，不直接等同修复质量、诚意或关系结果。,喜忌只修正功能摩擦、平衡与承载，不直接等同道德、成熟、善恶或是否值得原谅。,原十神功能有效；真合化成立时按化神功能替换，合化争议时停止定性。,近位提高修复议题与亲密关系的直接相关性；远位仅保留背景、阶段或低置信修正。,86,修复路由，不重复加K分,repair_route,K机制决定修复要补什么功能，不直接决定修复结果。,针对单通道替代，关键是：把熟悉通道与被替代任务分开完成。,不得仅凭本规则判断道歉真诚与否、要求对方原谅或复合、推断关系一定修复或失败、淡化暴力强迫与现实伤害、平均分配明显不对等的责任；现实安全、具体行为、反例与专业支持优先。,中高,待验证,,provisional=true；M3-REPAIR尚未完成，完成条件为暂定功能模型。,0.7
M4-REPAIR-410,K03 单通道替代｜完成边界,L8 LOOP与K机制接口,REPAIR-K机制接口,通用,门控,K03,,新增节点有现实行为、接收反馈和后续验证。,只用建议或意愿代替实际改变。,由共享基础引擎提供；仅修正修复功能的承载、持续与压力占位，不直接等同是否愿意认错或能否修复。,由M1／M2提供；夫妻星只说明伴侣原型与关系资格，不单独证明修复能力、修复意愿或修复结果。,由M3-BASE提供；日支底盘说明亲密关系中自然调用的功能，但不能单独证明修复闭环。,由M3-CONFLICT、M4-LOOP及现实事件提供；必须区分问题停止、责任承担、影响确认、行动改变、反馈整合与后续回访。,由共享基础引擎判定；近位提高相关功能进入亲密关系核心的概率，远位只作背景或阶段修正。,根气只修正某修复功能是否容易重复调用，不等于现实中已经持续改变。,旺弱只修正功能调用强度与占位，不直接等同修复质量、诚意或关系结果。,喜忌只修正功能摩擦、平衡与承载，不直接等同道德、成熟、善恶或是否值得原谅。,原十神功能有效；真合化成立时按化神功能替换，合化争议时停止定性。,近位提高修复议题与亲密关系的直接相关性；远位仅保留背景、阶段或低置信修正。,90,完成门控,repair_level,修复完成依赖现实兑现，而非知道应该做什么。,知道需要补哪一步只是开始，还要看这一步是否真实进入并持续。,不得仅凭本规则判断道歉真诚与否、要求对方原谅或复合、推断关系一定修复或失败、淡化暴力强迫与现实伤害、平均分配明显不对等的责任；现实安全、具体行为、反例与专业支持优先。,高,待验证,,provisional=true；M3-REPAIR尚未完成，完成条件为暂定功能模型。,0.7
M4-REPAIR-411,K04 顺序错位｜修复功能,L8 LOOP与K机制接口,REPAIR-K机制接口,通用,接口,K04,,K04已由前序模块建立；修复重点：按事件类型调整节点先后，避免过早结案。,K机制未成立或只有单一结构标签。,由共享基础引擎提供；仅修正修复功能的承载、持续与压力占位，不直接等同是否愿意认错或能否修复。,由M1／M2提供；夫妻星只说明伴侣原型与关系资格，不单独证明修复能力、修复意愿或修复结果。,由M3-BASE提供；日支底盘说明亲密关系中自然调用的功能，但不能单独证明修复闭环。,由M3-CONFLICT、M4-LOOP及现实事件提供；必须区分问题停止、责任承担、影响确认、行动改变、反馈整合与后续回访。,由共享基础引擎判定；近位提高相关功能进入亲密关系核心的概率，远位只作背景或阶段修正。,根气只修正某修复功能是否容易重复调用，不等于现实中已经持续改变。,旺弱只修正功能调用强度与占位，不直接等同修复质量、诚意或关系结果。,喜忌只修正功能摩擦、平衡与承载，不直接等同道德、成熟、善恶或是否值得原谅。,原十神功能有效；真合化成立时按化神功能替换，合化争议时停止定性。,近位提高修复议题与亲密关系的直接相关性；远位仅保留背景、阶段或低置信修正。,86,修复路由，不重复加K分,repair_route,K机制决定修复要补什么功能，不直接决定修复结果。,针对顺序错位，关键是：按事件类型调整节点先后，避免过早结案。,不得仅凭本规则判断道歉真诚与否、要求对方原谅或复合、推断关系一定修复或失败、淡化暴力强迫与现实伤害、平均分配明显不对等的责任；现实安全、具体行为、反例与专业支持优先。,中高,待验证,,provisional=true；M3-REPAIR尚未完成，完成条件为暂定功能模型。,0.7
M4-REPAIR-412,K04 顺序错位｜完成边界,L8 LOOP与K机制接口,REPAIR-K机制接口,通用,门控,K04,,新增节点有现实行为、接收反馈和后续验证。,只用建议或意愿代替实际改变。,由共享基础引擎提供；仅修正修复功能的承载、持续与压力占位，不直接等同是否愿意认错或能否修复。,由M1／M2提供；夫妻星只说明伴侣原型与关系资格，不单独证明修复能力、修复意愿或修复结果。,由M3-BASE提供；日支底盘说明亲密关系中自然调用的功能，但不能单独证明修复闭环。,由M3-CONFLICT、M4-LOOP及现实事件提供；必须区分问题停止、责任承担、影响确认、行动改变、反馈整合与后续回访。,由共享基础引擎判定；近位提高相关功能进入亲密关系核心的概率，远位只作背景或阶段修正。,根气只修正某修复功能是否容易重复调用，不等于现实中已经持续改变。,旺弱只修正功能调用强度与占位，不直接等同修复质量、诚意或关系结果。,喜忌只修正功能摩擦、平衡与承载，不直接等同道德、成熟、善恶或是否值得原谅。,原十神功能有效；真合化成立时按化神功能替换，合化争议时停止定性。,近位提高修复议题与亲密关系的直接相关性；远位仅保留背景、阶段或低置信修正。,90,完成门控,repair_level,修复完成依赖现实兑现，而非知道应该做什么。,知道需要补哪一步只是开始，还要看这一步是否真实进入并持续。,不得仅凭本规则判断道歉真诚与否、要求对方原谅或复合、推断关系一定修复或失败、淡化暴力强迫与现实伤害、平均分配明显不对等的责任；现实安全、具体行为、反例与专业支持优先。,高,待验证,,provisional=true；M3-REPAIR尚未完成，完成条件为暂定功能模型。,0.7
M4-REPAIR-413,K05 双通道竞争｜修复功能,L8 LOOP与K机制接口,REPAIR-K机制接口,通用,接口,K05,,K05已由前序模块建立；修复重点：为两项功能分配阶段和职责，恢复双方参与。,K机制未成立或只有单一结构标签。,由共享基础引擎提供；仅修正修复功能的承载、持续与压力占位，不直接等同是否愿意认错或能否修复。,由M1／M2提供；夫妻星只说明伴侣原型与关系资格，不单独证明修复能力、修复意愿或修复结果。,由M3-BASE提供；日支底盘说明亲密关系中自然调用的功能，但不能单独证明修复闭环。,由M3-CONFLICT、M4-LOOP及现实事件提供；必须区分问题停止、责任承担、影响确认、行动改变、反馈整合与后续回访。,由共享基础引擎判定；近位提高相关功能进入亲密关系核心的概率，远位只作背景或阶段修正。,根气只修正某修复功能是否容易重复调用，不等于现实中已经持续改变。,旺弱只修正功能调用强度与占位，不直接等同修复质量、诚意或关系结果。,喜忌只修正功能摩擦、平衡与承载，不直接等同道德、成熟、善恶或是否值得原谅。,原十神功能有效；真合化成立时按化神功能替换，合化争议时停止定性。,近位提高修复议题与亲密关系的直接相关性；远位仅保留背景、阶段或低置信修正。,86,修复路由，不重复加K分,repair_route,K机制决定修复要补什么功能，不直接决定修复结果。,针对双通道竞争，关键是：为两项功能分配阶段和职责，恢复双方参与。,不得仅凭本规则判断道歉真诚与否、要求对方原谅或复合、推断关系一定修复或失败、淡化暴力强迫与现实伤害、平均分配明显不对等的责任；现实安全、具体行为、反例与专业支持优先。,中高,待验证,,provisional=true；M3-REPAIR尚未完成，完成条件为暂定功能模型。,0.7
M4-REPAIR-414,K05 双通道竞争｜完成边界,L8 LOOP与K机制接口,REPAIR-K机制接口,通用,门控,K05,,新增节点有现实行为、接收反馈和后续验证。,只用建议或意愿代替实际改变。,由共享基础引擎提供；仅修正修复功能的承载、持续与压力占位，不直接等同是否愿意认错或能否修复。,由M1／M2提供；夫妻星只说明伴侣原型与关系资格，不单独证明修复能力、修复意愿或修复结果。,由M3-BASE提供；日支底盘说明亲密关系中自然调用的功能，但不能单独证明修复闭环。,由M3-CONFLICT、M4-LOOP及现实事件提供；必须区分问题停止、责任承担、影响确认、行动改变、反馈整合与后续回访。,由共享基础引擎判定；近位提高相关功能进入亲密关系核心的概率，远位只作背景或阶段修正。,根气只修正某修复功能是否容易重复调用，不等于现实中已经持续改变。,旺弱只修正功能调用强度与占位，不直接等同修复质量、诚意或关系结果。,喜忌只修正功能摩擦、平衡与承载，不直接等同道德、成熟、善恶或是否值得原谅。,原十神功能有效；真合化成立时按化神功能替换，合化争议时停止定性。,近位提高修复议题与亲密关系的直接相关性；远位仅保留背景、阶段或低置信修正。,90,完成门控,repair_level,修复完成依赖现实兑现，而非知道应该做什么。,知道需要补哪一步只是开始，还要看这一步是否真实进入并持续。,不得仅凭本规则判断道歉真诚与否、要求对方原谅或复合、推断关系一定修复或失败、淡化暴力强迫与现实伤害、平均分配明显不对等的责任；现实安全、具体行为、反例与专业支持优先。,高,待验证,,provisional=true；M3-REPAIR尚未完成，完成条件为暂定功能模型。,0.7
M4-REPAIR-415,K06 功能转换受阻｜修复功能,L8 LOOP与K机制接口,REPAIR-K机制接口,通用,接口,K06,,K06已由前序模块建立；修复重点：明确桥接节点，使理解、表达、行动、责任与安全能够回流。,K机制未成立或只有单一结构标签。,由共享基础引擎提供；仅修正修复功能的承载、持续与压力占位，不直接等同是否愿意认错或能否修复。,由M1／M2提供；夫妻星只说明伴侣原型与关系资格，不单独证明修复能力、修复意愿或修复结果。,由M3-BASE提供；日支底盘说明亲密关系中自然调用的功能，但不能单独证明修复闭环。,由M3-CONFLICT、M4-LOOP及现实事件提供；必须区分问题停止、责任承担、影响确认、行动改变、反馈整合与后续回访。,由共享基础引擎判定；近位提高相关功能进入亲密关系核心的概率，远位只作背景或阶段修正。,根气只修正某修复功能是否容易重复调用，不等于现实中已经持续改变。,旺弱只修正功能调用强度与占位，不直接等同修复质量、诚意或关系结果。,喜忌只修正功能摩擦、平衡与承载，不直接等同道德、成熟、善恶或是否值得原谅。,原十神功能有效；真合化成立时按化神功能替换，合化争议时停止定性。,近位提高修复议题与亲密关系的直接相关性；远位仅保留背景、阶段或低置信修正。,86,修复路由，不重复加K分,repair_route,K机制决定修复要补什么功能，不直接决定修复结果。,针对功能转换受阻，关键是：明确桥接节点，使理解、表达、行动、责任与安全能够回流。,不得仅凭本规则判断道歉真诚与否、要求对方原谅或复合、推断关系一定修复或失败、淡化暴力强迫与现实伤害、平均分配明显不对等的责任；现实安全、具体行为、反例与专业支持优先。,中高,待验证,,provisional=true；M3-REPAIR尚未完成，完成条件为暂定功能模型。,0.7
M4-REPAIR-416,K06 功能转换受阻｜完成边界,L8 LOOP与K机制接口,REPAIR-K机制接口,通用,门控,K06,,新增节点有现实行为、接收反馈和后续验证。,只用建议或意愿代替实际改变。,由共享基础引擎提供；仅修正修复功能的承载、持续与压力占位，不直接等同是否愿意认错或能否修复。,由M1／M2提供；夫妻星只说明伴侣原型与关系资格，不单独证明修复能力、修复意愿或修复结果。,由M3-BASE提供；日支底盘说明亲密关系中自然调用的功能，但不能单独证明修复闭环。,由M3-CONFLICT、M4-LOOP及现实事件提供；必须区分问题停止、责任承担、影响确认、行动改变、反馈整合与后续回访。,由共享基础引擎判定；近位提高相关功能进入亲密关系核心的概率，远位只作背景或阶段修正。,根气只修正某修复功能是否容易重复调用，不等于现实中已经持续改变。,旺弱只修正功能调用强度与占位，不直接等同修复质量、诚意或关系结果。,喜忌只修正功能摩擦、平衡与承载，不直接等同道德、成熟、善恶或是否值得原谅。,原十神功能有效；真合化成立时按化神功能替换，合化争议时停止定性。,近位提高修复议题与亲密关系的直接相关性；远位仅保留背景、阶段或低置信修正。,90,完成门控,repair_level,修复完成依赖现实兑现，而非知道应该做什么。,知道需要补哪一步只是开始，还要看这一步是否真实进入并持续。,不得仅凭本规则判断道歉真诚与否、要求对方原谅或复合、推断关系一定修复或失败、淡化暴力强迫与现实伤害、平均分配明显不对等的责任；现实安全、具体行为、反例与专业支持优先。,高,待验证,,provisional=true；M3-REPAIR尚未完成，完成条件为暂定功能模型。,0.7
M4-REPAIR-417,K07 反馈回路放大｜修复功能,L8 LOOP与K机制接口,REPAIR-K机制接口,通用,接口,K07,,K07已由前序模块建立；修复重点：在强化节点前加入接收反馈、反例和退出条件。,K机制未成立或只有单一结构标签。,由共享基础引擎提供；仅修正修复功能的承载、持续与压力占位，不直接等同是否愿意认错或能否修复。,由M1／M2提供；夫妻星只说明伴侣原型与关系资格，不单独证明修复能力、修复意愿或修复结果。,由M3-BASE提供；日支底盘说明亲密关系中自然调用的功能，但不能单独证明修复闭环。,由M3-CONFLICT、M4-LOOP及现实事件提供；必须区分问题停止、责任承担、影响确认、行动改变、反馈整合与后续回访。,由共享基础引擎判定；近位提高相关功能进入亲密关系核心的概率，远位只作背景或阶段修正。,根气只修正某修复功能是否容易重复调用，不等于现实中已经持续改变。,旺弱只修正功能调用强度与占位，不直接等同修复质量、诚意或关系结果。,喜忌只修正功能摩擦、平衡与承载，不直接等同道德、成熟、善恶或是否值得原谅。,原十神功能有效；真合化成立时按化神功能替换，合化争议时停止定性。,近位提高修复议题与亲密关系的直接相关性；远位仅保留背景、阶段或低置信修正。,86,修复路由，不重复加K分,repair_route,K机制决定修复要补什么功能，不直接决定修复结果。,针对反馈回路放大，关键是：在强化节点前加入接收反馈、反例和退出条件。,不得仅凭本规则判断道歉真诚与否、要求对方原谅或复合、推断关系一定修复或失败、淡化暴力强迫与现实伤害、平均分配明显不对等的责任；现实安全、具体行为、反例与专业支持优先。,中高,待验证,,provisional=true；M3-REPAIR尚未完成，完成条件为暂定功能模型。,0.7
M4-REPAIR-418,K07 反馈回路放大｜完成边界,L8 LOOP与K机制接口,REPAIR-K机制接口,通用,门控,K07,,新增节点有现实行为、接收反馈和后续验证。,只用建议或意愿代替实际改变。,由共享基础引擎提供；仅修正修复功能的承载、持续与压力占位，不直接等同是否愿意认错或能否修复。,由M1／M2提供；夫妻星只说明伴侣原型与关系资格，不单独证明修复能力、修复意愿或修复结果。,由M3-BASE提供；日支底盘说明亲密关系中自然调用的功能，但不能单独证明修复闭环。,由M3-CONFLICT、M4-LOOP及现实事件提供；必须区分问题停止、责任承担、影响确认、行动改变、反馈整合与后续回访。,由共享基础引擎判定；近位提高相关功能进入亲密关系核心的概率，远位只作背景或阶段修正。,根气只修正某修复功能是否容易重复调用，不等于现实中已经持续改变。,旺弱只修正功能调用强度与占位，不直接等同修复质量、诚意或关系结果。,喜忌只修正功能摩擦、平衡与承载，不直接等同道德、成熟、善恶或是否值得原谅。,原十神功能有效；真合化成立时按化神功能替换，合化争议时停止定性。,近位提高修复议题与亲密关系的直接相关性；远位仅保留背景、阶段或低置信修正。,90,完成门控,repair_level,修复完成依赖现实兑现，而非知道应该做什么。,知道需要补哪一步只是开始，还要看这一步是否真实进入并持续。,不得仅凭本规则判断道歉真诚与否、要求对方原谅或复合、推断关系一定修复或失败、淡化暴力强迫与现实伤害、平均分配明显不对等的责任；现实安全、具体行为、反例与专业支持优先。,高,待验证,,provisional=true；M3-REPAIR尚未完成，完成条件为暂定功能模型。,0.7
M4-REPAIR-419,K08 修复断链｜修复功能,L8 LOOP与K机制接口,REPAIR-K机制接口,通用,接口,K08,,K08已由前序模块建立；修复重点：识别RN01—RN08中缺失、替代或未持续的关键步骤。,K机制未成立或只有单一结构标签。,由共享基础引擎提供；仅修正修复功能的承载、持续与压力占位，不直接等同是否愿意认错或能否修复。,由M1／M2提供；夫妻星只说明伴侣原型与关系资格，不单独证明修复能力、修复意愿或修复结果。,由M3-BASE提供；日支底盘说明亲密关系中自然调用的功能，但不能单独证明修复闭环。,由M3-CONFLICT、M4-LOOP及现实事件提供；必须区分问题停止、责任承担、影响确认、行动改变、反馈整合与后续回访。,由共享基础引擎判定；近位提高相关功能进入亲密关系核心的概率，远位只作背景或阶段修正。,根气只修正某修复功能是否容易重复调用，不等于现实中已经持续改变。,旺弱只修正功能调用强度与占位，不直接等同修复质量、诚意或关系结果。,喜忌只修正功能摩擦、平衡与承载，不直接等同道德、成熟、善恶或是否值得原谅。,原十神功能有效；真合化成立时按化神功能替换，合化争议时停止定性。,近位提高修复议题与亲密关系的直接相关性；远位仅保留背景、阶段或低置信修正。,86,修复路由，不重复加K分,repair_route,K机制决定修复要补什么功能，不直接决定修复结果。,针对修复断链，关键是：识别RN01—RN08中缺失、替代或未持续的关键步骤。,不得仅凭本规则判断道歉真诚与否、要求对方原谅或复合、推断关系一定修复或失败、淡化暴力强迫与现实伤害、平均分配明显不对等的责任；现实安全、具体行为、反例与专业支持优先。,中高,待验证,,provisional=true；M3-REPAIR尚未完成，完成条件为暂定功能模型。,0.7
M4-REPAIR-420,K08 修复断链｜完成边界,L8 LOOP与K机制接口,REPAIR-K机制接口,通用,门控,K08,,新增节点有现实行为、接收反馈和后续验证。,只用建议或意愿代替实际改变。,由共享基础引擎提供；仅修正修复功能的承载、持续与压力占位，不直接等同是否愿意认错或能否修复。,由M1／M2提供；夫妻星只说明伴侣原型与关系资格，不单独证明修复能力、修复意愿或修复结果。,由M3-BASE提供；日支底盘说明亲密关系中自然调用的功能，但不能单独证明修复闭环。,由M3-CONFLICT、M4-LOOP及现实事件提供；必须区分问题停止、责任承担、影响确认、行动改变、反馈整合与后续回访。,由共享基础引擎判定；近位提高相关功能进入亲密关系核心的概率，远位只作背景或阶段修正。,根气只修正某修复功能是否容易重复调用，不等于现实中已经持续改变。,旺弱只修正功能调用强度与占位，不直接等同修复质量、诚意或关系结果。,喜忌只修正功能摩擦、平衡与承载，不直接等同道德、成熟、善恶或是否值得原谅。,原十神功能有效；真合化成立时按化神功能替换，合化争议时停止定性。,近位提高修复议题与亲密关系的直接相关性；远位仅保留背景、阶段或低置信修正。,90,完成门控,repair_level,修复完成依赖现实兑现，而非知道应该做什么。,知道需要补哪一步只是开始，还要看这一步是否真实进入并持续。,不得仅凭本规则判断道歉真诚与否、要求对方原谅或复合、推断关系一定修复或失败、淡化暴力强迫与现实伤害、平均分配明显不对等的责任；现实安全、具体行为、反例与专业支持优先。,高,待验证,,provisional=true；M3-REPAIR尚未完成，完成条件为暂定功能模型。,0.7
M4-REPAIR-421,SM01 透干且有根｜修复修正,L9 状态、位置与动态修正,REPAIR-状态修正,通用,状态,SM01,,修复功能较易被看见，也较可能重复调用,可见与重复不等于完整或有效,由共享基础引擎提供；仅修正修复功能的承载、持续与压力占位，不直接等同是否愿意认错或能否修复。,由M1／M2提供；夫妻星只说明伴侣原型与关系资格，不单独证明修复能力、修复意愿或修复结果。,由M3-BASE提供；日支底盘说明亲密关系中自然调用的功能，但不能单独证明修复闭环。,由M3-CONFLICT、M4-LOOP及现实事件提供；必须区分问题停止、责任承担、影响确认、行动改变、反馈整合与后续回访。,由共享基础引擎判定；近位提高相关功能进入亲密关系核心的概率，远位只作背景或阶段修正。,根气只修正某修复功能是否容易重复调用，不等于现实中已经持续改变。,旺弱只修正功能调用强度与占位，不直接等同修复质量、诚意或关系结果。,喜忌只修正功能摩擦、平衡与承载，不直接等同道德、成熟、善恶或是否值得原谅。,原十神功能有效；真合化成立时按化神功能替换，合化争议时停止定性。,近位提高修复议题与亲密关系的直接相关性；远位仅保留背景、阶段或低置信修正。,70,±2至±6；单独不得建立E2以上,state_modifier,状态只修正功能可见度、持续性和占位，不决定修复完成。,透干且有根时：修复功能较易被看见，也较可能重复调用。,不得仅凭本规则判断道歉真诚与否、要求对方原谅或复合、推断关系一定修复或失败、淡化暴力强迫与现实伤害、平均分配明显不对等的责任；现实安全、具体行为、反例与专业支持优先。,中,待验证,,provisional=true；M3-REPAIR尚未完成，完成条件为暂定功能模型。,0.7
M4-REPAIR-422,SM01 透干且有根｜使用边界,L9 状态、位置与动态修正,REPAIR-状态修正,通用,边界,SM01,,与现实修复事件、节点和反馈共同使用。,可见与重复不等于完整或有效,由共享基础引擎提供；仅修正修复功能的承载、持续与压力占位，不直接等同是否愿意认错或能否修复。,由M1／M2提供；夫妻星只说明伴侣原型与关系资格，不单独证明修复能力、修复意愿或修复结果。,由M3-BASE提供；日支底盘说明亲密关系中自然调用的功能，但不能单独证明修复闭环。,由M3-CONFLICT、M4-LOOP及现实事件提供；必须区分问题停止、责任承担、影响确认、行动改变、反馈整合与后续回访。,由共享基础引擎判定；近位提高相关功能进入亲密关系核心的概率，远位只作背景或阶段修正。,根气只修正某修复功能是否容易重复调用，不等于现实中已经持续改变。,旺弱只修正功能调用强度与占位，不直接等同修复质量、诚意或关系结果。,喜忌只修正功能摩擦、平衡与承载，不直接等同道德、成熟、善恶或是否值得原谅。,原十神功能有效；真合化成立时按化神功能替换，合化争议时停止定性。,近位提高修复议题与亲密关系的直接相关性；远位仅保留背景、阶段或低置信修正。,90,边界门控,boundary_note,可见与重复不等于完整或有效,使用边界：可见与重复不等于完整或有效。,不得仅凭本规则判断道歉真诚与否、要求对方原谅或复合、推断关系一定修复或失败、淡化暴力强迫与现实伤害、平均分配明显不对等的责任；现实安全、具体行为、反例与专业支持优先。,高,待验证,,provisional=true；M3-REPAIR尚未完成，完成条件为暂定功能模型。,0.7
M4-REPAIR-423,SM02 透干但无根｜修复修正,L9 状态、位置与动态修正,REPAIR-状态修正,通用,状态,SM02,,修复姿态容易早出现，持续性需现实验证,不能由郑重表态推出长期改变,由共享基础引擎提供；仅修正修复功能的承载、持续与压力占位，不直接等同是否愿意认错或能否修复。,由M1／M2提供；夫妻星只说明伴侣原型与关系资格，不单独证明修复能力、修复意愿或修复结果。,由M3-BASE提供；日支底盘说明亲密关系中自然调用的功能，但不能单独证明修复闭环。,由M3-CONFLICT、M4-LOOP及现实事件提供；必须区分问题停止、责任承担、影响确认、行动改变、反馈整合与后续回访。,由共享基础引擎判定；近位提高相关功能进入亲密关系核心的概率，远位只作背景或阶段修正。,根气只修正某修复功能是否容易重复调用，不等于现实中已经持续改变。,旺弱只修正功能调用强度与占位，不直接等同修复质量、诚意或关系结果。,喜忌只修正功能摩擦、平衡与承载，不直接等同道德、成熟、善恶或是否值得原谅。,原十神功能有效；真合化成立时按化神功能替换，合化争议时停止定性。,近位提高修复议题与亲密关系的直接相关性；远位仅保留背景、阶段或低置信修正。,70,±2至±6；单独不得建立E2以上,state_modifier,状态只修正功能可见度、持续性和占位，不决定修复完成。,透干但无根时：修复姿态容易早出现，持续性需现实验证。,不得仅凭本规则判断道歉真诚与否、要求对方原谅或复合、推断关系一定修复或失败、淡化暴力强迫与现实伤害、平均分配明显不对等的责任；现实安全、具体行为、反例与专业支持优先。,中,待验证,,provisional=true；M3-REPAIR尚未完成，完成条件为暂定功能模型。,0.7
M4-REPAIR-424,SM02 透干但无根｜使用边界,L9 状态、位置与动态修正,REPAIR-状态修正,通用,边界,SM02,,与现实修复事件、节点和反馈共同使用。,不能由郑重表态推出长期改变,由共享基础引擎提供；仅修正修复功能的承载、持续与压力占位，不直接等同是否愿意认错或能否修复。,由M1／M2提供；夫妻星只说明伴侣原型与关系资格，不单独证明修复能力、修复意愿或修复结果。,由M3-BASE提供；日支底盘说明亲密关系中自然调用的功能，但不能单独证明修复闭环。,由M3-CONFLICT、M4-LOOP及现实事件提供；必须区分问题停止、责任承担、影响确认、行动改变、反馈整合与后续回访。,由共享基础引擎判定；近位提高相关功能进入亲密关系核心的概率，远位只作背景或阶段修正。,根气只修正某修复功能是否容易重复调用，不等于现实中已经持续改变。,旺弱只修正功能调用强度与占位，不直接等同修复质量、诚意或关系结果。,喜忌只修正功能摩擦、平衡与承载，不直接等同道德、成熟、善恶或是否值得原谅。,原十神功能有效；真合化成立时按化神功能替换，合化争议时停止定性。,近位提高修复议题与亲密关系的直接相关性；远位仅保留背景、阶段或低置信修正。,90,边界门控,boundary_note,不能由郑重表态推出长期改变,使用边界：不能由郑重表态推出长期改变。,不得仅凭本规则判断道歉真诚与否、要求对方原谅或复合、推断关系一定修复或失败、淡化暴力强迫与现实伤害、平均分配明显不对等的责任；现实安全、具体行为、反例与专业支持优先。,高,待验证,,provisional=true；M3-REPAIR尚未完成，完成条件为暂定功能模型。,0.7
M4-REPAIR-425,SM03 藏支且有根｜修复修正,L9 状态、位置与动态修正,REPAIR-状态修正,通用,状态,SM03,,修复功能可能较隐性、熟悉后或行动中出现,不能因语言少判断没有修复意愿,由共享基础引擎提供；仅修正修复功能的承载、持续与压力占位，不直接等同是否愿意认错或能否修复。,由M1／M2提供；夫妻星只说明伴侣原型与关系资格，不单独证明修复能力、修复意愿或修复结果。,由M3-BASE提供；日支底盘说明亲密关系中自然调用的功能，但不能单独证明修复闭环。,由M3-CONFLICT、M4-LOOP及现实事件提供；必须区分问题停止、责任承担、影响确认、行动改变、反馈整合与后续回访。,由共享基础引擎判定；近位提高相关功能进入亲密关系核心的概率，远位只作背景或阶段修正。,根气只修正某修复功能是否容易重复调用，不等于现实中已经持续改变。,旺弱只修正功能调用强度与占位，不直接等同修复质量、诚意或关系结果。,喜忌只修正功能摩擦、平衡与承载，不直接等同道德、成熟、善恶或是否值得原谅。,原十神功能有效；真合化成立时按化神功能替换，合化争议时停止定性。,近位提高修复议题与亲密关系的直接相关性；远位仅保留背景、阶段或低置信修正。,70,±2至±6；单独不得建立E2以上,state_modifier,状态只修正功能可见度、持续性和占位，不决定修复完成。,藏支且有根时：修复功能可能较隐性、熟悉后或行动中出现。,不得仅凭本规则判断道歉真诚与否、要求对方原谅或复合、推断关系一定修复或失败、淡化暴力强迫与现实伤害、平均分配明显不对等的责任；现实安全、具体行为、反例与专业支持优先。,中,待验证,,provisional=true；M3-REPAIR尚未完成，完成条件为暂定功能模型。,0.7
M4-REPAIR-426,SM03 藏支且有根｜使用边界,L9 状态、位置与动态修正,REPAIR-状态修正,通用,边界,SM03,,与现实修复事件、节点和反馈共同使用。,不能因语言少判断没有修复意愿,由共享基础引擎提供；仅修正修复功能的承载、持续与压力占位，不直接等同是否愿意认错或能否修复。,由M1／M2提供；夫妻星只说明伴侣原型与关系资格，不单独证明修复能力、修复意愿或修复结果。,由M3-BASE提供；日支底盘说明亲密关系中自然调用的功能，但不能单独证明修复闭环。,由M3-CONFLICT、M4-LOOP及现实事件提供；必须区分问题停止、责任承担、影响确认、行动改变、反馈整合与后续回访。,由共享基础引擎判定；近位提高相关功能进入亲密关系核心的概率，远位只作背景或阶段修正。,根气只修正某修复功能是否容易重复调用，不等于现实中已经持续改变。,旺弱只修正功能调用强度与占位，不直接等同修复质量、诚意或关系结果。,喜忌只修正功能摩擦、平衡与承载，不直接等同道德、成熟、善恶或是否值得原谅。,原十神功能有效；真合化成立时按化神功能替换，合化争议时停止定性。,近位提高修复议题与亲密关系的直接相关性；远位仅保留背景、阶段或低置信修正。,90,边界门控,boundary_note,不能因语言少判断没有修复意愿,使用边界：不能因语言少判断没有修复意愿。,不得仅凭本规则判断道歉真诚与否、要求对方原谅或复合、推断关系一定修复或失败、淡化暴力强迫与现实伤害、平均分配明显不对等的责任；现实安全、具体行为、反例与专业支持优先。,高,待验证,,provisional=true；M3-REPAIR尚未完成，完成条件为暂定功能模型。,0.7
M4-REPAIR-427,SM04 藏而弱远｜修复修正,L9 状态、位置与动态修正,REPAIR-状态修正,通用,状态,SM04,,只能保留背景候选，不能作为主修复通道,需要更强现实行为支持,由共享基础引擎提供；仅修正修复功能的承载、持续与压力占位，不直接等同是否愿意认错或能否修复。,由M1／M2提供；夫妻星只说明伴侣原型与关系资格，不单独证明修复能力、修复意愿或修复结果。,由M3-BASE提供；日支底盘说明亲密关系中自然调用的功能，但不能单独证明修复闭环。,由M3-CONFLICT、M4-LOOP及现实事件提供；必须区分问题停止、责任承担、影响确认、行动改变、反馈整合与后续回访。,由共享基础引擎判定；近位提高相关功能进入亲密关系核心的概率，远位只作背景或阶段修正。,根气只修正某修复功能是否容易重复调用，不等于现实中已经持续改变。,旺弱只修正功能调用强度与占位，不直接等同修复质量、诚意或关系结果。,喜忌只修正功能摩擦、平衡与承载，不直接等同道德、成熟、善恶或是否值得原谅。,原十神功能有效；真合化成立时按化神功能替换，合化争议时停止定性。,近位提高修复议题与亲密关系的直接相关性；远位仅保留背景、阶段或低置信修正。,70,±2至±6；单独不得建立E2以上,state_modifier,状态只修正功能可见度、持续性和占位，不决定修复完成。,藏而弱远时：只能保留背景候选，不能作为主修复通道。,不得仅凭本规则判断道歉真诚与否、要求对方原谅或复合、推断关系一定修复或失败、淡化暴力强迫与现实伤害、平均分配明显不对等的责任；现实安全、具体行为、反例与专业支持优先。,中,待验证,,provisional=true；M3-REPAIR尚未完成，完成条件为暂定功能模型。,0.7
M4-REPAIR-428,SM04 藏而弱远｜使用边界,L9 状态、位置与动态修正,REPAIR-状态修正,通用,边界,SM04,,与现实修复事件、节点和反馈共同使用。,需要更强现实行为支持,由共享基础引擎提供；仅修正修复功能的承载、持续与压力占位，不直接等同是否愿意认错或能否修复。,由M1／M2提供；夫妻星只说明伴侣原型与关系资格，不单独证明修复能力、修复意愿或修复结果。,由M3-BASE提供；日支底盘说明亲密关系中自然调用的功能，但不能单独证明修复闭环。,由M3-CONFLICT、M4-LOOP及现实事件提供；必须区分问题停止、责任承担、影响确认、行动改变、反馈整合与后续回访。,由共享基础引擎判定；近位提高相关功能进入亲密关系核心的概率，远位只作背景或阶段修正。,根气只修正某修复功能是否容易重复调用，不等于现实中已经持续改变。,旺弱只修正功能调用强度与占位，不直接等同修复质量、诚意或关系结果。,喜忌只修正功能摩擦、平衡与承载，不直接等同道德、成熟、善恶或是否值得原谅。,原十神功能有效；真合化成立时按化神功能替换，合化争议时停止定性。,近位提高修复议题与亲密关系的直接相关性；远位仅保留背景、阶段或低置信修正。,90,边界门控,boundary_note,需要更强现实行为支持,使用边界：需要更强现实行为支持。,不得仅凭本规则判断道歉真诚与否、要求对方原谅或复合、推断关系一定修复或失败、淡化暴力强迫与现实伤害、平均分配明显不对等的责任；现实安全、具体行为、反例与专业支持优先。,高,待验证,,provisional=true；M3-REPAIR尚未完成，完成条件为暂定功能模型。,0.7
M4-REPAIR-429,SM05 旺而平衡｜修复修正,L9 状态、位置与动态修正,REPAIR-状态修正,通用,状态,SM05,,功能调用较熟练，可作为资源,仍须检查是否承担了不属于它的任务,由共享基础引擎提供；仅修正修复功能的承载、持续与压力占位，不直接等同是否愿意认错或能否修复。,由M1／M2提供；夫妻星只说明伴侣原型与关系资格，不单独证明修复能力、修复意愿或修复结果。,由M3-BASE提供；日支底盘说明亲密关系中自然调用的功能，但不能单独证明修复闭环。,由M3-CONFLICT、M4-LOOP及现实事件提供；必须区分问题停止、责任承担、影响确认、行动改变、反馈整合与后续回访。,由共享基础引擎判定；近位提高相关功能进入亲密关系核心的概率，远位只作背景或阶段修正。,根气只修正某修复功能是否容易重复调用，不等于现实中已经持续改变。,旺弱只修正功能调用强度与占位，不直接等同修复质量、诚意或关系结果。,喜忌只修正功能摩擦、平衡与承载，不直接等同道德、成熟、善恶或是否值得原谅。,原十神功能有效；真合化成立时按化神功能替换，合化争议时停止定性。,近位提高修复议题与亲密关系的直接相关性；远位仅保留背景、阶段或低置信修正。,70,±2至±6；单独不得建立E2以上,state_modifier,状态只修正功能可见度、持续性和占位，不决定修复完成。,旺而平衡时：功能调用较熟练，可作为资源。,不得仅凭本规则判断道歉真诚与否、要求对方原谅或复合、推断关系一定修复或失败、淡化暴力强迫与现实伤害、平均分配明显不对等的责任；现实安全、具体行为、反例与专业支持优先。,中,待验证,,provisional=true；M3-REPAIR尚未完成，完成条件为暂定功能模型。,0.7
M4-REPAIR-430,SM05 旺而平衡｜使用边界,L9 状态、位置与动态修正,REPAIR-状态修正,通用,边界,SM05,,与现实修复事件、节点和反馈共同使用。,仍须检查是否承担了不属于它的任务,由共享基础引擎提供；仅修正修复功能的承载、持续与压力占位，不直接等同是否愿意认错或能否修复。,由M1／M2提供；夫妻星只说明伴侣原型与关系资格，不单独证明修复能力、修复意愿或修复结果。,由M3-BASE提供；日支底盘说明亲密关系中自然调用的功能，但不能单独证明修复闭环。,由M3-CONFLICT、M4-LOOP及现实事件提供；必须区分问题停止、责任承担、影响确认、行动改变、反馈整合与后续回访。,由共享基础引擎判定；近位提高相关功能进入亲密关系核心的概率，远位只作背景或阶段修正。,根气只修正某修复功能是否容易重复调用，不等于现实中已经持续改变。,旺弱只修正功能调用强度与占位，不直接等同修复质量、诚意或关系结果。,喜忌只修正功能摩擦、平衡与承载，不直接等同道德、成熟、善恶或是否值得原谅。,原十神功能有效；真合化成立时按化神功能替换，合化争议时停止定性。,近位提高修复议题与亲密关系的直接相关性；远位仅保留背景、阶段或低置信修正。,90,边界门控,boundary_note,仍须检查是否承担了不属于它的任务,使用边界：仍须检查是否承担了不属于它的任务。,不得仅凭本规则判断道歉真诚与否、要求对方原谅或复合、推断关系一定修复或失败、淡化暴力强迫与现实伤害、平均分配明显不对等的责任；现实安全、具体行为、反例与专业支持优先。,高,待验证,,provisional=true；M3-REPAIR尚未完成，完成条件为暂定功能模型。,0.7
M4-REPAIR-431,SM06 旺而失衡｜修复修正,L9 状态、位置与动态修正,REPAIR-状态修正,通用,状态,SM06,,熟悉功能可能抢先占位，提高RB／RF候选,不能直接写成恶意或拒绝修复,由共享基础引擎提供；仅修正修复功能的承载、持续与压力占位，不直接等同是否愿意认错或能否修复。,由M1／M2提供；夫妻星只说明伴侣原型与关系资格，不单独证明修复能力、修复意愿或修复结果。,由M3-BASE提供；日支底盘说明亲密关系中自然调用的功能，但不能单独证明修复闭环。,由M3-CONFLICT、M4-LOOP及现实事件提供；必须区分问题停止、责任承担、影响确认、行动改变、反馈整合与后续回访。,由共享基础引擎判定；近位提高相关功能进入亲密关系核心的概率，远位只作背景或阶段修正。,根气只修正某修复功能是否容易重复调用，不等于现实中已经持续改变。,旺弱只修正功能调用强度与占位，不直接等同修复质量、诚意或关系结果。,喜忌只修正功能摩擦、平衡与承载，不直接等同道德、成熟、善恶或是否值得原谅。,原十神功能有效；真合化成立时按化神功能替换，合化争议时停止定性。,近位提高修复议题与亲密关系的直接相关性；远位仅保留背景、阶段或低置信修正。,70,±2至±6；单独不得建立E2以上,state_modifier,状态只修正功能可见度、持续性和占位，不决定修复完成。,旺而失衡时：熟悉功能可能抢先占位，提高RB／RF候选。,不得仅凭本规则判断道歉真诚与否、要求对方原谅或复合、推断关系一定修复或失败、淡化暴力强迫与现实伤害、平均分配明显不对等的责任；现实安全、具体行为、反例与专业支持优先。,中,待验证,,provisional=true；M3-REPAIR尚未完成，完成条件为暂定功能模型。,0.7
M4-REPAIR-432,SM06 旺而失衡｜使用边界,L9 状态、位置与动态修正,REPAIR-状态修正,通用,边界,SM06,,与现实修复事件、节点和反馈共同使用。,不能直接写成恶意或拒绝修复,由共享基础引擎提供；仅修正修复功能的承载、持续与压力占位，不直接等同是否愿意认错或能否修复。,由M1／M2提供；夫妻星只说明伴侣原型与关系资格，不单独证明修复能力、修复意愿或修复结果。,由M3-BASE提供；日支底盘说明亲密关系中自然调用的功能，但不能单独证明修复闭环。,由M3-CONFLICT、M4-LOOP及现实事件提供；必须区分问题停止、责任承担、影响确认、行动改变、反馈整合与后续回访。,由共享基础引擎判定；近位提高相关功能进入亲密关系核心的概率，远位只作背景或阶段修正。,根气只修正某修复功能是否容易重复调用，不等于现实中已经持续改变。,旺弱只修正功能调用强度与占位，不直接等同修复质量、诚意或关系结果。,喜忌只修正功能摩擦、平衡与承载，不直接等同道德、成熟、善恶或是否值得原谅。,原十神功能有效；真合化成立时按化神功能替换，合化争议时停止定性。,近位提高修复议题与亲密关系的直接相关性；远位仅保留背景、阶段或低置信修正。,90,边界门控,boundary_note,不能直接写成恶意或拒绝修复,使用边界：不能直接写成恶意或拒绝修复。,不得仅凭本规则判断道歉真诚与否、要求对方原谅或复合、推断关系一定修复或失败、淡化暴力强迫与现实伤害、平均分配明显不对等的责任；现实安全、具体行为、反例与专业支持优先。,高,待验证,,provisional=true；M3-REPAIR尚未完成，完成条件为暂定功能模型。,0.7
M4-REPAIR-433,SM07 偏弱但有助｜修复修正,L9 状态、位置与动态修正,REPAIR-状态修正,通用,状态,SM07,,特定条件下功能仍可进入,不能机械判断功能不足,由共享基础引擎提供；仅修正修复功能的承载、持续与压力占位，不直接等同是否愿意认错或能否修复。,由M1／M2提供；夫妻星只说明伴侣原型与关系资格，不单独证明修复能力、修复意愿或修复结果。,由M3-BASE提供；日支底盘说明亲密关系中自然调用的功能，但不能单独证明修复闭环。,由M3-CONFLICT、M4-LOOP及现实事件提供；必须区分问题停止、责任承担、影响确认、行动改变、反馈整合与后续回访。,由共享基础引擎判定；近位提高相关功能进入亲密关系核心的概率，远位只作背景或阶段修正。,根气只修正某修复功能是否容易重复调用，不等于现实中已经持续改变。,旺弱只修正功能调用强度与占位，不直接等同修复质量、诚意或关系结果。,喜忌只修正功能摩擦、平衡与承载，不直接等同道德、成熟、善恶或是否值得原谅。,原十神功能有效；真合化成立时按化神功能替换，合化争议时停止定性。,近位提高修复议题与亲密关系的直接相关性；远位仅保留背景、阶段或低置信修正。,70,±2至±6；单独不得建立E2以上,state_modifier,状态只修正功能可见度、持续性和占位，不决定修复完成。,偏弱但有助时：特定条件下功能仍可进入。,不得仅凭本规则判断道歉真诚与否、要求对方原谅或复合、推断关系一定修复或失败、淡化暴力强迫与现实伤害、平均分配明显不对等的责任；现实安全、具体行为、反例与专业支持优先。,中,待验证,,provisional=true；M3-REPAIR尚未完成，完成条件为暂定功能模型。,0.7
M4-REPAIR-434,SM07 偏弱但有助｜使用边界,L9 状态、位置与动态修正,REPAIR-状态修正,通用,边界,SM07,,与现实修复事件、节点和反馈共同使用。,不能机械判断功能不足,由共享基础引擎提供；仅修正修复功能的承载、持续与压力占位，不直接等同是否愿意认错或能否修复。,由M1／M2提供；夫妻星只说明伴侣原型与关系资格，不单独证明修复能力、修复意愿或修复结果。,由M3-BASE提供；日支底盘说明亲密关系中自然调用的功能，但不能单独证明修复闭环。,由M3-CONFLICT、M4-LOOP及现实事件提供；必须区分问题停止、责任承担、影响确认、行动改变、反馈整合与后续回访。,由共享基础引擎判定；近位提高相关功能进入亲密关系核心的概率，远位只作背景或阶段修正。,根气只修正某修复功能是否容易重复调用，不等于现实中已经持续改变。,旺弱只修正功能调用强度与占位，不直接等同修复质量、诚意或关系结果。,喜忌只修正功能摩擦、平衡与承载，不直接等同道德、成熟、善恶或是否值得原谅。,原十神功能有效；真合化成立时按化神功能替换，合化争议时停止定性。,近位提高修复议题与亲密关系的直接相关性；远位仅保留背景、阶段或低置信修正。,90,边界门控,boundary_note,不能机械判断功能不足,使用边界：不能机械判断功能不足。,不得仅凭本规则判断道歉真诚与否、要求对方原谅或复合、推断关系一定修复或失败、淡化暴力强迫与现实伤害、平均分配明显不对等的责任；现实安全、具体行为、反例与专业支持优先。,高,待验证,,provisional=true；M3-REPAIR尚未完成，完成条件为暂定功能模型。,0.7
M4-REPAIR-435,SM08 偏弱且无助｜修复修正,L9 状态、位置与动态修正,REPAIR-状态修正,通用,状态,SM08,,若当前事件必须依赖该功能，才建立缺失候选,先检查等价替代通道,由共享基础引擎提供；仅修正修复功能的承载、持续与压力占位，不直接等同是否愿意认错或能否修复。,由M1／M2提供；夫妻星只说明伴侣原型与关系资格，不单独证明修复能力、修复意愿或修复结果。,由M3-BASE提供；日支底盘说明亲密关系中自然调用的功能，但不能单独证明修复闭环。,由M3-CONFLICT、M4-LOOP及现实事件提供；必须区分问题停止、责任承担、影响确认、行动改变、反馈整合与后续回访。,由共享基础引擎判定；近位提高相关功能进入亲密关系核心的概率，远位只作背景或阶段修正。,根气只修正某修复功能是否容易重复调用，不等于现实中已经持续改变。,旺弱只修正功能调用强度与占位，不直接等同修复质量、诚意或关系结果。,喜忌只修正功能摩擦、平衡与承载，不直接等同道德、成熟、善恶或是否值得原谅。,原十神功能有效；真合化成立时按化神功能替换，合化争议时停止定性。,近位提高修复议题与亲密关系的直接相关性；远位仅保留背景、阶段或低置信修正。,70,±2至±6；单独不得建立E2以上,state_modifier,状态只修正功能可见度、持续性和占位，不决定修复完成。,偏弱且无助时：若当前事件必须依赖该功能，才建立缺失候选。,不得仅凭本规则判断道歉真诚与否、要求对方原谅或复合、推断关系一定修复或失败、淡化暴力强迫与现实伤害、平均分配明显不对等的责任；现实安全、具体行为、反例与专业支持优先。,中,待验证,,provisional=true；M3-REPAIR尚未完成，完成条件为暂定功能模型。,0.7
M4-REPAIR-436,SM08 偏弱且无助｜使用边界,L9 状态、位置与动态修正,REPAIR-状态修正,通用,边界,SM08,,与现实修复事件、节点和反馈共同使用。,先检查等价替代通道,由共享基础引擎提供；仅修正修复功能的承载、持续与压力占位，不直接等同是否愿意认错或能否修复。,由M1／M2提供；夫妻星只说明伴侣原型与关系资格，不单独证明修复能力、修复意愿或修复结果。,由M3-BASE提供；日支底盘说明亲密关系中自然调用的功能，但不能单独证明修复闭环。,由M3-CONFLICT、M4-LOOP及现实事件提供；必须区分问题停止、责任承担、影响确认、行动改变、反馈整合与后续回访。,由共享基础引擎判定；近位提高相关功能进入亲密关系核心的概率，远位只作背景或阶段修正。,根气只修正某修复功能是否容易重复调用，不等于现实中已经持续改变。,旺弱只修正功能调用强度与占位，不直接等同修复质量、诚意或关系结果。,喜忌只修正功能摩擦、平衡与承载，不直接等同道德、成熟、善恶或是否值得原谅。,原十神功能有效；真合化成立时按化神功能替换，合化争议时停止定性。,近位提高修复议题与亲密关系的直接相关性；远位仅保留背景、阶段或低置信修正。,90,边界门控,boundary_note,先检查等价替代通道,使用边界：先检查等价替代通道。,不得仅凭本规则判断道歉真诚与否、要求对方原谅或复合、推断关系一定修复或失败、淡化暴力强迫与现实伤害、平均分配明显不对等的责任；现实安全、具体行为、反例与专业支持优先。,高,待验证,,provisional=true；M3-REPAIR尚未完成，完成条件为暂定功能模型。,0.7
M4-REPAIR-437,SM09 有制有化／有通关｜修复修正,L9 状态、位置与动态修正,REPAIR-状态修正,通用,状态,SM09,,过用受到限制、缺位得到补入或转换较顺畅,保护因素必须真实降权,由共享基础引擎提供；仅修正修复功能的承载、持续与压力占位，不直接等同是否愿意认错或能否修复。,由M1／M2提供；夫妻星只说明伴侣原型与关系资格，不单独证明修复能力、修复意愿或修复结果。,由M3-BASE提供；日支底盘说明亲密关系中自然调用的功能，但不能单独证明修复闭环。,由M3-CONFLICT、M4-LOOP及现实事件提供；必须区分问题停止、责任承担、影响确认、行动改变、反馈整合与后续回访。,由共享基础引擎判定；近位提高相关功能进入亲密关系核心的概率，远位只作背景或阶段修正。,根气只修正某修复功能是否容易重复调用，不等于现实中已经持续改变。,旺弱只修正功能调用强度与占位，不直接等同修复质量、诚意或关系结果。,喜忌只修正功能摩擦、平衡与承载，不直接等同道德、成熟、善恶或是否值得原谅。,原十神功能有效；真合化成立时按化神功能替换，合化争议时停止定性。,近位提高修复议题与亲密关系的直接相关性；远位仅保留背景、阶段或低置信修正。,70,±2至±6；单独不得建立E2以上,state_modifier,状态只修正功能可见度、持续性和占位，不决定修复完成。,有制有化／有通关时：过用受到限制、缺位得到补入或转换较顺畅。,不得仅凭本规则判断道歉真诚与否、要求对方原谅或复合、推断关系一定修复或失败、淡化暴力强迫与现实伤害、平均分配明显不对等的责任；现实安全、具体行为、反例与专业支持优先。,中,待验证,,provisional=true；M3-REPAIR尚未完成，完成条件为暂定功能模型。,0.7
M4-REPAIR-438,SM09 有制有化／有通关｜使用边界,L9 状态、位置与动态修正,REPAIR-状态修正,通用,边界,SM09,,与现实修复事件、节点和反馈共同使用。,保护因素必须真实降权,由共享基础引擎提供；仅修正修复功能的承载、持续与压力占位，不直接等同是否愿意认错或能否修复。,由M1／M2提供；夫妻星只说明伴侣原型与关系资格，不单独证明修复能力、修复意愿或修复结果。,由M3-BASE提供；日支底盘说明亲密关系中自然调用的功能，但不能单独证明修复闭环。,由M3-CONFLICT、M4-LOOP及现实事件提供；必须区分问题停止、责任承担、影响确认、行动改变、反馈整合与后续回访。,由共享基础引擎判定；近位提高相关功能进入亲密关系核心的概率，远位只作背景或阶段修正。,根气只修正某修复功能是否容易重复调用，不等于现实中已经持续改变。,旺弱只修正功能调用强度与占位，不直接等同修复质量、诚意或关系结果。,喜忌只修正功能摩擦、平衡与承载，不直接等同道德、成熟、善恶或是否值得原谅。,原十神功能有效；真合化成立时按化神功能替换，合化争议时停止定性。,近位提高修复议题与亲密关系的直接相关性；远位仅保留背景、阶段或低置信修正。,90,边界门控,boundary_note,保护因素必须真实降权,使用边界：保护因素必须真实降权。,不得仅凭本规则判断道歉真诚与否、要求对方原谅或复合、推断关系一定修复或失败、淡化暴力强迫与现实伤害、平均分配明显不对等的责任；现实安全、具体行为、反例与专业支持优先。,高,待验证,,provisional=true；M3-REPAIR尚未完成，完成条件为暂定功能模型。,0.7
M4-REPAIR-439,SM10 强而无制｜修复修正,L9 状态、位置与动态修正,REPAIR-状态修正,通用,状态,SM10,,高压下更易由单一通道占位,仍需现实事件证明过早结案或替代,由共享基础引擎提供；仅修正修复功能的承载、持续与压力占位，不直接等同是否愿意认错或能否修复。,由M1／M2提供；夫妻星只说明伴侣原型与关系资格，不单独证明修复能力、修复意愿或修复结果。,由M3-BASE提供；日支底盘说明亲密关系中自然调用的功能，但不能单独证明修复闭环。,由M3-CONFLICT、M4-LOOP及现实事件提供；必须区分问题停止、责任承担、影响确认、行动改变、反馈整合与后续回访。,由共享基础引擎判定；近位提高相关功能进入亲密关系核心的概率，远位只作背景或阶段修正。,根气只修正某修复功能是否容易重复调用，不等于现实中已经持续改变。,旺弱只修正功能调用强度与占位，不直接等同修复质量、诚意或关系结果。,喜忌只修正功能摩擦、平衡与承载，不直接等同道德、成熟、善恶或是否值得原谅。,原十神功能有效；真合化成立时按化神功能替换，合化争议时停止定性。,近位提高修复议题与亲密关系的直接相关性；远位仅保留背景、阶段或低置信修正。,70,±2至±6；单独不得建立E2以上,state_modifier,状态只修正功能可见度、持续性和占位，不决定修复完成。,强而无制时：高压下更易由单一通道占位。,不得仅凭本规则判断道歉真诚与否、要求对方原谅或复合、推断关系一定修复或失败、淡化暴力强迫与现实伤害、平均分配明显不对等的责任；现实安全、具体行为、反例与专业支持优先。,中,待验证,,provisional=true；M3-REPAIR尚未完成，完成条件为暂定功能模型。,0.7
M4-REPAIR-440,SM10 强而无制｜使用边界,L9 状态、位置与动态修正,REPAIR-状态修正,通用,边界,SM10,,与现实修复事件、节点和反馈共同使用。,仍需现实事件证明过早结案或替代,由共享基础引擎提供；仅修正修复功能的承载、持续与压力占位，不直接等同是否愿意认错或能否修复。,由M1／M2提供；夫妻星只说明伴侣原型与关系资格，不单独证明修复能力、修复意愿或修复结果。,由M3-BASE提供；日支底盘说明亲密关系中自然调用的功能，但不能单独证明修复闭环。,由M3-CONFLICT、M4-LOOP及现实事件提供；必须区分问题停止、责任承担、影响确认、行动改变、反馈整合与后续回访。,由共享基础引擎判定；近位提高相关功能进入亲密关系核心的概率，远位只作背景或阶段修正。,根气只修正某修复功能是否容易重复调用，不等于现实中已经持续改变。,旺弱只修正功能调用强度与占位，不直接等同修复质量、诚意或关系结果。,喜忌只修正功能摩擦、平衡与承载，不直接等同道德、成熟、善恶或是否值得原谅。,原十神功能有效；真合化成立时按化神功能替换，合化争议时停止定性。,近位提高修复议题与亲密关系的直接相关性；远位仅保留背景、阶段或低置信修正。,90,边界门控,boundary_note,仍需现实事件证明过早结案或替代,使用边界：仍需现实事件证明过早结案或替代。,不得仅凭本规则判断道歉真诚与否、要求对方原谅或复合、推断关系一定修复或失败、淡化暴力强迫与现实伤害、平均分配明显不对等的责任；现实安全、具体行为、反例与专业支持优先。,高,待验证,,provisional=true；M3-REPAIR尚未完成，完成条件为暂定功能模型。,0.7
M4-REPAIR-441,SM11 日支主气／日柱近位｜修复修正,L9 状态、位置与动态修正,REPAIR-状态修正,通用,状态,SM11,,修复功能更易进入亲密关系核心,同一日支事实不能跨模块重复计分,由共享基础引擎提供；仅修正修复功能的承载、持续与压力占位，不直接等同是否愿意认错或能否修复。,由M1／M2提供；夫妻星只说明伴侣原型与关系资格，不单独证明修复能力、修复意愿或修复结果。,由M3-BASE提供；日支底盘说明亲密关系中自然调用的功能，但不能单独证明修复闭环。,由M3-CONFLICT、M4-LOOP及现实事件提供；必须区分问题停止、责任承担、影响确认、行动改变、反馈整合与后续回访。,由共享基础引擎判定；近位提高相关功能进入亲密关系核心的概率，远位只作背景或阶段修正。,根气只修正某修复功能是否容易重复调用，不等于现实中已经持续改变。,旺弱只修正功能调用强度与占位，不直接等同修复质量、诚意或关系结果。,喜忌只修正功能摩擦、平衡与承载，不直接等同道德、成熟、善恶或是否值得原谅。,原十神功能有效；真合化成立时按化神功能替换，合化争议时停止定性。,近位提高修复议题与亲密关系的直接相关性；远位仅保留背景、阶段或低置信修正。,70,±2至±6；单独不得建立E2以上,state_modifier,状态只修正功能可见度、持续性和占位，不决定修复完成。,日支主气／日柱近位时：修复功能更易进入亲密关系核心。,不得仅凭本规则判断道歉真诚与否、要求对方原谅或复合、推断关系一定修复或失败、淡化暴力强迫与现实伤害、平均分配明显不对等的责任；现实安全、具体行为、反例与专业支持优先。,中,待验证,,provisional=true；M3-REPAIR尚未完成，完成条件为暂定功能模型。,0.7
M4-REPAIR-442,SM11 日支主气／日柱近位｜使用边界,L9 状态、位置与动态修正,REPAIR-状态修正,通用,边界,SM11,,与现实修复事件、节点和反馈共同使用。,同一日支事实不能跨模块重复计分,由共享基础引擎提供；仅修正修复功能的承载、持续与压力占位，不直接等同是否愿意认错或能否修复。,由M1／M2提供；夫妻星只说明伴侣原型与关系资格，不单独证明修复能力、修复意愿或修复结果。,由M3-BASE提供；日支底盘说明亲密关系中自然调用的功能，但不能单独证明修复闭环。,由M3-CONFLICT、M4-LOOP及现实事件提供；必须区分问题停止、责任承担、影响确认、行动改变、反馈整合与后续回访。,由共享基础引擎判定；近位提高相关功能进入亲密关系核心的概率，远位只作背景或阶段修正。,根气只修正某修复功能是否容易重复调用，不等于现实中已经持续改变。,旺弱只修正功能调用强度与占位，不直接等同修复质量、诚意或关系结果。,喜忌只修正功能摩擦、平衡与承载，不直接等同道德、成熟、善恶或是否值得原谅。,原十神功能有效；真合化成立时按化神功能替换，合化争议时停止定性。,近位提高修复议题与亲密关系的直接相关性；远位仅保留背景、阶段或低置信修正。,90,边界门控,boundary_note,同一日支事实不能跨模块重复计分,使用边界：同一日支事实不能跨模块重复计分。,不得仅凭本规则判断道歉真诚与否、要求对方原谅或复合、推断关系一定修复或失败、淡化暴力强迫与现实伤害、平均分配明显不对等的责任；现实安全、具体行为、反例与专业支持优先。,高,待验证,,provisional=true；M3-REPAIR尚未完成，完成条件为暂定功能模型。,0.7
M4-REPAIR-443,SM12 中气有效｜修复修正,L9 状态、位置与动态修正,REPAIR-状态修正,通用,状态,SM12,,可作为第二修复通道或调节因素,不能与主气平铺同权,由共享基础引擎提供；仅修正修复功能的承载、持续与压力占位，不直接等同是否愿意认错或能否修复。,由M1／M2提供；夫妻星只说明伴侣原型与关系资格，不单独证明修复能力、修复意愿或修复结果。,由M3-BASE提供；日支底盘说明亲密关系中自然调用的功能，但不能单独证明修复闭环。,由M3-CONFLICT、M4-LOOP及现实事件提供；必须区分问题停止、责任承担、影响确认、行动改变、反馈整合与后续回访。,由共享基础引擎判定；近位提高相关功能进入亲密关系核心的概率，远位只作背景或阶段修正。,根气只修正某修复功能是否容易重复调用，不等于现实中已经持续改变。,旺弱只修正功能调用强度与占位，不直接等同修复质量、诚意或关系结果。,喜忌只修正功能摩擦、平衡与承载，不直接等同道德、成熟、善恶或是否值得原谅。,原十神功能有效；真合化成立时按化神功能替换，合化争议时停止定性。,近位提高修复议题与亲密关系的直接相关性；远位仅保留背景、阶段或低置信修正。,70,±2至±6；单独不得建立E2以上,state_modifier,状态只修正功能可见度、持续性和占位，不决定修复完成。,中气有效时：可作为第二修复通道或调节因素。,不得仅凭本规则判断道歉真诚与否、要求对方原谅或复合、推断关系一定修复或失败、淡化暴力强迫与现实伤害、平均分配明显不对等的责任；现实安全、具体行为、反例与专业支持优先。,中,待验证,,provisional=true；M3-REPAIR尚未完成，完成条件为暂定功能模型。,0.7
M4-REPAIR-444,SM12 中气有效｜使用边界,L9 状态、位置与动态修正,REPAIR-状态修正,通用,边界,SM12,,与现实修复事件、节点和反馈共同使用。,不能与主气平铺同权,由共享基础引擎提供；仅修正修复功能的承载、持续与压力占位，不直接等同是否愿意认错或能否修复。,由M1／M2提供；夫妻星只说明伴侣原型与关系资格，不单独证明修复能力、修复意愿或修复结果。,由M3-BASE提供；日支底盘说明亲密关系中自然调用的功能，但不能单独证明修复闭环。,由M3-CONFLICT、M4-LOOP及现实事件提供；必须区分问题停止、责任承担、影响确认、行动改变、反馈整合与后续回访。,由共享基础引擎判定；近位提高相关功能进入亲密关系核心的概率，远位只作背景或阶段修正。,根气只修正某修复功能是否容易重复调用，不等于现实中已经持续改变。,旺弱只修正功能调用强度与占位，不直接等同修复质量、诚意或关系结果。,喜忌只修正功能摩擦、平衡与承载，不直接等同道德、成熟、善恶或是否值得原谅。,原十神功能有效；真合化成立时按化神功能替换，合化争议时停止定性。,近位提高修复议题与亲密关系的直接相关性；远位仅保留背景、阶段或低置信修正。,90,边界门控,boundary_note,不能与主气平铺同权,使用边界：不能与主气平铺同权。,不得仅凭本规则判断道歉真诚与否、要求对方原谅或复合、推断关系一定修复或失败、淡化暴力强迫与现实伤害、平均分配明显不对等的责任；现实安全、具体行为、反例与专业支持优先。,高,待验证,,provisional=true；M3-REPAIR尚未完成，完成条件为暂定功能模型。,0.7
M4-REPAIR-445,SM13 余气有效｜修复修正,L9 状态、位置与动态修正,REPAIR-状态修正,通用,状态,SM13,,只作背景、特定情境或恢复阶段候选,没有独立证据不得进入正文,由共享基础引擎提供；仅修正修复功能的承载、持续与压力占位，不直接等同是否愿意认错或能否修复。,由M1／M2提供；夫妻星只说明伴侣原型与关系资格，不单独证明修复能力、修复意愿或修复结果。,由M3-BASE提供；日支底盘说明亲密关系中自然调用的功能，但不能单独证明修复闭环。,由M3-CONFLICT、M4-LOOP及现实事件提供；必须区分问题停止、责任承担、影响确认、行动改变、反馈整合与后续回访。,由共享基础引擎判定；近位提高相关功能进入亲密关系核心的概率，远位只作背景或阶段修正。,根气只修正某修复功能是否容易重复调用，不等于现实中已经持续改变。,旺弱只修正功能调用强度与占位，不直接等同修复质量、诚意或关系结果。,喜忌只修正功能摩擦、平衡与承载，不直接等同道德、成熟、善恶或是否值得原谅。,原十神功能有效；真合化成立时按化神功能替换，合化争议时停止定性。,近位提高修复议题与亲密关系的直接相关性；远位仅保留背景、阶段或低置信修正。,70,±2至±6；单独不得建立E2以上,state_modifier,状态只修正功能可见度、持续性和占位，不决定修复完成。,余气有效时：只作背景、特定情境或恢复阶段候选。,不得仅凭本规则判断道歉真诚与否、要求对方原谅或复合、推断关系一定修复或失败、淡化暴力强迫与现实伤害、平均分配明显不对等的责任；现实安全、具体行为、反例与专业支持优先。,中,待验证,,provisional=true；M3-REPAIR尚未完成，完成条件为暂定功能模型。,0.7
M4-REPAIR-446,SM13 余气有效｜使用边界,L9 状态、位置与动态修正,REPAIR-状态修正,通用,边界,SM13,,与现实修复事件、节点和反馈共同使用。,没有独立证据不得进入正文,由共享基础引擎提供；仅修正修复功能的承载、持续与压力占位，不直接等同是否愿意认错或能否修复。,由M1／M2提供；夫妻星只说明伴侣原型与关系资格，不单独证明修复能力、修复意愿或修复结果。,由M3-BASE提供；日支底盘说明亲密关系中自然调用的功能，但不能单独证明修复闭环。,由M3-CONFLICT、M4-LOOP及现实事件提供；必须区分问题停止、责任承担、影响确认、行动改变、反馈整合与后续回访。,由共享基础引擎判定；近位提高相关功能进入亲密关系核心的概率，远位只作背景或阶段修正。,根气只修正某修复功能是否容易重复调用，不等于现实中已经持续改变。,旺弱只修正功能调用强度与占位，不直接等同修复质量、诚意或关系结果。,喜忌只修正功能摩擦、平衡与承载，不直接等同道德、成熟、善恶或是否值得原谅。,原十神功能有效；真合化成立时按化神功能替换，合化争议时停止定性。,近位提高修复议题与亲密关系的直接相关性；远位仅保留背景、阶段或低置信修正。,90,边界门控,boundary_note,没有独立证据不得进入正文,使用边界：没有独立证据不得进入正文。,不得仅凭本规则判断道歉真诚与否、要求对方原谅或复合、推断关系一定修复或失败、淡化暴力强迫与现实伤害、平均分配明显不对等的责任；现实安全、具体行为、反例与专业支持优先。,高,待验证,,provisional=true；M3-REPAIR尚未完成，完成条件为暂定功能模型。,0.7
M4-REPAIR-447,SM14 合冲刑害破｜修复修正,L9 状态、位置与动态修正,REPAIR-状态修正,通用,状态,SM14,,只修正议题牵连、切换、反复校正、隐性错位或旧方案重组,不得直接推出修复失败或关系破裂,由共享基础引擎提供；仅修正修复功能的承载、持续与压力占位，不直接等同是否愿意认错或能否修复。,由M1／M2提供；夫妻星只说明伴侣原型与关系资格，不单独证明修复能力、修复意愿或修复结果。,由M3-BASE提供；日支底盘说明亲密关系中自然调用的功能，但不能单独证明修复闭环。,由M3-CONFLICT、M4-LOOP及现实事件提供；必须区分问题停止、责任承担、影响确认、行动改变、反馈整合与后续回访。,由共享基础引擎判定；近位提高相关功能进入亲密关系核心的概率，远位只作背景或阶段修正。,根气只修正某修复功能是否容易重复调用，不等于现实中已经持续改变。,旺弱只修正功能调用强度与占位，不直接等同修复质量、诚意或关系结果。,喜忌只修正功能摩擦、平衡与承载，不直接等同道德、成熟、善恶或是否值得原谅。,原十神功能有效；真合化成立时按化神功能替换，合化争议时停止定性。,近位提高修复议题与亲密关系的直接相关性；远位仅保留背景、阶段或低置信修正。,70,±2至±6；单独不得建立E2以上,state_modifier,状态只修正功能可见度、持续性和占位，不决定修复完成。,合冲刑害破时：只修正议题牵连、切换、反复校正、隐性错位或旧方案重组。,不得仅凭本规则判断道歉真诚与否、要求对方原谅或复合、推断关系一定修复或失败、淡化暴力强迫与现实伤害、平均分配明显不对等的责任；现实安全、具体行为、反例与专业支持优先。,中,待验证,,provisional=true；M3-REPAIR尚未完成，完成条件为暂定功能模型。,0.7
M4-REPAIR-448,SM14 合冲刑害破｜使用边界,L9 状态、位置与动态修正,REPAIR-状态修正,通用,边界,SM14,,与现实修复事件、节点和反馈共同使用。,不得直接推出修复失败或关系破裂,由共享基础引擎提供；仅修正修复功能的承载、持续与压力占位，不直接等同是否愿意认错或能否修复。,由M1／M2提供；夫妻星只说明伴侣原型与关系资格，不单独证明修复能力、修复意愿或修复结果。,由M3-BASE提供；日支底盘说明亲密关系中自然调用的功能，但不能单独证明修复闭环。,由M3-CONFLICT、M4-LOOP及现实事件提供；必须区分问题停止、责任承担、影响确认、行动改变、反馈整合与后续回访。,由共享基础引擎判定；近位提高相关功能进入亲密关系核心的概率，远位只作背景或阶段修正。,根气只修正某修复功能是否容易重复调用，不等于现实中已经持续改变。,旺弱只修正功能调用强度与占位，不直接等同修复质量、诚意或关系结果。,喜忌只修正功能摩擦、平衡与承载，不直接等同道德、成熟、善恶或是否值得原谅。,原十神功能有效；真合化成立时按化神功能替换，合化争议时停止定性。,近位提高修复议题与亲密关系的直接相关性；远位仅保留背景、阶段或低置信修正。,90,边界门控,boundary_note,不得直接推出修复失败或关系破裂,使用边界：不得直接推出修复失败或关系破裂。,不得仅凭本规则判断道歉真诚与否、要求对方原谅或复合、推断关系一定修复或失败、淡化暴力强迫与现实伤害、平均分配明显不对等的责任；现实安全、具体行为、反例与专业支持优先。,高,待验证,,provisional=true；M3-REPAIR尚未完成，完成条件为暂定功能模型。,0.7
M4-REPAIR-449,SM15 真合化成立｜修复修正,L9 状态、位置与动态修正,REPAIR-状态修正,通用,状态,SM15,,原通道清零，按化神系统重新路由修复功能,原十神与化神不能并列满分,由共享基础引擎提供；仅修正修复功能的承载、持续与压力占位，不直接等同是否愿意认错或能否修复。,由M1／M2提供；夫妻星只说明伴侣原型与关系资格，不单独证明修复能力、修复意愿或修复结果。,由M3-BASE提供；日支底盘说明亲密关系中自然调用的功能，但不能单独证明修复闭环。,由M3-CONFLICT、M4-LOOP及现实事件提供；必须区分问题停止、责任承担、影响确认、行动改变、反馈整合与后续回访。,由共享基础引擎判定；近位提高相关功能进入亲密关系核心的概率，远位只作背景或阶段修正。,根气只修正某修复功能是否容易重复调用，不等于现实中已经持续改变。,旺弱只修正功能调用强度与占位，不直接等同修复质量、诚意或关系结果。,喜忌只修正功能摩擦、平衡与承载，不直接等同道德、成熟、善恶或是否值得原谅。,原十神功能有效；真合化成立时按化神功能替换，合化争议时停止定性。,近位提高修复议题与亲密关系的直接相关性；远位仅保留背景、阶段或低置信修正。,70,±2至±6；单独不得建立E2以上,state_modifier,状态只修正功能可见度、持续性和占位，不决定修复完成。,真合化成立时：原通道清零，按化神系统重新路由修复功能。,不得仅凭本规则判断道歉真诚与否、要求对方原谅或复合、推断关系一定修复或失败、淡化暴力强迫与现实伤害、平均分配明显不对等的责任；现实安全、具体行为、反例与专业支持优先。,中,待验证,,provisional=true；M3-REPAIR尚未完成，完成条件为暂定功能模型。,0.7
M4-REPAIR-450,SM15 真合化成立｜使用边界,L9 状态、位置与动态修正,REPAIR-状态修正,通用,边界,SM15,,与现实修复事件、节点和反馈共同使用。,原十神与化神不能并列满分,由共享基础引擎提供；仅修正修复功能的承载、持续与压力占位，不直接等同是否愿意认错或能否修复。,由M1／M2提供；夫妻星只说明伴侣原型与关系资格，不单独证明修复能力、修复意愿或修复结果。,由M3-BASE提供；日支底盘说明亲密关系中自然调用的功能，但不能单独证明修复闭环。,由M3-CONFLICT、M4-LOOP及现实事件提供；必须区分问题停止、责任承担、影响确认、行动改变、反馈整合与后续回访。,由共享基础引擎判定；近位提高相关功能进入亲密关系核心的概率，远位只作背景或阶段修正。,根气只修正某修复功能是否容易重复调用，不等于现实中已经持续改变。,旺弱只修正功能调用强度与占位，不直接等同修复质量、诚意或关系结果。,喜忌只修正功能摩擦、平衡与承载，不直接等同道德、成熟、善恶或是否值得原谅。,原十神功能有效；真合化成立时按化神功能替换，合化争议时停止定性。,近位提高修复议题与亲密关系的直接相关性；远位仅保留背景、阶段或低置信修正。,90,边界门控,boundary_note,原十神与化神不能并列满分,使用边界：原十神与化神不能并列满分。,不得仅凭本规则判断道歉真诚与否、要求对方原谅或复合、推断关系一定修复或失败、淡化暴力强迫与现实伤害、平均分配明显不对等的责任；现实安全、具体行为、反例与专业支持优先。,高,待验证,,provisional=true；M3-REPAIR尚未完成，完成条件为暂定功能模型。,0.7
M4-REPAIR-451,SM16 阶段覆盖与现实反例｜修复修正,L9 状态、位置与动态修正,REPAIR-状态修正,通用,状态,SM16,,阶段提高议题显著度；反例可降低或停止候选,阶段不能创造修复事件或替代现实资料,由共享基础引擎提供；仅修正修复功能的承载、持续与压力占位，不直接等同是否愿意认错或能否修复。,由M1／M2提供；夫妻星只说明伴侣原型与关系资格，不单独证明修复能力、修复意愿或修复结果。,由M3-BASE提供；日支底盘说明亲密关系中自然调用的功能，但不能单独证明修复闭环。,由M3-CONFLICT、M4-LOOP及现实事件提供；必须区分问题停止、责任承担、影响确认、行动改变、反馈整合与后续回访。,由共享基础引擎判定；近位提高相关功能进入亲密关系核心的概率，远位只作背景或阶段修正。,根气只修正某修复功能是否容易重复调用，不等于现实中已经持续改变。,旺弱只修正功能调用强度与占位，不直接等同修复质量、诚意或关系结果。,喜忌只修正功能摩擦、平衡与承载，不直接等同道德、成熟、善恶或是否值得原谅。,原十神功能有效；真合化成立时按化神功能替换，合化争议时停止定性。,近位提高修复议题与亲密关系的直接相关性；远位仅保留背景、阶段或低置信修正。,70,±2至±6；单独不得建立E2以上,state_modifier,状态只修正功能可见度、持续性和占位，不决定修复完成。,阶段覆盖与现实反例时：阶段提高议题显著度；反例可降低或停止候选。,不得仅凭本规则判断道歉真诚与否、要求对方原谅或复合、推断关系一定修复或失败、淡化暴力强迫与现实伤害、平均分配明显不对等的责任；现实安全、具体行为、反例与专业支持优先。,中,待验证,,provisional=true；M3-REPAIR尚未完成，完成条件为暂定功能模型。,0.7
M4-REPAIR-452,SM16 阶段覆盖与现实反例｜使用边界,L9 状态、位置与动态修正,REPAIR-状态修正,通用,边界,SM16,,与现实修复事件、节点和反馈共同使用。,阶段不能创造修复事件或替代现实资料,由共享基础引擎提供；仅修正修复功能的承载、持续与压力占位，不直接等同是否愿意认错或能否修复。,由M1／M2提供；夫妻星只说明伴侣原型与关系资格，不单独证明修复能力、修复意愿或修复结果。,由M3-BASE提供；日支底盘说明亲密关系中自然调用的功能，但不能单独证明修复闭环。,由M3-CONFLICT、M4-LOOP及现实事件提供；必须区分问题停止、责任承担、影响确认、行动改变、反馈整合与后续回访。,由共享基础引擎判定；近位提高相关功能进入亲密关系核心的概率，远位只作背景或阶段修正。,根气只修正某修复功能是否容易重复调用，不等于现实中已经持续改变。,旺弱只修正功能调用强度与占位，不直接等同修复质量、诚意或关系结果。,喜忌只修正功能摩擦、平衡与承载，不直接等同道德、成熟、善恶或是否值得原谅。,原十神功能有效；真合化成立时按化神功能替换，合化争议时停止定性。,近位提高修复议题与亲密关系的直接相关性；远位仅保留背景、阶段或低置信修正。,90,边界门控,boundary_note,阶段不能创造修复事件或替代现实资料,使用边界：阶段不能创造修复事件或替代现实资料。,不得仅凭本规则判断道歉真诚与否、要求对方原谅或复合、推断关系一定修复或失败、淡化暴力强迫与现实伤害、平均分配明显不对等的责任；现实安全、具体行为、反例与专业支持优先。,高,待验证,,provisional=true；M3-REPAIR尚未完成，完成条件为暂定功能模型。,0.7
M4-REPAIR-453,M3-CONFLICT接口｜问题结案字段只作起点,L10 接口、评分、报告与发布,REPAIR-合成发布,通用,接口,M3-CONFLICT,,M3-CONFLICT确认一轮问题已告一段落。,把冲突结束条件直接当关系修复完成。,由共享基础引擎提供；仅修正修复功能的承载、持续与压力占位，不直接等同是否愿意认错或能否修复。,由M1／M2提供；夫妻星只说明伴侣原型与关系资格，不单独证明修复能力、修复意愿或修复结果。,由M3-BASE提供；日支底盘说明亲密关系中自然调用的功能，但不能单独证明修复闭环。,由M3-CONFLICT、M4-LOOP及现实事件提供；必须区分问题停止、责任承担、影响确认、行动改变、反馈整合与后续回访。,由共享基础引擎判定；近位提高相关功能进入亲密关系核心的概率，远位只作背景或阶段修正。,根气只修正某修复功能是否容易重复调用，不等于现实中已经持续改变。,旺弱只修正功能调用强度与占位，不直接等同修复质量、诚意或关系结果。,喜忌只修正功能摩擦、平衡与承载，不直接等同道德、成熟、善恶或是否值得原谅。,原十神功能有效；真合化成立时按化神功能替换，合化争议时停止定性。,近位提高修复议题与亲密关系的直接相关性；远位仅保留背景、阶段或低置信修正。,95,路由,repair_status,M3-CONFLICT回答问题如何停止；M4-REPAIR继续检查影响、责任、改变和回访。,问题有了处理结果以后，仍要继续看关系层面的修复是否完成。,不得仅凭本规则判断道歉真诚与否、要求对方原谅或复合、推断关系一定修复或失败、淡化暴力强迫与现实伤害、平均分配明显不对等的责任；现实安全、具体行为、反例与专业支持优先。,高,待验证,,provisional=true；M3-REPAIR尚未完成，完成条件为暂定功能模型。,0.7
M4-REPAIR-454,M3-REPAIR依赖｜正常修复风格尚待建设,L10 接口、评分、报告与发布,REPAIR-合成发布,通用,接口,M3-REPAIR,,当前仅使用暂定修复节点和功能通道。,把M4卡点模型当成完整修复能力评价。,由共享基础引擎提供；仅修正修复功能的承载、持续与压力占位，不直接等同是否愿意认错或能否修复。,由M1／M2提供；夫妻星只说明伴侣原型与关系资格，不单独证明修复能力、修复意愿或修复结果。,由M3-BASE提供；日支底盘说明亲密关系中自然调用的功能，但不能单独证明修复闭环。,由M3-CONFLICT、M4-LOOP及现实事件提供；必须区分问题停止、责任承担、影响确认、行动改变、反馈整合与后续回访。,由共享基础引擎判定；近位提高相关功能进入亲密关系核心的概率，远位只作背景或阶段修正。,根气只修正某修复功能是否容易重复调用，不等于现实中已经持续改变。,旺弱只修正功能调用强度与占位，不直接等同修复质量、诚意或关系结果。,喜忌只修正功能摩擦、平衡与承载，不直接等同道德、成熟、善恶或是否值得原谅。,原十神功能有效；真合化成立时按化神功能替换，合化争议时停止定性。,近位提高修复议题与亲密关系的直接相关性；远位仅保留背景、阶段或低置信修正。,94,接口暂定,boundary_note,未来M3-REPAIR负责正常修复路径，M4只负责失衡与断链。,当前结论只说明修复链哪里可能卡住，不等同你的完整修复风格。,不得仅凭本规则判断道歉真诚与否、要求对方原谅或复合、推断关系一定修复或失败、淡化暴力强迫与现实伤害、平均分配明显不对等的责任；现实安全、具体行为、反例与专业支持优先。,中高,待验证,,provisional=true；M3-REPAIR尚未完成，完成条件为暂定功能模型。,0.7
M4-REPAIR-455,M3-STATE依赖｜平稳、压力与恢复需后续校准,L10 接口、评分、报告与发布,REPAIR-合成发布,通用,接口,M3-STATE,,使用TRIGGER的ST0—ST3作为暂定状态路由。,把高压时一次修复方式当日常固定模式。,由共享基础引擎提供；仅修正修复功能的承载、持续与压力占位，不直接等同是否愿意认错或能否修复。,由M1／M2提供；夫妻星只说明伴侣原型与关系资格，不单独证明修复能力、修复意愿或修复结果。,由M3-BASE提供；日支底盘说明亲密关系中自然调用的功能，但不能单独证明修复闭环。,由M3-CONFLICT、M4-LOOP及现实事件提供；必须区分问题停止、责任承担、影响确认、行动改变、反馈整合与后续回访。,由共享基础引擎判定；近位提高相关功能进入亲密关系核心的概率，远位只作背景或阶段修正。,根气只修正某修复功能是否容易重复调用，不等于现实中已经持续改变。,旺弱只修正功能调用强度与占位，不直接等同修复质量、诚意或关系结果。,喜忌只修正功能摩擦、平衡与承载，不直接等同道德、成熟、善恶或是否值得原谅。,原十神功能有效；真合化成立时按化神功能替换，合化争议时停止定性。,近位提高修复议题与亲密关系的直接相关性；远位仅保留背景、阶段或低置信修正。,94,接口暂定,boundary_note,压力状态可改变修复顺序，最终需M3-STATE校准。,要区分这是高压下的临时顺序，还是平稳时也会重复。,不得仅凭本规则判断道歉真诚与否、要求对方原谅或复合、推断关系一定修复或失败、淡化暴力强迫与现实伤害、平均分配明显不对等的责任；现实安全、具体行为、反例与专业支持优先。,中高,待验证,,provisional=true；M3-REPAIR尚未完成，完成条件为暂定功能模型。,0.7
M4-REPAIR-456,M3-CARE接口｜补偿与投入只是一类修复行动,L10 接口、评分、报告与发布,REPAIR-合成发布,通用,接口,M3-CARE,,现实投入与当前影响、责任和反馈相匹配。,把CARE投入直接当修复闭环。,由共享基础引擎提供；仅修正修复功能的承载、持续与压力占位，不直接等同是否愿意认错或能否修复。,由M1／M2提供；夫妻星只说明伴侣原型与关系资格，不单独证明修复能力、修复意愿或修复结果。,由M3-BASE提供；日支底盘说明亲密关系中自然调用的功能，但不能单独证明修复闭环。,由M3-CONFLICT、M4-LOOP及现实事件提供；必须区分问题停止、责任承担、影响确认、行动改变、反馈整合与后续回访。,由共享基础引擎判定；近位提高相关功能进入亲密关系核心的概率，远位只作背景或阶段修正。,根气只修正某修复功能是否容易重复调用，不等于现实中已经持续改变。,旺弱只修正功能调用强度与占位，不直接等同修复质量、诚意或关系结果。,喜忌只修正功能摩擦、平衡与承载，不直接等同道德、成熟、善恶或是否值得原谅。,原十神功能有效；真合化成立时按化神功能替换，合化争议时停止定性。,近位提高修复议题与亲密关系的直接相关性；远位仅保留背景、阶段或低置信修正。,90,同源去重,dedup_log,CARE提供补救行动，M4-REPAIR检查它是否替代其他节点。,现实投入很重要，但还要看它是否回应了真正的影响和需要。,不得仅凭本规则判断道歉真诚与否、要求对方原谅或复合、推断关系一定修复或失败、淡化暴力强迫与现实伤害、平均分配明显不对等的责任；现实安全、具体行为、反例与专业支持优先。,高,待验证,,provisional=true；M3-REPAIR尚未完成，完成条件为暂定功能模型。,0.7
M4-REPAIR-457,M3-BOUND接口｜修复必须恢复选择与边界,L10 接口、评分、报告与发布,REPAIR-合成发布,通用,接口,M3-BOUND,,事件涉及边界、权限、空间或决定权。,只要求重新靠近，不恢复选择权。,由共享基础引擎提供；仅修正修复功能的承载、持续与压力占位，不直接等同是否愿意认错或能否修复。,由M1／M2提供；夫妻星只说明伴侣原型与关系资格，不单独证明修复能力、修复意愿或修复结果。,由M3-BASE提供；日支底盘说明亲密关系中自然调用的功能，但不能单独证明修复闭环。,由M3-CONFLICT、M4-LOOP及现实事件提供；必须区分问题停止、责任承担、影响确认、行动改变、反馈整合与后续回访。,由共享基础引擎判定；近位提高相关功能进入亲密关系核心的概率，远位只作背景或阶段修正。,根气只修正某修复功能是否容易重复调用，不等于现实中已经持续改变。,旺弱只修正功能调用强度与占位，不直接等同修复质量、诚意或关系结果。,喜忌只修正功能摩擦、平衡与承载，不直接等同道德、成熟、善恶或是否值得原谅。,原十神功能有效；真合化成立时按化神功能替换，合化争议时停止定性。,近位提高修复议题与亲密关系的直接相关性；远位仅保留背景、阶段或低置信修正。,92,路由,missing_repair_node,BOUND提供RN05的正常边界功能。,修复不能只恢复联系，还要确认双方的决定权和边界是否被重新尊重。,不得仅凭本规则判断道歉真诚与否、要求对方原谅或复合、推断关系一定修复或失败、淡化暴力强迫与现实伤害、平均分配明显不对等的责任；现实安全、具体行为、反例与专业支持优先。,高,待验证,,provisional=true；M3-REPAIR尚未完成，完成条件为暂定功能模型。,0.7
M4-REPAIR-458,M3-EXPR接口｜解释表达不能替代接收反馈,L10 接口、评分、报告与发布,REPAIR-合成发布,通用,接口,M3-EXPR,,表达通道已进入修复。,把表达充分当理解完成。,由共享基础引擎提供；仅修正修复功能的承载、持续与压力占位，不直接等同是否愿意认错或能否修复。,由M1／M2提供；夫妻星只说明伴侣原型与关系资格，不单独证明修复能力、修复意愿或修复结果。,由M3-BASE提供；日支底盘说明亲密关系中自然调用的功能，但不能单独证明修复闭环。,由M3-CONFLICT、M4-LOOP及现实事件提供；必须区分问题停止、责任承担、影响确认、行动改变、反馈整合与后续回访。,由共享基础引擎判定；近位提高相关功能进入亲密关系核心的概率，远位只作背景或阶段修正。,根气只修正某修复功能是否容易重复调用，不等于现实中已经持续改变。,旺弱只修正功能调用强度与占位，不直接等同修复质量、诚意或关系结果。,喜忌只修正功能摩擦、平衡与承载，不直接等同道德、成熟、善恶或是否值得原谅。,原十神功能有效；真合化成立时按化神功能替换，合化争议时停止定性。,近位提高修复议题与亲密关系的直接相关性；远位仅保留背景、阶段或低置信修正。,92,路由,repair_break_candidate,EXPR提供澄清功能，RN07负责检验对方实际接收。,说清楚以后还要确认对方实际听到了什么，以及是否需要调整。,不得仅凭本规则判断道歉真诚与否、要求对方原谅或复合、推断关系一定修复或失败、淡化暴力强迫与现实伤害、平均分配明显不对等的责任；现实安全、具体行为、反例与专业支持优先。,高,待验证,,provisional=true；M3-REPAIR尚未完成，完成条件为暂定功能模型。,0.7
M4-REPAIR-459,M4-BUFFER接口｜保护因素必须真实改变修复链,L10 接口、评分、报告与发布,REPAIR-合成发布,通用,接口,M4-BUFFER,,存在制化、通关、现实支持或稳定反例。,只在文末象征性写“有保护”。,由共享基础引擎提供；仅修正修复功能的承载、持续与压力占位，不直接等同是否愿意认错或能否修复。,由M1／M2提供；夫妻星只说明伴侣原型与关系资格，不单独证明修复能力、修复意愿或修复结果。,由M3-BASE提供；日支底盘说明亲密关系中自然调用的功能，但不能单独证明修复闭环。,由M3-CONFLICT、M4-LOOP及现实事件提供；必须区分问题停止、责任承担、影响确认、行动改变、反馈整合与后续回访。,由共享基础引擎判定；近位提高相关功能进入亲密关系核心的概率，远位只作背景或阶段修正。,根气只修正某修复功能是否容易重复调用，不等于现实中已经持续改变。,旺弱只修正功能调用强度与占位，不直接等同修复质量、诚意或关系结果。,喜忌只修正功能摩擦、平衡与承载，不直接等同道德、成熟、善恶或是否值得原谅。,原十神功能有效；真合化成立时按化神功能替换，合化争议时停止定性。,近位提高修复议题与亲密关系的直接相关性；远位仅保留背景、阶段或低置信修正。,92,保护因素接口,buffer_factor,BUFFER需要对分值、节点或发布等级产生真实影响。,若已有稳定的倾听、边界、责任或回访机制，这项卡点应明显降权。,不得仅凭本规则判断道歉真诚与否、要求对方原谅或复合、推断关系一定修复或失败、淡化暴力强迫与现实伤害、平均分配明显不对等的责任；现实安全、具体行为、反例与专业支持优先。,高,待验证,,provisional=true；M3-REPAIR尚未完成，完成条件为暂定功能模型。,0.7
M4-REPAIR-460,M5接口｜修复卡点不等于适配结论,L10 接口、评分、报告与发布,REPAIR-合成发布,通用,边界,M5,,只描述修复所需结构。,由修复卡点直接断定某类伴侣一定适合或不适合。,由共享基础引擎提供；仅修正修复功能的承载、持续与压力占位，不直接等同是否愿意认错或能否修复。,由M1／M2提供；夫妻星只说明伴侣原型与关系资格，不单独证明修复能力、修复意愿或修复结果。,由M3-BASE提供；日支底盘说明亲密关系中自然调用的功能，但不能单独证明修复闭环。,由M3-CONFLICT、M4-LOOP及现实事件提供；必须区分问题停止、责任承担、影响确认、行动改变、反馈整合与后续回访。,由共享基础引擎判定；近位提高相关功能进入亲密关系核心的概率，远位只作背景或阶段修正。,根气只修正某修复功能是否容易重复调用，不等于现实中已经持续改变。,旺弱只修正功能调用强度与占位，不直接等同修复质量、诚意或关系结果。,喜忌只修正功能摩擦、平衡与承载，不直接等同道德、成熟、善恶或是否值得原谅。,原十神功能有效；真合化成立时按化神功能替换，合化争议时停止定性。,近位提高修复议题与亲密关系的直接相关性；远位仅保留背景、阶段或低置信修正。,94,跨模型停止,boundary_note,M5才负责把调节功能转成适配关系结构。,这里说明的是关系需要什么修复条件，不直接决定谁最适合你。,不得仅凭本规则判断道歉真诚与否、要求对方原谅或复合、推断关系一定修复或失败、淡化暴力强迫与现实伤害、平均分配明显不对等的责任；现实安全、具体行为、反例与专业支持优先。,高,待验证,,provisional=true；M3-REPAIR尚未完成，完成条件为暂定功能模型。,0.7
M4-REPAIR-461,source_id去重｜同一命理事实只计一次,L10 接口、评分、报告与发布,REPAIR-合成发布,通用,去重,source_id,,同一十神、日支或状态被多个模块使用。,跨模块重复增加独立证据。,由共享基础引擎提供；仅修正修复功能的承载、持续与压力占位，不直接等同是否愿意认错或能否修复。,由M1／M2提供；夫妻星只说明伴侣原型与关系资格，不单独证明修复能力、修复意愿或修复结果。,由M3-BASE提供；日支底盘说明亲密关系中自然调用的功能，但不能单独证明修复闭环。,由M3-CONFLICT、M4-LOOP及现实事件提供；必须区分问题停止、责任承担、影响确认、行动改变、反馈整合与后续回访。,由共享基础引擎判定；近位提高相关功能进入亲密关系核心的概率，远位只作背景或阶段修正。,根气只修正某修复功能是否容易重复调用，不等于现实中已经持续改变。,旺弱只修正功能调用强度与占位，不直接等同修复质量、诚意或关系结果。,喜忌只修正功能摩擦、平衡与承载，不直接等同道德、成熟、善恶或是否值得原谅。,原十神功能有效；真合化成立时按化神功能替换，合化争议时停止定性。,近位提高修复议题与亲密关系的直接相关性；远位仅保留背景、阶段或低置信修正。,97,同源去重,dedup_log,解释可以多角度，基础来源只能一次计分。,同一个命盘事实不能因为出现在多个模块就变成多份证据。,不得仅凭本规则判断道歉真诚与否、要求对方原谅或复合、推断关系一定修复或失败、淡化暴力强迫与现实伤害、平均分配明显不对等的责任；现实安全、具体行为、反例与专业支持优先。,高,待验证,,provisional=true；M3-REPAIR尚未完成，完成条件为暂定功能模型。,0.7
M4-REPAIR-462,event_id去重｜同一修复事件只计一次,L10 接口、评分、报告与发布,REPAIR-合成发布,通用,去重,event_id,,同一道歉、行动、反馈或回访被多次引用。,同一事件拆成多条独立现实证据。,由共享基础引擎提供；仅修正修复功能的承载、持续与压力占位，不直接等同是否愿意认错或能否修复。,由M1／M2提供；夫妻星只说明伴侣原型与关系资格，不单独证明修复能力、修复意愿或修复结果。,由M3-BASE提供；日支底盘说明亲密关系中自然调用的功能，但不能单独证明修复闭环。,由M3-CONFLICT、M4-LOOP及现实事件提供；必须区分问题停止、责任承担、影响确认、行动改变、反馈整合与后续回访。,由共享基础引擎判定；近位提高相关功能进入亲密关系核心的概率，远位只作背景或阶段修正。,根气只修正某修复功能是否容易重复调用，不等于现实中已经持续改变。,旺弱只修正功能调用强度与占位，不直接等同修复质量、诚意或关系结果。,喜忌只修正功能摩擦、平衡与承载，不直接等同道德、成熟、善恶或是否值得原谅。,原十神功能有效；真合化成立时按化神功能替换，合化争议时停止定性。,近位提高修复议题与亲密关系的直接相关性；远位仅保留背景、阶段或低置信修正。,97,事件去重,dedup_log,事件节点可分解，但独立事件数量不能重复。,同一次修复可以拆解步骤，但不能当成多次独立修复。,不得仅凭本规则判断道歉真诚与否、要求对方原谅或复合、推断关系一定修复或失败、淡化暴力强迫与现实伤害、平均分配明显不对等的责任；现实安全、具体行为、反例与专业支持优先。,高,待验证,,provisional=true；M3-REPAIR尚未完成，完成条件为暂定功能模型。,0.7
M4-REPAIR-463,接收方反馈门控｜无RN07不得写双方闭环,L10 接口、评分、报告与发布,REPAIR-合成发布,通用,门控,RN07,,接收方有具体反馈并被二次调整。,只有发起方陈述。,由共享基础引擎提供；仅修正修复功能的承载、持续与压力占位，不直接等同是否愿意认错或能否修复。,由M1／M2提供；夫妻星只说明伴侣原型与关系资格，不单独证明修复能力、修复意愿或修复结果。,由M3-BASE提供；日支底盘说明亲密关系中自然调用的功能，但不能单独证明修复闭环。,由M3-CONFLICT、M4-LOOP及现实事件提供；必须区分问题停止、责任承担、影响确认、行动改变、反馈整合与后续回访。,由共享基础引擎判定；近位提高相关功能进入亲密关系核心的概率，远位只作背景或阶段修正。,根气只修正某修复功能是否容易重复调用，不等于现实中已经持续改变。,旺弱只修正功能调用强度与占位，不直接等同修复质量、诚意或关系结果。,喜忌只修正功能摩擦、平衡与承载，不直接等同道德、成熟、善恶或是否值得原谅。,原十神功能有效；真合化成立时按化神功能替换，合化争议时停止定性。,近位提高修复议题与亲密关系的直接相关性；远位仅保留背景、阶段或低置信修正。,98,闭环门控,repair_status,双向修复必须包含接收方反馈；否则最高RS4。,没有接收方真实反馈时，只能说一方完成了部分责任，不能说双方已经闭环。,不得仅凭本规则判断道歉真诚与否、要求对方原谅或复合、推断关系一定修复或失败、淡化暴力强迫与现实伤害、平均分配明显不对等的责任；现实安全、具体行为、反例与专业支持优先。,高,待验证,,provisional=true；M3-REPAIR尚未完成，完成条件为暂定功能模型。,0.7
M4-REPAIR-464,安全门控｜RI08／RF08优先停止普通修复,L10 接口、评分、报告与发布,REPAIR-合成发布,通用,安全,RI08／RF08,,不存在安全风险，或已由现实支持处理。,安全风险仍在却继续普通修复建议。,由共享基础引擎提供；仅修正修复功能的承载、持续与压力占位，不直接等同是否愿意认错或能否修复。,由M1／M2提供；夫妻星只说明伴侣原型与关系资格，不单独证明修复能力、修复意愿或修复结果。,由M3-BASE提供；日支底盘说明亲密关系中自然调用的功能，但不能单独证明修复闭环。,由M3-CONFLICT、M4-LOOP及现实事件提供；必须区分问题停止、责任承担、影响确认、行动改变、反馈整合与后续回访。,由共享基础引擎判定；近位提高相关功能进入亲密关系核心的概率，远位只作背景或阶段修正。,根气只修正某修复功能是否容易重复调用，不等于现实中已经持续改变。,旺弱只修正功能调用强度与占位，不直接等同修复质量、诚意或关系结果。,喜忌只修正功能摩擦、平衡与承载，不直接等同道德、成熟、善恶或是否值得原谅。,原十神功能有效；真合化成立时按化神功能替换，合化争议时停止定性。,近位提高修复议题与亲密关系的直接相关性；远位仅保留背景、阶段或低置信修正。,100,安全停止,report_status,安全优先于关系修复目标。,若伤害仍在继续，应先处理安全和责任，不以恢复关系为优先。,不得仅凭本规则判断道歉真诚与否、要求对方原谅或复合、推断关系一定修复或失败、淡化暴力强迫与现实伤害、平均分配明显不对等的责任；现实安全、具体行为、反例与专业支持优先。,高,待验证,,provisional=true；M3-REPAIR尚未完成，完成条件为暂定功能模型。,0.7
M4-REPAIR-465,E1结构候选评分,L10 接口、评分、报告与发布,REPAIR-合成发布,通用,评分,E1,,有效功能＋明确RB／RF候选＋两类独立结构证据。,只有一个十神或单项旺弱。,由共享基础引擎提供；仅修正修复功能的承载、持续与压力占位，不直接等同是否愿意认错或能否修复。,由M1／M2提供；夫妻星只说明伴侣原型与关系资格，不单独证明修复能力、修复意愿或修复结果。,由M3-BASE提供；日支底盘说明亲密关系中自然调用的功能，但不能单独证明修复闭环。,由M3-CONFLICT、M4-LOOP及现实事件提供；必须区分问题停止、责任承担、影响确认、行动改变、反馈整合与后续回访。,由共享基础引擎判定；近位提高相关功能进入亲密关系核心的概率，远位只作背景或阶段修正。,根气只修正某修复功能是否容易重复调用，不等于现实中已经持续改变。,旺弱只修正功能调用强度与占位，不直接等同修复质量、诚意或关系结果。,喜忌只修正功能摩擦、平衡与承载，不直接等同道德、成熟、善恶或是否值得原谅。,原十神功能有效；真合化成立时按化神功能替换，合化争议时停止定性。,近位提高修复议题与亲密关系的直接相关性；远位仅保留背景、阶段或低置信修正。,80,暂定阈值≥24,evidence_level,净分≥24可发布结构候选，不能写现实修复失败。,结构上可能存在某个修复卡点，但仍需现实事件验证。,不得仅凭本规则判断道歉真诚与否、要求对方原谅或复合、推断关系一定修复或失败、淡化暴力强迫与现实伤害、平均分配明显不对等的责任；现实安全、具体行为、反例与专业支持优先。,中,待验证,,provisional=true；M3-REPAIR尚未完成，完成条件为暂定功能模型。,0.7
M4-REPAIR-466,E2事件卡点评分,L10 接口、评分、报告与发布,REPAIR-合成发布,通用,评分,E2,,E1＋具体事件＋缺失节点／过早结案＋接收方资料或第二独立来源。,无具体事件或只有标签。,由共享基础引擎提供；仅修正修复功能的承载、持续与压力占位，不直接等同是否愿意认错或能否修复。,由M1／M2提供；夫妻星只说明伴侣原型与关系资格，不单独证明修复能力、修复意愿或修复结果。,由M3-BASE提供；日支底盘说明亲密关系中自然调用的功能，但不能单独证明修复闭环。,由M3-CONFLICT、M4-LOOP及现实事件提供；必须区分问题停止、责任承担、影响确认、行动改变、反馈整合与后续回访。,由共享基础引擎判定；近位提高相关功能进入亲密关系核心的概率，远位只作背景或阶段修正。,根气只修正某修复功能是否容易重复调用，不等于现实中已经持续改变。,旺弱只修正功能调用强度与占位，不直接等同修复质量、诚意或关系结果。,喜忌只修正功能摩擦、平衡与承载，不直接等同道德、成熟、善恶或是否值得原谅。,原十神功能有效；真合化成立时按化神功能替换，合化争议时停止定性。,近位提高修复议题与亲密关系的直接相关性；远位仅保留背景、阶段或低置信修正。,82,暂定阈值≥38,evidence_level,净分≥38可发布事件修复卡点。,在这类事件中，某个修复步骤更容易缺失或被另一方式替代。,不得仅凭本规则判断道歉真诚与否、要求对方原谅或复合、推断关系一定修复或失败、淡化暴力强迫与现实伤害、平均分配明显不对等的责任；现实安全、具体行为、反例与专业支持优先。,中高,待验证,,provisional=true；M3-REPAIR尚未完成，完成条件为暂定功能模型。,0.7
M4-REPAIR-467,E3重复修复断链评分,L10 接口、评分、报告与发布,REPAIR-合成发布,通用,评分,E3,,至少两次相似事件；卡点位置稳定；现实复发和反例检查。,只有一次修复事件。,由共享基础引擎提供；仅修正修复功能的承载、持续与压力占位，不直接等同是否愿意认错或能否修复。,由M1／M2提供；夫妻星只说明伴侣原型与关系资格，不单独证明修复能力、修复意愿或修复结果。,由M3-BASE提供；日支底盘说明亲密关系中自然调用的功能，但不能单独证明修复闭环。,由M3-CONFLICT、M4-LOOP及现实事件提供；必须区分问题停止、责任承担、影响确认、行动改变、反馈整合与后续回访。,由共享基础引擎判定；近位提高相关功能进入亲密关系核心的概率，远位只作背景或阶段修正。,根气只修正某修复功能是否容易重复调用，不等于现实中已经持续改变。,旺弱只修正功能调用强度与占位，不直接等同修复质量、诚意或关系结果。,喜忌只修正功能摩擦、平衡与承载，不直接等同道德、成熟、善恶或是否值得原谅。,原十神功能有效；真合化成立时按化神功能替换，合化争议时停止定性。,近位提高修复议题与亲密关系的直接相关性；远位仅保留背景、阶段或低置信修正。,84,暂定阈值≥54,evidence_level,净分≥54可进入重复修复断链候选。,从多次经历看，相似的修复断点可能反复出现在同一位置。,不得仅凭本规则判断道歉真诚与否、要求对方原谅或复合、推断关系一定修复或失败、淡化暴力强迫与现实伤害、平均分配明显不对等的责任；现实安全、具体行为、反例与专业支持优先。,中高,待验证,,provisional=true；M3-REPAIR尚未完成，完成条件为暂定功能模型。,0.7
M4-REPAIR-468,E4已验证修复模式评分,L10 接口、评分、报告与发布,REPAIR-合成发布,通用,评分,E4,,多次跨时间／情境资料、独立佐证、反例审查和持续跟踪。,只凭高分或单方概括。,由共享基础引擎提供；仅修正修复功能的承载、持续与压力占位，不直接等同是否愿意认错或能否修复。,由M1／M2提供；夫妻星只说明伴侣原型与关系资格，不单独证明修复能力、修复意愿或修复结果。,由M3-BASE提供；日支底盘说明亲密关系中自然调用的功能，但不能单独证明修复闭环。,由M3-CONFLICT、M4-LOOP及现实事件提供；必须区分问题停止、责任承担、影响确认、行动改变、反馈整合与后续回访。,由共享基础引擎判定；近位提高相关功能进入亲密关系核心的概率，远位只作背景或阶段修正。,根气只修正某修复功能是否容易重复调用，不等于现实中已经持续改变。,旺弱只修正功能调用强度与占位，不直接等同修复质量、诚意或关系结果。,喜忌只修正功能摩擦、平衡与承载，不直接等同道德、成熟、善恶或是否值得原谅。,原十神功能有效；真合化成立时按化神功能替换，合化争议时停止定性。,近位提高修复议题与亲密关系的直接相关性；远位仅保留背景、阶段或低置信修正。,86,暂定阈值≥70,evidence_level,净分≥70并满足现实门槛才可写已验证模式。,只有在多次现实资料都支持时，才能把它写成已验证的修复模式。,不得仅凭本规则判断道歉真诚与否、要求对方原谅或复合、推断关系一定修复或失败、淡化暴力强迫与现实伤害、平均分配明显不对等的责任；现实安全、具体行为、反例与专业支持优先。,高,待验证,,provisional=true；M3-REPAIR尚未完成，完成条件为暂定功能模型。,0.7
M4-REPAIR-469,主修复卡点门槛,L10 接口、评分、报告与发布,REPAIR-合成发布,通用,评分,primary_break,,净分≥38，至少两类独立证据，并领先第二候选≥8分。,同源重复、现实反例或安全停止。,由共享基础引擎提供；仅修正修复功能的承载、持续与压力占位，不直接等同是否愿意认错或能否修复。,由M1／M2提供；夫妻星只说明伴侣原型与关系资格，不单独证明修复能力、修复意愿或修复结果。,由M3-BASE提供；日支底盘说明亲密关系中自然调用的功能，但不能单独证明修复闭环。,由M3-CONFLICT、M4-LOOP及现实事件提供；必须区分问题停止、责任承担、影响确认、行动改变、反馈整合与后续回访。,由共享基础引擎判定；近位提高相关功能进入亲密关系核心的概率，远位只作背景或阶段修正。,根气只修正某修复功能是否容易重复调用，不等于现实中已经持续改变。,旺弱只修正功能调用强度与占位，不直接等同修复质量、诚意或关系结果。,喜忌只修正功能摩擦、平衡与承载，不直接等同道德、成熟、善恶或是否值得原谅。,原十神功能有效；真合化成立时按化神功能替换，合化争议时停止定性。,近位提高修复议题与亲密关系的直接相关性；远位仅保留背景、阶段或低置信修正。,82,主候选门槛,primary_repair_break,主卡点需有清晰功能位置和事件证据。,最终只保留最能解释现实事件的一个主要修复卡点。,不得仅凭本规则判断道歉真诚与否、要求对方原谅或复合、推断关系一定修复或失败、淡化暴力强迫与现实伤害、平均分配明显不对等的责任；现实安全、具体行为、反例与专业支持优先。,中高,待验证,,provisional=true；M3-REPAIR尚未完成，完成条件为暂定功能模型。,0.7
M4-REPAIR-470,次修复卡点门槛,L10 接口、评分、报告与发布,REPAIR-合成发布,通用,评分,secondary_break,,净分≥28，来源独立、功能不同且非主卡点同义重复。,只是主卡点的另一种说法。,由共享基础引擎提供；仅修正修复功能的承载、持续与压力占位，不直接等同是否愿意认错或能否修复。,由M1／M2提供；夫妻星只说明伴侣原型与关系资格，不单独证明修复能力、修复意愿或修复结果。,由M3-BASE提供；日支底盘说明亲密关系中自然调用的功能，但不能单独证明修复闭环。,由M3-CONFLICT、M4-LOOP及现实事件提供；必须区分问题停止、责任承担、影响确认、行动改变、反馈整合与后续回访。,由共享基础引擎判定；近位提高相关功能进入亲密关系核心的概率，远位只作背景或阶段修正。,根气只修正某修复功能是否容易重复调用，不等于现实中已经持续改变。,旺弱只修正功能调用强度与占位，不直接等同修复质量、诚意或关系结果。,喜忌只修正功能摩擦、平衡与承载，不直接等同道德、成熟、善恶或是否值得原谅。,原十神功能有效；真合化成立时按化神功能替换，合化争议时停止定性。,近位提高修复议题与亲密关系的直接相关性；远位仅保留背景、阶段或低置信修正。,78,次候选门槛,secondary_repair_break,次卡点只用于补充不同修复任务。,只有在它负责另一项独立任务时，才保留为次级卡点。,不得仅凭本规则判断道歉真诚与否、要求对方原谅或复合、推断关系一定修复或失败、淡化暴力强迫与现实伤害、平均分配明显不对等的责任；现实安全、具体行为、反例与专业支持优先。,中,待验证,,provisional=true；M3-REPAIR尚未完成，完成条件为暂定功能模型。,0.7
M4-REPAIR-471,高置信度规则,L10 接口、评分、报告与发布,REPAIR-合成发布,通用,置信,高,,RV5以上、关键节点完整、接收反馈存在、反例检查通过。,资料主要来自命盘或单方概括。,由共享基础引擎提供；仅修正修复功能的承载、持续与压力占位，不直接等同是否愿意认错或能否修复。,由M1／M2提供；夫妻星只说明伴侣原型与关系资格，不单独证明修复能力、修复意愿或修复结果。,由M3-BASE提供；日支底盘说明亲密关系中自然调用的功能，但不能单独证明修复闭环。,由M3-CONFLICT、M4-LOOP及现实事件提供；必须区分问题停止、责任承担、影响确认、行动改变、反馈整合与后续回访。,由共享基础引擎判定；近位提高相关功能进入亲密关系核心的概率，远位只作背景或阶段修正。,根气只修正某修复功能是否容易重复调用，不等于现实中已经持续改变。,旺弱只修正功能调用强度与占位，不直接等同修复质量、诚意或关系结果。,喜忌只修正功能摩擦、平衡与承载，不直接等同道德、成熟、善恶或是否值得原谅。,原十神功能有效；真合化成立时按化神功能替换，合化争议时停止定性。,近位提高修复议题与亲密关系的直接相关性；远位仅保留背景、阶段或低置信修正。,78,置信路由,confidence,高置信表示知识库证据充分，不是统计准确率。,当前结论有较完整的现实行为和后续资料支持。,不得仅凭本规则判断道歉真诚与否、要求对方原谅或复合、推断关系一定修复或失败、淡化暴力强迫与现实伤害、平均分配明显不对等的责任；现实安全、具体行为、反例与专业支持优先。,高,待验证,,provisional=true；M3-REPAIR尚未完成，完成条件为暂定功能模型。,0.7
M4-REPAIR-472,中置信度规则,L10 接口、评分、报告与发布,REPAIR-合成发布,通用,置信,中,,RV3—RV4，有具体事件但持续性或独立资料不足。,关键节点完全未知。,由共享基础引擎提供；仅修正修复功能的承载、持续与压力占位，不直接等同是否愿意认错或能否修复。,由M1／M2提供；夫妻星只说明伴侣原型与关系资格，不单独证明修复能力、修复意愿或修复结果。,由M3-BASE提供；日支底盘说明亲密关系中自然调用的功能，但不能单独证明修复闭环。,由M3-CONFLICT、M4-LOOP及现实事件提供；必须区分问题停止、责任承担、影响确认、行动改变、反馈整合与后续回访。,由共享基础引擎判定；近位提高相关功能进入亲密关系核心的概率，远位只作背景或阶段修正。,根气只修正某修复功能是否容易重复调用，不等于现实中已经持续改变。,旺弱只修正功能调用强度与占位，不直接等同修复质量、诚意或关系结果。,喜忌只修正功能摩擦、平衡与承载，不直接等同道德、成熟、善恶或是否值得原谅。,原十神功能有效；真合化成立时按化神功能替换，合化争议时停止定性。,近位提高修复议题与亲密关系的直接相关性；远位仅保留背景、阶段或低置信修正。,74,置信路由,confidence,中置信适合条件性表达。,当前能够判断主要卡点，但持续性和完整闭环仍需观察。,不得仅凭本规则判断道歉真诚与否、要求对方原谅或复合、推断关系一定修复或失败、淡化暴力强迫与现实伤害、平均分配明显不对等的责任；现实安全、具体行为、反例与专业支持优先。,中,待验证,,provisional=true；M3-REPAIR尚未完成，完成条件为暂定功能模型。,0.7
M4-REPAIR-473,低置信与停止规则,L10 接口、评分、报告与发布,REPAIR-合成发布,通用,置信,低／停止,,RV0—RV2、合化争议、安全事实、接收反馈未知或现实反例明显。,强行补写节点。,由共享基础引擎提供；仅修正修复功能的承载、持续与压力占位，不直接等同是否愿意认错或能否修复。,由M1／M2提供；夫妻星只说明伴侣原型与关系资格，不单独证明修复能力、修复意愿或修复结果。,由M3-BASE提供；日支底盘说明亲密关系中自然调用的功能，但不能单独证明修复闭环。,由M3-CONFLICT、M4-LOOP及现实事件提供；必须区分问题停止、责任承担、影响确认、行动改变、反馈整合与后续回访。,由共享基础引擎判定；近位提高相关功能进入亲密关系核心的概率，远位只作背景或阶段修正。,根气只修正某修复功能是否容易重复调用，不等于现实中已经持续改变。,旺弱只修正功能调用强度与占位，不直接等同修复质量、诚意或关系结果。,喜忌只修正功能摩擦、平衡与承载，不直接等同道德、成熟、善恶或是否值得原谅。,原十神功能有效；真合化成立时按化神功能替换，合化争议时停止定性。,近位提高修复议题与亲密关系的直接相关性；远位仅保留背景、阶段或低置信修正。,94,降级／停止,report_status,低证据只能输出未知、假设或停止。,目前资料不足以判断修复链是否真正中断，需要更多现实事件。,不得仅凭本规则判断道歉真诚与否、要求对方原谅或复合、推断关系一定修复或失败、淡化暴力强迫与现实伤害、平均分配明显不对等的责任；现实安全、具体行为、反例与专业支持优先。,高,待验证,,provisional=true；M3-REPAIR尚未完成，完成条件为暂定功能模型。,0.7
M4-REPAIR-474,反例扣分规则,L10 接口、评分、报告与发布,REPAIR-合成发布,通用,评分,counterevidence,,存在成功修复、相反顺序、稳定保护或合理不继续关系。,忽略反例。,由共享基础引擎提供；仅修正修复功能的承载、持续与压力占位，不直接等同是否愿意认错或能否修复。,由M1／M2提供；夫妻星只说明伴侣原型与关系资格，不单独证明修复能力、修复意愿或修复结果。,由M3-BASE提供；日支底盘说明亲密关系中自然调用的功能，但不能单独证明修复闭环。,由M3-CONFLICT、M4-LOOP及现实事件提供；必须区分问题停止、责任承担、影响确认、行动改变、反馈整合与后续回访。,由共享基础引擎判定；近位提高相关功能进入亲密关系核心的概率，远位只作背景或阶段修正。,根气只修正某修复功能是否容易重复调用，不等于现实中已经持续改变。,旺弱只修正功能调用强度与占位，不直接等同修复质量、诚意或关系结果。,喜忌只修正功能摩擦、平衡与承载，不直接等同道德、成熟、善恶或是否值得原谅。,原十神功能有效；真合化成立时按化神功能替换，合化争议时停止定性。,近位提高修复议题与亲密关系的直接相关性；远位仅保留背景、阶段或低置信修正。,92,－4至－12／停止,counterevidence,强反例可扣4—12分或停止候选。,现实中若多次能完整修复，应降低这项卡点判断。,不得仅凭本规则判断道歉真诚与否、要求对方原谅或复合、推断关系一定修复或失败、淡化暴力强迫与现实伤害、平均分配明显不对等的责任；现实安全、具体行为、反例与专业支持优先。,高,待验证,,provisional=true；M3-REPAIR尚未完成，完成条件为暂定功能模型。,0.7
M4-REPAIR-475,报告输出上限,L10 接口、评分、报告与发布,REPAIR-合成发布,通用,输出,output_limit,,完成主次、状态、证据和安全裁决。,正文堆积多个卡点与十神标签。,由共享基础引擎提供；仅修正修复功能的承载、持续与压力占位，不直接等同是否愿意认错或能否修复。,由M1／M2提供；夫妻星只说明伴侣原型与关系资格，不单独证明修复能力、修复意愿或修复结果。,由M3-BASE提供；日支底盘说明亲密关系中自然调用的功能，但不能单独证明修复闭环。,由M3-CONFLICT、M4-LOOP及现实事件提供；必须区分问题停止、责任承担、影响确认、行动改变、反馈整合与后续回访。,由共享基础引擎判定；近位提高相关功能进入亲密关系核心的概率，远位只作背景或阶段修正。,根气只修正某修复功能是否容易重复调用，不等于现实中已经持续改变。,旺弱只修正功能调用强度与占位，不直接等同修复质量、诚意或关系结果。,喜忌只修正功能摩擦、平衡与承载，不直接等同道德、成熟、善恶或是否值得原谅。,原十神功能有效；真合化成立时按化神功能替换，合化争议时停止定性。,近位提高修复议题与亲密关系的直接相关性；远位仅保留背景、阶段或低置信修正。,92,输出封顶,report_status,正文最多一个主卡点、一个次卡点、一个缺失节点、一个保护因素。,最终只保留最关键的修复断点，并说明如何验证。,不得仅凭本规则判断道歉真诚与否、要求对方原谅或复合、推断关系一定修复或失败、淡化暴力强迫与现实伤害、平均分配明显不对等的责任；现实安全、具体行为、反例与专业支持优先。,高,待验证,,provisional=true；M3-REPAIR尚未完成，完成条件为暂定功能模型。,0.7
M4-REPAIR-476,标准四段式报告模板,L10 接口、评分、报告与发布,REPAIR-合成发布,通用,输出,template_main,,达到E2以上。,资料不足或安全停止。,由共享基础引擎提供；仅修正修复功能的承载、持续与压力占位，不直接等同是否愿意认错或能否修复。,由M1／M2提供；夫妻星只说明伴侣原型与关系资格，不单独证明修复能力、修复意愿或修复结果。,由M3-BASE提供；日支底盘说明亲密关系中自然调用的功能，但不能单独证明修复闭环。,由M3-CONFLICT、M4-LOOP及现实事件提供；必须区分问题停止、责任承担、影响确认、行动改变、反馈整合与后续回访。,由共享基础引擎判定；近位提高相关功能进入亲密关系核心的概率，远位只作背景或阶段修正。,根气只修正某修复功能是否容易重复调用，不等于现实中已经持续改变。,旺弱只修正功能调用强度与占位，不直接等同修复质量、诚意或关系结果。,喜忌只修正功能摩擦、平衡与承载，不直接等同道德、成熟、善恶或是否值得原谅。,原十神功能有效；真合化成立时按化神功能替换，合化争议时停止定性。,近位提高修复议题与亲密关系的直接相关性；远位仅保留背景、阶段或低置信修正。,72,模板,report_text,按正常功能—断点—验证—保护组织语言。,你本来会通过________启动修复；当前更容易卡在________。已经完成的是________，仍需确认的是________。如果________能够稳定进入，这个卡点会明显减弱。,不得仅凭本规则判断道歉真诚与否、要求对方原谅或复合、推断关系一定修复或失败、淡化暴力强迫与现实伤害、平均分配明显不对等的责任；现实安全、具体行为、反例与专业支持优先。,中高,待验证,,provisional=true；M3-REPAIR尚未完成，完成条件为暂定功能模型。,0.7
M4-REPAIR-477,部分修复模板,L10 接口、评分、报告与发布,REPAIR-合成发布,通用,输出,template_partial,,RS3／RS4。,直接写已经修复。,由共享基础引擎提供；仅修正修复功能的承载、持续与压力占位，不直接等同是否愿意认错或能否修复。,由M1／M2提供；夫妻星只说明伴侣原型与关系资格，不单独证明修复能力、修复意愿或修复结果。,由M3-BASE提供；日支底盘说明亲密关系中自然调用的功能，但不能单独证明修复闭环。,由M3-CONFLICT、M4-LOOP及现实事件提供；必须区分问题停止、责任承担、影响确认、行动改变、反馈整合与后续回访。,由共享基础引擎判定；近位提高相关功能进入亲密关系核心的概率，远位只作背景或阶段修正。,根气只修正某修复功能是否容易重复调用，不等于现实中已经持续改变。,旺弱只修正功能调用强度与占位，不直接等同修复质量、诚意或关系结果。,喜忌只修正功能摩擦、平衡与承载，不直接等同道德、成熟、善恶或是否值得原谅。,原十神功能有效；真合化成立时按化神功能替换，合化争议时停止定性。,近位提高修复议题与亲密关系的直接相关性；远位仅保留背景、阶段或低置信修正。,72,模板,report_text,明确已经完成和仍缺失的节点。,修复已经开始，并完成了________；但________仍未进入，因此目前更接近部分修复。,不得仅凭本规则判断道歉真诚与否、要求对方原谅或复合、推断关系一定修复或失败、淡化暴力强迫与现实伤害、平均分配明显不对等的责任；现实安全、具体行为、反例与专业支持优先。,中高,待验证,,provisional=true；M3-REPAIR尚未完成，完成条件为暂定功能模型。,0.7
M4-REPAIR-478,闭环候选模板,L10 接口、评分、报告与发布,REPAIR-合成发布,通用,输出,template_closed,,RS5且至少RV4／RV5。,缺乏接收反馈或持续行为。,由共享基础引擎提供；仅修正修复功能的承载、持续与压力占位，不直接等同是否愿意认错或能否修复。,由M1／M2提供；夫妻星只说明伴侣原型与关系资格，不单独证明修复能力、修复意愿或修复结果。,由M3-BASE提供；日支底盘说明亲密关系中自然调用的功能，但不能单独证明修复闭环。,由M3-CONFLICT、M4-LOOP及现实事件提供；必须区分问题停止、责任承担、影响确认、行动改变、反馈整合与后续回访。,由共享基础引擎判定；近位提高相关功能进入亲密关系核心的概率，远位只作背景或阶段修正。,根气只修正某修复功能是否容易重复调用，不等于现实中已经持续改变。,旺弱只修正功能调用强度与占位，不直接等同修复质量、诚意或关系结果。,喜忌只修正功能摩擦、平衡与承载，不直接等同道德、成熟、善恶或是否值得原谅。,原十神功能有效；真合化成立时按化神功能替换，合化争议时停止定性。,近位提高修复议题与亲密关系的直接相关性；远位仅保留背景、阶段或低置信修正。,72,模板,report_text,闭环候选必须保留持续性边界。,目前主要修复步骤已经进入，也有现实反馈；是否真正稳定，还要看________能否持续。,不得仅凭本规则判断道歉真诚与否、要求对方原谅或复合、推断关系一定修复或失败、淡化暴力强迫与现实伤害、平均分配明显不对等的责任；现实安全、具体行为、反例与专业支持优先。,中高,待验证,,provisional=true；M3-REPAIR尚未完成，完成条件为暂定功能模型。,0.7
M4-REPAIR-479,安全／不继续关系模板,L10 接口、评分、报告与发布,REPAIR-合成发布,通用,输出,template_safety,,RS7或安全门控成立。,使用“双方都要改变”淡化责任。,由共享基础引擎提供；仅修正修复功能的承载、持续与压力占位，不直接等同是否愿意认错或能否修复。,由M1／M2提供；夫妻星只说明伴侣原型与关系资格，不单独证明修复能力、修复意愿或修复结果。,由M3-BASE提供；日支底盘说明亲密关系中自然调用的功能，但不能单独证明修复闭环。,由M3-CONFLICT、M4-LOOP及现实事件提供；必须区分问题停止、责任承担、影响确认、行动改变、反馈整合与后续回访。,由共享基础引擎判定；近位提高相关功能进入亲密关系核心的概率，远位只作背景或阶段修正。,根气只修正某修复功能是否容易重复调用，不等于现实中已经持续改变。,旺弱只修正功能调用强度与占位，不直接等同修复质量、诚意或关系结果。,喜忌只修正功能摩擦、平衡与承载，不直接等同道德、成熟、善恶或是否值得原谅。,原十神功能有效；真合化成立时按化神功能替换，合化争议时停止定性。,近位提高修复议题与亲密关系的直接相关性；远位仅保留背景、阶段或低置信修正。,100,安全模板,report_text,安全和选择权优先。,这里不以尽快和好为目标。首先应停止伤害、明确责任并保护选择权；是否继续关系由受到影响的一方自主决定。,不得仅凭本规则判断道歉真诚与否、要求对方原谅或复合、推断关系一定修复或失败、淡化暴力强迫与现实伤害、平均分配明显不对等的责任；现实安全、具体行为、反例与专业支持优先。,高,待验证,,provisional=true；M3-REPAIR尚未完成，完成条件为暂定功能模型。,0.7
M4-REPAIR-480,案例验证与发布状态,L10 接口、评分、报告与发布,REPAIR-合成发布,通用,发布,validation,,规则进入真实案例测试，并记录支持、反例、偏差和修改。,把待验证规则当统计结论。,由共享基础引擎提供；仅修正修复功能的承载、持续与压力占位，不直接等同是否愿意认错或能否修复。,由M1／M2提供；夫妻星只说明伴侣原型与关系资格，不单独证明修复能力、修复意愿或修复结果。,由M3-BASE提供；日支底盘说明亲密关系中自然调用的功能，但不能单独证明修复闭环。,由M3-CONFLICT、M4-LOOP及现实事件提供；必须区分问题停止、责任承担、影响确认、行动改变、反馈整合与后续回访。,由共享基础引擎判定；近位提高相关功能进入亲密关系核心的概率，远位只作背景或阶段修正。,根气只修正某修复功能是否容易重复调用，不等于现实中已经持续改变。,旺弱只修正功能调用强度与占位，不直接等同修复质量、诚意或关系结果。,喜忌只修正功能摩擦、平衡与承载，不直接等同道德、成熟、善恶或是否值得原谅。,原十神功能有效；真合化成立时按化神功能替换，合化争议时停止定性。,近位提高修复议题与亲密关系的直接相关性；远位仅保留背景、阶段或低置信修正。,88,发布门控,validation_status,当前全部provisional=true，需经案例校准。,这些规则用于结构化观察，分值和门槛仍需要真实案例校准。,不得仅凭本规则判断道歉真诚与否、要求对方原谅或复合、推断关系一定修复或失败、淡化暴力强迫与现实伤害、平均分配明显不对等的责任；现实安全、具体行为、反例与专业支持优先。,高,待验证,,provisional=true；M3-REPAIR尚未完成，完成条件为暂定功能模型。,0.7
