rule_id,rule_name,layer,module,applicable_group,rule_type,main_signal,secondary_signal,required_conditions,excluded_conditions,self_strength_status,spouse_star_status,palace_signal,flow_path,signal_position,root_status,strength_level,favorability,transformation_status,distance_level,priority,score_effect,output_slot,internal_logic,user_explanation,forbidden_inference,confidence_base,validation_status,case_refs,notes,version
M3-BOUND-001,M3-BOUND正式定义｜亲密距离、依赖与边界,L0 模型边界与证据,BOUND-定义边界,通用,定义,M3-BOUND模块规则,,M3-BOUND被调用；分析对象为关系建立后的靠近、空间、共享、拒绝、暂停、重订与接受照顾。,基础信号未定；真合化后原信号已失效；只有单一弱远争议信号；或该结论会越界到M4风险、M5适配。,由共享基础引擎与M3-STATE修正；日主承载、印比支持只修正自主与执行，不直接等于有无边界。,不限定；夫妻星仅在入宫或形成角色、责任边界时参与接口，不作为BOUND唯一主轴。,由M3-BASE、日支主气及宫位动态提供。,无／待BOUND路径规则组合,日柱与日支近位优先；全局有效独立信号可作次通道。,由共享基础引擎判定,由共享基础引擎判定,喜忌不直接等于边界好坏；只修正调用顺畅度、资源压力和状态切换。,原十神性质有效；真合化成立时按化神所属功能系统重建。,由共享基础引擎判定,99,不加分；门控／路由,report_status,M3-BOUND描述用户怎样在亲密与自主之间安排距离、权限和节奏。,这一部分关注你怎样靠近、保留空间、表达限制，以及怎样在接受支持时仍保留自己的决定权。,不得由本规则直接推出回避亲密、依赖失控、控制欲、冷漠、自私、关系破裂、分手离婚、人格或依恋类型；不得把某种边界方式等同于爱得更多或更少。,高,待验证,,provisional=true; rule_group=DEFINITION_01,0.5
M3-BOUND-002,M3-BOUND核心问题｜权限与节奏而非好坏,L0 模型边界与证据,BOUND-定义边界,通用,边界,M3-BOUND模块规则,,需要判断靠近节奏、个人空间、决定权、分享范围、拒绝、暂停或重新协商。,基础信号未定；真合化后原信号已失效；只有单一弱远争议信号；或该结论会越界到M4风险、M5适配。,由共享基础引擎与M3-STATE修正；日主承载、印比支持只修正自主与执行，不直接等于有无边界。,不限定；夫妻星仅在入宫或形成角色、责任边界时参与接口，不作为BOUND唯一主轴。,由M3-BASE、日支主气及宫位动态提供。,无／待BOUND路径规则组合,日柱与日支近位优先；全局有效独立信号可作次通道。,由共享基础引擎判定,由共享基础引擎判定,喜忌不直接等于边界好坏；只修正调用顺畅度、资源压力和状态切换。,原十神性质有效；真合化成立时按化神所属功能系统重建。,由共享基础引擎判定,98,不加分；门控／路由,boundary_note,边界是关系中的权限、节奏和协商结构，不等于亲密程度的高低。,这里先说明你怎样安排亲密和自主，不把它简单评成亲近或疏远、成熟或有问题。,不得由本规则直接推出回避亲密、依赖失控、控制欲、冷漠、自私、关系破裂、分手离婚、人格或依恋类型；不得把某种边界方式等同于爱得更多或更少。,高,待验证,,provisional=true; rule_group=DEFINITION_02,0.5
M3-BOUND-003,M3-BOUND标准输入｜共享基础引擎,L0 模型边界与证据,BOUND-定义边界,通用,输入门控,M3-BOUND模块规则,,排盘、十神、日支藏干、透藏、根气、旺弱、喜忌、合化、有效流向和source_id已由共享引擎提供。,基础信号未定；真合化后原信号已失效；只有单一弱远争议信号；或该结论会越界到M4风险、M5适配。,由共享基础引擎与M3-STATE修正；日主承载、印比支持只修正自主与执行，不直接等于有无边界。,不限定；夫妻星仅在入宫或形成角色、责任边界时参与接口，不作为BOUND唯一主轴。,由M3-BASE、日支主气及宫位动态提供。,无／待BOUND路径规则组合,日柱与日支近位优先；全局有效独立信号可作次通道。,由共享基础引擎判定,由共享基础引擎判定,喜忌不直接等于边界好坏；只修正调用顺畅度、资源压力和状态切换。,原十神性质有效；真合化成立时按化神所属功能系统重建。,由共享基础引擎判定,97,不加分；门控／路由,report_status,BOUND不重新排盘或独立裁定旺衰合化，只把可靠基础事实翻译为边界行为。,基础状态有争议时，会保留不确定性，而不会为了完整硬写固定的亲密距离。,不得由本规则直接推出回避亲密、依赖失控、控制欲、冷漠、自私、关系破裂、分手离婚、人格或依恋类型；不得把某种边界方式等同于爱得更多或更少。,高,待验证,,provisional=true; rule_group=DEFINITION_03,0.5
M3-BOUND-004,M3-BOUND标准输出｜十四个BOUND字段,L0 模型边界与证据,BOUND-定义边界,通用,输出合同,M3-BOUND模块规则,,至少一项有效BOUND信号成立，且关键基础字段未停止。,基础信号未定；真合化后原信号已失效；只有单一弱远争议信号；或该结论会越界到M4风险、M5适配。,由共享基础引擎与M3-STATE修正；日主承载、印比支持只修正自主与执行，不直接等于有无边界。,不限定；夫妻星仅在入宫或形成角色、责任边界时参与接口，不作为BOUND唯一主轴。,由M3-BASE、日支主气及宫位动态提供。,无／待BOUND路径规则组合,日柱与日支近位优先；全局有效独立信号可作次通道。,由共享基础引擎判定,由共享基础引擎判定,喜忌不直接等于边界好坏；只修正调用顺畅度、资源压力和状态切换。,原十神性质有效；真合化成立时按化神所属功能系统重建。,由共享基础引擎判定,96,不加分；门控／路由,boundary_note,输出主／次边界通道、靠近节奏、空间需求、自主模式、分享方式、需求表达、拒绝、暂停回归、重订、接受照顾、资源角色、状态切换与置信度。,最终会回答：你怎样靠近、怎样保留空间、哪些事情要共同决定，以及不舒服时怎样暂停和重新商量。,不得由本规则直接推出回避亲密、依赖失控、控制欲、冷漠、自私、关系破裂、分手离婚、人格或依恋类型；不得把某种边界方式等同于爱得更多或更少。,中高,待验证,,provisional=true; rule_group=DEFINITION_04,0.5
M3-BOUND-005,M1边界｜心动偏好不等于亲密距离,L0 模型边界与证据,BOUND-定义边界,通用,跨模型边界,M3-BOUND模块规则,,M1心动偏好与M3-BOUND信号同时可见。,基础信号未定；真合化后原信号已失效；只有单一弱远争议信号；或该结论会越界到M4风险、M5适配。,由共享基础引擎与M3-STATE修正；日主承载、印比支持只修正自主与执行，不直接等于有无边界。,不限定；夫妻星仅在入宫或形成角色、责任边界时参与接口，不作为BOUND唯一主轴。,由M3-BASE、日支主气及宫位动态提供。,无／待BOUND路径规则组合,日柱与日支近位优先；全局有效独立信号可作次通道。,由共享基础引擎判定,由共享基础引擎判定,喜忌不直接等于边界好坏；只修正调用顺畅度、资源压力和状态切换。,原十神性质有效；真合化成立时按化神所属功能系统重建。,由共享基础引擎判定,95,不加分；门控／路由,boundary_note,被某类特质吸引，不代表进入关系后愿意采用同样的距离和权限安排。,让你心动的特质，和你真正相处时需要多少空间、怎样协商边界，会分开判断。,不得由本规则直接推出回避亲密、依赖失控、控制欲、冷漠、自私、关系破裂、分手离婚、人格或依恋类型；不得把某种边界方式等同于爱得更多或更少。,高,待验证,,provisional=true; rule_group=DEFINITION_05,0.5
M3-BOUND-006,M2边界｜准入条件不等于长期边界,L0 模型边界与证据,BOUND-定义边界,通用,跨模型边界,M3-BOUND模块规则,,M2关系门槛或资格证据与M3-BOUND信号同时出现。,基础信号未定；真合化后原信号已失效；只有单一弱远争议信号；或该结论会越界到M4风险、M5适配。,由共享基础引擎与M3-STATE修正；日主承载、印比支持只修正自主与执行，不直接等于有无边界。,不限定；夫妻星仅在入宫或形成角色、责任边界时参与接口，不作为BOUND唯一主轴。,由M3-BASE、日支主气及宫位动态提供。,无／待BOUND路径规则组合,日柱与日支近位优先；全局有效独立信号可作次通道。,由共享基础引擎判定,由共享基础引擎判定,喜忌不直接等于边界好坏；只修正调用顺畅度、资源压力和状态切换。,原十神性质有效；真合化成立时按化神所属功能系统重建。,由共享基础引擎判定,94,不加分；门控／路由,boundary_note,选择一个人时看重的承诺、行动或投入，只有在M3中有独立证据时，才能写成长期边界安排。,你选择关系时在意的条件，可能延续为相处规则，也可能只是一道进入门槛。,不得由本规则直接推出回避亲密、依赖失控、控制欲、冷漠、自私、关系破裂、分手离婚、人格或依恋类型；不得把某种边界方式等同于爱得更多或更少。,高,待验证,,provisional=true; rule_group=DEFINITION_06,0.5
M3-BOUND-007,M3-BASE接口｜底盘说明主题，BOUND说明权限,L0 模型边界与证据,BOUND-定义边界,通用,模块边界,M3-BASE,,M3-BASE与M3-BOUND读取同一日支或同一有效十神。,基础信号未定；真合化后原信号已失效；只有单一弱远争议信号；或该结论会越界到M4风险、M5适配。,由共享基础引擎与M3-STATE修正；日主承载、印比支持只修正自主与执行，不直接等于有无边界。,不限定；夫妻星仅在入宫或形成角色、责任边界时参与接口，不作为BOUND唯一主轴。,由M3-BASE、日支主气及宫位动态提供。,无／待BOUND路径规则组合,日柱与日支近位优先；全局有效独立信号可作次通道。,由共享基础引擎判定,由共享基础引擎判定,喜忌不直接等于边界好坏；只修正调用顺畅度、资源压力和状态切换。,原十神性质有效；真合化成立时按化神所属功能系统重建。,由共享基础引擎判定,93,不加分；门控／路由,provenance,BASE回答关系自然围绕什么主题运行；BOUND回答谁能决定什么、怎样靠近和怎样暂停。,同一个关系底盘可以在BOUND中细化为距离和权限，但基础证据只计算一次。,不得由本规则直接推出回避亲密、依赖失控、控制欲、冷漠、自私、关系破裂、分手离婚、人格或依恋类型；不得把某种边界方式等同于爱得更多或更少。,高,待验证,,provisional=true; rule_group=DEFINITION_07,0.5
M3-BOUND-008,M3-EXPR接口｜说出边界不等于执行边界,L0 模型边界与证据,BOUND-定义边界,通用,模块边界,M3-EXPR,,表达通道与边界通道同时可见。,基础信号未定；真合化后原信号已失效；只有单一弱远争议信号；或该结论会越界到M4风险、M5适配。,由共享基础引擎与M3-STATE修正；日主承载、印比支持只修正自主与执行，不直接等于有无边界。,不限定；夫妻星仅在入宫或形成角色、责任边界时参与接口，不作为BOUND唯一主轴。,由M3-BASE、日支主气及宫位动态提供。,无／待BOUND路径规则组合,日柱与日支近位优先；全局有效独立信号可作次通道。,由共享基础引擎判定,由共享基础引擎判定,喜忌不直接等于边界好坏；只修正调用顺畅度、资源压力和状态切换。,原十神性质有效；真合化成立时按化神所属功能系统重建。,由共享基础引擎判定,92,不加分；门控／路由,boundary_note,EXPR负责怎样说；BOUND负责限制怎样成立、怎样被调整和怎样回到关系。,你能清楚表达不等于每次都能执行；反过来，行动上会暂停也不等于一定会长篇说明。,不得由本规则直接推出回避亲密、依赖失控、控制欲、冷漠、自私、关系破裂、分手离婚、人格或依恋类型；不得把某种边界方式等同于爱得更多或更少。,高,待验证,,provisional=true; rule_group=DEFINITION_08,0.5
M3-BOUND-009,M3-CARE接口｜接受照顾不等于失去自主,L0 模型边界与证据,BOUND-定义边界,通用,模块边界,M3-CARE,,支持接受方式与自主、分享或空间信号同时可见。,基础信号未定；真合化后原信号已失效；只有单一弱远争议信号；或该结论会越界到M4风险、M5适配。,由共享基础引擎与M3-STATE修正；日主承载、印比支持只修正自主与执行，不直接等于有无边界。,不限定；夫妻星仅在入宫或形成角色、责任边界时参与接口，不作为BOUND唯一主轴。,由M3-BASE、日支主气及宫位动态提供。,无／待BOUND路径规则组合,日柱与日支近位优先；全局有效独立信号可作次通道。,由共享基础引擎判定,由共享基础引擎判定,喜忌不直接等于边界好坏；只修正调用顺畅度、资源压力和状态切换。,原十神性质有效；真合化成立时按化神所属功能系统重建。,由共享基础引擎判定,91,不加分；门控／路由,support_acceptance_boundary,CARE负责怎样给予和接收支持；BOUND负责接受支持时保留哪些权限和参与感。,愿意被照顾，可以和保留决定权同时存在，两者不是相反选项。,不得由本规则直接推出回避亲密、依赖失控、控制欲、冷漠、自私、关系破裂、分手离婚、人格或依恋类型；不得把某种边界方式等同于爱得更多或更少。,高,待验证,,provisional=true; rule_group=DEFINITION_09,0.5
M3-BOUND-010,M3-CONFLICT接口｜设限不等于冲突方式,L0 模型边界与证据,BOUND-定义边界,通用,模块边界,M3-CONFLICT,,拒绝、暂停或决断边界信号出现。,基础信号未定；真合化后原信号已失效；只有单一弱远争议信号；或该结论会越界到M4风险、M5适配。,由共享基础引擎与M3-STATE修正；日主承载、印比支持只修正自主与执行，不直接等于有无边界。,不限定；夫妻星仅在入宫或形成角色、责任边界时参与接口，不作为BOUND唯一主轴。,由M3-BASE、日支主气及宫位动态提供。,无／待BOUND路径规则组合,日柱与日支近位优先；全局有效独立信号可作次通道。,由共享基础引擎判定,由共享基础引擎判定,喜忌不直接等于边界好坏；只修正调用顺畅度、资源压力和状态切换。,原十神性质有效；真合化成立时按化神所属功能系统重建。,由共享基础引擎判定,90,不加分；门控／路由,boundary_note,BOUND只说明限制怎样被提出；发生分歧时谁先说、怎样回应和是否升级，交给CONFLICT。,你可能边界清楚，但分歧处理方式仍需另行判断。,不得由本规则直接推出回避亲密、依赖失控、控制欲、冷漠、自私、关系破裂、分手离婚、人格或依恋类型；不得把某种边界方式等同于爱得更多或更少。,高,待验证,,provisional=true; rule_group=DEFINITION_10,0.5
M3-BOUND-011,M3-REPAIR接口｜暂停不等于完成修复,L0 模型边界与证据,BOUND-定义边界,通用,模块边界,M3-REPAIR,,暂停、回归或重新协商候选出现。,基础信号未定；真合化后原信号已失效；只有单一弱远争议信号；或该结论会越界到M4风险、M5适配。,由共享基础引擎与M3-STATE修正；日主承载、印比支持只修正自主与执行，不直接等于有无边界。,不限定；夫妻星仅在入宫或形成角色、责任边界时参与接口，不作为BOUND唯一主轴。,由M3-BASE、日支主气及宫位动态提供。,无／待BOUND路径规则组合,日柱与日支近位优先；全局有效独立信号可作次通道。,由共享基础引擎判定,由共享基础引擎判定,喜忌不直接等于边界好坏；只修正调用顺畅度、资源压力和状态切换。,原十神性质有效；真合化成立时按化神所属功能系统重建。,由共享基础引擎判定,89,不加分；门控／路由,pause_return_style,BOUND可说明何时需要暂停和何时愿意重新谈；真正怎样恢复联结由REPAIR判断。,需要暂时停一下，不等于拒绝修复；回到沟通，也不等于问题已经解决。,不得由本规则直接推出回避亲密、依赖失控、控制欲、冷漠、自私、关系破裂、分手离婚、人格或依恋类型；不得把某种边界方式等同于爱得更多或更少。,高,待验证,,provisional=true; rule_group=DEFINITION_11,0.5
M3-BOUND-012,M3-STATE接口｜先看平稳边界再看压力切换,L0 模型边界与证据,BOUND-定义边界,通用,模块边界,M3-STATE,,平稳和压力状态可能调用不同通道。,基础信号未定；真合化后原信号已失效；只有单一弱远争议信号；或该结论会越界到M4风险、M5适配。,由共享基础引擎与M3-STATE修正；日主承载、印比支持只修正自主与执行，不直接等于有无边界。,不限定；夫妻星仅在入宫或形成角色、责任边界时参与接口，不作为BOUND唯一主轴。,由M3-BASE、日支主气及宫位动态提供。,无／待BOUND路径规则组合,日柱与日支近位优先；全局有效独立信号可作次通道。,由共享基础引擎判定,由共享基础引擎判定,喜忌不直接等于边界好坏；只修正调用顺畅度、资源压力和状态切换。,原十神性质有效；真合化成立时按化神所属功能系统重建。,由共享基础引擎判定,88,不加分；门控／路由,state_shift,BOUND先确定日常距离与权限，再把压力下抢先的设限方式交给STATE修正。,你平时的相处边界，和压力增加时的第一反应，可能不是同一种方式。,不得由本规则直接推出回避亲密、依赖失控、控制欲、冷漠、自私、关系破裂、分手离婚、人格或依恋类型；不得把某种边界方式等同于爱得更多或更少。,高,待验证,,provisional=true; rule_group=DEFINITION_12,0.5
M3-BOUND-013,M4边界｜边界风格不直接等于关系风险,L0 模型边界与证据,BOUND-定义边界,通用,跨模型边界,M4-关系盲点,,强通道、过旺、受损或宫位动态明显。,基础信号未定；真合化后原信号已失效；只有单一弱远争议信号；或该结论会越界到M4风险、M5适配。,由共享基础引擎与M3-STATE修正；日主承载、印比支持只修正自主与执行，不直接等于有无边界。,不限定；夫妻星仅在入宫或形成角色、责任边界时参与接口，不作为BOUND唯一主轴。,由M3-BASE、日支主气及宫位动态提供。,无／待BOUND路径规则组合,日柱与日支近位优先；全局有效独立信号可作次通道。,由共享基础引擎判定,由共享基础引擎判定,喜忌不直接等于边界好坏；只修正调用顺畅度、资源压力和状态切换。,原十神性质有效；真合化成立时按化神所属功能系统重建。,由共享基础引擎判定,87,不加分；门控／路由,risk_route,BOUND只描述功能和节奏；是否形成控制、耗竭、回避或权力失衡，必须进入M4。,这里不会仅凭边界强弱，就把你判断为控制、回避或容易失去自我。,不得由本规则直接推出回避亲密、依赖失控、控制欲、冷漠、自私、关系破裂、分手离婚、人格或依恋类型；不得把某种边界方式等同于爱得更多或更少。,高,待验证,,provisional=true; rule_group=DEFINITION_13,0.5
M3-BOUND-014,M5边界｜边界风格不直接生成适配结论,L0 模型边界与证据,BOUND-定义边界,通用,跨模型边界,M5-适配关系,,BOUND结论已形成。,基础信号未定；真合化后原信号已失效；只有单一弱远争议信号；或该结论会越界到M4风险、M5适配。,由共享基础引擎与M3-STATE修正；日主承载、印比支持只修正自主与执行，不直接等于有无边界。,不限定；夫妻星仅在入宫或形成角色、责任边界时参与接口，不作为BOUND唯一主轴。,由M3-BASE、日支主气及宫位动态提供。,无／待BOUND路径规则组合,日柱与日支近位优先；全局有效独立信号可作次通道。,由共享基础引擎判定,由共享基础引擎判定,喜忌不直接等于边界好坏；只修正调用顺畅度、资源压力和状态切换。,原十神性质有效；真合化成立时按化神所属功能系统重建。,由共享基础引擎判定,86,不加分；门控／路由,boundary_note,相处边界是适配分析输入之一，但不能单独推出哪类伴侣最适合。,你的边界节奏会影响适配，但不是最终适配结论。,不得由本规则直接推出回避亲密、依赖失控、控制欲、冷漠、自私、关系破裂、分手离婚、人格或依恋类型；不得把某种边界方式等同于爱得更多或更少。,高,待验证,,provisional=true; rule_group=DEFINITION_14,0.5
M3-BOUND-015,硬边界｜需要空间不等于回避亲密,L0 模型边界与证据,BOUND-定义边界,通用,禁止推断,核心纠偏,,偏印、比肩、暂停或空间候选明显。,基础信号未定；真合化后原信号已失效；只有单一弱远争议信号；或该结论会越界到M4风险、M5适配。,由共享基础引擎与M3-STATE修正；日主承载、印比支持只修正自主与执行，不直接等于有无边界。,不限定；夫妻星仅在入宫或形成角色、责任边界时参与接口，不作为BOUND唯一主轴。,由M3-BASE、日支主气及宫位动态提供。,无／待BOUND路径规则组合,日柱与日支近位优先；全局有效独立信号可作次通道。,由共享基础引擎判定,由共享基础引擎判定,喜忌不直接等于边界好坏；只修正调用顺畅度、资源压力和状态切换。,原十神性质有效；真合化成立时按化神所属功能系统重建。,由共享基础引擎判定,85,不加分；门控／路由,boundary_note,空间需求描述内部整理、独立决定和恢复节奏，不自动等于害怕亲密。,你需要一定空间，可能只是为了整理感受和保留自主，不代表你拒绝亲密。,不得由本规则直接推出回避亲密、依赖失控、控制欲、冷漠、自私、关系破裂、分手离婚、人格或依恋类型；不得把某种边界方式等同于爱得更多或更少。,高,待验证,,provisional=true; rule_group=DEFINITION_15,0.5
M3-BOUND-016,硬边界｜愿意依托不等于失去自主,L0 模型边界与证据,BOUND-定义边界,通用,禁止推断,核心纠偏,,正印、正财、正官或接受支持候选明显。,基础信号未定；真合化后原信号已失效；只有单一弱远争议信号；或该结论会越界到M4风险、M5适配。,由共享基础引擎与M3-STATE修正；日主承载、印比支持只修正自主与执行，不直接等于有无边界。,不限定；夫妻星仅在入宫或形成角色、责任边界时参与接口，不作为BOUND唯一主轴。,由M3-BASE、日支主气及宫位动态提供。,无／待BOUND路径规则组合,日柱与日支近位优先；全局有效独立信号可作次通道。,由共享基础引擎判定,由共享基础引擎判定,喜忌不直接等于边界好坏；只修正调用顺畅度、资源压力和状态切换。,原十神性质有效；真合化成立时按化神所属功能系统重建。,由共享基础引擎判定,84,不加分；门控／路由,support_acceptance_boundary,接受照顾、信任承诺和共享资源可以与自主决定并存。,你愿意在信任中依靠对方，不代表你会把自己的决定权全部交出去。,不得由本规则直接推出回避亲密、依赖失控、控制欲、冷漠、自私、关系破裂、分手离婚、人格或依恋类型；不得把某种边界方式等同于爱得更多或更少。,高,待验证,,provisional=true; rule_group=DEFINITION_16,0.5
M3-BOUND-017,硬边界｜边界清楚不等于冷漠,L0 模型边界与证据,BOUND-定义边界,通用,禁止推断,核心纠偏,,比肩、伤官、正官或明确拒绝候选明显。,基础信号未定；真合化后原信号已失效；只有单一弱远争议信号；或该结论会越界到M4风险、M5适配。,由共享基础引擎与M3-STATE修正；日主承载、印比支持只修正自主与执行，不直接等于有无边界。,不限定；夫妻星仅在入宫或形成角色、责任边界时参与接口，不作为BOUND唯一主轴。,由M3-BASE、日支主气及宫位动态提供。,无／待BOUND路径规则组合,日柱与日支近位优先；全局有效独立信号可作次通道。,由共享基础引擎判定,由共享基础引擎判定,喜忌不直接等于边界好坏；只修正调用顺畅度、资源压力和状态切换。,原十神性质有效；真合化成立时按化神所属功能系统重建。,由共享基础引擎判定,83,不加分；门控／路由,boundary_note,清楚说明权限、节奏和限制，是关系协商方式，不等于情感稀薄。,你倾向把界限说清楚，更多是为了让关系可持续，并不等于不在意。,不得由本规则直接推出回避亲密、依赖失控、控制欲、冷漠、自私、关系破裂、分手离婚、人格或依恋类型；不得把某种边界方式等同于爱得更多或更少。,高,待验证,,provisional=true; rule_group=DEFINITION_17,0.5
M3-BOUND-018,硬边界｜弹性共享不等于没有原则,L0 模型边界与证据,BOUND-定义边界,通用,禁止推断,核心纠偏,,偏财、劫财或弹性调整候选明显。,基础信号未定；真合化后原信号已失效；只有单一弱远争议信号；或该结论会越界到M4风险、M5适配。,由共享基础引擎与M3-STATE修正；日主承载、印比支持只修正自主与执行，不直接等于有无边界。,不限定；夫妻星仅在入宫或形成角色、责任边界时参与接口，不作为BOUND唯一主轴。,由M3-BASE、日支主气及宫位动态提供。,无／待BOUND路径规则组合,日柱与日支近位优先；全局有效独立信号可作次通道。,由共享基础引擎判定,由共享基础引擎判定,喜忌不直接等于边界好坏；只修正调用顺畅度、资源压力和状态切换。,原十神性质有效；真合化成立时按化神所属功能系统重建。,由共享基础引擎判定,82,不加分；门控／路由,renegotiation_style,弹性边界表示会根据现实和双方需要调整，不自动等于规则缺失。,你可能更愿意随情境调整安排，但仍可以有清楚的核心底线。,不得由本规则直接推出回避亲密、依赖失控、控制欲、冷漠、自私、关系破裂、分手离婚、人格或依恋类型；不得把某种边界方式等同于爱得更多或更少。,高,待验证,,provisional=true; rule_group=DEFINITION_18,0.5
M3-BOUND-019,硬边界｜亲密共享不等于融合失界,L0 模型边界与证据,BOUND-定义边界,通用,禁止推断,核心纠偏,,合、正印、正财、食神或稳定共享候选明显。,基础信号未定；真合化后原信号已失效；只有单一弱远争议信号；或该结论会越界到M4风险、M5适配。,由共享基础引擎与M3-STATE修正；日主承载、印比支持只修正自主与执行，不直接等于有无边界。,不限定；夫妻星仅在入宫或形成角色、责任边界时参与接口，不作为BOUND唯一主轴。,由M3-BASE、日支主气及宫位动态提供。,无／待BOUND路径规则组合,日柱与日支近位优先；全局有效独立信号可作次通道。,由共享基础引擎判定,由共享基础引擎判定,喜忌不直接等于边界好坏；只修正调用顺畅度、资源压力和状态切换。,原十神性质有效；真合化成立时按化神所属功能系统重建。,由共享基础引擎判定,81,不加分；门控／路由,boundary_note,共享时间、资源和情绪不自动代表双方失去独立性。,你愿意把生活和感受放进关系里，不代表你没有自己的空间和判断。,不得由本规则直接推出回避亲密、依赖失控、控制欲、冷漠、自私、关系破裂、分手离婚、人格或依恋类型；不得把某种边界方式等同于爱得更多或更少。,高,待验证,,provisional=true; rule_group=DEFINITION_19,0.5
M3-BOUND-020,证据门槛｜至少两类独立证据才能定模式,L0 模型边界与证据,BOUND-定义边界,通用,证据门控,M3-BOUND模块规则,,需要输出固定BOUND模式或双层边界。,基础信号未定；真合化后原信号已失效；只有单一弱远争议信号；或该结论会越界到M4风险、M5适配。,由共享基础引擎与M3-STATE修正；日主承载、印比支持只修正自主与执行，不直接等于有无边界。,不限定；夫妻星仅在入宫或形成角色、责任边界时参与接口，不作为BOUND唯一主轴。,由M3-BASE、日支主气及宫位动态提供。,无／待BOUND路径规则组合,日柱与日支近位优先；全局有效独立信号可作次通道。,由共享基础引擎判定,由共享基础引擎判定,喜忌不直接等于边界好坏；只修正调用顺畅度、资源压力和状态切换。,原十神性质有效；真合化成立时按化神所属功能系统重建。,由共享基础引擎判定,80,不加分；门控／路由,report_status,主模式至少需要通道、日支、过程维度、现实行为或宫位动态中的两类独立证据。,证据不足时，只保留可能方向，不把一次行为或一个弱远信号写成固定模式。,不得由本规则直接推出回避亲密、依赖失控、控制欲、冷漠、自私、关系破裂、分手离婚、人格或依恋类型；不得把某种边界方式等同于爱得更多或更少。,中高,待验证,,provisional=true; rule_group=DEFINITION_20,0.5
M3-BOUND-021,比肩BOUND通道｜BD01 平等自主,L1 十神边界通道,BOUND-十神通道,通用,基础通道,比肩,,比肩BOUND功能有效，基础十神性质可靠，未被真合化替换。,基础信号未定；真合化后原信号已失效；只有单一弱远争议信号；或该结论会越界到M4风险、M5适配。,由共享基础引擎与M3-STATE修正；日主承载、印比支持只修正自主与执行，不直接等于有无边界。,不限定；夫妻星仅在入宫或形成角色、责任边界时参与接口，不作为BOUND唯一主轴。,由M3-BASE、日支主气及宫位动态提供。,无／待BOUND路径规则组合,日柱与日支近位优先；全局有效独立信号可作次通道。,由共享基础引擎判定,由共享基础引擎判定,喜忌不直接等于边界好坏；只修正调用顺畅度、资源压力和状态切换。,原十神性质有效；真合化成立时按化神所属功能系统重建。,由共享基础引擎判定,88,主BOUND候选 +18,primary_boundary_channel,比肩属于SYS01 自我边界系统，在BOUND中主要负责：通过平等、各自负责和保留个人决定权来维持亲密，重视“靠近但不替代彼此”。,你更容易通过“平等自主”安排亲密与自主。通过平等、各自负责和保留个人决定权来维持亲密，重视“靠近但不替代彼此”。,不得由本规则直接推出回避亲密、依赖失控、控制欲、冷漠、自私、关系破裂、分手离婚、人格或依恋类型；不得把某种边界方式等同于爱得更多或更少。,中高,待验证,,provisional=true; rule_group=CHANNEL_BD01_BASE,0.5
M3-BOUND-022,比肩靠近方式｜BD01关系启动,L1 十神边界通道,BOUND-十神通道,通用,靠近方式,比肩,,比肩BOUND功能有效，基础十神性质可靠，未被真合化替换。,基础信号未定；真合化后原信号已失效；只有单一弱远争议信号；或该结论会越界到M4风险、M5适配。,由共享基础引擎与M3-STATE修正；日主承载、印比支持只修正自主与执行，不直接等于有无边界。,不限定；夫妻星仅在入宫或形成角色、责任边界时参与接口，不作为BOUND唯一主轴。,由M3-BASE、日支主气及宫位动态提供。,无／待BOUND路径规则组合,日柱与日支近位优先；全局有效独立信号可作次通道。,由共享基础引擎判定,由共享基础引擎判定,喜忌不直接等于边界好坏；只修正调用顺畅度、资源压力和状态切换。,原十神性质有效；真合化成立时按化神所属功能系统重建。,由共享基础引擎判定,76,靠近节奏候选 +6,closeness_rhythm,更容易把靠近建立在同频、互相尊重和并肩感上，不喜欢一开始就形成明显上下位。,更容易把靠近建立在同频、互相尊重和并肩感上，不喜欢一开始就形成明显上下位。,不得由本规则直接推出回避亲密、依赖失控、控制欲、冷漠、自私、关系破裂、分手离婚、人格或依恋类型；不得把某种边界方式等同于爱得更多或更少。,中,待验证,,provisional=true; rule_group=CHANNEL_BD01_APPROACH,0.5
M3-BOUND-023,比肩空间与自主｜BD01权限安排,L1 十神边界通道,BOUND-十神通道,通用,空间与自主,比肩,,比肩BOUND功能有效，基础十神性质可靠，未被真合化替换。,基础信号未定；真合化后原信号已失效；只有单一弱远争议信号；或该结论会越界到M4风险、M5适配。,由共享基础引擎与M3-STATE修正；日主承载、印比支持只修正自主与执行，不直接等于有无边界。,不限定；夫妻星仅在入宫或形成角色、责任边界时参与接口，不作为BOUND唯一主轴。,由M3-BASE、日支主气及宫位动态提供。,无／待BOUND路径规则组合,日柱与日支近位优先；全局有效独立信号可作次通道。,由共享基础引擎判定,由共享基础引擎判定,喜忌不直接等于边界好坏；只修正调用顺畅度、资源压力和状态切换。,原十神性质有效；真合化成立时按化神所属功能系统重建。,由共享基础引擎判定,75,空间／自主候选 +6,autonomy_pattern,需要保留自己的判断、时间或处理空间，同时也愿意在清楚分工下共享。,需要保留自己的判断、时间或处理空间，同时也愿意在清楚分工下共享。,不得由本规则直接推出回避亲密、依赖失控、控制欲、冷漠、自私、关系破裂、分手离婚、人格或依恋类型；不得把某种边界方式等同于爱得更多或更少。,中,待验证,,provisional=true; rule_group=CHANNEL_BD01_SPACE,0.5
M3-BOUND-024,比肩需求表达｜BD01怎样说明需要,L1 十神边界通道,BOUND-十神通道,通用,需求表达,比肩,,比肩BOUND功能有效，基础十神性质可靠，未被真合化替换。,基础信号未定；真合化后原信号已失效；只有单一弱远争议信号；或该结论会越界到M4风险、M5适配。,由共享基础引擎与M3-STATE修正；日主承载、印比支持只修正自主与执行，不直接等于有无边界。,不限定；夫妻星仅在入宫或形成角色、责任边界时参与接口，不作为BOUND唯一主轴。,由M3-BASE、日支主气及宫位动态提供。,无／待BOUND路径规则组合,日柱与日支近位优先；全局有效独立信号可作次通道。,由共享基础引擎判定,由共享基础引擎判定,喜忌不直接等于边界好坏；只修正调用顺畅度、资源压力和状态切换。,原十神性质有效；真合化成立时按化神所属功能系统重建。,由共享基础引擎判定,74,需求表达候选 +4,need_expression,提出需要时更倾向用第一人称和具体协作表达，例如说明“我需要什么、你可以怎样配合”。,提出需要时更倾向用第一人称和具体协作表达，例如说明“我需要什么、你可以怎样配合”。,不得由本规则直接推出回避亲密、依赖失控、控制欲、冷漠、自私、关系破裂、分手离婚、人格或依恋类型；不得把某种边界方式等同于爱得更多或更少。,中,待验证,,provisional=true; rule_group=CHANNEL_BD01_NEED,0.5
M3-BOUND-025,比肩拒绝与暂停｜BD01怎样设限,L1 十神边界通道,BOUND-十神通道,通用,拒绝／暂停,比肩,,比肩BOUND功能有效，基础十神性质可靠，未被真合化替换。,基础信号未定；真合化后原信号已失效；只有单一弱远争议信号；或该结论会越界到M4风险、M5适配。,由共享基础引擎与M3-STATE修正；日主承载、印比支持只修正自主与执行，不直接等于有无边界。,不限定；夫妻星仅在入宫或形成角色、责任边界时参与接口，不作为BOUND唯一主轴。,由M3-BASE、日支主气及宫位动态提供。,无／待BOUND路径规则组合,日柱与日支近位优先；全局有效独立信号可作次通道。,由共享基础引擎判定,由共享基础引擎判定,喜忌不直接等于边界好坏；只修正调用顺畅度、资源压力和状态切换。,原十神性质有效；真合化成立时按化神所属功能系统重建。,由共享基础引擎判定,73,拒绝／暂停候选 +4,refusal_style,不合适时更容易直接说明不同意见、暂停某项安排，或把决定重新放回双方协商。,不合适时更容易直接说明不同意见、暂停某项安排，或把决定重新放回双方协商。,不得由本规则直接推出回避亲密、依赖失控、控制欲、冷漠、自私、关系破裂、分手离婚、人格或依恋类型；不得把某种边界方式等同于爱得更多或更少。,中,待验证,,provisional=true; rule_group=CHANNEL_BD01_REFUSAL,0.5
M3-BOUND-026,比肩接受照顾｜BD01依托边界,L1 十神边界通道,BOUND-十神通道,通用,接受支持,比肩,,比肩BOUND功能有效，基础十神性质可靠，未被真合化替换。,基础信号未定；真合化后原信号已失效；只有单一弱远争议信号；或该结论会越界到M4风险、M5适配。,由共享基础引擎与M3-STATE修正；日主承载、印比支持只修正自主与执行，不直接等于有无边界。,不限定；夫妻星仅在入宫或形成角色、责任边界时参与接口，不作为BOUND唯一主轴。,由M3-BASE、日支主气及宫位动态提供。,无／待BOUND路径规则组合,日柱与日支近位优先；全局有效独立信号可作次通道。,由共享基础引擎判定,由共享基础引擎判定,喜忌不直接等于边界好坏；只修正调用顺畅度、资源压力和状态切换。,原十神性质有效；真合化成立时按化神所属功能系统重建。,由共享基础引擎判定,72,接受照顾候选 +4,support_acceptance_boundary,更容易接受不过度接管、允许自己参与决定、尊重能力和选择权的照顾。,更容易接受不过度接管、允许自己参与决定、尊重能力和选择权的照顾。,不得由本规则直接推出回避亲密、依赖失控、控制欲、冷漠、自私、关系破裂、分手离婚、人格或依恋类型；不得把某种边界方式等同于爱得更多或更少。,中,待验证,,provisional=true; rule_group=CHANNEL_BD01_RECEIVE,0.5
M3-BOUND-027,比肩禁止误读｜BD01边界,L1 十神边界通道,BOUND-十神通道,通用,禁止推断,比肩,,比肩BOUND功能有效，基础十神性质可靠，未被真合化替换。,基础信号未定；真合化后原信号已失效；只有单一弱远争议信号；或该结论会越界到M4风险、M5适配。,由共享基础引擎与M3-STATE修正；日主承载、印比支持只修正自主与执行，不直接等于有无边界。,不限定；夫妻星仅在入宫或形成角色、责任边界时参与接口，不作为BOUND唯一主轴。,由M3-BASE、日支主气及宫位动态提供。,无／待BOUND路径规则组合,日柱与日支近位优先；全局有效独立信号可作次通道。,由共享基础引擎判定,由共享基础引擎判定,喜忌不直接等于边界好坏；只修正调用顺畅度、资源压力和状态切换。,原十神性质有效；真合化成立时按化神所属功能系统重建。,由共享基础引擎判定,96,不加分；边界检查,boundary_note,该通道只说明关系中的边界功能，不等于人格、风险或感情结果。,这里描述的是你可能更常使用的边界方式，不代表你只能这样相处，也不代表其他方式一定缺失。,不得推出用户计较、冷淡、不愿依赖、凡事AA、难以亲密、一定强势或不愿妥协。,高,待验证,,provisional=true; rule_group=CHANNEL_BD01_BAN,0.5
M3-BOUND-028,劫财BOUND通道｜BD02 共同参与,L1 十神边界通道,BOUND-十神通道,通用,基础通道,劫财,,劫财BOUND功能有效，基础十神性质可靠，未被真合化替换。,基础信号未定；真合化后原信号已失效；只有单一弱远争议信号；或该结论会越界到M4风险、M5适配。,由共享基础引擎与M3-STATE修正；日主承载、印比支持只修正自主与执行，不直接等于有无边界。,不限定；夫妻星仅在入宫或形成角色、责任边界时参与接口，不作为BOUND唯一主轴。,由M3-BASE、日支主气及宫位动态提供。,无／待BOUND路径规则组合,日柱与日支近位优先；全局有效独立信号可作次通道。,由共享基础引擎判定,由共享基础引擎判定,喜忌不直接等于边界好坏；只修正调用顺畅度、资源压力和状态切换。,原十神性质有效；真合化成立时按化神所属功能系统重建。,由共享基础引擎判定,88,主BOUND候选 +18,primary_boundary_channel,劫财属于SYS01 自我边界系统，在BOUND中主要负责：通过一起行动、即时反馈和共同调整边界来维持关系，边界更像在互动中不断校准。,你更容易通过“共同参与”安排亲密与自主。通过一起行动、即时反馈和共同调整边界来维持关系，边界更像在互动中不断校准。,不得由本规则直接推出回避亲密、依赖失控、控制欲、冷漠、自私、关系破裂、分手离婚、人格或依恋类型；不得把某种边界方式等同于爱得更多或更少。,中高,待验证,,provisional=true; rule_group=CHANNEL_BD02_BASE,0.5
M3-BOUND-029,劫财靠近方式｜BD02关系启动,L1 十神边界通道,BOUND-十神通道,通用,靠近方式,劫财,,劫财BOUND功能有效，基础十神性质可靠，未被真合化替换。,基础信号未定；真合化后原信号已失效；只有单一弱远争议信号；或该结论会越界到M4风险、M5适配。,由共享基础引擎与M3-STATE修正；日主承载、印比支持只修正自主与执行，不直接等于有无边界。,不限定；夫妻星仅在入宫或形成角色、责任边界时参与接口，不作为BOUND唯一主轴。,由M3-BASE、日支主气及宫位动态提供。,无／待BOUND路径规则组合,日柱与日支近位优先；全局有效独立信号可作次通道。,由共享基础引擎判定,由共享基础引擎判定,喜忌不直接等于边界好坏；只修正调用顺畅度、资源压力和状态切换。,原十神性质有效；真合化成立时按化神所属功能系统重建。,由共享基础引擎判定,76,靠近节奏候选 +6,closeness_rhythm,更容易在共同任务、共同体验或快速互动中拉近距离。,更容易在共同任务、共同体验或快速互动中拉近距离。,不得由本规则直接推出回避亲密、依赖失控、控制欲、冷漠、自私、关系破裂、分手离婚、人格或依恋类型；不得把某种边界方式等同于爱得更多或更少。,中,待验证,,provisional=true; rule_group=CHANNEL_BD02_APPROACH,0.5
M3-BOUND-030,劫财空间与自主｜BD02权限安排,L1 十神边界通道,BOUND-十神通道,通用,空间与自主,劫财,,劫财BOUND功能有效，基础十神性质可靠，未被真合化替换。,基础信号未定；真合化后原信号已失效；只有单一弱远争议信号；或该结论会越界到M4风险、M5适配。,由共享基础引擎与M3-STATE修正；日主承载、印比支持只修正自主与执行，不直接等于有无边界。,不限定；夫妻星仅在入宫或形成角色、责任边界时参与接口，不作为BOUND唯一主轴。,由M3-BASE、日支主气及宫位动态提供。,无／待BOUND路径规则组合,日柱与日支近位优先；全局有效独立信号可作次通道。,由共享基础引擎判定,由共享基础引擎判定,喜忌不直接等于边界好坏；只修正调用顺畅度、资源压力和状态切换。,原十神性质有效；真合化成立时按化神所属功能系统重建。,由共享基础引擎判定,75,空间／自主候选 +6,autonomy_pattern,个人空间较常随当下任务和双方参与度动态调整，重点是自己仍在场、仍能参与。,个人空间较常随当下任务和双方参与度动态调整，重点是自己仍在场、仍能参与。,不得由本规则直接推出回避亲密、依赖失控、控制欲、冷漠、自私、关系破裂、分手离婚、人格或依恋类型；不得把某种边界方式等同于爱得更多或更少。,中,待验证,,provisional=true; rule_group=CHANNEL_BD02_SPACE,0.5
M3-BOUND-031,劫财需求表达｜BD02怎样说明需要,L1 十神边界通道,BOUND-十神通道,通用,需求表达,劫财,,劫财BOUND功能有效，基础十神性质可靠，未被真合化替换。,基础信号未定；真合化后原信号已失效；只有单一弱远争议信号；或该结论会越界到M4风险、M5适配。,由共享基础引擎与M3-STATE修正；日主承载、印比支持只修正自主与执行，不直接等于有无边界。,不限定；夫妻星仅在入宫或形成角色、责任边界时参与接口，不作为BOUND唯一主轴。,由M3-BASE、日支主气及宫位动态提供。,无／待BOUND路径规则组合,日柱与日支近位优先；全局有效独立信号可作次通道。,由共享基础引擎判定,由共享基础引擎判定,喜忌不直接等于边界好坏；只修正调用顺畅度、资源压力和状态切换。,原十神性质有效；真合化成立时按化神所属功能系统重建。,由共享基础引擎判定,74,需求表达候选 +4,need_expression,需要支持时更容易直接发出邀约或任务式请求，希望对方一起做而不是只旁观。,需要支持时更容易直接发出邀约或任务式请求，希望对方一起做而不是只旁观。,不得由本规则直接推出回避亲密、依赖失控、控制欲、冷漠、自私、关系破裂、分手离婚、人格或依恋类型；不得把某种边界方式等同于爱得更多或更少。,中,待验证,,provisional=true; rule_group=CHANNEL_BD02_NEED,0.5
M3-BOUND-032,劫财拒绝与暂停｜BD02怎样设限,L1 十神边界通道,BOUND-十神通道,通用,拒绝／暂停,劫财,,劫财BOUND功能有效，基础十神性质可靠，未被真合化替换。,基础信号未定；真合化后原信号已失效；只有单一弱远争议信号；或该结论会越界到M4风险、M5适配。,由共享基础引擎与M3-STATE修正；日主承载、印比支持只修正自主与执行，不直接等于有无边界。,不限定；夫妻星仅在入宫或形成角色、责任边界时参与接口，不作为BOUND唯一主轴。,由M3-BASE、日支主气及宫位动态提供。,无／待BOUND路径规则组合,日柱与日支近位优先；全局有效独立信号可作次通道。,由共享基础引擎判定,由共享基础引擎判定,喜忌不直接等于边界好坏；只修正调用顺畅度、资源压力和状态切换。,原十神性质有效；真合化成立时按化神所属功能系统重建。,由共享基础引擎判定,73,拒绝／暂停候选 +4,refusal_style,不合适时可能先立刻调整行动、停止参与或更换分工，再补充说明。,不合适时可能先立刻调整行动、停止参与或更换分工，再补充说明。,不得由本规则直接推出回避亲密、依赖失控、控制欲、冷漠、自私、关系破裂、分手离婚、人格或依恋类型；不得把某种边界方式等同于爱得更多或更少。,中,待验证,,provisional=true; rule_group=CHANNEL_BD02_REFUSAL,0.5
M3-BOUND-033,劫财接受照顾｜BD02依托边界,L1 十神边界通道,BOUND-十神通道,通用,接受支持,劫财,,劫财BOUND功能有效，基础十神性质可靠，未被真合化替换。,基础信号未定；真合化后原信号已失效；只有单一弱远争议信号；或该结论会越界到M4风险、M5适配。,由共享基础引擎与M3-STATE修正；日主承载、印比支持只修正自主与执行，不直接等于有无边界。,不限定；夫妻星仅在入宫或形成角色、责任边界时参与接口，不作为BOUND唯一主轴。,由M3-BASE、日支主气及宫位动态提供。,无／待BOUND路径规则组合,日柱与日支近位优先；全局有效独立信号可作次通道。,由共享基础引擎判定,由共享基础引擎判定,喜忌不直接等于边界好坏；只修正调用顺畅度、资源压力和状态切换。,原十神性质有效；真合化成立时按化神所属功能系统重建。,由共享基础引擎判定,72,接受照顾候选 +4,support_acceptance_boundary,更容易在对方真正加入、共同承担和即时回应时感到被照顾。,更容易在对方真正加入、共同承担和即时回应时感到被照顾。,不得由本规则直接推出回避亲密、依赖失控、控制欲、冷漠、自私、关系破裂、分手离婚、人格或依恋类型；不得把某种边界方式等同于爱得更多或更少。,中,待验证,,provisional=true; rule_group=CHANNEL_BD02_RECEIVE,0.5
M3-BOUND-034,劫财禁止误读｜BD02边界,L1 十神边界通道,BOUND-十神通道,通用,禁止推断,劫财,,劫财BOUND功能有效，基础十神性质可靠，未被真合化替换。,基础信号未定；真合化后原信号已失效；只有单一弱远争议信号；或该结论会越界到M4风险、M5适配。,由共享基础引擎与M3-STATE修正；日主承载、印比支持只修正自主与执行，不直接等于有无边界。,不限定；夫妻星仅在入宫或形成角色、责任边界时参与接口，不作为BOUND唯一主轴。,由M3-BASE、日支主气及宫位动态提供。,无／待BOUND路径规则组合,日柱与日支近位优先；全局有效独立信号可作次通道。,由共享基础引擎判定,由共享基础引擎判定,喜忌不直接等于边界好坏；只修正调用顺畅度、资源压力和状态切换。,原十神性质有效；真合化成立时按化神所属功能系统重建。,由共享基础引擎判定,96,不加分；边界检查,boundary_note,该通道只说明关系中的边界功能，不等于人格、风险或感情结果。,这里描述的是你可能更常使用的边界方式，不代表你只能这样相处，也不代表其他方式一定缺失。,不得推出用户争抢、冲动、边界混乱、爱竞争、一定占有资源或无法长期稳定。,高,待验证,,provisional=true; rule_group=CHANNEL_BD02_BAN,0.5
M3-BOUND-035,食神BOUND通道｜BD03 舒适靠近,L1 十神边界通道,BOUND-十神通道,通用,基础通道,食神,,食神BOUND功能有效，基础十神性质可靠，未被真合化替换。,基础信号未定；真合化后原信号已失效；只有单一弱远争议信号；或该结论会越界到M4风险、M5适配。,由共享基础引擎与M3-STATE修正；日主承载、印比支持只修正自主与执行，不直接等于有无边界。,不限定；夫妻星仅在入宫或形成角色、责任边界时参与接口，不作为BOUND唯一主轴。,由M3-BASE、日支主气及宫位动态提供。,无／待BOUND路径规则组合,日柱与日支近位优先；全局有效独立信号可作次通道。,由共享基础引擎判定,由共享基础引擎判定,喜忌不直接等于边界好坏；只修正调用顺畅度、资源压力和状态切换。,原十神性质有效；真合化成立时按化神所属功能系统重建。,由共享基础引擎判定,88,主BOUND候选 +18,primary_boundary_channel,食神属于SYS02 表达交流系统，在BOUND中主要负责：通过舒适、温和、低压力和日常陪伴逐渐建立亲密，边界重点是节奏不被强迫。,你更容易通过“舒适靠近”安排亲密与自主。通过舒适、温和、低压力和日常陪伴逐渐建立亲密，边界重点是节奏不被强迫。,不得由本规则直接推出回避亲密、依赖失控、控制欲、冷漠、自私、关系破裂、分手离婚、人格或依恋类型；不得把某种边界方式等同于爱得更多或更少。,中高,待验证,,provisional=true; rule_group=CHANNEL_BD03_BASE,0.5
M3-BOUND-036,食神靠近方式｜BD03关系启动,L1 十神边界通道,BOUND-十神通道,通用,靠近方式,食神,,食神BOUND功能有效，基础十神性质可靠，未被真合化替换。,基础信号未定；真合化后原信号已失效；只有单一弱远争议信号；或该结论会越界到M4风险、M5适配。,由共享基础引擎与M3-STATE修正；日主承载、印比支持只修正自主与执行，不直接等于有无边界。,不限定；夫妻星仅在入宫或形成角色、责任边界时参与接口，不作为BOUND唯一主轴。,由M3-BASE、日支主气及宫位动态提供。,无／待BOUND路径规则组合,日柱与日支近位优先；全局有效独立信号可作次通道。,由共享基础引擎判定,由共享基础引擎判定,喜忌不直接等于边界好坏；只修正调用顺畅度、资源压力和状态切换。,原十神性质有效；真合化成立时按化神所属功能系统重建。,由共享基础引擎判定,76,靠近节奏候选 +6,closeness_rhythm,更容易在轻松相处、生活分享和被照顾到节奏时自然靠近。,更容易在轻松相处、生活分享和被照顾到节奏时自然靠近。,不得由本规则直接推出回避亲密、依赖失控、控制欲、冷漠、自私、关系破裂、分手离婚、人格或依恋类型；不得把某种边界方式等同于爱得更多或更少。,中,待验证,,provisional=true; rule_group=CHANNEL_BD03_APPROACH,0.5
M3-BOUND-037,食神空间与自主｜BD03权限安排,L1 十神边界通道,BOUND-十神通道,通用,空间与自主,食神,,食神BOUND功能有效，基础十神性质可靠，未被真合化替换。,基础信号未定；真合化后原信号已失效；只有单一弱远争议信号；或该结论会越界到M4风险、M5适配。,由共享基础引擎与M3-STATE修正；日主承载、印比支持只修正自主与执行，不直接等于有无边界。,不限定；夫妻星仅在入宫或形成角色、责任边界时参与接口，不作为BOUND唯一主轴。,由M3-BASE、日支主气及宫位动态提供。,无／待BOUND路径规则组合,日柱与日支近位优先；全局有效独立信号可作次通道。,由共享基础引擎判定,由共享基础引擎判定,喜忌不直接等于边界好坏；只修正调用顺畅度、资源压力和状态切换。,原十神性质有效；真合化成立时按化神所属功能系统重建。,由共享基础引擎判定,75,空间／自主候选 +6,autonomy_pattern,需要让身体、情绪和生活节奏保持舒服；空间不一定很多，但不喜欢持续被催促。,需要让身体、情绪和生活节奏保持舒服；空间不一定很多，但不喜欢持续被催促。,不得由本规则直接推出回避亲密、依赖失控、控制欲、冷漠、自私、关系破裂、分手离婚、人格或依恋类型；不得把某种边界方式等同于爱得更多或更少。,中,待验证,,provisional=true; rule_group=CHANNEL_BD03_SPACE,0.5
M3-BOUND-038,食神需求表达｜BD03怎样说明需要,L1 十神边界通道,BOUND-十神通道,通用,需求表达,食神,,食神BOUND功能有效，基础十神性质可靠，未被真合化替换。,基础信号未定；真合化后原信号已失效；只有单一弱远争议信号；或该结论会越界到M4风险、M5适配。,由共享基础引擎与M3-STATE修正；日主承载、印比支持只修正自主与执行，不直接等于有无边界。,不限定；夫妻星仅在入宫或形成角色、责任边界时参与接口，不作为BOUND唯一主轴。,由M3-BASE、日支主气及宫位动态提供。,无／待BOUND路径规则组合,日柱与日支近位优先；全局有效独立信号可作次通道。,由共享基础引擎判定,由共享基础引擎判定,喜忌不直接等于边界好坏；只修正调用顺畅度、资源压力和状态切换。,原十神性质有效；真合化成立时按化神所属功能系统重建。,由共享基础引擎判定,74,需求表达候选 +4,need_expression,需求往往以温和铺垫、生活感受或希望相处更舒服的方式表达。,需求往往以温和铺垫、生活感受或希望相处更舒服的方式表达。,不得由本规则直接推出回避亲密、依赖失控、控制欲、冷漠、自私、关系破裂、分手离婚、人格或依恋类型；不得把某种边界方式等同于爱得更多或更少。,中,待验证,,provisional=true; rule_group=CHANNEL_BD03_NEED,0.5
M3-BOUND-039,食神拒绝与暂停｜BD03怎样设限,L1 十神边界通道,BOUND-十神通道,通用,拒绝／暂停,食神,,食神BOUND功能有效，基础十神性质可靠，未被真合化替换。,基础信号未定；真合化后原信号已失效；只有单一弱远争议信号；或该结论会越界到M4风险、M5适配。,由共享基础引擎与M3-STATE修正；日主承载、印比支持只修正自主与执行，不直接等于有无边界。,不限定；夫妻星仅在入宫或形成角色、责任边界时参与接口，不作为BOUND唯一主轴。,由M3-BASE、日支主气及宫位动态提供。,无／待BOUND路径规则组合,日柱与日支近位优先；全局有效独立信号可作次通道。,由共享基础引擎判定,由共享基础引擎判定,喜忌不直接等于边界好坏；只修正调用顺畅度、资源压力和状态切换。,原十神性质有效；真合化成立时按化神所属功能系统重建。,由共享基础引擎判定,73,拒绝／暂停候选 +4,refusal_style,不舒服时更可能放慢节奏、减少刺激、请求缓冲，而不是立刻把关系定义为拒绝。,不舒服时更可能放慢节奏、减少刺激、请求缓冲，而不是立刻把关系定义为拒绝。,不得由本规则直接推出回避亲密、依赖失控、控制欲、冷漠、自私、关系破裂、分手离婚、人格或依恋类型；不得把某种边界方式等同于爱得更多或更少。,中,待验证,,provisional=true; rule_group=CHANNEL_BD03_REFUSAL,0.5
M3-BOUND-040,食神接受照顾｜BD03依托边界,L1 十神边界通道,BOUND-十神通道,通用,接受支持,食神,,食神BOUND功能有效，基础十神性质可靠，未被真合化替换。,基础信号未定；真合化后原信号已失效；只有单一弱远争议信号；或该结论会越界到M4风险、M5适配。,由共享基础引擎与M3-STATE修正；日主承载、印比支持只修正自主与执行，不直接等于有无边界。,不限定；夫妻星仅在入宫或形成角色、责任边界时参与接口，不作为BOUND唯一主轴。,由M3-BASE、日支主气及宫位动态提供。,无／待BOUND路径规则组合,日柱与日支近位优先；全局有效独立信号可作次通道。,由共享基础引擎判定,由共享基础引擎判定,喜忌不直接等于边界好坏；只修正调用顺畅度、资源压力和状态切换。,原十神性质有效；真合化成立时按化神所属功能系统重建。,由共享基础引擎判定,72,接受照顾候选 +4,support_acceptance_boundary,更容易接受温和、耐心、不催促、能照顾身心状态的支持。,更容易接受温和、耐心、不催促、能照顾身心状态的支持。,不得由本规则直接推出回避亲密、依赖失控、控制欲、冷漠、自私、关系破裂、分手离婚、人格或依恋类型；不得把某种边界方式等同于爱得更多或更少。,中,待验证,,provisional=true; rule_group=CHANNEL_BD03_RECEIVE,0.5
M3-BOUND-041,食神禁止误读｜BD03边界,L1 十神边界通道,BOUND-十神通道,通用,禁止推断,食神,,食神BOUND功能有效，基础十神性质可靠，未被真合化替换。,基础信号未定；真合化后原信号已失效；只有单一弱远争议信号；或该结论会越界到M4风险、M5适配。,由共享基础引擎与M3-STATE修正；日主承载、印比支持只修正自主与执行，不直接等于有无边界。,不限定；夫妻星仅在入宫或形成角色、责任边界时参与接口，不作为BOUND唯一主轴。,由M3-BASE、日支主气及宫位动态提供。,无／待BOUND路径规则组合,日柱与日支近位优先；全局有效独立信号可作次通道。,由共享基础引擎判定,由共享基础引擎判定,喜忌不直接等于边界好坏；只修正调用顺畅度、资源压力和状态切换。,原十神性质有效；真合化成立时按化神所属功能系统重建。,由共享基础引擎判定,96,不加分；边界检查,boundary_note,该通道只说明关系中的边界功能，不等于人格、风险或感情结果。,这里描述的是你可能更常使用的边界方式，不代表你只能这样相处，也不代表其他方式一定缺失。,不得推出用户讨好、没有原则、怕冲突、依赖舒适区、拒绝成长或永远情绪稳定。,高,待验证,,provisional=true; rule_group=CHANNEL_BD03_BAN,0.5
M3-BOUND-042,伤官BOUND通道｜BD04 清楚协商,L1 十神边界通道,BOUND-十神通道,通用,基础通道,伤官,,伤官BOUND功能有效，基础十神性质可靠，未被真合化替换。,基础信号未定；真合化后原信号已失效；只有单一弱远争议信号；或该结论会越界到M4风险、M5适配。,由共享基础引擎与M3-STATE修正；日主承载、印比支持只修正自主与执行，不直接等于有无边界。,不限定；夫妻星仅在入宫或形成角色、责任边界时参与接口，不作为BOUND唯一主轴。,由M3-BASE、日支主气及宫位动态提供。,无／待BOUND路径规则组合,日柱与日支近位优先；全局有效独立信号可作次通道。,由共享基础引擎判定,由共享基础引擎判定,喜忌不直接等于边界好坏；只修正调用顺畅度、资源压力和状态切换。,原十神性质有效；真合化成立时按化神所属功能系统重建。,由共享基础引擎判定,88,主BOUND候选 +18,primary_boundary_channel,伤官属于SYS02 表达交流系统，在BOUND中主要负责：通过把需求、观点、权限和不舒服说清楚来建立边界，重视理解和可讨论性。,你更容易通过“清楚协商”安排亲密与自主。通过把需求、观点、权限和不舒服说清楚来建立边界，重视理解和可讨论性。,不得由本规则直接推出回避亲密、依赖失控、控制欲、冷漠、自私、关系破裂、分手离婚、人格或依恋类型；不得把某种边界方式等同于爱得更多或更少。,中高,待验证,,provisional=true; rule_group=CHANNEL_BD04_BASE,0.5
M3-BOUND-043,伤官靠近方式｜BD04关系启动,L1 十神边界通道,BOUND-十神通道,通用,靠近方式,伤官,,伤官BOUND功能有效，基础十神性质可靠，未被真合化替换。,基础信号未定；真合化后原信号已失效；只有单一弱远争议信号；或该结论会越界到M4风险、M5适配。,由共享基础引擎与M3-STATE修正；日主承载、印比支持只修正自主与执行，不直接等于有无边界。,不限定；夫妻星仅在入宫或形成角色、责任边界时参与接口，不作为BOUND唯一主轴。,由M3-BASE、日支主气及宫位动态提供。,无／待BOUND路径规则组合,日柱与日支近位优先；全局有效独立信号可作次通道。,由共享基础引擎判定,由共享基础引擎判定,喜忌不直接等于边界好坏；只修正调用顺畅度、资源压力和状态切换。,原十神性质有效；真合化成立时按化神所属功能系统重建。,由共享基础引擎判定,76,靠近节奏候选 +6,closeness_rhythm,更容易因深度交流、思想理解和能说真话而拉近距离。,更容易因深度交流、思想理解和能说真话而拉近距离。,不得由本规则直接推出回避亲密、依赖失控、控制欲、冷漠、自私、关系破裂、分手离婚、人格或依恋类型；不得把某种边界方式等同于爱得更多或更少。,中,待验证,,provisional=true; rule_group=CHANNEL_BD04_APPROACH,0.5
M3-BOUND-044,伤官空间与自主｜BD04权限安排,L1 十神边界通道,BOUND-十神通道,通用,空间与自主,伤官,,伤官BOUND功能有效，基础十神性质可靠，未被真合化替换。,基础信号未定；真合化后原信号已失效；只有单一弱远争议信号；或该结论会越界到M4风险、M5适配。,由共享基础引擎与M3-STATE修正；日主承载、印比支持只修正自主与执行，不直接等于有无边界。,不限定；夫妻星仅在入宫或形成角色、责任边界时参与接口，不作为BOUND唯一主轴。,由M3-BASE、日支主气及宫位动态提供。,无／待BOUND路径规则组合,日柱与日支近位优先；全局有效独立信号可作次通道。,由共享基础引擎判定,由共享基础引擎判定,喜忌不直接等于边界好坏；只修正调用顺畅度、资源压力和状态切换。,原十神性质有效；真合化成立时按化神所属功能系统重建。,由共享基础引擎判定,75,空间／自主候选 +6,autonomy_pattern,空间需求常通过说明理由、解释卡点和讨论规则来呈现，不只靠沉默拉开距离。,空间需求常通过说明理由、解释卡点和讨论规则来呈现，不只靠沉默拉开距离。,不得由本规则直接推出回避亲密、依赖失控、控制欲、冷漠、自私、关系破裂、分手离婚、人格或依恋类型；不得把某种边界方式等同于爱得更多或更少。,中,待验证,,provisional=true; rule_group=CHANNEL_BD04_SPACE,0.5
M3-BOUND-045,伤官需求表达｜BD04怎样说明需要,L1 十神边界通道,BOUND-十神通道,通用,需求表达,伤官,,伤官BOUND功能有效，基础十神性质可靠，未被真合化替换。,基础信号未定；真合化后原信号已失效；只有单一弱远争议信号；或该结论会越界到M4风险、M5适配。,由共享基础引擎与M3-STATE修正；日主承载、印比支持只修正自主与执行，不直接等于有无边界。,不限定；夫妻星仅在入宫或形成角色、责任边界时参与接口，不作为BOUND唯一主轴。,由M3-BASE、日支主气及宫位动态提供。,无／待BOUND路径规则组合,日柱与日支近位优先；全局有效独立信号可作次通道。,由共享基础引擎判定,由共享基础引擎判定,喜忌不直接等于边界好坏；只修正调用顺畅度、资源压力和状态切换。,原十神性质有效；真合化成立时按化神所属功能系统重建。,由共享基础引擎判定,74,需求表达候选 +4,need_expression,更倾向把需求、逻辑、背景和希望对方怎样回应说得具体。,更倾向把需求、逻辑、背景和希望对方怎样回应说得具体。,不得由本规则直接推出回避亲密、依赖失控、控制欲、冷漠、自私、关系破裂、分手离婚、人格或依恋类型；不得把某种边界方式等同于爱得更多或更少。,中,待验证,,provisional=true; rule_group=CHANNEL_BD04_NEED,0.5
M3-BOUND-046,伤官拒绝与暂停｜BD04怎样设限,L1 十神边界通道,BOUND-十神通道,通用,拒绝／暂停,伤官,,伤官BOUND功能有效，基础十神性质可靠，未被真合化替换。,基础信号未定；真合化后原信号已失效；只有单一弱远争议信号；或该结论会越界到M4风险、M5适配。,由共享基础引擎与M3-STATE修正；日主承载、印比支持只修正自主与执行，不直接等于有无边界。,不限定；夫妻星仅在入宫或形成角色、责任边界时参与接口，不作为BOUND唯一主轴。,由M3-BASE、日支主气及宫位动态提供。,无／待BOUND路径规则组合,日柱与日支近位优先；全局有效独立信号可作次通道。,由共享基础引擎判定,由共享基础引擎判定,喜忌不直接等于边界好坏；只修正调用顺畅度、资源压力和状态切换。,原十神性质有效；真合化成立时按化神所属功能系统重建。,由共享基础引擎判定,73,拒绝／暂停候选 +4,refusal_style,拒绝时更容易解释原因、指出不一致，并提出替代方案或重新商量。,拒绝时更容易解释原因、指出不一致，并提出替代方案或重新商量。,不得由本规则直接推出回避亲密、依赖失控、控制欲、冷漠、自私、关系破裂、分手离婚、人格或依恋类型；不得把某种边界方式等同于爱得更多或更少。,中,待验证,,provisional=true; rule_group=CHANNEL_BD04_REFUSAL,0.5
M3-BOUND-047,伤官接受照顾｜BD04依托边界,L1 十神边界通道,BOUND-十神通道,通用,接受支持,伤官,,伤官BOUND功能有效，基础十神性质可靠，未被真合化替换。,基础信号未定；真合化后原信号已失效；只有单一弱远争议信号；或该结论会越界到M4风险、M5适配。,由共享基础引擎与M3-STATE修正；日主承载、印比支持只修正自主与执行，不直接等于有无边界。,不限定；夫妻星仅在入宫或形成角色、责任边界时参与接口，不作为BOUND唯一主轴。,由M3-BASE、日支主气及宫位动态提供。,无／待BOUND路径规则组合,日柱与日支近位优先；全局有效独立信号可作次通道。,由共享基础引擎判定,由共享基础引擎判定,喜忌不直接等于边界好坏；只修正调用顺畅度、资源压力和状态切换。,原十神性质有效；真合化成立时按化神所属功能系统重建。,由共享基础引擎判定,72,接受照顾候选 +4,support_acceptance_boundary,更容易接受能回应具体问题、允许提问、尊重观点和可验证的照顾。,更容易接受能回应具体问题、允许提问、尊重观点和可验证的照顾。,不得由本规则直接推出回避亲密、依赖失控、控制欲、冷漠、自私、关系破裂、分手离婚、人格或依恋类型；不得把某种边界方式等同于爱得更多或更少。,中,待验证,,provisional=true; rule_group=CHANNEL_BD04_RECEIVE,0.5
M3-BOUND-048,伤官禁止误读｜BD04边界,L1 十神边界通道,BOUND-十神通道,通用,禁止推断,伤官,,伤官BOUND功能有效，基础十神性质可靠，未被真合化替换。,基础信号未定；真合化后原信号已失效；只有单一弱远争议信号；或该结论会越界到M4风险、M5适配。,由共享基础引擎与M3-STATE修正；日主承载、印比支持只修正自主与执行，不直接等于有无边界。,不限定；夫妻星仅在入宫或形成角色、责任边界时参与接口，不作为BOUND唯一主轴。,由M3-BASE、日支主气及宫位动态提供。,无／待BOUND路径规则组合,日柱与日支近位优先；全局有效独立信号可作次通道。,由共享基础引擎判定,由共享基础引擎判定,喜忌不直接等于边界好坏；只修正调用顺畅度、资源压力和状态切换。,原十神性质有效；真合化成立时按化神所属功能系统重建。,由共享基础引擎判定,96,不加分；边界检查,boundary_note,该通道只说明关系中的边界功能，不等于人格、风险或感情结果。,这里描述的是你可能更常使用的边界方式，不代表你只能这样相处，也不代表其他方式一定缺失。,不得推出用户爱批评、说话伤人、难相处、凡事争辩、缺少情绪价值或一定反权威。,高,待验证,,provisional=true; rule_group=CHANNEL_BD04_BAN,0.5
M3-BOUND-049,正财BOUND通道｜BD05 稳定共享,L1 十神边界通道,BOUND-十神通道,通用,基础通道,正财,,正财BOUND功能有效，基础十神性质可靠，未被真合化替换。,基础信号未定；真合化后原信号已失效；只有单一弱远争议信号；或该结论会越界到M4风险、M5适配。,由共享基础引擎与M3-STATE修正；日主承载、印比支持只修正自主与执行，不直接等于有无边界。,不限定；夫妻星仅在入宫或形成角色、责任边界时参与接口，不作为BOUND唯一主轴。,由M3-BASE、日支主气及宫位动态提供。,无／待BOUND路径规则组合,日柱与日支近位优先；全局有效独立信号可作次通道。,由共享基础引擎判定,由共享基础引擎判定,喜忌不直接等于边界好坏；只修正调用顺畅度、资源压力和状态切换。,原十神性质有效；真合化成立时按化神所属功能系统重建。,由共享基础引擎判定,88,主BOUND候选 +18,primary_boundary_channel,正财属于SYS03 投入经营系统，在BOUND中主要负责：通过稳定共享时间、生活安排和现实资源建立边界，重视可预期、可落实和分工清楚。,你更容易通过“稳定共享”安排亲密与自主。通过稳定共享时间、生活安排和现实资源建立边界，重视可预期、可落实和分工清楚。,不得由本规则直接推出回避亲密、依赖失控、控制欲、冷漠、自私、关系破裂、分手离婚、人格或依恋类型；不得把某种边界方式等同于爱得更多或更少。,中高,待验证,,provisional=true; rule_group=CHANNEL_BD05_BASE,0.5
M3-BOUND-050,正财靠近方式｜BD05关系启动,L1 十神边界通道,BOUND-十神通道,通用,靠近方式,正财,,正财BOUND功能有效，基础十神性质可靠，未被真合化替换。,基础信号未定；真合化后原信号已失效；只有单一弱远争议信号；或该结论会越界到M4风险、M5适配。,由共享基础引擎与M3-STATE修正；日主承载、印比支持只修正自主与执行，不直接等于有无边界。,不限定；夫妻星仅在入宫或形成角色、责任边界时参与接口，不作为BOUND唯一主轴。,由M3-BASE、日支主气及宫位动态提供。,无／待BOUND路径规则组合,日柱与日支近位优先；全局有效独立信号可作次通道。,由共享基础引擎判定,由共享基础引擎判定,喜忌不直接等于边界好坏；只修正调用顺畅度、资源压力和状态切换。,原十神性质有效；真合化成立时按化神所属功能系统重建。,由共享基础引擎判定,76,靠近节奏候选 +6,closeness_rhythm,更容易在持续出现、日常安排和现实生活逐步融合中确认亲密。,更容易在持续出现、日常安排和现实生活逐步融合中确认亲密。,不得由本规则直接推出回避亲密、依赖失控、控制欲、冷漠、自私、关系破裂、分手离婚、人格或依恋类型；不得把某种边界方式等同于爱得更多或更少。,中,待验证,,provisional=true; rule_group=CHANNEL_BD05_APPROACH,0.5
M3-BOUND-051,正财空间与自主｜BD05权限安排,L1 十神边界通道,BOUND-十神通道,通用,空间与自主,正财,,正财BOUND功能有效，基础十神性质可靠，未被真合化替换。,基础信号未定；真合化后原信号已失效；只有单一弱远争议信号；或该结论会越界到M4风险、M5适配。,由共享基础引擎与M3-STATE修正；日主承载、印比支持只修正自主与执行，不直接等于有无边界。,不限定；夫妻星仅在入宫或形成角色、责任边界时参与接口，不作为BOUND唯一主轴。,由M3-BASE、日支主气及宫位动态提供。,无／待BOUND路径规则组合,日柱与日支近位优先；全局有效独立信号可作次通道。,由共享基础引擎判定,由共享基础引擎判定,喜忌不直接等于边界好坏；只修正调用顺畅度、资源压力和状态切换。,原十神性质有效；真合化成立时按化神所属功能系统重建。,由共享基础引擎判定,75,空间／自主候选 +6,autonomy_pattern,个人与共同空间常通过时间表、预算、事务分工和生活习惯来划分。,个人与共同空间常通过时间表、预算、事务分工和生活习惯来划分。,不得由本规则直接推出回避亲密、依赖失控、控制欲、冷漠、自私、关系破裂、分手离婚、人格或依恋类型；不得把某种边界方式等同于爱得更多或更少。,中,待验证,,provisional=true; rule_group=CHANNEL_BD05_SPACE,0.5
M3-BOUND-052,正财需求表达｜BD05怎样说明需要,L1 十神边界通道,BOUND-十神通道,通用,需求表达,正财,,正财BOUND功能有效，基础十神性质可靠，未被真合化替换。,基础信号未定；真合化后原信号已失效；只有单一弱远争议信号；或该结论会越界到M4风险、M5适配。,由共享基础引擎与M3-STATE修正；日主承载、印比支持只修正自主与执行，不直接等于有无边界。,不限定；夫妻星仅在入宫或形成角色、责任边界时参与接口，不作为BOUND唯一主轴。,由M3-BASE、日支主气及宫位动态提供。,无／待BOUND路径规则组合,日柱与日支近位优先；全局有效独立信号可作次通道。,由共享基础引擎判定,由共享基础引擎判定,喜忌不直接等于边界好坏；只修正调用顺畅度、资源压力和状态切换。,原十神性质有效；真合化成立时按化神所属功能系统重建。,由共享基础引擎判定,74,需求表达候选 +4,need_expression,需求更容易被表达成具体时间、资源、生活事项和可执行安排。,需求更容易被表达成具体时间、资源、生活事项和可执行安排。,不得由本规则直接推出回避亲密、依赖失控、控制欲、冷漠、自私、关系破裂、分手离婚、人格或依恋类型；不得把某种边界方式等同于爱得更多或更少。,中,待验证,,provisional=true; rule_group=CHANNEL_BD05_NEED,0.5
M3-BOUND-053,正财拒绝与暂停｜BD05怎样设限,L1 十神边界通道,BOUND-十神通道,通用,拒绝／暂停,正财,,正财BOUND功能有效，基础十神性质可靠，未被真合化替换。,基础信号未定；真合化后原信号已失效；只有单一弱远争议信号；或该结论会越界到M4风险、M5适配。,由共享基础引擎与M3-STATE修正；日主承载、印比支持只修正自主与执行，不直接等于有无边界。,不限定；夫妻星仅在入宫或形成角色、责任边界时参与接口，不作为BOUND唯一主轴。,由M3-BASE、日支主气及宫位动态提供。,无／待BOUND路径规则组合,日柱与日支近位优先；全局有效独立信号可作次通道。,由共享基础引擎判定,由共享基础引擎判定,喜忌不直接等于边界好坏；只修正调用顺畅度、资源压力和状态切换。,原十神性质有效；真合化成立时按化神所属功能系统重建。,由共享基础引擎判定,73,拒绝／暂停候选 +4,refusal_style,拒绝或调整常基于资源不足、时间冲突、现实责任或原有安排。,拒绝或调整常基于资源不足、时间冲突、现实责任或原有安排。,不得由本规则直接推出回避亲密、依赖失控、控制欲、冷漠、自私、关系破裂、分手离婚、人格或依恋类型；不得把某种边界方式等同于爱得更多或更少。,中,待验证,,provisional=true; rule_group=CHANNEL_BD05_REFUSAL,0.5
M3-BOUND-054,正财接受照顾｜BD05依托边界,L1 十神边界通道,BOUND-十神通道,通用,接受支持,正财,,正财BOUND功能有效，基础十神性质可靠，未被真合化替换。,基础信号未定；真合化后原信号已失效；只有单一弱远争议信号；或该结论会越界到M4风险、M5适配。,由共享基础引擎与M3-STATE修正；日主承载、印比支持只修正自主与执行，不直接等于有无边界。,不限定；夫妻星仅在入宫或形成角色、责任边界时参与接口，不作为BOUND唯一主轴。,由M3-BASE、日支主气及宫位动态提供。,无／待BOUND路径规则组合,日柱与日支近位优先；全局有效独立信号可作次通道。,由共享基础引擎判定,由共享基础引擎判定,喜忌不直接等于边界好坏；只修正调用顺畅度、资源压力和状态切换。,原十神性质有效；真合化成立时按化神所属功能系统重建。,由共享基础引擎判定,72,接受照顾候选 +4,support_acceptance_boundary,更容易接受持续、可靠、落实到日常并尊重共同安排的照顾。,更容易接受持续、可靠、落实到日常并尊重共同安排的照顾。,不得由本规则直接推出回避亲密、依赖失控、控制欲、冷漠、自私、关系破裂、分手离婚、人格或依恋类型；不得把某种边界方式等同于爱得更多或更少。,中,待验证,,provisional=true; rule_group=CHANNEL_BD05_RECEIVE,0.5
M3-BOUND-055,正财禁止误读｜BD05边界,L1 十神边界通道,BOUND-十神通道,通用,禁止推断,正财,,正财BOUND功能有效，基础十神性质可靠，未被真合化替换。,基础信号未定；真合化后原信号已失效；只有单一弱远争议信号；或该结论会越界到M4风险、M5适配。,由共享基础引擎与M3-STATE修正；日主承载、印比支持只修正自主与执行，不直接等于有无边界。,不限定；夫妻星仅在入宫或形成角色、责任边界时参与接口，不作为BOUND唯一主轴。,由M3-BASE、日支主气及宫位动态提供。,无／待BOUND路径规则组合,日柱与日支近位优先；全局有效独立信号可作次通道。,由共享基础引擎判定,由共享基础引擎判定,喜忌不直接等于边界好坏；只修正调用顺畅度、资源压力和状态切换。,原十神性质有效；真合化成立时按化神所属功能系统重建。,由共享基础引擎判定,96,不加分；边界检查,boundary_note,该通道只说明关系中的边界功能，不等于人格、风险或感情结果。,这里描述的是你可能更常使用的边界方式，不代表你只能这样相处，也不代表其他方式一定缺失。,不得推出用户功利、只看金钱、缺乏浪漫、严格算账、一定同居或一定承担家务。,高,待验证,,provisional=true; rule_group=CHANNEL_BD05_BAN,0.5
M3-BOUND-056,偏财BOUND通道｜BD06 弹性共享,L1 十神边界通道,BOUND-十神通道,通用,基础通道,偏财,,偏财BOUND功能有效，基础十神性质可靠，未被真合化替换。,基础信号未定；真合化后原信号已失效；只有单一弱远争议信号；或该结论会越界到M4风险、M5适配。,由共享基础引擎与M3-STATE修正；日主承载、印比支持只修正自主与执行，不直接等于有无边界。,不限定；夫妻星仅在入宫或形成角色、责任边界时参与接口，不作为BOUND唯一主轴。,由M3-BASE、日支主气及宫位动态提供。,无／待BOUND路径规则组合,日柱与日支近位优先；全局有效独立信号可作次通道。,由共享基础引擎判定,由共享基础引擎判定,喜忌不直接等于边界好坏；只修正调用顺畅度、资源压力和状态切换。,原十神性质有效；真合化成立时按化神所属功能系统重建。,由共享基础引擎判定,88,主BOUND候选 +18,primary_boundary_channel,偏财属于SYS03 投入经营系统，在BOUND中主要负责：通过灵活分配时间、资源、体验和社交空间维持亲密，边界会随现实和互动调整。,你更容易通过“弹性共享”安排亲密与自主。通过灵活分配时间、资源、体验和社交空间维持亲密，边界会随现实和互动调整。,不得由本规则直接推出回避亲密、依赖失控、控制欲、冷漠、自私、关系破裂、分手离婚、人格或依恋类型；不得把某种边界方式等同于爱得更多或更少。,中高,待验证,,provisional=true; rule_group=CHANNEL_BD06_BASE,0.5
M3-BOUND-057,偏财靠近方式｜BD06关系启动,L1 十神边界通道,BOUND-十神通道,通用,靠近方式,偏财,,偏财BOUND功能有效，基础十神性质可靠，未被真合化替换。,基础信号未定；真合化后原信号已失效；只有单一弱远争议信号；或该结论会越界到M4风险、M5适配。,由共享基础引擎与M3-STATE修正；日主承载、印比支持只修正自主与执行，不直接等于有无边界。,不限定；夫妻星仅在入宫或形成角色、责任边界时参与接口，不作为BOUND唯一主轴。,由M3-BASE、日支主气及宫位动态提供。,无／待BOUND路径规则组合,日柱与日支近位优先；全局有效独立信号可作次通道。,由共享基础引擎判定,由共享基础引擎判定,喜忌不直接等于边界好坏；只修正调用顺畅度、资源压力和状态切换。,原十神性质有效；真合化成立时按化神所属功能系统重建。,由共享基础引擎判定,76,靠近节奏候选 +6,closeness_rhythm,更容易在有趣互动、共同体验和即时回应中迅速增加熟悉感。,更容易在有趣互动、共同体验和即时回应中迅速增加熟悉感。,不得由本规则直接推出回避亲密、依赖失控、控制欲、冷漠、自私、关系破裂、分手离婚、人格或依恋类型；不得把某种边界方式等同于爱得更多或更少。,中,待验证,,provisional=true; rule_group=CHANNEL_BD06_APPROACH,0.5
M3-BOUND-058,偏财空间与自主｜BD06权限安排,L1 十神边界通道,BOUND-十神通道,通用,空间与自主,偏财,,偏财BOUND功能有效，基础十神性质可靠，未被真合化替换。,基础信号未定；真合化后原信号已失效；只有单一弱远争议信号；或该结论会越界到M4风险、M5适配。,由共享基础引擎与M3-STATE修正；日主承载、印比支持只修正自主与执行，不直接等于有无边界。,不限定；夫妻星仅在入宫或形成角色、责任边界时参与接口，不作为BOUND唯一主轴。,由M3-BASE、日支主气及宫位动态提供。,无／待BOUND路径规则组合,日柱与日支近位优先；全局有效独立信号可作次通道。,由共享基础引擎判定,由共享基础引擎判定,喜忌不直接等于边界好坏；只修正调用顺畅度、资源压力和状态切换。,原十神性质有效；真合化成立时按化神所属功能系统重建。,由共享基础引擎判定,75,空间／自主候选 +6,autonomy_pattern,共享范围较有弹性，可能在不同场景切换个人、伴侣与社交空间。,共享范围较有弹性，可能在不同场景切换个人、伴侣与社交空间。,不得由本规则直接推出回避亲密、依赖失控、控制欲、冷漠、自私、关系破裂、分手离婚、人格或依恋类型；不得把某种边界方式等同于爱得更多或更少。,中,待验证,,provisional=true; rule_group=CHANNEL_BD06_SPACE,0.5
M3-BOUND-059,偏财需求表达｜BD06怎样说明需要,L1 十神边界通道,BOUND-十神通道,通用,需求表达,偏财,,偏财BOUND功能有效，基础十神性质可靠，未被真合化替换。,基础信号未定；真合化后原信号已失效；只有单一弱远争议信号；或该结论会越界到M4风险、M5适配。,由共享基础引擎与M3-STATE修正；日主承载、印比支持只修正自主与执行，不直接等于有无边界。,不限定；夫妻星仅在入宫或形成角色、责任边界时参与接口，不作为BOUND唯一主轴。,由M3-BASE、日支主气及宫位动态提供。,无／待BOUND路径规则组合,日柱与日支近位优先；全局有效独立信号可作次通道。,由共享基础引擎判定,由共享基础引擎判定,喜忌不直接等于边界好坏；只修正调用顺畅度、资源压力和状态切换。,原十神性质有效；真合化成立时按化神所属功能系统重建。,由共享基础引擎判定,74,需求表达候选 +4,need_expression,需求常以当下机会、体验、资源和灵活安排的形式提出。,需求常以当下机会、体验、资源和灵活安排的形式提出。,不得由本规则直接推出回避亲密、依赖失控、控制欲、冷漠、自私、关系破裂、分手离婚、人格或依恋类型；不得把某种边界方式等同于爱得更多或更少。,中,待验证,,provisional=true; rule_group=CHANNEL_BD06_NEED,0.5
M3-BOUND-060,偏财拒绝与暂停｜BD06怎样设限,L1 十神边界通道,BOUND-十神通道,通用,拒绝／暂停,偏财,,偏财BOUND功能有效，基础十神性质可靠，未被真合化替换。,基础信号未定；真合化后原信号已失效；只有单一弱远争议信号；或该结论会越界到M4风险、M5适配。,由共享基础引擎与M3-STATE修正；日主承载、印比支持只修正自主与执行，不直接等于有无边界。,不限定；夫妻星仅在入宫或形成角色、责任边界时参与接口，不作为BOUND唯一主轴。,由M3-BASE、日支主气及宫位动态提供。,无／待BOUND路径规则组合,日柱与日支近位优先；全局有效独立信号可作次通道。,由共享基础引擎判定,由共享基础引擎判定,喜忌不直接等于边界好坏；只修正调用顺畅度、资源压力和状态切换。,原十神性质有效；真合化成立时按化神所属功能系统重建。,由共享基础引擎判定,73,拒绝／暂停候选 +4,refusal_style,不合适时更倾向调整时间、方式、场景或资源，而不是永远固定一种安排。,不合适时更倾向调整时间、方式、场景或资源，而不是永远固定一种安排。,不得由本规则直接推出回避亲密、依赖失控、控制欲、冷漠、自私、关系破裂、分手离婚、人格或依恋类型；不得把某种边界方式等同于爱得更多或更少。,中,待验证,,provisional=true; rule_group=CHANNEL_BD06_REFUSAL,0.5
M3-BOUND-061,偏财接受照顾｜BD06依托边界,L1 十神边界通道,BOUND-十神通道,通用,接受支持,偏财,,偏财BOUND功能有效，基础十神性质可靠，未被真合化替换。,基础信号未定；真合化后原信号已失效；只有单一弱远争议信号；或该结论会越界到M4风险、M5适配。,由共享基础引擎与M3-STATE修正；日主承载、印比支持只修正自主与执行，不直接等于有无边界。,不限定；夫妻星仅在入宫或形成角色、责任边界时参与接口，不作为BOUND唯一主轴。,由M3-BASE、日支主气及宫位动态提供。,无／待BOUND路径规则组合,日柱与日支近位优先；全局有效独立信号可作次通道。,由共享基础引擎判定,由共享基础引擎判定,喜忌不直接等于边界好坏；只修正调用顺畅度、资源压力和状态切换。,原十神性质有效；真合化成立时按化神所属功能系统重建。,由共享基础引擎判定,72,接受照顾候选 +4,support_acceptance_boundary,更容易接受灵活、及时、有实际便利并不过度绑定的支持。,更容易接受灵活、及时、有实际便利并不过度绑定的支持。,不得由本规则直接推出回避亲密、依赖失控、控制欲、冷漠、自私、关系破裂、分手离婚、人格或依恋类型；不得把某种边界方式等同于爱得更多或更少。,中,待验证,,provisional=true; rule_group=CHANNEL_BD06_RECEIVE,0.5
M3-BOUND-062,偏财禁止误读｜BD06边界,L1 十神边界通道,BOUND-十神通道,通用,禁止推断,偏财,,偏财BOUND功能有效，基础十神性质可靠，未被真合化替换。,基础信号未定；真合化后原信号已失效；只有单一弱远争议信号；或该结论会越界到M4风险、M5适配。,由共享基础引擎与M3-STATE修正；日主承载、印比支持只修正自主与执行，不直接等于有无边界。,不限定；夫妻星仅在入宫或形成角色、责任边界时参与接口，不作为BOUND唯一主轴。,由M3-BASE、日支主气及宫位动态提供。,无／待BOUND路径规则组合,日柱与日支近位优先；全局有效独立信号可作次通道。,由共享基础引擎判定,由共享基础引擎判定,喜忌不直接等于边界好坏；只修正调用顺畅度、资源压力和状态切换。,原十神性质有效；真合化成立时按化神所属功能系统重建。,由共享基础引擎判定,96,不加分；边界检查,boundary_note,该通道只说明关系中的边界功能，不等于人格、风险或感情结果。,这里描述的是你可能更常使用的边界方式，不代表你只能这样相处，也不代表其他方式一定缺失。,不得推出用户花心、没有原则、边界开放、爱暧昧、挥霍或无法进入稳定关系。,高,待验证,,provisional=true; rule_group=CHANNEL_BD06_BAN,0.5
M3-BOUND-063,正官BOUND通道｜BD07 规则角色,L1 十神边界通道,BOUND-十神通道,通用,基础通道,正官,,正官BOUND功能有效，基础十神性质可靠，未被真合化替换。,基础信号未定；真合化后原信号已失效；只有单一弱远争议信号；或该结论会越界到M4风险、M5适配。,由共享基础引擎与M3-STATE修正；日主承载、印比支持只修正自主与执行，不直接等于有无边界。,不限定；夫妻星仅在入宫或形成角色、责任边界时参与接口，不作为BOUND唯一主轴。,由M3-BASE、日支主气及宫位动态提供。,无／待BOUND路径规则组合,日柱与日支近位优先；全局有效独立信号可作次通道。,由共享基础引擎判定,由共享基础引擎判定,喜忌不直接等于边界好坏；只修正调用顺畅度、资源压力和状态切换。,原十神性质有效；真合化成立时按化神所属功能系统重建。,由共享基础引擎判定,88,主BOUND候选 +18,primary_boundary_channel,正官属于SYS04 责任行动系统，在BOUND中主要负责：通过明确关系角色、责任、承诺和共同规则建立安全边界，重视谁负责什么、怎样兑现。,你更容易通过“规则角色”安排亲密与自主。通过明确关系角色、责任、承诺和共同规则建立安全边界，重视谁负责什么、怎样兑现。,不得由本规则直接推出回避亲密、依赖失控、控制欲、冷漠、自私、关系破裂、分手离婚、人格或依恋类型；不得把某种边界方式等同于爱得更多或更少。,中高,待验证,,provisional=true; rule_group=CHANNEL_BD07_BASE,0.5
M3-BOUND-064,正官靠近方式｜BD07关系启动,L1 十神边界通道,BOUND-十神通道,通用,靠近方式,正官,,正官BOUND功能有效，基础十神性质可靠，未被真合化替换。,基础信号未定；真合化后原信号已失效；只有单一弱远争议信号；或该结论会越界到M4风险、M5适配。,由共享基础引擎与M3-STATE修正；日主承载、印比支持只修正自主与执行，不直接等于有无边界。,不限定；夫妻星仅在入宫或形成角色、责任边界时参与接口，不作为BOUND唯一主轴。,由M3-BASE、日支主气及宫位动态提供。,无／待BOUND路径规则组合,日柱与日支近位优先；全局有效独立信号可作次通道。,由共享基础引擎判定,由共享基础引擎判定,喜忌不直接等于边界好坏；只修正调用顺畅度、资源压力和状态切换。,原十神性质有效；真合化成立时按化神所属功能系统重建。,由共享基础引擎判定,76,靠近节奏候选 +6,closeness_rhythm,当关系定位、责任和彼此态度较清楚时，更容易安心靠近。,当关系定位、责任和彼此态度较清楚时，更容易安心靠近。,不得由本规则直接推出回避亲密、依赖失控、控制欲、冷漠、自私、关系破裂、分手离婚、人格或依恋类型；不得把某种边界方式等同于爱得更多或更少。,中,待验证,,provisional=true; rule_group=CHANNEL_BD07_APPROACH,0.5
M3-BOUND-065,正官空间与自主｜BD07权限安排,L1 十神边界通道,BOUND-十神通道,通用,空间与自主,正官,,正官BOUND功能有效，基础十神性质可靠，未被真合化替换。,基础信号未定；真合化后原信号已失效；只有单一弱远争议信号；或该结论会越界到M4风险、M5适配。,由共享基础引擎与M3-STATE修正；日主承载、印比支持只修正自主与执行，不直接等于有无边界。,不限定；夫妻星仅在入宫或形成角色、责任边界时参与接口，不作为BOUND唯一主轴。,由M3-BASE、日支主气及宫位动态提供。,无／待BOUND路径规则组合,日柱与日支近位优先；全局有效独立信号可作次通道。,由共享基础引擎判定,由共享基础引擎判定,喜忌不直接等于边界好坏；只修正调用顺畅度、资源压力和状态切换。,原十神性质有效；真合化成立时按化神所属功能系统重建。,由共享基础引擎判定,75,空间／自主候选 +6,autonomy_pattern,个人权限和共同事务常通过约定、角色和规则来分配。,个人权限和共同事务常通过约定、角色和规则来分配。,不得由本规则直接推出回避亲密、依赖失控、控制欲、冷漠、自私、关系破裂、分手离婚、人格或依恋类型；不得把某种边界方式等同于爱得更多或更少。,中,待验证,,provisional=true; rule_group=CHANNEL_BD07_SPACE,0.5
M3-BOUND-066,正官需求表达｜BD07怎样说明需要,L1 十神边界通道,BOUND-十神通道,通用,需求表达,正官,,正官BOUND功能有效，基础十神性质可靠，未被真合化替换。,基础信号未定；真合化后原信号已失效；只有单一弱远争议信号；或该结论会越界到M4风险、M5适配。,由共享基础引擎与M3-STATE修正；日主承载、印比支持只修正自主与执行，不直接等于有无边界。,不限定；夫妻星仅在入宫或形成角色、责任边界时参与接口，不作为BOUND唯一主轴。,由M3-BASE、日支主气及宫位动态提供。,无／待BOUND路径规则组合,日柱与日支近位优先；全局有效独立信号可作次通道。,由共享基础引擎判定,由共享基础引擎判定,喜忌不直接等于边界好坏；只修正调用顺畅度、资源压力和状态切换。,原十神性质有效；真合化成立时按化神所属功能系统重建。,由共享基础引擎判定,74,需求表达候选 +4,need_expression,需求更容易以责任、约定、应做事项和双方怎样配合来说明。,需求更容易以责任、约定、应做事项和双方怎样配合来说明。,不得由本规则直接推出回避亲密、依赖失控、控制欲、冷漠、自私、关系破裂、分手离婚、人格或依恋类型；不得把某种边界方式等同于爱得更多或更少。,中,待验证,,provisional=true; rule_group=CHANNEL_BD07_NEED,0.5
M3-BOUND-067,正官拒绝与暂停｜BD07怎样设限,L1 十神边界通道,BOUND-十神通道,通用,拒绝／暂停,正官,,正官BOUND功能有效，基础十神性质可靠，未被真合化替换。,基础信号未定；真合化后原信号已失效；只有单一弱远争议信号；或该结论会越界到M4风险、M5适配。,由共享基础引擎与M3-STATE修正；日主承载、印比支持只修正自主与执行，不直接等于有无边界。,不限定；夫妻星仅在入宫或形成角色、责任边界时参与接口，不作为BOUND唯一主轴。,由M3-BASE、日支主气及宫位动态提供。,无／待BOUND路径规则组合,日柱与日支近位优先；全局有效独立信号可作次通道。,由共享基础引擎判定,由共享基础引擎判定,喜忌不直接等于边界好坏；只修正调用顺畅度、资源压力和状态切换。,原十神性质有效；真合化成立时按化神所属功能系统重建。,由共享基础引擎判定,73,拒绝／暂停候选 +4,refusal_style,越过原则、承诺或角色边界时，更容易明确指出并要求回到约定。,越过原则、承诺或角色边界时，更容易明确指出并要求回到约定。,不得由本规则直接推出回避亲密、依赖失控、控制欲、冷漠、自私、关系破裂、分手离婚、人格或依恋类型；不得把某种边界方式等同于爱得更多或更少。,中,待验证,,provisional=true; rule_group=CHANNEL_BD07_REFUSAL,0.5
M3-BOUND-068,正官接受照顾｜BD07依托边界,L1 十神边界通道,BOUND-十神通道,通用,接受支持,正官,,正官BOUND功能有效，基础十神性质可靠，未被真合化替换。,基础信号未定；真合化后原信号已失效；只有单一弱远争议信号；或该结论会越界到M4风险、M5适配。,由共享基础引擎与M3-STATE修正；日主承载、印比支持只修正自主与执行，不直接等于有无边界。,不限定；夫妻星仅在入宫或形成角色、责任边界时参与接口，不作为BOUND唯一主轴。,由M3-BASE、日支主气及宫位动态提供。,无／待BOUND路径规则组合,日柱与日支近位优先；全局有效独立信号可作次通道。,由共享基础引擎判定,由共享基础引擎判定,喜忌不直接等于边界好坏；只修正调用顺畅度、资源压力和状态切换。,原十神性质有效；真合化成立时按化神所属功能系统重建。,由共享基础引擎判定,72,接受照顾候选 +4,support_acceptance_boundary,更容易接受守约、有交代、尊重规则并愿意承担后果的照顾。,更容易接受守约、有交代、尊重规则并愿意承担后果的照顾。,不得由本规则直接推出回避亲密、依赖失控、控制欲、冷漠、自私、关系破裂、分手离婚、人格或依恋类型；不得把某种边界方式等同于爱得更多或更少。,中,待验证,,provisional=true; rule_group=CHANNEL_BD07_RECEIVE,0.5
M3-BOUND-069,正官禁止误读｜BD07边界,L1 十神边界通道,BOUND-十神通道,通用,禁止推断,正官,,正官BOUND功能有效，基础十神性质可靠，未被真合化替换。,基础信号未定；真合化后原信号已失效；只有单一弱远争议信号；或该结论会越界到M4风险、M5适配。,由共享基础引擎与M3-STATE修正；日主承载、印比支持只修正自主与执行，不直接等于有无边界。,不限定；夫妻星仅在入宫或形成角色、责任边界时参与接口，不作为BOUND唯一主轴。,由M3-BASE、日支主气及宫位动态提供。,无／待BOUND路径规则组合,日柱与日支近位优先；全局有效独立信号可作次通道。,由共享基础引擎判定,由共享基础引擎判定,喜忌不直接等于边界好坏；只修正调用顺畅度、资源压力和状态切换。,原十神性质有效；真合化成立时按化神所属功能系统重建。,由共享基础引擎判定,96,不加分；边界检查,boundary_note,该通道只说明关系中的边界功能，不等于人格、风险或感情结果。,这里描述的是你可能更常使用的边界方式，不代表你只能这样相处，也不代表其他方式一定缺失。,不得推出用户古板、爱管人、权威主义、传统性别角色、缺少感情或关系必然稳定。,高,待验证,,provisional=true; rule_group=CHANNEL_BD07_BAN,0.5
M3-BOUND-070,七杀BOUND通道｜BD08 决断保护,L1 十神边界通道,BOUND-十神通道,通用,基础通道,七杀,,七杀BOUND功能有效，基础十神性质可靠，未被真合化替换。,基础信号未定；真合化后原信号已失效；只有单一弱远争议信号；或该结论会越界到M4风险、M5适配。,由共享基础引擎与M3-STATE修正；日主承载、印比支持只修正自主与执行，不直接等于有无边界。,不限定；夫妻星仅在入宫或形成角色、责任边界时参与接口，不作为BOUND唯一主轴。,由M3-BASE、日支主气及宫位动态提供。,无／待BOUND路径规则组合,日柱与日支近位优先；全局有效独立信号可作次通道。,由共享基础引擎判定,由共享基础引擎判定,喜忌不直接等于边界好坏；只修正调用顺畅度、资源压力和状态切换。,原十神性质有效；真合化成立时按化神所属功能系统重建。,由共享基础引擎判定,88,主BOUND候选 +18,primary_boundary_channel,七杀属于SYS04 责任行动系统，在BOUND中主要负责：通过快速判断、明确止线和关键时刻保护来维护边界，压力下更重视及时有效。,你更容易通过“决断保护”安排亲密与自主。通过快速判断、明确止线和关键时刻保护来维护边界，压力下更重视及时有效。,不得由本规则直接推出回避亲密、依赖失控、控制欲、冷漠、自私、关系破裂、分手离婚、人格或依恋类型；不得把某种边界方式等同于爱得更多或更少。,中高,待验证,,provisional=true; rule_group=CHANNEL_BD08_BASE,0.5
M3-BOUND-071,七杀靠近方式｜BD08关系启动,L1 十神边界通道,BOUND-十神通道,通用,靠近方式,七杀,,七杀BOUND功能有效，基础十神性质可靠，未被真合化替换。,基础信号未定；真合化后原信号已失效；只有单一弱远争议信号；或该结论会越界到M4风险、M5适配。,由共享基础引擎与M3-STATE修正；日主承载、印比支持只修正自主与执行，不直接等于有无边界。,不限定；夫妻星仅在入宫或形成角色、责任边界时参与接口，不作为BOUND唯一主轴。,由M3-BASE、日支主气及宫位动态提供。,无／待BOUND路径规则组合,日柱与日支近位优先；全局有效独立信号可作次通道。,由共享基础引擎判定,由共享基础引擎判定,喜忌不直接等于边界好坏；只修正调用顺畅度、资源压力和状态切换。,原十神性质有效；真合化成立时按化神所属功能系统重建。,由共享基础引擎判定,76,靠近节奏候选 +6,closeness_rhythm,对方行动清楚、能承担并在关键时刻站出来时，更容易建立信任和靠近。,对方行动清楚、能承担并在关键时刻站出来时，更容易建立信任和靠近。,不得由本规则直接推出回避亲密、依赖失控、控制欲、冷漠、自私、关系破裂、分手离婚、人格或依恋类型；不得把某种边界方式等同于爱得更多或更少。,中,待验证,,provisional=true; rule_group=CHANNEL_BD08_APPROACH,0.5
M3-BOUND-072,七杀空间与自主｜BD08权限安排,L1 十神边界通道,BOUND-十神通道,通用,空间与自主,七杀,,七杀BOUND功能有效，基础十神性质可靠，未被真合化替换。,基础信号未定；真合化后原信号已失效；只有单一弱远争议信号；或该结论会越界到M4风险、M5适配。,由共享基础引擎与M3-STATE修正；日主承载、印比支持只修正自主与执行，不直接等于有无边界。,不限定；夫妻星仅在入宫或形成角色、责任边界时参与接口，不作为BOUND唯一主轴。,由M3-BASE、日支主气及宫位动态提供。,无／待BOUND路径规则组合,日柱与日支近位优先；全局有效独立信号可作次通道。,由共享基础引擎判定,由共享基础引擎判定,喜忌不直接等于边界好坏；只修正调用顺畅度、资源压力和状态切换。,原十神性质有效；真合化成立时按化神所属功能系统重建。,由共享基础引擎判定,75,空间／自主候选 +6,autonomy_pattern,需要明确哪些事情不能越过；压力增加时会更快划定权限或停止线。,需要明确哪些事情不能越过；压力增加时会更快划定权限或停止线。,不得由本规则直接推出回避亲密、依赖失控、控制欲、冷漠、自私、关系破裂、分手离婚、人格或依恋类型；不得把某种边界方式等同于爱得更多或更少。,中,待验证,,provisional=true; rule_group=CHANNEL_BD08_SPACE,0.5
M3-BOUND-073,七杀需求表达｜BD08怎样说明需要,L1 十神边界通道,BOUND-十神通道,通用,需求表达,七杀,,七杀BOUND功能有效，基础十神性质可靠，未被真合化替换。,基础信号未定；真合化后原信号已失效；只有单一弱远争议信号；或该结论会越界到M4风险、M5适配。,由共享基础引擎与M3-STATE修正；日主承载、印比支持只修正自主与执行，不直接等于有无边界。,不限定；夫妻星仅在入宫或形成角色、责任边界时参与接口，不作为BOUND唯一主轴。,由M3-BASE、日支主气及宫位动态提供。,无／待BOUND路径规则组合,日柱与日支近位优先；全局有效独立信号可作次通道。,由共享基础引擎判定,由共享基础引擎判定,喜忌不直接等于边界好坏；只修正调用顺畅度、资源压力和状态切换。,原十神性质有效；真合化成立时按化神所属功能系统重建。,由共享基础引擎判定,74,需求表达候选 +4,need_expression,需求表达通常更简洁、目标明确，强调现在要处理什么和谁来承担。,需求表达通常更简洁、目标明确，强调现在要处理什么和谁来承担。,不得由本规则直接推出回避亲密、依赖失控、控制欲、冷漠、自私、关系破裂、分手离婚、人格或依恋类型；不得把某种边界方式等同于爱得更多或更少。,中,待验证,,provisional=true; rule_group=CHANNEL_BD08_NEED,0.5
M3-BOUND-074,七杀拒绝与暂停｜BD08怎样设限,L1 十神边界通道,BOUND-十神通道,通用,拒绝／暂停,七杀,,七杀BOUND功能有效，基础十神性质可靠，未被真合化替换。,基础信号未定；真合化后原信号已失效；只有单一弱远争议信号；或该结论会越界到M4风险、M5适配。,由共享基础引擎与M3-STATE修正；日主承载、印比支持只修正自主与执行，不直接等于有无边界。,不限定；夫妻星仅在入宫或形成角色、责任边界时参与接口，不作为BOUND唯一主轴。,由M3-BASE、日支主气及宫位动态提供。,无／待BOUND路径规则组合,日柱与日支近位优先；全局有效独立信号可作次通道。,由共享基础引擎判定,由共享基础引擎判定,喜忌不直接等于边界好坏；只修正调用顺畅度、资源压力和状态切换。,原十神性质有效；真合化成立时按化神所属功能系统重建。,由共享基础引擎判定,73,拒绝／暂停候选 +4,refusal_style,不合适时更可能立即说停、结束当前行动或先把风险隔开。,不合适时更可能立即说停、结束当前行动或先把风险隔开。,不得由本规则直接推出回避亲密、依赖失控、控制欲、冷漠、自私、关系破裂、分手离婚、人格或依恋类型；不得把某种边界方式等同于爱得更多或更少。,中,待验证,,provisional=true; rule_group=CHANNEL_BD08_REFUSAL,0.5
M3-BOUND-075,七杀接受照顾｜BD08依托边界,L1 十神边界通道,BOUND-十神通道,通用,接受支持,七杀,,七杀BOUND功能有效，基础十神性质可靠，未被真合化替换。,基础信号未定；真合化后原信号已失效；只有单一弱远争议信号；或该结论会越界到M4风险、M5适配。,由共享基础引擎与M3-STATE修正；日主承载、印比支持只修正自主与执行，不直接等于有无边界。,不限定；夫妻星仅在入宫或形成角色、责任边界时参与接口，不作为BOUND唯一主轴。,由M3-BASE、日支主气及宫位动态提供。,无／待BOUND路径规则组合,日柱与日支近位优先；全局有效独立信号可作次通道。,由共享基础引擎判定,由共享基础引擎判定,喜忌不直接等于边界好坏；只修正调用顺畅度、资源压力和状态切换。,原十神性质有效；真合化成立时按化神所属功能系统重建。,由共享基础引擎判定,72,接受照顾候选 +4,support_acceptance_boundary,更容易接受果断、有效、真正解决问题并承担后续的支持。,更容易接受果断、有效、真正解决问题并承担后续的支持。,不得由本规则直接推出回避亲密、依赖失控、控制欲、冷漠、自私、关系破裂、分手离婚、人格或依恋类型；不得把某种边界方式等同于爱得更多或更少。,中,待验证,,provisional=true; rule_group=CHANNEL_BD08_RECEIVE,0.5
M3-BOUND-076,七杀禁止误读｜BD08边界,L1 十神边界通道,BOUND-十神通道,通用,禁止推断,七杀,,七杀BOUND功能有效，基础十神性质可靠，未被真合化替换。,基础信号未定；真合化后原信号已失效；只有单一弱远争议信号；或该结论会越界到M4风险、M5适配。,由共享基础引擎与M3-STATE修正；日主承载、印比支持只修正自主与执行，不直接等于有无边界。,不限定；夫妻星仅在入宫或形成角色、责任边界时参与接口，不作为BOUND唯一主轴。,由M3-BASE、日支主气及宫位动态提供。,无／待BOUND路径规则组合,日柱与日支近位优先；全局有效独立信号可作次通道。,由共享基础引擎判定,由共享基础引擎判定,喜忌不直接等于边界好坏；只修正调用顺畅度、资源压力和状态切换。,原十神性质有效；真合化成立时按化神所属功能系统重建。,由共享基础引擎判定,96,不加分；边界检查,boundary_note,该通道只说明关系中的边界功能，不等于人格、风险或感情结果。,这里描述的是你可能更常使用的边界方式，不代表你只能这样相处，也不代表其他方式一定缺失。,不得推出用户暴力、控制、威胁、情绪粗暴、一定替对方决定或关系存在危险。,高,待验证,,provisional=true; rule_group=CHANNEL_BD08_BAN,0.5
M3-BOUND-077,正印BOUND通道｜BD09 安全依托,L1 十神边界通道,BOUND-十神通道,通用,基础通道,正印,,正印BOUND功能有效，基础十神性质可靠，未被真合化替换。,基础信号未定；真合化后原信号已失效；只有单一弱远争议信号；或该结论会越界到M4风险、M5适配。,由共享基础引擎与M3-STATE修正；日主承载、印比支持只修正自主与执行，不直接等于有无边界。,不限定；夫妻星仅在入宫或形成角色、责任边界时参与接口，不作为BOUND唯一主轴。,由M3-BASE、日支主气及宫位动态提供。,无／待BOUND路径规则组合,日柱与日支近位优先；全局有效独立信号可作次通道。,由共享基础引擎判定,由共享基础引擎判定,喜忌不直接等于边界好坏；只修正调用顺畅度、资源压力和状态切换。,原十神性质有效；真合化成立时按化神所属功能系统重建。,由共享基础引擎判定,88,主BOUND候选 +18,primary_boundary_channel,正印属于SYS05 承接内化系统，在BOUND中主要负责：通过理解、稳定回应和可信承接建立亲密，愿意在安全中依靠关系，同时保留内在确认。,你更容易通过“安全依托”安排亲密与自主。通过理解、稳定回应和可信承接建立亲密，愿意在安全中依靠关系，同时保留内在确认。,不得由本规则直接推出回避亲密、依赖失控、控制欲、冷漠、自私、关系破裂、分手离婚、人格或依恋类型；不得把某种边界方式等同于爱得更多或更少。,中高,待验证,,provisional=true; rule_group=CHANNEL_BD09_BASE,0.5
M3-BOUND-078,正印靠近方式｜BD09关系启动,L1 十神边界通道,BOUND-十神通道,通用,靠近方式,正印,,正印BOUND功能有效，基础十神性质可靠，未被真合化替换。,基础信号未定；真合化后原信号已失效；只有单一弱远争议信号；或该结论会越界到M4风险、M5适配。,由共享基础引擎与M3-STATE修正；日主承载、印比支持只修正自主与执行，不直接等于有无边界。,不限定；夫妻星仅在入宫或形成角色、责任边界时参与接口，不作为BOUND唯一主轴。,由M3-BASE、日支主气及宫位动态提供。,无／待BOUND路径规则组合,日柱与日支近位优先；全局有效独立信号可作次通道。,由共享基础引擎判定,由共享基础引擎判定,喜忌不直接等于边界好坏；只修正调用顺畅度、资源压力和状态切换。,原十神性质有效；真合化成立时按化神所属功能系统重建。,由共享基础引擎判定,76,靠近节奏候选 +6,closeness_rhythm,更容易在被理解、被尊重和有稳定回应时逐渐开放。,更容易在被理解、被尊重和有稳定回应时逐渐开放。,不得由本规则直接推出回避亲密、依赖失控、控制欲、冷漠、自私、关系破裂、分手离婚、人格或依恋类型；不得把某种边界方式等同于爱得更多或更少。,中,待验证,,provisional=true; rule_group=CHANNEL_BD09_APPROACH,0.5
M3-BOUND-079,正印空间与自主｜BD09权限安排,L1 十神边界通道,BOUND-十神通道,通用,空间与自主,正印,,正印BOUND功能有效，基础十神性质可靠，未被真合化替换。,基础信号未定；真合化后原信号已失效；只有单一弱远争议信号；或该结论会越界到M4风险、M5适配。,由共享基础引擎与M3-STATE修正；日主承载、印比支持只修正自主与执行，不直接等于有无边界。,不限定；夫妻星仅在入宫或形成角色、责任边界时参与接口，不作为BOUND唯一主轴。,由M3-BASE、日支主气及宫位动态提供。,无／待BOUND路径规则组合,日柱与日支近位优先；全局有效独立信号可作次通道。,由共享基础引擎判定,由共享基础引擎判定,喜忌不直接等于边界好坏；只修正调用顺畅度、资源压力和状态切换。,原十神性质有效；真合化成立时按化神所属功能系统重建。,由共享基础引擎判定,75,空间／自主候选 +6,autonomy_pattern,空间需求常与情绪安全有关：不一定要求远离，而是需要不被催促和不被轻易否定。,空间需求常与情绪安全有关：不一定要求远离，而是需要不被催促和不被轻易否定。,不得由本规则直接推出回避亲密、依赖失控、控制欲、冷漠、自私、关系破裂、分手离婚、人格或依恋类型；不得把某种边界方式等同于爱得更多或更少。,中,待验证,,provisional=true; rule_group=CHANNEL_BD09_SPACE,0.5
M3-BOUND-080,正印需求表达｜BD09怎样说明需要,L1 十神边界通道,BOUND-十神通道,通用,需求表达,正印,,正印BOUND功能有效，基础十神性质可靠，未被真合化替换。,基础信号未定；真合化后原信号已失效；只有单一弱远争议信号；或该结论会越界到M4风险、M5适配。,由共享基础引擎与M3-STATE修正；日主承载、印比支持只修正自主与执行，不直接等于有无边界。,不限定；夫妻星仅在入宫或形成角色、责任边界时参与接口，不作为BOUND唯一主轴。,由M3-BASE、日支主气及宫位动态提供。,无／待BOUND路径规则组合,日柱与日支近位优先；全局有效独立信号可作次通道。,由共享基础引擎判定,由共享基础引擎判定,喜忌不直接等于边界好坏；只修正调用顺畅度、资源压力和状态切换。,原十神性质有效；真合化成立时按化神所属功能系统重建。,由共享基础引擎判定,74,需求表达候选 +4,need_expression,需求更容易在信任和耐心中逐步说出，希望得到时间、理解和稳定陪伴。,需求更容易在信任和耐心中逐步说出，希望得到时间、理解和稳定陪伴。,不得由本规则直接推出回避亲密、依赖失控、控制欲、冷漠、自私、关系破裂、分手离婚、人格或依恋类型；不得把某种边界方式等同于爱得更多或更少。,中,待验证,,provisional=true; rule_group=CHANNEL_BD09_NEED,0.5
M3-BOUND-081,正印拒绝与暂停｜BD09怎样设限,L1 十神边界通道,BOUND-十神通道,通用,拒绝／暂停,正印,,正印BOUND功能有效，基础十神性质可靠，未被真合化替换。,基础信号未定；真合化后原信号已失效；只有单一弱远争议信号；或该结论会越界到M4风险、M5适配。,由共享基础引擎与M3-STATE修正；日主承载、印比支持只修正自主与执行，不直接等于有无边界。,不限定；夫妻星仅在入宫或形成角色、责任边界时参与接口，不作为BOUND唯一主轴。,由M3-BASE、日支主气及宫位动态提供。,无／待BOUND路径规则组合,日柱与日支近位优先；全局有效独立信号可作次通道。,由共享基础引擎判定,由共享基础引擎判定,喜忌不直接等于边界好坏；只修正调用顺畅度、资源压力和状态切换。,原十神性质有效；真合化成立时按化神所属功能系统重建。,由共享基础引擎判定,73,拒绝／暂停候选 +4,refusal_style,不安全时可能先退回观察或请求缓冲，安全恢复后再说明完整立场。,不安全时可能先退回观察或请求缓冲，安全恢复后再说明完整立场。,不得由本规则直接推出回避亲密、依赖失控、控制欲、冷漠、自私、关系破裂、分手离婚、人格或依恋类型；不得把某种边界方式等同于爱得更多或更少。,中,待验证,,provisional=true; rule_group=CHANNEL_BD09_REFUSAL,0.5
M3-BOUND-082,正印接受照顾｜BD09依托边界,L1 十神边界通道,BOUND-十神通道,通用,接受支持,正印,,正印BOUND功能有效，基础十神性质可靠，未被真合化替换。,基础信号未定；真合化后原信号已失效；只有单一弱远争议信号；或该结论会越界到M4风险、M5适配。,由共享基础引擎与M3-STATE修正；日主承载、印比支持只修正自主与执行，不直接等于有无边界。,不限定；夫妻星仅在入宫或形成角色、责任边界时参与接口，不作为BOUND唯一主轴。,由M3-BASE、日支主气及宫位动态提供。,无／待BOUND路径规则组合,日柱与日支近位优先；全局有效独立信号可作次通道。,由共享基础引擎判定,由共享基础引擎判定,喜忌不直接等于边界好坏；只修正调用顺畅度、资源压力和状态切换。,原十神性质有效；真合化成立时按化神所属功能系统重建。,由共享基础引擎判定,72,接受照顾候选 +4,support_acceptance_boundary,更容易接受耐心、可信、不催促、愿意理解背景并提供稳定承接的照顾。,更容易接受耐心、可信、不催促、愿意理解背景并提供稳定承接的照顾。,不得由本规则直接推出回避亲密、依赖失控、控制欲、冷漠、自私、关系破裂、分手离婚、人格或依恋类型；不得把某种边界方式等同于爱得更多或更少。,中,待验证,,provisional=true; rule_group=CHANNEL_BD09_RECEIVE,0.5
M3-BOUND-083,正印禁止误读｜BD09边界,L1 十神边界通道,BOUND-十神通道,通用,禁止推断,正印,,正印BOUND功能有效，基础十神性质可靠，未被真合化替换。,基础信号未定；真合化后原信号已失效；只有单一弱远争议信号；或该结论会越界到M4风险、M5适配。,由共享基础引擎与M3-STATE修正；日主承载、印比支持只修正自主与执行，不直接等于有无边界。,不限定；夫妻星仅在入宫或形成角色、责任边界时参与接口，不作为BOUND唯一主轴。,由M3-BASE、日支主气及宫位动态提供。,无／待BOUND路径规则组合,日柱与日支近位优先；全局有效独立信号可作次通道。,由共享基础引擎判定,由共享基础引擎判定,喜忌不直接等于边界好坏；只修正调用顺畅度、资源压力和状态切换。,原十神性质有效；真合化成立时按化神所属功能系统重建。,由共享基础引擎判定,96,不加分；边界检查,boundary_note,该通道只说明关系中的边界功能，不等于人格、风险或感情结果。,这里描述的是你可能更常使用的边界方式，不代表你只能这样相处，也不代表其他方式一定缺失。,不得推出用户软弱、依赖、没有边界、需要被拯救、母性父性过强或没有独立能力。,高,待验证,,provisional=true; rule_group=CHANNEL_BD09_BAN,0.5
M3-BOUND-084,偏印BOUND通道｜BD10 选择性空间,L1 十神边界通道,BOUND-十神通道,通用,基础通道,偏印,,偏印BOUND功能有效，基础十神性质可靠，未被真合化替换。,基础信号未定；真合化后原信号已失效；只有单一弱远争议信号；或该结论会越界到M4风险、M5适配。,由共享基础引擎与M3-STATE修正；日主承载、印比支持只修正自主与执行，不直接等于有无边界。,不限定；夫妻星仅在入宫或形成角色、责任边界时参与接口，不作为BOUND唯一主轴。,由M3-BASE、日支主气及宫位动态提供。,无／待BOUND路径规则组合,日柱与日支近位优先；全局有效独立信号可作次通道。,由共享基础引擎判定,由共享基础引擎判定,喜忌不直接等于边界好坏；只修正调用顺畅度、资源压力和状态切换。,原十神性质有效；真合化成立时按化神所属功能系统重建。,由共享基础引擎判定,88,主BOUND候选 +18,primary_boundary_channel,偏印属于SYS05 承接内化系统，在BOUND中主要负责：通过选择性开放、内部整理和尊重私人空间维持亲密，重视深度而不是持续暴露。,你更容易通过“选择性空间”安排亲密与自主。通过选择性开放、内部整理和尊重私人空间维持亲密，重视深度而不是持续暴露。,不得由本规则直接推出回避亲密、依赖失控、控制欲、冷漠、自私、关系破裂、分手离婚、人格或依恋类型；不得把某种边界方式等同于爱得更多或更少。,中高,待验证,,provisional=true; rule_group=CHANNEL_BD10_BASE,0.5
M3-BOUND-085,偏印靠近方式｜BD10关系启动,L1 十神边界通道,BOUND-十神通道,通用,靠近方式,偏印,,偏印BOUND功能有效，基础十神性质可靠，未被真合化替换。,基础信号未定；真合化后原信号已失效；只有单一弱远争议信号；或该结论会越界到M4风险、M5适配。,由共享基础引擎与M3-STATE修正；日主承载、印比支持只修正自主与执行，不直接等于有无边界。,不限定；夫妻星仅在入宫或形成角色、责任边界时参与接口，不作为BOUND唯一主轴。,由M3-BASE、日支主气及宫位动态提供。,无／待BOUND路径规则组合,日柱与日支近位优先；全局有效独立信号可作次通道。,由共享基础引擎判定,由共享基础引擎判定,喜忌不直接等于边界好坏；只修正调用顺畅度、资源压力和状态切换。,原十神性质有效；真合化成立时按化神所属功能系统重建。,由共享基础引擎判定,76,靠近节奏候选 +6,closeness_rhythm,更容易在对方有深度、尊重复杂性且不过度打扰时逐渐靠近。,更容易在对方有深度、尊重复杂性且不过度打扰时逐渐靠近。,不得由本规则直接推出回避亲密、依赖失控、控制欲、冷漠、自私、关系破裂、分手离婚、人格或依恋类型；不得把某种边界方式等同于爱得更多或更少。,中,待验证,,provisional=true; rule_group=CHANNEL_BD10_APPROACH,0.5
M3-BOUND-086,偏印空间与自主｜BD10权限安排,L1 十神边界通道,BOUND-十神通道,通用,空间与自主,偏印,,偏印BOUND功能有效，基础十神性质可靠，未被真合化替换。,基础信号未定；真合化后原信号已失效；只有单一弱远争议信号；或该结论会越界到M4风险、M5适配。,由共享基础引擎与M3-STATE修正；日主承载、印比支持只修正自主与执行，不直接等于有无边界。,不限定；夫妻星仅在入宫或形成角色、责任边界时参与接口，不作为BOUND唯一主轴。,由M3-BASE、日支主气及宫位动态提供。,无／待BOUND路径规则组合,日柱与日支近位优先；全局有效独立信号可作次通道。,由共享基础引擎判定,由共享基础引擎判定,喜忌不直接等于边界好坏；只修正调用顺畅度、资源压力和状态切换。,原十神性质有效；真合化成立时按化神所属功能系统重建。,由共享基础引擎判定,75,空间／自主候选 +6,autonomy_pattern,个人空间和内部处理时间较重要，分享通常更有选择，不等于完全不分享。,个人空间和内部处理时间较重要，分享通常更有选择，不等于完全不分享。,不得由本规则直接推出回避亲密、依赖失控、控制欲、冷漠、自私、关系破裂、分手离婚、人格或依恋类型；不得把某种边界方式等同于爱得更多或更少。,中,待验证,,provisional=true; rule_group=CHANNEL_BD10_SPACE,0.5
M3-BOUND-087,偏印需求表达｜BD10怎样说明需要,L1 十神边界通道,BOUND-十神通道,通用,需求表达,偏印,,偏印BOUND功能有效，基础十神性质可靠，未被真合化替换。,基础信号未定；真合化后原信号已失效；只有单一弱远争议信号；或该结论会越界到M4风险、M5适配。,由共享基础引擎与M3-STATE修正；日主承载、印比支持只修正自主与执行，不直接等于有无边界。,不限定；夫妻星仅在入宫或形成角色、责任边界时参与接口，不作为BOUND唯一主轴。,由M3-BASE、日支主气及宫位动态提供。,无／待BOUND路径规则组合,日柱与日支近位优先；全局有效独立信号可作次通道。,由共享基础引擎判定,由共享基础引擎判定,喜忌不直接等于边界好坏；只修正调用顺畅度、资源压力和状态切换。,原十神性质有效；真合化成立时按化神所属功能系统重建。,由共享基础引擎判定,74,需求表达候选 +4,need_expression,需求可能先在内部整理，再以较精准、专业或针对核心卡点的方式表达。,需求可能先在内部整理，再以较精准、专业或针对核心卡点的方式表达。,不得由本规则直接推出回避亲密、依赖失控、控制欲、冷漠、自私、关系破裂、分手离婚、人格或依恋类型；不得把某种边界方式等同于爱得更多或更少。,中,待验证,,provisional=true; rule_group=CHANNEL_BD10_NEED,0.5
M3-BOUND-088,偏印拒绝与暂停｜BD10怎样设限,L1 十神边界通道,BOUND-十神通道,通用,拒绝／暂停,偏印,,偏印BOUND功能有效，基础十神性质可靠，未被真合化替换。,基础信号未定；真合化后原信号已失效；只有单一弱远争议信号；或该结论会越界到M4风险、M5适配。,由共享基础引擎与M3-STATE修正；日主承载、印比支持只修正自主与执行，不直接等于有无边界。,不限定；夫妻星仅在入宫或形成角色、责任边界时参与接口，不作为BOUND唯一主轴。,由M3-BASE、日支主气及宫位动态提供。,无／待BOUND路径规则组合,日柱与日支近位优先；全局有效独立信号可作次通道。,由共享基础引擎判定,由共享基础引擎判定,喜忌不直接等于边界好坏；只修正调用顺畅度、资源压力和状态切换。,原十神性质有效；真合化成立时按化神所属功能系统重建。,由共享基础引擎判定,73,拒绝／暂停候选 +4,refusal_style,不合适时可能先暂停、拉开一点距离或减少信息输入，之后再给出选择性说明。,不合适时可能先暂停、拉开一点距离或减少信息输入，之后再给出选择性说明。,不得由本规则直接推出回避亲密、依赖失控、控制欲、冷漠、自私、关系破裂、分手离婚、人格或依恋类型；不得把某种边界方式等同于爱得更多或更少。,中,待验证,,provisional=true; rule_group=CHANNEL_BD10_REFUSAL,0.5
M3-BOUND-089,偏印接受照顾｜BD10依托边界,L1 十神边界通道,BOUND-十神通道,通用,接受支持,偏印,,偏印BOUND功能有效，基础十神性质可靠，未被真合化替换。,基础信号未定；真合化后原信号已失效；只有单一弱远争议信号；或该结论会越界到M4风险、M5适配。,由共享基础引擎与M3-STATE修正；日主承载、印比支持只修正自主与执行，不直接等于有无边界。,不限定；夫妻星仅在入宫或形成角色、责任边界时参与接口，不作为BOUND唯一主轴。,由M3-BASE、日支主气及宫位动态提供。,无／待BOUND路径规则组合,日柱与日支近位优先；全局有效独立信号可作次通道。,由共享基础引擎判定,由共享基础引擎判定,喜忌不直接等于边界好坏；只修正调用顺畅度、资源压力和状态切换。,原十神性质有效；真合化成立时按化神所属功能系统重建。,由共享基础引擎判定,72,接受照顾候选 +4,support_acceptance_boundary,更容易接受精准、不侵入、允许独立消化并尊重特殊需要的照顾。,更容易接受精准、不侵入、允许独立消化并尊重特殊需要的照顾。,不得由本规则直接推出回避亲密、依赖失控、控制欲、冷漠、自私、关系破裂、分手离婚、人格或依恋类型；不得把某种边界方式等同于爱得更多或更少。,中,待验证,,provisional=true; rule_group=CHANNEL_BD10_RECEIVE,0.5
M3-BOUND-090,偏印禁止误读｜BD10边界,L1 十神边界通道,BOUND-十神通道,通用,禁止推断,偏印,,偏印BOUND功能有效，基础十神性质可靠，未被真合化替换。,基础信号未定；真合化后原信号已失效；只有单一弱远争议信号；或该结论会越界到M4风险、M5适配。,由共享基础引擎与M3-STATE修正；日主承载、印比支持只修正自主与执行，不直接等于有无边界。,不限定；夫妻星仅在入宫或形成角色、责任边界时参与接口，不作为BOUND唯一主轴。,由M3-BASE、日支主气及宫位动态提供。,无／待BOUND路径规则组合,日柱与日支近位优先；全局有效独立信号可作次通道。,由共享基础引擎判定,由共享基础引擎判定,喜忌不直接等于边界好坏；只修正调用顺畅度、资源压力和状态切换。,原十神性质有效；真合化成立时按化神所属功能系统重建。,由共享基础引擎判定,96,不加分；边界检查,boundary_note,该通道只说明关系中的边界功能，不等于人格、风险或感情结果。,这里描述的是你可能更常使用的边界方式，不代表你只能这样相处，也不代表其他方式一定缺失。,不得推出用户冷漠、神秘、回避亲密、精神异常、故意不说或拒绝任何依赖。,高,待验证,,provisional=true; rule_group=CHANNEL_BD10_BAN,0.5
M3-BOUND-091,BQ01 靠近启动方向｜A01 主动靠近,L2 BOUND过程维度,BOUND-过程维度,通用,维度状态,BQ01,A01,主BOUND信号外显近位，并有自发开启互动的证据。,基础信号未定；真合化后原信号已失效；只有单一弱远争议信号；或该结论会越界到M4风险、M5适配。,由共享基础引擎与M3-STATE修正；日主承载、印比支持只修正自主与执行，不直接等于有无边界。,不限定；夫妻星仅在入宫或形成角色、责任边界时参与接口，不作为BOUND唯一主轴。,由M3-BASE、日支主气及宫位动态提供。,无／待BOUND路径规则组合,日柱与日支近位优先；全局有效独立信号可作次通道。,由共享基础引擎判定,由共享基础引擎判定,喜忌不直接等于边界好坏；只修正调用顺畅度、资源压力和状态切换。,原十神性质有效；真合化成立时按化神所属功能系统重建。,由共享基础引擎判定,68,候选 +5,closeness_rhythm,用户会较早主动创造靠近机会，但仍需结合后续边界确认。,当你确认关系值得投入时，通常会较早主动靠近、提出安排或开启交流。,不得由本规则直接推出回避亲密、依赖失控、控制欲、冷漠、自私、关系破裂、分手离婚、人格或依恋类型；不得把某种边界方式等同于爱得更多或更少。,中,待验证,,provisional=true; rule_group=DIM_BQ01_A01,0.5
M3-BOUND-092,BQ01 靠近启动方向｜A02 回应靠近,L2 BOUND过程维度,BOUND-过程维度,通用,维度状态,BQ01,A02,印、正财、正官或藏支信号明显，靠近依赖稳定回应。,基础信号未定；真合化后原信号已失效；只有单一弱远争议信号；或该结论会越界到M4风险、M5适配。,由共享基础引擎与M3-STATE修正；日主承载、印比支持只修正自主与执行，不直接等于有无边界。,不限定；夫妻星仅在入宫或形成角色、责任边界时参与接口，不作为BOUND唯一主轴。,由M3-BASE、日支主气及宫位动态提供。,无／待BOUND路径规则组合,日柱与日支近位优先；全局有效独立信号可作次通道。,由共享基础引擎判定,由共享基础引擎判定,喜忌不直接等于边界好坏；只修正调用顺畅度、资源压力和状态切换。,原十神性质有效；真合化成立时按化神所属功能系统重建。,由共享基础引擎判定,68,候选 +5,closeness_rhythm,用户更常在确认对方态度、回应和稳定性后逐步靠近。,你更容易在对方持续回应、态度清楚以后，再逐渐增加亲密。,不得由本规则直接推出回避亲密、依赖失控、控制欲、冷漠、自私、关系破裂、分手离婚、人格或依恋类型；不得把某种边界方式等同于爱得更多或更少。,中,待验证,,provisional=true; rule_group=DIM_BQ01_A02,0.5
M3-BOUND-093,BQ01 靠近启动方向｜A03 共同活动靠近,L2 BOUND过程维度,BOUND-过程维度,通用,维度状态,BQ01,A03,比劫、劫财、偏财或共同任务证据成立。,基础信号未定；真合化后原信号已失效；只有单一弱远争议信号；或该结论会越界到M4风险、M5适配。,由共享基础引擎与M3-STATE修正；日主承载、印比支持只修正自主与执行，不直接等于有无边界。,不限定；夫妻星仅在入宫或形成角色、责任边界时参与接口，不作为BOUND唯一主轴。,由M3-BASE、日支主气及宫位动态提供。,无／待BOUND路径规则组合,日柱与日支近位优先；全局有效独立信号可作次通道。,由共享基础引擎判定,由共享基础引擎判定,喜忌不直接等于边界好坏；只修正调用顺畅度、资源压力和状态切换。,原十神性质有效；真合化成立时按化神所属功能系统重建。,由共享基础引擎判定,68,候选 +5,closeness_rhythm,共同体验和并肩行动是关系距离缩短的主要入口。,你更容易在一起做事、共同体验和真实协作中自然靠近。,不得由本规则直接推出回避亲密、依赖失控、控制欲、冷漠、自私、关系破裂、分手离婚、人格或依恋类型；不得把某种边界方式等同于爱得更多或更少。,中,待验证,,provisional=true; rule_group=DIM_BQ01_A03,0.5
M3-BOUND-094,BQ01 靠近启动方向｜A04 条件靠近,L2 BOUND过程维度,BOUND-过程维度,通用,维度状态,BQ01,A04,偏印、正官或门槛信号明显，且需要先确认安全、角色或边界。,基础信号未定；真合化后原信号已失效；只有单一弱远争议信号；或该结论会越界到M4风险、M5适配。,由共享基础引擎与M3-STATE修正；日主承载、印比支持只修正自主与执行，不直接等于有无边界。,不限定；夫妻星仅在入宫或形成角色、责任边界时参与接口，不作为BOUND唯一主轴。,由M3-BASE、日支主气及宫位动态提供。,无／待BOUND路径规则组合,日柱与日支近位优先；全局有效独立信号可作次通道。,由共享基础引擎判定,由共享基础引擎判定,喜忌不直接等于边界好坏；只修正调用顺畅度、资源压力和状态切换。,原十神性质有效；真合化成立时按化神所属功能系统重建。,由共享基础引擎判定,68,候选 +5,closeness_rhythm,用户先确认关键条件，再允许距离缩短。,你并非不愿靠近，而是更需要先确认安全、态度或边界是否清楚。,不得由本规则直接推出回避亲密、依赖失控、控制欲、冷漠、自私、关系破裂、分手离婚、人格或依恋类型；不得把某种边界方式等同于爱得更多或更少。,中,待验证,,provisional=true; rule_group=DIM_BQ01_A04,0.5
M3-BOUND-095,BQ02 亲密靠近节奏｜P01 较快明确,L2 BOUND过程维度,BOUND-过程维度,通用,维度状态,BQ02,P01,主通道外显近位，条件清楚且证据连续。,基础信号未定；真合化后原信号已失效；只有单一弱远争议信号；或该结论会越界到M4风险、M5适配。,由共享基础引擎与M3-STATE修正；日主承载、印比支持只修正自主与执行，不直接等于有无边界。,不限定；夫妻星仅在入宫或形成角色、责任边界时参与接口，不作为BOUND唯一主轴。,由M3-BASE、日支主气及宫位动态提供。,无／待BOUND路径规则组合,日柱与日支近位优先；全局有效独立信号可作次通道。,由共享基础引擎判定,由共享基础引擎判定,喜忌不直接等于边界好坏；只修正调用顺畅度、资源压力和状态切换。,原十神性质有效；真合化成立时按化神所属功能系统重建。,由共享基础引擎判定,68,节奏 +6,closeness_rhythm,关系靠近可以较快发生，但仍不等于正式承诺或无边界。,当关键条件清楚、对方回应一致时，你通常能较快允许关系靠近。,不得由本规则直接推出回避亲密、依赖失控、控制欲、冷漠、自私、关系破裂、分手离婚、人格或依恋类型；不得把某种边界方式等同于爱得更多或更少。,中,待验证,,provisional=true; rule_group=DIM_BQ02_P01,0.5
M3-BOUND-096,BQ02 亲密靠近节奏｜P02 渐进熟悉,L2 BOUND过程维度,BOUND-过程维度,通用,维度状态,BQ02,P02,藏而有根、印食神或重复接触路径成立。,基础信号未定；真合化后原信号已失效；只有单一弱远争议信号；或该结论会越界到M4风险、M5适配。,由共享基础引擎与M3-STATE修正；日主承载、印比支持只修正自主与执行，不直接等于有无边界。,不限定；夫妻星仅在入宫或形成角色、责任边界时参与接口，不作为BOUND唯一主轴。,由M3-BASE、日支主气及宫位动态提供。,无／待BOUND路径规则组合,日柱与日支近位优先；全局有效独立信号可作次通道。,由共享基础引擎判定,由共享基础引擎判定,喜忌不直接等于边界好坏；只修正调用顺畅度、资源压力和状态切换。,原十神性质有效；真合化成立时按化神所属功能系统重建。,由共享基础引擎判定,68,节奏 +6,closeness_rhythm,亲密通过熟悉、重复回应和日常积累逐步形成。,你的亲密感更容易在重复相处和稳定回应中慢慢建立。,不得由本规则直接推出回避亲密、依赖失控、控制欲、冷漠、自私、关系破裂、分手离婚、人格或依恋类型；不得把某种边界方式等同于爱得更多或更少。,中,待验证,,provisional=true; rule_group=DIM_BQ02_P02,0.5
M3-BOUND-097,BQ02 亲密靠近节奏｜P03 事件触发,L2 BOUND过程维度,BOUND-过程维度,通用,维度状态,BQ02,P03,劫财、七杀、偏财或共同任务成为主要入口。,基础信号未定；真合化后原信号已失效；只有单一弱远争议信号；或该结论会越界到M4风险、M5适配。,由共享基础引擎与M3-STATE修正；日主承载、印比支持只修正自主与执行，不直接等于有无边界。,不限定；夫妻星仅在入宫或形成角色、责任边界时参与接口，不作为BOUND唯一主轴。,由M3-BASE、日支主气及宫位动态提供。,无／待BOUND路径规则组合,日柱与日支近位优先；全局有效独立信号可作次通道。,由共享基础引擎判定,由共享基础引擎判定,喜忌不直接等于边界好坏；只修正调用顺畅度、资源压力和状态切换。,原十神性质有效；真合化成立时按化神所属功能系统重建。,由共享基础引擎判定,68,候选 +5,closeness_rhythm,共同事件或关键行动会突然加快靠近，但长期节奏仍需复核。,某次共同经历、关键行动或真实协作，可能明显加快你的靠近。,不得由本规则直接推出回避亲密、依赖失控、控制欲、冷漠、自私、关系破裂、分手离婚、人格或依恋类型；不得把某种边界方式等同于爱得更多或更少。,中,待验证,,provisional=true; rule_group=DIM_BQ02_P03,0.5
M3-BOUND-098,BQ02 亲密靠近节奏｜P04 节奏未定,L2 BOUND过程维度,BOUND-过程维度,通用,维度状态,BQ02,P04,弱远无根、合化争议或多通道无主次。,基础信号未定；真合化后原信号已失效；只有单一弱远争议信号；或该结论会越界到M4风险、M5适配。,由共享基础引擎与M3-STATE修正；日主承载、印比支持只修正自主与执行，不直接等于有无边界。,不限定；夫妻星仅在入宫或形成角色、责任边界时参与接口，不作为BOUND唯一主轴。,由M3-BASE、日支主气及宫位动态提供。,无／待BOUND路径规则组合,日柱与日支近位优先；全局有效独立信号可作次通道。,由共享基础引擎判定,由共享基础引擎判定,喜忌不直接等于边界好坏；只修正调用顺畅度、资源压力和状态切换。,原十神性质有效；真合化成立时按化神所属功能系统重建。,由共享基础引擎判定,68,不加分；降置信,closeness_rhythm,不能固定靠近速度，只能说明会随情境变化。,目前只能判断你的靠近速度会随对象和情境变化，不宜写成固定快慢。,不得由本规则直接推出回避亲密、依赖失控、控制欲、冷漠、自私、关系破裂、分手离婚、人格或依恋类型；不得把某种边界方式等同于爱得更多或更少。,中,待验证,,provisional=true; rule_group=DIM_BQ02_P04,0.5
M3-BOUND-099,BQ03 个人空间需要｜S01 稳定个人空间,L2 BOUND过程维度,BOUND-过程维度,通用,维度状态,BQ03,S01,比肩、偏印或近位自主信号可靠。,基础信号未定；真合化后原信号已失效；只有单一弱远争议信号；或该结论会越界到M4风险、M5适配。,由共享基础引擎与M3-STATE修正；日主承载、印比支持只修正自主与执行，不直接等于有无边界。,不限定；夫妻星仅在入宫或形成角色、责任边界时参与接口，不作为BOUND唯一主轴。,由M3-BASE、日支主气及宫位动态提供。,无／待BOUND路径规则组合,日柱与日支近位优先；全局有效独立信号可作次通道。,由共享基础引擎判定,由共享基础引擎判定,喜忌不直接等于边界好坏；只修正调用顺畅度、资源压力和状态切换。,原十神性质有效；真合化成立时按化神所属功能系统重建。,由共享基础引擎判定,68,空间 +6,space_need,用户通常需要稳定的独处、个人事务或独立决定区。,即使关系稳定，你仍需要保留一部分固定的个人时间、思考或决定空间。,不得由本规则直接推出回避亲密、依赖失控、控制欲、冷漠、自私、关系破裂、分手离婚、人格或依恋类型；不得把某种边界方式等同于爱得更多或更少。,中,待验证,,provisional=true; rule_group=DIM_BQ03_S01,0.5
M3-BOUND-100,BQ03 个人空间需要｜S02 弹性个人空间,L2 BOUND过程维度,BOUND-过程维度,通用,维度状态,BQ03,S02,偏财、劫财或多场景调整证据成立。,基础信号未定；真合化后原信号已失效；只有单一弱远争议信号；或该结论会越界到M4风险、M5适配。,由共享基础引擎与M3-STATE修正；日主承载、印比支持只修正自主与执行，不直接等于有无边界。,不限定；夫妻星仅在入宫或形成角色、责任边界时参与接口，不作为BOUND唯一主轴。,由M3-BASE、日支主气及宫位动态提供。,无／待BOUND路径规则组合,日柱与日支近位优先；全局有效独立信号可作次通道。,由共享基础引擎判定,由共享基础引擎判定,喜忌不直接等于边界好坏；只修正调用顺畅度、资源压力和状态切换。,原十神性质有效；真合化成立时按化神所属功能系统重建。,由共享基础引擎判定,68,空间 +5,space_need,空间根据任务、社交和关系状态灵活变化。,你的空间需求更有弹性，会随着现实安排和双方状态调整。,不得由本规则直接推出回避亲密、依赖失控、控制欲、冷漠、自私、关系破裂、分手离婚、人格或依恋类型；不得把某种边界方式等同于爱得更多或更少。,中,待验证,,provisional=true; rule_group=DIM_BQ03_S02,0.5
M3-BOUND-101,BQ03 个人空间需要｜S03 共享优先,L2 BOUND过程维度,BOUND-过程维度,通用,维度状态,BQ03,S03,正印、食神、正财或合的共享信号明显，且自主信号不弱。,基础信号未定；真合化后原信号已失效；只有单一弱远争议信号；或该结论会越界到M4风险、M5适配。,由共享基础引擎与M3-STATE修正；日主承载、印比支持只修正自主与执行，不直接等于有无边界。,不限定；夫妻星仅在入宫或形成角色、责任边界时参与接口，不作为BOUND唯一主轴。,由M3-BASE、日支主气及宫位动态提供。,无／待BOUND路径规则组合,日柱与日支近位优先；全局有效独立信号可作次通道。,由共享基础引擎判定,由共享基础引擎判定,喜忌不直接等于边界好坏；只修正调用顺畅度、资源压力和状态切换。,原十神性质有效；真合化成立时按化神所属功能系统重建。,由共享基础引擎判定,68,空间 +5,space_need,用户愿意较多共享日常和情绪，但仍需确认自主通道。,你通常愿意把较多日常和感受放进关系里，同时仍会保留必要的个人决定。,不得由本规则直接推出回避亲密、依赖失控、控制欲、冷漠、自私、关系破裂、分手离婚、人格或依恋类型；不得把某种边界方式等同于爱得更多或更少。,中,待验证,,provisional=true; rule_group=DIM_BQ03_S03,0.5
M3-BOUND-102,BQ03 个人空间需要｜S04 空间状态未定,L2 BOUND过程维度,BOUND-过程维度,通用,维度状态,BQ03,S04,基础状态争议或空间与共享信号同源冲突。,基础信号未定；真合化后原信号已失效；只有单一弱远争议信号；或该结论会越界到M4风险、M5适配。,由共享基础引擎与M3-STATE修正；日主承载、印比支持只修正自主与执行，不直接等于有无边界。,不限定；夫妻星仅在入宫或形成角色、责任边界时参与接口，不作为BOUND唯一主轴。,由M3-BASE、日支主气及宫位动态提供。,无／待BOUND路径规则组合,日柱与日支近位优先；全局有效独立信号可作次通道。,由共享基础引擎判定,由共享基础引擎判定,喜忌不直接等于边界好坏；只修正调用顺畅度、资源压力和状态切换。,原十神性质有效；真合化成立时按化神所属功能系统重建。,由共享基础引擎判定,68,不加分；降置信,space_need,不能由单一信号判断空间多寡。,目前只能确认你既有靠近需求，也可能需要独处整理，具体比例要看真实相处。,不得由本规则直接推出回避亲密、依赖失控、控制欲、冷漠、自私、关系破裂、分手离婚、人格或依恋类型；不得把某种边界方式等同于爱得更多或更少。,中,待验证,,provisional=true; rule_group=DIM_BQ03_S04,0.5
M3-BOUND-103,BQ04 自主与共同决定｜D01 自主保留,L2 BOUND过程维度,BOUND-过程维度,通用,维度状态,BQ04,D01,比肩、偏印或日主承载明显，且有实际独立决定证据。,基础信号未定；真合化后原信号已失效；只有单一弱远争议信号；或该结论会越界到M4风险、M5适配。,由共享基础引擎与M3-STATE修正；日主承载、印比支持只修正自主与执行，不直接等于有无边界。,不限定；夫妻星仅在入宫或形成角色、责任边界时参与接口，不作为BOUND唯一主轴。,由M3-BASE、日支主气及宫位动态提供。,无／待BOUND路径规则组合,日柱与日支近位优先；全局有效独立信号可作次通道。,由共享基础引擎判定,由共享基础引擎判定,喜忌不直接等于边界好坏；只修正调用顺畅度、资源压力和状态切换。,原十神性质有效；真合化成立时按化神所属功能系统重建。,由共享基础引擎判定,68,自主 +6,autonomy_pattern,核心决定通常先保留个人判断，再决定哪些进入共同协商。,重要事情上，你通常会先形成自己的判断，再决定怎样与对方商量。,不得由本规则直接推出回避亲密、依赖失控、控制欲、冷漠、自私、关系破裂、分手离婚、人格或依恋类型；不得把某种边界方式等同于爱得更多或更少。,中,待验证,,provisional=true; rule_group=DIM_BQ04_D01,0.5
M3-BOUND-104,BQ04 自主与共同决定｜D02 双方协商,L2 BOUND过程维度,BOUND-过程维度,通用,维度状态,BQ04,D02,比肩、伤官、正官或双向沟通证据成立。,基础信号未定；真合化后原信号已失效；只有单一弱远争议信号；或该结论会越界到M4风险、M5适配。,由共享基础引擎与M3-STATE修正；日主承载、印比支持只修正自主与执行，不直接等于有无边界。,不限定；夫妻星仅在入宫或形成角色、责任边界时参与接口，不作为BOUND唯一主轴。,由M3-BASE、日支主气及宫位动态提供。,无／待BOUND路径规则组合,日柱与日支近位优先；全局有效独立信号可作次通道。,由共享基础引擎判定,由共享基础引擎判定,喜忌不直接等于边界好坏；只修正调用顺畅度、资源压力和状态切换。,原十神性质有效；真合化成立时按化神所属功能系统重建。,由共享基础引擎判定,68,自主 +6,autonomy_pattern,决定权在双方信息和回应中共同形成。,你更习惯把重要安排拿到双方之间讨论，再共同形成决定。,不得由本规则直接推出回避亲密、依赖失控、控制欲、冷漠、自私、关系破裂、分手离婚、人格或依恋类型；不得把某种边界方式等同于爱得更多或更少。,中,待验证,,provisional=true; rule_group=DIM_BQ04_D02,0.5
M3-BOUND-105,BQ04 自主与共同决定｜D03 角色分工,L2 BOUND过程维度,BOUND-过程维度,通用,维度状态,BQ04,D03,正财、正官或现实分工证据成立。,基础信号未定；真合化后原信号已失效；只有单一弱远争议信号；或该结论会越界到M4风险、M5适配。,由共享基础引擎与M3-STATE修正；日主承载、印比支持只修正自主与执行，不直接等于有无边界。,不限定；夫妻星仅在入宫或形成角色、责任边界时参与接口，不作为BOUND唯一主轴。,由M3-BASE、日支主气及宫位动态提供。,无／待BOUND路径规则组合,日柱与日支近位优先；全局有效独立信号可作次通道。,由共享基础引擎判定,由共享基础引擎判定,喜忌不直接等于边界好坏；只修正调用顺畅度、资源压力和状态切换。,原十神性质有效；真合化成立时按化神所属功能系统重建。,由共享基础引擎判定,68,自主 +5,autonomy_pattern,双方可在不同事务上拥有不同权限，不要求所有决定完全对称。,你更容易接受清楚分工：不同事务由更合适的一方负责，同时保留共同复核。,不得由本规则直接推出回避亲密、依赖失控、控制欲、冷漠、自私、关系破裂、分手离婚、人格或依恋类型；不得把某种边界方式等同于爱得更多或更少。,中,待验证,,provisional=true; rule_group=DIM_BQ04_D03,0.5
M3-BOUND-106,BQ04 自主与共同决定｜D04 决定结构未定,L2 BOUND过程维度,BOUND-过程维度,通用,维度状态,BQ04,D04,日主、印比、夫妻宫或现实行为无法形成稳定主次。,基础信号未定；真合化后原信号已失效；只有单一弱远争议信号；或该结论会越界到M4风险、M5适配。,由共享基础引擎与M3-STATE修正；日主承载、印比支持只修正自主与执行，不直接等于有无边界。,不限定；夫妻星仅在入宫或形成角色、责任边界时参与接口，不作为BOUND唯一主轴。,由M3-BASE、日支主气及宫位动态提供。,无／待BOUND路径规则组合,日柱与日支近位优先；全局有效独立信号可作次通道。,由共享基础引擎判定,由共享基础引擎判定,喜忌不直接等于边界好坏；只修正调用顺畅度、资源压力和状态切换。,原十神性质有效；真合化成立时按化神所属功能系统重建。,由共享基础引擎判定,68,不加分；降置信,autonomy_pattern,当前不足以判断决定权主要集中在哪里。,目前只能判断你的决定方式会随事务类型变化，无法固定成完全自主或完全共同。,不得由本规则直接推出回避亲密、依赖失控、控制欲、冷漠、自私、关系破裂、分手离婚、人格或依恋类型；不得把某种边界方式等同于爱得更多或更少。,中,待验证,,provisional=true; rule_group=DIM_BQ04_D04,0.5
M3-BOUND-107,BQ05 分享开放方式｜H01 日常开放,L2 BOUND过程维度,BOUND-过程维度,通用,维度状态,BQ05,H01,食神、正印、正财或稳定共享证据明显。,基础信号未定；真合化后原信号已失效；只有单一弱远争议信号；或该结论会越界到M4风险、M5适配。,由共享基础引擎与M3-STATE修正；日主承载、印比支持只修正自主与执行，不直接等于有无边界。,不限定；夫妻星仅在入宫或形成角色、责任边界时参与接口，不作为BOUND唯一主轴。,由M3-BASE、日支主气及宫位动态提供。,无／待BOUND路径规则组合,日柱与日支近位优先；全局有效独立信号可作次通道。,由共享基础引擎判定,由共享基础引擎判定,喜忌不直接等于边界好坏；只修正调用顺畅度、资源压力和状态切换。,原十神性质有效；真合化成立时按化神所属功能系统重建。,由共享基础引擎判定,68,分享 +5,sharing_mode,用户较愿意共享日常、情绪或现实安排。,在信任关系里，你通常愿意分享日常、计划和重要感受，让对方知道你的状态。,不得由本规则直接推出回避亲密、依赖失控、控制欲、冷漠、自私、关系破裂、分手离婚、人格或依恋类型；不得把某种边界方式等同于爱得更多或更少。,中,待验证,,provisional=true; rule_group=DIM_BQ05_H01,0.5
M3-BOUND-108,BQ05 分享开放方式｜H02 选择性开放,L2 BOUND过程维度,BOUND-过程维度,通用,维度状态,BQ05,H02,偏印、伤官或深度信任门槛明显。,基础信号未定；真合化后原信号已失效；只有单一弱远争议信号；或该结论会越界到M4风险、M5适配。,由共享基础引擎与M3-STATE修正；日主承载、印比支持只修正自主与执行，不直接等于有无边界。,不限定；夫妻星仅在入宫或形成角色、责任边界时参与接口，不作为BOUND唯一主轴。,由M3-BASE、日支主气及宫位动态提供。,无／待BOUND路径规则组合,日柱与日支近位优先；全局有效独立信号可作次通道。,由共享基础引擎判定,由共享基础引擎判定,喜忌不直接等于边界好坏；只修正调用顺畅度、资源压力和状态切换。,原十神性质有效；真合化成立时按化神所属功能系统重建。,由共享基础引擎判定,68,分享 +5,sharing_mode,用户更愿意分享经过筛选、有意义或足够安全的内容。,你更倾向选择性分享：不是所有内容都即时公开，但重要部分会在合适时说清楚。,不得由本规则直接推出回避亲密、依赖失控、控制欲、冷漠、自私、关系破裂、分手离婚、人格或依恋类型；不得把某种边界方式等同于爱得更多或更少。,中,待验证,,provisional=true; rule_group=DIM_BQ05_H02,0.5
M3-BOUND-109,BQ05 分享开放方式｜H03 任务／现实开放,L2 BOUND过程维度,BOUND-过程维度,通用,维度状态,BQ05,H03,比劫、财官杀或共同事务证据明显。,基础信号未定；真合化后原信号已失效；只有单一弱远争议信号；或该结论会越界到M4风险、M5适配。,由共享基础引擎与M3-STATE修正；日主承载、印比支持只修正自主与执行，不直接等于有无边界。,不限定；夫妻星仅在入宫或形成角色、责任边界时参与接口，不作为BOUND唯一主轴。,由M3-BASE、日支主气及宫位动态提供。,无／待BOUND路径规则组合,日柱与日支近位优先；全局有效独立信号可作次通道。,由共享基础引擎判定,由共享基础引擎判定,喜忌不直接等于边界好坏；只修正调用顺畅度、资源压力和状态切换。,原十神性质有效；真合化成立时按化神所属功能系统重建。,由共享基础引擎判定,68,分享 +5,sharing_mode,分享主要围绕共同任务、资源、计划和责任。,你可能先共享需要一起处理的现实信息，情绪和私人内容则按信任逐步开放。,不得由本规则直接推出回避亲密、依赖失控、控制欲、冷漠、自私、关系破裂、分手离婚、人格或依恋类型；不得把某种边界方式等同于爱得更多或更少。,中,待验证,,provisional=true; rule_group=DIM_BQ05_H03,0.5
M3-BOUND-110,BQ05 分享开放方式｜H04 开放状态未定,L2 BOUND过程维度,BOUND-过程维度,通用,维度状态,BQ05,H04,资料不足或通道彼此牵制。,基础信号未定；真合化后原信号已失效；只有单一弱远争议信号；或该结论会越界到M4风险、M5适配。,由共享基础引擎与M3-STATE修正；日主承载、印比支持只修正自主与执行，不直接等于有无边界。,不限定；夫妻星仅在入宫或形成角色、责任边界时参与接口，不作为BOUND唯一主轴。,由M3-BASE、日支主气及宫位动态提供。,无／待BOUND路径规则组合,日柱与日支近位优先；全局有效独立信号可作次通道。,由共享基础引擎判定,由共享基础引擎判定,喜忌不直接等于边界好坏；只修正调用顺畅度、资源压力和状态切换。,原十神性质有效；真合化成立时按化神所属功能系统重建。,由共享基础引擎判定,68,不加分；降置信,sharing_mode,不能把沉默或外显直接等同开放程度。,目前只能判断你会按内容和情境选择分享，具体开放度需要真实关系反馈。,不得由本规则直接推出回避亲密、依赖失控、控制欲、冷漠、自私、关系破裂、分手离婚、人格或依恋类型；不得把某种边界方式等同于爱得更多或更少。,中,待验证,,provisional=true; rule_group=DIM_BQ05_H04,0.5
M3-BOUND-111,BQ06 需求表达方式｜N01 直接具体,L2 BOUND过程维度,BOUND-过程维度,通用,维度状态,BQ06,N01,比肩、伤官、正财、正官或七杀表达证据成立。,基础信号未定；真合化后原信号已失效；只有单一弱远争议信号；或该结论会越界到M4风险、M5适配。,由共享基础引擎与M3-STATE修正；日主承载、印比支持只修正自主与执行，不直接等于有无边界。,不限定；夫妻星仅在入宫或形成角色、责任边界时参与接口，不作为BOUND唯一主轴。,由M3-BASE、日支主气及宫位动态提供。,无／待BOUND路径规则组合,日柱与日支近位优先；全局有效独立信号可作次通道。,由共享基础引擎判定,由共享基础引擎判定,喜忌不直接等于边界好坏；只修正调用顺畅度、资源压力和状态切换。,原十神性质有效；真合化成立时按化神所属功能系统重建。,由共享基础引擎判定,68,候选 +5,need_expression,需求较容易被翻译成清楚事项、边界或行动请求。,当你需要什么时，通常更容易直接说明事项、范围和希望对方怎样回应。,不得由本规则直接推出回避亲密、依赖失控、控制欲、冷漠、自私、关系破裂、分手离婚、人格或依恋类型；不得把某种边界方式等同于爱得更多或更少。,中,待验证,,provisional=true; rule_group=DIM_BQ06_N01,0.5
M3-BOUND-112,BQ06 需求表达方式｜N02 温和铺垫,L2 BOUND过程维度,BOUND-过程维度,通用,维度状态,BQ06,N02,食神、正印或安全语境证据成立。,基础信号未定；真合化后原信号已失效；只有单一弱远争议信号；或该结论会越界到M4风险、M5适配。,由共享基础引擎与M3-STATE修正；日主承载、印比支持只修正自主与执行，不直接等于有无边界。,不限定；夫妻星仅在入宫或形成角色、责任边界时参与接口，不作为BOUND唯一主轴。,由M3-BASE、日支主气及宫位动态提供。,无／待BOUND路径规则组合,日柱与日支近位优先；全局有效独立信号可作次通道。,由共享基础引擎判定,由共享基础引擎判定,喜忌不直接等于边界好坏；只修正调用顺畅度、资源压力和状态切换。,原十神性质有效；真合化成立时按化神所属功能系统重建。,由共享基础引擎判定,68,候选 +5,need_expression,用户先建立舒适和被理解感，再逐步说出真正需要。,你更容易先说明感受和背景，在气氛安全以后再提出具体需要。,不得由本规则直接推出回避亲密、依赖失控、控制欲、冷漠、自私、关系破裂、分手离婚、人格或依恋类型；不得把某种边界方式等同于爱得更多或更少。,中,待验证,,provisional=true; rule_group=DIM_BQ06_N02,0.5
M3-BOUND-113,BQ06 需求表达方式｜N03 先内部整理,L2 BOUND过程维度,BOUND-过程维度,通用,维度状态,BQ06,N03,偏印或藏而有根的内化通道明显。,基础信号未定；真合化后原信号已失效；只有单一弱远争议信号；或该结论会越界到M4风险、M5适配。,由共享基础引擎与M3-STATE修正；日主承载、印比支持只修正自主与执行，不直接等于有无边界。,不限定；夫妻星仅在入宫或形成角色、责任边界时参与接口，不作为BOUND唯一主轴。,由M3-BASE、日支主气及宫位动态提供。,无／待BOUND路径规则组合,日柱与日支近位优先；全局有效独立信号可作次通道。,由共享基础引擎判定,由共享基础引擎判定,喜忌不直接等于边界好坏；只修正调用顺畅度、资源压力和状态切换。,原十神性质有效；真合化成立时按化神所属功能系统重建。,由共享基础引擎判定,68,候选 +5,need_expression,用户需要先识别真正需求，再进行选择性表达。,你通常需要先想清楚自己真正需要什么，再把核心部分告诉对方。,不得由本规则直接推出回避亲密、依赖失控、控制欲、冷漠、自私、关系破裂、分手离婚、人格或依恋类型；不得把某种边界方式等同于爱得更多或更少。,中,待验证,,provisional=true; rule_group=DIM_BQ06_N03,0.5
M3-BOUND-114,BQ06 需求表达方式｜N04 行动带出,L2 BOUND过程维度,BOUND-过程维度,通用,维度状态,BQ06,N04,劫财、财官杀或共同任务通道明显。,基础信号未定；真合化后原信号已失效；只有单一弱远争议信号；或该结论会越界到M4风险、M5适配。,由共享基础引擎与M3-STATE修正；日主承载、印比支持只修正自主与执行，不直接等于有无边界。,不限定；夫妻星仅在入宫或形成角色、责任边界时参与接口，不作为BOUND唯一主轴。,由M3-BASE、日支主气及宫位动态提供。,无／待BOUND路径规则组合,日柱与日支近位优先；全局有效独立信号可作次通道。,由共享基础引擎判定,由共享基础引擎判定,喜忌不直接等于边界好坏；只修正调用顺畅度、资源压力和状态切换。,原十神性质有效；真合化成立时按化神所属功能系统重建。,由共享基础引擎判定,68,候选 +5,need_expression,需求先以一起做事、调整安排或行动请求出现。,你的需要可能先通过共同任务、实际安排或行动请求被带出来。,不得由本规则直接推出回避亲密、依赖失控、控制欲、冷漠、自私、关系破裂、分手离婚、人格或依恋类型；不得把某种边界方式等同于爱得更多或更少。,中,待验证,,provisional=true; rule_group=DIM_BQ06_N04,0.5
M3-BOUND-115,BQ07 拒绝与限制表达｜R01 直接明确,L2 BOUND过程维度,BOUND-过程维度,通用,维度状态,BQ07,R01,比肩、伤官、正官或七杀通道可靠。,基础信号未定；真合化后原信号已失效；只有单一弱远争议信号；或该结论会越界到M4风险、M5适配。,由共享基础引擎与M3-STATE修正；日主承载、印比支持只修正自主与执行，不直接等于有无边界。,不限定；夫妻星仅在入宫或形成角色、责任边界时参与接口，不作为BOUND唯一主轴。,由M3-BASE、日支主气及宫位动态提供。,无／待BOUND路径规则组合,日柱与日支近位优先；全局有效独立信号可作次通道。,由共享基础引擎判定,由共享基础引擎判定,喜忌不直接等于边界好坏；只修正调用顺畅度、资源压力和状态切换。,原十神性质有效；真合化成立时按化神所属功能系统重建。,由共享基础引擎判定,68,拒绝 +6,refusal_style,用户能较快说明不可接受的事项或停止线。,当某件事不合适时，你通常会较直接地说明限制、不同意或需要停止。,不得由本规则直接推出回避亲密、依赖失控、控制欲、冷漠、自私、关系破裂、分手离婚、人格或依恋类型；不得把某种边界方式等同于爱得更多或更少。,中,待验证,,provisional=true; rule_group=DIM_BQ07_R01,0.5
M3-BOUND-116,BQ07 拒绝与限制表达｜R02 协商调整,L2 BOUND过程维度,BOUND-过程维度,通用,维度状态,BQ07,R02,食伤、正财、偏财或双向协商证据成立。,基础信号未定；真合化后原信号已失效；只有单一弱远争议信号；或该结论会越界到M4风险、M5适配。,由共享基础引擎与M3-STATE修正；日主承载、印比支持只修正自主与执行，不直接等于有无边界。,不限定；夫妻星仅在入宫或形成角色、责任边界时参与接口，不作为BOUND唯一主轴。,由M3-BASE、日支主气及宫位动态提供。,无／待BOUND路径规则组合,日柱与日支近位优先；全局有效独立信号可作次通道。,由共享基础引擎判定,由共享基础引擎判定,喜忌不直接等于边界好坏；只修正调用顺畅度、资源压力和状态切换。,原十神性质有效；真合化成立时按化神所属功能系统重建。,由共享基础引擎判定,68,拒绝 +5,refusal_style,用户倾向提出替代方案、重新安排或缩小范围。,你更常通过调整时间、方式、范围或分工来表达拒绝，而不是只给出一个“不要”。,不得由本规则直接推出回避亲密、依赖失控、控制欲、冷漠、自私、关系破裂、分手离婚、人格或依恋类型；不得把某种边界方式等同于爱得更多或更少。,中,待验证,,provisional=true; rule_group=DIM_BQ07_R02,0.5
M3-BOUND-117,BQ07 拒绝与限制表达｜R03 延后确认,L2 BOUND过程维度,BOUND-过程维度,通用,维度状态,BQ07,R03,正印、偏印或需要安全／内部整理的信号明显。,基础信号未定；真合化后原信号已失效；只有单一弱远争议信号；或该结论会越界到M4风险、M5适配。,由共享基础引擎与M3-STATE修正；日主承载、印比支持只修正自主与执行，不直接等于有无边界。,不限定；夫妻星仅在入宫或形成角色、责任边界时参与接口，不作为BOUND唯一主轴。,由M3-BASE、日支主气及宫位动态提供。,无／待BOUND路径规则组合,日柱与日支近位优先；全局有效独立信号可作次通道。,由共享基础引擎判定,由共享基础引擎判定,喜忌不直接等于边界好坏；只修正调用顺畅度、资源压力和状态切换。,原十神性质有效；真合化成立时按化神所属功能系统重建。,由共享基础引擎判定,68,拒绝 +5,refusal_style,用户先暂停接收信息或暂缓决定，再给出完整回应。,你可能需要先暂停、想清楚或恢复安全感，之后再给出明确答复。,不得由本规则直接推出回避亲密、依赖失控、控制欲、冷漠、自私、关系破裂、分手离婚、人格或依恋类型；不得把某种边界方式等同于爱得更多或更少。,中,待验证,,provisional=true; rule_group=DIM_BQ07_R03,0.5
M3-BOUND-118,BQ07 拒绝与限制表达｜R04 拒绝状态未定,L2 BOUND过程维度,BOUND-过程维度,通用,维度状态,BQ07,R04,表达与执行信号不一致，或只有单次行为。,基础信号未定；真合化后原信号已失效；只有单一弱远争议信号；或该结论会越界到M4风险、M5适配。,由共享基础引擎与M3-STATE修正；日主承载、印比支持只修正自主与执行，不直接等于有无边界。,不限定；夫妻星仅在入宫或形成角色、责任边界时参与接口，不作为BOUND唯一主轴。,由M3-BASE、日支主气及宫位动态提供。,无／待BOUND路径规则组合,日柱与日支近位优先；全局有效独立信号可作次通道。,由共享基础引擎判定,由共享基础引擎判定,喜忌不直接等于边界好坏；只修正调用顺畅度、资源压力和状态切换。,原十神性质有效；真合化成立时按化神所属功能系统重建。,由共享基础引擎判定,68,不加分；降置信,refusal_style,不能把一次沉默、一次爆发或一次妥协写成固定拒绝方式。,目前只能判断你会在直接、协商和暂停之间选择，具体方式取决于情境。,不得由本规则直接推出回避亲密、依赖失控、控制欲、冷漠、自私、关系破裂、分手离婚、人格或依恋类型；不得把某种边界方式等同于爱得更多或更少。,中,待验证,,provisional=true; rule_group=DIM_BQ07_R04,0.5
M3-BOUND-119,BQ08 暂停与回归节奏｜T01 短暂停顿后回归,L2 BOUND过程维度,BOUND-过程维度,通用,维度状态,BQ08,T01,比肩、伤官或中和可用信号，且有回到协商的证据。,基础信号未定；真合化后原信号已失效；只有单一弱远争议信号；或该结论会越界到M4风险、M5适配。,由共享基础引擎与M3-STATE修正；日主承载、印比支持只修正自主与执行，不直接等于有无边界。,不限定；夫妻星仅在入宫或形成角色、责任边界时参与接口，不作为BOUND唯一主轴。,由M3-BASE、日支主气及宫位动态提供。,无／待BOUND路径规则组合,日柱与日支近位优先；全局有效独立信号可作次通道。,由共享基础引擎判定,由共享基础引擎判定,喜忌不直接等于边界好坏；只修正调用顺畅度、资源压力和状态切换。,原十神性质有效；真合化成立时按化神所属功能系统重建。,由共享基础引擎判定,68,回归 +5,pause_return_style,暂停用于整理和降压，之后能较快回到讨论。,需要停一下时，你更可能短暂整理，随后回到问题本身继续沟通。,不得由本规则直接推出回避亲密、依赖失控、控制欲、冷漠、自私、关系破裂、分手离婚、人格或依恋类型；不得把某种边界方式等同于爱得更多或更少。,中,待验证,,provisional=true; rule_group=DIM_BQ08_T01,0.5
M3-BOUND-120,BQ08 暂停与回归节奏｜T02 问题处理后回归,L2 BOUND过程维度,BOUND-过程维度,通用,维度状态,BQ08,T02,财官杀行动通道明显。,基础信号未定；真合化后原信号已失效；只有单一弱远争议信号；或该结论会越界到M4风险、M5适配。,由共享基础引擎与M3-STATE修正；日主承载、印比支持只修正自主与执行，不直接等于有无边界。,不限定；夫妻星仅在入宫或形成角色、责任边界时参与接口，不作为BOUND唯一主轴。,由M3-BASE、日支主气及宫位动态提供。,无／待BOUND路径规则组合,日柱与日支近位优先；全局有效独立信号可作次通道。,由共享基础引擎判定,由共享基础引擎判定,喜忌不直接等于边界好坏；只修正调用顺畅度、资源压力和状态切换。,原十神性质有效；真合化成立时按化神所属功能系统重建。,由共享基础引擎判定,68,回归 +5,pause_return_style,用户先处理现实问题、风险或责任，再恢复亲密交流。,你可能先把具体问题处理好，事情稳定后再回到情绪和关系沟通。,不得由本规则直接推出回避亲密、依赖失控、控制欲、冷漠、自私、关系破裂、分手离婚、人格或依恋类型；不得把某种边界方式等同于爱得更多或更少。,中,待验证,,provisional=true; rule_group=DIM_BQ08_T02,0.5
M3-BOUND-121,BQ08 暂停与回归节奏｜T03 安全恢复后回归,L2 BOUND过程维度,BOUND-过程维度,通用,维度状态,BQ08,T03,正印、偏印或害／刑的安全确认需要明显。,基础信号未定；真合化后原信号已失效；只有单一弱远争议信号；或该结论会越界到M4风险、M5适配。,由共享基础引擎与M3-STATE修正；日主承载、印比支持只修正自主与执行，不直接等于有无边界。,不限定；夫妻星仅在入宫或形成角色、责任边界时参与接口，不作为BOUND唯一主轴。,由M3-BASE、日支主气及宫位动态提供。,无／待BOUND路径规则组合,日柱与日支近位优先；全局有效独立信号可作次通道。,由共享基础引擎判定,由共享基础引擎判定,喜忌不直接等于边界好坏；只修正调用顺畅度、资源压力和状态切换。,原十神性质有效；真合化成立时按化神所属功能系统重建。,由共享基础引擎判定,68,回归 +5,pause_return_style,用户需要重新确认被理解、被尊重或不被催促，才愿意重新开放。,你更容易在安全感和理解恢复以后，再重新打开交流和亲近。,不得由本规则直接推出回避亲密、依赖失控、控制欲、冷漠、自私、关系破裂、分手离婚、人格或依恋类型；不得把某种边界方式等同于爱得更多或更少。,中,待验证,,provisional=true; rule_group=DIM_BQ08_T03,0.5
M3-BOUND-122,BQ08 暂停与回归节奏｜T04 回归路径未定,L2 BOUND过程维度,BOUND-过程维度,通用,维度状态,BQ08,T04,仅有暂停信号，无独立恢复链。,基础信号未定；真合化后原信号已失效；只有单一弱远争议信号；或该结论会越界到M4风险、M5适配。,由共享基础引擎与M3-STATE修正；日主承载、印比支持只修正自主与执行，不直接等于有无边界。,不限定；夫妻星仅在入宫或形成角色、责任边界时参与接口，不作为BOUND唯一主轴。,由M3-BASE、日支主气及宫位动态提供。,无／待BOUND路径规则组合,日柱与日支近位优先；全局有效独立信号可作次通道。,由共享基础引擎判定,由共享基础引擎判定,喜忌不直接等于边界好坏；只修正调用顺畅度、资源压力和状态切换。,原十神性质有效；真合化成立时按化神所属功能系统重建。,由共享基础引擎判定,68,不加分；路由REPAIR,pause_return_style,只能判断需要暂停，不能推断一定会怎样回到关系。,目前可以确认你有暂停需要，但具体怎样重新靠近，还需要结合修复模块。,不得由本规则直接推出回避亲密、依赖失控、控制欲、冷漠、自私、关系破裂、分手离婚、人格或依恋类型；不得把某种边界方式等同于爱得更多或更少。,中,待验证,,provisional=true; rule_group=DIM_BQ08_T04,0.5
M3-BOUND-123,BQ09 边界重新协商｜G01 即时调整,L2 BOUND过程维度,BOUND-过程维度,通用,维度状态,BQ09,G01,劫财、偏财、冲或明确变化事件成立。,基础信号未定；真合化后原信号已失效；只有单一弱远争议信号；或该结论会越界到M4风险、M5适配。,由共享基础引擎与M3-STATE修正；日主承载、印比支持只修正自主与执行，不直接等于有无边界。,不限定；夫妻星仅在入宫或形成角色、责任边界时参与接口，不作为BOUND唯一主轴。,由M3-BASE、日支主气及宫位动态提供。,无／待BOUND路径规则组合,日柱与日支近位优先；全局有效独立信号可作次通道。,由共享基础引擎判定,由共享基础引擎判定,喜忌不直接等于边界好坏；只修正调用顺畅度、资源压力和状态切换。,原十神性质有效；真合化成立时按化神所属功能系统重建。,由共享基础引擎判定,68,重订 +5,renegotiation_style,边界在变化发生时迅速重订。,当现实发生变化时，你更愿意及时调整安排，不把旧规则机械沿用。,不得由本规则直接推出回避亲密、依赖失控、控制欲、冷漠、自私、关系破裂、分手离婚、人格或依恋类型；不得把某种边界方式等同于爱得更多或更少。,中,待验证,,provisional=true; rule_group=DIM_BQ09_G01,0.5
M3-BOUND-124,BQ09 边界重新协商｜G02 定期协商,L2 BOUND过程维度,BOUND-过程维度,通用,维度状态,BQ09,G02,正财、正官或稳定共同安排成立。,基础信号未定；真合化后原信号已失效；只有单一弱远争议信号；或该结论会越界到M4风险、M5适配。,由共享基础引擎与M3-STATE修正；日主承载、印比支持只修正自主与执行，不直接等于有无边界。,不限定；夫妻星仅在入宫或形成角色、责任边界时参与接口，不作为BOUND唯一主轴。,由M3-BASE、日支主气及宫位动态提供。,无／待BOUND路径规则组合,日柱与日支近位优先；全局有效独立信号可作次通道。,由共享基础引擎判定,由共享基础引擎判定,喜忌不直接等于边界好坏；只修正调用顺畅度、资源压力和状态切换。,原十神性质有效；真合化成立时按化神所属功能系统重建。,由共享基础引擎判定,68,重订 +5,renegotiation_style,边界通过固定复盘、约定和分工维护。,你更容易通过定期确认、重新分工和明确约定来维护边界。,不得由本规则直接推出回避亲密、依赖失控、控制欲、冷漠、自私、关系破裂、分手离婚、人格或依恋类型；不得把某种边界方式等同于爱得更多或更少。,中,待验证,,provisional=true; rule_group=DIM_BQ09_G02,0.5
M3-BOUND-125,BQ09 边界重新协商｜G03 事件后重订,L2 BOUND过程维度,BOUND-过程维度,通用,维度状态,BQ09,G03,刑、害、破或关键事件提供独立证据。,基础信号未定；真合化后原信号已失效；只有单一弱远争议信号；或该结论会越界到M4风险、M5适配。,由共享基础引擎与M3-STATE修正；日主承载、印比支持只修正自主与执行，不直接等于有无边界。,不限定；夫妻星仅在入宫或形成角色、责任边界时参与接口，不作为BOUND唯一主轴。,由M3-BASE、日支主气及宫位动态提供。,无／待BOUND路径规则组合,日柱与日支近位优先；全局有效独立信号可作次通道。,由共享基础引擎判定,由共享基础引擎判定,喜忌不直接等于边界好坏；只修正调用顺畅度、资源压力和状态切换。,原十神性质有效；真合化成立时按化神所属功能系统重建。,由共享基础引擎判定,68,重订 +5,renegotiation_style,边界在出现错位或旧安排失效后被重新定义。,当某次事件暴露出不合适之处，你更倾向事后把规则和权限重新说清楚。,不得由本规则直接推出回避亲密、依赖失控、控制欲、冷漠、自私、关系破裂、分手离婚、人格或依恋类型；不得把某种边界方式等同于爱得更多或更少。,中,待验证,,provisional=true; rule_group=DIM_BQ09_G03,0.5
M3-BOUND-126,BQ09 边界重新协商｜G04 重订状态未定,L2 BOUND过程维度,BOUND-过程维度,通用,维度状态,BQ09,G04,只有宫位动态，无表达、行动或现实协商证据。,基础信号未定；真合化后原信号已失效；只有单一弱远争议信号；或该结论会越界到M4风险、M5适配。,由共享基础引擎与M3-STATE修正；日主承载、印比支持只修正自主与执行，不直接等于有无边界。,不限定；夫妻星仅在入宫或形成角色、责任边界时参与接口，不作为BOUND唯一主轴。,由M3-BASE、日支主气及宫位动态提供。,无／待BOUND路径规则组合,日柱与日支近位优先；全局有效独立信号可作次通道。,由共享基础引擎判定,由共享基础引擎判定,喜忌不直接等于边界好坏；只修正调用顺畅度、资源压力和状态切换。,原十神性质有效；真合化成立时按化神所属功能系统重建。,由共享基础引擎判定,68,不加分；降置信,renegotiation_style,不能仅凭刑冲合害破确定现实协商方式。,目前只能说明关系边界可能需要调整，具体怎样调整还需看真实沟通。,不得由本规则直接推出回避亲密、依赖失控、控制欲、冷漠、自私、关系破裂、分手离婚、人格或依恋类型；不得把某种边界方式等同于爱得更多或更少。,中,待验证,,provisional=true; rule_group=DIM_BQ09_G04,0.5
M3-BOUND-127,BQ10 接受照顾与保留自主｜C01 直接接收,L2 BOUND过程维度,BOUND-过程维度,通用,维度状态,BQ10,C01,正印、正财、正官或信任证据可靠，且无强烈权限冲突。,基础信号未定；真合化后原信号已失效；只有单一弱远争议信号；或该结论会越界到M4风险、M5适配。,由共享基础引擎与M3-STATE修正；日主承载、印比支持只修正自主与执行，不直接等于有无边界。,不限定；夫妻星仅在入宫或形成角色、责任边界时参与接口，不作为BOUND唯一主轴。,由M3-BASE、日支主气及宫位动态提供。,无／待BOUND路径规则组合,日柱与日支近位优先；全局有效独立信号可作次通道。,由共享基础引擎判定,由共享基础引擎判定,喜忌不直接等于边界好坏；只修正调用顺畅度、资源压力和状态切换。,原十神性质有效；真合化成立时按化神所属功能系统重建。,由共享基础引擎判定,68,接收 +5,support_acceptance_boundary,用户在支持清楚、可靠时能够直接接受。,当帮助方式清楚、可靠并尊重你时，你通常能够直接接收。,不得由本规则直接推出回避亲密、依赖失控、控制欲、冷漠、自私、关系破裂、分手离婚、人格或依恋类型；不得把某种边界方式等同于爱得更多或更少。,中,待验证,,provisional=true; rule_group=DIM_BQ10_C01,0.5
M3-BOUND-128,BQ10 接受照顾与保留自主｜C02 保留参与权后接收,L2 BOUND过程维度,BOUND-过程维度,通用,维度状态,BQ10,C02,比肩、劫财或双方协作证据明显。,基础信号未定；真合化后原信号已失效；只有单一弱远争议信号；或该结论会越界到M4风险、M5适配。,由共享基础引擎与M3-STATE修正；日主承载、印比支持只修正自主与执行，不直接等于有无边界。,不限定；夫妻星仅在入宫或形成角色、责任边界时参与接口，不作为BOUND唯一主轴。,由M3-BASE、日支主气及宫位动态提供。,无／待BOUND路径规则组合,日柱与日支近位优先；全局有效独立信号可作次通道。,由共享基础引擎判定,由共享基础引擎判定,喜忌不直接等于边界好坏；只修正调用顺畅度、资源压力和状态切换。,原十神性质有效；真合化成立时按化神所属功能系统重建。,由共享基础引擎判定,68,接收 +5,support_acceptance_boundary,用户需要自己仍能参与、决定或执行一部分。,你更容易接受保留参与感和选择权的帮助，而不是被完全替代。,不得由本规则直接推出回避亲密、依赖失控、控制欲、冷漠、自私、关系破裂、分手离婚、人格或依恋类型；不得把某种边界方式等同于爱得更多或更少。,中,待验证,,provisional=true; rule_group=DIM_BQ10_C02,0.5
M3-BOUND-129,BQ10 接受照顾与保留自主｜C03 先验证再接收,L2 BOUND过程维度,BOUND-过程维度,通用,维度状态,BQ10,C03,正官、正财、偏印或持续性门槛明显。,基础信号未定；真合化后原信号已失效；只有单一弱远争议信号；或该结论会越界到M4风险、M5适配。,由共享基础引擎与M3-STATE修正；日主承载、印比支持只修正自主与执行，不直接等于有无边界。,不限定；夫妻星仅在入宫或形成角色、责任边界时参与接口，不作为BOUND唯一主轴。,由M3-BASE、日支主气及宫位动态提供。,无／待BOUND路径规则组合,日柱与日支近位优先；全局有效独立信号可作次通道。,由共享基础引擎判定,由共享基础引擎判定,喜忌不直接等于边界好坏；只修正调用顺畅度、资源压力和状态切换。,原十神性质有效；真合化成立时按化神所属功能系统重建。,由共享基础引擎判定,68,接收 +5,support_acceptance_boundary,用户先看对方是否持续、是否真正理解，再把帮助视为可依赖。,你可能先观察这份帮助能否持续、是否真正适合，再逐步接受。,不得由本规则直接推出回避亲密、依赖失控、控制欲、冷漠、自私、关系破裂、分手离婚、人格或依恋类型；不得把某种边界方式等同于爱得更多或更少。,中,待验证,,provisional=true; rule_group=DIM_BQ10_C03,0.5
M3-BOUND-130,BQ10 接受照顾与保留自主｜C04 选择性接收,L2 BOUND过程维度,BOUND-过程维度,通用,维度状态,BQ10,C04,偏印、伤官或专业匹配信号明显。,基础信号未定；真合化后原信号已失效；只有单一弱远争议信号；或该结论会越界到M4风险、M5适配。,由共享基础引擎与M3-STATE修正；日主承载、印比支持只修正自主与执行，不直接等于有无边界。,不限定；夫妻星仅在入宫或形成角色、责任边界时参与接口，不作为BOUND唯一主轴。,由M3-BASE、日支主气及宫位动态提供。,无／待BOUND路径规则组合,日柱与日支近位优先；全局有效独立信号可作次通道。,由共享基础引擎判定,由共享基础引擎判定,喜忌不直接等于边界好坏；只修正调用顺畅度、资源压力和状态切换。,原十神性质有效；真合化成立时按化神所属功能系统重建。,由共享基础引擎判定,68,接收 +5,support_acceptance_boundary,用户只接收与核心需要匹配、不过度侵入的部分。,你更愿意接收精准、尊重复杂性、不过度干预的帮助。,不得由本规则直接推出回避亲密、依赖失控、控制欲、冷漠、自私、关系破裂、分手离婚、人格或依恋类型；不得把某种边界方式等同于爱得更多或更少。,中,待验证,,provisional=true; rule_group=DIM_BQ10_C04,0.5
M3-BOUND-131,BP01 平等协商型｜模式定义,L3 BOUND模式,BOUND-边界模式,通用,模式定义,BP01,,BD01有效，且自主或协商维度至少一项可靠；不得只有单一弱远比肩。,基础信号未定；真合化后原信号已失效；只有单一弱远争议信号；或该结论会越界到M4风险、M5适配。,由共享基础引擎与M3-STATE修正；日主承载、印比支持只修正自主与执行，不直接等于有无边界。,不限定；夫妻星仅在入宫或形成角色、责任边界时参与接口，不作为BOUND唯一主轴。,由M3-BASE、日支主气及宫位动态提供。,无／待BOUND路径规则组合,日柱与日支近位优先；全局有效独立信号可作次通道。,由共享基础引擎判定,由共享基础引擎判定,喜忌不直接等于边界好坏；只修正调用顺畅度、资源压力和状态切换。,原十神性质有效；真合化成立时按化神所属功能系统重建。,由共享基础引擎判定,70,模式候选 +10,boundary_pattern,以平等、各自负责和共同讨论维持边界。,你的边界模式更接近“平等协商型”：以平等、各自负责和共同讨论维持边界。,不得由本规则直接推出回避亲密、依赖失控、控制欲、冷漠、自私、关系破裂、分手离婚、人格或依恋类型；不得把某种边界方式等同于爱得更多或更少。,中高,待验证,,provisional=true; rule_group=PATTERN_BP01_DEF,0.5
M3-BOUND-132,BP01 平等协商型｜成立与输出门槛,L3 BOUND模式,BOUND-边界模式,通用,模式门槛,BP01,,BD01有效，且自主或协商维度至少一项可靠；不得只有单一弱远比肩。；并至少有两类独立证据相互支持。,基础信号未定；真合化后原信号已失效；只有单一弱远争议信号；或该结论会越界到M4风险、M5适配。,由共享基础引擎与M3-STATE修正；日主承载、印比支持只修正自主与执行，不直接等于有无边界。,不限定；夫妻星仅在入宫或形成角色、责任边界时参与接口，不作为BOUND唯一主轴。,由M3-BASE、日支主气及宫位动态提供。,无／待BOUND路径规则组合,日柱与日支近位优先；全局有效独立信号可作次通道。,由共享基础引擎判定,由共享基础引擎判定,喜忌不直接等于边界好坏；只修正调用顺畅度、资源压力和状态切换。,原十神性质有效；真合化成立时按化神所属功能系统重建。,由共享基础引擎判定,82,达到门槛后写入主模式；否则降为候选,boundary_pattern,模式标签只能在通道、过程维度、日支或现实行为形成独立证据链后输出。,这一判断看的是你怎样安排亲密、空间和决定权，不代表其他方式缺失。,不得由本规则直接推出回避亲密、依赖失控、控制欲、冷漠、自私、关系破裂、分手离婚、人格或依恋类型；不得把某种边界方式等同于爱得更多或更少。,中,待验证,,provisional=true; rule_group=PATTERN_BP01_GATE,0.5
M3-BOUND-133,BP02 共同参与型｜模式定义,L3 BOUND模式,BOUND-边界模式,通用,模式定义,BP02,,BD02有效，且共同活动靠近、共同决定或行动接收至少一项可靠。,基础信号未定；真合化后原信号已失效；只有单一弱远争议信号；或该结论会越界到M4风险、M5适配。,由共享基础引擎与M3-STATE修正；日主承载、印比支持只修正自主与执行，不直接等于有无边界。,不限定；夫妻星仅在入宫或形成角色、责任边界时参与接口，不作为BOUND唯一主轴。,由M3-BASE、日支主气及宫位动态提供。,无／待BOUND路径规则组合,日柱与日支近位优先；全局有效独立信号可作次通道。,由共享基础引擎判定,由共享基础引擎判定,喜忌不直接等于边界好坏；只修正调用顺畅度、资源压力和状态切换。,原十神性质有效；真合化成立时按化神所属功能系统重建。,由共享基础引擎判定,70,模式候选 +10,boundary_pattern,边界在一起做事和即时互动中形成，重视双方都参与。,你的边界模式更接近“共同参与型”：边界在一起做事和即时互动中形成，重视双方都参与。,不得由本规则直接推出回避亲密、依赖失控、控制欲、冷漠、自私、关系破裂、分手离婚、人格或依恋类型；不得把某种边界方式等同于爱得更多或更少。,中高,待验证,,provisional=true; rule_group=PATTERN_BP02_DEF,0.5
M3-BOUND-134,BP02 共同参与型｜成立与输出门槛,L3 BOUND模式,BOUND-边界模式,通用,模式门槛,BP02,,BD02有效，且共同活动靠近、共同决定或行动接收至少一项可靠。；并至少有两类独立证据相互支持。,基础信号未定；真合化后原信号已失效；只有单一弱远争议信号；或该结论会越界到M4风险、M5适配。,由共享基础引擎与M3-STATE修正；日主承载、印比支持只修正自主与执行，不直接等于有无边界。,不限定；夫妻星仅在入宫或形成角色、责任边界时参与接口，不作为BOUND唯一主轴。,由M3-BASE、日支主气及宫位动态提供。,无／待BOUND路径规则组合,日柱与日支近位优先；全局有效独立信号可作次通道。,由共享基础引擎判定,由共享基础引擎判定,喜忌不直接等于边界好坏；只修正调用顺畅度、资源压力和状态切换。,原十神性质有效；真合化成立时按化神所属功能系统重建。,由共享基础引擎判定,82,达到门槛后写入主模式；否则降为候选,boundary_pattern,模式标签只能在通道、过程维度、日支或现实行为形成独立证据链后输出。,这一判断看的是你怎样安排亲密、空间和决定权，不代表其他方式缺失。,不得由本规则直接推出回避亲密、依赖失控、控制欲、冷漠、自私、关系破裂、分手离婚、人格或依恋类型；不得把某种边界方式等同于爱得更多或更少。,中,待验证,,provisional=true; rule_group=PATTERN_BP02_GATE,0.5
M3-BOUND-135,BP03 舒适渐进型｜模式定义,L3 BOUND模式,BOUND-边界模式,通用,模式定义,BP03,,BD03有效，且渐进靠近、温和需求或缓冲暂停至少一项可靠。,基础信号未定；真合化后原信号已失效；只有单一弱远争议信号；或该结论会越界到M4风险、M5适配。,由共享基础引擎与M3-STATE修正；日主承载、印比支持只修正自主与执行，不直接等于有无边界。,不限定；夫妻星仅在入宫或形成角色、责任边界时参与接口，不作为BOUND唯一主轴。,由M3-BASE、日支主气及宫位动态提供。,无／待BOUND路径规则组合,日柱与日支近位优先；全局有效独立信号可作次通道。,由共享基础引擎判定,由共享基础引擎判定,喜忌不直接等于边界好坏；只修正调用顺畅度、资源压力和状态切换。,原十神性质有效；真合化成立时按化神所属功能系统重建。,由共享基础引擎判定,70,模式候选 +10,boundary_pattern,通过低压力、逐步熟悉和照顾节奏建立亲密边界。,你的边界模式更接近“舒适渐进型”：通过低压力、逐步熟悉和照顾节奏建立亲密边界。,不得由本规则直接推出回避亲密、依赖失控、控制欲、冷漠、自私、关系破裂、分手离婚、人格或依恋类型；不得把某种边界方式等同于爱得更多或更少。,中高,待验证,,provisional=true; rule_group=PATTERN_BP03_DEF,0.5
M3-BOUND-136,BP03 舒适渐进型｜成立与输出门槛,L3 BOUND模式,BOUND-边界模式,通用,模式门槛,BP03,,BD03有效，且渐进靠近、温和需求或缓冲暂停至少一项可靠。；并至少有两类独立证据相互支持。,基础信号未定；真合化后原信号已失效；只有单一弱远争议信号；或该结论会越界到M4风险、M5适配。,由共享基础引擎与M3-STATE修正；日主承载、印比支持只修正自主与执行，不直接等于有无边界。,不限定；夫妻星仅在入宫或形成角色、责任边界时参与接口，不作为BOUND唯一主轴。,由M3-BASE、日支主气及宫位动态提供。,无／待BOUND路径规则组合,日柱与日支近位优先；全局有效独立信号可作次通道。,由共享基础引擎判定,由共享基础引擎判定,喜忌不直接等于边界好坏；只修正调用顺畅度、资源压力和状态切换。,原十神性质有效；真合化成立时按化神所属功能系统重建。,由共享基础引擎判定,82,达到门槛后写入主模式；否则降为候选,boundary_pattern,模式标签只能在通道、过程维度、日支或现实行为形成独立证据链后输出。,这一判断看的是你怎样安排亲密、空间和决定权，不代表其他方式缺失。,不得由本规则直接推出回避亲密、依赖失控、控制欲、冷漠、自私、关系破裂、分手离婚、人格或依恋类型；不得把某种边界方式等同于爱得更多或更少。,中,待验证,,provisional=true; rule_group=PATTERN_BP03_GATE,0.5
M3-BOUND-137,BP04 清楚协商型｜模式定义,L3 BOUND模式,BOUND-边界模式,通用,模式定义,BP04,,BD04有效，且直接具体、协商拒绝或重订维度至少一项可靠。,基础信号未定；真合化后原信号已失效；只有单一弱远争议信号；或该结论会越界到M4风险、M5适配。,由共享基础引擎与M3-STATE修正；日主承载、印比支持只修正自主与执行，不直接等于有无边界。,不限定；夫妻星仅在入宫或形成角色、责任边界时参与接口，不作为BOUND唯一主轴。,由M3-BASE、日支主气及宫位动态提供。,无／待BOUND路径规则组合,日柱与日支近位优先；全局有效独立信号可作次通道。,由共享基础引擎判定,由共享基础引擎判定,喜忌不直接等于边界好坏；只修正调用顺畅度、资源压力和状态切换。,原十神性质有效；真合化成立时按化神所属功能系统重建。,由共享基础引擎判定,70,模式候选 +10,boundary_pattern,通过说明需求、解释限制和提出替代方案维护边界。,你的边界模式更接近“清楚协商型”：通过说明需求、解释限制和提出替代方案维护边界。,不得由本规则直接推出回避亲密、依赖失控、控制欲、冷漠、自私、关系破裂、分手离婚、人格或依恋类型；不得把某种边界方式等同于爱得更多或更少。,中高,待验证,,provisional=true; rule_group=PATTERN_BP04_DEF,0.5
M3-BOUND-138,BP04 清楚协商型｜成立与输出门槛,L3 BOUND模式,BOUND-边界模式,通用,模式门槛,BP04,,BD04有效，且直接具体、协商拒绝或重订维度至少一项可靠。；并至少有两类独立证据相互支持。,基础信号未定；真合化后原信号已失效；只有单一弱远争议信号；或该结论会越界到M4风险、M5适配。,由共享基础引擎与M3-STATE修正；日主承载、印比支持只修正自主与执行，不直接等于有无边界。,不限定；夫妻星仅在入宫或形成角色、责任边界时参与接口，不作为BOUND唯一主轴。,由M3-BASE、日支主气及宫位动态提供。,无／待BOUND路径规则组合,日柱与日支近位优先；全局有效独立信号可作次通道。,由共享基础引擎判定,由共享基础引擎判定,喜忌不直接等于边界好坏；只修正调用顺畅度、资源压力和状态切换。,原十神性质有效；真合化成立时按化神所属功能系统重建。,由共享基础引擎判定,82,达到门槛后写入主模式；否则降为候选,boundary_pattern,模式标签只能在通道、过程维度、日支或现实行为形成独立证据链后输出。,这一判断看的是你怎样安排亲密、空间和决定权，不代表其他方式缺失。,不得由本规则直接推出回避亲密、依赖失控、控制欲、冷漠、自私、关系破裂、分手离婚、人格或依恋类型；不得把某种边界方式等同于爱得更多或更少。,中,待验证,,provisional=true; rule_group=PATTERN_BP04_GATE,0.5
M3-BOUND-139,BP05 稳定共享型｜模式定义,L3 BOUND模式,BOUND-边界模式,通用,模式定义,BP05,,BD05有效，且日常开放、角色分工或定期协商至少一项可靠。,基础信号未定；真合化后原信号已失效；只有单一弱远争议信号；或该结论会越界到M4风险、M5适配。,由共享基础引擎与M3-STATE修正；日主承载、印比支持只修正自主与执行，不直接等于有无边界。,不限定；夫妻星仅在入宫或形成角色、责任边界时参与接口，不作为BOUND唯一主轴。,由M3-BASE、日支主气及宫位动态提供。,无／待BOUND路径规则组合,日柱与日支近位优先；全局有效独立信号可作次通道。,由共享基础引擎判定,由共享基础引擎判定,喜忌不直接等于边界好坏；只修正调用顺畅度、资源压力和状态切换。,原十神性质有效；真合化成立时按化神所属功能系统重建。,由共享基础引擎判定,70,模式候选 +10,boundary_pattern,通过固定时间、现实安排和稳定分工维持亲密与自主。,你的边界模式更接近“稳定共享型”：通过固定时间、现实安排和稳定分工维持亲密与自主。,不得由本规则直接推出回避亲密、依赖失控、控制欲、冷漠、自私、关系破裂、分手离婚、人格或依恋类型；不得把某种边界方式等同于爱得更多或更少。,中高,待验证,,provisional=true; rule_group=PATTERN_BP05_DEF,0.5
M3-BOUND-140,BP05 稳定共享型｜成立与输出门槛,L3 BOUND模式,BOUND-边界模式,通用,模式门槛,BP05,,BD05有效，且日常开放、角色分工或定期协商至少一项可靠。；并至少有两类独立证据相互支持。,基础信号未定；真合化后原信号已失效；只有单一弱远争议信号；或该结论会越界到M4风险、M5适配。,由共享基础引擎与M3-STATE修正；日主承载、印比支持只修正自主与执行，不直接等于有无边界。,不限定；夫妻星仅在入宫或形成角色、责任边界时参与接口，不作为BOUND唯一主轴。,由M3-BASE、日支主气及宫位动态提供。,无／待BOUND路径规则组合,日柱与日支近位优先；全局有效独立信号可作次通道。,由共享基础引擎判定,由共享基础引擎判定,喜忌不直接等于边界好坏；只修正调用顺畅度、资源压力和状态切换。,原十神性质有效；真合化成立时按化神所属功能系统重建。,由共享基础引擎判定,82,达到门槛后写入主模式；否则降为候选,boundary_pattern,模式标签只能在通道、过程维度、日支或现实行为形成独立证据链后输出。,这一判断看的是你怎样安排亲密、空间和决定权，不代表其他方式缺失。,不得由本规则直接推出回避亲密、依赖失控、控制欲、冷漠、自私、关系破裂、分手离婚、人格或依恋类型；不得把某种边界方式等同于爱得更多或更少。,中,待验证,,provisional=true; rule_group=PATTERN_BP05_GATE,0.5
M3-BOUND-141,BP06 弹性共享型｜模式定义,L3 BOUND模式,BOUND-边界模式,通用,模式定义,BP06,,BD06有效，且弹性空间、即时调整或体验靠近至少一项可靠。,基础信号未定；真合化后原信号已失效；只有单一弱远争议信号；或该结论会越界到M4风险、M5适配。,由共享基础引擎与M3-STATE修正；日主承载、印比支持只修正自主与执行，不直接等于有无边界。,不限定；夫妻星仅在入宫或形成角色、责任边界时参与接口，不作为BOUND唯一主轴。,由M3-BASE、日支主气及宫位动态提供。,无／待BOUND路径规则组合,日柱与日支近位优先；全局有效独立信号可作次通道。,由共享基础引擎判定,由共享基础引擎判定,喜忌不直接等于边界好坏；只修正调用顺畅度、资源压力和状态切换。,原十神性质有效；真合化成立时按化神所属功能系统重建。,由共享基础引擎判定,70,模式候选 +10,boundary_pattern,根据情境灵活调整共享范围、时间和社交空间。,你的边界模式更接近“弹性共享型”：根据情境灵活调整共享范围、时间和社交空间。,不得由本规则直接推出回避亲密、依赖失控、控制欲、冷漠、自私、关系破裂、分手离婚、人格或依恋类型；不得把某种边界方式等同于爱得更多或更少。,中高,待验证,,provisional=true; rule_group=PATTERN_BP06_DEF,0.5
M3-BOUND-142,BP06 弹性共享型｜成立与输出门槛,L3 BOUND模式,BOUND-边界模式,通用,模式门槛,BP06,,BD06有效，且弹性空间、即时调整或体验靠近至少一项可靠。；并至少有两类独立证据相互支持。,基础信号未定；真合化后原信号已失效；只有单一弱远争议信号；或该结论会越界到M4风险、M5适配。,由共享基础引擎与M3-STATE修正；日主承载、印比支持只修正自主与执行，不直接等于有无边界。,不限定；夫妻星仅在入宫或形成角色、责任边界时参与接口，不作为BOUND唯一主轴。,由M3-BASE、日支主气及宫位动态提供。,无／待BOUND路径规则组合,日柱与日支近位优先；全局有效独立信号可作次通道。,由共享基础引擎判定,由共享基础引擎判定,喜忌不直接等于边界好坏；只修正调用顺畅度、资源压力和状态切换。,原十神性质有效；真合化成立时按化神所属功能系统重建。,由共享基础引擎判定,82,达到门槛后写入主模式；否则降为候选,boundary_pattern,模式标签只能在通道、过程维度、日支或现实行为形成独立证据链后输出。,这一判断看的是你怎样安排亲密、空间和决定权，不代表其他方式缺失。,不得由本规则直接推出回避亲密、依赖失控、控制欲、冷漠、自私、关系破裂、分手离婚、人格或依恋类型；不得把某种边界方式等同于爱得更多或更少。,中,待验证,,provisional=true; rule_group=PATTERN_BP06_GATE,0.5
M3-BOUND-143,BP07 规则角色型｜模式定义,L3 BOUND模式,BOUND-边界模式,通用,模式定义,BP07,,BD07有效，且角色分工、直接限制或定期协商至少一项可靠。,基础信号未定；真合化后原信号已失效；只有单一弱远争议信号；或该结论会越界到M4风险、M5适配。,由共享基础引擎与M3-STATE修正；日主承载、印比支持只修正自主与执行，不直接等于有无边界。,不限定；夫妻星仅在入宫或形成角色、责任边界时参与接口，不作为BOUND唯一主轴。,由M3-BASE、日支主气及宫位动态提供。,无／待BOUND路径规则组合,日柱与日支近位优先；全局有效独立信号可作次通道。,由共享基础引擎判定,由共享基础引擎判定,喜忌不直接等于边界好坏；只修正调用顺畅度、资源压力和状态切换。,原十神性质有效；真合化成立时按化神所属功能系统重建。,由共享基础引擎判定,70,模式候选 +10,boundary_pattern,以承诺、角色和可追踪的共同规则明确权限。,你的边界模式更接近“规则角色型”：以承诺、角色和可追踪的共同规则明确权限。,不得由本规则直接推出回避亲密、依赖失控、控制欲、冷漠、自私、关系破裂、分手离婚、人格或依恋类型；不得把某种边界方式等同于爱得更多或更少。,中高,待验证,,provisional=true; rule_group=PATTERN_BP07_DEF,0.5
M3-BOUND-144,BP07 规则角色型｜成立与输出门槛,L3 BOUND模式,BOUND-边界模式,通用,模式门槛,BP07,,BD07有效，且角色分工、直接限制或定期协商至少一项可靠。；并至少有两类独立证据相互支持。,基础信号未定；真合化后原信号已失效；只有单一弱远争议信号；或该结论会越界到M4风险、M5适配。,由共享基础引擎与M3-STATE修正；日主承载、印比支持只修正自主与执行，不直接等于有无边界。,不限定；夫妻星仅在入宫或形成角色、责任边界时参与接口，不作为BOUND唯一主轴。,由M3-BASE、日支主气及宫位动态提供。,无／待BOUND路径规则组合,日柱与日支近位优先；全局有效独立信号可作次通道。,由共享基础引擎判定,由共享基础引擎判定,喜忌不直接等于边界好坏；只修正调用顺畅度、资源压力和状态切换。,原十神性质有效；真合化成立时按化神所属功能系统重建。,由共享基础引擎判定,82,达到门槛后写入主模式；否则降为候选,boundary_pattern,模式标签只能在通道、过程维度、日支或现实行为形成独立证据链后输出。,这一判断看的是你怎样安排亲密、空间和决定权，不代表其他方式缺失。,不得由本规则直接推出回避亲密、依赖失控、控制欲、冷漠、自私、关系破裂、分手离婚、人格或依恋类型；不得把某种边界方式等同于爱得更多或更少。,中,待验证,,provisional=true; rule_group=PATTERN_BP07_GATE,0.5
M3-BOUND-145,BP08 决断保护型｜模式定义,L3 BOUND模式,BOUND-边界模式,通用,模式定义,BP08,,BD08有效，且直接拒绝、问题处理后回归或压力抢先至少一项可靠。,基础信号未定；真合化后原信号已失效；只有单一弱远争议信号；或该结论会越界到M4风险、M5适配。,由共享基础引擎与M3-STATE修正；日主承载、印比支持只修正自主与执行，不直接等于有无边界。,不限定；夫妻星仅在入宫或形成角色、责任边界时参与接口，不作为BOUND唯一主轴。,由M3-BASE、日支主气及宫位动态提供。,无／待BOUND路径规则组合,日柱与日支近位优先；全局有效独立信号可作次通道。,由共享基础引擎判定,由共享基础引擎判定,喜忌不直接等于边界好坏；只修正调用顺畅度、资源压力和状态切换。,原十神性质有效；真合化成立时按化神所属功能系统重建。,由共享基础引擎判定,70,模式候选 +10,boundary_pattern,在关键情境迅速划定停止线、处理风险并保护关系边界。,你的边界模式更接近“决断保护型”：在关键情境迅速划定停止线、处理风险并保护关系边界。,不得由本规则直接推出回避亲密、依赖失控、控制欲、冷漠、自私、关系破裂、分手离婚、人格或依恋类型；不得把某种边界方式等同于爱得更多或更少。,中高,待验证,,provisional=true; rule_group=PATTERN_BP08_DEF,0.5
M3-BOUND-146,BP08 决断保护型｜成立与输出门槛,L3 BOUND模式,BOUND-边界模式,通用,模式门槛,BP08,,BD08有效，且直接拒绝、问题处理后回归或压力抢先至少一项可靠。；并至少有两类独立证据相互支持。,基础信号未定；真合化后原信号已失效；只有单一弱远争议信号；或该结论会越界到M4风险、M5适配。,由共享基础引擎与M3-STATE修正；日主承载、印比支持只修正自主与执行，不直接等于有无边界。,不限定；夫妻星仅在入宫或形成角色、责任边界时参与接口，不作为BOUND唯一主轴。,由M3-BASE、日支主气及宫位动态提供。,无／待BOUND路径规则组合,日柱与日支近位优先；全局有效独立信号可作次通道。,由共享基础引擎判定,由共享基础引擎判定,喜忌不直接等于边界好坏；只修正调用顺畅度、资源压力和状态切换。,原十神性质有效；真合化成立时按化神所属功能系统重建。,由共享基础引擎判定,82,达到门槛后写入主模式；否则降为候选,boundary_pattern,模式标签只能在通道、过程维度、日支或现实行为形成独立证据链后输出。,这一判断看的是你怎样安排亲密、空间和决定权，不代表其他方式缺失。,不得由本规则直接推出回避亲密、依赖失控、控制欲、冷漠、自私、关系破裂、分手离婚、人格或依恋类型；不得把某种边界方式等同于爱得更多或更少。,中,待验证,,provisional=true; rule_group=PATTERN_BP08_GATE,0.5
M3-BOUND-147,BP09 安全依托型｜模式定义,L3 BOUND模式,BOUND-边界模式,通用,模式定义,BP09,,BD09有效，且回应靠近、安全恢复或直接接收至少一项可靠。,基础信号未定；真合化后原信号已失效；只有单一弱远争议信号；或该结论会越界到M4风险、M5适配。,由共享基础引擎与M3-STATE修正；日主承载、印比支持只修正自主与执行，不直接等于有无边界。,不限定；夫妻星仅在入宫或形成角色、责任边界时参与接口，不作为BOUND唯一主轴。,由M3-BASE、日支主气及宫位动态提供。,无／待BOUND路径规则组合,日柱与日支近位优先；全局有效独立信号可作次通道。,由共享基础引擎判定,由共享基础引擎判定,喜忌不直接等于边界好坏；只修正调用顺畅度、资源压力和状态切换。,原十神性质有效；真合化成立时按化神所属功能系统重建。,由共享基础引擎判定,70,模式候选 +10,boundary_pattern,在理解、稳定回应和可信环境中允许依靠，同时保留内部确认。,你的边界模式更接近“安全依托型”：在理解、稳定回应和可信环境中允许依靠，同时保留内部确认。,不得由本规则直接推出回避亲密、依赖失控、控制欲、冷漠、自私、关系破裂、分手离婚、人格或依恋类型；不得把某种边界方式等同于爱得更多或更少。,中高,待验证,,provisional=true; rule_group=PATTERN_BP09_DEF,0.5
M3-BOUND-148,BP09 安全依托型｜成立与输出门槛,L3 BOUND模式,BOUND-边界模式,通用,模式门槛,BP09,,BD09有效，且回应靠近、安全恢复或直接接收至少一项可靠。；并至少有两类独立证据相互支持。,基础信号未定；真合化后原信号已失效；只有单一弱远争议信号；或该结论会越界到M4风险、M5适配。,由共享基础引擎与M3-STATE修正；日主承载、印比支持只修正自主与执行，不直接等于有无边界。,不限定；夫妻星仅在入宫或形成角色、责任边界时参与接口，不作为BOUND唯一主轴。,由M3-BASE、日支主气及宫位动态提供。,无／待BOUND路径规则组合,日柱与日支近位优先；全局有效独立信号可作次通道。,由共享基础引擎判定,由共享基础引擎判定,喜忌不直接等于边界好坏；只修正调用顺畅度、资源压力和状态切换。,原十神性质有效；真合化成立时按化神所属功能系统重建。,由共享基础引擎判定,82,达到门槛后写入主模式；否则降为候选,boundary_pattern,模式标签只能在通道、过程维度、日支或现实行为形成独立证据链后输出。,这一判断看的是你怎样安排亲密、空间和决定权，不代表其他方式缺失。,不得由本规则直接推出回避亲密、依赖失控、控制欲、冷漠、自私、关系破裂、分手离婚、人格或依恋类型；不得把某种边界方式等同于爱得更多或更少。,中,待验证,,provisional=true; rule_group=PATTERN_BP09_GATE,0.5
M3-BOUND-149,BP10 选择性空间型｜模式定义,L3 BOUND模式,BOUND-边界模式,通用,模式定义,BP10,,BD10有效，且稳定空间、先整理或选择性接收至少一项可靠。,基础信号未定；真合化后原信号已失效；只有单一弱远争议信号；或该结论会越界到M4风险、M5适配。,由共享基础引擎与M3-STATE修正；日主承载、印比支持只修正自主与执行，不直接等于有无边界。,不限定；夫妻星仅在入宫或形成角色、责任边界时参与接口，不作为BOUND唯一主轴。,由M3-BASE、日支主气及宫位动态提供。,无／待BOUND路径规则组合,日柱与日支近位优先；全局有效独立信号可作次通道。,由共享基础引擎判定,由共享基础引擎判定,喜忌不直接等于边界好坏；只修正调用顺畅度、资源压力和状态切换。,原十神性质有效；真合化成立时按化神所属功能系统重建。,由共享基础引擎判定,70,模式候选 +10,boundary_pattern,通过选择性开放、内部整理和尊重私人空间维持亲密。,你的边界模式更接近“选择性空间型”：通过选择性开放、内部整理和尊重私人空间维持亲密。,不得由本规则直接推出回避亲密、依赖失控、控制欲、冷漠、自私、关系破裂、分手离婚、人格或依恋类型；不得把某种边界方式等同于爱得更多或更少。,中高,待验证,,provisional=true; rule_group=PATTERN_BP10_DEF,0.5
M3-BOUND-150,BP10 选择性空间型｜成立与输出门槛,L3 BOUND模式,BOUND-边界模式,通用,模式门槛,BP10,,BD10有效，且稳定空间、先整理或选择性接收至少一项可靠。；并至少有两类独立证据相互支持。,基础信号未定；真合化后原信号已失效；只有单一弱远争议信号；或该结论会越界到M4风险、M5适配。,由共享基础引擎与M3-STATE修正；日主承载、印比支持只修正自主与执行，不直接等于有无边界。,不限定；夫妻星仅在入宫或形成角色、责任边界时参与接口，不作为BOUND唯一主轴。,由M3-BASE、日支主气及宫位动态提供。,无／待BOUND路径规则组合,日柱与日支近位优先；全局有效独立信号可作次通道。,由共享基础引擎判定,由共享基础引擎判定,喜忌不直接等于边界好坏；只修正调用顺畅度、资源压力和状态切换。,原十神性质有效；真合化成立时按化神所属功能系统重建。,由共享基础引擎判定,82,达到门槛后写入主模式；否则降为候选,boundary_pattern,模式标签只能在通道、过程维度、日支或现实行为形成独立证据链后输出。,这一判断看的是你怎样安排亲密、空间和决定权，不代表其他方式缺失。,不得由本规则直接推出回避亲密、依赖失控、控制欲、冷漠、自私、关系破裂、分手离婚、人格或依恋类型；不得把某种边界方式等同于爱得更多或更少。,中,待验证,,provisional=true; rule_group=PATTERN_BP10_GATE,0.5
M3-BOUND-151,BP11 双层边界型｜模式定义,L3 BOUND模式,BOUND-边界模式,通用,模式定义,BP11,,两个通道均达到次通道门槛，来源独立、功能不同且分差不足8分。,基础信号未定；真合化后原信号已失效；只有单一弱远争议信号；或该结论会越界到M4风险、M5适配。,由共享基础引擎与M3-STATE修正；日主承载、印比支持只修正自主与执行，不直接等于有无边界。,不限定；夫妻星仅在入宫或形成角色、责任边界时参与接口，不作为BOUND唯一主轴。,由M3-BASE、日支主气及宫位动态提供。,无／待BOUND路径规则组合,日柱与日支近位优先；全局有效独立信号可作次通道。,由共享基础引擎判定,由共享基础引擎判定,喜忌不直接等于边界好坏；只修正调用顺畅度、资源压力和状态切换。,原十神性质有效；真合化成立时按化神所属功能系统重建。,由共享基础引擎判定,70,模式候选 +10,boundary_pattern,两套功能不同的边界通道同时成立，一项负责靠近，一项负责权限或停止。,你的边界模式更接近“双层边界型”：两套功能不同的边界通道同时成立，一项负责靠近，一项负责权限或停止。,不得由本规则直接推出回避亲密、依赖失控、控制欲、冷漠、自私、关系破裂、分手离婚、人格或依恋类型；不得把某种边界方式等同于爱得更多或更少。,中高,待验证,,provisional=true; rule_group=PATTERN_BP11_DEF,0.5
M3-BOUND-152,BP11 双层边界型｜成立与输出门槛,L3 BOUND模式,BOUND-边界模式,通用,模式门槛,BP11,,两个通道均达到次通道门槛，来源独立、功能不同且分差不足8分。；并至少有两类独立证据相互支持。,基础信号未定；真合化后原信号已失效；只有单一弱远争议信号；或该结论会越界到M4风险、M5适配。,由共享基础引擎与M3-STATE修正；日主承载、印比支持只修正自主与执行，不直接等于有无边界。,不限定；夫妻星仅在入宫或形成角色、责任边界时参与接口，不作为BOUND唯一主轴。,由M3-BASE、日支主气及宫位动态提供。,无／待BOUND路径规则组合,日柱与日支近位优先；全局有效独立信号可作次通道。,由共享基础引擎判定,由共享基础引擎判定,喜忌不直接等于边界好坏；只修正调用顺畅度、资源压力和状态切换。,原十神性质有效；真合化成立时按化神所属功能系统重建。,由共享基础引擎判定,82,达到门槛后写入主模式；否则降为候选,boundary_pattern,模式标签只能在通道、过程维度、日支或现实行为形成独立证据链后输出。,这一判断看的是你怎样安排亲密、空间和决定权，不代表其他方式缺失。,不得由本规则直接推出回避亲密、依赖失控、控制欲、冷漠、自私、关系破裂、分手离婚、人格或依恋类型；不得把某种边界方式等同于爱得更多或更少。,中,待验证,,provisional=true; rule_group=PATTERN_BP11_GATE,0.5
M3-BOUND-153,BP12 情境切换型｜模式定义,L3 BOUND模式,BOUND-边界模式,通用,模式定义,BP12,,至少两个情境拥有独立通道证据，且M3-STATE或宫位动态支持切换。,基础信号未定；真合化后原信号已失效；只有单一弱远争议信号；或该结论会越界到M4风险、M5适配。,由共享基础引擎与M3-STATE修正；日主承载、印比支持只修正自主与执行，不直接等于有无边界。,不限定；夫妻星仅在入宫或形成角色、责任边界时参与接口，不作为BOUND唯一主轴。,由M3-BASE、日支主气及宫位动态提供。,无／待BOUND路径规则组合,日柱与日支近位优先；全局有效独立信号可作次通道。,由共享基础引擎判定,由共享基础引擎判定,喜忌不直接等于边界好坏；只修正调用顺畅度、资源压力和状态切换。,原十神性质有效；真合化成立时按化神所属功能系统重建。,由共享基础引擎判定,70,模式候选 +10,boundary_pattern,日常、压力、共同任务或不同关系阶段会调用不同边界通道。,你的边界模式更接近“情境切换型”：日常、压力、共同任务或不同关系阶段会调用不同边界通道。,不得由本规则直接推出回避亲密、依赖失控、控制欲、冷漠、自私、关系破裂、分手离婚、人格或依恋类型；不得把某种边界方式等同于爱得更多或更少。,中高,待验证,,provisional=true; rule_group=PATTERN_BP12_DEF,0.5
M3-BOUND-154,BP12 情境切换型｜成立与输出门槛,L3 BOUND模式,BOUND-边界模式,通用,模式门槛,BP12,,至少两个情境拥有独立通道证据，且M3-STATE或宫位动态支持切换。；并至少有两类独立证据相互支持。,基础信号未定；真合化后原信号已失效；只有单一弱远争议信号；或该结论会越界到M4风险、M5适配。,由共享基础引擎与M3-STATE修正；日主承载、印比支持只修正自主与执行，不直接等于有无边界。,不限定；夫妻星仅在入宫或形成角色、责任边界时参与接口，不作为BOUND唯一主轴。,由M3-BASE、日支主气及宫位动态提供。,无／待BOUND路径规则组合,日柱与日支近位优先；全局有效独立信号可作次通道。,由共享基础引擎判定,由共享基础引擎判定,喜忌不直接等于边界好坏；只修正调用顺畅度、资源压力和状态切换。,原十神性质有效；真合化成立时按化神所属功能系统重建。,由共享基础引擎判定,82,达到门槛后写入主模式；否则降为候选,boundary_pattern,模式标签只能在通道、过程维度、日支或现实行为形成独立证据链后输出。,这一判断看的是你怎样安排亲密、空间和决定权，不代表其他方式缺失。,不得由本规则直接推出回避亲密、依赖失控、控制欲、冷漠、自私、关系破裂、分手离婚、人格或依恋类型；不得把某种边界方式等同于爱得更多或更少。,中,待验证,,provisional=true; rule_group=PATTERN_BP12_GATE,0.5
M3-BOUND-155,DR01 快速明确靠近｜距离节奏,L3 BOUND距离节奏,BOUND-距离节奏,通用,距离节奏,DR01,,相关靠近、空间和位置证据至少两项一致；DR08用于证据不足。,基础信号未定；真合化后原信号已失效；只有单一弱远争议信号；或该结论会越界到M4风险、M5适配。,由共享基础引擎与M3-STATE修正；日主承载、印比支持只修正自主与执行，不直接等于有无边界。,不限定；夫妻星仅在入宫或形成角色、责任边界时参与接口，不作为BOUND唯一主轴。,由M3-BASE、日支主气及宫位动态提供。,无／待BOUND路径规则组合,日柱与日支近位优先；全局有效独立信号可作次通道。,由共享基础引擎判定,由共享基础引擎判定,喜忌不直接等于边界好坏；只修正调用顺畅度、资源压力和状态切换。,原十神性质有效；真合化成立时按化神所属功能系统重建。,由共享基础引擎判定,65,距离节奏候选 +6,distance_pattern,关键条件清楚、主通道外显且连续时，关系可以较快靠近，同时边界较早被说清。,关键条件清楚、主通道外显且连续时，关系可以较快靠近，同时边界较早被说清。,不得由本规则直接推出回避亲密、依赖失控、控制欲、冷漠、自私、关系破裂、分手离婚、人格或依恋类型；不得把某种边界方式等同于爱得更多或更少。,中,待验证,,provisional=true; rule_group=DISTANCE_DR01,0.5
M3-BOUND-156,DR02 渐进熟悉靠近｜距离节奏,L3 BOUND距离节奏,BOUND-距离节奏,通用,距离节奏,DR02,,相关靠近、空间和位置证据至少两项一致；DR08用于证据不足。,基础信号未定；真合化后原信号已失效；只有单一弱远争议信号；或该结论会越界到M4风险、M5适配。,由共享基础引擎与M3-STATE修正；日主承载、印比支持只修正自主与执行，不直接等于有无边界。,不限定；夫妻星仅在入宫或形成角色、责任边界时参与接口，不作为BOUND唯一主轴。,由M3-BASE、日支主气及宫位动态提供。,无／待BOUND路径规则组合,日柱与日支近位优先；全局有效独立信号可作次通道。,由共享基础引擎判定,由共享基础引擎判定,喜忌不直接等于边界好坏；只修正调用顺畅度、资源压力和状态切换。,原十神性质有效；真合化成立时按化神所属功能系统重建。,由共享基础引擎判定,65,距离节奏候选 +6,distance_pattern,需要通过重复接触、日常相处和稳定回应逐步增加亲密。,需要通过重复接触、日常相处和稳定回应逐步增加亲密。,不得由本规则直接推出回避亲密、依赖失控、控制欲、冷漠、自私、关系破裂、分手离婚、人格或依恋类型；不得把某种边界方式等同于爱得更多或更少。,中,待验证,,provisional=true; rule_group=DISTANCE_DR02,0.5
M3-BOUND-157,DR03 信任后开放｜距离节奏,L3 BOUND距离节奏,BOUND-距离节奏,通用,距离节奏,DR03,,相关靠近、空间和位置证据至少两项一致；DR08用于证据不足。,基础信号未定；真合化后原信号已失效；只有单一弱远争议信号；或该结论会越界到M4风险、M5适配。,由共享基础引擎与M3-STATE修正；日主承载、印比支持只修正自主与执行，不直接等于有无边界。,不限定；夫妻星仅在入宫或形成角色、责任边界时参与接口，不作为BOUND唯一主轴。,由M3-BASE、日支主气及宫位动态提供。,无／待BOUND路径规则组合,日柱与日支近位优先；全局有效独立信号可作次通道。,由共享基础引擎判定,由共享基础引擎判定,喜忌不直接等于边界好坏；只修正调用顺畅度、资源压力和状态切换。,原十神性质有效；真合化成立时按化神所属功能系统重建。,由共享基础引擎判定,65,距离节奏候选 +6,distance_pattern,先确认理解、安全或可靠性，再开放更多情绪、生活和依托。,先确认理解、安全或可靠性，再开放更多情绪、生活和依托。,不得由本规则直接推出回避亲密、依赖失控、控制欲、冷漠、自私、关系破裂、分手离婚、人格或依恋类型；不得把某种边界方式等同于爱得更多或更少。,中,待验证,,provisional=true; rule_group=DISTANCE_DR03,0.5
M3-BOUND-158,DR04 共同任务靠近｜距离节奏,L3 BOUND距离节奏,BOUND-距离节奏,通用,距离节奏,DR04,,相关靠近、空间和位置证据至少两项一致；DR08用于证据不足。,基础信号未定；真合化后原信号已失效；只有单一弱远争议信号；或该结论会越界到M4风险、M5适配。,由共享基础引擎与M3-STATE修正；日主承载、印比支持只修正自主与执行，不直接等于有无边界。,不限定；夫妻星仅在入宫或形成角色、责任边界时参与接口，不作为BOUND唯一主轴。,由M3-BASE、日支主气及宫位动态提供。,无／待BOUND路径规则组合,日柱与日支近位优先；全局有效独立信号可作次通道。,由共享基础引擎判定,由共享基础引擎判定,喜忌不直接等于边界好坏；只修正调用顺畅度、资源压力和状态切换。,原十神性质有效；真合化成立时按化神所属功能系统重建。,由共享基础引擎判定,65,距离节奏候选 +6,distance_pattern,一起做事、共同经历或协作会明显缩短距离。,一起做事、共同经历或协作会明显缩短距离。,不得由本规则直接推出回避亲密、依赖失控、控制欲、冷漠、自私、关系破裂、分手离婚、人格或依恋类型；不得把某种边界方式等同于爱得更多或更少。,中,待验证,,provisional=true; rule_group=DISTANCE_DR04,0.5
M3-BOUND-159,DR05 靠近—空间交替｜距离节奏,L3 BOUND距离节奏,BOUND-距离节奏,通用,距离节奏,DR05,,相关靠近、空间和位置证据至少两项一致；DR08用于证据不足。,基础信号未定；真合化后原信号已失效；只有单一弱远争议信号；或该结论会越界到M4风险、M5适配。,由共享基础引擎与M3-STATE修正；日主承载、印比支持只修正自主与执行，不直接等于有无边界。,不限定；夫妻星仅在入宫或形成角色、责任边界时参与接口，不作为BOUND唯一主轴。,由M3-BASE、日支主气及宫位动态提供。,无／待BOUND路径规则组合,日柱与日支近位优先；全局有效独立信号可作次通道。,由共享基础引擎判定,由共享基础引擎判定,喜忌不直接等于边界好坏；只修正调用顺畅度、资源压力和状态切换。,原十神性质有效；真合化成立时按化神所属功能系统重建。,由共享基础引擎判定,65,距离节奏候选 +6,distance_pattern,亲密增加后需要阶段性整理或独处，再回到关系继续协商。,亲密增加后需要阶段性整理或独处，再回到关系继续协商。,不得由本规则直接推出回避亲密、依赖失控、控制欲、冷漠、自私、关系破裂、分手离婚、人格或依恋类型；不得把某种边界方式等同于爱得更多或更少。,中,待验证,,provisional=true; rule_group=DISTANCE_DR05,0.5
M3-BOUND-160,DR06 稳定共享节奏｜距离节奏,L3 BOUND距离节奏,BOUND-距离节奏,通用,距离节奏,DR06,,相关靠近、空间和位置证据至少两项一致；DR08用于证据不足。,基础信号未定；真合化后原信号已失效；只有单一弱远争议信号；或该结论会越界到M4风险、M5适配。,由共享基础引擎与M3-STATE修正；日主承载、印比支持只修正自主与执行，不直接等于有无边界。,不限定；夫妻星仅在入宫或形成角色、责任边界时参与接口，不作为BOUND唯一主轴。,由M3-BASE、日支主气及宫位动态提供。,无／待BOUND路径规则组合,日柱与日支近位优先；全局有效独立信号可作次通道。,由共享基础引擎判定,由共享基础引擎判定,喜忌不直接等于边界好坏；只修正调用顺畅度、资源压力和状态切换。,原十神性质有效；真合化成立时按化神所属功能系统重建。,由共享基础引擎判定,65,距离节奏候选 +6,distance_pattern,以固定安排、重复回应和可预期共享维持距离。,以固定安排、重复回应和可预期共享维持距离。,不得由本规则直接推出回避亲密、依赖失控、控制欲、冷漠、自私、关系破裂、分手离婚、人格或依恋类型；不得把某种边界方式等同于爱得更多或更少。,中,待验证,,provisional=true; rule_group=DISTANCE_DR06,0.5
M3-BOUND-161,DR07 并行自主节奏｜距离节奏,L3 BOUND距离节奏,BOUND-距离节奏,通用,距离节奏,DR07,,相关靠近、空间和位置证据至少两项一致；DR08用于证据不足。,基础信号未定；真合化后原信号已失效；只有单一弱远争议信号；或该结论会越界到M4风险、M5适配。,由共享基础引擎与M3-STATE修正；日主承载、印比支持只修正自主与执行，不直接等于有无边界。,不限定；夫妻星仅在入宫或形成角色、责任边界时参与接口，不作为BOUND唯一主轴。,由M3-BASE、日支主气及宫位动态提供。,无／待BOUND路径规则组合,日柱与日支近位优先；全局有效独立信号可作次通道。,由共享基础引擎判定,由共享基础引擎判定,喜忌不直接等于边界好坏；只修正调用顺畅度、资源压力和状态切换。,原十神性质有效；真合化成立时按化神所属功能系统重建。,由共享基础引擎判定,65,距离节奏候选 +6,distance_pattern,双方保持各自生活和判断，同时在关键事务上稳定联结。,双方保持各自生活和判断，同时在关键事务上稳定联结。,不得由本规则直接推出回避亲密、依赖失控、控制欲、冷漠、自私、关系破裂、分手离婚、人格或依恋类型；不得把某种边界方式等同于爱得更多或更少。,中,待验证,,provisional=true; rule_group=DISTANCE_DR07,0.5
M3-BOUND-162,DR08 距离节奏未定｜距离节奏,L3 BOUND距离节奏,BOUND-距离节奏,通用,距离节奏,DR08,,相关靠近、空间和位置证据至少两项一致；DR08用于证据不足。,基础信号未定；真合化后原信号已失效；只有单一弱远争议信号；或该结论会越界到M4风险、M5适配。,由共享基础引擎与M3-STATE修正；日主承载、印比支持只修正自主与执行，不直接等于有无边界。,不限定；夫妻星仅在入宫或形成角色、责任边界时参与接口，不作为BOUND唯一主轴。,由M3-BASE、日支主气及宫位动态提供。,无／待BOUND路径规则组合,日柱与日支近位优先；全局有效独立信号可作次通道。,由共享基础引擎判定,由共享基础引擎判定,喜忌不直接等于边界好坏；只修正调用顺畅度、资源压力和状态切换。,原十神性质有效；真合化成立时按化神所属功能系统重建。,由共享基础引擎判定,65,不加分；降置信,distance_pattern,现有证据不足以固定靠近和空间的先后，只能保留情境性。,现有证据不足以固定靠近和空间的先后，只能保留情境性。,不得由本规则直接推出回避亲密、依赖失控、控制欲、冷漠、自私、关系破裂、分手离婚、人格或依恋类型；不得把某种边界方式等同于爱得更多或更少。,中,待验证,,provisional=true; rule_group=DISTANCE_DR08,0.5
M3-BOUND-163,BE01 同步协商｜边界交换结构,L3 BOUND交换结构,BOUND-交换结构,通用,交换结构,BE01,,至少两项独立功能证据成立；BE07和BE08用于去重或停止。,基础信号未定；真合化后原信号已失效；只有单一弱远争议信号；或该结论会越界到M4风险、M5适配。,由共享基础引擎与M3-STATE修正；日主承载、印比支持只修正自主与执行，不直接等于有无边界。,不限定；夫妻星仅在入宫或形成角色、责任边界时参与接口，不作为BOUND唯一主轴。,由M3-BASE、日支主气及宫位动态提供。,无／待BOUND路径规则组合,日柱与日支近位优先；全局有效独立信号可作次通道。,由共享基础引擎判定,由共享基础引擎判定,喜忌不直接等于边界好坏；只修正调用顺畅度、资源压力和状态切换。,原十神性质有效；真合化成立时按化神所属功能系统重建。,由共享基础引擎判定,66,结构候选 +6／门控,boundary_exchange,靠近、分享和决定权在双方即时回应中同步调整。,靠近、分享和决定权在双方即时回应中同步调整。,不得由本规则直接推出回避亲密、依赖失控、控制欲、冷漠、自私、关系破裂、分手离婚、人格或依恋类型；不得把某种边界方式等同于爱得更多或更少。,中,待验证,,provisional=true; rule_group=EXCHANGE_BE01,0.5
M3-BOUND-164,BE02 先设界后靠近｜边界交换结构,L3 BOUND交换结构,BOUND-交换结构,通用,交换结构,BE02,,至少两项独立功能证据成立；BE07和BE08用于去重或停止。,基础信号未定；真合化后原信号已失效；只有单一弱远争议信号；或该结论会越界到M4风险、M5适配。,由共享基础引擎与M3-STATE修正；日主承载、印比支持只修正自主与执行，不直接等于有无边界。,不限定；夫妻星仅在入宫或形成角色、责任边界时参与接口，不作为BOUND唯一主轴。,由M3-BASE、日支主气及宫位动态提供。,无／待BOUND路径规则组合,日柱与日支近位优先；全局有效独立信号可作次通道。,由共享基础引擎判定,由共享基础引擎判定,喜忌不直接等于边界好坏；只修正调用顺畅度、资源压力和状态切换。,原十神性质有效；真合化成立时按化神所属功能系统重建。,由共享基础引擎判定,66,结构候选 +6／门控,boundary_exchange,先确认权限、角色或停止线，再逐步开放亲密。,先确认权限、角色或停止线，再逐步开放亲密。,不得由本规则直接推出回避亲密、依赖失控、控制欲、冷漠、自私、关系破裂、分手离婚、人格或依恋类型；不得把某种边界方式等同于爱得更多或更少。,中,待验证,,provisional=true; rule_group=EXCHANGE_BE02,0.5
M3-BOUND-165,BE03 先靠近后重订｜边界交换结构,L3 BOUND交换结构,BOUND-交换结构,通用,交换结构,BE03,,至少两项独立功能证据成立；BE07和BE08用于去重或停止。,基础信号未定；真合化后原信号已失效；只有单一弱远争议信号；或该结论会越界到M4风险、M5适配。,由共享基础引擎与M3-STATE修正；日主承载、印比支持只修正自主与执行，不直接等于有无边界。,不限定；夫妻星仅在入宫或形成角色、责任边界时参与接口，不作为BOUND唯一主轴。,由M3-BASE、日支主气及宫位动态提供。,无／待BOUND路径规则组合,日柱与日支近位优先；全局有效独立信号可作次通道。,由共享基础引擎判定,由共享基础引擎判定,喜忌不直接等于边界好坏；只修正调用顺畅度、资源压力和状态切换。,原十神性质有效；真合化成立时按化神所属功能系统重建。,由共享基础引擎判定,66,结构候选 +6／门控,boundary_exchange,先因互动或体验拉近距离，随后把共享范围和规则说清。,先因互动或体验拉近距离，随后把共享范围和规则说清。,不得由本规则直接推出回避亲密、依赖失控、控制欲、冷漠、自私、关系破裂、分手离婚、人格或依恋类型；不得把某种边界方式等同于爱得更多或更少。,中,待验证,,provisional=true; rule_group=EXCHANGE_BE03,0.5
M3-BOUND-166,BE04 安全先行｜边界交换结构,L3 BOUND交换结构,BOUND-交换结构,通用,交换结构,BE04,,至少两项独立功能证据成立；BE07和BE08用于去重或停止。,基础信号未定；真合化后原信号已失效；只有单一弱远争议信号；或该结论会越界到M4风险、M5适配。,由共享基础引擎与M3-STATE修正；日主承载、印比支持只修正自主与执行，不直接等于有无边界。,不限定；夫妻星仅在入宫或形成角色、责任边界时参与接口，不作为BOUND唯一主轴。,由M3-BASE、日支主气及宫位动态提供。,无／待BOUND路径规则组合,日柱与日支近位优先；全局有效独立信号可作次通道。,由共享基础引擎判定,由共享基础引擎判定,喜忌不直接等于边界好坏；只修正调用顺畅度、资源压力和状态切换。,原十神性质有效；真合化成立时按化神所属功能系统重建。,由共享基础引擎判定,66,结构候选 +6／门控,boundary_exchange,先获得理解和可信承接，再表达自主、需求或拒绝。,先获得理解和可信承接，再表达自主、需求或拒绝。,不得由本规则直接推出回避亲密、依赖失控、控制欲、冷漠、自私、关系破裂、分手离婚、人格或依恋类型；不得把某种边界方式等同于爱得更多或更少。,中,待验证,,provisional=true; rule_group=EXCHANGE_BE04,0.5
M3-BOUND-167,BE05 任务先行｜边界交换结构,L3 BOUND交换结构,BOUND-交换结构,通用,交换结构,BE05,,至少两项独立功能证据成立；BE07和BE08用于去重或停止。,基础信号未定；真合化后原信号已失效；只有单一弱远争议信号；或该结论会越界到M4风险、M5适配。,由共享基础引擎与M3-STATE修正；日主承载、印比支持只修正自主与执行，不直接等于有无边界。,不限定；夫妻星仅在入宫或形成角色、责任边界时参与接口，不作为BOUND唯一主轴。,由M3-BASE、日支主气及宫位动态提供。,无／待BOUND路径规则组合,日柱与日支近位优先；全局有效独立信号可作次通道。,由共享基础引擎判定,由共享基础引擎判定,喜忌不直接等于边界好坏；只修正调用顺畅度、资源压力和状态切换。,原十神性质有效；真合化成立时按化神所属功能系统重建。,由共享基础引擎判定,66,结构候选 +6／门控,boundary_exchange,先在共同事务和行动中确认彼此，再逐步开放私人内容。,先在共同事务和行动中确认彼此，再逐步开放私人内容。,不得由本规则直接推出回避亲密、依赖失控、控制欲、冷漠、自私、关系破裂、分手离婚、人格或依恋类型；不得把某种边界方式等同于爱得更多或更少。,中,待验证,,provisional=true; rule_group=EXCHANGE_BE05,0.5
M3-BOUND-168,BE06 角色分工｜边界交换结构,L3 BOUND交换结构,BOUND-交换结构,通用,交换结构,BE06,,至少两项独立功能证据成立；BE07和BE08用于去重或停止。,基础信号未定；真合化后原信号已失效；只有单一弱远争议信号；或该结论会越界到M4风险、M5适配。,由共享基础引擎与M3-STATE修正；日主承载、印比支持只修正自主与执行，不直接等于有无边界。,不限定；夫妻星仅在入宫或形成角色、责任边界时参与接口，不作为BOUND唯一主轴。,由M3-BASE、日支主气及宫位动态提供。,无／待BOUND路径规则组合,日柱与日支近位优先；全局有效独立信号可作次通道。,由共享基础引擎判定,由共享基础引擎判定,喜忌不直接等于边界好坏；只修正调用顺畅度、资源压力和状态切换。,原十神性质有效；真合化成立时按化神所属功能系统重建。,由共享基础引擎判定,66,结构候选 +6／门控,boundary_exchange,不同事务由不同一方或不同通道负责，边界不要求完全对称。,不同事务由不同一方或不同通道负责，边界不要求完全对称。,不得由本规则直接推出回避亲密、依赖失控、控制欲、冷漠、自私、关系破裂、分手离婚、人格或依恋类型；不得把某种边界方式等同于爱得更多或更少。,中,待验证,,provisional=true; rule_group=EXCHANGE_BE06,0.5
M3-BOUND-169,BE07 同义收敛｜边界交换结构,L3 BOUND交换结构,BOUND-交换结构,通用,交换结构,BE07,,至少两项独立功能证据成立；BE07和BE08用于去重或停止。,基础信号未定；真合化后原信号已失效；只有单一弱远争议信号；或该结论会越界到M4风险、M5适配。,由共享基础引擎与M3-STATE修正；日主承载、印比支持只修正自主与执行，不直接等于有无边界。,不限定；夫妻星仅在入宫或形成角色、责任边界时参与接口，不作为BOUND唯一主轴。,由M3-BASE、日支主气及宫位动态提供。,无／待BOUND路径规则组合,日柱与日支近位优先；全局有效独立信号可作次通道。,由共享基础引擎判定,由共享基础引擎判定,喜忌不直接等于边界好坏；只修正调用顺畅度、资源压力和状态切换。,原十神性质有效；真合化成立时按化神所属功能系统重建。,由共享基础引擎判定,66,去重／停止,boundary_exchange,多个规则实际描述同一权限事实，需要去重为一个核心边界。,多个规则实际描述同一权限事实，需要去重为一个核心边界。,不得由本规则直接推出回避亲密、依赖失控、控制欲、冷漠、自私、关系破裂、分手离婚、人格或依恋类型；不得把某种边界方式等同于爱得更多或更少。,中,待验证,,provisional=true; rule_group=EXCHANGE_BE07,0.5
M3-BOUND-170,BE08 交换结构未定｜边界交换结构,L3 BOUND交换结构,BOUND-交换结构,通用,交换结构,BE08,,至少两项独立功能证据成立；BE07和BE08用于去重或停止。,基础信号未定；真合化后原信号已失效；只有单一弱远争议信号；或该结论会越界到M4风险、M5适配。,由共享基础引擎与M3-STATE修正；日主承载、印比支持只修正自主与执行，不直接等于有无边界。,不限定；夫妻星仅在入宫或形成角色、责任边界时参与接口，不作为BOUND唯一主轴。,由M3-BASE、日支主气及宫位动态提供。,无／待BOUND路径规则组合,日柱与日支近位优先；全局有效独立信号可作次通道。,由共享基础引擎判定,由共享基础引擎判定,喜忌不直接等于边界好坏；只修正调用顺畅度、资源压力和状态切换。,原十神性质有效；真合化成立时按化神所属功能系统重建。,由共享基础引擎判定,66,去重／停止,boundary_exchange,证据不足、主次争议或真合化未定，暂不固定结构。,证据不足、主次争议或真合化未定，暂不固定结构。,不得由本规则直接推出回避亲密、依赖失控、控制欲、冷漠、自私、关系破裂、分手离婚、人格或依恋类型；不得把某种边界方式等同于爱得更多或更少。,中,待验证,,provisional=true; rule_group=EXCHANGE_BE08,0.5
M3-BOUND-171,BF01 安全→自主｜BOUND功能路径,L3 BOUND功能路径,BOUND-功能路径,通用,路径,印→比劫,BF01,路径起点与终点均有效，存在真实连接或第二类独立证据；单纯五行相生不能单独成立时间顺序。,基础信号未定；真合化后原信号已失效；只有单一弱远争议信号；或该结论会越界到M4风险、M5适配。,由共享基础引擎与M3-STATE修正；日主承载、印比支持只修正自主与执行，不直接等于有无边界。,不限定；夫妻星仅在入宫或形成角色、责任边界时参与接口，不作为BOUND唯一主轴。,由M3-BASE、日支主气及宫位动态提供。,无／待BOUND路径规则组合,日柱与日支近位优先；全局有效独立信号可作次通道。,由共享基础引擎判定,由共享基础引擎判定,喜忌不直接等于边界好坏；只修正调用顺畅度、资源压力和状态切换。,原十神性质有效；真合化成立时按化神所属功能系统重建。,由共享基础引擎判定,69,路径候选 +6,boundary_path,先确认被理解和关系安全，再形成自己的立场、选择和参与方式。,先确认被理解和关系安全，再形成自己的立场、选择和参与方式。,不得由本规则直接推出回避亲密、依赖失控、控制欲、冷漠、自私、关系破裂、分手离婚、人格或依恋类型；不得把某种边界方式等同于爱得更多或更少。,中高,待验证,,provisional=true; rule_group=FLOW_BF01,0.5
M3-BOUND-172,BF02 平等→表达｜BOUND功能路径,L3 BOUND功能路径,BOUND-功能路径,通用,路径,比劫→食伤,BF02,路径起点与终点均有效，存在真实连接或第二类独立证据；单纯五行相生不能单独成立时间顺序。,基础信号未定；真合化后原信号已失效；只有单一弱远争议信号；或该结论会越界到M4风险、M5适配。,由共享基础引擎与M3-STATE修正；日主承载、印比支持只修正自主与执行，不直接等于有无边界。,不限定；夫妻星仅在入宫或形成角色、责任边界时参与接口，不作为BOUND唯一主轴。,由M3-BASE、日支主气及宫位动态提供。,无／待BOUND路径规则组合,日柱与日支近位优先；全局有效独立信号可作次通道。,由共享基础引擎判定,由共享基础引擎判定,喜忌不直接等于边界好坏；只修正调用顺畅度、资源压力和状态切换。,原十神性质有效；真合化成立时按化神所属功能系统重建。,由共享基础引擎判定,69,路径候选 +6,boundary_path,先确认双方地位和选择权，再把需求、观点和限制说清楚。,先确认双方地位和选择权，再把需求、观点和限制说清楚。,不得由本规则直接推出回避亲密、依赖失控、控制欲、冷漠、自私、关系破裂、分手离婚、人格或依恋类型；不得把某种边界方式等同于爱得更多或更少。,中高,待验证,,provisional=true; rule_group=FLOW_BF02,0.5
M3-BOUND-173,BF03 表达→共享｜BOUND功能路径,L3 BOUND功能路径,BOUND-功能路径,通用,路径,食伤→财,BF03,路径起点与终点均有效，存在真实连接或第二类独立证据；单纯五行相生不能单独成立时间顺序。,基础信号未定；真合化后原信号已失效；只有单一弱远争议信号；或该结论会越界到M4风险、M5适配。,由共享基础引擎与M3-STATE修正；日主承载、印比支持只修正自主与执行，不直接等于有无边界。,不限定；夫妻星仅在入宫或形成角色、责任边界时参与接口，不作为BOUND唯一主轴。,由M3-BASE、日支主气及宫位动态提供。,无／待BOUND路径规则组合,日柱与日支近位优先；全局有效独立信号可作次通道。,由共享基础引擎判定,由共享基础引擎判定,喜忌不直接等于边界好坏；只修正调用顺畅度、资源压力和状态切换。,原十神性质有效；真合化成立时按化神所属功能系统重建。,由共享基础引擎判定,69,路径候选 +6,boundary_path,先通过交流建立理解，再把时间、资源和生活安排逐步共享。,先通过交流建立理解，再把时间、资源和生活安排逐步共享。,不得由本规则直接推出回避亲密、依赖失控、控制欲、冷漠、自私、关系破裂、分手离婚、人格或依恋类型；不得把某种边界方式等同于爱得更多或更少。,中高,待验证,,provisional=true; rule_group=FLOW_BF03,0.5
M3-BOUND-174,BF04 共享→责任｜BOUND功能路径,L3 BOUND功能路径,BOUND-功能路径,通用,路径,财→官杀,BF04,路径起点与终点均有效，存在真实连接或第二类独立证据；单纯五行相生不能单独成立时间顺序。,基础信号未定；真合化后原信号已失效；只有单一弱远争议信号；或该结论会越界到M4风险、M5适配。,由共享基础引擎与M3-STATE修正；日主承载、印比支持只修正自主与执行，不直接等于有无边界。,不限定；夫妻星仅在入宫或形成角色、责任边界时参与接口，不作为BOUND唯一主轴。,由M3-BASE、日支主气及宫位动态提供。,无／待BOUND路径规则组合,日柱与日支近位优先；全局有效独立信号可作次通道。,由共享基础引擎判定,由共享基础引擎判定,喜忌不直接等于边界好坏；只修正调用顺畅度、资源压力和状态切换。,原十神性质有效；真合化成立时按化神所属功能系统重建。,由共享基础引擎判定,69,路径候选 +6,boundary_path,先形成现实共同安排，再把责任、角色和承诺固定下来。,先形成现实共同安排，再把责任、角色和承诺固定下来。,不得由本规则直接推出回避亲密、依赖失控、控制欲、冷漠、自私、关系破裂、分手离婚、人格或依恋类型；不得把某种边界方式等同于爱得更多或更少。,中高,待验证,,provisional=true; rule_group=FLOW_BF04,0.5
M3-BOUND-175,BF05 兑现→安全｜BOUND功能路径,L3 BOUND功能路径,BOUND-功能路径,通用,路径,官杀→印,BF05,路径起点与终点均有效，存在真实连接或第二类独立证据；单纯五行相生不能单独成立时间顺序。,基础信号未定；真合化后原信号已失效；只有单一弱远争议信号；或该结论会越界到M4风险、M5适配。,由共享基础引擎与M3-STATE修正；日主承载、印比支持只修正自主与执行，不直接等于有无边界。,不限定；夫妻星仅在入宫或形成角色、责任边界时参与接口，不作为BOUND唯一主轴。,由M3-BASE、日支主气及宫位动态提供。,无／待BOUND路径规则组合,日柱与日支近位优先；全局有效独立信号可作次通道。,由共享基础引擎判定,由共享基础引擎判定,喜忌不直接等于边界好坏；只修正调用顺畅度、资源压力和状态切换。,原十神性质有效；真合化成立时按化神所属功能系统重建。,由共享基础引擎判定,69,路径候选 +6,boundary_path,通过持续守约、承担和行动兑现，形成愿意依托的安全感。,通过持续守约、承担和行动兑现，形成愿意依托的安全感。,不得由本规则直接推出回避亲密、依赖失控、控制欲、冷漠、自私、关系破裂、分手离婚、人格或依恋类型；不得把某种边界方式等同于爱得更多或更少。,中高,待验证,,provisional=true; rule_group=FLOW_BF05,0.5
M3-BOUND-176,BF06 内化→说明｜BOUND功能路径,L3 BOUND功能路径,BOUND-功能路径,通用,路径,偏印→伤官,BF06,路径起点与终点均有效，存在真实连接或第二类独立证据；单纯五行相生不能单独成立时间顺序。,基础信号未定；真合化后原信号已失效；只有单一弱远争议信号；或该结论会越界到M4风险、M5适配。,由共享基础引擎与M3-STATE修正；日主承载、印比支持只修正自主与执行，不直接等于有无边界。,不限定；夫妻星仅在入宫或形成角色、责任边界时参与接口，不作为BOUND唯一主轴。,由M3-BASE、日支主气及宫位动态提供。,无／待BOUND路径规则组合,日柱与日支近位优先；全局有效独立信号可作次通道。,由共享基础引擎判定,由共享基础引擎判定,喜忌不直接等于边界好坏；只修正调用顺畅度、资源压力和状态切换。,原十神性质有效；真合化成立时按化神所属功能系统重建。,由共享基础引擎判定,69,路径候选 +6,boundary_path,先独立整理复杂感受和真正需要，再进行清楚、选择性的说明。,先独立整理复杂感受和真正需要，再进行清楚、选择性的说明。,不得由本规则直接推出回避亲密、依赖失控、控制欲、冷漠、自私、关系破裂、分手离婚、人格或依恋类型；不得把某种边界方式等同于爱得更多或更少。,中高,待验证,,provisional=true; rule_group=FLOW_BF06,0.5
M3-BOUND-177,BF07 边界→资源共享｜BOUND功能路径,L3 BOUND功能路径,BOUND-功能路径,通用,路径,比劫→财,BF07,路径起点与终点均有效，存在真实连接或第二类独立证据；单纯五行相生不能单独成立时间顺序。,基础信号未定；真合化后原信号已失效；只有单一弱远争议信号；或该结论会越界到M4风险、M5适配。,由共享基础引擎与M3-STATE修正；日主承载、印比支持只修正自主与执行，不直接等于有无边界。,不限定；夫妻星仅在入宫或形成角色、责任边界时参与接口，不作为BOUND唯一主轴。,由M3-BASE、日支主气及宫位动态提供。,无／待BOUND路径规则组合,日柱与日支近位优先；全局有效独立信号可作次通道。,由共享基础引擎判定,由共享基础引擎判定,喜忌不直接等于边界好坏；只修正调用顺畅度、资源压力和状态切换。,原十神性质有效；真合化成立时按化神所属功能系统重建。,由共享基础引擎判定,69,路径候选 +6,boundary_path,先确认决定权和分工，再允许时间、金钱或生活资源进入共同范围。,先确认决定权和分工，再允许时间、金钱或生活资源进入共同范围。,不得由本规则直接推出回避亲密、依赖失控、控制欲、冷漠、自私、关系破裂、分手离婚、人格或依恋类型；不得把某种边界方式等同于爱得更多或更少。,中高,待验证,,provisional=true; rule_group=FLOW_BF07,0.5
M3-BOUND-178,BF08 止线→恢复靠近｜BOUND功能路径,L3 BOUND功能路径,BOUND-功能路径,通用,路径,七杀→食神／正印,BF08,路径起点与终点均有效，存在真实连接或第二类独立证据；单纯五行相生不能单独成立时间顺序。,基础信号未定；真合化后原信号已失效；只有单一弱远争议信号；或该结论会越界到M4风险、M5适配。,由共享基础引擎与M3-STATE修正；日主承载、印比支持只修正自主与执行，不直接等于有无边界。,不限定；夫妻星仅在入宫或形成角色、责任边界时参与接口，不作为BOUND唯一主轴。,由M3-BASE、日支主气及宫位动态提供。,无／待BOUND路径规则组合,日柱与日支近位优先；全局有效独立信号可作次通道。,由共享基础引擎判定,由共享基础引擎判定,喜忌不直接等于边界好坏；只修正调用顺畅度、资源压力和状态切换。,原十神性质有效；真合化成立时按化神所属功能系统重建。,由共享基础引擎判定,69,路径候选 +6,boundary_path,压力下先划定停止线或处理风险，稳定后再回到舒缓、理解和亲近。,压力下先划定停止线或处理风险，稳定后再回到舒缓、理解和亲近。,不得由本规则直接推出回避亲密、依赖失控、控制欲、冷漠、自私、关系破裂、分手离婚、人格或依恋类型；不得把某种边界方式等同于爱得更多或更少。,中高,待验证,,provisional=true; rule_group=FLOW_BF08,0.5
M3-BOUND-179,日支合｜BOUND基础节奏,L4 宫位动态,BOUND-合冲刑害破,通用,宫位动态,日支合,,日支合成立，作用对象与基础结构明确。,基础信号未定；真合化后原信号已失效；只有单一弱远争议信号；或该结论会越界到M4风险、M5适配。,由共享基础引擎与M3-STATE修正；日主承载、印比支持只修正自主与执行，不直接等于有无边界。,不限定；夫妻星仅在入宫或形成角色、责任边界时参与接口，不作为BOUND唯一主轴。,由M3-BASE、日支主气及宫位动态提供。,无／待BOUND路径规则组合,日柱与日支近位优先；全局有效独立信号可作次通道。,由共享基础引擎判定,由共享基础引擎判定,喜忌不直接等于边界好坏；只修正调用顺畅度、资源压力和状态切换。,原十神性质有效；真合化成立时按化神所属功能系统重建。,由共享基础引擎判定,80,节奏修正 +4,state_shift,关系中的靠近、共享和协商更容易相互牵连，需要把多项需求放在整体中处理。,关系中的靠近、共享和协商更容易相互牵连，需要把多项需求放在整体中处理。,不得由本规则直接推出回避亲密、依赖失控、控制欲、冷漠、自私、关系破裂、分手离婚、人格或依恋类型；不得把某种边界方式等同于爱得更多或更少。,中,待验证,,provisional=true; rule_group=PALACE_合_BASE,0.5
M3-BOUND-180,日支合｜靠近与空间修正,L4 宫位动态,BOUND-合冲刑害破,通用,距离修正,日支合,,日支合成立，且至少有一个有效BOUND通道。,基础信号未定；真合化后原信号已失效；只有单一弱远争议信号；或该结论会越界到M4风险、M5适配。,由共享基础引擎与M3-STATE修正；日主承载、印比支持只修正自主与执行，不直接等于有无边界。,不限定；夫妻星仅在入宫或形成角色、责任边界时参与接口，不作为BOUND唯一主轴。,由M3-BASE、日支主气及宫位动态提供。,无／待BOUND路径规则组合,日柱与日支近位优先；全局有效独立信号可作次通道。,由共享基础引擎判定,由共享基础引擎判定,喜忌不直接等于边界好坏；只修正调用顺畅度、资源压力和状态切换。,原十神性质有效；真合化成立时按化神所属功能系统重建。,由共享基础引擎判定,71,距离修正 +3,closeness_rhythm,合可能提高协调和靠近意愿，但不能单独判断依赖、黏人或失去边界。,合可能提高协调和靠近意愿，但不能单独判断依赖、黏人或失去边界。,不得由本规则直接推出回避亲密、依赖失控、控制欲、冷漠、自私、关系破裂、分手离婚、人格或依恋类型；不得把某种边界方式等同于爱得更多或更少。,中,待验证,,provisional=true; rule_group=PALACE_合_CLOSE,0.5
M3-BOUND-181,日支合｜重新协商提示,L4 宫位动态,BOUND-合冲刑害破,通用,重订修正,日支合,,日支合成立，并有表达、行动、角色或现实边界证据。,基础信号未定；真合化后原信号已失效；只有单一弱远争议信号；或该结论会越界到M4风险、M5适配。,由共享基础引擎与M3-STATE修正；日主承载、印比支持只修正自主与执行，不直接等于有无边界。,不限定；夫妻星仅在入宫或形成角色、责任边界时参与接口，不作为BOUND唯一主轴。,由M3-BASE、日支主气及宫位动态提供。,无／待BOUND路径规则组合,日柱与日支近位优先；全局有效独立信号可作次通道。,由共享基础引擎判定,由共享基础引擎判定,喜忌不直接等于边界好坏；只修正调用顺畅度、资源压力和状态切换。,原十神性质有效；真合化成立时按化神所属功能系统重建。,由共享基础引擎判定,72,重订候选 +4,renegotiation_style,边界更适合通过共同安排、整体协商和双方都能接受的连接方式重订。,边界更适合通过共同安排、整体协商和双方都能接受的连接方式重订。,不得由本规则直接推出回避亲密、依赖失控、控制欲、冷漠、自私、关系破裂、分手离婚、人格或依恋类型；不得把某种边界方式等同于爱得更多或更少。,中,待验证,,provisional=true; rule_group=PALACE_合_RENEG,0.5
M3-BOUND-182,日支合｜禁止结果化解释,L4 宫位动态,BOUND-合冲刑害破,通用,禁止推断,日支合,,日支合成立。,基础信号未定；真合化后原信号已失效；只有单一弱远争议信号；或该结论会越界到M4风险、M5适配。,由共享基础引擎与M3-STATE修正；日主承载、印比支持只修正自主与执行，不直接等于有无边界。,不限定；夫妻星仅在入宫或形成角色、责任边界时参与接口，不作为BOUND唯一主轴。,由M3-BASE、日支主气及宫位动态提供。,无／待BOUND路径规则组合,日柱与日支近位优先；全局有效独立信号可作次通道。,由共享基础引擎判定,由共享基础引擎判定,喜忌不直接等于边界好坏；只修正调用顺畅度、资源压力和状态切换。,原十神性质有效；真合化成立时按化神所属功能系统重建。,由共享基础引擎判定,97,不加分；边界检查,boundary_note,不得由日支合直接推出感情稳定、依赖、占有、第三者、结婚或不分离。,这里仅把宫位动态作为边界节奏修正，不把它直接写成感情结果。,不得由日支合直接推出感情稳定、依赖、占有、第三者、结婚或不分离。,高,待验证,,provisional=true; rule_group=PALACE_合_BAN,0.5
M3-BOUND-183,日支合｜停止／改道路由,L4 宫位动态,BOUND-合冲刑害破,通用,停止／路由,日支合,,日支合的成立、合化或阶段属性需要裁定。,基础信号未定；真合化后原信号已失效；只有单一弱远争议信号；或该结论会越界到M4风险、M5适配。,由共享基础引擎与M3-STATE修正；日主承载、印比支持只修正自主与执行，不直接等于有无边界。,不限定；夫妻星仅在入宫或形成角色、责任边界时参与接口，不作为BOUND唯一主轴。,由M3-BASE、日支主气及宫位动态提供。,无／待BOUND路径规则组合,日柱与日支近位优先；全局有效独立信号可作次通道。,由共享基础引擎判定,由共享基础引擎判定,喜忌不直接等于边界好坏；只修正调用顺畅度、资源压力和状态切换。,原十神性质有效；真合化成立时按化神所属功能系统重建。,由共享基础引擎判定,98,停止／替换／降置信,report_status,合而不化保留原通道；真合化成立时原通道清零并按化神重建。,合而不化保留原通道；真合化成立时原通道清零并按化神重建。,不得由本规则直接推出回避亲密、依赖失控、控制欲、冷漠、自私、关系破裂、分手离婚、人格或依恋类型；不得把某种边界方式等同于爱得更多或更少。,高,待验证,,provisional=true; rule_group=PALACE_合_STOP,0.5
M3-BOUND-184,日支冲｜BOUND基础节奏,L4 宫位动态,BOUND-合冲刑害破,通用,宫位动态,日支冲,,日支冲成立，作用对象与基础结构明确。,基础信号未定；真合化后原信号已失效；只有单一弱远争议信号；或该结论会越界到M4风险、M5适配。,由共享基础引擎与M3-STATE修正；日主承载、印比支持只修正自主与执行，不直接等于有无边界。,不限定；夫妻星仅在入宫或形成角色、责任边界时参与接口，不作为BOUND唯一主轴。,由M3-BASE、日支主气及宫位动态提供。,无／待BOUND路径规则组合,日柱与日支近位优先；全局有效独立信号可作次通道。,由共享基础引擎判定,由共享基础引擎判定,喜忌不直接等于边界好坏；只修正调用顺畅度、资源压力和状态切换。,原十神性质有效；真合化成立时按化神所属功能系统重建。,由共享基础引擎判定,80,节奏修正 +4,state_shift,关系距离、安排和权限更容易出现变化或差异外显，需要直接调整节奏。,关系距离、安排和权限更容易出现变化或差异外显，需要直接调整节奏。,不得由本规则直接推出回避亲密、依赖失控、控制欲、冷漠、自私、关系破裂、分手离婚、人格或依恋类型；不得把某种边界方式等同于爱得更多或更少。,中,待验证,,provisional=true; rule_group=PALACE_冲_BASE,0.5
M3-BOUND-185,日支冲｜靠近与空间修正,L4 宫位动态,BOUND-合冲刑害破,通用,距离修正,日支冲,,日支冲成立，且至少有一个有效BOUND通道。,基础信号未定；真合化后原信号已失效；只有单一弱远争议信号；或该结论会越界到M4风险、M5适配。,由共享基础引擎与M3-STATE修正；日主承载、印比支持只修正自主与执行，不直接等于有无边界。,不限定；夫妻星仅在入宫或形成角色、责任边界时参与接口，不作为BOUND唯一主轴。,由M3-BASE、日支主气及宫位动态提供。,无／待BOUND路径规则组合,日柱与日支近位优先；全局有效独立信号可作次通道。,由共享基础引擎判定,由共享基础引擎判定,喜忌不直接等于边界好坏；只修正调用顺畅度、资源压力和状态切换。,原十神性质有效；真合化成立时按化神所属功能系统重建。,由共享基础引擎判定,71,距离修正 +3,closeness_rhythm,冲提示靠近与空间可能更动态，不能单独判断分手、离婚或关系破裂。,冲提示靠近与空间可能更动态，不能单独判断分手、离婚或关系破裂。,不得由本规则直接推出回避亲密、依赖失控、控制欲、冷漠、自私、关系破裂、分手离婚、人格或依恋类型；不得把某种边界方式等同于爱得更多或更少。,中,待验证,,provisional=true; rule_group=PALACE_冲_CLOSE,0.5
M3-BOUND-186,日支冲｜重新协商提示,L4 宫位动态,BOUND-合冲刑害破,通用,重订修正,日支冲,,日支冲成立，并有表达、行动、角色或现实边界证据。,基础信号未定；真合化后原信号已失效；只有单一弱远争议信号；或该结论会越界到M4风险、M5适配。,由共享基础引擎与M3-STATE修正；日主承载、印比支持只修正自主与执行，不直接等于有无边界。,不限定；夫妻星仅在入宫或形成角色、责任边界时参与接口，不作为BOUND唯一主轴。,由M3-BASE、日支主气及宫位动态提供。,无／待BOUND路径规则组合,日柱与日支近位优先；全局有效独立信号可作次通道。,由共享基础引擎判定,由共享基础引擎判定,喜忌不直接等于边界好坏；只修正调用顺畅度、资源压力和状态切换。,原十神性质有效；真合化成立时按化神所属功能系统重建。,由共享基础引擎判定,72,重订候选 +4,renegotiation_style,边界更需要及时重订，明确什么改变了、哪些权限仍保留。,边界更需要及时重订，明确什么改变了、哪些权限仍保留。,不得由本规则直接推出回避亲密、依赖失控、控制欲、冷漠、自私、关系破裂、分手离婚、人格或依恋类型；不得把某种边界方式等同于爱得更多或更少。,中,待验证,,provisional=true; rule_group=PALACE_冲_RENEG,0.5
M3-BOUND-187,日支冲｜禁止结果化解释,L4 宫位动态,BOUND-合冲刑害破,通用,禁止推断,日支冲,,日支冲成立。,基础信号未定；真合化后原信号已失效；只有单一弱远争议信号；或该结论会越界到M4风险、M5适配。,由共享基础引擎与M3-STATE修正；日主承载、印比支持只修正自主与执行，不直接等于有无边界。,不限定；夫妻星仅在入宫或形成角色、责任边界时参与接口，不作为BOUND唯一主轴。,由M3-BASE、日支主气及宫位动态提供。,无／待BOUND路径规则组合,日柱与日支近位优先；全局有效独立信号可作次通道。,由共享基础引擎判定,由共享基础引擎判定,喜忌不直接等于边界好坏；只修正调用顺畅度、资源压力和状态切换。,原十神性质有效；真合化成立时按化神所属功能系统重建。,由共享基础引擎判定,97,不加分；边界检查,boundary_note,不得由日支冲直接推出争吵、分离、异地、婚变或无法稳定。,这里仅把宫位动态作为边界节奏修正，不把它直接写成感情结果。,不得由日支冲直接推出争吵、分离、异地、婚变或无法稳定。,高,待验证,,provisional=true; rule_group=PALACE_冲_BAN,0.5
M3-BOUND-188,日支冲｜停止／改道路由,L4 宫位动态,BOUND-合冲刑害破,通用,停止／路由,日支冲,,日支冲的成立、合化或阶段属性需要裁定。,基础信号未定；真合化后原信号已失效；只有单一弱远争议信号；或该结论会越界到M4风险、M5适配。,由共享基础引擎与M3-STATE修正；日主承载、印比支持只修正自主与执行，不直接等于有无边界。,不限定；夫妻星仅在入宫或形成角色、责任边界时参与接口，不作为BOUND唯一主轴。,由M3-BASE、日支主气及宫位动态提供。,无／待BOUND路径规则组合,日柱与日支近位优先；全局有效独立信号可作次通道。,由共享基础引擎判定,由共享基础引擎判定,喜忌不直接等于边界好坏；只修正调用顺畅度、资源压力和状态切换。,原十神性质有效；真合化成立时按化神所属功能系统重建。,由共享基础引擎判定,98,停止／替换／降置信,report_status,仅有冲而无表达、行动或现实变化证据时，只能写成调整候选。,仅有冲而无表达、行动或现实变化证据时，只能写成调整候选。,不得由本规则直接推出回避亲密、依赖失控、控制欲、冷漠、自私、关系破裂、分手离婚、人格或依恋类型；不得把某种边界方式等同于爱得更多或更少。,高,待验证,,provisional=true; rule_group=PALACE_冲_STOP,0.5
M3-BOUND-189,日支刑｜BOUND基础节奏,L4 宫位动态,BOUND-合冲刑害破,通用,宫位动态,日支刑,,日支刑成立，作用对象与基础结构明确。,基础信号未定；真合化后原信号已失效；只有单一弱远争议信号；或该结论会越界到M4风险、M5适配。,由共享基础引擎与M3-STATE修正；日主承载、印比支持只修正自主与执行，不直接等于有无边界。,不限定；夫妻星仅在入宫或形成角色、责任边界时参与接口，不作为BOUND唯一主轴。,由M3-BASE、日支主气及宫位动态提供。,无／待BOUND路径规则组合,日柱与日支近位优先；全局有效独立信号可作次通道。,由共享基础引擎判定,由共享基础引擎判定,喜忌不直接等于边界好坏；只修正调用顺畅度、资源压力和状态切换。,原十神性质有效；真合化成立时按化神所属功能系统重建。,由共享基础引擎判定,80,节奏修正 +4,state_shift,关系边界更容易通过反复校正、细节确认和多轮处理逐渐稳定。,关系边界更容易通过反复校正、细节确认和多轮处理逐渐稳定。,不得由本规则直接推出回避亲密、依赖失控、控制欲、冷漠、自私、关系破裂、分手离婚、人格或依恋类型；不得把某种边界方式等同于爱得更多或更少。,中,待验证,,provisional=true; rule_group=PALACE_刑_BASE,0.5
M3-BOUND-190,日支刑｜靠近与空间修正,L4 宫位动态,BOUND-合冲刑害破,通用,距离修正,日支刑,,日支刑成立，且至少有一个有效BOUND通道。,基础信号未定；真合化后原信号已失效；只有单一弱远争议信号；或该结论会越界到M4风险、M5适配。,由共享基础引擎与M3-STATE修正；日主承载、印比支持只修正自主与执行，不直接等于有无边界。,不限定；夫妻星仅在入宫或形成角色、责任边界时参与接口，不作为BOUND唯一主轴。,由M3-BASE、日支主气及宫位动态提供。,无／待BOUND路径规则组合,日柱与日支近位优先；全局有效独立信号可作次通道。,由共享基础引擎判定,由共享基础引擎判定,喜忌不直接等于边界好坏；只修正调用顺畅度、资源压力和状态切换。,原十神性质有效；真合化成立时按化神所属功能系统重建。,由共享基础引擎判定,71,距离修正 +3,closeness_rhythm,刑可能提高对细节、重复和边界一致性的敏感度，不等于长期痛苦。,刑可能提高对细节、重复和边界一致性的敏感度，不等于长期痛苦。,不得由本规则直接推出回避亲密、依赖失控、控制欲、冷漠、自私、关系破裂、分手离婚、人格或依恋类型；不得把某种边界方式等同于爱得更多或更少。,中,待验证,,provisional=true; rule_group=PALACE_刑_CLOSE,0.5
M3-BOUND-191,日支刑｜重新协商提示,L4 宫位动态,BOUND-合冲刑害破,通用,重订修正,日支刑,,日支刑成立，并有表达、行动、角色或现实边界证据。,基础信号未定；真合化后原信号已失效；只有单一弱远争议信号；或该结论会越界到M4风险、M5适配。,由共享基础引擎与M3-STATE修正；日主承载、印比支持只修正自主与执行，不直接等于有无边界。,不限定；夫妻星仅在入宫或形成角色、责任边界时参与接口，不作为BOUND唯一主轴。,由M3-BASE、日支主气及宫位动态提供。,无／待BOUND路径规则组合,日柱与日支近位优先；全局有效独立信号可作次通道。,由共享基础引擎判定,由共享基础引擎判定,喜忌不直接等于边界好坏；只修正调用顺畅度、资源压力和状态切换。,原十神性质有效；真合化成立时按化神所属功能系统重建。,由共享基础引擎判定,72,重订候选 +4,renegotiation_style,适合把模糊处拆开、多轮确认，而不是假定一次谈清就永不变化。,适合把模糊处拆开、多轮确认，而不是假定一次谈清就永不变化。,不得由本规则直接推出回避亲密、依赖失控、控制欲、冷漠、自私、关系破裂、分手离婚、人格或依恋类型；不得把某种边界方式等同于爱得更多或更少。,中,待验证,,provisional=true; rule_group=PALACE_刑_RENEG,0.5
M3-BOUND-192,日支刑｜禁止结果化解释,L4 宫位动态,BOUND-合冲刑害破,通用,禁止推断,日支刑,,日支刑成立。,基础信号未定；真合化后原信号已失效；只有单一弱远争议信号；或该结论会越界到M4风险、M5适配。,由共享基础引擎与M3-STATE修正；日主承载、印比支持只修正自主与执行，不直接等于有无边界。,不限定；夫妻星仅在入宫或形成角色、责任边界时参与接口，不作为BOUND唯一主轴。,由M3-BASE、日支主气及宫位动态提供。,无／待BOUND路径规则组合,日柱与日支近位优先；全局有效独立信号可作次通道。,由共享基础引擎判定,由共享基础引擎判定,喜忌不直接等于边界好坏；只修正调用顺畅度、资源压力和状态切换。,原十神性质有效；真合化成立时按化神所属功能系统重建。,由共享基础引擎判定,97,不加分；边界检查,boundary_note,不得由日支刑直接推出折磨、冷战、互害、婚姻不幸或人格问题。,这里仅把宫位动态作为边界节奏修正，不把它直接写成感情结果。,不得由日支刑直接推出折磨、冷战、互害、婚姻不幸或人格问题。,高,待验证,,provisional=true; rule_group=PALACE_刑_BAN,0.5
M3-BOUND-193,日支刑｜停止／改道路由,L4 宫位动态,BOUND-合冲刑害破,通用,停止／路由,日支刑,,日支刑的成立、合化或阶段属性需要裁定。,基础信号未定；真合化后原信号已失效；只有单一弱远争议信号；或该结论会越界到M4风险、M5适配。,由共享基础引擎与M3-STATE修正；日主承载、印比支持只修正自主与执行，不直接等于有无边界。,不限定；夫妻星仅在入宫或形成角色、责任边界时参与接口，不作为BOUND唯一主轴。,由M3-BASE、日支主气及宫位动态提供。,无／待BOUND路径规则组合,日柱与日支近位优先；全局有效独立信号可作次通道。,由共享基础引擎判定,由共享基础引擎判定,喜忌不直接等于边界好坏；只修正调用顺畅度、资源压力和状态切换。,原十神性质有效；真合化成立时按化神所属功能系统重建。,由共享基础引擎判定,98,停止／替换／降置信,report_status,若刑的具体成立、力量或作用对象存在争议，应降低置信度或停止细化。,若刑的具体成立、力量或作用对象存在争议，应降低置信度或停止细化。,不得由本规则直接推出回避亲密、依赖失控、控制欲、冷漠、自私、关系破裂、分手离婚、人格或依恋类型；不得把某种边界方式等同于爱得更多或更少。,高,待验证,,provisional=true; rule_group=PALACE_刑_STOP,0.5
M3-BOUND-194,日支害｜BOUND基础节奏,L4 宫位动态,BOUND-合冲刑害破,通用,宫位动态,日支害,,日支害成立，作用对象与基础结构明确。,基础信号未定；真合化后原信号已失效；只有单一弱远争议信号；或该结论会越界到M4风险、M5适配。,由共享基础引擎与M3-STATE修正；日主承载、印比支持只修正自主与执行，不直接等于有无边界。,不限定；夫妻星仅在入宫或形成角色、责任边界时参与接口，不作为BOUND唯一主轴。,由M3-BASE、日支主气及宫位动态提供。,无／待BOUND路径规则组合,日柱与日支近位优先；全局有效独立信号可作次通道。,由共享基础引擎判定,由共享基础引擎判定,喜忌不直接等于边界好坏；只修正调用顺畅度、资源压力和状态切换。,原十神性质有效；真合化成立时按化神所属功能系统重建。,由共享基础引擎判定,80,节奏修正 +4,state_shift,关系中可能存在间接错位、未被说清的期待或对同一行为的不同理解。,关系中可能存在间接错位、未被说清的期待或对同一行为的不同理解。,不得由本规则直接推出回避亲密、依赖失控、控制欲、冷漠、自私、关系破裂、分手离婚、人格或依恋类型；不得把某种边界方式等同于爱得更多或更少。,中,待验证,,provisional=true; rule_group=PALACE_害_BASE,0.5
M3-BOUND-195,日支害｜靠近与空间修正,L4 宫位动态,BOUND-合冲刑害破,通用,距离修正,日支害,,日支害成立，且至少有一个有效BOUND通道。,基础信号未定；真合化后原信号已失效；只有单一弱远争议信号；或该结论会越界到M4风险、M5适配。,由共享基础引擎与M3-STATE修正；日主承载、印比支持只修正自主与执行，不直接等于有无边界。,不限定；夫妻星仅在入宫或形成角色、责任边界时参与接口，不作为BOUND唯一主轴。,由M3-BASE、日支主气及宫位动态提供。,无／待BOUND路径规则组合,日柱与日支近位优先；全局有效独立信号可作次通道。,由共享基础引擎判定,由共享基础引擎判定,喜忌不直接等于边界好坏；只修正调用顺畅度、资源压力和状态切换。,原十神性质有效；真合化成立时按化神所属功能系统重建。,由共享基础引擎判定,71,距离修正 +3,closeness_rhythm,害提示靠近时需要更多确认，不等于背叛、暗伤或有人故意伤害。,害提示靠近时需要更多确认，不等于背叛、暗伤或有人故意伤害。,不得由本规则直接推出回避亲密、依赖失控、控制欲、冷漠、自私、关系破裂、分手离婚、人格或依恋类型；不得把某种边界方式等同于爱得更多或更少。,中,待验证,,provisional=true; rule_group=PALACE_害_CLOSE,0.5
M3-BOUND-196,日支害｜重新协商提示,L4 宫位动态,BOUND-合冲刑害破,通用,重订修正,日支害,,日支害成立，并有表达、行动、角色或现实边界证据。,基础信号未定；真合化后原信号已失效；只有单一弱远争议信号；或该结论会越界到M4风险、M5适配。,由共享基础引擎与M3-STATE修正；日主承载、印比支持只修正自主与执行，不直接等于有无边界。,不限定；夫妻星仅在入宫或形成角色、责任边界时参与接口，不作为BOUND唯一主轴。,由M3-BASE、日支主气及宫位动态提供。,无／待BOUND路径规则组合,日柱与日支近位优先；全局有效独立信号可作次通道。,由共享基础引擎判定,由共享基础引擎判定,喜忌不直接等于边界好坏；只修正调用顺畅度、资源压力和状态切换。,原十神性质有效；真合化成立时按化神所属功能系统重建。,由共享基础引擎判定,72,重订候选 +4,renegotiation_style,边界重订应优先把隐性期待、默认规则和感受差异说清楚。,边界重订应优先把隐性期待、默认规则和感受差异说清楚。,不得由本规则直接推出回避亲密、依赖失控、控制欲、冷漠、自私、关系破裂、分手离婚、人格或依恋类型；不得把某种边界方式等同于爱得更多或更少。,中,待验证,,provisional=true; rule_group=PALACE_害_RENEG,0.5
M3-BOUND-197,日支害｜禁止结果化解释,L4 宫位动态,BOUND-合冲刑害破,通用,禁止推断,日支害,,日支害成立。,基础信号未定；真合化后原信号已失效；只有单一弱远争议信号；或该结论会越界到M4风险、M5适配。,由共享基础引擎与M3-STATE修正；日主承载、印比支持只修正自主与执行，不直接等于有无边界。,不限定；夫妻星仅在入宫或形成角色、责任边界时参与接口，不作为BOUND唯一主轴。,由M3-BASE、日支主气及宫位动态提供。,无／待BOUND路径规则组合,日柱与日支近位优先；全局有效独立信号可作次通道。,由共享基础引擎判定,由共享基础引擎判定,喜忌不直接等于边界好坏；只修正调用顺畅度、资源压力和状态切换。,原十神性质有效；真合化成立时按化神所属功能系统重建。,由共享基础引擎判定,97,不加分；边界检查,boundary_note,不得由日支害直接推出背叛、小人、第三者、暗中伤害或婚姻失败。,这里仅把宫位动态作为边界节奏修正，不把它直接写成感情结果。,不得由日支害直接推出背叛、小人、第三者、暗中伤害或婚姻失败。,高,待验证,,provisional=true; rule_group=PALACE_害_BAN,0.5
M3-BOUND-198,日支害｜停止／改道路由,L4 宫位动态,BOUND-合冲刑害破,通用,停止／路由,日支害,,日支害的成立、合化或阶段属性需要裁定。,基础信号未定；真合化后原信号已失效；只有单一弱远争议信号；或该结论会越界到M4风险、M5适配。,由共享基础引擎与M3-STATE修正；日主承载、印比支持只修正自主与执行，不直接等于有无边界。,不限定；夫妻星仅在入宫或形成角色、责任边界时参与接口，不作为BOUND唯一主轴。,由M3-BASE、日支主气及宫位动态提供。,无／待BOUND路径规则组合,日柱与日支近位优先；全局有效独立信号可作次通道。,由共享基础引擎判定,由共享基础引擎判定,喜忌不直接等于边界好坏；只修正调用顺畅度、资源压力和状态切换。,原十神性质有效；真合化成立时按化神所属功能系统重建。,由共享基础引擎判定,98,停止／替换／降置信,report_status,只有害而无具体期待错位、沟通或行为证据时，不得写成固定互动事实。,只有害而无具体期待错位、沟通或行为证据时，不得写成固定互动事实。,不得由本规则直接推出回避亲密、依赖失控、控制欲、冷漠、自私、关系破裂、分手离婚、人格或依恋类型；不得把某种边界方式等同于爱得更多或更少。,高,待验证,,provisional=true; rule_group=PALACE_害_STOP,0.5
M3-BOUND-199,日支破｜BOUND基础节奏,L4 宫位动态,BOUND-合冲刑害破,通用,宫位动态,日支破,,日支破成立，作用对象与基础结构明确。,基础信号未定；真合化后原信号已失效；只有单一弱远争议信号；或该结论会越界到M4风险、M5适配。,由共享基础引擎与M3-STATE修正；日主承载、印比支持只修正自主与执行，不直接等于有无边界。,不限定；夫妻星仅在入宫或形成角色、责任边界时参与接口，不作为BOUND唯一主轴。,由M3-BASE、日支主气及宫位动态提供。,无／待BOUND路径规则组合,日柱与日支近位优先；全局有效独立信号可作次通道。,由共享基础引擎判定,由共享基础引擎判定,喜忌不直接等于边界好坏；只修正调用顺畅度、资源压力和状态切换。,原十神性质有效；真合化成立时按化神所属功能系统重建。,由共享基础引擎判定,80,节奏修正 +4,state_shift,原有共享方式、分工或距离安排可能需要重新组合，重点是旧结构如何调整。,原有共享方式、分工或距离安排可能需要重新组合，重点是旧结构如何调整。,不得由本规则直接推出回避亲密、依赖失控、控制欲、冷漠、自私、关系破裂、分手离婚、人格或依恋类型；不得把某种边界方式等同于爱得更多或更少。,中,待验证,,provisional=true; rule_group=PALACE_破_BASE,0.5
M3-BOUND-200,日支破｜靠近与空间修正,L4 宫位动态,BOUND-合冲刑害破,通用,距离修正,日支破,,日支破成立，且至少有一个有效BOUND通道。,基础信号未定；真合化后原信号已失效；只有单一弱远争议信号；或该结论会越界到M4风险、M5适配。,由共享基础引擎与M3-STATE修正；日主承载、印比支持只修正自主与执行，不直接等于有无边界。,不限定；夫妻星仅在入宫或形成角色、责任边界时参与接口，不作为BOUND唯一主轴。,由M3-BASE、日支主气及宫位动态提供。,无／待BOUND路径规则组合,日柱与日支近位优先；全局有效独立信号可作次通道。,由共享基础引擎判定,由共享基础引擎判定,喜忌不直接等于边界好坏；只修正调用顺畅度、资源压力和状态切换。,原十神性质有效；真合化成立时按化神所属功能系统重建。,由共享基础引擎判定,71,距离修正 +3,closeness_rhythm,破提示旧安排不再完全适用，不等于关系必然破裂。,破提示旧安排不再完全适用，不等于关系必然破裂。,不得由本规则直接推出回避亲密、依赖失控、控制欲、冷漠、自私、关系破裂、分手离婚、人格或依恋类型；不得把某种边界方式等同于爱得更多或更少。,中,待验证,,provisional=true; rule_group=PALACE_破_CLOSE,0.5
M3-BOUND-201,日支破｜重新协商提示,L4 宫位动态,BOUND-合冲刑害破,通用,重订修正,日支破,,日支破成立，并有表达、行动、角色或现实边界证据。,基础信号未定；真合化后原信号已失效；只有单一弱远争议信号；或该结论会越界到M4风险、M5适配。,由共享基础引擎与M3-STATE修正；日主承载、印比支持只修正自主与执行，不直接等于有无边界。,不限定；夫妻星仅在入宫或形成角色、责任边界时参与接口，不作为BOUND唯一主轴。,由M3-BASE、日支主气及宫位动态提供。,无／待BOUND路径规则组合,日柱与日支近位优先；全局有效独立信号可作次通道。,由共享基础引擎判定,由共享基础引擎判定,喜忌不直接等于边界好坏；只修正调用顺畅度、资源压力和状态切换。,原十神性质有效；真合化成立时按化神所属功能系统重建。,由共享基础引擎判定,72,重订候选 +4,renegotiation_style,边界更适合在变化后重新定义时间、资源、角色和共同规则。,边界更适合在变化后重新定义时间、资源、角色和共同规则。,不得由本规则直接推出回避亲密、依赖失控、控制欲、冷漠、自私、关系破裂、分手离婚、人格或依恋类型；不得把某种边界方式等同于爱得更多或更少。,中,待验证,,provisional=true; rule_group=PALACE_破_RENEG,0.5
M3-BOUND-202,日支破｜禁止结果化解释,L4 宫位动态,BOUND-合冲刑害破,通用,禁止推断,日支破,,日支破成立。,基础信号未定；真合化后原信号已失效；只有单一弱远争议信号；或该结论会越界到M4风险、M5适配。,由共享基础引擎与M3-STATE修正；日主承载、印比支持只修正自主与执行，不直接等于有无边界。,不限定；夫妻星仅在入宫或形成角色、责任边界时参与接口，不作为BOUND唯一主轴。,由M3-BASE、日支主气及宫位动态提供。,无／待BOUND路径规则组合,日柱与日支近位优先；全局有效独立信号可作次通道。,由共享基础引擎判定,由共享基础引擎判定,喜忌不直接等于边界好坏；只修正调用顺畅度、资源压力和状态切换。,原十神性质有效；真合化成立时按化神所属功能系统重建。,由共享基础引擎判定,97,不加分；边界检查,boundary_note,不得由日支破直接推出分手、离婚、背叛、失信或关系无法修复。,这里仅把宫位动态作为边界节奏修正，不把它直接写成感情结果。,不得由日支破直接推出分手、离婚、背叛、失信或关系无法修复。,高,待验证,,provisional=true; rule_group=PALACE_破_BAN,0.5
M3-BOUND-203,日支破｜停止／改道路由,L4 宫位动态,BOUND-合冲刑害破,通用,停止／路由,日支破,,日支破的成立、合化或阶段属性需要裁定。,基础信号未定；真合化后原信号已失效；只有单一弱远争议信号；或该结论会越界到M4风险、M5适配。,由共享基础引擎与M3-STATE修正；日主承载、印比支持只修正自主与执行，不直接等于有无边界。,不限定；夫妻星仅在入宫或形成角色、责任边界时参与接口，不作为BOUND唯一主轴。,由M3-BASE、日支主气及宫位动态提供。,无／待BOUND路径规则组合,日柱与日支近位优先；全局有效独立信号可作次通道。,由共享基础引擎判定,由共享基础引擎判定,喜忌不直接等于边界好坏；只修正调用顺畅度、资源压力和状态切换。,原十神性质有效；真合化成立时按化神所属功能系统重建。,由共享基础引擎判定,98,停止／替换／降置信,report_status,若破仅为阶段覆盖或基础作用未定，应标记阶段性，不改写原局主边界。,若破仅为阶段覆盖或基础作用未定，应标记阶段性，不改写原局主边界。,不得由本规则直接推出回避亲密、依赖失控、控制欲、冷漠、自私、关系破裂、分手离婚、人格或依恋类型；不得把某种边界方式等同于爱得更多或更少。,高,待验证,,provisional=true; rule_group=PALACE_破_STOP,0.5
M3-BOUND-204,SC01 透干有根｜边界外显且可重复,L4 BOUND状态修正,BOUND-状态修正,通用,状态修正,SC01,,透干且有根，基础功能有效。,基础信号未定；真合化后原信号已失效；只有单一弱远争议信号；或该结论会越界到M4风险、M5适配。,由共享基础引擎与M3-STATE修正；日主承载、印比支持只修正自主与执行，不直接等于有无边界。,不限定；夫妻星仅在入宫或形成角色、责任边界时参与接口，不作为BOUND唯一主轴。,由M3-BASE、日支主气及宫位动态提供。,无／待BOUND路径规则组合,日柱与日支近位优先；全局有效独立信号可作次通道。,由共享基础引擎判定,由共享基础引擎判定,喜忌不直接等于边界好坏；只修正调用顺畅度、资源压力和状态切换。,原十神性质有效；真合化成立时按化神所属功能系统重建。,由共享基础引擎判定,78,主通道 +8；可见度 +5,primary_boundary_channel,边界方式容易被对方看见，也有一定重复出现的来源。,你通常较容易把需要、权限或限制表现出来，而且不只在一次事件中出现。,不得由本规则直接推出回避亲密、依赖失控、控制欲、冷漠、自私、关系破裂、分手离婚、人格或依恋类型；不得把某种边界方式等同于爱得更多或更少。,中高,待验证,,provisional=true; rule_group=STATE_SC01,0.5
M3-BOUND-205,SC02 透干无根｜先可见后验证,L4 BOUND状态修正,BOUND-状态修正,通用,状态修正,SC02,,透干但无根，现实重复证据不足。,基础信号未定；真合化后原信号已失效；只有单一弱远争议信号；或该结论会越界到M4风险、M5适配。,由共享基础引擎与M3-STATE修正；日主承载、印比支持只修正自主与执行，不直接等于有无边界。,不限定；夫妻星仅在入宫或形成角色、责任边界时参与接口，不作为BOUND唯一主轴。,由M3-BASE、日支主气及宫位动态提供。,无／待BOUND路径规则组合,日柱与日支近位优先；全局有效独立信号可作次通道。,由共享基础引擎判定,由共享基础引擎判定,喜忌不直接等于边界好坏；只修正调用顺畅度、资源压力和状态切换。,原十神性质有效；真合化成立时按化神所属功能系统重建。,由共享基础引擎判定,78,候选 +4；连续性待验证,closeness_rhythm,边界表现容易较早被看见，但稳定性仍需真实关系验证。,你可能较早表达边界或靠近方式，但是否长期一致仍要看后续行为。,不得由本规则直接推出回避亲密、依赖失控、控制欲、冷漠、自私、关系破裂、分手离婚、人格或依恋类型；不得把某种边界方式等同于爱得更多或更少。,中,待验证,,provisional=true; rule_group=STATE_SC02,0.5
M3-BOUND-206,SC03 藏支有根｜隐性稳定,L4 BOUND状态修正,BOUND-状态修正,通用,状态修正,SC03,,藏支有根，功能未被替换。,基础信号未定；真合化后原信号已失效；只有单一弱远争议信号；或该结论会越界到M4风险、M5适配。,由共享基础引擎与M3-STATE修正；日主承载、印比支持只修正自主与执行，不直接等于有无边界。,不限定；夫妻星仅在入宫或形成角色、责任边界时参与接口，不作为BOUND唯一主轴。,由M3-BASE、日支主气及宫位动态提供。,无／待BOUND路径规则组合,日柱与日支近位优先；全局有效独立信号可作次通道。,由共享基础引擎判定,由共享基础引擎判定,喜忌不直接等于边界好坏；只修正调用顺畅度、资源压力和状态切换。,原十神性质有效；真合化成立时按化神所属功能系统重建。,由共享基础引擎判定,78,主通道 +6；隐性 +5,space_need,边界不一定高调表达，更可能通过长期习惯、选择和稳定节奏被看见。,你的边界可能不总是先说出来，而是藏在长期习惯、选择和相处节奏里。,不得由本规则直接推出回避亲密、依赖失控、控制欲、冷漠、自私、关系破裂、分手离婚、人格或依恋类型；不得把某种边界方式等同于爱得更多或更少。,中高,待验证,,provisional=true; rule_group=STATE_SC03,0.5
M3-BOUND-207,SC04 藏支无根／弱远｜仅保留候选,L4 BOUND状态修正,BOUND-状态修正,通用,状态修正,SC04,,藏支无根或弱远，缺少独立现实证据。,基础信号未定；真合化后原信号已失效；只有单一弱远争议信号；或该结论会越界到M4风险、M5适配。,由共享基础引擎与M3-STATE修正；日主承载、印比支持只修正自主与执行，不直接等于有无边界。,不限定；夫妻星仅在入宫或形成角色、责任边界时参与接口，不作为BOUND唯一主轴。,由M3-BASE、日支主气及宫位动态提供。,无／待BOUND路径规则组合,日柱与日支近位优先；全局有效独立信号可作次通道。,由共享基础引擎判定,由共享基础引擎判定,喜忌不直接等于边界好坏；只修正调用顺畅度、资源压力和状态切换。,原十神性质有效；真合化成立时按化神所属功能系统重建。,由共享基础引擎判定,78,候选 +2；降置信,primary_boundary_channel,目前不足以写成稳定边界模式。,这种方式只能作为潜在倾向，不宜写成你固定的相处边界。,不得由本规则直接推出回避亲密、依赖失控、控制欲、冷漠、自私、关系破裂、分手离婚、人格或依恋类型；不得把某种边界方式等同于爱得更多或更少。,中低,待验证,,provisional=true; rule_group=STATE_SC04,0.5
M3-BOUND-208,SC05 同根透藏｜一次证据两种表现,L4 BOUND状态修正,BOUND-状态修正,通用,状态修正,SC05,,同一十神同根透藏，source_id相同。,基础信号未定；真合化后原信号已失效；只有单一弱远争议信号；或该结论会越界到M4风险、M5适配。,由共享基础引擎与M3-STATE修正；日主承载、印比支持只修正自主与执行，不直接等于有无边界。,不限定；夫妻星仅在入宫或形成角色、责任边界时参与接口，不作为BOUND唯一主轴。,由M3-BASE、日支主气及宫位动态提供。,无／待BOUND路径规则组合,日柱与日支近位优先；全局有效独立信号可作次通道。,由共享基础引擎判定,由共享基础引擎判定,喜忌不直接等于边界好坏；只修正调用顺畅度、资源压力和状态切换。,原十神性质有效；真合化成立时按化神所属功能系统重建。,由共享基础引擎判定,78,去重；外显／稳定分工,provenance,同一边界功能既有外显行为，也有内部稳定来源，但只算一次基础证据。,同一种边界方式可能既能被看见，也有稳定内在来源，但不会重复计分。,不得由本规则直接推出回避亲密、依赖失控、控制欲、冷漠、自私、关系破裂、分手离婚、人格或依恋类型；不得把某种边界方式等同于爱得更多或更少。,高,待验证,,provisional=true; rule_group=STATE_SC05,0.5
M3-BOUND-209,SC06 多根同类｜重复性提高,L4 BOUND状态修正,BOUND-状态修正,通用,状态修正,SC06,,同类功能多根且基础可靠。,基础信号未定；真合化后原信号已失效；只有单一弱远争议信号；或该结论会越界到M4风险、M5适配。,由共享基础引擎与M3-STATE修正；日主承载、印比支持只修正自主与执行，不直接等于有无边界。,不限定；夫妻星仅在入宫或形成角色、责任边界时参与接口，不作为BOUND唯一主轴。,由M3-BASE、日支主气及宫位动态提供。,无／待BOUND路径规则组合,日柱与日支近位优先；全局有效独立信号可作次通道。,由共享基础引擎判定,由共享基础引擎判定,喜忌不直接等于边界好坏；只修正调用顺畅度、资源压力和状态切换。,原十神性质有效；真合化成立时按化神所属功能系统重建。,由共享基础引擎判定,78,稳定性 +6；不新增通道,state_shift,同一边界方式更容易在不同情境反复出现。,这种边界方式更可能在多种场景重复出现。,不得由本规则直接推出回避亲密、依赖失控、控制欲、冷漠、自私、关系破裂、分手离婚、人格或依恋类型；不得把某种边界方式等同于爱得更多或更少。,中高,待验证,,provisional=true; rule_group=STATE_SC06,0.5
M3-BOUND-210,SC07 有根但受损｜功能保留、调用受限,L4 BOUND状态修正,BOUND-状态修正,通用,状态修正,SC07,,有根但受冲克、合绊或其他有效损伤。,基础信号未定；真合化后原信号已失效；只有单一弱远争议信号；或该结论会越界到M4风险、M5适配。,由共享基础引擎与M3-STATE修正；日主承载、印比支持只修正自主与执行，不直接等于有无边界。,不限定；夫妻星仅在入宫或形成角色、责任边界时参与接口，不作为BOUND唯一主轴。,由M3-BASE、日支主气及宫位动态提供。,无／待BOUND路径规则组合,日柱与日支近位优先；全局有效独立信号可作次通道。,由共享基础引擎判定,由共享基础引擎判定,喜忌不直接等于边界好坏；只修正调用顺畅度、资源压力和状态切换。,原十神性质有效；真合化成立时按化神所属功能系统重建。,由共享基础引擎判定,78,主通道保留；顺畅度 -3,state_shift,功能仍存在，但调用可能更依赖具体情境和资源。,这项边界能力仍在，只是是否顺畅使用更看当时的关系状态。,不得由本规则直接推出回避亲密、依赖失控、控制欲、冷漠、自私、关系破裂、分手离婚、人格或依恋类型；不得把某种边界方式等同于爱得更多或更少。,中,待验证,,provisional=true; rule_group=STATE_SC07,0.5
M3-BOUND-211,SC08 无根但近位行为验证｜条件性成立,L4 BOUND状态修正,BOUND-状态修正,通用,状态修正,SC08,,结构稳定来源弱，但日柱近位或真实行为重复支持。,基础信号未定；真合化后原信号已失效；只有单一弱远争议信号；或该结论会越界到M4风险、M5适配。,由共享基础引擎与M3-STATE修正；日主承载、印比支持只修正自主与执行，不直接等于有无边界。,不限定；夫妻星仅在入宫或形成角色、责任边界时参与接口，不作为BOUND唯一主轴。,由M3-BASE、日支主气及宫位动态提供。,无／待BOUND路径规则组合,日柱与日支近位优先；全局有效独立信号可作次通道。,由共享基础引擎判定,由共享基础引擎判定,喜忌不直接等于边界好坏；只修正调用顺畅度、资源压力和状态切换。,原十神性质有效；真合化成立时按化神所属功能系统重建。,由共享基础引擎判定,78,条件性 +5；标记案例依赖,confidence,现实行为可让某项边界在特定关系中成立。,虽然结构来源较弱，但真实相处显示这项边界在特定关系中可以成立。,不得由本规则直接推出回避亲密、依赖失控、控制欲、冷漠、自私、关系破裂、分手离婚、人格或依恋类型；不得把某种边界方式等同于爱得更多或更少。,中,待验证,,provisional=true; rule_group=STATE_SC08,0.5
M3-BOUND-212,SC09 旺而平衡｜自然调用,L4 BOUND状态修正,BOUND-状态修正,通用,状态修正,SC09,,通道旺而有序、不过度占位。,基础信号未定；真合化后原信号已失效；只有单一弱远争议信号；或该结论会越界到M4风险、M5适配。,由共享基础引擎与M3-STATE修正；日主承载、印比支持只修正自主与执行，不直接等于有无边界。,不限定；夫妻星仅在入宫或形成角色、责任边界时参与接口，不作为BOUND唯一主轴。,由M3-BASE、日支主气及宫位动态提供。,无／待BOUND路径规则组合,日柱与日支近位优先；全局有效独立信号可作次通道。,由共享基础引擎判定,由共享基础引擎判定,喜忌不直接等于边界好坏；只修正调用顺畅度、资源压力和状态切换。,原十神性质有效；真合化成立时按化神所属功能系统重建。,由共享基础引擎判定,78,主通道 +7,primary_boundary_channel,边界方式较容易自然出现。,你通常不必等到特殊事件，便能较自然地使用这项边界方式。,不得由本规则直接推出回避亲密、依赖失控、控制欲、冷漠、自私、关系破裂、分手离婚、人格或依恋类型；不得把某种边界方式等同于爱得更多或更少。,中高,待验证,,provisional=true; rule_group=STATE_SC09,0.5
M3-BOUND-213,SC10 旺而过度占位｜抢先但不判风险,L4 BOUND状态修正,BOUND-状态修正,通用,状态修正,SC10,,通道过旺或持续占位，风险尚未进入M4。,基础信号未定；真合化后原信号已失效；只有单一弱远争议信号；或该结论会越界到M4风险、M5适配。,由共享基础引擎与M3-STATE修正；日主承载、印比支持只修正自主与执行，不直接等于有无边界。,不限定；夫妻星仅在入宫或形成角色、责任边界时参与接口，不作为BOUND唯一主轴。,由M3-BASE、日支主气及宫位动态提供。,无／待BOUND路径规则组合,日柱与日支近位优先；全局有效独立信号可作次通道。,由共享基础引擎判定,由共享基础引擎判定,喜忌不直接等于边界好坏；只修正调用顺畅度、资源压力和状态切换。,原十神性质有效；真合化成立时按化神所属功能系统重建。,由共享基础引擎判定,78,抢先 +5；路由M4,state_shift,该通道更容易成为第一反应，但BOUND不判断是否过度。,压力增加时，这种边界方式可能更容易抢先出现；是否形成问题要交给M4。,不得由本规则直接推出回避亲密、依赖失控、控制欲、冷漠、自私、关系破裂、分手离婚、人格或依恋类型；不得把某种边界方式等同于爱得更多或更少。,中,待验证,,provisional=true; rule_group=STATE_SC10,0.5
M3-BOUND-214,SC11 中和可用｜依情境稳定调用,L4 BOUND状态修正,BOUND-状态修正,通用,状态修正,SC11,,通道中和可用，基础无关键冲突。,基础信号未定；真合化后原信号已失效；只有单一弱远争议信号；或该结论会越界到M4风险、M5适配。,由共享基础引擎与M3-STATE修正；日主承载、印比支持只修正自主与执行，不直接等于有无边界。,不限定；夫妻星仅在入宫或形成角色、责任边界时参与接口，不作为BOUND唯一主轴。,由M3-BASE、日支主气及宫位动态提供。,无／待BOUND路径规则组合,日柱与日支近位优先；全局有效独立信号可作次通道。,由共享基础引擎判定,由共享基础引擎判定,喜忌不直接等于边界好坏；只修正调用顺畅度、资源压力和状态切换。,原十神性质有效；真合化成立时按化神所属功能系统重建。,由共享基础引擎判定,78,主通道 +5,primary_boundary_channel,在合适情境中可稳定调用。,你通常能按情境使用这项边界方式，不会长期压过其他通道。,不得由本规则直接推出回避亲密、依赖失控、控制欲、冷漠、自私、关系破裂、分手离婚、人格或依恋类型；不得把某种边界方式等同于爱得更多或更少。,中,待验证,,provisional=true; rule_group=STATE_SC11,0.5
M3-BOUND-215,SC12 偏弱有助｜需要明确条件,L4 BOUND状态修正,BOUND-状态修正,通用,状态修正,SC12,,通道偏弱但有生助、近位或现实支持。,基础信号未定；真合化后原信号已失效；只有单一弱远争议信号；或该结论会越界到M4风险、M5适配。,由共享基础引擎与M3-STATE修正；日主承载、印比支持只修正自主与执行，不直接等于有无边界。,不限定；夫妻星仅在入宫或形成角色、责任边界时参与接口，不作为BOUND唯一主轴。,由M3-BASE、日支主气及宫位动态提供。,无／待BOUND路径规则组合,日柱与日支近位优先；全局有效独立信号可作次通道。,由共享基础引擎判定,由共享基础引擎判定,喜忌不直接等于边界好坏；只修正调用顺畅度、资源压力和状态切换。,原十神性质有效；真合化成立时按化神所属功能系统重建。,由共享基础引擎判定,78,条件性 +4,closeness_rhythm,并非缺失，而是需要安全、回应或事情清楚时才容易出现。,这项边界方式更容易在关系安全、需求清楚或有人回应时出现。,不得由本规则直接推出回避亲密、依赖失控、控制欲、冷漠、自私、关系破裂、分手离婚、人格或依恋类型；不得把某种边界方式等同于爱得更多或更少。,中,待验证,,provisional=true; rule_group=STATE_SC12,0.5
M3-BOUND-216,SC13 偏弱无助｜不写稳定模式,L4 BOUND状态修正,BOUND-状态修正,通用,状态修正,SC13,,通道偏弱无助且缺少现实证据。,基础信号未定；真合化后原信号已失效；只有单一弱远争议信号；或该结论会越界到M4风险、M5适配。,由共享基础引擎与M3-STATE修正；日主承载、印比支持只修正自主与执行，不直接等于有无边界。,不限定；夫妻星仅在入宫或形成角色、责任边界时参与接口，不作为BOUND唯一主轴。,由M3-BASE、日支主气及宫位动态提供。,无／待BOUND路径规则组合,日柱与日支近位优先；全局有效独立信号可作次通道。,由共享基础引擎判定,由共享基础引擎判定,喜忌不直接等于边界好坏；只修正调用顺畅度、资源压力和状态切换。,原十神性质有效；真合化成立时按化神所属功能系统重建。,由共享基础引擎判定,78,候选 +1；降置信,primary_boundary_channel,不足以写成稳定模式。,目前只能把它作为低权重背景，不能写成固定边界。,不得由本规则直接推出回避亲密、依赖失控、控制欲、冷漠、自私、关系破裂、分手离婚、人格或依恋类型；不得把某种边界方式等同于爱得更多或更少。,中低,待验证,,provisional=true; rule_group=STATE_SC13,0.5
M3-BOUND-217,SC14 强弱争议｜回退到五系统,L4 BOUND状态修正,BOUND-状态修正,通用,状态修正,SC14,,旺弱、根气或作用关系存在关键争议。,基础信号未定；真合化后原信号已失效；只有单一弱远争议信号；或该结论会越界到M4风险、M5适配。,由共享基础引擎与M3-STATE修正；日主承载、印比支持只修正自主与执行，不直接等于有无边界。,不限定；夫妻星仅在入宫或形成角色、责任边界时参与接口，不作为BOUND唯一主轴。,由M3-BASE、日支主气及宫位动态提供。,无／待BOUND路径规则组合,日柱与日支近位优先；全局有效独立信号可作次通道。,由共享基础引擎判定,由共享基础引擎判定,喜忌不直接等于边界好坏；只修正调用顺畅度、资源压力和状态切换。,原十神性质有效；真合化成立时按化神所属功能系统重建。,由共享基础引擎判定,78,停止十神级输出,report_status,只能输出系统级方向，不细化到具体十神。,目前只能判断你更偏向某一类边界系统，具体方式仍需保留不确定性。,不得由本规则直接推出回避亲密、依赖失控、控制欲、冷漠、自私、关系破裂、分手离婚、人格或依恋类型；不得把某种边界方式等同于爱得更多或更少。,低,待验证,,provisional=true; rule_group=STATE_SC14,0.5
M3-BOUND-218,SC15 为喜且平衡｜调用较顺畅,L4 BOUND状态修正,BOUND-状态修正,通用,状态修正,SC15,,喜用且功能平衡。,基础信号未定；真合化后原信号已失效；只有单一弱远争议信号；或该结论会越界到M4风险、M5适配。,由共享基础引擎与M3-STATE修正；日主承载、印比支持只修正自主与执行，不直接等于有无边界。,不限定；夫妻星仅在入宫或形成角色、责任边界时参与接口，不作为BOUND唯一主轴。,由M3-BASE、日支主气及宫位动态提供。,无／待BOUND路径规则组合,日柱与日支近位优先；全局有效独立信号可作次通道。,由共享基础引擎判定,由共享基础引擎判定,喜忌不直接等于边界好坏；只修正调用顺畅度、资源压力和状态切换。,原十神性质有效；真合化成立时按化神所属功能系统重建。,由共享基础引擎判定,78,顺畅度 +4,state_shift,使用时较容易得到清楚反馈。,你使用这项边界方式时通常较顺手，也更容易让对方理解。,不得由本规则直接推出回避亲密、依赖失控、控制欲、冷漠、自私、关系破裂、分手离婚、人格或依恋类型；不得把某种边界方式等同于爱得更多或更少。,中,待验证,,provisional=true; rule_group=STATE_SC15,0.5
M3-BOUND-219,SC16 为忌但有效｜仍可高频调用,L4 BOUND状态修正,BOUND-状态修正,通用,状态修正,SC16,,为忌但十神有效。,基础信号未定；真合化后原信号已失效；只有单一弱远争议信号；或该结论会越界到M4风险、M5适配。,由共享基础引擎与M3-STATE修正；日主承载、印比支持只修正自主与执行，不直接等于有无边界。,不限定；夫妻星仅在入宫或形成角色、责任边界时参与接口，不作为BOUND唯一主轴。,由M3-BASE、日支主气及宫位动态提供。,无／待BOUND路径规则组合,日柱与日支近位优先；全局有效独立信号可作次通道。,由共享基础引擎判定,由共享基础引擎判定,喜忌不直接等于边界好坏；只修正调用顺畅度、资源压力和状态切换。,原十神性质有效；真合化成立时按化神所属功能系统重建。,由共享基础引擎判定,78,强度保留；路由M4,state_shift,喜忌不决定是否使用，只提示体验和资源压力。,这项方式仍可能很常用；是否让你有压力，需要另行判断。,不得由本规则直接推出回避亲密、依赖失控、控制欲、冷漠、自私、关系破裂、分手离婚、人格或依恋类型；不得把某种边界方式等同于爱得更多或更少。,中,待验证,,provisional=true; rule_group=STATE_SC16,0.5
M3-BOUND-220,SC17 喜忌未定｜只用功能语言,L4 BOUND状态修正,BOUND-状态修正,通用,状态修正,SC17,,喜忌尚未可靠确定。,基础信号未定；真合化后原信号已失效；只有单一弱远争议信号；或该结论会越界到M4风险、M5适配。,由共享基础引擎与M3-STATE修正；日主承载、印比支持只修正自主与执行，不直接等于有无边界。,不限定；夫妻星仅在入宫或形成角色、责任边界时参与接口，不作为BOUND唯一主轴。,由M3-BASE、日支主气及宫位动态提供。,无／待BOUND路径规则组合,日柱与日支近位优先；全局有效独立信号可作次通道。,由共享基础引擎判定,由共享基础引擎判定,喜忌不直接等于边界好坏；只修正调用顺畅度、资源压力和状态切换。,原十神性质有效；真合化成立时按化神所属功能系统重建。,由共享基础引擎判定,78,功能保留；不写体验质量,boundary_note,可以说明功能，不评价顺畅或轻松。,可以说明你怎样安排边界，但不评价这种方式是否轻松或有压力。,不得由本规则直接推出回避亲密、依赖失控、控制欲、冷漠、自私、关系破裂、分手离婚、人格或依恋类型；不得把某种边界方式等同于爱得更多或更少。,中,待验证,,provisional=true; rule_group=STATE_SC17,0.5
M3-BOUND-221,SC18 忌而过旺｜禁止直接写边界失控,L4 BOUND状态修正,BOUND-状态修正,通用,状态修正,SC18,,为忌且过旺，但M4未运行。,基础信号未定；真合化后原信号已失效；只有单一弱远争议信号；或该结论会越界到M4风险、M5适配。,由共享基础引擎与M3-STATE修正；日主承载、印比支持只修正自主与执行，不直接等于有无边界。,不限定；夫妻星仅在入宫或形成角色、责任边界时参与接口，不作为BOUND唯一主轴。,由M3-BASE、日支主气及宫位动态提供。,无／待BOUND路径规则组合,日柱与日支近位优先；全局有效独立信号可作次通道。,由共享基础引擎判定,由共享基础引擎判定,喜忌不直接等于边界好坏；只修正调用顺畅度、资源压力和状态切换。,原十神性质有效；真合化成立时按化神所属功能系统重建。,由共享基础引擎判定,78,路由M4；BOUND不判风险,boundary_note,只能说明通道抢先和占位。,只能说明这种边界方式容易抢先，不直接写成控制、回避或失去自我。,不得由本规则直接推出回避亲密、依赖失控、控制欲、冷漠、自私、关系破裂、分手离婚、人格或依恋类型；不得把某种边界方式等同于爱得更多或更少。,高,待验证,,provisional=true; rule_group=STATE_SC18,0.5
M3-BOUND-222,SC19 有制有化｜经过另一系统调节,L4 BOUND状态修正,BOUND-状态修正,通用,状态修正,SC19,,原通道有有效制化或桥接。,基础信号未定；真合化后原信号已失效；只有单一弱远争议信号；或该结论会越界到M4风险、M5适配。,由共享基础引擎与M3-STATE修正；日主承载、印比支持只修正自主与执行，不直接等于有无边界。,不限定；夫妻星仅在入宫或形成角色、责任边界时参与接口，不作为BOUND唯一主轴。,由M3-BASE、日支主气及宫位动态提供。,无／待BOUND路径规则组合,日柱与日支近位优先；全局有效独立信号可作次通道。,由共享基础引擎判定,由共享基础引擎判定,喜忌不直接等于边界好坏；只修正调用顺畅度、资源压力和状态切换。,原十神性质有效；真合化成立时按化神所属功能系统重建。,由共享基础引擎判定,78,建立桥接路径 +5,boundary_path,边界方式会经过另一系统调节。,你的边界可能先经过沟通、安全确认、现实安排或角色协商，再真正落实。,不得由本规则直接推出回避亲密、依赖失控、控制欲、冷漠、自私、关系破裂、分手离婚、人格或依恋类型；不得把某种边界方式等同于爱得更多或更少。,中高,待验证,,provisional=true; rule_group=STATE_SC19,0.5
M3-BOUND-223,SC20 强而无制｜压力下更易抢先,L4 BOUND状态修正,BOUND-状态修正,通用,状态修正,SC20,,通道强而缺少调节。,基础信号未定；真合化后原信号已失效；只有单一弱远争议信号；或该结论会越界到M4风险、M5适配。,由共享基础引擎与M3-STATE修正；日主承载、印比支持只修正自主与执行，不直接等于有无边界。,不限定；夫妻星仅在入宫或形成角色、责任边界时参与接口，不作为BOUND唯一主轴。,由M3-BASE、日支主气及宫位动态提供。,无／待BOUND路径规则组合,日柱与日支近位优先；全局有效独立信号可作次通道。,由共享基础引擎判定,由共享基础引擎判定,喜忌不直接等于边界好坏；只修正调用顺畅度、资源压力和状态切换。,原十神性质有效；真合化成立时按化神所属功能系统重建。,由共享基础引擎判定,78,压力通道 +5,state_shift,压力下更容易先由该通道设限。,压力增加时，这种边界方式更可能成为第一反应，但不代表平时只有这一种。,不得由本规则直接推出回避亲密、依赖失控、控制欲、冷漠、自私、关系破裂、分手离婚、人格或依恋类型；不得把某种边界方式等同于爱得更多或更少。,中,待验证,,provisional=true; rule_group=STATE_SC20,0.5
M3-BOUND-224,SC21 真合化｜原通道清零并重建,L4 BOUND状态修正,BOUND-状态修正,通用,状态修正,SC21,,真合化条件成立。,基础信号未定；真合化后原信号已失效；只有单一弱远争议信号；或该结论会越界到M4风险、M5适配。,由共享基础引擎与M3-STATE修正；日主承载、印比支持只修正自主与执行，不直接等于有无边界。,不限定；夫妻星仅在入宫或形成角色、责任边界时参与接口，不作为BOUND唯一主轴。,由M3-BASE、日支主气及宫位动态提供。,无／待BOUND路径规则组合,日柱与日支近位优先；全局有效独立信号可作次通道。,由共享基础引擎判定,由共享基础引擎判定,喜忌不直接等于边界好坏；只修正调用顺畅度、资源压力和状态切换。,原十神性质有效；真合化成立时按化神所属功能系统重建。,由共享基础引擎判定,78,原分清零；替换路由,report_status,原十神边界功能停止计分，按化神系统重建。,原来的边界解释不再保留，改按合化后的功能系统重新判断。,不得由本规则直接推出回避亲密、依赖失控、控制欲、冷漠、自私、关系破裂、分手离婚、人格或依恋类型；不得把某种边界方式等同于爱得更多或更少。,高,待验证,,provisional=true; rule_group=STATE_SC21,0.5
M3-BOUND-225,SC22 日柱／日支近位｜亲密关系直接调用,L4 BOUND状态修正,BOUND-状态修正,通用,状态修正,SC22,,信号位于日柱、日支主气或直接进入夫妻宫。,基础信号未定；真合化后原信号已失效；只有单一弱远争议信号；或该结论会越界到M4风险、M5适配。,由共享基础引擎与M3-STATE修正；日主承载、印比支持只修正自主与执行，不直接等于有无边界。,不限定；夫妻星仅在入宫或形成角色、责任边界时参与接口，不作为BOUND唯一主轴。,由M3-BASE、日支主气及宫位动态提供。,无／待BOUND路径规则组合,日柱与日支近位优先；全局有效独立信号可作次通道。,由共享基础引擎判定,由共享基础引擎判定,喜忌不直接等于边界好坏；只修正调用顺畅度、资源压力和状态切换。,原十神性质有效；真合化成立时按化神所属功能系统重建。,由共享基础引擎判定,78,主通道 +7,primary_boundary_channel,更容易直接进入亲密关系日常。,这项边界方式更容易直接出现在亲密关系里。,不得由本规则直接推出回避亲密、依赖失控、控制欲、冷漠、自私、关系破裂、分手离婚、人格或依恋类型；不得把某种边界方式等同于爱得更多或更少。,中高,待验证,,provisional=true; rule_group=STATE_SC22,0.5
M3-BOUND-226,SC23 月柱中近位｜稳定背景,L4 BOUND状态修正,BOUND-状态修正,通用,状态修正,SC23,,信号位于月柱且有根有效。,基础信号未定；真合化后原信号已失效；只有单一弱远争议信号；或该结论会越界到M4风险、M5适配。,由共享基础引擎与M3-STATE修正；日主承载、印比支持只修正自主与执行，不直接等于有无边界。,不限定；夫妻星仅在入宫或形成角色、责任边界时参与接口，不作为BOUND唯一主轴。,由M3-BASE、日支主气及宫位动态提供。,无／待BOUND路径规则组合,日柱与日支近位优先；全局有效独立信号可作次通道。,由共享基础引擎判定,由共享基础引擎判定,喜忌不直接等于边界好坏；只修正调用顺畅度、资源压力和状态切换。,原十神性质有效；真合化成立时按化神所属功能系统重建。,由共享基础引擎判定,78,主／次候选 +4,secondary_boundary_channel,较容易成为生活和长期角色中的背景边界。,这项方式更可能成为长期生活中的稳定背景。,不得由本规则直接推出回避亲密、依赖失控、控制欲、冷漠、自私、关系破裂、分手离婚、人格或依恋类型；不得把某种边界方式等同于爱得更多或更少。,中,待验证,,provisional=true; rule_group=STATE_SC23,0.5
M3-BOUND-227,SC24 年时远位｜情境或阶段化,L4 BOUND状态修正,BOUND-状态修正,通用,状态修正,SC24,,信号位于年时远位，日柱缺少呼应。,基础信号未定；真合化后原信号已失效；只有单一弱远争议信号；或该结论会越界到M4风险、M5适配。,由共享基础引擎与M3-STATE修正；日主承载、印比支持只修正自主与执行，不直接等于有无边界。,不限定；夫妻星仅在入宫或形成角色、责任边界时参与接口，不作为BOUND唯一主轴。,由M3-BASE、日支主气及宫位动态提供。,无／待BOUND路径规则组合,日柱与日支近位优先；全局有效独立信号可作次通道。,由共享基础引擎判定,由共享基础引擎判定,喜忌不直接等于边界好坏；只修正调用顺畅度、资源压力和状态切换。,原十神性质有效；真合化成立时按化神所属功能系统重建。,由共享基础引擎判定,78,次候选 +2；降置信,secondary_boundary_channel,更依赖环境、阶段或外部角色。,这项方式可能更依赖特定环境或人生阶段，不宜直接写成亲密关系核心。,不得由本规则直接推出回避亲密、依赖失控、控制欲、冷漠、自私、关系破裂、分手离婚、人格或依恋类型；不得把某种边界方式等同于爱得更多或更少。,中低,待验证,,provisional=true; rule_group=STATE_SC24,0.5
M3-BOUND-228,IF01 BASE同源接口｜底盘与BOUND共享一次权重,L5 BOUND接口门控,BOUND-接口门控,通用,接口／去重／停止,M3-BASE,,相关模块信号同时可见，或需要执行同源去重、停止、回退。,基础信号未定；真合化后原信号已失效；只有单一弱远争议信号；或该结论会越界到M4风险、M5适配。,由共享基础引擎与M3-STATE修正；日主承载、印比支持只修正自主与执行，不直接等于有无边界。,不限定；夫妻星仅在入宫或形成角色、责任边界时参与接口，不作为BOUND唯一主轴。,由M3-BASE、日支主气及宫位动态提供。,无／待BOUND路径规则组合,日柱与日支近位优先；全局有效独立信号可作次通道。,由共享基础引擎判定,由共享基础引擎判定,喜忌不直接等于边界好坏；只修正调用顺畅度、资源压力和状态切换。,原十神性质有效；真合化成立时按化神所属功能系统重建。,由共享基础引擎判定,92,不加分；接口／去重／路由,provenance,同一个日支可同时说明关系底盘和边界功能，但基础事实只计一次。,同一个关系底盘可以细化成边界方式，但不会被当成两份证据。,不得由本规则直接推出回避亲密、依赖失控、控制欲、冷漠、自私、关系破裂、分手离婚、人格或依恋类型；不得把某种边界方式等同于爱得更多或更少。,高,待验证,,provisional=true; rule_group=INTERFACE_IF01,0.5
M3-BOUND-229,IF02 BASE异源接口｜次边界通道可独立升级,L5 BOUND接口门控,BOUND-接口门控,通用,接口／去重／停止,M3-BASE,,相关模块信号同时可见，或需要执行同源去重、停止、回退。,基础信号未定；真合化后原信号已失效；只有单一弱远争议信号；或该结论会越界到M4风险、M5适配。,由共享基础引擎与M3-STATE修正；日主承载、印比支持只修正自主与执行，不直接等于有无边界。,不限定；夫妻星仅在入宫或形成角色、责任边界时参与接口，不作为BOUND唯一主轴。,由M3-BASE、日支主气及宫位动态提供。,无／待BOUND路径规则组合,日柱与日支近位优先；全局有效独立信号可作次通道。,由共享基础引擎判定,由共享基础引擎判定,喜忌不直接等于边界好坏；只修正调用顺畅度、资源压力和状态切换。,原十神性质有效；真合化成立时按化神所属功能系统重建。,由共享基础引擎判定,92,不加分；接口／去重／路由,secondary_boundary_channel,BASE主底盘与BOUND独立有效信号不同时，可保留一个真正有作用的补充通道。,关系底盘和边界方式不完全相同时，可以保留一个有独立证据的补充方向。,不得由本规则直接推出回避亲密、依赖失控、控制欲、冷漠、自私、关系破裂、分手离婚、人格或依恋类型；不得把某种边界方式等同于爱得更多或更少。,中高,待验证,,provisional=true; rule_group=INTERFACE_IF02,0.5
M3-BOUND-230,IF03 EXPR需求表达→BOUND执行复核,L5 BOUND接口门控,BOUND-接口门控,通用,接口／去重／停止,M3-EXPR,,相关模块信号同时可见，或需要执行同源去重、停止、回退。,基础信号未定；真合化后原信号已失效；只有单一弱远争议信号；或该结论会越界到M4风险、M5适配。,由共享基础引擎与M3-STATE修正；日主承载、印比支持只修正自主与执行，不直接等于有无边界。,不限定；夫妻星仅在入宫或形成角色、责任边界时参与接口，不作为BOUND唯一主轴。,由M3-BASE、日支主气及宫位动态提供。,无／待BOUND路径规则组合,日柱与日支近位优先；全局有效独立信号可作次通道。,由共享基础引擎判定,由共享基础引擎判定,喜忌不直接等于边界好坏；只修正调用顺畅度、资源压力和状态切换。,原十神性质有效；真合化成立时按化神所属功能系统重建。,由共享基础引擎判定,92,不加分；接口／去重／路由,need_expression,能说出需要以后，还要看是否能形成现实权限、拒绝或重订。,你能把需要说出来，是边界的一部分；是否能执行还要继续看。,不得由本规则直接推出回避亲密、依赖失控、控制欲、冷漠、自私、关系破裂、分手离婚、人格或依恋类型；不得把某种边界方式等同于爱得更多或更少。,高,待验证,,provisional=true; rule_group=INTERFACE_IF03,0.5
M3-BOUND-231,IF04 EXPR拒绝语言≠现实停止线,L5 BOUND接口门控,BOUND-接口门控,通用,接口／去重／停止,M3-EXPR,,相关模块信号同时可见，或需要执行同源去重、停止、回退。,基础信号未定；真合化后原信号已失效；只有单一弱远争议信号；或该结论会越界到M4风险、M5适配。,由共享基础引擎与M3-STATE修正；日主承载、印比支持只修正自主与执行，不直接等于有无边界。,不限定；夫妻星仅在入宫或形成角色、责任边界时参与接口，不作为BOUND唯一主轴。,由M3-BASE、日支主气及宫位动态提供。,无／待BOUND路径规则组合,日柱与日支近位优先；全局有效独立信号可作次通道。,由共享基础引擎判定,由共享基础引擎判定,喜忌不直接等于边界好坏；只修正调用顺畅度、资源压力和状态切换。,原十神性质有效；真合化成立时按化神所属功能系统重建。,由共享基础引擎判定,92,不加分；接口／去重／路由,refusal_style,一次明确表态不能自动证明长期能够执行停止线。,说得清楚不等于每次都能执行，实际边界还要看后续行动。,不得由本规则直接推出回避亲密、依赖失控、控制欲、冷漠、自私、关系破裂、分手离婚、人格或依恋类型；不得把某种边界方式等同于爱得更多或更少。,高,待验证,,provisional=true; rule_group=INTERFACE_IF04,0.5
M3-BOUND-232,IF05 CARE接受支持≠失去自主,L5 BOUND接口门控,BOUND-接口门控,通用,接口／去重／停止,M3-CARE,,相关模块信号同时可见，或需要执行同源去重、停止、回退。,基础信号未定；真合化后原信号已失效；只有单一弱远争议信号；或该结论会越界到M4风险、M5适配。,由共享基础引擎与M3-STATE修正；日主承载、印比支持只修正自主与执行，不直接等于有无边界。,不限定；夫妻星仅在入宫或形成角色、责任边界时参与接口，不作为BOUND唯一主轴。,由M3-BASE、日支主气及宫位动态提供。,无／待BOUND路径规则组合,日柱与日支近位优先；全局有效独立信号可作次通道。,由共享基础引擎判定,由共享基础引擎判定,喜忌不直接等于边界好坏；只修正调用顺畅度、资源压力和状态切换。,原十神性质有效；真合化成立时按化神所属功能系统重建。,由共享基础引擎判定,92,不加分；接口／去重／路由,support_acceptance_boundary,接受帮助需要与参与权、决定权和分享范围分开判断。,你可以接受照顾，同时保留自己的判断和参与权。,不得由本规则直接推出回避亲密、依赖失控、控制欲、冷漠、自私、关系破裂、分手离婚、人格或依恋类型；不得把某种边界方式等同于爱得更多或更少。,高,待验证,,provisional=true; rule_group=INTERFACE_IF05,0.5
M3-BOUND-233,IF06 CARE付出≠拥有对方权限,L5 BOUND接口门控,BOUND-接口门控,通用,接口／去重／停止,M3-CARE,,相关模块信号同时可见，或需要执行同源去重、停止、回退。,基础信号未定；真合化后原信号已失效；只有单一弱远争议信号；或该结论会越界到M4风险、M5适配。,由共享基础引擎与M3-STATE修正；日主承载、印比支持只修正自主与执行，不直接等于有无边界。,不限定；夫妻星仅在入宫或形成角色、责任边界时参与接口，不作为BOUND唯一主轴。,由M3-BASE、日支主气及宫位动态提供。,无／待BOUND路径规则组合,日柱与日支近位优先；全局有效独立信号可作次通道。,由共享基础引擎判定,由共享基础引擎判定,喜忌不直接等于边界好坏；只修正调用顺畅度、资源压力和状态切换。,原十神性质有效；真合化成立时按化神所属功能系统重建。,由共享基础引擎判定,92,不加分；接口／去重／路由,boundary_note,投入时间、资源或责任不能自动换算成替对方决定的权利。,你愿意付出，不代表你因此拥有替对方决定的权限。,不得由本规则直接推出回避亲密、依赖失控、控制欲、冷漠、自私、关系破裂、分手离婚、人格或依恋类型；不得把某种边界方式等同于爱得更多或更少。,高,待验证,,provisional=true; rule_group=INTERFACE_IF06,0.5
M3-BOUND-234,IF07 M2准入边界≠M3日常边界,L5 BOUND接口门控,BOUND-接口门控,通用,接口／去重／停止,M2-关系选择,,相关模块信号同时可见，或需要执行同源去重、停止、回退。,基础信号未定；真合化后原信号已失效；只有单一弱远争议信号；或该结论会越界到M4风险、M5适配。,由共享基础引擎与M3-STATE修正；日主承载、印比支持只修正自主与执行，不直接等于有无边界。,不限定；夫妻星仅在入宫或形成角色、责任边界时参与接口，不作为BOUND唯一主轴。,由M3-BASE、日支主气及宫位动态提供。,无／待BOUND路径规则组合,日柱与日支近位优先；全局有效独立信号可作次通道。,由共享基础引擎判定,由共享基础引擎判定,喜忌不直接等于边界好坏；只修正调用顺畅度、资源压力和状态切换。,原十神性质有效；真合化成立时按化神所属功能系统重建。,由共享基础引擎判定,92,不加分；接口／去重／路由,boundary_note,进入关系前的门槛与进入关系后的权限安排必须分开。,你选择关系时看重的条件，和相处后怎样分配权限，会分别判断。,不得由本规则直接推出回避亲密、依赖失控、控制欲、冷漠、自私、关系破裂、分手离婚、人格或依恋类型；不得把某种边界方式等同于爱得更多或更少。,高,待验证,,provisional=true; rule_group=INTERFACE_IF07,0.5
M3-BOUND-235,IF08 CONFLICT接口｜边界内容与冲突过程分开,L5 BOUND接口门控,BOUND-接口门控,通用,接口／去重／停止,M3-CONFLICT,,相关模块信号同时可见，或需要执行同源去重、停止、回退。,基础信号未定；真合化后原信号已失效；只有单一弱远争议信号；或该结论会越界到M4风险、M5适配。,由共享基础引擎与M3-STATE修正；日主承载、印比支持只修正自主与执行，不直接等于有无边界。,不限定；夫妻星仅在入宫或形成角色、责任边界时参与接口，不作为BOUND唯一主轴。,由M3-BASE、日支主气及宫位动态提供。,无／待BOUND路径规则组合,日柱与日支近位优先；全局有效独立信号可作次通道。,由共享基础引擎判定,由共享基础引擎判定,喜忌不直接等于边界好坏；只修正调用顺畅度、资源压力和状态切换。,原十神性质有效；真合化成立时按化神所属功能系统重建。,由共享基础引擎判定,92,不加分；接口／去重／路由,boundary_note,BOUND负责什么不能越过；CONFLICT负责分歧出现后怎样回应。,这里先说明你的限制内容，不直接判断你发生分歧时会怎样。,不得由本规则直接推出回避亲密、依赖失控、控制欲、冷漠、自私、关系破裂、分手离婚、人格或依恋类型；不得把某种边界方式等同于爱得更多或更少。,高,待验证,,provisional=true; rule_group=INTERFACE_IF08,0.5
M3-BOUND-236,IF09 REPAIR接口｜暂停与修复分开,L5 BOUND接口门控,BOUND-接口门控,通用,接口／去重／停止,M3-REPAIR,,相关模块信号同时可见，或需要执行同源去重、停止、回退。,基础信号未定；真合化后原信号已失效；只有单一弱远争议信号；或该结论会越界到M4风险、M5适配。,由共享基础引擎与M3-STATE修正；日主承载、印比支持只修正自主与执行，不直接等于有无边界。,不限定；夫妻星仅在入宫或形成角色、责任边界时参与接口，不作为BOUND唯一主轴。,由M3-BASE、日支主气及宫位动态提供。,无／待BOUND路径规则组合,日柱与日支近位优先；全局有效独立信号可作次通道。,由共享基础引擎判定,由共享基础引擎判定,喜忌不直接等于边界好坏；只修正调用顺畅度、资源压力和状态切换。,原十神性质有效；真合化成立时按化神所属功能系统重建。,由共享基础引擎判定,92,不加分；接口／去重／路由,pause_return_style,暂停回归候选不能直接替代修复链。,你需要暂停，不等于拒绝关系；怎样重新联结会在修复模块继续判断。,不得由本规则直接推出回避亲密、依赖失控、控制欲、冷漠、自私、关系破裂、分手离婚、人格或依恋类型；不得把某种边界方式等同于爱得更多或更少。,高,待验证,,provisional=true; rule_group=INTERFACE_IF09,0.5
M3-BOUND-237,IF10 STATE接口｜平稳主边界先确定,L5 BOUND接口门控,BOUND-接口门控,通用,接口／去重／停止,M3-STATE,,相关模块信号同时可见，或需要执行同源去重、停止、回退。,基础信号未定；真合化后原信号已失效；只有单一弱远争议信号；或该结论会越界到M4风险、M5适配。,由共享基础引擎与M3-STATE修正；日主承载、印比支持只修正自主与执行，不直接等于有无边界。,不限定；夫妻星仅在入宫或形成角色、责任边界时参与接口，不作为BOUND唯一主轴。,由M3-BASE、日支主气及宫位动态提供。,无／待BOUND路径规则组合,日柱与日支近位优先；全局有效独立信号可作次通道。,由共享基础引擎判定,由共享基础引擎判定,喜忌不直接等于边界好坏；只修正调用顺畅度、资源压力和状态切换。,原十神性质有效；真合化成立时按化神所属功能系统重建。,由共享基础引擎判定,92,不加分；接口／去重／路由,state_shift,先确定日常主通道，再读取压力抢先和恢复回归。,会先看你平时怎样安排边界，再说明压力下是否切换。,不得由本规则直接推出回避亲密、依赖失控、控制欲、冷漠、自私、关系破裂、分手离婚、人格或依恋类型；不得把某种边界方式等同于爱得更多或更少。,高,待验证,,provisional=true; rule_group=INTERFACE_IF10,0.5
M3-BOUND-238,IF11 STATE接口｜压力切换需要独立证据,L5 BOUND接口门控,BOUND-接口门控,通用,接口／去重／停止,M3-STATE,,相关模块信号同时可见，或需要执行同源去重、停止、回退。,基础信号未定；真合化后原信号已失效；只有单一弱远争议信号；或该结论会越界到M4风险、M5适配。,由共享基础引擎与M3-STATE修正；日主承载、印比支持只修正自主与执行，不直接等于有无边界。,不限定；夫妻星仅在入宫或形成角色、责任边界时参与接口，不作为BOUND唯一主轴。,由M3-BASE、日支主气及宫位动态提供。,无／待BOUND路径规则组合,日柱与日支近位优先；全局有效独立信号可作次通道。,由共享基础引擎判定,由共享基础引擎判定,喜忌不直接等于边界好坏；只修正调用顺畅度、资源压力和状态切换。,原十神性质有效；真合化成立时按化神所属功能系统重建。,由共享基础引擎判定,92,不加分；接口／去重／路由,state_shift,过旺、冲刑或七杀只提供压力候选，不能单独确定状态切换。,压力下是否改变边界方式，需要两类以上证据支持。,不得由本规则直接推出回避亲密、依赖失控、控制欲、冷漠、自私、关系破裂、分手离婚、人格或依恋类型；不得把某种边界方式等同于爱得更多或更少。,中高,待验证,,provisional=true; rule_group=INTERFACE_IF11,0.5
M3-BOUND-239,IF12 M4路由｜强通道占位候选,L5 BOUND接口门控,BOUND-接口门控,通用,接口／去重／停止,M4-关系盲点,,相关模块信号同时可见，或需要执行同源去重、停止、回退。,基础信号未定；真合化后原信号已失效；只有单一弱远争议信号；或该结论会越界到M4风险、M5适配。,由共享基础引擎与M3-STATE修正；日主承载、印比支持只修正自主与执行，不直接等于有无边界。,不限定；夫妻星仅在入宫或形成角色、责任边界时参与接口，不作为BOUND唯一主轴。,由M3-BASE、日支主气及宫位动态提供。,无／待BOUND路径规则组合,日柱与日支近位优先；全局有效独立信号可作次通道。,由共享基础引擎判定,由共享基础引擎判定,喜忌不直接等于边界好坏；只修正调用顺畅度、资源压力和状态切换。,原十神性质有效；真合化成立时按化神所属功能系统重建。,由共享基础引擎判定,92,不加分；接口／去重／路由,risk_route,强通道抢先、资源占位或执行困难只路由M4，不在BOUND定风险。,这项边界方式可能很强，但是否形成控制、回避或消耗，要在M4判断。,不得由本规则直接推出回避亲密、依赖失控、控制欲、冷漠、自私、关系破裂、分手离婚、人格或依恋类型；不得把某种边界方式等同于爱得更多或更少。,高,待验证,,provisional=true; rule_group=INTERFACE_IF12,0.5
M3-BOUND-240,IF13 M5接口｜BOUND不得直接给适配答案,L5 BOUND接口门控,BOUND-接口门控,通用,接口／去重／停止,M5-适配关系,,相关模块信号同时可见，或需要执行同源去重、停止、回退。,基础信号未定；真合化后原信号已失效；只有单一弱远争议信号；或该结论会越界到M4风险、M5适配。,由共享基础引擎与M3-STATE修正；日主承载、印比支持只修正自主与执行，不直接等于有无边界。,不限定；夫妻星仅在入宫或形成角色、责任边界时参与接口，不作为BOUND唯一主轴。,由M3-BASE、日支主气及宫位动态提供。,无／待BOUND路径规则组合,日柱与日支近位优先；全局有效独立信号可作次通道。,由共享基础引擎判定,由共享基础引擎判定,喜忌不直接等于边界好坏；只修正调用顺畅度、资源压力和状态切换。,原十神性质有效；真合化成立时按化神所属功能系统重建。,由共享基础引擎判定,92,不加分；接口／去重／路由,boundary_note,边界节奏仅作为适配输入。,你常用的距离和权限方式会影响适配，但不是最终适合结论。,不得由本规则直接推出回避亲密、依赖失控、控制欲、冷漠、自私、关系破裂、分手离婚、人格或依恋类型；不得把某种边界方式等同于爱得更多或更少。,高,待验证,,provisional=true; rule_group=INTERFACE_IF13,0.5
M3-BOUND-241,IF14 夫妻星入日支｜选择—相处边界连续性,L5 BOUND接口门控,BOUND-接口门控,通用,接口／去重／停止,夫妻星入宫,,相关模块信号同时可见，或需要执行同源去重、停止、回退。,基础信号未定；真合化后原信号已失效；只有单一弱远争议信号；或该结论会越界到M4风险、M5适配。,由共享基础引擎与M3-STATE修正；日主承载、印比支持只修正自主与执行，不直接等于有无边界。,不限定；夫妻星仅在入宫或形成角色、责任边界时参与接口，不作为BOUND唯一主轴。,由M3-BASE、日支主气及宫位动态提供。,无／待BOUND路径规则组合,日柱与日支近位优先；全局有效独立信号可作次通道。,由共享基础引擎判定,由共享基础引擎判定,喜忌不直接等于边界好坏；只修正调用顺畅度、资源压力和状态切换。,原十神性质有效；真合化成立时按化神所属功能系统重建。,由共享基础引擎判定,92,不加分；接口／去重／路由,provenance,夫妻星入宫可形成M2选择与M3角色／资源边界连续性，但同源去重。,你选择关系时看重的责任、行动或投入，进入关系后也可能成为共同规则。,不得由本规则直接推出回避亲密、依赖失控、控制欲、冷漠、自私、关系破裂、分手离婚、人格或依恋类型；不得把某种边界方式等同于爱得更多或更少。,中高,待验证,,provisional=true; rule_group=INTERFACE_IF14,0.5
M3-BOUND-242,IF15 source_id与同系统去重｜共享事实只计一次,L5 BOUND接口门控,BOUND-接口门控,通用,接口／去重／停止,同源去重,,相关模块信号同时可见，或需要执行同源去重、停止、回退。,基础信号未定；真合化后原信号已失效；只有单一弱远争议信号；或该结论会越界到M4风险、M5适配。,由共享基础引擎与M3-STATE修正；日主承载、印比支持只修正自主与执行，不直接等于有无边界。,不限定；夫妻星仅在入宫或形成角色、责任边界时参与接口，不作为BOUND唯一主轴。,由M3-BASE、日支主气及宫位动态提供。,无／待BOUND路径规则组合,日柱与日支近位优先；全局有效独立信号可作次通道。,由共享基础引擎判定,由共享基础引擎判定,喜忌不直接等于边界好坏；只修正调用顺畅度、资源压力和状态切换。,原十神性质有效；真合化成立时按化神所属功能系统重建。,由共享基础引擎判定,92,不加分；接口／去重／路由,provenance,同一source_id、同根透藏或正偏同系统先收敛，再判断风格分工。,同一事实可以从不同角度解释，但不会重复抬高置信度。,不得由本规则直接推出回避亲密、依赖失控、控制欲、冷漠、自私、关系破裂、分手离婚、人格或依恋类型；不得把某种边界方式等同于爱得更多或更少。,高,待验证,,provisional=true; rule_group=INTERFACE_IF15,0.5
M3-BOUND-243,IF16 停止与有限回退｜基础争议时只到系统层,L5 BOUND接口门控,BOUND-接口门控,通用,接口／去重／停止,停止／回退,,相关模块信号同时可见，或需要执行同源去重、停止、回退。,基础信号未定；真合化后原信号已失效；只有单一弱远争议信号；或该结论会越界到M4风险、M5适配。,由共享基础引擎与M3-STATE修正；日主承载、印比支持只修正自主与执行，不直接等于有无边界。,不限定；夫妻星仅在入宫或形成角色、责任边界时参与接口，不作为BOUND唯一主轴。,由M3-BASE、日支主气及宫位动态提供。,无／待BOUND路径规则组合,日柱与日支近位优先；全局有效独立信号可作次通道。,由共享基础引擎判定,由共享基础引擎判定,喜忌不直接等于边界好坏；只修正调用顺畅度、资源压力和状态切换。,原十神性质有效；真合化成立时按化神所属功能系统重建。,由共享基础引擎判定,92,不加分；接口／去重／路由,report_status,真合化未定、日支主气争议、旺衰关键未定或只有弱远信号时停止十神级输出。,关键基础还没有确定时，只会保留系统级方向，不会硬写固定边界模式。,不得由本规则直接推出回避亲密、依赖失控、控制欲、冷漠、自私、关系破裂、分手离婚、人格或依恋类型；不得把某种边界方式等同于爱得更多或更少。,高,待验证,,provisional=true; rule_group=INTERFACE_IF16,0.5
M3-BOUND-244,SO01 来源权重｜日支主气／日柱直接事实,L6 BOUND合成输出,BOUND-合成输出,通用,评分,日支主气／日柱,,日支主气或日柱直接参与BOUND。,基础信号未定；真合化后原信号已失效；只有单一弱远争议信号；或该结论会越界到M4风险、M5适配。,由共享基础引擎与M3-STATE修正；日主承载、印比支持只修正自主与执行，不直接等于有无边界。,不限定；夫妻星仅在入宫或形成角色、责任边界时参与接口，不作为BOUND唯一主轴。,由M3-BASE、日支主气及宫位动态提供。,无／待BOUND路径规则组合,日柱与日支近位优先；全局有效独立信号可作次通道。,由共享基础引擎判定,由共享基础引擎判定,喜忌不直接等于边界好坏；只修正调用顺畅度、资源压力和状态切换。,原十神性质有效；真合化成立时按化神所属功能系统重建。,由共享基础引擎判定,90,基础 +18,primary_boundary_channel,亲密关系近位事实权重较高。,这类信号更直接进入亲密关系日常。,不得由本规则直接推出回避亲密、依赖失控、控制欲、冷漠、自私、关系破裂、分手离婚、人格或依恋类型；不得把某种边界方式等同于爱得更多或更少。,中高,待验证,,provisional=true; rule_group=OUTPUT_SO01,0.5
M3-BOUND-245,SO02 来源权重｜近位有根独立信号,L6 BOUND合成输出,BOUND-合成输出,通用,评分,近位有根,,靠近日柱且有根、功能独立。,基础信号未定；真合化后原信号已失效；只有单一弱远争议信号；或该结论会越界到M4风险、M5适配。,由共享基础引擎与M3-STATE修正；日主承载、印比支持只修正自主与执行，不直接等于有无边界。,不限定；夫妻星仅在入宫或形成角色、责任边界时参与接口，不作为BOUND唯一主轴。,由M3-BASE、日支主气及宫位动态提供。,无／待BOUND路径规则组合,日柱与日支近位优先；全局有效独立信号可作次通道。,由共享基础引擎判定,由共享基础引擎判定,喜忌不直接等于边界好坏；只修正调用顺畅度、资源压力和状态切换。,原十神性质有效；真合化成立时按化神所属功能系统重建。,由共享基础引擎判定,90,基础 +14,primary_boundary_channel,近位有根的边界功能更容易成为稳定习惯。,靠近日柱且有稳定来源的边界方式，更容易成为真实相处习惯。,不得由本规则直接推出回避亲密、依赖失控、控制欲、冷漠、自私、关系破裂、分手离婚、人格或依恋类型；不得把某种边界方式等同于爱得更多或更少。,中高,待验证,,provisional=true; rule_group=OUTPUT_SO02,0.5
M3-BOUND-246,SO03 来源权重｜透干有根外显信号,L6 BOUND合成输出,BOUND-合成输出,通用,评分,透干有根,,通道透干有根，且未与主气同源重复。,基础信号未定；真合化后原信号已失效；只有单一弱远争议信号；或该结论会越界到M4风险、M5适配。,由共享基础引擎与M3-STATE修正；日主承载、印比支持只修正自主与执行，不直接等于有无边界。,不限定；夫妻星仅在入宫或形成角色、责任边界时参与接口，不作为BOUND唯一主轴。,由M3-BASE、日支主气及宫位动态提供。,无／待BOUND路径规则组合,日柱与日支近位优先；全局有效独立信号可作次通道。,由共享基础引擎判定,由共享基础引擎判定,喜忌不直接等于边界好坏；只修正调用顺畅度、资源压力和状态切换。,原十神性质有效；真合化成立时按化神所属功能系统重建。,由共享基础引擎判定,90,基础 +12,closeness_rhythm,既容易被看见，也有稳定来源。,这种边界方式既容易被看见，也有一定重复出现的基础。,不得由本规则直接推出回避亲密、依赖失控、控制欲、冷漠、自私、关系破裂、分手离婚、人格或依恋类型；不得把某种边界方式等同于爱得更多或更少。,中高,待验证,,provisional=true; rule_group=OUTPUT_SO03,0.5
M3-BOUND-247,SO04 来源权重｜全局有效独立信号,L6 BOUND合成输出,BOUND-合成输出,通用,评分,全局有效信号,,信号全局有效、来源独立，但不在亲密近位。,基础信号未定；真合化后原信号已失效；只有单一弱远争议信号；或该结论会越界到M4风险、M5适配。,由共享基础引擎与M3-STATE修正；日主承载、印比支持只修正自主与执行，不直接等于有无边界。,不限定；夫妻星仅在入宫或形成角色、责任边界时参与接口，不作为BOUND唯一主轴。,由M3-BASE、日支主气及宫位动态提供。,无／待BOUND路径规则组合,日柱与日支近位优先；全局有效独立信号可作次通道。,由共享基础引擎判定,由共享基础引擎判定,喜忌不直接等于边界好坏；只修正调用顺畅度、资源压力和状态切换。,原十神性质有效；真合化成立时按化神所属功能系统重建。,由共享基础引擎判定,90,基础 +8,secondary_boundary_channel,可作为次通道，是否为核心还需位置和现实行为。,这项方式在命局中有效，但是否成为亲密关系核心，需要结合位置和真实行为。,不得由本规则直接推出回避亲密、依赖失控、控制欲、冷漠、自私、关系破裂、分手离婚、人格或依恋类型；不得把某种边界方式等同于爱得更多或更少。,中,待验证,,provisional=true; rule_group=OUTPUT_SO04,0.5
M3-BOUND-248,SO05 案例行为校准｜真实重复行为修正,L6 BOUND合成输出,BOUND-合成输出,通用,评分,案例反馈,,有多次真实关系行为、伴侣反馈或反例。,基础信号未定；真合化后原信号已失效；只有单一弱远争议信号；或该结论会越界到M4风险、M5适配。,由共享基础引擎与M3-STATE修正；日主承载、印比支持只修正自主与执行，不直接等于有无边界。,不限定；夫妻星仅在入宫或形成角色、责任边界时参与接口，不作为BOUND唯一主轴。,由M3-BASE、日支主气及宫位动态提供。,无／待BOUND路径规则组合,日柱与日支近位优先；全局有效独立信号可作次通道。,由共享基础引擎判定,由共享基础引擎判定,喜忌不直接等于边界好坏；只修正调用顺畅度、资源压力和状态切换。,原十神性质有效；真合化成立时按化神所属功能系统重建。,由共享基础引擎判定,90,案例修正 +0—6,confidence,重复行为用于校准规则，不用一次事件替代稳定模式。,真实相处中的重复行为会用于校准，而不是用一次事件定义你。,不得由本规则直接推出回避亲密、依赖失控、控制欲、冷漠、自私、关系破裂、分手离婚、人格或依恋类型；不得把某种边界方式等同于爱得更多或更少。,中高,待验证,,provisional=true; rule_group=OUTPUT_SO05,0.5
M3-BOUND-249,SO06 主BOUND通道门槛｜34分且领先,L6 BOUND合成输出,BOUND-合成输出,通用,门槛,主通道评分,,主候选总分≥34，且领先第二候选≥8；基础状态可靠。,基础信号未定；真合化后原信号已失效；只有单一弱远争议信号；或该结论会越界到M4风险、M5适配。,由共享基础引擎与M3-STATE修正；日主承载、印比支持只修正自主与执行，不直接等于有无边界。,不限定；夫妻星仅在入宫或形成角色、责任边界时参与接口，不作为BOUND唯一主轴。,由M3-BASE、日支主气及宫位动态提供。,无／待BOUND路径规则组合,日柱与日支近位优先；全局有效独立信号可作次通道。,由共享基础引擎判定,由共享基础引擎判定,喜忌不直接等于边界好坏；只修正调用顺畅度、资源压力和状态切换。,原十神性质有效；真合化成立时按化神所属功能系统重建。,由共享基础引擎判定,90,门槛：≥34且领先≥8,primary_boundary_channel,只有证据集中且主次清楚时，才写成明确主通道。,只有证据足够集中时，才会把一种方式写成你的主要边界通道。,不得由本规则直接推出回避亲密、依赖失控、控制欲、冷漠、自私、关系破裂、分手离婚、人格或依恋类型；不得把某种边界方式等同于爱得更多或更少。,中,待验证,,provisional=true; rule_group=OUTPUT_SO06,0.5
M3-BOUND-250,SO07 次BOUND通道门槛｜24分且功能独立,L6 BOUND合成输出,BOUND-合成输出,通用,门槛,次通道评分,,次候选≥24，来源独立、功能不同且不与主通道同义。,基础信号未定；真合化后原信号已失效；只有单一弱远争议信号；或该结论会越界到M4风险、M5适配。,由共享基础引擎与M3-STATE修正；日主承载、印比支持只修正自主与执行，不直接等于有无边界。,不限定；夫妻星仅在入宫或形成角色、责任边界时参与接口，不作为BOUND唯一主轴。,由M3-BASE、日支主气及宫位动态提供。,无／待BOUND路径规则组合,日柱与日支近位优先；全局有效独立信号可作次通道。,由共享基础引擎判定,由共享基础引擎判定,喜忌不直接等于边界好坏；只修正调用顺畅度、资源压力和状态切换。,原十神性质有效；真合化成立时按化神所属功能系统重建。,由共享基础引擎判定,90,门槛：≥24,secondary_boundary_channel,补充通道必须真正解决不同的边界问题。,补充方式只有在来源独立、功能不同且证据足够时才会保留。,不得由本规则直接推出回避亲密、依赖失控、控制欲、冷漠、自私、关系破裂、分手离婚、人格或依恋类型；不得把某种边界方式等同于爱得更多或更少。,中,待验证,,provisional=true; rule_group=OUTPUT_SO07,0.5
M3-BOUND-251,SO08 双层边界门槛｜分差小且有功能分工,L6 BOUND合成输出,BOUND-合成输出,通用,门槛,双通道,,两通道均达门槛、分差<8、来源独立、功能不同。,基础信号未定；真合化后原信号已失效；只有单一弱远争议信号；或该结论会越界到M4风险、M5适配。,由共享基础引擎与M3-STATE修正；日主承载、印比支持只修正自主与执行，不直接等于有无边界。,不限定；夫妻星仅在入宫或形成角色、责任边界时参与接口，不作为BOUND唯一主轴。,由M3-BASE、日支主气及宫位动态提供。,无／待BOUND路径规则组合,日柱与日支近位优先；全局有效独立信号可作次通道。,由共享基础引擎判定,由共享基础引擎判定,喜忌不直接等于边界好坏；只修正调用顺畅度、资源压力和状态切换。,原十神性质有效；真合化成立时按化神所属功能系统重建。,由共享基础引擎判定,90,双层路由,boundary_pattern,两通道需说明一项负责靠近，另一项负责权限、拒绝或接收。,当两种方式都明显时，会说明它们怎样分工，而不是简单说你什么都要。,不得由本规则直接推出回避亲密、依赖失控、控制欲、冷漠、自私、关系破裂、分手离婚、人格或依恋类型；不得把某种边界方式等同于爱得更多或更少。,中,待验证,,provisional=true; rule_group=OUTPUT_SO08,0.5
M3-BOUND-252,SO09 模式门槛｜至少两类独立证据,L6 BOUND合成输出,BOUND-合成输出,通用,门槛,BOUND模式,,通道、过程维度、日支、宫位动态或现实行为中至少两类支持。,基础信号未定；真合化后原信号已失效；只有单一弱远争议信号；或该结论会越界到M4风险、M5适配。,由共享基础引擎与M3-STATE修正；日主承载、印比支持只修正自主与执行，不直接等于有无边界。,不限定；夫妻星仅在入宫或形成角色、责任边界时参与接口，不作为BOUND唯一主轴。,由M3-BASE、日支主气及宫位动态提供。,无／待BOUND路径规则组合,日柱与日支近位优先；全局有效独立信号可作次通道。,由共享基础引擎判定,由共享基础引擎判定,喜忌不直接等于边界好坏；只修正调用顺畅度、资源压力和状态切换。,原十神性质有效；真合化成立时按化神所属功能系统重建。,由共享基础引擎判定,90,模式门控,boundary_pattern,模式不能由单一十神标签直接决定。,模式标签只有在不同证据相互支持时才会使用。,不得由本规则直接推出回避亲密、依赖失控、控制欲、冷漠、自私、关系破裂、分手离婚、人格或依恋类型；不得把某种边界方式等同于爱得更多或更少。,高,待验证,,provisional=true; rule_group=OUTPUT_SO09,0.5
M3-BOUND-253,SO10 输出上限｜一主一次一节奏一结构,L6 BOUND合成输出,BOUND-合成输出,通用,门槛,输出裁剪,,候选已完成去重和主次裁决。,基础信号未定；真合化后原信号已失效；只有单一弱远争议信号；或该结论会越界到M4风险、M5适配。,由共享基础引擎与M3-STATE修正；日主承载、印比支持只修正自主与执行，不直接等于有无边界。,不限定；夫妻星仅在入宫或形成角色、责任边界时参与接口，不作为BOUND唯一主轴。,由M3-BASE、日支主气及宫位动态提供。,无／待BOUND路径规则组合,日柱与日支近位优先；全局有效独立信号可作次通道。,由共享基础引擎判定,由共享基础引擎判定,喜忌不直接等于边界好坏；只修正调用顺畅度、资源压力和状态切换。,原十神性质有效；真合化成立时按化神所属功能系统重建。,由共享基础引擎判定,90,不加分；裁剪,report_template,正文只保留真正有辨识度的边界重点。,最终输出会保留一主一次、一个距离节奏和一个关键协商结构，不堆积标签。,不得由本规则直接推出回避亲密、依赖失控、控制欲、冷漠、自私、关系破裂、分手离婚、人格或依恋类型；不得把某种边界方式等同于爱得更多或更少。,高,待验证,,provisional=true; rule_group=OUTPUT_SO10,0.5
M3-BOUND-254,SO11 高置信｜多源独立且基础稳定,L6 BOUND合成输出,BOUND-合成输出,通用,置信,高置信,,至少三类独立证据一致，无关键基础争议。,基础信号未定；真合化后原信号已失效；只有单一弱远争议信号；或该结论会越界到M4风险、M5适配。,由共享基础引擎与M3-STATE修正；日主承载、印比支持只修正自主与执行，不直接等于有无边界。,不限定；夫妻星仅在入宫或形成角色、责任边界时参与接口，不作为BOUND唯一主轴。,由M3-BASE、日支主气及宫位动态提供。,无／待BOUND路径规则组合,日柱与日支近位优先；全局有效独立信号可作次通道。,由共享基础引擎判定,由共享基础引擎判定,喜忌不直接等于边界好坏；只修正调用顺畅度、资源压力和状态切换。,原十神性质有效；真合化成立时按化神所属功能系统重建。,由共享基础引擎判定,90,高=90,confidence,高置信表示内部证据充分，不是统计准确率。,这一判断有多类独立证据支持，但仍保留模型边界。,不得由本规则直接推出回避亲密、依赖失控、控制欲、冷漠、自私、关系破裂、分手离婚、人格或依恋类型；不得把某种边界方式等同于爱得更多或更少。,高,待验证,,provisional=true; rule_group=OUTPUT_SO11,0.5
M3-BOUND-255,SO12 中高置信｜一主一辅且无关键冲突,L6 BOUND合成输出,BOUND-合成输出,通用,置信,中高置信,,一项主证据、一项独立辅助，基础无关键冲突。,基础信号未定；真合化后原信号已失效；只有单一弱远争议信号；或该结论会越界到M4风险、M5适配。,由共享基础引擎与M3-STATE修正；日主承载、印比支持只修正自主与执行，不直接等于有无边界。,不限定；夫妻星仅在入宫或形成角色、责任边界时参与接口，不作为BOUND唯一主轴。,由M3-BASE、日支主气及宫位动态提供。,无／待BOUND路径规则组合,日柱与日支近位优先；全局有效独立信号可作次通道。,由共享基础引擎判定,由共享基础引擎判定,喜忌不直接等于边界好坏；只修正调用顺畅度、资源压力和状态切换。,原十神性质有效；真合化成立时按化神所属功能系统重建。,由共享基础引擎判定,90,中高=80,confidence,主要方向清楚，细节仍需案例校准。,主要方向比较清楚，同时仍有部分细节需要真实相处验证。,不得由本规则直接推出回避亲密、依赖失控、控制欲、冷漠、自私、关系破裂、分手离婚、人格或依恋类型；不得把某种边界方式等同于爱得更多或更少。,中高,待验证,,provisional=true; rule_group=OUTPUT_SO12,0.5
M3-BOUND-256,SO13 中置信｜单一可靠来源或主次接近,L6 BOUND合成输出,BOUND-合成输出,通用,置信,中置信,,只有一项可靠来源，或主次接近但仍可有限输出。,基础信号未定；真合化后原信号已失效；只有单一弱远争议信号；或该结论会越界到M4风险、M5适配。,由共享基础引擎与M3-STATE修正；日主承载、印比支持只修正自主与执行，不直接等于有无边界。,不限定；夫妻星仅在入宫或形成角色、责任边界时参与接口，不作为BOUND唯一主轴。,由M3-BASE、日支主气及宫位动态提供。,无／待BOUND路径规则组合,日柱与日支近位优先；全局有效独立信号可作次通道。,由共享基础引擎判定,由共享基础引擎判定,喜忌不直接等于边界好坏；只修正调用顺畅度、资源压力和状态切换。,原十神性质有效；真合化成立时按化神所属功能系统重建。,由共享基础引擎判定,90,中=68,confidence,可用但不能过度细化。,目前有可用证据，但具体主次或执行方式仍需要真实相处验证。,不得由本规则直接推出回避亲密、依赖失控、控制欲、冷漠、自私、关系破裂、分手离婚、人格或依恋类型；不得把某种边界方式等同于爱得更多或更少。,中,待验证,,provisional=true; rule_group=OUTPUT_SO13,0.5
M3-BOUND-257,SO14 中低／低／停止｜关键证据不足,L6 BOUND合成输出,BOUND-合成输出,通用,置信,低置信,,弱远无根、真合化未定、基础争议或证据互相冲突。,基础信号未定；真合化后原信号已失效；只有单一弱远争议信号；或该结论会越界到M4风险、M5适配。,由共享基础引擎与M3-STATE修正；日主承载、印比支持只修正自主与执行，不直接等于有无边界。,不限定；夫妻星仅在入宫或形成角色、责任边界时参与接口，不作为BOUND唯一主轴。,由M3-BASE、日支主气及宫位动态提供。,无／待BOUND路径规则组合,日柱与日支近位优先；全局有效独立信号可作次通道。,由共享基础引擎判定,由共享基础引擎判定,喜忌不直接等于边界好坏；只修正调用顺畅度、资源压力和状态切换。,原十神性质有效；真合化成立时按化神所属功能系统重建。,由共享基础引擎判定,90,中低55／低40／停止0,confidence,只能有限回退或停止固定判断。,目前证据不足，只能保留有限方向或停止固定判断。,不得由本规则直接推出回避亲密、依赖失控、控制欲、冷漠、自私、关系破裂、分手离婚、人格或依恋类型；不得把某种边界方式等同于爱得更多或更少。,高,待验证,,provisional=true; rule_group=OUTPUT_SO14,0.5
M3-BOUND-258,SO15 最终字段权威｜BOUND负责距离与权限,L6 BOUND合成输出,BOUND-合成输出,通用,输出,字段权威,,M3总报告生成BOUND相关字段。,基础信号未定；真合化后原信号已失效；只有单一弱远争议信号；或该结论会越界到M4风险、M5适配。,由共享基础引擎与M3-STATE修正；日主承载、印比支持只修正自主与执行，不直接等于有无边界。,不限定；夫妻星仅在入宫或形成角色、责任边界时参与接口，不作为BOUND唯一主轴。,由M3-BASE、日支主气及宫位动态提供。,无／待BOUND路径规则组合,日柱与日支近位优先；全局有效独立信号可作次通道。,由共享基础引擎判定,由共享基础引擎判定,喜忌不直接等于边界好坏；只修正调用顺畅度、资源压力和状态切换。,原十神性质有效；真合化成立时按化神所属功能系统重建。,由共享基础引擎判定,90,不加分；字段权威,provenance,靠近、空间、拒绝、暂停、重订和接受照顾的边界以BOUND为准。,模型三总报告中，亲密距离和权限安排以BOUND模块为准。,不得由本规则直接推出回避亲密、依赖失控、控制欲、冷漠、自私、关系破裂、分手离婚、人格或依恋类型；不得把某种边界方式等同于爱得更多或更少。,高,待验证,,provisional=true; rule_group=OUTPUT_SO15,0.5
M3-BOUND-259,SO16 单通道标准模板｜直接可用,L6 BOUND合成输出,BOUND-合成输出,通用,输出,报告模板,,主通道和主要过程维度已确定。,基础信号未定；真合化后原信号已失效；只有单一弱远争议信号；或该结论会越界到M4风险、M5适配。,由共享基础引擎与M3-STATE修正；日主承载、印比支持只修正自主与执行，不直接等于有无边界。,不限定；夫妻星仅在入宫或形成角色、责任边界时参与接口，不作为BOUND唯一主轴。,由M3-BASE、日支主气及宫位动态提供。,无／待BOUND路径规则组合,日柱与日支近位优先；全局有效独立信号可作次通道。,由共享基础引擎判定,由共享基础引擎判定,喜忌不直接等于边界好坏；只修正调用顺畅度、资源压力和状态切换。,原十神性质有效；真合化成立时按化神所属功能系统重建。,由共享基础引擎判定,90,不加分；模板,report_template,按通道—靠近—自主—拒绝—接收顺序生成。,你更习惯通过【主要通道】安排亲密与自主。通常会以【靠近节奏】逐步靠近，同时保留【空间／决定权】。当不舒服时，你更可能【拒绝或暂停方式】；你更容易接受【照顾边界】的支持。,不得由本规则直接推出回避亲密、依赖失控、控制欲、冷漠、自私、关系破裂、分手离婚、人格或依恋类型；不得把某种边界方式等同于爱得更多或更少。,高,待验证,,provisional=true; rule_group=OUTPUT_SO16,0.5
M3-BOUND-260,SO17 双通道／低置信模板｜分工或说明不确定,L6 BOUND合成输出,BOUND-合成输出,通用,输出,报告模板,,双层边界成立，或关键基础不足。,基础信号未定；真合化后原信号已失效；只有单一弱远争议信号；或该结论会越界到M4风险、M5适配。,由共享基础引擎与M3-STATE修正；日主承载、印比支持只修正自主与执行，不直接等于有无边界。,不限定；夫妻星仅在入宫或形成角色、责任边界时参与接口，不作为BOUND唯一主轴。,由M3-BASE、日支主气及宫位动态提供。,无／待BOUND路径规则组合,日柱与日支近位优先；全局有效独立信号可作次通道。,由共享基础引擎判定,由共享基础引擎判定,喜忌不直接等于边界好坏；只修正调用顺畅度、资源压力和状态切换。,原十神性质有效；真合化成立时按化神所属功能系统重建。,由共享基础引擎判定,90,不加分；模板,report_template,双通道需写清分工；低置信需写明不确定原因。,双通道：你主要用【A】负责【靠近／共享】，同时用【B】负责【自主／停止／重订】。低置信：目前只能判断你偏向【系统方向】，但【不确定原因】仍会改变具体边界。,不得由本规则直接推出回避亲密、依赖失控、控制欲、冷漠、自私、关系破裂、分手离婚、人格或依恋类型；不得把某种边界方式等同于爱得更多或更少。,高,待验证,,provisional=true; rule_group=OUTPUT_SO17,0.5
