rule_id,rule_name,layer,module,applicable_group,rule_type,main_signal,secondary_signal,required_conditions,excluded_conditions,self_strength_status,spouse_star_status,palace_signal,flow_path,signal_position,root_status,strength_level,favorability,transformation_status,distance_level,priority,score_effect,output_slot,internal_logic,user_explanation,forbidden_inference,confidence_base,validation_status,case_refs,notes,version
M3-CONFLICT-001,M3-CONFLICT正式定义｜分歧响应与冲突处理,L0 模型边界与证据,CONFLICT-定义边界,通用,定义,M3-CONFLICT模块规则,,M3-CONFLICT被调用；分析对象为关系建立后的分歧启动、信息排序、暂停、协商、解决与结束条件。,基础信号未定；真合化后原信号已失效；只有单一弱远争议信号；或该结论会越界到M4风险、M5适配。,由共享基础引擎与M3-STATE修正；日主承载只修正冲突处理的可执行性，不直接等于强硬或软弱。,不限定；夫妻星只在责任、行动、投入等冲突议题中参与接口，不作为CONFLICT唯一主轴。,由M3-BASE、日支主气及宫位动态提供；不得把日支直接写成配偶性格。,无／待CONFLICT顺序与路径规则组合,日柱与日支近位优先；全局有效独立信号可作次通道。,由共享基础引擎判定,由共享基础引擎判定,喜忌不直接等于冲突方式好坏；只修正调用顺畅度、资源压力和状态切换。,原十神性质有效；真合化成立时按化神所属功能系统重建。,由共享基础引擎判定,99,不加分；说明／路由,report_status,M3-CONFLICT描述分歧出现以后用户怎样处理信息与关系，不判断冲突是否严重、谁对谁错或关系结果。,这一部分关注：意见不一致时你通常先处理什么、怎样表达、何时暂停，以及怎样形成一个暂时可执行的处理结果。,不得由本规则直接推出攻击、冷战、控制、情绪虐待、暴力、分手离婚、关系失败、人格或依恋类型；不得把某种分歧处理顺序等同于爱得更多或更少。风险与失衡需转入M4，适配需转入M5。,高,待验证,,provisional=true; rule_group=CONFLICT-定义边界,0.6
M3-CONFLICT-002,核心问题｜处理顺序而非冲突好坏,L0 模型边界与证据,CONFLICT-定义边界,通用,边界,M3-CONFLICT模块规则,,需要判断第一反应、事实与情绪顺序、责任分配、方案形成、暂停及结束条件。,基础信号未定；真合化后原信号已失效；只有单一弱远争议信号；或该结论会越界到M4风险、M5适配。,由共享基础引擎与M3-STATE修正；日主承载只修正冲突处理的可执行性，不直接等于强硬或软弱。,不限定；夫妻星只在责任、行动、投入等冲突议题中参与接口，不作为CONFLICT唯一主轴。,由M3-BASE、日支主气及宫位动态提供；不得把日支直接写成配偶性格。,无／待CONFLICT顺序与路径规则组合,日柱与日支近位优先；全局有效独立信号可作次通道。,由共享基础引擎判定,由共享基础引擎判定,喜忌不直接等于冲突方式好坏；只修正调用顺畅度、资源压力和状态切换。,原十神性质有效；真合化成立时按化神所属功能系统重建。,由共享基础引擎判定,98,不加分；说明／路由,boundary_note,同一种通道在平稳和压力状态下可能表现不同；本模块先描述顺序，不做道德评价。,这里先说明你在分歧里通常怎样处理事情，不把它简单评成会吵、不会吵、成熟或有问题。,不得由本规则直接推出攻击、冷战、控制、情绪虐待、暴力、分手离婚、关系失败、人格或依恋类型；不得把某种分歧处理顺序等同于爱得更多或更少。风险与失衡需转入M4，适配需转入M5。,高,待验证,,provisional=true; rule_group=CONFLICT-定义边界,0.6
M3-CONFLICT-003,标准输入｜共享基础引擎,L0 模型边界与证据,CONFLICT-定义边界,通用,输入门控,M3-CONFLICT模块规则,,排盘、十神、日支藏干、透藏、根气、旺弱、喜忌、合化、有效流向和source_id已由共享引擎提供。,基础信号未定；真合化后原信号已失效；只有单一弱远争议信号；或该结论会越界到M4风险、M5适配。,由共享基础引擎与M3-STATE修正；日主承载只修正冲突处理的可执行性，不直接等于强硬或软弱。,不限定；夫妻星只在责任、行动、投入等冲突议题中参与接口，不作为CONFLICT唯一主轴。,由M3-BASE、日支主气及宫位动态提供；不得把日支直接写成配偶性格。,无／待CONFLICT顺序与路径规则组合,日柱与日支近位优先；全局有效独立信号可作次通道。,由共享基础引擎判定,由共享基础引擎判定,喜忌不直接等于冲突方式好坏；只修正调用顺畅度、资源压力和状态切换。,原十神性质有效；真合化成立时按化神所属功能系统重建。,由共享基础引擎判定,97,不加分；说明／路由,report_status,CONFLICT不重新排盘，也不独立裁定合化旺衰，只翻译可靠基础事实。,基础状态有争议时，会保留不确定性，而不会为了完整硬写固定的冲突反应。,不得由本规则直接推出攻击、冷战、控制、情绪虐待、暴力、分手离婚、关系失败、人格或依恋类型；不得把某种分歧处理顺序等同于爱得更多或更少。风险与失衡需转入M4，适配需转入M5。,高,待验证,,provisional=true; rule_group=CONFLICT-定义边界,0.6
M3-CONFLICT-004,标准输出｜冲突处理字段,L0 模型边界与证据,CONFLICT-定义边界,通用,输出合同,M3-CONFLICT模块规则,,至少一项有效冲突通道成立，且关键基础字段未停止。,基础信号未定；真合化后原信号已失效；只有单一弱远争议信号；或该结论会越界到M4风险、M5适配。,由共享基础引擎与M3-STATE修正；日主承载只修正冲突处理的可执行性，不直接等于强硬或软弱。,不限定；夫妻星只在责任、行动、投入等冲突议题中参与接口，不作为CONFLICT唯一主轴。,由M3-BASE、日支主气及宫位动态提供；不得把日支直接写成配偶性格。,无／待CONFLICT顺序与路径规则组合,日柱与日支近位优先；全局有效独立信号可作次通道。,由共享基础引擎判定,由共享基础引擎判定,喜忌不直接等于冲突方式好坏；只修正调用顺畅度、资源压力和状态切换。,原十神性质有效；真合化成立时按化神所属功能系统重建。,由共享基础引擎判定,96,不加分；说明／路由,report_template,输出主／次通道、第一反应、注意焦点、事实情绪顺序、责任处理、方案、暂停、结束条件、复盘、路径、状态与置信度。,最终会回答：分歧出现时你先做什么、怎样把问题说清、怎样形成方案，以及什么条件下你会认为这一轮可以先告一段落。,不得由本规则直接推出攻击、冷战、控制、情绪虐待、暴力、分手离婚、关系失败、人格或依恋类型；不得把某种分歧处理顺序等同于爱得更多或更少。风险与失衡需转入M4，适配需转入M5。,中高,待验证,,provisional=true; rule_group=CONFLICT-定义边界,0.6
M3-CONFLICT-005,M1边界｜心动偏好不等于分歧方式,L0 模型边界与证据,CONFLICT-定义边界,通用,跨模型边界,M3-CONFLICT模块规则,,M1心动偏好与M3-CONFLICT信号同时可见。,基础信号未定；真合化后原信号已失效；只有单一弱远争议信号；或该结论会越界到M4风险、M5适配。,由共享基础引擎与M3-STATE修正；日主承载只修正冲突处理的可执行性，不直接等于强硬或软弱。,不限定；夫妻星只在责任、行动、投入等冲突议题中参与接口，不作为CONFLICT唯一主轴。,由M3-BASE、日支主气及宫位动态提供；不得把日支直接写成配偶性格。,无／待CONFLICT顺序与路径规则组合,日柱与日支近位优先；全局有效独立信号可作次通道。,由共享基础引擎判定,由共享基础引擎判定,喜忌不直接等于冲突方式好坏；只修正调用顺畅度、资源压力和状态切换。,原十神性质有效；真合化成立时按化神所属功能系统重建。,由共享基础引擎判定,95,不加分；说明／路由,boundary_note,被某类特质吸引，不能推出面对分歧时一定采用同一种方式。,让你心动的特质，和你真正出现意见不一致时怎样处理，会分开判断。,不得由本规则直接推出攻击、冷战、控制、情绪虐待、暴力、分手离婚、关系失败、人格或依恋类型；不得把某种分歧处理顺序等同于爱得更多或更少。风险与失衡需转入M4，适配需转入M5。,高,待验证,,provisional=true; rule_group=CONFLICT-定义边界,0.6
M3-CONFLICT-006,M2边界｜关系准入不等于冲突处理,L0 模型边界与证据,CONFLICT-定义边界,通用,跨模型边界,M3-CONFLICT模块规则,,M2关系门槛与M3-CONFLICT信号同时可见。,基础信号未定；真合化后原信号已失效；只有单一弱远争议信号；或该结论会越界到M4风险、M5适配。,由共享基础引擎与M3-STATE修正；日主承载只修正冲突处理的可执行性，不直接等于强硬或软弱。,不限定；夫妻星只在责任、行动、投入等冲突议题中参与接口，不作为CONFLICT唯一主轴。,由M3-BASE、日支主气及宫位动态提供；不得把日支直接写成配偶性格。,无／待CONFLICT顺序与路径规则组合,日柱与日支近位优先；全局有效独立信号可作次通道。,由共享基础引擎判定,由共享基础引擎判定,喜忌不直接等于冲突方式好坏；只修正调用顺畅度、资源压力和状态切换。,原十神性质有效；真合化成立时按化神所属功能系统重建。,由共享基础引擎判定,94,不加分；说明／路由,boundary_note,选择关系时的门槛，只说明什么人能进入关系，不说明分歧发生后的处理顺序。,你决定和谁进入关系，和进入关系后怎样处理意见不一致，是两个不同问题。,不得由本规则直接推出攻击、冷战、控制、情绪虐待、暴力、分手离婚、关系失败、人格或依恋类型；不得把某种分歧处理顺序等同于爱得更多或更少。风险与失衡需转入M4，适配需转入M5。,高,待验证,,provisional=true; rule_group=CONFLICT-定义边界,0.6
M3-CONFLICT-007,M3-EXPR边界｜日常表达不等于压力表达,L0 模型边界与证据,CONFLICT-定义边界,通用,跨模块边界,M3-CONFLICT模块规则,,EXPR与CONFLICT共享表达证据。,基础信号未定；真合化后原信号已失效；只有单一弱远争议信号；或该结论会越界到M4风险、M5适配。,由共享基础引擎与M3-STATE修正；日主承载只修正冲突处理的可执行性，不直接等于强硬或软弱。,不限定；夫妻星只在责任、行动、投入等冲突议题中参与接口，不作为CONFLICT唯一主轴。,由M3-BASE、日支主气及宫位动态提供；不得把日支直接写成配偶性格。,无／待CONFLICT顺序与路径规则组合,日柱与日支近位优先；全局有效独立信号可作次通道。,由共享基础引擎判定,由共享基础引擎判定,喜忌不直接等于冲突方式好坏；只修正调用顺畅度、资源压力和状态切换。,原十神性质有效；真合化成立时按化神所属功能系统重建。,由共享基础引擎判定,93,不加分；说明／路由,boundary_note,平时会表达，不代表压力下仍按同一顺序；平时话少，也不代表分歧时不能说明立场。,你日常怎样沟通，会影响分歧中的表达，但压力增加时是否切换，需要另外判断。,不得由本规则直接推出攻击、冷战、控制、情绪虐待、暴力、分手离婚、关系失败、人格或依恋类型；不得把某种分歧处理顺序等同于爱得更多或更少。风险与失衡需转入M4，适配需转入M5。,高,待验证,,provisional=true; rule_group=CONFLICT-定义边界,0.6
M3-CONFLICT-008,M3-BOUND边界｜边界内容不等于冲突过程,L0 模型边界与证据,CONFLICT-定义边界,通用,跨模块边界,M3-CONFLICT模块规则,,BOUND已说明限制、权限或暂停需要。,基础信号未定；真合化后原信号已失效；只有单一弱远争议信号；或该结论会越界到M4风险、M5适配。,由共享基础引擎与M3-STATE修正；日主承载只修正冲突处理的可执行性，不直接等于强硬或软弱。,不限定；夫妻星只在责任、行动、投入等冲突议题中参与接口，不作为CONFLICT唯一主轴。,由M3-BASE、日支主气及宫位动态提供；不得把日支直接写成配偶性格。,无／待CONFLICT顺序与路径规则组合,日柱与日支近位优先；全局有效独立信号可作次通道。,由共享基础引擎判定,由共享基础引擎判定,喜忌不直接等于冲突方式好坏；只修正调用顺畅度、资源压力和状态切换。,原十神性质有效；真合化成立时按化神所属功能系统重建。,由共享基础引擎判定,92,不加分；说明／路由,boundary_note,BOUND回答“什么不能接受”，CONFLICT回答“出现不一致时怎样处理”。,你有哪些边界，和你怎样把边界放进一场分歧里处理，会分别说明。,不得由本规则直接推出攻击、冷战、控制、情绪虐待、暴力、分手离婚、关系失败、人格或依恋类型；不得把某种分歧处理顺序等同于爱得更多或更少。风险与失衡需转入M4，适配需转入M5。,高,待验证,,provisional=true; rule_group=CONFLICT-定义边界,0.6
M3-CONFLICT-009,M3-REPAIR边界｜冲突结束不等于关系修复,L0 模型边界与证据,CONFLICT-定义边界,通用,跨模块边界,M3-CONFLICT模块规则,,分歧已经形成暂时结果，但情绪联结是否恢复尚未判断。,基础信号未定；真合化后原信号已失效；只有单一弱远争议信号；或该结论会越界到M4风险、M5适配。,由共享基础引擎与M3-STATE修正；日主承载只修正冲突处理的可执行性，不直接等于强硬或软弱。,不限定；夫妻星只在责任、行动、投入等冲突议题中参与接口，不作为CONFLICT唯一主轴。,由M3-BASE、日支主气及宫位动态提供；不得把日支直接写成配偶性格。,无／待CONFLICT顺序与路径规则组合,日柱与日支近位优先；全局有效独立信号可作次通道。,由共享基础引擎判定,由共享基础引擎判定,喜忌不直接等于冲突方式好坏；只修正调用顺畅度、资源压力和状态切换。,原十神性质有效；真合化成立时按化神所属功能系统重建。,由共享基础引擎判定,91,不加分；说明／路由,boundary_note,问题有方案不等于关系已经重新亲近；REPAIR负责重新联结。,事情谈完或处理完，只代表这一轮分歧有了结果；你们怎样恢复理解和亲近，会在修复模块继续判断。,不得由本规则直接推出攻击、冷战、控制、情绪虐待、暴力、分手离婚、关系失败、人格或依恋类型；不得把某种分歧处理顺序等同于爱得更多或更少。风险与失衡需转入M4，适配需转入M5。,高,待验证,,provisional=true; rule_group=CONFLICT-定义边界,0.6
M3-CONFLICT-010,M4边界｜强烈反应不等于风险结论,L0 模型边界与证据,CONFLICT-定义边界,通用,跨模型边界,M3-CONFLICT模块规则,,冲突通道明显、过旺或压力下抢先。,基础信号未定；真合化后原信号已失效；只有单一弱远争议信号；或该结论会越界到M4风险、M5适配。,由共享基础引擎与M3-STATE修正；日主承载只修正冲突处理的可执行性，不直接等于强硬或软弱。,不限定；夫妻星只在责任、行动、投入等冲突议题中参与接口，不作为CONFLICT唯一主轴。,由M3-BASE、日支主气及宫位动态提供；不得把日支直接写成配偶性格。,无／待CONFLICT顺序与路径规则组合,日柱与日支近位优先；全局有效独立信号可作次通道。,由共享基础引擎判定,由共享基础引擎判定,喜忌不直接等于冲突方式好坏；只修正调用顺畅度、资源压力和状态切换。,原十神性质有效；真合化成立时按化神所属功能系统重建。,由共享基础引擎判定,90,不加分；说明／路由,risk_route,CONFLICT只记录第一反应与处理顺序；是否形成攻击、压迫、冷战或消耗交给M4。,某种处理方式很强，只说明它容易先出现，不直接等于会伤害关系。,不得由本规则直接推出攻击、冷战、控制、情绪虐待、暴力、分手离婚、关系失败、人格或依恋类型；不得把某种分歧处理顺序等同于爱得更多或更少。风险与失衡需转入M4，适配需转入M5。,高,待验证,,provisional=true; rule_group=CONFLICT-定义边界,0.6
M3-CONFLICT-011,M5边界｜常用方式不等于最适配方式,L0 模型边界与证据,CONFLICT-定义边界,通用,跨模型边界,M3-CONFLICT模块规则,,需要把相处惯性与长期适配区分。,基础信号未定；真合化后原信号已失效；只有单一弱远争议信号；或该结论会越界到M4风险、M5适配。,由共享基础引擎与M3-STATE修正；日主承载只修正冲突处理的可执行性，不直接等于强硬或软弱。,不限定；夫妻星只在责任、行动、投入等冲突议题中参与接口，不作为CONFLICT唯一主轴。,由M3-BASE、日支主气及宫位动态提供；不得把日支直接写成配偶性格。,无／待CONFLICT顺序与路径规则组合,日柱与日支近位优先；全局有效独立信号可作次通道。,由共享基础引擎判定,由共享基础引擎判定,喜忌不直接等于冲突方式好坏；只修正调用顺畅度、资源压力和状态切换。,原十神性质有效；真合化成立时按化神所属功能系统重建。,由共享基础引擎判定,89,不加分；说明／路由,boundary_note,默认冲突方式是描述性事实，不是最适合用户的关系方案。,你习惯怎样处理分歧，会影响适配，但不能直接当成最适合你的相处答案。,不得由本规则直接推出攻击、冷战、控制、情绪虐待、暴力、分手离婚、关系失败、人格或依恋类型；不得把某种分歧处理顺序等同于爱得更多或更少。风险与失衡需转入M4，适配需转入M5。,高,待验证,,provisional=true; rule_group=CONFLICT-定义边界,0.6
M3-CONFLICT-012,事实、情绪、立场、责任和方案必须分层,L0 模型边界与证据,CONFLICT-定义边界,通用,证据合同,M3-CONFLICT模块规则,,存在多个冲突信息维度。,基础信号未定；真合化后原信号已失效；只有单一弱远争议信号；或该结论会越界到M4风险、M5适配。,由共享基础引擎与M3-STATE修正；日主承载只修正冲突处理的可执行性，不直接等于强硬或软弱。,不限定；夫妻星只在责任、行动、投入等冲突议题中参与接口，不作为CONFLICT唯一主轴。,由M3-BASE、日支主气及宫位动态提供；不得把日支直接写成配偶性格。,无／待CONFLICT顺序与路径规则组合,日柱与日支近位优先；全局有效独立信号可作次通道。,由共享基础引擎判定,由共享基础引擎判定,喜忌不直接等于冲突方式好坏；只修正调用顺畅度、资源压力和状态切换。,原十神性质有效；真合化成立时按化神所属功能系统重建。,由共享基础引擎判定,88,不加分；说明／路由,attention_focus,五类信息可以有先后和分工，不能被压成“会不会沟通”一个标签。,分析时会区分：你先看事实、先处理感受、先说明立场、先核对责任，还是先形成方案。,不得由本规则直接推出攻击、冷战、控制、情绪虐待、暴力、分手离婚、关系失败、人格或依恋类型；不得把某种分歧处理顺序等同于爱得更多或更少。风险与失衡需转入M4，适配需转入M5。,高,待验证,,provisional=true; rule_group=CONFLICT-定义边界,0.6
M3-CONFLICT-013,第一反应不等于最终处理方式,L0 模型边界与证据,CONFLICT-定义边界,通用,证据合同,M3-CONFLICT模块规则,,压力下第一通道与后续通道不同。,基础信号未定；真合化后原信号已失效；只有单一弱远争议信号；或该结论会越界到M4风险、M5适配。,由共享基础引擎与M3-STATE修正；日主承载只修正冲突处理的可执行性，不直接等于强硬或软弱。,不限定；夫妻星只在责任、行动、投入等冲突议题中参与接口，不作为CONFLICT唯一主轴。,由M3-BASE、日支主气及宫位动态提供；不得把日支直接写成配偶性格。,无／待CONFLICT顺序与路径规则组合,日柱与日支近位优先；全局有效独立信号可作次通道。,由共享基础引擎判定,由共享基础引擎判定,喜忌不直接等于冲突方式好坏；只修正调用顺畅度、资源压力和状态切换。,原十神性质有效；真合化成立时按化神所属功能系统重建。,由共享基础引擎判定,87,不加分；说明／路由,first_response,CONFLICT必须同时记录启动通道和后续完成通道。,你最先做的事，不一定就是你最后用来解决问题的方式；两者会分开写。,不得由本规则直接推出攻击、冷战、控制、情绪虐待、暴力、分手离婚、关系失败、人格或依恋类型；不得把某种分歧处理顺序等同于爱得更多或更少。风险与失衡需转入M4，适配需转入M5。,高,待验证,,provisional=true; rule_group=CONFLICT-定义边界,0.6
M3-CONFLICT-014,暂停不等于冷战,L0 模型边界与证据,CONFLICT-定义边界,通用,禁止误读,M3-CONFLICT模块规则,,出现短暂停顿、内部整理或任务处理后回归。,基础信号未定；真合化后原信号已失效；只有单一弱远争议信号；或该结论会越界到M4风险、M5适配。,由共享基础引擎与M3-STATE修正；日主承载只修正冲突处理的可执行性，不直接等于强硬或软弱。,不限定；夫妻星只在责任、行动、投入等冲突议题中参与接口，不作为CONFLICT唯一主轴。,由M3-BASE、日支主气及宫位动态提供；不得把日支直接写成配偶性格。,无／待CONFLICT顺序与路径规则组合,日柱与日支近位优先；全局有效独立信号可作次通道。,由共享基础引擎判定,由共享基础引擎判定,喜忌不直接等于冲突方式好坏；只修正调用顺畅度、资源压力和状态切换。,原十神性质有效；真合化成立时按化神所属功能系统重建。,由共享基础引擎判定,86,不加分；说明／路由,pause_style,只有存在明确暂停目的和回归路径时，才能写成暂停；是否冷战需M4和行为证据。,你可能需要停一下整理信息或降低强度；只要仍有回到问题的路径，就不能直接把它写成冷战。,不得由本规则直接推出攻击、冷战、控制、情绪虐待、暴力、分手离婚、关系失败、人格或依恋类型；不得把某种分歧处理顺序等同于爱得更多或更少。风险与失衡需转入M4，适配需转入M5。,高,待验证,,provisional=true; rule_group=CONFLICT-定义边界,0.6
M3-CONFLICT-015,直接表达不等于攻击,L0 模型边界与证据,CONFLICT-定义边界,通用,禁止误读,M3-CONFLICT模块规则,,伤官、比肩、官杀等表达直接。,基础信号未定；真合化后原信号已失效；只有单一弱远争议信号；或该结论会越界到M4风险、M5适配。,由共享基础引擎与M3-STATE修正；日主承载只修正冲突处理的可执行性，不直接等于强硬或软弱。,不限定；夫妻星只在责任、行动、投入等冲突议题中参与接口，不作为CONFLICT唯一主轴。,由M3-BASE、日支主气及宫位动态提供；不得把日支直接写成配偶性格。,无／待CONFLICT顺序与路径规则组合,日柱与日支近位优先；全局有效独立信号可作次通道。,由共享基础引擎判定,由共享基础引擎判定,喜忌不直接等于冲突方式好坏；只修正调用顺畅度、资源压力和状态切换。,原十神性质有效；真合化成立时按化神所属功能系统重建。,由共享基础引擎判定,85,不加分；说明／路由,boundary_note,直接性只说明信息外显度与立场清晰度，不说明语气、尊重和伤害结果。,你可能倾向把问题说得直接，但这不自动等于攻击或不顾感受。,不得由本规则直接推出攻击、冷战、控制、情绪虐待、暴力、分手离婚、关系失败、人格或依恋类型；不得把某种分歧处理顺序等同于爱得更多或更少。风险与失衡需转入M4，适配需转入M5。,高,待验证,,provisional=true; rule_group=CONFLICT-定义边界,0.6
M3-CONFLICT-016,解决问题不等于忽略感受,L0 模型边界与证据,CONFLICT-定义边界,通用,禁止误读,M3-CONFLICT模块规则,,财官杀先处理现实、责任或行动。,基础信号未定；真合化后原信号已失效；只有单一弱远争议信号；或该结论会越界到M4风险、M5适配。,由共享基础引擎与M3-STATE修正；日主承载只修正冲突处理的可执行性，不直接等于强硬或软弱。,不限定；夫妻星只在责任、行动、投入等冲突议题中参与接口，不作为CONFLICT唯一主轴。,由M3-BASE、日支主气及宫位动态提供；不得把日支直接写成配偶性格。,无／待CONFLICT顺序与路径规则组合,日柱与日支近位优先；全局有效独立信号可作次通道。,由共享基础引擎判定,由共享基础引擎判定,喜忌不直接等于冲突方式好坏；只修正调用顺畅度、资源压力和状态切换。,原十神性质有效；真合化成立时按化神所属功能系统重建。,由共享基础引擎判定,84,不加分；说明／路由,fact_emotion_order,先处理问题可能只是顺序；是否长期跳过感受要结合印食伤及真实案例。,你可能先把具体问题处理好，再回到情绪沟通；这不能单独解释为不在意感受。,不得由本规则直接推出攻击、冷战、控制、情绪虐待、暴力、分手离婚、关系失败、人格或依恋类型；不得把某种分歧处理顺序等同于爱得更多或更少。风险与失衡需转入M4，适配需转入M5。,高,待验证,,provisional=true; rule_group=CONFLICT-定义边界,0.6
M3-CONFLICT-017,倾听理解不等于没有立场,L0 模型边界与证据,CONFLICT-定义边界,通用,禁止误读,M3-CONFLICT模块规则,,印星通道先听、先承接。,基础信号未定；真合化后原信号已失效；只有单一弱远争议信号；或该结论会越界到M4风险、M5适配。,由共享基础引擎与M3-STATE修正；日主承载只修正冲突处理的可执行性，不直接等于强硬或软弱。,不限定；夫妻星只在责任、行动、投入等冲突议题中参与接口，不作为CONFLICT唯一主轴。,由M3-BASE、日支主气及宫位动态提供；不得把日支直接写成配偶性格。,无／待CONFLICT顺序与路径规则组合,日柱与日支近位优先；全局有效独立信号可作次通道。,由共享基础引擎判定,由共享基础引擎判定,喜忌不直接等于冲突方式好坏；只修正调用顺畅度、资源压力和状态切换。,原十神性质有效；真合化成立时按化神所属功能系统重建。,由共享基础引擎判定,83,不加分；说明／路由,response_reception,倾听是信息获取与降温方式，不等于放弃自己的判断。,你可能先把对方听明白，再形成自己的回应；这不代表你没有立场。,不得由本规则直接推出攻击、冷战、控制、情绪虐待、暴力、分手离婚、关系失败、人格或依恋类型；不得把某种分歧处理顺序等同于爱得更多或更少。风险与失衡需转入M4，适配需转入M5。,高,待验证,,provisional=true; rule_group=CONFLICT-定义边界,0.6
M3-CONFLICT-018,妥协与协商必须区分,L0 模型边界与证据,CONFLICT-定义边界,通用,证据合同,M3-CONFLICT模块规则,,出现调整方案、角色分工或资源重排。,基础信号未定；真合化后原信号已失效；只有单一弱远争议信号；或该结论会越界到M4风险、M5适配。,由共享基础引擎与M3-STATE修正；日主承载只修正冲突处理的可执行性，不直接等于强硬或软弱。,不限定；夫妻星只在责任、行动、投入等冲突议题中参与接口，不作为CONFLICT唯一主轴。,由M3-BASE、日支主气及宫位动态提供；不得把日支直接写成配偶性格。,无／待CONFLICT顺序与路径规则组合,日柱与日支近位优先；全局有效独立信号可作次通道。,由共享基础引擎判定,由共享基础引擎判定,喜忌不直接等于冲突方式好坏；只修正调用顺畅度、资源压力和状态切换。,原十神性质有效；真合化成立时按化神所属功能系统重建。,由共享基础引擎判定,82,不加分；说明／路由,solution_style,协商应保留双方信息与选择；单方退让需真实行为证据，不能由十神直接推出。,你愿意调整方案，不等于总是退让；需要看调整是否仍保留双方参与。,不得由本规则直接推出攻击、冷战、控制、情绪虐待、暴力、分手离婚、关系失败、人格或依恋类型；不得把某种分歧处理顺序等同于爱得更多或更少。风险与失衡需转入M4，适配需转入M5。,高,待验证,,provisional=true; rule_group=CONFLICT-定义边界,0.6
M3-CONFLICT-019,同源证据只计一次,L0 模型边界与证据,CONFLICT-定义边界,通用,去重合同,M3-CONFLICT模块规则,,同一日支、同根透藏或同一十神事实被BASE、EXPR、BOUND和CONFLICT多次读取。,基础信号未定；真合化后原信号已失效；只有单一弱远争议信号；或该结论会越界到M4风险、M5适配。,由共享基础引擎与M3-STATE修正；日主承载只修正冲突处理的可执行性，不直接等于强硬或软弱。,不限定；夫妻星只在责任、行动、投入等冲突议题中参与接口，不作为CONFLICT唯一主轴。,由M3-BASE、日支主气及宫位动态提供；不得把日支直接写成配偶性格。,无／待CONFLICT顺序与路径规则组合,日柱与日支近位优先；全局有效独立信号可作次通道。,由共享基础引擎判定,由共享基础引擎判定,喜忌不直接等于冲突方式好坏；只修正调用顺畅度、资源压力和状态切换。,原十神性质有效；真合化成立时按化神所属功能系统重建。,由共享基础引擎判定,81,不加分；说明／路由,provenance,同一个source_id只能计算一次基础权重，各模块仅做功能翻译。,同一个命理事实可以从不同角度解释，但不会因为被多个模块读到就重复抬高结论。,不得由本规则直接推出攻击、冷战、控制、情绪虐待、暴力、分手离婚、关系失败、人格或依恋类型；不得把某种分歧处理顺序等同于爱得更多或更少。风险与失衡需转入M4，适配需转入M5。,高,待验证,,provisional=true; rule_group=CONFLICT-定义边界,0.6
M3-CONFLICT-020,证据不足时停止或回退,L0 模型边界与证据,CONFLICT-定义边界,通用,停止合同,M3-CONFLICT模块规则,,基础十神、主次、合化、宫位动态或有效路径存在争议。,基础信号未定；真合化后原信号已失效；只有单一弱远争议信号；或该结论会越界到M4风险、M5适配。,由共享基础引擎与M3-STATE修正；日主承载只修正冲突处理的可执行性，不直接等于强硬或软弱。,不限定；夫妻星只在责任、行动、投入等冲突议题中参与接口，不作为CONFLICT唯一主轴。,由M3-BASE、日支主气及宫位动态提供；不得把日支直接写成配偶性格。,无／待CONFLICT顺序与路径规则组合,日柱与日支近位优先；全局有效独立信号可作次通道。,由共享基础引擎判定,由共享基础引擎判定,喜忌不直接等于冲突方式好坏；只修正调用顺畅度、资源压力和状态切换。,原十神性质有效；真合化成立时按化神所属功能系统重建。,由共享基础引擎判定,80,不加分；说明／路由,report_status,优先回退到五类功能系统；仍不足时停止固定冲突模式。,资料不足时，只会保留“更偏向沟通／行动／承接”等系统方向，不会硬写你一定怎样争执。,不得由本规则直接推出攻击、冷战、控制、情绪虐待、暴力、分手离婚、关系失败、人格或依恋类型；不得把某种分歧处理顺序等同于爱得更多或更少。风险与失衡需转入M4，适配需转入M5。,高,待验证,,provisional=true; rule_group=CONFLICT-定义边界,0.6
M3-CONFLICT-021,CF01 比肩｜平等立场通道定义,L1 十神冲突通道,CONFLICT-CF01-比肩平等立场,通用,通道定义,比肩,,比肩形成有效独立信号，且未因真合化失效；至少有日支／日柱、近位有根或现实重复行为中的一类可靠证据。,基础信号未定；真合化后原信号已失效；只有单一弱远争议信号；或该结论会越界到M4风险、M5适配。,由共享基础引擎与M3-STATE修正；日主承载只修正冲突处理的可执行性，不直接等于强硬或软弱。,不限定；夫妻星只在责任、行动、投入等冲突议题中参与接口，不作为CONFLICT唯一主轴。,由M3-BASE、日支主气及宫位动态提供；不得把日支直接写成配偶性格。,无／待CONFLICT顺序与路径规则组合,日柱与日支近位优先；全局有效独立信号可作次通道。,由共享基础引擎判定,由共享基础引擎判定,喜忌不直接等于冲突方式好坏；只修正调用顺畅度、资源压力和状态切换。,原十神性质有效；真合化成立时按化神所属功能系统重建。,由共享基础引擎判定,75,通道候选 +10,primary_conflict_channel,比肩在CONFLICT中主要负责：以平等、各自负责和保留双方决定权的方式处理分歧。,分歧出现时，你更容易先把自己的立场说清，也希望对方明确表达，而不是靠猜测完成沟通。,不得由本规则直接推出攻击、冷战、控制、情绪虐待、暴力、分手离婚、关系失败、人格或依恋类型；不得把某种分歧处理顺序等同于爱得更多或更少。风险与失衡需转入M4，适配需转入M5。,中高,待验证,,provisional=true; channel=CF01; ten_god=比肩,0.6
M3-CONFLICT-022,CF01 比肩｜第一反应,L1 十神冲突通道,CONFLICT-CF01-比肩平等立场,通用,第一反应,比肩,,比肩形成有效独立信号，且未因真合化失效；至少有日支／日柱、近位有根或现实重复行为中的一类可靠证据。,基础信号未定；真合化后原信号已失效；只有单一弱远争议信号；或该结论会越界到M4风险、M5适配。,由共享基础引擎与M3-STATE修正；日主承载只修正冲突处理的可执行性，不直接等于强硬或软弱。,不限定；夫妻星只在责任、行动、投入等冲突议题中参与接口，不作为CONFLICT唯一主轴。,由M3-BASE、日支主气及宫位动态提供；不得把日支直接写成配偶性格。,无／待CONFLICT顺序与路径规则组合,日柱与日支近位优先；全局有效独立信号可作次通道。,由共享基础引擎判定,由共享基础引擎判定,喜忌不直接等于冲突方式好坏；只修正调用顺畅度、资源压力和状态切换。,原十神性质有效；真合化成立时按化神所属功能系统重建。,由共享基础引擎判定,72,第一反应候选 +6,first_response,先说明自己的立场，也要求对方把立场和责任说清楚,分歧刚出现时，你更可能先说明自己的立场，也要求对方把立场和责任说清楚。,不得由本规则直接推出攻击、冷战、控制、情绪虐待、暴力、分手离婚、关系失败、人格或依恋类型；不得把某种分歧处理顺序等同于爱得更多或更少。风险与失衡需转入M4，适配需转入M5。,中,待验证,,provisional=true; channel=CF01; ten_god=比肩,0.6
M3-CONFLICT-023,CF01 比肩｜注意焦点,L1 十神冲突通道,CONFLICT-CF01-比肩平等立场,通用,信息焦点,比肩,,比肩形成有效独立信号，且未因真合化失效；至少有日支／日柱、近位有根或现实重复行为中的一类可靠证据。,基础信号未定；真合化后原信号已失效；只有单一弱远争议信号；或该结论会越界到M4风险、M5适配。,由共享基础引擎与M3-STATE修正；日主承载只修正冲突处理的可执行性，不直接等于强硬或软弱。,不限定；夫妻星只在责任、行动、投入等冲突议题中参与接口，不作为CONFLICT唯一主轴。,由M3-BASE、日支主气及宫位动态提供；不得把日支直接写成配偶性格。,无／待CONFLICT顺序与路径规则组合,日柱与日支近位优先；全局有效独立信号可作次通道。,由共享基础引擎判定,由共享基础引擎判定,喜忌不直接等于冲突方式好坏；只修正调用顺畅度、资源压力和状态切换。,原十神性质有效；真合化成立时按化神所属功能系统重建。,由共享基础引擎判定,70,焦点候选 +5,attention_focus,该通道首先读取：双方立场、决定权、公平性和各自应承担的部分。,你在分歧中会特别注意双方立场、决定权、公平性和各自应承担的部分。,不得由本规则直接推出攻击、冷战、控制、情绪虐待、暴力、分手离婚、关系失败、人格或依恋类型；不得把某种分歧处理顺序等同于爱得更多或更少。风险与失衡需转入M4，适配需转入M5。,中,待验证,,provisional=true; channel=CF01; ten_god=比肩,0.6
M3-CONFLICT-024,CF01 比肩｜阶段结束条件,L1 十神冲突通道,CONFLICT-CF01-比肩平等立场,通用,结束条件,比肩,,比肩形成有效独立信号，且未因真合化失效；至少有日支／日柱、近位有根或现实重复行为中的一类可靠证据。,基础信号未定；真合化后原信号已失效；只有单一弱远争议信号；或该结论会越界到M4风险、M5适配。,由共享基础引擎与M3-STATE修正；日主承载只修正冲突处理的可执行性，不直接等于强硬或软弱。,不限定；夫妻星只在责任、行动、投入等冲突议题中参与接口，不作为CONFLICT唯一主轴。,由M3-BASE、日支主气及宫位动态提供；不得把日支直接写成配偶性格。,无／待CONFLICT顺序与路径规则组合,日柱与日支近位优先；全局有效独立信号可作次通道。,由共享基础引擎判定,由共享基础引擎判定,喜忌不直接等于冲突方式好坏；只修正调用顺畅度、资源压力和状态切换。,原十神性质有效；真合化成立时按化神所属功能系统重建。,由共享基础引擎判定,68,结束条件候选 +5,conflict_end_condition,在双方都保留参与权的前提下形成可执行共识,对你来说，这一轮分歧更容易在“在双方都保留参与权的前提下形成可执行共识”之后暂时告一段落。,不得由本规则直接推出攻击、冷战、控制、情绪虐待、暴力、分手离婚、关系失败、人格或依恋类型；不得把某种分歧处理顺序等同于爱得更多或更少。风险与失衡需转入M4，适配需转入M5。,中,待验证,,provisional=true; channel=CF01; ten_god=比肩,0.6
M3-CONFLICT-025,CF01 比肩｜弱远或条件性调用,L1 十神冲突通道,CONFLICT-CF01-比肩平等立场,通用,条件修正,比肩,,比肩偏弱、远位、无根，或只有单一间接证据。,基础信号未定；真合化后原信号已失效；只有单一弱远争议信号；或该结论会越界到M4风险、M5适配。,由共享基础引擎与M3-STATE修正；日主承载只修正冲突处理的可执行性，不直接等于强硬或软弱。,不限定；夫妻星只在责任、行动、投入等冲突议题中参与接口，不作为CONFLICT唯一主轴。,由M3-BASE、日支主气及宫位动态提供；不得把日支直接写成配偶性格。,无／待CONFLICT顺序与路径规则组合,日柱与日支近位优先；全局有效独立信号可作次通道。,由共享基础引擎判定,由共享基础引擎判定,喜忌不直接等于冲突方式好坏；只修正调用顺畅度、资源压力和状态切换。,原十神性质有效；真合化成立时按化神所属功能系统重建。,由共享基础引擎判定,60,候选 +2；降置信,secondary_conflict_channel,信号偏弱或远位时，只能说明你重视平等，不能直接写成每次都能坚持或说清立场。,信号偏弱或远位时，只能说明你重视平等，不能直接写成每次都能坚持或说清立场。,不得由本规则直接推出攻击、冷战、控制、情绪虐待、暴力、分手离婚、关系失败、人格或依恋类型；不得把某种分歧处理顺序等同于爱得更多或更少。风险与失衡需转入M4，适配需转入M5。,中低,待验证,,provisional=true; channel=CF01; ten_god=比肩,0.6
M3-CONFLICT-026,CF01 比肩｜压力下抢先或切换,L1 十神冲突通道,CONFLICT-CF01-比肩平等立场,通用,压力修正,比肩,,比肩过旺、强而无制，或M3-STATE显示该通道在压力状态被放大。,基础信号未定；真合化后原信号已失效；只有单一弱远争议信号；或该结论会越界到M4风险、M5适配。,由共享基础引擎与M3-STATE修正；日主承载只修正冲突处理的可执行性，不直接等于强硬或软弱。,不限定；夫妻星只在责任、行动、投入等冲突议题中参与接口，不作为CONFLICT唯一主轴。,由M3-BASE、日支主气及宫位动态提供；不得把日支直接写成配偶性格。,无／待CONFLICT顺序与路径规则组合,日柱与日支近位优先；全局有效独立信号可作次通道。,由共享基础引擎判定,由共享基础引擎判定,喜忌不直接等于冲突方式好坏；只修正调用顺畅度、资源压力和状态切换。,原十神性质有效；真合化成立时按化神所属功能系统重建。,由共享基础引擎判定,66,压力通道 +5；路由STATE/M4,state_shift,压力增加时，立场与自主权更容易抢先进入注意范围；是否变成僵持需交给M4。,压力增加时，立场与自主权更容易抢先进入注意范围；是否变成僵持需交给M4。,不得由本规则直接推出攻击、冷战、控制、情绪虐待、暴力、分手离婚、关系失败、人格或依恋类型；不得把某种分歧处理顺序等同于爱得更多或更少。风险与失衡需转入M4，适配需转入M5。,中,待验证,,provisional=true; channel=CF01; ten_god=比肩,0.6
M3-CONFLICT-027,CF01 比肩｜禁止人格化和结果化,L1 十神冲突通道,CONFLICT-CF01-比肩平等立场,通用,禁止推断,比肩,,比肩冲突通道被识别。,基础信号未定；真合化后原信号已失效；只有单一弱远争议信号；或该结论会越界到M4风险、M5适配。,由共享基础引擎与M3-STATE修正；日主承载只修正冲突处理的可执行性，不直接等于强硬或软弱。,不限定；夫妻星只在责任、行动、投入等冲突议题中参与接口，不作为CONFLICT唯一主轴。,由M3-BASE、日支主气及宫位动态提供；不得把日支直接写成配偶性格。,无／待CONFLICT顺序与路径规则组合,日柱与日支近位优先；全局有效独立信号可作次通道。,由共享基础引擎判定,由共享基础引擎判定,喜忌不直接等于冲突方式好坏；只修正调用顺畅度、资源压力和状态切换。,原十神性质有效；真合化成立时按化神所属功能系统重建。,由共享基础引擎判定,90,不加分；边界检查,boundary_note,不得直接写成固执、争强、好胜或不肯妥协。,不得直接写成固执、争强、好胜或不肯妥协，这里只描述处理顺序。,不得由本规则直接推出攻击、冷战、控制、情绪虐待、暴力、分手离婚、关系失败、人格或依恋类型；不得把某种分歧处理顺序等同于爱得更多或更少。风险与失衡需转入M4，适配需转入M5。不得直接写成固执、争强、好胜或不肯妥协。,高,待验证,,provisional=true; channel=CF01; ten_god=比肩,0.6
M3-CONFLICT-028,CF02 劫财｜即时介入通道定义,L1 十神冲突通道,CONFLICT-CF02-劫财即时介入,通用,通道定义,劫财,,劫财形成有效独立信号，且未因真合化失效；至少有日支／日柱、近位有根或现实重复行为中的一类可靠证据。,基础信号未定；真合化后原信号已失效；只有单一弱远争议信号；或该结论会越界到M4风险、M5适配。,由共享基础引擎与M3-STATE修正；日主承载只修正冲突处理的可执行性，不直接等于强硬或软弱。,不限定；夫妻星只在责任、行动、投入等冲突议题中参与接口，不作为CONFLICT唯一主轴。,由M3-BASE、日支主气及宫位动态提供；不得把日支直接写成配偶性格。,无／待CONFLICT顺序与路径规则组合,日柱与日支近位优先；全局有效独立信号可作次通道。,由共享基础引擎判定,由共享基础引擎判定,喜忌不直接等于冲突方式好坏；只修正调用顺畅度、资源压力和状态切换。,原十神性质有效；真合化成立时按化神所属功能系统重建。,由共享基础引擎判定,75,通道候选 +10,primary_conflict_channel,劫财在CONFLICT中主要负责：通过快速回应、共同参与和边处理边沟通进入分歧。,你更容易在问题出现时快速进入现场，边回应、边协作、边调整，而不是长时间停在抽象讨论里。,不得由本规则直接推出攻击、冷战、控制、情绪虐待、暴力、分手离婚、关系失败、人格或依恋类型；不得把某种分歧处理顺序等同于爱得更多或更少。风险与失衡需转入M4，适配需转入M5。,中高,待验证,,provisional=true; channel=CF02; ten_god=劫财,0.6
M3-CONFLICT-029,CF02 劫财｜第一反应,L1 十神冲突通道,CONFLICT-CF02-劫财即时介入,通用,第一反应,劫财,,劫财形成有效独立信号，且未因真合化失效；至少有日支／日柱、近位有根或现实重复行为中的一类可靠证据。,基础信号未定；真合化后原信号已失效；只有单一弱远争议信号；或该结论会越界到M4风险、M5适配。,由共享基础引擎与M3-STATE修正；日主承载只修正冲突处理的可执行性，不直接等于强硬或软弱。,不限定；夫妻星只在责任、行动、投入等冲突议题中参与接口，不作为CONFLICT唯一主轴。,由M3-BASE、日支主气及宫位动态提供；不得把日支直接写成配偶性格。,无／待CONFLICT顺序与路径规则组合,日柱与日支近位优先；全局有效独立信号可作次通道。,由共享基础引擎判定,由共享基础引擎判定,喜忌不直接等于冲突方式好坏；只修正调用顺畅度、资源压力和状态切换。,原十神性质有效；真合化成立时按化神所属功能系统重建。,由共享基础引擎判定,72,第一反应候选 +6,first_response,先介入现场、提出即时回应或拉着对方一起处理,分歧刚出现时，你更可能先介入现场、提出即时回应或拉着对方一起处理。,不得由本规则直接推出攻击、冷战、控制、情绪虐待、暴力、分手离婚、关系失败、人格或依恋类型；不得把某种分歧处理顺序等同于爱得更多或更少。风险与失衡需转入M4，适配需转入M5。,中,待验证,,provisional=true; channel=CF02; ten_god=劫财,0.6
M3-CONFLICT-030,CF02 劫财｜注意焦点,L1 十神冲突通道,CONFLICT-CF02-劫财即时介入,通用,信息焦点,劫财,,劫财形成有效独立信号，且未因真合化失效；至少有日支／日柱、近位有根或现实重复行为中的一类可靠证据。,基础信号未定；真合化后原信号已失效；只有单一弱远争议信号；或该结论会越界到M4风险、M5适配。,由共享基础引擎与M3-STATE修正；日主承载只修正冲突处理的可执行性，不直接等于强硬或软弱。,不限定；夫妻星只在责任、行动、投入等冲突议题中参与接口，不作为CONFLICT唯一主轴。,由M3-BASE、日支主气及宫位动态提供；不得把日支直接写成配偶性格。,无／待CONFLICT顺序与路径规则组合,日柱与日支近位优先；全局有效独立信号可作次通道。,由共享基础引擎判定,由共享基础引擎判定,喜忌不直接等于冲突方式好坏；只修正调用顺畅度、资源压力和状态切换。,原十神性质有效；真合化成立时按化神所属功能系统重建。,由共享基础引擎判定,70,焦点候选 +5,attention_focus,该通道首先读取：当前局面、双方参与、资源调动和马上能做的事。,你在分歧中会特别注意当前局面、双方参与、资源调动和马上能做的事。,不得由本规则直接推出攻击、冷战、控制、情绪虐待、暴力、分手离婚、关系失败、人格或依恋类型；不得把某种分歧处理顺序等同于爱得更多或更少。风险与失衡需转入M4，适配需转入M5。,中,待验证,,provisional=true; channel=CF02; ten_god=劫财,0.6
M3-CONFLICT-031,CF02 劫财｜阶段结束条件,L1 十神冲突通道,CONFLICT-CF02-劫财即时介入,通用,结束条件,劫财,,劫财形成有效独立信号，且未因真合化失效；至少有日支／日柱、近位有根或现实重复行为中的一类可靠证据。,基础信号未定；真合化后原信号已失效；只有单一弱远争议信号；或该结论会越界到M4风险、M5适配。,由共享基础引擎与M3-STATE修正；日主承载只修正冲突处理的可执行性，不直接等于强硬或软弱。,不限定；夫妻星只在责任、行动、投入等冲突议题中参与接口，不作为CONFLICT唯一主轴。,由M3-BASE、日支主气及宫位动态提供；不得把日支直接写成配偶性格。,无／待CONFLICT顺序与路径规则组合,日柱与日支近位优先；全局有效独立信号可作次通道。,由共享基础引擎判定,由共享基础引擎判定,喜忌不直接等于冲突方式好坏；只修正调用顺畅度、资源压力和状态切换。,原十神性质有效；真合化成立时按化神所属功能系统重建。,由共享基础引擎判定,68,结束条件候选 +5,conflict_end_condition,通过共同执行或即时调整，让问题从停滞转为可继续处理,对你来说，这一轮分歧更容易在“通过共同执行或即时调整，让问题从停滞转为可继续处理”之后暂时告一段落。,不得由本规则直接推出攻击、冷战、控制、情绪虐待、暴力、分手离婚、关系失败、人格或依恋类型；不得把某种分歧处理顺序等同于爱得更多或更少。风险与失衡需转入M4，适配需转入M5。,中,待验证,,provisional=true; channel=CF02; ten_god=劫财,0.6
M3-CONFLICT-032,CF02 劫财｜弱远或条件性调用,L1 十神冲突通道,CONFLICT-CF02-劫财即时介入,通用,条件修正,劫财,,劫财偏弱、远位、无根，或只有单一间接证据。,基础信号未定；真合化后原信号已失效；只有单一弱远争议信号；或该结论会越界到M4风险、M5适配。,由共享基础引擎与M3-STATE修正；日主承载只修正冲突处理的可执行性，不直接等于强硬或软弱。,不限定；夫妻星只在责任、行动、投入等冲突议题中参与接口，不作为CONFLICT唯一主轴。,由M3-BASE、日支主气及宫位动态提供；不得把日支直接写成配偶性格。,无／待CONFLICT顺序与路径规则组合,日柱与日支近位优先；全局有效独立信号可作次通道。,由共享基础引擎判定,由共享基础引擎判定,喜忌不直接等于冲突方式好坏；只修正调用顺畅度、资源压力和状态切换。,原十神性质有效；真合化成立时按化神所属功能系统重建。,由共享基础引擎判定,60,候选 +2；降置信,secondary_conflict_channel,信号偏弱时，只保留“需要共同参与”这一方向，不写成反应一定快。,信号偏弱时，只保留“需要共同参与”这一方向，不写成反应一定快。,不得由本规则直接推出攻击、冷战、控制、情绪虐待、暴力、分手离婚、关系失败、人格或依恋类型；不得把某种分歧处理顺序等同于爱得更多或更少。风险与失衡需转入M4，适配需转入M5。,中低,待验证,,provisional=true; channel=CF02; ten_god=劫财,0.6
M3-CONFLICT-033,CF02 劫财｜压力下抢先或切换,L1 十神冲突通道,CONFLICT-CF02-劫财即时介入,通用,压力修正,劫财,,劫财过旺、强而无制，或M3-STATE显示该通道在压力状态被放大。,基础信号未定；真合化后原信号已失效；只有单一弱远争议信号；或该结论会越界到M4风险、M5适配。,由共享基础引擎与M3-STATE修正；日主承载只修正冲突处理的可执行性，不直接等于强硬或软弱。,不限定；夫妻星只在责任、行动、投入等冲突议题中参与接口，不作为CONFLICT唯一主轴。,由M3-BASE、日支主气及宫位动态提供；不得把日支直接写成配偶性格。,无／待CONFLICT顺序与路径规则组合,日柱与日支近位优先；全局有效独立信号可作次通道。,由共享基础引擎判定,由共享基础引擎判定,喜忌不直接等于冲突方式好坏；只修正调用顺畅度、资源压力和状态切换。,原十神性质有效；真合化成立时按化神所属功能系统重建。,由共享基础引擎判定,66,压力通道 +5；路由STATE/M4,state_shift,压力增加时，行动和即时回应可能先于完整说明；是否形成抢话或争夺需M4判断。,压力增加时，行动和即时回应可能先于完整说明；是否形成抢话或争夺需M4判断。,不得由本规则直接推出攻击、冷战、控制、情绪虐待、暴力、分手离婚、关系失败、人格或依恋类型；不得把某种分歧处理顺序等同于爱得更多或更少。风险与失衡需转入M4，适配需转入M5。,中,待验证,,provisional=true; channel=CF02; ten_god=劫财,0.6
M3-CONFLICT-034,CF02 劫财｜禁止人格化和结果化,L1 十神冲突通道,CONFLICT-CF02-劫财即时介入,通用,禁止推断,劫财,,劫财冲突通道被识别。,基础信号未定；真合化后原信号已失效；只有单一弱远争议信号；或该结论会越界到M4风险、M5适配。,由共享基础引擎与M3-STATE修正；日主承载只修正冲突处理的可执行性，不直接等于强硬或软弱。,不限定；夫妻星只在责任、行动、投入等冲突议题中参与接口，不作为CONFLICT唯一主轴。,由M3-BASE、日支主气及宫位动态提供；不得把日支直接写成配偶性格。,无／待CONFLICT顺序与路径规则组合,日柱与日支近位优先；全局有效独立信号可作次通道。,由共享基础引擎判定,由共享基础引擎判定,喜忌不直接等于冲突方式好坏；只修正调用顺畅度、资源压力和状态切换。,原十神性质有效；真合化成立时按化神所属功能系统重建。,由共享基础引擎判定,90,不加分；边界检查,boundary_note,不得直接写成冲动、抢夺、竞争或容易打起来。,不得直接写成冲动、抢夺、竞争或容易打起来，这里只描述处理顺序。,不得由本规则直接推出攻击、冷战、控制、情绪虐待、暴力、分手离婚、关系失败、人格或依恋类型；不得把某种分歧处理顺序等同于爱得更多或更少。风险与失衡需转入M4，适配需转入M5。不得直接写成冲动、抢夺、竞争或容易打起来。,高,待验证,,provisional=true; channel=CF02; ten_god=劫财,0.6
M3-CONFLICT-035,CF03 食神｜缓冲降温通道定义,L1 十神冲突通道,CONFLICT-CF03-食神缓冲降温,通用,通道定义,食神,,食神形成有效独立信号，且未因真合化失效；至少有日支／日柱、近位有根或现实重复行为中的一类可靠证据。,基础信号未定；真合化后原信号已失效；只有单一弱远争议信号；或该结论会越界到M4风险、M5适配。,由共享基础引擎与M3-STATE修正；日主承载只修正冲突处理的可执行性，不直接等于强硬或软弱。,不限定；夫妻星只在责任、行动、投入等冲突议题中参与接口，不作为CONFLICT唯一主轴。,由M3-BASE、日支主气及宫位动态提供；不得把日支直接写成配偶性格。,无／待CONFLICT顺序与路径规则组合,日柱与日支近位优先；全局有效独立信号可作次通道。,由共享基础引擎判定,由共享基础引擎判定,喜忌不直接等于冲突方式好坏；只修正调用顺畅度、资源压力和状态切换。,原十神性质有效；真合化成立时按化神所属功能系统重建。,由共享基础引擎判定,75,通道候选 +10,primary_conflict_channel,食神在CONFLICT中主要负责：先降低交流强度、恢复可谈状态，再处理具体分歧。,意见不一致时，你更容易先把气氛降下来，让双方能够继续说话，再进入具体问题。,不得由本规则直接推出攻击、冷战、控制、情绪虐待、暴力、分手离婚、关系失败、人格或依恋类型；不得把某种分歧处理顺序等同于爱得更多或更少。风险与失衡需转入M4，适配需转入M5。,中高,待验证,,provisional=true; channel=CF03; ten_god=食神,0.6
M3-CONFLICT-036,CF03 食神｜第一反应,L1 十神冲突通道,CONFLICT-CF03-食神缓冲降温,通用,第一反应,食神,,食神形成有效独立信号，且未因真合化失效；至少有日支／日柱、近位有根或现实重复行为中的一类可靠证据。,基础信号未定；真合化后原信号已失效；只有单一弱远争议信号；或该结论会越界到M4风险、M5适配。,由共享基础引擎与M3-STATE修正；日主承载只修正冲突处理的可执行性，不直接等于强硬或软弱。,不限定；夫妻星只在责任、行动、投入等冲突议题中参与接口，不作为CONFLICT唯一主轴。,由M3-BASE、日支主气及宫位动态提供；不得把日支直接写成配偶性格。,无／待CONFLICT顺序与路径规则组合,日柱与日支近位优先；全局有效独立信号可作次通道。,由共享基础引擎判定,由共享基础引擎判定,喜忌不直接等于冲突方式好坏；只修正调用顺畅度、资源压力和状态切换。,原十神性质有效；真合化成立时按化神所属功能系统重建。,由共享基础引擎判定,72,第一反应候选 +6,first_response,先放慢节奏、调整语气、缓和氛围或处理基本舒适度,分歧刚出现时，你更可能先放慢节奏、调整语气、缓和氛围或处理基本舒适度。,不得由本规则直接推出攻击、冷战、控制、情绪虐待、暴力、分手离婚、关系失败、人格或依恋类型；不得把某种分歧处理顺序等同于爱得更多或更少。风险与失衡需转入M4，适配需转入M5。,中,待验证,,provisional=true; channel=CF03; ten_god=食神,0.6
M3-CONFLICT-037,CF03 食神｜注意焦点,L1 十神冲突通道,CONFLICT-CF03-食神缓冲降温,通用,信息焦点,食神,,食神形成有效独立信号，且未因真合化失效；至少有日支／日柱、近位有根或现实重复行为中的一类可靠证据。,基础信号未定；真合化后原信号已失效；只有单一弱远争议信号；或该结论会越界到M4风险、M5适配。,由共享基础引擎与M3-STATE修正；日主承载只修正冲突处理的可执行性，不直接等于强硬或软弱。,不限定；夫妻星只在责任、行动、投入等冲突议题中参与接口，不作为CONFLICT唯一主轴。,由M3-BASE、日支主气及宫位动态提供；不得把日支直接写成配偶性格。,无／待CONFLICT顺序与路径规则组合,日柱与日支近位优先；全局有效独立信号可作次通道。,由共享基础引擎判定,由共享基础引擎判定,喜忌不直接等于冲突方式好坏；只修正调用顺畅度、资源压力和状态切换。,原十神性质有效；真合化成立时按化神所属功能系统重建。,由共享基础引擎判定,70,焦点候选 +5,attention_focus,该通道首先读取：沟通强度、双方可承受度、情绪温度和能否继续交流。,你在分歧中会特别注意沟通强度、双方可承受度、情绪温度和能否继续交流。,不得由本规则直接推出攻击、冷战、控制、情绪虐待、暴力、分手离婚、关系失败、人格或依恋类型；不得把某种分歧处理顺序等同于爱得更多或更少。风险与失衡需转入M4，适配需转入M5。,中,待验证,,provisional=true; channel=CF03; ten_god=食神,0.6
M3-CONFLICT-038,CF03 食神｜阶段结束条件,L1 十神冲突通道,CONFLICT-CF03-食神缓冲降温,通用,结束条件,食神,,食神形成有效独立信号，且未因真合化失效；至少有日支／日柱、近位有根或现实重复行为中的一类可靠证据。,基础信号未定；真合化后原信号已失效；只有单一弱远争议信号；或该结论会越界到M4风险、M5适配。,由共享基础引擎与M3-STATE修正；日主承载只修正冲突处理的可执行性，不直接等于强硬或软弱。,不限定；夫妻星只在责任、行动、投入等冲突议题中参与接口，不作为CONFLICT唯一主轴。,由M3-BASE、日支主气及宫位动态提供；不得把日支直接写成配偶性格。,无／待CONFLICT顺序与路径规则组合,日柱与日支近位优先；全局有效独立信号可作次通道。,由共享基础引擎判定,由共享基础引擎判定,喜忌不直接等于冲突方式好坏；只修正调用顺畅度、资源压力和状态切换。,原十神性质有效；真合化成立时按化神所属功能系统重建。,由共享基础引擎判定,68,结束条件候选 +5,conflict_end_condition,在双方恢复可交流状态后，再逐步说明问题和安排,对你来说，这一轮分歧更容易在“在双方恢复可交流状态后，再逐步说明问题和安排”之后暂时告一段落。,不得由本规则直接推出攻击、冷战、控制、情绪虐待、暴力、分手离婚、关系失败、人格或依恋类型；不得把某种分歧处理顺序等同于爱得更多或更少。风险与失衡需转入M4，适配需转入M5。,中,待验证,,provisional=true; channel=CF03; ten_god=食神,0.6
M3-CONFLICT-039,CF03 食神｜弱远或条件性调用,L1 十神冲突通道,CONFLICT-CF03-食神缓冲降温,通用,条件修正,食神,,食神偏弱、远位、无根，或只有单一间接证据。,基础信号未定；真合化后原信号已失效；只有单一弱远争议信号；或该结论会越界到M4风险、M5适配。,由共享基础引擎与M3-STATE修正；日主承载只修正冲突处理的可执行性，不直接等于强硬或软弱。,不限定；夫妻星只在责任、行动、投入等冲突议题中参与接口，不作为CONFLICT唯一主轴。,由M3-BASE、日支主气及宫位动态提供；不得把日支直接写成配偶性格。,无／待CONFLICT顺序与路径规则组合,日柱与日支近位优先；全局有效独立信号可作次通道。,由共享基础引擎判定,由共享基础引擎判定,喜忌不直接等于冲突方式好坏；只修正调用顺畅度、资源压力和状态切换。,原十神性质有效；真合化成立时按化神所属功能系统重建。,由共享基础引擎判定,60,候选 +2；降置信,secondary_conflict_channel,信号偏弱时，只能说明你重视低压力沟通，不能写成一定能主动安抚。,信号偏弱时，只能说明你重视低压力沟通，不能写成一定能主动安抚。,不得由本规则直接推出攻击、冷战、控制、情绪虐待、暴力、分手离婚、关系失败、人格或依恋类型；不得把某种分歧处理顺序等同于爱得更多或更少。风险与失衡需转入M4，适配需转入M5。,中低,待验证,,provisional=true; channel=CF03; ten_god=食神,0.6
M3-CONFLICT-040,CF03 食神｜压力下抢先或切换,L1 十神冲突通道,CONFLICT-CF03-食神缓冲降温,通用,压力修正,食神,,食神过旺、强而无制，或M3-STATE显示该通道在压力状态被放大。,基础信号未定；真合化后原信号已失效；只有单一弱远争议信号；或该结论会越界到M4风险、M5适配。,由共享基础引擎与M3-STATE修正；日主承载只修正冲突处理的可执行性，不直接等于强硬或软弱。,不限定；夫妻星只在责任、行动、投入等冲突议题中参与接口，不作为CONFLICT唯一主轴。,由M3-BASE、日支主气及宫位动态提供；不得把日支直接写成配偶性格。,无／待CONFLICT顺序与路径规则组合,日柱与日支近位优先；全局有效独立信号可作次通道。,由共享基础引擎判定,由共享基础引擎判定,喜忌不直接等于冲突方式好坏；只修正调用顺畅度、资源压力和状态切换。,原十神性质有效；真合化成立时按化神所属功能系统重建。,由共享基础引擎判定,66,压力通道 +5；路由STATE/M4,state_shift,压力过高时，缓冲通道可能被其他强通道覆盖；是否拖延问题需结合路径与案例。,压力过高时，缓冲通道可能被其他强通道覆盖；是否拖延问题需结合路径与案例。,不得由本规则直接推出攻击、冷战、控制、情绪虐待、暴力、分手离婚、关系失败、人格或依恋类型；不得把某种分歧处理顺序等同于爱得更多或更少。风险与失衡需转入M4，适配需转入M5。,中,待验证,,provisional=true; channel=CF03; ten_god=食神,0.6
M3-CONFLICT-041,CF03 食神｜禁止人格化和结果化,L1 十神冲突通道,CONFLICT-CF03-食神缓冲降温,通用,禁止推断,食神,,食神冲突通道被识别。,基础信号未定；真合化后原信号已失效；只有单一弱远争议信号；或该结论会越界到M4风险、M5适配。,由共享基础引擎与M3-STATE修正；日主承载只修正冲突处理的可执行性，不直接等于强硬或软弱。,不限定；夫妻星只在责任、行动、投入等冲突议题中参与接口，不作为CONFLICT唯一主轴。,由M3-BASE、日支主气及宫位动态提供；不得把日支直接写成配偶性格。,无／待CONFLICT顺序与路径规则组合,日柱与日支近位优先；全局有效独立信号可作次通道。,由共享基础引擎判定,由共享基础引擎判定,喜忌不直接等于冲突方式好坏；只修正调用顺畅度、资源压力和状态切换。,原十神性质有效；真合化成立时按化神所属功能系统重建。,由共享基础引擎判定,90,不加分；边界检查,boundary_note,不得直接写成逃避问题、怕冲突、讨好或一味和稀泥。,不得直接写成逃避问题、怕冲突、讨好或一味和稀泥，这里只描述处理顺序。,不得由本规则直接推出攻击、冷战、控制、情绪虐待、暴力、分手离婚、关系失败、人格或依恋类型；不得把某种分歧处理顺序等同于爱得更多或更少。风险与失衡需转入M4，适配需转入M5。不得直接写成逃避问题、怕冲突、讨好或一味和稀泥。,高,待验证,,provisional=true; channel=CF03; ten_god=食神,0.6
M3-CONFLICT-042,CF04 伤官｜分析澄清通道定义,L1 十神冲突通道,CONFLICT-CF04-伤官分析澄清,通用,通道定义,伤官,,伤官形成有效独立信号，且未因真合化失效；至少有日支／日柱、近位有根或现实重复行为中的一类可靠证据。,基础信号未定；真合化后原信号已失效；只有单一弱远争议信号；或该结论会越界到M4风险、M5适配。,由共享基础引擎与M3-STATE修正；日主承载只修正冲突处理的可执行性，不直接等于强硬或软弱。,不限定；夫妻星只在责任、行动、投入等冲突议题中参与接口，不作为CONFLICT唯一主轴。,由M3-BASE、日支主气及宫位动态提供；不得把日支直接写成配偶性格。,无／待CONFLICT顺序与路径规则组合,日柱与日支近位优先；全局有效独立信号可作次通道。,由共享基础引擎判定,由共享基础引擎判定,喜忌不直接等于冲突方式好坏；只修正调用顺畅度、资源压力和状态切换。,原十神性质有效；真合化成立时按化神所属功能系统重建。,由共享基础引擎判定,75,通道候选 +10,primary_conflict_channel,伤官在CONFLICT中主要负责：通过提问、拆解、解释和指出矛盾点处理分歧。,分歧出现时，你更容易先把问题拆开，问清楚事实和逻辑，希望彼此真正知道在争什么。,不得由本规则直接推出攻击、冷战、控制、情绪虐待、暴力、分手离婚、关系失败、人格或依恋类型；不得把某种分歧处理顺序等同于爱得更多或更少。风险与失衡需转入M4，适配需转入M5。,中高,待验证,,provisional=true; channel=CF04; ten_god=伤官,0.6
M3-CONFLICT-043,CF04 伤官｜第一反应,L1 十神冲突通道,CONFLICT-CF04-伤官分析澄清,通用,第一反应,伤官,,伤官形成有效独立信号，且未因真合化失效；至少有日支／日柱、近位有根或现实重复行为中的一类可靠证据。,基础信号未定；真合化后原信号已失效；只有单一弱远争议信号；或该结论会越界到M4风险、M5适配。,由共享基础引擎与M3-STATE修正；日主承载只修正冲突处理的可执行性，不直接等于强硬或软弱。,不限定；夫妻星只在责任、行动、投入等冲突议题中参与接口，不作为CONFLICT唯一主轴。,由M3-BASE、日支主气及宫位动态提供；不得把日支直接写成配偶性格。,无／待CONFLICT顺序与路径规则组合,日柱与日支近位优先；全局有效独立信号可作次通道。,由共享基础引擎判定,由共享基础引擎判定,喜忌不直接等于冲突方式好坏；只修正调用顺畅度、资源压力和状态切换。,原十神性质有效；真合化成立时按化神所属功能系统重建。,由共享基础引擎判定,72,第一反应候选 +6,first_response,先把不一致之处说出来，追问事实、逻辑或真实原因,分歧刚出现时，你更可能先把不一致之处说出来，追问事实、逻辑或真实原因。,不得由本规则直接推出攻击、冷战、控制、情绪虐待、暴力、分手离婚、关系失败、人格或依恋类型；不得把某种分歧处理顺序等同于爱得更多或更少。风险与失衡需转入M4，适配需转入M5。,中,待验证,,provisional=true; channel=CF04; ten_god=伤官,0.6
M3-CONFLICT-044,CF04 伤官｜注意焦点,L1 十神冲突通道,CONFLICT-CF04-伤官分析澄清,通用,信息焦点,伤官,,伤官形成有效独立信号，且未因真合化失效；至少有日支／日柱、近位有根或现实重复行为中的一类可靠证据。,基础信号未定；真合化后原信号已失效；只有单一弱远争议信号；或该结论会越界到M4风险、M5适配。,由共享基础引擎与M3-STATE修正；日主承载只修正冲突处理的可执行性，不直接等于强硬或软弱。,不限定；夫妻星只在责任、行动、投入等冲突议题中参与接口，不作为CONFLICT唯一主轴。,由M3-BASE、日支主气及宫位动态提供；不得把日支直接写成配偶性格。,无／待CONFLICT顺序与路径规则组合,日柱与日支近位优先；全局有效独立信号可作次通道。,由共享基础引擎判定,由共享基础引擎判定,喜忌不直接等于冲突方式好坏；只修正调用顺畅度、资源压力和状态切换。,原十神性质有效；真合化成立时按化神所属功能系统重建。,由共享基础引擎判定,70,焦点候选 +5,attention_focus,该通道首先读取：信息是否一致、逻辑是否成立、表达是否准确和问题究竟在哪里。,你在分歧中会特别注意信息是否一致、逻辑是否成立、表达是否准确和问题究竟在哪里。,不得由本规则直接推出攻击、冷战、控制、情绪虐待、暴力、分手离婚、关系失败、人格或依恋类型；不得把某种分歧处理顺序等同于爱得更多或更少。风险与失衡需转入M4，适配需转入M5。,中,待验证,,provisional=true; channel=CF04; ten_god=伤官,0.6
M3-CONFLICT-045,CF04 伤官｜阶段结束条件,L1 十神冲突通道,CONFLICT-CF04-伤官分析澄清,通用,结束条件,伤官,,伤官形成有效独立信号，且未因真合化失效；至少有日支／日柱、近位有根或现实重复行为中的一类可靠证据。,基础信号未定；真合化后原信号已失效；只有单一弱远争议信号；或该结论会越界到M4风险、M5适配。,由共享基础引擎与M3-STATE修正；日主承载只修正冲突处理的可执行性，不直接等于强硬或软弱。,不限定；夫妻星只在责任、行动、投入等冲突议题中参与接口，不作为CONFLICT唯一主轴。,由M3-BASE、日支主气及宫位动态提供；不得把日支直接写成配偶性格。,无／待CONFLICT顺序与路径规则组合,日柱与日支近位优先；全局有效独立信号可作次通道。,由共享基础引擎判定,由共享基础引擎判定,喜忌不直接等于冲突方式好坏；只修正调用顺畅度、资源压力和状态切换。,原十神性质有效；真合化成立时按化神所属功能系统重建。,由共享基础引擎判定,68,结束条件候选 +5,conflict_end_condition,当事实、定义和各自观点被说明清楚后，再进入方案或责任处理,对你来说，这一轮分歧更容易在“当事实、定义和各自观点被说明清楚后，再进入方案或责任处理”之后暂时告一段落。,不得由本规则直接推出攻击、冷战、控制、情绪虐待、暴力、分手离婚、关系失败、人格或依恋类型；不得把某种分歧处理顺序等同于爱得更多或更少。风险与失衡需转入M4，适配需转入M5。,中,待验证,,provisional=true; channel=CF04; ten_god=伤官,0.6
M3-CONFLICT-046,CF04 伤官｜弱远或条件性调用,L1 十神冲突通道,CONFLICT-CF04-伤官分析澄清,通用,条件修正,伤官,,伤官偏弱、远位、无根，或只有单一间接证据。,基础信号未定；真合化后原信号已失效；只有单一弱远争议信号；或该结论会越界到M4风险、M5适配。,由共享基础引擎与M3-STATE修正；日主承载只修正冲突处理的可执行性，不直接等于强硬或软弱。,不限定；夫妻星只在责任、行动、投入等冲突议题中参与接口，不作为CONFLICT唯一主轴。,由M3-BASE、日支主气及宫位动态提供；不得把日支直接写成配偶性格。,无／待CONFLICT顺序与路径规则组合,日柱与日支近位优先；全局有效独立信号可作次通道。,由共享基础引擎判定,由共享基础引擎判定,喜忌不直接等于冲突方式好坏；只修正调用顺畅度、资源压力和状态切换。,原十神性质有效；真合化成立时按化神所属功能系统重建。,由共享基础引擎判定,60,候选 +2；降置信,secondary_conflict_channel,信号偏弱时，只保留“需要说清问题”这一方向，不写成一定擅长完整表达。,信号偏弱时，只保留“需要说清问题”这一方向，不写成一定擅长完整表达。,不得由本规则直接推出攻击、冷战、控制、情绪虐待、暴力、分手离婚、关系失败、人格或依恋类型；不得把某种分歧处理顺序等同于爱得更多或更少。风险与失衡需转入M4，适配需转入M5。,中低,待验证,,provisional=true; channel=CF04; ten_god=伤官,0.6
M3-CONFLICT-047,CF04 伤官｜压力下抢先或切换,L1 十神冲突通道,CONFLICT-CF04-伤官分析澄清,通用,压力修正,伤官,,伤官过旺、强而无制，或M3-STATE显示该通道在压力状态被放大。,基础信号未定；真合化后原信号已失效；只有单一弱远争议信号；或该结论会越界到M4风险、M5适配。,由共享基础引擎与M3-STATE修正；日主承载只修正冲突处理的可执行性，不直接等于强硬或软弱。,不限定；夫妻星只在责任、行动、投入等冲突议题中参与接口，不作为CONFLICT唯一主轴。,由M3-BASE、日支主气及宫位动态提供；不得把日支直接写成配偶性格。,无／待CONFLICT顺序与路径规则组合,日柱与日支近位优先；全局有效独立信号可作次通道。,由共享基础引擎判定,由共享基础引擎判定,喜忌不直接等于冲突方式好坏；只修正调用顺畅度、资源压力和状态切换。,原十神性质有效；真合化成立时按化神所属功能系统重建。,由共享基础引擎判定,66,压力通道 +5；路由STATE/M4,state_shift,压力增加时，分析和指出问题可能变得更直接；是否伤人不能由本模块判断。,压力增加时，分析和指出问题可能变得更直接；是否伤人不能由本模块判断。,不得由本规则直接推出攻击、冷战、控制、情绪虐待、暴力、分手离婚、关系失败、人格或依恋类型；不得把某种分歧处理顺序等同于爱得更多或更少。风险与失衡需转入M4，适配需转入M5。,中,待验证,,provisional=true; channel=CF04; ten_god=伤官,0.6
M3-CONFLICT-048,CF04 伤官｜禁止人格化和结果化,L1 十神冲突通道,CONFLICT-CF04-伤官分析澄清,通用,禁止推断,伤官,,伤官冲突通道被识别。,基础信号未定；真合化后原信号已失效；只有单一弱远争议信号；或该结论会越界到M4风险、M5适配。,由共享基础引擎与M3-STATE修正；日主承载只修正冲突处理的可执行性，不直接等于强硬或软弱。,不限定；夫妻星只在责任、行动、投入等冲突议题中参与接口，不作为CONFLICT唯一主轴。,由M3-BASE、日支主气及宫位动态提供；不得把日支直接写成配偶性格。,无／待CONFLICT顺序与路径规则组合,日柱与日支近位优先；全局有效独立信号可作次通道。,由共享基础引擎判定,由共享基础引擎判定,喜忌不直接等于冲突方式好坏；只修正调用顺畅度、资源压力和状态切换。,原十神性质有效；真合化成立时按化神所属功能系统重建。,由共享基础引擎判定,90,不加分；边界检查,boundary_note,不得直接写成刻薄、挑剔、毒舌、爱抬杠或必然伤人。,不得直接写成刻薄、挑剔、毒舌、爱抬杠或必然伤人，这里只描述处理顺序。,不得由本规则直接推出攻击、冷战、控制、情绪虐待、暴力、分手离婚、关系失败、人格或依恋类型；不得把某种分歧处理顺序等同于爱得更多或更少。风险与失衡需转入M4，适配需转入M5。不得直接写成刻薄、挑剔、毒舌、爱抬杠或必然伤人。,高,待验证,,provisional=true; channel=CF04; ten_god=伤官,0.6
M3-CONFLICT-049,CF05 正财｜现实校准通道定义,L1 十神冲突通道,CONFLICT-CF05-正财现实校准,通用,通道定义,正财,,正财形成有效独立信号，且未因真合化失效；至少有日支／日柱、近位有根或现实重复行为中的一类可靠证据。,基础信号未定；真合化后原信号已失效；只有单一弱远争议信号；或该结论会越界到M4风险、M5适配。,由共享基础引擎与M3-STATE修正；日主承载只修正冲突处理的可执行性，不直接等于强硬或软弱。,不限定；夫妻星只在责任、行动、投入等冲突议题中参与接口，不作为CONFLICT唯一主轴。,由M3-BASE、日支主气及宫位动态提供；不得把日支直接写成配偶性格。,无／待CONFLICT顺序与路径规则组合,日柱与日支近位优先；全局有效独立信号可作次通道。,由共享基础引擎判定,由共享基础引擎判定,喜忌不直接等于冲突方式好坏；只修正调用顺畅度、资源压力和状态切换。,原十神性质有效；真合化成立时按化神所属功能系统重建。,由共享基础引擎判定,75,通道候选 +10,primary_conflict_channel,正财在CONFLICT中主要负责：把分歧落到时间、资源、安排、行为和可持续执行上。,你更容易把分歧落到具体安排上：时间怎么分、事情怎么做、资源怎样协调，以及后续能否持续。,不得由本规则直接推出攻击、冷战、控制、情绪虐待、暴力、分手离婚、关系失败、人格或依恋类型；不得把某种分歧处理顺序等同于爱得更多或更少。风险与失衡需转入M4，适配需转入M5。,中高,待验证,,provisional=true; channel=CF05; ten_god=正财,0.6
M3-CONFLICT-050,CF05 正财｜第一反应,L1 十神冲突通道,CONFLICT-CF05-正财现实校准,通用,第一反应,正财,,正财形成有效独立信号，且未因真合化失效；至少有日支／日柱、近位有根或现实重复行为中的一类可靠证据。,基础信号未定；真合化后原信号已失效；只有单一弱远争议信号；或该结论会越界到M4风险、M5适配。,由共享基础引擎与M3-STATE修正；日主承载只修正冲突处理的可执行性，不直接等于强硬或软弱。,不限定；夫妻星只在责任、行动、投入等冲突议题中参与接口，不作为CONFLICT唯一主轴。,由M3-BASE、日支主气及宫位动态提供；不得把日支直接写成配偶性格。,无／待CONFLICT顺序与路径规则组合,日柱与日支近位优先；全局有效独立信号可作次通道。,由共享基础引擎判定,由共享基础引擎判定,喜忌不直接等于冲突方式好坏；只修正调用顺畅度、资源压力和状态切换。,原十神性质有效；真合化成立时按化神所属功能系统重建。,由共享基础引擎判定,72,第一反应候选 +6,first_response,先核对发生了什么、谁做了什么、现实条件允许什么,分歧刚出现时，你更可能先核对发生了什么、谁做了什么、现实条件允许什么。,不得由本规则直接推出攻击、冷战、控制、情绪虐待、暴力、分手离婚、关系失败、人格或依恋类型；不得把某种分歧处理顺序等同于爱得更多或更少。风险与失衡需转入M4，适配需转入M5。,中,待验证,,provisional=true; channel=CF05; ten_god=正财,0.6
M3-CONFLICT-051,CF05 正财｜注意焦点,L1 十神冲突通道,CONFLICT-CF05-正财现实校准,通用,信息焦点,正财,,正财形成有效独立信号，且未因真合化失效；至少有日支／日柱、近位有根或现实重复行为中的一类可靠证据。,基础信号未定；真合化后原信号已失效；只有单一弱远争议信号；或该结论会越界到M4风险、M5适配。,由共享基础引擎与M3-STATE修正；日主承载只修正冲突处理的可执行性，不直接等于强硬或软弱。,不限定；夫妻星只在责任、行动、投入等冲突议题中参与接口，不作为CONFLICT唯一主轴。,由M3-BASE、日支主气及宫位动态提供；不得把日支直接写成配偶性格。,无／待CONFLICT顺序与路径规则组合,日柱与日支近位优先；全局有效独立信号可作次通道。,由共享基础引擎判定,由共享基础引擎判定,喜忌不直接等于冲突方式好坏；只修正调用顺畅度、资源压力和状态切换。,原十神性质有效；真合化成立时按化神所属功能系统重建。,由共享基础引擎判定,70,焦点候选 +5,attention_focus,该通道首先读取：时间、金钱、分工、日常安排、持续投入和实际兑现。,你在分歧中会特别注意时间、金钱、分工、日常安排、持续投入和实际兑现。,不得由本规则直接推出攻击、冷战、控制、情绪虐待、暴力、分手离婚、关系失败、人格或依恋类型；不得把某种分歧处理顺序等同于爱得更多或更少。风险与失衡需转入M4，适配需转入M5。,中,待验证,,provisional=true; channel=CF05; ten_god=正财,0.6
M3-CONFLICT-052,CF05 正财｜阶段结束条件,L1 十神冲突通道,CONFLICT-CF05-正财现实校准,通用,结束条件,正财,,正财形成有效独立信号，且未因真合化失效；至少有日支／日柱、近位有根或现实重复行为中的一类可靠证据。,基础信号未定；真合化后原信号已失效；只有单一弱远争议信号；或该结论会越界到M4风险、M5适配。,由共享基础引擎与M3-STATE修正；日主承载只修正冲突处理的可执行性，不直接等于强硬或软弱。,不限定；夫妻星只在责任、行动、投入等冲突议题中参与接口，不作为CONFLICT唯一主轴。,由M3-BASE、日支主气及宫位动态提供；不得把日支直接写成配偶性格。,无／待CONFLICT顺序与路径规则组合,日柱与日支近位优先；全局有效独立信号可作次通道。,由共享基础引擎判定,由共享基础引擎判定,喜忌不直接等于冲突方式好坏；只修正调用顺畅度、资源压力和状态切换。,原十神性质有效；真合化成立时按化神所属功能系统重建。,由共享基础引擎判定,68,结束条件候选 +5,conflict_end_condition,形成明确、可重复执行的现实安排，并观察后续能否持续,对你来说，这一轮分歧更容易在“形成明确、可重复执行的现实安排，并观察后续能否持续”之后暂时告一段落。,不得由本规则直接推出攻击、冷战、控制、情绪虐待、暴力、分手离婚、关系失败、人格或依恋类型；不得把某种分歧处理顺序等同于爱得更多或更少。风险与失衡需转入M4，适配需转入M5。,中,待验证,,provisional=true; channel=CF05; ten_god=正财,0.6
M3-CONFLICT-053,CF05 正财｜弱远或条件性调用,L1 十神冲突通道,CONFLICT-CF05-正财现实校准,通用,条件修正,正财,,正财偏弱、远位、无根，或只有单一间接证据。,基础信号未定；真合化后原信号已失效；只有单一弱远争议信号；或该结论会越界到M4风险、M5适配。,由共享基础引擎与M3-STATE修正；日主承载只修正冲突处理的可执行性，不直接等于强硬或软弱。,不限定；夫妻星只在责任、行动、投入等冲突议题中参与接口，不作为CONFLICT唯一主轴。,由M3-BASE、日支主气及宫位动态提供；不得把日支直接写成配偶性格。,无／待CONFLICT顺序与路径规则组合,日柱与日支近位优先；全局有效独立信号可作次通道。,由共享基础引擎判定,由共享基础引擎判定,喜忌不直接等于冲突方式好坏；只修正调用顺畅度、资源压力和状态切换。,原十神性质有效；真合化成立时按化神所属功能系统重建。,由共享基础引擎判定,60,候选 +2；降置信,secondary_conflict_channel,信号偏弱时，只能说明你需要现实依据，不写成一定会主动承担或安排。,信号偏弱时，只能说明你需要现实依据，不写成一定会主动承担或安排。,不得由本规则直接推出攻击、冷战、控制、情绪虐待、暴力、分手离婚、关系失败、人格或依恋类型；不得把某种分歧处理顺序等同于爱得更多或更少。风险与失衡需转入M4，适配需转入M5。,中低,待验证,,provisional=true; channel=CF05; ten_god=正财,0.6
M3-CONFLICT-054,CF05 正财｜压力下抢先或切换,L1 十神冲突通道,CONFLICT-CF05-正财现实校准,通用,压力修正,正财,,正财过旺、强而无制，或M3-STATE显示该通道在压力状态被放大。,基础信号未定；真合化后原信号已失效；只有单一弱远争议信号；或该结论会越界到M4风险、M5适配。,由共享基础引擎与M3-STATE修正；日主承载只修正冲突处理的可执行性，不直接等于强硬或软弱。,不限定；夫妻星只在责任、行动、投入等冲突议题中参与接口，不作为CONFLICT唯一主轴。,由M3-BASE、日支主气及宫位动态提供；不得把日支直接写成配偶性格。,无／待CONFLICT顺序与路径规则组合,日柱与日支近位优先；全局有效独立信号可作次通道。,由共享基础引擎判定,由共享基础引擎判定,喜忌不直接等于冲突方式好坏；只修正调用顺畅度、资源压力和状态切换。,原十神性质有效；真合化成立时按化神所属功能系统重建。,由共享基础引擎判定,66,压力通道 +5；路由STATE/M4,state_shift,压力增加时，现实细节可能占据主要注意；是否忽略感受需继续看印食伤与真实反馈。,压力增加时，现实细节可能占据主要注意；是否忽略感受需继续看印食伤与真实反馈。,不得由本规则直接推出攻击、冷战、控制、情绪虐待、暴力、分手离婚、关系失败、人格或依恋类型；不得把某种分歧处理顺序等同于爱得更多或更少。风险与失衡需转入M4，适配需转入M5。,中,待验证,,provisional=true; channel=CF05; ten_god=正财,0.6
M3-CONFLICT-055,CF05 正财｜禁止人格化和结果化,L1 十神冲突通道,CONFLICT-CF05-正财现实校准,通用,禁止推断,正财,,正财冲突通道被识别。,基础信号未定；真合化后原信号已失效；只有单一弱远争议信号；或该结论会越界到M4风险、M5适配。,由共享基础引擎与M3-STATE修正；日主承载只修正冲突处理的可执行性，不直接等于强硬或软弱。,不限定；夫妻星只在责任、行动、投入等冲突议题中参与接口，不作为CONFLICT唯一主轴。,由M3-BASE、日支主气及宫位动态提供；不得把日支直接写成配偶性格。,无／待CONFLICT顺序与路径规则组合,日柱与日支近位优先；全局有效独立信号可作次通道。,由共享基础引擎判定,由共享基础引擎判定,喜忌不直接等于冲突方式好坏；只修正调用顺畅度、资源压力和状态切换。,原十神性质有效；真合化成立时按化神所属功能系统重建。,由共享基础引擎判定,90,不加分；边界检查,boundary_note,不得直接写成计较、现实、只看利益或用钱解决一切。,不得直接写成计较、现实、只看利益或用钱解决一切，这里只描述处理顺序。,不得由本规则直接推出攻击、冷战、控制、情绪虐待、暴力、分手离婚、关系失败、人格或依恋类型；不得把某种分歧处理顺序等同于爱得更多或更少。风险与失衡需转入M4，适配需转入M5。不得直接写成计较、现实、只看利益或用钱解决一切。,高,待验证,,provisional=true; channel=CF05; ten_god=正财,0.6
M3-CONFLICT-056,CF06 偏财｜灵活换案通道定义,L1 十神冲突通道,CONFLICT-CF06-偏财灵活换案,通用,通道定义,偏财,,偏财形成有效独立信号，且未因真合化失效；至少有日支／日柱、近位有根或现实重复行为中的一类可靠证据。,基础信号未定；真合化后原信号已失效；只有单一弱远争议信号；或该结论会越界到M4风险、M5适配。,由共享基础引擎与M3-STATE修正；日主承载只修正冲突处理的可执行性，不直接等于强硬或软弱。,不限定；夫妻星只在责任、行动、投入等冲突议题中参与接口，不作为CONFLICT唯一主轴。,由M3-BASE、日支主气及宫位动态提供；不得把日支直接写成配偶性格。,无／待CONFLICT顺序与路径规则组合,日柱与日支近位优先；全局有效独立信号可作次通道。,由共享基础引擎判定,由共享基础引擎判定,喜忌不直接等于冲突方式好坏；只修正调用顺畅度、资源压力和状态切换。,原十神性质有效；真合化成立时按化神所属功能系统重建。,由共享基础引擎判定,75,通道候选 +10,primary_conflict_channel,偏财在CONFLICT中主要负责：通过调整方式、寻找替代方案和改变互动情境处理分歧。,你在分歧中往往会寻找别的处理办法，愿意调整方式、场景或方案，让关系重新有可移动的空间。,不得由本规则直接推出攻击、冷战、控制、情绪虐待、暴力、分手离婚、关系失败、人格或依恋类型；不得把某种分歧处理顺序等同于爱得更多或更少。风险与失衡需转入M4，适配需转入M5。,中高,待验证,,provisional=true; channel=CF06; ten_god=偏财,0.6
M3-CONFLICT-057,CF06 偏财｜第一反应,L1 十神冲突通道,CONFLICT-CF06-偏财灵活换案,通用,第一反应,偏财,,偏财形成有效独立信号，且未因真合化失效；至少有日支／日柱、近位有根或现实重复行为中的一类可靠证据。,基础信号未定；真合化后原信号已失效；只有单一弱远争议信号；或该结论会越界到M4风险、M5适配。,由共享基础引擎与M3-STATE修正；日主承载只修正冲突处理的可执行性，不直接等于强硬或软弱。,不限定；夫妻星只在责任、行动、投入等冲突议题中参与接口，不作为CONFLICT唯一主轴。,由M3-BASE、日支主气及宫位动态提供；不得把日支直接写成配偶性格。,无／待CONFLICT顺序与路径规则组合,日柱与日支近位优先；全局有效独立信号可作次通道。,由共享基础引擎判定,由共享基础引擎判定,喜忌不直接等于冲突方式好坏；只修正调用顺畅度、资源压力和状态切换。,原十神性质有效；真合化成立时按化神所属功能系统重建。,由共享基础引擎判定,72,第一反应候选 +6,first_response,先寻找更灵活的处理办法，改变时间、场景、资源或互动方式,分歧刚出现时，你更可能先寻找更灵活的处理办法，改变时间、场景、资源或互动方式。,不得由本规则直接推出攻击、冷战、控制、情绪虐待、暴力、分手离婚、关系失败、人格或依恋类型；不得把某种分歧处理顺序等同于爱得更多或更少。风险与失衡需转入M4，适配需转入M5。,中,待验证,,provisional=true; channel=CF06; ten_god=偏财,0.6
M3-CONFLICT-058,CF06 偏财｜注意焦点,L1 十神冲突通道,CONFLICT-CF06-偏财灵活换案,通用,信息焦点,偏财,,偏财形成有效独立信号，且未因真合化失效；至少有日支／日柱、近位有根或现实重复行为中的一类可靠证据。,基础信号未定；真合化后原信号已失效；只有单一弱远争议信号；或该结论会越界到M4风险、M5适配。,由共享基础引擎与M3-STATE修正；日主承载只修正冲突处理的可执行性，不直接等于强硬或软弱。,不限定；夫妻星只在责任、行动、投入等冲突议题中参与接口，不作为CONFLICT唯一主轴。,由M3-BASE、日支主气及宫位动态提供；不得把日支直接写成配偶性格。,无／待CONFLICT顺序与路径规则组合,日柱与日支近位优先；全局有效独立信号可作次通道。,由共享基础引擎判定,由共享基础引擎判定,喜忌不直接等于冲突方式好坏；只修正调用顺畅度、资源压力和状态切换。,原十神性质有效；真合化成立时按化神所属功能系统重建。,由共享基础引擎判定,70,焦点候选 +5,attention_focus,该通道首先读取：是否还有替代路径、双方体验、现实机会和可调整空间。,你在分歧中会特别注意是否还有替代路径、双方体验、现实机会和可调整空间。,不得由本规则直接推出攻击、冷战、控制、情绪虐待、暴力、分手离婚、关系失败、人格或依恋类型；不得把某种分歧处理顺序等同于爱得更多或更少。风险与失衡需转入M4，适配需转入M5。,中,待验证,,provisional=true; channel=CF06; ten_god=偏财,0.6
M3-CONFLICT-059,CF06 偏财｜阶段结束条件,L1 十神冲突通道,CONFLICT-CF06-偏财灵活换案,通用,结束条件,偏财,,偏财形成有效独立信号，且未因真合化失效；至少有日支／日柱、近位有根或现实重复行为中的一类可靠证据。,基础信号未定；真合化后原信号已失效；只有单一弱远争议信号；或该结论会越界到M4风险、M5适配。,由共享基础引擎与M3-STATE修正；日主承载只修正冲突处理的可执行性，不直接等于强硬或软弱。,不限定；夫妻星只在责任、行动、投入等冲突议题中参与接口，不作为CONFLICT唯一主轴。,由M3-BASE、日支主气及宫位动态提供；不得把日支直接写成配偶性格。,无／待CONFLICT顺序与路径规则组合,日柱与日支近位优先；全局有效独立信号可作次通道。,由共享基础引擎判定,由共享基础引擎判定,喜忌不直接等于冲突方式好坏；只修正调用顺畅度、资源压力和状态切换。,原十神性质有效；真合化成立时按化神所属功能系统重建。,由共享基础引擎判定,68,结束条件候选 +5,conflict_end_condition,在不固守单一方案的情况下，找到双方愿意继续尝试的替代做法,对你来说，这一轮分歧更容易在“在不固守单一方案的情况下，找到双方愿意继续尝试的替代做法”之后暂时告一段落。,不得由本规则直接推出攻击、冷战、控制、情绪虐待、暴力、分手离婚、关系失败、人格或依恋类型；不得把某种分歧处理顺序等同于爱得更多或更少。风险与失衡需转入M4，适配需转入M5。,中,待验证,,provisional=true; channel=CF06; ten_god=偏财,0.6
M3-CONFLICT-060,CF06 偏财｜弱远或条件性调用,L1 十神冲突通道,CONFLICT-CF06-偏财灵活换案,通用,条件修正,偏财,,偏财偏弱、远位、无根，或只有单一间接证据。,基础信号未定；真合化后原信号已失效；只有单一弱远争议信号；或该结论会越界到M4风险、M5适配。,由共享基础引擎与M3-STATE修正；日主承载只修正冲突处理的可执行性，不直接等于强硬或软弱。,不限定；夫妻星只在责任、行动、投入等冲突议题中参与接口，不作为CONFLICT唯一主轴。,由M3-BASE、日支主气及宫位动态提供；不得把日支直接写成配偶性格。,无／待CONFLICT顺序与路径规则组合,日柱与日支近位优先；全局有效独立信号可作次通道。,由共享基础引擎判定,由共享基础引擎判定,喜忌不直接等于冲突方式好坏；只修正调用顺畅度、资源压力和状态切换。,原十神性质有效；真合化成立时按化神所属功能系统重建。,由共享基础引擎判定,60,候选 +2；降置信,secondary_conflict_channel,信号偏弱时，只保留“愿意调整方案”这一候选，不写成每次都能迅速变通。,信号偏弱时，只保留“愿意调整方案”这一候选，不写成每次都能迅速变通。,不得由本规则直接推出攻击、冷战、控制、情绪虐待、暴力、分手离婚、关系失败、人格或依恋类型；不得把某种分歧处理顺序等同于爱得更多或更少。风险与失衡需转入M4，适配需转入M5。,中低,待验证,,provisional=true; channel=CF06; ten_god=偏财,0.6
M3-CONFLICT-061,CF06 偏财｜压力下抢先或切换,L1 十神冲突通道,CONFLICT-CF06-偏财灵活换案,通用,压力修正,偏财,,偏财过旺、强而无制，或M3-STATE显示该通道在压力状态被放大。,基础信号未定；真合化后原信号已失效；只有单一弱远争议信号；或该结论会越界到M4风险、M5适配。,由共享基础引擎与M3-STATE修正；日主承载只修正冲突处理的可执行性，不直接等于强硬或软弱。,不限定；夫妻星只在责任、行动、投入等冲突议题中参与接口，不作为CONFLICT唯一主轴。,由M3-BASE、日支主气及宫位动态提供；不得把日支直接写成配偶性格。,无／待CONFLICT顺序与路径规则组合,日柱与日支近位优先；全局有效独立信号可作次通道。,由共享基础引擎判定,由共享基础引擎判定,喜忌不直接等于冲突方式好坏；只修正调用顺畅度、资源压力和状态切换。,原十神性质有效；真合化成立时按化神所属功能系统重建。,由共享基础引擎判定,66,压力通道 +5；路由STATE/M4,state_shift,压力增加时，可能更快换方案或转移场景；是否回避核心议题要结合结束条件。,压力增加时，可能更快换方案或转移场景；是否回避核心议题要结合结束条件。,不得由本规则直接推出攻击、冷战、控制、情绪虐待、暴力、分手离婚、关系失败、人格或依恋类型；不得把某种分歧处理顺序等同于爱得更多或更少。风险与失衡需转入M4，适配需转入M5。,中,待验证,,provisional=true; channel=CF06; ten_god=偏财,0.6
M3-CONFLICT-062,CF06 偏财｜禁止人格化和结果化,L1 十神冲突通道,CONFLICT-CF06-偏财灵活换案,通用,禁止推断,偏财,,偏财冲突通道被识别。,基础信号未定；真合化后原信号已失效；只有单一弱远争议信号；或该结论会越界到M4风险、M5适配。,由共享基础引擎与M3-STATE修正；日主承载只修正冲突处理的可执行性，不直接等于强硬或软弱。,不限定；夫妻星只在责任、行动、投入等冲突议题中参与接口，不作为CONFLICT唯一主轴。,由M3-BASE、日支主气及宫位动态提供；不得把日支直接写成配偶性格。,无／待CONFLICT顺序与路径规则组合,日柱与日支近位优先；全局有效独立信号可作次通道。,由共享基础引擎判定,由共享基础引擎判定,喜忌不直接等于冲突方式好坏；只修正调用顺畅度、资源压力和状态切换。,原十神性质有效；真合化成立时按化神所属功能系统重建。,由共享基础引擎判定,90,不加分；边界检查,boundary_note,不得直接写成不稳定、敷衍、花心、只会转移话题或没有原则。,不得直接写成不稳定、敷衍、花心、只会转移话题或没有原则，这里只描述处理顺序。,不得由本规则直接推出攻击、冷战、控制、情绪虐待、暴力、分手离婚、关系失败、人格或依恋类型；不得把某种分歧处理顺序等同于爱得更多或更少。风险与失衡需转入M4，适配需转入M5。不得直接写成不稳定、敷衍、花心、只会转移话题或没有原则。,高,待验证,,provisional=true; channel=CF06; ten_god=偏财,0.6
M3-CONFLICT-063,CF07 正官｜规则复核通道定义,L1 十神冲突通道,CONFLICT-CF07-正官规则复核,通用,通道定义,正官,,正官形成有效独立信号，且未因真合化失效；至少有日支／日柱、近位有根或现实重复行为中的一类可靠证据。,基础信号未定；真合化后原信号已失效；只有单一弱远争议信号；或该结论会越界到M4风险、M5适配。,由共享基础引擎与M3-STATE修正；日主承载只修正冲突处理的可执行性，不直接等于强硬或软弱。,不限定；夫妻星只在责任、行动、投入等冲突议题中参与接口，不作为CONFLICT唯一主轴。,由M3-BASE、日支主气及宫位动态提供；不得把日支直接写成配偶性格。,无／待CONFLICT顺序与路径规则组合,日柱与日支近位优先；全局有效独立信号可作次通道。,由共享基础引擎判定,由共享基础引擎判定,喜忌不直接等于冲突方式好坏；只修正调用顺畅度、资源压力和状态切换。,原十神性质有效；真合化成立时按化神所属功能系统重建。,由共享基础引擎判定,75,通道候选 +10,primary_conflict_channel,正官在CONFLICT中主要负责：对照承诺、规则、角色和责任边界处理分歧。,分歧出现时，你更容易回到承诺、分工和共同规则上，确认双方原本怎么说、现在该怎样负责。,不得由本规则直接推出攻击、冷战、控制、情绪虐待、暴力、分手离婚、关系失败、人格或依恋类型；不得把某种分歧处理顺序等同于爱得更多或更少。风险与失衡需转入M4，适配需转入M5。,中高,待验证,,provisional=true; channel=CF07; ten_god=正官,0.6
M3-CONFLICT-064,CF07 正官｜第一反应,L1 十神冲突通道,CONFLICT-CF07-正官规则复核,通用,第一反应,正官,,正官形成有效独立信号，且未因真合化失效；至少有日支／日柱、近位有根或现实重复行为中的一类可靠证据。,基础信号未定；真合化后原信号已失效；只有单一弱远争议信号；或该结论会越界到M4风险、M5适配。,由共享基础引擎与M3-STATE修正；日主承载只修正冲突处理的可执行性，不直接等于强硬或软弱。,不限定；夫妻星只在责任、行动、投入等冲突议题中参与接口，不作为CONFLICT唯一主轴。,由M3-BASE、日支主气及宫位动态提供；不得把日支直接写成配偶性格。,无／待CONFLICT顺序与路径规则组合,日柱与日支近位优先；全局有效独立信号可作次通道。,由共享基础引擎判定,由共享基础引擎判定,喜忌不直接等于冲突方式好坏；只修正调用顺畅度、资源压力和状态切换。,原十神性质有效；真合化成立时按化神所属功能系统重建。,由共享基础引擎判定,72,第一反应候选 +6,first_response,先确认原先怎样约定、各自负责什么、哪些规则需要执行或重订,分歧刚出现时，你更可能先确认原先怎样约定、各自负责什么、哪些规则需要执行或重订。,不得由本规则直接推出攻击、冷战、控制、情绪虐待、暴力、分手离婚、关系失败、人格或依恋类型；不得把某种分歧处理顺序等同于爱得更多或更少。风险与失衡需转入M4，适配需转入M5。,中,待验证,,provisional=true; channel=CF07; ten_god=正官,0.6
M3-CONFLICT-065,CF07 正官｜注意焦点,L1 十神冲突通道,CONFLICT-CF07-正官规则复核,通用,信息焦点,正官,,正官形成有效独立信号，且未因真合化失效；至少有日支／日柱、近位有根或现实重复行为中的一类可靠证据。,基础信号未定；真合化后原信号已失效；只有单一弱远争议信号；或该结论会越界到M4风险、M5适配。,由共享基础引擎与M3-STATE修正；日主承载只修正冲突处理的可执行性，不直接等于强硬或软弱。,不限定；夫妻星只在责任、行动、投入等冲突议题中参与接口，不作为CONFLICT唯一主轴。,由M3-BASE、日支主气及宫位动态提供；不得把日支直接写成配偶性格。,无／待CONFLICT顺序与路径规则组合,日柱与日支近位优先；全局有效独立信号可作次通道。,由共享基础引擎判定,由共享基础引擎判定,喜忌不直接等于冲突方式好坏；只修正调用顺畅度、资源压力和状态切换。,原十神性质有效；真合化成立时按化神所属功能系统重建。,由共享基础引擎判定,70,焦点候选 +5,attention_focus,该通道首先读取：承诺是否兑现、角色是否清楚、责任边界和共同规则。,你在分歧中会特别注意承诺是否兑现、角色是否清楚、责任边界和共同规则。,不得由本规则直接推出攻击、冷战、控制、情绪虐待、暴力、分手离婚、关系失败、人格或依恋类型；不得把某种分歧处理顺序等同于爱得更多或更少。风险与失衡需转入M4，适配需转入M5。,中,待验证,,provisional=true; channel=CF07; ten_god=正官,0.6
M3-CONFLICT-066,CF07 正官｜阶段结束条件,L1 十神冲突通道,CONFLICT-CF07-正官规则复核,通用,结束条件,正官,,正官形成有效独立信号，且未因真合化失效；至少有日支／日柱、近位有根或现实重复行为中的一类可靠证据。,基础信号未定；真合化后原信号已失效；只有单一弱远争议信号；或该结论会越界到M4风险、M5适配。,由共享基础引擎与M3-STATE修正；日主承载只修正冲突处理的可执行性，不直接等于强硬或软弱。,不限定；夫妻星只在责任、行动、投入等冲突议题中参与接口，不作为CONFLICT唯一主轴。,由M3-BASE、日支主气及宫位动态提供；不得把日支直接写成配偶性格。,无／待CONFLICT顺序与路径规则组合,日柱与日支近位优先；全局有效独立信号可作次通道。,由共享基础引擎判定,由共享基础引擎判定,喜忌不直接等于冲突方式好坏；只修正调用顺畅度、资源压力和状态切换。,原十神性质有效；真合化成立时按化神所属功能系统重建。,由共享基础引擎判定,68,结束条件候选 +5,conflict_end_condition,通过明确责任、修订约定或形成可追踪规则结束这一轮分歧,对你来说，这一轮分歧更容易在“通过明确责任、修订约定或形成可追踪规则结束这一轮分歧”之后暂时告一段落。,不得由本规则直接推出攻击、冷战、控制、情绪虐待、暴力、分手离婚、关系失败、人格或依恋类型；不得把某种分歧处理顺序等同于爱得更多或更少。风险与失衡需转入M4，适配需转入M5。,中,待验证,,provisional=true; channel=CF07; ten_god=正官,0.6
M3-CONFLICT-067,CF07 正官｜弱远或条件性调用,L1 十神冲突通道,CONFLICT-CF07-正官规则复核,通用,条件修正,正官,,正官偏弱、远位、无根，或只有单一间接证据。,基础信号未定；真合化后原信号已失效；只有单一弱远争议信号；或该结论会越界到M4风险、M5适配。,由共享基础引擎与M3-STATE修正；日主承载只修正冲突处理的可执行性，不直接等于强硬或软弱。,不限定；夫妻星只在责任、行动、投入等冲突议题中参与接口，不作为CONFLICT唯一主轴。,由M3-BASE、日支主气及宫位动态提供；不得把日支直接写成配偶性格。,无／待CONFLICT顺序与路径规则组合,日柱与日支近位优先；全局有效独立信号可作次通道。,由共享基础引擎判定,由共享基础引擎判定,喜忌不直接等于冲突方式好坏；只修正调用顺畅度、资源压力和状态切换。,原十神性质有效；真合化成立时按化神所属功能系统重建。,由共享基础引擎判定,60,候选 +2；降置信,secondary_conflict_channel,信号偏弱时，只能说明你需要明确责任，不写成一定严格执行规则。,信号偏弱时，只能说明你需要明确责任，不写成一定严格执行规则。,不得由本规则直接推出攻击、冷战、控制、情绪虐待、暴力、分手离婚、关系失败、人格或依恋类型；不得把某种分歧处理顺序等同于爱得更多或更少。风险与失衡需转入M4，适配需转入M5。,中低,待验证,,provisional=true; channel=CF07; ten_god=正官,0.6
M3-CONFLICT-068,CF07 正官｜压力下抢先或切换,L1 十神冲突通道,CONFLICT-CF07-正官规则复核,通用,压力修正,正官,,正官过旺、强而无制，或M3-STATE显示该通道在压力状态被放大。,基础信号未定；真合化后原信号已失效；只有单一弱远争议信号；或该结论会越界到M4风险、M5适配。,由共享基础引擎与M3-STATE修正；日主承载只修正冲突处理的可执行性，不直接等于强硬或软弱。,不限定；夫妻星只在责任、行动、投入等冲突议题中参与接口，不作为CONFLICT唯一主轴。,由M3-BASE、日支主气及宫位动态提供；不得把日支直接写成配偶性格。,无／待CONFLICT顺序与路径规则组合,日柱与日支近位优先；全局有效独立信号可作次通道。,由共享基础引擎判定,由共享基础引擎判定,喜忌不直接等于冲突方式好坏；只修正调用顺畅度、资源压力和状态切换。,原十神性质有效；真合化成立时按化神所属功能系统重建。,由共享基础引擎判定,66,压力通道 +5；路由STATE/M4,state_shift,压力增加时，规则和责任更容易抢先；是否变成僵化或要求过高需M4判断。,压力增加时，规则和责任更容易抢先；是否变成僵化或要求过高需M4判断。,不得由本规则直接推出攻击、冷战、控制、情绪虐待、暴力、分手离婚、关系失败、人格或依恋类型；不得把某种分歧处理顺序等同于爱得更多或更少。风险与失衡需转入M4，适配需转入M5。,中,待验证,,provisional=true; channel=CF07; ten_god=正官,0.6
M3-CONFLICT-069,CF07 正官｜禁止人格化和结果化,L1 十神冲突通道,CONFLICT-CF07-正官规则复核,通用,禁止推断,正官,,正官冲突通道被识别。,基础信号未定；真合化后原信号已失效；只有单一弱远争议信号；或该结论会越界到M4风险、M5适配。,由共享基础引擎与M3-STATE修正；日主承载只修正冲突处理的可执行性，不直接等于强硬或软弱。,不限定；夫妻星只在责任、行动、投入等冲突议题中参与接口，不作为CONFLICT唯一主轴。,由M3-BASE、日支主气及宫位动态提供；不得把日支直接写成配偶性格。,无／待CONFLICT顺序与路径规则组合,日柱与日支近位优先；全局有效独立信号可作次通道。,由共享基础引擎判定,由共享基础引擎判定,喜忌不直接等于冲突方式好坏；只修正调用顺畅度、资源压力和状态切换。,原十神性质有效；真合化成立时按化神所属功能系统重建。,由共享基础引擎判定,90,不加分；边界检查,boundary_note,不得直接写成控制、说教、官僚、压迫或必须分出对错。,不得直接写成控制、说教、官僚、压迫或必须分出对错，这里只描述处理顺序。,不得由本规则直接推出攻击、冷战、控制、情绪虐待、暴力、分手离婚、关系失败、人格或依恋类型；不得把某种分歧处理顺序等同于爱得更多或更少。风险与失衡需转入M4，适配需转入M5。不得直接写成控制、说教、官僚、压迫或必须分出对错。,高,待验证,,provisional=true; channel=CF07; ten_god=正官,0.6
M3-CONFLICT-070,CF08 七杀｜决断处置通道定义,L1 十神冲突通道,CONFLICT-CF08-七杀决断处置,通用,通道定义,七杀,,七杀形成有效独立信号，且未因真合化失效；至少有日支／日柱、近位有根或现实重复行为中的一类可靠证据。,基础信号未定；真合化后原信号已失效；只有单一弱远争议信号；或该结论会越界到M4风险、M5适配。,由共享基础引擎与M3-STATE修正；日主承载只修正冲突处理的可执行性，不直接等于强硬或软弱。,不限定；夫妻星只在责任、行动、投入等冲突议题中参与接口，不作为CONFLICT唯一主轴。,由M3-BASE、日支主气及宫位动态提供；不得把日支直接写成配偶性格。,无／待CONFLICT顺序与路径规则组合,日柱与日支近位优先；全局有效独立信号可作次通道。,由共享基础引擎判定,由共享基础引擎判定,喜忌不直接等于冲突方式好坏；只修正调用顺畅度、资源压力和状态切换。,原十神性质有效；真合化成立时按化神所属功能系统重建。,由共享基础引擎判定,75,通道候选 +10,primary_conflict_channel,七杀在CONFLICT中主要负责：先处理紧急问题、划定停止线或快速推动关键决定。,遇到明显分歧或紧急问题时，你更容易先处理关键事项、做决定或划定停止线，再回头讨论细节。,不得由本规则直接推出攻击、冷战、控制、情绪虐待、暴力、分手离婚、关系失败、人格或依恋类型；不得把某种分歧处理顺序等同于爱得更多或更少。风险与失衡需转入M4，适配需转入M5。,中高,待验证,,provisional=true; channel=CF08; ten_god=七杀,0.6
M3-CONFLICT-071,CF08 七杀｜第一反应,L1 十神冲突通道,CONFLICT-CF08-七杀决断处置,通用,第一反应,七杀,,七杀形成有效独立信号，且未因真合化失效；至少有日支／日柱、近位有根或现实重复行为中的一类可靠证据。,基础信号未定；真合化后原信号已失效；只有单一弱远争议信号；或该结论会越界到M4风险、M5适配。,由共享基础引擎与M3-STATE修正；日主承载只修正冲突处理的可执行性，不直接等于强硬或软弱。,不限定；夫妻星只在责任、行动、投入等冲突议题中参与接口，不作为CONFLICT唯一主轴。,由M3-BASE、日支主气及宫位动态提供；不得把日支直接写成配偶性格。,无／待CONFLICT顺序与路径规则组合,日柱与日支近位优先；全局有效独立信号可作次通道。,由共享基础引擎判定,由共享基础引擎判定,喜忌不直接等于冲突方式好坏；只修正调用顺畅度、资源压力和状态切换。,原十神性质有效；真合化成立时按化神所属功能系统重建。,由共享基础引擎判定,72,第一反应候选 +6,first_response,先止损、做决定、处理风险或把需要立即解决的部分控制住,分歧刚出现时，你更可能先止损、做决定、处理风险或把需要立即解决的部分控制住。,不得由本规则直接推出攻击、冷战、控制、情绪虐待、暴力、分手离婚、关系失败、人格或依恋类型；不得把某种分歧处理顺序等同于爱得更多或更少。风险与失衡需转入M4，适配需转入M5。,中,待验证,,provisional=true; channel=CF08; ten_god=七杀,0.6
M3-CONFLICT-072,CF08 七杀｜注意焦点,L1 十神冲突通道,CONFLICT-CF08-七杀决断处置,通用,信息焦点,七杀,,七杀形成有效独立信号，且未因真合化失效；至少有日支／日柱、近位有根或现实重复行为中的一类可靠证据。,基础信号未定；真合化后原信号已失效；只有单一弱远争议信号；或该结论会越界到M4风险、M5适配。,由共享基础引擎与M3-STATE修正；日主承载只修正冲突处理的可执行性，不直接等于强硬或软弱。,不限定；夫妻星只在责任、行动、投入等冲突议题中参与接口，不作为CONFLICT唯一主轴。,由M3-BASE、日支主气及宫位动态提供；不得把日支直接写成配偶性格。,无／待CONFLICT顺序与路径规则组合,日柱与日支近位优先；全局有效独立信号可作次通道。,由共享基础引擎判定,由共享基础引擎判定,喜忌不直接等于冲突方式好坏；只修正调用顺畅度、资源压力和状态切换。,原十神性质有效；真合化成立时按化神所属功能系统重建。,由共享基础引擎判定,70,焦点候选 +5,attention_focus,该通道首先读取：风险、时效、关键行动、停止线和谁来承担。,你在分歧中会特别注意风险、时效、关键行动、停止线和谁来承担。,不得由本规则直接推出攻击、冷战、控制、情绪虐待、暴力、分手离婚、关系失败、人格或依恋类型；不得把某种分歧处理顺序等同于爱得更多或更少。风险与失衡需转入M4，适配需转入M5。,中,待验证,,provisional=true; channel=CF08; ten_god=七杀,0.6
M3-CONFLICT-073,CF08 七杀｜阶段结束条件,L1 十神冲突通道,CONFLICT-CF08-七杀决断处置,通用,结束条件,七杀,,七杀形成有效独立信号，且未因真合化失效；至少有日支／日柱、近位有根或现实重复行为中的一类可靠证据。,基础信号未定；真合化后原信号已失效；只有单一弱远争议信号；或该结论会越界到M4风险、M5适配。,由共享基础引擎与M3-STATE修正；日主承载只修正冲突处理的可执行性，不直接等于强硬或软弱。,不限定；夫妻星只在责任、行动、投入等冲突议题中参与接口，不作为CONFLICT唯一主轴。,由M3-BASE、日支主气及宫位动态提供；不得把日支直接写成配偶性格。,无／待CONFLICT顺序与路径规则组合,日柱与日支近位优先；全局有效独立信号可作次通道。,由共享基础引擎判定,由共享基础引擎判定,喜忌不直接等于冲突方式好坏；只修正调用顺畅度、资源压力和状态切换。,原十神性质有效；真合化成立时按化神所属功能系统重建。,由共享基础引擎判定,68,结束条件候选 +5,conflict_end_condition,紧急问题得到处理、责任有人承担，之后再决定是否补充沟通和复盘,对你来说，这一轮分歧更容易在“紧急问题得到处理、责任有人承担，之后再决定是否补充沟通和复盘”之后暂时告一段落。,不得由本规则直接推出攻击、冷战、控制、情绪虐待、暴力、分手离婚、关系失败、人格或依恋类型；不得把某种分歧处理顺序等同于爱得更多或更少。风险与失衡需转入M4，适配需转入M5。,中,待验证,,provisional=true; channel=CF08; ten_god=七杀,0.6
M3-CONFLICT-074,CF08 七杀｜弱远或条件性调用,L1 十神冲突通道,CONFLICT-CF08-七杀决断处置,通用,条件修正,七杀,,七杀偏弱、远位、无根，或只有单一间接证据。,基础信号未定；真合化后原信号已失效；只有单一弱远争议信号；或该结论会越界到M4风险、M5适配。,由共享基础引擎与M3-STATE修正；日主承载只修正冲突处理的可执行性，不直接等于强硬或软弱。,不限定；夫妻星只在责任、行动、投入等冲突议题中参与接口，不作为CONFLICT唯一主轴。,由M3-BASE、日支主气及宫位动态提供；不得把日支直接写成配偶性格。,无／待CONFLICT顺序与路径规则组合,日柱与日支近位优先；全局有效独立信号可作次通道。,由共享基础引擎判定,由共享基础引擎判定,喜忌不直接等于冲突方式好坏；只修正调用顺畅度、资源压力和状态切换。,原十神性质有效；真合化成立时按化神所属功能系统重建。,由共享基础引擎判定,60,候选 +2；降置信,secondary_conflict_channel,信号偏弱时，只能说明关键时刻重视行动，不写成平时都强硬快速。,信号偏弱时，只能说明关键时刻重视行动，不写成平时都强硬快速。,不得由本规则直接推出攻击、冷战、控制、情绪虐待、暴力、分手离婚、关系失败、人格或依恋类型；不得把某种分歧处理顺序等同于爱得更多或更少。风险与失衡需转入M4，适配需转入M5。,中低,待验证,,provisional=true; channel=CF08; ten_god=七杀,0.6
M3-CONFLICT-075,CF08 七杀｜压力下抢先或切换,L1 十神冲突通道,CONFLICT-CF08-七杀决断处置,通用,压力修正,七杀,,七杀过旺、强而无制，或M3-STATE显示该通道在压力状态被放大。,基础信号未定；真合化后原信号已失效；只有单一弱远争议信号；或该结论会越界到M4风险、M5适配。,由共享基础引擎与M3-STATE修正；日主承载只修正冲突处理的可执行性，不直接等于强硬或软弱。,不限定；夫妻星只在责任、行动、投入等冲突议题中参与接口，不作为CONFLICT唯一主轴。,由M3-BASE、日支主气及宫位动态提供；不得把日支直接写成配偶性格。,无／待CONFLICT顺序与路径规则组合,日柱与日支近位优先；全局有效独立信号可作次通道。,由共享基础引擎判定,由共享基础引擎判定,喜忌不直接等于冲突方式好坏；只修正调用顺畅度、资源压力和状态切换。,原十神性质有效；真合化成立时按化神所属功能系统重建。,由共享基础引擎判定,66,压力通道 +5；路由STATE/M4,state_shift,压力增加时，行动和决断可能先于情绪沟通；是否形成压迫或单方面决定需M4与BOUND判断。,压力增加时，行动和决断可能先于情绪沟通；是否形成压迫或单方面决定需M4与BOUND判断。,不得由本规则直接推出攻击、冷战、控制、情绪虐待、暴力、分手离婚、关系失败、人格或依恋类型；不得把某种分歧处理顺序等同于爱得更多或更少。风险与失衡需转入M4，适配需转入M5。,中,待验证,,provisional=true; channel=CF08; ten_god=七杀,0.6
M3-CONFLICT-076,CF08 七杀｜禁止人格化和结果化,L1 十神冲突通道,CONFLICT-CF08-七杀决断处置,通用,禁止推断,七杀,,七杀冲突通道被识别。,基础信号未定；真合化后原信号已失效；只有单一弱远争议信号；或该结论会越界到M4风险、M5适配。,由共享基础引擎与M3-STATE修正；日主承载只修正冲突处理的可执行性，不直接等于强硬或软弱。,不限定；夫妻星只在责任、行动、投入等冲突议题中参与接口，不作为CONFLICT唯一主轴。,由M3-BASE、日支主气及宫位动态提供；不得把日支直接写成配偶性格。,无／待CONFLICT顺序与路径规则组合,日柱与日支近位优先；全局有效独立信号可作次通道。,由共享基础引擎判定,由共享基础引擎判定,喜忌不直接等于冲突方式好坏；只修正调用顺畅度、资源压力和状态切换。,原十神性质有效；真合化成立时按化神所属功能系统重建。,由共享基础引擎判定,90,不加分；边界检查,boundary_note,不得直接写成暴力、强势控制、脾气大、危险或必然压制对方。,不得直接写成暴力、强势控制、脾气大、危险或必然压制对方，这里只描述处理顺序。,不得由本规则直接推出攻击、冷战、控制、情绪虐待、暴力、分手离婚、关系失败、人格或依恋类型；不得把某种分歧处理顺序等同于爱得更多或更少。风险与失衡需转入M4，适配需转入M5。不得直接写成暴力、强势控制、脾气大、危险或必然压制对方。,高,待验证,,provisional=true; channel=CF08; ten_god=七杀,0.6
M3-CONFLICT-077,CF09 正印｜倾听承接通道定义,L1 十神冲突通道,CONFLICT-CF09-正印倾听承接,通用,通道定义,正印,,正印形成有效独立信号，且未因真合化失效；至少有日支／日柱、近位有根或现实重复行为中的一类可靠证据。,基础信号未定；真合化后原信号已失效；只有单一弱远争议信号；或该结论会越界到M4风险、M5适配。,由共享基础引擎与M3-STATE修正；日主承载只修正冲突处理的可执行性，不直接等于强硬或软弱。,不限定；夫妻星只在责任、行动、投入等冲突议题中参与接口，不作为CONFLICT唯一主轴。,由M3-BASE、日支主气及宫位动态提供；不得把日支直接写成配偶性格。,无／待CONFLICT顺序与路径规则组合,日柱与日支近位优先；全局有效独立信号可作次通道。,由共享基础引擎判定,由共享基础引擎判定,喜忌不直接等于冲突方式好坏；只修正调用顺畅度、资源压力和状态切换。,原十神性质有效；真合化成立时按化神所属功能系统重建。,由共享基础引擎判定,75,通道候选 +10,primary_conflict_channel,正印在CONFLICT中主要负责：先理解感受、背景和双方为什么会这样反应，再形成回应。,分歧出现时，你更容易先听清双方的感受和背景，确认彼此为什么会这样，再决定怎样回应。,不得由本规则直接推出攻击、冷战、控制、情绪虐待、暴力、分手离婚、关系失败、人格或依恋类型；不得把某种分歧处理顺序等同于爱得更多或更少。风险与失衡需转入M4，适配需转入M5。,中高,待验证,,provisional=true; channel=CF09; ten_god=正印,0.6
M3-CONFLICT-078,CF09 正印｜第一反应,L1 十神冲突通道,CONFLICT-CF09-正印倾听承接,通用,第一反应,正印,,正印形成有效独立信号，且未因真合化失效；至少有日支／日柱、近位有根或现实重复行为中的一类可靠证据。,基础信号未定；真合化后原信号已失效；只有单一弱远争议信号；或该结论会越界到M4风险、M5适配。,由共享基础引擎与M3-STATE修正；日主承载只修正冲突处理的可执行性，不直接等于强硬或软弱。,不限定；夫妻星只在责任、行动、投入等冲突议题中参与接口，不作为CONFLICT唯一主轴。,由M3-BASE、日支主气及宫位动态提供；不得把日支直接写成配偶性格。,无／待CONFLICT顺序与路径规则组合,日柱与日支近位优先；全局有效独立信号可作次通道。,由共享基础引擎判定,由共享基础引擎判定,喜忌不直接等于冲突方式好坏；只修正调用顺畅度、资源压力和状态切换。,原十神性质有效；真合化成立时按化神所属功能系统重建。,由共享基础引擎判定,72,第一反应候选 +6,first_response,先听、确认感受、补足背景信息或让双方恢复安全感,分歧刚出现时，你更可能先听、确认感受、补足背景信息或让双方恢复安全感。,不得由本规则直接推出攻击、冷战、控制、情绪虐待、暴力、分手离婚、关系失败、人格或依恋类型；不得把某种分歧处理顺序等同于爱得更多或更少。风险与失衡需转入M4，适配需转入M5。,中,待验证,,provisional=true; channel=CF09; ten_god=正印,0.6
M3-CONFLICT-079,CF09 正印｜注意焦点,L1 十神冲突通道,CONFLICT-CF09-正印倾听承接,通用,信息焦点,正印,,正印形成有效独立信号，且未因真合化失效；至少有日支／日柱、近位有根或现实重复行为中的一类可靠证据。,基础信号未定；真合化后原信号已失效；只有单一弱远争议信号；或该结论会越界到M4风险、M5适配。,由共享基础引擎与M3-STATE修正；日主承载只修正冲突处理的可执行性，不直接等于强硬或软弱。,不限定；夫妻星只在责任、行动、投入等冲突议题中参与接口，不作为CONFLICT唯一主轴。,由M3-BASE、日支主气及宫位动态提供；不得把日支直接写成配偶性格。,无／待CONFLICT顺序与路径规则组合,日柱与日支近位优先；全局有效独立信号可作次通道。,由共享基础引擎判定,由共享基础引擎判定,喜忌不直接等于冲突方式好坏；只修正调用顺畅度、资源压力和状态切换。,原十神性质有效；真合化成立时按化神所属功能系统重建。,由共享基础引擎判定,70,焦点候选 +5,attention_focus,该通道首先读取：感受、动机、背景、可信度和是否被理解。,你在分歧中会特别注意感受、动机、背景、可信度和是否被理解。,不得由本规则直接推出攻击、冷战、控制、情绪虐待、暴力、分手离婚、关系失败、人格或依恋类型；不得把某种分歧处理顺序等同于爱得更多或更少。风险与失衡需转入M4，适配需转入M5。,中,待验证,,provisional=true; channel=CF09; ten_god=正印,0.6
M3-CONFLICT-080,CF09 正印｜阶段结束条件,L1 十神冲突通道,CONFLICT-CF09-正印倾听承接,通用,结束条件,正印,,正印形成有效独立信号，且未因真合化失效；至少有日支／日柱、近位有根或现实重复行为中的一类可靠证据。,基础信号未定；真合化后原信号已失效；只有单一弱远争议信号；或该结论会越界到M4风险、M5适配。,由共享基础引擎与M3-STATE修正；日主承载只修正冲突处理的可执行性，不直接等于强硬或软弱。,不限定；夫妻星只在责任、行动、投入等冲突议题中参与接口，不作为CONFLICT唯一主轴。,由M3-BASE、日支主气及宫位动态提供；不得把日支直接写成配偶性格。,无／待CONFLICT顺序与路径规则组合,日柱与日支近位优先；全局有效独立信号可作次通道。,由共享基础引擎判定,由共享基础引擎判定,喜忌不直接等于冲突方式好坏；只修正调用顺畅度、资源压力和状态切换。,原十神性质有效；真合化成立时按化神所属功能系统重建。,由共享基础引擎判定,68,结束条件候选 +5,conflict_end_condition,当双方感到被听见并理解核心背景后，再进入立场、责任或方案,对你来说，这一轮分歧更容易在“当双方感到被听见并理解核心背景后，再进入立场、责任或方案”之后暂时告一段落。,不得由本规则直接推出攻击、冷战、控制、情绪虐待、暴力、分手离婚、关系失败、人格或依恋类型；不得把某种分歧处理顺序等同于爱得更多或更少。风险与失衡需转入M4，适配需转入M5。,中,待验证,,provisional=true; channel=CF09; ten_god=正印,0.6
M3-CONFLICT-081,CF09 正印｜弱远或条件性调用,L1 十神冲突通道,CONFLICT-CF09-正印倾听承接,通用,条件修正,正印,,正印偏弱、远位、无根，或只有单一间接证据。,基础信号未定；真合化后原信号已失效；只有单一弱远争议信号；或该结论会越界到M4风险、M5适配。,由共享基础引擎与M3-STATE修正；日主承载只修正冲突处理的可执行性，不直接等于强硬或软弱。,不限定；夫妻星只在责任、行动、投入等冲突议题中参与接口，不作为CONFLICT唯一主轴。,由M3-BASE、日支主气及宫位动态提供；不得把日支直接写成配偶性格。,无／待CONFLICT顺序与路径规则组合,日柱与日支近位优先；全局有效独立信号可作次通道。,由共享基础引擎判定,由共享基础引擎判定,喜忌不直接等于冲突方式好坏；只修正调用顺畅度、资源压力和状态切换。,原十神性质有效；真合化成立时按化神所属功能系统重建。,由共享基础引擎判定,60,候选 +2；降置信,secondary_conflict_channel,信号偏弱时，只能说明你需要理解背景，不写成一定能持续承接情绪。,信号偏弱时，只能说明你需要理解背景，不写成一定能持续承接情绪。,不得由本规则直接推出攻击、冷战、控制、情绪虐待、暴力、分手离婚、关系失败、人格或依恋类型；不得把某种分歧处理顺序等同于爱得更多或更少。风险与失衡需转入M4，适配需转入M5。,中低,待验证,,provisional=true; channel=CF09; ten_god=正印,0.6
M3-CONFLICT-082,CF09 正印｜压力下抢先或切换,L1 十神冲突通道,CONFLICT-CF09-正印倾听承接,通用,压力修正,正印,,正印过旺、强而无制，或M3-STATE显示该通道在压力状态被放大。,基础信号未定；真合化后原信号已失效；只有单一弱远争议信号；或该结论会越界到M4风险、M5适配。,由共享基础引擎与M3-STATE修正；日主承载只修正冲突处理的可执行性，不直接等于强硬或软弱。,不限定；夫妻星只在责任、行动、投入等冲突议题中参与接口，不作为CONFLICT唯一主轴。,由M3-BASE、日支主气及宫位动态提供；不得把日支直接写成配偶性格。,无／待CONFLICT顺序与路径规则组合,日柱与日支近位优先；全局有效独立信号可作次通道。,由共享基础引擎判定,由共享基础引擎判定,喜忌不直接等于冲突方式好坏；只修正调用顺畅度、资源压力和状态切换。,原十神性质有效；真合化成立时按化神所属功能系统重建。,由共享基础引擎判定,66,压力通道 +5；路由STATE/M4,state_shift,压力过高时，倾听可能需要更明确的安全条件；是否变成压抑自身立场需结合比劫和案例。,压力过高时，倾听可能需要更明确的安全条件；是否变成压抑自身立场需结合比劫和案例。,不得由本规则直接推出攻击、冷战、控制、情绪虐待、暴力、分手离婚、关系失败、人格或依恋类型；不得把某种分歧处理顺序等同于爱得更多或更少。风险与失衡需转入M4，适配需转入M5。,中,待验证,,provisional=true; channel=CF09; ten_god=正印,0.6
M3-CONFLICT-083,CF09 正印｜禁止人格化和结果化,L1 十神冲突通道,CONFLICT-CF09-正印倾听承接,通用,禁止推断,正印,,正印冲突通道被识别。,基础信号未定；真合化后原信号已失效；只有单一弱远争议信号；或该结论会越界到M4风险、M5适配。,由共享基础引擎与M3-STATE修正；日主承载只修正冲突处理的可执行性，不直接等于强硬或软弱。,不限定；夫妻星只在责任、行动、投入等冲突议题中参与接口，不作为CONFLICT唯一主轴。,由M3-BASE、日支主气及宫位动态提供；不得把日支直接写成配偶性格。,无／待CONFLICT顺序与路径规则组合,日柱与日支近位优先；全局有效独立信号可作次通道。,由共享基础引擎判定,由共享基础引擎判定,喜忌不直接等于冲突方式好坏；只修正调用顺畅度、资源压力和状态切换。,原十神性质有效；真合化成立时按化神所属功能系统重建。,由共享基础引擎判定,90,不加分；边界检查,boundary_note,不得直接写成没有立场、过度包容、依赖、忍耐或总替别人找理由。,不得直接写成没有立场、过度包容、依赖、忍耐或总替别人找理由，这里只描述处理顺序。,不得由本规则直接推出攻击、冷战、控制、情绪虐待、暴力、分手离婚、关系失败、人格或依恋类型；不得把某种分歧处理顺序等同于爱得更多或更少。风险与失衡需转入M4，适配需转入M5。不得直接写成没有立场、过度包容、依赖、忍耐或总替别人找理由。,高,待验证,,provisional=true; channel=CF09; ten_god=正印,0.6
M3-CONFLICT-084,CF10 偏印｜暂停内化通道定义,L1 十神冲突通道,CONFLICT-CF10-偏印暂停内化,通用,通道定义,偏印,,偏印形成有效独立信号，且未因真合化失效；至少有日支／日柱、近位有根或现实重复行为中的一类可靠证据。,基础信号未定；真合化后原信号已失效；只有单一弱远争议信号；或该结论会越界到M4风险、M5适配。,由共享基础引擎与M3-STATE修正；日主承载只修正冲突处理的可执行性，不直接等于强硬或软弱。,不限定；夫妻星只在责任、行动、投入等冲突议题中参与接口，不作为CONFLICT唯一主轴。,由M3-BASE、日支主气及宫位动态提供；不得把日支直接写成配偶性格。,无／待CONFLICT顺序与路径规则组合,日柱与日支近位优先；全局有效独立信号可作次通道。,由共享基础引擎判定,由共享基础引擎判定,喜忌不直接等于冲突方式好坏；只修正调用顺畅度、资源压力和状态切换。,原十神性质有效；真合化成立时按化神所属功能系统重建。,由共享基础引擎判定,75,通道候选 +10,primary_conflict_channel,偏印在CONFLICT中主要负责：先独立整理复杂信息、区分真正问题，再选择性回应。,面对复杂分歧时，你可能先退一步整理信息，想清楚真正的问题，再选择核心部分回应。,不得由本规则直接推出攻击、冷战、控制、情绪虐待、暴力、分手离婚、关系失败、人格或依恋类型；不得把某种分歧处理顺序等同于爱得更多或更少。风险与失衡需转入M4，适配需转入M5。,中高,待验证,,provisional=true; channel=CF10; ten_god=偏印,0.6
M3-CONFLICT-085,CF10 偏印｜第一反应,L1 十神冲突通道,CONFLICT-CF10-偏印暂停内化,通用,第一反应,偏印,,偏印形成有效独立信号，且未因真合化失效；至少有日支／日柱、近位有根或现实重复行为中的一类可靠证据。,基础信号未定；真合化后原信号已失效；只有单一弱远争议信号；或该结论会越界到M4风险、M5适配。,由共享基础引擎与M3-STATE修正；日主承载只修正冲突处理的可执行性，不直接等于强硬或软弱。,不限定；夫妻星只在责任、行动、投入等冲突议题中参与接口，不作为CONFLICT唯一主轴。,由M3-BASE、日支主气及宫位动态提供；不得把日支直接写成配偶性格。,无／待CONFLICT顺序与路径规则组合,日柱与日支近位优先；全局有效独立信号可作次通道。,由共享基础引擎判定,由共享基础引擎判定,喜忌不直接等于冲突方式好坏；只修正调用顺畅度、资源压力和状态切换。,原十神性质有效；真合化成立时按化神所属功能系统重建。,由共享基础引擎判定,72,第一反应候选 +6,first_response,先暂停、抽离现场噪音、独立分析或只回应最核心部分,分歧刚出现时，你更可能先暂停、抽离现场噪音、独立分析或只回应最核心部分。,不得由本规则直接推出攻击、冷战、控制、情绪虐待、暴力、分手离婚、关系失败、人格或依恋类型；不得把某种分歧处理顺序等同于爱得更多或更少。风险与失衡需转入M4，适配需转入M5。,中,待验证,,provisional=true; channel=CF10; ten_god=偏印,0.6
M3-CONFLICT-086,CF10 偏印｜注意焦点,L1 十神冲突通道,CONFLICT-CF10-偏印暂停内化,通用,信息焦点,偏印,,偏印形成有效独立信号，且未因真合化失效；至少有日支／日柱、近位有根或现实重复行为中的一类可靠证据。,基础信号未定；真合化后原信号已失效；只有单一弱远争议信号；或该结论会越界到M4风险、M5适配。,由共享基础引擎与M3-STATE修正；日主承载只修正冲突处理的可执行性，不直接等于强硬或软弱。,不限定；夫妻星只在责任、行动、投入等冲突议题中参与接口，不作为CONFLICT唯一主轴。,由M3-BASE、日支主气及宫位动态提供；不得把日支直接写成配偶性格。,无／待CONFLICT顺序与路径规则组合,日柱与日支近位优先；全局有效独立信号可作次通道。,由共享基础引擎判定,由共享基础引擎判定,喜忌不直接等于冲突方式好坏；只修正调用顺畅度、资源压力和状态切换。,原十神性质有效；真合化成立时按化神所属功能系统重建。,由共享基础引擎判定,70,焦点候选 +5,attention_focus,该通道首先读取：隐藏原因、复杂信息、个人感受边界和真正值得回应的部分。,你在分歧中会特别注意隐藏原因、复杂信息、个人感受边界和真正值得回应的部分。,不得由本规则直接推出攻击、冷战、控制、情绪虐待、暴力、分手离婚、关系失败、人格或依恋类型；不得把某种分歧处理顺序等同于爱得更多或更少。风险与失衡需转入M4，适配需转入M5。,中,待验证,,provisional=true; channel=CF10; ten_god=偏印,0.6
M3-CONFLICT-087,CF10 偏印｜阶段结束条件,L1 十神冲突通道,CONFLICT-CF10-偏印暂停内化,通用,结束条件,偏印,,偏印形成有效独立信号，且未因真合化失效；至少有日支／日柱、近位有根或现实重复行为中的一类可靠证据。,基础信号未定；真合化后原信号已失效；只有单一弱远争议信号；或该结论会越界到M4风险、M5适配。,由共享基础引擎与M3-STATE修正；日主承载只修正冲突处理的可执行性，不直接等于强硬或软弱。,不限定；夫妻星只在责任、行动、投入等冲突议题中参与接口，不作为CONFLICT唯一主轴。,由M3-BASE、日支主气及宫位动态提供；不得把日支直接写成配偶性格。,无／待CONFLICT顺序与路径规则组合,日柱与日支近位优先；全局有效独立信号可作次通道。,由共享基础引擎判定,由共享基础引擎判定,喜忌不直接等于冲突方式好坏；只修正调用顺畅度、资源压力和状态切换。,原十神性质有效；真合化成立时按化神所属功能系统重建。,由共享基础引擎判定,68,结束条件候选 +5,conflict_end_condition,内部逻辑形成以后，以较精简、精准或选择性的方式重新进入沟通,对你来说，这一轮分歧更容易在“内部逻辑形成以后，以较精简、精准或选择性的方式重新进入沟通”之后暂时告一段落。,不得由本规则直接推出攻击、冷战、控制、情绪虐待、暴力、分手离婚、关系失败、人格或依恋类型；不得把某种分歧处理顺序等同于爱得更多或更少。风险与失衡需转入M4，适配需转入M5。,中,待验证,,provisional=true; channel=CF10; ten_god=偏印,0.6
M3-CONFLICT-088,CF10 偏印｜弱远或条件性调用,L1 十神冲突通道,CONFLICT-CF10-偏印暂停内化,通用,条件修正,偏印,,偏印偏弱、远位、无根，或只有单一间接证据。,基础信号未定；真合化后原信号已失效；只有单一弱远争议信号；或该结论会越界到M4风险、M5适配。,由共享基础引擎与M3-STATE修正；日主承载只修正冲突处理的可执行性，不直接等于强硬或软弱。,不限定；夫妻星只在责任、行动、投入等冲突议题中参与接口，不作为CONFLICT唯一主轴。,由M3-BASE、日支主气及宫位动态提供；不得把日支直接写成配偶性格。,无／待CONFLICT顺序与路径规则组合,日柱与日支近位优先；全局有效独立信号可作次通道。,由共享基础引擎判定,由共享基础引擎判定,喜忌不直接等于冲突方式好坏；只修正调用顺畅度、资源压力和状态切换。,原十神性质有效；真合化成立时按化神所属功能系统重建。,由共享基础引擎判定,60,候选 +2；降置信,secondary_conflict_channel,信号偏弱时，只保留“需要整理后回应”这一候选，不写成固定需要长时间独处。,信号偏弱时，只保留“需要整理后回应”这一候选，不写成固定需要长时间独处。,不得由本规则直接推出攻击、冷战、控制、情绪虐待、暴力、分手离婚、关系失败、人格或依恋类型；不得把某种分歧处理顺序等同于爱得更多或更少。风险与失衡需转入M4，适配需转入M5。,中低,待验证,,provisional=true; channel=CF10; ten_god=偏印,0.6
M3-CONFLICT-089,CF10 偏印｜压力下抢先或切换,L1 十神冲突通道,CONFLICT-CF10-偏印暂停内化,通用,压力修正,偏印,,偏印过旺、强而无制，或M3-STATE显示该通道在压力状态被放大。,基础信号未定；真合化后原信号已失效；只有单一弱远争议信号；或该结论会越界到M4风险、M5适配。,由共享基础引擎与M3-STATE修正；日主承载只修正冲突处理的可执行性，不直接等于强硬或软弱。,不限定；夫妻星只在责任、行动、投入等冲突议题中参与接口，不作为CONFLICT唯一主轴。,由M3-BASE、日支主气及宫位动态提供；不得把日支直接写成配偶性格。,无／待CONFLICT顺序与路径规则组合,日柱与日支近位优先；全局有效独立信号可作次通道。,由共享基础引擎判定,由共享基础引擎判定,喜忌不直接等于冲突方式好坏；只修正调用顺畅度、资源压力和状态切换。,原十神性质有效；真合化成立时按化神所属功能系统重建。,由共享基础引擎判定,66,压力通道 +5；路由STATE/M4,state_shift,压力增加时，内部整理需求可能变强；是否变成长期断联或冷战必须交给M4和REPAIR。,压力增加时，内部整理需求可能变强；是否变成长期断联或冷战必须交给M4和REPAIR。,不得由本规则直接推出攻击、冷战、控制、情绪虐待、暴力、分手离婚、关系失败、人格或依恋类型；不得把某种分歧处理顺序等同于爱得更多或更少。风险与失衡需转入M4，适配需转入M5。,中,待验证,,provisional=true; channel=CF10; ten_god=偏印,0.6
M3-CONFLICT-090,CF10 偏印｜禁止人格化和结果化,L1 十神冲突通道,CONFLICT-CF10-偏印暂停内化,通用,禁止推断,偏印,,偏印冲突通道被识别。,基础信号未定；真合化后原信号已失效；只有单一弱远争议信号；或该结论会越界到M4风险、M5适配。,由共享基础引擎与M3-STATE修正；日主承载只修正冲突处理的可执行性，不直接等于强硬或软弱。,不限定；夫妻星只在责任、行动、投入等冲突议题中参与接口，不作为CONFLICT唯一主轴。,由M3-BASE、日支主气及宫位动态提供；不得把日支直接写成配偶性格。,无／待CONFLICT顺序与路径规则组合,日柱与日支近位优先；全局有效独立信号可作次通道。,由共享基础引擎判定,由共享基础引擎判定,喜忌不直接等于冲突方式好坏；只修正调用顺畅度、资源压力和状态切换。,原十神性质有效；真合化成立时按化神所属功能系统重建。,由共享基础引擎判定,90,不加分；边界检查,boundary_note,不得直接写成冷漠、回避、神秘、拒绝沟通或故意不回应。,不得直接写成冷漠、回避、神秘、拒绝沟通或故意不回应，这里只描述处理顺序。,不得由本规则直接推出攻击、冷战、控制、情绪虐待、暴力、分手离婚、关系失败、人格或依恋类型；不得把某种分歧处理顺序等同于爱得更多或更少。风险与失衡需转入M4，适配需转入M5。不得直接写成冷漠、回避、神秘、拒绝沟通或故意不回应。,高,待验证,,provisional=true; channel=CF10; ten_god=偏印,0.6
M3-CONFLICT-091,FQ01 分歧启动速度｜A01 快速回应,L2 冲突过程维度,CONFLICT-过程维度,通用,维度状态,FQ01,,至少两类独立证据支持“快速回应”，或一类可靠近位信号与重复案例行为一致。,基础信号未定；真合化后原信号已失效；只有单一弱远争议信号；或该结论会越界到M4风险、M5适配。,由共享基础引擎与M3-STATE修正；日主承载只修正冲突处理的可执行性，不直接等于强硬或软弱。,不限定；夫妻星只在责任、行动、投入等冲突议题中参与接口，不作为CONFLICT唯一主轴。,由M3-BASE、日支主气及宫位动态提供；不得把日支直接写成配偶性格。,无／待CONFLICT顺序与路径规则组合,日柱与日支近位优先；全局有效独立信号可作次通道。,由共享基础引擎判定,由共享基础引擎判定,喜忌不直接等于冲突方式好坏；只修正调用顺畅度、资源压力和状态切换。,原十神性质有效；真合化成立时按化神所属功能系统重建。,由共享基础引擎判定,62,启动 +5,conflict_start_speed,分歧启动速度用于区分用户在分歧处理过程中的具体顺序。判断用户多快进入分歧处理，不等于确认关系的速度。,分歧一出现便较快表达、介入或处理。,不得由本规则直接推出攻击、冷战、控制、情绪虐待、暴力、分手离婚、关系失败、人格或依恋类型；不得把某种分歧处理顺序等同于爱得更多或更少。风险与失衡需转入M4，适配需转入M5。,中,待验证,,provisional=true; dimension=FQ01; state=A01,0.6
M3-CONFLICT-092,FQ01 分歧启动速度｜A02 观察后回应,L2 冲突过程维度,CONFLICT-过程维度,通用,维度状态,FQ01,,至少两类独立证据支持“观察后回应”，或一类可靠近位信号与重复案例行为一致。,基础信号未定；真合化后原信号已失效；只有单一弱远争议信号；或该结论会越界到M4风险、M5适配。,由共享基础引擎与M3-STATE修正；日主承载只修正冲突处理的可执行性，不直接等于强硬或软弱。,不限定；夫妻星只在责任、行动、投入等冲突议题中参与接口，不作为CONFLICT唯一主轴。,由M3-BASE、日支主气及宫位动态提供；不得把日支直接写成配偶性格。,无／待CONFLICT顺序与路径规则组合,日柱与日支近位优先；全局有效独立信号可作次通道。,由共享基础引擎判定,由共享基础引擎判定,喜忌不直接等于冲突方式好坏；只修正调用顺畅度、资源压力和状态切换。,原十神性质有效；真合化成立时按化神所属功能系统重建。,由共享基础引擎判定,62,启动 +5,conflict_start_speed,分歧启动速度用于区分用户在分歧处理过程中的具体顺序。判断用户多快进入分歧处理，不等于确认关系的速度。,先确认事实、对方状态或问题性质，再进入处理。,不得由本规则直接推出攻击、冷战、控制、情绪虐待、暴力、分手离婚、关系失败、人格或依恋类型；不得把某种分歧处理顺序等同于爱得更多或更少。风险与失衡需转入M4，适配需转入M5。,中,待验证,,provisional=true; dimension=FQ01; state=A02,0.6
M3-CONFLICT-093,FQ01 分歧启动速度｜A03 暂停后回应,L2 冲突过程维度,CONFLICT-过程维度,通用,维度状态,FQ01,,至少两类独立证据支持“暂停后回应”，或一类可靠近位信号与重复案例行为一致。,基础信号未定；真合化后原信号已失效；只有单一弱远争议信号；或该结论会越界到M4风险、M5适配。,由共享基础引擎与M3-STATE修正；日主承载只修正冲突处理的可执行性，不直接等于强硬或软弱。,不限定；夫妻星只在责任、行动、投入等冲突议题中参与接口，不作为CONFLICT唯一主轴。,由M3-BASE、日支主气及宫位动态提供；不得把日支直接写成配偶性格。,无／待CONFLICT顺序与路径规则组合,日柱与日支近位优先；全局有效独立信号可作次通道。,由共享基础引擎判定,由共享基础引擎判定,喜忌不直接等于冲突方式好坏；只修正调用顺畅度、资源压力和状态切换。,原十神性质有效；真合化成立时按化神所属功能系统重建。,由共享基础引擎判定,62,启动 +5,conflict_start_speed,分歧启动速度用于区分用户在分歧处理过程中的具体顺序。判断用户多快进入分歧处理，不等于确认关系的速度。,先进行短暂整理、降温或任务处理，随后回到分歧。,不得由本规则直接推出攻击、冷战、控制、情绪虐待、暴力、分手离婚、关系失败、人格或依恋类型；不得把某种分歧处理顺序等同于爱得更多或更少。风险与失衡需转入M4，适配需转入M5。,中,待验证,,provisional=true; dimension=FQ01; state=A03,0.6
M3-CONFLICT-094,FQ01 分歧启动速度｜A04 启动未定,L2 冲突过程维度,CONFLICT-过程维度,通用,维度状态,FQ01,,至少两类独立证据支持“启动未定”，或一类可靠近位信号与重复案例行为一致。,基础信号未定；真合化后原信号已失效；只有单一弱远争议信号；或该结论会越界到M4风险、M5适配。,由共享基础引擎与M3-STATE修正；日主承载只修正冲突处理的可执行性，不直接等于强硬或软弱。,不限定；夫妻星只在责任、行动、投入等冲突议题中参与接口，不作为CONFLICT唯一主轴。,由M3-BASE、日支主气及宫位动态提供；不得把日支直接写成配偶性格。,无／待CONFLICT顺序与路径规则组合,日柱与日支近位优先；全局有效独立信号可作次通道。,由共享基础引擎判定,由共享基础引擎判定,喜忌不直接等于冲突方式好坏；只修正调用顺畅度、资源压力和状态切换。,原十神性质有效；真合化成立时按化神所属功能系统重建。,由共享基础引擎判定,62,不加分；降置信,conflict_start_speed,分歧启动速度用于区分用户在分歧处理过程中的具体顺序。判断用户多快进入分歧处理，不等于确认关系的速度。,不同情境可能调用不同速度，现有证据不足以固定。,不得由本规则直接推出攻击、冷战、控制、情绪虐待、暴力、分手离婚、关系失败、人格或依恋类型；不得把某种分歧处理顺序等同于爱得更多或更少。风险与失衡需转入M4，适配需转入M5。,中,待验证,,provisional=true; dimension=FQ01; state=A04,0.6
M3-CONFLICT-095,FQ02 第一关注点｜B01 立场与权限,L2 冲突过程维度,CONFLICT-过程维度,通用,维度状态,FQ02,,至少两类独立证据支持“立场与权限”，或一类可靠近位信号与重复案例行为一致。,基础信号未定；真合化后原信号已失效；只有单一弱远争议信号；或该结论会越界到M4风险、M5适配。,由共享基础引擎与M3-STATE修正；日主承载只修正冲突处理的可执行性，不直接等于强硬或软弱。,不限定；夫妻星只在责任、行动、投入等冲突议题中参与接口，不作为CONFLICT唯一主轴。,由M3-BASE、日支主气及宫位动态提供；不得把日支直接写成配偶性格。,无／待CONFLICT顺序与路径规则组合,日柱与日支近位优先；全局有效独立信号可作次通道。,由共享基础引擎判定,由共享基础引擎判定,喜忌不直接等于冲突方式好坏；只修正调用顺畅度、资源压力和状态切换。,原十神性质有效；真合化成立时按化神所属功能系统重建。,由共享基础引擎判定,62,焦点 +5,attention_focus,第一关注点用于区分用户在分歧处理过程中的具体顺序。第一关注点不等于唯一关注点，后续仍可进入其他维度。,先确认双方观点、决定权和各自边界。,不得由本规则直接推出攻击、冷战、控制、情绪虐待、暴力、分手离婚、关系失败、人格或依恋类型；不得把某种分歧处理顺序等同于爱得更多或更少。风险与失衡需转入M4，适配需转入M5。,中,待验证,,provisional=true; dimension=FQ02; state=B01,0.6
M3-CONFLICT-096,FQ02 第一关注点｜B02 事实与逻辑,L2 冲突过程维度,CONFLICT-过程维度,通用,维度状态,FQ02,,至少两类独立证据支持“事实与逻辑”，或一类可靠近位信号与重复案例行为一致。,基础信号未定；真合化后原信号已失效；只有单一弱远争议信号；或该结论会越界到M4风险、M5适配。,由共享基础引擎与M3-STATE修正；日主承载只修正冲突处理的可执行性，不直接等于强硬或软弱。,不限定；夫妻星只在责任、行动、投入等冲突议题中参与接口，不作为CONFLICT唯一主轴。,由M3-BASE、日支主气及宫位动态提供；不得把日支直接写成配偶性格。,无／待CONFLICT顺序与路径规则组合,日柱与日支近位优先；全局有效独立信号可作次通道。,由共享基础引擎判定,由共享基础引擎判定,喜忌不直接等于冲突方式好坏；只修正调用顺畅度、资源压力和状态切换。,原十神性质有效；真合化成立时按化神所属功能系统重建。,由共享基础引擎判定,62,焦点 +5,attention_focus,第一关注点用于区分用户在分歧处理过程中的具体顺序。第一关注点不等于唯一关注点，后续仍可进入其他维度。,先核对发生了什么、信息是否一致、问题在哪里。,不得由本规则直接推出攻击、冷战、控制、情绪虐待、暴力、分手离婚、关系失败、人格或依恋类型；不得把某种分歧处理顺序等同于爱得更多或更少。风险与失衡需转入M4，适配需转入M5。,中,待验证,,provisional=true; dimension=FQ02; state=B02,0.6
M3-CONFLICT-097,FQ02 第一关注点｜B03 感受与背景,L2 冲突过程维度,CONFLICT-过程维度,通用,维度状态,FQ02,,至少两类独立证据支持“感受与背景”，或一类可靠近位信号与重复案例行为一致。,基础信号未定；真合化后原信号已失效；只有单一弱远争议信号；或该结论会越界到M4风险、M5适配。,由共享基础引擎与M3-STATE修正；日主承载只修正冲突处理的可执行性，不直接等于强硬或软弱。,不限定；夫妻星只在责任、行动、投入等冲突议题中参与接口，不作为CONFLICT唯一主轴。,由M3-BASE、日支主气及宫位动态提供；不得把日支直接写成配偶性格。,无／待CONFLICT顺序与路径规则组合,日柱与日支近位优先；全局有效独立信号可作次通道。,由共享基础引擎判定,由共享基础引擎判定,喜忌不直接等于冲突方式好坏；只修正调用顺畅度、资源压力和状态切换。,原十神性质有效；真合化成立时按化神所属功能系统重建。,由共享基础引擎判定,62,焦点 +5,attention_focus,第一关注点用于区分用户在分歧处理过程中的具体顺序。第一关注点不等于唯一关注点，后续仍可进入其他维度。,先确认双方感受、动机和为什么会这样反应。,不得由本规则直接推出攻击、冷战、控制、情绪虐待、暴力、分手离婚、关系失败、人格或依恋类型；不得把某种分歧处理顺序等同于爱得更多或更少。风险与失衡需转入M4，适配需转入M5。,中,待验证,,provisional=true; dimension=FQ02; state=B03,0.6
M3-CONFLICT-098,FQ02 第一关注点｜B04 任务与现实,L2 冲突过程维度,CONFLICT-过程维度,通用,维度状态,FQ02,,至少两类独立证据支持“任务与现实”，或一类可靠近位信号与重复案例行为一致。,基础信号未定；真合化后原信号已失效；只有单一弱远争议信号；或该结论会越界到M4风险、M5适配。,由共享基础引擎与M3-STATE修正；日主承载只修正冲突处理的可执行性，不直接等于强硬或软弱。,不限定；夫妻星只在责任、行动、投入等冲突议题中参与接口，不作为CONFLICT唯一主轴。,由M3-BASE、日支主气及宫位动态提供；不得把日支直接写成配偶性格。,无／待CONFLICT顺序与路径规则组合,日柱与日支近位优先；全局有效独立信号可作次通道。,由共享基础引擎判定,由共享基础引擎判定,喜忌不直接等于冲突方式好坏；只修正调用顺畅度、资源压力和状态切换。,原十神性质有效；真合化成立时按化神所属功能系统重建。,由共享基础引擎判定,62,焦点 +5,attention_focus,第一关注点用于区分用户在分歧处理过程中的具体顺序。第一关注点不等于唯一关注点，后续仍可进入其他维度。,先处理时间、资源、风险、责任或现实安排。,不得由本规则直接推出攻击、冷战、控制、情绪虐待、暴力、分手离婚、关系失败、人格或依恋类型；不得把某种分歧处理顺序等同于爱得更多或更少。风险与失衡需转入M4，适配需转入M5。,中,待验证,,provisional=true; dimension=FQ02; state=B04,0.6
M3-CONFLICT-099,FQ03 事实与情绪顺序｜C01 事实先于感受,L2 冲突过程维度,CONFLICT-过程维度,通用,维度状态,FQ03,,至少两类独立证据支持“事实先于感受”，或一类可靠近位信号与重复案例行为一致。,基础信号未定；真合化后原信号已失效；只有单一弱远争议信号；或该结论会越界到M4风险、M5适配。,由共享基础引擎与M3-STATE修正；日主承载只修正冲突处理的可执行性，不直接等于强硬或软弱。,不限定；夫妻星只在责任、行动、投入等冲突议题中参与接口，不作为CONFLICT唯一主轴。,由M3-BASE、日支主气及宫位动态提供；不得把日支直接写成配偶性格。,无／待CONFLICT顺序与路径规则组合,日柱与日支近位优先；全局有效独立信号可作次通道。,由共享基础引擎判定,由共享基础引擎判定,喜忌不直接等于冲突方式好坏；只修正调用顺畅度、资源压力和状态切换。,原十神性质有效；真合化成立时按化神所属功能系统重建。,由共享基础引擎判定,62,顺序 +6,fact_emotion_order,事实与情绪顺序用于区分用户在分歧处理过程中的具体顺序。解决问题与承接感受可以有先后，但不能把先后写成重视或不重视。,先把事实、逻辑或安排说清，再补情绪与理解。,不得由本规则直接推出攻击、冷战、控制、情绪虐待、暴力、分手离婚、关系失败、人格或依恋类型；不得把某种分歧处理顺序等同于爱得更多或更少。风险与失衡需转入M4，适配需转入M5。,中,待验证,,provisional=true; dimension=FQ03; state=C01,0.6
M3-CONFLICT-100,FQ03 事实与情绪顺序｜C02 感受先于事实,L2 冲突过程维度,CONFLICT-过程维度,通用,维度状态,FQ03,,至少两类独立证据支持“感受先于事实”，或一类可靠近位信号与重复案例行为一致。,基础信号未定；真合化后原信号已失效；只有单一弱远争议信号；或该结论会越界到M4风险、M5适配。,由共享基础引擎与M3-STATE修正；日主承载只修正冲突处理的可执行性，不直接等于强硬或软弱。,不限定；夫妻星只在责任、行动、投入等冲突议题中参与接口，不作为CONFLICT唯一主轴。,由M3-BASE、日支主气及宫位动态提供；不得把日支直接写成配偶性格。,无／待CONFLICT顺序与路径规则组合,日柱与日支近位优先；全局有效独立信号可作次通道。,由共享基础引擎判定,由共享基础引擎判定,喜忌不直接等于冲突方式好坏；只修正调用顺畅度、资源压力和状态切换。,原十神性质有效；真合化成立时按化神所属功能系统重建。,由共享基础引擎判定,62,顺序 +6,fact_emotion_order,事实与情绪顺序用于区分用户在分歧处理过程中的具体顺序。解决问题与承接感受可以有先后，但不能把先后写成重视或不重视。,先恢复理解和安全，再进入事实与方案。,不得由本规则直接推出攻击、冷战、控制、情绪虐待、暴力、分手离婚、关系失败、人格或依恋类型；不得把某种分歧处理顺序等同于爱得更多或更少。风险与失衡需转入M4，适配需转入M5。,中,待验证,,provisional=true; dimension=FQ03; state=C02,0.6
M3-CONFLICT-101,FQ03 事实与情绪顺序｜C03 事实情绪往返,L2 冲突过程维度,CONFLICT-过程维度,通用,维度状态,FQ03,,至少两类独立证据支持“事实情绪往返”，或一类可靠近位信号与重复案例行为一致。,基础信号未定；真合化后原信号已失效；只有单一弱远争议信号；或该结论会越界到M4风险、M5适配。,由共享基础引擎与M3-STATE修正；日主承载只修正冲突处理的可执行性，不直接等于强硬或软弱。,不限定；夫妻星只在责任、行动、投入等冲突议题中参与接口，不作为CONFLICT唯一主轴。,由M3-BASE、日支主气及宫位动态提供；不得把日支直接写成配偶性格。,无／待CONFLICT顺序与路径规则组合,日柱与日支近位优先；全局有效独立信号可作次通道。,由共享基础引擎判定,由共享基础引擎判定,喜忌不直接等于冲突方式好坏；只修正调用顺畅度、资源压力和状态切换。,原十神性质有效；真合化成立时按化神所属功能系统重建。,由共享基础引擎判定,62,顺序 +6,fact_emotion_order,事实与情绪顺序用于区分用户在分歧处理过程中的具体顺序。解决问题与承接感受可以有先后，但不能把先后写成重视或不重视。,事实和感受反复校准，不固定只走单向。,不得由本规则直接推出攻击、冷战、控制、情绪虐待、暴力、分手离婚、关系失败、人格或依恋类型；不得把某种分歧处理顺序等同于爱得更多或更少。风险与失衡需转入M4，适配需转入M5。,中,待验证,,provisional=true; dimension=FQ03; state=C03,0.6
M3-CONFLICT-102,FQ03 事实与情绪顺序｜C04 顺序未定,L2 冲突过程维度,CONFLICT-过程维度,通用,维度状态,FQ03,,至少两类独立证据支持“顺序未定”，或一类可靠近位信号与重复案例行为一致。,基础信号未定；真合化后原信号已失效；只有单一弱远争议信号；或该结论会越界到M4风险、M5适配。,由共享基础引擎与M3-STATE修正；日主承载只修正冲突处理的可执行性，不直接等于强硬或软弱。,不限定；夫妻星只在责任、行动、投入等冲突议题中参与接口，不作为CONFLICT唯一主轴。,由M3-BASE、日支主气及宫位动态提供；不得把日支直接写成配偶性格。,无／待CONFLICT顺序与路径规则组合,日柱与日支近位优先；全局有效独立信号可作次通道。,由共享基础引擎判定,由共享基础引擎判定,喜忌不直接等于冲突方式好坏；只修正调用顺畅度、资源压力和状态切换。,原十神性质有效；真合化成立时按化神所属功能系统重建。,由共享基础引擎判定,62,不加分；降置信,fact_emotion_order,事实与情绪顺序用于区分用户在分歧处理过程中的具体顺序。解决问题与承接感受可以有先后，但不能把先后写成重视或不重视。,现有证据不足，或不同压力情境会改变顺序。,不得由本规则直接推出攻击、冷战、控制、情绪虐待、暴力、分手离婚、关系失败、人格或依恋类型；不得把某种分歧处理顺序等同于爱得更多或更少。风险与失衡需转入M4，适配需转入M5。,中,待验证,,provisional=true; dimension=FQ03; state=C04,0.6
M3-CONFLICT-103,FQ04 立场与需求表达｜D01 直接具体,L2 冲突过程维度,CONFLICT-过程维度,通用,维度状态,FQ04,,至少两类独立证据支持“直接具体”，或一类可靠近位信号与重复案例行为一致。,基础信号未定；真合化后原信号已失效；只有单一弱远争议信号；或该结论会越界到M4风险、M5适配。,由共享基础引擎与M3-STATE修正；日主承载只修正冲突处理的可执行性，不直接等于强硬或软弱。,不限定；夫妻星只在责任、行动、投入等冲突议题中参与接口，不作为CONFLICT唯一主轴。,由M3-BASE、日支主气及宫位动态提供；不得把日支直接写成配偶性格。,无／待CONFLICT顺序与路径规则组合,日柱与日支近位优先；全局有效独立信号可作次通道。,由共享基础引擎判定,由共享基础引擎判定,喜忌不直接等于冲突方式好坏；只修正调用顺畅度、资源压力和状态切换。,原十神性质有效；真合化成立时按化神所属功能系统重建。,由共享基础引擎判定,62,表达 +5,position_expression,立场与需求表达用于区分用户在分歧处理过程中的具体顺序。表达方式不等于现实边界执行，后者继续看BOUND。,直接说明不同意、需要、范围或希望怎样调整。,不得由本规则直接推出攻击、冷战、控制、情绪虐待、暴力、分手离婚、关系失败、人格或依恋类型；不得把某种分歧处理顺序等同于爱得更多或更少。风险与失衡需转入M4，适配需转入M5。,中,待验证,,provisional=true; dimension=FQ04; state=D01,0.6
M3-CONFLICT-104,FQ04 立场与需求表达｜D02 解释背景,L2 冲突过程维度,CONFLICT-过程维度,通用,维度状态,FQ04,,至少两类独立证据支持“解释背景”，或一类可靠近位信号与重复案例行为一致。,基础信号未定；真合化后原信号已失效；只有单一弱远争议信号；或该结论会越界到M4风险、M5适配。,由共享基础引擎与M3-STATE修正；日主承载只修正冲突处理的可执行性，不直接等于强硬或软弱。,不限定；夫妻星只在责任、行动、投入等冲突议题中参与接口，不作为CONFLICT唯一主轴。,由M3-BASE、日支主气及宫位动态提供；不得把日支直接写成配偶性格。,无／待CONFLICT顺序与路径规则组合,日柱与日支近位优先；全局有效独立信号可作次通道。,由共享基础引擎判定,由共享基础引擎判定,喜忌不直接等于冲突方式好坏；只修正调用顺畅度、资源压力和状态切换。,原十神性质有效；真合化成立时按化神所属功能系统重建。,由共享基础引擎判定,62,表达 +5,position_expression,立场与需求表达用于区分用户在分歧处理过程中的具体顺序。表达方式不等于现实边界执行，后者继续看BOUND。,先说明原因、感受和上下文，再提出立场。,不得由本规则直接推出攻击、冷战、控制、情绪虐待、暴力、分手离婚、关系失败、人格或依恋类型；不得把某种分歧处理顺序等同于爱得更多或更少。风险与失衡需转入M4，适配需转入M5。,中,待验证,,provisional=true; dimension=FQ04; state=D02,0.6
M3-CONFLICT-105,FQ04 立场与需求表达｜D03 行动带出,L2 冲突过程维度,CONFLICT-过程维度,通用,维度状态,FQ04,,至少两类独立证据支持“行动带出”，或一类可靠近位信号与重复案例行为一致。,基础信号未定；真合化后原信号已失效；只有单一弱远争议信号；或该结论会越界到M4风险、M5适配。,由共享基础引擎与M3-STATE修正；日主承载只修正冲突处理的可执行性，不直接等于强硬或软弱。,不限定；夫妻星只在责任、行动、投入等冲突议题中参与接口，不作为CONFLICT唯一主轴。,由M3-BASE、日支主气及宫位动态提供；不得把日支直接写成配偶性格。,无／待CONFLICT顺序与路径规则组合,日柱与日支近位优先；全局有效独立信号可作次通道。,由共享基础引擎判定,由共享基础引擎判定,喜忌不直接等于冲突方式好坏；只修正调用顺畅度、资源压力和状态切换。,原十神性质有效；真合化成立时按化神所属功能系统重建。,由共享基础引擎判定,62,表达 +5,position_expression,立场与需求表达用于区分用户在分歧处理过程中的具体顺序。表达方式不等于现实边界执行，后者继续看BOUND。,通过停止、调整安排、共同任务或实际选择表达立场。,不得由本规则直接推出攻击、冷战、控制、情绪虐待、暴力、分手离婚、关系失败、人格或依恋类型；不得把某种分歧处理顺序等同于爱得更多或更少。风险与失衡需转入M4，适配需转入M5。,中,待验证,,provisional=true; dimension=FQ04; state=D03,0.6
M3-CONFLICT-106,FQ04 立场与需求表达｜D04 先内部整理,L2 冲突过程维度,CONFLICT-过程维度,通用,维度状态,FQ04,,至少两类独立证据支持“先内部整理”，或一类可靠近位信号与重复案例行为一致。,基础信号未定；真合化后原信号已失效；只有单一弱远争议信号；或该结论会越界到M4风险、M5适配。,由共享基础引擎与M3-STATE修正；日主承载只修正冲突处理的可执行性，不直接等于强硬或软弱。,不限定；夫妻星只在责任、行动、投入等冲突议题中参与接口，不作为CONFLICT唯一主轴。,由M3-BASE、日支主气及宫位动态提供；不得把日支直接写成配偶性格。,无／待CONFLICT顺序与路径规则组合,日柱与日支近位优先；全局有效独立信号可作次通道。,由共享基础引擎判定,由共享基础引擎判定,喜忌不直接等于冲突方式好坏；只修正调用顺畅度、资源压力和状态切换。,原十神性质有效；真合化成立时按化神所属功能系统重建。,由共享基础引擎判定,62,表达 +5,position_expression,立场与需求表达用于区分用户在分歧处理过程中的具体顺序。表达方式不等于现实边界执行，后者继续看BOUND。,先想清楚真正立场和优先级，再选择性说明。,不得由本规则直接推出攻击、冷战、控制、情绪虐待、暴力、分手离婚、关系失败、人格或依恋类型；不得把某种分歧处理顺序等同于爱得更多或更少。风险与失衡需转入M4，适配需转入M5。,中,待验证,,provisional=true; dimension=FQ04; state=D04,0.6
M3-CONFLICT-107,FQ05 责任归属处理｜E01 对照约定,L2 冲突过程维度,CONFLICT-过程维度,通用,维度状态,FQ05,,至少两类独立证据支持“对照约定”，或一类可靠近位信号与重复案例行为一致。,基础信号未定；真合化后原信号已失效；只有单一弱远争议信号；或该结论会越界到M4风险、M5适配。,由共享基础引擎与M3-STATE修正；日主承载只修正冲突处理的可执行性，不直接等于强硬或软弱。,不限定；夫妻星只在责任、行动、投入等冲突议题中参与接口，不作为CONFLICT唯一主轴。,由M3-BASE、日支主气及宫位动态提供；不得把日支直接写成配偶性格。,无／待CONFLICT顺序与路径规则组合,日柱与日支近位优先；全局有效独立信号可作次通道。,由共享基础引擎判定,由共享基础引擎判定,喜忌不直接等于冲突方式好坏；只修正调用顺畅度、资源压力和状态切换。,原十神性质有效；真合化成立时按化神所属功能系统重建。,由共享基础引擎判定,62,责任 +5,responsibility_handling,责任归属处理用于区分用户在分歧处理过程中的具体顺序。责任处理不等于追责，也不等于一定要判出谁对谁错。,回到承诺、规则和原先分工确认责任。,不得由本规则直接推出攻击、冷战、控制、情绪虐待、暴力、分手离婚、关系失败、人格或依恋类型；不得把某种分歧处理顺序等同于爱得更多或更少。风险与失衡需转入M4，适配需转入M5。,中,待验证,,provisional=true; dimension=FQ05; state=E01,0.6
M3-CONFLICT-108,FQ05 责任归属处理｜E02 共同拆分,L2 冲突过程维度,CONFLICT-过程维度,通用,维度状态,FQ05,,至少两类独立证据支持“共同拆分”，或一类可靠近位信号与重复案例行为一致。,基础信号未定；真合化后原信号已失效；只有单一弱远争议信号；或该结论会越界到M4风险、M5适配。,由共享基础引擎与M3-STATE修正；日主承载只修正冲突处理的可执行性，不直接等于强硬或软弱。,不限定；夫妻星只在责任、行动、投入等冲突议题中参与接口，不作为CONFLICT唯一主轴。,由M3-BASE、日支主气及宫位动态提供；不得把日支直接写成配偶性格。,无／待CONFLICT顺序与路径规则组合,日柱与日支近位优先；全局有效独立信号可作次通道。,由共享基础引擎判定,由共享基础引擎判定,喜忌不直接等于冲突方式好坏；只修正调用顺畅度、资源压力和状态切换。,原十神性质有效；真合化成立时按化神所属功能系统重建。,由共享基础引擎判定,62,责任 +5,responsibility_handling,责任归属处理用于区分用户在分歧处理过程中的具体顺序。责任处理不等于追责，也不等于一定要判出谁对谁错。,把问题拆成双方各自负责和共同负责的部分。,不得由本规则直接推出攻击、冷战、控制、情绪虐待、暴力、分手离婚、关系失败、人格或依恋类型；不得把某种分歧处理顺序等同于爱得更多或更少。风险与失衡需转入M4，适配需转入M5。,中,待验证,,provisional=true; dimension=FQ05; state=E02,0.6
M3-CONFLICT-109,FQ05 责任归属处理｜E03 按事件调整,L2 冲突过程维度,CONFLICT-过程维度,通用,维度状态,FQ05,,至少两类独立证据支持“按事件调整”，或一类可靠近位信号与重复案例行为一致。,基础信号未定；真合化后原信号已失效；只有单一弱远争议信号；或该结论会越界到M4风险、M5适配。,由共享基础引擎与M3-STATE修正；日主承载只修正冲突处理的可执行性，不直接等于强硬或软弱。,不限定；夫妻星只在责任、行动、投入等冲突议题中参与接口，不作为CONFLICT唯一主轴。,由M3-BASE、日支主气及宫位动态提供；不得把日支直接写成配偶性格。,无／待CONFLICT顺序与路径规则组合,日柱与日支近位优先；全局有效独立信号可作次通道。,由共享基础引擎判定,由共享基础引擎判定,喜忌不直接等于冲突方式好坏；只修正调用顺畅度、资源压力和状态切换。,原十神性质有效；真合化成立时按化神所属功能系统重建。,由共享基础引擎判定,62,责任 +5,responsibility_handling,责任归属处理用于区分用户在分歧处理过程中的具体顺序。责任处理不等于追责，也不等于一定要判出谁对谁错。,不机械套旧规则，根据当次情境重新分配。,不得由本规则直接推出攻击、冷战、控制、情绪虐待、暴力、分手离婚、关系失败、人格或依恋类型；不得把某种分歧处理顺序等同于爱得更多或更少。风险与失衡需转入M4，适配需转入M5。,中,待验证,,provisional=true; dimension=FQ05; state=E03,0.6
M3-CONFLICT-110,FQ05 责任归属处理｜E04 责任未定,L2 冲突过程维度,CONFLICT-过程维度,通用,维度状态,FQ05,,至少两类独立证据支持“责任未定”，或一类可靠近位信号与重复案例行为一致。,基础信号未定；真合化后原信号已失效；只有单一弱远争议信号；或该结论会越界到M4风险、M5适配。,由共享基础引擎与M3-STATE修正；日主承载只修正冲突处理的可执行性，不直接等于强硬或软弱。,不限定；夫妻星只在责任、行动、投入等冲突议题中参与接口，不作为CONFLICT唯一主轴。,由M3-BASE、日支主气及宫位动态提供；不得把日支直接写成配偶性格。,无／待CONFLICT顺序与路径规则组合,日柱与日支近位优先；全局有效独立信号可作次通道。,由共享基础引擎判定,由共享基础引擎判定,喜忌不直接等于冲突方式好坏；只修正调用顺畅度、资源压力和状态切换。,原十神性质有效；真合化成立时按化神所属功能系统重建。,由共享基础引擎判定,62,不加分；降置信,responsibility_handling,责任归属处理用于区分用户在分歧处理过程中的具体顺序。责任处理不等于追责，也不等于一定要判出谁对谁错。,责任界面不清或证据不足，暂不固定。,不得由本规则直接推出攻击、冷战、控制、情绪虐待、暴力、分手离婚、关系失败、人格或依恋类型；不得把某种分歧处理顺序等同于爱得更多或更少。风险与失衡需转入M4，适配需转入M5。,中,待验证,,provisional=true; dimension=FQ05; state=E04,0.6
M3-CONFLICT-111,FQ06 解决方案生成｜F01 明确单案,L2 冲突过程维度,CONFLICT-过程维度,通用,维度状态,FQ06,,至少两类独立证据支持“明确单案”，或一类可靠近位信号与重复案例行为一致。,基础信号未定；真合化后原信号已失效；只有单一弱远争议信号；或该结论会越界到M4风险、M5适配。,由共享基础引擎与M3-STATE修正；日主承载只修正冲突处理的可执行性，不直接等于强硬或软弱。,不限定；夫妻星只在责任、行动、投入等冲突议题中参与接口，不作为CONFLICT唯一主轴。,由M3-BASE、日支主气及宫位动态提供；不得把日支直接写成配偶性格。,无／待CONFLICT顺序与路径规则组合,日柱与日支近位优先；全局有效独立信号可作次通道。,由共享基础引擎判定,由共享基础引擎判定,喜忌不直接等于冲突方式好坏；只修正调用顺畅度、资源压力和状态切换。,原十神性质有效；真合化成立时按化神所属功能系统重建。,由共享基础引擎判定,62,方案 +5,solution_style,解决方案生成用于区分用户在分歧处理过程中的具体顺序。方案速度不等于关系修复速度。,倾向尽快形成一个清楚、可执行的方案。,不得由本规则直接推出攻击、冷战、控制、情绪虐待、暴力、分手离婚、关系失败、人格或依恋类型；不得把某种分歧处理顺序等同于爱得更多或更少。风险与失衡需转入M4，适配需转入M5。,中,待验证,,provisional=true; dimension=FQ06; state=F01,0.6
M3-CONFLICT-112,FQ06 解决方案生成｜F02 多案协商,L2 冲突过程维度,CONFLICT-过程维度,通用,维度状态,FQ06,,至少两类独立证据支持“多案协商”，或一类可靠近位信号与重复案例行为一致。,基础信号未定；真合化后原信号已失效；只有单一弱远争议信号；或该结论会越界到M4风险、M5适配。,由共享基础引擎与M3-STATE修正；日主承载只修正冲突处理的可执行性，不直接等于强硬或软弱。,不限定；夫妻星只在责任、行动、投入等冲突议题中参与接口，不作为CONFLICT唯一主轴。,由M3-BASE、日支主气及宫位动态提供；不得把日支直接写成配偶性格。,无／待CONFLICT顺序与路径规则组合,日柱与日支近位优先；全局有效独立信号可作次通道。,由共享基础引擎判定,由共享基础引擎判定,喜忌不直接等于冲突方式好坏；只修正调用顺畅度、资源压力和状态切换。,原十神性质有效；真合化成立时按化神所属功能系统重建。,由共享基础引擎判定,62,方案 +5,solution_style,解决方案生成用于区分用户在分歧处理过程中的具体顺序。方案速度不等于关系修复速度。,提出多个选择，再由双方比较和决定。,不得由本规则直接推出攻击、冷战、控制、情绪虐待、暴力、分手离婚、关系失败、人格或依恋类型；不得把某种分歧处理顺序等同于爱得更多或更少。风险与失衡需转入M4，适配需转入M5。,中,待验证,,provisional=true; dimension=FQ06; state=F02,0.6
M3-CONFLICT-113,FQ06 解决方案生成｜F03 先试后调,L2 冲突过程维度,CONFLICT-过程维度,通用,维度状态,FQ06,,至少两类独立证据支持“先试后调”，或一类可靠近位信号与重复案例行为一致。,基础信号未定；真合化后原信号已失效；只有单一弱远争议信号；或该结论会越界到M4风险、M5适配。,由共享基础引擎与M3-STATE修正；日主承载只修正冲突处理的可执行性，不直接等于强硬或软弱。,不限定；夫妻星只在责任、行动、投入等冲突议题中参与接口，不作为CONFLICT唯一主轴。,由M3-BASE、日支主气及宫位动态提供；不得把日支直接写成配偶性格。,无／待CONFLICT顺序与路径规则组合,日柱与日支近位优先；全局有效独立信号可作次通道。,由共享基础引擎判定,由共享基础引擎判定,喜忌不直接等于冲突方式好坏；只修正调用顺畅度、资源压力和状态切换。,原十神性质有效；真合化成立时按化神所属功能系统重建。,由共享基础引擎判定,62,方案 +5,solution_style,解决方案生成用于区分用户在分歧处理过程中的具体顺序。方案速度不等于关系修复速度。,先做一个可逆的小调整，再根据结果修订。,不得由本规则直接推出攻击、冷战、控制、情绪虐待、暴力、分手离婚、关系失败、人格或依恋类型；不得把某种分歧处理顺序等同于爱得更多或更少。风险与失衡需转入M4，适配需转入M5。,中,待验证,,provisional=true; dimension=FQ06; state=F03,0.6
M3-CONFLICT-114,FQ06 解决方案生成｜F04 方案未定,L2 冲突过程维度,CONFLICT-过程维度,通用,维度状态,FQ06,,至少两类独立证据支持“方案未定”，或一类可靠近位信号与重复案例行为一致。,基础信号未定；真合化后原信号已失效；只有单一弱远争议信号；或该结论会越界到M4风险、M5适配。,由共享基础引擎与M3-STATE修正；日主承载只修正冲突处理的可执行性，不直接等于强硬或软弱。,不限定；夫妻星只在责任、行动、投入等冲突议题中参与接口，不作为CONFLICT唯一主轴。,由M3-BASE、日支主气及宫位动态提供；不得把日支直接写成配偶性格。,无／待CONFLICT顺序与路径规则组合,日柱与日支近位优先；全局有效独立信号可作次通道。,由共享基础引擎判定,由共享基础引擎判定,喜忌不直接等于冲突方式好坏；只修正调用顺畅度、资源压力和状态切换。,原十神性质有效；真合化成立时按化神所属功能系统重建。,由共享基础引擎判定,62,不加分；降置信,solution_style,解决方案生成用于区分用户在分歧处理过程中的具体顺序。方案速度不等于关系修复速度。,目前只能说明需要解决，无法固定方案风格。,不得由本规则直接推出攻击、冷战、控制、情绪虐待、暴力、分手离婚、关系失败、人格或依恋类型；不得把某种分歧处理顺序等同于爱得更多或更少。风险与失衡需转入M4，适配需转入M5。,中,待验证,,provisional=true; dimension=FQ06; state=F04,0.6
M3-CONFLICT-115,FQ07 暂停使用方式｜G01 短暂停顿,L2 冲突过程维度,CONFLICT-过程维度,通用,维度状态,FQ07,,至少两类独立证据支持“短暂停顿”，或一类可靠近位信号与重复案例行为一致。,基础信号未定；真合化后原信号已失效；只有单一弱远争议信号；或该结论会越界到M4风险、M5适配。,由共享基础引擎与M3-STATE修正；日主承载只修正冲突处理的可执行性，不直接等于强硬或软弱。,不限定；夫妻星只在责任、行动、投入等冲突议题中参与接口，不作为CONFLICT唯一主轴。,由M3-BASE、日支主气及宫位动态提供；不得把日支直接写成配偶性格。,无／待CONFLICT顺序与路径规则组合,日柱与日支近位优先；全局有效独立信号可作次通道。,由共享基础引擎判定,由共享基础引擎判定,喜忌不直接等于冲突方式好坏；只修正调用顺畅度、资源压力和状态切换。,原十神性质有效；真合化成立时按化神所属功能系统重建。,由共享基础引擎判定,62,暂停 +5,pause_style,暂停使用方式用于区分用户在分歧处理过程中的具体顺序。暂停必须包含目的和回归路径，不能直接写成冷战。,短时间整理或降温，随后回到原问题。,不得由本规则直接推出攻击、冷战、控制、情绪虐待、暴力、分手离婚、关系失败、人格或依恋类型；不得把某种分歧处理顺序等同于爱得更多或更少。风险与失衡需转入M4，适配需转入M5。,中,待验证,,provisional=true; dimension=FQ07; state=G01,0.6
M3-CONFLICT-116,FQ07 暂停使用方式｜G02 任务处理后回归,L2 冲突过程维度,CONFLICT-过程维度,通用,维度状态,FQ07,,至少两类独立证据支持“任务处理后回归”，或一类可靠近位信号与重复案例行为一致。,基础信号未定；真合化后原信号已失效；只有单一弱远争议信号；或该结论会越界到M4风险、M5适配。,由共享基础引擎与M3-STATE修正；日主承载只修正冲突处理的可执行性，不直接等于强硬或软弱。,不限定；夫妻星只在责任、行动、投入等冲突议题中参与接口，不作为CONFLICT唯一主轴。,由M3-BASE、日支主气及宫位动态提供；不得把日支直接写成配偶性格。,无／待CONFLICT顺序与路径规则组合,日柱与日支近位优先；全局有效独立信号可作次通道。,由共享基础引擎判定,由共享基础引擎判定,喜忌不直接等于冲突方式好坏；只修正调用顺畅度、资源压力和状态切换。,原十神性质有效；真合化成立时按化神所属功能系统重建。,由共享基础引擎判定,62,暂停 +5,pause_style,暂停使用方式用于区分用户在分歧处理过程中的具体顺序。暂停必须包含目的和回归路径，不能直接写成冷战。,先处理紧急现实或行动部分，再回到沟通。,不得由本规则直接推出攻击、冷战、控制、情绪虐待、暴力、分手离婚、关系失败、人格或依恋类型；不得把某种分歧处理顺序等同于爱得更多或更少。风险与失衡需转入M4，适配需转入M5。,中,待验证,,provisional=true; dimension=FQ07; state=G02,0.6
M3-CONFLICT-117,FQ07 暂停使用方式｜G03 安全恢复后回归,L2 冲突过程维度,CONFLICT-过程维度,通用,维度状态,FQ07,,至少两类独立证据支持“安全恢复后回归”，或一类可靠近位信号与重复案例行为一致。,基础信号未定；真合化后原信号已失效；只有单一弱远争议信号；或该结论会越界到M4风险、M5适配。,由共享基础引擎与M3-STATE修正；日主承载只修正冲突处理的可执行性，不直接等于强硬或软弱。,不限定；夫妻星只在责任、行动、投入等冲突议题中参与接口，不作为CONFLICT唯一主轴。,由M3-BASE、日支主气及宫位动态提供；不得把日支直接写成配偶性格。,无／待CONFLICT顺序与路径规则组合,日柱与日支近位优先；全局有效独立信号可作次通道。,由共享基础引擎判定,由共享基础引擎判定,喜忌不直接等于冲突方式好坏；只修正调用顺畅度、资源压力和状态切换。,原十神性质有效；真合化成立时按化神所属功能系统重建。,由共享基础引擎判定,62,暂停 +5,pause_style,暂停使用方式用于区分用户在分歧处理过程中的具体顺序。暂停必须包含目的和回归路径，不能直接写成冷战。,先恢复被理解、可交流或情绪稳定，再继续。,不得由本规则直接推出攻击、冷战、控制、情绪虐待、暴力、分手离婚、关系失败、人格或依恋类型；不得把某种分歧处理顺序等同于爱得更多或更少。风险与失衡需转入M4，适配需转入M5。,中,待验证,,provisional=true; dimension=FQ07; state=G03,0.6
M3-CONFLICT-118,FQ07 暂停使用方式｜G04 暂停未定,L2 冲突过程维度,CONFLICT-过程维度,通用,维度状态,FQ07,,至少两类独立证据支持“暂停未定”，或一类可靠近位信号与重复案例行为一致。,基础信号未定；真合化后原信号已失效；只有单一弱远争议信号；或该结论会越界到M4风险、M5适配。,由共享基础引擎与M3-STATE修正；日主承载只修正冲突处理的可执行性，不直接等于强硬或软弱。,不限定；夫妻星只在责任、行动、投入等冲突议题中参与接口，不作为CONFLICT唯一主轴。,由M3-BASE、日支主气及宫位动态提供；不得把日支直接写成配偶性格。,无／待CONFLICT顺序与路径规则组合,日柱与日支近位优先；全局有效独立信号可作次通道。,由共享基础引擎判定,由共享基础引擎判定,喜忌不直接等于冲突方式好坏；只修正调用顺畅度、资源压力和状态切换。,原十神性质有效；真合化成立时按化神所属功能系统重建。,由共享基础引擎判定,62,不加分；路由REPAIR,pause_style,暂停使用方式用于区分用户在分歧处理过程中的具体顺序。暂停必须包含目的和回归路径，不能直接写成冷战。,有暂停需要，但回归时间和条件仍需REPAIR判断。,不得由本规则直接推出攻击、冷战、控制、情绪虐待、暴力、分手离婚、关系失败、人格或依恋类型；不得把某种分歧处理顺序等同于爱得更多或更少。风险与失衡需转入M4，适配需转入M5。,中,待验证,,provisional=true; dimension=FQ07; state=G04,0.6
M3-CONFLICT-119,FQ08 接收对方回应｜H01 先听完整,L2 冲突过程维度,CONFLICT-过程维度,通用,维度状态,FQ08,,至少两类独立证据支持“先听完整”，或一类可靠近位信号与重复案例行为一致。,基础信号未定；真合化后原信号已失效；只有单一弱远争议信号；或该结论会越界到M4风险、M5适配。,由共享基础引擎与M3-STATE修正；日主承载只修正冲突处理的可执行性，不直接等于强硬或软弱。,不限定；夫妻星只在责任、行动、投入等冲突议题中参与接口，不作为CONFLICT唯一主轴。,由M3-BASE、日支主气及宫位动态提供；不得把日支直接写成配偶性格。,无／待CONFLICT顺序与路径规则组合,日柱与日支近位优先；全局有效独立信号可作次通道。,由共享基础引擎判定,由共享基础引擎判定,喜忌不直接等于冲突方式好坏；只修正调用顺畅度、资源压力和状态切换。,原十神性质有效；真合化成立时按化神所属功能系统重建。,由共享基础引擎判定,62,接收 +5,response_reception,接收对方回应用于区分用户在分歧处理过程中的具体顺序。倾听不等于认同，验证也不等于不信任。,先让对方把感受、事实和立场说完整，再回应。,不得由本规则直接推出攻击、冷战、控制、情绪虐待、暴力、分手离婚、关系失败、人格或依恋类型；不得把某种分歧处理顺序等同于爱得更多或更少。风险与失衡需转入M4，适配需转入M5。,中,待验证,,provisional=true; dimension=FQ08; state=H01,0.6
M3-CONFLICT-120,FQ08 接收对方回应｜H02 边听边校准,L2 冲突过程维度,CONFLICT-过程维度,通用,维度状态,FQ08,,至少两类独立证据支持“边听边校准”，或一类可靠近位信号与重复案例行为一致。,基础信号未定；真合化后原信号已失效；只有单一弱远争议信号；或该结论会越界到M4风险、M5适配。,由共享基础引擎与M3-STATE修正；日主承载只修正冲突处理的可执行性，不直接等于强硬或软弱。,不限定；夫妻星只在责任、行动、投入等冲突议题中参与接口，不作为CONFLICT唯一主轴。,由M3-BASE、日支主气及宫位动态提供；不得把日支直接写成配偶性格。,无／待CONFLICT顺序与路径规则组合,日柱与日支近位优先；全局有效独立信号可作次通道。,由共享基础引擎判定,由共享基础引擎判定,喜忌不直接等于冲突方式好坏；只修正调用顺畅度、资源压力和状态切换。,原十神性质有效；真合化成立时按化神所属功能系统重建。,由共享基础引擎判定,62,接收 +5,response_reception,接收对方回应用于区分用户在分歧处理过程中的具体顺序。倾听不等于认同，验证也不等于不信任。,在对话中即时提问、澄清和修正理解。,不得由本规则直接推出攻击、冷战、控制、情绪虐待、暴力、分手离婚、关系失败、人格或依恋类型；不得把某种分歧处理顺序等同于爱得更多或更少。风险与失衡需转入M4，适配需转入M5。,中,待验证,,provisional=true; dimension=FQ08; state=H02,0.6
M3-CONFLICT-121,FQ08 接收对方回应｜H03 先验证事实,L2 冲突过程维度,CONFLICT-过程维度,通用,维度状态,FQ08,,至少两类独立证据支持“先验证事实”，或一类可靠近位信号与重复案例行为一致。,基础信号未定；真合化后原信号已失效；只有单一弱远争议信号；或该结论会越界到M4风险、M5适配。,由共享基础引擎与M3-STATE修正；日主承载只修正冲突处理的可执行性，不直接等于强硬或软弱。,不限定；夫妻星只在责任、行动、投入等冲突议题中参与接口，不作为CONFLICT唯一主轴。,由M3-BASE、日支主气及宫位动态提供；不得把日支直接写成配偶性格。,无／待CONFLICT顺序与路径规则组合,日柱与日支近位优先；全局有效独立信号可作次通道。,由共享基础引擎判定,由共享基础引擎判定,喜忌不直接等于冲突方式好坏；只修正调用顺畅度、资源压力和状态切换。,原十神性质有效；真合化成立时按化神所属功能系统重建。,由共享基础引擎判定,62,接收 +5,response_reception,接收对方回应用于区分用户在分歧处理过程中的具体顺序。倾听不等于认同，验证也不等于不信任。,先核对具体行为、安排或证据，再接收解释。,不得由本规则直接推出攻击、冷战、控制、情绪虐待、暴力、分手离婚、关系失败、人格或依恋类型；不得把某种分歧处理顺序等同于爱得更多或更少。风险与失衡需转入M4，适配需转入M5。,中,待验证,,provisional=true; dimension=FQ08; state=H03,0.6
M3-CONFLICT-122,FQ08 接收对方回应｜H04 接收未定,L2 冲突过程维度,CONFLICT-过程维度,通用,维度状态,FQ08,,至少两类独立证据支持“接收未定”，或一类可靠近位信号与重复案例行为一致。,基础信号未定；真合化后原信号已失效；只有单一弱远争议信号；或该结论会越界到M4风险、M5适配。,由共享基础引擎与M3-STATE修正；日主承载只修正冲突处理的可执行性，不直接等于强硬或软弱。,不限定；夫妻星只在责任、行动、投入等冲突议题中参与接口，不作为CONFLICT唯一主轴。,由M3-BASE、日支主气及宫位动态提供；不得把日支直接写成配偶性格。,无／待CONFLICT顺序与路径规则组合,日柱与日支近位优先；全局有效独立信号可作次通道。,由共享基础引擎判定,由共享基础引擎判定,喜忌不直接等于冲突方式好坏；只修正调用顺畅度、资源压力和状态切换。,原十神性质有效；真合化成立时按化神所属功能系统重建。,由共享基础引擎判定,62,不加分；降置信,response_reception,接收对方回应用于区分用户在分歧处理过程中的具体顺序。倾听不等于认同，验证也不等于不信任。,不同议题会使用不同接收方式，现有证据不足。,不得由本规则直接推出攻击、冷战、控制、情绪虐待、暴力、分手离婚、关系失败、人格或依恋类型；不得把某种分歧处理顺序等同于爱得更多或更少。风险与失衡需转入M4，适配需转入M5。,中,待验证,,provisional=true; dimension=FQ08; state=H04,0.6
M3-CONFLICT-123,FQ09 分歧阶段结束条件｜I01 事实说清,L2 冲突过程维度,CONFLICT-过程维度,通用,维度状态,FQ09,,至少两类独立证据支持“事实说清”，或一类可靠近位信号与重复案例行为一致。,基础信号未定；真合化后原信号已失效；只有单一弱远争议信号；或该结论会越界到M4风险、M5适配。,由共享基础引擎与M3-STATE修正；日主承载只修正冲突处理的可执行性，不直接等于强硬或软弱。,不限定；夫妻星只在责任、行动、投入等冲突议题中参与接口，不作为CONFLICT唯一主轴。,由M3-BASE、日支主气及宫位动态提供；不得把日支直接写成配偶性格。,无／待CONFLICT顺序与路径规则组合,日柱与日支近位优先；全局有效独立信号可作次通道。,由共享基础引擎判定,由共享基础引擎判定,喜忌不直接等于冲突方式好坏；只修正调用顺畅度、资源压力和状态切换。,原十神性质有效；真合化成立时按化神所属功能系统重建。,由共享基础引擎判定,62,结束 +5,conflict_end_condition,分歧阶段结束条件用于区分用户在分歧处理过程中的具体顺序。阶段结束不等于关系已经修复或情绪完全恢复。,核心事实、定义和双方观点已经被准确理解。,不得由本规则直接推出攻击、冷战、控制、情绪虐待、暴力、分手离婚、关系失败、人格或依恋类型；不得把某种分歧处理顺序等同于爱得更多或更少。风险与失衡需转入M4，适配需转入M5。,中,待验证,,provisional=true; dimension=FQ09; state=I01,0.6
M3-CONFLICT-124,FQ09 分歧阶段结束条件｜I02 责任落实,L2 冲突过程维度,CONFLICT-过程维度,通用,维度状态,FQ09,,至少两类独立证据支持“责任落实”，或一类可靠近位信号与重复案例行为一致。,基础信号未定；真合化后原信号已失效；只有单一弱远争议信号；或该结论会越界到M4风险、M5适配。,由共享基础引擎与M3-STATE修正；日主承载只修正冲突处理的可执行性，不直接等于强硬或软弱。,不限定；夫妻星只在责任、行动、投入等冲突议题中参与接口，不作为CONFLICT唯一主轴。,由M3-BASE、日支主气及宫位动态提供；不得把日支直接写成配偶性格。,无／待CONFLICT顺序与路径规则组合,日柱与日支近位优先；全局有效独立信号可作次通道。,由共享基础引擎判定,由共享基础引擎判定,喜忌不直接等于冲突方式好坏；只修正调用顺畅度、资源压力和状态切换。,原十神性质有效；真合化成立时按化神所属功能系统重建。,由共享基础引擎判定,62,结束 +5,conflict_end_condition,分歧阶段结束条件用于区分用户在分歧处理过程中的具体顺序。阶段结束不等于关系已经修复或情绪完全恢复。,谁做什么、何时完成、怎样追踪已经明确。,不得由本规则直接推出攻击、冷战、控制、情绪虐待、暴力、分手离婚、关系失败、人格或依恋类型；不得把某种分歧处理顺序等同于爱得更多或更少。风险与失衡需转入M4，适配需转入M5。,中,待验证,,provisional=true; dimension=FQ09; state=I02,0.6
M3-CONFLICT-125,FQ09 分歧阶段结束条件｜I03 感受被理解,L2 冲突过程维度,CONFLICT-过程维度,通用,维度状态,FQ09,,至少两类独立证据支持“感受被理解”，或一类可靠近位信号与重复案例行为一致。,基础信号未定；真合化后原信号已失效；只有单一弱远争议信号；或该结论会越界到M4风险、M5适配。,由共享基础引擎与M3-STATE修正；日主承载只修正冲突处理的可执行性，不直接等于强硬或软弱。,不限定；夫妻星只在责任、行动、投入等冲突议题中参与接口，不作为CONFLICT唯一主轴。,由M3-BASE、日支主气及宫位动态提供；不得把日支直接写成配偶性格。,无／待CONFLICT顺序与路径规则组合,日柱与日支近位优先；全局有效独立信号可作次通道。,由共享基础引擎判定,由共享基础引擎判定,喜忌不直接等于冲突方式好坏；只修正调用顺畅度、资源压力和状态切换。,原十神性质有效；真合化成立时按化神所属功能系统重建。,由共享基础引擎判定,62,结束 +5,conflict_end_condition,分歧阶段结束条件用于区分用户在分歧处理过程中的具体顺序。阶段结束不等于关系已经修复或情绪完全恢复。,双方核心感受和背景已被听见并承接。,不得由本规则直接推出攻击、冷战、控制、情绪虐待、暴力、分手离婚、关系失败、人格或依恋类型；不得把某种分歧处理顺序等同于爱得更多或更少。风险与失衡需转入M4，适配需转入M5。,中,待验证,,provisional=true; dimension=FQ09; state=I03,0.6
M3-CONFLICT-126,FQ09 分歧阶段结束条件｜I04 暂定方案形成,L2 冲突过程维度,CONFLICT-过程维度,通用,维度状态,FQ09,,至少两类独立证据支持“暂定方案形成”，或一类可靠近位信号与重复案例行为一致。,基础信号未定；真合化后原信号已失效；只有单一弱远争议信号；或该结论会越界到M4风险、M5适配。,由共享基础引擎与M3-STATE修正；日主承载只修正冲突处理的可执行性，不直接等于强硬或软弱。,不限定；夫妻星只在责任、行动、投入等冲突议题中参与接口，不作为CONFLICT唯一主轴。,由M3-BASE、日支主气及宫位动态提供；不得把日支直接写成配偶性格。,无／待CONFLICT顺序与路径规则组合,日柱与日支近位优先；全局有效独立信号可作次通道。,由共享基础引擎判定,由共享基础引擎判定,喜忌不直接等于冲突方式好坏；只修正调用顺畅度、资源压力和状态切换。,原十神性质有效；真合化成立时按化神所属功能系统重建。,由共享基础引擎判定,62,结束 +5,conflict_end_condition,分歧阶段结束条件用于区分用户在分歧处理过程中的具体顺序。阶段结束不等于关系已经修复或情绪完全恢复。,先形成可执行的临时方案，之后再复盘。,不得由本规则直接推出攻击、冷战、控制、情绪虐待、暴力、分手离婚、关系失败、人格或依恋类型；不得把某种分歧处理顺序等同于爱得更多或更少。风险与失衡需转入M4，适配需转入M5。,中,待验证,,provisional=true; dimension=FQ09; state=I04,0.6
M3-CONFLICT-127,FQ10 复盘与再校准｜J01 即时复盘,L2 冲突过程维度,CONFLICT-过程维度,通用,维度状态,FQ10,,至少两类独立证据支持“即时复盘”，或一类可靠近位信号与重复案例行为一致。,基础信号未定；真合化后原信号已失效；只有单一弱远争议信号；或该结论会越界到M4风险、M5适配。,由共享基础引擎与M3-STATE修正；日主承载只修正冲突处理的可执行性，不直接等于强硬或软弱。,不限定；夫妻星只在责任、行动、投入等冲突议题中参与接口，不作为CONFLICT唯一主轴。,由M3-BASE、日支主气及宫位动态提供；不得把日支直接写成配偶性格。,无／待CONFLICT顺序与路径规则组合,日柱与日支近位优先；全局有效独立信号可作次通道。,由共享基础引擎判定,由共享基础引擎判定,喜忌不直接等于冲突方式好坏；只修正调用顺畅度、资源压力和状态切换。,原十神性质有效；真合化成立时按化神所属功能系统重建。,由共享基础引擎判定,62,复盘 +5,review_style,复盘与再校准用于区分用户在分歧处理过程中的具体顺序。复盘方式不等于反复翻旧账。,事情处理后较快总结问题和下次做法。,不得由本规则直接推出攻击、冷战、控制、情绪虐待、暴力、分手离婚、关系失败、人格或依恋类型；不得把某种分歧处理顺序等同于爱得更多或更少。风险与失衡需转入M4，适配需转入M5。,中,待验证,,provisional=true; dimension=FQ10; state=J01,0.6
M3-CONFLICT-128,FQ10 复盘与再校准｜J02 事后复盘,L2 冲突过程维度,CONFLICT-过程维度,通用,维度状态,FQ10,,至少两类独立证据支持“事后复盘”，或一类可靠近位信号与重复案例行为一致。,基础信号未定；真合化后原信号已失效；只有单一弱远争议信号；或该结论会越界到M4风险、M5适配。,由共享基础引擎与M3-STATE修正；日主承载只修正冲突处理的可执行性，不直接等于强硬或软弱。,不限定；夫妻星只在责任、行动、投入等冲突议题中参与接口，不作为CONFLICT唯一主轴。,由M3-BASE、日支主气及宫位动态提供；不得把日支直接写成配偶性格。,无／待CONFLICT顺序与路径规则组合,日柱与日支近位优先；全局有效独立信号可作次通道。,由共享基础引擎判定,由共享基础引擎判定,喜忌不直接等于冲突方式好坏；只修正调用顺畅度、资源压力和状态切换。,原十神性质有效；真合化成立时按化神所属功能系统重建。,由共享基础引擎判定,62,复盘 +5,review_style,复盘与再校准用于区分用户在分歧处理过程中的具体顺序。复盘方式不等于反复翻旧账。,待情绪或现实稳定以后，再回头整理。,不得由本规则直接推出攻击、冷战、控制、情绪虐待、暴力、分手离婚、关系失败、人格或依恋类型；不得把某种分歧处理顺序等同于爱得更多或更少。风险与失衡需转入M4，适配需转入M5。,中,待验证,,provisional=true; dimension=FQ10; state=J02,0.6
M3-CONFLICT-129,FQ10 复盘与再校准｜J03 事件触发复盘,L2 冲突过程维度,CONFLICT-过程维度,通用,维度状态,FQ10,,至少两类独立证据支持“事件触发复盘”，或一类可靠近位信号与重复案例行为一致。,基础信号未定；真合化后原信号已失效；只有单一弱远争议信号；或该结论会越界到M4风险、M5适配。,由共享基础引擎与M3-STATE修正；日主承载只修正冲突处理的可执行性，不直接等于强硬或软弱。,不限定；夫妻星只在责任、行动、投入等冲突议题中参与接口，不作为CONFLICT唯一主轴。,由M3-BASE、日支主气及宫位动态提供；不得把日支直接写成配偶性格。,无／待CONFLICT顺序与路径规则组合,日柱与日支近位优先；全局有效独立信号可作次通道。,由共享基础引擎判定,由共享基础引擎判定,喜忌不直接等于冲突方式好坏；只修正调用顺畅度、资源压力和状态切换。,原十神性质有效；真合化成立时按化神所属功能系统重建。,由共享基础引擎判定,62,复盘 +5,review_style,复盘与再校准用于区分用户在分歧处理过程中的具体顺序。复盘方式不等于反复翻旧账。,只有同类问题再次出现或结构变化时才重订。,不得由本规则直接推出攻击、冷战、控制、情绪虐待、暴力、分手离婚、关系失败、人格或依恋类型；不得把某种分歧处理顺序等同于爱得更多或更少。风险与失衡需转入M4，适配需转入M5。,中,待验证,,provisional=true; dimension=FQ10; state=J03,0.6
M3-CONFLICT-130,FQ10 复盘与再校准｜J04 复盘未定,L2 冲突过程维度,CONFLICT-过程维度,通用,维度状态,FQ10,,至少两类独立证据支持“复盘未定”，或一类可靠近位信号与重复案例行为一致。,基础信号未定；真合化后原信号已失效；只有单一弱远争议信号；或该结论会越界到M4风险、M5适配。,由共享基础引擎与M3-STATE修正；日主承载只修正冲突处理的可执行性，不直接等于强硬或软弱。,不限定；夫妻星只在责任、行动、投入等冲突议题中参与接口，不作为CONFLICT唯一主轴。,由M3-BASE、日支主气及宫位动态提供；不得把日支直接写成配偶性格。,无／待CONFLICT顺序与路径规则组合,日柱与日支近位优先；全局有效独立信号可作次通道。,由共享基础引擎判定,由共享基础引擎判定,喜忌不直接等于冲突方式好坏；只修正调用顺畅度、资源压力和状态切换。,原十神性质有效；真合化成立时按化神所属功能系统重建。,由共享基础引擎判定,62,不加分；降置信,review_style,复盘与再校准用于区分用户在分歧处理过程中的具体顺序。复盘方式不等于反复翻旧账。,目前看不出稳定复盘习惯，需交给REPAIR与案例。,不得由本规则直接推出攻击、冷战、控制、情绪虐待、暴力、分手离婚、关系失败、人格或依恋类型；不得把某种分歧处理顺序等同于爱得更多或更少。风险与失衡需转入M4，适配需转入M5。,中,待验证,,provisional=true; dimension=FQ10; state=J04,0.6
M3-CONFLICT-131,FP01 平等对谈型｜模式定义,L3 冲突模式,CONFLICT-冲突模式,通用,模式定义,CF01 比肩平等立场,,主冲突通道与至少一项过程维度共同支持平等对谈型；不得仅凭单一十神标签。,基础信号未定；真合化后原信号已失效；只有单一弱远争议信号；或该结论会越界到M4风险、M5适配。,由共享基础引擎与M3-STATE修正；日主承载只修正冲突处理的可执行性，不直接等于强硬或软弱。,不限定；夫妻星只在责任、行动、投入等冲突议题中参与接口，不作为CONFLICT唯一主轴。,由M3-BASE、日支主气及宫位动态提供；不得把日支直接写成配偶性格。,无／待CONFLICT顺序与路径规则组合,日柱与日支近位优先；全局有效独立信号可作次通道。,由共享基础引擎判定,由共享基础引擎判定,喜忌不直接等于冲突方式好坏；只修正调用顺畅度、资源压力和状态切换。,原十神性质有效；真合化成立时按化神所属功能系统重建。,由共享基础引擎判定,58,模式候选 +10,conflict_pattern,平等对谈型是对冲突处理过程的功能概括，不是人格标签。,你的分歧处理更接近平等对谈型：先把双方立场和权限说清，再寻找都能参与的处理方式。,不得由本规则直接推出攻击、冷战、控制、情绪虐待、暴力、分手离婚、关系失败、人格或依恋类型；不得把某种分歧处理顺序等同于爱得更多或更少。风险与失衡需转入M4，适配需转入M5。,中高,待验证,,provisional=true; pattern=FP01,0.6
M3-CONFLICT-132,FP01 平等对谈型｜成立与输出门槛,L3 冲突模式,CONFLICT-冲突模式,通用,模式门槛,CF01 比肩平等立场,,至少两类独立证据支持，且与第一反应、信息焦点或结束条件中的一项一致。,基础信号未定；真合化后原信号已失效；只有单一弱远争议信号；或该结论会越界到M4风险、M5适配。,由共享基础引擎与M3-STATE修正；日主承载只修正冲突处理的可执行性，不直接等于强硬或软弱。,不限定；夫妻星只在责任、行动、投入等冲突议题中参与接口，不作为CONFLICT唯一主轴。,由M3-BASE、日支主气及宫位动态提供；不得把日支直接写成配偶性格。,无／待CONFLICT顺序与路径规则组合,日柱与日支近位优先；全局有效独立信号可作次通道。,由共享基础引擎判定,由共享基础引擎判定,喜忌不直接等于冲突方式好坏；只修正调用顺畅度、资源压力和状态切换。,原十神性质有效；真合化成立时按化神所属功能系统重建。,由共享基础引擎判定,57,达到门槛后写入主模式；否则降为候选,conflict_pattern,模式只有在不同来源相互印证时才可写入正文；否则降为候选。,这一判断只概括你怎样处理分歧，不代表其他方式完全缺失。,不得由本规则直接推出攻击、冷战、控制、情绪虐待、暴力、分手离婚、关系失败、人格或依恋类型；不得把某种分歧处理顺序等同于爱得更多或更少。风险与失衡需转入M4，适配需转入M5。,中,待验证,,provisional=true; pattern=FP01; threshold=true,0.6
M3-CONFLICT-133,FP02 即时协作型｜模式定义,L3 冲突模式,CONFLICT-冲突模式,通用,模式定义,CF02 劫财即时介入,,主冲突通道与至少一项过程维度共同支持即时协作型；不得仅凭单一十神标签。,基础信号未定；真合化后原信号已失效；只有单一弱远争议信号；或该结论会越界到M4风险、M5适配。,由共享基础引擎与M3-STATE修正；日主承载只修正冲突处理的可执行性，不直接等于强硬或软弱。,不限定；夫妻星只在责任、行动、投入等冲突议题中参与接口，不作为CONFLICT唯一主轴。,由M3-BASE、日支主气及宫位动态提供；不得把日支直接写成配偶性格。,无／待CONFLICT顺序与路径规则组合,日柱与日支近位优先；全局有效独立信号可作次通道。,由共享基础引擎判定,由共享基础引擎判定,喜忌不直接等于冲突方式好坏；只修正调用顺畅度、资源压力和状态切换。,原十神性质有效；真合化成立时按化神所属功能系统重建。,由共享基础引擎判定,58,模式候选 +10,conflict_pattern,即时协作型是对冲突处理过程的功能概括，不是人格标签。,你的分歧处理更接近即时协作型：问题出现时先一起做、一起调，再在行动中补充说明。,不得由本规则直接推出攻击、冷战、控制、情绪虐待、暴力、分手离婚、关系失败、人格或依恋类型；不得把某种分歧处理顺序等同于爱得更多或更少。风险与失衡需转入M4，适配需转入M5。,中高,待验证,,provisional=true; pattern=FP02,0.6
M3-CONFLICT-134,FP02 即时协作型｜成立与输出门槛,L3 冲突模式,CONFLICT-冲突模式,通用,模式门槛,CF02 劫财即时介入,,至少两类独立证据支持，且与第一反应、信息焦点或结束条件中的一项一致。,基础信号未定；真合化后原信号已失效；只有单一弱远争议信号；或该结论会越界到M4风险、M5适配。,由共享基础引擎与M3-STATE修正；日主承载只修正冲突处理的可执行性，不直接等于强硬或软弱。,不限定；夫妻星只在责任、行动、投入等冲突议题中参与接口，不作为CONFLICT唯一主轴。,由M3-BASE、日支主气及宫位动态提供；不得把日支直接写成配偶性格。,无／待CONFLICT顺序与路径规则组合,日柱与日支近位优先；全局有效独立信号可作次通道。,由共享基础引擎判定,由共享基础引擎判定,喜忌不直接等于冲突方式好坏；只修正调用顺畅度、资源压力和状态切换。,原十神性质有效；真合化成立时按化神所属功能系统重建。,由共享基础引擎判定,57,达到门槛后写入主模式；否则降为候选,conflict_pattern,模式只有在不同来源相互印证时才可写入正文；否则降为候选。,这一判断只概括你怎样处理分歧，不代表其他方式完全缺失。,不得由本规则直接推出攻击、冷战、控制、情绪虐待、暴力、分手离婚、关系失败、人格或依恋类型；不得把某种分歧处理顺序等同于爱得更多或更少。风险与失衡需转入M4，适配需转入M5。,中,待验证,,provisional=true; pattern=FP02; threshold=true,0.6
M3-CONFLICT-135,FP03 缓冲降温型｜模式定义,L3 冲突模式,CONFLICT-冲突模式,通用,模式定义,CF03 食神缓冲降温,,主冲突通道与至少一项过程维度共同支持缓冲降温型；不得仅凭单一十神标签。,基础信号未定；真合化后原信号已失效；只有单一弱远争议信号；或该结论会越界到M4风险、M5适配。,由共享基础引擎与M3-STATE修正；日主承载只修正冲突处理的可执行性，不直接等于强硬或软弱。,不限定；夫妻星只在责任、行动、投入等冲突议题中参与接口，不作为CONFLICT唯一主轴。,由M3-BASE、日支主气及宫位动态提供；不得把日支直接写成配偶性格。,无／待CONFLICT顺序与路径规则组合,日柱与日支近位优先；全局有效独立信号可作次通道。,由共享基础引擎判定,由共享基础引擎判定,喜忌不直接等于冲突方式好坏；只修正调用顺畅度、资源压力和状态切换。,原十神性质有效；真合化成立时按化神所属功能系统重建。,由共享基础引擎判定,58,模式候选 +10,conflict_pattern,缓冲降温型是对冲突处理过程的功能概括，不是人格标签。,你的分歧处理更接近缓冲降温型：先让沟通恢复到双方能承受的程度，再处理事情本身。,不得由本规则直接推出攻击、冷战、控制、情绪虐待、暴力、分手离婚、关系失败、人格或依恋类型；不得把某种分歧处理顺序等同于爱得更多或更少。风险与失衡需转入M4，适配需转入M5。,中高,待验证,,provisional=true; pattern=FP03,0.6
M3-CONFLICT-136,FP03 缓冲降温型｜成立与输出门槛,L3 冲突模式,CONFLICT-冲突模式,通用,模式门槛,CF03 食神缓冲降温,,至少两类独立证据支持，且与第一反应、信息焦点或结束条件中的一项一致。,基础信号未定；真合化后原信号已失效；只有单一弱远争议信号；或该结论会越界到M4风险、M5适配。,由共享基础引擎与M3-STATE修正；日主承载只修正冲突处理的可执行性，不直接等于强硬或软弱。,不限定；夫妻星只在责任、行动、投入等冲突议题中参与接口，不作为CONFLICT唯一主轴。,由M3-BASE、日支主气及宫位动态提供；不得把日支直接写成配偶性格。,无／待CONFLICT顺序与路径规则组合,日柱与日支近位优先；全局有效独立信号可作次通道。,由共享基础引擎判定,由共享基础引擎判定,喜忌不直接等于冲突方式好坏；只修正调用顺畅度、资源压力和状态切换。,原十神性质有效；真合化成立时按化神所属功能系统重建。,由共享基础引擎判定,57,达到门槛后写入主模式；否则降为候选,conflict_pattern,模式只有在不同来源相互印证时才可写入正文；否则降为候选。,这一判断只概括你怎样处理分歧，不代表其他方式完全缺失。,不得由本规则直接推出攻击、冷战、控制、情绪虐待、暴力、分手离婚、关系失败、人格或依恋类型；不得把某种分歧处理顺序等同于爱得更多或更少。风险与失衡需转入M4，适配需转入M5。,中,待验证,,provisional=true; pattern=FP03; threshold=true,0.6
M3-CONFLICT-137,FP04 分析澄清型｜模式定义,L3 冲突模式,CONFLICT-冲突模式,通用,模式定义,CF04 伤官分析澄清,,主冲突通道与至少一项过程维度共同支持分析澄清型；不得仅凭单一十神标签。,基础信号未定；真合化后原信号已失效；只有单一弱远争议信号；或该结论会越界到M4风险、M5适配。,由共享基础引擎与M3-STATE修正；日主承载只修正冲突处理的可执行性，不直接等于强硬或软弱。,不限定；夫妻星只在责任、行动、投入等冲突议题中参与接口，不作为CONFLICT唯一主轴。,由M3-BASE、日支主气及宫位动态提供；不得把日支直接写成配偶性格。,无／待CONFLICT顺序与路径规则组合,日柱与日支近位优先；全局有效独立信号可作次通道。,由共享基础引擎判定,由共享基础引擎判定,喜忌不直接等于冲突方式好坏；只修正调用顺畅度、资源压力和状态切换。,原十神性质有效；真合化成立时按化神所属功能系统重建。,由共享基础引擎判定,58,模式候选 +10,conflict_pattern,分析澄清型是对冲突处理过程的功能概括，不是人格标签。,你的分歧处理更接近分析澄清型：你需要先知道真正的问题在哪里，才愿意进入方案。,不得由本规则直接推出攻击、冷战、控制、情绪虐待、暴力、分手离婚、关系失败、人格或依恋类型；不得把某种分歧处理顺序等同于爱得更多或更少。风险与失衡需转入M4，适配需转入M5。,中高,待验证,,provisional=true; pattern=FP04,0.6
M3-CONFLICT-138,FP04 分析澄清型｜成立与输出门槛,L3 冲突模式,CONFLICT-冲突模式,通用,模式门槛,CF04 伤官分析澄清,,至少两类独立证据支持，且与第一反应、信息焦点或结束条件中的一项一致。,基础信号未定；真合化后原信号已失效；只有单一弱远争议信号；或该结论会越界到M4风险、M5适配。,由共享基础引擎与M3-STATE修正；日主承载只修正冲突处理的可执行性，不直接等于强硬或软弱。,不限定；夫妻星只在责任、行动、投入等冲突议题中参与接口，不作为CONFLICT唯一主轴。,由M3-BASE、日支主气及宫位动态提供；不得把日支直接写成配偶性格。,无／待CONFLICT顺序与路径规则组合,日柱与日支近位优先；全局有效独立信号可作次通道。,由共享基础引擎判定,由共享基础引擎判定,喜忌不直接等于冲突方式好坏；只修正调用顺畅度、资源压力和状态切换。,原十神性质有效；真合化成立时按化神所属功能系统重建。,由共享基础引擎判定,57,达到门槛后写入主模式；否则降为候选,conflict_pattern,模式只有在不同来源相互印证时才可写入正文；否则降为候选。,这一判断只概括你怎样处理分歧，不代表其他方式完全缺失。,不得由本规则直接推出攻击、冷战、控制、情绪虐待、暴力、分手离婚、关系失败、人格或依恋类型；不得把某种分歧处理顺序等同于爱得更多或更少。风险与失衡需转入M4，适配需转入M5。,中,待验证,,provisional=true; pattern=FP04; threshold=true,0.6
M3-CONFLICT-139,FP05 现实校准型｜模式定义,L3 冲突模式,CONFLICT-冲突模式,通用,模式定义,CF05 正财现实校准,,主冲突通道与至少一项过程维度共同支持现实校准型；不得仅凭单一十神标签。,基础信号未定；真合化后原信号已失效；只有单一弱远争议信号；或该结论会越界到M4风险、M5适配。,由共享基础引擎与M3-STATE修正；日主承载只修正冲突处理的可执行性，不直接等于强硬或软弱。,不限定；夫妻星只在责任、行动、投入等冲突议题中参与接口，不作为CONFLICT唯一主轴。,由M3-BASE、日支主气及宫位动态提供；不得把日支直接写成配偶性格。,无／待CONFLICT顺序与路径规则组合,日柱与日支近位优先；全局有效独立信号可作次通道。,由共享基础引擎判定,由共享基础引擎判定,喜忌不直接等于冲突方式好坏；只修正调用顺畅度、资源压力和状态切换。,原十神性质有效；真合化成立时按化神所属功能系统重建。,由共享基础引擎判定,58,模式候选 +10,conflict_pattern,现实校准型是对冲突处理过程的功能概括，不是人格标签。,你的分歧处理更接近现实校准型：你更看重具体安排能否调整、后续能否真正做到。,不得由本规则直接推出攻击、冷战、控制、情绪虐待、暴力、分手离婚、关系失败、人格或依恋类型；不得把某种分歧处理顺序等同于爱得更多或更少。风险与失衡需转入M4，适配需转入M5。,中高,待验证,,provisional=true; pattern=FP05,0.6
M3-CONFLICT-140,FP05 现实校准型｜成立与输出门槛,L3 冲突模式,CONFLICT-冲突模式,通用,模式门槛,CF05 正财现实校准,,至少两类独立证据支持，且与第一反应、信息焦点或结束条件中的一项一致。,基础信号未定；真合化后原信号已失效；只有单一弱远争议信号；或该结论会越界到M4风险、M5适配。,由共享基础引擎与M3-STATE修正；日主承载只修正冲突处理的可执行性，不直接等于强硬或软弱。,不限定；夫妻星只在责任、行动、投入等冲突议题中参与接口，不作为CONFLICT唯一主轴。,由M3-BASE、日支主气及宫位动态提供；不得把日支直接写成配偶性格。,无／待CONFLICT顺序与路径规则组合,日柱与日支近位优先；全局有效独立信号可作次通道。,由共享基础引擎判定,由共享基础引擎判定,喜忌不直接等于冲突方式好坏；只修正调用顺畅度、资源压力和状态切换。,原十神性质有效；真合化成立时按化神所属功能系统重建。,由共享基础引擎判定,57,达到门槛后写入主模式；否则降为候选,conflict_pattern,模式只有在不同来源相互印证时才可写入正文；否则降为候选。,这一判断只概括你怎样处理分歧，不代表其他方式完全缺失。,不得由本规则直接推出攻击、冷战、控制、情绪虐待、暴力、分手离婚、关系失败、人格或依恋类型；不得把某种分歧处理顺序等同于爱得更多或更少。风险与失衡需转入M4，适配需转入M5。,中,待验证,,provisional=true; pattern=FP05; threshold=true,0.6
M3-CONFLICT-141,FP06 灵活换案型｜模式定义,L3 冲突模式,CONFLICT-冲突模式,通用,模式定义,CF06 偏财灵活换案,,主冲突通道与至少一项过程维度共同支持灵活换案型；不得仅凭单一十神标签。,基础信号未定；真合化后原信号已失效；只有单一弱远争议信号；或该结论会越界到M4风险、M5适配。,由共享基础引擎与M3-STATE修正；日主承载只修正冲突处理的可执行性，不直接等于强硬或软弱。,不限定；夫妻星只在责任、行动、投入等冲突议题中参与接口，不作为CONFLICT唯一主轴。,由M3-BASE、日支主气及宫位动态提供；不得把日支直接写成配偶性格。,无／待CONFLICT顺序与路径规则组合,日柱与日支近位优先；全局有效独立信号可作次通道。,由共享基础引擎判定,由共享基础引擎判定,喜忌不直接等于冲突方式好坏；只修正调用顺畅度、资源压力和状态切换。,原十神性质有效；真合化成立时按化神所属功能系统重建。,由共享基础引擎判定,58,模式候选 +10,conflict_pattern,灵活换案型是对冲突处理过程的功能概括，不是人格标签。,你的分歧处理更接近灵活换案型：与其固守一种办法，你更愿意寻找双方能继续尝试的新方案。,不得由本规则直接推出攻击、冷战、控制、情绪虐待、暴力、分手离婚、关系失败、人格或依恋类型；不得把某种分歧处理顺序等同于爱得更多或更少。风险与失衡需转入M4，适配需转入M5。,中高,待验证,,provisional=true; pattern=FP06,0.6
M3-CONFLICT-142,FP06 灵活换案型｜成立与输出门槛,L3 冲突模式,CONFLICT-冲突模式,通用,模式门槛,CF06 偏财灵活换案,,至少两类独立证据支持，且与第一反应、信息焦点或结束条件中的一项一致。,基础信号未定；真合化后原信号已失效；只有单一弱远争议信号；或该结论会越界到M4风险、M5适配。,由共享基础引擎与M3-STATE修正；日主承载只修正冲突处理的可执行性，不直接等于强硬或软弱。,不限定；夫妻星只在责任、行动、投入等冲突议题中参与接口，不作为CONFLICT唯一主轴。,由M3-BASE、日支主气及宫位动态提供；不得把日支直接写成配偶性格。,无／待CONFLICT顺序与路径规则组合,日柱与日支近位优先；全局有效独立信号可作次通道。,由共享基础引擎判定,由共享基础引擎判定,喜忌不直接等于冲突方式好坏；只修正调用顺畅度、资源压力和状态切换。,原十神性质有效；真合化成立时按化神所属功能系统重建。,由共享基础引擎判定,57,达到门槛后写入主模式；否则降为候选,conflict_pattern,模式只有在不同来源相互印证时才可写入正文；否则降为候选。,这一判断只概括你怎样处理分歧，不代表其他方式完全缺失。,不得由本规则直接推出攻击、冷战、控制、情绪虐待、暴力、分手离婚、关系失败、人格或依恋类型；不得把某种分歧处理顺序等同于爱得更多或更少。风险与失衡需转入M4，适配需转入M5。,中,待验证,,provisional=true; pattern=FP06; threshold=true,0.6
M3-CONFLICT-143,FP07 规则复核型｜模式定义,L3 冲突模式,CONFLICT-冲突模式,通用,模式定义,CF07 正官规则复核,,主冲突通道与至少一项过程维度共同支持规则复核型；不得仅凭单一十神标签。,基础信号未定；真合化后原信号已失效；只有单一弱远争议信号；或该结论会越界到M4风险、M5适配。,由共享基础引擎与M3-STATE修正；日主承载只修正冲突处理的可执行性，不直接等于强硬或软弱。,不限定；夫妻星只在责任、行动、投入等冲突议题中参与接口，不作为CONFLICT唯一主轴。,由M3-BASE、日支主气及宫位动态提供；不得把日支直接写成配偶性格。,无／待CONFLICT顺序与路径规则组合,日柱与日支近位优先；全局有效独立信号可作次通道。,由共享基础引擎判定,由共享基础引擎判定,喜忌不直接等于冲突方式好坏；只修正调用顺畅度、资源压力和状态切换。,原十神性质有效；真合化成立时按化神所属功能系统重建。,由共享基础引擎判定,58,模式候选 +10,conflict_pattern,规则复核型是对冲突处理过程的功能概括，不是人格标签。,你的分歧处理更接近规则复核型：你会回到约定、责任和角色，确认问题应怎样被规范处理。,不得由本规则直接推出攻击、冷战、控制、情绪虐待、暴力、分手离婚、关系失败、人格或依恋类型；不得把某种分歧处理顺序等同于爱得更多或更少。风险与失衡需转入M4，适配需转入M5。,中高,待验证,,provisional=true; pattern=FP07,0.6
M3-CONFLICT-144,FP07 规则复核型｜成立与输出门槛,L3 冲突模式,CONFLICT-冲突模式,通用,模式门槛,CF07 正官规则复核,,至少两类独立证据支持，且与第一反应、信息焦点或结束条件中的一项一致。,基础信号未定；真合化后原信号已失效；只有单一弱远争议信号；或该结论会越界到M4风险、M5适配。,由共享基础引擎与M3-STATE修正；日主承载只修正冲突处理的可执行性，不直接等于强硬或软弱。,不限定；夫妻星只在责任、行动、投入等冲突议题中参与接口，不作为CONFLICT唯一主轴。,由M3-BASE、日支主气及宫位动态提供；不得把日支直接写成配偶性格。,无／待CONFLICT顺序与路径规则组合,日柱与日支近位优先；全局有效独立信号可作次通道。,由共享基础引擎判定,由共享基础引擎判定,喜忌不直接等于冲突方式好坏；只修正调用顺畅度、资源压力和状态切换。,原十神性质有效；真合化成立时按化神所属功能系统重建。,由共享基础引擎判定,57,达到门槛后写入主模式；否则降为候选,conflict_pattern,模式只有在不同来源相互印证时才可写入正文；否则降为候选。,这一判断只概括你怎样处理分歧，不代表其他方式完全缺失。,不得由本规则直接推出攻击、冷战、控制、情绪虐待、暴力、分手离婚、关系失败、人格或依恋类型；不得把某种分歧处理顺序等同于爱得更多或更少。风险与失衡需转入M4，适配需转入M5。,中,待验证,,provisional=true; pattern=FP07; threshold=true,0.6
M3-CONFLICT-145,FP08 决断处理型｜模式定义,L3 冲突模式,CONFLICT-冲突模式,通用,模式定义,CF08 七杀决断处置,,主冲突通道与至少一项过程维度共同支持决断处理型；不得仅凭单一十神标签。,基础信号未定；真合化后原信号已失效；只有单一弱远争议信号；或该结论会越界到M4风险、M5适配。,由共享基础引擎与M3-STATE修正；日主承载只修正冲突处理的可执行性，不直接等于强硬或软弱。,不限定；夫妻星只在责任、行动、投入等冲突议题中参与接口，不作为CONFLICT唯一主轴。,由M3-BASE、日支主气及宫位动态提供；不得把日支直接写成配偶性格。,无／待CONFLICT顺序与路径规则组合,日柱与日支近位优先；全局有效独立信号可作次通道。,由共享基础引擎判定,由共享基础引擎判定,喜忌不直接等于冲突方式好坏；只修正调用顺畅度、资源压力和状态切换。,原十神性质有效；真合化成立时按化神所属功能系统重建。,由共享基础引擎判定,58,模式候选 +10,conflict_pattern,决断处理型是对冲突处理过程的功能概括，不是人格标签。,你的分歧处理更接近决断处理型：关键时刻先把必须处理的部分控制住，再回头谈细节。,不得由本规则直接推出攻击、冷战、控制、情绪虐待、暴力、分手离婚、关系失败、人格或依恋类型；不得把某种分歧处理顺序等同于爱得更多或更少。风险与失衡需转入M4，适配需转入M5。,中高,待验证,,provisional=true; pattern=FP08,0.6
M3-CONFLICT-146,FP08 决断处理型｜成立与输出门槛,L3 冲突模式,CONFLICT-冲突模式,通用,模式门槛,CF08 七杀决断处置,,至少两类独立证据支持，且与第一反应、信息焦点或结束条件中的一项一致。,基础信号未定；真合化后原信号已失效；只有单一弱远争议信号；或该结论会越界到M4风险、M5适配。,由共享基础引擎与M3-STATE修正；日主承载只修正冲突处理的可执行性，不直接等于强硬或软弱。,不限定；夫妻星只在责任、行动、投入等冲突议题中参与接口，不作为CONFLICT唯一主轴。,由M3-BASE、日支主气及宫位动态提供；不得把日支直接写成配偶性格。,无／待CONFLICT顺序与路径规则组合,日柱与日支近位优先；全局有效独立信号可作次通道。,由共享基础引擎判定,由共享基础引擎判定,喜忌不直接等于冲突方式好坏；只修正调用顺畅度、资源压力和状态切换。,原十神性质有效；真合化成立时按化神所属功能系统重建。,由共享基础引擎判定,57,达到门槛后写入主模式；否则降为候选,conflict_pattern,模式只有在不同来源相互印证时才可写入正文；否则降为候选。,这一判断只概括你怎样处理分歧，不代表其他方式完全缺失。,不得由本规则直接推出攻击、冷战、控制、情绪虐待、暴力、分手离婚、关系失败、人格或依恋类型；不得把某种分歧处理顺序等同于爱得更多或更少。风险与失衡需转入M4，适配需转入M5。,中,待验证,,provisional=true; pattern=FP08; threshold=true,0.6
M3-CONFLICT-147,FP09 倾听承接型｜模式定义,L3 冲突模式,CONFLICT-冲突模式,通用,模式定义,CF09 正印倾听承接,,主冲突通道与至少一项过程维度共同支持倾听承接型；不得仅凭单一十神标签。,基础信号未定；真合化后原信号已失效；只有单一弱远争议信号；或该结论会越界到M4风险、M5适配。,由共享基础引擎与M3-STATE修正；日主承载只修正冲突处理的可执行性，不直接等于强硬或软弱。,不限定；夫妻星只在责任、行动、投入等冲突议题中参与接口，不作为CONFLICT唯一主轴。,由M3-BASE、日支主气及宫位动态提供；不得把日支直接写成配偶性格。,无／待CONFLICT顺序与路径规则组合,日柱与日支近位优先；全局有效独立信号可作次通道。,由共享基础引擎判定,由共享基础引擎判定,喜忌不直接等于冲突方式好坏；只修正调用顺畅度、资源压力和状态切换。,原十神性质有效；真合化成立时按化神所属功能系统重建。,由共享基础引擎判定,58,模式候选 +10,conflict_pattern,倾听承接型是对冲突处理过程的功能概括，不是人格标签。,你的分歧处理更接近倾听承接型：你通常先让双方被听见，再决定问题怎样继续。,不得由本规则直接推出攻击、冷战、控制、情绪虐待、暴力、分手离婚、关系失败、人格或依恋类型；不得把某种分歧处理顺序等同于爱得更多或更少。风险与失衡需转入M4，适配需转入M5。,中高,待验证,,provisional=true; pattern=FP09,0.6
M3-CONFLICT-148,FP09 倾听承接型｜成立与输出门槛,L3 冲突模式,CONFLICT-冲突模式,通用,模式门槛,CF09 正印倾听承接,,至少两类独立证据支持，且与第一反应、信息焦点或结束条件中的一项一致。,基础信号未定；真合化后原信号已失效；只有单一弱远争议信号；或该结论会越界到M4风险、M5适配。,由共享基础引擎与M3-STATE修正；日主承载只修正冲突处理的可执行性，不直接等于强硬或软弱。,不限定；夫妻星只在责任、行动、投入等冲突议题中参与接口，不作为CONFLICT唯一主轴。,由M3-BASE、日支主气及宫位动态提供；不得把日支直接写成配偶性格。,无／待CONFLICT顺序与路径规则组合,日柱与日支近位优先；全局有效独立信号可作次通道。,由共享基础引擎判定,由共享基础引擎判定,喜忌不直接等于冲突方式好坏；只修正调用顺畅度、资源压力和状态切换。,原十神性质有效；真合化成立时按化神所属功能系统重建。,由共享基础引擎判定,57,达到门槛后写入主模式；否则降为候选,conflict_pattern,模式只有在不同来源相互印证时才可写入正文；否则降为候选。,这一判断只概括你怎样处理分歧，不代表其他方式完全缺失。,不得由本规则直接推出攻击、冷战、控制、情绪虐待、暴力、分手离婚、关系失败、人格或依恋类型；不得把某种分歧处理顺序等同于爱得更多或更少。风险与失衡需转入M4，适配需转入M5。,中,待验证,,provisional=true; pattern=FP09; threshold=true,0.6
M3-CONFLICT-149,FP10 暂停内化型｜模式定义,L3 冲突模式,CONFLICT-冲突模式,通用,模式定义,CF10 偏印暂停内化,,主冲突通道与至少一项过程维度共同支持暂停内化型；不得仅凭单一十神标签。,基础信号未定；真合化后原信号已失效；只有单一弱远争议信号；或该结论会越界到M4风险、M5适配。,由共享基础引擎与M3-STATE修正；日主承载只修正冲突处理的可执行性，不直接等于强硬或软弱。,不限定；夫妻星只在责任、行动、投入等冲突议题中参与接口，不作为CONFLICT唯一主轴。,由M3-BASE、日支主气及宫位动态提供；不得把日支直接写成配偶性格。,无／待CONFLICT顺序与路径规则组合,日柱与日支近位优先；全局有效独立信号可作次通道。,由共享基础引擎判定,由共享基础引擎判定,喜忌不直接等于冲突方式好坏；只修正调用顺畅度、资源压力和状态切换。,原十神性质有效；真合化成立时按化神所属功能系统重建。,由共享基础引擎判定,58,模式候选 +10,conflict_pattern,暂停内化型是对冲突处理过程的功能概括，不是人格标签。,你的分歧处理更接近暂停内化型：你需要先想清楚真正问题，再回到沟通。,不得由本规则直接推出攻击、冷战、控制、情绪虐待、暴力、分手离婚、关系失败、人格或依恋类型；不得把某种分歧处理顺序等同于爱得更多或更少。风险与失衡需转入M4，适配需转入M5。,中高,待验证,,provisional=true; pattern=FP10,0.6
M3-CONFLICT-150,FP10 暂停内化型｜成立与输出门槛,L3 冲突模式,CONFLICT-冲突模式,通用,模式门槛,CF10 偏印暂停内化,,至少两类独立证据支持，且与第一反应、信息焦点或结束条件中的一项一致。,基础信号未定；真合化后原信号已失效；只有单一弱远争议信号；或该结论会越界到M4风险、M5适配。,由共享基础引擎与M3-STATE修正；日主承载只修正冲突处理的可执行性，不直接等于强硬或软弱。,不限定；夫妻星只在责任、行动、投入等冲突议题中参与接口，不作为CONFLICT唯一主轴。,由M3-BASE、日支主气及宫位动态提供；不得把日支直接写成配偶性格。,无／待CONFLICT顺序与路径规则组合,日柱与日支近位优先；全局有效独立信号可作次通道。,由共享基础引擎判定,由共享基础引擎判定,喜忌不直接等于冲突方式好坏；只修正调用顺畅度、资源压力和状态切换。,原十神性质有效；真合化成立时按化神所属功能系统重建。,由共享基础引擎判定,57,达到门槛后写入主模式；否则降为候选,conflict_pattern,模式只有在不同来源相互印证时才可写入正文；否则降为候选。,这一判断只概括你怎样处理分歧，不代表其他方式完全缺失。,不得由本规则直接推出攻击、冷战、控制、情绪虐待、暴力、分手离婚、关系失败、人格或依恋类型；不得把某种分歧处理顺序等同于爱得更多或更少。风险与失衡需转入M4，适配需转入M5。,中,待验证,,provisional=true; pattern=FP10; threshold=true,0.6
M3-CONFLICT-151,FP11 双阶段协同型｜模式定义,L3 冲突模式,CONFLICT-冲突模式,通用,模式定义,两项功能独立的冲突通道,,主冲突通道与至少一项过程维度共同支持双阶段协同型；不得仅凭单一十神标签。,基础信号未定；真合化后原信号已失效；只有单一弱远争议信号；或该结论会越界到M4风险、M5适配。,由共享基础引擎与M3-STATE修正；日主承载只修正冲突处理的可执行性，不直接等于强硬或软弱。,不限定；夫妻星只在责任、行动、投入等冲突议题中参与接口，不作为CONFLICT唯一主轴。,由M3-BASE、日支主气及宫位动态提供；不得把日支直接写成配偶性格。,无／待CONFLICT顺序与路径规则组合,日柱与日支近位优先；全局有效独立信号可作次通道。,由共享基础引擎判定,由共享基础引擎判定,喜忌不直接等于冲突方式好坏；只修正调用顺畅度、资源压力和状态切换。,原十神性质有效；真合化成立时按化神所属功能系统重建。,由共享基础引擎判定,58,模式候选 +10,conflict_pattern,双阶段协同型是对冲突处理过程的功能概括，不是人格标签。,你的分歧处理更接近双阶段协同型：第一种方式负责让问题进入可处理状态，第二种方式负责把事情完成。,不得由本规则直接推出攻击、冷战、控制、情绪虐待、暴力、分手离婚、关系失败、人格或依恋类型；不得把某种分歧处理顺序等同于爱得更多或更少。风险与失衡需转入M4，适配需转入M5。,中高,待验证,,provisional=true; pattern=FP11,0.6
M3-CONFLICT-152,FP11 双阶段协同型｜成立与输出门槛,L3 冲突模式,CONFLICT-冲突模式,通用,模式门槛,两项功能独立的冲突通道,,至少两类独立证据支持，且与第一反应、信息焦点或结束条件中的一项一致。,基础信号未定；真合化后原信号已失效；只有单一弱远争议信号；或该结论会越界到M4风险、M5适配。,由共享基础引擎与M3-STATE修正；日主承载只修正冲突处理的可执行性，不直接等于强硬或软弱。,不限定；夫妻星只在责任、行动、投入等冲突议题中参与接口，不作为CONFLICT唯一主轴。,由M3-BASE、日支主气及宫位动态提供；不得把日支直接写成配偶性格。,无／待CONFLICT顺序与路径规则组合,日柱与日支近位优先；全局有效独立信号可作次通道。,由共享基础引擎判定,由共享基础引擎判定,喜忌不直接等于冲突方式好坏；只修正调用顺畅度、资源压力和状态切换。,原十神性质有效；真合化成立时按化神所属功能系统重建。,由共享基础引擎判定,57,达到门槛后写入主模式；否则降为候选,conflict_pattern,模式只有在不同来源相互印证时才可写入正文；否则降为候选。,这一判断只概括你怎样处理分歧，不代表其他方式完全缺失。,不得由本规则直接推出攻击、冷战、控制、情绪虐待、暴力、分手离婚、关系失败、人格或依恋类型；不得把某种分歧处理顺序等同于爱得更多或更少。风险与失衡需转入M4，适配需转入M5。,中,待验证,,provisional=true; pattern=FP11; threshold=true,0.6
M3-CONFLICT-153,FP12 情境切换型｜模式定义,L3 冲突模式,CONFLICT-冲突模式,通用,模式定义,平稳与压力状态调用不同通道,,主冲突通道与至少一项过程维度共同支持情境切换型；不得仅凭单一十神标签。,基础信号未定；真合化后原信号已失效；只有单一弱远争议信号；或该结论会越界到M4风险、M5适配。,由共享基础引擎与M3-STATE修正；日主承载只修正冲突处理的可执行性，不直接等于强硬或软弱。,不限定；夫妻星只在责任、行动、投入等冲突议题中参与接口，不作为CONFLICT唯一主轴。,由M3-BASE、日支主气及宫位动态提供；不得把日支直接写成配偶性格。,无／待CONFLICT顺序与路径规则组合,日柱与日支近位优先；全局有效独立信号可作次通道。,由共享基础引擎判定,由共享基础引擎判定,喜忌不直接等于冲突方式好坏；只修正调用顺畅度、资源压力和状态切换。,原十神性质有效；真合化成立时按化神所属功能系统重建。,由共享基础引擎判定,58,模式候选 +10,conflict_pattern,情境切换型是对冲突处理过程的功能概括，不是人格标签。,你的分歧处理更接近情境切换型：日常小分歧和高压力事件可能调用不同方式。,不得由本规则直接推出攻击、冷战、控制、情绪虐待、暴力、分手离婚、关系失败、人格或依恋类型；不得把某种分歧处理顺序等同于爱得更多或更少。风险与失衡需转入M4，适配需转入M5。,中高,待验证,,provisional=true; pattern=FP12,0.6
M3-CONFLICT-154,FP12 情境切换型｜成立与输出门槛,L3 冲突模式,CONFLICT-冲突模式,通用,模式门槛,平稳与压力状态调用不同通道,,至少两类独立证据支持，且与第一反应、信息焦点或结束条件中的一项一致。,基础信号未定；真合化后原信号已失效；只有单一弱远争议信号；或该结论会越界到M4风险、M5适配。,由共享基础引擎与M3-STATE修正；日主承载只修正冲突处理的可执行性，不直接等于强硬或软弱。,不限定；夫妻星只在责任、行动、投入等冲突议题中参与接口，不作为CONFLICT唯一主轴。,由M3-BASE、日支主气及宫位动态提供；不得把日支直接写成配偶性格。,无／待CONFLICT顺序与路径规则组合,日柱与日支近位优先；全局有效独立信号可作次通道。,由共享基础引擎判定,由共享基础引擎判定,喜忌不直接等于冲突方式好坏；只修正调用顺畅度、资源压力和状态切换。,原十神性质有效；真合化成立时按化神所属功能系统重建。,由共享基础引擎判定,57,达到门槛后写入主模式；否则降为候选,conflict_pattern,模式只有在不同来源相互印证时才可写入正文；否则降为候选。,这一判断只概括你怎样处理分歧，不代表其他方式完全缺失。,不得由本规则直接推出攻击、冷战、控制、情绪虐待、暴力、分手离婚、关系失败、人格或依恋类型；不得把某种分歧处理顺序等同于爱得更多或更少。风险与失衡需转入M4，适配需转入M5。,中,待验证,,provisional=true; pattern=FP12; threshold=true,0.6
M3-CONFLICT-155,FO01 立场先行｜冲突处理顺序,L4 处理顺序与路径,CONFLICT-处理顺序,通用,顺序,FO01,,至少两个有效节点形成可解释先后，且不是仅由柱位或五行生克机械推出。,基础信号未定；真合化后原信号已失效；只有单一弱远争议信号；或该结论会越界到M4风险、M5适配。,由共享基础引擎与M3-STATE修正；日主承载只修正冲突处理的可执行性，不直接等于强硬或软弱。,不限定；夫妻星只在责任、行动、投入等冲突议题中参与接口，不作为CONFLICT唯一主轴。,由M3-BASE、日支主气及宫位动态提供；不得把日支直接写成配偶性格。,无／待CONFLICT顺序与路径规则组合,日柱与日支近位优先；全局有效独立信号可作次通道。,由共享基础引擎判定,由共享基础引擎判定,喜忌不直接等于冲突方式好坏；只修正调用顺畅度、资源压力和状态切换。,原十神性质有效；真合化成立时按化神所属功能系统重建。,由共享基础引擎判定,55,顺序候选 +6,conflict_sequence,先说明各自观点、权限和不能接受的部分，再协商。,分歧出现时，你更容易先把自己的立场和边界说清，再进入具体协商。,不得由本规则直接推出攻击、冷战、控制、情绪虐待、暴力、分手离婚、关系失败、人格或依恋类型；不得把某种分歧处理顺序等同于爱得更多或更少。风险与失衡需转入M4，适配需转入M5。,中,待验证,,provisional=true; order=FO01,0.6
M3-CONFLICT-156,FO02 事实先行｜冲突处理顺序,L4 处理顺序与路径,CONFLICT-处理顺序,通用,顺序,FO02,,至少两个有效节点形成可解释先后，且不是仅由柱位或五行生克机械推出。,基础信号未定；真合化后原信号已失效；只有单一弱远争议信号；或该结论会越界到M4风险、M5适配。,由共享基础引擎与M3-STATE修正；日主承载只修正冲突处理的可执行性，不直接等于强硬或软弱。,不限定；夫妻星只在责任、行动、投入等冲突议题中参与接口，不作为CONFLICT唯一主轴。,由M3-BASE、日支主气及宫位动态提供；不得把日支直接写成配偶性格。,无／待CONFLICT顺序与路径规则组合,日柱与日支近位优先；全局有效独立信号可作次通道。,由共享基础引擎判定,由共享基础引擎判定,喜忌不直接等于冲突方式好坏；只修正调用顺畅度、资源压力和状态切换。,原十神性质有效；真合化成立时按化神所属功能系统重建。,由共享基础引擎判定,55,顺序候选 +6,conflict_sequence,先核对发生了什么、信息是否一致，再处理感受和责任。,你通常先确认事实和问题本身，再讨论情绪、责任或下一步。,不得由本规则直接推出攻击、冷战、控制、情绪虐待、暴力、分手离婚、关系失败、人格或依恋类型；不得把某种分歧处理顺序等同于爱得更多或更少。风险与失衡需转入M4，适配需转入M5。,中,待验证,,provisional=true; order=FO02,0.6
M3-CONFLICT-157,FO03 感受先行｜冲突处理顺序,L4 处理顺序与路径,CONFLICT-处理顺序,通用,顺序,FO03,,至少两个有效节点形成可解释先后，且不是仅由柱位或五行生克机械推出。,基础信号未定；真合化后原信号已失效；只有单一弱远争议信号；或该结论会越界到M4风险、M5适配。,由共享基础引擎与M3-STATE修正；日主承载只修正冲突处理的可执行性，不直接等于强硬或软弱。,不限定；夫妻星只在责任、行动、投入等冲突议题中参与接口，不作为CONFLICT唯一主轴。,由M3-BASE、日支主气及宫位动态提供；不得把日支直接写成配偶性格。,无／待CONFLICT顺序与路径规则组合,日柱与日支近位优先；全局有效独立信号可作次通道。,由共享基础引擎判定,由共享基础引擎判定,喜忌不直接等于冲突方式好坏；只修正调用顺畅度、资源压力和状态切换。,原十神性质有效；真合化成立时按化神所属功能系统重建。,由共享基础引擎判定,55,顺序候选 +6,conflict_sequence,先确认感受与背景，让沟通恢复安全，再进入事实和方案。,你更容易先把彼此的感受和背景听明白，再处理事情本身。,不得由本规则直接推出攻击、冷战、控制、情绪虐待、暴力、分手离婚、关系失败、人格或依恋类型；不得把某种分歧处理顺序等同于爱得更多或更少。风险与失衡需转入M4，适配需转入M5。,中,待验证,,provisional=true; order=FO03,0.6
M3-CONFLICT-158,FO04 责任先行｜冲突处理顺序,L4 处理顺序与路径,CONFLICT-处理顺序,通用,顺序,FO04,,至少两个有效节点形成可解释先后，且不是仅由柱位或五行生克机械推出。,基础信号未定；真合化后原信号已失效；只有单一弱远争议信号；或该结论会越界到M4风险、M5适配。,由共享基础引擎与M3-STATE修正；日主承载只修正冲突处理的可执行性，不直接等于强硬或软弱。,不限定；夫妻星只在责任、行动、投入等冲突议题中参与接口，不作为CONFLICT唯一主轴。,由M3-BASE、日支主气及宫位动态提供；不得把日支直接写成配偶性格。,无／待CONFLICT顺序与路径规则组合,日柱与日支近位优先；全局有效独立信号可作次通道。,由共享基础引擎判定,由共享基础引擎判定,喜忌不直接等于冲突方式好坏；只修正调用顺畅度、资源压力和状态切换。,原十神性质有效；真合化成立时按化神所属功能系统重建。,由共享基础引擎判定,55,顺序候选 +6,conflict_sequence,先确认承诺、分工和应承担部分，再决定怎样修正。,你往往先回到责任和约定，确认谁需要做什么，再讨论其他层面。,不得由本规则直接推出攻击、冷战、控制、情绪虐待、暴力、分手离婚、关系失败、人格或依恋类型；不得把某种分歧处理顺序等同于爱得更多或更少。风险与失衡需转入M4，适配需转入M5。,中,待验证,,provisional=true; order=FO04,0.6
M3-CONFLICT-159,FO05 方案先行｜冲突处理顺序,L4 处理顺序与路径,CONFLICT-处理顺序,通用,顺序,FO05,,至少两个有效节点形成可解释先后，且不是仅由柱位或五行生克机械推出。,基础信号未定；真合化后原信号已失效；只有单一弱远争议信号；或该结论会越界到M4风险、M5适配。,由共享基础引擎与M3-STATE修正；日主承载只修正冲突处理的可执行性，不直接等于强硬或软弱。,不限定；夫妻星只在责任、行动、投入等冲突议题中参与接口，不作为CONFLICT唯一主轴。,由M3-BASE、日支主气及宫位动态提供；不得把日支直接写成配偶性格。,无／待CONFLICT顺序与路径规则组合,日柱与日支近位优先；全局有效独立信号可作次通道。,由共享基础引擎判定,由共享基础引擎判定,喜忌不直接等于冲突方式好坏；只修正调用顺畅度、资源压力和状态切换。,原十神性质有效；真合化成立时按化神所属功能系统重建。,由共享基础引擎判定,55,顺序候选 +6,conflict_sequence,先形成可执行的临时或正式方案，再补充解释和复盘。,你更容易先推动一个能执行的办法，让问题停止扩大，再补充沟通。,不得由本规则直接推出攻击、冷战、控制、情绪虐待、暴力、分手离婚、关系失败、人格或依恋类型；不得把某种分歧处理顺序等同于爱得更多或更少。风险与失衡需转入M4，适配需转入M5。,中,待验证,,provisional=true; order=FO05,0.6
M3-CONFLICT-160,FO06 降温先行｜冲突处理顺序,L4 处理顺序与路径,CONFLICT-处理顺序,通用,顺序,FO06,,至少两个有效节点形成可解释先后，且不是仅由柱位或五行生克机械推出。,基础信号未定；真合化后原信号已失效；只有单一弱远争议信号；或该结论会越界到M4风险、M5适配。,由共享基础引擎与M3-STATE修正；日主承载只修正冲突处理的可执行性，不直接等于强硬或软弱。,不限定；夫妻星只在责任、行动、投入等冲突议题中参与接口，不作为CONFLICT唯一主轴。,由M3-BASE、日支主气及宫位动态提供；不得把日支直接写成配偶性格。,无／待CONFLICT顺序与路径规则组合,日柱与日支近位优先；全局有效独立信号可作次通道。,由共享基础引擎判定,由共享基础引擎判定,喜忌不直接等于冲突方式好坏；只修正调用顺畅度、资源压力和状态切换。,原十神性质有效；真合化成立时按化神所属功能系统重建。,由共享基础引擎判定,55,顺序候选 +6,conflict_sequence,先降低交流强度、调整环境和节奏，再进入核心议题。,你通常先让双方回到可以继续说话的状态，再处理冲突内容。,不得由本规则直接推出攻击、冷战、控制、情绪虐待、暴力、分手离婚、关系失败、人格或依恋类型；不得把某种分歧处理顺序等同于爱得更多或更少。风险与失衡需转入M4，适配需转入M5。,中,待验证,,provisional=true; order=FO06,0.6
M3-CONFLICT-161,FO07 暂停整理先行｜冲突处理顺序,L4 处理顺序与路径,CONFLICT-处理顺序,通用,顺序,FO07,,至少两个有效节点形成可解释先后，且不是仅由柱位或五行生克机械推出。,基础信号未定；真合化后原信号已失效；只有单一弱远争议信号；或该结论会越界到M4风险、M5适配。,由共享基础引擎与M3-STATE修正；日主承载只修正冲突处理的可执行性，不直接等于强硬或软弱。,不限定；夫妻星只在责任、行动、投入等冲突议题中参与接口，不作为CONFLICT唯一主轴。,由M3-BASE、日支主气及宫位动态提供；不得把日支直接写成配偶性格。,无／待CONFLICT顺序与路径规则组合,日柱与日支近位优先；全局有效独立信号可作次通道。,由共享基础引擎判定,由共享基础引擎判定,喜忌不直接等于冲突方式好坏；只修正调用顺畅度、资源压力和状态切换。,原十神性质有效；真合化成立时按化神所属功能系统重建。,由共享基础引擎判定,55,顺序候选 +6,conflict_sequence,先短暂停顿或独立整理，随后带着更清楚的信息回归。,你可能需要先停一下想清楚，再回到沟通，而不是在混乱中继续推进。,不得由本规则直接推出攻击、冷战、控制、情绪虐待、暴力、分手离婚、关系失败、人格或依恋类型；不得把某种分歧处理顺序等同于爱得更多或更少。风险与失衡需转入M4，适配需转入M5。,中,待验证,,provisional=true; order=FO07,0.6
M3-CONFLICT-162,FO08 行动止损先行｜冲突处理顺序,L4 处理顺序与路径,CONFLICT-处理顺序,通用,顺序,FO08,,至少两个有效节点形成可解释先后，且不是仅由柱位或五行生克机械推出。,基础信号未定；真合化后原信号已失效；只有单一弱远争议信号；或该结论会越界到M4风险、M5适配。,由共享基础引擎与M3-STATE修正；日主承载只修正冲突处理的可执行性，不直接等于强硬或软弱。,不限定；夫妻星只在责任、行动、投入等冲突议题中参与接口，不作为CONFLICT唯一主轴。,由M3-BASE、日支主气及宫位动态提供；不得把日支直接写成配偶性格。,无／待CONFLICT顺序与路径规则组合,日柱与日支近位优先；全局有效独立信号可作次通道。,由共享基础引擎判定,由共享基础引擎判定,喜忌不直接等于冲突方式好坏；只修正调用顺畅度、资源压力和状态切换。,原十神性质有效；真合化成立时按化神所属功能系统重建。,由共享基础引擎判定,55,顺序候选 +6,conflict_sequence,先处理紧急问题、风险和停止线，之后再复盘关系感受。,遇到紧急或高压力分歧时，你更容易先把关键问题处理住，再回头谈感受。,不得由本规则直接推出攻击、冷战、控制、情绪虐待、暴力、分手离婚、关系失败、人格或依恋类型；不得把某种分歧处理顺序等同于爱得更多或更少。风险与失衡需转入M4，适配需转入M5。,中,待验证,,provisional=true; order=FO08,0.6
M3-CONFLICT-163,FO09 先听后说｜冲突处理顺序,L4 处理顺序与路径,CONFLICT-处理顺序,通用,顺序,FO09,,至少两个有效节点形成可解释先后，且不是仅由柱位或五行生克机械推出。,基础信号未定；真合化后原信号已失效；只有单一弱远争议信号；或该结论会越界到M4风险、M5适配。,由共享基础引擎与M3-STATE修正；日主承载只修正冲突处理的可执行性，不直接等于强硬或软弱。,不限定；夫妻星只在责任、行动、投入等冲突议题中参与接口，不作为CONFLICT唯一主轴。,由M3-BASE、日支主气及宫位动态提供；不得把日支直接写成配偶性格。,无／待CONFLICT顺序与路径规则组合,日柱与日支近位优先；全局有效独立信号可作次通道。,由共享基础引擎判定,由共享基础引擎判定,喜忌不直接等于冲突方式好坏；只修正调用顺畅度、资源压力和状态切换。,原十神性质有效；真合化成立时按化神所属功能系统重建。,由共享基础引擎判定,55,顺序候选 +6,conflict_sequence,先完整接收对方的感受、事实和立场，再形成自己的回应。,你更倾向先听清对方在说什么，再决定怎样表达自己的部分。,不得由本规则直接推出攻击、冷战、控制、情绪虐待、暴力、分手离婚、关系失败、人格或依恋类型；不得把某种分歧处理顺序等同于爱得更多或更少。风险与失衡需转入M4，适配需转入M5。,中,待验证,,provisional=true; order=FO09,0.6
M3-CONFLICT-164,FO10 先说后落实｜冲突处理顺序,L4 处理顺序与路径,CONFLICT-处理顺序,通用,顺序,FO10,,至少两个有效节点形成可解释先后，且不是仅由柱位或五行生克机械推出。,基础信号未定；真合化后原信号已失效；只有单一弱远争议信号；或该结论会越界到M4风险、M5适配。,由共享基础引擎与M3-STATE修正；日主承载只修正冲突处理的可执行性，不直接等于强硬或软弱。,不限定；夫妻星只在责任、行动、投入等冲突议题中参与接口，不作为CONFLICT唯一主轴。,由M3-BASE、日支主气及宫位动态提供；不得把日支直接写成配偶性格。,无／待CONFLICT顺序与路径规则组合,日柱与日支近位优先；全局有效独立信号可作次通道。,由共享基础引擎判定,由共享基础引擎判定,喜忌不直接等于冲突方式好坏；只修正调用顺畅度、资源压力和状态切换。,原十神性质有效；真合化成立时按化神所属功能系统重建。,由共享基础引擎判定,55,顺序候选 +6,conflict_sequence,先把问题、需要和方案说明，再转成现实安排和行动。,你更容易先说清楚，再把沟通转成具体做法和后续安排。,不得由本规则直接推出攻击、冷战、控制、情绪虐待、暴力、分手离婚、关系失败、人格或依恋类型；不得把某种分歧处理顺序等同于爱得更多或更少。风险与失衡需转入M4，适配需转入M5。,中,待验证,,provisional=true; order=FO10,0.6
M3-CONFLICT-165,FO11 往返校准｜冲突处理顺序,L4 处理顺序与路径,CONFLICT-处理顺序,通用,顺序,FO11,,至少两个有效节点形成可解释先后，且不是仅由柱位或五行生克机械推出。,基础信号未定；真合化后原信号已失效；只有单一弱远争议信号；或该结论会越界到M4风险、M5适配。,由共享基础引擎与M3-STATE修正；日主承载只修正冲突处理的可执行性，不直接等于强硬或软弱。,不限定；夫妻星只在责任、行动、投入等冲突议题中参与接口，不作为CONFLICT唯一主轴。,由M3-BASE、日支主气及宫位动态提供；不得把日支直接写成配偶性格。,无／待CONFLICT顺序与路径规则组合,日柱与日支近位优先；全局有效独立信号可作次通道。,由共享基础引擎判定,由共享基础引擎判定,喜忌不直接等于冲突方式好坏；只修正调用顺畅度、资源压力和状态切换。,原十神性质有效；真合化成立时按化神所属功能系统重建。,由共享基础引擎判定,55,顺序候选 +6,conflict_sequence,事实、感受、立场和方案在对话中反复互相校准。,你的处理过程更像来回校准：每获得一段新信息，就调整理解和方案。,不得由本规则直接推出攻击、冷战、控制、情绪虐待、暴力、分手离婚、关系失败、人格或依恋类型；不得把某种分歧处理顺序等同于爱得更多或更少。风险与失衡需转入M4，适配需转入M5。,中,待验证,,provisional=true; order=FO11,0.6
M3-CONFLICT-166,FO12 顺序未定｜冲突处理顺序,L4 处理顺序与路径,CONFLICT-处理顺序,通用,顺序,FO12,,至少两个有效节点形成可解释先后，且不是仅由柱位或五行生克机械推出。,基础信号未定；真合化后原信号已失效；只有单一弱远争议信号；或该结论会越界到M4风险、M5适配。,由共享基础引擎与M3-STATE修正；日主承载只修正冲突处理的可执行性，不直接等于强硬或软弱。,不限定；夫妻星只在责任、行动、投入等冲突议题中参与接口，不作为CONFLICT唯一主轴。,由M3-BASE、日支主气及宫位动态提供；不得把日支直接写成配偶性格。,无／待CONFLICT顺序与路径规则组合,日柱与日支近位优先；全局有效独立信号可作次通道。,由共享基础引擎判定,由共享基础引擎判定,喜忌不直接等于冲突方式好坏；只修正调用顺畅度、资源压力和状态切换。,原十神性质有效；真合化成立时按化神所属功能系统重建。,由共享基础引擎判定,55,不加分；降置信,conflict_sequence,不同议题或压力水平会改变先后，现有证据不足以固定。,目前只能确认你会在表达、暂停、行动和承接之间切换，具体先后取决于情境。,不得由本规则直接推出攻击、冷战、控制、情绪虐待、暴力、分手离婚、关系失败、人格或依恋类型；不得把某种分歧处理顺序等同于爱得更多或更少。风险与失衡需转入M4，适配需转入M5。,中,待验证,,provisional=true; order=FO12,0.6
M3-CONFLICT-167,FS01 事实→感受｜序列结构,L4 处理顺序与路径,CONFLICT-序列结构,通用,序列,FS01,,起点、转换和终点均有可靠证据；FS01为FS08时适用于桥梁缺失或状态争议。,基础信号未定；真合化后原信号已失效；只有单一弱远争议信号；或该结论会越界到M4风险、M5适配。,由共享基础引擎与M3-STATE修正；日主承载只修正冲突处理的可执行性，不直接等于强硬或软弱。,不限定；夫妻星只在责任、行动、投入等冲突议题中参与接口，不作为CONFLICT唯一主轴。,由M3-BASE、日支主气及宫位动态提供；不得把日支直接写成配偶性格。,无／待CONFLICT顺序与路径规则组合,日柱与日支近位优先；全局有效独立信号可作次通道。,由共享基础引擎判定,由共享基础引擎判定,喜忌不直接等于冲突方式好坏；只修正调用顺畅度、资源压力和状态切换。,原十神性质有效；真合化成立时按化神所属功能系统重建。,由共享基础引擎判定,54,序列候选 +6,conflict_sequence,先核对事实、逻辑或安排，再补充感受和理解。,你通常先把事情说清，再回到彼此感受，避免情绪和事实混在一起。,不得由本规则直接推出攻击、冷战、控制、情绪虐待、暴力、分手离婚、关系失败、人格或依恋类型；不得把某种分歧处理顺序等同于爱得更多或更少。风险与失衡需转入M4，适配需转入M5。,中,待验证,,provisional=true; sequence=FS01,0.6
M3-CONFLICT-168,FS02 感受→事实｜序列结构,L4 处理顺序与路径,CONFLICT-序列结构,通用,序列,FS02,,起点、转换和终点均有可靠证据；FS02为FS08时适用于桥梁缺失或状态争议。,基础信号未定；真合化后原信号已失效；只有单一弱远争议信号；或该结论会越界到M4风险、M5适配。,由共享基础引擎与M3-STATE修正；日主承载只修正冲突处理的可执行性，不直接等于强硬或软弱。,不限定；夫妻星只在责任、行动、投入等冲突议题中参与接口，不作为CONFLICT唯一主轴。,由M3-BASE、日支主气及宫位动态提供；不得把日支直接写成配偶性格。,无／待CONFLICT顺序与路径规则组合,日柱与日支近位优先；全局有效独立信号可作次通道。,由共享基础引擎判定,由共享基础引擎判定,喜忌不直接等于冲突方式好坏；只修正调用顺畅度、资源压力和状态切换。,原十神性质有效；真合化成立时按化神所属功能系统重建。,由共享基础引擎判定,54,序列候选 +6,conflict_sequence,先恢复被理解和可交流状态，再进入事实、责任与方案。,你更容易先确认双方感受，再处理具体问题。,不得由本规则直接推出攻击、冷战、控制、情绪虐待、暴力、分手离婚、关系失败、人格或依恋类型；不得把某种分歧处理顺序等同于爱得更多或更少。风险与失衡需转入M4，适配需转入M5。,中,待验证,,provisional=true; sequence=FS02,0.6
M3-CONFLICT-169,FS03 立场→协商｜序列结构,L4 处理顺序与路径,CONFLICT-序列结构,通用,序列,FS03,,起点、转换和终点均有可靠证据；FS03为FS08时适用于桥梁缺失或状态争议。,基础信号未定；真合化后原信号已失效；只有单一弱远争议信号；或该结论会越界到M4风险、M5适配。,由共享基础引擎与M3-STATE修正；日主承载只修正冲突处理的可执行性，不直接等于强硬或软弱。,不限定；夫妻星只在责任、行动、投入等冲突议题中参与接口，不作为CONFLICT唯一主轴。,由M3-BASE、日支主气及宫位动态提供；不得把日支直接写成配偶性格。,无／待CONFLICT顺序与路径规则组合,日柱与日支近位优先；全局有效独立信号可作次通道。,由共享基础引擎判定,由共享基础引擎判定,喜忌不直接等于冲突方式好坏；只修正调用顺畅度、资源压力和状态切换。,原十神性质有效；真合化成立时按化神所属功能系统重建。,由共享基础引擎判定,54,序列候选 +6,conflict_sequence,先说明立场和限制，再讨论可调整范围与共同方案。,你会先让彼此知道各自的位置，再进入协商。,不得由本规则直接推出攻击、冷战、控制、情绪虐待、暴力、分手离婚、关系失败、人格或依恋类型；不得把某种分歧处理顺序等同于爱得更多或更少。风险与失衡需转入M4，适配需转入M5。,中,待验证,,provisional=true; sequence=FS03,0.6
M3-CONFLICT-170,FS04 规则→方案｜序列结构,L4 处理顺序与路径,CONFLICT-序列结构,通用,序列,FS04,,起点、转换和终点均有可靠证据；FS04为FS08时适用于桥梁缺失或状态争议。,基础信号未定；真合化后原信号已失效；只有单一弱远争议信号；或该结论会越界到M4风险、M5适配。,由共享基础引擎与M3-STATE修正；日主承载只修正冲突处理的可执行性，不直接等于强硬或软弱。,不限定；夫妻星只在责任、行动、投入等冲突议题中参与接口，不作为CONFLICT唯一主轴。,由M3-BASE、日支主气及宫位动态提供；不得把日支直接写成配偶性格。,无／待CONFLICT顺序与路径规则组合,日柱与日支近位优先；全局有效独立信号可作次通道。,由共享基础引擎判定,由共享基础引擎判定,喜忌不直接等于冲突方式好坏；只修正调用顺畅度、资源压力和状态切换。,原十神性质有效；真合化成立时按化神所属功能系统重建。,由共享基础引擎判定,54,序列候选 +6,conflict_sequence,先核对约定、角色和责任，再形成执行方案。,你往往先确认规则和责任，再决定具体怎么改。,不得由本规则直接推出攻击、冷战、控制、情绪虐待、暴力、分手离婚、关系失败、人格或依恋类型；不得把某种分歧处理顺序等同于爱得更多或更少。风险与失衡需转入M4，适配需转入M5。,中,待验证,,provisional=true; sequence=FS04,0.6
M3-CONFLICT-171,FS05 行动→复盘｜序列结构,L4 处理顺序与路径,CONFLICT-序列结构,通用,序列,FS05,,起点、转换和终点均有可靠证据；FS05为FS08时适用于桥梁缺失或状态争议。,基础信号未定；真合化后原信号已失效；只有单一弱远争议信号；或该结论会越界到M4风险、M5适配。,由共享基础引擎与M3-STATE修正；日主承载只修正冲突处理的可执行性，不直接等于强硬或软弱。,不限定；夫妻星只在责任、行动、投入等冲突议题中参与接口，不作为CONFLICT唯一主轴。,由M3-BASE、日支主气及宫位动态提供；不得把日支直接写成配偶性格。,无／待CONFLICT顺序与路径规则组合,日柱与日支近位优先；全局有效独立信号可作次通道。,由共享基础引擎判定,由共享基础引擎判定,喜忌不直接等于冲突方式好坏；只修正调用顺畅度、资源压力和状态切换。,原十神性质有效；真合化成立时按化神所属功能系统重建。,由共享基础引擎判定,54,序列候选 +6,conflict_sequence,先止损或处理现实任务，事情稳定后再复盘原因和感受。,你可能先把眼前问题处理好，再回头整理这次分歧。,不得由本规则直接推出攻击、冷战、控制、情绪虐待、暴力、分手离婚、关系失败、人格或依恋类型；不得把某种分歧处理顺序等同于爱得更多或更少。风险与失衡需转入M4，适配需转入M5。,中,待验证,,provisional=true; sequence=FS05,0.6
M3-CONFLICT-172,FS06 暂停→回归｜序列结构,L4 处理顺序与路径,CONFLICT-序列结构,通用,序列,FS06,,起点、转换和终点均有可靠证据；FS06为FS08时适用于桥梁缺失或状态争议。,基础信号未定；真合化后原信号已失效；只有单一弱远争议信号；或该结论会越界到M4风险、M5适配。,由共享基础引擎与M3-STATE修正；日主承载只修正冲突处理的可执行性，不直接等于强硬或软弱。,不限定；夫妻星只在责任、行动、投入等冲突议题中参与接口，不作为CONFLICT唯一主轴。,由M3-BASE、日支主气及宫位动态提供；不得把日支直接写成配偶性格。,无／待CONFLICT顺序与路径规则组合,日柱与日支近位优先；全局有效独立信号可作次通道。,由共享基础引擎判定,由共享基础引擎判定,喜忌不直接等于冲突方式好坏；只修正调用顺畅度、资源压力和状态切换。,原十神性质有效；真合化成立时按化神所属功能系统重建。,由共享基础引擎判定,54,序列候选 +6,conflict_sequence,先暂停整理或降温，再带着更清楚的信息回到同一问题。,你需要的暂停有明确回归点，而不是无限期搁置。,不得由本规则直接推出攻击、冷战、控制、情绪虐待、暴力、分手离婚、关系失败、人格或依恋类型；不得把某种分歧处理顺序等同于爱得更多或更少。风险与失衡需转入M4，适配需转入M5。,中,待验证,,provisional=true; sequence=FS06,0.6
M3-CONFLICT-173,FS07 往返验证｜序列结构,L4 处理顺序与路径,CONFLICT-序列结构,通用,序列,FS07,,起点、转换和终点均有可靠证据；FS07为FS08时适用于桥梁缺失或状态争议。,基础信号未定；真合化后原信号已失效；只有单一弱远争议信号；或该结论会越界到M4风险、M5适配。,由共享基础引擎与M3-STATE修正；日主承载只修正冲突处理的可执行性，不直接等于强硬或软弱。,不限定；夫妻星只在责任、行动、投入等冲突议题中参与接口，不作为CONFLICT唯一主轴。,由M3-BASE、日支主气及宫位动态提供；不得把日支直接写成配偶性格。,无／待CONFLICT顺序与路径规则组合,日柱与日支近位优先；全局有效独立信号可作次通道。,由共享基础引擎判定,由共享基础引擎判定,喜忌不直接等于冲突方式好坏；只修正调用顺畅度、资源压力和状态切换。,原十神性质有效；真合化成立时按化神所属功能系统重建。,由共享基础引擎判定,54,序列候选 +6,conflict_sequence,事实、感受、责任和方案通过多轮回应互相修正。,你的处理更像多轮校准，答案会随着新信息逐步清楚。,不得由本规则直接推出攻击、冷战、控制、情绪虐待、暴力、分手离婚、关系失败、人格或依恋类型；不得把某种分歧处理顺序等同于爱得更多或更少。风险与失衡需转入M4，适配需转入M5。,中,待验证,,provisional=true; sequence=FS07,0.6
M3-CONFLICT-174,FS08 断流／未定｜序列结构,L4 处理顺序与路径,CONFLICT-序列结构,通用,序列,FS08,,起点、转换和终点均有可靠证据；FS08为FS08时适用于桥梁缺失或状态争议。,基础信号未定；真合化后原信号已失效；只有单一弱远争议信号；或该结论会越界到M4风险、M5适配。,由共享基础引擎与M3-STATE修正；日主承载只修正冲突处理的可执行性，不直接等于强硬或软弱。,不限定；夫妻星只在责任、行动、投入等冲突议题中参与接口，不作为CONFLICT唯一主轴。,由M3-BASE、日支主气及宫位动态提供；不得把日支直接写成配偶性格。,无／待CONFLICT顺序与路径规则组合,日柱与日支近位优先；全局有效独立信号可作次通道。,由共享基础引擎判定,由共享基础引擎判定,喜忌不直接等于冲突方式好坏；只修正调用顺畅度、资源压力和状态切换。,原十神性质有效；真合化成立时按化神所属功能系统重建。,由共享基础引擎判定,54,停止／降置信,conflict_sequence,关键桥梁缺失、主次争议或没有可靠回归路径。,目前无法确认稳定处理链，只能保留局部反应，不硬写完整流程。,不得由本规则直接推出攻击、冷战、控制、情绪虐待、暴力、分手离婚、关系失败、人格或依恋类型；不得把某种分歧处理顺序等同于爱得更多或更少。风险与失衡需转入M4，适配需转入M5。,中,待验证,,provisional=true; sequence=FS08,0.6
M3-CONFLICT-175,FF01 安全→立场｜功能转换路径,L4 处理顺序与路径,CONFLICT-功能路径,通用,路径,正印／偏印→比肩／劫财,,两端功能信号均有效，且存在第二类独立证据支持现实先后或转换；不得仅凭五行生克。,基础信号未定；真合化后原信号已失效；只有单一弱远争议信号；或该结论会越界到M4风险、M5适配。,由共享基础引擎与M3-STATE修正；日主承载只修正冲突处理的可执行性，不直接等于强硬或软弱。,不限定；夫妻星只在责任、行动、投入等冲突议题中参与接口，不作为CONFLICT唯一主轴。,由M3-BASE、日支主气及宫位动态提供；不得把日支直接写成配偶性格。,无／待CONFLICT顺序与路径规则组合,日柱与日支近位优先；全局有效独立信号可作次通道。,由共享基础引擎判定,由共享基础引擎判定,喜忌不直接等于冲突方式好坏；只修正调用顺畅度、资源压力和状态切换。,原十神性质有效；真合化成立时按化神所属功能系统重建。,由共享基础引擎判定,53,路径候选 +6,conflict_path,先获得理解、整理和安全感，再形成自己的立场与参与方式。,你更容易在被理解或想清楚以后，再把自己的立场说出来。,不得由本规则直接推出攻击、冷战、控制、情绪虐待、暴力、分手离婚、关系失败、人格或依恋类型；不得把某种分歧处理顺序等同于爱得更多或更少。风险与失衡需转入M4，适配需转入M5。,中高,待验证,,provisional=true; path=FF01,0.6
M3-CONFLICT-176,FF02 平等→表达｜功能转换路径,L4 处理顺序与路径,CONFLICT-功能路径,通用,路径,比肩／劫财→食神／伤官,,两端功能信号均有效，且存在第二类独立证据支持现实先后或转换；不得仅凭五行生克。,基础信号未定；真合化后原信号已失效；只有单一弱远争议信号；或该结论会越界到M4风险、M5适配。,由共享基础引擎与M3-STATE修正；日主承载只修正冲突处理的可执行性，不直接等于强硬或软弱。,不限定；夫妻星只在责任、行动、投入等冲突议题中参与接口，不作为CONFLICT唯一主轴。,由M3-BASE、日支主气及宫位动态提供；不得把日支直接写成配偶性格。,无／待CONFLICT顺序与路径规则组合,日柱与日支近位优先；全局有效独立信号可作次通道。,由共享基础引擎判定,由共享基础引擎判定,喜忌不直接等于冲突方式好坏；只修正调用顺畅度、资源压力和状态切换。,原十神性质有效；真合化成立时按化神所属功能系统重建。,由共享基础引擎判定,53,路径候选 +6,conflict_path,先确认双方都有表达和选择权，再进入具体沟通。,你需要先确认彼此能够平等参与，才更愿意把问题完整说开。,不得由本规则直接推出攻击、冷战、控制、情绪虐待、暴力、分手离婚、关系失败、人格或依恋类型；不得把某种分歧处理顺序等同于爱得更多或更少。风险与失衡需转入M4，适配需转入M5。,中高,待验证,,provisional=true; path=FF02,0.6
M3-CONFLICT-177,FF03 表达→现实｜功能转换路径,L4 处理顺序与路径,CONFLICT-功能路径,通用,路径,食神／伤官→正财／偏财,,两端功能信号均有效，且存在第二类独立证据支持现实先后或转换；不得仅凭五行生克。,基础信号未定；真合化后原信号已失效；只有单一弱远争议信号；或该结论会越界到M4风险、M5适配。,由共享基础引擎与M3-STATE修正；日主承载只修正冲突处理的可执行性，不直接等于强硬或软弱。,不限定；夫妻星只在责任、行动、投入等冲突议题中参与接口，不作为CONFLICT唯一主轴。,由M3-BASE、日支主气及宫位动态提供；不得把日支直接写成配偶性格。,无／待CONFLICT顺序与路径规则组合,日柱与日支近位优先；全局有效独立信号可作次通道。,由共享基础引擎判定,由共享基础引擎判定,喜忌不直接等于冲突方式好坏；只修正调用顺畅度、资源压力和状态切换。,原十神性质有效；真合化成立时按化神所属功能系统重建。,由共享基础引擎判定,53,路径候选 +6,conflict_path,先把问题、感受和需求说清，再转成时间、资源和安排。,你会先通过沟通形成理解，再把结果落实到具体安排。,不得由本规则直接推出攻击、冷战、控制、情绪虐待、暴力、分手离婚、关系失败、人格或依恋类型；不得把某种分歧处理顺序等同于爱得更多或更少。风险与失衡需转入M4，适配需转入M5。,中高,待验证,,provisional=true; path=FF03,0.6
M3-CONFLICT-178,FF04 现实→责任｜功能转换路径,L4 处理顺序与路径,CONFLICT-功能路径,通用,路径,正财／偏财→正官／七杀,,两端功能信号均有效，且存在第二类独立证据支持现实先后或转换；不得仅凭五行生克。,基础信号未定；真合化后原信号已失效；只有单一弱远争议信号；或该结论会越界到M4风险、M5适配。,由共享基础引擎与M3-STATE修正；日主承载只修正冲突处理的可执行性，不直接等于强硬或软弱。,不限定；夫妻星只在责任、行动、投入等冲突议题中参与接口，不作为CONFLICT唯一主轴。,由M3-BASE、日支主气及宫位动态提供；不得把日支直接写成配偶性格。,无／待CONFLICT顺序与路径规则组合,日柱与日支近位优先；全局有效独立信号可作次通道。,由共享基础引擎判定,由共享基础引擎判定,喜忌不直接等于冲突方式好坏；只修正调用顺畅度、资源压力和状态切换。,原十神性质有效；真合化成立时按化神所属功能系统重建。,由共享基础引擎判定,53,路径候选 +6,conflict_path,先核对实际投入和条件，再明确谁负责、怎样执行或止损。,你通常先看现实发生了什么，再把责任和下一步定下来。,不得由本规则直接推出攻击、冷战、控制、情绪虐待、暴力、分手离婚、关系失败、人格或依恋类型；不得把某种分歧处理顺序等同于爱得更多或更少。风险与失衡需转入M4，适配需转入M5。,中高,待验证,,provisional=true; path=FF04,0.6
M3-CONFLICT-179,FF05 责任→理解｜功能转换路径,L4 处理顺序与路径,CONFLICT-功能路径,通用,路径,正官／七杀→正印／偏印,,两端功能信号均有效，且存在第二类独立证据支持现实先后或转换；不得仅凭五行生克。,基础信号未定；真合化后原信号已失效；只有单一弱远争议信号；或该结论会越界到M4风险、M5适配。,由共享基础引擎与M3-STATE修正；日主承载只修正冲突处理的可执行性，不直接等于强硬或软弱。,不限定；夫妻星只在责任、行动、投入等冲突议题中参与接口，不作为CONFLICT唯一主轴。,由M3-BASE、日支主气及宫位动态提供；不得把日支直接写成配偶性格。,无／待CONFLICT顺序与路径规则组合,日柱与日支近位优先；全局有效独立信号可作次通道。,由共享基础引擎判定,由共享基础引擎判定,喜忌不直接等于冲突方式好坏；只修正调用顺畅度、资源压力和状态切换。,原十神性质有效；真合化成立时按化神所属功能系统重建。,由共享基础引擎判定,53,路径候选 +6,conflict_path,先处理责任、风险或紧急事项，再补充情绪承接和内部整理。,你可能先把必须承担的事情处理好，再回到理解和感受。,不得由本规则直接推出攻击、冷战、控制、情绪虐待、暴力、分手离婚、关系失败、人格或依恋类型；不得把某种分歧处理顺序等同于爱得更多或更少。风险与失衡需转入M4，适配需转入M5。,中高,待验证,,provisional=true; path=FF05,0.6
M3-CONFLICT-180,FF06 内化→说明｜功能转换路径,L4 处理顺序与路径,CONFLICT-功能路径,通用,路径,偏印／正印→伤官／食神,,两端功能信号均有效，且存在第二类独立证据支持现实先后或转换；不得仅凭五行生克。,基础信号未定；真合化后原信号已失效；只有单一弱远争议信号；或该结论会越界到M4风险、M5适配。,由共享基础引擎与M3-STATE修正；日主承载只修正冲突处理的可执行性，不直接等于强硬或软弱。,不限定；夫妻星只在责任、行动、投入等冲突议题中参与接口，不作为CONFLICT唯一主轴。,由M3-BASE、日支主气及宫位动态提供；不得把日支直接写成配偶性格。,无／待CONFLICT顺序与路径规则组合,日柱与日支近位优先；全局有效独立信号可作次通道。,由共享基础引擎判定,由共享基础引擎判定,喜忌不直接等于冲突方式好坏；只修正调用顺畅度、资源压力和状态切换。,原十神性质有效；真合化成立时按化神所属功能系统重建。,由共享基础引擎判定,53,路径候选 +6,conflict_path,先整理复杂信息和感受，再以清楚或温和方式回应。,你通常先想清楚，再选择合适的方式把核心说出来。,不得由本规则直接推出攻击、冷战、控制、情绪虐待、暴力、分手离婚、关系失败、人格或依恋类型；不得把某种分歧处理顺序等同于爱得更多或更少。风险与失衡需转入M4，适配需转入M5。,中高,待验证,,provisional=true; path=FF06,0.6
M3-CONFLICT-181,FF07 行动→承接｜功能转换路径,L4 处理顺序与路径,CONFLICT-功能路径,通用,路径,七杀／劫财→正印／食神,,两端功能信号均有效，且存在第二类独立证据支持现实先后或转换；不得仅凭五行生克。,基础信号未定；真合化后原信号已失效；只有单一弱远争议信号；或该结论会越界到M4风险、M5适配。,由共享基础引擎与M3-STATE修正；日主承载只修正冲突处理的可执行性，不直接等于强硬或软弱。,不限定；夫妻星只在责任、行动、投入等冲突议题中参与接口，不作为CONFLICT唯一主轴。,由M3-BASE、日支主气及宫位动态提供；不得把日支直接写成配偶性格。,无／待CONFLICT顺序与路径规则组合,日柱与日支近位优先；全局有效独立信号可作次通道。,由共享基础引擎判定,由共享基础引擎判定,喜忌不直接等于冲突方式好坏；只修正调用顺畅度、资源压力和状态切换。,原十神性质有效；真合化成立时按化神所属功能系统重建。,由共享基础引擎判定,53,路径候选 +6,conflict_path,先介入、止损或共同处理，随后降低强度并恢复可交流状态。,你可能先处理眼前问题，随后再让双方重新回到可沟通状态。,不得由本规则直接推出攻击、冷战、控制、情绪虐待、暴力、分手离婚、关系失败、人格或依恋类型；不得把某种分歧处理顺序等同于爱得更多或更少。风险与失衡需转入M4，适配需转入M5。,中高,待验证,,provisional=true; path=FF07,0.6
M3-CONFLICT-182,FF08 方案→重订｜功能转换路径,L4 处理顺序与路径,CONFLICT-功能路径,通用,路径,财星／官杀→BOUND／REPAIR,,两端功能信号均有效，且存在第二类独立证据支持现实先后或转换；不得仅凭五行生克。,基础信号未定；真合化后原信号已失效；只有单一弱远争议信号；或该结论会越界到M4风险、M5适配。,由共享基础引擎与M3-STATE修正；日主承载只修正冲突处理的可执行性，不直接等于强硬或软弱。,不限定；夫妻星只在责任、行动、投入等冲突议题中参与接口，不作为CONFLICT唯一主轴。,由M3-BASE、日支主气及宫位动态提供；不得把日支直接写成配偶性格。,无／待CONFLICT顺序与路径规则组合,日柱与日支近位优先；全局有效独立信号可作次通道。,由共享基础引擎判定,由共享基础引擎判定,喜忌不直接等于冲突方式好坏；只修正调用顺畅度、资源压力和状态切换。,原十神性质有效；真合化成立时按化神所属功能系统重建。,由共享基础引擎判定,53,路径候选 +6,conflict_path,先形成现实方案，再把权限、规则或后续修复条件重新确认。,事情有了办法以后，你还需要把新的分工、边界或后续安排说清。,不得由本规则直接推出攻击、冷战、控制、情绪虐待、暴力、分手离婚、关系失败、人格或依恋类型；不得把某种分歧处理顺序等同于爱得更多或更少。风险与失衡需转入M4，适配需转入M5。,中高,待验证,,provisional=true; path=FF08,0.6
M3-CONFLICT-183,日支合｜CONFLICT基础节奏,L5 宫位动态修正,CONFLICT-日支合,通用,宫位动态,日支合,,日支合成立且基础结构可靠；只作为冲突节奏修正。,基础信号未定；真合化后原信号已失效；只有单一弱远争议信号；或该结论会越界到M4风险、M5适配。,由共享基础引擎与M3-STATE修正；日主承载只修正冲突处理的可执行性，不直接等于强硬或软弱。,不限定；夫妻星只在责任、行动、投入等冲突议题中参与接口，不作为CONFLICT唯一主轴。,由M3-BASE、日支主气及宫位动态提供；不得把日支直接写成配偶性格。,无／待CONFLICT顺序与路径规则组合,日柱与日支近位优先；全局有效独立信号可作次通道。,由共享基础引擎判定,由共享基础引擎判定,喜忌不直接等于冲突方式好坏；只修正调用顺畅度、资源压力和状态切换。,原十神性质有效；真合化成立时按化神所属功能系统重建。,由共享基础引擎判定,64,节奏修正 +4,palace_rhythm,分歧中的多个议题、关系需要或现实条件容易被牵连到一起，需要先区分哪些应合并处理、哪些应分开。,分歧中的多个议题、关系需要或现实条件容易被牵连到一起，需要先区分哪些应合并处理、哪些应分开。,不得由本规则直接推出攻击、冷战、控制、情绪虐待、暴力、分手离婚、关系失败、人格或依恋类型；不得把某种分歧处理顺序等同于爱得更多或更少。风险与失衡需转入M4，适配需转入M5。,中,待验证,,provisional=true; palace_dynamic=合; item=base,0.6
M3-CONFLICT-184,日支合｜第一反应修正,L5 宫位动态修正,CONFLICT-日支合,通用,第一反应修正,日支合,,日支合成立，且主冲突通道已有可靠基础。,基础信号未定；真合化后原信号已失效；只有单一弱远争议信号；或该结论会越界到M4风险、M5适配。,由共享基础引擎与M3-STATE修正；日主承载只修正冲突处理的可执行性，不直接等于强硬或软弱。,不限定；夫妻星只在责任、行动、投入等冲突议题中参与接口，不作为CONFLICT唯一主轴。,由M3-BASE、日支主气及宫位动态提供；不得把日支直接写成配偶性格。,无／待CONFLICT顺序与路径规则组合,日柱与日支近位优先；全局有效独立信号可作次通道。,由共享基础引擎判定,由共享基础引擎判定,喜忌不直接等于冲突方式好坏；只修正调用顺畅度、资源压力和状态切换。,原十神性质有效；真合化成立时按化神所属功能系统重建。,由共享基础引擎判定,61,第一反应修正 +3,first_response,第一反应可能倾向协调、寻找共同点或避免把问题完全切成对立双方。,第一反应可能倾向协调、寻找共同点或避免把问题完全切成对立双方。,不得由本规则直接推出攻击、冷战、控制、情绪虐待、暴力、分手离婚、关系失败、人格或依恋类型；不得把某种分歧处理顺序等同于爱得更多或更少。风险与失衡需转入M4，适配需转入M5。,中,待验证,,provisional=true; palace_dynamic=合; item=first,0.6
M3-CONFLICT-185,日支合｜暂停与回归修正,L5 宫位动态修正,CONFLICT-日支合,通用,暂停修正,日支合,,日支合成立，且FQ07或REPAIR接口被调用。,基础信号未定；真合化后原信号已失效；只有单一弱远争议信号；或该结论会越界到M4风险、M5适配。,由共享基础引擎与M3-STATE修正；日主承载只修正冲突处理的可执行性，不直接等于强硬或软弱。,不限定；夫妻星只在责任、行动、投入等冲突议题中参与接口，不作为CONFLICT唯一主轴。,由M3-BASE、日支主气及宫位动态提供；不得把日支直接写成配偶性格。,无／待CONFLICT顺序与路径规则组合,日柱与日支近位优先；全局有效独立信号可作次通道。,由共享基础引擎判定,由共享基础引擎判定,喜忌不直接等于冲突方式好坏；只修正调用顺畅度、资源压力和状态切换。,原十神性质有效；真合化成立时按化神所属功能系统重建。,由共享基础引擎判定,60,暂停／回归候选 +3,pause_style,暂停后更适合回到共同目标，再分别处理细节和责任。,暂停后更适合回到共同目标，再分别处理细节和责任。,不得由本规则直接推出攻击、冷战、控制、情绪虐待、暴力、分手离婚、关系失败、人格或依恋类型；不得把某种分歧处理顺序等同于爱得更多或更少。风险与失衡需转入M4，适配需转入M5。,中,待验证,,provisional=true; palace_dynamic=合; item=pause,0.6
M3-CONFLICT-186,日支合｜禁止结果化解释,L5 宫位动态修正,CONFLICT-日支合,通用,禁止推断,日支合,,日支合被识别。,基础信号未定；真合化后原信号已失效；只有单一弱远争议信号；或该结论会越界到M4风险、M5适配。,由共享基础引擎与M3-STATE修正；日主承载只修正冲突处理的可执行性，不直接等于强硬或软弱。,不限定；夫妻星只在责任、行动、投入等冲突议题中参与接口，不作为CONFLICT唯一主轴。,由M3-BASE、日支主气及宫位动态提供；不得把日支直接写成配偶性格。,无／待CONFLICT顺序与路径规则组合,日柱与日支近位优先；全局有效独立信号可作次通道。,由共享基础引擎判定,由共享基础引擎判定,喜忌不直接等于冲突方式好坏；只修正调用顺畅度、资源压力和状态切换。,原十神性质有效；真合化成立时按化神所属功能系统重建。,由共享基础引擎判定,92,不加分；边界检查,boundary_note,日支合在M3-CONFLICT中只修正分歧的显化、校正或重订节奏。,这里仅把日支合作为分歧节奏修正，不把它直接写成关系结果。,不得由本规则直接推出攻击、冷战、控制、情绪虐待、暴力、分手离婚、关系失败、人格或依恋类型；不得把某种分歧处理顺序等同于爱得更多或更少。风险与失衡需转入M4，适配需转入M5。,高,待验证,,provisional=true; palace_dynamic=合; item=forbid,0.6
M3-CONFLICT-187,日支合｜停止／改道路由,L5 宫位动态修正,CONFLICT-日支合,通用,停止／路由,日支合,,日支合的成立、作用对象、阶段性或合化状态存在争议。,基础信号未定；真合化后原信号已失效；只有单一弱远争议信号；或该结论会越界到M4风险、M5适配。,由共享基础引擎与M3-STATE修正；日主承载只修正冲突处理的可执行性，不直接等于强硬或软弱。,不限定；夫妻星只在责任、行动、投入等冲突议题中参与接口，不作为CONFLICT唯一主轴。,由M3-BASE、日支主气及宫位动态提供；不得把日支直接写成配偶性格。,无／待CONFLICT顺序与路径规则组合,日柱与日支近位优先；全局有效独立信号可作次通道。,由共享基础引擎判定,由共享基础引擎判定,喜忌不直接等于冲突方式好坏；只修正调用顺畅度、资源压力和状态切换。,原十神性质有效；真合化成立时按化神所属功能系统重建。,由共享基础引擎判定,91,停止／替换／降置信,report_status,合的具体对象、是否合化或作用层级存在争议时，只保留“整合需求”而不固定冲突模式。,合的具体对象、是否合化或作用层级存在争议时，只保留“整合需求”而不固定冲突模式。,不得由本规则直接推出攻击、冷战、控制、情绪虐待、暴力、分手离婚、关系失败、人格或依恋类型；不得把某种分歧处理顺序等同于爱得更多或更少。风险与失衡需转入M4，适配需转入M5。,高,待验证,,provisional=true; palace_dynamic=合; item=stop,0.6
M3-CONFLICT-188,日支冲｜CONFLICT基础节奏,L5 宫位动态修正,CONFLICT-日支冲,通用,宫位动态,日支冲,,日支冲成立且基础结构可靠；只作为冲突节奏修正。,基础信号未定；真合化后原信号已失效；只有单一弱远争议信号；或该结论会越界到M4风险、M5适配。,由共享基础引擎与M3-STATE修正；日主承载只修正冲突处理的可执行性，不直接等于强硬或软弱。,不限定；夫妻星只在责任、行动、投入等冲突议题中参与接口，不作为CONFLICT唯一主轴。,由M3-BASE、日支主气及宫位动态提供；不得把日支直接写成配偶性格。,无／待CONFLICT顺序与路径规则组合,日柱与日支近位优先；全局有效独立信号可作次通道。,由共享基础引擎判定,由共享基础引擎判定,喜忌不直接等于冲突方式好坏；只修正调用顺畅度、资源压力和状态切换。,原十神性质有效；真合化成立时按化神所属功能系统重建。,由共享基础引擎判定,64,节奏修正 +4,palace_rhythm,差异更容易外显，分歧可能较快被看见，需要及时调整节奏、位置或安排。,差异更容易外显，分歧可能较快被看见，需要及时调整节奏、位置或安排。,不得由本规则直接推出攻击、冷战、控制、情绪虐待、暴力、分手离婚、关系失败、人格或依恋类型；不得把某种分歧处理顺序等同于爱得更多或更少。风险与失衡需转入M4，适配需转入M5。,中,待验证,,provisional=true; palace_dynamic=冲; item=base,0.6
M3-CONFLICT-189,日支冲｜第一反应修正,L5 宫位动态修正,CONFLICT-日支冲,通用,第一反应修正,日支冲,,日支冲成立，且主冲突通道已有可靠基础。,基础信号未定；真合化后原信号已失效；只有单一弱远争议信号；或该结论会越界到M4风险、M5适配。,由共享基础引擎与M3-STATE修正；日主承载只修正冲突处理的可执行性，不直接等于强硬或软弱。,不限定；夫妻星只在责任、行动、投入等冲突议题中参与接口，不作为CONFLICT唯一主轴。,由M3-BASE、日支主气及宫位动态提供；不得把日支直接写成配偶性格。,无／待CONFLICT顺序与路径规则组合,日柱与日支近位优先；全局有效独立信号可作次通道。,由共享基础引擎判定,由共享基础引擎判定,喜忌不直接等于冲突方式好坏；只修正调用顺畅度、资源压力和状态切换。,原十神性质有效；真合化成立时按化神所属功能系统重建。,由共享基础引擎判定,61,第一反应修正 +3,first_response,第一反应更可能直接回应、改变安排或把不一致摆到台面。,第一反应更可能直接回应、改变安排或把不一致摆到台面。,不得由本规则直接推出攻击、冷战、控制、情绪虐待、暴力、分手离婚、关系失败、人格或依恋类型；不得把某种分歧处理顺序等同于爱得更多或更少。风险与失衡需转入M4，适配需转入M5。,中,待验证,,provisional=true; palace_dynamic=冲; item=first,0.6
M3-CONFLICT-190,日支冲｜暂停与回归修正,L5 宫位动态修正,CONFLICT-日支冲,通用,暂停修正,日支冲,,日支冲成立，且FQ07或REPAIR接口被调用。,基础信号未定；真合化后原信号已失效；只有单一弱远争议信号；或该结论会越界到M4风险、M5适配。,由共享基础引擎与M3-STATE修正；日主承载只修正冲突处理的可执行性，不直接等于强硬或软弱。,不限定；夫妻星只在责任、行动、投入等冲突议题中参与接口，不作为CONFLICT唯一主轴。,由M3-BASE、日支主气及宫位动态提供；不得把日支直接写成配偶性格。,无／待CONFLICT顺序与路径规则组合,日柱与日支近位优先；全局有效独立信号可作次通道。,由共享基础引擎判定,由共享基础引擎判定,喜忌不直接等于冲突方式好坏；只修正调用顺畅度、资源压力和状态切换。,原十神性质有效；真合化成立时按化神所属功能系统重建。,由共享基础引擎判定,60,暂停／回归候选 +3,pause_style,若强度过高，可先短暂停顿或处理现实变化，再回到核心议题。,若强度过高，可先短暂停顿或处理现实变化，再回到核心议题。,不得由本规则直接推出攻击、冷战、控制、情绪虐待、暴力、分手离婚、关系失败、人格或依恋类型；不得把某种分歧处理顺序等同于爱得更多或更少。风险与失衡需转入M4，适配需转入M5。,中,待验证,,provisional=true; palace_dynamic=冲; item=pause,0.6
M3-CONFLICT-191,日支冲｜禁止结果化解释,L5 宫位动态修正,CONFLICT-日支冲,通用,禁止推断,日支冲,,日支冲被识别。,基础信号未定；真合化后原信号已失效；只有单一弱远争议信号；或该结论会越界到M4风险、M5适配。,由共享基础引擎与M3-STATE修正；日主承载只修正冲突处理的可执行性，不直接等于强硬或软弱。,不限定；夫妻星只在责任、行动、投入等冲突议题中参与接口，不作为CONFLICT唯一主轴。,由M3-BASE、日支主气及宫位动态提供；不得把日支直接写成配偶性格。,无／待CONFLICT顺序与路径规则组合,日柱与日支近位优先；全局有效独立信号可作次通道。,由共享基础引擎判定,由共享基础引擎判定,喜忌不直接等于冲突方式好坏；只修正调用顺畅度、资源压力和状态切换。,原十神性质有效；真合化成立时按化神所属功能系统重建。,由共享基础引擎判定,92,不加分；边界检查,boundary_note,日支冲在M3-CONFLICT中只修正分歧的显化、校正或重订节奏。,这里仅把日支冲作为分歧节奏修正，不把它直接写成关系结果。,不得由本规则直接推出攻击、冷战、控制、情绪虐待、暴力、分手离婚、关系失败、人格或依恋类型；不得把某种分歧处理顺序等同于爱得更多或更少。风险与失衡需转入M4，适配需转入M5。,高,待验证,,provisional=true; palace_dynamic=冲; item=forbid,0.6
M3-CONFLICT-192,日支冲｜停止／改道路由,L5 宫位动态修正,CONFLICT-日支冲,通用,停止／路由,日支冲,,日支冲的成立、作用对象、阶段性或合化状态存在争议。,基础信号未定；真合化后原信号已失效；只有单一弱远争议信号；或该结论会越界到M4风险、M5适配。,由共享基础引擎与M3-STATE修正；日主承载只修正冲突处理的可执行性，不直接等于强硬或软弱。,不限定；夫妻星只在责任、行动、投入等冲突议题中参与接口，不作为CONFLICT唯一主轴。,由M3-BASE、日支主气及宫位动态提供；不得把日支直接写成配偶性格。,无／待CONFLICT顺序与路径规则组合,日柱与日支近位优先；全局有效独立信号可作次通道。,由共享基础引擎判定,由共享基础引擎判定,喜忌不直接等于冲突方式好坏；只修正调用顺畅度、资源压力和状态切换。,原十神性质有效；真合化成立时按化神所属功能系统重建。,由共享基础引擎判定,91,停止／替换／降置信,report_status,冲的成立、力量或作用对象不清时，只能写“差异容易外显”，不得细化为固定争执。,冲的成立、力量或作用对象不清时，只能写“差异容易外显”，不得细化为固定争执。,不得由本规则直接推出攻击、冷战、控制、情绪虐待、暴力、分手离婚、关系失败、人格或依恋类型；不得把某种分歧处理顺序等同于爱得更多或更少。风险与失衡需转入M4，适配需转入M5。,高,待验证,,provisional=true; palace_dynamic=冲; item=stop,0.6
M3-CONFLICT-193,日支刑｜CONFLICT基础节奏,L5 宫位动态修正,CONFLICT-日支刑,通用,宫位动态,日支刑,,日支刑成立且基础结构可靠；只作为冲突节奏修正。,基础信号未定；真合化后原信号已失效；只有单一弱远争议信号；或该结论会越界到M4风险、M5适配。,由共享基础引擎与M3-STATE修正；日主承载只修正冲突处理的可执行性，不直接等于强硬或软弱。,不限定；夫妻星只在责任、行动、投入等冲突议题中参与接口，不作为CONFLICT唯一主轴。,由M3-BASE、日支主气及宫位动态提供；不得把日支直接写成配偶性格。,无／待CONFLICT顺序与路径规则组合,日柱与日支近位优先；全局有效独立信号可作次通道。,由共享基础引擎判定,由共享基础引擎判定,喜忌不直接等于冲突方式好坏；只修正调用顺畅度、资源压力和状态切换。,原十神性质有效；真合化成立时按化神所属功能系统重建。,由共享基础引擎判定,64,节奏修正 +4,palace_rhythm,同一议题可能需要反复校正，细节、标准或表达方式容易成为持续关注点。,同一议题可能需要反复校正，细节、标准或表达方式容易成为持续关注点。,不得由本规则直接推出攻击、冷战、控制、情绪虐待、暴力、分手离婚、关系失败、人格或依恋类型；不得把某种分歧处理顺序等同于爱得更多或更少。风险与失衡需转入M4，适配需转入M5。,中,待验证,,provisional=true; palace_dynamic=刑; item=base,0.6
M3-CONFLICT-194,日支刑｜第一反应修正,L5 宫位动态修正,CONFLICT-日支刑,通用,第一反应修正,日支刑,,日支刑成立，且主冲突通道已有可靠基础。,基础信号未定；真合化后原信号已失效；只有单一弱远争议信号；或该结论会越界到M4风险、M5适配。,由共享基础引擎与M3-STATE修正；日主承载只修正冲突处理的可执行性，不直接等于强硬或软弱。,不限定；夫妻星只在责任、行动、投入等冲突议题中参与接口，不作为CONFLICT唯一主轴。,由M3-BASE、日支主气及宫位动态提供；不得把日支直接写成配偶性格。,无／待CONFLICT顺序与路径规则组合,日柱与日支近位优先；全局有效独立信号可作次通道。,由共享基础引擎判定,由共享基础引擎判定,喜忌不直接等于冲突方式好坏；只修正调用顺畅度、资源压力和状态切换。,原十神性质有效；真合化成立时按化神所属功能系统重建。,由共享基础引擎判定,61,第一反应修正 +3,first_response,第一反应可能先检查哪里不准确、哪里没有按预期运行，之后多轮调整。,第一反应可能先检查哪里不准确、哪里没有按预期运行，之后多轮调整。,不得由本规则直接推出攻击、冷战、控制、情绪虐待、暴力、分手离婚、关系失败、人格或依恋类型；不得把某种分歧处理顺序等同于爱得更多或更少。风险与失衡需转入M4，适配需转入M5。,中,待验证,,provisional=true; palace_dynamic=刑; item=first,0.6
M3-CONFLICT-195,日支刑｜暂停与回归修正,L5 宫位动态修正,CONFLICT-日支刑,通用,暂停修正,日支刑,,日支刑成立，且FQ07或REPAIR接口被调用。,基础信号未定；真合化后原信号已失效；只有单一弱远争议信号；或该结论会越界到M4风险、M5适配。,由共享基础引擎与M3-STATE修正；日主承载只修正冲突处理的可执行性，不直接等于强硬或软弱。,不限定；夫妻星只在责任、行动、投入等冲突议题中参与接口，不作为CONFLICT唯一主轴。,由M3-BASE、日支主气及宫位动态提供；不得把日支直接写成配偶性格。,无／待CONFLICT顺序与路径规则组合,日柱与日支近位优先；全局有效独立信号可作次通道。,由共享基础引擎判定,由共享基础引擎判定,喜忌不直接等于冲突方式好坏；只修正调用顺畅度、资源压力和状态切换。,原十神性质有效；真合化成立时按化神所属功能系统重建。,由共享基础引擎判定,60,暂停／回归候选 +3,pause_style,暂停后更适合逐项复盘，而不是一次性要求所有问题结束。,暂停后更适合逐项复盘，而不是一次性要求所有问题结束。,不得由本规则直接推出攻击、冷战、控制、情绪虐待、暴力、分手离婚、关系失败、人格或依恋类型；不得把某种分歧处理顺序等同于爱得更多或更少。风险与失衡需转入M4，适配需转入M5。,中,待验证,,provisional=true; palace_dynamic=刑; item=pause,0.6
M3-CONFLICT-196,日支刑｜禁止结果化解释,L5 宫位动态修正,CONFLICT-日支刑,通用,禁止推断,日支刑,,日支刑被识别。,基础信号未定；真合化后原信号已失效；只有单一弱远争议信号；或该结论会越界到M4风险、M5适配。,由共享基础引擎与M3-STATE修正；日主承载只修正冲突处理的可执行性，不直接等于强硬或软弱。,不限定；夫妻星只在责任、行动、投入等冲突议题中参与接口，不作为CONFLICT唯一主轴。,由M3-BASE、日支主气及宫位动态提供；不得把日支直接写成配偶性格。,无／待CONFLICT顺序与路径规则组合,日柱与日支近位优先；全局有效独立信号可作次通道。,由共享基础引擎判定,由共享基础引擎判定,喜忌不直接等于冲突方式好坏；只修正调用顺畅度、资源压力和状态切换。,原十神性质有效；真合化成立时按化神所属功能系统重建。,由共享基础引擎判定,92,不加分；边界检查,boundary_note,日支刑在M3-CONFLICT中只修正分歧的显化、校正或重订节奏。,这里仅把日支刑作为分歧节奏修正，不把它直接写成关系结果。,不得由本规则直接推出攻击、冷战、控制、情绪虐待、暴力、分手离婚、关系失败、人格或依恋类型；不得把某种分歧处理顺序等同于爱得更多或更少。风险与失衡需转入M4，适配需转入M5。,高,待验证,,provisional=true; palace_dynamic=刑; item=forbid,0.6
M3-CONFLICT-197,日支刑｜停止／改道路由,L5 宫位动态修正,CONFLICT-日支刑,通用,停止／路由,日支刑,,日支刑的成立、作用对象、阶段性或合化状态存在争议。,基础信号未定；真合化后原信号已失效；只有单一弱远争议信号；或该结论会越界到M4风险、M5适配。,由共享基础引擎与M3-STATE修正；日主承载只修正冲突处理的可执行性，不直接等于强硬或软弱。,不限定；夫妻星只在责任、行动、投入等冲突议题中参与接口，不作为CONFLICT唯一主轴。,由M3-BASE、日支主气及宫位动态提供；不得把日支直接写成配偶性格。,无／待CONFLICT顺序与路径规则组合,日柱与日支近位优先；全局有效独立信号可作次通道。,由共享基础引擎判定,由共享基础引擎判定,喜忌不直接等于冲突方式好坏；只修正调用顺畅度、资源压力和状态切换。,原十神性质有效；真合化成立时按化神所属功能系统重建。,由共享基础引擎判定,91,停止／替换／降置信,report_status,刑的具体结构、强弱或对象有争议时，降低置信度，不写成必然反复冲突。,刑的具体结构、强弱或对象有争议时，降低置信度，不写成必然反复冲突。,不得由本规则直接推出攻击、冷战、控制、情绪虐待、暴力、分手离婚、关系失败、人格或依恋类型；不得把某种分歧处理顺序等同于爱得更多或更少。风险与失衡需转入M4，适配需转入M5。,高,待验证,,provisional=true; palace_dynamic=刑; item=stop,0.6
M3-CONFLICT-198,日支害｜CONFLICT基础节奏,L5 宫位动态修正,CONFLICT-日支害,通用,宫位动态,日支害,,日支害成立且基础结构可靠；只作为冲突节奏修正。,基础信号未定；真合化后原信号已失效；只有单一弱远争议信号；或该结论会越界到M4风险、M5适配。,由共享基础引擎与M3-STATE修正；日主承载只修正冲突处理的可执行性，不直接等于强硬或软弱。,不限定；夫妻星只在责任、行动、投入等冲突议题中参与接口，不作为CONFLICT唯一主轴。,由M3-BASE、日支主气及宫位动态提供；不得把日支直接写成配偶性格。,无／待CONFLICT顺序与路径规则组合,日柱与日支近位优先；全局有效独立信号可作次通道。,由共享基础引擎判定,由共享基础引擎判定,喜忌不直接等于冲突方式好坏；只修正调用顺畅度、资源压力和状态切换。,原十神性质有效；真合化成立时按化神所属功能系统重建。,由共享基础引擎判定,64,节奏修正 +4,palace_rhythm,隐性期待、默认理解或间接信息可能出现错位，分歧需要更多澄清“各自原本以为是什么”。,隐性期待、默认理解或间接信息可能出现错位，分歧需要更多澄清“各自原本以为是什么”。,不得由本规则直接推出攻击、冷战、控制、情绪虐待、暴力、分手离婚、关系失败、人格或依恋类型；不得把某种分歧处理顺序等同于爱得更多或更少。风险与失衡需转入M4，适配需转入M5。,中,待验证,,provisional=true; palace_dynamic=害; item=base,0.6
M3-CONFLICT-199,日支害｜第一反应修正,L5 宫位动态修正,CONFLICT-日支害,通用,第一反应修正,日支害,,日支害成立，且主冲突通道已有可靠基础。,基础信号未定；真合化后原信号已失效；只有单一弱远争议信号；或该结论会越界到M4风险、M5适配。,由共享基础引擎与M3-STATE修正；日主承载只修正冲突处理的可执行性，不直接等于强硬或软弱。,不限定；夫妻星只在责任、行动、投入等冲突议题中参与接口，不作为CONFLICT唯一主轴。,由M3-BASE、日支主气及宫位动态提供；不得把日支直接写成配偶性格。,无／待CONFLICT顺序与路径规则组合,日柱与日支近位优先；全局有效独立信号可作次通道。,由共享基础引擎判定,由共享基础引擎判定,喜忌不直接等于冲突方式好坏；只修正调用顺畅度、资源压力和状态切换。,原十神性质有效；真合化成立时按化神所属功能系统重建。,由共享基础引擎判定,61,第一反应修正 +3,first_response,第一反应不一定立即指向真正问题，可能需要追问背景和未说出口的期待。,第一反应不一定立即指向真正问题，可能需要追问背景和未说出口的期待。,不得由本规则直接推出攻击、冷战、控制、情绪虐待、暴力、分手离婚、关系失败、人格或依恋类型；不得把某种分歧处理顺序等同于爱得更多或更少。风险与失衡需转入M4，适配需转入M5。,中,待验证,,provisional=true; palace_dynamic=害; item=first,0.6
M3-CONFLICT-200,日支害｜暂停与回归修正,L5 宫位动态修正,CONFLICT-日支害,通用,暂停修正,日支害,,日支害成立，且FQ07或REPAIR接口被调用。,基础信号未定；真合化后原信号已失效；只有单一弱远争议信号；或该结论会越界到M4风险、M5适配。,由共享基础引擎与M3-STATE修正；日主承载只修正冲突处理的可执行性，不直接等于强硬或软弱。,不限定；夫妻星只在责任、行动、投入等冲突议题中参与接口，不作为CONFLICT唯一主轴。,由M3-BASE、日支主气及宫位动态提供；不得把日支直接写成配偶性格。,无／待CONFLICT顺序与路径规则组合,日柱与日支近位优先；全局有效独立信号可作次通道。,由共享基础引擎判定,由共享基础引擎判定,喜忌不直接等于冲突方式好坏；只修正调用顺畅度、资源压力和状态切换。,原十神性质有效；真合化成立时按化神所属功能系统重建。,由共享基础引擎判定,60,暂停／回归候选 +3,pause_style,暂停后更适合把默认规则、感受差异和信息遗漏逐一说清。,暂停后更适合把默认规则、感受差异和信息遗漏逐一说清。,不得由本规则直接推出攻击、冷战、控制、情绪虐待、暴力、分手离婚、关系失败、人格或依恋类型；不得把某种分歧处理顺序等同于爱得更多或更少。风险与失衡需转入M4，适配需转入M5。,中,待验证,,provisional=true; palace_dynamic=害; item=pause,0.6
M3-CONFLICT-201,日支害｜禁止结果化解释,L5 宫位动态修正,CONFLICT-日支害,通用,禁止推断,日支害,,日支害被识别。,基础信号未定；真合化后原信号已失效；只有单一弱远争议信号；或该结论会越界到M4风险、M5适配。,由共享基础引擎与M3-STATE修正；日主承载只修正冲突处理的可执行性，不直接等于强硬或软弱。,不限定；夫妻星只在责任、行动、投入等冲突议题中参与接口，不作为CONFLICT唯一主轴。,由M3-BASE、日支主气及宫位动态提供；不得把日支直接写成配偶性格。,无／待CONFLICT顺序与路径规则组合,日柱与日支近位优先；全局有效独立信号可作次通道。,由共享基础引擎判定,由共享基础引擎判定,喜忌不直接等于冲突方式好坏；只修正调用顺畅度、资源压力和状态切换。,原十神性质有效；真合化成立时按化神所属功能系统重建。,由共享基础引擎判定,92,不加分；边界检查,boundary_note,日支害在M3-CONFLICT中只修正分歧的显化、校正或重订节奏。,这里仅把日支害作为分歧节奏修正，不把它直接写成关系结果。,不得由本规则直接推出攻击、冷战、控制、情绪虐待、暴力、分手离婚、关系失败、人格或依恋类型；不得把某种分歧处理顺序等同于爱得更多或更少。风险与失衡需转入M4，适配需转入M5。,高,待验证,,provisional=true; palace_dynamic=害; item=forbid,0.6
M3-CONFLICT-202,日支害｜停止／改道路由,L5 宫位动态修正,CONFLICT-日支害,通用,停止／路由,日支害,,日支害的成立、作用对象、阶段性或合化状态存在争议。,基础信号未定；真合化后原信号已失效；只有单一弱远争议信号；或该结论会越界到M4风险、M5适配。,由共享基础引擎与M3-STATE修正；日主承载只修正冲突处理的可执行性，不直接等于强硬或软弱。,不限定；夫妻星只在责任、行动、投入等冲突议题中参与接口，不作为CONFLICT唯一主轴。,由M3-BASE、日支主气及宫位动态提供；不得把日支直接写成配偶性格。,无／待CONFLICT顺序与路径规则组合,日柱与日支近位优先；全局有效独立信号可作次通道。,由共享基础引擎判定,由共享基础引擎判定,喜忌不直接等于冲突方式好坏；只修正调用顺畅度、资源压力和状态切换。,原十神性质有效；真合化成立时按化神所属功能系统重建。,由共享基础引擎判定,91,停止／替换／降置信,report_status,只有害而无具体错位、沟通或行为证据时，不得写成暗伤、背叛或故意伤害。,只有害而无具体错位、沟通或行为证据时，不得写成暗伤、背叛或故意伤害。,不得由本规则直接推出攻击、冷战、控制、情绪虐待、暴力、分手离婚、关系失败、人格或依恋类型；不得把某种分歧处理顺序等同于爱得更多或更少。风险与失衡需转入M4，适配需转入M5。,高,待验证,,provisional=true; palace_dynamic=害; item=stop,0.6
M3-CONFLICT-203,日支破｜CONFLICT基础节奏,L5 宫位动态修正,CONFLICT-日支破,通用,宫位动态,日支破,,日支破成立且基础结构可靠；只作为冲突节奏修正。,基础信号未定；真合化后原信号已失效；只有单一弱远争议信号；或该结论会越界到M4风险、M5适配。,由共享基础引擎与M3-STATE修正；日主承载只修正冲突处理的可执行性，不直接等于强硬或软弱。,不限定；夫妻星只在责任、行动、投入等冲突议题中参与接口，不作为CONFLICT唯一主轴。,由M3-BASE、日支主气及宫位动态提供；不得把日支直接写成配偶性格。,无／待CONFLICT顺序与路径规则组合,日柱与日支近位优先；全局有效独立信号可作次通道。,由共享基础引擎判定,由共享基础引擎判定,喜忌不直接等于冲突方式好坏；只修正调用顺畅度、资源压力和状态切换。,原十神性质有效；真合化成立时按化神所属功能系统重建。,由共享基础引擎判定,64,节奏修正 +4,palace_rhythm,原有安排、角色或处理办法可能不再适用，分歧重点在于旧结构如何重新组合。,原有安排、角色或处理办法可能不再适用，分歧重点在于旧结构如何重新组合。,不得由本规则直接推出攻击、冷战、控制、情绪虐待、暴力、分手离婚、关系失败、人格或依恋类型；不得把某种分歧处理顺序等同于爱得更多或更少。风险与失衡需转入M4，适配需转入M5。,中,待验证,,provisional=true; palace_dynamic=破; item=base,0.6
M3-CONFLICT-204,日支破｜第一反应修正,L5 宫位动态修正,CONFLICT-日支破,通用,第一反应修正,日支破,,日支破成立，且主冲突通道已有可靠基础。,基础信号未定；真合化后原信号已失效；只有单一弱远争议信号；或该结论会越界到M4风险、M5适配。,由共享基础引擎与M3-STATE修正；日主承载只修正冲突处理的可执行性，不直接等于强硬或软弱。,不限定；夫妻星只在责任、行动、投入等冲突议题中参与接口，不作为CONFLICT唯一主轴。,由M3-BASE、日支主气及宫位动态提供；不得把日支直接写成配偶性格。,无／待CONFLICT顺序与路径规则组合,日柱与日支近位优先；全局有效独立信号可作次通道。,由共享基础引擎判定,由共享基础引擎判定,喜忌不直接等于冲突方式好坏；只修正调用顺畅度、资源压力和状态切换。,原十神性质有效；真合化成立时按化神所属功能系统重建。,由共享基础引擎判定,61,第一反应修正 +3,first_response,第一反应可能先发现“原来的办法行不通”，随后调整分工、规则或资源。,第一反应可能先发现“原来的办法行不通”，随后调整分工、规则或资源。,不得由本规则直接推出攻击、冷战、控制、情绪虐待、暴力、分手离婚、关系失败、人格或依恋类型；不得把某种分歧处理顺序等同于爱得更多或更少。风险与失衡需转入M4，适配需转入M5。,中,待验证,,provisional=true; palace_dynamic=破; item=first,0.6
M3-CONFLICT-205,日支破｜暂停与回归修正,L5 宫位动态修正,CONFLICT-日支破,通用,暂停修正,日支破,,日支破成立，且FQ07或REPAIR接口被调用。,基础信号未定；真合化后原信号已失效；只有单一弱远争议信号；或该结论会越界到M4风险、M5适配。,由共享基础引擎与M3-STATE修正；日主承载只修正冲突处理的可执行性，不直接等于强硬或软弱。,不限定；夫妻星只在责任、行动、投入等冲突议题中参与接口，不作为CONFLICT唯一主轴。,由M3-BASE、日支主气及宫位动态提供；不得把日支直接写成配偶性格。,无／待CONFLICT顺序与路径规则组合,日柱与日支近位优先；全局有效独立信号可作次通道。,由共享基础引擎判定,由共享基础引擎判定,喜忌不直接等于冲突方式好坏；只修正调用顺畅度、资源压力和状态切换。,原十神性质有效；真合化成立时按化神所属功能系统重建。,由共享基础引擎判定,60,暂停／回归候选 +3,pause_style,暂停后更适合重新设计方案，而不是反复恢复旧安排。,暂停后更适合重新设计方案，而不是反复恢复旧安排。,不得由本规则直接推出攻击、冷战、控制、情绪虐待、暴力、分手离婚、关系失败、人格或依恋类型；不得把某种分歧处理顺序等同于爱得更多或更少。风险与失衡需转入M4，适配需转入M5。,中,待验证,,provisional=true; palace_dynamic=破; item=pause,0.6
M3-CONFLICT-206,日支破｜禁止结果化解释,L5 宫位动态修正,CONFLICT-日支破,通用,禁止推断,日支破,,日支破被识别。,基础信号未定；真合化后原信号已失效；只有单一弱远争议信号；或该结论会越界到M4风险、M5适配。,由共享基础引擎与M3-STATE修正；日主承载只修正冲突处理的可执行性，不直接等于强硬或软弱。,不限定；夫妻星只在责任、行动、投入等冲突议题中参与接口，不作为CONFLICT唯一主轴。,由M3-BASE、日支主气及宫位动态提供；不得把日支直接写成配偶性格。,无／待CONFLICT顺序与路径规则组合,日柱与日支近位优先；全局有效独立信号可作次通道。,由共享基础引擎判定,由共享基础引擎判定,喜忌不直接等于冲突方式好坏；只修正调用顺畅度、资源压力和状态切换。,原十神性质有效；真合化成立时按化神所属功能系统重建。,由共享基础引擎判定,92,不加分；边界检查,boundary_note,日支破在M3-CONFLICT中只修正分歧的显化、校正或重订节奏。,这里仅把日支破作为分歧节奏修正，不把它直接写成关系结果。,不得由本规则直接推出攻击、冷战、控制、情绪虐待、暴力、分手离婚、关系失败、人格或依恋类型；不得把某种分歧处理顺序等同于爱得更多或更少。风险与失衡需转入M4，适配需转入M5。,高,待验证,,provisional=true; palace_dynamic=破; item=forbid,0.6
M3-CONFLICT-207,日支破｜停止／改道路由,L5 宫位动态修正,CONFLICT-日支破,通用,停止／路由,日支破,,日支破的成立、作用对象、阶段性或合化状态存在争议。,基础信号未定；真合化后原信号已失效；只有单一弱远争议信号；或该结论会越界到M4风险、M5适配。,由共享基础引擎与M3-STATE修正；日主承载只修正冲突处理的可执行性，不直接等于强硬或软弱。,不限定；夫妻星只在责任、行动、投入等冲突议题中参与接口，不作为CONFLICT唯一主轴。,由M3-BASE、日支主气及宫位动态提供；不得把日支直接写成配偶性格。,无／待CONFLICT顺序与路径规则组合,日柱与日支近位优先；全局有效独立信号可作次通道。,由共享基础引擎判定,由共享基础引擎判定,喜忌不直接等于冲突方式好坏；只修正调用顺畅度、资源压力和状态切换。,原十神性质有效；真合化成立时按化神所属功能系统重建。,由共享基础引擎判定,91,停止／替换／降置信,report_status,若破只是阶段覆盖或基础作用未定，应标记阶段性，不改写原局主冲突通道。,若破只是阶段覆盖或基础作用未定，应标记阶段性，不改写原局主冲突通道。,不得由本规则直接推出攻击、冷战、控制、情绪虐待、暴力、分手离婚、关系失败、人格或依恋类型；不得把某种分歧处理顺序等同于爱得更多或更少。风险与失衡需转入M4，适配需转入M5。,高,待验证,,provisional=true; palace_dynamic=破; item=stop,0.6
M3-CONFLICT-208,SC01 透干有根｜冲突通道外显且可重复,L6 状态修正,CONFLICT-状态修正,通用,状态修正,透干有根,,透干有根由共享基础引擎可靠判定；主冲突通道基础性质有效。,基础信号未定；真合化后原信号已失效；只有单一弱远争议信号；或该结论会越界到M4风险、M5适配。,由共享基础引擎与M3-STATE修正；日主承载只修正冲突处理的可执行性，不直接等于强硬或软弱。,不限定；夫妻星只在责任、行动、投入等冲突议题中参与接口，不作为CONFLICT唯一主轴。,由M3-BASE、日支主气及宫位动态提供；不得把日支直接写成配偶性格。,无／待CONFLICT顺序与路径规则组合,日柱与日支近位优先；全局有效独立信号可作次通道。,由共享基础引擎判定,由共享基础引擎判定,喜忌不直接等于冲突方式好坏；只修正调用顺畅度、资源压力和状态切换。,原十神性质有效；真合化成立时按化神所属功能系统重建。,由共享基础引擎判定,63,主通道 +8；可见度 +5,primary_conflict_channel,冲突方式容易被看见，并且不只在一次事件中出现。,分歧中，你较容易把这项处理方式直接表现出来，而且具有一定重复性。,不得由本规则直接推出攻击、冷战、控制、情绪虐待、暴力、分手离婚、关系失败、人格或依恋类型；不得把某种分歧处理顺序等同于爱得更多或更少。风险与失衡需转入M4，适配需转入M5。,中高,待验证,,provisional=true; state_modifier=SC01,0.6
M3-CONFLICT-209,SC02 透干无根｜先可见后验证,L6 状态修正,CONFLICT-状态修正,通用,状态修正,透干无根,,透干无根由共享基础引擎可靠判定；主冲突通道基础性质有效。,基础信号未定；真合化后原信号已失效；只有单一弱远争议信号；或该结论会越界到M4风险、M5适配。,由共享基础引擎与M3-STATE修正；日主承载只修正冲突处理的可执行性，不直接等于强硬或软弱。,不限定；夫妻星只在责任、行动、投入等冲突议题中参与接口，不作为CONFLICT唯一主轴。,由M3-BASE、日支主气及宫位动态提供；不得把日支直接写成配偶性格。,无／待CONFLICT顺序与路径规则组合,日柱与日支近位优先；全局有效独立信号可作次通道。,由共享基础引擎判定,由共享基础引擎判定,喜忌不直接等于冲突方式好坏；只修正调用顺畅度、资源压力和状态切换。,原十神性质有效；真合化成立时按化神所属功能系统重建。,由共享基础引擎判定,63,候选 +4；连续性待验证,first_response,反应可能较早外显，但能否持续完成处理需要后续证据。,你可能很快表现出某种第一反应，但它是否能稳定完成整场分歧仍需观察。,不得由本规则直接推出攻击、冷战、控制、情绪虐待、暴力、分手离婚、关系失败、人格或依恋类型；不得把某种分歧处理顺序等同于爱得更多或更少。风险与失衡需转入M4，适配需转入M5。,中,待验证,,provisional=true; state_modifier=SC02,0.6
M3-CONFLICT-210,SC03 藏支有根｜隐性稳定,L6 状态修正,CONFLICT-状态修正,通用,状态修正,藏支有根,,藏支有根由共享基础引擎可靠判定；主冲突通道基础性质有效。,基础信号未定；真合化后原信号已失效；只有单一弱远争议信号；或该结论会越界到M4风险、M5适配。,由共享基础引擎与M3-STATE修正；日主承载只修正冲突处理的可执行性，不直接等于强硬或软弱。,不限定；夫妻星只在责任、行动、投入等冲突议题中参与接口，不作为CONFLICT唯一主轴。,由M3-BASE、日支主气及宫位动态提供；不得把日支直接写成配偶性格。,无／待CONFLICT顺序与路径规则组合,日柱与日支近位优先；全局有效独立信号可作次通道。,由共享基础引擎判定,由共享基础引擎判定,喜忌不直接等于冲突方式好坏；只修正调用顺畅度、资源压力和状态切换。,原十神性质有效；真合化成立时按化神所属功能系统重建。,由共享基础引擎判定,63,主通道 +6；隐性 +5,primary_conflict_channel,处理方式不一定立即说出来，但可能稳定存在于长期相处和压力反应中。,你的冲突处理方式未必第一时间被看见，但在长期关系里会逐渐显现。,不得由本规则直接推出攻击、冷战、控制、情绪虐待、暴力、分手离婚、关系失败、人格或依恋类型；不得把某种分歧处理顺序等同于爱得更多或更少。风险与失衡需转入M4，适配需转入M5。,中高,待验证,,provisional=true; state_modifier=SC03,0.6
M3-CONFLICT-211,SC04 藏支无根／弱远｜仅保留候选,L6 状态修正,CONFLICT-状态修正,通用,状态修正,藏支无根／弱远,,藏支无根／弱远由共享基础引擎可靠判定；主冲突通道基础性质有效。,基础信号未定；真合化后原信号已失效；只有单一弱远争议信号；或该结论会越界到M4风险、M5适配。,由共享基础引擎与M3-STATE修正；日主承载只修正冲突处理的可执行性，不直接等于强硬或软弱。,不限定；夫妻星只在责任、行动、投入等冲突议题中参与接口，不作为CONFLICT唯一主轴。,由M3-BASE、日支主气及宫位动态提供；不得把日支直接写成配偶性格。,无／待CONFLICT顺序与路径规则组合,日柱与日支近位优先；全局有效独立信号可作次通道。,由共享基础引擎判定,由共享基础引擎判定,喜忌不直接等于冲突方式好坏；只修正调用顺畅度、资源压力和状态切换。,原十神性质有效；真合化成立时按化神所属功能系统重建。,由共享基础引擎判定,63,候选 +2；降置信,secondary_conflict_channel,只能作为潜在背景，不宜写成固定第一反应。,这种方式目前只能作为低权重候选，不能写成你每次都会这样处理。,不得由本规则直接推出攻击、冷战、控制、情绪虐待、暴力、分手离婚、关系失败、人格或依恋类型；不得把某种分歧处理顺序等同于爱得更多或更少。风险与失衡需转入M4，适配需转入M5。,中低,待验证,,provisional=true; state_modifier=SC04,0.6
M3-CONFLICT-212,SC05 同根透藏｜一次证据两种表现,L6 状态修正,CONFLICT-状态修正,通用,状态修正,同根透藏,,同根透藏由共享基础引擎可靠判定；主冲突通道基础性质有效。,基础信号未定；真合化后原信号已失效；只有单一弱远争议信号；或该结论会越界到M4风险、M5适配。,由共享基础引擎与M3-STATE修正；日主承载只修正冲突处理的可执行性，不直接等于强硬或软弱。,不限定；夫妻星只在责任、行动、投入等冲突议题中参与接口，不作为CONFLICT唯一主轴。,由M3-BASE、日支主气及宫位动态提供；不得把日支直接写成配偶性格。,无／待CONFLICT顺序与路径规则组合,日柱与日支近位优先；全局有效独立信号可作次通道。,由共享基础引擎判定,由共享基础引擎判定,喜忌不直接等于冲突方式好坏；只修正调用顺畅度、资源压力和状态切换。,原十神性质有效；真合化成立时按化神所属功能系统重建。,由共享基础引擎判定,63,去重；外显／稳定分工,provenance,同一冲突功能既可外显又有内在来源，但仍是一个source_id。,同一种处理方式可能既容易被看见，也有稳定来源，但不会重复计分。,不得由本规则直接推出攻击、冷战、控制、情绪虐待、暴力、分手离婚、关系失败、人格或依恋类型；不得把某种分歧处理顺序等同于爱得更多或更少。风险与失衡需转入M4，适配需转入M5。,高,待验证,,provisional=true; state_modifier=SC05,0.6
M3-CONFLICT-213,SC06 多根同类｜重复性提高,L6 状态修正,CONFLICT-状态修正,通用,状态修正,多根同类,,多根同类由共享基础引擎可靠判定；主冲突通道基础性质有效。,基础信号未定；真合化后原信号已失效；只有单一弱远争议信号；或该结论会越界到M4风险、M5适配。,由共享基础引擎与M3-STATE修正；日主承载只修正冲突处理的可执行性，不直接等于强硬或软弱。,不限定；夫妻星只在责任、行动、投入等冲突议题中参与接口，不作为CONFLICT唯一主轴。,由M3-BASE、日支主气及宫位动态提供；不得把日支直接写成配偶性格。,无／待CONFLICT顺序与路径规则组合,日柱与日支近位优先；全局有效独立信号可作次通道。,由共享基础引擎判定,由共享基础引擎判定,喜忌不直接等于冲突方式好坏；只修正调用顺畅度、资源压力和状态切换。,原十神性质有效；真合化成立时按化神所属功能系统重建。,由共享基础引擎判定,63,稳定性 +6；不新增通道,state_shift,同类功能在多种场景更可能重复调用。,这项处理方式更可能在不同分歧中反复出现。,不得由本规则直接推出攻击、冷战、控制、情绪虐待、暴力、分手离婚、关系失败、人格或依恋类型；不得把某种分歧处理顺序等同于爱得更多或更少。风险与失衡需转入M4，适配需转入M5。,中高,待验证,,provisional=true; state_modifier=SC06,0.6
M3-CONFLICT-214,SC07 有根但受损｜功能保留、完成受限,L6 状态修正,CONFLICT-状态修正,通用,状态修正,有根但受损,,有根但受损由共享基础引擎可靠判定；主冲突通道基础性质有效。,基础信号未定；真合化后原信号已失效；只有单一弱远争议信号；或该结论会越界到M4风险、M5适配。,由共享基础引擎与M3-STATE修正；日主承载只修正冲突处理的可执行性，不直接等于强硬或软弱。,不限定；夫妻星只在责任、行动、投入等冲突议题中参与接口，不作为CONFLICT唯一主轴。,由M3-BASE、日支主气及宫位动态提供；不得把日支直接写成配偶性格。,无／待CONFLICT顺序与路径规则组合,日柱与日支近位优先；全局有效独立信号可作次通道。,由共享基础引擎判定,由共享基础引擎判定,喜忌不直接等于冲突方式好坏；只修正调用顺畅度、资源压力和状态切换。,原十神性质有效；真合化成立时按化神所属功能系统重建。,由共享基础引擎判定,63,主通道保留；完成度 -3,conflict_end_condition,第一反应仍可能出现，但从启动到完成方案之间可能需要其他通道支持。,这项方式仍会出现，只是能否顺利把分歧处理完，更依赖当时条件。,不得由本规则直接推出攻击、冷战、控制、情绪虐待、暴力、分手离婚、关系失败、人格或依恋类型；不得把某种分歧处理顺序等同于爱得更多或更少。风险与失衡需转入M4，适配需转入M5。,中,待验证,,provisional=true; state_modifier=SC07,0.6
M3-CONFLICT-215,SC08 无根但近位行为验证｜条件性成立,L6 状态修正,CONFLICT-状态修正,通用,状态修正,无根＋近位行为验证,,无根＋近位行为验证由共享基础引擎可靠判定；主冲突通道基础性质有效。,基础信号未定；真合化后原信号已失效；只有单一弱远争议信号；或该结论会越界到M4风险、M5适配。,由共享基础引擎与M3-STATE修正；日主承载只修正冲突处理的可执行性，不直接等于强硬或软弱。,不限定；夫妻星只在责任、行动、投入等冲突议题中参与接口，不作为CONFLICT唯一主轴。,由M3-BASE、日支主气及宫位动态提供；不得把日支直接写成配偶性格。,无／待CONFLICT顺序与路径规则组合,日柱与日支近位优先；全局有效独立信号可作次通道。,由共享基础引擎判定,由共享基础引擎判定,喜忌不直接等于冲突方式好坏；只修正调用顺畅度、资源压力和状态切换。,原十神性质有效；真合化成立时按化神所属功能系统重建。,由共享基础引擎判定,63,条件性 +5；标记案例依赖,confidence,结构来源较弱，但真实关系中的重复行为可以支持条件性使用。,虽然命局基础较弱，但真实相处中若反复出现，可以保留为条件性结论。,不得由本规则直接推出攻击、冷战、控制、情绪虐待、暴力、分手离婚、关系失败、人格或依恋类型；不得把某种分歧处理顺序等同于爱得更多或更少。风险与失衡需转入M4，适配需转入M5。,中,待验证,,provisional=true; state_modifier=SC08,0.6
M3-CONFLICT-216,SC09 旺而平衡｜自然调用,L6 状态修正,CONFLICT-状态修正,通用,状态修正,旺而平衡,,旺而平衡由共享基础引擎可靠判定；主冲突通道基础性质有效。,基础信号未定；真合化后原信号已失效；只有单一弱远争议信号；或该结论会越界到M4风险、M5适配。,由共享基础引擎与M3-STATE修正；日主承载只修正冲突处理的可执行性，不直接等于强硬或软弱。,不限定；夫妻星只在责任、行动、投入等冲突议题中参与接口，不作为CONFLICT唯一主轴。,由M3-BASE、日支主气及宫位动态提供；不得把日支直接写成配偶性格。,无／待CONFLICT顺序与路径规则组合,日柱与日支近位优先；全局有效独立信号可作次通道。,由共享基础引擎判定,由共享基础引擎判定,喜忌不直接等于冲突方式好坏；只修正调用顺畅度、资源压力和状态切换。,原十神性质有效；真合化成立时按化神所属功能系统重建。,由共享基础引擎判定,63,主通道 +7,primary_conflict_channel,无需强烈刺激便能自然使用该处理方式。,你通常不必等到问题很严重，便能较自然地使用这项处理方式。,不得由本规则直接推出攻击、冷战、控制、情绪虐待、暴力、分手离婚、关系失败、人格或依恋类型；不得把某种分歧处理顺序等同于爱得更多或更少。风险与失衡需转入M4，适配需转入M5。,中高,待验证,,provisional=true; state_modifier=SC09,0.6
M3-CONFLICT-217,SC10 旺而过度占位｜抢先但不判风险,L6 状态修正,CONFLICT-状态修正,通用,状态修正,旺而失衡,,旺而失衡由共享基础引擎可靠判定；主冲突通道基础性质有效。,基础信号未定；真合化后原信号已失效；只有单一弱远争议信号；或该结论会越界到M4风险、M5适配。,由共享基础引擎与M3-STATE修正；日主承载只修正冲突处理的可执行性，不直接等于强硬或软弱。,不限定；夫妻星只在责任、行动、投入等冲突议题中参与接口，不作为CONFLICT唯一主轴。,由M3-BASE、日支主气及宫位动态提供；不得把日支直接写成配偶性格。,无／待CONFLICT顺序与路径规则组合,日柱与日支近位优先；全局有效独立信号可作次通道。,由共享基础引擎判定,由共享基础引擎判定,喜忌不直接等于冲突方式好坏；只修正调用顺畅度、资源压力和状态切换。,原十神性质有效；真合化成立时按化神所属功能系统重建。,由共享基础引擎判定,63,抢先 +5；路由M4,state_shift,该通道容易在压力下抢先占位，但是否损害关系需M4与案例。,压力增加时，这种处理方式可能更快占据主导；是否形成问题要另行判断。,不得由本规则直接推出攻击、冷战、控制、情绪虐待、暴力、分手离婚、关系失败、人格或依恋类型；不得把某种分歧处理顺序等同于爱得更多或更少。风险与失衡需转入M4，适配需转入M5。,中,待验证,,provisional=true; state_modifier=SC10,0.6
M3-CONFLICT-218,SC11 中和可用｜依情境调用,L6 状态修正,CONFLICT-状态修正,通用,状态修正,中和可用,,中和可用由共享基础引擎可靠判定；主冲突通道基础性质有效。,基础信号未定；真合化后原信号已失效；只有单一弱远争议信号；或该结论会越界到M4风险、M5适配。,由共享基础引擎与M3-STATE修正；日主承载只修正冲突处理的可执行性，不直接等于强硬或软弱。,不限定；夫妻星只在责任、行动、投入等冲突议题中参与接口，不作为CONFLICT唯一主轴。,由M3-BASE、日支主气及宫位动态提供；不得把日支直接写成配偶性格。,无／待CONFLICT顺序与路径规则组合,日柱与日支近位优先；全局有效独立信号可作次通道。,由共享基础引擎判定,由共享基础引擎判定,喜忌不直接等于冲突方式好坏；只修正调用顺畅度、资源压力和状态切换。,原十神性质有效；真合化成立时按化神所属功能系统重建。,由共享基础引擎判定,63,主通道 +5,primary_conflict_channel,能够根据议题灵活调用，不必长期压过其他通道。,你通常会按议题和强度使用这项方式，不一定每次都同样明显。,不得由本规则直接推出攻击、冷战、控制、情绪虐待、暴力、分手离婚、关系失败、人格或依恋类型；不得把某种分歧处理顺序等同于爱得更多或更少。风险与失衡需转入M4，适配需转入M5。,中,待验证,,provisional=true; state_modifier=SC11,0.6
M3-CONFLICT-219,SC12 偏弱有助｜需要明确条件,L6 状态修正,CONFLICT-状态修正,通用,状态修正,偏弱有助,,偏弱有助由共享基础引擎可靠判定；主冲突通道基础性质有效。,基础信号未定；真合化后原信号已失效；只有单一弱远争议信号；或该结论会越界到M4风险、M5适配。,由共享基础引擎与M3-STATE修正；日主承载只修正冲突处理的可执行性，不直接等于强硬或软弱。,不限定；夫妻星只在责任、行动、投入等冲突议题中参与接口，不作为CONFLICT唯一主轴。,由M3-BASE、日支主气及宫位动态提供；不得把日支直接写成配偶性格。,无／待CONFLICT顺序与路径规则组合,日柱与日支近位优先；全局有效独立信号可作次通道。,由共享基础引擎判定,由共享基础引擎判定,喜忌不直接等于冲突方式好坏；只修正调用顺畅度、资源压力和状态切换。,原十神性质有效；真合化成立时按化神所属功能系统重建。,由共享基础引擎判定,63,条件性 +4,first_response,在关系安全、问题清楚或有外部支持时更容易出现。,这项处理方式更容易在条件明确、有人回应或关系安全时被调用。,不得由本规则直接推出攻击、冷战、控制、情绪虐待、暴力、分手离婚、关系失败、人格或依恋类型；不得把某种分歧处理顺序等同于爱得更多或更少。风险与失衡需转入M4，适配需转入M5。,中,待验证,,provisional=true; state_modifier=SC12,0.6
M3-CONFLICT-220,SC13 偏弱无助｜不写稳定模式,L6 状态修正,CONFLICT-状态修正,通用,状态修正,偏弱无助,,偏弱无助由共享基础引擎可靠判定；主冲突通道基础性质有效。,基础信号未定；真合化后原信号已失效；只有单一弱远争议信号；或该结论会越界到M4风险、M5适配。,由共享基础引擎与M3-STATE修正；日主承载只修正冲突处理的可执行性，不直接等于强硬或软弱。,不限定；夫妻星只在责任、行动、投入等冲突议题中参与接口，不作为CONFLICT唯一主轴。,由M3-BASE、日支主气及宫位动态提供；不得把日支直接写成配偶性格。,无／待CONFLICT顺序与路径规则组合,日柱与日支近位优先；全局有效独立信号可作次通道。,由共享基础引擎判定,由共享基础引擎判定,喜忌不直接等于冲突方式好坏；只修正调用顺畅度、资源压力和状态切换。,原十神性质有效；真合化成立时按化神所属功能系统重建。,由共享基础引擎判定,63,候选 +1；降置信,primary_conflict_channel,只能保留系统背景，不能写成稳定冲突习惯。,目前只能说明你可能偏向这一方向，不能固定成主要处理模式。,不得由本规则直接推出攻击、冷战、控制、情绪虐待、暴力、分手离婚、关系失败、人格或依恋类型；不得把某种分歧处理顺序等同于爱得更多或更少。风险与失衡需转入M4，适配需转入M5。,中低,待验证,,provisional=true; state_modifier=SC13,0.6
M3-CONFLICT-221,SC14 强弱争议｜回退到五系统,L6 状态修正,CONFLICT-状态修正,通用,状态修正,强弱争议,,强弱争议由共享基础引擎可靠判定；主冲突通道基础性质有效。,基础信号未定；真合化后原信号已失效；只有单一弱远争议信号；或该结论会越界到M4风险、M5适配。,由共享基础引擎与M3-STATE修正；日主承载只修正冲突处理的可执行性，不直接等于强硬或软弱。,不限定；夫妻星只在责任、行动、投入等冲突议题中参与接口，不作为CONFLICT唯一主轴。,由M3-BASE、日支主气及宫位动态提供；不得把日支直接写成配偶性格。,无／待CONFLICT顺序与路径规则组合,日柱与日支近位优先；全局有效独立信号可作次通道。,由共享基础引擎判定,由共享基础引擎判定,喜忌不直接等于冲突方式好坏；只修正调用顺畅度、资源压力和状态切换。,原十神性质有效；真合化成立时按化神所属功能系统重建。,由共享基础引擎判定,90,停止十神级输出,report_status,十神级主次不可靠时，只保留表达、现实、责任、承接或自主系统。,目前只能判断你更偏向某一类处理系统，具体方式仍需保留不确定性。,不得由本规则直接推出攻击、冷战、控制、情绪虐待、暴力、分手离婚、关系失败、人格或依恋类型；不得把某种分歧处理顺序等同于爱得更多或更少。风险与失衡需转入M4，适配需转入M5。,低,待验证,,provisional=true; state_modifier=SC14,0.6
M3-CONFLICT-222,SC15 为喜且平衡｜调用较顺畅,L6 状态修正,CONFLICT-状态修正,通用,状态修正,为喜且平衡,,为喜且平衡由共享基础引擎可靠判定；主冲突通道基础性质有效。,基础信号未定；真合化后原信号已失效；只有单一弱远争议信号；或该结论会越界到M4风险、M5适配。,由共享基础引擎与M3-STATE修正；日主承载只修正冲突处理的可执行性，不直接等于强硬或软弱。,不限定；夫妻星只在责任、行动、投入等冲突议题中参与接口，不作为CONFLICT唯一主轴。,由M3-BASE、日支主气及宫位动态提供；不得把日支直接写成配偶性格。,无／待CONFLICT顺序与路径规则组合,日柱与日支近位优先；全局有效独立信号可作次通道。,由共享基础引擎判定,由共享基础引擎判定,喜忌不直接等于冲突方式好坏；只修正调用顺畅度、资源压力和状态切换。,原十神性质有效；真合化成立时按化神所属功能系统重建。,由共享基础引擎判定,63,顺畅度 +4,state_shift,该通道更容易从启动走向完成，不代表一定没有分歧。,你使用这项方式时通常较顺手，也更容易把分歧推进到可处理状态。,不得由本规则直接推出攻击、冷战、控制、情绪虐待、暴力、分手离婚、关系失败、人格或依恋类型；不得把某种分歧处理顺序等同于爱得更多或更少。风险与失衡需转入M4，适配需转入M5。,中,待验证,,provisional=true; state_modifier=SC15,0.6
M3-CONFLICT-223,SC16 为忌但有效｜仍可高频调用,L6 状态修正,CONFLICT-状态修正,通用,状态修正,为忌但有效,,为忌但有效由共享基础引擎可靠判定；主冲突通道基础性质有效。,基础信号未定；真合化后原信号已失效；只有单一弱远争议信号；或该结论会越界到M4风险、M5适配。,由共享基础引擎与M3-STATE修正；日主承载只修正冲突处理的可执行性，不直接等于强硬或软弱。,不限定；夫妻星只在责任、行动、投入等冲突议题中参与接口，不作为CONFLICT唯一主轴。,由M3-BASE、日支主气及宫位动态提供；不得把日支直接写成配偶性格。,无／待CONFLICT顺序与路径规则组合,日柱与日支近位优先；全局有效独立信号可作次通道。,由共享基础引擎判定,由共享基础引擎判定,喜忌不直接等于冲突方式好坏；只修正调用顺畅度、资源压力和状态切换。,原十神性质有效；真合化成立时按化神所属功能系统重建。,由共享基础引擎判定,63,强度保留；路由M4,state_shift,喜忌不决定是否调用；有效且为忌仍可能高频出现。,这项方式仍可能很常用；是否让你或关系承受压力，需要交给M4。,不得由本规则直接推出攻击、冷战、控制、情绪虐待、暴力、分手离婚、关系失败、人格或依恋类型；不得把某种分歧处理顺序等同于爱得更多或更少。风险与失衡需转入M4，适配需转入M5。,中,待验证,,provisional=true; state_modifier=SC16,0.6
M3-CONFLICT-224,SC17 喜忌未定｜只用功能语言,L6 状态修正,CONFLICT-状态修正,通用,状态修正,喜忌未定,,喜忌未定由共享基础引擎可靠判定；主冲突通道基础性质有效。,基础信号未定；真合化后原信号已失效；只有单一弱远争议信号；或该结论会越界到M4风险、M5适配。,由共享基础引擎与M3-STATE修正；日主承载只修正冲突处理的可执行性，不直接等于强硬或软弱。,不限定；夫妻星只在责任、行动、投入等冲突议题中参与接口，不作为CONFLICT唯一主轴。,由M3-BASE、日支主气及宫位动态提供；不得把日支直接写成配偶性格。,无／待CONFLICT顺序与路径规则组合,日柱与日支近位优先；全局有效独立信号可作次通道。,由共享基础引擎判定,由共享基础引擎判定,喜忌不直接等于冲突方式好坏；只修正调用顺畅度、资源压力和状态切换。,原十神性质有效；真合化成立时按化神所属功能系统重建。,由共享基础引擎判定,63,功能保留；不写体验质量,boundary_note,可描述处理顺序，但不评价轻松、成熟或有压力。,可以说明你怎样处理分歧，但不评价这种方式是否轻松或理想。,不得由本规则直接推出攻击、冷战、控制、情绪虐待、暴力、分手离婚、关系失败、人格或依恋类型；不得把某种分歧处理顺序等同于爱得更多或更少。风险与失衡需转入M4，适配需转入M5。,中,待验证,,provisional=true; state_modifier=SC17,0.6
M3-CONFLICT-225,SC18 忌而过旺｜禁止直接写冲突失控,L6 状态修正,CONFLICT-状态修正,通用,状态修正,忌而过旺,,忌而过旺由共享基础引擎可靠判定；主冲突通道基础性质有效。,基础信号未定；真合化后原信号已失效；只有单一弱远争议信号；或该结论会越界到M4风险、M5适配。,由共享基础引擎与M3-STATE修正；日主承载只修正冲突处理的可执行性，不直接等于强硬或软弱。,不限定；夫妻星只在责任、行动、投入等冲突议题中参与接口，不作为CONFLICT唯一主轴。,由M3-BASE、日支主气及宫位动态提供；不得把日支直接写成配偶性格。,无／待CONFLICT顺序与路径规则组合,日柱与日支近位优先；全局有效独立信号可作次通道。,由共享基础引擎判定,由共享基础引擎判定,喜忌不直接等于冲突方式好坏；只修正调用顺畅度、资源压力和状态切换。,原十神性质有效；真合化成立时按化神所属功能系统重建。,由共享基础引擎判定,90,路由M4；CONFLICT不判风险,risk_route,只能说明该通道容易抢先，不能直接写成攻击、控制、冷战或关系失控。,只能说这种反应容易先出现，不能直接把它写成冲突失控。,不得由本规则直接推出攻击、冷战、控制、情绪虐待、暴力、分手离婚、关系失败、人格或依恋类型；不得把某种分歧处理顺序等同于爱得更多或更少。风险与失衡需转入M4，适配需转入M5。,高,待验证,,provisional=true; state_modifier=SC18,0.6
M3-CONFLICT-226,SC19 有制有化｜经过另一系统调节,L6 状态修正,CONFLICT-状态修正,通用,状态修正,有制有化,,有制有化由共享基础引擎可靠判定；主冲突通道基础性质有效。,基础信号未定；真合化后原信号已失效；只有单一弱远争议信号；或该结论会越界到M4风险、M5适配。,由共享基础引擎与M3-STATE修正；日主承载只修正冲突处理的可执行性，不直接等于强硬或软弱。,不限定；夫妻星只在责任、行动、投入等冲突议题中参与接口，不作为CONFLICT唯一主轴。,由M3-BASE、日支主气及宫位动态提供；不得把日支直接写成配偶性格。,无／待CONFLICT顺序与路径规则组合,日柱与日支近位优先；全局有效独立信号可作次通道。,由共享基础引擎判定,由共享基础引擎判定,喜忌不直接等于冲突方式好坏；只修正调用顺畅度、资源压力和状态切换。,原十神性质有效；真合化成立时按化神所属功能系统重建。,由共享基础引擎判定,63,建立桥接路径 +5,conflict_path,原通道会通过沟通、现实、规则、承接或边界系统进行调节。,你的第一反应可能会经过另一种方式调节，再形成真正的处理结果。,不得由本规则直接推出攻击、冷战、控制、情绪虐待、暴力、分手离婚、关系失败、人格或依恋类型；不得把某种分歧处理顺序等同于爱得更多或更少。风险与失衡需转入M4，适配需转入M5。,中高,待验证,,provisional=true; state_modifier=SC19,0.6
M3-CONFLICT-227,SC20 强而无制｜压力下更易抢先,L6 状态修正,CONFLICT-状态修正,通用,状态修正,强而无制,,强而无制由共享基础引擎可靠判定；主冲突通道基础性质有效。,基础信号未定；真合化后原信号已失效；只有单一弱远争议信号；或该结论会越界到M4风险、M5适配。,由共享基础引擎与M3-STATE修正；日主承载只修正冲突处理的可执行性，不直接等于强硬或软弱。,不限定；夫妻星只在责任、行动、投入等冲突议题中参与接口，不作为CONFLICT唯一主轴。,由M3-BASE、日支主气及宫位动态提供；不得把日支直接写成配偶性格。,无／待CONFLICT顺序与路径规则组合,日柱与日支近位优先；全局有效独立信号可作次通道。,由共享基础引擎判定,由共享基础引擎判定,喜忌不直接等于冲突方式好坏；只修正调用顺畅度、资源压力和状态切换。,原十神性质有效；真合化成立时按化神所属功能系统重建。,由共享基础引擎判定,63,压力通道 +5,state_shift,压力状态下该通道更可能成为第一反应，但不代表平时只有这一种。,压力增加时，这种处理方式更可能先出现，但不能由此定义你的全部相处方式。,不得由本规则直接推出攻击、冷战、控制、情绪虐待、暴力、分手离婚、关系失败、人格或依恋类型；不得把某种分歧处理顺序等同于爱得更多或更少。风险与失衡需转入M4，适配需转入M5。,中,待验证,,provisional=true; state_modifier=SC20,0.6
M3-CONFLICT-228,SC21 真合化｜原通道清零并重建,L6 状态修正,CONFLICT-状态修正,通用,状态修正,真合化,,真合化由共享基础引擎可靠判定；主冲突通道基础性质有效。,基础信号未定；真合化后原信号已失效；只有单一弱远争议信号；或该结论会越界到M4风险、M5适配。,由共享基础引擎与M3-STATE修正；日主承载只修正冲突处理的可执行性，不直接等于强硬或软弱。,不限定；夫妻星只在责任、行动、投入等冲突议题中参与接口，不作为CONFLICT唯一主轴。,由M3-BASE、日支主气及宫位动态提供；不得把日支直接写成配偶性格。,无／待CONFLICT顺序与路径规则组合,日柱与日支近位优先；全局有效独立信号可作次通道。,由共享基础引擎判定,由共享基础引擎判定,喜忌不直接等于冲突方式好坏；只修正调用顺畅度、资源压力和状态切换。,原十神性质有效；真合化成立时按化神所属功能系统重建。,由共享基础引擎判定,90,原分清零；替换路由,report_status,真合化成立时原十神冲突通道不再保留，按化神功能系统重建。,原来的冲突解释不再保留，改按合化后的功能系统重新判断。,不得由本规则直接推出攻击、冷战、控制、情绪虐待、暴力、分手离婚、关系失败、人格或依恋类型；不得把某种分歧处理顺序等同于爱得更多或更少。风险与失衡需转入M4，适配需转入M5。,高,待验证,,provisional=true; state_modifier=SC21,0.6
M3-CONFLICT-229,SC22 日柱／日支近位｜亲密分歧直接调用,L6 状态修正,CONFLICT-状态修正,通用,状态修正,日柱／日支近位,,日柱／日支近位由共享基础引擎可靠判定；主冲突通道基础性质有效。,基础信号未定；真合化后原信号已失效；只有单一弱远争议信号；或该结论会越界到M4风险、M5适配。,由共享基础引擎与M3-STATE修正；日主承载只修正冲突处理的可执行性，不直接等于强硬或软弱。,不限定；夫妻星只在责任、行动、投入等冲突议题中参与接口，不作为CONFLICT唯一主轴。,由M3-BASE、日支主气及宫位动态提供；不得把日支直接写成配偶性格。,无／待CONFLICT顺序与路径规则组合,日柱与日支近位优先；全局有效独立信号可作次通道。,由共享基础引擎判定,由共享基础引擎判定,喜忌不直接等于冲突方式好坏；只修正调用顺畅度、资源压力和状态切换。,原十神性质有效；真合化成立时按化神所属功能系统重建。,由共享基础引擎判定,63,主通道 +7,primary_conflict_channel,近位信号更容易直接进入亲密关系中的意见不一致。,这项处理方式更容易直接出现在亲密关系的分歧中。,不得由本规则直接推出攻击、冷战、控制、情绪虐待、暴力、分手离婚、关系失败、人格或依恋类型；不得把某种分歧处理顺序等同于爱得更多或更少。风险与失衡需转入M4，适配需转入M5。,中高,待验证,,provisional=true; state_modifier=SC22,0.6
M3-CONFLICT-230,SC23 月柱中近位｜长期背景,L6 状态修正,CONFLICT-状态修正,通用,状态修正,月柱中近位,,月柱中近位由共享基础引擎可靠判定；主冲突通道基础性质有效。,基础信号未定；真合化后原信号已失效；只有单一弱远争议信号；或该结论会越界到M4风险、M5适配。,由共享基础引擎与M3-STATE修正；日主承载只修正冲突处理的可执行性，不直接等于强硬或软弱。,不限定；夫妻星只在责任、行动、投入等冲突议题中参与接口，不作为CONFLICT唯一主轴。,由M3-BASE、日支主气及宫位动态提供；不得把日支直接写成配偶性格。,无／待CONFLICT顺序与路径规则组合,日柱与日支近位优先；全局有效独立信号可作次通道。,由共享基础引擎判定,由共享基础引擎判定,喜忌不直接等于冲突方式好坏；只修正调用顺畅度、资源压力和状态切换。,原十神性质有效；真合化成立时按化神所属功能系统重建。,由共享基础引擎判定,63,主／次候选 +4,secondary_conflict_channel,可能成为长期生活中的稳定背景，但仍需日支或行为验证。,这项方式更可能成为长期相处中的背景处理习惯。,不得由本规则直接推出攻击、冷战、控制、情绪虐待、暴力、分手离婚、关系失败、人格或依恋类型；不得把某种分歧处理顺序等同于爱得更多或更少。风险与失衡需转入M4，适配需转入M5。,中,待验证,,provisional=true; state_modifier=SC23,0.6
M3-CONFLICT-231,SC24 年时远位｜情境或阶段化,L6 状态修正,CONFLICT-状态修正,通用,状态修正,年时远位,,年时远位由共享基础引擎可靠判定；主冲突通道基础性质有效。,基础信号未定；真合化后原信号已失效；只有单一弱远争议信号；或该结论会越界到M4风险、M5适配。,由共享基础引擎与M3-STATE修正；日主承载只修正冲突处理的可执行性，不直接等于强硬或软弱。,不限定；夫妻星只在责任、行动、投入等冲突议题中参与接口，不作为CONFLICT唯一主轴。,由M3-BASE、日支主气及宫位动态提供；不得把日支直接写成配偶性格。,无／待CONFLICT顺序与路径规则组合,日柱与日支近位优先；全局有效独立信号可作次通道。,由共享基础引擎判定,由共享基础引擎判定,喜忌不直接等于冲突方式好坏；只修正调用顺畅度、资源压力和状态切换。,原十神性质有效；真合化成立时按化神所属功能系统重建。,由共享基础引擎判定,63,次候选 +2；降置信,secondary_conflict_channel,更依赖特定环境、角色或阶段，不宜直接写成亲密关系核心。,这项方式可能更依赖特定情境或人生阶段，不宜直接写成核心反应。,不得由本规则直接推出攻击、冷战、控制、情绪虐待、暴力、分手离婚、关系失败、人格或依恋类型；不得把某种分歧处理顺序等同于爱得更多或更少。风险与失衡需转入M4，适配需转入M5。,中低,待验证,,provisional=true; state_modifier=SC24,0.6
M3-CONFLICT-232,IF01 BASE同源接口｜底盘与冲突共享一次权重,L7 接口、去重与停止,CONFLICT-接口门控,通用,接口／去重／停止,BASE同一source_id,,BASE同一source_id被调用，且相应上游模块或基础事实可追溯。,基础信号未定；真合化后原信号已失效；只有单一弱远争议信号；或该结论会越界到M4风险、M5适配。,由共享基础引擎与M3-STATE修正；日主承载只修正冲突处理的可执行性，不直接等于强硬或软弱。,不限定；夫妻星只在责任、行动、投入等冲突议题中参与接口，不作为CONFLICT唯一主轴。,由M3-BASE、日支主气及宫位动态提供；不得把日支直接写成配偶性格。,无／待CONFLICT顺序与路径规则组合,日柱与日支近位优先；全局有效独立信号可作次通道。,由共享基础引擎判定,由共享基础引擎判定,喜忌不直接等于冲突方式好坏；只修正调用顺畅度、资源压力和状态切换。,原十神性质有效；真合化成立时按化神所属功能系统重建。,由共享基础引擎判定,89,不加分；接口／去重／路由,provenance,关系底盘可以细化为冲突通道，但基础证据只计一次。,你的日常关系底盘会影响分歧处理，但不会因为被两个模块读取就重复加重结论。,不得由本规则直接推出攻击、冷战、控制、情绪虐待、暴力、分手离婚、关系失败、人格或依恋类型；不得把某种分歧处理顺序等同于爱得更多或更少。风险与失衡需转入M4，适配需转入M5。,高,待验证,,provisional=true; interface=IF01,0.6
M3-CONFLICT-233,IF02 BASE异源接口｜次通道可独立升级,L7 接口、去重与停止,CONFLICT-接口门控,通用,接口／去重／停止,BASE独立source_id,,BASE独立source_id被调用，且相应上游模块或基础事实可追溯。,基础信号未定；真合化后原信号已失效；只有单一弱远争议信号；或该结论会越界到M4风险、M5适配。,由共享基础引擎与M3-STATE修正；日主承载只修正冲突处理的可执行性，不直接等于强硬或软弱。,不限定；夫妻星只在责任、行动、投入等冲突议题中参与接口，不作为CONFLICT唯一主轴。,由M3-BASE、日支主气及宫位动态提供；不得把日支直接写成配偶性格。,无／待CONFLICT顺序与路径规则组合,日柱与日支近位优先；全局有效独立信号可作次通道。,由共享基础引擎判定,由共享基础引擎判定,喜忌不直接等于冲突方式好坏；只修正调用顺畅度、资源压力和状态切换。,原十神性质有效；真合化成立时按化神所属功能系统重建。,由共享基础引擎判定,75,不加分；接口／去重／路由,secondary_conflict_channel,若BASE底盘与CONFLICT通道来自不同可靠来源，可保留功能不同的次通道。,你的日常相处底盘和分歧处理不完全相同时，可以保留一个有独立依据的补充方式。,不得由本规则直接推出攻击、冷战、控制、情绪虐待、暴力、分手离婚、关系失败、人格或依恋类型；不得把某种分歧处理顺序等同于爱得更多或更少。风险与失衡需转入M4，适配需转入M5。,中高,待验证,,provisional=true; interface=IF02,0.6
M3-CONFLICT-234,IF03 EXPR日常沟通→CONFLICT启动修正,L7 接口、去重与停止,CONFLICT-接口门控,通用,接口／去重／停止,EXPR表达通道,,EXPR表达通道被调用，且相应上游模块或基础事实可追溯。,基础信号未定；真合化后原信号已失效；只有单一弱远争议信号；或该结论会越界到M4风险、M5适配。,由共享基础引擎与M3-STATE修正；日主承载只修正冲突处理的可执行性，不直接等于强硬或软弱。,不限定；夫妻星只在责任、行动、投入等冲突议题中参与接口，不作为CONFLICT唯一主轴。,由M3-BASE、日支主气及宫位动态提供；不得把日支直接写成配偶性格。,无／待CONFLICT顺序与路径规则组合,日柱与日支近位优先；全局有效独立信号可作次通道。,由共享基础引擎判定,由共享基础引擎判定,喜忌不直接等于冲突方式好坏；只修正调用顺畅度、资源压力和状态切换。,原十神性质有效；真合化成立时按化神所属功能系统重建。,由共享基础引擎判定,89,不加分；接口／去重／路由,first_response,EXPR可提供语言、行动或内化方式，但不能单独决定压力下第一反应。,你平时怎样表达会影响分歧中的沟通入口，但压力下是否保持同样顺序还要继续判断。,不得由本规则直接推出攻击、冷战、控制、情绪虐待、暴力、分手离婚、关系失败、人格或依恋类型；不得把某种分歧处理顺序等同于爱得更多或更少。风险与失衡需转入M4，适配需转入M5。,高,待验证,,provisional=true; interface=IF03,0.6
M3-CONFLICT-235,IF04 EXPR直接表达≠攻击,L7 接口、去重与停止,CONFLICT-接口门控,通用,接口／去重／停止,伤官／比肩／官杀表达,,伤官／比肩／官杀表达被调用，且相应上游模块或基础事实可追溯。,基础信号未定；真合化后原信号已失效；只有单一弱远争议信号；或该结论会越界到M4风险、M5适配。,由共享基础引擎与M3-STATE修正；日主承载只修正冲突处理的可执行性，不直接等于强硬或软弱。,不限定；夫妻星只在责任、行动、投入等冲突议题中参与接口，不作为CONFLICT唯一主轴。,由M3-BASE、日支主气及宫位动态提供；不得把日支直接写成配偶性格。,无／待CONFLICT顺序与路径规则组合,日柱与日支近位优先；全局有效独立信号可作次通道。,由共享基础引擎判定,由共享基础引擎判定,喜忌不直接等于冲突方式好坏；只修正调用顺畅度、资源压力和状态切换。,原十神性质有效；真合化成立时按化神所属功能系统重建。,由共享基础引擎判定,89,不加分；边界检查,boundary_note,直接、清楚或强度高的表达不自动等于攻击；语气、尊重和结果交给M4与案例。,你可能把问题说得直接，但这不自动意味着会攻击对方。,不得由本规则直接推出攻击、冷战、控制、情绪虐待、暴力、分手离婚、关系失败、人格或依恋类型；不得把某种分歧处理顺序等同于爱得更多或更少。风险与失衡需转入M4，适配需转入M5。,高,待验证,,provisional=true; interface=IF04,0.6
M3-CONFLICT-236,IF05 CARE支持方式≠冲突解决方式,L7 接口、去重与停止,CONFLICT-接口门控,通用,接口／去重／停止,CARE通道,,CARE通道被调用，且相应上游模块或基础事实可追溯。,基础信号未定；真合化后原信号已失效；只有单一弱远争议信号；或该结论会越界到M4风险、M5适配。,由共享基础引擎与M3-STATE修正；日主承载只修正冲突处理的可执行性，不直接等于强硬或软弱。,不限定；夫妻星只在责任、行动、投入等冲突议题中参与接口，不作为CONFLICT唯一主轴。,由M3-BASE、日支主气及宫位动态提供；不得把日支直接写成配偶性格。,无／待CONFLICT顺序与路径规则组合,日柱与日支近位优先；全局有效独立信号可作次通道。,由共享基础引擎判定,由共享基础引擎判定,喜忌不直接等于冲突方式好坏；只修正调用顺畅度、资源压力和状态切换。,原十神性质有效；真合化成立时按化神所属功能系统重建。,由共享基础引擎判定,89,不加分；接口／去重／路由,boundary_note,用户平时怎样照顾对方，不等于分歧时先采用同一通道。,你平时如何支持对方，和意见不一致时怎样处理，是两套不同功能。,不得由本规则直接推出攻击、冷战、控制、情绪虐待、暴力、分手离婚、关系失败、人格或依恋类型；不得把某种分歧处理顺序等同于爱得更多或更少。风险与失衡需转入M4，适配需转入M5。,高,待验证,,provisional=true; interface=IF05,0.6
M3-CONFLICT-237,IF06 BOUND边界内容→CONFLICT议题输入,L7 接口、去重与停止,CONFLICT-接口门控,通用,接口／去重／停止,BOUND限制内容,,BOUND限制内容被调用，且相应上游模块或基础事实可追溯。,基础信号未定；真合化后原信号已失效；只有单一弱远争议信号；或该结论会越界到M4风险、M5适配。,由共享基础引擎与M3-STATE修正；日主承载只修正冲突处理的可执行性，不直接等于强硬或软弱。,不限定；夫妻星只在责任、行动、投入等冲突议题中参与接口，不作为CONFLICT唯一主轴。,由M3-BASE、日支主气及宫位动态提供；不得把日支直接写成配偶性格。,无／待CONFLICT顺序与路径规则组合,日柱与日支近位优先；全局有效独立信号可作次通道。,由共享基础引擎判定,由共享基础引擎判定,喜忌不直接等于冲突方式好坏；只修正调用顺畅度、资源压力和状态切换。,原十神性质有效；真合化成立时按化神所属功能系统重建。,由共享基础引擎判定,89,不加分；接口／去重／路由,position_expression,BOUND提供不能接受、需要暂停或权限范围；CONFLICT决定怎样处理这些内容。,你的边界会成为分歧议题，但具体怎样说、怎样暂停和怎样形成方案要另外判断。,不得由本规则直接推出攻击、冷战、控制、情绪虐待、暴力、分手离婚、关系失败、人格或依恋类型；不得把某种分歧处理顺序等同于爱得更多或更少。风险与失衡需转入M4，适配需转入M5。,高,待验证,,provisional=true; interface=IF06,0.6
M3-CONFLICT-238,IF07 BOUND暂停≠冷战｜回归路径复核,L7 接口、去重与停止,CONFLICT-接口门控,通用,接口／去重／停止,BOUND暂停,,BOUND暂停被调用，且相应上游模块或基础事实可追溯。,基础信号未定；真合化后原信号已失效；只有单一弱远争议信号；或该结论会越界到M4风险、M5适配。,由共享基础引擎与M3-STATE修正；日主承载只修正冲突处理的可执行性，不直接等于强硬或软弱。,不限定；夫妻星只在责任、行动、投入等冲突议题中参与接口，不作为CONFLICT唯一主轴。,由M3-BASE、日支主气及宫位动态提供；不得把日支直接写成配偶性格。,无／待CONFLICT顺序与路径规则组合,日柱与日支近位优先；全局有效独立信号可作次通道。,由共享基础引擎判定,由共享基础引擎判定,喜忌不直接等于冲突方式好坏；只修正调用顺畅度、资源压力和状态切换。,原十神性质有效；真合化成立时按化神所属功能系统重建。,由共享基础引擎判定,89,不加分；停止／路由,pause_style,只有暂停目的、范围和回归路径可识别时，CONFLICT才可输出暂停。,你需要暂停时，会继续检查你怎样回到问题，而不是直接写成冷战。,不得由本规则直接推出攻击、冷战、控制、情绪虐待、暴力、分手离婚、关系失败、人格或依恋类型；不得把某种分歧处理顺序等同于爱得更多或更少。风险与失衡需转入M4，适配需转入M5。,高,待验证,,provisional=true; interface=IF07,0.6
M3-CONFLICT-239,IF08 REPAIR接口｜问题结束≠联结恢复,L7 接口、去重与停止,CONFLICT-接口门控,通用,接口／去重／停止,REPAIR待调用,,REPAIR待调用被调用，且相应上游模块或基础事实可追溯。,基础信号未定；真合化后原信号已失效；只有单一弱远争议信号；或该结论会越界到M4风险、M5适配。,由共享基础引擎与M3-STATE修正；日主承载只修正冲突处理的可执行性，不直接等于强硬或软弱。,不限定；夫妻星只在责任、行动、投入等冲突议题中参与接口，不作为CONFLICT唯一主轴。,由M3-BASE、日支主气及宫位动态提供；不得把日支直接写成配偶性格。,无／待CONFLICT顺序与路径规则组合,日柱与日支近位优先；全局有效独立信号可作次通道。,由共享基础引擎判定,由共享基础引擎判定,喜忌不直接等于冲突方式好坏；只修正调用顺畅度、资源压力和状态切换。,原十神性质有效；真合化成立时按化神所属功能系统重建。,由共享基础引擎判定,89,不加分；接口／路由,conflict_end_condition,CONFLICT负责阶段结果，REPAIR负责重新理解、靠近和信任恢复。,事情有了处理结果，不代表关系已经恢复；后续怎样重新联结会单独判断。,不得由本规则直接推出攻击、冷战、控制、情绪虐待、暴力、分手离婚、关系失败、人格或依恋类型；不得把某种分歧处理顺序等同于爱得更多或更少。风险与失衡需转入M4，适配需转入M5。,高,待验证,,provisional=true; interface=IF08,0.6
M3-CONFLICT-240,IF09 STATE接口｜先确定平稳主通道,L7 接口、去重与停止,CONFLICT-接口门控,通用,接口／去重／停止,STATE平稳状态,,STATE平稳状态被调用，且相应上游模块或基础事实可追溯。,基础信号未定；真合化后原信号已失效；只有单一弱远争议信号；或该结论会越界到M4风险、M5适配。,由共享基础引擎与M3-STATE修正；日主承载只修正冲突处理的可执行性，不直接等于强硬或软弱。,不限定；夫妻星只在责任、行动、投入等冲突议题中参与接口，不作为CONFLICT唯一主轴。,由M3-BASE、日支主气及宫位动态提供；不得把日支直接写成配偶性格。,无／待CONFLICT顺序与路径规则组合,日柱与日支近位优先；全局有效独立信号可作次通道。,由共享基础引擎判定,由共享基础引擎判定,喜忌不直接等于冲突方式好坏；只修正调用顺畅度、资源压力和状态切换。,原十神性质有效；真合化成立时按化神所属功能系统重建。,由共享基础引擎判定,89,不加分；接口／路由,state_shift,先确定平稳状态的默认冲突通道，再说明压力下是否切换。,会先看你通常怎样处理小分歧，再说明高压力时是否改变方式。,不得由本规则直接推出攻击、冷战、控制、情绪虐待、暴力、分手离婚、关系失败、人格或依恋类型；不得把某种分歧处理顺序等同于爱得更多或更少。风险与失衡需转入M4，适配需转入M5。,高,待验证,,provisional=true; interface=IF09,0.6
M3-CONFLICT-241,IF10 STATE接口｜压力切换需要独立证据,L7 接口、去重与停止,CONFLICT-接口门控,通用,接口／去重／停止,STATE压力状态,,STATE压力状态被调用，且相应上游模块或基础事实可追溯。,基础信号未定；真合化后原信号已失效；只有单一弱远争议信号；或该结论会越界到M4风险、M5适配。,由共享基础引擎与M3-STATE修正；日主承载只修正冲突处理的可执行性，不直接等于强硬或软弱。,不限定；夫妻星只在责任、行动、投入等冲突议题中参与接口，不作为CONFLICT唯一主轴。,由M3-BASE、日支主气及宫位动态提供；不得把日支直接写成配偶性格。,无／待CONFLICT顺序与路径规则组合,日柱与日支近位优先；全局有效独立信号可作次通道。,由共享基础引擎判定,由共享基础引擎判定,喜忌不直接等于冲突方式好坏；只修正调用顺畅度、资源压力和状态切换。,原十神性质有效；真合化成立时按化神所属功能系统重建。,由共享基础引擎判定,75,不加分；接口／门控,state_shift,压力切换至少需要旺衰／制化、宫位动态和真实行为中的两类证据。,只有多类证据一致时，才会把压力下的另一种反应写进结论。,不得由本规则直接推出攻击、冷战、控制、情绪虐待、暴力、分手离婚、关系失败、人格或依恋类型；不得把某种分歧处理顺序等同于爱得更多或更少。风险与失衡需转入M4，适配需转入M5。,中高,待验证,,provisional=true; interface=IF10,0.6
M3-CONFLICT-242,IF11 M2接口｜关系准入标准不等于冲突规则,L7 接口、去重与停止,CONFLICT-接口门控,通用,接口／去重／停止,M2准入维度,,M2准入维度被调用，且相应上游模块或基础事实可追溯。,基础信号未定；真合化后原信号已失效；只有单一弱远争议信号；或该结论会越界到M4风险、M5适配。,由共享基础引擎与M3-STATE修正；日主承载只修正冲突处理的可执行性，不直接等于强硬或软弱。,不限定；夫妻星只在责任、行动、投入等冲突议题中参与接口，不作为CONFLICT唯一主轴。,由M3-BASE、日支主气及宫位动态提供；不得把日支直接写成配偶性格。,无／待CONFLICT顺序与路径规则组合,日柱与日支近位优先；全局有效独立信号可作次通道。,由共享基础引擎判定,由共享基础引擎判定,喜忌不直接等于冲突方式好坏；只修正调用顺畅度、资源压力和状态切换。,原十神性质有效；真合化成立时按化神所属功能系统重建。,由共享基础引擎判定,89,不加分；接口／路由,boundary_note,M2可说明哪些议题容易重要，但不能决定分歧如何处理。,你选择关系时看重的条件，可能成为分歧议题，但不会直接决定你的处理方式。,不得由本规则直接推出攻击、冷战、控制、情绪虐待、暴力、分手离婚、关系失败、人格或依恋类型；不得把某种分歧处理顺序等同于爱得更多或更少。风险与失衡需转入M4，适配需转入M5。,高,待验证,,provisional=true; interface=IF11,0.6
M3-CONFLICT-243,IF12 M1接口｜心动触发不参与冲突加分,L7 接口、去重与停止,CONFLICT-接口门控,通用,接口／去重／停止,M1心动维度,,M1心动维度被调用，且相应上游模块或基础事实可追溯。,基础信号未定；真合化后原信号已失效；只有单一弱远争议信号；或该结论会越界到M4风险、M5适配。,由共享基础引擎与M3-STATE修正；日主承载只修正冲突处理的可执行性，不直接等于强硬或软弱。,不限定；夫妻星只在责任、行动、投入等冲突议题中参与接口，不作为CONFLICT唯一主轴。,由M3-BASE、日支主气及宫位动态提供；不得把日支直接写成配偶性格。,无／待CONFLICT顺序与路径规则组合,日柱与日支近位优先；全局有效独立信号可作次通道。,由共享基础引擎判定,由共享基础引擎判定,喜忌不直接等于冲突方式好坏；只修正调用顺畅度、资源压力和状态切换。,原十神性质有效；真合化成立时按化神所属功能系统重建。,由共享基础引擎判定,89,不加分；去重／边界,provenance,M1只做对照，不参与CONFLICT核心分值。,让你心动的特质不会被当成分歧处理证据。,不得由本规则直接推出攻击、冷战、控制、情绪虐待、暴力、分手离婚、关系失败、人格或依恋类型；不得把某种分歧处理顺序等同于爱得更多或更少。风险与失衡需转入M4，适配需转入M5。,高,待验证,,provisional=true; interface=IF12,0.6
M3-CONFLICT-244,IF13 M4路由｜直接通道过强候选,L7 接口、去重与停止,CONFLICT-接口门控,通用,接口／去重／停止,伤官／比肩／官杀过旺,,伤官／比肩／官杀过旺被调用，且相应上游模块或基础事实可追溯。,基础信号未定；真合化后原信号已失效；只有单一弱远争议信号；或该结论会越界到M4风险、M5适配。,由共享基础引擎与M3-STATE修正；日主承载只修正冲突处理的可执行性，不直接等于强硬或软弱。,不限定；夫妻星只在责任、行动、投入等冲突议题中参与接口，不作为CONFLICT唯一主轴。,由M3-BASE、日支主气及宫位动态提供；不得把日支直接写成配偶性格。,无／待CONFLICT顺序与路径规则组合,日柱与日支近位优先；全局有效独立信号可作次通道。,由共享基础引擎判定,由共享基础引擎判定,喜忌不直接等于冲突方式好坏；只修正调用顺畅度、资源压力和状态切换。,原十神性质有效；真合化成立时按化神所属功能系统重建。,由共享基础引擎判定,89,不加分；路由M4,risk_route,只记录直接性、抢先和压力占位；攻击、压迫或僵持风险交给M4。,这种反应可能很直接，但是否伤害关系，需要在风险模型里判断。,不得由本规则直接推出攻击、冷战、控制、情绪虐待、暴力、分手离婚、关系失败、人格或依恋类型；不得把某种分歧处理顺序等同于爱得更多或更少。风险与失衡需转入M4，适配需转入M5。,高,待验证,,provisional=true; interface=IF13,0.6
M3-CONFLICT-245,IF14 M4路由｜暂停通道过强候选,L7 接口、去重与停止,CONFLICT-接口门控,通用,接口／去重／停止,印星／暂停通道过旺,,印星／暂停通道过旺被调用，且相应上游模块或基础事实可追溯。,基础信号未定；真合化后原信号已失效；只有单一弱远争议信号；或该结论会越界到M4风险、M5适配。,由共享基础引擎与M3-STATE修正；日主承载只修正冲突处理的可执行性，不直接等于强硬或软弱。,不限定；夫妻星只在责任、行动、投入等冲突议题中参与接口，不作为CONFLICT唯一主轴。,由M3-BASE、日支主气及宫位动态提供；不得把日支直接写成配偶性格。,无／待CONFLICT顺序与路径规则组合,日柱与日支近位优先；全局有效独立信号可作次通道。,由共享基础引擎判定,由共享基础引擎判定,喜忌不直接等于冲突方式好坏；只修正调用顺畅度、资源压力和状态切换。,原十神性质有效；真合化成立时按化神所属功能系统重建。,由共享基础引擎判定,89,不加分；路由M4,risk_route,只记录暂停和内部整理；长期断联、冷战或回避需真实行为与M4。,你可能需要更多整理时间，但是否变成长时间不回应，不能由本模块直接判断。,不得由本规则直接推出攻击、冷战、控制、情绪虐待、暴力、分手离婚、关系失败、人格或依恋类型；不得把某种分歧处理顺序等同于爱得更多或更少。风险与失衡需转入M4，适配需转入M5。,高,待验证,,provisional=true; interface=IF14,0.6
M3-CONFLICT-246,IF15 M4路由｜行动决断过强候选,L7 接口、去重与停止,CONFLICT-接口门控,通用,接口／去重／停止,七杀／劫财过旺,,七杀／劫财过旺被调用，且相应上游模块或基础事实可追溯。,基础信号未定；真合化后原信号已失效；只有单一弱远争议信号；或该结论会越界到M4风险、M5适配。,由共享基础引擎与M3-STATE修正；日主承载只修正冲突处理的可执行性，不直接等于强硬或软弱。,不限定；夫妻星只在责任、行动、投入等冲突议题中参与接口，不作为CONFLICT唯一主轴。,由M3-BASE、日支主气及宫位动态提供；不得把日支直接写成配偶性格。,无／待CONFLICT顺序与路径规则组合,日柱与日支近位优先；全局有效独立信号可作次通道。,由共享基础引擎判定,由共享基础引擎判定,喜忌不直接等于冲突方式好坏；只修正调用顺畅度、资源压力和状态切换。,原十神性质有效；真合化成立时按化神所属功能系统重建。,由共享基础引擎判定,89,不加分；路由M4,risk_route,只记录行动、止损和快速推进；控制、替代对方决定或激烈行为需M4。,你可能更快行动，但是否压过对方参与权，要交给边界和风险模块。,不得由本规则直接推出攻击、冷战、控制、情绪虐待、暴力、分手离婚、关系失败、人格或依恋类型；不得把某种分歧处理顺序等同于爱得更多或更少。风险与失衡需转入M4，适配需转入M5。,高,待验证,,provisional=true; interface=IF15,0.6
M3-CONFLICT-247,IF16 M5接口｜冲突风格不得直接给适配答案,L7 接口、去重与停止,CONFLICT-接口门控,通用,接口／去重／停止,M5适配待调用,,M5适配待调用被调用，且相应上游模块或基础事实可追溯。,基础信号未定；真合化后原信号已失效；只有单一弱远争议信号；或该结论会越界到M4风险、M5适配。,由共享基础引擎与M3-STATE修正；日主承载只修正冲突处理的可执行性，不直接等于强硬或软弱。,不限定；夫妻星只在责任、行动、投入等冲突议题中参与接口，不作为CONFLICT唯一主轴。,由M3-BASE、日支主气及宫位动态提供；不得把日支直接写成配偶性格。,无／待CONFLICT顺序与路径规则组合,日柱与日支近位优先；全局有效独立信号可作次通道。,由共享基础引擎判定,由共享基础引擎判定,喜忌不直接等于冲突方式好坏；只修正调用顺畅度、资源压力和状态切换。,原十神性质有效；真合化成立时按化神所属功能系统重建。,由共享基础引擎判定,89,不加分；接口／路由,boundary_note,常用冲突方式可作为M5输入，但不直接推出适合哪类伴侣。,你的分歧处理方式会影响长期适配，但不是最终适配结论。,不得由本规则直接推出攻击、冷战、控制、情绪虐待、暴力、分手离婚、关系失败、人格或依恋类型；不得把某种分歧处理顺序等同于爱得更多或更少。风险与失衡需转入M4，适配需转入M5。,高,待验证,,provisional=true; interface=IF16,0.6
M3-CONFLICT-248,IF17 夫妻星入日支｜选择—责任议题连续性,L7 接口、去重与停止,CONFLICT-接口门控,通用,接口／去重／停止,夫妻星入日支,,夫妻星入日支被调用，且相应上游模块或基础事实可追溯。,基础信号未定；真合化后原信号已失效；只有单一弱远争议信号；或该结论会越界到M4风险、M5适配。,由共享基础引擎与M3-STATE修正；日主承载只修正冲突处理的可执行性，不直接等于强硬或软弱。,不限定；夫妻星只在责任、行动、投入等冲突议题中参与接口，不作为CONFLICT唯一主轴。,由M3-BASE、日支主气及宫位动态提供；不得把日支直接写成配偶性格。,无／待CONFLICT顺序与路径规则组合,日柱与日支近位优先；全局有效独立信号可作次通道。,由共享基础引擎判定,由共享基础引擎判定,喜忌不直接等于冲突方式好坏；只修正调用顺畅度、资源压力和状态切换。,原十神性质有效；真合化成立时按化神所属功能系统重建。,由共享基础引擎判定,75,不加分；接口／去重,provenance,夫妻星入宫可让承诺、行动或投入成为高频议题，但仍与BASE同源去重。,你选择关系时看重的责任、行动或投入，进入关系后也可能成为分歧中反复需要确认的内容。,不得由本规则直接推出攻击、冷战、控制、情绪虐待、暴力、分手离婚、关系失败、人格或依恋类型；不得把某种分歧处理顺序等同于爱得更多或更少。风险与失衡需转入M4，适配需转入M5。,中高,待验证,,provisional=true; interface=IF17,0.6
M3-CONFLICT-249,IF18 source_id去重｜共享事实只计一次,L7 接口、去重与停止,CONFLICT-接口门控,通用,接口／去重／停止,相同source_id,,相同source_id被调用，且相应上游模块或基础事实可追溯。,基础信号未定；真合化后原信号已失效；只有单一弱远争议信号；或该结论会越界到M4风险、M5适配。,由共享基础引擎与M3-STATE修正；日主承载只修正冲突处理的可执行性，不直接等于强硬或软弱。,不限定；夫妻星只在责任、行动、投入等冲突议题中参与接口，不作为CONFLICT唯一主轴。,由M3-BASE、日支主气及宫位动态提供；不得把日支直接写成配偶性格。,无／待CONFLICT顺序与路径规则组合,日柱与日支近位优先；全局有效独立信号可作次通道。,由共享基础引擎判定,由共享基础引擎判定,喜忌不直接等于冲突方式好坏；只修正调用顺畅度、资源压力和状态切换。,原十神性质有效；真合化成立时按化神所属功能系统重建。,由共享基础引擎判定,89,不加分；去重,provenance,同一基础事实在多个模块出现时只保留一次权重，多模块解释写入来源日志。,同一个事实可以解释多个环节，但不会重复增加证据数量。,不得由本规则直接推出攻击、冷战、控制、情绪虐待、暴力、分手离婚、关系失败、人格或依恋类型；不得把某种分歧处理顺序等同于爱得更多或更少。风险与失衡需转入M4，适配需转入M5。,高,待验证,,provisional=true; interface=IF18,0.6
M3-CONFLICT-250,IF19 同根透藏去重｜外显与稳定分工,L7 接口、去重与停止,CONFLICT-接口门控,通用,接口／去重／停止,同根透藏,,同根透藏被调用，且相应上游模块或基础事实可追溯。,基础信号未定；真合化后原信号已失效；只有单一弱远争议信号；或该结论会越界到M4风险、M5适配。,由共享基础引擎与M3-STATE修正；日主承载只修正冲突处理的可执行性，不直接等于强硬或软弱。,不限定；夫妻星只在责任、行动、投入等冲突议题中参与接口，不作为CONFLICT唯一主轴。,由M3-BASE、日支主气及宫位动态提供；不得把日支直接写成配偶性格。,无／待CONFLICT顺序与路径规则组合,日柱与日支近位优先；全局有效独立信号可作次通道。,由共享基础引擎判定,由共享基础引擎判定,喜忌不直接等于冲突方式好坏；只修正调用顺畅度、资源压力和状态切换。,原十神性质有效；真合化成立时按化神所属功能系统重建。,由共享基础引擎判定,89,不加分；去重,provenance,透干负责可见度、藏支负责稳定背景，不能当成两项独立冲突通道。,同一种方式既可能被看见，也可能有长期来源，但仍是一项核心证据。,不得由本规则直接推出攻击、冷战、控制、情绪虐待、暴力、分手离婚、关系失败、人格或依恋类型；不得把某种分歧处理顺序等同于爱得更多或更少。风险与失衡需转入M4，适配需转入M5。,高,待验证,,provisional=true; interface=IF19,0.6
M3-CONFLICT-251,IF20 同系统正偏十神收敛｜先系统后风格,L7 接口、去重与停止,CONFLICT-接口门控,通用,接口／去重／停止,正偏同系统,,正偏同系统被调用，且相应上游模块或基础事实可追溯。,基础信号未定；真合化后原信号已失效；只有单一弱远争议信号；或该结论会越界到M4风险、M5适配。,由共享基础引擎与M3-STATE修正；日主承载只修正冲突处理的可执行性，不直接等于强硬或软弱。,不限定；夫妻星只在责任、行动、投入等冲突议题中参与接口，不作为CONFLICT唯一主轴。,由M3-BASE、日支主气及宫位动态提供；不得把日支直接写成配偶性格。,无／待CONFLICT顺序与路径规则组合,日柱与日支近位优先；全局有效独立信号可作次通道。,由共享基础引擎判定,由共享基础引擎判定,喜忌不直接等于冲突方式好坏；只修正调用顺畅度、资源压力和状态切换。,原十神性质有效；真合化成立时按化神所属功能系统重建。,由共享基础引擎判定,89,不加分；收敛／分工,secondary_conflict_channel,食伤、财、官杀、印、比劫同系统并见时先判断共同功能，再区分风格和顺序。,两种相近方式同时出现时，会先看共同功能，再说明谁负责启动、谁负责完成。,不得由本规则直接推出攻击、冷战、控制、情绪虐待、暴力、分手离婚、关系失败、人格或依恋类型；不得把某种分歧处理顺序等同于爱得更多或更少。风险与失衡需转入M4，适配需转入M5。,高,待验证,,provisional=true; interface=IF20,0.6
M3-CONFLICT-252,IF21 真合化替换｜原通道不得并存,L7 接口、去重与停止,CONFLICT-接口门控,通用,接口／去重／停止,真合化成立,,真合化成立被调用，且相应上游模块或基础事实可追溯。,基础信号未定；真合化后原信号已失效；只有单一弱远争议信号；或该结论会越界到M4风险、M5适配。,由共享基础引擎与M3-STATE修正；日主承载只修正冲突处理的可执行性，不直接等于强硬或软弱。,不限定；夫妻星只在责任、行动、投入等冲突议题中参与接口，不作为CONFLICT唯一主轴。,由M3-BASE、日支主气及宫位动态提供；不得把日支直接写成配偶性格。,无／待CONFLICT顺序与路径规则组合,日柱与日支近位优先；全局有效独立信号可作次通道。,由共享基础引擎判定,由共享基础引擎判定,喜忌不直接等于冲突方式好坏；只修正调用顺畅度、资源压力和状态切换。,原十神性质有效；真合化成立时按化神所属功能系统重建。,由共享基础引擎判定,89,原分清零；替换路由,report_status,原十神冲突分值清零，按化神映射重新建立通道、顺序和输出。,真合化成立时，原来的处理方式不再同时保留。,不得由本规则直接推出攻击、冷战、控制、情绪虐待、暴力、分手离婚、关系失败、人格或依恋类型；不得把某种分歧处理顺序等同于爱得更多或更少。风险与失衡需转入M4，适配需转入M5。,高,待验证,,provisional=true; interface=IF21,0.6
M3-CONFLICT-253,IF22 弱远争议回退｜只到五系统层,L7 接口、去重与停止,CONFLICT-接口门控,通用,接口／去重／停止,弱远／强弱争议,,弱远／强弱争议被调用，且相应上游模块或基础事实可追溯。,基础信号未定；真合化后原信号已失效；只有单一弱远争议信号；或该结论会越界到M4风险、M5适配。,由共享基础引擎与M3-STATE修正；日主承载只修正冲突处理的可执行性，不直接等于强硬或软弱。,不限定；夫妻星只在责任、行动、投入等冲突议题中参与接口，不作为CONFLICT唯一主轴。,由M3-BASE、日支主气及宫位动态提供；不得把日支直接写成配偶性格。,无／待CONFLICT顺序与路径规则组合,日柱与日支近位优先；全局有效独立信号可作次通道。,由共享基础引擎判定,由共享基础引擎判定,喜忌不直接等于冲突方式好坏；只修正调用顺畅度、资源压力和状态切换。,原十神性质有效；真合化成立时按化神所属功能系统重建。,由共享基础引擎判定,89,降级到系统层,report_status,无法可靠区分具体十神时，回退为自主、表达、现实、责任或承接系统。,目前只能说明你更偏向某类处理功能，不能精确到固定的冲突风格。,不得由本规则直接推出攻击、冷战、控制、情绪虐待、暴力、分手离婚、关系失败、人格或依恋类型；不得把某种分歧处理顺序等同于爱得更多或更少。风险与失衡需转入M4，适配需转入M5。,高,待验证,,provisional=true; interface=IF22,0.6
M3-CONFLICT-254,IF23 无可靠通道停止｜不得硬凑模式,L7 接口、去重与停止,CONFLICT-接口门控,通用,接口／去重／停止,无有效主通道,,无有效主通道被调用，且相应上游模块或基础事实可追溯。,基础信号未定；真合化后原信号已失效；只有单一弱远争议信号；或该结论会越界到M4风险、M5适配。,由共享基础引擎与M3-STATE修正；日主承载只修正冲突处理的可执行性，不直接等于强硬或软弱。,不限定；夫妻星只在责任、行动、投入等冲突议题中参与接口，不作为CONFLICT唯一主轴。,由M3-BASE、日支主气及宫位动态提供；不得把日支直接写成配偶性格。,无／待CONFLICT顺序与路径规则组合,日柱与日支近位优先；全局有效独立信号可作次通道。,由共享基础引擎判定,由共享基础引擎判定,喜忌不直接等于冲突方式好坏；只修正调用顺畅度、资源压力和状态切换。,原十神性质有效；真合化成立时按化神所属功能系统重建。,由共享基础引擎判定,89,停止固定判断,report_status,没有达到主通道门槛、关键基础未定或候选高度冲突时停止固定模式。,现有信息不足以判断稳定冲突方式，只保留需要验证的方向。,不得由本规则直接推出攻击、冷战、控制、情绪虐待、暴力、分手离婚、关系失败、人格或依恋类型；不得把某种分歧处理顺序等同于爱得更多或更少。风险与失衡需转入M4，适配需转入M5。,高,待验证,,provisional=true; interface=IF23,0.6
M3-CONFLICT-255,IF24 有限回退输出｜局部信息可用,L7 接口、去重与停止,CONFLICT-接口门控,通用,接口／去重／停止,局部可靠证据,,局部可靠证据被调用，且相应上游模块或基础事实可追溯。,基础信号未定；真合化后原信号已失效；只有单一弱远争议信号；或该结论会越界到M4风险、M5适配。,由共享基础引擎与M3-STATE修正；日主承载只修正冲突处理的可执行性，不直接等于强硬或软弱。,不限定；夫妻星只在责任、行动、投入等冲突议题中参与接口，不作为CONFLICT唯一主轴。,由M3-BASE、日支主气及宫位动态提供；不得把日支直接写成配偶性格。,无／待CONFLICT顺序与路径规则组合,日柱与日支近位优先；全局有效独立信号可作次通道。,由共享基础引擎判定,由共享基础引擎判定,喜忌不直接等于冲突方式好坏；只修正调用顺畅度、资源压力和状态切换。,原十神性质有效；真合化成立时按化神所属功能系统重建。,由共享基础引擎判定,75,有限回退,report_status,主模式停止但第一关注点、暂停需要或现实行为有可靠证据时，只输出局部字段。,目前可以说明你在分歧中较关注什么，但完整处理顺序仍需真实案例确认。,不得由本规则直接推出攻击、冷战、控制、情绪虐待、暴力、分手离婚、关系失败、人格或依恋类型；不得把某种分歧处理顺序等同于爱得更多或更少。风险与失衡需转入M4，适配需转入M5。,中高,待验证,,provisional=true; interface=IF24,0.6
M3-CONFLICT-256,SO01 来源权重｜日支主气／日柱直接事实,L8 合成、评分与报告,CONFLICT-合成输出,通用,评分,日支主气／日柱,,日支主气、日干日支关系或日柱直接事实有效。,基础信号未定；真合化后原信号已失效；只有单一弱远争议信号；或该结论会越界到M4风险、M5适配。,由共享基础引擎与M3-STATE修正；日主承载只修正冲突处理的可执行性，不直接等于强硬或软弱。,不限定；夫妻星只在责任、行动、投入等冲突议题中参与接口，不作为CONFLICT唯一主轴。,由M3-BASE、日支主气及宫位动态提供；不得把日支直接写成配偶性格。,无／待CONFLICT顺序与路径规则组合,日柱与日支近位优先；全局有效独立信号可作次通道。,由共享基础引擎判定,由共享基础引擎判定,喜忌不直接等于冲突方式好坏；只修正调用顺畅度、资源压力和状态切换。,原十神性质有效；真合化成立时按化神所属功能系统重建。,由共享基础引擎判定,70,基础 +18,primary_conflict_channel,亲密关系中的直接事实拥有最高基础权重。,这类信号更容易直接进入亲密关系的分歧处理。,不得由本规则直接推出攻击、冷战、控制、情绪虐待、暴力、分手离婚、关系失败、人格或依恋类型；不得把某种分歧处理顺序等同于爱得更多或更少。风险与失衡需转入M4，适配需转入M5。,中高,待验证,,provisional=true; synthesis=SO01,0.6
M3-CONFLICT-257,SO02 来源权重｜近位有根独立信号,L8 合成、评分与报告,CONFLICT-合成输出,通用,评分,近位有根,,近位、有根且source_id独立。,基础信号未定；真合化后原信号已失效；只有单一弱远争议信号；或该结论会越界到M4风险、M5适配。,由共享基础引擎与M3-STATE修正；日主承载只修正冲突处理的可执行性，不直接等于强硬或软弱。,不限定；夫妻星只在责任、行动、投入等冲突议题中参与接口，不作为CONFLICT唯一主轴。,由M3-BASE、日支主气及宫位动态提供；不得把日支直接写成配偶性格。,无／待CONFLICT顺序与路径规则组合,日柱与日支近位优先；全局有效独立信号可作次通道。,由共享基础引擎判定,由共享基础引擎判定,喜忌不直接等于冲突方式好坏；只修正调用顺畅度、资源压力和状态切换。,原十神性质有效；真合化成立时按化神所属功能系统重建。,由共享基础引擎判定,70,基础 +14,primary_conflict_channel,靠近日柱且有稳定来源的冲突功能更容易成为真实习惯。,靠近日柱且有稳定来源的处理方式，更容易成为你的真实相处惯性。,不得由本规则直接推出攻击、冷战、控制、情绪虐待、暴力、分手离婚、关系失败、人格或依恋类型；不得把某种分歧处理顺序等同于爱得更多或更少。风险与失衡需转入M4，适配需转入M5。,中高,待验证,,provisional=true; synthesis=SO02,0.6
M3-CONFLICT-258,SO03 来源权重｜透干有根外显信号,L8 合成、评分与报告,CONFLICT-合成输出,通用,评分,透干有根,,透干有根，且未与日支事实同源重复。,基础信号未定；真合化后原信号已失效；只有单一弱远争议信号；或该结论会越界到M4风险、M5适配。,由共享基础引擎与M3-STATE修正；日主承载只修正冲突处理的可执行性，不直接等于强硬或软弱。,不限定；夫妻星只在责任、行动、投入等冲突议题中参与接口，不作为CONFLICT唯一主轴。,由M3-BASE、日支主气及宫位动态提供；不得把日支直接写成配偶性格。,无／待CONFLICT顺序与路径规则组合,日柱与日支近位优先；全局有效独立信号可作次通道。,由共享基础引擎判定,由共享基础引擎判定,喜忌不直接等于冲突方式好坏；只修正调用顺畅度、资源压力和状态切换。,原十神性质有效；真合化成立时按化神所属功能系统重建。,由共享基础引擎判定,70,基础 +12,first_response,外显与稳定兼具，但仍需同源去重。,这种方式既容易被看见，也有一定重复出现的基础。,不得由本规则直接推出攻击、冷战、控制、情绪虐待、暴力、分手离婚、关系失败、人格或依恋类型；不得把某种分歧处理顺序等同于爱得更多或更少。风险与失衡需转入M4，适配需转入M5。,中高,待验证,,provisional=true; synthesis=SO03,0.6
M3-CONFLICT-259,SO04 来源权重｜全局有效独立信号,L8 合成、评分与报告,CONFLICT-合成输出,通用,评分,全局有效独立信号,,信号有效且独立，但位置不是日柱核心。,基础信号未定；真合化后原信号已失效；只有单一弱远争议信号；或该结论会越界到M4风险、M5适配。,由共享基础引擎与M3-STATE修正；日主承载只修正冲突处理的可执行性，不直接等于强硬或软弱。,不限定；夫妻星只在责任、行动、投入等冲突议题中参与接口，不作为CONFLICT唯一主轴。,由M3-BASE、日支主气及宫位动态提供；不得把日支直接写成配偶性格。,无／待CONFLICT顺序与路径规则组合,日柱与日支近位优先；全局有效独立信号可作次通道。,由共享基础引擎判定,由共享基础引擎判定,喜忌不直接等于冲突方式好坏；只修正调用顺畅度、资源压力和状态切换。,原十神性质有效；真合化成立时按化神所属功能系统重建。,由共享基础引擎判定,70,基础 +8,secondary_conflict_channel,可作为次通道或情境通道。,这项方式在命局中有效，但是否成为亲密分歧核心，需要结合位置和真实行为。,不得由本规则直接推出攻击、冷战、控制、情绪虐待、暴力、分手离婚、关系失败、人格或依恋类型；不得把某种分歧处理顺序等同于爱得更多或更少。风险与失衡需转入M4，适配需转入M5。,中,待验证,,provisional=true; synthesis=SO04,0.6
M3-CONFLICT-260,SO05 案例行为校准｜真实重复行为修正,L8 合成、评分与报告,CONFLICT-合成输出,通用,评分,案例行为,,至少两个真实关系情境出现相同处理顺序，并能排除单次事件。,基础信号未定；真合化后原信号已失效；只有单一弱远争议信号；或该结论会越界到M4风险、M5适配。,由共享基础引擎与M3-STATE修正；日主承载只修正冲突处理的可执行性，不直接等于强硬或软弱。,不限定；夫妻星只在责任、行动、投入等冲突议题中参与接口，不作为CONFLICT唯一主轴。,由M3-BASE、日支主气及宫位动态提供；不得把日支直接写成配偶性格。,无／待CONFLICT顺序与路径规则组合,日柱与日支近位优先；全局有效独立信号可作次通道。,由共享基础引擎判定,由共享基础引擎判定,喜忌不直接等于冲突方式好坏；只修正调用顺畅度、资源压力和状态切换。,原十神性质有效；真合化成立时按化神所属功能系统重建。,由共享基础引擎判定,70,案例修正 +0—6,confidence,真实重复行为用于校准知识库参数，而不替代命理基础。,真实相处中的重复行为会用于校准，而不是用一次争执定义你。,不得由本规则直接推出攻击、冷战、控制、情绪虐待、暴力、分手离婚、关系失败、人格或依恋类型；不得把某种分歧处理顺序等同于爱得更多或更少。风险与失衡需转入M4，适配需转入M5。,中高,待验证,,provisional=true; synthesis=SO05,0.6
M3-CONFLICT-261,SO06 主冲突通道门槛｜36分且领先,L8 合成、评分与报告,CONFLICT-合成输出,通用,门槛,主通道候选,,候选总分≥36，领先第二候选≥8，且至少两类独立证据。,基础信号未定；真合化后原信号已失效；只有单一弱远争议信号；或该结论会越界到M4风险、M5适配。,由共享基础引擎与M3-STATE修正；日主承载只修正冲突处理的可执行性，不直接等于强硬或软弱。,不限定；夫妻星只在责任、行动、投入等冲突议题中参与接口，不作为CONFLICT唯一主轴。,由M3-BASE、日支主气及宫位动态提供；不得把日支直接写成配偶性格。,无／待CONFLICT顺序与路径规则组合,日柱与日支近位优先；全局有效独立信号可作次通道。,由共享基础引擎判定,由共享基础引擎判定,喜忌不直接等于冲突方式好坏；只修正调用顺畅度、资源压力和状态切换。,原十神性质有效；真合化成立时按化神所属功能系统重建。,由共享基础引擎判定,70,门槛：≥36且领先≥8,primary_conflict_channel,只有证据集中且功能稳定时，才写入主通道。,只有证据足够集中时，才会把一种方式写成你的主要冲突处理通道。,不得由本规则直接推出攻击、冷战、控制、情绪虐待、暴力、分手离婚、关系失败、人格或依恋类型；不得把某种分歧处理顺序等同于爱得更多或更少。风险与失衡需转入M4，适配需转入M5。,中,待验证,,provisional=true; synthesis=SO06,0.6
M3-CONFLICT-262,SO07 次冲突通道门槛｜25分且功能独立,L8 合成、评分与报告,CONFLICT-合成输出,通用,门槛,次通道候选,,候选总分≥25，来源独立、功能不同，且不是主通道同义重复。,基础信号未定；真合化后原信号已失效；只有单一弱远争议信号；或该结论会越界到M4风险、M5适配。,由共享基础引擎与M3-STATE修正；日主承载只修正冲突处理的可执行性，不直接等于强硬或软弱。,不限定；夫妻星只在责任、行动、投入等冲突议题中参与接口，不作为CONFLICT唯一主轴。,由M3-BASE、日支主气及宫位动态提供；不得把日支直接写成配偶性格。,无／待CONFLICT顺序与路径规则组合,日柱与日支近位优先；全局有效独立信号可作次通道。,由共享基础引擎判定,由共享基础引擎判定,喜忌不直接等于冲突方式好坏；只修正调用顺畅度、资源压力和状态切换。,原十神性质有效；真合化成立时按化神所属功能系统重建。,由共享基础引擎判定,70,门槛：≥25,secondary_conflict_channel,次通道只在提供独立功能时保留。,补充方式只有在来源独立、功能不同且证据足够时才会保留。,不得由本规则直接推出攻击、冷战、控制、情绪虐待、暴力、分手离婚、关系失败、人格或依恋类型；不得把某种分歧处理顺序等同于爱得更多或更少。风险与失衡需转入M4，适配需转入M5。,中,待验证,,provisional=true; synthesis=SO07,0.6
M3-CONFLICT-263,SO08 双阶段协同门槛｜一项启动一项完成,L8 合成、评分与报告,CONFLICT-合成输出,通用,门槛,双阶段候选,,两个通道均达门槛，分差<8，且一项负责启动／降温，另一项负责方案／责任／结束。,基础信号未定；真合化后原信号已失效；只有单一弱远争议信号；或该结论会越界到M4风险、M5适配。,由共享基础引擎与M3-STATE修正；日主承载只修正冲突处理的可执行性，不直接等于强硬或软弱。,不限定；夫妻星只在责任、行动、投入等冲突议题中参与接口，不作为CONFLICT唯一主轴。,由M3-BASE、日支主气及宫位动态提供；不得把日支直接写成配偶性格。,无／待CONFLICT顺序与路径规则组合,日柱与日支近位优先；全局有效独立信号可作次通道。,由共享基础引擎判定,由共享基础引擎判定,喜忌不直接等于冲突方式好坏；只修正调用顺畅度、资源压力和状态切换。,原十神性质有效；真合化成立时按化神所属功能系统重建。,由共享基础引擎判定,70,双阶段路由,conflict_pattern,两个强通道必须有明确功能分工，不能简单堆积。,当两种方式都明显时，会说明谁负责让问题进入可处理状态，谁负责把事情完成。,不得由本规则直接推出攻击、冷战、控制、情绪虐待、暴力、分手离婚、关系失败、人格或依恋类型；不得把某种分歧处理顺序等同于爱得更多或更少。风险与失衡需转入M4，适配需转入M5。,中,待验证,,provisional=true; synthesis=SO08,0.6
M3-CONFLICT-264,SO09 模式门槛｜至少两类独立证据,L8 合成、评分与报告,CONFLICT-合成输出,通用,门槛,模式候选,,通道证据＋过程维度／宫位动态／重复行为中的至少一项独立证据。,基础信号未定；真合化后原信号已失效；只有单一弱远争议信号；或该结论会越界到M4风险、M5适配。,由共享基础引擎与M3-STATE修正；日主承载只修正冲突处理的可执行性，不直接等于强硬或软弱。,不限定；夫妻星只在责任、行动、投入等冲突议题中参与接口，不作为CONFLICT唯一主轴。,由M3-BASE、日支主气及宫位动态提供；不得把日支直接写成配偶性格。,无／待CONFLICT顺序与路径规则组合,日柱与日支近位优先；全局有效独立信号可作次通道。,由共享基础引擎判定,由共享基础引擎判定,喜忌不直接等于冲突方式好坏；只修正调用顺畅度、资源压力和状态切换。,原十神性质有效；真合化成立时按化神所属功能系统重建。,由共享基础引擎判定,88,模式门控,conflict_pattern,单一十神标签不能直接生成模式。,模式标签只有在不同证据相互支持时才会使用。,不得由本规则直接推出攻击、冷战、控制、情绪虐待、暴力、分手离婚、关系失败、人格或依恋类型；不得把某种分歧处理顺序等同于爱得更多或更少。风险与失衡需转入M4，适配需转入M5。,高,待验证,,provisional=true; synthesis=SO09,0.6
M3-CONFLICT-265,SO10 顺序门槛｜至少两个有效节点和一条桥梁,L8 合成、评分与报告,CONFLICT-合成输出,通用,门槛,顺序候选,,起点、转换和终点可追溯；不得仅凭柱位或五行生克。,基础信号未定；真合化后原信号已失效；只有单一弱远争议信号；或该结论会越界到M4风险、M5适配。,由共享基础引擎与M3-STATE修正；日主承载只修正冲突处理的可执行性，不直接等于强硬或软弱。,不限定；夫妻星只在责任、行动、投入等冲突议题中参与接口，不作为CONFLICT唯一主轴。,由M3-BASE、日支主气及宫位动态提供；不得把日支直接写成配偶性格。,无／待CONFLICT顺序与路径规则组合,日柱与日支近位优先；全局有效独立信号可作次通道。,由共享基础引擎判定,由共享基础引擎判定,喜忌不直接等于冲突方式好坏；只修正调用顺畅度、资源压力和状态切换。,原十神性质有效；真合化成立时按化神所属功能系统重建。,由共享基础引擎判定,88,顺序门控,conflict_sequence,现实先后必须由功能和独立证据共同支持。,只有能说明“先什么、再什么、最后怎样结束”时，才会写完整处理顺序。,不得由本规则直接推出攻击、冷战、控制、情绪虐待、暴力、分手离婚、关系失败、人格或依恋类型；不得把某种分歧处理顺序等同于爱得更多或更少。风险与失衡需转入M4，适配需转入M5。,高,待验证,,provisional=true; synthesis=SO10,0.6
M3-CONFLICT-266,SO11 输出上限｜一主一次一顺序一结束条件,L8 合成、评分与报告,CONFLICT-合成输出,通用,门槛,输出裁剪,,完成评分、去重和冲突路由后。,基础信号未定；真合化后原信号已失效；只有单一弱远争议信号；或该结论会越界到M4风险、M5适配。,由共享基础引擎与M3-STATE修正；日主承载只修正冲突处理的可执行性，不直接等于强硬或软弱。,不限定；夫妻星只在责任、行动、投入等冲突议题中参与接口，不作为CONFLICT唯一主轴。,由M3-BASE、日支主气及宫位动态提供；不得把日支直接写成配偶性格。,无／待CONFLICT顺序与路径规则组合,日柱与日支近位优先；全局有效独立信号可作次通道。,由共享基础引擎判定,由共享基础引擎判定,喜忌不直接等于冲突方式好坏；只修正调用顺畅度、资源压力和状态切换。,原十神性质有效；真合化成立时按化神所属功能系统重建。,由共享基础引擎判定,88,不加分；裁剪,report_template,最终正文限制标签数量，避免万能画像。,最终会保留一个主通道、一个真正独立的次通道、一个处理顺序和一个阶段结束条件。,不得由本规则直接推出攻击、冷战、控制、情绪虐待、暴力、分手离婚、关系失败、人格或依恋类型；不得把某种分歧处理顺序等同于爱得更多或更少。风险与失衡需转入M4，适配需转入M5。,高,待验证,,provisional=true; synthesis=SO11,0.6
M3-CONFLICT-267,SO12 高置信｜多源独立且基础稳定,L8 合成、评分与报告,CONFLICT-合成输出,通用,置信,置信度,,主通道多源独立、合化旺衰无关键争议、过程维度与案例一致。,基础信号未定；真合化后原信号已失效；只有单一弱远争议信号；或该结论会越界到M4风险、M5适配。,由共享基础引擎与M3-STATE修正；日主承载只修正冲突处理的可执行性，不直接等于强硬或软弱。,不限定；夫妻星只在责任、行动、投入等冲突议题中参与接口，不作为CONFLICT唯一主轴。,由M3-BASE、日支主气及宫位动态提供；不得把日支直接写成配偶性格。,无／待CONFLICT顺序与路径规则组合,日柱与日支近位优先；全局有效独立信号可作次通道。,由共享基础引擎判定,由共享基础引擎判定,喜忌不直接等于冲突方式好坏；只修正调用顺畅度、资源压力和状态切换。,原十神性质有效；真合化成立时按化神所属功能系统重建。,由共享基础引擎判定,88,高=90,confidence,高置信表示内部证据充分，不是统计准确率。,这一判断有多类独立证据支持，但仍保留模型边界。,不得由本规则直接推出攻击、冷战、控制、情绪虐待、暴力、分手离婚、关系失败、人格或依恋类型；不得把某种分歧处理顺序等同于爱得更多或更少。风险与失衡需转入M4，适配需转入M5。,高,待验证,,provisional=true; synthesis=SO12,0.6
M3-CONFLICT-268,SO13 中高置信｜一主一辅且无关键冲突,L8 合成、评分与报告,CONFLICT-合成输出,通用,置信,置信度,,主方向清楚，次通道或顺序有独立支持，无关键停止条件。,基础信号未定；真合化后原信号已失效；只有单一弱远争议信号；或该结论会越界到M4风险、M5适配。,由共享基础引擎与M3-STATE修正；日主承载只修正冲突处理的可执行性，不直接等于强硬或软弱。,不限定；夫妻星只在责任、行动、投入等冲突议题中参与接口，不作为CONFLICT唯一主轴。,由M3-BASE、日支主气及宫位动态提供；不得把日支直接写成配偶性格。,无／待CONFLICT顺序与路径规则组合,日柱与日支近位优先；全局有效独立信号可作次通道。,由共享基础引擎判定,由共享基础引擎判定,喜忌不直接等于冲突方式好坏；只修正调用顺畅度、资源压力和状态切换。,原十神性质有效；真合化成立时按化神所属功能系统重建。,由共享基础引擎判定,70,中高=80,confidence,中高置信适用于主要方向清楚但部分细节待验证。,主要方向比较清楚，同时仍有部分处理细节需要真实相处验证。,不得由本规则直接推出攻击、冷战、控制、情绪虐待、暴力、分手离婚、关系失败、人格或依恋类型；不得把某种分歧处理顺序等同于爱得更多或更少。风险与失衡需转入M4，适配需转入M5。,中高,待验证,,provisional=true; synthesis=SO13,0.6
M3-CONFLICT-269,SO14 中置信｜单一可靠来源或主次接近,L8 合成、评分与报告,CONFLICT-合成输出,通用,置信,置信度,,只有一类可靠来源，或主次分差较小但仍可有限输出。,基础信号未定；真合化后原信号已失效；只有单一弱远争议信号；或该结论会越界到M4风险、M5适配。,由共享基础引擎与M3-STATE修正；日主承载只修正冲突处理的可执行性，不直接等于强硬或软弱。,不限定；夫妻星只在责任、行动、投入等冲突议题中参与接口，不作为CONFLICT唯一主轴。,由M3-BASE、日支主气及宫位动态提供；不得把日支直接写成配偶性格。,无／待CONFLICT顺序与路径规则组合,日柱与日支近位优先；全局有效独立信号可作次通道。,由共享基础引擎判定,由共享基础引擎判定,喜忌不直接等于冲突方式好坏；只修正调用顺畅度、资源压力和状态切换。,原十神性质有效；真合化成立时按化神所属功能系统重建。,由共享基础引擎判定,70,中=68,confidence,中置信表示可用但不能过度细化。,目前有可用证据，但具体主次或完整顺序仍需要真实案例验证。,不得由本规则直接推出攻击、冷战、控制、情绪虐待、暴力、分手离婚、关系失败、人格或依恋类型；不得把某种分歧处理顺序等同于爱得更多或更少。风险与失衡需转入M4，适配需转入M5。,中,待验证,,provisional=true; synthesis=SO14,0.6
M3-CONFLICT-270,SO15 中低／低／停止｜关键证据不足,L8 合成、评分与报告,CONFLICT-合成输出,通用,置信,置信度,,信号弱远、基础争议、桥梁缺失、真合化未定或无主通道。,基础信号未定；真合化后原信号已失效；只有单一弱远争议信号；或该结论会越界到M4风险、M5适配。,由共享基础引擎与M3-STATE修正；日主承载只修正冲突处理的可执行性，不直接等于强硬或软弱。,不限定；夫妻星只在责任、行动、投入等冲突议题中参与接口，不作为CONFLICT唯一主轴。,由M3-BASE、日支主气及宫位动态提供；不得把日支直接写成配偶性格。,无／待CONFLICT顺序与路径规则组合,日柱与日支近位优先；全局有效独立信号可作次通道。,由共享基础引擎判定,由共享基础引擎判定,喜忌不直接等于冲突方式好坏；只修正调用顺畅度、资源压力和状态切换。,原十神性质有效；真合化成立时按化神所属功能系统重建。,由共享基础引擎判定,88,中低55／低40／停止0,confidence,根据可用程度回退、低置信或停止。,目前证据不足，只能保留有限方向或停止固定判断。,不得由本规则直接推出攻击、冷战、控制、情绪虐待、暴力、分手离婚、关系失败、人格或依恋类型；不得把某种分歧处理顺序等同于爱得更多或更少。风险与失衡需转入M4，适配需转入M5。,高,待验证,,provisional=true; synthesis=SO15,0.6
M3-CONFLICT-271,SO16 最终字段权威｜CONFLICT负责分歧处理,L8 合成、评分与报告,CONFLICT-合成输出,通用,输出,字段权威,,模型三总合成调用CONFLICT字段。,基础信号未定；真合化后原信号已失效；只有单一弱远争议信号；或该结论会越界到M4风险、M5适配。,由共享基础引擎与M3-STATE修正；日主承载只修正冲突处理的可执行性，不直接等于强硬或软弱。,不限定；夫妻星只在责任、行动、投入等冲突议题中参与接口，不作为CONFLICT唯一主轴。,由M3-BASE、日支主气及宫位动态提供；不得把日支直接写成配偶性格。,无／待CONFLICT顺序与路径规则组合,日柱与日支近位优先；全局有效独立信号可作次通道。,由共享基础引擎判定,由共享基础引擎判定,喜忌不直接等于冲突方式好坏；只修正调用顺畅度、资源压力和状态切换。,原十神性质有效；真合化成立时按化神所属功能系统重建。,由共享基础引擎判定,88,不加分；字段权威,provenance,M3总报告中的第一反应、处理顺序、暂停和阶段结束以CONFLICT为主权威。,模型三总报告里，分歧处理方式以这一模块为准。,不得由本规则直接推出攻击、冷战、控制、情绪虐待、暴力、分手离婚、关系失败、人格或依恋类型；不得把某种分歧处理顺序等同于爱得更多或更少。风险与失衡需转入M4，适配需转入M5。,高,待验证,,provisional=true; synthesis=SO16,0.6
M3-CONFLICT-272,SO17 单通道标准模板｜直接可用,L8 合成、评分与报告,CONFLICT-合成输出,通用,输出,单通道输出,,一个主通道成立，次通道未达门槛或同义收敛。,基础信号未定；真合化后原信号已失效；只有单一弱远争议信号；或该结论会越界到M4风险、M5适配。,由共享基础引擎与M3-STATE修正；日主承载只修正冲突处理的可执行性，不直接等于强硬或软弱。,不限定；夫妻星只在责任、行动、投入等冲突议题中参与接口，不作为CONFLICT唯一主轴。,由M3-BASE、日支主气及宫位动态提供；不得把日支直接写成配偶性格。,无／待CONFLICT顺序与路径规则组合,日柱与日支近位优先；全局有效独立信号可作次通道。,由共享基础引擎判定,由共享基础引擎判定,喜忌不直接等于冲突方式好坏；只修正调用顺畅度、资源压力和状态切换。,原十神性质有效；真合化成立时按化神所属功能系统重建。,由共享基础引擎判定,88,不加分；模板,report_template,用一主通道＋顺序＋结束条件形成简洁用户文案。,分歧出现时，你更习惯先【第一反应】，重点确认【注意焦点】。之后会通过【主要通道】把问题推进到【阶段结束条件】。,不得由本规则直接推出攻击、冷战、控制、情绪虐待、暴力、分手离婚、关系失败、人格或依恋类型；不得把某种分歧处理顺序等同于爱得更多或更少。风险与失衡需转入M4，适配需转入M5。,高,待验证,,provisional=true; synthesis=SO17,0.6
M3-CONFLICT-273,SO18 双阶段模板｜说明功能分工,L8 合成、评分与报告,CONFLICT-合成输出,通用,输出,双阶段输出,,FP11双阶段协同型成立。,基础信号未定；真合化后原信号已失效；只有单一弱远争议信号；或该结论会越界到M4风险、M5适配。,由共享基础引擎与M3-STATE修正；日主承载只修正冲突处理的可执行性，不直接等于强硬或软弱。,不限定；夫妻星只在责任、行动、投入等冲突议题中参与接口，不作为CONFLICT唯一主轴。,由M3-BASE、日支主气及宫位动态提供；不得把日支直接写成配偶性格。,无／待CONFLICT顺序与路径规则组合,日柱与日支近位优先；全局有效独立信号可作次通道。,由共享基础引擎判定,由共享基础引擎判定,喜忌不直接等于冲突方式好坏；只修正调用顺畅度、资源压力和状态切换。,原十神性质有效；真合化成立时按化神所属功能系统重建。,由共享基础引擎判定,88,不加分；模板,report_template,必须说明A负责启动／降温，B负责完成／责任／方案。,你的处理通常分两段：先用【A】让问题进入可处理状态，再用【B】形成方案、责任或结束条件。,不得由本规则直接推出攻击、冷战、控制、情绪虐待、暴力、分手离婚、关系失败、人格或依恋类型；不得把某种分歧处理顺序等同于爱得更多或更少。风险与失衡需转入M4，适配需转入M5。,高,待验证,,provisional=true; synthesis=SO18,0.6
M3-CONFLICT-274,SO19 低置信模板｜说明不确定来源,L8 合成、评分与报告,CONFLICT-合成输出,通用,输出,低置信输出,,主通道未稳定，但系统方向或局部字段可用。,基础信号未定；真合化后原信号已失效；只有单一弱远争议信号；或该结论会越界到M4风险、M5适配。,由共享基础引擎与M3-STATE修正；日主承载只修正冲突处理的可执行性，不直接等于强硬或软弱。,不限定；夫妻星只在责任、行动、投入等冲突议题中参与接口，不作为CONFLICT唯一主轴。,由M3-BASE、日支主气及宫位动态提供；不得把日支直接写成配偶性格。,无／待CONFLICT顺序与路径规则组合,日柱与日支近位优先；全局有效独立信号可作次通道。,由共享基础引擎判定,由共享基础引擎判定,喜忌不直接等于冲突方式好坏；只修正调用顺畅度、资源压力和状态切换。,原十神性质有效；真合化成立时按化神所属功能系统重建。,由共享基础引擎判定,88,不加分；模板,report_template,低置信输出必须写清不确定原因。,目前只能判断你在分歧中较偏向【系统方向】，但【基础争议／主次接近／回归路径未定】仍会改变具体方式。,不得由本规则直接推出攻击、冷战、控制、情绪虐待、暴力、分手离婚、关系失败、人格或依恋类型；不得把某种分歧处理顺序等同于爱得更多或更少。风险与失衡需转入M4，适配需转入M5。,高,待验证,,provisional=true; synthesis=SO19,0.6
M3-CONFLICT-275,SO20 边界说明模板｜不人格化不结果化,L8 合成、评分与报告,CONFLICT-合成输出,通用,输出,边界模板,,任一CONFLICT报告生成。,基础信号未定；真合化后原信号已失效；只有单一弱远争议信号；或该结论会越界到M4风险、M5适配。,由共享基础引擎与M3-STATE修正；日主承载只修正冲突处理的可执行性，不直接等于强硬或软弱。,不限定；夫妻星只在责任、行动、投入等冲突议题中参与接口，不作为CONFLICT唯一主轴。,由M3-BASE、日支主气及宫位动态提供；不得把日支直接写成配偶性格。,无／待CONFLICT顺序与路径规则组合,日柱与日支近位优先；全局有效独立信号可作次通道。,由共享基础引擎判定,由共享基础引擎判定,喜忌不直接等于冲突方式好坏；只修正调用顺畅度、资源压力和状态切换。,原十神性质有效；真合化成立时按化神所属功能系统重建。,由共享基础引擎判定,88,不加分；模板,boundary_note,固定附带模型边界，防止用户把处理顺序理解为人格和结果。,这描述的是你的默认处理顺序，不等于你一定会攻击、冷战或让关系失败。,不得由本规则直接推出攻击、冷战、控制、情绪虐待、暴力、分手离婚、关系失败、人格或依恋类型；不得把某种分歧处理顺序等同于爱得更多或更少。风险与失衡需转入M4，适配需转入M5。,高,待验证,,provisional=true; synthesis=SO20,0.6
M3-CONFLICT-276,SO21 报告就绪门控｜关键字段齐全,L8 合成、评分与报告,CONFLICT-合成输出,通用,输出,报告状态,,主通道、第一反应、一个处理顺序或结束条件、置信度均已确定。,基础信号未定；真合化后原信号已失效；只有单一弱远争议信号；或该结论会越界到M4风险、M5适配。,由共享基础引擎与M3-STATE修正；日主承载只修正冲突处理的可执行性，不直接等于强硬或软弱。,不限定；夫妻星只在责任、行动、投入等冲突议题中参与接口，不作为CONFLICT唯一主轴。,由M3-BASE、日支主气及宫位动态提供；不得把日支直接写成配偶性格。,无／待CONFLICT顺序与路径规则组合,日柱与日支近位优先；全局有效独立信号可作次通道。,由共享基础引擎判定,由共享基础引擎判定,喜忌不直接等于冲突方式好坏；只修正调用顺畅度、资源压力和状态切换。,原十神性质有效；真合化成立时按化神所属功能系统重建。,由共享基础引擎判定,88,report_status=ready,report_status,关键字段齐全后才能输出正式CONFLICT段落。,关键处理信息已经足够，可以生成正式的分歧响应说明。,不得由本规则直接推出攻击、冷战、控制、情绪虐待、暴力、分手离婚、关系失败、人格或依恋类型；不得把某种分歧处理顺序等同于爱得更多或更少。风险与失衡需转入M4，适配需转入M5。,高,待验证,,provisional=true; synthesis=SO21,0.6
M3-CONFLICT-277,SO22 停止报告模板｜关键基础未定,L8 合成、评分与报告,CONFLICT-合成输出,通用,输出,停止输出,,基础十神、合化、主次或回归路径触发停止。,基础信号未定；真合化后原信号已失效；只有单一弱远争议信号；或该结论会越界到M4风险、M5适配。,由共享基础引擎与M3-STATE修正；日主承载只修正冲突处理的可执行性，不直接等于强硬或软弱。,不限定；夫妻星只在责任、行动、投入等冲突议题中参与接口，不作为CONFLICT唯一主轴。,由M3-BASE、日支主气及宫位动态提供；不得把日支直接写成配偶性格。,无／待CONFLICT顺序与路径规则组合,日柱与日支近位优先；全局有效独立信号可作次通道。,由共享基础引擎判定,由共享基础引擎判定,喜忌不直接等于冲突方式好坏；只修正调用顺畅度、资源压力和状态切换。,原十神性质有效；真合化成立时按化神所属功能系统重建。,由共享基础引擎判定,88,report_status=stopped,report_template,停止报告不硬补缺失字段，只说明可用局部方向。,现有命理证据不足以固定你的冲突处理模式；目前只能保留【局部可靠信息】，其余需要真实案例确认。,不得由本规则直接推出攻击、冷战、控制、情绪虐待、暴力、分手离婚、关系失败、人格或依恋类型；不得把某种分歧处理顺序等同于爱得更多或更少。风险与失衡需转入M4，适配需转入M5。,高,待验证,,provisional=true; synthesis=SO22,0.6
M3-CONFLICT-278,SO23 禁止标签与诊断｜发布前硬检查,L8 合成、评分与报告,CONFLICT-合成输出,通用,禁止推断,发布边界,,准备生成用户报告。,基础信号未定；真合化后原信号已失效；只有单一弱远争议信号；或该结论会越界到M4风险、M5适配。,由共享基础引擎与M3-STATE修正；日主承载只修正冲突处理的可执行性，不直接等于强硬或软弱。,不限定；夫妻星只在责任、行动、投入等冲突议题中参与接口，不作为CONFLICT唯一主轴。,由M3-BASE、日支主气及宫位动态提供；不得把日支直接写成配偶性格。,无／待CONFLICT顺序与路径规则组合,日柱与日支近位优先；全局有效独立信号可作次通道。,由共享基础引擎判定,由共享基础引擎判定,喜忌不直接等于冲突方式好坏；只修正调用顺畅度、资源压力和状态切换。,原十神性质有效；真合化成立时按化神所属功能系统重建。,由共享基础引擎判定,88,不加分；发布检查,boundary_note,删除固执、冷战型、控制型、回避型、暴力、情绪化等未经M4验证的标签。,报告只使用行为和顺序语言，不使用人格化、病理化或结果化标签。,不得由本规则直接推出攻击、冷战、控制、情绪虐待、暴力、分手离婚、关系失败、人格或依恋类型；不得把某种分歧处理顺序等同于爱得更多或更少。风险与失衡需转入M4，适配需转入M5。,高,待验证,,provisional=true; synthesis=SO23,0.6
M3-CONFLICT-279,SO24 案例验证规则｜至少两个情境和一项伴侣反馈,L8 合成、评分与报告,CONFLICT-合成输出,通用,验证,案例校准,,进入规则校准阶段。,基础信号未定；真合化后原信号已失效；只有单一弱远争议信号；或该结论会越界到M4风险、M5适配。,由共享基础引擎与M3-STATE修正；日主承载只修正冲突处理的可执行性，不直接等于强硬或软弱。,不限定；夫妻星只在责任、行动、投入等冲突议题中参与接口，不作为CONFLICT唯一主轴。,由M3-BASE、日支主气及宫位动态提供；不得把日支直接写成配偶性格。,无／待CONFLICT顺序与路径规则组合,日柱与日支近位优先；全局有效独立信号可作次通道。,由共享基础引擎判定,由共享基础引擎判定,喜忌不直接等于冲突方式好坏；只修正调用顺畅度、资源压力和状态切换。,原十神性质有效；真合化成立时按化神所属功能系统重建。,由共享基础引擎判定,70,案例验证,case_refs,优先收集用户自述、伴侣观察、具体冲突情境和处理后续，区分第一反应与最终结果。,真实案例会重点验证：你最先做什么、后来怎样处理，以及什么条件下才认为问题暂时结束。,不得由本规则直接推出攻击、冷战、控制、情绪虐待、暴力、分手离婚、关系失败、人格或依恋类型；不得把某种分歧处理顺序等同于爱得更多或更少。风险与失衡需转入M4，适配需转入M5。,中高,待验证,,provisional=true; synthesis=SO24,0.6
M3-CONFLICT-280,SO25 后续接口｜转入REPAIR与STATE,L8 合成、评分与报告,CONFLICT-合成输出,通用,接口,后续路由,,CONFLICT已形成阶段结果或识别压力切换候选。,基础信号未定；真合化后原信号已失效；只有单一弱远争议信号；或该结论会越界到M4风险、M5适配。,由共享基础引擎与M3-STATE修正；日主承载只修正冲突处理的可执行性，不直接等于强硬或软弱。,不限定；夫妻星只在责任、行动、投入等冲突议题中参与接口，不作为CONFLICT唯一主轴。,由M3-BASE、日支主气及宫位动态提供；不得把日支直接写成配偶性格。,无／待CONFLICT顺序与路径规则组合,日柱与日支近位优先；全局有效独立信号可作次通道。,由共享基础引擎判定,由共享基础引擎判定,喜忌不直接等于冲突方式好坏；只修正调用顺畅度、资源压力和状态切换。,原十神性质有效；真合化成立时按化神所属功能系统重建。,由共享基础引擎判定,88,不加分；路由,report_status,将结束条件传给REPAIR，将平稳／压力差异传给STATE，不在本模块重复。,下一步会继续判断：问题处理以后你怎样重新联结，以及压力状态是否改变你的相处方式。,不得由本规则直接推出攻击、冷战、控制、情绪虐待、暴力、分手离婚、关系失败、人格或依恋类型；不得把某种分歧处理顺序等同于爱得更多或更少。风险与失衡需转入M4，适配需转入M5。,高,待验证,,provisional=true; synthesis=SO25,0.6
