rule_id,rule_name,layer,module,applicable_group,rule_type,main_signal,secondary_signal,required_conditions,excluded_conditions,self_strength_status,spouse_star_status,palace_signal,flow_path,signal_position,root_status,strength_level,favorability,transformation_status,distance_level,priority,score_effect,output_slot,internal_logic,user_explanation,forbidden_inference,confidence_base,validation_status,case_refs,notes,version
M3-CARE-001,M3-CARE正式定义｜关系建立后的付出与支持交换,L0 模型边界与证据,CARE-定义边界,通用,定义,M3-CARE模块规则,,M3-CARE模块已被调用；分析对象为关系建立后的日常投入、照顾、请求支持、接受支持与回馈。,基础信号未定；真合化后原信号已失效；只有单一弱远争议信号。,由共享基础引擎与M3-STATE修正,不限定；夫妻星仅在形成独立CARE证据或入宫接口时参与,由M3-BASE、日支结构及共享引擎提供,无／待CARE路径规则组合,全局有效信号；日柱及亲密关系近位优先,由共享基础引擎判定,由共享基础引擎判定,喜忌不直接等于愿不愿付出；只修正调用顺畅度与资源压力,原十神性质有效；真合化成立时按化神路由,由共享基础引擎判定,99,不加分；门控／路由,report_status,M3-CARE描述用户怎样把时间、精力、资源、责任、陪伴和理解投入关系，并怎样接收与回馈支持。,模型三这一部分关注的不是你爱得多不多，而是你通常用什么内容、怎样的频率和怎样的交换方式照顾关系。,不得由本规则直接推出过度付出、付出失衡、依赖、控制、忠诚度、关系结果或适配度；不得把某种照顾方式等同于爱得更多或更少。,高,待验证,,provisional=true; rule_group=DEFINITION_01,0.4
M3-CARE-002,M3-CARE核心问题｜付出方式而非付出好坏,L0 模型边界与证据,CARE-定义边界,通用,边界,M3-CARE模块规则,,需要判断投入内容、启动方式、连续性、请求支持、接受支持或回馈方式。,基础信号未定；真合化后原信号已失效；只有单一弱远争议信号。,由共享基础引擎与M3-STATE修正,不限定；夫妻星仅在形成独立CARE证据或入宫接口时参与,由M3-BASE、日支结构及共享引擎提供,无／待CARE路径规则组合,全局有效信号；日柱及亲密关系近位优先,由共享基础引擎判定,由共享基础引擎判定,喜忌不直接等于愿不愿付出；只修正调用顺畅度与资源压力,原十神性质有效；真合化成立时按化神路由,由共享基础引擎判定,98,不加分；门控／路由,boundary_note,付出存在内容、显隐、连续性和交换结构差异；本模块不把任何一种方式直接评为成熟、无私、自私或有问题。,这里先说明你通常怎样付出、怎样接受帮助，不把它简单评成多或少、好或坏。,不得由本规则直接推出过度付出、付出失衡、依赖、控制、忠诚度、关系结果或适配度；不得把某种照顾方式等同于爱得更多或更少。,高,待验证,,provisional=true; rule_group=DEFINITION_02,0.4
M3-CARE-003,M3-CARE标准输入｜共享基础引擎,L0 模型边界与证据,CARE-定义边界,通用,输入门控,M3-CARE模块规则,,排盘、十神、日支藏干、透藏、根气、旺弱、喜忌、合化、有效流向和source_id已由共享引擎提供。,基础信号未定；真合化后原信号已失效；只有单一弱远争议信号。,由共享基础引擎与M3-STATE修正,不限定；夫妻星仅在形成独立CARE证据或入宫接口时参与,由M3-BASE、日支结构及共享引擎提供,无／待CARE路径规则组合,全局有效信号；日柱及亲密关系近位优先,由共享基础引擎判定,由共享基础引擎判定,喜忌不直接等于愿不愿付出；只修正调用顺畅度与资源压力,原十神性质有效；真合化成立时按化神路由,由共享基础引擎判定,97,不加分；门控／路由,report_status,M3-CARE不重新排盘或独立裁定旺衰合化，只把可靠基础事实翻译为支持交换行为。,基础信息有争议时，会保留不确定性，而不会把一项弱远信号写成固定的付出模式。,不得由本规则直接推出过度付出、付出失衡、依赖、控制、忠诚度、关系结果或适配度；不得把某种照顾方式等同于爱得更多或更少。,高,待验证,,provisional=true; rule_group=DEFINITION_03,0.4
M3-CARE-004,M3-CARE标准输出｜十二个CARE字段,L0 模型边界与证据,CARE-定义边界,通用,输出合同,M3-CARE模块规则,,至少一项有效CARE信号成立，且关键基础字段未停止。,基础信号未定；真合化后原信号已失效；只有单一弱远争议信号。,由共享基础引擎与M3-STATE修正,不限定；夫妻星仅在形成独立CARE证据或入宫接口时参与,由M3-BASE、日支结构及共享引擎提供,无／待CARE路径规则组合,全局有效信号；日柱及亲密关系近位优先,由共享基础引擎判定,由共享基础引擎判定,喜忌不直接等于愿不愿付出；只修正调用顺畅度与资源压力,原十神性质有效；真合化成立时按化神路由,由共享基础引擎判定,96,不加分；门控／路由,boundary_note,输出主CARE通道、次通道、付出内容、投入启动、连续性、请求支持、接受支持、回馈结构、资源边界、状态切换、CARE路径和置信度。,最终会回答：你主要怎样照顾关系、什么时候会投入、怎样接受帮助，以及双方支持怎样形成来回。,不得由本规则直接推出过度付出、付出失衡、依赖、控制、忠诚度、关系结果或适配度；不得把某种照顾方式等同于爱得更多或更少。,中高,待验证,,provisional=true; rule_group=DEFINITION_04,0.4
M3-CARE-005,M1边界｜心动偏好不等于照顾方式,L0 模型边界与证据,CARE-定义边界,通用,跨模型边界,M3-CARE模块规则,,M1心动偏好与M3-CARE信号同时可见。,基础信号未定；真合化后原信号已失效；只有单一弱远争议信号。,由共享基础引擎与M3-STATE修正,不限定；夫妻星仅在形成独立CARE证据或入宫接口时参与,由M3-BASE、日支结构及共享引擎提供,无／待CARE路径规则组合,全局有效信号；日柱及亲密关系近位优先,由共享基础引擎判定,由共享基础引擎判定,喜忌不直接等于愿不愿付出；只修正调用顺畅度与资源压力,原十神性质有效；真合化成立时按化神路由,由共享基础引擎判定,95,不加分；门控／路由,boundary_note,被什么特质吸引与进入关系后怎样投入是不同字段；M1只能用于比较，不给CARE通道加基础分。,让你心动的特质，未必就是你照顾关系时使用的方式，两者会分开判断。,不得由本规则直接推出过度付出、付出失衡、依赖、控制、忠诚度、关系结果或适配度；不得把某种照顾方式等同于爱得更多或更少。,高,待验证,,provisional=true; rule_group=DEFINITION_05,0.4
M3-CARE-006,M2边界｜准入条件不等于长期投入,L0 模型边界与证据,CARE-定义边界,通用,跨模型边界,M3-CARE模块规则,,M2关系门槛或资格证据与M3-CARE信号同时出现。,基础信号未定；真合化后原信号已失效；只有单一弱远争议信号。,由共享基础引擎与M3-STATE修正,不限定；夫妻星仅在形成独立CARE证据或入宫接口时参与,由M3-BASE、日支结构及共享引擎提供,无／待CARE路径规则组合,全局有效信号；日柱及亲密关系近位优先,由共享基础引擎判定,由共享基础引擎判定,喜忌不直接等于愿不愿付出；只修正调用顺畅度与资源压力,原十神性质有效；真合化成立时按化神路由,由共享基础引擎判定,94,不加分；门控／路由,boundary_note,选择一个人时看重的条件，只有在M3中有独立证据时，才能写成关系建立后的投入习惯。,你选择关系时看重的责任、行动或投入，可能延续到相处中，也可能只是一道准入标准。,不得由本规则直接推出过度付出、付出失衡、依赖、控制、忠诚度、关系结果或适配度；不得把某种照顾方式等同于爱得更多或更少。,高,待验证,,provisional=true; rule_group=DEFINITION_06,0.4
M3-CARE-007,M3-BASE接口｜底盘说明主题，CARE说明支持行为,L0 模型边界与证据,CARE-定义边界,通用,模块边界,M3-BASE,,M3-BASE与M3-CARE读取同一日支或同一有效十神。,基础信号未定；真合化后原信号已失效；只有单一弱远争议信号。,由共享基础引擎与M3-STATE修正,不限定；夫妻星仅在形成独立CARE证据或入宫接口时参与,由M3-BASE、日支结构及共享引擎提供,无／待CARE路径规则组合,全局有效信号；日柱及亲密关系近位优先,由共享基础引擎判定,由共享基础引擎判定,喜忌不直接等于愿不愿付出；只修正调用顺畅度与资源压力,原十神性质有效；真合化成立时按化神路由,由共享基础引擎判定,93,不加分；门控／路由,boundary_note,BASE回答关系自然围绕什么主题运行；CARE回答时间、资源、责任和情绪支持怎样实际交换。,同一个关系底盘可以在CARE中细化为具体付出，但基础证据只计算一次。,不得由本规则直接推出过度付出、付出失衡、依赖、控制、忠诚度、关系结果或适配度；不得把某种照顾方式等同于爱得更多或更少。,高,待验证,,provisional=true; rule_group=DEFINITION_07,0.4
M3-CARE-008,M3-EXPR边界｜行动表达不等于持续投入,L0 模型边界与证据,CARE-定义边界,通用,模块边界,M3-EXPR,,EXPR识别行动、安排、倾听或承担为表达通道。,基础信号未定；真合化后原信号已失效；只有单一弱远争议信号。,由共享基础引擎与M3-STATE修正,不限定；夫妻星仅在形成独立CARE证据或入宫接口时参与,由M3-BASE、日支结构及共享引擎提供,无／待CARE路径规则组合,全局有效信号；日柱及亲密关系近位优先,由共享基础引擎判定,由共享基础引擎判定,喜忌不直接等于愿不愿付出；只修正调用顺畅度与资源压力,原十神性质有效；真合化成立时按化神路由,由共享基础引擎判定,92,不加分；门控／路由,boundary_note,EXPR只说明用户怎样让对方看见在意；CARE必须继续判断是否重复、持续、可请求、可接受和可回馈。,你可能会用行动表达态度，但这种行动是否稳定、怎样分工和怎样形成互相支持，需要在CARE里另行判断。,不得由本规则直接推出过度付出、付出失衡、依赖、控制、忠诚度、关系结果或适配度；不得把某种照顾方式等同于爱得更多或更少。,高,待验证,,provisional=true; rule_group=DEFINITION_08,0.4
M3-CARE-009,M3-BOUND边界｜付出数量不等于边界状态,L0 模型边界与证据,CARE-定义边界,通用,模块边界,M3-BOUND,,CARE识别付出、资源投入或接受支持。,基础信号未定；真合化后原信号已失效；只有单一弱远争议信号。,由共享基础引擎与M3-STATE修正,不限定；夫妻星仅在形成独立CARE证据或入宫接口时参与,由M3-BASE、日支结构及共享引擎提供,无／待CARE路径规则组合,全局有效信号；日柱及亲密关系近位优先,由共享基础引擎判定,由共享基础引擎判定,喜忌不直接等于愿不愿付出；只修正调用顺畅度与资源压力,原十神性质有效；真合化成立时按化神路由,由共享基础引擎判定,91,不加分；门控／路由,boundary_note,投入多、投入少、愿意接受帮助，都不能直接推出边界清楚或边界薄弱；资源权限和亲密距离交给BOUND。,付出的多少不能单独说明你有没有边界，接受帮助也不等于依赖。,不得由本规则直接推出过度付出、付出失衡、依赖、控制、忠诚度、关系结果或适配度；不得把某种照顾方式等同于爱得更多或更少。,高,待验证,,provisional=true; rule_group=DEFINITION_09,0.4
M3-CARE-010,M3-CONFLICT边界｜危机行动不等于冲突方式,L0 模型边界与证据,CARE-定义边界,通用,模块边界,M3-CONFLICT,,七杀、官杀或行动型CARE信号在困难情境中被识别。,基础信号未定；真合化后原信号已失效；只有单一弱远争议信号。,由共享基础引擎与M3-STATE修正,不限定；夫妻星仅在形成独立CARE证据或入宫接口时参与,由M3-BASE、日支结构及共享引擎提供,无／待CARE路径规则组合,全局有效信号；日柱及亲密关系近位优先,由共享基础引擎判定,由共享基础引擎判定,喜忌不直接等于愿不愿付出；只修正调用顺畅度与资源压力,原十神性质有效；真合化成立时按化神路由,由共享基础引擎判定,90,不加分；门控／路由,boundary_note,关键时刻解决问题可以是支持方式，但分歧时是否压迫、回避或争执必须由CONFLICT独立判断。,遇到事情先处理问题，是一种支持顺序，不等于你发生分歧时一定强硬或控制。,不得由本规则直接推出过度付出、付出失衡、依赖、控制、忠诚度、关系结果或适配度；不得把某种照顾方式等同于爱得更多或更少。,高,待验证,,provisional=true; rule_group=DEFINITION_10,0.4
M3-CARE-011,M3-REPAIR边界｜安抚照顾不自动等于修复路径,L0 模型边界与证据,CARE-定义边界,通用,模块边界,M3-REPAIR,,食神、印星或实际照顾在关系紧张后出现。,基础信号未定；真合化后原信号已失效；只有单一弱远争议信号。,由共享基础引擎与M3-STATE修正,不限定；夫妻星仅在形成独立CARE证据或入宫接口时参与,由M3-BASE、日支结构及共享引擎提供,无／待CARE路径规则组合,全局有效信号；日柱及亲密关系近位优先,由共享基础引擎判定,由共享基础引擎判定,喜忌不直接等于愿不愿付出；只修正调用顺畅度与资源压力,原十神性质有效；真合化成立时按化神路由,由共享基础引擎判定,89,不加分；门控／路由,boundary_note,CARE说明日常支持资源；只有紧张后重新联结的独立证据，才能进入REPAIR。,你平时会倾听或照顾，不代表每次矛盾后都用同样方式修复关系。,不得由本规则直接推出过度付出、付出失衡、依赖、控制、忠诚度、关系结果或适配度；不得把某种照顾方式等同于爱得更多或更少。,高,待验证,,provisional=true; rule_group=DEFINITION_11,0.4
M3-CARE-012,M3-STATE边界｜平稳CARE与压力CARE分开,L0 模型边界与证据,CARE-定义边界,通用,模块边界,M3-STATE,,同一用户在平稳和压力情境出现不同CARE通道。,基础信号未定；真合化后原信号已失效；只有单一弱远争议信号。,由共享基础引擎与M3-STATE修正,不限定；夫妻星仅在形成独立CARE证据或入宫接口时参与,由M3-BASE、日支结构及共享引擎提供,无／待CARE路径规则组合,全局有效信号；日柱及亲密关系近位优先,由共享基础引擎判定,由共享基础引擎判定,喜忌不直接等于愿不愿付出；只修正调用顺畅度与资源压力,原十神性质有效；真合化成立时按化神路由,由共享基础引擎判定,88,不加分；门控／路由,boundary_note,CARE先给出平稳状态的主通道；压力抢占、恢复回归由STATE组合，不能用一次极端事件替代日常模式。,平时怎样照顾关系，和压力很大时先做什么，可能不是同一个通道。,不得由本规则直接推出过度付出、付出失衡、依赖、控制、忠诚度、关系结果或适配度；不得把某种照顾方式等同于爱得更多或更少。,高,待验证,,provisional=true; rule_group=DEFINITION_12,0.4
M3-CARE-013,M4边界｜付出失衡与耗竭属于风险模型,L0 模型边界与证据,CARE-定义边界,通用,跨模型边界,M4,,出现过旺、无制、单向可见或资源压力候选。,基础信号未定；真合化后原信号已失效；只有单一弱远争议信号。,由共享基础引擎与M3-STATE修正,不限定；夫妻星仅在形成独立CARE证据或入宫接口时参与,由M3-BASE、日支结构及共享引擎提供,无／待CARE路径规则组合,全局有效信号；日柱及亲密关系近位优先,由共享基础引擎判定,由共享基础引擎判定,喜忌不直接等于愿不愿付出；只修正调用顺畅度与资源压力,原十神性质有效；真合化成立时按化神路由,由共享基础引擎判定,87,不加分；门控／路由,boundary_note,CARE只能描述某类支持通道调用强、交换反馈不清或资源边界需要继续观察；是否形成耗竭、失衡或控制交给M4。,这里可以提示某种付出方式很容易占据关系，但不能直接说你会过度付出或被消耗。,不得由本规则直接推出过度付出、付出失衡、依赖、控制、忠诚度、关系结果或适配度；不得把某种照顾方式等同于爱得更多或更少。,高,待验证,,provisional=true; rule_group=DEFINITION_13,0.4
M3-CARE-014,M5边界｜常用照顾方式不等于最适配方式,L0 模型边界与证据,CARE-定义边界,通用,跨模型边界,M5,,M3-CARE与适配问题同时被询问。,基础信号未定；真合化后原信号已失效；只有单一弱远争议信号。,由共享基础引擎与M3-STATE修正,不限定；夫妻星仅在形成独立CARE证据或入宫接口时参与,由M3-BASE、日支结构及共享引擎提供,无／待CARE路径规则组合,全局有效信号；日柱及亲密关系近位优先,由共享基础引擎判定,由共享基础引擎判定,喜忌不直接等于愿不愿付出；只修正调用顺畅度与资源压力,原十神性质有效；真合化成立时按化神路由,由共享基础引擎判定,86,不加分；门控／路由,boundary_note,用户常用的支持方式，不自动等于对方最需要或长期最合适的交换结构；适配由M5判断。,你习惯怎样照顾人，和什么样的支持交换最适合你，是两个不同问题。,不得由本规则直接推出过度付出、付出失衡、依赖、控制、忠诚度、关系结果或适配度；不得把某种照顾方式等同于爱得更多或更少。,高,待验证,,provisional=true; rule_group=DEFINITION_14,0.4
M3-CARE-015,给予与接受必须分栏,L0 模型边界与证据,CARE-定义边界,通用,定义边界,M3-CARE模块规则,,至少一项给予或接受支持的证据成立。,基础信号未定；真合化后原信号已失效；只有单一弱远争议信号。,由共享基础引擎与M3-STATE修正,不限定；夫妻星仅在形成独立CARE证据或入宫接口时参与,由M3-BASE、日支结构及共享引擎提供,无／待CARE路径规则组合,全局有效信号；日柱及亲密关系近位优先,由共享基础引擎判定,由共享基础引擎判定,喜忌不直接等于愿不愿付出；只修正调用顺畅度与资源压力,原十神性质有效；真合化成立时按化神路由,由共享基础引擎判定,85,不加分；门控／路由,boundary_note,同一十神可以影响给予和接受，但两个方向不能互相代替；报告必须分别保留。,你怎样帮助对方，以及你怎样接受对方帮助，会分开说明。,不得由本规则直接推出过度付出、付出失衡、依赖、控制、忠诚度、关系结果或适配度；不得把某种照顾方式等同于爱得更多或更少。,高,待验证,,provisional=true; rule_group=DEFINITION_15,0.4
M3-CARE-016,付出可见度不等于付出量,L0 模型边界与证据,CARE-定义边界,通用,定义边界,M3-CARE模块规则,,存在透藏、行动、语言或隐性支持差异。,基础信号未定；真合化后原信号已失效；只有单一弱远争议信号。,由共享基础引擎与M3-STATE修正,不限定；夫妻星仅在形成独立CARE证据或入宫接口时参与,由M3-BASE、日支结构及共享引擎提供,无／待CARE路径规则组合,全局有效信号；日柱及亲密关系近位优先,由共享基础引擎判定,由共享基础引擎判定,喜忌不直接等于愿不愿付出；只修正调用顺畅度与资源压力,原十神性质有效；真合化成立时按化神路由,由共享基础引擎判定,84,不加分；门控／路由,boundary_note,可见度只说明对方是否容易注意到支持，不说明实际投入总量。,有些付出很容易被看见，有些藏在安排、观察或长期坚持里；看不见不等于没有。,不得由本规则直接推出过度付出、付出失衡、依赖、控制、忠诚度、关系结果或适配度；不得把某种照顾方式等同于爱得更多或更少。,高,待验证,,provisional=true; rule_group=DEFINITION_16,0.4
M3-CARE-017,主动付出与回应式付出不分高低,L0 模型边界与证据,CARE-定义边界,通用,定义边界,M3-CARE模块规则,,需要判断支持由谁启动。,基础信号未定；真合化后原信号已失效；只有单一弱远争议信号。,由共享基础引擎与M3-STATE修正,不限定；夫妻星仅在形成独立CARE证据或入宫接口时参与,由M3-BASE、日支结构及共享引擎提供,无／待CARE路径规则组合,全局有效信号；日柱及亲密关系近位优先,由共享基础引擎判定,由共享基础引擎判定,喜忌不直接等于愿不愿付出；只修正调用顺畅度与资源压力,原十神性质有效；真合化成立时按化神路由,由共享基础引擎判定,83,不加分；门控／路由,boundary_note,主动、回应、共同启动或条件启动只是交换方向，不代表主动者爱得更多、回应者更被动。,你可能先主动，也可能在看见明确需要后再投入；这两种方式不直接代表感情深浅。,不得由本规则直接推出过度付出、付出失衡、依赖、控制、忠诚度、关系结果或适配度；不得把某种照顾方式等同于爱得更多或更少。,高,待验证,,provisional=true; rule_group=DEFINITION_17,0.4
M3-CARE-018,单次帮助与持续投入严格区分,L0 模型边界与证据,CARE-定义边界,通用,定义边界,M3-CARE模块规则,,出现一次性行动、关键事件或长期重复行为。,基础信号未定；真合化后原信号已失效；只有单一弱远争议信号。,由共享基础引擎与M3-STATE修正,不限定；夫妻星仅在形成独立CARE证据或入宫接口时参与,由M3-BASE、日支结构及共享引擎提供,无／待CARE路径规则组合,全局有效信号；日柱及亲密关系近位优先,由共享基础引擎判定,由共享基础引擎判定,喜忌不直接等于愿不愿付出；只修正调用顺畅度与资源压力,原十神性质有效；真合化成立时按化神路由,由共享基础引擎判定,82,不加分；门控／路由,boundary_note,单次高强度行为不能自动升级为稳定CARE通道；持续性必须有根气、重复行为或多源证据。,关键时刻帮过一次，和长期稳定投入是两种不同证据，不能混在一起。,不得由本规则直接推出过度付出、付出失衡、依赖、控制、忠诚度、关系结果或适配度；不得把某种照顾方式等同于爱得更多或更少。,高,待验证,,provisional=true; rule_group=DEFINITION_18,0.4
M3-CARE-019,source_id独立性与同源去重,L0 模型边界与证据,CARE-定义边界,通用,证据门控,M3-CARE模块规则,,多个模块或多条规则读取同一个命理事实。,基础信号未定；真合化后原信号已失效；只有单一弱远争议信号。,由共享基础引擎与M3-STATE修正,不限定；夫妻星仅在形成独立CARE证据或入宫接口时参与,由M3-BASE、日支结构及共享引擎提供,无／待CARE路径规则组合,全局有效信号；日柱及亲密关系近位优先,由共享基础引擎判定,由共享基础引擎判定,喜忌不直接等于愿不愿付出；只修正调用顺畅度与资源压力,原十神性质有效；真合化成立时按化神路由,由共享基础引擎判定,81,不加分；门控／路由,provenance,同一日支、同根透干、同一合化结果只形成一次基础权重；可以多角度解释，不能伪装成多项独立证据。,同一个命盘事实即使能解释多个行为，也不会被重复计算成多份证据。,不得由本规则直接推出过度付出、付出失衡、依赖、控制、忠诚度、关系结果或适配度；不得把某种照顾方式等同于爱得更多或更少。,高,待验证,,provisional=true; rule_group=DEFINITION_19,0.4
M3-CARE-020,停止条件｜基础不可靠时有限输出,L0 模型边界与证据,CARE-定义边界,通用,停止,M3-CARE模块规则,,真合化未定、日支主气争议、旺衰严重争议、唯一信号弱远无根或关键source_id缺失。,基础信号未定；真合化后原信号已失效；只有单一弱远争议信号。,由共享基础引擎与M3-STATE修正,不限定；夫妻星仅在形成独立CARE证据或入宫接口时参与,由M3-BASE、日支结构及共享引擎提供,无／待CARE路径规则组合,全局有效信号；日柱及亲密关系近位优先,由共享基础引擎判定,由共享基础引擎判定,喜忌不直接等于愿不愿付出；只修正调用顺畅度与资源压力,原十神性质有效；真合化成立时按化神路由,由共享基础引擎判定,100,不加分；门控／路由,report_status,关键基础未定时停止固定CARE类型；最多回退到五系统层，并说明需要哪些信息。,目前只能判断你可能偏向某一类支持系统，但具体付出方式仍受关键基础状态影响，不宜写成固定结论。,不得由本规则直接推出过度付出、付出失衡、依赖、控制、忠诚度、关系结果或适配度；不得把某种照顾方式等同于爱得更多或更少。,高,待验证,,provisional=true; rule_group=DEFINITION_20,0.4
M3-CARE-021,比肩CARE通道｜CA01 并肩互助,L1 十神CARE通道,CARE-十神通道,通用,基础通道,CA01 比肩 并肩互助,,比肩为有效信号，且未被真合化替换；至少具备透干、有根、近位、日支参与或独立流向支持之一。,比肩真合化后失效；仅有单一弱远无根信号；基础十神判定有争议。,由共享基础引擎与M3-STATE修正,不限定；夫妻星仅在形成独立CARE证据或入宫接口时参与,由M3-BASE、日支结构及共享引擎提供,CP03 共同投入型／CF02 并行支持,全局有效信号；日柱及亲密关系近位优先,由共享基础引擎判定,由共享基础引擎判定,喜忌不直接等于愿不愿付出；只修正调用顺畅度与资源压力,原十神性质有效；真合化成立时按化神路由,由共享基础引擎判定,76,主CARE候选 +18,primary_care_channel,通过平等参与、分担任务、尊重选择和各自负责，把支持做成“我们一起处理”，而不是一方完全替另一方承担。,你更容易通过平等参与、分工、信息共享与自主支持来照顾关系。通过平等参与、分担任务、尊重选择和各自负责，把支持做成“我们一起处理”，而不是一方完全替另一方承担。,不得推出用户计较、冷淡、不愿照顾、凡事AA、缺乏亲密或一定拒绝依赖。,中高,待验证,,provisional=true; channel_id=CA01; ten_god=比肩; aspect=base,0.4
M3-CARE-022,比肩给予方式｜可观察支持行为,L1 十神CARE通道,CARE-十神通道,通用,行为证据,CA01 比肩 并肩互助,,比肩通道有效，并出现可观察的付出、照顾或支持行为。,只有抽象标签而无行为证据；一次事件不足以判断长期连续性。,由共享基础引擎与M3-STATE修正,不限定；夫妻星仅在形成独立CARE证据或入宫接口时参与,由M3-BASE、日支结构及共享引擎提供,CP03 共同投入型／CF02 并行支持,全局有效信号；日柱及亲密关系近位优先,由共享基础引擎判定,由共享基础引擎判定,喜忌不直接等于愿不愿付出；只修正调用顺畅度与资源压力,原十神性质有效；真合化成立时按化神路由,由共享基础引擎判定,72,行为证据 +8,giving_content,愿意并肩完成事情、共享信息、讨论分工、尊重对方自己处理的部分，并在需要时补位。,在实际相处中，你可能会愿意并肩完成事情、共享信息、讨论分工、尊重对方自己处理的部分，并在需要时补位。,不得推出用户计较、冷淡、不愿照顾、凡事AA、缺乏亲密或一定拒绝依赖。,中高,待验证,,provisional=true; channel_id=CA01; ten_god=比肩; aspect=giving,0.4
M3-CARE-023,比肩连续性｜稳定投入成立条件,L1 十神CARE通道,CARE-十神通道,通用,连续性,CA01 比肩 并肩互助,,比肩通道需要判断是否形成可重复CARE模式。,只有单次事件、短期触发或流年覆盖且原局无支持。,由共享基础引擎与M3-STATE修正,不限定；夫妻星仅在形成独立CARE证据或入宫接口时参与,由M3-BASE、日支结构及共享引擎提供,CP03 共同投入型／CF02 并行支持,全局有效信号；日柱及亲密关系近位优先,由共享基础引擎判定,由共享基础引擎判定,喜忌不直接等于愿不愿付出；只修正调用顺畅度与资源压力,原十神性质有效；真合化成立时按化神路由,由共享基础引擎判定,68,连续性按根气和重复证据 +0—8,continuity_mode,持续性通常来自清楚分工、双方都参与和各自责任可见；若只有单方要求而无协商，通道不宜直接判为稳定。,持续性通常来自清楚分工、双方都参与和各自责任可见；若只有单方要求而无协商，通道不宜直接判为稳定。,不得推出用户计较、冷淡、不愿照顾、凡事AA、缺乏亲密或一定拒绝依赖。,中,待验证,,provisional=true; channel_id=CA01; ten_god=比肩; aspect=continuity,0.4
M3-CARE-024,比肩请求支持｜怎样说出需要,L1 十神CARE通道,CARE-十神通道,通用,请求方式,CA01 比肩 并肩互助,,比肩在请求帮助或说明资源需要的功能中有效。,仅凭一个十神推断用户一定会主动求助；没有表达或行为证据。,由共享基础引擎与M3-STATE修正,不限定；夫妻星仅在形成独立CARE证据或入宫接口时参与,由M3-BASE、日支结构及共享引擎提供,CP03 共同投入型／CF02 并行支持,全局有效信号；日柱及亲密关系近位优先,由共享基础引擎判定,由共享基础引擎判定,喜忌不直接等于愿不愿付出；只修正调用顺畅度与资源压力,原十神性质有效；真合化成立时按化神路由,由共享基础引擎判定,64,请求方式候选 +4,support_request_style,更容易把求助说成具体协作，例如“这部分能不能一起处理”或“我需要你负责哪一段”。,当你需要支持时，更容易把求助说成具体协作，例如“这部分能不能一起处理”或“我需要你负责哪一段”。,不得推出用户计较、冷淡、不愿照顾、凡事AA、缺乏亲密或一定拒绝依赖。,中,待验证,,provisional=true; channel_id=CA01; ten_god=比肩; aspect=request,0.4
M3-CARE-025,比肩接受支持｜什么帮助更容易被接收,L1 十神CARE通道,CARE-十神通道,通用,接受方式,CA01 比肩 并肩互助,,比肩在接收、识别或评价支持的功能中有效。,把M2选择标准直接当作M3接受支持习惯；只有单一弱远信号。,由共享基础引擎与M3-STATE修正,不限定；夫妻星仅在形成独立CARE证据或入宫接口时参与,由M3-BASE、日支结构及共享引擎提供,CP03 共同投入型／CF02 并行支持,全局有效信号；日柱及亲密关系近位优先,由共享基础引擎判定,由共享基础引擎判定,喜忌不直接等于愿不愿付出；只修正调用顺畅度与资源压力,原十神性质有效；真合化成立时按化神路由,由共享基础引擎判定,63,接受方式候选 +4,support_receiving_style,更容易接受不替自己做决定、不过度接管、允许自己保留能力和选择权的帮助。,你更容易把不替自己做决定、不过度接管、允许自己保留能力和选择权的帮助。感知为真正有帮助。,不得推出用户计较、冷淡、不愿照顾、凡事AA、缺乏亲密或一定拒绝依赖。,中,待验证,,provisional=true; channel_id=CA01; ten_god=比肩; aspect=receive,0.4
M3-CARE-026,比肩状态修正｜平衡与抢先启动,L1 十神CARE通道,CARE-十神通道,通用,状态修正,CA01 比肩 并肩互助,,比肩通道强度已由共享引擎判定为平衡、过旺或抢先启动。,旺衰未定；把过旺直接解释为过度付出或风险。,由共享基础引擎与M3-STATE修正,不限定；夫妻星仅在形成独立CARE证据或入宫接口时参与,由M3-BASE、日支结构及共享引擎提供,CP03 共同投入型／CF02 并行支持,全局有效信号；日柱及亲密关系近位优先,由共享基础引擎判定,由共享基础引擎判定,喜忌不直接等于愿不愿付出；只修正调用顺畅度与资源压力,原十神性质有效；真合化成立时按化神路由,由共享基础引擎判定,59,修正强度，不新增独立证据,state_shift,平衡时呈现为互相尊重、各自有位置的合作；过旺或抢先启动时，只能说用户更倾向自己把分工和边界先定清楚。,平衡时呈现为互相尊重、各自有位置的合作；过旺或抢先启动时，只能说用户更倾向自己把分工和边界先定清楚。,不得推出用户计较、冷淡、不愿照顾、凡事AA、缺乏亲密或一定拒绝依赖。,中,待验证,,provisional=true; channel_id=CA01; ten_god=比肩; aspect=state,0.4
M3-CARE-027,比肩禁止误读｜并肩互助边界,L1 十神CARE通道,CARE-十神通道,通用,禁止推断,CA01 比肩 并肩互助,,正在把比肩CARE通道翻译为用户语言。,无,由共享基础引擎与M3-STATE修正,不限定；夫妻星仅在形成独立CARE证据或入宫接口时参与,由M3-BASE、日支结构及共享引擎提供,CP03 共同投入型／CF02 并行支持,全局有效信号；日柱及亲密关系近位优先,由共享基础引擎判定,由共享基础引擎判定,喜忌不直接等于愿不愿付出；只修正调用顺畅度与资源压力,原十神性质有效；真合化成立时按化神路由,由共享基础引擎判定,58,不加分；边界检查,boundary_note,比肩只提供平等参与、分工、信息共享与自主支持这一支持功能，不能越界到人格好坏、关系风险或结果。,这里描述的是你可能更常使用的支持方式，不代表你只能这样照顾人，也不代表其他方式一定缺失。,不得推出用户计较、冷淡、不愿照顾、凡事AA、缺乏亲密或一定拒绝依赖。,高,待验证,,provisional=true; channel_id=CA01; ten_god=比肩; aspect=boundary,0.4
M3-CARE-028,劫财CARE通道｜CA02 即时协作,L1 十神CARE通道,CARE-十神通道,通用,基础通道,CA02 劫财 即时协作,,劫财为有效信号，且未被真合化替换；至少具备透干、有根、近位、日支参与或独立流向支持之一。,劫财真合化后失效；仅有单一弱远无根信号；基础十神判定有争议。,由共享基础引擎与M3-STATE修正,不限定；夫妻星仅在形成独立CARE证据或入宫接口时参与,由M3-BASE、日支结构及共享引擎提供,CP03 共同投入型／CP09 行动保护型,全局有效信号；日柱及亲密关系近位优先,由共享基础引擎判定,由共享基础引擎判定,喜忌不直接等于愿不愿付出；只修正调用顺畅度与资源压力,原十神性质有效；真合化成立时按化神路由,由共享基础引擎判定,76,主CARE候选 +18,primary_care_channel,通过快速加入、调动资源、共同执行和现场补位提供支持，重视“需要的时候我能马上参与”。,你更容易通过即时响应、共同执行、资源动员与现场补位来照顾关系。通过快速加入、调动资源、共同执行和现场补位提供支持，重视“需要的时候我能马上参与”。,不得推出用户争抢、冲动花钱、爱竞争、关系中有第三者、资源一定失控或无法长期坚持。,中高,待验证,,provisional=true; channel_id=CA02; ten_god=劫财; aspect=base,0.4
M3-CARE-029,劫财给予方式｜可观察支持行为,L1 十神CARE通道,CARE-十神通道,通用,行为证据,CA02 劫财 即时协作,,劫财通道有效，并出现可观察的付出、照顾或支持行为。,只有抽象标签而无行为证据；一次事件不足以判断长期连续性。,由共享基础引擎与M3-STATE修正,不限定；夫妻星仅在形成独立CARE证据或入宫接口时参与,由M3-BASE、日支结构及共享引擎提供,CP03 共同投入型／CP09 行动保护型,全局有效信号；日柱及亲密关系近位优先,由共享基础引擎判定,由共享基础引擎判定,喜忌不直接等于愿不愿付出；只修正调用顺畅度与资源压力,原十神性质有效；真合化成立时按化神路由,由共享基础引擎判定,72,行为证据 +8,giving_content,遇到事情时会主动出现、一起跑流程、联系资源、推动进度，或直接加入对方正在做的事。,在实际相处中，你可能会遇到事情时会主动出现、一起跑流程、联系资源、推动进度，或直接加入对方正在做的事。,不得推出用户争抢、冲动花钱、爱竞争、关系中有第三者、资源一定失控或无法长期坚持。,中高,待验证,,provisional=true; channel_id=CA02; ten_god=劫财; aspect=giving,0.4
M3-CARE-030,劫财连续性｜稳定投入成立条件,L1 十神CARE通道,CARE-十神通道,通用,连续性,CA02 劫财 即时协作,,劫财通道需要判断是否形成可重复CARE模式。,只有单次事件、短期触发或流年覆盖且原局无支持。,由共享基础引擎与M3-STATE修正,不限定；夫妻星仅在形成独立CARE证据或入宫接口时参与,由M3-BASE、日支结构及共享引擎提供,CP03 共同投入型／CP09 行动保护型,全局有效信号；日柱及亲密关系近位优先,由共享基础引擎判定,由共享基础引擎判定,喜忌不直接等于愿不愿付出；只修正调用顺畅度与资源压力,原十神性质有效；真合化成立时按化神路由,由共享基础引擎判定,68,连续性按根气和重复证据 +0—8,continuity_mode,更容易在明确任务、共同目标或紧迫情境中持续；是否能转为日常稳定投入，需要财星、官杀或根气的独立支持。,更容易在明确任务、共同目标或紧迫情境中持续；是否能转为日常稳定投入，需要财星、官杀或根气的独立支持。,不得推出用户争抢、冲动花钱、爱竞争、关系中有第三者、资源一定失控或无法长期坚持。,中,待验证,,provisional=true; channel_id=CA02; ten_god=劫财; aspect=continuity,0.4
M3-CARE-031,劫财请求支持｜怎样说出需要,L1 十神CARE通道,CARE-十神通道,通用,请求方式,CA02 劫财 即时协作,,劫财在请求帮助或说明资源需要的功能中有效。,仅凭一个十神推断用户一定会主动求助；没有表达或行为证据。,由共享基础引擎与M3-STATE修正,不限定；夫妻星仅在形成独立CARE证据或入宫接口时参与,由M3-BASE、日支结构及共享引擎提供,CP03 共同投入型／CP09 行动保护型,全局有效信号；日柱及亲密关系近位优先,由共享基础引擎判定,由共享基础引擎判定,喜忌不直接等于愿不愿付出；只修正调用顺畅度与资源压力,原十神性质有效；真合化成立时按化神路由,由共享基础引擎判定,64,请求方式候选 +4,support_request_style,求助常以直接邀约、即时任务或共同挑战出现，希望对方尽快回应并一起动起来。,当你需要支持时，求助常以直接邀约、即时任务或共同挑战出现，希望对方尽快回应并一起动起来。,不得推出用户争抢、冲动花钱、爱竞争、关系中有第三者、资源一定失控或无法长期坚持。,中,待验证,,provisional=true; channel_id=CA02; ten_god=劫财; aspect=request,0.4
M3-CARE-032,劫财接受支持｜什么帮助更容易被接收,L1 十神CARE通道,CARE-十神通道,通用,接受方式,CA02 劫财 即时协作,,劫财在接收、识别或评价支持的功能中有效。,把M2选择标准直接当作M3接受支持习惯；只有单一弱远信号。,由共享基础引擎与M3-STATE修正,不限定；夫妻星仅在形成独立CARE证据或入宫接口时参与,由M3-BASE、日支结构及共享引擎提供,CP03 共同投入型／CP09 行动保护型,全局有效信号；日柱及亲密关系近位优先,由共享基础引擎判定,由共享基础引擎判定,喜忌不直接等于愿不愿付出；只修正调用顺畅度与资源压力,原十神性质有效；真合化成立时按化神路由,由共享基础引擎判定,63,接受方式候选 +4,support_receiving_style,更容易接受能马上参与、提供资源、共同承担现场任务的支持；过度说教但不行动未必容易被感知为帮助。,你更容易把能马上参与、提供资源、共同承担现场任务的支持；过度说教但不行动未必容易被感知为帮助。感知为真正有帮助。,不得推出用户争抢、冲动花钱、爱竞争、关系中有第三者、资源一定失控或无法长期坚持。,中,待验证,,provisional=true; channel_id=CA02; ten_god=劫财; aspect=receive,0.4
M3-CARE-033,劫财状态修正｜平衡与抢先启动,L1 十神CARE通道,CARE-十神通道,通用,状态修正,CA02 劫财 即时协作,,劫财通道强度已由共享引擎判定为平衡、过旺或抢先启动。,旺衰未定；把过旺直接解释为过度付出或风险。,由共享基础引擎与M3-STATE修正,不限定；夫妻星仅在形成独立CARE证据或入宫接口时参与,由M3-BASE、日支结构及共享引擎提供,CP03 共同投入型／CP09 行动保护型,全局有效信号；日柱及亲密关系近位优先,由共享基础引擎判定,由共享基础引擎判定,喜忌不直接等于愿不愿付出；只修正调用顺畅度与资源压力,原十神性质有效；真合化成立时按化神路由,由共享基础引擎判定,59,修正强度，不新增独立证据,state_shift,平衡时是快速响应和共同动员；过旺时只表示现场参与容易抢先启动，不直接等于冲动或越界。,平衡时是快速响应和共同动员；过旺时只表示现场参与容易抢先启动，不直接等于冲动或越界。,不得推出用户争抢、冲动花钱、爱竞争、关系中有第三者、资源一定失控或无法长期坚持。,中,待验证,,provisional=true; channel_id=CA02; ten_god=劫财; aspect=state,0.4
M3-CARE-034,劫财禁止误读｜即时协作边界,L1 十神CARE通道,CARE-十神通道,通用,禁止推断,CA02 劫财 即时协作,,正在把劫财CARE通道翻译为用户语言。,无,由共享基础引擎与M3-STATE修正,不限定；夫妻星仅在形成独立CARE证据或入宫接口时参与,由M3-BASE、日支结构及共享引擎提供,CP03 共同投入型／CP09 行动保护型,全局有效信号；日柱及亲密关系近位优先,由共享基础引擎判定,由共享基础引擎判定,喜忌不直接等于愿不愿付出；只修正调用顺畅度与资源压力,原十神性质有效；真合化成立时按化神路由,由共享基础引擎判定,58,不加分；边界检查,boundary_note,劫财只提供即时响应、共同执行、资源动员与现场补位这一支持功能，不能越界到人格好坏、关系风险或结果。,这里描述的是你可能更常使用的支持方式，不代表你只能这样照顾人，也不代表其他方式一定缺失。,不得推出用户争抢、冲动花钱、爱竞争、关系中有第三者、资源一定失控或无法长期坚持。,高,待验证,,provisional=true; channel_id=CA02; ten_god=劫财; aspect=boundary,0.4
M3-CARE-035,食神CARE通道｜CA03 舒缓照料,L1 十神CARE通道,CARE-十神通道,通用,基础通道,CA03 食神 舒缓照料,,食神为有效信号，且未被真合化替换；至少具备透干、有根、近位、日支参与或独立流向支持之一。,食神真合化后失效；仅有单一弱远无根信号；基础十神判定有争议。,由共享基础引擎与M3-STATE修正,不限定；夫妻星仅在形成独立CARE证据或入宫接口时参与,由M3-BASE、日支结构及共享引擎提供,CP06 舒缓照料型／CF03 表达转投入,全局有效信号；日柱及亲密关系近位优先,由共享基础引擎判定,由共享基础引擎判定,喜忌不直接等于愿不愿付出；只修正调用顺畅度与资源压力,原十神性质有效；真合化成立时按化神路由,由共享基础引擎判定,76,主CARE候选 +18,primary_care_channel,通过陪伴、饮食起居、舒适氛围、耐心安抚和让日常变得轻松来照顾关系。,你更容易通过陪伴、舒缓、日常照料与情绪安抚来照顾关系。通过陪伴、饮食起居、舒适氛围、耐心安抚和让日常变得轻松来照顾关系。,不得推出用户讨好、懒散、没有原则、只会提供情绪价值、一定擅长家务或永远情绪稳定。,中高,待验证,,provisional=true; channel_id=CA03; ten_god=食神; aspect=base,0.4
M3-CARE-036,食神给予方式｜可观察支持行为,L1 十神CARE通道,CARE-十神通道,通用,行为证据,CA03 食神 舒缓照料,,食神通道有效，并出现可观察的付出、照顾或支持行为。,只有抽象标签而无行为证据；一次事件不足以判断长期连续性。,由共享基础引擎与M3-STATE修正,不限定；夫妻星仅在形成独立CARE证据或入宫接口时参与,由M3-BASE、日支结构及共享引擎提供,CP06 舒缓照料型／CF03 表达转投入,全局有效信号；日柱及亲密关系近位优先,由共享基础引擎判定,由共享基础引擎判定,喜忌不直接等于愿不愿付出；只修正调用顺畅度与资源压力,原十神性质有效；真合化成立时按化神路由,由共享基础引擎判定,72,行为证据 +8,giving_content,会用陪伴、做饭、分享、照顾休息、缓和氛围、提供情绪价值或让对方放松来表达支持。,在实际相处中，你可能会会用陪伴、做饭、分享、照顾休息、缓和氛围、提供情绪价值或让对方放松来表达支持。,不得推出用户讨好、懒散、没有原则、只会提供情绪价值、一定擅长家务或永远情绪稳定。,中高,待验证,,provisional=true; channel_id=CA03; ten_god=食神; aspect=giving,0.4
M3-CARE-037,食神连续性｜稳定投入成立条件,L1 十神CARE通道,CARE-十神通道,通用,连续性,CA03 食神 舒缓照料,,食神通道需要判断是否形成可重复CARE模式。,只有单次事件、短期触发或流年覆盖且原局无支持。,由共享基础引擎与M3-STATE修正,不限定；夫妻星仅在形成独立CARE证据或入宫接口时参与,由M3-BASE、日支结构及共享引擎提供,CP06 舒缓照料型／CF03 表达转投入,全局有效信号；日柱及亲密关系近位优先,由共享基础引擎判定,由共享基础引擎判定,喜忌不直接等于愿不愿付出；只修正调用顺畅度与资源压力,原十神性质有效；真合化成立时按化神路由,由共享基础引擎判定,68,连续性按根气和重复证据 +0—8,continuity_mode,持续性通常体现为日常小事和稳定陪伴，而不是高强度事件；根气和重复行为比一次浪漫更重要。,持续性通常体现为日常小事和稳定陪伴，而不是高强度事件；根气和重复行为比一次浪漫更重要。,不得推出用户讨好、懒散、没有原则、只会提供情绪价值、一定擅长家务或永远情绪稳定。,中,待验证,,provisional=true; channel_id=CA03; ten_god=食神; aspect=continuity,0.4
M3-CARE-038,食神请求支持｜怎样说出需要,L1 十神CARE通道,CARE-十神通道,通用,请求方式,CA03 食神 舒缓照料,,食神在请求帮助或说明资源需要的功能中有效。,仅凭一个十神推断用户一定会主动求助；没有表达或行为证据。,由共享基础引擎与M3-STATE修正,不限定；夫妻星仅在形成独立CARE证据或入宫接口时参与,由M3-BASE、日支结构及共享引擎提供,CP06 舒缓照料型／CF03 表达转投入,全局有效信号；日柱及亲密关系近位优先,由共享基础引擎判定,由共享基础引擎判定,喜忌不直接等于愿不愿付出；只修正调用顺畅度与资源压力,原十神性质有效；真合化成立时按化神路由,由共享基础引擎判定,64,请求方式候选 +4,support_request_style,更容易在安全、温和的语境里提出需要，例如希望陪伴、休息、被体谅或一起过得舒服一点。,当你需要支持时，更容易在安全、温和的语境里提出需要，例如希望陪伴、休息、被体谅或一起过得舒服一点。,不得推出用户讨好、懒散、没有原则、只会提供情绪价值、一定擅长家务或永远情绪稳定。,中,待验证,,provisional=true; channel_id=CA03; ten_god=食神; aspect=request,0.4
M3-CARE-039,食神接受支持｜什么帮助更容易被接收,L1 十神CARE通道,CARE-十神通道,通用,接受方式,CA03 食神 舒缓照料,,食神在接收、识别或评价支持的功能中有效。,把M2选择标准直接当作M3接受支持习惯；只有单一弱远信号。,由共享基础引擎与M3-STATE修正,不限定；夫妻星仅在形成独立CARE证据或入宫接口时参与,由M3-BASE、日支结构及共享引擎提供,CP06 舒缓照料型／CF03 表达转投入,全局有效信号；日柱及亲密关系近位优先,由共享基础引擎判定,由共享基础引擎判定,喜忌不直接等于愿不愿付出；只修正调用顺畅度与资源压力,原十神性质有效；真合化成立时按化神路由,由共享基础引擎判定,63,接受方式候选 +4,support_receiving_style,更容易接受不急迫、不过度要求、能照顾节奏和身体情绪状态的支持。,你更容易把不急迫、不过度要求、能照顾节奏和身体情绪状态的支持。感知为真正有帮助。,不得推出用户讨好、懒散、没有原则、只会提供情绪价值、一定擅长家务或永远情绪稳定。,中,待验证,,provisional=true; channel_id=CA03; ten_god=食神; aspect=receive,0.4
M3-CARE-040,食神状态修正｜平衡与抢先启动,L1 十神CARE通道,CARE-十神通道,通用,状态修正,CA03 食神 舒缓照料,,食神通道强度已由共享引擎判定为平衡、过旺或抢先启动。,旺衰未定；把过旺直接解释为过度付出或风险。,由共享基础引擎与M3-STATE修正,不限定；夫妻星仅在形成独立CARE证据或入宫接口时参与,由M3-BASE、日支结构及共享引擎提供,CP06 舒缓照料型／CF03 表达转投入,全局有效信号；日柱及亲密关系近位优先,由共享基础引擎判定,由共享基础引擎判定,喜忌不直接等于愿不愿付出；只修正调用顺畅度与资源压力,原十神性质有效；真合化成立时按化神路由,由共享基础引擎判定,59,修正强度，不新增独立证据,state_shift,平衡时是温和、持续、不过度侵入的照料；过旺时只说明舒缓和照顾氛围更容易占据支持方式。,平衡时是温和、持续、不过度侵入的照料；过旺时只说明舒缓和照顾氛围更容易占据支持方式。,不得推出用户讨好、懒散、没有原则、只会提供情绪价值、一定擅长家务或永远情绪稳定。,中,待验证,,provisional=true; channel_id=CA03; ten_god=食神; aspect=state,0.4
M3-CARE-041,食神禁止误读｜舒缓照料边界,L1 十神CARE通道,CARE-十神通道,通用,禁止推断,CA03 食神 舒缓照料,,正在把食神CARE通道翻译为用户语言。,无,由共享基础引擎与M3-STATE修正,不限定；夫妻星仅在形成独立CARE证据或入宫接口时参与,由M3-BASE、日支结构及共享引擎提供,CP06 舒缓照料型／CF03 表达转投入,全局有效信号；日柱及亲密关系近位优先,由共享基础引擎判定,由共享基础引擎判定,喜忌不直接等于愿不愿付出；只修正调用顺畅度与资源压力,原十神性质有效；真合化成立时按化神路由,由共享基础引擎判定,58,不加分；边界检查,boundary_note,食神只提供陪伴、舒缓、日常照料与情绪安抚这一支持功能，不能越界到人格好坏、关系风险或结果。,这里描述的是你可能更常使用的支持方式，不代表你只能这样照顾人，也不代表其他方式一定缺失。,不得推出用户讨好、懒散、没有原则、只会提供情绪价值、一定擅长家务或永远情绪稳定。,高,待验证,,provisional=true; channel_id=CA03; ten_god=食神; aspect=boundary,0.4
M3-CARE-042,伤官CARE通道｜CA04 解题支持,L1 十神CARE通道,CARE-十神通道,通用,基础通道,CA04 伤官 解题支持,,伤官为有效信号，且未被真合化替换；至少具备透干、有根、近位、日支参与或独立流向支持之一。,伤官真合化后失效；仅有单一弱远无根信号；基础十神判定有争议。,由共享基础引擎与M3-STATE修正,不限定；夫妻星仅在形成独立CARE证据或入宫接口时参与,由M3-BASE、日支结构及共享引擎提供,CP07 解题支持型／CF03 表达转投入,全局有效信号；日柱及亲密关系近位优先,由共享基础引擎判定,由共享基础引擎判定,喜忌不直接等于愿不愿付出；只修正调用顺畅度与资源压力,原十神性质有效；真合化成立时按化神路由,由共享基础引擎判定,76,主CARE候选 +18,primary_care_channel,通过分析问题、给出思路、解释信息、优化方案和帮助对方看清关键点提供支持。,你更容易通过信息、建议、分析、技能与解决方案来照顾关系。通过分析问题、给出思路、解释信息、优化方案和帮助对方看清关键点提供支持。,不得推出用户爱批评、说话伤人、只会讲道理、缺少情绪价值、一定和伴侣争辩或不尊重对方。,中高,待验证,,provisional=true; channel_id=CA04; ten_god=伤官; aspect=base,0.4
M3-CARE-043,伤官给予方式｜可观察支持行为,L1 十神CARE通道,CARE-十神通道,通用,行为证据,CA04 伤官 解题支持,,伤官通道有效，并出现可观察的付出、照顾或支持行为。,只有抽象标签而无行为证据；一次事件不足以判断长期连续性。,由共享基础引擎与M3-STATE修正,不限定；夫妻星仅在形成独立CARE证据或入宫接口时参与,由M3-BASE、日支结构及共享引擎提供,CP07 解题支持型／CF03 表达转投入,全局有效信号；日柱及亲密关系近位优先,由共享基础引擎判定,由共享基础引擎判定,喜忌不直接等于愿不愿付出；只修正调用顺畅度与资源压力,原十神性质有效；真合化成立时按化神路由,由共享基础引擎判定,72,行为证据 +8,giving_content,会认真听问题、拆解原因、提供建议、查资料、指出遗漏、设计更有效的处理方法。,在实际相处中，你可能会会认真听问题、拆解原因、提供建议、查资料、指出遗漏、设计更有效的处理方法。,不得推出用户爱批评、说话伤人、只会讲道理、缺少情绪价值、一定和伴侣争辩或不尊重对方。,中高,待验证,,provisional=true; channel_id=CA04; ten_god=伤官; aspect=giving,0.4
M3-CARE-044,伤官连续性｜稳定投入成立条件,L1 十神CARE通道,CARE-十神通道,通用,连续性,CA04 伤官 解题支持,,伤官通道需要判断是否形成可重复CARE模式。,只有单次事件、短期触发或流年覆盖且原局无支持。,由共享基础引擎与M3-STATE修正,不限定；夫妻星仅在形成独立CARE证据或入宫接口时参与,由M3-BASE、日支结构及共享引擎提供,CP07 解题支持型／CF03 表达转投入,全局有效信号；日柱及亲密关系近位优先,由共享基础引擎判定,由共享基础引擎判定,喜忌不直接等于愿不愿付出；只修正调用顺畅度与资源压力,原十神性质有效；真合化成立时按化神路由,由共享基础引擎判定,68,连续性按根气和重复证据 +0—8,continuity_mode,更容易在有明确问题、需要认知或技能输出时持续；是否能落实到长期行动，需要财星或官杀的支持。,更容易在有明确问题、需要认知或技能输出时持续；是否能落实到长期行动，需要财星或官杀的支持。,不得推出用户爱批评、说话伤人、只会讲道理、缺少情绪价值、一定和伴侣争辩或不尊重对方。,中,待验证,,provisional=true; channel_id=CA04; ten_god=伤官; aspect=continuity,0.4
M3-CARE-045,伤官请求支持｜怎样说出需要,L1 十神CARE通道,CARE-十神通道,通用,请求方式,CA04 伤官 解题支持,,伤官在请求帮助或说明资源需要的功能中有效。,仅凭一个十神推断用户一定会主动求助；没有表达或行为证据。,由共享基础引擎与M3-STATE修正,不限定；夫妻星仅在形成独立CARE证据或入宫接口时参与,由M3-BASE、日支结构及共享引擎提供,CP07 解题支持型／CF03 表达转投入,全局有效信号；日柱及亲密关系近位优先,由共享基础引擎判定,由共享基础引擎判定,喜忌不直接等于愿不愿付出；只修正调用顺畅度与资源压力,原十神性质有效；真合化成立时按化神路由,由共享基础引擎判定,64,请求方式候选 +4,support_request_style,求助时倾向说明问题、背景、卡点和希望得到的具体反馈，不一定只需要安慰。,当你需要支持时，求助时倾向说明问题、背景、卡点和希望得到的具体反馈，不一定只需要安慰。,不得推出用户爱批评、说话伤人、只会讲道理、缺少情绪价值、一定和伴侣争辩或不尊重对方。,中,待验证,,provisional=true; channel_id=CA04; ten_god=伤官; aspect=request,0.4
M3-CARE-046,伤官接受支持｜什么帮助更容易被接收,L1 十神CARE通道,CARE-十神通道,通用,接受方式,CA04 伤官 解题支持,,伤官在接收、识别或评价支持的功能中有效。,把M2选择标准直接当作M3接受支持习惯；只有单一弱远信号。,由共享基础引擎与M3-STATE修正,不限定；夫妻星仅在形成独立CARE证据或入宫接口时参与,由M3-BASE、日支结构及共享引擎提供,CP07 解题支持型／CF03 表达转投入,全局有效信号；日柱及亲密关系近位优先,由共享基础引擎判定,由共享基础引擎判定,喜忌不直接等于愿不愿付出；只修正调用顺畅度与资源压力,原十神性质有效；真合化成立时按化神路由,由共享基础引擎判定,63,接受方式候选 +4,support_receiving_style,更容易接受有内容、能回应具体问题、允许讨论并提供可验证方法的帮助。,你更容易把有内容、能回应具体问题、允许讨论并提供可验证方法的帮助。感知为真正有帮助。,不得推出用户爱批评、说话伤人、只会讲道理、缺少情绪价值、一定和伴侣争辩或不尊重对方。,中,待验证,,provisional=true; channel_id=CA04; ten_god=伤官; aspect=receive,0.4
M3-CARE-047,伤官状态修正｜平衡与抢先启动,L1 十神CARE通道,CARE-十神通道,通用,状态修正,CA04 伤官 解题支持,,伤官通道强度已由共享引擎判定为平衡、过旺或抢先启动。,旺衰未定；把过旺直接解释为过度付出或风险。,由共享基础引擎与M3-STATE修正,不限定；夫妻星仅在形成独立CARE证据或入宫接口时参与,由M3-BASE、日支结构及共享引擎提供,CP07 解题支持型／CF03 表达转投入,全局有效信号；日柱及亲密关系近位优先,由共享基础引擎判定,由共享基础引擎判定,喜忌不直接等于愿不愿付出；只修正调用顺畅度与资源压力,原十神性质有效；真合化成立时按化神路由,由共享基础引擎判定,59,修正强度，不新增独立证据,state_shift,平衡时是清楚、有效的认知支持；过旺时只能说建议、分析或纠错容易先出现，不直接评价为挑剔。,平衡时是清楚、有效的认知支持；过旺时只能说建议、分析或纠错容易先出现，不直接评价为挑剔。,不得推出用户爱批评、说话伤人、只会讲道理、缺少情绪价值、一定和伴侣争辩或不尊重对方。,中,待验证,,provisional=true; channel_id=CA04; ten_god=伤官; aspect=state,0.4
M3-CARE-048,伤官禁止误读｜解题支持边界,L1 十神CARE通道,CARE-十神通道,通用,禁止推断,CA04 伤官 解题支持,,正在把伤官CARE通道翻译为用户语言。,无,由共享基础引擎与M3-STATE修正,不限定；夫妻星仅在形成独立CARE证据或入宫接口时参与,由M3-BASE、日支结构及共享引擎提供,CP07 解题支持型／CF03 表达转投入,全局有效信号；日柱及亲密关系近位优先,由共享基础引擎判定,由共享基础引擎判定,喜忌不直接等于愿不愿付出；只修正调用顺畅度与资源压力,原十神性质有效；真合化成立时按化神路由,由共享基础引擎判定,58,不加分；边界检查,boundary_note,伤官只提供信息、建议、分析、技能与解决方案这一支持功能，不能越界到人格好坏、关系风险或结果。,这里描述的是你可能更常使用的支持方式，不代表你只能这样照顾人，也不代表其他方式一定缺失。,不得推出用户爱批评、说话伤人、只会讲道理、缺少情绪价值、一定和伴侣争辩或不尊重对方。,高,待验证,,provisional=true; channel_id=CA04; ten_god=伤官; aspect=boundary,0.4
M3-CARE-049,正财CARE通道｜CA05 稳定投入,L1 十神CARE通道,CARE-十神通道,通用,基础通道,CA05 正财 稳定投入,,正财为有效信号，且未被真合化替换；至少具备透干、有根、近位、日支参与或独立流向支持之一。,正财真合化后失效；仅有单一弱远无根信号；基础十神判定有争议。,由共享基础引擎与M3-STATE修正,不限定；夫妻星仅在形成独立CARE证据或入宫接口时参与,由M3-BASE、日支结构及共享引擎提供,CP05 稳定经营型／CF04 投入转责任,全局有效信号；日柱及亲密关系近位优先,由共享基础引擎判定,由共享基础引擎判定,喜忌不直接等于愿不愿付出；只修正调用顺畅度与资源压力,原十神性质有效；真合化成立时按化神路由,由共享基础引擎判定,76,主CARE候选 +18,primary_care_channel,通过持续安排时间、处理日常事务、稳定投入资源和维护可重复的生活秩序照顾关系。,你更容易通过时间、金钱、生活事务、持续出现与现实安排来照顾关系。通过持续安排时间、处理日常事务、稳定投入资源和维护可重复的生活秩序照顾关系。,不得推出用户功利、只看金钱、精于算计、缺乏浪漫、一定顾家或必然承担全部家务。,中高,待验证,,provisional=true; channel_id=CA05; ten_god=正财; aspect=base,0.4
M3-CARE-050,正财给予方式｜可观察支持行为,L1 十神CARE通道,CARE-十神通道,通用,行为证据,CA05 正财 稳定投入,,正财通道有效，并出现可观察的付出、照顾或支持行为。,只有抽象标签而无行为证据；一次事件不足以判断长期连续性。,由共享基础引擎与M3-STATE修正,不限定；夫妻星仅在形成独立CARE证据或入宫接口时参与,由M3-BASE、日支结构及共享引擎提供,CP05 稳定经营型／CF04 投入转责任,全局有效信号；日柱及亲密关系近位优先,由共享基础引擎判定,由共享基础引擎判定,喜忌不直接等于愿不愿付出；只修正调用顺畅度与资源压力,原十神性质有效；真合化成立时按化神路由,由共享基础引擎判定,72,行为证据 +8,giving_content,会记住承诺、安排时间、处理生活细节、分配预算、持续出现、把对方纳入现实计划。,在实际相处中，你可能会会记住承诺、安排时间、处理生活细节、分配预算、持续出现、把对方纳入现实计划。,不得推出用户功利、只看金钱、精于算计、缺乏浪漫、一定顾家或必然承担全部家务。,中高,待验证,,provisional=true; channel_id=CA05; ten_god=正财; aspect=giving,0.4
M3-CARE-051,正财连续性｜稳定投入成立条件,L1 十神CARE通道,CARE-十神通道,通用,连续性,CA05 正财 稳定投入,,正财通道需要判断是否形成可重复CARE模式。,只有单次事件、短期触发或流年覆盖且原局无支持。,由共享基础引擎与M3-STATE修正,不限定；夫妻星仅在形成独立CARE证据或入宫接口时参与,由M3-BASE、日支结构及共享引擎提供,CP05 稳定经营型／CF04 投入转责任,全局有效信号；日柱及亲密关系近位优先,由共享基础引擎判定,由共享基础引擎判定,喜忌不直接等于愿不愿付出；只修正调用顺畅度与资源压力,原十神性质有效；真合化成立时按化神路由,由共享基础引擎判定,68,连续性按根气和重复证据 +0—8,continuity_mode,正财的核心证据是重复、可预期和可落实；单次礼物或一次承担不能替代长期稳定性。,正财的核心证据是重复、可预期和可落实；单次礼物或一次承担不能替代长期稳定性。,不得推出用户功利、只看金钱、精于算计、缺乏浪漫、一定顾家或必然承担全部家务。,中,待验证,,provisional=true; channel_id=CA05; ten_god=正财; aspect=continuity,0.4
M3-CARE-052,正财请求支持｜怎样说出需要,L1 十神CARE通道,CARE-十神通道,通用,请求方式,CA05 正财 稳定投入,,正财在请求帮助或说明资源需要的功能中有效。,仅凭一个十神推断用户一定会主动求助；没有表达或行为证据。,由共享基础引擎与M3-STATE修正,不限定；夫妻星仅在形成独立CARE证据或入宫接口时参与,由M3-BASE、日支结构及共享引擎提供,CP05 稳定经营型／CF04 投入转责任,全局有效信号；日柱及亲密关系近位优先,由共享基础引擎判定,由共享基础引擎判定,喜忌不直接等于愿不愿付出；只修正调用顺畅度与资源压力,原十神性质有效；真合化成立时按化神路由,由共享基础引擎判定,64,请求方式候选 +4,support_request_style,更容易把求助说成具体事项、时间、预算、分工和可执行步骤。,当你需要支持时，更容易把求助说成具体事项、时间、预算、分工和可执行步骤。,不得推出用户功利、只看金钱、精于算计、缺乏浪漫、一定顾家或必然承担全部家务。,中,待验证,,provisional=true; channel_id=CA05; ten_god=正财; aspect=request,0.4
M3-CARE-053,正财接受支持｜什么帮助更容易被接收,L1 十神CARE通道,CARE-十神通道,通用,接受方式,CA05 正财 稳定投入,,正财在接收、识别或评价支持的功能中有效。,把M2选择标准直接当作M3接受支持习惯；只有单一弱远信号。,由共享基础引擎与M3-STATE修正,不限定；夫妻星仅在形成独立CARE证据或入宫接口时参与,由M3-BASE、日支结构及共享引擎提供,CP05 稳定经营型／CF04 投入转责任,全局有效信号；日柱及亲密关系近位优先,由共享基础引擎判定,由共享基础引擎判定,喜忌不直接等于愿不愿付出；只修正调用顺畅度与资源压力,原十神性质有效；真合化成立时按化神路由,由共享基础引擎判定,63,接受方式候选 +4,support_receiving_style,更容易从对方是否持续出现、把话落实、处理现实问题和尊重共同安排中感到被支持。,你更容易把更容易从对方是否持续出现、把话落实、处理现实问题和尊重共同安排中感到被支持。感知为真正有帮助。,不得推出用户功利、只看金钱、精于算计、缺乏浪漫、一定顾家或必然承担全部家务。,中,待验证,,provisional=true; channel_id=CA05; ten_god=正财; aspect=receive,0.4
M3-CARE-054,正财状态修正｜平衡与抢先启动,L1 十神CARE通道,CARE-十神通道,通用,状态修正,CA05 正财 稳定投入,,正财通道强度已由共享引擎判定为平衡、过旺或抢先启动。,旺衰未定；把过旺直接解释为过度付出或风险。,由共享基础引擎与M3-STATE修正,不限定；夫妻星仅在形成独立CARE证据或入宫接口时参与,由M3-BASE、日支结构及共享引擎提供,CP05 稳定经营型／CF04 投入转责任,全局有效信号；日柱及亲密关系近位优先,由共享基础引擎判定,由共享基础引擎判定,喜忌不直接等于愿不愿付出；只修正调用顺畅度与资源压力,原十神性质有效；真合化成立时按化神路由,由共享基础引擎判定,59,修正强度，不新增独立证据,state_shift,平衡时呈现为稳定而有节奏的经营；过旺时只说明现实安排和资源分配容易成为支持的优先入口。,平衡时呈现为稳定而有节奏的经营；过旺时只说明现实安排和资源分配容易成为支持的优先入口。,不得推出用户功利、只看金钱、精于算计、缺乏浪漫、一定顾家或必然承担全部家务。,中,待验证,,provisional=true; channel_id=CA05; ten_god=正财; aspect=state,0.4
M3-CARE-055,正财禁止误读｜稳定投入边界,L1 十神CARE通道,CARE-十神通道,通用,禁止推断,CA05 正财 稳定投入,,正在把正财CARE通道翻译为用户语言。,无,由共享基础引擎与M3-STATE修正,不限定；夫妻星仅在形成独立CARE证据或入宫接口时参与,由M3-BASE、日支结构及共享引擎提供,CP05 稳定经营型／CF04 投入转责任,全局有效信号；日柱及亲密关系近位优先,由共享基础引擎判定,由共享基础引擎判定,喜忌不直接等于愿不愿付出；只修正调用顺畅度与资源压力,原十神性质有效；真合化成立时按化神路由,由共享基础引擎判定,58,不加分；边界检查,boundary_note,正财只提供时间、金钱、生活事务、持续出现与现实安排这一支持功能，不能越界到人格好坏、关系风险或结果。,这里描述的是你可能更常使用的支持方式，不代表你只能这样照顾人，也不代表其他方式一定缺失。,不得推出用户功利、只看金钱、精于算计、缺乏浪漫、一定顾家或必然承担全部家务。,高,待验证,,provisional=true; channel_id=CA05; ten_god=正财; aspect=boundary,0.4
M3-CARE-056,偏财CARE通道｜CA06 灵活馈赠,L1 十神CARE通道,CARE-十神通道,通用,基础通道,CA06 偏财 灵活馈赠,,偏财为有效信号，且未被真合化替换；至少具备透干、有根、近位、日支参与或独立流向支持之一。,偏财真合化后失效；仅有单一弱远无根信号；基础十神判定有争议。,由共享基础引擎与M3-STATE修正,不限定；夫妻星仅在形成独立CARE证据或入宫接口时参与,由M3-BASE、日支结构及共享引擎提供,CP10 灵活体验型／CF04 投入转责任,全局有效信号；日柱及亲密关系近位优先,由共享基础引擎判定,由共享基础引擎判定,喜忌不直接等于愿不愿付出；只修正调用顺畅度与资源压力,原十神性质有效；真合化成立时按化神路由,由共享基础引擎判定,76,主CARE候选 +18,primary_care_channel,通过灵活调配资源、创造体验、及时回应机会、分享人脉或让关系保持活力来提供支持。,你更容易通过灵活资源、礼物、体验、人脉与即时便利来照顾关系。通过灵活调配资源、创造体验、及时回应机会、分享人脉或让关系保持活力来提供支持。,不得推出用户花心、挥霍、爱暧昧、只追求新鲜、不会负责或一定擅长社交。,中高,待验证,,provisional=true; channel_id=CA06; ten_god=偏财; aspect=base,0.4
M3-CARE-057,偏财给予方式｜可观察支持行为,L1 十神CARE通道,CARE-十神通道,通用,行为证据,CA06 偏财 灵活馈赠,,偏财通道有效，并出现可观察的付出、照顾或支持行为。,只有抽象标签而无行为证据；一次事件不足以判断长期连续性。,由共享基础引擎与M3-STATE修正,不限定；夫妻星仅在形成独立CARE证据或入宫接口时参与,由M3-BASE、日支结构及共享引擎提供,CP10 灵活体验型／CF04 投入转责任,全局有效信号；日柱及亲密关系近位优先,由共享基础引擎判定,由共享基础引擎判定,喜忌不直接等于愿不愿付出；只修正调用顺畅度与资源压力,原十神性质有效；真合化成立时按化神路由,由共享基础引擎判定,72,行为证据 +8,giving_content,会邀约、送礼、制造体验、临时调整安排、分享资源和人脉，或在当下迅速满足一个具体需要。,在实际相处中，你可能会会邀约、送礼、制造体验、临时调整安排、分享资源和人脉，或在当下迅速满足一个具体需要。,不得推出用户花心、挥霍、爱暧昧、只追求新鲜、不会负责或一定擅长社交。,中高,待验证,,provisional=true; channel_id=CA06; ten_god=偏财; aspect=giving,0.4
M3-CARE-058,偏财连续性｜稳定投入成立条件,L1 十神CARE通道,CARE-十神通道,通用,连续性,CA06 偏财 灵活馈赠,,偏财通道需要判断是否形成可重复CARE模式。,只有单次事件、短期触发或流年覆盖且原局无支持。,由共享基础引擎与M3-STATE修正,不限定；夫妻星仅在形成独立CARE证据或入宫接口时参与,由M3-BASE、日支结构及共享引擎提供,CP10 灵活体验型／CF04 投入转责任,全局有效信号；日柱及亲密关系近位优先,由共享基础引擎判定,由共享基础引擎判定,喜忌不直接等于愿不愿付出；只修正调用顺畅度与资源压力,原十神性质有效；真合化成立时按化神路由,由共享基础引擎判定,68,连续性按根气和重复证据 +0—8,continuity_mode,更强调回应速度、体验质量和资源灵活度；是否形成稳定长期投入，需要根气、正财或官杀的独立证据。,更强调回应速度、体验质量和资源灵活度；是否形成稳定长期投入，需要根气、正财或官杀的独立证据。,不得推出用户花心、挥霍、爱暧昧、只追求新鲜、不会负责或一定擅长社交。,中,待验证,,provisional=true; channel_id=CA06; ten_god=偏财; aspect=continuity,0.4
M3-CARE-059,偏财请求支持｜怎样说出需要,L1 十神CARE通道,CARE-十神通道,通用,请求方式,CA06 偏财 灵活馈赠,,偏财在请求帮助或说明资源需要的功能中有效。,仅凭一个十神推断用户一定会主动求助；没有表达或行为证据。,由共享基础引擎与M3-STATE修正,不限定；夫妻星仅在形成独立CARE证据或入宫接口时参与,由M3-BASE、日支结构及共享引擎提供,CP10 灵活体验型／CF04 投入转责任,全局有效信号；日柱及亲密关系近位优先,由共享基础引擎判定,由共享基础引擎判定,喜忌不直接等于愿不愿付出；只修正调用顺畅度与资源压力,原十神性质有效；真合化成立时按化神路由,由共享基础引擎判定,64,请求方式候选 +4,support_request_style,求助常以当下需要、机会、资源或共同体验的形式提出，较少要求严格固定流程。,当你需要支持时，求助常以当下需要、机会、资源或共同体验的形式提出，较少要求严格固定流程。,不得推出用户花心、挥霍、爱暧昧、只追求新鲜、不会负责或一定擅长社交。,中,待验证,,provisional=true; channel_id=CA06; ten_god=偏财; aspect=request,0.4
M3-CARE-060,偏财接受支持｜什么帮助更容易被接收,L1 十神CARE通道,CARE-十神通道,通用,接受方式,CA06 偏财 灵活馈赠,,偏财在接收、识别或评价支持的功能中有效。,把M2选择标准直接当作M3接受支持习惯；只有单一弱远信号。,由共享基础引擎与M3-STATE修正,不限定；夫妻星仅在形成独立CARE证据或入宫接口时参与,由M3-BASE、日支结构及共享引擎提供,CP10 灵活体验型／CF04 投入转责任,全局有效信号；日柱及亲密关系近位优先,由共享基础引擎判定,由共享基础引擎判定,喜忌不直接等于愿不愿付出；只修正调用顺畅度与资源压力,原十神性质有效；真合化成立时按化神路由,由共享基础引擎判定,63,接受方式候选 +4,support_receiving_style,更容易接受灵活、有回应、能带来实际便利或新鲜体验的帮助。,你更容易把灵活、有回应、能带来实际便利或新鲜体验的帮助。感知为真正有帮助。,不得推出用户花心、挥霍、爱暧昧、只追求新鲜、不会负责或一定擅长社交。,中,待验证,,provisional=true; channel_id=CA06; ten_god=偏财; aspect=receive,0.4
M3-CARE-061,偏财状态修正｜平衡与抢先启动,L1 十神CARE通道,CARE-十神通道,通用,状态修正,CA06 偏财 灵活馈赠,,偏财通道强度已由共享引擎判定为平衡、过旺或抢先启动。,旺衰未定；把过旺直接解释为过度付出或风险。,由共享基础引擎与M3-STATE修正,不限定；夫妻星仅在形成独立CARE证据或入宫接口时参与,由M3-BASE、日支结构及共享引擎提供,CP10 灵活体验型／CF04 投入转责任,全局有效信号；日柱及亲密关系近位优先,由共享基础引擎判定,由共享基础引擎判定,喜忌不直接等于愿不愿付出；只修正调用顺畅度与资源压力,原十神性质有效；真合化成立时按化神路由,由共享基础引擎判定,59,修正强度，不新增独立证据,state_shift,平衡时是灵活、慷慨而不僵化的支持；过旺时只说明资源和体验回应容易抢先出现。,平衡时是灵活、慷慨而不僵化的支持；过旺时只说明资源和体验回应容易抢先出现。,不得推出用户花心、挥霍、爱暧昧、只追求新鲜、不会负责或一定擅长社交。,中,待验证,,provisional=true; channel_id=CA06; ten_god=偏财; aspect=state,0.4
M3-CARE-062,偏财禁止误读｜灵活馈赠边界,L1 十神CARE通道,CARE-十神通道,通用,禁止推断,CA06 偏财 灵活馈赠,,正在把偏财CARE通道翻译为用户语言。,无,由共享基础引擎与M3-STATE修正,不限定；夫妻星仅在形成独立CARE证据或入宫接口时参与,由M3-BASE、日支结构及共享引擎提供,CP10 灵活体验型／CF04 投入转责任,全局有效信号；日柱及亲密关系近位优先,由共享基础引擎判定,由共享基础引擎判定,喜忌不直接等于愿不愿付出；只修正调用顺畅度与资源压力,原十神性质有效；真合化成立时按化神路由,由共享基础引擎判定,58,不加分；边界检查,boundary_note,偏财只提供灵活资源、礼物、体验、人脉与即时便利这一支持功能，不能越界到人格好坏、关系风险或结果。,这里描述的是你可能更常使用的支持方式，不代表你只能这样照顾人，也不代表其他方式一定缺失。,不得推出用户花心、挥霍、爱暧昧、只追求新鲜、不会负责或一定擅长社交。,高,待验证,,provisional=true; channel_id=CA06; ten_god=偏财; aspect=boundary,0.4
M3-CARE-063,正官CARE通道｜CA07 责任承担,L1 十神CARE通道,CARE-十神通道,通用,基础通道,CA07 正官 责任承担,,正官为有效信号，且未被真合化替换；至少具备透干、有根、近位、日支参与或独立流向支持之一。,正官真合化后失效；仅有单一弱远无根信号；基础十神判定有争议。,由共享基础引擎与M3-STATE修正,不限定；夫妻星仅在形成独立CARE证据或入宫接口时参与,由M3-BASE、日支结构及共享引擎提供,CP08 责任承担型／CF05 责任转安全,全局有效信号；日柱及亲密关系近位优先,由共享基础引擎判定,由共享基础引擎判定,喜忌不直接等于愿不愿付出；只修正调用顺畅度与资源压力,原十神性质有效；真合化成立时按化神路由,由共享基础引擎判定,76,主CARE候选 +18,primary_care_channel,通过明确责任、守约、稳定履职、建立规则和把共同事务纳入正式安排来支持关系。,你更容易通过承诺、守约、角色责任、分工与共同规则来照顾关系。通过明确责任、守约、稳定履职、建立规则和把共同事务纳入正式安排来支持关系。,不得推出用户古板、爱管人、权威主义、没有情感、一定遵循传统角色或关系必然稳定。,中高,待验证,,provisional=true; channel_id=CA07; ten_god=正官; aspect=base,0.4
M3-CARE-064,正官给予方式｜可观察支持行为,L1 十神CARE通道,CARE-十神通道,通用,行为证据,CA07 正官 责任承担,,正官通道有效，并出现可观察的付出、照顾或支持行为。,只有抽象标签而无行为证据；一次事件不足以判断长期连续性。,由共享基础引擎与M3-STATE修正,不限定；夫妻星仅在形成独立CARE证据或入宫接口时参与,由M3-BASE、日支结构及共享引擎提供,CP08 责任承担型／CF05 责任转安全,全局有效信号；日柱及亲密关系近位优先,由共享基础引擎判定,由共享基础引擎判定,喜忌不直接等于愿不愿付出；只修正调用顺畅度与资源压力,原十神性质有效；真合化成立时按化神路由,由共享基础引擎判定,72,行为证据 +8,giving_content,会按约完成、主动承担固定事务、给出清楚交代、维护共同规则，并在需要时承担角色责任。,在实际相处中，你可能会会按约完成、主动承担固定事务、给出清楚交代、维护共同规则，并在需要时承担角色责任。,不得推出用户古板、爱管人、权威主义、没有情感、一定遵循传统角色或关系必然稳定。,中高,待验证,,provisional=true; channel_id=CA07; ten_god=正官; aspect=giving,0.4
M3-CARE-065,正官连续性｜稳定投入成立条件,L1 十神CARE通道,CARE-十神通道,通用,连续性,CA07 正官 责任承担,,正官通道需要判断是否形成可重复CARE模式。,只有单次事件、短期触发或流年覆盖且原局无支持。,由共享基础引擎与M3-STATE修正,不限定；夫妻星仅在形成独立CARE证据或入宫接口时参与,由M3-BASE、日支结构及共享引擎提供,CP08 责任承担型／CF05 责任转安全,全局有效信号；日柱及亲密关系近位优先,由共享基础引擎判定,由共享基础引擎判定,喜忌不直接等于愿不愿付出；只修正调用顺畅度与资源压力,原十神性质有效；真合化成立时按化神路由,由共享基础引擎判定,68,连续性按根气和重复证据 +0—8,continuity_mode,持续性来自责任边界清楚、承诺可追踪和行为前后一致；只有口头原则而无兑现不构成稳定CARE。,持续性来自责任边界清楚、承诺可追踪和行为前后一致；只有口头原则而无兑现不构成稳定CARE。,不得推出用户古板、爱管人、权威主义、没有情感、一定遵循传统角色或关系必然稳定。,中,待验证,,provisional=true; channel_id=CA07; ten_god=正官; aspect=continuity,0.4
M3-CARE-066,正官请求支持｜怎样说出需要,L1 十神CARE通道,CARE-十神通道,通用,请求方式,CA07 正官 责任承担,,正官在请求帮助或说明资源需要的功能中有效。,仅凭一个十神推断用户一定会主动求助；没有表达或行为证据。,由共享基础引擎与M3-STATE修正,不限定；夫妻星仅在形成独立CARE证据或入宫接口时参与,由M3-BASE、日支结构及共享引擎提供,CP08 责任承担型／CF05 责任转安全,全局有效信号；日柱及亲密关系近位优先,由共享基础引擎判定,由共享基础引擎判定,喜忌不直接等于愿不愿付出；只修正调用顺畅度与资源压力,原十神性质有效；真合化成立时按化神路由,由共享基础引擎判定,64,请求方式候选 +4,support_request_style,更容易用责任、角色、约定和双方应怎样配合来提出需要。,当你需要支持时，更容易用责任、角色、约定和双方应怎样配合来提出需要。,不得推出用户古板、爱管人、权威主义、没有情感、一定遵循传统角色或关系必然稳定。,中,待验证,,provisional=true; channel_id=CA07; ten_god=正官; aspect=request,0.4
M3-CARE-067,正官接受支持｜什么帮助更容易被接收,L1 十神CARE通道,CARE-十神通道,通用,接受方式,CA07 正官 责任承担,,正官在接收、识别或评价支持的功能中有效。,把M2选择标准直接当作M3接受支持习惯；只有单一弱远信号。,由共享基础引擎与M3-STATE修正,不限定；夫妻星仅在形成独立CARE证据或入宫接口时参与,由M3-BASE、日支结构及共享引擎提供,CP08 责任承担型／CF05 责任转安全,全局有效信号；日柱及亲密关系近位优先,由共享基础引擎判定,由共享基础引擎判定,喜忌不直接等于愿不愿付出；只修正调用顺畅度与资源压力,原十神性质有效；真合化成立时按化神路由,由共享基础引擎判定,63,接受方式候选 +4,support_receiving_style,更容易接受有交代、守约、尊重规则、愿意承担后果的支持。,你更容易把有交代、守约、尊重规则、愿意承担后果的支持。感知为真正有帮助。,不得推出用户古板、爱管人、权威主义、没有情感、一定遵循传统角色或关系必然稳定。,中,待验证,,provisional=true; channel_id=CA07; ten_god=正官; aspect=receive,0.4
M3-CARE-068,正官状态修正｜平衡与抢先启动,L1 十神CARE通道,CARE-十神通道,通用,状态修正,CA07 正官 责任承担,,正官通道强度已由共享引擎判定为平衡、过旺或抢先启动。,旺衰未定；把过旺直接解释为过度付出或风险。,由共享基础引擎与M3-STATE修正,不限定；夫妻星仅在形成独立CARE证据或入宫接口时参与,由M3-BASE、日支结构及共享引擎提供,CP08 责任承担型／CF05 责任转安全,全局有效信号；日柱及亲密关系近位优先,由共享基础引擎判定,由共享基础引擎判定,喜忌不直接等于愿不愿付出；只修正调用顺畅度与资源压力,原十神性质有效；真合化成立时按化神路由,由共享基础引擎判定,59,修正强度，不新增独立证据,state_shift,平衡时是可靠、有边界的责任投入；过旺时只说明规则和职责容易先组织关系，不直接等于控制。,平衡时是可靠、有边界的责任投入；过旺时只说明规则和职责容易先组织关系，不直接等于控制。,不得推出用户古板、爱管人、权威主义、没有情感、一定遵循传统角色或关系必然稳定。,中,待验证,,provisional=true; channel_id=CA07; ten_god=正官; aspect=state,0.4
M3-CARE-069,正官禁止误读｜责任承担边界,L1 十神CARE通道,CARE-十神通道,通用,禁止推断,CA07 正官 责任承担,,正在把正官CARE通道翻译为用户语言。,无,由共享基础引擎与M3-STATE修正,不限定；夫妻星仅在形成独立CARE证据或入宫接口时参与,由M3-BASE、日支结构及共享引擎提供,CP08 责任承担型／CF05 责任转安全,全局有效信号；日柱及亲密关系近位优先,由共享基础引擎判定,由共享基础引擎判定,喜忌不直接等于愿不愿付出；只修正调用顺畅度与资源压力,原十神性质有效；真合化成立时按化神路由,由共享基础引擎判定,58,不加分；边界检查,boundary_note,正官只提供承诺、守约、角色责任、分工与共同规则这一支持功能，不能越界到人格好坏、关系风险或结果。,这里描述的是你可能更常使用的支持方式，不代表你只能这样照顾人，也不代表其他方式一定缺失。,不得推出用户古板、爱管人、权威主义、没有情感、一定遵循传统角色或关系必然稳定。,高,待验证,,provisional=true; channel_id=CA07; ten_god=正官; aspect=boundary,0.4
M3-CARE-070,七杀CARE通道｜CA08 行动保护,L1 十神CARE通道,CARE-十神通道,通用,基础通道,CA08 七杀 行动保护,,七杀为有效信号，且未被真合化替换；至少具备透干、有根、近位、日支参与或独立流向支持之一。,七杀真合化后失效；仅有单一弱远无根信号；基础十神判定有争议。,由共享基础引擎与M3-STATE修正,不限定；夫妻星仅在形成独立CARE证据或入宫接口时参与,由M3-BASE、日支结构及共享引擎提供,CP09 行动保护型／CF05 责任转安全,全局有效信号；日柱及亲密关系近位优先,由共享基础引擎判定,由共享基础引擎判定,喜忌不直接等于愿不愿付出；只修正调用顺畅度与资源压力,原十神性质有效；真合化成立时按化神路由,由共享基础引擎判定,76,主CARE候选 +18,primary_care_channel,通过关键时刻出现、快速决策、处理危机、排除障碍和推动问题解决提供支持。,你更容易通过危机处理、保护、决断、推进与高压任务承担来照顾关系。通过关键时刻出现、快速决策、处理危机、排除障碍和推动问题解决提供支持。,不得推出用户暴力、强迫、控制欲强、情绪粗暴、一定替对方做决定或关系存在危险。,中高,待验证,,provisional=true; channel_id=CA08; ten_god=七杀; aspect=base,0.4
M3-CARE-071,七杀给予方式｜可观察支持行为,L1 十神CARE通道,CARE-十神通道,通用,行为证据,CA08 七杀 行动保护,,七杀通道有效，并出现可观察的付出、照顾或支持行为。,只有抽象标签而无行为证据；一次事件不足以判断长期连续性。,由共享基础引擎与M3-STATE修正,不限定；夫妻星仅在形成独立CARE证据或入宫接口时参与,由M3-BASE、日支结构及共享引擎提供,CP09 行动保护型／CF05 责任转安全,全局有效信号；日柱及亲密关系近位优先,由共享基础引擎判定,由共享基础引擎判定,喜忌不直接等于愿不愿付出；只修正调用顺畅度与资源压力,原十神性质有效；真合化成立时按化神路由,由共享基础引擎判定,72,行为证据 +8,giving_content,会迅速采取行动、保护对方、处理棘手事务、做决定、承担高压任务或替关系推进关键环节。,在实际相处中，你可能会会迅速采取行动、保护对方、处理棘手事务、做决定、承担高压任务或替关系推进关键环节。,不得推出用户暴力、强迫、控制欲强、情绪粗暴、一定替对方做决定或关系存在危险。,中高,待验证,,provisional=true; channel_id=CA08; ten_god=七杀; aspect=giving,0.4
M3-CARE-072,七杀连续性｜稳定投入成立条件,L1 十神CARE通道,CARE-十神通道,通用,连续性,CA08 七杀 行动保护,,七杀通道需要判断是否形成可重复CARE模式。,只有单次事件、短期触发或流年覆盖且原局无支持。,由共享基础引擎与M3-STATE修正,不限定；夫妻星仅在形成独立CARE证据或入宫接口时参与,由M3-BASE、日支结构及共享引擎提供,CP09 行动保护型／CF05 责任转安全,全局有效信号；日柱及亲密关系近位优先,由共享基础引擎判定,由共享基础引擎判定,喜忌不直接等于愿不愿付出；只修正调用顺畅度与资源压力,原十神性质有效；真合化成立时按化神路由,由共享基础引擎判定,68,连续性按根气和重复证据 +0—8,continuity_mode,七杀更容易在紧迫、困难和需要决断的情境中显现；是否转成日常稳定照顾，需要正官、财星或根气支持。,七杀更容易在紧迫、困难和需要决断的情境中显现；是否转成日常稳定照顾，需要正官、财星或根气支持。,不得推出用户暴力、强迫、控制欲强、情绪粗暴、一定替对方做决定或关系存在危险。,中,待验证,,provisional=true; channel_id=CA08; ten_god=七杀; aspect=continuity,0.4
M3-CARE-073,七杀请求支持｜怎样说出需要,L1 十神CARE通道,CARE-十神通道,通用,请求方式,CA08 七杀 行动保护,,七杀在请求帮助或说明资源需要的功能中有效。,仅凭一个十神推断用户一定会主动求助；没有表达或行为证据。,由共享基础引擎与M3-STATE修正,不限定；夫妻星仅在形成独立CARE证据或入宫接口时参与,由M3-BASE、日支结构及共享引擎提供,CP09 行动保护型／CF05 责任转安全,全局有效信号；日柱及亲密关系近位优先,由共享基础引擎判定,由共享基础引擎判定,喜忌不直接等于愿不愿付出；只修正调用顺畅度与资源压力,原十神性质有效；真合化成立时按化神路由,由共享基础引擎判定,64,请求方式候选 +4,support_request_style,求助时更倾向直接说明目标、紧迫问题和需要对方立即处理的部分。,当你需要支持时，求助时更倾向直接说明目标、紧迫问题和需要对方立即处理的部分。,不得推出用户暴力、强迫、控制欲强、情绪粗暴、一定替对方做决定或关系存在危险。,中,待验证,,provisional=true; channel_id=CA08; ten_god=七杀; aspect=request,0.4
M3-CARE-074,七杀接受支持｜什么帮助更容易被接收,L1 十神CARE通道,CARE-十神通道,通用,接受方式,CA08 七杀 行动保护,,七杀在接收、识别或评价支持的功能中有效。,把M2选择标准直接当作M3接受支持习惯；只有单一弱远信号。,由共享基础引擎与M3-STATE修正,不限定；夫妻星仅在形成独立CARE证据或入宫接口时参与,由M3-BASE、日支结构及共享引擎提供,CP09 行动保护型／CF05 责任转安全,全局有效信号；日柱及亲密关系近位优先,由共享基础引擎判定,由共享基础引擎判定,喜忌不直接等于愿不愿付出；只修正调用顺畅度与资源压力,原十神性质有效；真合化成立时按化神路由,由共享基础引擎判定,63,接受方式候选 +4,support_receiving_style,更容易接受清楚、果断、能真正解决问题并承担后续的帮助。,你更容易把清楚、果断、能真正解决问题并承担后续的帮助。感知为真正有帮助。,不得推出用户暴力、强迫、控制欲强、情绪粗暴、一定替对方做决定或关系存在危险。,中,待验证,,provisional=true; channel_id=CA08; ten_god=七杀; aspect=receive,0.4
M3-CARE-075,七杀状态修正｜平衡与抢先启动,L1 十神CARE通道,CARE-十神通道,通用,状态修正,CA08 七杀 行动保护,,七杀通道强度已由共享引擎判定为平衡、过旺或抢先启动。,旺衰未定；把过旺直接解释为过度付出或风险。,由共享基础引擎与M3-STATE修正,不限定；夫妻星仅在形成独立CARE证据或入宫接口时参与,由M3-BASE、日支结构及共享引擎提供,CP09 行动保护型／CF05 责任转安全,全局有效信号；日柱及亲密关系近位优先,由共享基础引擎判定,由共享基础引擎判定,喜忌不直接等于愿不愿付出；只修正调用顺畅度与资源压力,原十神性质有效；真合化成立时按化神路由,由共享基础引擎判定,59,修正强度，不新增独立证据,state_shift,平衡时是有分寸的快速保护和问题处理；过旺时只说明行动解决容易抢先，不直接等于压迫或控制。,平衡时是有分寸的快速保护和问题处理；过旺时只说明行动解决容易抢先，不直接等于压迫或控制。,不得推出用户暴力、强迫、控制欲强、情绪粗暴、一定替对方做决定或关系存在危险。,中,待验证,,provisional=true; channel_id=CA08; ten_god=七杀; aspect=state,0.4
M3-CARE-076,七杀禁止误读｜行动保护边界,L1 十神CARE通道,CARE-十神通道,通用,禁止推断,CA08 七杀 行动保护,,正在把七杀CARE通道翻译为用户语言。,无,由共享基础引擎与M3-STATE修正,不限定；夫妻星仅在形成独立CARE证据或入宫接口时参与,由M3-BASE、日支结构及共享引擎提供,CP09 行动保护型／CF05 责任转安全,全局有效信号；日柱及亲密关系近位优先,由共享基础引擎判定,由共享基础引擎判定,喜忌不直接等于愿不愿付出；只修正调用顺畅度与资源压力,原十神性质有效；真合化成立时按化神路由,由共享基础引擎判定,58,不加分；边界检查,boundary_note,七杀只提供危机处理、保护、决断、推进与高压任务承担这一支持功能，不能越界到人格好坏、关系风险或结果。,这里描述的是你可能更常使用的支持方式，不代表你只能这样照顾人，也不代表其他方式一定缺失。,不得推出用户暴力、强迫、控制欲强、情绪粗暴、一定替对方做决定或关系存在危险。,高,待验证,,provisional=true; channel_id=CA08; ten_god=七杀; aspect=boundary,0.4
M3-CARE-077,正印CARE通道｜CA09 安全承接,L1 十神CARE通道,CARE-十神通道,通用,基础通道,CA09 正印 安全承接,,正印为有效信号，且未被真合化替换；至少具备透干、有根、近位、日支参与或独立流向支持之一。,正印真合化后失效；仅有单一弱远无根信号；基础十神判定有争议。,由共享基础引擎与M3-STATE修正,不限定；夫妻星仅在形成独立CARE证据或入宫接口时参与,由M3-BASE、日支结构及共享引擎提供,CP06 舒缓照料型／CF01 支持转自主,全局有效信号；日柱及亲密关系近位优先,由共享基础引擎判定,由共享基础引擎判定,喜忌不直接等于愿不愿付出；只修正调用顺畅度与资源压力,原十神性质有效；真合化成立时按化神路由,由共享基础引擎判定,76,主CARE候选 +18,primary_care_channel,通过倾听、理解、耐心照顾、提供知识与稳定支持，让对方在关系里有被接住的感受。,你更容易通过倾听、理解、知识、健康照顾与稳定承接来照顾关系。通过倾听、理解、耐心照顾、提供知识与稳定支持，让对方在关系里有被接住的感受。,不得推出用户依赖、软弱、母性／父性过强、没有边界、喜欢被照顾或一定牺牲自己。,中高,待验证,,provisional=true; channel_id=CA09; ten_god=正印; aspect=base,0.4
M3-CARE-078,正印给予方式｜可观察支持行为,L1 十神CARE通道,CARE-十神通道,通用,行为证据,CA09 正印 安全承接,,正印通道有效，并出现可观察的付出、照顾或支持行为。,只有抽象标签而无行为证据；一次事件不足以判断长期连续性。,由共享基础引擎与M3-STATE修正,不限定；夫妻星仅在形成独立CARE证据或入宫接口时参与,由M3-BASE、日支结构及共享引擎提供,CP06 舒缓照料型／CF01 支持转自主,全局有效信号；日柱及亲密关系近位优先,由共享基础引擎判定,由共享基础引擎判定,喜忌不直接等于愿不愿付出；只修正调用顺畅度与资源压力,原十神性质有效；真合化成立时按化神路由,由共享基础引擎判定,72,行为证据 +8,giving_content,会倾听、安抚、照顾健康和休息、提供信息或经验、记住对方的状态，并给出稳定支持。,在实际相处中，你可能会会倾听、安抚、照顾健康和休息、提供信息或经验、记住对方的状态，并给出稳定支持。,不得推出用户依赖、软弱、母性／父性过强、没有边界、喜欢被照顾或一定牺牲自己。,中高,待验证,,provisional=true; channel_id=CA09; ten_god=正印; aspect=giving,0.4
M3-CARE-079,正印连续性｜稳定投入成立条件,L1 十神CARE通道,CARE-十神通道,通用,连续性,CA09 正印 安全承接,,正印通道需要判断是否形成可重复CARE模式。,只有单次事件、短期触发或流年覆盖且原局无支持。,由共享基础引擎与M3-STATE修正,不限定；夫妻星仅在形成独立CARE证据或入宫接口时参与,由M3-BASE、日支结构及共享引擎提供,CP06 舒缓照料型／CF01 支持转自主,全局有效信号；日柱及亲密关系近位优先,由共享基础引擎判定,由共享基础引擎判定,喜忌不直接等于愿不愿付出；只修正调用顺畅度与资源压力,原十神性质有效；真合化成立时按化神路由,由共享基础引擎判定,68,连续性按根气和重复证据 +0—8,continuity_mode,持续性来自耐心、重复回应和可靠的承接环境；一次安慰不能替代长期可依赖的支持。,持续性来自耐心、重复回应和可靠的承接环境；一次安慰不能替代长期可依赖的支持。,不得推出用户依赖、软弱、母性／父性过强、没有边界、喜欢被照顾或一定牺牲自己。,中,待验证,,provisional=true; channel_id=CA09; ten_god=正印; aspect=continuity,0.4
M3-CARE-080,正印请求支持｜怎样说出需要,L1 十神CARE通道,CARE-十神通道,通用,请求方式,CA09 正印 安全承接,,正印在请求帮助或说明资源需要的功能中有效。,仅凭一个十神推断用户一定会主动求助；没有表达或行为证据。,由共享基础引擎与M3-STATE修正,不限定；夫妻星仅在形成独立CARE证据或入宫接口时参与,由M3-BASE、日支结构及共享引擎提供,CP06 舒缓照料型／CF01 支持转自主,全局有效信号；日柱及亲密关系近位优先,由共享基础引擎判定,由共享基础引擎判定,喜忌不直接等于愿不愿付出；只修正调用顺畅度与资源压力,原十神性质有效；真合化成立时按化神路由,由共享基础引擎判定,64,请求方式候选 +4,support_request_style,更容易在安全和信任中表达需要，希望得到理解、时间、指导或稳定陪伴。,当你需要支持时，更容易在安全和信任中表达需要，希望得到理解、时间、指导或稳定陪伴。,不得推出用户依赖、软弱、母性／父性过强、没有边界、喜欢被照顾或一定牺牲自己。,中,待验证,,provisional=true; channel_id=CA09; ten_god=正印; aspect=request,0.4
M3-CARE-081,正印接受支持｜什么帮助更容易被接收,L1 十神CARE通道,CARE-十神通道,通用,接受方式,CA09 正印 安全承接,,正印在接收、识别或评价支持的功能中有效。,把M2选择标准直接当作M3接受支持习惯；只有单一弱远信号。,由共享基础引擎与M3-STATE修正,不限定；夫妻星仅在形成独立CARE证据或入宫接口时参与,由M3-BASE、日支结构及共享引擎提供,CP06 舒缓照料型／CF01 支持转自主,全局有效信号；日柱及亲密关系近位优先,由共享基础引擎判定,由共享基础引擎判定,喜忌不直接等于愿不愿付出；只修正调用顺畅度与资源压力,原十神性质有效；真合化成立时按化神路由,由共享基础引擎判定,63,接受方式候选 +4,support_receiving_style,更容易接受不催促、不轻易否定、愿意理解背景并提供稳定承接的帮助。,你更容易把不催促、不轻易否定、愿意理解背景并提供稳定承接的帮助。感知为真正有帮助。,不得推出用户依赖、软弱、母性／父性过强、没有边界、喜欢被照顾或一定牺牲自己。,中,待验证,,provisional=true; channel_id=CA09; ten_god=正印; aspect=receive,0.4
M3-CARE-082,正印状态修正｜平衡与抢先启动,L1 十神CARE通道,CARE-十神通道,通用,状态修正,CA09 正印 安全承接,,正印通道强度已由共享引擎判定为平衡、过旺或抢先启动。,旺衰未定；把过旺直接解释为过度付出或风险。,由共享基础引擎与M3-STATE修正,不限定；夫妻星仅在形成独立CARE证据或入宫接口时参与,由M3-BASE、日支结构及共享引擎提供,CP06 舒缓照料型／CF01 支持转自主,全局有效信号；日柱及亲密关系近位优先,由共享基础引擎判定,由共享基础引擎判定,喜忌不直接等于愿不愿付出；只修正调用顺畅度与资源压力,原十神性质有效；真合化成立时按化神路由,由共享基础引擎判定,59,修正强度，不新增独立证据,state_shift,平衡时是温和、稳定而不替代对方决定的支持；过旺时只说明承接和照顾容易占据关系资源。,平衡时是温和、稳定而不替代对方决定的支持；过旺时只说明承接和照顾容易占据关系资源。,不得推出用户依赖、软弱、母性／父性过强、没有边界、喜欢被照顾或一定牺牲自己。,中,待验证,,provisional=true; channel_id=CA09; ten_god=正印; aspect=state,0.4
M3-CARE-083,正印禁止误读｜安全承接边界,L1 十神CARE通道,CARE-十神通道,通用,禁止推断,CA09 正印 安全承接,,正在把正印CARE通道翻译为用户语言。,无,由共享基础引擎与M3-STATE修正,不限定；夫妻星仅在形成独立CARE证据或入宫接口时参与,由M3-BASE、日支结构及共享引擎提供,CP06 舒缓照料型／CF01 支持转自主,全局有效信号；日柱及亲密关系近位优先,由共享基础引擎判定,由共享基础引擎判定,喜忌不直接等于愿不愿付出；只修正调用顺畅度与资源压力,原十神性质有效；真合化成立时按化神路由,由共享基础引擎判定,58,不加分；边界检查,boundary_note,正印只提供倾听、理解、知识、健康照顾与稳定承接这一支持功能，不能越界到人格好坏、关系风险或结果。,这里描述的是你可能更常使用的支持方式，不代表你只能这样照顾人，也不代表其他方式一定缺失。,不得推出用户依赖、软弱、母性／父性过强、没有边界、喜欢被照顾或一定牺牲自己。,高,待验证,,provisional=true; channel_id=CA09; ten_god=正印; aspect=boundary,0.4
M3-CARE-084,偏印CARE通道｜CA10 个性支持,L1 十神CARE通道,CARE-十神通道,通用,基础通道,CA10 偏印 个性支持,,偏印为有效信号，且未被真合化替换；至少具备透干、有根、近位、日支参与或独立流向支持之一。,偏印真合化后失效；仅有单一弱远无根信号；基础十神判定有争议。,由共享基础引擎与M3-STATE修正,不限定；夫妻星仅在形成独立CARE证据或入宫接口时参与,由M3-BASE、日支结构及共享引擎提供,CP10 个性支持型／CF01 支持转自主,全局有效信号；日柱及亲密关系近位优先,由共享基础引擎判定,由共享基础引擎判定,喜忌不直接等于愿不愿付出；只修正调用顺畅度与资源压力,原十神性质有效；真合化成立时按化神路由,由共享基础引擎判定,76,主CARE候选 +18,primary_care_channel,通过洞察独特需要、提供专业或非标准方法、尊重私人空间和选择性深度回应来支持关系。,你更容易通过洞察、专业方法、私人空间、定制资源与选择性回应来照顾关系。通过洞察独特需要、提供专业或非标准方法、尊重私人空间和选择性深度回应来支持关系。,不得推出用户冷漠、神秘、回避亲密、精神异常、故意不说或不愿接受任何帮助。,中高,待验证,,provisional=true; channel_id=CA10; ten_god=偏印; aspect=base,0.4
M3-CARE-085,偏印给予方式｜可观察支持行为,L1 十神CARE通道,CARE-十神通道,通用,行为证据,CA10 偏印 个性支持,,偏印通道有效，并出现可观察的付出、照顾或支持行为。,只有抽象标签而无行为证据；一次事件不足以判断长期连续性。,由共享基础引擎与M3-STATE修正,不限定；夫妻星仅在形成独立CARE证据或入宫接口时参与,由M3-BASE、日支结构及共享引擎提供,CP10 个性支持型／CF01 支持转自主,全局有效信号；日柱及亲密关系近位优先,由共享基础引擎判定,由共享基础引擎判定,喜忌不直接等于愿不愿付出；只修正调用顺畅度与资源压力,原十神性质有效；真合化成立时按化神路由,由共享基础引擎判定,72,行为证据 +8,giving_content,会观察细节、给出专业建议、寻找小众资源、提供安静陪伴、尊重独处，或用定制化方式帮助对方。,在实际相处中，你可能会会观察细节、给出专业建议、寻找小众资源、提供安静陪伴、尊重独处，或用定制化方式帮助对方。,不得推出用户冷漠、神秘、回避亲密、精神异常、故意不说或不愿接受任何帮助。,中高,待验证,,provisional=true; channel_id=CA10; ten_god=偏印; aspect=giving,0.4
M3-CARE-086,偏印连续性｜稳定投入成立条件,L1 十神CARE通道,CARE-十神通道,通用,连续性,CA10 偏印 个性支持,,偏印通道需要判断是否形成可重复CARE模式。,只有单次事件、短期触发或流年覆盖且原局无支持。,由共享基础引擎与M3-STATE修正,不限定；夫妻星仅在形成独立CARE证据或入宫接口时参与,由M3-BASE、日支结构及共享引擎提供,CP10 个性支持型／CF01 支持转自主,全局有效信号；日柱及亲密关系近位优先,由共享基础引擎判定,由共享基础引擎判定,喜忌不直接等于愿不愿付出；只修正调用顺畅度与资源压力,原十神性质有效；真合化成立时按化神路由,由共享基础引擎判定,68,连续性按根气和重复证据 +0—8,continuity_mode,更依赖信任、问题匹配度和对方是否真正需要这种深度支持；外显频率可能不高，但不等于没有投入。,更依赖信任、问题匹配度和对方是否真正需要这种深度支持；外显频率可能不高，但不等于没有投入。,不得推出用户冷漠、神秘、回避亲密、精神异常、故意不说或不愿接受任何帮助。,中,待验证,,provisional=true; channel_id=CA10; ten_god=偏印; aspect=continuity,0.4
M3-CARE-087,偏印请求支持｜怎样说出需要,L1 十神CARE通道,CARE-十神通道,通用,请求方式,CA10 偏印 个性支持,,偏印在请求帮助或说明资源需要的功能中有效。,仅凭一个十神推断用户一定会主动求助；没有表达或行为证据。,由共享基础引擎与M3-STATE修正,不限定；夫妻星仅在形成独立CARE证据或入宫接口时参与,由M3-BASE、日支结构及共享引擎提供,CP10 个性支持型／CF01 支持转自主,全局有效信号；日柱及亲密关系近位优先,由共享基础引擎判定,由共享基础引擎判定,喜忌不直接等于愿不愿付出；只修正调用顺畅度与资源压力,原十神性质有效；真合化成立时按化神路由,由共享基础引擎判定,64,请求方式候选 +4,support_request_style,求助可能较含蓄或专业化，更愿意说明真正卡点，并保留独立消化和选择的空间。,当你需要支持时，求助可能较含蓄或专业化，更愿意说明真正卡点，并保留独立消化和选择的空间。,不得推出用户冷漠、神秘、回避亲密、精神异常、故意不说或不愿接受任何帮助。,中,待验证,,provisional=true; channel_id=CA10; ten_god=偏印; aspect=request,0.4
M3-CARE-088,偏印接受支持｜什么帮助更容易被接收,L1 十神CARE通道,CARE-十神通道,通用,接受方式,CA10 偏印 个性支持,,偏印在接收、识别或评价支持的功能中有效。,把M2选择标准直接当作M3接受支持习惯；只有单一弱远信号。,由共享基础引擎与M3-STATE修正,不限定；夫妻星仅在形成独立CARE证据或入宫接口时参与,由M3-BASE、日支结构及共享引擎提供,CP10 个性支持型／CF01 支持转自主,全局有效信号；日柱及亲密关系近位优先,由共享基础引擎判定,由共享基础引擎判定,喜忌不直接等于愿不愿付出；只修正调用顺畅度与资源压力,原十神性质有效；真合化成立时按化神路由,由共享基础引擎判定,63,接受方式候选 +4,support_receiving_style,更容易接受尊重复杂性、不过度打扰、能理解特殊需要并提供精准帮助的支持。,你更容易把尊重复杂性、不过度打扰、能理解特殊需要并提供精准帮助的支持。感知为真正有帮助。,不得推出用户冷漠、神秘、回避亲密、精神异常、故意不说或不愿接受任何帮助。,中,待验证,,provisional=true; channel_id=CA10; ten_god=偏印; aspect=receive,0.4
M3-CARE-089,偏印状态修正｜平衡与抢先启动,L1 十神CARE通道,CARE-十神通道,通用,状态修正,CA10 偏印 个性支持,,偏印通道强度已由共享引擎判定为平衡、过旺或抢先启动。,旺衰未定；把过旺直接解释为过度付出或风险。,由共享基础引擎与M3-STATE修正,不限定；夫妻星仅在形成独立CARE证据或入宫接口时参与,由M3-BASE、日支结构及共享引擎提供,CP10 个性支持型／CF01 支持转自主,全局有效信号；日柱及亲密关系近位优先,由共享基础引擎判定,由共享基础引擎判定,喜忌不直接等于愿不愿付出；只修正调用顺畅度与资源压力,原十神性质有效；真合化成立时按化神路由,由共享基础引擎判定,59,修正强度，不新增独立证据,state_shift,平衡时是精准、尊重差异的支持；过旺时只说明内部观察和特殊方法更容易抢先，不直接等于疏离。,平衡时是精准、尊重差异的支持；过旺时只说明内部观察和特殊方法更容易抢先，不直接等于疏离。,不得推出用户冷漠、神秘、回避亲密、精神异常、故意不说或不愿接受任何帮助。,中,待验证,,provisional=true; channel_id=CA10; ten_god=偏印; aspect=state,0.4
M3-CARE-090,偏印禁止误读｜个性支持边界,L1 十神CARE通道,CARE-十神通道,通用,禁止推断,CA10 偏印 个性支持,,正在把偏印CARE通道翻译为用户语言。,无,由共享基础引擎与M3-STATE修正,不限定；夫妻星仅在形成独立CARE证据或入宫接口时参与,由M3-BASE、日支结构及共享引擎提供,CP10 个性支持型／CF01 支持转自主,全局有效信号；日柱及亲密关系近位优先,由共享基础引擎判定,由共享基础引擎判定,喜忌不直接等于愿不愿付出；只修正调用顺畅度与资源压力,原十神性质有效；真合化成立时按化神路由,由共享基础引擎判定,58,不加分；边界检查,boundary_note,偏印只提供洞察、专业方法、私人空间、定制资源与选择性回应这一支持功能，不能越界到人格好坏、关系风险或结果。,这里描述的是你可能更常使用的支持方式，不代表你只能这样照顾人，也不代表其他方式一定缺失。,不得推出用户冷漠、神秘、回避亲密、精神异常、故意不说或不愿接受任何帮助。,高,待验证,,provisional=true; channel_id=CA10; ten_god=偏印; aspect=boundary,0.4
M3-CARE-091,CQ01 支持可见度｜V01 外显可见,L2 CARE过程维度,CARE-过程维度,通用,维度状态,CQ01 支持可见度,V01 外显可见,主CARE信号透干、近位或具有稳定可观察行为。,只有单一标签；source_id重复；基础信号失效或真合化已替换。,由共享基础引擎与M3-STATE修正,不限定；夫妻星仅在形成独立CARE证据或入宫接口时参与,由M3-BASE、日支结构及共享引擎提供,无／待CARE路径规则组合,全局有效信号；日柱及亲密关系近位优先,由共享基础引擎判定,由共享基础引擎判定,喜忌不直接等于愿不愿付出；只修正调用顺畅度与资源压力,原十神性质有效；真合化成立时按化神路由,由共享基础引擎判定,55,候选 +5,care_visibility,透干、近位或行动证据使支持容易被对方直接注意。,你的支持通常比较容易被看见，对方能从明确行动、安排或回应中知道你在投入。,不得由本规则直接推出过度付出、付出失衡、依赖、控制、忠诚度、关系结果或适配度；不得把某种照顾方式等同于爱得更多或更少。,中,待验证,,provisional=true; dimension=CQ01; state=V01,0.4
M3-CARE-092,CQ01 支持可见度｜V02 隐性累积,L2 CARE过程维度,CARE-过程维度,通用,维度状态,CQ01 支持可见度,V02 隐性累积,主CARE信号藏支有根，或以长期细节、承接和观察发挥。,只有单一标签；source_id重复；基础信号失效或真合化已替换。,由共享基础引擎与M3-STATE修正,不限定；夫妻星仅在形成独立CARE证据或入宫接口时参与,由M3-BASE、日支结构及共享引擎提供,无／待CARE路径规则组合,全局有效信号；日柱及亲密关系近位优先,由共享基础引擎判定,由共享基础引擎判定,喜忌不直接等于愿不愿付出；只修正调用顺畅度与资源压力,原十神性质有效；真合化成立时按化神路由,由共享基础引擎判定,55,候选 +5,care_visibility,藏而有根、日常细节或内部承接使支持更多通过长期积累被感知。,你的支持可能不总是高调表达，而是藏在长期记得、默默处理和稳定回应里。,不得由本规则直接推出过度付出、付出失衡、依赖、控制、忠诚度、关系结果或适配度；不得把某种照顾方式等同于爱得更多或更少。,中,待验证,,provisional=true; dimension=CQ01; state=V02,0.4
M3-CARE-093,CQ01 支持可见度｜V03 行动可见／情绪隐性,L2 CARE过程维度,CARE-过程维度,通用,维度状态,CQ01 支持可见度,V03 行动可见／情绪隐性,财官杀外显，印或需求表达信号内隐，且来源独立。,只有单一标签；source_id重复；基础信号失效或真合化已替换。,由共享基础引擎与M3-STATE修正,不限定；夫妻星仅在形成独立CARE证据或入宫接口时参与,由M3-BASE、日支结构及共享引擎提供,无／待CARE路径规则组合,全局有效信号；日柱及亲密关系近位优先,由共享基础引擎判定,由共享基础引擎判定,喜忌不直接等于愿不愿付出；只修正调用顺畅度与资源压力,原十神性质有效；真合化成立时按化神路由,由共享基础引擎判定,55,候选 +5,care_visibility,行动、安排或责任较外显，而情绪和请求支持较内隐。,你做了什么往往比你说自己需要什么更容易被看见；对方可能先看到行动，后理解你的感受。,不得由本规则直接推出过度付出、付出失衡、依赖、控制、忠诚度、关系结果或适配度；不得把某种照顾方式等同于爱得更多或更少。,中,待验证,,provisional=true; dimension=CQ01; state=V03,0.4
M3-CARE-094,CQ01 支持可见度｜V04 状态未定,L2 CARE过程维度,CARE-过程维度,通用,维度状态,CQ01 支持可见度,V04 状态未定,关键透藏、根气或合化状态未定。,只有单一标签；source_id重复；基础信号失效或真合化已替换。,由共享基础引擎与M3-STATE修正,不限定；夫妻星仅在形成独立CARE证据或入宫接口时参与,由M3-BASE、日支结构及共享引擎提供,无／待CARE路径规则组合,全局有效信号；日柱及亲密关系近位优先,由共享基础引擎判定,由共享基础引擎判定,喜忌不直接等于愿不愿付出；只修正调用顺畅度与资源压力,原十神性质有效；真合化成立时按化神路由,由共享基础引擎判定,55,不加分；降置信,care_visibility,信号弱远、合化争议或可见行为与内部信号冲突时，不应固定可见度。,目前只能判断你的支持可能在显性行动和隐性积累之间切换，具体可见度仍需结合真实相处。,不得由本规则直接推出过度付出、付出失衡、依赖、控制、忠诚度、关系结果或适配度；不得把某种照顾方式等同于爱得更多或更少。,中低,待验证,,provisional=true; dimension=CQ01; state=V04,0.4
M3-CARE-095,CQ02 投入连续性｜N01 稳定重复,L2 CARE过程维度,CARE-过程维度,通用,维度状态,CQ02 投入连续性,N01 稳定重复,主CARE通道有根、近位并有重复行为或独立同向证据。,只有单一标签；source_id重复；基础信号失效或真合化已替换。,由共享基础引擎与M3-STATE修正,不限定；夫妻星仅在形成独立CARE证据或入宫接口时参与,由M3-BASE、日支结构及共享引擎提供,无／待CARE路径规则组合,全局有效信号；日柱及亲密关系近位优先,由共享基础引擎判定,由共享基础引擎判定,喜忌不直接等于愿不愿付出；只修正调用顺畅度与资源压力,原十神性质有效；真合化成立时按化神路由,由共享基础引擎判定,55,连续性 +8,continuity_mode,有根、近位、同类重复或长期行为证据支持可预期的投入。,你的支持更容易以重复、可预期的方式出现，不只依赖临时情绪或单次事件。,不得由本规则直接推出过度付出、付出失衡、依赖、控制、忠诚度、关系结果或适配度；不得把某种照顾方式等同于爱得更多或更少。,中高,待验证,,provisional=true; dimension=CQ02; state=N01,0.4
M3-CARE-096,CQ02 投入连续性｜N02 事件触发,L2 CARE过程维度,CARE-过程维度,通用,维度状态,CQ02 投入连续性,N02 事件触发,劫财、七杀、偏财或任务型信号主导，稳定根气不足。,只有单一标签；source_id重复；基础信号失效或真合化已替换。,由共享基础引擎与M3-STATE修正,不限定；夫妻星仅在形成独立CARE证据或入宫接口时参与,由M3-BASE、日支结构及共享引擎提供,无／待CARE路径规则组合,全局有效信号；日柱及亲密关系近位优先,由共享基础引擎判定,由共享基础引擎判定,喜忌不直接等于愿不愿付出；只修正调用顺畅度与资源压力,原十神性质有效；真合化成立时按化神路由,由共享基础引擎判定,55,候选 +5,continuity_mode,通道主要在明确任务、危机、邀约或具体需要出现时启动。,你的投入更容易在有明确事情、目标或需要时迅速出现，平时未必以同样频率外显。,不得由本规则直接推出过度付出、付出失衡、依赖、控制、忠诚度、关系结果或适配度；不得把某种照顾方式等同于爱得更多或更少。,中,待验证,,provisional=true; dimension=CQ02; state=N02,0.4
M3-CARE-097,CQ02 投入连续性｜N03 熟悉累积,L2 CARE过程维度,CARE-过程维度,通用,维度状态,CQ02 投入连续性,N03 熟悉累积,藏而有根、印食神或熟悉路径得到支持。,只有单一标签；source_id重复；基础信号失效或真合化已替换。,由共享基础引擎与M3-STATE修正,不限定；夫妻星仅在形成独立CARE证据或入宫接口时参与,由M3-BASE、日支结构及共享引擎提供,无／待CARE路径规则组合,全局有效信号；日柱及亲密关系近位优先,由共享基础引擎判定,由共享基础引擎判定,喜忌不直接等于愿不愿付出；只修正调用顺畅度与资源压力,原十神性质有效；真合化成立时按化神路由,由共享基础引擎判定,55,连续性 +6,continuity_mode,藏支有根、印食神或长期近位信号使投入随着信任与熟悉逐渐稳定。,你的支持往往在关系熟悉以后越来越稳定，需要时间让对方看见完整的投入方式。,不得由本规则直接推出过度付出、付出失衡、依赖、控制、忠诚度、关系结果或适配度；不得把某种照顾方式等同于爱得更多或更少。,中,待验证,,provisional=true; dimension=CQ02; state=N03,0.4
M3-CARE-098,CQ02 投入连续性｜N04 连续性不足以判断,L2 CARE过程维度,CARE-过程维度,通用,维度状态,CQ02 投入连续性,N04 连续性不足以判断,仅有单次事件、弱远无根或流年阶段性信号。,只有单一标签；source_id重复；基础信号失效或真合化已替换。,由共享基础引擎与M3-STATE修正,不限定；夫妻星仅在形成独立CARE证据或入宫接口时参与,由M3-BASE、日支结构及共享引擎提供,无／待CARE路径规则组合,全局有效信号；日柱及亲密关系近位优先,由共享基础引擎判定,由共享基础引擎判定,喜忌不直接等于愿不愿付出；只修正调用顺畅度与资源压力,原十神性质有效；真合化成立时按化神路由,由共享基础引擎判定,55,不加分；停止连续性,continuity_mode,只有单次高强度行为、弱远无根或阶段覆盖时，不应写成长期投入。,目前只能确认你在某些情境会投入，但还不足以判断这种方式是否长期稳定。,不得由本规则直接推出过度付出、付出失衡、依赖、控制、忠诚度、关系结果或适配度；不得把某种照顾方式等同于爱得更多或更少。,中低,待验证,,provisional=true; dimension=CQ02; state=N04,0.4
M3-CARE-099,CQ03 投入启动方向｜G01 主动投入,L2 CARE过程维度,CARE-过程维度,通用,维度状态,CQ03 投入启动方向,G01 主动投入,主CARE信号外显近位，并有自发启动证据。,只有单一标签；source_id重复；基础信号失效或真合化已替换。,由共享基础引擎与M3-STATE修正,不限定；夫妻星仅在形成独立CARE证据或入宫接口时参与,由M3-BASE、日支结构及共享引擎提供,无／待CARE路径规则组合,全局有效信号；日柱及亲密关系近位优先,由共享基础引擎判定,由共享基础引擎判定,喜忌不直接等于愿不愿付出；只修正调用顺畅度与资源压力,原十神性质有效；真合化成立时按化神路由,由共享基础引擎判定,55,模式 +6,investment_mode,主通道透干近位、日支参与或自发行为证据显示用户会先启动支持。,当你认定关系需要被照顾时，通常会较早主动安排、询问或承担。,不得由本规则直接推出过度付出、付出失衡、依赖、控制、忠诚度、关系结果或适配度；不得把某种照顾方式等同于爱得更多或更少。,中,待验证,,provisional=true; dimension=CQ03; state=G01,0.4
M3-CARE-100,CQ03 投入启动方向｜G02 回应式支持,L2 CARE过程维度,CARE-过程维度,通用,维度状态,CQ03 投入启动方向,G02 回应式支持,印、正财、正官或藏支通道明显，且启动依赖明确需求或回应。,只有单一标签；source_id重复；基础信号失效或真合化已替换。,由共享基础引擎与M3-STATE修正,不限定；夫妻星仅在形成独立CARE证据或入宫接口时参与,由M3-BASE、日支结构及共享引擎提供,无／待CARE路径规则组合,全局有效信号；日柱及亲密关系近位优先,由共享基础引擎判定,由共享基础引擎判定,喜忌不直接等于愿不愿付出；只修正调用顺畅度与资源压力,原十神性质有效；真合化成立时按化神路由,由共享基础引擎判定,55,候选 +5,investment_mode,用户在看见明确需要、请求或对方投入后更容易启动自己的支持。,你更容易在需求被说清楚、对方先发出信号后，给出具体而有针对性的回应。,不得由本规则直接推出过度付出、付出失衡、依赖、控制、忠诚度、关系结果或适配度；不得把某种照顾方式等同于爱得更多或更少。,中,待验证,,provisional=true; dimension=CQ03; state=G02,0.4
M3-CARE-101,CQ03 投入启动方向｜G03 共同启动,L2 CARE过程维度,CARE-过程维度,通用,维度状态,CQ03 投入启动方向,G03 共同启动,比劫系统有效，或独立双向协作证据成立。,只有单一标签；source_id重复；基础信号失效或真合化已替换。,由共享基础引擎与M3-STATE修正,不限定；夫妻星仅在形成独立CARE证据或入宫接口时参与,由M3-BASE、日支结构及共享引擎提供,无／待CARE路径规则组合,全局有效信号；日柱及亲密关系近位优先,由共享基础引擎判定,由共享基础引擎判定,喜忌不直接等于愿不愿付出；只修正调用顺畅度与资源压力,原十神性质有效；真合化成立时按化神路由,由共享基础引擎判定,55,模式 +6,investment_mode,比劫、劫财或双方协作证据使支持在共同讨论、共同任务中产生。,你更习惯把支持做成双方一起参与的过程，而不是一方长期单独承担。,不得由本规则直接推出过度付出、付出失衡、依赖、控制、忠诚度、关系结果或适配度；不得把某种照顾方式等同于爱得更多或更少。,中,待验证,,provisional=true; dimension=CQ03; state=G03,0.4
M3-CARE-102,CQ03 投入启动方向｜G04 条件启动,L2 CARE过程维度,CARE-过程维度,通用,维度状态,CQ03 投入启动方向,G04 条件启动,偏印、官杀、资源边界或明确条件信号成立。,只有单一标签；source_id重复；基础信号失效或真合化已替换。,由共享基础引擎与M3-STATE修正,不限定；夫妻星仅在形成独立CARE证据或入宫接口时参与,由M3-BASE、日支结构及共享引擎提供,无／待CARE路径规则组合,全局有效信号；日柱及亲密关系近位优先,由共享基础引擎判定,由共享基础引擎判定,喜忌不直接等于愿不愿付出；只修正调用顺畅度与资源压力,原十神性质有效；真合化成立时按化神路由,由共享基础引擎判定,55,候选 +5,investment_mode,偏印、官杀、资源门槛或需要明确匹配时，支持在特定条件满足后启动。,你并非没有投入意愿，而是更需要确认问题、责任或资源边界以后再开始支持。,不得由本规则直接推出过度付出、付出失衡、依赖、控制、忠诚度、关系结果或适配度；不得把某种照顾方式等同于爱得更多或更少。,中,待验证,,provisional=true; dimension=CQ03; state=G04,0.4
M3-CARE-103,CQ04 支持内容｜H01 情绪舒缓,L2 CARE过程维度,CARE-过程维度,通用,维度状态,CQ04 支持内容,H01 情绪舒缓,食神、正印或温和承接信号有效。,只有单一标签；source_id重复；基础信号失效或真合化已替换。,由共享基础引擎与M3-STATE修正,不限定；夫妻星仅在形成独立CARE证据或入宫接口时参与,由M3-BASE、日支结构及共享引擎提供,无／待CARE路径规则组合,全局有效信号；日柱及亲密关系近位优先,由共享基础引擎判定,由共享基础引擎判定,喜忌不直接等于愿不愿付出；只修正调用顺畅度与资源压力,原十神性质有效；真合化成立时按化神路由,由共享基础引擎判定,55,内容候选 +5,giving_content,情绪舒缓是CARE内容分类，不单独评价价值高低；需要由相应十神及行为证据支持。,陪伴、安抚、照顾节奏和让对方放松是你的重要支持内容。,不得由本规则直接推出过度付出、付出失衡、依赖、控制、忠诚度、关系结果或适配度；不得把某种照顾方式等同于爱得更多或更少。,中,待验证,,provisional=true; dimension=CQ04; state=H01,0.4
M3-CARE-104,CQ04 支持内容｜H02 现实安排,L2 CARE过程维度,CARE-过程维度,通用,维度状态,CQ04 支持内容,H02 现实安排,正财、正官或稳定日常信号有效。,只有单一标签；source_id重复；基础信号失效或真合化已替换。,由共享基础引擎与M3-STATE修正,不限定；夫妻星仅在形成独立CARE证据或入宫接口时参与,由M3-BASE、日支结构及共享引擎提供,无／待CARE路径规则组合,全局有效信号；日柱及亲密关系近位优先,由共享基础引擎判定,由共享基础引擎判定,喜忌不直接等于愿不愿付出；只修正调用顺畅度与资源压力,原十神性质有效；真合化成立时按化神路由,由共享基础引擎判定,55,内容候选 +5,giving_content,现实安排是CARE内容分类，不单独评价价值高低；需要由相应十神及行为证据支持。,你会把支持落实到时间、生活事务、分工和可执行安排里。,不得由本规则直接推出过度付出、付出失衡、依赖、控制、忠诚度、关系结果或适配度；不得把某种照顾方式等同于爱得更多或更少。,中,待验证,,provisional=true; dimension=CQ04; state=H02,0.4
M3-CARE-105,CQ04 支持内容｜H03 认知解题,L2 CARE过程维度,CARE-过程维度,通用,维度状态,CQ04 支持内容,H03 认知解题,伤官、偏印或知识技能信号有效。,只有单一标签；source_id重复；基础信号失效或真合化已替换。,由共享基础引擎与M3-STATE修正,不限定；夫妻星仅在形成独立CARE证据或入宫接口时参与,由M3-BASE、日支结构及共享引擎提供,无／待CARE路径规则组合,全局有效信号；日柱及亲密关系近位优先,由共享基础引擎判定,由共享基础引擎判定,喜忌不直接等于愿不愿付出；只修正调用顺畅度与资源压力,原十神性质有效；真合化成立时按化神路由,由共享基础引擎判定,55,内容候选 +5,giving_content,认知解题是CARE内容分类，不单独评价价值高低；需要由相应十神及行为证据支持。,你容易通过分析、信息、专业建议和帮助对方看清问题来支持。,不得由本规则直接推出过度付出、付出失衡、依赖、控制、忠诚度、关系结果或适配度；不得把某种照顾方式等同于爱得更多或更少。,中,待验证,,provisional=true; dimension=CQ04; state=H03,0.4
M3-CARE-106,CQ04 支持内容｜H04 行动保护,L2 CARE过程维度,CARE-过程维度,通用,维度状态,CQ04 支持内容,H04 行动保护,七杀、劫财或紧急任务信号有效。,只有单一标签；source_id重复；基础信号失效或真合化已替换。,由共享基础引擎与M3-STATE修正,不限定；夫妻星仅在形成独立CARE证据或入宫接口时参与,由M3-BASE、日支结构及共享引擎提供,无／待CARE路径规则组合,全局有效信号；日柱及亲密关系近位优先,由共享基础引擎判定,由共享基础引擎判定,喜忌不直接等于愿不愿付出；只修正调用顺畅度与资源压力,原十神性质有效；真合化成立时按化神路由,由共享基础引擎判定,55,内容候选 +5,giving_content,行动保护是CARE内容分类，不单独评价价值高低；需要由相应十神及行为证据支持。,关键时刻出现、推动处理和解决现实障碍，是你较明显的支持内容。,不得由本规则直接推出过度付出、付出失衡、依赖、控制、忠诚度、关系结果或适配度；不得把某种照顾方式等同于爱得更多或更少。,中,待验证,,provisional=true; dimension=CQ04; state=H04,0.4
M3-CARE-107,CQ04 支持内容｜H05 体验联结,L2 CARE过程维度,CARE-过程维度,通用,维度状态,CQ04 支持内容,H05 体验联结,偏财、食神或共同体验信号有效。,只有单一标签；source_id重复；基础信号失效或真合化已替换。,由共享基础引擎与M3-STATE修正,不限定；夫妻星仅在形成独立CARE证据或入宫接口时参与,由M3-BASE、日支结构及共享引擎提供,无／待CARE路径规则组合,全局有效信号；日柱及亲密关系近位优先,由共享基础引擎判定,由共享基础引擎判定,喜忌不直接等于愿不愿付出；只修正调用顺畅度与资源压力,原十神性质有效；真合化成立时按化神路由,由共享基础引擎判定,55,内容候选 +5,giving_content,体验联结是CARE内容分类，不单独评价价值高低；需要由相应十神及行为证据支持。,你会通过邀约、体验、礼物、气氛和共同参与让关系得到滋养。,不得由本规则直接推出过度付出、付出失衡、依赖、控制、忠诚度、关系结果或适配度；不得把某种照顾方式等同于爱得更多或更少。,中,待验证,,provisional=true; dimension=CQ04; state=H05,0.4
M3-CARE-108,CQ04 支持内容｜H06 并肩自主,L2 CARE过程维度,CARE-过程维度,通用,维度状态,CQ04 支持内容,H06 并肩自主,比肩、劫财或边界协作信号有效。,只有单一标签；source_id重复；基础信号失效或真合化已替换。,由共享基础引擎与M3-STATE修正,不限定；夫妻星仅在形成独立CARE证据或入宫接口时参与,由M3-BASE、日支结构及共享引擎提供,无／待CARE路径规则组合,全局有效信号；日柱及亲密关系近位优先,由共享基础引擎判定,由共享基础引擎判定,喜忌不直接等于愿不愿付出；只修正调用顺畅度与资源压力,原十神性质有效；真合化成立时按化神路由,由共享基础引擎判定,55,内容候选 +5,giving_content,并肩自主是CARE内容分类，不单独评价价值高低；需要由相应十神及行为证据支持。,你更重视让双方都保有能力和参与感，通过并肩而不是完全接管来支持。,不得由本规则直接推出过度付出、付出失衡、依赖、控制、忠诚度、关系结果或适配度；不得把某种照顾方式等同于爱得更多或更少。,中,待验证,,provisional=true; dimension=CQ04; state=H06,0.4
M3-CARE-109,CQ05 请求支持方式｜RQ01 直接具体,L2 CARE过程维度,CARE-过程维度,通用,维度状态,CQ05 请求支持方式,RQ01 直接具体,比劫、伤官、财官杀外显，且请求功能未被印星完全内化。,只有单一标签；source_id重复；基础信号失效或真合化已替换。,由共享基础引擎与M3-STATE修正,不限定；夫妻星仅在形成独立CARE证据或入宫接口时参与,由M3-BASE、日支结构及共享引擎提供,无／待CARE路径规则组合,全局有效信号；日柱及亲密关系近位优先,由共享基础引擎判定,由共享基础引擎判定,喜忌不直接等于愿不愿付出；只修正调用顺畅度与资源压力,原十神性质有效；真合化成立时按化神路由,由共享基础引擎判定,55,候选 +5,support_request_style,比劫、伤官、财官杀外显时，求助更容易被具体化为任务、条件或希望。,需要帮助时，你更容易说明具体事项、希望对方做什么以及怎样配合。,不得由本规则直接推出过度付出、付出失衡、依赖、控制、忠诚度、关系结果或适配度；不得把某种照顾方式等同于爱得更多或更少。,中,待验证,,provisional=true; dimension=CQ05; state=RQ01,0.4
M3-CARE-110,CQ05 请求支持方式｜RQ02 先铺垫再请求,L2 CARE过程维度,CARE-过程维度,通用,维度状态,CQ05 请求支持方式,RQ02 先铺垫再请求,食神、正印或安全承接路径有效。,只有单一标签；source_id重复；基础信号失效或真合化已替换。,由共享基础引擎与M3-STATE修正,不限定；夫妻星仅在形成独立CARE证据或入宫接口时参与,由M3-BASE、日支结构及共享引擎提供,无／待CARE路径规则组合,全局有效信号；日柱及亲密关系近位优先,由共享基础引擎判定,由共享基础引擎判定,喜忌不直接等于愿不愿付出；只修正调用顺畅度与资源压力,原十神性质有效；真合化成立时按化神路由,由共享基础引擎判定,55,候选 +5,support_request_style,食神、正印或安全语境需求使请求经过情绪铺垫和关系确认。,你更容易在气氛安全、被理解以后，再逐步说出自己真正需要什么。,不得由本规则直接推出过度付出、付出失衡、依赖、控制、忠诚度、关系结果或适配度；不得把某种照顾方式等同于爱得更多或更少。,中,待验证,,provisional=true; dimension=CQ05; state=RQ02,0.4
M3-CARE-111,CQ05 请求支持方式｜RQ03 先内部整理,L2 CARE过程维度,CARE-过程维度,通用,维度状态,CQ05 请求支持方式,RQ03 先内部整理,偏印或印星内化明显，且存在后续外化桥梁。,只有单一标签；source_id重复；基础信号失效或真合化已替换。,由共享基础引擎与M3-STATE修正,不限定；夫妻星仅在形成独立CARE证据或入宫接口时参与,由M3-BASE、日支结构及共享引擎提供,无／待CARE路径规则组合,全局有效信号；日柱及亲密关系近位优先,由共享基础引擎判定,由共享基础引擎判定,喜忌不直接等于愿不愿付出；只修正调用顺畅度与资源压力,原十神性质有效；真合化成立时按化神路由,由共享基础引擎判定,55,候选 +5,support_request_style,偏印或印星内化使用户先确认需求本身，再选择性开口。,你通常需要先把问题和感受想清楚，确认自己真正需要什么以后再求助。,不得由本规则直接推出过度付出、付出失衡、依赖、控制、忠诚度、关系结果或适配度；不得把某种照顾方式等同于爱得更多或更少。,中,待验证,,provisional=true; dimension=CQ05; state=RQ03,0.4
M3-CARE-112,CQ05 请求支持方式｜RQ04 通过共同任务带出,L2 CARE过程维度,CARE-过程维度,通用,维度状态,CQ05 请求支持方式,RQ04 通过共同任务带出,劫财、偏财、共同参与或任务路径成立。,只有单一标签；source_id重复；基础信号失效或真合化已替换。,由共享基础引擎与M3-STATE修正,不限定；夫妻星仅在形成独立CARE证据或入宫接口时参与,由M3-BASE、日支结构及共享引擎提供,无／待CARE路径规则组合,全局有效信号；日柱及亲密关系近位优先,由共享基础引擎判定,由共享基础引擎判定,喜忌不直接等于愿不愿付出；只修正调用顺畅度与资源压力,原十神性质有效；真合化成立时按化神路由,由共享基础引擎判定,55,候选 +5,support_request_style,劫财、偏财或共同体验使求助以一起做、一起去或一起处理的形式出现。,你的需要可能不会先以抽象情绪表达，而是通过邀请对方一起做一件事被带出来。,不得由本规则直接推出过度付出、付出失衡、依赖、控制、忠诚度、关系结果或适配度；不得把某种照顾方式等同于爱得更多或更少。,中,待验证,,provisional=true; dimension=CQ05; state=RQ04,0.4
M3-CARE-113,CQ06 接受支持方式｜RC01 直接接收,L2 CARE过程维度,CARE-过程维度,通用,维度状态,CQ06 接受支持方式,RC01 直接接收,正印、正财、正官或稳定信任证据有效。,只有单一标签；source_id重复；基础信号失效或真合化已替换。,由共享基础引擎与M3-STATE修正,不限定；夫妻星仅在形成独立CARE证据或入宫接口时参与,由M3-BASE、日支结构及共享引擎提供,无／待CARE路径规则组合,全局有效信号；日柱及亲密关系近位优先,由共享基础引擎判定,由共享基础引擎判定,喜忌不直接等于愿不愿付出；只修正调用顺畅度与资源压力,原十神性质有效；真合化成立时按化神路由,由共享基础引擎判定,55,候选 +5,support_receiving_style,安全感、信任或现实需要清楚时，用户能把支持直接纳入关系。,当帮助方式清楚、尊重你并真正有用时，你通常能够直接接受。,不得由本规则直接推出过度付出、付出失衡、依赖、控制、忠诚度、关系结果或适配度；不得把某种照顾方式等同于爱得更多或更少。,中,待验证,,provisional=true; dimension=CQ06; state=RC01,0.4
M3-CARE-114,CQ06 接受支持方式｜RC02 保留自主后接收,L2 CARE过程维度,CARE-过程维度,通用,维度状态,CQ06 接受支持方式,RC02 保留自主后接收,比肩、偏印或自主边界信号有效。,只有单一标签；source_id重复；基础信号失效或真合化已替换。,由共享基础引擎与M3-STATE修正,不限定；夫妻星仅在形成独立CARE证据或入宫接口时参与,由M3-BASE、日支结构及共享引擎提供,无／待CARE路径规则组合,全局有效信号；日柱及亲密关系近位优先,由共享基础引擎判定,由共享基础引擎判定,喜忌不直接等于愿不愿付出；只修正调用顺畅度与资源压力,原十神性质有效；真合化成立时按化神路由,由共享基础引擎判定,55,候选 +5,support_receiving_style,比肩或偏印要求支持不能替代用户决定。,你更容易接受保留选择权、不过度接管、允许自己参与决定的帮助。,不得由本规则直接推出过度付出、付出失衡、依赖、控制、忠诚度、关系结果或适配度；不得把某种照顾方式等同于爱得更多或更少。,中,待验证,,provisional=true; dimension=CQ06; state=RC02,0.4
M3-CARE-115,CQ06 接受支持方式｜RC03 先验证再接收,L2 CARE过程维度,CARE-过程维度,通用,维度状态,CQ06 接受支持方式,RC03 先验证再接收,正官、正财、持续性或守约证据有效。,只有单一标签；source_id重复；基础信号失效或真合化已替换。,由共享基础引擎与M3-STATE修正,不限定；夫妻星仅在形成独立CARE证据或入宫接口时参与,由M3-BASE、日支结构及共享引擎提供,无／待CARE路径规则组合,全局有效信号；日柱及亲密关系近位优先,由共享基础引擎判定,由共享基础引擎判定,喜忌不直接等于愿不愿付出；只修正调用顺畅度与资源压力,原十神性质有效；真合化成立时按化神路由,由共享基础引擎判定,55,候选 +5,support_receiving_style,正官、正财或持续性门槛使用户先看帮助是否可靠、可持续。,你可能先观察对方能否持续、是否说到做到，再真正把这份帮助当成可依赖的支持。,不得由本规则直接推出过度付出、付出失衡、依赖、控制、忠诚度、关系结果或适配度；不得把某种照顾方式等同于爱得更多或更少。,中,待验证,,provisional=true; dimension=CQ06; state=RC03,0.4
M3-CARE-116,CQ06 接受支持方式｜RC04 行动中接收,L2 CARE过程维度,CARE-过程维度,通用,维度状态,CQ06 接受支持方式,RC04 行动中接收,劫财、七杀或共同行动路径成立。,只有单一标签；source_id重复；基础信号失效或真合化已替换。,由共享基础引擎与M3-STATE修正,不限定；夫妻星仅在形成独立CARE证据或入宫接口时参与,由M3-BASE、日支结构及共享引擎提供,无／待CARE路径规则组合,全局有效信号；日柱及亲密关系近位优先,由共享基础引擎判定,由共享基础引擎判定,喜忌不直接等于愿不愿付出；只修正调用顺畅度与资源压力,原十神性质有效；真合化成立时按化神路由,由共享基础引擎判定,55,候选 +5,support_receiving_style,劫财、七杀或共同任务使用户在一起处理事情的过程中接受帮助。,你更容易在双方一起做事、即时协作和真实解决问题时感受到自己正在被支持。,不得由本规则直接推出过度付出、付出失衡、依赖、控制、忠诚度、关系结果或适配度；不得把某种照顾方式等同于爱得更多或更少。,中,待验证,,provisional=true; dimension=CQ06; state=RC04,0.4
M3-CARE-117,CQ07 支持回馈结构｜FB01 即时往返,L2 CARE过程维度,CARE-过程维度,通用,维度状态,CQ07 支持回馈结构,FB01 即时往返,劫财、偏财或双方互动证据成立。,只有单一标签；source_id重复；基础信号失效或真合化已替换。,由共享基础引擎与M3-STATE修正,不限定；夫妻星仅在形成独立CARE证据或入宫接口时参与,由M3-BASE、日支结构及共享引擎提供,无／待CARE路径规则组合,全局有效信号；日柱及亲密关系近位优先,由共享基础引擎判定,由共享基础引擎判定,喜忌不直接等于愿不愿付出；只修正调用顺畅度与资源压力,原十神性质有效；真合化成立时按化神路由,由共享基础引擎判定,55,候选 +5,reciprocity_pattern,互动、劫财、偏财或明显回应链使支持快速形成来回。,你们的支持更容易在即时回应和共同参与中形成来回。,不得由本规则直接推出过度付出、付出失衡、依赖、控制、忠诚度、关系结果或适配度；不得把某种照顾方式等同于爱得更多或更少。,中,待验证,,provisional=true; dimension=CQ07; state=FB01,0.4
M3-CARE-118,CQ07 支持回馈结构｜FB02 稳定互惠,L2 CARE过程维度,CARE-过程维度,通用,维度状态,CQ07 支持回馈结构,FB02 稳定互惠,正财、正官、正印或稳定分工证据成立。,只有单一标签；source_id重复；基础信号失效或真合化已替换。,由共享基础引擎与M3-STATE修正,不限定；夫妻星仅在形成独立CARE证据或入宫接口时参与,由M3-BASE、日支结构及共享引擎提供,无／待CARE路径规则组合,全局有效信号；日柱及亲密关系近位优先,由共享基础引擎判定,由共享基础引擎判定,喜忌不直接等于愿不愿付出；只修正调用顺畅度与资源压力,原十神性质有效；真合化成立时按化神路由,由共享基础引擎判定,55,回馈 +6,reciprocity_pattern,正财、正官、正印或长期分工使支持以可预期方式互相回馈。,你更重视长期、可预期的互相支持，而不是只在某一次特别热烈。,不得由本规则直接推出过度付出、付出失衡、依赖、控制、忠诚度、关系结果或适配度；不得把某种照顾方式等同于爱得更多或更少。,中,待验证,,provisional=true; dimension=CQ07; state=FB02,0.4
M3-CARE-119,CQ07 支持回馈结构｜FB03 角色分工,L2 CARE过程维度,CARE-过程维度,通用,维度状态,CQ07 支持回馈结构,FB03 角色分工,两项独立CARE通道功能不同，且没有同源重复。,只有单一标签；source_id重复；基础信号失效或真合化已替换。,由共享基础引擎与M3-STATE修正,不限定；夫妻星仅在形成独立CARE证据或入宫接口时参与,由M3-BASE、日支结构及共享引擎提供,无／待CARE路径规则组合,全局有效信号；日柱及亲密关系近位优先,由共享基础引擎判定,由共享基础引擎判定,喜忌不直接等于愿不愿付出；只修正调用顺畅度与资源压力,原十神性质有效；真合化成立时按化神路由,由共享基础引擎判定,55,候选 +5,reciprocity_pattern,不同通道在双方或不同事务中承担不同功能。,支持不一定完全对称，更可能形成清楚分工：一方负责某类事务，另一方负责另一类承接。,不得由本规则直接推出过度付出、付出失衡、依赖、控制、忠诚度、关系结果或适配度；不得把某种照顾方式等同于爱得更多或更少。,中,待验证,,provisional=true; dimension=CQ07; state=FB03,0.4
M3-CARE-120,CQ07 支持回馈结构｜FB04 反馈未定,L2 CARE过程维度,CARE-过程维度,通用,维度状态,CQ07 支持回馈结构,FB04 反馈未定,缺少伴侣反馈、独立双向证据或交换链不完整。,只有单一标签；source_id重复；基础信号失效或真合化已替换。,由共享基础引擎与M3-STATE修正,不限定；夫妻星仅在形成独立CARE证据或入宫接口时参与,由M3-BASE、日支结构及共享引擎提供,无／待CARE路径规则组合,全局有效信号；日柱及亲密关系近位优先,由共享基础引擎判定,由共享基础引擎判定,喜忌不直接等于愿不愿付出；只修正调用顺畅度与资源压力,原十神性质有效；真合化成立时按化神路由,由共享基础引擎判定,55,不加分；降置信,reciprocity_pattern,只有单向自述、无伴侣反馈或同源证据重复时，不判断互惠结构。,目前能看见你的支持方式，但双方怎样回应和回馈仍需要真实相处信息。,不得由本规则直接推出过度付出、付出失衡、依赖、控制、忠诚度、关系结果或适配度；不得把某种照顾方式等同于爱得更多或更少。,中低,待验证,,provisional=true; dimension=CQ07; state=FB04,0.4
M3-CARE-121,CQ08 资源边界｜RB01 分工清楚,L2 CARE过程维度,CARE-过程维度,通用,维度状态,CQ08 资源边界,RB01 分工清楚,比肩、正官、正财或清楚分工证据有效。,只有单一标签；source_id重复；基础信号失效或真合化已替换。,由共享基础引擎与M3-STATE修正,不限定；夫妻星仅在形成独立CARE证据或入宫接口时参与,由M3-BASE、日支结构及共享引擎提供,无／待CARE路径规则组合,全局有效信号；日柱及亲密关系近位优先,由共享基础引擎判定,由共享基础引擎判定,喜忌不直接等于愿不愿付出；只修正调用顺畅度与资源压力,原十神性质有效；真合化成立时按化神路由,由共享基础引擎判定,55,候选 +5,resource_boundary_note,比肩、正官、正财或明确责任边界支持资源分配可被说明。,你更容易在分工、时间和责任说清楚以后稳定投入。,不得由本规则直接推出过度付出、付出失衡、依赖、控制、忠诚度、关系结果或适配度；不得把某种照顾方式等同于爱得更多或更少。,中,待验证,,provisional=true; dimension=CQ08; state=RB01,0.4
M3-CARE-122,CQ08 资源边界｜RB02 弹性调配,L2 CARE过程维度,CARE-过程维度,通用,维度状态,CQ08 资源边界,RB02 弹性调配,偏财、劫财或情境切换证据有效。,只有单一标签；source_id重复；基础信号失效或真合化已替换。,由共享基础引擎与M3-STATE修正,不限定；夫妻星仅在形成独立CARE证据或入宫接口时参与,由M3-BASE、日支结构及共享引擎提供,无／待CARE路径规则组合,全局有效信号；日柱及亲密关系近位优先,由共享基础引擎判定,由共享基础引擎判定,喜忌不直接等于愿不愿付出；只修正调用顺畅度与资源压力,原十神性质有效；真合化成立时按化神路由,由共享基础引擎判定,55,候选 +5,resource_boundary_note,偏财、劫财或情境支持使资源随当下需要灵活调整。,你的投入更可能随着当下需要灵活变化，不一定每次都采用固定分工。,不得由本规则直接推出过度付出、付出失衡、依赖、控制、忠诚度、关系结果或适配度；不得把某种照顾方式等同于爱得更多或更少。,中,待验证,,provisional=true; dimension=CQ08; state=RB02,0.4
M3-CARE-123,CQ08 资源边界｜RB03 边界需后续判断,L2 CARE过程维度,CARE-过程维度,通用,维度状态,CQ08 资源边界,RB03 边界需后续判断,缺少M3-BOUND独立证据，或出现过旺失衡候选。,只有单一标签；source_id重复；基础信号失效或真合化已替换。,由共享基础引擎与M3-STATE修正,不限定；夫妻星仅在形成独立CARE证据或入宫接口时参与,由M3-BASE、日支结构及共享引擎提供,无／待CARE路径规则组合,全局有效信号；日柱及亲密关系近位优先,由共享基础引擎判定,由共享基础引擎判定,喜忌不直接等于愿不愿付出；只修正调用顺畅度与资源压力,原十神性质有效；真合化成立时按化神路由,由共享基础引擎判定,55,不加分；路由BOUND/M4,resource_boundary_note,CARE只能看到投入方向，无法确认权限、拒绝能力或资源耗竭。,目前可以说明你会怎样投入，但投入到什么程度、何时停止，需要在边界与风险模型中继续判断。,不得由本规则直接推出过度付出、付出失衡、依赖、控制、忠诚度、关系结果或适配度；不得把某种照顾方式等同于爱得更多或更少。,高,待验证,,provisional=true; dimension=CQ08; state=RB03,0.4
M3-CARE-124,CQ09 状态切换｜ST01 平稳通道持续,L2 CARE过程维度,CARE-过程维度,通用,维度状态,CQ09 状态切换,ST01 平稳通道持续,主CARE通道在平稳与压力状态均有效。,只有单一标签；source_id重复；基础信号失效或真合化已替换。,由共享基础引擎与M3-STATE修正,不限定；夫妻星仅在形成独立CARE证据或入宫接口时参与,由M3-BASE、日支结构及共享引擎提供,无／待CARE路径规则组合,全局有效信号；日柱及亲密关系近位优先,由共享基础引擎判定,由共享基础引擎判定,喜忌不直接等于愿不愿付出；只修正调用顺畅度与资源压力,原十神性质有效；真合化成立时按化神路由,由共享基础引擎判定,55,候选 +5,state_shift,平稳与压力情境读取同一主通道，且有根或独立重复支持。,日常和压力增加时，你仍倾向使用相近的支持方式，只是强度可能变化。,不得由本规则直接推出过度付出、付出失衡、依赖、控制、忠诚度、关系结果或适配度；不得把某种照顾方式等同于爱得更多或更少。,中,待验证,,provisional=true; dimension=CQ09; state=ST01,0.4
M3-CARE-125,CQ09 状态切换｜ST02 压力通道抢先,L2 CARE过程维度,CARE-过程维度,通用,维度状态,CQ09 状态切换,ST02 压力通道抢先,M3-STATE提供独立压力切换证据。,只有单一标签；source_id重复；基础信号失效或真合化已替换。,由共享基础引擎与M3-STATE修正,不限定；夫妻星仅在形成独立CARE证据或入宫接口时参与,由M3-BASE、日支结构及共享引擎提供,无／待CARE路径规则组合,全局有效信号；日柱及亲密关系近位优先,由共享基础引擎判定,由共享基础引擎判定,喜忌不直接等于愿不愿付出；只修正调用顺畅度与资源压力,原十神性质有效；真合化成立时按化神路由,由共享基础引擎判定,55,候选 +5,state_shift,官杀、劫财或特定通道在压力下抢先，但平稳主通道仍保留。,平时你可能更温和或稳定地照顾关系，压力增加时会先转向处理问题、承担或快速协作。,不得由本规则直接推出过度付出、付出失衡、依赖、控制、忠诚度、关系结果或适配度；不得把某种照顾方式等同于爱得更多或更少。,中,待验证,,provisional=true; dimension=CQ09; state=ST02,0.4
M3-CARE-126,CQ09 状态切换｜ST03 恢复后回归,L2 CARE过程维度,CARE-过程维度,通用,维度状态,CQ09 状态切换,ST03 恢复后回归,存在有效恢复链或M3-STATE回归证据。,只有单一标签；source_id重复；基础信号失效或真合化已替换。,由共享基础引擎与M3-STATE修正,不限定；夫妻星仅在形成独立CARE证据或入宫接口时参与,由M3-BASE、日支结构及共享引擎提供,无／待CARE路径规则组合,全局有效信号；日柱及亲密关系近位优先,由共享基础引擎判定,由共享基础引擎判定,喜忌不直接等于愿不愿付出；只修正调用顺畅度与资源压力,原十神性质有效；真合化成立时按化神路由,由共享基础引擎判定,55,候选 +5,state_shift,压力通道完成任务后，系统回到印、食神、财或原主CARE通道。,事情稳定以后，你更容易回到原本的陪伴、沟通或日常经营方式。,不得由本规则直接推出过度付出、付出失衡、依赖、控制、忠诚度、关系结果或适配度；不得把某种照顾方式等同于爱得更多或更少。,中,待验证,,provisional=true; dimension=CQ09; state=ST03,0.4
M3-CARE-127,CP01 主动投入型｜模式定义,L3 CARE模式与路径,CARE-付出模式,通用,模式定义,CP01 主动投入型,,主CARE通道外显近位；G01主动投入成立；有至少一项稳定行为证据。,只有单一弱远信号；source_id重复；基础状态未定。,由共享基础引擎与M3-STATE修正,不限定；夫妻星仅在形成独立CARE证据或入宫接口时参与,由M3-BASE、日支结构及共享引擎提供,无／待CARE路径规则组合,全局有效信号；日柱及亲密关系近位优先,由共享基础引擎判定,由共享基础引擎判定,喜忌不直接等于愿不愿付出；只修正调用顺畅度与资源压力,原十神性质有效；真合化成立时按化神路由,由共享基础引擎判定,67,模式候选 +10,care_pattern,用户较容易先注意关系需要并启动照顾、安排或支持。,当你认定关系需要被照顾时，通常会较早主动安排、询问或承担。,不得由本规则直接推出过度付出、付出失衡、依赖、控制、忠诚度、关系结果或适配度；不得把某种照顾方式等同于爱得更多或更少。,中高,待验证,,provisional=true; pattern=CP01; aspect=definition,0.4
M3-CARE-128,CP01 主动投入型｜成立与输出门槛,L3 CARE模式与路径,CARE-付出模式,通用,模式门槛,CP01 主动投入型,,主CARE通道外显近位；G01主动投入成立；有至少一项稳定行为证据。；至少有两类证据或一类高权威近位证据与行为验证。,仅由一个十神标签推断；与另一候选分差不足且无功能区分。,由共享基础引擎与M3-STATE修正,不限定；夫妻星仅在形成独立CARE证据或入宫接口时参与,由M3-BASE、日支结构及共享引擎提供,无／待CARE路径规则组合,全局有效信号；日柱及亲密关系近位优先,由共享基础引擎判定,由共享基础引擎判定,喜忌不直接等于愿不愿付出；只修正调用顺畅度与资源压力,原十神性质有效；真合化成立时按化神路由,由共享基础引擎判定,66,达到门槛后写入主模式；否则降为候选,care_pattern,主动投入型只有在启动方向、内容与连续性至少两项互相支持时成立，不能由单一标签直接确定。,当你认定关系需要被照顾时，通常会较早主动安排、询问或承担。 这一判断看的是支持如何启动和持续，不代表其他方式缺失。,不得由本规则直接推出过度付出、付出失衡、依赖、控制、忠诚度、关系结果或适配度；不得把某种照顾方式等同于爱得更多或更少。,中,待验证,,provisional=true; pattern=CP01; aspect=threshold,0.4
M3-CARE-129,CP02 回应式支持型｜模式定义,L3 CARE模式与路径,CARE-付出模式,通用,模式定义,CP02 回应式支持型,,G02回应式支持成立；支持内容清楚；不能只有弱远藏干。,只有单一弱远信号；source_id重复；基础状态未定。,由共享基础引擎与M3-STATE修正,不限定；夫妻星仅在形成独立CARE证据或入宫接口时参与,由M3-BASE、日支结构及共享引擎提供,无／待CARE路径规则组合,全局有效信号；日柱及亲密关系近位优先,由共享基础引擎判定,由共享基础引擎判定,喜忌不直接等于愿不愿付出；只修正调用顺畅度与资源压力,原十神性质有效；真合化成立时按化神路由,由共享基础引擎判定,67,模式候选 +10,care_pattern,用户在需要、请求或对方投入清楚后，给出有针对性的回应。,你更容易在看见明确需要、收到清楚请求或感受到对方投入后，给出具体回应。,不得由本规则直接推出过度付出、付出失衡、依赖、控制、忠诚度、关系结果或适配度；不得把某种照顾方式等同于爱得更多或更少。,中高,待验证,,provisional=true; pattern=CP02; aspect=definition,0.4
M3-CARE-130,CP02 回应式支持型｜成立与输出门槛,L3 CARE模式与路径,CARE-付出模式,通用,模式门槛,CP02 回应式支持型,,G02回应式支持成立；支持内容清楚；不能只有弱远藏干。；至少有两类证据或一类高权威近位证据与行为验证。,仅由一个十神标签推断；与另一候选分差不足且无功能区分。,由共享基础引擎与M3-STATE修正,不限定；夫妻星仅在形成独立CARE证据或入宫接口时参与,由M3-BASE、日支结构及共享引擎提供,无／待CARE路径规则组合,全局有效信号；日柱及亲密关系近位优先,由共享基础引擎判定,由共享基础引擎判定,喜忌不直接等于愿不愿付出；只修正调用顺畅度与资源压力,原十神性质有效；真合化成立时按化神路由,由共享基础引擎判定,66,达到门槛后写入主模式；否则降为候选,care_pattern,回应式支持型只有在启动方向、内容与连续性至少两项互相支持时成立，不能由单一标签直接确定。,你更容易在看见明确需要、收到清楚请求或感受到对方投入后，给出具体回应。 这一判断看的是支持如何启动和持续，不代表其他方式缺失。,不得由本规则直接推出过度付出、付出失衡、依赖、控制、忠诚度、关系结果或适配度；不得把某种照顾方式等同于爱得更多或更少。,中,待验证,,provisional=true; pattern=CP02; aspect=threshold,0.4
M3-CARE-131,CP03 共同投入型｜模式定义,L3 CARE模式与路径,CARE-付出模式,通用,模式定义,CP03 共同投入型,,比劫系统或独立协作证据有效；G03共同启动成立。,只有单一弱远信号；source_id重复；基础状态未定。,由共享基础引擎与M3-STATE修正,不限定；夫妻星仅在形成独立CARE证据或入宫接口时参与,由M3-BASE、日支结构及共享引擎提供,无／待CARE路径规则组合,全局有效信号；日柱及亲密关系近位优先,由共享基础引擎判定,由共享基础引擎判定,喜忌不直接等于愿不愿付出；只修正调用顺畅度与资源压力,原十神性质有效；真合化成立时按化神路由,由共享基础引擎判定,67,模式候选 +10,care_pattern,支持通过双方共同参与、协作和分工形成，而不是单方包办。,你更习惯把照顾关系做成双方一起参与的过程，重视共同承担和彼此补位。,不得由本规则直接推出过度付出、付出失衡、依赖、控制、忠诚度、关系结果或适配度；不得把某种照顾方式等同于爱得更多或更少。,中高,待验证,,provisional=true; pattern=CP03; aspect=definition,0.4
M3-CARE-132,CP03 共同投入型｜成立与输出门槛,L3 CARE模式与路径,CARE-付出模式,通用,模式门槛,CP03 共同投入型,,比劫系统或独立协作证据有效；G03共同启动成立。；至少有两类证据或一类高权威近位证据与行为验证。,仅由一个十神标签推断；与另一候选分差不足且无功能区分。,由共享基础引擎与M3-STATE修正,不限定；夫妻星仅在形成独立CARE证据或入宫接口时参与,由M3-BASE、日支结构及共享引擎提供,无／待CARE路径规则组合,全局有效信号；日柱及亲密关系近位优先,由共享基础引擎判定,由共享基础引擎判定,喜忌不直接等于愿不愿付出；只修正调用顺畅度与资源压力,原十神性质有效；真合化成立时按化神路由,由共享基础引擎判定,66,达到门槛后写入主模式；否则降为候选,care_pattern,共同投入型只有在启动方向、内容与连续性至少两项互相支持时成立，不能由单一标签直接确定。,你更习惯把照顾关系做成双方一起参与的过程，重视共同承担和彼此补位。 这一判断看的是支持如何启动和持续，不代表其他方式缺失。,不得由本规则直接推出过度付出、付出失衡、依赖、控制、忠诚度、关系结果或适配度；不得把某种照顾方式等同于爱得更多或更少。,中,待验证,,provisional=true; pattern=CP03; aspect=threshold,0.4
M3-CARE-133,CP04 条件启动型｜模式定义,L3 CARE模式与路径,CARE-付出模式,通用,模式定义,CP04 条件启动型,,G04条件启动成立；偏印、官杀、资源边界或明确条件至少两类证据支持。,只有单一弱远信号；source_id重复；基础状态未定。,由共享基础引擎与M3-STATE修正,不限定；夫妻星仅在形成独立CARE证据或入宫接口时参与,由M3-BASE、日支结构及共享引擎提供,无／待CARE路径规则组合,全局有效信号；日柱及亲密关系近位优先,由共享基础引擎判定,由共享基础引擎判定,喜忌不直接等于愿不愿付出；只修正调用顺畅度与资源压力,原十神性质有效；真合化成立时按化神路由,由共享基础引擎判定,67,模式候选 +10,care_pattern,用户需要先确认问题、责任、资源或边界，再启动支持。,你并非不愿付出，而是更容易在问题、责任或资源边界清楚以后投入。,不得由本规则直接推出过度付出、付出失衡、依赖、控制、忠诚度、关系结果或适配度；不得把某种照顾方式等同于爱得更多或更少。,中高,待验证,,provisional=true; pattern=CP04; aspect=definition,0.4
M3-CARE-134,CP04 条件启动型｜成立与输出门槛,L3 CARE模式与路径,CARE-付出模式,通用,模式门槛,CP04 条件启动型,,G04条件启动成立；偏印、官杀、资源边界或明确条件至少两类证据支持。；至少有两类证据或一类高权威近位证据与行为验证。,仅由一个十神标签推断；与另一候选分差不足且无功能区分。,由共享基础引擎与M3-STATE修正,不限定；夫妻星仅在形成独立CARE证据或入宫接口时参与,由M3-BASE、日支结构及共享引擎提供,无／待CARE路径规则组合,全局有效信号；日柱及亲密关系近位优先,由共享基础引擎判定,由共享基础引擎判定,喜忌不直接等于愿不愿付出；只修正调用顺畅度与资源压力,原十神性质有效；真合化成立时按化神路由,由共享基础引擎判定,66,达到门槛后写入主模式；否则降为候选,care_pattern,条件启动型只有在启动方向、内容与连续性至少两项互相支持时成立，不能由单一标签直接确定。,你并非不愿付出，而是更容易在问题、责任或资源边界清楚以后投入。 这一判断看的是支持如何启动和持续，不代表其他方式缺失。,不得由本规则直接推出过度付出、付出失衡、依赖、控制、忠诚度、关系结果或适配度；不得把某种照顾方式等同于爱得更多或更少。,中,待验证,,provisional=true; pattern=CP04; aspect=threshold,0.4
M3-CARE-135,CP05 稳定经营型｜模式定义,L3 CARE模式与路径,CARE-付出模式,通用,模式定义,CP05 稳定经营型,,正财、正官或N01稳定重复明显；至少一项有根近位证据。,只有单一弱远信号；source_id重复；基础状态未定。,由共享基础引擎与M3-STATE修正,不限定；夫妻星仅在形成独立CARE证据或入宫接口时参与,由M3-BASE、日支结构及共享引擎提供,无／待CARE路径规则组合,全局有效信号；日柱及亲密关系近位优先,由共享基础引擎判定,由共享基础引擎判定,喜忌不直接等于愿不愿付出；只修正调用顺畅度与资源压力,原十神性质有效；真合化成立时按化神路由,由共享基础引擎判定,67,模式候选 +10,care_pattern,支持主要通过持续、可预期的时间资源和日常安排累积。,你更常通过稳定出现、处理日常事务和把关系纳入现实安排来照顾对方。,不得由本规则直接推出过度付出、付出失衡、依赖、控制、忠诚度、关系结果或适配度；不得把某种照顾方式等同于爱得更多或更少。,中高,待验证,,provisional=true; pattern=CP05; aspect=definition,0.4
M3-CARE-136,CP05 稳定经营型｜成立与输出门槛,L3 CARE模式与路径,CARE-付出模式,通用,模式门槛,CP05 稳定经营型,,正财、正官或N01稳定重复明显；至少一项有根近位证据。；至少有两类证据或一类高权威近位证据与行为验证。,仅由一个十神标签推断；与另一候选分差不足且无功能区分。,由共享基础引擎与M3-STATE修正,不限定；夫妻星仅在形成独立CARE证据或入宫接口时参与,由M3-BASE、日支结构及共享引擎提供,无／待CARE路径规则组合,全局有效信号；日柱及亲密关系近位优先,由共享基础引擎判定,由共享基础引擎判定,喜忌不直接等于愿不愿付出；只修正调用顺畅度与资源压力,原十神性质有效；真合化成立时按化神路由,由共享基础引擎判定,66,达到门槛后写入主模式；否则降为候选,care_pattern,稳定经营型只有在启动方向、内容与连续性至少两项互相支持时成立，不能由单一标签直接确定。,你更常通过稳定出现、处理日常事务和把关系纳入现实安排来照顾对方。 这一判断看的是支持如何启动和持续，不代表其他方式缺失。,不得由本规则直接推出过度付出、付出失衡、依赖、控制、忠诚度、关系结果或适配度；不得把某种照顾方式等同于爱得更多或更少。,中,待验证,,provisional=true; pattern=CP05; aspect=threshold,0.4
M3-CARE-137,CP06 舒缓照料型｜模式定义,L3 CARE模式与路径,CARE-付出模式,通用,模式定义,CP06 舒缓照料型,,食神、正印或H01情绪舒缓明显；有重复或安全承接证据。,只有单一弱远信号；source_id重复；基础状态未定。,由共享基础引擎与M3-STATE修正,不限定；夫妻星仅在形成独立CARE证据或入宫接口时参与,由M3-BASE、日支结构及共享引擎提供,无／待CARE路径规则组合,全局有效信号；日柱及亲密关系近位优先,由共享基础引擎判定,由共享基础引擎判定,喜忌不直接等于愿不愿付出；只修正调用顺畅度与资源压力,原十神性质有效；真合化成立时按化神路由,由共享基础引擎判定,67,模式候选 +10,care_pattern,支持主要通过陪伴、安抚、照顾状态和建立舒适环境完成。,你更容易通过陪伴、理解、照顾节奏和让对方放松来提供支持。,不得由本规则直接推出过度付出、付出失衡、依赖、控制、忠诚度、关系结果或适配度；不得把某种照顾方式等同于爱得更多或更少。,中高,待验证,,provisional=true; pattern=CP06; aspect=definition,0.4
M3-CARE-138,CP06 舒缓照料型｜成立与输出门槛,L3 CARE模式与路径,CARE-付出模式,通用,模式门槛,CP06 舒缓照料型,,食神、正印或H01情绪舒缓明显；有重复或安全承接证据。；至少有两类证据或一类高权威近位证据与行为验证。,仅由一个十神标签推断；与另一候选分差不足且无功能区分。,由共享基础引擎与M3-STATE修正,不限定；夫妻星仅在形成独立CARE证据或入宫接口时参与,由M3-BASE、日支结构及共享引擎提供,无／待CARE路径规则组合,全局有效信号；日柱及亲密关系近位优先,由共享基础引擎判定,由共享基础引擎判定,喜忌不直接等于愿不愿付出；只修正调用顺畅度与资源压力,原十神性质有效；真合化成立时按化神路由,由共享基础引擎判定,66,达到门槛后写入主模式；否则降为候选,care_pattern,舒缓照料型只有在启动方向、内容与连续性至少两项互相支持时成立，不能由单一标签直接确定。,你更容易通过陪伴、理解、照顾节奏和让对方放松来提供支持。 这一判断看的是支持如何启动和持续，不代表其他方式缺失。,不得由本规则直接推出过度付出、付出失衡、依赖、控制、忠诚度、关系结果或适配度；不得把某种照顾方式等同于爱得更多或更少。,中,待验证,,provisional=true; pattern=CP06; aspect=threshold,0.4
M3-CARE-139,CP07 解题支持型｜模式定义,L3 CARE模式与路径,CARE-付出模式,通用,模式定义,CP07 解题支持型,,伤官、偏印或H03认知解题明显；存在可观察的知识/方案输出。,只有单一弱远信号；source_id重复；基础状态未定。,由共享基础引擎与M3-STATE修正,不限定；夫妻星仅在形成独立CARE证据或入宫接口时参与,由M3-BASE、日支结构及共享引擎提供,无／待CARE路径规则组合,全局有效信号；日柱及亲密关系近位优先,由共享基础引擎判定,由共享基础引擎判定,喜忌不直接等于愿不愿付出；只修正调用顺畅度与资源压力,原十神性质有效；真合化成立时按化神路由,由共享基础引擎判定,67,模式候选 +10,care_pattern,支持主要通过分析、信息、建议、技能和问题解决完成。,你更容易通过分析问题、提供思路和帮助对方看清关键点来支持关系。,不得由本规则直接推出过度付出、付出失衡、依赖、控制、忠诚度、关系结果或适配度；不得把某种照顾方式等同于爱得更多或更少。,中高,待验证,,provisional=true; pattern=CP07; aspect=definition,0.4
M3-CARE-140,CP07 解题支持型｜成立与输出门槛,L3 CARE模式与路径,CARE-付出模式,通用,模式门槛,CP07 解题支持型,,伤官、偏印或H03认知解题明显；存在可观察的知识/方案输出。；至少有两类证据或一类高权威近位证据与行为验证。,仅由一个十神标签推断；与另一候选分差不足且无功能区分。,由共享基础引擎与M3-STATE修正,不限定；夫妻星仅在形成独立CARE证据或入宫接口时参与,由M3-BASE、日支结构及共享引擎提供,无／待CARE路径规则组合,全局有效信号；日柱及亲密关系近位优先,由共享基础引擎判定,由共享基础引擎判定,喜忌不直接等于愿不愿付出；只修正调用顺畅度与资源压力,原十神性质有效；真合化成立时按化神路由,由共享基础引擎判定,66,达到门槛后写入主模式；否则降为候选,care_pattern,解题支持型只有在启动方向、内容与连续性至少两项互相支持时成立，不能由单一标签直接确定。,你更容易通过分析问题、提供思路和帮助对方看清关键点来支持关系。 这一判断看的是支持如何启动和持续，不代表其他方式缺失。,不得由本规则直接推出过度付出、付出失衡、依赖、控制、忠诚度、关系结果或适配度；不得把某种照顾方式等同于爱得更多或更少。,中,待验证,,provisional=true; pattern=CP07; aspect=threshold,0.4
M3-CARE-141,CP08 责任承担型｜模式定义,L3 CARE模式与路径,CARE-付出模式,通用,模式定义,CP08 责任承担型,,正官或H02现实安排明显；守约和责任兑现证据独立成立。,只有单一弱远信号；source_id重复；基础状态未定。,由共享基础引擎与M3-STATE修正,不限定；夫妻星仅在形成独立CARE证据或入宫接口时参与,由M3-BASE、日支结构及共享引擎提供,无／待CARE路径规则组合,全局有效信号；日柱及亲密关系近位优先,由共享基础引擎判定,由共享基础引擎判定,喜忌不直接等于愿不愿付出；只修正调用顺畅度与资源压力,原十神性质有效；真合化成立时按化神路由,由共享基础引擎判定,67,模式候选 +10,care_pattern,支持主要通过守约、固定分工、角色责任和稳定履职完成。,你会把支持落实为清楚责任、稳定履行和共同规则，让对方知道哪些事情可以依赖你。,不得由本规则直接推出过度付出、付出失衡、依赖、控制、忠诚度、关系结果或适配度；不得把某种照顾方式等同于爱得更多或更少。,中高,待验证,,provisional=true; pattern=CP08; aspect=definition,0.4
M3-CARE-142,CP08 责任承担型｜成立与输出门槛,L3 CARE模式与路径,CARE-付出模式,通用,模式门槛,CP08 责任承担型,,正官或H02现实安排明显；守约和责任兑现证据独立成立。；至少有两类证据或一类高权威近位证据与行为验证。,仅由一个十神标签推断；与另一候选分差不足且无功能区分。,由共享基础引擎与M3-STATE修正,不限定；夫妻星仅在形成独立CARE证据或入宫接口时参与,由M3-BASE、日支结构及共享引擎提供,无／待CARE路径规则组合,全局有效信号；日柱及亲密关系近位优先,由共享基础引擎判定,由共享基础引擎判定,喜忌不直接等于愿不愿付出；只修正调用顺畅度与资源压力,原十神性质有效；真合化成立时按化神路由,由共享基础引擎判定,66,达到门槛后写入主模式；否则降为候选,care_pattern,责任承担型只有在启动方向、内容与连续性至少两项互相支持时成立，不能由单一标签直接确定。,你会把支持落实为清楚责任、稳定履行和共同规则，让对方知道哪些事情可以依赖你。 这一判断看的是支持如何启动和持续，不代表其他方式缺失。,不得由本规则直接推出过度付出、付出失衡、依赖、控制、忠诚度、关系结果或适配度；不得把某种照顾方式等同于爱得更多或更少。,中,待验证,,provisional=true; pattern=CP08; aspect=threshold,0.4
M3-CARE-143,CP09 行动保护型｜模式定义,L3 CARE模式与路径,CARE-付出模式,通用,模式定义,CP09 行动保护型,,七杀、劫财或H04行动保护明显；存在关键任务行为证据。,只有单一弱远信号；source_id重复；基础状态未定。,由共享基础引擎与M3-STATE修正,不限定；夫妻星仅在形成独立CARE证据或入宫接口时参与,由M3-BASE、日支结构及共享引擎提供,无／待CARE路径规则组合,全局有效信号；日柱及亲密关系近位优先,由共享基础引擎判定,由共享基础引擎判定,喜忌不直接等于愿不愿付出；只修正调用顺畅度与资源压力,原十神性质有效；真合化成立时按化神路由,由共享基础引擎判定,67,模式候选 +10,care_pattern,支持主要在关键时刻通过快速处理、保护和推进问题解决。,遇到明确困难时，你更容易先采取行动、处理障碍和推动事情落地。,不得由本规则直接推出过度付出、付出失衡、依赖、控制、忠诚度、关系结果或适配度；不得把某种照顾方式等同于爱得更多或更少。,中高,待验证,,provisional=true; pattern=CP09; aspect=definition,0.4
M3-CARE-144,CP09 行动保护型｜成立与输出门槛,L3 CARE模式与路径,CARE-付出模式,通用,模式门槛,CP09 行动保护型,,七杀、劫财或H04行动保护明显；存在关键任务行为证据。；至少有两类证据或一类高权威近位证据与行为验证。,仅由一个十神标签推断；与另一候选分差不足且无功能区分。,由共享基础引擎与M3-STATE修正,不限定；夫妻星仅在形成独立CARE证据或入宫接口时参与,由M3-BASE、日支结构及共享引擎提供,无／待CARE路径规则组合,全局有效信号；日柱及亲密关系近位优先,由共享基础引擎判定,由共享基础引擎判定,喜忌不直接等于愿不愿付出；只修正调用顺畅度与资源压力,原十神性质有效；真合化成立时按化神路由,由共享基础引擎判定,66,达到门槛后写入主模式；否则降为候选,care_pattern,行动保护型只有在启动方向、内容与连续性至少两项互相支持时成立，不能由单一标签直接确定。,遇到明确困难时，你更容易先采取行动、处理障碍和推动事情落地。 这一判断看的是支持如何启动和持续，不代表其他方式缺失。,不得由本规则直接推出过度付出、付出失衡、依赖、控制、忠诚度、关系结果或适配度；不得把某种照顾方式等同于爱得更多或更少。,中,待验证,,provisional=true; pattern=CP09; aspect=threshold,0.4
M3-CARE-145,CP10 灵活体验型｜模式定义,L3 CARE模式与路径,CARE-付出模式,通用,模式定义,CP10 灵活体验型,,偏财、食神或H05体验联结明显；支持行为不只是一项单次标签。,只有单一弱远信号；source_id重复；基础状态未定。,由共享基础引擎与M3-STATE修正,不限定；夫妻星仅在形成独立CARE证据或入宫接口时参与,由M3-BASE、日支结构及共享引擎提供,无／待CARE路径规则组合,全局有效信号；日柱及亲密关系近位优先,由共享基础引擎判定,由共享基础引擎判定,喜忌不直接等于愿不愿付出；只修正调用顺畅度与资源压力,原十神性质有效；真合化成立时按化神路由,由共享基础引擎判定,67,模式候选 +10,care_pattern,支持主要通过体验、资源、人脉、礼物和灵活回应保持关系活力。,你会通过灵活安排、共同体验、分享资源和及时回应，让关系保持活力。,不得由本规则直接推出过度付出、付出失衡、依赖、控制、忠诚度、关系结果或适配度；不得把某种照顾方式等同于爱得更多或更少。,中高,待验证,,provisional=true; pattern=CP10; aspect=definition,0.4
M3-CARE-146,CP10 灵活体验型｜成立与输出门槛,L3 CARE模式与路径,CARE-付出模式,通用,模式门槛,CP10 灵活体验型,,偏财、食神或H05体验联结明显；支持行为不只是一项单次标签。；至少有两类证据或一类高权威近位证据与行为验证。,仅由一个十神标签推断；与另一候选分差不足且无功能区分。,由共享基础引擎与M3-STATE修正,不限定；夫妻星仅在形成独立CARE证据或入宫接口时参与,由M3-BASE、日支结构及共享引擎提供,无／待CARE路径规则组合,全局有效信号；日柱及亲密关系近位优先,由共享基础引擎判定,由共享基础引擎判定,喜忌不直接等于愿不愿付出；只修正调用顺畅度与资源压力,原十神性质有效；真合化成立时按化神路由,由共享基础引擎判定,66,达到门槛后写入主模式；否则降为候选,care_pattern,灵活体验型只有在启动方向、内容与连续性至少两项互相支持时成立，不能由单一标签直接确定。,你会通过灵活安排、共同体验、分享资源和及时回应，让关系保持活力。 这一判断看的是支持如何启动和持续，不代表其他方式缺失。,不得由本规则直接推出过度付出、付出失衡、依赖、控制、忠诚度、关系结果或适配度；不得把某种照顾方式等同于爱得更多或更少。,中,待验证,,provisional=true; pattern=CP10; aspect=threshold,0.4
M3-CARE-147,CP11 双通道交换型｜模式定义,L3 CARE模式与路径,CARE-付出模式,通用,模式定义,CP11 双通道交换型,,两个通道均达到候选阈值；source_id独立；功能不同；未同义收敛。,只有单一弱远信号；source_id重复；基础状态未定。,由共享基础引擎与M3-STATE修正,不限定；夫妻星仅在形成独立CARE证据或入宫接口时参与,由M3-BASE、日支结构及共享引擎提供,无／待CARE路径规则组合,全局有效信号；日柱及亲密关系近位优先,由共享基础引擎判定,由共享基础引擎判定,喜忌不直接等于愿不愿付出；只修正调用顺畅度与资源压力,原十神性质有效；真合化成立时按化神路由,由共享基础引擎判定,67,模式候选 +10,care_pattern,两个来源独立、功能不同的CARE通道分工合作。,你通常不只用一种方式支持关系：一项负责主要投入，另一项负责补充或回馈。,不得由本规则直接推出过度付出、付出失衡、依赖、控制、忠诚度、关系结果或适配度；不得把某种照顾方式等同于爱得更多或更少。,中高,待验证,,provisional=true; pattern=CP11; aspect=definition,0.4
M3-CARE-148,CP11 双通道交换型｜成立与输出门槛,L3 CARE模式与路径,CARE-付出模式,通用,模式门槛,CP11 双通道交换型,,两个通道均达到候选阈值；source_id独立；功能不同；未同义收敛。；至少有两类证据或一类高权威近位证据与行为验证。,仅由一个十神标签推断；与另一候选分差不足且无功能区分。,由共享基础引擎与M3-STATE修正,不限定；夫妻星仅在形成独立CARE证据或入宫接口时参与,由M3-BASE、日支结构及共享引擎提供,无／待CARE路径规则组合,全局有效信号；日柱及亲密关系近位优先,由共享基础引擎判定,由共享基础引擎判定,喜忌不直接等于愿不愿付出；只修正调用顺畅度与资源压力,原十神性质有效；真合化成立时按化神路由,由共享基础引擎判定,66,达到门槛后写入主模式；否则降为候选,care_pattern,双通道交换型只有在启动方向、内容与连续性至少两项互相支持时成立，不能由单一标签直接确定。,你通常不只用一种方式支持关系：一项负责主要投入，另一项负责补充或回馈。 这一判断看的是支持如何启动和持续，不代表其他方式缺失。,不得由本规则直接推出过度付出、付出失衡、依赖、控制、忠诚度、关系结果或适配度；不得把某种照顾方式等同于爱得更多或更少。,中,待验证,,provisional=true; pattern=CP11; aspect=threshold,0.4
M3-CARE-149,CP12 情境切换型｜模式定义,L3 CARE模式与路径,CARE-付出模式,通用,模式定义,CP12 情境切换型,,至少两项通道在不同情境各自有独立证据；M3-STATE或阶段信息支持切换。,只有单一弱远信号；source_id重复；基础状态未定。,由共享基础引擎与M3-STATE修正,不限定；夫妻星仅在形成独立CARE证据或入宫接口时参与,由M3-BASE、日支结构及共享引擎提供,无／待CARE路径规则组合,全局有效信号；日柱及亲密关系近位优先,由共享基础引擎判定,由共享基础引擎判定,喜忌不直接等于愿不愿付出；只修正调用顺畅度与资源压力,原十神性质有效；真合化成立时按化神路由,由共享基础引擎判定,67,模式候选 +10,care_pattern,不同情境、阶段或压力水平会改变支持通道的启动顺序。,你在日常、明确任务和压力状态下，可能会调用不同的支持方式。,不得由本规则直接推出过度付出、付出失衡、依赖、控制、忠诚度、关系结果或适配度；不得把某种照顾方式等同于爱得更多或更少。,中高,待验证,,provisional=true; pattern=CP12; aspect=definition,0.4
M3-CARE-150,CP12 情境切换型｜成立与输出门槛,L3 CARE模式与路径,CARE-付出模式,通用,模式门槛,CP12 情境切换型,,至少两项通道在不同情境各自有独立证据；M3-STATE或阶段信息支持切换。；至少有两类证据或一类高权威近位证据与行为验证。,仅由一个十神标签推断；与另一候选分差不足且无功能区分。,由共享基础引擎与M3-STATE修正,不限定；夫妻星仅在形成独立CARE证据或入宫接口时参与,由M3-BASE、日支结构及共享引擎提供,无／待CARE路径规则组合,全局有效信号；日柱及亲密关系近位优先,由共享基础引擎判定,由共享基础引擎判定,喜忌不直接等于愿不愿付出；只修正调用顺畅度与资源压力,原十神性质有效；真合化成立时按化神路由,由共享基础引擎判定,66,达到门槛后写入主模式；否则降为候选,care_pattern,情境切换型只有在启动方向、内容与连续性至少两项互相支持时成立，不能由单一标签直接确定。,你在日常、明确任务和压力状态下，可能会调用不同的支持方式。 这一判断看的是支持如何启动和持续，不代表其他方式缺失。,不得由本规则直接推出过度付出、付出失衡、依赖、控制、忠诚度、关系结果或适配度；不得把某种照顾方式等同于爱得更多或更少。,中,待验证,,provisional=true; pattern=CP12; aspect=threshold,0.4
M3-CARE-151,CE01 同步互惠｜支持交换结构,L3 CARE模式与路径,CARE-交换结构,通用,交换结构,CE01 同步互惠,,FB01或FB02成立；双方行为证据可见且来源独立。,把一次事件当作长期结构；把风险结论写入CARE。,由共享基础引擎与M3-STATE修正,不限定；夫妻星仅在形成独立CARE证据或入宫接口时参与,由M3-BASE、日支结构及共享引擎提供,无／待CARE路径规则组合,全局有效信号；日柱及亲密关系近位优先,由共享基础引擎判定,由共享基础引擎判定,喜忌不直接等于愿不愿付出；只修正调用顺畅度与资源压力,原十神性质有效；真合化成立时按化神路由,由共享基础引擎判定,61,交换结构候选 +6／门控,reciprocity_pattern,双方在相近时间用可识别方式相互回应，支持形成即时或稳定来回。,你更容易在双方都能及时回应、支持有来有回时感受到关系在共同运转。,不得由本规则直接推出过度付出、付出失衡、依赖、控制、忠诚度、关系结果或适配度；不得把某种照顾方式等同于爱得更多或更少。,中,待验证,,provisional=true; exchange=CE01,0.4
M3-CARE-152,CE02 错峰互惠｜支持交换结构,L3 CARE模式与路径,CARE-交换结构,通用,交换结构,CE02 错峰互惠,,存在先给后收或先收后回的独立时间顺序；并非单向长期缺失。,把一次事件当作长期结构；把风险结论写入CARE。,由共享基础引擎与M3-STATE修正,不限定；夫妻星仅在形成独立CARE证据或入宫接口时参与,由M3-BASE、日支结构及共享引擎提供,无／待CARE路径规则组合,全局有效信号；日柱及亲密关系近位优先,由共享基础引擎判定,由共享基础引擎判定,喜忌不直接等于愿不愿付出；只修正调用顺畅度与资源压力,原十神性质有效；真合化成立时按化神路由,由共享基础引擎判定,61,交换结构候选 +6／门控,reciprocity_pattern,双方并非同时付出，而是在不同阶段轮流承担和回应。,你们的支持可能不是同时发生，而是随着不同阶段轮流承担和回馈。,不得由本规则直接推出过度付出、付出失衡、依赖、控制、忠诚度、关系结果或适配度；不得把某种照顾方式等同于爱得更多或更少。,中,待验证,,provisional=true; exchange=CE02,0.4
M3-CARE-153,CE03 角色分工｜支持交换结构,L3 CARE模式与路径,CARE-交换结构,通用,交换结构,CE03 角色分工,,FB03角色分工成立；两个通道功能不同且没有同源重复。,把一次事件当作长期结构；把风险结论写入CARE。,由共享基础引擎与M3-STATE修正,不限定；夫妻星仅在形成独立CARE证据或入宫接口时参与,由M3-BASE、日支结构及共享引擎提供,无／待CARE路径规则组合,全局有效信号；日柱及亲密关系近位优先,由共享基础引擎判定,由共享基础引擎判定,喜忌不直接等于愿不愿付出；只修正调用顺畅度与资源压力,原十神性质有效；真合化成立时按化神路由,由共享基础引擎判定,61,交换结构候选 +6／门控,reciprocity_pattern,双方或两个CARE通道承担不同类型的支持功能。,关系中的支持更可能通过分工完成：一项负责现实事务，另一项负责情绪、认知或行动支持。,不得由本规则直接推出过度付出、付出失衡、依赖、控制、忠诚度、关系结果或适配度；不得把某种照顾方式等同于爱得更多或更少。,中,待验证,,provisional=true; exchange=CE03,0.4
M3-CARE-154,CE04 先给后收｜支持交换结构,L3 CARE模式与路径,CARE-交换结构,通用,交换结构,CE04 先给后收,,G01主动投入与RC02/RC03接受方式同时成立，且路径顺序有独立证据。,把一次事件当作长期结构；把风险结论写入CARE。,由共享基础引擎与M3-STATE修正,不限定；夫妻星仅在形成独立CARE证据或入宫接口时参与,由M3-BASE、日支结构及共享引擎提供,无／待CARE路径规则组合,全局有效信号；日柱及亲密关系近位优先,由共享基础引擎判定,由共享基础引擎判定,喜忌不直接等于愿不愿付出；只修正调用顺畅度与资源压力,原十神性质有效；真合化成立时按化神路由,由共享基础引擎判定,61,交换结构候选 +6／门控,reciprocity_pattern,用户较早投入，之后通过对方回应、稳定表现或信任建立接受支持。,你可能先通过行动或安排表达支持，等确认对方能够回应和尊重你以后，再更充分地接受帮助。,不得由本规则直接推出过度付出、付出失衡、依赖、控制、忠诚度、关系结果或适配度；不得把某种照顾方式等同于爱得更多或更少。,中,待验证,,provisional=true; exchange=CE04,0.4
M3-CARE-155,CE05 先收后回｜支持交换结构,L3 CARE模式与路径,CARE-交换结构,通用,交换结构,CE05 先收后回,,正印/偏印接收与财官杀回馈形成有效桥梁。,把一次事件当作长期结构；把风险结论写入CARE。,由共享基础引擎与M3-STATE修正,不限定；夫妻星仅在形成独立CARE证据或入宫接口时参与,由M3-BASE、日支结构及共享引擎提供,无／待CARE路径规则组合,全局有效信号；日柱及亲密关系近位优先,由共享基础引擎判定,由共享基础引擎判定,喜忌不直接等于愿不愿付出；只修正调用顺畅度与资源压力,原十神性质有效；真合化成立时按化神路由,由共享基础引擎判定,61,交换结构候选 +6／门控,reciprocity_pattern,用户先在理解、明确需要或获得支持后，转为实际回馈。,你更容易在先被理解、得到清楚支持后，再把这份支持转化为实际行动和回馈。,不得由本规则直接推出过度付出、付出失衡、依赖、控制、忠诚度、关系结果或适配度；不得把某种照顾方式等同于爱得更多或更少。,中,待验证,,provisional=true; exchange=CE05,0.4
M3-CARE-156,CE06 单向可见候选｜支持交换结构,L3 CARE模式与路径,CARE-交换结构,通用,交换结构,CE06 单向可见候选,,用户自述或命理证据只覆盖给予或接受一侧，缺少双向独立证据。,把一次事件当作长期结构；把风险结论写入CARE。,由共享基础引擎与M3-STATE修正,不限定；夫妻星仅在形成独立CARE证据或入宫接口时参与,由M3-BASE、日支结构及共享引擎提供,无／待CARE路径规则组合,全局有效信号；日柱及亲密关系近位优先,由共享基础引擎判定,由共享基础引擎判定,喜忌不直接等于愿不愿付出；只修正调用顺畅度与资源压力,原十神性质有效；真合化成立时按化神路由,由共享基础引擎判定,61,交换结构候选 +6／门控,reciprocity_pattern,目前只能看见一侧支持行为，另一侧可能隐性、延后或资料不足。,目前较容易看见你怎样付出，但怎样接受和回馈还需要真实相处资料，不能直接判断为单向关系。,不得由本规则直接推出过度付出、付出失衡、依赖、控制、忠诚度、关系结果或适配度；不得把某种照顾方式等同于爱得更多或更少。,中,待验证,,provisional=true; exchange=CE06,0.4
M3-CARE-157,CE07 同义收敛｜支持交换结构,L3 CARE模式与路径,CARE-交换结构,通用,交换结构,CE07 同义收敛,,同一source_id、同根透干或BASE/EXPR/CARE读取同一事实。,把一次事件当作长期结构；把风险结论写入CARE。,由共享基础引擎与M3-STATE修正,不限定；夫妻星仅在形成独立CARE证据或入宫接口时参与,由M3-BASE、日支结构及共享引擎提供,无／待CARE路径规则组合,全局有效信号；日柱及亲密关系近位优先,由共享基础引擎判定,由共享基础引擎判定,喜忌不直接等于愿不愿付出；只修正调用顺畅度与资源压力,原十神性质有效；真合化成立时按化神路由,由共享基础引擎判定,61,交换结构候选 +6／门控,reciprocity_pattern,多个规则实际描述同一支持事实，应合并为一项功能。,看似有多项支持方式时，会先检查是否只是同一行为的不同解释，避免重复堆叠。,不得由本规则直接推出过度付出、付出失衡、依赖、控制、忠诚度、关系结果或适配度；不得把某种照顾方式等同于爱得更多或更少。,中,待验证,,provisional=true; exchange=CE07,0.4
M3-CARE-158,CE08 交换结构未定｜支持交换结构,L3 CARE模式与路径,CARE-交换结构,通用,交换结构,CE08 交换结构未定,,关键source_id缺失、主次分差不足、伴侣反馈缺失或基础状态争议。,把一次事件当作长期结构；把风险结论写入CARE。,由共享基础引擎与M3-STATE修正,不限定；夫妻星仅在形成独立CARE证据或入宫接口时参与,由M3-BASE、日支结构及共享引擎提供,无／待CARE路径规则组合,全局有效信号；日柱及亲密关系近位优先,由共享基础引擎判定,由共享基础引擎判定,喜忌不直接等于愿不愿付出；只修正调用顺畅度与资源压力,原十神性质有效；真合化成立时按化神路由,由共享基础引擎判定,61,交换结构候选 +6／门控,reciprocity_pattern,证据冲突、合化未定或双向资料不足时，不固定互惠模式。,目前可以描述你的主要支持方式，但双方怎样形成稳定交换仍不宜固定判断。,不得由本规则直接推出过度付出、付出失衡、依赖、控制、忠诚度、关系结果或适配度；不得把某种照顾方式等同于爱得更多或更少。,中,待验证,,provisional=true; exchange=CE08,0.4
M3-CARE-159,CF01 印→比劫｜支持转自主｜CARE流向,L3 CARE模式与路径,CARE-流向路径,通用,路径,CF01 印→比劫｜支持转自主,,印星与比劫均有效；存在由承接到自主参与的独立桥梁。,只有五行生克而无现实功能证据；source_id重复；中间桥梁失效。,由共享基础引擎与M3-STATE修正,不限定；夫妻星仅在形成独立CARE证据或入宫接口时参与,由M3-BASE、日支结构及共享引擎提供,CF01 印→比劫｜支持转自主,全局有效信号；日柱及亲密关系近位优先,由共享基础引擎判定,由共享基础引擎判定,喜忌不直接等于愿不愿付出；只修正调用顺畅度与资源压力,原十神性质有效；真合化成立时按化神路由,由共享基础引擎判定,60,路径候选 +7,care_path,先被理解、接住或获得信息，再回到自己的选择和分工。,你更容易在先被理解和获得可靠支持后，再回到自己的判断，与对方一起决定怎样处理。,不得由本规则直接推出过度付出、付出失衡、依赖、控制、忠诚度、关系结果或适配度；不得把某种照顾方式等同于爱得更多或更少。,中,待验证,,provisional=true; flow=CF01,0.4
M3-CARE-160,CF02 比劫→食伤｜并肩转交流｜CARE流向,L3 CARE模式与路径,CARE-流向路径,通用,路径,CF02 比劫→食伤｜并肩转交流,,比劫与食伤均有效；平等参与是起点，表达交流是后续。,只有五行生克而无现实功能证据；source_id重复；中间桥梁失效。,由共享基础引擎与M3-STATE修正,不限定；夫妻星仅在形成独立CARE证据或入宫接口时参与,由M3-BASE、日支结构及共享引擎提供,CF02 比劫→食伤｜并肩转交流,全局有效信号；日柱及亲密关系近位优先,由共享基础引擎判定,由共享基础引擎判定,喜忌不直接等于愿不愿付出；只修正调用顺畅度与资源压力,原十神性质有效；真合化成立时按化神路由,由共享基础引擎判定,60,路径候选 +7,care_path,先确认平等参与和边界，再通过交流、陪伴或说明完成支持。,你更容易先确认双方能平等参与，再通过沟通、分享或陪伴把支持做完整。,不得由本规则直接推出过度付出、付出失衡、依赖、控制、忠诚度、关系结果或适配度；不得把某种照顾方式等同于爱得更多或更少。,中,待验证,,provisional=true; flow=CF02,0.4
M3-CARE-161,CF03 食伤→财｜感受转落实｜CARE流向,L3 CARE模式与路径,CARE-流向路径,通用,路径,CF03 食伤→财｜感受转落实,,食伤与财星均有效；存在从交流/舒缓到现实投入的行为证据。,只有五行生克而无现实功能证据；source_id重复；中间桥梁失效。,由共享基础引擎与M3-STATE修正,不限定；夫妻星仅在形成独立CARE证据或入宫接口时参与,由M3-BASE、日支结构及共享引擎提供,CF03 食伤→财｜感受转落实,全局有效信号；日柱及亲密关系近位优先,由共享基础引擎判定,由共享基础引擎判定,喜忌不直接等于愿不愿付出；只修正调用顺畅度与资源压力,原十神性质有效；真合化成立时按化神路由,由共享基础引擎判定,60,路径候选 +7,care_path,先通过陪伴、表达或解题建立理解，再落实到时间、资源和现实安排。,你可能先让对方感到被理解或把问题说清，再用实际安排和持续行动把支持落实。,不得由本规则直接推出过度付出、付出失衡、依赖、控制、忠诚度、关系结果或适配度；不得把某种照顾方式等同于爱得更多或更少。,中,待验证,,provisional=true; flow=CF03,0.4
M3-CARE-162,CF04 财→官杀｜投入转责任｜CARE流向,L3 CARE模式与路径,CARE-流向路径,通用,路径,CF04 财→官杀｜投入转责任,,财星与官杀均有效；持续投入能转为清楚责任。,只有五行生克而无现实功能证据；source_id重复；中间桥梁失效。,由共享基础引擎与M3-STATE修正,不限定；夫妻星仅在形成独立CARE证据或入宫接口时参与,由M3-BASE、日支结构及共享引擎提供,CF04 财→官杀｜投入转责任,全局有效信号；日柱及亲密关系近位优先,由共享基础引擎判定,由共享基础引擎判定,喜忌不直接等于愿不愿付出；只修正调用顺畅度与资源压力,原十神性质有效；真合化成立时按化神路由,由共享基础引擎判定,60,路径候选 +7,care_path,先出现现实投入，再把它固定为分工、承诺、责任或关键行动。,你会先从实际投入开始，随后把重要事项变成清楚分工、承诺和可依赖的责任。,不得由本规则直接推出过度付出、付出失衡、依赖、控制、忠诚度、关系结果或适配度；不得把某种照顾方式等同于爱得更多或更少。,中,待验证,,provisional=true; flow=CF04,0.4
M3-CARE-163,CF05 官杀→印｜承担转安全｜CARE流向,L3 CARE模式与路径,CARE-流向路径,通用,路径,CF05 官杀→印｜承担转安全,,官杀与印星均有效；责任/行动兑现后形成承接。,只有五行生克而无现实功能证据；source_id重复；中间桥梁失效。,由共享基础引擎与M3-STATE修正,不限定；夫妻星仅在形成独立CARE证据或入宫接口时参与,由M3-BASE、日支结构及共享引擎提供,CF05 官杀→印｜承担转安全,全局有效信号；日柱及亲密关系近位优先,由共享基础引擎判定,由共享基础引擎判定,喜忌不直接等于愿不愿付出；只修正调用顺畅度与资源压力,原十神性质有效；真合化成立时按化神路由,由共享基础引擎判定,60,路径候选 +7,care_path,先通过行动、解决问题或责任兑现，再形成安全、信任和接受支持。,你更容易先用承担和解决问题让关系稳定下来，事情有结果后再回到理解、安抚和信任。,不得由本规则直接推出过度付出、付出失衡、依赖、控制、忠诚度、关系结果或适配度；不得把某种照顾方式等同于爱得更多或更少。,中,待验证,,provisional=true; flow=CF05,0.4
M3-CARE-164,CF06 直接流｜单通道完成支持｜CARE流向,L3 CARE模式与路径,CARE-流向路径,通用,路径,CF06 直接流｜单通道完成支持,,单一通道高权威、近位、有根，且没有必要的第二桥梁。,只有五行生克而无现实功能证据；source_id重复；中间桥梁失效。,由共享基础引擎与M3-STATE修正,不限定；夫妻星仅在形成独立CARE证据或入宫接口时参与,由M3-BASE、日支结构及共享引擎提供,CF06 直接流｜单通道完成支持,全局有效信号；日柱及亲密关系近位优先,由共享基础引擎判定,由共享基础引擎判定,喜忌不直接等于愿不愿付出；只修正调用顺畅度与资源压力,原十神性质有效；真合化成立时按化神路由,由共享基础引擎判定,60,路径候选 +7,care_path,一个主CARE通道同时完成启动、内容和可观察输出。,你的支持方式相对集中，通常能通过一条主要通道直接完成。,不得由本规则直接推出过度付出、付出失衡、依赖、控制、忠诚度、关系结果或适配度；不得把某种照顾方式等同于爱得更多或更少。,中,待验证,,provisional=true; flow=CF06,0.4
M3-CARE-165,CF07 桥接流｜两通道分工｜CARE流向,L3 CARE模式与路径,CARE-流向路径,通用,路径,CF07 桥接流｜两通道分工,,两个独立通道功能不同，且存在明确先后或分工。,只有五行生克而无现实功能证据；source_id重复；中间桥梁失效。,由共享基础引擎与M3-STATE修正,不限定；夫妻星仅在形成独立CARE证据或入宫接口时参与,由M3-BASE、日支结构及共享引擎提供,CF07 桥接流｜两通道分工,全局有效信号；日柱及亲密关系近位优先,由共享基础引擎判定,由共享基础引擎判定,喜忌不直接等于愿不愿付出；只修正调用顺畅度与资源压力,原十神性质有效；真合化成立时按化神路由,由共享基础引擎判定,60,路径候选 +7,care_path,一个通道负责启动，另一个通道负责落实、接收或回馈。,你通常会先用一种方式启动支持，再用另一种方式把它落实或完成回馈。,不得由本规则直接推出过度付出、付出失衡、依赖、控制、忠诚度、关系结果或适配度；不得把某种照顾方式等同于爱得更多或更少。,中,待验证,,provisional=true; flow=CF07,0.4
M3-CARE-166,CF08 闭环流｜支持—回应—再调整｜CARE流向,L3 CARE模式与路径,CARE-流向路径,通用,路径,CF08 闭环流｜支持—回应—再调整,,至少三段独立证据：给予、回应、调整；不能由单一生克关系推断。,只有五行生克而无现实功能证据；source_id重复；中间桥梁失效。,由共享基础引擎与M3-STATE修正,不限定；夫妻星仅在形成独立CARE证据或入宫接口时参与,由M3-BASE、日支结构及共享引擎提供,CF08 闭环流｜支持—回应—再调整,全局有效信号；日柱及亲密关系近位优先,由共享基础引擎判定,由共享基础引擎判定,喜忌不直接等于愿不愿付出；只修正调用顺畅度与资源压力,原十神性质有效；真合化成立时按化神路由,由共享基础引擎判定,60,路径候选 +7,care_path,支持行为、对方反馈和后续调整形成多轮循环。,你更容易根据对方的回应继续调整支持方式，关系中的照顾会通过多轮反馈逐渐稳定。,不得由本规则直接推出过度付出、付出失衡、依赖、控制、忠诚度、关系结果或适配度；不得把某种照顾方式等同于爱得更多或更少。,中,待验证,,provisional=true; flow=CF08,0.4
M3-CARE-167,SC01 透干且有根｜CARE外显并可重复,L4 状态修正,CARE-状态修正,通用,状态修正,SC01 透干且有根｜CARE外显并可重复,,主CARE信号透干且有根，原十神性质有效。,基础事实失效；与共享引擎结果冲突；source_id重复而未去重。,由共享基础引擎与M3-STATE修正,不限定；夫妻星仅在形成独立CARE证据或入宫接口时参与,由M3-BASE、日支结构及共享引擎提供,无／待CARE路径规则组合,全局有效信号；日柱及亲密关系近位优先,由共享基础引擎判定,由共享基础引擎判定,喜忌不直接等于愿不愿付出；只修正调用顺畅度与资源压力,原十神性质有效；真合化成立时按化神路由,由共享基础引擎判定,57,主通道 +8；可见度外显,care_visibility,主CARE信号透干且有根，原十神性质有效。,支持方式容易被看见，也更可能在不同情境重复出现。,不得由本规则直接推出过度付出、付出失衡、依赖、控制、忠诚度、关系结果或适配度；不得把某种照顾方式等同于爱得更多或更少。,中高,待验证,,provisional=true; state_rule=SC01,0.4
M3-CARE-168,SC02 透干但无根｜先看见、后验证,L4 状态修正,CARE-状态修正,通用,状态修正,SC02 透干但无根｜先看见、后验证,,主CARE信号透干但无根，且无近位独立支持。,基础事实失效；与共享引擎结果冲突；source_id重复而未去重。,由共享基础引擎与M3-STATE修正,不限定；夫妻星仅在形成独立CARE证据或入宫接口时参与,由M3-BASE、日支结构及共享引擎提供,无／待CARE路径规则组合,全局有效信号；日柱及亲密关系近位优先,由共享基础引擎判定,由共享基础引擎判定,喜忌不直接等于愿不愿付出；只修正调用顺畅度与资源压力,原十神性质有效；真合化成立时按化神路由,由共享基础引擎判定,57,可见度 +5；连续性不加分,care_visibility,主CARE信号透干但无根，且无近位独立支持。,对方可能较早看见这种支持表现，但是否能稳定持续仍需要重复行为验证。,不得由本规则直接推出过度付出、付出失衡、依赖、控制、忠诚度、关系结果或适配度；不得把某种照顾方式等同于爱得更多或更少。,中,待验证,,provisional=true; state_rule=SC02,0.4
M3-CARE-169,SC03 藏支有根｜隐性累积,L4 状态修正,CARE-状态修正,通用,状态修正,SC03 藏支有根｜隐性累积,,主CARE信号藏支且有根，未被真合化替换。,基础事实失效；与共享引擎结果冲突；source_id重复而未去重。,由共享基础引擎与M3-STATE修正,不限定；夫妻星仅在形成独立CARE证据或入宫接口时参与,由M3-BASE、日支结构及共享引擎提供,无／待CARE路径规则组合,全局有效信号；日柱及亲密关系近位优先,由共享基础引擎判定,由共享基础引擎判定,喜忌不直接等于愿不愿付出；只修正调用顺畅度与资源压力,原十神性质有效；真合化成立时按化神路由,由共享基础引擎判定,57,主通道 +6；连续性 +5,care_visibility,主CARE信号藏支且有根，未被真合化替换。,支持不一定高调外显，更容易藏在长期细节、熟悉后的投入和稳定回应里。,不得由本规则直接推出过度付出、付出失衡、依赖、控制、忠诚度、关系结果或适配度；不得把某种照顾方式等同于爱得更多或更少。,中高,待验证,,provisional=true; state_rule=SC03,0.4
M3-CARE-170,SC04 藏支无根／弱远｜仅保留候选,L4 状态修正,CARE-状态修正,通用,状态修正,SC04 藏支无根／弱远｜仅保留候选,,主CARE信号仅藏、无根、远位且没有独立流向支持。,基础事实失效；与共享引擎结果冲突；source_id重复而未去重。,由共享基础引擎与M3-STATE修正,不限定；夫妻星仅在形成独立CARE证据或入宫接口时参与,由M3-BASE、日支结构及共享引擎提供,无／待CARE路径规则组合,全局有效信号；日柱及亲密关系近位优先,由共享基础引擎判定,由共享基础引擎判定,喜忌不直接等于愿不愿付出；只修正调用顺畅度与资源压力,原十神性质有效；真合化成立时按化神路由,由共享基础引擎判定,57,候选 +2；降置信,primary_care_channel,主CARE信号仅藏、无根、远位且没有独立流向支持。,目前只能把这种方式保留为潜在支持倾向，不宜写成稳定习惯。,不得由本规则直接推出过度付出、付出失衡、依赖、控制、忠诚度、关系结果或适配度；不得把某种照顾方式等同于爱得更多或更少。,中低,待验证,,provisional=true; state_rule=SC04,0.4
M3-CARE-171,SC05 同根透藏｜一次证据、两种表现,L4 状态修正,CARE-状态修正,通用,状态修正,SC05 同根透藏｜一次证据、两种表现,,透干与藏支来自同一根或同一source_id。,基础事实失效；与共享引擎结果冲突；source_id重复而未去重。,由共享基础引擎与M3-STATE修正,不限定；夫妻星仅在形成独立CARE证据或入宫接口时参与,由M3-BASE、日支结构及共享引擎提供,无／待CARE路径规则组合,全局有效信号；日柱及亲密关系近位优先,由共享基础引擎判定,由共享基础引擎判定,喜忌不直接等于愿不愿付出；只修正调用顺畅度与资源压力,原十神性质有效；真合化成立时按化神路由,由共享基础引擎判定,57,去重；稳定性修正 +3,provenance,透干与藏支来自同一根或同一source_id。,同一支持功能可能既有外显行为，也有内部稳定来源，但只计算一次基础证据。,不得由本规则直接推出过度付出、付出失衡、依赖、控制、忠诚度、关系结果或适配度；不得把某种照顾方式等同于爱得更多或更少。,高,待验证,,provisional=true; state_rule=SC05,0.4
M3-CARE-172,SC06 多根同类｜重复性提高,L4 状态修正,CARE-状态修正,通用,状态修正,SC06 多根同类｜重复性提高,,同一CARE通道有两个以上独立根气或不同位置重复支持。,基础事实失效；与共享引擎结果冲突；source_id重复而未去重。,由共享基础引擎与M3-STATE修正,不限定；夫妻星仅在形成独立CARE证据或入宫接口时参与,由M3-BASE、日支结构及共享引擎提供,无／待CARE路径规则组合,全局有效信号；日柱及亲密关系近位优先,由共享基础引擎判定,由共享基础引擎判定,喜忌不直接等于愿不愿付出；只修正调用顺畅度与资源压力,原十神性质有效；真合化成立时按化神路由,由共享基础引擎判定,57,连续性 +6；不增加新通道,continuity_mode,同一CARE通道有两个以上独立根气或不同位置重复支持。,这种支持方式更容易在不同场景反复出现，连续性判断可提高。,不得由本规则直接推出过度付出、付出失衡、依赖、控制、忠诚度、关系结果或适配度；不得把某种照顾方式等同于爱得更多或更少。,中高,待验证,,provisional=true; state_rule=SC06,0.4
M3-CARE-173,SC07 有根但受损｜功能保留、调用受限,L4 状态修正,CARE-状态修正,通用,状态修正,SC07 有根但受损｜功能保留、调用受限,,主CARE信号有根但受到有效冲克、制约或环境限制，且未完全失效。,基础事实失效；与共享引擎结果冲突；source_id重复而未去重。,由共享基础引擎与M3-STATE修正,不限定；夫妻星仅在形成独立CARE证据或入宫接口时参与,由M3-BASE、日支结构及共享引擎提供,无／待CARE路径规则组合,全局有效信号；日柱及亲密关系近位优先,由共享基础引擎判定,由共享基础引擎判定,喜忌不直接等于愿不愿付出；只修正调用顺畅度与资源压力,原十神性质有效；真合化成立时按化神路由,由共享基础引擎判定,57,主通道保留；顺畅度 -3,state_shift,主CARE信号有根但受到有效冲克、制约或环境限制，且未完全失效。,这项支持能力仍然存在，但是否顺畅调用更依赖具体情境和资源条件。,不得由本规则直接推出过度付出、付出失衡、依赖、控制、忠诚度、关系结果或适配度；不得把某种照顾方式等同于爱得更多或更少。,中,待验证,,provisional=true; state_rule=SC07,0.4
M3-CARE-174,SC08 无根但近位行为验证｜条件性成立,L4 状态修正,CARE-状态修正,通用,状态修正,SC08 无根但近位行为验证｜条件性成立,,无根信号位于近位，并有真实重复行为或第二独立证据支持。,基础事实失效；与共享引擎结果冲突；source_id重复而未去重。,由共享基础引擎与M3-STATE修正,不限定；夫妻星仅在形成独立CARE证据或入宫接口时参与,由M3-BASE、日支结构及共享引擎提供,无／待CARE路径规则组合,全局有效信号；日柱及亲密关系近位优先,由共享基础引擎判定,由共享基础引擎判定,喜忌不直接等于愿不愿付出；只修正调用顺畅度与资源压力,原十神性质有效；真合化成立时按化神路由,由共享基础引擎判定,57,条件性 +5；标记案例依赖,continuity_mode,无根信号位于近位，并有真实重复行为或第二独立证据支持。,虽然命盘结构中的稳定来源较弱，但现实行为显示这项支持方式在特定关系中可以成立。,不得由本规则直接推出过度付出、付出失衡、依赖、控制、忠诚度、关系结果或适配度；不得把某种照顾方式等同于爱得更多或更少。,中,待验证,,provisional=true; state_rule=SC08,0.4
M3-CARE-175,SC09 旺而平衡｜自然调用,L4 状态修正,CARE-状态修正,通用,状态修正,SC09 旺而平衡｜自然调用,,主CARE通道旺而有序、未明显失衡。,基础事实失效；与共享引擎结果冲突；source_id重复而未去重。,由共享基础引擎与M3-STATE修正,不限定；夫妻星仅在形成独立CARE证据或入宫接口时参与,由M3-BASE、日支结构及共享引擎提供,无／待CARE路径规则组合,全局有效信号；日柱及亲密关系近位优先,由共享基础引擎判定,由共享基础引擎判定,喜忌不直接等于愿不愿付出；只修正调用顺畅度与资源压力,原十神性质有效；真合化成立时按化神路由,由共享基础引擎判定,57,主通道 +7,primary_care_channel,主CARE通道旺而有序、未明显失衡。,这类支持方式较容易自然出现，用户不必等到特殊事件才会调用。,不得由本规则直接推出过度付出、付出失衡、依赖、控制、忠诚度、关系结果或适配度；不得把某种照顾方式等同于爱得更多或更少。,中高,待验证,,provisional=true; state_rule=SC09,0.4
M3-CARE-176,SC10 旺而过度占位｜先启动但不判风险,L4 状态修正,CARE-状态修正,通用,状态修正,SC10 旺而过度占位｜先启动但不判风险,,主CARE通道过旺或明显抢先，且缺少调节。,基础事实失效；与共享引擎结果冲突；source_id重复而未去重。,由共享基础引擎与M3-STATE修正,不限定；夫妻星仅在形成独立CARE证据或入宫接口时参与,由M3-BASE、日支结构及共享引擎提供,无／待CARE路径规则组合,全局有效信号；日柱及亲密关系近位优先,由共享基础引擎判定,由共享基础引擎判定,喜忌不直接等于愿不愿付出；只修正调用顺畅度与资源压力,原十神性质有效；真合化成立时按化神路由,由共享基础引擎判定,57,抢先 +5；路由M4观察,state_shift,主CARE通道过旺或明显抢先，且缺少调节。,这种支持方式更容易成为第一反应、占据较多关系资源；是否过度或耗竭必须交给M4。,不得由本规则直接推出过度付出、付出失衡、依赖、控制、忠诚度、关系结果或适配度；不得把某种照顾方式等同于爱得更多或更少。,中,待验证,,provisional=true; state_rule=SC10,0.4
M3-CARE-177,SC11 中和可用｜依情境稳定调用,L4 状态修正,CARE-状态修正,通用,状态修正,SC11 中和可用｜依情境稳定调用,,CARE通道力量中和，有根或有近位支持。,基础事实失效；与共享引擎结果冲突；source_id重复而未去重。,由共享基础引擎与M3-STATE修正,不限定；夫妻星仅在形成独立CARE证据或入宫接口时参与,由M3-BASE、日支结构及共享引擎提供,无／待CARE路径规则组合,全局有效信号；日柱及亲密关系近位优先,由共享基础引擎判定,由共享基础引擎判定,喜忌不直接等于愿不愿付出；只修正调用顺畅度与资源压力,原十神性质有效；真合化成立时按化神路由,由共享基础引擎判定,57,主通道 +5,primary_care_channel,CARE通道力量中和，有根或有近位支持。,你通常能在合适情境里调用这项支持方式，强度不会持续压过其他通道。,不得由本规则直接推出过度付出、付出失衡、依赖、控制、忠诚度、关系结果或适配度；不得把某种照顾方式等同于爱得更多或更少。,中,待验证,,provisional=true; state_rule=SC11,0.4
M3-CARE-178,SC12 偏弱有助｜需要明确需要或安全条件,L4 状态修正,CARE-状态修正,通用,状态修正,SC12 偏弱有助｜需要明确需要或安全条件,,CARE通道偏弱，但有生助、近位或后续桥梁。,基础事实失效；与共享引擎结果冲突；source_id重复而未去重。,由共享基础引擎与M3-STATE修正,不限定；夫妻星仅在形成独立CARE证据或入宫接口时参与,由M3-BASE、日支结构及共享引擎提供,无／待CARE路径规则组合,全局有效信号；日柱及亲密关系近位优先,由共享基础引擎判定,由共享基础引擎判定,喜忌不直接等于愿不愿付出；只修正调用顺畅度与资源压力,原十神性质有效；真合化成立时按化神路由,由共享基础引擎判定,57,条件性 +4,investment_mode,CARE通道偏弱，但有生助、近位或后续桥梁。,这项支持方式并非缺失，而是更容易在需求清楚、关系安全或有人回应时出现。,不得由本规则直接推出过度付出、付出失衡、依赖、控制、忠诚度、关系结果或适配度；不得把某种照顾方式等同于爱得更多或更少。,中,待验证,,provisional=true; state_rule=SC12,0.4
M3-CARE-179,SC13 偏弱无助｜不写稳定模式,L4 状态修正,CARE-状态修正,通用,状态修正,SC13 偏弱无助｜不写稳定模式,,CARE通道偏弱、无根、无近位支持且无有效流向。,基础事实失效；与共享引擎结果冲突；source_id重复而未去重。,由共享基础引擎与M3-STATE修正,不限定；夫妻星仅在形成独立CARE证据或入宫接口时参与,由M3-BASE、日支结构及共享引擎提供,无／待CARE路径规则组合,全局有效信号；日柱及亲密关系近位优先,由共享基础引擎判定,由共享基础引擎判定,喜忌不直接等于愿不愿付出；只修正调用顺畅度与资源压力,原十神性质有效；真合化成立时按化神路由,由共享基础引擎判定,57,候选 +1；降置信,primary_care_channel,CARE通道偏弱、无根、无近位支持且无有效流向。,目前不足以把这项方式写成稳定的支持习惯，只能作为低权重背景。,不得由本规则直接推出过度付出、付出失衡、依赖、控制、忠诚度、关系结果或适配度；不得把某种照顾方式等同于爱得更多或更少。,中低,待验证,,provisional=true; state_rule=SC13,0.4
M3-CARE-180,SC14 强弱争议｜回退到五系统,L4 状态修正,CARE-状态修正,通用,状态修正,SC14 强弱争议｜回退到五系统,,旺衰判断存在实质争议，且不同判法会改变主CARE通道。,基础事实失效；与共享引擎结果冲突；source_id重复而未去重。,由共享基础引擎与M3-STATE修正,不限定；夫妻星仅在形成独立CARE证据或入宫接口时参与,由M3-BASE、日支结构及共享引擎提供,无／待CARE路径规则组合,全局有效信号；日柱及亲密关系近位优先,由共享基础引擎判定,由共享基础引擎判定,喜忌不直接等于愿不愿付出；只修正调用顺畅度与资源压力,原十神性质有效；真合化成立时按化神路由,由共享基础引擎判定,57,停止十神级输出,report_status,旺衰判断存在实质争议，且不同判法会改变主CARE通道。,目前只能判断你更偏向某一类支持系统，具体十神方式仍需保留不确定性。,不得由本规则直接推出过度付出、付出失衡、依赖、控制、忠诚度、关系结果或适配度；不得把某种照顾方式等同于爱得更多或更少。,低,待验证,,provisional=true; state_rule=SC14,0.4
M3-CARE-181,SC15 为喜且平衡｜调用较顺畅,L4 状态修正,CARE-状态修正,通用,状态修正,SC15 为喜且平衡｜调用较顺畅,,CARE通道为喜且平衡，基础性质有效。,基础事实失效；与共享引擎结果冲突；source_id重复而未去重。,由共享基础引擎与M3-STATE修正,不限定；夫妻星仅在形成独立CARE证据或入宫接口时参与,由M3-BASE、日支结构及共享引擎提供,无／待CARE路径规则组合,全局有效信号；日柱及亲密关系近位优先,由共享基础引擎判定,由共享基础引擎判定,喜忌不直接等于愿不愿付出；只修正调用顺畅度与资源压力,原十神性质有效；真合化成立时按化神路由,由共享基础引擎判定,57,顺畅度 +4,state_shift,CARE通道为喜且平衡，基础性质有效。,你使用这类支持方式时通常较顺手，也更容易收到清楚反馈。,不得由本规则直接推出过度付出、付出失衡、依赖、控制、忠诚度、关系结果或适配度；不得把某种照顾方式等同于爱得更多或更少。,中,待验证,,provisional=true; state_rule=SC15,0.4
M3-CARE-182,SC16 为忌但有效｜仍可高频调用,L4 状态修正,CARE-状态修正,通用,状态修正,SC16 为忌但有效｜仍可高频调用,,CARE通道为忌但结构有效或力量明显。,基础事实失效；与共享引擎结果冲突；source_id重复而未去重。,由共享基础引擎与M3-STATE修正,不限定；夫妻星仅在形成独立CARE证据或入宫接口时参与,由M3-BASE、日支结构及共享引擎提供,无／待CARE路径规则组合,全局有效信号；日柱及亲密关系近位优先,由共享基础引擎判定,由共享基础引擎判定,喜忌不直接等于愿不愿付出；只修正调用顺畅度与资源压力,原十神性质有效；真合化成立时按化神路由,由共享基础引擎判定,57,强度保留；路由M4观察,state_shift,CARE通道为忌但结构有效或力量明显。,这项支持方式仍可能很常用；喜忌不能翻译成愿不愿付出，只提示资源压力或调用感受需要观察。,不得由本规则直接推出过度付出、付出失衡、依赖、控制、忠诚度、关系结果或适配度；不得把某种照顾方式等同于爱得更多或更少。,中,待验证,,provisional=true; state_rule=SC16,0.4
M3-CARE-183,SC17 喜忌未定｜只用功能性语言,L4 状态修正,CARE-状态修正,通用,状态修正,SC17 喜忌未定｜只用功能性语言,,CARE通道喜忌存在争议，但十神功能与位置可靠。,基础事实失效；与共享引擎结果冲突；source_id重复而未去重。,由共享基础引擎与M3-STATE修正,不限定；夫妻星仅在形成独立CARE证据或入宫接口时参与,由M3-BASE、日支结构及共享引擎提供,无／待CARE路径规则组合,全局有效信号；日柱及亲密关系近位优先,由共享基础引擎判定,由共享基础引擎判定,喜忌不直接等于愿不愿付出；只修正调用顺畅度与资源压力,原十神性质有效；真合化成立时按化神路由,由共享基础引擎判定,57,功能保留；不写体验质量,boundary_note,CARE通道喜忌存在争议，但十神功能与位置可靠。,可以说明你怎样支持关系，但不评价这种方式是否顺畅、轻松或容易形成压力。,不得由本规则直接推出过度付出、付出失衡、依赖、控制、忠诚度、关系结果或适配度；不得把某种照顾方式等同于爱得更多或更少。,中,待验证,,provisional=true; state_rule=SC17,0.4
M3-CARE-184,SC18 忌而过旺｜禁止直接写过度付出,L4 状态修正,CARE-状态修正,通用,状态修正,SC18 忌而过旺｜禁止直接写过度付出,,CARE通道为忌且过旺，调节不足。,基础事实失效；与共享引擎结果冲突；source_id重复而未去重。,由共享基础引擎与M3-STATE修正,不限定；夫妻星仅在形成独立CARE证据或入宫接口时参与,由M3-BASE、日支结构及共享引擎提供,无／待CARE路径规则组合,全局有效信号；日柱及亲密关系近位优先,由共享基础引擎判定,由共享基础引擎判定,喜忌不直接等于愿不愿付出；只修正调用顺畅度与资源压力,原十神性质有效；真合化成立时按化神路由,由共享基础引擎判定,57,路由M4；CARE不判风险,boundary_note,CARE通道为忌且过旺，调节不足。,只能说明这项支持方式容易抢先或占据资源，不能直接下“牺牲、耗竭、控制”的结论。,不得由本规则直接推出过度付出、付出失衡、依赖、控制、忠诚度、关系结果或适配度；不得把某种照顾方式等同于爱得更多或更少。,高,待验证,,provisional=true; state_rule=SC18,0.4
M3-CARE-185,SC19 有制有化｜通道经过另一系统调节,L4 状态修正,CARE-状态修正,通用,状态修正,SC19 有制有化｜通道经过另一系统调节,,原CARE通道有效，且存在可靠制化关系但未真合化替换。,基础事实失效；与共享引擎结果冲突；source_id重复而未去重。,由共享基础引擎与M3-STATE修正,不限定；夫妻星仅在形成独立CARE证据或入宫接口时参与,由M3-BASE、日支结构及共享引擎提供,无／待CARE路径规则组合,全局有效信号；日柱及亲密关系近位优先,由共享基础引擎判定,由共享基础引擎判定,喜忌不直接等于愿不愿付出；只修正调用顺畅度与资源压力,原十神性质有效；真合化成立时按化神路由,由共享基础引擎判定,57,建立桥接路径 +5,care_path,原CARE通道有效，且存在可靠制化关系但未真合化替换。,支持方式会经过另一系统调节，例如行动先经过沟通，投入先经过边界协商。,不得由本规则直接推出过度付出、付出失衡、依赖、控制、忠诚度、关系结果或适配度；不得把某种照顾方式等同于爱得更多或更少。,中高,待验证,,provisional=true; state_rule=SC19,0.4
M3-CARE-186,SC20 强而无制｜压力下更易抢先,L4 状态修正,CARE-状态修正,通用,状态修正,SC20 强而无制｜压力下更易抢先,,主CARE通道强而无制，且M3-STATE显示压力触发。,基础事实失效；与共享引擎结果冲突；source_id重复而未去重。,由共享基础引擎与M3-STATE修正,不限定；夫妻星仅在形成独立CARE证据或入宫接口时参与,由M3-BASE、日支结构及共享引擎提供,无／待CARE路径规则组合,全局有效信号；日柱及亲密关系近位优先,由共享基础引擎判定,由共享基础引擎判定,喜忌不直接等于愿不愿付出；只修正调用顺畅度与资源压力,原十神性质有效；真合化成立时按化神路由,由共享基础引擎判定,57,压力通道 +5,state_shift,主CARE通道强而无制，且M3-STATE显示压力触发。,压力增加时，这项支持方式更容易成为第一反应，但不等于平时只有这一种方式。,不得由本规则直接推出过度付出、付出失衡、依赖、控制、忠诚度、关系结果或适配度；不得把某种照顾方式等同于爱得更多或更少。,中,待验证,,provisional=true; state_rule=SC20,0.4
M3-CARE-187,SC21 合而不化｜保留原通道并修正牵连,L4 状态修正,CARE-状态修正,通用,状态修正,SC21 合而不化｜保留原通道并修正牵连,,存在合，但真合化条件不成立。,基础事实失效；与共享引擎结果冲突；source_id重复而未去重。,由共享基础引擎与M3-STATE修正,不限定；夫妻星仅在形成独立CARE证据或入宫接口时参与,由M3-BASE、日支结构及共享引擎提供,无／待CARE路径规则组合,全局有效信号；日柱及亲密关系近位优先,由共享基础引擎判定,由共享基础引擎判定,喜忌不直接等于愿不愿付出；只修正调用顺畅度与资源压力,原十神性质有效；真合化成立时按化神路由,由共享基础引擎判定,57,原通道保留；双通道候选 +3,care_path,存在合，但真合化条件不成立。,原CARE通道仍然有效，只是更容易与另一项支持内容绑定、协商或相互牵连。,不得由本规则直接推出过度付出、付出失衡、依赖、控制、忠诚度、关系结果或适配度；不得把某种照顾方式等同于爱得更多或更少。,中,待验证,,provisional=true; state_rule=SC21,0.4
M3-CARE-188,SC22 真合化｜原通道清零并按化神重建,L4 状态修正,CARE-状态修正,通用,状态修正,SC22 真合化｜原通道清零并按化神重建,,共享基础引擎确认真合化成立，化神五行与阴阳映射可靠。,基础事实失效；与共享引擎结果冲突；source_id重复而未去重。,由共享基础引擎与M3-STATE修正,不限定；夫妻星仅在形成独立CARE证据或入宫接口时参与,由M3-BASE、日支结构及共享引擎提供,无／待CARE路径规则组合,全局有效信号；日柱及亲密关系近位优先,由共享基础引擎判定,由共享基础引擎判定,喜忌不直接等于愿不愿付出；只修正调用顺畅度与资源压力,原十神性质有效；真合化成立时按化神路由,由共享基础引擎判定,57,原分清零；替换路由,report_status,共享基础引擎确认真合化成立，化神五行与阴阳映射可靠。,原十神CARE性质停止计分，改按化神所属功能系统重新判断支持方式。,不得由本规则直接推出过度付出、付出失衡、依赖、控制、忠诚度、关系结果或适配度；不得把某种照顾方式等同于爱得更多或更少。,高,待验证,,provisional=true; state_rule=SC22,0.4
M3-CARE-189,SC23 日柱／日支近位｜亲密关系直接调用,L4 状态修正,CARE-状态修正,通用,状态修正,SC23 日柱／日支近位｜亲密关系直接调用,,CARE信号位于日柱、日支主气或与日主形成直接近位关系。,基础事实失效；与共享引擎结果冲突；source_id重复而未去重。,由共享基础引擎与M3-STATE修正,不限定；夫妻星仅在形成独立CARE证据或入宫接口时参与,由M3-BASE、日支结构及共享引擎提供,无／待CARE路径规则组合,全局有效信号；日柱及亲密关系近位优先,由共享基础引擎判定,由共享基础引擎判定,喜忌不直接等于愿不愿付出；只修正调用顺畅度与资源压力,原十神性质有效；真合化成立时按化神路由,由共享基础引擎判定,57,主通道 +7,primary_care_channel,CARE信号位于日柱、日支主气或与日主形成直接近位关系。,这项支持方式更容易直接进入亲密关系日常，而不只停留在外部角色。,不得由本规则直接推出过度付出、付出失衡、依赖、控制、忠诚度、关系结果或适配度；不得把某种照顾方式等同于爱得更多或更少。,中高,待验证,,provisional=true; state_rule=SC23,0.4
M3-CARE-190,SC24 月柱中近位｜稳定背景支持,L4 状态修正,CARE-状态修正,通用,状态修正,SC24 月柱中近位｜稳定背景支持,,CARE信号位于月柱或与日柱有稳定连接。,基础事实失效；与共享引擎结果冲突；source_id重复而未去重。,由共享基础引擎与M3-STATE修正,不限定；夫妻星仅在形成独立CARE证据或入宫接口时参与,由M3-BASE、日支结构及共享引擎提供,无／待CARE路径规则组合,全局有效信号；日柱及亲密关系近位优先,由共享基础引擎判定,由共享基础引擎判定,喜忌不直接等于愿不愿付出；只修正调用顺畅度与资源压力,原十神性质有效；真合化成立时按化神路由,由共享基础引擎判定,57,主/次候选 +4,secondary_care_channel,CARE信号位于月柱或与日柱有稳定连接。,这项支持方式较容易成为长期生活和关系角色中的稳定背景。,不得由本规则直接推出过度付出、付出失衡、依赖、控制、忠诚度、关系结果或适配度；不得把某种照顾方式等同于爱得更多或更少。,中,待验证,,provisional=true; state_rule=SC24,0.4
M3-CARE-191,SC25 年时远位｜情境或阶段化表达,L4 状态修正,CARE-状态修正,通用,状态修正,SC25 年时远位｜情境或阶段化表达,,CARE信号主要位于年柱、时柱或与日柱连接较弱。,基础事实失效；与共享引擎结果冲突；source_id重复而未去重。,由共享基础引擎与M3-STATE修正,不限定；夫妻星仅在形成独立CARE证据或入宫接口时参与,由M3-BASE、日支结构及共享引擎提供,无／待CARE路径规则组合,全局有效信号；日柱及亲密关系近位优先,由共享基础引擎判定,由共享基础引擎判定,喜忌不直接等于愿不愿付出；只修正调用顺畅度与资源压力,原十神性质有效；真合化成立时按化神路由,由共享基础引擎判定,57,次候选 +2；降置信,secondary_care_channel,CARE信号主要位于年柱、时柱或与日柱连接较弱。,这项支持方式可能更依赖特定环境、未来阶段或外部角色，不宜直接写成亲密关系核心。,不得由本规则直接推出过度付出、付出失衡、依赖、控制、忠诚度、关系结果或适配度；不得把某种照顾方式等同于爱得更多或更少。,中低,待验证,,provisional=true; state_rule=SC25,0.4
M3-CARE-192,SC26 正偏同系统并见｜先收敛功能系统,L4 状态修正,CARE-状态修正,通用,状态修正,SC26 正偏同系统并见｜先收敛功能系统,,同一五系统中的正偏十神同时有效。,基础事实失效；与共享引擎结果冲突；source_id重复而未去重。,由共享基础引擎与M3-STATE修正,不限定；夫妻星仅在形成独立CARE证据或入宫接口时参与,由M3-BASE、日支结构及共享引擎提供,无／待CARE路径规则组合,全局有效信号；日柱及亲密关系近位优先,由共享基础引擎判定,由共享基础引擎判定,喜忌不直接等于愿不愿付出；只修正调用顺畅度与资源压力,原十神性质有效；真合化成立时按化神路由,由共享基础引擎判定,57,系统层合并；不重复加基础分,provenance,同一五系统中的正偏十神同时有效。,先合并为同一支持系统，再判断两者是风格分工、主次还是同义重复。,不得由本规则直接推出过度付出、付出失衡、依赖、控制、忠诚度、关系结果或适配度；不得把某种照顾方式等同于爱得更多或更少。,高,待验证,,provisional=true; state_rule=SC26,0.4
M3-CARE-193,SC27 正偏同系统功能分工｜稳定与灵活并存,L4 状态修正,CARE-状态修正,通用,状态修正,SC27 正偏同系统功能分工｜稳定与灵活并存,,正偏十神来源独立、功能不同且均达到次通道门槛。,基础事实失效；与共享引擎结果冲突；source_id重复而未去重。,由共享基础引擎与M3-STATE修正,不限定；夫妻星仅在形成独立CARE证据或入宫接口时参与,由M3-BASE、日支结构及共享引擎提供,无／待CARE路径规则组合,全局有效信号；日柱及亲密关系近位优先,由共享基础引擎判定,由共享基础引擎判定,喜忌不直接等于愿不愿付出；只修正调用顺畅度与资源压力,原十神性质有效；真合化成立时按化神路由,由共享基础引擎判定,57,双风格候选 +4,secondary_care_channel,正偏十神来源独立、功能不同且均达到次通道门槛。,可以输出同一系统内的分工，例如正财负责稳定投入，偏财负责灵活体验，但正文仍只保留一个系统主轴。,不得由本规则直接推出过度付出、付出失衡、依赖、控制、忠诚度、关系结果或适配度；不得把某种照顾方式等同于爱得更多或更少。,中,待验证,,provisional=true; state_rule=SC27,0.4
M3-CARE-194,SC28 正偏同源重复｜同义收敛,L4 状态修正,CARE-状态修正,通用,状态修正,SC28 正偏同源重复｜同义收敛,,正偏信号实际来自同一source_id、同一合化结果或无法证明功能独立。,基础事实失效；与共享引擎结果冲突；source_id重复而未去重。,由共享基础引擎与M3-STATE修正,不限定；夫妻星仅在形成独立CARE证据或入宫接口时参与,由M3-BASE、日支结构及共享引擎提供,无／待CARE路径规则组合,全局有效信号；日柱及亲密关系近位优先,由共享基础引擎判定,由共享基础引擎判定,喜忌不直接等于愿不愿付出；只修正调用顺畅度与资源压力,原十神性质有效；真合化成立时按化神路由,由共享基础引擎判定,57,去重；仅保留高权威描述,provenance,正偏信号实际来自同一source_id、同一合化结果或无法证明功能独立。,看似两种支持方式时，若本质是同一事实，应合并而不是堆成双通道。,不得由本规则直接推出过度付出、付出失衡、依赖、控制、忠诚度、关系结果或适配度；不得把某种照顾方式等同于爱得更多或更少。,高,待验证,,provisional=true; state_rule=SC28,0.4
M3-CARE-195,IF01 BASE同源接口｜底盘与CARE共享一次基础权重,L5 接口、去重与停止,CARE-接口门控,通用,接口／去重／停止,M3-BASE,,BASE和CARE读取同一日支、同一藏干或同一source_id。,无；按规则本身执行。,由共享基础引擎与M3-STATE修正,不限定；夫妻星仅在形成独立CARE证据或入宫接口时参与,由M3-BASE、日支结构及共享引擎提供,无／待CARE路径规则组合,全局有效信号；日柱及亲密关系近位优先,由共享基础引擎判定,由共享基础引擎判定,喜忌不直接等于愿不愿付出；只修正调用顺畅度与资源压力,原十神性质有效；真合化成立时按化神路由,由共享基础引擎判定,62,不加分；接口／去重／路由,provenance,BASE保留关系运行主题，CARE细化具体支持行为；基础权重只计一次。,同一个日支可以同时说明关系主题和照顾方式，但不会被当成两份独立证据。,不得由本规则直接推出过度付出、付出失衡、依赖、控制、忠诚度、关系结果或适配度；不得把某种照顾方式等同于爱得更多或更少。,高,待验证,,provisional=true; interface=IF01,0.4
M3-CARE-196,IF02 BASE异源接口｜次通道可独立升级,L5 接口、去重与停止,CARE-接口门控,通用,接口／去重／停止,M3-BASE,,BASE主底盘与另一独立CARE信号来源不同、功能不同。,无；按规则本身执行。,由共享基础引擎与M3-STATE修正,不限定；夫妻星仅在形成独立CARE证据或入宫接口时参与,由M3-BASE、日支结构及共享引擎提供,无／待CARE路径规则组合,全局有效信号；日柱及亲密关系近位优先,由共享基础引擎判定,由共享基础引擎判定,喜忌不直接等于愿不愿付出；只修正调用顺畅度与资源压力,原十神性质有效；真合化成立时按化神路由,由共享基础引擎判定,62,不加分；接口／去重／路由,secondary_care_channel,独立次信号可形成次CARE通道，但必须达到次通道门槛并说明功能分工。,关系底盘和具体支持方式不完全相同时，可以保留一个真正有作用的补充通道。,不得由本规则直接推出过度付出、付出失衡、依赖、控制、忠诚度、关系结果或适配度；不得把某种照顾方式等同于爱得更多或更少。,中高,待验证,,provisional=true; interface=IF02,0.4
M3-CARE-197,IF03 EXPR行动表达→CARE连续性复核,L5 接口、去重与停止,CARE-接口门控,通用,接口／去重／停止,M3-EXPR,,EXPR识别正财、偏财、官杀或行动为在意表达。,无；按规则本身执行。,由共享基础引擎与M3-STATE修正,不限定；夫妻星仅在形成独立CARE证据或入宫接口时参与,由M3-BASE、日支结构及共享引擎提供,无／待CARE路径规则组合,全局有效信号；日柱及亲密关系近位优先,由共享基础引擎判定,由共享基础引擎判定,喜忌不直接等于愿不愿付出；只修正调用顺畅度与资源压力,原十神性质有效；真合化成立时按化神路由,由共享基础引擎判定,62,不加分；接口／去重／路由,continuity_mode,CARE必须继续检查根气、重复行为、资源安排和反馈链，不能把表达动作直接写成长投入。,用行动表达在意之后，还要看这种行动是否持续、怎样分工和怎样被对方接收。,不得由本规则直接推出过度付出、付出失衡、依赖、控制、忠诚度、关系结果或适配度；不得把某种照顾方式等同于爱得更多或更少。,高,待验证,,provisional=true; interface=IF03,0.4
M3-CARE-198,IF04 EXPR倾听承接→CARE给予与接受分栏,L5 接口、去重与停止,CARE-接口门控,通用,接口／去重／停止,M3-EXPR,,EXPR识别正印或偏印为倾听、内化或回应方式。,无；按规则本身执行。,由共享基础引擎与M3-STATE修正,不限定；夫妻星仅在形成独立CARE证据或入宫接口时参与,由M3-BASE、日支结构及共享引擎提供,无／待CARE路径规则组合,全局有效信号；日柱及亲密关系近位优先,由共享基础引擎判定,由共享基础引擎判定,喜忌不直接等于愿不愿付出；只修正调用顺畅度与资源压力,原十神性质有效；真合化成立时按化神路由,由共享基础引擎判定,62,不加分；接口／去重／路由,support_receiving_style,CARE分别判断用户是否主动承接对方、是否能请求与接受支持，不能只写“会倾听”。,你愿意倾听对方，不自动代表你同样容易向对方求助或接受照顾。,不得由本规则直接推出过度付出、付出失衡、依赖、控制、忠诚度、关系结果或适配度；不得把某种照顾方式等同于爱得更多或更少。,高,待验证,,provisional=true; interface=IF04,0.4
M3-CARE-199,IF05 EXPR语言→CARE落实桥梁,L5 接口、去重与停止,CARE-接口门控,通用,接口／去重／停止,M3-EXPR,,食伤表达与财官杀投入同时有效，且来源独立。,无；按规则本身执行。,由共享基础引擎与M3-STATE修正,不限定；夫妻星仅在形成独立CARE证据或入宫接口时参与,由M3-BASE、日支结构及共享引擎提供,无／待CARE路径规则组合,全局有效信号；日柱及亲密关系近位优先,由共享基础引擎判定,由共享基础引擎判定,喜忌不直接等于愿不愿付出；只修正调用顺畅度与资源压力,原十神性质有效；真合化成立时按化神路由,由共享基础引擎判定,62,不加分；接口／去重／路由,care_path,可建立CF03或CF04路径，说明表达怎样转为安排和责任；不能由五行相生单独推断。,当交流与现实行动都有证据时，可以说明你如何从说清楚转向实际落实。,不得由本规则直接推出过度付出、付出失衡、依赖、控制、忠诚度、关系结果或适配度；不得把某种照顾方式等同于爱得更多或更少。,中高,待验证,,provisional=true; interface=IF05,0.4
M3-CARE-200,IF06 BOUND接口｜资源权限与停止点后续判断,L5 接口、去重与停止,CARE-接口门控,通用,接口／去重／停止,M3-BOUND,,CARE识别大量投入、共同资源、替对方处理或接受帮助。,无；按规则本身执行。,由共享基础引擎与M3-STATE修正,不限定；夫妻星仅在形成独立CARE证据或入宫接口时参与,由M3-BASE、日支结构及共享引擎提供,无／待CARE路径规则组合,全局有效信号；日柱及亲密关系近位优先,由共享基础引擎判定,由共享基础引擎判定,喜忌不直接等于愿不愿付出；只修正调用顺畅度与资源压力,原十神性质有效；真合化成立时按化神路由,由共享基础引擎判定,80,不加分；接口／去重／路由,resource_boundary_note,CARE只写内容与交换方式；谁有决定权、何时停止和是否可拒绝由BOUND判断。,这里能说明你怎样投入，但投入到什么程度、谁来决定，需要在边界模块继续看。,不得由本规则直接推出过度付出、付出失衡、依赖、控制、忠诚度、关系结果或适配度；不得把某种照顾方式等同于爱得更多或更少。,高,待验证,,provisional=true; interface=IF06,0.4
M3-CARE-201,IF07 BOUND接口｜能求助不等于依赖,L5 接口、去重与停止,CARE-接口门控,通用,接口／去重／停止,M3-BOUND,,RQ01—RQ04任一请求支持方式成立。,无；按规则本身执行。,由共享基础引擎与M3-STATE修正,不限定；夫妻星仅在形成独立CARE证据或入宫接口时参与,由M3-BASE、日支结构及共享引擎提供,无／待CARE路径规则组合,全局有效信号；日柱及亲密关系近位优先,由共享基础引擎判定,由共享基础引擎判定,喜忌不直接等于愿不愿付出；只修正调用顺畅度与资源压力,原十神性质有效；真合化成立时按化神路由,由共享基础引擎判定,62,不加分；接口／去重／路由,boundary_note,请求帮助是支持交换能力，不直接代表依赖或自主性不足。,能够说出需要，是一种关系沟通方式，不等于你没有独立处理事情的能力。,不得由本规则直接推出过度付出、付出失衡、依赖、控制、忠诚度、关系结果或适配度；不得把某种照顾方式等同于爱得更多或更少。,高,待验证,,provisional=true; interface=IF07,0.4
M3-CARE-202,IF08 BOUND接口｜并肩支持不等于拒绝亲密,L5 接口、去重与停止,CARE-接口门控,通用,接口／去重／停止,M3-BOUND,,比肩、劫财或保留自主后接收成立。,无；按规则本身执行。,由共享基础引擎与M3-STATE修正,不限定；夫妻星仅在形成独立CARE证据或入宫接口时参与,由M3-BASE、日支结构及共享引擎提供,无／待CARE路径规则组合,全局有效信号；日柱及亲密关系近位优先,由共享基础引擎判定,由共享基础引擎判定,喜忌不直接等于愿不愿付出；只修正调用顺畅度与资源压力,原十神性质有效；真合化成立时按化神路由,由共享基础引擎判定,62,不加分；接口／去重／路由,boundary_note,尊重自主和共同参与只描述支持结构，不能推断用户排斥照顾或不愿亲近。,你更喜欢保留参与感和选择权，不代表你拒绝被照顾或不需要亲密。,不得由本规则直接推出过度付出、付出失衡、依赖、控制、忠诚度、关系结果或适配度；不得把某种照顾方式等同于爱得更多或更少。,高,待验证,,provisional=true; interface=IF08,0.4
M3-CARE-203,IF09 CONFLICT接口｜危机处理与分歧反应分开,L5 接口、去重与停止,CARE-接口门控,通用,接口／去重／停止,M3-CONFLICT,,CP09行动保护或七杀CARE在困难情境有效。,无；按规则本身执行。,由共享基础引擎与M3-STATE修正,不限定；夫妻星仅在形成独立CARE证据或入宫接口时参与,由M3-BASE、日支结构及共享引擎提供,无／待CARE路径规则组合,全局有效信号；日柱及亲密关系近位优先,由共享基础引擎判定,由共享基础引擎判定,喜忌不直接等于愿不愿付出；只修正调用顺畅度与资源压力,原十神性质有效；真合化成立时按化神路由,由共享基础引擎判定,62,不加分；接口／去重／路由,boundary_note,关键时刻先处理问题可作为支持方式；分歧时的语气、权力和协商需CONFLICT独立判断。,你可能在困难时先解决问题，但这不能单独说明发生分歧时怎样沟通。,不得由本规则直接推出过度付出、付出失衡、依赖、控制、忠诚度、关系结果或适配度；不得把某种照顾方式等同于爱得更多或更少。,高,待验证,,provisional=true; interface=IF09,0.4
M3-CARE-204,IF10 CONFLICT接口｜解题支持不等于纠错压制,L5 接口、去重与停止,CARE-接口门控,通用,接口／去重／停止,M3-CONFLICT,,CP07解题支持或伤官CARE成立。,无；按规则本身执行。,由共享基础引擎与M3-STATE修正,不限定；夫妻星仅在形成独立CARE证据或入宫接口时参与,由M3-BASE、日支结构及共享引擎提供,无／待CARE路径规则组合,全局有效信号；日柱及亲密关系近位优先,由共享基础引擎判定,由共享基础引擎判定,喜忌不直接等于愿不愿付出；只修正调用顺畅度与资源压力,原十神性质有效；真合化成立时按化神路由,由共享基础引擎判定,62,不加分；接口／去重／路由,boundary_note,提供建议与分析是支持内容；是否在冲突中变成否定或压迫必须有独立风险证据。,你会给方案和分析，不等于每次分歧都会纠正对方或压过对方感受。,不得由本规则直接推出过度付出、付出失衡、依赖、控制、忠诚度、关系结果或适配度；不得把某种照顾方式等同于爱得更多或更少。,高,待验证,,provisional=true; interface=IF10,0.4
M3-CARE-205,IF11 REPAIR接口｜舒缓照料可作为修复资源,L5 接口、去重与停止,CARE-接口门控,通用,接口／去重／停止,M3-REPAIR,,食神、正印或CP06日常支持稳定，并在紧张后有独立调用证据。,无；按规则本身执行。,由共享基础引擎与M3-STATE修正,不限定；夫妻星仅在形成独立CARE证据或入宫接口时参与,由M3-BASE、日支结构及共享引擎提供,无／待CARE路径规则组合,全局有效信号；日柱及亲密关系近位优先,由共享基础引擎判定,由共享基础引擎判定,喜忌不直接等于愿不愿付出；只修正调用顺畅度与资源压力,原十神性质有效；真合化成立时按化神路由,由共享基础引擎判定,62,不加分；接口／去重／路由,repair_resource,CARE可向REPAIR提供可用资源，但不直接决定修复是否启动或成功。,陪伴和安抚可能成为关系缓和的资源，但是否会在矛盾后主动使用，需要修复模块确认。,不得由本规则直接推出过度付出、付出失衡、依赖、控制、忠诚度、关系结果或适配度；不得把某种照顾方式等同于爱得更多或更少。,中,待验证,,provisional=true; interface=IF11,0.4
M3-CARE-206,IF12 REPAIR接口｜行动承担可作为修复资源,L5 接口、去重与停止,CARE-接口门控,通用,接口／去重／停止,M3-REPAIR,,财官杀CARE稳定，并在问题后出现补救、兑现或承担行为。,无；按规则本身执行。,由共享基础引擎与M3-STATE修正,不限定；夫妻星仅在形成独立CARE证据或入宫接口时参与,由M3-BASE、日支结构及共享引擎提供,无／待CARE路径规则组合,全局有效信号；日柱及亲密关系近位优先,由共享基础引擎判定,由共享基础引擎判定,喜忌不直接等于愿不愿付出；只修正调用顺畅度与资源压力,原十神性质有效；真合化成立时按化神路由,由共享基础引擎判定,62,不加分；接口／去重／路由,repair_resource,实际补救可成为修复路径的一部分，但不能只凭官杀财星推断用户一定会主动修复。,把事情补上、重新兑现或处理遗留问题，可能是你的修复资源之一。,不得由本规则直接推出过度付出、付出失衡、依赖、控制、忠诚度、关系结果或适配度；不得把某种照顾方式等同于爱得更多或更少。,中,待验证,,provisional=true; interface=IF12,0.4
M3-CARE-207,IF13 STATE接口｜平稳主CARE先确定,L5 接口、去重与停止,CARE-接口门控,通用,接口／去重／停止,M3-STATE,,需要比较日常、压力和恢复状态。,无；按规则本身执行。,由共享基础引擎与M3-STATE修正,不限定；夫妻星仅在形成独立CARE证据或入宫接口时参与,由M3-BASE、日支结构及共享引擎提供,无／待CARE路径规则组合,全局有效信号；日柱及亲密关系近位优先,由共享基础引擎判定,由共享基础引擎判定,喜忌不直接等于愿不愿付出；只修正调用顺畅度与资源压力,原十神性质有效；真合化成立时按化神路由,由共享基础引擎判定,62,不加分；接口／去重／路由,state_shift,先由CARE确定平稳主通道，再由STATE判断压力抢占和恢复回归，避免用极端情境覆盖日常。,先看你平时怎样照顾关系，再说明压力增加时是否会切换。,不得由本规则直接推出过度付出、付出失衡、依赖、控制、忠诚度、关系结果或适配度；不得把某种照顾方式等同于爱得更多或更少。,高,待验证,,provisional=true; interface=IF13,0.4
M3-CARE-208,IF14 STATE接口｜恢复回归需要独立链,L5 接口、去重与停止,CARE-接口门控,通用,接口／去重／停止,M3-STATE,,存在ST02压力通道抢先或不同通道切换。,无；按规则本身执行。,由共享基础引擎与M3-STATE修正,不限定；夫妻星仅在形成独立CARE证据或入宫接口时参与,由M3-BASE、日支结构及共享引擎提供,无／待CARE路径规则组合,全局有效信号；日柱及亲密关系近位优先,由共享基础引擎判定,由共享基础引擎判定,喜忌不直接等于愿不愿付出；只修正调用顺畅度与资源压力,原十神性质有效；真合化成立时按化神路由,由共享基础引擎判定,62,不加分；接口／去重／路由,state_shift,只有具备恢复证据时，才能写“事情稳定后回到原通道”；不能凭五行循环自动生成。,是否会在事情处理后回到陪伴、沟通或日常经营，需要真实的恢复链支持。,不得由本规则直接推出过度付出、付出失衡、依赖、控制、忠诚度、关系结果或适配度；不得把某种照顾方式等同于爱得更多或更少。,中高,待验证,,provisional=true; interface=IF14,0.4
M3-CARE-209,IF15 M4路由｜强通道占位候选,L5 接口、去重与停止,CARE-接口门控,通用,接口／去重／停止,M4,,SC10、SC18或单一通道过旺无制成立。,无；按规则本身执行。,由共享基础引擎与M3-STATE修正,不限定；夫妻星仅在形成独立CARE证据或入宫接口时参与,由M3-BASE、日支结构及共享引擎提供,无／待CARE路径规则组合,全局有效信号；日柱及亲密关系近位优先,由共享基础引擎判定,由共享基础引擎判定,喜忌不直接等于愿不愿付出；只修正调用顺畅度与资源压力,原十神性质有效；真合化成立时按化神路由,由共享基础引擎判定,62,不加分；接口／去重／路由,risk_route,CARE只标记通道容易抢先、资源集中或反馈不清；过度承担、耗竭和关系失衡交给M4。,这项支持方式可能很容易成为第一反应，但是否形成负担，需要在关系盲点模型中判断。,不得由本规则直接推出过度付出、付出失衡、依赖、控制、忠诚度、关系结果或适配度；不得把某种照顾方式等同于爱得更多或更少。,高,待验证,,provisional=true; interface=IF15,0.4
M3-CARE-210,IF16 M4路由｜单向可见不等于单向关系,L5 接口、去重与停止,CARE-接口门控,通用,接口／去重／停止,M4,,CE06单向可见候选成立。,无；按规则本身执行。,由共享基础引擎与M3-STATE修正,不限定；夫妻星仅在形成独立CARE证据或入宫接口时参与,由M3-BASE、日支结构及共享引擎提供,无／待CARE路径规则组合,全局有效信号；日柱及亲密关系近位优先,由共享基础引擎判定,由共享基础引擎判定,喜忌不直接等于愿不愿付出；只修正调用顺畅度与资源压力,原十神性质有效；真合化成立时按化神路由,由共享基础引擎判定,62,不加分；接口／去重／路由,boundary_note,缺少一侧资料时先保留未知；只有持续无回应、资源耗竭等独立证据才能进入M4。,目前只说明哪一侧更容易被看见，不能直接说关系只有一方付出。,不得由本规则直接推出过度付出、付出失衡、依赖、控制、忠诚度、关系结果或适配度；不得把某种照顾方式等同于爱得更多或更少。,高,待验证,,provisional=true; interface=IF16,0.4
M3-CARE-211,IF17 M5接口｜CARE风格不得直接生成适配结论,L5 接口、去重与停止,CARE-接口门控,通用,接口／去重／停止,M5,,用户询问哪种支持最适合或伴侣应怎样回应。,无；按规则本身执行。,由共享基础引擎与M3-STATE修正,不限定；夫妻星仅在形成独立CARE证据或入宫接口时参与,由M3-BASE、日支结构及共享引擎提供,无／待CARE路径规则组合,全局有效信号；日柱及亲密关系近位优先,由共享基础引擎判定,由共享基础引擎判定,喜忌不直接等于愿不愿付出；只修正调用顺畅度与资源压力,原十神性质有效；真合化成立时按化神路由,由共享基础引擎判定,62,不加分；接口／去重／路由,boundary_note,M3提供常用支持与接收方式；M5结合双方结构判断适配，不能由M3单独决定。,你常用的方式会成为适配分析的输入，但不是最终适合结论。,不得由本规则直接推出过度付出、付出失衡、依赖、控制、忠诚度、关系结果或适配度；不得把某种照顾方式等同于爱得更多或更少。,高,待验证,,provisional=true; interface=IF17,0.4
M3-CARE-212,IF18 夫妻星入日支｜选择—相处—照顾连续性,L5 接口、去重与停止,CARE-接口门控,通用,接口／去重／停止,M2/M3-BASE,,夫妻星进入日支主气或高权威近位，且M2与CARE读取同一事实。,无；按规则本身执行。,由共享基础引擎与M3-STATE修正,不限定；夫妻星仅在形成独立CARE证据或入宫接口时参与,由M3-BASE、日支结构及共享引擎提供,无／待CARE路径规则组合,全局有效信号；日柱及亲密关系近位优先,由共享基础引擎判定,由共享基础引擎判定,喜忌不直接等于愿不愿付出；只修正调用顺畅度与资源压力,原十神性质有效；真合化成立时按化神路由,由共享基础引擎判定,62,不加分；接口／去重／路由,provenance,可以说明用户选择时看重的资格证据，进入关系后可能延续为支持行为；基础证据仍只算一次。,你在选择关系时看重的行动、责任或投入，进入关系后也可能成为你维持关系的方式。,不得由本规则直接推出过度付出、付出失衡、依赖、控制、忠诚度、关系结果或适配度；不得把某种照顾方式等同于爱得更多或更少。,中高,待验证,,provisional=true; interface=IF18,0.4
M3-CARE-213,IF19 夫妻星不作为CARE唯一主轴,L5 接口、去重与停止,CARE-接口门控,通用,接口／去重／停止,M2,,夫妻星明显，但其他CARE通道有更高近位或独立支持。,无；按规则本身执行。,由共享基础引擎与M3-STATE修正,不限定；夫妻星仅在形成独立CARE证据或入宫接口时参与,由M3-BASE、日支结构及共享引擎提供,无／待CARE路径规则组合,全局有效信号；日柱及亲密关系近位优先,由共享基础引擎判定,由共享基础引擎判定,喜忌不直接等于愿不愿付出；只修正调用顺畅度与资源压力,原十神性质有效；真合化成立时按化神路由,由共享基础引擎判定,62,不加分；接口／去重／路由,boundary_note,CARE主通道按关系运行证据裁决，不因夫妻星身份自动覆盖日支、根气和有效流向。,伴侣资格信号不会自动决定你所有的照顾方式。,不得由本规则直接推出过度付出、付出失衡、依赖、控制、忠诚度、关系结果或适配度；不得把某种照顾方式等同于爱得更多或更少。,高,待验证,,provisional=true; interface=IF19,0.4
M3-CARE-214,IF20 source_id基础去重｜跨模块共享事实,L5 接口、去重与停止,CARE-接口门控,通用,接口／去重／停止,全局,,多个模块引用同一事实编号。,无；按规则本身执行。,由共享基础引擎与M3-STATE修正,不限定；夫妻星仅在形成独立CARE证据或入宫接口时参与,由M3-BASE、日支结构及共享引擎提供,无／待CARE路径规则组合,全局有效信号；日柱及亲密关系近位优先,由共享基础引擎判定,由共享基础引擎判定,喜忌不直接等于愿不愿付出；只修正调用顺畅度与资源压力,原十神性质有效；真合化成立时按化神路由,由共享基础引擎判定,62,不加分；接口／去重／路由,provenance,只保留一个基础分；其他模块记录interpretation_role，不增加独立证据计数。,同一事实可以被不同模块解释，但不会被重复计算。,不得由本规则直接推出过度付出、付出失衡、依赖、控制、忠诚度、关系结果或适配度；不得把某种照顾方式等同于爱得更多或更少。,高,待验证,,provisional=true; interface=IF20,0.4
M3-CARE-215,IF21 同根透藏去重｜外显与稳定分工,L5 接口、去重与停止,CARE-接口门控,通用,接口／去重／停止,全局,,透干与藏支同根或同一支系。,无；按规则本身执行。,由共享基础引擎与M3-STATE修正,不限定；夫妻星仅在形成独立CARE证据或入宫接口时参与,由M3-BASE、日支结构及共享引擎提供,无／待CARE路径规则组合,全局有效信号；日柱及亲密关系近位优先,由共享基础引擎判定,由共享基础引擎判定,喜忌不直接等于愿不愿付出；只修正调用顺畅度与资源压力,原十神性质有效；真合化成立时按化神路由,由共享基础引擎判定,62,不加分；接口／去重／路由,provenance,透干只修正可见度，根气修正重复性；不得把两者当成两个CARE通道。,同一种支持方式既可能外显又有稳定来源，但本质仍是一项功能。,不得由本规则直接推出过度付出、付出失衡、依赖、控制、忠诚度、关系结果或适配度；不得把某种照顾方式等同于爱得更多或更少。,高,待验证,,provisional=true; interface=IF21,0.4
M3-CARE-216,IF22 正偏同系统去重｜先系统后风格,L5 接口、去重与停止,CARE-接口门控,通用,接口／去重／停止,全局,,正偏同系统同时出现。,无；按规则本身执行。,由共享基础引擎与M3-STATE修正,不限定；夫妻星仅在形成独立CARE证据或入宫接口时参与,由M3-BASE、日支结构及共享引擎提供,无／待CARE路径规则组合,全局有效信号；日柱及亲密关系近位优先,由共享基础引擎判定,由共享基础引擎判定,喜忌不直接等于愿不愿付出；只修正调用顺畅度与资源压力,原十神性质有效；真合化成立时按化神路由,由共享基础引擎判定,62,不加分；接口／去重／路由,provenance,先合并五系统基础分，再判断稳定/灵活、温和/分析等风格；只有独立功能才保留次通道。,正偏十神同时出现时，会先看它们是否只是同一支持系统的两种风格。,不得由本规则直接推出过度付出、付出失衡、依赖、控制、忠诚度、关系结果或适配度；不得把某种照顾方式等同于爱得更多或更少。,高,待验证,,provisional=true; interface=IF22,0.4
M3-CARE-217,IF23 停止｜真合化或基础关键争议,L5 接口、去重与停止,CARE-接口门控,通用,接口／去重／停止,全局,,真合化成立但化神映射未完成，或日支主气、旺衰、十神映射存在关键争议。,无；按规则本身执行。,由共享基础引擎与M3-STATE修正,不限定；夫妻星仅在形成独立CARE证据或入宫接口时参与,由M3-BASE、日支结构及共享引擎提供,无／待CARE路径规则组合,全局有效信号；日柱及亲密关系近位优先,由共享基础引擎判定,由共享基础引擎判定,喜忌不直接等于愿不愿付出；只修正调用顺畅度与资源压力,原十神性质有效；真合化成立时按化神路由,由共享基础引擎判定,80,不加分；接口／去重／路由,report_status,停止十神级CARE结论；保留原因和所需补充字段。,关键基础还没有确定时，不会为了完整而硬写固定的照顾模式。,不得由本规则直接推出过度付出、付出失衡、依赖、控制、忠诚度、关系结果或适配度；不得把某种照顾方式等同于爱得更多或更少。,高,待验证,,provisional=true; interface=IF23,0.4
M3-CARE-218,IF24 有限回退｜五系统层输出,L5 接口、去重与停止,CARE-接口门控,通用,接口／去重／停止,全局,,具体十神不确定，但五行功能系统与位置较可靠。,无；按规则本身执行。,由共享基础引擎与M3-STATE修正,不限定；夫妻星仅在形成独立CARE证据或入宫接口时参与,由M3-BASE、日支结构及共享引擎提供,无／待CARE路径规则组合,全局有效信号；日柱及亲密关系近位优先,由共享基础引擎判定,由共享基础引擎判定,喜忌不直接等于愿不愿付出；只修正调用顺畅度与资源压力,原十神性质有效；真合化成立时按化神路由,由共享基础引擎判定,62,不加分；接口／去重／路由,report_status,可以回退到自我边界、表达交流、投入经营、责任行动或承接内化系统，置信度不高于中低。,目前可以判断你更偏向某一类支持系统，但具体方式还需要更多证据。,不得由本规则直接推出过度付出、付出失衡、依赖、控制、忠诚度、关系结果或适配度；不得把某种照顾方式等同于爱得更多或更少。,中高,待验证,,provisional=true; interface=IF24,0.4
M3-CARE-219,SO01 来源权重｜日支主气／日柱直接事实,L6 评分、置信与报告,CARE-合成输出,通用,评分,SO01 来源权重｜日支主气／日柱直接事实,,有效日支主气、日柱近位或M3-BASE高权威来源。,未完成source_id去重；关键基础停止；越过M3-CARE边界。,由共享基础引擎与M3-STATE修正,不限定；夫妻星仅在形成独立CARE证据或入宫接口时参与,由M3-BASE、日支结构及共享引擎提供,无／待CARE路径规则组合,全局有效信号；日柱及亲密关系近位优先,由共享基础引擎判定,由共享基础引擎判定,喜忌不直接等于愿不愿付出；只修正调用顺畅度与资源压力,原十神性质有效；真合化成立时按化神路由,由共享基础引擎判定,70,基础 +18,primary_care_channel,日支主气／日柱直接来源作为CARE候选基础分18；同源不重复。,这类信号更直接进入亲密关系日常，因此在主CARE判断中权重较高。,不得由本规则直接推出过度付出、付出失衡、依赖、控制、忠诚度、关系结果或适配度；不得把某种照顾方式等同于爱得更多或更少。,中高,待验证,,provisional=true; synthesis=SO01,0.4
M3-CARE-220,SO02 来源权重｜近位有根独立信号,L6 评分、置信与报告,CARE-合成输出,通用,评分,SO02 来源权重｜近位有根独立信号,,近位、有根、原十神性质有效且source_id独立。,未完成source_id去重；关键基础停止；越过M3-CARE边界。,由共享基础引擎与M3-STATE修正,不限定；夫妻星仅在形成独立CARE证据或入宫接口时参与,由M3-BASE、日支结构及共享引擎提供,无／待CARE路径规则组合,全局有效信号；日柱及亲密关系近位优先,由共享基础引擎判定,由共享基础引擎判定,喜忌不直接等于愿不愿付出；只修正调用顺畅度与资源压力,原十神性质有效；真合化成立时按化神路由,由共享基础引擎判定,70,基础 +14,primary_care_channel,近位有根独立信号基础分14，可竞争主通道或形成可靠次通道。,靠近日柱且有稳定来源的支持方式，更容易成为长期相处中的真实习惯。,不得由本规则直接推出过度付出、付出失衡、依赖、控制、忠诚度、关系结果或适配度；不得把某种照顾方式等同于爱得更多或更少。,中高,待验证,,provisional=true; synthesis=SO02,0.4
M3-CARE-221,SO03 来源权重｜透干有根外显信号,L6 评分、置信与报告,CARE-合成输出,通用,评分,SO03 来源权重｜透干有根外显信号,,透干有根，但不与日支主气重复。,未完成source_id去重；关键基础停止；越过M3-CARE边界。,由共享基础引擎与M3-STATE修正,不限定；夫妻星仅在形成独立CARE证据或入宫接口时参与,由M3-BASE、日支结构及共享引擎提供,无／待CARE路径规则组合,全局有效信号；日柱及亲密关系近位优先,由共享基础引擎判定,由共享基础引擎判定,喜忌不直接等于愿不愿付出；只修正调用顺畅度与资源压力,原十神性质有效；真合化成立时按化神路由,由共享基础引擎判定,70,基础 +12,care_visibility,透干有根独立信号基础分12；透干提高可见度，根气提高重复性。,这种支持方式既容易被看见，也有一定重复出现的基础。,不得由本规则直接推出过度付出、付出失衡、依赖、控制、忠诚度、关系结果或适配度；不得把某种照顾方式等同于爱得更多或更少。,中高,待验证,,provisional=true; synthesis=SO03,0.4
M3-CARE-222,SO04 来源权重｜全局有效独立信号,L6 评分、置信与报告,CARE-合成输出,通用,评分,SO04 来源权重｜全局有效独立信号,,全局有效、功能清楚、与主来源独立，但位置不近。,未完成source_id去重；关键基础停止；越过M3-CARE边界。,由共享基础引擎与M3-STATE修正,不限定；夫妻星仅在形成独立CARE证据或入宫接口时参与,由M3-BASE、日支结构及共享引擎提供,无／待CARE路径规则组合,全局有效信号；日柱及亲密关系近位优先,由共享基础引擎判定,由共享基础引擎判定,喜忌不直接等于愿不愿付出；只修正调用顺畅度与资源压力,原十神性质有效；真合化成立时按化神路由,由共享基础引擎判定,70,基础 +8,secondary_care_channel,全局有效独立信号基础分8，通常作为次通道、状态通道或情境通道。,这项支持方式在命局中有效，但是否直接成为亲密关系核心，需要结合位置和真实行为。,不得由本规则直接推出过度付出、付出失衡、依赖、控制、忠诚度、关系结果或适配度；不得把某种照顾方式等同于爱得更多或更少。,中,待验证,,provisional=true; synthesis=SO04,0.4
M3-CARE-223,SO05 案例行为校准｜真实重复行为修正,L6 评分、置信与报告,CARE-合成输出,通用,评分,SO05 案例行为校准｜真实重复行为修正,,有用户自述、伴侣反馈或多个关系案例中的重复行为记录。,未完成source_id去重；关键基础停止；越过M3-CARE边界。,由共享基础引擎与M3-STATE修正,不限定；夫妻星仅在形成独立CARE证据或入宫接口时参与,由M3-BASE、日支结构及共享引擎提供,无／待CARE路径规则组合,全局有效信号；日柱及亲密关系近位优先,由共享基础引擎判定,由共享基础引擎判定,喜忌不直接等于愿不愿付出；只修正调用顺畅度与资源压力,原十神性质有效；真合化成立时按化神路由,由共享基础引擎判定,70,案例修正 +0—6,confidence,真实重复行为可在不改变命理基础来源的前提下修正通道可信度与连续性，初始+0—6。,真实相处中的重复行为会用于校准规则，而不是用一次事件替代长期模式。,不得由本规则直接推出过度付出、付出失衡、依赖、控制、忠诚度、关系结果或适配度；不得把某种照顾方式等同于爱得更多或更少。,中高,待验证,,provisional=true; synthesis=SO05,0.4
M3-CARE-224,SO06 主CARE通道门槛｜32分且领先,L6 评分、置信与报告,CARE-合成输出,通用,门槛,SO06 主CARE通道门槛｜32分且领先,,候选通道完成同源去重、状态修正和接口检查。,未完成source_id去重；关键基础停止；越过M3-CARE边界。,由共享基础引擎与M3-STATE修正,不限定；夫妻星仅在形成独立CARE证据或入宫接口时参与,由M3-BASE、日支结构及共享引擎提供,无／待CARE路径规则组合,全局有效信号；日柱及亲密关系近位优先,由共享基础引擎判定,由共享基础引擎判定,喜忌不直接等于愿不愿付出；只修正调用顺畅度与资源压力,原十神性质有效；真合化成立时按化神路由,由共享基础引擎判定,70,门槛：≥32且领先≥8,primary_care_channel,暂定主通道需达到32分，并领先第二候选至少8分；否则进入双通道或低置信路由。,只有证据集中且主次清楚时，才会写成一个明确的主要照顾方式。,不得由本规则直接推出过度付出、付出失衡、依赖、控制、忠诚度、关系结果或适配度；不得把某种照顾方式等同于爱得更多或更少。,中,待验证,,provisional=true; synthesis=SO06,0.4
M3-CARE-225,SO07 次CARE通道门槛｜22分且功能独立,L6 评分、置信与报告,CARE-合成输出,通用,门槛,SO07 次CARE通道门槛｜22分且功能独立,,第二候选source_id独立、功能不同、非同系统同义重复。,未完成source_id去重；关键基础停止；越过M3-CARE边界。,由共享基础引擎与M3-STATE修正,不限定；夫妻星仅在形成独立CARE证据或入宫接口时参与,由M3-BASE、日支结构及共享引擎提供,无／待CARE路径规则组合,全局有效信号；日柱及亲密关系近位优先,由共享基础引擎判定,由共享基础引擎判定,喜忌不直接等于愿不愿付出；只修正调用顺畅度与资源压力,原十神性质有效；真合化成立时按化神路由,由共享基础引擎判定,70,门槛：≥22,secondary_care_channel,暂定次通道需达到22分；若与主通道功能相同则收敛，不进入正文双通道。,补充方式只有在来源独立、功能不同且证据足够时才会被保留。,不得由本规则直接推出过度付出、付出失衡、依赖、控制、忠诚度、关系结果或适配度；不得把某种照顾方式等同于爱得更多或更少。,中,待验证,,provisional=true; synthesis=SO07,0.4
M3-CARE-226,SO08 双通道门槛｜分差小且功能分工,L6 评分、置信与报告,CARE-合成输出,通用,门槛,SO08 双通道门槛｜分差小且功能分工,,前两候选均达到主/次门槛，分差小于8，功能不同并有交换或路径关系。,未完成source_id去重；关键基础停止；越过M3-CARE边界。,由共享基础引擎与M3-STATE修正,不限定；夫妻星仅在形成独立CARE证据或入宫接口时参与,由M3-BASE、日支结构及共享引擎提供,无／待CARE路径规则组合,全局有效信号；日柱及亲密关系近位优先,由共享基础引擎判定,由共享基础引擎判定,喜忌不直接等于愿不愿付出；只修正调用顺畅度与资源压力,原十神性质有效；真合化成立时按化神路由,由共享基础引擎判定,70,双通道路由,care_pattern,转入CP11双通道交换型，正文说明A负责什么、B负责什么，不平铺标签。,当两种支持方式都明显时，会说明它们怎样分工，而不是简单说你什么都会。,不得由本规则直接推出过度付出、付出失衡、依赖、控制、忠诚度、关系结果或适配度；不得把某种照顾方式等同于爱得更多或更少。,中,待验证,,provisional=true; synthesis=SO08,0.4
M3-CARE-227,SO09 输出上限｜一主一次一主路径,L6 评分、置信与报告,CARE-合成输出,通用,门槛,SO09 输出上限｜一主一次一主路径,,生成用户正文。,未完成source_id去重；关键基础停止；越过M3-CARE边界。,由共享基础引擎与M3-STATE修正,不限定；夫妻星仅在形成独立CARE证据或入宫接口时参与,由M3-BASE、日支结构及共享引擎提供,无／待CARE路径规则组合,全局有效信号；日柱及亲密关系近位优先,由共享基础引擎判定,由共享基础引擎判定,喜忌不直接等于愿不愿付出；只修正调用顺畅度与资源压力,原十神性质有效；真合化成立时按化神路由,由共享基础引擎判定,70,不加分；裁剪,report_template,正文最多保留一个主CARE通道、一个有效次通道、一种投入模式、一种接受方式和一条主CARE路径。,最终输出会保留真正有辨识度的重点，不把所有候选标签堆在一起。,不得由本规则直接推出过度付出、付出失衡、依赖、控制、忠诚度、关系结果或适配度；不得把某种照顾方式等同于爱得更多或更少。,高,待验证,,provisional=true; synthesis=SO09,0.4
M3-CARE-228,SO10 高置信｜多源独立且基础稳定,L6 评分、置信与报告,CARE-合成输出,通用,置信,SO10 高置信｜多源独立且基础稳定,,主通道有至少两类独立高权威证据；基础状态可靠；去重完成；行为反馈一致。,未完成source_id去重；关键基础停止；越过M3-CARE边界。,由共享基础引擎与M3-STATE修正,不限定；夫妻星仅在形成独立CARE证据或入宫接口时参与,由M3-BASE、日支结构及共享引擎提供,无／待CARE路径规则组合,全局有效信号；日柱及亲密关系近位优先,由共享基础引擎判定,由共享基础引擎判定,喜忌不直接等于愿不愿付出；只修正调用顺畅度与资源压力,原十神性质有效；真合化成立时按化神路由,由共享基础引擎判定,70,高=90,confidence,CARE字段可标记高置信；高置信表示知识库内部证据充分，不代表统计准确率。,这一判断有多类独立证据相互支持，但仍会保留模型边界。,不得由本规则直接推出过度付出、付出失衡、依赖、控制、忠诚度、关系结果或适配度；不得把某种照顾方式等同于爱得更多或更少。,高,待验证,,provisional=true; synthesis=SO10,0.4
M3-CARE-229,SO11 中高置信｜一主一辅且无关键冲突,L6 评分、置信与报告,CARE-合成输出,通用,置信,SO11 中高置信｜一主一辅且无关键冲突,,主通道有一个高权威来源与一个辅助来源；基础无关键争议。,未完成source_id去重；关键基础停止；越过M3-CARE边界。,由共享基础引擎与M3-STATE修正,不限定；夫妻星仅在形成独立CARE证据或入宫接口时参与,由M3-BASE、日支结构及共享引擎提供,无／待CARE路径规则组合,全局有效信号；日柱及亲密关系近位优先,由共享基础引擎判定,由共享基础引擎判定,喜忌不直接等于愿不愿付出；只修正调用顺畅度与资源压力,原十神性质有效；真合化成立时按化神路由,由共享基础引擎判定,70,中高=80,confidence,CARE字段可标记中高置信，初始值80。,主要方向比较清楚，同时仍有部分细节需要案例验证。,不得由本规则直接推出过度付出、付出失衡、依赖、控制、忠诚度、关系结果或适配度；不得把某种照顾方式等同于爱得更多或更少。,中高,待验证,,provisional=true; synthesis=SO11,0.4
M3-CARE-230,SO12 中置信｜单一可靠来源或主次接近,L6 评分、置信与报告,CARE-合成输出,通用,置信,SO12 中置信｜单一可靠来源或主次接近,,只有一个可靠主来源，或两个候选主次接近但功能尚可区分。,未完成source_id去重；关键基础停止；越过M3-CARE边界。,由共享基础引擎与M3-STATE修正,不限定；夫妻星仅在形成独立CARE证据或入宫接口时参与,由M3-BASE、日支结构及共享引擎提供,无／待CARE路径规则组合,全局有效信号；日柱及亲密关系近位优先,由共享基础引擎判定,由共享基础引擎判定,喜忌不直接等于愿不愿付出；只修正调用顺畅度与资源压力,原十神性质有效；真合化成立时按化神路由,由共享基础引擎判定,70,中=68,confidence,CARE字段标记中置信，初始值68；用户语言使用“更可能、通常”。,目前有可用证据，但具体连续性或主次仍需要真实相处验证。,不得由本规则直接推出过度付出、付出失衡、依赖、控制、忠诚度、关系结果或适配度；不得把某种照顾方式等同于爱得更多或更少。,中,待验证,,provisional=true; synthesis=SO12,0.4
M3-CARE-231,SO13 中低／低／停止｜关键证据不足,L6 评分、置信与报告,CARE-合成输出,通用,置信,SO13 中低／低／停止｜关键证据不足,,唯一信号弱远无根、合化争议、source_id缺失、主次无法裁决或基础失效。,未完成source_id去重；关键基础停止；越过M3-CARE边界。,由共享基础引擎与M3-STATE修正,不限定；夫妻星仅在形成独立CARE证据或入宫接口时参与,由M3-BASE、日支结构及共享引擎提供,无／待CARE路径规则组合,全局有效信号；日柱及亲密关系近位优先,由共享基础引擎判定,由共享基础引擎判定,喜忌不直接等于愿不愿付出；只修正调用顺畅度与资源压力,原十神性质有效；真合化成立时按化神路由,由共享基础引擎判定,70,中低55／低40／停止0,confidence,中低55、低40、停止0；不得生成确定性CARE画像。,目前证据不足，只能保留有限方向或停止固定判断。,不得由本规则直接推出过度付出、付出失衡、依赖、控制、忠诚度、关系结果或适配度；不得把某种照顾方式等同于爱得更多或更少。,高,待验证,,provisional=true; synthesis=SO13,0.4
M3-CARE-232,SO14 最终字段权威｜CARE负责支持交换,L6 评分、置信与报告,CARE-合成输出,通用,输出,SO14 最终字段权威｜CARE负责支持交换,,M3-SYNTH生成总报告。,未完成source_id去重；关键基础停止；越过M3-CARE边界。,由共享基础引擎与M3-STATE修正,不限定；夫妻星仅在形成独立CARE证据或入宫接口时参与,由M3-BASE、日支结构及共享引擎提供,无／待CARE路径规则组合,全局有效信号；日柱及亲密关系近位优先,由共享基础引擎判定,由共享基础引擎判定,喜忌不直接等于愿不愿付出；只修正调用顺畅度与资源压力,原十神性质有效；真合化成立时按化神路由,由共享基础引擎判定,65,不加分；字段权威,provenance,CARE对primary_care_channel、giving_content、investment_mode、continuity_mode、support_request_style、support_receiving_style、reciprocity_pattern和care_path拥有字段主权。,模型三总报告中，付出、照顾和接受支持的内容以CARE模块为准。,不得由本规则直接推出过度付出、付出失衡、依赖、控制、忠诚度、关系结果或适配度；不得把某种照顾方式等同于爱得更多或更少。,高,待验证,,provisional=true; synthesis=SO14,0.4
M3-CARE-233,SO15 用户句合成顺序｜通道—行为—连续性—交换,L6 评分、置信与报告,CARE-合成输出,通用,输出,SO15 用户句合成顺序｜通道—行为—连续性—交换,,至少一个CARE字段有效。,未完成source_id去重；关键基础停止；越过M3-CARE边界。,由共享基础引擎与M3-STATE修正,不限定；夫妻星仅在形成独立CARE证据或入宫接口时参与,由M3-BASE、日支结构及共享引擎提供,无／待CARE路径规则组合,全局有效信号；日柱及亲密关系近位优先,由共享基础引擎判定,由共享基础引擎判定,喜忌不直接等于愿不愿付出；只修正调用顺畅度与资源压力,原十神性质有效；真合化成立时按化神路由,由共享基础引擎判定,65,不加分；合成,report_template,先写主CARE通道，再写可观察行为、投入怎样启动和持续、如何接受与回馈，最后写状态条件与边界。,报告会先告诉你主要怎样照顾关系，再说明具体行为、持续方式和双方怎样形成支持来回。,不得由本规则直接推出过度付出、付出失衡、依赖、控制、忠诚度、关系结果或适配度；不得把某种照顾方式等同于爱得更多或更少。,高,待验证,,provisional=true; synthesis=SO15,0.4
M3-CARE-234,SO16 单通道标准模板｜直接可用,L6 评分、置信与报告,CARE-合成输出,通用,输出,SO16 单通道标准模板｜直接可用,,一个主CARE通道清楚，次通道未达门槛。,未完成source_id去重；关键基础停止；越过M3-CARE边界。,由共享基础引擎与M3-STATE修正,不限定；夫妻星仅在形成独立CARE证据或入宫接口时参与,由M3-BASE、日支结构及共享引擎提供,无／待CARE路径规则组合,全局有效信号；日柱及亲密关系近位优先,由共享基础引擎判定,由共享基础引擎判定,喜忌不直接等于愿不愿付出；只修正调用顺畅度与资源压力,原十神性质有效；真合化成立时按化神路由,由共享基础引擎判定,65,不加分；模板,report_template,模板：你更习惯通过【主要通道】照顾关系。具体会【行为】；这种投入通常在【启动条件】出现，并以【连续性】维持。你更容易接受【接收方式】的帮助。,你更习惯通过【主要通道】照顾关系。具体会【行为】；这种投入通常在【启动条件】出现，并以【连续性】维持。你更容易接受【接收方式】的帮助。,不得由本规则直接推出过度付出、付出失衡、依赖、控制、忠诚度、关系结果或适配度；不得把某种照顾方式等同于爱得更多或更少。,高,待验证,,provisional=true; synthesis=SO16,0.4
M3-CARE-235,SO17 双通道标准模板｜功能分工清楚,L6 评分、置信与报告,CARE-合成输出,通用,输出,SO17 双通道标准模板｜功能分工清楚,,CP11双通道成立，两个通道来源独立且功能不同。,未完成source_id去重；关键基础停止；越过M3-CARE边界。,由共享基础引擎与M3-STATE修正,不限定；夫妻星仅在形成独立CARE证据或入宫接口时参与,由M3-BASE、日支结构及共享引擎提供,无／待CARE路径规则组合,全局有效信号；日柱及亲密关系近位优先,由共享基础引擎判定,由共享基础引擎判定,喜忌不直接等于愿不愿付出；只修正调用顺畅度与资源压力,原十神性质有效；真合化成立时按化神路由,由共享基础引擎判定,65,不加分；模板,report_template,模板：你主要用【A】完成【功能一】，同时用【B】补充【功能二】。A更常在【情境】启动，B负责【落实／承接／回馈】。,你主要用【A】完成【功能一】，同时用【B】补充【功能二】。A更常在【情境】启动，B负责【落实／承接／回馈】。,不得由本规则直接推出过度付出、付出失衡、依赖、控制、忠诚度、关系结果或适配度；不得把某种照顾方式等同于爱得更多或更少。,高,待验证,,provisional=true; synthesis=SO17,0.4
M3-CARE-236,SO18 低置信／停止模板｜说明不确定原因,L6 评分、置信与报告,CARE-合成输出,通用,输出,SO18 低置信／停止模板｜说明不确定原因,,主通道未达门槛、真合化未定或关键基础冲突。,未完成source_id去重；关键基础停止；越过M3-CARE边界。,由共享基础引擎与M3-STATE修正,不限定；夫妻星仅在形成独立CARE证据或入宫接口时参与,由M3-BASE、日支结构及共享引擎提供,无／待CARE路径规则组合,全局有效信号；日柱及亲密关系近位优先,由共享基础引擎判定,由共享基础引擎判定,喜忌不直接等于愿不愿付出；只修正调用顺畅度与资源压力,原十神性质有效；真合化成立时按化神路由,由共享基础引擎判定,65,不加分；模板,report_template,模板：目前只能判断你可能更偏向【五系统方向】，但【关键不确定原因】仍会改变具体付出与接受支持的方式，因此不宜写成固定结论。,目前只能判断你可能更偏向【五系统方向】，但【关键不确定原因】仍会改变具体付出与接受支持的方式，因此不宜写成固定结论。,不得由本规则直接推出过度付出、付出失衡、依赖、控制、忠诚度、关系结果或适配度；不得把某种照顾方式等同于爱得更多或更少。,高,待验证,,provisional=true; synthesis=SO18,0.4
