rule_id,rule_name,layer,module,applicable_group,rule_type,main_signal,secondary_signal,required_conditions,excluded_conditions,self_strength_status,spouse_star_status,palace_signal,flow_path,signal_position,root_status,strength_level,favorability,transformation_status,distance_level,priority,score_effect,output_slot,internal_logic,user_explanation,forbidden_inference,confidence_base,validation_status,case_refs,notes,version
M3-EXPR-001,M3-EXPR正式定义｜关系建立后的表达与沟通,L0 模型边界与证据,EXPR-定义边界,通用,定义,M3-EXPR模块规则,,M3-EXPR模块已被调用；分析对象为关系建立后的日常互动，而非追求期、择偶期或关系结果。,基础信号未定；真合化后原信号已失效；只有单一弱远争议信号。,不限定；由共享基础引擎与M3-STATE修正,不限定；M3-EXPR不以夫妻星为唯一主轴,由M3-BASE、日支结构及共享引擎提供,无／待表达路径规则组合,全局有效信号；日柱及亲密关系近位优先,由共享基础引擎判定,由共享基础引擎判定,喜忌不直接等于会不会表达；只修正调用顺畅度与强度,原十神性质有效；真合化成立时按化神路由,由共享基础引擎判定,99,不加分；门控／路由,report_status,M3-EXPR只描述用户如何让在意、感受、需求和观点变得可被对方接收，以及用户如何接收对方的表达。,模型三这一部分关注的不是你会不会爱，而是你通常怎样让对方看见你的在意、听懂你的感受和理解你的需求。,不得由本规则推出人格诊断、感情结果、忠诚度、适配度或关系风险；不得把表达方式等同于爱得多少。,高,待验证,,provisional=true; rule_group=DEFINITION_01,0.3
M3-EXPR-002,M3-EXPR核心问题｜怎样表达而非表达好坏,L0 模型边界与证据,EXPR-定义边界,通用,边界,M3-EXPR模块规则,,需要判断情感表达、情绪表达、需求表达或观点沟通。,基础信号未定；真合化后原信号已失效；只有单一弱远争议信号。,不限定；由共享基础引擎与M3-STATE修正,不限定；M3-EXPR不以夫妻星为唯一主轴,由M3-BASE、日支结构及共享引擎提供,无／待表达路径规则组合,全局有效信号；日柱及亲密关系近位优先,由共享基础引擎判定,由共享基础引擎判定,喜忌不直接等于会不会表达；只修正调用顺畅度与强度,原十神性质有效；真合化成立时按化神路由,由共享基础引擎判定,98,不加分；门控／路由,boundary_note,表达方式只有通道、顺序、显隐和稳定度差异，不在本模块内评价成熟、幼稚、正确或错误。,你的表达方式有自己的顺序和习惯；这里先说明“你通常怎样表达”，不把它简单评成好或不好。,不得由本规则推出人格诊断、感情结果、忠诚度、适配度或关系风险；不得把表达方式等同于爱得多少。,高,待验证,,provisional=true; rule_group=DEFINITION_02,0.3
M3-EXPR-003,M3-EXPR标准输入｜共享基础引擎,L0 模型边界与证据,EXPR-定义边界,通用,输入门控,M3-EXPR模块规则,,排盘、十神、日支藏干、透藏、根气、旺弱、喜忌、合化和有效流向已由共享引擎提供。,基础信号未定；真合化后原信号已失效；只有单一弱远争议信号。,不限定；由共享基础引擎与M3-STATE修正,不限定；M3-EXPR不以夫妻星为唯一主轴,由M3-BASE、日支结构及共享引擎提供,无／待表达路径规则组合,全局有效信号；日柱及亲密关系近位优先,由共享基础引擎判定,由共享基础引擎判定,喜忌不直接等于会不会表达；只修正调用顺畅度与强度,原十神性质有效；真合化成立时按化神路由,由共享基础引擎判定,97,不加分；门控／路由,report_status,M3-EXPR不重新排盘，不独立裁定旺衰和合化；它只把可靠的基础事实翻译成表达行为。,这部分判断会建立在已经确认的命盘结构上；基础信息有争议时，会保留不确定性而不是硬下结论。,不得由本规则推出人格诊断、感情结果、忠诚度、适配度或关系风险；不得把表达方式等同于爱得多少。,高,待验证,,provisional=true; rule_group=DEFINITION_03,0.3
M3-EXPR-004,M3-EXPR标准输出｜八个表达字段,L0 模型边界与证据,EXPR-定义边界,通用,输出合同,M3-EXPR模块规则,,至少一项有效表达信号成立，且关键基础字段未停止。,基础信号未定；真合化后原信号已失效；只有单一弱远争议信号。,不限定；由共享基础引擎与M3-STATE修正,不限定；M3-EXPR不以夫妻星为唯一主轴,由M3-BASE、日支结构及共享引擎提供,无／待表达路径规则组合,全局有效信号；日柱及亲密关系近位优先,由共享基础引擎判定,由共享基础引擎判定,喜忌不直接等于会不会表达；只修正调用顺畅度与强度,原十神性质有效；真合化成立时按化神路由,由共享基础引擎判定,96,不加分；门控／路由,boundary_note,模块输出主表达通道、次表达通道、在意表达、情绪表达、需求表达、沟通方式、表达时序和回应方式。,最终会回答：你更常用什么方式表达在意、什么时候愿意说、需求怎样说出口，以及你更容易怎样回应对方。,不得由本规则推出人格诊断、感情结果、忠诚度、适配度或关系风险；不得把表达方式等同于爱得多少。,中高,待验证,,provisional=true; rule_group=DEFINITION_04,0.3
M3-EXPR-005,M1边界｜心动偏好不得进入EXPR核心,L0 模型边界与证据,EXPR-定义边界,通用,跨模型边界,M3-EXPR模块规则,,M1心动偏好与M3表达方式同时可见。,基础信号未定；真合化后原信号已失效；只有单一弱远争议信号。,不限定；由共享基础引擎与M3-STATE修正,不限定；M3-EXPR不以夫妻星为唯一主轴,由M3-BASE、日支结构及共享引擎提供,无／待表达路径规则组合,全局有效信号；日柱及亲密关系近位优先,由共享基础引擎判定,由共享基础引擎判定,喜忌不直接等于会不会表达；只修正调用顺畅度与强度,原十神性质有效；真合化成立时按化神路由,由共享基础引擎判定,95,不加分；门控／路由,boundary_note,被什么特质吸引与进入关系后如何表达是两个字段；M1只能作为比较信息，不能给M3表达通道加基础分。,让你心动的特质，未必就是你表达感情时使用的方式；两者会分开判断。,不得由本规则推出人格诊断、感情结果、忠诚度、适配度或关系风险；不得把表达方式等同于爱得多少。,高,待验证,,provisional=true; rule_group=DEFINITION_05,0.3
M3-EXPR-006,M2边界｜选择标准不等于表达习惯,L0 模型边界与证据,EXPR-定义边界,通用,跨模型边界,M3-EXPR模块规则,,M2关系门槛或资格证据与M3表达信号同时出现。,基础信号未定；真合化后原信号已失效；只有单一弱远争议信号。,不限定；由共享基础引擎与M3-STATE修正,不限定；M3-EXPR不以夫妻星为唯一主轴,由M3-BASE、日支结构及共享引擎提供,无／待表达路径规则组合,全局有效信号；日柱及亲密关系近位优先,由共享基础引擎判定,由共享基础引擎判定,喜忌不直接等于会不会表达；只修正调用顺畅度与强度,原十神性质有效；真合化成立时按化神路由,由共享基础引擎判定,94,不加分；门控／路由,boundary_note,用户用什么标准选择伴侣，不自动等于关系建立后用同样方式表达；只有独立M3证据才能形成表达结论。,你选择关系时看重的条件，可能会延续到相处中，也可能只是准入标准；不能直接当成你的表达习惯。,不得由本规则推出人格诊断、感情结果、忠诚度、适配度或关系风险；不得把表达方式等同于爱得多少。,高,待验证,,provisional=true; rule_group=DEFINITION_06,0.3
M3-EXPR-007,M3-CARE边界｜行动表达不等于持续投入,L0 模型边界与证据,EXPR-定义边界,通用,模块边界,M3-EXPR模块规则,,财星、官杀或行动类表达被识别。,基础信号未定；真合化后原信号已失效；只有单一弱远争议信号。,不限定；由共享基础引擎与M3-STATE修正,不限定；M3-EXPR不以夫妻星为唯一主轴,由M3-BASE、日支结构及共享引擎提供,无／待表达路径规则组合,全局有效信号；日柱及亲密关系近位优先,由共享基础引擎判定,由共享基础引擎判定,喜忌不直接等于会不会表达；只修正调用顺畅度与强度,原十神性质有效；真合化成立时按化神路由,由共享基础引擎判定,93,不加分；门控／路由,boundary_note,M3-EXPR可以说明用户用行动、安排或承担表达在意，但持续投入的频率、稳定性和交换方式由M3-CARE判断。,你可能会用做事、安排和承担表达在意；至于这种投入是否长期、稳定以及怎样交换，需要在付出模块里继续判断。,不得由本规则推出人格诊断、感情结果、忠诚度、适配度或关系风险；不得把表达方式等同于爱得多少。,高,待验证,,provisional=true; rule_group=DEFINITION_07,0.3
M3-EXPR-008,M3-BOUND边界｜说出边界不等于执行边界,L0 模型边界与证据,EXPR-定义边界,通用,模块边界,M3-EXPR模块规则,,比劫、伤官或正官支持需求和立场表达。,基础信号未定；真合化后原信号已失效；只有单一弱远争议信号。,不限定；由共享基础引擎与M3-STATE修正,不限定；M3-EXPR不以夫妻星为唯一主轴,由M3-BASE、日支结构及共享引擎提供,无／待表达路径规则组合,全局有效信号；日柱及亲密关系近位优先,由共享基础引擎判定,由共享基础引擎判定,喜忌不直接等于会不会表达；只修正调用顺畅度与强度,原十神性质有效；真合化成立时按化神路由,由共享基础引擎判定,92,不加分；门控／路由,boundary_note,M3-EXPR只判断用户是否倾向说清条件和立场；能否持续执行、调整距离和保留拒绝权由M3-BOUND判断。,你是否愿意把边界说出来，和你能否长期守住边界不是同一件事；这里先看表达，后续再看执行。,不得由本规则推出人格诊断、感情结果、忠诚度、适配度或关系风险；不得把表达方式等同于爱得多少。,高,待验证,,provisional=true; rule_group=DEFINITION_08,0.3
M3-EXPR-009,M3-CONFLICT边界｜日常沟通不等于分歧应对,L0 模型边界与证据,EXPR-定义边界,通用,模块边界,M3-EXPR模块规则,,已形成日常沟通方式候选。,基础信号未定；真合化后原信号已失效；只有单一弱远争议信号。,不限定；由共享基础引擎与M3-STATE修正,不限定；M3-EXPR不以夫妻星为唯一主轴,由M3-BASE、日支结构及共享引擎提供,无／待表达路径规则组合,全局有效信号；日柱及亲密关系近位优先,由共享基础引擎判定,由共享基础引擎判定,喜忌不直接等于会不会表达；只修正调用顺畅度与强度,原十神性质有效；真合化成立时按化神路由,由共享基础引擎判定,91,不加分；门控／路由,boundary_note,平稳状态下会说明、倾听或行动，不等于发生冲突时仍以同样顺序处理；冲突场景由M3-CONFLICT单独判断。,平时好沟通，不代表分歧时一定马上说；平时话少，也不代表冲突时不会直接处理。两种场景会分开分析。,不得由本规则推出人格诊断、感情结果、忠诚度、适配度或关系风险；不得把表达方式等同于爱得多少。,高,待验证,,provisional=true; rule_group=DEFINITION_09,0.3
M3-EXPR-010,M3-REPAIR边界｜沟通通道不等于修复成功,L0 模型边界与证据,EXPR-定义边界,通用,模块边界,M3-EXPR模块规则,,表达通道可为修复模块提供候选。,基础信号未定；真合化后原信号已失效；只有单一弱远争议信号。,不限定；由共享基础引擎与M3-STATE修正,不限定；M3-EXPR不以夫妻星为唯一主轴,由M3-BASE、日支结构及共享引擎提供,无／待表达路径规则组合,全局有效信号；日柱及亲密关系近位优先,由共享基础引擎判定,由共享基础引擎判定,喜忌不直接等于会不会表达；只修正调用顺畅度与强度,原十神性质有效；真合化成立时按化神路由,由共享基础引擎判定,90,不加分；门控／路由,boundary_note,倾听、解释、行动、承诺都只能作为潜在修复工具，不能在EXPR阶段推出关系能够修复或修复有效。,你常用的表达方式可能成为修复关系的工具，但能不能真正恢复联结，需要再看修复路径。,不得由本规则推出人格诊断、感情结果、忠诚度、适配度或关系风险；不得把表达方式等同于爱得多少。,高,待验证,,provisional=true; rule_group=DEFINITION_10,0.3
M3-EXPR-011,M3-STATE边界｜基线表达不等于压力表达,L0 模型边界与证据,EXPR-定义边界,通用,状态边界,M3-EXPR模块规则,,需要输出表达习惯，但压力状态尚未建模。,基础信号未定；真合化后原信号已失效；只有单一弱远争议信号。,不限定；由共享基础引擎与M3-STATE修正,不限定；M3-EXPR不以夫妻星为唯一主轴,由M3-BASE、日支结构及共享引擎提供,无／待表达路径规则组合,全局有效信号；日柱及亲密关系近位优先,由共享基础引擎判定,由共享基础引擎判定,喜忌不直接等于会不会表达；只修正调用顺畅度与强度,原十神性质有效；真合化成立时按化神路由,由共享基础引擎判定,89,不加分；门控／路由,boundary_note,EXPR优先描述平稳或一般关系情境；压力下的抢先通道、关闭通道和恢复通道由M3-STATE裁定。,这里先看你在一般相处中的表达习惯；压力增加时是否切换成另一种方式，会在状态模块里单独判断。,不得由本规则推出人格诊断、感情结果、忠诚度、适配度或关系风险；不得把表达方式等同于爱得多少。,高,待验证,,provisional=true; rule_group=DEFINITION_11,0.3
M3-EXPR-012,禁止心理诊断｜表达慢不等于回避,L0 模型边界与证据,EXPR-定义边界,通用,禁止推断,M3-EXPR模块规则,,出现先整理后表达、选择性表达或语言显性度较低。,基础信号未定；真合化后原信号已失效；只有单一弱远争议信号。,不限定；由共享基础引擎与M3-STATE修正,不限定；M3-EXPR不以夫妻星为唯一主轴,由M3-BASE、日支结构及共享引擎提供,无／待表达路径规则组合,全局有效信号；日柱及亲密关系近位优先,由共享基础引擎判定,由共享基础引擎判定,喜忌不直接等于会不会表达；只修正调用顺畅度与强度,原十神性质有效；真合化成立时按化神路由,由共享基础引擎判定,88,不加分；门控／路由,boundary_note,八字只能描述表达顺序和通道，不能据此诊断回避型依恋、情感障碍、沟通障碍或人格问题。,你可能需要更多时间整理，或更习惯通过行动表达；这不等于你没有情感，也不等于存在心理问题。,不得由本规则推出人格诊断、感情结果、忠诚度、适配度或关系风险；不得把表达方式等同于爱得多少。,高,待验证,,provisional=true; rule_group=DEFINITION_12,0.3
M3-EXPR-013,食伤弱门控｜不得写成不会表达,L0 模型边界与证据,EXPR-定义边界,通用,禁止推断,M3-EXPR模块规则,,食神、伤官信号弱、藏或未形成主通道。,基础信号未定；真合化后原信号已失效；只有单一弱远争议信号。,不限定；由共享基础引擎与M3-STATE修正,不限定；M3-EXPR不以夫妻星为唯一主轴,由M3-BASE、日支结构及共享引擎提供,无／待表达路径规则组合,全局有效信号；日柱及亲密关系近位优先,由共享基础引擎判定,由共享基础引擎判定,喜忌不直接等于会不会表达；只修正调用顺畅度与强度,原十神性质有效；真合化成立时按化神路由,由共享基础引擎判定,87,不加分；门控／路由,boundary_note,语言与情绪外显通道较弱时，应继续检查财、官杀、印、比劫等行动、责任、倾听和立场通道。,即使你不总是直接说出来，也可能通过做事、陪伴、承担、倾听或尊重对方来表达在意。,不得由本规则推出人格诊断、感情结果、忠诚度、适配度或关系风险；不得把表达方式等同于爱得多少。,高,待验证,,provisional=true; rule_group=DEFINITION_13,0.3
M3-EXPR-014,透干门控｜外显不等于所有情境都直说,L0 模型边界与证据,EXPR-定义边界,通用,禁止推断,M3-EXPR模块规则,,某表达十神透干。,基础信号未定；真合化后原信号已失效；只有单一弱远争议信号。,不限定；由共享基础引擎与M3-STATE修正,不限定；M3-EXPR不以夫妻星为唯一主轴,由M3-BASE、日支结构及共享引擎提供,无／待表达路径规则组合,全局有效信号；日柱及亲密关系近位优先,由共享基础引擎判定,由共享基础引擎判定,喜忌不直接等于会不会表达；只修正调用顺畅度与强度,原十神性质有效；真合化成立时按化神路由,由共享基础引擎判定,86,不加分；门控／路由,boundary_note,透干只提高可见度和可调用性；是否直接、完整和持续，还需根气、旺弱、位置、制化与关系情境支持。,某种表达方式比较容易被看见，但不代表你在任何人、任何场景下都会毫无保留地说出来。,不得由本规则推出人格诊断、感情结果、忠诚度、适配度或关系风险；不得把表达方式等同于爱得多少。,高,待验证,,provisional=true; rule_group=DEFINITION_14,0.3
M3-EXPR-015,同源去重总则｜一个事实只计一次基础权重,L0 模型边界与证据,EXPR-定义边界,通用,去重,M3-EXPR模块规则,,同一十神、同一藏干、同一透干根源或同一日支事实被多个规则读取。,基础信号未定；真合化后原信号已失效；只有单一弱远争议信号。,不限定；由共享基础引擎与M3-STATE修正,不限定；M3-EXPR不以夫妻星为唯一主轴,由M3-BASE、日支结构及共享引擎提供,无／待表达路径规则组合,全局有效信号；日柱及亲密关系近位优先,由共享基础引擎判定,由共享基础引擎判定,喜忌不直接等于会不会表达；只修正调用顺畅度与强度,原十神性质有效；真合化成立时按化神路由,由共享基础引擎判定,85,不加分；门控／路由,boundary_note,同一source_id可支持多个字段解释，但基础证据数量只计算一次，避免把一项命理事实误当多项独立验证。,同一个命理信号可以从不同角度解释你的表达，但不会因为被重复描述就被当成更多证据。,不得由本规则推出人格诊断、感情结果、忠诚度、适配度或关系风险；不得把表达方式等同于爱得多少。,高,待验证,,provisional=true; rule_group=DEFINITION_15,0.3
M3-EXPR-016,主表达通道数量上限｜正文只保留一个,L0 模型边界与证据,EXPR-定义边界,通用,输出门控,M3-EXPR模块规则,,多个表达通道同时获得候选分。,基础信号未定；真合化后原信号已失效；只有单一弱远争议信号。,不限定；由共享基础引擎与M3-STATE修正,不限定；M3-EXPR不以夫妻星为唯一主轴,由M3-BASE、日支结构及共享引擎提供,无／待表达路径规则组合,全局有效信号；日柱及亲密关系近位优先,由共享基础引擎判定,由共享基础引擎判定,喜忌不直接等于会不会表达；只修正调用顺畅度与强度,原十神性质有效；真合化成立时按化神路由,由共享基础引擎判定,84,不加分；门控／路由,output_limit,最终正文优先保留一个最能解释日常表达的主通道；其他信号按独立性降为次通道或证据日志。,最终会先抓住你最常使用的一种表达方式，避免把所有可能性都堆成没有辨识度的画像。,不得由本规则推出人格诊断、感情结果、忠诚度、适配度或关系风险；不得把表达方式等同于爱得多少。,高,待验证,,provisional=true; rule_group=DEFINITION_16,0.3
M3-EXPR-017,次表达通道数量上限｜正文最多一个,L0 模型边界与证据,EXPR-定义边界,通用,输出门控,M3-EXPR模块规则,,存在第二表达通道候选。,基础信号未定；真合化后原信号已失效；只有单一弱远争议信号。,不限定；由共享基础引擎与M3-STATE修正,不限定；M3-EXPR不以夫妻星为唯一主轴,由M3-BASE、日支结构及共享引擎提供,无／待表达路径规则组合,全局有效信号；日柱及亲密关系近位优先,由共享基础引擎判定,由共享基础引擎判定,喜忌不直接等于会不会表达；只修正调用顺畅度与强度,原十神性质有效；真合化成立时按化神路由,由共享基础引擎判定,83,不加分；门控／路由,output_limit,第二通道必须承担不同功能、来自独立证据，并达到最低阈值；否则并入主通道的风格说明。,除主要方式外，正文最多再保留一种真正有不同作用的补充表达方式。,不得由本规则推出人格诊断、感情结果、忠诚度、适配度或关系风险；不得把表达方式等同于爱得多少。,高,待验证,,provisional=true; rule_group=DEFINITION_17,0.3
M3-EXPR-018,EXPR只输出基线｜阶段信息单独记录,L0 模型边界与证据,EXPR-定义边界,通用,状态门控,M3-EXPR模块规则,,同时输入原局和大运流年信息。,基础信号未定；真合化后原信号已失效；只有单一弱远争议信号。,不限定；由共享基础引擎与M3-STATE修正,不限定；M3-EXPR不以夫妻星为唯一主轴,由M3-BASE、日支结构及共享引擎提供,无／待表达路径规则组合,全局有效信号；日柱及亲密关系近位优先,由共享基础引擎判定,由共享基础引擎判定,喜忌不直接等于会不会表达；只修正调用顺畅度与强度,原十神性质有效；真合化成立时按化神路由,由共享基础引擎判定,82,不加分；门控／路由,boundary_note,原局表达惯性与阶段性表达覆盖必须分层保存；阶段信号不能改写长期基线。,你长期的表达习惯和某一阶段暂时变得更直接、谨慎或行动化，会分开说明。,不得由本规则推出人格诊断、感情结果、忠诚度、适配度或关系风险；不得把表达方式等同于爱得多少。,中高,待验证,,provisional=true; rule_group=DEFINITION_18,0.3
M3-EXPR-019,用户语言规范｜行为化、过程化、中性化,L0 模型边界与证据,EXPR-定义边界,通用,输出规范,M3-EXPR模块规则,,生成用户可见文案。,基础信号未定；真合化后原信号已失效；只有单一弱远争议信号。,不限定；由共享基础引擎与M3-STATE修正,不限定；M3-EXPR不以夫妻星为唯一主轴,由M3-BASE、日支结构及共享引擎提供,无／待表达路径规则组合,全局有效信号；日柱及亲密关系近位优先,由共享基础引擎判定,由共享基础引擎判定,喜忌不直接等于会不会表达；只修正调用顺畅度与强度,原十神性质有效；真合化成立时按化神路由,由共享基础引擎判定,81,不加分；门控／路由,boundary_note,文案必须使用“更习惯、往往先、较容易、在某些条件下”等过程词，并写明可观察行为，避免人格标签。,报告会尽量说清你“通常先做什么、再做什么”，而不是给你贴一个固定性格标签。,不得由本规则推出人格诊断、感情结果、忠诚度、适配度或关系风险；不得把表达方式等同于爱得多少。,高,待验证,,provisional=true; rule_group=DEFINITION_19,0.3
M3-EXPR-020,发布状态｜全部规则待案例校准,L0 模型边界与证据,EXPR-定义边界,通用,版本门控,M3-EXPR模块规则,,M3-EXPR V0.3进入知识库。,基础信号未定；真合化后原信号已失效；只有单一弱远争议信号。,不限定；由共享基础引擎与M3-STATE修正,不限定；M3-EXPR不以夫妻星为唯一主轴,由M3-BASE、日支结构及共享引擎提供,无／待表达路径规则组合,全局有效信号；日柱及亲密关系近位优先,由共享基础引擎判定,由共享基础引擎判定,喜忌不直接等于会不会表达；只修正调用顺畅度与强度,原十神性质有效；真合化成立时按化神路由,由共享基础引擎判定,80,不加分；门控／路由,report_status,当前分值、阈值和规则关系均为知识工程初始参数，必须通过真实案例和伴侣反馈校准。,当前内容用于结构化分析和案例验证，不代表统计概率或科学测量结果。,不得由本规则推出人格诊断、感情结果、忠诚度、适配度或关系风险；不得把表达方式等同于爱得多少。,高,待验证,,provisional=true; rule_group=DEFINITION_20,0.3
M3-EXPR-021,比肩｜X01 平等陈述核心表达通道,L1 主要表达通道,EXPR-十神通道,通用,基础,有效比肩表达信号／X01 平等陈述,,比肩在M3中形成有效功能信号；至少由日支主／中气、亲密关系近位透干有根、独立流向或两类相互支持证据之一确认；原十神性质未被真合化替代。,比肩仅为单一弱远、无根或争议信号；基础十神映射未定；真合化后原十神性质失效；仅由同一source_id重复支持。,不限定；由共享基础引擎与M3-STATE修正,不限定；M3-EXPR不以夫妻星为唯一主轴,由M3-BASE、日支结构及共享引擎提供,无／待表达路径规则组合,全局有效信号；日柱及亲密关系近位优先,由共享基础引擎判定,由共享基础引擎判定,喜忌不直接等于会不会表达；只修正调用顺畅度与强度,原十神性质有效；真合化成立时按化神路由,由共享基础引擎判定,94,X01主通道 +22,primary_expression_channel,比肩属于SYS01 自我边界系统。在M3-EXPR中，其核心功能为：以第一人称、平等协商和边界清楚的方式说明想法，不喜欢让一方替另一方定义感受或做决定。该规则只确定主要表达通道候选，不单独锁定频率、压力表现和沟通结果。,你更习惯以第一人称、平等协商和边界清楚的方式说明想法，不喜欢让一方替另一方定义感受或做决定。,不得推出用户自私、强势、缺少共情、只顾自己或一定排斥依赖。 不得把该通道等同于感情深浅、沟通效果或关系结果。,中高,待验证,,provisional=true; channel=X01; deity=比肩; facet=core,0.3
M3-EXPR-022,比肩｜在意与喜欢的表达,L2 情感表达,EXPR-十神通道,通用,行为映射,X01 平等陈述,affection_expression,比肩在M3中形成有效功能信号；至少由日支主／中气、亲密关系近位透干有根、独立流向或两类相互支持证据之一确认；原十神性质未被真合化替代。,比肩仅为单一弱远、无根或争议信号；基础十神映射未定；真合化后原十神性质失效；仅由同一source_id重复支持。,不限定；由共享基础引擎与M3-STATE修正,不限定；M3-EXPR不以夫妻星为唯一主轴,由M3-BASE、日支结构及共享引擎提供,无／待表达路径规则组合,全局有效信号；日柱及亲密关系近位优先,由共享基础引擎判定,由共享基础引擎判定,喜忌不直接等于会不会表达；只修正调用顺畅度与强度,原十神性质有效；真合化成立时按化神路由,由共享基础引擎判定,86,affection_expression +12,affection_expression,比肩通道在情感表达上的可观察形式为：通过尊重选择、并肩陪伴、把对方当作可以共同商量的伙伴来表达在意。是否高频、持续或被对方识别，仍需CARE、状态和案例反馈复核。,你往往会通过尊重选择、并肩陪伴、把对方当作可以共同商量的伙伴来表达在意。,不得推出用户自私、强势、缺少共情、只顾自己或一定排斥依赖。 不得据此定量判断谁付出更多，也不得推出对方一定能识别这份表达。,中,待验证,,provisional=true; channel=X01; deity=比肩; facet=affection,0.3
M3-EXPR-023,比肩｜情绪外化方式,L3 情绪与需求表达,EXPR-十神通道,通用,行为映射,X01 平等陈述,emotion_expression,比肩在M3中形成有效功能信号；至少由日支主／中气、亲密关系近位透干有根、独立流向或两类相互支持证据之一确认；原十神性质未被真合化替代。,比肩仅为单一弱远、无根或争议信号；基础十神映射未定；真合化后原十神性质失效；仅由同一source_id重复支持。,不限定；由共享基础引擎与M3-STATE修正,不限定；M3-EXPR不以夫妻星为唯一主轴,由M3-BASE、日支结构及共享引擎提供,无／待表达路径规则组合,全局有效信号；日柱及亲密关系近位优先,由共享基础引擎判定,由共享基础引擎判定,喜忌不直接等于会不会表达；只修正调用顺畅度与强度,原十神性质有效；真合化成立时按化神路由,由共享基础引擎判定,84,emotion_expression +10,emotion_expression,比肩通道对情绪外化的修正为：愿意说明自己的真实感受和立场，但通常不需要用夸张、黏附或自我牺牲式语言证明亲密。该规则描述平稳和一般情境的时序，不直接推断冲突时表现。,当你有情绪时，通常更可能愿意说明自己的真实感受和立场，但通常不需要用夸张、黏附或自我牺牲式语言证明亲密。,不得推出用户自私、强势、缺少共情、只顾自己或一定排斥依赖。 不得把表达较慢、较简短或偏行动化解释为没有情绪或拒绝沟通。,中,待验证,,provisional=true; channel=X01; deity=比肩; facet=emotion,0.3
M3-EXPR-024,比肩｜需求与观点表达,L3 情绪与需求表达,EXPR-十神通道,通用,行为映射,X01 平等陈述,need_expression,比肩在M3中形成有效功能信号；至少由日支主／中气、亲密关系近位透干有根、独立流向或两类相互支持证据之一确认；原十神性质未被真合化替代。,比肩仅为单一弱远、无根或争议信号；基础十神映射未定；真合化后原十神性质失效；仅由同一source_id重复支持。,不限定；由共享基础引擎与M3-STATE修正,不限定；M3-EXPR不以夫妻星为唯一主轴,由M3-BASE、日支结构及共享引擎提供,无／待表达路径规则组合,全局有效信号；日柱及亲密关系近位优先,由共享基础引擎判定,由共享基础引擎判定,喜忌不直接等于会不会表达；只修正调用顺畅度与强度,原十神性质有效；真合化成立时按化神路由,由共享基础引擎判定,83,need_expression +10,need_expression／communication_style,比肩通道在需求和观点表达上的常见形式为：倾向把需求说成可协商的条件，例如需要什么空间、怎样分工、哪些事情希望共同决定。能否长期执行这些条件由BOUND模块判断。,当你需要说明自己的需要或想法时，通常更倾向倾向把需求说成可协商的条件，例如需要什么空间、怎样分工、哪些事情希望共同决定。,不得推出用户自私、强势、缺少共情、只顾自己或一定排斥依赖。 不得把能说清条件等同于一定能执行边界，也不得把含蓄表达等同于让人猜。,中,待验证,,provisional=true; channel=X01; deity=比肩; facet=need,0.3
M3-EXPR-025,比肩｜接收与回应对方表达,L4 沟通顺序与回应,EXPR-十神通道,通用,回应映射,X01 平等陈述,response_style,比肩在M3中形成有效功能信号；至少由日支主／中气、亲密关系近位透干有根、独立流向或两类相互支持证据之一确认；原十神性质未被真合化替代。,比肩仅为单一弱远、无根或争议信号；基础十神映射未定；真合化后原十神性质失效；仅由同一source_id重复支持。,不限定；由共享基础引擎与M3-STATE修正,不限定；M3-EXPR不以夫妻星为唯一主轴,由M3-BASE、日支结构及共享引擎提供,无／待表达路径规则组合,全局有效信号；日柱及亲密关系近位优先,由共享基础引擎判定,由共享基础引擎判定,喜忌不直接等于会不会表达；只修正调用顺畅度与强度,原十神性质有效；真合化成立时按化神路由,由共享基础引擎判定,78,response_style +8,response_style,比肩通道会影响用户更容易接收怎样的表达：更容易接收清楚、平等、不给自己贴标签，也不替自己做决定的表达。这里只描述接收偏好与回应入口，不评价对方表达是否正确。,你通常更容易回应这样的沟通：更容易接收清楚、平等、不给自己贴标签，也不替自己做决定的表达。,不得推出用户自私、强势、缺少共情、只顾自己或一定排斥依赖。 不得据此要求伴侣只能用单一方式沟通，也不得推出其他方式一定无效。,中低,待验证,,provisional=true; channel=X01; deity=比肩; facet=response,0.3
M3-EXPR-026,比肩｜平等陈述用户摘要,L7 总合成与边界审查,EXPR-十神通道,通用,输出,X01 平等陈述,,X01已进入主通道或有效次通道，且未被去重、停止或真合化替代。,X01已被删除、降为仅内部候选或基础状态停止。,不限定；由共享基础引擎与M3-STATE修正,不限定；M3-EXPR不以夫妻星为唯一主轴,由M3-BASE、日支结构及共享引擎提供,无／待表达路径规则组合,全局有效信号；日柱及亲密关系近位优先,由共享基础引擎判定,由共享基础引擎判定,喜忌不直接等于会不会表达；只修正调用顺畅度与强度,原十神性质有效；真合化成立时按化神路由,由共享基础引擎判定,66,不加分,basis_summary,生成比肩表达通道的折叠依据：核心为以第一人称、平等协商和边界清楚的方式说明想法，不喜欢让一方替另一方定义感受或做决定。并保留正偏风格，而不把十神名称直接展示为人格标签。,从传统八字取象看，你的表达方式更接近“平等陈述”：以第一人称、平等协商和边界清楚的方式说明想法，不喜欢让一方替另一方定义感受或做决定。,不得推出用户自私、强势、缺少共情、只顾自己或一定排斥依赖。 折叠依据只用于解释，不得在正文堆叠十神术语。,中,待验证,,provisional=true; channel=X01; deity=比肩; facet=summary,0.3
M3-EXPR-027,劫财｜X02 即时互动核心表达通道,L1 主要表达通道,EXPR-十神通道,通用,基础,有效劫财表达信号／X02 即时互动,,劫财在M3中形成有效功能信号；至少由日支主／中气、亲密关系近位透干有根、独立流向或两类相互支持证据之一确认；原十神性质未被真合化替代。,劫财仅为单一弱远、无根或争议信号；基础十神映射未定；真合化后原十神性质失效；仅由同一source_id重复支持。,不限定；由共享基础引擎与M3-STATE修正,不限定；M3-EXPR不以夫妻星为唯一主轴,由M3-BASE、日支结构及共享引擎提供,无／待表达路径规则组合,全局有效信号；日柱及亲密关系近位优先,由共享基础引擎判定,由共享基础引擎判定,喜忌不直接等于会不会表达；只修正调用顺畅度与强度,原十神性质有效；真合化成立时按化神路由,由共享基础引擎判定,94,X02主通道 +22,primary_expression_channel,劫财属于SYS01 自我边界系统。在M3-EXPR中，其核心功能为：通过快速回应、共同参与和边做边沟通让关系保持活力，表达往往带有明显的现场感。该规则只确定主要表达通道候选，不单独锁定频率、压力表现和沟通结果。,你更习惯通过快速回应、共同参与和边做边沟通让关系保持活力，表达往往带有明显的现场感。,不得推出用户冲动、争抢、爱竞争、容易出现第三者或一定喜欢控制节奏。 不得把该通道等同于感情深浅、沟通效果或关系结果。,中高,待验证,,provisional=true; channel=X02; deity=劫财; facet=core,0.3
M3-EXPR-028,劫财｜在意与喜欢的表达,L2 情感表达,EXPR-十神通道,通用,行为映射,X02 即时互动,affection_expression,劫财在M3中形成有效功能信号；至少由日支主／中气、亲密关系近位透干有根、独立流向或两类相互支持证据之一确认；原十神性质未被真合化替代。,劫财仅为单一弱远、无根或争议信号；基础十神映射未定；真合化后原十神性质失效；仅由同一source_id重复支持。,不限定；由共享基础引擎与M3-STATE修正,不限定；M3-EXPR不以夫妻星为唯一主轴,由M3-BASE、日支结构及共享引擎提供,无／待表达路径规则组合,全局有效信号；日柱及亲密关系近位优先,由共享基础引擎判定,由共享基础引擎判定,喜忌不直接等于会不会表达；只修正调用顺畅度与强度,原十神性质有效；真合化成立时按化神路由,由共享基础引擎判定,86,affection_expression +12,affection_expression,劫财通道在情感表达上的可观察形式为：通过加入对方的事情、主动邀约、一起行动或及时站到对方身边来表达在意。是否高频、持续或被对方识别，仍需CARE、状态和案例反馈复核。,你往往会通过加入对方的事情、主动邀约、一起行动或及时站到对方身边来表达在意。,不得推出用户冲动、争抢、爱竞争、容易出现第三者或一定喜欢控制节奏。 不得据此定量判断谁付出更多，也不得推出对方一定能识别这份表达。,中,待验证,,provisional=true; channel=X02; deity=劫财; facet=affection,0.3
M3-EXPR-029,劫财｜情绪外化方式,L3 情绪与需求表达,EXPR-十神通道,通用,行为映射,X02 即时互动,emotion_expression,劫财在M3中形成有效功能信号；至少由日支主／中气、亲密关系近位透干有根、独立流向或两类相互支持证据之一确认；原十神性质未被真合化替代。,劫财仅为单一弱远、无根或争议信号；基础十神映射未定；真合化后原十神性质失效；仅由同一source_id重复支持。,不限定；由共享基础引擎与M3-STATE修正,不限定；M3-EXPR不以夫妻星为唯一主轴,由M3-BASE、日支结构及共享引擎提供,无／待表达路径规则组合,全局有效信号；日柱及亲密关系近位优先,由共享基础引擎判定,由共享基础引擎判定,喜忌不直接等于会不会表达；只修正调用顺畅度与强度,原十神性质有效；真合化成立时按化神路由,由共享基础引擎判定,84,emotion_expression +10,emotion_expression,劫财通道对情绪外化的修正为：情绪更容易在互动中被带出来，可能先通过语气、行动和即时反馈表现，再逐渐说清。该规则描述平稳和一般情境的时序，不直接推断冲突时表现。,当你有情绪时，通常更可能情绪更容易在互动中被带出来，可能先通过语气、行动和即时反馈表现，再逐渐说清。,不得推出用户冲动、争抢、爱竞争、容易出现第三者或一定喜欢控制节奏。 不得把表达较慢、较简短或偏行动化解释为没有情绪或拒绝沟通。,中,待验证,,provisional=true; channel=X02; deity=劫财; facet=emotion,0.3
M3-EXPR-030,劫财｜需求与观点表达,L3 情绪与需求表达,EXPR-十神通道,通用,行为映射,X02 即时互动,need_expression,劫财在M3中形成有效功能信号；至少由日支主／中气、亲密关系近位透干有根、独立流向或两类相互支持证据之一确认；原十神性质未被真合化替代。,劫财仅为单一弱远、无根或争议信号；基础十神映射未定；真合化后原十神性质失效；仅由同一source_id重复支持。,不限定；由共享基础引擎与M3-STATE修正,不限定；M3-EXPR不以夫妻星为唯一主轴,由M3-BASE、日支结构及共享引擎提供,无／待表达路径规则组合,全局有效信号；日柱及亲密关系近位优先,由共享基础引擎判定,由共享基础引擎判定,喜忌不直接等于会不会表达；只修正调用顺畅度与强度,原十神性质有效；真合化成立时按化神路由,由共享基础引擎判定,83,need_expression +10,need_expression／communication_style,劫财通道在需求和观点表达上的常见形式为：倾向用提议、邀请、共同计划或直接推动来表达需求，希望对方给出即时回应。能否长期执行这些条件由BOUND模块判断。,当你需要说明自己的需要或想法时，通常更倾向倾向用提议、邀请、共同计划或直接推动来表达需求，希望对方给出即时回应。,不得推出用户冲动、争抢、爱竞争、容易出现第三者或一定喜欢控制节奏。 不得把能说清条件等同于一定能执行边界，也不得把含蓄表达等同于让人猜。,中,待验证,,provisional=true; channel=X02; deity=劫财; facet=need,0.3
M3-EXPR-031,劫财｜接收与回应对方表达,L4 沟通顺序与回应,EXPR-十神通道,通用,回应映射,X02 即时互动,response_style,劫财在M3中形成有效功能信号；至少由日支主／中气、亲密关系近位透干有根、独立流向或两类相互支持证据之一确认；原十神性质未被真合化替代。,劫财仅为单一弱远、无根或争议信号；基础十神映射未定；真合化后原十神性质失效；仅由同一source_id重复支持。,不限定；由共享基础引擎与M3-STATE修正,不限定；M3-EXPR不以夫妻星为唯一主轴,由M3-BASE、日支结构及共享引擎提供,无／待表达路径规则组合,全局有效信号；日柱及亲密关系近位优先,由共享基础引擎判定,由共享基础引擎判定,喜忌不直接等于会不会表达；只修正调用顺畅度与强度,原十神性质有效；真合化成立时按化神路由,由共享基础引擎判定,78,response_style +8,response_style,劫财通道会影响用户更容易接收怎样的表达：更容易对有参与感、节奏明确、愿意一起做点什么的表达产生回应。这里只描述接收偏好与回应入口，不评价对方表达是否正确。,你通常更容易回应这样的沟通：更容易对有参与感、节奏明确、愿意一起做点什么的表达产生回应。,不得推出用户冲动、争抢、爱竞争、容易出现第三者或一定喜欢控制节奏。 不得据此要求伴侣只能用单一方式沟通，也不得推出其他方式一定无效。,中低,待验证,,provisional=true; channel=X02; deity=劫财; facet=response,0.3
M3-EXPR-032,劫财｜即时互动用户摘要,L7 总合成与边界审查,EXPR-十神通道,通用,输出,X02 即时互动,,X02已进入主通道或有效次通道，且未被去重、停止或真合化替代。,X02已被删除、降为仅内部候选或基础状态停止。,不限定；由共享基础引擎与M3-STATE修正,不限定；M3-EXPR不以夫妻星为唯一主轴,由M3-BASE、日支结构及共享引擎提供,无／待表达路径规则组合,全局有效信号；日柱及亲密关系近位优先,由共享基础引擎判定,由共享基础引擎判定,喜忌不直接等于会不会表达；只修正调用顺畅度与强度,原十神性质有效；真合化成立时按化神路由,由共享基础引擎判定,66,不加分,basis_summary,生成劫财表达通道的折叠依据：核心为通过快速回应、共同参与和边做边沟通让关系保持活力，表达往往带有明显的现场感。并保留正偏风格，而不把十神名称直接展示为人格标签。,从传统八字取象看，你的表达方式更接近“即时互动”：通过快速回应、共同参与和边做边沟通让关系保持活力，表达往往带有明显的现场感。,不得推出用户冲动、争抢、爱竞争、容易出现第三者或一定喜欢控制节奏。 折叠依据只用于解释，不得在正文堆叠十神术语。,中,待验证,,provisional=true; channel=X02; deity=劫财; facet=summary,0.3
M3-EXPR-033,食神｜X03 温和分享核心表达通道,L1 主要表达通道,EXPR-十神通道,通用,基础,有效食神表达信号／X03 温和分享,,食神在M3中形成有效功能信号；至少由日支主／中气、亲密关系近位透干有根、独立流向或两类相互支持证据之一确认；原十神性质未被真合化替代。,食神仅为单一弱远、无根或争议信号；基础十神映射未定；真合化后原十神性质失效；仅由同一source_id重复支持。,不限定；由共享基础引擎与M3-STATE修正,不限定；M3-EXPR不以夫妻星为唯一主轴,由M3-BASE、日支结构及共享引擎提供,无／待表达路径规则组合,全局有效信号；日柱及亲密关系近位优先,由共享基础引擎判定,由共享基础引擎判定,喜忌不直接等于会不会表达；只修正调用顺畅度与强度,原十神性质有效；真合化成立时按化神路由,由共享基础引擎判定,94,X03主通道 +22,primary_expression_channel,食神属于SYS02 表达交流系统。在M3-EXPR中，其核心功能为：通过温和叙述、轻松交流、日常分享和让气氛舒服的方式传递感受。该规则只确定主要表达通道候选，不单独锁定频率、压力表现和沟通结果。,你更习惯通过温和叙述、轻松交流、日常分享和让气氛舒服的方式传递感受。,不得推出用户一定好脾气、不会生气、过度讨好、只爱享受或缺乏原则。 不得把该通道等同于感情深浅、沟通效果或关系结果。,中高,待验证,,provisional=true; channel=X03; deity=食神; facet=core,0.3
M3-EXPR-034,食神｜在意与喜欢的表达,L2 情感表达,EXPR-十神通道,通用,行为映射,X03 温和分享,affection_expression,食神在M3中形成有效功能信号；至少由日支主／中气、亲密关系近位透干有根、独立流向或两类相互支持证据之一确认；原十神性质未被真合化替代。,食神仅为单一弱远、无根或争议信号；基础十神映射未定；真合化后原十神性质失效；仅由同一source_id重复支持。,不限定；由共享基础引擎与M3-STATE修正,不限定；M3-EXPR不以夫妻星为唯一主轴,由M3-BASE、日支结构及共享引擎提供,无／待表达路径规则组合,全局有效信号；日柱及亲密关系近位优先,由共享基础引擎判定,由共享基础引擎判定,喜忌不直接等于会不会表达；只修正调用顺畅度与强度,原十神性质有效；真合化成立时按化神路由,由共享基础引擎判定,86,affection_expression +12,affection_expression,食神通道在情感表达上的可观察形式为：通过陪伴、分享生活细节、照顾氛围、幽默和让对方放松来表达喜欢。是否高频、持续或被对方识别，仍需CARE、状态和案例反馈复核。,你往往会通过陪伴、分享生活细节、照顾氛围、幽默和让对方放松来表达喜欢。,不得推出用户一定好脾气、不会生气、过度讨好、只爱享受或缺乏原则。 不得据此定量判断谁付出更多，也不得推出对方一定能识别这份表达。,中,待验证,,provisional=true; channel=X03; deity=食神; facet=affection,0.3
M3-EXPR-035,食神｜情绪外化方式,L3 情绪与需求表达,EXPR-十神通道,通用,行为映射,X03 温和分享,emotion_expression,食神在M3中形成有效功能信号；至少由日支主／中气、亲密关系近位透干有根、独立流向或两类相互支持证据之一确认；原十神性质未被真合化替代。,食神仅为单一弱远、无根或争议信号；基础十神映射未定；真合化后原十神性质失效；仅由同一source_id重复支持。,不限定；由共享基础引擎与M3-STATE修正,不限定；M3-EXPR不以夫妻星为唯一主轴,由M3-BASE、日支结构及共享引擎提供,无／待表达路径规则组合,全局有效信号；日柱及亲密关系近位优先,由共享基础引擎判定,由共享基础引擎判定,喜忌不直接等于会不会表达；只修正调用顺畅度与强度,原十神性质有效；真合化成立时按化神路由,由共享基础引擎判定,84,emotion_expression +10,emotion_expression,食神通道对情绪外化的修正为：更愿意在情绪稍微稳定后，用柔和、可被接住的方式说明自己的感受。该规则描述平稳和一般情境的时序，不直接推断冲突时表现。,当你有情绪时，通常更可能更愿意在情绪稍微稳定后，用柔和、可被接住的方式说明自己的感受。,不得推出用户一定好脾气、不会生气、过度讨好、只爱享受或缺乏原则。 不得把表达较慢、较简短或偏行动化解释为没有情绪或拒绝沟通。,中,待验证,,provisional=true; channel=X03; deity=食神; facet=emotion,0.3
M3-EXPR-036,食神｜需求与观点表达,L3 情绪与需求表达,EXPR-十神通道,通用,行为映射,X03 温和分享,need_expression,食神在M3中形成有效功能信号；至少由日支主／中气、亲密关系近位透干有根、独立流向或两类相互支持证据之一确认；原十神性质未被真合化替代。,食神仅为单一弱远、无根或争议信号；基础十神映射未定；真合化后原十神性质失效；仅由同一source_id重复支持。,不限定；由共享基础引擎与M3-STATE修正,不限定；M3-EXPR不以夫妻星为唯一主轴,由M3-BASE、日支结构及共享引擎提供,无／待表达路径规则组合,全局有效信号；日柱及亲密关系近位优先,由共享基础引擎判定,由共享基础引擎判定,喜忌不直接等于会不会表达；只修正调用顺畅度与强度,原十神性质有效；真合化成立时按化神路由,由共享基础引擎判定,83,need_expression +10,need_expression／communication_style,食神通道在需求和观点表达上的常见形式为：需求常会经过缓和、铺垫或体贴化表达，不一定一开始就用强硬或命令式语言。能否长期执行这些条件由BOUND模块判断。,当你需要说明自己的需要或想法时，通常更倾向需求常会经过缓和、铺垫或体贴化表达，不一定一开始就用强硬或命令式语言。,不得推出用户一定好脾气、不会生气、过度讨好、只爱享受或缺乏原则。 不得把能说清条件等同于一定能执行边界，也不得把含蓄表达等同于让人猜。,中,待验证,,provisional=true; channel=X03; deity=食神; facet=need,0.3
M3-EXPR-037,食神｜接收与回应对方表达,L4 沟通顺序与回应,EXPR-十神通道,通用,回应映射,X03 温和分享,response_style,食神在M3中形成有效功能信号；至少由日支主／中气、亲密关系近位透干有根、独立流向或两类相互支持证据之一确认；原十神性质未被真合化替代。,食神仅为单一弱远、无根或争议信号；基础十神映射未定；真合化后原十神性质失效；仅由同一source_id重复支持。,不限定；由共享基础引擎与M3-STATE修正,不限定；M3-EXPR不以夫妻星为唯一主轴,由M3-BASE、日支结构及共享引擎提供,无／待表达路径规则组合,全局有效信号；日柱及亲密关系近位优先,由共享基础引擎判定,由共享基础引擎判定,喜忌不直接等于会不会表达；只修正调用顺畅度与强度,原十神性质有效；真合化成立时按化神路由,由共享基础引擎判定,78,response_style +8,response_style,食神通道会影响用户更容易接收怎样的表达：更容易接收温和、不带压迫感、允许慢慢说和慢慢回应的沟通。这里只描述接收偏好与回应入口，不评价对方表达是否正确。,你通常更容易回应这样的沟通：更容易接收温和、不带压迫感、允许慢慢说和慢慢回应的沟通。,不得推出用户一定好脾气、不会生气、过度讨好、只爱享受或缺乏原则。 不得据此要求伴侣只能用单一方式沟通，也不得推出其他方式一定无效。,中低,待验证,,provisional=true; channel=X03; deity=食神; facet=response,0.3
M3-EXPR-038,食神｜温和分享用户摘要,L7 总合成与边界审查,EXPR-十神通道,通用,输出,X03 温和分享,,X03已进入主通道或有效次通道，且未被去重、停止或真合化替代。,X03已被删除、降为仅内部候选或基础状态停止。,不限定；由共享基础引擎与M3-STATE修正,不限定；M3-EXPR不以夫妻星为唯一主轴,由M3-BASE、日支结构及共享引擎提供,无／待表达路径规则组合,全局有效信号；日柱及亲密关系近位优先,由共享基础引擎判定,由共享基础引擎判定,喜忌不直接等于会不会表达；只修正调用顺畅度与强度,原十神性质有效；真合化成立时按化神路由,由共享基础引擎判定,66,不加分,basis_summary,生成食神表达通道的折叠依据：核心为通过温和叙述、轻松交流、日常分享和让气氛舒服的方式传递感受。并保留正偏风格，而不把十神名称直接展示为人格标签。,从传统八字取象看，你的表达方式更接近“温和分享”：通过温和叙述、轻松交流、日常分享和让气氛舒服的方式传递感受。,不得推出用户一定好脾气、不会生气、过度讨好、只爱享受或缺乏原则。 折叠依据只用于解释，不得在正文堆叠十神术语。,中,待验证,,provisional=true; channel=X03; deity=食神; facet=summary,0.3
M3-EXPR-039,伤官｜X04 分析澄清核心表达通道,L1 主要表达通道,EXPR-十神通道,通用,基础,有效伤官表达信号／X04 分析澄清,,伤官在M3中形成有效功能信号；至少由日支主／中气、亲密关系近位透干有根、独立流向或两类相互支持证据之一确认；原十神性质未被真合化替代。,伤官仅为单一弱远、无根或争议信号；基础十神映射未定；真合化后原十神性质失效；仅由同一source_id重复支持。,不限定；由共享基础引擎与M3-STATE修正,不限定；M3-EXPR不以夫妻星为唯一主轴,由M3-BASE、日支结构及共享引擎提供,无／待表达路径规则组合,全局有效信号；日柱及亲密关系近位优先,由共享基础引擎判定,由共享基础引擎判定,喜忌不直接等于会不会表达；只修正调用顺畅度与强度,原十神性质有效；真合化成立时按化神路由,由共享基础引擎判定,94,X04主通道 +22,primary_expression_channel,伤官属于SYS02 表达交流系统。在M3-EXPR中，其核心功能为：通过说清逻辑、指出差异、提出问题和完整表达观点来建立理解。该规则只确定主要表达通道候选，不单独锁定频率、压力表现和沟通结果。,你更习惯通过说清逻辑、指出差异、提出问题和完整表达观点来建立理解。,不得推出用户说话刻薄、爱否定、一定吵架、缺乏尊重或感情不稳定。 不得把该通道等同于感情深浅、沟通效果或关系结果。,中高,待验证,,provisional=true; channel=X04; deity=伤官; facet=core,0.3
M3-EXPR-040,伤官｜在意与喜欢的表达,L2 情感表达,EXPR-十神通道,通用,行为映射,X04 分析澄清,affection_expression,伤官在M3中形成有效功能信号；至少由日支主／中气、亲密关系近位透干有根、独立流向或两类相互支持证据之一确认；原十神性质未被真合化替代。,伤官仅为单一弱远、无根或争议信号；基础十神映射未定；真合化后原十神性质失效；仅由同一source_id重复支持。,不限定；由共享基础引擎与M3-STATE修正,不限定；M3-EXPR不以夫妻星为唯一主轴,由M3-BASE、日支结构及共享引擎提供,无／待表达路径规则组合,全局有效信号；日柱及亲密关系近位优先,由共享基础引擎判定,由共享基础引擎判定,喜忌不直接等于会不会表达；只修正调用顺畅度与强度,原十神性质有效；真合化成立时按化神路由,由共享基础引擎判定,86,affection_expression +12,affection_expression,伤官通道在情感表达上的可观察形式为：通过分享想法、认真讨论、坦率反馈和让对方进入自己的认知世界来表达重视。是否高频、持续或被对方识别，仍需CARE、状态和案例反馈复核。,你往往会通过分享想法、认真讨论、坦率反馈和让对方进入自己的认知世界来表达重视。,不得推出用户说话刻薄、爱否定、一定吵架、缺乏尊重或感情不稳定。 不得据此定量判断谁付出更多，也不得推出对方一定能识别这份表达。,中,待验证,,provisional=true; channel=X04; deity=伤官; facet=affection,0.3
M3-EXPR-041,伤官｜情绪外化方式,L3 情绪与需求表达,EXPR-十神通道,通用,行为映射,X04 分析澄清,emotion_expression,伤官在M3中形成有效功能信号；至少由日支主／中气、亲密关系近位透干有根、独立流向或两类相互支持证据之一确认；原十神性质未被真合化替代。,伤官仅为单一弱远、无根或争议信号；基础十神映射未定；真合化后原十神性质失效；仅由同一source_id重复支持。,不限定；由共享基础引擎与M3-STATE修正,不限定；M3-EXPR不以夫妻星为唯一主轴,由M3-BASE、日支结构及共享引擎提供,无／待表达路径规则组合,全局有效信号；日柱及亲密关系近位优先,由共享基础引擎判定,由共享基础引擎判定,喜忌不直接等于会不会表达；只修正调用顺畅度与强度,原十神性质有效；真合化成立时按化神路由,由共享基础引擎判定,84,emotion_expression +10,emotion_expression,伤官通道对情绪外化的修正为：更容易把情绪拆成原因、事实和感受进行说明，希望对方真正听懂，而不只是给安慰。该规则描述平稳和一般情境的时序，不直接推断冲突时表现。,当你有情绪时，通常更可能更容易把情绪拆成原因、事实和感受进行说明，希望对方真正听懂，而不只是给安慰。,不得推出用户说话刻薄、爱否定、一定吵架、缺乏尊重或感情不稳定。 不得把表达较慢、较简短或偏行动化解释为没有情绪或拒绝沟通。,中,待验证,,provisional=true; channel=X04; deity=伤官; facet=emotion,0.3
M3-EXPR-042,伤官｜需求与观点表达,L3 情绪与需求表达,EXPR-十神通道,通用,行为映射,X04 分析澄清,need_expression,伤官在M3中形成有效功能信号；至少由日支主／中气、亲密关系近位透干有根、独立流向或两类相互支持证据之一确认；原十神性质未被真合化替代。,伤官仅为单一弱远、无根或争议信号；基础十神映射未定；真合化后原十神性质失效；仅由同一source_id重复支持。,不限定；由共享基础引擎与M3-STATE修正,不限定；M3-EXPR不以夫妻星为唯一主轴,由M3-BASE、日支结构及共享引擎提供,无／待表达路径规则组合,全局有效信号；日柱及亲密关系近位优先,由共享基础引擎判定,由共享基础引擎判定,喜忌不直接等于会不会表达；只修正调用顺畅度与强度,原十神性质有效；真合化成立时按化神路由,由共享基础引擎判定,83,need_expression +10,need_expression／communication_style,伤官通道在需求和观点表达上的常见形式为：倾向直接说明需求、理由和不合理之处，也会通过提问确认对方是否理解。能否长期执行这些条件由BOUND模块判断。,当你需要说明自己的需要或想法时，通常更倾向倾向直接说明需求、理由和不合理之处，也会通过提问确认对方是否理解。,不得推出用户说话刻薄、爱否定、一定吵架、缺乏尊重或感情不稳定。 不得把能说清条件等同于一定能执行边界，也不得把含蓄表达等同于让人猜。,中,待验证,,provisional=true; channel=X04; deity=伤官; facet=need,0.3
M3-EXPR-043,伤官｜接收与回应对方表达,L4 沟通顺序与回应,EXPR-十神通道,通用,回应映射,X04 分析澄清,response_style,伤官在M3中形成有效功能信号；至少由日支主／中气、亲密关系近位透干有根、独立流向或两类相互支持证据之一确认；原十神性质未被真合化替代。,伤官仅为单一弱远、无根或争议信号；基础十神映射未定；真合化后原十神性质失效；仅由同一source_id重复支持。,不限定；由共享基础引擎与M3-STATE修正,不限定；M3-EXPR不以夫妻星为唯一主轴,由M3-BASE、日支结构及共享引擎提供,无／待表达路径规则组合,全局有效信号；日柱及亲密关系近位优先,由共享基础引擎判定,由共享基础引擎判定,喜忌不直接等于会不会表达；只修正调用顺畅度与强度,原十神性质有效；真合化成立时按化神路由,由共享基础引擎判定,78,response_style +8,response_style,伤官通道会影响用户更容易接收怎样的表达：更容易接收有内容、能回应具体问题、允许讨论和解释的沟通。这里只描述接收偏好与回应入口，不评价对方表达是否正确。,你通常更容易回应这样的沟通：更容易接收有内容、能回应具体问题、允许讨论和解释的沟通。,不得推出用户说话刻薄、爱否定、一定吵架、缺乏尊重或感情不稳定。 不得据此要求伴侣只能用单一方式沟通，也不得推出其他方式一定无效。,中低,待验证,,provisional=true; channel=X04; deity=伤官; facet=response,0.3
M3-EXPR-044,伤官｜分析澄清用户摘要,L7 总合成与边界审查,EXPR-十神通道,通用,输出,X04 分析澄清,,X04已进入主通道或有效次通道，且未被去重、停止或真合化替代。,X04已被删除、降为仅内部候选或基础状态停止。,不限定；由共享基础引擎与M3-STATE修正,不限定；M3-EXPR不以夫妻星为唯一主轴,由M3-BASE、日支结构及共享引擎提供,无／待表达路径规则组合,全局有效信号；日柱及亲密关系近位优先,由共享基础引擎判定,由共享基础引擎判定,喜忌不直接等于会不会表达；只修正调用顺畅度与强度,原十神性质有效；真合化成立时按化神路由,由共享基础引擎判定,66,不加分,basis_summary,生成伤官表达通道的折叠依据：核心为通过说清逻辑、指出差异、提出问题和完整表达观点来建立理解。并保留正偏风格，而不把十神名称直接展示为人格标签。,从传统八字取象看，你的表达方式更接近“分析澄清”：通过说清逻辑、指出差异、提出问题和完整表达观点来建立理解。,不得推出用户说话刻薄、爱否定、一定吵架、缺乏尊重或感情不稳定。 折叠依据只用于解释，不得在正文堆叠十神术语。,中,待验证,,provisional=true; channel=X04; deity=伤官; facet=summary,0.3
M3-EXPR-045,正财｜X05 实际落实核心表达通道,L1 主要表达通道,EXPR-十神通道,通用,基础,有效正财表达信号／X05 实际落实,,正财在M3中形成有效功能信号；至少由日支主／中气、亲密关系近位透干有根、独立流向或两类相互支持证据之一确认；原十神性质未被真合化替代。,正财仅为单一弱远、无根或争议信号；基础十神映射未定；真合化后原十神性质失效；仅由同一source_id重复支持。,不限定；由共享基础引擎与M3-STATE修正,不限定；M3-EXPR不以夫妻星为唯一主轴,由M3-BASE、日支结构及共享引擎提供,无／待表达路径规则组合,全局有效信号；日柱及亲密关系近位优先,由共享基础引擎判定,由共享基础引擎判定,喜忌不直接等于会不会表达；只修正调用顺畅度与强度,原十神性质有效；真合化成立时按化神路由,由共享基础引擎判定,94,X05主通道 +22,primary_expression_channel,正财属于SYS03 投入经营系统。在M3-EXPR中，其核心功能为：更习惯把在意转化为具体安排、持续行动和可执行的日常细节。该规则只确定主要表达通道候选，不单独锁定频率、压力表现和沟通结果。,你更习惯更习惯把在意转化为具体安排、持续行动和可执行的日常细节。,不得推出用户功利、只看物质、不浪漫、算计付出或一定传统保守。 不得把该通道等同于感情深浅、沟通效果或关系结果。,中高,待验证,,provisional=true; channel=X05; deity=正财; facet=core,0.3
M3-EXPR-046,正财｜在意与喜欢的表达,L2 情感表达,EXPR-十神通道,通用,行为映射,X05 实际落实,affection_expression,正财在M3中形成有效功能信号；至少由日支主／中气、亲密关系近位透干有根、独立流向或两类相互支持证据之一确认；原十神性质未被真合化替代。,正财仅为单一弱远、无根或争议信号；基础十神映射未定；真合化后原十神性质失效；仅由同一source_id重复支持。,不限定；由共享基础引擎与M3-STATE修正,不限定；M3-EXPR不以夫妻星为唯一主轴,由M3-BASE、日支结构及共享引擎提供,无／待表达路径规则组合,全局有效信号；日柱及亲密关系近位优先,由共享基础引擎判定,由共享基础引擎判定,喜忌不直接等于会不会表达；只修正调用顺畅度与强度,原十神性质有效；真合化成立时按化神路由,由共享基础引擎判定,86,affection_expression +12,affection_expression,正财通道在情感表达上的可观察形式为：通过记得承诺、安排时间、处理生活事务、稳定出现和持续做小事表达重视。是否高频、持续或被对方识别，仍需CARE、状态和案例反馈复核。,你往往会通过记得承诺、安排时间、处理生活事务、稳定出现和持续做小事表达重视。,不得推出用户功利、只看物质、不浪漫、算计付出或一定传统保守。 不得据此定量判断谁付出更多，也不得推出对方一定能识别这份表达。,中,待验证,,provisional=true; channel=X05; deity=正财; facet=affection,0.3
M3-EXPR-047,正财｜情绪外化方式,L3 情绪与需求表达,EXPR-十神通道,通用,行为映射,X05 实际落实,emotion_expression,正财在M3中形成有效功能信号；至少由日支主／中气、亲密关系近位透干有根、独立流向或两类相互支持证据之一确认；原十神性质未被真合化替代。,正财仅为单一弱远、无根或争议信号；基础十神映射未定；真合化后原十神性质失效；仅由同一source_id重复支持。,不限定；由共享基础引擎与M3-STATE修正,不限定；M3-EXPR不以夫妻星为唯一主轴,由M3-BASE、日支结构及共享引擎提供,无／待表达路径规则组合,全局有效信号；日柱及亲密关系近位优先,由共享基础引擎判定,由共享基础引擎判定,喜忌不直接等于会不会表达；只修正调用顺畅度与强度,原十神性质有效；真合化成立时按化神路由,由共享基础引擎判定,84,emotion_expression +10,emotion_expression,正财通道对情绪外化的修正为：情绪表达往往会落到“接下来怎么做、需要怎样安排”上，事实与行动比抽象表态更重要。该规则描述平稳和一般情境的时序，不直接推断冲突时表现。,当你有情绪时，通常更可能情绪表达往往会落到“接下来怎么做、需要怎样安排”上，事实与行动比抽象表态更重要。,不得推出用户功利、只看物质、不浪漫、算计付出或一定传统保守。 不得把表达较慢、较简短或偏行动化解释为没有情绪或拒绝沟通。,中,待验证,,provisional=true; channel=X05; deity=正财; facet=emotion,0.3
M3-EXPR-048,正财｜需求与观点表达,L3 情绪与需求表达,EXPR-十神通道,通用,行为映射,X05 实际落实,need_expression,正财在M3中形成有效功能信号；至少由日支主／中气、亲密关系近位透干有根、独立流向或两类相互支持证据之一确认；原十神性质未被真合化替代。,正财仅为单一弱远、无根或争议信号；基础十神映射未定；真合化后原十神性质失效；仅由同一source_id重复支持。,不限定；由共享基础引擎与M3-STATE修正,不限定；M3-EXPR不以夫妻星为唯一主轴,由M3-BASE、日支结构及共享引擎提供,无／待表达路径规则组合,全局有效信号；日柱及亲密关系近位优先,由共享基础引擎判定,由共享基础引擎判定,喜忌不直接等于会不会表达；只修正调用顺畅度与强度,原十神性质有效；真合化成立时按化神路由,由共享基础引擎判定,83,need_expression +10,need_expression／communication_style,正财通道在需求和观点表达上的常见形式为：倾向把需求说成具体事项、时间安排和可落实的分工，希望对方给出稳定回应。能否长期执行这些条件由BOUND模块判断。,当你需要说明自己的需要或想法时，通常更倾向倾向把需求说成具体事项、时间安排和可落实的分工，希望对方给出稳定回应。,不得推出用户功利、只看物质、不浪漫、算计付出或一定传统保守。 不得把能说清条件等同于一定能执行边界，也不得把含蓄表达等同于让人猜。,中,待验证,,provisional=true; channel=X05; deity=正财; facet=need,0.3
M3-EXPR-049,正财｜接收与回应对方表达,L4 沟通顺序与回应,EXPR-十神通道,通用,回应映射,X05 实际落实,response_style,正财在M3中形成有效功能信号；至少由日支主／中气、亲密关系近位透干有根、独立流向或两类相互支持证据之一确认；原十神性质未被真合化替代。,正财仅为单一弱远、无根或争议信号；基础十神映射未定；真合化后原十神性质失效；仅由同一source_id重复支持。,不限定；由共享基础引擎与M3-STATE修正,不限定；M3-EXPR不以夫妻星为唯一主轴,由M3-BASE、日支结构及共享引擎提供,无／待表达路径规则组合,全局有效信号；日柱及亲密关系近位优先,由共享基础引擎判定,由共享基础引擎判定,喜忌不直接等于会不会表达；只修正调用顺畅度与强度,原十神性质有效；真合化成立时按化神路由,由共享基础引擎判定,78,response_style +8,response_style,正财通道会影响用户更容易接收怎样的表达：更容易通过对方是否持续行动、是否把话落实到日常来判断自己是否被理解。这里只描述接收偏好与回应入口，不评价对方表达是否正确。,你通常更容易回应这样的沟通：更容易通过对方是否持续行动、是否把话落实到日常来判断自己是否被理解。,不得推出用户功利、只看物质、不浪漫、算计付出或一定传统保守。 不得据此要求伴侣只能用单一方式沟通，也不得推出其他方式一定无效。,中低,待验证,,provisional=true; channel=X05; deity=正财; facet=response,0.3
M3-EXPR-050,正财｜实际落实用户摘要,L7 总合成与边界审查,EXPR-十神通道,通用,输出,X05 实际落实,,X05已进入主通道或有效次通道，且未被去重、停止或真合化替代。,X05已被删除、降为仅内部候选或基础状态停止。,不限定；由共享基础引擎与M3-STATE修正,不限定；M3-EXPR不以夫妻星为唯一主轴,由M3-BASE、日支结构及共享引擎提供,无／待表达路径规则组合,全局有效信号；日柱及亲密关系近位优先,由共享基础引擎判定,由共享基础引擎判定,喜忌不直接等于会不会表达；只修正调用顺畅度与强度,原十神性质有效；真合化成立时按化神路由,由共享基础引擎判定,66,不加分,basis_summary,生成正财表达通道的折叠依据：核心为更习惯把在意转化为具体安排、持续行动和可执行的日常细节。并保留正偏风格，而不把十神名称直接展示为人格标签。,从传统八字取象看，你的表达方式更接近“实际落实”：更习惯把在意转化为具体安排、持续行动和可执行的日常细节。,不得推出用户功利、只看物质、不浪漫、算计付出或一定传统保守。 折叠依据只用于解释，不得在正文堆叠十神术语。,中,待验证,,provisional=true; channel=X05; deity=正财; facet=summary,0.3
M3-EXPR-051,偏财｜X06 氛围回应核心表达通道,L1 主要表达通道,EXPR-十神通道,通用,基础,有效偏财表达信号／X06 氛围回应,,偏财在M3中形成有效功能信号；至少由日支主／中气、亲密关系近位透干有根、独立流向或两类相互支持证据之一确认；原十神性质未被真合化替代。,偏财仅为单一弱远、无根或争议信号；基础十神映射未定；真合化后原十神性质失效；仅由同一source_id重复支持。,不限定；由共享基础引擎与M3-STATE修正,不限定；M3-EXPR不以夫妻星为唯一主轴,由M3-BASE、日支结构及共享引擎提供,无／待表达路径规则组合,全局有效信号；日柱及亲密关系近位优先,由共享基础引擎判定,由共享基础引擎判定,喜忌不直接等于会不会表达；只修正调用顺畅度与强度,原十神性质有效；真合化成立时按化神路由,由共享基础引擎判定,94,X06主通道 +22,primary_expression_channel,偏财属于SYS03 投入经营系统。在M3-EXPR中，其核心功能为：通过灵活互动、共同体验、及时回应和营造有来有往的氛围表达感受。该规则只确定主要表达通道候选，不单独锁定频率、压力表现和沟通结果。,你更习惯通过灵活互动、共同体验、及时回应和营造有来有往的氛围表达感受。,不得推出用户花心、只追求新鲜、不会长期投入、爱暧昧或一定外向。 不得把该通道等同于感情深浅、沟通效果或关系结果。,中高,待验证,,provisional=true; channel=X06; deity=偏财; facet=core,0.3
M3-EXPR-052,偏财｜在意与喜欢的表达,L2 情感表达,EXPR-十神通道,通用,行为映射,X06 氛围回应,affection_expression,偏财在M3中形成有效功能信号；至少由日支主／中气、亲密关系近位透干有根、独立流向或两类相互支持证据之一确认；原十神性质未被真合化替代。,偏财仅为单一弱远、无根或争议信号；基础十神映射未定；真合化后原十神性质失效；仅由同一source_id重复支持。,不限定；由共享基础引擎与M3-STATE修正,不限定；M3-EXPR不以夫妻星为唯一主轴,由M3-BASE、日支结构及共享引擎提供,无／待表达路径规则组合,全局有效信号；日柱及亲密关系近位优先,由共享基础引擎判定,由共享基础引擎判定,喜忌不直接等于会不会表达；只修正调用顺畅度与强度,原十神性质有效；真合化成立时按化神路由,由共享基础引擎判定,86,affection_expression +12,affection_expression,偏财通道在情感表达上的可观察形式为：通过邀约、制造惊喜、分享新鲜体验、慷慨回应和让相处有活力来表达喜欢。是否高频、持续或被对方识别，仍需CARE、状态和案例反馈复核。,你往往会通过邀约、制造惊喜、分享新鲜体验、慷慨回应和让相处有活力来表达喜欢。,不得推出用户花心、只追求新鲜、不会长期投入、爱暧昧或一定外向。 不得据此定量判断谁付出更多，也不得推出对方一定能识别这份表达。,中,待验证,,provisional=true; channel=X06; deity=偏财; facet=affection,0.3
M3-EXPR-053,偏财｜情绪外化方式,L3 情绪与需求表达,EXPR-十神通道,通用,行为映射,X06 氛围回应,emotion_expression,偏财在M3中形成有效功能信号；至少由日支主／中气、亲密关系近位透干有根、独立流向或两类相互支持证据之一确认；原十神性质未被真合化替代。,偏财仅为单一弱远、无根或争议信号；基础十神映射未定；真合化后原十神性质失效；仅由同一source_id重复支持。,不限定；由共享基础引擎与M3-STATE修正,不限定；M3-EXPR不以夫妻星为唯一主轴,由M3-BASE、日支结构及共享引擎提供,无／待表达路径规则组合,全局有效信号；日柱及亲密关系近位优先,由共享基础引擎判定,由共享基础引擎判定,喜忌不直接等于会不会表达；只修正调用顺畅度与强度,原十神性质有效；真合化成立时按化神路由,由共享基础引擎判定,84,emotion_expression +10,emotion_expression,偏财通道对情绪外化的修正为：更容易借互动氛围、语气、现场反馈和共同体验传递情绪，而不是长时间停留在抽象分析。该规则描述平稳和一般情境的时序，不直接推断冲突时表现。,当你有情绪时，通常更可能更容易借互动氛围、语气、现场反馈和共同体验传递情绪，而不是长时间停留在抽象分析。,不得推出用户花心、只追求新鲜、不会长期投入、爱暧昧或一定外向。 不得把表达较慢、较简短或偏行动化解释为没有情绪或拒绝沟通。,中,待验证,,provisional=true; channel=X06; deity=偏财; facet=emotion,0.3
M3-EXPR-054,偏财｜需求与观点表达,L3 情绪与需求表达,EXPR-十神通道,通用,行为映射,X06 氛围回应,need_expression,偏财在M3中形成有效功能信号；至少由日支主／中气、亲密关系近位透干有根、独立流向或两类相互支持证据之一确认；原十神性质未被真合化替代。,偏财仅为单一弱远、无根或争议信号；基础十神映射未定；真合化后原十神性质失效；仅由同一source_id重复支持。,不限定；由共享基础引擎与M3-STATE修正,不限定；M3-EXPR不以夫妻星为唯一主轴,由M3-BASE、日支结构及共享引擎提供,无／待表达路径规则组合,全局有效信号；日柱及亲密关系近位优先,由共享基础引擎判定,由共享基础引擎判定,喜忌不直接等于会不会表达；只修正调用顺畅度与强度,原十神性质有效；真合化成立时按化神路由,由共享基础引擎判定,83,need_expression +10,need_expression／communication_style,偏财通道在需求和观点表达上的常见形式为：需求常以邀请、建议、当下想法或共同体验的形式提出，表达较灵活。能否长期执行这些条件由BOUND模块判断。,当你需要说明自己的需要或想法时，通常更倾向需求常以邀请、建议、当下想法或共同体验的形式提出，表达较灵活。,不得推出用户花心、只追求新鲜、不会长期投入、爱暧昧或一定外向。 不得把能说清条件等同于一定能执行边界，也不得把含蓄表达等同于让人猜。,中,待验证,,provisional=true; channel=X06; deity=偏财; facet=need,0.3
M3-EXPR-055,偏财｜接收与回应对方表达,L4 沟通顺序与回应,EXPR-十神通道,通用,回应映射,X06 氛围回应,response_style,偏财在M3中形成有效功能信号；至少由日支主／中气、亲密关系近位透干有根、独立流向或两类相互支持证据之一确认；原十神性质未被真合化替代。,偏财仅为单一弱远、无根或争议信号；基础十神映射未定；真合化后原十神性质失效；仅由同一source_id重复支持。,不限定；由共享基础引擎与M3-STATE修正,不限定；M3-EXPR不以夫妻星为唯一主轴,由M3-BASE、日支结构及共享引擎提供,无／待表达路径规则组合,全局有效信号；日柱及亲密关系近位优先,由共享基础引擎判定,由共享基础引擎判定,喜忌不直接等于会不会表达；只修正调用顺畅度与强度,原十神性质有效；真合化成立时按化神路由,由共享基础引擎判定,78,response_style +8,response_style,偏财通道会影响用户更容易接收怎样的表达：更容易接收有回应、有变化、能接住当下气氛并愿意参与的表达。这里只描述接收偏好与回应入口，不评价对方表达是否正确。,你通常更容易回应这样的沟通：更容易接收有回应、有变化、能接住当下气氛并愿意参与的表达。,不得推出用户花心、只追求新鲜、不会长期投入、爱暧昧或一定外向。 不得据此要求伴侣只能用单一方式沟通，也不得推出其他方式一定无效。,中低,待验证,,provisional=true; channel=X06; deity=偏财; facet=response,0.3
M3-EXPR-056,偏财｜氛围回应用户摘要,L7 总合成与边界审查,EXPR-十神通道,通用,输出,X06 氛围回应,,X06已进入主通道或有效次通道，且未被去重、停止或真合化替代。,X06已被删除、降为仅内部候选或基础状态停止。,不限定；由共享基础引擎与M3-STATE修正,不限定；M3-EXPR不以夫妻星为唯一主轴,由M3-BASE、日支结构及共享引擎提供,无／待表达路径规则组合,全局有效信号；日柱及亲密关系近位优先,由共享基础引擎判定,由共享基础引擎判定,喜忌不直接等于会不会表达；只修正调用顺畅度与强度,原十神性质有效；真合化成立时按化神路由,由共享基础引擎判定,66,不加分,basis_summary,生成偏财表达通道的折叠依据：核心为通过灵活互动、共同体验、及时回应和营造有来有往的氛围表达感受。并保留正偏风格，而不把十神名称直接展示为人格标签。,从传统八字取象看，你的表达方式更接近“氛围回应”：通过灵活互动、共同体验、及时回应和营造有来有往的氛围表达感受。,不得推出用户花心、只追求新鲜、不会长期投入、爱暧昧或一定外向。 折叠依据只用于解释，不得在正文堆叠十神术语。,中,待验证,,provisional=true; channel=X06; deity=偏财; facet=summary,0.3
M3-EXPR-057,正官｜X07 责任表态核心表达通道,L1 主要表达通道,EXPR-十神通道,通用,基础,有效正官表达信号／X07 责任表态,,正官在M3中形成有效功能信号；至少由日支主／中气、亲密关系近位透干有根、独立流向或两类相互支持证据之一确认；原十神性质未被真合化替代。,正官仅为单一弱远、无根或争议信号；基础十神映射未定；真合化后原十神性质失效；仅由同一source_id重复支持。,不限定；由共享基础引擎与M3-STATE修正,不限定；M3-EXPR不以夫妻星为唯一主轴,由M3-BASE、日支结构及共享引擎提供,无／待表达路径规则组合,全局有效信号；日柱及亲密关系近位优先,由共享基础引擎判定,由共享基础引擎判定,喜忌不直接等于会不会表达；只修正调用顺畅度与强度,原十神性质有效；真合化成立时按化神路由,由共享基础引擎判定,94,X07主通道 +22,primary_expression_channel,正官属于SYS04 责任行动系统。在M3-EXPR中，其核心功能为：通过明确关系、守约、说明责任和建立可执行规则来表达重视。该规则只确定主要表达通道候选，不单独锁定频率、压力表现和沟通结果。,你更习惯通过明确关系、守约、说明责任和建立可执行规则来表达重视。,不得推出用户古板、爱管人、没有情绪、服从权威或一定要求传统角色。 不得把该通道等同于感情深浅、沟通效果或关系结果。,中高,待验证,,provisional=true; channel=X07; deity=正官; facet=core,0.3
M3-EXPR-058,正官｜在意与喜欢的表达,L2 情感表达,EXPR-十神通道,通用,行为映射,X07 责任表态,affection_expression,正官在M3中形成有效功能信号；至少由日支主／中气、亲密关系近位透干有根、独立流向或两类相互支持证据之一确认；原十神性质未被真合化替代。,正官仅为单一弱远、无根或争议信号；基础十神映射未定；真合化后原十神性质失效；仅由同一source_id重复支持。,不限定；由共享基础引擎与M3-STATE修正,不限定；M3-EXPR不以夫妻星为唯一主轴,由M3-BASE、日支结构及共享引擎提供,无／待表达路径规则组合,全局有效信号；日柱及亲密关系近位优先,由共享基础引擎判定,由共享基础引擎判定,喜忌不直接等于会不会表达；只修正调用顺畅度与强度,原十神性质有效；真合化成立时按化神路由,由共享基础引擎判定,86,affection_expression +12,affection_expression,正官通道在情感表达上的可观察形式为：通过稳定承诺、按约完成、主动承担和把对方纳入正式安排来表达在意。是否高频、持续或被对方识别，仍需CARE、状态和案例反馈复核。,你往往会通过稳定承诺、按约完成、主动承担和把对方纳入正式安排来表达在意。,不得推出用户古板、爱管人、没有情绪、服从权威或一定要求传统角色。 不得据此定量判断谁付出更多，也不得推出对方一定能识别这份表达。,中,待验证,,provisional=true; channel=X07; deity=正官; facet=affection,0.3
M3-EXPR-059,正官｜情绪外化方式,L3 情绪与需求表达,EXPR-十神通道,通用,行为映射,X07 责任表态,emotion_expression,正官在M3中形成有效功能信号；至少由日支主／中气、亲密关系近位透干有根、独立流向或两类相互支持证据之一确认；原十神性质未被真合化替代。,正官仅为单一弱远、无根或争议信号；基础十神映射未定；真合化后原十神性质失效；仅由同一source_id重复支持。,不限定；由共享基础引擎与M3-STATE修正,不限定；M3-EXPR不以夫妻星为唯一主轴,由M3-BASE、日支结构及共享引擎提供,无／待表达路径规则组合,全局有效信号；日柱及亲密关系近位优先,由共享基础引擎判定,由共享基础引擎判定,喜忌不直接等于会不会表达；只修正调用顺畅度与强度,原十神性质有效；真合化成立时按化神路由,由共享基础引擎判定,84,emotion_expression +10,emotion_expression,正官通道对情绪外化的修正为：情绪可能先被整理成较克制、清楚和有分寸的表达，重点是“我会怎样负责”。该规则描述平稳和一般情境的时序，不直接推断冲突时表现。,当你有情绪时，通常更可能情绪可能先被整理成较克制、清楚和有分寸的表达，重点是“我会怎样负责”。,不得推出用户古板、爱管人、没有情绪、服从权威或一定要求传统角色。 不得把表达较慢、较简短或偏行动化解释为没有情绪或拒绝沟通。,中,待验证,,provisional=true; channel=X07; deity=正官; facet=emotion,0.3
M3-EXPR-060,正官｜需求与观点表达,L3 情绪与需求表达,EXPR-十神通道,通用,行为映射,X07 责任表态,need_expression,正官在M3中形成有效功能信号；至少由日支主／中气、亲密关系近位透干有根、独立流向或两类相互支持证据之一确认；原十神性质未被真合化替代。,正官仅为单一弱远、无根或争议信号；基础十神映射未定；真合化后原十神性质失效；仅由同一source_id重复支持。,不限定；由共享基础引擎与M3-STATE修正,不限定；M3-EXPR不以夫妻星为唯一主轴,由M3-BASE、日支结构及共享引擎提供,无／待表达路径规则组合,全局有效信号；日柱及亲密关系近位优先,由共享基础引擎判定,由共享基础引擎判定,喜忌不直接等于会不会表达；只修正调用顺畅度与强度,原十神性质有效；真合化成立时按化神路由,由共享基础引擎判定,83,need_expression +10,need_expression／communication_style,正官通道在需求和观点表达上的常见形式为：倾向把需求说成规则、责任、边界和双方应当怎样配合，希望关系有清楚的秩序。能否长期执行这些条件由BOUND模块判断。,当你需要说明自己的需要或想法时，通常更倾向倾向把需求说成规则、责任、边界和双方应当怎样配合，希望关系有清楚的秩序。,不得推出用户古板、爱管人、没有情绪、服从权威或一定要求传统角色。 不得把能说清条件等同于一定能执行边界，也不得把含蓄表达等同于让人猜。,中,待验证,,provisional=true; channel=X07; deity=正官; facet=need,0.3
M3-EXPR-061,正官｜接收与回应对方表达,L4 沟通顺序与回应,EXPR-十神通道,通用,回应映射,X07 责任表态,response_style,正官在M3中形成有效功能信号；至少由日支主／中气、亲密关系近位透干有根、独立流向或两类相互支持证据之一确认；原十神性质未被真合化替代。,正官仅为单一弱远、无根或争议信号；基础十神映射未定；真合化后原十神性质失效；仅由同一source_id重复支持。,不限定；由共享基础引擎与M3-STATE修正,不限定；M3-EXPR不以夫妻星为唯一主轴,由M3-BASE、日支结构及共享引擎提供,无／待表达路径规则组合,全局有效信号；日柱及亲密关系近位优先,由共享基础引擎判定,由共享基础引擎判定,喜忌不直接等于会不会表达；只修正调用顺畅度与强度,原十神性质有效；真合化成立时按化神路由,由共享基础引擎判定,78,response_style +8,response_style,正官通道会影响用户更容易接收怎样的表达：更容易接收有交代、前后一致、承诺和行为能够对应的表达。这里只描述接收偏好与回应入口，不评价对方表达是否正确。,你通常更容易回应这样的沟通：更容易接收有交代、前后一致、承诺和行为能够对应的表达。,不得推出用户古板、爱管人、没有情绪、服从权威或一定要求传统角色。 不得据此要求伴侣只能用单一方式沟通，也不得推出其他方式一定无效。,中低,待验证,,provisional=true; channel=X07; deity=正官; facet=response,0.3
M3-EXPR-062,正官｜责任表态用户摘要,L7 总合成与边界审查,EXPR-十神通道,通用,输出,X07 责任表态,,X07已进入主通道或有效次通道，且未被去重、停止或真合化替代。,X07已被删除、降为仅内部候选或基础状态停止。,不限定；由共享基础引擎与M3-STATE修正,不限定；M3-EXPR不以夫妻星为唯一主轴,由M3-BASE、日支结构及共享引擎提供,无／待表达路径规则组合,全局有效信号；日柱及亲密关系近位优先,由共享基础引擎判定,由共享基础引擎判定,喜忌不直接等于会不会表达；只修正调用顺畅度与强度,原十神性质有效；真合化成立时按化神路由,由共享基础引擎判定,66,不加分,basis_summary,生成正官表达通道的折叠依据：核心为通过明确关系、守约、说明责任和建立可执行规则来表达重视。并保留正偏风格，而不把十神名称直接展示为人格标签。,从传统八字取象看，你的表达方式更接近“责任表态”：通过明确关系、守约、说明责任和建立可执行规则来表达重视。,不得推出用户古板、爱管人、没有情绪、服从权威或一定要求传统角色。 折叠依据只用于解释，不得在正文堆叠十神术语。,中,待验证,,provisional=true; channel=X07; deity=正官; facet=summary,0.3
M3-EXPR-063,七杀｜X08 行动表态核心表达通道,L1 主要表达通道,EXPR-十神通道,通用,基础,有效七杀表达信号／X08 行动表态,,七杀在M3中形成有效功能信号；至少由日支主／中气、亲密关系近位透干有根、独立流向或两类相互支持证据之一确认；原十神性质未被真合化替代。,七杀仅为单一弱远、无根或争议信号；基础十神映射未定；真合化后原十神性质失效；仅由同一source_id重复支持。,不限定；由共享基础引擎与M3-STATE修正,不限定；M3-EXPR不以夫妻星为唯一主轴,由M3-BASE、日支结构及共享引擎提供,无／待表达路径规则组合,全局有效信号；日柱及亲密关系近位优先,由共享基础引擎判定,由共享基础引擎判定,喜忌不直接等于会不会表达；只修正调用顺畅度与强度,原十神性质有效；真合化成立时按化神路由,由共享基础引擎判定,94,X08主通道 +22,primary_expression_channel,七杀属于SYS04 责任行动系统。在M3-EXPR中，其核心功能为：通过快速处理、明确决定、保护性行动和解决问题来表达态度。该规则只确定主要表达通道候选，不单独锁定频率、压力表现和沟通结果。,你更习惯通过快速处理、明确决定、保护性行动和解决问题来表达态度。,不得推出用户暴躁、控制、强迫、缺乏温柔、一定压制伴侣或关系有暴力风险。 不得把该通道等同于感情深浅、沟通效果或关系结果。,中高,待验证,,provisional=true; channel=X08; deity=七杀; facet=core,0.3
M3-EXPR-064,七杀｜在意与喜欢的表达,L2 情感表达,EXPR-十神通道,通用,行为映射,X08 行动表态,affection_expression,七杀在M3中形成有效功能信号；至少由日支主／中气、亲密关系近位透干有根、独立流向或两类相互支持证据之一确认；原十神性质未被真合化替代。,七杀仅为单一弱远、无根或争议信号；基础十神映射未定；真合化后原十神性质失效；仅由同一source_id重复支持。,不限定；由共享基础引擎与M3-STATE修正,不限定；M3-EXPR不以夫妻星为唯一主轴,由M3-BASE、日支结构及共享引擎提供,无／待表达路径规则组合,全局有效信号；日柱及亲密关系近位优先,由共享基础引擎判定,由共享基础引擎判定,喜忌不直接等于会不会表达；只修正调用顺畅度与强度,原十神性质有效；真合化成立时按化神路由,由共享基础引擎判定,86,affection_expression +12,affection_expression,七杀通道在情感表达上的可观察形式为：通过在关键时刻出现、替关系推进、处理困难或立即提供实际支持表达在意。是否高频、持续或被对方识别，仍需CARE、状态和案例反馈复核。,你往往会通过在关键时刻出现、替关系推进、处理困难或立即提供实际支持表达在意。,不得推出用户暴躁、控制、强迫、缺乏温柔、一定压制伴侣或关系有暴力风险。 不得据此定量判断谁付出更多，也不得推出对方一定能识别这份表达。,中,待验证,,provisional=true; channel=X08; deity=七杀; facet=affection,0.3
M3-EXPR-065,七杀｜情绪外化方式,L3 情绪与需求表达,EXPR-十神通道,通用,行为映射,X08 行动表态,emotion_expression,七杀在M3中形成有效功能信号；至少由日支主／中气、亲密关系近位透干有根、独立流向或两类相互支持证据之一确认；原十神性质未被真合化替代。,七杀仅为单一弱远、无根或争议信号；基础十神映射未定；真合化后原十神性质失效；仅由同一source_id重复支持。,不限定；由共享基础引擎与M3-STATE修正,不限定；M3-EXPR不以夫妻星为唯一主轴,由M3-BASE、日支结构及共享引擎提供,无／待表达路径规则组合,全局有效信号；日柱及亲密关系近位优先,由共享基础引擎判定,由共享基础引擎判定,喜忌不直接等于会不会表达；只修正调用顺畅度与强度,原十神性质有效；真合化成立时按化神路由,由共享基础引擎判定,84,emotion_expression +10,emotion_expression,七杀通道对情绪外化的修正为：情绪容易先压缩成行动、结论或明确态度，详细解释可能在事情稳定后才出现。该规则描述平稳和一般情境的时序，不直接推断冲突时表现。,当你有情绪时，通常更可能情绪容易先压缩成行动、结论或明确态度，详细解释可能在事情稳定后才出现。,不得推出用户暴躁、控制、强迫、缺乏温柔、一定压制伴侣或关系有暴力风险。 不得把表达较慢、较简短或偏行动化解释为没有情绪或拒绝沟通。,中,待验证,,provisional=true; channel=X08; deity=七杀; facet=emotion,0.3
M3-EXPR-066,七杀｜需求与观点表达,L3 情绪与需求表达,EXPR-十神通道,通用,行为映射,X08 行动表态,need_expression,七杀在M3中形成有效功能信号；至少由日支主／中气、亲密关系近位透干有根、独立流向或两类相互支持证据之一确认；原十神性质未被真合化替代。,七杀仅为单一弱远、无根或争议信号；基础十神映射未定；真合化后原十神性质失效；仅由同一source_id重复支持。,不限定；由共享基础引擎与M3-STATE修正,不限定；M3-EXPR不以夫妻星为唯一主轴,由M3-BASE、日支结构及共享引擎提供,无／待表达路径规则组合,全局有效信号；日柱及亲密关系近位优先,由共享基础引擎判定,由共享基础引擎判定,喜忌不直接等于会不会表达；只修正调用顺畅度与强度,原十神性质有效；真合化成立时按化神路由,由共享基础引擎判定,83,need_expression +10,need_expression／communication_style,七杀通道在需求和观点表达上的常见形式为：倾向直接说重点、给出方向或推动决定，希望沟通能迅速进入可执行层面。能否长期执行这些条件由BOUND模块判断。,当你需要说明自己的需要或想法时，通常更倾向倾向直接说重点、给出方向或推动决定，希望沟通能迅速进入可执行层面。,不得推出用户暴躁、控制、强迫、缺乏温柔、一定压制伴侣或关系有暴力风险。 不得把能说清条件等同于一定能执行边界，也不得把含蓄表达等同于让人猜。,中,待验证,,provisional=true; channel=X08; deity=七杀; facet=need,0.3
M3-EXPR-067,七杀｜接收与回应对方表达,L4 沟通顺序与回应,EXPR-十神通道,通用,回应映射,X08 行动表态,response_style,七杀在M3中形成有效功能信号；至少由日支主／中气、亲密关系近位透干有根、独立流向或两类相互支持证据之一确认；原十神性质未被真合化替代。,七杀仅为单一弱远、无根或争议信号；基础十神映射未定；真合化后原十神性质失效；仅由同一source_id重复支持。,不限定；由共享基础引擎与M3-STATE修正,不限定；M3-EXPR不以夫妻星为唯一主轴,由M3-BASE、日支结构及共享引擎提供,无／待表达路径规则组合,全局有效信号；日柱及亲密关系近位优先,由共享基础引擎判定,由共享基础引擎判定,喜忌不直接等于会不会表达；只修正调用顺畅度与强度,原十神性质有效；真合化成立时按化神路由,由共享基础引擎判定,78,response_style +8,response_style,七杀通道会影响用户更容易接收怎样的表达：更容易接收清楚、果断、有行动配合、不过度拖延的表达。这里只描述接收偏好与回应入口，不评价对方表达是否正确。,你通常更容易回应这样的沟通：更容易接收清楚、果断、有行动配合、不过度拖延的表达。,不得推出用户暴躁、控制、强迫、缺乏温柔、一定压制伴侣或关系有暴力风险。 不得据此要求伴侣只能用单一方式沟通，也不得推出其他方式一定无效。,中低,待验证,,provisional=true; channel=X08; deity=七杀; facet=response,0.3
M3-EXPR-068,七杀｜行动表态用户摘要,L7 总合成与边界审查,EXPR-十神通道,通用,输出,X08 行动表态,,X08已进入主通道或有效次通道，且未被去重、停止或真合化替代。,X08已被删除、降为仅内部候选或基础状态停止。,不限定；由共享基础引擎与M3-STATE修正,不限定；M3-EXPR不以夫妻星为唯一主轴,由M3-BASE、日支结构及共享引擎提供,无／待表达路径规则组合,全局有效信号；日柱及亲密关系近位优先,由共享基础引擎判定,由共享基础引擎判定,喜忌不直接等于会不会表达；只修正调用顺畅度与强度,原十神性质有效；真合化成立时按化神路由,由共享基础引擎判定,66,不加分,basis_summary,生成七杀表达通道的折叠依据：核心为通过快速处理、明确决定、保护性行动和解决问题来表达态度。并保留正偏风格，而不把十神名称直接展示为人格标签。,从传统八字取象看，你的表达方式更接近“行动表态”：通过快速处理、明确决定、保护性行动和解决问题来表达态度。,不得推出用户暴躁、控制、强迫、缺乏温柔、一定压制伴侣或关系有暴力风险。 折叠依据只用于解释，不得在正文堆叠十神术语。,中,待验证,,provisional=true; channel=X08; deity=七杀; facet=summary,0.3
M3-EXPR-069,正印｜X09 倾听承接核心表达通道,L1 主要表达通道,EXPR-十神通道,通用,基础,有效正印表达信号／X09 倾听承接,,正印在M3中形成有效功能信号；至少由日支主／中气、亲密关系近位透干有根、独立流向或两类相互支持证据之一确认；原十神性质未被真合化替代。,正印仅为单一弱远、无根或争议信号；基础十神映射未定；真合化后原十神性质失效；仅由同一source_id重复支持。,不限定；由共享基础引擎与M3-STATE修正,不限定；M3-EXPR不以夫妻星为唯一主轴,由M3-BASE、日支结构及共享引擎提供,无／待表达路径规则组合,全局有效信号；日柱及亲密关系近位优先,由共享基础引擎判定,由共享基础引擎判定,喜忌不直接等于会不会表达；只修正调用顺畅度与强度,原十神性质有效；真合化成立时按化神路由,由共享基础引擎判定,94,X09主通道 +22,primary_expression_channel,正印属于SYS05 承接内化系统。在M3-EXPR中，其核心功能为：通过倾听、理解、安抚和先接住对方的感受来建立沟通。该规则只确定主要表达通道候选，不单独锁定频率、压力表现和沟通结果。,你更习惯通过倾听、理解、安抚和先接住对方的感受来建立沟通。,不得推出用户依赖、软弱、没有立场、只想被照顾或一定承担母性／父性角色。 不得把该通道等同于感情深浅、沟通效果或关系结果。,中高,待验证,,provisional=true; channel=X09; deity=正印; facet=core,0.3
M3-EXPR-070,正印｜在意与喜欢的表达,L2 情感表达,EXPR-十神通道,通用,行为映射,X09 倾听承接,affection_expression,正印在M3中形成有效功能信号；至少由日支主／中气、亲密关系近位透干有根、独立流向或两类相互支持证据之一确认；原十神性质未被真合化替代。,正印仅为单一弱远、无根或争议信号；基础十神映射未定；真合化后原十神性质失效；仅由同一source_id重复支持。,不限定；由共享基础引擎与M3-STATE修正,不限定；M3-EXPR不以夫妻星为唯一主轴,由M3-BASE、日支结构及共享引擎提供,无／待表达路径规则组合,全局有效信号；日柱及亲密关系近位优先,由共享基础引擎判定,由共享基础引擎判定,喜忌不直接等于会不会表达；只修正调用顺畅度与强度,原十神性质有效；真合化成立时按化神路由,由共享基础引擎判定,86,affection_expression +12,affection_expression,正印通道在情感表达上的可观察形式为：通过耐心听、记住对方的需要、提供支持、照顾情绪和让对方安心表达在意。是否高频、持续或被对方识别，仍需CARE、状态和案例反馈复核。,你往往会通过耐心听、记住对方的需要、提供支持、照顾情绪和让对方安心表达在意。,不得推出用户依赖、软弱、没有立场、只想被照顾或一定承担母性／父性角色。 不得据此定量判断谁付出更多，也不得推出对方一定能识别这份表达。,中,待验证,,provisional=true; channel=X09; deity=正印; facet=affection,0.3
M3-EXPR-071,正印｜情绪外化方式,L3 情绪与需求表达,EXPR-十神通道,通用,行为映射,X09 倾听承接,emotion_expression,正印在M3中形成有效功能信号；至少由日支主／中气、亲密关系近位透干有根、独立流向或两类相互支持证据之一确认；原十神性质未被真合化替代。,正印仅为单一弱远、无根或争议信号；基础十神映射未定；真合化后原十神性质失效；仅由同一source_id重复支持。,不限定；由共享基础引擎与M3-STATE修正,不限定；M3-EXPR不以夫妻星为唯一主轴,由M3-BASE、日支结构及共享引擎提供,无／待表达路径规则组合,全局有效信号；日柱及亲密关系近位优先,由共享基础引擎判定,由共享基础引擎判定,喜忌不直接等于会不会表达；只修正调用顺畅度与强度,原十神性质有效；真合化成立时按化神路由,由共享基础引擎判定,84,emotion_expression +10,emotion_expression,正印通道对情绪外化的修正为：更容易先确认自己是否安全、是否被理解，再逐步说出感受；表达节奏可能偏缓。该规则描述平稳和一般情境的时序，不直接推断冲突时表现。,当你有情绪时，通常更可能更容易先确认自己是否安全、是否被理解，再逐步说出感受；表达节奏可能偏缓。,不得推出用户依赖、软弱、没有立场、只想被照顾或一定承担母性／父性角色。 不得把表达较慢、较简短或偏行动化解释为没有情绪或拒绝沟通。,中,待验证,,provisional=true; channel=X09; deity=正印; facet=emotion,0.3
M3-EXPR-072,正印｜需求与观点表达,L3 情绪与需求表达,EXPR-十神通道,通用,行为映射,X09 倾听承接,need_expression,正印在M3中形成有效功能信号；至少由日支主／中气、亲密关系近位透干有根、独立流向或两类相互支持证据之一确认；原十神性质未被真合化替代。,正印仅为单一弱远、无根或争议信号；基础十神映射未定；真合化后原十神性质失效；仅由同一source_id重复支持。,不限定；由共享基础引擎与M3-STATE修正,不限定；M3-EXPR不以夫妻星为唯一主轴,由M3-BASE、日支结构及共享引擎提供,无／待表达路径规则组合,全局有效信号；日柱及亲密关系近位优先,由共享基础引擎判定,由共享基础引擎判定,喜忌不直接等于会不会表达；只修正调用顺畅度与强度,原十神性质有效；真合化成立时按化神路由,由共享基础引擎判定,83,need_expression +10,need_expression／communication_style,正印通道在需求和观点表达上的常见形式为：需求有时会以“希望被理解、希望有时间、希望得到支持”的方式出现，可能需要更安全的语境才会说清。能否长期执行这些条件由BOUND模块判断。,当你需要说明自己的需要或想法时，通常更倾向需求有时会以“希望被理解、希望有时间、希望得到支持”的方式出现，可能需要更安全的语境才会说清。,不得推出用户依赖、软弱、没有立场、只想被照顾或一定承担母性／父性角色。 不得把能说清条件等同于一定能执行边界，也不得把含蓄表达等同于让人猜。,中,待验证,,provisional=true; channel=X09; deity=正印; facet=need,0.3
M3-EXPR-073,正印｜接收与回应对方表达,L4 沟通顺序与回应,EXPR-十神通道,通用,回应映射,X09 倾听承接,response_style,正印在M3中形成有效功能信号；至少由日支主／中气、亲密关系近位透干有根、独立流向或两类相互支持证据之一确认；原十神性质未被真合化替代。,正印仅为单一弱远、无根或争议信号；基础十神映射未定；真合化后原十神性质失效；仅由同一source_id重复支持。,不限定；由共享基础引擎与M3-STATE修正,不限定；M3-EXPR不以夫妻星为唯一主轴,由M3-BASE、日支结构及共享引擎提供,无／待表达路径规则组合,全局有效信号；日柱及亲密关系近位优先,由共享基础引擎判定,由共享基础引擎判定,喜忌不直接等于会不会表达；只修正调用顺畅度与强度,原十神性质有效；真合化成立时按化神路由,由共享基础引擎判定,78,response_style +8,response_style,正印通道会影响用户更容易接收怎样的表达：更容易接收耐心、稳定、愿意听完、不急着纠正或推动的表达。这里只描述接收偏好与回应入口，不评价对方表达是否正确。,你通常更容易回应这样的沟通：更容易接收耐心、稳定、愿意听完、不急着纠正或推动的表达。,不得推出用户依赖、软弱、没有立场、只想被照顾或一定承担母性／父性角色。 不得据此要求伴侣只能用单一方式沟通，也不得推出其他方式一定无效。,中低,待验证,,provisional=true; channel=X09; deity=正印; facet=response,0.3
M3-EXPR-074,正印｜倾听承接用户摘要,L7 总合成与边界审查,EXPR-十神通道,通用,输出,X09 倾听承接,,X09已进入主通道或有效次通道，且未被去重、停止或真合化替代。,X09已被删除、降为仅内部候选或基础状态停止。,不限定；由共享基础引擎与M3-STATE修正,不限定；M3-EXPR不以夫妻星为唯一主轴,由M3-BASE、日支结构及共享引擎提供,无／待表达路径规则组合,全局有效信号；日柱及亲密关系近位优先,由共享基础引擎判定,由共享基础引擎判定,喜忌不直接等于会不会表达；只修正调用顺畅度与强度,原十神性质有效；真合化成立时按化神路由,由共享基础引擎判定,66,不加分,basis_summary,生成正印表达通道的折叠依据：核心为通过倾听、理解、安抚和先接住对方的感受来建立沟通。并保留正偏风格，而不把十神名称直接展示为人格标签。,从传统八字取象看，你的表达方式更接近“倾听承接”：通过倾听、理解、安抚和先接住对方的感受来建立沟通。,不得推出用户依赖、软弱、没有立场、只想被照顾或一定承担母性／父性角色。 折叠依据只用于解释，不得在正文堆叠十神术语。,中,待验证,,provisional=true; channel=X09; deity=正印; facet=summary,0.3
M3-EXPR-075,偏印｜X10 深度内化核心表达通道,L1 主要表达通道,EXPR-十神通道,通用,基础,有效偏印表达信号／X10 深度内化,,偏印在M3中形成有效功能信号；至少由日支主／中气、亲密关系近位透干有根、独立流向或两类相互支持证据之一确认；原十神性质未被真合化替代。,偏印仅为单一弱远、无根或争议信号；基础十神映射未定；真合化后原十神性质失效；仅由同一source_id重复支持。,不限定；由共享基础引擎与M3-STATE修正,不限定；M3-EXPR不以夫妻星为唯一主轴,由M3-BASE、日支结构及共享引擎提供,无／待表达路径规则组合,全局有效信号；日柱及亲密关系近位优先,由共享基础引擎判定,由共享基础引擎判定,喜忌不直接等于会不会表达；只修正调用顺畅度与强度,原十神性质有效；真合化成立时按化神路由,由共享基础引擎判定,94,X10主通道 +22,primary_expression_channel,偏印属于SYS05 承接内化系统。在M3-EXPR中，其核心功能为：先在内部整理复杂感受和意义，再选择性地进行有深度、较私人或较精确的表达。该规则只确定主要表达通道候选，不单独锁定频率、压力表现和沟通结果。,你更习惯先在内部整理复杂感受和意义，再选择性地进行有深度、较私人或较精确的表达。,不得推出用户冷漠、孤僻、神秘、回避亲密、精神异常或故意让人猜。 不得把该通道等同于感情深浅、沟通效果或关系结果。,中高,待验证,,provisional=true; channel=X10; deity=偏印; facet=core,0.3
M3-EXPR-076,偏印｜在意与喜欢的表达,L2 情感表达,EXPR-十神通道,通用,行为映射,X10 深度内化,affection_expression,偏印在M3中形成有效功能信号；至少由日支主／中气、亲密关系近位透干有根、独立流向或两类相互支持证据之一确认；原十神性质未被真合化替代。,偏印仅为单一弱远、无根或争议信号；基础十神映射未定；真合化后原十神性质失效；仅由同一source_id重复支持。,不限定；由共享基础引擎与M3-STATE修正,不限定；M3-EXPR不以夫妻星为唯一主轴,由M3-BASE、日支结构及共享引擎提供,无／待表达路径规则组合,全局有效信号；日柱及亲密关系近位优先,由共享基础引擎判定,由共享基础引擎判定,喜忌不直接等于会不会表达；只修正调用顺畅度与强度,原十神性质有效；真合化成立时按化神路由,由共享基础引擎判定,86,affection_expression +12,affection_expression,偏印通道在情感表达上的可观察形式为：通过分享私密想法、专业兴趣、独特理解、安静陪伴和允许彼此独处表达亲近。是否高频、持续或被对方识别，仍需CARE、状态和案例反馈复核。,你往往会通过分享私密想法、专业兴趣、独特理解、安静陪伴和允许彼此独处表达亲近。,不得推出用户冷漠、孤僻、神秘、回避亲密、精神异常或故意让人猜。 不得据此定量判断谁付出更多，也不得推出对方一定能识别这份表达。,中,待验证,,provisional=true; channel=X10; deity=偏印; facet=affection,0.3
M3-EXPR-077,偏印｜情绪外化方式,L3 情绪与需求表达,EXPR-十神通道,通用,行为映射,X10 深度内化,emotion_expression,偏印在M3中形成有效功能信号；至少由日支主／中气、亲密关系近位透干有根、独立流向或两类相互支持证据之一确认；原十神性质未被真合化替代。,偏印仅为单一弱远、无根或争议信号；基础十神映射未定；真合化后原十神性质失效；仅由同一source_id重复支持。,不限定；由共享基础引擎与M3-STATE修正,不限定；M3-EXPR不以夫妻星为唯一主轴,由M3-BASE、日支结构及共享引擎提供,无／待表达路径规则组合,全局有效信号；日柱及亲密关系近位优先,由共享基础引擎判定,由共享基础引擎判定,喜忌不直接等于会不会表达；只修正调用顺畅度与强度,原十神性质有效；真合化成立时按化神路由,由共享基础引擎判定,84,emotion_expression +10,emotion_expression,偏印通道对情绪外化的修正为：情绪常需要先独立消化，确认自己真正怎么想以后才会开口；表达可能不连续但内容较深。该规则描述平稳和一般情境的时序，不直接推断冲突时表现。,当你有情绪时，通常更可能情绪常需要先独立消化，确认自己真正怎么想以后才会开口；表达可能不连续但内容较深。,不得推出用户冷漠、孤僻、神秘、回避亲密、精神异常或故意让人猜。 不得把表达较慢、较简短或偏行动化解释为没有情绪或拒绝沟通。,中,待验证,,provisional=true; channel=X10; deity=偏印; facet=emotion,0.3
M3-EXPR-078,偏印｜需求与观点表达,L3 情绪与需求表达,EXPR-十神通道,通用,行为映射,X10 深度内化,need_expression,偏印在M3中形成有效功能信号；至少由日支主／中气、亲密关系近位透干有根、独立流向或两类相互支持证据之一确认；原十神性质未被真合化替代。,偏印仅为单一弱远、无根或争议信号；基础十神映射未定；真合化后原十神性质失效；仅由同一source_id重复支持。,不限定；由共享基础引擎与M3-STATE修正,不限定；M3-EXPR不以夫妻星为唯一主轴,由M3-BASE、日支结构及共享引擎提供,无／待表达路径规则组合,全局有效信号；日柱及亲密关系近位优先,由共享基础引擎判定,由共享基础引擎判定,喜忌不直接等于会不会表达；只修正调用顺畅度与强度,原十神性质有效；真合化成立时按化神路由,由共享基础引擎判定,83,need_expression +10,need_expression／communication_style,偏印通道在需求和观点表达上的常见形式为：需求可能较含蓄、细致或难以用常规语言概括，需要信任、时间或特定问题帮助外化。能否长期执行这些条件由BOUND模块判断。,当你需要说明自己的需要或想法时，通常更倾向需求可能较含蓄、细致或难以用常规语言概括，需要信任、时间或特定问题帮助外化。,不得推出用户冷漠、孤僻、神秘、回避亲密、精神异常或故意让人猜。 不得把能说清条件等同于一定能执行边界，也不得把含蓄表达等同于让人猜。,中,待验证,,provisional=true; channel=X10; deity=偏印; facet=need,0.3
M3-EXPR-079,偏印｜接收与回应对方表达,L4 沟通顺序与回应,EXPR-十神通道,通用,回应映射,X10 深度内化,response_style,偏印在M3中形成有效功能信号；至少由日支主／中气、亲密关系近位透干有根、独立流向或两类相互支持证据之一确认；原十神性质未被真合化替代。,偏印仅为单一弱远、无根或争议信号；基础十神映射未定；真合化后原十神性质失效；仅由同一source_id重复支持。,不限定；由共享基础引擎与M3-STATE修正,不限定；M3-EXPR不以夫妻星为唯一主轴,由M3-BASE、日支结构及共享引擎提供,无／待表达路径规则组合,全局有效信号；日柱及亲密关系近位优先,由共享基础引擎判定,由共享基础引擎判定,喜忌不直接等于会不会表达；只修正调用顺畅度与强度,原十神性质有效；真合化成立时按化神路由,由共享基础引擎判定,78,response_style +8,response_style,偏印通道会影响用户更容易接收怎样的表达：更容易接收不强迫即时回答、尊重复杂性、愿意深入理解且允许保留空间的表达。这里只描述接收偏好与回应入口，不评价对方表达是否正确。,你通常更容易回应这样的沟通：更容易接收不强迫即时回答、尊重复杂性、愿意深入理解且允许保留空间的表达。,不得推出用户冷漠、孤僻、神秘、回避亲密、精神异常或故意让人猜。 不得据此要求伴侣只能用单一方式沟通，也不得推出其他方式一定无效。,中低,待验证,,provisional=true; channel=X10; deity=偏印; facet=response,0.3
M3-EXPR-080,偏印｜深度内化用户摘要,L7 总合成与边界审查,EXPR-十神通道,通用,输出,X10 深度内化,,X10已进入主通道或有效次通道，且未被去重、停止或真合化替代。,X10已被删除、降为仅内部候选或基础状态停止。,不限定；由共享基础引擎与M3-STATE修正,不限定；M3-EXPR不以夫妻星为唯一主轴,由M3-BASE、日支结构及共享引擎提供,无／待表达路径规则组合,全局有效信号；日柱及亲密关系近位优先,由共享基础引擎判定,由共享基础引擎判定,喜忌不直接等于会不会表达；只修正调用顺畅度与强度,原十神性质有效；真合化成立时按化神路由,由共享基础引擎判定,66,不加分,basis_summary,生成偏印表达通道的折叠依据：核心为先在内部整理复杂感受和意义，再选择性地进行有深度、较私人或较精确的表达。并保留正偏风格，而不把十神名称直接展示为人格标签。,从传统八字取象看，你的表达方式更接近“深度内化”：先在内部整理复杂感受和意义，再选择性地进行有深度、较私人或较精确的表达。,不得推出用户冷漠、孤僻、神秘、回避亲密、精神异常或故意让人猜。 折叠依据只用于解释，不得在正文堆叠十神术语。,中,待验证,,provisional=true; channel=X10; deity=偏印; facet=summary,0.3
M3-EXPR-081,XQ01 表达可见度｜高可见,L4 沟通顺序与回应,EXPR-过程维度,通用,状态判定,XQ01 表达可见度,高可见,近位透干有根，或日支主气与外显信号相互支持；主通道未被强制内化。,基础十神或状态未定；只存在同一source_id重复；真合化会改变关键通道但尚未路由。,不限定；由共享基础引擎与M3-STATE修正,不限定；M3-EXPR不以夫妻星为唯一主轴,由M3-BASE、日支结构及共享引擎提供,无／待表达路径规则组合,全局有效信号；日柱及亲密关系近位优先,由共享基础引擎判定,由共享基础引擎判定,喜忌不直接等于会不会表达；只修正调用顺畅度与强度,原十神性质有效；真合化成立时按化神路由,由共享基础引擎判定,81,expression_visibility +8,expression_visibility,表达通道更容易被对方直接观察到，不必依赖长期猜测。,你的在意通常比较容易被对方看见；即使表达方式不一定热烈，也会留下清楚的行为或语言信号。,不得把该过程维度直接解释为沟通能力高低、情绪成熟度、依恋类型或关系结果。,中高,待验证,,provisional=true; dimension=XQ01; state=高可见,0.3
M3-EXPR-082,XQ01 表达可见度｜关系内显现,L4 沟通顺序与回应,EXPR-过程维度,通用,状态判定,XQ01 表达可见度,关系内显现,信号主要藏于日支或近位藏干，有根但外部透出有限。,基础十神或状态未定；只存在同一source_id重复；真合化会改变关键通道但尚未路由。,不限定；由共享基础引擎与M3-STATE修正,不限定；M3-EXPR不以夫妻星为唯一主轴,由M3-BASE、日支结构及共享引擎提供,无／待表达路径规则组合,全局有效信号；日柱及亲密关系近位优先,由共享基础引擎判定,由共享基础引擎判定,喜忌不直接等于会不会表达；只修正调用顺畅度与强度,原十神性质有效；真合化成立时按化神路由,由共享基础引擎判定,80,expression_visibility +4,expression_visibility,表达在亲密关系内部比在一般人际中更明显，熟悉以后可见度提高。,你不一定会在刚认识或公开场合表现很多，但真正进入关系后，表达通常会逐渐清楚。,不得把该过程维度直接解释为沟通能力高低、情绪成熟度、依恋类型或关系结果。,中,待验证,,provisional=true; dimension=XQ01; state=关系内显现,0.3
M3-EXPR-083,XQ01 表达可见度｜低可见／间接,L4 沟通顺序与回应,EXPR-过程维度,通用,状态判定,XQ01 表达可见度,低可见／间接,信号偏弱、无根或主要通过行动、承接、空间等间接通道表达。,基础十神或状态未定；只存在同一source_id重复；真合化会改变关键通道但尚未路由。,不限定；由共享基础引擎与M3-STATE修正,不限定；M3-EXPR不以夫妻星为唯一主轴,由M3-BASE、日支结构及共享引擎提供,无／待表达路径规则组合,全局有效信号；日柱及亲密关系近位优先,由共享基础引擎判定,由共享基础引擎判定,喜忌不直接等于会不会表达；只修正调用顺畅度与强度,原十神性质有效；真合化成立时按化神路由,由共享基础引擎判定,79,expression_visibility -2；不等于无表达,expression_visibility,表达存在，但需要从持续行为、细节或特定情境中识别。,你的在意未必总是直接说出来，更多可能藏在做事、回应、陪伴或留出空间这些细节里。,不得把该过程维度直接解释为沟通能力高低、情绪成熟度、依恋类型或关系结果。,中低,待验证,,provisional=true; dimension=XQ01; state=低可见／间接,0.3
M3-EXPR-084,XQ01 表达可见度｜未决,L4 沟通顺序与回应,EXPR-过程维度,通用,停止,XQ01 表达可见度,未决,外显与内化证据冲突，或真合化、强弱、位置尚未确定。,基础十神或状态未定；只存在同一source_id重复；真合化会改变关键通道但尚未路由。,不限定；由共享基础引擎与M3-STATE修正,不限定；M3-EXPR不以夫妻星为唯一主轴,由M3-BASE、日支结构及共享引擎提供,无／待表达路径规则组合,全局有效信号；日柱及亲密关系近位优先,由共享基础引擎判定,由共享基础引擎判定,喜忌不直接等于会不会表达；只修正调用顺畅度与强度,原十神性质有效；真合化成立时按化神路由,由共享基础引擎判定,78,expression_visibility 停止,expression_visibility,当前无法可靠确定表达可见度，必须停止强结论。,目前可以看出你有自己的表达通道，但它究竟有多外显，仍需要更多命盘和现实信息确认。,不得把该过程维度直接解释为沟通能力高低、情绪成熟度、依恋类型或关系结果。,停止,待验证,,provisional=true; dimension=XQ01; state=未决,0.3
M3-EXPR-085,XQ02 语言显性度｜高语言显性,L4 沟通顺序与回应,EXPR-过程维度,通用,状态判定,XQ02 语言显性度,高语言显性,有效伤官、食神或比肩透出近位并有根，且未被强内化结构完全过滤。,基础十神或状态未定；只存在同一source_id重复；真合化会改变关键通道但尚未路由。,不限定；由共享基础引擎与M3-STATE修正,不限定；M3-EXPR不以夫妻星为唯一主轴,由M3-BASE、日支结构及共享引擎提供,无／待表达路径规则组合,全局有效信号；日柱及亲密关系近位优先,由共享基础引擎判定,由共享基础引擎判定,喜忌不直接等于会不会表达；只修正调用顺畅度与强度,原十神性质有效；真合化成立时按化神路由,由共享基础引擎判定,81,verbal_explicitness +8,verbal_explicitness,感受、观点或需要较容易被组织成语言。,你通常能够把想法或需求说出来，尤其当你觉得事情需要被讲清楚时。,不得把该过程维度直接解释为沟通能力高低、情绪成熟度、依恋类型或关系结果。,中高,待验证,,provisional=true; dimension=XQ02; state=高语言显性,0.3
M3-EXPR-086,XQ02 语言显性度｜中等语言显性,L4 沟通顺序与回应,EXPR-过程维度,通用,状态判定,XQ02 语言显性度,中等语言显性,食神、比肩、正官等通道有效，但表达需要适当氛围、结构或铺垫。,基础十神或状态未定；只存在同一source_id重复；真合化会改变关键通道但尚未路由。,不限定；由共享基础引擎与M3-STATE修正,不限定；M3-EXPR不以夫妻星为唯一主轴,由M3-BASE、日支结构及共享引擎提供,无／待表达路径规则组合,全局有效信号；日柱及亲密关系近位优先,由共享基础引擎判定,由共享基础引擎判定,喜忌不直接等于会不会表达；只修正调用顺畅度与强度,原十神性质有效；真合化成立时按化神路由,由共享基础引擎判定,80,verbal_explicitness +4,verbal_explicitness,语言可用，但不一定即时或无条件外显。,你并非不说，而是更看重时机和说法；条件合适时，你能把事情说明白。,不得把该过程维度直接解释为沟通能力高低、情绪成熟度、依恋类型或关系结果。,中,待验证,,provisional=true; dimension=XQ02; state=中等语言显性,0.3
M3-EXPR-087,XQ02 语言显性度｜行动／承接主导,L4 沟通顺序与回应,EXPR-过程维度,通用,状态判定,XQ02 语言显性度,行动／承接主导,财、官杀、印类通道明显，食伤语言桥较弱或只作次级。,基础十神或状态未定；只存在同一source_id重复；真合化会改变关键通道但尚未路由。,不限定；由共享基础引擎与M3-STATE修正,不限定；M3-EXPR不以夫妻星为唯一主轴,由M3-BASE、日支结构及共享引擎提供,无／待表达路径规则组合,全局有效信号；日柱及亲密关系近位优先,由共享基础引擎判定,由共享基础引擎判定,喜忌不直接等于会不会表达；只修正调用顺畅度与强度,原十神性质有效；真合化成立时按化神路由,由共享基础引擎判定,79,verbal_explicitness 语言-2；行动/承接+5,verbal_explicitness,主要信息先通过行动、承担、倾听或安排传递，语言处于补充位置。,比起长篇表达，你更可能先用行动、安排或倾听让对方感受到态度，之后再补充说明。,不得把该过程维度直接解释为沟通能力高低、情绪成熟度、依恋类型或关系结果。,中,待验证,,provisional=true; dimension=XQ02; state=行动／承接主导,0.3
M3-EXPR-088,XQ02 语言显性度｜未决,L4 沟通顺序与回应,EXPR-过程维度,通用,停止,XQ02 语言显性度,未决,食伤状态、合化或表达桥接关系不清。,基础十神或状态未定；只存在同一source_id重复；真合化会改变关键通道但尚未路由。,不限定；由共享基础引擎与M3-STATE修正,不限定；M3-EXPR不以夫妻星为唯一主轴,由M3-BASE、日支结构及共享引擎提供,无／待表达路径规则组合,全局有效信号；日柱及亲密关系近位优先,由共享基础引擎判定,由共享基础引擎判定,喜忌不直接等于会不会表达；只修正调用顺畅度与强度,原十神性质有效；真合化成立时按化神路由,由共享基础引擎判定,78,verbal_explicitness 停止,verbal_explicitness,不能仅凭食伤强弱断定语言能力。,目前不足以判断你是更偏语言表达，还是更偏行动与承接表达。,不得把该过程维度直接解释为沟通能力高低、情绪成熟度、依恋类型或关系结果。,停止,待验证,,provisional=true; dimension=XQ02; state=未决,0.3
M3-EXPR-089,XQ03 情绪处理时序｜即时外化,L3 情绪与需求表达,EXPR-过程维度,通用,状态判定,XQ03 情绪处理时序,即时外化,食伤、劫财或偏财通道有效，外显度高，且没有更强的印星过滤或状态门控。,基础十神或状态未定；只存在同一source_id重复；真合化会改变关键通道但尚未路由。,不限定；由共享基础引擎与M3-STATE修正,不限定；M3-EXPR不以夫妻星为唯一主轴,由M3-BASE、日支结构及共享引擎提供,无／待表达路径规则组合,全局有效信号；日柱及亲密关系近位优先,由共享基础引擎判定,由共享基础引擎判定,喜忌不直接等于会不会表达；只修正调用顺畅度与强度,原十神性质有效；真合化成立时按化神路由,由共享基础引擎判定,81,expression_timing 即时+8,expression_timing,情绪较容易在当下通过话语、语气、互动或即时回应被表达。,你有感受时，往往会比较早让对方知道，哪怕一开始只是语气、反应或一句直接的话。,不得把该过程维度直接解释为沟通能力高低、情绪成熟度、依恋类型或关系结果。,中,待验证,,provisional=true; dimension=XQ03; state=即时外化,0.3
M3-EXPR-090,XQ03 情绪处理时序｜先整理后表达,L3 情绪与需求表达,EXPR-过程维度,通用,状态判定,XQ03 情绪处理时序,先整理后表达,正印、偏印有效，并存在通往食伤、比劫或其他表达通道的桥梁。,基础十神或状态未定；只存在同一source_id重复；真合化会改变关键通道但尚未路由。,不限定；由共享基础引擎与M3-STATE修正,不限定；M3-EXPR不以夫妻星为唯一主轴,由M3-BASE、日支结构及共享引擎提供,无／待表达路径规则组合,全局有效信号；日柱及亲密关系近位优先,由共享基础引擎判定,由共享基础引擎判定,喜忌不直接等于会不会表达；只修正调用顺畅度与强度,原十神性质有效；真合化成立时按化神路由,由共享基础引擎判定,80,expression_timing 延迟但清晰+8,expression_timing,先在内部辨认感受、确认安全与立场，再外化。,你通常需要先想清楚自己到底怎么了，等感受有了轮廓后，才更愿意完整说出来。,不得把该过程维度直接解释为沟通能力高低、情绪成熟度、依恋类型或关系结果。,中高,待验证,,provisional=true; dimension=XQ03; state=先整理后表达,0.3
M3-EXPR-091,XQ03 情绪处理时序｜先行动／先承接后表达,L3 情绪与需求表达,EXPR-过程维度,通用,状态判定,XQ03 情绪处理时序,先行动／先承接后表达,财、官杀或印类通道主导，语言通道为次级。,基础十神或状态未定；只存在同一source_id重复；真合化会改变关键通道但尚未路由。,不限定；由共享基础引擎与M3-STATE修正,不限定；M3-EXPR不以夫妻星为唯一主轴,由M3-BASE、日支结构及共享引擎提供,无／待表达路径规则组合,全局有效信号；日柱及亲密关系近位优先,由共享基础引擎判定,由共享基础引擎判定,喜忌不直接等于会不会表达；只修正调用顺畅度与强度,原十神性质有效；真合化成立时按化神路由,由共享基础引擎判定,79,expression_timing 行动/承接+6,expression_timing,用户先处理事情、提供支持或接住对方，语言解释在后。,你可能会先把事情处理好、先照顾现场或先听完对方，之后才回到自己的情绪表达。,不得把该过程维度直接解释为沟通能力高低、情绪成熟度、依恋类型或关系结果。,中,待验证,,provisional=true; dimension=XQ03; state=先行动／先承接后表达,0.3
M3-EXPR-092,XQ03 情绪处理时序｜情境未定,L3 情绪与需求表达,EXPR-过程维度,通用,情境候选,XQ03 情绪处理时序,情境未定,即时、内化和行动证据势均或随场景明显切换。,基础十神或状态未定；只存在同一source_id重复；真合化会改变关键通道但尚未路由。,不限定；由共享基础引擎与M3-STATE修正,不限定；M3-EXPR不以夫妻星为唯一主轴,由M3-BASE、日支结构及共享引擎提供,无／待表达路径规则组合,全局有效信号；日柱及亲密关系近位优先,由共享基础引擎判定,由共享基础引擎判定,喜忌不直接等于会不会表达；只修正调用顺畅度与强度,原十神性质有效；真合化成立时按化神路由,由共享基础引擎判定,78,expression_timing 情境候选,expression_timing,当前只适合输出情境化时序。,你的表达时序会随事情类型变化：有些事会马上说，有些事则需要先整理或先处理。,不得把该过程维度直接解释为沟通能力高低、情绪成熟度、依恋类型或关系结果。,中低,待验证,,provisional=true; dimension=XQ03; state=情境未定,0.3
M3-EXPR-093,XQ04 需求明确度｜需求清楚,L3 情绪与需求表达,EXPR-过程维度,通用,状态判定,XQ04 需求明确度,需求清楚,比肩、伤官、正官等信号有效，且有语言或结构化通道支持。,基础十神或状态未定；只存在同一source_id重复；真合化会改变关键通道但尚未路由。,不限定；由共享基础引擎与M3-STATE修正,不限定；M3-EXPR不以夫妻星为唯一主轴,由M3-BASE、日支结构及共享引擎提供,无／待表达路径规则组合,全局有效信号；日柱及亲密关系近位优先,由共享基础引擎判定,由共享基础引擎判定,喜忌不直接等于会不会表达；只修正调用顺畅度与强度,原十神性质有效；真合化成立时按化神路由,由共享基础引擎判定,81,need_explicitness +8,need_explicitness,用户较容易把需求转成明确条件、请求或安排。,你通常能说明自己需要什么、不同意什么，或希望双方怎样配合。,不得把该过程维度直接解释为沟通能力高低、情绪成熟度、依恋类型或关系结果。,中高,待验证,,provisional=true; dimension=XQ04; state=需求清楚,0.3
M3-EXPR-094,XQ04 需求明确度｜柔化表达,L3 情绪与需求表达,EXPR-过程维度,通用,状态判定,XQ04 需求明确度,柔化表达,食神、偏财或正印明显，需求常通过铺垫、建议、体贴化语言或氛围传递。,基础十神或状态未定；只存在同一source_id重复；真合化会改变关键通道但尚未路由。,不限定；由共享基础引擎与M3-STATE修正,不限定；M3-EXPR不以夫妻星为唯一主轴,由M3-BASE、日支结构及共享引擎提供,无／待表达路径规则组合,全局有效信号；日柱及亲密关系近位优先,由共享基础引擎判定,由共享基础引擎判定,喜忌不直接等于会不会表达；只修正调用顺畅度与强度,原十神性质有效；真合化成立时按化神路由,由共享基础引擎判定,80,need_explicitness +4,need_explicitness,需求存在但表达较柔和，可能避免给对方压迫感。,你会表达需要，但通常会留出余地，用建议、铺垫或较温和的方式说出来。,不得把该过程维度直接解释为沟通能力高低、情绪成熟度、依恋类型或关系结果。,中,待验证,,provisional=true; dimension=XQ04; state=柔化表达,0.3
M3-EXPR-095,XQ04 需求明确度｜间接／行为化,L3 情绪与需求表达,EXPR-过程维度,通用,状态判定,XQ04 需求明确度,间接／行为化,正财、七杀、偏印等通道主导，缺少稳定语言桥。,基础十神或状态未定；只存在同一source_id重复；真合化会改变关键通道但尚未路由。,不限定；由共享基础引擎与M3-STATE修正,不限定；M3-EXPR不以夫妻星为唯一主轴,由M3-BASE、日支结构及共享引擎提供,无／待表达路径规则组合,全局有效信号；日柱及亲密关系近位优先,由共享基础引擎判定,由共享基础引擎判定,喜忌不直接等于会不会表达；只修正调用顺畅度与强度,原十神性质有效；真合化成立时按化神路由,由共享基础引擎判定,79,need_explicitness 显性-3；行为+4,need_explicitness,需求可能被转成行动、安排、沉默后的调整或等待对方观察。,有些需要你不会先直接说，而是通过安排、行动或相处节奏表现出来；这不等于你没有需要。,不得把该过程维度直接解释为沟通能力高低、情绪成熟度、依恋类型或关系结果。,中低,待验证,,provisional=true; dimension=XQ04; state=间接／行为化,0.3
M3-EXPR-096,XQ04 需求明确度｜未决,L3 情绪与需求表达,EXPR-过程维度,通用,停止,XQ04 需求明确度,未决,需求表达信号弱、冲突或仅同源重复。,基础十神或状态未定；只存在同一source_id重复；真合化会改变关键通道但尚未路由。,不限定；由共享基础引擎与M3-STATE修正,不限定；M3-EXPR不以夫妻星为唯一主轴,由M3-BASE、日支结构及共享引擎提供,无／待表达路径规则组合,全局有效信号；日柱及亲密关系近位优先,由共享基础引擎判定,由共享基础引擎判定,喜忌不直接等于会不会表达；只修正调用顺畅度与强度,原十神性质有效；真合化成立时按化神路由,由共享基础引擎判定,78,need_explicitness 停止,need_explicitness,不宜固定为直接或含蓄。,目前只能看出你有自己的需求表达方式，但直接程度仍需结合现实反馈。,不得把该过程维度直接解释为沟通能力高低、情绪成熟度、依恋类型或关系结果。,停止,待验证,,provisional=true; dimension=XQ04; state=未决,0.3
M3-EXPR-097,XQ05 观点与边界陈述｜平等直接,L3 情绪与需求表达,EXPR-过程维度,通用,状态判定,XQ05 观点与边界陈述,平等直接,比肩、伤官支持明显，表达通道外显。,基础十神或状态未定；只存在同一source_id重复；真合化会改变关键通道但尚未路由。,不限定；由共享基础引擎与M3-STATE修正,不限定；M3-EXPR不以夫妻星为唯一主轴,由M3-BASE、日支结构及共享引擎提供,无／待表达路径规则组合,全局有效信号；日柱及亲密关系近位优先,由共享基础引擎判定,由共享基础引擎判定,喜忌不直接等于会不会表达；只修正调用顺畅度与强度,原十神性质有效；真合化成立时按化神路由,由共享基础引擎判定,81,position_expression +8,position_expression,用户倾向用第一人称说明立场，并期待双方同样表达。,你较愿意直接说明自己的看法和可接受范围，也希望对方把真实立场讲出来。,不得把该过程维度直接解释为沟通能力高低、情绪成熟度、依恋类型或关系结果。,中高,待验证,,provisional=true; dimension=XQ05; state=平等直接,0.3
M3-EXPR-098,XQ05 观点与边界陈述｜结构化陈述,L3 情绪与需求表达,EXPR-过程维度,通用,状态判定,XQ05 观点与边界陈述,结构化陈述,正官、正财或七杀提供规则、事实与执行框架。,基础十神或状态未定；只存在同一source_id重复；真合化会改变关键通道但尚未路由。,不限定；由共享基础引擎与M3-STATE修正,不限定；M3-EXPR不以夫妻星为唯一主轴,由M3-BASE、日支结构及共享引擎提供,无／待表达路径规则组合,全局有效信号；日柱及亲密关系近位优先,由共享基础引擎判定,由共享基础引擎判定,喜忌不直接等于会不会表达；只修正调用顺畅度与强度,原十神性质有效；真合化成立时按化神路由,由共享基础引擎判定,80,position_expression +6,position_expression,观点以责任、安排、事实或下一步方案呈现。,你表达立场时往往会落到规则、事实或具体安排上，希望沟通最后能形成可执行的结论。,不得把该过程维度直接解释为沟通能力高低、情绪成熟度、依恋类型或关系结果。,中,待验证,,provisional=true; dimension=XQ05; state=结构化陈述,0.3
M3-EXPR-099,XQ05 观点与边界陈述｜内化后陈述,L3 情绪与需求表达,EXPR-过程维度,通用,状态判定,XQ05 观点与边界陈述,内化后陈述,正印、偏印明显，且有后续表达桥。,基础十神或状态未定；只存在同一source_id重复；真合化会改变关键通道但尚未路由。,不限定；由共享基础引擎与M3-STATE修正,不限定；M3-EXPR不以夫妻星为唯一主轴,由M3-BASE、日支结构及共享引擎提供,无／待表达路径规则组合,全局有效信号；日柱及亲密关系近位优先,由共享基础引擎判定,由共享基础引擎判定,喜忌不直接等于会不会表达；只修正调用顺畅度与强度,原十神性质有效；真合化成立时按化神路由,由共享基础引擎判定,79,position_expression +5,position_expression,先确认内在判断，再选择性陈述立场。,你通常不会为了马上回应而随口表态，更可能先确认自己真正怎么想，再说出立场。,不得把该过程维度直接解释为沟通能力高低、情绪成熟度、依恋类型或关系结果。,中,待验证,,provisional=true; dimension=XQ05; state=内化后陈述,0.3
M3-EXPR-100,XQ05 观点与边界陈述｜未决,L3 情绪与需求表达,EXPR-过程维度,通用,停止,XQ05 观点与边界陈述,未决,比劫、印、食伤与官杀证据相互冲突或基础未定。,基础十神或状态未定；只存在同一source_id重复；真合化会改变关键通道但尚未路由。,不限定；由共享基础引擎与M3-STATE修正,不限定；M3-EXPR不以夫妻星为唯一主轴,由M3-BASE、日支结构及共享引擎提供,无／待表达路径规则组合,全局有效信号；日柱及亲密关系近位优先,由共享基础引擎判定,由共享基础引擎判定,喜忌不直接等于会不会表达；只修正调用顺畅度与强度,原十神性质有效；真合化成立时按化神路由,由共享基础引擎判定,78,position_expression 停止,position_expression,暂不判断观点外显度与边界陈述方式。,目前不宜把你的立场表达固定成直接、结构化或含蓄中的某一种。,不得把该过程维度直接解释为沟通能力高低、情绪成熟度、依恋类型或关系结果。,停止,待验证,,provisional=true; dimension=XQ05; state=未决,0.3
M3-EXPR-101,XQ06 沟通启动方式｜主动发起,L4 沟通顺序与回应,EXPR-过程维度,通用,状态判定,XQ06 沟通启动方式,主动发起,伤官、比肩、七杀等启动信号有效且外显。,基础十神或状态未定；只存在同一source_id重复；真合化会改变关键通道但尚未路由。,不限定；由共享基础引擎与M3-STATE修正,不限定；M3-EXPR不以夫妻星为唯一主轴,由M3-BASE、日支结构及共享引擎提供,无／待表达路径规则组合,全局有效信号；日柱及亲密关系近位优先,由共享基础引擎判定,由共享基础引擎判定,喜忌不直接等于会不会表达；只修正调用顺畅度与强度,原十神性质有效；真合化成立时按化神路由,由共享基础引擎判定,81,communication_initiation +8,communication_initiation,用户较容易主动提出话题、问题、决定或需要说明的事项。,当你觉得有必要时，往往会主动把话题提出来，而不是一直等待对方发现。,不得把该过程维度直接解释为沟通能力高低、情绪成熟度、依恋类型或关系结果。,中,待验证,,provisional=true; dimension=XQ06; state=主动发起,0.3
M3-EXPR-102,XQ06 沟通启动方式｜互动邀请,L4 沟通顺序与回应,EXPR-过程维度,通用,状态判定,XQ06 沟通启动方式,互动邀请,食神、劫财、偏财明显。,基础十神或状态未定；只存在同一source_id重复；真合化会改变关键通道但尚未路由。,不限定；由共享基础引擎与M3-STATE修正,不限定；M3-EXPR不以夫妻星为唯一主轴,由M3-BASE、日支结构及共享引擎提供,无／待表达路径规则组合,全局有效信号；日柱及亲密关系近位优先,由共享基础引擎判定,由共享基础引擎判定,喜忌不直接等于会不会表达；只修正调用顺畅度与强度,原十神性质有效；真合化成立时按化神路由,由共享基础引擎判定,80,communication_initiation +6,communication_initiation,通过分享、邀约、玩笑、共同活动或即时回应启动沟通。,你更容易在轻松互动、一起做事或分享当下时自然打开话题。,不得把该过程维度直接解释为沟通能力高低、情绪成熟度、依恋类型或关系结果。,中,待验证,,provisional=true; dimension=XQ06; state=互动邀请,0.3
M3-EXPR-103,XQ06 沟通启动方式｜回应触发,L4 沟通顺序与回应,EXPR-过程维度,通用,状态判定,XQ06 沟通启动方式,回应触发,正印、偏印、正财、正官等信号明显。,基础十神或状态未定；只存在同一source_id重复；真合化会改变关键通道但尚未路由。,不限定；由共享基础引擎与M3-STATE修正,不限定；M3-EXPR不以夫妻星为唯一主轴,由M3-BASE、日支结构及共享引擎提供,无／待表达路径规则组合,全局有效信号；日柱及亲密关系近位优先,由共享基础引擎判定,由共享基础引擎判定,喜忌不直接等于会不会表达；只修正调用顺畅度与强度,原十神性质有效；真合化成立时按化神路由,由共享基础引擎判定,79,communication_initiation +4,communication_initiation,用户更容易在对方表达、现实事件或责任议题出现后进入沟通。,你不一定总是先开口，但当对方认真表达或现实问题需要处理时，你会进入回应。,不得把该过程维度直接解释为沟通能力高低、情绪成熟度、依恋类型或关系结果。,中,待验证,,provisional=true; dimension=XQ06; state=回应触发,0.3
M3-EXPR-104,XQ06 沟通启动方式｜未决,L4 沟通顺序与回应,EXPR-过程维度,通用,停止,XQ06 沟通启动方式,未决,启动证据分散或状态切换明显。,基础十神或状态未定；只存在同一source_id重复；真合化会改变关键通道但尚未路由。,不限定；由共享基础引擎与M3-STATE修正,不限定；M3-EXPR不以夫妻星为唯一主轴,由M3-BASE、日支结构及共享引擎提供,无／待表达路径规则组合,全局有效信号；日柱及亲密关系近位优先,由共享基础引擎判定,由共享基础引擎判定,喜忌不直接等于会不会表达；只修正调用顺畅度与强度,原十神性质有效；真合化成立时按化神路由,由共享基础引擎判定,78,communication_initiation 情境候选,communication_initiation,只能输出情境候选。,你会不会先开口，较依赖话题类型和当时的关系状态。,不得把该过程维度直接解释为沟通能力高低、情绪成熟度、依恋类型或关系结果。,中低,待验证,,provisional=true; dimension=XQ06; state=未决,0.3
M3-EXPR-105,XQ07 回应与接收方式｜倾听承接,L4 沟通顺序与回应,EXPR-过程维度,通用,状态判定,XQ07 回应与接收方式,倾听承接,正印、偏印或食神承接信号有效。,基础十神或状态未定；只存在同一source_id重复；真合化会改变关键通道但尚未路由。,不限定；由共享基础引擎与M3-STATE修正,不限定；M3-EXPR不以夫妻星为唯一主轴,由M3-BASE、日支结构及共享引擎提供,无／待表达路径规则组合,全局有效信号；日柱及亲密关系近位优先,由共享基础引擎判定,由共享基础引擎判定,喜忌不直接等于会不会表达；只修正调用顺畅度与强度,原十神性质有效；真合化成立时按化神路由,由共享基础引擎判定,81,response_style +8,response_style,先听、理解、安抚或给对方表达空间，再组织自己的回应。,你回应对方时，通常会先听懂对方在意什么，再决定怎样说或怎样做。,不得把该过程维度直接解释为沟通能力高低、情绪成熟度、依恋类型或关系结果。,中高,待验证,,provisional=true; dimension=XQ07; state=倾听承接,0.3
M3-EXPR-106,XQ07 回应与接收方式｜互动澄清,L4 沟通顺序与回应,EXPR-过程维度,通用,状态判定,XQ07 回应与接收方式,互动澄清,比肩、食神、伤官、偏财等交换信号有效。,基础十神或状态未定；只存在同一source_id重复；真合化会改变关键通道但尚未路由。,不限定；由共享基础引擎与M3-STATE修正,不限定；M3-EXPR不以夫妻星为唯一主轴,由M3-BASE、日支结构及共享引擎提供,无／待表达路径规则组合,全局有效信号；日柱及亲密关系近位优先,由共享基础引擎判定,由共享基础引擎判定,喜忌不直接等于会不会表达；只修正调用顺畅度与强度,原十神性质有效；真合化成立时按化神路由,由共享基础引擎判定,80,response_style +6,response_style,通过问答、补充、反馈和来回讨论建立理解。,你更习惯在有来有往的沟通中逐步弄清彼此，而不是只听一方单向陈述。,不得把该过程维度直接解释为沟通能力高低、情绪成熟度、依恋类型或关系结果。,中,待验证,,provisional=true; dimension=XQ07; state=互动澄清,0.3
M3-EXPR-107,XQ07 回应与接收方式｜方案行动,L4 沟通顺序与回应,EXPR-过程维度,通用,状态判定,XQ07 回应与接收方式,方案行动,正财、正官、七杀等信号有效。,基础十神或状态未定；只存在同一source_id重复；真合化会改变关键通道但尚未路由。,不限定；由共享基础引擎与M3-STATE修正,不限定；M3-EXPR不以夫妻星为唯一主轴,由M3-BASE、日支结构及共享引擎提供,无／待表达路径规则组合,全局有效信号；日柱及亲密关系近位优先,由共享基础引擎判定,由共享基础引擎判定,喜忌不直接等于会不会表达；只修正调用顺畅度与强度,原十神性质有效；真合化成立时按化神路由,由共享基础引擎判定,79,response_style +6,response_style,回应重点落在事实、安排、解决方案和后续行动。,你听到对方的需要后，常会先想可以怎样处理、怎样安排或怎样把事情落实。,不得把该过程维度直接解释为沟通能力高低、情绪成熟度、依恋类型或关系结果。,中,待验证,,provisional=true; dimension=XQ07; state=方案行动,0.3
M3-EXPR-108,XQ07 回应与接收方式｜未决,L4 沟通顺序与回应,EXPR-过程维度,通用,停止,XQ07 回应与接收方式,未决,接收通道不清或多通道势均。,基础十神或状态未定；只存在同一source_id重复；真合化会改变关键通道但尚未路由。,不限定；由共享基础引擎与M3-STATE修正,不限定；M3-EXPR不以夫妻星为唯一主轴,由M3-BASE、日支结构及共享引擎提供,无／待表达路径规则组合,全局有效信号；日柱及亲密关系近位优先,由共享基础引擎判定,由共享基础引擎判定,喜忌不直接等于会不会表达；只修正调用顺畅度与强度,原十神性质有效；真合化成立时按化神路由,由共享基础引擎判定,78,response_style 情境候选,response_style,不固定单一回应方式。,你回应对方的方式可能随内容变化：情绪议题、现实议题和原则议题会触发不同通道。,不得把该过程维度直接解释为沟通能力高低、情绪成熟度、依恋类型或关系结果。,中低,待验证,,provisional=true; dimension=XQ07; state=未决,0.3
M3-EXPR-109,XQ08 行动转译程度｜高行动转译,L4 沟通顺序与回应,EXPR-过程维度,通用,状态判定,XQ08 行动转译程度,高行动转译,正财、偏财、正官或七杀有效且有根；或食伤生财、财生官杀路径成立。,基础十神或状态未定；只存在同一source_id重复；真合化会改变关键通道但尚未路由。,不限定；由共享基础引擎与M3-STATE修正,不限定；M3-EXPR不以夫妻星为唯一主轴,由M3-BASE、日支结构及共享引擎提供,无／待表达路径规则组合,全局有效信号；日柱及亲密关系近位优先,由共享基础引擎判定,由共享基础引擎判定,喜忌不直接等于会不会表达；只修正调用顺畅度与强度,原十神性质有效；真合化成立时按化神路由,由共享基础引擎判定,81,action_translation +8,action_translation,语言、情绪和意图较容易转化为具体行动、安排或承担。,你表达完以后，通常会继续用行动、安排或兑现来让态度落地。,不得把该过程维度直接解释为沟通能力高低、情绪成熟度、依恋类型或关系结果。,中高,待验证,,provisional=true; dimension=XQ08; state=高行动转译,0.3
M3-EXPR-110,XQ08 行动转译程度｜语言—行动桥接,L4 沟通顺序与回应,EXPR-过程维度,通用,状态判定,XQ08 行动转译程度,语言—行动桥接,食伤与财星形成有效桥，且两端均可用。,基础十神或状态未定；只存在同一source_id重复；真合化会改变关键通道但尚未路由。,不限定；由共享基础引擎与M3-STATE修正,不限定；M3-EXPR不以夫妻星为唯一主轴,由M3-BASE、日支结构及共享引擎提供,无／待表达路径规则组合,全局有效信号；日柱及亲密关系近位优先,由共享基础引擎判定,由共享基础引擎判定,喜忌不直接等于会不会表达；只修正调用顺畅度与强度,原十神性质有效；真合化成立时按化神路由,由共享基础引擎判定,80,action_translation +7,action_translation,先说明再落实，或行动后回到语言解释，形成双向互证。,你较容易把“说清楚”和“做出来”连接在一起，让对方既听得到，也看得到。,不得把该过程维度直接解释为沟通能力高低、情绪成熟度、依恋类型或关系结果。,中高,待验证,,provisional=true; dimension=XQ08; state=语言—行动桥接,0.3
M3-EXPR-111,XQ08 行动转译程度｜语言／内化为主,L4 沟通顺序与回应,EXPR-过程维度,通用,状态判定,XQ08 行动转译程度,语言／内化为主,食伤或印类通道有效，但财官行动桥弱。,基础十神或状态未定；只存在同一source_id重复；真合化会改变关键通道但尚未路由。,不限定；由共享基础引擎与M3-STATE修正,不限定；M3-EXPR不以夫妻星为唯一主轴,由M3-BASE、日支结构及共享引擎提供,无／待表达路径规则组合,全局有效信号；日柱及亲密关系近位优先,由共享基础引擎判定,由共享基础引擎判定,喜忌不直接等于会不会表达；只修正调用顺畅度与强度,原十神性质有效；真合化成立时按化神路由,由共享基础引擎判定,79,action_translation 行动不加分,action_translation,表达主要通过说明、倾听或内部确认完成，行动转译不宜过度推断。,你的表达重点更可能是说清、听懂或形成内在理解；是否进一步转成持续行动，需要另外判断。,不得把该过程维度直接解释为沟通能力高低、情绪成熟度、依恋类型或关系结果。,中,待验证,,provisional=true; dimension=XQ08; state=语言／内化为主,0.3
M3-EXPR-112,XQ08 行动转译程度｜未决,L4 沟通顺序与回应,EXPR-过程维度,通用,停止,XQ08 行动转译程度,未决,行动链、根气或强弱状态未定。,基础十神或状态未定；只存在同一source_id重复；真合化会改变关键通道但尚未路由。,不限定；由共享基础引擎与M3-STATE修正,不限定；M3-EXPR不以夫妻星为唯一主轴,由M3-BASE、日支结构及共享引擎提供,无／待表达路径规则组合,全局有效信号；日柱及亲密关系近位优先,由共享基础引擎判定,由共享基础引擎判定,喜忌不直接等于会不会表达；只修正调用顺畅度与强度,原十神性质有效；真合化成立时按化神路由,由共享基础引擎判定,78,action_translation 停止,action_translation,不判断行动转译程度。,目前不足以确定你的表达是否会稳定转成行动。,不得把该过程维度直接解释为沟通能力高低、情绪成熟度、依恋类型或关系结果。,停止,待验证,,provisional=true; dimension=XQ08; state=未决,0.3
M3-EXPR-113,XP01 直接说清型｜路径定义,L4 沟通顺序与回应,EXPR-表达路径,通用,路径候选,XP01 直接说清型,伤官／比肩为主，食神或正官提供结构；近位透干有根优先,伤官／比肩为主，食神或正官提供结构；近位透干有根优先；至少两类相互支持证据或一项高权威近位证据加一项状态验证；路径中关键节点均有效。,只有单一透干无根；表达信号仅在远位；印类内化明显占优且没有外化桥。,不限定；由共享基础引擎与M3-STATE修正,不限定；M3-EXPR不以夫妻星为唯一主轴,由M3-BASE、日支结构及共享引擎提供,感受到问题或需要 → 较早组织语言 → 说明观点、感受或请求 → 根据回应继续澄清,全局有效信号；日柱及亲密关系近位优先,由共享基础引擎判定,由共享基础引擎判定,喜忌不直接等于会不会表达；只修正调用顺畅度与强度,原十神性质有效；真合化成立时按化神路由,由共享基础引擎判定,88,XP01路径 +18,expression_path,直接说清型的基本顺序为：感受到问题或需要 → 较早组织语言 → 说明观点、感受或请求 → 根据回应继续澄清。该路径描述平稳或一般关系情境的沟通顺序，不直接代表冲突和修复。,当你觉得事情需要被理解时，通常会比较早把重点说出来，并通过补充、解释或提问让双方真正听懂。,不得把沟通顺序解释为沟通能力高低、感情深浅、依恋类型或必然结果；不得把候选路径当作所有场景固定流程。,中,待验证,,provisional=true; path=XP01; facet=definition,0.3
M3-EXPR-114,XP01 直接说清型｜成立证据门槛,L4 沟通顺序与回应,EXPR-表达路径,通用,门控,XP01 直接说清型,证据独立性＋节点有效性,路径主节点与终点分别有有效证据；至少一个信号来自日支／近位，另一个来自透干、根气、有效流向或独立功能系统。,只有单一透干无根；表达信号仅在远位；印类内化明显占优且没有外化桥。 同一来源被重复计为多个节点。,不限定；由共享基础引擎与M3-STATE修正,不限定；M3-EXPR不以夫妻星为唯一主轴,由M3-BASE、日支结构及共享引擎提供,感受到问题或需要 → 较早组织语言 → 说明观点、感受或请求 → 根据回应继续澄清,全局有效信号；日柱及亲密关系近位优先,由共享基础引擎判定,由共享基础引擎判定,喜忌不直接等于会不会表达；只修正调用顺畅度与强度,原十神性质有效；真合化成立时按化神路由,由共享基础引擎判定,96,路径证据门槛；不单独加分,expression_path／confidence,路径必须有“起点—转换—输出”结构。伤官／比肩为主，食神或正官提供结构；近位透干有根优先只提供候选，若中间桥梁不存在，则退回单通道描述。,只有当这套表达顺序在命盘中有连续支持时，才会把你概括为“直接说清型”；否则只保留其中最明确的一步。,不得仅凭五行相生、柱位先后或十神同时出现就制造现实时间线。,高,待验证,,provisional=true; path=XP01; facet=evidence_gate,0.3
M3-EXPR-115,XP01 直接说清型｜用户输出与边界,L7 总合成与边界审查,EXPR-表达路径,通用,输出,XP01 直接说清型,用户可见时序,XP01已成为主路径或有效次路径；未被同义收敛、停止或M3-STATE改写。,XP01仅为低分候选、证据同源或状态依赖未复核。,不限定；由共享基础引擎与M3-STATE修正,不限定；M3-EXPR不以夫妻星为唯一主轴,由M3-BASE、日支结构及共享引擎提供,感受到问题或需要 → 较早组织语言 → 说明观点、感受或请求 → 根据回应继续澄清,全局有效信号；日柱及亲密关系近位优先,由共享基础引擎判定,由共享基础引擎判定,喜忌不直接等于会不会表达；只修正调用顺畅度与强度,原十神性质有效；真合化成立时按化神路由,由共享基础引擎判定,68,不加分,communication_style／expression_timing,最终文案只保留路径中的一至三步：感受到问题或需要 → 较早组织语言 → 说明观点、感受或请求 → 根据回应继续澄清，并明确这是更常见的顺序而非固定剧本。,当你觉得事情需要被理解时，通常会比较早把重点说出来，并通过补充、解释或提问让双方真正听懂。,正文不得堆叠超过一条主路径和一条次路径；不得写成“你一定先A再B”。,中,待验证,,provisional=true; path=XP01; facet=output,0.3
M3-EXPR-116,XP02 温和铺垫型｜路径定义,L4 沟通顺序与回应,EXPR-表达路径,通用,路径候选,XP02 温和铺垫型,食神为主，正印、偏财或正财提供氛围与现实承接,食神为主，正印、偏财或正财提供氛围与现实承接；至少两类相互支持证据或一项高权威近位证据加一项状态验证；路径中关键节点均有效。,食神弱远无根；伤官、七杀等直接启动信号明显压倒且无食神支持。,不限定；由共享基础引擎与M3-STATE修正,不限定；M3-EXPR不以夫妻星为唯一主轴,由M3-BASE、日支结构及共享引擎提供,先创造安全或轻松氛围 → 通过日常分享和铺垫表达 → 再逐步进入核心需要,全局有效信号；日柱及亲密关系近位优先,由共享基础引擎判定,由共享基础引擎判定,喜忌不直接等于会不会表达；只修正调用顺畅度与强度,原十神性质有效；真合化成立时按化神路由,由共享基础引擎判定,88,XP02路径 +18,expression_path,温和铺垫型的基本顺序为：先创造安全或轻松氛围 → 通过日常分享和铺垫表达 → 再逐步进入核心需要。该路径描述平稳或一般关系情境的沟通顺序，不直接代表冲突和修复。,你更容易先让气氛变得舒服、可交流，再逐步说到真正的感受和需要。,不得把沟通顺序解释为沟通能力高低、感情深浅、依恋类型或必然结果；不得把候选路径当作所有场景固定流程。,中,待验证,,provisional=true; path=XP02; facet=definition,0.3
M3-EXPR-117,XP02 温和铺垫型｜成立证据门槛,L4 沟通顺序与回应,EXPR-表达路径,通用,门控,XP02 温和铺垫型,证据独立性＋节点有效性,路径主节点与终点分别有有效证据；至少一个信号来自日支／近位，另一个来自透干、根气、有效流向或独立功能系统。,食神弱远无根；伤官、七杀等直接启动信号明显压倒且无食神支持。 同一来源被重复计为多个节点。,不限定；由共享基础引擎与M3-STATE修正,不限定；M3-EXPR不以夫妻星为唯一主轴,由M3-BASE、日支结构及共享引擎提供,先创造安全或轻松氛围 → 通过日常分享和铺垫表达 → 再逐步进入核心需要,全局有效信号；日柱及亲密关系近位优先,由共享基础引擎判定,由共享基础引擎判定,喜忌不直接等于会不会表达；只修正调用顺畅度与强度,原十神性质有效；真合化成立时按化神路由,由共享基础引擎判定,96,路径证据门槛；不单独加分,expression_path／confidence,路径必须有“起点—转换—输出”结构。食神为主，正印、偏财或正财提供氛围与现实承接只提供候选，若中间桥梁不存在，则退回单通道描述。,只有当这套表达顺序在命盘中有连续支持时，才会把你概括为“温和铺垫型”；否则只保留其中最明确的一步。,不得仅凭五行相生、柱位先后或十神同时出现就制造现实时间线。,高,待验证,,provisional=true; path=XP02; facet=evidence_gate,0.3
M3-EXPR-118,XP02 温和铺垫型｜用户输出与边界,L7 总合成与边界审查,EXPR-表达路径,通用,输出,XP02 温和铺垫型,用户可见时序,XP02已成为主路径或有效次路径；未被同义收敛、停止或M3-STATE改写。,XP02仅为低分候选、证据同源或状态依赖未复核。,不限定；由共享基础引擎与M3-STATE修正,不限定；M3-EXPR不以夫妻星为唯一主轴,由M3-BASE、日支结构及共享引擎提供,先创造安全或轻松氛围 → 通过日常分享和铺垫表达 → 再逐步进入核心需要,全局有效信号；日柱及亲密关系近位优先,由共享基础引擎判定,由共享基础引擎判定,喜忌不直接等于会不会表达；只修正调用顺畅度与强度,原十神性质有效；真合化成立时按化神路由,由共享基础引擎判定,68,不加分,communication_style／expression_timing,最终文案只保留路径中的一至三步：先创造安全或轻松氛围 → 通过日常分享和铺垫表达 → 再逐步进入核心需要，并明确这是更常见的顺序而非固定剧本。,你更容易先让气氛变得舒服、可交流，再逐步说到真正的感受和需要。,正文不得堆叠超过一条主路径和一条次路径；不得写成“你一定先A再B”。,中,待验证,,provisional=true; path=XP02; facet=output,0.3
M3-EXPR-119,XP03 先整理后说型｜路径定义,L4 沟通顺序与回应,EXPR-表达路径,通用,路径候选,XP03 先整理后说型,正印／偏印主导，存在印→比劫→食伤或印→食伤的有效桥,正印／偏印主导，存在印→比劫→食伤或印→食伤的有效桥；至少两类相互支持证据或一项高权威近位证据加一项状态验证；路径中关键节点均有效。,印星只弱远无根；没有任何外化桥；此时只能输出“内化候选”，不能断最终会说出。,不限定；由共享基础引擎与M3-STATE修正,不限定；M3-EXPR不以夫妻星为唯一主轴,由M3-BASE、日支结构及共享引擎提供,先内部辨认感受与原因 → 确认安全和立场 → 选择合适语言外化,全局有效信号；日柱及亲密关系近位优先,由共享基础引擎判定,由共享基础引擎判定,喜忌不直接等于会不会表达；只修正调用顺畅度与强度,原十神性质有效；真合化成立时按化神路由,由共享基础引擎判定,88,XP03路径 +18,expression_path,先整理后说型的基本顺序为：先内部辨认感受与原因 → 确认安全和立场 → 选择合适语言外化。该路径描述平稳或一般关系情境的沟通顺序，不直接代表冲突和修复。,你通常需要先想清楚自己真正的感受和判断，等内在有了答案后，才更愿意完整表达。,不得把沟通顺序解释为沟通能力高低、感情深浅、依恋类型或必然结果；不得把候选路径当作所有场景固定流程。,中,待验证,,provisional=true; path=XP03; facet=definition,0.3
M3-EXPR-120,XP03 先整理后说型｜成立证据门槛,L4 沟通顺序与回应,EXPR-表达路径,通用,门控,XP03 先整理后说型,证据独立性＋节点有效性,路径主节点与终点分别有有效证据；至少一个信号来自日支／近位，另一个来自透干、根气、有效流向或独立功能系统。,印星只弱远无根；没有任何外化桥；此时只能输出“内化候选”，不能断最终会说出。 同一来源被重复计为多个节点。,不限定；由共享基础引擎与M3-STATE修正,不限定；M3-EXPR不以夫妻星为唯一主轴,由M3-BASE、日支结构及共享引擎提供,先内部辨认感受与原因 → 确认安全和立场 → 选择合适语言外化,全局有效信号；日柱及亲密关系近位优先,由共享基础引擎判定,由共享基础引擎判定,喜忌不直接等于会不会表达；只修正调用顺畅度与强度,原十神性质有效；真合化成立时按化神路由,由共享基础引擎判定,96,路径证据门槛；不单独加分,expression_path／confidence,路径必须有“起点—转换—输出”结构。正印／偏印主导，存在印→比劫→食伤或印→食伤的有效桥只提供候选，若中间桥梁不存在，则退回单通道描述。,只有当这套表达顺序在命盘中有连续支持时，才会把你概括为“先整理后说型”；否则只保留其中最明确的一步。,不得仅凭五行相生、柱位先后或十神同时出现就制造现实时间线。,高,待验证,,provisional=true; path=XP03; facet=evidence_gate,0.3
M3-EXPR-121,XP03 先整理后说型｜用户输出与边界,L7 总合成与边界审查,EXPR-表达路径,通用,输出,XP03 先整理后说型,用户可见时序,XP03已成为主路径或有效次路径；未被同义收敛、停止或M3-STATE改写。,XP03仅为低分候选、证据同源或状态依赖未复核。,不限定；由共享基础引擎与M3-STATE修正,不限定；M3-EXPR不以夫妻星为唯一主轴,由M3-BASE、日支结构及共享引擎提供,先内部辨认感受与原因 → 确认安全和立场 → 选择合适语言外化,全局有效信号；日柱及亲密关系近位优先,由共享基础引擎判定,由共享基础引擎判定,喜忌不直接等于会不会表达；只修正调用顺畅度与强度,原十神性质有效；真合化成立时按化神路由,由共享基础引擎判定,68,不加分,communication_style／expression_timing,最终文案只保留路径中的一至三步：先内部辨认感受与原因 → 确认安全和立场 → 选择合适语言外化，并明确这是更常见的顺序而非固定剧本。,你通常需要先想清楚自己真正的感受和判断，等内在有了答案后，才更愿意完整表达。,正文不得堆叠超过一条主路径和一条次路径；不得写成“你一定先A再B”。,中,待验证,,provisional=true; path=XP03; facet=output,0.3
M3-EXPR-122,XP04 先立场后说明型｜路径定义,L4 沟通顺序与回应,EXPR-表达路径,通用,路径候选,XP04 先立场后说明型,比肩／劫财先形成自我位置，再由食神／伤官完成表达,比肩／劫财先形成自我位置，再由食神／伤官完成表达；至少两类相互支持证据或一项高权威近位证据加一项状态验证；路径中关键节点均有效。,比劫过弱且无支持；只有伤官单一信号；边界执行仍需BOUND复核。,不限定；由共享基础引擎与M3-STATE修正,不限定；M3-EXPR不以夫妻星为唯一主轴,由M3-BASE、日支结构及共享引擎提供,先确认自己接受什么、不接受什么 → 再解释原因和具体需要 → 进入协商,全局有效信号；日柱及亲密关系近位优先,由共享基础引擎判定,由共享基础引擎判定,喜忌不直接等于会不会表达；只修正调用顺畅度与强度,原十神性质有效；真合化成立时按化神路由,由共享基础引擎判定,88,XP04路径 +18,expression_path,先立场后说明型的基本顺序为：先确认自己接受什么、不接受什么 → 再解释原因和具体需要 → 进入协商。该路径描述平稳或一般关系情境的沟通顺序，不直接代表冲突和修复。,你更容易先确认自己的立场和边界，再把原因、条件和可以商量的部分说清楚。,不得把沟通顺序解释为沟通能力高低、感情深浅、依恋类型或必然结果；不得把候选路径当作所有场景固定流程。,中,待验证,,provisional=true; path=XP04; facet=definition,0.3
M3-EXPR-123,XP04 先立场后说明型｜成立证据门槛,L4 沟通顺序与回应,EXPR-表达路径,通用,门控,XP04 先立场后说明型,证据独立性＋节点有效性,路径主节点与终点分别有有效证据；至少一个信号来自日支／近位，另一个来自透干、根气、有效流向或独立功能系统。,比劫过弱且无支持；只有伤官单一信号；边界执行仍需BOUND复核。 同一来源被重复计为多个节点。,不限定；由共享基础引擎与M3-STATE修正,不限定；M3-EXPR不以夫妻星为唯一主轴,由M3-BASE、日支结构及共享引擎提供,先确认自己接受什么、不接受什么 → 再解释原因和具体需要 → 进入协商,全局有效信号；日柱及亲密关系近位优先,由共享基础引擎判定,由共享基础引擎判定,喜忌不直接等于会不会表达；只修正调用顺畅度与强度,原十神性质有效；真合化成立时按化神路由,由共享基础引擎判定,96,路径证据门槛；不单独加分,expression_path／confidence,路径必须有“起点—转换—输出”结构。比肩／劫财先形成自我位置，再由食神／伤官完成表达只提供候选，若中间桥梁不存在，则退回单通道描述。,只有当这套表达顺序在命盘中有连续支持时，才会把你概括为“先立场后说明型”；否则只保留其中最明确的一步。,不得仅凭五行相生、柱位先后或十神同时出现就制造现实时间线。,高,待验证,,provisional=true; path=XP04; facet=evidence_gate,0.3
M3-EXPR-124,XP04 先立场后说明型｜用户输出与边界,L7 总合成与边界审查,EXPR-表达路径,通用,输出,XP04 先立场后说明型,用户可见时序,XP04已成为主路径或有效次路径；未被同义收敛、停止或M3-STATE改写。,XP04仅为低分候选、证据同源或状态依赖未复核。,不限定；由共享基础引擎与M3-STATE修正,不限定；M3-EXPR不以夫妻星为唯一主轴,由M3-BASE、日支结构及共享引擎提供,先确认自己接受什么、不接受什么 → 再解释原因和具体需要 → 进入协商,全局有效信号；日柱及亲密关系近位优先,由共享基础引擎判定,由共享基础引擎判定,喜忌不直接等于会不会表达；只修正调用顺畅度与强度,原十神性质有效；真合化成立时按化神路由,由共享基础引擎判定,68,不加分,communication_style／expression_timing,最终文案只保留路径中的一至三步：先确认自己接受什么、不接受什么 → 再解释原因和具体需要 → 进入协商，并明确这是更常见的顺序而非固定剧本。,你更容易先确认自己的立场和边界，再把原因、条件和可以商量的部分说清楚。,正文不得堆叠超过一条主路径和一条次路径；不得写成“你一定先A再B”。,中,待验证,,provisional=true; path=XP04; facet=output,0.3
M3-EXPR-125,XP05 先倾听后回应型｜路径定义,L4 沟通顺序与回应,EXPR-表达路径,通用,路径候选,XP05 先倾听后回应型,正印／偏印负责接收，食神／伤官／财星负责后续回应,正印／偏印负责接收，食神／伤官／财星负责后续回应；至少两类相互支持证据或一项高权威近位证据加一项状态验证；路径中关键节点均有效。,印星未形成有效接收通道；只有礼貌沉默但无后续回应证据；不得把沉默自动写成倾听。,不限定；由共享基础引擎与M3-STATE修正,不限定；M3-EXPR不以夫妻星为唯一主轴,由M3-BASE、日支结构及共享引擎提供,先让对方说完并理解其重点 → 内部整理 → 再用语言、行动或安排回应,全局有效信号；日柱及亲密关系近位优先,由共享基础引擎判定,由共享基础引擎判定,喜忌不直接等于会不会表达；只修正调用顺畅度与强度,原十神性质有效；真合化成立时按化神路由,由共享基础引擎判定,88,XP05路径 +18,expression_path,先倾听后回应型的基本顺序为：先让对方说完并理解其重点 → 内部整理 → 再用语言、行动或安排回应。该路径描述平稳或一般关系情境的沟通顺序，不直接代表冲突和修复。,你通常会先听懂对方真正想表达什么，再决定是安慰、解释、商量还是直接做出回应。,不得把沟通顺序解释为沟通能力高低、感情深浅、依恋类型或必然结果；不得把候选路径当作所有场景固定流程。,中,待验证,,provisional=true; path=XP05; facet=definition,0.3
M3-EXPR-126,XP05 先倾听后回应型｜成立证据门槛,L4 沟通顺序与回应,EXPR-表达路径,通用,门控,XP05 先倾听后回应型,证据独立性＋节点有效性,路径主节点与终点分别有有效证据；至少一个信号来自日支／近位，另一个来自透干、根气、有效流向或独立功能系统。,印星未形成有效接收通道；只有礼貌沉默但无后续回应证据；不得把沉默自动写成倾听。 同一来源被重复计为多个节点。,不限定；由共享基础引擎与M3-STATE修正,不限定；M3-EXPR不以夫妻星为唯一主轴,由M3-BASE、日支结构及共享引擎提供,先让对方说完并理解其重点 → 内部整理 → 再用语言、行动或安排回应,全局有效信号；日柱及亲密关系近位优先,由共享基础引擎判定,由共享基础引擎判定,喜忌不直接等于会不会表达；只修正调用顺畅度与强度,原十神性质有效；真合化成立时按化神路由,由共享基础引擎判定,96,路径证据门槛；不单独加分,expression_path／confidence,路径必须有“起点—转换—输出”结构。正印／偏印负责接收，食神／伤官／财星负责后续回应只提供候选，若中间桥梁不存在，则退回单通道描述。,只有当这套表达顺序在命盘中有连续支持时，才会把你概括为“先倾听后回应型”；否则只保留其中最明确的一步。,不得仅凭五行相生、柱位先后或十神同时出现就制造现实时间线。,高,待验证,,provisional=true; path=XP05; facet=evidence_gate,0.3
M3-EXPR-127,XP05 先倾听后回应型｜用户输出与边界,L7 总合成与边界审查,EXPR-表达路径,通用,输出,XP05 先倾听后回应型,用户可见时序,XP05已成为主路径或有效次路径；未被同义收敛、停止或M3-STATE改写。,XP05仅为低分候选、证据同源或状态依赖未复核。,不限定；由共享基础引擎与M3-STATE修正,不限定；M3-EXPR不以夫妻星为唯一主轴,由M3-BASE、日支结构及共享引擎提供,先让对方说完并理解其重点 → 内部整理 → 再用语言、行动或安排回应,全局有效信号；日柱及亲密关系近位优先,由共享基础引擎判定,由共享基础引擎判定,喜忌不直接等于会不会表达；只修正调用顺畅度与强度,原十神性质有效；真合化成立时按化神路由,由共享基础引擎判定,68,不加分,communication_style／expression_timing,最终文案只保留路径中的一至三步：先让对方说完并理解其重点 → 内部整理 → 再用语言、行动或安排回应，并明确这是更常见的顺序而非固定剧本。,你通常会先听懂对方真正想表达什么，再决定是安慰、解释、商量还是直接做出回应。,正文不得堆叠超过一条主路径和一条次路径；不得写成“你一定先A再B”。,中,待验证,,provisional=true; path=XP05; facet=output,0.3
M3-EXPR-128,XP06 先行动后解释型｜路径定义,L4 沟通顺序与回应,EXPR-表达路径,通用,路径候选,XP06 先行动后解释型,正财／偏财／正官／七杀主导，后接食伤或印类解释桥,正财／偏财／正官／七杀主导，后接食伤或印类解释桥；至少两类相互支持证据或一项高权威近位证据加一项状态验证；路径中关键节点均有效。,财官杀仅一处弱远；没有后续语言或承接桥时，只能写行动表达，不能保证会解释。,不限定；由共享基础引擎与M3-STATE修正,不限定；M3-EXPR不以夫妻星为唯一主轴,由M3-BASE、日支结构及共享引擎提供,先处理现实问题、做出安排或提供支持 → 事情稳定后再说明态度和感受,全局有效信号；日柱及亲密关系近位优先,由共享基础引擎判定,由共享基础引擎判定,喜忌不直接等于会不会表达；只修正调用顺畅度与强度,原十神性质有效；真合化成立时按化神路由,由共享基础引擎判定,88,XP06路径 +18,expression_path,先行动后解释型的基本顺序为：先处理现实问题、做出安排或提供支持 → 事情稳定后再说明态度和感受。该路径描述平稳或一般关系情境的沟通顺序，不直接代表冲突和修复。,你可能会先把事情处理好、先做出实际回应，等局面稳定后再解释自己为什么这样做。,不得把沟通顺序解释为沟通能力高低、感情深浅、依恋类型或必然结果；不得把候选路径当作所有场景固定流程。,中,待验证,,provisional=true; path=XP06; facet=definition,0.3
M3-EXPR-129,XP06 先行动后解释型｜成立证据门槛,L4 沟通顺序与回应,EXPR-表达路径,通用,门控,XP06 先行动后解释型,证据独立性＋节点有效性,路径主节点与终点分别有有效证据；至少一个信号来自日支／近位，另一个来自透干、根气、有效流向或独立功能系统。,财官杀仅一处弱远；没有后续语言或承接桥时，只能写行动表达，不能保证会解释。 同一来源被重复计为多个节点。,不限定；由共享基础引擎与M3-STATE修正,不限定；M3-EXPR不以夫妻星为唯一主轴,由M3-BASE、日支结构及共享引擎提供,先处理现实问题、做出安排或提供支持 → 事情稳定后再说明态度和感受,全局有效信号；日柱及亲密关系近位优先,由共享基础引擎判定,由共享基础引擎判定,喜忌不直接等于会不会表达；只修正调用顺畅度与强度,原十神性质有效；真合化成立时按化神路由,由共享基础引擎判定,96,路径证据门槛；不单独加分,expression_path／confidence,路径必须有“起点—转换—输出”结构。正财／偏财／正官／七杀主导，后接食伤或印类解释桥只提供候选，若中间桥梁不存在，则退回单通道描述。,只有当这套表达顺序在命盘中有连续支持时，才会把你概括为“先行动后解释型”；否则只保留其中最明确的一步。,不得仅凭五行相生、柱位先后或十神同时出现就制造现实时间线。,高,待验证,,provisional=true; path=XP06; facet=evidence_gate,0.3
M3-EXPR-130,XP06 先行动后解释型｜用户输出与边界,L7 总合成与边界审查,EXPR-表达路径,通用,输出,XP06 先行动后解释型,用户可见时序,XP06已成为主路径或有效次路径；未被同义收敛、停止或M3-STATE改写。,XP06仅为低分候选、证据同源或状态依赖未复核。,不限定；由共享基础引擎与M3-STATE修正,不限定；M3-EXPR不以夫妻星为唯一主轴,由M3-BASE、日支结构及共享引擎提供,先处理现实问题、做出安排或提供支持 → 事情稳定后再说明态度和感受,全局有效信号；日柱及亲密关系近位优先,由共享基础引擎判定,由共享基础引擎判定,喜忌不直接等于会不会表达；只修正调用顺畅度与强度,原十神性质有效；真合化成立时按化神路由,由共享基础引擎判定,68,不加分,communication_style／expression_timing,最终文案只保留路径中的一至三步：先处理现实问题、做出安排或提供支持 → 事情稳定后再说明态度和感受，并明确这是更常见的顺序而非固定剧本。,你可能会先把事情处理好、先做出实际回应，等局面稳定后再解释自己为什么这样做。,正文不得堆叠超过一条主路径和一条次路径；不得写成“你一定先A再B”。,中,待验证,,provisional=true; path=XP06; facet=output,0.3
M3-EXPR-131,XP07 先表达后落实型｜路径定义,L4 沟通顺序与回应,EXPR-表达路径,通用,路径候选,XP07 先表达后落实型,食神／伤官有效，并形成食伤→财或食伤→财→官杀的现实桥,食神／伤官有效，并形成食伤→财或食伤→财→官杀的现实桥；至少两类相互支持证据或一项高权威近位证据加一项状态验证；路径中关键节点均有效。,食伤与财星不连通；财星弱远无根；只有口头表达不能推出稳定落实。,不限定；由共享基础引擎与M3-STATE修正,不限定；M3-EXPR不以夫妻星为唯一主轴,由M3-BASE、日支结构及共享引擎提供,先说清感受、需要或计划 → 形成具体安排 → 通过持续行动或承担完成验证,全局有效信号；日柱及亲密关系近位优先,由共享基础引擎判定,由共享基础引擎判定,喜忌不直接等于会不会表达；只修正调用顺畅度与强度,原十神性质有效；真合化成立时按化神路由,由共享基础引擎判定,88,XP07路径 +18,expression_path,先表达后落实型的基本顺序为：先说清感受、需要或计划 → 形成具体安排 → 通过持续行动或承担完成验证。该路径描述平稳或一般关系情境的沟通顺序，不直接代表冲突和修复。,你通常希望先把话说明白，再用行动、安排或兑现让表达真正落地。,不得把沟通顺序解释为沟通能力高低、感情深浅、依恋类型或必然结果；不得把候选路径当作所有场景固定流程。,中,待验证,,provisional=true; path=XP07; facet=definition,0.3
M3-EXPR-132,XP07 先表达后落实型｜成立证据门槛,L4 沟通顺序与回应,EXPR-表达路径,通用,门控,XP07 先表达后落实型,证据独立性＋节点有效性,路径主节点与终点分别有有效证据；至少一个信号来自日支／近位，另一个来自透干、根气、有效流向或独立功能系统。,食伤与财星不连通；财星弱远无根；只有口头表达不能推出稳定落实。 同一来源被重复计为多个节点。,不限定；由共享基础引擎与M3-STATE修正,不限定；M3-EXPR不以夫妻星为唯一主轴,由M3-BASE、日支结构及共享引擎提供,先说清感受、需要或计划 → 形成具体安排 → 通过持续行动或承担完成验证,全局有效信号；日柱及亲密关系近位优先,由共享基础引擎判定,由共享基础引擎判定,喜忌不直接等于会不会表达；只修正调用顺畅度与强度,原十神性质有效；真合化成立时按化神路由,由共享基础引擎判定,96,路径证据门槛；不单独加分,expression_path／confidence,路径必须有“起点—转换—输出”结构。食神／伤官有效，并形成食伤→财或食伤→财→官杀的现实桥只提供候选，若中间桥梁不存在，则退回单通道描述。,只有当这套表达顺序在命盘中有连续支持时，才会把你概括为“先表达后落实型”；否则只保留其中最明确的一步。,不得仅凭五行相生、柱位先后或十神同时出现就制造现实时间线。,高,待验证,,provisional=true; path=XP07; facet=evidence_gate,0.3
M3-EXPR-133,XP07 先表达后落实型｜用户输出与边界,L7 总合成与边界审查,EXPR-表达路径,通用,输出,XP07 先表达后落实型,用户可见时序,XP07已成为主路径或有效次路径；未被同义收敛、停止或M3-STATE改写。,XP07仅为低分候选、证据同源或状态依赖未复核。,不限定；由共享基础引擎与M3-STATE修正,不限定；M3-EXPR不以夫妻星为唯一主轴,由M3-BASE、日支结构及共享引擎提供,先说清感受、需要或计划 → 形成具体安排 → 通过持续行动或承担完成验证,全局有效信号；日柱及亲密关系近位优先,由共享基础引擎判定,由共享基础引擎判定,喜忌不直接等于会不会表达；只修正调用顺畅度与强度,原十神性质有效；真合化成立时按化神路由,由共享基础引擎判定,68,不加分,communication_style／expression_timing,最终文案只保留路径中的一至三步：先说清感受、需要或计划 → 形成具体安排 → 通过持续行动或承担完成验证，并明确这是更常见的顺序而非固定剧本。,你通常希望先把话说明白，再用行动、安排或兑现让表达真正落地。,正文不得堆叠超过一条主路径和一条次路径；不得写成“你一定先A再B”。,中,待验证,,provisional=true; path=XP07; facet=output,0.3
M3-EXPR-134,XP08 责任框架表达型｜路径定义,L4 沟通顺序与回应,EXPR-表达路径,通用,路径候选,XP08 责任框架表达型,正官／七杀主导，食伤或比劫负责说明责任、规则和执行边界,正官／七杀主导，食伤或比劫负责说明责任、规则和执行边界；至少两类相互支持证据或一项高权威近位证据加一项状态验证；路径中关键节点均有效。,官杀状态失真或真合化；只有官杀强而无任何表达桥时，不宜断语言结构完整。,不限定；由共享基础引擎与M3-STATE修正,不限定；M3-EXPR不以夫妻星为唯一主轴,由M3-BASE、日支结构及共享引擎提供,先确认事情需要怎样负责或推进 → 明确规则、分工和下一步 → 再补充感受,全局有效信号；日柱及亲密关系近位优先,由共享基础引擎判定,由共享基础引擎判定,喜忌不直接等于会不会表达；只修正调用顺畅度与强度,原十神性质有效；真合化成立时按化神路由,由共享基础引擎判定,88,XP08路径 +18,expression_path,责任框架表达型的基本顺序为：先确认事情需要怎样负责或推进 → 明确规则、分工和下一步 → 再补充感受。该路径描述平稳或一般关系情境的沟通顺序，不直接代表冲突和修复。,你表达重要事情时，常会先把责任、安排和下一步说清楚，让双方知道这件事怎样继续。,不得把沟通顺序解释为沟通能力高低、感情深浅、依恋类型或必然结果；不得把候选路径当作所有场景固定流程。,中,待验证,,provisional=true; path=XP08; facet=definition,0.3
M3-EXPR-135,XP08 责任框架表达型｜成立证据门槛,L4 沟通顺序与回应,EXPR-表达路径,通用,门控,XP08 责任框架表达型,证据独立性＋节点有效性,路径主节点与终点分别有有效证据；至少一个信号来自日支／近位，另一个来自透干、根气、有效流向或独立功能系统。,官杀状态失真或真合化；只有官杀强而无任何表达桥时，不宜断语言结构完整。 同一来源被重复计为多个节点。,不限定；由共享基础引擎与M3-STATE修正,不限定；M3-EXPR不以夫妻星为唯一主轴,由M3-BASE、日支结构及共享引擎提供,先确认事情需要怎样负责或推进 → 明确规则、分工和下一步 → 再补充感受,全局有效信号；日柱及亲密关系近位优先,由共享基础引擎判定,由共享基础引擎判定,喜忌不直接等于会不会表达；只修正调用顺畅度与强度,原十神性质有效；真合化成立时按化神路由,由共享基础引擎判定,96,路径证据门槛；不单独加分,expression_path／confidence,路径必须有“起点—转换—输出”结构。正官／七杀主导，食伤或比劫负责说明责任、规则和执行边界只提供候选，若中间桥梁不存在，则退回单通道描述。,只有当这套表达顺序在命盘中有连续支持时，才会把你概括为“责任框架表达型”；否则只保留其中最明确的一步。,不得仅凭五行相生、柱位先后或十神同时出现就制造现实时间线。,高,待验证,,provisional=true; path=XP08; facet=evidence_gate,0.3
M3-EXPR-136,XP08 责任框架表达型｜用户输出与边界,L7 总合成与边界审查,EXPR-表达路径,通用,输出,XP08 责任框架表达型,用户可见时序,XP08已成为主路径或有效次路径；未被同义收敛、停止或M3-STATE改写。,XP08仅为低分候选、证据同源或状态依赖未复核。,不限定；由共享基础引擎与M3-STATE修正,不限定；M3-EXPR不以夫妻星为唯一主轴,由M3-BASE、日支结构及共享引擎提供,先确认事情需要怎样负责或推进 → 明确规则、分工和下一步 → 再补充感受,全局有效信号；日柱及亲密关系近位优先,由共享基础引擎判定,由共享基础引擎判定,喜忌不直接等于会不会表达；只修正调用顺畅度与强度,原十神性质有效；真合化成立时按化神路由,由共享基础引擎判定,68,不加分,communication_style／expression_timing,最终文案只保留路径中的一至三步：先确认事情需要怎样负责或推进 → 明确规则、分工和下一步 → 再补充感受，并明确这是更常见的顺序而非固定剧本。,你表达重要事情时，常会先把责任、安排和下一步说清楚，让双方知道这件事怎样继续。,正文不得堆叠超过一条主路径和一条次路径；不得写成“你一定先A再B”。,中,待验证,,provisional=true; path=XP08; facet=output,0.3
M3-EXPR-137,XP09 共同体验表达型｜路径定义,L4 沟通顺序与回应,EXPR-表达路径,通用,路径候选,XP09 共同体验表达型,劫财／偏财／食神形成互动与共同活动通道,劫财／偏财／食神形成互动与共同活动通道；至少两类相互支持证据或一项高权威近位证据加一项状态验证；路径中关键节点均有效。,相关信号弱远无根；只有偏财单一出现不得推出依赖新鲜感或不愿正式沟通。,不限定；由共享基础引擎与M3-STATE修正,不限定；M3-EXPR不以夫妻星为唯一主轴,由M3-BASE、日支结构及共享引擎提供,通过邀约、一起做事或共同体验建立联结 → 在互动中自然表达感受和需要,全局有效信号；日柱及亲密关系近位优先,由共享基础引擎判定,由共享基础引擎判定,喜忌不直接等于会不会表达；只修正调用顺畅度与强度,原十神性质有效；真合化成立时按化神路由,由共享基础引擎判定,88,XP09路径 +18,expression_path,共同体验表达型的基本顺序为：通过邀约、一起做事或共同体验建立联结 → 在互动中自然表达感受和需要。该路径描述平稳或一般关系情境的沟通顺序，不直接代表冲突和修复。,你更容易在一起做事、共同体验或轻松互动中让感情自然显现，而不一定先进行正式谈话。,不得把沟通顺序解释为沟通能力高低、感情深浅、依恋类型或必然结果；不得把候选路径当作所有场景固定流程。,中,待验证,,provisional=true; path=XP09; facet=definition,0.3
M3-EXPR-138,XP09 共同体验表达型｜成立证据门槛,L4 沟通顺序与回应,EXPR-表达路径,通用,门控,XP09 共同体验表达型,证据独立性＋节点有效性,路径主节点与终点分别有有效证据；至少一个信号来自日支／近位，另一个来自透干、根气、有效流向或独立功能系统。,相关信号弱远无根；只有偏财单一出现不得推出依赖新鲜感或不愿正式沟通。 同一来源被重复计为多个节点。,不限定；由共享基础引擎与M3-STATE修正,不限定；M3-EXPR不以夫妻星为唯一主轴,由M3-BASE、日支结构及共享引擎提供,通过邀约、一起做事或共同体验建立联结 → 在互动中自然表达感受和需要,全局有效信号；日柱及亲密关系近位优先,由共享基础引擎判定,由共享基础引擎判定,喜忌不直接等于会不会表达；只修正调用顺畅度与强度,原十神性质有效；真合化成立时按化神路由,由共享基础引擎判定,96,路径证据门槛；不单独加分,expression_path／confidence,路径必须有“起点—转换—输出”结构。劫财／偏财／食神形成互动与共同活动通道只提供候选，若中间桥梁不存在，则退回单通道描述。,只有当这套表达顺序在命盘中有连续支持时，才会把你概括为“共同体验表达型”；否则只保留其中最明确的一步。,不得仅凭五行相生、柱位先后或十神同时出现就制造现实时间线。,高,待验证,,provisional=true; path=XP09; facet=evidence_gate,0.3
M3-EXPR-139,XP09 共同体验表达型｜用户输出与边界,L7 总合成与边界审查,EXPR-表达路径,通用,输出,XP09 共同体验表达型,用户可见时序,XP09已成为主路径或有效次路径；未被同义收敛、停止或M3-STATE改写。,XP09仅为低分候选、证据同源或状态依赖未复核。,不限定；由共享基础引擎与M3-STATE修正,不限定；M3-EXPR不以夫妻星为唯一主轴,由M3-BASE、日支结构及共享引擎提供,通过邀约、一起做事或共同体验建立联结 → 在互动中自然表达感受和需要,全局有效信号；日柱及亲密关系近位优先,由共享基础引擎判定,由共享基础引擎判定,喜忌不直接等于会不会表达；只修正调用顺畅度与强度,原十神性质有效；真合化成立时按化神路由,由共享基础引擎判定,68,不加分,communication_style／expression_timing,最终文案只保留路径中的一至三步：通过邀约、一起做事或共同体验建立联结 → 在互动中自然表达感受和需要，并明确这是更常见的顺序而非固定剧本。,你更容易在一起做事、共同体验或轻松互动中让感情自然显现，而不一定先进行正式谈话。,正文不得堆叠超过一条主路径和一条次路径；不得写成“你一定先A再B”。,中,待验证,,provisional=true; path=XP09; facet=output,0.3
M3-EXPR-140,XP10 深度选择表达型｜路径定义,L4 沟通顺序与回应,EXPR-表达路径,通用,路径候选,XP10 深度选择表达型,偏印主导，伤官／食神提供选择性外化；信任和内容质量是启动条件,偏印主导，伤官／食神提供选择性外化；信任和内容质量是启动条件；至少两类相互支持证据或一项高权威近位证据加一项状态验证；路径中关键节点均有效。,偏印弱远无根；无外化桥；不得把选择性表达写成冷漠或故意保持神秘。,不限定；由共享基础引擎与M3-STATE修正,不限定；M3-EXPR不以夫妻星为唯一主轴,由M3-BASE、日支结构及共享引擎提供,先观察与内部整理 → 只在足够信任或话题有深度时开放 → 表达较少但内容集中,全局有效信号；日柱及亲密关系近位优先,由共享基础引擎判定,由共享基础引擎判定,喜忌不直接等于会不会表达；只修正调用顺畅度与强度,原十神性质有效；真合化成立时按化神路由,由共享基础引擎判定,88,XP10路径 +18,expression_path,深度选择表达型的基本顺序为：先观察与内部整理 → 只在足够信任或话题有深度时开放 → 表达较少但内容集中。该路径描述平稳或一般关系情境的沟通顺序，不直接代表冲突和修复。,你不一定对所有话题都大量表达，但在足够信任、值得深入的情境里，会分享更私密、更有深度的内容。,不得把沟通顺序解释为沟通能力高低、感情深浅、依恋类型或必然结果；不得把候选路径当作所有场景固定流程。,中,待验证,,provisional=true; path=XP10; facet=definition,0.3
M3-EXPR-141,XP10 深度选择表达型｜成立证据门槛,L4 沟通顺序与回应,EXPR-表达路径,通用,门控,XP10 深度选择表达型,证据独立性＋节点有效性,路径主节点与终点分别有有效证据；至少一个信号来自日支／近位，另一个来自透干、根气、有效流向或独立功能系统。,偏印弱远无根；无外化桥；不得把选择性表达写成冷漠或故意保持神秘。 同一来源被重复计为多个节点。,不限定；由共享基础引擎与M3-STATE修正,不限定；M3-EXPR不以夫妻星为唯一主轴,由M3-BASE、日支结构及共享引擎提供,先观察与内部整理 → 只在足够信任或话题有深度时开放 → 表达较少但内容集中,全局有效信号；日柱及亲密关系近位优先,由共享基础引擎判定,由共享基础引擎判定,喜忌不直接等于会不会表达；只修正调用顺畅度与强度,原十神性质有效；真合化成立时按化神路由,由共享基础引擎判定,96,路径证据门槛；不单独加分,expression_path／confidence,路径必须有“起点—转换—输出”结构。偏印主导，伤官／食神提供选择性外化；信任和内容质量是启动条件只提供候选，若中间桥梁不存在，则退回单通道描述。,只有当这套表达顺序在命盘中有连续支持时，才会把你概括为“深度选择表达型”；否则只保留其中最明确的一步。,不得仅凭五行相生、柱位先后或十神同时出现就制造现实时间线。,高,待验证,,provisional=true; path=XP10; facet=evidence_gate,0.3
M3-EXPR-142,XP10 深度选择表达型｜用户输出与边界,L7 总合成与边界审查,EXPR-表达路径,通用,输出,XP10 深度选择表达型,用户可见时序,XP10已成为主路径或有效次路径；未被同义收敛、停止或M3-STATE改写。,XP10仅为低分候选、证据同源或状态依赖未复核。,不限定；由共享基础引擎与M3-STATE修正,不限定；M3-EXPR不以夫妻星为唯一主轴,由M3-BASE、日支结构及共享引擎提供,先观察与内部整理 → 只在足够信任或话题有深度时开放 → 表达较少但内容集中,全局有效信号；日柱及亲密关系近位优先,由共享基础引擎判定,由共享基础引擎判定,喜忌不直接等于会不会表达；只修正调用顺畅度与强度,原十神性质有效；真合化成立时按化神路由,由共享基础引擎判定,68,不加分,communication_style／expression_timing,最终文案只保留路径中的一至三步：先观察与内部整理 → 只在足够信任或话题有深度时开放 → 表达较少但内容集中，并明确这是更常见的顺序而非固定剧本。,你不一定对所有话题都大量表达，但在足够信任、值得深入的情境里，会分享更私密、更有深度的内容。,正文不得堆叠超过一条主路径和一条次路径；不得写成“你一定先A再B”。,中,待验证,,provisional=true; path=XP10; facet=output,0.3
M3-EXPR-143,XP11 双通道往返型｜路径定义,L4 沟通顺序与回应,EXPR-表达路径,通用,路径候选,XP11 双通道往返型,两个不同功能系统均有独立证据，且一项负责表达、另一项负责行动／承接／结构,两个不同功能系统均有独立证据，且一项负责表达、另一项负责行动／承接／结构；至少两类相互支持证据或一项高权威近位证据加一项状态验证；路径中关键节点均有效。,两个通道来自同一source_id；属于同系统正偏重复；第二通道未达独立证据阈值。,不限定；由共享基础引擎与M3-STATE修正,不限定；M3-EXPR不以夫妻星为唯一主轴,由M3-BASE、日支结构及共享引擎提供,第一通道发出信息 → 第二通道验证或落实 → 根据反馈回到第一通道继续校准,全局有效信号；日柱及亲密关系近位优先,由共享基础引擎判定,由共享基础引擎判定,喜忌不直接等于会不会表达；只修正调用顺畅度与强度,原十神性质有效；真合化成立时按化神路由,由共享基础引擎判定,88,XP11路径 +18,expression_path,双通道往返型的基本顺序为：第一通道发出信息 → 第二通道验证或落实 → 根据反馈回到第一通道继续校准。该路径描述平稳或一般关系情境的沟通顺序，不直接代表冲突和修复。,你的表达往往不是只靠一种方式，而是会在“说出来”和“做出来”、或“先听懂”和“再回应”之间往返确认。,不得把沟通顺序解释为沟通能力高低、感情深浅、依恋类型或必然结果；不得把候选路径当作所有场景固定流程。,中,待验证,,provisional=true; path=XP11; facet=definition,0.3
M3-EXPR-144,XP11 双通道往返型｜成立证据门槛,L4 沟通顺序与回应,EXPR-表达路径,通用,门控,XP11 双通道往返型,证据独立性＋节点有效性,路径主节点与终点分别有有效证据；至少一个信号来自日支／近位，另一个来自透干、根气、有效流向或独立功能系统。,两个通道来自同一source_id；属于同系统正偏重复；第二通道未达独立证据阈值。 同一来源被重复计为多个节点。,不限定；由共享基础引擎与M3-STATE修正,不限定；M3-EXPR不以夫妻星为唯一主轴,由M3-BASE、日支结构及共享引擎提供,第一通道发出信息 → 第二通道验证或落实 → 根据反馈回到第一通道继续校准,全局有效信号；日柱及亲密关系近位优先,由共享基础引擎判定,由共享基础引擎判定,喜忌不直接等于会不会表达；只修正调用顺畅度与强度,原十神性质有效；真合化成立时按化神路由,由共享基础引擎判定,96,路径证据门槛；不单独加分,expression_path／confidence,路径必须有“起点—转换—输出”结构。两个不同功能系统均有独立证据，且一项负责表达、另一项负责行动／承接／结构只提供候选，若中间桥梁不存在，则退回单通道描述。,只有当这套表达顺序在命盘中有连续支持时，才会把你概括为“双通道往返型”；否则只保留其中最明确的一步。,不得仅凭五行相生、柱位先后或十神同时出现就制造现实时间线。,高,待验证,,provisional=true; path=XP11; facet=evidence_gate,0.3
M3-EXPR-145,XP11 双通道往返型｜用户输出与边界,L7 总合成与边界审查,EXPR-表达路径,通用,输出,XP11 双通道往返型,用户可见时序,XP11已成为主路径或有效次路径；未被同义收敛、停止或M3-STATE改写。,XP11仅为低分候选、证据同源或状态依赖未复核。,不限定；由共享基础引擎与M3-STATE修正,不限定；M3-EXPR不以夫妻星为唯一主轴,由M3-BASE、日支结构及共享引擎提供,第一通道发出信息 → 第二通道验证或落实 → 根据反馈回到第一通道继续校准,全局有效信号；日柱及亲密关系近位优先,由共享基础引擎判定,由共享基础引擎判定,喜忌不直接等于会不会表达；只修正调用顺畅度与强度,原十神性质有效；真合化成立时按化神路由,由共享基础引擎判定,68,不加分,communication_style／expression_timing,最终文案只保留路径中的一至三步：第一通道发出信息 → 第二通道验证或落实 → 根据反馈回到第一通道继续校准，并明确这是更常见的顺序而非固定剧本。,你的表达往往不是只靠一种方式，而是会在“说出来”和“做出来”、或“先听懂”和“再回应”之间往返确认。,正文不得堆叠超过一条主路径和一条次路径；不得写成“你一定先A再B”。,中,待验证,,provisional=true; path=XP11; facet=output,0.3
M3-EXPR-146,XP12 情境切换候选｜路径定义,L4 沟通顺序与回应,EXPR-表达路径,通用,路径候选,XP12 情境切换候选,不同关系任务稳定触发不同通道，或平稳、压力、恢复状态有明确分层证据,不同关系任务稳定触发不同通道，或平稳、压力、恢复状态有明确分层证据；至少两类相互支持证据或一项高权威近位证据加一项状态验证；路径中关键节点均有效。,只是多个弱信号并列；没有稳定场景分工；最终状态切换必须由M3-STATE复核。,不限定；由共享基础引擎与M3-STATE修正,不限定；M3-EXPR不以夫妻星为唯一主轴,由M3-BASE、日支结构及共享引擎提供,日常议题使用A通道 → 现实任务使用B通道 → 情绪或压力增加时可能再切换,全局有效信号；日柱及亲密关系近位优先,由共享基础引擎判定,由共享基础引擎判定,喜忌不直接等于会不会表达；只修正调用顺畅度与强度,原十神性质有效；真合化成立时按化神路由,由共享基础引擎判定,88,XP12路径 +18,expression_path,情境切换候选的基本顺序为：日常议题使用A通道 → 现实任务使用B通道 → 情绪或压力增加时可能再切换。该路径描述平稳或一般关系情境的沟通顺序，不直接代表冲突和修复。,你的表达方式会随话题和关系状态切换：有些事情你会说，有些事情你更习惯先做、先听或先整理。,不得把沟通顺序解释为沟通能力高低、感情深浅、依恋类型或必然结果；不得把候选路径当作所有场景固定流程。,中,待验证,,provisional=true; path=XP12; facet=definition,0.3
M3-EXPR-147,XP12 情境切换候选｜成立证据门槛,L4 沟通顺序与回应,EXPR-表达路径,通用,门控,XP12 情境切换候选,证据独立性＋节点有效性,路径主节点与终点分别有有效证据；至少一个信号来自日支／近位，另一个来自透干、根气、有效流向或独立功能系统。,只是多个弱信号并列；没有稳定场景分工；最终状态切换必须由M3-STATE复核。 同一来源被重复计为多个节点。,不限定；由共享基础引擎与M3-STATE修正,不限定；M3-EXPR不以夫妻星为唯一主轴,由M3-BASE、日支结构及共享引擎提供,日常议题使用A通道 → 现实任务使用B通道 → 情绪或压力增加时可能再切换,全局有效信号；日柱及亲密关系近位优先,由共享基础引擎判定,由共享基础引擎判定,喜忌不直接等于会不会表达；只修正调用顺畅度与强度,原十神性质有效；真合化成立时按化神路由,由共享基础引擎判定,96,路径证据门槛；不单独加分,expression_path／confidence,路径必须有“起点—转换—输出”结构。不同关系任务稳定触发不同通道，或平稳、压力、恢复状态有明确分层证据只提供候选，若中间桥梁不存在，则退回单通道描述。,只有当这套表达顺序在命盘中有连续支持时，才会把你概括为“情境切换候选”；否则只保留其中最明确的一步。,不得仅凭五行相生、柱位先后或十神同时出现就制造现实时间线。,高,待验证,,provisional=true; path=XP12; facet=evidence_gate,0.3
M3-EXPR-148,XP12 情境切换候选｜用户输出与边界,L7 总合成与边界审查,EXPR-表达路径,通用,输出,XP12 情境切换候选,用户可见时序,XP12已成为主路径或有效次路径；未被同义收敛、停止或M3-STATE改写。,XP12仅为低分候选、证据同源或状态依赖未复核。,不限定；由共享基础引擎与M3-STATE修正,不限定；M3-EXPR不以夫妻星为唯一主轴,由M3-BASE、日支结构及共享引擎提供,日常议题使用A通道 → 现实任务使用B通道 → 情绪或压力增加时可能再切换,全局有效信号；日柱及亲密关系近位优先,由共享基础引擎判定,由共享基础引擎判定,喜忌不直接等于会不会表达；只修正调用顺畅度与强度,原十神性质有效；真合化成立时按化神路由,由共享基础引擎判定,68,不加分,communication_style／expression_timing,最终文案只保留路径中的一至三步：日常议题使用A通道 → 现实任务使用B通道 → 情绪或压力增加时可能再切换，并明确这是更常见的顺序而非固定剧本。,你的表达方式会随话题和关系状态切换：有些事情你会说，有些事情你更习惯先做、先听或先整理。,正文不得堆叠超过一条主路径和一条次路径；不得写成“你一定先A再B”。,中,待验证,,provisional=true; path=XP12; facet=output,0.3
M3-EXPR-149,表达路径同系统收敛｜正偏风格不建两条路径,L6 跨模块接口,EXPR-表达路径,通用,去重,多路径合成,,两个候选路径来自同一功能系统或同一source_id，只是正偏风格不同。,只有一个有效路径；基础证据未定；同一事实尚未完成source_id去重。,不限定；由共享基础引擎与M3-STATE修正,不限定；M3-EXPR不以夫妻星为唯一主轴,由M3-BASE、日支结构及共享引擎提供,无／待表达路径规则组合,全局有效信号；日柱及亲密关系近位优先,由共享基础引擎判定,由共享基础引擎判定,喜忌不直接等于会不会表达；只修正调用顺畅度与强度,原十神性质有效；真合化成立时按化神路由,由共享基础引擎判定,95,同系统封顶；独立证据数不增加,dedup_log,将两条路径合并为一个主路径，在用户语言中保留风格差异，不重复计算独立证据。,你的核心表达方向较集中，只是在同一方式里可能同时带有两种不同风格。,不得把多路径解释为情绪反复、沟通复杂、感情不稳定或人格矛盾。,高,待验证,,provisional=true; path_combo=去重,0.3
M3-EXPR-150,表达路径先后桥接｜起点与终点均有效,L6 跨模块接口,EXPR-表达路径,通用,组合,多路径合成,,两个不同通道具有明确生助、现实转换或重复案例支持，并且中间节点不缺失。,只有一个有效路径；基础证据未定；同一事实尚未完成source_id去重。,不限定；由共享基础引擎与M3-STATE修正,不限定；M3-EXPR不以夫妻星为唯一主轴,由M3-BASE、日支结构及共享引擎提供,无／待表达路径规则组合,全局有效信号；日柱及亲密关系近位优先,由共享基础引擎判定,由共享基础引擎判定,喜忌不直接等于会不会表达；只修正调用顺畅度与强度,原十神性质有效；真合化成立时按化神路由,由共享基础引擎判定,84,XP路径桥接 +8,expression_path,把两条候选组合为一条先后路径，而不是并列堆标签；先后不等于主次，也不等于速度。,你的表达更像一个过程：先通过一种方式启动，再用另一种方式把意思说明或落实。,不得把多路径解释为情绪反复、沟通复杂、感情不稳定或人格矛盾。,中高,待验证,,provisional=true; path_combo=组合,0.3
M3-EXPR-151,表达路径并行双通道｜功能独立,L6 跨模块接口,EXPR-表达路径,通用,组合,多路径合成,,两个通道分别承担不同任务，来源独立，分差小于暂定阈值，且不存在可收敛的同义关系。,只有一个有效路径；基础证据未定；同一事实尚未完成source_id去重。,不限定；由共享基础引擎与M3-STATE修正,不限定；M3-EXPR不以夫妻星为唯一主轴,由M3-BASE、日支结构及共享引擎提供,无／待表达路径规则组合,全局有效信号；日柱及亲密关系近位优先,由共享基础引擎判定,由共享基础引擎判定,喜忌不直接等于会不会表达；只修正调用顺畅度与强度,原十神性质有效；真合化成立时按化神路由,由共享基础引擎判定,84,XP11候选 +10,secondary_expression_channel,保留主次或XP11双通道往返；正文最多写一个主通道和一个次通道。,你会同时使用两种互补方式表达：一项负责让对方听懂，另一项负责让对方看见或感受到。,不得把多路径解释为情绪反复、沟通复杂、感情不稳定或人格矛盾。,中,待验证,,provisional=true; path_combo=组合,0.3
M3-EXPR-152,表达路径竞争未决｜停止单一路径,L6 跨模块接口,EXPR-表达路径,通用,停止,多路径合成,,多条路径得分接近，但节点关系、状态切换或真合化仍有争议。,只有一个有效路径；基础证据未定；同一事实尚未完成source_id去重。,不限定；由共享基础引擎与M3-STATE修正,不限定；M3-EXPR不以夫妻星为唯一主轴,由M3-BASE、日支结构及共享引擎提供,无／待表达路径规则组合,全局有效信号；日柱及亲密关系近位优先,由共享基础引擎判定,由共享基础引擎判定,喜忌不直接等于会不会表达；只修正调用顺畅度与强度,原十神性质有效；真合化成立时按化神路由,由共享基础引擎判定,95,expression_path停止,expression_path／confidence,停止输出固定沟通顺序，改写为情境化或低置信说明，并记录冲突日志。,目前可以看出你有不止一种表达方式，但哪一种会先启动，仍取决于具体话题和关系状态。,不得把多路径解释为情绪反复、沟通复杂、感情不稳定或人格矛盾。,停止,待验证,,provisional=true; path_combo=停止,0.3
M3-EXPR-153,透干且有根｜表达外显与重复性提高,L5 状态修正,EXPR-状态修正,通用,修正,有效表达十神透干且有根,,表达信号透于天干，并在地支有可靠根气；未被合化替代。,基础十神映射未定；真合化已替代原信号但未完成路由；仅由同一source_id重复。,不限定；由共享基础引擎与M3-STATE修正,不限定；M3-EXPR不以夫妻星为唯一主轴,由M3-BASE、日支结构及共享引擎提供,无／待表达路径规则组合,全局有效信号；日柱及亲密关系近位优先,由共享基础引擎判定,由共享基础引擎判定,喜忌不直接等于会不会表达；只修正调用顺畅度与强度,原十神性质有效；真合化成立时按化神路由,由共享基础引擎判定,86,可见度+8；稳定度+6,expression_visibility／confidence,透干提高可见度，有根提高重复性。两者共同出现时，表达通道更容易被对方直接感知，也更可能反复调用。,这套表达方式通常比较容易被别人看见，也更容易在关系里持续出现。,不得把旺、弱、喜、忌、透、藏或柱位直接翻译成性格好坏、沟通能力高低、心理疾病或关系结果。,中高,待验证,,provisional=true; state_rule=153,0.3
M3-EXPR-154,透干无根｜外显快但持续性待定,L5 状态修正,EXPR-状态修正,通用,修正,表达十神透干但无可靠根气,,表达信号透干，根气不足或无根；没有第二类稳定支持。,基础十神映射未定；真合化已替代原信号但未完成路由；仅由同一source_id重复。,不限定；由共享基础引擎与M3-STATE修正,不限定；M3-EXPR不以夫妻星为唯一主轴,由M3-BASE、日支结构及共享引擎提供,无／待表达路径规则组合,全局有效信号；日柱及亲密关系近位优先,由共享基础引擎判定,由共享基础引擎判定,喜忌不直接等于会不会表达；只修正调用顺畅度与强度,原十神性质有效；真合化成立时按化神路由,由共享基础引擎判定,80,可见度+6；稳定度-4,expression_visibility,外显标签或当下表达可能明显，但不宜据此判断长期稳定频率。,你有时会很直接地表现出这套方式，但是否长期保持同样强度，要看具体情境。,不得把旺、弱、喜、忌、透、藏或柱位直接翻译成性格好坏、沟通能力高低、心理疾病或关系结果。,中,待验证,,provisional=true; state_rule=154,0.3
M3-EXPR-155,藏支有根｜亲密关系内稳定显现,L5 状态修正,EXPR-状态修正,通用,修正,表达信号藏支且有根,,表达信号主要藏于日支或近位地支，并有可靠根气；外透有限。,基础十神映射未定；真合化已替代原信号但未完成路由；仅由同一source_id重复。,不限定；由共享基础引擎与M3-STATE修正,不限定；M3-EXPR不以夫妻星为唯一主轴,由M3-BASE、日支结构及共享引擎提供,无／待表达路径规则组合,全局有效信号；日柱及亲密关系近位优先,由共享基础引擎判定,由共享基础引擎判定,喜忌不直接等于会不会表达；只修正调用顺畅度与强度,原十神性质有效；真合化成立时按化神路由,由共享基础引擎判定,84,关系内显现+7；稳定度+5,expression_visibility,该通道可能不在一般社交中突出，但进入亲密关系后具有稳定调用基础。,你不一定一开始就表现很多，但真正亲近后，这套表达方式会更稳定地显现。,不得把旺、弱、喜、忌、透、藏或柱位直接翻译成性格好坏、沟通能力高低、心理疾病或关系结果。,中高,待验证,,provisional=true; state_rule=155,0.3
M3-EXPR-156,仅藏无根｜低权重情境候选,L5 状态修正,EXPR-状态修正,通用,修正,表达信号仅藏且无根,,信号仅见于弱藏干或余气，无透无根，也无独立流向支持。,基础十神映射未定；真合化已替代原信号但未完成路由；仅由同一source_id重复。,不限定；由共享基础引擎与M3-STATE修正,不限定；M3-EXPR不以夫妻星为唯一主轴,由M3-BASE、日支结构及共享引擎提供,无／待表达路径规则组合,全局有效信号；日柱及亲密关系近位优先,由共享基础引擎判定,由共享基础引擎判定,喜忌不直接等于会不会表达；只修正调用顺畅度与强度,原十神性质有效；真合化成立时按化神路由,由共享基础引擎判定,88,主通道-10；confidence-1级,confidence,只能保留为潜在背景，不足以形成主通道或稳定时序。,这项表达方式可能在少数情境下出现，但目前不宜把它写成你的固定习惯。,不得把旺、弱、喜、忌、透、藏或柱位直接翻译成性格好坏、沟通能力高低、心理疾病或关系结果。,中低,待验证,,provisional=true; state_rule=156,0.3
M3-EXPR-157,日支或日柱近位｜亲密关系特异性提高,L5 状态修正,EXPR-状态修正,通用,修正,表达信号靠近日柱,,信号位于日支、日干邻近位置，或直接参与日柱结构。,基础十神映射未定；真合化已替代原信号但未完成路由；仅由同一source_id重复。,不限定；由共享基础引擎与M3-STATE修正,不限定；M3-EXPR不以夫妻星为唯一主轴,由M3-BASE、日支结构及共享引擎提供,无／待表达路径规则组合,全局有效信号；日柱及亲密关系近位优先,由共享基础引擎判定,由共享基础引擎判定,喜忌不直接等于会不会表达；只修正调用顺畅度与强度,原十神性质有效；真合化成立时按化神路由,由共享基础引擎判定,82,关系特异性+7,primary_expression_channel,近位增强亲密关系特异性，不自动等于公开场合外显。,这套表达方式在亲密关系里会比在一般人际中更容易被启动。,不得把旺、弱、喜、忌、透、藏或柱位直接翻译成性格好坏、沟通能力高低、心理疾病或关系结果。,中高,待验证,,provisional=true; state_rule=157,0.3
M3-EXPR-158,时柱近位｜私下与深入相处中显现,L5 状态修正,EXPR-状态修正,通用,修正,时柱有效表达信号,,时柱信号与日柱有实际联系、得根或参与有效流向。,基础十神映射未定；真合化已替代原信号但未完成路由；仅由同一source_id重复。,不限定；由共享基础引擎与M3-STATE修正,不限定；M3-EXPR不以夫妻星为唯一主轴,由M3-BASE、日支结构及共享引擎提供,无／待表达路径规则组合,全局有效信号；日柱及亲密关系近位优先,由共享基础引擎判定,由共享基础引擎判定,喜忌不直接等于会不会表达；只修正调用顺畅度与强度,原十神性质有效；真合化成立时按化神路由,由共享基础引擎判定,74,私下显现+4,expression_visibility,时柱可作为较私下、后续或深入相处中的表达支持，但不能仅凭柱位断时间先后。,这套方式可能在私下、熟悉以后或关系更深入时更明显。,不得把旺、弱、喜、忌、透、藏或柱位直接翻译成性格好坏、沟通能力高低、心理疾病或关系结果。,中,待验证,,provisional=true; state_rule=158,0.3
M3-EXPR-159,月柱中位｜现实环境与日常角色修正,L5 状态修正,EXPR-状态修正,通用,修正,月柱有效表达信号,,月柱信号有效并与日柱有连接；不是单一远位背景。,基础十神映射未定；真合化已替代原信号但未完成路由；仅由同一source_id重复。,不限定；由共享基础引擎与M3-STATE修正,不限定；M3-EXPR不以夫妻星为唯一主轴,由M3-BASE、日支结构及共享引擎提供,无／待表达路径规则组合,全局有效信号；日柱及亲密关系近位优先,由共享基础引擎判定,由共享基础引擎判定,喜忌不直接等于会不会表达；只修正调用顺畅度与强度,原十神性质有效；真合化成立时按化神路由,由共享基础引擎判定,70,情境支持+3,communication_style,月柱更容易提供日常角色、工作生活环境中的表达风格修正，不能覆盖日支核心。,在日常事务或现实角色中，你可能更容易使用这套沟通方式。,不得把旺、弱、喜、忌、透、藏或柱位直接翻译成性格好坏、沟通能力高低、心理疾病或关系结果。,中,待验证,,provisional=true; state_rule=159,0.3
M3-EXPR-160,年柱远位｜社会化背景不定核心,L5 状态修正,EXPR-状态修正,通用,修正,年柱表达信号,,信号主要位于年柱，距离日柱较远，缺少近位根或流向连接。,基础十神映射未定；真合化已替代原信号但未完成路由；仅由同一source_id重复。,不限定；由共享基础引擎与M3-STATE修正,不限定；M3-EXPR不以夫妻星为唯一主轴,由M3-BASE、日支结构及共享引擎提供,无／待表达路径规则组合,全局有效信号；日柱及亲密关系近位优先,由共享基础引擎判定,由共享基础引擎判定,喜忌不直接等于会不会表达；只修正调用顺畅度与强度,原十神性质有效；真合化成立时按化神路由,由共享基础引擎判定,90,背景+1；不得定核心,basis_summary,远位只作家庭文化、早期经验或社会化背景，不单独确定亲密表达主通道。,这一信号更像背景影响，不能单独决定你在亲密关系里的主要表达方式。,不得把旺、弱、喜、忌、透、藏或柱位直接翻译成性格好坏、沟通能力高低、心理疾病或关系结果。,中高,待验证,,provisional=true; state_rule=160,0.3
M3-EXPR-161,同类信号重复｜浓度提高不增加独立证据,L5 状态修正,EXPR-状态修正,通用,去重,同一十神或同一功能系统重复出现,,多个同类信号有效，但共享根源、同一source_id或同一证据簇。,基础十神映射未定；真合化已替代原信号但未完成路由；仅由同一source_id重复。,不限定；由共享基础引擎与M3-STATE修正,不限定；M3-EXPR不以夫妻星为唯一主轴,由M3-BASE、日支结构及共享引擎提供,无／待表达路径规则组合,全局有效信号；日柱及亲密关系近位优先,由共享基础引擎判定,由共享基础引擎判定,喜忌不直接等于会不会表达；只修正调用顺畅度与强度,原十神性质有效；真合化成立时按化神路由,由共享基础引擎判定,97,系统浓度+5；证据数封顶,dedup_log,重复提高通道浓度和可调用性，但独立证据数量不按出现次数累加。,这套表达方向较集中，但不会因为出现多次就被当成多套不同方式。,不得把旺、弱、喜、忌、透、藏或柱位直接翻译成性格好坏、沟通能力高低、心理疾病或关系结果。,高,待验证,,provisional=true; state_rule=161,0.3
M3-EXPR-162,正偏同系统并见｜风格分工而非双模式,L5 状态修正,EXPR-状态修正,通用,去重,同一功能系统正偏十神同时有效,,如食神与伤官、正印与偏印、正财与偏财等同时有效；未形成跨系统独立分工。,基础十神映射未定；真合化已替代原信号但未完成路由；仅由同一source_id重复。,不限定；由共享基础引擎与M3-STATE修正,不限定；M3-EXPR不以夫妻星为唯一主轴,由M3-BASE、日支结构及共享引擎提供,无／待表达路径规则组合,全局有效信号；日柱及亲密关系近位优先,由共享基础引擎判定,由共享基础引擎判定,喜忌不直接等于会不会表达；只修正调用顺畅度与强度,原十神性质有效；真合化成立时按化神路由,由共享基础引擎判定,96,系统封顶；风格保留,primary_expression_channel,先收敛为一个功能系统，再根据强弱与位置保留正偏风格差异。,你的表达核心方向较一致，只是在同一方向中可能既有温和的一面，也有直接或灵活的一面。,不得把旺、弱、喜、忌、透、藏或柱位直接翻译成性格好坏、沟通能力高低、心理疾病或关系结果。,高,待验证,,provisional=true; state_rule=162,0.3
M3-EXPR-163,旺而平衡｜通道自然可用,L5 状态修正,EXPR-状态修正,通用,修正,表达信号旺而不失衡,,共享引擎判定信号旺且结构平衡，有承载和调节。,基础十神映射未定；真合化已替代原信号但未完成路由；仅由同一source_id重复。,不限定；由共享基础引擎与M3-STATE修正,不限定；M3-EXPR不以夫妻星为唯一主轴,由M3-BASE、日支结构及共享引擎提供,无／待表达路径规则组合,全局有效信号；日柱及亲密关系近位优先,由共享基础引擎判定,由共享基础引擎判定,喜忌不直接等于会不会表达；只修正调用顺畅度与强度,原十神性质有效；真合化成立时按化神路由,由共享基础引擎判定,84,稳定度+8；顺畅度+6,confidence,通道调用频率、流畅度和持续性较高，可进入正文主轴。,这套表达方式通常比较自然，不需要很强的外部刺激也能被你使用。,不得把旺、弱、喜、忌、透、藏或柱位直接翻译成性格好坏、沟通能力高低、心理疾病或关系结果。,中高,待验证,,provisional=true; state_rule=163,0.3
M3-EXPR-164,过旺失衡｜通道抢先与占位增加,L5 状态修正,EXPR-状态修正,通用,修正,表达信号过旺失衡,,信号明显过旺，缺少足够制化或承载；原十神性质仍有效。,基础十神映射未定；真合化已替代原信号但未完成路由；仅由同一source_id重复。,不限定；由共享基础引擎与M3-STATE修正,不限定；M3-EXPR不以夫妻星为唯一主轴,由M3-BASE、日支结构及共享引擎提供,无／待表达路径规则组合,全局有效信号；日柱及亲密关系近位优先,由共享基础引擎判定,由共享基础引擎判定,喜忌不直接等于会不会表达；只修正调用顺畅度与强度,原十神性质有效；真合化成立时按化神路由,由共享基础引擎判定,82,优先级+7；STATE候选+6,stress_shift,在M3只解释为启动更快、占用更多表达空间或更难切换，不评价风险。,这套方式可能更容易抢先启动，尤其在事情重要或压力增加时更明显。,不得把旺、弱、喜、忌、透、藏或柱位直接翻译成性格好坏、沟通能力高低、心理疾病或关系结果。,中,待验证,,provisional=true; state_rule=164,0.3
M3-EXPR-165,中和｜稳定候选,L5 状态修正,EXPR-状态修正,通用,修正,表达信号中和,,信号力量适中，根气和位置足以支持表达。,基础十神映射未定；真合化已替代原信号但未完成路由；仅由同一source_id重复。,不限定；由共享基础引擎与M3-STATE修正,不限定；M3-EXPR不以夫妻星为唯一主轴,由M3-BASE、日支结构及共享引擎提供,无／待表达路径规则组合,全局有效信号；日柱及亲密关系近位优先,由共享基础引擎判定,由共享基础引擎判定,喜忌不直接等于会不会表达；只修正调用顺畅度与强度,原十神性质有效；真合化成立时按化神路由,由共享基础引擎判定,76,稳定度+5,confidence,可作为稳定但不过度夸张的表达候选。,这套表达方式较可能以稳定、不过度强烈的形式出现。,不得把旺、弱、喜、忌、透、藏或柱位直接翻译成性格好坏、沟通能力高低、心理疾病或关系结果。,中,待验证,,provisional=true; state_rule=165,0.3
M3-EXPR-166,偏弱但有助｜条件性调用,L5 状态修正,EXPR-状态修正,通用,修正,表达信号偏弱但有支持,,信号本身偏弱，但有近位生助、流向桥或日支支持。,基础十神映射未定；真合化已替代原信号但未完成路由；仅由同一source_id重复。,不限定；由共享基础引擎与M3-STATE修正,不限定；M3-EXPR不以夫妻星为唯一主轴,由M3-BASE、日支结构及共享引擎提供,无／待表达路径规则组合,全局有效信号；日柱及亲密关系近位优先,由共享基础引擎判定,由共享基础引擎判定,喜忌不直接等于会不会表达；只修正调用顺畅度与强度,原十神性质有效；真合化成立时按化神路由,由共享基础引擎判定,78,保留；情境性+6；confidence-1级,communication_style,通道在安全、熟悉或特定话题下可被调用，正文需使用条件语。,这套方式在关系条件合适、对方回应到位或话题足够重要时会更明显。,不得把旺、弱、喜、忌、透、藏或柱位直接翻译成性格好坏、沟通能力高低、心理疾病或关系结果。,中,待验证,,provisional=true; state_rule=166,0.3
M3-EXPR-167,偏弱且无助｜仅背景保留,L5 状态修正,EXPR-状态修正,通用,修正,表达信号偏弱无助,,信号弱、无根、远位，缺少日支、流向或第二证据支持。,基础十神映射未定；真合化已替代原信号但未完成路由；仅由同一source_id重复。,不限定；由共享基础引擎与M3-STATE修正,不限定；M3-EXPR不以夫妻星为唯一主轴,由M3-BASE、日支结构及共享引擎提供,无／待表达路径规则组合,全局有效信号；日柱及亲密关系近位优先,由共享基础引擎判定,由共享基础引擎判定,喜忌不直接等于会不会表达；只修正调用顺畅度与强度,原十神性质有效；真合化成立时按化神路由,由共享基础引擎判定,92,主通道-12；仅日志,confidence,不能作为主通道，只能进入依据日志或低置信候选。,目前不足以把这项表达方式写成你的稳定习惯。,不得把旺、弱、喜、忌、透、藏或柱位直接翻译成性格好坏、沟通能力高低、心理疾病或关系结果。,中低,待验证,,provisional=true; state_rule=167,0.3
M3-EXPR-168,为喜且平衡｜调用较顺畅,L5 状态修正,EXPR-状态修正,通用,修正,表达信号为喜且平衡,,喜忌已可靠判定，信号为喜且力量不过度。,基础十神映射未定；真合化已替代原信号但未完成路由；仅由同一source_id重复。,不限定；由共享基础引擎与M3-STATE修正,不限定；M3-EXPR不以夫妻星为唯一主轴,由M3-BASE、日支结构及共享引擎提供,无／待表达路径规则组合,全局有效信号；日柱及亲密关系近位优先,由共享基础引擎判定,由共享基础引擎判定,喜忌不直接等于会不会表达；只修正调用顺畅度与强度,原十神性质有效；真合化成立时按化神路由,由共享基础引擎判定,72,顺畅度+6,communication_style,喜忌修正调用体验和协调度，不改变通道核心含义。,这套表达方式更容易以自然、可协调、对方较容易接收的形式出现。,不得把旺、弱、喜、忌、透、藏或柱位直接翻译成性格好坏、沟通能力高低、心理疾病或关系结果。,中,待验证,,provisional=true; state_rule=168,0.3
M3-EXPR-169,为忌且过旺｜强度提高不自动负面,L5 状态修正,EXPR-状态修正,通用,修正,表达信号为忌且过旺,,喜忌与旺衰可靠，信号为忌且明显过旺。,基础十神映射未定；真合化已替代原信号但未完成路由；仅由同一source_id重复。,不限定；由共享基础引擎与M3-STATE修正,不限定；M3-EXPR不以夫妻星为唯一主轴,由M3-BASE、日支结构及共享引擎提供,无／待表达路径规则组合,全局有效信号；日柱及亲密关系近位优先,由共享基础引擎判定,由共享基础引擎判定,喜忌不直接等于会不会表达；只修正调用顺畅度与强度,原十神性质有效；真合化成立时按化神路由,由共享基础引擎判定,80,强度+6；STATE候选+6,stress_shift,在M3中只提高抢先调用、强度和状态依赖；是否形成问题交M4。,这套表达方式可能更快、更强地出现，但它是否带来关系压力，需要另行判断。,不得把旺、弱、喜、忌、透、藏或柱位直接翻译成性格好坏、沟通能力高低、心理疾病或关系结果。,中,待验证,,provisional=true; state_rule=169,0.3
M3-EXPR-170,有制有化｜表达经过调节与转译,L5 状态修正,EXPR-状态修正,通用,修正,表达信号有有效制化,,制化关系由共享引擎确认，参与双方均有效且不构成真合化替换。,基础十神映射未定；真合化已替代原信号但未完成路由；仅由同一source_id重复。,不限定；由共享基础引擎与M3-STATE修正,不限定；M3-EXPR不以夫妻星为唯一主轴,由M3-BASE、日支结构及共享引擎提供,无／待表达路径规则组合,全局有效信号；日柱及亲密关系近位优先,由共享基础引擎判定,由共享基础引擎判定,喜忌不直接等于会不会表达；只修正调用顺畅度与强度,原十神性质有效；真合化成立时按化神路由,由共享基础引擎判定,86,调节度+7；桥接候选+6,expression_path,原通道不再单独直出，而是经过另一系统过滤、整理或落地。,你的表达往往不是单一路径，而会先经过整理、协商、行动或规则化后再显现。,不得把旺、弱、喜、忌、透、藏或柱位直接翻译成性格好坏、沟通能力高低、心理疾病或关系结果。,中高,待验证,,provisional=true; state_rule=170,0.3
M3-EXPR-171,无制且过强｜第一通道占位较高,L5 状态修正,EXPR-状态修正,通用,修正,表达信号无制且过强,,信号过强且缺少有效调节；基础性质明确。,基础十神映射未定；真合化已替代原信号但未完成路由；仅由同一source_id重复。,不限定；由共享基础引擎与M3-STATE修正,不限定；M3-EXPR不以夫妻星为唯一主轴,由M3-BASE、日支结构及共享引擎提供,无／待表达路径规则组合,全局有效信号；日柱及亲密关系近位优先,由共享基础引擎判定,由共享基础引擎判定,喜忌不直接等于会不会表达；只修正调用顺畅度与强度,原十神性质有效；真合化成立时按化神路由,由共享基础引擎判定,82,主通道优先级+7；STATE候选,stress_shift,只说明该通道更可能成为第一反应，不直接推断伤害或沟通失败。,遇到重要议题时，你可能更快回到这套最熟悉的表达方式。,不得把旺、弱、喜、忌、透、藏或柱位直接翻译成性格好坏、沟通能力高低、心理疾病或关系结果。,中,待验证,,provisional=true; state_rule=171,0.3
M3-EXPR-172,合而不化｜保留原通道并增加联动,L5 状态修正,EXPR-状态修正,通用,修正,表达信号参与有效合但不化,,合而不化或合绊成立；原十神性质仍保留。,基础十神映射未定；真合化已替代原信号但未完成路由；仅由同一source_id重复。,不限定；由共享基础引擎与M3-STATE修正,不限定；M3-EXPR不以夫妻星为唯一主轴,由M3-BASE、日支结构及共享引擎提供,无／待表达路径规则组合,全局有效信号；日柱及亲密关系近位优先,由共享基础引擎判定,由共享基础引擎判定,喜忌不直接等于会不会表达；只修正调用顺畅度与强度,原十神性质有效；真合化成立时按化神路由,由共享基础引擎判定,84,原通道保留；联动+5,expression_path,原通道继续有效，同时增加与另一通道协调、等待或联动的倾向。,你的原有表达方式仍在，但有时需要先协调对方、环境或另一项考虑，才会完整表现。,不得把旺、弱、喜、忌、透、藏或柱位直接翻译成性格好坏、沟通能力高低、心理疾病或关系结果。,中,待验证,,provisional=true; state_rule=172,0.3
M3-EXPR-173,真合化｜停止原通道并路由化神,L5 状态修正,EXPR-状态修正,通用,停止,表达信号真合化,,共享引擎确认真合化成立，原十神功能被有效替换。,基础十神映射未定；真合化已替代原信号但未完成路由；仅由同一source_id重复。,不限定；由共享基础引擎与M3-STATE修正,不限定；M3-EXPR不以夫妻星为唯一主轴,由M3-BASE、日支结构及共享引擎提供,无／待表达路径规则组合,全局有效信号；日柱及亲密关系近位优先,由共享基础引擎判定,由共享基础引擎判定,喜忌不直接等于会不会表达；只修正调用顺畅度与强度,原十神性质有效；真合化成立时按化神路由,由共享基础引擎判定,99,原通道清零；路由化神,primary_expression_channel,原信号基础分清零，按化神五行映射新的功能系统；不能两边同时满分。,原来的表达标签暂不直接使用，需要按转化后的功能方向重新判断。,不得把旺、弱、喜、忌、透、藏或柱位直接翻译成性格好坏、沟通能力高低、心理疾病或关系结果。,停止,待验证,,provisional=true; state_rule=173,0.3
M3-EXPR-174,合化争议｜停止强表达结论,L5 状态修正,EXPR-状态修正,通用,停止,表达信号合化状态有争议,,合化是否成立会改变主要表达通道，但当前证据不足。,基础十神映射未定；真合化已替代原信号但未完成路由；仅由同一source_id重复。,不限定；由共享基础引擎与M3-STATE修正,不限定；M3-EXPR不以夫妻星为唯一主轴,由M3-BASE、日支结构及共享引擎提供,无／待表达路径规则组合,全局有效信号；日柱及亲密关系近位优先,由共享基础引擎判定,由共享基础引擎判定,喜忌不直接等于会不会表达；只修正调用顺畅度与强度,原十神性质有效；真合化成立时按化神路由,由共享基础引擎判定,99,主通道停止；confidence低,confidence,停止主通道和路径强结论，只保留有限系统层候选。,当前结构会直接影响表达方式的判断，因此暂不把你固定为某一种表达类型。,不得把旺、弱、喜、忌、透、藏或柱位直接翻译成性格好坏、沟通能力高低、心理疾病或关系结果。,停止,待验证,,provisional=true; state_rule=174,0.3
M3-EXPR-175,印生比劫｜理解转为自我立场,L5 状态修正,EXPR-状态修正,通用,路径修正,印→比劫有效,,印星与比劫均有效，生助流向成立，且不是同一事实重复。,基础十神映射未定；真合化已替代原信号但未完成路由；仅由同一source_id重复。,不限定；由共享基础引擎与M3-STATE修正,不限定；M3-EXPR不以夫妻星为唯一主轴,由M3-BASE、日支结构及共享引擎提供,无／待表达路径规则组合,全局有效信号；日柱及亲密关系近位优先,由共享基础引擎判定,由共享基础引擎判定,喜忌不直接等于会不会表达；只修正调用顺畅度与强度,原十神性质有效；真合化成立时按化神路由,由共享基础引擎判定,78,XP03/XP04候选+6,expression_path,用户先获得内部理解和安全，再形成自己的立场、条件与选择。,你往往先弄清自己真正怎么想，再把它转成更清楚的立场和条件。,不得把旺、弱、喜、忌、透、藏或柱位直接翻译成性格好坏、沟通能力高低、心理疾病或关系结果。,中,待验证,,provisional=true; state_rule=175,0.3
M3-EXPR-176,比劫生食伤｜立场转为语言表达,L5 状态修正,EXPR-状态修正,通用,路径修正,比劫→食伤有效,,比劫与食伤两端有效，路径成立，来源独立。,基础十神映射未定；真合化已替代原信号但未完成路由；仅由同一source_id重复。,不限定；由共享基础引擎与M3-STATE修正,不限定；M3-EXPR不以夫妻星为唯一主轴,由M3-BASE、日支结构及共享引擎提供,无／待表达路径规则组合,全局有效信号；日柱及亲密关系近位优先,由共享基础引擎判定,由共享基础引擎判定,喜忌不直接等于会不会表达；只修正调用顺畅度与强度,原十神性质有效；真合化成立时按化神路由,由共享基础引擎判定,82,XP04/XP01候选+7,expression_path,用户先形成自我位置，再通过语言、分享或说明外化。,你较容易先确认自己的立场，再把原因、感受和可协商部分说出来。,不得把旺、弱、喜、忌、透、藏或柱位直接翻译成性格好坏、沟通能力高低、心理疾病或关系结果。,中高,待验证,,provisional=true; state_rule=176,0.3
M3-EXPR-177,食伤生财｜表达转为实际行动,L5 状态修正,EXPR-状态修正,通用,路径修正,食伤→财有效,,食伤与财星有效，存在实际生助和近位连接。,基础十神映射未定；真合化已替代原信号但未完成路由；仅由同一source_id重复。,不限定；由共享基础引擎与M3-STATE修正,不限定；M3-EXPR不以夫妻星为唯一主轴,由M3-BASE、日支结构及共享引擎提供,无／待表达路径规则组合,全局有效信号；日柱及亲密关系近位优先,由共享基础引擎判定,由共享基础引擎判定,喜忌不直接等于会不会表达；只修正调用顺畅度与强度,原十神性质有效；真合化成立时按化神路由,由共享基础引擎判定,84,XP07候选+8；行动转译+7,action_translation,语言或情绪表达能进一步转化为安排、时间投入和现实行动。,你不只希望把话说清，也较容易继续用实际安排和行动把表达落地。,不得把旺、弱、喜、忌、透、藏或柱位直接翻译成性格好坏、沟通能力高低、心理疾病或关系结果。,中高,待验证,,provisional=true; state_rule=177,0.3
M3-EXPR-178,财生官杀｜投入转为责任与承诺,L5 状态修正,EXPR-状态修正,通用,路径修正,财→官杀有效,,财星与官杀均有效，生助链成立，非同源重复。,基础十神映射未定；真合化已替代原信号但未完成路由；仅由同一source_id重复。,不限定；由共享基础引擎与M3-STATE修正,不限定；M3-EXPR不以夫妻星为唯一主轴,由M3-BASE、日支结构及共享引擎提供,无／待表达路径规则组合,全局有效信号；日柱及亲密关系近位优先,由共享基础引擎判定,由共享基础引擎判定,喜忌不直接等于会不会表达；只修正调用顺畅度与强度,原十神性质有效；真合化成立时按化神路由,由共享基础引擎判定,78,XP08候选+6,expression_path,现实投入进一步被组织为承诺、分工、规则或承担。,你的实际付出较容易继续变成明确安排、责任和可兑现的承诺。,不得把旺、弱、喜、忌、透、藏或柱位直接翻译成性格好坏、沟通能力高低、心理疾病或关系结果。,中,待验证,,provisional=true; state_rule=178,0.3
M3-EXPR-179,官杀生印｜兑现形成安全与理解,L5 状态修正,EXPR-状态修正,通用,路径修正,官杀→印有效,,官杀与印星均有效，生助链成立。,基础十神映射未定；真合化已替代原信号但未完成路由；仅由同一source_id重复。,不限定；由共享基础引擎与M3-STATE修正,不限定；M3-EXPR不以夫妻星为唯一主轴,由M3-BASE、日支结构及共享引擎提供,无／待表达路径规则组合,全局有效信号；日柱及亲密关系近位优先,由共享基础引擎判定,由共享基础引擎判定,喜忌不直接等于会不会表达；只修正调用顺畅度与强度,原十神性质有效；真合化成立时按化神路由,由共享基础引擎判定,78,XP05/XP03候选+6,expression_path,行动、责任或承诺兑现后，用户才更容易形成安全感并开放情绪表达。,当事情被负责地处理、承诺真正兑现后，你会更容易安心，也更愿意表达更深的感受。,不得把旺、弱、喜、忌、透、藏或柱位直接翻译成性格好坏、沟通能力高低、心理疾病或关系结果。,中,待验证,,provisional=true; state_rule=179,0.3
M3-EXPR-180,制约筛选链总则｜先检验再表达,L5 状态修正,EXPR-状态修正,通用,门控,有效制约关系,,制约双方均有效，力量可承载，且不是一方完全压倒另一方。,基础十神映射未定；真合化已替代原信号但未完成路由；仅由同一source_id重复。,不限定；由共享基础引擎与M3-STATE修正,不限定；M3-EXPR不以夫妻星为唯一主轴,由M3-BASE、日支结构及共享引擎提供,无／待表达路径规则组合,全局有效信号；日柱及亲密关系近位优先,由共享基础引擎判定,由共享基础引擎判定,喜忌不直接等于会不会表达；只修正调用顺畅度与强度,原十神性质有效；真合化成立时按化神路由,由共享基础引擎判定,88,筛选路径候选+6,expression_path,制约在EXPR中解释为一类信息先检验、过滤或结构化另一类信息；若完全压倒则转停止或STATE。,你的表达可能会先经过一道检查：先确认安全、逻辑、边界、事实或责任，再决定怎样说。,不得把旺、弱、喜、忌、透、藏或柱位直接翻译成性格好坏、沟通能力高低、心理疾病或关系结果。,中,待验证,,provisional=true; state_rule=180,0.3
M3-EXPR-181,印制食伤｜先内部筛选再外化,L6 跨模块接口,EXPR-接口门控,通用,路径修正,印制食伤,,印与食伤均有效，制约可承载，食伤未被完全压制。,基础事实未定；只有同一source_id重复；该接口所依赖的上游模块已停止。,不限定；由共享基础引擎与M3-STATE修正,不限定；M3-EXPR不以夫妻星为唯一主轴,由M3-BASE、日支结构及共享引擎提供,无／待表达路径规则组合,全局有效信号；日柱及亲密关系近位优先,由共享基础引擎判定,由共享基础引擎判定,喜忌不直接等于会不会表达；只修正调用顺畅度与强度,原十神性质有效；真合化成立时按化神路由,由共享基础引擎判定,88,XP03候选+7；即时性-3,expression_path,印星对食伤的作用在EXPR中解释为：先确认安全、意义和表达方式，再把感受外化；不是“不会说”。,你通常会先在心里筛选和整理，确认怎样说更合适后，再把真正想表达的内容说出来。,接口只负责路由、去重或停止；不得越权生成其他模块的最终结论。,中高,待验证,,provisional=true; interface_rule=181,0.3
M3-EXPR-182,食伤制官杀｜先说明逻辑再接受框架,L6 跨模块接口,EXPR-接口门控,通用,路径修正,食伤制官杀,,食伤与官杀均有效，制约关系成立且不构成一方彻底失效。,基础事实未定；只有同一source_id重复；该接口所依赖的上游模块已停止。,不限定；由共享基础引擎与M3-STATE修正,不限定；M3-EXPR不以夫妻星为唯一主轴,由M3-BASE、日支结构及共享引擎提供,无／待表达路径规则组合,全局有效信号；日柱及亲密关系近位优先,由共享基础引擎判定,由共享基础引擎判定,喜忌不直接等于会不会表达；只修正调用顺畅度与强度,原十神性质有效；真合化成立时按化神路由,由共享基础引擎判定,88,XP01/XP08桥接+7,communication_style,用户会通过解释、提问和澄清来检验规则、责任或行动安排，再决定怎样配合。,面对责任、规则或重要安排时，你往往需要先把理由和细节说清楚，再确认怎样执行。,接口只负责路由、去重或停止；不得越权生成其他模块的最终结论。,中高,待验证,,provisional=true; interface_rule=182,0.3
M3-EXPR-183,官杀制比劫｜责任框架组织自我表达,L6 跨模块接口,EXPR-接口门控,通用,路径修正,官杀制比劫,,官杀与比劫均有效，制约可承载，比劫未完全失效。,基础事实未定；只有同一source_id重复；该接口所依赖的上游模块已停止。,不限定；由共享基础引擎与M3-STATE修正,不限定；M3-EXPR不以夫妻星为唯一主轴,由M3-BASE、日支结构及共享引擎提供,无／待表达路径规则组合,全局有效信号；日柱及亲密关系近位优先,由共享基础引擎判定,由共享基础引擎判定,喜忌不直接等于会不会表达；只修正调用顺畅度与强度,原十神性质有效；真合化成立时按化神路由,由共享基础引擎判定,84,XP08候选+6,communication_style,责任、现实任务或关系规则会先组织用户的立场表达，使其更偏向可执行和有边界的陈述。,你表达个人立场时，常会同时考虑责任、后果和双方怎样把事情继续推进。,接口只负责路由、去重或停止；不得越权生成其他模块的最终结论。,中,待验证,,provisional=true; interface_rule=183,0.3
M3-EXPR-184,比劫制财｜先确认边界再给出行动,L6 跨模块接口,EXPR-接口门控,通用,路径修正,比劫制财,,比劫与财星均有效，制约可承载，财星未被完全压倒。,基础事实未定；只有同一source_id重复；该接口所依赖的上游模块已停止。,不限定；由共享基础引擎与M3-STATE修正,不限定；M3-EXPR不以夫妻星为唯一主轴,由M3-BASE、日支结构及共享引擎提供,无／待表达路径规则组合,全局有效信号；日柱及亲密关系近位优先,由共享基础引擎判定,由共享基础引擎判定,喜忌不直接等于会不会表达；只修正调用顺畅度与强度,原十神性质有效；真合化成立时按化神路由,由共享基础引擎判定,84,XP04→XP07候选+6,expression_path,用户在投入、安排或答应事情前，先确认自主、分工和资源边界。,你在用行动或安排表达之前，通常会先确认这件事是否尊重双方边界、分工是否合理。,接口只负责路由、去重或停止；不得越权生成其他模块的最终结论。,中,待验证,,provisional=true; interface_rule=184,0.3
M3-EXPR-185,财制印｜先看事实再形成情绪确认,L6 跨模块接口,EXPR-接口门控,通用,路径修正,财制印,,财星与印星均有效，制约可承载，印星未完全失效。,基础事实未定；只有同一source_id重复；该接口所依赖的上游模块已停止。,不限定；由共享基础引擎与M3-STATE修正,不限定；M3-EXPR不以夫妻星为唯一主轴,由M3-BASE、日支结构及共享引擎提供,无／待表达路径规则组合,全局有效信号；日柱及亲密关系近位优先,由共享基础引擎判定,由共享基础引擎判定,喜忌不直接等于会不会表达；只修正调用顺畅度与强度,原十神性质有效；真合化成立时按化神路由,由共享基础引擎判定,84,XP06/XP05候选+6,response_style,用户更容易通过具体行为、稳定事实和现实安排确认自己是否被理解，而非只凭安慰。,对你来说，实际行动和持续事实常常比单纯安慰更能让你安心，也更容易打开后续表达。,接口只负责路由、去重或停止；不得越权生成其他模块的最终结论。,中,待验证,,provisional=true; interface_rule=185,0.3
M3-EXPR-186,BASE同源接口｜日支底盘只算一次,L6 跨模块接口,EXPR-接口门控,通用,去重,M3-BASE与M3-EXPR共享日支事实,,EXPR读取的主通道来自同一日支主气或同一日柱事实。,基础事实未定；只有同一source_id重复；该接口所依赖的上游模块已停止。,不限定；由共享基础引擎与M3-STATE修正,不限定；M3-EXPR不以夫妻星为唯一主轴,由M3-BASE、日支结构及共享引擎提供,无／待表达路径规则组合,全局有效信号；日柱及亲密关系近位优先,由共享基础引擎判定,由共享基础引擎判定,喜忌不直接等于会不会表达；只修正调用顺畅度与强度,原十神性质有效；真合化成立时按化神路由,由共享基础引擎判定,99,基础分只算一次；保留两个字段解释,dedup_log,BASE负责关系运行底盘，EXPR负责表达细节；可保留两种解释，但基础证据只计一次。,同一个日支信号会同时说明关系底盘和表达方式，但不会被重复算成两份独立证据。,接口只负责路由、去重或停止；不得越权生成其他模块的最终结论。,高,待验证,,provisional=true; interface_rule=186,0.3
M3-EXPR-187,BASE独立复核｜全局表达信号可确认或否决候选,L6 跨模块接口,EXPR-接口门控,通用,接口,M3-BASE候选＋独立EXPR证据,,BASE已给出表达候选；EXPR另有透干、根气、流向或不同位置的独立支持／反证。,基础事实未定；只有同一source_id重复；该接口所依赖的上游模块已停止。,不限定；由共享基础引擎与M3-STATE修正,不限定；M3-EXPR不以夫妻星为唯一主轴,由M3-BASE、日支结构及共享引擎提供,无／待表达路径规则组合,全局有效信号；日柱及亲密关系近位优先,由共享基础引擎判定,由共享基础引擎判定,喜忌不直接等于会不会表达；只修正调用顺畅度与强度,原十神性质有效；真合化成立时按化神路由,由共享基础引擎判定,96,独立支持+8；反证则降级,primary_expression_channel,独立EXPR证据可以确认、降级或否决BASE的过程候选；后续模块对具体字段拥有更高权威。,关系底盘会提供一个初步方向，但最终怎样表达，还要看更直接的表达信号是否支持。,接口只负责路由、去重或停止；不得越权生成其他模块的最终结论。,高,待验证,,provisional=true; interface_rule=187,0.3
M3-EXPR-188,CARE接口｜行动表达路由到投入模块,L6 跨模块接口,EXPR-接口门控,通用,接口,财、官杀或行动转译通道成立,,EXPR已识别行动、安排、承担或共同体验为表达方式。,基础事实未定；只有同一source_id重复；该接口所依赖的上游模块已停止。,不限定；由共享基础引擎与M3-STATE修正,不限定；M3-EXPR不以夫妻星为唯一主轴,由M3-BASE、日支结构及共享引擎提供,无／待表达路径规则组合,全局有效信号；日柱及亲密关系近位优先,由共享基础引擎判定,由共享基础引擎判定,喜忌不直接等于会不会表达；只修正调用顺畅度与强度,原十神性质有效；真合化成立时按化神路由,由共享基础引擎判定,92,route_to_CARE,care_investment（候选）,将行动表达作为M3-CARE输入候选，但不在EXPR中判断持续频率、资源分配或付出交换。,你可能会用行动表达在意；后续还要继续看这种投入怎样持续、怎样分配和怎样被接收。,接口只负责路由、去重或停止；不得越权生成其他模块的最终结论。,高,待验证,,provisional=true; interface_rule=188,0.3
M3-EXPR-189,BOUND接口｜需求表达路由到边界模块,L6 跨模块接口,EXPR-接口门控,通用,接口,need_expression或position_expression成立,,用户能说明需求、条件、立场或希望协商的范围。,基础事实未定；只有同一source_id重复；该接口所依赖的上游模块已停止。,不限定；由共享基础引擎与M3-STATE修正,不限定；M3-EXPR不以夫妻星为唯一主轴,由M3-BASE、日支结构及共享引擎提供,无／待表达路径规则组合,全局有效信号；日柱及亲密关系近位优先,由共享基础引擎判定,由共享基础引擎判定,喜忌不直接等于会不会表达；只修正调用顺畅度与强度,原十神性质有效；真合化成立时按化神路由,由共享基础引擎判定,92,route_to_BOUND,closeness_boundary（候选）,将表达内容路由到M3-BOUND复核执行、距离和拒绝；EXPR不把“说得出”当“守得住”。,你能否把条件说出来，会作为边界分析的输入；真正怎样执行仍需继续判断。,接口只负责路由、去重或停止；不得越权生成其他模块的最终结论。,高,待验证,,provisional=true; interface_rule=189,0.3
M3-EXPR-190,CONFLICT接口｜平稳沟通仅作分歧候选,L6 跨模块接口,EXPR-接口门控,通用,接口,communication_style或expression_path成立,,已得到平稳或一般情境的沟通方式。,基础事实未定；只有同一source_id重复；该接口所依赖的上游模块已停止。,不限定；由共享基础引擎与M3-STATE修正,不限定；M3-EXPR不以夫妻星为唯一主轴,由M3-BASE、日支结构及共享引擎提供,无／待表达路径规则组合,全局有效信号；日柱及亲密关系近位优先,由共享基础引擎判定,由共享基础引擎判定,喜忌不直接等于会不会表达；只修正调用顺畅度与强度,原十神性质有效；真合化成立时按化神路由,由共享基础引擎判定,92,route_to_CONFLICT,conflict_response（候选）,将主通道作为M3-CONFLICT的基线输入；发生分歧时是否同样使用，必须由冲突证据重新裁定。,你平时的沟通方式会成为分歧分析的参考，但不能直接当作你争执时的固定反应。,接口只负责路由、去重或停止；不得越权生成其他模块的最终结论。,高,待验证,,provisional=true; interface_rule=190,0.3
M3-EXPR-191,REPAIR接口｜表达工具不等于修复路径,L6 跨模块接口,EXPR-接口门控,通用,接口,倾听、解释、行动或责任通道成立,,某表达通道可被用于恢复联结。,基础事实未定；只有同一source_id重复；该接口所依赖的上游模块已停止。,不限定；由共享基础引擎与M3-STATE修正,不限定；M3-EXPR不以夫妻星为唯一主轴,由M3-BASE、日支结构及共享引擎提供,无／待表达路径规则组合,全局有效信号；日柱及亲密关系近位优先,由共享基础引擎判定,由共享基础引擎判定,喜忌不直接等于会不会表达；只修正调用顺畅度与强度,原十神性质有效；真合化成立时按化神路由,由共享基础引擎判定,92,route_to_REPAIR,repair_path（候选）,将可用表达工具路由到M3-REPAIR，但修复启动、顺序和有效性必须有独立证据。,倾听、解释、行动或承诺可能成为你的修复工具，但能否真正恢复关系需要继续分析。,接口只负责路由、去重或停止；不得越权生成其他模块的最终结论。,高,待验证,,provisional=true; interface_rule=191,0.3
M3-EXPR-192,STATE接口｜压力与恢复状态必须复核,L6 跨模块接口,EXPR-接口门控,通用,接口,过旺、受制、宫位动态或多通道切换候选成立,,存在表达通道抢先、关闭、延迟或状态切换迹象。,基础事实未定；只有同一source_id重复；该接口所依赖的上游模块已停止。,不限定；由共享基础引擎与M3-STATE修正,不限定；M3-EXPR不以夫妻星为唯一主轴,由M3-BASE、日支结构及共享引擎提供,无／待表达路径规则组合,全局有效信号；日柱及亲密关系近位优先,由共享基础引擎判定,由共享基础引擎判定,喜忌不直接等于会不会表达；只修正调用顺畅度与强度,原十神性质有效；真合化成立时按化神路由,由共享基础引擎判定,94,route_to_STATE,stress_shift（候选）,EXPR只记录state_candidate，不改写基线；M3-STATE决定平稳、压力和恢复状态的最终通道。,你的平时表达和压力下表达可能不同；当前只记录这个可能性，后续再判断具体怎样切换。,接口只负责路由、去重或停止；不得越权生成其他模块的最终结论。,高,待验证,,provisional=true; interface_rule=192,0.3
M3-EXPR-193,M2接口｜关系资格证据不抬高表达置信,L6 跨模块接口,EXPR-接口门控,通用,跨模型去重,M2-CORE或GATE与EXPR同维度,,同一夫妻星、日支或行为主题同时出现在M2和M3。,基础事实未定；只有同一source_id重复；该接口所依赖的上游模块已停止。,不限定；由共享基础引擎与M3-STATE修正,不限定；M3-EXPR不以夫妻星为唯一主轴,由M3-BASE、日支结构及共享引擎提供,无／待表达路径规则组合,全局有效信号；日柱及亲密关系近位优先,由共享基础引擎判定,由共享基础引擎判定,喜忌不直接等于会不会表达；只修正调用顺畅度与强度,原十神性质有效；真合化成立时按化神路由,由共享基础引擎判定,98,跨模型不加分；仅连续性,cross_model_ref,M2可提供选择—相处连续性说明，但不能给M3表达通道增加独立证据数。,你选择关系时看重的表现可能延续为相处表达，但这不会被重复计算成更高置信度。,接口只负责路由、去重或停止；不得越权生成其他模块的最终结论。,高,待验证,,provisional=true; interface_rule=193,0.3
M3-EXPR-194,source_id强制去重｜同一来源只计一次,L6 跨模块接口,EXPR-接口门控,通用,去重,同一source_id进入多个EXPR规则,,多个规则读取同一透干、藏干、日支、根或合化事实。,基础事实未定；只有同一source_id重复；该接口所依赖的上游模块已停止。,不限定；由共享基础引擎与M3-STATE修正,不限定；M3-EXPR不以夫妻星为唯一主轴,由M3-BASE、日支结构及共享引擎提供,无／待表达路径规则组合,全局有效信号；日柱及亲密关系近位优先,由共享基础引擎判定,由共享基础引擎判定,喜忌不直接等于会不会表达；只修正调用顺畅度与强度,原十神性质有效；真合化成立时按化神路由,由共享基础引擎判定,100,基础分封顶,dedup_log,基础分只计一次；不同字段可引用同一证据，但独立证据数不增加。,同一项命理依据会支持多个说明，但不会被重复当成多条验证。,接口只负责路由、去重或停止；不得越权生成其他模块的最终结论。,高,待验证,,provisional=true; interface_rule=194,0.3
M3-EXPR-195,日支＋同根透干｜证据簇封顶,L6 跨模块接口,EXPR-接口门控,通用,去重,日支藏干为根且同类十神透干,,透干与根来自同一证据簇。,基础事实未定；只有同一source_id重复；该接口所依赖的上游模块已停止。,不限定；由共享基础引擎与M3-STATE修正,不限定；M3-EXPR不以夫妻星为唯一主轴,由M3-BASE、日支结构及共享引擎提供,无／待表达路径规则组合,全局有效信号；日柱及亲密关系近位优先,由共享基础引擎判定,由共享基础引擎判定,喜忌不直接等于会不会表达；只修正调用顺畅度与强度,原十神性质有效；真合化成立时按化神路由,由共享基础引擎判定,98,基础一次；外显+8,dedup_log,日支提供关系内核心，透干只增加可见度和可调用性，不再增加一份完整基础权重。,这套方式既有内在基础，也比较容易显现；但仍属于同一表达通道。,接口只负责路由、去重或停止；不得越权生成其他模块的最终结论。,高,待验证,,provisional=true; interface_rule=195,0.3
M3-EXPR-196,同系统收敛｜正偏风格合并,L6 跨模块接口,EXPR-接口门控,通用,去重,同一五系统内两个十神同时有效,,两项信号主要承担同一表达功能，缺乏跨系统独立分工。,基础事实未定；只有同一source_id重复；该接口所依赖的上游模块已停止。,不限定；由共享基础引擎与M3-STATE修正,不限定；M3-EXPR不以夫妻星为唯一主轴,由M3-BASE、日支结构及共享引擎提供,无／待表达路径规则组合,全局有效信号；日柱及亲密关系近位优先,由共享基础引擎判定,由共享基础引擎判定,喜忌不直接等于会不会表达；只修正调用顺畅度与强度,原十神性质有效；真合化成立时按化神路由,由共享基础引擎判定,96,系统封顶,primary_expression_channel,先合并为系统主通道，再按正偏、位置、强弱写风格，不生成两套主模式。,你的核心表达方向一致，只是具体说法、节奏或外显程度可能有两种风格。,接口只负责路由、去重或停止；不得越权生成其他模块的最终结论。,高,待验证,,provisional=true; interface_rule=196,0.3
M3-EXPR-197,跨系统次通道｜独立性门槛,L6 跨模块接口,EXPR-接口门控,通用,门控,第二表达系统候选,,第二系统来源独立、承担不同字段、达到最低分，并非同义重复。,基础事实未定；只有同一source_id重复；该接口所依赖的上游模块已停止。,不限定；由共享基础引擎与M3-STATE修正,不限定；M3-EXPR不以夫妻星为唯一主轴,由M3-BASE、日支结构及共享引擎提供,无／待表达路径规则组合,全局有效信号；日柱及亲密关系近位优先,由共享基础引擎判定,由共享基础引擎判定,喜忌不直接等于会不会表达；只修正调用顺畅度与强度,原十神性质有效；真合化成立时按化神路由,由共享基础引擎判定,95,次通道门槛,secondary_expression_channel,满足才进入secondary_expression_channel；否则仅写为主通道修饰。,只有当第二种方式真正承担不同任务时，才会把它作为独立的补充通道。,接口只负责路由、去重或停止；不得越权生成其他模块的最终结论。,高,待验证,,provisional=true; interface_rule=197,0.3
M3-EXPR-198,主通道证据门槛｜至少两类支持,L6 跨模块接口,EXPR-接口门控,通用,门控,主表达通道候选,,暂定要求：总分达到32；至少两类独立来源，或一项高权威日支／近位证据加一项状态验证；领先第二名至少8分。,基础事实未定；只有同一source_id重复；该接口所依赖的上游模块已停止。,不限定；由共享基础引擎与M3-STATE修正,不限定；M3-EXPR不以夫妻星为唯一主轴,由M3-BASE、日支结构及共享引擎提供,无／待表达路径规则组合,全局有效信号；日柱及亲密关系近位优先,由共享基础引擎判定,由共享基础引擎判定,喜忌不直接等于会不会表达；只修正调用顺畅度与强度,原十神性质有效；真合化成立时按化神路由,由共享基础引擎判定,99,主通道阈值,primary_expression_channel,防止单一弱信号直接锁定主通道。阈值为工程参数，必须案例校准。,只有当一套表达方式获得足够、相互独立的支持时，才会写成你的主要通道。,接口只负责路由、去重或停止；不得越权生成其他模块的最终结论。,高,待验证,,provisional=true; interface_rule=198,0.3
M3-EXPR-199,次通道证据门槛｜功能不同且达到阈值,L6 跨模块接口,EXPR-接口门控,通用,门控,次表达通道候选,,暂定要求：总分达到22；来源独立；与主通道承担不同功能；不是同系统重复。,基础事实未定；只有同一source_id重复；该接口所依赖的上游模块已停止。,不限定；由共享基础引擎与M3-STATE修正,不限定；M3-EXPR不以夫妻星为唯一主轴,由M3-BASE、日支结构及共享引擎提供,无／待表达路径规则组合,全局有效信号；日柱及亲密关系近位优先,由共享基础引擎判定,由共享基础引擎判定,喜忌不直接等于会不会表达；只修正调用顺畅度与强度,原十神性质有效；真合化成立时按化神路由,由共享基础引擎判定,98,次通道阈值,secondary_expression_channel,第二通道只在确有不同作用时保留。,补充通道必须有自己的证据和作用，不能只是为了让画像看起来更丰富。,接口只负责路由、去重或停止；不得越权生成其他模块的最终结论。,高,待验证,,provisional=true; interface_rule=199,0.3
M3-EXPR-200,食伤弱不等于沟通停止｜转查其他通道,L6 跨模块接口,EXPR-接口门控,通用,门控,食伤弱或不现,,食伤未形成主通道，但财、官杀、印、比劫中至少一类有效。,基础事实未定；只有同一source_id重复；该接口所依赖的上游模块已停止。,不限定；由共享基础引擎与M3-STATE修正,不限定；M3-EXPR不以夫妻星为唯一主轴,由M3-BASE、日支结构及共享引擎提供,无／待表达路径规则组合,全局有效信号；日柱及亲密关系近位优先,由共享基础引擎判定,由共享基础引擎判定,喜忌不直接等于会不会表达；只修正调用顺畅度与强度,原十神性质有效；真合化成立时按化神路由,由共享基础引擎判定,97,语言降级；其他通道路由,communication_style,转向行动表达、责任表态、倾听承接或平等陈述，不输出“不会表达”。,你可能不是主要靠长篇语言表达，而会通过行动、承担、倾听或清楚立场让对方理解。,接口只负责路由、去重或停止；不得越权生成其他模块的最终结论。,高,待验证,,provisional=true; interface_rule=200,0.3
M3-EXPR-201,禁止风险与人格标签｜M3-EXPR中性输出,L6 跨模块接口,EXPR-接口门控,通用,边界,任何表达结论,,生成用户正文前执行边界审查。,基础事实未定；只有同一source_id重复；该接口所依赖的上游模块已停止。,不限定；由共享基础引擎与M3-STATE修正,不限定；M3-EXPR不以夫妻星为唯一主轴,由M3-BASE、日支结构及共享引擎提供,无／待表达路径规则组合,全局有效信号；日柱及亲密关系近位优先,由共享基础引擎判定,由共享基础引擎判定,喜忌不直接等于会不会表达；只修正调用顺畅度与强度,原十神性质有效；真合化成立时按化神路由,由共享基础引擎判定,100,强制边界,boundary_note,拦截“冷漠、恋爱脑、控制、嘴毒、回避、依赖、情商低”等标签，改写为通道与时序。,报告只描述你更常怎样表达、何时表达以及通过什么让对方理解，不把这些方式直接变成负面性格标签。,接口只负责路由、去重或停止；不得越权生成其他模块的最终结论。,高,待验证,,provisional=true; interface_rule=201,0.3
M3-EXPR-202,真合化未完成路由｜停止相关通道,L6 跨模块接口,EXPR-接口门控,通用,停止,关键表达信号真合化,,真合化成立但化神系统、阴阳或承载尚未可靠确定。,基础事实未定；只有同一source_id重复；该接口所依赖的上游模块已停止。,不限定；由共享基础引擎与M3-STATE修正,不限定；M3-EXPR不以夫妻星为唯一主轴,由M3-BASE、日支结构及共享引擎提供,无／待表达路径规则组合,全局有效信号；日柱及亲密关系近位优先,由共享基础引擎判定,由共享基础引擎判定,喜忌不直接等于会不会表达；只修正调用顺畅度与强度,原十神性质有效；真合化成立时按化神路由,由共享基础引擎判定,100,相关字段停止,report_status,原通道清零；相关主通道、路径和维度停止，等待共享引擎完成路由。,当前转化会改变表达方向，因此暂不保留原来的表达结论。,接口只负责路由、去重或停止；不得越权生成其他模块的最终结论。,停止,待验证,,provisional=true; interface_rule=202,0.3
M3-EXPR-203,基础输入不足｜停止M3-EXPR核心,L6 跨模块接口,EXPR-接口门控,通用,停止,十神／日支／状态关键输入缺失,,基础十神映射、日支主气或关键合化状态缺失，且无法用独立全局证据有限回退。,基础事实未定；只有同一source_id重复；该接口所依赖的上游模块已停止。,不限定；由共享基础引擎与M3-STATE修正,不限定；M3-EXPR不以夫妻星为唯一主轴,由M3-BASE、日支结构及共享引擎提供,无／待表达路径规则组合,全局有效信号；日柱及亲密关系近位优先,由共享基础引擎判定,由共享基础引擎判定,喜忌不直接等于会不会表达；只修正调用顺畅度与强度,原十神性质有效；真合化成立时按化神路由,由共享基础引擎判定,100,M3-EXPR核心停止,report_status,停止主通道、路径和高置信行为结论；只允许输出“证据不足”。,目前基础信息不足，不宜把你的表达方式固定为某一种类型。,接口只负责路由、去重或停止；不得越权生成其他模块的最终结论。,停止,待验证,,provisional=true; interface_rule=203,0.3
M3-EXPR-204,多通道竞争未决｜停止单一画像,L6 跨模块接口,EXPR-接口门控,通用,停止,三个以上通道得分接近且无稳定分工,,通道来源独立但主次、时序或状态分工未确定。,基础事实未定；只有同一source_id重复；该接口所依赖的上游模块已停止。,不限定；由共享基础引擎与M3-STATE修正,不限定；M3-EXPR不以夫妻星为唯一主轴,由M3-BASE、日支结构及共享引擎提供,无／待表达路径规则组合,全局有效信号；日柱及亲密关系近位优先,由共享基础引擎判定,由共享基础引擎判定,喜忌不直接等于会不会表达；只修正调用顺畅度与强度,原十神性质有效；真合化成立时按化神路由,由共享基础引擎判定,99,主通道停止或转XP12,confidence,改写为情境化候选，降低置信，等待M3-STATE或案例反馈。,你可能会根据话题和关系状态使用不同方式；目前不宜把其中任何一种写成固定主模式。,接口只负责路由、去重或停止；不得越权生成其他模块的最终结论。,停止,待验证,,provisional=true; interface_rule=204,0.3
M3-EXPR-205,基础来源暂定权重｜日支主气,L7 总合成与边界审查,EXPR-合成输出,通用,评分,日支主气有效表达信号,,日支主气十神可靠，原性质有效，未被真合化替代。,上游关键字段已停止且本规则不属于停止模板；source_id去重尚未完成。,不限定；由共享基础引擎与M3-STATE修正,不限定；M3-EXPR不以夫妻星为唯一主轴,由M3-BASE、日支结构及共享引擎提供,无／待表达路径规则组合,全局有效信号；日柱及亲密关系近位优先,由共享基础引擎判定,由共享基础引擎判定,喜忌不直接等于会不会表达；只修正调用顺畅度与强度,原十神性质有效；真合化成立时按化神路由,由共享基础引擎判定,92,基础+24；同源封顶,scoring_log,日支主气作为亲密关系表达底盘的高权威来源，暂定基础权重24；与BASE同源时只记一次。,日支核心会为主要表达方向提供强支持，但仍要看其他表达证据是否复核。,评分和阈值属于知识工程参数，不得解释为统计概率、科学测量、命理准确率或现实关系成功率。,中高,待验证,,provisional=true; synth_rule=205,0.3
M3-EXPR-206,基础来源暂定权重｜中气余气与近位透干,L7 总合成与边界审查,EXPR-合成输出,通用,评分,次级与外显来源,,日支中气／余气或近位透干有根信号有效。,上游关键字段已停止且本规则不属于停止模板；source_id去重尚未完成。,不限定；由共享基础引擎与M3-STATE修正,不限定；M3-EXPR不以夫妻星为唯一主轴,由M3-BASE、日支结构及共享引擎提供,无／待表达路径规则组合,全局有效信号；日柱及亲密关系近位优先,由共享基础引擎判定,由共享基础引擎判定,喜忌不直接等于会不会表达；只修正调用顺畅度与强度,原十神性质有效；真合化成立时按化神路由,由共享基础引擎判定,90,按来源加权,scoring_log,暂定：日支中气+14、余气+6、近位透干有根+20、近位藏支有根+12；具体参数待案例校准。,次级藏干和近位外显信号会补充主通道，但不会平铺成同等重要的多种表达方式。,评分和阈值属于知识工程参数，不得解释为统计概率、科学测量、命理准确率或现实关系成功率。,中,待验证,,provisional=true; synth_rule=206,0.3
M3-EXPR-207,有效表达路径暂定权重｜独立桥接,L7 总合成与边界审查,EXPR-合成输出,通用,评分,表达路径成立,,路径起点、转换和终点有效，来源独立。,上游关键字段已停止且本规则不属于停止模板；source_id去重尚未完成。,不限定；由共享基础引擎与M3-STATE修正,不限定；M3-EXPR不以夫妻星为唯一主轴,由M3-BASE、日支结构及共享引擎提供,无／待表达路径规则组合,全局有效信号；日柱及亲密关系近位优先,由共享基础引擎判定,由共享基础引擎判定,喜忌不直接等于会不会表达；只修正调用顺畅度与强度,原十神性质有效；真合化成立时按化神路由,由共享基础引擎判定,88,路径+10；状态封顶+8,scoring_log,有效路径暂定+10；状态修正单项封顶+8，防止修正项反客为主。,当一套表达方式能够顺畅转成另一套方式时，模型会提高对这条沟通顺序的信心。,评分和阈值属于知识工程参数，不得解释为统计概率、科学测量、命理准确率或现实关系成功率。,中,待验证,,provisional=true; synth_rule=207,0.3
M3-EXPR-208,同源与同系统封顶｜规则数量不等于证据数量,L7 总合成与边界审查,EXPR-合成输出,通用,评分门控,重复规则命中,,多个原子规则来自同一source_id或同一功能系统。,上游关键字段已停止且本规则不属于停止模板；source_id去重尚未完成。,不限定；由共享基础引擎与M3-STATE修正,不限定；M3-EXPR不以夫妻星为唯一主轴,由M3-BASE、日支结构及共享引擎提供,无／待表达路径规则组合,全局有效信号；日柱及亲密关系近位优先,由共享基础引擎判定,由共享基础引擎判定,喜忌不直接等于会不会表达；只修正调用顺畅度与强度,原十神性质有效；真合化成立时按化神路由,由共享基础引擎判定,100,去重后计分,dedup_log,总分先按source_id去重，再按系统封顶；用户文案可保留多字段解释，但不重复提高置信。,命中很多规则不代表证据很多；模型会先去掉重复来源，再判断主次。,评分和阈值属于知识工程参数，不得解释为统计概率、科学测量、命理准确率或现实关系成功率。,高,待验证,,provisional=true; synth_rule=208,0.3
M3-EXPR-209,主通道领先阈值｜分差不足不强定,L7 总合成与边界审查,EXPR-合成输出,通用,裁决,两个或以上主通道候选,,候选完成去重和状态修正。,上游关键字段已停止且本规则不属于停止模板；source_id去重尚未完成。,不限定；由共享基础引擎与M3-STATE修正,不限定；M3-EXPR不以夫妻星为唯一主轴,由M3-BASE、日支结构及共享引擎提供,无／待表达路径规则组合,全局有效信号；日柱及亲密关系近位优先,由共享基础引擎判定,由共享基础引擎判定,喜忌不直接等于会不会表达；只修正调用顺畅度与强度,原十神性质有效；真合化成立时按化神路由,由共享基础引擎判定,98,领先≥8才定单主,primary_expression_channel,暂定主通道需领先第二名8分；分差不足时转主次、XP11或XP12，不强行选一个。,当两种方式证据接近时，报告会保留双通道或情境化，而不是武断地说你只有一种表达模式。,评分和阈值属于知识工程参数，不得解释为统计概率、科学测量、命理准确率或现实关系成功率。,高,待验证,,provisional=true; synth_rule=209,0.3
M3-EXPR-210,次通道保留阈值｜功能独立且正文有价值,L7 总合成与边界审查,EXPR-合成输出,通用,裁决,第二通道达到候选分,,次通道≥22分、功能独立、来源独立，且能解释主通道无法覆盖的字段。,上游关键字段已停止且本规则不属于停止模板；source_id去重尚未完成。,不限定；由共享基础引擎与M3-STATE修正,不限定；M3-EXPR不以夫妻星为唯一主轴,由M3-BASE、日支结构及共享引擎提供,无／待表达路径规则组合,全局有效信号；日柱及亲密关系近位优先,由共享基础引擎判定,由共享基础引擎判定,喜忌不直接等于会不会表达；只修正调用顺畅度与强度,原十神性质有效；真合化成立时按化神路由,由共享基础引擎判定,96,次通道正文上限1,secondary_expression_channel,满足则保留一个次通道；否则并入风格或依据日志。,只有真正补充了另一项表达任务的方式，才会出现在正文里。,评分和阈值属于知识工程参数，不得解释为统计概率、科学测量、命理准确率或现实关系成功率。,高,待验证,,provisional=true; synth_rule=210,0.3
M3-EXPR-211,高置信度｜多源一致且无关键争议,L7 总合成与边界审查,EXPR-合成输出,通用,置信度,高置信条件,,主通道有至少两类独立证据；日支／近位证据清楚；路径和状态相互一致；无合化争议和强冲突。,上游关键字段已停止且本规则不属于停止模板；source_id去重尚未完成。,不限定；由共享基础引擎与M3-STATE修正,不限定；M3-EXPR不以夫妻星为唯一主轴,由M3-BASE、日支结构及共享引擎提供,无／待表达路径规则组合,全局有效信号；日柱及亲密关系近位优先,由共享基础引擎判定,由共享基础引擎判定,喜忌不直接等于会不会表达；只修正调用顺畅度与强度,原十神性质有效；真合化成立时按化神路由,由共享基础引擎判定,98,confidence=高,confidence,可输出主通道、关键行为和一条主路径；仍保留模型边界。,目前多项依据指向同一表达方向，因此可以把它作为较稳定的关系习惯来说明。,评分和阈值属于知识工程参数，不得解释为统计概率、科学测量、命理准确率或现实关系成功率。,高,待验证,,provisional=true; synth_rule=211,0.3
M3-EXPR-212,中置信度｜核心方向清楚但细节需条件,L7 总合成与边界审查,EXPR-合成输出,通用,置信度,中置信条件,,主通道基本成立，但外显度、时序、次通道或强弱状态有一项未定。,上游关键字段已停止且本规则不属于停止模板；source_id去重尚未完成。,不限定；由共享基础引擎与M3-STATE修正,不限定；M3-EXPR不以夫妻星为唯一主轴,由M3-BASE、日支结构及共享引擎提供,无／待表达路径规则组合,全局有效信号；日柱及亲密关系近位优先,由共享基础引擎判定,由共享基础引擎判定,喜忌不直接等于会不会表达；只修正调用顺畅度与强度,原十神性质有效；真合化成立时按化神路由,由共享基础引擎判定,94,confidence=中,confidence,输出核心方向和条件语，不锁定频率及压力表现。,核心表达方向较清楚，但它何时最明显、是否会切换，仍要结合具体关系情境。,评分和阈值属于知识工程参数，不得解释为统计概率、科学测量、命理准确率或现实关系成功率。,中,待验证,,provisional=true; synth_rule=212,0.3
M3-EXPR-213,低置信度｜单一弱证据或多路竞争,L7 总合成与边界审查,EXPR-合成输出,通用,置信度,低置信条件,,只有一个弱远信号，或多个通道竞争、路径缺桥、状态争议。,上游关键字段已停止且本规则不属于停止模板；source_id去重尚未完成。,不限定；由共享基础引擎与M3-STATE修正,不限定；M3-EXPR不以夫妻星为唯一主轴,由M3-BASE、日支结构及共享引擎提供,无／待表达路径规则组合,全局有效信号；日柱及亲密关系近位优先,由共享基础引擎判定,由共享基础引擎判定,喜忌不直接等于会不会表达；只修正调用顺畅度与强度,原十神性质有效；真合化成立时按化神路由,由共享基础引擎判定,96,confidence=低,confidence,只输出系统层候选和不确定原因，不写固定行为。,目前只能看出你可能更靠近某一类表达方向，尚不足以写成稳定、固定的习惯。,评分和阈值属于知识工程参数，不得解释为统计概率、科学测量、命理准确率或现实关系成功率。,低,待验证,,provisional=true; synth_rule=213,0.3
M3-EXPR-214,停止状态｜关键基础会改变结论,L7 总合成与边界审查,EXPR-合成输出,通用,停止,停止条件,,十神映射、日支主气、真合化或主路径关键节点未定，且无法有限回退。,上游关键字段已停止且本规则不属于停止模板；source_id去重尚未完成。,不限定；由共享基础引擎与M3-STATE修正,不限定；M3-EXPR不以夫妻星为唯一主轴,由M3-BASE、日支结构及共享引擎提供,无／待表达路径规则组合,全局有效信号；日柱及亲密关系近位优先,由共享基础引擎判定,由共享基础引擎判定,喜忌不直接等于会不会表达；只修正调用顺畅度与强度,原十神性质有效；真合化成立时按化神路由,由共享基础引擎判定,100,report_status=stopped,report_status,相关字段输出null或“暂不判断”，记录停止原因和所需补充信息。,当前关键基础信息会直接改变表达结论，因此暂不做确定判断。,评分和阈值属于知识工程参数，不得解释为统计概率、科学测量、命理准确率或现实关系成功率。,停止,待验证,,provisional=true; synth_rule=214,0.3
M3-EXPR-215,最终输出数量限制｜一主一次一主路径,L7 总合成与边界审查,EXPR-合成输出,通用,输出门控,最终用户报告,,完成主次、路径、维度和去重裁决。,上游关键字段已停止且本规则不属于停止模板；source_id去重尚未完成。,不限定；由共享基础引擎与M3-STATE修正,不限定；M3-EXPR不以夫妻星为唯一主轴,由M3-BASE、日支结构及共享引擎提供,无／待表达路径规则组合,全局有效信号；日柱及亲密关系近位优先,由共享基础引擎判定,由共享基础引擎判定,喜忌不直接等于会不会表达；只修正调用顺畅度与强度,原十神性质有效；真合化成立时按化神路由,由共享基础引擎判定,100,正文限额,output_limit,正文最多保留1个主通道、1个次通道、1条主路径、1项时序、2—3个可观察行为。,最终报告会抓住最关键的表达方式和顺序，避免把所有标签堆在一起。,评分和阈值属于知识工程参数，不得解释为统计概率、科学测量、命理准确率或现实关系成功率。,高,待验证,,provisional=true; synth_rule=215,0.3
M3-EXPR-216,用户句合成顺序｜通道—行为—时序—条件,L7 总合成与边界审查,EXPR-合成输出,通用,输出,生成简版用户文案,,至少主通道或有限系统层候选成立。,上游关键字段已停止且本规则不属于停止模板；source_id去重尚未完成。,不限定；由共享基础引擎与M3-STATE修正,不限定；M3-EXPR不以夫妻星为唯一主轴,由M3-BASE、日支结构及共享引擎提供,无／待表达路径规则组合,全局有效信号；日柱及亲密关系近位优先,由共享基础引擎判定,由共享基础引擎判定,喜忌不直接等于会不会表达；只修正调用顺畅度与强度,原十神性质有效；真合化成立时按化神路由,由共享基础引擎判定,95,不加分,report_template,标准顺序：先说主要方式，再写可观察行为，再写情绪／需求时序，最后补充次通道或条件。,报告会先告诉你主要怎样表达，再说明具体表现、什么时候更容易说出来，以及什么是额外补充。,评分和阈值属于知识工程参数，不得解释为统计概率、科学测量、命理准确率或现实关系成功率。,高,待验证,,provisional=true; synth_rule=216,0.3
M3-EXPR-217,单通道标准模板｜直接可用,L7 总合成与边界审查,EXPR-合成输出,通用,输出,单一主通道,,主通道清楚，次通道未达正文阈值。,上游关键字段已停止且本规则不属于停止模板；source_id去重尚未完成。,不限定；由共享基础引擎与M3-STATE修正,不限定；M3-EXPR不以夫妻星为唯一主轴,由M3-BASE、日支结构及共享引擎提供,无／待表达路径规则组合,全局有效信号；日柱及亲密关系近位优先,由共享基础引擎判定,由共享基础引擎判定,喜忌不直接等于会不会表达；只修正调用顺畅度与强度,原十神性质有效；真合化成立时按化神路由,由共享基础引擎判定,92,不加分,report_template,模板：你更习惯通过A表达在意；当B发生时，你通常先C，再D；对方更容易从E感受到你的态度。,你更习惯通过【主要通道】表达在意。遇到【典型情境】时，你通常先【第一步】，再【第二步】；对方更容易从【可观察行为】感受到你的态度。,评分和阈值属于知识工程参数，不得解释为统计概率、科学测量、命理准确率或现实关系成功率。,高,待验证,,provisional=true; synth_rule=217,0.3
M3-EXPR-218,双通道标准模板｜功能分工清楚,L7 总合成与边界审查,EXPR-合成输出,通用,输出,主次或XP11成立,,两个通道来源独立、功能不同，主次或往返关系已裁定。,上游关键字段已停止且本规则不属于停止模板；source_id去重尚未完成。,不限定；由共享基础引擎与M3-STATE修正,不限定；M3-EXPR不以夫妻星为唯一主轴,由M3-BASE、日支结构及共享引擎提供,无／待表达路径规则组合,全局有效信号；日柱及亲密关系近位优先,由共享基础引擎判定,由共享基础引擎判定,喜忌不直接等于会不会表达；只修正调用顺畅度与强度,原十神性质有效；真合化成立时按化神路由,由共享基础引擎判定,92,不加分,report_template,模板必须说明A负责什么、B负责什么，禁止只写“既A又B”。,你主要通过【A】让对方理解你的感受，同时会用【B】把态度落实或接住对方。A负责【功能一】，B负责【功能二】。,评分和阈值属于知识工程参数，不得解释为统计概率、科学测量、命理准确率或现实关系成功率。,高,待验证,,provisional=true; synth_rule=218,0.3
M3-EXPR-219,低置信／停止模板｜说明不确定原因,L7 总合成与边界审查,EXPR-合成输出,通用,输出,低置信或停止,,未满足主通道门槛，或关键基础状态未定。,上游关键字段已停止且本规则不属于停止模板；source_id去重尚未完成。,不限定；由共享基础引擎与M3-STATE修正,不限定；M3-EXPR不以夫妻星为唯一主轴,由M3-BASE、日支结构及共享引擎提供,无／待表达路径规则组合,全局有效信号；日柱及亲密关系近位优先,由共享基础引擎判定,由共享基础引擎判定,喜忌不直接等于会不会表达；只修正调用顺畅度与强度,原十神性质有效；真合化成立时按化神路由,由共享基础引擎判定,94,不加分,report_template,模板只保留有限候选、停止原因和需要验证的现实问题。,目前只能判断你可能更偏向【系统层方向】，但【关键不确定原因】仍会改变具体表达方式，因此不宜写成固定结论。,评分和阈值属于知识工程参数，不得解释为统计概率、科学测量、命理准确率或现实关系成功率。,高,待验证,,provisional=true; synth_rule=219,0.3
M3-EXPR-220,案例校准与版本状态｜V0.3发布门控,L7 总合成与边界审查,EXPR-合成输出,通用,版本门控,M3-EXPR全规则,,规则库已生成但尚未通过足量真实案例、伴侣反馈和反例验证。,上游关键字段已停止且本规则不属于停止模板；source_id去重尚未完成。,不限定；由共享基础引擎与M3-STATE修正,不限定；M3-EXPR不以夫妻星为唯一主轴,由M3-BASE、日支结构及共享引擎提供,无／待表达路径规则组合,全局有效信号；日柱及亲密关系近位优先,由共享基础引擎判定,由共享基础引擎判定,喜忌不直接等于会不会表达；只修正调用顺畅度与强度,原十神性质有效；真合化成立时按化神路由,由共享基础引擎判定,100,不加分,provenance,所有规则保持validation_status=待验证、provisional=true；不得宣传准确率，修改需记录规则ID、案例和原因。,当前规则已经可以用于结构化案例分析，但仍需要通过真实关系经历持续校准。,评分和阈值属于知识工程参数，不得解释为统计概率、科学测量、命理准确率或现实关系成功率。,高,待验证,,provisional=true; synth_rule=220,0.3
