rule_id,rule_name,layer,module,applicable_group,rule_type,main_signal,secondary_signal,required_conditions,excluded_conditions,self_strength_status,spouse_star_status,palace_signal,flow_path,signal_position,root_status,strength_level,favorability,transformation_status,distance_level,priority,score_effect,output_slot,internal_logic,user_explanation,forbidden_inference,confidence_base,validation_status,case_refs,notes,version
M5-BOUND-001,M5-BOUND正式定义｜边界、决定权、资源与亲密空间治理,L0 定义、边界与证据合同,BOUND-定义边界,通用,定义,M5-BOUND模块规则,,M5-BASE、M5-PARTNER与M5-EXCHANGE至少形成主需求、对象行为或交换候选。,PR0安全门控未通过、具体关系资料完全缺失或基础状态争议。,由共享基础引擎、M3-BOUND与M5-BASE提供；只修正用户需要怎样的自主、共享、授权与空间结构，不直接判断具体关系现实中公平或安全。,M2只说明谁容易进入关系及资格证据；不能替代具体对象的同意、边界、资源和权力行为验证。,M3-BASE与M3-BOUND提供用户自然靠近、共享和边界通道；M5-BOUND负责判断双方如何共同治理。,无／按本规则指定的提议—知情—同意—执行—复核—重订路径路由。,近位、远位只修正该边界需求进入亲密关系核心的可能；不得据此判断具体伴侣一定尊重或越界。,根气只修正用户边界需求是否稳定重复，不等于双方已形成成熟治理。,旺弱只修正某项自主、共享、规则或空间功能的调用强度，不直接等于控制、回避或适配质量。,喜忌只修正功能调用顺畅度与摩擦，不可直接翻译为理想伴侣五行、十神或必然互补。,真合化成立时按化神功能重算边界需求；合化争议时停止细化边界画像。,近位提高该边界议题进入关系核心的可能；远位只保留背景或阶段性观察。,100,不加分；定义／门控,report_status,本模块把自主、共享、授权、同意、资源、隐私、亲密和空间转成双方可执行的治理结构。,这一部分不只看谁独立或谁愿意共享，而是看哪些事由谁决定、怎样同意、如何撤回和重新协商。,不得仅凭本规则推出某人必然控制、回避、依赖、忠诚或适合结婚；不得把亲密解释为无隐私，把保护解释为替代决定，把贡献多少解释为决策权大小。现实安全、明确同意、可撤回性、持续行为、反例与双方意愿优先。,高,待验证,,provisional=true; rule_group=BOUND-定义边界,0.5
M5-BOUND-002,个人决定与共同决定必须分层,L0 定义、边界与证据合同,BOUND-定义边界,通用,定义,M5-BOUND模块规则,,分析任何决策领域。,把所有事项都要求共同决定，或把所有事项都归为个人自由。,由共享基础引擎、M3-BOUND与M5-BASE提供；只修正用户需要怎样的自主、共享、授权与空间结构，不直接判断具体关系现实中公平或安全。,M2只说明谁容易进入关系及资格证据；不能替代具体对象的同意、边界、资源和权力行为验证。,M3-BASE与M3-BOUND提供用户自然靠近、共享和边界通道；M5-BOUND负责判断双方如何共同治理。,无／按本规则指定的提议—知情—同意—执行—复核—重订路径路由。,近位、远位只修正该边界需求进入亲密关系核心的可能；不得据此判断具体伴侣一定尊重或越界。,根气只修正用户边界需求是否稳定重复，不等于双方已形成成熟治理。,旺弱只修正某项自主、共享、规则或空间功能的调用强度，不直接等于控制、回避或适配质量。,喜忌只修正功能调用顺畅度与摩擦，不可直接翻译为理想伴侣五行、十神或必然互补。,真合化成立时按化神功能重算边界需求；合化争议时停止细化边界画像。,近位提高该边界议题进入关系核心的可能；远位只保留背景或阶段性观察。,100,不加分；定义／门控,decision_governance,先按影响范围区分本人最终决定、个人决定但需告知、共同决定与可授权事项。,真正成熟的关系会区分个人领域和共同领域。,不得仅凭本规则推出某人必然控制、回避、依赖、忠诚或适合结婚；不得把亲密解释为无隐私，把保护解释为替代决定，把贡献多少解释为决策权大小。现实安全、明确同意、可撤回性、持续行为、反例与双方意愿优先。,高,待验证,,provisional=true; rule_group=BOUND-定义边界,0.5
M5-BOUND-003,亲密不等于失去隐私,L0 定义、边界与证据合同,BOUND-定义边界,通用,边界,M5-BOUND模块规则,,分析设备、通讯、位置、影像和个人空间。,把全部公开、分享密码或随时可查当成忠诚标准。,由共享基础引擎、M3-BOUND与M5-BASE提供；只修正用户需要怎样的自主、共享、授权与空间结构，不直接判断具体关系现实中公平或安全。,M2只说明谁容易进入关系及资格证据；不能替代具体对象的同意、边界、资源和权力行为验证。,M3-BASE与M3-BOUND提供用户自然靠近、共享和边界通道；M5-BOUND负责判断双方如何共同治理。,无／按本规则指定的提议—知情—同意—执行—复核—重订路径路由。,近位、远位只修正该边界需求进入亲密关系核心的可能；不得据此判断具体伴侣一定尊重或越界。,根气只修正用户边界需求是否稳定重复，不等于双方已形成成熟治理。,旺弱只修正某项自主、共享、规则或空间功能的调用强度，不直接等于控制、回避或适配质量。,喜忌只修正功能调用顺畅度与摩擦，不可直接翻译为理想伴侣五行、十神或必然互补。,真合化成立时按化神功能重算边界需求；合化争议时停止细化边界画像。,近位提高该边界议题进入关系核心的可能；远位只保留背景或阶段性观察。,100,不加分；定义／门控,privacy_boundary,透明只覆盖共同影响信息；个人隐私仍需具体同意。,亲密可以透明，但不等于没有隐私。,不得仅凭本规则推出某人必然控制、回避、依赖、忠诚或适合结婚；不得把亲密解释为无隐私，把保护解释为替代决定，把贡献多少解释为决策权大小。现实安全、明确同意、可撤回性、持续行为、反例与双方意愿优先。,高,待验证,,provisional=true; rule_group=BOUND-定义边界,0.5
M5-BOUND-004,共享不等于共同拥有所有决定权,L0 定义、边界与证据合同,BOUND-定义边界,通用,边界,M5-BOUND模块规则,,存在同居、婚姻、共同账户或高度共享。,由共享事实推断一方可决定另一方身体、职业、社交或思想。,由共享基础引擎、M3-BOUND与M5-BASE提供；只修正用户需要怎样的自主、共享、授权与空间结构，不直接判断具体关系现实中公平或安全。,M2只说明谁容易进入关系及资格证据；不能替代具体对象的同意、边界、资源和权力行为验证。,M3-BASE与M3-BOUND提供用户自然靠近、共享和边界通道；M5-BOUND负责判断双方如何共同治理。,无／按本规则指定的提议—知情—同意—执行—复核—重订路径路由。,近位、远位只修正该边界需求进入亲密关系核心的可能；不得据此判断具体伴侣一定尊重或越界。,根气只修正用户边界需求是否稳定重复，不等于双方已形成成熟治理。,旺弱只修正某项自主、共享、规则或空间功能的调用强度，不直接等于控制、回避或适配质量。,喜忌只修正功能调用顺畅度与摩擦，不可直接翻译为理想伴侣五行、十神或必然互补。,真合化成立时按化神功能重算边界需求；合化争议时停止细化边界画像。,近位提高该边界议题进入关系核心的可能；远位只保留背景或阶段性观察。,100,不加分；定义／门控,decision_governance,共享资源与个人自主分别管理。,共享生活不代表共享所有个人决定。,不得仅凭本规则推出某人必然控制、回避、依赖、忠诚或适合结婚；不得把亲密解释为无隐私，把保护解释为替代决定，把贡献多少解释为决策权大小。现实安全、明确同意、可撤回性、持续行为、反例与双方意愿优先。,高,待验证,,provisional=true; rule_group=BOUND-定义边界,0.5
M5-BOUND-005,保护不等于替代决定,L0 定义、边界与证据合同,BOUND-定义边界,通用,边界,M5-BOUND模块规则,,出现照顾、危机处理、建议或保护行为。,未经同意接管、限制、监控或长期不归还权限。,由共享基础引擎、M3-BOUND与M5-BASE提供；只修正用户需要怎样的自主、共享、授权与空间结构，不直接判断具体关系现实中公平或安全。,M2只说明谁容易进入关系及资格证据；不能替代具体对象的同意、边界、资源和权力行为验证。,M3-BASE与M3-BOUND提供用户自然靠近、共享和边界通道；M5-BOUND负责判断双方如何共同治理。,无／按本规则指定的提议—知情—同意—执行—复核—重订路径路由。,近位、远位只修正该边界需求进入亲密关系核心的可能；不得据此判断具体伴侣一定尊重或越界。,根气只修正用户边界需求是否稳定重复，不等于双方已形成成熟治理。,旺弱只修正某项自主、共享、规则或空间功能的调用强度，不直接等于控制、回避或适配质量。,喜忌只修正功能调用顺畅度与摩擦，不可直接翻译为理想伴侣五行、十神或必然互补。,真合化成立时按化神功能重算边界需求；合化争议时停止细化边界画像。,近位提高该边界议题进入关系核心的可能；远位只保留背景或阶段性观察。,99,不加分；定义／门控,protection_consent,保护必须最小必要、可反馈、可撤回并在事件后归还权力。,真正的保护会帮助你恢复选择，而不是长期替你决定。,不得仅凭本规则推出某人必然控制、回避、依赖、忠诚或适合结婚；不得把亲密解释为无隐私，把保护解释为替代决定，把贡献多少解释为决策权大小。现实安全、明确同意、可撤回性、持续行为、反例与双方意愿优先。,高,待验证,,provisional=true; rule_group=BOUND-定义边界,0.5
M5-BOUND-006,依靠不等于失去自主,L0 定义、边界与证据合同,BOUND-定义边界,通用,边界,M5-BOUND模块规则,,一方接受情绪、资源、健康或生活支持。,用支持要求服从、放弃隐私或立即等量偿还。,由共享基础引擎、M3-BOUND与M5-BASE提供；只修正用户需要怎样的自主、共享、授权与空间结构，不直接判断具体关系现实中公平或安全。,M2只说明谁容易进入关系及资格证据；不能替代具体对象的同意、边界、资源和权力行为验证。,M3-BASE与M3-BOUND提供用户自然靠近、共享和边界通道；M5-BOUND负责判断双方如何共同治理。,无／按本规则指定的提议—知情—同意—执行—复核—重订路径路由。,近位、远位只修正该边界需求进入亲密关系核心的可能；不得据此判断具体伴侣一定尊重或越界。,根气只修正用户边界需求是否稳定重复，不等于双方已形成成熟治理。,旺弱只修正某项自主、共享、规则或空间功能的调用强度，不直接等于控制、回避或适配质量。,喜忌只修正功能调用顺畅度与摩擦，不可直接翻译为理想伴侣五行、十神或必然互补。,真合化成立时按化神功能重算边界需求；合化争议时停止细化边界画像。,近位提高该边界议题进入关系核心的可能；远位只保留背景或阶段性观察。,99,不加分；定义／门控,support_autonomy,依靠与自主可以并存，接收方仍保留判断、拒绝和退出权。,可以依靠别人，也可以继续保留自己的决定。,不得仅凭本规则推出某人必然控制、回避、依赖、忠诚或适合结婚；不得把亲密解释为无隐私，把保护解释为替代决定，把贡献多少解释为决策权大小。现实安全、明确同意、可撤回性、持续行为、反例与双方意愿优先。,高,待验证,,provisional=true; rule_group=BOUND-定义边界,0.5
M5-BOUND-007,同意必须具体、自愿、可撤回,L0 定义、边界与证据合同,BOUND-定义边界,通用,安全,M5-BOUND模块规则,,分析身体、亲密、资源、公开、授权或信息访问。,把沉默、顺从、关系身份或既往同意视为永久授权。,由共享基础引擎、M3-BOUND与M5-BASE提供；只修正用户需要怎样的自主、共享、授权与空间结构，不直接判断具体关系现实中公平或安全。,M2只说明谁容易进入关系及资格证据；不能替代具体对象的同意、边界、资源和权力行为验证。,M3-BASE与M3-BOUND提供用户自然靠近、共享和边界通道；M5-BOUND负责判断双方如何共同治理。,无／按本规则指定的提议—知情—同意—执行—复核—重订路径路由。,近位、远位只修正该边界需求进入亲密关系核心的可能；不得据此判断具体伴侣一定尊重或越界。,根气只修正用户边界需求是否稳定重复，不等于双方已形成成熟治理。,旺弱只修正某项自主、共享、规则或空间功能的调用强度，不直接等于控制、回避或适配质量。,喜忌只修正功能调用顺畅度与摩擦，不可直接翻译为理想伴侣五行、十神或必然互补。,真合化成立时按化神功能重算边界需求；合化争议时停止细化边界画像。,近位提高该边界议题进入关系核心的可能；远位只保留背景或阶段性观察。,99,不加分；定义／门控,consent_boundary,同意只在具体范围和当前状态内有效，撤回后必须停止。,同意需要持续存在，也必须可以改变。,不得仅凭本规则推出某人必然控制、回避、依赖、忠诚或适合结婚；不得把亲密解释为无隐私，把保护解释为替代决定，把贡献多少解释为决策权大小。现实安全、明确同意、可撤回性、持续行为、反例与双方意愿优先。,高,待验证,,provisional=true; rule_group=BOUND-定义边界,0.5
M5-BOUND-008,资源贡献不购买控制权,L0 定义、边界与证据合同,BOUND-定义边界,通用,边界,M5-BOUND模块规则,,双方收入、住房、家务、照护或资源贡献不等。,贡献更多的一方要求更多身体、社交、隐私或人格决定权。,由共享基础引擎、M3-BOUND与M5-BASE提供；只修正用户需要怎样的自主、共享、授权与空间结构，不直接判断具体关系现实中公平或安全。,M2只说明谁容易进入关系及资格证据；不能替代具体对象的同意、边界、资源和权力行为验证。,M3-BASE与M3-BOUND提供用户自然靠近、共享和边界通道；M5-BOUND负责判断双方如何共同治理。,无／按本规则指定的提议—知情—同意—执行—复核—重订路径路由。,近位、远位只修正该边界需求进入亲密关系核心的可能；不得据此判断具体伴侣一定尊重或越界。,根气只修正用户边界需求是否稳定重复，不等于双方已形成成熟治理。,旺弱只修正某项自主、共享、规则或空间功能的调用强度，不直接等于控制、回避或适配质量。,喜忌只修正功能调用顺畅度与摩擦，不可直接翻译为理想伴侣五行、十神或必然互补。,真合化成立时按化神功能重算边界需求；合化争议时停止细化边界画像。,近位提高该边界议题进入关系核心的可能；远位只保留背景或阶段性观察。,99,不加分；定义／门控,resource_power,贡献影响分工与认可，但不改变基本同意、人格平等和身体自主。,付出更多可以被认可，但不能因此获得对另一方的控制权。,不得仅凭本规则推出某人必然控制、回避、依赖、忠诚或适合结婚；不得把亲密解释为无隐私，把保护解释为替代决定，把贡献多少解释为决策权大小。现实安全、明确同意、可撤回性、持续行为、反例与双方意愿优先。,高,待验证,,provisional=true; rule_group=BOUND-定义边界,0.5
M5-BOUND-009,M3-BOUND描述个人惯性｜M5治理双方结构,L0 定义、边界与证据合同,BOUND-定义边界,通用,接口,M5-BOUND模块规则,,M3-BOUND结果可用。,用用户个人边界习惯直接推断双方成熟度。,由共享基础引擎、M3-BOUND与M5-BASE提供；只修正用户需要怎样的自主、共享、授权与空间结构，不直接判断具体关系现实中公平或安全。,M2只说明谁容易进入关系及资格证据；不能替代具体对象的同意、边界、资源和权力行为验证。,M3-BASE与M3-BOUND提供用户自然靠近、共享和边界通道；M5-BOUND负责判断双方如何共同治理。,无／按本规则指定的提议—知情—同意—执行—复核—重订路径路由。,近位、远位只修正该边界需求进入亲密关系核心的可能；不得据此判断具体伴侣一定尊重或越界。,根气只修正用户边界需求是否稳定重复，不等于双方已形成成熟治理。,旺弱只修正某项自主、共享、规则或空间功能的调用强度，不直接等于控制、回避或适配质量。,喜忌只修正功能调用顺畅度与摩擦，不可直接翻译为理想伴侣五行、十神或必然互补。,真合化成立时按化神功能重算边界需求；合化争议时停止细化边界画像。,近位提高该边界议题进入关系核心的可能；远位只保留背景或阶段性观察。,99,不加分；定义／门控,m3_bound_interface,M3说明用户怎样靠近、拒绝、暂停和共享；M5还需加入对方行为、领域与权力。,知道你习惯怎样设边界只是第一步，还要看双方能否共同执行。,不得仅凭本规则推出某人必然控制、回避、依赖、忠诚或适合结婚；不得把亲密解释为无隐私，把保护解释为替代决定，把贡献多少解释为决策权大小。现实安全、明确同意、可撤回性、持续行为、反例与双方意愿优先。,高,待验证,,provisional=true; rule_group=BOUND-定义边界,0.5
M5-BOUND-010,M5-EXCHANGE提供负荷与资源接口,L0 定义、边界与证据合同,BOUND-定义边界,通用,接口,M5-BOUND模块规则,,EXCHANGE的EC、ED、EM、XR与XV可用。,把交换公平直接等同边界成熟。,由共享基础引擎、M3-BOUND与M5-BASE提供；只修正用户需要怎样的自主、共享、授权与空间结构，不直接判断具体关系现实中公平或安全。,M2只说明谁容易进入关系及资格证据；不能替代具体对象的同意、边界、资源和权力行为验证。,M3-BASE与M3-BOUND提供用户自然靠近、共享和边界通道；M5-BOUND负责判断双方如何共同治理。,无／按本规则指定的提议—知情—同意—执行—复核—重订路径路由。,近位、远位只修正该边界需求进入亲密关系核心的可能；不得据此判断具体伴侣一定尊重或越界。,根气只修正用户边界需求是否稳定重复，不等于双方已形成成熟治理。,旺弱只修正某项自主、共享、规则或空间功能的调用强度，不直接等于控制、回避或适配质量。,喜忌只修正功能调用顺畅度与摩擦，不可直接翻译为理想伴侣五行、十神或必然互补。,真合化成立时按化神功能重算边界需求；合化争议时停止细化边界画像。,近位提高该边界议题进入关系核心的可能；远位只保留背景或阶段性观察。,98,不加分；定义／门控,exchange_bound_interface,交换说明谁承担什么；BOUND继续判断谁有决定权、是否同意及能否重订。,分工看负荷，边界还要看决定权和同意。,不得仅凭本规则推出某人必然控制、回避、依赖、忠诚或适合结婚；不得把亲密解释为无隐私，把保护解释为替代决定，把贡献多少解释为决策权大小。现实安全、明确同意、可撤回性、持续行为、反例与双方意愿优先。,高,待验证,,provisional=true; rule_group=BOUND-定义边界,0.5
M5-BOUND-011,M4识别越界循环｜M5建立替代治理,L0 定义、边界与证据合同,BOUND-定义边界,通用,接口,M5-BOUND模块规则,,M4 K、LP、RN、BF结果可用。,重复描述控制、撤回或规则问题，不提出治理结构。,由共享基础引擎、M3-BOUND与M5-BASE提供；只修正用户需要怎样的自主、共享、授权与空间结构，不直接判断具体关系现实中公平或安全。,M2只说明谁容易进入关系及资格证据；不能替代具体对象的同意、边界、资源和权力行为验证。,M3-BASE与M3-BOUND提供用户自然靠近、共享和边界通道；M5-BOUND负责判断双方如何共同治理。,无／按本规则指定的提议—知情—同意—执行—复核—重订路径路由。,近位、远位只修正该边界需求进入亲密关系核心的可能；不得据此判断具体伴侣一定尊重或越界。,根气只修正用户边界需求是否稳定重复，不等于双方已形成成熟治理。,旺弱只修正某项自主、共享、规则或空间功能的调用强度，不直接等于控制、回避或适配质量。,喜忌只修正功能调用顺畅度与摩擦，不可直接翻译为理想伴侣五行、十神或必然互补。,真合化成立时按化神功能重算边界需求；合化争议时停止细化边界画像。,近位提高该边界议题进入关系核心的可能；远位只保留背景或阶段性观察。,98,不加分；定义／门控,m4_bound_interface,M4风险转成决策分层、授权范围、停止点、权力归还和修复路径。,这里要把容易失衡的地方，转成双方能执行的边界规则。,不得仅凭本规则推出某人必然控制、回避、依赖、忠诚或适合结婚；不得把亲密解释为无隐私，把保护解释为替代决定，把贡献多少解释为决策权大小。现实安全、明确同意、可撤回性、持续行为、反例与双方意愿优先。,高,待验证,,provisional=true; rule_group=BOUND-定义边界,0.5
M5-BOUND-012,具体关系现实行为高于命理结构,L0 定义、边界与证据合同,BOUND-定义边界,通用,证据,M5-BOUND模块规则,,分析具体对象或关系。,用用户命盘、对象命盘、合盘或喜用神替代现实边界事件。,由共享基础引擎、M3-BOUND与M5-BASE提供；只修正用户需要怎样的自主、共享、授权与空间结构，不直接判断具体关系现实中公平或安全。,M2只说明谁容易进入关系及资格证据；不能替代具体对象的同意、边界、资源和权力行为验证。,M3-BASE与M3-BOUND提供用户自然靠近、共享和边界通道；M5-BOUND负责判断双方如何共同治理。,无／按本规则指定的提议—知情—同意—执行—复核—重订路径路由。,近位、远位只修正该边界需求进入亲密关系核心的可能；不得据此判断具体伴侣一定尊重或越界。,根气只修正用户边界需求是否稳定重复，不等于双方已形成成熟治理。,旺弱只修正某项自主、共享、规则或空间功能的调用强度，不直接等于控制、回避或适配质量。,喜忌只修正功能调用顺畅度与摩擦，不可直接翻译为理想伴侣五行、十神或必然互补。,真合化成立时按化神功能重算边界需求；合化争议时停止细化边界画像。,近位提高该边界议题进入关系核心的可能；远位只保留背景或阶段性观察。,98,不加分；定义／门控,boundary_evidence_level,命理只生成观察任务，BV和BS必须依赖现实行为。,命盘告诉你需要观察什么，真实拒绝、同意和重订才说明边界是否成熟。,不得仅凭本规则推出某人必然控制、回避、依赖、忠诚或适合结婚；不得把亲密解释为无隐私，把保护解释为替代决定，把贡献多少解释为决策权大小。现实安全、明确同意、可撤回性、持续行为、反例与双方意愿优先。,高,待验证,,provisional=true; rule_group=BOUND-定义边界,0.5
M5-BOUND-013,同一source_id只计一次基础权重,L0 定义、边界与证据合同,BOUND-定义边界,通用,去重,M5-BOUND模块规则,,同一命盘事实被多个模块读取。,重复增加独立证据数。,由共享基础引擎、M3-BOUND与M5-BASE提供；只修正用户需要怎样的自主、共享、授权与空间结构，不直接判断具体关系现实中公平或安全。,M2只说明谁容易进入关系及资格证据；不能替代具体对象的同意、边界、资源和权力行为验证。,M3-BASE与M3-BOUND提供用户自然靠近、共享和边界通道；M5-BOUND负责判断双方如何共同治理。,无／按本规则指定的提议—知情—同意—执行—复核—重订路径路由。,近位、远位只修正该边界需求进入亲密关系核心的可能；不得据此判断具体伴侣一定尊重或越界。,根气只修正用户边界需求是否稳定重复，不等于双方已形成成熟治理。,旺弱只修正某项自主、共享、规则或空间功能的调用强度，不直接等于控制、回避或适配质量。,喜忌只修正功能调用顺畅度与摩擦，不可直接翻译为理想伴侣五行、十神或必然互补。,真合化成立时按化神功能重算边界需求；合化争议时停止细化边界画像。,近位提高该边界议题进入关系核心的可能；远位只保留背景或阶段性观察。,98,不加分；定义／门控,provenance,允许不同功能解释，基础事实只计一次。,同一个命理事实不会因为被解释多次就变成多份证据。,不得仅凭本规则推出某人必然控制、回避、依赖、忠诚或适合结婚；不得把亲密解释为无隐私，把保护解释为替代决定，把贡献多少解释为决策权大小。现实安全、明确同意、可撤回性、持续行为、反例与双方意愿优先。,高,待验证,,provisional=true; rule_group=BOUND-定义边界,0.5
M5-BOUND-014,同一event_id只算一次边界事件,L0 定义、边界与证据合同,BOUND-定义边界,通用,去重,M5-BOUND模块规则,,一次事件同时涉及同意、隐私、资源和决定权。,把一次事件拆成多次现实证据。,由共享基础引擎、M3-BOUND与M5-BASE提供；只修正用户需要怎样的自主、共享、授权与空间结构，不直接判断具体关系现实中公平或安全。,M2只说明谁容易进入关系及资格证据；不能替代具体对象的同意、边界、资源和权力行为验证。,M3-BASE与M3-BOUND提供用户自然靠近、共享和边界通道；M5-BOUND负责判断双方如何共同治理。,无／按本规则指定的提议—知情—同意—执行—复核—重订路径路由。,近位、远位只修正该边界需求进入亲密关系核心的可能；不得据此判断具体伴侣一定尊重或越界。,根气只修正用户边界需求是否稳定重复，不等于双方已形成成熟治理。,旺弱只修正某项自主、共享、规则或空间功能的调用强度，不直接等于控制、回避或适配质量。,喜忌只修正功能调用顺畅度与摩擦，不可直接翻译为理想伴侣五行、十神或必然互补。,真合化成立时按化神功能重算边界需求；合化争议时停止细化边界画像。,近位提高该边界议题进入关系核心的可能；远位只保留背景或阶段性观察。,98,不加分；定义／门控,provenance,一个事件可以支持多个字段，但基础事件只计一次。,一件事可以说明很多边界问题，但仍然只是一件事。,不得仅凭本规则推出某人必然控制、回避、依赖、忠诚或适合结婚；不得把亲密解释为无隐私，把保护解释为替代决定，把贡献多少解释为决策权大小。现实安全、明确同意、可撤回性、持续行为、反例与双方意愿优先。,高,待验证,,provisional=true; rule_group=BOUND-定义边界,0.5
M5-BOUND-015,规则清楚不等于规则公平,L0 定义、边界与证据合同,BOUND-定义边界,通用,边界,M5-BOUND模块规则,,双方有口头或书面规则。,未检查规则来源、对称性、例外、撤回和重订。,由共享基础引擎、M3-BOUND与M5-BASE提供；只修正用户需要怎样的自主、共享、授权与空间结构，不直接判断具体关系现实中公平或安全。,M2只说明谁容易进入关系及资格证据；不能替代具体对象的同意、边界、资源和权力行为验证。,M3-BASE与M3-BOUND提供用户自然靠近、共享和边界通道；M5-BOUND负责判断双方如何共同治理。,无／按本规则指定的提议—知情—同意—执行—复核—重订路径路由。,近位、远位只修正该边界需求进入亲密关系核心的可能；不得据此判断具体伴侣一定尊重或越界。,根气只修正用户边界需求是否稳定重复，不等于双方已形成成熟治理。,旺弱只修正某项自主、共享、规则或空间功能的调用强度，不直接等于控制、回避或适配质量。,喜忌只修正功能调用顺畅度与摩擦，不可直接翻译为理想伴侣五行、十神或必然互补。,真合化成立时按化神功能重算边界需求；合化争议时停止细化边界画像。,近位提高该边界议题进入关系核心的可能；远位只保留背景或阶段性观察。,97,不加分；定义／门控,boundary_rule_quality,规则必须对双方可复核，并允许现实反馈进入。,边界写得清楚，还要看是否对双方都公平。,不得仅凭本规则推出某人必然控制、回避、依赖、忠诚或适合结婚；不得把亲密解释为无隐私，把保护解释为替代决定，把贡献多少解释为决策权大小。现实安全、明确同意、可撤回性、持续行为、反例与双方意愿优先。,高,待验证,,provisional=true; rule_group=BOUND-定义边界,0.5
M5-BOUND-016,暂停权必须配合回归责任,L0 定义、边界与证据合同,BOUND-定义边界,通用,边界,M5-BOUND模块规则,,一方需要降温、独处或低频。,用空间无限期退出共同问题、信息和责任。,由共享基础引擎、M3-BOUND与M5-BASE提供；只修正用户需要怎样的自主、共享、授权与空间结构，不直接判断具体关系现实中公平或安全。,M2只说明谁容易进入关系及资格证据；不能替代具体对象的同意、边界、资源和权力行为验证。,M3-BASE与M3-BOUND提供用户自然靠近、共享和边界通道；M5-BOUND负责判断双方如何共同治理。,无／按本规则指定的提议—知情—同意—执行—复核—重订路径路由。,近位、远位只修正该边界需求进入亲密关系核心的可能；不得据此判断具体伴侣一定尊重或越界。,根气只修正用户边界需求是否稳定重复，不等于双方已形成成熟治理。,旺弱只修正某项自主、共享、规则或空间功能的调用强度，不直接等于控制、回避或适配质量。,喜忌只修正功能调用顺畅度与摩擦，不可直接翻译为理想伴侣五行、十神或必然互补。,真合化成立时按化神功能重算边界需求；合化争议时停止细化边界画像。,近位提高该边界议题进入关系核心的可能；远位只保留背景或阶段性观察。,97,不加分；定义／门控,space_return_agreement,个人有暂停权；共同关系同时需要最低连接、变化通知和回归点。,空间需要被尊重，也要有清楚的回来方式。,不得仅凭本规则推出某人必然控制、回避、依赖、忠诚或适合结婚；不得把亲密解释为无隐私，把保护解释为替代决定，把贡献多少解释为决策权大小。现实安全、明确同意、可撤回性、持续行为、反例与双方意愿优先。,高,待验证,,provisional=true; rule_group=BOUND-定义边界,0.5
M5-BOUND-017,角色分工不等于固定权力,L0 定义、边界与证据合同,BOUND-定义边界,通用,边界,M5-BOUND模块规则,,一方长期负责财务、照护、家务或外部事务。,执行职责被扩大为永久最终决定权。,由共享基础引擎、M3-BOUND与M5-BASE提供；只修正用户需要怎样的自主、共享、授权与空间结构，不直接判断具体关系现实中公平或安全。,M2只说明谁容易进入关系及资格证据；不能替代具体对象的同意、边界、资源和权力行为验证。,M3-BASE与M3-BOUND提供用户自然靠近、共享和边界通道；M5-BOUND负责判断双方如何共同治理。,无／按本规则指定的提议—知情—同意—执行—复核—重订路径路由。,近位、远位只修正该边界需求进入亲密关系核心的可能；不得据此判断具体伴侣一定尊重或越界。,根气只修正用户边界需求是否稳定重复，不等于双方已形成成熟治理。,旺弱只修正某项自主、共享、规则或空间功能的调用强度，不直接等于控制、回避或适配质量。,喜忌只修正功能调用顺畅度与摩擦，不可直接翻译为理想伴侣五行、十神或必然互补。,真合化成立时按化神功能重算边界需求；合化争议时停止细化边界画像。,近位提高该边界议题进入关系核心的可能；远位只保留背景或阶段性观察。,97,不加分；定义／门控,role_authority,分工与决策权分开，授权可复核、轮换和撤回。,谁负责执行，不等于谁永远拥有最终决定。,不得仅凭本规则推出某人必然控制、回避、依赖、忠诚或适合结婚；不得把亲密解释为无隐私，把保护解释为替代决定，把贡献多少解释为决策权大小。现实安全、明确同意、可撤回性、持续行为、反例与双方意愿优先。,高,待验证,,provisional=true; rule_group=BOUND-定义边界,0.5
M5-BOUND-018,正文限制一个主边界结构,L0 定义、边界与证据合同,BOUND-定义边界,通用,输出,M5-BOUND模块规则,,多个BC、BM、DG与BO候选并存。,把所有理想边界写成清单。,由共享基础引擎、M3-BOUND与M5-BASE提供；只修正用户需要怎样的自主、共享、授权与空间结构，不直接判断具体关系现实中公平或安全。,M2只说明谁容易进入关系及资格证据；不能替代具体对象的同意、边界、资源和权力行为验证。,M3-BASE与M3-BOUND提供用户自然靠近、共享和边界通道；M5-BOUND负责判断双方如何共同治理。,无／按本规则指定的提议—知情—同意—执行—复核—重订路径路由。,近位、远位只修正该边界需求进入亲密关系核心的可能；不得据此判断具体伴侣一定尊重或越界。,根气只修正用户边界需求是否稳定重复，不等于双方已形成成熟治理。,旺弱只修正某项自主、共享、规则或空间功能的调用强度，不直接等于控制、回避或适配质量。,喜忌只修正功能调用顺畅度与摩擦，不可直接翻译为理想伴侣五行、十神或必然互补。,真合化成立时按化神功能重算边界需求；合化争议时停止细化边界画像。,近位提高该边界议题进入关系核心的可能；远位只保留背景或阶段性观察。,97,不加分；定义／门控,report_text,正文最多一个主通道、一个次通道、一种结构、一个关键领域和一个风险。,先抓最关键的边界结构，不把所有好条件堆在一起。,不得仅凭本规则推出某人必然控制、回避、依赖、忠诚或适合结婚；不得把亲密解释为无隐私，把保护解释为替代决定，把贡献多少解释为决策权大小。现实安全、明确同意、可撤回性、持续行为、反例与双方意愿优先。,高,待验证,,provisional=true; rule_group=BOUND-定义边界,0.5
M5-BOUND-019,BV与FG严格分开,L0 定义、边界与证据合同,BOUND-定义边界,通用,边界,M5-BOUND模块规则,,同时使用边界证据等级和最终适配等级。,把BV7直接写成FG4，或用FG需求代替现实边界。,由共享基础引擎、M3-BOUND与M5-BASE提供；只修正用户需要怎样的自主、共享、授权与空间结构，不直接判断具体关系现实中公平或安全。,M2只说明谁容易进入关系及资格证据；不能替代具体对象的同意、边界、资源和权力行为验证。,M3-BASE与M3-BOUND提供用户自然靠近、共享和边界通道；M5-BOUND负责判断双方如何共同治理。,无／按本规则指定的提议—知情—同意—执行—复核—重订路径路由。,近位、远位只修正该边界需求进入亲密关系核心的可能；不得据此判断具体伴侣一定尊重或越界。,根气只修正用户边界需求是否稳定重复，不等于双方已形成成熟治理。,旺弱只修正某项自主、共享、规则或空间功能的调用强度，不直接等于控制、回避或适配质量。,喜忌只修正功能调用顺畅度与摩擦，不可直接翻译为理想伴侣五行、十神或必然互补。,真合化成立时按化神功能重算边界需求；合化争议时停止细化边界画像。,近位提高该边界议题进入关系核心的可能；远位只保留背景或阶段性观察。,97,不加分；定义／门控,fit_grade,BV描述现实边界证据深度；FG由M5-SYNTH综合全部适配门槛。,边界证据越深，判断越有依据，但最终适配仍要综合其他现实条件。,不得仅凭本规则推出某人必然控制、回避、依赖、忠诚或适合结婚；不得把亲密解释为无隐私，把保护解释为替代决定，把贡献多少解释为决策权大小。现实安全、明确同意、可撤回性、持续行为、反例与双方意愿优先。,高,待验证,,provisional=true; rule_group=BOUND-定义边界,0.5
M5-BOUND-020,版本与验证状态｜全部规则暂定,L0 定义、边界与证据合同,BOUND-定义边界,通用,版本,M5-BOUND模块规则,,使用V0.5规则。,把工程分值、规则数量或模型结论解释成统计概率。,由共享基础引擎、M3-BOUND与M5-BASE提供；只修正用户需要怎样的自主、共享、授权与空间结构，不直接判断具体关系现实中公平或安全。,M2只说明谁容易进入关系及资格证据；不能替代具体对象的同意、边界、资源和权力行为验证。,M3-BASE与M3-BOUND提供用户自然靠近、共享和边界通道；M5-BOUND负责判断双方如何共同治理。,无／按本规则指定的提议—知情—同意—执行—复核—重订路径路由。,近位、远位只修正该边界需求进入亲密关系核心的可能；不得据此判断具体伴侣一定尊重或越界。,根气只修正用户边界需求是否稳定重复，不等于双方已形成成熟治理。,旺弱只修正某项自主、共享、规则或空间功能的调用强度，不直接等于控制、回避或适配质量。,喜忌只修正功能调用顺畅度与摩擦，不可直接翻译为理想伴侣五行、十神或必然互补。,真合化成立时按化神功能重算边界需求；合化争议时停止细化边界画像。,近位提高该边界议题进入关系核心的可能；远位只保留背景或阶段性观察。,96,不加分；定义／门控,boundary_note,本版用于结构化分析和案例校准，全部规则待验证。,这些是待验证的分析框架，不是婚姻成功概率。,不得仅凭本规则推出某人必然控制、回避、依赖、忠诚或适合结婚；不得把亲密解释为无隐私，把保护解释为替代决定，把贡献多少解释为决策权大小。现实安全、明确同意、可撤回性、持续行为、反例与双方意愿优先。,高,待验证,,provisional=true; rule_group=BOUND-定义边界,0.5
M5-BOUND-021,BC01 平等自主｜通道定义,L1 十类适配边界通道,BOUND-BC通道,通用,基础,BC01 平等自主,比肩,M5-BASE或上游模块将对应FN路由为主／次边界功能。,PR0安全门控未通过或该功能只属PR3且与主风险冲突。,由共享基础引擎、M3-BOUND与M5-BASE提供；只修正用户需要怎样的自主、共享、授权与空间结构，不直接判断具体关系现实中公平或安全。,M2只说明谁容易进入关系及资格证据；不能替代具体对象的同意、边界、资源和权力行为验证。,M3-BASE与M3-BOUND提供用户自然靠近、共享和边界通道；M5-BOUND负责判断双方如何共同治理。,无／按本规则指定的提议—知情—同意—执行—复核—重订路径路由。,近位、远位只修正该边界需求进入亲密关系核心的可能；不得据此判断具体伴侣一定尊重或越界。,根气只修正用户边界需求是否稳定重复，不等于双方已形成成熟治理。,旺弱只修正某项自主、共享、规则或空间功能的调用强度，不直接等于控制、回避或适配质量。,喜忌只修正功能调用顺畅度与摩擦，不可直接翻译为理想伴侣五行、十神或必然互补。,真合化成立时按化神功能重算边界需求；合化争议时停止细化边界画像。,近位提高该边界议题进入关系核心的可能；远位只保留背景或阶段性观察。,94,主通道候选 +20,primary_boundary_channel,BC01 平等自主将比肩功能转译为双人边界治理通道。,适合你的边界结构要让双方都能做自己，同时对共同生活承担协商责任。,不得仅凭本规则推出某人必然控制、回避、依赖、忠诚或适合结婚；不得把亲密解释为无隐私，把保护解释为替代决定，把贡献多少解释为决策权大小。现实安全、明确同意、可撤回性、持续行为、反例与双方意愿优先。,中高,待验证,,boundary_channel=BC01; ten_god=比肩; provisional=true; rule_group=BOUND-BC通道,0.5
M5-BOUND-022,BC01 平等自主｜个人决定行为,L1 十类适配边界通道,BOUND-BC通道,通用,个人决定,BC01 平等自主,比肩,存在个人领域的现实资料。,把个人选择对共同生活的重大影响完全忽略。,由共享基础引擎、M3-BOUND与M5-BASE提供；只修正用户需要怎样的自主、共享、授权与空间结构，不直接判断具体关系现实中公平或安全。,M2只说明谁容易进入关系及资格证据；不能替代具体对象的同意、边界、资源和权力行为验证。,M3-BASE与M3-BOUND提供用户自然靠近、共享和边界通道；M5-BOUND负责判断双方如何共同治理。,无／按本规则指定的提议—知情—同意—执行—复核—重订路径路由。,近位、远位只修正该边界需求进入亲密关系核心的可能；不得据此判断具体伴侣一定尊重或越界。,根气只修正用户边界需求是否稳定重复，不等于双方已形成成熟治理。,旺弱只修正某项自主、共享、规则或空间功能的调用强度，不直接等于控制、回避或适配质量。,喜忌只修正功能调用顺畅度与摩擦，不可直接翻译为理想伴侣五行、十神或必然互补。,真合化成立时按化神功能重算边界需求；合化争议时停止细化边界画像。,近位提高该边界议题进入关系核心的可能；远位只保留背景或阶段性观察。,84,+8 个人决定证据,personal_decision_profile,个人身体、隐私、朋友、兴趣和不影响共同利益的选择，以本人决定为主。,个人领域中，较成熟的做法是：个人身体、隐私、朋友、兴趣和不影响共同利益的选择，以本人决定为主。,不得仅凭本规则推出某人必然控制、回避、依赖、忠诚或适合结婚；不得把亲密解释为无隐私，把保护解释为替代决定，把贡献多少解释为决策权大小。现实安全、明确同意、可撤回性、持续行为、反例与双方意愿优先。,中,待验证,,boundary_channel=BC01; ten_god=比肩; provisional=true; rule_group=BOUND-BC通道,0.5
M5-BOUND-023,BC01 平等自主｜共同决定行为,L1 十类适配边界通道,BOUND-BC通道,通用,共同决定,BC01 平等自主,比肩,存在影响双方生活、资源或承诺的事项。,只有一方单方面决定或事后通知。,由共享基础引擎、M3-BOUND与M5-BASE提供；只修正用户需要怎样的自主、共享、授权与空间结构，不直接判断具体关系现实中公平或安全。,M2只说明谁容易进入关系及资格证据；不能替代具体对象的同意、边界、资源和权力行为验证。,M3-BASE与M3-BOUND提供用户自然靠近、共享和边界通道；M5-BOUND负责判断双方如何共同治理。,无／按本规则指定的提议—知情—同意—执行—复核—重订路径路由。,近位、远位只修正该边界需求进入亲密关系核心的可能；不得据此判断具体伴侣一定尊重或越界。,根气只修正用户边界需求是否稳定重复，不等于双方已形成成熟治理。,旺弱只修正某项自主、共享、规则或空间功能的调用强度，不直接等于控制、回避或适配质量。,喜忌只修正功能调用顺畅度与摩擦，不可直接翻译为理想伴侣五行、十神或必然互补。,真合化成立时按化神功能重算边界需求；合化争议时停止细化边界画像。,近位提高该边界议题进入关系核心的可能；远位只保留背景或阶段性观察。,86,+10 共同决定证据,joint_decision_profile,影响双方时间、资源、居住和承诺的事项，由双方共同讨论与决定。,共同事项中，需要做到：影响双方时间、资源、居住和承诺的事项，由双方共同讨论与决定。,不得仅凭本规则推出某人必然控制、回避、依赖、忠诚或适合结婚；不得把亲密解释为无隐私，把保护解释为替代决定，把贡献多少解释为决策权大小。现实安全、明确同意、可撤回性、持续行为、反例与双方意愿优先。,中高,待验证,,boundary_channel=BC01; ten_god=比肩; provisional=true; rule_group=BOUND-BC通道,0.5
M5-BOUND-024,BC01 平等自主｜同意与撤回行为,L1 十类适配边界通道,BOUND-BC通道,通用,同意,BC01 平等自主,比肩,涉及身体、资源、公开、授权、靠近或暂停。,沉默、顺从、关系身份或既往同意被当成永久授权。,由共享基础引擎、M3-BOUND与M5-BASE提供；只修正用户需要怎样的自主、共享、授权与空间结构，不直接判断具体关系现实中公平或安全。,M2只说明谁容易进入关系及资格证据；不能替代具体对象的同意、边界、资源和权力行为验证。,M3-BASE与M3-BOUND提供用户自然靠近、共享和边界通道；M5-BOUND负责判断双方如何共同治理。,无／按本规则指定的提议—知情—同意—执行—复核—重订路径路由。,近位、远位只修正该边界需求进入亲密关系核心的可能；不得据此判断具体伴侣一定尊重或越界。,根气只修正用户边界需求是否稳定重复，不等于双方已形成成熟治理。,旺弱只修正某项自主、共享、规则或空间功能的调用强度，不直接等于控制、回避或适配质量。,喜忌只修正功能调用顺畅度与摩擦，不可直接翻译为理想伴侣五行、十神或必然互补。,真合化成立时按化神功能重算边界需求；合化争议时停止细化边界画像。,近位提高该边界议题进入关系核心的可能；远位只保留背景或阶段性观察。,94,+12 同意证据,consent_boundary,拒绝、暂停和改变主意不会被惩罚，也不会被解释成不爱或不信任。,同意方面要看：拒绝、暂停和改变主意不会被惩罚，也不会被解释成不爱或不信任。,不得仅凭本规则推出某人必然控制、回避、依赖、忠诚或适合结婚；不得把亲密解释为无隐私，把保护解释为替代决定，把贡献多少解释为决策权大小。现实安全、明确同意、可撤回性、持续行为、反例与双方意愿优先。,高,待验证,,boundary_channel=BC01; ten_god=比肩; provisional=true; rule_group=BOUND-BC通道,0.5
M5-BOUND-025,BC01 平等自主｜资源与空间行为,L1 十类适配边界通道,BOUND-BC通道,通用,资源,BC01 平等自主,比肩,涉及金钱、时间、设备、空间、劳动或信息。,资源贡献或共享被扩大为控制权。,由共享基础引擎、M3-BOUND与M5-BASE提供；只修正用户需要怎样的自主、共享、授权与空间结构，不直接判断具体关系现实中公平或安全。,M2只说明谁容易进入关系及资格证据；不能替代具体对象的同意、边界、资源和权力行为验证。,M3-BASE与M3-BOUND提供用户自然靠近、共享和边界通道；M5-BOUND负责判断双方如何共同治理。,无／按本规则指定的提议—知情—同意—执行—复核—重订路径路由。,近位、远位只修正该边界需求进入亲密关系核心的可能；不得据此判断具体伴侣一定尊重或越界。,根气只修正用户边界需求是否稳定重复，不等于双方已形成成熟治理。,旺弱只修正某项自主、共享、规则或空间功能的调用强度，不直接等于控制、回避或适配质量。,喜忌只修正功能调用顺畅度与摩擦，不可直接翻译为理想伴侣五行、十神或必然互补。,真合化成立时按化神功能重算边界需求；合化争议时停止细化边界画像。,近位提高该边界议题进入关系核心的可能；远位只保留背景或阶段性观察。,86,+10 资源证据,resource_boundary_profile,共享不等于失去个人账户、个人空间和个人信息的最低自主。,资源与空间方面需要：共享不等于失去个人账户、个人空间和个人信息的最低自主。,不得仅凭本规则推出某人必然控制、回避、依赖、忠诚或适合结婚；不得把亲密解释为无隐私，把保护解释为替代决定，把贡献多少解释为决策权大小。现实安全、明确同意、可撤回性、持续行为、反例与双方意愿优先。,中高,待验证,,boundary_channel=BC01; ten_god=比肩; provisional=true; rule_group=BOUND-BC通道,0.5
M5-BOUND-026,BC01 平等自主｜压力与高风险行为,L1 十类适配边界通道,BOUND-BC通道,通用,压力,BC01 平等自主,比肩,存在冲突、高压、危机、成本或权力差异。,只有轻松情境资料。,由共享基础引擎、M3-BOUND与M5-BASE提供；只修正用户需要怎样的自主、共享、授权与空间结构，不直接判断具体关系现实中公平或安全。,M2只说明谁容易进入关系及资格证据；不能替代具体对象的同意、边界、资源和权力行为验证。,M3-BASE与M3-BOUND提供用户自然靠近、共享和边界通道；M5-BOUND负责判断双方如何共同治理。,无／按本规则指定的提议—知情—同意—执行—复核—重订路径路由。,近位、远位只修正该边界需求进入亲密关系核心的可能；不得据此判断具体伴侣一定尊重或越界。,根气只修正用户边界需求是否稳定重复，不等于双方已形成成熟治理。,旺弱只修正某项自主、共享、规则或空间功能的调用强度，不直接等于控制、回避或适配质量。,喜忌只修正功能调用顺畅度与摩擦，不可直接翻译为理想伴侣五行、十神或必然互补。,真合化成立时按化神功能重算边界需求；合化争议时停止细化边界画像。,近位提高该边界议题进入关系核心的可能；远位只保留背景或阶段性观察。,90,+12 压力证据,stress_boundary_profile,压力下仍允许表达不同意见，不把速度、资历或资源优势变成最终决定权。,压力下重点观察：压力下仍允许表达不同意见，不把速度、资历或资源优势变成最终决定权。,不得仅凭本规则推出某人必然控制、回避、依赖、忠诚或适合结婚；不得把亲密解释为无隐私，把保护解释为替代决定，把贡献多少解释为决策权大小。现实安全、明确同意、可撤回性、持续行为、反例与双方意愿优先。,中高,待验证,,boundary_channel=BC01; ten_god=比肩; provisional=true; rule_group=BOUND-BC通道,0.5
M5-BOUND-027,BC01 平等自主｜成熟边界表达,L1 十类适配边界通道,BOUND-BC通道,通用,成熟,BC01 平等自主,比肩,BV4以上，且BO01、BO02、BO04、BO10至少三项可靠。,只有自述、规则文本或一次事件。,由共享基础引擎、M3-BOUND与M5-BASE提供；只修正用户需要怎样的自主、共享、授权与空间结构，不直接判断具体关系现实中公平或安全。,M2只说明谁容易进入关系及资格证据；不能替代具体对象的同意、边界、资源和权力行为验证。,M3-BASE与M3-BOUND提供用户自然靠近、共享和边界通道；M5-BOUND负责判断双方如何共同治理。,无／按本规则指定的提议—知情—同意—执行—复核—重订路径路由。,近位、远位只修正该边界需求进入亲密关系核心的可能；不得据此判断具体伴侣一定尊重或越界。,根气只修正用户边界需求是否稳定重复，不等于双方已形成成熟治理。,旺弱只修正某项自主、共享、规则或空间功能的调用强度，不直接等于控制、回避或适配质量。,喜忌只修正功能调用顺畅度与摩擦，不可直接翻译为理想伴侣五行、十神或必然互补。,真合化成立时按化神功能重算边界需求；合化争议时停止细化边界画像。,近位提高该边界议题进入关系核心的可能；远位只保留背景或阶段性观察。,92,成熟 +16,mature_boundary_profile,双方能区分个人决定与共同决定，并在影响范围变化时重新划分。,成熟表现是：双方能区分个人决定与共同决定，并在影响范围变化时重新划分。,不得仅凭本规则推出某人必然控制、回避、依赖、忠诚或适合结婚；不得把亲密解释为无隐私，把保护解释为替代决定，把贡献多少解释为决策权大小。现实安全、明确同意、可撤回性、持续行为、反例与双方意愿优先。,中高,待验证,,boundary_channel=BC01; ten_god=比肩; provisional=true; rule_group=BOUND-BC通道,0.5
M5-BOUND-028,BC01 平等自主｜失衡边界候选,L1 十类适配边界通道,BOUND-BC通道,通用,风险,BC01 平等自主,比肩,现实资料显示越权、僵化、失联、资源不对称或回归失败。,只有通道强度，没有独立失衡证据。,由共享基础引擎、M3-BOUND与M5-BASE提供；只修正用户需要怎样的自主、共享、授权与空间结构，不直接判断具体关系现实中公平或安全。,M2只说明谁容易进入关系及资格证据；不能替代具体对象的同意、边界、资源和权力行为验证。,M3-BASE与M3-BOUND提供用户自然靠近、共享和边界通道；M5-BOUND负责判断双方如何共同治理。,无／按本规则指定的提议—知情—同意—执行—复核—重订路径路由。,近位、远位只修正该边界需求进入亲密关系核心的可能；不得据此判断具体伴侣一定尊重或越界。,根气只修正用户边界需求是否稳定重复，不等于双方已形成成熟治理。,旺弱只修正某项自主、共享、规则或空间功能的调用强度，不直接等于控制、回避或适配质量。,喜忌只修正功能调用顺畅度与摩擦，不可直接翻译为理想伴侣五行、十神或必然互补。,真合化成立时按化神功能重算边界需求；合化争议时停止细化边界画像。,近位提高该边界议题进入关系核心的可能；远位只保留背景或阶段性观察。,88,风险 +12,boundary_risk_warning,容易把平等做成机械对半、互不相让，或把任何协商都看成被限制。,需要留意：容易把平等做成机械对半、互不相让，或把任何协商都看成被限制。,不得仅凭本规则推出某人必然控制、回避、依赖、忠诚或适合结婚；不得把亲密解释为无隐私，把保护解释为替代决定，把贡献多少解释为决策权大小。现实安全、明确同意、可撤回性、持续行为、反例与双方意愿优先。,中高,待验证,,boundary_channel=BC01; ten_god=比肩; provisional=true; rule_group=BOUND-BC通道,0.5
M5-BOUND-029,BC01 平等自主｜伪装／假成熟表达,L1 十类适配边界通道,BOUND-BC通道,通用,伪适配,BC01 平等自主,比肩,外显标签、规则术语或保护行为强，但BV低、反例明显。,BV5—BV7现实证据支持成熟表达。,由共享基础引擎、M3-BOUND与M5-BASE提供；只修正用户需要怎样的自主、共享、授权与空间结构，不直接判断具体关系现实中公平或安全。,M2只说明谁容易进入关系及资格证据；不能替代具体对象的同意、边界、资源和权力行为验证。,M3-BASE与M3-BOUND提供用户自然靠近、共享和边界通道；M5-BOUND负责判断双方如何共同治理。,无／按本规则指定的提议—知情—同意—执行—复核—重订路径路由。,近位、远位只修正该边界需求进入亲密关系核心的可能；不得据此判断具体伴侣一定尊重或越界。,根气只修正用户边界需求是否稳定重复，不等于双方已形成成熟治理。,旺弱只修正某项自主、共享、规则或空间功能的调用强度，不直接等于控制、回避或适配质量。,喜忌只修正功能调用顺畅度与摩擦，不可直接翻译为理想伴侣五行、十神或必然互补。,真合化成立时按化神功能重算边界需求；合化争议时停止细化边界画像。,近位提高该边界议题进入关系核心的可能；远位只保留背景或阶段性观察。,92,GB候选 +12,pseudo_boundary_warning,口头强调独立和平等，现实中却不承担共同责任、不告知重要影响或只保护自己选择权。,不要只看：口头强调独立和平等，现实中却不承担共同责任、不告知重要影响或只保护自己选择权。,不得仅凭本规则推出某人必然控制、回避、依赖、忠诚或适合结婚；不得把亲密解释为无隐私，把保护解释为替代决定，把贡献多少解释为决策权大小。现实安全、明确同意、可撤回性、持续行为、反例与双方意愿优先。,中高,待验证,,boundary_channel=BC01; ten_god=比肩; provisional=true; rule_group=BOUND-BC通道,0.5
M5-BOUND-030,BC01 平等自主｜关键观察与用户输出,L1 十类适配边界通道,BOUND-BC通道,通用,输出,BC01 平等自主,比肩,已形成主或次BC候选。,BS08停止或资料严重不足。,由共享基础引擎、M3-BOUND与M5-BASE提供；只修正用户需要怎样的自主、共享、授权与空间结构，不直接判断具体关系现实中公平或安全。,M2只说明谁容易进入关系及资格证据；不能替代具体对象的同意、边界、资源和权力行为验证。,M3-BASE与M3-BOUND提供用户自然靠近、共享和边界通道；M5-BOUND负责判断双方如何共同治理。,无／按本规则指定的提议—知情—同意—执行—复核—重订路径路由。,近位、远位只修正该边界需求进入亲密关系核心的可能；不得据此判断具体伴侣一定尊重或越界。,根气只修正用户边界需求是否稳定重复，不等于双方已形成成熟治理。,旺弱只修正某项自主、共享、规则或空间功能的调用强度，不直接等于控制、回避或适配质量。,喜忌只修正功能调用顺畅度与摩擦，不可直接翻译为理想伴侣五行、十神或必然互补。,真合化成立时按化神功能重算边界需求；合化争议时停止细化边界画像。,近位提高该边界议题进入关系核心的可能；远位只保留背景或阶段性观察。,76,不加分；输出,observation_plan,当双方意见不同、资源不等或需要承担代价时，是否仍保留双方参与和否决空间。,当双方意见不同、资源不等或需要承担代价时，是否仍保留双方参与和否决空间。,不得仅凭本规则推出某人必然控制、回避、依赖、忠诚或适合结婚；不得把亲密解释为无隐私，把保护解释为替代决定，把贡献多少解释为决策权大小。现实安全、明确同意、可撤回性、持续行为、反例与双方意愿优先。,中高,待验证,,boundary_channel=BC01; ten_god=比肩; provisional=true; rule_group=BOUND-BC通道,0.5
M5-BOUND-031,BC02 协作参与｜通道定义,L1 十类适配边界通道,BOUND-BC通道,通用,基础,BC02 协作参与,劫财,M5-BASE或上游模块将对应FN路由为主／次边界功能。,PR0安全门控未通过或该功能只属PR3且与主风险冲突。,由共享基础引擎、M3-BOUND与M5-BASE提供；只修正用户需要怎样的自主、共享、授权与空间结构，不直接判断具体关系现实中公平或安全。,M2只说明谁容易进入关系及资格证据；不能替代具体对象的同意、边界、资源和权力行为验证。,M3-BASE与M3-BOUND提供用户自然靠近、共享和边界通道；M5-BOUND负责判断双方如何共同治理。,无／按本规则指定的提议—知情—同意—执行—复核—重订路径路由。,近位、远位只修正该边界需求进入亲密关系核心的可能；不得据此判断具体伴侣一定尊重或越界。,根气只修正用户边界需求是否稳定重复，不等于双方已形成成熟治理。,旺弱只修正某项自主、共享、规则或空间功能的调用强度，不直接等于控制、回避或适配质量。,喜忌只修正功能调用顺畅度与摩擦，不可直接翻译为理想伴侣五行、十神或必然互补。,真合化成立时按化神功能重算边界需求；合化争议时停止细化边界画像。,近位提高该边界议题进入关系核心的可能；远位只保留背景或阶段性观察。,94,主通道候选 +20,primary_boundary_channel,BC02 协作参与将劫财功能转译为双人边界治理通道。,你适合一起做事的关系，但协作必须有授权、范围和清楚的交接。,不得仅凭本规则推出某人必然控制、回避、依赖、忠诚或适合结婚；不得把亲密解释为无隐私，把保护解释为替代决定，把贡献多少解释为决策权大小。现实安全、明确同意、可撤回性、持续行为、反例与双方意愿优先。,中高,待验证,,boundary_channel=BC02; ten_god=劫财; provisional=true; rule_group=BOUND-BC通道,0.5
M5-BOUND-032,BC02 协作参与｜个人决定行为,L1 十类适配边界通道,BOUND-BC通道,通用,个人决定,BC02 协作参与,劫财,存在个人领域的现实资料。,把个人选择对共同生活的重大影响完全忽略。,由共享基础引擎、M3-BOUND与M5-BASE提供；只修正用户需要怎样的自主、共享、授权与空间结构，不直接判断具体关系现实中公平或安全。,M2只说明谁容易进入关系及资格证据；不能替代具体对象的同意、边界、资源和权力行为验证。,M3-BASE与M3-BOUND提供用户自然靠近、共享和边界通道；M5-BOUND负责判断双方如何共同治理。,无／按本规则指定的提议—知情—同意—执行—复核—重订路径路由。,近位、远位只修正该边界需求进入亲密关系核心的可能；不得据此判断具体伴侣一定尊重或越界。,根气只修正用户边界需求是否稳定重复，不等于双方已形成成熟治理。,旺弱只修正某项自主、共享、规则或空间功能的调用强度，不直接等于控制、回避或适配质量。,喜忌只修正功能调用顺畅度与摩擦，不可直接翻译为理想伴侣五行、十神或必然互补。,真合化成立时按化神功能重算边界需求；合化争议时停止细化边界画像。,近位提高该边界议题进入关系核心的可能；远位只保留背景或阶段性观察。,84,+8 个人决定证据,personal_decision_profile,各自可独立处理擅长事务，不因一方介入就永久转移决定权。,个人领域中，较成熟的做法是：各自可独立处理擅长事务，不因一方介入就永久转移决定权。,不得仅凭本规则推出某人必然控制、回避、依赖、忠诚或适合结婚；不得把亲密解释为无隐私，把保护解释为替代决定，把贡献多少解释为决策权大小。现实安全、明确同意、可撤回性、持续行为、反例与双方意愿优先。,中,待验证,,boundary_channel=BC02; ten_god=劫财; provisional=true; rule_group=BOUND-BC通道,0.5
M5-BOUND-033,BC02 协作参与｜共同决定行为,L1 十类适配边界通道,BOUND-BC通道,通用,共同决定,BC02 协作参与,劫财,存在影响双方生活、资源或承诺的事项。,只有一方单方面决定或事后通知。,由共享基础引擎、M3-BOUND与M5-BASE提供；只修正用户需要怎样的自主、共享、授权与空间结构，不直接判断具体关系现实中公平或安全。,M2只说明谁容易进入关系及资格证据；不能替代具体对象的同意、边界、资源和权力行为验证。,M3-BASE与M3-BOUND提供用户自然靠近、共享和边界通道；M5-BOUND负责判断双方如何共同治理。,无／按本规则指定的提议—知情—同意—执行—复核—重订路径路由。,近位、远位只修正该边界需求进入亲密关系核心的可能；不得据此判断具体伴侣一定尊重或越界。,根气只修正用户边界需求是否稳定重复，不等于双方已形成成熟治理。,旺弱只修正某项自主、共享、规则或空间功能的调用强度，不直接等于控制、回避或适配质量。,喜忌只修正功能调用顺畅度与摩擦，不可直接翻译为理想伴侣五行、十神或必然互补。,真合化成立时按化神功能重算边界需求；合化争议时停止细化边界画像。,近位提高该边界议题进入关系核心的可能；远位只保留背景或阶段性观察。,86,+10 共同决定证据,joint_decision_profile,共同任务可由一方先行动、另一方补位，但重要变化要及时同步。,共同事项中，需要做到：共同任务可由一方先行动、另一方补位，但重要变化要及时同步。,不得仅凭本规则推出某人必然控制、回避、依赖、忠诚或适合结婚；不得把亲密解释为无隐私，把保护解释为替代决定，把贡献多少解释为决策权大小。现实安全、明确同意、可撤回性、持续行为、反例与双方意愿优先。,中高,待验证,,boundary_channel=BC02; ten_god=劫财; provisional=true; rule_group=BOUND-BC通道,0.5
M5-BOUND-034,BC02 协作参与｜同意与撤回行为,L1 十类适配边界通道,BOUND-BC通道,通用,同意,BC02 协作参与,劫财,涉及身体、资源、公开、授权、靠近或暂停。,沉默、顺从、关系身份或既往同意被当成永久授权。,由共享基础引擎、M3-BOUND与M5-BASE提供；只修正用户需要怎样的自主、共享、授权与空间结构，不直接判断具体关系现实中公平或安全。,M2只说明谁容易进入关系及资格证据；不能替代具体对象的同意、边界、资源和权力行为验证。,M3-BASE与M3-BOUND提供用户自然靠近、共享和边界通道；M5-BOUND负责判断双方如何共同治理。,无／按本规则指定的提议—知情—同意—执行—复核—重订路径路由。,近位、远位只修正该边界需求进入亲密关系核心的可能；不得据此判断具体伴侣一定尊重或越界。,根气只修正用户边界需求是否稳定重复，不等于双方已形成成熟治理。,旺弱只修正某项自主、共享、规则或空间功能的调用强度，不直接等于控制、回避或适配质量。,喜忌只修正功能调用顺畅度与摩擦，不可直接翻译为理想伴侣五行、十神或必然互补。,真合化成立时按化神功能重算边界需求；合化争议时停止细化边界画像。,近位提高该边界议题进入关系核心的可能；远位只保留背景或阶段性观察。,94,+12 同意证据,consent_boundary,帮助前确认是否需要、需要到什么程度，接收方可随时调整或终止。,同意方面要看：帮助前确认是否需要、需要到什么程度，接收方可随时调整或终止。,不得仅凭本规则推出某人必然控制、回避、依赖、忠诚或适合结婚；不得把亲密解释为无隐私，把保护解释为替代决定，把贡献多少解释为决策权大小。现实安全、明确同意、可撤回性、持续行为、反例与双方意愿优先。,高,待验证,,boundary_channel=BC02; ten_god=劫财; provisional=true; rule_group=BOUND-BC通道,0.5
M5-BOUND-035,BC02 协作参与｜资源与空间行为,L1 十类适配边界通道,BOUND-BC通道,通用,资源,BC02 协作参与,劫财,涉及金钱、时间、设备、空间、劳动或信息。,资源贡献或共享被扩大为控制权。,由共享基础引擎、M3-BOUND与M5-BASE提供；只修正用户需要怎样的自主、共享、授权与空间结构，不直接判断具体关系现实中公平或安全。,M2只说明谁容易进入关系及资格证据；不能替代具体对象的同意、边界、资源和权力行为验证。,M3-BASE与M3-BOUND提供用户自然靠近、共享和边界通道；M5-BOUND负责判断双方如何共同治理。,无／按本规则指定的提议—知情—同意—执行—复核—重订路径路由。,近位、远位只修正该边界需求进入亲密关系核心的可能；不得据此判断具体伴侣一定尊重或越界。,根气只修正用户边界需求是否稳定重复，不等于双方已形成成熟治理。,旺弱只修正某项自主、共享、规则或空间功能的调用强度，不直接等于控制、回避或适配质量。,喜忌只修正功能调用顺畅度与摩擦，不可直接翻译为理想伴侣五行、十神或必然互补。,真合化成立时按化神功能重算边界需求；合化争议时停止细化边界画像。,近位提高该边界议题进入关系核心的可能；远位只保留背景或阶段性观察。,86,+10 资源证据,resource_boundary_profile,临时调动时间、金钱、人脉和工具时，来源、用途与后续责任透明。,资源与空间方面需要：临时调动时间、金钱、人脉和工具时，来源、用途与后续责任透明。,不得仅凭本规则推出某人必然控制、回避、依赖、忠诚或适合结婚；不得把亲密解释为无隐私，把保护解释为替代决定，把贡献多少解释为决策权大小。现实安全、明确同意、可撤回性、持续行为、反例与双方意愿优先。,中高,待验证,,boundary_channel=BC02; ten_god=劫财; provisional=true; rule_group=BOUND-BC通道,0.5
M5-BOUND-036,BC02 协作参与｜压力与高风险行为,L1 十类适配边界通道,BOUND-BC通道,通用,压力,BC02 协作参与,劫财,存在冲突、高压、危机、成本或权力差异。,只有轻松情境资料。,由共享基础引擎、M3-BOUND与M5-BASE提供；只修正用户需要怎样的自主、共享、授权与空间结构，不直接判断具体关系现实中公平或安全。,M2只说明谁容易进入关系及资格证据；不能替代具体对象的同意、边界、资源和权力行为验证。,M3-BASE与M3-BOUND提供用户自然靠近、共享和边界通道；M5-BOUND负责判断双方如何共同治理。,无／按本规则指定的提议—知情—同意—执行—复核—重订路径路由。,近位、远位只修正该边界需求进入亲密关系核心的可能；不得据此判断具体伴侣一定尊重或越界。,根气只修正用户边界需求是否稳定重复，不等于双方已形成成熟治理。,旺弱只修正某项自主、共享、规则或空间功能的调用强度，不直接等于控制、回避或适配质量。,喜忌只修正功能调用顺畅度与摩擦，不可直接翻译为理想伴侣五行、十神或必然互补。,真合化成立时按化神功能重算边界需求；合化争议时停止细化边界画像。,近位提高该边界议题进入关系核心的可能；远位只保留背景或阶段性观察。,90,+12 压力证据,stress_boundary_profile,突发时可以临时授权，但紧急状态结束后要归还信息、权限和参与权。,压力下重点观察：突发时可以临时授权，但紧急状态结束后要归还信息、权限和参与权。,不得仅凭本规则推出某人必然控制、回避、依赖、忠诚或适合结婚；不得把亲密解释为无隐私，把保护解释为替代决定，把贡献多少解释为决策权大小。现实安全、明确同意、可撤回性、持续行为、反例与双方意愿优先。,中高,待验证,,boundary_channel=BC02; ten_god=劫财; provisional=true; rule_group=BOUND-BC通道,0.5
M5-BOUND-037,BC02 协作参与｜成熟边界表达,L1 十类适配边界通道,BOUND-BC通道,通用,成熟,BC02 协作参与,劫财,BV4以上，且BO01、BO02、BO04、BO10至少三项可靠。,只有自述、规则文本或一次事件。,由共享基础引擎、M3-BOUND与M5-BASE提供；只修正用户需要怎样的自主、共享、授权与空间结构，不直接判断具体关系现实中公平或安全。,M2只说明谁容易进入关系及资格证据；不能替代具体对象的同意、边界、资源和权力行为验证。,M3-BASE与M3-BOUND提供用户自然靠近、共享和边界通道；M5-BOUND负责判断双方如何共同治理。,无／按本规则指定的提议—知情—同意—执行—复核—重订路径路由。,近位、远位只修正该边界需求进入亲密关系核心的可能；不得据此判断具体伴侣一定尊重或越界。,根气只修正用户边界需求是否稳定重复，不等于双方已形成成熟治理。,旺弱只修正某项自主、共享、规则或空间功能的调用强度，不直接等于控制、回避或适配质量。,喜忌只修正功能调用顺畅度与摩擦，不可直接翻译为理想伴侣五行、十神或必然互补。,真合化成立时按化神功能重算边界需求；合化争议时停止细化边界画像。,近位提高该边界议题进入关系核心的可能；远位只保留背景或阶段性观察。,92,成熟 +16,mature_boundary_profile,行动快速、协作顺畅，同时边界、资源和后续交接清楚。,成熟表现是：行动快速、协作顺畅，同时边界、资源和后续交接清楚。,不得仅凭本规则推出某人必然控制、回避、依赖、忠诚或适合结婚；不得把亲密解释为无隐私，把保护解释为替代决定，把贡献多少解释为决策权大小。现实安全、明确同意、可撤回性、持续行为、反例与双方意愿优先。,中高,待验证,,boundary_channel=BC02; ten_god=劫财; provisional=true; rule_group=BOUND-BC通道,0.5
M5-BOUND-038,BC02 协作参与｜失衡边界候选,L1 十类适配边界通道,BOUND-BC通道,通用,风险,BC02 协作参与,劫财,现实资料显示越权、僵化、失联、资源不对称或回归失败。,只有通道强度，没有独立失衡证据。,由共享基础引擎、M3-BOUND与M5-BASE提供；只修正用户需要怎样的自主、共享、授权与空间结构，不直接判断具体关系现实中公平或安全。,M2只说明谁容易进入关系及资格证据；不能替代具体对象的同意、边界、资源和权力行为验证。,M3-BASE与M3-BOUND提供用户自然靠近、共享和边界通道；M5-BOUND负责判断双方如何共同治理。,无／按本规则指定的提议—知情—同意—执行—复核—重订路径路由。,近位、远位只修正该边界需求进入亲密关系核心的可能；不得据此判断具体伴侣一定尊重或越界。,根气只修正用户边界需求是否稳定重复，不等于双方已形成成熟治理。,旺弱只修正某项自主、共享、规则或空间功能的调用强度，不直接等于控制、回避或适配质量。,喜忌只修正功能调用顺畅度与摩擦，不可直接翻译为理想伴侣五行、十神或必然互补。,真合化成立时按化神功能重算边界需求；合化争议时停止细化边界画像。,近位提高该边界议题进入关系核心的可能；远位只保留背景或阶段性观察。,88,风险 +12,boundary_risk_warning,容易包办、抢先决定、资源混用，或热度过后责任和权限没有交接。,需要留意：容易包办、抢先决定、资源混用，或热度过后责任和权限没有交接。,不得仅凭本规则推出某人必然控制、回避、依赖、忠诚或适合结婚；不得把亲密解释为无隐私，把保护解释为替代决定，把贡献多少解释为决策权大小。现实安全、明确同意、可撤回性、持续行为、反例与双方意愿优先。,中高,待验证,,boundary_channel=BC02; ten_god=劫财; provisional=true; rule_group=BOUND-BC通道,0.5
M5-BOUND-039,BC02 协作参与｜伪装／假成熟表达,L1 十类适配边界通道,BOUND-BC通道,通用,伪适配,BC02 协作参与,劫财,外显标签、规则术语或保护行为强，但BV低、反例明显。,BV5—BV7现实证据支持成熟表达。,由共享基础引擎、M3-BOUND与M5-BASE提供；只修正用户需要怎样的自主、共享、授权与空间结构，不直接判断具体关系现实中公平或安全。,M2只说明谁容易进入关系及资格证据；不能替代具体对象的同意、边界、资源和权力行为验证。,M3-BASE与M3-BOUND提供用户自然靠近、共享和边界通道；M5-BOUND负责判断双方如何共同治理。,无／按本规则指定的提议—知情—同意—执行—复核—重订路径路由。,近位、远位只修正该边界需求进入亲密关系核心的可能；不得据此判断具体伴侣一定尊重或越界。,根气只修正用户边界需求是否稳定重复，不等于双方已形成成熟治理。,旺弱只修正某项自主、共享、规则或空间功能的调用强度，不直接等于控制、回避或适配质量。,喜忌只修正功能调用顺畅度与摩擦，不可直接翻译为理想伴侣五行、十神或必然互补。,真合化成立时按化神功能重算边界需求；合化争议时停止细化边界画像。,近位提高该边界议题进入关系核心的可能；远位只保留背景或阶段性观察。,92,GB候选 +12,pseudo_boundary_warning,用忙前忙后和强参与感制造可靠形象，却未经同意接管事务或留下后续给对方。,不要只看：用忙前忙后和强参与感制造可靠形象，却未经同意接管事务或留下后续给对方。,不得仅凭本规则推出某人必然控制、回避、依赖、忠诚或适合结婚；不得把亲密解释为无隐私，把保护解释为替代决定，把贡献多少解释为决策权大小。现实安全、明确同意、可撤回性、持续行为、反例与双方意愿优先。,中高,待验证,,boundary_channel=BC02; ten_god=劫财; provisional=true; rule_group=BOUND-BC通道,0.5
M5-BOUND-040,BC02 协作参与｜关键观察与用户输出,L1 十类适配边界通道,BOUND-BC通道,通用,输出,BC02 协作参与,劫财,已形成主或次BC候选。,BS08停止或资料严重不足。,由共享基础引擎、M3-BOUND与M5-BASE提供；只修正用户需要怎样的自主、共享、授权与空间结构，不直接判断具体关系现实中公平或安全。,M2只说明谁容易进入关系及资格证据；不能替代具体对象的同意、边界、资源和权力行为验证。,M3-BASE与M3-BOUND提供用户自然靠近、共享和边界通道；M5-BOUND负责判断双方如何共同治理。,无／按本规则指定的提议—知情—同意—执行—复核—重订路径路由。,近位、远位只修正该边界需求进入亲密关系核心的可能；不得据此判断具体伴侣一定尊重或越界。,根气只修正用户边界需求是否稳定重复，不等于双方已形成成熟治理。,旺弱只修正某项自主、共享、规则或空间功能的调用强度，不直接等于控制、回避或适配质量。,喜忌只修正功能调用顺畅度与摩擦，不可直接翻译为理想伴侣五行、十神或必然互补。,真合化成立时按化神功能重算边界需求；合化争议时停止细化边界画像。,近位提高该边界议题进入关系核心的可能；远位只保留背景或阶段性观察。,76,不加分；输出,observation_plan,共同执行结束后，权限是否归还，资源是否说明，后续是否完成交接。,共同执行结束后，权限是否归还，资源是否说明，后续是否完成交接。,不得仅凭本规则推出某人必然控制、回避、依赖、忠诚或适合结婚；不得把亲密解释为无隐私，把保护解释为替代决定，把贡献多少解释为决策权大小。现实安全、明确同意、可撤回性、持续行为、反例与双方意愿优先。,中高,待验证,,boundary_channel=BC02; ten_god=劫财; provisional=true; rule_group=BOUND-BC通道,0.5
M5-BOUND-041,BC03 舒适靠近｜通道定义,L1 十类适配边界通道,BOUND-BC通道,通用,基础,BC03 舒适靠近,食神,M5-BASE或上游模块将对应FN路由为主／次边界功能。,PR0安全门控未通过或该功能只属PR3且与主风险冲突。,由共享基础引擎、M3-BOUND与M5-BASE提供；只修正用户需要怎样的自主、共享、授权与空间结构，不直接判断具体关系现实中公平或安全。,M2只说明谁容易进入关系及资格证据；不能替代具体对象的同意、边界、资源和权力行为验证。,M3-BASE与M3-BOUND提供用户自然靠近、共享和边界通道；M5-BOUND负责判断双方如何共同治理。,无／按本规则指定的提议—知情—同意—执行—复核—重订路径路由。,近位、远位只修正该边界需求进入亲密关系核心的可能；不得据此判断具体伴侣一定尊重或越界。,根气只修正用户边界需求是否稳定重复，不等于双方已形成成熟治理。,旺弱只修正某项自主、共享、规则或空间功能的调用强度，不直接等于控制、回避或适配质量。,喜忌只修正功能调用顺畅度与摩擦，不可直接翻译为理想伴侣五行、十神或必然互补。,真合化成立时按化神功能重算边界需求；合化争议时停止细化边界画像。,近位提高该边界议题进入关系核心的可能；远位只保留背景或阶段性观察。,94,主通道候选 +20,primary_boundary_channel,BC03 舒适靠近将食神功能转译为双人边界治理通道。,温和和舒服很重要，但真正的边界成熟是在不舒服时也能说清和调整。,不得仅凭本规则推出某人必然控制、回避、依赖、忠诚或适合结婚；不得把亲密解释为无隐私，把保护解释为替代决定，把贡献多少解释为决策权大小。现实安全、明确同意、可撤回性、持续行为、反例与双方意愿优先。,中高,待验证,,boundary_channel=BC03; ten_god=食神; provisional=true; rule_group=BOUND-BC通道,0.5
M5-BOUND-042,BC03 舒适靠近｜个人决定行为,L1 十类适配边界通道,BOUND-BC通道,通用,个人决定,BC03 舒适靠近,食神,存在个人领域的现实资料。,把个人选择对共同生活的重大影响完全忽略。,由共享基础引擎、M3-BOUND与M5-BASE提供；只修正用户需要怎样的自主、共享、授权与空间结构，不直接判断具体关系现实中公平或安全。,M2只说明谁容易进入关系及资格证据；不能替代具体对象的同意、边界、资源和权力行为验证。,M3-BASE与M3-BOUND提供用户自然靠近、共享和边界通道；M5-BOUND负责判断双方如何共同治理。,无／按本规则指定的提议—知情—同意—执行—复核—重订路径路由。,近位、远位只修正该边界需求进入亲密关系核心的可能；不得据此判断具体伴侣一定尊重或越界。,根气只修正用户边界需求是否稳定重复，不等于双方已形成成熟治理。,旺弱只修正某项自主、共享、规则或空间功能的调用强度，不直接等于控制、回避或适配质量。,喜忌只修正功能调用顺畅度与摩擦，不可直接翻译为理想伴侣五行、十神或必然互补。,真合化成立时按化神功能重算边界需求；合化争议时停止细化边界画像。,近位提高该边界议题进入关系核心的可能；远位只保留背景或阶段性观察。,84,+8 个人决定证据,personal_decision_profile,个人需要休息、独处和低刺激时可以直接表达，不必用讨好维持气氛。,个人领域中，较成熟的做法是：个人需要休息、独处和低刺激时可以直接表达，不必用讨好维持气氛。,不得仅凭本规则推出某人必然控制、回避、依赖、忠诚或适合结婚；不得把亲密解释为无隐私，把保护解释为替代决定，把贡献多少解释为决策权大小。现实安全、明确同意、可撤回性、持续行为、反例与双方意愿优先。,中,待验证,,boundary_channel=BC03; ten_god=食神; provisional=true; rule_group=BOUND-BC通道,0.5
M5-BOUND-043,BC03 舒适靠近｜共同决定行为,L1 十类适配边界通道,BOUND-BC通道,通用,共同决定,BC03 舒适靠近,食神,存在影响双方生活、资源或承诺的事项。,只有一方单方面决定或事后通知。,由共享基础引擎、M3-BOUND与M5-BASE提供；只修正用户需要怎样的自主、共享、授权与空间结构，不直接判断具体关系现实中公平或安全。,M2只说明谁容易进入关系及资格证据；不能替代具体对象的同意、边界、资源和权力行为验证。,M3-BASE与M3-BOUND提供用户自然靠近、共享和边界通道；M5-BOUND负责判断双方如何共同治理。,无／按本规则指定的提议—知情—同意—执行—复核—重订路径路由。,近位、远位只修正该边界需求进入亲密关系核心的可能；不得据此判断具体伴侣一定尊重或越界。,根气只修正用户边界需求是否稳定重复，不等于双方已形成成熟治理。,旺弱只修正某项自主、共享、规则或空间功能的调用强度，不直接等于控制、回避或适配质量。,喜忌只修正功能调用顺畅度与摩擦，不可直接翻译为理想伴侣五行、十神或必然互补。,真合化成立时按化神功能重算边界需求；合化争议时停止细化边界画像。,近位提高该边界议题进入关系核心的可能；远位只保留背景或阶段性观察。,86,+10 共同决定证据,joint_decision_profile,共同时间和亲密节奏通过轻量沟通安排，不用高压推进。,共同事项中，需要做到：共同时间和亲密节奏通过轻量沟通安排，不用高压推进。,不得仅凭本规则推出某人必然控制、回避、依赖、忠诚或适合结婚；不得把亲密解释为无隐私，把保护解释为替代决定，把贡献多少解释为决策权大小。现实安全、明确同意、可撤回性、持续行为、反例与双方意愿优先。,中高,待验证,,boundary_channel=BC03; ten_god=食神; provisional=true; rule_group=BOUND-BC通道,0.5
M5-BOUND-044,BC03 舒适靠近｜同意与撤回行为,L1 十类适配边界通道,BOUND-BC通道,通用,同意,BC03 舒适靠近,食神,涉及身体、资源、公开、授权、靠近或暂停。,沉默、顺从、关系身份或既往同意被当成永久授权。,由共享基础引擎、M3-BOUND与M5-BASE提供；只修正用户需要怎样的自主、共享、授权与空间结构，不直接判断具体关系现实中公平或安全。,M2只说明谁容易进入关系及资格证据；不能替代具体对象的同意、边界、资源和权力行为验证。,M3-BASE与M3-BOUND提供用户自然靠近、共享和边界通道；M5-BOUND负责判断双方如何共同治理。,无／按本规则指定的提议—知情—同意—执行—复核—重订路径路由。,近位、远位只修正该边界需求进入亲密关系核心的可能；不得据此判断具体伴侣一定尊重或越界。,根气只修正用户边界需求是否稳定重复，不等于双方已形成成熟治理。,旺弱只修正某项自主、共享、规则或空间功能的调用强度，不直接等于控制、回避或适配质量。,喜忌只修正功能调用顺畅度与摩擦，不可直接翻译为理想伴侣五行、十神或必然互补。,真合化成立时按化神功能重算边界需求；合化争议时停止细化边界画像。,近位提高该边界议题进入关系核心的可能；远位只保留背景或阶段性观察。,94,+12 同意证据,consent_boundary,靠近、触碰、陪伴和分享都需要持续同意，沉默或顺从不等于愿意。,同意方面要看：靠近、触碰、陪伴和分享都需要持续同意，沉默或顺从不等于愿意。,不得仅凭本规则推出某人必然控制、回避、依赖、忠诚或适合结婚；不得把亲密解释为无隐私，把保护解释为替代决定，把贡献多少解释为决策权大小。现实安全、明确同意、可撤回性、持续行为、反例与双方意愿优先。,高,待验证,,boundary_channel=BC03; ten_god=食神; provisional=true; rule_group=BOUND-BC通道,0.5
M5-BOUND-045,BC03 舒适靠近｜资源与空间行为,L1 十类适配边界通道,BOUND-BC通道,通用,资源,BC03 舒适靠近,食神,涉及金钱、时间、设备、空间、劳动或信息。,资源贡献或共享被扩大为控制权。,由共享基础引擎、M3-BOUND与M5-BASE提供；只修正用户需要怎样的自主、共享、授权与空间结构，不直接判断具体关系现实中公平或安全。,M2只说明谁容易进入关系及资格证据；不能替代具体对象的同意、边界、资源和权力行为验证。,M3-BASE与M3-BOUND提供用户自然靠近、共享和边界通道；M5-BOUND负责判断双方如何共同治理。,无／按本规则指定的提议—知情—同意—执行—复核—重订路径路由。,近位、远位只修正该边界需求进入亲密关系核心的可能；不得据此判断具体伴侣一定尊重或越界。,根气只修正用户边界需求是否稳定重复，不等于双方已形成成熟治理。,旺弱只修正某项自主、共享、规则或空间功能的调用强度，不直接等于控制、回避或适配质量。,喜忌只修正功能调用顺畅度与摩擦，不可直接翻译为理想伴侣五行、十神或必然互补。,真合化成立时按化神功能重算边界需求；合化争议时停止细化边界画像。,近位提高该边界议题进入关系核心的可能；远位只保留背景或阶段性观察。,86,+10 资源证据,resource_boundary_profile,照顾和陪伴不能默认由一方长期承担，生活劳动需要被看见和分配。,资源与空间方面需要：照顾和陪伴不能默认由一方长期承担，生活劳动需要被看见和分配。,不得仅凭本规则推出某人必然控制、回避、依赖、忠诚或适合结婚；不得把亲密解释为无隐私，把保护解释为替代决定，把贡献多少解释为决策权大小。现实安全、明确同意、可撤回性、持续行为、反例与双方意愿优先。,中高,待验证,,boundary_channel=BC03; ten_god=食神; provisional=true; rule_group=BOUND-BC通道,0.5
M5-BOUND-046,BC03 舒适靠近｜压力与高风险行为,L1 十类适配边界通道,BOUND-BC通道,通用,压力,BC03 舒适靠近,食神,存在冲突、高压、危机、成本或权力差异。,只有轻松情境资料。,由共享基础引擎、M3-BOUND与M5-BASE提供；只修正用户需要怎样的自主、共享、授权与空间结构，不直接判断具体关系现实中公平或安全。,M2只说明谁容易进入关系及资格证据；不能替代具体对象的同意、边界、资源和权力行为验证。,M3-BASE与M3-BOUND提供用户自然靠近、共享和边界通道；M5-BOUND负责判断双方如何共同治理。,无／按本规则指定的提议—知情—同意—执行—复核—重订路径路由。,近位、远位只修正该边界需求进入亲密关系核心的可能；不得据此判断具体伴侣一定尊重或越界。,根气只修正用户边界需求是否稳定重复，不等于双方已形成成熟治理。,旺弱只修正某项自主、共享、规则或空间功能的调用强度，不直接等于控制、回避或适配质量。,喜忌只修正功能调用顺畅度与摩擦，不可直接翻译为理想伴侣五行、十神或必然互补。,真合化成立时按化神功能重算边界需求；合化争议时停止细化边界画像。,近位提高该边界议题进入关系核心的可能；远位只保留背景或阶段性观察。,90,+12 压力证据,stress_boundary_profile,先降低强度，再约定何时回到关键问题，不能用和谐永久延后边界讨论。,压力下重点观察：先降低强度，再约定何时回到关键问题，不能用和谐永久延后边界讨论。,不得仅凭本规则推出某人必然控制、回避、依赖、忠诚或适合结婚；不得把亲密解释为无隐私，把保护解释为替代决定，把贡献多少解释为决策权大小。现实安全、明确同意、可撤回性、持续行为、反例与双方意愿优先。,中高,待验证,,boundary_channel=BC03; ten_god=食神; provisional=true; rule_group=BOUND-BC通道,0.5
M5-BOUND-047,BC03 舒适靠近｜成熟边界表达,L1 十类适配边界通道,BOUND-BC通道,通用,成熟,BC03 舒适靠近,食神,BV4以上，且BO01、BO02、BO04、BO10至少三项可靠。,只有自述、规则文本或一次事件。,由共享基础引擎、M3-BOUND与M5-BASE提供；只修正用户需要怎样的自主、共享、授权与空间结构，不直接判断具体关系现实中公平或安全。,M2只说明谁容易进入关系及资格证据；不能替代具体对象的同意、边界、资源和权力行为验证。,M3-BASE与M3-BOUND提供用户自然靠近、共享和边界通道；M5-BOUND负责判断双方如何共同治理。,无／按本规则指定的提议—知情—同意—执行—复核—重订路径路由。,近位、远位只修正该边界需求进入亲密关系核心的可能；不得据此判断具体伴侣一定尊重或越界。,根气只修正用户边界需求是否稳定重复，不等于双方已形成成熟治理。,旺弱只修正某项自主、共享、规则或空间功能的调用强度，不直接等于控制、回避或适配质量。,喜忌只修正功能调用顺畅度与摩擦，不可直接翻译为理想伴侣五行、十神或必然互补。,真合化成立时按化神功能重算边界需求；合化争议时停止细化边界画像。,近位提高该边界议题进入关系核心的可能；远位只保留背景或阶段性观察。,92,成熟 +16,mature_boundary_profile,相处舒服，也能够在不舒服时说清需要、停止线和回访点。,成熟表现是：相处舒服，也能够在不舒服时说清需要、停止线和回访点。,不得仅凭本规则推出某人必然控制、回避、依赖、忠诚或适合结婚；不得把亲密解释为无隐私，把保护解释为替代决定，把贡献多少解释为决策权大小。现实安全、明确同意、可撤回性、持续行为、反例与双方意愿优先。,中高,待验证,,boundary_channel=BC03; ten_god=食神; provisional=true; rule_group=BOUND-BC通道,0.5
M5-BOUND-048,BC03 舒适靠近｜失衡边界候选,L1 十类适配边界通道,BOUND-BC通道,通用,风险,BC03 舒适靠近,食神,现实资料显示越权、僵化、失联、资源不对称或回归失败。,只有通道强度，没有独立失衡证据。,由共享基础引擎、M3-BOUND与M5-BASE提供；只修正用户需要怎样的自主、共享、授权与空间结构，不直接判断具体关系现实中公平或安全。,M2只说明谁容易进入关系及资格证据；不能替代具体对象的同意、边界、资源和权力行为验证。,M3-BASE与M3-BOUND提供用户自然靠近、共享和边界通道；M5-BOUND负责判断双方如何共同治理。,无／按本规则指定的提议—知情—同意—执行—复核—重订路径路由。,近位、远位只修正该边界需求进入亲密关系核心的可能；不得据此判断具体伴侣一定尊重或越界。,根气只修正用户边界需求是否稳定重复，不等于双方已形成成熟治理。,旺弱只修正某项自主、共享、规则或空间功能的调用强度，不直接等于控制、回避或适配质量。,喜忌只修正功能调用顺畅度与摩擦，不可直接翻译为理想伴侣五行、十神或必然互补。,真合化成立时按化神功能重算边界需求；合化争议时停止细化边界画像。,近位提高该边界议题进入关系核心的可能；远位只保留背景或阶段性观察。,88,风险 +12,boundary_risk_warning,容易为了保持和谐而延迟拒绝、模糊边界或长期不谈关键问题。,需要留意：容易为了保持和谐而延迟拒绝、模糊边界或长期不谈关键问题。,不得仅凭本规则推出某人必然控制、回避、依赖、忠诚或适合结婚；不得把亲密解释为无隐私，把保护解释为替代决定，把贡献多少解释为决策权大小。现实安全、明确同意、可撤回性、持续行为、反例与双方意愿优先。,中高,待验证,,boundary_channel=BC03; ten_god=食神; provisional=true; rule_group=BOUND-BC通道,0.5
M5-BOUND-049,BC03 舒适靠近｜伪装／假成熟表达,L1 十类适配边界通道,BOUND-BC通道,通用,伪适配,BC03 舒适靠近,食神,外显标签、规则术语或保护行为强，但BV低、反例明显。,BV5—BV7现实证据支持成熟表达。,由共享基础引擎、M3-BOUND与M5-BASE提供；只修正用户需要怎样的自主、共享、授权与空间结构，不直接判断具体关系现实中公平或安全。,M2只说明谁容易进入关系及资格证据；不能替代具体对象的同意、边界、资源和权力行为验证。,M3-BASE与M3-BOUND提供用户自然靠近、共享和边界通道；M5-BOUND负责判断双方如何共同治理。,无／按本规则指定的提议—知情—同意—执行—复核—重订路径路由。,近位、远位只修正该边界需求进入亲密关系核心的可能；不得据此判断具体伴侣一定尊重或越界。,根气只修正用户边界需求是否稳定重复，不等于双方已形成成熟治理。,旺弱只修正某项自主、共享、规则或空间功能的调用强度，不直接等于控制、回避或适配质量。,喜忌只修正功能调用顺畅度与摩擦，不可直接翻译为理想伴侣五行、十神或必然互补。,真合化成立时按化神功能重算边界需求；合化争议时停止细化边界画像。,近位提高该边界议题进入关系核心的可能；远位只保留背景或阶段性观察。,92,GB候选 +12,pseudo_boundary_warning,温柔体贴、气氛舒适，但当对方明确边界或提出困难问题时持续回避。,不要只看：温柔体贴、气氛舒适，但当对方明确边界或提出困难问题时持续回避。,不得仅凭本规则推出某人必然控制、回避、依赖、忠诚或适合结婚；不得把亲密解释为无隐私，把保护解释为替代决定，把贡献多少解释为决策权大小。现实安全、明确同意、可撤回性、持续行为、反例与双方意愿优先。,中高,待验证,,boundary_channel=BC03; ten_god=食神; provisional=true; rule_group=BOUND-BC通道,0.5
M5-BOUND-050,BC03 舒适靠近｜关键观察与用户输出,L1 十类适配边界通道,BOUND-BC通道,通用,输出,BC03 舒适靠近,食神,已形成主或次BC候选。,BS08停止或资料严重不足。,由共享基础引擎、M3-BOUND与M5-BASE提供；只修正用户需要怎样的自主、共享、授权与空间结构，不直接判断具体关系现实中公平或安全。,M2只说明谁容易进入关系及资格证据；不能替代具体对象的同意、边界、资源和权力行为验证。,M3-BASE与M3-BOUND提供用户自然靠近、共享和边界通道；M5-BOUND负责判断双方如何共同治理。,无／按本规则指定的提议—知情—同意—执行—复核—重订路径路由。,近位、远位只修正该边界需求进入亲密关系核心的可能；不得据此判断具体伴侣一定尊重或越界。,根气只修正用户边界需求是否稳定重复，不等于双方已形成成熟治理。,旺弱只修正某项自主、共享、规则或空间功能的调用强度，不直接等于控制、回避或适配质量。,喜忌只修正功能调用顺畅度与摩擦，不可直接翻译为理想伴侣五行、十神或必然互补。,真合化成立时按化神功能重算边界需求；合化争议时停止细化边界画像。,近位提高该边界议题进入关系核心的可能；远位只保留背景或阶段性观察。,76,不加分；输出,observation_plan,舒服被打破时，双方能否仍然表达拒绝、谈责任并重新安排靠近节奏。,舒服被打破时，双方能否仍然表达拒绝、谈责任并重新安排靠近节奏。,不得仅凭本规则推出某人必然控制、回避、依赖、忠诚或适合结婚；不得把亲密解释为无隐私，把保护解释为替代决定，把贡献多少解释为决策权大小。现实安全、明确同意、可撤回性、持续行为、反例与双方意愿优先。,中高,待验证,,boundary_channel=BC03; ten_god=食神; provisional=true; rule_group=BOUND-BC通道,0.5
M5-BOUND-051,BC04 清晰协商｜通道定义,L1 十类适配边界通道,BOUND-BC通道,通用,基础,BC04 清晰协商,伤官,M5-BASE或上游模块将对应FN路由为主／次边界功能。,PR0安全门控未通过或该功能只属PR3且与主风险冲突。,由共享基础引擎、M3-BOUND与M5-BASE提供；只修正用户需要怎样的自主、共享、授权与空间结构，不直接判断具体关系现实中公平或安全。,M2只说明谁容易进入关系及资格证据；不能替代具体对象的同意、边界、资源和权力行为验证。,M3-BASE与M3-BOUND提供用户自然靠近、共享和边界通道；M5-BOUND负责判断双方如何共同治理。,无／按本规则指定的提议—知情—同意—执行—复核—重订路径路由。,近位、远位只修正该边界需求进入亲密关系核心的可能；不得据此判断具体伴侣一定尊重或越界。,根气只修正用户边界需求是否稳定重复，不等于双方已形成成熟治理。,旺弱只修正某项自主、共享、规则或空间功能的调用强度，不直接等于控制、回避或适配质量。,喜忌只修正功能调用顺畅度与摩擦，不可直接翻译为理想伴侣五行、十神或必然互补。,真合化成立时按化神功能重算边界需求；合化争议时停止细化边界画像。,近位提高该边界议题进入关系核心的可能；远位只保留背景或阶段性观察。,94,主通道候选 +20,primary_boundary_channel,BC04 清晰协商将伤官功能转译为双人边界治理通道。,合适的协商不是谁更会说，而是双方都能理解、拒绝和调整。,不得仅凭本规则推出某人必然控制、回避、依赖、忠诚或适合结婚；不得把亲密解释为无隐私，把保护解释为替代决定，把贡献多少解释为决策权大小。现实安全、明确同意、可撤回性、持续行为、反例与双方意愿优先。,中高,待验证,,boundary_channel=BC04; ten_god=伤官; provisional=true; rule_group=BOUND-BC通道,0.5
M5-BOUND-052,BC04 清晰协商｜个人决定行为,L1 十类适配边界通道,BOUND-BC通道,通用,个人决定,BC04 清晰协商,伤官,存在个人领域的现实资料。,把个人选择对共同生活的重大影响完全忽略。,由共享基础引擎、M3-BOUND与M5-BASE提供；只修正用户需要怎样的自主、共享、授权与空间结构，不直接判断具体关系现实中公平或安全。,M2只说明谁容易进入关系及资格证据；不能替代具体对象的同意、边界、资源和权力行为验证。,M3-BASE与M3-BOUND提供用户自然靠近、共享和边界通道；M5-BOUND负责判断双方如何共同治理。,无／按本规则指定的提议—知情—同意—执行—复核—重订路径路由。,近位、远位只修正该边界需求进入亲密关系核心的可能；不得据此判断具体伴侣一定尊重或越界。,根气只修正用户边界需求是否稳定重复，不等于双方已形成成熟治理。,旺弱只修正某项自主、共享、规则或空间功能的调用强度，不直接等于控制、回避或适配质量。,喜忌只修正功能调用顺畅度与摩擦，不可直接翻译为理想伴侣五行、十神或必然互补。,真合化成立时按化神功能重算边界需求；合化争议时停止细化边界画像。,近位提高该边界议题进入关系核心的可能；远位只保留背景或阶段性观察。,84,+8 个人决定证据,personal_decision_profile,个人底线和偏好可以清楚陈述，不必先证明合理才有资格存在。,个人领域中，较成熟的做法是：个人底线和偏好可以清楚陈述，不必先证明合理才有资格存在。,不得仅凭本规则推出某人必然控制、回避、依赖、忠诚或适合结婚；不得把亲密解释为无隐私，把保护解释为替代决定，把贡献多少解释为决策权大小。现实安全、明确同意、可撤回性、持续行为、反例与双方意愿优先。,中,待验证,,boundary_channel=BC04; ten_god=伤官; provisional=true; rule_group=BOUND-BC通道,0.5
M5-BOUND-053,BC04 清晰协商｜共同决定行为,L1 十类适配边界通道,BOUND-BC通道,通用,共同决定,BC04 清晰协商,伤官,存在影响双方生活、资源或承诺的事项。,只有一方单方面决定或事后通知。,由共享基础引擎、M3-BOUND与M5-BASE提供；只修正用户需要怎样的自主、共享、授权与空间结构，不直接判断具体关系现实中公平或安全。,M2只说明谁容易进入关系及资格证据；不能替代具体对象的同意、边界、资源和权力行为验证。,M3-BASE与M3-BOUND提供用户自然靠近、共享和边界通道；M5-BOUND负责判断双方如何共同治理。,无／按本规则指定的提议—知情—同意—执行—复核—重订路径路由。,近位、远位只修正该边界需求进入亲密关系核心的可能；不得据此判断具体伴侣一定尊重或越界。,根气只修正用户边界需求是否稳定重复，不等于双方已形成成熟治理。,旺弱只修正某项自主、共享、规则或空间功能的调用强度，不直接等于控制、回避或适配质量。,喜忌只修正功能调用顺畅度与摩擦，不可直接翻译为理想伴侣五行、十神或必然互补。,真合化成立时按化神功能重算边界需求；合化争议时停止细化边界画像。,近位提高该边界议题进入关系核心的可能；远位只保留背景或阶段性观察。,86,+10 共同决定证据,joint_decision_profile,共同事项先界定问题、影响和选项，再形成双方可接受的决定。,共同事项中，需要做到：共同事项先界定问题、影响和选项，再形成双方可接受的决定。,不得仅凭本规则推出某人必然控制、回避、依赖、忠诚或适合结婚；不得把亲密解释为无隐私，把保护解释为替代决定，把贡献多少解释为决策权大小。现实安全、明确同意、可撤回性、持续行为、反例与双方意愿优先。,中高,待验证,,boundary_channel=BC04; ten_god=伤官; provisional=true; rule_group=BOUND-BC通道,0.5
M5-BOUND-054,BC04 清晰协商｜同意与撤回行为,L1 十类适配边界通道,BOUND-BC通道,通用,同意,BC04 清晰协商,伤官,涉及身体、资源、公开、授权、靠近或暂停。,沉默、顺从、关系身份或既往同意被当成永久授权。,由共享基础引擎、M3-BOUND与M5-BASE提供；只修正用户需要怎样的自主、共享、授权与空间结构，不直接判断具体关系现实中公平或安全。,M2只说明谁容易进入关系及资格证据；不能替代具体对象的同意、边界、资源和权力行为验证。,M3-BASE与M3-BOUND提供用户自然靠近、共享和边界通道；M5-BOUND负责判断双方如何共同治理。,无／按本规则指定的提议—知情—同意—执行—复核—重订路径路由。,近位、远位只修正该边界需求进入亲密关系核心的可能；不得据此判断具体伴侣一定尊重或越界。,根气只修正用户边界需求是否稳定重复，不等于双方已形成成熟治理。,旺弱只修正某项自主、共享、规则或空间功能的调用强度，不直接等于控制、回避或适配质量。,喜忌只修正功能调用顺畅度与摩擦，不可直接翻译为理想伴侣五行、十神或必然互补。,真合化成立时按化神功能重算边界需求；合化争议时停止细化边界画像。,近位提高该边界议题进入关系核心的可能；远位只保留背景或阶段性观察。,94,+12 同意证据,consent_boundary,同意必须具体、知情、可撤回；一次同意不自动延续到所有时间和场景。,同意方面要看：同意必须具体、知情、可撤回；一次同意不自动延续到所有时间和场景。,不得仅凭本规则推出某人必然控制、回避、依赖、忠诚或适合结婚；不得把亲密解释为无隐私，把保护解释为替代决定，把贡献多少解释为决策权大小。现实安全、明确同意、可撤回性、持续行为、反例与双方意愿优先。,高,待验证,,boundary_channel=BC04; ten_god=伤官; provisional=true; rule_group=BOUND-BC通道,0.5
M5-BOUND-055,BC04 清晰协商｜资源与空间行为,L1 十类适配边界通道,BOUND-BC通道,通用,资源,BC04 清晰协商,伤官,涉及金钱、时间、设备、空间、劳动或信息。,资源贡献或共享被扩大为控制权。,由共享基础引擎、M3-BOUND与M5-BASE提供；只修正用户需要怎样的自主、共享、授权与空间结构，不直接判断具体关系现实中公平或安全。,M2只说明谁容易进入关系及资格证据；不能替代具体对象的同意、边界、资源和权力行为验证。,M3-BASE与M3-BOUND提供用户自然靠近、共享和边界通道；M5-BOUND负责判断双方如何共同治理。,无／按本规则指定的提议—知情—同意—执行—复核—重订路径路由。,近位、远位只修正该边界需求进入亲密关系核心的可能；不得据此判断具体伴侣一定尊重或越界。,根气只修正用户边界需求是否稳定重复，不等于双方已形成成熟治理。,旺弱只修正某项自主、共享、规则或空间功能的调用强度，不直接等于控制、回避或适配质量。,喜忌只修正功能调用顺畅度与摩擦，不可直接翻译为理想伴侣五行、十神或必然互补。,真合化成立时按化神功能重算边界需求；合化争议时停止细化边界画像。,近位提高该边界议题进入关系核心的可能；远位只保留背景或阶段性观察。,86,+10 资源证据,resource_boundary_profile,时间、金钱、设备、账号和信息访问范围应明确，不靠默认或猜测。,资源与空间方面需要：时间、金钱、设备、账号和信息访问范围应明确，不靠默认或猜测。,不得仅凭本规则推出某人必然控制、回避、依赖、忠诚或适合结婚；不得把亲密解释为无隐私，把保护解释为替代决定，把贡献多少解释为决策权大小。现实安全、明确同意、可撤回性、持续行为、反例与双方意愿优先。,中高,待验证,,boundary_channel=BC04; ten_god=伤官; provisional=true; rule_group=BOUND-BC通道,0.5
M5-BOUND-056,BC04 清晰协商｜压力与高风险行为,L1 十类适配边界通道,BOUND-BC通道,通用,压力,BC04 清晰协商,伤官,存在冲突、高压、危机、成本或权力差异。,只有轻松情境资料。,由共享基础引擎、M3-BOUND与M5-BASE提供；只修正用户需要怎样的自主、共享、授权与空间结构，不直接判断具体关系现实中公平或安全。,M2只说明谁容易进入关系及资格证据；不能替代具体对象的同意、边界、资源和权力行为验证。,M3-BASE与M3-BOUND提供用户自然靠近、共享和边界通道；M5-BOUND负责判断双方如何共同治理。,无／按本规则指定的提议—知情—同意—执行—复核—重订路径路由。,近位、远位只修正该边界需求进入亲密关系核心的可能；不得据此判断具体伴侣一定尊重或越界。,根气只修正用户边界需求是否稳定重复，不等于双方已形成成熟治理。,旺弱只修正某项自主、共享、规则或空间功能的调用强度，不直接等于控制、回避或适配质量。,喜忌只修正功能调用顺畅度与摩擦，不可直接翻译为理想伴侣五行、十神或必然互补。,真合化成立时按化神功能重算边界需求；合化争议时停止细化边界画像。,近位提高该边界议题进入关系核心的可能；远位只保留背景或阶段性观察。,90,+12 压力证据,stress_boundary_profile,高压下先说清事实和停止线，也要保留对方回应，避免用逻辑强度压过选择权。,压力下重点观察：高压下先说清事实和停止线，也要保留对方回应，避免用逻辑强度压过选择权。,不得仅凭本规则推出某人必然控制、回避、依赖、忠诚或适合结婚；不得把亲密解释为无隐私，把保护解释为替代决定，把贡献多少解释为决策权大小。现实安全、明确同意、可撤回性、持续行为、反例与双方意愿优先。,中高,待验证,,boundary_channel=BC04; ten_god=伤官; provisional=true; rule_group=BOUND-BC通道,0.5
M5-BOUND-057,BC04 清晰协商｜成熟边界表达,L1 十类适配边界通道,BOUND-BC通道,通用,成熟,BC04 清晰协商,伤官,BV4以上，且BO01、BO02、BO04、BO10至少三项可靠。,只有自述、规则文本或一次事件。,由共享基础引擎、M3-BOUND与M5-BASE提供；只修正用户需要怎样的自主、共享、授权与空间结构，不直接判断具体关系现实中公平或安全。,M2只说明谁容易进入关系及资格证据；不能替代具体对象的同意、边界、资源和权力行为验证。,M3-BASE与M3-BOUND提供用户自然靠近、共享和边界通道；M5-BOUND负责判断双方如何共同治理。,无／按本规则指定的提议—知情—同意—执行—复核—重订路径路由。,近位、远位只修正该边界需求进入亲密关系核心的可能；不得据此判断具体伴侣一定尊重或越界。,根气只修正用户边界需求是否稳定重复，不等于双方已形成成熟治理。,旺弱只修正某项自主、共享、规则或空间功能的调用强度，不直接等于控制、回避或适配质量。,喜忌只修正功能调用顺畅度与摩擦，不可直接翻译为理想伴侣五行、十神或必然互补。,真合化成立时按化神功能重算边界需求；合化争议时停止细化边界画像。,近位提高该边界议题进入关系核心的可能；远位只保留背景或阶段性观察。,92,成熟 +16,mature_boundary_profile,能把边界说清、听取反馈、承认理解偏差并更新协议。,成熟表现是：能把边界说清、听取反馈、承认理解偏差并更新协议。,不得仅凭本规则推出某人必然控制、回避、依赖、忠诚或适合结婚；不得把亲密解释为无隐私，把保护解释为替代决定，把贡献多少解释为决策权大小。现实安全、明确同意、可撤回性、持续行为、反例与双方意愿优先。,中高,待验证,,boundary_channel=BC04; ten_god=伤官; provisional=true; rule_group=BOUND-BC通道,0.5
M5-BOUND-058,BC04 清晰协商｜失衡边界候选,L1 十类适配边界通道,BOUND-BC通道,通用,风险,BC04 清晰协商,伤官,现实资料显示越权、僵化、失联、资源不对称或回归失败。,只有通道强度，没有独立失衡证据。,由共享基础引擎、M3-BOUND与M5-BASE提供；只修正用户需要怎样的自主、共享、授权与空间结构，不直接判断具体关系现实中公平或安全。,M2只说明谁容易进入关系及资格证据；不能替代具体对象的同意、边界、资源和权力行为验证。,M3-BASE与M3-BOUND提供用户自然靠近、共享和边界通道；M5-BOUND负责判断双方如何共同治理。,无／按本规则指定的提议—知情—同意—执行—复核—重订路径路由。,近位、远位只修正该边界需求进入亲密关系核心的可能；不得据此判断具体伴侣一定尊重或越界。,根气只修正用户边界需求是否稳定重复，不等于双方已形成成熟治理。,旺弱只修正某项自主、共享、规则或空间功能的调用强度，不直接等于控制、回避或适配质量。,喜忌只修正功能调用顺畅度与摩擦，不可直接翻译为理想伴侣五行、十神或必然互补。,真合化成立时按化神功能重算边界需求；合化争议时停止细化边界画像。,近位提高该边界议题进入关系核心的可能；远位只保留背景或阶段性观察。,88,风险 +12,boundary_risk_warning,容易把协商变成辩论、解释过载，或认为自己说清了就等于对方同意。,需要留意：容易把协商变成辩论、解释过载，或认为自己说清了就等于对方同意。,不得仅凭本规则推出某人必然控制、回避、依赖、忠诚或适合结婚；不得把亲密解释为无隐私，把保护解释为替代决定，把贡献多少解释为决策权大小。现实安全、明确同意、可撤回性、持续行为、反例与双方意愿优先。,中高,待验证,,boundary_channel=BC04; ten_god=伤官; provisional=true; rule_group=BOUND-BC通道,0.5
M5-BOUND-059,BC04 清晰协商｜伪装／假成熟表达,L1 十类适配边界通道,BOUND-BC通道,通用,伪适配,BC04 清晰协商,伤官,外显标签、规则术语或保护行为强，但BV低、反例明显。,BV5—BV7现实证据支持成熟表达。,由共享基础引擎、M3-BOUND与M5-BASE提供；只修正用户需要怎样的自主、共享、授权与空间结构，不直接判断具体关系现实中公平或安全。,M2只说明谁容易进入关系及资格证据；不能替代具体对象的同意、边界、资源和权力行为验证。,M3-BASE与M3-BOUND提供用户自然靠近、共享和边界通道；M5-BOUND负责判断双方如何共同治理。,无／按本规则指定的提议—知情—同意—执行—复核—重订路径路由。,近位、远位只修正该边界需求进入亲密关系核心的可能；不得据此判断具体伴侣一定尊重或越界。,根气只修正用户边界需求是否稳定重复，不等于双方已形成成熟治理。,旺弱只修正某项自主、共享、规则或空间功能的调用强度，不直接等于控制、回避或适配质量。,喜忌只修正功能调用顺畅度与摩擦，不可直接翻译为理想伴侣五行、十神或必然互补。,真合化成立时按化神功能重算边界需求；合化争议时停止细化边界画像。,近位提高该边界议题进入关系核心的可能；远位只保留背景或阶段性观察。,92,GB候选 +12,pseudo_boundary_warning,很会讲规则和边界术语，现实中却只允许自己的界限存在，不接收对方反馈。,不要只看：很会讲规则和边界术语，现实中却只允许自己的界限存在，不接收对方反馈。,不得仅凭本规则推出某人必然控制、回避、依赖、忠诚或适合结婚；不得把亲密解释为无隐私，把保护解释为替代决定，把贡献多少解释为决策权大小。现实安全、明确同意、可撤回性、持续行为、反例与双方意愿优先。,中高,待验证,,boundary_channel=BC04; ten_god=伤官; provisional=true; rule_group=BOUND-BC通道,0.5
M5-BOUND-060,BC04 清晰协商｜关键观察与用户输出,L1 十类适配边界通道,BOUND-BC通道,通用,输出,BC04 清晰协商,伤官,已形成主或次BC候选。,BS08停止或资料严重不足。,由共享基础引擎、M3-BOUND与M5-BASE提供；只修正用户需要怎样的自主、共享、授权与空间结构，不直接判断具体关系现实中公平或安全。,M2只说明谁容易进入关系及资格证据；不能替代具体对象的同意、边界、资源和权力行为验证。,M3-BASE与M3-BOUND提供用户自然靠近、共享和边界通道；M5-BOUND负责判断双方如何共同治理。,无／按本规则指定的提议—知情—同意—执行—复核—重订路径路由。,近位、远位只修正该边界需求进入亲密关系核心的可能；不得据此判断具体伴侣一定尊重或越界。,根气只修正用户边界需求是否稳定重复，不等于双方已形成成熟治理。,旺弱只修正某项自主、共享、规则或空间功能的调用强度，不直接等于控制、回避或适配质量。,喜忌只修正功能调用顺畅度与摩擦，不可直接翻译为理想伴侣五行、十神或必然互补。,真合化成立时按化神功能重算边界需求；合化争议时停止细化边界画像。,近位提高该边界议题进入关系核心的可能；远位只保留背景或阶段性观察。,76,不加分；输出,observation_plan,对方表示不同意或理解不同时，是否会暂停、核对并修改方案。,对方表示不同意或理解不同时，是否会暂停、核对并修改方案。,不得仅凭本规则推出某人必然控制、回避、依赖、忠诚或适合结婚；不得把亲密解释为无隐私，把保护解释为替代决定，把贡献多少解释为决策权大小。现实安全、明确同意、可撤回性、持续行为、反例与双方意愿优先。,中高,待验证,,boundary_channel=BC04; ten_god=伤官; provisional=true; rule_group=BOUND-BC通道,0.5
M5-BOUND-061,BC05 稳定共享｜通道定义,L1 十类适配边界通道,BOUND-BC通道,通用,基础,BC05 稳定共享,正财,M5-BASE或上游模块将对应FN路由为主／次边界功能。,PR0安全门控未通过或该功能只属PR3且与主风险冲突。,由共享基础引擎、M3-BOUND与M5-BASE提供；只修正用户需要怎样的自主、共享、授权与空间结构，不直接判断具体关系现实中公平或安全。,M2只说明谁容易进入关系及资格证据；不能替代具体对象的同意、边界、资源和权力行为验证。,M3-BASE与M3-BOUND提供用户自然靠近、共享和边界通道；M5-BOUND负责判断双方如何共同治理。,无／按本规则指定的提议—知情—同意—执行—复核—重订路径路由。,近位、远位只修正该边界需求进入亲密关系核心的可能；不得据此判断具体伴侣一定尊重或越界。,根气只修正用户边界需求是否稳定重复，不等于双方已形成成熟治理。,旺弱只修正某项自主、共享、规则或空间功能的调用强度，不直接等于控制、回避或适配质量。,喜忌只修正功能调用顺畅度与摩擦，不可直接翻译为理想伴侣五行、十神或必然互补。,真合化成立时按化神功能重算边界需求；合化争议时停止细化边界画像。,近位提高该边界议题进入关系核心的可能；远位只保留背景或阶段性观察。,94,主通道候选 +20,primary_boundary_channel,BC05 稳定共享将正财功能转译为双人边界治理通道。,稳定共享需要透明和持续，但贡献更多不等于拥有更多控制权。,不得仅凭本规则推出某人必然控制、回避、依赖、忠诚或适合结婚；不得把亲密解释为无隐私，把保护解释为替代决定，把贡献多少解释为决策权大小。现实安全、明确同意、可撤回性、持续行为、反例与双方意愿优先。,中高,待验证,,boundary_channel=BC05; ten_god=正财; provisional=true; rule_group=BOUND-BC通道,0.5
M5-BOUND-062,BC05 稳定共享｜个人决定行为,L1 十类适配边界通道,BOUND-BC通道,通用,个人决定,BC05 稳定共享,正财,存在个人领域的现实资料。,把个人选择对共同生活的重大影响完全忽略。,由共享基础引擎、M3-BOUND与M5-BASE提供；只修正用户需要怎样的自主、共享、授权与空间结构，不直接判断具体关系现实中公平或安全。,M2只说明谁容易进入关系及资格证据；不能替代具体对象的同意、边界、资源和权力行为验证。,M3-BASE与M3-BOUND提供用户自然靠近、共享和边界通道；M5-BOUND负责判断双方如何共同治理。,无／按本规则指定的提议—知情—同意—执行—复核—重订路径路由。,近位、远位只修正该边界需求进入亲密关系核心的可能；不得据此判断具体伴侣一定尊重或越界。,根气只修正用户边界需求是否稳定重复，不等于双方已形成成熟治理。,旺弱只修正某项自主、共享、规则或空间功能的调用强度，不直接等于控制、回避或适配质量。,喜忌只修正功能调用顺畅度与摩擦，不可直接翻译为理想伴侣五行、十神或必然互补。,真合化成立时按化神功能重算边界需求；合化争议时停止细化边界画像。,近位提高该边界议题进入关系核心的可能；远位只保留背景或阶段性观察。,84,+8 个人决定证据,personal_decision_profile,保留合理个人预算、个人物品和个人时间，不因共享全部失去独立。,个人领域中，较成熟的做法是：保留合理个人预算、个人物品和个人时间，不因共享全部失去独立。,不得仅凭本规则推出某人必然控制、回避、依赖、忠诚或适合结婚；不得把亲密解释为无隐私，把保护解释为替代决定，把贡献多少解释为决策权大小。现实安全、明确同意、可撤回性、持续行为、反例与双方意愿优先。,中,待验证,,boundary_channel=BC05; ten_god=正财; provisional=true; rule_group=BOUND-BC通道,0.5
M5-BOUND-063,BC05 稳定共享｜共同决定行为,L1 十类适配边界通道,BOUND-BC通道,通用,共同决定,BC05 稳定共享,正财,存在影响双方生活、资源或承诺的事项。,只有一方单方面决定或事后通知。,由共享基础引擎、M3-BOUND与M5-BASE提供；只修正用户需要怎样的自主、共享、授权与空间结构，不直接判断具体关系现实中公平或安全。,M2只说明谁容易进入关系及资格证据；不能替代具体对象的同意、边界、资源和权力行为验证。,M3-BASE与M3-BOUND提供用户自然靠近、共享和边界通道；M5-BOUND负责判断双方如何共同治理。,无／按本规则指定的提议—知情—同意—执行—复核—重订路径路由。,近位、远位只修正该边界需求进入亲密关系核心的可能；不得据此判断具体伴侣一定尊重或越界。,根气只修正用户边界需求是否稳定重复，不等于双方已形成成熟治理。,旺弱只修正某项自主、共享、规则或空间功能的调用强度，不直接等于控制、回避或适配质量。,喜忌只修正功能调用顺畅度与摩擦，不可直接翻译为理想伴侣五行、十神或必然互补。,真合化成立时按化神功能重算边界需求；合化争议时停止细化边界画像。,近位提高该边界议题进入关系核心的可能；远位只保留背景或阶段性观察。,86,+10 共同决定证据,joint_decision_profile,共同预算、债务、居住、家务和大额支出由双方知情并共同决定。,共同事项中，需要做到：共同预算、债务、居住、家务和大额支出由双方知情并共同决定。,不得仅凭本规则推出某人必然控制、回避、依赖、忠诚或适合结婚；不得把亲密解释为无隐私，把保护解释为替代决定，把贡献多少解释为决策权大小。现实安全、明确同意、可撤回性、持续行为、反例与双方意愿优先。,中高,待验证,,boundary_channel=BC05; ten_god=正财; provisional=true; rule_group=BOUND-BC通道,0.5
M5-BOUND-064,BC05 稳定共享｜同意与撤回行为,L1 十类适配边界通道,BOUND-BC通道,通用,同意,BC05 稳定共享,正财,涉及身体、资源、公开、授权、靠近或暂停。,沉默、顺从、关系身份或既往同意被当成永久授权。,由共享基础引擎、M3-BOUND与M5-BASE提供；只修正用户需要怎样的自主、共享、授权与空间结构，不直接判断具体关系现实中公平或安全。,M2只说明谁容易进入关系及资格证据；不能替代具体对象的同意、边界、资源和权力行为验证。,M3-BASE与M3-BOUND提供用户自然靠近、共享和边界通道；M5-BOUND负责判断双方如何共同治理。,无／按本规则指定的提议—知情—同意—执行—复核—重订路径路由。,近位、远位只修正该边界需求进入亲密关系核心的可能；不得据此判断具体伴侣一定尊重或越界。,根气只修正用户边界需求是否稳定重复，不等于双方已形成成熟治理。,旺弱只修正某项自主、共享、规则或空间功能的调用强度，不直接等于控制、回避或适配质量。,喜忌只修正功能调用顺畅度与摩擦，不可直接翻译为理想伴侣五行、十神或必然互补。,真合化成立时按化神功能重算边界需求；合化争议时停止细化边界画像。,近位提高该边界议题进入关系核心的可能；远位只保留背景或阶段性观察。,94,+12 同意证据,consent_boundary,资源共享范围明确，任何一方都可以提出调整、暂停或重新划分。,同意方面要看：资源共享范围明确，任何一方都可以提出调整、暂停或重新划分。,不得仅凭本规则推出某人必然控制、回避、依赖、忠诚或适合结婚；不得把亲密解释为无隐私，把保护解释为替代决定，把贡献多少解释为决策权大小。现实安全、明确同意、可撤回性、持续行为、反例与双方意愿优先。,高,待验证,,boundary_channel=BC05; ten_god=正财; provisional=true; rule_group=BOUND-BC通道,0.5
M5-BOUND-065,BC05 稳定共享｜资源与空间行为,L1 十类适配边界通道,BOUND-BC通道,通用,资源,BC05 稳定共享,正财,涉及金钱、时间、设备、空间、劳动或信息。,资源贡献或共享被扩大为控制权。,由共享基础引擎、M3-BOUND与M5-BASE提供；只修正用户需要怎样的自主、共享、授权与空间结构，不直接判断具体关系现实中公平或安全。,M2只说明谁容易进入关系及资格证据；不能替代具体对象的同意、边界、资源和权力行为验证。,M3-BASE与M3-BOUND提供用户自然靠近、共享和边界通道；M5-BOUND负责判断双方如何共同治理。,无／按本规则指定的提议—知情—同意—执行—复核—重订路径路由。,近位、远位只修正该边界需求进入亲密关系核心的可能；不得据此判断具体伴侣一定尊重或越界。,根气只修正用户边界需求是否稳定重复，不等于双方已形成成熟治理。,旺弱只修正某项自主、共享、规则或空间功能的调用强度，不直接等于控制、回避或适配质量。,喜忌只修正功能调用顺畅度与摩擦，不可直接翻译为理想伴侣五行、十神或必然互补。,真合化成立时按化神功能重算边界需求；合化争议时停止细化边界画像。,近位提高该边界议题进入关系核心的可能；远位只保留背景或阶段性观察。,86,+10 资源证据,resource_boundary_profile,账户访问、财务记录、劳动分工和使用权限透明且可复核。,资源与空间方面需要：账户访问、财务记录、劳动分工和使用权限透明且可复核。,不得仅凭本规则推出某人必然控制、回避、依赖、忠诚或适合结婚；不得把亲密解释为无隐私，把保护解释为替代决定，把贡献多少解释为决策权大小。现实安全、明确同意、可撤回性、持续行为、反例与双方意愿优先。,中高,待验证,,boundary_channel=BC05; ten_god=正财; provisional=true; rule_group=BOUND-BC通道,0.5
M5-BOUND-066,BC05 稳定共享｜压力与高风险行为,L1 十类适配边界通道,BOUND-BC通道,通用,压力,BC05 稳定共享,正财,存在冲突、高压、危机、成本或权力差异。,只有轻松情境资料。,由共享基础引擎、M3-BOUND与M5-BASE提供；只修正用户需要怎样的自主、共享、授权与空间结构，不直接判断具体关系现实中公平或安全。,M2只说明谁容易进入关系及资格证据；不能替代具体对象的同意、边界、资源和权力行为验证。,M3-BASE与M3-BOUND提供用户自然靠近、共享和边界通道；M5-BOUND负责判断双方如何共同治理。,无／按本规则指定的提议—知情—同意—执行—复核—重订路径路由。,近位、远位只修正该边界需求进入亲密关系核心的可能；不得据此判断具体伴侣一定尊重或越界。,根气只修正用户边界需求是否稳定重复，不等于双方已形成成熟治理。,旺弱只修正某项自主、共享、规则或空间功能的调用强度，不直接等于控制、回避或适配质量。,喜忌只修正功能调用顺畅度与摩擦，不可直接翻译为理想伴侣五行、十神或必然互补。,真合化成立时按化神功能重算边界需求；合化争议时停止细化边界画像。,近位提高该边界议题进入关系核心的可能；远位只保留背景或阶段性观察。,90,+12 压力证据,stress_boundary_profile,成本上升时重新协商负荷，不通过隐瞒、突然撤回或控制资源应对。,压力下重点观察：成本上升时重新协商负荷，不通过隐瞒、突然撤回或控制资源应对。,不得仅凭本规则推出某人必然控制、回避、依赖、忠诚或适合结婚；不得把亲密解释为无隐私，把保护解释为替代决定，把贡献多少解释为决策权大小。现实安全、明确同意、可撤回性、持续行为、反例与双方意愿优先。,中高,待验证,,boundary_channel=BC05; ten_god=正财; provisional=true; rule_group=BOUND-BC通道,0.5
M5-BOUND-067,BC05 稳定共享｜成熟边界表达,L1 十类适配边界通道,BOUND-BC通道,通用,成熟,BC05 稳定共享,正财,BV4以上，且BO01、BO02、BO04、BO10至少三项可靠。,只有自述、规则文本或一次事件。,由共享基础引擎、M3-BOUND与M5-BASE提供；只修正用户需要怎样的自主、共享、授权与空间结构，不直接判断具体关系现实中公平或安全。,M2只说明谁容易进入关系及资格证据；不能替代具体对象的同意、边界、资源和权力行为验证。,M3-BASE与M3-BOUND提供用户自然靠近、共享和边界通道；M5-BOUND负责判断双方如何共同治理。,无／按本规则指定的提议—知情—同意—执行—复核—重订路径路由。,近位、远位只修正该边界需求进入亲密关系核心的可能；不得据此判断具体伴侣一定尊重或越界。,根气只修正用户边界需求是否稳定重复，不等于双方已形成成熟治理。,旺弱只修正某项自主、共享、规则或空间功能的调用强度，不直接等于控制、回避或适配质量。,喜忌只修正功能调用顺畅度与摩擦，不可直接翻译为理想伴侣五行、十神或必然互补。,真合化成立时按化神功能重算边界需求；合化争议时停止细化边界画像。,近位提高该边界议题进入关系核心的可能；远位只保留背景或阶段性观察。,92,成熟 +16,mature_boundary_profile,共享稳定、边界清楚、贡献可见，并能随生活阶段重订。,成熟表现是：共享稳定、边界清楚、贡献可见，并能随生活阶段重订。,不得仅凭本规则推出某人必然控制、回避、依赖、忠诚或适合结婚；不得把亲密解释为无隐私，把保护解释为替代决定，把贡献多少解释为决策权大小。现实安全、明确同意、可撤回性、持续行为、反例与双方意愿优先。,中高,待验证,,boundary_channel=BC05; ten_god=正财; provisional=true; rule_group=BOUND-BC通道,0.5
M5-BOUND-068,BC05 稳定共享｜失衡边界候选,L1 十类适配边界通道,BOUND-BC通道,通用,风险,BC05 稳定共享,正财,现实资料显示越权、僵化、失联、资源不对称或回归失败。,只有通道强度，没有独立失衡证据。,由共享基础引擎、M3-BOUND与M5-BASE提供；只修正用户需要怎样的自主、共享、授权与空间结构，不直接判断具体关系现实中公平或安全。,M2只说明谁容易进入关系及资格证据；不能替代具体对象的同意、边界、资源和权力行为验证。,M3-BASE与M3-BOUND提供用户自然靠近、共享和边界通道；M5-BOUND负责判断双方如何共同治理。,无／按本规则指定的提议—知情—同意—执行—复核—重订路径路由。,近位、远位只修正该边界需求进入亲密关系核心的可能；不得据此判断具体伴侣一定尊重或越界。,根气只修正用户边界需求是否稳定重复，不等于双方已形成成熟治理。,旺弱只修正某项自主、共享、规则或空间功能的调用强度，不直接等于控制、回避或适配质量。,喜忌只修正功能调用顺畅度与摩擦，不可直接翻译为理想伴侣五行、十神或必然互补。,真合化成立时按化神功能重算边界需求；合化争议时停止细化边界画像。,近位提高该边界议题进入关系核心的可能；远位只保留背景或阶段性观察。,88,风险 +12,boundary_risk_warning,容易把付出、资源或劳动变成决定权、情感债务或长期记账。,需要留意：容易把付出、资源或劳动变成决定权、情感债务或长期记账。,不得仅凭本规则推出某人必然控制、回避、依赖、忠诚或适合结婚；不得把亲密解释为无隐私，把保护解释为替代决定，把贡献多少解释为决策权大小。现实安全、明确同意、可撤回性、持续行为、反例与双方意愿优先。,中高,待验证,,boundary_channel=BC05; ten_god=正财; provisional=true; rule_group=BOUND-BC通道,0.5
M5-BOUND-069,BC05 稳定共享｜伪装／假成熟表达,L1 十类适配边界通道,BOUND-BC通道,通用,伪适配,BC05 稳定共享,正财,外显标签、规则术语或保护行为强，但BV低、反例明显。,BV5—BV7现实证据支持成熟表达。,由共享基础引擎、M3-BOUND与M5-BASE提供；只修正用户需要怎样的自主、共享、授权与空间结构，不直接判断具体关系现实中公平或安全。,M2只说明谁容易进入关系及资格证据；不能替代具体对象的同意、边界、资源和权力行为验证。,M3-BASE与M3-BOUND提供用户自然靠近、共享和边界通道；M5-BOUND负责判断双方如何共同治理。,无／按本规则指定的提议—知情—同意—执行—复核—重订路径路由。,近位、远位只修正该边界需求进入亲密关系核心的可能；不得据此判断具体伴侣一定尊重或越界。,根气只修正用户边界需求是否稳定重复，不等于双方已形成成熟治理。,旺弱只修正某项自主、共享、规则或空间功能的调用强度，不直接等于控制、回避或适配质量。,喜忌只修正功能调用顺畅度与摩擦，不可直接翻译为理想伴侣五行、十神或必然互补。,真合化成立时按化神功能重算边界需求；合化争议时停止细化边界画像。,近位提高该边界议题进入关系核心的可能；远位只保留背景或阶段性观察。,92,GB候选 +12,pseudo_boundary_warning,表面愿意承担很多现实责任，却以此要求服从、限制选择或掌控共同资源。,不要只看：表面愿意承担很多现实责任，却以此要求服从、限制选择或掌控共同资源。,不得仅凭本规则推出某人必然控制、回避、依赖、忠诚或适合结婚；不得把亲密解释为无隐私，把保护解释为替代决定，把贡献多少解释为决策权大小。现实安全、明确同意、可撤回性、持续行为、反例与双方意愿优先。,中高,待验证,,boundary_channel=BC05; ten_god=正财; provisional=true; rule_group=BOUND-BC通道,0.5
M5-BOUND-070,BC05 稳定共享｜关键观察与用户输出,L1 十类适配边界通道,BOUND-BC通道,通用,输出,BC05 稳定共享,正财,已形成主或次BC候选。,BS08停止或资料严重不足。,由共享基础引擎、M3-BOUND与M5-BASE提供；只修正用户需要怎样的自主、共享、授权与空间结构，不直接判断具体关系现实中公平或安全。,M2只说明谁容易进入关系及资格证据；不能替代具体对象的同意、边界、资源和权力行为验证。,M3-BASE与M3-BOUND提供用户自然靠近、共享和边界通道；M5-BOUND负责判断双方如何共同治理。,无／按本规则指定的提议—知情—同意—执行—复核—重订路径路由。,近位、远位只修正该边界需求进入亲密关系核心的可能；不得据此判断具体伴侣一定尊重或越界。,根气只修正用户边界需求是否稳定重复，不等于双方已形成成熟治理。,旺弱只修正某项自主、共享、规则或空间功能的调用强度，不直接等于控制、回避或适配质量。,喜忌只修正功能调用顺畅度与摩擦，不可直接翻译为理想伴侣五行、十神或必然互补。,真合化成立时按化神功能重算边界需求；合化争议时停止细化边界画像。,近位提高该边界议题进入关系核心的可能；远位只保留背景或阶段性观察。,76,不加分；输出,observation_plan,资源贡献不对等时，决定权是否仍然平等，负荷和账户权限是否可重订。,资源贡献不对等时，决定权是否仍然平等，负荷和账户权限是否可重订。,不得仅凭本规则推出某人必然控制、回避、依赖、忠诚或适合结婚；不得把亲密解释为无隐私，把保护解释为替代决定，把贡献多少解释为决策权大小。现实安全、明确同意、可撤回性、持续行为、反例与双方意愿优先。,中高,待验证,,boundary_channel=BC05; ten_god=正财; provisional=true; rule_group=BOUND-BC通道,0.5
M5-BOUND-071,BC06 弹性共享｜通道定义,L1 十类适配边界通道,BOUND-BC通道,通用,基础,BC06 弹性共享,偏财,M5-BASE或上游模块将对应FN路由为主／次边界功能。,PR0安全门控未通过或该功能只属PR3且与主风险冲突。,由共享基础引擎、M3-BOUND与M5-BASE提供；只修正用户需要怎样的自主、共享、授权与空间结构，不直接判断具体关系现实中公平或安全。,M2只说明谁容易进入关系及资格证据；不能替代具体对象的同意、边界、资源和权力行为验证。,M3-BASE与M3-BOUND提供用户自然靠近、共享和边界通道；M5-BOUND负责判断双方如何共同治理。,无／按本规则指定的提议—知情—同意—执行—复核—重订路径路由。,近位、远位只修正该边界需求进入亲密关系核心的可能；不得据此判断具体伴侣一定尊重或越界。,根气只修正用户边界需求是否稳定重复，不等于双方已形成成熟治理。,旺弱只修正某项自主、共享、规则或空间功能的调用强度，不直接等于控制、回避或适配质量。,喜忌只修正功能调用顺畅度与摩擦，不可直接翻译为理想伴侣五行、十神或必然互补。,真合化成立时按化神功能重算边界需求；合化争议时停止细化边界画像。,近位提高该边界议题进入关系核心的可能；远位只保留背景或阶段性观察。,94,主通道候选 +20,primary_boundary_channel,BC06 弹性共享将偏财功能转译为双人边界治理通道。,你可以拥有灵活和活力，但重要边界必须透明并能重新确认。,不得仅凭本规则推出某人必然控制、回避、依赖、忠诚或适合结婚；不得把亲密解释为无隐私，把保护解释为替代决定，把贡献多少解释为决策权大小。现实安全、明确同意、可撤回性、持续行为、反例与双方意愿优先。,中高,待验证,,boundary_channel=BC06; ten_god=偏财; provisional=true; rule_group=BOUND-BC通道,0.5
M5-BOUND-072,BC06 弹性共享｜个人决定行为,L1 十类适配边界通道,BOUND-BC通道,通用,个人决定,BC06 弹性共享,偏财,存在个人领域的现实资料。,把个人选择对共同生活的重大影响完全忽略。,由共享基础引擎、M3-BOUND与M5-BASE提供；只修正用户需要怎样的自主、共享、授权与空间结构，不直接判断具体关系现实中公平或安全。,M2只说明谁容易进入关系及资格证据；不能替代具体对象的同意、边界、资源和权力行为验证。,M3-BASE与M3-BOUND提供用户自然靠近、共享和边界通道；M5-BOUND负责判断双方如何共同治理。,无／按本规则指定的提议—知情—同意—执行—复核—重订路径路由。,近位、远位只修正该边界需求进入亲密关系核心的可能；不得据此判断具体伴侣一定尊重或越界。,根气只修正用户边界需求是否稳定重复，不等于双方已形成成熟治理。,旺弱只修正某项自主、共享、规则或空间功能的调用强度，不直接等于控制、回避或适配质量。,喜忌只修正功能调用顺畅度与摩擦，不可直接翻译为理想伴侣五行、十神或必然互补。,真合化成立时按化神功能重算边界需求；合化争议时停止细化边界画像。,近位提高该边界议题进入关系核心的可能；远位只保留背景或阶段性观察。,84,+8 个人决定证据,personal_decision_profile,双方可以保有独立社交、兴趣和临时安排，但会告知对共同计划的影响。,个人领域中，较成熟的做法是：双方可以保有独立社交、兴趣和临时安排，但会告知对共同计划的影响。,不得仅凭本规则推出某人必然控制、回避、依赖、忠诚或适合结婚；不得把亲密解释为无隐私，把保护解释为替代决定，把贡献多少解释为决策权大小。现实安全、明确同意、可撤回性、持续行为、反例与双方意愿优先。,中,待验证,,boundary_channel=BC06; ten_god=偏财; provisional=true; rule_group=BOUND-BC通道,0.5
M5-BOUND-073,BC06 弹性共享｜共同决定行为,L1 十类适配边界通道,BOUND-BC通道,通用,共同决定,BC06 弹性共享,偏财,存在影响双方生活、资源或承诺的事项。,只有一方单方面决定或事后通知。,由共享基础引擎、M3-BOUND与M5-BASE提供；只修正用户需要怎样的自主、共享、授权与空间结构，不直接判断具体关系现实中公平或安全。,M2只说明谁容易进入关系及资格证据；不能替代具体对象的同意、边界、资源和权力行为验证。,M3-BASE与M3-BOUND提供用户自然靠近、共享和边界通道；M5-BOUND负责判断双方如何共同治理。,无／按本规则指定的提议—知情—同意—执行—复核—重订路径路由。,近位、远位只修正该边界需求进入亲密关系核心的可能；不得据此判断具体伴侣一定尊重或越界。,根气只修正用户边界需求是否稳定重复，不等于双方已形成成熟治理。,旺弱只修正某项自主、共享、规则或空间功能的调用强度，不直接等于控制、回避或适配质量。,喜忌只修正功能调用顺畅度与摩擦，不可直接翻译为理想伴侣五行、十神或必然互补。,真合化成立时按化神功能重算边界需求；合化争议时停止细化边界画像。,近位提高该边界议题进入关系核心的可能；远位只保留背景或阶段性观察。,86,+10 共同决定证据,joint_decision_profile,共同体验和临时资源可灵活调整，重要支出、排他性和时间承诺需共同确认。,共同事项中，需要做到：共同体验和临时资源可灵活调整，重要支出、排他性和时间承诺需共同确认。,不得仅凭本规则推出某人必然控制、回避、依赖、忠诚或适合结婚；不得把亲密解释为无隐私，把保护解释为替代决定，把贡献多少解释为决策权大小。现实安全、明确同意、可撤回性、持续行为、反例与双方意愿优先。,中高,待验证,,boundary_channel=BC06; ten_god=偏财; provisional=true; rule_group=BOUND-BC通道,0.5
M5-BOUND-074,BC06 弹性共享｜同意与撤回行为,L1 十类适配边界通道,BOUND-BC通道,通用,同意,BC06 弹性共享,偏财,涉及身体、资源、公开、授权、靠近或暂停。,沉默、顺从、关系身份或既往同意被当成永久授权。,由共享基础引擎、M3-BOUND与M5-BASE提供；只修正用户需要怎样的自主、共享、授权与空间结构，不直接判断具体关系现实中公平或安全。,M2只说明谁容易进入关系及资格证据；不能替代具体对象的同意、边界、资源和权力行为验证。,M3-BASE与M3-BOUND提供用户自然靠近、共享和边界通道；M5-BOUND负责判断双方如何共同治理。,无／按本规则指定的提议—知情—同意—执行—复核—重订路径路由。,近位、远位只修正该边界需求进入亲密关系核心的可能；不得据此判断具体伴侣一定尊重或越界。,根气只修正用户边界需求是否稳定重复，不等于双方已形成成熟治理。,旺弱只修正某项自主、共享、规则或空间功能的调用强度，不直接等于控制、回避或适配质量。,喜忌只修正功能调用顺畅度与摩擦，不可直接翻译为理想伴侣五行、十神或必然互补。,真合化成立时按化神功能重算边界需求；合化争议时停止细化边界画像。,近位提高该边界议题进入关系核心的可能；远位只保留背景或阶段性观察。,94,+12 同意证据,consent_boundary,社交、影像、位置、礼物和公开关系信息都要尊重双方同意。,同意方面要看：社交、影像、位置、礼物和公开关系信息都要尊重双方同意。,不得仅凭本规则推出某人必然控制、回避、依赖、忠诚或适合结婚；不得把亲密解释为无隐私，把保护解释为替代决定，把贡献多少解释为决策权大小。现实安全、明确同意、可撤回性、持续行为、反例与双方意愿优先。,高,待验证,,boundary_channel=BC06; ten_god=偏财; provisional=true; rule_group=BOUND-BC通道,0.5
M5-BOUND-075,BC06 弹性共享｜资源与空间行为,L1 十类适配边界通道,BOUND-BC通道,通用,资源,BC06 弹性共享,偏财,涉及金钱、时间、设备、空间、劳动或信息。,资源贡献或共享被扩大为控制权。,由共享基础引擎、M3-BOUND与M5-BASE提供；只修正用户需要怎样的自主、共享、授权与空间结构，不直接判断具体关系现实中公平或安全。,M2只说明谁容易进入关系及资格证据；不能替代具体对象的同意、边界、资源和权力行为验证。,M3-BASE与M3-BOUND提供用户自然靠近、共享和边界通道；M5-BOUND负责判断双方如何共同治理。,无／按本规则指定的提议—知情—同意—执行—复核—重订路径路由。,近位、远位只修正该边界需求进入亲密关系核心的可能；不得据此判断具体伴侣一定尊重或越界。,根气只修正用户边界需求是否稳定重复，不等于双方已形成成熟治理。,旺弱只修正某项自主、共享、规则或空间功能的调用强度，不直接等于控制、回避或适配质量。,喜忌只修正功能调用顺畅度与摩擦，不可直接翻译为理想伴侣五行、十神或必然互补。,真合化成立时按化神功能重算边界需求；合化争议时停止细化边界画像。,近位提高该边界议题进入关系核心的可能；远位只保留背景或阶段性观察。,86,+10 资源证据,resource_boundary_profile,临时资源和人脉帮助不能隐含交换义务，也不能绕过共同预算。,资源与空间方面需要：临时资源和人脉帮助不能隐含交换义务，也不能绕过共同预算。,不得仅凭本规则推出某人必然控制、回避、依赖、忠诚或适合结婚；不得把亲密解释为无隐私，把保护解释为替代决定，把贡献多少解释为决策权大小。现实安全、明确同意、可撤回性、持续行为、反例与双方意愿优先。,中高,待验证,,boundary_channel=BC06; ten_god=偏财; provisional=true; rule_group=BOUND-BC通道,0.5
M5-BOUND-076,BC06 弹性共享｜压力与高风险行为,L1 十类适配边界通道,BOUND-BC通道,通用,压力,BC06 弹性共享,偏财,存在冲突、高压、危机、成本或权力差异。,只有轻松情境资料。,由共享基础引擎、M3-BOUND与M5-BASE提供；只修正用户需要怎样的自主、共享、授权与空间结构，不直接判断具体关系现实中公平或安全。,M2只说明谁容易进入关系及资格证据；不能替代具体对象的同意、边界、资源和权力行为验证。,M3-BASE与M3-BOUND提供用户自然靠近、共享和边界通道；M5-BOUND负责判断双方如何共同治理。,无／按本规则指定的提议—知情—同意—执行—复核—重订路径路由。,近位、远位只修正该边界需求进入亲密关系核心的可能；不得据此判断具体伴侣一定尊重或越界。,根气只修正用户边界需求是否稳定重复，不等于双方已形成成熟治理。,旺弱只修正某项自主、共享、规则或空间功能的调用强度，不直接等于控制、回避或适配质量。,喜忌只修正功能调用顺畅度与摩擦，不可直接翻译为理想伴侣五行、十神或必然互补。,真合化成立时按化神功能重算边界需求；合化争议时停止细化边界画像。,近位提高该边界议题进入关系核心的可能；远位只保留背景或阶段性观察。,90,+12 压力证据,stress_boundary_profile,计划改变时及时说明替代方案，不能用随性长期回避责任。,压力下重点观察：计划改变时及时说明替代方案，不能用随性长期回避责任。,不得仅凭本规则推出某人必然控制、回避、依赖、忠诚或适合结婚；不得把亲密解释为无隐私，把保护解释为替代决定，把贡献多少解释为决策权大小。现实安全、明确同意、可撤回性、持续行为、反例与双方意愿优先。,中高,待验证,,boundary_channel=BC06; ten_god=偏财; provisional=true; rule_group=BOUND-BC通道,0.5
M5-BOUND-077,BC06 弹性共享｜成熟边界表达,L1 十类适配边界通道,BOUND-BC通道,通用,成熟,BC06 弹性共享,偏财,BV4以上，且BO01、BO02、BO04、BO10至少三项可靠。,只有自述、规则文本或一次事件。,由共享基础引擎、M3-BOUND与M5-BASE提供；只修正用户需要怎样的自主、共享、授权与空间结构，不直接判断具体关系现实中公平或安全。,M2只说明谁容易进入关系及资格证据；不能替代具体对象的同意、边界、资源和权力行为验证。,M3-BASE与M3-BOUND提供用户自然靠近、共享和边界通道；M5-BOUND负责判断双方如何共同治理。,无／按本规则指定的提议—知情—同意—执行—复核—重订路径路由。,近位、远位只修正该边界需求进入亲密关系核心的可能；不得据此判断具体伴侣一定尊重或越界。,根气只修正用户边界需求是否稳定重复，不等于双方已形成成熟治理。,旺弱只修正某项自主、共享、规则或空间功能的调用强度，不直接等于控制、回避或适配质量。,喜忌只修正功能调用顺畅度与摩擦，不可直接翻译为理想伴侣五行、十神或必然互补。,真合化成立时按化神功能重算边界需求；合化争议时停止细化边界画像。,近位提高该边界议题进入关系核心的可能；远位只保留背景或阶段性观察。,92,成熟 +16,mature_boundary_profile,灵活而透明，变化后能形成新安排，不让一方长期猜测。,成熟表现是：灵活而透明，变化后能形成新安排，不让一方长期猜测。,不得仅凭本规则推出某人必然控制、回避、依赖、忠诚或适合结婚；不得把亲密解释为无隐私，把保护解释为替代决定，把贡献多少解释为决策权大小。现实安全、明确同意、可撤回性、持续行为、反例与双方意愿优先。,中高,待验证,,boundary_channel=BC06; ten_god=偏财; provisional=true; rule_group=BOUND-BC通道,0.5
M5-BOUND-078,BC06 弹性共享｜失衡边界候选,L1 十类适配边界通道,BOUND-BC通道,通用,风险,BC06 弹性共享,偏财,现实资料显示越权、僵化、失联、资源不对称或回归失败。,只有通道强度，没有独立失衡证据。,由共享基础引擎、M3-BOUND与M5-BASE提供；只修正用户需要怎样的自主、共享、授权与空间结构，不直接判断具体关系现实中公平或安全。,M2只说明谁容易进入关系及资格证据；不能替代具体对象的同意、边界、资源和权力行为验证。,M3-BASE与M3-BOUND提供用户自然靠近、共享和边界通道；M5-BOUND负责判断双方如何共同治理。,无／按本规则指定的提议—知情—同意—执行—复核—重订路径路由。,近位、远位只修正该边界需求进入亲密关系核心的可能；不得据此判断具体伴侣一定尊重或越界。,根气只修正用户边界需求是否稳定重复，不等于双方已形成成熟治理。,旺弱只修正某项自主、共享、规则或空间功能的调用强度，不直接等于控制、回避或适配质量。,喜忌只修正功能调用顺畅度与摩擦，不可直接翻译为理想伴侣五行、十神或必然互补。,真合化成立时按化神功能重算边界需求；合化争议时停止细化边界画像。,近位提高该边界议题进入关系核心的可能；远位只保留背景或阶段性观察。,88,风险 +12,boundary_risk_warning,容易因新鲜感、临时兴致或社交流动使边界与承诺反复变化。,需要留意：容易因新鲜感、临时兴致或社交流动使边界与承诺反复变化。,不得仅凭本规则推出某人必然控制、回避、依赖、忠诚或适合结婚；不得把亲密解释为无隐私，把保护解释为替代决定，把贡献多少解释为决策权大小。现实安全、明确同意、可撤回性、持续行为、反例与双方意愿优先。,中高,待验证,,boundary_channel=BC06; ten_god=偏财; provisional=true; rule_group=BOUND-BC通道,0.5
M5-BOUND-079,BC06 弹性共享｜伪装／假成熟表达,L1 十类适配边界通道,BOUND-BC通道,通用,伪适配,BC06 弹性共享,偏财,外显标签、规则术语或保护行为强，但BV低、反例明显。,BV5—BV7现实证据支持成熟表达。,由共享基础引擎、M3-BOUND与M5-BASE提供；只修正用户需要怎样的自主、共享、授权与空间结构，不直接判断具体关系现实中公平或安全。,M2只说明谁容易进入关系及资格证据；不能替代具体对象的同意、边界、资源和权力行为验证。,M3-BASE与M3-BOUND提供用户自然靠近、共享和边界通道；M5-BOUND负责判断双方如何共同治理。,无／按本规则指定的提议—知情—同意—执行—复核—重订路径路由。,近位、远位只修正该边界需求进入亲密关系核心的可能；不得据此判断具体伴侣一定尊重或越界。,根气只修正用户边界需求是否稳定重复，不等于双方已形成成熟治理。,旺弱只修正某项自主、共享、规则或空间功能的调用强度，不直接等于控制、回避或适配质量。,喜忌只修正功能调用顺畅度与摩擦，不可直接翻译为理想伴侣五行、十神或必然互补。,真合化成立时按化神功能重算边界需求；合化争议时停止细化边界画像。,近位提高该边界议题进入关系核心的可能；远位只保留背景或阶段性观察。,92,GB候选 +12,pseudo_boundary_warning,以开放、随性和信任为名，拒绝说明影响共同关系的重要信息。,不要只看：以开放、随性和信任为名，拒绝说明影响共同关系的重要信息。,不得仅凭本规则推出某人必然控制、回避、依赖、忠诚或适合结婚；不得把亲密解释为无隐私，把保护解释为替代决定，把贡献多少解释为决策权大小。现实安全、明确同意、可撤回性、持续行为、反例与双方意愿优先。,中高,待验证,,boundary_channel=BC06; ten_god=偏财; provisional=true; rule_group=BOUND-BC通道,0.5
M5-BOUND-080,BC06 弹性共享｜关键观察与用户输出,L1 十类适配边界通道,BOUND-BC通道,通用,输出,BC06 弹性共享,偏财,已形成主或次BC候选。,BS08停止或资料严重不足。,由共享基础引擎、M3-BOUND与M5-BASE提供；只修正用户需要怎样的自主、共享、授权与空间结构，不直接判断具体关系现实中公平或安全。,M2只说明谁容易进入关系及资格证据；不能替代具体对象的同意、边界、资源和权力行为验证。,M3-BASE与M3-BOUND提供用户自然靠近、共享和边界通道；M5-BOUND负责判断双方如何共同治理。,无／按本规则指定的提议—知情—同意—执行—复核—重订路径路由。,近位、远位只修正该边界需求进入亲密关系核心的可能；不得据此判断具体伴侣一定尊重或越界。,根气只修正用户边界需求是否稳定重复，不等于双方已形成成熟治理。,旺弱只修正某项自主、共享、规则或空间功能的调用强度，不直接等于控制、回避或适配质量。,喜忌只修正功能调用顺畅度与摩擦，不可直接翻译为理想伴侣五行、十神或必然互补。,真合化成立时按化神功能重算边界需求；合化争议时停止细化边界画像。,近位提高该边界议题进入关系核心的可能；远位只保留背景或阶段性观察。,76,不加分；输出,observation_plan,计划变化、社交增加或资源流动时，透明度、排他约定和共同时间是否仍清楚。,计划变化、社交增加或资源流动时，透明度、排他约定和共同时间是否仍清楚。,不得仅凭本规则推出某人必然控制、回避、依赖、忠诚或适合结婚；不得把亲密解释为无隐私，把保护解释为替代决定，把贡献多少解释为决策权大小。现实安全、明确同意、可撤回性、持续行为、反例与双方意愿优先。,中高,待验证,,boundary_channel=BC06; ten_god=偏财; provisional=true; rule_group=BOUND-BC通道,0.5
M5-BOUND-081,BC07 责任权限｜通道定义,L1 十类适配边界通道,BOUND-BC通道,通用,基础,BC07 责任权限,正官,M5-BASE或上游模块将对应FN路由为主／次边界功能。,PR0安全门控未通过或该功能只属PR3且与主风险冲突。,由共享基础引擎、M3-BOUND与M5-BASE提供；只修正用户需要怎样的自主、共享、授权与空间结构，不直接判断具体关系现实中公平或安全。,M2只说明谁容易进入关系及资格证据；不能替代具体对象的同意、边界、资源和权力行为验证。,M3-BASE与M3-BOUND提供用户自然靠近、共享和边界通道；M5-BOUND负责判断双方如何共同治理。,无／按本规则指定的提议—知情—同意—执行—复核—重订路径路由。,近位、远位只修正该边界需求进入亲密关系核心的可能；不得据此判断具体伴侣一定尊重或越界。,根气只修正用户边界需求是否稳定重复，不等于双方已形成成熟治理。,旺弱只修正某项自主、共享、规则或空间功能的调用强度，不直接等于控制、回避或适配质量。,喜忌只修正功能调用顺畅度与摩擦，不可直接翻译为理想伴侣五行、十神或必然互补。,真合化成立时按化神功能重算边界需求；合化争议时停止细化边界画像。,近位提高该边界议题进入关系核心的可能；远位只保留背景或阶段性观察。,94,主通道候选 +20,primary_boundary_channel,BC07 责任权限将正官功能转译为双人边界治理通道。,长期规则需要清楚，但规则必须对双方都成立，也要允许重新协商。,不得仅凭本规则推出某人必然控制、回避、依赖、忠诚或适合结婚；不得把亲密解释为无隐私，把保护解释为替代决定，把贡献多少解释为决策权大小。现实安全、明确同意、可撤回性、持续行为、反例与双方意愿优先。,中高,待验证,,boundary_channel=BC07; ten_god=正官; provisional=true; rule_group=BOUND-BC通道,0.5
M5-BOUND-082,BC07 责任权限｜个人决定行为,L1 十类适配边界通道,BOUND-BC通道,通用,个人决定,BC07 责任权限,正官,存在个人领域的现实资料。,把个人选择对共同生活的重大影响完全忽略。,由共享基础引擎、M3-BOUND与M5-BASE提供；只修正用户需要怎样的自主、共享、授权与空间结构，不直接判断具体关系现实中公平或安全。,M2只说明谁容易进入关系及资格证据；不能替代具体对象的同意、边界、资源和权力行为验证。,M3-BASE与M3-BOUND提供用户自然靠近、共享和边界通道；M5-BOUND负责判断双方如何共同治理。,无／按本规则指定的提议—知情—同意—执行—复核—重订路径路由。,近位、远位只修正该边界需求进入亲密关系核心的可能；不得据此判断具体伴侣一定尊重或越界。,根气只修正用户边界需求是否稳定重复，不等于双方已形成成熟治理。,旺弱只修正某项自主、共享、规则或空间功能的调用强度，不直接等于控制、回避或适配质量。,喜忌只修正功能调用顺畅度与摩擦，不可直接翻译为理想伴侣五行、十神或必然互补。,真合化成立时按化神功能重算边界需求；合化争议时停止细化边界画像。,近位提高该边界议题进入关系核心的可能；远位只保留背景或阶段性观察。,84,+8 个人决定证据,personal_decision_profile,角色责任不覆盖个人身体、思想、隐私与退出权。,个人领域中，较成熟的做法是：角色责任不覆盖个人身体、思想、隐私与退出权。,不得仅凭本规则推出某人必然控制、回避、依赖、忠诚或适合结婚；不得把亲密解释为无隐私，把保护解释为替代决定，把贡献多少解释为决策权大小。现实安全、明确同意、可撤回性、持续行为、反例与双方意愿优先。,中,待验证,,boundary_channel=BC07; ten_god=正官; provisional=true; rule_group=BOUND-BC通道,0.5
M5-BOUND-083,BC07 责任权限｜共同决定行为,L1 十类适配边界通道,BOUND-BC通道,通用,共同决定,BC07 责任权限,正官,存在影响双方生活、资源或承诺的事项。,只有一方单方面决定或事后通知。,由共享基础引擎、M3-BOUND与M5-BASE提供；只修正用户需要怎样的自主、共享、授权与空间结构，不直接判断具体关系现实中公平或安全。,M2只说明谁容易进入关系及资格证据；不能替代具体对象的同意、边界、资源和权力行为验证。,M3-BASE与M3-BOUND提供用户自然靠近、共享和边界通道；M5-BOUND负责判断双方如何共同治理。,无／按本规则指定的提议—知情—同意—执行—复核—重订路径路由。,近位、远位只修正该边界需求进入亲密关系核心的可能；不得据此判断具体伴侣一定尊重或越界。,根气只修正用户边界需求是否稳定重复，不等于双方已形成成熟治理。,旺弱只修正某项自主、共享、规则或空间功能的调用强度，不直接等于控制、回避或适配质量。,喜忌只修正功能调用顺畅度与摩擦，不可直接翻译为理想伴侣五行、十神或必然互补。,真合化成立时按化神功能重算边界需求；合化争议时停止细化边界画像。,近位提高该边界议题进入关系核心的可能；远位只保留背景或阶段性观察。,86,+10 共同决定证据,joint_decision_profile,承诺、家庭责任、共同计划和长期规则由双方确认并可复核。,共同事项中，需要做到：承诺、家庭责任、共同计划和长期规则由双方确认并可复核。,不得仅凭本规则推出某人必然控制、回避、依赖、忠诚或适合结婚；不得把亲密解释为无隐私，把保护解释为替代决定，把贡献多少解释为决策权大小。现实安全、明确同意、可撤回性、持续行为、反例与双方意愿优先。,中高,待验证,,boundary_channel=BC07; ten_god=正官; provisional=true; rule_group=BOUND-BC通道,0.5
M5-BOUND-084,BC07 责任权限｜同意与撤回行为,L1 十类适配边界通道,BOUND-BC通道,通用,同意,BC07 责任权限,正官,涉及身体、资源、公开、授权、靠近或暂停。,沉默、顺从、关系身份或既往同意被当成永久授权。,由共享基础引擎、M3-BOUND与M5-BASE提供；只修正用户需要怎样的自主、共享、授权与空间结构，不直接判断具体关系现实中公平或安全。,M2只说明谁容易进入关系及资格证据；不能替代具体对象的同意、边界、资源和权力行为验证。,M3-BASE与M3-BOUND提供用户自然靠近、共享和边界通道；M5-BOUND负责判断双方如何共同治理。,无／按本规则指定的提议—知情—同意—执行—复核—重订路径路由。,近位、远位只修正该边界需求进入亲密关系核心的可能；不得据此判断具体伴侣一定尊重或越界。,根气只修正用户边界需求是否稳定重复，不等于双方已形成成熟治理。,旺弱只修正某项自主、共享、规则或空间功能的调用强度，不直接等于控制、回避或适配质量。,喜忌只修正功能调用顺畅度与摩擦，不可直接翻译为理想伴侣五行、十神或必然互补。,真合化成立时按化神功能重算边界需求；合化争议时停止细化边界画像。,近位提高该边界议题进入关系核心的可能；远位只保留背景或阶段性观察。,94,+12 同意证据,consent_boundary,规则不能替代持续同意；婚姻、伴侣身份或既往承诺都不构成永久授权。,同意方面要看：规则不能替代持续同意；婚姻、伴侣身份或既往承诺都不构成永久授权。,不得仅凭本规则推出某人必然控制、回避、依赖、忠诚或适合结婚；不得把亲密解释为无隐私，把保护解释为替代决定，把贡献多少解释为决策权大小。现实安全、明确同意、可撤回性、持续行为、反例与双方意愿优先。,高,待验证,,boundary_channel=BC07; ten_god=正官; provisional=true; rule_group=BOUND-BC通道,0.5
M5-BOUND-085,BC07 责任权限｜资源与空间行为,L1 十类适配边界通道,BOUND-BC通道,通用,资源,BC07 责任权限,正官,涉及金钱、时间、设备、空间、劳动或信息。,资源贡献或共享被扩大为控制权。,由共享基础引擎、M3-BOUND与M5-BASE提供；只修正用户需要怎样的自主、共享、授权与空间结构，不直接判断具体关系现实中公平或安全。,M2只说明谁容易进入关系及资格证据；不能替代具体对象的同意、边界、资源和权力行为验证。,M3-BASE与M3-BOUND提供用户自然靠近、共享和边界通道；M5-BOUND负责判断双方如何共同治理。,无／按本规则指定的提议—知情—同意—执行—复核—重订路径路由。,近位、远位只修正该边界需求进入亲密关系核心的可能；不得据此判断具体伴侣一定尊重或越界。,根气只修正用户边界需求是否稳定重复，不等于双方已形成成熟治理。,旺弱只修正某项自主、共享、规则或空间功能的调用强度，不直接等于控制、回避或适配质量。,喜忌只修正功能调用顺畅度与摩擦，不可直接翻译为理想伴侣五行、十神或必然互补。,真合化成立时按化神功能重算边界需求；合化争议时停止细化边界画像。,近位提高该边界议题进入关系核心的可能；远位只保留背景或阶段性观察。,86,+10 资源证据,resource_boundary_profile,承担更多责任不自动获得更多控制权；权限与问责需要同时存在。,资源与空间方面需要：承担更多责任不自动获得更多控制权；权限与问责需要同时存在。,不得仅凭本规则推出某人必然控制、回避、依赖、忠诚或适合结婚；不得把亲密解释为无隐私，把保护解释为替代决定，把贡献多少解释为决策权大小。现实安全、明确同意、可撤回性、持续行为、反例与双方意愿优先。,中高,待验证,,boundary_channel=BC07; ten_god=正官; provisional=true; rule_group=BOUND-BC通道,0.5
M5-BOUND-086,BC07 责任权限｜压力与高风险行为,L1 十类适配边界通道,BOUND-BC通道,通用,压力,BC07 责任权限,正官,存在冲突、高压、危机、成本或权力差异。,只有轻松情境资料。,由共享基础引擎、M3-BOUND与M5-BASE提供；只修正用户需要怎样的自主、共享、授权与空间结构，不直接判断具体关系现实中公平或安全。,M2只说明谁容易进入关系及资格证据；不能替代具体对象的同意、边界、资源和权力行为验证。,M3-BASE与M3-BOUND提供用户自然靠近、共享和边界通道；M5-BOUND负责判断双方如何共同治理。,无／按本规则指定的提议—知情—同意—执行—复核—重订路径路由。,近位、远位只修正该边界需求进入亲密关系核心的可能；不得据此判断具体伴侣一定尊重或越界。,根气只修正用户边界需求是否稳定重复，不等于双方已形成成熟治理。,旺弱只修正某项自主、共享、规则或空间功能的调用强度，不直接等于控制、回避或适配质量。,喜忌只修正功能调用顺畅度与摩擦，不可直接翻译为理想伴侣五行、十神或必然互补。,真合化成立时按化神功能重算边界需求；合化争议时停止细化边界画像。,近位提高该边界议题进入关系核心的可能；远位只保留背景或阶段性观察。,90,+12 压力证据,stress_boundary_profile,高压时可临时提高执行集中度，但范围、期限和复核点必须清楚。,压力下重点观察：高压时可临时提高执行集中度，但范围、期限和复核点必须清楚。,不得仅凭本规则推出某人必然控制、回避、依赖、忠诚或适合结婚；不得把亲密解释为无隐私，把保护解释为替代决定，把贡献多少解释为决策权大小。现实安全、明确同意、可撤回性、持续行为、反例与双方意愿优先。,中高,待验证,,boundary_channel=BC07; ten_god=正官; provisional=true; rule_group=BOUND-BC通道,0.5
M5-BOUND-087,BC07 责任权限｜成熟边界表达,L1 十类适配边界通道,BOUND-BC通道,通用,成熟,BC07 责任权限,正官,BV4以上，且BO01、BO02、BO04、BO10至少三项可靠。,只有自述、规则文本或一次事件。,由共享基础引擎、M3-BOUND与M5-BASE提供；只修正用户需要怎样的自主、共享、授权与空间结构，不直接判断具体关系现实中公平或安全。,M2只说明谁容易进入关系及资格证据；不能替代具体对象的同意、边界、资源和权力行为验证。,M3-BASE与M3-BOUND提供用户自然靠近、共享和边界通道；M5-BOUND负责判断双方如何共同治理。,无／按本规则指定的提议—知情—同意—执行—复核—重订路径路由。,近位、远位只修正该边界需求进入亲密关系核心的可能；不得据此判断具体伴侣一定尊重或越界。,根气只修正用户边界需求是否稳定重复，不等于双方已形成成熟治理。,旺弱只修正某项自主、共享、规则或空间功能的调用强度，不直接等于控制、回避或适配质量。,喜忌只修正功能调用顺畅度与摩擦，不可直接翻译为理想伴侣五行、十神或必然互补。,真合化成立时按化神功能重算边界需求；合化争议时停止细化边界画像。,近位提高该边界议题进入关系核心的可能；远位只保留背景或阶段性观察。,92,成熟 +16,mature_boundary_profile,责任和权限对等、规则对双方一致、变化时愿意说明并重订。,成熟表现是：责任和权限对等、规则对双方一致、变化时愿意说明并重订。,不得仅凭本规则推出某人必然控制、回避、依赖、忠诚或适合结婚；不得把亲密解释为无隐私，把保护解释为替代决定，把贡献多少解释为决策权大小。现实安全、明确同意、可撤回性、持续行为、反例与双方意愿优先。,中高,待验证,,boundary_channel=BC07; ten_god=正官; provisional=true; rule_group=BOUND-BC通道,0.5
M5-BOUND-088,BC07 责任权限｜失衡边界候选,L1 十类适配边界通道,BOUND-BC通道,通用,风险,BC07 责任权限,正官,现实资料显示越权、僵化、失联、资源不对称或回归失败。,只有通道强度，没有独立失衡证据。,由共享基础引擎、M3-BOUND与M5-BASE提供；只修正用户需要怎样的自主、共享、授权与空间结构，不直接判断具体关系现实中公平或安全。,M2只说明谁容易进入关系及资格证据；不能替代具体对象的同意、边界、资源和权力行为验证。,M3-BASE与M3-BOUND提供用户自然靠近、共享和边界通道；M5-BOUND负责判断双方如何共同治理。,无／按本规则指定的提议—知情—同意—执行—复核—重订路径路由。,近位、远位只修正该边界需求进入亲密关系核心的可能；不得据此判断具体伴侣一定尊重或越界。,根气只修正用户边界需求是否稳定重复，不等于双方已形成成熟治理。,旺弱只修正某项自主、共享、规则或空间功能的调用强度，不直接等于控制、回避或适配质量。,喜忌只修正功能调用顺畅度与摩擦，不可直接翻译为理想伴侣五行、十神或必然互补。,真合化成立时按化神功能重算边界需求；合化争议时停止细化边界画像。,近位提高该边界议题进入关系核心的可能；远位只保留背景或阶段性观察。,88,风险 +12,boundary_risk_warning,容易把身份、原则、道德或责任转成单向要求和僵化控制。,需要留意：容易把身份、原则、道德或责任转成单向要求和僵化控制。,不得仅凭本规则推出某人必然控制、回避、依赖、忠诚或适合结婚；不得把亲密解释为无隐私，把保护解释为替代决定，把贡献多少解释为决策权大小。现实安全、明确同意、可撤回性、持续行为、反例与双方意愿优先。,中高,待验证,,boundary_channel=BC07; ten_god=正官; provisional=true; rule_group=BOUND-BC通道,0.5
M5-BOUND-089,BC07 责任权限｜伪装／假成熟表达,L1 十类适配边界通道,BOUND-BC通道,通用,伪适配,BC07 责任权限,正官,外显标签、规则术语或保护行为强，但BV低、反例明显。,BV5—BV7现实证据支持成熟表达。,由共享基础引擎、M3-BOUND与M5-BASE提供；只修正用户需要怎样的自主、共享、授权与空间结构，不直接判断具体关系现实中公平或安全。,M2只说明谁容易进入关系及资格证据；不能替代具体对象的同意、边界、资源和权力行为验证。,M3-BASE与M3-BOUND提供用户自然靠近、共享和边界通道；M5-BOUND负责判断双方如何共同治理。,无／按本规则指定的提议—知情—同意—执行—复核—重订路径路由。,近位、远位只修正该边界需求进入亲密关系核心的可能；不得据此判断具体伴侣一定尊重或越界。,根气只修正用户边界需求是否稳定重复，不等于双方已形成成熟治理。,旺弱只修正某项自主、共享、规则或空间功能的调用强度，不直接等于控制、回避或适配质量。,喜忌只修正功能调用顺畅度与摩擦，不可直接翻译为理想伴侣五行、十神或必然互补。,真合化成立时按化神功能重算边界需求；合化争议时停止细化边界画像。,近位提高该边界议题进入关系核心的可能；远位只保留背景或阶段性观察。,92,GB候选 +12,pseudo_boundary_warning,规则说得很完整，却只约束一方；对自己失约则用原因和身份免责。,不要只看：规则说得很完整，却只约束一方；对自己失约则用原因和身份免责。,不得仅凭本规则推出某人必然控制、回避、依赖、忠诚或适合结婚；不得把亲密解释为无隐私，把保护解释为替代决定，把贡献多少解释为决策权大小。现实安全、明确同意、可撤回性、持续行为、反例与双方意愿优先。,中高,待验证,,boundary_channel=BC07; ten_god=正官; provisional=true; rule_group=BOUND-BC通道,0.5
M5-BOUND-090,BC07 责任权限｜关键观察与用户输出,L1 十类适配边界通道,BOUND-BC通道,通用,输出,BC07 责任权限,正官,已形成主或次BC候选。,BS08停止或资料严重不足。,由共享基础引擎、M3-BOUND与M5-BASE提供；只修正用户需要怎样的自主、共享、授权与空间结构，不直接判断具体关系现实中公平或安全。,M2只说明谁容易进入关系及资格证据；不能替代具体对象的同意、边界、资源和权力行为验证。,M3-BASE与M3-BOUND提供用户自然靠近、共享和边界通道；M5-BOUND负责判断双方如何共同治理。,无／按本规则指定的提议—知情—同意—执行—复核—重订路径路由。,近位、远位只修正该边界需求进入亲密关系核心的可能；不得据此判断具体伴侣一定尊重或越界。,根气只修正用户边界需求是否稳定重复，不等于双方已形成成熟治理。,旺弱只修正某项自主、共享、规则或空间功能的调用强度，不直接等于控制、回避或适配质量。,喜忌只修正功能调用顺畅度与摩擦，不可直接翻译为理想伴侣五行、十神或必然互补。,真合化成立时按化神功能重算边界需求；合化争议时停止细化边界画像。,近位提高该边界议题进入关系核心的可能；远位只保留背景或阶段性观察。,76,不加分；输出,observation_plan,规则对自己不利、角色变化或失约时，是否仍愿意被同样标准复核。,规则对自己不利、角色变化或失约时，是否仍愿意被同样标准复核。,不得仅凭本规则推出某人必然控制、回避、依赖、忠诚或适合结婚；不得把亲密解释为无隐私，把保护解释为替代决定，把贡献多少解释为决策权大小。现实安全、明确同意、可撤回性、持续行为、反例与双方意愿优先。,中高,待验证,,boundary_channel=BC07; ten_god=正官; provisional=true; rule_group=BOUND-BC通道,0.5
M5-BOUND-091,BC08 决断保护｜通道定义,L1 十类适配边界通道,BOUND-BC通道,通用,基础,BC08 决断保护,七杀,M5-BASE或上游模块将对应FN路由为主／次边界功能。,PR0安全门控未通过或该功能只属PR3且与主风险冲突。,由共享基础引擎、M3-BOUND与M5-BASE提供；只修正用户需要怎样的自主、共享、授权与空间结构，不直接判断具体关系现实中公平或安全。,M2只说明谁容易进入关系及资格证据；不能替代具体对象的同意、边界、资源和权力行为验证。,M3-BASE与M3-BOUND提供用户自然靠近、共享和边界通道；M5-BOUND负责判断双方如何共同治理。,无／按本规则指定的提议—知情—同意—执行—复核—重订路径路由。,近位、远位只修正该边界需求进入亲密关系核心的可能；不得据此判断具体伴侣一定尊重或越界。,根气只修正用户边界需求是否稳定重复，不等于双方已形成成熟治理。,旺弱只修正某项自主、共享、规则或空间功能的调用强度，不直接等于控制、回避或适配质量。,喜忌只修正功能调用顺畅度与摩擦，不可直接翻译为理想伴侣五行、十神或必然互补。,真合化成立时按化神功能重算边界需求；合化争议时停止细化边界画像。,近位提高该边界议题进入关系核心的可能；远位只保留背景或阶段性观察。,94,主通道候选 +20,primary_boundary_channel,BC08 决断保护将七杀功能转译为双人边界治理通道。,真正的保护会在危险结束后把决定权还给你，而不是长期扩大控制。,不得仅凭本规则推出某人必然控制、回避、依赖、忠诚或适合结婚；不得把亲密解释为无隐私，把保护解释为替代决定，把贡献多少解释为决策权大小。现实安全、明确同意、可撤回性、持续行为、反例与双方意愿优先。,中高,待验证,,boundary_channel=BC08; ten_god=七杀; provisional=true; rule_group=BOUND-BC通道,0.5
M5-BOUND-092,BC08 决断保护｜个人决定行为,L1 十类适配边界通道,BOUND-BC通道,通用,个人决定,BC08 决断保护,七杀,存在个人领域的现实资料。,把个人选择对共同生活的重大影响完全忽略。,由共享基础引擎、M3-BOUND与M5-BASE提供；只修正用户需要怎样的自主、共享、授权与空间结构，不直接判断具体关系现实中公平或安全。,M2只说明谁容易进入关系及资格证据；不能替代具体对象的同意、边界、资源和权力行为验证。,M3-BASE与M3-BOUND提供用户自然靠近、共享和边界通道；M5-BOUND负责判断双方如何共同治理。,无／按本规则指定的提议—知情—同意—执行—复核—重订路径路由。,近位、远位只修正该边界需求进入亲密关系核心的可能；不得据此判断具体伴侣一定尊重或越界。,根气只修正用户边界需求是否稳定重复，不等于双方已形成成熟治理。,旺弱只修正某项自主、共享、规则或空间功能的调用强度，不直接等于控制、回避或适配质量。,喜忌只修正功能调用顺畅度与摩擦，不可直接翻译为理想伴侣五行、十神或必然互补。,真合化成立时按化神功能重算边界需求；合化争议时停止细化边界画像。,近位提高该边界议题进入关系核心的可能；远位只保留背景或阶段性观察。,84,+8 个人决定证据,personal_decision_profile,非紧急事项不以效率为由替对方做决定。,个人领域中，较成熟的做法是：非紧急事项不以效率为由替对方做决定。,不得仅凭本规则推出某人必然控制、回避、依赖、忠诚或适合结婚；不得把亲密解释为无隐私，把保护解释为替代决定，把贡献多少解释为决策权大小。现实安全、明确同意、可撤回性、持续行为、反例与双方意愿优先。,中,待验证,,boundary_channel=BC08; ten_god=七杀; provisional=true; rule_group=BOUND-BC通道,0.5
M5-BOUND-093,BC08 决断保护｜共同决定行为,L1 十类适配边界通道,BOUND-BC通道,通用,共同决定,BC08 决断保护,七杀,存在影响双方生活、资源或承诺的事项。,只有一方单方面决定或事后通知。,由共享基础引擎、M3-BOUND与M5-BASE提供；只修正用户需要怎样的自主、共享、授权与空间结构，不直接判断具体关系现实中公平或安全。,M2只说明谁容易进入关系及资格证据；不能替代具体对象的同意、边界、资源和权力行为验证。,M3-BASE与M3-BOUND提供用户自然靠近、共享和边界通道；M5-BOUND负责判断双方如何共同治理。,无／按本规则指定的提议—知情—同意—执行—复核—重订路径路由。,近位、远位只修正该边界需求进入亲密关系核心的可能；不得据此判断具体伴侣一定尊重或越界。,根气只修正用户边界需求是否稳定重复，不等于双方已形成成熟治理。,旺弱只修正某项自主、共享、规则或空间功能的调用强度，不直接等于控制、回避或适配质量。,喜忌只修正功能调用顺畅度与摩擦，不可直接翻译为理想伴侣五行、十神或必然互补。,真合化成立时按化神功能重算边界需求；合化争议时停止细化边界画像。,近位提高该边界议题进入关系核心的可能；远位只保留背景或阶段性观察。,86,+10 共同决定证据,joint_decision_profile,高风险决策先确认可获得的信息和授权；紧急后立即补充说明与共同复盘。,共同事项中，需要做到：高风险决策先确认可获得的信息和授权；紧急后立即补充说明与共同复盘。,不得仅凭本规则推出某人必然控制、回避、依赖、忠诚或适合结婚；不得把亲密解释为无隐私，把保护解释为替代决定，把贡献多少解释为决策权大小。现实安全、明确同意、可撤回性、持续行为、反例与双方意愿优先。,中高,待验证,,boundary_channel=BC08; ten_god=七杀; provisional=true; rule_group=BOUND-BC通道,0.5
M5-BOUND-094,BC08 决断保护｜同意与撤回行为,L1 十类适配边界通道,BOUND-BC通道,通用,同意,BC08 决断保护,七杀,涉及身体、资源、公开、授权、靠近或暂停。,沉默、顺从、关系身份或既往同意被当成永久授权。,由共享基础引擎、M3-BOUND与M5-BASE提供；只修正用户需要怎样的自主、共享、授权与空间结构，不直接判断具体关系现实中公平或安全。,M2只说明谁容易进入关系及资格证据；不能替代具体对象的同意、边界、资源和权力行为验证。,M3-BASE与M3-BOUND提供用户自然靠近、共享和边界通道；M5-BOUND负责判断双方如何共同治理。,无／按本规则指定的提议—知情—同意—执行—复核—重订路径路由。,近位、远位只修正该边界需求进入亲密关系核心的可能；不得据此判断具体伴侣一定尊重或越界。,根气只修正用户边界需求是否稳定重复，不等于双方已形成成熟治理。,旺弱只修正某项自主、共享、规则或空间功能的调用强度，不直接等于控制、回避或适配质量。,喜忌只修正功能调用顺畅度与摩擦，不可直接翻译为理想伴侣五行、十神或必然互补。,真合化成立时按化神功能重算边界需求；合化争议时停止细化边界画像。,近位提高该边界议题进入关系核心的可能；远位只保留背景或阶段性观察。,94,+12 同意证据,consent_boundary,保护不能覆盖明确拒绝；只有现实紧急且无法即时沟通时才可使用最小必要行动。,同意方面要看：保护不能覆盖明确拒绝；只有现实紧急且无法即时沟通时才可使用最小必要行动。,不得仅凭本规则推出某人必然控制、回避、依赖、忠诚或适合结婚；不得把亲密解释为无隐私，把保护解释为替代决定，把贡献多少解释为决策权大小。现实安全、明确同意、可撤回性、持续行为、反例与双方意愿优先。,高,待验证,,boundary_channel=BC08; ten_god=七杀; provisional=true; rule_group=BOUND-BC通道,0.5
M5-BOUND-095,BC08 决断保护｜资源与空间行为,L1 十类适配边界通道,BOUND-BC通道,通用,资源,BC08 决断保护,七杀,涉及金钱、时间、设备、空间、劳动或信息。,资源贡献或共享被扩大为控制权。,由共享基础引擎、M3-BOUND与M5-BASE提供；只修正用户需要怎样的自主、共享、授权与空间结构，不直接判断具体关系现实中公平或安全。,M2只说明谁容易进入关系及资格证据；不能替代具体对象的同意、边界、资源和权力行为验证。,M3-BASE与M3-BOUND提供用户自然靠近、共享和边界通道；M5-BOUND负责判断双方如何共同治理。,无／按本规则指定的提议—知情—同意—执行—复核—重订路径路由。,近位、远位只修正该边界需求进入亲密关系核心的可能；不得据此判断具体伴侣一定尊重或越界。,根气只修正用户边界需求是否稳定重复，不等于双方已形成成熟治理。,旺弱只修正某项自主、共享、规则或空间功能的调用强度，不直接等于控制、回避或适配质量。,喜忌只修正功能调用顺畅度与摩擦，不可直接翻译为理想伴侣五行、十神或必然互补。,真合化成立时按化神功能重算边界需求；合化争议时停止细化边界画像。,近位提高该边界议题进入关系核心的可能；远位只保留背景或阶段性观察。,86,+10 资源证据,resource_boundary_profile,使用共同资源止损要记录、说明并接受事后复核。,资源与空间方面需要：使用共同资源止损要记录、说明并接受事后复核。,不得仅凭本规则推出某人必然控制、回避、依赖、忠诚或适合结婚；不得把亲密解释为无隐私，把保护解释为替代决定，把贡献多少解释为决策权大小。现实安全、明确同意、可撤回性、持续行为、反例与双方意愿优先。,中高,待验证,,boundary_channel=BC08; ten_god=七杀; provisional=true; rule_group=BOUND-BC通道,0.5
M5-BOUND-096,BC08 决断保护｜压力与高风险行为,L1 十类适配边界通道,BOUND-BC通道,通用,压力,BC08 决断保护,七杀,存在冲突、高压、危机、成本或权力差异。,只有轻松情境资料。,由共享基础引擎、M3-BOUND与M5-BASE提供；只修正用户需要怎样的自主、共享、授权与空间结构，不直接判断具体关系现实中公平或安全。,M2只说明谁容易进入关系及资格证据；不能替代具体对象的同意、边界、资源和权力行为验证。,M3-BASE与M3-BOUND提供用户自然靠近、共享和边界通道；M5-BOUND负责判断双方如何共同治理。,无／按本规则指定的提议—知情—同意—执行—复核—重订路径路由。,近位、远位只修正该边界需求进入亲密关系核心的可能；不得据此判断具体伴侣一定尊重或越界。,根气只修正用户边界需求是否稳定重复，不等于双方已形成成熟治理。,旺弱只修正某项自主、共享、规则或空间功能的调用强度，不直接等于控制、回避或适配质量。,喜忌只修正功能调用顺畅度与摩擦，不可直接翻译为理想伴侣五行、十神或必然互补。,真合化成立时按化神功能重算边界需求；合化争议时停止细化边界画像。,近位提高该边界议题进入关系核心的可能；远位只保留背景或阶段性观察。,90,+12 压力证据,stress_boundary_profile,区分临时紧急授权与长期支配权，事件结束后恢复双方参与。,压力下重点观察：区分临时紧急授权与长期支配权，事件结束后恢复双方参与。,不得仅凭本规则推出某人必然控制、回避、依赖、忠诚或适合结婚；不得把亲密解释为无隐私，把保护解释为替代决定，把贡献多少解释为决策权大小。现实安全、明确同意、可撤回性、持续行为、反例与双方意愿优先。,中高,待验证,,boundary_channel=BC08; ten_god=七杀; provisional=true; rule_group=BOUND-BC通道,0.5
M5-BOUND-097,BC08 决断保护｜成熟边界表达,L1 十类适配边界通道,BOUND-BC通道,通用,成熟,BC08 决断保护,七杀,BV4以上，且BO01、BO02、BO04、BO10至少三项可靠。,只有自述、规则文本或一次事件。,由共享基础引擎、M3-BOUND与M5-BASE提供；只修正用户需要怎样的自主、共享、授权与空间结构，不直接判断具体关系现实中公平或安全。,M2只说明谁容易进入关系及资格证据；不能替代具体对象的同意、边界、资源和权力行为验证。,M3-BASE与M3-BOUND提供用户自然靠近、共享和边界通道；M5-BOUND负责判断双方如何共同治理。,无／按本规则指定的提议—知情—同意—执行—复核—重订路径路由。,近位、远位只修正该边界需求进入亲密关系核心的可能；不得据此判断具体伴侣一定尊重或越界。,根气只修正用户边界需求是否稳定重复，不等于双方已形成成熟治理。,旺弱只修正某项自主、共享、规则或空间功能的调用强度，不直接等于控制、回避或适配质量。,喜忌只修正功能调用顺畅度与摩擦，不可直接翻译为理想伴侣五行、十神或必然互补。,真合化成立时按化神功能重算边界需求；合化争议时停止细化边界画像。,近位提高该边界议题进入关系核心的可能；远位只保留背景或阶段性观察。,92,成熟 +16,mature_boundary_profile,行动迅速、范围最小、信息透明，并主动归还权力与接收反馈。,成熟表现是：行动迅速、范围最小、信息透明，并主动归还权力与接收反馈。,不得仅凭本规则推出某人必然控制、回避、依赖、忠诚或适合结婚；不得把亲密解释为无隐私，把保护解释为替代决定，把贡献多少解释为决策权大小。现实安全、明确同意、可撤回性、持续行为、反例与双方意愿优先。,中高,待验证,,boundary_channel=BC08; ten_god=七杀; provisional=true; rule_group=BOUND-BC通道,0.5
M5-BOUND-098,BC08 决断保护｜失衡边界候选,L1 十类适配边界通道,BOUND-BC通道,通用,风险,BC08 决断保护,七杀,现实资料显示越权、僵化、失联、资源不对称或回归失败。,只有通道强度，没有独立失衡证据。,由共享基础引擎、M3-BOUND与M5-BASE提供；只修正用户需要怎样的自主、共享、授权与空间结构，不直接判断具体关系现实中公平或安全。,M2只说明谁容易进入关系及资格证据；不能替代具体对象的同意、边界、资源和权力行为验证。,M3-BASE与M3-BOUND提供用户自然靠近、共享和边界通道；M5-BOUND负责判断双方如何共同治理。,无／按本规则指定的提议—知情—同意—执行—复核—重订路径路由。,近位、远位只修正该边界需求进入亲密关系核心的可能；不得据此判断具体伴侣一定尊重或越界。,根气只修正用户边界需求是否稳定重复，不等于双方已形成成熟治理。,旺弱只修正某项自主、共享、规则或空间功能的调用强度，不直接等于控制、回避或适配质量。,喜忌只修正功能调用顺畅度与摩擦，不可直接翻译为理想伴侣五行、十神或必然互补。,真合化成立时按化神功能重算边界需求；合化争议时停止细化边界画像。,近位提高该边界议题进入关系核心的可能；远位只保留背景或阶段性观察。,88,风险 +12,boundary_risk_warning,容易让速度、强度和结果压过同意、信息、选择权和事后修复。,需要留意：容易让速度、强度和结果压过同意、信息、选择权和事后修复。,不得仅凭本规则推出某人必然控制、回避、依赖、忠诚或适合结婚；不得把亲密解释为无隐私，把保护解释为替代决定，把贡献多少解释为决策权大小。现实安全、明确同意、可撤回性、持续行为、反例与双方意愿优先。,中高,待验证,,boundary_channel=BC08; ten_god=七杀; provisional=true; rule_group=BOUND-BC通道,0.5
M5-BOUND-099,BC08 决断保护｜伪装／假成熟表达,L1 十类适配边界通道,BOUND-BC通道,通用,伪适配,BC08 决断保护,七杀,外显标签、规则术语或保护行为强，但BV低、反例明显。,BV5—BV7现实证据支持成熟表达。,由共享基础引擎、M3-BOUND与M5-BASE提供；只修正用户需要怎样的自主、共享、授权与空间结构，不直接判断具体关系现实中公平或安全。,M2只说明谁容易进入关系及资格证据；不能替代具体对象的同意、边界、资源和权力行为验证。,M3-BASE与M3-BOUND提供用户自然靠近、共享和边界通道；M5-BOUND负责判断双方如何共同治理。,无／按本规则指定的提议—知情—同意—执行—复核—重订路径路由。,近位、远位只修正该边界需求进入亲密关系核心的可能；不得据此判断具体伴侣一定尊重或越界。,根气只修正用户边界需求是否稳定重复，不等于双方已形成成熟治理。,旺弱只修正某项自主、共享、规则或空间功能的调用强度，不直接等于控制、回避或适配质量。,喜忌只修正功能调用顺畅度与摩擦，不可直接翻译为理想伴侣五行、十神或必然互补。,真合化成立时按化神功能重算边界需求；合化争议时停止细化边界画像。,近位提高该边界议题进入关系核心的可能；远位只保留背景或阶段性观察。,92,GB候选 +12,pseudo_boundary_warning,把接管、监控、限制和替代决定包装成保护、负责或为你好。,不要只看：把接管、监控、限制和替代决定包装成保护、负责或为你好。,不得仅凭本规则推出某人必然控制、回避、依赖、忠诚或适合结婚；不得把亲密解释为无隐私，把保护解释为替代决定，把贡献多少解释为决策权大小。现实安全、明确同意、可撤回性、持续行为、反例与双方意愿优先。,中高,待验证,,boundary_channel=BC08; ten_god=七杀; provisional=true; rule_group=BOUND-BC通道,0.5
M5-BOUND-100,BC08 决断保护｜关键观察与用户输出,L1 十类适配边界通道,BOUND-BC通道,通用,输出,BC08 决断保护,七杀,已形成主或次BC候选。,BS08停止或资料严重不足。,由共享基础引擎、M3-BOUND与M5-BASE提供；只修正用户需要怎样的自主、共享、授权与空间结构，不直接判断具体关系现实中公平或安全。,M2只说明谁容易进入关系及资格证据；不能替代具体对象的同意、边界、资源和权力行为验证。,M3-BASE与M3-BOUND提供用户自然靠近、共享和边界通道；M5-BOUND负责判断双方如何共同治理。,无／按本规则指定的提议—知情—同意—执行—复核—重订路径路由。,近位、远位只修正该边界需求进入亲密关系核心的可能；不得据此判断具体伴侣一定尊重或越界。,根气只修正用户边界需求是否稳定重复，不等于双方已形成成熟治理。,旺弱只修正某项自主、共享、规则或空间功能的调用强度，不直接等于控制、回避或适配质量。,喜忌只修正功能调用顺畅度与摩擦，不可直接翻译为理想伴侣五行、十神或必然互补。,真合化成立时按化神功能重算边界需求；合化争议时停止细化边界画像。,近位提高该边界议题进入关系核心的可能；远位只保留背景或阶段性观察。,76,不加分；输出,observation_plan,紧急结束后，对方是否归还权限、解释理由、接受不同意见并修复影响。,紧急结束后，对方是否归还权限、解释理由、接受不同意见并修复影响。,不得仅凭本规则推出某人必然控制、回避、依赖、忠诚或适合结婚；不得把亲密解释为无隐私，把保护解释为替代决定，把贡献多少解释为决策权大小。现实安全、明确同意、可撤回性、持续行为、反例与双方意愿优先。,中高,待验证,,boundary_channel=BC08; ten_god=七杀; provisional=true; rule_group=BOUND-BC通道,0.5
M5-BOUND-101,BC09 安全依托｜通道定义,L1 十类适配边界通道,BOUND-BC通道,通用,基础,BC09 安全依托,正印,M5-BASE或上游模块将对应FN路由为主／次边界功能。,PR0安全门控未通过或该功能只属PR3且与主风险冲突。,由共享基础引擎、M3-BOUND与M5-BASE提供；只修正用户需要怎样的自主、共享、授权与空间结构，不直接判断具体关系现实中公平或安全。,M2只说明谁容易进入关系及资格证据；不能替代具体对象的同意、边界、资源和权力行为验证。,M3-BASE与M3-BOUND提供用户自然靠近、共享和边界通道；M5-BOUND负责判断双方如何共同治理。,无／按本规则指定的提议—知情—同意—执行—复核—重订路径路由。,近位、远位只修正该边界需求进入亲密关系核心的可能；不得据此判断具体伴侣一定尊重或越界。,根气只修正用户边界需求是否稳定重复，不等于双方已形成成熟治理。,旺弱只修正某项自主、共享、规则或空间功能的调用强度，不直接等于控制、回避或适配质量。,喜忌只修正功能调用顺畅度与摩擦，不可直接翻译为理想伴侣五行、十神或必然互补。,真合化成立时按化神功能重算边界需求；合化争议时停止细化边界画像。,近位提高该边界议题进入关系核心的可能；远位只保留背景或阶段性观察。,94,主通道候选 +20,primary_boundary_channel,BC09 安全依托将正印功能转译为双人边界治理通道。,适合的依靠会让你更有力量和选择，而不是更难自己决定。,不得仅凭本规则推出某人必然控制、回避、依赖、忠诚或适合结婚；不得把亲密解释为无隐私，把保护解释为替代决定，把贡献多少解释为决策权大小。现实安全、明确同意、可撤回性、持续行为、反例与双方意愿优先。,中高,待验证,,boundary_channel=BC09; ten_god=正印; provisional=true; rule_group=BOUND-BC通道,0.5
M5-BOUND-102,BC09 安全依托｜个人决定行为,L1 十类适配边界通道,BOUND-BC通道,通用,个人决定,BC09 安全依托,正印,存在个人领域的现实资料。,把个人选择对共同生活的重大影响完全忽略。,由共享基础引擎、M3-BOUND与M5-BASE提供；只修正用户需要怎样的自主、共享、授权与空间结构，不直接判断具体关系现实中公平或安全。,M2只说明谁容易进入关系及资格证据；不能替代具体对象的同意、边界、资源和权力行为验证。,M3-BASE与M3-BOUND提供用户自然靠近、共享和边界通道；M5-BOUND负责判断双方如何共同治理。,无／按本规则指定的提议—知情—同意—执行—复核—重订路径路由。,近位、远位只修正该边界需求进入亲密关系核心的可能；不得据此判断具体伴侣一定尊重或越界。,根气只修正用户边界需求是否稳定重复，不等于双方已形成成熟治理。,旺弱只修正某项自主、共享、规则或空间功能的调用强度，不直接等于控制、回避或适配质量。,喜忌只修正功能调用顺畅度与摩擦，不可直接翻译为理想伴侣五行、十神或必然互补。,真合化成立时按化神功能重算边界需求；合化争议时停止细化边界画像。,近位提高该边界议题进入关系核心的可能；远位只保留背景或阶段性观察。,84,+8 个人决定证据,personal_decision_profile,接受安慰、建议或现实帮助不等于交出决定权。,个人领域中，较成熟的做法是：接受安慰、建议或现实帮助不等于交出决定权。,不得仅凭本规则推出某人必然控制、回避、依赖、忠诚或适合结婚；不得把亲密解释为无隐私，把保护解释为替代决定，把贡献多少解释为决策权大小。现实安全、明确同意、可撤回性、持续行为、反例与双方意愿优先。,中,待验证,,boundary_channel=BC09; ten_god=正印; provisional=true; rule_group=BOUND-BC通道,0.5
M5-BOUND-103,BC09 安全依托｜共同决定行为,L1 十类适配边界通道,BOUND-BC通道,通用,共同决定,BC09 安全依托,正印,存在影响双方生活、资源或承诺的事项。,只有一方单方面决定或事后通知。,由共享基础引擎、M3-BOUND与M5-BASE提供；只修正用户需要怎样的自主、共享、授权与空间结构，不直接判断具体关系现实中公平或安全。,M2只说明谁容易进入关系及资格证据；不能替代具体对象的同意、边界、资源和权力行为验证。,M3-BASE与M3-BOUND提供用户自然靠近、共享和边界通道；M5-BOUND负责判断双方如何共同治理。,无／按本规则指定的提议—知情—同意—执行—复核—重订路径路由。,近位、远位只修正该边界需求进入亲密关系核心的可能；不得据此判断具体伴侣一定尊重或越界。,根气只修正用户边界需求是否稳定重复，不等于双方已形成成熟治理。,旺弱只修正某项自主、共享、规则或空间功能的调用强度，不直接等于控制、回避或适配质量。,喜忌只修正功能调用顺畅度与摩擦，不可直接翻译为理想伴侣五行、十神或必然互补。,真合化成立时按化神功能重算边界需求；合化争议时停止细化边界画像。,近位提高该边界议题进入关系核心的可能；远位只保留背景或阶段性观察。,86,+10 共同决定证据,joint_decision_profile,支持方式先确认对方需要倾听、建议、陪伴还是实际协助。,共同事项中，需要做到：支持方式先确认对方需要倾听、建议、陪伴还是实际协助。,不得仅凭本规则推出某人必然控制、回避、依赖、忠诚或适合结婚；不得把亲密解释为无隐私，把保护解释为替代决定，把贡献多少解释为决策权大小。现实安全、明确同意、可撤回性、持续行为、反例与双方意愿优先。,中高,待验证,,boundary_channel=BC09; ten_god=正印; provisional=true; rule_group=BOUND-BC通道,0.5
M5-BOUND-104,BC09 安全依托｜同意与撤回行为,L1 十类适配边界通道,BOUND-BC通道,通用,同意,BC09 安全依托,正印,涉及身体、资源、公开、授权、靠近或暂停。,沉默、顺从、关系身份或既往同意被当成永久授权。,由共享基础引擎、M3-BOUND与M5-BASE提供；只修正用户需要怎样的自主、共享、授权与空间结构，不直接判断具体关系现实中公平或安全。,M2只说明谁容易进入关系及资格证据；不能替代具体对象的同意、边界、资源和权力行为验证。,M3-BASE与M3-BOUND提供用户自然靠近、共享和边界通道；M5-BOUND负责判断双方如何共同治理。,无／按本规则指定的提议—知情—同意—执行—复核—重订路径路由。,近位、远位只修正该边界需求进入亲密关系核心的可能；不得据此判断具体伴侣一定尊重或越界。,根气只修正用户边界需求是否稳定重复，不等于双方已形成成熟治理。,旺弱只修正某项自主、共享、规则或空间功能的调用强度，不直接等于控制、回避或适配质量。,喜忌只修正功能调用顺畅度与摩擦，不可直接翻译为理想伴侣五行、十神或必然互补。,真合化成立时按化神功能重算边界需求；合化争议时停止细化边界画像。,近位提高该边界议题进入关系核心的可能；远位只保留背景或阶段性观察。,94,+12 同意证据,consent_boundary,建议和照顾需要被请求或允许；接收方可拒绝、修改或停止。,同意方面要看：建议和照顾需要被请求或允许；接收方可拒绝、修改或停止。,不得仅凭本规则推出某人必然控制、回避、依赖、忠诚或适合结婚；不得把亲密解释为无隐私，把保护解释为替代决定，把贡献多少解释为决策权大小。现实安全、明确同意、可撤回性、持续行为、反例与双方意愿优先。,高,待验证,,boundary_channel=BC09; ten_god=正印; provisional=true; rule_group=BOUND-BC通道,0.5
M5-BOUND-105,BC09 安全依托｜资源与空间行为,L1 十类适配边界通道,BOUND-BC通道,通用,资源,BC09 安全依托,正印,涉及金钱、时间、设备、空间、劳动或信息。,资源贡献或共享被扩大为控制权。,由共享基础引擎、M3-BOUND与M5-BASE提供；只修正用户需要怎样的自主、共享、授权与空间结构，不直接判断具体关系现实中公平或安全。,M2只说明谁容易进入关系及资格证据；不能替代具体对象的同意、边界、资源和权力行为验证。,M3-BASE与M3-BOUND提供用户自然靠近、共享和边界通道；M5-BOUND负责判断双方如何共同治理。,无／按本规则指定的提议—知情—同意—执行—复核—重订路径路由。,近位、远位只修正该边界需求进入亲密关系核心的可能；不得据此判断具体伴侣一定尊重或越界。,根气只修正用户边界需求是否稳定重复，不等于双方已形成成熟治理。,旺弱只修正某项自主、共享、规则或空间功能的调用强度，不直接等于控制、回避或适配质量。,喜忌只修正功能调用顺畅度与摩擦，不可直接翻译为理想伴侣五行、十神或必然互补。,真合化成立时按化神功能重算边界需求；合化争议时停止细化边界画像。,近位提高该边界议题进入关系核心的可能；远位只保留背景或阶段性观察。,86,+10 资源证据,resource_boundary_profile,照护劳动和情绪承接需要被看见，不能长期由一方无上限承担。,资源与空间方面需要：照护劳动和情绪承接需要被看见，不能长期由一方无上限承担。,不得仅凭本规则推出某人必然控制、回避、依赖、忠诚或适合结婚；不得把亲密解释为无隐私，把保护解释为替代决定，把贡献多少解释为决策权大小。现实安全、明确同意、可撤回性、持续行为、反例与双方意愿优先。,中高,待验证,,boundary_channel=BC09; ten_god=正印; provisional=true; rule_group=BOUND-BC通道,0.5
M5-BOUND-106,BC09 安全依托｜压力与高风险行为,L1 十类适配边界通道,BOUND-BC通道,通用,压力,BC09 安全依托,正印,存在冲突、高压、危机、成本或权力差异。,只有轻松情境资料。,由共享基础引擎、M3-BOUND与M5-BASE提供；只修正用户需要怎样的自主、共享、授权与空间结构，不直接判断具体关系现实中公平或安全。,M2只说明谁容易进入关系及资格证据；不能替代具体对象的同意、边界、资源和权力行为验证。,M3-BASE与M3-BOUND提供用户自然靠近、共享和边界通道；M5-BOUND负责判断双方如何共同治理。,无／按本规则指定的提议—知情—同意—执行—复核—重订路径路由。,近位、远位只修正该边界需求进入亲密关系核心的可能；不得据此判断具体伴侣一定尊重或越界。,根气只修正用户边界需求是否稳定重复，不等于双方已形成成熟治理。,旺弱只修正某项自主、共享、规则或空间功能的调用强度，不直接等于控制、回避或适配质量。,喜忌只修正功能调用顺畅度与摩擦，不可直接翻译为理想伴侣五行、十神或必然互补。,真合化成立时按化神功能重算边界需求；合化争议时停止细化边界画像。,近位提高该边界议题进入关系核心的可能；远位只保留背景或阶段性观察。,90,+12 压力证据,stress_boundary_profile,高压时先恢复基本安全，再回到边界、责任和现实决定。,压力下重点观察：高压时先恢复基本安全，再回到边界、责任和现实决定。,不得仅凭本规则推出某人必然控制、回避、依赖、忠诚或适合结婚；不得把亲密解释为无隐私，把保护解释为替代决定，把贡献多少解释为决策权大小。现实安全、明确同意、可撤回性、持续行为、反例与双方意愿优先。,中高,待验证,,boundary_channel=BC09; ten_god=正印; provisional=true; rule_group=BOUND-BC通道,0.5
M5-BOUND-107,BC09 安全依托｜成熟边界表达,L1 十类适配边界通道,BOUND-BC通道,通用,成熟,BC09 安全依托,正印,BV4以上，且BO01、BO02、BO04、BO10至少三项可靠。,只有自述、规则文本或一次事件。,由共享基础引擎、M3-BOUND与M5-BASE提供；只修正用户需要怎样的自主、共享、授权与空间结构，不直接判断具体关系现实中公平或安全。,M2只说明谁容易进入关系及资格证据；不能替代具体对象的同意、边界、资源和权力行为验证。,M3-BASE与M3-BOUND提供用户自然靠近、共享和边界通道；M5-BOUND负责判断双方如何共同治理。,无／按本规则指定的提议—知情—同意—执行—复核—重订路径路由。,近位、远位只修正该边界需求进入亲密关系核心的可能；不得据此判断具体伴侣一定尊重或越界。,根气只修正用户边界需求是否稳定重复，不等于双方已形成成熟治理。,旺弱只修正某项自主、共享、规则或空间功能的调用强度，不直接等于控制、回避或适配质量。,喜忌只修正功能调用顺畅度与摩擦，不可直接翻译为理想伴侣五行、十神或必然互补。,真合化成立时按化神功能重算边界需求；合化争议时停止细化边界画像。,近位提高该边界议题进入关系核心的可能；远位只保留背景或阶段性观察。,92,成熟 +16,mature_boundary_profile,支持增加双方能力、信息和选择，不使一方越来越不能独立。,成熟表现是：支持增加双方能力、信息和选择，不使一方越来越不能独立。,不得仅凭本规则推出某人必然控制、回避、依赖、忠诚或适合结婚；不得把亲密解释为无隐私，把保护解释为替代决定，把贡献多少解释为决策权大小。现实安全、明确同意、可撤回性、持续行为、反例与双方意愿优先。,中高,待验证,,boundary_channel=BC09; ten_god=正印; provisional=true; rule_group=BOUND-BC通道,0.5
M5-BOUND-108,BC09 安全依托｜失衡边界候选,L1 十类适配边界通道,BOUND-BC通道,通用,风险,BC09 安全依托,正印,现实资料显示越权、僵化、失联、资源不对称或回归失败。,只有通道强度，没有独立失衡证据。,由共享基础引擎、M3-BOUND与M5-BASE提供；只修正用户需要怎样的自主、共享、授权与空间结构，不直接判断具体关系现实中公平或安全。,M2只说明谁容易进入关系及资格证据；不能替代具体对象的同意、边界、资源和权力行为验证。,M3-BASE与M3-BOUND提供用户自然靠近、共享和边界通道；M5-BOUND负责判断双方如何共同治理。,无／按本规则指定的提议—知情—同意—执行—复核—重订路径路由。,近位、远位只修正该边界需求进入亲密关系核心的可能；不得据此判断具体伴侣一定尊重或越界。,根气只修正用户边界需求是否稳定重复，不等于双方已形成成熟治理。,旺弱只修正某项自主、共享、规则或空间功能的调用强度，不直接等于控制、回避或适配质量。,喜忌只修正功能调用顺畅度与摩擦，不可直接翻译为理想伴侣五行、十神或必然互补。,真合化成立时按化神功能重算边界需求；合化争议时停止细化边界画像。,近位提高该边界议题进入关系核心的可能；远位只保留背景或阶段性观察。,88,风险 +12,boundary_risk_warning,容易过度承接、替对方合理化、替对方决定，或以照顾换取依赖。,需要留意：容易过度承接、替对方合理化、替对方决定，或以照顾换取依赖。,不得仅凭本规则推出某人必然控制、回避、依赖、忠诚或适合结婚；不得把亲密解释为无隐私，把保护解释为替代决定，把贡献多少解释为决策权大小。现实安全、明确同意、可撤回性、持续行为、反例与双方意愿优先。,中高,待验证,,boundary_channel=BC09; ten_god=正印; provisional=true; rule_group=BOUND-BC通道,0.5
M5-BOUND-109,BC09 安全依托｜伪装／假成熟表达,L1 十类适配边界通道,BOUND-BC通道,通用,伪适配,BC09 安全依托,正印,外显标签、规则术语或保护行为强，但BV低、反例明显。,BV5—BV7现实证据支持成熟表达。,由共享基础引擎、M3-BOUND与M5-BASE提供；只修正用户需要怎样的自主、共享、授权与空间结构，不直接判断具体关系现实中公平或安全。,M2只说明谁容易进入关系及资格证据；不能替代具体对象的同意、边界、资源和权力行为验证。,M3-BASE与M3-BOUND提供用户自然靠近、共享和边界通道；M5-BOUND负责判断双方如何共同治理。,无／按本规则指定的提议—知情—同意—执行—复核—重订路径路由。,近位、远位只修正该边界需求进入亲密关系核心的可能；不得据此判断具体伴侣一定尊重或越界。,根气只修正用户边界需求是否稳定重复，不等于双方已形成成熟治理。,旺弱只修正某项自主、共享、规则或空间功能的调用强度，不直接等于控制、回避或适配质量。,喜忌只修正功能调用顺畅度与摩擦，不可直接翻译为理想伴侣五行、十神或必然互补。,真合化成立时按化神功能重算边界需求；合化争议时停止细化边界画像。,近位提高该边界议题进入关系核心的可能；远位只保留背景或阶段性观察。,92,GB候选 +12,pseudo_boundary_warning,看似包容理解，实际不允许对方独立、拒绝建议或离开照顾者角色。,不要只看：看似包容理解，实际不允许对方独立、拒绝建议或离开照顾者角色。,不得仅凭本规则推出某人必然控制、回避、依赖、忠诚或适合结婚；不得把亲密解释为无隐私，把保护解释为替代决定，把贡献多少解释为决策权大小。现实安全、明确同意、可撤回性、持续行为、反例与双方意愿优先。,中高,待验证,,boundary_channel=BC09; ten_god=正印; provisional=true; rule_group=BOUND-BC通道,0.5
M5-BOUND-110,BC09 安全依托｜关键观察与用户输出,L1 十类适配边界通道,BOUND-BC通道,通用,输出,BC09 安全依托,正印,已形成主或次BC候选。,BS08停止或资料严重不足。,由共享基础引擎、M3-BOUND与M5-BASE提供；只修正用户需要怎样的自主、共享、授权与空间结构，不直接判断具体关系现实中公平或安全。,M2只说明谁容易进入关系及资格证据；不能替代具体对象的同意、边界、资源和权力行为验证。,M3-BASE与M3-BOUND提供用户自然靠近、共享和边界通道；M5-BOUND负责判断双方如何共同治理。,无／按本规则指定的提议—知情—同意—执行—复核—重订路径路由。,近位、远位只修正该边界需求进入亲密关系核心的可能；不得据此判断具体伴侣一定尊重或越界。,根气只修正用户边界需求是否稳定重复，不等于双方已形成成熟治理。,旺弱只修正某项自主、共享、规则或空间功能的调用强度，不直接等于控制、回避或适配质量。,喜忌只修正功能调用顺畅度与摩擦，不可直接翻译为理想伴侣五行、十神或必然互补。,真合化成立时按化神功能重算边界需求；合化争议时停止细化边界画像。,近位提高该边界议题进入关系核心的可能；远位只保留背景或阶段性观察。,76,不加分；输出,observation_plan,得到照顾以后，接收方是否更能自主；给予方是否尊重拒绝和不同选择。,得到照顾以后，接收方是否更能自主；给予方是否尊重拒绝和不同选择。,不得仅凭本规则推出某人必然控制、回避、依赖、忠诚或适合结婚；不得把亲密解释为无隐私，把保护解释为替代决定，把贡献多少解释为决策权大小。现实安全、明确同意、可撤回性、持续行为、反例与双方意愿优先。,中高,待验证,,boundary_channel=BC09; ten_god=正印; provisional=true; rule_group=BOUND-BC通道,0.5
M5-BOUND-111,BC10 深度空间｜通道定义,L1 十类适配边界通道,BOUND-BC通道,通用,基础,BC10 深度空间,偏印,M5-BASE或上游模块将对应FN路由为主／次边界功能。,PR0安全门控未通过或该功能只属PR3且与主风险冲突。,由共享基础引擎、M3-BOUND与M5-BASE提供；只修正用户需要怎样的自主、共享、授权与空间结构，不直接判断具体关系现实中公平或安全。,M2只说明谁容易进入关系及资格证据；不能替代具体对象的同意、边界、资源和权力行为验证。,M3-BASE与M3-BOUND提供用户自然靠近、共享和边界通道；M5-BOUND负责判断双方如何共同治理。,无／按本规则指定的提议—知情—同意—执行—复核—重订路径路由。,近位、远位只修正该边界需求进入亲密关系核心的可能；不得据此判断具体伴侣一定尊重或越界。,根气只修正用户边界需求是否稳定重复，不等于双方已形成成熟治理。,旺弱只修正某项自主、共享、规则或空间功能的调用强度，不直接等于控制、回避或适配质量。,喜忌只修正功能调用顺畅度与摩擦，不可直接翻译为理想伴侣五行、十神或必然互补。,真合化成立时按化神功能重算边界需求；合化争议时停止细化边界画像。,近位提高该边界议题进入关系核心的可能；远位只保留背景或阶段性观察。,94,主通道候选 +20,primary_boundary_channel,BC10 深度空间将偏印功能转译为双人边界治理通道。,空间可以保护关系，但必须有清楚范围、最低连接和回来方式。,不得仅凭本规则推出某人必然控制、回避、依赖、忠诚或适合结婚；不得把亲密解释为无隐私，把保护解释为替代决定，把贡献多少解释为决策权大小。现实安全、明确同意、可撤回性、持续行为、反例与双方意愿优先。,中高,待验证,,boundary_channel=BC10; ten_god=偏印; provisional=true; rule_group=BOUND-BC通道,0.5
M5-BOUND-112,BC10 深度空间｜个人决定行为,L1 十类适配边界通道,BOUND-BC通道,通用,个人决定,BC10 深度空间,偏印,存在个人领域的现实资料。,把个人选择对共同生活的重大影响完全忽略。,由共享基础引擎、M3-BOUND与M5-BASE提供；只修正用户需要怎样的自主、共享、授权与空间结构，不直接判断具体关系现实中公平或安全。,M2只说明谁容易进入关系及资格证据；不能替代具体对象的同意、边界、资源和权力行为验证。,M3-BASE与M3-BOUND提供用户自然靠近、共享和边界通道；M5-BOUND负责判断双方如何共同治理。,无／按本规则指定的提议—知情—同意—执行—复核—重订路径路由。,近位、远位只修正该边界需求进入亲密关系核心的可能；不得据此判断具体伴侣一定尊重或越界。,根气只修正用户边界需求是否稳定重复，不等于双方已形成成熟治理。,旺弱只修正某项自主、共享、规则或空间功能的调用强度，不直接等于控制、回避或适配质量。,喜忌只修正功能调用顺畅度与摩擦，不可直接翻译为理想伴侣五行、十神或必然互补。,真合化成立时按化神功能重算边界需求；合化争议时停止细化边界画像。,近位提高该边界议题进入关系核心的可能；远位只保留背景或阶段性观察。,84,+8 个人决定证据,personal_decision_profile,个人日记、设备、思想和独处时间有合理隐私，不需无限公开。,个人领域中，较成熟的做法是：个人日记、设备、思想和独处时间有合理隐私，不需无限公开。,不得仅凭本规则推出某人必然控制、回避、依赖、忠诚或适合结婚；不得把亲密解释为无隐私，把保护解释为替代决定，把贡献多少解释为决策权大小。现实安全、明确同意、可撤回性、持续行为、反例与双方意愿优先。,中,待验证,,boundary_channel=BC10; ten_god=偏印; provisional=true; rule_group=BOUND-BC通道,0.5
M5-BOUND-113,BC10 深度空间｜共同决定行为,L1 十类适配边界通道,BOUND-BC通道,通用,共同决定,BC10 深度空间,偏印,存在影响双方生活、资源或承诺的事项。,只有一方单方面决定或事后通知。,由共享基础引擎、M3-BOUND与M5-BASE提供；只修正用户需要怎样的自主、共享、授权与空间结构，不直接判断具体关系现实中公平或安全。,M2只说明谁容易进入关系及资格证据；不能替代具体对象的同意、边界、资源和权力行为验证。,M3-BASE与M3-BOUND提供用户自然靠近、共享和边界通道；M5-BOUND负责判断双方如何共同治理。,无／按本规则指定的提议—知情—同意—执行—复核—重订路径路由。,近位、远位只修正该边界需求进入亲密关系核心的可能；不得据此判断具体伴侣一定尊重或越界。,根气只修正用户边界需求是否稳定重复，不等于双方已形成成熟治理。,旺弱只修正某项自主、共享、规则或空间功能的调用强度，不直接等于控制、回避或适配质量。,喜忌只修正功能调用顺畅度与摩擦，不可直接翻译为理想伴侣五行、十神或必然互补。,真合化成立时按化神功能重算边界需求；合化争议时停止细化边界画像。,近位提高该边界议题进入关系核心的可能；远位只保留背景或阶段性观察。,86,+10 共同决定证据,joint_decision_profile,影响共同关系的重要信息仍需说明；空间范围和最低连接由双方约定。,共同事项中，需要做到：影响共同关系的重要信息仍需说明；空间范围和最低连接由双方约定。,不得仅凭本规则推出某人必然控制、回避、依赖、忠诚或适合结婚；不得把亲密解释为无隐私，把保护解释为替代决定，把贡献多少解释为决策权大小。现实安全、明确同意、可撤回性、持续行为、反例与双方意愿优先。,中高,待验证,,boundary_channel=BC10; ten_god=偏印; provisional=true; rule_group=BOUND-BC通道,0.5
M5-BOUND-114,BC10 深度空间｜同意与撤回行为,L1 十类适配边界通道,BOUND-BC通道,通用,同意,BC10 深度空间,偏印,涉及身体、资源、公开、授权、靠近或暂停。,沉默、顺从、关系身份或既往同意被当成永久授权。,由共享基础引擎、M3-BOUND与M5-BASE提供；只修正用户需要怎样的自主、共享、授权与空间结构，不直接判断具体关系现实中公平或安全。,M2只说明谁容易进入关系及资格证据；不能替代具体对象的同意、边界、资源和权力行为验证。,M3-BASE与M3-BOUND提供用户自然靠近、共享和边界通道；M5-BOUND负责判断双方如何共同治理。,无／按本规则指定的提议—知情—同意—执行—复核—重订路径路由。,近位、远位只修正该边界需求进入亲密关系核心的可能；不得据此判断具体伴侣一定尊重或越界。,根气只修正用户边界需求是否稳定重复，不等于双方已形成成熟治理。,旺弱只修正某项自主、共享、规则或空间功能的调用强度，不直接等于控制、回避或适配质量。,喜忌只修正功能调用顺畅度与摩擦，不可直接翻译为理想伴侣五行、十神或必然互补。,真合化成立时按化神功能重算边界需求；合化争议时停止细化边界画像。,近位提高该边界议题进入关系核心的可能；远位只保留背景或阶段性观察。,94,+12 同意证据,consent_boundary,暂停、低频和不分享某些内容可以被尊重，但不能用沉默剥夺对方知情和选择。,同意方面要看：暂停、低频和不分享某些内容可以被尊重，但不能用沉默剥夺对方知情和选择。,不得仅凭本规则推出某人必然控制、回避、依赖、忠诚或适合结婚；不得把亲密解释为无隐私，把保护解释为替代决定，把贡献多少解释为决策权大小。现实安全、明确同意、可撤回性、持续行为、反例与双方意愿优先。,高,待验证,,boundary_channel=BC10; ten_god=偏印; provisional=true; rule_group=BOUND-BC通道,0.5
M5-BOUND-115,BC10 深度空间｜资源与空间行为,L1 十类适配边界通道,BOUND-BC通道,通用,资源,BC10 深度空间,偏印,涉及金钱、时间、设备、空间、劳动或信息。,资源贡献或共享被扩大为控制权。,由共享基础引擎、M3-BOUND与M5-BASE提供；只修正用户需要怎样的自主、共享、授权与空间结构，不直接判断具体关系现实中公平或安全。,M2只说明谁容易进入关系及资格证据；不能替代具体对象的同意、边界、资源和权力行为验证。,M3-BASE与M3-BOUND提供用户自然靠近、共享和边界通道；M5-BOUND负责判断双方如何共同治理。,无／按本规则指定的提议—知情—同意—执行—复核—重订路径路由。,近位、远位只修正该边界需求进入亲密关系核心的可能；不得据此判断具体伴侣一定尊重或越界。,根气只修正用户边界需求是否稳定重复，不等于双方已形成成熟治理。,旺弱只修正某项自主、共享、规则或空间功能的调用强度，不直接等于控制、回避或适配质量。,喜忌只修正功能调用顺畅度与摩擦，不可直接翻译为理想伴侣五行、十神或必然互补。,真合化成立时按化神功能重算边界需求；合化争议时停止细化边界画像。,近位提高该边界议题进入关系核心的可能；远位只保留背景或阶段性观察。,86,+10 资源证据,resource_boundary_profile,私人空间不等于完全不承担共同事务、时间承诺和修复责任。,资源与空间方面需要：私人空间不等于完全不承担共同事务、时间承诺和修复责任。,不得仅凭本规则推出某人必然控制、回避、依赖、忠诚或适合结婚；不得把亲密解释为无隐私，把保护解释为替代决定，把贡献多少解释为决策权大小。现实安全、明确同意、可撤回性、持续行为、反例与双方意愿优先。,中高,待验证,,boundary_channel=BC10; ten_god=偏印; provisional=true; rule_group=BOUND-BC通道,0.5
M5-BOUND-116,BC10 深度空间｜压力与高风险行为,L1 十类适配边界通道,BOUND-BC通道,通用,压力,BC10 深度空间,偏印,存在冲突、高压、危机、成本或权力差异。,只有轻松情境资料。,由共享基础引擎、M3-BOUND与M5-BASE提供；只修正用户需要怎样的自主、共享、授权与空间结构，不直接判断具体关系现实中公平或安全。,M2只说明谁容易进入关系及资格证据；不能替代具体对象的同意、边界、资源和权力行为验证。,M3-BASE与M3-BOUND提供用户自然靠近、共享和边界通道；M5-BOUND负责判断双方如何共同治理。,无／按本规则指定的提议—知情—同意—执行—复核—重订路径路由。,近位、远位只修正该边界需求进入亲密关系核心的可能；不得据此判断具体伴侣一定尊重或越界。,根气只修正用户边界需求是否稳定重复，不等于双方已形成成熟治理。,旺弱只修正某项自主、共享、规则或空间功能的调用强度，不直接等于控制、回避或适配质量。,喜忌只修正功能调用顺畅度与摩擦，不可直接翻译为理想伴侣五行、十神或必然互补。,真合化成立时按化神功能重算边界需求；合化争议时停止细化边界画像。,近位提高该边界议题进入关系核心的可能；远位只保留背景或阶段性观察。,90,+12 压力证据,stress_boundary_profile,需要整理时说明目的、预计时间和回归点；若变化则再次告知。,压力下重点观察：需要整理时说明目的、预计时间和回归点；若变化则再次告知。,不得仅凭本规则推出某人必然控制、回避、依赖、忠诚或适合结婚；不得把亲密解释为无隐私，把保护解释为替代决定，把贡献多少解释为决策权大小。现实安全、明确同意、可撤回性、持续行为、反例与双方意愿优先。,中高,待验证,,boundary_channel=BC10; ten_god=偏印; provisional=true; rule_group=BOUND-BC通道,0.5
M5-BOUND-117,BC10 深度空间｜成熟边界表达,L1 十类适配边界通道,BOUND-BC通道,通用,成熟,BC10 深度空间,偏印,BV4以上，且BO01、BO02、BO04、BO10至少三项可靠。,只有自述、规则文本或一次事件。,由共享基础引擎、M3-BOUND与M5-BASE提供；只修正用户需要怎样的自主、共享、授权与空间结构，不直接判断具体关系现实中公平或安全。,M2只说明谁容易进入关系及资格证据；不能替代具体对象的同意、边界、资源和权力行为验证。,M3-BASE与M3-BOUND提供用户自然靠近、共享和边界通道；M5-BOUND负责判断双方如何共同治理。,无／按本规则指定的提议—知情—同意—执行—复核—重订路径路由。,近位、远位只修正该边界需求进入亲密关系核心的可能；不得据此判断具体伴侣一定尊重或越界。,根气只修正用户边界需求是否稳定重复，不等于双方已形成成熟治理。,旺弱只修正某项自主、共享、规则或空间功能的调用强度，不直接等于控制、回避或适配质量。,喜忌只修正功能调用顺畅度与摩擦，不可直接翻译为理想伴侣五行、十神或必然互补。,真合化成立时按化神功能重算边界需求；合化争议时停止细化边界画像。,近位提高该边界议题进入关系核心的可能；远位只保留背景或阶段性观察。,92,成熟 +16,mature_boundary_profile,空间清楚、连接不断、重要议题最终回应，并能重新开放。,成熟表现是：空间清楚、连接不断、重要议题最终回应，并能重新开放。,不得仅凭本规则推出某人必然控制、回避、依赖、忠诚或适合结婚；不得把亲密解释为无隐私，把保护解释为替代决定，把贡献多少解释为决策权大小。现实安全、明确同意、可撤回性、持续行为、反例与双方意愿优先。,中高,待验证,,boundary_channel=BC10; ten_god=偏印; provisional=true; rule_group=BOUND-BC通道,0.5
M5-BOUND-118,BC10 深度空间｜失衡边界候选,L1 十类适配边界通道,BOUND-BC通道,通用,风险,BC10 深度空间,偏印,现实资料显示越权、僵化、失联、资源不对称或回归失败。,只有通道强度，没有独立失衡证据。,由共享基础引擎、M3-BOUND与M5-BASE提供；只修正用户需要怎样的自主、共享、授权与空间结构，不直接判断具体关系现实中公平或安全。,M2只说明谁容易进入关系及资格证据；不能替代具体对象的同意、边界、资源和权力行为验证。,M3-BASE与M3-BOUND提供用户自然靠近、共享和边界通道；M5-BOUND负责判断双方如何共同治理。,无／按本规则指定的提议—知情—同意—执行—复核—重订路径路由。,近位、远位只修正该边界需求进入亲密关系核心的可能；不得据此判断具体伴侣一定尊重或越界。,根气只修正用户边界需求是否稳定重复，不等于双方已形成成熟治理。,旺弱只修正某项自主、共享、规则或空间功能的调用强度，不直接等于控制、回避或适配质量。,喜忌只修正功能调用顺畅度与摩擦，不可直接翻译为理想伴侣五行、十神或必然互补。,真合化成立时按化神功能重算边界需求；合化争议时停止细化边界画像。,近位提高该边界议题进入关系核心的可能；远位只保留背景或阶段性观察。,88,风险 +12,boundary_risk_warning,容易暂停过长、信息不透明、选择性回应过少，使空间变成退出。,需要留意：容易暂停过长、信息不透明、选择性回应过少，使空间变成退出。,不得仅凭本规则推出某人必然控制、回避、依赖、忠诚或适合结婚；不得把亲密解释为无隐私，把保护解释为替代决定，把贡献多少解释为决策权大小。现实安全、明确同意、可撤回性、持续行为、反例与双方意愿优先。,中高,待验证,,boundary_channel=BC10; ten_god=偏印; provisional=true; rule_group=BOUND-BC通道,0.5
M5-BOUND-119,BC10 深度空间｜伪装／假成熟表达,L1 十类适配边界通道,BOUND-BC通道,通用,伪适配,BC10 深度空间,偏印,外显标签、规则术语或保护行为强，但BV低、反例明显。,BV5—BV7现实证据支持成熟表达。,由共享基础引擎、M3-BOUND与M5-BASE提供；只修正用户需要怎样的自主、共享、授权与空间结构，不直接判断具体关系现实中公平或安全。,M2只说明谁容易进入关系及资格证据；不能替代具体对象的同意、边界、资源和权力行为验证。,M3-BASE与M3-BOUND提供用户自然靠近、共享和边界通道；M5-BOUND负责判断双方如何共同治理。,无／按本规则指定的提议—知情—同意—执行—复核—重订路径路由。,近位、远位只修正该边界需求进入亲密关系核心的可能；不得据此判断具体伴侣一定尊重或越界。,根气只修正用户边界需求是否稳定重复，不等于双方已形成成熟治理。,旺弱只修正某项自主、共享、规则或空间功能的调用强度，不直接等于控制、回避或适配质量。,喜忌只修正功能调用顺畅度与摩擦，不可直接翻译为理想伴侣五行、十神或必然互补。,真合化成立时按化神功能重算边界需求；合化争议时停止细化边界画像。,近位提高该边界议题进入关系核心的可能；远位只保留背景或阶段性观察。,92,GB候选 +12,pseudo_boundary_warning,以深度、独立、慢热或需要空间为名，长期不回应、不说明、不承担共同影响。,不要只看：以深度、独立、慢热或需要空间为名，长期不回应、不说明、不承担共同影响。,不得仅凭本规则推出某人必然控制、回避、依赖、忠诚或适合结婚；不得把亲密解释为无隐私，把保护解释为替代决定，把贡献多少解释为决策权大小。现实安全、明确同意、可撤回性、持续行为、反例与双方意愿优先。,中高,待验证,,boundary_channel=BC10; ten_god=偏印; provisional=true; rule_group=BOUND-BC通道,0.5
M5-BOUND-120,BC10 深度空间｜关键观察与用户输出,L1 十类适配边界通道,BOUND-BC通道,通用,输出,BC10 深度空间,偏印,已形成主或次BC候选。,BS08停止或资料严重不足。,由共享基础引擎、M3-BOUND与M5-BASE提供；只修正用户需要怎样的自主、共享、授权与空间结构，不直接判断具体关系现实中公平或安全。,M2只说明谁容易进入关系及资格证据；不能替代具体对象的同意、边界、资源和权力行为验证。,M3-BASE与M3-BOUND提供用户自然靠近、共享和边界通道；M5-BOUND负责判断双方如何共同治理。,无／按本规则指定的提议—知情—同意—执行—复核—重订路径路由。,近位、远位只修正该边界需求进入亲密关系核心的可能；不得据此判断具体伴侣一定尊重或越界。,根气只修正用户边界需求是否稳定重复，不等于双方已形成成熟治理。,旺弱只修正某项自主、共享、规则或空间功能的调用强度，不直接等于控制、回避或适配质量。,喜忌只修正功能调用顺畅度与摩擦，不可直接翻译为理想伴侣五行、十神或必然互补。,真合化成立时按化神功能重算边界需求；合化争议时停止细化边界画像。,近位提高该边界议题进入关系核心的可能；远位只保留背景或阶段性观察。,76,不加分；输出,observation_plan,提出空间以后，最低连接、回归时间和重要问题的最终回应是否真实发生。,提出空间以后，最低连接、回归时间和重要问题的最终回应是否真实发生。,不得仅凭本规则推出某人必然控制、回避、依赖、忠诚或适合结婚；不得把亲密解释为无隐私，把保护解释为替代决定，把贡献多少解释为决策权大小。现实安全、明确同意、可撤回性、持续行为、反例与双方意愿优先。,中高,待验证,,boundary_channel=BC10; ten_god=偏印; provisional=true; rule_group=BOUND-BC通道,0.5
M5-BOUND-121,BO01 个人决定权归属｜正式定义,L2 边界观察维度,BOUND-BO维度,通用,定义,BO01,个人决定权归属,存在具体双人边界资料。,只有命盘需求、抽象评价或关系理想。,由共享基础引擎、M3-BOUND与M5-BASE提供；只修正用户需要怎样的自主、共享、授权与空间结构，不直接判断具体关系现实中公平或安全。,M2只说明谁容易进入关系及资格证据；不能替代具体对象的同意、边界、资源和权力行为验证。,M3-BASE与M3-BOUND提供用户自然靠近、共享和边界通道；M5-BOUND负责判断双方如何共同治理。,无／按本规则指定的提议—知情—同意—执行—复核—重订路径路由。,近位、远位只修正该边界需求进入亲密关系核心的可能；不得据此判断具体伴侣一定尊重或越界。,根气只修正用户边界需求是否稳定重复，不等于双方已形成成熟治理。,旺弱只修正某项自主、共享、规则或空间功能的调用强度，不直接等于控制、回避或适配质量。,喜忌只修正功能调用顺畅度与摩擦，不可直接翻译为理想伴侣五行、十神或必然互补。,真合化成立时按化神功能重算边界需求；合化争议时停止细化边界画像。,近位提高该边界议题进入关系核心的可能；远位只保留背景或阶段性观察。,94,不加分；定义,boundary_observation_dimensions,哪些事项由本人最终决定，是否被双方清楚承认。,个人决定权是关系边界的底座。,不得仅凭本规则推出某人必然控制、回避、依赖、忠诚或适合结婚；不得把亲密解释为无隐私，把保护解释为替代决定，把贡献多少解释为决策权大小。现实安全、明确同意、可撤回性、持续行为、反例与双方意愿优先。,高,待验证,,boundary_observation=BO01; provisional=true; rule_group=BOUND-BO维度,0.5
M5-BOUND-122,BO01 个人决定权归属｜可靠证据,L2 边界观察维度,BOUND-BO维度,通用,证据,BO01,个人决定权归属,身体、健康、思想、隐私和不影响共同利益的个人选择由本人决定。,同源重复、规则文本、单次高光或只有一方自述。,由共享基础引擎、M3-BOUND与M5-BASE提供；只修正用户需要怎样的自主、共享、授权与空间结构，不直接判断具体关系现实中公平或安全。,M2只说明谁容易进入关系及资格证据；不能替代具体对象的同意、边界、资源和权力行为验证。,M3-BASE与M3-BOUND提供用户自然靠近、共享和边界通道；M5-BOUND负责判断双方如何共同治理。,无／按本规则指定的提议—知情—同意—执行—复核—重订路径路由。,近位、远位只修正该边界需求进入亲密关系核心的可能；不得据此判断具体伴侣一定尊重或越界。,根气只修正用户边界需求是否稳定重复，不等于双方已形成成熟治理。,旺弱只修正某项自主、共享、规则或空间功能的调用强度，不直接等于控制、回避或适配质量。,喜忌只修正功能调用顺畅度与摩擦，不可直接翻译为理想伴侣五行、十神或必然互补。,真合化成立时按化神功能重算边界需求；合化争议时停止细化边界画像。,近位提高该边界议题进入关系核心的可能；远位只保留背景或阶段性观察。,88,+10 可靠证据,boundary_evidence_level,个人决定权归属的可靠证据需要：身体、健康、思想、隐私和不影响共同利益的个人选择由本人决定。,这项边界要看：身体、健康、思想、隐私和不影响共同利益的个人选择由本人决定。,不得仅凭本规则推出某人必然控制、回避、依赖、忠诚或适合结婚；不得把亲密解释为无隐私，把保护解释为替代决定，把贡献多少解释为决策权大小。现实安全、明确同意、可撤回性、持续行为、反例与双方意愿优先。,中高,待验证,,boundary_observation=BO01; provisional=true; rule_group=BOUND-BO维度,0.5
M5-BOUND-123,BO01 个人决定权归属｜高风险指示,L2 边界观察维度,BOUND-BO维度,通用,风险,BO01,个人决定权归属,出现持续不对称、撤回受惩罚、权限集中或现实损害。,只是双方风格不同、阶段性安排或资料不足。,由共享基础引擎、M3-BOUND与M5-BASE提供；只修正用户需要怎样的自主、共享、授权与空间结构，不直接判断具体关系现实中公平或安全。,M2只说明谁容易进入关系及资格证据；不能替代具体对象的同意、边界、资源和权力行为验证。,M3-BASE与M3-BOUND提供用户自然靠近、共享和边界通道；M5-BOUND负责判断双方如何共同治理。,无／按本规则指定的提议—知情—同意—执行—复核—重订路径路由。,近位、远位只修正该边界需求进入亲密关系核心的可能；不得据此判断具体伴侣一定尊重或越界。,根气只修正用户边界需求是否稳定重复，不等于双方已形成成熟治理。,旺弱只修正某项自主、共享、规则或空间功能的调用强度，不直接等于控制、回避或适配质量。,喜忌只修正功能调用顺畅度与摩擦，不可直接翻译为理想伴侣五行、十神或必然互补。,真合化成立时按化神功能重算边界需求；合化争议时停止细化边界画像。,近位提高该边界议题进入关系核心的可能；远位只保留背景或阶段性观察。,94,风险 +14／停止候选,boundary_risk_warning,个人决定权归属的高风险信号包括：以关系、付出、资历或资源为由要求最终决定权。,需要警惕：以关系、付出、资历或资源为由要求最终决定权。,不得仅凭本规则推出某人必然控制、回避、依赖、忠诚或适合结婚；不得把亲密解释为无隐私，把保护解释为替代决定，把贡献多少解释为决策权大小。现实安全、明确同意、可撤回性、持续行为、反例与双方意愿优先。,高,待验证,,boundary_observation=BO01; provisional=true; rule_group=BOUND-BO维度,0.5
M5-BOUND-124,BO01 个人决定权归属｜重订与修复标准,L2 边界观察维度,BOUND-BO维度,通用,修复,BO01,个人决定权归属,边界出现变化、争议或越界后需要重新协商。,只有道歉、口头承诺或短期收敛。,由共享基础引擎、M3-BOUND与M5-BASE提供；只修正用户需要怎样的自主、共享、授权与空间结构，不直接判断具体关系现实中公平或安全。,M2只说明谁容易进入关系及资格证据；不能替代具体对象的同意、边界、资源和权力行为验证。,M3-BASE与M3-BOUND提供用户自然靠近、共享和边界通道；M5-BOUND负责判断双方如何共同治理。,无／按本规则指定的提议—知情—同意—执行—复核—重订路径路由。,近位、远位只修正该边界需求进入亲密关系核心的可能；不得据此判断具体伴侣一定尊重或越界。,根气只修正用户边界需求是否稳定重复，不等于双方已形成成熟治理。,旺弱只修正某项自主、共享、规则或空间功能的调用强度，不直接等于控制、回避或适配质量。,喜忌只修正功能调用顺畅度与摩擦，不可直接翻译为理想伴侣五行、十神或必然互补。,真合化成立时按化神功能重算边界需求；合化争议时停止细化边界画像。,近位提高该边界议题进入关系核心的可能；远位只保留背景或阶段性观察。,88,+10 修复证据,renegotiation_repair,个人决定权归属要恢复，必须让相关权利、信息或资源真正回到双方。,修复重点：个人决定权是关系边界的底座。,不得仅凭本规则推出某人必然控制、回避、依赖、忠诚或适合结婚；不得把亲密解释为无隐私，把保护解释为替代决定，把贡献多少解释为决策权大小。现实安全、明确同意、可撤回性、持续行为、反例与双方意愿优先。,中高,待验证,,boundary_observation=BO01; provisional=true; rule_group=BOUND-BO维度,0.5
M5-BOUND-125,BO01 个人决定权归属｜工程评分与去重,L2 边界观察维度,BOUND-BO维度,通用,评分,BO01,个人决定权归属,该维度与主BC、BM或DG任务一致，来源独立。,只是同一事件的重复解释。,由共享基础引擎、M3-BOUND与M5-BASE提供；只修正用户需要怎样的自主、共享、授权与空间结构，不直接判断具体关系现实中公平或安全。,M2只说明谁容易进入关系及资格证据；不能替代具体对象的同意、边界、资源和权力行为验证。,M3-BASE与M3-BOUND提供用户自然靠近、共享和边界通道；M5-BOUND负责判断双方如何共同治理。,无／按本规则指定的提议—知情—同意—执行—复核—重订路径路由。,近位、远位只修正该边界需求进入亲密关系核心的可能；不得据此判断具体伴侣一定尊重或越界。,根气只修正用户边界需求是否稳定重复，不等于双方已形成成熟治理。,旺弱只修正某项自主、共享、规则或空间功能的调用强度，不直接等于控制、回避或适配质量。,喜忌只修正功能调用顺畅度与摩擦，不可直接翻译为理想伴侣五行、十神或必然互补。,真合化成立时按化神功能重算边界需求；合化争议时停止细化边界画像。,近位提高该边界议题进入关系核心的可能；远位只保留背景或阶段性观察。,72,+4至+12；按BV层级,confidence,BO01只作为边界证据，不重复计算命盘基础权重。,个人决定权是关系边界的底座。,不得仅凭本规则推出某人必然控制、回避、依赖、忠诚或适合结婚；不得把亲密解释为无隐私，把保护解释为替代决定，把贡献多少解释为决策权大小。现实安全、明确同意、可撤回性、持续行为、反例与双方意愿优先。,中,待验证,,boundary_observation=BO01; provisional=true; rule_group=BOUND-BO维度,0.5
M5-BOUND-126,BO01 个人决定权归属｜标准用户语言,L2 边界观察维度,BOUND-BO维度,通用,输出,BO01,个人决定权归属,完成该维度裁决。,结论仍未定或安全门控未处理。,由共享基础引擎、M3-BOUND与M5-BASE提供；只修正用户需要怎样的自主、共享、授权与空间结构，不直接判断具体关系现实中公平或安全。,M2只说明谁容易进入关系及资格证据；不能替代具体对象的同意、边界、资源和权力行为验证。,M3-BASE与M3-BOUND提供用户自然靠近、共享和边界通道；M5-BOUND负责判断双方如何共同治理。,无／按本规则指定的提议—知情—同意—执行—复核—重订路径路由。,近位、远位只修正该边界需求进入亲密关系核心的可能；不得据此判断具体伴侣一定尊重或越界。,根气只修正用户边界需求是否稳定重复，不等于双方已形成成熟治理。,旺弱只修正某项自主、共享、规则或空间功能的调用强度，不直接等于控制、回避或适配质量。,喜忌只修正功能调用顺畅度与摩擦，不可直接翻译为理想伴侣五行、十神或必然互补。,真合化成立时按化神功能重算边界需求；合化争议时停止细化边界画像。,近位提高该边界议题进入关系核心的可能；远位只保留背景或阶段性观察。,70,不加分；输出,report_text,个人决定权是关系边界的底座。,边界重点：个人决定权是关系边界的底座。,不得仅凭本规则推出某人必然控制、回避、依赖、忠诚或适合结婚；不得把亲密解释为无隐私，把保护解释为替代决定，把贡献多少解释为决策权大小。现实安全、明确同意、可撤回性、持续行为、反例与双方意愿优先。,中高,待验证,,boundary_observation=BO01; provisional=true; rule_group=BOUND-BO维度,0.5
M5-BOUND-127,BO02 共同决定与否决机制｜正式定义,L2 边界观察维度,BOUND-BO维度,通用,定义,BO02,共同决定与否决机制,存在具体双人边界资料。,只有命盘需求、抽象评价或关系理想。,由共享基础引擎、M3-BOUND与M5-BASE提供；只修正用户需要怎样的自主、共享、授权与空间结构，不直接判断具体关系现实中公平或安全。,M2只说明谁容易进入关系及资格证据；不能替代具体对象的同意、边界、资源和权力行为验证。,M3-BASE与M3-BOUND提供用户自然靠近、共享和边界通道；M5-BOUND负责判断双方如何共同治理。,无／按本规则指定的提议—知情—同意—执行—复核—重订路径路由。,近位、远位只修正该边界需求进入亲密关系核心的可能；不得据此判断具体伴侣一定尊重或越界。,根气只修正用户边界需求是否稳定重复，不等于双方已形成成熟治理。,旺弱只修正某项自主、共享、规则或空间功能的调用强度，不直接等于控制、回避或适配质量。,喜忌只修正功能调用顺畅度与摩擦，不可直接翻译为理想伴侣五行、十神或必然互补。,真合化成立时按化神功能重算边界需求；合化争议时停止细化边界画像。,近位提高该边界议题进入关系核心的可能；远位只保留背景或阶段性观察。,94,不加分；定义,boundary_observation_dimensions,影响双方生活和资源的事项如何提出、讨论、否决和形成决定。,共同事项必须有双方真正进入决定的过程。,不得仅凭本规则推出某人必然控制、回避、依赖、忠诚或适合结婚；不得把亲密解释为无隐私，把保护解释为替代决定，把贡献多少解释为决策权大小。现实安全、明确同意、可撤回性、持续行为、反例与双方意愿优先。,高,待验证,,boundary_observation=BO02; provisional=true; rule_group=BOUND-BO维度,0.5
M5-BOUND-128,BO02 共同决定与否决机制｜可靠证据,L2 边界观察维度,BOUND-BO维度,通用,证据,BO02,共同决定与否决机制,双方获得同等信息，任何一方可暂停，关键事项需要明确双重同意。,同源重复、规则文本、单次高光或只有一方自述。,由共享基础引擎、M3-BOUND与M5-BASE提供；只修正用户需要怎样的自主、共享、授权与空间结构，不直接判断具体关系现实中公平或安全。,M2只说明谁容易进入关系及资格证据；不能替代具体对象的同意、边界、资源和权力行为验证。,M3-BASE与M3-BOUND提供用户自然靠近、共享和边界通道；M5-BOUND负责判断双方如何共同治理。,无／按本规则指定的提议—知情—同意—执行—复核—重订路径路由。,近位、远位只修正该边界需求进入亲密关系核心的可能；不得据此判断具体伴侣一定尊重或越界。,根气只修正用户边界需求是否稳定重复，不等于双方已形成成熟治理。,旺弱只修正某项自主、共享、规则或空间功能的调用强度，不直接等于控制、回避或适配质量。,喜忌只修正功能调用顺畅度与摩擦，不可直接翻译为理想伴侣五行、十神或必然互补。,真合化成立时按化神功能重算边界需求；合化争议时停止细化边界画像。,近位提高该边界议题进入关系核心的可能；远位只保留背景或阶段性观察。,88,+10 可靠证据,boundary_evidence_level,共同决定与否决机制的可靠证据需要：双方获得同等信息，任何一方可暂停，关键事项需要明确双重同意。,这项边界要看：双方获得同等信息，任何一方可暂停，关键事项需要明确双重同意。,不得仅凭本规则推出某人必然控制、回避、依赖、忠诚或适合结婚；不得把亲密解释为无隐私，把保护解释为替代决定，把贡献多少解释为决策权大小。现实安全、明确同意、可撤回性、持续行为、反例与双方意愿优先。,中高,待验证,,boundary_observation=BO02; provisional=true; rule_group=BOUND-BO维度,0.5
M5-BOUND-129,BO02 共同决定与否决机制｜高风险指示,L2 边界观察维度,BOUND-BO维度,通用,风险,BO02,共同决定与否决机制,出现持续不对称、撤回受惩罚、权限集中或现实损害。,只是双方风格不同、阶段性安排或资料不足。,由共享基础引擎、M3-BOUND与M5-BASE提供；只修正用户需要怎样的自主、共享、授权与空间结构，不直接判断具体关系现实中公平或安全。,M2只说明谁容易进入关系及资格证据；不能替代具体对象的同意、边界、资源和权力行为验证。,M3-BASE与M3-BOUND提供用户自然靠近、共享和边界通道；M5-BOUND负责判断双方如何共同治理。,无／按本规则指定的提议—知情—同意—执行—复核—重订路径路由。,近位、远位只修正该边界需求进入亲密关系核心的可能；不得据此判断具体伴侣一定尊重或越界。,根气只修正用户边界需求是否稳定重复，不等于双方已形成成熟治理。,旺弱只修正某项自主、共享、规则或空间功能的调用强度，不直接等于控制、回避或适配质量。,喜忌只修正功能调用顺畅度与摩擦，不可直接翻译为理想伴侣五行、十神或必然互补。,真合化成立时按化神功能重算边界需求；合化争议时停止细化边界画像。,近位提高该边界议题进入关系核心的可能；远位只保留背景或阶段性观察。,94,风险 +14／停止候选,boundary_risk_warning,共同决定与否决机制的高风险信号包括：一方先做决定再通知，或把沉默当同意。,需要警惕：一方先做决定再通知，或把沉默当同意。,不得仅凭本规则推出某人必然控制、回避、依赖、忠诚或适合结婚；不得把亲密解释为无隐私，把保护解释为替代决定，把贡献多少解释为决策权大小。现实安全、明确同意、可撤回性、持续行为、反例与双方意愿优先。,高,待验证,,boundary_observation=BO02; provisional=true; rule_group=BOUND-BO维度,0.5
M5-BOUND-130,BO02 共同决定与否决机制｜重订与修复标准,L2 边界观察维度,BOUND-BO维度,通用,修复,BO02,共同决定与否决机制,边界出现变化、争议或越界后需要重新协商。,只有道歉、口头承诺或短期收敛。,由共享基础引擎、M3-BOUND与M5-BASE提供；只修正用户需要怎样的自主、共享、授权与空间结构，不直接判断具体关系现实中公平或安全。,M2只说明谁容易进入关系及资格证据；不能替代具体对象的同意、边界、资源和权力行为验证。,M3-BASE与M3-BOUND提供用户自然靠近、共享和边界通道；M5-BOUND负责判断双方如何共同治理。,无／按本规则指定的提议—知情—同意—执行—复核—重订路径路由。,近位、远位只修正该边界需求进入亲密关系核心的可能；不得据此判断具体伴侣一定尊重或越界。,根气只修正用户边界需求是否稳定重复，不等于双方已形成成熟治理。,旺弱只修正某项自主、共享、规则或空间功能的调用强度，不直接等于控制、回避或适配质量。,喜忌只修正功能调用顺畅度与摩擦，不可直接翻译为理想伴侣五行、十神或必然互补。,真合化成立时按化神功能重算边界需求；合化争议时停止细化边界画像。,近位提高该边界议题进入关系核心的可能；远位只保留背景或阶段性观察。,88,+10 修复证据,renegotiation_repair,共同决定与否决机制要恢复，必须让相关权利、信息或资源真正回到双方。,修复重点：共同事项必须有双方真正进入决定的过程。,不得仅凭本规则推出某人必然控制、回避、依赖、忠诚或适合结婚；不得把亲密解释为无隐私，把保护解释为替代决定，把贡献多少解释为决策权大小。现实安全、明确同意、可撤回性、持续行为、反例与双方意愿优先。,中高,待验证,,boundary_observation=BO02; provisional=true; rule_group=BOUND-BO维度,0.5
M5-BOUND-131,BO02 共同决定与否决机制｜工程评分与去重,L2 边界观察维度,BOUND-BO维度,通用,评分,BO02,共同决定与否决机制,该维度与主BC、BM或DG任务一致，来源独立。,只是同一事件的重复解释。,由共享基础引擎、M3-BOUND与M5-BASE提供；只修正用户需要怎样的自主、共享、授权与空间结构，不直接判断具体关系现实中公平或安全。,M2只说明谁容易进入关系及资格证据；不能替代具体对象的同意、边界、资源和权力行为验证。,M3-BASE与M3-BOUND提供用户自然靠近、共享和边界通道；M5-BOUND负责判断双方如何共同治理。,无／按本规则指定的提议—知情—同意—执行—复核—重订路径路由。,近位、远位只修正该边界需求进入亲密关系核心的可能；不得据此判断具体伴侣一定尊重或越界。,根气只修正用户边界需求是否稳定重复，不等于双方已形成成熟治理。,旺弱只修正某项自主、共享、规则或空间功能的调用强度，不直接等于控制、回避或适配质量。,喜忌只修正功能调用顺畅度与摩擦，不可直接翻译为理想伴侣五行、十神或必然互补。,真合化成立时按化神功能重算边界需求；合化争议时停止细化边界画像。,近位提高该边界议题进入关系核心的可能；远位只保留背景或阶段性观察。,72,+4至+12；按BV层级,confidence,BO02只作为边界证据，不重复计算命盘基础权重。,共同事项必须有双方真正进入决定的过程。,不得仅凭本规则推出某人必然控制、回避、依赖、忠诚或适合结婚；不得把亲密解释为无隐私，把保护解释为替代决定，把贡献多少解释为决策权大小。现实安全、明确同意、可撤回性、持续行为、反例与双方意愿优先。,中,待验证,,boundary_observation=BO02; provisional=true; rule_group=BOUND-BO维度,0.5
M5-BOUND-132,BO02 共同决定与否决机制｜标准用户语言,L2 边界观察维度,BOUND-BO维度,通用,输出,BO02,共同决定与否决机制,完成该维度裁决。,结论仍未定或安全门控未处理。,由共享基础引擎、M3-BOUND与M5-BASE提供；只修正用户需要怎样的自主、共享、授权与空间结构，不直接判断具体关系现实中公平或安全。,M2只说明谁容易进入关系及资格证据；不能替代具体对象的同意、边界、资源和权力行为验证。,M3-BASE与M3-BOUND提供用户自然靠近、共享和边界通道；M5-BOUND负责判断双方如何共同治理。,无／按本规则指定的提议—知情—同意—执行—复核—重订路径路由。,近位、远位只修正该边界需求进入亲密关系核心的可能；不得据此判断具体伴侣一定尊重或越界。,根气只修正用户边界需求是否稳定重复，不等于双方已形成成熟治理。,旺弱只修正某项自主、共享、规则或空间功能的调用强度，不直接等于控制、回避或适配质量。,喜忌只修正功能调用顺畅度与摩擦，不可直接翻译为理想伴侣五行、十神或必然互补。,真合化成立时按化神功能重算边界需求；合化争议时停止细化边界画像。,近位提高该边界议题进入关系核心的可能；远位只保留背景或阶段性观察。,70,不加分；输出,report_text,共同事项必须有双方真正进入决定的过程。,边界重点：共同事项必须有双方真正进入决定的过程。,不得仅凭本规则推出某人必然控制、回避、依赖、忠诚或适合结婚；不得把亲密解释为无隐私，把保护解释为替代决定，把贡献多少解释为决策权大小。现实安全、明确同意、可撤回性、持续行为、反例与双方意愿优先。,中高,待验证,,boundary_observation=BO02; provisional=true; rule_group=BOUND-BO维度,0.5
M5-BOUND-133,BO03 知情与信息透明｜正式定义,L2 边界观察维度,BOUND-BO维度,通用,定义,BO03,知情与信息透明,存在具体双人边界资料。,只有命盘需求、抽象评价或关系理想。,由共享基础引擎、M3-BOUND与M5-BASE提供；只修正用户需要怎样的自主、共享、授权与空间结构，不直接判断具体关系现实中公平或安全。,M2只说明谁容易进入关系及资格证据；不能替代具体对象的同意、边界、资源和权力行为验证。,M3-BASE与M3-BOUND提供用户自然靠近、共享和边界通道；M5-BOUND负责判断双方如何共同治理。,无／按本规则指定的提议—知情—同意—执行—复核—重订路径路由。,近位、远位只修正该边界需求进入亲密关系核心的可能；不得据此判断具体伴侣一定尊重或越界。,根气只修正用户边界需求是否稳定重复，不等于双方已形成成熟治理。,旺弱只修正某项自主、共享、规则或空间功能的调用强度，不直接等于控制、回避或适配质量。,喜忌只修正功能调用顺畅度与摩擦，不可直接翻译为理想伴侣五行、十神或必然互补。,真合化成立时按化神功能重算边界需求；合化争议时停止细化边界画像。,近位提高该边界议题进入关系核心的可能；远位只保留背景或阶段性观察。,94,不加分；定义,boundary_observation_dimensions,影响共同利益的信息是否及时、准确、足够。,隐私不等于隐瞒共同事项。,不得仅凭本规则推出某人必然控制、回避、依赖、忠诚或适合结婚；不得把亲密解释为无隐私，把保护解释为替代决定，把贡献多少解释为决策权大小。现实安全、明确同意、可撤回性、持续行为、反例与双方意愿优先。,高,待验证,,boundary_observation=BO03; provisional=true; rule_group=BOUND-BO维度,0.5
M5-BOUND-134,BO03 知情与信息透明｜可靠证据,L2 边界观察维度,BOUND-BO维度,通用,证据,BO03,知情与信息透明,重要财务、健康、家庭、时间和承诺变化被及时说明。,同源重复、规则文本、单次高光或只有一方自述。,由共享基础引擎、M3-BOUND与M5-BASE提供；只修正用户需要怎样的自主、共享、授权与空间结构，不直接判断具体关系现实中公平或安全。,M2只说明谁容易进入关系及资格证据；不能替代具体对象的同意、边界、资源和权力行为验证。,M3-BASE与M3-BOUND提供用户自然靠近、共享和边界通道；M5-BOUND负责判断双方如何共同治理。,无／按本规则指定的提议—知情—同意—执行—复核—重订路径路由。,近位、远位只修正该边界需求进入亲密关系核心的可能；不得据此判断具体伴侣一定尊重或越界。,根气只修正用户边界需求是否稳定重复，不等于双方已形成成熟治理。,旺弱只修正某项自主、共享、规则或空间功能的调用强度，不直接等于控制、回避或适配质量。,喜忌只修正功能调用顺畅度与摩擦，不可直接翻译为理想伴侣五行、十神或必然互补。,真合化成立时按化神功能重算边界需求；合化争议时停止细化边界画像。,近位提高该边界议题进入关系核心的可能；远位只保留背景或阶段性观察。,88,+10 可靠证据,boundary_evidence_level,知情与信息透明的可靠证据需要：重要财务、健康、家庭、时间和承诺变化被及时说明。,这项边界要看：重要财务、健康、家庭、时间和承诺变化被及时说明。,不得仅凭本规则推出某人必然控制、回避、依赖、忠诚或适合结婚；不得把亲密解释为无隐私，把保护解释为替代决定，把贡献多少解释为决策权大小。现实安全、明确同意、可撤回性、持续行为、反例与双方意愿优先。,中高,待验证,,boundary_observation=BO03; provisional=true; rule_group=BOUND-BO维度,0.5
M5-BOUND-135,BO03 知情与信息透明｜高风险指示,L2 边界观察维度,BOUND-BO维度,通用,风险,BO03,知情与信息透明,出现持续不对称、撤回受惩罚、权限集中或现实损害。,只是双方风格不同、阶段性安排或资料不足。,由共享基础引擎、M3-BOUND与M5-BASE提供；只修正用户需要怎样的自主、共享、授权与空间结构，不直接判断具体关系现实中公平或安全。,M2只说明谁容易进入关系及资格证据；不能替代具体对象的同意、边界、资源和权力行为验证。,M3-BASE与M3-BOUND提供用户自然靠近、共享和边界通道；M5-BOUND负责判断双方如何共同治理。,无／按本规则指定的提议—知情—同意—执行—复核—重订路径路由。,近位、远位只修正该边界需求进入亲密关系核心的可能；不得据此判断具体伴侣一定尊重或越界。,根气只修正用户边界需求是否稳定重复，不等于双方已形成成熟治理。,旺弱只修正某项自主、共享、规则或空间功能的调用强度，不直接等于控制、回避或适配质量。,喜忌只修正功能调用顺畅度与摩擦，不可直接翻译为理想伴侣五行、十神或必然互补。,真合化成立时按化神功能重算边界需求；合化争议时停止细化边界画像。,近位提高该边界议题进入关系核心的可能；远位只保留背景或阶段性观察。,94,风险 +14／停止候选,boundary_risk_warning,知情与信息透明的高风险信号包括：隐瞒、选择性告知、事后告知或用隐私掩盖共同影响。,需要警惕：隐瞒、选择性告知、事后告知或用隐私掩盖共同影响。,不得仅凭本规则推出某人必然控制、回避、依赖、忠诚或适合结婚；不得把亲密解释为无隐私，把保护解释为替代决定，把贡献多少解释为决策权大小。现实安全、明确同意、可撤回性、持续行为、反例与双方意愿优先。,高,待验证,,boundary_observation=BO03; provisional=true; rule_group=BOUND-BO维度,0.5
M5-BOUND-136,BO03 知情与信息透明｜重订与修复标准,L2 边界观察维度,BOUND-BO维度,通用,修复,BO03,知情与信息透明,边界出现变化、争议或越界后需要重新协商。,只有道歉、口头承诺或短期收敛。,由共享基础引擎、M3-BOUND与M5-BASE提供；只修正用户需要怎样的自主、共享、授权与空间结构，不直接判断具体关系现实中公平或安全。,M2只说明谁容易进入关系及资格证据；不能替代具体对象的同意、边界、资源和权力行为验证。,M3-BASE与M3-BOUND提供用户自然靠近、共享和边界通道；M5-BOUND负责判断双方如何共同治理。,无／按本规则指定的提议—知情—同意—执行—复核—重订路径路由。,近位、远位只修正该边界需求进入亲密关系核心的可能；不得据此判断具体伴侣一定尊重或越界。,根气只修正用户边界需求是否稳定重复，不等于双方已形成成熟治理。,旺弱只修正某项自主、共享、规则或空间功能的调用强度，不直接等于控制、回避或适配质量。,喜忌只修正功能调用顺畅度与摩擦，不可直接翻译为理想伴侣五行、十神或必然互补。,真合化成立时按化神功能重算边界需求；合化争议时停止细化边界画像。,近位提高该边界议题进入关系核心的可能；远位只保留背景或阶段性观察。,88,+10 修复证据,renegotiation_repair,知情与信息透明要恢复，必须让相关权利、信息或资源真正回到双方。,修复重点：隐私不等于隐瞒共同事项。,不得仅凭本规则推出某人必然控制、回避、依赖、忠诚或适合结婚；不得把亲密解释为无隐私，把保护解释为替代决定，把贡献多少解释为决策权大小。现实安全、明确同意、可撤回性、持续行为、反例与双方意愿优先。,中高,待验证,,boundary_observation=BO03; provisional=true; rule_group=BOUND-BO维度,0.5
M5-BOUND-137,BO03 知情与信息透明｜工程评分与去重,L2 边界观察维度,BOUND-BO维度,通用,评分,BO03,知情与信息透明,该维度与主BC、BM或DG任务一致，来源独立。,只是同一事件的重复解释。,由共享基础引擎、M3-BOUND与M5-BASE提供；只修正用户需要怎样的自主、共享、授权与空间结构，不直接判断具体关系现实中公平或安全。,M2只说明谁容易进入关系及资格证据；不能替代具体对象的同意、边界、资源和权力行为验证。,M3-BASE与M3-BOUND提供用户自然靠近、共享和边界通道；M5-BOUND负责判断双方如何共同治理。,无／按本规则指定的提议—知情—同意—执行—复核—重订路径路由。,近位、远位只修正该边界需求进入亲密关系核心的可能；不得据此判断具体伴侣一定尊重或越界。,根气只修正用户边界需求是否稳定重复，不等于双方已形成成熟治理。,旺弱只修正某项自主、共享、规则或空间功能的调用强度，不直接等于控制、回避或适配质量。,喜忌只修正功能调用顺畅度与摩擦，不可直接翻译为理想伴侣五行、十神或必然互补。,真合化成立时按化神功能重算边界需求；合化争议时停止细化边界画像。,近位提高该边界议题进入关系核心的可能；远位只保留背景或阶段性观察。,72,+4至+12；按BV层级,confidence,BO03只作为边界证据，不重复计算命盘基础权重。,隐私不等于隐瞒共同事项。,不得仅凭本规则推出某人必然控制、回避、依赖、忠诚或适合结婚；不得把亲密解释为无隐私，把保护解释为替代决定，把贡献多少解释为决策权大小。现实安全、明确同意、可撤回性、持续行为、反例与双方意愿优先。,中,待验证,,boundary_observation=BO03; provisional=true; rule_group=BOUND-BO维度,0.5
M5-BOUND-138,BO03 知情与信息透明｜标准用户语言,L2 边界观察维度,BOUND-BO维度,通用,输出,BO03,知情与信息透明,完成该维度裁决。,结论仍未定或安全门控未处理。,由共享基础引擎、M3-BOUND与M5-BASE提供；只修正用户需要怎样的自主、共享、授权与空间结构，不直接判断具体关系现实中公平或安全。,M2只说明谁容易进入关系及资格证据；不能替代具体对象的同意、边界、资源和权力行为验证。,M3-BASE与M3-BOUND提供用户自然靠近、共享和边界通道；M5-BOUND负责判断双方如何共同治理。,无／按本规则指定的提议—知情—同意—执行—复核—重订路径路由。,近位、远位只修正该边界需求进入亲密关系核心的可能；不得据此判断具体伴侣一定尊重或越界。,根气只修正用户边界需求是否稳定重复，不等于双方已形成成熟治理。,旺弱只修正某项自主、共享、规则或空间功能的调用强度，不直接等于控制、回避或适配质量。,喜忌只修正功能调用顺畅度与摩擦，不可直接翻译为理想伴侣五行、十神或必然互补。,真合化成立时按化神功能重算边界需求；合化争议时停止细化边界画像。,近位提高该边界议题进入关系核心的可能；远位只保留背景或阶段性观察。,70,不加分；输出,report_text,隐私不等于隐瞒共同事项。,边界重点：隐私不等于隐瞒共同事项。,不得仅凭本规则推出某人必然控制、回避、依赖、忠诚或适合结婚；不得把亲密解释为无隐私，把保护解释为替代决定，把贡献多少解释为决策权大小。现实安全、明确同意、可撤回性、持续行为、反例与双方意愿优先。,中高,待验证,,boundary_observation=BO03; provisional=true; rule_group=BOUND-BO维度,0.5
M5-BOUND-139,BO04 同意、撤回与停止权｜正式定义,L2 边界观察维度,BOUND-BO维度,通用,定义,BO04,同意、撤回与停止权,存在具体双人边界资料。,只有命盘需求、抽象评价或关系理想。,由共享基础引擎、M3-BOUND与M5-BASE提供；只修正用户需要怎样的自主、共享、授权与空间结构，不直接判断具体关系现实中公平或安全。,M2只说明谁容易进入关系及资格证据；不能替代具体对象的同意、边界、资源和权力行为验证。,M3-BASE与M3-BOUND提供用户自然靠近、共享和边界通道；M5-BOUND负责判断双方如何共同治理。,无／按本规则指定的提议—知情—同意—执行—复核—重订路径路由。,近位、远位只修正该边界需求进入亲密关系核心的可能；不得据此判断具体伴侣一定尊重或越界。,根气只修正用户边界需求是否稳定重复，不等于双方已形成成熟治理。,旺弱只修正某项自主、共享、规则或空间功能的调用强度，不直接等于控制、回避或适配质量。,喜忌只修正功能调用顺畅度与摩擦，不可直接翻译为理想伴侣五行、十神或必然互补。,真合化成立时按化神功能重算边界需求；合化争议时停止细化边界画像。,近位提高该边界议题进入关系核心的可能；远位只保留背景或阶段性观察。,94,不加分；定义,boundary_observation_dimensions,同意是否具体、自愿、可撤回，停止后是否被尊重。,同意需要持续存在，也必须可以撤回。,不得仅凭本规则推出某人必然控制、回避、依赖、忠诚或适合结婚；不得把亲密解释为无隐私，把保护解释为替代决定，把贡献多少解释为决策权大小。现实安全、明确同意、可撤回性、持续行为、反例与双方意愿优先。,高,待验证,,boundary_observation=BO04; provisional=true; rule_group=BOUND-BO维度,0.5
M5-BOUND-140,BO04 同意、撤回与停止权｜可靠证据,L2 边界观察维度,BOUND-BO维度,通用,证据,BO04,同意、撤回与停止权,任何亲密、资源、公开和授权均可被拒绝或撤回，不受惩罚。,同源重复、规则文本、单次高光或只有一方自述。,由共享基础引擎、M3-BOUND与M5-BASE提供；只修正用户需要怎样的自主、共享、授权与空间结构，不直接判断具体关系现实中公平或安全。,M2只说明谁容易进入关系及资格证据；不能替代具体对象的同意、边界、资源和权力行为验证。,M3-BASE与M3-BOUND提供用户自然靠近、共享和边界通道；M5-BOUND负责判断双方如何共同治理。,无／按本规则指定的提议—知情—同意—执行—复核—重订路径路由。,近位、远位只修正该边界需求进入亲密关系核心的可能；不得据此判断具体伴侣一定尊重或越界。,根气只修正用户边界需求是否稳定重复，不等于双方已形成成熟治理。,旺弱只修正某项自主、共享、规则或空间功能的调用强度，不直接等于控制、回避或适配质量。,喜忌只修正功能调用顺畅度与摩擦，不可直接翻译为理想伴侣五行、十神或必然互补。,真合化成立时按化神功能重算边界需求；合化争议时停止细化边界画像。,近位提高该边界议题进入关系核心的可能；远位只保留背景或阶段性观察。,88,+10 可靠证据,boundary_evidence_level,同意、撤回与停止权的可靠证据需要：任何亲密、资源、公开和授权均可被拒绝或撤回，不受惩罚。,这项边界要看：任何亲密、资源、公开和授权均可被拒绝或撤回，不受惩罚。,不得仅凭本规则推出某人必然控制、回避、依赖、忠诚或适合结婚；不得把亲密解释为无隐私，把保护解释为替代决定，把贡献多少解释为决策权大小。现实安全、明确同意、可撤回性、持续行为、反例与双方意愿优先。,中高,待验证,,boundary_observation=BO04; provisional=true; rule_group=BOUND-BO维度,0.5
M5-BOUND-141,BO04 同意、撤回与停止权｜高风险指示,L2 边界观察维度,BOUND-BO维度,通用,风险,BO04,同意、撤回与停止权,出现持续不对称、撤回受惩罚、权限集中或现实损害。,只是双方风格不同、阶段性安排或资料不足。,由共享基础引擎、M3-BOUND与M5-BASE提供；只修正用户需要怎样的自主、共享、授权与空间结构，不直接判断具体关系现实中公平或安全。,M2只说明谁容易进入关系及资格证据；不能替代具体对象的同意、边界、资源和权力行为验证。,M3-BASE与M3-BOUND提供用户自然靠近、共享和边界通道；M5-BOUND负责判断双方如何共同治理。,无／按本规则指定的提议—知情—同意—执行—复核—重订路径路由。,近位、远位只修正该边界需求进入亲密关系核心的可能；不得据此判断具体伴侣一定尊重或越界。,根气只修正用户边界需求是否稳定重复，不等于双方已形成成熟治理。,旺弱只修正某项自主、共享、规则或空间功能的调用强度，不直接等于控制、回避或适配质量。,喜忌只修正功能调用顺畅度与摩擦，不可直接翻译为理想伴侣五行、十神或必然互补。,真合化成立时按化神功能重算边界需求；合化争议时停止细化边界画像。,近位提高该边界议题进入关系核心的可能；远位只保留背景或阶段性观察。,94,风险 +14／停止候选,boundary_risk_warning,同意、撤回与停止权的高风险信号包括：把既往同意、关系身份或顺从当永久同意。,需要警惕：把既往同意、关系身份或顺从当永久同意。,不得仅凭本规则推出某人必然控制、回避、依赖、忠诚或适合结婚；不得把亲密解释为无隐私，把保护解释为替代决定，把贡献多少解释为决策权大小。现实安全、明确同意、可撤回性、持续行为、反例与双方意愿优先。,高,待验证,,boundary_observation=BO04; provisional=true; rule_group=BOUND-BO维度,0.5
M5-BOUND-142,BO04 同意、撤回与停止权｜重订与修复标准,L2 边界观察维度,BOUND-BO维度,通用,修复,BO04,同意、撤回与停止权,边界出现变化、争议或越界后需要重新协商。,只有道歉、口头承诺或短期收敛。,由共享基础引擎、M3-BOUND与M5-BASE提供；只修正用户需要怎样的自主、共享、授权与空间结构，不直接判断具体关系现实中公平或安全。,M2只说明谁容易进入关系及资格证据；不能替代具体对象的同意、边界、资源和权力行为验证。,M3-BASE与M3-BOUND提供用户自然靠近、共享和边界通道；M5-BOUND负责判断双方如何共同治理。,无／按本规则指定的提议—知情—同意—执行—复核—重订路径路由。,近位、远位只修正该边界需求进入亲密关系核心的可能；不得据此判断具体伴侣一定尊重或越界。,根气只修正用户边界需求是否稳定重复，不等于双方已形成成熟治理。,旺弱只修正某项自主、共享、规则或空间功能的调用强度，不直接等于控制、回避或适配质量。,喜忌只修正功能调用顺畅度与摩擦，不可直接翻译为理想伴侣五行、十神或必然互补。,真合化成立时按化神功能重算边界需求；合化争议时停止细化边界画像。,近位提高该边界议题进入关系核心的可能；远位只保留背景或阶段性观察。,88,+10 修复证据,renegotiation_repair,同意、撤回与停止权要恢复，必须让相关权利、信息或资源真正回到双方。,修复重点：同意需要持续存在，也必须可以撤回。,不得仅凭本规则推出某人必然控制、回避、依赖、忠诚或适合结婚；不得把亲密解释为无隐私，把保护解释为替代决定，把贡献多少解释为决策权大小。现实安全、明确同意、可撤回性、持续行为、反例与双方意愿优先。,中高,待验证,,boundary_observation=BO04; provisional=true; rule_group=BOUND-BO维度,0.5
M5-BOUND-143,BO04 同意、撤回与停止权｜工程评分与去重,L2 边界观察维度,BOUND-BO维度,通用,评分,BO04,同意、撤回与停止权,该维度与主BC、BM或DG任务一致，来源独立。,只是同一事件的重复解释。,由共享基础引擎、M3-BOUND与M5-BASE提供；只修正用户需要怎样的自主、共享、授权与空间结构，不直接判断具体关系现实中公平或安全。,M2只说明谁容易进入关系及资格证据；不能替代具体对象的同意、边界、资源和权力行为验证。,M3-BASE与M3-BOUND提供用户自然靠近、共享和边界通道；M5-BOUND负责判断双方如何共同治理。,无／按本规则指定的提议—知情—同意—执行—复核—重订路径路由。,近位、远位只修正该边界需求进入亲密关系核心的可能；不得据此判断具体伴侣一定尊重或越界。,根气只修正用户边界需求是否稳定重复，不等于双方已形成成熟治理。,旺弱只修正某项自主、共享、规则或空间功能的调用强度，不直接等于控制、回避或适配质量。,喜忌只修正功能调用顺畅度与摩擦，不可直接翻译为理想伴侣五行、十神或必然互补。,真合化成立时按化神功能重算边界需求；合化争议时停止细化边界画像。,近位提高该边界议题进入关系核心的可能；远位只保留背景或阶段性观察。,72,+4至+12；按BV层级,confidence,BO04只作为边界证据，不重复计算命盘基础权重。,同意需要持续存在，也必须可以撤回。,不得仅凭本规则推出某人必然控制、回避、依赖、忠诚或适合结婚；不得把亲密解释为无隐私，把保护解释为替代决定，把贡献多少解释为决策权大小。现实安全、明确同意、可撤回性、持续行为、反例与双方意愿优先。,中,待验证,,boundary_observation=BO04; provisional=true; rule_group=BOUND-BO维度,0.5
M5-BOUND-144,BO04 同意、撤回与停止权｜标准用户语言,L2 边界观察维度,BOUND-BO维度,通用,输出,BO04,同意、撤回与停止权,完成该维度裁决。,结论仍未定或安全门控未处理。,由共享基础引擎、M3-BOUND与M5-BASE提供；只修正用户需要怎样的自主、共享、授权与空间结构，不直接判断具体关系现实中公平或安全。,M2只说明谁容易进入关系及资格证据；不能替代具体对象的同意、边界、资源和权力行为验证。,M3-BASE与M3-BOUND提供用户自然靠近、共享和边界通道；M5-BOUND负责判断双方如何共同治理。,无／按本规则指定的提议—知情—同意—执行—复核—重订路径路由。,近位、远位只修正该边界需求进入亲密关系核心的可能；不得据此判断具体伴侣一定尊重或越界。,根气只修正用户边界需求是否稳定重复，不等于双方已形成成熟治理。,旺弱只修正某项自主、共享、规则或空间功能的调用强度，不直接等于控制、回避或适配质量。,喜忌只修正功能调用顺畅度与摩擦，不可直接翻译为理想伴侣五行、十神或必然互补。,真合化成立时按化神功能重算边界需求；合化争议时停止细化边界画像。,近位提高该边界议题进入关系核心的可能；远位只保留背景或阶段性观察。,70,不加分；输出,report_text,同意需要持续存在，也必须可以撤回。,边界重点：同意需要持续存在，也必须可以撤回。,不得仅凭本规则推出某人必然控制、回避、依赖、忠诚或适合结婚；不得把亲密解释为无隐私，把保护解释为替代决定，把贡献多少解释为决策权大小。现实安全、明确同意、可撤回性、持续行为、反例与双方意愿优先。,中高,待验证,,boundary_observation=BO04; provisional=true; rule_group=BOUND-BO维度,0.5
M5-BOUND-145,BO05 资源访问与控制｜正式定义,L2 边界观察维度,BOUND-BO维度,通用,定义,BO05,资源访问与控制,存在具体双人边界资料。,只有命盘需求、抽象评价或关系理想。,由共享基础引擎、M3-BOUND与M5-BASE提供；只修正用户需要怎样的自主、共享、授权与空间结构，不直接判断具体关系现实中公平或安全。,M2只说明谁容易进入关系及资格证据；不能替代具体对象的同意、边界、资源和权力行为验证。,M3-BASE与M3-BOUND提供用户自然靠近、共享和边界通道；M5-BOUND负责判断双方如何共同治理。,无／按本规则指定的提议—知情—同意—执行—复核—重订路径路由。,近位、远位只修正该边界需求进入亲密关系核心的可能；不得据此判断具体伴侣一定尊重或越界。,根气只修正用户边界需求是否稳定重复，不等于双方已形成成熟治理。,旺弱只修正某项自主、共享、规则或空间功能的调用强度，不直接等于控制、回避或适配质量。,喜忌只修正功能调用顺畅度与摩擦，不可直接翻译为理想伴侣五行、十神或必然互补。,真合化成立时按化神功能重算边界需求；合化争议时停止细化边界画像。,近位提高该边界议题进入关系核心的可能；远位只保留背景或阶段性观察。,94,不加分；定义,boundary_observation_dimensions,金钱、住房、交通、设备和共同资源的访问与使用权如何分配。,资源共享不能变成资源控制。,不得仅凭本规则推出某人必然控制、回避、依赖、忠诚或适合结婚；不得把亲密解释为无隐私，把保护解释为替代决定，把贡献多少解释为决策权大小。现实安全、明确同意、可撤回性、持续行为、反例与双方意愿优先。,高,待验证,,boundary_observation=BO05; provisional=true; rule_group=BOUND-BO维度,0.5
M5-BOUND-146,BO05 资源访问与控制｜可靠证据,L2 边界观察维度,BOUND-BO维度,通用,证据,BO05,资源访问与控制,权限清楚、记录透明、个人基本资源不被剥夺，重大变动共同决定。,同源重复、规则文本、单次高光或只有一方自述。,由共享基础引擎、M3-BOUND与M5-BASE提供；只修正用户需要怎样的自主、共享、授权与空间结构，不直接判断具体关系现实中公平或安全。,M2只说明谁容易进入关系及资格证据；不能替代具体对象的同意、边界、资源和权力行为验证。,M3-BASE与M3-BOUND提供用户自然靠近、共享和边界通道；M5-BOUND负责判断双方如何共同治理。,无／按本规则指定的提议—知情—同意—执行—复核—重订路径路由。,近位、远位只修正该边界需求进入亲密关系核心的可能；不得据此判断具体伴侣一定尊重或越界。,根气只修正用户边界需求是否稳定重复，不等于双方已形成成熟治理。,旺弱只修正某项自主、共享、规则或空间功能的调用强度，不直接等于控制、回避或适配质量。,喜忌只修正功能调用顺畅度与摩擦，不可直接翻译为理想伴侣五行、十神或必然互补。,真合化成立时按化神功能重算边界需求；合化争议时停止细化边界画像。,近位提高该边界议题进入关系核心的可能；远位只保留背景或阶段性观察。,88,+10 可靠证据,boundary_evidence_level,资源访问与控制的可靠证据需要：权限清楚、记录透明、个人基本资源不被剥夺，重大变动共同决定。,这项边界要看：权限清楚、记录透明、个人基本资源不被剥夺，重大变动共同决定。,不得仅凭本规则推出某人必然控制、回避、依赖、忠诚或适合结婚；不得把亲密解释为无隐私，把保护解释为替代决定，把贡献多少解释为决策权大小。现实安全、明确同意、可撤回性、持续行为、反例与双方意愿优先。,中高,待验证,,boundary_observation=BO05; provisional=true; rule_group=BOUND-BO维度,0.5
M5-BOUND-147,BO05 资源访问与控制｜高风险指示,L2 边界观察维度,BOUND-BO维度,通用,风险,BO05,资源访问与控制,出现持续不对称、撤回受惩罚、权限集中或现实损害。,只是双方风格不同、阶段性安排或资料不足。,由共享基础引擎、M3-BOUND与M5-BASE提供；只修正用户需要怎样的自主、共享、授权与空间结构，不直接判断具体关系现实中公平或安全。,M2只说明谁容易进入关系及资格证据；不能替代具体对象的同意、边界、资源和权力行为验证。,M3-BASE与M3-BOUND提供用户自然靠近、共享和边界通道；M5-BOUND负责判断双方如何共同治理。,无／按本规则指定的提议—知情—同意—执行—复核—重订路径路由。,近位、远位只修正该边界需求进入亲密关系核心的可能；不得据此判断具体伴侣一定尊重或越界。,根气只修正用户边界需求是否稳定重复，不等于双方已形成成熟治理。,旺弱只修正某项自主、共享、规则或空间功能的调用强度，不直接等于控制、回避或适配质量。,喜忌只修正功能调用顺畅度与摩擦，不可直接翻译为理想伴侣五行、十神或必然互补。,真合化成立时按化神功能重算边界需求；合化争议时停止细化边界画像。,近位提高该边界议题进入关系核心的可能；远位只保留背景或阶段性观察。,94,风险 +14／停止候选,boundary_risk_warning,资源访问与控制的高风险信号包括：扣留资金、限制工作、垄断账户、以资源换服从。,需要警惕：扣留资金、限制工作、垄断账户、以资源换服从。,不得仅凭本规则推出某人必然控制、回避、依赖、忠诚或适合结婚；不得把亲密解释为无隐私，把保护解释为替代决定，把贡献多少解释为决策权大小。现实安全、明确同意、可撤回性、持续行为、反例与双方意愿优先。,高,待验证,,boundary_observation=BO05; provisional=true; rule_group=BOUND-BO维度,0.5
M5-BOUND-148,BO05 资源访问与控制｜重订与修复标准,L2 边界观察维度,BOUND-BO维度,通用,修复,BO05,资源访问与控制,边界出现变化、争议或越界后需要重新协商。,只有道歉、口头承诺或短期收敛。,由共享基础引擎、M3-BOUND与M5-BASE提供；只修正用户需要怎样的自主、共享、授权与空间结构，不直接判断具体关系现实中公平或安全。,M2只说明谁容易进入关系及资格证据；不能替代具体对象的同意、边界、资源和权力行为验证。,M3-BASE与M3-BOUND提供用户自然靠近、共享和边界通道；M5-BOUND负责判断双方如何共同治理。,无／按本规则指定的提议—知情—同意—执行—复核—重订路径路由。,近位、远位只修正该边界需求进入亲密关系核心的可能；不得据此判断具体伴侣一定尊重或越界。,根气只修正用户边界需求是否稳定重复，不等于双方已形成成熟治理。,旺弱只修正某项自主、共享、规则或空间功能的调用强度，不直接等于控制、回避或适配质量。,喜忌只修正功能调用顺畅度与摩擦，不可直接翻译为理想伴侣五行、十神或必然互补。,真合化成立时按化神功能重算边界需求；合化争议时停止细化边界画像。,近位提高该边界议题进入关系核心的可能；远位只保留背景或阶段性观察。,88,+10 修复证据,renegotiation_repair,资源访问与控制要恢复，必须让相关权利、信息或资源真正回到双方。,修复重点：资源共享不能变成资源控制。,不得仅凭本规则推出某人必然控制、回避、依赖、忠诚或适合结婚；不得把亲密解释为无隐私，把保护解释为替代决定，把贡献多少解释为决策权大小。现实安全、明确同意、可撤回性、持续行为、反例与双方意愿优先。,中高,待验证,,boundary_observation=BO05; provisional=true; rule_group=BOUND-BO维度,0.5
M5-BOUND-149,BO05 资源访问与控制｜工程评分与去重,L2 边界观察维度,BOUND-BO维度,通用,评分,BO05,资源访问与控制,该维度与主BC、BM或DG任务一致，来源独立。,只是同一事件的重复解释。,由共享基础引擎、M3-BOUND与M5-BASE提供；只修正用户需要怎样的自主、共享、授权与空间结构，不直接判断具体关系现实中公平或安全。,M2只说明谁容易进入关系及资格证据；不能替代具体对象的同意、边界、资源和权力行为验证。,M3-BASE与M3-BOUND提供用户自然靠近、共享和边界通道；M5-BOUND负责判断双方如何共同治理。,无／按本规则指定的提议—知情—同意—执行—复核—重订路径路由。,近位、远位只修正该边界需求进入亲密关系核心的可能；不得据此判断具体伴侣一定尊重或越界。,根气只修正用户边界需求是否稳定重复，不等于双方已形成成熟治理。,旺弱只修正某项自主、共享、规则或空间功能的调用强度，不直接等于控制、回避或适配质量。,喜忌只修正功能调用顺畅度与摩擦，不可直接翻译为理想伴侣五行、十神或必然互补。,真合化成立时按化神功能重算边界需求；合化争议时停止细化边界画像。,近位提高该边界议题进入关系核心的可能；远位只保留背景或阶段性观察。,72,+4至+12；按BV层级,confidence,BO05只作为边界证据，不重复计算命盘基础权重。,资源共享不能变成资源控制。,不得仅凭本规则推出某人必然控制、回避、依赖、忠诚或适合结婚；不得把亲密解释为无隐私，把保护解释为替代决定，把贡献多少解释为决策权大小。现实安全、明确同意、可撤回性、持续行为、反例与双方意愿优先。,中,待验证,,boundary_observation=BO05; provisional=true; rule_group=BOUND-BO维度,0.5
M5-BOUND-150,BO05 资源访问与控制｜标准用户语言,L2 边界观察维度,BOUND-BO维度,通用,输出,BO05,资源访问与控制,完成该维度裁决。,结论仍未定或安全门控未处理。,由共享基础引擎、M3-BOUND与M5-BASE提供；只修正用户需要怎样的自主、共享、授权与空间结构，不直接判断具体关系现实中公平或安全。,M2只说明谁容易进入关系及资格证据；不能替代具体对象的同意、边界、资源和权力行为验证。,M3-BASE与M3-BOUND提供用户自然靠近、共享和边界通道；M5-BOUND负责判断双方如何共同治理。,无／按本规则指定的提议—知情—同意—执行—复核—重订路径路由。,近位、远位只修正该边界需求进入亲密关系核心的可能；不得据此判断具体伴侣一定尊重或越界。,根气只修正用户边界需求是否稳定重复，不等于双方已形成成熟治理。,旺弱只修正某项自主、共享、规则或空间功能的调用强度，不直接等于控制、回避或适配质量。,喜忌只修正功能调用顺畅度与摩擦，不可直接翻译为理想伴侣五行、十神或必然互补。,真合化成立时按化神功能重算边界需求；合化争议时停止细化边界画像。,近位提高该边界议题进入关系核心的可能；远位只保留背景或阶段性观察。,70,不加分；输出,report_text,资源共享不能变成资源控制。,边界重点：资源共享不能变成资源控制。,不得仅凭本规则推出某人必然控制、回避、依赖、忠诚或适合结婚；不得把亲密解释为无隐私，把保护解释为替代决定，把贡献多少解释为决策权大小。现实安全、明确同意、可撤回性、持续行为、反例与双方意愿优先。,中高,待验证,,boundary_observation=BO05; provisional=true; rule_group=BOUND-BO维度,0.5
M5-BOUND-151,BO06 隐私与数字边界｜正式定义,L2 边界观察维度,BOUND-BO维度,通用,定义,BO06,隐私与数字边界,存在具体双人边界资料。,只有命盘需求、抽象评价或关系理想。,由共享基础引擎、M3-BOUND与M5-BASE提供；只修正用户需要怎样的自主、共享、授权与空间结构，不直接判断具体关系现实中公平或安全。,M2只说明谁容易进入关系及资格证据；不能替代具体对象的同意、边界、资源和权力行为验证。,M3-BASE与M3-BOUND提供用户自然靠近、共享和边界通道；M5-BOUND负责判断双方如何共同治理。,无／按本规则指定的提议—知情—同意—执行—复核—重订路径路由。,近位、远位只修正该边界需求进入亲密关系核心的可能；不得据此判断具体伴侣一定尊重或越界。,根气只修正用户边界需求是否稳定重复，不等于双方已形成成熟治理。,旺弱只修正某项自主、共享、规则或空间功能的调用强度，不直接等于控制、回避或适配质量。,喜忌只修正功能调用顺畅度与摩擦，不可直接翻译为理想伴侣五行、十神或必然互补。,真合化成立时按化神功能重算边界需求；合化争议时停止细化边界画像。,近位提高该边界议题进入关系核心的可能；远位只保留背景或阶段性观察。,94,不加分；定义,boundary_observation_dimensions,设备、密码、位置、通讯、影像和公开信息怎样处理。,亲密不等于失去数字和通讯隐私。,不得仅凭本规则推出某人必然控制、回避、依赖、忠诚或适合结婚；不得把亲密解释为无隐私，把保护解释为替代决定，把贡献多少解释为决策权大小。现实安全、明确同意、可撤回性、持续行为、反例与双方意愿优先。,高,待验证,,boundary_observation=BO06; provisional=true; rule_group=BOUND-BO维度,0.5
M5-BOUND-152,BO06 隐私与数字边界｜可靠证据,L2 边界观察维度,BOUND-BO维度,通用,证据,BO06,隐私与数字边界,访问基于具体同意，可随时重订；没有强迫查机、定位或公开。,同源重复、规则文本、单次高光或只有一方自述。,由共享基础引擎、M3-BOUND与M5-BASE提供；只修正用户需要怎样的自主、共享、授权与空间结构，不直接判断具体关系现实中公平或安全。,M2只说明谁容易进入关系及资格证据；不能替代具体对象的同意、边界、资源和权力行为验证。,M3-BASE与M3-BOUND提供用户自然靠近、共享和边界通道；M5-BOUND负责判断双方如何共同治理。,无／按本规则指定的提议—知情—同意—执行—复核—重订路径路由。,近位、远位只修正该边界需求进入亲密关系核心的可能；不得据此判断具体伴侣一定尊重或越界。,根气只修正用户边界需求是否稳定重复，不等于双方已形成成熟治理。,旺弱只修正某项自主、共享、规则或空间功能的调用强度，不直接等于控制、回避或适配质量。,喜忌只修正功能调用顺畅度与摩擦，不可直接翻译为理想伴侣五行、十神或必然互补。,真合化成立时按化神功能重算边界需求；合化争议时停止细化边界画像。,近位提高该边界议题进入关系核心的可能；远位只保留背景或阶段性观察。,88,+10 可靠证据,boundary_evidence_level,隐私与数字边界的可靠证据需要：访问基于具体同意，可随时重订；没有强迫查机、定位或公开。,这项边界要看：访问基于具体同意，可随时重订；没有强迫查机、定位或公开。,不得仅凭本规则推出某人必然控制、回避、依赖、忠诚或适合结婚；不得把亲密解释为无隐私，把保护解释为替代决定，把贡献多少解释为决策权大小。现实安全、明确同意、可撤回性、持续行为、反例与双方意愿优先。,中高,待验证,,boundary_observation=BO06; provisional=true; rule_group=BOUND-BO维度,0.5
M5-BOUND-153,BO06 隐私与数字边界｜高风险指示,L2 边界观察维度,BOUND-BO维度,通用,风险,BO06,隐私与数字边界,出现持续不对称、撤回受惩罚、权限集中或现实损害。,只是双方风格不同、阶段性安排或资料不足。,由共享基础引擎、M3-BOUND与M5-BASE提供；只修正用户需要怎样的自主、共享、授权与空间结构，不直接判断具体关系现实中公平或安全。,M2只说明谁容易进入关系及资格证据；不能替代具体对象的同意、边界、资源和权力行为验证。,M3-BASE与M3-BOUND提供用户自然靠近、共享和边界通道；M5-BOUND负责判断双方如何共同治理。,无／按本规则指定的提议—知情—同意—执行—复核—重订路径路由。,近位、远位只修正该边界需求进入亲密关系核心的可能；不得据此判断具体伴侣一定尊重或越界。,根气只修正用户边界需求是否稳定重复，不等于双方已形成成熟治理。,旺弱只修正某项自主、共享、规则或空间功能的调用强度，不直接等于控制、回避或适配质量。,喜忌只修正功能调用顺畅度与摩擦，不可直接翻译为理想伴侣五行、十神或必然互补。,真合化成立时按化神功能重算边界需求；合化争议时停止细化边界画像。,近位提高该边界议题进入关系核心的可能；远位只保留背景或阶段性观察。,94,风险 +14／停止候选,boundary_risk_warning,隐私与数字边界的高风险信号包括：把分享密码当忠诚证明，拒绝即被怀疑或惩罚。,需要警惕：把分享密码当忠诚证明，拒绝即被怀疑或惩罚。,不得仅凭本规则推出某人必然控制、回避、依赖、忠诚或适合结婚；不得把亲密解释为无隐私，把保护解释为替代决定，把贡献多少解释为决策权大小。现实安全、明确同意、可撤回性、持续行为、反例与双方意愿优先。,高,待验证,,boundary_observation=BO06; provisional=true; rule_group=BOUND-BO维度,0.5
M5-BOUND-154,BO06 隐私与数字边界｜重订与修复标准,L2 边界观察维度,BOUND-BO维度,通用,修复,BO06,隐私与数字边界,边界出现变化、争议或越界后需要重新协商。,只有道歉、口头承诺或短期收敛。,由共享基础引擎、M3-BOUND与M5-BASE提供；只修正用户需要怎样的自主、共享、授权与空间结构，不直接判断具体关系现实中公平或安全。,M2只说明谁容易进入关系及资格证据；不能替代具体对象的同意、边界、资源和权力行为验证。,M3-BASE与M3-BOUND提供用户自然靠近、共享和边界通道；M5-BOUND负责判断双方如何共同治理。,无／按本规则指定的提议—知情—同意—执行—复核—重订路径路由。,近位、远位只修正该边界需求进入亲密关系核心的可能；不得据此判断具体伴侣一定尊重或越界。,根气只修正用户边界需求是否稳定重复，不等于双方已形成成熟治理。,旺弱只修正某项自主、共享、规则或空间功能的调用强度，不直接等于控制、回避或适配质量。,喜忌只修正功能调用顺畅度与摩擦，不可直接翻译为理想伴侣五行、十神或必然互补。,真合化成立时按化神功能重算边界需求；合化争议时停止细化边界画像。,近位提高该边界议题进入关系核心的可能；远位只保留背景或阶段性观察。,88,+10 修复证据,renegotiation_repair,隐私与数字边界要恢复，必须让相关权利、信息或资源真正回到双方。,修复重点：亲密不等于失去数字和通讯隐私。,不得仅凭本规则推出某人必然控制、回避、依赖、忠诚或适合结婚；不得把亲密解释为无隐私，把保护解释为替代决定，把贡献多少解释为决策权大小。现实安全、明确同意、可撤回性、持续行为、反例与双方意愿优先。,中高,待验证,,boundary_observation=BO06; provisional=true; rule_group=BOUND-BO维度,0.5
M5-BOUND-155,BO06 隐私与数字边界｜工程评分与去重,L2 边界观察维度,BOUND-BO维度,通用,评分,BO06,隐私与数字边界,该维度与主BC、BM或DG任务一致，来源独立。,只是同一事件的重复解释。,由共享基础引擎、M3-BOUND与M5-BASE提供；只修正用户需要怎样的自主、共享、授权与空间结构，不直接判断具体关系现实中公平或安全。,M2只说明谁容易进入关系及资格证据；不能替代具体对象的同意、边界、资源和权力行为验证。,M3-BASE与M3-BOUND提供用户自然靠近、共享和边界通道；M5-BOUND负责判断双方如何共同治理。,无／按本规则指定的提议—知情—同意—执行—复核—重订路径路由。,近位、远位只修正该边界需求进入亲密关系核心的可能；不得据此判断具体伴侣一定尊重或越界。,根气只修正用户边界需求是否稳定重复，不等于双方已形成成熟治理。,旺弱只修正某项自主、共享、规则或空间功能的调用强度，不直接等于控制、回避或适配质量。,喜忌只修正功能调用顺畅度与摩擦，不可直接翻译为理想伴侣五行、十神或必然互补。,真合化成立时按化神功能重算边界需求；合化争议时停止细化边界画像。,近位提高该边界议题进入关系核心的可能；远位只保留背景或阶段性观察。,72,+4至+12；按BV层级,confidence,BO06只作为边界证据，不重复计算命盘基础权重。,亲密不等于失去数字和通讯隐私。,不得仅凭本规则推出某人必然控制、回避、依赖、忠诚或适合结婚；不得把亲密解释为无隐私，把保护解释为替代决定，把贡献多少解释为决策权大小。现实安全、明确同意、可撤回性、持续行为、反例与双方意愿优先。,中,待验证,,boundary_observation=BO06; provisional=true; rule_group=BOUND-BO维度,0.5
M5-BOUND-156,BO06 隐私与数字边界｜标准用户语言,L2 边界观察维度,BOUND-BO维度,通用,输出,BO06,隐私与数字边界,完成该维度裁决。,结论仍未定或安全门控未处理。,由共享基础引擎、M3-BOUND与M5-BASE提供；只修正用户需要怎样的自主、共享、授权与空间结构，不直接判断具体关系现实中公平或安全。,M2只说明谁容易进入关系及资格证据；不能替代具体对象的同意、边界、资源和权力行为验证。,M3-BASE与M3-BOUND提供用户自然靠近、共享和边界通道；M5-BOUND负责判断双方如何共同治理。,无／按本规则指定的提议—知情—同意—执行—复核—重订路径路由。,近位、远位只修正该边界需求进入亲密关系核心的可能；不得据此判断具体伴侣一定尊重或越界。,根气只修正用户边界需求是否稳定重复，不等于双方已形成成熟治理。,旺弱只修正某项自主、共享、规则或空间功能的调用强度，不直接等于控制、回避或适配质量。,喜忌只修正功能调用顺畅度与摩擦，不可直接翻译为理想伴侣五行、十神或必然互补。,真合化成立时按化神功能重算边界需求；合化争议时停止细化边界画像。,近位提高该边界议题进入关系核心的可能；远位只保留背景或阶段性观察。,70,不加分；输出,report_text,亲密不等于失去数字和通讯隐私。,边界重点：亲密不等于失去数字和通讯隐私。,不得仅凭本规则推出某人必然控制、回避、依赖、忠诚或适合结婚；不得把亲密解释为无隐私，把保护解释为替代决定，把贡献多少解释为决策权大小。现实安全、明确同意、可撤回性、持续行为、反例与双方意愿优先。,中高,待验证,,boundary_observation=BO06; provisional=true; rule_group=BOUND-BO维度,0.5
M5-BOUND-157,BO07 时间、空间与社交边界｜正式定义,L2 边界观察维度,BOUND-BO维度,通用,定义,BO07,时间、空间与社交边界,存在具体双人边界资料。,只有命盘需求、抽象评价或关系理想。,由共享基础引擎、M3-BOUND与M5-BASE提供；只修正用户需要怎样的自主、共享、授权与空间结构，不直接判断具体关系现实中公平或安全。,M2只说明谁容易进入关系及资格证据；不能替代具体对象的同意、边界、资源和权力行为验证。,M3-BASE与M3-BOUND提供用户自然靠近、共享和边界通道；M5-BOUND负责判断双方如何共同治理。,无／按本规则指定的提议—知情—同意—执行—复核—重订路径路由。,近位、远位只修正该边界需求进入亲密关系核心的可能；不得据此判断具体伴侣一定尊重或越界。,根气只修正用户边界需求是否稳定重复，不等于双方已形成成熟治理。,旺弱只修正某项自主、共享、规则或空间功能的调用强度，不直接等于控制、回避或适配质量。,喜忌只修正功能调用顺畅度与摩擦，不可直接翻译为理想伴侣五行、十神或必然互补。,真合化成立时按化神功能重算边界需求；合化争议时停止细化边界画像。,近位提高该边界议题进入关系核心的可能；远位只保留背景或阶段性观察。,94,不加分；定义,boundary_observation_dimensions,个人时间、独处、朋友、兴趣和共同时间怎样平衡。,靠近与独立都需要时间结构。,不得仅凭本规则推出某人必然控制、回避、依赖、忠诚或适合结婚；不得把亲密解释为无隐私，把保护解释为替代决定，把贡献多少解释为决策权大小。现实安全、明确同意、可撤回性、持续行为、反例与双方意愿优先。,高,待验证,,boundary_observation=BO07; provisional=true; rule_group=BOUND-BO维度,0.5
M5-BOUND-158,BO07 时间、空间与社交边界｜可靠证据,L2 边界观察维度,BOUND-BO维度,通用,证据,BO07,时间、空间与社交边界,个人时间被尊重，共同时间可协商，社交影响关系时及时告知。,同源重复、规则文本、单次高光或只有一方自述。,由共享基础引擎、M3-BOUND与M5-BASE提供；只修正用户需要怎样的自主、共享、授权与空间结构，不直接判断具体关系现实中公平或安全。,M2只说明谁容易进入关系及资格证据；不能替代具体对象的同意、边界、资源和权力行为验证。,M3-BASE与M3-BOUND提供用户自然靠近、共享和边界通道；M5-BOUND负责判断双方如何共同治理。,无／按本规则指定的提议—知情—同意—执行—复核—重订路径路由。,近位、远位只修正该边界需求进入亲密关系核心的可能；不得据此判断具体伴侣一定尊重或越界。,根气只修正用户边界需求是否稳定重复，不等于双方已形成成熟治理。,旺弱只修正某项自主、共享、规则或空间功能的调用强度，不直接等于控制、回避或适配质量。,喜忌只修正功能调用顺畅度与摩擦，不可直接翻译为理想伴侣五行、十神或必然互补。,真合化成立时按化神功能重算边界需求；合化争议时停止细化边界画像。,近位提高该边界议题进入关系核心的可能；远位只保留背景或阶段性观察。,88,+10 可靠证据,boundary_evidence_level,时间、空间与社交边界的可靠证据需要：个人时间被尊重，共同时间可协商，社交影响关系时及时告知。,这项边界要看：个人时间被尊重，共同时间可协商，社交影响关系时及时告知。,不得仅凭本规则推出某人必然控制、回避、依赖、忠诚或适合结婚；不得把亲密解释为无隐私，把保护解释为替代决定，把贡献多少解释为决策权大小。现实安全、明确同意、可撤回性、持续行为、反例与双方意愿优先。,中高,待验证,,boundary_observation=BO07; provisional=true; rule_group=BOUND-BO维度,0.5
M5-BOUND-159,BO07 时间、空间与社交边界｜高风险指示,L2 边界观察维度,BOUND-BO维度,通用,风险,BO07,时间、空间与社交边界,出现持续不对称、撤回受惩罚、权限集中或现实损害。,只是双方风格不同、阶段性安排或资料不足。,由共享基础引擎、M3-BOUND与M5-BASE提供；只修正用户需要怎样的自主、共享、授权与空间结构，不直接判断具体关系现实中公平或安全。,M2只说明谁容易进入关系及资格证据；不能替代具体对象的同意、边界、资源和权力行为验证。,M3-BASE与M3-BOUND提供用户自然靠近、共享和边界通道；M5-BOUND负责判断双方如何共同治理。,无／按本规则指定的提议—知情—同意—执行—复核—重订路径路由。,近位、远位只修正该边界需求进入亲密关系核心的可能；不得据此判断具体伴侣一定尊重或越界。,根气只修正用户边界需求是否稳定重复，不等于双方已形成成熟治理。,旺弱只修正某项自主、共享、规则或空间功能的调用强度，不直接等于控制、回避或适配质量。,喜忌只修正功能调用顺畅度与摩擦，不可直接翻译为理想伴侣五行、十神或必然互补。,真合化成立时按化神功能重算边界需求；合化争议时停止细化边界画像。,近位提高该边界议题进入关系核心的可能；远位只保留背景或阶段性观察。,94,风险 +14／停止候选,boundary_risk_warning,时间、空间与社交边界的高风险信号包括：要求随时在线、隔离朋友、无限占用时间或完全不告知。,需要警惕：要求随时在线、隔离朋友、无限占用时间或完全不告知。,不得仅凭本规则推出某人必然控制、回避、依赖、忠诚或适合结婚；不得把亲密解释为无隐私，把保护解释为替代决定，把贡献多少解释为决策权大小。现实安全、明确同意、可撤回性、持续行为、反例与双方意愿优先。,高,待验证,,boundary_observation=BO07; provisional=true; rule_group=BOUND-BO维度,0.5
M5-BOUND-160,BO07 时间、空间与社交边界｜重订与修复标准,L2 边界观察维度,BOUND-BO维度,通用,修复,BO07,时间、空间与社交边界,边界出现变化、争议或越界后需要重新协商。,只有道歉、口头承诺或短期收敛。,由共享基础引擎、M3-BOUND与M5-BASE提供；只修正用户需要怎样的自主、共享、授权与空间结构，不直接判断具体关系现实中公平或安全。,M2只说明谁容易进入关系及资格证据；不能替代具体对象的同意、边界、资源和权力行为验证。,M3-BASE与M3-BOUND提供用户自然靠近、共享和边界通道；M5-BOUND负责判断双方如何共同治理。,无／按本规则指定的提议—知情—同意—执行—复核—重订路径路由。,近位、远位只修正该边界需求进入亲密关系核心的可能；不得据此判断具体伴侣一定尊重或越界。,根气只修正用户边界需求是否稳定重复，不等于双方已形成成熟治理。,旺弱只修正某项自主、共享、规则或空间功能的调用强度，不直接等于控制、回避或适配质量。,喜忌只修正功能调用顺畅度与摩擦，不可直接翻译为理想伴侣五行、十神或必然互补。,真合化成立时按化神功能重算边界需求；合化争议时停止细化边界画像。,近位提高该边界议题进入关系核心的可能；远位只保留背景或阶段性观察。,88,+10 修复证据,renegotiation_repair,时间、空间与社交边界要恢复，必须让相关权利、信息或资源真正回到双方。,修复重点：靠近与独立都需要时间结构。,不得仅凭本规则推出某人必然控制、回避、依赖、忠诚或适合结婚；不得把亲密解释为无隐私，把保护解释为替代决定，把贡献多少解释为决策权大小。现实安全、明确同意、可撤回性、持续行为、反例与双方意愿优先。,中高,待验证,,boundary_observation=BO07; provisional=true; rule_group=BOUND-BO维度,0.5
M5-BOUND-161,BO07 时间、空间与社交边界｜工程评分与去重,L2 边界观察维度,BOUND-BO维度,通用,评分,BO07,时间、空间与社交边界,该维度与主BC、BM或DG任务一致，来源独立。,只是同一事件的重复解释。,由共享基础引擎、M3-BOUND与M5-BASE提供；只修正用户需要怎样的自主、共享、授权与空间结构，不直接判断具体关系现实中公平或安全。,M2只说明谁容易进入关系及资格证据；不能替代具体对象的同意、边界、资源和权力行为验证。,M3-BASE与M3-BOUND提供用户自然靠近、共享和边界通道；M5-BOUND负责判断双方如何共同治理。,无／按本规则指定的提议—知情—同意—执行—复核—重订路径路由。,近位、远位只修正该边界需求进入亲密关系核心的可能；不得据此判断具体伴侣一定尊重或越界。,根气只修正用户边界需求是否稳定重复，不等于双方已形成成熟治理。,旺弱只修正某项自主、共享、规则或空间功能的调用强度，不直接等于控制、回避或适配质量。,喜忌只修正功能调用顺畅度与摩擦，不可直接翻译为理想伴侣五行、十神或必然互补。,真合化成立时按化神功能重算边界需求；合化争议时停止细化边界画像。,近位提高该边界议题进入关系核心的可能；远位只保留背景或阶段性观察。,72,+4至+12；按BV层级,confidence,BO07只作为边界证据，不重复计算命盘基础权重。,靠近与独立都需要时间结构。,不得仅凭本规则推出某人必然控制、回避、依赖、忠诚或适合结婚；不得把亲密解释为无隐私，把保护解释为替代决定，把贡献多少解释为决策权大小。现实安全、明确同意、可撤回性、持续行为、反例与双方意愿优先。,中,待验证,,boundary_observation=BO07; provisional=true; rule_group=BOUND-BO维度,0.5
M5-BOUND-162,BO07 时间、空间与社交边界｜标准用户语言,L2 边界观察维度,BOUND-BO维度,通用,输出,BO07,时间、空间与社交边界,完成该维度裁决。,结论仍未定或安全门控未处理。,由共享基础引擎、M3-BOUND与M5-BASE提供；只修正用户需要怎样的自主、共享、授权与空间结构，不直接判断具体关系现实中公平或安全。,M2只说明谁容易进入关系及资格证据；不能替代具体对象的同意、边界、资源和权力行为验证。,M3-BASE与M3-BOUND提供用户自然靠近、共享和边界通道；M5-BOUND负责判断双方如何共同治理。,无／按本规则指定的提议—知情—同意—执行—复核—重订路径路由。,近位、远位只修正该边界需求进入亲密关系核心的可能；不得据此判断具体伴侣一定尊重或越界。,根气只修正用户边界需求是否稳定重复，不等于双方已形成成熟治理。,旺弱只修正某项自主、共享、规则或空间功能的调用强度，不直接等于控制、回避或适配质量。,喜忌只修正功能调用顺畅度与摩擦，不可直接翻译为理想伴侣五行、十神或必然互补。,真合化成立时按化神功能重算边界需求；合化争议时停止细化边界画像。,近位提高该边界议题进入关系核心的可能；远位只保留背景或阶段性观察。,70,不加分；输出,report_text,靠近与独立都需要时间结构。,边界重点：靠近与独立都需要时间结构。,不得仅凭本规则推出某人必然控制、回避、依赖、忠诚或适合结婚；不得把亲密解释为无隐私，把保护解释为替代决定，把贡献多少解释为决策权大小。现实安全、明确同意、可撤回性、持续行为、反例与双方意愿优先。,中高,待验证,,boundary_observation=BO07; provisional=true; rule_group=BOUND-BO维度,0.5
M5-BOUND-163,BO08 身体、亲密与健康边界｜正式定义,L2 边界观察维度,BOUND-BO维度,通用,定义,BO08,身体、亲密与健康边界,存在具体双人边界资料。,只有命盘需求、抽象评价或关系理想。,由共享基础引擎、M3-BOUND与M5-BASE提供；只修正用户需要怎样的自主、共享、授权与空间结构，不直接判断具体关系现实中公平或安全。,M2只说明谁容易进入关系及资格证据；不能替代具体对象的同意、边界、资源和权力行为验证。,M3-BASE与M3-BOUND提供用户自然靠近、共享和边界通道；M5-BOUND负责判断双方如何共同治理。,无／按本规则指定的提议—知情—同意—执行—复核—重订路径路由。,近位、远位只修正该边界需求进入亲密关系核心的可能；不得据此判断具体伴侣一定尊重或越界。,根气只修正用户边界需求是否稳定重复，不等于双方已形成成熟治理。,旺弱只修正某项自主、共享、规则或空间功能的调用强度，不直接等于控制、回避或适配质量。,喜忌只修正功能调用顺畅度与摩擦，不可直接翻译为理想伴侣五行、十神或必然互补。,真合化成立时按化神功能重算边界需求；合化争议时停止细化边界画像。,近位提高该边界议题进入关系核心的可能；远位只保留背景或阶段性观察。,94,不加分；定义,boundary_observation_dimensions,身体接触、性、健康、医疗和生育决定怎样获得同意。,身体和亲密边界没有默认授权。,不得仅凭本规则推出某人必然控制、回避、依赖、忠诚或适合结婚；不得把亲密解释为无隐私，把保护解释为替代决定，把贡献多少解释为决策权大小。现实安全、明确同意、可撤回性、持续行为、反例与双方意愿优先。,高,待验证,,boundary_observation=BO08; provisional=true; rule_group=BOUND-BO维度,0.5
M5-BOUND-164,BO08 身体、亲密与健康边界｜可靠证据,L2 边界观察维度,BOUND-BO维度,通用,证据,BO08,身体、亲密与健康边界,身体自主优先，任何亲密行为需要持续同意，医疗与生育由本人主导并共同讨论影响。,同源重复、规则文本、单次高光或只有一方自述。,由共享基础引擎、M3-BOUND与M5-BASE提供；只修正用户需要怎样的自主、共享、授权与空间结构，不直接判断具体关系现实中公平或安全。,M2只说明谁容易进入关系及资格证据；不能替代具体对象的同意、边界、资源和权力行为验证。,M3-BASE与M3-BOUND提供用户自然靠近、共享和边界通道；M5-BOUND负责判断双方如何共同治理。,无／按本规则指定的提议—知情—同意—执行—复核—重订路径路由。,近位、远位只修正该边界需求进入亲密关系核心的可能；不得据此判断具体伴侣一定尊重或越界。,根气只修正用户边界需求是否稳定重复，不等于双方已形成成熟治理。,旺弱只修正某项自主、共享、规则或空间功能的调用强度，不直接等于控制、回避或适配质量。,喜忌只修正功能调用顺畅度与摩擦，不可直接翻译为理想伴侣五行、十神或必然互补。,真合化成立时按化神功能重算边界需求；合化争议时停止细化边界画像。,近位提高该边界议题进入关系核心的可能；远位只保留背景或阶段性观察。,88,+10 可靠证据,boundary_evidence_level,身体、亲密与健康边界的可靠证据需要：身体自主优先，任何亲密行为需要持续同意，医疗与生育由本人主导并共同讨论影响。,这项边界要看：身体自主优先，任何亲密行为需要持续同意，医疗与生育由本人主导并共同讨论影响。,不得仅凭本规则推出某人必然控制、回避、依赖、忠诚或适合结婚；不得把亲密解释为无隐私，把保护解释为替代决定，把贡献多少解释为决策权大小。现实安全、明确同意、可撤回性、持续行为、反例与双方意愿优先。,中高,待验证,,boundary_observation=BO08; provisional=true; rule_group=BOUND-BO维度,0.5
M5-BOUND-165,BO08 身体、亲密与健康边界｜高风险指示,L2 边界观察维度,BOUND-BO维度,通用,风险,BO08,身体、亲密与健康边界,出现持续不对称、撤回受惩罚、权限集中或现实损害。,只是双方风格不同、阶段性安排或资料不足。,由共享基础引擎、M3-BOUND与M5-BASE提供；只修正用户需要怎样的自主、共享、授权与空间结构，不直接判断具体关系现实中公平或安全。,M2只说明谁容易进入关系及资格证据；不能替代具体对象的同意、边界、资源和权力行为验证。,M3-BASE与M3-BOUND提供用户自然靠近、共享和边界通道；M5-BOUND负责判断双方如何共同治理。,无／按本规则指定的提议—知情—同意—执行—复核—重订路径路由。,近位、远位只修正该边界需求进入亲密关系核心的可能；不得据此判断具体伴侣一定尊重或越界。,根气只修正用户边界需求是否稳定重复，不等于双方已形成成熟治理。,旺弱只修正某项自主、共享、规则或空间功能的调用强度，不直接等于控制、回避或适配质量。,喜忌只修正功能调用顺畅度与摩擦，不可直接翻译为理想伴侣五行、十神或必然互补。,真合化成立时按化神功能重算边界需求；合化争议时停止细化边界画像。,近位提高该边界议题进入关系核心的可能；远位只保留背景或阶段性观察。,94,风险 +14／停止候选,boundary_risk_warning,身体、亲密与健康边界的高风险信号包括：以伴侣义务、婚姻身份、怀疑或照顾名义越过身体意愿。,需要警惕：以伴侣义务、婚姻身份、怀疑或照顾名义越过身体意愿。,不得仅凭本规则推出某人必然控制、回避、依赖、忠诚或适合结婚；不得把亲密解释为无隐私，把保护解释为替代决定，把贡献多少解释为决策权大小。现实安全、明确同意、可撤回性、持续行为、反例与双方意愿优先。,高,待验证,,boundary_observation=BO08; provisional=true; rule_group=BOUND-BO维度,0.5
M5-BOUND-166,BO08 身体、亲密与健康边界｜重订与修复标准,L2 边界观察维度,BOUND-BO维度,通用,修复,BO08,身体、亲密与健康边界,边界出现变化、争议或越界后需要重新协商。,只有道歉、口头承诺或短期收敛。,由共享基础引擎、M3-BOUND与M5-BASE提供；只修正用户需要怎样的自主、共享、授权与空间结构，不直接判断具体关系现实中公平或安全。,M2只说明谁容易进入关系及资格证据；不能替代具体对象的同意、边界、资源和权力行为验证。,M3-BASE与M3-BOUND提供用户自然靠近、共享和边界通道；M5-BOUND负责判断双方如何共同治理。,无／按本规则指定的提议—知情—同意—执行—复核—重订路径路由。,近位、远位只修正该边界需求进入亲密关系核心的可能；不得据此判断具体伴侣一定尊重或越界。,根气只修正用户边界需求是否稳定重复，不等于双方已形成成熟治理。,旺弱只修正某项自主、共享、规则或空间功能的调用强度，不直接等于控制、回避或适配质量。,喜忌只修正功能调用顺畅度与摩擦，不可直接翻译为理想伴侣五行、十神或必然互补。,真合化成立时按化神功能重算边界需求；合化争议时停止细化边界画像。,近位提高该边界议题进入关系核心的可能；远位只保留背景或阶段性观察。,88,+10 修复证据,renegotiation_repair,身体、亲密与健康边界要恢复，必须让相关权利、信息或资源真正回到双方。,修复重点：身体和亲密边界没有默认授权。,不得仅凭本规则推出某人必然控制、回避、依赖、忠诚或适合结婚；不得把亲密解释为无隐私，把保护解释为替代决定，把贡献多少解释为决策权大小。现实安全、明确同意、可撤回性、持续行为、反例与双方意愿优先。,中高,待验证,,boundary_observation=BO08; provisional=true; rule_group=BOUND-BO维度,0.5
M5-BOUND-167,BO08 身体、亲密与健康边界｜工程评分与去重,L2 边界观察维度,BOUND-BO维度,通用,评分,BO08,身体、亲密与健康边界,该维度与主BC、BM或DG任务一致，来源独立。,只是同一事件的重复解释。,由共享基础引擎、M3-BOUND与M5-BASE提供；只修正用户需要怎样的自主、共享、授权与空间结构，不直接判断具体关系现实中公平或安全。,M2只说明谁容易进入关系及资格证据；不能替代具体对象的同意、边界、资源和权力行为验证。,M3-BASE与M3-BOUND提供用户自然靠近、共享和边界通道；M5-BOUND负责判断双方如何共同治理。,无／按本规则指定的提议—知情—同意—执行—复核—重订路径路由。,近位、远位只修正该边界需求进入亲密关系核心的可能；不得据此判断具体伴侣一定尊重或越界。,根气只修正用户边界需求是否稳定重复，不等于双方已形成成熟治理。,旺弱只修正某项自主、共享、规则或空间功能的调用强度，不直接等于控制、回避或适配质量。,喜忌只修正功能调用顺畅度与摩擦，不可直接翻译为理想伴侣五行、十神或必然互补。,真合化成立时按化神功能重算边界需求；合化争议时停止细化边界画像。,近位提高该边界议题进入关系核心的可能；远位只保留背景或阶段性观察。,72,+4至+12；按BV层级,confidence,BO08只作为边界证据，不重复计算命盘基础权重。,身体和亲密边界没有默认授权。,不得仅凭本规则推出某人必然控制、回避、依赖、忠诚或适合结婚；不得把亲密解释为无隐私，把保护解释为替代决定，把贡献多少解释为决策权大小。现实安全、明确同意、可撤回性、持续行为、反例与双方意愿优先。,中,待验证,,boundary_observation=BO08; provisional=true; rule_group=BOUND-BO维度,0.5
M5-BOUND-168,BO08 身体、亲密与健康边界｜标准用户语言,L2 边界观察维度,BOUND-BO维度,通用,输出,BO08,身体、亲密与健康边界,完成该维度裁决。,结论仍未定或安全门控未处理。,由共享基础引擎、M3-BOUND与M5-BASE提供；只修正用户需要怎样的自主、共享、授权与空间结构，不直接判断具体关系现实中公平或安全。,M2只说明谁容易进入关系及资格证据；不能替代具体对象的同意、边界、资源和权力行为验证。,M3-BASE与M3-BOUND提供用户自然靠近、共享和边界通道；M5-BOUND负责判断双方如何共同治理。,无／按本规则指定的提议—知情—同意—执行—复核—重订路径路由。,近位、远位只修正该边界需求进入亲密关系核心的可能；不得据此判断具体伴侣一定尊重或越界。,根气只修正用户边界需求是否稳定重复，不等于双方已形成成熟治理。,旺弱只修正某项自主、共享、规则或空间功能的调用强度，不直接等于控制、回避或适配质量。,喜忌只修正功能调用顺畅度与摩擦，不可直接翻译为理想伴侣五行、十神或必然互补。,真合化成立时按化神功能重算边界需求；合化争议时停止细化边界画像。,近位提高该边界议题进入关系核心的可能；远位只保留背景或阶段性观察。,70,不加分；输出,report_text,身体和亲密边界没有默认授权。,边界重点：身体和亲密边界没有默认授权。,不得仅凭本规则推出某人必然控制、回避、依赖、忠诚或适合结婚；不得把亲密解释为无隐私，把保护解释为替代决定，把贡献多少解释为决策权大小。现实安全、明确同意、可撤回性、持续行为、反例与双方意愿优先。,中高,待验证,,boundary_observation=BO08; provisional=true; rule_group=BOUND-BO维度,0.5
M5-BOUND-169,BO09 家庭、照护与第三方边界｜正式定义,L2 边界观察维度,BOUND-BO维度,通用,定义,BO09,家庭、照护与第三方边界,存在具体双人边界资料。,只有命盘需求、抽象评价或关系理想。,由共享基础引擎、M3-BOUND与M5-BASE提供；只修正用户需要怎样的自主、共享、授权与空间结构，不直接判断具体关系现实中公平或安全。,M2只说明谁容易进入关系及资格证据；不能替代具体对象的同意、边界、资源和权力行为验证。,M3-BASE与M3-BOUND提供用户自然靠近、共享和边界通道；M5-BOUND负责判断双方如何共同治理。,无／按本规则指定的提议—知情—同意—执行—复核—重订路径路由。,近位、远位只修正该边界需求进入亲密关系核心的可能；不得据此判断具体伴侣一定尊重或越界。,根气只修正用户边界需求是否稳定重复，不等于双方已形成成熟治理。,旺弱只修正某项自主、共享、规则或空间功能的调用强度，不直接等于控制、回避或适配质量。,喜忌只修正功能调用顺畅度与摩擦，不可直接翻译为理想伴侣五行、十神或必然互补。,真合化成立时按化神功能重算边界需求；合化争议时停止细化边界画像。,近位提高该边界议题进入关系核心的可能；远位只保留背景或阶段性观察。,94,不加分；定义,boundary_observation_dimensions,原生家庭、朋友、子女、照护和第三方怎样进入关系。,家庭责任需要协商，亲属意见不能替代双方决定。,不得仅凭本规则推出某人必然控制、回避、依赖、忠诚或适合结婚；不得把亲密解释为无隐私，把保护解释为替代决定，把贡献多少解释为决策权大小。现实安全、明确同意、可撤回性、持续行为、反例与双方意愿优先。,高,待验证,,boundary_observation=BO09; provisional=true; rule_group=BOUND-BO维度,0.5
M5-BOUND-170,BO09 家庭、照护与第三方边界｜可靠证据,L2 边界观察维度,BOUND-BO维度,通用,证据,BO09,家庭、照护与第三方边界,对外承诺、家庭介入和照护负荷由双方知情并协商。,同源重复、规则文本、单次高光或只有一方自述。,由共享基础引擎、M3-BOUND与M5-BASE提供；只修正用户需要怎样的自主、共享、授权与空间结构，不直接判断具体关系现实中公平或安全。,M2只说明谁容易进入关系及资格证据；不能替代具体对象的同意、边界、资源和权力行为验证。,M3-BASE与M3-BOUND提供用户自然靠近、共享和边界通道；M5-BOUND负责判断双方如何共同治理。,无／按本规则指定的提议—知情—同意—执行—复核—重订路径路由。,近位、远位只修正该边界需求进入亲密关系核心的可能；不得据此判断具体伴侣一定尊重或越界。,根气只修正用户边界需求是否稳定重复，不等于双方已形成成熟治理。,旺弱只修正某项自主、共享、规则或空间功能的调用强度，不直接等于控制、回避或适配质量。,喜忌只修正功能调用顺畅度与摩擦，不可直接翻译为理想伴侣五行、十神或必然互补。,真合化成立时按化神功能重算边界需求；合化争议时停止细化边界画像。,近位提高该边界议题进入关系核心的可能；远位只保留背景或阶段性观察。,88,+10 可靠证据,boundary_evidence_level,家庭、照护与第三方边界的可靠证据需要：对外承诺、家庭介入和照护负荷由双方知情并协商。,这项边界要看：对外承诺、家庭介入和照护负荷由双方知情并协商。,不得仅凭本规则推出某人必然控制、回避、依赖、忠诚或适合结婚；不得把亲密解释为无隐私，把保护解释为替代决定，把贡献多少解释为决策权大小。现实安全、明确同意、可撤回性、持续行为、反例与双方意愿优先。,中高,待验证,,boundary_observation=BO09; provisional=true; rule_group=BOUND-BO维度,0.5
M5-BOUND-171,BO09 家庭、照护与第三方边界｜高风险指示,L2 边界观察维度,BOUND-BO维度,通用,风险,BO09,家庭、照护与第三方边界,出现持续不对称、撤回受惩罚、权限集中或现实损害。,只是双方风格不同、阶段性安排或资料不足。,由共享基础引擎、M3-BOUND与M5-BASE提供；只修正用户需要怎样的自主、共享、授权与空间结构，不直接判断具体关系现实中公平或安全。,M2只说明谁容易进入关系及资格证据；不能替代具体对象的同意、边界、资源和权力行为验证。,M3-BASE与M3-BOUND提供用户自然靠近、共享和边界通道；M5-BOUND负责判断双方如何共同治理。,无／按本规则指定的提议—知情—同意—执行—复核—重订路径路由。,近位、远位只修正该边界需求进入亲密关系核心的可能；不得据此判断具体伴侣一定尊重或越界。,根气只修正用户边界需求是否稳定重复，不等于双方已形成成熟治理。,旺弱只修正某项自主、共享、规则或空间功能的调用强度，不直接等于控制、回避或适配质量。,喜忌只修正功能调用顺畅度与摩擦，不可直接翻译为理想伴侣五行、十神或必然互补。,真合化成立时按化神功能重算边界需求；合化争议时停止细化边界画像。,近位提高该边界议题进入关系核心的可能；远位只保留背景或阶段性观察。,94,风险 +14／停止候选,boundary_risk_warning,家庭、照护与第三方边界的高风险信号包括：第三方长期替代伴侣决定，或一方单独承诺共同资源。,需要警惕：第三方长期替代伴侣决定，或一方单独承诺共同资源。,不得仅凭本规则推出某人必然控制、回避、依赖、忠诚或适合结婚；不得把亲密解释为无隐私，把保护解释为替代决定，把贡献多少解释为决策权大小。现实安全、明确同意、可撤回性、持续行为、反例与双方意愿优先。,高,待验证,,boundary_observation=BO09; provisional=true; rule_group=BOUND-BO维度,0.5
M5-BOUND-172,BO09 家庭、照护与第三方边界｜重订与修复标准,L2 边界观察维度,BOUND-BO维度,通用,修复,BO09,家庭、照护与第三方边界,边界出现变化、争议或越界后需要重新协商。,只有道歉、口头承诺或短期收敛。,由共享基础引擎、M3-BOUND与M5-BASE提供；只修正用户需要怎样的自主、共享、授权与空间结构，不直接判断具体关系现实中公平或安全。,M2只说明谁容易进入关系及资格证据；不能替代具体对象的同意、边界、资源和权力行为验证。,M3-BASE与M3-BOUND提供用户自然靠近、共享和边界通道；M5-BOUND负责判断双方如何共同治理。,无／按本规则指定的提议—知情—同意—执行—复核—重订路径路由。,近位、远位只修正该边界需求进入亲密关系核心的可能；不得据此判断具体伴侣一定尊重或越界。,根气只修正用户边界需求是否稳定重复，不等于双方已形成成熟治理。,旺弱只修正某项自主、共享、规则或空间功能的调用强度，不直接等于控制、回避或适配质量。,喜忌只修正功能调用顺畅度与摩擦，不可直接翻译为理想伴侣五行、十神或必然互补。,真合化成立时按化神功能重算边界需求；合化争议时停止细化边界画像。,近位提高该边界议题进入关系核心的可能；远位只保留背景或阶段性观察。,88,+10 修复证据,renegotiation_repair,家庭、照护与第三方边界要恢复，必须让相关权利、信息或资源真正回到双方。,修复重点：家庭责任需要协商，亲属意见不能替代双方决定。,不得仅凭本规则推出某人必然控制、回避、依赖、忠诚或适合结婚；不得把亲密解释为无隐私，把保护解释为替代决定，把贡献多少解释为决策权大小。现实安全、明确同意、可撤回性、持续行为、反例与双方意愿优先。,中高,待验证,,boundary_observation=BO09; provisional=true; rule_group=BOUND-BO维度,0.5
M5-BOUND-173,BO09 家庭、照护与第三方边界｜工程评分与去重,L2 边界观察维度,BOUND-BO维度,通用,评分,BO09,家庭、照护与第三方边界,该维度与主BC、BM或DG任务一致，来源独立。,只是同一事件的重复解释。,由共享基础引擎、M3-BOUND与M5-BASE提供；只修正用户需要怎样的自主、共享、授权与空间结构，不直接判断具体关系现实中公平或安全。,M2只说明谁容易进入关系及资格证据；不能替代具体对象的同意、边界、资源和权力行为验证。,M3-BASE与M3-BOUND提供用户自然靠近、共享和边界通道；M5-BOUND负责判断双方如何共同治理。,无／按本规则指定的提议—知情—同意—执行—复核—重订路径路由。,近位、远位只修正该边界需求进入亲密关系核心的可能；不得据此判断具体伴侣一定尊重或越界。,根气只修正用户边界需求是否稳定重复，不等于双方已形成成熟治理。,旺弱只修正某项自主、共享、规则或空间功能的调用强度，不直接等于控制、回避或适配质量。,喜忌只修正功能调用顺畅度与摩擦，不可直接翻译为理想伴侣五行、十神或必然互补。,真合化成立时按化神功能重算边界需求；合化争议时停止细化边界画像。,近位提高该边界议题进入关系核心的可能；远位只保留背景或阶段性观察。,72,+4至+12；按BV层级,confidence,BO09只作为边界证据，不重复计算命盘基础权重。,家庭责任需要协商，亲属意见不能替代双方决定。,不得仅凭本规则推出某人必然控制、回避、依赖、忠诚或适合结婚；不得把亲密解释为无隐私，把保护解释为替代决定，把贡献多少解释为决策权大小。现实安全、明确同意、可撤回性、持续行为、反例与双方意愿优先。,中,待验证,,boundary_observation=BO09; provisional=true; rule_group=BOUND-BO维度,0.5
M5-BOUND-174,BO09 家庭、照护与第三方边界｜标准用户语言,L2 边界观察维度,BOUND-BO维度,通用,输出,BO09,家庭、照护与第三方边界,完成该维度裁决。,结论仍未定或安全门控未处理。,由共享基础引擎、M3-BOUND与M5-BASE提供；只修正用户需要怎样的自主、共享、授权与空间结构，不直接判断具体关系现实中公平或安全。,M2只说明谁容易进入关系及资格证据；不能替代具体对象的同意、边界、资源和权力行为验证。,M3-BASE与M3-BOUND提供用户自然靠近、共享和边界通道；M5-BOUND负责判断双方如何共同治理。,无／按本规则指定的提议—知情—同意—执行—复核—重订路径路由。,近位、远位只修正该边界需求进入亲密关系核心的可能；不得据此判断具体伴侣一定尊重或越界。,根气只修正用户边界需求是否稳定重复，不等于双方已形成成熟治理。,旺弱只修正某项自主、共享、规则或空间功能的调用强度，不直接等于控制、回避或适配质量。,喜忌只修正功能调用顺畅度与摩擦，不可直接翻译为理想伴侣五行、十神或必然互补。,真合化成立时按化神功能重算边界需求；合化争议时停止细化边界画像。,近位提高该边界议题进入关系核心的可能；远位只保留背景或阶段性观察。,70,不加分；输出,report_text,家庭责任需要协商，亲属意见不能替代双方决定。,边界重点：家庭责任需要协商，亲属意见不能替代双方决定。,不得仅凭本规则推出某人必然控制、回避、依赖、忠诚或适合结婚；不得把亲密解释为无隐私，把保护解释为替代决定，把贡献多少解释为决策权大小。现实安全、明确同意、可撤回性、持续行为、反例与双方意愿优先。,中高,待验证,,boundary_observation=BO09; provisional=true; rule_group=BOUND-BO维度,0.5
M5-BOUND-175,BO10 重订、修复与权力恢复｜正式定义,L2 边界观察维度,BOUND-BO维度,通用,定义,BO10,重订、修复与权力恢复,存在具体双人边界资料。,只有命盘需求、抽象评价或关系理想。,由共享基础引擎、M3-BOUND与M5-BASE提供；只修正用户需要怎样的自主、共享、授权与空间结构，不直接判断具体关系现实中公平或安全。,M2只说明谁容易进入关系及资格证据；不能替代具体对象的同意、边界、资源和权力行为验证。,M3-BASE与M3-BOUND提供用户自然靠近、共享和边界通道；M5-BOUND负责判断双方如何共同治理。,无／按本规则指定的提议—知情—同意—执行—复核—重订路径路由。,近位、远位只修正该边界需求进入亲密关系核心的可能；不得据此判断具体伴侣一定尊重或越界。,根气只修正用户边界需求是否稳定重复，不等于双方已形成成熟治理。,旺弱只修正某项自主、共享、规则或空间功能的调用强度，不直接等于控制、回避或适配质量。,喜忌只修正功能调用顺畅度与摩擦，不可直接翻译为理想伴侣五行、十神或必然互补。,真合化成立时按化神功能重算边界需求；合化争议时停止细化边界画像。,近位提高该边界议题进入关系核心的可能；远位只保留背景或阶段性观察。,94,不加分；定义,boundary_observation_dimensions,边界变化或越界后，是否能停止、承担、修复并恢复选择权。,边界成熟不在于从不出错，而在于能真正修复和重订。,不得仅凭本规则推出某人必然控制、回避、依赖、忠诚或适合结婚；不得把亲密解释为无隐私，把保护解释为替代决定，把贡献多少解释为决策权大小。现实安全、明确同意、可撤回性、持续行为、反例与双方意愿优先。,高,待验证,,boundary_observation=BO10; provisional=true; rule_group=BOUND-BO维度,0.5
M5-BOUND-176,BO10 重订、修复与权力恢复｜可靠证据,L2 边界观察维度,BOUND-BO维度,通用,证据,BO10,重订、修复与权力恢复,承认影响、停止行为、归还权限、形成新规则并持续复核。,同源重复、规则文本、单次高光或只有一方自述。,由共享基础引擎、M3-BOUND与M5-BASE提供；只修正用户需要怎样的自主、共享、授权与空间结构，不直接判断具体关系现实中公平或安全。,M2只说明谁容易进入关系及资格证据；不能替代具体对象的同意、边界、资源和权力行为验证。,M3-BASE与M3-BOUND提供用户自然靠近、共享和边界通道；M5-BOUND负责判断双方如何共同治理。,无／按本规则指定的提议—知情—同意—执行—复核—重订路径路由。,近位、远位只修正该边界需求进入亲密关系核心的可能；不得据此判断具体伴侣一定尊重或越界。,根气只修正用户边界需求是否稳定重复，不等于双方已形成成熟治理。,旺弱只修正某项自主、共享、规则或空间功能的调用强度，不直接等于控制、回避或适配质量。,喜忌只修正功能调用顺畅度与摩擦，不可直接翻译为理想伴侣五行、十神或必然互补。,真合化成立时按化神功能重算边界需求；合化争议时停止细化边界画像。,近位提高该边界议题进入关系核心的可能；远位只保留背景或阶段性观察。,88,+10 可靠证据,boundary_evidence_level,重订、修复与权力恢复的可靠证据需要：承认影响、停止行为、归还权限、形成新规则并持续复核。,这项边界要看：承认影响、停止行为、归还权限、形成新规则并持续复核。,不得仅凭本规则推出某人必然控制、回避、依赖、忠诚或适合结婚；不得把亲密解释为无隐私，把保护解释为替代决定，把贡献多少解释为决策权大小。现实安全、明确同意、可撤回性、持续行为、反例与双方意愿优先。,中高,待验证,,boundary_observation=BO10; provisional=true; rule_group=BOUND-BO维度,0.5
M5-BOUND-177,BO10 重订、修复与权力恢复｜高风险指示,L2 边界观察维度,BOUND-BO维度,通用,风险,BO10,重订、修复与权力恢复,出现持续不对称、撤回受惩罚、权限集中或现实损害。,只是双方风格不同、阶段性安排或资料不足。,由共享基础引擎、M3-BOUND与M5-BASE提供；只修正用户需要怎样的自主、共享、授权与空间结构，不直接判断具体关系现实中公平或安全。,M2只说明谁容易进入关系及资格证据；不能替代具体对象的同意、边界、资源和权力行为验证。,M3-BASE与M3-BOUND提供用户自然靠近、共享和边界通道；M5-BOUND负责判断双方如何共同治理。,无／按本规则指定的提议—知情—同意—执行—复核—重订路径路由。,近位、远位只修正该边界需求进入亲密关系核心的可能；不得据此判断具体伴侣一定尊重或越界。,根气只修正用户边界需求是否稳定重复，不等于双方已形成成熟治理。,旺弱只修正某项自主、共享、规则或空间功能的调用强度，不直接等于控制、回避或适配质量。,喜忌只修正功能调用顺畅度与摩擦，不可直接翻译为理想伴侣五行、十神或必然互补。,真合化成立时按化神功能重算边界需求；合化争议时停止细化边界画像。,近位提高该边界议题进入关系核心的可能；远位只保留背景或阶段性观察。,94,风险 +14／停止候选,boundary_risk_warning,重订、修复与权力恢复的高风险信号包括：只道歉不归还权力，或短期收敛后恢复旧模式。,需要警惕：只道歉不归还权力，或短期收敛后恢复旧模式。,不得仅凭本规则推出某人必然控制、回避、依赖、忠诚或适合结婚；不得把亲密解释为无隐私，把保护解释为替代决定，把贡献多少解释为决策权大小。现实安全、明确同意、可撤回性、持续行为、反例与双方意愿优先。,高,待验证,,boundary_observation=BO10; provisional=true; rule_group=BOUND-BO维度,0.5
M5-BOUND-178,BO10 重订、修复与权力恢复｜重订与修复标准,L2 边界观察维度,BOUND-BO维度,通用,修复,BO10,重订、修复与权力恢复,边界出现变化、争议或越界后需要重新协商。,只有道歉、口头承诺或短期收敛。,由共享基础引擎、M3-BOUND与M5-BASE提供；只修正用户需要怎样的自主、共享、授权与空间结构，不直接判断具体关系现实中公平或安全。,M2只说明谁容易进入关系及资格证据；不能替代具体对象的同意、边界、资源和权力行为验证。,M3-BASE与M3-BOUND提供用户自然靠近、共享和边界通道；M5-BOUND负责判断双方如何共同治理。,无／按本规则指定的提议—知情—同意—执行—复核—重订路径路由。,近位、远位只修正该边界需求进入亲密关系核心的可能；不得据此判断具体伴侣一定尊重或越界。,根气只修正用户边界需求是否稳定重复，不等于双方已形成成熟治理。,旺弱只修正某项自主、共享、规则或空间功能的调用强度，不直接等于控制、回避或适配质量。,喜忌只修正功能调用顺畅度与摩擦，不可直接翻译为理想伴侣五行、十神或必然互补。,真合化成立时按化神功能重算边界需求；合化争议时停止细化边界画像。,近位提高该边界议题进入关系核心的可能；远位只保留背景或阶段性观察。,88,+10 修复证据,renegotiation_repair,重订、修复与权力恢复要恢复，必须让相关权利、信息或资源真正回到双方。,修复重点：边界成熟不在于从不出错，而在于能真正修复和重订。,不得仅凭本规则推出某人必然控制、回避、依赖、忠诚或适合结婚；不得把亲密解释为无隐私，把保护解释为替代决定，把贡献多少解释为决策权大小。现实安全、明确同意、可撤回性、持续行为、反例与双方意愿优先。,中高,待验证,,boundary_observation=BO10; provisional=true; rule_group=BOUND-BO维度,0.5
M5-BOUND-179,BO10 重订、修复与权力恢复｜工程评分与去重,L2 边界观察维度,BOUND-BO维度,通用,评分,BO10,重订、修复与权力恢复,该维度与主BC、BM或DG任务一致，来源独立。,只是同一事件的重复解释。,由共享基础引擎、M3-BOUND与M5-BASE提供；只修正用户需要怎样的自主、共享、授权与空间结构，不直接判断具体关系现实中公平或安全。,M2只说明谁容易进入关系及资格证据；不能替代具体对象的同意、边界、资源和权力行为验证。,M3-BASE与M3-BOUND提供用户自然靠近、共享和边界通道；M5-BOUND负责判断双方如何共同治理。,无／按本规则指定的提议—知情—同意—执行—复核—重订路径路由。,近位、远位只修正该边界需求进入亲密关系核心的可能；不得据此判断具体伴侣一定尊重或越界。,根气只修正用户边界需求是否稳定重复，不等于双方已形成成熟治理。,旺弱只修正某项自主、共享、规则或空间功能的调用强度，不直接等于控制、回避或适配质量。,喜忌只修正功能调用顺畅度与摩擦，不可直接翻译为理想伴侣五行、十神或必然互补。,真合化成立时按化神功能重算边界需求；合化争议时停止细化边界画像。,近位提高该边界议题进入关系核心的可能；远位只保留背景或阶段性观察。,72,+4至+12；按BV层级,confidence,BO10只作为边界证据，不重复计算命盘基础权重。,边界成熟不在于从不出错，而在于能真正修复和重订。,不得仅凭本规则推出某人必然控制、回避、依赖、忠诚或适合结婚；不得把亲密解释为无隐私，把保护解释为替代决定，把贡献多少解释为决策权大小。现实安全、明确同意、可撤回性、持续行为、反例与双方意愿优先。,中,待验证,,boundary_observation=BO10; provisional=true; rule_group=BOUND-BO维度,0.5
M5-BOUND-180,BO10 重订、修复与权力恢复｜标准用户语言,L2 边界观察维度,BOUND-BO维度,通用,输出,BO10,重订、修复与权力恢复,完成该维度裁决。,结论仍未定或安全门控未处理。,由共享基础引擎、M3-BOUND与M5-BASE提供；只修正用户需要怎样的自主、共享、授权与空间结构，不直接判断具体关系现实中公平或安全。,M2只说明谁容易进入关系及资格证据；不能替代具体对象的同意、边界、资源和权力行为验证。,M3-BASE与M3-BOUND提供用户自然靠近、共享和边界通道；M5-BOUND负责判断双方如何共同治理。,无／按本规则指定的提议—知情—同意—执行—复核—重订路径路由。,近位、远位只修正该边界需求进入亲密关系核心的可能；不得据此判断具体伴侣一定尊重或越界。,根气只修正用户边界需求是否稳定重复，不等于双方已形成成熟治理。,旺弱只修正某项自主、共享、规则或空间功能的调用强度，不直接等于控制、回避或适配质量。,喜忌只修正功能调用顺畅度与摩擦，不可直接翻译为理想伴侣五行、十神或必然互补。,真合化成立时按化神功能重算边界需求；合化争议时停止细化边界画像。,近位提高该边界议题进入关系核心的可能；远位只保留背景或阶段性观察。,70,不加分；输出,report_text,边界成熟不在于从不出错，而在于能真正修复和重订。,边界重点：边界成熟不在于从不出错，而在于能真正修复和重订。,不得仅凭本规则推出某人必然控制、回避、依赖、忠诚或适合结婚；不得把亲密解释为无隐私，把保护解释为替代决定，把贡献多少解释为决策权大小。现实安全、明确同意、可撤回性、持续行为、反例与双方意愿优先。,中高,待验证,,boundary_observation=BO10; provisional=true; rule_group=BOUND-BO维度,0.5
M5-BOUND-181,BM01 双方自主—连接型｜正式定义,L3 边界治理模式,BOUND-BM模式,通用,定义,BM01,双方自主—连接型,M5-BASE、PARTNER、EXCHANGE或现实资料路由该结构。,PR0安全门控未通过。,由共享基础引擎、M3-BOUND与M5-BASE提供；只修正用户需要怎样的自主、共享、授权与空间结构，不直接判断具体关系现实中公平或安全。,M2只说明谁容易进入关系及资格证据；不能替代具体对象的同意、边界、资源和权力行为验证。,M3-BASE与M3-BOUND提供用户自然靠近、共享和边界通道；M5-BOUND负责判断双方如何共同治理。,无／按本规则指定的提议—知情—同意—执行—复核—重订路径路由。,近位、远位只修正该边界需求进入亲密关系核心的可能；不得据此判断具体伴侣一定尊重或越界。,根气只修正用户边界需求是否稳定重复，不等于双方已形成成熟治理。,旺弱只修正某项自主、共享、规则或空间功能的调用强度，不直接等于控制、回避或适配质量。,喜忌只修正功能调用顺畅度与摩擦，不可直接翻译为理想伴侣五行、十神或必然互补。,真合化成立时按化神功能重算边界需求；合化争议时停止细化边界画像。,近位提高该边界议题进入关系核心的可能；远位只保留背景或阶段性观察。,90,BM候选 +8,boundary_mode,双方各自拥有稳定个人领域，同时保持重要信息、共同时间和情感连接。,边界结构更接近双方自主—连接型。,不得仅凭本规则推出某人必然控制、回避、依赖、忠诚或适合结婚；不得把亲密解释为无隐私，把保护解释为替代决定，把贡献多少解释为决策权大小。现实安全、明确同意、可撤回性、持续行为、反例与双方意愿优先。,中高,待验证,,boundary_mode=BM01; provisional=true; rule_group=BOUND-BM模式,0.5
M5-BOUND-182,BM01 双方自主—连接型｜适用领域,L3 边界治理模式,BOUND-BM模式,通用,场景,BM01,双方自主—连接型,存在对应DG领域或现实阶段。,把一种结构覆盖全部生活领域。,由共享基础引擎、M3-BOUND与M5-BASE提供；只修正用户需要怎样的自主、共享、授权与空间结构，不直接判断具体关系现实中公平或安全。,M2只说明谁容易进入关系及资格证据；不能替代具体对象的同意、边界、资源和权力行为验证。,M3-BASE与M3-BOUND提供用户自然靠近、共享和边界通道；M5-BOUND负责判断双方如何共同治理。,无／按本规则指定的提议—知情—同意—执行—复核—重订路径路由。,近位、远位只修正该边界需求进入亲密关系核心的可能；不得据此判断具体伴侣一定尊重或越界。,根气只修正用户边界需求是否稳定重复，不等于双方已形成成熟治理。,旺弱只修正某项自主、共享、规则或空间功能的调用强度，不直接等于控制、回避或适配质量。,喜忌只修正功能调用顺畅度与摩擦，不可直接翻译为理想伴侣五行、十神或必然互补。,真合化成立时按化神功能重算边界需求；合化争议时停止细化边界画像。,近位提高该边界议题进入关系核心的可能；远位只保留背景或阶段性观察。,78,+6 场景路由,decision_domains,适合自主需求高、生活领域相对独立的关系。,这种结构更适合：适合自主需求高、生活领域相对独立的关系。,不得仅凭本规则推出某人必然控制、回避、依赖、忠诚或适合结婚；不得把亲密解释为无隐私，把保护解释为替代决定，把贡献多少解释为决策权大小。现实安全、明确同意、可撤回性、持续行为、反例与双方意愿优先。,中,待验证,,boundary_mode=BM01; provisional=true; rule_group=BOUND-BM模式,0.5
M5-BOUND-183,BM01 双方自主—连接型｜成立条件,L3 边界治理模式,BOUND-BM模式,通用,门控,BM01,双方自主—连接型,个人领域清楚，共同影响及时告知，连接和责任不被取消。,只有人格标签、口头理想或一方愿望。,由共享基础引擎、M3-BOUND与M5-BASE提供；只修正用户需要怎样的自主、共享、授权与空间结构，不直接判断具体关系现实中公平或安全。,M2只说明谁容易进入关系及资格证据；不能替代具体对象的同意、边界、资源和权力行为验证。,M3-BASE与M3-BOUND提供用户自然靠近、共享和边界通道；M5-BOUND负责判断双方如何共同治理。,无／按本规则指定的提议—知情—同意—执行—复核—重订路径路由。,近位、远位只修正该边界需求进入亲密关系核心的可能；不得据此判断具体伴侣一定尊重或越界。,根气只修正用户边界需求是否稳定重复，不等于双方已形成成熟治理。,旺弱只修正某项自主、共享、规则或空间功能的调用强度，不直接等于控制、回避或适配质量。,喜忌只修正功能调用顺畅度与摩擦，不可直接翻译为理想伴侣五行、十神或必然互补。,真合化成立时按化神功能重算边界需求；合化争议时停止细化边界画像。,近位提高该边界议题进入关系核心的可能；远位只保留背景或阶段性观察。,90,+10 模式成立,boundary_mode,双方自主—连接型必须满足：个人领域清楚，共同影响及时告知，连接和责任不被取消。,要形成双方自主—连接型，需要：个人领域清楚，共同影响及时告知，连接和责任不被取消。,不得仅凭本规则推出某人必然控制、回避、依赖、忠诚或适合结婚；不得把亲密解释为无隐私，把保护解释为替代决定，把贡献多少解释为决策权大小。现实安全、明确同意、可撤回性、持续行为、反例与双方意愿优先。,中高,待验证,,boundary_mode=BM01; provisional=true; rule_group=BOUND-BM模式,0.5
M5-BOUND-184,BM01 双方自主—连接型｜伪适配与停止,L3 边界治理模式,BOUND-BM模式,通用,风险,BM01,双方自主—连接型,出现结构失衡或权力固化信号。,BV5—BV7现实证据能够排除。,由共享基础引擎、M3-BOUND与M5-BASE提供；只修正用户需要怎样的自主、共享、授权与空间结构，不直接判断具体关系现实中公平或安全。,M2只说明谁容易进入关系及资格证据；不能替代具体对象的同意、边界、资源和权力行为验证。,M3-BASE与M3-BOUND提供用户自然靠近、共享和边界通道；M5-BOUND负责判断双方如何共同治理。,无／按本规则指定的提议—知情—同意—执行—复核—重订路径路由。,近位、远位只修正该边界需求进入亲密关系核心的可能；不得据此判断具体伴侣一定尊重或越界。,根气只修正用户边界需求是否稳定重复，不等于双方已形成成熟治理。,旺弱只修正某项自主、共享、规则或空间功能的调用强度，不直接等于控制、回避或适配质量。,喜忌只修正功能调用顺畅度与摩擦，不可直接翻译为理想伴侣五行、十神或必然互补。,真合化成立时按化神功能重算边界需求；合化争议时停止细化边界画像。,近位提高该边界议题进入关系核心的可能；远位只保留背景或阶段性观察。,94,风险 +12,pseudo_boundary_warning,独立被用来回避承诺、信息和共同责任。,需要避免：独立被用来回避承诺、信息和共同责任。,不得仅凭本规则推出某人必然控制、回避、依赖、忠诚或适合结婚；不得把亲密解释为无隐私，把保护解释为替代决定，把贡献多少解释为决策权大小。现实安全、明确同意、可撤回性、持续行为、反例与双方意愿优先。,高,待验证,,boundary_mode=BM01; provisional=true; rule_group=BOUND-BM模式,0.5
M5-BOUND-185,BM01 双方自主—连接型｜现实验证与输出,L3 边界治理模式,BOUND-BM模式,通用,证据,BM01,双方自主—连接型,BV3以上。,只有命盘、规则文本或单次事件。,由共享基础引擎、M3-BOUND与M5-BASE提供；只修正用户需要怎样的自主、共享、授权与空间结构，不直接判断具体关系现实中公平或安全。,M2只说明谁容易进入关系及资格证据；不能替代具体对象的同意、边界、资源和权力行为验证。,M3-BASE与M3-BOUND提供用户自然靠近、共享和边界通道；M5-BOUND负责判断双方如何共同治理。,无／按本规则指定的提议—知情—同意—执行—复核—重订路径路由。,近位、远位只修正该边界需求进入亲密关系核心的可能；不得据此判断具体伴侣一定尊重或越界。,根气只修正用户边界需求是否稳定重复，不等于双方已形成成熟治理。,旺弱只修正某项自主、共享、规则或空间功能的调用强度，不直接等于控制、回避或适配质量。,喜忌只修正功能调用顺畅度与摩擦，不可直接翻译为理想伴侣五行、十神或必然互补。,真合化成立时按化神功能重算边界需求；合化争议时停止细化边界画像。,近位提高该边界议题进入关系核心的可能；远位只保留背景或阶段性观察。,78,不加分；现实核验,observation_plan,BM结构必须由双方知情、同意、执行、反馈和重订共同验证。,要看这套结构在现实变化后还能否继续运行。,不得仅凭本规则推出某人必然控制、回避、依赖、忠诚或适合结婚；不得把亲密解释为无隐私，把保护解释为替代决定，把贡献多少解释为决策权大小。现实安全、明确同意、可撤回性、持续行为、反例与双方意愿优先。,中,待验证,,boundary_mode=BM01; provisional=true; rule_group=BOUND-BM模式,0.5
M5-BOUND-186,BM02 个人决定—影响告知型｜正式定义,L3 边界治理模式,BOUND-BM模式,通用,定义,BM02,个人决定—影响告知型,M5-BASE、PARTNER、EXCHANGE或现实资料路由该结构。,PR0安全门控未通过。,由共享基础引擎、M3-BOUND与M5-BASE提供；只修正用户需要怎样的自主、共享、授权与空间结构，不直接判断具体关系现实中公平或安全。,M2只说明谁容易进入关系及资格证据；不能替代具体对象的同意、边界、资源和权力行为验证。,M3-BASE与M3-BOUND提供用户自然靠近、共享和边界通道；M5-BOUND负责判断双方如何共同治理。,无／按本规则指定的提议—知情—同意—执行—复核—重订路径路由。,近位、远位只修正该边界需求进入亲密关系核心的可能；不得据此判断具体伴侣一定尊重或越界。,根气只修正用户边界需求是否稳定重复，不等于双方已形成成熟治理。,旺弱只修正某项自主、共享、规则或空间功能的调用强度，不直接等于控制、回避或适配质量。,喜忌只修正功能调用顺畅度与摩擦，不可直接翻译为理想伴侣五行、十神或必然互补。,真合化成立时按化神功能重算边界需求；合化争议时停止细化边界画像。,近位提高该边界议题进入关系核心的可能；远位只保留背景或阶段性观察。,90,BM候选 +8,boundary_mode,事项由个人最终决定，但会说明对共同生活的影响并协商配套调整。,边界结构更接近个人决定—影响告知型。,不得仅凭本规则推出某人必然控制、回避、依赖、忠诚或适合结婚；不得把亲密解释为无隐私，把保护解释为替代决定，把贡献多少解释为决策权大小。现实安全、明确同意、可撤回性、持续行为、反例与双方意愿优先。,中高,待验证,,boundary_mode=BM02; provisional=true; rule_group=BOUND-BM模式,0.5
M5-BOUND-187,BM02 个人决定—影响告知型｜适用领域,L3 边界治理模式,BOUND-BM模式,通用,场景,BM02,个人决定—影响告知型,存在对应DG领域或现实阶段。,把一种结构覆盖全部生活领域。,由共享基础引擎、M3-BOUND与M5-BASE提供；只修正用户需要怎样的自主、共享、授权与空间结构，不直接判断具体关系现实中公平或安全。,M2只说明谁容易进入关系及资格证据；不能替代具体对象的同意、边界、资源和权力行为验证。,M3-BASE与M3-BOUND提供用户自然靠近、共享和边界通道；M5-BOUND负责判断双方如何共同治理。,无／按本规则指定的提议—知情—同意—执行—复核—重订路径路由。,近位、远位只修正该边界需求进入亲密关系核心的可能；不得据此判断具体伴侣一定尊重或越界。,根气只修正用户边界需求是否稳定重复，不等于双方已形成成熟治理。,旺弱只修正某项自主、共享、规则或空间功能的调用强度，不直接等于控制、回避或适配质量。,喜忌只修正功能调用顺畅度与摩擦，不可直接翻译为理想伴侣五行、十神或必然互补。,真合化成立时按化神功能重算边界需求；合化争议时停止细化边界画像。,近位提高该边界议题进入关系核心的可能；远位只保留背景或阶段性观察。,78,+6 场景路由,decision_domains,适合职业、学习、健康、朋友和个人成长等个人主导领域。,这种结构更适合：适合职业、学习、健康、朋友和个人成长等个人主导领域。,不得仅凭本规则推出某人必然控制、回避、依赖、忠诚或适合结婚；不得把亲密解释为无隐私，把保护解释为替代决定，把贡献多少解释为决策权大小。现实安全、明确同意、可撤回性、持续行为、反例与双方意愿优先。,中,待验证,,boundary_mode=BM02; provisional=true; rule_group=BOUND-BM模式,0.5
M5-BOUND-188,BM02 个人决定—影响告知型｜成立条件,L3 边界治理模式,BOUND-BM模式,通用,门控,BM02,个人决定—影响告知型,最终决定权与影响协商分开，双方都可表达现实需求。,只有人格标签、口头理想或一方愿望。,由共享基础引擎、M3-BOUND与M5-BASE提供；只修正用户需要怎样的自主、共享、授权与空间结构，不直接判断具体关系现实中公平或安全。,M2只说明谁容易进入关系及资格证据；不能替代具体对象的同意、边界、资源和权力行为验证。,M3-BASE与M3-BOUND提供用户自然靠近、共享和边界通道；M5-BOUND负责判断双方如何共同治理。,无／按本规则指定的提议—知情—同意—执行—复核—重订路径路由。,近位、远位只修正该边界需求进入亲密关系核心的可能；不得据此判断具体伴侣一定尊重或越界。,根气只修正用户边界需求是否稳定重复，不等于双方已形成成熟治理。,旺弱只修正某项自主、共享、规则或空间功能的调用强度，不直接等于控制、回避或适配质量。,喜忌只修正功能调用顺畅度与摩擦，不可直接翻译为理想伴侣五行、十神或必然互补。,真合化成立时按化神功能重算边界需求；合化争议时停止细化边界画像。,近位提高该边界议题进入关系核心的可能；远位只保留背景或阶段性观察。,90,+10 模式成立,boundary_mode,个人决定—影响告知型必须满足：最终决定权与影响协商分开，双方都可表达现实需求。,要形成个人决定—影响告知型，需要：最终决定权与影响协商分开，双方都可表达现实需求。,不得仅凭本规则推出某人必然控制、回避、依赖、忠诚或适合结婚；不得把亲密解释为无隐私，把保护解释为替代决定，把贡献多少解释为决策权大小。现实安全、明确同意、可撤回性、持续行为、反例与双方意愿优先。,中高,待验证,,boundary_mode=BM02; provisional=true; rule_group=BOUND-BM模式,0.5
M5-BOUND-189,BM02 个人决定—影响告知型｜伪适配与停止,L3 边界治理模式,BOUND-BM模式,通用,风险,BM02,个人决定—影响告知型,出现结构失衡或权力固化信号。,BV5—BV7现实证据能够排除。,由共享基础引擎、M3-BOUND与M5-BASE提供；只修正用户需要怎样的自主、共享、授权与空间结构，不直接判断具体关系现实中公平或安全。,M2只说明谁容易进入关系及资格证据；不能替代具体对象的同意、边界、资源和权力行为验证。,M3-BASE与M3-BOUND提供用户自然靠近、共享和边界通道；M5-BOUND负责判断双方如何共同治理。,无／按本规则指定的提议—知情—同意—执行—复核—重订路径路由。,近位、远位只修正该边界需求进入亲密关系核心的可能；不得据此判断具体伴侣一定尊重或越界。,根气只修正用户边界需求是否稳定重复，不等于双方已形成成熟治理。,旺弱只修正某项自主、共享、规则或空间功能的调用强度，不直接等于控制、回避或适配质量。,喜忌只修正功能调用顺畅度与摩擦，不可直接翻译为理想伴侣五行、十神或必然互补。,真合化成立时按化神功能重算边界需求；合化争议时停止细化边界画像。,近位提高该边界议题进入关系核心的可能；远位只保留背景或阶段性观察。,94,风险 +12,pseudo_boundary_warning,告知变成事后通知，或协商被误解成他人拥有否决个人身体与人生权。,需要避免：告知变成事后通知，或协商被误解成他人拥有否决个人身体与人生权。,不得仅凭本规则推出某人必然控制、回避、依赖、忠诚或适合结婚；不得把亲密解释为无隐私，把保护解释为替代决定，把贡献多少解释为决策权大小。现实安全、明确同意、可撤回性、持续行为、反例与双方意愿优先。,高,待验证,,boundary_mode=BM02; provisional=true; rule_group=BOUND-BM模式,0.5
M5-BOUND-190,BM02 个人决定—影响告知型｜现实验证与输出,L3 边界治理模式,BOUND-BM模式,通用,证据,BM02,个人决定—影响告知型,BV3以上。,只有命盘、规则文本或单次事件。,由共享基础引擎、M3-BOUND与M5-BASE提供；只修正用户需要怎样的自主、共享、授权与空间结构，不直接判断具体关系现实中公平或安全。,M2只说明谁容易进入关系及资格证据；不能替代具体对象的同意、边界、资源和权力行为验证。,M3-BASE与M3-BOUND提供用户自然靠近、共享和边界通道；M5-BOUND负责判断双方如何共同治理。,无／按本规则指定的提议—知情—同意—执行—复核—重订路径路由。,近位、远位只修正该边界需求进入亲密关系核心的可能；不得据此判断具体伴侣一定尊重或越界。,根气只修正用户边界需求是否稳定重复，不等于双方已形成成熟治理。,旺弱只修正某项自主、共享、规则或空间功能的调用强度，不直接等于控制、回避或适配质量。,喜忌只修正功能调用顺畅度与摩擦，不可直接翻译为理想伴侣五行、十神或必然互补。,真合化成立时按化神功能重算边界需求；合化争议时停止细化边界画像。,近位提高该边界议题进入关系核心的可能；远位只保留背景或阶段性观察。,78,不加分；现实核验,observation_plan,BM结构必须由双方知情、同意、执行、反馈和重订共同验证。,要看这套结构在现实变化后还能否继续运行。,不得仅凭本规则推出某人必然控制、回避、依赖、忠诚或适合结婚；不得把亲密解释为无隐私，把保护解释为替代决定，把贡献多少解释为决策权大小。现实安全、明确同意、可撤回性、持续行为、反例与双方意愿优先。,中,待验证,,boundary_mode=BM02; provisional=true; rule_group=BOUND-BM模式,0.5
M5-BOUND-191,BM03 共同决策—分工执行型｜正式定义,L3 边界治理模式,BOUND-BM模式,通用,定义,BM03,共同决策—分工执行型,M5-BASE、PARTNER、EXCHANGE或现实资料路由该结构。,PR0安全门控未通过。,由共享基础引擎、M3-BOUND与M5-BASE提供；只修正用户需要怎样的自主、共享、授权与空间结构，不直接判断具体关系现实中公平或安全。,M2只说明谁容易进入关系及资格证据；不能替代具体对象的同意、边界、资源和权力行为验证。,M3-BASE与M3-BOUND提供用户自然靠近、共享和边界通道；M5-BOUND负责判断双方如何共同治理。,无／按本规则指定的提议—知情—同意—执行—复核—重订路径路由。,近位、远位只修正该边界需求进入亲密关系核心的可能；不得据此判断具体伴侣一定尊重或越界。,根气只修正用户边界需求是否稳定重复，不等于双方已形成成熟治理。,旺弱只修正某项自主、共享、规则或空间功能的调用强度，不直接等于控制、回避或适配质量。,喜忌只修正功能调用顺畅度与摩擦，不可直接翻译为理想伴侣五行、十神或必然互补。,真合化成立时按化神功能重算边界需求；合化争议时停止细化边界画像。,近位提高该边界议题进入关系核心的可能；远位只保留背景或阶段性观察。,90,BM候选 +8,boundary_mode,影响双方的事项共同决定，再根据能力分工执行和复核。,边界结构更接近共同决策—分工执行型。,不得仅凭本规则推出某人必然控制、回避、依赖、忠诚或适合结婚；不得把亲密解释为无隐私，把保护解释为替代决定，把贡献多少解释为决策权大小。现实安全、明确同意、可撤回性、持续行为、反例与双方意愿优先。,中高,待验证,,boundary_mode=BM03; provisional=true; rule_group=BOUND-BM模式,0.5
M5-BOUND-192,BM03 共同决策—分工执行型｜适用领域,L3 边界治理模式,BOUND-BM模式,通用,场景,BM03,共同决策—分工执行型,存在对应DG领域或现实阶段。,把一种结构覆盖全部生活领域。,由共享基础引擎、M3-BOUND与M5-BASE提供；只修正用户需要怎样的自主、共享、授权与空间结构，不直接判断具体关系现实中公平或安全。,M2只说明谁容易进入关系及资格证据；不能替代具体对象的同意、边界、资源和权力行为验证。,M3-BASE与M3-BOUND提供用户自然靠近、共享和边界通道；M5-BOUND负责判断双方如何共同治理。,无／按本规则指定的提议—知情—同意—执行—复核—重订路径路由。,近位、远位只修正该边界需求进入亲密关系核心的可能；不得据此判断具体伴侣一定尊重或越界。,根气只修正用户边界需求是否稳定重复，不等于双方已形成成熟治理。,旺弱只修正某项自主、共享、规则或空间功能的调用强度，不直接等于控制、回避或适配质量。,喜忌只修正功能调用顺畅度与摩擦，不可直接翻译为理想伴侣五行、十神或必然互补。,真合化成立时按化神功能重算边界需求；合化争议时停止细化边界画像。,近位提高该边界议题进入关系核心的可能；远位只保留背景或阶段性观察。,78,+6 场景路由,decision_domains,适合居住、共同预算、家务、婚育与长期承诺。,这种结构更适合：适合居住、共同预算、家务、婚育与长期承诺。,不得仅凭本规则推出某人必然控制、回避、依赖、忠诚或适合结婚；不得把亲密解释为无隐私，把保护解释为替代决定，把贡献多少解释为决策权大小。现实安全、明确同意、可撤回性、持续行为、反例与双方意愿优先。,中,待验证,,boundary_mode=BM03; provisional=true; rule_group=BOUND-BM模式,0.5
M5-BOUND-193,BM03 共同决策—分工执行型｜成立条件,L3 边界治理模式,BOUND-BM模式,通用,门控,BM03,共同决策—分工执行型,双重知情、双重同意、分工透明、结果可复核。,只有人格标签、口头理想或一方愿望。,由共享基础引擎、M3-BOUND与M5-BASE提供；只修正用户需要怎样的自主、共享、授权与空间结构，不直接判断具体关系现实中公平或安全。,M2只说明谁容易进入关系及资格证据；不能替代具体对象的同意、边界、资源和权力行为验证。,M3-BASE与M3-BOUND提供用户自然靠近、共享和边界通道；M5-BOUND负责判断双方如何共同治理。,无／按本规则指定的提议—知情—同意—执行—复核—重订路径路由。,近位、远位只修正该边界需求进入亲密关系核心的可能；不得据此判断具体伴侣一定尊重或越界。,根气只修正用户边界需求是否稳定重复，不等于双方已形成成熟治理。,旺弱只修正某项自主、共享、规则或空间功能的调用强度，不直接等于控制、回避或适配质量。,喜忌只修正功能调用顺畅度与摩擦，不可直接翻译为理想伴侣五行、十神或必然互补。,真合化成立时按化神功能重算边界需求；合化争议时停止细化边界画像。,近位提高该边界议题进入关系核心的可能；远位只保留背景或阶段性观察。,90,+10 模式成立,boundary_mode,共同决策—分工执行型必须满足：双重知情、双重同意、分工透明、结果可复核。,要形成共同决策—分工执行型，需要：双重知情、双重同意、分工透明、结果可复核。,不得仅凭本规则推出某人必然控制、回避、依赖、忠诚或适合结婚；不得把亲密解释为无隐私，把保护解释为替代决定，把贡献多少解释为决策权大小。现实安全、明确同意、可撤回性、持续行为、反例与双方意愿优先。,中高,待验证,,boundary_mode=BM03; provisional=true; rule_group=BOUND-BM模式,0.5
M5-BOUND-194,BM03 共同决策—分工执行型｜伪适配与停止,L3 边界治理模式,BOUND-BM模式,通用,风险,BM03,共同决策—分工执行型,出现结构失衡或权力固化信号。,BV5—BV7现实证据能够排除。,由共享基础引擎、M3-BOUND与M5-BASE提供；只修正用户需要怎样的自主、共享、授权与空间结构，不直接判断具体关系现实中公平或安全。,M2只说明谁容易进入关系及资格证据；不能替代具体对象的同意、边界、资源和权力行为验证。,M3-BASE与M3-BOUND提供用户自然靠近、共享和边界通道；M5-BOUND负责判断双方如何共同治理。,无／按本规则指定的提议—知情—同意—执行—复核—重订路径路由。,近位、远位只修正该边界需求进入亲密关系核心的可能；不得据此判断具体伴侣一定尊重或越界。,根气只修正用户边界需求是否稳定重复，不等于双方已形成成熟治理。,旺弱只修正某项自主、共享、规则或空间功能的调用强度，不直接等于控制、回避或适配质量。,喜忌只修正功能调用顺畅度与摩擦，不可直接翻译为理想伴侣五行、十神或必然互补。,真合化成立时按化神功能重算边界需求；合化争议时停止细化边界画像。,近位提高该边界议题进入关系核心的可能；远位只保留背景或阶段性观察。,94,风险 +12,pseudo_boundary_warning,一方负责执行就逐渐获得全部决定权。,需要避免：一方负责执行就逐渐获得全部决定权。,不得仅凭本规则推出某人必然控制、回避、依赖、忠诚或适合结婚；不得把亲密解释为无隐私，把保护解释为替代决定，把贡献多少解释为决策权大小。现实安全、明确同意、可撤回性、持续行为、反例与双方意愿优先。,高,待验证,,boundary_mode=BM03; provisional=true; rule_group=BOUND-BM模式,0.5
M5-BOUND-195,BM03 共同决策—分工执行型｜现实验证与输出,L3 边界治理模式,BOUND-BM模式,通用,证据,BM03,共同决策—分工执行型,BV3以上。,只有命盘、规则文本或单次事件。,由共享基础引擎、M3-BOUND与M5-BASE提供；只修正用户需要怎样的自主、共享、授权与空间结构，不直接判断具体关系现实中公平或安全。,M2只说明谁容易进入关系及资格证据；不能替代具体对象的同意、边界、资源和权力行为验证。,M3-BASE与M3-BOUND提供用户自然靠近、共享和边界通道；M5-BOUND负责判断双方如何共同治理。,无／按本规则指定的提议—知情—同意—执行—复核—重订路径路由。,近位、远位只修正该边界需求进入亲密关系核心的可能；不得据此判断具体伴侣一定尊重或越界。,根气只修正用户边界需求是否稳定重复，不等于双方已形成成熟治理。,旺弱只修正某项自主、共享、规则或空间功能的调用强度，不直接等于控制、回避或适配质量。,喜忌只修正功能调用顺畅度与摩擦，不可直接翻译为理想伴侣五行、十神或必然互补。,真合化成立时按化神功能重算边界需求；合化争议时停止细化边界画像。,近位提高该边界议题进入关系核心的可能；远位只保留背景或阶段性观察。,78,不加分；现实核验,observation_plan,BM结构必须由双方知情、同意、执行、反馈和重订共同验证。,要看这套结构在现实变化后还能否继续运行。,不得仅凭本规则推出某人必然控制、回避、依赖、忠诚或适合结婚；不得把亲密解释为无隐私，把保护解释为替代决定，把贡献多少解释为决策权大小。现实安全、明确同意、可撤回性、持续行为、反例与双方意愿优先。,中,待验证,,boundary_mode=BM03; provisional=true; rule_group=BOUND-BM模式,0.5
M5-BOUND-196,BM04 分层决策治理型｜正式定义,L3 边界治理模式,BOUND-BM模式,通用,定义,BM04,分层决策治理型,M5-BASE、PARTNER、EXCHANGE或现实资料路由该结构。,PR0安全门控未通过。,由共享基础引擎、M3-BOUND与M5-BASE提供；只修正用户需要怎样的自主、共享、授权与空间结构，不直接判断具体关系现实中公平或安全。,M2只说明谁容易进入关系及资格证据；不能替代具体对象的同意、边界、资源和权力行为验证。,M3-BASE与M3-BOUND提供用户自然靠近、共享和边界通道；M5-BOUND负责判断双方如何共同治理。,无／按本规则指定的提议—知情—同意—执行—复核—重订路径路由。,近位、远位只修正该边界需求进入亲密关系核心的可能；不得据此判断具体伴侣一定尊重或越界。,根气只修正用户边界需求是否稳定重复，不等于双方已形成成熟治理。,旺弱只修正某项自主、共享、规则或空间功能的调用强度，不直接等于控制、回避或适配质量。,喜忌只修正功能调用顺畅度与摩擦，不可直接翻译为理想伴侣五行、十神或必然互补。,真合化成立时按化神功能重算边界需求；合化争议时停止细化边界画像。,近位提高该边界议题进入关系核心的可能；远位只保留背景或阶段性观察。,90,BM候选 +8,boundary_mode,把事项分为个人决定、个人决定但需告知、共同决定和可授权四层。,边界结构更接近分层决策治理型。,不得仅凭本规则推出某人必然控制、回避、依赖、忠诚或适合结婚；不得把亲密解释为无隐私，把保护解释为替代决定，把贡献多少解释为决策权大小。现实安全、明确同意、可撤回性、持续行为、反例与双方意愿优先。,中高,待验证,,boundary_mode=BM04; provisional=true; rule_group=BOUND-BM模式,0.5
M5-BOUND-197,BM04 分层决策治理型｜适用领域,L3 边界治理模式,BOUND-BM模式,通用,场景,BM04,分层决策治理型,存在对应DG领域或现实阶段。,把一种结构覆盖全部生活领域。,由共享基础引擎、M3-BOUND与M5-BASE提供；只修正用户需要怎样的自主、共享、授权与空间结构，不直接判断具体关系现实中公平或安全。,M2只说明谁容易进入关系及资格证据；不能替代具体对象的同意、边界、资源和权力行为验证。,M3-BASE与M3-BOUND提供用户自然靠近、共享和边界通道；M5-BOUND负责判断双方如何共同治理。,无／按本规则指定的提议—知情—同意—执行—复核—重订路径路由。,近位、远位只修正该边界需求进入亲密关系核心的可能；不得据此判断具体伴侣一定尊重或越界。,根气只修正用户边界需求是否稳定重复，不等于双方已形成成熟治理。,旺弱只修正某项自主、共享、规则或空间功能的调用强度，不直接等于控制、回避或适配质量。,喜忌只修正功能调用顺畅度与摩擦，不可直接翻译为理想伴侣五行、十神或必然互补。,真合化成立时按化神功能重算边界需求；合化争议时停止细化边界画像。,近位提高该边界议题进入关系核心的可能；远位只保留背景或阶段性观察。,78,+6 场景路由,decision_domains,适合领域多、角色复杂或资源交叉的关系。,这种结构更适合：适合领域多、角色复杂或资源交叉的关系。,不得仅凭本规则推出某人必然控制、回避、依赖、忠诚或适合结婚；不得把亲密解释为无隐私，把保护解释为替代决定，把贡献多少解释为决策权大小。现实安全、明确同意、可撤回性、持续行为、反例与双方意愿优先。,中,待验证,,boundary_mode=BM04; provisional=true; rule_group=BOUND-BM模式,0.5
M5-BOUND-198,BM04 分层决策治理型｜成立条件,L3 边界治理模式,BOUND-BM模式,通用,门控,BM04,分层决策治理型,每个领域的决定级别清楚，并可随影响范围改变而升级或降级。,只有人格标签、口头理想或一方愿望。,由共享基础引擎、M3-BOUND与M5-BASE提供；只修正用户需要怎样的自主、共享、授权与空间结构，不直接判断具体关系现实中公平或安全。,M2只说明谁容易进入关系及资格证据；不能替代具体对象的同意、边界、资源和权力行为验证。,M3-BASE与M3-BOUND提供用户自然靠近、共享和边界通道；M5-BOUND负责判断双方如何共同治理。,无／按本规则指定的提议—知情—同意—执行—复核—重订路径路由。,近位、远位只修正该边界需求进入亲密关系核心的可能；不得据此判断具体伴侣一定尊重或越界。,根气只修正用户边界需求是否稳定重复，不等于双方已形成成熟治理。,旺弱只修正某项自主、共享、规则或空间功能的调用强度，不直接等于控制、回避或适配质量。,喜忌只修正功能调用顺畅度与摩擦，不可直接翻译为理想伴侣五行、十神或必然互补。,真合化成立时按化神功能重算边界需求；合化争议时停止细化边界画像。,近位提高该边界议题进入关系核心的可能；远位只保留背景或阶段性观察。,90,+10 模式成立,boundary_mode,分层决策治理型必须满足：每个领域的决定级别清楚，并可随影响范围改变而升级或降级。,要形成分层决策治理型，需要：每个领域的决定级别清楚，并可随影响范围改变而升级或降级。,不得仅凭本规则推出某人必然控制、回避、依赖、忠诚或适合结婚；不得把亲密解释为无隐私，把保护解释为替代决定，把贡献多少解释为决策权大小。现实安全、明确同意、可撤回性、持续行为、反例与双方意愿优先。,中高,待验证,,boundary_mode=BM04; provisional=true; rule_group=BOUND-BM模式,0.5
M5-BOUND-199,BM04 分层决策治理型｜伪适配与停止,L3 边界治理模式,BOUND-BM模式,通用,风险,BM04,分层决策治理型,出现结构失衡或权力固化信号。,BV5—BV7现实证据能够排除。,由共享基础引擎、M3-BOUND与M5-BASE提供；只修正用户需要怎样的自主、共享、授权与空间结构，不直接判断具体关系现实中公平或安全。,M2只说明谁容易进入关系及资格证据；不能替代具体对象的同意、边界、资源和权力行为验证。,M3-BASE与M3-BOUND提供用户自然靠近、共享和边界通道；M5-BOUND负责判断双方如何共同治理。,无／按本规则指定的提议—知情—同意—执行—复核—重订路径路由。,近位、远位只修正该边界需求进入亲密关系核心的可能；不得据此判断具体伴侣一定尊重或越界。,根气只修正用户边界需求是否稳定重复，不等于双方已形成成熟治理。,旺弱只修正某项自主、共享、规则或空间功能的调用强度，不直接等于控制、回避或适配质量。,喜忌只修正功能调用顺畅度与摩擦，不可直接翻译为理想伴侣五行、十神或必然互补。,真合化成立时按化神功能重算边界需求；合化争议时停止细化边界画像。,近位提高该边界议题进入关系核心的可能；远位只保留背景或阶段性观察。,94,风险 +12,pseudo_boundary_warning,所有事项都要求共同决定，或所有事项都以个人自由为由拒绝协商。,需要避免：所有事项都要求共同决定，或所有事项都以个人自由为由拒绝协商。,不得仅凭本规则推出某人必然控制、回避、依赖、忠诚或适合结婚；不得把亲密解释为无隐私，把保护解释为替代决定，把贡献多少解释为决策权大小。现实安全、明确同意、可撤回性、持续行为、反例与双方意愿优先。,高,待验证,,boundary_mode=BM04; provisional=true; rule_group=BOUND-BM模式,0.5
M5-BOUND-200,BM04 分层决策治理型｜现实验证与输出,L3 边界治理模式,BOUND-BM模式,通用,证据,BM04,分层决策治理型,BV3以上。,只有命盘、规则文本或单次事件。,由共享基础引擎、M3-BOUND与M5-BASE提供；只修正用户需要怎样的自主、共享、授权与空间结构，不直接判断具体关系现实中公平或安全。,M2只说明谁容易进入关系及资格证据；不能替代具体对象的同意、边界、资源和权力行为验证。,M3-BASE与M3-BOUND提供用户自然靠近、共享和边界通道；M5-BOUND负责判断双方如何共同治理。,无／按本规则指定的提议—知情—同意—执行—复核—重订路径路由。,近位、远位只修正该边界需求进入亲密关系核心的可能；不得据此判断具体伴侣一定尊重或越界。,根气只修正用户边界需求是否稳定重复，不等于双方已形成成熟治理。,旺弱只修正某项自主、共享、规则或空间功能的调用强度，不直接等于控制、回避或适配质量。,喜忌只修正功能调用顺畅度与摩擦，不可直接翻译为理想伴侣五行、十神或必然互补。,真合化成立时按化神功能重算边界需求；合化争议时停止细化边界画像。,近位提高该边界议题进入关系核心的可能；远位只保留背景或阶段性观察。,78,不加分；现实核验,observation_plan,BM结构必须由双方知情、同意、执行、反馈和重订共同验证。,要看这套结构在现实变化后还能否继续运行。,不得仅凭本规则推出某人必然控制、回避、依赖、忠诚或适合结婚；不得把亲密解释为无隐私，把保护解释为替代决定，把贡献多少解释为决策权大小。现实安全、明确同意、可撤回性、持续行为、反例与双方意愿优先。,中,待验证,,boundary_mode=BM04; provisional=true; rule_group=BOUND-BM模式,0.5
M5-BOUND-201,BM05 明确授权—限时归还型｜正式定义,L3 边界治理模式,BOUND-BM模式,通用,定义,BM05,明确授权—限时归还型,M5-BASE、PARTNER、EXCHANGE或现实资料路由该结构。,PR0安全门控未通过。,由共享基础引擎、M3-BOUND与M5-BASE提供；只修正用户需要怎样的自主、共享、授权与空间结构，不直接判断具体关系现实中公平或安全。,M2只说明谁容易进入关系及资格证据；不能替代具体对象的同意、边界、资源和权力行为验证。,M3-BASE与M3-BOUND提供用户自然靠近、共享和边界通道；M5-BOUND负责判断双方如何共同治理。,无／按本规则指定的提议—知情—同意—执行—复核—重订路径路由。,近位、远位只修正该边界需求进入亲密关系核心的可能；不得据此判断具体伴侣一定尊重或越界。,根气只修正用户边界需求是否稳定重复，不等于双方已形成成熟治理。,旺弱只修正某项自主、共享、规则或空间功能的调用强度，不直接等于控制、回避或适配质量。,喜忌只修正功能调用顺畅度与摩擦，不可直接翻译为理想伴侣五行、十神或必然互补。,真合化成立时按化神功能重算边界需求；合化争议时停止细化边界画像。,近位提高该边界议题进入关系核心的可能；远位只保留背景或阶段性观察。,90,BM候选 +8,boundary_mode,一方在具体任务中获得临时权限，范围、期限、信息和撤回条件清楚。,边界结构更接近明确授权—限时归还型。,不得仅凭本规则推出某人必然控制、回避、依赖、忠诚或适合结婚；不得把亲密解释为无隐私，把保护解释为替代决定，把贡献多少解释为决策权大小。现实安全、明确同意、可撤回性、持续行为、反例与双方意愿优先。,中高,待验证,,boundary_mode=BM05; provisional=true; rule_group=BOUND-BM模式,0.5
M5-BOUND-202,BM05 明确授权—限时归还型｜适用领域,L3 边界治理模式,BOUND-BM模式,通用,场景,BM05,明确授权—限时归还型,存在对应DG领域或现实阶段。,把一种结构覆盖全部生活领域。,由共享基础引擎、M3-BOUND与M5-BASE提供；只修正用户需要怎样的自主、共享、授权与空间结构，不直接判断具体关系现实中公平或安全。,M2只说明谁容易进入关系及资格证据；不能替代具体对象的同意、边界、资源和权力行为验证。,M3-BASE与M3-BOUND提供用户自然靠近、共享和边界通道；M5-BOUND负责判断双方如何共同治理。,无／按本规则指定的提议—知情—同意—执行—复核—重订路径路由。,近位、远位只修正该边界需求进入亲密关系核心的可能；不得据此判断具体伴侣一定尊重或越界。,根气只修正用户边界需求是否稳定重复，不等于双方已形成成熟治理。,旺弱只修正某项自主、共享、规则或空间功能的调用强度，不直接等于控制、回避或适配质量。,喜忌只修正功能调用顺畅度与摩擦，不可直接翻译为理想伴侣五行、十神或必然互补。,真合化成立时按化神功能重算边界需求；合化争议时停止细化边界画像。,近位提高该边界议题进入关系核心的可能；远位只保留背景或阶段性观察。,78,+6 场景路由,decision_domains,适合危机、专业事务、疾病照护和短期高负荷阶段。,这种结构更适合：适合危机、专业事务、疾病照护和短期高负荷阶段。,不得仅凭本规则推出某人必然控制、回避、依赖、忠诚或适合结婚；不得把亲密解释为无隐私，把保护解释为替代决定，把贡献多少解释为决策权大小。现实安全、明确同意、可撤回性、持续行为、反例与双方意愿优先。,中,待验证,,boundary_mode=BM05; provisional=true; rule_group=BOUND-BM模式,0.5
M5-BOUND-203,BM05 明确授权—限时归还型｜成立条件,L3 边界治理模式,BOUND-BM模式,通用,门控,BM05,明确授权—限时归还型,授权具体、可撤回、最小必要、事后报告并归还权限。,只有人格标签、口头理想或一方愿望。,由共享基础引擎、M3-BOUND与M5-BASE提供；只修正用户需要怎样的自主、共享、授权与空间结构，不直接判断具体关系现实中公平或安全。,M2只说明谁容易进入关系及资格证据；不能替代具体对象的同意、边界、资源和权力行为验证。,M3-BASE与M3-BOUND提供用户自然靠近、共享和边界通道；M5-BOUND负责判断双方如何共同治理。,无／按本规则指定的提议—知情—同意—执行—复核—重订路径路由。,近位、远位只修正该边界需求进入亲密关系核心的可能；不得据此判断具体伴侣一定尊重或越界。,根气只修正用户边界需求是否稳定重复，不等于双方已形成成熟治理。,旺弱只修正某项自主、共享、规则或空间功能的调用强度，不直接等于控制、回避或适配质量。,喜忌只修正功能调用顺畅度与摩擦，不可直接翻译为理想伴侣五行、十神或必然互补。,真合化成立时按化神功能重算边界需求；合化争议时停止细化边界画像。,近位提高该边界议题进入关系核心的可能；远位只保留背景或阶段性观察。,90,+10 模式成立,boundary_mode,明确授权—限时归还型必须满足：授权具体、可撤回、最小必要、事后报告并归还权限。,要形成明确授权—限时归还型，需要：授权具体、可撤回、最小必要、事后报告并归还权限。,不得仅凭本规则推出某人必然控制、回避、依赖、忠诚或适合结婚；不得把亲密解释为无隐私，把保护解释为替代决定，把贡献多少解释为决策权大小。现实安全、明确同意、可撤回性、持续行为、反例与双方意愿优先。,中高,待验证,,boundary_mode=BM05; provisional=true; rule_group=BOUND-BM模式,0.5
M5-BOUND-204,BM05 明确授权—限时归还型｜伪适配与停止,L3 边界治理模式,BOUND-BM模式,通用,风险,BM05,明确授权—限时归还型,出现结构失衡或权力固化信号。,BV5—BV7现实证据能够排除。,由共享基础引擎、M3-BOUND与M5-BASE提供；只修正用户需要怎样的自主、共享、授权与空间结构，不直接判断具体关系现实中公平或安全。,M2只说明谁容易进入关系及资格证据；不能替代具体对象的同意、边界、资源和权力行为验证。,M3-BASE与M3-BOUND提供用户自然靠近、共享和边界通道；M5-BOUND负责判断双方如何共同治理。,无／按本规则指定的提议—知情—同意—执行—复核—重订路径路由。,近位、远位只修正该边界需求进入亲密关系核心的可能；不得据此判断具体伴侣一定尊重或越界。,根气只修正用户边界需求是否稳定重复，不等于双方已形成成熟治理。,旺弱只修正某项自主、共享、规则或空间功能的调用强度，不直接等于控制、回避或适配质量。,喜忌只修正功能调用顺畅度与摩擦，不可直接翻译为理想伴侣五行、十神或必然互补。,真合化成立时按化神功能重算边界需求；合化争议时停止细化边界画像。,近位提高该边界议题进入关系核心的可能；远位只保留背景或阶段性观察。,94,风险 +12,pseudo_boundary_warning,临时授权变成长期支配，或以专业能力拒绝复核。,需要避免：临时授权变成长期支配，或以专业能力拒绝复核。,不得仅凭本规则推出某人必然控制、回避、依赖、忠诚或适合结婚；不得把亲密解释为无隐私，把保护解释为替代决定，把贡献多少解释为决策权大小。现实安全、明确同意、可撤回性、持续行为、反例与双方意愿优先。,高,待验证,,boundary_mode=BM05; provisional=true; rule_group=BOUND-BM模式,0.5
M5-BOUND-205,BM05 明确授权—限时归还型｜现实验证与输出,L3 边界治理模式,BOUND-BM模式,通用,证据,BM05,明确授权—限时归还型,BV3以上。,只有命盘、规则文本或单次事件。,由共享基础引擎、M3-BOUND与M5-BASE提供；只修正用户需要怎样的自主、共享、授权与空间结构，不直接判断具体关系现实中公平或安全。,M2只说明谁容易进入关系及资格证据；不能替代具体对象的同意、边界、资源和权力行为验证。,M3-BASE与M3-BOUND提供用户自然靠近、共享和边界通道；M5-BOUND负责判断双方如何共同治理。,无／按本规则指定的提议—知情—同意—执行—复核—重订路径路由。,近位、远位只修正该边界需求进入亲密关系核心的可能；不得据此判断具体伴侣一定尊重或越界。,根气只修正用户边界需求是否稳定重复，不等于双方已形成成熟治理。,旺弱只修正某项自主、共享、规则或空间功能的调用强度，不直接等于控制、回避或适配质量。,喜忌只修正功能调用顺畅度与摩擦，不可直接翻译为理想伴侣五行、十神或必然互补。,真合化成立时按化神功能重算边界需求；合化争议时停止细化边界画像。,近位提高该边界议题进入关系核心的可能；远位只保留背景或阶段性观察。,78,不加分；现实核验,observation_plan,BM结构必须由双方知情、同意、执行、反馈和重订共同验证。,要看这套结构在现实变化后还能否继续运行。,不得仅凭本规则推出某人必然控制、回避、依赖、忠诚或适合结婚；不得把亲密解释为无隐私，把保护解释为替代决定，把贡献多少解释为决策权大小。现实安全、明确同意、可撤回性、持续行为、反例与双方意愿优先。,中,待验证,,boundary_mode=BM05; provisional=true; rule_group=BOUND-BM模式,0.5
M5-BOUND-206,BM06 高共享—个人底线保留型｜正式定义,L3 边界治理模式,BOUND-BM模式,通用,定义,BM06,高共享—个人底线保留型,M5-BASE、PARTNER、EXCHANGE或现实资料路由该结构。,PR0安全门控未通过。,由共享基础引擎、M3-BOUND与M5-BASE提供；只修正用户需要怎样的自主、共享、授权与空间结构，不直接判断具体关系现实中公平或安全。,M2只说明谁容易进入关系及资格证据；不能替代具体对象的同意、边界、资源和权力行为验证。,M3-BASE与M3-BOUND提供用户自然靠近、共享和边界通道；M5-BOUND负责判断双方如何共同治理。,无／按本规则指定的提议—知情—同意—执行—复核—重订路径路由。,近位、远位只修正该边界需求进入亲密关系核心的可能；不得据此判断具体伴侣一定尊重或越界。,根气只修正用户边界需求是否稳定重复，不等于双方已形成成熟治理。,旺弱只修正某项自主、共享、规则或空间功能的调用强度，不直接等于控制、回避或适配质量。,喜忌只修正功能调用顺畅度与摩擦，不可直接翻译为理想伴侣五行、十神或必然互补。,真合化成立时按化神功能重算边界需求；合化争议时停止细化边界画像。,近位提高该边界议题进入关系核心的可能；远位只保留背景或阶段性观察。,90,BM候选 +8,boundary_mode,生活、时间或资源高度共享，但仍保留个人身体、隐私、基本资金和退出权。,边界结构更接近高共享—个人底线保留型。,不得仅凭本规则推出某人必然控制、回避、依赖、忠诚或适合结婚；不得把亲密解释为无隐私，把保护解释为替代决定，把贡献多少解释为决策权大小。现实安全、明确同意、可撤回性、持续行为、反例与双方意愿优先。,中高,待验证,,boundary_mode=BM06; provisional=true; rule_group=BOUND-BM模式,0.5
M5-BOUND-207,BM06 高共享—个人底线保留型｜适用领域,L3 边界治理模式,BOUND-BM模式,通用,场景,BM06,高共享—个人底线保留型,存在对应DG领域或现实阶段。,把一种结构覆盖全部生活领域。,由共享基础引擎、M3-BOUND与M5-BASE提供；只修正用户需要怎样的自主、共享、授权与空间结构，不直接判断具体关系现实中公平或安全。,M2只说明谁容易进入关系及资格证据；不能替代具体对象的同意、边界、资源和权力行为验证。,M3-BASE与M3-BOUND提供用户自然靠近、共享和边界通道；M5-BOUND负责判断双方如何共同治理。,无／按本规则指定的提议—知情—同意—执行—复核—重订路径路由。,近位、远位只修正该边界需求进入亲密关系核心的可能；不得据此判断具体伴侣一定尊重或越界。,根气只修正用户边界需求是否稳定重复，不等于双方已形成成熟治理。,旺弱只修正某项自主、共享、规则或空间功能的调用强度，不直接等于控制、回避或适配质量。,喜忌只修正功能调用顺畅度与摩擦，不可直接翻译为理想伴侣五行、十神或必然互补。,真合化成立时按化神功能重算边界需求；合化争议时停止细化边界画像。,近位提高该边界议题进入关系核心的可能；远位只保留背景或阶段性观察。,78,+6 场景路由,decision_domains,适合同居、婚姻、共同事业或高协同生活。,这种结构更适合：适合同居、婚姻、共同事业或高协同生活。,不得仅凭本规则推出某人必然控制、回避、依赖、忠诚或适合结婚；不得把亲密解释为无隐私，把保护解释为替代决定，把贡献多少解释为决策权大小。现实安全、明确同意、可撤回性、持续行为、反例与双方意愿优先。,中,待验证,,boundary_mode=BM06; provisional=true; rule_group=BOUND-BM模式,0.5
M5-BOUND-208,BM06 高共享—个人底线保留型｜成立条件,L3 边界治理模式,BOUND-BM模式,通用,门控,BM06,高共享—个人底线保留型,共享范围透明，个人底线不可被共同体吞没。,只有人格标签、口头理想或一方愿望。,由共享基础引擎、M3-BOUND与M5-BASE提供；只修正用户需要怎样的自主、共享、授权与空间结构，不直接判断具体关系现实中公平或安全。,M2只说明谁容易进入关系及资格证据；不能替代具体对象的同意、边界、资源和权力行为验证。,M3-BASE与M3-BOUND提供用户自然靠近、共享和边界通道；M5-BOUND负责判断双方如何共同治理。,无／按本规则指定的提议—知情—同意—执行—复核—重订路径路由。,近位、远位只修正该边界需求进入亲密关系核心的可能；不得据此判断具体伴侣一定尊重或越界。,根气只修正用户边界需求是否稳定重复，不等于双方已形成成熟治理。,旺弱只修正某项自主、共享、规则或空间功能的调用强度，不直接等于控制、回避或适配质量。,喜忌只修正功能调用顺畅度与摩擦，不可直接翻译为理想伴侣五行、十神或必然互补。,真合化成立时按化神功能重算边界需求；合化争议时停止细化边界画像。,近位提高该边界议题进入关系核心的可能；远位只保留背景或阶段性观察。,90,+10 模式成立,boundary_mode,高共享—个人底线保留型必须满足：共享范围透明，个人底线不可被共同体吞没。,要形成高共享—个人底线保留型，需要：共享范围透明，个人底线不可被共同体吞没。,不得仅凭本规则推出某人必然控制、回避、依赖、忠诚或适合结婚；不得把亲密解释为无隐私，把保护解释为替代决定，把贡献多少解释为决策权大小。现实安全、明确同意、可撤回性、持续行为、反例与双方意愿优先。,中高,待验证,,boundary_mode=BM06; provisional=true; rule_group=BOUND-BM模式,0.5
M5-BOUND-209,BM06 高共享—个人底线保留型｜伪适配与停止,L3 边界治理模式,BOUND-BM模式,通用,风险,BM06,高共享—个人底线保留型,出现结构失衡或权力固化信号。,BV5—BV7现实证据能够排除。,由共享基础引擎、M3-BOUND与M5-BASE提供；只修正用户需要怎样的自主、共享、授权与空间结构，不直接判断具体关系现实中公平或安全。,M2只说明谁容易进入关系及资格证据；不能替代具体对象的同意、边界、资源和权力行为验证。,M3-BASE与M3-BOUND提供用户自然靠近、共享和边界通道；M5-BOUND负责判断双方如何共同治理。,无／按本规则指定的提议—知情—同意—执行—复核—重订路径路由。,近位、远位只修正该边界需求进入亲密关系核心的可能；不得据此判断具体伴侣一定尊重或越界。,根气只修正用户边界需求是否稳定重复，不等于双方已形成成熟治理。,旺弱只修正某项自主、共享、规则或空间功能的调用强度，不直接等于控制、回避或适配质量。,喜忌只修正功能调用顺畅度与摩擦，不可直接翻译为理想伴侣五行、十神或必然互补。,真合化成立时按化神功能重算边界需求；合化争议时停止细化边界画像。,近位提高该边界议题进入关系核心的可能；远位只保留背景或阶段性观察。,94,风险 +12,pseudo_boundary_warning,把全部公开、账户合并和随时可查当成忠诚标准。,需要避免：把全部公开、账户合并和随时可查当成忠诚标准。,不得仅凭本规则推出某人必然控制、回避、依赖、忠诚或适合结婚；不得把亲密解释为无隐私，把保护解释为替代决定，把贡献多少解释为决策权大小。现实安全、明确同意、可撤回性、持续行为、反例与双方意愿优先。,高,待验证,,boundary_mode=BM06; provisional=true; rule_group=BOUND-BM模式,0.5
M5-BOUND-210,BM06 高共享—个人底线保留型｜现实验证与输出,L3 边界治理模式,BOUND-BM模式,通用,证据,BM06,高共享—个人底线保留型,BV3以上。,只有命盘、规则文本或单次事件。,由共享基础引擎、M3-BOUND与M5-BASE提供；只修正用户需要怎样的自主、共享、授权与空间结构，不直接判断具体关系现实中公平或安全。,M2只说明谁容易进入关系及资格证据；不能替代具体对象的同意、边界、资源和权力行为验证。,M3-BASE与M3-BOUND提供用户自然靠近、共享和边界通道；M5-BOUND负责判断双方如何共同治理。,无／按本规则指定的提议—知情—同意—执行—复核—重订路径路由。,近位、远位只修正该边界需求进入亲密关系核心的可能；不得据此判断具体伴侣一定尊重或越界。,根气只修正用户边界需求是否稳定重复，不等于双方已形成成熟治理。,旺弱只修正某项自主、共享、规则或空间功能的调用强度，不直接等于控制、回避或适配质量。,喜忌只修正功能调用顺畅度与摩擦，不可直接翻译为理想伴侣五行、十神或必然互补。,真合化成立时按化神功能重算边界需求；合化争议时停止细化边界画像。,近位提高该边界议题进入关系核心的可能；远位只保留背景或阶段性观察。,78,不加分；现实核验,observation_plan,BM结构必须由双方知情、同意、执行、反馈和重订共同验证。,要看这套结构在现实变化后还能否继续运行。,不得仅凭本规则推出某人必然控制、回避、依赖、忠诚或适合结婚；不得把亲密解释为无隐私，把保护解释为替代决定，把贡献多少解释为决策权大小。现实安全、明确同意、可撤回性、持续行为、反例与双方意愿优先。,中,待验证,,boundary_mode=BM06; provisional=true; rule_group=BOUND-BM模式,0.5
M5-BOUND-211,BM07 高独立—稳定连接型｜正式定义,L3 边界治理模式,BOUND-BM模式,通用,定义,BM07,高独立—稳定连接型,M5-BASE、PARTNER、EXCHANGE或现实资料路由该结构。,PR0安全门控未通过。,由共享基础引擎、M3-BOUND与M5-BASE提供；只修正用户需要怎样的自主、共享、授权与空间结构，不直接判断具体关系现实中公平或安全。,M2只说明谁容易进入关系及资格证据；不能替代具体对象的同意、边界、资源和权力行为验证。,M3-BASE与M3-BOUND提供用户自然靠近、共享和边界通道；M5-BOUND负责判断双方如何共同治理。,无／按本规则指定的提议—知情—同意—执行—复核—重订路径路由。,近位、远位只修正该边界需求进入亲密关系核心的可能；不得据此判断具体伴侣一定尊重或越界。,根气只修正用户边界需求是否稳定重复，不等于双方已形成成熟治理。,旺弱只修正某项自主、共享、规则或空间功能的调用强度，不直接等于控制、回避或适配质量。,喜忌只修正功能调用顺畅度与摩擦，不可直接翻译为理想伴侣五行、十神或必然互补。,真合化成立时按化神功能重算边界需求；合化争议时停止细化边界画像。,近位提高该边界议题进入关系核心的可能；远位只保留背景或阶段性观察。,90,BM候选 +8,boundary_mode,双方个人时间与空间较多，但关系意图、最低联系和共同责任稳定。,边界结构更接近高独立—稳定连接型。,不得仅凭本规则推出某人必然控制、回避、依赖、忠诚或适合结婚；不得把亲密解释为无隐私，把保护解释为替代决定，把贡献多少解释为决策权大小。现实安全、明确同意、可撤回性、持续行为、反例与双方意愿优先。,中高,待验证,,boundary_mode=BM07; provisional=true; rule_group=BOUND-BM模式,0.5
M5-BOUND-212,BM07 高独立—稳定连接型｜适用领域,L3 边界治理模式,BOUND-BM模式,通用,场景,BM07,高独立—稳定连接型,存在对应DG领域或现实阶段。,把一种结构覆盖全部生活领域。,由共享基础引擎、M3-BOUND与M5-BASE提供；只修正用户需要怎样的自主、共享、授权与空间结构，不直接判断具体关系现实中公平或安全。,M2只说明谁容易进入关系及资格证据；不能替代具体对象的同意、边界、资源和权力行为验证。,M3-BASE与M3-BOUND提供用户自然靠近、共享和边界通道；M5-BOUND负责判断双方如何共同治理。,无／按本规则指定的提议—知情—同意—执行—复核—重订路径路由。,近位、远位只修正该边界需求进入亲密关系核心的可能；不得据此判断具体伴侣一定尊重或越界。,根气只修正用户边界需求是否稳定重复，不等于双方已形成成熟治理。,旺弱只修正某项自主、共享、规则或空间功能的调用强度，不直接等于控制、回避或适配质量。,喜忌只修正功能调用顺畅度与摩擦，不可直接翻译为理想伴侣五行、十神或必然互补。,真合化成立时按化神功能重算边界需求；合化争议时停止细化边界画像。,近位提高该边界议题进入关系核心的可能；远位只保留背景或阶段性观察。,78,+6 场景路由,decision_domains,适合低频亲密、异地、忙碌或偏独立的伴侣。,这种结构更适合：适合低频亲密、异地、忙碌或偏独立的伴侣。,不得仅凭本规则推出某人必然控制、回避、依赖、忠诚或适合结婚；不得把亲密解释为无隐私，把保护解释为替代决定，把贡献多少解释为决策权大小。现实安全、明确同意、可撤回性、持续行为、反例与双方意愿优先。,中,待验证,,boundary_mode=BM07; provisional=true; rule_group=BOUND-BM模式,0.5
M5-BOUND-213,BM07 高独立—稳定连接型｜成立条件,L3 边界治理模式,BOUND-BM模式,通用,门控,BM07,高独立—稳定连接型,最低连接、重要信息、承诺与回归点清楚。,只有人格标签、口头理想或一方愿望。,由共享基础引擎、M3-BOUND与M5-BASE提供；只修正用户需要怎样的自主、共享、授权与空间结构，不直接判断具体关系现实中公平或安全。,M2只说明谁容易进入关系及资格证据；不能替代具体对象的同意、边界、资源和权力行为验证。,M3-BASE与M3-BOUND提供用户自然靠近、共享和边界通道；M5-BOUND负责判断双方如何共同治理。,无／按本规则指定的提议—知情—同意—执行—复核—重订路径路由。,近位、远位只修正该边界需求进入亲密关系核心的可能；不得据此判断具体伴侣一定尊重或越界。,根气只修正用户边界需求是否稳定重复，不等于双方已形成成熟治理。,旺弱只修正某项自主、共享、规则或空间功能的调用强度，不直接等于控制、回避或适配质量。,喜忌只修正功能调用顺畅度与摩擦，不可直接翻译为理想伴侣五行、十神或必然互补。,真合化成立时按化神功能重算边界需求；合化争议时停止细化边界画像。,近位提高该边界议题进入关系核心的可能；远位只保留背景或阶段性观察。,90,+10 模式成立,boundary_mode,高独立—稳定连接型必须满足：最低连接、重要信息、承诺与回归点清楚。,要形成高独立—稳定连接型，需要：最低连接、重要信息、承诺与回归点清楚。,不得仅凭本规则推出某人必然控制、回避、依赖、忠诚或适合结婚；不得把亲密解释为无隐私，把保护解释为替代决定，把贡献多少解释为决策权大小。现实安全、明确同意、可撤回性、持续行为、反例与双方意愿优先。,中高,待验证,,boundary_mode=BM07; provisional=true; rule_group=BOUND-BM模式,0.5
M5-BOUND-214,BM07 高独立—稳定连接型｜伪适配与停止,L3 边界治理模式,BOUND-BM模式,通用,风险,BM07,高独立—稳定连接型,出现结构失衡或权力固化信号。,BV5—BV7现实证据能够排除。,由共享基础引擎、M3-BOUND与M5-BASE提供；只修正用户需要怎样的自主、共享、授权与空间结构，不直接判断具体关系现实中公平或安全。,M2只说明谁容易进入关系及资格证据；不能替代具体对象的同意、边界、资源和权力行为验证。,M3-BASE与M3-BOUND提供用户自然靠近、共享和边界通道；M5-BOUND负责判断双方如何共同治理。,无／按本规则指定的提议—知情—同意—执行—复核—重订路径路由。,近位、远位只修正该边界需求进入亲密关系核心的可能；不得据此判断具体伴侣一定尊重或越界。,根气只修正用户边界需求是否稳定重复，不等于双方已形成成熟治理。,旺弱只修正某项自主、共享、规则或空间功能的调用强度，不直接等于控制、回避或适配质量。,喜忌只修正功能调用顺畅度与摩擦，不可直接翻译为理想伴侣五行、十神或必然互补。,真合化成立时按化神功能重算边界需求；合化争议时停止细化边界画像。,近位提高该边界议题进入关系核心的可能；远位只保留背景或阶段性观察。,94,风险 +12,pseudo_boundary_warning,低频被用来掩盖长期缺席、信息不透明和责任逃避。,需要避免：低频被用来掩盖长期缺席、信息不透明和责任逃避。,不得仅凭本规则推出某人必然控制、回避、依赖、忠诚或适合结婚；不得把亲密解释为无隐私，把保护解释为替代决定，把贡献多少解释为决策权大小。现实安全、明确同意、可撤回性、持续行为、反例与双方意愿优先。,高,待验证,,boundary_mode=BM07; provisional=true; rule_group=BOUND-BM模式,0.5
M5-BOUND-215,BM07 高独立—稳定连接型｜现实验证与输出,L3 边界治理模式,BOUND-BM模式,通用,证据,BM07,高独立—稳定连接型,BV3以上。,只有命盘、规则文本或单次事件。,由共享基础引擎、M3-BOUND与M5-BASE提供；只修正用户需要怎样的自主、共享、授权与空间结构，不直接判断具体关系现实中公平或安全。,M2只说明谁容易进入关系及资格证据；不能替代具体对象的同意、边界、资源和权力行为验证。,M3-BASE与M3-BOUND提供用户自然靠近、共享和边界通道；M5-BOUND负责判断双方如何共同治理。,无／按本规则指定的提议—知情—同意—执行—复核—重订路径路由。,近位、远位只修正该边界需求进入亲密关系核心的可能；不得据此判断具体伴侣一定尊重或越界。,根气只修正用户边界需求是否稳定重复，不等于双方已形成成熟治理。,旺弱只修正某项自主、共享、规则或空间功能的调用强度，不直接等于控制、回避或适配质量。,喜忌只修正功能调用顺畅度与摩擦，不可直接翻译为理想伴侣五行、十神或必然互补。,真合化成立时按化神功能重算边界需求；合化争议时停止细化边界画像。,近位提高该边界议题进入关系核心的可能；远位只保留背景或阶段性观察。,78,不加分；现实核验,observation_plan,BM结构必须由双方知情、同意、执行、反馈和重订共同验证。,要看这套结构在现实变化后还能否继续运行。,不得仅凭本规则推出某人必然控制、回避、依赖、忠诚或适合结婚；不得把亲密解释为无隐私，把保护解释为替代决定，把贡献多少解释为决策权大小。现实安全、明确同意、可撤回性、持续行为、反例与双方意愿优先。,中,待验证,,boundary_mode=BM07; provisional=true; rule_group=BOUND-BM模式,0.5
M5-BOUND-216,BM08 靠近—空间往返型｜正式定义,L3 边界治理模式,BOUND-BM模式,通用,定义,BM08,靠近—空间往返型,M5-BASE、PARTNER、EXCHANGE或现实资料路由该结构。,PR0安全门控未通过。,由共享基础引擎、M3-BOUND与M5-BASE提供；只修正用户需要怎样的自主、共享、授权与空间结构，不直接判断具体关系现实中公平或安全。,M2只说明谁容易进入关系及资格证据；不能替代具体对象的同意、边界、资源和权力行为验证。,M3-BASE与M3-BOUND提供用户自然靠近、共享和边界通道；M5-BOUND负责判断双方如何共同治理。,无／按本规则指定的提议—知情—同意—执行—复核—重订路径路由。,近位、远位只修正该边界需求进入亲密关系核心的可能；不得据此判断具体伴侣一定尊重或越界。,根气只修正用户边界需求是否稳定重复，不等于双方已形成成熟治理。,旺弱只修正某项自主、共享、规则或空间功能的调用强度，不直接等于控制、回避或适配质量。,喜忌只修正功能调用顺畅度与摩擦，不可直接翻译为理想伴侣五行、十神或必然互补。,真合化成立时按化神功能重算边界需求；合化争议时停止细化边界画像。,近位提高该边界议题进入关系核心的可能；远位只保留背景或阶段性观察。,90,BM候选 +8,boundary_mode,亲密靠近与个人空间交替，双方能识别需要并完成回归。,边界结构更接近靠近—空间往返型。,不得仅凭本规则推出某人必然控制、回避、依赖、忠诚或适合结婚；不得把亲密解释为无隐私，把保护解释为替代决定，把贡献多少解释为决策权大小。现实安全、明确同意、可撤回性、持续行为、反例与双方意愿优先。,中高,待验证,,boundary_mode=BM08; provisional=true; rule_group=BOUND-BM模式,0.5
M5-BOUND-217,BM08 靠近—空间往返型｜适用领域,L3 边界治理模式,BOUND-BM模式,通用,场景,BM08,靠近—空间往返型,存在对应DG领域或现实阶段。,把一种结构覆盖全部生活领域。,由共享基础引擎、M3-BOUND与M5-BASE提供；只修正用户需要怎样的自主、共享、授权与空间结构，不直接判断具体关系现实中公平或安全。,M2只说明谁容易进入关系及资格证据；不能替代具体对象的同意、边界、资源和权力行为验证。,M3-BASE与M3-BOUND提供用户自然靠近、共享和边界通道；M5-BOUND负责判断双方如何共同治理。,无／按本规则指定的提议—知情—同意—执行—复核—重订路径路由。,近位、远位只修正该边界需求进入亲密关系核心的可能；不得据此判断具体伴侣一定尊重或越界。,根气只修正用户边界需求是否稳定重复，不等于双方已形成成熟治理。,旺弱只修正某项自主、共享、规则或空间功能的调用强度，不直接等于控制、回避或适配质量。,喜忌只修正功能调用顺畅度与摩擦，不可直接翻译为理想伴侣五行、十神或必然互补。,真合化成立时按化神功能重算边界需求；合化争议时停止细化边界画像。,近位提高该边界议题进入关系核心的可能；远位只保留背景或阶段性观察。,78,+6 场景路由,decision_domains,适合一方或双方需要整理、降温与独处的关系。,这种结构更适合：适合一方或双方需要整理、降温与独处的关系。,不得仅凭本规则推出某人必然控制、回避、依赖、忠诚或适合结婚；不得把亲密解释为无隐私，把保护解释为替代决定，把贡献多少解释为决策权大小。现实安全、明确同意、可撤回性、持续行为、反例与双方意愿优先。,中,待验证,,boundary_mode=BM08; provisional=true; rule_group=BOUND-BM模式,0.5
M5-BOUND-218,BM08 靠近—空间往返型｜成立条件,L3 边界治理模式,BOUND-BM模式,通用,门控,BM08,靠近—空间往返型,靠近有同意，空间有范围，回归有时间和重新开放。,只有人格标签、口头理想或一方愿望。,由共享基础引擎、M3-BOUND与M5-BASE提供；只修正用户需要怎样的自主、共享、授权与空间结构，不直接判断具体关系现实中公平或安全。,M2只说明谁容易进入关系及资格证据；不能替代具体对象的同意、边界、资源和权力行为验证。,M3-BASE与M3-BOUND提供用户自然靠近、共享和边界通道；M5-BOUND负责判断双方如何共同治理。,无／按本规则指定的提议—知情—同意—执行—复核—重订路径路由。,近位、远位只修正该边界需求进入亲密关系核心的可能；不得据此判断具体伴侣一定尊重或越界。,根气只修正用户边界需求是否稳定重复，不等于双方已形成成熟治理。,旺弱只修正某项自主、共享、规则或空间功能的调用强度，不直接等于控制、回避或适配质量。,喜忌只修正功能调用顺畅度与摩擦，不可直接翻译为理想伴侣五行、十神或必然互补。,真合化成立时按化神功能重算边界需求；合化争议时停止细化边界画像。,近位提高该边界议题进入关系核心的可能；远位只保留背景或阶段性观察。,90,+10 模式成立,boundary_mode,靠近—空间往返型必须满足：靠近有同意，空间有范围，回归有时间和重新开放。,要形成靠近—空间往返型，需要：靠近有同意，空间有范围，回归有时间和重新开放。,不得仅凭本规则推出某人必然控制、回避、依赖、忠诚或适合结婚；不得把亲密解释为无隐私，把保护解释为替代决定，把贡献多少解释为决策权大小。现实安全、明确同意、可撤回性、持续行为、反例与双方意愿优先。,中高,待验证,,boundary_mode=BM08; provisional=true; rule_group=BOUND-BM模式,0.5
M5-BOUND-219,BM08 靠近—空间往返型｜伪适配与停止,L3 边界治理模式,BOUND-BM模式,通用,风险,BM08,靠近—空间往返型,出现结构失衡或权力固化信号。,BV5—BV7现实证据能够排除。,由共享基础引擎、M3-BOUND与M5-BASE提供；只修正用户需要怎样的自主、共享、授权与空间结构，不直接判断具体关系现实中公平或安全。,M2只说明谁容易进入关系及资格证据；不能替代具体对象的同意、边界、资源和权力行为验证。,M3-BASE与M3-BOUND提供用户自然靠近、共享和边界通道；M5-BOUND负责判断双方如何共同治理。,无／按本规则指定的提议—知情—同意—执行—复核—重订路径路由。,近位、远位只修正该边界需求进入亲密关系核心的可能；不得据此判断具体伴侣一定尊重或越界。,根气只修正用户边界需求是否稳定重复，不等于双方已形成成熟治理。,旺弱只修正某项自主、共享、规则或空间功能的调用强度，不直接等于控制、回避或适配质量。,喜忌只修正功能调用顺畅度与摩擦，不可直接翻译为理想伴侣五行、十神或必然互补。,真合化成立时按化神功能重算边界需求；合化争议时停止细化边界画像。,近位提高该边界议题进入关系核心的可能；远位只保留背景或阶段性观察。,94,风险 +12,pseudo_boundary_warning,一方追近、一方无限撤回，往返没有稳定协议。,需要避免：一方追近、一方无限撤回，往返没有稳定协议。,不得仅凭本规则推出某人必然控制、回避、依赖、忠诚或适合结婚；不得把亲密解释为无隐私，把保护解释为替代决定，把贡献多少解释为决策权大小。现实安全、明确同意、可撤回性、持续行为、反例与双方意愿优先。,高,待验证,,boundary_mode=BM08; provisional=true; rule_group=BOUND-BM模式,0.5
M5-BOUND-220,BM08 靠近—空间往返型｜现实验证与输出,L3 边界治理模式,BOUND-BM模式,通用,证据,BM08,靠近—空间往返型,BV3以上。,只有命盘、规则文本或单次事件。,由共享基础引擎、M3-BOUND与M5-BASE提供；只修正用户需要怎样的自主、共享、授权与空间结构，不直接判断具体关系现实中公平或安全。,M2只说明谁容易进入关系及资格证据；不能替代具体对象的同意、边界、资源和权力行为验证。,M3-BASE与M3-BOUND提供用户自然靠近、共享和边界通道；M5-BOUND负责判断双方如何共同治理。,无／按本规则指定的提议—知情—同意—执行—复核—重订路径路由。,近位、远位只修正该边界需求进入亲密关系核心的可能；不得据此判断具体伴侣一定尊重或越界。,根气只修正用户边界需求是否稳定重复，不等于双方已形成成熟治理。,旺弱只修正某项自主、共享、规则或空间功能的调用强度，不直接等于控制、回避或适配质量。,喜忌只修正功能调用顺畅度与摩擦，不可直接翻译为理想伴侣五行、十神或必然互补。,真合化成立时按化神功能重算边界需求；合化争议时停止细化边界画像。,近位提高该边界议题进入关系核心的可能；远位只保留背景或阶段性观察。,78,不加分；现实核验,observation_plan,BM结构必须由双方知情、同意、执行、反馈和重订共同验证。,要看这套结构在现实变化后还能否继续运行。,不得仅凭本规则推出某人必然控制、回避、依赖、忠诚或适合结婚；不得把亲密解释为无隐私，把保护解释为替代决定，把贡献多少解释为决策权大小。现实安全、明确同意、可撤回性、持续行为、反例与双方意愿优先。,中,待验证,,boundary_mode=BM08; provisional=true; rule_group=BOUND-BM模式,0.5
M5-BOUND-221,BM09 规则—反馈—重订型｜正式定义,L3 边界治理模式,BOUND-BM模式,通用,定义,BM09,规则—反馈—重订型,M5-BASE、PARTNER、EXCHANGE或现实资料路由该结构。,PR0安全门控未通过。,由共享基础引擎、M3-BOUND与M5-BASE提供；只修正用户需要怎样的自主、共享、授权与空间结构，不直接判断具体关系现实中公平或安全。,M2只说明谁容易进入关系及资格证据；不能替代具体对象的同意、边界、资源和权力行为验证。,M3-BASE与M3-BOUND提供用户自然靠近、共享和边界通道；M5-BOUND负责判断双方如何共同治理。,无／按本规则指定的提议—知情—同意—执行—复核—重订路径路由。,近位、远位只修正该边界需求进入亲密关系核心的可能；不得据此判断具体伴侣一定尊重或越界。,根气只修正用户边界需求是否稳定重复，不等于双方已形成成熟治理。,旺弱只修正某项自主、共享、规则或空间功能的调用强度，不直接等于控制、回避或适配质量。,喜忌只修正功能调用顺畅度与摩擦，不可直接翻译为理想伴侣五行、十神或必然互补。,真合化成立时按化神功能重算边界需求；合化争议时停止细化边界画像。,近位提高该边界议题进入关系核心的可能；远位只保留背景或阶段性观察。,90,BM候选 +8,boundary_mode,先建立规则，再通过现实反馈定期调整，使规则服务双方而非控制。,边界结构更接近规则—反馈—重订型。,不得仅凭本规则推出某人必然控制、回避、依赖、忠诚或适合结婚；不得把亲密解释为无隐私，把保护解释为替代决定，把贡献多少解释为决策权大小。现实安全、明确同意、可撤回性、持续行为、反例与双方意愿优先。,中高,待验证,,boundary_mode=BM09; provisional=true; rule_group=BOUND-BM模式,0.5
M5-BOUND-222,BM09 规则—反馈—重订型｜适用领域,L3 边界治理模式,BOUND-BM模式,通用,场景,BM09,规则—反馈—重订型,存在对应DG领域或现实阶段。,把一种结构覆盖全部生活领域。,由共享基础引擎、M3-BOUND与M5-BASE提供；只修正用户需要怎样的自主、共享、授权与空间结构，不直接判断具体关系现实中公平或安全。,M2只说明谁容易进入关系及资格证据；不能替代具体对象的同意、边界、资源和权力行为验证。,M3-BASE与M3-BOUND提供用户自然靠近、共享和边界通道；M5-BOUND负责判断双方如何共同治理。,无／按本规则指定的提议—知情—同意—执行—复核—重订路径路由。,近位、远位只修正该边界需求进入亲密关系核心的可能；不得据此判断具体伴侣一定尊重或越界。,根气只修正用户边界需求是否稳定重复，不等于双方已形成成熟治理。,旺弱只修正某项自主、共享、规则或空间功能的调用强度，不直接等于控制、回避或适配质量。,喜忌只修正功能调用顺畅度与摩擦，不可直接翻译为理想伴侣五行、十神或必然互补。,真合化成立时按化神功能重算边界需求；合化争议时停止细化边界画像。,近位提高该边界议题进入关系核心的可能；远位只保留背景或阶段性观察。,78,+6 场景路由,decision_domains,适合财务、家务、时间、社交与长期责任治理。,这种结构更适合：适合财务、家务、时间、社交与长期责任治理。,不得仅凭本规则推出某人必然控制、回避、依赖、忠诚或适合结婚；不得把亲密解释为无隐私，把保护解释为替代决定，把贡献多少解释为决策权大小。现实安全、明确同意、可撤回性、持续行为、反例与双方意愿优先。,中,待验证,,boundary_mode=BM09; provisional=true; rule_group=BOUND-BM模式,0.5
M5-BOUND-223,BM09 规则—反馈—重订型｜成立条件,L3 边界治理模式,BOUND-BM模式,通用,门控,BM09,规则—反馈—重订型,规则对双方一致，执行后接受反馈并有重订机制。,只有人格标签、口头理想或一方愿望。,由共享基础引擎、M3-BOUND与M5-BASE提供；只修正用户需要怎样的自主、共享、授权与空间结构，不直接判断具体关系现实中公平或安全。,M2只说明谁容易进入关系及资格证据；不能替代具体对象的同意、边界、资源和权力行为验证。,M3-BASE与M3-BOUND提供用户自然靠近、共享和边界通道；M5-BOUND负责判断双方如何共同治理。,无／按本规则指定的提议—知情—同意—执行—复核—重订路径路由。,近位、远位只修正该边界需求进入亲密关系核心的可能；不得据此判断具体伴侣一定尊重或越界。,根气只修正用户边界需求是否稳定重复，不等于双方已形成成熟治理。,旺弱只修正某项自主、共享、规则或空间功能的调用强度，不直接等于控制、回避或适配质量。,喜忌只修正功能调用顺畅度与摩擦，不可直接翻译为理想伴侣五行、十神或必然互补。,真合化成立时按化神功能重算边界需求；合化争议时停止细化边界画像。,近位提高该边界议题进入关系核心的可能；远位只保留背景或阶段性观察。,90,+10 模式成立,boundary_mode,规则—反馈—重订型必须满足：规则对双方一致，执行后接受反馈并有重订机制。,要形成规则—反馈—重订型，需要：规则对双方一致，执行后接受反馈并有重订机制。,不得仅凭本规则推出某人必然控制、回避、依赖、忠诚或适合结婚；不得把亲密解释为无隐私，把保护解释为替代决定，把贡献多少解释为决策权大小。现实安全、明确同意、可撤回性、持续行为、反例与双方意愿优先。,中高,待验证,,boundary_mode=BM09; provisional=true; rule_group=BOUND-BM模式,0.5
M5-BOUND-224,BM09 规则—反馈—重订型｜伪适配与停止,L3 边界治理模式,BOUND-BM模式,通用,风险,BM09,规则—反馈—重订型,出现结构失衡或权力固化信号。,BV5—BV7现实证据能够排除。,由共享基础引擎、M3-BOUND与M5-BASE提供；只修正用户需要怎样的自主、共享、授权与空间结构，不直接判断具体关系现实中公平或安全。,M2只说明谁容易进入关系及资格证据；不能替代具体对象的同意、边界、资源和权力行为验证。,M3-BASE与M3-BOUND提供用户自然靠近、共享和边界通道；M5-BOUND负责判断双方如何共同治理。,无／按本规则指定的提议—知情—同意—执行—复核—重订路径路由。,近位、远位只修正该边界需求进入亲密关系核心的可能；不得据此判断具体伴侣一定尊重或越界。,根气只修正用户边界需求是否稳定重复，不等于双方已形成成熟治理。,旺弱只修正某项自主、共享、规则或空间功能的调用强度，不直接等于控制、回避或适配质量。,喜忌只修正功能调用顺畅度与摩擦，不可直接翻译为理想伴侣五行、十神或必然互补。,真合化成立时按化神功能重算边界需求；合化争议时停止细化边界画像。,近位提高该边界议题进入关系核心的可能；远位只保留背景或阶段性观察。,94,风险 +12,pseudo_boundary_warning,规则只由一方制定，越多规则越少协商。,需要避免：规则只由一方制定，越多规则越少协商。,不得仅凭本规则推出某人必然控制、回避、依赖、忠诚或适合结婚；不得把亲密解释为无隐私，把保护解释为替代决定，把贡献多少解释为决策权大小。现实安全、明确同意、可撤回性、持续行为、反例与双方意愿优先。,高,待验证,,boundary_mode=BM09; provisional=true; rule_group=BOUND-BM模式,0.5
M5-BOUND-225,BM09 规则—反馈—重订型｜现实验证与输出,L3 边界治理模式,BOUND-BM模式,通用,证据,BM09,规则—反馈—重订型,BV3以上。,只有命盘、规则文本或单次事件。,由共享基础引擎、M3-BOUND与M5-BASE提供；只修正用户需要怎样的自主、共享、授权与空间结构，不直接判断具体关系现实中公平或安全。,M2只说明谁容易进入关系及资格证据；不能替代具体对象的同意、边界、资源和权力行为验证。,M3-BASE与M3-BOUND提供用户自然靠近、共享和边界通道；M5-BOUND负责判断双方如何共同治理。,无／按本规则指定的提议—知情—同意—执行—复核—重订路径路由。,近位、远位只修正该边界需求进入亲密关系核心的可能；不得据此判断具体伴侣一定尊重或越界。,根气只修正用户边界需求是否稳定重复，不等于双方已形成成熟治理。,旺弱只修正某项自主、共享、规则或空间功能的调用强度，不直接等于控制、回避或适配质量。,喜忌只修正功能调用顺畅度与摩擦，不可直接翻译为理想伴侣五行、十神或必然互补。,真合化成立时按化神功能重算边界需求；合化争议时停止细化边界画像。,近位提高该边界议题进入关系核心的可能；远位只保留背景或阶段性观察。,78,不加分；现实核验,observation_plan,BM结构必须由双方知情、同意、执行、反馈和重订共同验证。,要看这套结构在现实变化后还能否继续运行。,不得仅凭本规则推出某人必然控制、回避、依赖、忠诚或适合结婚；不得把亲密解释为无隐私，把保护解释为替代决定，把贡献多少解释为决策权大小。现实安全、明确同意、可撤回性、持续行为、反例与双方意愿优先。,中,待验证,,boundary_mode=BM09; provisional=true; rule_group=BOUND-BM模式,0.5
M5-BOUND-226,BM10 支持—自主恢复型｜正式定义,L3 边界治理模式,BOUND-BM模式,通用,定义,BM10,支持—自主恢复型,M5-BASE、PARTNER、EXCHANGE或现实资料路由该结构。,PR0安全门控未通过。,由共享基础引擎、M3-BOUND与M5-BASE提供；只修正用户需要怎样的自主、共享、授权与空间结构，不直接判断具体关系现实中公平或安全。,M2只说明谁容易进入关系及资格证据；不能替代具体对象的同意、边界、资源和权力行为验证。,M3-BASE与M3-BOUND提供用户自然靠近、共享和边界通道；M5-BOUND负责判断双方如何共同治理。,无／按本规则指定的提议—知情—同意—执行—复核—重订路径路由。,近位、远位只修正该边界需求进入亲密关系核心的可能；不得据此判断具体伴侣一定尊重或越界。,根气只修正用户边界需求是否稳定重复，不等于双方已形成成熟治理。,旺弱只修正某项自主、共享、规则或空间功能的调用强度，不直接等于控制、回避或适配质量。,喜忌只修正功能调用顺畅度与摩擦，不可直接翻译为理想伴侣五行、十神或必然互补。,真合化成立时按化神功能重算边界需求；合化争议时停止细化边界画像。,近位提高该边界议题进入关系核心的可能；远位只保留背景或阶段性观察。,90,BM候选 +8,boundary_mode,在照顾、危机或能力补位中提供帮助，目标是恢复接收方的选择和参与。,边界结构更接近支持—自主恢复型。,不得仅凭本规则推出某人必然控制、回避、依赖、忠诚或适合结婚；不得把亲密解释为无隐私，把保护解释为替代决定，把贡献多少解释为决策权大小。现实安全、明确同意、可撤回性、持续行为、反例与双方意愿优先。,中高,待验证,,boundary_mode=BM10; provisional=true; rule_group=BOUND-BM模式,0.5
M5-BOUND-227,BM10 支持—自主恢复型｜适用领域,L3 边界治理模式,BOUND-BM模式,通用,场景,BM10,支持—自主恢复型,存在对应DG领域或现实阶段。,把一种结构覆盖全部生活领域。,由共享基础引擎、M3-BOUND与M5-BASE提供；只修正用户需要怎样的自主、共享、授权与空间结构，不直接判断具体关系现实中公平或安全。,M2只说明谁容易进入关系及资格证据；不能替代具体对象的同意、边界、资源和权力行为验证。,M3-BASE与M3-BOUND提供用户自然靠近、共享和边界通道；M5-BOUND负责判断双方如何共同治理。,无／按本规则指定的提议—知情—同意—执行—复核—重订路径路由。,近位、远位只修正该边界需求进入亲密关系核心的可能；不得据此判断具体伴侣一定尊重或越界。,根气只修正用户边界需求是否稳定重复，不等于双方已形成成熟治理。,旺弱只修正某项自主、共享、规则或空间功能的调用强度，不直接等于控制、回避或适配质量。,喜忌只修正功能调用顺畅度与摩擦，不可直接翻译为理想伴侣五行、十神或必然互补。,真合化成立时按化神功能重算边界需求；合化争议时停止细化边界画像。,近位提高该边界议题进入关系核心的可能；远位只保留背景或阶段性观察。,78,+6 场景路由,decision_domains,适合疾病、压力、暂时低资源和学习阶段。,这种结构更适合：适合疾病、压力、暂时低资源和学习阶段。,不得仅凭本规则推出某人必然控制、回避、依赖、忠诚或适合结婚；不得把亲密解释为无隐私，把保护解释为替代决定，把贡献多少解释为决策权大小。现实安全、明确同意、可撤回性、持续行为、反例与双方意愿优先。,中,待验证,,boundary_mode=BM10; provisional=true; rule_group=BOUND-BM模式,0.5
M5-BOUND-228,BM10 支持—自主恢复型｜成立条件,L3 边界治理模式,BOUND-BM模式,通用,门控,BM10,支持—自主恢复型,帮助前确认、过程中可反馈、结束后归还决定权。,只有人格标签、口头理想或一方愿望。,由共享基础引擎、M3-BOUND与M5-BASE提供；只修正用户需要怎样的自主、共享、授权与空间结构，不直接判断具体关系现实中公平或安全。,M2只说明谁容易进入关系及资格证据；不能替代具体对象的同意、边界、资源和权力行为验证。,M3-BASE与M3-BOUND提供用户自然靠近、共享和边界通道；M5-BOUND负责判断双方如何共同治理。,无／按本规则指定的提议—知情—同意—执行—复核—重订路径路由。,近位、远位只修正该边界需求进入亲密关系核心的可能；不得据此判断具体伴侣一定尊重或越界。,根气只修正用户边界需求是否稳定重复，不等于双方已形成成熟治理。,旺弱只修正某项自主、共享、规则或空间功能的调用强度，不直接等于控制、回避或适配质量。,喜忌只修正功能调用顺畅度与摩擦，不可直接翻译为理想伴侣五行、十神或必然互补。,真合化成立时按化神功能重算边界需求；合化争议时停止细化边界画像。,近位提高该边界议题进入关系核心的可能；远位只保留背景或阶段性观察。,90,+10 模式成立,boundary_mode,支持—自主恢复型必须满足：帮助前确认、过程中可反馈、结束后归还决定权。,要形成支持—自主恢复型，需要：帮助前确认、过程中可反馈、结束后归还决定权。,不得仅凭本规则推出某人必然控制、回避、依赖、忠诚或适合结婚；不得把亲密解释为无隐私，把保护解释为替代决定，把贡献多少解释为决策权大小。现实安全、明确同意、可撤回性、持续行为、反例与双方意愿优先。,中高,待验证,,boundary_mode=BM10; provisional=true; rule_group=BOUND-BM模式,0.5
M5-BOUND-229,BM10 支持—自主恢复型｜伪适配与停止,L3 边界治理模式,BOUND-BM模式,通用,风险,BM10,支持—自主恢复型,出现结构失衡或权力固化信号。,BV5—BV7现实证据能够排除。,由共享基础引擎、M3-BOUND与M5-BASE提供；只修正用户需要怎样的自主、共享、授权与空间结构，不直接判断具体关系现实中公平或安全。,M2只说明谁容易进入关系及资格证据；不能替代具体对象的同意、边界、资源和权力行为验证。,M3-BASE与M3-BOUND提供用户自然靠近、共享和边界通道；M5-BOUND负责判断双方如何共同治理。,无／按本规则指定的提议—知情—同意—执行—复核—重订路径路由。,近位、远位只修正该边界需求进入亲密关系核心的可能；不得据此判断具体伴侣一定尊重或越界。,根气只修正用户边界需求是否稳定重复，不等于双方已形成成熟治理。,旺弱只修正某项自主、共享、规则或空间功能的调用强度，不直接等于控制、回避或适配质量。,喜忌只修正功能调用顺畅度与摩擦，不可直接翻译为理想伴侣五行、十神或必然互补。,真合化成立时按化神功能重算边界需求；合化争议时停止细化边界画像。,近位提高该边界议题进入关系核心的可能；远位只保留背景或阶段性观察。,94,风险 +12,pseudo_boundary_warning,支持长期替代对方能力，形成依赖或接管。,需要避免：支持长期替代对方能力，形成依赖或接管。,不得仅凭本规则推出某人必然控制、回避、依赖、忠诚或适合结婚；不得把亲密解释为无隐私，把保护解释为替代决定，把贡献多少解释为决策权大小。现实安全、明确同意、可撤回性、持续行为、反例与双方意愿优先。,高,待验证,,boundary_mode=BM10; provisional=true; rule_group=BOUND-BM模式,0.5
M5-BOUND-230,BM10 支持—自主恢复型｜现实验证与输出,L3 边界治理模式,BOUND-BM模式,通用,证据,BM10,支持—自主恢复型,BV3以上。,只有命盘、规则文本或单次事件。,由共享基础引擎、M3-BOUND与M5-BASE提供；只修正用户需要怎样的自主、共享、授权与空间结构，不直接判断具体关系现实中公平或安全。,M2只说明谁容易进入关系及资格证据；不能替代具体对象的同意、边界、资源和权力行为验证。,M3-BASE与M3-BOUND提供用户自然靠近、共享和边界通道；M5-BOUND负责判断双方如何共同治理。,无／按本规则指定的提议—知情—同意—执行—复核—重订路径路由。,近位、远位只修正该边界需求进入亲密关系核心的可能；不得据此判断具体伴侣一定尊重或越界。,根气只修正用户边界需求是否稳定重复，不等于双方已形成成熟治理。,旺弱只修正某项自主、共享、规则或空间功能的调用强度，不直接等于控制、回避或适配质量。,喜忌只修正功能调用顺畅度与摩擦，不可直接翻译为理想伴侣五行、十神或必然互补。,真合化成立时按化神功能重算边界需求；合化争议时停止细化边界画像。,近位提高该边界议题进入关系核心的可能；远位只保留背景或阶段性观察。,78,不加分；现实核验,observation_plan,BM结构必须由双方知情、同意、执行、反馈和重订共同验证。,要看这套结构在现实变化后还能否继续运行。,不得仅凭本规则推出某人必然控制、回避、依赖、忠诚或适合结婚；不得把亲密解释为无隐私，把保护解释为替代决定，把贡献多少解释为决策权大小。现实安全、明确同意、可撤回性、持续行为、反例与双方意愿优先。,中,待验证,,boundary_mode=BM10; provisional=true; rule_group=BOUND-BM模式,0.5
M5-BOUND-231,BM11 压力状态临时治理型｜正式定义,L3 边界治理模式,BOUND-BM模式,通用,定义,BM11,压力状态临时治理型,M5-BASE、PARTNER、EXCHANGE或现实资料路由该结构。,PR0安全门控未通过。,由共享基础引擎、M3-BOUND与M5-BASE提供；只修正用户需要怎样的自主、共享、授权与空间结构，不直接判断具体关系现实中公平或安全。,M2只说明谁容易进入关系及资格证据；不能替代具体对象的同意、边界、资源和权力行为验证。,M3-BASE与M3-BOUND提供用户自然靠近、共享和边界通道；M5-BOUND负责判断双方如何共同治理。,无／按本规则指定的提议—知情—同意—执行—复核—重订路径路由。,近位、远位只修正该边界需求进入亲密关系核心的可能；不得据此判断具体伴侣一定尊重或越界。,根气只修正用户边界需求是否稳定重复，不等于双方已形成成熟治理。,旺弱只修正某项自主、共享、规则或空间功能的调用强度，不直接等于控制、回避或适配质量。,喜忌只修正功能调用顺畅度与摩擦，不可直接翻译为理想伴侣五行、十神或必然互补。,真合化成立时按化神功能重算边界需求；合化争议时停止细化边界画像。,近位提高该边界议题进入关系核心的可能；远位只保留背景或阶段性观察。,90,BM候选 +8,boundary_mode,高压期临时调整权限、负荷和节奏，恢复后回到常态并复盘。,边界结构更接近压力状态临时治理型。,不得仅凭本规则推出某人必然控制、回避、依赖、忠诚或适合结婚；不得把亲密解释为无隐私，把保护解释为替代决定，把贡献多少解释为决策权大小。现实安全、明确同意、可撤回性、持续行为、反例与双方意愿优先。,中高,待验证,,boundary_mode=BM11; provisional=true; rule_group=BOUND-BM模式,0.5
M5-BOUND-232,BM11 压力状态临时治理型｜适用领域,L3 边界治理模式,BOUND-BM模式,通用,场景,BM11,压力状态临时治理型,存在对应DG领域或现实阶段。,把一种结构覆盖全部生活领域。,由共享基础引擎、M3-BOUND与M5-BASE提供；只修正用户需要怎样的自主、共享、授权与空间结构，不直接判断具体关系现实中公平或安全。,M2只说明谁容易进入关系及资格证据；不能替代具体对象的同意、边界、资源和权力行为验证。,M3-BASE与M3-BOUND提供用户自然靠近、共享和边界通道；M5-BOUND负责判断双方如何共同治理。,无／按本规则指定的提议—知情—同意—执行—复核—重订路径路由。,近位、远位只修正该边界需求进入亲密关系核心的可能；不得据此判断具体伴侣一定尊重或越界。,根气只修正用户边界需求是否稳定重复，不等于双方已形成成熟治理。,旺弱只修正某项自主、共享、规则或空间功能的调用强度，不直接等于控制、回避或适配质量。,喜忌只修正功能调用顺畅度与摩擦，不可直接翻译为理想伴侣五行、十神或必然互补。,真合化成立时按化神功能重算边界需求；合化争议时停止细化边界画像。,近位提高该边界议题进入关系核心的可能；远位只保留背景或阶段性观察。,78,+6 场景路由,decision_domains,适合突发事件、健康危机、家庭照护和经济压力。,这种结构更适合：适合突发事件、健康危机、家庭照护和经济压力。,不得仅凭本规则推出某人必然控制、回避、依赖、忠诚或适合结婚；不得把亲密解释为无隐私，把保护解释为替代决定，把贡献多少解释为决策权大小。现实安全、明确同意、可撤回性、持续行为、反例与双方意愿优先。,中,待验证,,boundary_mode=BM11; provisional=true; rule_group=BOUND-BM模式,0.5
M5-BOUND-233,BM11 压力状态临时治理型｜成立条件,L3 边界治理模式,BOUND-BM模式,通用,门控,BM11,压力状态临时治理型,临时措施有开始、范围、结束、复盘和恢复条件。,只有人格标签、口头理想或一方愿望。,由共享基础引擎、M3-BOUND与M5-BASE提供；只修正用户需要怎样的自主、共享、授权与空间结构，不直接判断具体关系现实中公平或安全。,M2只说明谁容易进入关系及资格证据；不能替代具体对象的同意、边界、资源和权力行为验证。,M3-BASE与M3-BOUND提供用户自然靠近、共享和边界通道；M5-BOUND负责判断双方如何共同治理。,无／按本规则指定的提议—知情—同意—执行—复核—重订路径路由。,近位、远位只修正该边界需求进入亲密关系核心的可能；不得据此判断具体伴侣一定尊重或越界。,根气只修正用户边界需求是否稳定重复，不等于双方已形成成熟治理。,旺弱只修正某项自主、共享、规则或空间功能的调用强度，不直接等于控制、回避或适配质量。,喜忌只修正功能调用顺畅度与摩擦，不可直接翻译为理想伴侣五行、十神或必然互补。,真合化成立时按化神功能重算边界需求；合化争议时停止细化边界画像。,近位提高该边界议题进入关系核心的可能；远位只保留背景或阶段性观察。,90,+10 模式成立,boundary_mode,压力状态临时治理型必须满足：临时措施有开始、范围、结束、复盘和恢复条件。,要形成压力状态临时治理型，需要：临时措施有开始、范围、结束、复盘和恢复条件。,不得仅凭本规则推出某人必然控制、回避、依赖、忠诚或适合结婚；不得把亲密解释为无隐私，把保护解释为替代决定，把贡献多少解释为决策权大小。现实安全、明确同意、可撤回性、持续行为、反例与双方意愿优先。,中高,待验证,,boundary_mode=BM11; provisional=true; rule_group=BOUND-BM模式,0.5
M5-BOUND-234,BM11 压力状态临时治理型｜伪适配与停止,L3 边界治理模式,BOUND-BM模式,通用,风险,BM11,压力状态临时治理型,出现结构失衡或权力固化信号。,BV5—BV7现实证据能够排除。,由共享基础引擎、M3-BOUND与M5-BASE提供；只修正用户需要怎样的自主、共享、授权与空间结构，不直接判断具体关系现实中公平或安全。,M2只说明谁容易进入关系及资格证据；不能替代具体对象的同意、边界、资源和权力行为验证。,M3-BASE与M3-BOUND提供用户自然靠近、共享和边界通道；M5-BOUND负责判断双方如何共同治理。,无／按本规则指定的提议—知情—同意—执行—复核—重订路径路由。,近位、远位只修正该边界需求进入亲密关系核心的可能；不得据此判断具体伴侣一定尊重或越界。,根气只修正用户边界需求是否稳定重复，不等于双方已形成成熟治理。,旺弱只修正某项自主、共享、规则或空间功能的调用强度，不直接等于控制、回避或适配质量。,喜忌只修正功能调用顺畅度与摩擦，不可直接翻译为理想伴侣五行、十神或必然互补。,真合化成立时按化神功能重算边界需求；合化争议时停止细化边界画像。,近位提高该边界议题进入关系核心的可能；远位只保留背景或阶段性观察。,94,风险 +12,pseudo_boundary_warning,压力状态被永久化，用紧急理由长期扩大控制。,需要避免：压力状态被永久化，用紧急理由长期扩大控制。,不得仅凭本规则推出某人必然控制、回避、依赖、忠诚或适合结婚；不得把亲密解释为无隐私，把保护解释为替代决定，把贡献多少解释为决策权大小。现实安全、明确同意、可撤回性、持续行为、反例与双方意愿优先。,高,待验证,,boundary_mode=BM11; provisional=true; rule_group=BOUND-BM模式,0.5
M5-BOUND-235,BM11 压力状态临时治理型｜现实验证与输出,L3 边界治理模式,BOUND-BM模式,通用,证据,BM11,压力状态临时治理型,BV3以上。,只有命盘、规则文本或单次事件。,由共享基础引擎、M3-BOUND与M5-BASE提供；只修正用户需要怎样的自主、共享、授权与空间结构，不直接判断具体关系现实中公平或安全。,M2只说明谁容易进入关系及资格证据；不能替代具体对象的同意、边界、资源和权力行为验证。,M3-BASE与M3-BOUND提供用户自然靠近、共享和边界通道；M5-BOUND负责判断双方如何共同治理。,无／按本规则指定的提议—知情—同意—执行—复核—重订路径路由。,近位、远位只修正该边界需求进入亲密关系核心的可能；不得据此判断具体伴侣一定尊重或越界。,根气只修正用户边界需求是否稳定重复，不等于双方已形成成熟治理。,旺弱只修正某项自主、共享、规则或空间功能的调用强度，不直接等于控制、回避或适配质量。,喜忌只修正功能调用顺畅度与摩擦，不可直接翻译为理想伴侣五行、十神或必然互补。,真合化成立时按化神功能重算边界需求；合化争议时停止细化边界画像。,近位提高该边界议题进入关系核心的可能；远位只保留背景或阶段性观察。,78,不加分；现实核验,observation_plan,BM结构必须由双方知情、同意、执行、反馈和重订共同验证。,要看这套结构在现实变化后还能否继续运行。,不得仅凭本规则推出某人必然控制、回避、依赖、忠诚或适合结婚；不得把亲密解释为无隐私，把保护解释为替代决定，把贡献多少解释为决策权大小。现实安全、明确同意、可撤回性、持续行为、反例与双方意愿优先。,中,待验证,,boundary_mode=BM11; provisional=true; rule_group=BOUND-BM模式,0.5
M5-BOUND-236,BM12 情境组合型｜正式定义,L3 边界治理模式,BOUND-BM模式,通用,定义,BM12,情境组合型,M5-BASE、PARTNER、EXCHANGE或现实资料路由该结构。,PR0安全门控未通过。,由共享基础引擎、M3-BOUND与M5-BASE提供；只修正用户需要怎样的自主、共享、授权与空间结构，不直接判断具体关系现实中公平或安全。,M2只说明谁容易进入关系及资格证据；不能替代具体对象的同意、边界、资源和权力行为验证。,M3-BASE与M3-BOUND提供用户自然靠近、共享和边界通道；M5-BOUND负责判断双方如何共同治理。,无／按本规则指定的提议—知情—同意—执行—复核—重订路径路由。,近位、远位只修正该边界需求进入亲密关系核心的可能；不得据此判断具体伴侣一定尊重或越界。,根气只修正用户边界需求是否稳定重复，不等于双方已形成成熟治理。,旺弱只修正某项自主、共享、规则或空间功能的调用强度，不直接等于控制、回避或适配质量。,喜忌只修正功能调用顺畅度与摩擦，不可直接翻译为理想伴侣五行、十神或必然互补。,真合化成立时按化神功能重算边界需求；合化争议时停止细化边界画像。,近位提高该边界议题进入关系核心的可能；远位只保留背景或阶段性观察。,90,BM候选 +8,boundary_mode,不同领域采用自主、共同、授权、共享或空间往返等不同结构。,边界结构更接近情境组合型。,不得仅凭本规则推出某人必然控制、回避、依赖、忠诚或适合结婚；不得把亲密解释为无隐私，把保护解释为替代决定，把贡献多少解释为决策权大小。现实安全、明确同意、可撤回性、持续行为、反例与双方意愿优先。,中高,待验证,,boundary_mode=BM12; provisional=true; rule_group=BOUND-BM模式,0.5
M5-BOUND-237,BM12 情境组合型｜适用领域,L3 边界治理模式,BOUND-BM模式,通用,场景,BM12,情境组合型,存在对应DG领域或现实阶段。,把一种结构覆盖全部生活领域。,由共享基础引擎、M3-BOUND与M5-BASE提供；只修正用户需要怎样的自主、共享、授权与空间结构，不直接判断具体关系现实中公平或安全。,M2只说明谁容易进入关系及资格证据；不能替代具体对象的同意、边界、资源和权力行为验证。,M3-BASE与M3-BOUND提供用户自然靠近、共享和边界通道；M5-BOUND负责判断双方如何共同治理。,无／按本规则指定的提议—知情—同意—执行—复核—重订路径路由。,近位、远位只修正该边界需求进入亲密关系核心的可能；不得据此判断具体伴侣一定尊重或越界。,根气只修正用户边界需求是否稳定重复，不等于双方已形成成熟治理。,旺弱只修正某项自主、共享、规则或空间功能的调用强度，不直接等于控制、回避或适配质量。,喜忌只修正功能调用顺畅度与摩擦，不可直接翻译为理想伴侣五行、十神或必然互补。,真合化成立时按化神功能重算边界需求；合化争议时停止细化边界画像。,近位提高该边界议题进入关系核心的可能；远位只保留背景或阶段性观察。,78,+6 场景路由,decision_domains,适合现实领域复杂、双方资源和需要差异较大的关系。,这种结构更适合：适合现实领域复杂、双方资源和需要差异较大的关系。,不得仅凭本规则推出某人必然控制、回避、依赖、忠诚或适合结婚；不得把亲密解释为无隐私，把保护解释为替代决定，把贡献多少解释为决策权大小。现实安全、明确同意、可撤回性、持续行为、反例与双方意愿优先。,中,待验证,,boundary_mode=BM12; provisional=true; rule_group=BOUND-BM模式,0.5
M5-BOUND-238,BM12 情境组合型｜成立条件,L3 边界治理模式,BOUND-BM模式,通用,门控,BM12,情境组合型,领域划分清楚，结构之间不冲突，定期复核整体权力与负荷。,只有人格标签、口头理想或一方愿望。,由共享基础引擎、M3-BOUND与M5-BASE提供；只修正用户需要怎样的自主、共享、授权与空间结构，不直接判断具体关系现实中公平或安全。,M2只说明谁容易进入关系及资格证据；不能替代具体对象的同意、边界、资源和权力行为验证。,M3-BASE与M3-BOUND提供用户自然靠近、共享和边界通道；M5-BOUND负责判断双方如何共同治理。,无／按本规则指定的提议—知情—同意—执行—复核—重订路径路由。,近位、远位只修正该边界需求进入亲密关系核心的可能；不得据此判断具体伴侣一定尊重或越界。,根气只修正用户边界需求是否稳定重复，不等于双方已形成成熟治理。,旺弱只修正某项自主、共享、规则或空间功能的调用强度，不直接等于控制、回避或适配质量。,喜忌只修正功能调用顺畅度与摩擦，不可直接翻译为理想伴侣五行、十神或必然互补。,真合化成立时按化神功能重算边界需求；合化争议时停止细化边界画像。,近位提高该边界议题进入关系核心的可能；远位只保留背景或阶段性观察。,90,+10 模式成立,boundary_mode,情境组合型必须满足：领域划分清楚，结构之间不冲突，定期复核整体权力与负荷。,要形成情境组合型，需要：领域划分清楚，结构之间不冲突，定期复核整体权力与负荷。,不得仅凭本规则推出某人必然控制、回避、依赖、忠诚或适合结婚；不得把亲密解释为无隐私，把保护解释为替代决定，把贡献多少解释为决策权大小。现实安全、明确同意、可撤回性、持续行为、反例与双方意愿优先。,中高,待验证,,boundary_mode=BM12; provisional=true; rule_group=BOUND-BM模式,0.5
M5-BOUND-239,BM12 情境组合型｜伪适配与停止,L3 边界治理模式,BOUND-BM模式,通用,风险,BM12,情境组合型,出现结构失衡或权力固化信号。,BV5—BV7现实证据能够排除。,由共享基础引擎、M3-BOUND与M5-BASE提供；只修正用户需要怎样的自主、共享、授权与空间结构，不直接判断具体关系现实中公平或安全。,M2只说明谁容易进入关系及资格证据；不能替代具体对象的同意、边界、资源和权力行为验证。,M3-BASE与M3-BOUND提供用户自然靠近、共享和边界通道；M5-BOUND负责判断双方如何共同治理。,无／按本规则指定的提议—知情—同意—执行—复核—重订路径路由。,近位、远位只修正该边界需求进入亲密关系核心的可能；不得据此判断具体伴侣一定尊重或越界。,根气只修正用户边界需求是否稳定重复，不等于双方已形成成熟治理。,旺弱只修正某项自主、共享、规则或空间功能的调用强度，不直接等于控制、回避或适配质量。,喜忌只修正功能调用顺畅度与摩擦，不可直接翻译为理想伴侣五行、十神或必然互补。,真合化成立时按化神功能重算边界需求；合化争议时停止细化边界画像。,近位提高该边界议题进入关系核心的可能；远位只保留背景或阶段性观察。,94,风险 +12,pseudo_boundary_warning,随意切换，没有最低安全、知情和责任标准。,需要避免：随意切换，没有最低安全、知情和责任标准。,不得仅凭本规则推出某人必然控制、回避、依赖、忠诚或适合结婚；不得把亲密解释为无隐私，把保护解释为替代决定，把贡献多少解释为决策权大小。现实安全、明确同意、可撤回性、持续行为、反例与双方意愿优先。,高,待验证,,boundary_mode=BM12; provisional=true; rule_group=BOUND-BM模式,0.5
M5-BOUND-240,BM12 情境组合型｜现实验证与输出,L3 边界治理模式,BOUND-BM模式,通用,证据,BM12,情境组合型,BV3以上。,只有命盘、规则文本或单次事件。,由共享基础引擎、M3-BOUND与M5-BASE提供；只修正用户需要怎样的自主、共享、授权与空间结构，不直接判断具体关系现实中公平或安全。,M2只说明谁容易进入关系及资格证据；不能替代具体对象的同意、边界、资源和权力行为验证。,M3-BASE与M3-BOUND提供用户自然靠近、共享和边界通道；M5-BOUND负责判断双方如何共同治理。,无／按本规则指定的提议—知情—同意—执行—复核—重订路径路由。,近位、远位只修正该边界需求进入亲密关系核心的可能；不得据此判断具体伴侣一定尊重或越界。,根气只修正用户边界需求是否稳定重复，不等于双方已形成成熟治理。,旺弱只修正某项自主、共享、规则或空间功能的调用强度，不直接等于控制、回避或适配质量。,喜忌只修正功能调用顺畅度与摩擦，不可直接翻译为理想伴侣五行、十神或必然互补。,真合化成立时按化神功能重算边界需求；合化争议时停止细化边界画像。,近位提高该边界议题进入关系核心的可能；远位只保留背景或阶段性观察。,78,不加分；现实核验,observation_plan,BM结构必须由双方知情、同意、执行、反馈和重订共同验证。,要看这套结构在现实变化后还能否继续运行。,不得仅凭本规则推出某人必然控制、回避、依赖、忠诚或适合结婚；不得把亲密解释为无隐私，把保护解释为替代决定，把贡献多少解释为决策权大小。现实安全、明确同意、可撤回性、持续行为、反例与双方意愿优先。,中,待验证,,boundary_mode=BM12; provisional=true; rule_group=BOUND-BM模式,0.5
M5-BOUND-241,BS01 稳定双向边界｜正式定义,L4 边界状态,BOUND-BS状态,通用,定义,BS01,稳定双向边界,BV4以上；BO01、BO02、BO04、BO10至少三项可靠。,PR0安全停止。,由共享基础引擎、M3-BOUND与M5-BASE提供；只修正用户需要怎样的自主、共享、授权与空间结构，不直接判断具体关系现实中公平或安全。,M2只说明谁容易进入关系及资格证据；不能替代具体对象的同意、边界、资源和权力行为验证。,M3-BASE与M3-BOUND提供用户自然靠近、共享和边界通道；M5-BOUND负责判断双方如何共同治理。,无／按本规则指定的提议—知情—同意—执行—复核—重订路径路由。,近位、远位只修正该边界需求进入亲密关系核心的可能；不得据此判断具体伴侣一定尊重或越界。,根气只修正用户边界需求是否稳定重复，不等于双方已形成成熟治理。,旺弱只修正某项自主、共享、规则或空间功能的调用强度，不直接等于控制、回避或适配质量。,喜忌只修正功能调用顺畅度与摩擦，不可直接翻译为理想伴侣五行、十神或必然互补。,真合化成立时按化神功能重算边界需求；合化争议时停止细化边界画像。,近位提高该边界议题进入关系核心的可能；远位只保留背景或阶段性观察。,94,不加分；状态定义,boundary_state,双方的个人权利、共同决定、同意和重订机制在多个领域稳定成立。,双方既有自己的空间，也能对共同事项真正协商。,不得仅凭本规则推出某人必然控制、回避、依赖、忠诚或适合结婚；不得把亲密解释为无隐私，把保护解释为替代决定，把贡献多少解释为决策权大小。现实安全、明确同意、可撤回性、持续行为、反例与双方意愿优先。,高,待验证,,boundary_state=BS01; provisional=true; rule_group=BOUND-BS状态,0.5
M5-BOUND-242,BS01 稳定双向边界｜成立条件,L4 边界状态,BOUND-BS状态,通用,门控,BS01,稳定双向边界,BV4以上；BO01、BO02、BO04、BO10至少三项可靠。,只有命盘结构、同源重复或单次事件。,由共享基础引擎、M3-BOUND与M5-BASE提供；只修正用户需要怎样的自主、共享、授权与空间结构，不直接判断具体关系现实中公平或安全。,M2只说明谁容易进入关系及资格证据；不能替代具体对象的同意、边界、资源和权力行为验证。,M3-BASE与M3-BOUND提供用户自然靠近、共享和边界通道；M5-BOUND负责判断双方如何共同治理。,无／按本规则指定的提议—知情—同意—执行—复核—重订路径路由。,近位、远位只修正该边界需求进入亲密关系核心的可能；不得据此判断具体伴侣一定尊重或越界。,根气只修正用户边界需求是否稳定重复，不等于双方已形成成熟治理。,旺弱只修正某项自主、共享、规则或空间功能的调用强度，不直接等于控制、回避或适配质量。,喜忌只修正功能调用顺畅度与摩擦，不可直接翻译为理想伴侣五行、十神或必然互补。,真合化成立时按化神功能重算边界需求；合化争议时停止细化边界画像。,近位提高该边界议题进入关系核心的可能；远位只保留背景或阶段性观察。,90,状态路由,boundary_state,稳定双向边界必须满足：BV4以上；BO01、BO02、BO04、BO10至少三项可靠。,判断到稳定双向边界，需要看到：BV4以上；BO01、BO02、BO04、BO10至少三项可靠。,不得仅凭本规则推出某人必然控制、回避、依赖、忠诚或适合结婚；不得把亲密解释为无隐私，把保护解释为替代决定，把贡献多少解释为决策权大小。现实安全、明确同意、可撤回性、持续行为、反例与双方意愿优先。,中高,待验证,,boundary_state=BS01; provisional=true; rule_group=BOUND-BS状态,0.5
M5-BOUND-243,BS01 稳定双向边界｜报告处理,L4 边界状态,BOUND-BS状态,通用,路由,BS01,稳定双向边界,BV4以上；BO01、BO02、BO04、BO10至少三项可靠。,资料与状态不一致。,由共享基础引擎、M3-BOUND与M5-BASE提供；只修正用户需要怎样的自主、共享、授权与空间结构，不直接判断具体关系现实中公平或安全。,M2只说明谁容易进入关系及资格证据；不能替代具体对象的同意、边界、资源和权力行为验证。,M3-BASE与M3-BOUND提供用户自然靠近、共享和边界通道；M5-BOUND负责判断双方如何共同治理。,无／按本规则指定的提议—知情—同意—执行—复核—重订路径路由。,近位、远位只修正该边界需求进入亲密关系核心的可能；不得据此判断具体伴侣一定尊重或越界。,根气只修正用户边界需求是否稳定重复，不等于双方已形成成熟治理。,旺弱只修正某项自主、共享、规则或空间功能的调用强度，不直接等于控制、回避或适配质量。,喜忌只修正功能调用顺畅度与摩擦，不可直接翻译为理想伴侣五行、十神或必然互补。,真合化成立时按化神功能重算边界需求；合化争议时停止细化边界画像。,近位提高该边界议题进入关系核心的可能；远位只保留背景或阶段性观察。,86,路由／降级,report_status,可作为较成熟边界候选；最终FG仍需综合。,双方既有自己的空间，也能对共同事项真正协商。,不得仅凭本规则推出某人必然控制、回避、依赖、忠诚或适合结婚；不得把亲密解释为无隐私，把保护解释为替代决定，把贡献多少解释为决策权大小。现实安全、明确同意、可撤回性、持续行为、反例与双方意愿优先。,中高,待验证,,boundary_state=BS01; provisional=true; rule_group=BOUND-BS状态,0.5
M5-BOUND-244,BS01 稳定双向边界｜升级与降级,L4 边界状态,BOUND-BS状态,通用,证据,BS01,稳定双向边界,至少两类独立边界事件来源。,只因一方口头尊重、双方十神相合或规则文本清楚。,由共享基础引擎、M3-BOUND与M5-BASE提供；只修正用户需要怎样的自主、共享、授权与空间结构，不直接判断具体关系现实中公平或安全。,M2只说明谁容易进入关系及资格证据；不能替代具体对象的同意、边界、资源和权力行为验证。,M3-BASE与M3-BOUND提供用户自然靠近、共享和边界通道；M5-BOUND负责判断双方如何共同治理。,无／按本规则指定的提议—知情—同意—执行—复核—重订路径路由。,近位、远位只修正该边界需求进入亲密关系核心的可能；不得据此判断具体伴侣一定尊重或越界。,根气只修正用户边界需求是否稳定重复，不等于双方已形成成熟治理。,旺弱只修正某项自主、共享、规则或空间功能的调用强度，不直接等于控制、回避或适配质量。,喜忌只修正功能调用顺畅度与摩擦，不可直接翻译为理想伴侣五行、十神或必然互补。,真合化成立时按化神功能重算边界需求；合化争议时停止细化边界画像。,近位提高该边界议题进入关系核心的可能；远位只保留背景或阶段性观察。,82,±8至±20,boundary_evidence_level,BS状态随现实边界证据变化，不由命理分值直接锁定。,随着真实事件增加，这个判断可以升级、降级或停止。,不得仅凭本规则推出某人必然控制、回避、依赖、忠诚或适合结婚；不得把亲密解释为无隐私，把保护解释为替代决定，把贡献多少解释为决策权大小。现实安全、明确同意、可撤回性、持续行为、反例与双方意愿优先。,中,待验证,,boundary_state=BS01; provisional=true; rule_group=BOUND-BS状态,0.5
M5-BOUND-245,BS01 稳定双向边界｜禁止人格化,L4 边界状态,BOUND-BS状态,通用,边界,BS01,稳定双向边界,输出BS状态。,现实存在强迫、控制或伤害时按事实和安全门控说明。,由共享基础引擎、M3-BOUND与M5-BASE提供；只修正用户需要怎样的自主、共享、授权与空间结构，不直接判断具体关系现实中公平或安全。,M2只说明谁容易进入关系及资格证据；不能替代具体对象的同意、边界、资源和权力行为验证。,M3-BASE与M3-BOUND提供用户自然靠近、共享和边界通道；M5-BOUND负责判断双方如何共同治理。,无／按本规则指定的提议—知情—同意—执行—复核—重订路径路由。,近位、远位只修正该边界需求进入亲密关系核心的可能；不得据此判断具体伴侣一定尊重或越界。,根气只修正用户边界需求是否稳定重复，不等于双方已形成成熟治理。,旺弱只修正某项自主、共享、规则或空间功能的调用强度，不直接等于控制、回避或适配质量。,喜忌只修正功能调用顺畅度与摩擦，不可直接翻译为理想伴侣五行、十神或必然互补。,真合化成立时按化神功能重算边界需求；合化争议时停止细化边界画像。,近位提高该边界议题进入关系核心的可能；远位只保留背景或阶段性观察。,98,不加分；伦理边界,boundary_note,保持中性、具体、行为化。,这是边界结构的描述，不是人格定罪。,不得仅凭本规则推出某人必然控制、回避、依赖、忠诚或适合结婚；不得把亲密解释为无隐私，把保护解释为替代决定，把贡献多少解释为决策权大小。现实安全、明确同意、可撤回性、持续行为、反例与双方意愿优先。,高,待验证,,boundary_state=BS01; provisional=true; rule_group=BOUND-BS状态,0.5
M5-BOUND-246,BS02 高共享且自主保留｜正式定义,L4 边界状态,BOUND-BS状态,通用,定义,BS02,高共享且自主保留,BV4以上；BO04、BO05、BO06可靠。,PR0安全停止。,由共享基础引擎、M3-BOUND与M5-BASE提供；只修正用户需要怎样的自主、共享、授权与空间结构，不直接判断具体关系现实中公平或安全。,M2只说明谁容易进入关系及资格证据；不能替代具体对象的同意、边界、资源和权力行为验证。,M3-BASE与M3-BOUND提供用户自然靠近、共享和边界通道；M5-BOUND负责判断双方如何共同治理。,无／按本规则指定的提议—知情—同意—执行—复核—重订路径路由。,近位、远位只修正该边界需求进入亲密关系核心的可能；不得据此判断具体伴侣一定尊重或越界。,根气只修正用户边界需求是否稳定重复，不等于双方已形成成熟治理。,旺弱只修正某项自主、共享、规则或空间功能的调用强度，不直接等于控制、回避或适配质量。,喜忌只修正功能调用顺畅度与摩擦，不可直接翻译为理想伴侣五行、十神或必然互补。,真合化成立时按化神功能重算边界需求；合化争议时停止细化边界画像。,近位提高该边界议题进入关系核心的可能；远位只保留背景或阶段性观察。,94,不加分；状态定义,boundary_state,共享程度高，但个人身体、隐私、基本资源和退出权仍被尊重。,你们可以高度共享，但个人同意和基本自主仍然保留。,不得仅凭本规则推出某人必然控制、回避、依赖、忠诚或适合结婚；不得把亲密解释为无隐私，把保护解释为替代决定，把贡献多少解释为决策权大小。现实安全、明确同意、可撤回性、持续行为、反例与双方意愿优先。,高,待验证,,boundary_state=BS02; provisional=true; rule_group=BOUND-BS状态,0.5
M5-BOUND-247,BS02 高共享且自主保留｜成立条件,L4 边界状态,BOUND-BS状态,通用,门控,BS02,高共享且自主保留,BV4以上；BO04、BO05、BO06可靠。,只有命盘结构、同源重复或单次事件。,由共享基础引擎、M3-BOUND与M5-BASE提供；只修正用户需要怎样的自主、共享、授权与空间结构，不直接判断具体关系现实中公平或安全。,M2只说明谁容易进入关系及资格证据；不能替代具体对象的同意、边界、资源和权力行为验证。,M3-BASE与M3-BOUND提供用户自然靠近、共享和边界通道；M5-BOUND负责判断双方如何共同治理。,无／按本规则指定的提议—知情—同意—执行—复核—重订路径路由。,近位、远位只修正该边界需求进入亲密关系核心的可能；不得据此判断具体伴侣一定尊重或越界。,根气只修正用户边界需求是否稳定重复，不等于双方已形成成熟治理。,旺弱只修正某项自主、共享、规则或空间功能的调用强度，不直接等于控制、回避或适配质量。,喜忌只修正功能调用顺畅度与摩擦，不可直接翻译为理想伴侣五行、十神或必然互补。,真合化成立时按化神功能重算边界需求；合化争议时停止细化边界画像。,近位提高该边界议题进入关系核心的可能；远位只保留背景或阶段性观察。,90,状态路由,boundary_state,高共享且自主保留必须满足：BV4以上；BO04、BO05、BO06可靠。,判断到高共享且自主保留，需要看到：BV4以上；BO04、BO05、BO06可靠。,不得仅凭本规则推出某人必然控制、回避、依赖、忠诚或适合结婚；不得把亲密解释为无隐私，把保护解释为替代决定，把贡献多少解释为决策权大小。现实安全、明确同意、可撤回性、持续行为、反例与双方意愿优先。,中高,待验证,,boundary_state=BS02; provisional=true; rule_group=BOUND-BS状态,0.5
M5-BOUND-248,BS02 高共享且自主保留｜报告处理,L4 边界状态,BOUND-BS状态,通用,路由,BS02,高共享且自主保留,BV4以上；BO04、BO05、BO06可靠。,资料与状态不一致。,由共享基础引擎、M3-BOUND与M5-BASE提供；只修正用户需要怎样的自主、共享、授权与空间结构，不直接判断具体关系现实中公平或安全。,M2只说明谁容易进入关系及资格证据；不能替代具体对象的同意、边界、资源和权力行为验证。,M3-BASE与M3-BOUND提供用户自然靠近、共享和边界通道；M5-BOUND负责判断双方如何共同治理。,无／按本规则指定的提议—知情—同意—执行—复核—重订路径路由。,近位、远位只修正该边界需求进入亲密关系核心的可能；不得据此判断具体伴侣一定尊重或越界。,根气只修正用户边界需求是否稳定重复，不等于双方已形成成熟治理。,旺弱只修正某项自主、共享、规则或空间功能的调用强度，不直接等于控制、回避或适配质量。,喜忌只修正功能调用顺畅度与摩擦，不可直接翻译为理想伴侣五行、十神或必然互补。,真合化成立时按化神功能重算边界需求；合化争议时停止细化边界画像。,近位提高该边界议题进入关系核心的可能；远位只保留背景或阶段性观察。,86,路由／降级,report_status,报告中同时写共享和不可让渡底线。,你们可以高度共享，但个人同意和基本自主仍然保留。,不得仅凭本规则推出某人必然控制、回避、依赖、忠诚或适合结婚；不得把亲密解释为无隐私，把保护解释为替代决定，把贡献多少解释为决策权大小。现实安全、明确同意、可撤回性、持续行为、反例与双方意愿优先。,中高,待验证,,boundary_state=BS02; provisional=true; rule_group=BOUND-BS状态,0.5
M5-BOUND-249,BS02 高共享且自主保留｜升级与降级,L4 边界状态,BOUND-BS状态,通用,证据,BS02,高共享且自主保留,至少两类独立边界事件来源。,只因一方口头尊重、双方十神相合或规则文本清楚。,由共享基础引擎、M3-BOUND与M5-BASE提供；只修正用户需要怎样的自主、共享、授权与空间结构，不直接判断具体关系现实中公平或安全。,M2只说明谁容易进入关系及资格证据；不能替代具体对象的同意、边界、资源和权力行为验证。,M3-BASE与M3-BOUND提供用户自然靠近、共享和边界通道；M5-BOUND负责判断双方如何共同治理。,无／按本规则指定的提议—知情—同意—执行—复核—重订路径路由。,近位、远位只修正该边界需求进入亲密关系核心的可能；不得据此判断具体伴侣一定尊重或越界。,根气只修正用户边界需求是否稳定重复，不等于双方已形成成熟治理。,旺弱只修正某项自主、共享、规则或空间功能的调用强度，不直接等于控制、回避或适配质量。,喜忌只修正功能调用顺畅度与摩擦，不可直接翻译为理想伴侣五行、十神或必然互补。,真合化成立时按化神功能重算边界需求；合化争议时停止细化边界画像。,近位提高该边界议题进入关系核心的可能；远位只保留背景或阶段性观察。,82,±8至±20,boundary_evidence_level,BS状态随现实边界证据变化，不由命理分值直接锁定。,随着真实事件增加，这个判断可以升级、降级或停止。,不得仅凭本规则推出某人必然控制、回避、依赖、忠诚或适合结婚；不得把亲密解释为无隐私，把保护解释为替代决定，把贡献多少解释为决策权大小。现实安全、明确同意、可撤回性、持续行为、反例与双方意愿优先。,中,待验证,,boundary_state=BS02; provisional=true; rule_group=BOUND-BS状态,0.5
M5-BOUND-250,BS02 高共享且自主保留｜禁止人格化,L4 边界状态,BOUND-BS状态,通用,边界,BS02,高共享且自主保留,输出BS状态。,现实存在强迫、控制或伤害时按事实和安全门控说明。,由共享基础引擎、M3-BOUND与M5-BASE提供；只修正用户需要怎样的自主、共享、授权与空间结构，不直接判断具体关系现实中公平或安全。,M2只说明谁容易进入关系及资格证据；不能替代具体对象的同意、边界、资源和权力行为验证。,M3-BASE与M3-BOUND提供用户自然靠近、共享和边界通道；M5-BOUND负责判断双方如何共同治理。,无／按本规则指定的提议—知情—同意—执行—复核—重订路径路由。,近位、远位只修正该边界需求进入亲密关系核心的可能；不得据此判断具体伴侣一定尊重或越界。,根气只修正用户边界需求是否稳定重复，不等于双方已形成成熟治理。,旺弱只修正某项自主、共享、规则或空间功能的调用强度，不直接等于控制、回避或适配质量。,喜忌只修正功能调用顺畅度与摩擦，不可直接翻译为理想伴侣五行、十神或必然互补。,真合化成立时按化神功能重算边界需求；合化争议时停止细化边界画像。,近位提高该边界议题进入关系核心的可能；远位只保留背景或阶段性观察。,98,不加分；伦理边界,boundary_note,保持中性、具体、行为化。,这是边界结构的描述，不是人格定罪。,不得仅凭本规则推出某人必然控制、回避、依赖、忠诚或适合结婚；不得把亲密解释为无隐私，把保护解释为替代决定，把贡献多少解释为决策权大小。现实安全、明确同意、可撤回性、持续行为、反例与双方意愿优先。,高,待验证,,boundary_state=BS02; provisional=true; rule_group=BOUND-BS状态,0.5
M5-BOUND-251,BS03 高独立且连接稳定｜正式定义,L4 边界状态,BOUND-BS状态,通用,定义,BS03,高独立且连接稳定,BV4以上；BO03、BO07、BO10可靠。,PR0安全停止。,由共享基础引擎、M3-BOUND与M5-BASE提供；只修正用户需要怎样的自主、共享、授权与空间结构，不直接判断具体关系现实中公平或安全。,M2只说明谁容易进入关系及资格证据；不能替代具体对象的同意、边界、资源和权力行为验证。,M3-BASE与M3-BOUND提供用户自然靠近、共享和边界通道；M5-BOUND负责判断双方如何共同治理。,无／按本规则指定的提议—知情—同意—执行—复核—重订路径路由。,近位、远位只修正该边界需求进入亲密关系核心的可能；不得据此判断具体伴侣一定尊重或越界。,根气只修正用户边界需求是否稳定重复，不等于双方已形成成熟治理。,旺弱只修正某项自主、共享、规则或空间功能的调用强度，不直接等于控制、回避或适配质量。,喜忌只修正功能调用顺畅度与摩擦，不可直接翻译为理想伴侣五行、十神或必然互补。,真合化成立时按化神功能重算边界需求；合化争议时停止细化边界画像。,近位提高该边界议题进入关系核心的可能；远位只保留背景或阶段性观察。,94,不加分；状态定义,boundary_state,个人空间较大，重要信息、最低联系、承诺和责任仍稳定。,你们可以保有较多独立空间，但连接和责任需要稳定可见。,不得仅凭本规则推出某人必然控制、回避、依赖、忠诚或适合结婚；不得把亲密解释为无隐私，把保护解释为替代决定，把贡献多少解释为决策权大小。现实安全、明确同意、可撤回性、持续行为、反例与双方意愿优先。,高,待验证,,boundary_state=BS03; provisional=true; rule_group=BOUND-BS状态,0.5
M5-BOUND-252,BS03 高独立且连接稳定｜成立条件,L4 边界状态,BOUND-BS状态,通用,门控,BS03,高独立且连接稳定,BV4以上；BO03、BO07、BO10可靠。,只有命盘结构、同源重复或单次事件。,由共享基础引擎、M3-BOUND与M5-BASE提供；只修正用户需要怎样的自主、共享、授权与空间结构，不直接判断具体关系现实中公平或安全。,M2只说明谁容易进入关系及资格证据；不能替代具体对象的同意、边界、资源和权力行为验证。,M3-BASE与M3-BOUND提供用户自然靠近、共享和边界通道；M5-BOUND负责判断双方如何共同治理。,无／按本规则指定的提议—知情—同意—执行—复核—重订路径路由。,近位、远位只修正该边界需求进入亲密关系核心的可能；不得据此判断具体伴侣一定尊重或越界。,根气只修正用户边界需求是否稳定重复，不等于双方已形成成熟治理。,旺弱只修正某项自主、共享、规则或空间功能的调用强度，不直接等于控制、回避或适配质量。,喜忌只修正功能调用顺畅度与摩擦，不可直接翻译为理想伴侣五行、十神或必然互补。,真合化成立时按化神功能重算边界需求；合化争议时停止细化边界画像。,近位提高该边界议题进入关系核心的可能；远位只保留背景或阶段性观察。,90,状态路由,boundary_state,高独立且连接稳定必须满足：BV4以上；BO03、BO07、BO10可靠。,判断到高独立且连接稳定，需要看到：BV4以上；BO03、BO07、BO10可靠。,不得仅凭本规则推出某人必然控制、回避、依赖、忠诚或适合结婚；不得把亲密解释为无隐私，把保护解释为替代决定，把贡献多少解释为决策权大小。现实安全、明确同意、可撤回性、持续行为、反例与双方意愿优先。,中高,待验证,,boundary_state=BS03; provisional=true; rule_group=BOUND-BS状态,0.5
M5-BOUND-253,BS03 高独立且连接稳定｜报告处理,L4 边界状态,BOUND-BS状态,通用,路由,BS03,高独立且连接稳定,BV4以上；BO03、BO07、BO10可靠。,资料与状态不一致。,由共享基础引擎、M3-BOUND与M5-BASE提供；只修正用户需要怎样的自主、共享、授权与空间结构，不直接判断具体关系现实中公平或安全。,M2只说明谁容易进入关系及资格证据；不能替代具体对象的同意、边界、资源和权力行为验证。,M3-BASE与M3-BOUND提供用户自然靠近、共享和边界通道；M5-BOUND负责判断双方如何共同治理。,无／按本规则指定的提议—知情—同意—执行—复核—重订路径路由。,近位、远位只修正该边界需求进入亲密关系核心的可能；不得据此判断具体伴侣一定尊重或越界。,根气只修正用户边界需求是否稳定重复，不等于双方已形成成熟治理。,旺弱只修正某项自主、共享、规则或空间功能的调用强度，不直接等于控制、回避或适配质量。,喜忌只修正功能调用顺畅度与摩擦，不可直接翻译为理想伴侣五行、十神或必然互补。,真合化成立时按化神功能重算边界需求；合化争议时停止细化边界画像。,近位提高该边界议题进入关系核心的可能；远位只保留背景或阶段性观察。,86,路由／降级,report_status,不把低频写成冷漠，也不忽略责任。,你们可以保有较多独立空间，但连接和责任需要稳定可见。,不得仅凭本规则推出某人必然控制、回避、依赖、忠诚或适合结婚；不得把亲密解释为无隐私，把保护解释为替代决定，把贡献多少解释为决策权大小。现实安全、明确同意、可撤回性、持续行为、反例与双方意愿优先。,中高,待验证,,boundary_state=BS03; provisional=true; rule_group=BOUND-BS状态,0.5
M5-BOUND-254,BS03 高独立且连接稳定｜升级与降级,L4 边界状态,BOUND-BS状态,通用,证据,BS03,高独立且连接稳定,至少两类独立边界事件来源。,只因一方口头尊重、双方十神相合或规则文本清楚。,由共享基础引擎、M3-BOUND与M5-BASE提供；只修正用户需要怎样的自主、共享、授权与空间结构，不直接判断具体关系现实中公平或安全。,M2只说明谁容易进入关系及资格证据；不能替代具体对象的同意、边界、资源和权力行为验证。,M3-BASE与M3-BOUND提供用户自然靠近、共享和边界通道；M5-BOUND负责判断双方如何共同治理。,无／按本规则指定的提议—知情—同意—执行—复核—重订路径路由。,近位、远位只修正该边界需求进入亲密关系核心的可能；不得据此判断具体伴侣一定尊重或越界。,根气只修正用户边界需求是否稳定重复，不等于双方已形成成熟治理。,旺弱只修正某项自主、共享、规则或空间功能的调用强度，不直接等于控制、回避或适配质量。,喜忌只修正功能调用顺畅度与摩擦，不可直接翻译为理想伴侣五行、十神或必然互补。,真合化成立时按化神功能重算边界需求；合化争议时停止细化边界画像。,近位提高该边界议题进入关系核心的可能；远位只保留背景或阶段性观察。,82,±8至±20,boundary_evidence_level,BS状态随现实边界证据变化，不由命理分值直接锁定。,随着真实事件增加，这个判断可以升级、降级或停止。,不得仅凭本规则推出某人必然控制、回避、依赖、忠诚或适合结婚；不得把亲密解释为无隐私，把保护解释为替代决定，把贡献多少解释为决策权大小。现实安全、明确同意、可撤回性、持续行为、反例与双方意愿优先。,中,待验证,,boundary_state=BS03; provisional=true; rule_group=BOUND-BS状态,0.5
M5-BOUND-255,BS03 高独立且连接稳定｜禁止人格化,L4 边界状态,BOUND-BS状态,通用,边界,BS03,高独立且连接稳定,输出BS状态。,现实存在强迫、控制或伤害时按事实和安全门控说明。,由共享基础引擎、M3-BOUND与M5-BASE提供；只修正用户需要怎样的自主、共享、授权与空间结构，不直接判断具体关系现实中公平或安全。,M2只说明谁容易进入关系及资格证据；不能替代具体对象的同意、边界、资源和权力行为验证。,M3-BASE与M3-BOUND提供用户自然靠近、共享和边界通道；M5-BOUND负责判断双方如何共同治理。,无／按本规则指定的提议—知情—同意—执行—复核—重订路径路由。,近位、远位只修正该边界需求进入亲密关系核心的可能；不得据此判断具体伴侣一定尊重或越界。,根气只修正用户边界需求是否稳定重复，不等于双方已形成成熟治理。,旺弱只修正某项自主、共享、规则或空间功能的调用强度，不直接等于控制、回避或适配质量。,喜忌只修正功能调用顺畅度与摩擦，不可直接翻译为理想伴侣五行、十神或必然互补。,真合化成立时按化神功能重算边界需求；合化争议时停止细化边界画像。,近位提高该边界议题进入关系核心的可能；远位只保留背景或阶段性观察。,98,不加分；伦理边界,boundary_note,保持中性、具体、行为化。,这是边界结构的描述，不是人格定罪。,不得仅凭本规则推出某人必然控制、回避、依赖、忠诚或适合结婚；不得把亲密解释为无隐私，把保护解释为替代决定，把贡献多少解释为决策权大小。现实安全、明确同意、可撤回性、持续行为、反例与双方意愿优先。,高,待验证,,boundary_state=BS03; provisional=true; rule_group=BOUND-BS状态,0.5
M5-BOUND-256,BS04 条件性授权与分工｜正式定义,L4 边界状态,BOUND-BS状态,通用,定义,BS04,条件性授权与分工,BV3以上；BM05／BM11成立，BO02、BO10可靠。,PR0安全停止。,由共享基础引擎、M3-BOUND与M5-BASE提供；只修正用户需要怎样的自主、共享、授权与空间结构，不直接判断具体关系现实中公平或安全。,M2只说明谁容易进入关系及资格证据；不能替代具体对象的同意、边界、资源和权力行为验证。,M3-BASE与M3-BOUND提供用户自然靠近、共享和边界通道；M5-BOUND负责判断双方如何共同治理。,无／按本规则指定的提议—知情—同意—执行—复核—重订路径路由。,近位、远位只修正该边界需求进入亲密关系核心的可能；不得据此判断具体伴侣一定尊重或越界。,根气只修正用户边界需求是否稳定重复，不等于双方已形成成熟治理。,旺弱只修正某项自主、共享、规则或空间功能的调用强度，不直接等于控制、回避或适配质量。,喜忌只修正功能调用顺畅度与摩擦，不可直接翻译为理想伴侣五行、十神或必然互补。,真合化成立时按化神功能重算边界需求；合化争议时停止细化边界画像。,近位提高该边界议题进入关系核心的可能；远位只保留背景或阶段性观察。,94,不加分；状态定义,boundary_state,某些领域由一方主导或临时授权，条件、范围和归还机制明确。,一方可以在某些事情上主导，但权限必须有范围、时限和归还。,不得仅凭本规则推出某人必然控制、回避、依赖、忠诚或适合结婚；不得把亲密解释为无隐私，把保护解释为替代决定，把贡献多少解释为决策权大小。现实安全、明确同意、可撤回性、持续行为、反例与双方意愿优先。,高,待验证,,boundary_state=BS04; provisional=true; rule_group=BOUND-BS状态,0.5
M5-BOUND-257,BS04 条件性授权与分工｜成立条件,L4 边界状态,BOUND-BS状态,通用,门控,BS04,条件性授权与分工,BV3以上；BM05／BM11成立，BO02、BO10可靠。,只有命盘结构、同源重复或单次事件。,由共享基础引擎、M3-BOUND与M5-BASE提供；只修正用户需要怎样的自主、共享、授权与空间结构，不直接判断具体关系现实中公平或安全。,M2只说明谁容易进入关系及资格证据；不能替代具体对象的同意、边界、资源和权力行为验证。,M3-BASE与M3-BOUND提供用户自然靠近、共享和边界通道；M5-BOUND负责判断双方如何共同治理。,无／按本规则指定的提议—知情—同意—执行—复核—重订路径路由。,近位、远位只修正该边界需求进入亲密关系核心的可能；不得据此判断具体伴侣一定尊重或越界。,根气只修正用户边界需求是否稳定重复，不等于双方已形成成熟治理。,旺弱只修正某项自主、共享、规则或空间功能的调用强度，不直接等于控制、回避或适配质量。,喜忌只修正功能调用顺畅度与摩擦，不可直接翻译为理想伴侣五行、十神或必然互补。,真合化成立时按化神功能重算边界需求；合化争议时停止细化边界画像。,近位提高该边界议题进入关系核心的可能；远位只保留背景或阶段性观察。,90,状态路由,boundary_state,条件性授权与分工必须满足：BV3以上；BM05／BM11成立，BO02、BO10可靠。,判断到条件性授权与分工，需要看到：BV3以上；BM05／BM11成立，BO02、BO10可靠。,不得仅凭本规则推出某人必然控制、回避、依赖、忠诚或适合结婚；不得把亲密解释为无隐私，把保护解释为替代决定，把贡献多少解释为决策权大小。现实安全、明确同意、可撤回性、持续行为、反例与双方意愿优先。,中高,待验证,,boundary_state=BS04; provisional=true; rule_group=BOUND-BS状态,0.5
M5-BOUND-258,BS04 条件性授权与分工｜报告处理,L4 边界状态,BOUND-BS状态,通用,路由,BS04,条件性授权与分工,BV3以上；BM05／BM11成立，BO02、BO10可靠。,资料与状态不一致。,由共享基础引擎、M3-BOUND与M5-BASE提供；只修正用户需要怎样的自主、共享、授权与空间结构，不直接判断具体关系现实中公平或安全。,M2只说明谁容易进入关系及资格证据；不能替代具体对象的同意、边界、资源和权力行为验证。,M3-BASE与M3-BOUND提供用户自然靠近、共享和边界通道；M5-BOUND负责判断双方如何共同治理。,无／按本规则指定的提议—知情—同意—执行—复核—重订路径路由。,近位、远位只修正该边界需求进入亲密关系核心的可能；不得据此判断具体伴侣一定尊重或越界。,根气只修正用户边界需求是否稳定重复，不等于双方已形成成熟治理。,旺弱只修正某项自主、共享、规则或空间功能的调用强度，不直接等于控制、回避或适配质量。,喜忌只修正功能调用顺畅度与摩擦，不可直接翻译为理想伴侣五行、十神或必然互补。,真合化成立时按化神功能重算边界需求；合化争议时停止细化边界画像。,近位提高该边界议题进入关系核心的可能；远位只保留背景或阶段性观察。,86,路由／降级,report_status,必须写明授权条件与撤回方式。,一方可以在某些事情上主导，但权限必须有范围、时限和归还。,不得仅凭本规则推出某人必然控制、回避、依赖、忠诚或适合结婚；不得把亲密解释为无隐私，把保护解释为替代决定，把贡献多少解释为决策权大小。现实安全、明确同意、可撤回性、持续行为、反例与双方意愿优先。,中高,待验证,,boundary_state=BS04; provisional=true; rule_group=BOUND-BS状态,0.5
M5-BOUND-259,BS04 条件性授权与分工｜升级与降级,L4 边界状态,BOUND-BS状态,通用,证据,BS04,条件性授权与分工,至少两类独立边界事件来源。,只因一方口头尊重、双方十神相合或规则文本清楚。,由共享基础引擎、M3-BOUND与M5-BASE提供；只修正用户需要怎样的自主、共享、授权与空间结构，不直接判断具体关系现实中公平或安全。,M2只说明谁容易进入关系及资格证据；不能替代具体对象的同意、边界、资源和权力行为验证。,M3-BASE与M3-BOUND提供用户自然靠近、共享和边界通道；M5-BOUND负责判断双方如何共同治理。,无／按本规则指定的提议—知情—同意—执行—复核—重订路径路由。,近位、远位只修正该边界需求进入亲密关系核心的可能；不得据此判断具体伴侣一定尊重或越界。,根气只修正用户边界需求是否稳定重复，不等于双方已形成成熟治理。,旺弱只修正某项自主、共享、规则或空间功能的调用强度，不直接等于控制、回避或适配质量。,喜忌只修正功能调用顺畅度与摩擦，不可直接翻译为理想伴侣五行、十神或必然互补。,真合化成立时按化神功能重算边界需求；合化争议时停止细化边界画像。,近位提高该边界议题进入关系核心的可能；远位只保留背景或阶段性观察。,82,±8至±20,boundary_evidence_level,BS状态随现实边界证据变化，不由命理分值直接锁定。,随着真实事件增加，这个判断可以升级、降级或停止。,不得仅凭本规则推出某人必然控制、回避、依赖、忠诚或适合结婚；不得把亲密解释为无隐私，把保护解释为替代决定，把贡献多少解释为决策权大小。现实安全、明确同意、可撤回性、持续行为、反例与双方意愿优先。,中,待验证,,boundary_state=BS04; provisional=true; rule_group=BOUND-BS状态,0.5
M5-BOUND-260,BS04 条件性授权与分工｜禁止人格化,L4 边界状态,BOUND-BS状态,通用,边界,BS04,条件性授权与分工,输出BS状态。,现实存在强迫、控制或伤害时按事实和安全门控说明。,由共享基础引擎、M3-BOUND与M5-BASE提供；只修正用户需要怎样的自主、共享、授权与空间结构，不直接判断具体关系现实中公平或安全。,M2只说明谁容易进入关系及资格证据；不能替代具体对象的同意、边界、资源和权力行为验证。,M3-BASE与M3-BOUND提供用户自然靠近、共享和边界通道；M5-BOUND负责判断双方如何共同治理。,无／按本规则指定的提议—知情—同意—执行—复核—重订路径路由。,近位、远位只修正该边界需求进入亲密关系核心的可能；不得据此判断具体伴侣一定尊重或越界。,根气只修正用户边界需求是否稳定重复，不等于双方已形成成熟治理。,旺弱只修正某项自主、共享、规则或空间功能的调用强度，不直接等于控制、回避或适配质量。,喜忌只修正功能调用顺畅度与摩擦，不可直接翻译为理想伴侣五行、十神或必然互补。,真合化成立时按化神功能重算边界需求；合化争议时停止细化边界画像。,近位提高该边界议题进入关系核心的可能；远位只保留背景或阶段性观察。,98,不加分；伦理边界,boundary_note,保持中性、具体、行为化。,这是边界结构的描述，不是人格定罪。,不得仅凭本规则推出某人必然控制、回避、依赖、忠诚或适合结婚；不得把亲密解释为无隐私，把保护解释为替代决定，把贡献多少解释为决策权大小。现实安全、明确同意、可撤回性、持续行为、反例与双方意愿优先。,高,待验证,,boundary_state=BS04; provisional=true; rule_group=BOUND-BS状态,0.5
M5-BOUND-261,BS05 规则清楚但执行未证｜正式定义,L4 边界状态,BOUND-BS状态,通用,定义,BS05,规则清楚但执行未证,BV1—BV2；规则文本或自述强。,PR0安全停止。,由共享基础引擎、M3-BOUND与M5-BASE提供；只修正用户需要怎样的自主、共享、授权与空间结构，不直接判断具体关系现实中公平或安全。,M2只说明谁容易进入关系及资格证据；不能替代具体对象的同意、边界、资源和权力行为验证。,M3-BASE与M3-BOUND提供用户自然靠近、共享和边界通道；M5-BOUND负责判断双方如何共同治理。,无／按本规则指定的提议—知情—同意—执行—复核—重订路径路由。,近位、远位只修正该边界需求进入亲密关系核心的可能；不得据此判断具体伴侣一定尊重或越界。,根气只修正用户边界需求是否稳定重复，不等于双方已形成成熟治理。,旺弱只修正某项自主、共享、规则或空间功能的调用强度，不直接等于控制、回避或适配质量。,喜忌只修正功能调用顺畅度与摩擦，不可直接翻译为理想伴侣五行、十神或必然互补。,真合化成立时按化神功能重算边界需求；合化争议时停止细化边界画像。,近位提高该边界议题进入关系核心的可能；远位只保留背景或阶段性观察。,94,不加分；状态定义,boundary_state,口头协议、制度或边界术语清楚，现实执行、压力与修复尚未充分验证。,规则说得很清楚，但还要看现实中能不能真正执行。,不得仅凭本规则推出某人必然控制、回避、依赖、忠诚或适合结婚；不得把亲密解释为无隐私，把保护解释为替代决定，把贡献多少解释为决策权大小。现实安全、明确同意、可撤回性、持续行为、反例与双方意愿优先。,高,待验证,,boundary_state=BS05; provisional=true; rule_group=BOUND-BS状态,0.5
M5-BOUND-262,BS05 规则清楚但执行未证｜成立条件,L4 边界状态,BOUND-BS状态,通用,门控,BS05,规则清楚但执行未证,BV1—BV2；规则文本或自述强。,只有命盘结构、同源重复或单次事件。,由共享基础引擎、M3-BOUND与M5-BASE提供；只修正用户需要怎样的自主、共享、授权与空间结构，不直接判断具体关系现实中公平或安全。,M2只说明谁容易进入关系及资格证据；不能替代具体对象的同意、边界、资源和权力行为验证。,M3-BASE与M3-BOUND提供用户自然靠近、共享和边界通道；M5-BOUND负责判断双方如何共同治理。,无／按本规则指定的提议—知情—同意—执行—复核—重订路径路由。,近位、远位只修正该边界需求进入亲密关系核心的可能；不得据此判断具体伴侣一定尊重或越界。,根气只修正用户边界需求是否稳定重复，不等于双方已形成成熟治理。,旺弱只修正某项自主、共享、规则或空间功能的调用强度，不直接等于控制、回避或适配质量。,喜忌只修正功能调用顺畅度与摩擦，不可直接翻译为理想伴侣五行、十神或必然互补。,真合化成立时按化神功能重算边界需求；合化争议时停止细化边界画像。,近位提高该边界议题进入关系核心的可能；远位只保留背景或阶段性观察。,90,状态路由,boundary_state,规则清楚但执行未证必须满足：BV1—BV2；规则文本或自述强。,判断到规则清楚但执行未证，需要看到：BV1—BV2；规则文本或自述强。,不得仅凭本规则推出某人必然控制、回避、依赖、忠诚或适合结婚；不得把亲密解释为无隐私，把保护解释为替代决定，把贡献多少解释为决策权大小。现实安全、明确同意、可撤回性、持续行为、反例与双方意愿优先。,中高,待验证,,boundary_state=BS05; provisional=true; rule_group=BOUND-BS状态,0.5
M5-BOUND-263,BS05 规则清楚但执行未证｜报告处理,L4 边界状态,BOUND-BS状态,通用,路由,BS05,规则清楚但执行未证,BV1—BV2；规则文本或自述强。,资料与状态不一致。,由共享基础引擎、M3-BOUND与M5-BASE提供；只修正用户需要怎样的自主、共享、授权与空间结构，不直接判断具体关系现实中公平或安全。,M2只说明谁容易进入关系及资格证据；不能替代具体对象的同意、边界、资源和权力行为验证。,M3-BASE与M3-BOUND提供用户自然靠近、共享和边界通道；M5-BOUND负责判断双方如何共同治理。,无／按本规则指定的提议—知情—同意—执行—复核—重订路径路由。,近位、远位只修正该边界需求进入亲密关系核心的可能；不得据此判断具体伴侣一定尊重或越界。,根气只修正用户边界需求是否稳定重复，不等于双方已形成成熟治理。,旺弱只修正某项自主、共享、规则或空间功能的调用强度，不直接等于控制、回避或适配质量。,喜忌只修正功能调用顺畅度与摩擦，不可直接翻译为理想伴侣五行、十神或必然互补。,真合化成立时按化神功能重算边界需求；合化争议时停止细化边界画像。,近位提高该边界议题进入关系核心的可能；远位只保留背景或阶段性观察。,86,路由／降级,report_status,只能写待验证，优先观察规则对自己不利时的表现。,规则说得很清楚，但还要看现实中能不能真正执行。,不得仅凭本规则推出某人必然控制、回避、依赖、忠诚或适合结婚；不得把亲密解释为无隐私，把保护解释为替代决定，把贡献多少解释为决策权大小。现实安全、明确同意、可撤回性、持续行为、反例与双方意愿优先。,中高,待验证,,boundary_state=BS05; provisional=true; rule_group=BOUND-BS状态,0.5
M5-BOUND-264,BS05 规则清楚但执行未证｜升级与降级,L4 边界状态,BOUND-BS状态,通用,证据,BS05,规则清楚但执行未证,至少两类独立边界事件来源。,只因一方口头尊重、双方十神相合或规则文本清楚。,由共享基础引擎、M3-BOUND与M5-BASE提供；只修正用户需要怎样的自主、共享、授权与空间结构，不直接判断具体关系现实中公平或安全。,M2只说明谁容易进入关系及资格证据；不能替代具体对象的同意、边界、资源和权力行为验证。,M3-BASE与M3-BOUND提供用户自然靠近、共享和边界通道；M5-BOUND负责判断双方如何共同治理。,无／按本规则指定的提议—知情—同意—执行—复核—重订路径路由。,近位、远位只修正该边界需求进入亲密关系核心的可能；不得据此判断具体伴侣一定尊重或越界。,根气只修正用户边界需求是否稳定重复，不等于双方已形成成熟治理。,旺弱只修正某项自主、共享、规则或空间功能的调用强度，不直接等于控制、回避或适配质量。,喜忌只修正功能调用顺畅度与摩擦，不可直接翻译为理想伴侣五行、十神或必然互补。,真合化成立时按化神功能重算边界需求；合化争议时停止细化边界画像。,近位提高该边界议题进入关系核心的可能；远位只保留背景或阶段性观察。,82,±8至±20,boundary_evidence_level,BS状态随现实边界证据变化，不由命理分值直接锁定。,随着真实事件增加，这个判断可以升级、降级或停止。,不得仅凭本规则推出某人必然控制、回避、依赖、忠诚或适合结婚；不得把亲密解释为无隐私，把保护解释为替代决定，把贡献多少解释为决策权大小。现实安全、明确同意、可撤回性、持续行为、反例与双方意愿优先。,中,待验证,,boundary_state=BS05; provisional=true; rule_group=BOUND-BS状态,0.5
M5-BOUND-265,BS05 规则清楚但执行未证｜禁止人格化,L4 边界状态,BOUND-BS状态,通用,边界,BS05,规则清楚但执行未证,输出BS状态。,现实存在强迫、控制或伤害时按事实和安全门控说明。,由共享基础引擎、M3-BOUND与M5-BASE提供；只修正用户需要怎样的自主、共享、授权与空间结构，不直接判断具体关系现实中公平或安全。,M2只说明谁容易进入关系及资格证据；不能替代具体对象的同意、边界、资源和权力行为验证。,M3-BASE与M3-BOUND提供用户自然靠近、共享和边界通道；M5-BOUND负责判断双方如何共同治理。,无／按本规则指定的提议—知情—同意—执行—复核—重订路径路由。,近位、远位只修正该边界需求进入亲密关系核心的可能；不得据此判断具体伴侣一定尊重或越界。,根气只修正用户边界需求是否稳定重复，不等于双方已形成成熟治理。,旺弱只修正某项自主、共享、规则或空间功能的调用强度，不直接等于控制、回避或适配质量。,喜忌只修正功能调用顺畅度与摩擦，不可直接翻译为理想伴侣五行、十神或必然互补。,真合化成立时按化神功能重算边界需求；合化争议时停止细化边界画像。,近位提高该边界议题进入关系核心的可能；远位只保留背景或阶段性观察。,98,不加分；伦理边界,boundary_note,保持中性、具体、行为化。,这是边界结构的描述，不是人格定罪。,不得仅凭本规则推出某人必然控制、回避、依赖、忠诚或适合结婚；不得把亲密解释为无隐私，把保护解释为替代决定，把贡献多少解释为决策权大小。现实安全、明确同意、可撤回性、持续行为、反例与双方意愿优先。,高,待验证,,boundary_state=BS05; provisional=true; rule_group=BOUND-BS状态,0.5
M5-BOUND-266,BS06 边界不对称候选｜正式定义,L4 边界状态,BOUND-BS状态,通用,定义,BS06,边界不对称候选,BV3以上；至少两个BO领域显示不对称。,PR0安全停止。,由共享基础引擎、M3-BOUND与M5-BASE提供；只修正用户需要怎样的自主、共享、授权与空间结构，不直接判断具体关系现实中公平或安全。,M2只说明谁容易进入关系及资格证据；不能替代具体对象的同意、边界、资源和权力行为验证。,M3-BASE与M3-BOUND提供用户自然靠近、共享和边界通道；M5-BOUND负责判断双方如何共同治理。,无／按本规则指定的提议—知情—同意—执行—复核—重订路径路由。,近位、远位只修正该边界需求进入亲密关系核心的可能；不得据此判断具体伴侣一定尊重或越界。,根气只修正用户边界需求是否稳定重复，不等于双方已形成成熟治理。,旺弱只修正某项自主、共享、规则或空间功能的调用强度，不直接等于控制、回避或适配质量。,喜忌只修正功能调用顺畅度与摩擦，不可直接翻译为理想伴侣五行、十神或必然互补。,真合化成立时按化神功能重算边界需求；合化争议时停止细化边界画像。,近位提高该边界议题进入关系核心的可能；远位只保留背景或阶段性观察。,94,不加分；状态定义,boundary_state,一方拥有更多知情、访问、决定、社交或暂停权，另一方相对受限。,需要认真检查双方是否享有同样的知情、拒绝和调整权。,不得仅凭本规则推出某人必然控制、回避、依赖、忠诚或适合结婚；不得把亲密解释为无隐私，把保护解释为替代决定，把贡献多少解释为决策权大小。现实安全、明确同意、可撤回性、持续行为、反例与双方意愿优先。,高,待验证,,boundary_state=BS06; provisional=true; rule_group=BOUND-BS状态,0.5
M5-BOUND-267,BS06 边界不对称候选｜成立条件,L4 边界状态,BOUND-BS状态,通用,门控,BS06,边界不对称候选,BV3以上；至少两个BO领域显示不对称。,只有命盘结构、同源重复或单次事件。,由共享基础引擎、M3-BOUND与M5-BASE提供；只修正用户需要怎样的自主、共享、授权与空间结构，不直接判断具体关系现实中公平或安全。,M2只说明谁容易进入关系及资格证据；不能替代具体对象的同意、边界、资源和权力行为验证。,M3-BASE与M3-BOUND提供用户自然靠近、共享和边界通道；M5-BOUND负责判断双方如何共同治理。,无／按本规则指定的提议—知情—同意—执行—复核—重订路径路由。,近位、远位只修正该边界需求进入亲密关系核心的可能；不得据此判断具体伴侣一定尊重或越界。,根气只修正用户边界需求是否稳定重复，不等于双方已形成成熟治理。,旺弱只修正某项自主、共享、规则或空间功能的调用强度，不直接等于控制、回避或适配质量。,喜忌只修正功能调用顺畅度与摩擦，不可直接翻译为理想伴侣五行、十神或必然互补。,真合化成立时按化神功能重算边界需求；合化争议时停止细化边界画像。,近位提高该边界议题进入关系核心的可能；远位只保留背景或阶段性观察。,90,状态路由,boundary_state,边界不对称候选必须满足：BV3以上；至少两个BO领域显示不对称。,判断到边界不对称候选，需要看到：BV3以上；至少两个BO领域显示不对称。,不得仅凭本规则推出某人必然控制、回避、依赖、忠诚或适合结婚；不得把亲密解释为无隐私，把保护解释为替代决定，把贡献多少解释为决策权大小。现实安全、明确同意、可撤回性、持续行为、反例与双方意愿优先。,中高,待验证,,boundary_state=BS06; provisional=true; rule_group=BOUND-BS状态,0.5
M5-BOUND-268,BS06 边界不对称候选｜报告处理,L4 边界状态,BOUND-BS状态,通用,路由,BS06,边界不对称候选,BV3以上；至少两个BO领域显示不对称。,资料与状态不一致。,由共享基础引擎、M3-BOUND与M5-BASE提供；只修正用户需要怎样的自主、共享、授权与空间结构，不直接判断具体关系现实中公平或安全。,M2只说明谁容易进入关系及资格证据；不能替代具体对象的同意、边界、资源和权力行为验证。,M3-BASE与M3-BOUND提供用户自然靠近、共享和边界通道；M5-BOUND负责判断双方如何共同治理。,无／按本规则指定的提议—知情—同意—执行—复核—重订路径路由。,近位、远位只修正该边界需求进入亲密关系核心的可能；不得据此判断具体伴侣一定尊重或越界。,根气只修正用户边界需求是否稳定重复，不等于双方已形成成熟治理。,旺弱只修正某项自主、共享、规则或空间功能的调用强度，不直接等于控制、回避或适配质量。,喜忌只修正功能调用顺畅度与摩擦，不可直接翻译为理想伴侣五行、十神或必然互补。,真合化成立时按化神功能重算边界需求；合化争议时停止细化边界画像。,近位提高该边界议题进入关系核心的可能；远位只保留背景或阶段性观察。,86,路由／降级,report_status,进一步检查协商、补偿、阶段性与权力来源。,需要认真检查双方是否享有同样的知情、拒绝和调整权。,不得仅凭本规则推出某人必然控制、回避、依赖、忠诚或适合结婚；不得把亲密解释为无隐私，把保护解释为替代决定，把贡献多少解释为决策权大小。现实安全、明确同意、可撤回性、持续行为、反例与双方意愿优先。,中高,待验证,,boundary_state=BS06; provisional=true; rule_group=BOUND-BS状态,0.5
M5-BOUND-269,BS06 边界不对称候选｜升级与降级,L4 边界状态,BOUND-BS状态,通用,证据,BS06,边界不对称候选,至少两类独立边界事件来源。,只因一方口头尊重、双方十神相合或规则文本清楚。,由共享基础引擎、M3-BOUND与M5-BASE提供；只修正用户需要怎样的自主、共享、授权与空间结构，不直接判断具体关系现实中公平或安全。,M2只说明谁容易进入关系及资格证据；不能替代具体对象的同意、边界、资源和权力行为验证。,M3-BASE与M3-BOUND提供用户自然靠近、共享和边界通道；M5-BOUND负责判断双方如何共同治理。,无／按本规则指定的提议—知情—同意—执行—复核—重订路径路由。,近位、远位只修正该边界需求进入亲密关系核心的可能；不得据此判断具体伴侣一定尊重或越界。,根气只修正用户边界需求是否稳定重复，不等于双方已形成成熟治理。,旺弱只修正某项自主、共享、规则或空间功能的调用强度，不直接等于控制、回避或适配质量。,喜忌只修正功能调用顺畅度与摩擦，不可直接翻译为理想伴侣五行、十神或必然互补。,真合化成立时按化神功能重算边界需求；合化争议时停止细化边界画像。,近位提高该边界议题进入关系核心的可能；远位只保留背景或阶段性观察。,82,±8至±20,boundary_evidence_level,BS状态随现实边界证据变化，不由命理分值直接锁定。,随着真实事件增加，这个判断可以升级、降级或停止。,不得仅凭本规则推出某人必然控制、回避、依赖、忠诚或适合结婚；不得把亲密解释为无隐私，把保护解释为替代决定，把贡献多少解释为决策权大小。现实安全、明确同意、可撤回性、持续行为、反例与双方意愿优先。,中,待验证,,boundary_state=BS06; provisional=true; rule_group=BOUND-BS状态,0.5
M5-BOUND-270,BS06 边界不对称候选｜禁止人格化,L4 边界状态,BOUND-BS状态,通用,边界,BS06,边界不对称候选,输出BS状态。,现实存在强迫、控制或伤害时按事实和安全门控说明。,由共享基础引擎、M3-BOUND与M5-BASE提供；只修正用户需要怎样的自主、共享、授权与空间结构，不直接判断具体关系现实中公平或安全。,M2只说明谁容易进入关系及资格证据；不能替代具体对象的同意、边界、资源和权力行为验证。,M3-BASE与M3-BOUND提供用户自然靠近、共享和边界通道；M5-BOUND负责判断双方如何共同治理。,无／按本规则指定的提议—知情—同意—执行—复核—重订路径路由。,近位、远位只修正该边界需求进入亲密关系核心的可能；不得据此判断具体伴侣一定尊重或越界。,根气只修正用户边界需求是否稳定重复，不等于双方已形成成熟治理。,旺弱只修正某项自主、共享、规则或空间功能的调用强度，不直接等于控制、回避或适配质量。,喜忌只修正功能调用顺畅度与摩擦，不可直接翻译为理想伴侣五行、十神或必然互补。,真合化成立时按化神功能重算边界需求；合化争议时停止细化边界画像。,近位提高该边界议题进入关系核心的可能；远位只保留背景或阶段性观察。,98,不加分；伦理边界,boundary_note,保持中性、具体、行为化。,这是边界结构的描述，不是人格定罪。,不得仅凭本规则推出某人必然控制、回避、依赖、忠诚或适合结婚；不得把亲密解释为无隐私，把保护解释为替代决定，把贡献多少解释为决策权大小。现实安全、明确同意、可撤回性、持续行为、反例与双方意愿优先。,高,待验证,,boundary_state=BS06; provisional=true; rule_group=BOUND-BS状态,0.5
M5-BOUND-271,BS07 控制与失权风险候选｜正式定义,L4 边界状态,BOUND-BS状态,通用,定义,BS07,控制与失权风险候选,BV3以上且BO04/BO05/BO06/BO08存在严重现实信号。,PR0安全停止。,由共享基础引擎、M3-BOUND与M5-BASE提供；只修正用户需要怎样的自主、共享、授权与空间结构，不直接判断具体关系现实中公平或安全。,M2只说明谁容易进入关系及资格证据；不能替代具体对象的同意、边界、资源和权力行为验证。,M3-BASE与M3-BOUND提供用户自然靠近、共享和边界通道；M5-BOUND负责判断双方如何共同治理。,无／按本规则指定的提议—知情—同意—执行—复核—重订路径路由。,近位、远位只修正该边界需求进入亲密关系核心的可能；不得据此判断具体伴侣一定尊重或越界。,根气只修正用户边界需求是否稳定重复，不等于双方已形成成熟治理。,旺弱只修正某项自主、共享、规则或空间功能的调用强度，不直接等于控制、回避或适配质量。,喜忌只修正功能调用顺畅度与摩擦，不可直接翻译为理想伴侣五行、十神或必然互补。,真合化成立时按化神功能重算边界需求；合化争议时停止细化边界画像。,近位提高该边界议题进入关系核心的可能；远位只保留背景或阶段性观察。,94,不加分；状态定义,boundary_state,资源、信息、身体、社交或决定权持续集中，并伴随惩罚、威胁或难以退出。,这已经不只是普通边界差异，需要优先看安全、选择权和现实支持。,不得仅凭本规则推出某人必然控制、回避、依赖、忠诚或适合结婚；不得把亲密解释为无隐私，把保护解释为替代决定，把贡献多少解释为决策权大小。现实安全、明确同意、可撤回性、持续行为、反例与双方意愿优先。,高,待验证,,boundary_state=BS07; provisional=true; rule_group=BOUND-BS状态,0.5
M5-BOUND-272,BS07 控制与失权风险候选｜成立条件,L4 边界状态,BOUND-BS状态,通用,门控,BS07,控制与失权风险候选,BV3以上且BO04/BO05/BO06/BO08存在严重现实信号。,只有命盘结构、同源重复或单次事件。,由共享基础引擎、M3-BOUND与M5-BASE提供；只修正用户需要怎样的自主、共享、授权与空间结构，不直接判断具体关系现实中公平或安全。,M2只说明谁容易进入关系及资格证据；不能替代具体对象的同意、边界、资源和权力行为验证。,M3-BASE与M3-BOUND提供用户自然靠近、共享和边界通道；M5-BOUND负责判断双方如何共同治理。,无／按本规则指定的提议—知情—同意—执行—复核—重订路径路由。,近位、远位只修正该边界需求进入亲密关系核心的可能；不得据此判断具体伴侣一定尊重或越界。,根气只修正用户边界需求是否稳定重复，不等于双方已形成成熟治理。,旺弱只修正某项自主、共享、规则或空间功能的调用强度，不直接等于控制、回避或适配质量。,喜忌只修正功能调用顺畅度与摩擦，不可直接翻译为理想伴侣五行、十神或必然互补。,真合化成立时按化神功能重算边界需求；合化争议时停止细化边界画像。,近位提高该边界议题进入关系核心的可能；远位只保留背景或阶段性观察。,90,状态路由,boundary_state,控制与失权风险候选必须满足：BV3以上且BO04/BO05/BO06/BO08存在严重现实信号。,判断到控制与失权风险候选，需要看到：BV3以上且BO04/BO05/BO06/BO08存在严重现实信号。,不得仅凭本规则推出某人必然控制、回避、依赖、忠诚或适合结婚；不得把亲密解释为无隐私，把保护解释为替代决定，把贡献多少解释为决策权大小。现实安全、明确同意、可撤回性、持续行为、反例与双方意愿优先。,中高,待验证,,boundary_state=BS07; provisional=true; rule_group=BOUND-BS状态,0.5
M5-BOUND-273,BS07 控制与失权风险候选｜报告处理,L4 边界状态,BOUND-BS状态,通用,路由,BS07,控制与失权风险候选,BV3以上且BO04/BO05/BO06/BO08存在严重现实信号。,资料与状态不一致。,由共享基础引擎、M3-BOUND与M5-BASE提供；只修正用户需要怎样的自主、共享、授权与空间结构，不直接判断具体关系现实中公平或安全。,M2只说明谁容易进入关系及资格证据；不能替代具体对象的同意、边界、资源和权力行为验证。,M3-BASE与M3-BOUND提供用户自然靠近、共享和边界通道；M5-BOUND负责判断双方如何共同治理。,无／按本规则指定的提议—知情—同意—执行—复核—重订路径路由。,近位、远位只修正该边界需求进入亲密关系核心的可能；不得据此判断具体伴侣一定尊重或越界。,根气只修正用户边界需求是否稳定重复，不等于双方已形成成熟治理。,旺弱只修正某项自主、共享、规则或空间功能的调用强度，不直接等于控制、回避或适配质量。,喜忌只修正功能调用顺畅度与摩擦，不可直接翻译为理想伴侣五行、十神或必然互补。,真合化成立时按化神功能重算边界需求；合化争议时停止细化边界画像。,近位提高该边界议题进入关系核心的可能；远位只保留背景或阶段性观察。,86,路由／降级,report_status,若安全事实成立，立即停止普通适配分析。,这已经不只是普通边界差异，需要优先看安全、选择权和现实支持。,不得仅凭本规则推出某人必然控制、回避、依赖、忠诚或适合结婚；不得把亲密解释为无隐私，把保护解释为替代决定，把贡献多少解释为决策权大小。现实安全、明确同意、可撤回性、持续行为、反例与双方意愿优先。,中高,待验证,,boundary_state=BS07; provisional=true; rule_group=BOUND-BS状态,0.5
M5-BOUND-274,BS07 控制与失权风险候选｜升级与降级,L4 边界状态,BOUND-BS状态,通用,证据,BS07,控制与失权风险候选,至少两类独立边界事件来源。,只因一方口头尊重、双方十神相合或规则文本清楚。,由共享基础引擎、M3-BOUND与M5-BASE提供；只修正用户需要怎样的自主、共享、授权与空间结构，不直接判断具体关系现实中公平或安全。,M2只说明谁容易进入关系及资格证据；不能替代具体对象的同意、边界、资源和权力行为验证。,M3-BASE与M3-BOUND提供用户自然靠近、共享和边界通道；M5-BOUND负责判断双方如何共同治理。,无／按本规则指定的提议—知情—同意—执行—复核—重订路径路由。,近位、远位只修正该边界需求进入亲密关系核心的可能；不得据此判断具体伴侣一定尊重或越界。,根气只修正用户边界需求是否稳定重复，不等于双方已形成成熟治理。,旺弱只修正某项自主、共享、规则或空间功能的调用强度，不直接等于控制、回避或适配质量。,喜忌只修正功能调用顺畅度与摩擦，不可直接翻译为理想伴侣五行、十神或必然互补。,真合化成立时按化神功能重算边界需求；合化争议时停止细化边界画像。,近位提高该边界议题进入关系核心的可能；远位只保留背景或阶段性观察。,82,±8至±20,boundary_evidence_level,BS状态随现实边界证据变化，不由命理分值直接锁定。,随着真实事件增加，这个判断可以升级、降级或停止。,不得仅凭本规则推出某人必然控制、回避、依赖、忠诚或适合结婚；不得把亲密解释为无隐私，把保护解释为替代决定，把贡献多少解释为决策权大小。现实安全、明确同意、可撤回性、持续行为、反例与双方意愿优先。,中,待验证,,boundary_state=BS07; provisional=true; rule_group=BOUND-BS状态,0.5
M5-BOUND-275,BS07 控制与失权风险候选｜禁止人格化,L4 边界状态,BOUND-BS状态,通用,边界,BS07,控制与失权风险候选,输出BS状态。,现实存在强迫、控制或伤害时按事实和安全门控说明。,由共享基础引擎、M3-BOUND与M5-BASE提供；只修正用户需要怎样的自主、共享、授权与空间结构，不直接判断具体关系现实中公平或安全。,M2只说明谁容易进入关系及资格证据；不能替代具体对象的同意、边界、资源和权力行为验证。,M3-BASE与M3-BOUND提供用户自然靠近、共享和边界通道；M5-BOUND负责判断双方如何共同治理。,无／按本规则指定的提议—知情—同意—执行—复核—重订路径路由。,近位、远位只修正该边界需求进入亲密关系核心的可能；不得据此判断具体伴侣一定尊重或越界。,根气只修正用户边界需求是否稳定重复，不等于双方已形成成熟治理。,旺弱只修正某项自主、共享、规则或空间功能的调用强度，不直接等于控制、回避或适配质量。,喜忌只修正功能调用顺畅度与摩擦，不可直接翻译为理想伴侣五行、十神或必然互补。,真合化成立时按化神功能重算边界需求；合化争议时停止细化边界画像。,近位提高该边界议题进入关系核心的可能；远位只保留背景或阶段性观察。,98,不加分；伦理边界,boundary_note,保持中性、具体、行为化。,这是边界结构的描述，不是人格定罪。,不得仅凭本规则推出某人必然控制、回避、依赖、忠诚或适合结婚；不得把亲密解释为无隐私，把保护解释为替代决定，把贡献多少解释为决策权大小。现实安全、明确同意、可撤回性、持续行为、反例与双方意愿优先。,高,待验证,,boundary_state=BS07; provisional=true; rule_group=BOUND-BS状态,0.5
M5-BOUND-276,BS08 边界未定／安全停止｜正式定义,L4 边界状态,BOUND-BS状态,通用,定义,BS08,边界未定／安全停止,BV0—BV1或PR0停止。,PR0安全停止。,由共享基础引擎、M3-BOUND与M5-BASE提供；只修正用户需要怎样的自主、共享、授权与空间结构，不直接判断具体关系现实中公平或安全。,M2只说明谁容易进入关系及资格证据；不能替代具体对象的同意、边界、资源和权力行为验证。,M3-BASE与M3-BOUND提供用户自然靠近、共享和边界通道；M5-BOUND负责判断双方如何共同治理。,无／按本规则指定的提议—知情—同意—执行—复核—重订路径路由。,近位、远位只修正该边界需求进入亲密关系核心的可能；不得据此判断具体伴侣一定尊重或越界。,根气只修正用户边界需求是否稳定重复，不等于双方已形成成熟治理。,旺弱只修正某项自主、共享、规则或空间功能的调用强度，不直接等于控制、回避或适配质量。,喜忌只修正功能调用顺畅度与摩擦，不可直接翻译为理想伴侣五行、十神或必然互补。,真合化成立时按化神功能重算边界需求；合化争议时停止细化边界画像。,近位提高该边界议题进入关系核心的可能；远位只保留背景或阶段性观察。,94,不加分；状态定义,boundary_state,资料不足、相互矛盾、合化争议或存在现实安全门控。,目前不适合给关系边界下普通结论，先补充事实或处理安全问题。,不得仅凭本规则推出某人必然控制、回避、依赖、忠诚或适合结婚；不得把亲密解释为无隐私，把保护解释为替代决定，把贡献多少解释为决策权大小。现实安全、明确同意、可撤回性、持续行为、反例与双方意愿优先。,高,待验证,,boundary_state=BS08; provisional=true; rule_group=BOUND-BS状态,0.5
M5-BOUND-277,BS08 边界未定／安全停止｜成立条件,L4 边界状态,BOUND-BS状态,通用,门控,BS08,边界未定／安全停止,BV0—BV1或PR0停止。,只有命盘结构、同源重复或单次事件。,由共享基础引擎、M3-BOUND与M5-BASE提供；只修正用户需要怎样的自主、共享、授权与空间结构，不直接判断具体关系现实中公平或安全。,M2只说明谁容易进入关系及资格证据；不能替代具体对象的同意、边界、资源和权力行为验证。,M3-BASE与M3-BOUND提供用户自然靠近、共享和边界通道；M5-BOUND负责判断双方如何共同治理。,无／按本规则指定的提议—知情—同意—执行—复核—重订路径路由。,近位、远位只修正该边界需求进入亲密关系核心的可能；不得据此判断具体伴侣一定尊重或越界。,根气只修正用户边界需求是否稳定重复，不等于双方已形成成熟治理。,旺弱只修正某项自主、共享、规则或空间功能的调用强度，不直接等于控制、回避或适配质量。,喜忌只修正功能调用顺畅度与摩擦，不可直接翻译为理想伴侣五行、十神或必然互补。,真合化成立时按化神功能重算边界需求；合化争议时停止细化边界画像。,近位提高该边界议题进入关系核心的可能；远位只保留背景或阶段性观察。,90,状态路由,boundary_state,边界未定／安全停止必须满足：BV0—BV1或PR0停止。,判断到边界未定／安全停止，需要看到：BV0—BV1或PR0停止。,不得仅凭本规则推出某人必然控制、回避、依赖、忠诚或适合结婚；不得把亲密解释为无隐私，把保护解释为替代决定，把贡献多少解释为决策权大小。现实安全、明确同意、可撤回性、持续行为、反例与双方意愿优先。,中高,待验证,,boundary_state=BS08; provisional=true; rule_group=BOUND-BS状态,0.5
M5-BOUND-278,BS08 边界未定／安全停止｜报告处理,L4 边界状态,BOUND-BS状态,通用,路由,BS08,边界未定／安全停止,BV0—BV1或PR0停止。,资料与状态不一致。,由共享基础引擎、M3-BOUND与M5-BASE提供；只修正用户需要怎样的自主、共享、授权与空间结构，不直接判断具体关系现实中公平或安全。,M2只说明谁容易进入关系及资格证据；不能替代具体对象的同意、边界、资源和权力行为验证。,M3-BASE与M3-BOUND提供用户自然靠近、共享和边界通道；M5-BOUND负责判断双方如何共同治理。,无／按本规则指定的提议—知情—同意—执行—复核—重订路径路由。,近位、远位只修正该边界需求进入亲密关系核心的可能；不得据此判断具体伴侣一定尊重或越界。,根气只修正用户边界需求是否稳定重复，不等于双方已形成成熟治理。,旺弱只修正某项自主、共享、规则或空间功能的调用强度，不直接等于控制、回避或适配质量。,喜忌只修正功能调用顺畅度与摩擦，不可直接翻译为理想伴侣五行、十神或必然互补。,真合化成立时按化神功能重算边界需求；合化争议时停止细化边界画像。,近位提高该边界议题进入关系核心的可能；远位只保留背景或阶段性观察。,86,路由／降级,report_status,只输出需补资料、现实支持或安全建议。,目前不适合给关系边界下普通结论，先补充事实或处理安全问题。,不得仅凭本规则推出某人必然控制、回避、依赖、忠诚或适合结婚；不得把亲密解释为无隐私，把保护解释为替代决定，把贡献多少解释为决策权大小。现实安全、明确同意、可撤回性、持续行为、反例与双方意愿优先。,中高,待验证,,boundary_state=BS08; provisional=true; rule_group=BOUND-BS状态,0.5
M5-BOUND-279,BS08 边界未定／安全停止｜升级与降级,L4 边界状态,BOUND-BS状态,通用,证据,BS08,边界未定／安全停止,至少两类独立边界事件来源。,只因一方口头尊重、双方十神相合或规则文本清楚。,由共享基础引擎、M3-BOUND与M5-BASE提供；只修正用户需要怎样的自主、共享、授权与空间结构，不直接判断具体关系现实中公平或安全。,M2只说明谁容易进入关系及资格证据；不能替代具体对象的同意、边界、资源和权力行为验证。,M3-BASE与M3-BOUND提供用户自然靠近、共享和边界通道；M5-BOUND负责判断双方如何共同治理。,无／按本规则指定的提议—知情—同意—执行—复核—重订路径路由。,近位、远位只修正该边界需求进入亲密关系核心的可能；不得据此判断具体伴侣一定尊重或越界。,根气只修正用户边界需求是否稳定重复，不等于双方已形成成熟治理。,旺弱只修正某项自主、共享、规则或空间功能的调用强度，不直接等于控制、回避或适配质量。,喜忌只修正功能调用顺畅度与摩擦，不可直接翻译为理想伴侣五行、十神或必然互补。,真合化成立时按化神功能重算边界需求；合化争议时停止细化边界画像。,近位提高该边界议题进入关系核心的可能；远位只保留背景或阶段性观察。,82,±8至±20,boundary_evidence_level,BS状态随现实边界证据变化，不由命理分值直接锁定。,随着真实事件增加，这个判断可以升级、降级或停止。,不得仅凭本规则推出某人必然控制、回避、依赖、忠诚或适合结婚；不得把亲密解释为无隐私，把保护解释为替代决定，把贡献多少解释为决策权大小。现实安全、明确同意、可撤回性、持续行为、反例与双方意愿优先。,中,待验证,,boundary_state=BS08; provisional=true; rule_group=BOUND-BS状态,0.5
M5-BOUND-280,BS08 边界未定／安全停止｜禁止人格化,L4 边界状态,BOUND-BS状态,通用,边界,BS08,边界未定／安全停止,输出BS状态。,现实存在强迫、控制或伤害时按事实和安全门控说明。,由共享基础引擎、M3-BOUND与M5-BASE提供；只修正用户需要怎样的自主、共享、授权与空间结构，不直接判断具体关系现实中公平或安全。,M2只说明谁容易进入关系及资格证据；不能替代具体对象的同意、边界、资源和权力行为验证。,M3-BASE与M3-BOUND提供用户自然靠近、共享和边界通道；M5-BOUND负责判断双方如何共同治理。,无／按本规则指定的提议—知情—同意—执行—复核—重订路径路由。,近位、远位只修正该边界需求进入亲密关系核心的可能；不得据此判断具体伴侣一定尊重或越界。,根气只修正用户边界需求是否稳定重复，不等于双方已形成成熟治理。,旺弱只修正某项自主、共享、规则或空间功能的调用强度，不直接等于控制、回避或适配质量。,喜忌只修正功能调用顺畅度与摩擦，不可直接翻译为理想伴侣五行、十神或必然互补。,真合化成立时按化神功能重算边界需求；合化争议时停止细化边界画像。,近位提高该边界议题进入关系核心的可能；远位只保留背景或阶段性观察。,98,不加分；伦理边界,boundary_note,保持中性、具体、行为化。,这是边界结构的描述，不是人格定罪。,不得仅凭本规则推出某人必然控制、回避、依赖、忠诚或适合结婚；不得把亲密解释为无隐私，把保护解释为替代决定，把贡献多少解释为决策权大小。现实安全、明确同意、可撤回性、持续行为、反例与双方意愿优先。,高,待验证,,boundary_state=BS08; provisional=true; rule_group=BOUND-BS状态,0.5
M5-BOUND-281,BV0 无现实边界证据｜正式定义,L5 现实边界证据深度,BOUND-BV证据,通用,定义,BV0,无现实边界证据,评估双方边界、决定、同意、资源或空间事件。,无。,由共享基础引擎、M3-BOUND与M5-BASE提供；只修正用户需要怎样的自主、共享、授权与空间结构，不直接判断具体关系现实中公平或安全。,M2只说明谁容易进入关系及资格证据；不能替代具体对象的同意、边界、资源和权力行为验证。,M3-BASE与M3-BOUND提供用户自然靠近、共享和边界通道；M5-BOUND负责判断双方如何共同治理。,无／按本规则指定的提议—知情—同意—执行—复核—重订路径路由。,近位、远位只修正该边界需求进入亲密关系核心的可能；不得据此判断具体伴侣一定尊重或越界。,根气只修正用户边界需求是否稳定重复，不等于双方已形成成熟治理。,旺弱只修正某项自主、共享、规则或空间功能的调用强度，不直接等于控制、回避或适配质量。,喜忌只修正功能调用顺畅度与摩擦，不可直接翻译为理想伴侣五行、十神或必然互补。,真合化成立时按化神功能重算边界需求；合化争议时停止细化边界画像。,近位提高该边界议题进入关系核心的可能；远位只保留背景或阶段性观察。,96,不加分；证据定义,boundary_evidence_level,只有命盘需求或抽象理想，没有具体边界事件。,当前边界证据层级：无现实边界证据。,不得仅凭本规则推出某人必然控制、回避、依赖、忠诚或适合结婚；不得把亲密解释为无隐私，把保护解释为替代决定，把贡献多少解释为决策权大小。现实安全、明确同意、可撤回性、持续行为、反例与双方意愿优先。,高,待验证,,boundary_evidence=BV0; provisional=true; rule_group=BOUND-BV证据,0.5
M5-BOUND-282,BV0 无现实边界证据｜最低资料,L5 现实边界证据深度,BOUND-BV证据,通用,证据,BV0,无现实边界证据,只有命盘需求或抽象理想，没有具体边界事件。,没有相应现实资料。,由共享基础引擎、M3-BOUND与M5-BASE提供；只修正用户需要怎样的自主、共享、授权与空间结构，不直接判断具体关系现实中公平或安全。,M2只说明谁容易进入关系及资格证据；不能替代具体对象的同意、边界、资源和权力行为验证。,M3-BASE与M3-BOUND提供用户自然靠近、共享和边界通道；M5-BOUND负责判断双方如何共同治理。,无／按本规则指定的提议—知情—同意—执行—复核—重订路径路由。,近位、远位只修正该边界需求进入亲密关系核心的可能；不得据此判断具体伴侣一定尊重或越界。,根气只修正用户边界需求是否稳定重复，不等于双方已形成成熟治理。,旺弱只修正某项自主、共享、规则或空间功能的调用强度，不直接等于控制、回避或适配质量。,喜忌只修正功能调用顺畅度与摩擦，不可直接翻译为理想伴侣五行、十神或必然互补。,真合化成立时按化神功能重算边界需求；合化争议时停止细化边界画像。,近位提高该边界议题进入关系核心的可能；远位只保留背景或阶段性观察。,88,BV路由,boundary_evidence_level,BV0的最低资料是：只有命盘需求或抽象理想，没有具体边界事件。,这一层主要依据：只有命盘需求或抽象理想，没有具体边界事件。,不得仅凭本规则推出某人必然控制、回避、依赖、忠诚或适合结婚；不得把亲密解释为无隐私，把保护解释为替代决定，把贡献多少解释为决策权大小。现实安全、明确同意、可撤回性、持续行为、反例与双方意愿优先。,中高,待验证,,boundary_evidence=BV0; provisional=true; rule_group=BOUND-BV证据,0.5
M5-BOUND-283,BV0 无现实边界证据｜允许发布,L5 现实边界证据深度,BOUND-BV证据,通用,输出,BV0,无现实边界证据,BV0成立。,试图越级到更强结论。,由共享基础引擎、M3-BOUND与M5-BASE提供；只修正用户需要怎样的自主、共享、授权与空间结构，不直接判断具体关系现实中公平或安全。,M2只说明谁容易进入关系及资格证据；不能替代具体对象的同意、边界、资源和权力行为验证。,M3-BASE与M3-BOUND提供用户自然靠近、共享和边界通道；M5-BOUND负责判断双方如何共同治理。,无／按本规则指定的提议—知情—同意—执行—复核—重订路径路由。,近位、远位只修正该边界需求进入亲密关系核心的可能；不得据此判断具体伴侣一定尊重或越界。,根气只修正用户边界需求是否稳定重复，不等于双方已形成成熟治理。,旺弱只修正某项自主、共享、规则或空间功能的调用强度，不直接等于控制、回避或适配质量。,喜忌只修正功能调用顺畅度与摩擦，不可直接翻译为理想伴侣五行、十神或必然互补。,真合化成立时按化神功能重算边界需求；合化争议时停止细化边界画像。,近位提高该边界议题进入关系核心的可能；远位只保留背景或阶段性观察。,84,发布上限,report_text,只能建立观察清单和领域划分。,只能建立观察清单和领域划分。,不得仅凭本规则推出某人必然控制、回避、依赖、忠诚或适合结婚；不得把亲密解释为无隐私，把保护解释为替代决定，把贡献多少解释为决策权大小。现实安全、明确同意、可撤回性、持续行为、反例与双方意愿优先。,中高,待验证,,boundary_evidence=BV0; provisional=true; rule_group=BOUND-BV证据,0.5
M5-BOUND-284,BV0 无现实边界证据｜禁止发布,L5 现实边界证据深度,BOUND-BV证据,通用,边界,BV0,无现实边界证据,BV0成立。,无。,由共享基础引擎、M3-BOUND与M5-BASE提供；只修正用户需要怎样的自主、共享、授权与空间结构，不直接判断具体关系现实中公平或安全。,M2只说明谁容易进入关系及资格证据；不能替代具体对象的同意、边界、资源和权力行为验证。,M3-BASE与M3-BOUND提供用户自然靠近、共享和边界通道；M5-BOUND负责判断双方如何共同治理。,无／按本规则指定的提议—知情—同意—执行—复核—重订路径路由。,近位、远位只修正该边界需求进入亲密关系核心的可能；不得据此判断具体伴侣一定尊重或越界。,根气只修正用户边界需求是否稳定重复，不等于双方已形成成熟治理。,旺弱只修正某项自主、共享、规则或空间功能的调用强度，不直接等于控制、回避或适配质量。,喜忌只修正功能调用顺畅度与摩擦，不可直接翻译为理想伴侣五行、十神或必然互补。,真合化成立时按化神功能重算边界需求；合化争议时停止细化边界画像。,近位提高该边界议题进入关系核心的可能；远位只保留背景或阶段性观察。,95,不加分；边界,boundary_note,不能判断尊重、控制、共享或独立状态。,目前还不能：不能判断尊重、控制、共享或独立状态。,不得仅凭本规则推出某人必然控制、回避、依赖、忠诚或适合结婚；不得把亲密解释为无隐私，把保护解释为替代决定，把贡献多少解释为决策权大小。现实安全、明确同意、可撤回性、持续行为、反例与双方意愿优先。,高,待验证,,boundary_evidence=BV0; provisional=true; rule_group=BOUND-BV证据,0.5
M5-BOUND-285,BV0 无现实边界证据｜升级任务,L5 现实边界证据深度,BOUND-BV证据,通用,路由,BV0,无现实边界证据,准备从BV0升级。,安全、资料或反例停止。,由共享基础引擎、M3-BOUND与M5-BASE提供；只修正用户需要怎样的自主、共享、授权与空间结构，不直接判断具体关系现实中公平或安全。,M2只说明谁容易进入关系及资格证据；不能替代具体对象的同意、边界、资源和权力行为验证。,M3-BASE与M3-BOUND提供用户自然靠近、共享和边界通道；M5-BOUND负责判断双方如何共同治理。,无／按本规则指定的提议—知情—同意—执行—复核—重订路径路由。,近位、远位只修正该边界需求进入亲密关系核心的可能；不得据此判断具体伴侣一定尊重或越界。,根气只修正用户边界需求是否稳定重复，不等于双方已形成成熟治理。,旺弱只修正某项自主、共享、规则或空间功能的调用强度，不直接等于控制、回避或适配质量。,喜忌只修正功能调用顺畅度与摩擦，不可直接翻译为理想伴侣五行、十神或必然互补。,真合化成立时按化神功能重算边界需求；合化争议时停止细化边界画像。,近位提高该边界议题进入关系核心的可能；远位只保留背景或阶段性观察。,76,不加分；观察计划,observation_plan,补充至少一个具体决定、拒绝、资源或空间事件。,下一步观察：补充至少一个具体决定、拒绝、资源或空间事件。,不得仅凭本规则推出某人必然控制、回避、依赖、忠诚或适合结婚；不得把亲密解释为无隐私，把保护解释为替代决定，把贡献多少解释为决策权大小。现实安全、明确同意、可撤回性、持续行为、反例与双方意愿优先。,中,待验证,,boundary_evidence=BV0; provisional=true; rule_group=BOUND-BV证据,0.5
M5-BOUND-286,BV0 无现实边界证据｜与FG关系,L5 现实边界证据深度,BOUND-BV证据,通用,接口,BV0,无现实边界证据,BV0可用。,把BV直接等同FG。,由共享基础引擎、M3-BOUND与M5-BASE提供；只修正用户需要怎样的自主、共享、授权与空间结构，不直接判断具体关系现实中公平或安全。,M2只说明谁容易进入关系及资格证据；不能替代具体对象的同意、边界、资源和权力行为验证。,M3-BASE与M3-BOUND提供用户自然靠近、共享和边界通道；M5-BOUND负责判断双方如何共同治理。,无／按本规则指定的提议—知情—同意—执行—复核—重订路径路由。,近位、远位只修正该边界需求进入亲密关系核心的可能；不得据此判断具体伴侣一定尊重或越界。,根气只修正用户边界需求是否稳定重复，不等于双方已形成成熟治理。,旺弱只修正某项自主、共享、规则或空间功能的调用强度，不直接等于控制、回避或适配质量。,喜忌只修正功能调用顺畅度与摩擦，不可直接翻译为理想伴侣五行、十神或必然互补。,真合化成立时按化神功能重算边界需求；合化争议时停止细化边界画像。,近位提高该边界议题进入关系核心的可能；远位只保留背景或阶段性观察。,92,不加分；去耦,fit_grade,BV与FG分开计算。,边界证据更深，但最终适配仍需综合现实门槛。,不得仅凭本规则推出某人必然控制、回避、依赖、忠诚或适合结婚；不得把亲密解释为无隐私，把保护解释为替代决定，把贡献多少解释为决策权大小。现实安全、明确同意、可撤回性、持续行为、反例与双方意愿优先。,高,待验证,,boundary_evidence=BV0; provisional=true; rule_group=BOUND-BV证据,0.5
M5-BOUND-287,BV1 标签／口头协议证据｜正式定义,L5 现实边界证据深度,BOUND-BV证据,通用,定义,BV1,标签／口头协议证据,评估双方边界、决定、同意、资源或空间事件。,无。,由共享基础引擎、M3-BOUND与M5-BASE提供；只修正用户需要怎样的自主、共享、授权与空间结构，不直接判断具体关系现实中公平或安全。,M2只说明谁容易进入关系及资格证据；不能替代具体对象的同意、边界、资源和权力行为验证。,M3-BASE与M3-BOUND提供用户自然靠近、共享和边界通道；M5-BOUND负责判断双方如何共同治理。,无／按本规则指定的提议—知情—同意—执行—复核—重订路径路由。,近位、远位只修正该边界需求进入亲密关系核心的可能；不得据此判断具体伴侣一定尊重或越界。,根气只修正用户边界需求是否稳定重复，不等于双方已形成成熟治理。,旺弱只修正某项自主、共享、规则或空间功能的调用强度，不直接等于控制、回避或适配质量。,喜忌只修正功能调用顺畅度与摩擦，不可直接翻译为理想伴侣五行、十神或必然互补。,真合化成立时按化神功能重算边界需求；合化争议时停止细化边界画像。,近位提高该边界议题进入关系核心的可能；远位只保留背景或阶段性观察。,96,不加分；证据定义,boundary_evidence_level,只有“很尊重”“很自由”“很透明”等自述或规则文本。,当前边界证据层级：标签／口头协议证据。,不得仅凭本规则推出某人必然控制、回避、依赖、忠诚或适合结婚；不得把亲密解释为无隐私，把保护解释为替代决定，把贡献多少解释为决策权大小。现实安全、明确同意、可撤回性、持续行为、反例与双方意愿优先。,高,待验证,,boundary_evidence=BV1; provisional=true; rule_group=BOUND-BV证据,0.5
M5-BOUND-288,BV1 标签／口头协议证据｜最低资料,L5 现实边界证据深度,BOUND-BV证据,通用,证据,BV1,标签／口头协议证据,只有“很尊重”“很自由”“很透明”等自述或规则文本。,没有相应现实资料。,由共享基础引擎、M3-BOUND与M5-BASE提供；只修正用户需要怎样的自主、共享、授权与空间结构，不直接判断具体关系现实中公平或安全。,M2只说明谁容易进入关系及资格证据；不能替代具体对象的同意、边界、资源和权力行为验证。,M3-BASE与M3-BOUND提供用户自然靠近、共享和边界通道；M5-BOUND负责判断双方如何共同治理。,无／按本规则指定的提议—知情—同意—执行—复核—重订路径路由。,近位、远位只修正该边界需求进入亲密关系核心的可能；不得据此判断具体伴侣一定尊重或越界。,根气只修正用户边界需求是否稳定重复，不等于双方已形成成熟治理。,旺弱只修正某项自主、共享、规则或空间功能的调用强度，不直接等于控制、回避或适配质量。,喜忌只修正功能调用顺畅度与摩擦，不可直接翻译为理想伴侣五行、十神或必然互补。,真合化成立时按化神功能重算边界需求；合化争议时停止细化边界画像。,近位提高该边界议题进入关系核心的可能；远位只保留背景或阶段性观察。,88,BV路由,boundary_evidence_level,BV1的最低资料是：只有“很尊重”“很自由”“很透明”等自述或规则文本。,这一层主要依据：只有“很尊重”“很自由”“很透明”等自述或规则文本。,不得仅凭本规则推出某人必然控制、回避、依赖、忠诚或适合结婚；不得把亲密解释为无隐私，把保护解释为替代决定，把贡献多少解释为决策权大小。现实安全、明确同意、可撤回性、持续行为、反例与双方意愿优先。,中高,待验证,,boundary_evidence=BV1; provisional=true; rule_group=BOUND-BV证据,0.5
M5-BOUND-289,BV1 标签／口头协议证据｜允许发布,L5 现实边界证据深度,BOUND-BV证据,通用,输出,BV1,标签／口头协议证据,BV1成立。,试图越级到更强结论。,由共享基础引擎、M3-BOUND与M5-BASE提供；只修正用户需要怎样的自主、共享、授权与空间结构，不直接判断具体关系现实中公平或安全。,M2只说明谁容易进入关系及资格证据；不能替代具体对象的同意、边界、资源和权力行为验证。,M3-BASE与M3-BOUND提供用户自然靠近、共享和边界通道；M5-BOUND负责判断双方如何共同治理。,无／按本规则指定的提议—知情—同意—执行—复核—重订路径路由。,近位、远位只修正该边界需求进入亲密关系核心的可能；不得据此判断具体伴侣一定尊重或越界。,根气只修正用户边界需求是否稳定重复，不等于双方已形成成熟治理。,旺弱只修正某项自主、共享、规则或空间功能的调用强度，不直接等于控制、回避或适配质量。,喜忌只修正功能调用顺畅度与摩擦，不可直接翻译为理想伴侣五行、十神或必然互补。,真合化成立时按化神功能重算边界需求；合化争议时停止细化边界画像。,近位提高该边界议题进入关系核心的可能；远位只保留背景或阶段性观察。,84,发布上限,report_text,可以形成待核验假设。,可以形成待核验假设。,不得仅凭本规则推出某人必然控制、回避、依赖、忠诚或适合结婚；不得把亲密解释为无隐私，把保护解释为替代决定，把贡献多少解释为决策权大小。现实安全、明确同意、可撤回性、持续行为、反例与双方意愿优先。,中高,待验证,,boundary_evidence=BV1; provisional=true; rule_group=BOUND-BV证据,0.5
M5-BOUND-290,BV1 标签／口头协议证据｜禁止发布,L5 现实边界证据深度,BOUND-BV证据,通用,边界,BV1,标签／口头协议证据,BV1成立。,无。,由共享基础引擎、M3-BOUND与M5-BASE提供；只修正用户需要怎样的自主、共享、授权与空间结构，不直接判断具体关系现实中公平或安全。,M2只说明谁容易进入关系及资格证据；不能替代具体对象的同意、边界、资源和权力行为验证。,M3-BASE与M3-BOUND提供用户自然靠近、共享和边界通道；M5-BOUND负责判断双方如何共同治理。,无／按本规则指定的提议—知情—同意—执行—复核—重订路径路由。,近位、远位只修正该边界需求进入亲密关系核心的可能；不得据此判断具体伴侣一定尊重或越界。,根气只修正用户边界需求是否稳定重复，不等于双方已形成成熟治理。,旺弱只修正某项自主、共享、规则或空间功能的调用强度，不直接等于控制、回避或适配质量。,喜忌只修正功能调用顺畅度与摩擦，不可直接翻译为理想伴侣五行、十神或必然互补。,真合化成立时按化神功能重算边界需求；合化争议时停止细化边界画像。,近位提高该边界议题进入关系核心的可能；远位只保留背景或阶段性观察。,95,不加分；边界,boundary_note,不能写边界稳定或公平。,目前还不能：不能写边界稳定或公平。,不得仅凭本规则推出某人必然控制、回避、依赖、忠诚或适合结婚；不得把亲密解释为无隐私，把保护解释为替代决定，把贡献多少解释为决策权大小。现实安全、明确同意、可撤回性、持续行为、反例与双方意愿优先。,高,待验证,,boundary_evidence=BV1; provisional=true; rule_group=BOUND-BV证据,0.5
M5-BOUND-291,BV1 标签／口头协议证据｜升级任务,L5 现实边界证据深度,BOUND-BV证据,通用,路由,BV1,标签／口头协议证据,准备从BV1升级。,安全、资料或反例停止。,由共享基础引擎、M3-BOUND与M5-BASE提供；只修正用户需要怎样的自主、共享、授权与空间结构，不直接判断具体关系现实中公平或安全。,M2只说明谁容易进入关系及资格证据；不能替代具体对象的同意、边界、资源和权力行为验证。,M3-BASE与M3-BOUND提供用户自然靠近、共享和边界通道；M5-BOUND负责判断双方如何共同治理。,无／按本规则指定的提议—知情—同意—执行—复核—重订路径路由。,近位、远位只修正该边界需求进入亲密关系核心的可能；不得据此判断具体伴侣一定尊重或越界。,根气只修正用户边界需求是否稳定重复，不等于双方已形成成熟治理。,旺弱只修正某项自主、共享、规则或空间功能的调用强度，不直接等于控制、回避或适配质量。,喜忌只修正功能调用顺畅度与摩擦，不可直接翻译为理想伴侣五行、十神或必然互补。,真合化成立时按化神功能重算边界需求；合化争议时停止细化边界画像。,近位提高该边界议题进入关系核心的可能；远位只保留背景或阶段性观察。,76,不加分；观察计划,observation_plan,观察规则对双方不利时是否仍执行。,下一步观察：观察规则对双方不利时是否仍执行。,不得仅凭本规则推出某人必然控制、回避、依赖、忠诚或适合结婚；不得把亲密解释为无隐私，把保护解释为替代决定，把贡献多少解释为决策权大小。现实安全、明确同意、可撤回性、持续行为、反例与双方意愿优先。,中,待验证,,boundary_evidence=BV1; provisional=true; rule_group=BOUND-BV证据,0.5
M5-BOUND-292,BV1 标签／口头协议证据｜与FG关系,L5 现实边界证据深度,BOUND-BV证据,通用,接口,BV1,标签／口头协议证据,BV1可用。,把BV直接等同FG。,由共享基础引擎、M3-BOUND与M5-BASE提供；只修正用户需要怎样的自主、共享、授权与空间结构，不直接判断具体关系现实中公平或安全。,M2只说明谁容易进入关系及资格证据；不能替代具体对象的同意、边界、资源和权力行为验证。,M3-BASE与M3-BOUND提供用户自然靠近、共享和边界通道；M5-BOUND负责判断双方如何共同治理。,无／按本规则指定的提议—知情—同意—执行—复核—重订路径路由。,近位、远位只修正该边界需求进入亲密关系核心的可能；不得据此判断具体伴侣一定尊重或越界。,根气只修正用户边界需求是否稳定重复，不等于双方已形成成熟治理。,旺弱只修正某项自主、共享、规则或空间功能的调用强度，不直接等于控制、回避或适配质量。,喜忌只修正功能调用顺畅度与摩擦，不可直接翻译为理想伴侣五行、十神或必然互补。,真合化成立时按化神功能重算边界需求；合化争议时停止细化边界画像。,近位提高该边界议题进入关系核心的可能；远位只保留背景或阶段性观察。,92,不加分；去耦,fit_grade,BV与FG分开计算。,边界证据更深，但最终适配仍需综合现实门槛。,不得仅凭本规则推出某人必然控制、回避、依赖、忠诚或适合结婚；不得把亲密解释为无隐私，把保护解释为替代决定，把贡献多少解释为决策权大小。现实安全、明确同意、可撤回性、持续行为、反例与双方意愿优先。,高,待验证,,boundary_evidence=BV1; provisional=true; rule_group=BOUND-BV证据,0.5
M5-BOUND-293,BV2 单次边界事件｜正式定义,L5 现实边界证据深度,BOUND-BV证据,通用,定义,BV2,单次边界事件,评估双方边界、决定、同意、资源或空间事件。,无。,由共享基础引擎、M3-BOUND与M5-BASE提供；只修正用户需要怎样的自主、共享、授权与空间结构，不直接判断具体关系现实中公平或安全。,M2只说明谁容易进入关系及资格证据；不能替代具体对象的同意、边界、资源和权力行为验证。,M3-BASE与M3-BOUND提供用户自然靠近、共享和边界通道；M5-BOUND负责判断双方如何共同治理。,无／按本规则指定的提议—知情—同意—执行—复核—重订路径路由。,近位、远位只修正该边界需求进入亲密关系核心的可能；不得据此判断具体伴侣一定尊重或越界。,根气只修正用户边界需求是否稳定重复，不等于双方已形成成熟治理。,旺弱只修正某项自主、共享、规则或空间功能的调用强度，不直接等于控制、回避或适配质量。,喜忌只修正功能调用顺畅度与摩擦，不可直接翻译为理想伴侣五行、十神或必然互补。,真合化成立时按化神功能重算边界需求；合化争议时停止细化边界画像。,近位提高该边界议题进入关系核心的可能；远位只保留背景或阶段性观察。,96,不加分；证据定义,boundary_evidence_level,有一次拒绝、授权、共享、越界或修复事件。,当前边界证据层级：单次边界事件。,不得仅凭本规则推出某人必然控制、回避、依赖、忠诚或适合结婚；不得把亲密解释为无隐私，把保护解释为替代决定，把贡献多少解释为决策权大小。现实安全、明确同意、可撤回性、持续行为、反例与双方意愿优先。,高,待验证,,boundary_evidence=BV2; provisional=true; rule_group=BOUND-BV证据,0.5
M5-BOUND-294,BV2 单次边界事件｜最低资料,L5 现实边界证据深度,BOUND-BV证据,通用,证据,BV2,单次边界事件,有一次拒绝、授权、共享、越界或修复事件。,没有相应现实资料。,由共享基础引擎、M3-BOUND与M5-BASE提供；只修正用户需要怎样的自主、共享、授权与空间结构，不直接判断具体关系现实中公平或安全。,M2只说明谁容易进入关系及资格证据；不能替代具体对象的同意、边界、资源和权力行为验证。,M3-BASE与M3-BOUND提供用户自然靠近、共享和边界通道；M5-BOUND负责判断双方如何共同治理。,无／按本规则指定的提议—知情—同意—执行—复核—重订路径路由。,近位、远位只修正该边界需求进入亲密关系核心的可能；不得据此判断具体伴侣一定尊重或越界。,根气只修正用户边界需求是否稳定重复，不等于双方已形成成熟治理。,旺弱只修正某项自主、共享、规则或空间功能的调用强度，不直接等于控制、回避或适配质量。,喜忌只修正功能调用顺畅度与摩擦，不可直接翻译为理想伴侣五行、十神或必然互补。,真合化成立时按化神功能重算边界需求；合化争议时停止细化边界画像。,近位提高该边界议题进入关系核心的可能；远位只保留背景或阶段性观察。,88,BV路由,boundary_evidence_level,BV2的最低资料是：有一次拒绝、授权、共享、越界或修复事件。,这一层主要依据：有一次拒绝、授权、共享、越界或修复事件。,不得仅凭本规则推出某人必然控制、回避、依赖、忠诚或适合结婚；不得把亲密解释为无隐私，把保护解释为替代决定，把贡献多少解释为决策权大小。现实安全、明确同意、可撤回性、持续行为、反例与双方意愿优先。,中高,待验证,,boundary_evidence=BV2; provisional=true; rule_group=BOUND-BV证据,0.5
M5-BOUND-295,BV2 单次边界事件｜允许发布,L5 现实边界证据深度,BOUND-BV证据,通用,输出,BV2,单次边界事件,BV2成立。,试图越级到更强结论。,由共享基础引擎、M3-BOUND与M5-BASE提供；只修正用户需要怎样的自主、共享、授权与空间结构，不直接判断具体关系现实中公平或安全。,M2只说明谁容易进入关系及资格证据；不能替代具体对象的同意、边界、资源和权力行为验证。,M3-BASE与M3-BOUND提供用户自然靠近、共享和边界通道；M5-BOUND负责判断双方如何共同治理。,无／按本规则指定的提议—知情—同意—执行—复核—重订路径路由。,近位、远位只修正该边界需求进入亲密关系核心的可能；不得据此判断具体伴侣一定尊重或越界。,根气只修正用户边界需求是否稳定重复，不等于双方已形成成熟治理。,旺弱只修正某项自主、共享、规则或空间功能的调用强度，不直接等于控制、回避或适配质量。,喜忌只修正功能调用顺畅度与摩擦，不可直接翻译为理想伴侣五行、十神或必然互补。,真合化成立时按化神功能重算边界需求；合化争议时停止细化边界画像。,近位提高该边界议题进入关系核心的可能；远位只保留背景或阶段性观察。,84,发布上限,report_text,可以描述这次事件怎样处理。,可以描述这次事件怎样处理。,不得仅凭本规则推出某人必然控制、回避、依赖、忠诚或适合结婚；不得把亲密解释为无隐私，把保护解释为替代决定，把贡献多少解释为决策权大小。现实安全、明确同意、可撤回性、持续行为、反例与双方意愿优先。,中高,待验证,,boundary_evidence=BV2; provisional=true; rule_group=BOUND-BV证据,0.5
M5-BOUND-296,BV2 单次边界事件｜禁止发布,L5 现实边界证据深度,BOUND-BV证据,通用,边界,BV2,单次边界事件,BV2成立。,无。,由共享基础引擎、M3-BOUND与M5-BASE提供；只修正用户需要怎样的自主、共享、授权与空间结构，不直接判断具体关系现实中公平或安全。,M2只说明谁容易进入关系及资格证据；不能替代具体对象的同意、边界、资源和权力行为验证。,M3-BASE与M3-BOUND提供用户自然靠近、共享和边界通道；M5-BOUND负责判断双方如何共同治理。,无／按本规则指定的提议—知情—同意—执行—复核—重订路径路由。,近位、远位只修正该边界需求进入亲密关系核心的可能；不得据此判断具体伴侣一定尊重或越界。,根气只修正用户边界需求是否稳定重复，不等于双方已形成成熟治理。,旺弱只修正某项自主、共享、规则或空间功能的调用强度，不直接等于控制、回避或适配质量。,喜忌只修正功能调用顺畅度与摩擦，不可直接翻译为理想伴侣五行、十神或必然互补。,真合化成立时按化神功能重算边界需求；合化争议时停止细化边界画像。,近位提高该边界议题进入关系核心的可能；远位只保留背景或阶段性观察。,95,不加分；边界,boundary_note,不能写长期模式。,目前还不能：不能写长期模式。,不得仅凭本规则推出某人必然控制、回避、依赖、忠诚或适合结婚；不得把亲密解释为无隐私，把保护解释为替代决定，把贡献多少解释为决策权大小。现实安全、明确同意、可撤回性、持续行为、反例与双方意愿优先。,高,待验证,,boundary_evidence=BV2; provisional=true; rule_group=BOUND-BV证据,0.5
M5-BOUND-297,BV2 单次边界事件｜升级任务,L5 现实边界证据深度,BOUND-BV证据,通用,路由,BV2,单次边界事件,准备从BV2升级。,安全、资料或反例停止。,由共享基础引擎、M3-BOUND与M5-BASE提供；只修正用户需要怎样的自主、共享、授权与空间结构，不直接判断具体关系现实中公平或安全。,M2只说明谁容易进入关系及资格证据；不能替代具体对象的同意、边界、资源和权力行为验证。,M3-BASE与M3-BOUND提供用户自然靠近、共享和边界通道；M5-BOUND负责判断双方如何共同治理。,无／按本规则指定的提议—知情—同意—执行—复核—重订路径路由。,近位、远位只修正该边界需求进入亲密关系核心的可能；不得据此判断具体伴侣一定尊重或越界。,根气只修正用户边界需求是否稳定重复，不等于双方已形成成熟治理。,旺弱只修正某项自主、共享、规则或空间功能的调用强度，不直接等于控制、回避或适配质量。,喜忌只修正功能调用顺畅度与摩擦，不可直接翻译为理想伴侣五行、十神或必然互补。,真合化成立时按化神功能重算边界需求；合化争议时停止细化边界画像。,近位提高该边界议题进入关系核心的可能；远位只保留背景或阶段性观察。,76,不加分；观察计划,observation_plan,观察同领域是否重复。,下一步观察：观察同领域是否重复。,不得仅凭本规则推出某人必然控制、回避、依赖、忠诚或适合结婚；不得把亲密解释为无隐私，把保护解释为替代决定，把贡献多少解释为决策权大小。现实安全、明确同意、可撤回性、持续行为、反例与双方意愿优先。,中,待验证,,boundary_evidence=BV2; provisional=true; rule_group=BOUND-BV证据,0.5
M5-BOUND-298,BV2 单次边界事件｜与FG关系,L5 现实边界证据深度,BOUND-BV证据,通用,接口,BV2,单次边界事件,BV2可用。,把BV直接等同FG。,由共享基础引擎、M3-BOUND与M5-BASE提供；只修正用户需要怎样的自主、共享、授权与空间结构，不直接判断具体关系现实中公平或安全。,M2只说明谁容易进入关系及资格证据；不能替代具体对象的同意、边界、资源和权力行为验证。,M3-BASE与M3-BOUND提供用户自然靠近、共享和边界通道；M5-BOUND负责判断双方如何共同治理。,无／按本规则指定的提议—知情—同意—执行—复核—重订路径路由。,近位、远位只修正该边界需求进入亲密关系核心的可能；不得据此判断具体伴侣一定尊重或越界。,根气只修正用户边界需求是否稳定重复，不等于双方已形成成熟治理。,旺弱只修正某项自主、共享、规则或空间功能的调用强度，不直接等于控制、回避或适配质量。,喜忌只修正功能调用顺畅度与摩擦，不可直接翻译为理想伴侣五行、十神或必然互补。,真合化成立时按化神功能重算边界需求；合化争议时停止细化边界画像。,近位提高该边界议题进入关系核心的可能；远位只保留背景或阶段性观察。,92,不加分；去耦,fit_grade,BV与FG分开计算。,边界证据更深，但最终适配仍需综合现实门槛。,不得仅凭本规则推出某人必然控制、回避、依赖、忠诚或适合结婚；不得把亲密解释为无隐私，把保护解释为替代决定，把贡献多少解释为决策权大小。现实安全、明确同意、可撤回性、持续行为、反例与双方意愿优先。,高,待验证,,boundary_evidence=BV2; provisional=true; rule_group=BOUND-BV证据,0.5
M5-BOUND-299,BV3 同领域重复证据｜正式定义,L5 现实边界证据深度,BOUND-BV证据,通用,定义,BV3,同领域重复证据,评估双方边界、决定、同意、资源或空间事件。,无。,由共享基础引擎、M3-BOUND与M5-BASE提供；只修正用户需要怎样的自主、共享、授权与空间结构，不直接判断具体关系现实中公平或安全。,M2只说明谁容易进入关系及资格证据；不能替代具体对象的同意、边界、资源和权力行为验证。,M3-BASE与M3-BOUND提供用户自然靠近、共享和边界通道；M5-BOUND负责判断双方如何共同治理。,无／按本规则指定的提议—知情—同意—执行—复核—重订路径路由。,近位、远位只修正该边界需求进入亲密关系核心的可能；不得据此判断具体伴侣一定尊重或越界。,根气只修正用户边界需求是否稳定重复，不等于双方已形成成熟治理。,旺弱只修正某项自主、共享、规则或空间功能的调用强度，不直接等于控制、回避或适配质量。,喜忌只修正功能调用顺畅度与摩擦，不可直接翻译为理想伴侣五行、十神或必然互补。,真合化成立时按化神功能重算边界需求；合化争议时停止细化边界画像。,近位提高该边界议题进入关系核心的可能；远位只保留背景或阶段性观察。,96,不加分；证据定义,boundary_evidence_level,在同一领域多次出现相似的同意、决定或边界行为。,当前边界证据层级：同领域重复证据。,不得仅凭本规则推出某人必然控制、回避、依赖、忠诚或适合结婚；不得把亲密解释为无隐私，把保护解释为替代决定，把贡献多少解释为决策权大小。现实安全、明确同意、可撤回性、持续行为、反例与双方意愿优先。,高,待验证,,boundary_evidence=BV3; provisional=true; rule_group=BOUND-BV证据,0.5
M5-BOUND-300,BV3 同领域重复证据｜最低资料,L5 现实边界证据深度,BOUND-BV证据,通用,证据,BV3,同领域重复证据,在同一领域多次出现相似的同意、决定或边界行为。,没有相应现实资料。,由共享基础引擎、M3-BOUND与M5-BASE提供；只修正用户需要怎样的自主、共享、授权与空间结构，不直接判断具体关系现实中公平或安全。,M2只说明谁容易进入关系及资格证据；不能替代具体对象的同意、边界、资源和权力行为验证。,M3-BASE与M3-BOUND提供用户自然靠近、共享和边界通道；M5-BOUND负责判断双方如何共同治理。,无／按本规则指定的提议—知情—同意—执行—复核—重订路径路由。,近位、远位只修正该边界需求进入亲密关系核心的可能；不得据此判断具体伴侣一定尊重或越界。,根气只修正用户边界需求是否稳定重复，不等于双方已形成成熟治理。,旺弱只修正某项自主、共享、规则或空间功能的调用强度，不直接等于控制、回避或适配质量。,喜忌只修正功能调用顺畅度与摩擦，不可直接翻译为理想伴侣五行、十神或必然互补。,真合化成立时按化神功能重算边界需求；合化争议时停止细化边界画像。,近位提高该边界议题进入关系核心的可能；远位只保留背景或阶段性观察。,88,BV路由,boundary_evidence_level,BV3的最低资料是：在同一领域多次出现相似的同意、决定或边界行为。,这一层主要依据：在同一领域多次出现相似的同意、决定或边界行为。,不得仅凭本规则推出某人必然控制、回避、依赖、忠诚或适合结婚；不得把亲密解释为无隐私，把保护解释为替代决定，把贡献多少解释为决策权大小。现实安全、明确同意、可撤回性、持续行为、反例与双方意愿优先。,中高,待验证,,boundary_evidence=BV3; provisional=true; rule_group=BOUND-BV证据,0.5
M5-BOUND-301,BV3 同领域重复证据｜允许发布,L5 现实边界证据深度,BOUND-BV证据,通用,输出,BV3,同领域重复证据,BV3成立。,试图越级到更强结论。,由共享基础引擎、M3-BOUND与M5-BASE提供；只修正用户需要怎样的自主、共享、授权与空间结构，不直接判断具体关系现实中公平或安全。,M2只说明谁容易进入关系及资格证据；不能替代具体对象的同意、边界、资源和权力行为验证。,M3-BASE与M3-BOUND提供用户自然靠近、共享和边界通道；M5-BOUND负责判断双方如何共同治理。,无／按本规则指定的提议—知情—同意—执行—复核—重订路径路由。,近位、远位只修正该边界需求进入亲密关系核心的可能；不得据此判断具体伴侣一定尊重或越界。,根气只修正用户边界需求是否稳定重复，不等于双方已形成成熟治理。,旺弱只修正某项自主、共享、规则或空间功能的调用强度，不直接等于控制、回避或适配质量。,喜忌只修正功能调用顺畅度与摩擦，不可直接翻译为理想伴侣五行、十神或必然互补。,真合化成立时按化神功能重算边界需求；合化争议时停止细化边界画像。,近位提高该边界议题进入关系核心的可能；远位只保留背景或阶段性观察。,84,发布上限,report_text,可建立该领域边界状态候选。,可建立该领域边界状态候选。,不得仅凭本规则推出某人必然控制、回避、依赖、忠诚或适合结婚；不得把亲密解释为无隐私，把保护解释为替代决定，把贡献多少解释为决策权大小。现实安全、明确同意、可撤回性、持续行为、反例与双方意愿优先。,中高,待验证,,boundary_evidence=BV3; provisional=true; rule_group=BOUND-BV证据,0.5
M5-BOUND-302,BV3 同领域重复证据｜禁止发布,L5 现实边界证据深度,BOUND-BV证据,通用,边界,BV3,同领域重复证据,BV3成立。,无。,由共享基础引擎、M3-BOUND与M5-BASE提供；只修正用户需要怎样的自主、共享、授权与空间结构，不直接判断具体关系现实中公平或安全。,M2只说明谁容易进入关系及资格证据；不能替代具体对象的同意、边界、资源和权力行为验证。,M3-BASE与M3-BOUND提供用户自然靠近、共享和边界通道；M5-BOUND负责判断双方如何共同治理。,无／按本规则指定的提议—知情—同意—执行—复核—重订路径路由。,近位、远位只修正该边界需求进入亲密关系核心的可能；不得据此判断具体伴侣一定尊重或越界。,根气只修正用户边界需求是否稳定重复，不等于双方已形成成熟治理。,旺弱只修正某项自主、共享、规则或空间功能的调用强度，不直接等于控制、回避或适配质量。,喜忌只修正功能调用顺畅度与摩擦，不可直接翻译为理想伴侣五行、十神或必然互补。,真合化成立时按化神功能重算边界需求；合化争议时停止细化边界画像。,近位提高该边界议题进入关系核心的可能；远位只保留背景或阶段性观察。,95,不加分；边界,boundary_note,不能自动推广到金钱、身体、社交等其他领域。,目前还不能：不能自动推广到金钱、身体、社交等其他领域。,不得仅凭本规则推出某人必然控制、回避、依赖、忠诚或适合结婚；不得把亲密解释为无隐私，把保护解释为替代决定，把贡献多少解释为决策权大小。现实安全、明确同意、可撤回性、持续行为、反例与双方意愿优先。,高,待验证,,boundary_evidence=BV3; provisional=true; rule_group=BOUND-BV证据,0.5
M5-BOUND-303,BV3 同领域重复证据｜升级任务,L5 现实边界证据深度,BOUND-BV证据,通用,路由,BV3,同领域重复证据,准备从BV3升级。,安全、资料或反例停止。,由共享基础引擎、M3-BOUND与M5-BASE提供；只修正用户需要怎样的自主、共享、授权与空间结构，不直接判断具体关系现实中公平或安全。,M2只说明谁容易进入关系及资格证据；不能替代具体对象的同意、边界、资源和权力行为验证。,M3-BASE与M3-BOUND提供用户自然靠近、共享和边界通道；M5-BOUND负责判断双方如何共同治理。,无／按本规则指定的提议—知情—同意—执行—复核—重订路径路由。,近位、远位只修正该边界需求进入亲密关系核心的可能；不得据此判断具体伴侣一定尊重或越界。,根气只修正用户边界需求是否稳定重复，不等于双方已形成成熟治理。,旺弱只修正某项自主、共享、规则或空间功能的调用强度，不直接等于控制、回避或适配质量。,喜忌只修正功能调用顺畅度与摩擦，不可直接翻译为理想伴侣五行、十神或必然互补。,真合化成立时按化神功能重算边界需求；合化争议时停止细化边界画像。,近位提高该边界议题进入关系核心的可能；远位只保留背景或阶段性观察。,76,不加分；观察计划,observation_plan,增加跨领域观察。,下一步观察：增加跨领域观察。,不得仅凭本规则推出某人必然控制、回避、依赖、忠诚或适合结婚；不得把亲密解释为无隐私，把保护解释为替代决定，把贡献多少解释为决策权大小。现实安全、明确同意、可撤回性、持续行为、反例与双方意愿优先。,中,待验证,,boundary_evidence=BV3; provisional=true; rule_group=BOUND-BV证据,0.5
M5-BOUND-304,BV3 同领域重复证据｜与FG关系,L5 现实边界证据深度,BOUND-BV证据,通用,接口,BV3,同领域重复证据,BV3可用。,把BV直接等同FG。,由共享基础引擎、M3-BOUND与M5-BASE提供；只修正用户需要怎样的自主、共享、授权与空间结构，不直接判断具体关系现实中公平或安全。,M2只说明谁容易进入关系及资格证据；不能替代具体对象的同意、边界、资源和权力行为验证。,M3-BASE与M3-BOUND提供用户自然靠近、共享和边界通道；M5-BOUND负责判断双方如何共同治理。,无／按本规则指定的提议—知情—同意—执行—复核—重订路径路由。,近位、远位只修正该边界需求进入亲密关系核心的可能；不得据此判断具体伴侣一定尊重或越界。,根气只修正用户边界需求是否稳定重复，不等于双方已形成成熟治理。,旺弱只修正某项自主、共享、规则或空间功能的调用强度，不直接等于控制、回避或适配质量。,喜忌只修正功能调用顺畅度与摩擦，不可直接翻译为理想伴侣五行、十神或必然互补。,真合化成立时按化神功能重算边界需求；合化争议时停止细化边界画像。,近位提高该边界议题进入关系核心的可能；远位只保留背景或阶段性观察。,92,不加分；去耦,fit_grade,BV与FG分开计算。,边界证据更深，但最终适配仍需综合现实门槛。,不得仅凭本规则推出某人必然控制、回避、依赖、忠诚或适合结婚；不得把亲密解释为无隐私，把保护解释为替代决定，把贡献多少解释为决策权大小。现实安全、明确同意、可撤回性、持续行为、反例与双方意愿优先。,高,待验证,,boundary_evidence=BV3; provisional=true; rule_group=BOUND-BV证据,0.5
M5-BOUND-305,BV4 跨领域一致证据｜正式定义,L5 现实边界证据深度,BOUND-BV证据,通用,定义,BV4,跨领域一致证据,评估双方边界、决定、同意、资源或空间事件。,无。,由共享基础引擎、M3-BOUND与M5-BASE提供；只修正用户需要怎样的自主、共享、授权与空间结构，不直接判断具体关系现实中公平或安全。,M2只说明谁容易进入关系及资格证据；不能替代具体对象的同意、边界、资源和权力行为验证。,M3-BASE与M3-BOUND提供用户自然靠近、共享和边界通道；M5-BOUND负责判断双方如何共同治理。,无／按本规则指定的提议—知情—同意—执行—复核—重订路径路由。,近位、远位只修正该边界需求进入亲密关系核心的可能；不得据此判断具体伴侣一定尊重或越界。,根气只修正用户边界需求是否稳定重复，不等于双方已形成成熟治理。,旺弱只修正某项自主、共享、规则或空间功能的调用强度，不直接等于控制、回避或适配质量。,喜忌只修正功能调用顺畅度与摩擦，不可直接翻译为理想伴侣五行、十神或必然互补。,真合化成立时按化神功能重算边界需求；合化争议时停止细化边界画像。,近位提高该边界议题进入关系核心的可能；远位只保留背景或阶段性观察。,96,不加分；证据定义,boundary_evidence_level,在两个以上领域保持相似的同意、知情、决定与重订结构。,当前边界证据层级：跨领域一致证据。,不得仅凭本规则推出某人必然控制、回避、依赖、忠诚或适合结婚；不得把亲密解释为无隐私，把保护解释为替代决定，把贡献多少解释为决策权大小。现实安全、明确同意、可撤回性、持续行为、反例与双方意愿优先。,高,待验证,,boundary_evidence=BV4; provisional=true; rule_group=BOUND-BV证据,0.5
M5-BOUND-306,BV4 跨领域一致证据｜最低资料,L5 现实边界证据深度,BOUND-BV证据,通用,证据,BV4,跨领域一致证据,在两个以上领域保持相似的同意、知情、决定与重订结构。,没有相应现实资料。,由共享基础引擎、M3-BOUND与M5-BASE提供；只修正用户需要怎样的自主、共享、授权与空间结构，不直接判断具体关系现实中公平或安全。,M2只说明谁容易进入关系及资格证据；不能替代具体对象的同意、边界、资源和权力行为验证。,M3-BASE与M3-BOUND提供用户自然靠近、共享和边界通道；M5-BOUND负责判断双方如何共同治理。,无／按本规则指定的提议—知情—同意—执行—复核—重订路径路由。,近位、远位只修正该边界需求进入亲密关系核心的可能；不得据此判断具体伴侣一定尊重或越界。,根气只修正用户边界需求是否稳定重复，不等于双方已形成成熟治理。,旺弱只修正某项自主、共享、规则或空间功能的调用强度，不直接等于控制、回避或适配质量。,喜忌只修正功能调用顺畅度与摩擦，不可直接翻译为理想伴侣五行、十神或必然互补。,真合化成立时按化神功能重算边界需求；合化争议时停止细化边界画像。,近位提高该边界议题进入关系核心的可能；远位只保留背景或阶段性观察。,88,BV路由,boundary_evidence_level,BV4的最低资料是：在两个以上领域保持相似的同意、知情、决定与重订结构。,这一层主要依据：在两个以上领域保持相似的同意、知情、决定与重订结构。,不得仅凭本规则推出某人必然控制、回避、依赖、忠诚或适合结婚；不得把亲密解释为无隐私，把保护解释为替代决定，把贡献多少解释为决策权大小。现实安全、明确同意、可撤回性、持续行为、反例与双方意愿优先。,中高,待验证,,boundary_evidence=BV4; provisional=true; rule_group=BOUND-BV证据,0.5
M5-BOUND-307,BV4 跨领域一致证据｜允许发布,L5 现实边界证据深度,BOUND-BV证据,通用,输出,BV4,跨领域一致证据,BV4成立。,试图越级到更强结论。,由共享基础引擎、M3-BOUND与M5-BASE提供；只修正用户需要怎样的自主、共享、授权与空间结构，不直接判断具体关系现实中公平或安全。,M2只说明谁容易进入关系及资格证据；不能替代具体对象的同意、边界、资源和权力行为验证。,M3-BASE与M3-BOUND提供用户自然靠近、共享和边界通道；M5-BOUND负责判断双方如何共同治理。,无／按本规则指定的提议—知情—同意—执行—复核—重订路径路由。,近位、远位只修正该边界需求进入亲密关系核心的可能；不得据此判断具体伴侣一定尊重或越界。,根气只修正用户边界需求是否稳定重复，不等于双方已形成成熟治理。,旺弱只修正某项自主、共享、规则或空间功能的调用强度，不直接等于控制、回避或适配质量。,喜忌只修正功能调用顺畅度与摩擦，不可直接翻译为理想伴侣五行、十神或必然互补。,真合化成立时按化神功能重算边界需求；合化争议时停止细化边界画像。,近位提高该边界议题进入关系核心的可能；远位只保留背景或阶段性观察。,84,发布上限,report_text,可建立较可靠边界候选。,可建立较可靠边界候选。,不得仅凭本规则推出某人必然控制、回避、依赖、忠诚或适合结婚；不得把亲密解释为无隐私，把保护解释为替代决定，把贡献多少解释为决策权大小。现实安全、明确同意、可撤回性、持续行为、反例与双方意愿优先。,中高,待验证,,boundary_evidence=BV4; provisional=true; rule_group=BOUND-BV证据,0.5
M5-BOUND-308,BV4 跨领域一致证据｜禁止发布,L5 现实边界证据深度,BOUND-BV证据,通用,边界,BV4,跨领域一致证据,BV4成立。,无。,由共享基础引擎、M3-BOUND与M5-BASE提供；只修正用户需要怎样的自主、共享、授权与空间结构，不直接判断具体关系现实中公平或安全。,M2只说明谁容易进入关系及资格证据；不能替代具体对象的同意、边界、资源和权力行为验证。,M3-BASE与M3-BOUND提供用户自然靠近、共享和边界通道；M5-BOUND负责判断双方如何共同治理。,无／按本规则指定的提议—知情—同意—执行—复核—重订路径路由。,近位、远位只修正该边界需求进入亲密关系核心的可能；不得据此判断具体伴侣一定尊重或越界。,根气只修正用户边界需求是否稳定重复，不等于双方已形成成熟治理。,旺弱只修正某项自主、共享、规则或空间功能的调用强度，不直接等于控制、回避或适配质量。,喜忌只修正功能调用顺畅度与摩擦，不可直接翻译为理想伴侣五行、十神或必然互补。,真合化成立时按化神功能重算边界需求；合化争议时停止细化边界画像。,近位提高该边界议题进入关系核心的可能；远位只保留背景或阶段性观察。,95,不加分；边界,boundary_note,仍需压力和权力不对等检验。,目前还不能：仍需压力和权力不对等检验。,不得仅凭本规则推出某人必然控制、回避、依赖、忠诚或适合结婚；不得把亲密解释为无隐私，把保护解释为替代决定，把贡献多少解释为决策权大小。现实安全、明确同意、可撤回性、持续行为、反例与双方意愿优先。,高,待验证,,boundary_evidence=BV4; provisional=true; rule_group=BOUND-BV证据,0.5
M5-BOUND-309,BV4 跨领域一致证据｜升级任务,L5 现实边界证据深度,BOUND-BV证据,通用,路由,BV4,跨领域一致证据,准备从BV4升级。,安全、资料或反例停止。,由共享基础引擎、M3-BOUND与M5-BASE提供；只修正用户需要怎样的自主、共享、授权与空间结构，不直接判断具体关系现实中公平或安全。,M2只说明谁容易进入关系及资格证据；不能替代具体对象的同意、边界、资源和权力行为验证。,M3-BASE与M3-BOUND提供用户自然靠近、共享和边界通道；M5-BOUND负责判断双方如何共同治理。,无／按本规则指定的提议—知情—同意—执行—复核—重订路径路由。,近位、远位只修正该边界需求进入亲密关系核心的可能；不得据此判断具体伴侣一定尊重或越界。,根气只修正用户边界需求是否稳定重复，不等于双方已形成成熟治理。,旺弱只修正某项自主、共享、规则或空间功能的调用强度，不直接等于控制、回避或适配质量。,喜忌只修正功能调用顺畅度与摩擦，不可直接翻译为理想伴侣五行、十神或必然互补。,真合化成立时按化神功能重算边界需求；合化争议时停止细化边界画像。,近位提高该边界议题进入关系核心的可能；远位只保留背景或阶段性观察。,76,不加分；观察计划,observation_plan,观察高成本、冲突和资源差异。,下一步观察：观察高成本、冲突和资源差异。,不得仅凭本规则推出某人必然控制、回避、依赖、忠诚或适合结婚；不得把亲密解释为无隐私，把保护解释为替代决定，把贡献多少解释为决策权大小。现实安全、明确同意、可撤回性、持续行为、反例与双方意愿优先。,中,待验证,,boundary_evidence=BV4; provisional=true; rule_group=BOUND-BV证据,0.5
M5-BOUND-310,BV4 跨领域一致证据｜与FG关系,L5 现实边界证据深度,BOUND-BV证据,通用,接口,BV4,跨领域一致证据,BV4可用。,把BV直接等同FG。,由共享基础引擎、M3-BOUND与M5-BASE提供；只修正用户需要怎样的自主、共享、授权与空间结构，不直接判断具体关系现实中公平或安全。,M2只说明谁容易进入关系及资格证据；不能替代具体对象的同意、边界、资源和权力行为验证。,M3-BASE与M3-BOUND提供用户自然靠近、共享和边界通道；M5-BOUND负责判断双方如何共同治理。,无／按本规则指定的提议—知情—同意—执行—复核—重订路径路由。,近位、远位只修正该边界需求进入亲密关系核心的可能；不得据此判断具体伴侣一定尊重或越界。,根气只修正用户边界需求是否稳定重复，不等于双方已形成成熟治理。,旺弱只修正某项自主、共享、规则或空间功能的调用强度，不直接等于控制、回避或适配质量。,喜忌只修正功能调用顺畅度与摩擦，不可直接翻译为理想伴侣五行、十神或必然互补。,真合化成立时按化神功能重算边界需求；合化争议时停止细化边界画像。,近位提高该边界议题进入关系核心的可能；远位只保留背景或阶段性观察。,92,不加分；去耦,fit_grade,BV与FG分开计算。,边界证据更深，但最终适配仍需综合现实门槛。,不得仅凭本规则推出某人必然控制、回避、依赖、忠诚或适合结婚；不得把亲密解释为无隐私，把保护解释为替代决定，把贡献多少解释为决策权大小。现实安全、明确同意、可撤回性、持续行为、反例与双方意愿优先。,高,待验证,,boundary_evidence=BV4; provisional=true; rule_group=BOUND-BV证据,0.5
M5-BOUND-311,BV5 压力／权力差异证据｜正式定义,L5 现实边界证据深度,BOUND-BV证据,通用,定义,BV5,压力／权力差异证据,评估双方边界、决定、同意、资源或空间事件。,无。,由共享基础引擎、M3-BOUND与M5-BASE提供；只修正用户需要怎样的自主、共享、授权与空间结构，不直接判断具体关系现实中公平或安全。,M2只说明谁容易进入关系及资格证据；不能替代具体对象的同意、边界、资源和权力行为验证。,M3-BASE与M3-BOUND提供用户自然靠近、共享和边界通道；M5-BOUND负责判断双方如何共同治理。,无／按本规则指定的提议—知情—同意—执行—复核—重订路径路由。,近位、远位只修正该边界需求进入亲密关系核心的可能；不得据此判断具体伴侣一定尊重或越界。,根气只修正用户边界需求是否稳定重复，不等于双方已形成成熟治理。,旺弱只修正某项自主、共享、规则或空间功能的调用强度，不直接等于控制、回避或适配质量。,喜忌只修正功能调用顺畅度与摩擦，不可直接翻译为理想伴侣五行、十神或必然互补。,真合化成立时按化神功能重算边界需求；合化争议时停止细化边界画像。,近位提高该边界议题进入关系核心的可能；远位只保留背景或阶段性观察。,96,不加分；证据定义,boundary_evidence_level,在资源不等、冲突、高压或一方占优势时仍尊重同意和参与。,当前边界证据层级：压力／权力差异证据。,不得仅凭本规则推出某人必然控制、回避、依赖、忠诚或适合结婚；不得把亲密解释为无隐私，把保护解释为替代决定，把贡献多少解释为决策权大小。现实安全、明确同意、可撤回性、持续行为、反例与双方意愿优先。,高,待验证,,boundary_evidence=BV5; provisional=true; rule_group=BOUND-BV证据,0.5
M5-BOUND-312,BV5 压力／权力差异证据｜最低资料,L5 现实边界证据深度,BOUND-BV证据,通用,证据,BV5,压力／权力差异证据,在资源不等、冲突、高压或一方占优势时仍尊重同意和参与。,没有相应现实资料。,由共享基础引擎、M3-BOUND与M5-BASE提供；只修正用户需要怎样的自主、共享、授权与空间结构，不直接判断具体关系现实中公平或安全。,M2只说明谁容易进入关系及资格证据；不能替代具体对象的同意、边界、资源和权力行为验证。,M3-BASE与M3-BOUND提供用户自然靠近、共享和边界通道；M5-BOUND负责判断双方如何共同治理。,无／按本规则指定的提议—知情—同意—执行—复核—重订路径路由。,近位、远位只修正该边界需求进入亲密关系核心的可能；不得据此判断具体伴侣一定尊重或越界。,根气只修正用户边界需求是否稳定重复，不等于双方已形成成熟治理。,旺弱只修正某项自主、共享、规则或空间功能的调用强度，不直接等于控制、回避或适配质量。,喜忌只修正功能调用顺畅度与摩擦，不可直接翻译为理想伴侣五行、十神或必然互补。,真合化成立时按化神功能重算边界需求；合化争议时停止细化边界画像。,近位提高该边界议题进入关系核心的可能；远位只保留背景或阶段性观察。,88,BV路由,boundary_evidence_level,BV5的最低资料是：在资源不等、冲突、高压或一方占优势时仍尊重同意和参与。,这一层主要依据：在资源不等、冲突、高压或一方占优势时仍尊重同意和参与。,不得仅凭本规则推出某人必然控制、回避、依赖、忠诚或适合结婚；不得把亲密解释为无隐私，把保护解释为替代决定，把贡献多少解释为决策权大小。现实安全、明确同意、可撤回性、持续行为、反例与双方意愿优先。,中高,待验证,,boundary_evidence=BV5; provisional=true; rule_group=BOUND-BV证据,0.5
M5-BOUND-313,BV5 压力／权力差异证据｜允许发布,L5 现实边界证据深度,BOUND-BV证据,通用,输出,BV5,压力／权力差异证据,BV5成立。,试图越级到更强结论。,由共享基础引擎、M3-BOUND与M5-BASE提供；只修正用户需要怎样的自主、共享、授权与空间结构，不直接判断具体关系现实中公平或安全。,M2只说明谁容易进入关系及资格证据；不能替代具体对象的同意、边界、资源和权力行为验证。,M3-BASE与M3-BOUND提供用户自然靠近、共享和边界通道；M5-BOUND负责判断双方如何共同治理。,无／按本规则指定的提议—知情—同意—执行—复核—重订路径路由。,近位、远位只修正该边界需求进入亲密关系核心的可能；不得据此判断具体伴侣一定尊重或越界。,根气只修正用户边界需求是否稳定重复，不等于双方已形成成熟治理。,旺弱只修正某项自主、共享、规则或空间功能的调用强度，不直接等于控制、回避或适配质量。,喜忌只修正功能调用顺畅度与摩擦，不可直接翻译为理想伴侣五行、十神或必然互补。,真合化成立时按化神功能重算边界需求；合化争议时停止细化边界画像。,近位提高该边界议题进入关系核心的可能；远位只保留背景或阶段性观察。,84,发布上限,report_text,可以评价压力下的边界可靠性。,可以评价压力下的边界可靠性。,不得仅凭本规则推出某人必然控制、回避、依赖、忠诚或适合结婚；不得把亲密解释为无隐私，把保护解释为替代决定，把贡献多少解释为决策权大小。现实安全、明确同意、可撤回性、持续行为、反例与双方意愿优先。,中高,待验证,,boundary_evidence=BV5; provisional=true; rule_group=BOUND-BV证据,0.5
M5-BOUND-314,BV5 压力／权力差异证据｜禁止发布,L5 现实边界证据深度,BOUND-BV证据,通用,边界,BV5,压力／权力差异证据,BV5成立。,无。,由共享基础引擎、M3-BOUND与M5-BASE提供；只修正用户需要怎样的自主、共享、授权与空间结构，不直接判断具体关系现实中公平或安全。,M2只说明谁容易进入关系及资格证据；不能替代具体对象的同意、边界、资源和权力行为验证。,M3-BASE与M3-BOUND提供用户自然靠近、共享和边界通道；M5-BOUND负责判断双方如何共同治理。,无／按本规则指定的提议—知情—同意—执行—复核—重订路径路由。,近位、远位只修正该边界需求进入亲密关系核心的可能；不得据此判断具体伴侣一定尊重或越界。,根气只修正用户边界需求是否稳定重复，不等于双方已形成成熟治理。,旺弱只修正某项自主、共享、规则或空间功能的调用强度，不直接等于控制、回避或适配质量。,喜忌只修正功能调用顺畅度与摩擦，不可直接翻译为理想伴侣五行、十神或必然互补。,真合化成立时按化神功能重算边界需求；合化争议时停止细化边界画像。,近位提高该边界议题进入关系核心的可能；远位只保留背景或阶段性观察。,95,不加分；边界,boundary_note,不能单独证明越界后的修复。,目前还不能：不能单独证明越界后的修复。,不得仅凭本规则推出某人必然控制、回避、依赖、忠诚或适合结婚；不得把亲密解释为无隐私，把保护解释为替代决定，把贡献多少解释为决策权大小。现实安全、明确同意、可撤回性、持续行为、反例与双方意愿优先。,高,待验证,,boundary_evidence=BV5; provisional=true; rule_group=BOUND-BV证据,0.5
M5-BOUND-315,BV5 压力／权力差异证据｜升级任务,L5 现实边界证据深度,BOUND-BV证据,通用,路由,BV5,压力／权力差异证据,准备从BV5升级。,安全、资料或反例停止。,由共享基础引擎、M3-BOUND与M5-BASE提供；只修正用户需要怎样的自主、共享、授权与空间结构，不直接判断具体关系现实中公平或安全。,M2只说明谁容易进入关系及资格证据；不能替代具体对象的同意、边界、资源和权力行为验证。,M3-BASE与M3-BOUND提供用户自然靠近、共享和边界通道；M5-BOUND负责判断双方如何共同治理。,无／按本规则指定的提议—知情—同意—执行—复核—重订路径路由。,近位、远位只修正该边界需求进入亲密关系核心的可能；不得据此判断具体伴侣一定尊重或越界。,根气只修正用户边界需求是否稳定重复，不等于双方已形成成熟治理。,旺弱只修正某项自主、共享、规则或空间功能的调用强度，不直接等于控制、回避或适配质量。,喜忌只修正功能调用顺畅度与摩擦，不可直接翻译为理想伴侣五行、十神或必然互补。,真合化成立时按化神功能重算边界需求；合化争议时停止细化边界画像。,近位提高该边界议题进入关系核心的可能；远位只保留背景或阶段性观察。,76,不加分；观察计划,observation_plan,收集越界反馈、归还权限和修复资料。,下一步观察：收集越界反馈、归还权限和修复资料。,不得仅凭本规则推出某人必然控制、回避、依赖、忠诚或适合结婚；不得把亲密解释为无隐私，把保护解释为替代决定，把贡献多少解释为决策权大小。现实安全、明确同意、可撤回性、持续行为、反例与双方意愿优先。,中,待验证,,boundary_evidence=BV5; provisional=true; rule_group=BOUND-BV证据,0.5
M5-BOUND-316,BV5 压力／权力差异证据｜与FG关系,L5 现实边界证据深度,BOUND-BV证据,通用,接口,BV5,压力／权力差异证据,BV5可用。,把BV直接等同FG。,由共享基础引擎、M3-BOUND与M5-BASE提供；只修正用户需要怎样的自主、共享、授权与空间结构，不直接判断具体关系现实中公平或安全。,M2只说明谁容易进入关系及资格证据；不能替代具体对象的同意、边界、资源和权力行为验证。,M3-BASE与M3-BOUND提供用户自然靠近、共享和边界通道；M5-BOUND负责判断双方如何共同治理。,无／按本规则指定的提议—知情—同意—执行—复核—重订路径路由。,近位、远位只修正该边界需求进入亲密关系核心的可能；不得据此判断具体伴侣一定尊重或越界。,根气只修正用户边界需求是否稳定重复，不等于双方已形成成熟治理。,旺弱只修正某项自主、共享、规则或空间功能的调用强度，不直接等于控制、回避或适配质量。,喜忌只修正功能调用顺畅度与摩擦，不可直接翻译为理想伴侣五行、十神或必然互补。,真合化成立时按化神功能重算边界需求；合化争议时停止细化边界画像。,近位提高该边界议题进入关系核心的可能；远位只保留背景或阶段性观察。,92,不加分；去耦,fit_grade,BV与FG分开计算。,边界证据更深，但最终适配仍需综合现实门槛。,不得仅凭本规则推出某人必然控制、回避、依赖、忠诚或适合结婚；不得把亲密解释为无隐私，把保护解释为替代决定，把贡献多少解释为决策权大小。现实安全、明确同意、可撤回性、持续行为、反例与双方意愿优先。,高,待验证,,boundary_evidence=BV5; provisional=true; rule_group=BOUND-BV证据,0.5
M5-BOUND-317,BV6 越界修复与重订证据｜正式定义,L5 现实边界证据深度,BOUND-BV证据,通用,定义,BV6,越界修复与重订证据,评估双方边界、决定、同意、资源或空间事件。,无。,由共享基础引擎、M3-BOUND与M5-BASE提供；只修正用户需要怎样的自主、共享、授权与空间结构，不直接判断具体关系现实中公平或安全。,M2只说明谁容易进入关系及资格证据；不能替代具体对象的同意、边界、资源和权力行为验证。,M3-BASE与M3-BOUND提供用户自然靠近、共享和边界通道；M5-BOUND负责判断双方如何共同治理。,无／按本规则指定的提议—知情—同意—执行—复核—重订路径路由。,近位、远位只修正该边界需求进入亲密关系核心的可能；不得据此判断具体伴侣一定尊重或越界。,根气只修正用户边界需求是否稳定重复，不等于双方已形成成熟治理。,旺弱只修正某项自主、共享、规则或空间功能的调用强度，不直接等于控制、回避或适配质量。,喜忌只修正功能调用顺畅度与摩擦，不可直接翻译为理想伴侣五行、十神或必然互补。,真合化成立时按化神功能重算边界需求；合化争议时停止细化边界画像。,近位提高该边界议题进入关系核心的可能；远位只保留背景或阶段性观察。,96,不加分；证据定义,boundary_evidence_level,发生边界问题后能停止、承认影响、归还权力、重订并回访。,当前边界证据层级：越界修复与重订证据。,不得仅凭本规则推出某人必然控制、回避、依赖、忠诚或适合结婚；不得把亲密解释为无隐私，把保护解释为替代决定，把贡献多少解释为决策权大小。现实安全、明确同意、可撤回性、持续行为、反例与双方意愿优先。,高,待验证,,boundary_evidence=BV6; provisional=true; rule_group=BOUND-BV证据,0.5
M5-BOUND-318,BV6 越界修复与重订证据｜最低资料,L5 现实边界证据深度,BOUND-BV证据,通用,证据,BV6,越界修复与重订证据,发生边界问题后能停止、承认影响、归还权力、重订并回访。,没有相应现实资料。,由共享基础引擎、M3-BOUND与M5-BASE提供；只修正用户需要怎样的自主、共享、授权与空间结构，不直接判断具体关系现实中公平或安全。,M2只说明谁容易进入关系及资格证据；不能替代具体对象的同意、边界、资源和权力行为验证。,M3-BASE与M3-BOUND提供用户自然靠近、共享和边界通道；M5-BOUND负责判断双方如何共同治理。,无／按本规则指定的提议—知情—同意—执行—复核—重订路径路由。,近位、远位只修正该边界需求进入亲密关系核心的可能；不得据此判断具体伴侣一定尊重或越界。,根气只修正用户边界需求是否稳定重复，不等于双方已形成成熟治理。,旺弱只修正某项自主、共享、规则或空间功能的调用强度，不直接等于控制、回避或适配质量。,喜忌只修正功能调用顺畅度与摩擦，不可直接翻译为理想伴侣五行、十神或必然互补。,真合化成立时按化神功能重算边界需求；合化争议时停止细化边界画像。,近位提高该边界议题进入关系核心的可能；远位只保留背景或阶段性观察。,88,BV路由,boundary_evidence_level,BV6的最低资料是：发生边界问题后能停止、承认影响、归还权力、重订并回访。,这一层主要依据：发生边界问题后能停止、承认影响、归还权力、重订并回访。,不得仅凭本规则推出某人必然控制、回避、依赖、忠诚或适合结婚；不得把亲密解释为无隐私，把保护解释为替代决定，把贡献多少解释为决策权大小。现实安全、明确同意、可撤回性、持续行为、反例与双方意愿优先。,中高,待验证,,boundary_evidence=BV6; provisional=true; rule_group=BOUND-BV证据,0.5
M5-BOUND-319,BV6 越界修复与重订证据｜允许发布,L5 现实边界证据深度,BOUND-BV证据,通用,输出,BV6,越界修复与重订证据,BV6成立。,试图越级到更强结论。,由共享基础引擎、M3-BOUND与M5-BASE提供；只修正用户需要怎样的自主、共享、授权与空间结构，不直接判断具体关系现实中公平或安全。,M2只说明谁容易进入关系及资格证据；不能替代具体对象的同意、边界、资源和权力行为验证。,M3-BASE与M3-BOUND提供用户自然靠近、共享和边界通道；M5-BOUND负责判断双方如何共同治理。,无／按本规则指定的提议—知情—同意—执行—复核—重订路径路由。,近位、远位只修正该边界需求进入亲密关系核心的可能；不得据此判断具体伴侣一定尊重或越界。,根气只修正用户边界需求是否稳定重复，不等于双方已形成成熟治理。,旺弱只修正某项自主、共享、规则或空间功能的调用强度，不直接等于控制、回避或适配质量。,喜忌只修正功能调用顺畅度与摩擦，不可直接翻译为理想伴侣五行、十神或必然互补。,真合化成立时按化神功能重算边界需求；合化争议时停止细化边界画像。,近位提高该边界议题进入关系核心的可能；远位只保留背景或阶段性观察。,84,发布上限,report_text,可建立边界修复候选。,可建立边界修复候选。,不得仅凭本规则推出某人必然控制、回避、依赖、忠诚或适合结婚；不得把亲密解释为无隐私，把保护解释为替代决定，把贡献多少解释为决策权大小。现实安全、明确同意、可撤回性、持续行为、反例与双方意愿优先。,中高,待验证,,boundary_evidence=BV6; provisional=true; rule_group=BOUND-BV证据,0.5
M5-BOUND-320,BV6 越界修复与重订证据｜禁止发布,L5 现实边界证据深度,BOUND-BV证据,通用,边界,BV6,越界修复与重订证据,BV6成立。,无。,由共享基础引擎、M3-BOUND与M5-BASE提供；只修正用户需要怎样的自主、共享、授权与空间结构，不直接判断具体关系现实中公平或安全。,M2只说明谁容易进入关系及资格证据；不能替代具体对象的同意、边界、资源和权力行为验证。,M3-BASE与M3-BOUND提供用户自然靠近、共享和边界通道；M5-BOUND负责判断双方如何共同治理。,无／按本规则指定的提议—知情—同意—执行—复核—重订路径路由。,近位、远位只修正该边界需求进入亲密关系核心的可能；不得据此判断具体伴侣一定尊重或越界。,根气只修正用户边界需求是否稳定重复，不等于双方已形成成熟治理。,旺弱只修正某项自主、共享、规则或空间功能的调用强度，不直接等于控制、回避或适配质量。,喜忌只修正功能调用顺畅度与摩擦，不可直接翻译为理想伴侣五行、十神或必然互补。,真合化成立时按化神功能重算边界需求；合化争议时停止细化边界画像。,近位提高该边界议题进入关系核心的可能；远位只保留背景或阶段性观察。,95,不加分；边界,boundary_note,一次修复不能写长期稳定。,目前还不能：一次修复不能写长期稳定。,不得仅凭本规则推出某人必然控制、回避、依赖、忠诚或适合结婚；不得把亲密解释为无隐私，把保护解释为替代决定，把贡献多少解释为决策权大小。现实安全、明确同意、可撤回性、持续行为、反例与双方意愿优先。,高,待验证,,boundary_evidence=BV6; provisional=true; rule_group=BOUND-BV证据,0.5
M5-BOUND-321,BV6 越界修复与重订证据｜升级任务,L5 现实边界证据深度,BOUND-BV证据,通用,路由,BV6,越界修复与重订证据,准备从BV6升级。,安全、资料或反例停止。,由共享基础引擎、M3-BOUND与M5-BASE提供；只修正用户需要怎样的自主、共享、授权与空间结构，不直接判断具体关系现实中公平或安全。,M2只说明谁容易进入关系及资格证据；不能替代具体对象的同意、边界、资源和权力行为验证。,M3-BASE与M3-BOUND提供用户自然靠近、共享和边界通道；M5-BOUND负责判断双方如何共同治理。,无／按本规则指定的提议—知情—同意—执行—复核—重订路径路由。,近位、远位只修正该边界需求进入亲密关系核心的可能；不得据此判断具体伴侣一定尊重或越界。,根气只修正用户边界需求是否稳定重复，不等于双方已形成成熟治理。,旺弱只修正某项自主、共享、规则或空间功能的调用强度，不直接等于控制、回避或适配质量。,喜忌只修正功能调用顺畅度与摩擦，不可直接翻译为理想伴侣五行、十神或必然互补。,真合化成立时按化神功能重算边界需求；合化争议时停止细化边界画像。,近位提高该边界议题进入关系核心的可能；远位只保留背景或阶段性观察。,76,不加分；观察计划,observation_plan,观察旧问题复发与规则更新。,下一步观察：观察旧问题复发与规则更新。,不得仅凭本规则推出某人必然控制、回避、依赖、忠诚或适合结婚；不得把亲密解释为无隐私，把保护解释为替代决定，把贡献多少解释为决策权大小。现实安全、明确同意、可撤回性、持续行为、反例与双方意愿优先。,中,待验证,,boundary_evidence=BV6; provisional=true; rule_group=BOUND-BV证据,0.5
M5-BOUND-322,BV6 越界修复与重订证据｜与FG关系,L5 现实边界证据深度,BOUND-BV证据,通用,接口,BV6,越界修复与重订证据,BV6可用。,把BV直接等同FG。,由共享基础引擎、M3-BOUND与M5-BASE提供；只修正用户需要怎样的自主、共享、授权与空间结构，不直接判断具体关系现实中公平或安全。,M2只说明谁容易进入关系及资格证据；不能替代具体对象的同意、边界、资源和权力行为验证。,M3-BASE与M3-BOUND提供用户自然靠近、共享和边界通道；M5-BOUND负责判断双方如何共同治理。,无／按本规则指定的提议—知情—同意—执行—复核—重订路径路由。,近位、远位只修正该边界需求进入亲密关系核心的可能；不得据此判断具体伴侣一定尊重或越界。,根气只修正用户边界需求是否稳定重复，不等于双方已形成成熟治理。,旺弱只修正某项自主、共享、规则或空间功能的调用强度，不直接等于控制、回避或适配质量。,喜忌只修正功能调用顺畅度与摩擦，不可直接翻译为理想伴侣五行、十神或必然互补。,真合化成立时按化神功能重算边界需求；合化争议时停止细化边界画像。,近位提高该边界议题进入关系核心的可能；远位只保留背景或阶段性观察。,92,不加分；去耦,fit_grade,BV与FG分开计算。,边界证据更深，但最终适配仍需综合现实门槛。,不得仅凭本规则推出某人必然控制、回避、依赖、忠诚或适合结婚；不得把亲密解释为无隐私，把保护解释为替代决定，把贡献多少解释为决策权大小。现实安全、明确同意、可撤回性、持续行为、反例与双方意愿优先。,高,待验证,,boundary_evidence=BV6; provisional=true; rule_group=BOUND-BV证据,0.5
M5-BOUND-323,BV7 反例／利益冲突检验｜正式定义,L5 现实边界证据深度,BOUND-BV证据,通用,定义,BV7,反例／利益冲突检验,评估双方边界、决定、同意、资源或空间事件。,无。,由共享基础引擎、M3-BOUND与M5-BASE提供；只修正用户需要怎样的自主、共享、授权与空间结构，不直接判断具体关系现实中公平或安全。,M2只说明谁容易进入关系及资格证据；不能替代具体对象的同意、边界、资源和权力行为验证。,M3-BASE与M3-BOUND提供用户自然靠近、共享和边界通道；M5-BOUND负责判断双方如何共同治理。,无／按本规则指定的提议—知情—同意—执行—复核—重订路径路由。,近位、远位只修正该边界需求进入亲密关系核心的可能；不得据此判断具体伴侣一定尊重或越界。,根气只修正用户边界需求是否稳定重复，不等于双方已形成成熟治理。,旺弱只修正某项自主、共享、规则或空间功能的调用强度，不直接等于控制、回避或适配质量。,喜忌只修正功能调用顺畅度与摩擦，不可直接翻译为理想伴侣五行、十神或必然互补。,真合化成立时按化神功能重算边界需求；合化争议时停止细化边界画像。,近位提高该边界议题进入关系核心的可能；远位只保留背景或阶段性观察。,96,不加分；证据定义,boundary_evidence_level,当规则对自己不利、旧问题复发或资源优势明显时，仍能尊重边界并调整。,当前边界证据层级：反例／利益冲突检验。,不得仅凭本规则推出某人必然控制、回避、依赖、忠诚或适合结婚；不得把亲密解释为无隐私，把保护解释为替代决定，把贡献多少解释为决策权大小。现实安全、明确同意、可撤回性、持续行为、反例与双方意愿优先。,高,待验证,,boundary_evidence=BV7; provisional=true; rule_group=BOUND-BV证据,0.5
M5-BOUND-324,BV7 反例／利益冲突检验｜最低资料,L5 现实边界证据深度,BOUND-BV证据,通用,证据,BV7,反例／利益冲突检验,当规则对自己不利、旧问题复发或资源优势明显时，仍能尊重边界并调整。,没有相应现实资料。,由共享基础引擎、M3-BOUND与M5-BASE提供；只修正用户需要怎样的自主、共享、授权与空间结构，不直接判断具体关系现实中公平或安全。,M2只说明谁容易进入关系及资格证据；不能替代具体对象的同意、边界、资源和权力行为验证。,M3-BASE与M3-BOUND提供用户自然靠近、共享和边界通道；M5-BOUND负责判断双方如何共同治理。,无／按本规则指定的提议—知情—同意—执行—复核—重订路径路由。,近位、远位只修正该边界需求进入亲密关系核心的可能；不得据此判断具体伴侣一定尊重或越界。,根气只修正用户边界需求是否稳定重复，不等于双方已形成成熟治理。,旺弱只修正某项自主、共享、规则或空间功能的调用强度，不直接等于控制、回避或适配质量。,喜忌只修正功能调用顺畅度与摩擦，不可直接翻译为理想伴侣五行、十神或必然互补。,真合化成立时按化神功能重算边界需求；合化争议时停止细化边界画像。,近位提高该边界议题进入关系核心的可能；远位只保留背景或阶段性观察。,88,BV路由,boundary_evidence_level,BV7的最低资料是：当规则对自己不利、旧问题复发或资源优势明显时，仍能尊重边界并调整。,这一层主要依据：当规则对自己不利、旧问题复发或资源优势明显时，仍能尊重边界并调整。,不得仅凭本规则推出某人必然控制、回避、依赖、忠诚或适合结婚；不得把亲密解释为无隐私，把保护解释为替代决定，把贡献多少解释为决策权大小。现实安全、明确同意、可撤回性、持续行为、反例与双方意愿优先。,中高,待验证,,boundary_evidence=BV7; provisional=true; rule_group=BOUND-BV证据,0.5
M5-BOUND-325,BV7 反例／利益冲突检验｜允许发布,L5 现实边界证据深度,BOUND-BV证据,通用,输出,BV7,反例／利益冲突检验,BV7成立。,试图越级到更强结论。,由共享基础引擎、M3-BOUND与M5-BASE提供；只修正用户需要怎样的自主、共享、授权与空间结构，不直接判断具体关系现实中公平或安全。,M2只说明谁容易进入关系及资格证据；不能替代具体对象的同意、边界、资源和权力行为验证。,M3-BASE与M3-BOUND提供用户自然靠近、共享和边界通道；M5-BOUND负责判断双方如何共同治理。,无／按本规则指定的提议—知情—同意—执行—复核—重订路径路由。,近位、远位只修正该边界需求进入亲密关系核心的可能；不得据此判断具体伴侣一定尊重或越界。,根气只修正用户边界需求是否稳定重复，不等于双方已形成成熟治理。,旺弱只修正某项自主、共享、规则或空间功能的调用强度，不直接等于控制、回避或适配质量。,喜忌只修正功能调用顺畅度与摩擦，不可直接翻译为理想伴侣五行、十神或必然互补。,真合化成立时按化神功能重算边界需求；合化争议时停止细化边界画像。,近位提高该边界议题进入关系核心的可能；远位只保留背景或阶段性观察。,84,发布上限,report_text,可作为较高等级现实边界证据。,可作为较高等级现实边界证据。,不得仅凭本规则推出某人必然控制、回避、依赖、忠诚或适合结婚；不得把亲密解释为无隐私，把保护解释为替代决定，把贡献多少解释为决策权大小。现实安全、明确同意、可撤回性、持续行为、反例与双方意愿优先。,中高,待验证,,boundary_evidence=BV7; provisional=true; rule_group=BOUND-BV证据,0.5
M5-BOUND-326,BV7 反例／利益冲突检验｜禁止发布,L5 现实边界证据深度,BOUND-BV证据,通用,边界,BV7,反例／利益冲突检验,BV7成立。,无。,由共享基础引擎、M3-BOUND与M5-BASE提供；只修正用户需要怎样的自主、共享、授权与空间结构，不直接判断具体关系现实中公平或安全。,M2只说明谁容易进入关系及资格证据；不能替代具体对象的同意、边界、资源和权力行为验证。,M3-BASE与M3-BOUND提供用户自然靠近、共享和边界通道；M5-BOUND负责判断双方如何共同治理。,无／按本规则指定的提议—知情—同意—执行—复核—重订路径路由。,近位、远位只修正该边界需求进入亲密关系核心的可能；不得据此判断具体伴侣一定尊重或越界。,根气只修正用户边界需求是否稳定重复，不等于双方已形成成熟治理。,旺弱只修正某项自主、共享、规则或空间功能的调用强度，不直接等于控制、回避或适配质量。,喜忌只修正功能调用顺畅度与摩擦，不可直接翻译为理想伴侣五行、十神或必然互补。,真合化成立时按化神功能重算边界需求；合化争议时停止细化边界画像。,近位提高该边界议题进入关系核心的可能；远位只保留背景或阶段性观察。,95,不加分；边界,boundary_note,仍受安全、价值观与其他RG门槛约束。,目前还不能：仍受安全、价值观与其他RG门槛约束。,不得仅凭本规则推出某人必然控制、回避、依赖、忠诚或适合结婚；不得把亲密解释为无隐私，把保护解释为替代决定，把贡献多少解释为决策权大小。现实安全、明确同意、可撤回性、持续行为、反例与双方意愿优先。,高,待验证,,boundary_evidence=BV7; provisional=true; rule_group=BOUND-BV证据,0.5
M5-BOUND-327,BV7 反例／利益冲突检验｜升级任务,L5 现实边界证据深度,BOUND-BV证据,通用,路由,BV7,反例／利益冲突检验,准备从BV7升级。,安全、资料或反例停止。,由共享基础引擎、M3-BOUND与M5-BASE提供；只修正用户需要怎样的自主、共享、授权与空间结构，不直接判断具体关系现实中公平或安全。,M2只说明谁容易进入关系及资格证据；不能替代具体对象的同意、边界、资源和权力行为验证。,M3-BASE与M3-BOUND提供用户自然靠近、共享和边界通道；M5-BOUND负责判断双方如何共同治理。,无／按本规则指定的提议—知情—同意—执行—复核—重订路径路由。,近位、远位只修正该边界需求进入亲密关系核心的可能；不得据此判断具体伴侣一定尊重或越界。,根气只修正用户边界需求是否稳定重复，不等于双方已形成成熟治理。,旺弱只修正某项自主、共享、规则或空间功能的调用强度，不直接等于控制、回避或适配质量。,喜忌只修正功能调用顺畅度与摩擦，不可直接翻译为理想伴侣五行、十神或必然互补。,真合化成立时按化神功能重算边界需求；合化争议时停止细化边界画像。,近位提高该边界议题进入关系核心的可能；远位只保留背景或阶段性观察。,76,不加分；观察计划,observation_plan,进入M5-SYNTH综合验证。,下一步观察：进入M5-SYNTH综合验证。,不得仅凭本规则推出某人必然控制、回避、依赖、忠诚或适合结婚；不得把亲密解释为无隐私，把保护解释为替代决定，把贡献多少解释为决策权大小。现实安全、明确同意、可撤回性、持续行为、反例与双方意愿优先。,中,待验证,,boundary_evidence=BV7; provisional=true; rule_group=BOUND-BV证据,0.5
M5-BOUND-328,BV7 反例／利益冲突检验｜与FG关系,L5 现实边界证据深度,BOUND-BV证据,通用,接口,BV7,反例／利益冲突检验,BV7可用。,把BV直接等同FG。,由共享基础引擎、M3-BOUND与M5-BASE提供；只修正用户需要怎样的自主、共享、授权与空间结构，不直接判断具体关系现实中公平或安全。,M2只说明谁容易进入关系及资格证据；不能替代具体对象的同意、边界、资源和权力行为验证。,M3-BASE与M3-BOUND提供用户自然靠近、共享和边界通道；M5-BOUND负责判断双方如何共同治理。,无／按本规则指定的提议—知情—同意—执行—复核—重订路径路由。,近位、远位只修正该边界需求进入亲密关系核心的可能；不得据此判断具体伴侣一定尊重或越界。,根气只修正用户边界需求是否稳定重复，不等于双方已形成成熟治理。,旺弱只修正某项自主、共享、规则或空间功能的调用强度，不直接等于控制、回避或适配质量。,喜忌只修正功能调用顺畅度与摩擦，不可直接翻译为理想伴侣五行、十神或必然互补。,真合化成立时按化神功能重算边界需求；合化争议时停止细化边界画像。,近位提高该边界议题进入关系核心的可能；远位只保留背景或阶段性观察。,92,不加分；去耦,fit_grade,BV与FG分开计算。,边界证据更深，但最终适配仍需综合现实门槛。,不得仅凭本规则推出某人必然控制、回避、依赖、忠诚或适合结婚；不得把亲密解释为无隐私，把保护解释为替代决定，把贡献多少解释为决策权大小。现实安全、明确同意、可撤回性、持续行为、反例与双方意愿优先。,高,待验证,,boundary_evidence=BV7; provisional=true; rule_group=BOUND-BV证据,0.5
M5-BOUND-329,GB01 口头尊重等于真实同意｜正式定义,L6 边界误读与伪适配,BOUND-GB误读,通用,误读,GB01,口头尊重等于真实同意,出现相关边界判断偏差或现实争议。,BV6—BV7现实资料已明确排除。,由共享基础引擎、M3-BOUND与M5-BASE提供；只修正用户需要怎样的自主、共享、授权与空间结构，不直接判断具体关系现实中公平或安全。,M2只说明谁容易进入关系及资格证据；不能替代具体对象的同意、边界、资源和权力行为验证。,M3-BASE与M3-BOUND提供用户自然靠近、共享和边界通道；M5-BOUND负责判断双方如何共同治理。,无／按本规则指定的提议—知情—同意—执行—复核—重订路径路由。,近位、远位只修正该边界需求进入亲密关系核心的可能；不得据此判断具体伴侣一定尊重或越界。,根气只修正用户边界需求是否稳定重复，不等于双方已形成成熟治理。,旺弱只修正某项自主、共享、规则或空间功能的调用强度，不直接等于控制、回避或适配质量。,喜忌只修正功能调用顺畅度与摩擦，不可直接翻译为理想伴侣五行、十神或必然互补。,真合化成立时按化神功能重算边界需求；合化争议时停止细化边界画像。,近位提高该边界议题进入关系核心的可能；远位只保留背景或阶段性观察。,95,GB风险 +12,pseudo_boundary_warning,因为对方说“我尊重你”，就忽略拒绝后的实际反应。,尊重不是一句话，而是你说不时仍被尊重。,不得仅凭本规则推出某人必然控制、回避、依赖、忠诚或适合结婚；不得把亲密解释为无隐私，把保护解释为替代决定，把贡献多少解释为决策权大小。现实安全、明确同意、可撤回性、持续行为、反例与双方意愿优先。,高,待验证,,boundary_misread=GB01; provisional=true; rule_group=BOUND-GB误读,0.5
M5-BOUND-330,GB01 口头尊重等于真实同意｜证据缺口,L6 边界误读与伪适配,BOUND-GB误读,通用,证据,GB01,口头尊重等于真实同意,准备判断边界成熟、共享、独立或授权。,对应BO和DG已跨领域验证。,由共享基础引擎、M3-BOUND与M5-BASE提供；只修正用户需要怎样的自主、共享、授权与空间结构，不直接判断具体关系现实中公平或安全。,M2只说明谁容易进入关系及资格证据；不能替代具体对象的同意、边界、资源和权力行为验证。,M3-BASE与M3-BOUND提供用户自然靠近、共享和边界通道；M5-BOUND负责判断双方如何共同治理。,无／按本规则指定的提议—知情—同意—执行—复核—重订路径路由。,近位、远位只修正该边界需求进入亲密关系核心的可能；不得据此判断具体伴侣一定尊重或越界。,根气只修正用户边界需求是否稳定重复，不等于双方已形成成熟治理。,旺弱只修正某项自主、共享、规则或空间功能的调用强度，不直接等于控制、回避或适配质量。,喜忌只修正功能调用顺畅度与摩擦，不可直接翻译为理想伴侣五行、十神或必然互补。,真合化成立时按化神功能重算边界需求；合化争议时停止细化边界画像。,近位提高该边界议题进入关系核心的可能；远位只保留背景或阶段性观察。,90,-12／停止升级,counterevidence,观察拒绝、撤回和改变主意时是否无惩罚。,需要补看：观察拒绝、撤回和改变主意时是否无惩罚。,不得仅凭本规则推出某人必然控制、回避、依赖、忠诚或适合结婚；不得把亲密解释为无隐私，把保护解释为替代决定，把贡献多少解释为决策权大小。现实安全、明确同意、可撤回性、持续行为、反例与双方意愿优先。,中高,待验证,,boundary_misread=GB01; provisional=true; rule_group=BOUND-GB误读,0.5
M5-BOUND-331,GB01 口头尊重等于真实同意｜纠偏与观察,L6 边界误读与伪适配,BOUND-GB误读,通用,路由,GB01,口头尊重等于真实同意,GB候选成立。,PR0安全事件优先停止。,由共享基础引擎、M3-BOUND与M5-BASE提供；只修正用户需要怎样的自主、共享、授权与空间结构，不直接判断具体关系现实中公平或安全。,M2只说明谁容易进入关系及资格证据；不能替代具体对象的同意、边界、资源和权力行为验证。,M3-BASE与M3-BOUND提供用户自然靠近、共享和边界通道；M5-BOUND负责判断双方如何共同治理。,无／按本规则指定的提议—知情—同意—执行—复核—重订路径路由。,近位、远位只修正该边界需求进入亲密关系核心的可能；不得据此判断具体伴侣一定尊重或越界。,根气只修正用户边界需求是否稳定重复，不等于双方已形成成熟治理。,旺弱只修正某项自主、共享、规则或空间功能的调用强度，不直接等于控制、回避或适配质量。,喜忌只修正功能调用顺畅度与摩擦，不可直接翻译为理想伴侣五行、十神或必然互补。,真合化成立时按化神功能重算边界需求；合化争议时停止细化边界画像。,近位提高该边界议题进入关系核心的可能；远位只保留背景或阶段性观察。,84,不加分；观察路由,observation_plan,观察拒绝、撤回和改变主意时是否无惩罚。,纠偏时要：观察拒绝、撤回和改变主意时是否无惩罚。,不得仅凭本规则推出某人必然控制、回避、依赖、忠诚或适合结婚；不得把亲密解释为无隐私，把保护解释为替代决定，把贡献多少解释为决策权大小。现实安全、明确同意、可撤回性、持续行为、反例与双方意愿优先。,中高,待验证,,boundary_misread=GB01; provisional=true; rule_group=BOUND-GB误读,0.5
M5-BOUND-332,GB01 口头尊重等于真实同意｜用户解释,L6 边界误读与伪适配,BOUND-GB误读,通用,输出,GB01,口头尊重等于真实同意,完成GB判断。,资料不足以区分。,由共享基础引擎、M3-BOUND与M5-BASE提供；只修正用户需要怎样的自主、共享、授权与空间结构，不直接判断具体关系现实中公平或安全。,M2只说明谁容易进入关系及资格证据；不能替代具体对象的同意、边界、资源和权力行为验证。,M3-BASE与M3-BOUND提供用户自然靠近、共享和边界通道；M5-BOUND负责判断双方如何共同治理。,无／按本规则指定的提议—知情—同意—执行—复核—重订路径路由。,近位、远位只修正该边界需求进入亲密关系核心的可能；不得据此判断具体伴侣一定尊重或越界。,根气只修正用户边界需求是否稳定重复，不等于双方已形成成熟治理。,旺弱只修正某项自主、共享、规则或空间功能的调用强度，不直接等于控制、回避或适配质量。,喜忌只修正功能调用顺畅度与摩擦，不可直接翻译为理想伴侣五行、十神或必然互补。,真合化成立时按化神功能重算边界需求；合化争议时停止细化边界画像。,近位提高该边界议题进入关系核心的可能；远位只保留背景或阶段性观察。,76,不加分；输出,report_text,尊重不是一句话，而是你说不时仍被尊重。,尊重不是一句话，而是你说不时仍被尊重。,不得仅凭本规则推出某人必然控制、回避、依赖、忠诚或适合结婚；不得把亲密解释为无隐私，把保护解释为替代决定，把贡献多少解释为决策权大小。现实安全、明确同意、可撤回性、持续行为、反例与双方意愿优先。,中高,待验证,,boundary_misread=GB01; provisional=true; rule_group=BOUND-GB误读,0.5
M5-BOUND-333,GB02 亲密等于无隐私｜正式定义,L6 边界误读与伪适配,BOUND-GB误读,通用,误读,GB02,亲密等于无隐私,出现相关边界判断偏差或现实争议。,BV6—BV7现实资料已明确排除。,由共享基础引擎、M3-BOUND与M5-BASE提供；只修正用户需要怎样的自主、共享、授权与空间结构，不直接判断具体关系现实中公平或安全。,M2只说明谁容易进入关系及资格证据；不能替代具体对象的同意、边界、资源和权力行为验证。,M3-BASE与M3-BOUND提供用户自然靠近、共享和边界通道；M5-BOUND负责判断双方如何共同治理。,无／按本规则指定的提议—知情—同意—执行—复核—重订路径路由。,近位、远位只修正该边界需求进入亲密关系核心的可能；不得据此判断具体伴侣一定尊重或越界。,根气只修正用户边界需求是否稳定重复，不等于双方已形成成熟治理。,旺弱只修正某项自主、共享、规则或空间功能的调用强度，不直接等于控制、回避或适配质量。,喜忌只修正功能调用顺畅度与摩擦，不可直接翻译为理想伴侣五行、十神或必然互补。,真合化成立时按化神功能重算边界需求；合化争议时停止细化边界画像。,近位提高该边界议题进入关系核心的可能；远位只保留背景或阶段性观察。,95,GB风险 +12,pseudo_boundary_warning,把查手机、共享密码、定位和全部公开当成信任证明。,亲密可以透明，但不等于失去隐私。,不得仅凭本规则推出某人必然控制、回避、依赖、忠诚或适合结婚；不得把亲密解释为无隐私，把保护解释为替代决定，把贡献多少解释为决策权大小。现实安全、明确同意、可撤回性、持续行为、反例与双方意愿优先。,高,待验证,,boundary_misread=GB02; provisional=true; rule_group=BOUND-GB误读,0.5
M5-BOUND-334,GB02 亲密等于无隐私｜证据缺口,L6 边界误读与伪适配,BOUND-GB误读,通用,证据,GB02,亲密等于无隐私,准备判断边界成熟、共享、独立或授权。,对应BO和DG已跨领域验证。,由共享基础引擎、M3-BOUND与M5-BASE提供；只修正用户需要怎样的自主、共享、授权与空间结构，不直接判断具体关系现实中公平或安全。,M2只说明谁容易进入关系及资格证据；不能替代具体对象的同意、边界、资源和权力行为验证。,M3-BASE与M3-BOUND提供用户自然靠近、共享和边界通道；M5-BOUND负责判断双方如何共同治理。,无／按本规则指定的提议—知情—同意—执行—复核—重订路径路由。,近位、远位只修正该边界需求进入亲密关系核心的可能；不得据此判断具体伴侣一定尊重或越界。,根气只修正用户边界需求是否稳定重复，不等于双方已形成成熟治理。,旺弱只修正某项自主、共享、规则或空间功能的调用强度，不直接等于控制、回避或适配质量。,喜忌只修正功能调用顺畅度与摩擦，不可直接翻译为理想伴侣五行、十神或必然互补。,真合化成立时按化神功能重算边界需求；合化争议时停止细化边界画像。,近位提高该边界议题进入关系核心的可能；远位只保留背景或阶段性观察。,90,-12／停止升级,counterevidence,区分自愿透明、共同影响信息和个人隐私。,需要补看：区分自愿透明、共同影响信息和个人隐私。,不得仅凭本规则推出某人必然控制、回避、依赖、忠诚或适合结婚；不得把亲密解释为无隐私，把保护解释为替代决定，把贡献多少解释为决策权大小。现实安全、明确同意、可撤回性、持续行为、反例与双方意愿优先。,中高,待验证,,boundary_misread=GB02; provisional=true; rule_group=BOUND-GB误读,0.5
M5-BOUND-335,GB02 亲密等于无隐私｜纠偏与观察,L6 边界误读与伪适配,BOUND-GB误读,通用,路由,GB02,亲密等于无隐私,GB候选成立。,PR0安全事件优先停止。,由共享基础引擎、M3-BOUND与M5-BASE提供；只修正用户需要怎样的自主、共享、授权与空间结构，不直接判断具体关系现实中公平或安全。,M2只说明谁容易进入关系及资格证据；不能替代具体对象的同意、边界、资源和权力行为验证。,M3-BASE与M3-BOUND提供用户自然靠近、共享和边界通道；M5-BOUND负责判断双方如何共同治理。,无／按本规则指定的提议—知情—同意—执行—复核—重订路径路由。,近位、远位只修正该边界需求进入亲密关系核心的可能；不得据此判断具体伴侣一定尊重或越界。,根气只修正用户边界需求是否稳定重复，不等于双方已形成成熟治理。,旺弱只修正某项自主、共享、规则或空间功能的调用强度，不直接等于控制、回避或适配质量。,喜忌只修正功能调用顺畅度与摩擦，不可直接翻译为理想伴侣五行、十神或必然互补。,真合化成立时按化神功能重算边界需求；合化争议时停止细化边界画像。,近位提高该边界议题进入关系核心的可能；远位只保留背景或阶段性观察。,84,不加分；观察路由,observation_plan,区分自愿透明、共同影响信息和个人隐私。,纠偏时要：区分自愿透明、共同影响信息和个人隐私。,不得仅凭本规则推出某人必然控制、回避、依赖、忠诚或适合结婚；不得把亲密解释为无隐私，把保护解释为替代决定，把贡献多少解释为决策权大小。现实安全、明确同意、可撤回性、持续行为、反例与双方意愿优先。,中高,待验证,,boundary_misread=GB02; provisional=true; rule_group=BOUND-GB误读,0.5
M5-BOUND-336,GB02 亲密等于无隐私｜用户解释,L6 边界误读与伪适配,BOUND-GB误读,通用,输出,GB02,亲密等于无隐私,完成GB判断。,资料不足以区分。,由共享基础引擎、M3-BOUND与M5-BASE提供；只修正用户需要怎样的自主、共享、授权与空间结构，不直接判断具体关系现实中公平或安全。,M2只说明谁容易进入关系及资格证据；不能替代具体对象的同意、边界、资源和权力行为验证。,M3-BASE与M3-BOUND提供用户自然靠近、共享和边界通道；M5-BOUND负责判断双方如何共同治理。,无／按本规则指定的提议—知情—同意—执行—复核—重订路径路由。,近位、远位只修正该边界需求进入亲密关系核心的可能；不得据此判断具体伴侣一定尊重或越界。,根气只修正用户边界需求是否稳定重复，不等于双方已形成成熟治理。,旺弱只修正某项自主、共享、规则或空间功能的调用强度，不直接等于控制、回避或适配质量。,喜忌只修正功能调用顺畅度与摩擦，不可直接翻译为理想伴侣五行、十神或必然互补。,真合化成立时按化神功能重算边界需求；合化争议时停止细化边界画像。,近位提高该边界议题进入关系核心的可能；远位只保留背景或阶段性观察。,76,不加分；输出,report_text,亲密可以透明，但不等于失去隐私。,亲密可以透明，但不等于失去隐私。,不得仅凭本规则推出某人必然控制、回避、依赖、忠诚或适合结婚；不得把亲密解释为无隐私，把保护解释为替代决定，把贡献多少解释为决策权大小。现实安全、明确同意、可撤回性、持续行为、反例与双方意愿优先。,中高,待验证,,boundary_misread=GB02; provisional=true; rule_group=BOUND-GB误读,0.5
M5-BOUND-337,GB03 共享等于共同决定｜正式定义,L6 边界误读与伪适配,BOUND-GB误读,通用,误读,GB03,共享等于共同决定,出现相关边界判断偏差或现实争议。,BV6—BV7现实资料已明确排除。,由共享基础引擎、M3-BOUND与M5-BASE提供；只修正用户需要怎样的自主、共享、授权与空间结构，不直接判断具体关系现实中公平或安全。,M2只说明谁容易进入关系及资格证据；不能替代具体对象的同意、边界、资源和权力行为验证。,M3-BASE与M3-BOUND提供用户自然靠近、共享和边界通道；M5-BOUND负责判断双方如何共同治理。,无／按本规则指定的提议—知情—同意—执行—复核—重订路径路由。,近位、远位只修正该边界需求进入亲密关系核心的可能；不得据此判断具体伴侣一定尊重或越界。,根气只修正用户边界需求是否稳定重复，不等于双方已形成成熟治理。,旺弱只修正某项自主、共享、规则或空间功能的调用强度，不直接等于控制、回避或适配质量。,喜忌只修正功能调用顺畅度与摩擦，不可直接翻译为理想伴侣五行、十神或必然互补。,真合化成立时按化神功能重算边界需求；合化争议时停止细化边界画像。,近位提高该边界议题进入关系核心的可能；远位只保留背景或阶段性观察。,95,GB风险 +12,pseudo_boundary_warning,因为资源或生活共享，就默认一方可以决定另一方的个人事项。,共享生活不等于共享所有决定权。,不得仅凭本规则推出某人必然控制、回避、依赖、忠诚或适合结婚；不得把亲密解释为无隐私，把保护解释为替代决定，把贡献多少解释为决策权大小。现实安全、明确同意、可撤回性、持续行为、反例与双方意愿优先。,高,待验证,,boundary_misread=GB03; provisional=true; rule_group=BOUND-GB误读,0.5
M5-BOUND-338,GB03 共享等于共同决定｜证据缺口,L6 边界误读与伪适配,BOUND-GB误读,通用,证据,GB03,共享等于共同决定,准备判断边界成熟、共享、独立或授权。,对应BO和DG已跨领域验证。,由共享基础引擎、M3-BOUND与M5-BASE提供；只修正用户需要怎样的自主、共享、授权与空间结构，不直接判断具体关系现实中公平或安全。,M2只说明谁容易进入关系及资格证据；不能替代具体对象的同意、边界、资源和权力行为验证。,M3-BASE与M3-BOUND提供用户自然靠近、共享和边界通道；M5-BOUND负责判断双方如何共同治理。,无／按本规则指定的提议—知情—同意—执行—复核—重订路径路由。,近位、远位只修正该边界需求进入亲密关系核心的可能；不得据此判断具体伴侣一定尊重或越界。,根气只修正用户边界需求是否稳定重复，不等于双方已形成成熟治理。,旺弱只修正某项自主、共享、规则或空间功能的调用强度，不直接等于控制、回避或适配质量。,喜忌只修正功能调用顺畅度与摩擦，不可直接翻译为理想伴侣五行、十神或必然互补。,真合化成立时按化神功能重算边界需求；合化争议时停止细化边界画像。,近位提高该边界议题进入关系核心的可能；远位只保留背景或阶段性观察。,90,-12／停止升级,counterevidence,明确个人决定、影响告知和共同决定层级。,需要补看：明确个人决定、影响告知和共同决定层级。,不得仅凭本规则推出某人必然控制、回避、依赖、忠诚或适合结婚；不得把亲密解释为无隐私，把保护解释为替代决定，把贡献多少解释为决策权大小。现实安全、明确同意、可撤回性、持续行为、反例与双方意愿优先。,中高,待验证,,boundary_misread=GB03; provisional=true; rule_group=BOUND-GB误读,0.5
M5-BOUND-339,GB03 共享等于共同决定｜纠偏与观察,L6 边界误读与伪适配,BOUND-GB误读,通用,路由,GB03,共享等于共同决定,GB候选成立。,PR0安全事件优先停止。,由共享基础引擎、M3-BOUND与M5-BASE提供；只修正用户需要怎样的自主、共享、授权与空间结构，不直接判断具体关系现实中公平或安全。,M2只说明谁容易进入关系及资格证据；不能替代具体对象的同意、边界、资源和权力行为验证。,M3-BASE与M3-BOUND提供用户自然靠近、共享和边界通道；M5-BOUND负责判断双方如何共同治理。,无／按本规则指定的提议—知情—同意—执行—复核—重订路径路由。,近位、远位只修正该边界需求进入亲密关系核心的可能；不得据此判断具体伴侣一定尊重或越界。,根气只修正用户边界需求是否稳定重复，不等于双方已形成成熟治理。,旺弱只修正某项自主、共享、规则或空间功能的调用强度，不直接等于控制、回避或适配质量。,喜忌只修正功能调用顺畅度与摩擦，不可直接翻译为理想伴侣五行、十神或必然互补。,真合化成立时按化神功能重算边界需求；合化争议时停止细化边界画像。,近位提高该边界议题进入关系核心的可能；远位只保留背景或阶段性观察。,84,不加分；观察路由,observation_plan,明确个人决定、影响告知和共同决定层级。,纠偏时要：明确个人决定、影响告知和共同决定层级。,不得仅凭本规则推出某人必然控制、回避、依赖、忠诚或适合结婚；不得把亲密解释为无隐私，把保护解释为替代决定，把贡献多少解释为决策权大小。现实安全、明确同意、可撤回性、持续行为、反例与双方意愿优先。,中高,待验证,,boundary_misread=GB03; provisional=true; rule_group=BOUND-GB误读,0.5
M5-BOUND-340,GB03 共享等于共同决定｜用户解释,L6 边界误读与伪适配,BOUND-GB误读,通用,输出,GB03,共享等于共同决定,完成GB判断。,资料不足以区分。,由共享基础引擎、M3-BOUND与M5-BASE提供；只修正用户需要怎样的自主、共享、授权与空间结构，不直接判断具体关系现实中公平或安全。,M2只说明谁容易进入关系及资格证据；不能替代具体对象的同意、边界、资源和权力行为验证。,M3-BASE与M3-BOUND提供用户自然靠近、共享和边界通道；M5-BOUND负责判断双方如何共同治理。,无／按本规则指定的提议—知情—同意—执行—复核—重订路径路由。,近位、远位只修正该边界需求进入亲密关系核心的可能；不得据此判断具体伴侣一定尊重或越界。,根气只修正用户边界需求是否稳定重复，不等于双方已形成成熟治理。,旺弱只修正某项自主、共享、规则或空间功能的调用强度，不直接等于控制、回避或适配质量。,喜忌只修正功能调用顺畅度与摩擦，不可直接翻译为理想伴侣五行、十神或必然互补。,真合化成立时按化神功能重算边界需求；合化争议时停止细化边界画像。,近位提高该边界议题进入关系核心的可能；远位只保留背景或阶段性观察。,76,不加分；输出,report_text,共享生活不等于共享所有决定权。,共享生活不等于共享所有决定权。,不得仅凭本规则推出某人必然控制、回避、依赖、忠诚或适合结婚；不得把亲密解释为无隐私，把保护解释为替代决定，把贡献多少解释为决策权大小。现实安全、明确同意、可撤回性、持续行为、反例与双方意愿优先。,中高,待验证,,boundary_misread=GB03; provisional=true; rule_group=BOUND-GB误读,0.5
M5-BOUND-341,GB04 保护等于替代决定｜正式定义,L6 边界误读与伪适配,BOUND-GB误读,通用,误读,GB04,保护等于替代决定,出现相关边界判断偏差或现实争议。,BV6—BV7现实资料已明确排除。,由共享基础引擎、M3-BOUND与M5-BASE提供；只修正用户需要怎样的自主、共享、授权与空间结构，不直接判断具体关系现实中公平或安全。,M2只说明谁容易进入关系及资格证据；不能替代具体对象的同意、边界、资源和权力行为验证。,M3-BASE与M3-BOUND提供用户自然靠近、共享和边界通道；M5-BOUND负责判断双方如何共同治理。,无／按本规则指定的提议—知情—同意—执行—复核—重订路径路由。,近位、远位只修正该边界需求进入亲密关系核心的可能；不得据此判断具体伴侣一定尊重或越界。,根气只修正用户边界需求是否稳定重复，不等于双方已形成成熟治理。,旺弱只修正某项自主、共享、规则或空间功能的调用强度，不直接等于控制、回避或适配质量。,喜忌只修正功能调用顺畅度与摩擦，不可直接翻译为理想伴侣五行、十神或必然互补。,真合化成立时按化神功能重算边界需求；合化争议时停止细化边界画像。,近位提高该边界议题进入关系核心的可能；远位只保留背景或阶段性观察。,95,GB风险 +12,pseudo_boundary_warning,把限制、监控、代办和接管包装成负责或为你好。,真正的保护会恢复你的选择，而不是永久替你决定。,不得仅凭本规则推出某人必然控制、回避、依赖、忠诚或适合结婚；不得把亲密解释为无隐私，把保护解释为替代决定，把贡献多少解释为决策权大小。现实安全、明确同意、可撤回性、持续行为、反例与双方意愿优先。,高,待验证,,boundary_misread=GB04; provisional=true; rule_group=BOUND-GB误读,0.5
M5-BOUND-342,GB04 保护等于替代决定｜证据缺口,L6 边界误读与伪适配,BOUND-GB误读,通用,证据,GB04,保护等于替代决定,准备判断边界成熟、共享、独立或授权。,对应BO和DG已跨领域验证。,由共享基础引擎、M3-BOUND与M5-BASE提供；只修正用户需要怎样的自主、共享、授权与空间结构，不直接判断具体关系现实中公平或安全。,M2只说明谁容易进入关系及资格证据；不能替代具体对象的同意、边界、资源和权力行为验证。,M3-BASE与M3-BOUND提供用户自然靠近、共享和边界通道；M5-BOUND负责判断双方如何共同治理。,无／按本规则指定的提议—知情—同意—执行—复核—重订路径路由。,近位、远位只修正该边界需求进入亲密关系核心的可能；不得据此判断具体伴侣一定尊重或越界。,根气只修正用户边界需求是否稳定重复，不等于双方已形成成熟治理。,旺弱只修正某项自主、共享、规则或空间功能的调用强度，不直接等于控制、回避或适配质量。,喜忌只修正功能调用顺畅度与摩擦，不可直接翻译为理想伴侣五行、十神或必然互补。,真合化成立时按化神功能重算边界需求；合化争议时停止细化边界画像。,近位提高该边界议题进入关系核心的可能；远位只保留背景或阶段性观察。,90,-12／停止升级,counterevidence,检查最小必要、同意、信息、事后归还和反馈。,需要补看：检查最小必要、同意、信息、事后归还和反馈。,不得仅凭本规则推出某人必然控制、回避、依赖、忠诚或适合结婚；不得把亲密解释为无隐私，把保护解释为替代决定，把贡献多少解释为决策权大小。现实安全、明确同意、可撤回性、持续行为、反例与双方意愿优先。,中高,待验证,,boundary_misread=GB04; provisional=true; rule_group=BOUND-GB误读,0.5
M5-BOUND-343,GB04 保护等于替代决定｜纠偏与观察,L6 边界误读与伪适配,BOUND-GB误读,通用,路由,GB04,保护等于替代决定,GB候选成立。,PR0安全事件优先停止。,由共享基础引擎、M3-BOUND与M5-BASE提供；只修正用户需要怎样的自主、共享、授权与空间结构，不直接判断具体关系现实中公平或安全。,M2只说明谁容易进入关系及资格证据；不能替代具体对象的同意、边界、资源和权力行为验证。,M3-BASE与M3-BOUND提供用户自然靠近、共享和边界通道；M5-BOUND负责判断双方如何共同治理。,无／按本规则指定的提议—知情—同意—执行—复核—重订路径路由。,近位、远位只修正该边界需求进入亲密关系核心的可能；不得据此判断具体伴侣一定尊重或越界。,根气只修正用户边界需求是否稳定重复，不等于双方已形成成熟治理。,旺弱只修正某项自主、共享、规则或空间功能的调用强度，不直接等于控制、回避或适配质量。,喜忌只修正功能调用顺畅度与摩擦，不可直接翻译为理想伴侣五行、十神或必然互补。,真合化成立时按化神功能重算边界需求；合化争议时停止细化边界画像。,近位提高该边界议题进入关系核心的可能；远位只保留背景或阶段性观察。,84,不加分；观察路由,observation_plan,检查最小必要、同意、信息、事后归还和反馈。,纠偏时要：检查最小必要、同意、信息、事后归还和反馈。,不得仅凭本规则推出某人必然控制、回避、依赖、忠诚或适合结婚；不得把亲密解释为无隐私，把保护解释为替代决定，把贡献多少解释为决策权大小。现实安全、明确同意、可撤回性、持续行为、反例与双方意愿优先。,中高,待验证,,boundary_misread=GB04; provisional=true; rule_group=BOUND-GB误读,0.5
M5-BOUND-344,GB04 保护等于替代决定｜用户解释,L6 边界误读与伪适配,BOUND-GB误读,通用,输出,GB04,保护等于替代决定,完成GB判断。,资料不足以区分。,由共享基础引擎、M3-BOUND与M5-BASE提供；只修正用户需要怎样的自主、共享、授权与空间结构，不直接判断具体关系现实中公平或安全。,M2只说明谁容易进入关系及资格证据；不能替代具体对象的同意、边界、资源和权力行为验证。,M3-BASE与M3-BOUND提供用户自然靠近、共享和边界通道；M5-BOUND负责判断双方如何共同治理。,无／按本规则指定的提议—知情—同意—执行—复核—重订路径路由。,近位、远位只修正该边界需求进入亲密关系核心的可能；不得据此判断具体伴侣一定尊重或越界。,根气只修正用户边界需求是否稳定重复，不等于双方已形成成熟治理。,旺弱只修正某项自主、共享、规则或空间功能的调用强度，不直接等于控制、回避或适配质量。,喜忌只修正功能调用顺畅度与摩擦，不可直接翻译为理想伴侣五行、十神或必然互补。,真合化成立时按化神功能重算边界需求；合化争议时停止细化边界画像。,近位提高该边界议题进入关系核心的可能；远位只保留背景或阶段性观察。,76,不加分；输出,report_text,真正的保护会恢复你的选择，而不是永久替你决定。,真正的保护会恢复你的选择，而不是永久替你决定。,不得仅凭本规则推出某人必然控制、回避、依赖、忠诚或适合结婚；不得把亲密解释为无隐私，把保护解释为替代决定，把贡献多少解释为决策权大小。现实安全、明确同意、可撤回性、持续行为、反例与双方意愿优先。,中高,待验证,,boundary_misread=GB04; provisional=true; rule_group=BOUND-GB误读,0.5
M5-BOUND-345,GB05 独立等于无需协商｜正式定义,L6 边界误读与伪适配,BOUND-GB误读,通用,误读,GB05,独立等于无需协商,出现相关边界判断偏差或现实争议。,BV6—BV7现实资料已明确排除。,由共享基础引擎、M3-BOUND与M5-BASE提供；只修正用户需要怎样的自主、共享、授权与空间结构，不直接判断具体关系现实中公平或安全。,M2只说明谁容易进入关系及资格证据；不能替代具体对象的同意、边界、资源和权力行为验证。,M3-BASE与M3-BOUND提供用户自然靠近、共享和边界通道；M5-BOUND负责判断双方如何共同治理。,无／按本规则指定的提议—知情—同意—执行—复核—重订路径路由。,近位、远位只修正该边界需求进入亲密关系核心的可能；不得据此判断具体伴侣一定尊重或越界。,根气只修正用户边界需求是否稳定重复，不等于双方已形成成熟治理。,旺弱只修正某项自主、共享、规则或空间功能的调用强度，不直接等于控制、回避或适配质量。,喜忌只修正功能调用顺畅度与摩擦，不可直接翻译为理想伴侣五行、十神或必然互补。,真合化成立时按化神功能重算边界需求；合化争议时停止细化边界画像。,近位提高该边界议题进入关系核心的可能；远位只保留背景或阶段性观察。,95,GB风险 +12,pseudo_boundary_warning,把重要影响不告知、长期缺席或不承担共同责任解释成独立。,独立不取消对共同关系的告知和协商。,不得仅凭本规则推出某人必然控制、回避、依赖、忠诚或适合结婚；不得把亲密解释为无隐私，把保护解释为替代决定，把贡献多少解释为决策权大小。现实安全、明确同意、可撤回性、持续行为、反例与双方意愿优先。,高,待验证,,boundary_misread=GB05; provisional=true; rule_group=BOUND-GB误读,0.5
M5-BOUND-346,GB05 独立等于无需协商｜证据缺口,L6 边界误读与伪适配,BOUND-GB误读,通用,证据,GB05,独立等于无需协商,准备判断边界成熟、共享、独立或授权。,对应BO和DG已跨领域验证。,由共享基础引擎、M3-BOUND与M5-BASE提供；只修正用户需要怎样的自主、共享、授权与空间结构，不直接判断具体关系现实中公平或安全。,M2只说明谁容易进入关系及资格证据；不能替代具体对象的同意、边界、资源和权力行为验证。,M3-BASE与M3-BOUND提供用户自然靠近、共享和边界通道；M5-BOUND负责判断双方如何共同治理。,无／按本规则指定的提议—知情—同意—执行—复核—重订路径路由。,近位、远位只修正该边界需求进入亲密关系核心的可能；不得据此判断具体伴侣一定尊重或越界。,根气只修正用户边界需求是否稳定重复，不等于双方已形成成熟治理。,旺弱只修正某项自主、共享、规则或空间功能的调用强度，不直接等于控制、回避或适配质量。,喜忌只修正功能调用顺畅度与摩擦，不可直接翻译为理想伴侣五行、十神或必然互补。,真合化成立时按化神功能重算边界需求；合化争议时停止细化边界画像。,近位提高该边界议题进入关系核心的可能；远位只保留背景或阶段性观察。,90,-12／停止升级,counterevidence,区分个人自主和共同影响责任。,需要补看：区分个人自主和共同影响责任。,不得仅凭本规则推出某人必然控制、回避、依赖、忠诚或适合结婚；不得把亲密解释为无隐私，把保护解释为替代决定，把贡献多少解释为决策权大小。现实安全、明确同意、可撤回性、持续行为、反例与双方意愿优先。,中高,待验证,,boundary_misread=GB05; provisional=true; rule_group=BOUND-GB误读,0.5
M5-BOUND-347,GB05 独立等于无需协商｜纠偏与观察,L6 边界误读与伪适配,BOUND-GB误读,通用,路由,GB05,独立等于无需协商,GB候选成立。,PR0安全事件优先停止。,由共享基础引擎、M3-BOUND与M5-BASE提供；只修正用户需要怎样的自主、共享、授权与空间结构，不直接判断具体关系现实中公平或安全。,M2只说明谁容易进入关系及资格证据；不能替代具体对象的同意、边界、资源和权力行为验证。,M3-BASE与M3-BOUND提供用户自然靠近、共享和边界通道；M5-BOUND负责判断双方如何共同治理。,无／按本规则指定的提议—知情—同意—执行—复核—重订路径路由。,近位、远位只修正该边界需求进入亲密关系核心的可能；不得据此判断具体伴侣一定尊重或越界。,根气只修正用户边界需求是否稳定重复，不等于双方已形成成熟治理。,旺弱只修正某项自主、共享、规则或空间功能的调用强度，不直接等于控制、回避或适配质量。,喜忌只修正功能调用顺畅度与摩擦，不可直接翻译为理想伴侣五行、十神或必然互补。,真合化成立时按化神功能重算边界需求；合化争议时停止细化边界画像。,近位提高该边界议题进入关系核心的可能；远位只保留背景或阶段性观察。,84,不加分；观察路由,observation_plan,区分个人自主和共同影响责任。,纠偏时要：区分个人自主和共同影响责任。,不得仅凭本规则推出某人必然控制、回避、依赖、忠诚或适合结婚；不得把亲密解释为无隐私，把保护解释为替代决定，把贡献多少解释为决策权大小。现实安全、明确同意、可撤回性、持续行为、反例与双方意愿优先。,中高,待验证,,boundary_misread=GB05; provisional=true; rule_group=BOUND-GB误读,0.5
M5-BOUND-348,GB05 独立等于无需协商｜用户解释,L6 边界误读与伪适配,BOUND-GB误读,通用,输出,GB05,独立等于无需协商,完成GB判断。,资料不足以区分。,由共享基础引擎、M3-BOUND与M5-BASE提供；只修正用户需要怎样的自主、共享、授权与空间结构，不直接判断具体关系现实中公平或安全。,M2只说明谁容易进入关系及资格证据；不能替代具体对象的同意、边界、资源和权力行为验证。,M3-BASE与M3-BOUND提供用户自然靠近、共享和边界通道；M5-BOUND负责判断双方如何共同治理。,无／按本规则指定的提议—知情—同意—执行—复核—重订路径路由。,近位、远位只修正该边界需求进入亲密关系核心的可能；不得据此判断具体伴侣一定尊重或越界。,根气只修正用户边界需求是否稳定重复，不等于双方已形成成熟治理。,旺弱只修正某项自主、共享、规则或空间功能的调用强度，不直接等于控制、回避或适配质量。,喜忌只修正功能调用顺畅度与摩擦，不可直接翻译为理想伴侣五行、十神或必然互补。,真合化成立时按化神功能重算边界需求；合化争议时停止细化边界画像。,近位提高该边界议题进入关系核心的可能；远位只保留背景或阶段性观察。,76,不加分；输出,report_text,独立不取消对共同关系的告知和协商。,独立不取消对共同关系的告知和协商。,不得仅凭本规则推出某人必然控制、回避、依赖、忠诚或适合结婚；不得把亲密解释为无隐私，把保护解释为替代决定，把贡献多少解释为决策权大小。现实安全、明确同意、可撤回性、持续行为、反例与双方意愿优先。,中高,待验证,,boundary_misread=GB05; provisional=true; rule_group=BOUND-GB误读,0.5
M5-BOUND-349,GB06 依靠等于失去自主｜正式定义,L6 边界误读与伪适配,BOUND-GB误读,通用,误读,GB06,依靠等于失去自主,出现相关边界判断偏差或现实争议。,BV6—BV7现实资料已明确排除。,由共享基础引擎、M3-BOUND与M5-BASE提供；只修正用户需要怎样的自主、共享、授权与空间结构，不直接判断具体关系现实中公平或安全。,M2只说明谁容易进入关系及资格证据；不能替代具体对象的同意、边界、资源和权力行为验证。,M3-BASE与M3-BOUND提供用户自然靠近、共享和边界通道；M5-BOUND负责判断双方如何共同治理。,无／按本规则指定的提议—知情—同意—执行—复核—重订路径路由。,近位、远位只修正该边界需求进入亲密关系核心的可能；不得据此判断具体伴侣一定尊重或越界。,根气只修正用户边界需求是否稳定重复，不等于双方已形成成熟治理。,旺弱只修正某项自主、共享、规则或空间功能的调用强度，不直接等于控制、回避或适配质量。,喜忌只修正功能调用顺畅度与摩擦，不可直接翻译为理想伴侣五行、十神或必然互补。,真合化成立时按化神功能重算边界需求；合化争议时停止细化边界画像。,近位提高该边界议题进入关系核心的可能；远位只保留背景或阶段性观察。,95,GB风险 +12,pseudo_boundary_warning,接受帮助、建议或情绪支持后就觉得必须服从或立即偿还。,可以依靠别人，也可以保留自己的决定。,不得仅凭本规则推出某人必然控制、回避、依赖、忠诚或适合结婚；不得把亲密解释为无隐私，把保护解释为替代决定，把贡献多少解释为决策权大小。现实安全、明确同意、可撤回性、持续行为、反例与双方意愿优先。,高,待验证,,boundary_misread=GB06; provisional=true; rule_group=BOUND-GB误读,0.5
M5-BOUND-350,GB06 依靠等于失去自主｜证据缺口,L6 边界误读与伪适配,BOUND-GB误读,通用,证据,GB06,依靠等于失去自主,准备判断边界成熟、共享、独立或授权。,对应BO和DG已跨领域验证。,由共享基础引擎、M3-BOUND与M5-BASE提供；只修正用户需要怎样的自主、共享、授权与空间结构，不直接判断具体关系现实中公平或安全。,M2只说明谁容易进入关系及资格证据；不能替代具体对象的同意、边界、资源和权力行为验证。,M3-BASE与M3-BOUND提供用户自然靠近、共享和边界通道；M5-BOUND负责判断双方如何共同治理。,无／按本规则指定的提议—知情—同意—执行—复核—重订路径路由。,近位、远位只修正该边界需求进入亲密关系核心的可能；不得据此判断具体伴侣一定尊重或越界。,根气只修正用户边界需求是否稳定重复，不等于双方已形成成熟治理。,旺弱只修正某项自主、共享、规则或空间功能的调用强度，不直接等于控制、回避或适配质量。,喜忌只修正功能调用顺畅度与摩擦，不可直接翻译为理想伴侣五行、十神或必然互补。,真合化成立时按化神功能重算边界需求；合化争议时停止细化边界画像。,近位提高该边界议题进入关系核心的可能；远位只保留背景或阶段性观察。,90,-12／停止升级,counterevidence,保留拒绝、修改、退出和自行决定权。,需要补看：保留拒绝、修改、退出和自行决定权。,不得仅凭本规则推出某人必然控制、回避、依赖、忠诚或适合结婚；不得把亲密解释为无隐私，把保护解释为替代决定，把贡献多少解释为决策权大小。现实安全、明确同意、可撤回性、持续行为、反例与双方意愿优先。,中高,待验证,,boundary_misread=GB06; provisional=true; rule_group=BOUND-GB误读,0.5
M5-BOUND-351,GB06 依靠等于失去自主｜纠偏与观察,L6 边界误读与伪适配,BOUND-GB误读,通用,路由,GB06,依靠等于失去自主,GB候选成立。,PR0安全事件优先停止。,由共享基础引擎、M3-BOUND与M5-BASE提供；只修正用户需要怎样的自主、共享、授权与空间结构，不直接判断具体关系现实中公平或安全。,M2只说明谁容易进入关系及资格证据；不能替代具体对象的同意、边界、资源和权力行为验证。,M3-BASE与M3-BOUND提供用户自然靠近、共享和边界通道；M5-BOUND负责判断双方如何共同治理。,无／按本规则指定的提议—知情—同意—执行—复核—重订路径路由。,近位、远位只修正该边界需求进入亲密关系核心的可能；不得据此判断具体伴侣一定尊重或越界。,根气只修正用户边界需求是否稳定重复，不等于双方已形成成熟治理。,旺弱只修正某项自主、共享、规则或空间功能的调用强度，不直接等于控制、回避或适配质量。,喜忌只修正功能调用顺畅度与摩擦，不可直接翻译为理想伴侣五行、十神或必然互补。,真合化成立时按化神功能重算边界需求；合化争议时停止细化边界画像。,近位提高该边界议题进入关系核心的可能；远位只保留背景或阶段性观察。,84,不加分；观察路由,observation_plan,保留拒绝、修改、退出和自行决定权。,纠偏时要：保留拒绝、修改、退出和自行决定权。,不得仅凭本规则推出某人必然控制、回避、依赖、忠诚或适合结婚；不得把亲密解释为无隐私，把保护解释为替代决定，把贡献多少解释为决策权大小。现实安全、明确同意、可撤回性、持续行为、反例与双方意愿优先。,中高,待验证,,boundary_misread=GB06; provisional=true; rule_group=BOUND-GB误读,0.5
M5-BOUND-352,GB06 依靠等于失去自主｜用户解释,L6 边界误读与伪适配,BOUND-GB误读,通用,输出,GB06,依靠等于失去自主,完成GB判断。,资料不足以区分。,由共享基础引擎、M3-BOUND与M5-BASE提供；只修正用户需要怎样的自主、共享、授权与空间结构，不直接判断具体关系现实中公平或安全。,M2只说明谁容易进入关系及资格证据；不能替代具体对象的同意、边界、资源和权力行为验证。,M3-BASE与M3-BOUND提供用户自然靠近、共享和边界通道；M5-BOUND负责判断双方如何共同治理。,无／按本规则指定的提议—知情—同意—执行—复核—重订路径路由。,近位、远位只修正该边界需求进入亲密关系核心的可能；不得据此判断具体伴侣一定尊重或越界。,根气只修正用户边界需求是否稳定重复，不等于双方已形成成熟治理。,旺弱只修正某项自主、共享、规则或空间功能的调用强度，不直接等于控制、回避或适配质量。,喜忌只修正功能调用顺畅度与摩擦，不可直接翻译为理想伴侣五行、十神或必然互补。,真合化成立时按化神功能重算边界需求；合化争议时停止细化边界画像。,近位提高该边界议题进入关系核心的可能；远位只保留背景或阶段性观察。,76,不加分；输出,report_text,可以依靠别人，也可以保留自己的决定。,可以依靠别人，也可以保留自己的决定。,不得仅凭本规则推出某人必然控制、回避、依赖、忠诚或适合结婚；不得把亲密解释为无隐私，把保护解释为替代决定，把贡献多少解释为决策权大小。现实安全、明确同意、可撤回性、持续行为、反例与双方意愿优先。,中高,待验证,,boundary_misread=GB06; provisional=true; rule_group=BOUND-GB误读,0.5
M5-BOUND-353,GB07 规则清楚等于规则公平｜正式定义,L6 边界误读与伪适配,BOUND-GB误读,通用,误读,GB07,规则清楚等于规则公平,出现相关边界判断偏差或现实争议。,BV6—BV7现实资料已明确排除。,由共享基础引擎、M3-BOUND与M5-BASE提供；只修正用户需要怎样的自主、共享、授权与空间结构，不直接判断具体关系现实中公平或安全。,M2只说明谁容易进入关系及资格证据；不能替代具体对象的同意、边界、资源和权力行为验证。,M3-BASE与M3-BOUND提供用户自然靠近、共享和边界通道；M5-BOUND负责判断双方如何共同治理。,无／按本规则指定的提议—知情—同意—执行—复核—重订路径路由。,近位、远位只修正该边界需求进入亲密关系核心的可能；不得据此判断具体伴侣一定尊重或越界。,根气只修正用户边界需求是否稳定重复，不等于双方已形成成熟治理。,旺弱只修正某项自主、共享、规则或空间功能的调用强度，不直接等于控制、回避或适配质量。,喜忌只修正功能调用顺畅度与摩擦，不可直接翻译为理想伴侣五行、十神或必然互补。,真合化成立时按化神功能重算边界需求；合化争议时停止细化边界画像。,近位提高该边界议题进入关系核心的可能；远位只保留背景或阶段性观察。,95,GB风险 +12,pseudo_boundary_warning,有明确规则就认为边界成熟，忽略规则是否单向、可撤回和可复核。,规则清楚不等于规则公平。,不得仅凭本规则推出某人必然控制、回避、依赖、忠诚或适合结婚；不得把亲密解释为无隐私，把保护解释为替代决定，把贡献多少解释为决策权大小。现实安全、明确同意、可撤回性、持续行为、反例与双方意愿优先。,高,待验证,,boundary_misread=GB07; provisional=true; rule_group=BOUND-GB误读,0.5
M5-BOUND-354,GB07 规则清楚等于规则公平｜证据缺口,L6 边界误读与伪适配,BOUND-GB误读,通用,证据,GB07,规则清楚等于规则公平,准备判断边界成熟、共享、独立或授权。,对应BO和DG已跨领域验证。,由共享基础引擎、M3-BOUND与M5-BASE提供；只修正用户需要怎样的自主、共享、授权与空间结构，不直接判断具体关系现实中公平或安全。,M2只说明谁容易进入关系及资格证据；不能替代具体对象的同意、边界、资源和权力行为验证。,M3-BASE与M3-BOUND提供用户自然靠近、共享和边界通道；M5-BOUND负责判断双方如何共同治理。,无／按本规则指定的提议—知情—同意—执行—复核—重订路径路由。,近位、远位只修正该边界需求进入亲密关系核心的可能；不得据此判断具体伴侣一定尊重或越界。,根气只修正用户边界需求是否稳定重复，不等于双方已形成成熟治理。,旺弱只修正某项自主、共享、规则或空间功能的调用强度，不直接等于控制、回避或适配质量。,喜忌只修正功能调用顺畅度与摩擦，不可直接翻译为理想伴侣五行、十神或必然互补。,真合化成立时按化神功能重算边界需求；合化争议时停止细化边界画像。,近位提高该边界议题进入关系核心的可能；远位只保留背景或阶段性观察。,90,-12／停止升级,counterevidence,检查规则来源、对称性、例外和重订。,需要补看：检查规则来源、对称性、例外和重订。,不得仅凭本规则推出某人必然控制、回避、依赖、忠诚或适合结婚；不得把亲密解释为无隐私，把保护解释为替代决定，把贡献多少解释为决策权大小。现实安全、明确同意、可撤回性、持续行为、反例与双方意愿优先。,中高,待验证,,boundary_misread=GB07; provisional=true; rule_group=BOUND-GB误读,0.5
M5-BOUND-355,GB07 规则清楚等于规则公平｜纠偏与观察,L6 边界误读与伪适配,BOUND-GB误读,通用,路由,GB07,规则清楚等于规则公平,GB候选成立。,PR0安全事件优先停止。,由共享基础引擎、M3-BOUND与M5-BASE提供；只修正用户需要怎样的自主、共享、授权与空间结构，不直接判断具体关系现实中公平或安全。,M2只说明谁容易进入关系及资格证据；不能替代具体对象的同意、边界、资源和权力行为验证。,M3-BASE与M3-BOUND提供用户自然靠近、共享和边界通道；M5-BOUND负责判断双方如何共同治理。,无／按本规则指定的提议—知情—同意—执行—复核—重订路径路由。,近位、远位只修正该边界需求进入亲密关系核心的可能；不得据此判断具体伴侣一定尊重或越界。,根气只修正用户边界需求是否稳定重复，不等于双方已形成成熟治理。,旺弱只修正某项自主、共享、规则或空间功能的调用强度，不直接等于控制、回避或适配质量。,喜忌只修正功能调用顺畅度与摩擦，不可直接翻译为理想伴侣五行、十神或必然互补。,真合化成立时按化神功能重算边界需求；合化争议时停止细化边界画像。,近位提高该边界议题进入关系核心的可能；远位只保留背景或阶段性观察。,84,不加分；观察路由,observation_plan,检查规则来源、对称性、例外和重订。,纠偏时要：检查规则来源、对称性、例外和重订。,不得仅凭本规则推出某人必然控制、回避、依赖、忠诚或适合结婚；不得把亲密解释为无隐私，把保护解释为替代决定，把贡献多少解释为决策权大小。现实安全、明确同意、可撤回性、持续行为、反例与双方意愿优先。,中高,待验证,,boundary_misread=GB07; provisional=true; rule_group=BOUND-GB误读,0.5
M5-BOUND-356,GB07 规则清楚等于规则公平｜用户解释,L6 边界误读与伪适配,BOUND-GB误读,通用,输出,GB07,规则清楚等于规则公平,完成GB判断。,资料不足以区分。,由共享基础引擎、M3-BOUND与M5-BASE提供；只修正用户需要怎样的自主、共享、授权与空间结构，不直接判断具体关系现实中公平或安全。,M2只说明谁容易进入关系及资格证据；不能替代具体对象的同意、边界、资源和权力行为验证。,M3-BASE与M3-BOUND提供用户自然靠近、共享和边界通道；M5-BOUND负责判断双方如何共同治理。,无／按本规则指定的提议—知情—同意—执行—复核—重订路径路由。,近位、远位只修正该边界需求进入亲密关系核心的可能；不得据此判断具体伴侣一定尊重或越界。,根气只修正用户边界需求是否稳定重复，不等于双方已形成成熟治理。,旺弱只修正某项自主、共享、规则或空间功能的调用强度，不直接等于控制、回避或适配质量。,喜忌只修正功能调用顺畅度与摩擦，不可直接翻译为理想伴侣五行、十神或必然互补。,真合化成立时按化神功能重算边界需求；合化争议时停止细化边界画像。,近位提高该边界议题进入关系核心的可能；远位只保留背景或阶段性观察。,76,不加分；输出,report_text,规则清楚不等于规则公平。,规则清楚不等于规则公平。,不得仅凭本规则推出某人必然控制、回避、依赖、忠诚或适合结婚；不得把亲密解释为无隐私，把保护解释为替代决定，把贡献多少解释为决策权大小。现实安全、明确同意、可撤回性、持续行为、反例与双方意愿优先。,中高,待验证,,boundary_misread=GB07; provisional=true; rule_group=BOUND-GB误读,0.5
M5-BOUND-357,GB08 资源贡献多等于决策权更大｜正式定义,L6 边界误读与伪适配,BOUND-GB误读,通用,误读,GB08,资源贡献多等于决策权更大,出现相关边界判断偏差或现实争议。,BV6—BV7现实资料已明确排除。,由共享基础引擎、M3-BOUND与M5-BASE提供；只修正用户需要怎样的自主、共享、授权与空间结构，不直接判断具体关系现实中公平或安全。,M2只说明谁容易进入关系及资格证据；不能替代具体对象的同意、边界、资源和权力行为验证。,M3-BASE与M3-BOUND提供用户自然靠近、共享和边界通道；M5-BOUND负责判断双方如何共同治理。,无／按本规则指定的提议—知情—同意—执行—复核—重订路径路由。,近位、远位只修正该边界需求进入亲密关系核心的可能；不得据此判断具体伴侣一定尊重或越界。,根气只修正用户边界需求是否稳定重复，不等于双方已形成成熟治理。,旺弱只修正某项自主、共享、规则或空间功能的调用强度，不直接等于控制、回避或适配质量。,喜忌只修正功能调用顺畅度与摩擦，不可直接翻译为理想伴侣五行、十神或必然互补。,真合化成立时按化神功能重算边界需求；合化争议时停止细化边界画像。,近位提高该边界议题进入关系核心的可能；远位只保留背景或阶段性观察。,95,GB风险 +12,pseudo_boundary_warning,用收入、住房、照护或家务贡献换取更多控制。,贡献可以影响分工，但不能购买对另一方的控制权。,不得仅凭本规则推出某人必然控制、回避、依赖、忠诚或适合结婚；不得把亲密解释为无隐私，把保护解释为替代决定，把贡献多少解释为决策权大小。现实安全、明确同意、可撤回性、持续行为、反例与双方意愿优先。,高,待验证,,boundary_misread=GB08; provisional=true; rule_group=BOUND-GB误读,0.5
M5-BOUND-358,GB08 资源贡献多等于决策权更大｜证据缺口,L6 边界误读与伪适配,BOUND-GB误读,通用,证据,GB08,资源贡献多等于决策权更大,准备判断边界成熟、共享、独立或授权。,对应BO和DG已跨领域验证。,由共享基础引擎、M3-BOUND与M5-BASE提供；只修正用户需要怎样的自主、共享、授权与空间结构，不直接判断具体关系现实中公平或安全。,M2只说明谁容易进入关系及资格证据；不能替代具体对象的同意、边界、资源和权力行为验证。,M3-BASE与M3-BOUND提供用户自然靠近、共享和边界通道；M5-BOUND负责判断双方如何共同治理。,无／按本规则指定的提议—知情—同意—执行—复核—重订路径路由。,近位、远位只修正该边界需求进入亲密关系核心的可能；不得据此判断具体伴侣一定尊重或越界。,根气只修正用户边界需求是否稳定重复，不等于双方已形成成熟治理。,旺弱只修正某项自主、共享、规则或空间功能的调用强度，不直接等于控制、回避或适配质量。,喜忌只修正功能调用顺畅度与摩擦，不可直接翻译为理想伴侣五行、十神或必然互补。,真合化成立时按化神功能重算边界需求；合化争议时停止细化边界画像。,近位提高该边界议题进入关系核心的可能；远位只保留背景或阶段性观察。,90,-12／停止升级,counterevidence,把贡献认可与基本同意、人格平等和共同决定分开。,需要补看：把贡献认可与基本同意、人格平等和共同决定分开。,不得仅凭本规则推出某人必然控制、回避、依赖、忠诚或适合结婚；不得把亲密解释为无隐私，把保护解释为替代决定，把贡献多少解释为决策权大小。现实安全、明确同意、可撤回性、持续行为、反例与双方意愿优先。,中高,待验证,,boundary_misread=GB08; provisional=true; rule_group=BOUND-GB误读,0.5
M5-BOUND-359,GB08 资源贡献多等于决策权更大｜纠偏与观察,L6 边界误读与伪适配,BOUND-GB误读,通用,路由,GB08,资源贡献多等于决策权更大,GB候选成立。,PR0安全事件优先停止。,由共享基础引擎、M3-BOUND与M5-BASE提供；只修正用户需要怎样的自主、共享、授权与空间结构，不直接判断具体关系现实中公平或安全。,M2只说明谁容易进入关系及资格证据；不能替代具体对象的同意、边界、资源和权力行为验证。,M3-BASE与M3-BOUND提供用户自然靠近、共享和边界通道；M5-BOUND负责判断双方如何共同治理。,无／按本规则指定的提议—知情—同意—执行—复核—重订路径路由。,近位、远位只修正该边界需求进入亲密关系核心的可能；不得据此判断具体伴侣一定尊重或越界。,根气只修正用户边界需求是否稳定重复，不等于双方已形成成熟治理。,旺弱只修正某项自主、共享、规则或空间功能的调用强度，不直接等于控制、回避或适配质量。,喜忌只修正功能调用顺畅度与摩擦，不可直接翻译为理想伴侣五行、十神或必然互补。,真合化成立时按化神功能重算边界需求；合化争议时停止细化边界画像。,近位提高该边界议题进入关系核心的可能；远位只保留背景或阶段性观察。,84,不加分；观察路由,observation_plan,把贡献认可与基本同意、人格平等和共同决定分开。,纠偏时要：把贡献认可与基本同意、人格平等和共同决定分开。,不得仅凭本规则推出某人必然控制、回避、依赖、忠诚或适合结婚；不得把亲密解释为无隐私，把保护解释为替代决定，把贡献多少解释为决策权大小。现实安全、明确同意、可撤回性、持续行为、反例与双方意愿优先。,中高,待验证,,boundary_misread=GB08; provisional=true; rule_group=BOUND-GB误读,0.5
M5-BOUND-360,GB08 资源贡献多等于决策权更大｜用户解释,L6 边界误读与伪适配,BOUND-GB误读,通用,输出,GB08,资源贡献多等于决策权更大,完成GB判断。,资料不足以区分。,由共享基础引擎、M3-BOUND与M5-BASE提供；只修正用户需要怎样的自主、共享、授权与空间结构，不直接判断具体关系现实中公平或安全。,M2只说明谁容易进入关系及资格证据；不能替代具体对象的同意、边界、资源和权力行为验证。,M3-BASE与M3-BOUND提供用户自然靠近、共享和边界通道；M5-BOUND负责判断双方如何共同治理。,无／按本规则指定的提议—知情—同意—执行—复核—重订路径路由。,近位、远位只修正该边界需求进入亲密关系核心的可能；不得据此判断具体伴侣一定尊重或越界。,根气只修正用户边界需求是否稳定重复，不等于双方已形成成熟治理。,旺弱只修正某项自主、共享、规则或空间功能的调用强度，不直接等于控制、回避或适配质量。,喜忌只修正功能调用顺畅度与摩擦，不可直接翻译为理想伴侣五行、十神或必然互补。,真合化成立时按化神功能重算边界需求；合化争议时停止细化边界画像。,近位提高该边界议题进入关系核心的可能；远位只保留背景或阶段性观察。,76,不加分；输出,report_text,贡献可以影响分工，但不能购买对另一方的控制权。,贡献可以影响分工，但不能购买对另一方的控制权。,不得仅凭本规则推出某人必然控制、回避、依赖、忠诚或适合结婚；不得把亲密解释为无隐私，把保护解释为替代决定，把贡献多少解释为决策权大小。现实安全、明确同意、可撤回性、持续行为、反例与双方意愿优先。,中高,待验证,,boundary_misread=GB08; provisional=true; rule_group=BOUND-GB误读,0.5
M5-BOUND-361,GB09 暂停等于无限期退出｜正式定义,L6 边界误读与伪适配,BOUND-GB误读,通用,误读,GB09,暂停等于无限期退出,出现相关边界判断偏差或现实争议。,BV6—BV7现实资料已明确排除。,由共享基础引擎、M3-BOUND与M5-BASE提供；只修正用户需要怎样的自主、共享、授权与空间结构，不直接判断具体关系现实中公平或安全。,M2只说明谁容易进入关系及资格证据；不能替代具体对象的同意、边界、资源和权力行为验证。,M3-BASE与M3-BOUND提供用户自然靠近、共享和边界通道；M5-BOUND负责判断双方如何共同治理。,无／按本规则指定的提议—知情—同意—执行—复核—重订路径路由。,近位、远位只修正该边界需求进入亲密关系核心的可能；不得据此判断具体伴侣一定尊重或越界。,根气只修正用户边界需求是否稳定重复，不等于双方已形成成熟治理。,旺弱只修正某项自主、共享、规则或空间功能的调用强度，不直接等于控制、回避或适配质量。,喜忌只修正功能调用顺畅度与摩擦，不可直接翻译为理想伴侣五行、十神或必然互补。,真合化成立时按化神功能重算边界需求；合化争议时停止细化边界画像。,近位提高该边界议题进入关系核心的可能；远位只保留背景或阶段性观察。,95,GB风险 +12,pseudo_boundary_warning,需要空间后不说明时间、最低连接和重要问题回应。,空间不是消失，暂停需要有回来方式。,不得仅凭本规则推出某人必然控制、回避、依赖、忠诚或适合结婚；不得把亲密解释为无隐私，把保护解释为替代决定，把贡献多少解释为决策权大小。现实安全、明确同意、可撤回性、持续行为、反例与双方意愿优先。,高,待验证,,boundary_misread=GB09; provisional=true; rule_group=BOUND-GB误读,0.5
M5-BOUND-362,GB09 暂停等于无限期退出｜证据缺口,L6 边界误读与伪适配,BOUND-GB误读,通用,证据,GB09,暂停等于无限期退出,准备判断边界成熟、共享、独立或授权。,对应BO和DG已跨领域验证。,由共享基础引擎、M3-BOUND与M5-BASE提供；只修正用户需要怎样的自主、共享、授权与空间结构，不直接判断具体关系现实中公平或安全。,M2只说明谁容易进入关系及资格证据；不能替代具体对象的同意、边界、资源和权力行为验证。,M3-BASE与M3-BOUND提供用户自然靠近、共享和边界通道；M5-BOUND负责判断双方如何共同治理。,无／按本规则指定的提议—知情—同意—执行—复核—重订路径路由。,近位、远位只修正该边界需求进入亲密关系核心的可能；不得据此判断具体伴侣一定尊重或越界。,根气只修正用户边界需求是否稳定重复，不等于双方已形成成熟治理。,旺弱只修正某项自主、共享、规则或空间功能的调用强度，不直接等于控制、回避或适配质量。,喜忌只修正功能调用顺畅度与摩擦，不可直接翻译为理想伴侣五行、十神或必然互补。,真合化成立时按化神功能重算边界需求；合化争议时停止细化边界画像。,近位提高该边界议题进入关系核心的可能；远位只保留背景或阶段性观察。,90,-12／停止升级,counterevidence,建立暂停范围、回归点和变化通知。,需要补看：建立暂停范围、回归点和变化通知。,不得仅凭本规则推出某人必然控制、回避、依赖、忠诚或适合结婚；不得把亲密解释为无隐私，把保护解释为替代决定，把贡献多少解释为决策权大小。现实安全、明确同意、可撤回性、持续行为、反例与双方意愿优先。,中高,待验证,,boundary_misread=GB09; provisional=true; rule_group=BOUND-GB误读,0.5
M5-BOUND-363,GB09 暂停等于无限期退出｜纠偏与观察,L6 边界误读与伪适配,BOUND-GB误读,通用,路由,GB09,暂停等于无限期退出,GB候选成立。,PR0安全事件优先停止。,由共享基础引擎、M3-BOUND与M5-BASE提供；只修正用户需要怎样的自主、共享、授权与空间结构，不直接判断具体关系现实中公平或安全。,M2只说明谁容易进入关系及资格证据；不能替代具体对象的同意、边界、资源和权力行为验证。,M3-BASE与M3-BOUND提供用户自然靠近、共享和边界通道；M5-BOUND负责判断双方如何共同治理。,无／按本规则指定的提议—知情—同意—执行—复核—重订路径路由。,近位、远位只修正该边界需求进入亲密关系核心的可能；不得据此判断具体伴侣一定尊重或越界。,根气只修正用户边界需求是否稳定重复，不等于双方已形成成熟治理。,旺弱只修正某项自主、共享、规则或空间功能的调用强度，不直接等于控制、回避或适配质量。,喜忌只修正功能调用顺畅度与摩擦，不可直接翻译为理想伴侣五行、十神或必然互补。,真合化成立时按化神功能重算边界需求；合化争议时停止细化边界画像。,近位提高该边界议题进入关系核心的可能；远位只保留背景或阶段性观察。,84,不加分；观察路由,observation_plan,建立暂停范围、回归点和变化通知。,纠偏时要：建立暂停范围、回归点和变化通知。,不得仅凭本规则推出某人必然控制、回避、依赖、忠诚或适合结婚；不得把亲密解释为无隐私，把保护解释为替代决定，把贡献多少解释为决策权大小。现实安全、明确同意、可撤回性、持续行为、反例与双方意愿优先。,中高,待验证,,boundary_misread=GB09; provisional=true; rule_group=BOUND-GB误读,0.5
M5-BOUND-364,GB09 暂停等于无限期退出｜用户解释,L6 边界误读与伪适配,BOUND-GB误读,通用,输出,GB09,暂停等于无限期退出,完成GB判断。,资料不足以区分。,由共享基础引擎、M3-BOUND与M5-BASE提供；只修正用户需要怎样的自主、共享、授权与空间结构，不直接判断具体关系现实中公平或安全。,M2只说明谁容易进入关系及资格证据；不能替代具体对象的同意、边界、资源和权力行为验证。,M3-BASE与M3-BOUND提供用户自然靠近、共享和边界通道；M5-BOUND负责判断双方如何共同治理。,无／按本规则指定的提议—知情—同意—执行—复核—重订路径路由。,近位、远位只修正该边界需求进入亲密关系核心的可能；不得据此判断具体伴侣一定尊重或越界。,根气只修正用户边界需求是否稳定重复，不等于双方已形成成熟治理。,旺弱只修正某项自主、共享、规则或空间功能的调用强度，不直接等于控制、回避或适配质量。,喜忌只修正功能调用顺畅度与摩擦，不可直接翻译为理想伴侣五行、十神或必然互补。,真合化成立时按化神功能重算边界需求；合化争议时停止细化边界画像。,近位提高该边界议题进入关系核心的可能；远位只保留背景或阶段性观察。,76,不加分；输出,report_text,空间不是消失，暂停需要有回来方式。,空间不是消失，暂停需要有回来方式。,不得仅凭本规则推出某人必然控制、回避、依赖、忠诚或适合结婚；不得把亲密解释为无隐私，把保护解释为替代决定，把贡献多少解释为决策权大小。现实安全、明确同意、可撤回性、持续行为、反例与双方意愿优先。,中高,待验证,,boundary_misread=GB09; provisional=true; rule_group=BOUND-GB误读,0.5
M5-BOUND-365,GB10 分工等于固定权力｜正式定义,L6 边界误读与伪适配,BOUND-GB误读,通用,误读,GB10,分工等于固定权力,出现相关边界判断偏差或现实争议。,BV6—BV7现实资料已明确排除。,由共享基础引擎、M3-BOUND与M5-BASE提供；只修正用户需要怎样的自主、共享、授权与空间结构，不直接判断具体关系现实中公平或安全。,M2只说明谁容易进入关系及资格证据；不能替代具体对象的同意、边界、资源和权力行为验证。,M3-BASE与M3-BOUND提供用户自然靠近、共享和边界通道；M5-BOUND负责判断双方如何共同治理。,无／按本规则指定的提议—知情—同意—执行—复核—重订路径路由。,近位、远位只修正该边界需求进入亲密关系核心的可能；不得据此判断具体伴侣一定尊重或越界。,根气只修正用户边界需求是否稳定重复，不等于双方已形成成熟治理。,旺弱只修正某项自主、共享、规则或空间功能的调用强度，不直接等于控制、回避或适配质量。,喜忌只修正功能调用顺畅度与摩擦，不可直接翻译为理想伴侣五行、十神或必然互补。,真合化成立时按化神功能重算边界需求；合化争议时停止细化边界画像。,近位提高该边界议题进入关系核心的可能；远位只保留背景或阶段性观察。,95,GB风险 +12,pseudo_boundary_warning,把谁负责某事变成谁永远拥有最终决定，或把照护劳动视为义务。,分工可以长期稳定，但权力和负荷仍要能够重新协商。,不得仅凭本规则推出某人必然控制、回避、依赖、忠诚或适合结婚；不得把亲密解释为无隐私，把保护解释为替代决定，把贡献多少解释为决策权大小。现实安全、明确同意、可撤回性、持续行为、反例与双方意愿优先。,高,待验证,,boundary_misread=GB10; provisional=true; rule_group=BOUND-GB误读,0.5
M5-BOUND-366,GB10 分工等于固定权力｜证据缺口,L6 边界误读与伪适配,BOUND-GB误读,通用,证据,GB10,分工等于固定权力,准备判断边界成熟、共享、独立或授权。,对应BO和DG已跨领域验证。,由共享基础引擎、M3-BOUND与M5-BASE提供；只修正用户需要怎样的自主、共享、授权与空间结构，不直接判断具体关系现实中公平或安全。,M2只说明谁容易进入关系及资格证据；不能替代具体对象的同意、边界、资源和权力行为验证。,M3-BASE与M3-BOUND提供用户自然靠近、共享和边界通道；M5-BOUND负责判断双方如何共同治理。,无／按本规则指定的提议—知情—同意—执行—复核—重订路径路由。,近位、远位只修正该边界需求进入亲密关系核心的可能；不得据此判断具体伴侣一定尊重或越界。,根气只修正用户边界需求是否稳定重复，不等于双方已形成成熟治理。,旺弱只修正某项自主、共享、规则或空间功能的调用强度，不直接等于控制、回避或适配质量。,喜忌只修正功能调用顺畅度与摩擦，不可直接翻译为理想伴侣五行、十神或必然互补。,真合化成立时按化神功能重算边界需求；合化争议时停止细化边界画像。,近位提高该边界议题进入关系核心的可能；远位只保留背景或阶段性观察。,90,-12／停止升级,counterevidence,建立授权、复核、轮换和退出机制。,需要补看：建立授权、复核、轮换和退出机制。,不得仅凭本规则推出某人必然控制、回避、依赖、忠诚或适合结婚；不得把亲密解释为无隐私，把保护解释为替代决定，把贡献多少解释为决策权大小。现实安全、明确同意、可撤回性、持续行为、反例与双方意愿优先。,中高,待验证,,boundary_misread=GB10; provisional=true; rule_group=BOUND-GB误读,0.5
M5-BOUND-367,GB10 分工等于固定权力｜纠偏与观察,L6 边界误读与伪适配,BOUND-GB误读,通用,路由,GB10,分工等于固定权力,GB候选成立。,PR0安全事件优先停止。,由共享基础引擎、M3-BOUND与M5-BASE提供；只修正用户需要怎样的自主、共享、授权与空间结构，不直接判断具体关系现实中公平或安全。,M2只说明谁容易进入关系及资格证据；不能替代具体对象的同意、边界、资源和权力行为验证。,M3-BASE与M3-BOUND提供用户自然靠近、共享和边界通道；M5-BOUND负责判断双方如何共同治理。,无／按本规则指定的提议—知情—同意—执行—复核—重订路径路由。,近位、远位只修正该边界需求进入亲密关系核心的可能；不得据此判断具体伴侣一定尊重或越界。,根气只修正用户边界需求是否稳定重复，不等于双方已形成成熟治理。,旺弱只修正某项自主、共享、规则或空间功能的调用强度，不直接等于控制、回避或适配质量。,喜忌只修正功能调用顺畅度与摩擦，不可直接翻译为理想伴侣五行、十神或必然互补。,真合化成立时按化神功能重算边界需求；合化争议时停止细化边界画像。,近位提高该边界议题进入关系核心的可能；远位只保留背景或阶段性观察。,84,不加分；观察路由,observation_plan,建立授权、复核、轮换和退出机制。,纠偏时要：建立授权、复核、轮换和退出机制。,不得仅凭本规则推出某人必然控制、回避、依赖、忠诚或适合结婚；不得把亲密解释为无隐私，把保护解释为替代决定，把贡献多少解释为决策权大小。现实安全、明确同意、可撤回性、持续行为、反例与双方意愿优先。,中高,待验证,,boundary_misread=GB10; provisional=true; rule_group=BOUND-GB误读,0.5
M5-BOUND-368,GB10 分工等于固定权力｜用户解释,L6 边界误读与伪适配,BOUND-GB误读,通用,输出,GB10,分工等于固定权力,完成GB判断。,资料不足以区分。,由共享基础引擎、M3-BOUND与M5-BASE提供；只修正用户需要怎样的自主、共享、授权与空间结构，不直接判断具体关系现实中公平或安全。,M2只说明谁容易进入关系及资格证据；不能替代具体对象的同意、边界、资源和权力行为验证。,M3-BASE与M3-BOUND提供用户自然靠近、共享和边界通道；M5-BOUND负责判断双方如何共同治理。,无／按本规则指定的提议—知情—同意—执行—复核—重订路径路由。,近位、远位只修正该边界需求进入亲密关系核心的可能；不得据此判断具体伴侣一定尊重或越界。,根气只修正用户边界需求是否稳定重复，不等于双方已形成成熟治理。,旺弱只修正某项自主、共享、规则或空间功能的调用强度，不直接等于控制、回避或适配质量。,喜忌只修正功能调用顺畅度与摩擦，不可直接翻译为理想伴侣五行、十神或必然互补。,真合化成立时按化神功能重算边界需求；合化争议时停止细化边界画像。,近位提高该边界议题进入关系核心的可能；远位只保留背景或阶段性观察。,76,不加分；输出,report_text,分工可以长期稳定，但权力和负荷仍要能够重新协商。,分工可以长期稳定，但权力和负荷仍要能够重新协商。,不得仅凭本规则推出某人必然控制、回避、依赖、忠诚或适合结婚；不得把亲密解释为无隐私，把保护解释为替代决定，把贡献多少解释为决策权大小。现实安全、明确同意、可撤回性、持续行为、反例与双方意愿优先。,中高,待验证,,boundary_misread=GB10; provisional=true; rule_group=BOUND-GB误读,0.5
M5-BOUND-369,DG01 身体、健康与医疗｜领域定义,L7 决策与边界领域,BOUND-DG领域,通用,定义,DG01,身体、健康与医疗,分析双方在该领域的决定、同意、资源或信息。,无。,由共享基础引擎、M3-BOUND与M5-BASE提供；只修正用户需要怎样的自主、共享、授权与空间结构，不直接判断具体关系现实中公平或安全。,M2只说明谁容易进入关系及资格证据；不能替代具体对象的同意、边界、资源和权力行为验证。,M3-BASE与M3-BOUND提供用户自然靠近、共享和边界通道；M5-BOUND负责判断双方如何共同治理。,无／按本规则指定的提议—知情—同意—执行—复核—重订路径路由。,近位、远位只修正该边界需求进入亲密关系核心的可能；不得据此判断具体伴侣一定尊重或越界。,根气只修正用户边界需求是否稳定重复，不等于双方已形成成熟治理。,旺弱只修正某项自主、共享、规则或空间功能的调用强度，不直接等于控制、回避或适配质量。,喜忌只修正功能调用顺畅度与摩擦，不可直接翻译为理想伴侣五行、十神或必然互补。,真合化成立时按化神功能重算边界需求；合化争议时停止细化边界画像。,近位提高该边界议题进入关系核心的可能；远位只保留背景或阶段性观察。,88,不加分；领域定义,decision_domains,身体、医疗、健康信息和治疗决定。,身体、健康与医疗主要包括：身体、医疗、健康信息和治疗决定。,不得仅凭本规则推出某人必然控制、回避、依赖、忠诚或适合结婚；不得把亲密解释为无隐私，把保护解释为替代决定，把贡献多少解释为决策权大小。现实安全、明确同意、可撤回性、持续行为、反例与双方意愿优先。,高,待验证,,decision_domain=DG01; provisional=true; rule_group=BOUND-DG领域,0.5
M5-BOUND-370,DG01 身体、健康与医疗｜默认治理层级,L7 决策与边界领域,BOUND-DG领域,通用,治理,DG01,身体、健康与医疗,存在该领域现实事件。,用默认层级覆盖现实安全或法律要求。,由共享基础引擎、M3-BOUND与M5-BASE提供；只修正用户需要怎样的自主、共享、授权与空间结构，不直接判断具体关系现实中公平或安全。,M2只说明谁容易进入关系及资格证据；不能替代具体对象的同意、边界、资源和权力行为验证。,M3-BASE与M3-BOUND提供用户自然靠近、共享和边界通道；M5-BOUND负责判断双方如何共同治理。,无／按本规则指定的提议—知情—同意—执行—复核—重订路径路由。,近位、远位只修正该边界需求进入亲密关系核心的可能；不得据此判断具体伴侣一定尊重或越界。,根气只修正用户边界需求是否稳定重复，不等于双方已形成成熟治理。,旺弱只修正某项自主、共享、规则或空间功能的调用强度，不直接等于控制、回避或适配质量。,喜忌只修正功能调用顺畅度与摩擦，不可直接翻译为理想伴侣五行、十神或必然互补。,真合化成立时按化神功能重算边界需求；合化争议时停止细化边界画像。,近位提高该边界议题进入关系核心的可能；远位只保留背景或阶段性观察。,90,+8 治理结构,decision_governance,本人最终决定；共同生活影响需要告知与协商支持。,该领域通常应按以下方式治理：本人最终决定；共同生活影响需要告知与协商支持。,不得仅凭本规则推出某人必然控制、回避、依赖、忠诚或适合结婚；不得把亲密解释为无隐私，把保护解释为替代决定，把贡献多少解释为决策权大小。现实安全、明确同意、可撤回性、持续行为、反例与双方意愿优先。,中高,待验证,,decision_domain=DG01; provisional=true; rule_group=BOUND-DG领域,0.5
M5-BOUND-371,DG01 身体、健康与医疗｜硬边界,L7 决策与边界领域,BOUND-DG领域,通用,边界,DG01,身体、健康与医疗,准备形成该领域结论。,现实存在更严格的安全、医疗或法律门槛。,由共享基础引擎、M3-BOUND与M5-BASE提供；只修正用户需要怎样的自主、共享、授权与空间结构，不直接判断具体关系现实中公平或安全。,M2只说明谁容易进入关系及资格证据；不能替代具体对象的同意、边界、资源和权力行为验证。,M3-BASE与M3-BOUND提供用户自然靠近、共享和边界通道；M5-BOUND负责判断双方如何共同治理。,无／按本规则指定的提议—知情—同意—执行—复核—重订路径路由。,近位、远位只修正该边界需求进入亲密关系核心的可能；不得据此判断具体伴侣一定尊重或越界。,根气只修正用户边界需求是否稳定重复，不等于双方已形成成熟治理。,旺弱只修正某项自主、共享、规则或空间功能的调用强度，不直接等于控制、回避或适配质量。,喜忌只修正功能调用顺畅度与摩擦，不可直接翻译为理想伴侣五行、十神或必然互补。,真合化成立时按化神功能重算边界需求；合化争议时停止细化边界画像。,近位提高该边界议题进入关系核心的可能；远位只保留背景或阶段性观察。,96,不加分；硬边界,boundary_note,身体自主和知情同意优先，任何人无权强迫治疗或检查。,身体自主和知情同意优先，任何人无权强迫治疗或检查。,不得仅凭本规则推出某人必然控制、回避、依赖、忠诚或适合结婚；不得把亲密解释为无隐私，把保护解释为替代决定，把贡献多少解释为决策权大小。现实安全、明确同意、可撤回性、持续行为、反例与双方意愿优先。,高,待验证,,decision_domain=DG01; provisional=true; rule_group=BOUND-DG领域,0.5
M5-BOUND-372,DG01 身体、健康与医疗｜跨领域验证,L7 决策与边界领域,BOUND-DG领域,通用,证据,DG01,身体、健康与医疗,准备从该领域推广到整体边界。,BV4以上且至少两个领域一致。,由共享基础引擎、M3-BOUND与M5-BASE提供；只修正用户需要怎样的自主、共享、授权与空间结构，不直接判断具体关系现实中公平或安全。,M2只说明谁容易进入关系及资格证据；不能替代具体对象的同意、边界、资源和权力行为验证。,M3-BASE与M3-BOUND提供用户自然靠近、共享和边界通道；M5-BOUND负责判断双方如何共同治理。,无／按本规则指定的提议—知情—同意—执行—复核—重订路径路由。,近位、远位只修正该边界需求进入亲密关系核心的可能；不得据此判断具体伴侣一定尊重或越界。,根气只修正用户边界需求是否稳定重复，不等于双方已形成成熟治理。,旺弱只修正某项自主、共享、规则或空间功能的调用强度，不直接等于控制、回避或适配质量。,喜忌只修正功能调用顺畅度与摩擦，不可直接翻译为理想伴侣五行、十神或必然互补。,真合化成立时按化神功能重算边界需求；合化争议时停止细化边界画像。,近位提高该边界议题进入关系核心的可能；远位只保留背景或阶段性观察。,84,BV层级修正,observation_plan,领域能力需要分别验证，再由SYNTH合成。,在身体、健康与医疗做得好，不代表所有边界领域都同样成熟。,不得仅凭本规则推出某人必然控制、回避、依赖、忠诚或适合结婚；不得把亲密解释为无隐私，把保护解释为替代决定，把贡献多少解释为决策权大小。现实安全、明确同意、可撤回性、持续行为、反例与双方意愿优先。,中高,待验证,,decision_domain=DG01; provisional=true; rule_group=BOUND-DG领域,0.5
M5-BOUND-373,DG02 亲密、性与生育｜领域定义,L7 决策与边界领域,BOUND-DG领域,通用,定义,DG02,亲密、性与生育,分析双方在该领域的决定、同意、资源或信息。,无。,由共享基础引擎、M3-BOUND与M5-BASE提供；只修正用户需要怎样的自主、共享、授权与空间结构，不直接判断具体关系现实中公平或安全。,M2只说明谁容易进入关系及资格证据；不能替代具体对象的同意、边界、资源和权力行为验证。,M3-BASE与M3-BOUND提供用户自然靠近、共享和边界通道；M5-BOUND负责判断双方如何共同治理。,无／按本规则指定的提议—知情—同意—执行—复核—重订路径路由。,近位、远位只修正该边界需求进入亲密关系核心的可能；不得据此判断具体伴侣一定尊重或越界。,根气只修正用户边界需求是否稳定重复，不等于双方已形成成熟治理。,旺弱只修正某项自主、共享、规则或空间功能的调用强度，不直接等于控制、回避或适配质量。,喜忌只修正功能调用顺畅度与摩擦，不可直接翻译为理想伴侣五行、十神或必然互补。,真合化成立时按化神功能重算边界需求；合化争议时停止细化边界画像。,近位提高该边界议题进入关系核心的可能；远位只保留背景或阶段性观察。,88,不加分；领域定义,decision_domains,性、身体接触、避孕、生育、妊娠与亲密节奏。,亲密、性与生育主要包括：性、身体接触、避孕、生育、妊娠与亲密节奏。,不得仅凭本规则推出某人必然控制、回避、依赖、忠诚或适合结婚；不得把亲密解释为无隐私，把保护解释为替代决定，把贡献多少解释为决策权大小。现实安全、明确同意、可撤回性、持续行为、反例与双方意愿优先。,高,待验证,,decision_domain=DG02; provisional=true; rule_group=BOUND-DG领域,0.5
M5-BOUND-374,DG02 亲密、性与生育｜默认治理层级,L7 决策与边界领域,BOUND-DG领域,通用,治理,DG02,亲密、性与生育,存在该领域现实事件。,用默认层级覆盖现实安全或法律要求。,由共享基础引擎、M3-BOUND与M5-BASE提供；只修正用户需要怎样的自主、共享、授权与空间结构，不直接判断具体关系现实中公平或安全。,M2只说明谁容易进入关系及资格证据；不能替代具体对象的同意、边界、资源和权力行为验证。,M3-BASE与M3-BOUND提供用户自然靠近、共享和边界通道；M5-BOUND负责判断双方如何共同治理。,无／按本规则指定的提议—知情—同意—执行—复核—重订路径路由。,近位、远位只修正该边界需求进入亲密关系核心的可能；不得据此判断具体伴侣一定尊重或越界。,根气只修正用户边界需求是否稳定重复，不等于双方已形成成熟治理。,旺弱只修正某项自主、共享、规则或空间功能的调用强度，不直接等于控制、回避或适配质量。,喜忌只修正功能调用顺畅度与摩擦，不可直接翻译为理想伴侣五行、十神或必然互补。,真合化成立时按化神功能重算边界需求；合化争议时停止细化边界画像。,近位提高该边界议题进入关系核心的可能；远位只保留背景或阶段性观察。,90,+8 治理结构,decision_governance,持续双重同意；任何一方均可拒绝或撤回。,该领域通常应按以下方式治理：持续双重同意；任何一方均可拒绝或撤回。,不得仅凭本规则推出某人必然控制、回避、依赖、忠诚或适合结婚；不得把亲密解释为无隐私，把保护解释为替代决定，把贡献多少解释为决策权大小。现实安全、明确同意、可撤回性、持续行为、反例与双方意愿优先。,中高,待验证,,decision_domain=DG02; provisional=true; rule_group=BOUND-DG领域,0.5
M5-BOUND-375,DG02 亲密、性与生育｜硬边界,L7 决策与边界领域,BOUND-DG领域,通用,边界,DG02,亲密、性与生育,准备形成该领域结论。,现实存在更严格的安全、医疗或法律门槛。,由共享基础引擎、M3-BOUND与M5-BASE提供；只修正用户需要怎样的自主、共享、授权与空间结构，不直接判断具体关系现实中公平或安全。,M2只说明谁容易进入关系及资格证据；不能替代具体对象的同意、边界、资源和权力行为验证。,M3-BASE与M3-BOUND提供用户自然靠近、共享和边界通道；M5-BOUND负责判断双方如何共同治理。,无／按本规则指定的提议—知情—同意—执行—复核—重订路径路由。,近位、远位只修正该边界需求进入亲密关系核心的可能；不得据此判断具体伴侣一定尊重或越界。,根气只修正用户边界需求是否稳定重复，不等于双方已形成成熟治理。,旺弱只修正某项自主、共享、规则或空间功能的调用强度，不直接等于控制、回避或适配质量。,喜忌只修正功能调用顺畅度与摩擦，不可直接翻译为理想伴侣五行、十神或必然互补。,真合化成立时按化神功能重算边界需求；合化争议时停止细化边界画像。,近位提高该边界议题进入关系核心的可能；远位只保留背景或阶段性观察。,96,不加分；硬边界,boundary_note,伴侣身份、婚姻或既往同意不构成永久授权。,伴侣身份、婚姻或既往同意不构成永久授权。,不得仅凭本规则推出某人必然控制、回避、依赖、忠诚或适合结婚；不得把亲密解释为无隐私，把保护解释为替代决定，把贡献多少解释为决策权大小。现实安全、明确同意、可撤回性、持续行为、反例与双方意愿优先。,高,待验证,,decision_domain=DG02; provisional=true; rule_group=BOUND-DG领域,0.5
M5-BOUND-376,DG02 亲密、性与生育｜跨领域验证,L7 决策与边界领域,BOUND-DG领域,通用,证据,DG02,亲密、性与生育,准备从该领域推广到整体边界。,BV4以上且至少两个领域一致。,由共享基础引擎、M3-BOUND与M5-BASE提供；只修正用户需要怎样的自主、共享、授权与空间结构，不直接判断具体关系现实中公平或安全。,M2只说明谁容易进入关系及资格证据；不能替代具体对象的同意、边界、资源和权力行为验证。,M3-BASE与M3-BOUND提供用户自然靠近、共享和边界通道；M5-BOUND负责判断双方如何共同治理。,无／按本规则指定的提议—知情—同意—执行—复核—重订路径路由。,近位、远位只修正该边界需求进入亲密关系核心的可能；不得据此判断具体伴侣一定尊重或越界。,根气只修正用户边界需求是否稳定重复，不等于双方已形成成熟治理。,旺弱只修正某项自主、共享、规则或空间功能的调用强度，不直接等于控制、回避或适配质量。,喜忌只修正功能调用顺畅度与摩擦，不可直接翻译为理想伴侣五行、十神或必然互补。,真合化成立时按化神功能重算边界需求；合化争议时停止细化边界画像。,近位提高该边界议题进入关系核心的可能；远位只保留背景或阶段性观察。,84,BV层级修正,observation_plan,领域能力需要分别验证，再由SYNTH合成。,在亲密、性与生育做得好，不代表所有边界领域都同样成熟。,不得仅凭本规则推出某人必然控制、回避、依赖、忠诚或适合结婚；不得把亲密解释为无隐私，把保护解释为替代决定，把贡献多少解释为决策权大小。现实安全、明确同意、可撤回性、持续行为、反例与双方意愿优先。,中高,待验证,,decision_domain=DG02; provisional=true; rule_group=BOUND-DG领域,0.5
M5-BOUND-377,DG03 隐私、设备与通讯｜领域定义,L7 决策与边界领域,BOUND-DG领域,通用,定义,DG03,隐私、设备与通讯,分析双方在该领域的决定、同意、资源或信息。,无。,由共享基础引擎、M3-BOUND与M5-BASE提供；只修正用户需要怎样的自主、共享、授权与空间结构，不直接判断具体关系现实中公平或安全。,M2只说明谁容易进入关系及资格证据；不能替代具体对象的同意、边界、资源和权力行为验证。,M3-BASE与M3-BOUND提供用户自然靠近、共享和边界通道；M5-BOUND负责判断双方如何共同治理。,无／按本规则指定的提议—知情—同意—执行—复核—重订路径路由。,近位、远位只修正该边界需求进入亲密关系核心的可能；不得据此判断具体伴侣一定尊重或越界。,根气只修正用户边界需求是否稳定重复，不等于双方已形成成熟治理。,旺弱只修正某项自主、共享、规则或空间功能的调用强度，不直接等于控制、回避或适配质量。,喜忌只修正功能调用顺畅度与摩擦，不可直接翻译为理想伴侣五行、十神或必然互补。,真合化成立时按化神功能重算边界需求；合化争议时停止细化边界画像。,近位提高该边界议题进入关系核心的可能；远位只保留背景或阶段性观察。,88,不加分；领域定义,decision_domains,手机、密码、位置、社交账号、影像和通讯内容。,隐私、设备与通讯主要包括：手机、密码、位置、社交账号、影像和通讯内容。,不得仅凭本规则推出某人必然控制、回避、依赖、忠诚或适合结婚；不得把亲密解释为无隐私，把保护解释为替代决定，把贡献多少解释为决策权大小。现实安全、明确同意、可撤回性、持续行为、反例与双方意愿优先。,高,待验证,,decision_domain=DG03; provisional=true; rule_group=BOUND-DG领域,0.5
M5-BOUND-378,DG03 隐私、设备与通讯｜默认治理层级,L7 决策与边界领域,BOUND-DG领域,通用,治理,DG03,隐私、设备与通讯,存在该领域现实事件。,用默认层级覆盖现实安全或法律要求。,由共享基础引擎、M3-BOUND与M5-BASE提供；只修正用户需要怎样的自主、共享、授权与空间结构，不直接判断具体关系现实中公平或安全。,M2只说明谁容易进入关系及资格证据；不能替代具体对象的同意、边界、资源和权力行为验证。,M3-BASE与M3-BOUND提供用户自然靠近、共享和边界通道；M5-BOUND负责判断双方如何共同治理。,无／按本规则指定的提议—知情—同意—执行—复核—重订路径路由。,近位、远位只修正该边界需求进入亲密关系核心的可能；不得据此判断具体伴侣一定尊重或越界。,根气只修正用户边界需求是否稳定重复，不等于双方已形成成熟治理。,旺弱只修正某项自主、共享、规则或空间功能的调用强度，不直接等于控制、回避或适配质量。,喜忌只修正功能调用顺畅度与摩擦，不可直接翻译为理想伴侣五行、十神或必然互补。,真合化成立时按化神功能重算边界需求；合化争议时停止细化边界画像。,近位提高该边界议题进入关系核心的可能；远位只保留背景或阶段性观察。,90,+8 治理结构,decision_governance,个人隐私为基础；共同影响信息另行约定透明度。,该领域通常应按以下方式治理：个人隐私为基础；共同影响信息另行约定透明度。,不得仅凭本规则推出某人必然控制、回避、依赖、忠诚或适合结婚；不得把亲密解释为无隐私，把保护解释为替代决定，把贡献多少解释为决策权大小。现实安全、明确同意、可撤回性、持续行为、反例与双方意愿优先。,中高,待验证,,decision_domain=DG03; provisional=true; rule_group=BOUND-DG领域,0.5
M5-BOUND-379,DG03 隐私、设备与通讯｜硬边界,L7 决策与边界领域,BOUND-DG领域,通用,边界,DG03,隐私、设备与通讯,准备形成该领域结论。,现实存在更严格的安全、医疗或法律门槛。,由共享基础引擎、M3-BOUND与M5-BASE提供；只修正用户需要怎样的自主、共享、授权与空间结构，不直接判断具体关系现实中公平或安全。,M2只说明谁容易进入关系及资格证据；不能替代具体对象的同意、边界、资源和权力行为验证。,M3-BASE与M3-BOUND提供用户自然靠近、共享和边界通道；M5-BOUND负责判断双方如何共同治理。,无／按本规则指定的提议—知情—同意—执行—复核—重订路径路由。,近位、远位只修正该边界需求进入亲密关系核心的可能；不得据此判断具体伴侣一定尊重或越界。,根气只修正用户边界需求是否稳定重复，不等于双方已形成成熟治理。,旺弱只修正某项自主、共享、规则或空间功能的调用强度，不直接等于控制、回避或适配质量。,喜忌只修正功能调用顺畅度与摩擦，不可直接翻译为理想伴侣五行、十神或必然互补。,真合化成立时按化神功能重算边界需求；合化争议时停止细化边界画像。,近位提高该边界议题进入关系核心的可能；远位只保留背景或阶段性观察。,96,不加分；硬边界,boundary_note,不得把强制查机、定位或公开当成忠诚测试。,不得把强制查机、定位或公开当成忠诚测试。,不得仅凭本规则推出某人必然控制、回避、依赖、忠诚或适合结婚；不得把亲密解释为无隐私，把保护解释为替代决定，把贡献多少解释为决策权大小。现实安全、明确同意、可撤回性、持续行为、反例与双方意愿优先。,高,待验证,,decision_domain=DG03; provisional=true; rule_group=BOUND-DG领域,0.5
M5-BOUND-380,DG03 隐私、设备与通讯｜跨领域验证,L7 决策与边界领域,BOUND-DG领域,通用,证据,DG03,隐私、设备与通讯,准备从该领域推广到整体边界。,BV4以上且至少两个领域一致。,由共享基础引擎、M3-BOUND与M5-BASE提供；只修正用户需要怎样的自主、共享、授权与空间结构，不直接判断具体关系现实中公平或安全。,M2只说明谁容易进入关系及资格证据；不能替代具体对象的同意、边界、资源和权力行为验证。,M3-BASE与M3-BOUND提供用户自然靠近、共享和边界通道；M5-BOUND负责判断双方如何共同治理。,无／按本规则指定的提议—知情—同意—执行—复核—重订路径路由。,近位、远位只修正该边界需求进入亲密关系核心的可能；不得据此判断具体伴侣一定尊重或越界。,根气只修正用户边界需求是否稳定重复，不等于双方已形成成熟治理。,旺弱只修正某项自主、共享、规则或空间功能的调用强度，不直接等于控制、回避或适配质量。,喜忌只修正功能调用顺畅度与摩擦，不可直接翻译为理想伴侣五行、十神或必然互补。,真合化成立时按化神功能重算边界需求；合化争议时停止细化边界画像。,近位提高该边界议题进入关系核心的可能；远位只保留背景或阶段性观察。,84,BV层级修正,observation_plan,领域能力需要分别验证，再由SYNTH合成。,在隐私、设备与通讯做得好，不代表所有边界领域都同样成熟。,不得仅凭本规则推出某人必然控制、回避、依赖、忠诚或适合结婚；不得把亲密解释为无隐私，把保护解释为替代决定，把贡献多少解释为决策权大小。现实安全、明确同意、可撤回性、持续行为、反例与双方意愿优先。,中高,待验证,,decision_domain=DG03; provisional=true; rule_group=BOUND-DG领域,0.5
M5-BOUND-381,DG04 朋友、社交与个人时间｜领域定义,L7 决策与边界领域,BOUND-DG领域,通用,定义,DG04,朋友、社交与个人时间,分析双方在该领域的决定、同意、资源或信息。,无。,由共享基础引擎、M3-BOUND与M5-BASE提供；只修正用户需要怎样的自主、共享、授权与空间结构，不直接判断具体关系现实中公平或安全。,M2只说明谁容易进入关系及资格证据；不能替代具体对象的同意、边界、资源和权力行为验证。,M3-BASE与M3-BOUND提供用户自然靠近、共享和边界通道；M5-BOUND负责判断双方如何共同治理。,无／按本规则指定的提议—知情—同意—执行—复核—重订路径路由。,近位、远位只修正该边界需求进入亲密关系核心的可能；不得据此判断具体伴侣一定尊重或越界。,根气只修正用户边界需求是否稳定重复，不等于双方已形成成熟治理。,旺弱只修正某项自主、共享、规则或空间功能的调用强度，不直接等于控制、回避或适配质量。,喜忌只修正功能调用顺畅度与摩擦，不可直接翻译为理想伴侣五行、十神或必然互补。,真合化成立时按化神功能重算边界需求；合化争议时停止细化边界画像。,近位提高该边界议题进入关系核心的可能；远位只保留背景或阶段性观察。,88,不加分；领域定义,decision_domains,朋友、兴趣、独处、社交频率和个人时间。,朋友、社交与个人时间主要包括：朋友、兴趣、独处、社交频率和个人时间。,不得仅凭本规则推出某人必然控制、回避、依赖、忠诚或适合结婚；不得把亲密解释为无隐私，把保护解释为替代决定，把贡献多少解释为决策权大小。现实安全、明确同意、可撤回性、持续行为、反例与双方意愿优先。,高,待验证,,decision_domain=DG04; provisional=true; rule_group=BOUND-DG领域,0.5
M5-BOUND-382,DG04 朋友、社交与个人时间｜默认治理层级,L7 决策与边界领域,BOUND-DG领域,通用,治理,DG04,朋友、社交与个人时间,存在该领域现实事件。,用默认层级覆盖现实安全或法律要求。,由共享基础引擎、M3-BOUND与M5-BASE提供；只修正用户需要怎样的自主、共享、授权与空间结构，不直接判断具体关系现实中公平或安全。,M2只说明谁容易进入关系及资格证据；不能替代具体对象的同意、边界、资源和权力行为验证。,M3-BASE与M3-BOUND提供用户自然靠近、共享和边界通道；M5-BOUND负责判断双方如何共同治理。,无／按本规则指定的提议—知情—同意—执行—复核—重订路径路由。,近位、远位只修正该边界需求进入亲密关系核心的可能；不得据此判断具体伴侣一定尊重或越界。,根气只修正用户边界需求是否稳定重复，不等于双方已形成成熟治理。,旺弱只修正某项自主、共享、规则或空间功能的调用强度，不直接等于控制、回避或适配质量。,喜忌只修正功能调用顺畅度与摩擦，不可直接翻译为理想伴侣五行、十神或必然互补。,真合化成立时按化神功能重算边界需求；合化争议时停止细化边界画像。,近位提高该边界议题进入关系核心的可能；远位只保留背景或阶段性观察。,90,+8 治理结构,decision_governance,个人自主为主；影响共同安排时及时告知。,该领域通常应按以下方式治理：个人自主为主；影响共同安排时及时告知。,不得仅凭本规则推出某人必然控制、回避、依赖、忠诚或适合结婚；不得把亲密解释为无隐私，把保护解释为替代决定，把贡献多少解释为决策权大小。现实安全、明确同意、可撤回性、持续行为、反例与双方意愿优先。,中高,待验证,,decision_domain=DG04; provisional=true; rule_group=BOUND-DG领域,0.5
M5-BOUND-383,DG04 朋友、社交与个人时间｜硬边界,L7 决策与边界领域,BOUND-DG领域,通用,边界,DG04,朋友、社交与个人时间,准备形成该领域结论。,现实存在更严格的安全、医疗或法律门槛。,由共享基础引擎、M3-BOUND与M5-BASE提供；只修正用户需要怎样的自主、共享、授权与空间结构，不直接判断具体关系现实中公平或安全。,M2只说明谁容易进入关系及资格证据；不能替代具体对象的同意、边界、资源和权力行为验证。,M3-BASE与M3-BOUND提供用户自然靠近、共享和边界通道；M5-BOUND负责判断双方如何共同治理。,无／按本规则指定的提议—知情—同意—执行—复核—重订路径路由。,近位、远位只修正该边界需求进入亲密关系核心的可能；不得据此判断具体伴侣一定尊重或越界。,根气只修正用户边界需求是否稳定重复，不等于双方已形成成熟治理。,旺弱只修正某项自主、共享、规则或空间功能的调用强度，不直接等于控制、回避或适配质量。,喜忌只修正功能调用顺畅度与摩擦，不可直接翻译为理想伴侣五行、十神或必然互补。,真合化成立时按化神功能重算边界需求；合化争议时停止细化边界画像。,近位提高该边界议题进入关系核心的可能；远位只保留背景或阶段性观察。,96,不加分；硬边界,boundary_note,不得隔离社交、无限占用时间，也不得完全忽视共同承诺。,不得隔离社交、无限占用时间，也不得完全忽视共同承诺。,不得仅凭本规则推出某人必然控制、回避、依赖、忠诚或适合结婚；不得把亲密解释为无隐私，把保护解释为替代决定，把贡献多少解释为决策权大小。现实安全、明确同意、可撤回性、持续行为、反例与双方意愿优先。,高,待验证,,decision_domain=DG04; provisional=true; rule_group=BOUND-DG领域,0.5
M5-BOUND-384,DG04 朋友、社交与个人时间｜跨领域验证,L7 决策与边界领域,BOUND-DG领域,通用,证据,DG04,朋友、社交与个人时间,准备从该领域推广到整体边界。,BV4以上且至少两个领域一致。,由共享基础引擎、M3-BOUND与M5-BASE提供；只修正用户需要怎样的自主、共享、授权与空间结构，不直接判断具体关系现实中公平或安全。,M2只说明谁容易进入关系及资格证据；不能替代具体对象的同意、边界、资源和权力行为验证。,M3-BASE与M3-BOUND提供用户自然靠近、共享和边界通道；M5-BOUND负责判断双方如何共同治理。,无／按本规则指定的提议—知情—同意—执行—复核—重订路径路由。,近位、远位只修正该边界需求进入亲密关系核心的可能；不得据此判断具体伴侣一定尊重或越界。,根气只修正用户边界需求是否稳定重复，不等于双方已形成成熟治理。,旺弱只修正某项自主、共享、规则或空间功能的调用强度，不直接等于控制、回避或适配质量。,喜忌只修正功能调用顺畅度与摩擦，不可直接翻译为理想伴侣五行、十神或必然互补。,真合化成立时按化神功能重算边界需求；合化争议时停止细化边界画像。,近位提高该边界议题进入关系核心的可能；远位只保留背景或阶段性观察。,84,BV层级修正,observation_plan,领域能力需要分别验证，再由SYNTH合成。,在朋友、社交与个人时间做得好，不代表所有边界领域都同样成熟。,不得仅凭本规则推出某人必然控制、回避、依赖、忠诚或适合结婚；不得把亲密解释为无隐私，把保护解释为替代决定，把贡献多少解释为决策权大小。现实安全、明确同意、可撤回性、持续行为、反例与双方意愿优先。,中高,待验证,,decision_domain=DG04; provisional=true; rule_group=BOUND-DG领域,0.5
M5-BOUND-385,DG05 职业、学习与迁移｜领域定义,L7 决策与边界领域,BOUND-DG领域,通用,定义,DG05,职业、学习与迁移,分析双方在该领域的决定、同意、资源或信息。,无。,由共享基础引擎、M3-BOUND与M5-BASE提供；只修正用户需要怎样的自主、共享、授权与空间结构，不直接判断具体关系现实中公平或安全。,M2只说明谁容易进入关系及资格证据；不能替代具体对象的同意、边界、资源和权力行为验证。,M3-BASE与M3-BOUND提供用户自然靠近、共享和边界通道；M5-BOUND负责判断双方如何共同治理。,无／按本规则指定的提议—知情—同意—执行—复核—重订路径路由。,近位、远位只修正该边界需求进入亲密关系核心的可能；不得据此判断具体伴侣一定尊重或越界。,根气只修正用户边界需求是否稳定重复，不等于双方已形成成熟治理。,旺弱只修正某项自主、共享、规则或空间功能的调用强度，不直接等于控制、回避或适配质量。,喜忌只修正功能调用顺畅度与摩擦，不可直接翻译为理想伴侣五行、十神或必然互补。,真合化成立时按化神功能重算边界需求；合化争议时停止细化边界画像。,近位提高该边界议题进入关系核心的可能；远位只保留背景或阶段性观察。,88,不加分；领域定义,decision_domains,工作、学习、职业机会、异地和搬迁。,职业、学习与迁移主要包括：工作、学习、职业机会、异地和搬迁。,不得仅凭本规则推出某人必然控制、回避、依赖、忠诚或适合结婚；不得把亲密解释为无隐私，把保护解释为替代决定，把贡献多少解释为决策权大小。现实安全、明确同意、可撤回性、持续行为、反例与双方意愿优先。,高,待验证,,decision_domain=DG05; provisional=true; rule_group=BOUND-DG领域,0.5
M5-BOUND-386,DG05 职业、学习与迁移｜默认治理层级,L7 决策与边界领域,BOUND-DG领域,通用,治理,DG05,职业、学习与迁移,存在该领域现实事件。,用默认层级覆盖现实安全或法律要求。,由共享基础引擎、M3-BOUND与M5-BASE提供；只修正用户需要怎样的自主、共享、授权与空间结构，不直接判断具体关系现实中公平或安全。,M2只说明谁容易进入关系及资格证据；不能替代具体对象的同意、边界、资源和权力行为验证。,M3-BASE与M3-BOUND提供用户自然靠近、共享和边界通道；M5-BOUND负责判断双方如何共同治理。,无／按本规则指定的提议—知情—同意—执行—复核—重订路径路由。,近位、远位只修正该边界需求进入亲密关系核心的可能；不得据此判断具体伴侣一定尊重或越界。,根气只修正用户边界需求是否稳定重复，不等于双方已形成成熟治理。,旺弱只修正某项自主、共享、规则或空间功能的调用强度，不直接等于控制、回避或适配质量。,喜忌只修正功能调用顺畅度与摩擦，不可直接翻译为理想伴侣五行、十神或必然互补。,真合化成立时按化神功能重算边界需求；合化争议时停止细化边界画像。,近位提高该边界议题进入关系核心的可能；远位只保留背景或阶段性观察。,90,+8 治理结构,decision_governance,个人目标由本人主导；重大共同影响需双向协商。,该领域通常应按以下方式治理：个人目标由本人主导；重大共同影响需双向协商。,不得仅凭本规则推出某人必然控制、回避、依赖、忠诚或适合结婚；不得把亲密解释为无隐私，把保护解释为替代决定，把贡献多少解释为决策权大小。现实安全、明确同意、可撤回性、持续行为、反例与双方意愿优先。,中高,待验证,,decision_domain=DG05; provisional=true; rule_group=BOUND-DG领域,0.5
M5-BOUND-387,DG05 职业、学习与迁移｜硬边界,L7 决策与边界领域,BOUND-DG领域,通用,边界,DG05,职业、学习与迁移,准备形成该领域结论。,现实存在更严格的安全、医疗或法律门槛。,由共享基础引擎、M3-BOUND与M5-BASE提供；只修正用户需要怎样的自主、共享、授权与空间结构，不直接判断具体关系现实中公平或安全。,M2只说明谁容易进入关系及资格证据；不能替代具体对象的同意、边界、资源和权力行为验证。,M3-BASE与M3-BOUND提供用户自然靠近、共享和边界通道；M5-BOUND负责判断双方如何共同治理。,无／按本规则指定的提议—知情—同意—执行—复核—重订路径路由。,近位、远位只修正该边界需求进入亲密关系核心的可能；不得据此判断具体伴侣一定尊重或越界。,根气只修正用户边界需求是否稳定重复，不等于双方已形成成熟治理。,旺弱只修正某项自主、共享、规则或空间功能的调用强度，不直接等于控制、回避或适配质量。,喜忌只修正功能调用顺畅度与摩擦，不可直接翻译为理想伴侣五行、十神或必然互补。,真合化成立时按化神功能重算边界需求；合化争议时停止细化边界画像。,近位提高该边界议题进入关系核心的可能；远位只保留背景或阶段性观察。,96,不加分；硬边界,boundary_note,共同协商不等于伴侣拥有对人生选择的绝对否决权。,共同协商不等于伴侣拥有对人生选择的绝对否决权。,不得仅凭本规则推出某人必然控制、回避、依赖、忠诚或适合结婚；不得把亲密解释为无隐私，把保护解释为替代决定，把贡献多少解释为决策权大小。现实安全、明确同意、可撤回性、持续行为、反例与双方意愿优先。,高,待验证,,decision_domain=DG05; provisional=true; rule_group=BOUND-DG领域,0.5
M5-BOUND-388,DG05 职业、学习与迁移｜跨领域验证,L7 决策与边界领域,BOUND-DG领域,通用,证据,DG05,职业、学习与迁移,准备从该领域推广到整体边界。,BV4以上且至少两个领域一致。,由共享基础引擎、M3-BOUND与M5-BASE提供；只修正用户需要怎样的自主、共享、授权与空间结构，不直接判断具体关系现实中公平或安全。,M2只说明谁容易进入关系及资格证据；不能替代具体对象的同意、边界、资源和权力行为验证。,M3-BASE与M3-BOUND提供用户自然靠近、共享和边界通道；M5-BOUND负责判断双方如何共同治理。,无／按本规则指定的提议—知情—同意—执行—复核—重订路径路由。,近位、远位只修正该边界需求进入亲密关系核心的可能；不得据此判断具体伴侣一定尊重或越界。,根气只修正用户边界需求是否稳定重复，不等于双方已形成成熟治理。,旺弱只修正某项自主、共享、规则或空间功能的调用强度，不直接等于控制、回避或适配质量。,喜忌只修正功能调用顺畅度与摩擦，不可直接翻译为理想伴侣五行、十神或必然互补。,真合化成立时按化神功能重算边界需求；合化争议时停止细化边界画像。,近位提高该边界议题进入关系核心的可能；远位只保留背景或阶段性观察。,84,BV层级修正,observation_plan,领域能力需要分别验证，再由SYNTH合成。,在职业、学习与迁移做得好，不代表所有边界领域都同样成熟。,不得仅凭本规则推出某人必然控制、回避、依赖、忠诚或适合结婚；不得把亲密解释为无隐私，把保护解释为替代决定，把贡献多少解释为决策权大小。现实安全、明确同意、可撤回性、持续行为、反例与双方意愿优先。,中高,待验证,,decision_domain=DG05; provisional=true; rule_group=BOUND-DG领域,0.5
M5-BOUND-389,DG06 金钱、资产、债务与消费｜领域定义,L7 决策与边界领域,BOUND-DG领域,通用,定义,DG06,金钱、资产、债务与消费,分析双方在该领域的决定、同意、资源或信息。,无。,由共享基础引擎、M3-BOUND与M5-BASE提供；只修正用户需要怎样的自主、共享、授权与空间结构，不直接判断具体关系现实中公平或安全。,M2只说明谁容易进入关系及资格证据；不能替代具体对象的同意、边界、资源和权力行为验证。,M3-BASE与M3-BOUND提供用户自然靠近、共享和边界通道；M5-BOUND负责判断双方如何共同治理。,无／按本规则指定的提议—知情—同意—执行—复核—重订路径路由。,近位、远位只修正该边界需求进入亲密关系核心的可能；不得据此判断具体伴侣一定尊重或越界。,根气只修正用户边界需求是否稳定重复，不等于双方已形成成熟治理。,旺弱只修正某项自主、共享、规则或空间功能的调用强度，不直接等于控制、回避或适配质量。,喜忌只修正功能调用顺畅度与摩擦，不可直接翻译为理想伴侣五行、十神或必然互补。,真合化成立时按化神功能重算边界需求；合化争议时停止细化边界画像。,近位提高该边界议题进入关系核心的可能；远位只保留背景或阶段性观察。,88,不加分；领域定义,decision_domains,个人收入、共同预算、资产、债务、大额支出和账户权限。,金钱、资产、债务与消费主要包括：个人收入、共同预算、资产、债务、大额支出和账户权限。,不得仅凭本规则推出某人必然控制、回避、依赖、忠诚或适合结婚；不得把亲密解释为无隐私，把保护解释为替代决定，把贡献多少解释为决策权大小。现实安全、明确同意、可撤回性、持续行为、反例与双方意愿优先。,高,待验证,,decision_domain=DG06; provisional=true; rule_group=BOUND-DG领域,0.5
M5-BOUND-390,DG06 金钱、资产、债务与消费｜默认治理层级,L7 决策与边界领域,BOUND-DG领域,通用,治理,DG06,金钱、资产、债务与消费,存在该领域现实事件。,用默认层级覆盖现实安全或法律要求。,由共享基础引擎、M3-BOUND与M5-BASE提供；只修正用户需要怎样的自主、共享、授权与空间结构，不直接判断具体关系现实中公平或安全。,M2只说明谁容易进入关系及资格证据；不能替代具体对象的同意、边界、资源和权力行为验证。,M3-BASE与M3-BOUND提供用户自然靠近、共享和边界通道；M5-BOUND负责判断双方如何共同治理。,无／按本规则指定的提议—知情—同意—执行—复核—重订路径路由。,近位、远位只修正该边界需求进入亲密关系核心的可能；不得据此判断具体伴侣一定尊重或越界。,根气只修正用户边界需求是否稳定重复，不等于双方已形成成熟治理。,旺弱只修正某项自主、共享、规则或空间功能的调用强度，不直接等于控制、回避或适配质量。,喜忌只修正功能调用顺畅度与摩擦，不可直接翻译为理想伴侣五行、十神或必然互补。,真合化成立时按化神功能重算边界需求；合化争议时停止细化边界画像。,近位提高该边界议题进入关系核心的可能；远位只保留背景或阶段性观察。,90,+8 治理结构,decision_governance,个人基本账户保留；共同债务和重大支出需要明确双重同意。,该领域通常应按以下方式治理：个人基本账户保留；共同债务和重大支出需要明确双重同意。,不得仅凭本规则推出某人必然控制、回避、依赖、忠诚或适合结婚；不得把亲密解释为无隐私，把保护解释为替代决定，把贡献多少解释为决策权大小。现实安全、明确同意、可撤回性、持续行为、反例与双方意愿优先。,中高,待验证,,decision_domain=DG06; provisional=true; rule_group=BOUND-DG领域,0.5
M5-BOUND-391,DG06 金钱、资产、债务与消费｜硬边界,L7 决策与边界领域,BOUND-DG领域,通用,边界,DG06,金钱、资产、债务与消费,准备形成该领域结论。,现实存在更严格的安全、医疗或法律门槛。,由共享基础引擎、M3-BOUND与M5-BASE提供；只修正用户需要怎样的自主、共享、授权与空间结构，不直接判断具体关系现实中公平或安全。,M2只说明谁容易进入关系及资格证据；不能替代具体对象的同意、边界、资源和权力行为验证。,M3-BASE与M3-BOUND提供用户自然靠近、共享和边界通道；M5-BOUND负责判断双方如何共同治理。,无／按本规则指定的提议—知情—同意—执行—复核—重订路径路由。,近位、远位只修正该边界需求进入亲密关系核心的可能；不得据此判断具体伴侣一定尊重或越界。,根气只修正用户边界需求是否稳定重复，不等于双方已形成成熟治理。,旺弱只修正某项自主、共享、规则或空间功能的调用强度，不直接等于控制、回避或适配质量。,喜忌只修正功能调用顺畅度与摩擦，不可直接翻译为理想伴侣五行、十神或必然互补。,真合化成立时按化神功能重算边界需求；合化争议时停止细化边界画像。,近位提高该边界议题进入关系核心的可能；远位只保留背景或阶段性观察。,96,不加分；硬边界,boundary_note,资源贡献更多不等于拥有更多人格或身体决定权。,资源贡献更多不等于拥有更多人格或身体决定权。,不得仅凭本规则推出某人必然控制、回避、依赖、忠诚或适合结婚；不得把亲密解释为无隐私，把保护解释为替代决定，把贡献多少解释为决策权大小。现实安全、明确同意、可撤回性、持续行为、反例与双方意愿优先。,高,待验证,,decision_domain=DG06; provisional=true; rule_group=BOUND-DG领域,0.5
M5-BOUND-392,DG06 金钱、资产、债务与消费｜跨领域验证,L7 决策与边界领域,BOUND-DG领域,通用,证据,DG06,金钱、资产、债务与消费,准备从该领域推广到整体边界。,BV4以上且至少两个领域一致。,由共享基础引擎、M3-BOUND与M5-BASE提供；只修正用户需要怎样的自主、共享、授权与空间结构，不直接判断具体关系现实中公平或安全。,M2只说明谁容易进入关系及资格证据；不能替代具体对象的同意、边界、资源和权力行为验证。,M3-BASE与M3-BOUND提供用户自然靠近、共享和边界通道；M5-BOUND负责判断双方如何共同治理。,无／按本规则指定的提议—知情—同意—执行—复核—重订路径路由。,近位、远位只修正该边界需求进入亲密关系核心的可能；不得据此判断具体伴侣一定尊重或越界。,根气只修正用户边界需求是否稳定重复，不等于双方已形成成熟治理。,旺弱只修正某项自主、共享、规则或空间功能的调用强度，不直接等于控制、回避或适配质量。,喜忌只修正功能调用顺畅度与摩擦，不可直接翻译为理想伴侣五行、十神或必然互补。,真合化成立时按化神功能重算边界需求；合化争议时停止细化边界画像。,近位提高该边界议题进入关系核心的可能；远位只保留背景或阶段性观察。,84,BV层级修正,observation_plan,领域能力需要分别验证，再由SYNTH合成。,在金钱、资产、债务与消费做得好，不代表所有边界领域都同样成熟。,不得仅凭本规则推出某人必然控制、回避、依赖、忠诚或适合结婚；不得把亲密解释为无隐私，把保护解释为替代决定，把贡献多少解释为决策权大小。现实安全、明确同意、可撤回性、持续行为、反例与双方意愿优先。,中高,待验证,,decision_domain=DG06; provisional=true; rule_group=BOUND-DG领域,0.5
M5-BOUND-393,DG07 居住、家务与照护劳动｜领域定义,L7 决策与边界领域,BOUND-DG领域,通用,定义,DG07,居住、家务与照护劳动,分析双方在该领域的决定、同意、资源或信息。,无。,由共享基础引擎、M3-BOUND与M5-BASE提供；只修正用户需要怎样的自主、共享、授权与空间结构，不直接判断具体关系现实中公平或安全。,M2只说明谁容易进入关系及资格证据；不能替代具体对象的同意、边界、资源和权力行为验证。,M3-BASE与M3-BOUND提供用户自然靠近、共享和边界通道；M5-BOUND负责判断双方如何共同治理。,无／按本规则指定的提议—知情—同意—执行—复核—重订路径路由。,近位、远位只修正该边界需求进入亲密关系核心的可能；不得据此判断具体伴侣一定尊重或越界。,根气只修正用户边界需求是否稳定重复，不等于双方已形成成熟治理。,旺弱只修正某项自主、共享、规则或空间功能的调用强度，不直接等于控制、回避或适配质量。,喜忌只修正功能调用顺畅度与摩擦，不可直接翻译为理想伴侣五行、十神或必然互补。,真合化成立时按化神功能重算边界需求；合化争议时停止细化边界画像。,近位提高该边界议题进入关系核心的可能；远位只保留背景或阶段性观察。,88,不加分；领域定义,decision_domains,住房、家务、照护、行政事务与生活管理。,居住、家务与照护劳动主要包括：住房、家务、照护、行政事务与生活管理。,不得仅凭本规则推出某人必然控制、回避、依赖、忠诚或适合结婚；不得把亲密解释为无隐私，把保护解释为替代决定，把贡献多少解释为决策权大小。现实安全、明确同意、可撤回性、持续行为、反例与双方意愿优先。,高,待验证,,decision_domain=DG07; provisional=true; rule_group=BOUND-DG领域,0.5
M5-BOUND-394,DG07 居住、家务与照护劳动｜默认治理层级,L7 决策与边界领域,BOUND-DG领域,通用,治理,DG07,居住、家务与照护劳动,存在该领域现实事件。,用默认层级覆盖现实安全或法律要求。,由共享基础引擎、M3-BOUND与M5-BASE提供；只修正用户需要怎样的自主、共享、授权与空间结构，不直接判断具体关系现实中公平或安全。,M2只说明谁容易进入关系及资格证据；不能替代具体对象的同意、边界、资源和权力行为验证。,M3-BASE与M3-BOUND提供用户自然靠近、共享和边界通道；M5-BOUND负责判断双方如何共同治理。,无／按本规则指定的提议—知情—同意—执行—复核—重订路径路由。,近位、远位只修正该边界需求进入亲密关系核心的可能；不得据此判断具体伴侣一定尊重或越界。,根气只修正用户边界需求是否稳定重复，不等于双方已形成成熟治理。,旺弱只修正某项自主、共享、规则或空间功能的调用强度，不直接等于控制、回避或适配质量。,喜忌只修正功能调用顺畅度与摩擦，不可直接翻译为理想伴侣五行、十神或必然互补。,真合化成立时按化神功能重算边界需求；合化争议时停止细化边界画像。,近位提高该边界议题进入关系核心的可能；远位只保留背景或阶段性观察。,90,+8 治理结构,decision_governance,共同决定总体安排，按能力分工并定期复核负荷。,该领域通常应按以下方式治理：共同决定总体安排，按能力分工并定期复核负荷。,不得仅凭本规则推出某人必然控制、回避、依赖、忠诚或适合结婚；不得把亲密解释为无隐私，把保护解释为替代决定，把贡献多少解释为决策权大小。现实安全、明确同意、可撤回性、持续行为、反例与双方意愿优先。,中高,待验证,,decision_domain=DG07; provisional=true; rule_group=BOUND-DG领域,0.5
M5-BOUND-395,DG07 居住、家务与照护劳动｜硬边界,L7 决策与边界领域,BOUND-DG领域,通用,边界,DG07,居住、家务与照护劳动,准备形成该领域结论。,现实存在更严格的安全、医疗或法律门槛。,由共享基础引擎、M3-BOUND与M5-BASE提供；只修正用户需要怎样的自主、共享、授权与空间结构，不直接判断具体关系现实中公平或安全。,M2只说明谁容易进入关系及资格证据；不能替代具体对象的同意、边界、资源和权力行为验证。,M3-BASE与M3-BOUND提供用户自然靠近、共享和边界通道；M5-BOUND负责判断双方如何共同治理。,无／按本规则指定的提议—知情—同意—执行—复核—重订路径路由。,近位、远位只修正该边界需求进入亲密关系核心的可能；不得据此判断具体伴侣一定尊重或越界。,根气只修正用户边界需求是否稳定重复，不等于双方已形成成熟治理。,旺弱只修正某项自主、共享、规则或空间功能的调用强度，不直接等于控制、回避或适配质量。,喜忌只修正功能调用顺畅度与摩擦，不可直接翻译为理想伴侣五行、十神或必然互补。,真合化成立时按化神功能重算边界需求；合化争议时停止细化边界画像。,近位提高该边界议题进入关系核心的可能；远位只保留背景或阶段性观察。,96,不加分；硬边界,boundary_note,隐性劳动需要可见，分工不能永久固化为单方义务。,隐性劳动需要可见，分工不能永久固化为单方义务。,不得仅凭本规则推出某人必然控制、回避、依赖、忠诚或适合结婚；不得把亲密解释为无隐私，把保护解释为替代决定，把贡献多少解释为决策权大小。现实安全、明确同意、可撤回性、持续行为、反例与双方意愿优先。,高,待验证,,decision_domain=DG07; provisional=true; rule_group=BOUND-DG领域,0.5
M5-BOUND-396,DG07 居住、家务与照护劳动｜跨领域验证,L7 决策与边界领域,BOUND-DG领域,通用,证据,DG07,居住、家务与照护劳动,准备从该领域推广到整体边界。,BV4以上且至少两个领域一致。,由共享基础引擎、M3-BOUND与M5-BASE提供；只修正用户需要怎样的自主、共享、授权与空间结构，不直接判断具体关系现实中公平或安全。,M2只说明谁容易进入关系及资格证据；不能替代具体对象的同意、边界、资源和权力行为验证。,M3-BASE与M3-BOUND提供用户自然靠近、共享和边界通道；M5-BOUND负责判断双方如何共同治理。,无／按本规则指定的提议—知情—同意—执行—复核—重订路径路由。,近位、远位只修正该边界需求进入亲密关系核心的可能；不得据此判断具体伴侣一定尊重或越界。,根气只修正用户边界需求是否稳定重复，不等于双方已形成成熟治理。,旺弱只修正某项自主、共享、规则或空间功能的调用强度，不直接等于控制、回避或适配质量。,喜忌只修正功能调用顺畅度与摩擦，不可直接翻译为理想伴侣五行、十神或必然互补。,真合化成立时按化神功能重算边界需求；合化争议时停止细化边界画像。,近位提高该边界议题进入关系核心的可能；远位只保留背景或阶段性观察。,84,BV层级修正,observation_plan,领域能力需要分别验证，再由SYNTH合成。,在居住、家务与照护劳动做得好，不代表所有边界领域都同样成熟。,不得仅凭本规则推出某人必然控制、回避、依赖、忠诚或适合结婚；不得把亲密解释为无隐私，把保护解释为替代决定，把贡献多少解释为决策权大小。现实安全、明确同意、可撤回性、持续行为、反例与双方意愿优先。,中高,待验证,,decision_domain=DG07; provisional=true; rule_group=BOUND-DG领域,0.5
M5-BOUND-397,DG08 家庭、婚育与第三方责任｜领域定义,L7 决策与边界领域,BOUND-DG领域,通用,定义,DG08,家庭、婚育与第三方责任,分析双方在该领域的决定、同意、资源或信息。,无。,由共享基础引擎、M3-BOUND与M5-BASE提供；只修正用户需要怎样的自主、共享、授权与空间结构，不直接判断具体关系现实中公平或安全。,M2只说明谁容易进入关系及资格证据；不能替代具体对象的同意、边界、资源和权力行为验证。,M3-BASE与M3-BOUND提供用户自然靠近、共享和边界通道；M5-BOUND负责判断双方如何共同治理。,无／按本规则指定的提议—知情—同意—执行—复核—重订路径路由。,近位、远位只修正该边界需求进入亲密关系核心的可能；不得据此判断具体伴侣一定尊重或越界。,根气只修正用户边界需求是否稳定重复，不等于双方已形成成熟治理。,旺弱只修正某项自主、共享、规则或空间功能的调用强度，不直接等于控制、回避或适配质量。,喜忌只修正功能调用顺畅度与摩擦，不可直接翻译为理想伴侣五行、十神或必然互补。,真合化成立时按化神功能重算边界需求；合化争议时停止细化边界画像。,近位提高该边界议题进入关系核心的可能；远位只保留背景或阶段性观察。,88,不加分；领域定义,decision_domains,原生家庭、子女、婚育、养老、亲属介入和照护承诺。,家庭、婚育与第三方责任主要包括：原生家庭、子女、婚育、养老、亲属介入和照护承诺。,不得仅凭本规则推出某人必然控制、回避、依赖、忠诚或适合结婚；不得把亲密解释为无隐私，把保护解释为替代决定，把贡献多少解释为决策权大小。现实安全、明确同意、可撤回性、持续行为、反例与双方意愿优先。,高,待验证,,decision_domain=DG08; provisional=true; rule_group=BOUND-DG领域,0.5
M5-BOUND-398,DG08 家庭、婚育与第三方责任｜默认治理层级,L7 决策与边界领域,BOUND-DG领域,通用,治理,DG08,家庭、婚育与第三方责任,存在该领域现实事件。,用默认层级覆盖现实安全或法律要求。,由共享基础引擎、M3-BOUND与M5-BASE提供；只修正用户需要怎样的自主、共享、授权与空间结构，不直接判断具体关系现实中公平或安全。,M2只说明谁容易进入关系及资格证据；不能替代具体对象的同意、边界、资源和权力行为验证。,M3-BASE与M3-BOUND提供用户自然靠近、共享和边界通道；M5-BOUND负责判断双方如何共同治理。,无／按本规则指定的提议—知情—同意—执行—复核—重订路径路由。,近位、远位只修正该边界需求进入亲密关系核心的可能；不得据此判断具体伴侣一定尊重或越界。,根气只修正用户边界需求是否稳定重复，不等于双方已形成成熟治理。,旺弱只修正某项自主、共享、规则或空间功能的调用强度，不直接等于控制、回避或适配质量。,喜忌只修正功能调用顺畅度与摩擦，不可直接翻译为理想伴侣五行、十神或必然互补。,真合化成立时按化神功能重算边界需求；合化争议时停止细化边界画像。,近位提高该边界议题进入关系核心的可能；远位只保留背景或阶段性观察。,90,+8 治理结构,decision_governance,共同资源与长期责任需要双重知情和协商。,该领域通常应按以下方式治理：共同资源与长期责任需要双重知情和协商。,不得仅凭本规则推出某人必然控制、回避、依赖、忠诚或适合结婚；不得把亲密解释为无隐私，把保护解释为替代决定，把贡献多少解释为决策权大小。现实安全、明确同意、可撤回性、持续行为、反例与双方意愿优先。,中高,待验证,,decision_domain=DG08; provisional=true; rule_group=BOUND-DG领域,0.5
M5-BOUND-399,DG08 家庭、婚育与第三方责任｜硬边界,L7 决策与边界领域,BOUND-DG领域,通用,边界,DG08,家庭、婚育与第三方责任,准备形成该领域结论。,现实存在更严格的安全、医疗或法律门槛。,由共享基础引擎、M3-BOUND与M5-BASE提供；只修正用户需要怎样的自主、共享、授权与空间结构，不直接判断具体关系现实中公平或安全。,M2只说明谁容易进入关系及资格证据；不能替代具体对象的同意、边界、资源和权力行为验证。,M3-BASE与M3-BOUND提供用户自然靠近、共享和边界通道；M5-BOUND负责判断双方如何共同治理。,无／按本规则指定的提议—知情—同意—执行—复核—重订路径路由。,近位、远位只修正该边界需求进入亲密关系核心的可能；不得据此判断具体伴侣一定尊重或越界。,根气只修正用户边界需求是否稳定重复，不等于双方已形成成熟治理。,旺弱只修正某项自主、共享、规则或空间功能的调用强度，不直接等于控制、回避或适配质量。,喜忌只修正功能调用顺畅度与摩擦，不可直接翻译为理想伴侣五行、十神或必然互补。,真合化成立时按化神功能重算边界需求；合化争议时停止细化边界画像。,近位提高该边界议题进入关系核心的可能；远位只保留背景或阶段性观察。,96,不加分；硬边界,boundary_note,任何一方不得单独用共同资源承诺第三方长期义务。,任何一方不得单独用共同资源承诺第三方长期义务。,不得仅凭本规则推出某人必然控制、回避、依赖、忠诚或适合结婚；不得把亲密解释为无隐私，把保护解释为替代决定，把贡献多少解释为决策权大小。现实安全、明确同意、可撤回性、持续行为、反例与双方意愿优先。,高,待验证,,decision_domain=DG08; provisional=true; rule_group=BOUND-DG领域,0.5
M5-BOUND-400,DG08 家庭、婚育与第三方责任｜跨领域验证,L7 决策与边界领域,BOUND-DG领域,通用,证据,DG08,家庭、婚育与第三方责任,准备从该领域推广到整体边界。,BV4以上且至少两个领域一致。,由共享基础引擎、M3-BOUND与M5-BASE提供；只修正用户需要怎样的自主、共享、授权与空间结构，不直接判断具体关系现实中公平或安全。,M2只说明谁容易进入关系及资格证据；不能替代具体对象的同意、边界、资源和权力行为验证。,M3-BASE与M3-BOUND提供用户自然靠近、共享和边界通道；M5-BOUND负责判断双方如何共同治理。,无／按本规则指定的提议—知情—同意—执行—复核—重订路径路由。,近位、远位只修正该边界需求进入亲密关系核心的可能；不得据此判断具体伴侣一定尊重或越界。,根气只修正用户边界需求是否稳定重复，不等于双方已形成成熟治理。,旺弱只修正某项自主、共享、规则或空间功能的调用强度，不直接等于控制、回避或适配质量。,喜忌只修正功能调用顺畅度与摩擦，不可直接翻译为理想伴侣五行、十神或必然互补。,真合化成立时按化神功能重算边界需求；合化争议时停止细化边界画像。,近位提高该边界议题进入关系核心的可能；远位只保留背景或阶段性观察。,84,BV层级修正,observation_plan,领域能力需要分别验证，再由SYNTH合成。,在家庭、婚育与第三方责任做得好，不代表所有边界领域都同样成熟。,不得仅凭本规则推出某人必然控制、回避、依赖、忠诚或适合结婚；不得把亲密解释为无隐私，把保护解释为替代决定，把贡献多少解释为决策权大小。现实安全、明确同意、可撤回性、持续行为、反例与双方意愿优先。,中高,待验证,,decision_domain=DG08; provisional=true; rule_group=BOUND-DG领域,0.5
M5-BOUND-401,DG09 关系承诺、公开与共同计划｜领域定义,L7 决策与边界领域,BOUND-DG领域,通用,定义,DG09,关系承诺、公开与共同计划,分析双方在该领域的决定、同意、资源或信息。,无。,由共享基础引擎、M3-BOUND与M5-BASE提供；只修正用户需要怎样的自主、共享、授权与空间结构，不直接判断具体关系现实中公平或安全。,M2只说明谁容易进入关系及资格证据；不能替代具体对象的同意、边界、资源和权力行为验证。,M3-BASE与M3-BOUND提供用户自然靠近、共享和边界通道；M5-BOUND负责判断双方如何共同治理。,无／按本规则指定的提议—知情—同意—执行—复核—重订路径路由。,近位、远位只修正该边界需求进入亲密关系核心的可能；不得据此判断具体伴侣一定尊重或越界。,根气只修正用户边界需求是否稳定重复，不等于双方已形成成熟治理。,旺弱只修正某项自主、共享、规则或空间功能的调用强度，不直接等于控制、回避或适配质量。,喜忌只修正功能调用顺畅度与摩擦，不可直接翻译为理想伴侣五行、十神或必然互补。,真合化成立时按化神功能重算边界需求；合化争议时停止细化边界画像。,近位提高该边界议题进入关系核心的可能；远位只保留背景或阶段性观察。,88,不加分；领域定义,decision_domains,关系定义、排他性、公开程度、长期计划和角色变化。,关系承诺、公开与共同计划主要包括：关系定义、排他性、公开程度、长期计划和角色变化。,不得仅凭本规则推出某人必然控制、回避、依赖、忠诚或适合结婚；不得把亲密解释为无隐私，把保护解释为替代决定，把贡献多少解释为决策权大小。现实安全、明确同意、可撤回性、持续行为、反例与双方意愿优先。,高,待验证,,decision_domain=DG09; provisional=true; rule_group=BOUND-DG领域,0.5
M5-BOUND-402,DG09 关系承诺、公开与共同计划｜默认治理层级,L7 决策与边界领域,BOUND-DG领域,通用,治理,DG09,关系承诺、公开与共同计划,存在该领域现实事件。,用默认层级覆盖现实安全或法律要求。,由共享基础引擎、M3-BOUND与M5-BASE提供；只修正用户需要怎样的自主、共享、授权与空间结构，不直接判断具体关系现实中公平或安全。,M2只说明谁容易进入关系及资格证据；不能替代具体对象的同意、边界、资源和权力行为验证。,M3-BASE与M3-BOUND提供用户自然靠近、共享和边界通道；M5-BOUND负责判断双方如何共同治理。,无／按本规则指定的提议—知情—同意—执行—复核—重订路径路由。,近位、远位只修正该边界需求进入亲密关系核心的可能；不得据此判断具体伴侣一定尊重或越界。,根气只修正用户边界需求是否稳定重复，不等于双方已形成成熟治理。,旺弱只修正某项自主、共享、规则或空间功能的调用强度，不直接等于控制、回避或适配质量。,喜忌只修正功能调用顺畅度与摩擦，不可直接翻译为理想伴侣五行、十神或必然互补。,真合化成立时按化神功能重算边界需求；合化争议时停止细化边界画像。,近位提高该边界议题进入关系核心的可能；远位只保留背景或阶段性观察。,90,+8 治理结构,decision_governance,共同决定，变化时及时说明，任何一方可重新评估。,该领域通常应按以下方式治理：共同决定，变化时及时说明，任何一方可重新评估。,不得仅凭本规则推出某人必然控制、回避、依赖、忠诚或适合结婚；不得把亲密解释为无隐私，把保护解释为替代决定，把贡献多少解释为决策权大小。现实安全、明确同意、可撤回性、持续行为、反例与双方意愿优先。,中高,待验证,,decision_domain=DG09; provisional=true; rule_group=BOUND-DG领域,0.5
M5-BOUND-403,DG09 关系承诺、公开与共同计划｜硬边界,L7 决策与边界领域,BOUND-DG领域,通用,边界,DG09,关系承诺、公开与共同计划,准备形成该领域结论。,现实存在更严格的安全、医疗或法律门槛。,由共享基础引擎、M3-BOUND与M5-BASE提供；只修正用户需要怎样的自主、共享、授权与空间结构，不直接判断具体关系现实中公平或安全。,M2只说明谁容易进入关系及资格证据；不能替代具体对象的同意、边界、资源和权力行为验证。,M3-BASE与M3-BOUND提供用户自然靠近、共享和边界通道；M5-BOUND负责判断双方如何共同治理。,无／按本规则指定的提议—知情—同意—执行—复核—重订路径路由。,近位、远位只修正该边界需求进入亲密关系核心的可能；不得据此判断具体伴侣一定尊重或越界。,根气只修正用户边界需求是否稳定重复，不等于双方已形成成熟治理。,旺弱只修正某项自主、共享、规则或空间功能的调用强度，不直接等于控制、回避或适配质量。,喜忌只修正功能调用顺畅度与摩擦，不可直接翻译为理想伴侣五行、十神或必然互补。,真合化成立时按化神功能重算边界需求；合化争议时停止细化边界画像。,近位提高该边界议题进入关系核心的可能；远位只保留背景或阶段性观察。,96,不加分；硬边界,boundary_note,沉默、默认和单方宣布不能替代共同确认。,沉默、默认和单方宣布不能替代共同确认。,不得仅凭本规则推出某人必然控制、回避、依赖、忠诚或适合结婚；不得把亲密解释为无隐私，把保护解释为替代决定，把贡献多少解释为决策权大小。现实安全、明确同意、可撤回性、持续行为、反例与双方意愿优先。,高,待验证,,decision_domain=DG09; provisional=true; rule_group=BOUND-DG领域,0.5
M5-BOUND-404,DG09 关系承诺、公开与共同计划｜跨领域验证,L7 决策与边界领域,BOUND-DG领域,通用,证据,DG09,关系承诺、公开与共同计划,准备从该领域推广到整体边界。,BV4以上且至少两个领域一致。,由共享基础引擎、M3-BOUND与M5-BASE提供；只修正用户需要怎样的自主、共享、授权与空间结构，不直接判断具体关系现实中公平或安全。,M2只说明谁容易进入关系及资格证据；不能替代具体对象的同意、边界、资源和权力行为验证。,M3-BASE与M3-BOUND提供用户自然靠近、共享和边界通道；M5-BOUND负责判断双方如何共同治理。,无／按本规则指定的提议—知情—同意—执行—复核—重订路径路由。,近位、远位只修正该边界需求进入亲密关系核心的可能；不得据此判断具体伴侣一定尊重或越界。,根气只修正用户边界需求是否稳定重复，不等于双方已形成成熟治理。,旺弱只修正某项自主、共享、规则或空间功能的调用强度，不直接等于控制、回避或适配质量。,喜忌只修正功能调用顺畅度与摩擦，不可直接翻译为理想伴侣五行、十神或必然互补。,真合化成立时按化神功能重算边界需求；合化争议时停止细化边界画像。,近位提高该边界议题进入关系核心的可能；远位只保留背景或阶段性观察。,84,BV层级修正,observation_plan,领域能力需要分别验证，再由SYNTH合成。,在关系承诺、公开与共同计划做得好，不代表所有边界领域都同样成熟。,不得仅凭本规则推出某人必然控制、回避、依赖、忠诚或适合结婚；不得把亲密解释为无隐私，把保护解释为替代决定，把贡献多少解释为决策权大小。现实安全、明确同意、可撤回性、持续行为、反例与双方意愿优先。,中高,待验证,,decision_domain=DG09; provisional=true; rule_group=BOUND-DG领域,0.5
M5-BOUND-405,DG10 冲突、暂停与修复｜领域定义,L7 决策与边界领域,BOUND-DG领域,通用,定义,DG10,冲突、暂停与修复,分析双方在该领域的决定、同意、资源或信息。,无。,由共享基础引擎、M3-BOUND与M5-BASE提供；只修正用户需要怎样的自主、共享、授权与空间结构，不直接判断具体关系现实中公平或安全。,M2只说明谁容易进入关系及资格证据；不能替代具体对象的同意、边界、资源和权力行为验证。,M3-BASE与M3-BOUND提供用户自然靠近、共享和边界通道；M5-BOUND负责判断双方如何共同治理。,无／按本规则指定的提议—知情—同意—执行—复核—重订路径路由。,近位、远位只修正该边界需求进入亲密关系核心的可能；不得据此判断具体伴侣一定尊重或越界。,根气只修正用户边界需求是否稳定重复，不等于双方已形成成熟治理。,旺弱只修正某项自主、共享、规则或空间功能的调用强度，不直接等于控制、回避或适配质量。,喜忌只修正功能调用顺畅度与摩擦，不可直接翻译为理想伴侣五行、十神或必然互补。,真合化成立时按化神功能重算边界需求；合化争议时停止细化边界画像。,近位提高该边界议题进入关系核心的可能；远位只保留背景或阶段性观察。,88,不加分；领域定义,decision_domains,暂停、最低联系、冲突规则、回归、道歉、补救和复盘。,冲突、暂停与修复主要包括：暂停、最低联系、冲突规则、回归、道歉、补救和复盘。,不得仅凭本规则推出某人必然控制、回避、依赖、忠诚或适合结婚；不得把亲密解释为无隐私，把保护解释为替代决定，把贡献多少解释为决策权大小。现实安全、明确同意、可撤回性、持续行为、反例与双方意愿优先。,高,待验证,,decision_domain=DG10; provisional=true; rule_group=BOUND-DG领域,0.5
M5-BOUND-406,DG10 冲突、暂停与修复｜默认治理层级,L7 决策与边界领域,BOUND-DG领域,通用,治理,DG10,冲突、暂停与修复,存在该领域现实事件。,用默认层级覆盖现实安全或法律要求。,由共享基础引擎、M3-BOUND与M5-BASE提供；只修正用户需要怎样的自主、共享、授权与空间结构，不直接判断具体关系现实中公平或安全。,M2只说明谁容易进入关系及资格证据；不能替代具体对象的同意、边界、资源和权力行为验证。,M3-BASE与M3-BOUND提供用户自然靠近、共享和边界通道；M5-BOUND负责判断双方如何共同治理。,无／按本规则指定的提议—知情—同意—执行—复核—重订路径路由。,近位、远位只修正该边界需求进入亲密关系核心的可能；不得据此判断具体伴侣一定尊重或越界。,根气只修正用户边界需求是否稳定重复，不等于双方已形成成熟治理。,旺弱只修正某项自主、共享、规则或空间功能的调用强度，不直接等于控制、回避或适配质量。,喜忌只修正功能调用顺畅度与摩擦，不可直接翻译为理想伴侣五行、十神或必然互补。,真合化成立时按化神功能重算边界需求；合化争议时停止细化边界画像。,近位提高该边界议题进入关系核心的可能；远位只保留背景或阶段性观察。,90,+8 治理结构,decision_governance,个人有暂停权；暂停范围和回归机制需共同协商。,该领域通常应按以下方式治理：个人有暂停权；暂停范围和回归机制需共同协商。,不得仅凭本规则推出某人必然控制、回避、依赖、忠诚或适合结婚；不得把亲密解释为无隐私，把保护解释为替代决定，把贡献多少解释为决策权大小。现实安全、明确同意、可撤回性、持续行为、反例与双方意愿优先。,中高,待验证,,decision_domain=DG10; provisional=true; rule_group=BOUND-DG领域,0.5
M5-BOUND-407,DG10 冲突、暂停与修复｜硬边界,L7 决策与边界领域,BOUND-DG领域,通用,边界,DG10,冲突、暂停与修复,准备形成该领域结论。,现实存在更严格的安全、医疗或法律门槛。,由共享基础引擎、M3-BOUND与M5-BASE提供；只修正用户需要怎样的自主、共享、授权与空间结构，不直接判断具体关系现实中公平或安全。,M2只说明谁容易进入关系及资格证据；不能替代具体对象的同意、边界、资源和权力行为验证。,M3-BASE与M3-BOUND提供用户自然靠近、共享和边界通道；M5-BOUND负责判断双方如何共同治理。,无／按本规则指定的提议—知情—同意—执行—复核—重订路径路由。,近位、远位只修正该边界需求进入亲密关系核心的可能；不得据此判断具体伴侣一定尊重或越界。,根气只修正用户边界需求是否稳定重复，不等于双方已形成成熟治理。,旺弱只修正某项自主、共享、规则或空间功能的调用强度，不直接等于控制、回避或适配质量。,喜忌只修正功能调用顺畅度与摩擦，不可直接翻译为理想伴侣五行、十神或必然互补。,真合化成立时按化神功能重算边界需求；合化争议时停止细化边界画像。,近位提高该边界议题进入关系核心的可能；远位只保留背景或阶段性观察。,96,不加分；硬边界,boundary_note,暂停不能用于无限期惩罚，修复不能只靠一方完成。,暂停不能用于无限期惩罚，修复不能只靠一方完成。,不得仅凭本规则推出某人必然控制、回避、依赖、忠诚或适合结婚；不得把亲密解释为无隐私，把保护解释为替代决定，把贡献多少解释为决策权大小。现实安全、明确同意、可撤回性、持续行为、反例与双方意愿优先。,高,待验证,,decision_domain=DG10; provisional=true; rule_group=BOUND-DG领域,0.5
M5-BOUND-408,DG10 冲突、暂停与修复｜跨领域验证,L7 决策与边界领域,BOUND-DG领域,通用,证据,DG10,冲突、暂停与修复,准备从该领域推广到整体边界。,BV4以上且至少两个领域一致。,由共享基础引擎、M3-BOUND与M5-BASE提供；只修正用户需要怎样的自主、共享、授权与空间结构，不直接判断具体关系现实中公平或安全。,M2只说明谁容易进入关系及资格证据；不能替代具体对象的同意、边界、资源和权力行为验证。,M3-BASE与M3-BOUND提供用户自然靠近、共享和边界通道；M5-BOUND负责判断双方如何共同治理。,无／按本规则指定的提议—知情—同意—执行—复核—重订路径路由。,近位、远位只修正该边界需求进入亲密关系核心的可能；不得据此判断具体伴侣一定尊重或越界。,根气只修正用户边界需求是否稳定重复，不等于双方已形成成熟治理。,旺弱只修正某项自主、共享、规则或空间功能的调用强度，不直接等于控制、回避或适配质量。,喜忌只修正功能调用顺畅度与摩擦，不可直接翻译为理想伴侣五行、十神或必然互补。,真合化成立时按化神功能重算边界需求；合化争议时停止细化边界画像。,近位提高该边界议题进入关系核心的可能；远位只保留背景或阶段性观察。,84,BV层级修正,observation_plan,领域能力需要分别验证，再由SYNTH合成。,在冲突、暂停与修复做得好，不代表所有边界领域都同样成熟。,不得仅凭本规则推出某人必然控制、回避、依赖、忠诚或适合结婚；不得把亲密解释为无隐私，把保护解释为替代决定，把贡献多少解释为决策权大小。现实安全、明确同意、可撤回性、持续行为、反例与双方意愿优先。,中高,待验证,,decision_domain=DG10; provisional=true; rule_group=BOUND-DG领域,0.5
M5-BOUND-409,BR01 个人决定—影响告知—共同调整｜路径定义,L8 边界治理闭环路径,BOUND-BR路径,通用,路径,BR01,BO01、BO03、BM02,起点、知情、同意／反馈、执行和复核至少三个节点有独立现实证据。,只有命理流通、规则文本或单方愿望，没有双方现实行为。,由共享基础引擎、M3-BOUND与M5-BASE提供；只修正用户需要怎样的自主、共享、授权与空间结构，不直接判断具体关系现实中公平或安全。,M2只说明谁容易进入关系及资格证据；不能替代具体对象的同意、边界、资源和权力行为验证。,M3-BASE与M3-BOUND提供用户自然靠近、共享和边界通道；M5-BOUND负责判断双方如何共同治理。,无／按本规则指定的提议—知情—同意—执行—复核—重订路径路由。,近位、远位只修正该边界需求进入亲密关系核心的可能；不得据此判断具体伴侣一定尊重或越界。,根气只修正用户边界需求是否稳定重复，不等于双方已形成成熟治理。,旺弱只修正某项自主、共享、规则或空间功能的调用强度，不直接等于控制、回避或适配质量。,喜忌只修正功能调用顺畅度与摩擦，不可直接翻译为理想伴侣五行、十神或必然互补。,真合化成立时按化神功能重算边界需求；合化争议时停止细化边界画像。,近位提高该边界议题进入关系核心的可能；远位只保留背景或阶段性观察。,88,BR候选 +8,boundary_path,个人保留最终决定，同时说明对共同生活的影响，双方调整配套安排。,较成熟的治理顺序是：个人保留最终决定，同时说明对共同生活的影响，双方调整配套安排。,不得仅凭本规则推出某人必然控制、回避、依赖、忠诚或适合结婚；不得把亲密解释为无隐私，把保护解释为替代决定，把贡献多少解释为决策权大小。现实安全、明确同意、可撤回性、持续行为、反例与双方意愿优先。,中高,待验证,,boundary_path=BR01; use_case=适合职业、健康、朋友和个人成长领域。; provisional=true; rule_group=BOUND-BR路径,0.5
M5-BOUND-410,BR01 个人决定—影响告知—共同调整｜断链与验证,L8 边界治理闭环路径,BOUND-BR路径,通用,验证,BR01,BO01、BO03、BM02,使用场景：适合职业、健康、朋友和个人成长领域。,把提议、规则、暂停或一次同意直接写成完整闭环。,由共享基础引擎、M3-BOUND与M5-BASE提供；只修正用户需要怎样的自主、共享、授权与空间结构，不直接判断具体关系现实中公平或安全。,M2只说明谁容易进入关系及资格证据；不能替代具体对象的同意、边界、资源和权力行为验证。,M3-BASE与M3-BOUND提供用户自然靠近、共享和边界通道；M5-BOUND负责判断双方如何共同治理。,无／按本规则指定的提议—知情—同意—执行—复核—重订路径路由。,近位、远位只修正该边界需求进入亲密关系核心的可能；不得据此判断具体伴侣一定尊重或越界。,根气只修正用户边界需求是否稳定重复，不等于双方已形成成熟治理。,旺弱只修正某项自主、共享、规则或空间功能的调用强度，不直接等于控制、回避或适配质量。,喜忌只修正功能调用顺畅度与摩擦，不可直接翻译为理想伴侣五行、十神或必然互补。,真合化成立时按化神功能重算边界需求；合化争议时停止细化边界画像。,近位提高该边界议题进入关系核心的可能；远位只保留背景或阶段性观察。,92,断链风险 +12／完整回流 +10,boundary_path_status,检查个人保留最终决定，同时说明对共同生活的影响，双方调整配套安排。中具体缺少哪个节点；第一步成功不等于边界结构长期成立。,需要继续确认这条边界路径是否真正走到复核、归还或重新开放。,不得仅凭本规则推出某人必然控制、回避、依赖、忠诚或适合结婚；不得把亲密解释为无隐私，把保护解释为替代决定，把贡献多少解释为决策权大小。现实安全、明确同意、可撤回性、持续行为、反例与双方意愿优先。,中高,待验证,,boundary_path=BR01; path_validation=true; provisional=true; rule_group=BOUND-BR路径,0.5
M5-BOUND-411,BR02 共同提议—知情—双重同意—执行—复核｜路径定义,L8 边界治理闭环路径,BOUND-BR路径,通用,路径,BR02,BO02、BO03、BO04,起点、知情、同意／反馈、执行和复核至少三个节点有独立现实证据。,只有命理流通、规则文本或单方愿望，没有双方现实行为。,由共享基础引擎、M3-BOUND与M5-BASE提供；只修正用户需要怎样的自主、共享、授权与空间结构，不直接判断具体关系现实中公平或安全。,M2只说明谁容易进入关系及资格证据；不能替代具体对象的同意、边界、资源和权力行为验证。,M3-BASE与M3-BOUND提供用户自然靠近、共享和边界通道；M5-BOUND负责判断双方如何共同治理。,无／按本规则指定的提议—知情—同意—执行—复核—重订路径路由。,近位、远位只修正该边界需求进入亲密关系核心的可能；不得据此判断具体伴侣一定尊重或越界。,根气只修正用户边界需求是否稳定重复，不等于双方已形成成熟治理。,旺弱只修正某项自主、共享、规则或空间功能的调用强度，不直接等于控制、回避或适配质量。,喜忌只修正功能调用顺畅度与摩擦，不可直接翻译为理想伴侣五行、十神或必然互补。,真合化成立时按化神功能重算边界需求；合化争议时停止细化边界画像。,近位提高该边界议题进入关系核心的可能；远位只保留背景或阶段性观察。,88,BR候选 +8,boundary_path,任一方提出，共享完整信息，双方明确同意后执行并复核。,较成熟的治理顺序是：任一方提出，共享完整信息，双方明确同意后执行并复核。,不得仅凭本规则推出某人必然控制、回避、依赖、忠诚或适合结婚；不得把亲密解释为无隐私，把保护解释为替代决定，把贡献多少解释为决策权大小。现实安全、明确同意、可撤回性、持续行为、反例与双方意愿优先。,中高,待验证,,boundary_path=BR02; use_case=适合共同预算、居住、婚育和长期承诺。; provisional=true; rule_group=BOUND-BR路径,0.5
M5-BOUND-412,BR02 共同提议—知情—双重同意—执行—复核｜断链与验证,L8 边界治理闭环路径,BOUND-BR路径,通用,验证,BR02,BO02、BO03、BO04,使用场景：适合共同预算、居住、婚育和长期承诺。,把提议、规则、暂停或一次同意直接写成完整闭环。,由共享基础引擎、M3-BOUND与M5-BASE提供；只修正用户需要怎样的自主、共享、授权与空间结构，不直接判断具体关系现实中公平或安全。,M2只说明谁容易进入关系及资格证据；不能替代具体对象的同意、边界、资源和权力行为验证。,M3-BASE与M3-BOUND提供用户自然靠近、共享和边界通道；M5-BOUND负责判断双方如何共同治理。,无／按本规则指定的提议—知情—同意—执行—复核—重订路径路由。,近位、远位只修正该边界需求进入亲密关系核心的可能；不得据此判断具体伴侣一定尊重或越界。,根气只修正用户边界需求是否稳定重复，不等于双方已形成成熟治理。,旺弱只修正某项自主、共享、规则或空间功能的调用强度，不直接等于控制、回避或适配质量。,喜忌只修正功能调用顺畅度与摩擦，不可直接翻译为理想伴侣五行、十神或必然互补。,真合化成立时按化神功能重算边界需求；合化争议时停止细化边界画像。,近位提高该边界议题进入关系核心的可能；远位只保留背景或阶段性观察。,92,断链风险 +12／完整回流 +10,boundary_path_status,检查任一方提出，共享完整信息，双方明确同意后执行并复核。中具体缺少哪个节点；第一步成功不等于边界结构长期成立。,需要继续确认这条边界路径是否真正走到复核、归还或重新开放。,不得仅凭本规则推出某人必然控制、回避、依赖、忠诚或适合结婚；不得把亲密解释为无隐私，把保护解释为替代决定，把贡献多少解释为决策权大小。现实安全、明确同意、可撤回性、持续行为、反例与双方意愿优先。,中高,待验证,,boundary_path=BR02; path_validation=true; provisional=true; rule_group=BOUND-BR路径,0.5
M5-BOUND-413,BR03 授权—范围—期限—撤回—归还｜路径定义,L8 边界治理闭环路径,BOUND-BR路径,通用,路径,BR03,BM05、BO04、BO10,起点、知情、同意／反馈、执行和复核至少三个节点有独立现实证据。,只有命理流通、规则文本或单方愿望，没有双方现实行为。,由共享基础引擎、M3-BOUND与M5-BASE提供；只修正用户需要怎样的自主、共享、授权与空间结构，不直接判断具体关系现实中公平或安全。,M2只说明谁容易进入关系及资格证据；不能替代具体对象的同意、边界、资源和权力行为验证。,M3-BASE与M3-BOUND提供用户自然靠近、共享和边界通道；M5-BOUND负责判断双方如何共同治理。,无／按本规则指定的提议—知情—同意—执行—复核—重订路径路由。,近位、远位只修正该边界需求进入亲密关系核心的可能；不得据此判断具体伴侣一定尊重或越界。,根气只修正用户边界需求是否稳定重复，不等于双方已形成成熟治理。,旺弱只修正某项自主、共享、规则或空间功能的调用强度，不直接等于控制、回避或适配质量。,喜忌只修正功能调用顺畅度与摩擦，不可直接翻译为理想伴侣五行、十神或必然互补。,真合化成立时按化神功能重算边界需求；合化争议时停止细化边界画像。,近位提高该边界议题进入关系核心的可能；远位只保留背景或阶段性观察。,88,BR候选 +8,boundary_path,一方临时授权另一方处理具体事项，权限最小、可撤回、到期归还。,较成熟的治理顺序是：一方临时授权另一方处理具体事项，权限最小、可撤回、到期归还。,不得仅凭本规则推出某人必然控制、回避、依赖、忠诚或适合结婚；不得把亲密解释为无隐私，把保护解释为替代决定，把贡献多少解释为决策权大小。现实安全、明确同意、可撤回性、持续行为、反例与双方意愿优先。,中高,待验证,,boundary_path=BR03; use_case=适合危机、专业事务和短期高负荷。; provisional=true; rule_group=BOUND-BR路径,0.5
M5-BOUND-414,BR03 授权—范围—期限—撤回—归还｜断链与验证,L8 边界治理闭环路径,BOUND-BR路径,通用,验证,BR03,BM05、BO04、BO10,使用场景：适合危机、专业事务和短期高负荷。,把提议、规则、暂停或一次同意直接写成完整闭环。,由共享基础引擎、M3-BOUND与M5-BASE提供；只修正用户需要怎样的自主、共享、授权与空间结构，不直接判断具体关系现实中公平或安全。,M2只说明谁容易进入关系及资格证据；不能替代具体对象的同意、边界、资源和权力行为验证。,M3-BASE与M3-BOUND提供用户自然靠近、共享和边界通道；M5-BOUND负责判断双方如何共同治理。,无／按本规则指定的提议—知情—同意—执行—复核—重订路径路由。,近位、远位只修正该边界需求进入亲密关系核心的可能；不得据此判断具体伴侣一定尊重或越界。,根气只修正用户边界需求是否稳定重复，不等于双方已形成成熟治理。,旺弱只修正某项自主、共享、规则或空间功能的调用强度，不直接等于控制、回避或适配质量。,喜忌只修正功能调用顺畅度与摩擦，不可直接翻译为理想伴侣五行、十神或必然互补。,真合化成立时按化神功能重算边界需求；合化争议时停止细化边界画像。,近位提高该边界议题进入关系核心的可能；远位只保留背景或阶段性观察。,92,断链风险 +12／完整回流 +10,boundary_path_status,检查一方临时授权另一方处理具体事项，权限最小、可撤回、到期归还。中具体缺少哪个节点；第一步成功不等于边界结构长期成立。,需要继续确认这条边界路径是否真正走到复核、归还或重新开放。,不得仅凭本规则推出某人必然控制、回避、依赖、忠诚或适合结婚；不得把亲密解释为无隐私，把保护解释为替代决定，把贡献多少解释为决策权大小。现实安全、明确同意、可撤回性、持续行为、反例与双方意愿优先。,中高,待验证,,boundary_path=BR03; path_validation=true; provisional=true; rule_group=BOUND-BR路径,0.5
M5-BOUND-415,BR04 共享—访问权限—记录—复核—重订｜路径定义,L8 边界治理闭环路径,BOUND-BR路径,通用,路径,BR04,BO05、BO06、BM06,起点、知情、同意／反馈、执行和复核至少三个节点有独立现实证据。,只有命理流通、规则文本或单方愿望，没有双方现实行为。,由共享基础引擎、M3-BOUND与M5-BASE提供；只修正用户需要怎样的自主、共享、授权与空间结构，不直接判断具体关系现实中公平或安全。,M2只说明谁容易进入关系及资格证据；不能替代具体对象的同意、边界、资源和权力行为验证。,M3-BASE与M3-BOUND提供用户自然靠近、共享和边界通道；M5-BOUND负责判断双方如何共同治理。,无／按本规则指定的提议—知情—同意—执行—复核—重订路径路由。,近位、远位只修正该边界需求进入亲密关系核心的可能；不得据此判断具体伴侣一定尊重或越界。,根气只修正用户边界需求是否稳定重复，不等于双方已形成成熟治理。,旺弱只修正某项自主、共享、规则或空间功能的调用强度，不直接等于控制、回避或适配质量。,喜忌只修正功能调用顺畅度与摩擦，不可直接翻译为理想伴侣五行、十神或必然互补。,真合化成立时按化神功能重算边界需求；合化争议时停止细化边界画像。,近位提高该边界议题进入关系核心的可能；远位只保留背景或阶段性观察。,88,BR候选 +8,boundary_path,资源共享前界定访问与使用权限，保留记录并定期复核。,较成熟的治理顺序是：资源共享前界定访问与使用权限，保留记录并定期复核。,不得仅凭本规则推出某人必然控制、回避、依赖、忠诚或适合结婚；不得把亲密解释为无隐私，把保护解释为替代决定，把贡献多少解释为决策权大小。现实安全、明确同意、可撤回性、持续行为、反例与双方意愿优先。,中高,待验证,,boundary_path=BR04; use_case=适合金钱、设备、住房和共同资源。; provisional=true; rule_group=BOUND-BR路径,0.5
M5-BOUND-416,BR04 共享—访问权限—记录—复核—重订｜断链与验证,L8 边界治理闭环路径,BOUND-BR路径,通用,验证,BR04,BO05、BO06、BM06,使用场景：适合金钱、设备、住房和共同资源。,把提议、规则、暂停或一次同意直接写成完整闭环。,由共享基础引擎、M3-BOUND与M5-BASE提供；只修正用户需要怎样的自主、共享、授权与空间结构，不直接判断具体关系现实中公平或安全。,M2只说明谁容易进入关系及资格证据；不能替代具体对象的同意、边界、资源和权力行为验证。,M3-BASE与M3-BOUND提供用户自然靠近、共享和边界通道；M5-BOUND负责判断双方如何共同治理。,无／按本规则指定的提议—知情—同意—执行—复核—重订路径路由。,近位、远位只修正该边界需求进入亲密关系核心的可能；不得据此判断具体伴侣一定尊重或越界。,根气只修正用户边界需求是否稳定重复，不等于双方已形成成熟治理。,旺弱只修正某项自主、共享、规则或空间功能的调用强度，不直接等于控制、回避或适配质量。,喜忌只修正功能调用顺畅度与摩擦，不可直接翻译为理想伴侣五行、十神或必然互补。,真合化成立时按化神功能重算边界需求；合化争议时停止细化边界画像。,近位提高该边界议题进入关系核心的可能；远位只保留背景或阶段性观察。,92,断链风险 +12／完整回流 +10,boundary_path_status,检查资源共享前界定访问与使用权限，保留记录并定期复核。中具体缺少哪个节点；第一步成功不等于边界结构长期成立。,需要继续确认这条边界路径是否真正走到复核、归还或重新开放。,不得仅凭本规则推出某人必然控制、回避、依赖、忠诚或适合结婚；不得把亲密解释为无隐私，把保护解释为替代决定，把贡献多少解释为决策权大小。现实安全、明确同意、可撤回性、持续行为、反例与双方意愿优先。,中高,待验证,,boundary_path=BR04; path_validation=true; provisional=true; rule_group=BOUND-BR路径,0.5
M5-BOUND-417,BR05 支持—确认需要—共同参与—自主恢复｜路径定义,L8 边界治理闭环路径,BOUND-BR路径,通用,路径,BR05,BC09、BM10、BO01,起点、知情、同意／反馈、执行和复核至少三个节点有独立现实证据。,只有命理流通、规则文本或单方愿望，没有双方现实行为。,由共享基础引擎、M3-BOUND与M5-BASE提供；只修正用户需要怎样的自主、共享、授权与空间结构，不直接判断具体关系现实中公平或安全。,M2只说明谁容易进入关系及资格证据；不能替代具体对象的同意、边界、资源和权力行为验证。,M3-BASE与M3-BOUND提供用户自然靠近、共享和边界通道；M5-BOUND负责判断双方如何共同治理。,无／按本规则指定的提议—知情—同意—执行—复核—重订路径路由。,近位、远位只修正该边界需求进入亲密关系核心的可能；不得据此判断具体伴侣一定尊重或越界。,根气只修正用户边界需求是否稳定重复，不等于双方已形成成熟治理。,旺弱只修正某项自主、共享、规则或空间功能的调用强度，不直接等于控制、回避或适配质量。,喜忌只修正功能调用顺畅度与摩擦，不可直接翻译为理想伴侣五行、十神或必然互补。,真合化成立时按化神功能重算边界需求；合化争议时停止细化边界画像。,近位提高该边界议题进入关系核心的可能；远位只保留背景或阶段性观察。,88,BR候选 +8,boundary_path,提供支持前确认需要，过程中保留反馈，结束后恢复自主和决定权。,较成熟的治理顺序是：提供支持前确认需要，过程中保留反馈，结束后恢复自主和决定权。,不得仅凭本规则推出某人必然控制、回避、依赖、忠诚或适合结婚；不得把亲密解释为无隐私，把保护解释为替代决定，把贡献多少解释为决策权大小。现实安全、明确同意、可撤回性、持续行为、反例与双方意愿优先。,中高,待验证,,boundary_path=BR05; use_case=适合照护、建议、危机与能力补位。; provisional=true; rule_group=BOUND-BR路径,0.5
M5-BOUND-418,BR05 支持—确认需要—共同参与—自主恢复｜断链与验证,L8 边界治理闭环路径,BOUND-BR路径,通用,验证,BR05,BC09、BM10、BO01,使用场景：适合照护、建议、危机与能力补位。,把提议、规则、暂停或一次同意直接写成完整闭环。,由共享基础引擎、M3-BOUND与M5-BASE提供；只修正用户需要怎样的自主、共享、授权与空间结构，不直接判断具体关系现实中公平或安全。,M2只说明谁容易进入关系及资格证据；不能替代具体对象的同意、边界、资源和权力行为验证。,M3-BASE与M3-BOUND提供用户自然靠近、共享和边界通道；M5-BOUND负责判断双方如何共同治理。,无／按本规则指定的提议—知情—同意—执行—复核—重订路径路由。,近位、远位只修正该边界需求进入亲密关系核心的可能；不得据此判断具体伴侣一定尊重或越界。,根气只修正用户边界需求是否稳定重复，不等于双方已形成成熟治理。,旺弱只修正某项自主、共享、规则或空间功能的调用强度，不直接等于控制、回避或适配质量。,喜忌只修正功能调用顺畅度与摩擦，不可直接翻译为理想伴侣五行、十神或必然互补。,真合化成立时按化神功能重算边界需求；合化争议时停止细化边界画像。,近位提高该边界议题进入关系核心的可能；远位只保留背景或阶段性观察。,92,断链风险 +12／完整回流 +10,boundary_path_status,检查提供支持前确认需要，过程中保留反馈，结束后恢复自主和决定权。中具体缺少哪个节点；第一步成功不等于边界结构长期成立。,需要继续确认这条边界路径是否真正走到复核、归还或重新开放。,不得仅凭本规则推出某人必然控制、回避、依赖、忠诚或适合结婚；不得把亲密解释为无隐私，把保护解释为替代决定，把贡献多少解释为决策权大小。现实安全、明确同意、可撤回性、持续行为、反例与双方意愿优先。,中高,待验证,,boundary_path=BR05; path_validation=true; provisional=true; rule_group=BOUND-BR路径,0.5
M5-BOUND-419,BR06 靠近—检查同意—空间—最低连接—回归｜路径定义,L8 边界治理闭环路径,BOUND-BR路径,通用,路径,BR06,BC03、BC10、BM08,起点、知情、同意／反馈、执行和复核至少三个节点有独立现实证据。,只有命理流通、规则文本或单方愿望，没有双方现实行为。,由共享基础引擎、M3-BOUND与M5-BASE提供；只修正用户需要怎样的自主、共享、授权与空间结构，不直接判断具体关系现实中公平或安全。,M2只说明谁容易进入关系及资格证据；不能替代具体对象的同意、边界、资源和权力行为验证。,M3-BASE与M3-BOUND提供用户自然靠近、共享和边界通道；M5-BOUND负责判断双方如何共同治理。,无／按本规则指定的提议—知情—同意—执行—复核—重订路径路由。,近位、远位只修正该边界需求进入亲密关系核心的可能；不得据此判断具体伴侣一定尊重或越界。,根气只修正用户边界需求是否稳定重复，不等于双方已形成成熟治理。,旺弱只修正某项自主、共享、规则或空间功能的调用强度，不直接等于控制、回避或适配质量。,喜忌只修正功能调用顺畅度与摩擦，不可直接翻译为理想伴侣五行、十神或必然互补。,真合化成立时按化神功能重算边界需求；合化争议时停止细化边界画像。,近位提高该边界议题进入关系核心的可能；远位只保留背景或阶段性观察。,88,BR候选 +8,boundary_path,亲密靠近时持续确认，需空间时说明范围，保留最低连接并按约回归。,较成熟的治理顺序是：亲密靠近时持续确认，需空间时说明范围，保留最低连接并按约回归。,不得仅凭本规则推出某人必然控制、回避、依赖、忠诚或适合结婚；不得把亲密解释为无隐私，把保护解释为替代决定，把贡献多少解释为决策权大小。现实安全、明确同意、可撤回性、持续行为、反例与双方意愿优先。,中高,待验证,,boundary_path=BR06; use_case=适合亲密、低频连接和冲突降温。; provisional=true; rule_group=BOUND-BR路径,0.5
M5-BOUND-420,BR06 靠近—检查同意—空间—最低连接—回归｜断链与验证,L8 边界治理闭环路径,BOUND-BR路径,通用,验证,BR06,BC03、BC10、BM08,使用场景：适合亲密、低频连接和冲突降温。,把提议、规则、暂停或一次同意直接写成完整闭环。,由共享基础引擎、M3-BOUND与M5-BASE提供；只修正用户需要怎样的自主、共享、授权与空间结构，不直接判断具体关系现实中公平或安全。,M2只说明谁容易进入关系及资格证据；不能替代具体对象的同意、边界、资源和权力行为验证。,M3-BASE与M3-BOUND提供用户自然靠近、共享和边界通道；M5-BOUND负责判断双方如何共同治理。,无／按本规则指定的提议—知情—同意—执行—复核—重订路径路由。,近位、远位只修正该边界需求进入亲密关系核心的可能；不得据此判断具体伴侣一定尊重或越界。,根气只修正用户边界需求是否稳定重复，不等于双方已形成成熟治理。,旺弱只修正某项自主、共享、规则或空间功能的调用强度，不直接等于控制、回避或适配质量。,喜忌只修正功能调用顺畅度与摩擦，不可直接翻译为理想伴侣五行、十神或必然互补。,真合化成立时按化神功能重算边界需求；合化争议时停止细化边界画像。,近位提高该边界议题进入关系核心的可能；远位只保留背景或阶段性观察。,92,断链风险 +12／完整回流 +10,boundary_path_status,检查亲密靠近时持续确认，需空间时说明范围，保留最低连接并按约回归。中具体缺少哪个节点；第一步成功不等于边界结构长期成立。,需要继续确认这条边界路径是否真正走到复核、归还或重新开放。,不得仅凭本规则推出某人必然控制、回避、依赖、忠诚或适合结婚；不得把亲密解释为无隐私，把保护解释为替代决定，把贡献多少解释为决策权大小。现实安全、明确同意、可撤回性、持续行为、反例与双方意愿优先。,中高,待验证,,boundary_path=BR06; path_validation=true; provisional=true; rule_group=BOUND-BR路径,0.5
M5-BOUND-421,BR07 越界反馈—立即停止—承认影响—归还权力—新规则｜路径定义,L8 边界治理闭环路径,BOUND-BR路径,通用,路径,BR07,BO10、BV6、DG10,起点、知情、同意／反馈、执行和复核至少三个节点有独立现实证据。,只有命理流通、规则文本或单方愿望，没有双方现实行为。,由共享基础引擎、M3-BOUND与M5-BASE提供；只修正用户需要怎样的自主、共享、授权与空间结构，不直接判断具体关系现实中公平或安全。,M2只说明谁容易进入关系及资格证据；不能替代具体对象的同意、边界、资源和权力行为验证。,M3-BASE与M3-BOUND提供用户自然靠近、共享和边界通道；M5-BOUND负责判断双方如何共同治理。,无／按本规则指定的提议—知情—同意—执行—复核—重订路径路由。,近位、远位只修正该边界需求进入亲密关系核心的可能；不得据此判断具体伴侣一定尊重或越界。,根气只修正用户边界需求是否稳定重复，不等于双方已形成成熟治理。,旺弱只修正某项自主、共享、规则或空间功能的调用强度，不直接等于控制、回避或适配质量。,喜忌只修正功能调用顺畅度与摩擦，不可直接翻译为理想伴侣五行、十神或必然互补。,真合化成立时按化神功能重算边界需求；合化争议时停止细化边界画像。,近位提高该边界议题进入关系核心的可能；远位只保留背景或阶段性观察。,88,BR候选 +8,boundary_path,出现越界后先停止行为，再承担、归还权限、形成新规则并回访。,较成熟的治理顺序是：出现越界后先停止行为，再承担、归还权限、形成新规则并回访。,不得仅凭本规则推出某人必然控制、回避、依赖、忠诚或适合结婚；不得把亲密解释为无隐私，把保护解释为替代决定，把贡献多少解释为决策权大小。现实安全、明确同意、可撤回性、持续行为、反例与双方意愿优先。,中高,待验证,,boundary_path=BR07; use_case=适合一般边界越界修复；安全事件另行停止。; provisional=true; rule_group=BOUND-BR路径,0.5
M5-BOUND-422,BR07 越界反馈—立即停止—承认影响—归还权力—新规则｜断链与验证,L8 边界治理闭环路径,BOUND-BR路径,通用,验证,BR07,BO10、BV6、DG10,使用场景：适合一般边界越界修复；安全事件另行停止。,把提议、规则、暂停或一次同意直接写成完整闭环。,由共享基础引擎、M3-BOUND与M5-BASE提供；只修正用户需要怎样的自主、共享、授权与空间结构，不直接判断具体关系现实中公平或安全。,M2只说明谁容易进入关系及资格证据；不能替代具体对象的同意、边界、资源和权力行为验证。,M3-BASE与M3-BOUND提供用户自然靠近、共享和边界通道；M5-BOUND负责判断双方如何共同治理。,无／按本规则指定的提议—知情—同意—执行—复核—重订路径路由。,近位、远位只修正该边界需求进入亲密关系核心的可能；不得据此判断具体伴侣一定尊重或越界。,根气只修正用户边界需求是否稳定重复，不等于双方已形成成熟治理。,旺弱只修正某项自主、共享、规则或空间功能的调用强度，不直接等于控制、回避或适配质量。,喜忌只修正功能调用顺畅度与摩擦，不可直接翻译为理想伴侣五行、十神或必然互补。,真合化成立时按化神功能重算边界需求；合化争议时停止细化边界画像。,近位提高该边界议题进入关系核心的可能；远位只保留背景或阶段性观察。,92,断链风险 +12／完整回流 +10,boundary_path_status,检查出现越界后先停止行为，再承担、归还权限、形成新规则并回访。中具体缺少哪个节点；第一步成功不等于边界结构长期成立。,需要继续确认这条边界路径是否真正走到复核、归还或重新开放。,不得仅凭本规则推出某人必然控制、回避、依赖、忠诚或适合结婚；不得把亲密解释为无隐私，把保护解释为替代决定，把贡献多少解释为决策权大小。现实安全、明确同意、可撤回性、持续行为、反例与双方意愿优先。,中高,待验证,,boundary_path=BR07; path_validation=true; provisional=true; rule_group=BOUND-BR路径,0.5
M5-BOUND-423,BR08 第三方介入—说明影响—共同边界—执行—回访｜路径定义,L8 边界治理闭环路径,BOUND-BR路径,通用,路径,BR08,BO09、DG08,起点、知情、同意／反馈、执行和复核至少三个节点有独立现实证据。,只有命理流通、规则文本或单方愿望，没有双方现实行为。,由共享基础引擎、M3-BOUND与M5-BASE提供；只修正用户需要怎样的自主、共享、授权与空间结构，不直接判断具体关系现实中公平或安全。,M2只说明谁容易进入关系及资格证据；不能替代具体对象的同意、边界、资源和权力行为验证。,M3-BASE与M3-BOUND提供用户自然靠近、共享和边界通道；M5-BOUND负责判断双方如何共同治理。,无／按本规则指定的提议—知情—同意—执行—复核—重订路径路由。,近位、远位只修正该边界需求进入亲密关系核心的可能；不得据此判断具体伴侣一定尊重或越界。,根气只修正用户边界需求是否稳定重复，不等于双方已形成成熟治理。,旺弱只修正某项自主、共享、规则或空间功能的调用强度，不直接等于控制、回避或适配质量。,喜忌只修正功能调用顺畅度与摩擦，不可直接翻译为理想伴侣五行、十神或必然互补。,真合化成立时按化神功能重算边界需求；合化争议时停止细化边界画像。,近位提高该边界议题进入关系核心的可能；远位只保留背景或阶段性观察。,88,BR候选 +8,boundary_path,家庭、朋友、孩子或机构介入前说明影响，共同决定边界并复核。,较成熟的治理顺序是：家庭、朋友、孩子或机构介入前说明影响，共同决定边界并复核。,不得仅凭本规则推出某人必然控制、回避、依赖、忠诚或适合结婚；不得把亲密解释为无隐私，把保护解释为替代决定，把贡献多少解释为决策权大小。现实安全、明确同意、可撤回性、持续行为、反例与双方意愿优先。,中高,待验证,,boundary_path=BR08; use_case=适合原生家庭、照护和共同责任。; provisional=true; rule_group=BOUND-BR路径,0.5
M5-BOUND-424,BR08 第三方介入—说明影响—共同边界—执行—回访｜断链与验证,L8 边界治理闭环路径,BOUND-BR路径,通用,验证,BR08,BO09、DG08,使用场景：适合原生家庭、照护和共同责任。,把提议、规则、暂停或一次同意直接写成完整闭环。,由共享基础引擎、M3-BOUND与M5-BASE提供；只修正用户需要怎样的自主、共享、授权与空间结构，不直接判断具体关系现实中公平或安全。,M2只说明谁容易进入关系及资格证据；不能替代具体对象的同意、边界、资源和权力行为验证。,M3-BASE与M3-BOUND提供用户自然靠近、共享和边界通道；M5-BOUND负责判断双方如何共同治理。,无／按本规则指定的提议—知情—同意—执行—复核—重订路径路由。,近位、远位只修正该边界需求进入亲密关系核心的可能；不得据此判断具体伴侣一定尊重或越界。,根气只修正用户边界需求是否稳定重复，不等于双方已形成成熟治理。,旺弱只修正某项自主、共享、规则或空间功能的调用强度，不直接等于控制、回避或适配质量。,喜忌只修正功能调用顺畅度与摩擦，不可直接翻译为理想伴侣五行、十神或必然互补。,真合化成立时按化神功能重算边界需求；合化争议时停止细化边界画像。,近位提高该边界议题进入关系核心的可能；远位只保留背景或阶段性观察。,92,断链风险 +12／完整回流 +10,boundary_path_status,检查家庭、朋友、孩子或机构介入前说明影响，共同决定边界并复核。中具体缺少哪个节点；第一步成功不等于边界结构长期成立。,需要继续确认这条边界路径是否真正走到复核、归还或重新开放。,不得仅凭本规则推出某人必然控制、回避、依赖、忠诚或适合结婚；不得把亲密解释为无隐私，把保护解释为替代决定，把贡献多少解释为决策权大小。现实安全、明确同意、可撤回性、持续行为、反例与双方意愿优先。,中高,待验证,,boundary_path=BR08; path_validation=true; provisional=true; rule_group=BOUND-BR路径,0.5
M5-BOUND-425,M5-BASE主FN转主BC,L9 状态、接口、去重与停止,BOUND-接口门控,通用,接口,M5-BASE主FN转主BC,,M5-BASE主FN可靠。,直接改换为另一显眼通道。,由共享基础引擎、M3-BOUND与M5-BASE提供；只修正用户需要怎样的自主、共享、授权与空间结构，不直接判断具体关系现实中公平或安全。,M2只说明谁容易进入关系及资格证据；不能替代具体对象的同意、边界、资源和权力行为验证。,M3-BASE与M3-BOUND提供用户自然靠近、共享和边界通道；M5-BOUND负责判断双方如何共同治理。,无／按本规则指定的提议—知情—同意—执行—复核—重订路径路由。,近位、远位只修正该边界需求进入亲密关系核心的可能；不得据此判断具体伴侣一定尊重或越界。,根气只修正用户边界需求是否稳定重复，不等于双方已形成成熟治理。,旺弱只修正某项自主、共享、规则或空间功能的调用强度，不直接等于控制、回避或适配质量。,喜忌只修正功能调用顺畅度与摩擦，不可直接翻译为理想伴侣五行、十神或必然互补。,真合化成立时按化神功能重算边界需求；合化争议时停止细化边界画像。,近位提高该边界议题进入关系核心的可能；远位只保留背景或阶段性观察。,86,不加分；接口／状态／去重,primary_boundary_channel,FN与BC同功能映射；现实对象、交换和M4资料再修正治理方式。,主边界通道先从你的核心适配需要出发。,不得仅凭本规则推出某人必然控制、回避、依赖、忠诚或适合结婚；不得把亲密解释为无隐私，把保护解释为替代决定，把贡献多少解释为决策权大小。现实安全、明确同意、可撤回性、持续行为、反例与双方意愿优先。,中高,待验证,,interface_state_rule=true; provisional=true; rule_group=BOUND-接口门控,0.5
M5-BOUND-426,M5-BASE次FN转次BC,L9 状态、接口、去重与停止,BOUND-接口门控,通用,接口,M5-BASE次FN转次BC,,次FN来源独立、功能不同。,同义重复或正文超过一次。,由共享基础引擎、M3-BOUND与M5-BASE提供；只修正用户需要怎样的自主、共享、授权与空间结构，不直接判断具体关系现实中公平或安全。,M2只说明谁容易进入关系及资格证据；不能替代具体对象的同意、边界、资源和权力行为验证。,M3-BASE与M3-BOUND提供用户自然靠近、共享和边界通道；M5-BOUND负责判断双方如何共同治理。,无／按本规则指定的提议—知情—同意—执行—复核—重订路径路由。,近位、远位只修正该边界需求进入亲密关系核心的可能；不得据此判断具体伴侣一定尊重或越界。,根气只修正用户边界需求是否稳定重复，不等于双方已形成成熟治理。,旺弱只修正某项自主、共享、规则或空间功能的调用强度，不直接等于控制、回避或适配质量。,喜忌只修正功能调用顺畅度与摩擦，不可直接翻译为理想伴侣五行、十神或必然互补。,真合化成立时按化神功能重算边界需求；合化争议时停止细化边界画像。,近位提高该边界议题进入关系核心的可能；远位只保留背景或阶段性观察。,86,不加分；接口／状态／去重,secondary_boundary_channel,次通道只保留一项独立支持功能。,次级边界条件只保留一项真正不同的支持。,不得仅凭本规则推出某人必然控制、回避、依赖、忠诚或适合结婚；不得把亲密解释为无隐私，把保护解释为替代决定，把贡献多少解释为决策权大小。现实安全、明确同意、可撤回性、持续行为、反例与双方意愿优先。,中高,待验证,,interface_state_rule=true; provisional=true; rule_group=BOUND-接口门控,0.5
M5-BOUND-427,M5-PARTNER PS状态接口,L9 状态、接口、去重与停止,BOUND-接口门控,通用,接口,M5-PARTNER PS状态接口,,具体对象PS状态可用。,把个人功能成熟直接写成双方边界成熟。,由共享基础引擎、M3-BOUND与M5-BASE提供；只修正用户需要怎样的自主、共享、授权与空间结构，不直接判断具体关系现实中公平或安全。,M2只说明谁容易进入关系及资格证据；不能替代具体对象的同意、边界、资源和权力行为验证。,M3-BASE与M3-BOUND提供用户自然靠近、共享和边界通道；M5-BOUND负责判断双方如何共同治理。,无／按本规则指定的提议—知情—同意—执行—复核—重订路径路由。,近位、远位只修正该边界需求进入亲密关系核心的可能；不得据此判断具体伴侣一定尊重或越界。,根气只修正用户边界需求是否稳定重复，不等于双方已形成成熟治理。,旺弱只修正某项自主、共享、规则或空间功能的调用强度，不直接等于控制、回避或适配质量。,喜忌只修正功能调用顺畅度与摩擦，不可直接翻译为理想伴侣五行、十神或必然互补。,真合化成立时按化神功能重算边界需求；合化争议时停止细化边界画像。,近位提高该边界议题进入关系核心的可能；远位只保留背景或阶段性观察。,86,不加分；接口／状态／去重,partner_boundary_interface,PS说明对象怎样使用功能；BOUND继续看同意、决定、资源和权力。,对方看起来尊重边界，还要看双方共同事项怎样决定。,不得仅凭本规则推出某人必然控制、回避、依赖、忠诚或适合结婚；不得把亲密解释为无隐私，把保护解释为替代决定，把贡献多少解释为决策权大小。现实安全、明确同意、可撤回性、持续行为、反例与双方意愿优先。,中高,待验证,,interface_state_rule=true; provisional=true; rule_group=BOUND-接口门控,0.5
M5-BOUND-428,M5-PARTNER PV与BV分开,L9 状态、接口、去重与停止,BOUND-接口门控,通用,去重,M5-PARTNER PV与BV分开,,PV资料可用。,把个人PV直接等同双人BV。,由共享基础引擎、M3-BOUND与M5-BASE提供；只修正用户需要怎样的自主、共享、授权与空间结构，不直接判断具体关系现实中公平或安全。,M2只说明谁容易进入关系及资格证据；不能替代具体对象的同意、边界、资源和权力行为验证。,M3-BASE与M3-BOUND提供用户自然靠近、共享和边界通道；M5-BOUND负责判断双方如何共同治理。,无／按本规则指定的提议—知情—同意—执行—复核—重订路径路由。,近位、远位只修正该边界需求进入亲密关系核心的可能；不得据此判断具体伴侣一定尊重或越界。,根气只修正用户边界需求是否稳定重复，不等于双方已形成成熟治理。,旺弱只修正某项自主、共享、规则或空间功能的调用强度，不直接等于控制、回避或适配质量。,喜忌只修正功能调用顺畅度与摩擦，不可直接翻译为理想伴侣五行、十神或必然互补。,真合化成立时按化神功能重算边界需求；合化争议时停止细化边界画像。,近位提高该边界议题进入关系核心的可能；远位只保留背景或阶段性观察。,86,不加分；接口／状态／去重,boundary_evidence_level,PV是个体行为证据；BV需要双方拒绝、决定、授权、资源和修复事件。,一个人平时表现好，不等于双方边界已经稳定。,不得仅凭本规则推出某人必然控制、回避、依赖、忠诚或适合结婚；不得把亲密解释为无隐私，把保护解释为替代决定，把贡献多少解释为决策权大小。现实安全、明确同意、可撤回性、持续行为、反例与双方意愿优先。,高,待验证,,interface_state_rule=true; provisional=true; rule_group=BOUND-接口门控,0.5
M5-BOUND-429,M5-EXCHANGE主EC接口,L9 状态、接口、去重与停止,BOUND-接口门控,通用,接口,M5-EXCHANGE主EC接口,,EXCHANGE主EC可靠。,直接把交换通道等同边界通道。,由共享基础引擎、M3-BOUND与M5-BASE提供；只修正用户需要怎样的自主、共享、授权与空间结构，不直接判断具体关系现实中公平或安全。,M2只说明谁容易进入关系及资格证据；不能替代具体对象的同意、边界、资源和权力行为验证。,M3-BASE与M3-BOUND提供用户自然靠近、共享和边界通道；M5-BOUND负责判断双方如何共同治理。,无／按本规则指定的提议—知情—同意—执行—复核—重订路径路由。,近位、远位只修正该边界需求进入亲密关系核心的可能；不得据此判断具体伴侣一定尊重或越界。,根气只修正用户边界需求是否稳定重复，不等于双方已形成成熟治理。,旺弱只修正某项自主、共享、规则或空间功能的调用强度，不直接等于控制、回避或适配质量。,喜忌只修正功能调用顺畅度与摩擦，不可直接翻译为理想伴侣五行、十神或必然互补。,真合化成立时按化神功能重算边界需求；合化争议时停止细化边界画像。,近位提高该边界议题进入关系核心的可能；远位只保留背景或阶段性观察。,86,不加分；接口／状态／去重,exchange_bound_interface,EC说明怎样交换；BC继续判断谁有决定权、同意和撤回。,会付出和会协作，还要看是否尊重选择权。,不得仅凭本规则推出某人必然控制、回避、依赖、忠诚或适合结婚；不得把亲密解释为无隐私，把保护解释为替代决定，把贡献多少解释为决策权大小。现实安全、明确同意、可撤回性、持续行为、反例与双方意愿优先。,中高,待验证,,interface_state_rule=true; provisional=true; rule_group=BOUND-接口门控,0.5
M5-BOUND-430,M5-EXCHANGE XR状态接口,L9 状态、接口、去重与停止,BOUND-接口门控,通用,接口,M5-EXCHANGE XR状态接口,,XR状态可用。,把交换公平直接写成边界公平。,由共享基础引擎、M3-BOUND与M5-BASE提供；只修正用户需要怎样的自主、共享、授权与空间结构，不直接判断具体关系现实中公平或安全。,M2只说明谁容易进入关系及资格证据；不能替代具体对象的同意、边界、资源和权力行为验证。,M3-BASE与M3-BOUND提供用户自然靠近、共享和边界通道；M5-BOUND负责判断双方如何共同治理。,无／按本规则指定的提议—知情—同意—执行—复核—重订路径路由。,近位、远位只修正该边界需求进入亲密关系核心的可能；不得据此判断具体伴侣一定尊重或越界。,根气只修正用户边界需求是否稳定重复，不等于双方已形成成熟治理。,旺弱只修正某项自主、共享、规则或空间功能的调用强度，不直接等于控制、回避或适配质量。,喜忌只修正功能调用顺畅度与摩擦，不可直接翻译为理想伴侣五行、十神或必然互补。,真合化成立时按化神功能重算边界需求；合化争议时停止细化边界画像。,近位提高该边界议题进入关系核心的可能；远位只保留背景或阶段性观察。,86,不加分；接口／状态／去重,exchange_bound_interface,XR提供负荷与互惠背景；BS需要独立决定权与同意证据。,交换看起来平衡，也要看决定权是否平等。,不得仅凭本规则推出某人必然控制、回避、依赖、忠诚或适合结婚；不得把亲密解释为无隐私，把保护解释为替代决定，把贡献多少解释为决策权大小。现实安全、明确同意、可撤回性、持续行为、反例与双方意愿优先。,中高,待验证,,interface_state_rule=true; provisional=true; rule_group=BOUND-接口门控,0.5
M5-BOUND-431,M5-EXCHANGE XV与BV分开,L9 状态、接口、去重与停止,BOUND-接口门控,通用,去重,M5-EXCHANGE XV与BV分开,,XV资料可用。,把交换事件直接当成边界事件。,由共享基础引擎、M3-BOUND与M5-BASE提供；只修正用户需要怎样的自主、共享、授权与空间结构，不直接判断具体关系现实中公平或安全。,M2只说明谁容易进入关系及资格证据；不能替代具体对象的同意、边界、资源和权力行为验证。,M3-BASE与M3-BOUND提供用户自然靠近、共享和边界通道；M5-BOUND负责判断双方如何共同治理。,无／按本规则指定的提议—知情—同意—执行—复核—重订路径路由。,近位、远位只修正该边界需求进入亲密关系核心的可能；不得据此判断具体伴侣一定尊重或越界。,根气只修正用户边界需求是否稳定重复，不等于双方已形成成熟治理。,旺弱只修正某项自主、共享、规则或空间功能的调用强度，不直接等于控制、回避或适配质量。,喜忌只修正功能调用顺畅度与摩擦，不可直接翻译为理想伴侣五行、十神或必然互补。,真合化成立时按化神功能重算边界需求；合化争议时停止细化边界画像。,近位提高该边界议题进入关系核心的可能；远位只保留背景或阶段性观察。,86,不加分；接口／状态／去重,boundary_evidence_level,同一event_id只计一次；若包含明确拒绝、授权或权力变化才进入BV。,不是每次付出事件都能证明边界成熟。,不得仅凭本规则推出某人必然控制、回避、依赖、忠诚或适合结婚；不得把亲密解释为无隐私，把保护解释为替代决定，把贡献多少解释为决策权大小。现实安全、明确同意、可撤回性、持续行为、反例与双方意愿优先。,高,待验证,,interface_state_rule=true; provisional=true; rule_group=BOUND-接口门控,0.5
M5-BOUND-432,M3-BOUND主通道接口,L9 状态、接口、去重与停止,BOUND-接口门控,通用,接口,M3-BOUND主通道接口,,M3-BOUND主通道可靠。,用个人惯性直接判断双方结构。,由共享基础引擎、M3-BOUND与M5-BASE提供；只修正用户需要怎样的自主、共享、授权与空间结构，不直接判断具体关系现实中公平或安全。,M2只说明谁容易进入关系及资格证据；不能替代具体对象的同意、边界、资源和权力行为验证。,M3-BASE与M3-BOUND提供用户自然靠近、共享和边界通道；M5-BOUND负责判断双方如何共同治理。,无／按本规则指定的提议—知情—同意—执行—复核—重订路径路由。,近位、远位只修正该边界需求进入亲密关系核心的可能；不得据此判断具体伴侣一定尊重或越界。,根气只修正用户边界需求是否稳定重复，不等于双方已形成成熟治理。,旺弱只修正某项自主、共享、规则或空间功能的调用强度，不直接等于控制、回避或适配质量。,喜忌只修正功能调用顺畅度与摩擦，不可直接翻译为理想伴侣五行、十神或必然互补。,真合化成立时按化神功能重算边界需求；合化争议时停止细化边界画像。,近位提高该边界议题进入关系核心的可能；远位只保留背景或阶段性观察。,86,不加分；接口／状态／去重,m3_bound_interface,M3主通道提供用户自然需求，M5加入对象、领域和治理机制。,你习惯怎样设边界，会影响需要什么结构，但还要看对方怎样配合。,不得仅凭本规则推出某人必然控制、回避、依赖、忠诚或适合结婚；不得把亲密解释为无隐私，把保护解释为替代决定，把贡献多少解释为决策权大小。现实安全、明确同意、可撤回性、持续行为、反例与双方意愿优先。,中高,待验证,,interface_state_rule=true; provisional=true; rule_group=BOUND-接口门控,0.5
M5-BOUND-433,M3-BOUND距离节奏接口,L9 状态、接口、去重与停止,BOUND-接口门控,通用,接口,M3-BOUND距离节奏接口,,M3-BOUND距离节奏可靠。,把需要空间直接写成回避，或把靠近直接写成依赖。,由共享基础引擎、M3-BOUND与M5-BASE提供；只修正用户需要怎样的自主、共享、授权与空间结构，不直接判断具体关系现实中公平或安全。,M2只说明谁容易进入关系及资格证据；不能替代具体对象的同意、边界、资源和权力行为验证。,M3-BASE与M3-BOUND提供用户自然靠近、共享和边界通道；M5-BOUND负责判断双方如何共同治理。,无／按本规则指定的提议—知情—同意—执行—复核—重订路径路由。,近位、远位只修正该边界需求进入亲密关系核心的可能；不得据此判断具体伴侣一定尊重或越界。,根气只修正用户边界需求是否稳定重复，不等于双方已形成成熟治理。,旺弱只修正某项自主、共享、规则或空间功能的调用强度，不直接等于控制、回避或适配质量。,喜忌只修正功能调用顺畅度与摩擦，不可直接翻译为理想伴侣五行、十神或必然互补。,真合化成立时按化神功能重算边界需求；合化争议时停止细化边界画像。,近位提高该边界议题进入关系核心的可能；远位只保留背景或阶段性观察。,86,不加分；接口／状态／去重,space_return_agreement,路由BM07／BM08和BR06，必须检查最低连接与回归。,空间和靠近都可以健康，关键是节奏是否可协商、能回归。,不得仅凭本规则推出某人必然控制、回避、依赖、忠诚或适合结婚；不得把亲密解释为无隐私，把保护解释为替代决定，把贡献多少解释为决策权大小。现实安全、明确同意、可撤回性、持续行为、反例与双方意愿优先。,中高,待验证,,interface_state_rule=true; provisional=true; rule_group=BOUND-接口门控,0.5
M5-BOUND-434,M3-CARE支持边界接口,L9 状态、接口、去重与停止,BOUND-接口门控,通用,接口,M3-CARE支持边界接口,,M3-CARE给予、请求和接收方式可用。,把照顾多直接写成边界好。,由共享基础引擎、M3-BOUND与M5-BASE提供；只修正用户需要怎样的自主、共享、授权与空间结构，不直接判断具体关系现实中公平或安全。,M2只说明谁容易进入关系及资格证据；不能替代具体对象的同意、边界、资源和权力行为验证。,M3-BASE与M3-BOUND提供用户自然靠近、共享和边界通道；M5-BOUND负责判断双方如何共同治理。,无／按本规则指定的提议—知情—同意—执行—复核—重订路径路由。,近位、远位只修正该边界需求进入亲密关系核心的可能；不得据此判断具体伴侣一定尊重或越界。,根气只修正用户边界需求是否稳定重复，不等于双方已形成成熟治理。,旺弱只修正某项自主、共享、规则或空间功能的调用强度，不直接等于控制、回避或适配质量。,喜忌只修正功能调用顺畅度与摩擦，不可直接翻译为理想伴侣五行、十神或必然互补。,真合化成立时按化神功能重算边界需求；合化争议时停止细化边界画像。,近位提高该边界议题进入关系核心的可能；远位只保留背景或阶段性观察。,86,不加分；接口／状态／去重,support_autonomy,检查帮助前同意、过程中反馈和结束后自主恢复。,照顾越多，越要确认对方仍有选择和拒绝权。,不得仅凭本规则推出某人必然控制、回避、依赖、忠诚或适合结婚；不得把亲密解释为无隐私，把保护解释为替代决定，把贡献多少解释为决策权大小。现实安全、明确同意、可撤回性、持续行为、反例与双方意愿优先。,中高,待验证,,interface_state_rule=true; provisional=true; rule_group=BOUND-接口门控,0.5
M5-BOUND-435,M3-CONFLICT暂停接口,L9 状态、接口、去重与停止,BOUND-接口门控,通用,接口,M3-CONFLICT暂停接口,,M3-CONFLICT存在暂停或决断顺序。,把暂停自动写成冷战或成熟空间。,由共享基础引擎、M3-BOUND与M5-BASE提供；只修正用户需要怎样的自主、共享、授权与空间结构，不直接判断具体关系现实中公平或安全。,M2只说明谁容易进入关系及资格证据；不能替代具体对象的同意、边界、资源和权力行为验证。,M3-BASE与M3-BOUND提供用户自然靠近、共享和边界通道；M5-BOUND负责判断双方如何共同治理。,无／按本规则指定的提议—知情—同意—执行—复核—重订路径路由。,近位、远位只修正该边界需求进入亲密关系核心的可能；不得据此判断具体伴侣一定尊重或越界。,根气只修正用户边界需求是否稳定重复，不等于双方已形成成熟治理。,旺弱只修正某项自主、共享、规则或空间功能的调用强度，不直接等于控制、回避或适配质量。,喜忌只修正功能调用顺畅度与摩擦，不可直接翻译为理想伴侣五行、十神或必然互补。,真合化成立时按化神功能重算边界需求；合化争议时停止细化边界画像。,近位提高该边界议题进入关系核心的可能；远位只保留背景或阶段性观察。,86,不加分；接口／状态／去重,space_return_agreement,暂停必须有目的、范围、最低连接和回归点。,暂停本身不是问题，关键是能不能回来。,不得仅凭本规则推出某人必然控制、回避、依赖、忠诚或适合结婚；不得把亲密解释为无隐私，把保护解释为替代决定，把贡献多少解释为决策权大小。现实安全、明确同意、可撤回性、持续行为、反例与双方意愿优先。,中高,待验证,,interface_state_rule=true; provisional=true; rule_group=BOUND-接口门控,0.5
M5-BOUND-436,M4 K01过用路由,L9 状态、接口、去重与停止,BOUND-接口门控,通用,接口,M4 K01过用路由,,K01过用放大候选成立。,没有现实边界任务或第二功能缺位。,由共享基础引擎、M3-BOUND与M5-BASE提供；只修正用户需要怎样的自主、共享、授权与空间结构，不直接判断具体关系现实中公平或安全。,M2只说明谁容易进入关系及资格证据；不能替代具体对象的同意、边界、资源和权力行为验证。,M3-BASE与M3-BOUND提供用户自然靠近、共享和边界通道；M5-BOUND负责判断双方如何共同治理。,无／按本规则指定的提议—知情—同意—执行—复核—重订路径路由。,近位、远位只修正该边界需求进入亲密关系核心的可能；不得据此判断具体伴侣一定尊重或越界。,根气只修正用户边界需求是否稳定重复，不等于双方已形成成熟治理。,旺弱只修正某项自主、共享、规则或空间功能的调用强度，不直接等于控制、回避或适配质量。,喜忌只修正功能调用顺畅度与摩擦，不可直接翻译为理想伴侣五行、十神或必然互补。,真合化成立时按化神功能重算边界需求；合化争议时停止细化边界画像。,近位提高该边界议题进入关系核心的可能；远位只保留背景或阶段性观察。,86,不加分；接口／状态／去重,boundary_risk_warning,优先检查强通道是否抢占BO02、BO04或BO10。,需要看某项能力是否挤压了共同决定、撤回和修复。,不得仅凭本规则推出某人必然控制、回避、依赖、忠诚或适合结婚；不得把亲密解释为无隐私，把保护解释为替代决定，把贡献多少解释为决策权大小。现实安全、明确同意、可撤回性、持续行为、反例与双方意愿优先。,中高,待验证,,interface_state_rule=true; provisional=true; rule_group=BOUND-接口门控,0.5
M5-BOUND-437,M4 K02不足路由,L9 状态、接口、去重与停止,BOUND-接口门控,通用,接口,M4 K02不足路由,,K02功能不足候选成立。,有其他等价功能完成任务。,由共享基础引擎、M3-BOUND与M5-BASE提供；只修正用户需要怎样的自主、共享、授权与空间结构，不直接判断具体关系现实中公平或安全。,M2只说明谁容易进入关系及资格证据；不能替代具体对象的同意、边界、资源和权力行为验证。,M3-BASE与M3-BOUND提供用户自然靠近、共享和边界通道；M5-BOUND负责判断双方如何共同治理。,无／按本规则指定的提议—知情—同意—执行—复核—重订路径路由。,近位、远位只修正该边界需求进入亲密关系核心的可能；不得据此判断具体伴侣一定尊重或越界。,根气只修正用户边界需求是否稳定重复，不等于双方已形成成熟治理。,旺弱只修正某项自主、共享、规则或空间功能的调用强度，不直接等于控制、回避或适配质量。,喜忌只修正功能调用顺畅度与摩擦，不可直接翻译为理想伴侣五行、十神或必然互补。,真合化成立时按化神功能重算边界需求；合化争议时停止细化边界画像。,近位提高该边界议题进入关系核心的可能；远位只保留背景或阶段性观察。,86,不加分；接口／状态／去重,boundary_mode,把不足转成明确补位领域，不用找完全相反的人。,真正需要补的是具体边界功能，不是某种人格。,不得仅凭本规则推出某人必然控制、回避、依赖、忠诚或适合结婚；不得把亲密解释为无隐私，把保护解释为替代决定，把贡献多少解释为决策权大小。现实安全、明确同意、可撤回性、持续行为、反例与双方意愿优先。,中高,待验证,,interface_state_rule=true; provisional=true; rule_group=BOUND-接口门控,0.5
M5-BOUND-438,M4 K03替代路由,L9 状态、接口、去重与停止,BOUND-接口门控,通用,接口,M4 K03替代路由,,K03单通道替代候选成立。,被替代功能已现实完成。,由共享基础引擎、M3-BOUND与M5-BASE提供；只修正用户需要怎样的自主、共享、授权与空间结构，不直接判断具体关系现实中公平或安全。,M2只说明谁容易进入关系及资格证据；不能替代具体对象的同意、边界、资源和权力行为验证。,M3-BASE与M3-BOUND提供用户自然靠近、共享和边界通道；M5-BOUND负责判断双方如何共同治理。,无／按本规则指定的提议—知情—同意—执行—复核—重订路径路由。,近位、远位只修正该边界需求进入亲密关系核心的可能；不得据此判断具体伴侣一定尊重或越界。,根气只修正用户边界需求是否稳定重复，不等于双方已形成成熟治理。,旺弱只修正某项自主、共享、规则或空间功能的调用强度，不直接等于控制、回避或适配质量。,喜忌只修正功能调用顺畅度与摩擦，不可直接翻译为理想伴侣五行、十神或必然互补。,真合化成立时按化神功能重算边界需求；合化争议时停止细化边界画像。,近位提高该边界议题进入关系核心的可能；远位只保留背景或阶段性观察。,86,不加分；接口／状态／去重,boundary_path,检查保护、规则、照顾、共享或空间是否替代同意、协商或回归。,某种好意不能替代另一项必要边界步骤。,不得仅凭本规则推出某人必然控制、回避、依赖、忠诚或适合结婚；不得把亲密解释为无隐私，把保护解释为替代决定，把贡献多少解释为决策权大小。现实安全、明确同意、可撤回性、持续行为、反例与双方意愿优先。,中高,待验证,,interface_state_rule=true; provisional=true; rule_group=BOUND-接口门控,0.5
M5-BOUND-439,M4 K04顺序错位路由,L9 状态、接口、去重与停止,BOUND-接口门控,通用,接口,M4 K04顺序错位路由,,K04处理顺序错位候选成立。,后续必要功能已经稳定回流。,由共享基础引擎、M3-BOUND与M5-BASE提供；只修正用户需要怎样的自主、共享、授权与空间结构，不直接判断具体关系现实中公平或安全。,M2只说明谁容易进入关系及资格证据；不能替代具体对象的同意、边界、资源和权力行为验证。,M3-BASE与M3-BOUND提供用户自然靠近、共享和边界通道；M5-BOUND负责判断双方如何共同治理。,无／按本规则指定的提议—知情—同意—执行—复核—重订路径路由。,近位、远位只修正该边界需求进入亲密关系核心的可能；不得据此判断具体伴侣一定尊重或越界。,根气只修正用户边界需求是否稳定重复，不等于双方已形成成熟治理。,旺弱只修正某项自主、共享、规则或空间功能的调用强度，不直接等于控制、回避或适配质量。,喜忌只修正功能调用顺畅度与摩擦，不可直接翻译为理想伴侣五行、十神或必然互补。,真合化成立时按化神功能重算边界需求；合化争议时停止细化边界画像。,近位提高该边界议题进入关系核心的可能；远位只保留背景或阶段性观察。,86,不加分；接口／状态／去重,boundary_path,建立提议、知情、同意、执行和复核的顺序。,问题不一定在能力缺失，也可能在进入顺序。,不得仅凭本规则推出某人必然控制、回避、依赖、忠诚或适合结婚；不得把亲密解释为无隐私，把保护解释为替代决定，把贡献多少解释为决策权大小。现实安全、明确同意、可撤回性、持续行为、反例与双方意愿优先。,中高,待验证,,interface_state_rule=true; provisional=true; rule_group=BOUND-接口门控,0.5
M5-BOUND-440,M4 K05双通道竞争路由,L9 状态、接口、去重与停止,BOUND-接口门控,通用,接口,M4 K05双通道竞争路由,,K05竞争候选成立。,已有稳定分层、授权或分工。,由共享基础引擎、M3-BOUND与M5-BASE提供；只修正用户需要怎样的自主、共享、授权与空间结构，不直接判断具体关系现实中公平或安全。,M2只说明谁容易进入关系及资格证据；不能替代具体对象的同意、边界、资源和权力行为验证。,M3-BASE与M3-BOUND提供用户自然靠近、共享和边界通道；M5-BOUND负责判断双方如何共同治理。,无／按本规则指定的提议—知情—同意—执行—复核—重订路径路由。,近位、远位只修正该边界需求进入亲密关系核心的可能；不得据此判断具体伴侣一定尊重或越界。,根气只修正用户边界需求是否稳定重复，不等于双方已形成成熟治理。,旺弱只修正某项自主、共享、规则或空间功能的调用强度，不直接等于控制、回避或适配质量。,喜忌只修正功能调用顺畅度与摩擦，不可直接翻译为理想伴侣五行、十神或必然互补。,真合化成立时按化神功能重算边界需求；合化争议时停止细化边界画像。,近位提高该边界议题进入关系核心的可能；远位只保留背景或阶段性观察。,86,不加分；接口／状态／去重,boundary_mode,优先路由BM04、BM05或BM09，明确谁在哪个领域决定。,两种合理功能需要分工，不应争夺全部主导。,不得仅凭本规则推出某人必然控制、回避、依赖、忠诚或适合结婚；不得把亲密解释为无隐私，把保护解释为替代决定，把贡献多少解释为决策权大小。现实安全、明确同意、可撤回性、持续行为、反例与双方意愿优先。,中高,待验证,,interface_state_rule=true; provisional=true; rule_group=BOUND-接口门控,0.5
M5-BOUND-441,M4 K06转换受阻路由,L9 状态、接口、去重与停止,BOUND-接口门控,通用,接口,M4 K06转换受阻路由,,K06转换受阻候选成立。,桥接已现实完成。,由共享基础引擎、M3-BOUND与M5-BASE提供；只修正用户需要怎样的自主、共享、授权与空间结构，不直接判断具体关系现实中公平或安全。,M2只说明谁容易进入关系及资格证据；不能替代具体对象的同意、边界、资源和权力行为验证。,M3-BASE与M3-BOUND提供用户自然靠近、共享和边界通道；M5-BOUND负责判断双方如何共同治理。,无／按本规则指定的提议—知情—同意—执行—复核—重订路径路由。,近位、远位只修正该边界需求进入亲密关系核心的可能；不得据此判断具体伴侣一定尊重或越界。,根气只修正用户边界需求是否稳定重复，不等于双方已形成成熟治理。,旺弱只修正某项自主、共享、规则或空间功能的调用强度，不直接等于控制、回避或适配质量。,喜忌只修正功能调用顺畅度与摩擦，不可直接翻译为理想伴侣五行、十神或必然互补。,真合化成立时按化神功能重算边界需求；合化争议时停止细化边界画像。,近位提高该边界议题进入关系核心的可能；远位只保留背景或阶段性观察。,86,不加分；接口／状态／去重,boundary_path,检查共享是否转成责任、支持是否转成自主、空间是否转成回归。,第一步完成以后，还要看下一步是否真正进入。,不得仅凭本规则推出某人必然控制、回避、依赖、忠诚或适合结婚；不得把亲密解释为无隐私，把保护解释为替代决定，把贡献多少解释为决策权大小。现实安全、明确同意、可撤回性、持续行为、反例与双方意愿优先。,中高,待验证,,interface_state_rule=true; provisional=true; rule_group=BOUND-接口门控,0.5
M5-BOUND-442,M4 K07反馈放大路由,L9 状态、接口、去重与停止,BOUND-接口门控,通用,接口,M4 K07反馈放大路由,,K07反馈回路候选成立。,没有现实双方反馈与复发。,由共享基础引擎、M3-BOUND与M5-BASE提供；只修正用户需要怎样的自主、共享、授权与空间结构，不直接判断具体关系现实中公平或安全。,M2只说明谁容易进入关系及资格证据；不能替代具体对象的同意、边界、资源和权力行为验证。,M3-BASE与M3-BOUND提供用户自然靠近、共享和边界通道；M5-BOUND负责判断双方如何共同治理。,无／按本规则指定的提议—知情—同意—执行—复核—重订路径路由。,近位、远位只修正该边界需求进入亲密关系核心的可能；不得据此判断具体伴侣一定尊重或越界。,根气只修正用户边界需求是否稳定重复，不等于双方已形成成熟治理。,旺弱只修正某项自主、共享、规则或空间功能的调用强度，不直接等于控制、回避或适配质量。,喜忌只修正功能调用顺畅度与摩擦，不可直接翻译为理想伴侣五行、十神或必然互补。,真合化成立时按化神功能重算边界需求；合化争议时停止细化边界画像。,近位提高该边界议题进入关系核心的可能；远位只保留背景或阶段性观察。,86,不加分；接口／状态／去重,boundary_rule_quality,建立BO03、BO10与BR07，避免规则加码、追近撤回和互相惩罚。,边界需要反馈和调整，而不是不断加码。,不得仅凭本规则推出某人必然控制、回避、依赖、忠诚或适合结婚；不得把亲密解释为无隐私，把保护解释为替代决定，把贡献多少解释为决策权大小。现实安全、明确同意、可撤回性、持续行为、反例与双方意愿优先。,中高,待验证,,interface_state_rule=true; provisional=true; rule_group=BOUND-接口门控,0.5
M5-BOUND-443,M4 K08修复断链路由,L9 状态、接口、去重与停止,BOUND-接口门控,通用,接口,M4 K08修复断链路由,,K08修复断链候选成立。,RN07、RN08已现实完成。,由共享基础引擎、M3-BOUND与M5-BASE提供；只修正用户需要怎样的自主、共享、授权与空间结构，不直接判断具体关系现实中公平或安全。,M2只说明谁容易进入关系及资格证据；不能替代具体对象的同意、边界、资源和权力行为验证。,M3-BASE与M3-BOUND提供用户自然靠近、共享和边界通道；M5-BOUND负责判断双方如何共同治理。,无／按本规则指定的提议—知情—同意—执行—复核—重订路径路由。,近位、远位只修正该边界需求进入亲密关系核心的可能；不得据此判断具体伴侣一定尊重或越界。,根气只修正用户边界需求是否稳定重复，不等于双方已形成成熟治理。,旺弱只修正某项自主、共享、规则或空间功能的调用强度，不直接等于控制、回避或适配质量。,喜忌只修正功能调用顺畅度与摩擦，不可直接翻译为理想伴侣五行、十神或必然互补。,真合化成立时按化神功能重算边界需求；合化争议时停止细化边界画像。,近位提高该边界议题进入关系核心的可能；远位只保留背景或阶段性观察。,86,不加分；接口／状态／去重,renegotiation_repair,检查权力是否归还、规则是否重订和复发是否跟踪。,道歉以后，还要看决定权和边界是否真正恢复。,不得仅凭本规则推出某人必然控制、回避、依赖、忠诚或适合结婚；不得把亲密解释为无隐私，把保护解释为替代决定，把贡献多少解释为决策权大小。现实安全、明确同意、可撤回性、持续行为、反例与双方意愿优先。,中高,待验证,,interface_state_rule=true; provisional=true; rule_group=BOUND-接口门控,0.5
M5-BOUND-444,M4 LP07亲密撤回路由,L9 状态、接口、去重与停止,BOUND-接口门控,通用,接口,M4 LP07亲密撤回路由,,LP07候选成立。,没有对方现实反馈或复发资料。,由共享基础引擎、M3-BOUND与M5-BASE提供；只修正用户需要怎样的自主、共享、授权与空间结构，不直接判断具体关系现实中公平或安全。,M2只说明谁容易进入关系及资格证据；不能替代具体对象的同意、边界、资源和权力行为验证。,M3-BASE与M3-BOUND提供用户自然靠近、共享和边界通道；M5-BOUND负责判断双方如何共同治理。,无／按本规则指定的提议—知情—同意—执行—复核—重订路径路由。,近位、远位只修正该边界需求进入亲密关系核心的可能；不得据此判断具体伴侣一定尊重或越界。,根气只修正用户边界需求是否稳定重复，不等于双方已形成成熟治理。,旺弱只修正某项自主、共享、规则或空间功能的调用强度，不直接等于控制、回避或适配质量。,喜忌只修正功能调用顺畅度与摩擦，不可直接翻译为理想伴侣五行、十神或必然互补。,真合化成立时按化神功能重算边界需求；合化争议时停止细化边界画像。,近位提高该边界议题进入关系核心的可能；远位只保留背景或阶段性观察。,86,不加分；接口／状态／去重,space_return_agreement,优先检查BM08、BR06、BO07与BO10。,靠近和空间都要有双方理解的节奏，不能只靠追或退。,不得仅凭本规则推出某人必然控制、回避、依赖、忠诚或适合结婚；不得把亲密解释为无隐私，把保护解释为替代决定，把贡献多少解释为决策权大小。现实安全、明确同意、可撤回性、持续行为、反例与双方意愿优先。,中高,待验证,,interface_state_rule=true; provisional=true; rule_group=BOUND-接口门控,0.5
M5-BOUND-445,M4 LP08平等竞争路由,L9 状态、接口、去重与停止,BOUND-接口门控,通用,接口,M4 LP08平等竞争路由,,LP08候选成立。,已有稳定分层决策和负荷分工。,由共享基础引擎、M3-BOUND与M5-BASE提供；只修正用户需要怎样的自主、共享、授权与空间结构，不直接判断具体关系现实中公平或安全。,M2只说明谁容易进入关系及资格证据；不能替代具体对象的同意、边界、资源和权力行为验证。,M3-BASE与M3-BOUND提供用户自然靠近、共享和边界通道；M5-BOUND负责判断双方如何共同治理。,无／按本规则指定的提议—知情—同意—执行—复核—重订路径路由。,近位、远位只修正该边界需求进入亲密关系核心的可能；不得据此判断具体伴侣一定尊重或越界。,根气只修正用户边界需求是否稳定重复，不等于双方已形成成熟治理。,旺弱只修正某项自主、共享、规则或空间功能的调用强度，不直接等于控制、回避或适配质量。,喜忌只修正功能调用顺畅度与摩擦，不可直接翻译为理想伴侣五行、十神或必然互补。,真合化成立时按化神功能重算边界需求；合化争议时停止细化边界画像。,近位提高该边界议题进入关系核心的可能；远位只保留背景或阶段性观察。,86,不加分；接口／状态／去重,boundary_mode,区分人格平等、领域分工和共同决定。,平等不是每件事都争同一个最终决定权。,不得仅凭本规则推出某人必然控制、回避、依赖、忠诚或适合结婚；不得把亲密解释为无隐私，把保护解释为替代决定，把贡献多少解释为决策权大小。现实安全、明确同意、可撤回性、持续行为、反例与双方意愿优先。,中高,待验证,,interface_state_rule=true; provisional=true; rule_group=BOUND-接口门控,0.5
M5-BOUND-446,M4 LP09规则反弹路由,L9 状态、接口、去重与停止,BOUND-接口门控,通用,接口,M4 LP09规则反弹路由,,LP09候选成立。,规则由双方制定、对称执行并现实有效。,由共享基础引擎、M3-BOUND与M5-BASE提供；只修正用户需要怎样的自主、共享、授权与空间结构，不直接判断具体关系现实中公平或安全。,M2只说明谁容易进入关系及资格证据；不能替代具体对象的同意、边界、资源和权力行为验证。,M3-BASE与M3-BOUND提供用户自然靠近、共享和边界通道；M5-BOUND负责判断双方如何共同治理。,无／按本规则指定的提议—知情—同意—执行—复核—重订路径路由。,近位、远位只修正该边界需求进入亲密关系核心的可能；不得据此判断具体伴侣一定尊重或越界。,根气只修正用户边界需求是否稳定重复，不等于双方已形成成熟治理。,旺弱只修正某项自主、共享、规则或空间功能的调用强度，不直接等于控制、回避或适配质量。,喜忌只修正功能调用顺畅度与摩擦，不可直接翻译为理想伴侣五行、十神或必然互补。,真合化成立时按化神功能重算边界需求；合化争议时停止细化边界画像。,近位提高该边界议题进入关系核心的可能；远位只保留背景或阶段性观察。,86,不加分；接口／状态／去重,boundary_rule_quality,检查BM09、BO02和BO10。,规则需要反馈和重订，不能只靠增加限制。,不得仅凭本规则推出某人必然控制、回避、依赖、忠诚或适合结婚；不得把亲密解释为无隐私，把保护解释为替代决定，把贡献多少解释为决策权大小。现实安全、明确同意、可撤回性、持续行为、反例与双方意愿优先。,中高,待验证,,interface_state_rule=true; provisional=true; rule_group=BOUND-接口门控,0.5
M5-BOUND-447,M4 LP11暂停断链路由,L9 状态、接口、去重与停止,BOUND-接口门控,通用,接口,M4 LP11暂停断链路由,,LP11候选成立。,已有明确回归且稳定执行。,由共享基础引擎、M3-BOUND与M5-BASE提供；只修正用户需要怎样的自主、共享、授权与空间结构，不直接判断具体关系现实中公平或安全。,M2只说明谁容易进入关系及资格证据；不能替代具体对象的同意、边界、资源和权力行为验证。,M3-BASE与M3-BOUND提供用户自然靠近、共享和边界通道；M5-BOUND负责判断双方如何共同治理。,无／按本规则指定的提议—知情—同意—执行—复核—重订路径路由。,近位、远位只修正该边界需求进入亲密关系核心的可能；不得据此判断具体伴侣一定尊重或越界。,根气只修正用户边界需求是否稳定重复，不等于双方已形成成熟治理。,旺弱只修正某项自主、共享、规则或空间功能的调用强度，不直接等于控制、回避或适配质量。,喜忌只修正功能调用顺畅度与摩擦，不可直接翻译为理想伴侣五行、十神或必然互补。,真合化成立时按化神功能重算边界需求；合化争议时停止细化边界画像。,近位提高该边界议题进入关系核心的可能；远位只保留背景或阶段性观察。,86,不加分；接口／状态／去重,space_return_agreement,优先检查BC10、BM08、BR06与DG10。,空间必须有最低连接和回来方式。,不得仅凭本规则推出某人必然控制、回避、依赖、忠诚或适合结婚；不得把亲密解释为无隐私，把保护解释为替代决定，把贡献多少解释为决策权大小。现实安全、明确同意、可撤回性、持续行为、反例与双方意愿优先。,中高,待验证,,interface_state_rule=true; provisional=true; rule_group=BOUND-接口门控,0.5
M5-BOUND-448,M4 LP12修复不闭环路由,L9 状态、接口、去重与停止,BOUND-接口门控,通用,接口,M4 LP12修复不闭环路由,,LP12候选成立。,边界权力已归还且RN07/RN08完成。,由共享基础引擎、M3-BOUND与M5-BASE提供；只修正用户需要怎样的自主、共享、授权与空间结构，不直接判断具体关系现实中公平或安全。,M2只说明谁容易进入关系及资格证据；不能替代具体对象的同意、边界、资源和权力行为验证。,M3-BASE与M3-BOUND提供用户自然靠近、共享和边界通道；M5-BOUND负责判断双方如何共同治理。,无／按本规则指定的提议—知情—同意—执行—复核—重订路径路由。,近位、远位只修正该边界需求进入亲密关系核心的可能；不得据此判断具体伴侣一定尊重或越界。,根气只修正用户边界需求是否稳定重复，不等于双方已形成成熟治理。,旺弱只修正某项自主、共享、规则或空间功能的调用强度，不直接等于控制、回避或适配质量。,喜忌只修正功能调用顺畅度与摩擦，不可直接翻译为理想伴侣五行、十神或必然互补。,真合化成立时按化神功能重算边界需求；合化争议时停止细化边界画像。,近位提高该边界议题进入关系核心的可能；远位只保留背景或阶段性观察。,86,不加分；接口／状态／去重,renegotiation_repair,优先检查BO10、BR07和BV6。,修复不仅要和好，还要让权力和规则真正恢复。,不得仅凭本规则推出某人必然控制、回避、依赖、忠诚或适合结婚；不得把亲密解释为无隐私，把保护解释为替代决定，把贡献多少解释为决策权大小。现实安全、明确同意、可撤回性、持续行为、反例与双方意愿优先。,中高,待验证,,interface_state_rule=true; provisional=true; rule_group=BOUND-接口门控,0.5
M5-BOUND-449,M4 RN01安全接口,L9 状态、接口、去重与停止,BOUND-接口门控,通用,安全,M4 RN01安全接口,,事件仍在造成伤害或威胁。,无。,由共享基础引擎、M3-BOUND与M5-BASE提供；只修正用户需要怎样的自主、共享、授权与空间结构，不直接判断具体关系现实中公平或安全。,M2只说明谁容易进入关系及资格证据；不能替代具体对象的同意、边界、资源和权力行为验证。,M3-BASE与M3-BOUND提供用户自然靠近、共享和边界通道；M5-BOUND负责判断双方如何共同治理。,无／按本规则指定的提议—知情—同意—执行—复核—重订路径路由。,近位、远位只修正该边界需求进入亲密关系核心的可能；不得据此判断具体伴侣一定尊重或越界。,根气只修正用户边界需求是否稳定重复，不等于双方已形成成熟治理。,旺弱只修正某项自主、共享、规则或空间功能的调用强度，不直接等于控制、回避或适配质量。,喜忌只修正功能调用顺畅度与摩擦，不可直接翻译为理想伴侣五行、十神或必然互补。,真合化成立时按化神功能重算边界需求；合化争议时停止细化边界画像。,近位提高该边界议题进入关系核心的可能；远位只保留背景或阶段性观察。,98,不加分；接口／状态／去重,report_status,先停止伤害和恢复安全，不进入普通边界协商。,先处理安全，不要求双方立即协商或和好。,不得仅凭本规则推出某人必然控制、回避、依赖、忠诚或适合结婚；不得把亲密解释为无隐私，把保护解释为替代决定，把贡献多少解释为决策权大小。现实安全、明确同意、可撤回性、持续行为、反例与双方意愿优先。,高,待验证,,interface_state_rule=true; provisional=true; rule_group=BOUND-接口门控,0.5
M5-BOUND-450,M4 RN05边界重订接口,L9 状态、接口、去重与停止,BOUND-接口门控,通用,接口,M4 RN05边界重订接口,,修复进入RN05。,没有双方参与或只由一方制定。,由共享基础引擎、M3-BOUND与M5-BASE提供；只修正用户需要怎样的自主、共享、授权与空间结构，不直接判断具体关系现实中公平或安全。,M2只说明谁容易进入关系及资格证据；不能替代具体对象的同意、边界、资源和权力行为验证。,M3-BASE与M3-BOUND提供用户自然靠近、共享和边界通道；M5-BOUND负责判断双方如何共同治理。,无／按本规则指定的提议—知情—同意—执行—复核—重订路径路由。,近位、远位只修正该边界需求进入亲密关系核心的可能；不得据此判断具体伴侣一定尊重或越界。,根气只修正用户边界需求是否稳定重复，不等于双方已形成成熟治理。,旺弱只修正某项自主、共享、规则或空间功能的调用强度，不直接等于控制、回避或适配质量。,喜忌只修正功能调用顺畅度与摩擦，不可直接翻译为理想伴侣五行、十神或必然互补。,真合化成立时按化神功能重算边界需求；合化争议时停止细化边界画像。,近位提高该边界议题进入关系核心的可能；远位只保留背景或阶段性观察。,86,不加分；接口／状态／去重,renegotiation_repair,RN05对应BO01—BO10与BM09。,新的边界要由双方参与，而不是单方宣布。,不得仅凭本规则推出某人必然控制、回避、依赖、忠诚或适合结婚；不得把亲密解释为无隐私，把保护解释为替代决定，把贡献多少解释为决策权大小。现实安全、明确同意、可撤回性、持续行为、反例与双方意愿优先。,中高,待验证,,interface_state_rule=true; provisional=true; rule_group=BOUND-接口门控,0.5
M5-BOUND-451,M4 RN07反馈接口,L9 状态、接口、去重与停止,BOUND-接口门控,通用,接口,M4 RN07反馈接口,,修复进入RN07。,只有道歉、解释或临时收敛。,由共享基础引擎、M3-BOUND与M5-BASE提供；只修正用户需要怎样的自主、共享、授权与空间结构，不直接判断具体关系现实中公平或安全。,M2只说明谁容易进入关系及资格证据；不能替代具体对象的同意、边界、资源和权力行为验证。,M3-BASE与M3-BOUND提供用户自然靠近、共享和边界通道；M5-BOUND负责判断双方如何共同治理。,无／按本规则指定的提议—知情—同意—执行—复核—重订路径路由。,近位、远位只修正该边界需求进入亲密关系核心的可能；不得据此判断具体伴侣一定尊重或越界。,根气只修正用户边界需求是否稳定重复，不等于双方已形成成熟治理。,旺弱只修正某项自主、共享、规则或空间功能的调用强度，不直接等于控制、回避或适配质量。,喜忌只修正功能调用顺畅度与摩擦，不可直接翻译为理想伴侣五行、十神或必然互补。,真合化成立时按化神功能重算边界需求；合化争议时停止细化边界画像。,近位提高该边界议题进入关系核心的可能；远位只保留背景或阶段性观察。,86,不加分；接口／状态／去重,renegotiation_repair,没有接收方反馈，不能写边界修复完成。,没有接收反馈，就不能确认新的边界真的有效。,不得仅凭本规则推出某人必然控制、回避、依赖、忠诚或适合结婚；不得把亲密解释为无隐私，把保护解释为替代决定，把贡献多少解释为决策权大小。现实安全、明确同意、可撤回性、持续行为、反例与双方意愿优先。,中高,待验证,,interface_state_rule=true; provisional=true; rule_group=BOUND-接口门控,0.5
M5-BOUND-452,M4 RN08持续接口,L9 状态、接口、去重与停止,BOUND-接口门控,通用,接口,M4 RN08持续接口,,修复进入RN08。,只有一次改善。,由共享基础引擎、M3-BOUND与M5-BASE提供；只修正用户需要怎样的自主、共享、授权与空间结构，不直接判断具体关系现实中公平或安全。,M2只说明谁容易进入关系及资格证据；不能替代具体对象的同意、边界、资源和权力行为验证。,M3-BASE与M3-BOUND提供用户自然靠近、共享和边界通道；M5-BOUND负责判断双方如何共同治理。,无／按本规则指定的提议—知情—同意—执行—复核—重订路径路由。,近位、远位只修正该边界需求进入亲密关系核心的可能；不得据此判断具体伴侣一定尊重或越界。,根气只修正用户边界需求是否稳定重复，不等于双方已形成成熟治理。,旺弱只修正某项自主、共享、规则或空间功能的调用强度，不直接等于控制、回避或适配质量。,喜忌只修正功能调用顺畅度与摩擦，不可直接翻译为理想伴侣五行、十神或必然互补。,真合化成立时按化神功能重算边界需求；合化争议时停止细化边界画像。,近位提高该边界议题进入关系核心的可能；远位只保留背景或阶段性观察。,86,不加分；接口／状态／去重,boundary_evidence_level,RN08可提高BV6／BV7，但不删除历史越界。,持续兑现和回访，才能说明边界真的改变。,不得仅凭本规则推出某人必然控制、回避、依赖、忠诚或适合结婚；不得把亲密解释为无隐私，把保护解释为替代决定，把贡献多少解释为决策权大小。现实安全、明确同意、可撤回性、持续行为、反例与双方意愿优先。,中高,待验证,,interface_state_rule=true; provisional=true; rule_group=BOUND-接口门控,0.5
M5-BOUND-453,M4 BF03独立边界支持,L9 状态、接口、去重与停止,BOUND-接口门控,通用,接口,M4 BF03独立边界支持,,BF03达到BL5以上。,只有潜在命理资源。,由共享基础引擎、M3-BOUND与M5-BASE提供；只修正用户需要怎样的自主、共享、授权与空间结构，不直接判断具体关系现实中公平或安全。,M2只说明谁容易进入关系及资格证据；不能替代具体对象的同意、边界、资源和权力行为验证。,M3-BASE与M3-BOUND提供用户自然靠近、共享和边界通道；M5-BOUND负责判断双方如何共同治理。,无／按本规则指定的提议—知情—同意—执行—复核—重订路径路由。,近位、远位只修正该边界需求进入亲密关系核心的可能；不得据此判断具体伴侣一定尊重或越界。,根气只修正用户边界需求是否稳定重复，不等于双方已形成成熟治理。,旺弱只修正某项自主、共享、规则或空间功能的调用强度，不直接等于控制、回避或适配质量。,喜忌只修正功能调用顺畅度与摩擦，不可直接翻译为理想伴侣五行、十神或必然互补。,真合化成立时按化神功能重算边界需求；合化争议时停止细化边界画像。,近位提高该边界议题进入关系核心的可能；远位只保留背景或阶段性观察。,86,不加分；接口／状态／去重,buffer_bound_relation,现实边界支持可提高BO01、BO02、BO04或BO10。,已经有效的边界经验可以保留，但仍要看能否重复。,不得仅凭本规则推出某人必然控制、回避、依赖、忠诚或适合结婚；不得把亲密解释为无隐私，把保护解释为替代决定，把贡献多少解释为决策权大小。现实安全、明确同意、可撤回性、持续行为、反例与双方意愿优先。,中高,待验证,,interface_state_rule=true; provisional=true; rule_group=BOUND-接口门控,0.5
M5-BOUND-454,M4 BF05反馈通道接口,L9 状态、接口、去重与停止,BOUND-接口门控,通用,接口,M4 BF05反馈通道接口,,BF05达到BL5以上。,反馈只存在一次或没有改变规则。,由共享基础引擎、M3-BOUND与M5-BASE提供；只修正用户需要怎样的自主、共享、授权与空间结构，不直接判断具体关系现实中公平或安全。,M2只说明谁容易进入关系及资格证据；不能替代具体对象的同意、边界、资源和权力行为验证。,M3-BASE与M3-BOUND提供用户自然靠近、共享和边界通道；M5-BOUND负责判断双方如何共同治理。,无／按本规则指定的提议—知情—同意—执行—复核—重订路径路由。,近位、远位只修正该边界需求进入亲密关系核心的可能；不得据此判断具体伴侣一定尊重或越界。,根气只修正用户边界需求是否稳定重复，不等于双方已形成成熟治理。,旺弱只修正某项自主、共享、规则或空间功能的调用强度，不直接等于控制、回避或适配质量。,喜忌只修正功能调用顺畅度与摩擦，不可直接翻译为理想伴侣五行、十神或必然互补。,真合化成立时按化神功能重算边界需求；合化争议时停止细化边界画像。,近位提高该边界议题进入关系核心的可能；远位只保留背景或阶段性观察。,86,不加分；接口／状态／去重,boundary_rule_quality,反馈有效时提高BM09、BR07候选。,能把反馈纳入规则，才是真正的边界保护。,不得仅凭本规则推出某人必然控制、回避、依赖、忠诚或适合结婚；不得把亲密解释为无隐私，把保护解释为替代决定，把贡献多少解释为决策权大小。现实安全、明确同意、可撤回性、持续行为、反例与双方意愿优先。,中高,待验证,,interface_state_rule=true; provisional=true; rule_group=BOUND-接口门控,0.5
M5-BOUND-455,M4 BF06现实兑现接口,L9 状态、接口、去重与停止,BOUND-接口门控,通用,接口,M4 BF06现实兑现接口,,BF06达到BL5以上。,只有口头承诺。,由共享基础引擎、M3-BOUND与M5-BASE提供；只修正用户需要怎样的自主、共享、授权与空间结构，不直接判断具体关系现实中公平或安全。,M2只说明谁容易进入关系及资格证据；不能替代具体对象的同意、边界、资源和权力行为验证。,M3-BASE与M3-BOUND提供用户自然靠近、共享和边界通道；M5-BOUND负责判断双方如何共同治理。,无／按本规则指定的提议—知情—同意—执行—复核—重订路径路由。,近位、远位只修正该边界需求进入亲密关系核心的可能；不得据此判断具体伴侣一定尊重或越界。,根气只修正用户边界需求是否稳定重复，不等于双方已形成成熟治理。,旺弱只修正某项自主、共享、规则或空间功能的调用强度，不直接等于控制、回避或适配质量。,喜忌只修正功能调用顺畅度与摩擦，不可直接翻译为理想伴侣五行、十神或必然互补。,真合化成立时按化神功能重算边界需求；合化争议时停止细化边界画像。,近位提高该边界议题进入关系核心的可能；远位只保留背景或阶段性观察。,86,不加分；接口／状态／去重,boundary_evidence_level,持续执行可提高BV与BS，但不清除反例。,边界真正有效，要落实在持续行为里。,不得仅凭本规则推出某人必然控制、回避、依赖、忠诚或适合结婚；不得把亲密解释为无隐私，把保护解释为替代决定，把贡献多少解释为决策权大小。现实安全、明确同意、可撤回性、持续行为、反例与双方意愿优先。,中高,待验证,,interface_state_rule=true; provisional=true; rule_group=BOUND-接口门控,0.5
M5-BOUND-456,M4 BF07修复回流接口,L9 状态、接口、去重与停止,BOUND-接口门控,通用,接口,M4 BF07修复回流接口,,BF07达到BL5以上。,只有问题停止或一次和好。,由共享基础引擎、M3-BOUND与M5-BASE提供；只修正用户需要怎样的自主、共享、授权与空间结构，不直接判断具体关系现实中公平或安全。,M2只说明谁容易进入关系及资格证据；不能替代具体对象的同意、边界、资源和权力行为验证。,M3-BASE与M3-BOUND提供用户自然靠近、共享和边界通道；M5-BOUND负责判断双方如何共同治理。,无／按本规则指定的提议—知情—同意—执行—复核—重订路径路由。,近位、远位只修正该边界需求进入亲密关系核心的可能；不得据此判断具体伴侣一定尊重或越界。,根气只修正用户边界需求是否稳定重复，不等于双方已形成成熟治理。,旺弱只修正某项自主、共享、规则或空间功能的调用强度，不直接等于控制、回避或适配质量。,喜忌只修正功能调用顺畅度与摩擦，不可直接翻译为理想伴侣五行、十神或必然互补。,真合化成立时按化神功能重算边界需求；合化争议时停止细化边界画像。,近位提高该边界议题进入关系核心的可能；远位只保留背景或阶段性观察。,86,不加分；接口／状态／去重,renegotiation_repair,完整回流支持BV6／BV7与BS01候选。,修复完成要让决定权、反馈和信任都重新进入。,不得仅凭本规则推出某人必然控制、回避、依赖、忠诚或适合结婚；不得把亲密解释为无隐私，把保护解释为替代决定，把贡献多少解释为决策权大小。现实安全、明确同意、可撤回性、持续行为、反例与双方意愿优先。,中高,待验证,,interface_state_rule=true; provisional=true; rule_group=BOUND-接口门控,0.5
M5-BOUND-457,同一事件多维度不重复加分,L9 状态、接口、去重与停止,BOUND-接口门控,通用,去重,同一事件多维度不重复加分,,一个事件同时支持多个BO、DG或BR。,不同event_id或跨领域重复。,由共享基础引擎、M3-BOUND与M5-BASE提供；只修正用户需要怎样的自主、共享、授权与空间结构，不直接判断具体关系现实中公平或安全。,M2只说明谁容易进入关系及资格证据；不能替代具体对象的同意、边界、资源和权力行为验证。,M3-BASE与M3-BOUND提供用户自然靠近、共享和边界通道；M5-BOUND负责判断双方如何共同治理。,无／按本规则指定的提议—知情—同意—执行—复核—重订路径路由。,近位、远位只修正该边界需求进入亲密关系核心的可能；不得据此判断具体伴侣一定尊重或越界。,根气只修正用户边界需求是否稳定重复，不等于双方已形成成熟治理。,旺弱只修正某项自主、共享、规则或空间功能的调用强度，不直接等于控制、回避或适配质量。,喜忌只修正功能调用顺畅度与摩擦，不可直接翻译为理想伴侣五行、十神或必然互补。,真合化成立时按化神功能重算边界需求；合化争议时停止细化边界画像。,近位提高该边界议题进入关系核心的可能；远位只保留背景或阶段性观察。,86,不加分；接口／状态／去重,provenance,基础事件分只计一次，维度可分别记录。,同一件事可以说明多个方面，但不会自动变成多次证据。,不得仅凭本规则推出某人必然控制、回避、依赖、忠诚或适合结婚；不得把亲密解释为无隐私，把保护解释为替代决定，把贡献多少解释为决策权大小。现实安全、明确同意、可撤回性、持续行为、反例与双方意愿优先。,高,待验证,,interface_state_rule=true; provisional=true; rule_group=BOUND-接口门控,0.5
M5-BOUND-458,同一资源贡献跨描述收敛,L9 状态、接口、去重与停止,BOUND-接口门控,通用,去重,同一资源贡献跨描述收敛,,同一收入、住房、家务或照护被多个标签重复描述。,确有不同领域和独立代价。,由共享基础引擎、M3-BOUND与M5-BASE提供；只修正用户需要怎样的自主、共享、授权与空间结构，不直接判断具体关系现实中公平或安全。,M2只说明谁容易进入关系及资格证据；不能替代具体对象的同意、边界、资源和权力行为验证。,M3-BASE与M3-BOUND提供用户自然靠近、共享和边界通道；M5-BOUND负责判断双方如何共同治理。,无／按本规则指定的提议—知情—同意—执行—复核—重订路径路由。,近位、远位只修正该边界需求进入亲密关系核心的可能；不得据此判断具体伴侣一定尊重或越界。,根气只修正用户边界需求是否稳定重复，不等于双方已形成成熟治理。,旺弱只修正某项自主、共享、规则或空间功能的调用强度，不直接等于控制、回避或适配质量。,喜忌只修正功能调用顺畅度与摩擦，不可直接翻译为理想伴侣五行、十神或必然互补。,真合化成立时按化神功能重算边界需求；合化争议时停止细化边界画像。,近位提高该边界议题进入关系核心的可能；远位只保留背景或阶段性观察。,86,不加分；接口／状态／去重,resource_power,先识别实际贡献，再判断它影响分工还是权力。,先看具体贡献，避免重复计算或扩大成控制权。,不得仅凭本规则推出某人必然控制、回避、依赖、忠诚或适合结婚；不得把亲密解释为无隐私，把保护解释为替代决定，把贡献多少解释为决策权大小。现实安全、明确同意、可撤回性、持续行为、反例与双方意愿优先。,高,待验证,,interface_state_rule=true; provisional=true; rule_group=BOUND-接口门控,0.5
M5-BOUND-459,正偏同系统先收敛,L9 状态、接口、去重与停止,BOUND-接口门控,通用,去重,正偏同系统先收敛,,同系统两个BC同时命中。,来源独立且任务不同。,由共享基础引擎、M3-BOUND与M5-BASE提供；只修正用户需要怎样的自主、共享、授权与空间结构，不直接判断具体关系现实中公平或安全。,M2只说明谁容易进入关系及资格证据；不能替代具体对象的同意、边界、资源和权力行为验证。,M3-BASE与M3-BOUND提供用户自然靠近、共享和边界通道；M5-BOUND负责判断双方如何共同治理。,无／按本规则指定的提议—知情—同意—执行—复核—重订路径路由。,近位、远位只修正该边界需求进入亲密关系核心的可能；不得据此判断具体伴侣一定尊重或越界。,根气只修正用户边界需求是否稳定重复，不等于双方已形成成熟治理。,旺弱只修正某项自主、共享、规则或空间功能的调用强度，不直接等于控制、回避或适配质量。,喜忌只修正功能调用顺畅度与摩擦，不可直接翻译为理想伴侣五行、十神或必然互补。,真合化成立时按化神功能重算边界需求；合化争议时停止细化边界画像。,近位提高该边界议题进入关系核心的可能；远位只保留背景或阶段性观察。,86,不加分；接口／状态／去重,primary_boundary_channel,先收敛共同系统，再用稳定／弹性、舒适／清晰等风格区分。,先看共同边界功能，再看它以什么风格发生。,不得仅凭本规则推出某人必然控制、回避、依赖、忠诚或适合结婚；不得把亲密解释为无隐私，把保护解释为替代决定，把贡献多少解释为决策权大小。现实安全、明确同意、可撤回性、持续行为、反例与双方意愿优先。,高,待验证,,interface_state_rule=true; provisional=true; rule_group=BOUND-接口门控,0.5
M5-BOUND-460,贡献不转换为基本控制权,L9 状态、接口、去重与停止,BOUND-接口门控,通用,边界,贡献不转换为基本控制权,,一方贡献明显更多。,双方自愿授权具体事务且可撤回。,由共享基础引擎、M3-BOUND与M5-BASE提供；只修正用户需要怎样的自主、共享、授权与空间结构，不直接判断具体关系现实中公平或安全。,M2只说明谁容易进入关系及资格证据；不能替代具体对象的同意、边界、资源和权力行为验证。,M3-BASE与M3-BOUND提供用户自然靠近、共享和边界通道；M5-BOUND负责判断双方如何共同治理。,无／按本规则指定的提议—知情—同意—执行—复核—重订路径路由。,近位、远位只修正该边界需求进入亲密关系核心的可能；不得据此判断具体伴侣一定尊重或越界。,根气只修正用户边界需求是否稳定重复，不等于双方已形成成熟治理。,旺弱只修正某项自主、共享、规则或空间功能的调用强度，不直接等于控制、回避或适配质量。,喜忌只修正功能调用顺畅度与摩擦，不可直接翻译为理想伴侣五行、十神或必然互补。,真合化成立时按化神功能重算边界需求；合化争议时停止细化边界画像。,近位提高该边界议题进入关系核心的可能；远位只保留背景或阶段性观察。,98,不加分；接口／状态／去重,resource_power,基本同意、身体自主、隐私和退出权不因贡献而改变。,贡献更多也不能购买对另一方的基本控制权。,不得仅凭本规则推出某人必然控制、回避、依赖、忠诚或适合结婚；不得把亲密解释为无隐私，把保护解释为替代决定，把贡献多少解释为决策权大小。现实安全、明确同意、可撤回性、持续行为、反例与双方意愿优先。,高,待验证,,interface_state_rule=true; provisional=true; rule_group=BOUND-接口门控,0.5
M5-BOUND-461,支持必须增加自主,L9 状态、接口、去重与停止,BOUND-接口门控,通用,边界,支持必须增加自主,,一方提供照顾、建议、保护或资源。,现实安全紧急处置的最小必要行动除外。,由共享基础引擎、M3-BOUND与M5-BASE提供；只修正用户需要怎样的自主、共享、授权与空间结构，不直接判断具体关系现实中公平或安全。,M2只说明谁容易进入关系及资格证据；不能替代具体对象的同意、边界、资源和权力行为验证。,M3-BASE与M3-BOUND提供用户自然靠近、共享和边界通道；M5-BOUND负责判断双方如何共同治理。,无／按本规则指定的提议—知情—同意—执行—复核—重订路径路由。,近位、远位只修正该边界需求进入亲密关系核心的可能；不得据此判断具体伴侣一定尊重或越界。,根气只修正用户边界需求是否稳定重复，不等于双方已形成成熟治理。,旺弱只修正某项自主、共享、规则或空间功能的调用强度，不直接等于控制、回避或适配质量。,喜忌只修正功能调用顺畅度与摩擦，不可直接翻译为理想伴侣五行、十神或必然互补。,真合化成立时按化神功能重算边界需求；合化争议时停止细化边界画像。,近位提高该边界议题进入关系核心的可能；远位只保留背景或阶段性观察。,98,不加分；接口／状态／去重,support_autonomy,成熟支持的结果是能力和选择增加。,真正的支持会让你更能决定，而不是更难拒绝。,不得仅凭本规则推出某人必然控制、回避、依赖、忠诚或适合结婚；不得把亲密解释为无隐私，把保护解释为替代决定，把贡献多少解释为决策权大小。现实安全、明确同意、可撤回性、持续行为、反例与双方意愿优先。,高,待验证,,interface_state_rule=true; provisional=true; rule_group=BOUND-接口门控,0.5
M5-BOUND-462,透明不等于无隐私,L9 状态、接口、去重与停止,BOUND-接口门控,通用,边界,透明不等于无隐私,,双方强调坦诚、公开或共享。,共同影响信息确需说明。,由共享基础引擎、M3-BOUND与M5-BASE提供；只修正用户需要怎样的自主、共享、授权与空间结构，不直接判断具体关系现实中公平或安全。,M2只说明谁容易进入关系及资格证据；不能替代具体对象的同意、边界、资源和权力行为验证。,M3-BASE与M3-BOUND提供用户自然靠近、共享和边界通道；M5-BOUND负责判断双方如何共同治理。,无／按本规则指定的提议—知情—同意—执行—复核—重订路径路由。,近位、远位只修正该边界需求进入亲密关系核心的可能；不得据此判断具体伴侣一定尊重或越界。,根气只修正用户边界需求是否稳定重复，不等于双方已形成成熟治理。,旺弱只修正某项自主、共享、规则或空间功能的调用强度，不直接等于控制、回避或适配质量。,喜忌只修正功能调用顺畅度与摩擦，不可直接翻译为理想伴侣五行、十神或必然互补。,真合化成立时按化神功能重算边界需求；合化争议时停止细化边界画像。,近位提高该边界议题进入关系核心的可能；远位只保留背景或阶段性观察。,98,不加分；接口／状态／去重,privacy_boundary,透明范围须具体，个人通讯、设备和思想仍有边界。,坦诚不代表所有私人内容都必须公开。,不得仅凭本规则推出某人必然控制、回避、依赖、忠诚或适合结婚；不得把亲密解释为无隐私，把保护解释为替代决定，把贡献多少解释为决策权大小。现实安全、明确同意、可撤回性、持续行为、反例与双方意愿优先。,高,待验证,,interface_state_rule=true; provisional=true; rule_group=BOUND-接口门控,0.5
M5-BOUND-463,高共享结构门控,L9 状态、接口、去重与停止,BOUND-接口门控,通用,接口,高共享结构门控,,BM06或BS02候选。,个人身体、基本资金、隐私和退出权被吞没。,由共享基础引擎、M3-BOUND与M5-BASE提供；只修正用户需要怎样的自主、共享、授权与空间结构，不直接判断具体关系现实中公平或安全。,M2只说明谁容易进入关系及资格证据；不能替代具体对象的同意、边界、资源和权力行为验证。,M3-BASE与M3-BOUND提供用户自然靠近、共享和边界通道；M5-BOUND负责判断双方如何共同治理。,无／按本规则指定的提议—知情—同意—执行—复核—重订路径路由。,近位、远位只修正该边界需求进入亲密关系核心的可能；不得据此判断具体伴侣一定尊重或越界。,根气只修正用户边界需求是否稳定重复，不等于双方已形成成熟治理。,旺弱只修正某项自主、共享、规则或空间功能的调用强度，不直接等于控制、回避或适配质量。,喜忌只修正功能调用顺畅度与摩擦，不可直接翻译为理想伴侣五行、十神或必然互补。,真合化成立时按化神功能重算边界需求；合化争议时停止细化边界画像。,近位提高该边界议题进入关系核心的可能；远位只保留背景或阶段性观察。,86,不加分；接口／状态／去重,boundary_mode,高度共享必须保留不可让渡底线。,共享可以很深，但个人底线不能消失。,不得仅凭本规则推出某人必然控制、回避、依赖、忠诚或适合结婚；不得把亲密解释为无隐私，把保护解释为替代决定，把贡献多少解释为决策权大小。现实安全、明确同意、可撤回性、持续行为、反例与双方意愿优先。,中高,待验证,,interface_state_rule=true; provisional=true; rule_group=BOUND-接口门控,0.5
M5-BOUND-464,高独立结构门控,L9 状态、接口、去重与停止,BOUND-接口门控,通用,接口,高独立结构门控,,BM07或BS03候选。,重要信息、最低连接和共同责任长期缺失。,由共享基础引擎、M3-BOUND与M5-BASE提供；只修正用户需要怎样的自主、共享、授权与空间结构，不直接判断具体关系现实中公平或安全。,M2只说明谁容易进入关系及资格证据；不能替代具体对象的同意、边界、资源和权力行为验证。,M3-BASE与M3-BOUND提供用户自然靠近、共享和边界通道；M5-BOUND负责判断双方如何共同治理。,无／按本规则指定的提议—知情—同意—执行—复核—重订路径路由。,近位、远位只修正该边界需求进入亲密关系核心的可能；不得据此判断具体伴侣一定尊重或越界。,根气只修正用户边界需求是否稳定重复，不等于双方已形成成熟治理。,旺弱只修正某项自主、共享、规则或空间功能的调用强度，不直接等于控制、回避或适配质量。,喜忌只修正功能调用顺畅度与摩擦，不可直接翻译为理想伴侣五行、十神或必然互补。,真合化成立时按化神功能重算边界需求；合化争议时停止细化边界画像。,近位提高该边界议题进入关系核心的可能；远位只保留背景或阶段性观察。,86,不加分；接口／状态／去重,boundary_mode,高独立仍需稳定连接与责任。,独立空间可以很多，但不能取消共同关系责任。,不得仅凭本规则推出某人必然控制、回避、依赖、忠诚或适合结婚；不得把亲密解释为无隐私，把保护解释为替代决定，把贡献多少解释为决策权大小。现实安全、明确同意、可撤回性、持续行为、反例与双方意愿优先。,中高,待验证,,interface_state_rule=true; provisional=true; rule_group=BOUND-接口门控,0.5
M5-BOUND-465,透干有根｜边界需求清楚稳定,L9 状态、接口、去重与停止,BOUND-接口门控,通用,状态,透干有根,,主BC来源透干有根。,真合化或现实强反例。,由共享基础引擎、M3-BOUND与M5-BASE提供；只修正用户需要怎样的自主、共享、授权与空间结构，不直接判断具体关系现实中公平或安全。,M2只说明谁容易进入关系及资格证据；不能替代具体对象的同意、边界、资源和权力行为验证。,M3-BASE与M3-BOUND提供用户自然靠近、共享和边界通道；M5-BOUND负责判断双方如何共同治理。,无／按本规则指定的提议—知情—同意—执行—复核—重订路径路由。,近位、远位只修正该边界需求进入亲密关系核心的可能；不得据此判断具体伴侣一定尊重或越界。,根气只修正用户边界需求是否稳定重复，不等于双方已形成成熟治理。,旺弱只修正某项自主、共享、规则或空间功能的调用强度，不直接等于控制、回避或适配质量。,喜忌只修正功能调用顺畅度与摩擦，不可直接翻译为理想伴侣五行、十神或必然互补。,真合化成立时按化神功能重算边界需求；合化争议时停止细化边界画像。,近位提高该边界议题进入关系核心的可能；远位只保留背景或阶段性观察。,86,不加分；接口／状态／去重,observation_plan,优先设置直接可观察的拒绝、协商和重订行为。,你通常较清楚自己在哪些事情上需要怎样的边界。,不得仅凭本规则推出某人必然控制、回避、依赖、忠诚或适合结婚；不得把亲密解释为无隐私，把保护解释为替代决定，把贡献多少解释为决策权大小。现实安全、明确同意、可撤回性、持续行为、反例与双方意愿优先。,中高,待验证,,interface_state_rule=true; provisional=true; rule_group=BOUND-接口门控,0.5
M5-BOUND-466,藏而有根｜边界在熟悉后显现,L9 状态、接口、去重与停止,BOUND-接口门控,通用,状态,藏而有根,,主BC来源藏支有根。,弱远无助。,由共享基础引擎、M3-BOUND与M5-BASE提供；只修正用户需要怎样的自主、共享、授权与空间结构，不直接判断具体关系现实中公平或安全。,M2只说明谁容易进入关系及资格证据；不能替代具体对象的同意、边界、资源和权力行为验证。,M3-BASE与M3-BOUND提供用户自然靠近、共享和边界通道；M5-BOUND负责判断双方如何共同治理。,无／按本规则指定的提议—知情—同意—执行—复核—重订路径路由。,近位、远位只修正该边界需求进入亲密关系核心的可能；不得据此判断具体伴侣一定尊重或越界。,根气只修正用户边界需求是否稳定重复，不等于双方已形成成熟治理。,旺弱只修正某项自主、共享、规则或空间功能的调用强度，不直接等于控制、回避或适配质量。,喜忌只修正功能调用顺畅度与摩擦，不可直接翻译为理想伴侣五行、十神或必然互补。,真合化成立时按化神功能重算边界需求；合化争议时停止细化边界画像。,近位提高该边界议题进入关系核心的可能；远位只保留背景或阶段性观察。,86,不加分；接口／状态／去重,observation_plan,需要在长期相处、资源共享和修复中验证。,这项边界需要可能在相处深入以后更明显。,不得仅凭本规则推出某人必然控制、回避、依赖、忠诚或适合结婚；不得把亲密解释为无隐私，把保护解释为替代决定，把贡献多少解释为决策权大小。现实安全、明确同意、可撤回性、持续行为、反例与双方意愿优先。,中高,待验证,,interface_state_rule=true; provisional=true; rule_group=BOUND-接口门控,0.5
M5-BOUND-467,过旺失衡｜限制抢位并补第二功能,L9 状态、接口、去重与停止,BOUND-接口门控,通用,状态,过旺失衡,,主BC过旺且M4有K01/K03/K05。,有制有化并现实有效。,由共享基础引擎、M3-BOUND与M5-BASE提供；只修正用户需要怎样的自主、共享、授权与空间结构，不直接判断具体关系现实中公平或安全。,M2只说明谁容易进入关系及资格证据；不能替代具体对象的同意、边界、资源和权力行为验证。,M3-BASE与M3-BOUND提供用户自然靠近、共享和边界通道；M5-BOUND负责判断双方如何共同治理。,无／按本规则指定的提议—知情—同意—执行—复核—重订路径路由。,近位、远位只修正该边界需求进入亲密关系核心的可能；不得据此判断具体伴侣一定尊重或越界。,根气只修正用户边界需求是否稳定重复，不等于双方已形成成熟治理。,旺弱只修正某项自主、共享、规则或空间功能的调用强度，不直接等于控制、回避或适配质量。,喜忌只修正功能调用顺畅度与摩擦，不可直接翻译为理想伴侣五行、十神或必然互补。,真合化成立时按化神功能重算边界需求；合化争议时停止细化边界画像。,近位提高该边界议题进入关系核心的可能；远位只保留背景或阶段性观察。,86,不加分；接口／状态／去重,boundary_path,不追求更强同类边界，优先加入反馈、共同决定或自主恢复。,重点不是让边界更硬，而是让协商和回流也能进入。,不得仅凭本规则推出某人必然控制、回避、依赖、忠诚或适合结婚；不得把亲密解释为无隐私，把保护解释为替代决定，把贡献多少解释为决策权大小。现实安全、明确同意、可撤回性、持续行为、反例与双方意愿优先。,中高,待验证,,interface_state_rule=true; provisional=true; rule_group=BOUND-接口门控,0.5
M5-BOUND-468,偏弱有助｜允许结构化支持,L9 状态、接口、去重与停止,BOUND-接口门控,通用,状态,偏弱有助,,主BC偏弱但有助、通关或工具支持。,完全无助且现实反例强。,由共享基础引擎、M3-BOUND与M5-BASE提供；只修正用户需要怎样的自主、共享、授权与空间结构，不直接判断具体关系现实中公平或安全。,M2只说明谁容易进入关系及资格证据；不能替代具体对象的同意、边界、资源和权力行为验证。,M3-BASE与M3-BOUND提供用户自然靠近、共享和边界通道；M5-BOUND负责判断双方如何共同治理。,无／按本规则指定的提议—知情—同意—执行—复核—重订路径路由。,近位、远位只修正该边界需求进入亲密关系核心的可能；不得据此判断具体伴侣一定尊重或越界。,根气只修正用户边界需求是否稳定重复，不等于双方已形成成熟治理。,旺弱只修正某项自主、共享、规则或空间功能的调用强度，不直接等于控制、回避或适配质量。,喜忌只修正功能调用顺畅度与摩擦，不可直接翻译为理想伴侣五行、十神或必然互补。,真合化成立时按化神功能重算边界需求；合化争议时停止细化边界画像。,近位提高该边界议题进入关系核心的可能；远位只保留背景或阶段性观察。,86,不加分；接口／状态／去重,boundary_mode,可路由BM04、BM05、BM09或共同成长。,不是天生擅长也没关系，清楚规则和工具可以帮助双方建立边界。,不得仅凭本规则推出某人必然控制、回避、依赖、忠诚或适合结婚；不得把亲密解释为无隐私，把保护解释为替代决定，把贡献多少解释为决策权大小。现实安全、明确同意、可撤回性、持续行为、反例与双方意愿优先。,中高,待验证,,interface_state_rule=true; provisional=true; rule_group=BOUND-接口门控,0.5
M5-BOUND-469,真合化成立｜替换BC路由,L9 状态、接口、去重与停止,BOUND-接口门控,通用,状态,真合化成立,,真合化已由共享引擎确认。,合而不化或争议。,由共享基础引擎、M3-BOUND与M5-BASE提供；只修正用户需要怎样的自主、共享、授权与空间结构，不直接判断具体关系现实中公平或安全。,M2只说明谁容易进入关系及资格证据；不能替代具体对象的同意、边界、资源和权力行为验证。,M3-BASE与M3-BOUND提供用户自然靠近、共享和边界通道；M5-BOUND负责判断双方如何共同治理。,无／按本规则指定的提议—知情—同意—执行—复核—重订路径路由。,近位、远位只修正该边界需求进入亲密关系核心的可能；不得据此判断具体伴侣一定尊重或越界。,根气只修正用户边界需求是否稳定重复，不等于双方已形成成熟治理。,旺弱只修正某项自主、共享、规则或空间功能的调用强度，不直接等于控制、回避或适配质量。,喜忌只修正功能调用顺畅度与摩擦，不可直接翻译为理想伴侣五行、十神或必然互补。,真合化成立时按化神功能重算边界需求；合化争议时停止细化边界画像。,近位提高该边界议题进入关系核心的可能；远位只保留背景或阶段性观察。,86,不加分；接口／状态／去重,primary_boundary_channel,原BC清零，按化神功能重算边界需求。,原来的边界画像需要按实际合化结果重新判断。,不得仅凭本规则推出某人必然控制、回避、依赖、忠诚或适合结婚；不得把亲密解释为无隐私，把保护解释为替代决定，把贡献多少解释为决策权大小。现实安全、明确同意、可撤回性、持续行为、反例与双方意愿优先。,中高,待验证,,interface_state_rule=true; provisional=true; rule_group=BOUND-接口门控,0.5
M5-BOUND-470,合冲刑害破｜只改边界节奏,L9 状态、接口、去重与停止,BOUND-接口门控,通用,状态,合冲刑害破,,夫妻宫有合冲刑害破。,用其直接断控制、背叛、分手或不适配。,由共享基础引擎、M3-BOUND与M5-BASE提供；只修正用户需要怎样的自主、共享、授权与空间结构，不直接判断具体关系现实中公平或安全。,M2只说明谁容易进入关系及资格证据；不能替代具体对象的同意、边界、资源和权力行为验证。,M3-BASE与M3-BOUND提供用户自然靠近、共享和边界通道；M5-BOUND负责判断双方如何共同治理。,无／按本规则指定的提议—知情—同意—执行—复核—重订路径路由。,近位、远位只修正该边界需求进入亲密关系核心的可能；不得据此判断具体伴侣一定尊重或越界。,根气只修正用户边界需求是否稳定重复，不等于双方已形成成熟治理。,旺弱只修正某项自主、共享、规则或空间功能的调用强度，不直接等于控制、回避或适配质量。,喜忌只修正功能调用顺畅度与摩擦，不可直接翻译为理想伴侣五行、十神或必然互补。,真合化成立时按化神功能重算边界需求；合化争议时停止细化边界画像。,近位提高该边界议题进入关系核心的可能；远位只保留背景或阶段性观察。,86,不加分；接口／状态／去重,boundary_rhythm,合看牵连，冲看切换，刑看反复，害看隐性期待，破看重组。,这些结构提醒你哪些边界需要多次协商，不直接说明关系好坏。,不得仅凭本规则推出某人必然控制、回避、依赖、忠诚或适合结婚；不得把亲密解释为无隐私，把保护解释为替代决定，把贡献多少解释为决策权大小。现实安全、明确同意、可撤回性、持续行为、反例与双方意愿优先。,中高,待验证,,interface_state_rule=true; provisional=true; rule_group=BOUND-接口门控,0.5
M5-BOUND-471,阶段覆盖｜只提高当前领域显著度,L9 状态、接口、去重与停止,BOUND-接口门控,通用,状态,阶段覆盖,,大运流年与DG领域一致。,无原局需求或无现实关系情境。,由共享基础引擎、M3-BOUND与M5-BASE提供；只修正用户需要怎样的自主、共享、授权与空间结构，不直接判断具体关系现实中公平或安全。,M2只说明谁容易进入关系及资格证据；不能替代具体对象的同意、边界、资源和权力行为验证。,M3-BASE与M3-BOUND提供用户自然靠近、共享和边界通道；M5-BOUND负责判断双方如何共同治理。,无／按本规则指定的提议—知情—同意—执行—复核—重订路径路由。,近位、远位只修正该边界需求进入亲密关系核心的可能；不得据此判断具体伴侣一定尊重或越界。,根气只修正用户边界需求是否稳定重复，不等于双方已形成成熟治理。,旺弱只修正某项自主、共享、规则或空间功能的调用强度，不直接等于控制、回避或适配质量。,喜忌只修正功能调用顺畅度与摩擦，不可直接翻译为理想伴侣五行、十神或必然互补。,真合化成立时按化神功能重算边界需求；合化争议时停止细化边界画像。,近位提高该边界议题进入关系核心的可能；远位只保留背景或阶段性观察。,86,不加分；接口／状态／去重,decision_domains,阶段只能提高某领域显著度，不能创造双方边界能力。,某个阶段会让某类决定更重要，但仍要看现实行为。,不得仅凭本规则推出某人必然控制、回避、依赖、忠诚或适合结婚；不得把亲密解释为无隐私，把保护解释为替代决定，把贡献多少解释为决策权大小。现实安全、明确同意、可撤回性、持续行为、反例与双方意愿优先。,中高,待验证,,interface_state_rule=true; provisional=true; rule_group=BOUND-接口门控,0.5
M5-BOUND-472,主边界通道门槛,L10 评分、报告与校准,BOUND-评分报告,通用,评分,主边界通道门槛,,主BC来自PR1／PR2或M4主调节任务，至少两类独立来源，净分≥42且领先第二候选≥8。,PR0安全门控未通过时停止普通评分。,由共享基础引擎、M3-BOUND与M5-BASE提供；只修正用户需要怎样的自主、共享、授权与空间结构，不直接判断具体关系现实中公平或安全。,M2只说明谁容易进入关系及资格证据；不能替代具体对象的同意、边界、资源和权力行为验证。,M3-BASE与M3-BOUND提供用户自然靠近、共享和边界通道；M5-BOUND负责判断双方如何共同治理。,无／按本规则指定的提议—知情—同意—执行—复核—重订路径路由。,近位、远位只修正该边界需求进入亲密关系核心的可能；不得据此判断具体伴侣一定尊重或越界。,根气只修正用户边界需求是否稳定重复，不等于双方已形成成熟治理。,旺弱只修正某项自主、共享、规则或空间功能的调用强度，不直接等于控制、回避或适配质量。,喜忌只修正功能调用顺畅度与摩擦，不可直接翻译为理想伴侣五行、十神或必然互补。,真合化成立时按化神功能重算边界需求；合化争议时停止细化边界画像。,近位提高该边界议题进入关系核心的可能；远位只保留背景或阶段性观察。,82,主通道候选 +42,primary_boundary_channel,满足才发布主边界通道。,满足才发布主边界通道。,不得仅凭本规则推出某人必然控制、回避、依赖、忠诚或适合结婚；不得把亲密解释为无隐私，把保护解释为替代决定，把贡献多少解释为决策权大小。现实安全、明确同意、可撤回性、持续行为、反例与双方意愿优先。,中高,待验证,,scoring_reporting=true; provisional=true; rule_group=BOUND-评分报告,0.5
M5-BOUND-473,次边界通道门槛,L10 评分、报告与校准,BOUND-评分报告,通用,评分,次边界通道门槛,,次BC净分≥30，来源独立、功能不同、非同义重复。,PR0安全门控未通过时停止普通评分。,由共享基础引擎、M3-BOUND与M5-BASE提供；只修正用户需要怎样的自主、共享、授权与空间结构，不直接判断具体关系现实中公平或安全。,M2只说明谁容易进入关系及资格证据；不能替代具体对象的同意、边界、资源和权力行为验证。,M3-BASE与M3-BOUND提供用户自然靠近、共享和边界通道；M5-BOUND负责判断双方如何共同治理。,无／按本规则指定的提议—知情—同意—执行—复核—重订路径路由。,近位、远位只修正该边界需求进入亲密关系核心的可能；不得据此判断具体伴侣一定尊重或越界。,根气只修正用户边界需求是否稳定重复，不等于双方已形成成熟治理。,旺弱只修正某项自主、共享、规则或空间功能的调用强度，不直接等于控制、回避或适配质量。,喜忌只修正功能调用顺畅度与摩擦，不可直接翻译为理想伴侣五行、十神或必然互补。,真合化成立时按化神功能重算边界需求；合化争议时停止细化边界画像。,近位提高该边界议题进入关系核心的可能；远位只保留背景或阶段性观察。,82,次通道候选 +30,secondary_boundary_channel,最多保留一个次通道。,最多保留一个次通道。,不得仅凭本规则推出某人必然控制、回避、依赖、忠诚或适合结婚；不得把亲密解释为无隐私，把保护解释为替代决定，把贡献多少解释为决策权大小。现实安全、明确同意、可撤回性、持续行为、反例与双方意愿优先。,中高,待验证,,scoring_reporting=true; provisional=true; rule_group=BOUND-评分报告,0.5
M5-BOUND-474,主边界模式门槛,L10 评分、报告与校准,BOUND-评分报告,通用,评分,主边界模式门槛,,BM模式至少由一个BC、两个BO和一项现实双人证据支持。,PR0安全门控未通过时停止普通评分。,由共享基础引擎、M3-BOUND与M5-BASE提供；只修正用户需要怎样的自主、共享、授权与空间结构，不直接判断具体关系现实中公平或安全。,M2只说明谁容易进入关系及资格证据；不能替代具体对象的同意、边界、资源和权力行为验证。,M3-BASE与M3-BOUND提供用户自然靠近、共享和边界通道；M5-BOUND负责判断双方如何共同治理。,无／按本规则指定的提议—知情—同意—执行—复核—重订路径路由。,近位、远位只修正该边界需求进入亲密关系核心的可能；不得据此判断具体伴侣一定尊重或越界。,根气只修正用户边界需求是否稳定重复，不等于双方已形成成熟治理。,旺弱只修正某项自主、共享、规则或空间功能的调用强度，不直接等于控制、回避或适配质量。,喜忌只修正功能调用顺畅度与摩擦，不可直接翻译为理想伴侣五行、十神或必然互补。,真合化成立时按化神功能重算边界需求；合化争议时停止细化边界画像。,近位提高该边界议题进入关系核心的可能；远位只保留背景或阶段性观察。,82,BM候选 +32,boundary_mode,只有命盘或单方愿望不得发布。,只有命盘或单方愿望不得发布。,不得仅凭本规则推出某人必然控制、回避、依赖、忠诚或适合结婚；不得把亲密解释为无隐私，把保护解释为替代决定，把贡献多少解释为决策权大小。现实安全、明确同意、可撤回性、持续行为、反例与双方意愿优先。,中高,待验证,,scoring_reporting=true; provisional=true; rule_group=BOUND-评分报告,0.5
M5-BOUND-475,BS01稳定双向门槛,L10 评分、报告与校准,BOUND-评分报告,通用,评分,BS01稳定双向门槛,,BV4以上，BO01、BO02、BO04、BO10至少三项可靠。,PR0安全门控未通过时停止普通评分。,由共享基础引擎、M3-BOUND与M5-BASE提供；只修正用户需要怎样的自主、共享、授权与空间结构，不直接判断具体关系现实中公平或安全。,M2只说明谁容易进入关系及资格证据；不能替代具体对象的同意、边界、资源和权力行为验证。,M3-BASE与M3-BOUND提供用户自然靠近、共享和边界通道；M5-BOUND负责判断双方如何共同治理。,无／按本规则指定的提议—知情—同意—执行—复核—重订路径路由。,近位、远位只修正该边界需求进入亲密关系核心的可能；不得据此判断具体伴侣一定尊重或越界。,根气只修正用户边界需求是否稳定重复，不等于双方已形成成熟治理。,旺弱只修正某项自主、共享、规则或空间功能的调用强度，不直接等于控制、回避或适配质量。,喜忌只修正功能调用顺畅度与摩擦，不可直接翻译为理想伴侣五行、十神或必然互补。,真合化成立时按化神功能重算边界需求；合化争议时停止细化边界画像。,近位提高该边界议题进入关系核心的可能；远位只保留背景或阶段性观察。,82,BS01 +38,boundary_state,可发布稳定双向边界候选。,可发布稳定双向边界候选。,不得仅凭本规则推出某人必然控制、回避、依赖、忠诚或适合结婚；不得把亲密解释为无隐私，把保护解释为替代决定，把贡献多少解释为决策权大小。现实安全、明确同意、可撤回性、持续行为、反例与双方意愿优先。,中高,待验证,,scoring_reporting=true; provisional=true; rule_group=BOUND-评分报告,0.5
M5-BOUND-476,BS02高共享自主保留门槛,L10 评分、报告与校准,BOUND-评分报告,通用,评分,BS02高共享自主保留门槛,,BV4以上，BO04、BO05、BO06可靠，且个人基本资源与退出权保留。,PR0安全门控未通过时停止普通评分。,由共享基础引擎、M3-BOUND与M5-BASE提供；只修正用户需要怎样的自主、共享、授权与空间结构，不直接判断具体关系现实中公平或安全。,M2只说明谁容易进入关系及资格证据；不能替代具体对象的同意、边界、资源和权力行为验证。,M3-BASE与M3-BOUND提供用户自然靠近、共享和边界通道；M5-BOUND负责判断双方如何共同治理。,无／按本规则指定的提议—知情—同意—执行—复核—重订路径路由。,近位、远位只修正该边界需求进入亲密关系核心的可能；不得据此判断具体伴侣一定尊重或越界。,根气只修正用户边界需求是否稳定重复，不等于双方已形成成熟治理。,旺弱只修正某项自主、共享、规则或空间功能的调用强度，不直接等于控制、回避或适配质量。,喜忌只修正功能调用顺畅度与摩擦，不可直接翻译为理想伴侣五行、十神或必然互补。,真合化成立时按化神功能重算边界需求；合化争议时停止细化边界画像。,近位提高该边界议题进入关系核心的可能；远位只保留背景或阶段性观察。,82,BS02 +34,boundary_state,高度共享不得吞没不可让渡底线。,高度共享不得吞没不可让渡底线。,不得仅凭本规则推出某人必然控制、回避、依赖、忠诚或适合结婚；不得把亲密解释为无隐私，把保护解释为替代决定，把贡献多少解释为决策权大小。现实安全、明确同意、可撤回性、持续行为、反例与双方意愿优先。,中高,待验证,,scoring_reporting=true; provisional=true; rule_group=BOUND-评分报告,0.5
M5-BOUND-477,BS03高独立连接稳定门槛,L10 评分、报告与校准,BOUND-评分报告,通用,评分,BS03高独立连接稳定门槛,,BV4以上，BO03、BO07、BO10可靠，最低连接和共同责任清楚。,PR0安全门控未通过时停止普通评分。,由共享基础引擎、M3-BOUND与M5-BASE提供；只修正用户需要怎样的自主、共享、授权与空间结构，不直接判断具体关系现实中公平或安全。,M2只说明谁容易进入关系及资格证据；不能替代具体对象的同意、边界、资源和权力行为验证。,M3-BASE与M3-BOUND提供用户自然靠近、共享和边界通道；M5-BOUND负责判断双方如何共同治理。,无／按本规则指定的提议—知情—同意—执行—复核—重订路径路由。,近位、远位只修正该边界需求进入亲密关系核心的可能；不得据此判断具体伴侣一定尊重或越界。,根气只修正用户边界需求是否稳定重复，不等于双方已形成成熟治理。,旺弱只修正某项自主、共享、规则或空间功能的调用强度，不直接等于控制、回避或适配质量。,喜忌只修正功能调用顺畅度与摩擦，不可直接翻译为理想伴侣五行、十神或必然互补。,真合化成立时按化神功能重算边界需求；合化争议时停止细化边界画像。,近位提高该边界议题进入关系核心的可能；远位只保留背景或阶段性观察。,82,BS03 +34,boundary_state,低频不等于无责任。,低频不等于无责任。,不得仅凭本规则推出某人必然控制、回避、依赖、忠诚或适合结婚；不得把亲密解释为无隐私，把保护解释为替代决定，把贡献多少解释为决策权大小。现实安全、明确同意、可撤回性、持续行为、反例与双方意愿优先。,中高,待验证,,scoring_reporting=true; provisional=true; rule_group=BOUND-评分报告,0.5
M5-BOUND-478,BS04条件性授权门槛,L10 评分、报告与校准,BOUND-评分报告,通用,评分,BS04条件性授权门槛,,BV3以上，授权范围、期限、撤回、信息和归还机制完整。,PR0安全门控未通过时停止普通评分。,由共享基础引擎、M3-BOUND与M5-BASE提供；只修正用户需要怎样的自主、共享、授权与空间结构，不直接判断具体关系现实中公平或安全。,M2只说明谁容易进入关系及资格证据；不能替代具体对象的同意、边界、资源和权力行为验证。,M3-BASE与M3-BOUND提供用户自然靠近、共享和边界通道；M5-BOUND负责判断双方如何共同治理。,无／按本规则指定的提议—知情—同意—执行—复核—重订路径路由。,近位、远位只修正该边界需求进入亲密关系核心的可能；不得据此判断具体伴侣一定尊重或越界。,根气只修正用户边界需求是否稳定重复，不等于双方已形成成熟治理。,旺弱只修正某项自主、共享、规则或空间功能的调用强度，不直接等于控制、回避或适配质量。,喜忌只修正功能调用顺畅度与摩擦，不可直接翻译为理想伴侣五行、十神或必然互补。,真合化成立时按化神功能重算边界需求；合化争议时停止细化边界画像。,近位提高该边界议题进入关系核心的可能；远位只保留背景或阶段性观察。,82,BS04 +30,boundary_state,临时授权不得固化为长期支配。,临时授权不得固化为长期支配。,不得仅凭本规则推出某人必然控制、回避、依赖、忠诚或适合结婚；不得把亲密解释为无隐私，把保护解释为替代决定，把贡献多少解释为决策权大小。现实安全、明确同意、可撤回性、持续行为、反例与双方意愿优先。,中高,待验证,,scoring_reporting=true; provisional=true; rule_group=BOUND-评分报告,0.5
M5-BOUND-479,BS05规则未证门槛,L10 评分、报告与校准,BOUND-评分报告,通用,评分,BS05规则未证门槛,,BV1—BV2，口头协议或规则文本强，但压力与执行证据不足。,PR0安全门控未通过时停止普通评分。,由共享基础引擎、M3-BOUND与M5-BASE提供；只修正用户需要怎样的自主、共享、授权与空间结构，不直接判断具体关系现实中公平或安全。,M2只说明谁容易进入关系及资格证据；不能替代具体对象的同意、边界、资源和权力行为验证。,M3-BASE与M3-BOUND提供用户自然靠近、共享和边界通道；M5-BOUND负责判断双方如何共同治理。,无／按本规则指定的提议—知情—同意—执行—复核—重订路径路由。,近位、远位只修正该边界需求进入亲密关系核心的可能；不得据此判断具体伴侣一定尊重或越界。,根气只修正用户边界需求是否稳定重复，不等于双方已形成成熟治理。,旺弱只修正某项自主、共享、规则或空间功能的调用强度，不直接等于控制、回避或适配质量。,喜忌只修正功能调用顺畅度与摩擦，不可直接翻译为理想伴侣五行、十神或必然互补。,真合化成立时按化神功能重算边界需求；合化争议时停止细化边界画像。,近位提高该边界议题进入关系核心的可能；远位只保留背景或阶段性观察。,82,BS05 路由,boundary_state,明确标记待验证。,明确标记待验证。,不得仅凭本规则推出某人必然控制、回避、依赖、忠诚或适合结婚；不得把亲密解释为无隐私，把保护解释为替代决定，把贡献多少解释为决策权大小。现实安全、明确同意、可撤回性、持续行为、反例与双方意愿优先。,中高,待验证,,scoring_reporting=true; provisional=true; rule_group=BOUND-评分报告,0.5
M5-BOUND-480,BS06边界不对称门槛,L10 评分、报告与校准,BOUND-评分报告,通用,评分,BS06边界不对称门槛,,BV3以上，至少两个BO领域显示知情、访问、决定或暂停权不对称。,PR0安全门控未通过时停止普通评分。,由共享基础引擎、M3-BOUND与M5-BASE提供；只修正用户需要怎样的自主、共享、授权与空间结构，不直接判断具体关系现实中公平或安全。,M2只说明谁容易进入关系及资格证据；不能替代具体对象的同意、边界、资源和权力行为验证。,M3-BASE与M3-BOUND提供用户自然靠近、共享和边界通道；M5-BOUND负责判断双方如何共同治理。,无／按本规则指定的提议—知情—同意—执行—复核—重订路径路由。,近位、远位只修正该边界需求进入亲密关系核心的可能；不得据此判断具体伴侣一定尊重或越界。,根气只修正用户边界需求是否稳定重复，不等于双方已形成成熟治理。,旺弱只修正某项自主、共享、规则或空间功能的调用强度，不直接等于控制、回避或适配质量。,喜忌只修正功能调用顺畅度与摩擦，不可直接翻译为理想伴侣五行、十神或必然互补。,真合化成立时按化神功能重算边界需求；合化争议时停止细化边界画像。,近位提高该边界议题进入关系核心的可能；远位只保留背景或阶段性观察。,82,BS06 +34,boundary_state,进一步检查阶段、补偿和协商。,进一步检查阶段、补偿和协商。,不得仅凭本规则推出某人必然控制、回避、依赖、忠诚或适合结婚；不得把亲密解释为无隐私，把保护解释为替代决定，把贡献多少解释为决策权大小。现实安全、明确同意、可撤回性、持续行为、反例与双方意愿优先。,中高,待验证,,scoring_reporting=true; provisional=true; rule_group=BOUND-评分报告,0.5
M5-BOUND-481,BS07控制失权风险门槛,L10 评分、报告与校准,BOUND-评分报告,通用,评分,BS07控制失权风险门槛,,BV3以上，BO04/BO05/BO06/BO08出现持续严重信号，并伴随惩罚、威胁或难以退出。,PR0安全门控未通过时停止普通评分。,由共享基础引擎、M3-BOUND与M5-BASE提供；只修正用户需要怎样的自主、共享、授权与空间结构，不直接判断具体关系现实中公平或安全。,M2只说明谁容易进入关系及资格证据；不能替代具体对象的同意、边界、资源和权力行为验证。,M3-BASE与M3-BOUND提供用户自然靠近、共享和边界通道；M5-BOUND负责判断双方如何共同治理。,无／按本规则指定的提议—知情—同意—执行—复核—重订路径路由。,近位、远位只修正该边界需求进入亲密关系核心的可能；不得据此判断具体伴侣一定尊重或越界。,根气只修正用户边界需求是否稳定重复，不等于双方已形成成熟治理。,旺弱只修正某项自主、共享、规则或空间功能的调用强度，不直接等于控制、回避或适配质量。,喜忌只修正功能调用顺畅度与摩擦，不可直接翻译为理想伴侣五行、十神或必然互补。,真合化成立时按化神功能重算边界需求；合化争议时停止细化边界画像。,近位提高该边界议题进入关系核心的可能；远位只保留背景或阶段性观察。,82,BS07 +45／停止,report_status,安全事实成立时停止普通适配分析。,安全事实成立时停止普通适配分析。,不得仅凭本规则推出某人必然控制、回避、依赖、忠诚或适合结婚；不得把亲密解释为无隐私，把保护解释为替代决定，把贡献多少解释为决策权大小。现实安全、明确同意、可撤回性、持续行为、反例与双方意愿优先。,中高,待验证,,scoring_reporting=true; provisional=true; rule_group=BOUND-评分报告,0.5
M5-BOUND-482,BS08未定停止,L10 评分、报告与校准,BOUND-评分报告,通用,停止,BS08未定停止,,BV0—BV1、资料矛盾、合化争议或PR0安全门控。,无,由共享基础引擎、M3-BOUND与M5-BASE提供；只修正用户需要怎样的自主、共享、授权与空间结构，不直接判断具体关系现实中公平或安全。,M2只说明谁容易进入关系及资格证据；不能替代具体对象的同意、边界、资源和权力行为验证。,M3-BASE与M3-BOUND提供用户自然靠近、共享和边界通道；M5-BOUND负责判断双方如何共同治理。,无／按本规则指定的提议—知情—同意—执行—复核—重订路径路由。,近位、远位只修正该边界需求进入亲密关系核心的可能；不得据此判断具体伴侣一定尊重或越界。,根气只修正用户边界需求是否稳定重复，不等于双方已形成成熟治理。,旺弱只修正某项自主、共享、规则或空间功能的调用强度，不直接等于控制、回避或适配质量。,喜忌只修正功能调用顺畅度与摩擦，不可直接翻译为理想伴侣五行、十神或必然互补。,真合化成立时按化神功能重算边界需求；合化争议时停止细化边界画像。,近位提高该边界议题进入关系核心的可能；远位只保留背景或阶段性观察。,98,停止／回退,report_status,只输出资料需求或安全支持。,只输出资料需求或安全支持。,不得仅凭本规则推出某人必然控制、回避、依赖、忠诚或适合结婚；不得把亲密解释为无隐私，把保护解释为替代决定，把贡献多少解释为决策权大小。现实安全、明确同意、可撤回性、持续行为、反例与双方意愿优先。,高,待验证,,scoring_reporting=true; provisional=true; rule_group=BOUND-评分报告,0.5
M5-BOUND-483,BV0—BV1发布上限,L10 评分、报告与校准,BOUND-评分报告,通用,边界,BV0—BV1发布上限,,只有需求、标签、规则文本或单方自述。,PR0安全门控未通过时停止普通评分。,由共享基础引擎、M3-BOUND与M5-BASE提供；只修正用户需要怎样的自主、共享、授权与空间结构，不直接判断具体关系现实中公平或安全。,M2只说明谁容易进入关系及资格证据；不能替代具体对象的同意、边界、资源和权力行为验证。,M3-BASE与M3-BOUND提供用户自然靠近、共享和边界通道；M5-BOUND负责判断双方如何共同治理。,无／按本规则指定的提议—知情—同意—执行—复核—重订路径路由。,近位、远位只修正该边界需求进入亲密关系核心的可能；不得据此判断具体伴侣一定尊重或越界。,根气只修正用户边界需求是否稳定重复，不等于双方已形成成熟治理。,旺弱只修正某项自主、共享、规则或空间功能的调用强度，不直接等于控制、回避或适配质量。,喜忌只修正功能调用顺畅度与摩擦，不可直接翻译为理想伴侣五行、十神或必然互补。,真合化成立时按化神功能重算边界需求；合化争议时停止细化边界画像。,近位提高该边界议题进入关系核心的可能；远位只保留背景或阶段性观察。,98,不加分,boundary_evidence_level,不得判断尊重、控制、稳定共享或稳定独立。,不得判断尊重、控制、稳定共享或稳定独立。,不得仅凭本规则推出某人必然控制、回避、依赖、忠诚或适合结婚；不得把亲密解释为无隐私，把保护解释为替代决定，把贡献多少解释为决策权大小。现实安全、明确同意、可撤回性、持续行为、反例与双方意愿优先。,高,待验证,,scoring_reporting=true; provisional=true; rule_group=BOUND-评分报告,0.5
M5-BOUND-484,BV2单次事件上限,L10 评分、报告与校准,BOUND-评分报告,通用,边界,BV2单次事件上限,,只有一次拒绝、授权、共享、越界或修复事件。,PR0安全门控未通过时停止普通评分。,由共享基础引擎、M3-BOUND与M5-BASE提供；只修正用户需要怎样的自主、共享、授权与空间结构，不直接判断具体关系现实中公平或安全。,M2只说明谁容易进入关系及资格证据；不能替代具体对象的同意、边界、资源和权力行为验证。,M3-BASE与M3-BOUND提供用户自然靠近、共享和边界通道；M5-BOUND负责判断双方如何共同治理。,无／按本规则指定的提议—知情—同意—执行—复核—重订路径路由。,近位、远位只修正该边界需求进入亲密关系核心的可能；不得据此判断具体伴侣一定尊重或越界。,根气只修正用户边界需求是否稳定重复，不等于双方已形成成熟治理。,旺弱只修正某项自主、共享、规则或空间功能的调用强度，不直接等于控制、回避或适配质量。,喜忌只修正功能调用顺畅度与摩擦，不可直接翻译为理想伴侣五行、十神或必然互补。,真合化成立时按化神功能重算边界需求；合化争议时停止细化边界画像。,近位提高该边界议题进入关系核心的可能；远位只保留背景或阶段性观察。,98,不加分,boundary_evidence_level,只能描述这一次怎样处理。,只能描述这一次怎样处理。,不得仅凭本规则推出某人必然控制、回避、依赖、忠诚或适合结婚；不得把亲密解释为无隐私，把保护解释为替代决定，把贡献多少解释为决策权大小。现实安全、明确同意、可撤回性、持续行为、反例与双方意愿优先。,高,待验证,,scoring_reporting=true; provisional=true; rule_group=BOUND-评分报告,0.5
M5-BOUND-485,BV3同领域重复加权,L10 评分、报告与校准,BOUND-评分报告,通用,评分,BV3同领域重复加权,,同一DG领域多次出现相似边界结构。,PR0安全门控未通过时停止普通评分。,由共享基础引擎、M3-BOUND与M5-BASE提供；只修正用户需要怎样的自主、共享、授权与空间结构，不直接判断具体关系现实中公平或安全。,M2只说明谁容易进入关系及资格证据；不能替代具体对象的同意、边界、资源和权力行为验证。,M3-BASE与M3-BOUND提供用户自然靠近、共享和边界通道；M5-BOUND负责判断双方如何共同治理。,无／按本规则指定的提议—知情—同意—执行—复核—重订路径路由。,近位、远位只修正该边界需求进入亲密关系核心的可能；不得据此判断具体伴侣一定尊重或越界。,根气只修正用户边界需求是否稳定重复，不等于双方已形成成熟治理。,旺弱只修正某项自主、共享、规则或空间功能的调用强度，不直接等于控制、回避或适配质量。,喜忌只修正功能调用顺畅度与摩擦，不可直接翻译为理想伴侣五行、十神或必然互补。,真合化成立时按化神功能重算边界需求；合化争议时停止细化边界画像。,近位提高该边界议题进入关系核心的可能；远位只保留背景或阶段性观察。,82,+8,boundary_evidence_level,只能建立该领域候选。,只能建立该领域候选。,不得仅凭本规则推出某人必然控制、回避、依赖、忠诚或适合结婚；不得把亲密解释为无隐私，把保护解释为替代决定，把贡献多少解释为决策权大小。现实安全、明确同意、可撤回性、持续行为、反例与双方意愿优先。,中高,待验证,,scoring_reporting=true; provisional=true; rule_group=BOUND-评分报告,0.5
M5-BOUND-486,BV4跨领域一致加权,L10 评分、报告与校准,BOUND-评分报告,通用,评分,BV4跨领域一致加权,,至少两个DG领域保持相似同意、决定与重订结构。,PR0安全门控未通过时停止普通评分。,由共享基础引擎、M3-BOUND与M5-BASE提供；只修正用户需要怎样的自主、共享、授权与空间结构，不直接判断具体关系现实中公平或安全。,M2只说明谁容易进入关系及资格证据；不能替代具体对象的同意、边界、资源和权力行为验证。,M3-BASE与M3-BOUND提供用户自然靠近、共享和边界通道；M5-BOUND负责判断双方如何共同治理。,无／按本规则指定的提议—知情—同意—执行—复核—重订路径路由。,近位、远位只修正该边界需求进入亲密关系核心的可能；不得据此判断具体伴侣一定尊重或越界。,根气只修正用户边界需求是否稳定重复，不等于双方已形成成熟治理。,旺弱只修正某项自主、共享、规则或空间功能的调用强度，不直接等于控制、回避或适配质量。,喜忌只修正功能调用顺畅度与摩擦，不可直接翻译为理想伴侣五行、十神或必然互补。,真合化成立时按化神功能重算边界需求；合化争议时停止细化边界画像。,近位提高该边界议题进入关系核心的可能；远位只保留背景或阶段性观察。,82,+12,boundary_evidence_level,提高BS可靠度。,提高BS可靠度。,不得仅凭本规则推出某人必然控制、回避、依赖、忠诚或适合结婚；不得把亲密解释为无隐私，把保护解释为替代决定，把贡献多少解释为决策权大小。现实安全、明确同意、可撤回性、持续行为、反例与双方意愿优先。,中高,待验证,,scoring_reporting=true; provisional=true; rule_group=BOUND-评分报告,0.5
M5-BOUND-487,BV5压力权力差异加权,L10 评分、报告与校准,BOUND-评分报告,通用,评分,BV5压力权力差异加权,,资源不等、冲突、高压或一方占优势时仍尊重同意和参与。,PR0安全门控未通过时停止普通评分。,由共享基础引擎、M3-BOUND与M5-BASE提供；只修正用户需要怎样的自主、共享、授权与空间结构，不直接判断具体关系现实中公平或安全。,M2只说明谁容易进入关系及资格证据；不能替代具体对象的同意、边界、资源和权力行为验证。,M3-BASE与M3-BOUND提供用户自然靠近、共享和边界通道；M5-BOUND负责判断双方如何共同治理。,无／按本规则指定的提议—知情—同意—执行—复核—重订路径路由。,近位、远位只修正该边界需求进入亲密关系核心的可能；不得据此判断具体伴侣一定尊重或越界。,根气只修正用户边界需求是否稳定重复，不等于双方已形成成熟治理。,旺弱只修正某项自主、共享、规则或空间功能的调用强度，不直接等于控制、回避或适配质量。,喜忌只修正功能调用顺畅度与摩擦，不可直接翻译为理想伴侣五行、十神或必然互补。,真合化成立时按化神功能重算边界需求；合化争议时停止细化边界画像。,近位提高该边界议题进入关系核心的可能；远位只保留背景或阶段性观察。,82,+16,stress_boundary_profile,提高压力边界候选。,提高压力边界候选。,不得仅凭本规则推出某人必然控制、回避、依赖、忠诚或适合结婚；不得把亲密解释为无隐私，把保护解释为替代决定，把贡献多少解释为决策权大小。现实安全、明确同意、可撤回性、持续行为、反例与双方意愿优先。,中高,待验证,,scoring_reporting=true; provisional=true; rule_group=BOUND-评分报告,0.5
M5-BOUND-488,BV6越界修复加权,L10 评分、报告与校准,BOUND-评分报告,通用,评分,BV6越界修复加权,,越界后停止、承担、归还权力、重订并回访。,PR0安全门控未通过时停止普通评分。,由共享基础引擎、M3-BOUND与M5-BASE提供；只修正用户需要怎样的自主、共享、授权与空间结构，不直接判断具体关系现实中公平或安全。,M2只说明谁容易进入关系及资格证据；不能替代具体对象的同意、边界、资源和权力行为验证。,M3-BASE与M3-BOUND提供用户自然靠近、共享和边界通道；M5-BOUND负责判断双方如何共同治理。,无／按本规则指定的提议—知情—同意—执行—复核—重订路径路由。,近位、远位只修正该边界需求进入亲密关系核心的可能；不得据此判断具体伴侣一定尊重或越界。,根气只修正用户边界需求是否稳定重复，不等于双方已形成成熟治理。,旺弱只修正某项自主、共享、规则或空间功能的调用强度，不直接等于控制、回避或适配质量。,喜忌只修正功能调用顺畅度与摩擦，不可直接翻译为理想伴侣五行、十神或必然互补。,真合化成立时按化神功能重算边界需求；合化争议时停止细化边界画像。,近位提高该边界议题进入关系核心的可能；远位只保留背景或阶段性观察。,82,+18,renegotiation_repair,提高边界修复候选。,提高边界修复候选。,不得仅凭本规则推出某人必然控制、回避、依赖、忠诚或适合结婚；不得把亲密解释为无隐私，把保护解释为替代决定，把贡献多少解释为决策权大小。现实安全、明确同意、可撤回性、持续行为、反例与双方意愿优先。,中高,待验证,,scoring_reporting=true; provisional=true; rule_group=BOUND-评分报告,0.5
M5-BOUND-489,BV7反例利益检验加权,L10 评分、报告与校准,BOUND-评分报告,通用,评分,BV7反例利益检验加权,,规则对自己不利、旧问题复发或资源优势明显时仍能调整。,PR0安全门控未通过时停止普通评分。,由共享基础引擎、M3-BOUND与M5-BASE提供；只修正用户需要怎样的自主、共享、授权与空间结构，不直接判断具体关系现实中公平或安全。,M2只说明谁容易进入关系及资格证据；不能替代具体对象的同意、边界、资源和权力行为验证。,M3-BASE与M3-BOUND提供用户自然靠近、共享和边界通道；M5-BOUND负责判断双方如何共同治理。,无／按本规则指定的提议—知情—同意—执行—复核—重订路径路由。,近位、远位只修正该边界需求进入亲密关系核心的可能；不得据此判断具体伴侣一定尊重或越界。,根气只修正用户边界需求是否稳定重复，不等于双方已形成成熟治理。,旺弱只修正某项自主、共享、规则或空间功能的调用强度，不直接等于控制、回避或适配质量。,喜忌只修正功能调用顺畅度与摩擦，不可直接翻译为理想伴侣五行、十神或必然互补。,真合化成立时按化神功能重算边界需求；合化争议时停止细化边界画像。,近位提高该边界议题进入关系核心的可能；远位只保留背景或阶段性观察。,82,+20,boundary_evidence_level,可进入SYNTH高现实证据候选。,可进入SYNTH高现实证据候选。,不得仅凭本规则推出某人必然控制、回避、依赖、忠诚或适合结婚；不得把亲密解释为无隐私，把保护解释为替代决定，把贡献多少解释为决策权大小。现实安全、明确同意、可撤回性、持续行为、反例与双方意愿优先。,中高,待验证,,scoring_reporting=true; provisional=true; rule_group=BOUND-评分报告,0.5
M5-BOUND-490,BO01个人决定权加权,L10 评分、报告与校准,BOUND-评分报告,通用,评分,BO01个人决定权加权,,个人领域最终决定权被双方稳定承认。,PR0安全门控未通过时停止普通评分。,由共享基础引擎、M3-BOUND与M5-BASE提供；只修正用户需要怎样的自主、共享、授权与空间结构，不直接判断具体关系现实中公平或安全。,M2只说明谁容易进入关系及资格证据；不能替代具体对象的同意、边界、资源和权力行为验证。,M3-BASE与M3-BOUND提供用户自然靠近、共享和边界通道；M5-BOUND负责判断双方如何共同治理。,无／按本规则指定的提议—知情—同意—执行—复核—重订路径路由。,近位、远位只修正该边界需求进入亲密关系核心的可能；不得据此判断具体伴侣一定尊重或越界。,根气只修正用户边界需求是否稳定重复，不等于双方已形成成熟治理。,旺弱只修正某项自主、共享、规则或空间功能的调用强度，不直接等于控制、回避或适配质量。,喜忌只修正功能调用顺畅度与摩擦，不可直接翻译为理想伴侣五行、十神或必然互补。,真合化成立时按化神功能重算边界需求；合化争议时停止细化边界画像。,近位提高该边界议题进入关系核心的可能；远位只保留背景或阶段性观察。,82,+10,personal_decision_profile,边界底座。,边界底座。,不得仅凭本规则推出某人必然控制、回避、依赖、忠诚或适合结婚；不得把亲密解释为无隐私，把保护解释为替代决定，把贡献多少解释为决策权大小。现实安全、明确同意、可撤回性、持续行为、反例与双方意愿优先。,中高,待验证,,scoring_reporting=true; provisional=true; rule_group=BOUND-评分报告,0.5
M5-BOUND-491,BO02共同决定机制加权,L10 评分、报告与校准,BOUND-评分报告,通用,评分,BO02共同决定机制加权,,重大共同事项具备双重知情、明确同意和暂停机制。,PR0安全门控未通过时停止普通评分。,由共享基础引擎、M3-BOUND与M5-BASE提供；只修正用户需要怎样的自主、共享、授权与空间结构，不直接判断具体关系现实中公平或安全。,M2只说明谁容易进入关系及资格证据；不能替代具体对象的同意、边界、资源和权力行为验证。,M3-BASE与M3-BOUND提供用户自然靠近、共享和边界通道；M5-BOUND负责判断双方如何共同治理。,无／按本规则指定的提议—知情—同意—执行—复核—重订路径路由。,近位、远位只修正该边界需求进入亲密关系核心的可能；不得据此判断具体伴侣一定尊重或越界。,根气只修正用户边界需求是否稳定重复，不等于双方已形成成熟治理。,旺弱只修正某项自主、共享、规则或空间功能的调用强度，不直接等于控制、回避或适配质量。,喜忌只修正功能调用顺畅度与摩擦，不可直接翻译为理想伴侣五行、十神或必然互补。,真合化成立时按化神功能重算边界需求；合化争议时停止细化边界画像。,近位提高该边界议题进入关系核心的可能；远位只保留背景或阶段性观察。,82,+12,joint_decision_profile,共同治理核心。,共同治理核心。,不得仅凭本规则推出某人必然控制、回避、依赖、忠诚或适合结婚；不得把亲密解释为无隐私，把保护解释为替代决定，把贡献多少解释为决策权大小。现实安全、明确同意、可撤回性、持续行为、反例与双方意愿优先。,中高,待验证,,scoring_reporting=true; provisional=true; rule_group=BOUND-评分报告,0.5
M5-BOUND-492,BO03信息透明加权,L10 评分、报告与校准,BOUND-评分报告,通用,评分,BO03信息透明加权,,重要共同影响信息及时、准确、足够。,PR0安全门控未通过时停止普通评分。,由共享基础引擎、M3-BOUND与M5-BASE提供；只修正用户需要怎样的自主、共享、授权与空间结构，不直接判断具体关系现实中公平或安全。,M2只说明谁容易进入关系及资格证据；不能替代具体对象的同意、边界、资源和权力行为验证。,M3-BASE与M3-BOUND提供用户自然靠近、共享和边界通道；M5-BOUND负责判断双方如何共同治理。,无／按本规则指定的提议—知情—同意—执行—复核—重订路径路由。,近位、远位只修正该边界需求进入亲密关系核心的可能；不得据此判断具体伴侣一定尊重或越界。,根气只修正用户边界需求是否稳定重复，不等于双方已形成成熟治理。,旺弱只修正某项自主、共享、规则或空间功能的调用强度，不直接等于控制、回避或适配质量。,喜忌只修正功能调用顺畅度与摩擦，不可直接翻译为理想伴侣五行、十神或必然互补。,真合化成立时按化神功能重算边界需求；合化争议时停止细化边界画像。,近位提高该边界议题进入关系核心的可能；远位只保留背景或阶段性观察。,82,+10,information_transparency,隐私与共同信息分开。,隐私与共同信息分开。,不得仅凭本规则推出某人必然控制、回避、依赖、忠诚或适合结婚；不得把亲密解释为无隐私，把保护解释为替代决定，把贡献多少解释为决策权大小。现实安全、明确同意、可撤回性、持续行为、反例与双方意愿优先。,中高,待验证,,scoring_reporting=true; provisional=true; rule_group=BOUND-评分报告,0.5
M5-BOUND-493,BO04同意撤回加权,L10 评分、报告与校准,BOUND-评分报告,通用,评分,BO04同意撤回加权,,拒绝、撤回和改变主意无惩罚并立即生效。,PR0安全门控未通过时停止普通评分。,由共享基础引擎、M3-BOUND与M5-BASE提供；只修正用户需要怎样的自主、共享、授权与空间结构，不直接判断具体关系现实中公平或安全。,M2只说明谁容易进入关系及资格证据；不能替代具体对象的同意、边界、资源和权力行为验证。,M3-BASE与M3-BOUND提供用户自然靠近、共享和边界通道；M5-BOUND负责判断双方如何共同治理。,无／按本规则指定的提议—知情—同意—执行—复核—重订路径路由。,近位、远位只修正该边界需求进入亲密关系核心的可能；不得据此判断具体伴侣一定尊重或越界。,根气只修正用户边界需求是否稳定重复，不等于双方已形成成熟治理。,旺弱只修正某项自主、共享、规则或空间功能的调用强度，不直接等于控制、回避或适配质量。,喜忌只修正功能调用顺畅度与摩擦，不可直接翻译为理想伴侣五行、十神或必然互补。,真合化成立时按化神功能重算边界需求；合化争议时停止细化边界画像。,近位提高该边界议题进入关系核心的可能；远位只保留背景或阶段性观察。,82,+16,consent_boundary,PR0核心底线。,PR0核心底线。,不得仅凭本规则推出某人必然控制、回避、依赖、忠诚或适合结婚；不得把亲密解释为无隐私，把保护解释为替代决定，把贡献多少解释为决策权大小。现实安全、明确同意、可撤回性、持续行为、反例与双方意愿优先。,中高,待验证,,scoring_reporting=true; provisional=true; rule_group=BOUND-评分报告,0.5
M5-BOUND-494,BO05资源访问加权,L10 评分、报告与校准,BOUND-评分报告,通用,评分,BO05资源访问加权,,个人基本资源不被剥夺，共同资源权限透明。,PR0安全门控未通过时停止普通评分。,由共享基础引擎、M3-BOUND与M5-BASE提供；只修正用户需要怎样的自主、共享、授权与空间结构，不直接判断具体关系现实中公平或安全。,M2只说明谁容易进入关系及资格证据；不能替代具体对象的同意、边界、资源和权力行为验证。,M3-BASE与M3-BOUND提供用户自然靠近、共享和边界通道；M5-BOUND负责判断双方如何共同治理。,无／按本规则指定的提议—知情—同意—执行—复核—重订路径路由。,近位、远位只修正该边界需求进入亲密关系核心的可能；不得据此判断具体伴侣一定尊重或越界。,根气只修正用户边界需求是否稳定重复，不等于双方已形成成熟治理。,旺弱只修正某项自主、共享、规则或空间功能的调用强度，不直接等于控制、回避或适配质量。,喜忌只修正功能调用顺畅度与摩擦，不可直接翻译为理想伴侣五行、十神或必然互补。,真合化成立时按化神功能重算边界需求；合化争议时停止细化边界画像。,近位提高该边界议题进入关系核心的可能；远位只保留背景或阶段性观察。,82,+14,resource_power,防经济与资源控制。,防经济与资源控制。,不得仅凭本规则推出某人必然控制、回避、依赖、忠诚或适合结婚；不得把亲密解释为无隐私，把保护解释为替代决定，把贡献多少解释为决策权大小。现实安全、明确同意、可撤回性、持续行为、反例与双方意愿优先。,中高,待验证,,scoring_reporting=true; provisional=true; rule_group=BOUND-评分报告,0.5
M5-BOUND-495,BO06数字隐私加权,L10 评分、报告与校准,BOUND-评分报告,通用,评分,BO06数字隐私加权,,设备、位置、账号与影像访问基于具体可撤回同意。,PR0安全门控未通过时停止普通评分。,由共享基础引擎、M3-BOUND与M5-BASE提供；只修正用户需要怎样的自主、共享、授权与空间结构，不直接判断具体关系现实中公平或安全。,M2只说明谁容易进入关系及资格证据；不能替代具体对象的同意、边界、资源和权力行为验证。,M3-BASE与M3-BOUND提供用户自然靠近、共享和边界通道；M5-BOUND负责判断双方如何共同治理。,无／按本规则指定的提议—知情—同意—执行—复核—重订路径路由。,近位、远位只修正该边界需求进入亲密关系核心的可能；不得据此判断具体伴侣一定尊重或越界。,根气只修正用户边界需求是否稳定重复，不等于双方已形成成熟治理。,旺弱只修正某项自主、共享、规则或空间功能的调用强度，不直接等于控制、回避或适配质量。,喜忌只修正功能调用顺畅度与摩擦，不可直接翻译为理想伴侣五行、十神或必然互补。,真合化成立时按化神功能重算边界需求；合化争议时停止细化边界画像。,近位提高该边界议题进入关系核心的可能；远位只保留背景或阶段性观察。,82,+12,privacy_boundary,防强制透明。,防强制透明。,不得仅凭本规则推出某人必然控制、回避、依赖、忠诚或适合结婚；不得把亲密解释为无隐私，把保护解释为替代决定，把贡献多少解释为决策权大小。现实安全、明确同意、可撤回性、持续行为、反例与双方意愿优先。,中高,待验证,,scoring_reporting=true; provisional=true; rule_group=BOUND-评分报告,0.5
M5-BOUND-496,BO07时间空间社交加权,L10 评分、报告与校准,BOUND-评分报告,通用,评分,BO07时间空间社交加权,,个人时间、社交和共同时间可协商且不隔离。,PR0安全门控未通过时停止普通评分。,由共享基础引擎、M3-BOUND与M5-BASE提供；只修正用户需要怎样的自主、共享、授权与空间结构，不直接判断具体关系现实中公平或安全。,M2只说明谁容易进入关系及资格证据；不能替代具体对象的同意、边界、资源和权力行为验证。,M3-BASE与M3-BOUND提供用户自然靠近、共享和边界通道；M5-BOUND负责判断双方如何共同治理。,无／按本规则指定的提议—知情—同意—执行—复核—重订路径路由。,近位、远位只修正该边界需求进入亲密关系核心的可能；不得据此判断具体伴侣一定尊重或越界。,根气只修正用户边界需求是否稳定重复，不等于双方已形成成熟治理。,旺弱只修正某项自主、共享、规则或空间功能的调用强度，不直接等于控制、回避或适配质量。,喜忌只修正功能调用顺畅度与摩擦，不可直接翻译为理想伴侣五行、十神或必然互补。,真合化成立时按化神功能重算边界需求；合化争议时停止细化边界画像。,近位提高该边界议题进入关系核心的可能；远位只保留背景或阶段性观察。,82,+10,time_space_boundary,靠近与独立并存。,靠近与独立并存。,不得仅凭本规则推出某人必然控制、回避、依赖、忠诚或适合结婚；不得把亲密解释为无隐私，把保护解释为替代决定，把贡献多少解释为决策权大小。现实安全、明确同意、可撤回性、持续行为、反例与双方意愿优先。,中高,待验证,,scoring_reporting=true; provisional=true; rule_group=BOUND-评分报告,0.5
M5-BOUND-497,BO08身体亲密健康加权,L10 评分、报告与校准,BOUND-评分报告,通用,评分,BO08身体亲密健康加权,,身体、性、医疗与生育保持持续同意和本人最终自主。,PR0安全门控未通过时停止普通评分。,由共享基础引擎、M3-BOUND与M5-BASE提供；只修正用户需要怎样的自主、共享、授权与空间结构，不直接判断具体关系现实中公平或安全。,M2只说明谁容易进入关系及资格证据；不能替代具体对象的同意、边界、资源和权力行为验证。,M3-BASE与M3-BOUND提供用户自然靠近、共享和边界通道；M5-BOUND负责判断双方如何共同治理。,无／按本规则指定的提议—知情—同意—执行—复核—重订路径路由。,近位、远位只修正该边界需求进入亲密关系核心的可能；不得据此判断具体伴侣一定尊重或越界。,根气只修正用户边界需求是否稳定重复，不等于双方已形成成熟治理。,旺弱只修正某项自主、共享、规则或空间功能的调用强度，不直接等于控制、回避或适配质量。,喜忌只修正功能调用顺畅度与摩擦，不可直接翻译为理想伴侣五行、十神或必然互补。,真合化成立时按化神功能重算边界需求；合化争议时停止细化边界画像。,近位提高该边界议题进入关系核心的可能；远位只保留背景或阶段性观察。,82,+18,body_intimacy_boundary,最高安全权重。,最高安全权重。,不得仅凭本规则推出某人必然控制、回避、依赖、忠诚或适合结婚；不得把亲密解释为无隐私，把保护解释为替代决定，把贡献多少解释为决策权大小。现实安全、明确同意、可撤回性、持续行为、反例与双方意愿优先。,中高,待验证,,scoring_reporting=true; provisional=true; rule_group=BOUND-评分报告,0.5
M5-BOUND-498,BO09家庭第三方加权,L10 评分、报告与校准,BOUND-评分报告,通用,评分,BO09家庭第三方加权,,家庭介入、照护和共同资源承诺由双方知情协商。,PR0安全门控未通过时停止普通评分。,由共享基础引擎、M3-BOUND与M5-BASE提供；只修正用户需要怎样的自主、共享、授权与空间结构，不直接判断具体关系现实中公平或安全。,M2只说明谁容易进入关系及资格证据；不能替代具体对象的同意、边界、资源和权力行为验证。,M3-BASE与M3-BOUND提供用户自然靠近、共享和边界通道；M5-BOUND负责判断双方如何共同治理。,无／按本规则指定的提议—知情—同意—执行—复核—重订路径路由。,近位、远位只修正该边界需求进入亲密关系核心的可能；不得据此判断具体伴侣一定尊重或越界。,根气只修正用户边界需求是否稳定重复，不等于双方已形成成熟治理。,旺弱只修正某项自主、共享、规则或空间功能的调用强度，不直接等于控制、回避或适配质量。,喜忌只修正功能调用顺畅度与摩擦，不可直接翻译为理想伴侣五行、十神或必然互补。,真合化成立时按化神功能重算边界需求；合化争议时停止细化边界画像。,近位提高该边界议题进入关系核心的可能；远位只保留背景或阶段性观察。,82,+10,family_thirdparty_boundary,第三方不替代双方决定。,第三方不替代双方决定。,不得仅凭本规则推出某人必然控制、回避、依赖、忠诚或适合结婚；不得把亲密解释为无隐私，把保护解释为替代决定，把贡献多少解释为决策权大小。现实安全、明确同意、可撤回性、持续行为、反例与双方意愿优先。,中高,待验证,,scoring_reporting=true; provisional=true; rule_group=BOUND-评分报告,0.5
M5-BOUND-499,BO10重订修复加权,L10 评分、报告与校准,BOUND-评分报告,通用,评分,BO10重订修复加权,,边界变化或越界后能停止、归还权限、重订和回访。,PR0安全门控未通过时停止普通评分。,由共享基础引擎、M3-BOUND与M5-BASE提供；只修正用户需要怎样的自主、共享、授权与空间结构，不直接判断具体关系现实中公平或安全。,M2只说明谁容易进入关系及资格证据；不能替代具体对象的同意、边界、资源和权力行为验证。,M3-BASE与M3-BOUND提供用户自然靠近、共享和边界通道；M5-BOUND负责判断双方如何共同治理。,无／按本规则指定的提议—知情—同意—执行—复核—重订路径路由。,近位、远位只修正该边界需求进入亲密关系核心的可能；不得据此判断具体伴侣一定尊重或越界。,根气只修正用户边界需求是否稳定重复，不等于双方已形成成熟治理。,旺弱只修正某项自主、共享、规则或空间功能的调用强度，不直接等于控制、回避或适配质量。,喜忌只修正功能调用顺畅度与摩擦，不可直接翻译为理想伴侣五行、十神或必然互补。,真合化成立时按化神功能重算边界需求；合化争议时停止细化边界画像。,近位提高该边界议题进入关系核心的可能；远位只保留背景或阶段性观察。,82,+14,renegotiation_repair,长期适配核心。,长期适配核心。,不得仅凭本规则推出某人必然控制、回避、依赖、忠诚或适合结婚；不得把亲密解释为无隐私，把保护解释为替代决定，把贡献多少解释为决策权大小。现实安全、明确同意、可撤回性、持续行为、反例与双方意愿优先。,中高,待验证,,scoring_reporting=true; provisional=true; rule_group=BOUND-评分报告,0.5
M5-BOUND-500,GB边界误读扣分,L10 评分、报告与校准,BOUND-评分报告,通用,评分,GB边界误读扣分,,任一GB成立且未被BV6—BV7排除。,PR0安全门控未通过时停止普通评分。,由共享基础引擎、M3-BOUND与M5-BASE提供；只修正用户需要怎样的自主、共享、授权与空间结构，不直接判断具体关系现实中公平或安全。,M2只说明谁容易进入关系及资格证据；不能替代具体对象的同意、边界、资源和权力行为验证。,M3-BASE与M3-BOUND提供用户自然靠近、共享和边界通道；M5-BOUND负责判断双方如何共同治理。,无／按本规则指定的提议—知情—同意—执行—复核—重订路径路由。,近位、远位只修正该边界需求进入亲密关系核心的可能；不得据此判断具体伴侣一定尊重或越界。,根气只修正用户边界需求是否稳定重复，不等于双方已形成成熟治理。,旺弱只修正某项自主、共享、规则或空间功能的调用强度，不直接等于控制、回避或适配质量。,喜忌只修正功能调用顺畅度与摩擦，不可直接翻译为理想伴侣五行、十神或必然互补。,真合化成立时按化神功能重算边界需求；合化争议时停止细化边界画像。,近位提高该边界议题进入关系核心的可能；远位只保留背景或阶段性观察。,82,-12,pseudo_boundary_warning,降低对应BC、BM或BS成熟结论。,降低对应BC、BM或BS成熟结论。,不得仅凭本规则推出某人必然控制、回避、依赖、忠诚或适合结婚；不得把亲密解释为无隐私，把保护解释为替代决定，把贡献多少解释为决策权大小。现实安全、明确同意、可撤回性、持续行为、反例与双方意愿优先。,中高,待验证,,scoring_reporting=true; provisional=true; rule_group=BOUND-评分报告,0.5
M5-BOUND-501,现实强反例扣分,L10 评分、报告与校准,BOUND-评分报告,通用,评分,现实强反例扣分,,跨领域或跨阶段多次反例。,PR0安全门控未通过时停止普通评分。,由共享基础引擎、M3-BOUND与M5-BASE提供；只修正用户需要怎样的自主、共享、授权与空间结构，不直接判断具体关系现实中公平或安全。,M2只说明谁容易进入关系及资格证据；不能替代具体对象的同意、边界、资源和权力行为验证。,M3-BASE与M3-BOUND提供用户自然靠近、共享和边界通道；M5-BOUND负责判断双方如何共同治理。,无／按本规则指定的提议—知情—同意—执行—复核—重订路径路由。,近位、远位只修正该边界需求进入亲密关系核心的可能；不得据此判断具体伴侣一定尊重或越界。,根气只修正用户边界需求是否稳定重复，不等于双方已形成成熟治理。,旺弱只修正某项自主、共享、规则或空间功能的调用强度，不直接等于控制、回避或适配质量。,喜忌只修正功能调用顺畅度与摩擦，不可直接翻译为理想伴侣五行、十神或必然互补。,真合化成立时按化神功能重算边界需求；合化争议时停止细化边界画像。,近位提高该边界议题进入关系核心的可能；远位只保留背景或阶段性观察。,82,-20至停止,counterevidence,直接降级或停止。,直接降级或停止。,不得仅凭本规则推出某人必然控制、回避、依赖、忠诚或适合结婚；不得把亲密解释为无隐私，把保护解释为替代决定，把贡献多少解释为决策权大小。现实安全、明确同意、可撤回性、持续行为、反例与双方意愿优先。,中高,待验证,,scoring_reporting=true; provisional=true; rule_group=BOUND-评分报告,0.5
M5-BOUND-502,同一event_id基础分封顶,L10 评分、报告与校准,BOUND-评分报告,通用,去重,同一event_id基础分封顶,,一个事件支持多个BO、DG或BR。,PR0安全门控未通过时停止普通评分。,由共享基础引擎、M3-BOUND与M5-BASE提供；只修正用户需要怎样的自主、共享、授权与空间结构，不直接判断具体关系现实中公平或安全。,M2只说明谁容易进入关系及资格证据；不能替代具体对象的同意、边界、资源和权力行为验证。,M3-BASE与M3-BOUND提供用户自然靠近、共享和边界通道；M5-BOUND负责判断双方如何共同治理。,无／按本规则指定的提议—知情—同意—执行—复核—重订路径路由。,近位、远位只修正该边界需求进入亲密关系核心的可能；不得据此判断具体伴侣一定尊重或越界。,根气只修正用户边界需求是否稳定重复，不等于双方已形成成熟治理。,旺弱只修正某项自主、共享、规则或空间功能的调用强度，不直接等于控制、回避或适配质量。,喜忌只修正功能调用顺畅度与摩擦，不可直接翻译为理想伴侣五行、十神或必然互补。,真合化成立时按化神功能重算边界需求；合化争议时停止细化边界画像。,近位提高该边界议题进入关系核心的可能；远位只保留背景或阶段性观察。,98,封顶一次,provenance,基础事件分只计一次。,基础事件分只计一次。,不得仅凭本规则推出某人必然控制、回避、依赖、忠诚或适合结婚；不得把亲密解释为无隐私，把保护解释为替代决定，把贡献多少解释为决策权大小。现实安全、明确同意、可撤回性、持续行为、反例与双方意愿优先。,高,待验证,,scoring_reporting=true; provisional=true; rule_group=BOUND-评分报告,0.5
M5-BOUND-503,同一source_id基础分封顶,L10 评分、报告与校准,BOUND-评分报告,通用,去重,同一source_id基础分封顶,,一个命盘事实被多个模块读取。,PR0安全门控未通过时停止普通评分。,由共享基础引擎、M3-BOUND与M5-BASE提供；只修正用户需要怎样的自主、共享、授权与空间结构，不直接判断具体关系现实中公平或安全。,M2只说明谁容易进入关系及资格证据；不能替代具体对象的同意、边界、资源和权力行为验证。,M3-BASE与M3-BOUND提供用户自然靠近、共享和边界通道；M5-BOUND负责判断双方如何共同治理。,无／按本规则指定的提议—知情—同意—执行—复核—重订路径路由。,近位、远位只修正该边界需求进入亲密关系核心的可能；不得据此判断具体伴侣一定尊重或越界。,根气只修正用户边界需求是否稳定重复，不等于双方已形成成熟治理。,旺弱只修正某项自主、共享、规则或空间功能的调用强度，不直接等于控制、回避或适配质量。,喜忌只修正功能调用顺畅度与摩擦，不可直接翻译为理想伴侣五行、十神或必然互补。,真合化成立时按化神功能重算边界需求；合化争议时停止细化边界画像。,近位提高该边界议题进入关系核心的可能；远位只保留背景或阶段性观察。,98,封顶一次,provenance,基础结构权重只计一次。,基础结构权重只计一次。,不得仅凭本规则推出某人必然控制、回避、依赖、忠诚或适合结婚；不得把亲密解释为无隐私，把保护解释为替代决定，把贡献多少解释为决策权大小。现实安全、明确同意、可撤回性、持续行为、反例与双方意愿优先。,高,待验证,,scoring_reporting=true; provisional=true; rule_group=BOUND-评分报告,0.5
M5-BOUND-504,跨领域整体结论门槛,L10 评分、报告与校准,BOUND-评分报告,通用,评分,跨领域整体结论门槛,,至少两个DG领域有独立事件，或一个BV5/BV6高信息事件。,PR0安全门控未通过时停止普通评分。,由共享基础引擎、M3-BOUND与M5-BASE提供；只修正用户需要怎样的自主、共享、授权与空间结构，不直接判断具体关系现实中公平或安全。,M2只说明谁容易进入关系及资格证据；不能替代具体对象的同意、边界、资源和权力行为验证。,M3-BASE与M3-BOUND提供用户自然靠近、共享和边界通道；M5-BOUND负责判断双方如何共同治理。,无／按本规则指定的提议—知情—同意—执行—复核—重订路径路由。,近位、远位只修正该边界需求进入亲密关系核心的可能；不得据此判断具体伴侣一定尊重或越界。,根气只修正用户边界需求是否稳定重复，不等于双方已形成成熟治理。,旺弱只修正某项自主、共享、规则或空间功能的调用强度，不直接等于控制、回避或适配质量。,喜忌只修正功能调用顺畅度与摩擦，不可直接翻译为理想伴侣五行、十神或必然互补。,真合化成立时按化神功能重算边界需求；合化争议时停止细化边界画像。,近位提高该边界议题进入关系核心的可能；远位只保留背景或阶段性观察。,82,+10,decision_domains,才能写整体边界候选。,才能写整体边界候选。,不得仅凭本规则推出某人必然控制、回避、依赖、忠诚或适合结婚；不得把亲密解释为无隐私，把保护解释为替代决定，把贡献多少解释为决策权大小。现实安全、明确同意、可撤回性、持续行为、反例与双方意愿优先。,中高,待验证,,scoring_reporting=true; provisional=true; rule_group=BOUND-评分报告,0.5
M5-BOUND-505,个人与共同决定分层加权,L10 评分、报告与校准,BOUND-评分报告,通用,评分,个人与共同决定分层加权,,至少三个DG领域清楚区分个人、告知、共同与授权。,PR0安全门控未通过时停止普通评分。,由共享基础引擎、M3-BOUND与M5-BASE提供；只修正用户需要怎样的自主、共享、授权与空间结构，不直接判断具体关系现实中公平或安全。,M2只说明谁容易进入关系及资格证据；不能替代具体对象的同意、边界、资源和权力行为验证。,M3-BASE与M3-BOUND提供用户自然靠近、共享和边界通道；M5-BOUND负责判断双方如何共同治理。,无／按本规则指定的提议—知情—同意—执行—复核—重订路径路由。,近位、远位只修正该边界需求进入亲密关系核心的可能；不得据此判断具体伴侣一定尊重或越界。,根气只修正用户边界需求是否稳定重复，不等于双方已形成成熟治理。,旺弱只修正某项自主、共享、规则或空间功能的调用强度，不直接等于控制、回避或适配质量。,喜忌只修正功能调用顺畅度与摩擦，不可直接翻译为理想伴侣五行、十神或必然互补。,真合化成立时按化神功能重算边界需求；合化争议时停止细化边界画像。,近位提高该边界议题进入关系核心的可能；远位只保留背景或阶段性观察。,82,+12,decision_governance,提高BM04候选。,提高BM04候选。,不得仅凭本规则推出某人必然控制、回避、依赖、忠诚或适合结婚；不得把亲密解释为无隐私，把保护解释为替代决定，把贡献多少解释为决策权大小。现实安全、明确同意、可撤回性、持续行为、反例与双方意愿优先。,中高,待验证,,scoring_reporting=true; provisional=true; rule_group=BOUND-评分报告,0.5
M5-BOUND-506,同意权高优先级门控,L10 评分、报告与校准,BOUND-评分报告,通用,安全,同意权高优先级门控,,任何领域存在明确拒绝后仍继续、撤回受惩罚或被强迫。,PR0安全门控未通过时停止普通评分。,由共享基础引擎、M3-BOUND与M5-BASE提供；只修正用户需要怎样的自主、共享、授权与空间结构，不直接判断具体关系现实中公平或安全。,M2只说明谁容易进入关系及资格证据；不能替代具体对象的同意、边界、资源和权力行为验证。,M3-BASE与M3-BOUND提供用户自然靠近、共享和边界通道；M5-BOUND负责判断双方如何共同治理。,无／按本规则指定的提议—知情—同意—执行—复核—重订路径路由。,近位、远位只修正该边界需求进入亲密关系核心的可能；不得据此判断具体伴侣一定尊重或越界。,根气只修正用户边界需求是否稳定重复，不等于双方已形成成熟治理。,旺弱只修正某项自主、共享、规则或空间功能的调用强度，不直接等于控制、回避或适配质量。,喜忌只修正功能调用顺畅度与摩擦，不可直接翻译为理想伴侣五行、十神或必然互补。,真合化成立时按化神功能重算边界需求；合化争议时停止细化边界画像。,近位提高该边界议题进入关系核心的可能；远位只保留背景或阶段性观察。,98,停止,report_status,停止普通适配并优先现实安全。,停止普通适配并优先现实安全。,不得仅凭本规则推出某人必然控制、回避、依赖、忠诚或适合结婚；不得把亲密解释为无隐私，把保护解释为替代决定，把贡献多少解释为决策权大小。现实安全、明确同意、可撤回性、持续行为、反例与双方意愿优先。,高,待验证,,scoring_reporting=true; provisional=true; rule_group=BOUND-评分报告,0.5
M5-BOUND-507,资源控制高优先级门控,L10 评分、报告与校准,BOUND-评分报告,通用,安全,资源控制高优先级门控,,扣留基本资金、限制工作、垄断账户、以资源换服从。,PR0安全门控未通过时停止普通评分。,由共享基础引擎、M3-BOUND与M5-BASE提供；只修正用户需要怎样的自主、共享、授权与空间结构，不直接判断具体关系现实中公平或安全。,M2只说明谁容易进入关系及资格证据；不能替代具体对象的同意、边界、资源和权力行为验证。,M3-BASE与M3-BOUND提供用户自然靠近、共享和边界通道；M5-BOUND负责判断双方如何共同治理。,无／按本规则指定的提议—知情—同意—执行—复核—重订路径路由。,近位、远位只修正该边界需求进入亲密关系核心的可能；不得据此判断具体伴侣一定尊重或越界。,根气只修正用户边界需求是否稳定重复，不等于双方已形成成熟治理。,旺弱只修正某项自主、共享、规则或空间功能的调用强度，不直接等于控制、回避或适配质量。,喜忌只修正功能调用顺畅度与摩擦，不可直接翻译为理想伴侣五行、十神或必然互补。,真合化成立时按化神功能重算边界需求；合化争议时停止细化边界画像。,近位提高该边界议题进入关系核心的可能；远位只保留背景或阶段性观察。,98,停止,report_status,停止普通互补与分工叙事。,停止普通互补与分工叙事。,不得仅凭本规则推出某人必然控制、回避、依赖、忠诚或适合结婚；不得把亲密解释为无隐私，把保护解释为替代决定，把贡献多少解释为决策权大小。现实安全、明确同意、可撤回性、持续行为、反例与双方意愿优先。,高,待验证,,scoring_reporting=true; provisional=true; rule_group=BOUND-评分报告,0.5
M5-BOUND-508,数字监控高优先级门控,L10 评分、报告与校准,BOUND-评分报告,通用,安全,数字监控高优先级门控,,强制查机、定位、跟踪、公开影像或通讯监控。,PR0安全门控未通过时停止普通评分。,由共享基础引擎、M3-BOUND与M5-BASE提供；只修正用户需要怎样的自主、共享、授权与空间结构，不直接判断具体关系现实中公平或安全。,M2只说明谁容易进入关系及资格证据；不能替代具体对象的同意、边界、资源和权力行为验证。,M3-BASE与M3-BOUND提供用户自然靠近、共享和边界通道；M5-BOUND负责判断双方如何共同治理。,无／按本规则指定的提议—知情—同意—执行—复核—重订路径路由。,近位、远位只修正该边界需求进入亲密关系核心的可能；不得据此判断具体伴侣一定尊重或越界。,根气只修正用户边界需求是否稳定重复，不等于双方已形成成熟治理。,旺弱只修正某项自主、共享、规则或空间功能的调用强度，不直接等于控制、回避或适配质量。,喜忌只修正功能调用顺畅度与摩擦，不可直接翻译为理想伴侣五行、十神或必然互补。,真合化成立时按化神功能重算边界需求；合化争议时停止细化边界画像。,近位提高该边界议题进入关系核心的可能；远位只保留背景或阶段性观察。,98,停止,report_status,优先安全、隐私与现实支持。,优先安全、隐私与现实支持。,不得仅凭本规则推出某人必然控制、回避、依赖、忠诚或适合结婚；不得把亲密解释为无隐私，把保护解释为替代决定，把贡献多少解释为决策权大小。现实安全、明确同意、可撤回性、持续行为、反例与双方意愿优先。,高,待验证,,scoring_reporting=true; provisional=true; rule_group=BOUND-评分报告,0.5
M5-BOUND-509,身体亲密高优先级门控,L10 评分、报告与校准,BOUND-评分报告,通用,安全,身体亲密高优先级门控,,性、身体、医疗或生育同意被越过。,PR0安全门控未通过时停止普通评分。,由共享基础引擎、M3-BOUND与M5-BASE提供；只修正用户需要怎样的自主、共享、授权与空间结构，不直接判断具体关系现实中公平或安全。,M2只说明谁容易进入关系及资格证据；不能替代具体对象的同意、边界、资源和权力行为验证。,M3-BASE与M3-BOUND提供用户自然靠近、共享和边界通道；M5-BOUND负责判断双方如何共同治理。,无／按本规则指定的提议—知情—同意—执行—复核—重订路径路由。,近位、远位只修正该边界需求进入亲密关系核心的可能；不得据此判断具体伴侣一定尊重或越界。,根气只修正用户边界需求是否稳定重复，不等于双方已形成成熟治理。,旺弱只修正某项自主、共享、规则或空间功能的调用强度，不直接等于控制、回避或适配质量。,喜忌只修正功能调用顺畅度与摩擦，不可直接翻译为理想伴侣五行、十神或必然互补。,真合化成立时按化神功能重算边界需求；合化争议时停止细化边界画像。,近位提高该边界议题进入关系核心的可能；远位只保留背景或阶段性观察。,98,停止,report_status,停止普通关系适配分析。,停止普通关系适配分析。,不得仅凭本规则推出某人必然控制、回避、依赖、忠诚或适合结婚；不得把亲密解释为无隐私，把保护解释为替代决定，把贡献多少解释为决策权大小。现实安全、明确同意、可撤回性、持续行为、反例与双方意愿优先。,高,待验证,,scoring_reporting=true; provisional=true; rule_group=BOUND-评分报告,0.5
M5-BOUND-510,临时授权成熟门槛,L10 评分、报告与校准,BOUND-评分报告,通用,评分,临时授权成熟门槛,,BR03至少具备范围、期限、撤回、信息和归还五项中的四项。,PR0安全门控未通过时停止普通评分。,由共享基础引擎、M3-BOUND与M5-BASE提供；只修正用户需要怎样的自主、共享、授权与空间结构，不直接判断具体关系现实中公平或安全。,M2只说明谁容易进入关系及资格证据；不能替代具体对象的同意、边界、资源和权力行为验证。,M3-BASE与M3-BOUND提供用户自然靠近、共享和边界通道；M5-BOUND负责判断双方如何共同治理。,无／按本规则指定的提议—知情—同意—执行—复核—重订路径路由。,近位、远位只修正该边界需求进入亲密关系核心的可能；不得据此判断具体伴侣一定尊重或越界。,根气只修正用户边界需求是否稳定重复，不等于双方已形成成熟治理。,旺弱只修正某项自主、共享、规则或空间功能的调用强度，不直接等于控制、回避或适配质量。,喜忌只修正功能调用顺畅度与摩擦，不可直接翻译为理想伴侣五行、十神或必然互补。,真合化成立时按化神功能重算边界需求；合化争议时停止细化边界画像。,近位提高该边界议题进入关系核心的可能；远位只保留背景或阶段性观察。,82,+12,boundary_path_status,提高BM05／BS04候选。,提高BM05／BS04候选。,不得仅凭本规则推出某人必然控制、回避、依赖、忠诚或适合结婚；不得把亲密解释为无隐私，把保护解释为替代决定，把贡献多少解释为决策权大小。现实安全、明确同意、可撤回性、持续行为、反例与双方意愿优先。,中高,待验证,,scoring_reporting=true; provisional=true; rule_group=BOUND-评分报告,0.5
M5-BOUND-511,高共享成熟门槛,L10 评分、报告与校准,BOUND-评分报告,通用,评分,高共享成熟门槛,,共享范围透明，个人身体、隐私、基本资源和退出权保留。,PR0安全门控未通过时停止普通评分。,由共享基础引擎、M3-BOUND与M5-BASE提供；只修正用户需要怎样的自主、共享、授权与空间结构，不直接判断具体关系现实中公平或安全。,M2只说明谁容易进入关系及资格证据；不能替代具体对象的同意、边界、资源和权力行为验证。,M3-BASE与M3-BOUND提供用户自然靠近、共享和边界通道；M5-BOUND负责判断双方如何共同治理。,无／按本规则指定的提议—知情—同意—执行—复核—重订路径路由。,近位、远位只修正该边界需求进入亲密关系核心的可能；不得据此判断具体伴侣一定尊重或越界。,根气只修正用户边界需求是否稳定重复，不等于双方已形成成熟治理。,旺弱只修正某项自主、共享、规则或空间功能的调用强度，不直接等于控制、回避或适配质量。,喜忌只修正功能调用顺畅度与摩擦，不可直接翻译为理想伴侣五行、十神或必然互补。,真合化成立时按化神功能重算边界需求；合化争议时停止细化边界画像。,近位提高该边界议题进入关系核心的可能；远位只保留背景或阶段性观察。,82,+12,boundary_mode,提高BM06／BS02候选。,提高BM06／BS02候选。,不得仅凭本规则推出某人必然控制、回避、依赖、忠诚或适合结婚；不得把亲密解释为无隐私，把保护解释为替代决定，把贡献多少解释为决策权大小。现实安全、明确同意、可撤回性、持续行为、反例与双方意愿优先。,中高,待验证,,scoring_reporting=true; provisional=true; rule_group=BOUND-评分报告,0.5
M5-BOUND-512,高独立成熟门槛,L10 评分、报告与校准,BOUND-评分报告,通用,评分,高独立成熟门槛,,最低连接、重要信息、共同责任和回归点稳定。,PR0安全门控未通过时停止普通评分。,由共享基础引擎、M3-BOUND与M5-BASE提供；只修正用户需要怎样的自主、共享、授权与空间结构，不直接判断具体关系现实中公平或安全。,M2只说明谁容易进入关系及资格证据；不能替代具体对象的同意、边界、资源和权力行为验证。,M3-BASE与M3-BOUND提供用户自然靠近、共享和边界通道；M5-BOUND负责判断双方如何共同治理。,无／按本规则指定的提议—知情—同意—执行—复核—重订路径路由。,近位、远位只修正该边界需求进入亲密关系核心的可能；不得据此判断具体伴侣一定尊重或越界。,根气只修正用户边界需求是否稳定重复，不等于双方已形成成熟治理。,旺弱只修正某项自主、共享、规则或空间功能的调用强度，不直接等于控制、回避或适配质量。,喜忌只修正功能调用顺畅度与摩擦，不可直接翻译为理想伴侣五行、十神或必然互补。,真合化成立时按化神功能重算边界需求；合化争议时停止细化边界画像。,近位提高该边界议题进入关系核心的可能；远位只保留背景或阶段性观察。,82,+12,boundary_mode,提高BM07／BS03候选。,提高BM07／BS03候选。,不得仅凭本规则推出某人必然控制、回避、依赖、忠诚或适合结婚；不得把亲密解释为无隐私，把保护解释为替代决定，把贡献多少解释为决策权大小。现实安全、明确同意、可撤回性、持续行为、反例与双方意愿优先。,中高,待验证,,scoring_reporting=true; provisional=true; rule_group=BOUND-评分报告,0.5
M5-BOUND-513,BR完整路径门槛,L10 评分、报告与校准,BOUND-评分报告,通用,评分,BR完整路径门槛,,BR至少三个节点独立成立，并到达复核、归还或重新开放。,PR0安全门控未通过时停止普通评分。,由共享基础引擎、M3-BOUND与M5-BASE提供；只修正用户需要怎样的自主、共享、授权与空间结构，不直接判断具体关系现实中公平或安全。,M2只说明谁容易进入关系及资格证据；不能替代具体对象的同意、边界、资源和权力行为验证。,M3-BASE与M3-BOUND提供用户自然靠近、共享和边界通道；M5-BOUND负责判断双方如何共同治理。,无／按本规则指定的提议—知情—同意—执行—复核—重订路径路由。,近位、远位只修正该边界需求进入亲密关系核心的可能；不得据此判断具体伴侣一定尊重或越界。,根气只修正用户边界需求是否稳定重复，不等于双方已形成成熟治理。,旺弱只修正某项自主、共享、规则或空间功能的调用强度，不直接等于控制、回避或适配质量。,喜忌只修正功能调用顺畅度与摩擦，不可直接翻译为理想伴侣五行、十神或必然互补。,真合化成立时按化神功能重算边界需求；合化争议时停止细化边界画像。,近位提高该边界议题进入关系核心的可能；远位只保留背景或阶段性观察。,82,+14,boundary_path_status,第一步完成不算闭环。,第一步完成不算闭环。,不得仅凭本规则推出某人必然控制、回避、依赖、忠诚或适合结婚；不得把亲密解释为无隐私，把保护解释为替代决定，把贡献多少解释为决策权大小。现实安全、明确同意、可撤回性、持续行为、反例与双方意愿优先。,中高,待验证,,scoring_reporting=true; provisional=true; rule_group=BOUND-评分报告,0.5
M5-BOUND-514,BR断链风险,L10 评分、报告与校准,BOUND-评分报告,通用,评分,BR断链风险,,提议、知情、同意、执行、归还或复核中的必要节点长期缺失。,PR0安全门控未通过时停止普通评分。,由共享基础引擎、M3-BOUND与M5-BASE提供；只修正用户需要怎样的自主、共享、授权与空间结构，不直接判断具体关系现实中公平或安全。,M2只说明谁容易进入关系及资格证据；不能替代具体对象的同意、边界、资源和权力行为验证。,M3-BASE与M3-BOUND提供用户自然靠近、共享和边界通道；M5-BOUND负责判断双方如何共同治理。,无／按本规则指定的提议—知情—同意—执行—复核—重订路径路由。,近位、远位只修正该边界需求进入亲密关系核心的可能；不得据此判断具体伴侣一定尊重或越界。,根气只修正用户边界需求是否稳定重复，不等于双方已形成成熟治理。,旺弱只修正某项自主、共享、规则或空间功能的调用强度，不直接等于控制、回避或适配质量。,喜忌只修正功能调用顺畅度与摩擦，不可直接翻译为理想伴侣五行、十神或必然互补。,真合化成立时按化神功能重算边界需求；合化争议时停止细化边界画像。,近位提高该边界议题进入关系核心的可能；远位只保留背景或阶段性观察。,82,风险 +14,boundary_path_status,路由M4 K06/K08或GB。,路由M4 K06/K08或GB。,不得仅凭本规则推出某人必然控制、回避、依赖、忠诚或适合结婚；不得把亲密解释为无隐私，把保护解释为替代决定，把贡献多少解释为决策权大小。现实安全、明确同意、可撤回性、持续行为、反例与双方意愿优先。,中高,待验证,,scoring_reporting=true; provisional=true; rule_group=BOUND-评分报告,0.5
M5-BOUND-515,M5-PARTNER个体能力加权,L10 评分、报告与校准,BOUND-评分报告,通用,接口,M5-PARTNER个体能力加权,,PS01/PS02且PV4以上，但仍需双方边界事件。,PR0安全门控未通过时停止普通评分。,由共享基础引擎、M3-BOUND与M5-BASE提供；只修正用户需要怎样的自主、共享、授权与空间结构，不直接判断具体关系现实中公平或安全。,M2只说明谁容易进入关系及资格证据；不能替代具体对象的同意、边界、资源和权力行为验证。,M3-BASE与M3-BOUND提供用户自然靠近、共享和边界通道；M5-BOUND负责判断双方如何共同治理。,无／按本规则指定的提议—知情—同意—执行—复核—重订路径路由。,近位、远位只修正该边界需求进入亲密关系核心的可能；不得据此判断具体伴侣一定尊重或越界。,根气只修正用户边界需求是否稳定重复，不等于双方已形成成熟治理。,旺弱只修正某项自主、共享、规则或空间功能的调用强度，不直接等于控制、回避或适配质量。,喜忌只修正功能调用顺畅度与摩擦，不可直接翻译为理想伴侣五行、十神或必然互补。,真合化成立时按化神功能重算边界需求；合化争议时停止细化边界画像。,近位提高该边界议题进入关系核心的可能；远位只保留背景或阶段性观察。,82,+6,partner_boundary_interface,只提供前置支持，不直接建立BS01。,只提供前置支持，不直接建立BS01。,不得仅凭本规则推出某人必然控制、回避、依赖、忠诚或适合结婚；不得把亲密解释为无隐私，把保护解释为替代决定，把贡献多少解释为决策权大小。现实安全、明确同意、可撤回性、持续行为、反例与双方意愿优先。,中高,待验证,,scoring_reporting=true; provisional=true; rule_group=BOUND-评分报告,0.5
M5-BOUND-516,M5-EXCHANGE成熟结构加权,L10 评分、报告与校准,BOUND-评分报告,通用,接口,M5-EXCHANGE成熟结构加权,,XR01—XR04且XV4以上，并有明确同意与重订。,PR0安全门控未通过时停止普通评分。,由共享基础引擎、M3-BOUND与M5-BASE提供；只修正用户需要怎样的自主、共享、授权与空间结构，不直接判断具体关系现实中公平或安全。,M2只说明谁容易进入关系及资格证据；不能替代具体对象的同意、边界、资源和权力行为验证。,M3-BASE与M3-BOUND提供用户自然靠近、共享和边界通道；M5-BOUND负责判断双方如何共同治理。,无／按本规则指定的提议—知情—同意—执行—复核—重订路径路由。,近位、远位只修正该边界需求进入亲密关系核心的可能；不得据此判断具体伴侣一定尊重或越界。,根气只修正用户边界需求是否稳定重复，不等于双方已形成成熟治理。,旺弱只修正某项自主、共享、规则或空间功能的调用强度，不直接等于控制、回避或适配质量。,喜忌只修正功能调用顺畅度与摩擦，不可直接翻译为理想伴侣五行、十神或必然互补。,真合化成立时按化神功能重算边界需求；合化争议时停止细化边界画像。,近位提高该边界议题进入关系核心的可能；远位只保留背景或阶段性观察。,82,+6,exchange_bound_interface,提高BM或BS候选，但不覆盖BO安全门控。,提高BM或BS候选，但不覆盖BO安全门控。,不得仅凭本规则推出某人必然控制、回避、依赖、忠诚或适合结婚；不得把亲密解释为无隐私，把保护解释为替代决定，把贡献多少解释为决策权大小。现实安全、明确同意、可撤回性、持续行为、反例与双方意愿优先。,中高,待验证,,scoring_reporting=true; provisional=true; rule_group=BOUND-评分报告,0.5
M5-BOUND-517,M4保护因素现实有效加权,L10 评分、报告与校准,BOUND-评分报告,通用,接口,M4保护因素现实有效加权,,BF03/BF05/BF06/BF07达到BL5以上并改变同一边界风险链。,PR0安全门控未通过时停止普通评分。,由共享基础引擎、M3-BOUND与M5-BASE提供；只修正用户需要怎样的自主、共享、授权与空间结构，不直接判断具体关系现实中公平或安全。,M2只说明谁容易进入关系及资格证据；不能替代具体对象的同意、边界、资源和权力行为验证。,M3-BASE与M3-BOUND提供用户自然靠近、共享和边界通道；M5-BOUND负责判断双方如何共同治理。,无／按本规则指定的提议—知情—同意—执行—复核—重订路径路由。,近位、远位只修正该边界需求进入亲密关系核心的可能；不得据此判断具体伴侣一定尊重或越界。,根气只修正用户边界需求是否稳定重复，不等于双方已形成成熟治理。,旺弱只修正某项自主、共享、规则或空间功能的调用强度，不直接等于控制、回避或适配质量。,喜忌只修正功能调用顺畅度与摩擦，不可直接翻译为理想伴侣五行、十神或必然互补。,真合化成立时按化神功能重算边界需求；合化争议时停止细化边界画像。,近位提高该边界议题进入关系核心的可能；远位只保留背景或阶段性观察。,82,+8,buffer_bound_relation,保护不删除历史越界。,保护不删除历史越界。,不得仅凭本规则推出某人必然控制、回避、依赖、忠诚或适合结婚；不得把亲密解释为无隐私，把保护解释为替代决定，把贡献多少解释为决策权大小。现实安全、明确同意、可撤回性、持续行为、反例与双方意愿优先。,中高,待验证,,scoring_reporting=true; provisional=true; rule_group=BOUND-评分报告,0.5
M5-BOUND-518,报告第一段｜主边界结构,L10 评分、报告与校准,BOUND-评分报告,通用,输出,报告第一段｜主边界结构,,主BC与BM完成。,PR0安全门控未通过时停止普通评分。,由共享基础引擎、M3-BOUND与M5-BASE提供；只修正用户需要怎样的自主、共享、授权与空间结构，不直接判断具体关系现实中公平或安全。,M2只说明谁容易进入关系及资格证据；不能替代具体对象的同意、边界、资源和权力行为验证。,M3-BASE与M3-BOUND提供用户自然靠近、共享和边界通道；M5-BOUND负责判断双方如何共同治理。,无／按本规则指定的提议—知情—同意—执行—复核—重订路径路由。,近位、远位只修正该边界需求进入亲密关系核心的可能；不得据此判断具体伴侣一定尊重或越界。,根气只修正用户边界需求是否稳定重复，不等于双方已形成成熟治理。,旺弱只修正某项自主、共享、规则或空间功能的调用强度，不直接等于控制、回避或适配质量。,喜忌只修正功能调用顺畅度与摩擦，不可直接翻译为理想伴侣五行、十神或必然互补。,真合化成立时按化神功能重算边界需求；合化争议时停止细化边界画像。,近位提高该边界议题进入关系核心的可能；远位只保留背景或阶段性观察。,82,不加分,report_text,说明哪些事项个人决定、哪些共同决定。,说明哪些事项个人决定、哪些共同决定。,不得仅凭本规则推出某人必然控制、回避、依赖、忠诚或适合结婚；不得把亲密解释为无隐私，把保护解释为替代决定，把贡献多少解释为决策权大小。现实安全、明确同意、可撤回性、持续行为、反例与双方意愿优先。,中高,待验证,,scoring_reporting=true; provisional=true; rule_group=BOUND-评分报告,0.5
M5-BOUND-519,报告第二段｜同意资源与空间,L10 评分、报告与校准,BOUND-评分报告,通用,输出,报告第二段｜同意资源与空间,,BO04—BO08与关键DG完成。,PR0安全门控未通过时停止普通评分。,由共享基础引擎、M3-BOUND与M5-BASE提供；只修正用户需要怎样的自主、共享、授权与空间结构，不直接判断具体关系现实中公平或安全。,M2只说明谁容易进入关系及资格证据；不能替代具体对象的同意、边界、资源和权力行为验证。,M3-BASE与M3-BOUND提供用户自然靠近、共享和边界通道；M5-BOUND负责判断双方如何共同治理。,无／按本规则指定的提议—知情—同意—执行—复核—重订路径路由。,近位、远位只修正该边界需求进入亲密关系核心的可能；不得据此判断具体伴侣一定尊重或越界。,根气只修正用户边界需求是否稳定重复，不等于双方已形成成熟治理。,旺弱只修正某项自主、共享、规则或空间功能的调用强度，不直接等于控制、回避或适配质量。,喜忌只修正功能调用顺畅度与摩擦，不可直接翻译为理想伴侣五行、十神或必然互补。,真合化成立时按化神功能重算边界需求；合化争议时停止细化边界画像。,近位提高该边界议题进入关系核心的可能；远位只保留背景或阶段性观察。,82,不加分,report_text,说明同意、资源、隐私、亲密和空间规则。,说明同意、资源、隐私、亲密和空间规则。,不得仅凭本规则推出某人必然控制、回避、依赖、忠诚或适合结婚；不得把亲密解释为无隐私，把保护解释为替代决定，把贡献多少解释为决策权大小。现实安全、明确同意、可撤回性、持续行为、反例与双方意愿优先。,中高,待验证,,scoring_reporting=true; provisional=true; rule_group=BOUND-评分报告,0.5
M5-BOUND-520,报告第三段｜风险证据与下一步,L10 评分、报告与校准,BOUND-评分报告,通用,输出,报告第三段｜风险证据与下一步,,BS、BV、GB、BR完成。,PR0安全门控未通过时停止普通评分。,由共享基础引擎、M3-BOUND与M5-BASE提供；只修正用户需要怎样的自主、共享、授权与空间结构，不直接判断具体关系现实中公平或安全。,M2只说明谁容易进入关系及资格证据；不能替代具体对象的同意、边界、资源和权力行为验证。,M3-BASE与M3-BOUND提供用户自然靠近、共享和边界通道；M5-BOUND负责判断双方如何共同治理。,无／按本规则指定的提议—知情—同意—执行—复核—重订路径路由。,近位、远位只修正该边界需求进入亲密关系核心的可能；不得据此判断具体伴侣一定尊重或越界。,根气只修正用户边界需求是否稳定重复，不等于双方已形成成熟治理。,旺弱只修正某项自主、共享、规则或空间功能的调用强度，不直接等于控制、回避或适配质量。,喜忌只修正功能调用顺畅度与摩擦，不可直接翻译为理想伴侣五行、十神或必然互补。,真合化成立时按化神功能重算边界需求；合化争议时停止细化边界画像。,近位提高该边界议题进入关系核心的可能；远位只保留背景或阶段性观察。,82,不加分,report_text,说明当前状态、证据上限、风险和观察计划。,说明当前状态、证据上限、风险和观察计划。,不得仅凭本规则推出某人必然控制、回避、依赖、忠诚或适合结婚；不得把亲密解释为无隐私，把保护解释为替代决定，把贡献多少解释为决策权大小。现实安全、明确同意、可撤回性、持续行为、反例与双方意愿优先。,中高,待验证,,scoring_reporting=true; provisional=true; rule_group=BOUND-评分报告,0.5
