rule_id,rule_name,layer,module,applicable_group,rule_type,main_signal,secondary_signal,required_conditions,excluded_conditions,self_strength_status,spouse_star_status,palace_signal,flow_path,signal_position,root_status,strength_level,favorability,transformation_status,distance_level,priority,score_effect,output_slot,internal_logic,user_explanation,forbidden_inference,confidence_base,validation_status,case_refs,notes,version
M5-BASE-001,M5-BASE正式定义｜适配需求底盘与核心必要条件,L0 定义、边界与证据合同,BASE-定义边界,通用,定义,M5-BASE模块规则,,M5-BASE被调用；已具备M3正常功能或M4功能失衡／药功能中的至少一项可靠输入。,基础命盘、真合化或关键上游字段未定；或现实安全问题应优先处理。,由共享基础引擎提供；只修正用户能否承载、表达和共同执行适配结构，不直接等同成熟度、道德或关系结果。,由M2提供；夫妻星和关系门槛只说明准入议题，不单独证明长期适配。,由M3-BASE与共享引擎提供；日支近位提高亲密关系相关性，但不得把日支直接写成配偶性格。,无／按本规则指定功能链或接口路由。,由共享基础引擎判定；近位提高直接相关性，远位仅作背景、阶段或条件性修正。,根气只修正该功能是否容易重复调用，不等于现实中已经形成成熟能力。,旺弱只修正调用强度与承载；强不自动适配，弱也不自动缺失。,喜忌只修正顺畅度、摩擦与平衡，不可直接翻译为好坏、理想伴侣或关系结果。,原十神性质有效；真合化成立时按化神功能替换，合化争议时停止定性。,近位提高进入亲密关系核心的概率；远位只保留背景、条件性或低置信修正。,100,不加分；定义／门控,report_status,M5-BASE只确定长期关系中值得优先保护、补足或建立结构的功能，不判断命定对象。,这一部分先确认：一段长期关系最不能缺少什么，以及哪些只是重要支持或心动加分。,不得仅凭本规则推出某类人必然适合或不适合、婚姻必然成功、忠诚度、职业收入、外貌家庭、五行生肖匹配，或要求用户容忍伤害；现实安全、行为、反例与双方意愿优先。,高,待验证,,provisional=true; rule_group=BASE-定义边界,0.2
M5-BASE-002,PR0安全底线优先｜安全不通过即停止高适配判断,L0 定义、边界与证据合同,BASE-定义边界,通用,安全,M5-BASE模块规则,,分析具体对象或具体关系；存在安全、同意与尊重资料。,存在暴力、威胁、强迫、跟踪、经济控制、剥夺选择权或反复越界。,由共享基础引擎提供；只修正用户能否承载、表达和共同执行适配结构，不直接等同成熟度、道德或关系结果。,由M2提供；夫妻星和关系门槛只说明准入议题，不单独证明长期适配。,由M3-BASE与共享引擎提供；日支近位提高亲密关系相关性，但不得把日支直接写成配偶性格。,无／按本规则指定功能链或接口路由。,由共享基础引擎判定；近位提高直接相关性，远位仅作背景、阶段或条件性修正。,根气只修正该功能是否容易重复调用，不等于现实中已经形成成熟能力。,旺弱只修正调用强度与承载；强不自动适配，弱也不自动缺失。,喜忌只修正顺畅度、摩擦与平衡，不可直接翻译为好坏、理想伴侣或关系结果。,原十神性质有效；真合化成立时按化神功能替换，合化争议时停止定性。,近位提高进入亲密关系核心的概率；远位只保留背景、条件性或低置信修正。,100,不加分；定义／门控,universal_floor,适配必须先通过安全、自愿和尊重；PR0不参与普通加分，而是硬门控。,任何命理上的“合”都不能覆盖安全、同意和选择权。,不得仅凭本规则推出某类人必然适合或不适合、婚姻必然成功、忠诚度、职业收入、外貌家庭、五行生肖匹配，或要求用户容忍伤害；现实安全、行为、反例与双方意愿优先。,高,待验证,,provisional=true; rule_group=BASE-定义边界,0.2
M5-BASE-003,现实资料高于命理候选,L0 定义、边界与证据合同,BASE-定义边界,通用,边界,M5-BASE模块规则,,具体对象已有现实行为、反例或双方协商资料。,只使用十神、五行、喜用神或单次高光行为。,由共享基础引擎提供；只修正用户能否承载、表达和共同执行适配结构，不直接等同成熟度、道德或关系结果。,由M2提供；夫妻星和关系门槛只说明准入议题，不单独证明长期适配。,由M3-BASE与共享引擎提供；日支近位提高亲密关系相关性，但不得把日支直接写成配偶性格。,无／按本规则指定功能链或接口路由。,由共享基础引擎判定；近位提高直接相关性，远位仅作背景、阶段或条件性修正。,根气只修正该功能是否容易重复调用，不等于现实中已经形成成熟能力。,旺弱只修正调用强度与承载；强不自动适配，弱也不自动缺失。,喜忌只修正顺畅度、摩擦与平衡，不可直接翻译为好坏、理想伴侣或关系结果。,原十神性质有效；真合化成立时按化神功能替换，合化争议时停止定性。,近位提高进入亲密关系核心的概率；远位只保留背景、条件性或低置信修正。,100,不加分；定义／门控,boundary_note,现实行为对具体对象的判断权高于命盘候选；命盘只生成需要验证的结构。,真正判断一个人是否适配，要看持续行为，而不是只看命盘标签。,不得仅凭本规则推出某类人必然适合或不适合、婚姻必然成功、忠诚度、职业收入、外貌家庭、五行生肖匹配，或要求用户容忍伤害；现实安全、行为、反例与双方意愿优先。,高,待验证,,provisional=true; rule_group=BASE-定义边界,0.2
M5-BASE-004,M1只比较心动与适配｜不得参与核心适配加分,L0 定义、边界与证据合同,BASE-定义边界,通用,接口,M5-BASE模块规则,,M1输出可用。,试图用心动原型直接锁定长期适配。,由共享基础引擎提供；只修正用户能否承载、表达和共同执行适配结构，不直接等同成熟度、道德或关系结果。,由M2提供；夫妻星和关系门槛只说明准入议题，不单独证明长期适配。,由M3-BASE与共享引擎提供；日支近位提高亲密关系相关性，但不得把日支直接写成配偶性格。,无／按本规则指定功能链或接口路由。,由共享基础引擎判定；近位提高直接相关性，远位仅作背景、阶段或条件性修正。,根气只修正该功能是否容易重复调用，不等于现实中已经形成成熟能力。,旺弱只修正调用强度与承载；强不自动适配，弱也不自动缺失。,喜忌只修正顺畅度、摩擦与平衡，不可直接翻译为好坏、理想伴侣或关系结果。,原十神性质有效；真合化成立时按化神功能替换，合化争议时停止定性。,近位提高进入亲密关系核心的概率；远位只保留背景、条件性或低置信修正。,99,不加分；定义／门控,attraction_fit_relation,M1只说明吸引启动；M5继续检查长期结构是否支持M3功能并缓冲M4风险。,让你心动的特质可以保留，但不能替代长期关系所需的边界、反馈和修复能力。,不得仅凭本规则推出某类人必然适合或不适合、婚姻必然成功、忠诚度、职业收入、外貌家庭、五行生肖匹配，或要求用户容忍伤害；现实安全、行为、反例与双方意愿优先。,高,待验证,,provisional=true; rule_group=BASE-定义边界,0.2
M5-BASE-005,M2只提供准入条件｜通过门槛不等于长期适配,L0 定义、边界与证据合同,BASE-定义边界,通用,接口,M5-BASE模块规则,,M2输出可用。,把一次表态、投入、行动或互动直接扩展为完整相处能力。,由共享基础引擎提供；只修正用户能否承载、表达和共同执行适配结构，不直接等同成熟度、道德或关系结果。,由M2提供；夫妻星和关系门槛只说明准入议题，不单独证明长期适配。,由M3-BASE与共享引擎提供；日支近位提高亲密关系相关性，但不得把日支直接写成配偶性格。,无／按本规则指定功能链或接口路由。,由共享基础引擎判定；近位提高直接相关性，远位仅作背景、阶段或条件性修正。,根气只修正该功能是否容易重复调用，不等于现实中已经形成成熟能力。,旺弱只修正调用强度与承载；强不自动适配，弱也不自动缺失。,喜忌只修正顺畅度、摩擦与平衡，不可直接翻译为好坏、理想伴侣或关系结果。,原十神性质有效；真合化成立时按化神功能替换，合化争议时停止定性。,近位提高进入亲密关系核心的概率；远位只保留背景、条件性或低置信修正。,99,不加分；定义／门控,selection_fit_relation,M2回答谁能进入关系；M5检查进入以后能否持续运行。,对方通过你的关系门槛，只代表值得认真考虑，长期适配仍要继续验证。,不得仅凭本规则推出某类人必然适合或不适合、婚姻必然成功、忠诚度、职业收入、外貌家庭、五行生肖匹配，或要求用户容忍伤害；现实安全、行为、反例与双方意愿优先。,高,待验证,,provisional=true; rule_group=BASE-定义边界,0.2
M5-BASE-006,M3正常功能优先｜不能只根据M4风险找相反的人,L0 定义、边界与证据合同,BASE-定义边界,通用,边界,M5-BASE模块规则,,M3至少一项正常功能可靠。,只看到M4风险，忽略用户原有功能和真实需要。,由共享基础引擎提供；只修正用户能否承载、表达和共同执行适配结构，不直接等同成熟度、道德或关系结果。,由M2提供；夫妻星和关系门槛只说明准入议题，不单独证明长期适配。,由M3-BASE与共享引擎提供；日支近位提高亲密关系相关性，但不得把日支直接写成配偶性格。,无／按本规则指定功能链或接口路由。,由共享基础引擎判定；近位提高直接相关性，远位仅作背景、阶段或条件性修正。,根气只修正该功能是否容易重复调用，不等于现实中已经形成成熟能力。,旺弱只修正调用强度与承载；强不自动适配，弱也不自动缺失。,喜忌只修正顺畅度、摩擦与平衡，不可直接翻译为好坏、理想伴侣或关系结果。,原十神性质有效；真合化成立时按化神功能替换，合化争议时停止定性。,近位提高进入亲密关系核心的概率；远位只保留背景、条件性或低置信修正。,99,不加分；定义／门控,primary_fit_need,适配先保护用户能正常发挥的关系功能，再针对失衡建立调节；不是找一个完全相反的人。,真正合适的关系会保留你的能力，同时帮助它在更合适的范围内发挥。,不得仅凭本规则推出某类人必然适合或不适合、婚姻必然成功、忠诚度、职业收入、外貌家庭、五行生肖匹配，或要求用户容忍伤害；现实安全、行为、反例与双方意愿优先。,高,待验证,,provisional=true; rule_group=BASE-定义边界,0.2
M5-BASE-007,M4风险必须转译为功能任务｜不得直接转成人格标签,L0 定义、边界与证据合同,BASE-定义边界,通用,接口,M5-BASE模块规则,,M4存在K、DY、LP、RN或BF输入。,直接写“适合温柔的人／强势的人／听话的人”。,由共享基础引擎提供；只修正用户能否承载、表达和共同执行适配结构，不直接等同成熟度、道德或关系结果。,由M2提供；夫妻星和关系门槛只说明准入议题，不单独证明长期适配。,由M3-BASE与共享引擎提供；日支近位提高亲密关系相关性，但不得把日支直接写成配偶性格。,无／按本规则指定功能链或接口路由。,由共享基础引擎判定；近位提高直接相关性，远位仅作背景、阶段或条件性修正。,根气只修正该功能是否容易重复调用，不等于现实中已经形成成熟能力。,旺弱只修正调用强度与承载；强不自动适配，弱也不自动缺失。,喜忌只修正顺畅度、摩擦与平衡，不可直接翻译为好坏、理想伴侣或关系结果。,原十神性质有效；真合化成立时按化神功能替换，合化争议时停止定性。,近位提高进入亲密关系核心的概率；远位只保留背景、条件性或低置信修正。,99,不加分；定义／门控,risk_buffer_match,M4只指出哪里过用、缺位、替代或断流；M5必须转换为可观察行为和互动结构。,不是找一个抽象标签，而是找能在关键环节做出具体行为的人。,不得仅凭本规则推出某类人必然适合或不适合、婚姻必然成功、忠诚度、职业收入、外貌家庭、五行生肖匹配，或要求用户容忍伤害；现实安全、行为、反例与双方意愿优先。,高,待验证,,provisional=true; rule_group=BASE-定义边界,0.2
M5-BASE-008,适配采用交集而非简单加总,L0 定义、边界与证据合同,BASE-定义边界,通用,边界,M5-BASE模块规则,,存在多个适配候选。,仅因候选分数高就覆盖PR0或现实反例。,由共享基础引擎提供；只修正用户能否承载、表达和共同执行适配结构，不直接等同成熟度、道德或关系结果。,由M2提供；夫妻星和关系门槛只说明准入议题，不单独证明长期适配。,由M3-BASE与共享引擎提供；日支近位提高亲密关系相关性，但不得把日支直接写成配偶性格。,无／按本规则指定功能链或接口路由。,由共享基础引擎判定；近位提高直接相关性，远位仅作背景、阶段或条件性修正。,根气只修正该功能是否容易重复调用，不等于现实中已经形成成熟能力。,旺弱只修正调用强度与承载；强不自动适配，弱也不自动缺失。,喜忌只修正顺畅度、摩擦与平衡，不可直接翻译为好坏、理想伴侣或关系结果。,原十神性质有效；真合化成立时按化神功能替换，合化争议时停止定性。,近位提高进入亲密关系核心的概率；远位只保留背景、条件性或低置信修正。,98,不加分；定义／门控,fit_grade,安全底线、正常功能、风险调节、结构可执行和现实门槛必须共同成立。,适配不是优点越多越好，而是关键条件能否同时成立。,不得仅凭本规则推出某类人必然适合或不适合、婚姻必然成功、忠诚度、职业收入、外貌家庭、五行生肖匹配，或要求用户容忍伤害；现实安全、行为、反例与双方意愿优先。,高,待验证,,provisional=true; rule_group=BASE-定义边界,0.2
M5-BASE-009,正文一主一次｜限制理想清单膨胀,L0 定义、边界与证据合同,BASE-定义边界,通用,输出,M5-BASE模块规则,,存在多个功能候选。,试图把所有十神都写成理想伴侣条件。,由共享基础引擎提供；只修正用户能否承载、表达和共同执行适配结构，不直接等同成熟度、道德或关系结果。,由M2提供；夫妻星和关系门槛只说明准入议题，不单独证明长期适配。,由M3-BASE与共享引擎提供；日支近位提高亲密关系相关性，但不得把日支直接写成配偶性格。,无／按本规则指定功能链或接口路由。,由共享基础引擎判定；近位提高直接相关性，远位仅作背景、阶段或条件性修正。,根气只修正该功能是否容易重复调用，不等于现实中已经形成成熟能力。,旺弱只修正调用强度与承载；强不自动适配，弱也不自动缺失。,喜忌只修正顺畅度、摩擦与平衡，不可直接翻译为好坏、理想伴侣或关系结果。,原十神性质有效；真合化成立时按化神功能替换，合化争议时停止定性。,近位提高进入亲密关系核心的概率；远位只保留背景、条件性或低置信修正。,98,不加分；定义／门控,primary_fit_need,最终正文只保留一个主需求和一个真正独立的次需求。,你真正需要的核心条件不会很多；重点是先分清必须项、支持项和加分项。,不得仅凭本规则推出某类人必然适合或不适合、婚姻必然成功、忠诚度、职业收入、外貌家庭、五行生肖匹配，或要求用户容忍伤害；现实安全、行为、反例与双方意愿优先。,高,待验证,,provisional=true; rule_group=BASE-定义边界,0.2
M5-BASE-010,抽象特质必须落到可观察行为,L0 定义、边界与证据合同,BASE-定义边界,通用,证据,M5-BASE模块规则,,准备输出伴侣功能。,只写成熟、可靠、温柔、强大、聪明等抽象形容词。,由共享基础引擎提供；只修正用户能否承载、表达和共同执行适配结构，不直接等同成熟度、道德或关系结果。,由M2提供；夫妻星和关系门槛只说明准入议题，不单独证明长期适配。,由M3-BASE与共享引擎提供；日支近位提高亲密关系相关性，但不得把日支直接写成配偶性格。,无／按本规则指定功能链或接口路由。,由共享基础引擎判定；近位提高直接相关性，远位仅作背景、阶段或条件性修正。,根气只修正该功能是否容易重复调用，不等于现实中已经形成成熟能力。,旺弱只修正调用强度与承载；强不自动适配，弱也不自动缺失。,喜忌只修正顺畅度、摩擦与平衡，不可直接翻译为好坏、理想伴侣或关系结果。,原十神性质有效；真合化成立时按化神功能替换，合化争议时停止定性。,近位提高进入亲密关系核心的概率；远位只保留背景、条件性或低置信修正。,98,不加分；定义／门控,required_partner_behaviors,每项适配需求必须说明对方在何种情境下持续做什么。,判断适配要看对方具体怎么做，而不是听起来像什么样的人。,不得仅凭本规则推出某类人必然适合或不适合、婚姻必然成功、忠诚度、职业收入、外貌家庭、五行生肖匹配，或要求用户容忍伤害；现实安全、行为、反例与双方意愿优先。,高,待验证,,provisional=true; rule_group=BASE-定义边界,0.2
M5-BASE-011,十神功能化｜禁止直接输出十神型伴侣,L0 定义、边界与证据合同,BASE-定义边界,通用,边界,M5-BASE模块规则,,使用十神信息建立功能候选。,直接写“适合正官型／印旺型／财旺型伴侣”。,由共享基础引擎提供；只修正用户能否承载、表达和共同执行适配结构，不直接等同成熟度、道德或关系结果。,由M2提供；夫妻星和关系门槛只说明准入议题，不单独证明长期适配。,由M3-BASE与共享引擎提供；日支近位提高亲密关系相关性，但不得把日支直接写成配偶性格。,无／按本规则指定功能链或接口路由。,由共享基础引擎判定；近位提高直接相关性，远位仅作背景、阶段或条件性修正。,根气只修正该功能是否容易重复调用，不等于现实中已经形成成熟能力。,旺弱只修正调用强度与承载；强不自动适配，弱也不自动缺失。,喜忌只修正顺畅度、摩擦与平衡，不可直接翻译为好坏、理想伴侣或关系结果。,原十神性质有效；真合化成立时按化神功能替换，合化争议时停止定性。,近位提高进入亲密关系核心的概率；远位只保留背景、条件性或低置信修正。,98,不加分；定义／门控,partner_function_profile,十神必须翻译为平等、反馈、投入、责任、承接等关系功能。,你需要的是某种关系能力，不是某个命理标签。,不得仅凭本规则推出某类人必然适合或不适合、婚姻必然成功、忠诚度、职业收入、外貌家庭、五行生肖匹配，或要求用户容忍伤害；现实安全、行为、反例与双方意愿优先。,高,待验证,,provisional=true; rule_group=BASE-定义边界,0.2
M5-BASE-012,同一source_id只计算一次基础权重,L0 定义、边界与证据合同,BASE-定义边界,通用,去重,M5-BASE模块规则,,同一命盘事实被M3、M4和M5多模块读取。,把同一日支、同根透藏或同一夫妻星当成多份独立证据。,由共享基础引擎提供；只修正用户能否承载、表达和共同执行适配结构，不直接等同成熟度、道德或关系结果。,由M2提供；夫妻星和关系门槛只说明准入议题，不单独证明长期适配。,由M3-BASE与共享引擎提供；日支近位提高亲密关系相关性，但不得把日支直接写成配偶性格。,无／按本规则指定功能链或接口路由。,由共享基础引擎判定；近位提高直接相关性，远位仅作背景、阶段或条件性修正。,根气只修正该功能是否容易重复调用，不等于现实中已经形成成熟能力。,旺弱只修正调用强度与承载；强不自动适配，弱也不自动缺失。,喜忌只修正顺畅度、摩擦与平衡，不可直接翻译为好坏、理想伴侣或关系结果。,原十神性质有效；真合化成立时按化神功能替换，合化争议时停止定性。,近位提高进入亲密关系核心的概率；远位只保留背景、条件性或低置信修正。,97,不加分；定义／门控,provenance,允许同一事实作多角度解释，但基础证据只计一次。,同一个命理事实被多个模块解释，不代表证据自动变多。,不得仅凭本规则推出某类人必然适合或不适合、婚姻必然成功、忠诚度、职业收入、外貌家庭、五行生肖匹配，或要求用户容忍伤害；现实安全、行为、反例与双方意愿优先。,高,待验证,,provisional=true; rule_group=BASE-定义边界,0.2
M5-BASE-013,同一event_id只计算一次现实证据,L0 定义、边界与证据合同,BASE-定义边界,通用,去重,M5-BASE模块规则,,同一现实事件被表达、冲突、修复和保护模块读取。,把同一场争执或一次道歉当成多次独立事件。,由共享基础引擎提供；只修正用户能否承载、表达和共同执行适配结构，不直接等同成熟度、道德或关系结果。,由M2提供；夫妻星和关系门槛只说明准入议题，不单独证明长期适配。,由M3-BASE与共享引擎提供；日支近位提高亲密关系相关性，但不得把日支直接写成配偶性格。,无／按本规则指定功能链或接口路由。,由共享基础引擎判定；近位提高直接相关性，远位仅作背景、阶段或条件性修正。,根气只修正该功能是否容易重复调用，不等于现实中已经形成成熟能力。,旺弱只修正调用强度与承载；强不自动适配，弱也不自动缺失。,喜忌只修正顺畅度、摩擦与平衡，不可直接翻译为好坏、理想伴侣或关系结果。,原十神性质有效；真合化成立时按化神功能替换，合化争议时停止定性。,近位提高进入亲密关系核心的概率；远位只保留背景、条件性或低置信修正。,97,不加分；定义／门控,provenance,现实事件可支持多个字段，但不能重复提高适配等级。,同一件事可以说明很多问题，但仍然只是一件事。,不得仅凭本规则推出某类人必然适合或不适合、婚姻必然成功、忠诚度、职业收入、外貌家庭、五行生肖匹配，或要求用户容忍伤害；现实安全、行为、反例与双方意愿优先。,高,待验证,,provisional=true; rule_group=BASE-定义边界,0.2
M5-BASE-014,具体对象缺少重复行为｜最高只能FG2,L0 定义、边界与证据合同,BASE-定义边界,通用,证据,M5-BASE模块规则,,只有命盘与结构资料，没有具体对象重复行为。,试图发布双方现实适配或长期稳定结论。,由共享基础引擎提供；只修正用户能否承载、表达和共同执行适配结构，不直接等同成熟度、道德或关系结果。,由M2提供；夫妻星和关系门槛只说明准入议题，不单独证明长期适配。,由M3-BASE与共享引擎提供；日支近位提高亲密关系相关性，但不得把日支直接写成配偶性格。,无／按本规则指定功能链或接口路由。,由共享基础引擎判定；近位提高直接相关性，远位仅作背景、阶段或条件性修正。,根气只修正该功能是否容易重复调用，不等于现实中已经形成成熟能力。,旺弱只修正调用强度与承载；强不自动适配，弱也不自动缺失。,喜忌只修正顺畅度、摩擦与平衡，不可直接翻译为好坏、理想伴侣或关系结果。,原十神性质有效；真合化成立时按化神功能替换，合化争议时停止定性。,近位提高进入亲密关系核心的概率；远位只保留背景、条件性或低置信修正。,97,不加分；定义／门控,fit_grade,命盘最多建立适配结构候选；FG3、FG4必须有双方现实配合。,目前可以说明值得优先验证什么，但还不能断定某个具体人已经适配。,不得仅凭本规则推出某类人必然适合或不适合、婚姻必然成功、忠诚度、职业收入、外貌家庭、五行生肖匹配，或要求用户容忍伤害；现实安全、行为、反例与双方意愿优先。,高,待验证,,provisional=true; rule_group=BASE-定义边界,0.2
M5-BASE-015,安全事件停止普通互补叙事,L0 定义、边界与证据合同,BASE-定义边界,通用,安全,M5-BASE模块规则,,现实存在单方伤害或权力压迫。,使用“双方互补、各退一步、命理化解”淡化伤害。,由共享基础引擎提供；只修正用户能否承载、表达和共同执行适配结构，不直接等同成熟度、道德或关系结果。,由M2提供；夫妻星和关系门槛只说明准入议题，不单独证明长期适配。,由M3-BASE与共享引擎提供；日支近位提高亲密关系相关性，但不得把日支直接写成配偶性格。,无／按本规则指定功能链或接口路由。,由共享基础引擎判定；近位提高直接相关性，远位仅作背景、阶段或条件性修正。,根气只修正该功能是否容易重复调用，不等于现实中已经形成成熟能力。,旺弱只修正调用强度与承载；强不自动适配，弱也不自动缺失。,喜忌只修正顺畅度、摩擦与平衡，不可直接翻译为好坏、理想伴侣或关系结果。,原十神性质有效；真合化成立时按化神功能替换，合化争议时停止定性。,近位提高进入亲密关系核心的概率；远位只保留背景、条件性或低置信修正。,97,不加分；定义／门控,report_status,安全风险下优先保护当事人、停止伤害和寻求现实支持。,当关系涉及伤害或强迫时，重点不是如何互补，而是安全和选择权。,不得仅凭本规则推出某类人必然适合或不适合、婚姻必然成功、忠诚度、职业收入、外貌家庭、五行生肖匹配，或要求用户容忍伤害；现实安全、行为、反例与双方意愿优先。,高,待验证,,provisional=true; rule_group=BASE-定义边界,0.2
M5-BASE-016,修复不创造原谅、复合或继续义务,L0 定义、边界与证据合同,BASE-定义边界,通用,伦理,M5-BASE模块规则,,讨论修复与适配。,把对方道歉、改变或命理匹配当成必须继续关系的理由。,由共享基础引擎提供；只修正用户能否承载、表达和共同执行适配结构，不直接等同成熟度、道德或关系结果。,由M2提供；夫妻星和关系门槛只说明准入议题，不单独证明长期适配。,由M3-BASE与共享引擎提供；日支近位提高亲密关系相关性，但不得把日支直接写成配偶性格。,无／按本规则指定功能链或接口路由。,由共享基础引擎判定；近位提高直接相关性，远位仅作背景、阶段或条件性修正。,根气只修正该功能是否容易重复调用，不等于现实中已经形成成熟能力。,旺弱只修正调用强度与承载；强不自动适配，弱也不自动缺失。,喜忌只修正顺畅度、摩擦与平衡，不可直接翻译为好坏、理想伴侣或关系结果。,原十神性质有效；真合化成立时按化神功能替换，合化争议时停止定性。,近位提高进入亲密关系核心的概率；远位只保留背景、条件性或低置信修正。,96,不加分；定义／门控,boundary_note,适配评估不要求用户原谅、复合或继续。,即使对方做出改变，你仍有权决定是否继续这段关系。,不得仅凭本规则推出某类人必然适合或不适合、婚姻必然成功、忠诚度、职业收入、外貌家庭、五行生肖匹配，或要求用户容忍伤害；现实安全、行为、反例与双方意愿优先。,高,待验证,,provisional=true; rule_group=BASE-定义边界,0.2
M5-BASE-017,喜用神不得直接翻译为伴侣五行,L0 定义、边界与证据合同,BASE-定义边界,通用,边界,M5-BASE模块规则,,使用喜忌、用神或气候信息。,把喜火、喜木等直接写成找火旺、木旺、某生肖或某年份的人。,由共享基础引擎提供；只修正用户能否承载、表达和共同执行适配结构，不直接等同成熟度、道德或关系结果。,由M2提供；夫妻星和关系门槛只说明准入议题，不单独证明长期适配。,由M3-BASE与共享引擎提供；日支近位提高亲密关系相关性，但不得把日支直接写成配偶性格。,无／按本规则指定功能链或接口路由。,由共享基础引擎判定；近位提高直接相关性，远位仅作背景、阶段或条件性修正。,根气只修正该功能是否容易重复调用，不等于现实中已经形成成熟能力。,旺弱只修正调用强度与承载；强不自动适配，弱也不自动缺失。,喜忌只修正顺畅度、摩擦与平衡，不可直接翻译为好坏、理想伴侣或关系结果。,原十神性质有效；真合化成立时按化神功能替换，合化争议时停止定性。,近位提高进入亲密关系核心的概率；远位只保留背景、条件性或低置信修正。,96,不加分；定义／门控,boundary_note,喜用神只能修饰所需关系功能和气候，不能直接指定伴侣标签。,需要更多温度、结构或弹性，不等于必须找某种五行的人。,不得仅凭本规则推出某类人必然适合或不适合、婚姻必然成功、忠诚度、职业收入、外貌家庭、五行生肖匹配，或要求用户容忍伤害；现实安全、行为、反例与双方意愿优先。,高,待验证,,provisional=true; rule_group=BASE-定义边界,0.2
M5-BASE-018,禁止从适配功能推出职业收入外貌家庭,L0 定义、边界与证据合同,BASE-定义边界,通用,边界,M5-BASE模块规则,,生成伴侣功能画像。,将责任、投入、行动等功能扩展为职业、收入或家庭背景。,由共享基础引擎提供；只修正用户能否承载、表达和共同执行适配结构，不直接等同成熟度、道德或关系结果。,由M2提供；夫妻星和关系门槛只说明准入议题，不单独证明长期适配。,由M3-BASE与共享引擎提供；日支近位提高亲密关系相关性，但不得把日支直接写成配偶性格。,无／按本规则指定功能链或接口路由。,由共享基础引擎判定；近位提高直接相关性，远位仅作背景、阶段或条件性修正。,根气只修正该功能是否容易重复调用，不等于现实中已经形成成熟能力。,旺弱只修正调用强度与承载；强不自动适配，弱也不自动缺失。,喜忌只修正顺畅度、摩擦与平衡，不可直接翻译为好坏、理想伴侣或关系结果。,原十神性质有效；真合化成立时按化神功能替换，合化争议时停止定性。,近位提高进入亲密关系核心的概率；远位只保留背景、条件性或低置信修正。,96,不加分；定义／门控,forbidden_inference,关系功能不提供具体身份和社会条件预测。,适配看的是对方怎么相处，不是由命盘猜职业、收入或家庭背景。,不得仅凭本规则推出某类人必然适合或不适合、婚姻必然成功、忠诚度、职业收入、外貌家庭、五行生肖匹配，或要求用户容忍伤害；现实安全、行为、反例与双方意愿优先。,高,待验证,,provisional=true; rule_group=BASE-定义边界,0.2
M5-BASE-019,M3-REPAIR与M3-STATE尚未锁定｜相关字段保持暂定,L0 定义、边界与证据合同,BASE-定义边界,通用,依赖,M5-BASE模块规则,,涉及修复、压力和恢复状态。,把尚未完成的M3字段当成高置信最终结论。,由共享基础引擎提供；只修正用户能否承载、表达和共同执行适配结构，不直接等同成熟度、道德或关系结果。,由M2提供；夫妻星和关系门槛只说明准入议题，不单独证明长期适配。,由M3-BASE与共享引擎提供；日支近位提高亲密关系相关性，但不得把日支直接写成配偶性格。,无／按本规则指定功能链或接口路由。,由共享基础引擎判定；近位提高直接相关性，远位仅作背景、阶段或条件性修正。,根气只修正该功能是否容易重复调用，不等于现实中已经形成成熟能力。,旺弱只修正调用强度与承载；强不自动适配，弱也不自动缺失。,喜忌只修正顺畅度、摩擦与平衡，不可直接翻译为好坏、理想伴侣或关系结果。,原十神性质有效；真合化成立时按化神功能替换，合化争议时停止定性。,近位提高进入亲密关系核心的概率；远位只保留背景、条件性或低置信修正。,96,不加分；定义／门控,boundary_note,M5-BASE可建立方向，但修复与状态协同需后续模块回填。,关于冲突后的修复和压力状态，目前先保留为需要验证的结构。,不得仅凭本规则推出某类人必然适合或不适合、婚姻必然成功、忠诚度、职业收入、外貌家庭、五行生肖匹配，或要求用户容忍伤害；现实安全、行为、反例与双方意愿优先。,高,待验证,,provisional=true; rule_group=BASE-定义边界,0.2
M5-BASE-020,版本与验证状态｜全部规则暂定,L0 定义、边界与证据合同,BASE-定义边界,通用,版本,M5-BASE模块规则,,使用V0.2规则。,把工程分值、规则数量或内部置信度解释成统计准确率。,由共享基础引擎提供；只修正用户能否承载、表达和共同执行适配结构，不直接等同成熟度、道德或关系结果。,由M2提供；夫妻星和关系门槛只说明准入议题，不单独证明长期适配。,由M3-BASE与共享引擎提供；日支近位提高亲密关系相关性，但不得把日支直接写成配偶性格。,无／按本规则指定功能链或接口路由。,由共享基础引擎判定；近位提高直接相关性，远位仅作背景、阶段或条件性修正。,根气只修正该功能是否容易重复调用，不等于现实中已经形成成熟能力。,旺弱只修正调用强度与承载；强不自动适配，弱也不自动缺失。,喜忌只修正顺畅度、摩擦与平衡，不可直接翻译为好坏、理想伴侣或关系结果。,原十神性质有效；真合化成立时按化神功能替换，合化争议时停止定性。,近位提高进入亲密关系核心的概率；远位只保留背景、条件性或低置信修正。,95,不加分；定义／门控,boundary_note,本版用于结构化分析与案例校准，不代表科学概率或现实必然。,这些结论是待验证的关系结构，不是概率或命运判决。,不得仅凭本规则推出某类人必然适合或不适合、婚姻必然成功、忠诚度、职业收入、外貌家庭、五行生肖匹配，或要求用户容忍伤害；现实安全、行为、反例与双方意愿优先。,高,待验证,,provisional=true; rule_group=BASE-定义边界,0.2
M5-BASE-021,PR0 普适安全底线｜正式定义,L1 需求优先级,BASE-需求优先级,通用,定义,PR0 普适安全底线,,已经识别至少一项关系功能候选。,基础状态或安全门控未完成。,由共享基础引擎提供；只修正用户能否承载、表达和共同执行适配结构，不直接等同成熟度、道德或关系结果。,由M2提供；夫妻星和关系门槛只说明准入议题，不单独证明长期适配。,由M3-BASE与共享引擎提供；日支近位提高亲密关系相关性，但不得把日支直接写成配偶性格。,无／按本规则指定功能链或接口路由。,由共享基础引擎判定；近位提高直接相关性，远位仅作背景、阶段或条件性修正。,根气只修正该功能是否容易重复调用，不等于现实中已经形成成熟能力。,旺弱只修正调用强度与承载；强不自动适配，弱也不自动缺失。,喜忌只修正顺畅度、摩擦与平衡，不可直接翻译为好坏、理想伴侣或关系结果。,原十神性质有效；真合化成立时按化神功能替换，合化争议时停止定性。,近位提高进入亲密关系核心的概率；远位只保留背景、条件性或低置信修正。,97,停止／硬门控,universal_floor,安全、自愿、尊重、同意、选择权和无强迫。,这不是偏好，而是任何关系都必须满足的底线。,不得仅凭本规则推出某类人必然适合或不适合、婚姻必然成功、忠诚度、职业收入、外貌家庭、五行生肖匹配，或要求用户容忍伤害；现实安全、行为、反例与双方意愿优先。,高,待验证,,priority_code=PR0; provisional=true; rule_group=BASE-需求优先级,0.2
M5-BASE-022,PR0 普适安全底线｜升级条件,L1 需求优先级,BASE-需求优先级,通用,门控,PR0 普适安全底线,独立证据,现实资料显示安全、同意或选择权需要被优先核验；任何风险命中即成为硬门控。,只有同源重复、单一弱远标签或现实反例未处理。,由共享基础引擎提供；只修正用户能否承载、表达和共同执行适配结构，不直接等同成熟度、道德或关系结果。,由M2提供；夫妻星和关系门槛只说明准入议题，不单独证明长期适配。,由M3-BASE与共享引擎提供；日支近位提高亲密关系相关性，但不得把日支直接写成配偶性格。,无／按本规则指定功能链或接口路由。,由共享基础引擎判定；近位提高直接相关性，远位仅作背景、阶段或条件性修正。,根气只修正该功能是否容易重复调用，不等于现实中已经形成成熟能力。,旺弱只修正调用强度与承载；强不自动适配，弱也不自动缺失。,喜忌只修正顺畅度、摩擦与平衡，不可直接翻译为好坏、理想伴侣或关系结果。,原十神性质有效；真合化成立时按化神功能替换，合化争议时停止定性。,近位提高进入亲密关系核心的概率；远位只保留背景、条件性或低置信修正。,92,停止／硬门控,need_priority,需求层级必须由功能必要性、风险关系和独立证据共同决定。,当现实资料显示安全、同意或选择权需要被优先核验；任何风险命中即成为硬门控。时，才把它放在普适安全底线的位置。,不得仅凭本规则推出某类人必然适合或不适合、婚姻必然成功、忠诚度、职业收入、外貌家庭、五行生肖匹配，或要求用户容忍伤害；现实安全、行为、反例与双方意愿优先。,中高,待验证,,priority_code=PR0; provisional=true; rule_group=BASE-需求优先级,0.2
M5-BASE-023,PR0 普适安全底线｜现实核验,L1 需求优先级,BASE-需求优先级,通用,证据,PR0 普适安全底线,现实行为,准备将结构候选应用于具体对象。,没有现实行为资料却试图发布FG3以上。,由共享基础引擎提供；只修正用户能否承载、表达和共同执行适配结构，不直接等同成熟度、道德或关系结果。,由M2提供；夫妻星和关系门槛只说明准入议题，不单独证明长期适配。,由M3-BASE与共享引擎提供；日支近位提高亲密关系相关性，但不得把日支直接写成配偶性格。,无／按本规则指定功能链或接口路由。,由共享基础引擎判定；近位提高直接相关性，远位仅作背景、阶段或条件性修正。,根气只修正该功能是否容易重复调用，不等于现实中已经形成成熟能力。,旺弱只修正调用强度与承载；强不自动适配，弱也不自动缺失。,喜忌只修正顺畅度、摩擦与平衡，不可直接翻译为好坏、理想伴侣或关系结果。,原十神性质有效；真合化成立时按化神功能替换，合化争议时停止定性。,近位提高进入亲密关系核心的概率；远位只保留背景、条件性或低置信修正。,90,不加分；现实核验,reality_gates,优先级是结构需求，不等于具体对象已经满足。,真正判断一位具体对象是否满足这项条件，要看他／她在相关场景中的持续行为。,不得仅凭本规则推出某类人必然适合或不适合、婚姻必然成功、忠诚度、职业收入、外貌家庭、五行生肖匹配，或要求用户容忍伤害；现实安全、行为、反例与双方意愿优先。,高,待验证,,priority_code=PR0; provisional=true; rule_group=BASE-需求优先级,0.2
M5-BASE-024,PR0 普适安全底线｜标准用户语言,L1 需求优先级,BASE-需求优先级,通用,输出,PR0 普适安全底线,,PR0层级已经成立。,层级仍未决或仅有单标签。,由共享基础引擎提供；只修正用户能否承载、表达和共同执行适配结构，不直接等同成熟度、道德或关系结果。,由M2提供；夫妻星和关系门槛只说明准入议题，不单独证明长期适配。,由M3-BASE与共享引擎提供；日支近位提高亲密关系相关性，但不得把日支直接写成配偶性格。,无／按本规则指定功能链或接口路由。,由共享基础引擎判定；近位提高直接相关性，远位仅作背景、阶段或条件性修正。,根气只修正该功能是否容易重复调用，不等于现实中已经形成成熟能力。,旺弱只修正调用强度与承载；强不自动适配，弱也不自动缺失。,喜忌只修正顺畅度、摩擦与平衡，不可直接翻译为好坏、理想伴侣或关系结果。,原十神性质有效；真合化成立时按化神功能替换，合化争议时停止定性。,近位提高进入亲密关系核心的概率；远位只保留背景、条件性或低置信修正。,72,不加分；生成用户语言,report_text,输出必须让用户知道这是底线、必要项、支持项、加分项还是情境偏好。,这不是偏好，而是任何关系都必须满足的底线。,不得仅凭本规则推出某类人必然适合或不适合、婚姻必然成功、忠诚度、职业收入、外貌家庭、五行生肖匹配，或要求用户容忍伤害；现实安全、行为、反例与双方意愿优先。,中高,待验证,,priority_code=PR0; provisional=true; rule_group=BASE-需求优先级,0.2
M5-BASE-025,PR0 普适安全底线｜降级与排除,L1 需求优先级,BASE-需求优先级,通用,降级,PR0 普适安全底线,反例／同源去重,出现排除条件、强现实反例或功能并非当前任务必要环节。,PR0安全门控；PR0不得被降级。,由共享基础引擎提供；只修正用户能否承载、表达和共同执行适配结构，不直接等同成熟度、道德或关系结果。,由M2提供；夫妻星和关系门槛只说明准入议题，不单独证明长期适配。,由M3-BASE与共享引擎提供；日支近位提高亲密关系相关性，但不得把日支直接写成配偶性格。,无／按本规则指定功能链或接口路由。,由共享基础引擎判定；近位提高直接相关性，远位仅作背景、阶段或条件性修正。,根气只修正该功能是否容易重复调用，不等于现实中已经形成成熟能力。,旺弱只修正调用强度与承载；强不自动适配，弱也不自动缺失。,喜忌只修正顺畅度、摩擦与平衡，不可直接翻译为好坏、理想伴侣或关系结果。,原十神性质有效；真合化成立时按化神功能替换，合化争议时停止定性。,近位提高进入亲密关系核心的概率；远位只保留背景、条件性或低置信修正。,94,降级／停止,discard_log,PR0不能被心动、婚期、喜用神、投入或所谓互补降级。,PR0不能被心动、婚期、喜用神、投入或所谓互补降级。,不得仅凭本规则推出某类人必然适合或不适合、婚姻必然成功、忠诚度、职业收入、外貌家庭、五行生肖匹配，或要求用户容忍伤害；现实安全、行为、反例与双方意愿优先。,高,待验证,,priority_code=PR0; provisional=true; rule_group=BASE-需求优先级,0.2
M5-BASE-026,PR0 普适安全底线｜禁止误读,L1 需求优先级,BASE-需求优先级,通用,边界,PR0 普适安全底线,,正在解释该层级。,无,由共享基础引擎提供；只修正用户能否承载、表达和共同执行适配结构，不直接等同成熟度、道德或关系结果。,由M2提供；夫妻星和关系门槛只说明准入议题，不单独证明长期适配。,由M3-BASE与共享引擎提供；日支近位提高亲密关系相关性，但不得把日支直接写成配偶性格。,无／按本规则指定功能链或接口路由。,由共享基础引擎判定；近位提高直接相关性，远位仅作背景、阶段或条件性修正。,根气只修正该功能是否容易重复调用，不等于现实中已经形成成熟能力。,旺弱只修正调用强度与承载；强不自动适配，弱也不自动缺失。,喜忌只修正顺畅度、摩擦与平衡，不可直接翻译为好坏、理想伴侣或关系结果。,原十神性质有效；真合化成立时按化神功能替换，合化争议时停止定性。,近位提高进入亲密关系核心的概率；远位只保留背景、条件性或低置信修正。,96,不加分；边界,boundary_note,优先级只说明关系任务的重要程度，不等于对方人格价值或婚姻结果。,这只是关系中需要优先验证的条件，不是给人贴优劣标签。,不得仅凭本规则推出某类人必然适合或不适合、婚姻必然成功、忠诚度、职业收入、外貌家庭、五行生肖匹配，或要求用户容忍伤害；现实安全、行为、反例与双方意愿优先。,高,待验证,,priority_code=PR0; provisional=true; rule_group=BASE-需求优先级,0.2
M5-BASE-027,PR1 核心必要项｜正式定义,L1 需求优先级,BASE-需求优先级,通用,定义,PR1 核心必要项,,已经识别至少一项关系功能候选。,基础状态或安全门控未完成。,由共享基础引擎提供；只修正用户能否承载、表达和共同执行适配结构，不直接等同成熟度、道德或关系结果。,由M2提供；夫妻星和关系门槛只说明准入议题，不单独证明长期适配。,由M3-BASE与共享引擎提供；日支近位提高亲密关系相关性，但不得把日支直接写成配偶性格。,无／按本规则指定功能链或接口路由。,由共享基础引擎判定；近位提高直接相关性，远位仅作背景、阶段或条件性修正。,根气只修正该功能是否容易重复调用，不等于现实中已经形成成熟能力。,旺弱只修正调用强度与承载；强不自动适配，弱也不自动缺失。,喜忌只修正顺畅度、摩擦与平衡，不可直接翻译为好坏、理想伴侣或关系结果。,原十神性质有效；真合化成立时按化神功能替换，合化争议时停止定性。,近位提高进入亲密关系核心的概率；远位只保留背景、条件性或低置信修正。,97,+28 主需求候选,primary_fit_need,缺少时，M3核心功能无法稳定运行，或M4主风险会明显升高。,这是长期关系里真正不能缺少的条件。,不得仅凭本规则推出某类人必然适合或不适合、婚姻必然成功、忠诚度、职业收入、外貌家庭、五行生肖匹配，或要求用户容忍伤害；现实安全、行为、反例与双方意愿优先。,高,待验证,,priority_code=PR1; provisional=true; rule_group=BASE-需求优先级,0.2
M5-BASE-028,PR1 核心必要项｜升级条件,L1 需求优先级,BASE-需求优先级,通用,门控,PR1 核心必要项,独立证据,M3核心功能与M4主机制／DY药功能至少两类独立来源共同指向同一关系任务。,只有同源重复、单一弱远标签或现实反例未处理。,由共享基础引擎提供；只修正用户能否承载、表达和共同执行适配结构，不直接等同成熟度、道德或关系结果。,由M2提供；夫妻星和关系门槛只说明准入议题，不单独证明长期适配。,由M3-BASE与共享引擎提供；日支近位提高亲密关系相关性，但不得把日支直接写成配偶性格。,无／按本规则指定功能链或接口路由。,由共享基础引擎判定；近位提高直接相关性，远位仅作背景、阶段或条件性修正。,根气只修正该功能是否容易重复调用，不等于现实中已经形成成熟能力。,旺弱只修正调用强度与承载；强不自动适配，弱也不自动缺失。,喜忌只修正顺畅度、摩擦与平衡，不可直接翻译为好坏、理想伴侣或关系结果。,原十神性质有效；真合化成立时按化神功能替换，合化争议时停止定性。,近位提高进入亲密关系核心的概率；远位只保留背景、条件性或低置信修正。,92,+28 主需求候选,need_priority,需求层级必须由功能必要性、风险关系和独立证据共同决定。,当M3核心功能与M4主机制／DY药功能至少两类独立来源共同指向同一关系任务。时，才把它放在核心必要项的位置。,不得仅凭本规则推出某类人必然适合或不适合、婚姻必然成功、忠诚度、职业收入、外貌家庭、五行生肖匹配，或要求用户容忍伤害；现实安全、行为、反例与双方意愿优先。,中高,待验证,,priority_code=PR1; provisional=true; rule_group=BASE-需求优先级,0.2
M5-BASE-029,PR1 核心必要项｜现实核验,L1 需求优先级,BASE-需求优先级,通用,证据,PR1 核心必要项,现实行为,准备将结构候选应用于具体对象。,没有现实行为资料却试图发布FG3以上。,由共享基础引擎提供；只修正用户能否承载、表达和共同执行适配结构，不直接等同成熟度、道德或关系结果。,由M2提供；夫妻星和关系门槛只说明准入议题，不单独证明长期适配。,由M3-BASE与共享引擎提供；日支近位提高亲密关系相关性，但不得把日支直接写成配偶性格。,无／按本规则指定功能链或接口路由。,由共享基础引擎判定；近位提高直接相关性，远位仅作背景、阶段或条件性修正。,根气只修正该功能是否容易重复调用，不等于现实中已经形成成熟能力。,旺弱只修正调用强度与承载；强不自动适配，弱也不自动缺失。,喜忌只修正顺畅度、摩擦与平衡，不可直接翻译为好坏、理想伴侣或关系结果。,原十神性质有效；真合化成立时按化神功能替换，合化争议时停止定性。,近位提高进入亲密关系核心的概率；远位只保留背景、条件性或低置信修正。,90,不加分；现实核验,reality_gates,优先级是结构需求，不等于具体对象已经满足。,真正判断一位具体对象是否满足这项条件，要看他／她在相关场景中的持续行为。,不得仅凭本规则推出某类人必然适合或不适合、婚姻必然成功、忠诚度、职业收入、外貌家庭、五行生肖匹配，或要求用户容忍伤害；现实安全、行为、反例与双方意愿优先。,高,待验证,,priority_code=PR1; provisional=true; rule_group=BASE-需求优先级,0.2
M5-BASE-030,PR1 核心必要项｜标准用户语言,L1 需求优先级,BASE-需求优先级,通用,输出,PR1 核心必要项,,PR1层级已经成立。,层级仍未决或仅有单标签。,由共享基础引擎提供；只修正用户能否承载、表达和共同执行适配结构，不直接等同成熟度、道德或关系结果。,由M2提供；夫妻星和关系门槛只说明准入议题，不单独证明长期适配。,由M3-BASE与共享引擎提供；日支近位提高亲密关系相关性，但不得把日支直接写成配偶性格。,无／按本规则指定功能链或接口路由。,由共享基础引擎判定；近位提高直接相关性，远位仅作背景、阶段或条件性修正。,根气只修正该功能是否容易重复调用，不等于现实中已经形成成熟能力。,旺弱只修正调用强度与承载；强不自动适配，弱也不自动缺失。,喜忌只修正顺畅度、摩擦与平衡，不可直接翻译为好坏、理想伴侣或关系结果。,原十神性质有效；真合化成立时按化神功能替换，合化争议时停止定性。,近位提高进入亲密关系核心的概率；远位只保留背景、条件性或低置信修正。,72,不加分；生成用户语言,report_text,输出必须让用户知道这是底线、必要项、支持项、加分项还是情境偏好。,这是长期关系里真正不能缺少的条件。,不得仅凭本规则推出某类人必然适合或不适合、婚姻必然成功、忠诚度、职业收入、外貌家庭、五行生肖匹配，或要求用户容忍伤害；现实安全、行为、反例与双方意愿优先。,中高,待验证,,priority_code=PR1; provisional=true; rule_group=BASE-需求优先级,0.2
M5-BASE-031,PR1 核心必要项｜降级与排除,L1 需求优先级,BASE-需求优先级,通用,降级,PR1 核心必要项,反例／同源去重,出现排除条件、强现实反例或功能并非当前任务必要环节。,无,由共享基础引擎提供；只修正用户能否承载、表达和共同执行适配结构，不直接等同成熟度、道德或关系结果。,由M2提供；夫妻星和关系门槛只说明准入议题，不单独证明长期适配。,由M3-BASE与共享引擎提供；日支近位提高亲密关系相关性，但不得把日支直接写成配偶性格。,无／按本规则指定功能链或接口路由。,由共享基础引擎判定；近位提高直接相关性，远位仅作背景、阶段或条件性修正。,根气只修正该功能是否容易重复调用，不等于现实中已经形成成熟能力。,旺弱只修正调用强度与承载；强不自动适配，弱也不自动缺失。,喜忌只修正顺畅度、摩擦与平衡，不可直接翻译为好坏、理想伴侣或关系结果。,原十神性质有效；真合化成立时按化神功能替换，合化争议时停止定性。,近位提高进入亲密关系核心的概率；远位只保留背景、条件性或低置信修正。,94,降级／停止,discard_log,若只有单一弱远标签、同源重复或强现实反例，则降为PR2或停止。,若只有单一弱远标签、同源重复或强现实反例，则降为PR2或停止。,不得仅凭本规则推出某类人必然适合或不适合、婚姻必然成功、忠诚度、职业收入、外貌家庭、五行生肖匹配，或要求用户容忍伤害；现实安全、行为、反例与双方意愿优先。,高,待验证,,priority_code=PR1; provisional=true; rule_group=BASE-需求优先级,0.2
M5-BASE-032,PR1 核心必要项｜禁止误读,L1 需求优先级,BASE-需求优先级,通用,边界,PR1 核心必要项,,正在解释该层级。,无,由共享基础引擎提供；只修正用户能否承载、表达和共同执行适配结构，不直接等同成熟度、道德或关系结果。,由M2提供；夫妻星和关系门槛只说明准入议题，不单独证明长期适配。,由M3-BASE与共享引擎提供；日支近位提高亲密关系相关性，但不得把日支直接写成配偶性格。,无／按本规则指定功能链或接口路由。,由共享基础引擎判定；近位提高直接相关性，远位仅作背景、阶段或条件性修正。,根气只修正该功能是否容易重复调用，不等于现实中已经形成成熟能力。,旺弱只修正调用强度与承载；强不自动适配，弱也不自动缺失。,喜忌只修正顺畅度、摩擦与平衡，不可直接翻译为好坏、理想伴侣或关系结果。,原十神性质有效；真合化成立时按化神功能替换，合化争议时停止定性。,近位提高进入亲密关系核心的概率；远位只保留背景、条件性或低置信修正。,96,不加分；边界,boundary_note,优先级只说明关系任务的重要程度，不等于对方人格价值或婚姻结果。,这只是关系中需要优先验证的条件，不是给人贴优劣标签。,不得仅凭本规则推出某类人必然适合或不适合、婚姻必然成功、忠诚度、职业收入、外貌家庭、五行生肖匹配，或要求用户容忍伤害；现实安全、行为、反例与双方意愿优先。,高,待验证,,priority_code=PR1; provisional=true; rule_group=BASE-需求优先级,0.2
M5-BASE-033,PR2 重要支持项｜正式定义,L1 需求优先级,BASE-需求优先级,通用,定义,PR2 重要支持项,,已经识别至少一项关系功能候选。,基础状态或安全门控未完成。,由共享基础引擎提供；只修正用户能否承载、表达和共同执行适配结构，不直接等同成熟度、道德或关系结果。,由M2提供；夫妻星和关系门槛只说明准入议题，不单独证明长期适配。,由M3-BASE与共享引擎提供；日支近位提高亲密关系相关性，但不得把日支直接写成配偶性格。,无／按本规则指定功能链或接口路由。,由共享基础引擎判定；近位提高直接相关性，远位仅作背景、阶段或条件性修正。,根气只修正该功能是否容易重复调用，不等于现实中已经形成成熟能力。,旺弱只修正调用强度与承载；强不自动适配，弱也不自动缺失。,喜忌只修正顺畅度、摩擦与平衡，不可直接翻译为好坏、理想伴侣或关系结果。,原十神性质有效；真合化成立时按化神功能替换，合化争议时停止定性。,近位提高进入亲密关系核心的概率；远位只保留背景、条件性或低置信修正。,97,+18 次需求候选,secondary_fit_need,能显著提升稳定性，但可由多种行为或结构实现。,这是重要支持条件，不一定只能由一种人格或方式提供。,不得仅凭本规则推出某类人必然适合或不适合、婚姻必然成功、忠诚度、职业收入、外貌家庭、五行生肖匹配，或要求用户容忍伤害；现实安全、行为、反例与双方意愿优先。,高,待验证,,priority_code=PR2; provisional=true; rule_group=BASE-需求优先级,0.2
M5-BASE-034,PR2 重要支持项｜升级条件,L1 需求优先级,BASE-需求优先级,通用,门控,PR2 重要支持项,独立证据,存在一个可靠主来源，并有第二类条件性支持；或作为PR1的必要桥接功能。,只有同源重复、单一弱远标签或现实反例未处理。,由共享基础引擎提供；只修正用户能否承载、表达和共同执行适配结构，不直接等同成熟度、道德或关系结果。,由M2提供；夫妻星和关系门槛只说明准入议题，不单独证明长期适配。,由M3-BASE与共享引擎提供；日支近位提高亲密关系相关性，但不得把日支直接写成配偶性格。,无／按本规则指定功能链或接口路由。,由共享基础引擎判定；近位提高直接相关性，远位仅作背景、阶段或条件性修正。,根气只修正该功能是否容易重复调用，不等于现实中已经形成成熟能力。,旺弱只修正调用强度与承载；强不自动适配，弱也不自动缺失。,喜忌只修正顺畅度、摩擦与平衡，不可直接翻译为好坏、理想伴侣或关系结果。,原十神性质有效；真合化成立时按化神功能替换，合化争议时停止定性。,近位提高进入亲密关系核心的概率；远位只保留背景、条件性或低置信修正。,92,+18 次需求候选,need_priority,需求层级必须由功能必要性、风险关系和独立证据共同决定。,当存在一个可靠主来源，并有第二类条件性支持；或作为PR1的必要桥接功能。时，才把它放在重要支持项的位置。,不得仅凭本规则推出某类人必然适合或不适合、婚姻必然成功、忠诚度、职业收入、外貌家庭、五行生肖匹配，或要求用户容忍伤害；现实安全、行为、反例与双方意愿优先。,中高,待验证,,priority_code=PR2; provisional=true; rule_group=BASE-需求优先级,0.2
M5-BASE-035,PR2 重要支持项｜现实核验,L1 需求优先级,BASE-需求优先级,通用,证据,PR2 重要支持项,现实行为,准备将结构候选应用于具体对象。,没有现实行为资料却试图发布FG3以上。,由共享基础引擎提供；只修正用户能否承载、表达和共同执行适配结构，不直接等同成熟度、道德或关系结果。,由M2提供；夫妻星和关系门槛只说明准入议题，不单独证明长期适配。,由M3-BASE与共享引擎提供；日支近位提高亲密关系相关性，但不得把日支直接写成配偶性格。,无／按本规则指定功能链或接口路由。,由共享基础引擎判定；近位提高直接相关性，远位仅作背景、阶段或条件性修正。,根气只修正该功能是否容易重复调用，不等于现实中已经形成成熟能力。,旺弱只修正调用强度与承载；强不自动适配，弱也不自动缺失。,喜忌只修正顺畅度、摩擦与平衡，不可直接翻译为好坏、理想伴侣或关系结果。,原十神性质有效；真合化成立时按化神功能替换，合化争议时停止定性。,近位提高进入亲密关系核心的概率；远位只保留背景、条件性或低置信修正。,90,不加分；现实核验,reality_gates,优先级是结构需求，不等于具体对象已经满足。,真正判断一位具体对象是否满足这项条件，要看他／她在相关场景中的持续行为。,不得仅凭本规则推出某类人必然适合或不适合、婚姻必然成功、忠诚度、职业收入、外貌家庭、五行生肖匹配，或要求用户容忍伤害；现实安全、行为、反例与双方意愿优先。,高,待验证,,priority_code=PR2; provisional=true; rule_group=BASE-需求优先级,0.2
M5-BASE-036,PR2 重要支持项｜标准用户语言,L1 需求优先级,BASE-需求优先级,通用,输出,PR2 重要支持项,,PR2层级已经成立。,层级仍未决或仅有单标签。,由共享基础引擎提供；只修正用户能否承载、表达和共同执行适配结构，不直接等同成熟度、道德或关系结果。,由M2提供；夫妻星和关系门槛只说明准入议题，不单独证明长期适配。,由M3-BASE与共享引擎提供；日支近位提高亲密关系相关性，但不得把日支直接写成配偶性格。,无／按本规则指定功能链或接口路由。,由共享基础引擎判定；近位提高直接相关性，远位仅作背景、阶段或条件性修正。,根气只修正该功能是否容易重复调用，不等于现实中已经形成成熟能力。,旺弱只修正调用强度与承载；强不自动适配，弱也不自动缺失。,喜忌只修正顺畅度、摩擦与平衡，不可直接翻译为好坏、理想伴侣或关系结果。,原十神性质有效；真合化成立时按化神功能替换，合化争议时停止定性。,近位提高进入亲密关系核心的概率；远位只保留背景、条件性或低置信修正。,72,不加分；生成用户语言,report_text,输出必须让用户知道这是底线、必要项、支持项、加分项还是情境偏好。,这是重要支持条件，不一定只能由一种人格或方式提供。,不得仅凭本规则推出某类人必然适合或不适合、婚姻必然成功、忠诚度、职业收入、外貌家庭、五行生肖匹配，或要求用户容忍伤害；现实安全、行为、反例与双方意愿优先。,中高,待验证,,priority_code=PR2; provisional=true; rule_group=BASE-需求优先级,0.2
M5-BASE-037,PR2 重要支持项｜降级与排除,L1 需求优先级,BASE-需求优先级,通用,降级,PR2 重要支持项,反例／同源去重,出现排除条件、强现实反例或功能并非当前任务必要环节。,无,由共享基础引擎提供；只修正用户能否承载、表达和共同执行适配结构，不直接等同成熟度、道德或关系结果。,由M2提供；夫妻星和关系门槛只说明准入议题，不单独证明长期适配。,由M3-BASE与共享引擎提供；日支近位提高亲密关系相关性，但不得把日支直接写成配偶性格。,无／按本规则指定功能链或接口路由。,由共享基础引擎判定；近位提高直接相关性，远位仅作背景、阶段或条件性修正。,根气只修正该功能是否容易重复调用，不等于现实中已经形成成熟能力。,旺弱只修正调用强度与承载；强不自动适配，弱也不自动缺失。,喜忌只修正顺畅度、摩擦与平衡，不可直接翻译为好坏、理想伴侣或关系结果。,原十神性质有效；真合化成立时按化神功能替换，合化争议时停止定性。,近位提高进入亲密关系核心的概率；远位只保留背景、条件性或低置信修正。,94,降级／停止,discard_log,若仅在特定阶段或单次事件中需要，则降为PR4。,若仅在特定阶段或单次事件中需要，则降为PR4。,不得仅凭本规则推出某类人必然适合或不适合、婚姻必然成功、忠诚度、职业收入、外貌家庭、五行生肖匹配，或要求用户容忍伤害；现实安全、行为、反例与双方意愿优先。,高,待验证,,priority_code=PR2; provisional=true; rule_group=BASE-需求优先级,0.2
M5-BASE-038,PR2 重要支持项｜禁止误读,L1 需求优先级,BASE-需求优先级,通用,边界,PR2 重要支持项,,正在解释该层级。,无,由共享基础引擎提供；只修正用户能否承载、表达和共同执行适配结构，不直接等同成熟度、道德或关系结果。,由M2提供；夫妻星和关系门槛只说明准入议题，不单独证明长期适配。,由M3-BASE与共享引擎提供；日支近位提高亲密关系相关性，但不得把日支直接写成配偶性格。,无／按本规则指定功能链或接口路由。,由共享基础引擎判定；近位提高直接相关性，远位仅作背景、阶段或条件性修正。,根气只修正该功能是否容易重复调用，不等于现实中已经形成成熟能力。,旺弱只修正调用强度与承载；强不自动适配，弱也不自动缺失。,喜忌只修正顺畅度、摩擦与平衡，不可直接翻译为好坏、理想伴侣或关系结果。,原十神性质有效；真合化成立时按化神功能替换，合化争议时停止定性。,近位提高进入亲密关系核心的概率；远位只保留背景、条件性或低置信修正。,96,不加分；边界,boundary_note,优先级只说明关系任务的重要程度，不等于对方人格价值或婚姻结果。,这只是关系中需要优先验证的条件，不是给人贴优劣标签。,不得仅凭本规则推出某类人必然适合或不适合、婚姻必然成功、忠诚度、职业收入、外貌家庭、五行生肖匹配，或要求用户容忍伤害；现实安全、行为、反例与双方意愿优先。,高,待验证,,priority_code=PR2; provisional=true; rule_group=BASE-需求优先级,0.2
M5-BASE-039,PR3 心动与舒适加分项｜正式定义,L1 需求优先级,BASE-需求优先级,通用,定义,PR3 心动与舒适加分项,,已经识别至少一项关系功能候选。,基础状态或安全门控未完成。,由共享基础引擎提供；只修正用户能否承载、表达和共同执行适配结构，不直接等同成熟度、道德或关系结果。,由M2提供；夫妻星和关系门槛只说明准入议题，不单独证明长期适配。,由M3-BASE与共享引擎提供；日支近位提高亲密关系相关性，但不得把日支直接写成配偶性格。,无／按本规则指定功能链或接口路由。,由共享基础引擎判定；近位提高直接相关性，远位仅作背景、阶段或条件性修正。,根气只修正该功能是否容易重复调用，不等于现实中已经形成成熟能力。,旺弱只修正调用强度与承载；强不自动适配，弱也不自动缺失。,喜忌只修正顺畅度、摩擦与平衡，不可直接翻译为好坏、理想伴侣或关系结果。,原十神性质有效；真合化成立时按化神功能替换，合化争议时停止定性。,近位提高进入亲密关系核心的概率；远位只保留背景、条件性或低置信修正。,97,+8 加分项,flexible_preferences,增加感觉、默契和愉悦，但不能替代安全、责任、边界和修复。,这会增加心动和相处感，但不是长期关系的唯一基础。,不得仅凭本规则推出某类人必然适合或不适合、婚姻必然成功、忠诚度、职业收入、外貌家庭、五行生肖匹配，或要求用户容忍伤害；现实安全、行为、反例与双方意愿优先。,高,待验证,,priority_code=PR3; provisional=true; rule_group=BASE-需求优先级,0.2
M5-BASE-040,PR3 心动与舒适加分项｜升级条件,L1 需求优先级,BASE-需求优先级,通用,门控,PR3 心动与舒适加分项,独立证据,主要来自M1吸引、M2次门槛或M3舒适功能，且未与M4主风险冲突。,只有同源重复、单一弱远标签或现实反例未处理。,由共享基础引擎提供；只修正用户能否承载、表达和共同执行适配结构，不直接等同成熟度、道德或关系结果。,由M2提供；夫妻星和关系门槛只说明准入议题，不单独证明长期适配。,由M3-BASE与共享引擎提供；日支近位提高亲密关系相关性，但不得把日支直接写成配偶性格。,无／按本规则指定功能链或接口路由。,由共享基础引擎判定；近位提高直接相关性，远位仅作背景、阶段或条件性修正。,根气只修正该功能是否容易重复调用，不等于现实中已经形成成熟能力。,旺弱只修正调用强度与承载；强不自动适配，弱也不自动缺失。,喜忌只修正顺畅度、摩擦与平衡，不可直接翻译为好坏、理想伴侣或关系结果。,原十神性质有效；真合化成立时按化神功能替换，合化争议时停止定性。,近位提高进入亲密关系核心的概率；远位只保留背景、条件性或低置信修正。,92,+8 加分项,need_priority,需求层级必须由功能必要性、风险关系和独立证据共同决定。,当主要来自M1吸引、M2次门槛或M3舒适功能，且未与M4主风险冲突。时，才把它放在心动与舒适加分项的位置。,不得仅凭本规则推出某类人必然适合或不适合、婚姻必然成功、忠诚度、职业收入、外貌家庭、五行生肖匹配，或要求用户容忍伤害；现实安全、行为、反例与双方意愿优先。,中高,待验证,,priority_code=PR3; provisional=true; rule_group=BASE-需求优先级,0.2
M5-BASE-041,PR3 心动与舒适加分项｜现实核验,L1 需求优先级,BASE-需求优先级,通用,证据,PR3 心动与舒适加分项,现实行为,准备将结构候选应用于具体对象。,没有现实行为资料却试图发布FG3以上。,由共享基础引擎提供；只修正用户能否承载、表达和共同执行适配结构，不直接等同成熟度、道德或关系结果。,由M2提供；夫妻星和关系门槛只说明准入议题，不单独证明长期适配。,由M3-BASE与共享引擎提供；日支近位提高亲密关系相关性，但不得把日支直接写成配偶性格。,无／按本规则指定功能链或接口路由。,由共享基础引擎判定；近位提高直接相关性，远位仅作背景、阶段或条件性修正。,根气只修正该功能是否容易重复调用，不等于现实中已经形成成熟能力。,旺弱只修正调用强度与承载；强不自动适配，弱也不自动缺失。,喜忌只修正顺畅度、摩擦与平衡，不可直接翻译为好坏、理想伴侣或关系结果。,原十神性质有效；真合化成立时按化神功能替换，合化争议时停止定性。,近位提高进入亲密关系核心的概率；远位只保留背景、条件性或低置信修正。,90,不加分；现实核验,reality_gates,优先级是结构需求，不等于具体对象已经满足。,真正判断一位具体对象是否满足这项条件，要看他／她在相关场景中的持续行为。,不得仅凭本规则推出某类人必然适合或不适合、婚姻必然成功、忠诚度、职业收入、外貌家庭、五行生肖匹配，或要求用户容忍伤害；现实安全、行为、反例与双方意愿优先。,高,待验证,,priority_code=PR3; provisional=true; rule_group=BASE-需求优先级,0.2
M5-BASE-042,PR3 心动与舒适加分项｜标准用户语言,L1 需求优先级,BASE-需求优先级,通用,输出,PR3 心动与舒适加分项,,PR3层级已经成立。,层级仍未决或仅有单标签。,由共享基础引擎提供；只修正用户能否承载、表达和共同执行适配结构，不直接等同成熟度、道德或关系结果。,由M2提供；夫妻星和关系门槛只说明准入议题，不单独证明长期适配。,由M3-BASE与共享引擎提供；日支近位提高亲密关系相关性，但不得把日支直接写成配偶性格。,无／按本规则指定功能链或接口路由。,由共享基础引擎判定；近位提高直接相关性，远位仅作背景、阶段或条件性修正。,根气只修正该功能是否容易重复调用，不等于现实中已经形成成熟能力。,旺弱只修正调用强度与承载；强不自动适配，弱也不自动缺失。,喜忌只修正顺畅度、摩擦与平衡，不可直接翻译为好坏、理想伴侣或关系结果。,原十神性质有效；真合化成立时按化神功能替换，合化争议时停止定性。,近位提高进入亲密关系核心的概率；远位只保留背景、条件性或低置信修正。,72,不加分；生成用户语言,report_text,输出必须让用户知道这是底线、必要项、支持项、加分项还是情境偏好。,这会增加心动和相处感，但不是长期关系的唯一基础。,不得仅凭本规则推出某类人必然适合或不适合、婚姻必然成功、忠诚度、职业收入、外貌家庭、五行生肖匹配，或要求用户容忍伤害；现实安全、行为、反例与双方意愿优先。,中高,待验证,,priority_code=PR3; provisional=true; rule_group=BASE-需求优先级,0.2
M5-BASE-043,PR3 心动与舒适加分项｜降级与排除,L1 需求优先级,BASE-需求优先级,通用,降级,PR3 心动与舒适加分项,反例／同源去重,出现排除条件、强现实反例或功能并非当前任务必要环节。,无,由共享基础引擎提供；只修正用户能否承载、表达和共同执行适配结构，不直接等同成熟度、道德或关系结果。,由M2提供；夫妻星和关系门槛只说明准入议题，不单独证明长期适配。,由M3-BASE与共享引擎提供；日支近位提高亲密关系相关性，但不得把日支直接写成配偶性格。,无／按本规则指定功能链或接口路由。,由共享基础引擎判定；近位提高直接相关性，远位仅作背景、阶段或条件性修正。,根气只修正该功能是否容易重复调用，不等于现实中已经形成成熟能力。,旺弱只修正调用强度与承载；强不自动适配，弱也不自动缺失。,喜忌只修正顺畅度、摩擦与平衡，不可直接翻译为好坏、理想伴侣或关系结果。,原十神性质有效；真合化成立时按化神功能替换，合化争议时停止定性。,近位提高进入亲密关系核心的概率；远位只保留背景、条件性或低置信修正。,94,降级／停止,discard_log,若该特质放大M4风险，则转为AG03张力，不再作为纯加分。,若该特质放大M4风险，则转为AG03张力，不再作为纯加分。,不得仅凭本规则推出某类人必然适合或不适合、婚姻必然成功、忠诚度、职业收入、外貌家庭、五行生肖匹配，或要求用户容忍伤害；现实安全、行为、反例与双方意愿优先。,高,待验证,,priority_code=PR3; provisional=true; rule_group=BASE-需求优先级,0.2
M5-BASE-044,PR3 心动与舒适加分项｜禁止误读,L1 需求优先级,BASE-需求优先级,通用,边界,PR3 心动与舒适加分项,,正在解释该层级。,无,由共享基础引擎提供；只修正用户能否承载、表达和共同执行适配结构，不直接等同成熟度、道德或关系结果。,由M2提供；夫妻星和关系门槛只说明准入议题，不单独证明长期适配。,由M3-BASE与共享引擎提供；日支近位提高亲密关系相关性，但不得把日支直接写成配偶性格。,无／按本规则指定功能链或接口路由。,由共享基础引擎判定；近位提高直接相关性，远位仅作背景、阶段或条件性修正。,根气只修正该功能是否容易重复调用，不等于现实中已经形成成熟能力。,旺弱只修正调用强度与承载；强不自动适配，弱也不自动缺失。,喜忌只修正顺畅度、摩擦与平衡，不可直接翻译为好坏、理想伴侣或关系结果。,原十神性质有效；真合化成立时按化神功能替换，合化争议时停止定性。,近位提高进入亲密关系核心的概率；远位只保留背景、条件性或低置信修正。,96,不加分；边界,boundary_note,优先级只说明关系任务的重要程度，不等于对方人格价值或婚姻结果。,这只是关系中需要优先验证的条件，不是给人贴优劣标签。,不得仅凭本规则推出某类人必然适合或不适合、婚姻必然成功、忠诚度、职业收入、外貌家庭、五行生肖匹配，或要求用户容忍伤害；现实安全、行为、反例与双方意愿优先。,高,待验证,,priority_code=PR3; provisional=true; rule_group=BASE-需求优先级,0.2
M5-BASE-045,PR4 情境偏好｜正式定义,L1 需求优先级,BASE-需求优先级,通用,定义,PR4 情境偏好,,已经识别至少一项关系功能候选。,基础状态或安全门控未完成。,由共享基础引擎提供；只修正用户能否承载、表达和共同执行适配结构，不直接等同成熟度、道德或关系结果。,由M2提供；夫妻星和关系门槛只说明准入议题，不单独证明长期适配。,由M3-BASE与共享引擎提供；日支近位提高亲密关系相关性，但不得把日支直接写成配偶性格。,无／按本规则指定功能链或接口路由。,由共享基础引擎判定；近位提高直接相关性，远位仅作背景、阶段或条件性修正。,根气只修正该功能是否容易重复调用，不等于现实中已经形成成熟能力。,旺弱只修正调用强度与承载；强不自动适配，弱也不自动缺失。,喜忌只修正顺畅度、摩擦与平衡，不可直接翻译为好坏、理想伴侣或关系结果。,原十神性质有效；真合化成立时按化神功能替换，合化争议时停止定性。,近位提高进入亲密关系核心的概率；远位只保留背景、条件性或低置信修正。,97,+4 条件性路由,flexible_preferences,随生活阶段、对象、现实任务和关系状态变化的偏好。,这项偏好会随阶段和现实环境变化，不宜写成固定择偶标准。,不得仅凭本规则推出某类人必然适合或不适合、婚姻必然成功、忠诚度、职业收入、外貌家庭、五行生肖匹配，或要求用户容忍伤害；现实安全、行为、反例与双方意愿优先。,高,待验证,,priority_code=PR4; provisional=true; rule_group=BASE-需求优先级,0.2
M5-BASE-046,PR4 情境偏好｜升级条件,L1 需求优先级,BASE-需求优先级,通用,门控,PR4 情境偏好,独立证据,主要由阶段覆盖、远位信号、特定事务或短期气候触发。,只有同源重复、单一弱远标签或现实反例未处理。,由共享基础引擎提供；只修正用户能否承载、表达和共同执行适配结构，不直接等同成熟度、道德或关系结果。,由M2提供；夫妻星和关系门槛只说明准入议题，不单独证明长期适配。,由M3-BASE与共享引擎提供；日支近位提高亲密关系相关性，但不得把日支直接写成配偶性格。,无／按本规则指定功能链或接口路由。,由共享基础引擎判定；近位提高直接相关性，远位仅作背景、阶段或条件性修正。,根气只修正该功能是否容易重复调用，不等于现实中已经形成成熟能力。,旺弱只修正调用强度与承载；强不自动适配，弱也不自动缺失。,喜忌只修正顺畅度、摩擦与平衡，不可直接翻译为好坏、理想伴侣或关系结果。,原十神性质有效；真合化成立时按化神功能替换，合化争议时停止定性。,近位提高进入亲密关系核心的概率；远位只保留背景、条件性或低置信修正。,92,+4 条件性路由,need_priority,需求层级必须由功能必要性、风险关系和独立证据共同决定。,当主要由阶段覆盖、远位信号、特定事务或短期气候触发。时，才把它放在情境偏好的位置。,不得仅凭本规则推出某类人必然适合或不适合、婚姻必然成功、忠诚度、职业收入、外貌家庭、五行生肖匹配，或要求用户容忍伤害；现实安全、行为、反例与双方意愿优先。,中高,待验证,,priority_code=PR4; provisional=true; rule_group=BASE-需求优先级,0.2
M5-BASE-047,PR4 情境偏好｜现实核验,L1 需求优先级,BASE-需求优先级,通用,证据,PR4 情境偏好,现实行为,准备将结构候选应用于具体对象。,没有现实行为资料却试图发布FG3以上。,由共享基础引擎提供；只修正用户能否承载、表达和共同执行适配结构，不直接等同成熟度、道德或关系结果。,由M2提供；夫妻星和关系门槛只说明准入议题，不单独证明长期适配。,由M3-BASE与共享引擎提供；日支近位提高亲密关系相关性，但不得把日支直接写成配偶性格。,无／按本规则指定功能链或接口路由。,由共享基础引擎判定；近位提高直接相关性，远位仅作背景、阶段或条件性修正。,根气只修正该功能是否容易重复调用，不等于现实中已经形成成熟能力。,旺弱只修正调用强度与承载；强不自动适配，弱也不自动缺失。,喜忌只修正顺畅度、摩擦与平衡，不可直接翻译为好坏、理想伴侣或关系结果。,原十神性质有效；真合化成立时按化神功能替换，合化争议时停止定性。,近位提高进入亲密关系核心的概率；远位只保留背景、条件性或低置信修正。,90,不加分；现实核验,reality_gates,优先级是结构需求，不等于具体对象已经满足。,真正判断一位具体对象是否满足这项条件，要看他／她在相关场景中的持续行为。,不得仅凭本规则推出某类人必然适合或不适合、婚姻必然成功、忠诚度、职业收入、外貌家庭、五行生肖匹配，或要求用户容忍伤害；现实安全、行为、反例与双方意愿优先。,高,待验证,,priority_code=PR4; provisional=true; rule_group=BASE-需求优先级,0.2
M5-BASE-048,PR4 情境偏好｜标准用户语言,L1 需求优先级,BASE-需求优先级,通用,输出,PR4 情境偏好,,PR4层级已经成立。,层级仍未决或仅有单标签。,由共享基础引擎提供；只修正用户能否承载、表达和共同执行适配结构，不直接等同成熟度、道德或关系结果。,由M2提供；夫妻星和关系门槛只说明准入议题，不单独证明长期适配。,由M3-BASE与共享引擎提供；日支近位提高亲密关系相关性，但不得把日支直接写成配偶性格。,无／按本规则指定功能链或接口路由。,由共享基础引擎判定；近位提高直接相关性，远位仅作背景、阶段或条件性修正。,根气只修正该功能是否容易重复调用，不等于现实中已经形成成熟能力。,旺弱只修正调用强度与承载；强不自动适配，弱也不自动缺失。,喜忌只修正顺畅度、摩擦与平衡，不可直接翻译为好坏、理想伴侣或关系结果。,原十神性质有效；真合化成立时按化神功能替换，合化争议时停止定性。,近位提高进入亲密关系核心的概率；远位只保留背景、条件性或低置信修正。,72,不加分；生成用户语言,report_text,输出必须让用户知道这是底线、必要项、支持项、加分项还是情境偏好。,这项偏好会随阶段和现实环境变化，不宜写成固定择偶标准。,不得仅凭本规则推出某类人必然适合或不适合、婚姻必然成功、忠诚度、职业收入、外貌家庭、五行生肖匹配，或要求用户容忍伤害；现实安全、行为、反例与双方意愿优先。,中高,待验证,,priority_code=PR4; provisional=true; rule_group=BASE-需求优先级,0.2
M5-BASE-049,PR4 情境偏好｜降级与排除,L1 需求优先级,BASE-需求优先级,通用,降级,PR4 情境偏好,反例／同源去重,出现排除条件、强现实反例或功能并非当前任务必要环节。,无,由共享基础引擎提供；只修正用户能否承载、表达和共同执行适配结构，不直接等同成熟度、道德或关系结果。,由M2提供；夫妻星和关系门槛只说明准入议题，不单独证明长期适配。,由M3-BASE与共享引擎提供；日支近位提高亲密关系相关性，但不得把日支直接写成配偶性格。,无／按本规则指定功能链或接口路由。,由共享基础引擎判定；近位提高直接相关性，远位仅作背景、阶段或条件性修正。,根气只修正该功能是否容易重复调用，不等于现实中已经形成成熟能力。,旺弱只修正调用强度与承载；强不自动适配，弱也不自动缺失。,喜忌只修正顺畅度、摩擦与平衡，不可直接翻译为好坏、理想伴侣或关系结果。,原十神性质有效；真合化成立时按化神功能替换，合化争议时停止定性。,近位提高进入亲密关系核心的概率；远位只保留背景、条件性或低置信修正。,94,降级／停止,discard_log,若跨情境、跨时间重复成为必要条件，可在案例校准后升级。,若跨情境、跨时间重复成为必要条件，可在案例校准后升级。,不得仅凭本规则推出某类人必然适合或不适合、婚姻必然成功、忠诚度、职业收入、外貌家庭、五行生肖匹配，或要求用户容忍伤害；现实安全、行为、反例与双方意愿优先。,高,待验证,,priority_code=PR4; provisional=true; rule_group=BASE-需求优先级,0.2
M5-BASE-050,PR4 情境偏好｜禁止误读,L1 需求优先级,BASE-需求优先级,通用,边界,PR4 情境偏好,,正在解释该层级。,无,由共享基础引擎提供；只修正用户能否承载、表达和共同执行适配结构，不直接等同成熟度、道德或关系结果。,由M2提供；夫妻星和关系门槛只说明准入议题，不单独证明长期适配。,由M3-BASE与共享引擎提供；日支近位提高亲密关系相关性，但不得把日支直接写成配偶性格。,无／按本规则指定功能链或接口路由。,由共享基础引擎判定；近位提高直接相关性，远位仅作背景、阶段或条件性修正。,根气只修正该功能是否容易重复调用，不等于现实中已经形成成熟能力。,旺弱只修正调用强度与承载；强不自动适配，弱也不自动缺失。,喜忌只修正顺畅度、摩擦与平衡，不可直接翻译为好坏、理想伴侣或关系结果。,原十神性质有效；真合化成立时按化神功能替换，合化争议时停止定性。,近位提高进入亲密关系核心的概率；远位只保留背景、条件性或低置信修正。,96,不加分；边界,boundary_note,优先级只说明关系任务的重要程度，不等于对方人格价值或婚姻结果。,这只是关系中需要优先验证的条件，不是给人贴优劣标签。,不得仅凭本规则推出某类人必然适合或不适合、婚姻必然成功、忠诚度、职业收入、外貌家庭、五行生肖匹配，或要求用户容忍伤害；现实安全、行为、反例与双方意愿优先。,高,待验证,,priority_code=PR4; provisional=true; rule_group=BASE-需求优先级,0.2
M5-BASE-051,FN01 平等自主｜核心适配需求,L2 核心适配功能,BASE-核心适配功能,通用,基础,FN01 平等自主,比肩,比肩功能在M3中可靠，或M4显示该功能是关键补位／调节任务。,只有单一十神标签、同源重复或现实反例未处理。,由共享基础引擎提供；只修正用户能否承载、表达和共同执行适配结构，不直接等同成熟度、道德或关系结果。,由M2提供；夫妻星和关系门槛只说明准入议题，不单独证明长期适配。,由M3-BASE与共享引擎提供；日支近位提高亲密关系相关性，但不得把日支直接写成配偶性格。,无／按本规则指定功能链或接口路由。,由共享基础引擎判定；近位提高直接相关性，远位仅作背景、阶段或条件性修正。,根气只修正该功能是否容易重复调用，不等于现实中已经形成成熟能力。,旺弱只修正调用强度与承载；强不自动适配，弱也不自动缺失。,喜忌只修正顺畅度、摩擦与平衡，不可直接翻译为好坏、理想伴侣或关系结果。,原十神性质有效；真合化成立时按化神功能替换，合化争议时停止定性。,近位提高进入亲密关系核心的概率；远位只保留背景、条件性或低置信修正。,88,FN01 平等自主 +20 主需求候选,primary_fit_need,双方都保留选择权、表达权和共同决定权。,更适合你的关系会把你当作有能力、有选择权的共同参与者，而不是被照顾或被安排的对象。,不得仅凭本规则推出某类人必然适合或不适合、婚姻必然成功、忠诚度、职业收入、外貌家庭、五行生肖匹配，或要求用户容忍伤害；现实安全、行为、反例与双方意愿优先。,中高,待验证,,fit_need_code=FN01; provisional=true; rule_group=BASE-核心适配功能,0.2
M5-BASE-052,FN01 平等自主｜伴侣可观察行为,L2 核心适配功能,BASE-核心适配功能,通用,行为,FN01 平等自主,可观察行为,FN01 平等自主已进入PR1或PR2候选。,只能提供抽象人格标签，缺少现实行为描述。,由共享基础引擎提供；只修正用户能否承载、表达和共同执行适配结构，不直接等同成熟度、道德或关系结果。,由M2提供；夫妻星和关系门槛只说明准入议题，不单独证明长期适配。,由M3-BASE与共享引擎提供；日支近位提高亲密关系相关性，但不得把日支直接写成配偶性格。,无／按本规则指定功能链或接口路由。,由共享基础引擎判定；近位提高直接相关性，远位仅作背景、阶段或条件性修正。,根气只修正该功能是否容易重复调用，不等于现实中已经形成成熟能力。,旺弱只修正调用强度与承载；强不自动适配，弱也不自动缺失。,喜忌只修正顺畅度、摩擦与平衡，不可直接翻译为好坏、理想伴侣或关系结果。,原十神性质有效；真合化成立时按化神功能替换，合化争议时停止定性。,近位提高进入亲密关系核心的概率；远位只保留背景、条件性或低置信修正。,84,FN01 平等自主 +12 行为候选,required_partner_behaviors,该功能必须由具体、重复、可反馈的行为体现：重要事项主动询问并尊重你的意见；允许拒绝和不同选择；照顾不会变成接管。,可以重点观察对方是否会：重要事项主动询问并尊重你的意见；允许拒绝和不同选择；照顾不会变成接管。,不得仅凭本规则推出某类人必然适合或不适合、婚姻必然成功、忠诚度、职业收入、外貌家庭、五行生肖匹配，或要求用户容忍伤害；现实安全、行为、反例与双方意愿优先。,中,待验证,,fit_need_code=FN01; provisional=true; rule_group=BASE-核心适配功能,0.2
M5-BASE-053,FN01 平等自主｜互动结构候选,L2 核心适配功能,BASE-核心适配功能,通用,结构,FN01 平等自主,互动结构,FN01 平等自主已成立，且双方愿意共同执行。,只有单方长期承担；或结构剥夺一方选择权。,由共享基础引擎提供；只修正用户能否承载、表达和共同执行适配结构，不直接等同成熟度、道德或关系结果。,由M2提供；夫妻星和关系门槛只说明准入议题，不单独证明长期适配。,由M3-BASE与共享引擎提供；日支近位提高亲密关系相关性，但不得把日支直接写成配偶性格。,无／按本规则指定功能链或接口路由。,由共享基础引擎判定；近位提高直接相关性，远位仅作背景、阶段或条件性修正。,根气只修正该功能是否容易重复调用，不等于现实中已经形成成熟能力。,旺弱只修正调用强度与承载；强不自动适配，弱也不自动缺失。,喜忌只修正顺畅度、摩擦与平衡，不可直接翻译为好坏、理想伴侣或关系结果。,原十神性质有效；真合化成立时按化神功能替换，合化争议时停止定性。,近位提高进入亲密关系核心的概率；远位只保留背景、条件性或低置信修正。,82,FN01 平等自主 +10 结构候选,interaction_structure,IS01平等协商＋明确共同决定领域。,更有效的关系结构是：IS01平等协商＋明确共同决定领域。,不得仅凭本规则推出某类人必然适合或不适合、婚姻必然成功、忠诚度、职业收入、外貌家庭、五行生肖匹配，或要求用户容忍伤害；现实安全、行为、反例与双方意愿优先。,中,待验证,,fit_need_code=FN01; provisional=true; rule_group=BASE-核心适配功能,0.2
M5-BASE-054,FN01 平等自主｜M3正常功能尊重接口,L2 核心适配功能,BASE-核心适配功能,通用,接口,FN01 平等自主,I01／X01／CA01／BD01／CF01,M3的I01／X01／CA01／BD01／CF01至少一项为主通道或稳定次通道。,M3字段停止、只有弱远候选或同一source_id重复。,由共享基础引擎提供；只修正用户能否承载、表达和共同执行适配结构，不直接等同成熟度、道德或关系结果。,由M2提供；夫妻星和关系门槛只说明准入议题，不单独证明长期适配。,由M3-BASE与共享引擎提供；日支近位提高亲密关系相关性，但不得把日支直接写成配偶性格。,无／按本规则指定功能链或接口路由。,由共享基础引擎判定；近位提高直接相关性，远位仅作背景、阶段或条件性修正。,根气只修正该功能是否容易重复调用，不等于现实中已经形成成熟能力。,旺弱只修正调用强度与承载；强不自动适配，弱也不自动缺失。,喜忌只修正顺畅度、摩擦与平衡，不可直接翻译为好坏、理想伴侣或关系结果。,原十神性质有效；真合化成立时按化神功能替换，合化争议时停止定性。,近位提高进入亲密关系核心的概率；远位只保留背景、条件性或低置信修正。,86,FN01 平等自主 +12 M3接口,primary_fit_need,M5首先让M3成熟、平衡的正常功能有空间运行，而不是只根据风险设计反向伴侣。,这项需要来自你在关系中本来就常用的功能：双方都保留选择权、表达权和共同决定权。,不得仅凭本规则推出某类人必然适合或不适合、婚姻必然成功、忠诚度、职业收入、外貌家庭、五行生肖匹配，或要求用户容忍伤害；现实安全、行为、反例与双方意愿优先。,中高,待验证,,fit_need_code=FN01; source=M3; provisional=true; rule_group=BASE-核心适配功能,0.2
M5-BASE-055,FN01 平等自主｜M4风险缓冲接口,L2 核心适配功能,BASE-核心适配功能,通用,接口,FN01 平等自主,K01、K05或DY05相关时，用边界和共同决定限制竞争与抢位。,M4的相关机制达到E1以上，且FN01 平等自主能够限制过用、补足缺位或恢复转换。,M4只有单标签；保护功能与风险链无具体对应。,由共享基础引擎提供；只修正用户能否承载、表达和共同执行适配结构，不直接等同成熟度、道德或关系结果。,由M2提供；夫妻星和关系门槛只说明准入议题，不单独证明长期适配。,由M3-BASE与共享引擎提供；日支近位提高亲密关系相关性，但不得把日支直接写成配偶性格。,无／按本规则指定功能链或接口路由。,由共享基础引擎判定；近位提高直接相关性，远位仅作背景、阶段或条件性修正。,根气只修正该功能是否容易重复调用，不等于现实中已经形成成熟能力。,旺弱只修正调用强度与承载；强不自动适配，弱也不自动缺失。,喜忌只修正顺畅度、摩擦与平衡，不可直接翻译为好坏、理想伴侣或关系结果。,原十神性质有效；真合化成立时按化神功能替换，合化争议时停止定性。,近位提高进入亲密关系核心的概率；远位只保留背景、条件性或低置信修正。,90,FN01 平等自主 +16 风险缓冲,risk_buffer_match,K01、K05或DY05相关时，用边界和共同决定限制竞争与抢位。,这项功能之所以重要，还因为它能帮助关系避免：机械对半、逐项比较或互不让步，不是真正的平等。,不得仅凭本规则推出某类人必然适合或不适合、婚姻必然成功、忠诚度、职业收入、外貌家庭、五行生肖匹配，或要求用户容忍伤害；现实安全、行为、反例与双方意愿优先。,中高,待验证,,fit_need_code=FN01; source=M4; provisional=true; rule_group=BASE-核心适配功能,0.2
M5-BASE-056,FN01 平等自主｜需求优先级路由,L2 核心适配功能,BASE-核心适配功能,通用,路由,FN01 平等自主,PR1／PR2／PR3,完成M3功能、M4机制、同源去重和现实反例检查。,PR0未通过或基础状态未定。,由共享基础引擎提供；只修正用户能否承载、表达和共同执行适配结构，不直接等同成熟度、道德或关系结果。,由M2提供；夫妻星和关系门槛只说明准入议题，不单独证明长期适配。,由M3-BASE与共享引擎提供；日支近位提高亲密关系相关性，但不得把日支直接写成配偶性格。,无／按本规则指定功能链或接口路由。,由共享基础引擎判定；近位提高直接相关性，远位仅作背景、阶段或条件性修正。,根气只修正该功能是否容易重复调用，不等于现实中已经形成成熟能力。,旺弱只修正调用强度与承载；强不自动适配，弱也不自动缺失。,喜忌只修正顺畅度、摩擦与平衡，不可直接翻译为好坏、理想伴侣或关系结果。,原十神性质有效；真合化成立时按化神功能替换，合化争议时停止定性。,近位提高进入亲密关系核心的概率；远位只保留背景、条件性或低置信修正。,91,按必要性路由：PR1 +28／PR2 +18／PR3 +8,need_priority,若缺少该功能会直接使M3核心功能无法运行或M4主风险明显升高，则PR1；重要但可替代则PR2；主要增加心动与舒适则PR3。,这项条件是必须、重要支持还是加分项，要看缺少它会不会直接破坏关系的核心运行。,不得仅凭本规则推出某类人必然适合或不适合、婚姻必然成功、忠诚度、职业收入、外貌家庭、五行生肖匹配，或要求用户容忍伤害；现实安全、行为、反例与双方意愿优先。,中高,待验证,,fit_need_code=FN01; provisional=true; rule_group=BASE-核心适配功能,0.2
M5-BASE-057,FN01 平等自主｜匹配模式候选,L2 核心适配功能,BASE-核心适配功能,通用,路由,FN01 平等自主,FM01同频或FM05双向制衡,已确认用户自身该功能的成熟度、过用／不足和对方可执行方式。,只凭相同／相反十神判断同频或互补。,由共享基础引擎提供；只修正用户能否承载、表达和共同执行适配结构，不直接等同成熟度、道德或关系结果。,由M2提供；夫妻星和关系门槛只说明准入议题，不单独证明长期适配。,由M3-BASE与共享引擎提供；日支近位提高亲密关系相关性，但不得把日支直接写成配偶性格。,无／按本规则指定功能链或接口路由。,由共享基础引擎判定；近位提高直接相关性，远位仅作背景、阶段或条件性修正。,根气只修正该功能是否容易重复调用，不等于现实中已经形成成熟能力。,旺弱只修正调用强度与承载；强不自动适配，弱也不自动缺失。,喜忌只修正顺畅度、摩擦与平衡，不可直接翻译为好坏、理想伴侣或关系结果。,原十神性质有效；真合化成立时按化神功能替换，合化争议时停止定性。,近位提高进入亲密关系核心的概率；远位只保留背景、条件性或低置信修正。,76,FM01同频或FM05双向制衡 候选 +8,similarity_complement_mode,该功能可路由至FM01同频或FM05双向制衡，但最终需由M5-PARTNER和现实资料复核。,更可能采用的匹配方式是：FM01同频或FM05双向制衡。,不得仅凭本规则推出某类人必然适合或不适合、婚姻必然成功、忠诚度、职业收入、外貌家庭、五行生肖匹配，或要求用户容忍伤害；现实安全、行为、反例与双方意愿优先。,中低,待验证,,fit_need_code=FN01; provisional=true; rule_group=BASE-核心适配功能,0.2
M5-BASE-058,FN01 平等自主｜伪适配边界与用户输出,L2 核心适配功能,BASE-核心适配功能,通用,边界,FN01 平等自主,伪适配,准备发布该功能结论。,无,由共享基础引擎提供；只修正用户能否承载、表达和共同执行适配结构，不直接等同成熟度、道德或关系结果。,由M2提供；夫妻星和关系门槛只说明准入议题，不单独证明长期适配。,由M3-BASE与共享引擎提供；日支近位提高亲密关系相关性，但不得把日支直接写成配偶性格。,无／按本规则指定功能链或接口路由。,由共享基础引擎判定；近位提高直接相关性，远位仅作背景、阶段或条件性修正。,根气只修正该功能是否容易重复调用，不等于现实中已经形成成熟能力。,旺弱只修正调用强度与承载；强不自动适配，弱也不自动缺失。,喜忌只修正顺畅度、摩擦与平衡，不可直接翻译为好坏、理想伴侣或关系结果。,原十神性质有效；真合化成立时按化神功能替换，合化争议时停止定性。,近位提高进入亲密关系核心的概率；远位只保留背景、条件性或低置信修正。,95,不加分；边界与文案,boundary_note,机械对半、逐项比较或互不让步，不是真正的平等。,需要特别区分：机械对半、逐项比较或互不让步，不是真正的平等。,不得仅凭本规则推出某类人必然适合或不适合、婚姻必然成功、忠诚度、职业收入、外貌家庭、五行生肖匹配，或要求用户容忍伤害；现实安全、行为、反例与双方意愿优先。,高,待验证,,fit_need_code=FN01; provisional=true; rule_group=BASE-核心适配功能,0.2
M5-BASE-059,FN02 共同行动｜核心适配需求,L2 核心适配功能,BASE-核心适配功能,通用,基础,FN02 共同行动,劫财,劫财功能在M3中可靠，或M4显示该功能是关键补位／调节任务。,只有单一十神标签、同源重复或现实反例未处理。,由共享基础引擎提供；只修正用户能否承载、表达和共同执行适配结构，不直接等同成熟度、道德或关系结果。,由M2提供；夫妻星和关系门槛只说明准入议题，不单独证明长期适配。,由M3-BASE与共享引擎提供；日支近位提高亲密关系相关性，但不得把日支直接写成配偶性格。,无／按本规则指定功能链或接口路由。,由共享基础引擎判定；近位提高直接相关性，远位仅作背景、阶段或条件性修正。,根气只修正该功能是否容易重复调用，不等于现实中已经形成成熟能力。,旺弱只修正调用强度与承载；强不自动适配，弱也不自动缺失。,喜忌只修正顺畅度、摩擦与平衡，不可直接翻译为好坏、理想伴侣或关系结果。,原十神性质有效；真合化成立时按化神功能替换，合化争议时停止定性。,近位提高进入亲密关系核心的概率；远位只保留背景、条件性或低置信修正。,88,FN02 共同行动 +20 主需求候选,primary_fit_need,遇到事务时双方愿意一起参与、及时补位，并说清责任范围。,更适合你的伴侣不仅愿意马上参与，也会把责任范围和后续跟进说清楚。,不得仅凭本规则推出某类人必然适合或不适合、婚姻必然成功、忠诚度、职业收入、外貌家庭、五行生肖匹配，或要求用户容忍伤害；现实安全、行为、反例与双方意愿优先。,中高,待验证,,fit_need_code=FN02; provisional=true; rule_group=BASE-核心适配功能,0.2
M5-BASE-060,FN02 共同行动｜伴侣可观察行为,L2 核心适配功能,BASE-核心适配功能,通用,行为,FN02 共同行动,可观察行为,FN02 共同行动已进入PR1或PR2候选。,只能提供抽象人格标签，缺少现实行为描述。,由共享基础引擎提供；只修正用户能否承载、表达和共同执行适配结构，不直接等同成熟度、道德或关系结果。,由M2提供；夫妻星和关系门槛只说明准入议题，不单独证明长期适配。,由M3-BASE与共享引擎提供；日支近位提高亲密关系相关性，但不得把日支直接写成配偶性格。,无／按本规则指定功能链或接口路由。,由共享基础引擎判定；近位提高直接相关性，远位仅作背景、阶段或条件性修正。,根气只修正该功能是否容易重复调用，不等于现实中已经形成成熟能力。,旺弱只修正调用强度与承载；强不自动适配，弱也不自动缺失。,喜忌只修正顺畅度、摩擦与平衡，不可直接翻译为好坏、理想伴侣或关系结果。,原十神性质有效；真合化成立时按化神功能替换，合化争议时停止定性。,近位提高进入亲密关系核心的概率；远位只保留背景、条件性或低置信修正。,84,FN02 共同行动 +12 行为候选,required_partner_behaviors,该功能必须由具体、重复、可反馈的行为体现：愿意一起做事、快速回应和补位；行动前后说明资源、边界和后续责任。,可以重点观察对方是否会：愿意一起做事、快速回应和补位；行动前后说明资源、边界和后续责任。,不得仅凭本规则推出某类人必然适合或不适合、婚姻必然成功、忠诚度、职业收入、外貌家庭、五行生肖匹配，或要求用户容忍伤害；现实安全、行为、反例与双方意愿优先。,中,待验证,,fit_need_code=FN02; provisional=true; rule_group=BASE-核心适配功能,0.2
M5-BASE-061,FN02 共同行动｜互动结构候选,L2 核心适配功能,BASE-核心适配功能,通用,结构,FN02 共同行动,互动结构,FN02 共同行动已成立，且双方愿意共同执行。,只有单方长期承担；或结构剥夺一方选择权。,由共享基础引擎提供；只修正用户能否承载、表达和共同执行适配结构，不直接等同成熟度、道德或关系结果。,由M2提供；夫妻星和关系门槛只说明准入议题，不单独证明长期适配。,由M3-BASE与共享引擎提供；日支近位提高亲密关系相关性，但不得把日支直接写成配偶性格。,无／按本规则指定功能链或接口路由。,由共享基础引擎判定；近位提高直接相关性，远位仅作背景、阶段或条件性修正。,根气只修正该功能是否容易重复调用，不等于现实中已经形成成熟能力。,旺弱只修正调用强度与承载；强不自动适配，弱也不自动缺失。,喜忌只修正顺畅度、摩擦与平衡，不可直接翻译为好坏、理想伴侣或关系结果。,原十神性质有效；真合化成立时按化神功能替换，合化争议时停止定性。,近位提高进入亲密关系核心的概率；远位只保留背景、条件性或低置信修正。,82,FN02 共同行动 +10 结构候选,interaction_structure,IS02清楚分工＋共同执行＋后续跟进。,更有效的关系结构是：IS02清楚分工＋共同执行＋后续跟进。,不得仅凭本规则推出某类人必然适合或不适合、婚姻必然成功、忠诚度、职业收入、外貌家庭、五行生肖匹配，或要求用户容忍伤害；现实安全、行为、反例与双方意愿优先。,中,待验证,,fit_need_code=FN02; provisional=true; rule_group=BASE-核心适配功能,0.2
M5-BASE-062,FN02 共同行动｜M3正常功能尊重接口,L2 核心适配功能,BASE-核心适配功能,通用,接口,FN02 共同行动,I02／X02／CA02／BD02／CF02,M3的I02／X02／CA02／BD02／CF02至少一项为主通道或稳定次通道。,M3字段停止、只有弱远候选或同一source_id重复。,由共享基础引擎提供；只修正用户能否承载、表达和共同执行适配结构，不直接等同成熟度、道德或关系结果。,由M2提供；夫妻星和关系门槛只说明准入议题，不单独证明长期适配。,由M3-BASE与共享引擎提供；日支近位提高亲密关系相关性，但不得把日支直接写成配偶性格。,无／按本规则指定功能链或接口路由。,由共享基础引擎判定；近位提高直接相关性，远位仅作背景、阶段或条件性修正。,根气只修正该功能是否容易重复调用，不等于现实中已经形成成熟能力。,旺弱只修正调用强度与承载；强不自动适配，弱也不自动缺失。,喜忌只修正顺畅度、摩擦与平衡，不可直接翻译为好坏、理想伴侣或关系结果。,原十神性质有效；真合化成立时按化神功能替换，合化争议时停止定性。,近位提高进入亲密关系核心的概率；远位只保留背景、条件性或低置信修正。,86,FN02 共同行动 +12 M3接口,primary_fit_need,M5首先让M3成熟、平衡的正常功能有空间运行，而不是只根据风险设计反向伴侣。,这项需要来自你在关系中本来就常用的功能：遇到事务时双方愿意一起参与、及时补位，并说清责任范围。,不得仅凭本规则推出某类人必然适合或不适合、婚姻必然成功、忠诚度、职业收入、外貌家庭、五行生肖匹配，或要求用户容忍伤害；现实安全、行为、反例与双方意愿优先。,中高,待验证,,fit_need_code=FN02; source=M3; provisional=true; rule_group=BASE-核心适配功能,0.2
M5-BASE-063,FN02 共同行动｜M4风险缓冲接口,L2 核心适配功能,BASE-核心适配功能,通用,接口,FN02 共同行动,K04、K05或K06相关时，需要行动与范围确认、持续分工接续。,M4的相关机制达到E1以上，且FN02 共同行动能够限制过用、补足缺位或恢复转换。,M4只有单标签；保护功能与风险链无具体对应。,由共享基础引擎提供；只修正用户能否承载、表达和共同执行适配结构，不直接等同成熟度、道德或关系结果。,由M2提供；夫妻星和关系门槛只说明准入议题，不单独证明长期适配。,由M3-BASE与共享引擎提供；日支近位提高亲密关系相关性，但不得把日支直接写成配偶性格。,无／按本规则指定功能链或接口路由。,由共享基础引擎判定；近位提高直接相关性，远位仅作背景、阶段或条件性修正。,根气只修正该功能是否容易重复调用，不等于现实中已经形成成熟能力。,旺弱只修正调用强度与承载；强不自动适配，弱也不自动缺失。,喜忌只修正顺畅度、摩擦与平衡，不可直接翻译为好坏、理想伴侣或关系结果。,原十神性质有效；真合化成立时按化神功能替换，合化争议时停止定性。,近位提高进入亲密关系核心的概率；远位只保留背景、条件性或低置信修正。,90,FN02 共同行动 +16 风险缓冲,risk_buffer_match,K04、K05或K06相关时，需要行动与范围确认、持续分工接续。,这项功能之所以重要，还因为它能帮助关系避免：初期热烈参与、抢先包办或只在高压时出现，不等于稳定协作。,不得仅凭本规则推出某类人必然适合或不适合、婚姻必然成功、忠诚度、职业收入、外貌家庭、五行生肖匹配，或要求用户容忍伤害；现实安全、行为、反例与双方意愿优先。,中高,待验证,,fit_need_code=FN02; source=M4; provisional=true; rule_group=BASE-核心适配功能,0.2
M5-BASE-064,FN02 共同行动｜需求优先级路由,L2 核心适配功能,BASE-核心适配功能,通用,路由,FN02 共同行动,PR1／PR2／PR3,完成M3功能、M4机制、同源去重和现实反例检查。,PR0未通过或基础状态未定。,由共享基础引擎提供；只修正用户能否承载、表达和共同执行适配结构，不直接等同成熟度、道德或关系结果。,由M2提供；夫妻星和关系门槛只说明准入议题，不单独证明长期适配。,由M3-BASE与共享引擎提供；日支近位提高亲密关系相关性，但不得把日支直接写成配偶性格。,无／按本规则指定功能链或接口路由。,由共享基础引擎判定；近位提高直接相关性，远位仅作背景、阶段或条件性修正。,根气只修正该功能是否容易重复调用，不等于现实中已经形成成熟能力。,旺弱只修正调用强度与承载；强不自动适配，弱也不自动缺失。,喜忌只修正顺畅度、摩擦与平衡，不可直接翻译为好坏、理想伴侣或关系结果。,原十神性质有效；真合化成立时按化神功能替换，合化争议时停止定性。,近位提高进入亲密关系核心的概率；远位只保留背景、条件性或低置信修正。,91,按必要性路由：PR1 +28／PR2 +18／PR3 +8,need_priority,若缺少该功能会直接使M3核心功能无法运行或M4主风险明显升高，则PR1；重要但可替代则PR2；主要增加心动与舒适则PR3。,这项条件是必须、重要支持还是加分项，要看缺少它会不会直接破坏关系的核心运行。,不得仅凭本规则推出某类人必然适合或不适合、婚姻必然成功、忠诚度、职业收入、外貌家庭、五行生肖匹配，或要求用户容忍伤害；现实安全、行为、反例与双方意愿优先。,中高,待验证,,fit_need_code=FN02; provisional=true; rule_group=BASE-核心适配功能,0.2
M5-BASE-065,FN02 共同行动｜匹配模式候选,L2 核心适配功能,BASE-核心适配功能,通用,路由,FN02 共同行动,FM03先后接力或FM04角色分工,已确认用户自身该功能的成熟度、过用／不足和对方可执行方式。,只凭相同／相反十神判断同频或互补。,由共享基础引擎提供；只修正用户能否承载、表达和共同执行适配结构，不直接等同成熟度、道德或关系结果。,由M2提供；夫妻星和关系门槛只说明准入议题，不单独证明长期适配。,由M3-BASE与共享引擎提供；日支近位提高亲密关系相关性，但不得把日支直接写成配偶性格。,无／按本规则指定功能链或接口路由。,由共享基础引擎判定；近位提高直接相关性，远位仅作背景、阶段或条件性修正。,根气只修正该功能是否容易重复调用，不等于现实中已经形成成熟能力。,旺弱只修正调用强度与承载；强不自动适配，弱也不自动缺失。,喜忌只修正顺畅度、摩擦与平衡，不可直接翻译为好坏、理想伴侣或关系结果。,原十神性质有效；真合化成立时按化神功能替换，合化争议时停止定性。,近位提高进入亲密关系核心的概率；远位只保留背景、条件性或低置信修正。,76,FM03先后接力或FM04角色分工 候选 +8,similarity_complement_mode,该功能可路由至FM03先后接力或FM04角色分工，但最终需由M5-PARTNER和现实资料复核。,更可能采用的匹配方式是：FM03先后接力或FM04角色分工。,不得仅凭本规则推出某类人必然适合或不适合、婚姻必然成功、忠诚度、职业收入、外貌家庭、五行生肖匹配，或要求用户容忍伤害；现实安全、行为、反例与双方意愿优先。,中低,待验证,,fit_need_code=FN02; provisional=true; rule_group=BASE-核心适配功能,0.2
M5-BASE-066,FN02 共同行动｜伪适配边界与用户输出,L2 核心适配功能,BASE-核心适配功能,通用,边界,FN02 共同行动,伪适配,准备发布该功能结论。,无,由共享基础引擎提供；只修正用户能否承载、表达和共同执行适配结构，不直接等同成熟度、道德或关系结果。,由M2提供；夫妻星和关系门槛只说明准入议题，不单独证明长期适配。,由M3-BASE与共享引擎提供；日支近位提高亲密关系相关性，但不得把日支直接写成配偶性格。,无／按本规则指定功能链或接口路由。,由共享基础引擎判定；近位提高直接相关性，远位仅作背景、阶段或条件性修正。,根气只修正该功能是否容易重复调用，不等于现实中已经形成成熟能力。,旺弱只修正调用强度与承载；强不自动适配，弱也不自动缺失。,喜忌只修正顺畅度、摩擦与平衡，不可直接翻译为好坏、理想伴侣或关系结果。,原十神性质有效；真合化成立时按化神功能替换，合化争议时停止定性。,近位提高进入亲密关系核心的概率；远位只保留背景、条件性或低置信修正。,95,不加分；边界与文案,boundary_note,初期热烈参与、抢先包办或只在高压时出现，不等于稳定协作。,需要特别区分：初期热烈参与、抢先包办或只在高压时出现，不等于稳定协作。,不得仅凭本规则推出某类人必然适合或不适合、婚姻必然成功、忠诚度、职业收入、外貌家庭、五行生肖匹配，或要求用户容忍伤害；现实安全、行为、反例与双方意愿优先。,高,待验证,,fit_need_code=FN02; provisional=true; rule_group=BASE-核心适配功能,0.2
M5-BASE-067,FN03 舒适陪伴｜核心适配需求,L2 核心适配功能,BASE-核心适配功能,通用,基础,FN03 舒适陪伴,食神,食神功能在M3中可靠，或M4显示该功能是关键补位／调节任务。,只有单一十神标签、同源重复或现实反例未处理。,由共享基础引擎提供；只修正用户能否承载、表达和共同执行适配结构，不直接等同成熟度、道德或关系结果。,由M2提供；夫妻星和关系门槛只说明准入议题，不单独证明长期适配。,由M3-BASE与共享引擎提供；日支近位提高亲密关系相关性，但不得把日支直接写成配偶性格。,无／按本规则指定功能链或接口路由。,由共享基础引擎判定；近位提高直接相关性，远位仅作背景、阶段或条件性修正。,根气只修正该功能是否容易重复调用，不等于现实中已经形成成熟能力。,旺弱只修正调用强度与承载；强不自动适配，弱也不自动缺失。,喜忌只修正顺畅度、摩擦与平衡，不可直接翻译为好坏、理想伴侣或关系结果。,原十神性质有效；真合化成立时按化神功能替换，合化争议时停止定性。,近位提高进入亲密关系核心的概率；远位只保留背景、条件性或低置信修正。,88,FN03 舒适陪伴 +20 主需求候选,primary_fit_need,日常相处有温度、低压力和稳定陪伴，同时不逃避重要问题。,你需要的是能让关系放松下来、又会在合适时机把重要问题重新带回来的伴侣。,不得仅凭本规则推出某类人必然适合或不适合、婚姻必然成功、忠诚度、职业收入、外貌家庭、五行生肖匹配，或要求用户容忍伤害；现实安全、行为、反例与双方意愿优先。,中高,待验证,,fit_need_code=FN03; provisional=true; rule_group=BASE-核心适配功能,0.2
M5-BASE-068,FN03 舒适陪伴｜伴侣可观察行为,L2 核心适配功能,BASE-核心适配功能,通用,行为,FN03 舒适陪伴,可观察行为,FN03 舒适陪伴已进入PR1或PR2候选。,只能提供抽象人格标签，缺少现实行为描述。,由共享基础引擎提供；只修正用户能否承载、表达和共同执行适配结构，不直接等同成熟度、道德或关系结果。,由M2提供；夫妻星和关系门槛只说明准入议题，不单独证明长期适配。,由M3-BASE与共享引擎提供；日支近位提高亲密关系相关性，但不得把日支直接写成配偶性格。,无／按本规则指定功能链或接口路由。,由共享基础引擎判定；近位提高直接相关性，远位仅作背景、阶段或条件性修正。,根气只修正该功能是否容易重复调用，不等于现实中已经形成成熟能力。,旺弱只修正调用强度与承载；强不自动适配，弱也不自动缺失。,喜忌只修正顺畅度、摩擦与平衡，不可直接翻译为好坏、理想伴侣或关系结果。,原十神性质有效；真合化成立时按化神功能替换，合化争议时停止定性。,近位提高进入亲密关系核心的概率；远位只保留背景、条件性或低置信修正。,84,FN03 舒适陪伴 +12 行为候选,required_partner_behaviors,该功能必须由具体、重复、可反馈的行为体现：愿意陪伴、安抚和照顾生活感受；在情绪降低后主动回到关键议题。,可以重点观察对方是否会：愿意陪伴、安抚和照顾生活感受；在情绪降低后主动回到关键议题。,不得仅凭本规则推出某类人必然适合或不适合、婚姻必然成功、忠诚度、职业收入、外貌家庭、五行生肖匹配，或要求用户容忍伤害；现实安全、行为、反例与双方意愿优先。,中,待验证,,fit_need_code=FN03; provisional=true; rule_group=BASE-核心适配功能,0.2
M5-BASE-069,FN03 舒适陪伴｜互动结构候选,L2 核心适配功能,BASE-核心适配功能,通用,结构,FN03 舒适陪伴,互动结构,FN03 舒适陪伴已成立，且双方愿意共同执行。,只有单方长期承担；或结构剥夺一方选择权。,由共享基础引擎提供；只修正用户能否承载、表达和共同执行适配结构，不直接等同成熟度、道德或关系结果。,由M2提供；夫妻星和关系门槛只说明准入议题，不单独证明长期适配。,由M3-BASE与共享引擎提供；日支近位提高亲密关系相关性，但不得把日支直接写成配偶性格。,无／按本规则指定功能链或接口路由。,由共享基础引擎判定；近位提高直接相关性，远位仅作背景、阶段或条件性修正。,根气只修正该功能是否容易重复调用，不等于现实中已经形成成熟能力。,旺弱只修正调用强度与承载；强不自动适配，弱也不自动缺失。,喜忌只修正顺畅度、摩擦与平衡，不可直接翻译为好坏、理想伴侣或关系结果。,原十神性质有效；真合化成立时按化神功能替换，合化争议时停止定性。,近位提高进入亲密关系核心的概率；远位只保留背景、条件性或低置信修正。,82,FN03 舒适陪伴 +10 结构候选,interaction_structure,舒缓靠近＋明确回访点＋困难议题不失踪。,更有效的关系结构是：舒缓靠近＋明确回访点＋困难议题不失踪。,不得仅凭本规则推出某类人必然适合或不适合、婚姻必然成功、忠诚度、职业收入、外貌家庭、五行生肖匹配，或要求用户容忍伤害；现实安全、行为、反例与双方意愿优先。,中,待验证,,fit_need_code=FN03; provisional=true; rule_group=BASE-核心适配功能,0.2
M5-BASE-070,FN03 舒适陪伴｜M3正常功能尊重接口,L2 核心适配功能,BASE-核心适配功能,通用,接口,FN03 舒适陪伴,I03／X03／CA03／BD03／CF03,M3的I03／X03／CA03／BD03／CF03至少一项为主通道或稳定次通道。,M3字段停止、只有弱远候选或同一source_id重复。,由共享基础引擎提供；只修正用户能否承载、表达和共同执行适配结构，不直接等同成熟度、道德或关系结果。,由M2提供；夫妻星和关系门槛只说明准入议题，不单独证明长期适配。,由M3-BASE与共享引擎提供；日支近位提高亲密关系相关性，但不得把日支直接写成配偶性格。,无／按本规则指定功能链或接口路由。,由共享基础引擎判定；近位提高直接相关性，远位仅作背景、阶段或条件性修正。,根气只修正该功能是否容易重复调用，不等于现实中已经形成成熟能力。,旺弱只修正调用强度与承载；强不自动适配，弱也不自动缺失。,喜忌只修正顺畅度、摩擦与平衡，不可直接翻译为好坏、理想伴侣或关系结果。,原十神性质有效；真合化成立时按化神功能替换，合化争议时停止定性。,近位提高进入亲密关系核心的概率；远位只保留背景、条件性或低置信修正。,86,FN03 舒适陪伴 +12 M3接口,primary_fit_need,M5首先让M3成熟、平衡的正常功能有空间运行，而不是只根据风险设计反向伴侣。,这项需要来自你在关系中本来就常用的功能：日常相处有温度、低压力和稳定陪伴，同时不逃避重要问题。,不得仅凭本规则推出某类人必然适合或不适合、婚姻必然成功、忠诚度、职业收入、外貌家庭、五行生肖匹配，或要求用户容忍伤害；现实安全、行为、反例与双方意愿优先。,中高,待验证,,fit_need_code=FN03; source=M3; provisional=true; rule_group=BASE-核心适配功能,0.2
M5-BASE-071,FN03 舒适陪伴｜M4风险缓冲接口,L2 核心适配功能,BASE-核心适配功能,通用,接口,FN03 舒适陪伴,K03、K04或LP03相关时，需要“先缓冲、后处理”的闭环。,M4的相关机制达到E1以上，且FN03 舒适陪伴能够限制过用、补足缺位或恢复转换。,M4只有单标签；保护功能与风险链无具体对应。,由共享基础引擎提供；只修正用户能否承载、表达和共同执行适配结构，不直接等同成熟度、道德或关系结果。,由M2提供；夫妻星和关系门槛只说明准入议题，不单独证明长期适配。,由M3-BASE与共享引擎提供；日支近位提高亲密关系相关性，但不得把日支直接写成配偶性格。,无／按本规则指定功能链或接口路由。,由共享基础引擎判定；近位提高直接相关性，远位仅作背景、阶段或条件性修正。,根气只修正该功能是否容易重复调用，不等于现实中已经形成成熟能力。,旺弱只修正调用强度与承载；强不自动适配，弱也不自动缺失。,喜忌只修正顺畅度、摩擦与平衡，不可直接翻译为好坏、理想伴侣或关系结果。,原十神性质有效；真合化成立时按化神功能替换，合化争议时停止定性。,近位提高进入亲密关系核心的概率；远位只保留背景、条件性或低置信修正。,90,FN03 舒适陪伴 +16 风险缓冲,risk_buffer_match,K03、K04或LP03相关时，需要“先缓冲、后处理”的闭环。,这项功能之所以重要，还因为它能帮助关系避免：只有舒服、吃喝玩乐和短期安抚，却长期延后问题，不构成长期适配。,不得仅凭本规则推出某类人必然适合或不适合、婚姻必然成功、忠诚度、职业收入、外貌家庭、五行生肖匹配，或要求用户容忍伤害；现实安全、行为、反例与双方意愿优先。,中高,待验证,,fit_need_code=FN03; source=M4; provisional=true; rule_group=BASE-核心适配功能,0.2
M5-BASE-072,FN03 舒适陪伴｜需求优先级路由,L2 核心适配功能,BASE-核心适配功能,通用,路由,FN03 舒适陪伴,PR1／PR2／PR3,完成M3功能、M4机制、同源去重和现实反例检查。,PR0未通过或基础状态未定。,由共享基础引擎提供；只修正用户能否承载、表达和共同执行适配结构，不直接等同成熟度、道德或关系结果。,由M2提供；夫妻星和关系门槛只说明准入议题，不单独证明长期适配。,由M3-BASE与共享引擎提供；日支近位提高亲密关系相关性，但不得把日支直接写成配偶性格。,无／按本规则指定功能链或接口路由。,由共享基础引擎判定；近位提高直接相关性，远位仅作背景、阶段或条件性修正。,根气只修正该功能是否容易重复调用，不等于现实中已经形成成熟能力。,旺弱只修正调用强度与承载；强不自动适配，弱也不自动缺失。,喜忌只修正顺畅度、摩擦与平衡，不可直接翻译为好坏、理想伴侣或关系结果。,原十神性质有效；真合化成立时按化神功能替换，合化争议时停止定性。,近位提高进入亲密关系核心的概率；远位只保留背景、条件性或低置信修正。,91,按必要性路由：PR1 +28／PR2 +18／PR3 +8,need_priority,若缺少该功能会直接使M3核心功能无法运行或M4主风险明显升高，则PR1；重要但可替代则PR2；主要增加心动与舒适则PR3。,这项条件是必须、重要支持还是加分项，要看缺少它会不会直接破坏关系的核心运行。,不得仅凭本规则推出某类人必然适合或不适合、婚姻必然成功、忠诚度、职业收入、外貌家庭、五行生肖匹配，或要求用户容忍伤害；现实安全、行为、反例与双方意愿优先。,中高,待验证,,fit_need_code=FN03; provisional=true; rule_group=BASE-核心适配功能,0.2
M5-BASE-073,FN03 舒适陪伴｜匹配模式候选,L2 核心适配功能,BASE-核心适配功能,通用,路由,FN03 舒适陪伴,FM01同频或FM03先后接力,已确认用户自身该功能的成熟度、过用／不足和对方可执行方式。,只凭相同／相反十神判断同频或互补。,由共享基础引擎提供；只修正用户能否承载、表达和共同执行适配结构，不直接等同成熟度、道德或关系结果。,由M2提供；夫妻星和关系门槛只说明准入议题，不单独证明长期适配。,由M3-BASE与共享引擎提供；日支近位提高亲密关系相关性，但不得把日支直接写成配偶性格。,无／按本规则指定功能链或接口路由。,由共享基础引擎判定；近位提高直接相关性，远位仅作背景、阶段或条件性修正。,根气只修正该功能是否容易重复调用，不等于现实中已经形成成熟能力。,旺弱只修正调用强度与承载；强不自动适配，弱也不自动缺失。,喜忌只修正顺畅度、摩擦与平衡，不可直接翻译为好坏、理想伴侣或关系结果。,原十神性质有效；真合化成立时按化神功能替换，合化争议时停止定性。,近位提高进入亲密关系核心的概率；远位只保留背景、条件性或低置信修正。,76,FM01同频或FM03先后接力 候选 +8,similarity_complement_mode,该功能可路由至FM01同频或FM03先后接力，但最终需由M5-PARTNER和现实资料复核。,更可能采用的匹配方式是：FM01同频或FM03先后接力。,不得仅凭本规则推出某类人必然适合或不适合、婚姻必然成功、忠诚度、职业收入、外貌家庭、五行生肖匹配，或要求用户容忍伤害；现实安全、行为、反例与双方意愿优先。,中低,待验证,,fit_need_code=FN03; provisional=true; rule_group=BASE-核心适配功能,0.2
M5-BASE-074,FN03 舒适陪伴｜伪适配边界与用户输出,L2 核心适配功能,BASE-核心适配功能,通用,边界,FN03 舒适陪伴,伪适配,准备发布该功能结论。,无,由共享基础引擎提供；只修正用户能否承载、表达和共同执行适配结构，不直接等同成熟度、道德或关系结果。,由M2提供；夫妻星和关系门槛只说明准入议题，不单独证明长期适配。,由M3-BASE与共享引擎提供；日支近位提高亲密关系相关性，但不得把日支直接写成配偶性格。,无／按本规则指定功能链或接口路由。,由共享基础引擎判定；近位提高直接相关性，远位仅作背景、阶段或条件性修正。,根气只修正该功能是否容易重复调用，不等于现实中已经形成成熟能力。,旺弱只修正调用强度与承载；强不自动适配，弱也不自动缺失。,喜忌只修正顺畅度、摩擦与平衡，不可直接翻译为好坏、理想伴侣或关系结果。,原十神性质有效；真合化成立时按化神功能替换，合化争议时停止定性。,近位提高进入亲密关系核心的概率；远位只保留背景、条件性或低置信修正。,95,不加分；边界与文案,boundary_note,只有舒服、吃喝玩乐和短期安抚，却长期延后问题，不构成长期适配。,需要特别区分：只有舒服、吃喝玩乐和短期安抚，却长期延后问题，不构成长期适配。,不得仅凭本规则推出某类人必然适合或不适合、婚姻必然成功、忠诚度、职业收入、外貌家庭、五行生肖匹配，或要求用户容忍伤害；现实安全、行为、反例与双方意愿优先。,高,待验证,,fit_need_code=FN03; provisional=true; rule_group=BASE-核心适配功能,0.2
M5-BASE-075,FN04 清晰反馈｜核心适配需求,L2 核心适配功能,BASE-核心适配功能,通用,基础,FN04 清晰反馈,伤官,伤官功能在M3中可靠，或M4显示该功能是关键补位／调节任务。,只有单一十神标签、同源重复或现实反例未处理。,由共享基础引擎提供；只修正用户能否承载、表达和共同执行适配结构，不直接等同成熟度、道德或关系结果。,由M2提供；夫妻星和关系门槛只说明准入议题，不单独证明长期适配。,由M3-BASE与共享引擎提供；日支近位提高亲密关系相关性，但不得把日支直接写成配偶性格。,无／按本规则指定功能链或接口路由。,由共享基础引擎判定；近位提高直接相关性，远位仅作背景、阶段或条件性修正。,根气只修正该功能是否容易重复调用，不等于现实中已经形成成熟能力。,旺弱只修正调用强度与承载；强不自动适配，弱也不自动缺失。,喜忌只修正顺畅度、摩擦与平衡，不可直接翻译为好坏、理想伴侣或关系结果。,原十神性质有效；真合化成立时按化神功能替换，合化争议时停止定性。,近位提高进入亲密关系核心的概率；远位只保留背景、条件性或低置信修正。,88,FN04 清晰反馈 +20 主需求候选,primary_fit_need,双方能够说清、听懂、复述理解，并根据反馈调整。,更适合你的不是单纯“会说”的人，而是愿意双向交流、确认理解并根据反馈调整的人。,不得仅凭本规则推出某类人必然适合或不适合、婚姻必然成功、忠诚度、职业收入、外貌家庭、五行生肖匹配，或要求用户容忍伤害；现实安全、行为、反例与双方意愿优先。,中高,待验证,,fit_need_code=FN04; provisional=true; rule_group=BASE-核心适配功能,0.2
M5-BASE-076,FN04 清晰反馈｜伴侣可观察行为,L2 核心适配功能,BASE-核心适配功能,通用,行为,FN04 清晰反馈,可观察行为,FN04 清晰反馈已进入PR1或PR2候选。,只能提供抽象人格标签，缺少现实行为描述。,由共享基础引擎提供；只修正用户能否承载、表达和共同执行适配结构，不直接等同成熟度、道德或关系结果。,由M2提供；夫妻星和关系门槛只说明准入议题，不单独证明长期适配。,由M3-BASE与共享引擎提供；日支近位提高亲密关系相关性，但不得把日支直接写成配偶性格。,无／按本规则指定功能链或接口路由。,由共享基础引擎判定；近位提高直接相关性，远位仅作背景、阶段或条件性修正。,根气只修正该功能是否容易重复调用，不等于现实中已经形成成熟能力。,旺弱只修正调用强度与承载；强不自动适配，弱也不自动缺失。,喜忌只修正顺畅度、摩擦与平衡，不可直接翻译为好坏、理想伴侣或关系结果。,原十神性质有效；真合化成立时按化神功能替换，合化争议时停止定性。,近位提高进入亲密关系核心的概率；远位只保留背景、条件性或低置信修正。,84,FN04 清晰反馈 +12 行为候选,required_partner_behaviors,该功能必须由具体、重复、可反馈的行为体现：愿意表达事实、感受和观点；会复述自己理解了什么；不同意时能清楚说明并继续协商。,可以重点观察对方是否会：愿意表达事实、感受和观点；会复述自己理解了什么；不同意时能清楚说明并继续协商。,不得仅凭本规则推出某类人必然适合或不适合、婚姻必然成功、忠诚度、职业收入、外貌家庭、五行生肖匹配，或要求用户容忍伤害；现实安全、行为、反例与双方意愿优先。,中,待验证,,fit_need_code=FN04; provisional=true; rule_group=BASE-核心适配功能,0.2
M5-BASE-077,FN04 清晰反馈｜互动结构候选,L2 核心适配功能,BASE-核心适配功能,通用,结构,FN04 清晰反馈,互动结构,FN04 清晰反馈已成立，且双方愿意共同执行。,只有单方长期承担；或结构剥夺一方选择权。,由共享基础引擎提供；只修正用户能否承载、表达和共同执行适配结构，不直接等同成熟度、道德或关系结果。,由M2提供；夫妻星和关系门槛只说明准入议题，不单独证明长期适配。,由M3-BASE与共享引擎提供；日支近位提高亲密关系相关性，但不得把日支直接写成配偶性格。,无／按本规则指定功能链或接口路由。,由共享基础引擎判定；近位提高直接相关性，远位仅作背景、阶段或条件性修正。,根气只修正该功能是否容易重复调用，不等于现实中已经形成成熟能力。,旺弱只修正调用强度与承载；强不自动适配，弱也不自动缺失。,喜忌只修正顺畅度、摩擦与平衡，不可直接翻译为好坏、理想伴侣或关系结果。,原十神性质有效；真合化成立时按化神功能替换，合化争议时停止定性。,近位提高进入亲密关系核心的概率；远位只保留背景、条件性或低置信修正。,82,FN04 清晰反馈 +10 结构候选,interaction_structure,IS03表达—倾听闭环＋IS04沟通—落实闭环。,更有效的关系结构是：IS03表达—倾听闭环＋IS04沟通—落实闭环。,不得仅凭本规则推出某类人必然适合或不适合、婚姻必然成功、忠诚度、职业收入、外貌家庭、五行生肖匹配，或要求用户容忍伤害；现实安全、行为、反例与双方意愿优先。,中,待验证,,fit_need_code=FN04; provisional=true; rule_group=BASE-核心适配功能,0.2
M5-BASE-078,FN04 清晰反馈｜M3正常功能尊重接口,L2 核心适配功能,BASE-核心适配功能,通用,接口,FN04 清晰反馈,I04／X04／CA04／BD04／CF04,M3的I04／X04／CA04／BD04／CF04至少一项为主通道或稳定次通道。,M3字段停止、只有弱远候选或同一source_id重复。,由共享基础引擎提供；只修正用户能否承载、表达和共同执行适配结构，不直接等同成熟度、道德或关系结果。,由M2提供；夫妻星和关系门槛只说明准入议题，不单独证明长期适配。,由M3-BASE与共享引擎提供；日支近位提高亲密关系相关性，但不得把日支直接写成配偶性格。,无／按本规则指定功能链或接口路由。,由共享基础引擎判定；近位提高直接相关性，远位仅作背景、阶段或条件性修正。,根气只修正该功能是否容易重复调用，不等于现实中已经形成成熟能力。,旺弱只修正调用强度与承载；强不自动适配，弱也不自动缺失。,喜忌只修正顺畅度、摩擦与平衡，不可直接翻译为好坏、理想伴侣或关系结果。,原十神性质有效；真合化成立时按化神功能替换，合化争议时停止定性。,近位提高进入亲密关系核心的概率；远位只保留背景、条件性或低置信修正。,86,FN04 清晰反馈 +12 M3接口,primary_fit_need,M5首先让M3成熟、平衡的正常功能有空间运行，而不是只根据风险设计反向伴侣。,这项需要来自你在关系中本来就常用的功能：双方能够说清、听懂、复述理解，并根据反馈调整。,不得仅凭本规则推出某类人必然适合或不适合、婚姻必然成功、忠诚度、职业收入、外貌家庭、五行生肖匹配，或要求用户容忍伤害；现实安全、行为、反例与双方意愿优先。,中高,待验证,,fit_need_code=FN04; source=M3; provisional=true; rule_group=BASE-核心适配功能,0.2
M5-BASE-079,FN04 清晰反馈｜M4风险缓冲接口,L2 核心适配功能,BASE-核心适配功能,通用,接口,FN04 清晰反馈,K01、K03、K07或LP02相关时，需要复述、停止加码和现实验证。,M4的相关机制达到E1以上，且FN04 清晰反馈能够限制过用、补足缺位或恢复转换。,M4只有单标签；保护功能与风险链无具体对应。,由共享基础引擎提供；只修正用户能否承载、表达和共同执行适配结构，不直接等同成熟度、道德或关系结果。,由M2提供；夫妻星和关系门槛只说明准入议题，不单独证明长期适配。,由M3-BASE与共享引擎提供；日支近位提高亲密关系相关性，但不得把日支直接写成配偶性格。,无／按本规则指定功能链或接口路由。,由共享基础引擎判定；近位提高直接相关性，远位仅作背景、阶段或条件性修正。,根气只修正该功能是否容易重复调用，不等于现实中已经形成成熟能力。,旺弱只修正调用强度与承载；强不自动适配，弱也不自动缺失。,喜忌只修正顺畅度、摩擦与平衡，不可直接翻译为好坏、理想伴侣或关系结果。,原十神性质有效；真合化成立时按化神功能替换，合化争议时停止定性。,近位提高进入亲密关系核心的概率；远位只保留背景、条件性或低置信修正。,90,FN04 清晰反馈 +16 风险缓冲,risk_buffer_match,K01、K03、K07或LP02相关时，需要复述、停止加码和现实验证。,这项功能之所以重要，还因为它能帮助关系避免：表达量大、逻辑强或辩论能力好，不等于真正接收反馈。,不得仅凭本规则推出某类人必然适合或不适合、婚姻必然成功、忠诚度、职业收入、外貌家庭、五行生肖匹配，或要求用户容忍伤害；现实安全、行为、反例与双方意愿优先。,中高,待验证,,fit_need_code=FN04; source=M4; provisional=true; rule_group=BASE-核心适配功能,0.2
M5-BASE-080,FN04 清晰反馈｜需求优先级路由,L2 核心适配功能,BASE-核心适配功能,通用,路由,FN04 清晰反馈,PR1／PR2／PR3,完成M3功能、M4机制、同源去重和现实反例检查。,PR0未通过或基础状态未定。,由共享基础引擎提供；只修正用户能否承载、表达和共同执行适配结构，不直接等同成熟度、道德或关系结果。,由M2提供；夫妻星和关系门槛只说明准入议题，不单独证明长期适配。,由M3-BASE与共享引擎提供；日支近位提高亲密关系相关性，但不得把日支直接写成配偶性格。,无／按本规则指定功能链或接口路由。,由共享基础引擎判定；近位提高直接相关性，远位仅作背景、阶段或条件性修正。,根气只修正该功能是否容易重复调用，不等于现实中已经形成成熟能力。,旺弱只修正调用强度与承载；强不自动适配，弱也不自动缺失。,喜忌只修正顺畅度、摩擦与平衡，不可直接翻译为好坏、理想伴侣或关系结果。,原十神性质有效；真合化成立时按化神功能替换，合化争议时停止定性。,近位提高进入亲密关系核心的概率；远位只保留背景、条件性或低置信修正。,91,按必要性路由：PR1 +28／PR2 +18／PR3 +8,need_priority,若缺少该功能会直接使M3核心功能无法运行或M4主风险明显升高，则PR1；重要但可替代则PR2；主要增加心动与舒适则PR3。,这项条件是必须、重要支持还是加分项，要看缺少它会不会直接破坏关系的核心运行。,不得仅凭本规则推出某类人必然适合或不适合、婚姻必然成功、忠诚度、职业收入、外貌家庭、五行生肖匹配，或要求用户容忍伤害；现实安全、行为、反例与双方意愿优先。,中高,待验证,,fit_need_code=FN04; provisional=true; rule_group=BASE-核心适配功能,0.2
M5-BASE-081,FN04 清晰反馈｜匹配模式候选,L2 核心适配功能,BASE-核心适配功能,通用,路由,FN04 清晰反馈,FM01同频、FM05制衡或FM03接力,已确认用户自身该功能的成熟度、过用／不足和对方可执行方式。,只凭相同／相反十神判断同频或互补。,由共享基础引擎提供；只修正用户能否承载、表达和共同执行适配结构，不直接等同成熟度、道德或关系结果。,由M2提供；夫妻星和关系门槛只说明准入议题，不单独证明长期适配。,由M3-BASE与共享引擎提供；日支近位提高亲密关系相关性，但不得把日支直接写成配偶性格。,无／按本规则指定功能链或接口路由。,由共享基础引擎判定；近位提高直接相关性，远位仅作背景、阶段或条件性修正。,根气只修正该功能是否容易重复调用，不等于现实中已经形成成熟能力。,旺弱只修正调用强度与承载；强不自动适配，弱也不自动缺失。,喜忌只修正顺畅度、摩擦与平衡，不可直接翻译为好坏、理想伴侣或关系结果。,原十神性质有效；真合化成立时按化神功能替换，合化争议时停止定性。,近位提高进入亲密关系核心的概率；远位只保留背景、条件性或低置信修正。,76,FM01同频、FM05制衡或FM03接力 候选 +8,similarity_complement_mode,该功能可路由至FM01同频、FM05制衡或FM03接力，但最终需由M5-PARTNER和现实资料复核。,更可能采用的匹配方式是：FM01同频、FM05制衡或FM03接力。,不得仅凭本规则推出某类人必然适合或不适合、婚姻必然成功、忠诚度、职业收入、外貌家庭、五行生肖匹配，或要求用户容忍伤害；现实安全、行为、反例与双方意愿优先。,中低,待验证,,fit_need_code=FN04; provisional=true; rule_group=BASE-核心适配功能,0.2
M5-BASE-082,FN04 清晰反馈｜伪适配边界与用户输出,L2 核心适配功能,BASE-核心适配功能,通用,边界,FN04 清晰反馈,伪适配,准备发布该功能结论。,无,由共享基础引擎提供；只修正用户能否承载、表达和共同执行适配结构，不直接等同成熟度、道德或关系结果。,由M2提供；夫妻星和关系门槛只说明准入议题，不单独证明长期适配。,由M3-BASE与共享引擎提供；日支近位提高亲密关系相关性，但不得把日支直接写成配偶性格。,无／按本规则指定功能链或接口路由。,由共享基础引擎判定；近位提高直接相关性，远位仅作背景、阶段或条件性修正。,根气只修正该功能是否容易重复调用，不等于现实中已经形成成熟能力。,旺弱只修正调用强度与承载；强不自动适配，弱也不自动缺失。,喜忌只修正顺畅度、摩擦与平衡，不可直接翻译为好坏、理想伴侣或关系结果。,原十神性质有效；真合化成立时按化神功能替换，合化争议时停止定性。,近位提高进入亲密关系核心的概率；远位只保留背景、条件性或低置信修正。,95,不加分；边界与文案,boundary_note,表达量大、逻辑强或辩论能力好，不等于真正接收反馈。,需要特别区分：表达量大、逻辑强或辩论能力好，不等于真正接收反馈。,不得仅凭本规则推出某类人必然适合或不适合、婚姻必然成功、忠诚度、职业收入、外貌家庭、五行生肖匹配，或要求用户容忍伤害；现实安全、行为、反例与双方意愿优先。,高,待验证,,fit_need_code=FN04; provisional=true; rule_group=BASE-核心适配功能,0.2
M5-BASE-083,FN05 稳定经营｜核心适配需求,L2 核心适配功能,BASE-核心适配功能,通用,基础,FN05 稳定经营,正财,正财功能在M3中可靠，或M4显示该功能是关键补位／调节任务。,只有单一十神标签、同源重复或现实反例未处理。,由共享基础引擎提供；只修正用户能否承载、表达和共同执行适配结构，不直接等同成熟度、道德或关系结果。,由M2提供；夫妻星和关系门槛只说明准入议题，不单独证明长期适配。,由M3-BASE与共享引擎提供；日支近位提高亲密关系相关性，但不得把日支直接写成配偶性格。,无／按本规则指定功能链或接口路由。,由共享基础引擎判定；近位提高直接相关性，远位仅作背景、阶段或条件性修正。,根气只修正该功能是否容易重复调用，不等于现实中已经形成成熟能力。,旺弱只修正调用强度与承载；强不自动适配，弱也不自动缺失。,喜忌只修正顺畅度、摩擦与平衡，不可直接翻译为好坏、理想伴侣或关系结果。,原十神性质有效；真合化成立时按化神功能替换，合化争议时停止定性。,近位提高进入亲密关系核心的概率；远位只保留背景、条件性或低置信修正。,88,FN05 稳定经营 +20 主需求候选,primary_fit_need,时间、精力、生活安排和资源投入能够持续、可预期。,更适合你的关系需要把在意落到持续时间、现实安排和共同经营上，而不是只靠一时热度。,不得仅凭本规则推出某类人必然适合或不适合、婚姻必然成功、忠诚度、职业收入、外貌家庭、五行生肖匹配，或要求用户容忍伤害；现实安全、行为、反例与双方意愿优先。,中高,待验证,,fit_need_code=FN05; provisional=true; rule_group=BASE-核心适配功能,0.2
M5-BASE-084,FN05 稳定经营｜伴侣可观察行为,L2 核心适配功能,BASE-核心适配功能,通用,行为,FN05 稳定经营,可观察行为,FN05 稳定经营已进入PR1或PR2候选。,只能提供抽象人格标签，缺少现实行为描述。,由共享基础引擎提供；只修正用户能否承载、表达和共同执行适配结构，不直接等同成熟度、道德或关系结果。,由M2提供；夫妻星和关系门槛只说明准入议题，不单独证明长期适配。,由M3-BASE与共享引擎提供；日支近位提高亲密关系相关性，但不得把日支直接写成配偶性格。,无／按本规则指定功能链或接口路由。,由共享基础引擎判定；近位提高直接相关性，远位仅作背景、阶段或条件性修正。,根气只修正该功能是否容易重复调用，不等于现实中已经形成成熟能力。,旺弱只修正调用强度与承载；强不自动适配，弱也不自动缺失。,喜忌只修正顺畅度、摩擦与平衡，不可直接翻译为好坏、理想伴侣或关系结果。,原十神性质有效；真合化成立时按化神功能替换，合化争议时停止定性。,近位提高进入亲密关系核心的概率；远位只保留背景、条件性或低置信修正。,84,FN05 稳定经营 +12 行为候选,required_partner_behaviors,该功能必须由具体、重复、可反馈的行为体现：持续安排见面、生活事务和资源；投入不只发生在情绪高点；愿意讨论分工和长期计划。,可以重点观察对方是否会：持续安排见面、生活事务和资源；投入不只发生在情绪高点；愿意讨论分工和长期计划。,不得仅凭本规则推出某类人必然适合或不适合、婚姻必然成功、忠诚度、职业收入、外貌家庭、五行生肖匹配，或要求用户容忍伤害；现实安全、行为、反例与双方意愿优先。,中,待验证,,fit_need_code=FN05; provisional=true; rule_group=BASE-核心适配功能,0.2
M5-BASE-085,FN05 稳定经营｜互动结构候选,L2 核心适配功能,BASE-核心适配功能,通用,结构,FN05 稳定经营,互动结构,FN05 稳定经营已成立，且双方愿意共同执行。,只有单方长期承担；或结构剥夺一方选择权。,由共享基础引擎提供；只修正用户能否承载、表达和共同执行适配结构，不直接等同成熟度、道德或关系结果。,由M2提供；夫妻星和关系门槛只说明准入议题，不单独证明长期适配。,由M3-BASE与共享引擎提供；日支近位提高亲密关系相关性，但不得把日支直接写成配偶性格。,无／按本规则指定功能链或接口路由。,由共享基础引擎判定；近位提高直接相关性，远位仅作背景、阶段或条件性修正。,根气只修正该功能是否容易重复调用，不等于现实中已经形成成熟能力。,旺弱只修正调用强度与承载；强不自动适配，弱也不自动缺失。,喜忌只修正顺畅度、摩擦与平衡，不可直接翻译为好坏、理想伴侣或关系结果。,原十神性质有效；真合化成立时按化神功能替换，合化争议时停止定性。,近位提高进入亲密关系核心的概率；远位只保留背景、条件性或低置信修正。,82,FN05 稳定经营 +10 结构候选,interaction_structure,IS04沟通—落实＋IS05投入—责任闭环。,更有效的关系结构是：IS04沟通—落实＋IS05投入—责任闭环。,不得仅凭本规则推出某类人必然适合或不适合、婚姻必然成功、忠诚度、职业收入、外貌家庭、五行生肖匹配，或要求用户容忍伤害；现实安全、行为、反例与双方意愿优先。,中,待验证,,fit_need_code=FN05; provisional=true; rule_group=BASE-核心适配功能,0.2
M5-BASE-086,FN05 稳定经营｜M3正常功能尊重接口,L2 核心适配功能,BASE-核心适配功能,通用,接口,FN05 稳定经营,I05／X05／CA05／BD05／CF05,M3的I05／X05／CA05／BD05／CF05至少一项为主通道或稳定次通道。,M3字段停止、只有弱远候选或同一source_id重复。,由共享基础引擎提供；只修正用户能否承载、表达和共同执行适配结构，不直接等同成熟度、道德或关系结果。,由M2提供；夫妻星和关系门槛只说明准入议题，不单独证明长期适配。,由M3-BASE与共享引擎提供；日支近位提高亲密关系相关性，但不得把日支直接写成配偶性格。,无／按本规则指定功能链或接口路由。,由共享基础引擎判定；近位提高直接相关性，远位仅作背景、阶段或条件性修正。,根气只修正该功能是否容易重复调用，不等于现实中已经形成成熟能力。,旺弱只修正调用强度与承载；强不自动适配，弱也不自动缺失。,喜忌只修正顺畅度、摩擦与平衡，不可直接翻译为好坏、理想伴侣或关系结果。,原十神性质有效；真合化成立时按化神功能替换，合化争议时停止定性。,近位提高进入亲密关系核心的概率；远位只保留背景、条件性或低置信修正。,86,FN05 稳定经营 +12 M3接口,primary_fit_need,M5首先让M3成熟、平衡的正常功能有空间运行，而不是只根据风险设计反向伴侣。,这项需要来自你在关系中本来就常用的功能：时间、精力、生活安排和资源投入能够持续、可预期。,不得仅凭本规则推出某类人必然适合或不适合、婚姻必然成功、忠诚度、职业收入、外貌家庭、五行生肖匹配，或要求用户容忍伤害；现实安全、行为、反例与双方意愿优先。,中高,待验证,,fit_need_code=FN05; source=M3; provisional=true; rule_group=BASE-核心适配功能,0.2
M5-BASE-087,FN05 稳定经营｜M4风险缓冲接口,L2 核心适配功能,BASE-核心适配功能,通用,接口,FN05 稳定经营,K01、K03、K06或LP06相关时，需要把投入与需要、责任、反馈分开。,M4的相关机制达到E1以上，且FN05 稳定经营能够限制过用、补足缺位或恢复转换。,M4只有单标签；保护功能与风险链无具体对应。,由共享基础引擎提供；只修正用户能否承载、表达和共同执行适配结构，不直接等同成熟度、道德或关系结果。,由M2提供；夫妻星和关系门槛只说明准入议题，不单独证明长期适配。,由M3-BASE与共享引擎提供；日支近位提高亲密关系相关性，但不得把日支直接写成配偶性格。,无／按本规则指定功能链或接口路由。,由共享基础引擎判定；近位提高直接相关性，远位仅作背景、阶段或条件性修正。,根气只修正该功能是否容易重复调用，不等于现实中已经形成成熟能力。,旺弱只修正调用强度与承载；强不自动适配，弱也不自动缺失。,喜忌只修正顺畅度、摩擦与平衡，不可直接翻译为好坏、理想伴侣或关系结果。,原十神性质有效；真合化成立时按化神功能替换，合化争议时停止定性。,近位提高进入亲密关系核心的概率；远位只保留背景、条件性或低置信修正。,90,FN05 稳定经营 +16 风险缓冲,risk_buffer_match,K01、K03、K06或LP06相关时，需要把投入与需要、责任、反馈分开。,这项功能之所以重要，还因为它能帮助关系避免：花钱、做事多或短期投入大，不等于承诺、边界和情绪回应都成熟。,不得仅凭本规则推出某类人必然适合或不适合、婚姻必然成功、忠诚度、职业收入、外貌家庭、五行生肖匹配，或要求用户容忍伤害；现实安全、行为、反例与双方意愿优先。,中高,待验证,,fit_need_code=FN05; source=M4; provisional=true; rule_group=BASE-核心适配功能,0.2
M5-BASE-088,FN05 稳定经营｜需求优先级路由,L2 核心适配功能,BASE-核心适配功能,通用,路由,FN05 稳定经营,PR1／PR2／PR3,完成M3功能、M4机制、同源去重和现实反例检查。,PR0未通过或基础状态未定。,由共享基础引擎提供；只修正用户能否承载、表达和共同执行适配结构，不直接等同成熟度、道德或关系结果。,由M2提供；夫妻星和关系门槛只说明准入议题，不单独证明长期适配。,由M3-BASE与共享引擎提供；日支近位提高亲密关系相关性，但不得把日支直接写成配偶性格。,无／按本规则指定功能链或接口路由。,由共享基础引擎判定；近位提高直接相关性，远位仅作背景、阶段或条件性修正。,根气只修正该功能是否容易重复调用，不等于现实中已经形成成熟能力。,旺弱只修正调用强度与承载；强不自动适配，弱也不自动缺失。,喜忌只修正顺畅度、摩擦与平衡，不可直接翻译为好坏、理想伴侣或关系结果。,原十神性质有效；真合化成立时按化神功能替换，合化争议时停止定性。,近位提高进入亲密关系核心的概率；远位只保留背景、条件性或低置信修正。,91,按必要性路由：PR1 +28／PR2 +18／PR3 +8,need_priority,若缺少该功能会直接使M3核心功能无法运行或M4主风险明显升高，则PR1；重要但可替代则PR2；主要增加心动与舒适则PR3。,这项条件是必须、重要支持还是加分项，要看缺少它会不会直接破坏关系的核心运行。,不得仅凭本规则推出某类人必然适合或不适合、婚姻必然成功、忠诚度、职业收入、外貌家庭、五行生肖匹配，或要求用户容忍伤害；现实安全、行为、反例与双方意愿优先。,中高,待验证,,fit_need_code=FN05; provisional=true; rule_group=BASE-核心适配功能,0.2
M5-BASE-089,FN05 稳定经营｜匹配模式候选,L2 核心适配功能,BASE-核心适配功能,通用,路由,FN05 稳定经营,FM01同频、FM04分工或FM03接力,已确认用户自身该功能的成熟度、过用／不足和对方可执行方式。,只凭相同／相反十神判断同频或互补。,由共享基础引擎提供；只修正用户能否承载、表达和共同执行适配结构，不直接等同成熟度、道德或关系结果。,由M2提供；夫妻星和关系门槛只说明准入议题，不单独证明长期适配。,由M3-BASE与共享引擎提供；日支近位提高亲密关系相关性，但不得把日支直接写成配偶性格。,无／按本规则指定功能链或接口路由。,由共享基础引擎判定；近位提高直接相关性，远位仅作背景、阶段或条件性修正。,根气只修正该功能是否容易重复调用，不等于现实中已经形成成熟能力。,旺弱只修正调用强度与承载；强不自动适配，弱也不自动缺失。,喜忌只修正顺畅度、摩擦与平衡，不可直接翻译为好坏、理想伴侣或关系结果。,原十神性质有效；真合化成立时按化神功能替换，合化争议时停止定性。,近位提高进入亲密关系核心的概率；远位只保留背景、条件性或低置信修正。,76,FM01同频、FM04分工或FM03接力 候选 +8,similarity_complement_mode,该功能可路由至FM01同频、FM04分工或FM03接力，但最终需由M5-PARTNER和现实资料复核。,更可能采用的匹配方式是：FM01同频、FM04分工或FM03接力。,不得仅凭本规则推出某类人必然适合或不适合、婚姻必然成功、忠诚度、职业收入、外貌家庭、五行生肖匹配，或要求用户容忍伤害；现实安全、行为、反例与双方意愿优先。,中低,待验证,,fit_need_code=FN05; provisional=true; rule_group=BASE-核心适配功能,0.2
M5-BASE-090,FN05 稳定经营｜伪适配边界与用户输出,L2 核心适配功能,BASE-核心适配功能,通用,边界,FN05 稳定经营,伪适配,准备发布该功能结论。,无,由共享基础引擎提供；只修正用户能否承载、表达和共同执行适配结构，不直接等同成熟度、道德或关系结果。,由M2提供；夫妻星和关系门槛只说明准入议题，不单独证明长期适配。,由M3-BASE与共享引擎提供；日支近位提高亲密关系相关性，但不得把日支直接写成配偶性格。,无／按本规则指定功能链或接口路由。,由共享基础引擎判定；近位提高直接相关性，远位仅作背景、阶段或条件性修正。,根气只修正该功能是否容易重复调用，不等于现实中已经形成成熟能力。,旺弱只修正调用强度与承载；强不自动适配，弱也不自动缺失。,喜忌只修正顺畅度、摩擦与平衡，不可直接翻译为好坏、理想伴侣或关系结果。,原十神性质有效；真合化成立时按化神功能替换，合化争议时停止定性。,近位提高进入亲密关系核心的概率；远位只保留背景、条件性或低置信修正。,95,不加分；边界与文案,boundary_note,花钱、做事多或短期投入大，不等于承诺、边界和情绪回应都成熟。,需要特别区分：花钱、做事多或短期投入大，不等于承诺、边界和情绪回应都成熟。,不得仅凭本规则推出某类人必然适合或不适合、婚姻必然成功、忠诚度、职业收入、外貌家庭、五行生肖匹配，或要求用户容忍伤害；现实安全、行为、反例与双方意愿优先。,高,待验证,,fit_need_code=FN05; provisional=true; rule_group=BASE-核心适配功能,0.2
M5-BASE-091,FN06 弹性体验｜核心适配需求,L2 核心适配功能,BASE-核心适配功能,通用,基础,FN06 弹性体验,偏财,偏财功能在M3中可靠，或M4显示该功能是关键补位／调节任务。,只有单一十神标签、同源重复或现实反例未处理。,由共享基础引擎提供；只修正用户能否承载、表达和共同执行适配结构，不直接等同成熟度、道德或关系结果。,由M2提供；夫妻星和关系门槛只说明准入议题，不单独证明长期适配。,由M3-BASE与共享引擎提供；日支近位提高亲密关系相关性，但不得把日支直接写成配偶性格。,无／按本规则指定功能链或接口路由。,由共享基础引擎判定；近位提高直接相关性，远位仅作背景、阶段或条件性修正。,根气只修正该功能是否容易重复调用，不等于现实中已经形成成熟能力。,旺弱只修正调用强度与承载；强不自动适配，弱也不自动缺失。,喜忌只修正顺畅度、摩擦与平衡，不可直接翻译为好坏、理想伴侣或关系结果。,原十神性质有效；真合化成立时按化神功能替换，合化争议时停止定性。,近位提高进入亲密关系核心的概率；远位只保留背景、条件性或低置信修正。,88,FN06 弹性体验 +20 主需求候选,primary_fit_need,关系保有活力、灵活回应和共同体验，同时能转成稳定现实安排。,你可以保留对新鲜感和互动活力的需要，但适配还要求这些体验能够逐渐落到持续安排。,不得仅凭本规则推出某类人必然适合或不适合、婚姻必然成功、忠诚度、职业收入、外貌家庭、五行生肖匹配，或要求用户容忍伤害；现实安全、行为、反例与双方意愿优先。,中高,待验证,,fit_need_code=FN06; provisional=true; rule_group=BASE-核心适配功能,0.2
M5-BASE-092,FN06 弹性体验｜伴侣可观察行为,L2 核心适配功能,BASE-核心适配功能,通用,行为,FN06 弹性体验,可观察行为,FN06 弹性体验已进入PR1或PR2候选。,只能提供抽象人格标签，缺少现实行为描述。,由共享基础引擎提供；只修正用户能否承载、表达和共同执行适配结构，不直接等同成熟度、道德或关系结果。,由M2提供；夫妻星和关系门槛只说明准入议题，不单独证明长期适配。,由M3-BASE与共享引擎提供；日支近位提高亲密关系相关性，但不得把日支直接写成配偶性格。,无／按本规则指定功能链或接口路由。,由共享基础引擎判定；近位提高直接相关性，远位仅作背景、阶段或条件性修正。,根气只修正该功能是否容易重复调用，不等于现实中已经形成成熟能力。,旺弱只修正调用强度与承载；强不自动适配，弱也不自动缺失。,喜忌只修正顺畅度、摩擦与平衡，不可直接翻译为好坏、理想伴侣或关系结果。,原十神性质有效；真合化成立时按化神功能替换，合化争议时停止定性。,近位提高进入亲密关系核心的概率；远位只保留背景、条件性或低置信修正。,84,FN06 弹性体验 +12 行为候选,required_partner_behaviors,该功能必须由具体、重复、可反馈的行为体现：愿意创造共同体验、灵活调整方案；体验之后能继续投入并形成下一步安排。,可以重点观察对方是否会：愿意创造共同体验、灵活调整方案；体验之后能继续投入并形成下一步安排。,不得仅凭本规则推出某类人必然适合或不适合、婚姻必然成功、忠诚度、职业收入、外貌家庭、五行生肖匹配，或要求用户容忍伤害；现实安全、行为、反例与双方意愿优先。,中,待验证,,fit_need_code=FN06; provisional=true; rule_group=BASE-核心适配功能,0.2
M5-BASE-093,FN06 弹性体验｜互动结构候选,L2 核心适配功能,BASE-核心适配功能,通用,结构,FN06 弹性体验,互动结构,FN06 弹性体验已成立，且双方愿意共同执行。,只有单方长期承担；或结构剥夺一方选择权。,由共享基础引擎提供；只修正用户能否承载、表达和共同执行适配结构，不直接等同成熟度、道德或关系结果。,由M2提供；夫妻星和关系门槛只说明准入议题，不单独证明长期适配。,由M3-BASE与共享引擎提供；日支近位提高亲密关系相关性，但不得把日支直接写成配偶性格。,无／按本规则指定功能链或接口路由。,由共享基础引擎判定；近位提高直接相关性，远位仅作背景、阶段或条件性修正。,根气只修正该功能是否容易重复调用，不等于现实中已经形成成熟能力。,旺弱只修正调用强度与承载；强不自动适配，弱也不自动缺失。,喜忌只修正顺畅度、摩擦与平衡，不可直接翻译为好坏、理想伴侣或关系结果。,原十神性质有效；真合化成立时按化神功能替换，合化争议时停止定性。,近位提高进入亲密关系核心的概率；远位只保留背景、条件性或低置信修正。,82,FN06 弹性体验 +10 结构候选,interaction_structure,体验联结＋现实落地＋持续性复核。,更有效的关系结构是：体验联结＋现实落地＋持续性复核。,不得仅凭本规则推出某类人必然适合或不适合、婚姻必然成功、忠诚度、职业收入、外貌家庭、五行生肖匹配，或要求用户容忍伤害；现实安全、行为、反例与双方意愿优先。,中,待验证,,fit_need_code=FN06; provisional=true; rule_group=BASE-核心适配功能,0.2
M5-BASE-094,FN06 弹性体验｜M3正常功能尊重接口,L2 核心适配功能,BASE-核心适配功能,通用,接口,FN06 弹性体验,I06／X06／CA06／BD06／CF06,M3的I06／X06／CA06／BD06／CF06至少一项为主通道或稳定次通道。,M3字段停止、只有弱远候选或同一source_id重复。,由共享基础引擎提供；只修正用户能否承载、表达和共同执行适配结构，不直接等同成熟度、道德或关系结果。,由M2提供；夫妻星和关系门槛只说明准入议题，不单独证明长期适配。,由M3-BASE与共享引擎提供；日支近位提高亲密关系相关性，但不得把日支直接写成配偶性格。,无／按本规则指定功能链或接口路由。,由共享基础引擎判定；近位提高直接相关性，远位仅作背景、阶段或条件性修正。,根气只修正该功能是否容易重复调用，不等于现实中已经形成成熟能力。,旺弱只修正调用强度与承载；强不自动适配，弱也不自动缺失。,喜忌只修正顺畅度、摩擦与平衡，不可直接翻译为好坏、理想伴侣或关系结果。,原十神性质有效；真合化成立时按化神功能替换，合化争议时停止定性。,近位提高进入亲密关系核心的概率；远位只保留背景、条件性或低置信修正。,86,FN06 弹性体验 +12 M3接口,primary_fit_need,M5首先让M3成熟、平衡的正常功能有空间运行，而不是只根据风险设计反向伴侣。,这项需要来自你在关系中本来就常用的功能：关系保有活力、灵活回应和共同体验，同时能转成稳定现实安排。,不得仅凭本规则推出某类人必然适合或不适合、婚姻必然成功、忠诚度、职业收入、外貌家庭、五行生肖匹配，或要求用户容忍伤害；现实安全、行为、反例与双方意愿优先。,中高,待验证,,fit_need_code=FN06; source=M3; provisional=true; rule_group=BASE-核心适配功能,0.2
M5-BASE-095,FN06 弹性体验｜M4风险缓冲接口,L2 核心适配功能,BASE-核心适配功能,通用,接口,FN06 弹性体验,K03、K06、J10或LP10相关时，需要体验转持续、灵活不失边界。,M4的相关机制达到E1以上，且FN06 弹性体验能够限制过用、补足缺位或恢复转换。,M4只有单标签；保护功能与风险链无具体对应。,由共享基础引擎提供；只修正用户能否承载、表达和共同执行适配结构，不直接等同成熟度、道德或关系结果。,由M2提供；夫妻星和关系门槛只说明准入议题，不单独证明长期适配。,由M3-BASE与共享引擎提供；日支近位提高亲密关系相关性，但不得把日支直接写成配偶性格。,无／按本规则指定功能链或接口路由。,由共享基础引擎判定；近位提高直接相关性，远位仅作背景、阶段或条件性修正。,根气只修正该功能是否容易重复调用，不等于现实中已经形成成熟能力。,旺弱只修正调用强度与承载；强不自动适配，弱也不自动缺失。,喜忌只修正顺畅度、摩擦与平衡，不可直接翻译为好坏、理想伴侣或关系结果。,原十神性质有效；真合化成立时按化神功能替换，合化争议时停止定性。,近位提高进入亲密关系核心的概率；远位只保留背景、条件性或低置信修正。,90,FN06 弹性体验 +16 风险缓冲,risk_buffer_match,K03、K06、J10或LP10相关时，需要体验转持续、灵活不失边界。,这项功能之所以重要，还因为它能帮助关系避免：魅力、新鲜、高光时刻和社交能力不能遮蔽现实连续性。,不得仅凭本规则推出某类人必然适合或不适合、婚姻必然成功、忠诚度、职业收入、外貌家庭、五行生肖匹配，或要求用户容忍伤害；现实安全、行为、反例与双方意愿优先。,中高,待验证,,fit_need_code=FN06; source=M4; provisional=true; rule_group=BASE-核心适配功能,0.2
M5-BASE-096,FN06 弹性体验｜需求优先级路由,L2 核心适配功能,BASE-核心适配功能,通用,路由,FN06 弹性体验,PR1／PR2／PR3,完成M3功能、M4机制、同源去重和现实反例检查。,PR0未通过或基础状态未定。,由共享基础引擎提供；只修正用户能否承载、表达和共同执行适配结构，不直接等同成熟度、道德或关系结果。,由M2提供；夫妻星和关系门槛只说明准入议题，不单独证明长期适配。,由M3-BASE与共享引擎提供；日支近位提高亲密关系相关性，但不得把日支直接写成配偶性格。,无／按本规则指定功能链或接口路由。,由共享基础引擎判定；近位提高直接相关性，远位仅作背景、阶段或条件性修正。,根气只修正该功能是否容易重复调用，不等于现实中已经形成成熟能力。,旺弱只修正调用强度与承载；强不自动适配，弱也不自动缺失。,喜忌只修正顺畅度、摩擦与平衡，不可直接翻译为好坏、理想伴侣或关系结果。,原十神性质有效；真合化成立时按化神功能替换，合化争议时停止定性。,近位提高进入亲密关系核心的概率；远位只保留背景、条件性或低置信修正。,91,按必要性路由：PR1 +28／PR2 +18／PR3 +8,need_priority,若缺少该功能会直接使M3核心功能无法运行或M4主风险明显升高，则PR1；重要但可替代则PR2；主要增加心动与舒适则PR3。,这项条件是必须、重要支持还是加分项，要看缺少它会不会直接破坏关系的核心运行。,不得仅凭本规则推出某类人必然适合或不适合、婚姻必然成功、忠诚度、职业收入、外貌家庭、五行生肖匹配，或要求用户容忍伤害；现实安全、行为、反例与双方意愿优先。,中高,待验证,,fit_need_code=FN06; provisional=true; rule_group=BASE-核心适配功能,0.2
M5-BASE-097,FN06 弹性体验｜匹配模式候选,L2 核心适配功能,BASE-核心适配功能,通用,路由,FN06 弹性体验,FM03先后接力或FM08情境组合,已确认用户自身该功能的成熟度、过用／不足和对方可执行方式。,只凭相同／相反十神判断同频或互补。,由共享基础引擎提供；只修正用户能否承载、表达和共同执行适配结构，不直接等同成熟度、道德或关系结果。,由M2提供；夫妻星和关系门槛只说明准入议题，不单独证明长期适配。,由M3-BASE与共享引擎提供；日支近位提高亲密关系相关性，但不得把日支直接写成配偶性格。,无／按本规则指定功能链或接口路由。,由共享基础引擎判定；近位提高直接相关性，远位仅作背景、阶段或条件性修正。,根气只修正该功能是否容易重复调用，不等于现实中已经形成成熟能力。,旺弱只修正调用强度与承载；强不自动适配，弱也不自动缺失。,喜忌只修正顺畅度、摩擦与平衡，不可直接翻译为好坏、理想伴侣或关系结果。,原十神性质有效；真合化成立时按化神功能替换，合化争议时停止定性。,近位提高进入亲密关系核心的概率；远位只保留背景、条件性或低置信修正。,76,FM03先后接力或FM08情境组合 候选 +8,similarity_complement_mode,该功能可路由至FM03先后接力或FM08情境组合，但最终需由M5-PARTNER和现实资料复核。,更可能采用的匹配方式是：FM03先后接力或FM08情境组合。,不得仅凭本规则推出某类人必然适合或不适合、婚姻必然成功、忠诚度、职业收入、外貌家庭、五行生肖匹配，或要求用户容忍伤害；现实安全、行为、反例与双方意愿优先。,中低,待验证,,fit_need_code=FN06; provisional=true; rule_group=BASE-核心适配功能,0.2
M5-BASE-098,FN06 弹性体验｜伪适配边界与用户输出,L2 核心适配功能,BASE-核心适配功能,通用,边界,FN06 弹性体验,伪适配,准备发布该功能结论。,无,由共享基础引擎提供；只修正用户能否承载、表达和共同执行适配结构，不直接等同成熟度、道德或关系结果。,由M2提供；夫妻星和关系门槛只说明准入议题，不单独证明长期适配。,由M3-BASE与共享引擎提供；日支近位提高亲密关系相关性，但不得把日支直接写成配偶性格。,无／按本规则指定功能链或接口路由。,由共享基础引擎判定；近位提高直接相关性，远位仅作背景、阶段或条件性修正。,根气只修正该功能是否容易重复调用，不等于现实中已经形成成熟能力。,旺弱只修正调用强度与承载；强不自动适配，弱也不自动缺失。,喜忌只修正顺畅度、摩擦与平衡，不可直接翻译为好坏、理想伴侣或关系结果。,原十神性质有效；真合化成立时按化神功能替换，合化争议时停止定性。,近位提高进入亲密关系核心的概率；远位只保留背景、条件性或低置信修正。,95,不加分；边界与文案,boundary_note,魅力、新鲜、高光时刻和社交能力不能遮蔽现实连续性。,需要特别区分：魅力、新鲜、高光时刻和社交能力不能遮蔽现实连续性。,不得仅凭本规则推出某类人必然适合或不适合、婚姻必然成功、忠诚度、职业收入、外貌家庭、五行生肖匹配，或要求用户容忍伤害；现实安全、行为、反例与双方意愿优先。,高,待验证,,fit_need_code=FN06; provisional=true; rule_group=BASE-核心适配功能,0.2
M5-BASE-099,FN07 责任秩序｜核心适配需求,L2 核心适配功能,BASE-核心适配功能,通用,基础,FN07 责任秩序,正官,正官功能在M3中可靠，或M4显示该功能是关键补位／调节任务。,只有单一十神标签、同源重复或现实反例未处理。,由共享基础引擎提供；只修正用户能否承载、表达和共同执行适配结构，不直接等同成熟度、道德或关系结果。,由M2提供；夫妻星和关系门槛只说明准入议题，不单独证明长期适配。,由M3-BASE与共享引擎提供；日支近位提高亲密关系相关性，但不得把日支直接写成配偶性格。,无／按本规则指定功能链或接口路由。,由共享基础引擎判定；近位提高直接相关性，远位仅作背景、阶段或条件性修正。,根气只修正该功能是否容易重复调用，不等于现实中已经形成成熟能力。,旺弱只修正调用强度与承载；强不自动适配，弱也不自动缺失。,喜忌只修正顺畅度、摩擦与平衡，不可直接翻译为好坏、理想伴侣或关系结果。,原十神性质有效；真合化成立时按化神功能替换，合化争议时停止定性。,近位提高进入亲密关系核心的概率；远位只保留背景、条件性或低置信修正。,88,FN07 责任秩序 +20 主需求候选,primary_fit_need,承诺、角色、规则和责任清楚，变化时提前说明并承担。,更适合你的关系会把承诺和责任说清楚，同时允许规则根据现实和双方反馈调整。,不得仅凭本规则推出某类人必然适合或不适合、婚姻必然成功、忠诚度、职业收入、外貌家庭、五行生肖匹配，或要求用户容忍伤害；现实安全、行为、反例与双方意愿优先。,中高,待验证,,fit_need_code=FN07; provisional=true; rule_group=BASE-核心适配功能,0.2
M5-BASE-100,FN07 责任秩序｜伴侣可观察行为,L2 核心适配功能,BASE-核心适配功能,通用,行为,FN07 责任秩序,可观察行为,FN07 责任秩序已进入PR1或PR2候选。,只能提供抽象人格标签，缺少现实行为描述。,由共享基础引擎提供；只修正用户能否承载、表达和共同执行适配结构，不直接等同成熟度、道德或关系结果。,由M2提供；夫妻星和关系门槛只说明准入议题，不单独证明长期适配。,由M3-BASE与共享引擎提供；日支近位提高亲密关系相关性，但不得把日支直接写成配偶性格。,无／按本规则指定功能链或接口路由。,由共享基础引擎判定；近位提高直接相关性，远位仅作背景、阶段或条件性修正。,根气只修正该功能是否容易重复调用，不等于现实中已经形成成熟能力。,旺弱只修正调用强度与承载；强不自动适配，弱也不自动缺失。,喜忌只修正顺畅度、摩擦与平衡，不可直接翻译为好坏、理想伴侣或关系结果。,原十神性质有效；真合化成立时按化神功能替换，合化争议时停止定性。,近位提高进入亲密关系核心的概率；远位只保留背景、条件性或低置信修正。,84,FN07 责任秩序 +12 行为候选,required_partner_behaviors,该功能必须由具体、重复、可反馈的行为体现：明确关系和分工；守约；计划变化时及时说明；愿意根据双方反馈重订规则。,可以重点观察对方是否会：明确关系和分工；守约；计划变化时及时说明；愿意根据双方反馈重订规则。,不得仅凭本规则推出某类人必然适合或不适合、婚姻必然成功、忠诚度、职业收入、外貌家庭、五行生肖匹配，或要求用户容忍伤害；现实安全、行为、反例与双方意愿优先。,中,待验证,,fit_need_code=FN07; provisional=true; rule_group=BASE-核心适配功能,0.2
M5-BASE-101,FN07 责任秩序｜互动结构候选,L2 核心适配功能,BASE-核心适配功能,通用,结构,FN07 责任秩序,互动结构,FN07 责任秩序已成立，且双方愿意共同执行。,只有单方长期承担；或结构剥夺一方选择权。,由共享基础引擎提供；只修正用户能否承载、表达和共同执行适配结构，不直接等同成熟度、道德或关系结果。,由M2提供；夫妻星和关系门槛只说明准入议题，不单独证明长期适配。,由M3-BASE与共享引擎提供；日支近位提高亲密关系相关性，但不得把日支直接写成配偶性格。,无／按本规则指定功能链或接口路由。,由共享基础引擎判定；近位提高直接相关性，远位仅作背景、阶段或条件性修正。,根气只修正该功能是否容易重复调用，不等于现实中已经形成成熟能力。,旺弱只修正调用强度与承载；强不自动适配，弱也不自动缺失。,喜忌只修正顺畅度、摩擦与平衡，不可直接翻译为好坏、理想伴侣或关系结果。,原十神性质有效；真合化成立时按化神功能替换，合化争议时停止定性。,近位提高进入亲密关系核心的概率；远位只保留背景、条件性或低置信修正。,82,FN07 责任秩序 +10 结构候选,interaction_structure,IS05投入—责任＋共同规则＋定期复核。,更有效的关系结构是：IS05投入—责任＋共同规则＋定期复核。,不得仅凭本规则推出某类人必然适合或不适合、婚姻必然成功、忠诚度、职业收入、外貌家庭、五行生肖匹配，或要求用户容忍伤害；现实安全、行为、反例与双方意愿优先。,中,待验证,,fit_need_code=FN07; provisional=true; rule_group=BASE-核心适配功能,0.2
M5-BASE-102,FN07 责任秩序｜M3正常功能尊重接口,L2 核心适配功能,BASE-核心适配功能,通用,接口,FN07 责任秩序,I07／X07／CA07／BD07／CF07,M3的I07／X07／CA07／BD07／CF07至少一项为主通道或稳定次通道。,M3字段停止、只有弱远候选或同一source_id重复。,由共享基础引擎提供；只修正用户能否承载、表达和共同执行适配结构，不直接等同成熟度、道德或关系结果。,由M2提供；夫妻星和关系门槛只说明准入议题，不单独证明长期适配。,由M3-BASE与共享引擎提供；日支近位提高亲密关系相关性，但不得把日支直接写成配偶性格。,无／按本规则指定功能链或接口路由。,由共享基础引擎判定；近位提高直接相关性，远位仅作背景、阶段或条件性修正。,根气只修正该功能是否容易重复调用，不等于现实中已经形成成熟能力。,旺弱只修正调用强度与承载；强不自动适配，弱也不自动缺失。,喜忌只修正顺畅度、摩擦与平衡，不可直接翻译为好坏、理想伴侣或关系结果。,原十神性质有效；真合化成立时按化神功能替换，合化争议时停止定性。,近位提高进入亲密关系核心的概率；远位只保留背景、条件性或低置信修正。,86,FN07 责任秩序 +12 M3接口,primary_fit_need,M5首先让M3成熟、平衡的正常功能有空间运行，而不是只根据风险设计反向伴侣。,这项需要来自你在关系中本来就常用的功能：承诺、角色、规则和责任清楚，变化时提前说明并承担。,不得仅凭本规则推出某类人必然适合或不适合、婚姻必然成功、忠诚度、职业收入、外貌家庭、五行生肖匹配，或要求用户容忍伤害；现实安全、行为、反例与双方意愿优先。,中高,待验证,,fit_need_code=FN07; source=M3; provisional=true; rule_group=BASE-核心适配功能,0.2
M5-BASE-103,FN07 责任秩序｜M4风险缓冲接口,L2 核心适配功能,BASE-核心适配功能,通用,接口,FN07 责任秩序,K01、K03、K05、K06或LP09相关时，需要规则接受反馈并转成持续行为。,M4的相关机制达到E1以上，且FN07 责任秩序能够限制过用、补足缺位或恢复转换。,M4只有单标签；保护功能与风险链无具体对应。,由共享基础引擎提供；只修正用户能否承载、表达和共同执行适配结构，不直接等同成熟度、道德或关系结果。,由M2提供；夫妻星和关系门槛只说明准入议题，不单独证明长期适配。,由M3-BASE与共享引擎提供；日支近位提高亲密关系相关性，但不得把日支直接写成配偶性格。,无／按本规则指定功能链或接口路由。,由共享基础引擎判定；近位提高直接相关性，远位仅作背景、阶段或条件性修正。,根气只修正该功能是否容易重复调用，不等于现实中已经形成成熟能力。,旺弱只修正调用强度与承载；强不自动适配，弱也不自动缺失。,喜忌只修正顺畅度、摩擦与平衡，不可直接翻译为好坏、理想伴侣或关系结果。,原十神性质有效；真合化成立时按化神功能替换，合化争议时停止定性。,近位提高进入亲密关系核心的概率；远位只保留背景、条件性或低置信修正。,90,FN07 责任秩序 +16 风险缓冲,risk_buffer_match,K01、K03、K05、K06或LP09相关时，需要规则接受反馈并转成持续行为。,这项功能之所以重要，还因为它能帮助关系避免：身份体面、标准明确或规则很多，不等于现实守约和共同协商。,不得仅凭本规则推出某类人必然适合或不适合、婚姻必然成功、忠诚度、职业收入、外貌家庭、五行生肖匹配，或要求用户容忍伤害；现实安全、行为、反例与双方意愿优先。,中高,待验证,,fit_need_code=FN07; source=M4; provisional=true; rule_group=BASE-核心适配功能,0.2
M5-BASE-104,FN07 责任秩序｜需求优先级路由,L2 核心适配功能,BASE-核心适配功能,通用,路由,FN07 责任秩序,PR1／PR2／PR3,完成M3功能、M4机制、同源去重和现实反例检查。,PR0未通过或基础状态未定。,由共享基础引擎提供；只修正用户能否承载、表达和共同执行适配结构，不直接等同成熟度、道德或关系结果。,由M2提供；夫妻星和关系门槛只说明准入议题，不单独证明长期适配。,由M3-BASE与共享引擎提供；日支近位提高亲密关系相关性，但不得把日支直接写成配偶性格。,无／按本规则指定功能链或接口路由。,由共享基础引擎判定；近位提高直接相关性，远位仅作背景、阶段或条件性修正。,根气只修正该功能是否容易重复调用，不等于现实中已经形成成熟能力。,旺弱只修正调用强度与承载；强不自动适配，弱也不自动缺失。,喜忌只修正顺畅度、摩擦与平衡，不可直接翻译为好坏、理想伴侣或关系结果。,原十神性质有效；真合化成立时按化神功能替换，合化争议时停止定性。,近位提高进入亲密关系核心的概率；远位只保留背景、条件性或低置信修正。,91,按必要性路由：PR1 +28／PR2 +18／PR3 +8,need_priority,若缺少该功能会直接使M3核心功能无法运行或M4主风险明显升高，则PR1；重要但可替代则PR2；主要增加心动与舒适则PR3。,这项条件是必须、重要支持还是加分项，要看缺少它会不会直接破坏关系的核心运行。,不得仅凭本规则推出某类人必然适合或不适合、婚姻必然成功、忠诚度、职业收入、外貌家庭、五行生肖匹配，或要求用户容忍伤害；现实安全、行为、反例与双方意愿优先。,中高,待验证,,fit_need_code=FN07; provisional=true; rule_group=BASE-核心适配功能,0.2
M5-BASE-105,FN07 责任秩序｜匹配模式候选,L2 核心适配功能,BASE-核心适配功能,通用,路由,FN07 责任秩序,FM01同频、FM04分工或FM05制衡,已确认用户自身该功能的成熟度、过用／不足和对方可执行方式。,只凭相同／相反十神判断同频或互补。,由共享基础引擎提供；只修正用户能否承载、表达和共同执行适配结构，不直接等同成熟度、道德或关系结果。,由M2提供；夫妻星和关系门槛只说明准入议题，不单独证明长期适配。,由M3-BASE与共享引擎提供；日支近位提高亲密关系相关性，但不得把日支直接写成配偶性格。,无／按本规则指定功能链或接口路由。,由共享基础引擎判定；近位提高直接相关性，远位仅作背景、阶段或条件性修正。,根气只修正该功能是否容易重复调用，不等于现实中已经形成成熟能力。,旺弱只修正调用强度与承载；强不自动适配，弱也不自动缺失。,喜忌只修正顺畅度、摩擦与平衡，不可直接翻译为好坏、理想伴侣或关系结果。,原十神性质有效；真合化成立时按化神功能替换，合化争议时停止定性。,近位提高进入亲密关系核心的概率；远位只保留背景、条件性或低置信修正。,76,FM01同频、FM04分工或FM05制衡 候选 +8,similarity_complement_mode,该功能可路由至FM01同频、FM04分工或FM05制衡，但最终需由M5-PARTNER和现实资料复核。,更可能采用的匹配方式是：FM01同频、FM04分工或FM05制衡。,不得仅凭本规则推出某类人必然适合或不适合、婚姻必然成功、忠诚度、职业收入、外貌家庭、五行生肖匹配，或要求用户容忍伤害；现实安全、行为、反例与双方意愿优先。,中低,待验证,,fit_need_code=FN07; provisional=true; rule_group=BASE-核心适配功能,0.2
M5-BASE-106,FN07 责任秩序｜伪适配边界与用户输出,L2 核心适配功能,BASE-核心适配功能,通用,边界,FN07 责任秩序,伪适配,准备发布该功能结论。,无,由共享基础引擎提供；只修正用户能否承载、表达和共同执行适配结构，不直接等同成熟度、道德或关系结果。,由M2提供；夫妻星和关系门槛只说明准入议题，不单独证明长期适配。,由M3-BASE与共享引擎提供；日支近位提高亲密关系相关性，但不得把日支直接写成配偶性格。,无／按本规则指定功能链或接口路由。,由共享基础引擎判定；近位提高直接相关性，远位仅作背景、阶段或条件性修正。,根气只修正该功能是否容易重复调用，不等于现实中已经形成成熟能力。,旺弱只修正调用强度与承载；强不自动适配，弱也不自动缺失。,喜忌只修正顺畅度、摩擦与平衡，不可直接翻译为好坏、理想伴侣或关系结果。,原十神性质有效；真合化成立时按化神功能替换，合化争议时停止定性。,近位提高进入亲密关系核心的概率；远位只保留背景、条件性或低置信修正。,95,不加分；边界与文案,boundary_note,身份体面、标准明确或规则很多，不等于现实守约和共同协商。,需要特别区分：身份体面、标准明确或规则很多，不等于现实守约和共同协商。,不得仅凭本规则推出某类人必然适合或不适合、婚姻必然成功、忠诚度、职业收入、外貌家庭、五行生肖匹配，或要求用户容忍伤害；现实安全、行为、反例与双方意愿优先。,高,待验证,,fit_need_code=FN07; provisional=true; rule_group=BASE-核心适配功能,0.2
M5-BASE-107,FN08 决断保护｜核心适配需求,L2 核心适配功能,BASE-核心适配功能,通用,基础,FN08 决断保护,七杀,七杀功能在M3中可靠，或M4显示该功能是关键补位／调节任务。,只有单一十神标签、同源重复或现实反例未处理。,由共享基础引擎提供；只修正用户能否承载、表达和共同执行适配结构，不直接等同成熟度、道德或关系结果。,由M2提供；夫妻星和关系门槛只说明准入议题，不单独证明长期适配。,由M3-BASE与共享引擎提供；日支近位提高亲密关系相关性，但不得把日支直接写成配偶性格。,无／按本规则指定功能链或接口路由。,由共享基础引擎判定；近位提高直接相关性，远位仅作背景、阶段或条件性修正。,根气只修正该功能是否容易重复调用，不等于现实中已经形成成熟能力。,旺弱只修正调用强度与承载；强不自动适配，弱也不自动缺失。,喜忌只修正顺畅度、摩擦与平衡，不可直接翻译为好坏、理想伴侣或关系结果。,原十神性质有效；真合化成立时按化神功能替换，合化争议时停止定性。,近位提高进入亲密关系核心的概率；远位只保留背景、条件性或低置信修正。,88,FN08 决断保护 +20 主需求候选,primary_fit_need,关键时刻有人敢处理、止损和承担，但不会越过共同决定。,你仍然可以欣赏行动力，但真正适配的是能处理问题、又会保留你参与权并事后回到沟通的人。,不得仅凭本规则推出某类人必然适合或不适合、婚姻必然成功、忠诚度、职业收入、外貌家庭、五行生肖匹配，或要求用户容忍伤害；现实安全、行为、反例与双方意愿优先。,中高,待验证,,fit_need_code=FN08; provisional=true; rule_group=BASE-核心适配功能,0.2
M5-BASE-108,FN08 决断保护｜伴侣可观察行为,L2 核心适配功能,BASE-核心适配功能,通用,行为,FN08 决断保护,可观察行为,FN08 决断保护已进入PR1或PR2候选。,只能提供抽象人格标签，缺少现实行为描述。,由共享基础引擎提供；只修正用户能否承载、表达和共同执行适配结构，不直接等同成熟度、道德或关系结果。,由M2提供；夫妻星和关系门槛只说明准入议题，不单独证明长期适配。,由M3-BASE与共享引擎提供；日支近位提高亲密关系相关性，但不得把日支直接写成配偶性格。,无／按本规则指定功能链或接口路由。,由共享基础引擎判定；近位提高直接相关性，远位仅作背景、阶段或条件性修正。,根气只修正该功能是否容易重复调用，不等于现实中已经形成成熟能力。,旺弱只修正调用强度与承载；强不自动适配，弱也不自动缺失。,喜忌只修正顺畅度、摩擦与平衡，不可直接翻译为好坏、理想伴侣或关系结果。,原十神性质有效；真合化成立时按化神功能替换，合化争议时停止定性。,近位提高进入亲密关系核心的概率；远位只保留背景、条件性或低置信修正。,84,FN08 决断保护 +12 行为候选,required_partner_behaviors,该功能必须由具体、重复、可反馈的行为体现：高压时能迅速处理问题；行动前后询问你的意愿；事后复盘影响并恢复你的参与权。,可以重点观察对方是否会：高压时能迅速处理问题；行动前后询问你的意愿；事后复盘影响并恢复你的参与权。,不得仅凭本规则推出某类人必然适合或不适合、婚姻必然成功、忠诚度、职业收入、外貌家庭、五行生肖匹配，或要求用户容忍伤害；现实安全、行为、反例与双方意愿优先。,中,待验证,,fit_need_code=FN08; provisional=true; rule_group=BASE-核心适配功能,0.2
M5-BASE-109,FN08 决断保护｜互动结构候选,L2 核心适配功能,BASE-核心适配功能,通用,结构,FN08 决断保护,互动结构,FN08 决断保护已成立，且双方愿意共同执行。,只有单方长期承担；或结构剥夺一方选择权。,由共享基础引擎提供；只修正用户能否承载、表达和共同执行适配结构，不直接等同成熟度、道德或关系结果。,由M2提供；夫妻星和关系门槛只说明准入议题，不单独证明长期适配。,由M3-BASE与共享引擎提供；日支近位提高亲密关系相关性，但不得把日支直接写成配偶性格。,无／按本规则指定功能链或接口路由。,由共享基础引擎判定；近位提高直接相关性，远位仅作背景、阶段或条件性修正。,根气只修正该功能是否容易重复调用，不等于现实中已经形成成熟能力。,旺弱只修正调用强度与承载；强不自动适配，弱也不自动缺失。,喜忌只修正顺畅度、摩擦与平衡，不可直接翻译为好坏、理想伴侣或关系结果。,原十神性质有效；真合化成立时按化神功能替换，合化争议时停止定性。,近位提高进入亲密关系核心的概率；远位只保留背景、条件性或低置信修正。,82,FN08 决断保护 +10 结构候选,interaction_structure,IS06行动—反馈＋IS09任务—情绪双轨。,更有效的关系结构是：IS06行动—反馈＋IS09任务—情绪双轨。,不得仅凭本规则推出某类人必然适合或不适合、婚姻必然成功、忠诚度、职业收入、外貌家庭、五行生肖匹配，或要求用户容忍伤害；现实安全、行为、反例与双方意愿优先。,中,待验证,,fit_need_code=FN08; provisional=true; rule_group=BASE-核心适配功能,0.2
M5-BASE-110,FN08 决断保护｜M3正常功能尊重接口,L2 核心适配功能,BASE-核心适配功能,通用,接口,FN08 决断保护,I08／X08／CA08／BD08／CF08,M3的I08／X08／CA08／BD08／CF08至少一项为主通道或稳定次通道。,M3字段停止、只有弱远候选或同一source_id重复。,由共享基础引擎提供；只修正用户能否承载、表达和共同执行适配结构，不直接等同成熟度、道德或关系结果。,由M2提供；夫妻星和关系门槛只说明准入议题，不单独证明长期适配。,由M3-BASE与共享引擎提供；日支近位提高亲密关系相关性，但不得把日支直接写成配偶性格。,无／按本规则指定功能链或接口路由。,由共享基础引擎判定；近位提高直接相关性，远位仅作背景、阶段或条件性修正。,根气只修正该功能是否容易重复调用，不等于现实中已经形成成熟能力。,旺弱只修正调用强度与承载；强不自动适配，弱也不自动缺失。,喜忌只修正顺畅度、摩擦与平衡，不可直接翻译为好坏、理想伴侣或关系结果。,原十神性质有效；真合化成立时按化神功能替换，合化争议时停止定性。,近位提高进入亲密关系核心的概率；远位只保留背景、条件性或低置信修正。,86,FN08 决断保护 +12 M3接口,primary_fit_need,M5首先让M3成熟、平衡的正常功能有空间运行，而不是只根据风险设计反向伴侣。,这项需要来自你在关系中本来就常用的功能：关键时刻有人敢处理、止损和承担，但不会越过共同决定。,不得仅凭本规则推出某类人必然适合或不适合、婚姻必然成功、忠诚度、职业收入、外貌家庭、五行生肖匹配，或要求用户容忍伤害；现实安全、行为、反例与双方意愿优先。,中高,待验证,,fit_need_code=FN08; source=M3; provisional=true; rule_group=BASE-核心适配功能,0.2
M5-BASE-111,FN08 决断保护｜M4风险缓冲接口,L2 核心适配功能,BASE-核心适配功能,通用,接口,FN08 决断保护,K01、K03、K04、K05或LP04相关时，需要行动与协商、感受回流接续。,M4的相关机制达到E1以上，且FN08 决断保护能够限制过用、补足缺位或恢复转换。,M4只有单标签；保护功能与风险链无具体对应。,由共享基础引擎提供；只修正用户能否承载、表达和共同执行适配结构，不直接等同成熟度、道德或关系结果。,由M2提供；夫妻星和关系门槛只说明准入议题，不单独证明长期适配。,由M3-BASE与共享引擎提供；日支近位提高亲密关系相关性，但不得把日支直接写成配偶性格。,无／按本规则指定功能链或接口路由。,由共享基础引擎判定；近位提高直接相关性，远位仅作背景、阶段或条件性修正。,根气只修正该功能是否容易重复调用，不等于现实中已经形成成熟能力。,旺弱只修正调用强度与承载；强不自动适配，弱也不自动缺失。,喜忌只修正顺畅度、摩擦与平衡，不可直接翻译为好坏、理想伴侣或关系结果。,原十神性质有效；真合化成立时按化神功能替换，合化争议时停止定性。,近位提高进入亲密关系核心的概率；远位只保留背景、条件性或低置信修正。,90,FN08 决断保护 +16 风险缓冲,risk_buffer_match,K01、K03、K04、K05或LP04相关时，需要行动与协商、感受回流接续。,这项功能之所以重要，还因为它能帮助关系避免：速度、气场、替你决定或强度高，不自动等于保护。,不得仅凭本规则推出某类人必然适合或不适合、婚姻必然成功、忠诚度、职业收入、外貌家庭、五行生肖匹配，或要求用户容忍伤害；现实安全、行为、反例与双方意愿优先。,中高,待验证,,fit_need_code=FN08; source=M4; provisional=true; rule_group=BASE-核心适配功能,0.2
M5-BASE-112,FN08 决断保护｜需求优先级路由,L2 核心适配功能,BASE-核心适配功能,通用,路由,FN08 决断保护,PR1／PR2／PR3,完成M3功能、M4机制、同源去重和现实反例检查。,PR0未通过或基础状态未定。,由共享基础引擎提供；只修正用户能否承载、表达和共同执行适配结构，不直接等同成熟度、道德或关系结果。,由M2提供；夫妻星和关系门槛只说明准入议题，不单独证明长期适配。,由M3-BASE与共享引擎提供；日支近位提高亲密关系相关性，但不得把日支直接写成配偶性格。,无／按本规则指定功能链或接口路由。,由共享基础引擎判定；近位提高直接相关性，远位仅作背景、阶段或条件性修正。,根气只修正该功能是否容易重复调用，不等于现实中已经形成成熟能力。,旺弱只修正调用强度与承载；强不自动适配，弱也不自动缺失。,喜忌只修正顺畅度、摩擦与平衡，不可直接翻译为好坏、理想伴侣或关系结果。,原十神性质有效；真合化成立时按化神功能替换，合化争议时停止定性。,近位提高进入亲密关系核心的概率；远位只保留背景、条件性或低置信修正。,91,按必要性路由：PR1 +28／PR2 +18／PR3 +8,need_priority,若缺少该功能会直接使M3核心功能无法运行或M4主风险明显升高，则PR1；重要但可替代则PR2；主要增加心动与舒适则PR3。,这项条件是必须、重要支持还是加分项，要看缺少它会不会直接破坏关系的核心运行。,不得仅凭本规则推出某类人必然适合或不适合、婚姻必然成功、忠诚度、职业收入、外貌家庭、五行生肖匹配，或要求用户容忍伤害；现实安全、行为、反例与双方意愿优先。,中高,待验证,,fit_need_code=FN08; provisional=true; rule_group=BASE-核心适配功能,0.2
M5-BASE-113,FN08 决断保护｜匹配模式候选,L2 核心适配功能,BASE-核心适配功能,通用,路由,FN08 决断保护,FM03先后接力、FM05制衡或FM06状态分工,已确认用户自身该功能的成熟度、过用／不足和对方可执行方式。,只凭相同／相反十神判断同频或互补。,由共享基础引擎提供；只修正用户能否承载、表达和共同执行适配结构，不直接等同成熟度、道德或关系结果。,由M2提供；夫妻星和关系门槛只说明准入议题，不单独证明长期适配。,由M3-BASE与共享引擎提供；日支近位提高亲密关系相关性，但不得把日支直接写成配偶性格。,无／按本规则指定功能链或接口路由。,由共享基础引擎判定；近位提高直接相关性，远位仅作背景、阶段或条件性修正。,根气只修正该功能是否容易重复调用，不等于现实中已经形成成熟能力。,旺弱只修正调用强度与承载；强不自动适配，弱也不自动缺失。,喜忌只修正顺畅度、摩擦与平衡，不可直接翻译为好坏、理想伴侣或关系结果。,原十神性质有效；真合化成立时按化神功能替换，合化争议时停止定性。,近位提高进入亲密关系核心的概率；远位只保留背景、条件性或低置信修正。,76,FM03先后接力、FM05制衡或FM06状态分工 候选 +8,similarity_complement_mode,该功能可路由至FM03先后接力、FM05制衡或FM06状态分工，但最终需由M5-PARTNER和现实资料复核。,更可能采用的匹配方式是：FM03先后接力、FM05制衡或FM06状态分工。,不得仅凭本规则推出某类人必然适合或不适合、婚姻必然成功、忠诚度、职业收入、外貌家庭、五行生肖匹配，或要求用户容忍伤害；现实安全、行为、反例与双方意愿优先。,中低,待验证,,fit_need_code=FN08; provisional=true; rule_group=BASE-核心适配功能,0.2
M5-BASE-114,FN08 决断保护｜伪适配边界与用户输出,L2 核心适配功能,BASE-核心适配功能,通用,边界,FN08 决断保护,伪适配,准备发布该功能结论。,无,由共享基础引擎提供；只修正用户能否承载、表达和共同执行适配结构，不直接等同成熟度、道德或关系结果。,由M2提供；夫妻星和关系门槛只说明准入议题，不单独证明长期适配。,由M3-BASE与共享引擎提供；日支近位提高亲密关系相关性，但不得把日支直接写成配偶性格。,无／按本规则指定功能链或接口路由。,由共享基础引擎判定；近位提高直接相关性，远位仅作背景、阶段或条件性修正。,根气只修正该功能是否容易重复调用，不等于现实中已经形成成熟能力。,旺弱只修正调用强度与承载；强不自动适配，弱也不自动缺失。,喜忌只修正顺畅度、摩擦与平衡，不可直接翻译为好坏、理想伴侣或关系结果。,原十神性质有效；真合化成立时按化神功能替换，合化争议时停止定性。,近位提高进入亲密关系核心的概率；远位只保留背景、条件性或低置信修正。,95,不加分；边界与文案,boundary_note,速度、气场、替你决定或强度高，不自动等于保护。,需要特别区分：速度、气场、替你决定或强度高，不自动等于保护。,不得仅凭本规则推出某类人必然适合或不适合、婚姻必然成功、忠诚度、职业收入、外貌家庭、五行生肖匹配，或要求用户容忍伤害；现实安全、行为、反例与双方意愿优先。,高,待验证,,fit_need_code=FN08; provisional=true; rule_group=BASE-核心适配功能,0.2
M5-BASE-115,FN09 安全承接｜核心适配需求,L2 核心适配功能,BASE-核心适配功能,通用,基础,FN09 安全承接,正印,正印功能在M3中可靠，或M4显示该功能是关键补位／调节任务。,只有单一十神标签、同源重复或现实反例未处理。,由共享基础引擎提供；只修正用户能否承载、表达和共同执行适配结构，不直接等同成熟度、道德或关系结果。,由M2提供；夫妻星和关系门槛只说明准入议题，不单独证明长期适配。,由M3-BASE与共享引擎提供；日支近位提高亲密关系相关性，但不得把日支直接写成配偶性格。,无／按本规则指定功能链或接口路由。,由共享基础引擎判定；近位提高直接相关性，远位仅作背景、阶段或条件性修正。,根气只修正该功能是否容易重复调用，不等于现实中已经形成成熟能力。,旺弱只修正调用强度与承载；强不自动适配，弱也不自动缺失。,喜忌只修正顺畅度、摩擦与平衡，不可直接翻译为好坏、理想伴侣或关系结果。,原十神性质有效；真合化成立时按化神功能替换，合化争议时停止定性。,近位提高进入亲密关系核心的概率；远位只保留背景、条件性或低置信修正。,88,FN09 安全承接 +20 主需求候选,primary_fit_need,感受能够被理解、支持和安抚，同时理解会转成自主与现实改变。,你需要被理解，但更重要的是理解之后双方能够形成自己的决定，并把必要改变落实出来。,不得仅凭本规则推出某类人必然适合或不适合、婚姻必然成功、忠诚度、职业收入、外貌家庭、五行生肖匹配，或要求用户容忍伤害；现实安全、行为、反例与双方意愿优先。,中高,待验证,,fit_need_code=FN09; provisional=true; rule_group=BASE-核心适配功能,0.2
M5-BASE-116,FN09 安全承接｜伴侣可观察行为,L2 核心适配功能,BASE-核心适配功能,通用,行为,FN09 安全承接,可观察行为,FN09 安全承接已进入PR1或PR2候选。,只能提供抽象人格标签，缺少现实行为描述。,由共享基础引擎提供；只修正用户能否承载、表达和共同执行适配结构，不直接等同成熟度、道德或关系结果。,由M2提供；夫妻星和关系门槛只说明准入议题，不单独证明长期适配。,由M3-BASE与共享引擎提供；日支近位提高亲密关系相关性，但不得把日支直接写成配偶性格。,无／按本规则指定功能链或接口路由。,由共享基础引擎判定；近位提高直接相关性，远位仅作背景、阶段或条件性修正。,根气只修正该功能是否容易重复调用，不等于现实中已经形成成熟能力。,旺弱只修正调用强度与承载；强不自动适配，弱也不自动缺失。,喜忌只修正顺畅度、摩擦与平衡，不可直接翻译为好坏、理想伴侣或关系结果。,原十神性质有效；真合化成立时按化神功能替换，合化争议时停止定性。,近位提高进入亲密关系核心的概率；远位只保留背景、条件性或低置信修正。,84,FN09 安全承接 +12 行为候选,required_partner_behaviors,该功能必须由具体、重复、可反馈的行为体现：耐心倾听并确认影响；不替你做决定；理解以后愿意调整行为和承担责任。,可以重点观察对方是否会：耐心倾听并确认影响；不替你做决定；理解以后愿意调整行为和承担责任。,不得仅凭本规则推出某类人必然适合或不适合、婚姻必然成功、忠诚度、职业收入、外貌家庭、五行生肖匹配，或要求用户容忍伤害；现实安全、行为、反例与双方意愿优先。,中,待验证,,fit_need_code=FN09; provisional=true; rule_group=BASE-核心适配功能,0.2
M5-BASE-117,FN09 安全承接｜互动结构候选,L2 核心适配功能,BASE-核心适配功能,通用,结构,FN09 安全承接,互动结构,FN09 安全承接已成立，且双方愿意共同执行。,只有单方长期承担；或结构剥夺一方选择权。,由共享基础引擎提供；只修正用户能否承载、表达和共同执行适配结构，不直接等同成熟度、道德或关系结果。,由M2提供；夫妻星和关系门槛只说明准入议题，不单独证明长期适配。,由M3-BASE与共享引擎提供；日支近位提高亲密关系相关性，但不得把日支直接写成配偶性格。,无／按本规则指定功能链或接口路由。,由共享基础引擎判定；近位提高直接相关性，远位仅作背景、阶段或条件性修正。,根气只修正该功能是否容易重复调用，不等于现实中已经形成成熟能力。,旺弱只修正调用强度与承载；强不自动适配，弱也不自动缺失。,喜忌只修正顺畅度、摩擦与平衡，不可直接翻译为好坏、理想伴侣或关系结果。,原十神性质有效；真合化成立时按化神功能替换，合化争议时停止定性。,近位提高进入亲密关系核心的概率；远位只保留背景、条件性或低置信修正。,82,FN09 安全承接 +10 结构候选,interaction_structure,IS07支持—自主＋IS09任务—情绪双轨。,更有效的关系结构是：IS07支持—自主＋IS09任务—情绪双轨。,不得仅凭本规则推出某类人必然适合或不适合、婚姻必然成功、忠诚度、职业收入、外貌家庭、五行生肖匹配，或要求用户容忍伤害；现实安全、行为、反例与双方意愿优先。,中,待验证,,fit_need_code=FN09; provisional=true; rule_group=BASE-核心适配功能,0.2
M5-BASE-118,FN09 安全承接｜M3正常功能尊重接口,L2 核心适配功能,BASE-核心适配功能,通用,接口,FN09 安全承接,I09／X09／CA09／BD09／CF09,M3的I09／X09／CA09／BD09／CF09至少一项为主通道或稳定次通道。,M3字段停止、只有弱远候选或同一source_id重复。,由共享基础引擎提供；只修正用户能否承载、表达和共同执行适配结构，不直接等同成熟度、道德或关系结果。,由M2提供；夫妻星和关系门槛只说明准入议题，不单独证明长期适配。,由M3-BASE与共享引擎提供；日支近位提高亲密关系相关性，但不得把日支直接写成配偶性格。,无／按本规则指定功能链或接口路由。,由共享基础引擎判定；近位提高直接相关性，远位仅作背景、阶段或条件性修正。,根气只修正该功能是否容易重复调用，不等于现实中已经形成成熟能力。,旺弱只修正调用强度与承载；强不自动适配，弱也不自动缺失。,喜忌只修正顺畅度、摩擦与平衡，不可直接翻译为好坏、理想伴侣或关系结果。,原十神性质有效；真合化成立时按化神功能替换，合化争议时停止定性。,近位提高进入亲密关系核心的概率；远位只保留背景、条件性或低置信修正。,86,FN09 安全承接 +12 M3接口,primary_fit_need,M5首先让M3成熟、平衡的正常功能有空间运行，而不是只根据风险设计反向伴侣。,这项需要来自你在关系中本来就常用的功能：感受能够被理解、支持和安抚，同时理解会转成自主与现实改变。,不得仅凭本规则推出某类人必然适合或不适合、婚姻必然成功、忠诚度、职业收入、外貌家庭、五行生肖匹配，或要求用户容忍伤害；现实安全、行为、反例与双方意愿优先。,中高,待验证,,fit_need_code=FN09; source=M3; provisional=true; rule_group=BASE-核心适配功能,0.2
M5-BASE-119,FN09 安全承接｜M4风险缓冲接口,L2 核心适配功能,BASE-核心适配功能,通用,接口,FN09 安全承接,K03、K06、LP05或RB05相关时，需要理解转边界、责任和行动。,M4的相关机制达到E1以上，且FN09 安全承接能够限制过用、补足缺位或恢复转换。,M4只有单标签；保护功能与风险链无具体对应。,由共享基础引擎提供；只修正用户能否承载、表达和共同执行适配结构，不直接等同成熟度、道德或关系结果。,由M2提供；夫妻星和关系门槛只说明准入议题，不单独证明长期适配。,由M3-BASE与共享引擎提供；日支近位提高亲密关系相关性，但不得把日支直接写成配偶性格。,无／按本规则指定功能链或接口路由。,由共享基础引擎判定；近位提高直接相关性，远位仅作背景、阶段或条件性修正。,根气只修正该功能是否容易重复调用，不等于现实中已经形成成熟能力。,旺弱只修正调用强度与承载；强不自动适配，弱也不自动缺失。,喜忌只修正顺畅度、摩擦与平衡，不可直接翻译为好坏、理想伴侣或关系结果。,原十神性质有效；真合化成立时按化神功能替换，合化争议时停止定性。,近位提高进入亲密关系核心的概率；远位只保留背景、条件性或低置信修正。,90,FN09 安全承接 +16 风险缓冲,risk_buffer_match,K03、K06、LP05或RB05相关时，需要理解转边界、责任和行动。,这项功能之所以重要，还因为它能帮助关系避免：只会安抚、包容或替你承担，却不改变现实，也不是真正适配。,不得仅凭本规则推出某类人必然适合或不适合、婚姻必然成功、忠诚度、职业收入、外貌家庭、五行生肖匹配，或要求用户容忍伤害；现实安全、行为、反例与双方意愿优先。,中高,待验证,,fit_need_code=FN09; source=M4; provisional=true; rule_group=BASE-核心适配功能,0.2
M5-BASE-120,FN09 安全承接｜需求优先级路由,L2 核心适配功能,BASE-核心适配功能,通用,路由,FN09 安全承接,PR1／PR2／PR3,完成M3功能、M4机制、同源去重和现实反例检查。,PR0未通过或基础状态未定。,由共享基础引擎提供；只修正用户能否承载、表达和共同执行适配结构，不直接等同成熟度、道德或关系结果。,由M2提供；夫妻星和关系门槛只说明准入议题，不单独证明长期适配。,由M3-BASE与共享引擎提供；日支近位提高亲密关系相关性，但不得把日支直接写成配偶性格。,无／按本规则指定功能链或接口路由。,由共享基础引擎判定；近位提高直接相关性，远位仅作背景、阶段或条件性修正。,根气只修正该功能是否容易重复调用，不等于现实中已经形成成熟能力。,旺弱只修正调用强度与承载；强不自动适配，弱也不自动缺失。,喜忌只修正顺畅度、摩擦与平衡，不可直接翻译为好坏、理想伴侣或关系结果。,原十神性质有效；真合化成立时按化神功能替换，合化争议时停止定性。,近位提高进入亲密关系核心的概率；远位只保留背景、条件性或低置信修正。,91,按必要性路由：PR1 +28／PR2 +18／PR3 +8,need_priority,若缺少该功能会直接使M3核心功能无法运行或M4主风险明显升高，则PR1；重要但可替代则PR2；主要增加心动与舒适则PR3。,这项条件是必须、重要支持还是加分项，要看缺少它会不会直接破坏关系的核心运行。,不得仅凭本规则推出某类人必然适合或不适合、婚姻必然成功、忠诚度、职业收入、外貌家庭、五行生肖匹配，或要求用户容忍伤害；现实安全、行为、反例与双方意愿优先。,中高,待验证,,fit_need_code=FN09; provisional=true; rule_group=BASE-核心适配功能,0.2
M5-BASE-121,FN09 安全承接｜匹配模式候选,L2 核心适配功能,BASE-核心适配功能,通用,路由,FN09 安全承接,FM01同频、FM02互补或FM03接力,已确认用户自身该功能的成熟度、过用／不足和对方可执行方式。,只凭相同／相反十神判断同频或互补。,由共享基础引擎提供；只修正用户能否承载、表达和共同执行适配结构，不直接等同成熟度、道德或关系结果。,由M2提供；夫妻星和关系门槛只说明准入议题，不单独证明长期适配。,由M3-BASE与共享引擎提供；日支近位提高亲密关系相关性，但不得把日支直接写成配偶性格。,无／按本规则指定功能链或接口路由。,由共享基础引擎判定；近位提高直接相关性，远位仅作背景、阶段或条件性修正。,根气只修正该功能是否容易重复调用，不等于现实中已经形成成熟能力。,旺弱只修正调用强度与承载；强不自动适配，弱也不自动缺失。,喜忌只修正顺畅度、摩擦与平衡，不可直接翻译为好坏、理想伴侣或关系结果。,原十神性质有效；真合化成立时按化神功能替换，合化争议时停止定性。,近位提高进入亲密关系核心的概率；远位只保留背景、条件性或低置信修正。,76,FM01同频、FM02互补或FM03接力 候选 +8,similarity_complement_mode,该功能可路由至FM01同频、FM02互补或FM03接力，但最终需由M5-PARTNER和现实资料复核。,更可能采用的匹配方式是：FM01同频、FM02互补或FM03接力。,不得仅凭本规则推出某类人必然适合或不适合、婚姻必然成功、忠诚度、职业收入、外貌家庭、五行生肖匹配，或要求用户容忍伤害；现实安全、行为、反例与双方意愿优先。,中低,待验证,,fit_need_code=FN09; provisional=true; rule_group=BASE-核心适配功能,0.2
M5-BASE-122,FN09 安全承接｜伪适配边界与用户输出,L2 核心适配功能,BASE-核心适配功能,通用,边界,FN09 安全承接,伪适配,准备发布该功能结论。,无,由共享基础引擎提供；只修正用户能否承载、表达和共同执行适配结构，不直接等同成熟度、道德或关系结果。,由M2提供；夫妻星和关系门槛只说明准入议题，不单独证明长期适配。,由M3-BASE与共享引擎提供；日支近位提高亲密关系相关性，但不得把日支直接写成配偶性格。,无／按本规则指定功能链或接口路由。,由共享基础引擎判定；近位提高直接相关性，远位仅作背景、阶段或条件性修正。,根气只修正该功能是否容易重复调用，不等于现实中已经形成成熟能力。,旺弱只修正调用强度与承载；强不自动适配，弱也不自动缺失。,喜忌只修正顺畅度、摩擦与平衡，不可直接翻译为好坏、理想伴侣或关系结果。,原十神性质有效；真合化成立时按化神功能替换，合化争议时停止定性。,近位提高进入亲密关系核心的概率；远位只保留背景、条件性或低置信修正。,95,不加分；边界与文案,boundary_note,只会安抚、包容或替你承担，却不改变现实，也不是真正适配。,需要特别区分：只会安抚、包容或替你承担，却不改变现实，也不是真正适配。,不得仅凭本规则推出某类人必然适合或不适合、婚姻必然成功、忠诚度、职业收入、外貌家庭、五行生肖匹配，或要求用户容忍伤害；现实安全、行为、反例与双方意愿优先。,高,待验证,,fit_need_code=FN09; provisional=true; rule_group=BASE-核心适配功能,0.2
M5-BASE-123,FN10 深度空间｜核心适配需求,L2 核心适配功能,BASE-核心适配功能,通用,基础,FN10 深度空间,偏印,偏印功能在M3中可靠，或M4显示该功能是关键补位／调节任务。,只有单一十神标签、同源重复或现实反例未处理。,由共享基础引擎提供；只修正用户能否承载、表达和共同执行适配结构，不直接等同成熟度、道德或关系结果。,由M2提供；夫妻星和关系门槛只说明准入议题，不单独证明长期适配。,由M3-BASE与共享引擎提供；日支近位提高亲密关系相关性，但不得把日支直接写成配偶性格。,无／按本规则指定功能链或接口路由。,由共享基础引擎判定；近位提高直接相关性，远位仅作背景、阶段或条件性修正。,根气只修正该功能是否容易重复调用，不等于现实中已经形成成熟能力。,旺弱只修正调用强度与承载；强不自动适配，弱也不自动缺失。,喜忌只修正顺畅度、摩擦与平衡，不可直接翻译为好坏、理想伴侣或关系结果。,原十神性质有效；真合化成立时按化神功能替换，合化争议时停止定性。,近位提高进入亲密关系核心的概率；远位只保留背景、条件性或低置信修正。,88,FN10 深度空间 +20 主需求候选,primary_fit_need,允许独立整理、深度思考和私人空间，同时有明确回归路径。,更适合你的关系会尊重整理空间，但不会让空间变成没有期限和没有回归点的中断。,不得仅凭本规则推出某类人必然适合或不适合、婚姻必然成功、忠诚度、职业收入、外貌家庭、五行生肖匹配，或要求用户容忍伤害；现实安全、行为、反例与双方意愿优先。,中高,待验证,,fit_need_code=FN10; provisional=true; rule_group=BASE-核心适配功能,0.2
M5-BASE-124,FN10 深度空间｜伴侣可观察行为,L2 核心适配功能,BASE-核心适配功能,通用,行为,FN10 深度空间,可观察行为,FN10 深度空间已进入PR1或PR2候选。,只能提供抽象人格标签，缺少现实行为描述。,由共享基础引擎提供；只修正用户能否承载、表达和共同执行适配结构，不直接等同成熟度、道德或关系结果。,由M2提供；夫妻星和关系门槛只说明准入议题，不单独证明长期适配。,由M3-BASE与共享引擎提供；日支近位提高亲密关系相关性，但不得把日支直接写成配偶性格。,无／按本规则指定功能链或接口路由。,由共享基础引擎判定；近位提高直接相关性，远位仅作背景、阶段或条件性修正。,根气只修正该功能是否容易重复调用，不等于现实中已经形成成熟能力。,旺弱只修正调用强度与承载；强不自动适配，弱也不自动缺失。,喜忌只修正顺畅度、摩擦与平衡，不可直接翻译为好坏、理想伴侣或关系结果。,原十神性质有效；真合化成立时按化神功能替换，合化争议时停止定性。,近位提高进入亲密关系核心的概率；远位只保留背景、条件性或低置信修正。,84,FN10 深度空间 +12 行为候选,required_partner_behaviors,该功能必须由具体、重复、可反馈的行为体现：尊重你需要时间整理；不逼迫即时表达；同时约定最低连接、回复范围和重新沟通时间。,可以重点观察对方是否会：尊重你需要时间整理；不逼迫即时表达；同时约定最低连接、回复范围和重新沟通时间。,不得仅凭本规则推出某类人必然适合或不适合、婚姻必然成功、忠诚度、职业收入、外貌家庭、五行生肖匹配，或要求用户容忍伤害；现实安全、行为、反例与双方意愿优先。,中,待验证,,fit_need_code=FN10; provisional=true; rule_group=BASE-核心适配功能,0.2
M5-BASE-125,FN10 深度空间｜互动结构候选,L2 核心适配功能,BASE-核心适配功能,通用,结构,FN10 深度空间,互动结构,FN10 深度空间已成立，且双方愿意共同执行。,只有单方长期承担；或结构剥夺一方选择权。,由共享基础引擎提供；只修正用户能否承载、表达和共同执行适配结构，不直接等同成熟度、道德或关系结果。,由M2提供；夫妻星和关系门槛只说明准入议题，不单独证明长期适配。,由M3-BASE与共享引擎提供；日支近位提高亲密关系相关性，但不得把日支直接写成配偶性格。,无／按本规则指定功能链或接口路由。,由共享基础引擎判定；近位提高直接相关性，远位仅作背景、阶段或条件性修正。,根气只修正该功能是否容易重复调用，不等于现实中已经形成成熟能力。,旺弱只修正调用强度与承载；强不自动适配，弱也不自动缺失。,喜忌只修正顺畅度、摩擦与平衡，不可直接翻译为好坏、理想伴侣或关系结果。,原十神性质有效；真合化成立时按化神功能替换，合化争议时停止定性。,近位提高进入亲密关系核心的概率；远位只保留背景、条件性或低置信修正。,82,FN10 深度空间 +10 结构候选,interaction_structure,IS08空间—回归协议＋选择性深度交流。,更有效的关系结构是：IS08空间—回归协议＋选择性深度交流。,不得仅凭本规则推出某类人必然适合或不适合、婚姻必然成功、忠诚度、职业收入、外貌家庭、五行生肖匹配，或要求用户容忍伤害；现实安全、行为、反例与双方意愿优先。,中,待验证,,fit_need_code=FN10; provisional=true; rule_group=BASE-核心适配功能,0.2
M5-BASE-126,FN10 深度空间｜M3正常功能尊重接口,L2 核心适配功能,BASE-核心适配功能,通用,接口,FN10 深度空间,I10／X10／CA10／BD10／CF10,M3的I10／X10／CA10／BD10／CF10至少一项为主通道或稳定次通道。,M3字段停止、只有弱远候选或同一source_id重复。,由共享基础引擎提供；只修正用户能否承载、表达和共同执行适配结构，不直接等同成熟度、道德或关系结果。,由M2提供；夫妻星和关系门槛只说明准入议题，不单独证明长期适配。,由M3-BASE与共享引擎提供；日支近位提高亲密关系相关性，但不得把日支直接写成配偶性格。,无／按本规则指定功能链或接口路由。,由共享基础引擎判定；近位提高直接相关性，远位仅作背景、阶段或条件性修正。,根气只修正该功能是否容易重复调用，不等于现实中已经形成成熟能力。,旺弱只修正调用强度与承载；强不自动适配，弱也不自动缺失。,喜忌只修正顺畅度、摩擦与平衡，不可直接翻译为好坏、理想伴侣或关系结果。,原十神性质有效；真合化成立时按化神功能替换，合化争议时停止定性。,近位提高进入亲密关系核心的概率；远位只保留背景、条件性或低置信修正。,86,FN10 深度空间 +12 M3接口,primary_fit_need,M5首先让M3成熟、平衡的正常功能有空间运行，而不是只根据风险设计反向伴侣。,这项需要来自你在关系中本来就常用的功能：允许独立整理、深度思考和私人空间，同时有明确回归路径。,不得仅凭本规则推出某类人必然适合或不适合、婚姻必然成功、忠诚度、职业收入、外貌家庭、五行生肖匹配，或要求用户容忍伤害；现实安全、行为、反例与双方意愿优先。,中高,待验证,,fit_need_code=FN10; source=M3; provisional=true; rule_group=BASE-核心适配功能,0.2
M5-BASE-127,FN10 深度空间｜M4风险缓冲接口,L2 核心适配功能,BASE-核心适配功能,通用,接口,FN10 深度空间,K03、K06、LP11或RB09相关时，需要暂停目的、范围和回归协议。,M4的相关机制达到E1以上，且FN10 深度空间能够限制过用、补足缺位或恢复转换。,M4只有单标签；保护功能与风险链无具体对应。,由共享基础引擎提供；只修正用户能否承载、表达和共同执行适配结构，不直接等同成熟度、道德或关系结果。,由M2提供；夫妻星和关系门槛只说明准入议题，不单独证明长期适配。,由M3-BASE与共享引擎提供；日支近位提高亲密关系相关性，但不得把日支直接写成配偶性格。,无／按本规则指定功能链或接口路由。,由共享基础引擎判定；近位提高直接相关性，远位仅作背景、阶段或条件性修正。,根气只修正该功能是否容易重复调用，不等于现实中已经形成成熟能力。,旺弱只修正调用强度与承载；强不自动适配，弱也不自动缺失。,喜忌只修正顺畅度、摩擦与平衡，不可直接翻译为好坏、理想伴侣或关系结果。,原十神性质有效；真合化成立时按化神功能替换，合化争议时停止定性。,近位提高进入亲密关系核心的概率；远位只保留背景、条件性或低置信修正。,90,FN10 深度空间 +16 风险缓冲,risk_buffer_match,K03、K06、LP11或RB09相关时，需要暂停目的、范围和回归协议。,这项功能之所以重要，还因为它能帮助关系避免：长期沉默、神秘、难以接近或没有回归点，不等于尊重空间。,不得仅凭本规则推出某类人必然适合或不适合、婚姻必然成功、忠诚度、职业收入、外貌家庭、五行生肖匹配，或要求用户容忍伤害；现实安全、行为、反例与双方意愿优先。,中高,待验证,,fit_need_code=FN10; source=M4; provisional=true; rule_group=BASE-核心适配功能,0.2
M5-BASE-128,FN10 深度空间｜需求优先级路由,L2 核心适配功能,BASE-核心适配功能,通用,路由,FN10 深度空间,PR1／PR2／PR3,完成M3功能、M4机制、同源去重和现实反例检查。,PR0未通过或基础状态未定。,由共享基础引擎提供；只修正用户能否承载、表达和共同执行适配结构，不直接等同成熟度、道德或关系结果。,由M2提供；夫妻星和关系门槛只说明准入议题，不单独证明长期适配。,由M3-BASE与共享引擎提供；日支近位提高亲密关系相关性，但不得把日支直接写成配偶性格。,无／按本规则指定功能链或接口路由。,由共享基础引擎判定；近位提高直接相关性，远位仅作背景、阶段或条件性修正。,根气只修正该功能是否容易重复调用，不等于现实中已经形成成熟能力。,旺弱只修正调用强度与承载；强不自动适配，弱也不自动缺失。,喜忌只修正顺畅度、摩擦与平衡，不可直接翻译为好坏、理想伴侣或关系结果。,原十神性质有效；真合化成立时按化神功能替换，合化争议时停止定性。,近位提高进入亲密关系核心的概率；远位只保留背景、条件性或低置信修正。,91,按必要性路由：PR1 +28／PR2 +18／PR3 +8,need_priority,若缺少该功能会直接使M3核心功能无法运行或M4主风险明显升高，则PR1；重要但可替代则PR2；主要增加心动与舒适则PR3。,这项条件是必须、重要支持还是加分项，要看缺少它会不会直接破坏关系的核心运行。,不得仅凭本规则推出某类人必然适合或不适合、婚姻必然成功、忠诚度、职业收入、外貌家庭、五行生肖匹配，或要求用户容忍伤害；现实安全、行为、反例与双方意愿优先。,中高,待验证,,fit_need_code=FN10; provisional=true; rule_group=BASE-核心适配功能,0.2
M5-BASE-129,FN10 深度空间｜匹配模式候选,L2 核心适配功能,BASE-核心适配功能,通用,路由,FN10 深度空间,FM03先后接力、FM06状态分工或FM08情境组合,已确认用户自身该功能的成熟度、过用／不足和对方可执行方式。,只凭相同／相反十神判断同频或互补。,由共享基础引擎提供；只修正用户能否承载、表达和共同执行适配结构，不直接等同成熟度、道德或关系结果。,由M2提供；夫妻星和关系门槛只说明准入议题，不单独证明长期适配。,由M3-BASE与共享引擎提供；日支近位提高亲密关系相关性，但不得把日支直接写成配偶性格。,无／按本规则指定功能链或接口路由。,由共享基础引擎判定；近位提高直接相关性，远位仅作背景、阶段或条件性修正。,根气只修正该功能是否容易重复调用，不等于现实中已经形成成熟能力。,旺弱只修正调用强度与承载；强不自动适配，弱也不自动缺失。,喜忌只修正顺畅度、摩擦与平衡，不可直接翻译为好坏、理想伴侣或关系结果。,原十神性质有效；真合化成立时按化神功能替换，合化争议时停止定性。,近位提高进入亲密关系核心的概率；远位只保留背景、条件性或低置信修正。,76,FM03先后接力、FM06状态分工或FM08情境组合 候选 +8,similarity_complement_mode,该功能可路由至FM03先后接力、FM06状态分工或FM08情境组合，但最终需由M5-PARTNER和现实资料复核。,更可能采用的匹配方式是：FM03先后接力、FM06状态分工或FM08情境组合。,不得仅凭本规则推出某类人必然适合或不适合、婚姻必然成功、忠诚度、职业收入、外貌家庭、五行生肖匹配，或要求用户容忍伤害；现实安全、行为、反例与双方意愿优先。,中低,待验证,,fit_need_code=FN10; provisional=true; rule_group=BASE-核心适配功能,0.2
M5-BASE-130,FN10 深度空间｜伪适配边界与用户输出,L2 核心适配功能,BASE-核心适配功能,通用,边界,FN10 深度空间,伪适配,准备发布该功能结论。,无,由共享基础引擎提供；只修正用户能否承载、表达和共同执行适配结构，不直接等同成熟度、道德或关系结果。,由M2提供；夫妻星和关系门槛只说明准入议题，不单独证明长期适配。,由M3-BASE与共享引擎提供；日支近位提高亲密关系相关性，但不得把日支直接写成配偶性格。,无／按本规则指定功能链或接口路由。,由共享基础引擎判定；近位提高直接相关性，远位仅作背景、阶段或条件性修正。,根气只修正该功能是否容易重复调用，不等于现实中已经形成成熟能力。,旺弱只修正调用强度与承载；强不自动适配，弱也不自动缺失。,喜忌只修正顺畅度、摩擦与平衡，不可直接翻译为好坏、理想伴侣或关系结果。,原十神性质有效；真合化成立时按化神功能替换，合化争议时停止定性。,近位提高进入亲密关系核心的概率；远位只保留背景、条件性或低置信修正。,95,不加分；边界与文案,boundary_note,长期沉默、神秘、难以接近或没有回归点，不等于尊重空间。,需要特别区分：长期沉默、神秘、难以接近或没有回归点，不等于尊重空间。,不得仅凭本规则推出某类人必然适合或不适合、婚姻必然成功、忠诚度、职业收入、外貌家庭、五行生肖匹配，或要求用户容忍伤害；现实安全、行为、反例与双方意愿优先。,高,待验证,,fit_need_code=FN10; provisional=true; rule_group=BASE-核心适配功能,0.2
M5-BASE-131,FN01×M3-BASE｜关系运行底盘适配接口,L3 M3正常功能接口,BASE-M3接口,通用,接口,FN01,M3-BASE,M3-BASE字段可靠，且比肩对应通道为主通道或有效次通道。,M3字段停止、仅有同源重复或现实行为强反例。,由共享基础引擎提供；只修正用户能否承载、表达和共同执行适配结构，不直接等同成熟度、道德或关系结果。,由M2提供；夫妻星和关系门槛只说明准入议题，不单独证明长期适配。,由M3-BASE与共享引擎提供；日支近位提高亲密关系相关性，但不得把日支直接写成配偶性格。,无／按本规则指定功能链或接口路由。,由共享基础引擎判定；近位提高直接相关性，远位仅作背景、阶段或条件性修正。,根气只修正该功能是否容易重复调用，不等于现实中已经形成成熟能力。,旺弱只修正调用强度与承载；强不自动适配，弱也不自动缺失。,喜忌只修正顺畅度、摩擦与平衡，不可直接翻译为好坏、理想伴侣或关系结果。,原十神性质有效；真合化成立时按化神功能替换，合化争议时停止定性。,近位提高进入亲密关系核心的概率；远位只保留背景、条件性或低置信修正。,84,FN01 +10 M3-BASE接口,relationship_baseline,长期关系需要尊重用户最自然的关系运行主题。双方都保留选择权、表达权和共同决定权。,在关系运行底盘方面，更适合你的关系会：对方不会否定或压掉这项关系功能，而会与用户一起建立可执行范围。,不得仅凭本规则推出某类人必然适合或不适合、婚姻必然成功、忠诚度、职业收入、外貌家庭、五行生肖匹配，或要求用户容忍伤害；现实安全、行为、反例与双方意愿优先。,中高,待验证,,fit_need_code=FN01; m3_module=BASE; provisional=true; rule_group=BASE-M3接口,0.2
M5-BASE-132,FN01×M3-EXPR｜情感表达适配接口,L3 M3正常功能接口,BASE-M3接口,通用,接口,FN01,M3-EXPR,M3-EXPR字段可靠，且比肩对应通道为主通道或有效次通道。,M3字段停止、仅有同源重复或现实行为强反例。,由共享基础引擎提供；只修正用户能否承载、表达和共同执行适配结构，不直接等同成熟度、道德或关系结果。,由M2提供；夫妻星和关系门槛只说明准入议题，不单独证明长期适配。,由M3-BASE与共享引擎提供；日支近位提高亲密关系相关性，但不得把日支直接写成配偶性格。,无／按本规则指定功能链或接口路由。,由共享基础引擎判定；近位提高直接相关性，远位仅作背景、阶段或条件性修正。,根气只修正该功能是否容易重复调用，不等于现实中已经形成成熟能力。,旺弱只修正调用强度与承载；强不自动适配，弱也不自动缺失。,喜忌只修正顺畅度、摩擦与平衡，不可直接翻译为好坏、理想伴侣或关系结果。,原十神性质有效；真合化成立时按化神功能替换，合化争议时停止定性。,近位提高进入亲密关系核心的概率；远位只保留背景、条件性或低置信修正。,83,FN01 +10 M3-EXPR接口,communication_protocol,伴侣需要能够接收、回应并与用户形成双向表达。围绕平等自主建立可接收的表达、倾听和反馈。,在情感表达方面，更适合你的关系会：对方能够回应：重要事项主动询问并尊重你的意见；允许拒绝和不同选择；照顾不会变成接管。,不得仅凭本规则推出某类人必然适合或不适合、婚姻必然成功、忠诚度、职业收入、外貌家庭、五行生肖匹配，或要求用户容忍伤害；现实安全、行为、反例与双方意愿优先。,中高,待验证,,fit_need_code=FN01; m3_module=EXPR; provisional=true; rule_group=BASE-M3接口,0.2
M5-BASE-133,FN01×M3-CARE｜支持交换适配接口,L3 M3正常功能接口,BASE-M3接口,通用,接口,FN01,M3-CARE,M3-CARE字段可靠，且比肩对应通道为主通道或有效次通道。,M3字段停止、仅有同源重复或现实行为强反例。,由共享基础引擎提供；只修正用户能否承载、表达和共同执行适配结构，不直接等同成熟度、道德或关系结果。,由M2提供；夫妻星和关系门槛只说明准入议题，不单独证明长期适配。,由M3-BASE与共享引擎提供；日支近位提高亲密关系相关性，但不得把日支直接写成配偶性格。,无／按本规则指定功能链或接口路由。,由共享基础引擎判定；近位提高直接相关性，远位仅作背景、阶段或条件性修正。,根气只修正该功能是否容易重复调用，不等于现实中已经形成成熟能力。,旺弱只修正调用强度与承载；强不自动适配，弱也不自动缺失。,喜忌只修正顺畅度、摩擦与平衡，不可直接翻译为好坏、理想伴侣或关系结果。,原十神性质有效；真合化成立时按化神功能替换，合化争议时停止定性。,近位提高进入亲密关系核心的概率；远位只保留背景、条件性或低置信修正。,82,FN01 +10 M3-CARE接口,support_exchange,付出、请求、接受与回馈需要形成可持续交换。把平等自主转成给予、请求、接受和回馈的双向支持。,在支持交换方面，更适合你的关系会：对方既能接收用户的支持，也会用用户可以接受的方式回馈。,不得仅凭本规则推出某类人必然适合或不适合、婚姻必然成功、忠诚度、职业收入、外貌家庭、五行生肖匹配，或要求用户容忍伤害；现实安全、行为、反例与双方意愿优先。,中高,待验证,,fit_need_code=FN01; m3_module=CARE; provisional=true; rule_group=BASE-M3接口,0.2
M5-BASE-134,FN01×M3-BOUND｜边界决定适配接口,L3 M3正常功能接口,BASE-M3接口,通用,接口,FN01,M3-BOUND,M3-BOUND字段可靠，且比肩对应通道为主通道或有效次通道。,M3字段停止、仅有同源重复或现实行为强反例。,由共享基础引擎提供；只修正用户能否承载、表达和共同执行适配结构，不直接等同成熟度、道德或关系结果。,由M2提供；夫妻星和关系门槛只说明准入议题，不单独证明长期适配。,由M3-BASE与共享引擎提供；日支近位提高亲密关系相关性，但不得把日支直接写成配偶性格。,无／按本规则指定功能链或接口路由。,由共享基础引擎判定；近位提高直接相关性，远位仅作背景、阶段或条件性修正。,根气只修正该功能是否容易重复调用，不等于现实中已经形成成熟能力。,旺弱只修正调用强度与承载；强不自动适配，弱也不自动缺失。,喜忌只修正顺畅度、摩擦与平衡，不可直接翻译为好坏、理想伴侣或关系结果。,原十神性质有效；真合化成立时按化神功能替换，合化争议时停止定性。,近位提高进入亲密关系核心的概率；远位只保留背景、条件性或低置信修正。,81,FN01 +10 M3-BOUND接口,boundary_decision_structure,靠近、空间、资源和决定权需要有清楚结构。为平等自主设置决定权、资源、靠近和空间边界。,在边界决定方面，更适合你的关系会：双方采用：IS01平等协商＋明确共同决定领域。,不得仅凭本规则推出某类人必然适合或不适合、婚姻必然成功、忠诚度、职业收入、外貌家庭、五行生肖匹配，或要求用户容忍伤害；现实安全、行为、反例与双方意愿优先。,中高,待验证,,fit_need_code=FN01; m3_module=BOUND; provisional=true; rule_group=BASE-M3接口,0.2
M5-BASE-135,FN01×M3-CONFLICT｜分歧处理适配接口,L3 M3正常功能接口,BASE-M3接口,通用,接口,FN01,M3-CONFLICT,M3-CONFLICT字段可靠，且比肩对应通道为主通道或有效次通道。,M3字段停止、仅有同源重复或现实行为强反例。,由共享基础引擎提供；只修正用户能否承载、表达和共同执行适配结构，不直接等同成熟度、道德或关系结果。,由M2提供；夫妻星和关系门槛只说明准入议题，不单独证明长期适配。,由M3-BASE与共享引擎提供；日支近位提高亲密关系相关性，但不得把日支直接写成配偶性格。,无／按本规则指定功能链或接口路由。,由共享基础引擎判定；近位提高直接相关性，远位仅作背景、阶段或条件性修正。,根气只修正该功能是否容易重复调用，不等于现实中已经形成成熟能力。,旺弱只修正调用强度与承载；强不自动适配，弱也不自动缺失。,喜忌只修正顺畅度、摩擦与平衡，不可直接翻译为好坏、理想伴侣或关系结果。,原十神性质有效；真合化成立时按化神功能替换，合化争议时停止定性。,近位提高进入亲密关系核心的概率；远位只保留背景、条件性或低置信修正。,80,FN01 +10 M3-CONFLICT接口,conflict_protocol,分歧时需要保留主通道价值，同时补足被延后的步骤。在分歧中保留平等自主的正常价值，同时防止机械对半、逐项比较或互不让步，不是真正的平等。,在分歧处理方面，更适合你的关系会：对方愿意在问题处理后回到反馈、责任或边界复核。,不得仅凭本规则推出某类人必然适合或不适合、婚姻必然成功、忠诚度、职业收入、外貌家庭、五行生肖匹配，或要求用户容忍伤害；现实安全、行为、反例与双方意愿优先。,中高,待验证,,fit_need_code=FN01; m3_module=CONFLICT; provisional=true; rule_group=BASE-M3接口,0.2
M5-BASE-136,FN02×M3-BASE｜关系运行底盘适配接口,L3 M3正常功能接口,BASE-M3接口,通用,接口,FN02,M3-BASE,M3-BASE字段可靠，且劫财对应通道为主通道或有效次通道。,M3字段停止、仅有同源重复或现实行为强反例。,由共享基础引擎提供；只修正用户能否承载、表达和共同执行适配结构，不直接等同成熟度、道德或关系结果。,由M2提供；夫妻星和关系门槛只说明准入议题，不单独证明长期适配。,由M3-BASE与共享引擎提供；日支近位提高亲密关系相关性，但不得把日支直接写成配偶性格。,无／按本规则指定功能链或接口路由。,由共享基础引擎判定；近位提高直接相关性，远位仅作背景、阶段或条件性修正。,根气只修正该功能是否容易重复调用，不等于现实中已经形成成熟能力。,旺弱只修正调用强度与承载；强不自动适配，弱也不自动缺失。,喜忌只修正顺畅度、摩擦与平衡，不可直接翻译为好坏、理想伴侣或关系结果。,原十神性质有效；真合化成立时按化神功能替换，合化争议时停止定性。,近位提高进入亲密关系核心的概率；远位只保留背景、条件性或低置信修正。,84,FN02 +10 M3-BASE接口,relationship_baseline,长期关系需要尊重用户最自然的关系运行主题。遇到事务时双方愿意一起参与、及时补位，并说清责任范围。,在关系运行底盘方面，更适合你的关系会：对方不会否定或压掉这项关系功能，而会与用户一起建立可执行范围。,不得仅凭本规则推出某类人必然适合或不适合、婚姻必然成功、忠诚度、职业收入、外貌家庭、五行生肖匹配，或要求用户容忍伤害；现实安全、行为、反例与双方意愿优先。,中高,待验证,,fit_need_code=FN02; m3_module=BASE; provisional=true; rule_group=BASE-M3接口,0.2
M5-BASE-137,FN02×M3-EXPR｜情感表达适配接口,L3 M3正常功能接口,BASE-M3接口,通用,接口,FN02,M3-EXPR,M3-EXPR字段可靠，且劫财对应通道为主通道或有效次通道。,M3字段停止、仅有同源重复或现实行为强反例。,由共享基础引擎提供；只修正用户能否承载、表达和共同执行适配结构，不直接等同成熟度、道德或关系结果。,由M2提供；夫妻星和关系门槛只说明准入议题，不单独证明长期适配。,由M3-BASE与共享引擎提供；日支近位提高亲密关系相关性，但不得把日支直接写成配偶性格。,无／按本规则指定功能链或接口路由。,由共享基础引擎判定；近位提高直接相关性，远位仅作背景、阶段或条件性修正。,根气只修正该功能是否容易重复调用，不等于现实中已经形成成熟能力。,旺弱只修正调用强度与承载；强不自动适配，弱也不自动缺失。,喜忌只修正顺畅度、摩擦与平衡，不可直接翻译为好坏、理想伴侣或关系结果。,原十神性质有效；真合化成立时按化神功能替换，合化争议时停止定性。,近位提高进入亲密关系核心的概率；远位只保留背景、条件性或低置信修正。,83,FN02 +10 M3-EXPR接口,communication_protocol,伴侣需要能够接收、回应并与用户形成双向表达。围绕共同行动建立可接收的表达、倾听和反馈。,在情感表达方面，更适合你的关系会：对方能够回应：愿意一起做事、快速回应和补位；行动前后说明资源、边界和后续责任。,不得仅凭本规则推出某类人必然适合或不适合、婚姻必然成功、忠诚度、职业收入、外貌家庭、五行生肖匹配，或要求用户容忍伤害；现实安全、行为、反例与双方意愿优先。,中高,待验证,,fit_need_code=FN02; m3_module=EXPR; provisional=true; rule_group=BASE-M3接口,0.2
M5-BASE-138,FN02×M3-CARE｜支持交换适配接口,L3 M3正常功能接口,BASE-M3接口,通用,接口,FN02,M3-CARE,M3-CARE字段可靠，且劫财对应通道为主通道或有效次通道。,M3字段停止、仅有同源重复或现实行为强反例。,由共享基础引擎提供；只修正用户能否承载、表达和共同执行适配结构，不直接等同成熟度、道德或关系结果。,由M2提供；夫妻星和关系门槛只说明准入议题，不单独证明长期适配。,由M3-BASE与共享引擎提供；日支近位提高亲密关系相关性，但不得把日支直接写成配偶性格。,无／按本规则指定功能链或接口路由。,由共享基础引擎判定；近位提高直接相关性，远位仅作背景、阶段或条件性修正。,根气只修正该功能是否容易重复调用，不等于现实中已经形成成熟能力。,旺弱只修正调用强度与承载；强不自动适配，弱也不自动缺失。,喜忌只修正顺畅度、摩擦与平衡，不可直接翻译为好坏、理想伴侣或关系结果。,原十神性质有效；真合化成立时按化神功能替换，合化争议时停止定性。,近位提高进入亲密关系核心的概率；远位只保留背景、条件性或低置信修正。,82,FN02 +10 M3-CARE接口,support_exchange,付出、请求、接受与回馈需要形成可持续交换。把共同行动转成给予、请求、接受和回馈的双向支持。,在支持交换方面，更适合你的关系会：对方既能接收用户的支持，也会用用户可以接受的方式回馈。,不得仅凭本规则推出某类人必然适合或不适合、婚姻必然成功、忠诚度、职业收入、外貌家庭、五行生肖匹配，或要求用户容忍伤害；现实安全、行为、反例与双方意愿优先。,中高,待验证,,fit_need_code=FN02; m3_module=CARE; provisional=true; rule_group=BASE-M3接口,0.2
M5-BASE-139,FN02×M3-BOUND｜边界决定适配接口,L3 M3正常功能接口,BASE-M3接口,通用,接口,FN02,M3-BOUND,M3-BOUND字段可靠，且劫财对应通道为主通道或有效次通道。,M3字段停止、仅有同源重复或现实行为强反例。,由共享基础引擎提供；只修正用户能否承载、表达和共同执行适配结构，不直接等同成熟度、道德或关系结果。,由M2提供；夫妻星和关系门槛只说明准入议题，不单独证明长期适配。,由M3-BASE与共享引擎提供；日支近位提高亲密关系相关性，但不得把日支直接写成配偶性格。,无／按本规则指定功能链或接口路由。,由共享基础引擎判定；近位提高直接相关性，远位仅作背景、阶段或条件性修正。,根气只修正该功能是否容易重复调用，不等于现实中已经形成成熟能力。,旺弱只修正调用强度与承载；强不自动适配，弱也不自动缺失。,喜忌只修正顺畅度、摩擦与平衡，不可直接翻译为好坏、理想伴侣或关系结果。,原十神性质有效；真合化成立时按化神功能替换，合化争议时停止定性。,近位提高进入亲密关系核心的概率；远位只保留背景、条件性或低置信修正。,81,FN02 +10 M3-BOUND接口,boundary_decision_structure,靠近、空间、资源和决定权需要有清楚结构。为共同行动设置决定权、资源、靠近和空间边界。,在边界决定方面，更适合你的关系会：双方采用：IS02清楚分工＋共同执行＋后续跟进。,不得仅凭本规则推出某类人必然适合或不适合、婚姻必然成功、忠诚度、职业收入、外貌家庭、五行生肖匹配，或要求用户容忍伤害；现实安全、行为、反例与双方意愿优先。,中高,待验证,,fit_need_code=FN02; m3_module=BOUND; provisional=true; rule_group=BASE-M3接口,0.2
M5-BASE-140,FN02×M3-CONFLICT｜分歧处理适配接口,L3 M3正常功能接口,BASE-M3接口,通用,接口,FN02,M3-CONFLICT,M3-CONFLICT字段可靠，且劫财对应通道为主通道或有效次通道。,M3字段停止、仅有同源重复或现实行为强反例。,由共享基础引擎提供；只修正用户能否承载、表达和共同执行适配结构，不直接等同成熟度、道德或关系结果。,由M2提供；夫妻星和关系门槛只说明准入议题，不单独证明长期适配。,由M3-BASE与共享引擎提供；日支近位提高亲密关系相关性，但不得把日支直接写成配偶性格。,无／按本规则指定功能链或接口路由。,由共享基础引擎判定；近位提高直接相关性，远位仅作背景、阶段或条件性修正。,根气只修正该功能是否容易重复调用，不等于现实中已经形成成熟能力。,旺弱只修正调用强度与承载；强不自动适配，弱也不自动缺失。,喜忌只修正顺畅度、摩擦与平衡，不可直接翻译为好坏、理想伴侣或关系结果。,原十神性质有效；真合化成立时按化神功能替换，合化争议时停止定性。,近位提高进入亲密关系核心的概率；远位只保留背景、条件性或低置信修正。,80,FN02 +10 M3-CONFLICT接口,conflict_protocol,分歧时需要保留主通道价值，同时补足被延后的步骤。在分歧中保留共同行动的正常价值，同时防止初期热烈参与、抢先包办或只在高压时出现，不等于稳定协作。,在分歧处理方面，更适合你的关系会：对方愿意在问题处理后回到反馈、责任或边界复核。,不得仅凭本规则推出某类人必然适合或不适合、婚姻必然成功、忠诚度、职业收入、外貌家庭、五行生肖匹配，或要求用户容忍伤害；现实安全、行为、反例与双方意愿优先。,中高,待验证,,fit_need_code=FN02; m3_module=CONFLICT; provisional=true; rule_group=BASE-M3接口,0.2
M5-BASE-141,FN03×M3-BASE｜关系运行底盘适配接口,L3 M3正常功能接口,BASE-M3接口,通用,接口,FN03,M3-BASE,M3-BASE字段可靠，且食神对应通道为主通道或有效次通道。,M3字段停止、仅有同源重复或现实行为强反例。,由共享基础引擎提供；只修正用户能否承载、表达和共同执行适配结构，不直接等同成熟度、道德或关系结果。,由M2提供；夫妻星和关系门槛只说明准入议题，不单独证明长期适配。,由M3-BASE与共享引擎提供；日支近位提高亲密关系相关性，但不得把日支直接写成配偶性格。,无／按本规则指定功能链或接口路由。,由共享基础引擎判定；近位提高直接相关性，远位仅作背景、阶段或条件性修正。,根气只修正该功能是否容易重复调用，不等于现实中已经形成成熟能力。,旺弱只修正调用强度与承载；强不自动适配，弱也不自动缺失。,喜忌只修正顺畅度、摩擦与平衡，不可直接翻译为好坏、理想伴侣或关系结果。,原十神性质有效；真合化成立时按化神功能替换，合化争议时停止定性。,近位提高进入亲密关系核心的概率；远位只保留背景、条件性或低置信修正。,84,FN03 +10 M3-BASE接口,relationship_baseline,长期关系需要尊重用户最自然的关系运行主题。日常相处有温度、低压力和稳定陪伴，同时不逃避重要问题。,在关系运行底盘方面，更适合你的关系会：对方不会否定或压掉这项关系功能，而会与用户一起建立可执行范围。,不得仅凭本规则推出某类人必然适合或不适合、婚姻必然成功、忠诚度、职业收入、外貌家庭、五行生肖匹配，或要求用户容忍伤害；现实安全、行为、反例与双方意愿优先。,中高,待验证,,fit_need_code=FN03; m3_module=BASE; provisional=true; rule_group=BASE-M3接口,0.2
M5-BASE-142,FN03×M3-EXPR｜情感表达适配接口,L3 M3正常功能接口,BASE-M3接口,通用,接口,FN03,M3-EXPR,M3-EXPR字段可靠，且食神对应通道为主通道或有效次通道。,M3字段停止、仅有同源重复或现实行为强反例。,由共享基础引擎提供；只修正用户能否承载、表达和共同执行适配结构，不直接等同成熟度、道德或关系结果。,由M2提供；夫妻星和关系门槛只说明准入议题，不单独证明长期适配。,由M3-BASE与共享引擎提供；日支近位提高亲密关系相关性，但不得把日支直接写成配偶性格。,无／按本规则指定功能链或接口路由。,由共享基础引擎判定；近位提高直接相关性，远位仅作背景、阶段或条件性修正。,根气只修正该功能是否容易重复调用，不等于现实中已经形成成熟能力。,旺弱只修正调用强度与承载；强不自动适配，弱也不自动缺失。,喜忌只修正顺畅度、摩擦与平衡，不可直接翻译为好坏、理想伴侣或关系结果。,原十神性质有效；真合化成立时按化神功能替换，合化争议时停止定性。,近位提高进入亲密关系核心的概率；远位只保留背景、条件性或低置信修正。,83,FN03 +10 M3-EXPR接口,communication_protocol,伴侣需要能够接收、回应并与用户形成双向表达。围绕舒适陪伴建立可接收的表达、倾听和反馈。,在情感表达方面，更适合你的关系会：对方能够回应：愿意陪伴、安抚和照顾生活感受；在情绪降低后主动回到关键议题。,不得仅凭本规则推出某类人必然适合或不适合、婚姻必然成功、忠诚度、职业收入、外貌家庭、五行生肖匹配，或要求用户容忍伤害；现实安全、行为、反例与双方意愿优先。,中高,待验证,,fit_need_code=FN03; m3_module=EXPR; provisional=true; rule_group=BASE-M3接口,0.2
M5-BASE-143,FN03×M3-CARE｜支持交换适配接口,L3 M3正常功能接口,BASE-M3接口,通用,接口,FN03,M3-CARE,M3-CARE字段可靠，且食神对应通道为主通道或有效次通道。,M3字段停止、仅有同源重复或现实行为强反例。,由共享基础引擎提供；只修正用户能否承载、表达和共同执行适配结构，不直接等同成熟度、道德或关系结果。,由M2提供；夫妻星和关系门槛只说明准入议题，不单独证明长期适配。,由M3-BASE与共享引擎提供；日支近位提高亲密关系相关性，但不得把日支直接写成配偶性格。,无／按本规则指定功能链或接口路由。,由共享基础引擎判定；近位提高直接相关性，远位仅作背景、阶段或条件性修正。,根气只修正该功能是否容易重复调用，不等于现实中已经形成成熟能力。,旺弱只修正调用强度与承载；强不自动适配，弱也不自动缺失。,喜忌只修正顺畅度、摩擦与平衡，不可直接翻译为好坏、理想伴侣或关系结果。,原十神性质有效；真合化成立时按化神功能替换，合化争议时停止定性。,近位提高进入亲密关系核心的概率；远位只保留背景、条件性或低置信修正。,82,FN03 +10 M3-CARE接口,support_exchange,付出、请求、接受与回馈需要形成可持续交换。把舒适陪伴转成给予、请求、接受和回馈的双向支持。,在支持交换方面，更适合你的关系会：对方既能接收用户的支持，也会用用户可以接受的方式回馈。,不得仅凭本规则推出某类人必然适合或不适合、婚姻必然成功、忠诚度、职业收入、外貌家庭、五行生肖匹配，或要求用户容忍伤害；现实安全、行为、反例与双方意愿优先。,中高,待验证,,fit_need_code=FN03; m3_module=CARE; provisional=true; rule_group=BASE-M3接口,0.2
M5-BASE-144,FN03×M3-BOUND｜边界决定适配接口,L3 M3正常功能接口,BASE-M3接口,通用,接口,FN03,M3-BOUND,M3-BOUND字段可靠，且食神对应通道为主通道或有效次通道。,M3字段停止、仅有同源重复或现实行为强反例。,由共享基础引擎提供；只修正用户能否承载、表达和共同执行适配结构，不直接等同成熟度、道德或关系结果。,由M2提供；夫妻星和关系门槛只说明准入议题，不单独证明长期适配。,由M3-BASE与共享引擎提供；日支近位提高亲密关系相关性，但不得把日支直接写成配偶性格。,无／按本规则指定功能链或接口路由。,由共享基础引擎判定；近位提高直接相关性，远位仅作背景、阶段或条件性修正。,根气只修正该功能是否容易重复调用，不等于现实中已经形成成熟能力。,旺弱只修正调用强度与承载；强不自动适配，弱也不自动缺失。,喜忌只修正顺畅度、摩擦与平衡，不可直接翻译为好坏、理想伴侣或关系结果。,原十神性质有效；真合化成立时按化神功能替换，合化争议时停止定性。,近位提高进入亲密关系核心的概率；远位只保留背景、条件性或低置信修正。,81,FN03 +10 M3-BOUND接口,boundary_decision_structure,靠近、空间、资源和决定权需要有清楚结构。为舒适陪伴设置决定权、资源、靠近和空间边界。,在边界决定方面，更适合你的关系会：双方采用：舒缓靠近＋明确回访点＋困难议题不失踪。,不得仅凭本规则推出某类人必然适合或不适合、婚姻必然成功、忠诚度、职业收入、外貌家庭、五行生肖匹配，或要求用户容忍伤害；现实安全、行为、反例与双方意愿优先。,中高,待验证,,fit_need_code=FN03; m3_module=BOUND; provisional=true; rule_group=BASE-M3接口,0.2
M5-BASE-145,FN03×M3-CONFLICT｜分歧处理适配接口,L3 M3正常功能接口,BASE-M3接口,通用,接口,FN03,M3-CONFLICT,M3-CONFLICT字段可靠，且食神对应通道为主通道或有效次通道。,M3字段停止、仅有同源重复或现实行为强反例。,由共享基础引擎提供；只修正用户能否承载、表达和共同执行适配结构，不直接等同成熟度、道德或关系结果。,由M2提供；夫妻星和关系门槛只说明准入议题，不单独证明长期适配。,由M3-BASE与共享引擎提供；日支近位提高亲密关系相关性，但不得把日支直接写成配偶性格。,无／按本规则指定功能链或接口路由。,由共享基础引擎判定；近位提高直接相关性，远位仅作背景、阶段或条件性修正。,根气只修正该功能是否容易重复调用，不等于现实中已经形成成熟能力。,旺弱只修正调用强度与承载；强不自动适配，弱也不自动缺失。,喜忌只修正顺畅度、摩擦与平衡，不可直接翻译为好坏、理想伴侣或关系结果。,原十神性质有效；真合化成立时按化神功能替换，合化争议时停止定性。,近位提高进入亲密关系核心的概率；远位只保留背景、条件性或低置信修正。,80,FN03 +10 M3-CONFLICT接口,conflict_protocol,分歧时需要保留主通道价值，同时补足被延后的步骤。在分歧中保留舒适陪伴的正常价值，同时防止只有舒服、吃喝玩乐和短期安抚，却长期延后问题，不构成长期适配。,在分歧处理方面，更适合你的关系会：对方愿意在问题处理后回到反馈、责任或边界复核。,不得仅凭本规则推出某类人必然适合或不适合、婚姻必然成功、忠诚度、职业收入、外貌家庭、五行生肖匹配，或要求用户容忍伤害；现实安全、行为、反例与双方意愿优先。,中高,待验证,,fit_need_code=FN03; m3_module=CONFLICT; provisional=true; rule_group=BASE-M3接口,0.2
M5-BASE-146,FN04×M3-BASE｜关系运行底盘适配接口,L3 M3正常功能接口,BASE-M3接口,通用,接口,FN04,M3-BASE,M3-BASE字段可靠，且伤官对应通道为主通道或有效次通道。,M3字段停止、仅有同源重复或现实行为强反例。,由共享基础引擎提供；只修正用户能否承载、表达和共同执行适配结构，不直接等同成熟度、道德或关系结果。,由M2提供；夫妻星和关系门槛只说明准入议题，不单独证明长期适配。,由M3-BASE与共享引擎提供；日支近位提高亲密关系相关性，但不得把日支直接写成配偶性格。,无／按本规则指定功能链或接口路由。,由共享基础引擎判定；近位提高直接相关性，远位仅作背景、阶段或条件性修正。,根气只修正该功能是否容易重复调用，不等于现实中已经形成成熟能力。,旺弱只修正调用强度与承载；强不自动适配，弱也不自动缺失。,喜忌只修正顺畅度、摩擦与平衡，不可直接翻译为好坏、理想伴侣或关系结果。,原十神性质有效；真合化成立时按化神功能替换，合化争议时停止定性。,近位提高进入亲密关系核心的概率；远位只保留背景、条件性或低置信修正。,84,FN04 +10 M3-BASE接口,relationship_baseline,长期关系需要尊重用户最自然的关系运行主题。双方能够说清、听懂、复述理解，并根据反馈调整。,在关系运行底盘方面，更适合你的关系会：对方不会否定或压掉这项关系功能，而会与用户一起建立可执行范围。,不得仅凭本规则推出某类人必然适合或不适合、婚姻必然成功、忠诚度、职业收入、外貌家庭、五行生肖匹配，或要求用户容忍伤害；现实安全、行为、反例与双方意愿优先。,中高,待验证,,fit_need_code=FN04; m3_module=BASE; provisional=true; rule_group=BASE-M3接口,0.2
M5-BASE-147,FN04×M3-EXPR｜情感表达适配接口,L3 M3正常功能接口,BASE-M3接口,通用,接口,FN04,M3-EXPR,M3-EXPR字段可靠，且伤官对应通道为主通道或有效次通道。,M3字段停止、仅有同源重复或现实行为强反例。,由共享基础引擎提供；只修正用户能否承载、表达和共同执行适配结构，不直接等同成熟度、道德或关系结果。,由M2提供；夫妻星和关系门槛只说明准入议题，不单独证明长期适配。,由M3-BASE与共享引擎提供；日支近位提高亲密关系相关性，但不得把日支直接写成配偶性格。,无／按本规则指定功能链或接口路由。,由共享基础引擎判定；近位提高直接相关性，远位仅作背景、阶段或条件性修正。,根气只修正该功能是否容易重复调用，不等于现实中已经形成成熟能力。,旺弱只修正调用强度与承载；强不自动适配，弱也不自动缺失。,喜忌只修正顺畅度、摩擦与平衡，不可直接翻译为好坏、理想伴侣或关系结果。,原十神性质有效；真合化成立时按化神功能替换，合化争议时停止定性。,近位提高进入亲密关系核心的概率；远位只保留背景、条件性或低置信修正。,83,FN04 +10 M3-EXPR接口,communication_protocol,伴侣需要能够接收、回应并与用户形成双向表达。围绕清晰反馈建立可接收的表达、倾听和反馈。,在情感表达方面，更适合你的关系会：对方能够回应：愿意表达事实、感受和观点；会复述自己理解了什么；不同意时能清楚说明并继续协商。,不得仅凭本规则推出某类人必然适合或不适合、婚姻必然成功、忠诚度、职业收入、外貌家庭、五行生肖匹配，或要求用户容忍伤害；现实安全、行为、反例与双方意愿优先。,中高,待验证,,fit_need_code=FN04; m3_module=EXPR; provisional=true; rule_group=BASE-M3接口,0.2
M5-BASE-148,FN04×M3-CARE｜支持交换适配接口,L3 M3正常功能接口,BASE-M3接口,通用,接口,FN04,M3-CARE,M3-CARE字段可靠，且伤官对应通道为主通道或有效次通道。,M3字段停止、仅有同源重复或现实行为强反例。,由共享基础引擎提供；只修正用户能否承载、表达和共同执行适配结构，不直接等同成熟度、道德或关系结果。,由M2提供；夫妻星和关系门槛只说明准入议题，不单独证明长期适配。,由M3-BASE与共享引擎提供；日支近位提高亲密关系相关性，但不得把日支直接写成配偶性格。,无／按本规则指定功能链或接口路由。,由共享基础引擎判定；近位提高直接相关性，远位仅作背景、阶段或条件性修正。,根气只修正该功能是否容易重复调用，不等于现实中已经形成成熟能力。,旺弱只修正调用强度与承载；强不自动适配，弱也不自动缺失。,喜忌只修正顺畅度、摩擦与平衡，不可直接翻译为好坏、理想伴侣或关系结果。,原十神性质有效；真合化成立时按化神功能替换，合化争议时停止定性。,近位提高进入亲密关系核心的概率；远位只保留背景、条件性或低置信修正。,82,FN04 +10 M3-CARE接口,support_exchange,付出、请求、接受与回馈需要形成可持续交换。把清晰反馈转成给予、请求、接受和回馈的双向支持。,在支持交换方面，更适合你的关系会：对方既能接收用户的支持，也会用用户可以接受的方式回馈。,不得仅凭本规则推出某类人必然适合或不适合、婚姻必然成功、忠诚度、职业收入、外貌家庭、五行生肖匹配，或要求用户容忍伤害；现实安全、行为、反例与双方意愿优先。,中高,待验证,,fit_need_code=FN04; m3_module=CARE; provisional=true; rule_group=BASE-M3接口,0.2
M5-BASE-149,FN04×M3-BOUND｜边界决定适配接口,L3 M3正常功能接口,BASE-M3接口,通用,接口,FN04,M3-BOUND,M3-BOUND字段可靠，且伤官对应通道为主通道或有效次通道。,M3字段停止、仅有同源重复或现实行为强反例。,由共享基础引擎提供；只修正用户能否承载、表达和共同执行适配结构，不直接等同成熟度、道德或关系结果。,由M2提供；夫妻星和关系门槛只说明准入议题，不单独证明长期适配。,由M3-BASE与共享引擎提供；日支近位提高亲密关系相关性，但不得把日支直接写成配偶性格。,无／按本规则指定功能链或接口路由。,由共享基础引擎判定；近位提高直接相关性，远位仅作背景、阶段或条件性修正。,根气只修正该功能是否容易重复调用，不等于现实中已经形成成熟能力。,旺弱只修正调用强度与承载；强不自动适配，弱也不自动缺失。,喜忌只修正顺畅度、摩擦与平衡，不可直接翻译为好坏、理想伴侣或关系结果。,原十神性质有效；真合化成立时按化神功能替换，合化争议时停止定性。,近位提高进入亲密关系核心的概率；远位只保留背景、条件性或低置信修正。,81,FN04 +10 M3-BOUND接口,boundary_decision_structure,靠近、空间、资源和决定权需要有清楚结构。为清晰反馈设置决定权、资源、靠近和空间边界。,在边界决定方面，更适合你的关系会：双方采用：IS03表达—倾听闭环＋IS04沟通—落实闭环。,不得仅凭本规则推出某类人必然适合或不适合、婚姻必然成功、忠诚度、职业收入、外貌家庭、五行生肖匹配，或要求用户容忍伤害；现实安全、行为、反例与双方意愿优先。,中高,待验证,,fit_need_code=FN04; m3_module=BOUND; provisional=true; rule_group=BASE-M3接口,0.2
M5-BASE-150,FN04×M3-CONFLICT｜分歧处理适配接口,L3 M3正常功能接口,BASE-M3接口,通用,接口,FN04,M3-CONFLICT,M3-CONFLICT字段可靠，且伤官对应通道为主通道或有效次通道。,M3字段停止、仅有同源重复或现实行为强反例。,由共享基础引擎提供；只修正用户能否承载、表达和共同执行适配结构，不直接等同成熟度、道德或关系结果。,由M2提供；夫妻星和关系门槛只说明准入议题，不单独证明长期适配。,由M3-BASE与共享引擎提供；日支近位提高亲密关系相关性，但不得把日支直接写成配偶性格。,无／按本规则指定功能链或接口路由。,由共享基础引擎判定；近位提高直接相关性，远位仅作背景、阶段或条件性修正。,根气只修正该功能是否容易重复调用，不等于现实中已经形成成熟能力。,旺弱只修正调用强度与承载；强不自动适配，弱也不自动缺失。,喜忌只修正顺畅度、摩擦与平衡，不可直接翻译为好坏、理想伴侣或关系结果。,原十神性质有效；真合化成立时按化神功能替换，合化争议时停止定性。,近位提高进入亲密关系核心的概率；远位只保留背景、条件性或低置信修正。,80,FN04 +10 M3-CONFLICT接口,conflict_protocol,分歧时需要保留主通道价值，同时补足被延后的步骤。在分歧中保留清晰反馈的正常价值，同时防止表达量大、逻辑强或辩论能力好，不等于真正接收反馈。,在分歧处理方面，更适合你的关系会：对方愿意在问题处理后回到反馈、责任或边界复核。,不得仅凭本规则推出某类人必然适合或不适合、婚姻必然成功、忠诚度、职业收入、外貌家庭、五行生肖匹配，或要求用户容忍伤害；现实安全、行为、反例与双方意愿优先。,中高,待验证,,fit_need_code=FN04; m3_module=CONFLICT; provisional=true; rule_group=BASE-M3接口,0.2
M5-BASE-151,FN05×M3-BASE｜关系运行底盘适配接口,L3 M3正常功能接口,BASE-M3接口,通用,接口,FN05,M3-BASE,M3-BASE字段可靠，且正财对应通道为主通道或有效次通道。,M3字段停止、仅有同源重复或现实行为强反例。,由共享基础引擎提供；只修正用户能否承载、表达和共同执行适配结构，不直接等同成熟度、道德或关系结果。,由M2提供；夫妻星和关系门槛只说明准入议题，不单独证明长期适配。,由M3-BASE与共享引擎提供；日支近位提高亲密关系相关性，但不得把日支直接写成配偶性格。,无／按本规则指定功能链或接口路由。,由共享基础引擎判定；近位提高直接相关性，远位仅作背景、阶段或条件性修正。,根气只修正该功能是否容易重复调用，不等于现实中已经形成成熟能力。,旺弱只修正调用强度与承载；强不自动适配，弱也不自动缺失。,喜忌只修正顺畅度、摩擦与平衡，不可直接翻译为好坏、理想伴侣或关系结果。,原十神性质有效；真合化成立时按化神功能替换，合化争议时停止定性。,近位提高进入亲密关系核心的概率；远位只保留背景、条件性或低置信修正。,84,FN05 +10 M3-BASE接口,relationship_baseline,长期关系需要尊重用户最自然的关系运行主题。时间、精力、生活安排和资源投入能够持续、可预期。,在关系运行底盘方面，更适合你的关系会：对方不会否定或压掉这项关系功能，而会与用户一起建立可执行范围。,不得仅凭本规则推出某类人必然适合或不适合、婚姻必然成功、忠诚度、职业收入、外貌家庭、五行生肖匹配，或要求用户容忍伤害；现实安全、行为、反例与双方意愿优先。,中高,待验证,,fit_need_code=FN05; m3_module=BASE; provisional=true; rule_group=BASE-M3接口,0.2
M5-BASE-152,FN05×M3-EXPR｜情感表达适配接口,L3 M3正常功能接口,BASE-M3接口,通用,接口,FN05,M3-EXPR,M3-EXPR字段可靠，且正财对应通道为主通道或有效次通道。,M3字段停止、仅有同源重复或现实行为强反例。,由共享基础引擎提供；只修正用户能否承载、表达和共同执行适配结构，不直接等同成熟度、道德或关系结果。,由M2提供；夫妻星和关系门槛只说明准入议题，不单独证明长期适配。,由M3-BASE与共享引擎提供；日支近位提高亲密关系相关性，但不得把日支直接写成配偶性格。,无／按本规则指定功能链或接口路由。,由共享基础引擎判定；近位提高直接相关性，远位仅作背景、阶段或条件性修正。,根气只修正该功能是否容易重复调用，不等于现实中已经形成成熟能力。,旺弱只修正调用强度与承载；强不自动适配，弱也不自动缺失。,喜忌只修正顺畅度、摩擦与平衡，不可直接翻译为好坏、理想伴侣或关系结果。,原十神性质有效；真合化成立时按化神功能替换，合化争议时停止定性。,近位提高进入亲密关系核心的概率；远位只保留背景、条件性或低置信修正。,83,FN05 +10 M3-EXPR接口,communication_protocol,伴侣需要能够接收、回应并与用户形成双向表达。围绕稳定经营建立可接收的表达、倾听和反馈。,在情感表达方面，更适合你的关系会：对方能够回应：持续安排见面、生活事务和资源；投入不只发生在情绪高点；愿意讨论分工和长期计划。,不得仅凭本规则推出某类人必然适合或不适合、婚姻必然成功、忠诚度、职业收入、外貌家庭、五行生肖匹配，或要求用户容忍伤害；现实安全、行为、反例与双方意愿优先。,中高,待验证,,fit_need_code=FN05; m3_module=EXPR; provisional=true; rule_group=BASE-M3接口,0.2
M5-BASE-153,FN05×M3-CARE｜支持交换适配接口,L3 M3正常功能接口,BASE-M3接口,通用,接口,FN05,M3-CARE,M3-CARE字段可靠，且正财对应通道为主通道或有效次通道。,M3字段停止、仅有同源重复或现实行为强反例。,由共享基础引擎提供；只修正用户能否承载、表达和共同执行适配结构，不直接等同成熟度、道德或关系结果。,由M2提供；夫妻星和关系门槛只说明准入议题，不单独证明长期适配。,由M3-BASE与共享引擎提供；日支近位提高亲密关系相关性，但不得把日支直接写成配偶性格。,无／按本规则指定功能链或接口路由。,由共享基础引擎判定；近位提高直接相关性，远位仅作背景、阶段或条件性修正。,根气只修正该功能是否容易重复调用，不等于现实中已经形成成熟能力。,旺弱只修正调用强度与承载；强不自动适配，弱也不自动缺失。,喜忌只修正顺畅度、摩擦与平衡，不可直接翻译为好坏、理想伴侣或关系结果。,原十神性质有效；真合化成立时按化神功能替换，合化争议时停止定性。,近位提高进入亲密关系核心的概率；远位只保留背景、条件性或低置信修正。,82,FN05 +10 M3-CARE接口,support_exchange,付出、请求、接受与回馈需要形成可持续交换。把稳定经营转成给予、请求、接受和回馈的双向支持。,在支持交换方面，更适合你的关系会：对方既能接收用户的支持，也会用用户可以接受的方式回馈。,不得仅凭本规则推出某类人必然适合或不适合、婚姻必然成功、忠诚度、职业收入、外貌家庭、五行生肖匹配，或要求用户容忍伤害；现实安全、行为、反例与双方意愿优先。,中高,待验证,,fit_need_code=FN05; m3_module=CARE; provisional=true; rule_group=BASE-M3接口,0.2
M5-BASE-154,FN05×M3-BOUND｜边界决定适配接口,L3 M3正常功能接口,BASE-M3接口,通用,接口,FN05,M3-BOUND,M3-BOUND字段可靠，且正财对应通道为主通道或有效次通道。,M3字段停止、仅有同源重复或现实行为强反例。,由共享基础引擎提供；只修正用户能否承载、表达和共同执行适配结构，不直接等同成熟度、道德或关系结果。,由M2提供；夫妻星和关系门槛只说明准入议题，不单独证明长期适配。,由M3-BASE与共享引擎提供；日支近位提高亲密关系相关性，但不得把日支直接写成配偶性格。,无／按本规则指定功能链或接口路由。,由共享基础引擎判定；近位提高直接相关性，远位仅作背景、阶段或条件性修正。,根气只修正该功能是否容易重复调用，不等于现实中已经形成成熟能力。,旺弱只修正调用强度与承载；强不自动适配，弱也不自动缺失。,喜忌只修正顺畅度、摩擦与平衡，不可直接翻译为好坏、理想伴侣或关系结果。,原十神性质有效；真合化成立时按化神功能替换，合化争议时停止定性。,近位提高进入亲密关系核心的概率；远位只保留背景、条件性或低置信修正。,81,FN05 +10 M3-BOUND接口,boundary_decision_structure,靠近、空间、资源和决定权需要有清楚结构。为稳定经营设置决定权、资源、靠近和空间边界。,在边界决定方面，更适合你的关系会：双方采用：IS04沟通—落实＋IS05投入—责任闭环。,不得仅凭本规则推出某类人必然适合或不适合、婚姻必然成功、忠诚度、职业收入、外貌家庭、五行生肖匹配，或要求用户容忍伤害；现实安全、行为、反例与双方意愿优先。,中高,待验证,,fit_need_code=FN05; m3_module=BOUND; provisional=true; rule_group=BASE-M3接口,0.2
M5-BASE-155,FN05×M3-CONFLICT｜分歧处理适配接口,L3 M3正常功能接口,BASE-M3接口,通用,接口,FN05,M3-CONFLICT,M3-CONFLICT字段可靠，且正财对应通道为主通道或有效次通道。,M3字段停止、仅有同源重复或现实行为强反例。,由共享基础引擎提供；只修正用户能否承载、表达和共同执行适配结构，不直接等同成熟度、道德或关系结果。,由M2提供；夫妻星和关系门槛只说明准入议题，不单独证明长期适配。,由M3-BASE与共享引擎提供；日支近位提高亲密关系相关性，但不得把日支直接写成配偶性格。,无／按本规则指定功能链或接口路由。,由共享基础引擎判定；近位提高直接相关性，远位仅作背景、阶段或条件性修正。,根气只修正该功能是否容易重复调用，不等于现实中已经形成成熟能力。,旺弱只修正调用强度与承载；强不自动适配，弱也不自动缺失。,喜忌只修正顺畅度、摩擦与平衡，不可直接翻译为好坏、理想伴侣或关系结果。,原十神性质有效；真合化成立时按化神功能替换，合化争议时停止定性。,近位提高进入亲密关系核心的概率；远位只保留背景、条件性或低置信修正。,80,FN05 +10 M3-CONFLICT接口,conflict_protocol,分歧时需要保留主通道价值，同时补足被延后的步骤。在分歧中保留稳定经营的正常价值，同时防止花钱、做事多或短期投入大，不等于承诺、边界和情绪回应都成熟。,在分歧处理方面，更适合你的关系会：对方愿意在问题处理后回到反馈、责任或边界复核。,不得仅凭本规则推出某类人必然适合或不适合、婚姻必然成功、忠诚度、职业收入、外貌家庭、五行生肖匹配，或要求用户容忍伤害；现实安全、行为、反例与双方意愿优先。,中高,待验证,,fit_need_code=FN05; m3_module=CONFLICT; provisional=true; rule_group=BASE-M3接口,0.2
M5-BASE-156,FN06×M3-BASE｜关系运行底盘适配接口,L3 M3正常功能接口,BASE-M3接口,通用,接口,FN06,M3-BASE,M3-BASE字段可靠，且偏财对应通道为主通道或有效次通道。,M3字段停止、仅有同源重复或现实行为强反例。,由共享基础引擎提供；只修正用户能否承载、表达和共同执行适配结构，不直接等同成熟度、道德或关系结果。,由M2提供；夫妻星和关系门槛只说明准入议题，不单独证明长期适配。,由M3-BASE与共享引擎提供；日支近位提高亲密关系相关性，但不得把日支直接写成配偶性格。,无／按本规则指定功能链或接口路由。,由共享基础引擎判定；近位提高直接相关性，远位仅作背景、阶段或条件性修正。,根气只修正该功能是否容易重复调用，不等于现实中已经形成成熟能力。,旺弱只修正调用强度与承载；强不自动适配，弱也不自动缺失。,喜忌只修正顺畅度、摩擦与平衡，不可直接翻译为好坏、理想伴侣或关系结果。,原十神性质有效；真合化成立时按化神功能替换，合化争议时停止定性。,近位提高进入亲密关系核心的概率；远位只保留背景、条件性或低置信修正。,84,FN06 +10 M3-BASE接口,relationship_baseline,长期关系需要尊重用户最自然的关系运行主题。关系保有活力、灵活回应和共同体验，同时能转成稳定现实安排。,在关系运行底盘方面，更适合你的关系会：对方不会否定或压掉这项关系功能，而会与用户一起建立可执行范围。,不得仅凭本规则推出某类人必然适合或不适合、婚姻必然成功、忠诚度、职业收入、外貌家庭、五行生肖匹配，或要求用户容忍伤害；现实安全、行为、反例与双方意愿优先。,中高,待验证,,fit_need_code=FN06; m3_module=BASE; provisional=true; rule_group=BASE-M3接口,0.2
M5-BASE-157,FN06×M3-EXPR｜情感表达适配接口,L3 M3正常功能接口,BASE-M3接口,通用,接口,FN06,M3-EXPR,M3-EXPR字段可靠，且偏财对应通道为主通道或有效次通道。,M3字段停止、仅有同源重复或现实行为强反例。,由共享基础引擎提供；只修正用户能否承载、表达和共同执行适配结构，不直接等同成熟度、道德或关系结果。,由M2提供；夫妻星和关系门槛只说明准入议题，不单独证明长期适配。,由M3-BASE与共享引擎提供；日支近位提高亲密关系相关性，但不得把日支直接写成配偶性格。,无／按本规则指定功能链或接口路由。,由共享基础引擎判定；近位提高直接相关性，远位仅作背景、阶段或条件性修正。,根气只修正该功能是否容易重复调用，不等于现实中已经形成成熟能力。,旺弱只修正调用强度与承载；强不自动适配，弱也不自动缺失。,喜忌只修正顺畅度、摩擦与平衡，不可直接翻译为好坏、理想伴侣或关系结果。,原十神性质有效；真合化成立时按化神功能替换，合化争议时停止定性。,近位提高进入亲密关系核心的概率；远位只保留背景、条件性或低置信修正。,83,FN06 +10 M3-EXPR接口,communication_protocol,伴侣需要能够接收、回应并与用户形成双向表达。围绕弹性体验建立可接收的表达、倾听和反馈。,在情感表达方面，更适合你的关系会：对方能够回应：愿意创造共同体验、灵活调整方案；体验之后能继续投入并形成下一步安排。,不得仅凭本规则推出某类人必然适合或不适合、婚姻必然成功、忠诚度、职业收入、外貌家庭、五行生肖匹配，或要求用户容忍伤害；现实安全、行为、反例与双方意愿优先。,中高,待验证,,fit_need_code=FN06; m3_module=EXPR; provisional=true; rule_group=BASE-M3接口,0.2
M5-BASE-158,FN06×M3-CARE｜支持交换适配接口,L3 M3正常功能接口,BASE-M3接口,通用,接口,FN06,M3-CARE,M3-CARE字段可靠，且偏财对应通道为主通道或有效次通道。,M3字段停止、仅有同源重复或现实行为强反例。,由共享基础引擎提供；只修正用户能否承载、表达和共同执行适配结构，不直接等同成熟度、道德或关系结果。,由M2提供；夫妻星和关系门槛只说明准入议题，不单独证明长期适配。,由M3-BASE与共享引擎提供；日支近位提高亲密关系相关性，但不得把日支直接写成配偶性格。,无／按本规则指定功能链或接口路由。,由共享基础引擎判定；近位提高直接相关性，远位仅作背景、阶段或条件性修正。,根气只修正该功能是否容易重复调用，不等于现实中已经形成成熟能力。,旺弱只修正调用强度与承载；强不自动适配，弱也不自动缺失。,喜忌只修正顺畅度、摩擦与平衡，不可直接翻译为好坏、理想伴侣或关系结果。,原十神性质有效；真合化成立时按化神功能替换，合化争议时停止定性。,近位提高进入亲密关系核心的概率；远位只保留背景、条件性或低置信修正。,82,FN06 +10 M3-CARE接口,support_exchange,付出、请求、接受与回馈需要形成可持续交换。把弹性体验转成给予、请求、接受和回馈的双向支持。,在支持交换方面，更适合你的关系会：对方既能接收用户的支持，也会用用户可以接受的方式回馈。,不得仅凭本规则推出某类人必然适合或不适合、婚姻必然成功、忠诚度、职业收入、外貌家庭、五行生肖匹配，或要求用户容忍伤害；现实安全、行为、反例与双方意愿优先。,中高,待验证,,fit_need_code=FN06; m3_module=CARE; provisional=true; rule_group=BASE-M3接口,0.2
M5-BASE-159,FN06×M3-BOUND｜边界决定适配接口,L3 M3正常功能接口,BASE-M3接口,通用,接口,FN06,M3-BOUND,M3-BOUND字段可靠，且偏财对应通道为主通道或有效次通道。,M3字段停止、仅有同源重复或现实行为强反例。,由共享基础引擎提供；只修正用户能否承载、表达和共同执行适配结构，不直接等同成熟度、道德或关系结果。,由M2提供；夫妻星和关系门槛只说明准入议题，不单独证明长期适配。,由M3-BASE与共享引擎提供；日支近位提高亲密关系相关性，但不得把日支直接写成配偶性格。,无／按本规则指定功能链或接口路由。,由共享基础引擎判定；近位提高直接相关性，远位仅作背景、阶段或条件性修正。,根气只修正该功能是否容易重复调用，不等于现实中已经形成成熟能力。,旺弱只修正调用强度与承载；强不自动适配，弱也不自动缺失。,喜忌只修正顺畅度、摩擦与平衡，不可直接翻译为好坏、理想伴侣或关系结果。,原十神性质有效；真合化成立时按化神功能替换，合化争议时停止定性。,近位提高进入亲密关系核心的概率；远位只保留背景、条件性或低置信修正。,81,FN06 +10 M3-BOUND接口,boundary_decision_structure,靠近、空间、资源和决定权需要有清楚结构。为弹性体验设置决定权、资源、靠近和空间边界。,在边界决定方面，更适合你的关系会：双方采用：体验联结＋现实落地＋持续性复核。,不得仅凭本规则推出某类人必然适合或不适合、婚姻必然成功、忠诚度、职业收入、外貌家庭、五行生肖匹配，或要求用户容忍伤害；现实安全、行为、反例与双方意愿优先。,中高,待验证,,fit_need_code=FN06; m3_module=BOUND; provisional=true; rule_group=BASE-M3接口,0.2
M5-BASE-160,FN06×M3-CONFLICT｜分歧处理适配接口,L3 M3正常功能接口,BASE-M3接口,通用,接口,FN06,M3-CONFLICT,M3-CONFLICT字段可靠，且偏财对应通道为主通道或有效次通道。,M3字段停止、仅有同源重复或现实行为强反例。,由共享基础引擎提供；只修正用户能否承载、表达和共同执行适配结构，不直接等同成熟度、道德或关系结果。,由M2提供；夫妻星和关系门槛只说明准入议题，不单独证明长期适配。,由M3-BASE与共享引擎提供；日支近位提高亲密关系相关性，但不得把日支直接写成配偶性格。,无／按本规则指定功能链或接口路由。,由共享基础引擎判定；近位提高直接相关性，远位仅作背景、阶段或条件性修正。,根气只修正该功能是否容易重复调用，不等于现实中已经形成成熟能力。,旺弱只修正调用强度与承载；强不自动适配，弱也不自动缺失。,喜忌只修正顺畅度、摩擦与平衡，不可直接翻译为好坏、理想伴侣或关系结果。,原十神性质有效；真合化成立时按化神功能替换，合化争议时停止定性。,近位提高进入亲密关系核心的概率；远位只保留背景、条件性或低置信修正。,80,FN06 +10 M3-CONFLICT接口,conflict_protocol,分歧时需要保留主通道价值，同时补足被延后的步骤。在分歧中保留弹性体验的正常价值，同时防止魅力、新鲜、高光时刻和社交能力不能遮蔽现实连续性。,在分歧处理方面，更适合你的关系会：对方愿意在问题处理后回到反馈、责任或边界复核。,不得仅凭本规则推出某类人必然适合或不适合、婚姻必然成功、忠诚度、职业收入、外貌家庭、五行生肖匹配，或要求用户容忍伤害；现实安全、行为、反例与双方意愿优先。,中高,待验证,,fit_need_code=FN06; m3_module=CONFLICT; provisional=true; rule_group=BASE-M3接口,0.2
M5-BASE-161,FN07×M3-BASE｜关系运行底盘适配接口,L3 M3正常功能接口,BASE-M3接口,通用,接口,FN07,M3-BASE,M3-BASE字段可靠，且正官对应通道为主通道或有效次通道。,M3字段停止、仅有同源重复或现实行为强反例。,由共享基础引擎提供；只修正用户能否承载、表达和共同执行适配结构，不直接等同成熟度、道德或关系结果。,由M2提供；夫妻星和关系门槛只说明准入议题，不单独证明长期适配。,由M3-BASE与共享引擎提供；日支近位提高亲密关系相关性，但不得把日支直接写成配偶性格。,无／按本规则指定功能链或接口路由。,由共享基础引擎判定；近位提高直接相关性，远位仅作背景、阶段或条件性修正。,根气只修正该功能是否容易重复调用，不等于现实中已经形成成熟能力。,旺弱只修正调用强度与承载；强不自动适配，弱也不自动缺失。,喜忌只修正顺畅度、摩擦与平衡，不可直接翻译为好坏、理想伴侣或关系结果。,原十神性质有效；真合化成立时按化神功能替换，合化争议时停止定性。,近位提高进入亲密关系核心的概率；远位只保留背景、条件性或低置信修正。,84,FN07 +10 M3-BASE接口,relationship_baseline,长期关系需要尊重用户最自然的关系运行主题。承诺、角色、规则和责任清楚，变化时提前说明并承担。,在关系运行底盘方面，更适合你的关系会：对方不会否定或压掉这项关系功能，而会与用户一起建立可执行范围。,不得仅凭本规则推出某类人必然适合或不适合、婚姻必然成功、忠诚度、职业收入、外貌家庭、五行生肖匹配，或要求用户容忍伤害；现实安全、行为、反例与双方意愿优先。,中高,待验证,,fit_need_code=FN07; m3_module=BASE; provisional=true; rule_group=BASE-M3接口,0.2
M5-BASE-162,FN07×M3-EXPR｜情感表达适配接口,L3 M3正常功能接口,BASE-M3接口,通用,接口,FN07,M3-EXPR,M3-EXPR字段可靠，且正官对应通道为主通道或有效次通道。,M3字段停止、仅有同源重复或现实行为强反例。,由共享基础引擎提供；只修正用户能否承载、表达和共同执行适配结构，不直接等同成熟度、道德或关系结果。,由M2提供；夫妻星和关系门槛只说明准入议题，不单独证明长期适配。,由M3-BASE与共享引擎提供；日支近位提高亲密关系相关性，但不得把日支直接写成配偶性格。,无／按本规则指定功能链或接口路由。,由共享基础引擎判定；近位提高直接相关性，远位仅作背景、阶段或条件性修正。,根气只修正该功能是否容易重复调用，不等于现实中已经形成成熟能力。,旺弱只修正调用强度与承载；强不自动适配，弱也不自动缺失。,喜忌只修正顺畅度、摩擦与平衡，不可直接翻译为好坏、理想伴侣或关系结果。,原十神性质有效；真合化成立时按化神功能替换，合化争议时停止定性。,近位提高进入亲密关系核心的概率；远位只保留背景、条件性或低置信修正。,83,FN07 +10 M3-EXPR接口,communication_protocol,伴侣需要能够接收、回应并与用户形成双向表达。围绕责任秩序建立可接收的表达、倾听和反馈。,在情感表达方面，更适合你的关系会：对方能够回应：明确关系和分工；守约；计划变化时及时说明；愿意根据双方反馈重订规则。,不得仅凭本规则推出某类人必然适合或不适合、婚姻必然成功、忠诚度、职业收入、外貌家庭、五行生肖匹配，或要求用户容忍伤害；现实安全、行为、反例与双方意愿优先。,中高,待验证,,fit_need_code=FN07; m3_module=EXPR; provisional=true; rule_group=BASE-M3接口,0.2
M5-BASE-163,FN07×M3-CARE｜支持交换适配接口,L3 M3正常功能接口,BASE-M3接口,通用,接口,FN07,M3-CARE,M3-CARE字段可靠，且正官对应通道为主通道或有效次通道。,M3字段停止、仅有同源重复或现实行为强反例。,由共享基础引擎提供；只修正用户能否承载、表达和共同执行适配结构，不直接等同成熟度、道德或关系结果。,由M2提供；夫妻星和关系门槛只说明准入议题，不单独证明长期适配。,由M3-BASE与共享引擎提供；日支近位提高亲密关系相关性，但不得把日支直接写成配偶性格。,无／按本规则指定功能链或接口路由。,由共享基础引擎判定；近位提高直接相关性，远位仅作背景、阶段或条件性修正。,根气只修正该功能是否容易重复调用，不等于现实中已经形成成熟能力。,旺弱只修正调用强度与承载；强不自动适配，弱也不自动缺失。,喜忌只修正顺畅度、摩擦与平衡，不可直接翻译为好坏、理想伴侣或关系结果。,原十神性质有效；真合化成立时按化神功能替换，合化争议时停止定性。,近位提高进入亲密关系核心的概率；远位只保留背景、条件性或低置信修正。,82,FN07 +10 M3-CARE接口,support_exchange,付出、请求、接受与回馈需要形成可持续交换。把责任秩序转成给予、请求、接受和回馈的双向支持。,在支持交换方面，更适合你的关系会：对方既能接收用户的支持，也会用用户可以接受的方式回馈。,不得仅凭本规则推出某类人必然适合或不适合、婚姻必然成功、忠诚度、职业收入、外貌家庭、五行生肖匹配，或要求用户容忍伤害；现实安全、行为、反例与双方意愿优先。,中高,待验证,,fit_need_code=FN07; m3_module=CARE; provisional=true; rule_group=BASE-M3接口,0.2
M5-BASE-164,FN07×M3-BOUND｜边界决定适配接口,L3 M3正常功能接口,BASE-M3接口,通用,接口,FN07,M3-BOUND,M3-BOUND字段可靠，且正官对应通道为主通道或有效次通道。,M3字段停止、仅有同源重复或现实行为强反例。,由共享基础引擎提供；只修正用户能否承载、表达和共同执行适配结构，不直接等同成熟度、道德或关系结果。,由M2提供；夫妻星和关系门槛只说明准入议题，不单独证明长期适配。,由M3-BASE与共享引擎提供；日支近位提高亲密关系相关性，但不得把日支直接写成配偶性格。,无／按本规则指定功能链或接口路由。,由共享基础引擎判定；近位提高直接相关性，远位仅作背景、阶段或条件性修正。,根气只修正该功能是否容易重复调用，不等于现实中已经形成成熟能力。,旺弱只修正调用强度与承载；强不自动适配，弱也不自动缺失。,喜忌只修正顺畅度、摩擦与平衡，不可直接翻译为好坏、理想伴侣或关系结果。,原十神性质有效；真合化成立时按化神功能替换，合化争议时停止定性。,近位提高进入亲密关系核心的概率；远位只保留背景、条件性或低置信修正。,81,FN07 +10 M3-BOUND接口,boundary_decision_structure,靠近、空间、资源和决定权需要有清楚结构。为责任秩序设置决定权、资源、靠近和空间边界。,在边界决定方面，更适合你的关系会：双方采用：IS05投入—责任＋共同规则＋定期复核。,不得仅凭本规则推出某类人必然适合或不适合、婚姻必然成功、忠诚度、职业收入、外貌家庭、五行生肖匹配，或要求用户容忍伤害；现实安全、行为、反例与双方意愿优先。,中高,待验证,,fit_need_code=FN07; m3_module=BOUND; provisional=true; rule_group=BASE-M3接口,0.2
M5-BASE-165,FN07×M3-CONFLICT｜分歧处理适配接口,L3 M3正常功能接口,BASE-M3接口,通用,接口,FN07,M3-CONFLICT,M3-CONFLICT字段可靠，且正官对应通道为主通道或有效次通道。,M3字段停止、仅有同源重复或现实行为强反例。,由共享基础引擎提供；只修正用户能否承载、表达和共同执行适配结构，不直接等同成熟度、道德或关系结果。,由M2提供；夫妻星和关系门槛只说明准入议题，不单独证明长期适配。,由M3-BASE与共享引擎提供；日支近位提高亲密关系相关性，但不得把日支直接写成配偶性格。,无／按本规则指定功能链或接口路由。,由共享基础引擎判定；近位提高直接相关性，远位仅作背景、阶段或条件性修正。,根气只修正该功能是否容易重复调用，不等于现实中已经形成成熟能力。,旺弱只修正调用强度与承载；强不自动适配，弱也不自动缺失。,喜忌只修正顺畅度、摩擦与平衡，不可直接翻译为好坏、理想伴侣或关系结果。,原十神性质有效；真合化成立时按化神功能替换，合化争议时停止定性。,近位提高进入亲密关系核心的概率；远位只保留背景、条件性或低置信修正。,80,FN07 +10 M3-CONFLICT接口,conflict_protocol,分歧时需要保留主通道价值，同时补足被延后的步骤。在分歧中保留责任秩序的正常价值，同时防止身份体面、标准明确或规则很多，不等于现实守约和共同协商。,在分歧处理方面，更适合你的关系会：对方愿意在问题处理后回到反馈、责任或边界复核。,不得仅凭本规则推出某类人必然适合或不适合、婚姻必然成功、忠诚度、职业收入、外貌家庭、五行生肖匹配，或要求用户容忍伤害；现实安全、行为、反例与双方意愿优先。,中高,待验证,,fit_need_code=FN07; m3_module=CONFLICT; provisional=true; rule_group=BASE-M3接口,0.2
M5-BASE-166,FN08×M3-BASE｜关系运行底盘适配接口,L3 M3正常功能接口,BASE-M3接口,通用,接口,FN08,M3-BASE,M3-BASE字段可靠，且七杀对应通道为主通道或有效次通道。,M3字段停止、仅有同源重复或现实行为强反例。,由共享基础引擎提供；只修正用户能否承载、表达和共同执行适配结构，不直接等同成熟度、道德或关系结果。,由M2提供；夫妻星和关系门槛只说明准入议题，不单独证明长期适配。,由M3-BASE与共享引擎提供；日支近位提高亲密关系相关性，但不得把日支直接写成配偶性格。,无／按本规则指定功能链或接口路由。,由共享基础引擎判定；近位提高直接相关性，远位仅作背景、阶段或条件性修正。,根气只修正该功能是否容易重复调用，不等于现实中已经形成成熟能力。,旺弱只修正调用强度与承载；强不自动适配，弱也不自动缺失。,喜忌只修正顺畅度、摩擦与平衡，不可直接翻译为好坏、理想伴侣或关系结果。,原十神性质有效；真合化成立时按化神功能替换，合化争议时停止定性。,近位提高进入亲密关系核心的概率；远位只保留背景、条件性或低置信修正。,84,FN08 +10 M3-BASE接口,relationship_baseline,长期关系需要尊重用户最自然的关系运行主题。关键时刻有人敢处理、止损和承担，但不会越过共同决定。,在关系运行底盘方面，更适合你的关系会：对方不会否定或压掉这项关系功能，而会与用户一起建立可执行范围。,不得仅凭本规则推出某类人必然适合或不适合、婚姻必然成功、忠诚度、职业收入、外貌家庭、五行生肖匹配，或要求用户容忍伤害；现实安全、行为、反例与双方意愿优先。,中高,待验证,,fit_need_code=FN08; m3_module=BASE; provisional=true; rule_group=BASE-M3接口,0.2
M5-BASE-167,FN08×M3-EXPR｜情感表达适配接口,L3 M3正常功能接口,BASE-M3接口,通用,接口,FN08,M3-EXPR,M3-EXPR字段可靠，且七杀对应通道为主通道或有效次通道。,M3字段停止、仅有同源重复或现实行为强反例。,由共享基础引擎提供；只修正用户能否承载、表达和共同执行适配结构，不直接等同成熟度、道德或关系结果。,由M2提供；夫妻星和关系门槛只说明准入议题，不单独证明长期适配。,由M3-BASE与共享引擎提供；日支近位提高亲密关系相关性，但不得把日支直接写成配偶性格。,无／按本规则指定功能链或接口路由。,由共享基础引擎判定；近位提高直接相关性，远位仅作背景、阶段或条件性修正。,根气只修正该功能是否容易重复调用，不等于现实中已经形成成熟能力。,旺弱只修正调用强度与承载；强不自动适配，弱也不自动缺失。,喜忌只修正顺畅度、摩擦与平衡，不可直接翻译为好坏、理想伴侣或关系结果。,原十神性质有效；真合化成立时按化神功能替换，合化争议时停止定性。,近位提高进入亲密关系核心的概率；远位只保留背景、条件性或低置信修正。,83,FN08 +10 M3-EXPR接口,communication_protocol,伴侣需要能够接收、回应并与用户形成双向表达。围绕决断保护建立可接收的表达、倾听和反馈。,在情感表达方面，更适合你的关系会：对方能够回应：高压时能迅速处理问题；行动前后询问你的意愿；事后复盘影响并恢复你的参与权。,不得仅凭本规则推出某类人必然适合或不适合、婚姻必然成功、忠诚度、职业收入、外貌家庭、五行生肖匹配，或要求用户容忍伤害；现实安全、行为、反例与双方意愿优先。,中高,待验证,,fit_need_code=FN08; m3_module=EXPR; provisional=true; rule_group=BASE-M3接口,0.2
M5-BASE-168,FN08×M3-CARE｜支持交换适配接口,L3 M3正常功能接口,BASE-M3接口,通用,接口,FN08,M3-CARE,M3-CARE字段可靠，且七杀对应通道为主通道或有效次通道。,M3字段停止、仅有同源重复或现实行为强反例。,由共享基础引擎提供；只修正用户能否承载、表达和共同执行适配结构，不直接等同成熟度、道德或关系结果。,由M2提供；夫妻星和关系门槛只说明准入议题，不单独证明长期适配。,由M3-BASE与共享引擎提供；日支近位提高亲密关系相关性，但不得把日支直接写成配偶性格。,无／按本规则指定功能链或接口路由。,由共享基础引擎判定；近位提高直接相关性，远位仅作背景、阶段或条件性修正。,根气只修正该功能是否容易重复调用，不等于现实中已经形成成熟能力。,旺弱只修正调用强度与承载；强不自动适配，弱也不自动缺失。,喜忌只修正顺畅度、摩擦与平衡，不可直接翻译为好坏、理想伴侣或关系结果。,原十神性质有效；真合化成立时按化神功能替换，合化争议时停止定性。,近位提高进入亲密关系核心的概率；远位只保留背景、条件性或低置信修正。,82,FN08 +10 M3-CARE接口,support_exchange,付出、请求、接受与回馈需要形成可持续交换。把决断保护转成给予、请求、接受和回馈的双向支持。,在支持交换方面，更适合你的关系会：对方既能接收用户的支持，也会用用户可以接受的方式回馈。,不得仅凭本规则推出某类人必然适合或不适合、婚姻必然成功、忠诚度、职业收入、外貌家庭、五行生肖匹配，或要求用户容忍伤害；现实安全、行为、反例与双方意愿优先。,中高,待验证,,fit_need_code=FN08; m3_module=CARE; provisional=true; rule_group=BASE-M3接口,0.2
M5-BASE-169,FN08×M3-BOUND｜边界决定适配接口,L3 M3正常功能接口,BASE-M3接口,通用,接口,FN08,M3-BOUND,M3-BOUND字段可靠，且七杀对应通道为主通道或有效次通道。,M3字段停止、仅有同源重复或现实行为强反例。,由共享基础引擎提供；只修正用户能否承载、表达和共同执行适配结构，不直接等同成熟度、道德或关系结果。,由M2提供；夫妻星和关系门槛只说明准入议题，不单独证明长期适配。,由M3-BASE与共享引擎提供；日支近位提高亲密关系相关性，但不得把日支直接写成配偶性格。,无／按本规则指定功能链或接口路由。,由共享基础引擎判定；近位提高直接相关性，远位仅作背景、阶段或条件性修正。,根气只修正该功能是否容易重复调用，不等于现实中已经形成成熟能力。,旺弱只修正调用强度与承载；强不自动适配，弱也不自动缺失。,喜忌只修正顺畅度、摩擦与平衡，不可直接翻译为好坏、理想伴侣或关系结果。,原十神性质有效；真合化成立时按化神功能替换，合化争议时停止定性。,近位提高进入亲密关系核心的概率；远位只保留背景、条件性或低置信修正。,81,FN08 +10 M3-BOUND接口,boundary_decision_structure,靠近、空间、资源和决定权需要有清楚结构。为决断保护设置决定权、资源、靠近和空间边界。,在边界决定方面，更适合你的关系会：双方采用：IS06行动—反馈＋IS09任务—情绪双轨。,不得仅凭本规则推出某类人必然适合或不适合、婚姻必然成功、忠诚度、职业收入、外貌家庭、五行生肖匹配，或要求用户容忍伤害；现实安全、行为、反例与双方意愿优先。,中高,待验证,,fit_need_code=FN08; m3_module=BOUND; provisional=true; rule_group=BASE-M3接口,0.2
M5-BASE-170,FN08×M3-CONFLICT｜分歧处理适配接口,L3 M3正常功能接口,BASE-M3接口,通用,接口,FN08,M3-CONFLICT,M3-CONFLICT字段可靠，且七杀对应通道为主通道或有效次通道。,M3字段停止、仅有同源重复或现实行为强反例。,由共享基础引擎提供；只修正用户能否承载、表达和共同执行适配结构，不直接等同成熟度、道德或关系结果。,由M2提供；夫妻星和关系门槛只说明准入议题，不单独证明长期适配。,由M3-BASE与共享引擎提供；日支近位提高亲密关系相关性，但不得把日支直接写成配偶性格。,无／按本规则指定功能链或接口路由。,由共享基础引擎判定；近位提高直接相关性，远位仅作背景、阶段或条件性修正。,根气只修正该功能是否容易重复调用，不等于现实中已经形成成熟能力。,旺弱只修正调用强度与承载；强不自动适配，弱也不自动缺失。,喜忌只修正顺畅度、摩擦与平衡，不可直接翻译为好坏、理想伴侣或关系结果。,原十神性质有效；真合化成立时按化神功能替换，合化争议时停止定性。,近位提高进入亲密关系核心的概率；远位只保留背景、条件性或低置信修正。,80,FN08 +10 M3-CONFLICT接口,conflict_protocol,分歧时需要保留主通道价值，同时补足被延后的步骤。在分歧中保留决断保护的正常价值，同时防止速度、气场、替你决定或强度高，不自动等于保护。,在分歧处理方面，更适合你的关系会：对方愿意在问题处理后回到反馈、责任或边界复核。,不得仅凭本规则推出某类人必然适合或不适合、婚姻必然成功、忠诚度、职业收入、外貌家庭、五行生肖匹配，或要求用户容忍伤害；现实安全、行为、反例与双方意愿优先。,中高,待验证,,fit_need_code=FN08; m3_module=CONFLICT; provisional=true; rule_group=BASE-M3接口,0.2
M5-BASE-171,FN09×M3-BASE｜关系运行底盘适配接口,L3 M3正常功能接口,BASE-M3接口,通用,接口,FN09,M3-BASE,M3-BASE字段可靠，且正印对应通道为主通道或有效次通道。,M3字段停止、仅有同源重复或现实行为强反例。,由共享基础引擎提供；只修正用户能否承载、表达和共同执行适配结构，不直接等同成熟度、道德或关系结果。,由M2提供；夫妻星和关系门槛只说明准入议题，不单独证明长期适配。,由M3-BASE与共享引擎提供；日支近位提高亲密关系相关性，但不得把日支直接写成配偶性格。,无／按本规则指定功能链或接口路由。,由共享基础引擎判定；近位提高直接相关性，远位仅作背景、阶段或条件性修正。,根气只修正该功能是否容易重复调用，不等于现实中已经形成成熟能力。,旺弱只修正调用强度与承载；强不自动适配，弱也不自动缺失。,喜忌只修正顺畅度、摩擦与平衡，不可直接翻译为好坏、理想伴侣或关系结果。,原十神性质有效；真合化成立时按化神功能替换，合化争议时停止定性。,近位提高进入亲密关系核心的概率；远位只保留背景、条件性或低置信修正。,84,FN09 +10 M3-BASE接口,relationship_baseline,长期关系需要尊重用户最自然的关系运行主题。感受能够被理解、支持和安抚，同时理解会转成自主与现实改变。,在关系运行底盘方面，更适合你的关系会：对方不会否定或压掉这项关系功能，而会与用户一起建立可执行范围。,不得仅凭本规则推出某类人必然适合或不适合、婚姻必然成功、忠诚度、职业收入、外貌家庭、五行生肖匹配，或要求用户容忍伤害；现实安全、行为、反例与双方意愿优先。,中高,待验证,,fit_need_code=FN09; m3_module=BASE; provisional=true; rule_group=BASE-M3接口,0.2
M5-BASE-172,FN09×M3-EXPR｜情感表达适配接口,L3 M3正常功能接口,BASE-M3接口,通用,接口,FN09,M3-EXPR,M3-EXPR字段可靠，且正印对应通道为主通道或有效次通道。,M3字段停止、仅有同源重复或现实行为强反例。,由共享基础引擎提供；只修正用户能否承载、表达和共同执行适配结构，不直接等同成熟度、道德或关系结果。,由M2提供；夫妻星和关系门槛只说明准入议题，不单独证明长期适配。,由M3-BASE与共享引擎提供；日支近位提高亲密关系相关性，但不得把日支直接写成配偶性格。,无／按本规则指定功能链或接口路由。,由共享基础引擎判定；近位提高直接相关性，远位仅作背景、阶段或条件性修正。,根气只修正该功能是否容易重复调用，不等于现实中已经形成成熟能力。,旺弱只修正调用强度与承载；强不自动适配，弱也不自动缺失。,喜忌只修正顺畅度、摩擦与平衡，不可直接翻译为好坏、理想伴侣或关系结果。,原十神性质有效；真合化成立时按化神功能替换，合化争议时停止定性。,近位提高进入亲密关系核心的概率；远位只保留背景、条件性或低置信修正。,83,FN09 +10 M3-EXPR接口,communication_protocol,伴侣需要能够接收、回应并与用户形成双向表达。围绕安全承接建立可接收的表达、倾听和反馈。,在情感表达方面，更适合你的关系会：对方能够回应：耐心倾听并确认影响；不替你做决定；理解以后愿意调整行为和承担责任。,不得仅凭本规则推出某类人必然适合或不适合、婚姻必然成功、忠诚度、职业收入、外貌家庭、五行生肖匹配，或要求用户容忍伤害；现实安全、行为、反例与双方意愿优先。,中高,待验证,,fit_need_code=FN09; m3_module=EXPR; provisional=true; rule_group=BASE-M3接口,0.2
M5-BASE-173,FN09×M3-CARE｜支持交换适配接口,L3 M3正常功能接口,BASE-M3接口,通用,接口,FN09,M3-CARE,M3-CARE字段可靠，且正印对应通道为主通道或有效次通道。,M3字段停止、仅有同源重复或现实行为强反例。,由共享基础引擎提供；只修正用户能否承载、表达和共同执行适配结构，不直接等同成熟度、道德或关系结果。,由M2提供；夫妻星和关系门槛只说明准入议题，不单独证明长期适配。,由M3-BASE与共享引擎提供；日支近位提高亲密关系相关性，但不得把日支直接写成配偶性格。,无／按本规则指定功能链或接口路由。,由共享基础引擎判定；近位提高直接相关性，远位仅作背景、阶段或条件性修正。,根气只修正该功能是否容易重复调用，不等于现实中已经形成成熟能力。,旺弱只修正调用强度与承载；强不自动适配，弱也不自动缺失。,喜忌只修正顺畅度、摩擦与平衡，不可直接翻译为好坏、理想伴侣或关系结果。,原十神性质有效；真合化成立时按化神功能替换，合化争议时停止定性。,近位提高进入亲密关系核心的概率；远位只保留背景、条件性或低置信修正。,82,FN09 +10 M3-CARE接口,support_exchange,付出、请求、接受与回馈需要形成可持续交换。把安全承接转成给予、请求、接受和回馈的双向支持。,在支持交换方面，更适合你的关系会：对方既能接收用户的支持，也会用用户可以接受的方式回馈。,不得仅凭本规则推出某类人必然适合或不适合、婚姻必然成功、忠诚度、职业收入、外貌家庭、五行生肖匹配，或要求用户容忍伤害；现实安全、行为、反例与双方意愿优先。,中高,待验证,,fit_need_code=FN09; m3_module=CARE; provisional=true; rule_group=BASE-M3接口,0.2
M5-BASE-174,FN09×M3-BOUND｜边界决定适配接口,L3 M3正常功能接口,BASE-M3接口,通用,接口,FN09,M3-BOUND,M3-BOUND字段可靠，且正印对应通道为主通道或有效次通道。,M3字段停止、仅有同源重复或现实行为强反例。,由共享基础引擎提供；只修正用户能否承载、表达和共同执行适配结构，不直接等同成熟度、道德或关系结果。,由M2提供；夫妻星和关系门槛只说明准入议题，不单独证明长期适配。,由M3-BASE与共享引擎提供；日支近位提高亲密关系相关性，但不得把日支直接写成配偶性格。,无／按本规则指定功能链或接口路由。,由共享基础引擎判定；近位提高直接相关性，远位仅作背景、阶段或条件性修正。,根气只修正该功能是否容易重复调用，不等于现实中已经形成成熟能力。,旺弱只修正调用强度与承载；强不自动适配，弱也不自动缺失。,喜忌只修正顺畅度、摩擦与平衡，不可直接翻译为好坏、理想伴侣或关系结果。,原十神性质有效；真合化成立时按化神功能替换，合化争议时停止定性。,近位提高进入亲密关系核心的概率；远位只保留背景、条件性或低置信修正。,81,FN09 +10 M3-BOUND接口,boundary_decision_structure,靠近、空间、资源和决定权需要有清楚结构。为安全承接设置决定权、资源、靠近和空间边界。,在边界决定方面，更适合你的关系会：双方采用：IS07支持—自主＋IS09任务—情绪双轨。,不得仅凭本规则推出某类人必然适合或不适合、婚姻必然成功、忠诚度、职业收入、外貌家庭、五行生肖匹配，或要求用户容忍伤害；现实安全、行为、反例与双方意愿优先。,中高,待验证,,fit_need_code=FN09; m3_module=BOUND; provisional=true; rule_group=BASE-M3接口,0.2
M5-BASE-175,FN09×M3-CONFLICT｜分歧处理适配接口,L3 M3正常功能接口,BASE-M3接口,通用,接口,FN09,M3-CONFLICT,M3-CONFLICT字段可靠，且正印对应通道为主通道或有效次通道。,M3字段停止、仅有同源重复或现实行为强反例。,由共享基础引擎提供；只修正用户能否承载、表达和共同执行适配结构，不直接等同成熟度、道德或关系结果。,由M2提供；夫妻星和关系门槛只说明准入议题，不单独证明长期适配。,由M3-BASE与共享引擎提供；日支近位提高亲密关系相关性，但不得把日支直接写成配偶性格。,无／按本规则指定功能链或接口路由。,由共享基础引擎判定；近位提高直接相关性，远位仅作背景、阶段或条件性修正。,根气只修正该功能是否容易重复调用，不等于现实中已经形成成熟能力。,旺弱只修正调用强度与承载；强不自动适配，弱也不自动缺失。,喜忌只修正顺畅度、摩擦与平衡，不可直接翻译为好坏、理想伴侣或关系结果。,原十神性质有效；真合化成立时按化神功能替换，合化争议时停止定性。,近位提高进入亲密关系核心的概率；远位只保留背景、条件性或低置信修正。,80,FN09 +10 M3-CONFLICT接口,conflict_protocol,分歧时需要保留主通道价值，同时补足被延后的步骤。在分歧中保留安全承接的正常价值，同时防止只会安抚、包容或替你承担，却不改变现实，也不是真正适配。,在分歧处理方面，更适合你的关系会：对方愿意在问题处理后回到反馈、责任或边界复核。,不得仅凭本规则推出某类人必然适合或不适合、婚姻必然成功、忠诚度、职业收入、外貌家庭、五行生肖匹配，或要求用户容忍伤害；现实安全、行为、反例与双方意愿优先。,中高,待验证,,fit_need_code=FN09; m3_module=CONFLICT; provisional=true; rule_group=BASE-M3接口,0.2
M5-BASE-176,FN10×M3-BASE｜关系运行底盘适配接口,L3 M3正常功能接口,BASE-M3接口,通用,接口,FN10,M3-BASE,M3-BASE字段可靠，且偏印对应通道为主通道或有效次通道。,M3字段停止、仅有同源重复或现实行为强反例。,由共享基础引擎提供；只修正用户能否承载、表达和共同执行适配结构，不直接等同成熟度、道德或关系结果。,由M2提供；夫妻星和关系门槛只说明准入议题，不单独证明长期适配。,由M3-BASE与共享引擎提供；日支近位提高亲密关系相关性，但不得把日支直接写成配偶性格。,无／按本规则指定功能链或接口路由。,由共享基础引擎判定；近位提高直接相关性，远位仅作背景、阶段或条件性修正。,根气只修正该功能是否容易重复调用，不等于现实中已经形成成熟能力。,旺弱只修正调用强度与承载；强不自动适配，弱也不自动缺失。,喜忌只修正顺畅度、摩擦与平衡，不可直接翻译为好坏、理想伴侣或关系结果。,原十神性质有效；真合化成立时按化神功能替换，合化争议时停止定性。,近位提高进入亲密关系核心的概率；远位只保留背景、条件性或低置信修正。,84,FN10 +10 M3-BASE接口,relationship_baseline,长期关系需要尊重用户最自然的关系运行主题。允许独立整理、深度思考和私人空间，同时有明确回归路径。,在关系运行底盘方面，更适合你的关系会：对方不会否定或压掉这项关系功能，而会与用户一起建立可执行范围。,不得仅凭本规则推出某类人必然适合或不适合、婚姻必然成功、忠诚度、职业收入、外貌家庭、五行生肖匹配，或要求用户容忍伤害；现实安全、行为、反例与双方意愿优先。,中高,待验证,,fit_need_code=FN10; m3_module=BASE; provisional=true; rule_group=BASE-M3接口,0.2
M5-BASE-177,FN10×M3-EXPR｜情感表达适配接口,L3 M3正常功能接口,BASE-M3接口,通用,接口,FN10,M3-EXPR,M3-EXPR字段可靠，且偏印对应通道为主通道或有效次通道。,M3字段停止、仅有同源重复或现实行为强反例。,由共享基础引擎提供；只修正用户能否承载、表达和共同执行适配结构，不直接等同成熟度、道德或关系结果。,由M2提供；夫妻星和关系门槛只说明准入议题，不单独证明长期适配。,由M3-BASE与共享引擎提供；日支近位提高亲密关系相关性，但不得把日支直接写成配偶性格。,无／按本规则指定功能链或接口路由。,由共享基础引擎判定；近位提高直接相关性，远位仅作背景、阶段或条件性修正。,根气只修正该功能是否容易重复调用，不等于现实中已经形成成熟能力。,旺弱只修正调用强度与承载；强不自动适配，弱也不自动缺失。,喜忌只修正顺畅度、摩擦与平衡，不可直接翻译为好坏、理想伴侣或关系结果。,原十神性质有效；真合化成立时按化神功能替换，合化争议时停止定性。,近位提高进入亲密关系核心的概率；远位只保留背景、条件性或低置信修正。,83,FN10 +10 M3-EXPR接口,communication_protocol,伴侣需要能够接收、回应并与用户形成双向表达。围绕深度空间建立可接收的表达、倾听和反馈。,在情感表达方面，更适合你的关系会：对方能够回应：尊重你需要时间整理；不逼迫即时表达；同时约定最低连接、回复范围和重新沟通时间。,不得仅凭本规则推出某类人必然适合或不适合、婚姻必然成功、忠诚度、职业收入、外貌家庭、五行生肖匹配，或要求用户容忍伤害；现实安全、行为、反例与双方意愿优先。,中高,待验证,,fit_need_code=FN10; m3_module=EXPR; provisional=true; rule_group=BASE-M3接口,0.2
M5-BASE-178,FN10×M3-CARE｜支持交换适配接口,L3 M3正常功能接口,BASE-M3接口,通用,接口,FN10,M3-CARE,M3-CARE字段可靠，且偏印对应通道为主通道或有效次通道。,M3字段停止、仅有同源重复或现实行为强反例。,由共享基础引擎提供；只修正用户能否承载、表达和共同执行适配结构，不直接等同成熟度、道德或关系结果。,由M2提供；夫妻星和关系门槛只说明准入议题，不单独证明长期适配。,由M3-BASE与共享引擎提供；日支近位提高亲密关系相关性，但不得把日支直接写成配偶性格。,无／按本规则指定功能链或接口路由。,由共享基础引擎判定；近位提高直接相关性，远位仅作背景、阶段或条件性修正。,根气只修正该功能是否容易重复调用，不等于现实中已经形成成熟能力。,旺弱只修正调用强度与承载；强不自动适配，弱也不自动缺失。,喜忌只修正顺畅度、摩擦与平衡，不可直接翻译为好坏、理想伴侣或关系结果。,原十神性质有效；真合化成立时按化神功能替换，合化争议时停止定性。,近位提高进入亲密关系核心的概率；远位只保留背景、条件性或低置信修正。,82,FN10 +10 M3-CARE接口,support_exchange,付出、请求、接受与回馈需要形成可持续交换。把深度空间转成给予、请求、接受和回馈的双向支持。,在支持交换方面，更适合你的关系会：对方既能接收用户的支持，也会用用户可以接受的方式回馈。,不得仅凭本规则推出某类人必然适合或不适合、婚姻必然成功、忠诚度、职业收入、外貌家庭、五行生肖匹配，或要求用户容忍伤害；现实安全、行为、反例与双方意愿优先。,中高,待验证,,fit_need_code=FN10; m3_module=CARE; provisional=true; rule_group=BASE-M3接口,0.2
M5-BASE-179,FN10×M3-BOUND｜边界决定适配接口,L3 M3正常功能接口,BASE-M3接口,通用,接口,FN10,M3-BOUND,M3-BOUND字段可靠，且偏印对应通道为主通道或有效次通道。,M3字段停止、仅有同源重复或现实行为强反例。,由共享基础引擎提供；只修正用户能否承载、表达和共同执行适配结构，不直接等同成熟度、道德或关系结果。,由M2提供；夫妻星和关系门槛只说明准入议题，不单独证明长期适配。,由M3-BASE与共享引擎提供；日支近位提高亲密关系相关性，但不得把日支直接写成配偶性格。,无／按本规则指定功能链或接口路由。,由共享基础引擎判定；近位提高直接相关性，远位仅作背景、阶段或条件性修正。,根气只修正该功能是否容易重复调用，不等于现实中已经形成成熟能力。,旺弱只修正调用强度与承载；强不自动适配，弱也不自动缺失。,喜忌只修正顺畅度、摩擦与平衡，不可直接翻译为好坏、理想伴侣或关系结果。,原十神性质有效；真合化成立时按化神功能替换，合化争议时停止定性。,近位提高进入亲密关系核心的概率；远位只保留背景、条件性或低置信修正。,81,FN10 +10 M3-BOUND接口,boundary_decision_structure,靠近、空间、资源和决定权需要有清楚结构。为深度空间设置决定权、资源、靠近和空间边界。,在边界决定方面，更适合你的关系会：双方采用：IS08空间—回归协议＋选择性深度交流。,不得仅凭本规则推出某类人必然适合或不适合、婚姻必然成功、忠诚度、职业收入、外貌家庭、五行生肖匹配，或要求用户容忍伤害；现实安全、行为、反例与双方意愿优先。,中高,待验证,,fit_need_code=FN10; m3_module=BOUND; provisional=true; rule_group=BASE-M3接口,0.2
M5-BASE-180,FN10×M3-CONFLICT｜分歧处理适配接口,L3 M3正常功能接口,BASE-M3接口,通用,接口,FN10,M3-CONFLICT,M3-CONFLICT字段可靠，且偏印对应通道为主通道或有效次通道。,M3字段停止、仅有同源重复或现实行为强反例。,由共享基础引擎提供；只修正用户能否承载、表达和共同执行适配结构，不直接等同成熟度、道德或关系结果。,由M2提供；夫妻星和关系门槛只说明准入议题，不单独证明长期适配。,由M3-BASE与共享引擎提供；日支近位提高亲密关系相关性，但不得把日支直接写成配偶性格。,无／按本规则指定功能链或接口路由。,由共享基础引擎判定；近位提高直接相关性，远位仅作背景、阶段或条件性修正。,根气只修正该功能是否容易重复调用，不等于现实中已经形成成熟能力。,旺弱只修正调用强度与承载；强不自动适配，弱也不自动缺失。,喜忌只修正顺畅度、摩擦与平衡，不可直接翻译为好坏、理想伴侣或关系结果。,原十神性质有效；真合化成立时按化神功能替换，合化争议时停止定性。,近位提高进入亲密关系核心的概率；远位只保留背景、条件性或低置信修正。,80,FN10 +10 M3-CONFLICT接口,conflict_protocol,分歧时需要保留主通道价值，同时补足被延后的步骤。在分歧中保留深度空间的正常价值，同时防止长期沉默、神秘、难以接近或没有回归点，不等于尊重空间。,在分歧处理方面，更适合你的关系会：对方愿意在问题处理后回到反馈、责任或边界复核。,不得仅凭本规则推出某类人必然适合或不适合、婚姻必然成功、忠诚度、职业收入、外貌家庭、五行生肖匹配，或要求用户容忍伤害；现实安全、行为、反例与双方意愿优先。,中高,待验证,,fit_need_code=FN10; m3_module=CONFLICT; provisional=true; rule_group=BASE-M3接口,0.2
M5-BASE-181,K01 过用放大｜适配任务定义,L4 M4机制转译,BASE-M4机制转译,通用,接口,K01 过用放大,M4-OVERUSE／LOOP／REPAIR,M4的K01达到E1以上。,只有单一十神标签或机制未明确。,由共享基础引擎提供；只修正用户能否承载、表达和共同执行适配结构，不直接等同成熟度、道德或关系结果。,由M2提供；夫妻星和关系门槛只说明准入议题，不单独证明长期适配。,由M3-BASE与共享引擎提供；日支近位提高亲密关系相关性，但不得把日支直接写成配偶性格。,无／按本规则指定功能链或接口路由。,由共享基础引擎判定；近位提高直接相关性，远位仅作背景、阶段或条件性修正。,根气只修正该功能是否容易重复调用，不等于现实中已经形成成熟能力。,旺弱只修正调用强度与承载；强不自动适配，弱也不自动缺失。,喜忌只修正顺畅度、摩擦与平衡，不可直接翻译为好坏、理想伴侣或关系结果。,原十神性质有效；真合化成立时按化神功能替换，合化争议时停止定性。,近位提高进入亲密关系核心的概率；远位只保留背景、条件性或低置信修正。,92,K01 过用放大 +18 适配任务,primary_fit_need,限制某项熟悉功能持续抢位，同时保留它原本的价值。,你需要的不是压掉原有能力，而是有人能和你一起把它放在合适的位置。,不得仅凭本规则推出某类人必然适合或不适合、婚姻必然成功、忠诚度、职业收入、外貌家庭、五行生肖匹配，或要求用户容忍伤害；现实安全、行为、反例与双方意愿优先。,中高,待验证,,m4_mechanism=K01; provisional=true; rule_group=BASE-M4机制转译,0.2
M5-BASE-182,K01 过用放大｜伴侣行为要求,L4 M4机制转译,BASE-M4机制转译,通用,行为,K01 过用放大,可观察行为,K01 过用放大已成为主或次适配任务。,只能提供人格标签，不能说明实际行为。,由共享基础引擎提供；只修正用户能否承载、表达和共同执行适配结构，不直接等同成熟度、道德或关系结果。,由M2提供；夫妻星和关系门槛只说明准入议题，不单独证明长期适配。,由M3-BASE与共享引擎提供；日支近位提高亲密关系相关性，但不得把日支直接写成配偶性格。,无／按本规则指定功能链或接口路由。,由共享基础引擎判定；近位提高直接相关性，远位仅作背景、阶段或条件性修正。,根气只修正该功能是否容易重复调用，不等于现实中已经形成成熟能力。,旺弱只修正调用强度与承载；强不自动适配，弱也不自动缺失。,喜忌只修正顺畅度、摩擦与平衡，不可直接翻译为好坏、理想伴侣或关系结果。,原十神性质有效；真合化成立时按化神功能替换，合化争议时停止定性。,近位提高进入亲密关系核心的概率；远位只保留背景、条件性或低置信修正。,86,K01 过用放大 +12 行为候选,required_partner_behaviors,能及时反馈、共同设定范围，并提醒第二项必要功能何时进入。,可以观察对方是否会：能及时反馈、共同设定范围，并提醒第二项必要功能何时进入。,不得仅凭本规则推出某类人必然适合或不适合、婚姻必然成功、忠诚度、职业收入、外貌家庭、五行生肖匹配，或要求用户容忍伤害；现实安全、行为、反例与双方意愿优先。,中,待验证,,m4_mechanism=K01; provisional=true; rule_group=BASE-M4机制转译,0.2
M5-BASE-183,K01 过用放大｜互动结构,L4 M4机制转译,BASE-M4机制转译,通用,结构,K01 过用放大,FM05双向制衡＋明确切换点。,双方都愿意参与结构执行和反馈。,结构只靠一方长期承担或牺牲。,由共享基础引擎提供；只修正用户能否承载、表达和共同执行适配结构，不直接等同成熟度、道德或关系结果。,由M2提供；夫妻星和关系门槛只说明准入议题，不单独证明长期适配。,由M3-BASE与共享引擎提供；日支近位提高亲密关系相关性，但不得把日支直接写成配偶性格。,无／按本规则指定功能链或接口路由。,由共享基础引擎判定；近位提高直接相关性，远位仅作背景、阶段或条件性修正。,根气只修正该功能是否容易重复调用，不等于现实中已经形成成熟能力。,旺弱只修正调用强度与承载；强不自动适配，弱也不自动缺失。,喜忌只修正顺畅度、摩擦与平衡，不可直接翻译为好坏、理想伴侣或关系结果。,原十神性质有效；真合化成立时按化神功能替换，合化争议时停止定性。,近位提高进入亲密关系核心的概率；远位只保留背景、条件性或低置信修正。,84,K01 过用放大 +10 结构候选,interaction_structure,FM05双向制衡＋明确切换点。,更适合采用的结构是：FM05双向制衡＋明确切换点。,不得仅凭本规则推出某类人必然适合或不适合、婚姻必然成功、忠诚度、职业收入、外貌家庭、五行生肖匹配，或要求用户容忍伤害；现实安全、行为、反例与双方意愿优先。,中,待验证,,m4_mechanism=K01; provisional=true; rule_group=BASE-M4机制转译,0.2
M5-BASE-184,K01 过用放大｜匹配模式路由,L4 M4机制转译,BASE-M4机制转译,通用,路由,K01 过用放大,FM05 双向制衡,完成用户自身功能成熟度、对方补位方式和权力边界检查。,只因两人相同或相反就判定同频／互补。,由共享基础引擎提供；只修正用户能否承载、表达和共同执行适配结构，不直接等同成熟度、道德或关系结果。,由M2提供；夫妻星和关系门槛只说明准入议题，不单独证明长期适配。,由M3-BASE与共享引擎提供；日支近位提高亲密关系相关性，但不得把日支直接写成配偶性格。,无／按本规则指定功能链或接口路由。,由共享基础引擎判定；近位提高直接相关性，远位仅作背景、阶段或条件性修正。,根气只修正该功能是否容易重复调用，不等于现实中已经形成成熟能力。,旺弱只修正调用强度与承载；强不自动适配，弱也不自动缺失。,喜忌只修正顺畅度、摩擦与平衡，不可直接翻译为好坏、理想伴侣或关系结果。,原十神性质有效；真合化成立时按化神功能替换，合化争议时停止定性。,近位提高进入亲密关系核心的概率；远位只保留背景、条件性或低置信修正。,78,FM05 双向制衡 候选 +8,similarity_complement_mode,K01 过用放大优先路由至FM05 双向制衡。,更合适的匹配方式更接近：FM05 双向制衡。,不得仅凭本规则推出某类人必然适合或不适合、婚姻必然成功、忠诚度、职业收入、外貌家庭、五行生肖匹配，或要求用户容忍伤害；现实安全、行为、反例与双方意愿优先。,中低,待验证,,m4_mechanism=K01; provisional=true; rule_group=BASE-M4机制转译,0.2
M5-BASE-185,K01 过用放大｜伪适配风险,L4 M4机制转译,BASE-M4机制转译,通用,边界,K01 过用放大,PM伪适配,准备输出互补、制衡或接力结论。,无,由共享基础引擎提供；只修正用户能否承载、表达和共同执行适配结构，不直接等同成熟度、道德或关系结果。,由M2提供；夫妻星和关系门槛只说明准入议题，不单独证明长期适配。,由M3-BASE与共享引擎提供；日支近位提高亲密关系相关性，但不得把日支直接写成配偶性格。,无／按本规则指定功能链或接口路由。,由共享基础引擎判定；近位提高直接相关性，远位仅作背景、阶段或条件性修正。,根气只修正该功能是否容易重复调用，不等于现实中已经形成成熟能力。,旺弱只修正调用强度与承载；强不自动适配，弱也不自动缺失。,喜忌只修正顺畅度、摩擦与平衡，不可直接翻译为好坏、理想伴侣或关系结果。,原十神性质有效；真合化成立时按化神功能替换，合化争议时停止定性。,近位提高进入亲密关系核心的概率；远位只保留背景、条件性或低置信修正。,95,不加分；伪适配检查,boundary_note,找一个更弱、更顺从或完全相反的人，只会制造新的权力差。,需要避免：找一个更弱、更顺从或完全相反的人，只会制造新的权力差。,不得仅凭本规则推出某类人必然适合或不适合、婚姻必然成功、忠诚度、职业收入、外貌家庭、五行生肖匹配，或要求用户容忍伤害；现实安全、行为、反例与双方意愿优先。,高,待验证,,m4_mechanism=K01; provisional=true; rule_group=BASE-M4机制转译,0.2
M5-BASE-186,K01 过用放大｜优先级路由,L4 M4机制转译,BASE-M4机制转译,通用,评分,K01 过用放大,E等级,M4证据等级和M3功能来源可用。,安全停止或现实反例足以否定。,由共享基础引擎提供；只修正用户能否承载、表达和共同执行适配结构，不直接等同成熟度、道德或关系结果。,由M2提供；夫妻星和关系门槛只说明准入议题，不单独证明长期适配。,由M3-BASE与共享引擎提供；日支近位提高亲密关系相关性，但不得把日支直接写成配偶性格。,无／按本规则指定功能链或接口路由。,由共享基础引擎判定；近位提高直接相关性，远位仅作背景、阶段或条件性修正。,根气只修正该功能是否容易重复调用，不等于现实中已经形成成熟能力。,旺弱只修正调用强度与承载；强不自动适配，弱也不自动缺失。,喜忌只修正顺畅度、摩擦与平衡，不可直接翻译为好坏、理想伴侣或关系结果。,原十神性质有效；真合化成立时按化神功能替换，合化争议时停止定性。,近位提高进入亲密关系核心的概率；远位只保留背景、条件性或低置信修正。,91,E1→PR2；E2且影响核心功能→PR1候选；E3／E4需现实资料进入后续模块,need_priority,M4证据越强，越可能把调节任务提升为核心必要项，但不能跨越现实安全与同源去重。,这项条件的重要程度取决于它是否已经在现实中反复影响关系。,不得仅凭本规则推出某类人必然适合或不适合、婚姻必然成功、忠诚度、职业收入、外貌家庭、五行生肖匹配，或要求用户容忍伤害；现实安全、行为、反例与双方意愿优先。,中高,待验证,,m4_mechanism=K01; provisional=true; rule_group=BASE-M4机制转译,0.2
M5-BASE-187,K01 过用放大｜标准用户输出,L4 M4机制转译,BASE-M4机制转译,通用,输出,K01 过用放大,,K01 过用放大及对应适配任务成立。,只能发布E0或资料不足。,由共享基础引擎提供；只修正用户能否承载、表达和共同执行适配结构，不直接等同成熟度、道德或关系结果。,由M2提供；夫妻星和关系门槛只说明准入议题，不单独证明长期适配。,由M3-BASE与共享引擎提供；日支近位提高亲密关系相关性，但不得把日支直接写成配偶性格。,无／按本规则指定功能链或接口路由。,由共享基础引擎判定；近位提高直接相关性，远位仅作背景、阶段或条件性修正。,根气只修正该功能是否容易重复调用，不等于现实中已经形成成熟能力。,旺弱只修正调用强度与承载；强不自动适配，弱也不自动缺失。,喜忌只修正顺畅度、摩擦与平衡，不可直接翻译为好坏、理想伴侣或关系结果。,原十神性质有效；真合化成立时按化神功能替换，合化争议时停止定性。,近位提高进入亲密关系核心的概率；远位只保留背景、条件性或低置信修正。,74,不加分；生成用户语言,report_text,输出先保留正常功能，再说明需要怎样的结构防止它失衡。,你需要的不是压掉原有能力，而是有人能和你一起把它放在合适的位置。,不得仅凭本规则推出某类人必然适合或不适合、婚姻必然成功、忠诚度、职业收入、外貌家庭、五行生肖匹配，或要求用户容忍伤害；现实安全、行为、反例与双方意愿优先。,中高,待验证,,m4_mechanism=K01; provisional=true; rule_group=BASE-M4机制转译,0.2
M5-BASE-188,K02 功能不足｜适配任务定义,L4 M4机制转译,BASE-M4机制转译,通用,接口,K02 功能不足,M4-OVERUSE／LOOP／REPAIR,M4的K02达到E1以上。,只有单一十神标签或机制未明确。,由共享基础引擎提供；只修正用户能否承载、表达和共同执行适配结构，不直接等同成熟度、道德或关系结果。,由M2提供；夫妻星和关系门槛只说明准入议题，不单独证明长期适配。,由M3-BASE与共享引擎提供；日支近位提高亲密关系相关性，但不得把日支直接写成配偶性格。,无／按本规则指定功能链或接口路由。,由共享基础引擎判定；近位提高直接相关性，远位仅作背景、阶段或条件性修正。,根气只修正该功能是否容易重复调用，不等于现实中已经形成成熟能力。,旺弱只修正调用强度与承载；强不自动适配，弱也不自动缺失。,喜忌只修正顺畅度、摩擦与平衡，不可直接翻译为好坏、理想伴侣或关系结果。,原十神性质有效；真合化成立时按化神功能替换，合化争议时停止定性。,近位提高进入亲密关系核心的概率；远位只保留背景、条件性或低置信修正。,92,K02 功能不足 +18 适配任务,primary_fit_need,让当前关系任务真正需要、但进入较弱的功能获得稳定补位。,更适合的是能补位、又会让你保留参与权和逐步形成能力的人。,不得仅凭本规则推出某类人必然适合或不适合、婚姻必然成功、忠诚度、职业收入、外貌家庭、五行生肖匹配，或要求用户容忍伤害；现实安全、行为、反例与双方意愿优先。,中高,待验证,,m4_mechanism=K02; provisional=true; rule_group=BASE-M4机制转译,0.2
M5-BASE-189,K02 功能不足｜伴侣行为要求,L4 M4机制转译,BASE-M4机制转译,通用,行为,K02 功能不足,可观察行为,K02 功能不足已成为主或次适配任务。,只能提供人格标签，不能说明实际行为。,由共享基础引擎提供；只修正用户能否承载、表达和共同执行适配结构，不直接等同成熟度、道德或关系结果。,由M2提供；夫妻星和关系门槛只说明准入议题，不单独证明长期适配。,由M3-BASE与共享引擎提供；日支近位提高亲密关系相关性，但不得把日支直接写成配偶性格。,无／按本规则指定功能链或接口路由。,由共享基础引擎判定；近位提高直接相关性，远位仅作背景、阶段或条件性修正。,根气只修正该功能是否容易重复调用，不等于现实中已经形成成熟能力。,旺弱只修正调用强度与承载；强不自动适配，弱也不自动缺失。,喜忌只修正顺畅度、摩擦与平衡，不可直接翻译为好坏、理想伴侣或关系结果。,原十神性质有效；真合化成立时按化神功能替换，合化争议时停止定性。,近位提高进入亲密关系核心的概率；远位只保留背景、条件性或低置信修正。,86,K02 功能不足 +12 行为候选,required_partner_behaviors,能够提供该功能，同时邀请用户参与、学习和共同承担。,可以观察对方是否会：能够提供该功能，同时邀请用户参与、学习和共同承担。,不得仅凭本规则推出某类人必然适合或不适合、婚姻必然成功、忠诚度、职业收入、外貌家庭、五行生肖匹配，或要求用户容忍伤害；现实安全、行为、反例与双方意愿优先。,中,待验证,,m4_mechanism=K02; provisional=true; rule_group=BASE-M4机制转译,0.2
M5-BASE-190,K02 功能不足｜互动结构,L4 M4机制转译,BASE-M4机制转译,通用,结构,K02 功能不足,FM02功能互补＋FM07共同成长。,双方都愿意参与结构执行和反馈。,结构只靠一方长期承担或牺牲。,由共享基础引擎提供；只修正用户能否承载、表达和共同执行适配结构，不直接等同成熟度、道德或关系结果。,由M2提供；夫妻星和关系门槛只说明准入议题，不单独证明长期适配。,由M3-BASE与共享引擎提供；日支近位提高亲密关系相关性，但不得把日支直接写成配偶性格。,无／按本规则指定功能链或接口路由。,由共享基础引擎判定；近位提高直接相关性，远位仅作背景、阶段或条件性修正。,根气只修正该功能是否容易重复调用，不等于现实中已经形成成熟能力。,旺弱只修正调用强度与承载；强不自动适配，弱也不自动缺失。,喜忌只修正顺畅度、摩擦与平衡，不可直接翻译为好坏、理想伴侣或关系结果。,原十神性质有效；真合化成立时按化神功能替换，合化争议时停止定性。,近位提高进入亲密关系核心的概率；远位只保留背景、条件性或低置信修正。,84,K02 功能不足 +10 结构候选,interaction_structure,FM02功能互补＋FM07共同成长。,更适合采用的结构是：FM02功能互补＋FM07共同成长。,不得仅凭本规则推出某类人必然适合或不适合、婚姻必然成功、忠诚度、职业收入、外貌家庭、五行生肖匹配，或要求用户容忍伤害；现实安全、行为、反例与双方意愿优先。,中,待验证,,m4_mechanism=K02; provisional=true; rule_group=BASE-M4机制转译,0.2
M5-BASE-191,K02 功能不足｜匹配模式路由,L4 M4机制转译,BASE-M4机制转译,通用,路由,K02 功能不足,FM02 功能互补,完成用户自身功能成熟度、对方补位方式和权力边界检查。,只因两人相同或相反就判定同频／互补。,由共享基础引擎提供；只修正用户能否承载、表达和共同执行适配结构，不直接等同成熟度、道德或关系结果。,由M2提供；夫妻星和关系门槛只说明准入议题，不单独证明长期适配。,由M3-BASE与共享引擎提供；日支近位提高亲密关系相关性，但不得把日支直接写成配偶性格。,无／按本规则指定功能链或接口路由。,由共享基础引擎判定；近位提高直接相关性，远位仅作背景、阶段或条件性修正。,根气只修正该功能是否容易重复调用，不等于现实中已经形成成熟能力。,旺弱只修正调用强度与承载；强不自动适配，弱也不自动缺失。,喜忌只修正顺畅度、摩擦与平衡，不可直接翻译为好坏、理想伴侣或关系结果。,原十神性质有效；真合化成立时按化神功能替换，合化争议时停止定性。,近位提高进入亲密关系核心的概率；远位只保留背景、条件性或低置信修正。,78,FM02 功能互补 候选 +8,similarity_complement_mode,K02 功能不足优先路由至FM02 功能互补。,更合适的匹配方式更接近：FM02 功能互补。,不得仅凭本规则推出某类人必然适合或不适合、婚姻必然成功、忠诚度、职业收入、外貌家庭、五行生肖匹配，或要求用户容忍伤害；现实安全、行为、反例与双方意愿优先。,中低,待验证,,m4_mechanism=K02; provisional=true; rule_group=BASE-M4机制转译,0.2
M5-BASE-192,K02 功能不足｜伪适配风险,L4 M4机制转译,BASE-M4机制转译,通用,边界,K02 功能不足,PM伪适配,准备输出互补、制衡或接力结论。,无,由共享基础引擎提供；只修正用户能否承载、表达和共同执行适配结构，不直接等同成熟度、道德或关系结果。,由M2提供；夫妻星和关系门槛只说明准入议题，不单独证明长期适配。,由M3-BASE与共享引擎提供；日支近位提高亲密关系相关性，但不得把日支直接写成配偶性格。,无／按本规则指定功能链或接口路由。,由共享基础引擎判定；近位提高直接相关性，远位仅作背景、阶段或条件性修正。,根气只修正该功能是否容易重复调用，不等于现实中已经形成成熟能力。,旺弱只修正调用强度与承载；强不自动适配，弱也不自动缺失。,喜忌只修正顺畅度、摩擦与平衡，不可直接翻译为好坏、理想伴侣或关系结果。,原十神性质有效；真合化成立时按化神功能替换，合化争议时停止定性。,近位提高进入亲密关系核心的概率；远位只保留背景、条件性或低置信修正。,95,不加分；伪适配检查,boundary_note,一方永久包办，另一方逐渐失去参与能力，不是真正互补。,需要避免：一方永久包办，另一方逐渐失去参与能力，不是真正互补。,不得仅凭本规则推出某类人必然适合或不适合、婚姻必然成功、忠诚度、职业收入、外貌家庭、五行生肖匹配，或要求用户容忍伤害；现实安全、行为、反例与双方意愿优先。,高,待验证,,m4_mechanism=K02; provisional=true; rule_group=BASE-M4机制转译,0.2
M5-BASE-193,K02 功能不足｜优先级路由,L4 M4机制转译,BASE-M4机制转译,通用,评分,K02 功能不足,E等级,M4证据等级和M3功能来源可用。,安全停止或现实反例足以否定。,由共享基础引擎提供；只修正用户能否承载、表达和共同执行适配结构，不直接等同成熟度、道德或关系结果。,由M2提供；夫妻星和关系门槛只说明准入议题，不单独证明长期适配。,由M3-BASE与共享引擎提供；日支近位提高亲密关系相关性，但不得把日支直接写成配偶性格。,无／按本规则指定功能链或接口路由。,由共享基础引擎判定；近位提高直接相关性，远位仅作背景、阶段或条件性修正。,根气只修正该功能是否容易重复调用，不等于现实中已经形成成熟能力。,旺弱只修正调用强度与承载；强不自动适配，弱也不自动缺失。,喜忌只修正顺畅度、摩擦与平衡，不可直接翻译为好坏、理想伴侣或关系结果。,原十神性质有效；真合化成立时按化神功能替换，合化争议时停止定性。,近位提高进入亲密关系核心的概率；远位只保留背景、条件性或低置信修正。,91,E1→PR2；E2且影响核心功能→PR1候选；E3／E4需现实资料进入后续模块,need_priority,M4证据越强，越可能把调节任务提升为核心必要项，但不能跨越现实安全与同源去重。,这项条件的重要程度取决于它是否已经在现实中反复影响关系。,不得仅凭本规则推出某类人必然适合或不适合、婚姻必然成功、忠诚度、职业收入、外貌家庭、五行生肖匹配，或要求用户容忍伤害；现实安全、行为、反例与双方意愿优先。,中高,待验证,,m4_mechanism=K02; provisional=true; rule_group=BASE-M4机制转译,0.2
M5-BASE-194,K02 功能不足｜标准用户输出,L4 M4机制转译,BASE-M4机制转译,通用,输出,K02 功能不足,,K02 功能不足及对应适配任务成立。,只能发布E0或资料不足。,由共享基础引擎提供；只修正用户能否承载、表达和共同执行适配结构，不直接等同成熟度、道德或关系结果。,由M2提供；夫妻星和关系门槛只说明准入议题，不单独证明长期适配。,由M3-BASE与共享引擎提供；日支近位提高亲密关系相关性，但不得把日支直接写成配偶性格。,无／按本规则指定功能链或接口路由。,由共享基础引擎判定；近位提高直接相关性，远位仅作背景、阶段或条件性修正。,根气只修正该功能是否容易重复调用，不等于现实中已经形成成熟能力。,旺弱只修正调用强度与承载；强不自动适配，弱也不自动缺失。,喜忌只修正顺畅度、摩擦与平衡，不可直接翻译为好坏、理想伴侣或关系结果。,原十神性质有效；真合化成立时按化神功能替换，合化争议时停止定性。,近位提高进入亲密关系核心的概率；远位只保留背景、条件性或低置信修正。,74,不加分；生成用户语言,report_text,输出先保留正常功能，再说明需要怎样的结构防止它失衡。,更适合的是能补位、又会让你保留参与权和逐步形成能力的人。,不得仅凭本规则推出某类人必然适合或不适合、婚姻必然成功、忠诚度、职业收入、外貌家庭、五行生肖匹配，或要求用户容忍伤害；现实安全、行为、反例与双方意愿优先。,中高,待验证,,m4_mechanism=K02; provisional=true; rule_group=BASE-M4机制转译,0.2
M5-BASE-195,K03 单通道替代｜适配任务定义,L4 M4机制转译,BASE-M4机制转译,通用,接口,K03 单通道替代,M4-OVERUSE／LOOP／REPAIR,M4的K03达到E1以上。,只有单一十神标签或机制未明确。,由共享基础引擎提供；只修正用户能否承载、表达和共同执行适配结构，不直接等同成熟度、道德或关系结果。,由M2提供；夫妻星和关系门槛只说明准入议题，不单独证明长期适配。,由M3-BASE与共享引擎提供；日支近位提高亲密关系相关性，但不得把日支直接写成配偶性格。,无／按本规则指定功能链或接口路由。,由共享基础引擎判定；近位提高直接相关性，远位仅作背景、阶段或条件性修正。,根气只修正该功能是否容易重复调用，不等于现实中已经形成成熟能力。,旺弱只修正调用强度与承载；强不自动适配，弱也不自动缺失。,喜忌只修正顺畅度、摩擦与平衡，不可直接翻译为好坏、理想伴侣或关系结果。,原十神性质有效；真合化成立时按化神功能替换，合化争议时停止定性。,近位提高进入亲密关系核心的概率；远位只保留背景、条件性或低置信修正。,92,K03 单通道替代 +18 适配任务,primary_fit_need,把表达、行动、承接、投入和责任等不同任务重新分开。,关系需要把不同任务分开完成，而不是用一种擅长方式包办所有问题。,不得仅凭本规则推出某类人必然适合或不适合、婚姻必然成功、忠诚度、职业收入、外貌家庭、五行生肖匹配，或要求用户容忍伤害；现实安全、行为、反例与双方意愿优先。,中高,待验证,,m4_mechanism=K03; provisional=true; rule_group=BASE-M4机制转译,0.2
M5-BASE-196,K03 单通道替代｜伴侣行为要求,L4 M4机制转译,BASE-M4机制转译,通用,行为,K03 单通道替代,可观察行为,K03 单通道替代已成为主或次适配任务。,只能提供人格标签，不能说明实际行为。,由共享基础引擎提供；只修正用户能否承载、表达和共同执行适配结构，不直接等同成熟度、道德或关系结果。,由M2提供；夫妻星和关系门槛只说明准入议题，不单独证明长期适配。,由M3-BASE与共享引擎提供；日支近位提高亲密关系相关性，但不得把日支直接写成配偶性格。,无／按本规则指定功能链或接口路由。,由共享基础引擎判定；近位提高直接相关性，远位仅作背景、阶段或条件性修正。,根气只修正该功能是否容易重复调用，不等于现实中已经形成成熟能力。,旺弱只修正调用强度与承载；强不自动适配，弱也不自动缺失。,喜忌只修正顺畅度、摩擦与平衡，不可直接翻译为好坏、理想伴侣或关系结果。,原十神性质有效；真合化成立时按化神功能替换，合化争议时停止定性。,近位提高进入亲密关系核心的概率；远位只保留背景、条件性或低置信修正。,86,K03 单通道替代 +12 行为候选,required_partner_behaviors,能指出当前需要的是倾听、行动、承诺还是边界，而不是只接受最熟悉的处理方式。,可以观察对方是否会：能指出当前需要的是倾听、行动、承诺还是边界，而不是只接受最熟悉的处理方式。,不得仅凭本规则推出某类人必然适合或不适合、婚姻必然成功、忠诚度、职业收入、外貌家庭、五行生肖匹配，或要求用户容忍伤害；现实安全、行为、反例与双方意愿优先。,中,待验证,,m4_mechanism=K03; provisional=true; rule_group=BASE-M4机制转译,0.2
M5-BASE-197,K03 单通道替代｜互动结构,L4 M4机制转译,BASE-M4机制转译,通用,结构,K03 单通道替代,FM03先后接力＋IS09任务—情绪双轨。,双方都愿意参与结构执行和反馈。,结构只靠一方长期承担或牺牲。,由共享基础引擎提供；只修正用户能否承载、表达和共同执行适配结构，不直接等同成熟度、道德或关系结果。,由M2提供；夫妻星和关系门槛只说明准入议题，不单独证明长期适配。,由M3-BASE与共享引擎提供；日支近位提高亲密关系相关性，但不得把日支直接写成配偶性格。,无／按本规则指定功能链或接口路由。,由共享基础引擎判定；近位提高直接相关性，远位仅作背景、阶段或条件性修正。,根气只修正该功能是否容易重复调用，不等于现实中已经形成成熟能力。,旺弱只修正调用强度与承载；强不自动适配，弱也不自动缺失。,喜忌只修正顺畅度、摩擦与平衡，不可直接翻译为好坏、理想伴侣或关系结果。,原十神性质有效；真合化成立时按化神功能替换，合化争议时停止定性。,近位提高进入亲密关系核心的概率；远位只保留背景、条件性或低置信修正。,84,K03 单通道替代 +10 结构候选,interaction_structure,FM03先后接力＋IS09任务—情绪双轨。,更适合采用的结构是：FM03先后接力＋IS09任务—情绪双轨。,不得仅凭本规则推出某类人必然适合或不适合、婚姻必然成功、忠诚度、职业收入、外貌家庭、五行生肖匹配，或要求用户容忍伤害；现实安全、行为、反例与双方意愿优先。,中,待验证,,m4_mechanism=K03; provisional=true; rule_group=BASE-M4机制转译,0.2
M5-BASE-198,K03 单通道替代｜匹配模式路由,L4 M4机制转译,BASE-M4机制转译,通用,路由,K03 单通道替代,FM03 先后接力,完成用户自身功能成熟度、对方补位方式和权力边界检查。,只因两人相同或相反就判定同频／互补。,由共享基础引擎提供；只修正用户能否承载、表达和共同执行适配结构，不直接等同成熟度、道德或关系结果。,由M2提供；夫妻星和关系门槛只说明准入议题，不单独证明长期适配。,由M3-BASE与共享引擎提供；日支近位提高亲密关系相关性，但不得把日支直接写成配偶性格。,无／按本规则指定功能链或接口路由。,由共享基础引擎判定；近位提高直接相关性，远位仅作背景、阶段或条件性修正。,根气只修正该功能是否容易重复调用，不等于现实中已经形成成熟能力。,旺弱只修正调用强度与承载；强不自动适配，弱也不自动缺失。,喜忌只修正顺畅度、摩擦与平衡，不可直接翻译为好坏、理想伴侣或关系结果。,原十神性质有效；真合化成立时按化神功能替换，合化争议时停止定性。,近位提高进入亲密关系核心的概率；远位只保留背景、条件性或低置信修正。,78,FM03 先后接力 候选 +8,similarity_complement_mode,K03 单通道替代优先路由至FM03 先后接力。,更合适的匹配方式更接近：FM03 先后接力。,不得仅凭本规则推出某类人必然适合或不适合、婚姻必然成功、忠诚度、职业收入、外貌家庭、五行生肖匹配，或要求用户容忍伤害；现实安全、行为、反例与双方意愿优先。,中低,待验证,,m4_mechanism=K03; provisional=true; rule_group=BASE-M4机制转译,0.2
M5-BASE-199,K03 单通道替代｜伪适配风险,L4 M4机制转译,BASE-M4机制转译,通用,边界,K03 单通道替代,PM伪适配,准备输出互补、制衡或接力结论。,无,由共享基础引擎提供；只修正用户能否承载、表达和共同执行适配结构，不直接等同成熟度、道德或关系结果。,由M2提供；夫妻星和关系门槛只说明准入议题，不单独证明长期适配。,由M3-BASE与共享引擎提供；日支近位提高亲密关系相关性，但不得把日支直接写成配偶性格。,无／按本规则指定功能链或接口路由。,由共享基础引擎判定；近位提高直接相关性，远位仅作背景、阶段或条件性修正。,根气只修正该功能是否容易重复调用，不等于现实中已经形成成熟能力。,旺弱只修正调用强度与承载；强不自动适配，弱也不自动缺失。,喜忌只修正顺畅度、摩擦与平衡，不可直接翻译为好坏、理想伴侣或关系结果。,原十神性质有效；真合化成立时按化神功能替换，合化争议时停止定性。,近位提高进入亲密关系核心的概率；远位只保留背景、条件性或低置信修正。,95,不加分；伪适配检查,boundary_note,增加同一种功能的数量，不能补上被替代的另一项任务。,需要避免：增加同一种功能的数量，不能补上被替代的另一项任务。,不得仅凭本规则推出某类人必然适合或不适合、婚姻必然成功、忠诚度、职业收入、外貌家庭、五行生肖匹配，或要求用户容忍伤害；现实安全、行为、反例与双方意愿优先。,高,待验证,,m4_mechanism=K03; provisional=true; rule_group=BASE-M4机制转译,0.2
M5-BASE-200,K03 单通道替代｜优先级路由,L4 M4机制转译,BASE-M4机制转译,通用,评分,K03 单通道替代,E等级,M4证据等级和M3功能来源可用。,安全停止或现实反例足以否定。,由共享基础引擎提供；只修正用户能否承载、表达和共同执行适配结构，不直接等同成熟度、道德或关系结果。,由M2提供；夫妻星和关系门槛只说明准入议题，不单独证明长期适配。,由M3-BASE与共享引擎提供；日支近位提高亲密关系相关性，但不得把日支直接写成配偶性格。,无／按本规则指定功能链或接口路由。,由共享基础引擎判定；近位提高直接相关性，远位仅作背景、阶段或条件性修正。,根气只修正该功能是否容易重复调用，不等于现实中已经形成成熟能力。,旺弱只修正调用强度与承载；强不自动适配，弱也不自动缺失。,喜忌只修正顺畅度、摩擦与平衡，不可直接翻译为好坏、理想伴侣或关系结果。,原十神性质有效；真合化成立时按化神功能替换，合化争议时停止定性。,近位提高进入亲密关系核心的概率；远位只保留背景、条件性或低置信修正。,91,E1→PR2；E2且影响核心功能→PR1候选；E3／E4需现实资料进入后续模块,need_priority,M4证据越强，越可能把调节任务提升为核心必要项，但不能跨越现实安全与同源去重。,这项条件的重要程度取决于它是否已经在现实中反复影响关系。,不得仅凭本规则推出某类人必然适合或不适合、婚姻必然成功、忠诚度、职业收入、外貌家庭、五行生肖匹配，或要求用户容忍伤害；现实安全、行为、反例与双方意愿优先。,中高,待验证,,m4_mechanism=K03; provisional=true; rule_group=BASE-M4机制转译,0.2
M5-BASE-201,K03 单通道替代｜标准用户输出,L4 M4机制转译,BASE-M4机制转译,通用,输出,K03 单通道替代,,K03 单通道替代及对应适配任务成立。,只能发布E0或资料不足。,由共享基础引擎提供；只修正用户能否承载、表达和共同执行适配结构，不直接等同成熟度、道德或关系结果。,由M2提供；夫妻星和关系门槛只说明准入议题，不单独证明长期适配。,由M3-BASE与共享引擎提供；日支近位提高亲密关系相关性，但不得把日支直接写成配偶性格。,无／按本规则指定功能链或接口路由。,由共享基础引擎判定；近位提高直接相关性，远位仅作背景、阶段或条件性修正。,根气只修正该功能是否容易重复调用，不等于现实中已经形成成熟能力。,旺弱只修正调用强度与承载；强不自动适配，弱也不自动缺失。,喜忌只修正顺畅度、摩擦与平衡，不可直接翻译为好坏、理想伴侣或关系结果。,原十神性质有效；真合化成立时按化神功能替换，合化争议时停止定性。,近位提高进入亲密关系核心的概率；远位只保留背景、条件性或低置信修正。,74,不加分；生成用户语言,report_text,输出先保留正常功能，再说明需要怎样的结构防止它失衡。,关系需要把不同任务分开完成，而不是用一种擅长方式包办所有问题。,不得仅凭本规则推出某类人必然适合或不适合、婚姻必然成功、忠诚度、职业收入、外貌家庭、五行生肖匹配，或要求用户容忍伤害；现实安全、行为、反例与双方意愿优先。,中高,待验证,,m4_mechanism=K03; provisional=true; rule_group=BASE-M4机制转译,0.2
M5-BASE-202,K04 处理顺序错位｜适配任务定义,L4 M4机制转译,BASE-M4机制转译,通用,接口,K04 处理顺序错位,M4-OVERUSE／LOOP／REPAIR,M4的K04达到E1以上。,只有单一十神标签或机制未明确。,由共享基础引擎提供；只修正用户能否承载、表达和共同执行适配结构，不直接等同成熟度、道德或关系结果。,由M2提供；夫妻星和关系门槛只说明准入议题，不单独证明长期适配。,由M3-BASE与共享引擎提供；日支近位提高亲密关系相关性，但不得把日支直接写成配偶性格。,无／按本规则指定功能链或接口路由。,由共享基础引擎判定；近位提高直接相关性，远位仅作背景、阶段或条件性修正。,根气只修正该功能是否容易重复调用，不等于现实中已经形成成熟能力。,旺弱只修正调用强度与承载；强不自动适配，弱也不自动缺失。,喜忌只修正顺畅度、摩擦与平衡，不可直接翻译为好坏、理想伴侣或关系结果。,原十神性质有效；真合化成立时按化神功能替换，合化争议时停止定性。,近位提高进入亲密关系核心的概率；远位只保留背景、条件性或低置信修正。,92,K04 处理顺序错位 +18 适配任务,primary_fit_need,让两项已有功能在更合适的先后和阶段进入。,更适合你的关系会把处理顺序说清，并确保被延后的步骤最终回来。,不得仅凭本规则推出某类人必然适合或不适合、婚姻必然成功、忠诚度、职业收入、外貌家庭、五行生肖匹配，或要求用户容忍伤害；现实安全、行为、反例与双方意愿优先。,中高,待验证,,m4_mechanism=K04; provisional=true; rule_group=BASE-M4机制转译,0.2
M5-BASE-203,K04 处理顺序错位｜伴侣行为要求,L4 M4机制转译,BASE-M4机制转译,通用,行为,K04 处理顺序错位,可观察行为,K04 处理顺序错位已成为主或次适配任务。,只能提供人格标签，不能说明实际行为。,由共享基础引擎提供；只修正用户能否承载、表达和共同执行适配结构，不直接等同成熟度、道德或关系结果。,由M2提供；夫妻星和关系门槛只说明准入议题，不单独证明长期适配。,由M3-BASE与共享引擎提供；日支近位提高亲密关系相关性，但不得把日支直接写成配偶性格。,无／按本规则指定功能链或接口路由。,由共享基础引擎判定；近位提高直接相关性，远位仅作背景、阶段或条件性修正。,根气只修正该功能是否容易重复调用，不等于现实中已经形成成熟能力。,旺弱只修正调用强度与承载；强不自动适配，弱也不自动缺失。,喜忌只修正顺畅度、摩擦与平衡，不可直接翻译为好坏、理想伴侣或关系结果。,原十神性质有效；真合化成立时按化神功能替换，合化争议时停止定性。,近位提高进入亲密关系核心的概率；远位只保留背景、条件性或低置信修正。,86,K04 处理顺序错位 +12 行为候选,required_partner_behaviors,能识别当前先处理什么，并主动约定第二步和回访时间。,可以观察对方是否会：能识别当前先处理什么，并主动约定第二步和回访时间。,不得仅凭本规则推出某类人必然适合或不适合、婚姻必然成功、忠诚度、职业收入、外貌家庭、五行生肖匹配，或要求用户容忍伤害；现实安全、行为、反例与双方意愿优先。,中,待验证,,m4_mechanism=K04; provisional=true; rule_group=BASE-M4机制转译,0.2
M5-BASE-204,K04 处理顺序错位｜互动结构,L4 M4机制转译,BASE-M4机制转译,通用,结构,K04 处理顺序错位,FM03先后接力＋明确回流点。,双方都愿意参与结构执行和反馈。,结构只靠一方长期承担或牺牲。,由共享基础引擎提供；只修正用户能否承载、表达和共同执行适配结构，不直接等同成熟度、道德或关系结果。,由M2提供；夫妻星和关系门槛只说明准入议题，不单独证明长期适配。,由M3-BASE与共享引擎提供；日支近位提高亲密关系相关性，但不得把日支直接写成配偶性格。,无／按本规则指定功能链或接口路由。,由共享基础引擎判定；近位提高直接相关性，远位仅作背景、阶段或条件性修正。,根气只修正该功能是否容易重复调用，不等于现实中已经形成成熟能力。,旺弱只修正调用强度与承载；强不自动适配，弱也不自动缺失。,喜忌只修正顺畅度、摩擦与平衡，不可直接翻译为好坏、理想伴侣或关系结果。,原十神性质有效；真合化成立时按化神功能替换，合化争议时停止定性。,近位提高进入亲密关系核心的概率；远位只保留背景、条件性或低置信修正。,84,K04 处理顺序错位 +10 结构候选,interaction_structure,FM03先后接力＋明确回流点。,更适合采用的结构是：FM03先后接力＋明确回流点。,不得仅凭本规则推出某类人必然适合或不适合、婚姻必然成功、忠诚度、职业收入、外貌家庭、五行生肖匹配，或要求用户容忍伤害；现实安全、行为、反例与双方意愿优先。,中,待验证,,m4_mechanism=K04; provisional=true; rule_group=BASE-M4机制转译,0.2
M5-BASE-205,K04 处理顺序错位｜匹配模式路由,L4 M4机制转译,BASE-M4机制转译,通用,路由,K04 处理顺序错位,FM03 先后接力,完成用户自身功能成熟度、对方补位方式和权力边界检查。,只因两人相同或相反就判定同频／互补。,由共享基础引擎提供；只修正用户能否承载、表达和共同执行适配结构，不直接等同成熟度、道德或关系结果。,由M2提供；夫妻星和关系门槛只说明准入议题，不单独证明长期适配。,由M3-BASE与共享引擎提供；日支近位提高亲密关系相关性，但不得把日支直接写成配偶性格。,无／按本规则指定功能链或接口路由。,由共享基础引擎判定；近位提高直接相关性，远位仅作背景、阶段或条件性修正。,根气只修正该功能是否容易重复调用，不等于现实中已经形成成熟能力。,旺弱只修正调用强度与承载；强不自动适配，弱也不自动缺失。,喜忌只修正顺畅度、摩擦与平衡，不可直接翻译为好坏、理想伴侣或关系结果。,原十神性质有效；真合化成立时按化神功能替换，合化争议时停止定性。,近位提高进入亲密关系核心的概率；远位只保留背景、条件性或低置信修正。,78,FM03 先后接力 候选 +8,similarity_complement_mode,K04 处理顺序错位优先路由至FM03 先后接力。,更合适的匹配方式更接近：FM03 先后接力。,不得仅凭本规则推出某类人必然适合或不适合、婚姻必然成功、忠诚度、职业收入、外貌家庭、五行生肖匹配，或要求用户容忍伤害；现实安全、行为、反例与双方意愿优先。,中低,待验证,,m4_mechanism=K04; provisional=true; rule_group=BASE-M4机制转译,0.2
M5-BASE-206,K04 处理顺序错位｜伪适配风险,L4 M4机制转译,BASE-M4机制转译,通用,边界,K04 处理顺序错位,PM伪适配,准备输出互补、制衡或接力结论。,无,由共享基础引擎提供；只修正用户能否承载、表达和共同执行适配结构，不直接等同成熟度、道德或关系结果。,由M2提供；夫妻星和关系门槛只说明准入议题，不单独证明长期适配。,由M3-BASE与共享引擎提供；日支近位提高亲密关系相关性，但不得把日支直接写成配偶性格。,无／按本规则指定功能链或接口路由。,由共享基础引擎判定；近位提高直接相关性，远位仅作背景、阶段或条件性修正。,根气只修正该功能是否容易重复调用，不等于现实中已经形成成熟能力。,旺弱只修正调用强度与承载；强不自动适配，弱也不自动缺失。,喜忌只修正顺畅度、摩擦与平衡，不可直接翻译为好坏、理想伴侣或关系结果。,原十神性质有效；真合化成立时按化神功能替换，合化争议时停止定性。,近位提高进入亲密关系核心的概率；远位只保留背景、条件性或低置信修正。,95,不加分；伪适配检查,boundary_note,先后本身不是问题；真正的问题是后续必要步骤长期没有回来。,需要避免：先后本身不是问题；真正的问题是后续必要步骤长期没有回来。,不得仅凭本规则推出某类人必然适合或不适合、婚姻必然成功、忠诚度、职业收入、外貌家庭、五行生肖匹配，或要求用户容忍伤害；现实安全、行为、反例与双方意愿优先。,高,待验证,,m4_mechanism=K04; provisional=true; rule_group=BASE-M4机制转译,0.2
M5-BASE-207,K04 处理顺序错位｜优先级路由,L4 M4机制转译,BASE-M4机制转译,通用,评分,K04 处理顺序错位,E等级,M4证据等级和M3功能来源可用。,安全停止或现实反例足以否定。,由共享基础引擎提供；只修正用户能否承载、表达和共同执行适配结构，不直接等同成熟度、道德或关系结果。,由M2提供；夫妻星和关系门槛只说明准入议题，不单独证明长期适配。,由M3-BASE与共享引擎提供；日支近位提高亲密关系相关性，但不得把日支直接写成配偶性格。,无／按本规则指定功能链或接口路由。,由共享基础引擎判定；近位提高直接相关性，远位仅作背景、阶段或条件性修正。,根气只修正该功能是否容易重复调用，不等于现实中已经形成成熟能力。,旺弱只修正调用强度与承载；强不自动适配，弱也不自动缺失。,喜忌只修正顺畅度、摩擦与平衡，不可直接翻译为好坏、理想伴侣或关系结果。,原十神性质有效；真合化成立时按化神功能替换，合化争议时停止定性。,近位提高进入亲密关系核心的概率；远位只保留背景、条件性或低置信修正。,91,E1→PR2；E2且影响核心功能→PR1候选；E3／E4需现实资料进入后续模块,need_priority,M4证据越强，越可能把调节任务提升为核心必要项，但不能跨越现实安全与同源去重。,这项条件的重要程度取决于它是否已经在现实中反复影响关系。,不得仅凭本规则推出某类人必然适合或不适合、婚姻必然成功、忠诚度、职业收入、外貌家庭、五行生肖匹配，或要求用户容忍伤害；现实安全、行为、反例与双方意愿优先。,中高,待验证,,m4_mechanism=K04; provisional=true; rule_group=BASE-M4机制转译,0.2
M5-BASE-208,K04 处理顺序错位｜标准用户输出,L4 M4机制转译,BASE-M4机制转译,通用,输出,K04 处理顺序错位,,K04 处理顺序错位及对应适配任务成立。,只能发布E0或资料不足。,由共享基础引擎提供；只修正用户能否承载、表达和共同执行适配结构，不直接等同成熟度、道德或关系结果。,由M2提供；夫妻星和关系门槛只说明准入议题，不单独证明长期适配。,由M3-BASE与共享引擎提供；日支近位提高亲密关系相关性，但不得把日支直接写成配偶性格。,无／按本规则指定功能链或接口路由。,由共享基础引擎判定；近位提高直接相关性，远位仅作背景、阶段或条件性修正。,根气只修正该功能是否容易重复调用，不等于现实中已经形成成熟能力。,旺弱只修正调用强度与承载；强不自动适配，弱也不自动缺失。,喜忌只修正顺畅度、摩擦与平衡，不可直接翻译为好坏、理想伴侣或关系结果。,原十神性质有效；真合化成立时按化神功能替换，合化争议时停止定性。,近位提高进入亲密关系核心的概率；远位只保留背景、条件性或低置信修正。,74,不加分；生成用户语言,report_text,输出先保留正常功能，再说明需要怎样的结构防止它失衡。,更适合你的关系会把处理顺序说清，并确保被延后的步骤最终回来。,不得仅凭本规则推出某类人必然适合或不适合、婚姻必然成功、忠诚度、职业收入、外貌家庭、五行生肖匹配，或要求用户容忍伤害；现实安全、行为、反例与双方意愿优先。,中高,待验证,,m4_mechanism=K04; provisional=true; rule_group=BASE-M4机制转译,0.2
M5-BASE-209,K05 双通道竞争｜适配任务定义,L4 M4机制转译,BASE-M4机制转译,通用,接口,K05 双通道竞争,M4-OVERUSE／LOOP／REPAIR,M4的K05达到E1以上。,只有单一十神标签或机制未明确。,由共享基础引擎提供；只修正用户能否承载、表达和共同执行适配结构，不直接等同成熟度、道德或关系结果。,由M2提供；夫妻星和关系门槛只说明准入议题，不单独证明长期适配。,由M3-BASE与共享引擎提供；日支近位提高亲密关系相关性，但不得把日支直接写成配偶性格。,无／按本规则指定功能链或接口路由。,由共享基础引擎判定；近位提高直接相关性，远位仅作背景、阶段或条件性修正。,根气只修正该功能是否容易重复调用，不等于现实中已经形成成熟能力。,旺弱只修正调用强度与承载；强不自动适配，弱也不自动缺失。,喜忌只修正顺畅度、摩擦与平衡，不可直接翻译为好坏、理想伴侣或关系结果。,原十神性质有效；真合化成立时按化神功能替换，合化争议时停止定性。,近位提高进入亲密关系核心的概率；远位只保留背景、条件性或低置信修正。,92,K05 双通道竞争 +18 适配任务,primary_fit_need,为两项合理功能建立分工、优先级和共同决定领域。,更适合的是分工清楚、决定权透明，并允许根据阶段重新协商的关系。,不得仅凭本规则推出某类人必然适合或不适合、婚姻必然成功、忠诚度、职业收入、外貌家庭、五行生肖匹配，或要求用户容忍伤害；现实安全、行为、反例与双方意愿优先。,中高,待验证,,m4_mechanism=K05; provisional=true; rule_group=BASE-M4机制转译,0.2
M5-BASE-210,K05 双通道竞争｜伴侣行为要求,L4 M4机制转译,BASE-M4机制转译,通用,行为,K05 双通道竞争,可观察行为,K05 双通道竞争已成为主或次适配任务。,只能提供人格标签，不能说明实际行为。,由共享基础引擎提供；只修正用户能否承载、表达和共同执行适配结构，不直接等同成熟度、道德或关系结果。,由M2提供；夫妻星和关系门槛只说明准入议题，不单独证明长期适配。,由M3-BASE与共享引擎提供；日支近位提高亲密关系相关性，但不得把日支直接写成配偶性格。,无／按本规则指定功能链或接口路由。,由共享基础引擎判定；近位提高直接相关性，远位仅作背景、阶段或条件性修正。,根气只修正该功能是否容易重复调用，不等于现实中已经形成成熟能力。,旺弱只修正调用强度与承载；强不自动适配，弱也不自动缺失。,喜忌只修正顺畅度、摩擦与平衡，不可直接翻译为好坏、理想伴侣或关系结果。,原十神性质有效；真合化成立时按化神功能替换，合化争议时停止定性。,近位提高进入亲密关系核心的概率；远位只保留背景、条件性或低置信修正。,86,K05 双通道竞争 +12 行为候选,required_partner_behaviors,不会要求一方永远让步；能区分谁负责、哪些共同决定、何时重谈。,可以观察对方是否会：不会要求一方永远让步；能区分谁负责、哪些共同决定、何时重谈。,不得仅凭本规则推出某类人必然适合或不适合、婚姻必然成功、忠诚度、职业收入、外貌家庭、五行生肖匹配，或要求用户容忍伤害；现实安全、行为、反例与双方意愿优先。,中,待验证,,m4_mechanism=K05; provisional=true; rule_group=BASE-M4机制转译,0.2
M5-BASE-211,K05 双通道竞争｜互动结构,L4 M4机制转译,BASE-M4机制转译,通用,结构,K05 双通道竞争,FM04角色分工＋FM05双向制衡。,双方都愿意参与结构执行和反馈。,结构只靠一方长期承担或牺牲。,由共享基础引擎提供；只修正用户能否承载、表达和共同执行适配结构，不直接等同成熟度、道德或关系结果。,由M2提供；夫妻星和关系门槛只说明准入议题，不单独证明长期适配。,由M3-BASE与共享引擎提供；日支近位提高亲密关系相关性，但不得把日支直接写成配偶性格。,无／按本规则指定功能链或接口路由。,由共享基础引擎判定；近位提高直接相关性，远位仅作背景、阶段或条件性修正。,根气只修正该功能是否容易重复调用，不等于现实中已经形成成熟能力。,旺弱只修正调用强度与承载；强不自动适配，弱也不自动缺失。,喜忌只修正顺畅度、摩擦与平衡，不可直接翻译为好坏、理想伴侣或关系结果。,原十神性质有效；真合化成立时按化神功能替换，合化争议时停止定性。,近位提高进入亲密关系核心的概率；远位只保留背景、条件性或低置信修正。,84,K05 双通道竞争 +10 结构候选,interaction_structure,FM04角色分工＋FM05双向制衡。,更适合采用的结构是：FM04角色分工＋FM05双向制衡。,不得仅凭本规则推出某类人必然适合或不适合、婚姻必然成功、忠诚度、职业收入、外貌家庭、五行生肖匹配，或要求用户容忍伤害；现实安全、行为、反例与双方意愿优先。,中,待验证,,m4_mechanism=K05; provisional=true; rule_group=BASE-M4机制转译,0.2
M5-BASE-212,K05 双通道竞争｜匹配模式路由,L4 M4机制转译,BASE-M4机制转译,通用,路由,K05 双通道竞争,FM04 角色分工／FM05 双向制衡,完成用户自身功能成熟度、对方补位方式和权力边界检查。,只因两人相同或相反就判定同频／互补。,由共享基础引擎提供；只修正用户能否承载、表达和共同执行适配结构，不直接等同成熟度、道德或关系结果。,由M2提供；夫妻星和关系门槛只说明准入议题，不单独证明长期适配。,由M3-BASE与共享引擎提供；日支近位提高亲密关系相关性，但不得把日支直接写成配偶性格。,无／按本规则指定功能链或接口路由。,由共享基础引擎判定；近位提高直接相关性，远位仅作背景、阶段或条件性修正。,根气只修正该功能是否容易重复调用，不等于现实中已经形成成熟能力。,旺弱只修正调用强度与承载；强不自动适配，弱也不自动缺失。,喜忌只修正顺畅度、摩擦与平衡，不可直接翻译为好坏、理想伴侣或关系结果。,原十神性质有效；真合化成立时按化神功能替换，合化争议时停止定性。,近位提高进入亲密关系核心的概率；远位只保留背景、条件性或低置信修正。,78,FM04 角色分工／FM05 双向制衡 候选 +8,similarity_complement_mode,K05 双通道竞争优先路由至FM04 角色分工／FM05 双向制衡。,更合适的匹配方式更接近：FM04 角色分工／FM05 双向制衡。,不得仅凭本规则推出某类人必然适合或不适合、婚姻必然成功、忠诚度、职业收入、外貌家庭、五行生肖匹配，或要求用户容忍伤害；现实安全、行为、反例与双方意愿优先。,中低,待验证,,m4_mechanism=K05; provisional=true; rule_group=BASE-M4机制转译,0.2
M5-BASE-213,K05 双通道竞争｜伪适配风险,L4 M4机制转译,BASE-M4机制转译,通用,边界,K05 双通道竞争,PM伪适配,准备输出互补、制衡或接力结论。,无,由共享基础引擎提供；只修正用户能否承载、表达和共同执行适配结构，不直接等同成熟度、道德或关系结果。,由M2提供；夫妻星和关系门槛只说明准入议题，不单独证明长期适配。,由M3-BASE与共享引擎提供；日支近位提高亲密关系相关性，但不得把日支直接写成配偶性格。,无／按本规则指定功能链或接口路由。,由共享基础引擎判定；近位提高直接相关性，远位仅作背景、阶段或条件性修正。,根气只修正该功能是否容易重复调用，不等于现实中已经形成成熟能力。,旺弱只修正调用强度与承载；强不自动适配，弱也不自动缺失。,喜忌只修正顺畅度、摩擦与平衡，不可直接翻译为好坏、理想伴侣或关系结果。,原十神性质有效；真合化成立时按化神功能替换，合化争议时停止定性。,近位提高进入亲密关系核心的概率；远位只保留背景、条件性或低置信修正。,95,不加分；伪适配检查,boundary_note,所谓平衡若依赖一方长期压抑或牺牲，只是伪适配。,需要避免：所谓平衡若依赖一方长期压抑或牺牲，只是伪适配。,不得仅凭本规则推出某类人必然适合或不适合、婚姻必然成功、忠诚度、职业收入、外貌家庭、五行生肖匹配，或要求用户容忍伤害；现实安全、行为、反例与双方意愿优先。,高,待验证,,m4_mechanism=K05; provisional=true; rule_group=BASE-M4机制转译,0.2
M5-BASE-214,K05 双通道竞争｜优先级路由,L4 M4机制转译,BASE-M4机制转译,通用,评分,K05 双通道竞争,E等级,M4证据等级和M3功能来源可用。,安全停止或现实反例足以否定。,由共享基础引擎提供；只修正用户能否承载、表达和共同执行适配结构，不直接等同成熟度、道德或关系结果。,由M2提供；夫妻星和关系门槛只说明准入议题，不单独证明长期适配。,由M3-BASE与共享引擎提供；日支近位提高亲密关系相关性，但不得把日支直接写成配偶性格。,无／按本规则指定功能链或接口路由。,由共享基础引擎判定；近位提高直接相关性，远位仅作背景、阶段或条件性修正。,根气只修正该功能是否容易重复调用，不等于现实中已经形成成熟能力。,旺弱只修正调用强度与承载；强不自动适配，弱也不自动缺失。,喜忌只修正顺畅度、摩擦与平衡，不可直接翻译为好坏、理想伴侣或关系结果。,原十神性质有效；真合化成立时按化神功能替换，合化争议时停止定性。,近位提高进入亲密关系核心的概率；远位只保留背景、条件性或低置信修正。,91,E1→PR2；E2且影响核心功能→PR1候选；E3／E4需现实资料进入后续模块,need_priority,M4证据越强，越可能把调节任务提升为核心必要项，但不能跨越现实安全与同源去重。,这项条件的重要程度取决于它是否已经在现实中反复影响关系。,不得仅凭本规则推出某类人必然适合或不适合、婚姻必然成功、忠诚度、职业收入、外貌家庭、五行生肖匹配，或要求用户容忍伤害；现实安全、行为、反例与双方意愿优先。,中高,待验证,,m4_mechanism=K05; provisional=true; rule_group=BASE-M4机制转译,0.2
M5-BASE-215,K05 双通道竞争｜标准用户输出,L4 M4机制转译,BASE-M4机制转译,通用,输出,K05 双通道竞争,,K05 双通道竞争及对应适配任务成立。,只能发布E0或资料不足。,由共享基础引擎提供；只修正用户能否承载、表达和共同执行适配结构，不直接等同成熟度、道德或关系结果。,由M2提供；夫妻星和关系门槛只说明准入议题，不单独证明长期适配。,由M3-BASE与共享引擎提供；日支近位提高亲密关系相关性，但不得把日支直接写成配偶性格。,无／按本规则指定功能链或接口路由。,由共享基础引擎判定；近位提高直接相关性，远位仅作背景、阶段或条件性修正。,根气只修正该功能是否容易重复调用，不等于现实中已经形成成熟能力。,旺弱只修正调用强度与承载；强不自动适配，弱也不自动缺失。,喜忌只修正顺畅度、摩擦与平衡，不可直接翻译为好坏、理想伴侣或关系结果。,原十神性质有效；真合化成立时按化神功能替换，合化争议时停止定性。,近位提高进入亲密关系核心的概率；远位只保留背景、条件性或低置信修正。,74,不加分；生成用户语言,report_text,输出先保留正常功能，再说明需要怎样的结构防止它失衡。,更适合的是分工清楚、决定权透明，并允许根据阶段重新协商的关系。,不得仅凭本规则推出某类人必然适合或不适合、婚姻必然成功、忠诚度、职业收入、外貌家庭、五行生肖匹配，或要求用户容忍伤害；现实安全、行为、反例与双方意愿优先。,中高,待验证,,m4_mechanism=K05; provisional=true; rule_group=BASE-M4机制转译,0.2
M5-BASE-216,K06 功能转换受阻｜适配任务定义,L4 M4机制转译,BASE-M4机制转译,通用,接口,K06 功能转换受阻,M4-OVERUSE／LOOP／REPAIR,M4的K06达到E1以上。,只有单一十神标签或机制未明确。,由共享基础引擎提供；只修正用户能否承载、表达和共同执行适配结构，不直接等同成熟度、道德或关系结果。,由M2提供；夫妻星和关系门槛只说明准入议题，不单独证明长期适配。,由M3-BASE与共享引擎提供；日支近位提高亲密关系相关性，但不得把日支直接写成配偶性格。,无／按本规则指定功能链或接口路由。,由共享基础引擎判定；近位提高直接相关性，远位仅作背景、阶段或条件性修正。,根气只修正该功能是否容易重复调用，不等于现实中已经形成成熟能力。,旺弱只修正调用强度与承载；强不自动适配，弱也不自动缺失。,喜忌只修正顺畅度、摩擦与平衡，不可直接翻译为好坏、理想伴侣或关系结果。,原十神性质有效；真合化成立时按化神功能替换，合化争议时停止定性。,近位提高进入亲密关系核心的概率；远位只保留背景、条件性或低置信修正。,92,K06 功能转换受阻 +18 适配任务,primary_fit_need,为第一步和下一项必要功能之间建立可执行桥梁。,关系关键不只是做对第一步，而是第一步能不能顺利转成下一步。,不得仅凭本规则推出某类人必然适合或不适合、婚姻必然成功、忠诚度、职业收入、外貌家庭、五行生肖匹配，或要求用户容忍伤害；现实安全、行为、反例与双方意愿优先。,中高,待验证,,m4_mechanism=K06; provisional=true; rule_group=BASE-M4机制转译,0.2
M5-BASE-217,K06 功能转换受阻｜伴侣行为要求,L4 M4机制转译,BASE-M4机制转译,通用,行为,K06 功能转换受阻,可观察行为,K06 功能转换受阻已成为主或次适配任务。,只能提供人格标签，不能说明实际行为。,由共享基础引擎提供；只修正用户能否承载、表达和共同执行适配结构，不直接等同成熟度、道德或关系结果。,由M2提供；夫妻星和关系门槛只说明准入议题，不单独证明长期适配。,由M3-BASE与共享引擎提供；日支近位提高亲密关系相关性，但不得把日支直接写成配偶性格。,无／按本规则指定功能链或接口路由。,由共享基础引擎判定；近位提高直接相关性，远位仅作背景、阶段或条件性修正。,根气只修正该功能是否容易重复调用，不等于现实中已经形成成熟能力。,旺弱只修正调用强度与承载；强不自动适配，弱也不自动缺失。,喜忌只修正顺畅度、摩擦与平衡，不可直接翻译为好坏、理想伴侣或关系结果。,原十神性质有效；真合化成立时按化神功能替换，合化争议时停止定性。,近位提高进入亲密关系核心的概率；远位只保留背景、条件性或低置信修正。,86,K06 功能转换受阻 +12 行为候选,required_partner_behaviors,会把话转成行动、投入转成承诺、解决转成安全，且留下反馈记录。,可以观察对方是否会：会把话转成行动、投入转成承诺、解决转成安全，且留下反馈记录。,不得仅凭本规则推出某类人必然适合或不适合、婚姻必然成功、忠诚度、职业收入、外貌家庭、五行生肖匹配，或要求用户容忍伤害；现实安全、行为、反例与双方意愿优先。,中,待验证,,m4_mechanism=K06; provisional=true; rule_group=BASE-M4机制转译,0.2
M5-BASE-218,K06 功能转换受阻｜互动结构,L4 M4机制转译,BASE-M4机制转译,通用,结构,K06 功能转换受阻,FM03先后接力＋五条适配接力链。,双方都愿意参与结构执行和反馈。,结构只靠一方长期承担或牺牲。,由共享基础引擎提供；只修正用户能否承载、表达和共同执行适配结构，不直接等同成熟度、道德或关系结果。,由M2提供；夫妻星和关系门槛只说明准入议题，不单独证明长期适配。,由M3-BASE与共享引擎提供；日支近位提高亲密关系相关性，但不得把日支直接写成配偶性格。,无／按本规则指定功能链或接口路由。,由共享基础引擎判定；近位提高直接相关性，远位仅作背景、阶段或条件性修正。,根气只修正该功能是否容易重复调用，不等于现实中已经形成成熟能力。,旺弱只修正调用强度与承载；强不自动适配，弱也不自动缺失。,喜忌只修正顺畅度、摩擦与平衡，不可直接翻译为好坏、理想伴侣或关系结果。,原十神性质有效；真合化成立时按化神功能替换，合化争议时停止定性。,近位提高进入亲密关系核心的概率；远位只保留背景、条件性或低置信修正。,84,K06 功能转换受阻 +10 结构候选,interaction_structure,FM03先后接力＋五条适配接力链。,更适合采用的结构是：FM03先后接力＋五条适配接力链。,不得仅凭本规则推出某类人必然适合或不适合、婚姻必然成功、忠诚度、职业收入、外貌家庭、五行生肖匹配，或要求用户容忍伤害；现实安全、行为、反例与双方意愿优先。,中,待验证,,m4_mechanism=K06; provisional=true; rule_group=BASE-M4机制转译,0.2
M5-BASE-219,K06 功能转换受阻｜匹配模式路由,L4 M4机制转译,BASE-M4机制转译,通用,路由,K06 功能转换受阻,FM03 先后接力,完成用户自身功能成熟度、对方补位方式和权力边界检查。,只因两人相同或相反就判定同频／互补。,由共享基础引擎提供；只修正用户能否承载、表达和共同执行适配结构，不直接等同成熟度、道德或关系结果。,由M2提供；夫妻星和关系门槛只说明准入议题，不单独证明长期适配。,由M3-BASE与共享引擎提供；日支近位提高亲密关系相关性，但不得把日支直接写成配偶性格。,无／按本规则指定功能链或接口路由。,由共享基础引擎判定；近位提高直接相关性，远位仅作背景、阶段或条件性修正。,根气只修正该功能是否容易重复调用，不等于现实中已经形成成熟能力。,旺弱只修正调用强度与承载；强不自动适配，弱也不自动缺失。,喜忌只修正顺畅度、摩擦与平衡，不可直接翻译为好坏、理想伴侣或关系结果。,原十神性质有效；真合化成立时按化神功能替换，合化争议时停止定性。,近位提高进入亲密关系核心的概率；远位只保留背景、条件性或低置信修正。,78,FM03 先后接力 候选 +8,similarity_complement_mode,K06 功能转换受阻优先路由至FM03 先后接力。,更合适的匹配方式更接近：FM03 先后接力。,不得仅凭本规则推出某类人必然适合或不适合、婚姻必然成功、忠诚度、职业收入、外貌家庭、五行生肖匹配，或要求用户容忍伤害；现实安全、行为、反例与双方意愿优先。,中低,待验证,,m4_mechanism=K06; provisional=true; rule_group=BASE-M4机制转译,0.2
M5-BASE-220,K06 功能转换受阻｜伪适配风险,L4 M4机制转译,BASE-M4机制转译,通用,边界,K06 功能转换受阻,PM伪适配,准备输出互补、制衡或接力结论。,无,由共享基础引擎提供；只修正用户能否承载、表达和共同执行适配结构，不直接等同成熟度、道德或关系结果。,由M2提供；夫妻星和关系门槛只说明准入议题，不单独证明长期适配。,由M3-BASE与共享引擎提供；日支近位提高亲密关系相关性，但不得把日支直接写成配偶性格。,无／按本规则指定功能链或接口路由。,由共享基础引擎判定；近位提高直接相关性，远位仅作背景、阶段或条件性修正。,根气只修正该功能是否容易重复调用，不等于现实中已经形成成熟能力。,旺弱只修正调用强度与承载；强不自动适配，弱也不自动缺失。,喜忌只修正顺畅度、摩擦与平衡，不可直接翻译为好坏、理想伴侣或关系结果。,原十神性质有效；真合化成立时按化神功能替换，合化争议时停止定性。,近位提高进入亲密关系核心的概率；远位只保留背景、条件性或低置信修正。,95,不加分；伪适配检查,boundary_note,只完成第一步就宣告结束，会让关系不断卡在同一位置。,需要避免：只完成第一步就宣告结束，会让关系不断卡在同一位置。,不得仅凭本规则推出某类人必然适合或不适合、婚姻必然成功、忠诚度、职业收入、外貌家庭、五行生肖匹配，或要求用户容忍伤害；现实安全、行为、反例与双方意愿优先。,高,待验证,,m4_mechanism=K06; provisional=true; rule_group=BASE-M4机制转译,0.2
M5-BASE-221,K06 功能转换受阻｜优先级路由,L4 M4机制转译,BASE-M4机制转译,通用,评分,K06 功能转换受阻,E等级,M4证据等级和M3功能来源可用。,安全停止或现实反例足以否定。,由共享基础引擎提供；只修正用户能否承载、表达和共同执行适配结构，不直接等同成熟度、道德或关系结果。,由M2提供；夫妻星和关系门槛只说明准入议题，不单独证明长期适配。,由M3-BASE与共享引擎提供；日支近位提高亲密关系相关性，但不得把日支直接写成配偶性格。,无／按本规则指定功能链或接口路由。,由共享基础引擎判定；近位提高直接相关性，远位仅作背景、阶段或条件性修正。,根气只修正该功能是否容易重复调用，不等于现实中已经形成成熟能力。,旺弱只修正调用强度与承载；强不自动适配，弱也不自动缺失。,喜忌只修正顺畅度、摩擦与平衡，不可直接翻译为好坏、理想伴侣或关系结果。,原十神性质有效；真合化成立时按化神功能替换，合化争议时停止定性。,近位提高进入亲密关系核心的概率；远位只保留背景、条件性或低置信修正。,91,E1→PR2；E2且影响核心功能→PR1候选；E3／E4需现实资料进入后续模块,need_priority,M4证据越强，越可能把调节任务提升为核心必要项，但不能跨越现实安全与同源去重。,这项条件的重要程度取决于它是否已经在现实中反复影响关系。,不得仅凭本规则推出某类人必然适合或不适合、婚姻必然成功、忠诚度、职业收入、外貌家庭、五行生肖匹配，或要求用户容忍伤害；现实安全、行为、反例与双方意愿优先。,中高,待验证,,m4_mechanism=K06; provisional=true; rule_group=BASE-M4机制转译,0.2
M5-BASE-222,K06 功能转换受阻｜标准用户输出,L4 M4机制转译,BASE-M4机制转译,通用,输出,K06 功能转换受阻,,K06 功能转换受阻及对应适配任务成立。,只能发布E0或资料不足。,由共享基础引擎提供；只修正用户能否承载、表达和共同执行适配结构，不直接等同成熟度、道德或关系结果。,由M2提供；夫妻星和关系门槛只说明准入议题，不单独证明长期适配。,由M3-BASE与共享引擎提供；日支近位提高亲密关系相关性，但不得把日支直接写成配偶性格。,无／按本规则指定功能链或接口路由。,由共享基础引擎判定；近位提高直接相关性，远位仅作背景、阶段或条件性修正。,根气只修正该功能是否容易重复调用，不等于现实中已经形成成熟能力。,旺弱只修正调用强度与承载；强不自动适配，弱也不自动缺失。,喜忌只修正顺畅度、摩擦与平衡，不可直接翻译为好坏、理想伴侣或关系结果。,原十神性质有效；真合化成立时按化神功能替换，合化争议时停止定性。,近位提高进入亲密关系核心的概率；远位只保留背景、条件性或低置信修正。,74,不加分；生成用户语言,report_text,输出先保留正常功能，再说明需要怎样的结构防止它失衡。,关系关键不只是做对第一步，而是第一步能不能顺利转成下一步。,不得仅凭本规则推出某类人必然适合或不适合、婚姻必然成功、忠诚度、职业收入、外貌家庭、五行生肖匹配，或要求用户容忍伤害；现实安全、行为、反例与双方意愿优先。,中高,待验证,,m4_mechanism=K06; provisional=true; rule_group=BASE-M4机制转译,0.2
M5-BASE-223,K07 反馈回路放大｜适配任务定义,L4 M4机制转译,BASE-M4机制转译,通用,接口,K07 反馈回路放大,M4-OVERUSE／LOOP／REPAIR,M4的K07达到E1以上。,只有单一十神标签或机制未明确。,由共享基础引擎提供；只修正用户能否承载、表达和共同执行适配结构，不直接等同成熟度、道德或关系结果。,由M2提供；夫妻星和关系门槛只说明准入议题，不单独证明长期适配。,由M3-BASE与共享引擎提供；日支近位提高亲密关系相关性，但不得把日支直接写成配偶性格。,无／按本规则指定功能链或接口路由。,由共享基础引擎判定；近位提高直接相关性，远位仅作背景、阶段或条件性修正。,根气只修正该功能是否容易重复调用，不等于现实中已经形成成熟能力。,旺弱只修正调用强度与承载；强不自动适配，弱也不自动缺失。,喜忌只修正顺畅度、摩擦与平衡，不可直接翻译为好坏、理想伴侣或关系结果。,原十神性质有效；真合化成立时按化神功能替换，合化争议时停止定性。,近位提高进入亲密关系核心的概率；远位只保留背景、条件性或低置信修正。,92,K07 反馈回路放大 +18 适配任务,primary_fit_need,在反馈被误读、原反应准备加码之前加入复核、暂停和现实证据。,更适合你的关系会在反应加码前先核对：双方真正理解了什么，哪些证据已经足够。,不得仅凭本规则推出某类人必然适合或不适合、婚姻必然成功、忠诚度、职业收入、外貌家庭、五行生肖匹配，或要求用户容忍伤害；现实安全、行为、反例与双方意愿优先。,中高,待验证,,m4_mechanism=K07; provisional=true; rule_group=BASE-M4机制转译,0.2
M5-BASE-224,K07 反馈回路放大｜伴侣行为要求,L4 M4机制转译,BASE-M4机制转译,通用,行为,K07 反馈回路放大,可观察行为,K07 反馈回路放大已成为主或次适配任务。,只能提供人格标签，不能说明实际行为。,由共享基础引擎提供；只修正用户能否承载、表达和共同执行适配结构，不直接等同成熟度、道德或关系结果。,由M2提供；夫妻星和关系门槛只说明准入议题，不单独证明长期适配。,由M3-BASE与共享引擎提供；日支近位提高亲密关系相关性，但不得把日支直接写成配偶性格。,无／按本规则指定功能链或接口路由。,由共享基础引擎判定；近位提高直接相关性，远位仅作背景、阶段或条件性修正。,根气只修正该功能是否容易重复调用，不等于现实中已经形成成熟能力。,旺弱只修正调用强度与承载；强不自动适配，弱也不自动缺失。,喜忌只修正顺畅度、摩擦与平衡，不可直接翻译为好坏、理想伴侣或关系结果。,原十神性质有效；真合化成立时按化神功能替换，合化争议时停止定性。,近位提高进入亲密关系核心的概率；远位只保留背景、条件性或低置信修正。,86,K07 反馈回路放大 +12 行为候选,required_partner_behaviors,愿意复述理解、确认事实、定义何时信息已经足够，并允许暂不加码。,可以观察对方是否会：愿意复述理解、确认事实、定义何时信息已经足够，并允许暂不加码。,不得仅凭本规则推出某类人必然适合或不适合、婚姻必然成功、忠诚度、职业收入、外貌家庭、五行生肖匹配，或要求用户容忍伤害；现实安全、行为、反例与双方意愿优先。,中,待验证,,m4_mechanism=K07; provisional=true; rule_group=BASE-M4机制转译,0.2
M5-BASE-225,K07 反馈回路放大｜互动结构,L4 M4机制转译,BASE-M4机制转译,通用,结构,K07 反馈回路放大,FM05双向制衡＋复述—验证—再决定。,双方都愿意参与结构执行和反馈。,结构只靠一方长期承担或牺牲。,由共享基础引擎提供；只修正用户能否承载、表达和共同执行适配结构，不直接等同成熟度、道德或关系结果。,由M2提供；夫妻星和关系门槛只说明准入议题，不单独证明长期适配。,由M3-BASE与共享引擎提供；日支近位提高亲密关系相关性，但不得把日支直接写成配偶性格。,无／按本规则指定功能链或接口路由。,由共享基础引擎判定；近位提高直接相关性，远位仅作背景、阶段或条件性修正。,根气只修正该功能是否容易重复调用，不等于现实中已经形成成熟能力。,旺弱只修正调用强度与承载；强不自动适配，弱也不自动缺失。,喜忌只修正顺畅度、摩擦与平衡，不可直接翻译为好坏、理想伴侣或关系结果。,原十神性质有效；真合化成立时按化神功能替换，合化争议时停止定性。,近位提高进入亲密关系核心的概率；远位只保留背景、条件性或低置信修正。,84,K07 反馈回路放大 +10 结构候选,interaction_structure,FM05双向制衡＋复述—验证—再决定。,更适合采用的结构是：FM05双向制衡＋复述—验证—再决定。,不得仅凭本规则推出某类人必然适合或不适合、婚姻必然成功、忠诚度、职业收入、外貌家庭、五行生肖匹配，或要求用户容忍伤害；现实安全、行为、反例与双方意愿优先。,中,待验证,,m4_mechanism=K07; provisional=true; rule_group=BASE-M4机制转译,0.2
M5-BASE-226,K07 反馈回路放大｜匹配模式路由,L4 M4机制转译,BASE-M4机制转译,通用,路由,K07 反馈回路放大,FM05 双向制衡,完成用户自身功能成熟度、对方补位方式和权力边界检查。,只因两人相同或相反就判定同频／互补。,由共享基础引擎提供；只修正用户能否承载、表达和共同执行适配结构，不直接等同成熟度、道德或关系结果。,由M2提供；夫妻星和关系门槛只说明准入议题，不单独证明长期适配。,由M3-BASE与共享引擎提供；日支近位提高亲密关系相关性，但不得把日支直接写成配偶性格。,无／按本规则指定功能链或接口路由。,由共享基础引擎判定；近位提高直接相关性，远位仅作背景、阶段或条件性修正。,根气只修正该功能是否容易重复调用，不等于现实中已经形成成熟能力。,旺弱只修正调用强度与承载；强不自动适配，弱也不自动缺失。,喜忌只修正顺畅度、摩擦与平衡，不可直接翻译为好坏、理想伴侣或关系结果。,原十神性质有效；真合化成立时按化神功能替换，合化争议时停止定性。,近位提高进入亲密关系核心的概率；远位只保留背景、条件性或低置信修正。,78,FM05 双向制衡 候选 +8,similarity_complement_mode,K07 反馈回路放大优先路由至FM05 双向制衡。,更合适的匹配方式更接近：FM05 双向制衡。,不得仅凭本规则推出某类人必然适合或不适合、婚姻必然成功、忠诚度、职业收入、外貌家庭、五行生肖匹配，或要求用户容忍伤害；现实安全、行为、反例与双方意愿优先。,中低,待验证,,m4_mechanism=K07; provisional=true; rule_group=BASE-M4机制转译,0.2
M5-BASE-227,K07 反馈回路放大｜伪适配风险,L4 M4机制转译,BASE-M4机制转译,通用,边界,K07 反馈回路放大,PM伪适配,准备输出互补、制衡或接力结论。,无,由共享基础引擎提供；只修正用户能否承载、表达和共同执行适配结构，不直接等同成熟度、道德或关系结果。,由M2提供；夫妻星和关系门槛只说明准入议题，不单独证明长期适配。,由M3-BASE与共享引擎提供；日支近位提高亲密关系相关性，但不得把日支直接写成配偶性格。,无／按本规则指定功能链或接口路由。,由共享基础引擎判定；近位提高直接相关性，远位仅作背景、阶段或条件性修正。,根气只修正该功能是否容易重复调用，不等于现实中已经形成成熟能力。,旺弱只修正调用强度与承载；强不自动适配，弱也不自动缺失。,喜忌只修正顺畅度、摩擦与平衡，不可直接翻译为好坏、理想伴侣或关系结果。,原十神性质有效；真合化成立时按化神功能替换，合化争议时停止定性。,近位提高进入亲密关系核心的概率；远位只保留背景、条件性或低置信修正。,95,不加分；伪适配检查,boundary_note,更多证明、解释、规则或投入不自动带来更多安全。,需要避免：更多证明、解释、规则或投入不自动带来更多安全。,不得仅凭本规则推出某类人必然适合或不适合、婚姻必然成功、忠诚度、职业收入、外貌家庭、五行生肖匹配，或要求用户容忍伤害；现实安全、行为、反例与双方意愿优先。,高,待验证,,m4_mechanism=K07; provisional=true; rule_group=BASE-M4机制转译,0.2
M5-BASE-228,K07 反馈回路放大｜优先级路由,L4 M4机制转译,BASE-M4机制转译,通用,评分,K07 反馈回路放大,E等级,M4证据等级和M3功能来源可用。,安全停止或现实反例足以否定。,由共享基础引擎提供；只修正用户能否承载、表达和共同执行适配结构，不直接等同成熟度、道德或关系结果。,由M2提供；夫妻星和关系门槛只说明准入议题，不单独证明长期适配。,由M3-BASE与共享引擎提供；日支近位提高亲密关系相关性，但不得把日支直接写成配偶性格。,无／按本规则指定功能链或接口路由。,由共享基础引擎判定；近位提高直接相关性，远位仅作背景、阶段或条件性修正。,根气只修正该功能是否容易重复调用，不等于现实中已经形成成熟能力。,旺弱只修正调用强度与承载；强不自动适配，弱也不自动缺失。,喜忌只修正顺畅度、摩擦与平衡，不可直接翻译为好坏、理想伴侣或关系结果。,原十神性质有效；真合化成立时按化神功能替换，合化争议时停止定性。,近位提高进入亲密关系核心的概率；远位只保留背景、条件性或低置信修正。,91,E1→PR2；E2且影响核心功能→PR1候选；E3／E4需现实资料进入后续模块,need_priority,M4证据越强，越可能把调节任务提升为核心必要项，但不能跨越现实安全与同源去重。,这项条件的重要程度取决于它是否已经在现实中反复影响关系。,不得仅凭本规则推出某类人必然适合或不适合、婚姻必然成功、忠诚度、职业收入、外貌家庭、五行生肖匹配，或要求用户容忍伤害；现实安全、行为、反例与双方意愿优先。,中高,待验证,,m4_mechanism=K07; provisional=true; rule_group=BASE-M4机制转译,0.2
M5-BASE-229,K07 反馈回路放大｜标准用户输出,L4 M4机制转译,BASE-M4机制转译,通用,输出,K07 反馈回路放大,,K07 反馈回路放大及对应适配任务成立。,只能发布E0或资料不足。,由共享基础引擎提供；只修正用户能否承载、表达和共同执行适配结构，不直接等同成熟度、道德或关系结果。,由M2提供；夫妻星和关系门槛只说明准入议题，不单独证明长期适配。,由M3-BASE与共享引擎提供；日支近位提高亲密关系相关性，但不得把日支直接写成配偶性格。,无／按本规则指定功能链或接口路由。,由共享基础引擎判定；近位提高直接相关性，远位仅作背景、阶段或条件性修正。,根气只修正该功能是否容易重复调用，不等于现实中已经形成成熟能力。,旺弱只修正调用强度与承载；强不自动适配，弱也不自动缺失。,喜忌只修正顺畅度、摩擦与平衡，不可直接翻译为好坏、理想伴侣或关系结果。,原十神性质有效；真合化成立时按化神功能替换，合化争议时停止定性。,近位提高进入亲密关系核心的概率；远位只保留背景、条件性或低置信修正。,74,不加分；生成用户语言,report_text,输出先保留正常功能，再说明需要怎样的结构防止它失衡。,更适合你的关系会在反应加码前先核对：双方真正理解了什么，哪些证据已经足够。,不得仅凭本规则推出某类人必然适合或不适合、婚姻必然成功、忠诚度、职业收入、外貌家庭、五行生肖匹配，或要求用户容忍伤害；现实安全、行为、反例与双方意愿优先。,中高,待验证,,m4_mechanism=K07; provisional=true; rule_group=BASE-M4机制转译,0.2
M5-BASE-230,K08 修复断链｜适配任务定义,L4 M4机制转译,BASE-M4机制转译,通用,接口,K08 修复断链,M4-OVERUSE／LOOP／REPAIR,M4的K08达到E1以上。,只有单一十神标签或机制未明确。,由共享基础引擎提供；只修正用户能否承载、表达和共同执行适配结构，不直接等同成熟度、道德或关系结果。,由M2提供；夫妻星和关系门槛只说明准入议题，不单独证明长期适配。,由M3-BASE与共享引擎提供；日支近位提高亲密关系相关性，但不得把日支直接写成配偶性格。,无／按本规则指定功能链或接口路由。,由共享基础引擎判定；近位提高直接相关性，远位仅作背景、阶段或条件性修正。,根气只修正该功能是否容易重复调用，不等于现实中已经形成成熟能力。,旺弱只修正调用强度与承载；强不自动适配，弱也不自动缺失。,喜忌只修正顺畅度、摩擦与平衡，不可直接翻译为好坏、理想伴侣或关系结果。,原十神性质有效；真合化成立时按化神功能替换，合化争议时停止定性。,近位提高进入亲密关系核心的概率；远位只保留背景、条件性或低置信修正。,92,K08 修复断链 +18 适配任务,primary_fit_need,补齐影响、责任、补救、反馈、持续兑现和回访。,更适合你的关系会把修复做完整：不仅停下问题，也会承担、调整、接收反馈并持续回访。,不得仅凭本规则推出某类人必然适合或不适合、婚姻必然成功、忠诚度、职业收入、外貌家庭、五行生肖匹配，或要求用户容忍伤害；现实安全、行为、反例与双方意愿优先。,中高,待验证,,m4_mechanism=K08; provisional=true; rule_group=BASE-M4机制转译,0.2
M5-BASE-231,K08 修复断链｜伴侣行为要求,L4 M4机制转译,BASE-M4机制转译,通用,行为,K08 修复断链,可观察行为,K08 修复断链已成为主或次适配任务。,只能提供人格标签，不能说明实际行为。,由共享基础引擎提供；只修正用户能否承载、表达和共同执行适配结构，不直接等同成熟度、道德或关系结果。,由M2提供；夫妻星和关系门槛只说明准入议题，不单独证明长期适配。,由M3-BASE与共享引擎提供；日支近位提高亲密关系相关性，但不得把日支直接写成配偶性格。,无／按本规则指定功能链或接口路由。,由共享基础引擎判定；近位提高直接相关性，远位仅作背景、阶段或条件性修正。,根气只修正该功能是否容易重复调用，不等于现实中已经形成成熟能力。,旺弱只修正调用强度与承载；强不自动适配，弱也不自动缺失。,喜忌只修正顺畅度、摩擦与平衡，不可直接翻译为好坏、理想伴侣或关系结果。,原十神性质有效；真合化成立时按化神功能替换，合化争议时停止定性。,近位提高进入亲密关系核心的概率；远位只保留背景、条件性或低置信修正。,86,K08 修复断链 +12 行为候选,required_partner_behaviors,不会把不再争吵当作修复完成；愿意接收反馈并持续验证改变。,可以观察对方是否会：不会把不再争吵当作修复完成；愿意接收反馈并持续验证改变。,不得仅凭本规则推出某类人必然适合或不适合、婚姻必然成功、忠诚度、职业收入、外貌家庭、五行生肖匹配，或要求用户容忍伤害；现实安全、行为、反例与双方意愿优先。,中,待验证,,m4_mechanism=K08; provisional=true; rule_group=BASE-M4机制转译,0.2
M5-BASE-232,K08 修复断链｜互动结构,L4 M4机制转译,BASE-M4机制转译,通用,结构,K08 修复断链,FM03先后接力＋FM07共同成长＋IS10修复闭环。,双方都愿意参与结构执行和反馈。,结构只靠一方长期承担或牺牲。,由共享基础引擎提供；只修正用户能否承载、表达和共同执行适配结构，不直接等同成熟度、道德或关系结果。,由M2提供；夫妻星和关系门槛只说明准入议题，不单独证明长期适配。,由M3-BASE与共享引擎提供；日支近位提高亲密关系相关性，但不得把日支直接写成配偶性格。,无／按本规则指定功能链或接口路由。,由共享基础引擎判定；近位提高直接相关性，远位仅作背景、阶段或条件性修正。,根气只修正该功能是否容易重复调用，不等于现实中已经形成成熟能力。,旺弱只修正调用强度与承载；强不自动适配，弱也不自动缺失。,喜忌只修正顺畅度、摩擦与平衡，不可直接翻译为好坏、理想伴侣或关系结果。,原十神性质有效；真合化成立时按化神功能替换，合化争议时停止定性。,近位提高进入亲密关系核心的概率；远位只保留背景、条件性或低置信修正。,84,K08 修复断链 +10 结构候选,interaction_structure,FM03先后接力＋FM07共同成长＋IS10修复闭环。,更适合采用的结构是：FM03先后接力＋FM07共同成长＋IS10修复闭环。,不得仅凭本规则推出某类人必然适合或不适合、婚姻必然成功、忠诚度、职业收入、外貌家庭、五行生肖匹配，或要求用户容忍伤害；现实安全、行为、反例与双方意愿优先。,中,待验证,,m4_mechanism=K08; provisional=true; rule_group=BASE-M4机制转译,0.2
M5-BASE-233,K08 修复断链｜匹配模式路由,L4 M4机制转译,BASE-M4机制转译,通用,路由,K08 修复断链,FM03 先后接力／FM07 共同成长,完成用户自身功能成熟度、对方补位方式和权力边界检查。,只因两人相同或相反就判定同频／互补。,由共享基础引擎提供；只修正用户能否承载、表达和共同执行适配结构，不直接等同成熟度、道德或关系结果。,由M2提供；夫妻星和关系门槛只说明准入议题，不单独证明长期适配。,由M3-BASE与共享引擎提供；日支近位提高亲密关系相关性，但不得把日支直接写成配偶性格。,无／按本规则指定功能链或接口路由。,由共享基础引擎判定；近位提高直接相关性，远位仅作背景、阶段或条件性修正。,根气只修正该功能是否容易重复调用，不等于现实中已经形成成熟能力。,旺弱只修正调用强度与承载；强不自动适配，弱也不自动缺失。,喜忌只修正顺畅度、摩擦与平衡，不可直接翻译为好坏、理想伴侣或关系结果。,原十神性质有效；真合化成立时按化神功能替换，合化争议时停止定性。,近位提高进入亲密关系核心的概率；远位只保留背景、条件性或低置信修正。,78,FM03 先后接力／FM07 共同成长 候选 +8,similarity_complement_mode,K08 修复断链优先路由至FM03 先后接力／FM07 共同成长。,更合适的匹配方式更接近：FM03 先后接力／FM07 共同成长。,不得仅凭本规则推出某类人必然适合或不适合、婚姻必然成功、忠诚度、职业收入、外貌家庭、五行生肖匹配，或要求用户容忍伤害；现实安全、行为、反例与双方意愿优先。,中低,待验证,,m4_mechanism=K08; provisional=true; rule_group=BASE-M4机制转译,0.2
M5-BASE-234,K08 修复断链｜伪适配风险,L4 M4机制转译,BASE-M4机制转译,通用,边界,K08 修复断链,PM伪适配,准备输出互补、制衡或接力结论。,无,由共享基础引擎提供；只修正用户能否承载、表达和共同执行适配结构，不直接等同成熟度、道德或关系结果。,由M2提供；夫妻星和关系门槛只说明准入议题，不单独证明长期适配。,由M3-BASE与共享引擎提供；日支近位提高亲密关系相关性，但不得把日支直接写成配偶性格。,无／按本规则指定功能链或接口路由。,由共享基础引擎判定；近位提高直接相关性，远位仅作背景、阶段或条件性修正。,根气只修正该功能是否容易重复调用，不等于现实中已经形成成熟能力。,旺弱只修正调用强度与承载；强不自动适配，弱也不自动缺失。,喜忌只修正顺畅度、摩擦与平衡，不可直接翻译为好坏、理想伴侣或关系结果。,原十神性质有效；真合化成立时按化神功能替换，合化争议时停止定性。,近位提高进入亲密关系核心的概率；远位只保留背景、条件性或低置信修正。,95,不加分；伪适配检查,boundary_note,一次道歉、一次补偿或短期和好不能替代完整修复。,需要避免：一次道歉、一次补偿或短期和好不能替代完整修复。,不得仅凭本规则推出某类人必然适合或不适合、婚姻必然成功、忠诚度、职业收入、外貌家庭、五行生肖匹配，或要求用户容忍伤害；现实安全、行为、反例与双方意愿优先。,高,待验证,,m4_mechanism=K08; provisional=true; rule_group=BASE-M4机制转译,0.2
M5-BASE-235,K08 修复断链｜优先级路由,L4 M4机制转译,BASE-M4机制转译,通用,评分,K08 修复断链,E等级,M4证据等级和M3功能来源可用。,安全停止或现实反例足以否定。,由共享基础引擎提供；只修正用户能否承载、表达和共同执行适配结构，不直接等同成熟度、道德或关系结果。,由M2提供；夫妻星和关系门槛只说明准入议题，不单独证明长期适配。,由M3-BASE与共享引擎提供；日支近位提高亲密关系相关性，但不得把日支直接写成配偶性格。,无／按本规则指定功能链或接口路由。,由共享基础引擎判定；近位提高直接相关性，远位仅作背景、阶段或条件性修正。,根气只修正该功能是否容易重复调用，不等于现实中已经形成成熟能力。,旺弱只修正调用强度与承载；强不自动适配，弱也不自动缺失。,喜忌只修正顺畅度、摩擦与平衡，不可直接翻译为好坏、理想伴侣或关系结果。,原十神性质有效；真合化成立时按化神功能替换，合化争议时停止定性。,近位提高进入亲密关系核心的概率；远位只保留背景、条件性或低置信修正。,91,E1→PR2；E2且影响核心功能→PR1候选；E3／E4需现实资料进入后续模块,need_priority,M4证据越强，越可能把调节任务提升为核心必要项，但不能跨越现实安全与同源去重。,这项条件的重要程度取决于它是否已经在现实中反复影响关系。,不得仅凭本规则推出某类人必然适合或不适合、婚姻必然成功、忠诚度、职业收入、外貌家庭、五行生肖匹配，或要求用户容忍伤害；现实安全、行为、反例与双方意愿优先。,中高,待验证,,m4_mechanism=K08; provisional=true; rule_group=BASE-M4机制转译,0.2
M5-BASE-236,K08 修复断链｜标准用户输出,L4 M4机制转译,BASE-M4机制转译,通用,输出,K08 修复断链,,K08 修复断链及对应适配任务成立。,只能发布E0或资料不足。,由共享基础引擎提供；只修正用户能否承载、表达和共同执行适配结构，不直接等同成熟度、道德或关系结果。,由M2提供；夫妻星和关系门槛只说明准入议题，不单独证明长期适配。,由M3-BASE与共享引擎提供；日支近位提高亲密关系相关性，但不得把日支直接写成配偶性格。,无／按本规则指定功能链或接口路由。,由共享基础引擎判定；近位提高直接相关性，远位仅作背景、阶段或条件性修正。,根气只修正该功能是否容易重复调用，不等于现实中已经形成成熟能力。,旺弱只修正调用强度与承载；强不自动适配，弱也不自动缺失。,喜忌只修正顺畅度、摩擦与平衡，不可直接翻译为好坏、理想伴侣或关系结果。,原十神性质有效；真合化成立时按化神功能替换，合化争议时停止定性。,近位提高进入亲密关系核心的概率；远位只保留背景、条件性或低置信修正。,74,不加分；生成用户语言,report_text,输出先保留正常功能，再说明需要怎样的结构防止它失衡。,更适合你的关系会把修复做完整：不仅停下问题，也会承担、调整、接收反馈并持续回访。,不得仅凭本规则推出某类人必然适合或不适合、婚姻必然成功、忠诚度、职业收入、外貌家庭、五行生肖匹配，或要求用户容忍伤害；现实安全、行为、反例与双方意愿优先。,中高,待验证,,m4_mechanism=K08; provisional=true; rule_group=BASE-M4机制转译,0.2
M5-BASE-237,DY01 限制过用｜适配功能定义,L5 病药功能接口,BASE-病药接口,通用,接口,DY01 限制过用,M4-BUFFER,M4-BUFFER输出DY01，且保护层级至少BL2。,只有喜用神、制化标签或保护与风险链不匹配。,由共享基础引擎提供；只修正用户能否承载、表达和共同执行适配结构，不直接等同成熟度、道德或关系结果。,由M2提供；夫妻星和关系门槛只说明准入议题，不单独证明长期适配。,由M3-BASE与共享引擎提供；日支近位提高亲密关系相关性，但不得把日支直接写成配偶性格。,无／按本规则指定功能链或接口路由。,由共享基础引擎判定；近位提高直接相关性，远位仅作背景、阶段或条件性修正。,根气只修正该功能是否容易重复调用，不等于现实中已经形成成熟能力。,旺弱只修正调用强度与承载；强不自动适配，弱也不自动缺失。,喜忌只修正顺畅度、摩擦与平衡，不可直接翻译为好坏、理想伴侣或关系结果。,原十神性质有效；真合化成立时按化神功能替换，合化争议时停止定性。,近位提高进入亲密关系核心的概率；远位只保留背景、条件性或低置信修正。,92,DY01 限制过用 +18 药功能候选,primary_fit_need,让抢先、重复或占位过多的功能回到合适范围。,关系需要增加的功能是：让抢先、重复或占位过多的功能回到合适范围。,不得仅凭本规则推出某类人必然适合或不适合、婚姻必然成功、忠诚度、职业收入、外貌家庭、五行生肖匹配，或要求用户容忍伤害；现实安全、行为、反例与双方意愿优先。,中高,待验证,,medicine_function=DY01; provisional=true; rule_group=BASE-病药接口,0.2
M5-BASE-238,DY01 限制过用｜伴侣可观察行为,L5 病药功能接口,BASE-病药接口,通用,行为,DY01 限制过用,可观察行为,DY01 限制过用已进入适配任务。,无法落到具体行为。,由共享基础引擎提供；只修正用户能否承载、表达和共同执行适配结构，不直接等同成熟度、道德或关系结果。,由M2提供；夫妻星和关系门槛只说明准入议题，不单独证明长期适配。,由M3-BASE与共享引擎提供；日支近位提高亲密关系相关性，但不得把日支直接写成配偶性格。,无／按本规则指定功能链或接口路由。,由共享基础引擎判定；近位提高直接相关性，远位仅作背景、阶段或条件性修正。,根气只修正该功能是否容易重复调用，不等于现实中已经形成成熟能力。,旺弱只修正调用强度与承载；强不自动适配，弱也不自动缺失。,喜忌只修正顺畅度、摩擦与平衡，不可直接翻译为好坏、理想伴侣或关系结果。,原十神性质有效；真合化成立时按化神功能替换，合化争议时停止定性。,近位提高进入亲密关系核心的概率；远位只保留背景、条件性或低置信修正。,86,DY01 限制过用 +12 行为候选,required_partner_behaviors,能反馈、设边界、建立第二功能进入点。,可以观察对方是否会：能反馈、设边界、建立第二功能进入点。,不得仅凭本规则推出某类人必然适合或不适合、婚姻必然成功、忠诚度、职业收入、外貌家庭、五行生肖匹配，或要求用户容忍伤害；现实安全、行为、反例与双方意愿优先。,中,待验证,,medicine_function=DY01; provisional=true; rule_group=BASE-病药接口,0.2
M5-BASE-239,DY01 限制过用｜互动结构与保护来源,L5 病药功能接口,BASE-病药接口,通用,结构,DY01 限制过用,BF01制化＋BF03边界＋BF04复核,结构能够真实改变K机制、触发链或修复断点。,只有命理标签，没有现实调用或持续行为。,由共享基础引擎提供；只修正用户能否承载、表达和共同执行适配结构，不直接等同成熟度、道德或关系结果。,由M2提供；夫妻星和关系门槛只说明准入议题，不单独证明长期适配。,由M3-BASE与共享引擎提供；日支近位提高亲密关系相关性，但不得把日支直接写成配偶性格。,无／按本规则指定功能链或接口路由。,由共享基础引擎判定；近位提高直接相关性，远位仅作背景、阶段或条件性修正。,根气只修正该功能是否容易重复调用，不等于现实中已经形成成熟能力。,旺弱只修正调用强度与承载；强不自动适配，弱也不自动缺失。,喜忌只修正顺畅度、摩擦与平衡，不可直接翻译为好坏、理想伴侣或关系结果。,原十神性质有效；真合化成立时按化神功能替换，合化争议时停止定性。,近位提高进入亲密关系核心的概率；远位只保留背景、条件性或低置信修正。,84,DY01 限制过用 +10 结构候选,risk_buffer_match,BF01制化＋BF03边界＋BF04复核,这项功能通常通过BF01制化＋BF03边界＋BF04复核进入关系。,不得仅凭本规则推出某类人必然适合或不适合、婚姻必然成功、忠诚度、职业收入、外貌家庭、五行生肖匹配，或要求用户容忍伤害；现实安全、行为、反例与双方意愿优先。,中,待验证,,medicine_function=DY01; provisional=true; rule_group=BASE-病药接口,0.2
M5-BASE-240,DY01 限制过用｜伪药与证据边界,L5 病药功能接口,BASE-病药接口,通用,边界,DY01 限制过用,伪保护,准备把病药功能写进用户正文。,无,由共享基础引擎提供；只修正用户能否承载、表达和共同执行适配结构，不直接等同成熟度、道德或关系结果。,由M2提供；夫妻星和关系门槛只说明准入议题，不单独证明长期适配。,由M3-BASE与共享引擎提供；日支近位提高亲密关系相关性，但不得把日支直接写成配偶性格。,无／按本规则指定功能链或接口路由。,由共享基础引擎判定；近位提高直接相关性，远位仅作背景、阶段或条件性修正。,根气只修正该功能是否容易重复调用，不等于现实中已经形成成熟能力。,旺弱只修正调用强度与承载；强不自动适配，弱也不自动缺失。,喜忌只修正顺畅度、摩擦与平衡，不可直接翻译为好坏、理想伴侣或关系结果。,原十神性质有效；真合化成立时按化神功能替换，合化争议时停止定性。,近位提高进入亲密关系核心的概率；远位只保留背景、条件性或低置信修正。,96,不加分；边界,boundary_note,不是找一个把用户压住的人。,需要注意：不是找一个把用户压住的人。,不得仅凭本规则推出某类人必然适合或不适合、婚姻必然成功、忠诚度、职业收入、外貌家庭、五行生肖匹配，或要求用户容忍伤害；现实安全、行为、反例与双方意愿优先。,高,待验证,,medicine_function=DY01; provisional=true; rule_group=BASE-病药接口,0.2
M5-BASE-241,DY02 补足不足｜适配功能定义,L5 病药功能接口,BASE-病药接口,通用,接口,DY02 补足不足,M4-BUFFER,M4-BUFFER输出DY02，且保护层级至少BL2。,只有喜用神、制化标签或保护与风险链不匹配。,由共享基础引擎提供；只修正用户能否承载、表达和共同执行适配结构，不直接等同成熟度、道德或关系结果。,由M2提供；夫妻星和关系门槛只说明准入议题，不单独证明长期适配。,由M3-BASE与共享引擎提供；日支近位提高亲密关系相关性，但不得把日支直接写成配偶性格。,无／按本规则指定功能链或接口路由。,由共享基础引擎判定；近位提高直接相关性，远位仅作背景、阶段或条件性修正。,根气只修正该功能是否容易重复调用，不等于现实中已经形成成熟能力。,旺弱只修正调用强度与承载；强不自动适配，弱也不自动缺失。,喜忌只修正顺畅度、摩擦与平衡，不可直接翻译为好坏、理想伴侣或关系结果。,原十神性质有效；真合化成立时按化神功能替换，合化争议时停止定性。,近位提高进入亲密关系核心的概率；远位只保留背景、条件性或低置信修正。,92,DY02 补足不足 +18 药功能候选,primary_fit_need,让当前任务所需但进入较弱的功能获得支持。,关系需要增加的功能是：让当前任务所需但进入较弱的功能获得支持。,不得仅凭本规则推出某类人必然适合或不适合、婚姻必然成功、忠诚度、职业收入、外貌家庭、五行生肖匹配，或要求用户容忍伤害；现实安全、行为、反例与双方意愿优先。,中高,待验证,,medicine_function=DY02; provisional=true; rule_group=BASE-病药接口,0.2
M5-BASE-242,DY02 补足不足｜伴侣可观察行为,L5 病药功能接口,BASE-病药接口,通用,行为,DY02 补足不足,可观察行为,DY02 补足不足已进入适配任务。,无法落到具体行为。,由共享基础引擎提供；只修正用户能否承载、表达和共同执行适配结构，不直接等同成熟度、道德或关系结果。,由M2提供；夫妻星和关系门槛只说明准入议题，不单独证明长期适配。,由M3-BASE与共享引擎提供；日支近位提高亲密关系相关性，但不得把日支直接写成配偶性格。,无／按本规则指定功能链或接口路由。,由共享基础引擎判定；近位提高直接相关性，远位仅作背景、阶段或条件性修正。,根气只修正该功能是否容易重复调用，不等于现实中已经形成成熟能力。,旺弱只修正调用强度与承载；强不自动适配，弱也不自动缺失。,喜忌只修正顺畅度、摩擦与平衡，不可直接翻译为好坏、理想伴侣或关系结果。,原十神性质有效；真合化成立时按化神功能替换，合化争议时停止定性。,近位提高进入亲密关系核心的概率；远位只保留背景、条件性或低置信修正。,86,DY02 补足不足 +12 行为候选,required_partner_behaviors,稳定提供补位，同时邀请用户参与和学习。,可以观察对方是否会：稳定提供补位，同时邀请用户参与和学习。,不得仅凭本规则推出某类人必然适合或不适合、婚姻必然成功、忠诚度、职业收入、外貌家庭、五行生肖匹配，或要求用户容忍伤害；现实安全、行为、反例与双方意愿优先。,中,待验证,,medicine_function=DY02; provisional=true; rule_group=BASE-病药接口,0.2
M5-BASE-243,DY02 补足不足｜互动结构与保护来源,L5 病药功能接口,BASE-病药接口,通用,结构,DY02 补足不足,BF02通关＋BF05反馈＋BF06现实行为,结构能够真实改变K机制、触发链或修复断点。,只有命理标签，没有现实调用或持续行为。,由共享基础引擎提供；只修正用户能否承载、表达和共同执行适配结构，不直接等同成熟度、道德或关系结果。,由M2提供；夫妻星和关系门槛只说明准入议题，不单独证明长期适配。,由M3-BASE与共享引擎提供；日支近位提高亲密关系相关性，但不得把日支直接写成配偶性格。,无／按本规则指定功能链或接口路由。,由共享基础引擎判定；近位提高直接相关性，远位仅作背景、阶段或条件性修正。,根气只修正该功能是否容易重复调用，不等于现实中已经形成成熟能力。,旺弱只修正调用强度与承载；强不自动适配，弱也不自动缺失。,喜忌只修正顺畅度、摩擦与平衡，不可直接翻译为好坏、理想伴侣或关系结果。,原十神性质有效；真合化成立时按化神功能替换，合化争议时停止定性。,近位提高进入亲密关系核心的概率；远位只保留背景、条件性或低置信修正。,84,DY02 补足不足 +10 结构候选,risk_buffer_match,BF02通关＋BF05反馈＋BF06现实行为,这项功能通常通过BF02通关＋BF05反馈＋BF06现实行为进入关系。,不得仅凭本规则推出某类人必然适合或不适合、婚姻必然成功、忠诚度、职业收入、外貌家庭、五行生肖匹配，或要求用户容忍伤害；现实安全、行为、反例与双方意愿优先。,中,待验证,,medicine_function=DY02; provisional=true; rule_group=BASE-病药接口,0.2
M5-BASE-244,DY02 补足不足｜伪药与证据边界,L5 病药功能接口,BASE-病药接口,通用,边界,DY02 补足不足,伪保护,准备把病药功能写进用户正文。,无,由共享基础引擎提供；只修正用户能否承载、表达和共同执行适配结构，不直接等同成熟度、道德或关系结果。,由M2提供；夫妻星和关系门槛只说明准入议题，不单独证明长期适配。,由M3-BASE与共享引擎提供；日支近位提高亲密关系相关性，但不得把日支直接写成配偶性格。,无／按本规则指定功能链或接口路由。,由共享基础引擎判定；近位提高直接相关性，远位仅作背景、阶段或条件性修正。,根气只修正该功能是否容易重复调用，不等于现实中已经形成成熟能力。,旺弱只修正调用强度与承载；强不自动适配，弱也不自动缺失。,喜忌只修正顺畅度、摩擦与平衡，不可直接翻译为好坏、理想伴侣或关系结果。,原十神性质有效；真合化成立时按化神功能替换，合化争议时停止定性。,近位提高进入亲密关系核心的概率；远位只保留背景、条件性或低置信修正。,96,不加分；边界,boundary_note,不是让伴侣永久包办。,需要注意：不是让伴侣永久包办。,不得仅凭本规则推出某类人必然适合或不适合、婚姻必然成功、忠诚度、职业收入、外貌家庭、五行生肖匹配，或要求用户容忍伤害；现实安全、行为、反例与双方意愿优先。,高,待验证,,medicine_function=DY02; provisional=true; rule_group=BASE-病药接口,0.2
M5-BASE-245,DY03 拆除单通道替代｜适配功能定义,L5 病药功能接口,BASE-病药接口,通用,接口,DY03 拆除单通道替代,M4-BUFFER,M4-BUFFER输出DY03，且保护层级至少BL2。,只有喜用神、制化标签或保护与风险链不匹配。,由共享基础引擎提供；只修正用户能否承载、表达和共同执行适配结构，不直接等同成熟度、道德或关系结果。,由M2提供；夫妻星和关系门槛只说明准入议题，不单独证明长期适配。,由M3-BASE与共享引擎提供；日支近位提高亲密关系相关性，但不得把日支直接写成配偶性格。,无／按本规则指定功能链或接口路由。,由共享基础引擎判定；近位提高直接相关性，远位仅作背景、阶段或条件性修正。,根气只修正该功能是否容易重复调用，不等于现实中已经形成成熟能力。,旺弱只修正调用强度与承载；强不自动适配，弱也不自动缺失。,喜忌只修正顺畅度、摩擦与平衡，不可直接翻译为好坏、理想伴侣或关系结果。,原十神性质有效；真合化成立时按化神功能替换，合化争议时停止定性。,近位提高进入亲密关系核心的概率；远位只保留背景、条件性或低置信修正。,92,DY03 拆除单通道替代 +18 药功能候选,primary_fit_need,区分熟悉功能与被替代任务，恢复两者分工。,关系需要增加的功能是：区分熟悉功能与被替代任务，恢复两者分工。,不得仅凭本规则推出某类人必然适合或不适合、婚姻必然成功、忠诚度、职业收入、外貌家庭、五行生肖匹配，或要求用户容忍伤害；现实安全、行为、反例与双方意愿优先。,中高,待验证,,medicine_function=DY03; provisional=true; rule_group=BASE-病药接口,0.2
M5-BASE-246,DY03 拆除单通道替代｜伴侣可观察行为,L5 病药功能接口,BASE-病药接口,通用,行为,DY03 拆除单通道替代,可观察行为,DY03 拆除单通道替代已进入适配任务。,无法落到具体行为。,由共享基础引擎提供；只修正用户能否承载、表达和共同执行适配结构，不直接等同成熟度、道德或关系结果。,由M2提供；夫妻星和关系门槛只说明准入议题，不单独证明长期适配。,由M3-BASE与共享引擎提供；日支近位提高亲密关系相关性，但不得把日支直接写成配偶性格。,无／按本规则指定功能链或接口路由。,由共享基础引擎判定；近位提高直接相关性，远位仅作背景、阶段或条件性修正。,根气只修正该功能是否容易重复调用，不等于现实中已经形成成熟能力。,旺弱只修正调用强度与承载；强不自动适配，弱也不自动缺失。,喜忌只修正顺畅度、摩擦与平衡，不可直接翻译为好坏、理想伴侣或关系结果。,原十神性质有效；真合化成立时按化神功能替换，合化争议时停止定性。,近位提高进入亲密关系核心的概率；远位只保留背景、条件性或低置信修正。,86,DY03 拆除单通道替代 +12 行为候选,required_partner_behaviors,能指出现在需要倾听、行动、承诺还是边界。,可以观察对方是否会：能指出现在需要倾听、行动、承诺还是边界。,不得仅凭本规则推出某类人必然适合或不适合、婚姻必然成功、忠诚度、职业收入、外貌家庭、五行生肖匹配，或要求用户容忍伤害；现实安全、行为、反例与双方意愿优先。,中,待验证,,medicine_function=DY03; provisional=true; rule_group=BASE-病药接口,0.2
M5-BASE-247,DY03 拆除单通道替代｜互动结构与保护来源,L5 病药功能接口,BASE-病药接口,通用,结构,DY03 拆除单通道替代,BF02通关＋BF04复核＋BF05反馈,结构能够真实改变K机制、触发链或修复断点。,只有命理标签，没有现实调用或持续行为。,由共享基础引擎提供；只修正用户能否承载、表达和共同执行适配结构，不直接等同成熟度、道德或关系结果。,由M2提供；夫妻星和关系门槛只说明准入议题，不单独证明长期适配。,由M3-BASE与共享引擎提供；日支近位提高亲密关系相关性，但不得把日支直接写成配偶性格。,无／按本规则指定功能链或接口路由。,由共享基础引擎判定；近位提高直接相关性，远位仅作背景、阶段或条件性修正。,根气只修正该功能是否容易重复调用，不等于现实中已经形成成熟能力。,旺弱只修正调用强度与承载；强不自动适配，弱也不自动缺失。,喜忌只修正顺畅度、摩擦与平衡，不可直接翻译为好坏、理想伴侣或关系结果。,原十神性质有效；真合化成立时按化神功能替换，合化争议时停止定性。,近位提高进入亲密关系核心的概率；远位只保留背景、条件性或低置信修正。,84,DY03 拆除单通道替代 +10 结构候选,risk_buffer_match,BF02通关＋BF04复核＋BF05反馈,这项功能通常通过BF02通关＋BF04复核＋BF05反馈进入关系。,不得仅凭本规则推出某类人必然适合或不适合、婚姻必然成功、忠诚度、职业收入、外貌家庭、五行生肖匹配，或要求用户容忍伤害；现实安全、行为、反例与双方意愿优先。,中,待验证,,medicine_function=DY03; provisional=true; rule_group=BASE-病药接口,0.2
M5-BASE-248,DY03 拆除单通道替代｜伪药与证据边界,L5 病药功能接口,BASE-病药接口,通用,边界,DY03 拆除单通道替代,伪保护,准备把病药功能写进用户正文。,无,由共享基础引擎提供；只修正用户能否承载、表达和共同执行适配结构，不直接等同成熟度、道德或关系结果。,由M2提供；夫妻星和关系门槛只说明准入议题，不单独证明长期适配。,由M3-BASE与共享引擎提供；日支近位提高亲密关系相关性，但不得把日支直接写成配偶性格。,无／按本规则指定功能链或接口路由。,由共享基础引擎判定；近位提高直接相关性，远位仅作背景、阶段或条件性修正。,根气只修正该功能是否容易重复调用，不等于现实中已经形成成熟能力。,旺弱只修正调用强度与承载；强不自动适配，弱也不自动缺失。,喜忌只修正顺畅度、摩擦与平衡，不可直接翻译为好坏、理想伴侣或关系结果。,原十神性质有效；真合化成立时按化神功能替换，合化争议时停止定性。,近位提高进入亲密关系核心的概率；远位只保留背景、条件性或低置信修正。,96,不加分；边界,boundary_note,不是简单增加原有功能强度。,需要注意：不是简单增加原有功能强度。,不得仅凭本规则推出某类人必然适合或不适合、婚姻必然成功、忠诚度、职业收入、外貌家庭、五行生肖匹配，或要求用户容忍伤害；现实安全、行为、反例与双方意愿优先。,高,待验证,,medicine_function=DY03; provisional=true; rule_group=BASE-病药接口,0.2
M5-BASE-249,DY04 恢复处理顺序｜适配功能定义,L5 病药功能接口,BASE-病药接口,通用,接口,DY04 恢复处理顺序,M4-BUFFER,M4-BUFFER输出DY04，且保护层级至少BL2。,只有喜用神、制化标签或保护与风险链不匹配。,由共享基础引擎提供；只修正用户能否承载、表达和共同执行适配结构，不直接等同成熟度、道德或关系结果。,由M2提供；夫妻星和关系门槛只说明准入议题，不单独证明长期适配。,由M3-BASE与共享引擎提供；日支近位提高亲密关系相关性，但不得把日支直接写成配偶性格。,无／按本规则指定功能链或接口路由。,由共享基础引擎判定；近位提高直接相关性，远位仅作背景、阶段或条件性修正。,根气只修正该功能是否容易重复调用，不等于现实中已经形成成熟能力。,旺弱只修正调用强度与承载；强不自动适配，弱也不自动缺失。,喜忌只修正顺畅度、摩擦与平衡，不可直接翻译为好坏、理想伴侣或关系结果。,原十神性质有效；真合化成立时按化神功能替换，合化争议时停止定性。,近位提高进入亲密关系核心的概率；远位只保留背景、条件性或低置信修正。,92,DY04 恢复处理顺序 +18 药功能候选,primary_fit_need,让两项功能在更合适的先后和阶段进入。,关系需要增加的功能是：让两项功能在更合适的先后和阶段进入。,不得仅凭本规则推出某类人必然适合或不适合、婚姻必然成功、忠诚度、职业收入、外貌家庭、五行生肖匹配，或要求用户容忍伤害；现实安全、行为、反例与双方意愿优先。,中高,待验证,,medicine_function=DY04; provisional=true; rule_group=BASE-病药接口,0.2
M5-BASE-250,DY04 恢复处理顺序｜伴侣可观察行为,L5 病药功能接口,BASE-病药接口,通用,行为,DY04 恢复处理顺序,可观察行为,DY04 恢复处理顺序已进入适配任务。,无法落到具体行为。,由共享基础引擎提供；只修正用户能否承载、表达和共同执行适配结构，不直接等同成熟度、道德或关系结果。,由M2提供；夫妻星和关系门槛只说明准入议题，不单独证明长期适配。,由M3-BASE与共享引擎提供；日支近位提高亲密关系相关性，但不得把日支直接写成配偶性格。,无／按本规则指定功能链或接口路由。,由共享基础引擎判定；近位提高直接相关性，远位仅作背景、阶段或条件性修正。,根气只修正该功能是否容易重复调用，不等于现实中已经形成成熟能力。,旺弱只修正调用强度与承载；强不自动适配，弱也不自动缺失。,喜忌只修正顺畅度、摩擦与平衡，不可直接翻译为好坏、理想伴侣或关系结果。,原十神性质有效；真合化成立时按化神功能替换，合化争议时停止定性。,近位提高进入亲密关系核心的概率；远位只保留背景、条件性或低置信修正。,86,DY04 恢复处理顺序 +12 行为候选,required_partner_behaviors,主动说明先处理什么、第二步何时回来。,可以观察对方是否会：主动说明先处理什么、第二步何时回来。,不得仅凭本规则推出某类人必然适合或不适合、婚姻必然成功、忠诚度、职业收入、外貌家庭、五行生肖匹配，或要求用户容忍伤害；现实安全、行为、反例与双方意愿优先。,中,待验证,,medicine_function=DY04; provisional=true; rule_group=BASE-病药接口,0.2
M5-BASE-251,DY04 恢复处理顺序｜互动结构与保护来源,L5 病药功能接口,BASE-病药接口,通用,结构,DY04 恢复处理顺序,BF02通关＋BF08状态分工＋回访点,结构能够真实改变K机制、触发链或修复断点。,只有命理标签，没有现实调用或持续行为。,由共享基础引擎提供；只修正用户能否承载、表达和共同执行适配结构，不直接等同成熟度、道德或关系结果。,由M2提供；夫妻星和关系门槛只说明准入议题，不单独证明长期适配。,由M3-BASE与共享引擎提供；日支近位提高亲密关系相关性，但不得把日支直接写成配偶性格。,无／按本规则指定功能链或接口路由。,由共享基础引擎判定；近位提高直接相关性，远位仅作背景、阶段或条件性修正。,根气只修正该功能是否容易重复调用，不等于现实中已经形成成熟能力。,旺弱只修正调用强度与承载；强不自动适配，弱也不自动缺失。,喜忌只修正顺畅度、摩擦与平衡，不可直接翻译为好坏、理想伴侣或关系结果。,原十神性质有效；真合化成立时按化神功能替换，合化争议时停止定性。,近位提高进入亲密关系核心的概率；远位只保留背景、条件性或低置信修正。,84,DY04 恢复处理顺序 +10 结构候选,risk_buffer_match,BF02通关＋BF08状态分工＋回访点,这项功能通常通过BF02通关＋BF08状态分工＋回访点进入关系。,不得仅凭本规则推出某类人必然适合或不适合、婚姻必然成功、忠诚度、职业收入、外貌家庭、五行生肖匹配，或要求用户容忍伤害；现实安全、行为、反例与双方意愿优先。,中,待验证,,medicine_function=DY04; provisional=true; rule_group=BASE-病药接口,0.2
M5-BASE-252,DY04 恢复处理顺序｜伪药与证据边界,L5 病药功能接口,BASE-病药接口,通用,边界,DY04 恢复处理顺序,伪保护,准备把病药功能写进用户正文。,无,由共享基础引擎提供；只修正用户能否承载、表达和共同执行适配结构，不直接等同成熟度、道德或关系结果。,由M2提供；夫妻星和关系门槛只说明准入议题，不单独证明长期适配。,由M3-BASE与共享引擎提供；日支近位提高亲密关系相关性，但不得把日支直接写成配偶性格。,无／按本规则指定功能链或接口路由。,由共享基础引擎判定；近位提高直接相关性，远位仅作背景、阶段或条件性修正。,根气只修正该功能是否容易重复调用，不等于现实中已经形成成熟能力。,旺弱只修正调用强度与承载；强不自动适配，弱也不自动缺失。,喜忌只修正顺畅度、摩擦与平衡，不可直接翻译为好坏、理想伴侣或关系结果。,原十神性质有效；真合化成立时按化神功能替换，合化争议时停止定性。,近位提高进入亲密关系核心的概率；远位只保留背景、条件性或低置信修正。,96,不加分；边界,boundary_note,不是把一种顺序固定到所有情境。,需要注意：不是把一种顺序固定到所有情境。,不得仅凭本规则推出某类人必然适合或不适合、婚姻必然成功、忠诚度、职业收入、外貌家庭、五行生肖匹配，或要求用户容忍伤害；现实安全、行为、反例与双方意愿优先。,高,待验证,,medicine_function=DY04; provisional=true; rule_group=BASE-病药接口,0.2
M5-BASE-253,DY05 调停双通道竞争｜适配功能定义,L5 病药功能接口,BASE-病药接口,通用,接口,DY05 调停双通道竞争,M4-BUFFER,M4-BUFFER输出DY05，且保护层级至少BL2。,只有喜用神、制化标签或保护与风险链不匹配。,由共享基础引擎提供；只修正用户能否承载、表达和共同执行适配结构，不直接等同成熟度、道德或关系结果。,由M2提供；夫妻星和关系门槛只说明准入议题，不单独证明长期适配。,由M3-BASE与共享引擎提供；日支近位提高亲密关系相关性，但不得把日支直接写成配偶性格。,无／按本规则指定功能链或接口路由。,由共享基础引擎判定；近位提高直接相关性，远位仅作背景、阶段或条件性修正。,根气只修正该功能是否容易重复调用，不等于现实中已经形成成熟能力。,旺弱只修正调用强度与承载；强不自动适配，弱也不自动缺失。,喜忌只修正顺畅度、摩擦与平衡，不可直接翻译为好坏、理想伴侣或关系结果。,原十神性质有效；真合化成立时按化神功能替换，合化争议时停止定性。,近位提高进入亲密关系核心的概率；远位只保留背景、条件性或低置信修正。,92,DY05 调停双通道竞争 +18 药功能候选,primary_fit_need,为两项合理功能建立分工、优先级和共同决定。,关系需要增加的功能是：为两项合理功能建立分工、优先级和共同决定。,不得仅凭本规则推出某类人必然适合或不适合、婚姻必然成功、忠诚度、职业收入、外貌家庭、五行生肖匹配，或要求用户容忍伤害；现实安全、行为、反例与双方意愿优先。,中高,待验证,,medicine_function=DY05; provisional=true; rule_group=BASE-病药接口,0.2
M5-BASE-254,DY05 调停双通道竞争｜伴侣可观察行为,L5 病药功能接口,BASE-病药接口,通用,行为,DY05 调停双通道竞争,可观察行为,DY05 调停双通道竞争已进入适配任务。,无法落到具体行为。,由共享基础引擎提供；只修正用户能否承载、表达和共同执行适配结构，不直接等同成熟度、道德或关系结果。,由M2提供；夫妻星和关系门槛只说明准入议题，不单独证明长期适配。,由M3-BASE与共享引擎提供；日支近位提高亲密关系相关性，但不得把日支直接写成配偶性格。,无／按本规则指定功能链或接口路由。,由共享基础引擎判定；近位提高直接相关性，远位仅作背景、阶段或条件性修正。,根气只修正该功能是否容易重复调用，不等于现实中已经形成成熟能力。,旺弱只修正调用强度与承载；强不自动适配，弱也不自动缺失。,喜忌只修正顺畅度、摩擦与平衡，不可直接翻译为好坏、理想伴侣或关系结果。,原十神性质有效；真合化成立时按化神功能替换，合化争议时停止定性。,近位提高进入亲密关系核心的概率；远位只保留背景、条件性或低置信修正。,86,DY05 调停双通道竞争 +12 行为候选,required_partner_behaviors,尊重双方权利，清楚分工并允许重谈。,可以观察对方是否会：尊重双方权利，清楚分工并允许重谈。,不得仅凭本规则推出某类人必然适合或不适合、婚姻必然成功、忠诚度、职业收入、外貌家庭、五行生肖匹配，或要求用户容忍伤害；现实安全、行为、反例与双方意愿优先。,中,待验证,,medicine_function=DY05; provisional=true; rule_group=BASE-病药接口,0.2
M5-BASE-255,DY05 调停双通道竞争｜互动结构与保护来源,L5 病药功能接口,BASE-病药接口,通用,结构,DY05 调停双通道竞争,BF03边界＋BF05反馈＋最小共同规则,结构能够真实改变K机制、触发链或修复断点。,只有命理标签，没有现实调用或持续行为。,由共享基础引擎提供；只修正用户能否承载、表达和共同执行适配结构，不直接等同成熟度、道德或关系结果。,由M2提供；夫妻星和关系门槛只说明准入议题，不单独证明长期适配。,由M3-BASE与共享引擎提供；日支近位提高亲密关系相关性，但不得把日支直接写成配偶性格。,无／按本规则指定功能链或接口路由。,由共享基础引擎判定；近位提高直接相关性，远位仅作背景、阶段或条件性修正。,根气只修正该功能是否容易重复调用，不等于现实中已经形成成熟能力。,旺弱只修正调用强度与承载；强不自动适配，弱也不自动缺失。,喜忌只修正顺畅度、摩擦与平衡，不可直接翻译为好坏、理想伴侣或关系结果。,原十神性质有效；真合化成立时按化神功能替换，合化争议时停止定性。,近位提高进入亲密关系核心的概率；远位只保留背景、条件性或低置信修正。,84,DY05 调停双通道竞争 +10 结构候选,risk_buffer_match,BF03边界＋BF05反馈＋最小共同规则,这项功能通常通过BF03边界＋BF05反馈＋最小共同规则进入关系。,不得仅凭本规则推出某类人必然适合或不适合、婚姻必然成功、忠诚度、职业收入、外貌家庭、五行生肖匹配，或要求用户容忍伤害；现实安全、行为、反例与双方意愿优先。,中,待验证,,medicine_function=DY05; provisional=true; rule_group=BASE-病药接口,0.2
M5-BASE-256,DY05 调停双通道竞争｜伪药与证据边界,L5 病药功能接口,BASE-病药接口,通用,边界,DY05 调停双通道竞争,伪保护,准备把病药功能写进用户正文。,无,由共享基础引擎提供；只修正用户能否承载、表达和共同执行适配结构，不直接等同成熟度、道德或关系结果。,由M2提供；夫妻星和关系门槛只说明准入议题，不单独证明长期适配。,由M3-BASE与共享引擎提供；日支近位提高亲密关系相关性，但不得把日支直接写成配偶性格。,无／按本规则指定功能链或接口路由。,由共享基础引擎判定；近位提高直接相关性，远位仅作背景、阶段或条件性修正。,根气只修正该功能是否容易重复调用，不等于现实中已经形成成熟能力。,旺弱只修正调用强度与承载；强不自动适配，弱也不自动缺失。,喜忌只修正顺畅度、摩擦与平衡，不可直接翻译为好坏、理想伴侣或关系结果。,原十神性质有效；真合化成立时按化神功能替换，合化争议时停止定性。,近位提高进入亲密关系核心的概率；远位只保留背景、条件性或低置信修正。,96,不加分；边界,boundary_note,不是要求一方长期让步。,需要注意：不是要求一方长期让步。,不得仅凭本规则推出某类人必然适合或不适合、婚姻必然成功、忠诚度、职业收入、外貌家庭、五行生肖匹配，或要求用户容忍伤害；现实安全、行为、反例与双方意愿优先。,高,待验证,,medicine_function=DY05; provisional=true; rule_group=BASE-病药接口,0.2
M5-BASE-257,DY06 打通功能转换｜适配功能定义,L5 病药功能接口,BASE-病药接口,通用,接口,DY06 打通功能转换,M4-BUFFER,M4-BUFFER输出DY06，且保护层级至少BL2。,只有喜用神、制化标签或保护与风险链不匹配。,由共享基础引擎提供；只修正用户能否承载、表达和共同执行适配结构，不直接等同成熟度、道德或关系结果。,由M2提供；夫妻星和关系门槛只说明准入议题，不单独证明长期适配。,由M3-BASE与共享引擎提供；日支近位提高亲密关系相关性，但不得把日支直接写成配偶性格。,无／按本规则指定功能链或接口路由。,由共享基础引擎判定；近位提高直接相关性，远位仅作背景、阶段或条件性修正。,根气只修正该功能是否容易重复调用，不等于现实中已经形成成熟能力。,旺弱只修正调用强度与承载；强不自动适配，弱也不自动缺失。,喜忌只修正顺畅度、摩擦与平衡，不可直接翻译为好坏、理想伴侣或关系结果。,原十神性质有效；真合化成立时按化神功能替换，合化争议时停止定性。,近位提高进入亲密关系核心的概率；远位只保留背景、条件性或低置信修正。,92,DY06 打通功能转换 +18 药功能候选,primary_fit_need,让第一步转成下一项必要功能。,关系需要增加的功能是：让第一步转成下一项必要功能。,不得仅凭本规则推出某类人必然适合或不适合、婚姻必然成功、忠诚度、职业收入、外貌家庭、五行生肖匹配，或要求用户容忍伤害；现实安全、行为、反例与双方意愿优先。,中高,待验证,,medicine_function=DY06; provisional=true; rule_group=BASE-病药接口,0.2
M5-BASE-258,DY06 打通功能转换｜伴侣可观察行为,L5 病药功能接口,BASE-病药接口,通用,行为,DY06 打通功能转换,可观察行为,DY06 打通功能转换已进入适配任务。,无法落到具体行为。,由共享基础引擎提供；只修正用户能否承载、表达和共同执行适配结构，不直接等同成熟度、道德或关系结果。,由M2提供；夫妻星和关系门槛只说明准入议题，不单独证明长期适配。,由M3-BASE与共享引擎提供；日支近位提高亲密关系相关性，但不得把日支直接写成配偶性格。,无／按本规则指定功能链或接口路由。,由共享基础引擎判定；近位提高直接相关性，远位仅作背景、阶段或条件性修正。,根气只修正该功能是否容易重复调用，不等于现实中已经形成成熟能力。,旺弱只修正调用强度与承载；强不自动适配，弱也不自动缺失。,喜忌只修正顺畅度、摩擦与平衡，不可直接翻译为好坏、理想伴侣或关系结果。,原十神性质有效；真合化成立时按化神功能替换，合化争议时停止定性。,近位提高进入亲密关系核心的概率；远位只保留背景、条件性或低置信修正。,86,DY06 打通功能转换 +12 行为候选,required_partner_behaviors,把表达转行动、投入转责任、解决转安全。,可以观察对方是否会：把表达转行动、投入转责任、解决转安全。,不得仅凭本规则推出某类人必然适合或不适合、婚姻必然成功、忠诚度、职业收入、外貌家庭、五行生肖匹配，或要求用户容忍伤害；现实安全、行为、反例与双方意愿优先。,中,待验证,,medicine_function=DY06; provisional=true; rule_group=BASE-病药接口,0.2
M5-BASE-259,DY06 打通功能转换｜互动结构与保护来源,L5 病药功能接口,BASE-病药接口,通用,结构,DY06 打通功能转换,BF02通关＋BF06兑现＋BF05反馈,结构能够真实改变K机制、触发链或修复断点。,只有命理标签，没有现实调用或持续行为。,由共享基础引擎提供；只修正用户能否承载、表达和共同执行适配结构，不直接等同成熟度、道德或关系结果。,由M2提供；夫妻星和关系门槛只说明准入议题，不单独证明长期适配。,由M3-BASE与共享引擎提供；日支近位提高亲密关系相关性，但不得把日支直接写成配偶性格。,无／按本规则指定功能链或接口路由。,由共享基础引擎判定；近位提高直接相关性，远位仅作背景、阶段或条件性修正。,根气只修正该功能是否容易重复调用，不等于现实中已经形成成熟能力。,旺弱只修正调用强度与承载；强不自动适配，弱也不自动缺失。,喜忌只修正顺畅度、摩擦与平衡，不可直接翻译为好坏、理想伴侣或关系结果。,原十神性质有效；真合化成立时按化神功能替换，合化争议时停止定性。,近位提高进入亲密关系核心的概率；远位只保留背景、条件性或低置信修正。,84,DY06 打通功能转换 +10 结构候选,risk_buffer_match,BF02通关＋BF06兑现＋BF05反馈,这项功能通常通过BF02通关＋BF06兑现＋BF05反馈进入关系。,不得仅凭本规则推出某类人必然适合或不适合、婚姻必然成功、忠诚度、职业收入、外貌家庭、五行生肖匹配，或要求用户容忍伤害；现实安全、行为、反例与双方意愿优先。,中,待验证,,medicine_function=DY06; provisional=true; rule_group=BASE-病药接口,0.2
M5-BASE-260,DY06 打通功能转换｜伪药与证据边界,L5 病药功能接口,BASE-病药接口,通用,边界,DY06 打通功能转换,伪保护,准备把病药功能写进用户正文。,无,由共享基础引擎提供；只修正用户能否承载、表达和共同执行适配结构，不直接等同成熟度、道德或关系结果。,由M2提供；夫妻星和关系门槛只说明准入议题，不单独证明长期适配。,由M3-BASE与共享引擎提供；日支近位提高亲密关系相关性，但不得把日支直接写成配偶性格。,无／按本规则指定功能链或接口路由。,由共享基础引擎判定；近位提高直接相关性，远位仅作背景、阶段或条件性修正。,根气只修正该功能是否容易重复调用，不等于现实中已经形成成熟能力。,旺弱只修正调用强度与承载；强不自动适配，弱也不自动缺失。,喜忌只修正顺畅度、摩擦与平衡，不可直接翻译为好坏、理想伴侣或关系结果。,原十神性质有效；真合化成立时按化神功能替换，合化争议时停止定性。,近位提高进入亲密关系核心的概率；远位只保留背景、条件性或低置信修正。,96,不加分；边界,boundary_note,不是只靠五行相生推断转换完成。,需要注意：不是只靠五行相生推断转换完成。,不得仅凭本规则推出某类人必然适合或不适合、婚姻必然成功、忠诚度、职业收入、外貌家庭、五行生肖匹配，或要求用户容忍伤害；现实安全、行为、反例与双方意愿优先。,高,待验证,,medicine_function=DY06; provisional=true; rule_group=BASE-病药接口,0.2
M5-BASE-261,DY07 中断反馈放大｜适配功能定义,L5 病药功能接口,BASE-病药接口,通用,接口,DY07 中断反馈放大,M4-BUFFER,M4-BUFFER输出DY07，且保护层级至少BL2。,只有喜用神、制化标签或保护与风险链不匹配。,由共享基础引擎提供；只修正用户能否承载、表达和共同执行适配结构，不直接等同成熟度、道德或关系结果。,由M2提供；夫妻星和关系门槛只说明准入议题，不单独证明长期适配。,由M3-BASE与共享引擎提供；日支近位提高亲密关系相关性，但不得把日支直接写成配偶性格。,无／按本规则指定功能链或接口路由。,由共享基础引擎判定；近位提高直接相关性，远位仅作背景、阶段或条件性修正。,根气只修正该功能是否容易重复调用，不等于现实中已经形成成熟能力。,旺弱只修正调用强度与承载；强不自动适配，弱也不自动缺失。,喜忌只修正顺畅度、摩擦与平衡，不可直接翻译为好坏、理想伴侣或关系结果。,原十神性质有效；真合化成立时按化神功能替换，合化争议时停止定性。,近位提高进入亲密关系核心的概率；远位只保留背景、条件性或低置信修正。,92,DY07 中断反馈放大 +18 药功能候选,primary_fit_need,在反馈被误读和原反应加码前加入复核。,关系需要增加的功能是：在反馈被误读和原反应加码前加入复核。,不得仅凭本规则推出某类人必然适合或不适合、婚姻必然成功、忠诚度、职业收入、外貌家庭、五行生肖匹配，或要求用户容忍伤害；现实安全、行为、反例与双方意愿优先。,中高,待验证,,medicine_function=DY07; provisional=true; rule_group=BASE-病药接口,0.2
M5-BASE-262,DY07 中断反馈放大｜伴侣可观察行为,L5 病药功能接口,BASE-病药接口,通用,行为,DY07 中断反馈放大,可观察行为,DY07 中断反馈放大已进入适配任务。,无法落到具体行为。,由共享基础引擎提供；只修正用户能否承载、表达和共同执行适配结构，不直接等同成熟度、道德或关系结果。,由M2提供；夫妻星和关系门槛只说明准入议题，不单独证明长期适配。,由M3-BASE与共享引擎提供；日支近位提高亲密关系相关性，但不得把日支直接写成配偶性格。,无／按本规则指定功能链或接口路由。,由共享基础引擎判定；近位提高直接相关性，远位仅作背景、阶段或条件性修正。,根气只修正该功能是否容易重复调用，不等于现实中已经形成成熟能力。,旺弱只修正调用强度与承载；强不自动适配，弱也不自动缺失。,喜忌只修正顺畅度、摩擦与平衡，不可直接翻译为好坏、理想伴侣或关系结果。,原十神性质有效；真合化成立时按化神功能替换，合化争议时停止定性。,近位提高进入亲密关系核心的概率；远位只保留背景、条件性或低置信修正。,86,DY07 中断反馈放大 +12 行为候选,required_partner_behaviors,复述理解、核对事实、定义足够证据和暂停点。,可以观察对方是否会：复述理解、核对事实、定义足够证据和暂停点。,不得仅凭本规则推出某类人必然适合或不适合、婚姻必然成功、忠诚度、职业收入、外貌家庭、五行生肖匹配，或要求用户容忍伤害；现实安全、行为、反例与双方意愿优先。,中,待验证,,medicine_function=DY07; provisional=true; rule_group=BASE-病药接口,0.2
M5-BASE-263,DY07 中断反馈放大｜互动结构与保护来源,L5 病药功能接口,BASE-病药接口,通用,结构,DY07 中断反馈放大,BF04复核＋BF05反馈＋BF08状态识别,结构能够真实改变K机制、触发链或修复断点。,只有命理标签，没有现实调用或持续行为。,由共享基础引擎提供；只修正用户能否承载、表达和共同执行适配结构，不直接等同成熟度、道德或关系结果。,由M2提供；夫妻星和关系门槛只说明准入议题，不单独证明长期适配。,由M3-BASE与共享引擎提供；日支近位提高亲密关系相关性，但不得把日支直接写成配偶性格。,无／按本规则指定功能链或接口路由。,由共享基础引擎判定；近位提高直接相关性，远位仅作背景、阶段或条件性修正。,根气只修正该功能是否容易重复调用，不等于现实中已经形成成熟能力。,旺弱只修正调用强度与承载；强不自动适配，弱也不自动缺失。,喜忌只修正顺畅度、摩擦与平衡，不可直接翻译为好坏、理想伴侣或关系结果。,原十神性质有效；真合化成立时按化神功能替换，合化争议时停止定性。,近位提高进入亲密关系核心的概率；远位只保留背景、条件性或低置信修正。,84,DY07 中断反馈放大 +10 结构候选,risk_buffer_match,BF04复核＋BF05反馈＋BF08状态识别,这项功能通常通过BF04复核＋BF05反馈＋BF08状态识别进入关系。,不得仅凭本规则推出某类人必然适合或不适合、婚姻必然成功、忠诚度、职业收入、外貌家庭、五行生肖匹配，或要求用户容忍伤害；现实安全、行为、反例与双方意愿优先。,中,待验证,,medicine_function=DY07; provisional=true; rule_group=BASE-病药接口,0.2
M5-BASE-264,DY07 中断反馈放大｜伪药与证据边界,L5 病药功能接口,BASE-病药接口,通用,边界,DY07 中断反馈放大,伪保护,准备把病药功能写进用户正文。,无,由共享基础引擎提供；只修正用户能否承载、表达和共同执行适配结构，不直接等同成熟度、道德或关系结果。,由M2提供；夫妻星和关系门槛只说明准入议题，不单独证明长期适配。,由M3-BASE与共享引擎提供；日支近位提高亲密关系相关性，但不得把日支直接写成配偶性格。,无／按本规则指定功能链或接口路由。,由共享基础引擎判定；近位提高直接相关性，远位仅作背景、阶段或条件性修正。,根气只修正该功能是否容易重复调用，不等于现实中已经形成成熟能力。,旺弱只修正调用强度与承载；强不自动适配，弱也不自动缺失。,喜忌只修正顺畅度、摩擦与平衡，不可直接翻译为好坏、理想伴侣或关系结果。,原十神性质有效；真合化成立时按化神功能替换，合化争议时停止定性。,近位提高进入亲密关系核心的概率；远位只保留背景、条件性或低置信修正。,96,不加分；边界,boundary_note,不是继续要求更多证明或解释。,需要注意：不是继续要求更多证明或解释。,不得仅凭本规则推出某类人必然适合或不适合、婚姻必然成功、忠诚度、职业收入、外貌家庭、五行生肖匹配，或要求用户容忍伤害；现实安全、行为、反例与双方意愿优先。,高,待验证,,medicine_function=DY07; provisional=true; rule_group=BASE-病药接口,0.2
M5-BASE-265,DY08 完成修复回流｜适配功能定义,L5 病药功能接口,BASE-病药接口,通用,接口,DY08 完成修复回流,M4-BUFFER,M4-BUFFER输出DY08，且保护层级至少BL2。,只有喜用神、制化标签或保护与风险链不匹配。,由共享基础引擎提供；只修正用户能否承载、表达和共同执行适配结构，不直接等同成熟度、道德或关系结果。,由M2提供；夫妻星和关系门槛只说明准入议题，不单独证明长期适配。,由M3-BASE与共享引擎提供；日支近位提高亲密关系相关性，但不得把日支直接写成配偶性格。,无／按本规则指定功能链或接口路由。,由共享基础引擎判定；近位提高直接相关性，远位仅作背景、阶段或条件性修正。,根气只修正该功能是否容易重复调用，不等于现实中已经形成成熟能力。,旺弱只修正调用强度与承载；强不自动适配，弱也不自动缺失。,喜忌只修正顺畅度、摩擦与平衡，不可直接翻译为好坏、理想伴侣或关系结果。,原十神性质有效；真合化成立时按化神功能替换，合化争议时停止定性。,近位提高进入亲密关系核心的概率；远位只保留背景、条件性或低置信修正。,92,DY08 完成修复回流 +18 药功能候选,primary_fit_need,补齐修复缺失节点并建立持续回访。,关系需要增加的功能是：补齐修复缺失节点并建立持续回访。,不得仅凭本规则推出某类人必然适合或不适合、婚姻必然成功、忠诚度、职业收入、外貌家庭、五行生肖匹配，或要求用户容忍伤害；现实安全、行为、反例与双方意愿优先。,中高,待验证,,medicine_function=DY08; provisional=true; rule_group=BASE-病药接口,0.2
M5-BASE-266,DY08 完成修复回流｜伴侣可观察行为,L5 病药功能接口,BASE-病药接口,通用,行为,DY08 完成修复回流,可观察行为,DY08 完成修复回流已进入适配任务。,无法落到具体行为。,由共享基础引擎提供；只修正用户能否承载、表达和共同执行适配结构，不直接等同成熟度、道德或关系结果。,由M2提供；夫妻星和关系门槛只说明准入议题，不单独证明长期适配。,由M3-BASE与共享引擎提供；日支近位提高亲密关系相关性，但不得把日支直接写成配偶性格。,无／按本规则指定功能链或接口路由。,由共享基础引擎判定；近位提高直接相关性，远位仅作背景、阶段或条件性修正。,根气只修正该功能是否容易重复调用，不等于现实中已经形成成熟能力。,旺弱只修正调用强度与承载；强不自动适配，弱也不自动缺失。,喜忌只修正顺畅度、摩擦与平衡，不可直接翻译为好坏、理想伴侣或关系结果。,原十神性质有效；真合化成立时按化神功能替换，合化争议时停止定性。,近位提高进入亲密关系核心的概率；远位只保留背景、条件性或低置信修正。,86,DY08 完成修复回流 +12 行为候选,required_partner_behaviors,承认影响、承担、补救、接收反馈、持续兑现。,可以观察对方是否会：承认影响、承担、补救、接收反馈、持续兑现。,不得仅凭本规则推出某类人必然适合或不适合、婚姻必然成功、忠诚度、职业收入、外貌家庭、五行生肖匹配，或要求用户容忍伤害；现实安全、行为、反例与双方意愿优先。,中,待验证,,medicine_function=DY08; provisional=true; rule_group=BASE-病药接口,0.2
M5-BASE-267,DY08 完成修复回流｜互动结构与保护来源,L5 病药功能接口,BASE-病药接口,通用,结构,DY08 完成修复回流,BF07完整修复＋BF06兑现＋BF03／BF04,结构能够真实改变K机制、触发链或修复断点。,只有命理标签，没有现实调用或持续行为。,由共享基础引擎提供；只修正用户能否承载、表达和共同执行适配结构，不直接等同成熟度、道德或关系结果。,由M2提供；夫妻星和关系门槛只说明准入议题，不单独证明长期适配。,由M3-BASE与共享引擎提供；日支近位提高亲密关系相关性，但不得把日支直接写成配偶性格。,无／按本规则指定功能链或接口路由。,由共享基础引擎判定；近位提高直接相关性，远位仅作背景、阶段或条件性修正。,根气只修正该功能是否容易重复调用，不等于现实中已经形成成熟能力。,旺弱只修正调用强度与承载；强不自动适配，弱也不自动缺失。,喜忌只修正顺畅度、摩擦与平衡，不可直接翻译为好坏、理想伴侣或关系结果。,原十神性质有效；真合化成立时按化神功能替换，合化争议时停止定性。,近位提高进入亲密关系核心的概率；远位只保留背景、条件性或低置信修正。,84,DY08 完成修复回流 +10 结构候选,risk_buffer_match,BF07完整修复＋BF06兑现＋BF03／BF04,这项功能通常通过BF07完整修复＋BF06兑现＋BF03／BF04进入关系。,不得仅凭本规则推出某类人必然适合或不适合、婚姻必然成功、忠诚度、职业收入、外貌家庭、五行生肖匹配，或要求用户容忍伤害；现实安全、行为、反例与双方意愿优先。,中,待验证,,medicine_function=DY08; provisional=true; rule_group=BASE-病药接口,0.2
M5-BASE-268,DY08 完成修复回流｜伪药与证据边界,L5 病药功能接口,BASE-病药接口,通用,边界,DY08 完成修复回流,伪保护,准备把病药功能写进用户正文。,无,由共享基础引擎提供；只修正用户能否承载、表达和共同执行适配结构，不直接等同成熟度、道德或关系结果。,由M2提供；夫妻星和关系门槛只说明准入议题，不单独证明长期适配。,由M3-BASE与共享引擎提供；日支近位提高亲密关系相关性，但不得把日支直接写成配偶性格。,无／按本规则指定功能链或接口路由。,由共享基础引擎判定；近位提高直接相关性，远位仅作背景、阶段或条件性修正。,根气只修正该功能是否容易重复调用，不等于现实中已经形成成熟能力。,旺弱只修正调用强度与承载；强不自动适配，弱也不自动缺失。,喜忌只修正顺畅度、摩擦与平衡，不可直接翻译为好坏、理想伴侣或关系结果。,原十神性质有效；真合化成立时按化神功能替换，合化争议时停止定性。,近位提高进入亲密关系核心的概率；远位只保留背景、条件性或低置信修正。,96,不加分；边界,boundary_note,不是把一次和好当成稳定改变。,需要注意：不是把一次和好当成稳定改变。,不得仅凭本规则推出某类人必然适合或不适合、婚姻必然成功、忠诚度、职业收入、外貌家庭、五行生肖匹配，或要求用户容忍伤害；现实安全、行为、反例与双方意愿优先。,高,待验证,,medicine_function=DY08; provisional=true; rule_group=BASE-病药接口,0.2
M5-BASE-269,FM01 同频共振｜成立条件,L6 匹配模式门控,BASE-匹配模式,通用,门控,FM01 同频共振,成立条件,用户该功能平衡、成熟，双方共同使用不会共同放大同一盲点。,只凭十神相同／相反、五行生克或一次事件。,由共享基础引擎提供；只修正用户能否承载、表达和共同执行适配结构，不直接等同成熟度、道德或关系结果。,由M2提供；夫妻星和关系门槛只说明准入议题，不单独证明长期适配。,由M3-BASE与共享引擎提供；日支近位提高亲密关系相关性，但不得把日支直接写成配偶性格。,无／按本规则指定功能链或接口路由。,由共享基础引擎判定；近位提高直接相关性，远位仅作背景、阶段或条件性修正。,根气只修正该功能是否容易重复调用，不等于现实中已经形成成熟能力。,旺弱只修正调用强度与承载；强不自动适配，弱也不自动缺失。,喜忌只修正顺畅度、摩擦与平衡，不可直接翻译为好坏、理想伴侣或关系结果。,原十神性质有效；真合化成立时按化神功能替换，合化争议时停止定性。,近位提高进入亲密关系核心的概率；远位只保留背景、条件性或低置信修正。,88,FM01 同频共振 +12 模式候选,similarity_complement_mode,用户该功能平衡、成熟，双方共同使用不会共同放大同一盲点。,当用户该功能平衡、成熟，双方共同使用不会共同放大同一盲点。时，关系更适合采用同频共振。,不得仅凭本规则推出某类人必然适合或不适合、婚姻必然成功、忠诚度、职业收入、外貌家庭、五行生肖匹配，或要求用户容忍伤害；现实安全、行为、反例与双方意愿优先。,中高,待验证,,matching_mode=FM01; provisional=true; rule_group=BASE-匹配模式,0.2
M5-BASE-270,FM01 同频共振｜伴侣行为,L6 匹配模式门控,BASE-匹配模式,通用,行为,FM01 同频共振,可观察行为,FM01 同频共振候选已经成立。,对方不愿参与协商、反馈或调整。,由共享基础引擎提供；只修正用户能否承载、表达和共同执行适配结构，不直接等同成熟度、道德或关系结果。,由M2提供；夫妻星和关系门槛只说明准入议题，不单独证明长期适配。,由M3-BASE与共享引擎提供；日支近位提高亲密关系相关性，但不得把日支直接写成配偶性格。,无／按本规则指定功能链或接口路由。,由共享基础引擎判定；近位提高直接相关性，远位仅作背景、阶段或条件性修正。,根气只修正该功能是否容易重复调用，不等于现实中已经形成成熟能力。,旺弱只修正调用强度与承载；强不自动适配，弱也不自动缺失。,喜忌只修正顺畅度、摩擦与平衡，不可直接翻译为好坏、理想伴侣或关系结果。,原十神性质有效；真合化成立时按化神功能替换，合化争议时停止定性。,近位提高进入亲密关系核心的概率；远位只保留背景、条件性或低置信修正。,82,FM01 同频共振 +8 行为支持,required_partner_behaviors,双方都能使用同一功能并接收反馈。,现实中要观察：双方都能使用同一功能并接收反馈。,不得仅凭本规则推出某类人必然适合或不适合、婚姻必然成功、忠诚度、职业收入、外貌家庭、五行生肖匹配，或要求用户容忍伤害；现实安全、行为、反例与双方意愿优先。,中,待验证,,matching_mode=FM01; provisional=true; rule_group=BASE-匹配模式,0.2
M5-BASE-271,FM01 同频共振｜互动结构,L6 匹配模式门控,BASE-匹配模式,通用,结构,FM01 同频共振,同功能协同＋防共同过用。,双方具备执行结构的时间、意愿和现实条件。,结构依赖一方单向牺牲。,由共享基础引擎提供；只修正用户能否承载、表达和共同执行适配结构，不直接等同成熟度、道德或关系结果。,由M2提供；夫妻星和关系门槛只说明准入议题，不单独证明长期适配。,由M3-BASE与共享引擎提供；日支近位提高亲密关系相关性，但不得把日支直接写成配偶性格。,无／按本规则指定功能链或接口路由。,由共享基础引擎判定；近位提高直接相关性，远位仅作背景、阶段或条件性修正。,根气只修正该功能是否容易重复调用，不等于现实中已经形成成熟能力。,旺弱只修正调用强度与承载；强不自动适配，弱也不自动缺失。,喜忌只修正顺畅度、摩擦与平衡，不可直接翻译为好坏、理想伴侣或关系结果。,原十神性质有效；真合化成立时按化神功能替换，合化争议时停止定性。,近位提高进入亲密关系核心的概率；远位只保留背景、条件性或低置信修正。,80,FM01 同频共振 +8 结构支持,interaction_structure,同功能协同＋防共同过用。,关系结构可以设计为：同功能协同＋防共同过用。,不得仅凭本规则推出某类人必然适合或不适合、婚姻必然成功、忠诚度、职业收入、外貌家庭、五行生肖匹配，或要求用户容忍伤害；现实安全、行为、反例与双方意愿优先。,中,待验证,,matching_mode=FM01; provisional=true; rule_group=BASE-匹配模式,0.2
M5-BASE-272,FM01 同频共振｜伪适配边界,L6 匹配模式门控,BASE-匹配模式,通用,边界,FM01 同频共振,PM伪适配,准备发布该模式。,无,由共享基础引擎提供；只修正用户能否承载、表达和共同执行适配结构，不直接等同成熟度、道德或关系结果。,由M2提供；夫妻星和关系门槛只说明准入议题，不单独证明长期适配。,由M3-BASE与共享引擎提供；日支近位提高亲密关系相关性，但不得把日支直接写成配偶性格。,无／按本规则指定功能链或接口路由。,由共享基础引擎判定；近位提高直接相关性，远位仅作背景、阶段或条件性修正。,根气只修正该功能是否容易重复调用，不等于现实中已经形成成熟能力。,旺弱只修正调用强度与承载；强不自动适配，弱也不自动缺失。,喜忌只修正顺畅度、摩擦与平衡，不可直接翻译为好坏、理想伴侣或关系结果。,原十神性质有效；真合化成立时按化神功能替换，合化争议时停止定性。,近位提高进入亲密关系核心的概率；远位只保留背景、条件性或低置信修正。,95,不加分；边界,boundary_note,相同不等于自动懂彼此。,需要区分：相同不等于自动懂彼此。,不得仅凭本规则推出某类人必然适合或不适合、婚姻必然成功、忠诚度、职业收入、外貌家庭、五行生肖匹配，或要求用户容忍伤害；现实安全、行为、反例与双方意愿优先。,高,待验证,,matching_mode=FM01; provisional=true; rule_group=BASE-匹配模式,0.2
M5-BASE-273,FM02 功能互补｜成立条件,L6 匹配模式门控,BASE-匹配模式,通用,门控,FM02 功能互补,成立条件,用户当前任务确有必要功能缺位，对方能稳定补位且不夺走自主。,只凭十神相同／相反、五行生克或一次事件。,由共享基础引擎提供；只修正用户能否承载、表达和共同执行适配结构，不直接等同成熟度、道德或关系结果。,由M2提供；夫妻星和关系门槛只说明准入议题，不单独证明长期适配。,由M3-BASE与共享引擎提供；日支近位提高亲密关系相关性，但不得把日支直接写成配偶性格。,无／按本规则指定功能链或接口路由。,由共享基础引擎判定；近位提高直接相关性，远位仅作背景、阶段或条件性修正。,根气只修正该功能是否容易重复调用，不等于现实中已经形成成熟能力。,旺弱只修正调用强度与承载；强不自动适配，弱也不自动缺失。,喜忌只修正顺畅度、摩擦与平衡，不可直接翻译为好坏、理想伴侣或关系结果。,原十神性质有效；真合化成立时按化神功能替换，合化争议时停止定性。,近位提高进入亲密关系核心的概率；远位只保留背景、条件性或低置信修正。,88,FM02 功能互补 +12 模式候选,similarity_complement_mode,用户当前任务确有必要功能缺位，对方能稳定补位且不夺走自主。,当用户当前任务确有必要功能缺位，对方能稳定补位且不夺走自主。时，关系更适合采用功能互补。,不得仅凭本规则推出某类人必然适合或不适合、婚姻必然成功、忠诚度、职业收入、外貌家庭、五行生肖匹配，或要求用户容忍伤害；现实安全、行为、反例与双方意愿优先。,中高,待验证,,matching_mode=FM02; provisional=true; rule_group=BASE-匹配模式,0.2
M5-BASE-274,FM02 功能互补｜伴侣行为,L6 匹配模式门控,BASE-匹配模式,通用,行为,FM02 功能互补,可观察行为,FM02 功能互补候选已经成立。,对方不愿参与协商、反馈或调整。,由共享基础引擎提供；只修正用户能否承载、表达和共同执行适配结构，不直接等同成熟度、道德或关系结果。,由M2提供；夫妻星和关系门槛只说明准入议题，不单独证明长期适配。,由M3-BASE与共享引擎提供；日支近位提高亲密关系相关性，但不得把日支直接写成配偶性格。,无／按本规则指定功能链或接口路由。,由共享基础引擎判定；近位提高直接相关性，远位仅作背景、阶段或条件性修正。,根气只修正该功能是否容易重复调用，不等于现实中已经形成成熟能力。,旺弱只修正调用强度与承载；强不自动适配，弱也不自动缺失。,喜忌只修正顺畅度、摩擦与平衡，不可直接翻译为好坏、理想伴侣或关系结果。,原十神性质有效；真合化成立时按化神功能替换，合化争议时停止定性。,近位提高进入亲密关系核心的概率；远位只保留背景、条件性或低置信修正。,82,FM02 功能互补 +8 行为支持,required_partner_behaviors,对方提供补位，用户逐步参与和学习。,现实中要观察：对方提供补位，用户逐步参与和学习。,不得仅凭本规则推出某类人必然适合或不适合、婚姻必然成功、忠诚度、职业收入、外貌家庭、五行生肖匹配，或要求用户容忍伤害；现实安全、行为、反例与双方意愿优先。,中,待验证,,matching_mode=FM02; provisional=true; rule_group=BASE-匹配模式,0.2
M5-BASE-275,FM02 功能互补｜互动结构,L6 匹配模式门控,BASE-匹配模式,通用,结构,FM02 功能互补,补位＋参与权＋能力成长。,双方具备执行结构的时间、意愿和现实条件。,结构依赖一方单向牺牲。,由共享基础引擎提供；只修正用户能否承载、表达和共同执行适配结构，不直接等同成熟度、道德或关系结果。,由M2提供；夫妻星和关系门槛只说明准入议题，不单独证明长期适配。,由M3-BASE与共享引擎提供；日支近位提高亲密关系相关性，但不得把日支直接写成配偶性格。,无／按本规则指定功能链或接口路由。,由共享基础引擎判定；近位提高直接相关性，远位仅作背景、阶段或条件性修正。,根气只修正该功能是否容易重复调用，不等于现实中已经形成成熟能力。,旺弱只修正调用强度与承载；强不自动适配，弱也不自动缺失。,喜忌只修正顺畅度、摩擦与平衡，不可直接翻译为好坏、理想伴侣或关系结果。,原十神性质有效；真合化成立时按化神功能替换，合化争议时停止定性。,近位提高进入亲密关系核心的概率；远位只保留背景、条件性或低置信修正。,80,FM02 功能互补 +8 结构支持,interaction_structure,补位＋参与权＋能力成长。,关系结构可以设计为：补位＋参与权＋能力成长。,不得仅凭本规则推出某类人必然适合或不适合、婚姻必然成功、忠诚度、职业收入、外貌家庭、五行生肖匹配，或要求用户容忍伤害；现实安全、行为、反例与双方意愿优先。,中,待验证,,matching_mode=FM02; provisional=true; rule_group=BASE-匹配模式,0.2
M5-BASE-276,FM02 功能互补｜伪适配边界,L6 匹配模式门控,BASE-匹配模式,通用,边界,FM02 功能互补,PM伪适配,准备发布该模式。,无,由共享基础引擎提供；只修正用户能否承载、表达和共同执行适配结构，不直接等同成熟度、道德或关系结果。,由M2提供；夫妻星和关系门槛只说明准入议题，不单独证明长期适配。,由M3-BASE与共享引擎提供；日支近位提高亲密关系相关性，但不得把日支直接写成配偶性格。,无／按本规则指定功能链或接口路由。,由共享基础引擎判定；近位提高直接相关性，远位仅作背景、阶段或条件性修正。,根气只修正该功能是否容易重复调用，不等于现实中已经形成成熟能力。,旺弱只修正调用强度与承载；强不自动适配，弱也不自动缺失。,喜忌只修正顺畅度、摩擦与平衡，不可直接翻译为好坏、理想伴侣或关系结果。,原十神性质有效；真合化成立时按化神功能替换，合化争议时停止定性。,近位提高进入亲密关系核心的概率；远位只保留背景、条件性或低置信修正。,95,不加分；边界,boundary_note,互补不能变成长期包办。,需要区分：互补不能变成长期包办。,不得仅凭本规则推出某类人必然适合或不适合、婚姻必然成功、忠诚度、职业收入、外貌家庭、五行生肖匹配，或要求用户容忍伤害；现实安全、行为、反例与双方意愿优先。,高,待验证,,matching_mode=FM02; provisional=true; rule_group=BASE-匹配模式,0.2
M5-BASE-277,FM03 先后接力｜成立条件,L6 匹配模式门控,BASE-匹配模式,通用,门控,FM03 先后接力,成立条件,双方分别擅长不同必要步骤，且存在明确回流点。,只凭十神相同／相反、五行生克或一次事件。,由共享基础引擎提供；只修正用户能否承载、表达和共同执行适配结构，不直接等同成熟度、道德或关系结果。,由M2提供；夫妻星和关系门槛只说明准入议题，不单独证明长期适配。,由M3-BASE与共享引擎提供；日支近位提高亲密关系相关性，但不得把日支直接写成配偶性格。,无／按本规则指定功能链或接口路由。,由共享基础引擎判定；近位提高直接相关性，远位仅作背景、阶段或条件性修正。,根气只修正该功能是否容易重复调用，不等于现实中已经形成成熟能力。,旺弱只修正调用强度与承载；强不自动适配，弱也不自动缺失。,喜忌只修正顺畅度、摩擦与平衡，不可直接翻译为好坏、理想伴侣或关系结果。,原十神性质有效；真合化成立时按化神功能替换，合化争议时停止定性。,近位提高进入亲密关系核心的概率；远位只保留背景、条件性或低置信修正。,88,FM03 先后接力 +12 模式候选,similarity_complement_mode,双方分别擅长不同必要步骤，且存在明确回流点。,当双方分别擅长不同必要步骤，且存在明确回流点。时，关系更适合采用先后接力。,不得仅凭本规则推出某类人必然适合或不适合、婚姻必然成功、忠诚度、职业收入、外貌家庭、五行生肖匹配，或要求用户容忍伤害；现实安全、行为、反例与双方意愿优先。,中高,待验证,,matching_mode=FM03; provisional=true; rule_group=BASE-匹配模式,0.2
M5-BASE-278,FM03 先后接力｜伴侣行为,L6 匹配模式门控,BASE-匹配模式,通用,行为,FM03 先后接力,可观察行为,FM03 先后接力候选已经成立。,对方不愿参与协商、反馈或调整。,由共享基础引擎提供；只修正用户能否承载、表达和共同执行适配结构，不直接等同成熟度、道德或关系结果。,由M2提供；夫妻星和关系门槛只说明准入议题，不单独证明长期适配。,由M3-BASE与共享引擎提供；日支近位提高亲密关系相关性，但不得把日支直接写成配偶性格。,无／按本规则指定功能链或接口路由。,由共享基础引擎判定；近位提高直接相关性，远位仅作背景、阶段或条件性修正。,根气只修正该功能是否容易重复调用，不等于现实中已经形成成熟能力。,旺弱只修正调用强度与承载；强不自动适配，弱也不自动缺失。,喜忌只修正顺畅度、摩擦与平衡，不可直接翻译为好坏、理想伴侣或关系结果。,原十神性质有效；真合化成立时按化神功能替换，合化争议时停止定性。,近位提高进入亲密关系核心的概率；远位只保留背景、条件性或低置信修正。,82,FM03 先后接力 +8 行为支持,required_partner_behaviors,一方完成第一步，另一方接续第二步，最终共同复核。,现实中要观察：一方完成第一步，另一方接续第二步，最终共同复核。,不得仅凭本规则推出某类人必然适合或不适合、婚姻必然成功、忠诚度、职业收入、外貌家庭、五行生肖匹配，或要求用户容忍伤害；现实安全、行为、反例与双方意愿优先。,中,待验证,,matching_mode=FM03; provisional=true; rule_group=BASE-匹配模式,0.2
M5-BASE-279,FM03 先后接力｜互动结构,L6 匹配模式门控,BASE-匹配模式,通用,结构,FM03 先后接力,先后顺序＋交接＋回访。,双方具备执行结构的时间、意愿和现实条件。,结构依赖一方单向牺牲。,由共享基础引擎提供；只修正用户能否承载、表达和共同执行适配结构，不直接等同成熟度、道德或关系结果。,由M2提供；夫妻星和关系门槛只说明准入议题，不单独证明长期适配。,由M3-BASE与共享引擎提供；日支近位提高亲密关系相关性，但不得把日支直接写成配偶性格。,无／按本规则指定功能链或接口路由。,由共享基础引擎判定；近位提高直接相关性，远位仅作背景、阶段或条件性修正。,根气只修正该功能是否容易重复调用，不等于现实中已经形成成熟能力。,旺弱只修正调用强度与承载；强不自动适配，弱也不自动缺失。,喜忌只修正顺畅度、摩擦与平衡，不可直接翻译为好坏、理想伴侣或关系结果。,原十神性质有效；真合化成立时按化神功能替换，合化争议时停止定性。,近位提高进入亲密关系核心的概率；远位只保留背景、条件性或低置信修正。,80,FM03 先后接力 +8 结构支持,interaction_structure,先后顺序＋交接＋回访。,关系结构可以设计为：先后顺序＋交接＋回访。,不得仅凭本规则推出某类人必然适合或不适合、婚姻必然成功、忠诚度、职业收入、外貌家庭、五行生肖匹配，或要求用户容忍伤害；现实安全、行为、反例与双方意愿优先。,中,待验证,,matching_mode=FM03; provisional=true; rule_group=BASE-匹配模式,0.2
M5-BASE-280,FM03 先后接力｜伪适配边界,L6 匹配模式门控,BASE-匹配模式,通用,边界,FM03 先后接力,PM伪适配,准备发布该模式。,无,由共享基础引擎提供；只修正用户能否承载、表达和共同执行适配结构，不直接等同成熟度、道德或关系结果。,由M2提供；夫妻星和关系门槛只说明准入议题，不单独证明长期适配。,由M3-BASE与共享引擎提供；日支近位提高亲密关系相关性，但不得把日支直接写成配偶性格。,无／按本规则指定功能链或接口路由。,由共享基础引擎判定；近位提高直接相关性，远位仅作背景、阶段或条件性修正。,根气只修正该功能是否容易重复调用，不等于现实中已经形成成熟能力。,旺弱只修正调用强度与承载；强不自动适配，弱也不自动缺失。,喜忌只修正顺畅度、摩擦与平衡，不可直接翻译为好坏、理想伴侣或关系结果。,原十神性质有效；真合化成立时按化神功能替换，合化争议时停止定性。,近位提高进入亲密关系核心的概率；远位只保留背景、条件性或低置信修正。,95,不加分；边界,boundary_note,接力不能固化成一方永远做事。,需要区分：接力不能固化成一方永远做事。,不得仅凭本规则推出某类人必然适合或不适合、婚姻必然成功、忠诚度、职业收入、外貌家庭、五行生肖匹配，或要求用户容忍伤害；现实安全、行为、反例与双方意愿优先。,高,待验证,,matching_mode=FM03; provisional=true; rule_group=BASE-匹配模式,0.2
M5-BASE-281,FM04 角色分工｜成立条件,L6 匹配模式门控,BASE-匹配模式,通用,门控,FM04 角色分工,成立条件,双方在不同领域各有稳定能力，分工透明、可调整。,只凭十神相同／相反、五行生克或一次事件。,由共享基础引擎提供；只修正用户能否承载、表达和共同执行适配结构，不直接等同成熟度、道德或关系结果。,由M2提供；夫妻星和关系门槛只说明准入议题，不单独证明长期适配。,由M3-BASE与共享引擎提供；日支近位提高亲密关系相关性，但不得把日支直接写成配偶性格。,无／按本规则指定功能链或接口路由。,由共享基础引擎判定；近位提高直接相关性，远位仅作背景、阶段或条件性修正。,根气只修正该功能是否容易重复调用，不等于现实中已经形成成熟能力。,旺弱只修正调用强度与承载；强不自动适配，弱也不自动缺失。,喜忌只修正顺畅度、摩擦与平衡，不可直接翻译为好坏、理想伴侣或关系结果。,原十神性质有效；真合化成立时按化神功能替换，合化争议时停止定性。,近位提高进入亲密关系核心的概率；远位只保留背景、条件性或低置信修正。,88,FM04 角色分工 +12 模式候选,similarity_complement_mode,双方在不同领域各有稳定能力，分工透明、可调整。,当双方在不同领域各有稳定能力，分工透明、可调整。时，关系更适合采用角色分工。,不得仅凭本规则推出某类人必然适合或不适合、婚姻必然成功、忠诚度、职业收入、外貌家庭、五行生肖匹配，或要求用户容忍伤害；现实安全、行为、反例与双方意愿优先。,中高,待验证,,matching_mode=FM04; provisional=true; rule_group=BASE-匹配模式,0.2
M5-BASE-282,FM04 角色分工｜伴侣行为,L6 匹配模式门控,BASE-匹配模式,通用,行为,FM04 角色分工,可观察行为,FM04 角色分工候选已经成立。,对方不愿参与协商、反馈或调整。,由共享基础引擎提供；只修正用户能否承载、表达和共同执行适配结构，不直接等同成熟度、道德或关系结果。,由M2提供；夫妻星和关系门槛只说明准入议题，不单独证明长期适配。,由M3-BASE与共享引擎提供；日支近位提高亲密关系相关性，但不得把日支直接写成配偶性格。,无／按本规则指定功能链或接口路由。,由共享基础引擎判定；近位提高直接相关性，远位仅作背景、阶段或条件性修正。,根气只修正该功能是否容易重复调用，不等于现实中已经形成成熟能力。,旺弱只修正调用强度与承载；强不自动适配，弱也不自动缺失。,喜忌只修正顺畅度、摩擦与平衡，不可直接翻译为好坏、理想伴侣或关系结果。,原十神性质有效；真合化成立时按化神功能替换，合化争议时停止定性。,近位提高进入亲密关系核心的概率；远位只保留背景、条件性或低置信修正。,82,FM04 角色分工 +8 行为支持,required_partner_behaviors,明确谁负责、哪些共同决定、何时重谈。,现实中要观察：明确谁负责、哪些共同决定、何时重谈。,不得仅凭本规则推出某类人必然适合或不适合、婚姻必然成功、忠诚度、职业收入、外貌家庭、五行生肖匹配，或要求用户容忍伤害；现实安全、行为、反例与双方意愿优先。,中,待验证,,matching_mode=FM04; provisional=true; rule_group=BASE-匹配模式,0.2
M5-BASE-283,FM04 角色分工｜互动结构,L6 匹配模式门控,BASE-匹配模式,通用,结构,FM04 角色分工,角色责任＋调整机制。,双方具备执行结构的时间、意愿和现实条件。,结构依赖一方单向牺牲。,由共享基础引擎提供；只修正用户能否承载、表达和共同执行适配结构，不直接等同成熟度、道德或关系结果。,由M2提供；夫妻星和关系门槛只说明准入议题，不单独证明长期适配。,由M3-BASE与共享引擎提供；日支近位提高亲密关系相关性，但不得把日支直接写成配偶性格。,无／按本规则指定功能链或接口路由。,由共享基础引擎判定；近位提高直接相关性，远位仅作背景、阶段或条件性修正。,根气只修正该功能是否容易重复调用，不等于现实中已经形成成熟能力。,旺弱只修正调用强度与承载；强不自动适配，弱也不自动缺失。,喜忌只修正顺畅度、摩擦与平衡，不可直接翻译为好坏、理想伴侣或关系结果。,原十神性质有效；真合化成立时按化神功能替换，合化争议时停止定性。,近位提高进入亲密关系核心的概率；远位只保留背景、条件性或低置信修正。,80,FM04 角色分工 +8 结构支持,interaction_structure,角色责任＋调整机制。,关系结构可以设计为：角色责任＋调整机制。,不得仅凭本规则推出某类人必然适合或不适合、婚姻必然成功、忠诚度、职业收入、外貌家庭、五行生肖匹配，或要求用户容忍伤害；现实安全、行为、反例与双方意愿优先。,中,待验证,,matching_mode=FM04; provisional=true; rule_group=BASE-匹配模式,0.2
M5-BASE-284,FM04 角色分工｜伪适配边界,L6 匹配模式门控,BASE-匹配模式,通用,边界,FM04 角色分工,PM伪适配,准备发布该模式。,无,由共享基础引擎提供；只修正用户能否承载、表达和共同执行适配结构，不直接等同成熟度、道德或关系结果。,由M2提供；夫妻星和关系门槛只说明准入议题，不单独证明长期适配。,由M3-BASE与共享引擎提供；日支近位提高亲密关系相关性，但不得把日支直接写成配偶性格。,无／按本规则指定功能链或接口路由。,由共享基础引擎判定；近位提高直接相关性，远位仅作背景、阶段或条件性修正。,根气只修正该功能是否容易重复调用，不等于现实中已经形成成熟能力。,旺弱只修正调用强度与承载；强不自动适配，弱也不自动缺失。,喜忌只修正顺畅度、摩擦与平衡，不可直接翻译为好坏、理想伴侣或关系结果。,原十神性质有效；真合化成立时按化神功能替换，合化争议时停止定性。,近位提高进入亲密关系核心的概率；远位只保留背景、条件性或低置信修正。,95,不加分；边界,boundary_note,分工不能固化权力。,需要区分：分工不能固化权力。,不得仅凭本规则推出某类人必然适合或不适合、婚姻必然成功、忠诚度、职业收入、外貌家庭、五行生肖匹配，或要求用户容忍伤害；现实安全、行为、反例与双方意愿优先。,高,待验证,,matching_mode=FM04; provisional=true; rule_group=BASE-匹配模式,0.2
M5-BASE-285,FM05 双向制衡｜成立条件,L6 匹配模式门控,BASE-匹配模式,通用,门控,FM05 双向制衡,成立条件,用户某功能易过用，需要另一功能限制和复核。,只凭十神相同／相反、五行生克或一次事件。,由共享基础引擎提供；只修正用户能否承载、表达和共同执行适配结构，不直接等同成熟度、道德或关系结果。,由M2提供；夫妻星和关系门槛只说明准入议题，不单独证明长期适配。,由M3-BASE与共享引擎提供；日支近位提高亲密关系相关性，但不得把日支直接写成配偶性格。,无／按本规则指定功能链或接口路由。,由共享基础引擎判定；近位提高直接相关性，远位仅作背景、阶段或条件性修正。,根气只修正该功能是否容易重复调用，不等于现实中已经形成成熟能力。,旺弱只修正调用强度与承载；强不自动适配，弱也不自动缺失。,喜忌只修正顺畅度、摩擦与平衡，不可直接翻译为好坏、理想伴侣或关系结果。,原十神性质有效；真合化成立时按化神功能替换，合化争议时停止定性。,近位提高进入亲密关系核心的概率；远位只保留背景、条件性或低置信修正。,88,FM05 双向制衡 +12 模式候选,similarity_complement_mode,用户某功能易过用，需要另一功能限制和复核。,当用户某功能易过用，需要另一功能限制和复核。时，关系更适合采用双向制衡。,不得仅凭本规则推出某类人必然适合或不适合、婚姻必然成功、忠诚度、职业收入、外貌家庭、五行生肖匹配，或要求用户容忍伤害；现实安全、行为、反例与双方意愿优先。,中高,待验证,,matching_mode=FM05; provisional=true; rule_group=BASE-匹配模式,0.2
M5-BASE-286,FM05 双向制衡｜伴侣行为,L6 匹配模式门控,BASE-匹配模式,通用,行为,FM05 双向制衡,可观察行为,FM05 双向制衡候选已经成立。,对方不愿参与协商、反馈或调整。,由共享基础引擎提供；只修正用户能否承载、表达和共同执行适配结构，不直接等同成熟度、道德或关系结果。,由M2提供；夫妻星和关系门槛只说明准入议题，不单独证明长期适配。,由M3-BASE与共享引擎提供；日支近位提高亲密关系相关性，但不得把日支直接写成配偶性格。,无／按本规则指定功能链或接口路由。,由共享基础引擎判定；近位提高直接相关性，远位仅作背景、阶段或条件性修正。,根气只修正该功能是否容易重复调用，不等于现实中已经形成成熟能力。,旺弱只修正调用强度与承载；强不自动适配，弱也不自动缺失。,喜忌只修正顺畅度、摩擦与平衡，不可直接翻译为好坏、理想伴侣或关系结果。,原十神性质有效；真合化成立时按化神功能替换，合化争议时停止定性。,近位提高进入亲密关系核心的概率；远位只保留背景、条件性或低置信修正。,82,FM05 双向制衡 +8 行为支持,required_partner_behaviors,双方都有反馈权、暂停权和共同决定权。,现实中要观察：双方都有反馈权、暂停权和共同决定权。,不得仅凭本规则推出某类人必然适合或不适合、婚姻必然成功、忠诚度、职业收入、外貌家庭、五行生肖匹配，或要求用户容忍伤害；现实安全、行为、反例与双方意愿优先。,中,待验证,,matching_mode=FM05; provisional=true; rule_group=BASE-匹配模式,0.2
M5-BASE-287,FM05 双向制衡｜互动结构,L6 匹配模式门控,BASE-匹配模式,通用,结构,FM05 双向制衡,边界＋复核＋切换点。,双方具备执行结构的时间、意愿和现实条件。,结构依赖一方单向牺牲。,由共享基础引擎提供；只修正用户能否承载、表达和共同执行适配结构，不直接等同成熟度、道德或关系结果。,由M2提供；夫妻星和关系门槛只说明准入议题，不单独证明长期适配。,由M3-BASE与共享引擎提供；日支近位提高亲密关系相关性，但不得把日支直接写成配偶性格。,无／按本规则指定功能链或接口路由。,由共享基础引擎判定；近位提高直接相关性，远位仅作背景、阶段或条件性修正。,根气只修正该功能是否容易重复调用，不等于现实中已经形成成熟能力。,旺弱只修正调用强度与承载；强不自动适配，弱也不自动缺失。,喜忌只修正顺畅度、摩擦与平衡，不可直接翻译为好坏、理想伴侣或关系结果。,原十神性质有效；真合化成立时按化神功能替换，合化争议时停止定性。,近位提高进入亲密关系核心的概率；远位只保留背景、条件性或低置信修正。,80,FM05 双向制衡 +8 结构支持,interaction_structure,边界＋复核＋切换点。,关系结构可以设计为：边界＋复核＋切换点。,不得仅凭本规则推出某类人必然适合或不适合、婚姻必然成功、忠诚度、职业收入、外貌家庭、五行生肖匹配，或要求用户容忍伤害；现实安全、行为、反例与双方意愿优先。,中,待验证,,matching_mode=FM05; provisional=true; rule_group=BASE-匹配模式,0.2
M5-BASE-288,FM05 双向制衡｜伪适配边界,L6 匹配模式门控,BASE-匹配模式,通用,边界,FM05 双向制衡,PM伪适配,准备发布该模式。,无,由共享基础引擎提供；只修正用户能否承载、表达和共同执行适配结构，不直接等同成熟度、道德或关系结果。,由M2提供；夫妻星和关系门槛只说明准入议题，不单独证明长期适配。,由M3-BASE与共享引擎提供；日支近位提高亲密关系相关性，但不得把日支直接写成配偶性格。,无／按本规则指定功能链或接口路由。,由共享基础引擎判定；近位提高直接相关性，远位仅作背景、阶段或条件性修正。,根气只修正该功能是否容易重复调用，不等于现实中已经形成成熟能力。,旺弱只修正调用强度与承载；强不自动适配，弱也不自动缺失。,喜忌只修正顺畅度、摩擦与平衡，不可直接翻译为好坏、理想伴侣或关系结果。,原十神性质有效；真合化成立时按化神功能替换，合化争议时停止定性。,近位提高进入亲密关系核心的概率；远位只保留背景、条件性或低置信修正。,95,不加分；边界,boundary_note,制衡不是否定、压制或让一方闭嘴。,需要区分：制衡不是否定、压制或让一方闭嘴。,不得仅凭本规则推出某类人必然适合或不适合、婚姻必然成功、忠诚度、职业收入、外貌家庭、五行生肖匹配，或要求用户容忍伤害；现实安全、行为、反例与双方意愿优先。,高,待验证,,matching_mode=FM05; provisional=true; rule_group=BASE-匹配模式,0.2
M5-BASE-289,FM06 状态分工｜成立条件,L6 匹配模式门控,BASE-匹配模式,通用,门控,FM06 状态分工,成立条件,平稳、压力和恢复状态需要不同功能进入。,只凭十神相同／相反、五行生克或一次事件。,由共享基础引擎提供；只修正用户能否承载、表达和共同执行适配结构，不直接等同成熟度、道德或关系结果。,由M2提供；夫妻星和关系门槛只说明准入议题，不单独证明长期适配。,由M3-BASE与共享引擎提供；日支近位提高亲密关系相关性，但不得把日支直接写成配偶性格。,无／按本规则指定功能链或接口路由。,由共享基础引擎判定；近位提高直接相关性，远位仅作背景、阶段或条件性修正。,根气只修正该功能是否容易重复调用，不等于现实中已经形成成熟能力。,旺弱只修正调用强度与承载；强不自动适配，弱也不自动缺失。,喜忌只修正顺畅度、摩擦与平衡，不可直接翻译为好坏、理想伴侣或关系结果。,原十神性质有效；真合化成立时按化神功能替换，合化争议时停止定性。,近位提高进入亲密关系核心的概率；远位只保留背景、条件性或低置信修正。,88,FM06 状态分工 +12 模式候选,similarity_complement_mode,平稳、压力和恢复状态需要不同功能进入。,当平稳、压力和恢复状态需要不同功能进入。时，关系更适合采用状态分工。,不得仅凭本规则推出某类人必然适合或不适合、婚姻必然成功、忠诚度、职业收入、外貌家庭、五行生肖匹配，或要求用户容忍伤害；现实安全、行为、反例与双方意愿优先。,中高,待验证,,matching_mode=FM06; provisional=true; rule_group=BASE-匹配模式,0.2
M5-BASE-290,FM06 状态分工｜伴侣行为,L6 匹配模式门控,BASE-匹配模式,通用,行为,FM06 状态分工,可观察行为,FM06 状态分工候选已经成立。,对方不愿参与协商、反馈或调整。,由共享基础引擎提供；只修正用户能否承载、表达和共同执行适配结构，不直接等同成熟度、道德或关系结果。,由M2提供；夫妻星和关系门槛只说明准入议题，不单独证明长期适配。,由M3-BASE与共享引擎提供；日支近位提高亲密关系相关性，但不得把日支直接写成配偶性格。,无／按本规则指定功能链或接口路由。,由共享基础引擎判定；近位提高直接相关性，远位仅作背景、阶段或条件性修正。,根气只修正该功能是否容易重复调用，不等于现实中已经形成成熟能力。,旺弱只修正调用强度与承载；强不自动适配，弱也不自动缺失。,喜忌只修正顺畅度、摩擦与平衡，不可直接翻译为好坏、理想伴侣或关系结果。,原十神性质有效；真合化成立时按化神功能替换，合化争议时停止定性。,近位提高进入亲密关系核心的概率；远位只保留背景、条件性或低置信修正。,82,FM06 状态分工 +8 行为支持,required_partner_behaviors,能识别状态变化，并约定压力后如何回流。,现实中要观察：能识别状态变化，并约定压力后如何回流。,不得仅凭本规则推出某类人必然适合或不适合、婚姻必然成功、忠诚度、职业收入、外貌家庭、五行生肖匹配，或要求用户容忍伤害；现实安全、行为、反例与双方意愿优先。,中,待验证,,matching_mode=FM06; provisional=true; rule_group=BASE-匹配模式,0.2
M5-BASE-291,FM06 状态分工｜互动结构,L6 匹配模式门控,BASE-匹配模式,通用,结构,FM06 状态分工,状态识别＋切换＋恢复协议。,双方具备执行结构的时间、意愿和现实条件。,结构依赖一方单向牺牲。,由共享基础引擎提供；只修正用户能否承载、表达和共同执行适配结构，不直接等同成熟度、道德或关系结果。,由M2提供；夫妻星和关系门槛只说明准入议题，不单独证明长期适配。,由M3-BASE与共享引擎提供；日支近位提高亲密关系相关性，但不得把日支直接写成配偶性格。,无／按本规则指定功能链或接口路由。,由共享基础引擎判定；近位提高直接相关性，远位仅作背景、阶段或条件性修正。,根气只修正该功能是否容易重复调用，不等于现实中已经形成成熟能力。,旺弱只修正调用强度与承载；强不自动适配，弱也不自动缺失。,喜忌只修正顺畅度、摩擦与平衡，不可直接翻译为好坏、理想伴侣或关系结果。,原十神性质有效；真合化成立时按化神功能替换，合化争议时停止定性。,近位提高进入亲密关系核心的概率；远位只保留背景、条件性或低置信修正。,80,FM06 状态分工 +8 结构支持,interaction_structure,状态识别＋切换＋恢复协议。,关系结构可以设计为：状态识别＋切换＋恢复协议。,不得仅凭本规则推出某类人必然适合或不适合、婚姻必然成功、忠诚度、职业收入、外貌家庭、五行生肖匹配，或要求用户容忍伤害；现实安全、行为、反例与双方意愿优先。,中,待验证,,matching_mode=FM06; provisional=true; rule_group=BASE-匹配模式,0.2
M5-BASE-292,FM06 状态分工｜伪适配边界,L6 匹配模式门控,BASE-匹配模式,通用,边界,FM06 状态分工,PM伪适配,准备发布该模式。,无,由共享基础引擎提供；只修正用户能否承载、表达和共同执行适配结构，不直接等同成熟度、道德或关系结果。,由M2提供；夫妻星和关系门槛只说明准入议题，不单独证明长期适配。,由M3-BASE与共享引擎提供；日支近位提高亲密关系相关性，但不得把日支直接写成配偶性格。,无／按本规则指定功能链或接口路由。,由共享基础引擎判定；近位提高直接相关性，远位仅作背景、阶段或条件性修正。,根气只修正该功能是否容易重复调用，不等于现实中已经形成成熟能力。,旺弱只修正调用强度与承载；强不自动适配，弱也不自动缺失。,喜忌只修正顺畅度、摩擦与平衡，不可直接翻译为好坏、理想伴侣或关系结果。,原十神性质有效；真合化成立时按化神功能替换，合化争议时停止定性。,近位提高进入亲密关系核心的概率；远位只保留背景、条件性或低置信修正。,95,不加分；边界,boundary_note,压力下的分工不能变成固定人格标签。,需要区分：压力下的分工不能变成固定人格标签。,不得仅凭本规则推出某类人必然适合或不适合、婚姻必然成功、忠诚度、职业收入、外貌家庭、五行生肖匹配，或要求用户容忍伤害；现实安全、行为、反例与双方意愿优先。,高,待验证,,matching_mode=FM06; provisional=true; rule_group=BASE-匹配模式,0.2
M5-BASE-293,FM07 共同成长｜成立条件,L6 匹配模式门控,BASE-匹配模式,通用,门控,FM07 共同成长,成立条件,双方都在发展某项必要能力，并愿意练习、反馈和复盘。,只凭十神相同／相反、五行生克或一次事件。,由共享基础引擎提供；只修正用户能否承载、表达和共同执行适配结构，不直接等同成熟度、道德或关系结果。,由M2提供；夫妻星和关系门槛只说明准入议题，不单独证明长期适配。,由M3-BASE与共享引擎提供；日支近位提高亲密关系相关性，但不得把日支直接写成配偶性格。,无／按本规则指定功能链或接口路由。,由共享基础引擎判定；近位提高直接相关性，远位仅作背景、阶段或条件性修正。,根气只修正该功能是否容易重复调用，不等于现实中已经形成成熟能力。,旺弱只修正调用强度与承载；强不自动适配，弱也不自动缺失。,喜忌只修正顺畅度、摩擦与平衡，不可直接翻译为好坏、理想伴侣或关系结果。,原十神性质有效；真合化成立时按化神功能替换，合化争议时停止定性。,近位提高进入亲密关系核心的概率；远位只保留背景、条件性或低置信修正。,88,FM07 共同成长 +12 模式候选,similarity_complement_mode,双方都在发展某项必要能力，并愿意练习、反馈和复盘。,当双方都在发展某项必要能力，并愿意练习、反馈和复盘。时，关系更适合采用共同成长。,不得仅凭本规则推出某类人必然适合或不适合、婚姻必然成功、忠诚度、职业收入、外貌家庭、五行生肖匹配，或要求用户容忍伤害；现实安全、行为、反例与双方意愿优先。,中高,待验证,,matching_mode=FM07; provisional=true; rule_group=BASE-匹配模式,0.2
M5-BASE-294,FM07 共同成长｜伴侣行为,L6 匹配模式门控,BASE-匹配模式,通用,行为,FM07 共同成长,可观察行为,FM07 共同成长候选已经成立。,对方不愿参与协商、反馈或调整。,由共享基础引擎提供；只修正用户能否承载、表达和共同执行适配结构，不直接等同成熟度、道德或关系结果。,由M2提供；夫妻星和关系门槛只说明准入议题，不单独证明长期适配。,由M3-BASE与共享引擎提供；日支近位提高亲密关系相关性，但不得把日支直接写成配偶性格。,无／按本规则指定功能链或接口路由。,由共享基础引擎判定；近位提高直接相关性，远位仅作背景、阶段或条件性修正。,根气只修正该功能是否容易重复调用，不等于现实中已经形成成熟能力。,旺弱只修正调用强度与承载；强不自动适配，弱也不自动缺失。,喜忌只修正顺畅度、摩擦与平衡，不可直接翻译为好坏、理想伴侣或关系结果。,原十神性质有效；真合化成立时按化神功能替换，合化争议时停止定性。,近位提高进入亲密关系核心的概率；远位只保留背景、条件性或低置信修正。,82,FM07 共同成长 +8 行为支持,required_partner_behaviors,建立具体练习、回顾和调整机制。,现实中要观察：建立具体练习、回顾和调整机制。,不得仅凭本规则推出某类人必然适合或不适合、婚姻必然成功、忠诚度、职业收入、外貌家庭、五行生肖匹配，或要求用户容忍伤害；现实安全、行为、反例与双方意愿优先。,中,待验证,,matching_mode=FM07; provisional=true; rule_group=BASE-匹配模式,0.2
M5-BASE-295,FM07 共同成长｜互动结构,L6 匹配模式门控,BASE-匹配模式,通用,结构,FM07 共同成长,共同目标＋小步练习＋复盘。,双方具备执行结构的时间、意愿和现实条件。,结构依赖一方单向牺牲。,由共享基础引擎提供；只修正用户能否承载、表达和共同执行适配结构，不直接等同成熟度、道德或关系结果。,由M2提供；夫妻星和关系门槛只说明准入议题，不单独证明长期适配。,由M3-BASE与共享引擎提供；日支近位提高亲密关系相关性，但不得把日支直接写成配偶性格。,无／按本规则指定功能链或接口路由。,由共享基础引擎判定；近位提高直接相关性，远位仅作背景、阶段或条件性修正。,根气只修正该功能是否容易重复调用，不等于现实中已经形成成熟能力。,旺弱只修正调用强度与承载；强不自动适配，弱也不自动缺失。,喜忌只修正顺畅度、摩擦与平衡，不可直接翻译为好坏、理想伴侣或关系结果。,原十神性质有效；真合化成立时按化神功能替换，合化争议时停止定性。,近位提高进入亲密关系核心的概率；远位只保留背景、条件性或低置信修正。,80,FM07 共同成长 +8 结构支持,interaction_structure,共同目标＋小步练习＋复盘。,关系结构可以设计为：共同目标＋小步练习＋复盘。,不得仅凭本规则推出某类人必然适合或不适合、婚姻必然成功、忠诚度、职业收入、外貌家庭、五行生肖匹配，或要求用户容忍伤害；现实安全、行为、反例与双方意愿优先。,中,待验证,,matching_mode=FM07; provisional=true; rule_group=BASE-匹配模式,0.2
M5-BASE-296,FM07 共同成长｜伪适配边界,L6 匹配模式门控,BASE-匹配模式,通用,边界,FM07 共同成长,PM伪适配,准备发布该模式。,无,由共享基础引擎提供；只修正用户能否承载、表达和共同执行适配结构，不直接等同成熟度、道德或关系结果。,由M2提供；夫妻星和关系门槛只说明准入议题，不单独证明长期适配。,由M3-BASE与共享引擎提供；日支近位提高亲密关系相关性，但不得把日支直接写成配偶性格。,无／按本规则指定功能链或接口路由。,由共享基础引擎判定；近位提高直接相关性，远位仅作背景、阶段或条件性修正。,根气只修正该功能是否容易重复调用，不等于现实中已经形成成熟能力。,旺弱只修正调用强度与承载；强不自动适配，弱也不自动缺失。,喜忌只修正顺畅度、摩擦与平衡，不可直接翻译为好坏、理想伴侣或关系结果。,原十神性质有效；真合化成立时按化神功能替换，合化争议时停止定性。,近位提高进入亲密关系核心的概率；远位只保留背景、条件性或低置信修正。,95,不加分；边界,boundary_note,成长不能只由一方推动。,需要区分：成长不能只由一方推动。,不得仅凭本规则推出某类人必然适合或不适合、婚姻必然成功、忠诚度、职业收入、外貌家庭、五行生肖匹配，或要求用户容忍伤害；现实安全、行为、反例与双方意愿优先。,高,待验证,,matching_mode=FM07; provisional=true; rule_group=BASE-匹配模式,0.2
M5-BASE-297,FM08 情境组合｜成立条件,L6 匹配模式门控,BASE-匹配模式,通用,门控,FM08 情境组合,成立条件,不同关系议题需要不同适配结构。,只凭十神相同／相反、五行生克或一次事件。,由共享基础引擎提供；只修正用户能否承载、表达和共同执行适配结构，不直接等同成熟度、道德或关系结果。,由M2提供；夫妻星和关系门槛只说明准入议题，不单独证明长期适配。,由M3-BASE与共享引擎提供；日支近位提高亲密关系相关性，但不得把日支直接写成配偶性格。,无／按本规则指定功能链或接口路由。,由共享基础引擎判定；近位提高直接相关性，远位仅作背景、阶段或条件性修正。,根气只修正该功能是否容易重复调用，不等于现实中已经形成成熟能力。,旺弱只修正调用强度与承载；强不自动适配，弱也不自动缺失。,喜忌只修正顺畅度、摩擦与平衡，不可直接翻译为好坏、理想伴侣或关系结果。,原十神性质有效；真合化成立时按化神功能替换，合化争议时停止定性。,近位提高进入亲密关系核心的概率；远位只保留背景、条件性或低置信修正。,88,FM08 情境组合 +12 模式候选,similarity_complement_mode,不同关系议题需要不同适配结构。,当不同关系议题需要不同适配结构。时，关系更适合采用情境组合。,不得仅凭本规则推出某类人必然适合或不适合、婚姻必然成功、忠诚度、职业收入、外貌家庭、五行生肖匹配，或要求用户容忍伤害；现实安全、行为、反例与双方意愿优先。,中高,待验证,,matching_mode=FM08; provisional=true; rule_group=BASE-匹配模式,0.2
M5-BASE-298,FM08 情境组合｜伴侣行为,L6 匹配模式门控,BASE-匹配模式,通用,行为,FM08 情境组合,可观察行为,FM08 情境组合候选已经成立。,对方不愿参与协商、反馈或调整。,由共享基础引擎提供；只修正用户能否承载、表达和共同执行适配结构，不直接等同成熟度、道德或关系结果。,由M2提供；夫妻星和关系门槛只说明准入议题，不单独证明长期适配。,由M3-BASE与共享引擎提供；日支近位提高亲密关系相关性，但不得把日支直接写成配偶性格。,无／按本规则指定功能链或接口路由。,由共享基础引擎判定；近位提高直接相关性，远位仅作背景、阶段或条件性修正。,根气只修正该功能是否容易重复调用，不等于现实中已经形成成熟能力。,旺弱只修正调用强度与承载；强不自动适配，弱也不自动缺失。,喜忌只修正顺畅度、摩擦与平衡，不可直接翻译为好坏、理想伴侣或关系结果。,原十神性质有效；真合化成立时按化神功能替换，合化争议时停止定性。,近位提高进入亲密关系核心的概率；远位只保留背景、条件性或低置信修正。,82,FM08 情境组合 +8 行为支持,required_partner_behaviors,能根据事务、情绪、边界和高压场景切换方式。,现实中要观察：能根据事务、情绪、边界和高压场景切换方式。,不得仅凭本规则推出某类人必然适合或不适合、婚姻必然成功、忠诚度、职业收入、外貌家庭、五行生肖匹配，或要求用户容忍伤害；现实安全、行为、反例与双方意愿优先。,中,待验证,,matching_mode=FM08; provisional=true; rule_group=BASE-匹配模式,0.2
M5-BASE-299,FM08 情境组合｜互动结构,L6 匹配模式门控,BASE-匹配模式,通用,结构,FM08 情境组合,场景分类＋对应结构。,双方具备执行结构的时间、意愿和现实条件。,结构依赖一方单向牺牲。,由共享基础引擎提供；只修正用户能否承载、表达和共同执行适配结构，不直接等同成熟度、道德或关系结果。,由M2提供；夫妻星和关系门槛只说明准入议题，不单独证明长期适配。,由M3-BASE与共享引擎提供；日支近位提高亲密关系相关性，但不得把日支直接写成配偶性格。,无／按本规则指定功能链或接口路由。,由共享基础引擎判定；近位提高直接相关性，远位仅作背景、阶段或条件性修正。,根气只修正该功能是否容易重复调用，不等于现实中已经形成成熟能力。,旺弱只修正调用强度与承载；强不自动适配，弱也不自动缺失。,喜忌只修正顺畅度、摩擦与平衡，不可直接翻译为好坏、理想伴侣或关系结果。,原十神性质有效；真合化成立时按化神功能替换，合化争议时停止定性。,近位提高进入亲密关系核心的概率；远位只保留背景、条件性或低置信修正。,80,FM08 情境组合 +8 结构支持,interaction_structure,场景分类＋对应结构。,关系结构可以设计为：场景分类＋对应结构。,不得仅凭本规则推出某类人必然适合或不适合、婚姻必然成功、忠诚度、职业收入、外貌家庭、五行生肖匹配，或要求用户容忍伤害；现实安全、行为、反例与双方意愿优先。,中,待验证,,matching_mode=FM08; provisional=true; rule_group=BASE-匹配模式,0.2
M5-BASE-300,FM08 情境组合｜伪适配边界,L6 匹配模式门控,BASE-匹配模式,通用,边界,FM08 情境组合,PM伪适配,准备发布该模式。,无,由共享基础引擎提供；只修正用户能否承载、表达和共同执行适配结构，不直接等同成熟度、道德或关系结果。,由M2提供；夫妻星和关系门槛只说明准入议题，不单独证明长期适配。,由M3-BASE与共享引擎提供；日支近位提高亲密关系相关性，但不得把日支直接写成配偶性格。,无／按本规则指定功能链或接口路由。,由共享基础引擎判定；近位提高直接相关性，远位仅作背景、阶段或条件性修正。,根气只修正该功能是否容易重复调用，不等于现实中已经形成成熟能力。,旺弱只修正调用强度与承载；强不自动适配，弱也不自动缺失。,喜忌只修正顺畅度、摩擦与平衡，不可直接翻译为好坏、理想伴侣或关系结果。,原十神性质有效；真合化成立时按化神功能替换，合化争议时停止定性。,近位提高进入亲密关系核心的概率；远位只保留背景、条件性或低置信修正。,95,不加分；边界,boundary_note,不能用一个标签覆盖所有关系情境。,需要区分：不能用一个标签覆盖所有关系情境。,不得仅凭本规则推出某类人必然适合或不适合、婚姻必然成功、忠诚度、职业收入、外貌家庭、五行生肖匹配，或要求用户容忍伤害；现实安全、行为、反例与双方意愿优先。,高,待验证,,matching_mode=FM08; provisional=true; rule_group=BASE-匹配模式,0.2
M5-BASE-301,印→比劫｜适配接力定义,L7 适配接力链,BASE-接力链,通用,定义,印→比劫,理解／承接→自主／边界,起点和终点功能均为当前关系任务的必要环节。,只有五行相生标签，没有M3／M4第二类证据。,由共享基础引擎提供；只修正用户能否承载、表达和共同执行适配结构，不直接等同成熟度、道德或关系结果。,由M2提供；夫妻星和关系门槛只说明准入议题，不单独证明长期适配。,由M3-BASE与共享引擎提供；日支近位提高亲密关系相关性，但不得把日支直接写成配偶性格。,无／按本规则指定功能链或接口路由。,由共享基础引擎判定；近位提高直接相关性，远位仅作背景、阶段或条件性修正。,根气只修正该功能是否容易重复调用，不等于现实中已经形成成熟能力。,旺弱只修正调用强度与承载；强不自动适配，弱也不自动缺失。,喜忌只修正顺畅度、摩擦与平衡，不可直接翻译为好坏、理想伴侣或关系结果。,原十神性质有效；真合化成立时按化神功能替换，合化争议时停止定性。,近位提高进入亲密关系核心的概率；远位只保留背景、条件性或低置信修正。,88,印→比劫 +10 接力候选,interaction_structure,对方的支持最终帮助用户形成自己的判断和边界。,关系需要完成：理解／承接→自主／边界。,不得仅凭本规则推出某类人必然适合或不适合、婚姻必然成功、忠诚度、职业收入、外貌家庭、五行生肖匹配，或要求用户容忍伤害；现实安全、行为、反例与双方意愿优先。,中高,待验证,,flow_path=印→比劫; provisional=true; rule_group=BASE-接力链,0.2
M5-BASE-302,印→比劫｜伴侣接力行为,L7 适配接力链,BASE-接力链,通用,行为,印→比劫,可观察行为,印→比劫接力候选成立。,行为只完成第一步。,由共享基础引擎提供；只修正用户能否承载、表达和共同执行适配结构，不直接等同成熟度、道德或关系结果。,由M2提供；夫妻星和关系门槛只说明准入议题，不单独证明长期适配。,由M3-BASE与共享引擎提供；日支近位提高亲密关系相关性，但不得把日支直接写成配偶性格。,无／按本规则指定功能链或接口路由。,由共享基础引擎判定；近位提高直接相关性，远位仅作背景、阶段或条件性修正。,根气只修正该功能是否容易重复调用，不等于现实中已经形成成熟能力。,旺弱只修正调用强度与承载；强不自动适配，弱也不自动缺失。,喜忌只修正顺畅度、摩擦与平衡，不可直接翻译为好坏、理想伴侣或关系结果。,原十神性质有效；真合化成立时按化神功能替换，合化争议时停止定性。,近位提高进入亲密关系核心的概率；远位只保留背景、条件性或低置信修正。,82,印→比劫 +8 行为支持,required_partner_behaviors,先倾听与理解，再由用户做决定；照顾不替代自主。,现实中要观察：先倾听与理解，再由用户做决定；照顾不替代自主。,不得仅凭本规则推出某类人必然适合或不适合、婚姻必然成功、忠诚度、职业收入、外貌家庭、五行生肖匹配，或要求用户容忍伤害；现实安全、行为、反例与双方意愿优先。,中,待验证,,flow_path=印→比劫; provisional=true; rule_group=BASE-接力链,0.2
M5-BASE-303,印→比劫｜关系结构,L7 适配接力链,BASE-接力链,通用,结构,印→比劫,IS07支持—自主闭环,双方同意按该顺序协作并设置回访。,一方永久负责起点，另一方永久负责终点。,由共享基础引擎提供；只修正用户能否承载、表达和共同执行适配结构，不直接等同成熟度、道德或关系结果。,由M2提供；夫妻星和关系门槛只说明准入议题，不单独证明长期适配。,由M3-BASE与共享引擎提供；日支近位提高亲密关系相关性，但不得把日支直接写成配偶性格。,无／按本规则指定功能链或接口路由。,由共享基础引擎判定；近位提高直接相关性，远位仅作背景、阶段或条件性修正。,根气只修正该功能是否容易重复调用，不等于现实中已经形成成熟能力。,旺弱只修正调用强度与承载；强不自动适配，弱也不自动缺失。,喜忌只修正顺畅度、摩擦与平衡，不可直接翻译为好坏、理想伴侣或关系结果。,原十神性质有效；真合化成立时按化神功能替换，合化争议时停止定性。,近位提高进入亲密关系核心的概率；远位只保留背景、条件性或低置信修正。,80,印→比劫 +8 结构支持,interaction_structure,IS07支持—自主闭环,可采用：IS07支持—自主闭环,不得仅凭本规则推出某类人必然适合或不适合、婚姻必然成功、忠诚度、职业收入、外貌家庭、五行生肖匹配，或要求用户容忍伤害；现实安全、行为、反例与双方意愿优先。,中,待验证,,flow_path=印→比劫; provisional=true; rule_group=BASE-接力链,0.2
M5-BASE-304,印→比劫｜断流与停止边界,L7 适配接力链,BASE-接力链,通用,边界,印→比劫,转换受阻,准备判断链条是否完成。,无,由共享基础引擎提供；只修正用户能否承载、表达和共同执行适配结构，不直接等同成熟度、道德或关系结果。,由M2提供；夫妻星和关系门槛只说明准入议题，不单独证明长期适配。,由M3-BASE与共享引擎提供；日支近位提高亲密关系相关性，但不得把日支直接写成配偶性格。,无／按本规则指定功能链或接口路由。,由共享基础引擎判定；近位提高直接相关性，远位仅作背景、阶段或条件性修正。,根气只修正该功能是否容易重复调用，不等于现实中已经形成成熟能力。,旺弱只修正调用强度与承载；强不自动适配，弱也不自动缺失。,喜忌只修正顺畅度、摩擦与平衡，不可直接翻译为好坏、理想伴侣或关系结果。,原十神性质有效；真合化成立时按化神功能替换，合化争议时停止定性。,近位提高进入亲密关系核心的概率；远位只保留背景、条件性或低置信修正。,94,断流则降级／转M4 K06,boundary_note,只有安抚没有自主成长，链条未完成。,如果只有安抚没有自主成长，链条未完成。，这条接力还没有真正成立。,不得仅凭本规则推出某类人必然适合或不适合、婚姻必然成功、忠诚度、职业收入、外貌家庭、五行生肖匹配，或要求用户容忍伤害；现实安全、行为、反例与双方意愿优先。,高,待验证,,flow_path=印→比劫; provisional=true; rule_group=BASE-接力链,0.2
M5-BASE-305,比劫→食伤｜适配接力定义,L7 适配接力链,BASE-接力链,通用,定义,比劫→食伤,立场／边界→表达／协商,起点和终点功能均为当前关系任务的必要环节。,只有五行相生标签，没有M3／M4第二类证据。,由共享基础引擎提供；只修正用户能否承载、表达和共同执行适配结构，不直接等同成熟度、道德或关系结果。,由M2提供；夫妻星和关系门槛只说明准入议题，不单独证明长期适配。,由M3-BASE与共享引擎提供；日支近位提高亲密关系相关性，但不得把日支直接写成配偶性格。,无／按本规则指定功能链或接口路由。,由共享基础引擎判定；近位提高直接相关性，远位仅作背景、阶段或条件性修正。,根气只修正该功能是否容易重复调用，不等于现实中已经形成成熟能力。,旺弱只修正调用强度与承载；强不自动适配，弱也不自动缺失。,喜忌只修正顺畅度、摩擦与平衡，不可直接翻译为好坏、理想伴侣或关系结果。,原十神性质有效；真合化成立时按化神功能替换，合化争议时停止定性。,近位提高进入亲密关系核心的概率；远位只保留背景、条件性或低置信修正。,88,比劫→食伤 +10 接力候选,interaction_structure,用户知道自己的需要，并能用对方可接收的方式说明。,关系需要完成：立场／边界→表达／协商。,不得仅凭本规则推出某类人必然适合或不适合、婚姻必然成功、忠诚度、职业收入、外貌家庭、五行生肖匹配，或要求用户容忍伤害；现实安全、行为、反例与双方意愿优先。,中高,待验证,,flow_path=比劫→食伤; provisional=true; rule_group=BASE-接力链,0.2
M5-BASE-306,比劫→食伤｜伴侣接力行为,L7 适配接力链,BASE-接力链,通用,行为,比劫→食伤,可观察行为,比劫→食伤接力候选成立。,行为只完成第一步。,由共享基础引擎提供；只修正用户能否承载、表达和共同执行适配结构，不直接等同成熟度、道德或关系结果。,由M2提供；夫妻星和关系门槛只说明准入议题，不单独证明长期适配。,由M3-BASE与共享引擎提供；日支近位提高亲密关系相关性，但不得把日支直接写成配偶性格。,无／按本规则指定功能链或接口路由。,由共享基础引擎判定；近位提高直接相关性，远位仅作背景、阶段或条件性修正。,根气只修正该功能是否容易重复调用，不等于现实中已经形成成熟能力。,旺弱只修正调用强度与承载；强不自动适配，弱也不自动缺失。,喜忌只修正顺畅度、摩擦与平衡，不可直接翻译为好坏、理想伴侣或关系结果。,原十神性质有效；真合化成立时按化神功能替换，合化争议时停止定性。,近位提高进入亲密关系核心的概率；远位只保留背景、条件性或低置信修正。,82,比劫→食伤 +8 行为支持,required_partner_behaviors,允许说不，也要求说明需要、理由和可协商方案。,现实中要观察：允许说不，也要求说明需要、理由和可协商方案。,不得仅凭本规则推出某类人必然适合或不适合、婚姻必然成功、忠诚度、职业收入、外貌家庭、五行生肖匹配，或要求用户容忍伤害；现实安全、行为、反例与双方意愿优先。,中,待验证,,flow_path=比劫→食伤; provisional=true; rule_group=BASE-接力链,0.2
M5-BASE-307,比劫→食伤｜关系结构,L7 适配接力链,BASE-接力链,通用,结构,比劫→食伤,IS01平等协商＋IS03表达—倾听,双方同意按该顺序协作并设置回访。,一方永久负责起点，另一方永久负责终点。,由共享基础引擎提供；只修正用户能否承载、表达和共同执行适配结构，不直接等同成熟度、道德或关系结果。,由M2提供；夫妻星和关系门槛只说明准入议题，不单独证明长期适配。,由M3-BASE与共享引擎提供；日支近位提高亲密关系相关性，但不得把日支直接写成配偶性格。,无／按本规则指定功能链或接口路由。,由共享基础引擎判定；近位提高直接相关性，远位仅作背景、阶段或条件性修正。,根气只修正该功能是否容易重复调用，不等于现实中已经形成成熟能力。,旺弱只修正调用强度与承载；强不自动适配，弱也不自动缺失。,喜忌只修正顺畅度、摩擦与平衡，不可直接翻译为好坏、理想伴侣或关系结果。,原十神性质有效；真合化成立时按化神功能替换，合化争议时停止定性。,近位提高进入亲密关系核心的概率；远位只保留背景、条件性或低置信修正。,80,比劫→食伤 +8 结构支持,interaction_structure,IS01平等协商＋IS03表达—倾听,可采用：IS01平等协商＋IS03表达—倾听,不得仅凭本规则推出某类人必然适合或不适合、婚姻必然成功、忠诚度、职业收入、外貌家庭、五行生肖匹配，或要求用户容忍伤害；现实安全、行为、反例与双方意愿优先。,中,待验证,,flow_path=比劫→食伤; provisional=true; rule_group=BASE-接力链,0.2
M5-BASE-308,比劫→食伤｜断流与停止边界,L7 适配接力链,BASE-接力链,通用,边界,比劫→食伤,转换受阻,准备判断链条是否完成。,无,由共享基础引擎提供；只修正用户能否承载、表达和共同执行适配结构，不直接等同成熟度、道德或关系结果。,由M2提供；夫妻星和关系门槛只说明准入议题，不单独证明长期适配。,由M3-BASE与共享引擎提供；日支近位提高亲密关系相关性，但不得把日支直接写成配偶性格。,无／按本规则指定功能链或接口路由。,由共享基础引擎判定；近位提高直接相关性，远位仅作背景、阶段或条件性修正。,根气只修正该功能是否容易重复调用，不等于现实中已经形成成熟能力。,旺弱只修正调用强度与承载；强不自动适配，弱也不自动缺失。,喜忌只修正顺畅度、摩擦与平衡，不可直接翻译为好坏、理想伴侣或关系结果。,原十神性质有效；真合化成立时按化神功能替换，合化争议时停止定性。,近位提高进入亲密关系核心的概率；远位只保留背景、条件性或低置信修正。,94,断流则降级／转M4 K06,boundary_note,只有边界没有沟通，链条未完成。,如果只有边界没有沟通，链条未完成。，这条接力还没有真正成立。,不得仅凭本规则推出某类人必然适合或不适合、婚姻必然成功、忠诚度、职业收入、外貌家庭、五行生肖匹配，或要求用户容忍伤害；现实安全、行为、反例与双方意愿优先。,高,待验证,,flow_path=比劫→食伤; provisional=true; rule_group=BASE-接力链,0.2
M5-BASE-309,食伤→财｜适配接力定义,L7 适配接力链,BASE-接力链,通用,定义,食伤→财,表达／理解→现实落实,起点和终点功能均为当前关系任务的必要环节。,只有五行相生标签，没有M3／M4第二类证据。,由共享基础引擎提供；只修正用户能否承载、表达和共同执行适配结构，不直接等同成熟度、道德或关系结果。,由M2提供；夫妻星和关系门槛只说明准入议题，不单独证明长期适配。,由M3-BASE与共享引擎提供；日支近位提高亲密关系相关性，但不得把日支直接写成配偶性格。,无／按本规则指定功能链或接口路由。,由共享基础引擎判定；近位提高直接相关性，远位仅作背景、阶段或条件性修正。,根气只修正该功能是否容易重复调用，不等于现实中已经形成成熟能力。,旺弱只修正调用强度与承载；强不自动适配，弱也不自动缺失。,喜忌只修正顺畅度、摩擦与平衡，不可直接翻译为好坏、理想伴侣或关系结果。,原十神性质有效；真合化成立时按化神功能替换，合化争议时停止定性。,近位提高进入亲密关系核心的概率；远位只保留背景、条件性或低置信修正。,88,食伤→财 +10 接力候选,interaction_structure,对话、感受和观点进一步转成时间、分工和行动。,关系需要完成：表达／理解→现实落实。,不得仅凭本规则推出某类人必然适合或不适合、婚姻必然成功、忠诚度、职业收入、外貌家庭、五行生肖匹配，或要求用户容忍伤害；现实安全、行为、反例与双方意愿优先。,中高,待验证,,flow_path=食伤→财; provisional=true; rule_group=BASE-接力链,0.2
M5-BASE-310,食伤→财｜伴侣接力行为,L7 适配接力链,BASE-接力链,通用,行为,食伤→财,可观察行为,食伤→财接力候选成立。,行为只完成第一步。,由共享基础引擎提供；只修正用户能否承载、表达和共同执行适配结构，不直接等同成熟度、道德或关系结果。,由M2提供；夫妻星和关系门槛只说明准入议题，不单独证明长期适配。,由M3-BASE与共享引擎提供；日支近位提高亲密关系相关性，但不得把日支直接写成配偶性格。,无／按本规则指定功能链或接口路由。,由共享基础引擎判定；近位提高直接相关性，远位仅作背景、阶段或条件性修正。,根气只修正该功能是否容易重复调用，不等于现实中已经形成成熟能力。,旺弱只修正调用强度与承载；强不自动适配，弱也不自动缺失。,喜忌只修正顺畅度、摩擦与平衡，不可直接翻译为好坏、理想伴侣或关系结果。,原十神性质有效；真合化成立时按化神功能替换，合化争议时停止定性。,近位提高进入亲密关系核心的概率；远位只保留背景、条件性或低置信修正。,82,食伤→财 +8 行为支持,required_partner_behaviors,沟通后形成具体行动、负责人、时间点和回访。,现实中要观察：沟通后形成具体行动、负责人、时间点和回访。,不得仅凭本规则推出某类人必然适合或不适合、婚姻必然成功、忠诚度、职业收入、外貌家庭、五行生肖匹配，或要求用户容忍伤害；现实安全、行为、反例与双方意愿优先。,中,待验证,,flow_path=食伤→财; provisional=true; rule_group=BASE-接力链,0.2
M5-BASE-311,食伤→财｜关系结构,L7 适配接力链,BASE-接力链,通用,结构,食伤→财,IS04沟通—落实闭环,双方同意按该顺序协作并设置回访。,一方永久负责起点，另一方永久负责终点。,由共享基础引擎提供；只修正用户能否承载、表达和共同执行适配结构，不直接等同成熟度、道德或关系结果。,由M2提供；夫妻星和关系门槛只说明准入议题，不单独证明长期适配。,由M3-BASE与共享引擎提供；日支近位提高亲密关系相关性，但不得把日支直接写成配偶性格。,无／按本规则指定功能链或接口路由。,由共享基础引擎判定；近位提高直接相关性，远位仅作背景、阶段或条件性修正。,根气只修正该功能是否容易重复调用，不等于现实中已经形成成熟能力。,旺弱只修正调用强度与承载；强不自动适配，弱也不自动缺失。,喜忌只修正顺畅度、摩擦与平衡，不可直接翻译为好坏、理想伴侣或关系结果。,原十神性质有效；真合化成立时按化神功能替换，合化争议时停止定性。,近位提高进入亲密关系核心的概率；远位只保留背景、条件性或低置信修正。,80,食伤→财 +8 结构支持,interaction_structure,IS04沟通—落实闭环,可采用：IS04沟通—落实闭环,不得仅凭本规则推出某类人必然适合或不适合、婚姻必然成功、忠诚度、职业收入、外貌家庭、五行生肖匹配，或要求用户容忍伤害；现实安全、行为、反例与双方意愿优先。,中,待验证,,flow_path=食伤→财; provisional=true; rule_group=BASE-接力链,0.2
M5-BASE-312,食伤→财｜断流与停止边界,L7 适配接力链,BASE-接力链,通用,边界,食伤→财,转换受阻,准备判断链条是否完成。,无,由共享基础引擎提供；只修正用户能否承载、表达和共同执行适配结构，不直接等同成熟度、道德或关系结果。,由M2提供；夫妻星和关系门槛只说明准入议题，不单独证明长期适配。,由M3-BASE与共享引擎提供；日支近位提高亲密关系相关性，但不得把日支直接写成配偶性格。,无／按本规则指定功能链或接口路由。,由共享基础引擎判定；近位提高直接相关性，远位仅作背景、阶段或条件性修正。,根气只修正该功能是否容易重复调用，不等于现实中已经形成成熟能力。,旺弱只修正调用强度与承载；强不自动适配，弱也不自动缺失。,喜忌只修正顺畅度、摩擦与平衡，不可直接翻译为好坏、理想伴侣或关系结果。,原十神性质有效；真合化成立时按化神功能替换，合化争议时停止定性。,近位提高进入亲密关系核心的概率；远位只保留背景、条件性或低置信修正。,94,断流则降级／转M4 K06,boundary_note,只说清没有行动，链条未完成。,如果只说清没有行动，链条未完成。，这条接力还没有真正成立。,不得仅凭本规则推出某类人必然适合或不适合、婚姻必然成功、忠诚度、职业收入、外貌家庭、五行生肖匹配，或要求用户容忍伤害；现实安全、行为、反例与双方意愿优先。,高,待验证,,flow_path=食伤→财; provisional=true; rule_group=BASE-接力链,0.2
M5-BASE-313,财→官杀｜适配接力定义,L7 适配接力链,BASE-接力链,通用,定义,财→官杀,投入／经营→责任／承诺,起点和终点功能均为当前关系任务的必要环节。,只有五行相生标签，没有M3／M4第二类证据。,由共享基础引擎提供；只修正用户能否承载、表达和共同执行适配结构，不直接等同成熟度、道德或关系结果。,由M2提供；夫妻星和关系门槛只说明准入议题，不单独证明长期适配。,由M3-BASE与共享引擎提供；日支近位提高亲密关系相关性，但不得把日支直接写成配偶性格。,无／按本规则指定功能链或接口路由。,由共享基础引擎判定；近位提高直接相关性，远位仅作背景、阶段或条件性修正。,根气只修正该功能是否容易重复调用，不等于现实中已经形成成熟能力。,旺弱只修正调用强度与承载；强不自动适配，弱也不自动缺失。,喜忌只修正顺畅度、摩擦与平衡，不可直接翻译为好坏、理想伴侣或关系结果。,原十神性质有效；真合化成立时按化神功能替换，合化争议时停止定性。,近位提高进入亲密关系核心的概率；远位只保留背景、条件性或低置信修正。,88,财→官杀 +10 接力候选,interaction_structure,现实投入进一步转成双方认可的责任和长期角色。,关系需要完成：投入／经营→责任／承诺。,不得仅凭本规则推出某类人必然适合或不适合、婚姻必然成功、忠诚度、职业收入、外貌家庭、五行生肖匹配，或要求用户容忍伤害；现实安全、行为、反例与双方意愿优先。,中高,待验证,,flow_path=财→官杀; provisional=true; rule_group=BASE-接力链,0.2
M5-BASE-314,财→官杀｜伴侣接力行为,L7 适配接力链,BASE-接力链,通用,行为,财→官杀,可观察行为,财→官杀接力候选成立。,行为只完成第一步。,由共享基础引擎提供；只修正用户能否承载、表达和共同执行适配结构，不直接等同成熟度、道德或关系结果。,由M2提供；夫妻星和关系门槛只说明准入议题，不单独证明长期适配。,由M3-BASE与共享引擎提供；日支近位提高亲密关系相关性，但不得把日支直接写成配偶性格。,无／按本规则指定功能链或接口路由。,由共享基础引擎判定；近位提高直接相关性，远位仅作背景、阶段或条件性修正。,根气只修正该功能是否容易重复调用，不等于现实中已经形成成熟能力。,旺弱只修正调用强度与承载；强不自动适配，弱也不自动缺失。,喜忌只修正顺畅度、摩擦与平衡，不可直接翻译为好坏、理想伴侣或关系结果。,原十神性质有效；真合化成立时按化神功能替换，合化争议时停止定性。,近位提高进入亲密关系核心的概率；远位只保留背景、条件性或低置信修正。,82,财→官杀 +8 行为支持,required_partner_behaviors,把时间资源和付出转成清楚承诺、分工和持续责任。,现实中要观察：把时间资源和付出转成清楚承诺、分工和持续责任。,不得仅凭本规则推出某类人必然适合或不适合、婚姻必然成功、忠诚度、职业收入、外貌家庭、五行生肖匹配，或要求用户容忍伤害；现实安全、行为、反例与双方意愿优先。,中,待验证,,flow_path=财→官杀; provisional=true; rule_group=BASE-接力链,0.2
M5-BASE-315,财→官杀｜关系结构,L7 适配接力链,BASE-接力链,通用,结构,财→官杀,IS05投入—责任闭环,双方同意按该顺序协作并设置回访。,一方永久负责起点，另一方永久负责终点。,由共享基础引擎提供；只修正用户能否承载、表达和共同执行适配结构，不直接等同成熟度、道德或关系结果。,由M2提供；夫妻星和关系门槛只说明准入议题，不单独证明长期适配。,由M3-BASE与共享引擎提供；日支近位提高亲密关系相关性，但不得把日支直接写成配偶性格。,无／按本规则指定功能链或接口路由。,由共享基础引擎判定；近位提高直接相关性，远位仅作背景、阶段或条件性修正。,根气只修正该功能是否容易重复调用，不等于现实中已经形成成熟能力。,旺弱只修正调用强度与承载；强不自动适配，弱也不自动缺失。,喜忌只修正顺畅度、摩擦与平衡，不可直接翻译为好坏、理想伴侣或关系结果。,原十神性质有效；真合化成立时按化神功能替换，合化争议时停止定性。,近位提高进入亲密关系核心的概率；远位只保留背景、条件性或低置信修正。,80,财→官杀 +8 结构支持,interaction_structure,IS05投入—责任闭环,可采用：IS05投入—责任闭环,不得仅凭本规则推出某类人必然适合或不适合、婚姻必然成功、忠诚度、职业收入、外貌家庭、五行生肖匹配，或要求用户容忍伤害；现实安全、行为、反例与双方意愿优先。,中,待验证,,flow_path=财→官杀; provisional=true; rule_group=BASE-接力链,0.2
M5-BASE-316,财→官杀｜断流与停止边界,L7 适配接力链,BASE-接力链,通用,边界,财→官杀,转换受阻,准备判断链条是否完成。,无,由共享基础引擎提供；只修正用户能否承载、表达和共同执行适配结构，不直接等同成熟度、道德或关系结果。,由M2提供；夫妻星和关系门槛只说明准入议题，不单独证明长期适配。,由M3-BASE与共享引擎提供；日支近位提高亲密关系相关性，但不得把日支直接写成配偶性格。,无／按本规则指定功能链或接口路由。,由共享基础引擎判定；近位提高直接相关性，远位仅作背景、阶段或条件性修正。,根气只修正该功能是否容易重复调用，不等于现实中已经形成成熟能力。,旺弱只修正调用强度与承载；强不自动适配，弱也不自动缺失。,喜忌只修正顺畅度、摩擦与平衡，不可直接翻译为好坏、理想伴侣或关系结果。,原十神性质有效；真合化成立时按化神功能替换，合化争议时停止定性。,近位提高进入亲密关系核心的概率；远位只保留背景、条件性或低置信修正。,94,断流则降级／转M4 K06,boundary_note,有投入没有承诺边界，链条未完成。,如果有投入没有承诺边界，链条未完成。，这条接力还没有真正成立。,不得仅凭本规则推出某类人必然适合或不适合、婚姻必然成功、忠诚度、职业收入、外貌家庭、五行生肖匹配，或要求用户容忍伤害；现实安全、行为、反例与双方意愿优先。,高,待验证,,flow_path=财→官杀; provisional=true; rule_group=BASE-接力链,0.2
M5-BASE-317,官杀→印｜适配接力定义,L7 适配接力链,BASE-接力链,通用,定义,官杀→印,行动／责任→安全／重新开放,起点和终点功能均为当前关系任务的必要环节。,只有五行相生标签，没有M3／M4第二类证据。,由共享基础引擎提供；只修正用户能否承载、表达和共同执行适配结构，不直接等同成熟度、道德或关系结果。,由M2提供；夫妻星和关系门槛只说明准入议题，不单独证明长期适配。,由M3-BASE与共享引擎提供；日支近位提高亲密关系相关性，但不得把日支直接写成配偶性格。,无／按本规则指定功能链或接口路由。,由共享基础引擎判定；近位提高直接相关性，远位仅作背景、阶段或条件性修正。,根气只修正该功能是否容易重复调用，不等于现实中已经形成成熟能力。,旺弱只修正调用强度与承载；强不自动适配，弱也不自动缺失。,喜忌只修正顺畅度、摩擦与平衡，不可直接翻译为好坏、理想伴侣或关系结果。,原十神性质有效；真合化成立时按化神功能替换，合化争议时停止定性。,近位提高进入亲密关系核心的概率；远位只保留背景、条件性或低置信修正。,88,官杀→印 +10 接力候选,interaction_structure,事情处理和责任兑现以后，关系回到影响、理解和信任。,关系需要完成：行动／责任→安全／重新开放。,不得仅凭本规则推出某类人必然适合或不适合、婚姻必然成功、忠诚度、职业收入、外貌家庭、五行生肖匹配，或要求用户容忍伤害；现实安全、行为、反例与双方意愿优先。,中高,待验证,,flow_path=官杀→印; provisional=true; rule_group=BASE-接力链,0.2
M5-BASE-318,官杀→印｜伴侣接力行为,L7 适配接力链,BASE-接力链,通用,行为,官杀→印,可观察行为,官杀→印接力候选成立。,行为只完成第一步。,由共享基础引擎提供；只修正用户能否承载、表达和共同执行适配结构，不直接等同成熟度、道德或关系结果。,由M2提供；夫妻星和关系门槛只说明准入议题，不单独证明长期适配。,由M3-BASE与共享引擎提供；日支近位提高亲密关系相关性，但不得把日支直接写成配偶性格。,无／按本规则指定功能链或接口路由。,由共享基础引擎判定；近位提高直接相关性，远位仅作背景、阶段或条件性修正。,根气只修正该功能是否容易重复调用，不等于现实中已经形成成熟能力。,旺弱只修正调用强度与承载；强不自动适配，弱也不自动缺失。,喜忌只修正顺畅度、摩擦与平衡，不可直接翻译为好坏、理想伴侣或关系结果。,原十神性质有效；真合化成立时按化神功能替换，合化争议时停止定性。,近位提高进入亲密关系核心的概率；远位只保留背景、条件性或低置信修正。,82,官杀→印 +8 行为支持,required_partner_behaviors,处理问题后确认感受、影响和信任是否恢复。,现实中要观察：处理问题后确认感受、影响和信任是否恢复。,不得仅凭本规则推出某类人必然适合或不适合、婚姻必然成功、忠诚度、职业收入、外貌家庭、五行生肖匹配，或要求用户容忍伤害；现实安全、行为、反例与双方意愿优先。,中,待验证,,flow_path=官杀→印; provisional=true; rule_group=BASE-接力链,0.2
M5-BASE-319,官杀→印｜关系结构,L7 适配接力链,BASE-接力链,通用,结构,官杀→印,IS06行动—反馈＋IS09任务—情绪双轨,双方同意按该顺序协作并设置回访。,一方永久负责起点，另一方永久负责终点。,由共享基础引擎提供；只修正用户能否承载、表达和共同执行适配结构，不直接等同成熟度、道德或关系结果。,由M2提供；夫妻星和关系门槛只说明准入议题，不单独证明长期适配。,由M3-BASE与共享引擎提供；日支近位提高亲密关系相关性，但不得把日支直接写成配偶性格。,无／按本规则指定功能链或接口路由。,由共享基础引擎判定；近位提高直接相关性，远位仅作背景、阶段或条件性修正。,根气只修正该功能是否容易重复调用，不等于现实中已经形成成熟能力。,旺弱只修正调用强度与承载；强不自动适配，弱也不自动缺失。,喜忌只修正顺畅度、摩擦与平衡，不可直接翻译为好坏、理想伴侣或关系结果。,原十神性质有效；真合化成立时按化神功能替换，合化争议时停止定性。,近位提高进入亲密关系核心的概率；远位只保留背景、条件性或低置信修正。,80,官杀→印 +8 结构支持,interaction_structure,IS06行动—反馈＋IS09任务—情绪双轨,可采用：IS06行动—反馈＋IS09任务—情绪双轨,不得仅凭本规则推出某类人必然适合或不适合、婚姻必然成功、忠诚度、职业收入、外貌家庭、五行生肖匹配，或要求用户容忍伤害；现实安全、行为、反例与双方意愿优先。,中,待验证,,flow_path=官杀→印; provisional=true; rule_group=BASE-接力链,0.2
M5-BASE-320,官杀→印｜断流与停止边界,L7 适配接力链,BASE-接力链,通用,边界,官杀→印,转换受阻,准备判断链条是否完成。,无,由共享基础引擎提供；只修正用户能否承载、表达和共同执行适配结构，不直接等同成熟度、道德或关系结果。,由M2提供；夫妻星和关系门槛只说明准入议题，不单独证明长期适配。,由M3-BASE与共享引擎提供；日支近位提高亲密关系相关性，但不得把日支直接写成配偶性格。,无／按本规则指定功能链或接口路由。,由共享基础引擎判定；近位提高直接相关性，远位仅作背景、阶段或条件性修正。,根气只修正该功能是否容易重复调用，不等于现实中已经形成成熟能力。,旺弱只修正调用强度与承载；强不自动适配，弱也不自动缺失。,喜忌只修正顺畅度、摩擦与平衡，不可直接翻译为好坏、理想伴侣或关系结果。,原十神性质有效；真合化成立时按化神功能替换，合化争议时停止定性。,近位提高进入亲密关系核心的概率；远位只保留背景、条件性或低置信修正。,94,断流则降级／转M4 K06,boundary_note,问题结束但关系没有回流，链条未完成。,如果问题结束但关系没有回流，链条未完成。，这条接力还没有真正成立。,不得仅凭本规则推出某类人必然适合或不适合、婚姻必然成功、忠诚度、职业收入、外貌家庭、五行生肖匹配，或要求用户容忍伤害；现实安全、行为、反例与双方意愿优先。,高,待验证,,flow_path=官杀→印; provisional=true; rule_group=BASE-接力链,0.2
M5-BASE-321,透干且有根｜功能明确并可重复,L8 状态与动态修正,BASE-状态修正,通用,修正,透干有根,,共享引擎可靠判定为透干有根，且原十神功能有效。,基础状态未定、合化争议或现实反例足以否定。,由共享基础引擎提供；只修正用户能否承载、表达和共同执行适配结构，不直接等同成熟度、道德或关系结果。,由M2提供；夫妻星和关系门槛只说明准入议题，不单独证明长期适配。,由M3-BASE与共享引擎提供；日支近位提高亲密关系相关性，但不得把日支直接写成配偶性格。,无／按本规则指定功能链或接口路由。,由共享基础引擎判定；近位提高直接相关性，远位仅作背景、阶段或条件性修正。,根气只修正该功能是否容易重复调用，不等于现实中已经形成成熟能力。,旺弱只修正调用强度与承载；强不自动适配，弱也不自动缺失。,喜忌只修正顺畅度、摩擦与平衡，不可直接翻译为好坏、理想伴侣或关系结果。,原十神性质有效；真合化成立时按化神功能替换，合化争议时停止定性。,近位提高进入亲密关系核心的概率；远位只保留背景、条件性或低置信修正。,80,+6 可见与持续修正,confidence／need_priority／matching_mode,功能容易被用户和对方看见，也较容易在关系中重复调用。,提高FN候选可见度与置信度，但仍需现实行为验证。,不得仅凭本规则推出某类人必然适合或不适合、婚姻必然成功、忠诚度、职业收入、外貌家庭、五行生肖匹配，或要求用户容忍伤害；现实安全、行为、反例与双方意愿优先。,中高,待验证,,state_modifier=透干有根; provisional=true; rule_group=BASE-状态修正,0.2
M5-BASE-322,透干无根｜外显不等于持续,L8 状态与动态修正,BASE-状态修正,通用,修正,透干无根,,共享引擎可靠判定为透干无根，且原十神功能有效。,基础状态未定、合化争议或现实反例足以否定。,由共享基础引擎提供；只修正用户能否承载、表达和共同执行适配结构，不直接等同成熟度、道德或关系结果。,由M2提供；夫妻星和关系门槛只说明准入议题，不单独证明长期适配。,由M3-BASE与共享引擎提供；日支近位提高亲密关系相关性，但不得把日支直接写成配偶性格。,无／按本规则指定功能链或接口路由。,由共享基础引擎判定；近位提高直接相关性，远位仅作背景、阶段或条件性修正。,根气只修正该功能是否容易重复调用，不等于现实中已经形成成熟能力。,旺弱只修正调用强度与承载；强不自动适配，弱也不自动缺失。,喜忌只修正顺畅度、摩擦与平衡，不可直接翻译为好坏、理想伴侣或关系结果。,原十神性质有效；真合化成立时按化神功能替换，合化争议时停止定性。,近位提高进入亲密关系核心的概率；远位只保留背景、条件性或低置信修正。,80,+2 可见；持续性待验,confidence／need_priority／matching_mode,功能容易先被看见，但持续性和承载仍需复核。,可作PR2／PR3候选，不宜单独升级PR1。,不得仅凭本规则推出某类人必然适合或不适合、婚姻必然成功、忠诚度、职业收入、外貌家庭、五行生肖匹配，或要求用户容忍伤害；现实安全、行为、反例与双方意愿优先。,中,待验证,,state_modifier=透干无根; provisional=true; rule_group=BASE-状态修正,0.2
M5-BASE-323,藏支有根｜隐性但可累积,L8 状态与动态修正,BASE-状态修正,通用,修正,藏支有根,,共享引擎可靠判定为藏支有根，且原十神功能有效。,基础状态未定、合化争议或现实反例足以否定。,由共享基础引擎提供；只修正用户能否承载、表达和共同执行适配结构，不直接等同成熟度、道德或关系结果。,由M2提供；夫妻星和关系门槛只说明准入议题，不单独证明长期适配。,由M3-BASE与共享引擎提供；日支近位提高亲密关系相关性，但不得把日支直接写成配偶性格。,无／按本规则指定功能链或接口路由。,由共享基础引擎判定；近位提高直接相关性，远位仅作背景、阶段或条件性修正。,根气只修正该功能是否容易重复调用，不等于现实中已经形成成熟能力。,旺弱只修正调用强度与承载；强不自动适配，弱也不自动缺失。,喜忌只修正顺畅度、摩擦与平衡，不可直接翻译为好坏、理想伴侣或关系结果。,原十神性质有效；真合化成立时按化神功能替换，合化争议时停止定性。,近位提高进入亲密关系核心的概率；远位只保留背景、条件性或低置信修正。,80,+4 持续；可见度低,confidence／need_priority／matching_mode,功能可能不在第一印象中出现，却能在熟悉后稳定进入。,允许作为PR1／PR2候选，但用户语言要说明需要相处观察。,不得仅凭本规则推出某类人必然适合或不适合、婚姻必然成功、忠诚度、职业收入、外貌家庭、五行生肖匹配，或要求用户容忍伤害；现实安全、行为、反例与双方意愿优先。,中,待验证,,state_modifier=藏支有根; provisional=true; rule_group=BASE-状态修正,0.2
M5-BASE-324,藏而弱远｜只作背景条件,L8 状态与动态修正,BASE-状态修正,通用,修正,藏弱远,,共享引擎可靠判定为藏弱远，且原十神功能有效。,基础状态未定、合化争议或现实反例足以否定。,由共享基础引擎提供；只修正用户能否承载、表达和共同执行适配结构，不直接等同成熟度、道德或关系结果。,由M2提供；夫妻星和关系门槛只说明准入议题，不单独证明长期适配。,由M3-BASE与共享引擎提供；日支近位提高亲密关系相关性，但不得把日支直接写成配偶性格。,无／按本规则指定功能链或接口路由。,由共享基础引擎判定；近位提高直接相关性，远位仅作背景、阶段或条件性修正。,根气只修正该功能是否容易重复调用，不等于现实中已经形成成熟能力。,旺弱只修正调用强度与承载；强不自动适配，弱也不自动缺失。,喜忌只修正顺畅度、摩擦与平衡，不可直接翻译为好坏、理想伴侣或关系结果。,原十神性质有效；真合化成立时按化神功能替换，合化争议时停止定性。,近位提高进入亲密关系核心的概率；远位只保留背景、条件性或低置信修正。,80,-6 降级,confidence／need_priority／matching_mode,功能存在但不容易直接进入亲密关系核心。,降为PR4或低置信背景，不进入正文主需求。,不得仅凭本规则推出某类人必然适合或不适合、婚姻必然成功、忠诚度、职业收入、外貌家庭、五行生肖匹配，或要求用户容忍伤害；现实安全、行为、反例与双方意愿优先。,中高,待验证,,state_modifier=藏弱远; provisional=true; rule_group=BASE-状态修正,0.2
M5-BASE-325,旺而平衡｜成熟同频候选,L8 状态与动态修正,BASE-状态修正,通用,修正,旺而平衡,,共享引擎可靠判定为旺而平衡，且原十神功能有效。,基础状态未定、合化争议或现实反例足以否定。,由共享基础引擎提供；只修正用户能否承载、表达和共同执行适配结构，不直接等同成熟度、道德或关系结果。,由M2提供；夫妻星和关系门槛只说明准入议题，不单独证明长期适配。,由M3-BASE与共享引擎提供；日支近位提高亲密关系相关性，但不得把日支直接写成配偶性格。,无／按本规则指定功能链或接口路由。,由共享基础引擎判定；近位提高直接相关性，远位仅作背景、阶段或条件性修正。,根气只修正该功能是否容易重复调用，不等于现实中已经形成成熟能力。,旺弱只修正调用强度与承载；强不自动适配，弱也不自动缺失。,喜忌只修正顺畅度、摩擦与平衡，不可直接翻译为好坏、理想伴侣或关系结果。,原十神性质有效；真合化成立时按化神功能替换，合化争议时停止定性。,近位提高进入亲密关系核心的概率；远位只保留背景、条件性或低置信修正。,80,+6 同频支持,confidence／need_priority／matching_mode,功能调用稳定、不过度抢位。,可提高FM01同频共振候选。,不得仅凭本规则推出某类人必然适合或不适合、婚姻必然成功、忠诚度、职业收入、外貌家庭、五行生肖匹配，或要求用户容忍伤害；现实安全、行为、反例与双方意愿优先。,中高,待验证,,state_modifier=旺而平衡; provisional=true; rule_group=BASE-状态修正,0.2
M5-BASE-326,过旺失衡｜优先制衡而非同强,L8 状态与动态修正,BASE-状态修正,通用,修正,过旺失衡,,共享引擎可靠判定为过旺失衡，且原十神功能有效。,基础状态未定、合化争议或现实反例足以否定。,由共享基础引擎提供；只修正用户能否承载、表达和共同执行适配结构，不直接等同成熟度、道德或关系结果。,由M2提供；夫妻星和关系门槛只说明准入议题，不单独证明长期适配。,由M3-BASE与共享引擎提供；日支近位提高亲密关系相关性，但不得把日支直接写成配偶性格。,无／按本规则指定功能链或接口路由。,由共享基础引擎判定；近位提高直接相关性，远位仅作背景、阶段或条件性修正。,根气只修正该功能是否容易重复调用，不等于现实中已经形成成熟能力。,旺弱只修正调用强度与承载；强不自动适配，弱也不自动缺失。,喜忌只修正顺畅度、摩擦与平衡，不可直接翻译为好坏、理想伴侣或关系结果。,原十神性质有效；真合化成立时按化神功能替换，合化争议时停止定性。,近位提高进入亲密关系核心的概率；远位只保留背景、条件性或低置信修正。,80,+8 PR1调节；FM01降级,confidence／need_priority／matching_mode,功能容易抢先、重复或扩大职责。,优先FN调节／FM05制衡，不直接找同样极强的伴侣。,不得仅凭本规则推出某类人必然适合或不适合、婚姻必然成功、忠诚度、职业收入、外貌家庭、五行生肖匹配，或要求用户容忍伤害；现实安全、行为、反例与双方意愿优先。,中高,待验证,,state_modifier=过旺失衡; provisional=true; rule_group=BASE-状态修正,0.2
M5-BASE-327,偏弱有助｜条件性互补候选,L8 状态与动态修正,BASE-状态修正,通用,修正,偏弱有助,,共享引擎可靠判定为偏弱有助，且原十神功能有效。,基础状态未定、合化争议或现实反例足以否定。,由共享基础引擎提供；只修正用户能否承载、表达和共同执行适配结构，不直接等同成熟度、道德或关系结果。,由M2提供；夫妻星和关系门槛只说明准入议题，不单独证明长期适配。,由M3-BASE与共享引擎提供；日支近位提高亲密关系相关性，但不得把日支直接写成配偶性格。,无／按本规则指定功能链或接口路由。,由共享基础引擎判定；近位提高直接相关性，远位仅作背景、阶段或条件性修正。,根气只修正该功能是否容易重复调用，不等于现实中已经形成成熟能力。,旺弱只修正调用强度与承载；强不自动适配，弱也不自动缺失。,喜忌只修正顺畅度、摩擦与平衡，不可直接翻译为好坏、理想伴侣或关系结果。,原十神性质有效；真合化成立时按化神功能替换，合化争议时停止定性。,近位提高进入亲密关系核心的概率；远位只保留背景、条件性或低置信修正。,80,+4 互补候选,confidence／need_priority／matching_mode,功能在支持条件下能够进入。,可建立FM02互补或FM07共同成长。,不得仅凭本规则推出某类人必然适合或不适合、婚姻必然成功、忠诚度、职业收入、外貌家庭、五行生肖匹配，或要求用户容忍伤害；现实安全、行为、反例与双方意愿优先。,中,待验证,,state_modifier=偏弱有助; provisional=true; rule_group=BASE-状态修正,0.2
M5-BASE-328,偏弱无助｜不得仅凭弱判缺位,L8 状态与动态修正,BASE-状态修正,通用,修正,偏弱无助,,共享引擎可靠判定为偏弱无助，且原十神功能有效。,基础状态未定、合化争议或现实反例足以否定。,由共享基础引擎提供；只修正用户能否承载、表达和共同执行适配结构，不直接等同成熟度、道德或关系结果。,由M2提供；夫妻星和关系门槛只说明准入议题，不单独证明长期适配。,由M3-BASE与共享引擎提供；日支近位提高亲密关系相关性，但不得把日支直接写成配偶性格。,无／按本规则指定功能链或接口路由。,由共享基础引擎判定；近位提高直接相关性，远位仅作背景、阶段或条件性修正。,根气只修正该功能是否容易重复调用，不等于现实中已经形成成熟能力。,旺弱只修正调用强度与承载；强不自动适配，弱也不自动缺失。,喜忌只修正顺畅度、摩擦与平衡，不可直接翻译为好坏、理想伴侣或关系结果。,原十神性质有效；真合化成立时按化神功能替换，合化争议时停止定性。,近位提高进入亲密关系核心的概率；远位只保留背景、条件性或低置信修正。,80,条件满足才+8,confidence／need_priority／matching_mode,功能较难稳定进入，但还要检查是否为当前任务必要以及有无等价通道。,只有必要且无替代时才形成K02／PR1候选。,不得仅凭本规则推出某类人必然适合或不适合、婚姻必然成功、忠诚度、职业收入、外貌家庭、五行生肖匹配，或要求用户容忍伤害；现实安全、行为、反例与双方意愿优先。,中,待验证,,state_modifier=偏弱无助; provisional=true; rule_group=BASE-状态修正,0.2
M5-BASE-329,为喜且平衡｜调用较顺畅,L8 状态与动态修正,BASE-状态修正,通用,修正,喜且平衡,,共享引擎可靠判定为喜且平衡，且原十神功能有效。,基础状态未定、合化争议或现实反例足以否定。,由共享基础引擎提供；只修正用户能否承载、表达和共同执行适配结构，不直接等同成熟度、道德或关系结果。,由M2提供；夫妻星和关系门槛只说明准入议题，不单独证明长期适配。,由M3-BASE与共享引擎提供；日支近位提高亲密关系相关性，但不得把日支直接写成配偶性格。,无／按本规则指定功能链或接口路由。,由共享基础引擎判定；近位提高直接相关性，远位仅作背景、阶段或条件性修正。,根气只修正该功能是否容易重复调用，不等于现实中已经形成成熟能力。,旺弱只修正调用强度与承载；强不自动适配，弱也不自动缺失。,喜忌只修正顺畅度、摩擦与平衡，不可直接翻译为好坏、理想伴侣或关系结果。,原十神性质有效；真合化成立时按化神功能替换，合化争议时停止定性。,近位提高进入亲密关系核心的概率；远位只保留背景、条件性或低置信修正。,80,+4 顺畅度,confidence／need_priority／matching_mode,该功能通常较易进入并形成较少摩擦。,提高同频或结构执行候选，不等于具体对象适配。,不得仅凭本规则推出某类人必然适合或不适合、婚姻必然成功、忠诚度、职业收入、外貌家庭、五行生肖匹配，或要求用户容忍伤害；现实安全、行为、反例与双方意愿优先。,中,待验证,,state_modifier=喜且平衡; provisional=true; rule_group=BASE-状态修正,0.2
M5-BASE-330,为忌且过旺｜需要范围与反馈,L8 状态与动态修正,BASE-状态修正,通用,修正,忌且过旺,,共享引擎可靠判定为忌且过旺，且原十神功能有效。,基础状态未定、合化争议或现实反例足以否定。,由共享基础引擎提供；只修正用户能否承载、表达和共同执行适配结构，不直接等同成熟度、道德或关系结果。,由M2提供；夫妻星和关系门槛只说明准入议题，不单独证明长期适配。,由M3-BASE与共享引擎提供；日支近位提高亲密关系相关性，但不得把日支直接写成配偶性格。,无／按本规则指定功能链或接口路由。,由共享基础引擎判定；近位提高直接相关性，远位仅作背景、阶段或条件性修正。,根气只修正该功能是否容易重复调用，不等于现实中已经形成成熟能力。,旺弱只修正调用强度与承载；强不自动适配，弱也不自动缺失。,喜忌只修正顺畅度、摩擦与平衡，不可直接翻译为好坏、理想伴侣或关系结果。,原十神性质有效；真合化成立时按化神功能替换，合化争议时停止定性。,近位提高进入亲密关系核心的概率；远位只保留背景、条件性或低置信修正。,80,+6 调节需求,confidence／need_priority／matching_mode,功能可能强烈进入并产生较多摩擦。,提高边界、制衡、反馈和第二功能需求。,不得仅凭本规则推出某类人必然适合或不适合、婚姻必然成功、忠诚度、职业收入、外貌家庭、五行生肖匹配，或要求用户容忍伤害；现实安全、行为、反例与双方意愿优先。,中高,待验证,,state_modifier=忌且过旺; provisional=true; rule_group=BASE-状态修正,0.2
M5-BASE-331,有制有化｜保护原功能并限制越界,L8 状态与动态修正,BASE-状态修正,通用,修正,有制有化,,共享引擎可靠判定为有制有化，且原十神功能有效。,基础状态未定、合化争议或现实反例足以否定。,由共享基础引擎提供；只修正用户能否承载、表达和共同执行适配结构，不直接等同成熟度、道德或关系结果。,由M2提供；夫妻星和关系门槛只说明准入议题，不单独证明长期适配。,由M3-BASE与共享引擎提供；日支近位提高亲密关系相关性，但不得把日支直接写成配偶性格。,无／按本规则指定功能链或接口路由。,由共享基础引擎判定；近位提高直接相关性，远位仅作背景、阶段或条件性修正。,根气只修正该功能是否容易重复调用，不等于现实中已经形成成熟能力。,旺弱只修正调用强度与承载；强不自动适配，弱也不自动缺失。,喜忌只修正顺畅度、摩擦与平衡，不可直接翻译为好坏、理想伴侣或关系结果。,原十神性质有效；真合化成立时按化神功能替换，合化争议时停止定性。,近位提高进入亲密关系核心的概率；远位只保留背景、条件性或低置信修正。,80,-4 风险／+4保护,confidence／need_priority／matching_mode,原功能有调节路径。,若制化真实进入同一关系任务，可降低PR1风险补位强度。,不得仅凭本规则推出某类人必然适合或不适合、婚姻必然成功、忠诚度、职业收入、外貌家庭、五行生肖匹配，或要求用户容忍伤害；现实安全、行为、反例与双方意愿优先。,中,待验证,,state_modifier=有制有化; provisional=true; rule_group=BASE-状态修正,0.2
M5-BASE-332,强而无制｜压力下可能占位,L8 状态与动态修正,BASE-状态修正,通用,修正,强无制,,共享引擎可靠判定为强无制，且原十神功能有效。,基础状态未定、合化争议或现实反例足以否定。,由共享基础引擎提供；只修正用户能否承载、表达和共同执行适配结构，不直接等同成熟度、道德或关系结果。,由M2提供；夫妻星和关系门槛只说明准入议题，不单独证明长期适配。,由M3-BASE与共享引擎提供；日支近位提高亲密关系相关性，但不得把日支直接写成配偶性格。,无／按本规则指定功能链或接口路由。,由共享基础引擎判定；近位提高直接相关性，远位仅作背景、阶段或条件性修正。,根气只修正该功能是否容易重复调用，不等于现实中已经形成成熟能力。,旺弱只修正调用强度与承载；强不自动适配，弱也不自动缺失。,喜忌只修正顺畅度、摩擦与平衡，不可直接翻译为好坏、理想伴侣或关系结果。,原十神性质有效；真合化成立时按化神功能替换，合化争议时停止定性。,近位提高进入亲密关系核心的概率；远位只保留背景、条件性或低置信修正。,80,+6 调节候选,confidence／need_priority／matching_mode,该功能在压力下更容易成为唯一处理方式。,提高K01／K03调节需求，但不能直接写负面人格。,不得仅凭本规则推出某类人必然适合或不适合、婚姻必然成功、忠诚度、职业收入、外貌家庭、五行生肖匹配，或要求用户容忍伤害；现实安全、行为、反例与双方意愿优先。,中,待验证,,state_modifier=强无制; provisional=true; rule_group=BASE-状态修正,0.2
M5-BASE-333,日支主气｜关系核心相关性高,L8 状态与动态修正,BASE-状态修正,通用,修正,日支主气,,共享引擎可靠判定为日支主气，且原十神功能有效。,基础状态未定、合化争议或现实反例足以否定。,由共享基础引擎提供；只修正用户能否承载、表达和共同执行适配结构，不直接等同成熟度、道德或关系结果。,由M2提供；夫妻星和关系门槛只说明准入议题，不单独证明长期适配。,由M3-BASE与共享引擎提供；日支近位提高亲密关系相关性，但不得把日支直接写成配偶性格。,无／按本规则指定功能链或接口路由。,由共享基础引擎判定；近位提高直接相关性，远位仅作背景、阶段或条件性修正。,根气只修正该功能是否容易重复调用，不等于现实中已经形成成熟能力。,旺弱只修正调用强度与承载；强不自动适配，弱也不自动缺失。,喜忌只修正顺畅度、摩擦与平衡，不可直接翻译为好坏、理想伴侣或关系结果。,原十神性质有效；真合化成立时按化神功能替换，合化争议时停止定性。,近位提高进入亲密关系核心的概率；远位只保留背景、条件性或低置信修正。,80,+6 近位,confidence／need_priority／matching_mode,该功能与亲密关系底盘直接相关。,可提高FN需求相关性；同一source_id仍只计一次。,不得仅凭本规则推出某类人必然适合或不适合、婚姻必然成功、忠诚度、职业收入、外貌家庭、五行生肖匹配，或要求用户容忍伤害；现实安全、行为、反例与双方意愿优先。,中高,待验证,,state_modifier=日支主气; provisional=true; rule_group=BASE-状态修正,0.2
M5-BASE-334,日支中气｜第二通道候选,L8 状态与动态修正,BASE-状态修正,通用,修正,日支中气,,共享引擎可靠判定为日支中气，且原十神功能有效。,基础状态未定、合化争议或现实反例足以否定。,由共享基础引擎提供；只修正用户能否承载、表达和共同执行适配结构，不直接等同成熟度、道德或关系结果。,由M2提供；夫妻星和关系门槛只说明准入议题，不单独证明长期适配。,由M3-BASE与共享引擎提供；日支近位提高亲密关系相关性，但不得把日支直接写成配偶性格。,无／按本规则指定功能链或接口路由。,由共享基础引擎判定；近位提高直接相关性，远位仅作背景、阶段或条件性修正。,根气只修正该功能是否容易重复调用，不等于现实中已经形成成熟能力。,旺弱只修正调用强度与承载；强不自动适配，弱也不自动缺失。,喜忌只修正顺畅度、摩擦与平衡，不可直接翻译为好坏、理想伴侣或关系结果。,原十神性质有效；真合化成立时按化神功能替换，合化争议时停止定性。,近位提高进入亲密关系核心的概率；远位只保留背景、条件性或低置信修正。,80,+3 次通道,confidence／need_priority／matching_mode,可作为次需求、桥接或双层结构候选。,必须有独立支持才能升级PR1。,不得仅凭本规则推出某类人必然适合或不适合、婚姻必然成功、忠诚度、职业收入、外貌家庭、五行生肖匹配，或要求用户容忍伤害；现实安全、行为、反例与双方意愿优先。,中,待验证,,state_modifier=日支中气; provisional=true; rule_group=BASE-状态修正,0.2
M5-BASE-335,日支余气｜背景或压力备用,L8 状态与动态修正,BASE-状态修正,通用,修正,日支余气,,共享引擎可靠判定为日支余气，且原十神功能有效。,基础状态未定、合化争议或现实反例足以否定。,由共享基础引擎提供；只修正用户能否承载、表达和共同执行适配结构，不直接等同成熟度、道德或关系结果。,由M2提供；夫妻星和关系门槛只说明准入议题，不单独证明长期适配。,由M3-BASE与共享引擎提供；日支近位提高亲密关系相关性，但不得把日支直接写成配偶性格。,无／按本规则指定功能链或接口路由。,由共享基础引擎判定；近位提高直接相关性，远位仅作背景、阶段或条件性修正。,根气只修正该功能是否容易重复调用，不等于现实中已经形成成熟能力。,旺弱只修正调用强度与承载；强不自动适配，弱也不自动缺失。,喜忌只修正顺畅度、摩擦与平衡，不可直接翻译为好坏、理想伴侣或关系结果。,原十神性质有效；真合化成立时按化神功能替换，合化争议时停止定性。,近位提高进入亲密关系核心的概率；远位只保留背景、条件性或低置信修正。,80,+1 背景,confidence／need_priority／matching_mode,通常只作潜在、情境或压力通道。,原则上不进入正文主需求。,不得仅凭本规则推出某类人必然适合或不适合、婚姻必然成功、忠诚度、职业收入、外貌家庭、五行生肖匹配，或要求用户容忍伤害；现实安全、行为、反例与双方意愿优先。,中低,待验证,,state_modifier=日支余气; provisional=true; rule_group=BASE-状态修正,0.2
M5-BASE-336,夫妻星入夫妻宫｜准入与相处连续,L8 状态与动态修正,BASE-状态修正,通用,修正,夫妻星入宫,,共享引擎可靠判定为夫妻星入宫，且原十神功能有效。,基础状态未定、合化争议或现实反例足以否定。,由共享基础引擎提供；只修正用户能否承载、表达和共同执行适配结构，不直接等同成熟度、道德或关系结果。,由M2提供；夫妻星和关系门槛只说明准入议题，不单独证明长期适配。,由M3-BASE与共享引擎提供；日支近位提高亲密关系相关性，但不得把日支直接写成配偶性格。,无／按本规则指定功能链或接口路由。,由共享基础引擎判定；近位提高直接相关性，远位仅作背景、阶段或条件性修正。,根气只修正该功能是否容易重复调用，不等于现实中已经形成成熟能力。,旺弱只修正调用强度与承载；强不自动适配，弱也不自动缺失。,喜忌只修正顺畅度、摩擦与平衡，不可直接翻译为好坏、理想伴侣或关系结果。,原十神性质有效；真合化成立时按化神功能替换，合化争议时停止定性。,近位提高进入亲密关系核心的概率；远位只保留背景、条件性或低置信修正。,80,同源收敛,confidence／need_priority／matching_mode,M2准入条件和M3关系底盘可能连续。,只建立连续性，不重复增加独立证据。,不得仅凭本规则推出某类人必然适合或不适合、婚姻必然成功、忠诚度、职业收入、外貌家庭、五行生肖匹配，或要求用户容忍伤害；现实安全、行为、反例与双方意愿优先。,中高,待验证,,state_modifier=夫妻星入宫; provisional=true; rule_group=BASE-状态修正,0.2
M5-BASE-337,合而不化｜功能牵连与协调,L8 状态与动态修正,BASE-状态修正,通用,修正,合而不化,,共享引擎可靠判定为合而不化，且原十神功能有效。,基础状态未定、合化争议或现实反例足以否定。,由共享基础引擎提供；只修正用户能否承载、表达和共同执行适配结构，不直接等同成熟度、道德或关系结果。,由M2提供；夫妻星和关系门槛只说明准入议题，不单独证明长期适配。,由M3-BASE与共享引擎提供；日支近位提高亲密关系相关性，但不得把日支直接写成配偶性格。,无／按本规则指定功能链或接口路由。,由共享基础引擎判定；近位提高直接相关性，远位仅作背景、阶段或条件性修正。,根气只修正该功能是否容易重复调用，不等于现实中已经形成成熟能力。,旺弱只修正调用强度与承载；强不自动适配，弱也不自动缺失。,喜忌只修正顺畅度、摩擦与平衡，不可直接翻译为好坏、理想伴侣或关系结果。,原十神性质有效；真合化成立时按化神功能替换，合化争议时停止定性。,近位提高进入亲密关系核心的概率；远位只保留背景、条件性或低置信修正。,80,+2 组合路由,confidence／need_priority／matching_mode,多项需求容易被放在一起处理。,适合FM03／FM04／FM08，不删除原功能。,不得仅凭本规则推出某类人必然适合或不适合、婚姻必然成功、忠诚度、职业收入、外貌家庭、五行生肖匹配，或要求用户容忍伤害；现实安全、行为、反例与双方意愿优先。,中,待验证,,state_modifier=合而不化; provisional=true; rule_group=BASE-状态修正,0.2
M5-BASE-338,冲｜差异外显与重订,L8 状态与动态修正,BASE-状态修正,通用,修正,冲,,共享引擎可靠判定为冲，且原十神功能有效。,基础状态未定、合化争议或现实反例足以否定。,由共享基础引擎提供；只修正用户能否承载、表达和共同执行适配结构，不直接等同成熟度、道德或关系结果。,由M2提供；夫妻星和关系门槛只说明准入议题，不单独证明长期适配。,由M3-BASE与共享引擎提供；日支近位提高亲密关系相关性，但不得把日支直接写成配偶性格。,无／按本规则指定功能链或接口路由。,由共享基础引擎判定；近位提高直接相关性，远位仅作背景、阶段或条件性修正。,根气只修正该功能是否容易重复调用，不等于现实中已经形成成熟能力。,旺弱只修正调用强度与承载；强不自动适配，弱也不自动缺失。,喜忌只修正顺畅度、摩擦与平衡，不可直接翻译为好坏、理想伴侣或关系结果。,原十神性质有效；真合化成立时按化神功能替换，合化争议时停止定性。,近位提高进入亲密关系核心的概率；远位只保留背景、条件性或低置信修正。,80,+3 边界／节奏需求,confidence／need_priority／matching_mode,关系功能差异和节奏变化更容易外显。,需要明确调整、协商和回访，不直接判断不合。,不得仅凭本规则推出某类人必然适合或不适合、婚姻必然成功、忠诚度、职业收入、外貌家庭、五行生肖匹配，或要求用户容忍伤害；现实安全、行为、反例与双方意愿优先。,中,待验证,,state_modifier=冲; provisional=true; rule_group=BASE-状态修正,0.2
M5-BASE-339,刑｜反复校正需求,L8 状态与动态修正,BASE-状态修正,通用,修正,刑,,共享引擎可靠判定为刑，且原十神功能有效。,基础状态未定、合化争议或现实反例足以否定。,由共享基础引擎提供；只修正用户能否承载、表达和共同执行适配结构，不直接等同成熟度、道德或关系结果。,由M2提供；夫妻星和关系门槛只说明准入议题，不单独证明长期适配。,由M3-BASE与共享引擎提供；日支近位提高亲密关系相关性，但不得把日支直接写成配偶性格。,无／按本规则指定功能链或接口路由。,由共享基础引擎判定；近位提高直接相关性，远位仅作背景、阶段或条件性修正。,根气只修正该功能是否容易重复调用，不等于现实中已经形成成熟能力。,旺弱只修正调用强度与承载；强不自动适配，弱也不自动缺失。,喜忌只修正顺畅度、摩擦与平衡，不可直接翻译为好坏、理想伴侣或关系结果。,原十神性质有效；真合化成立时按化神功能替换，合化争议时停止定性。,近位提高进入亲密关系核心的概率；远位只保留背景、条件性或低置信修正。,80,+3 复盘需求,confidence／need_priority／matching_mode,同一议题可能需要多轮校正。,提高反馈、复盘和共同成长结构候选。,不得仅凭本规则推出某类人必然适合或不适合、婚姻必然成功、忠诚度、职业收入、外貌家庭、五行生肖匹配，或要求用户容忍伤害；现实安全、行为、反例与双方意愿优先。,中,待验证,,state_modifier=刑; provisional=true; rule_group=BASE-状态修正,0.2
M5-BASE-340,害｜隐性期待需明说,L8 状态与动态修正,BASE-状态修正,通用,修正,害,,共享引擎可靠判定为害，且原十神功能有效。,基础状态未定、合化争议或现实反例足以否定。,由共享基础引擎提供；只修正用户能否承载、表达和共同执行适配结构，不直接等同成熟度、道德或关系结果。,由M2提供；夫妻星和关系门槛只说明准入议题，不单独证明长期适配。,由M3-BASE与共享引擎提供；日支近位提高亲密关系相关性，但不得把日支直接写成配偶性格。,无／按本规则指定功能链或接口路由。,由共享基础引擎判定；近位提高直接相关性，远位仅作背景、阶段或条件性修正。,根气只修正该功能是否容易重复调用，不等于现实中已经形成成熟能力。,旺弱只修正调用强度与承载；强不自动适配，弱也不自动缺失。,喜忌只修正顺畅度、摩擦与平衡，不可直接翻译为好坏、理想伴侣或关系结果。,原十神性质有效；真合化成立时按化神功能替换，合化争议时停止定性。,近位提高进入亲密关系核心的概率；远位只保留背景、条件性或低置信修正。,80,+3 说明需求,confidence／need_priority／matching_mode,默认理解和隐性期待容易错位。,提高FN04清晰反馈与边界说明需求。,不得仅凭本规则推出某类人必然适合或不适合、婚姻必然成功、忠诚度、职业收入、外貌家庭、五行生肖匹配，或要求用户容忍伤害；现实安全、行为、反例与双方意愿优先。,中,待验证,,state_modifier=害; provisional=true; rule_group=BASE-状态修正,0.2
M5-BASE-341,破｜旧结构需要重组,L8 状态与动态修正,BASE-状态修正,通用,修正,破,,共享引擎可靠判定为破，且原十神功能有效。,基础状态未定、合化争议或现实反例足以否定。,由共享基础引擎提供；只修正用户能否承载、表达和共同执行适配结构，不直接等同成熟度、道德或关系结果。,由M2提供；夫妻星和关系门槛只说明准入议题，不单独证明长期适配。,由M3-BASE与共享引擎提供；日支近位提高亲密关系相关性，但不得把日支直接写成配偶性格。,无／按本规则指定功能链或接口路由。,由共享基础引擎判定；近位提高直接相关性，远位仅作背景、阶段或条件性修正。,根气只修正该功能是否容易重复调用，不等于现实中已经形成成熟能力。,旺弱只修正调用强度与承载；强不自动适配，弱也不自动缺失。,喜忌只修正顺畅度、摩擦与平衡，不可直接翻译为好坏、理想伴侣或关系结果。,原十神性质有效；真合化成立时按化神功能替换，合化争议时停止定性。,近位提高进入亲密关系核心的概率；远位只保留背景、条件性或低置信修正。,80,+3 重组需求,confidence／need_priority／matching_mode,原有分工、共享或规则可能需要重新组合。,提高FM04分工和FM08情境组合候选。,不得仅凭本规则推出某类人必然适合或不适合、婚姻必然成功、忠诚度、职业收入、外貌家庭、五行生肖匹配，或要求用户容忍伤害；现实安全、行为、反例与双方意愿优先。,中,待验证,,state_modifier=破; provisional=true; rule_group=BASE-状态修正,0.2
M5-BASE-342,真合化｜替换原功能路由,L8 状态与动态修正,BASE-状态修正,通用,修正,真合化,,共享引擎可靠判定为真合化，且原十神功能有效。,基础状态未定、合化争议或现实反例足以否定。,由共享基础引擎提供；只修正用户能否承载、表达和共同执行适配结构，不直接等同成熟度、道德或关系结果。,由M2提供；夫妻星和关系门槛只说明准入议题，不单独证明长期适配。,由M3-BASE与共享引擎提供；日支近位提高亲密关系相关性，但不得把日支直接写成配偶性格。,无／按本规则指定功能链或接口路由。,由共享基础引擎判定；近位提高直接相关性，远位仅作背景、阶段或条件性修正。,根气只修正该功能是否容易重复调用，不等于现实中已经形成成熟能力。,旺弱只修正调用强度与承载；强不自动适配，弱也不自动缺失。,喜忌只修正顺畅度、摩擦与平衡，不可直接翻译为好坏、理想伴侣或关系结果。,原十神性质有效；真合化成立时按化神功能替换，合化争议时停止定性。,近位提高进入亲密关系核心的概率；远位只保留背景、条件性或低置信修正。,80,替换路由,confidence／need_priority／matching_mode,原十神基础功能不再按原路由计算。,按化神系统重算FN，禁止原功能与化神双重满分。,不得仅凭本规则推出某类人必然适合或不适合、婚姻必然成功、忠诚度、职业收入、外貌家庭、五行生肖匹配，或要求用户容忍伤害；现实安全、行为、反例与双方意愿优先。,高,待验证,,state_modifier=真合化; provisional=true; rule_group=BASE-状态修正,0.2
M5-BASE-343,五行气候｜只修饰关系风格,L8 状态与动态修正,BASE-状态修正,通用,修正,气候候选,,共享引擎可靠判定为气候候选，且原十神功能有效。,基础状态未定、合化争议或现实反例足以否定。,由共享基础引擎提供；只修正用户能否承载、表达和共同执行适配结构，不直接等同成熟度、道德或关系结果。,由M2提供；夫妻星和关系门槛只说明准入议题，不单独证明长期适配。,由M3-BASE与共享引擎提供；日支近位提高亲密关系相关性，但不得把日支直接写成配偶性格。,无／按本规则指定功能链或接口路由。,由共享基础引擎判定；近位提高直接相关性，远位仅作背景、阶段或条件性修正。,根气只修正该功能是否容易重复调用，不等于现实中已经形成成熟能力。,旺弱只修正调用强度与承载；强不自动适配，弱也不自动缺失。,喜忌只修正顺畅度、摩擦与平衡，不可直接翻译为好坏、理想伴侣或关系结果。,原十神性质有效；真合化成立时按化神功能替换，合化争议时停止定性。,近位提高进入亲密关系核心的概率；远位只保留背景、条件性或低置信修正。,80,+2 风格修正,confidence／need_priority／matching_mode,燥寒湿润升降可提示温度、结构、弹性和节奏。,必须有M3或M4第二类证据，不能指定伴侣五行。,不得仅凭本规则推出某类人必然适合或不适合、婚姻必然成功、忠诚度、职业收入、外貌家庭、五行生肖匹配，或要求用户容忍伤害；现实安全、行为、反例与双方意愿优先。,中低,待验证,,state_modifier=气候候选; provisional=true; rule_group=BASE-状态修正,0.2
M5-BASE-344,阶段覆盖与现实资料｜不得固化长期需求,L8 状态与动态修正,BASE-状态修正,通用,修正,阶段覆盖,,共享引擎可靠判定为阶段覆盖，且原十神功能有效。,基础状态未定、合化争议或现实反例足以否定。,由共享基础引擎提供；只修正用户能否承载、表达和共同执行适配结构，不直接等同成熟度、道德或关系结果。,由M2提供；夫妻星和关系门槛只说明准入议题，不单独证明长期适配。,由M3-BASE与共享引擎提供；日支近位提高亲密关系相关性，但不得把日支直接写成配偶性格。,无／按本规则指定功能链或接口路由。,由共享基础引擎判定；近位提高直接相关性，远位仅作背景、阶段或条件性修正。,根气只修正该功能是否容易重复调用，不等于现实中已经形成成熟能力。,旺弱只修正调用强度与承载；强不自动适配，弱也不自动缺失。,喜忌只修正顺畅度、摩擦与平衡，不可直接翻译为好坏、理想伴侣或关系结果。,原十神性质有效；真合化成立时按化神功能替换，合化争议时停止定性。,近位提高进入亲密关系核心的概率；远位只保留背景、条件性或低置信修正。,80,条件性路由,confidence／need_priority／matching_mode,大运流年或生活阶段可提高某议题显著度。,阶段信息不能单独升级PR1；现实行为和原局结构优先。,不得仅凭本规则推出某类人必然适合或不适合、婚姻必然成功、忠诚度、职业收入、外貌家庭、五行生肖匹配，或要求用户容忍伤害；现实安全、行为、反例与双方意愿优先。,中高,待验证,,state_modifier=阶段覆盖; provisional=true; rule_group=BASE-状态修正,0.2
M5-BASE-345,FG0｜安全停止,L9 证据等级、评分与报告,BASE-评分报告,通用,停止,FG0,,存在暴力、威胁、强迫、跟踪、经济控制或明显选择权剥夺。,无,由共享基础引擎提供；只修正用户能否承载、表达和共同执行适配结构，不直接等同成熟度、道德或关系结果。,由M2提供；夫妻星和关系门槛只说明准入议题，不单独证明长期适配。,由M3-BASE与共享引擎提供；日支近位提高亲密关系相关性，但不得把日支直接写成配偶性格。,无／按本规则指定功能链或接口路由。,由共享基础引擎判定；近位提高直接相关性，远位仅作背景、阶段或条件性修正。,根气只修正该功能是否容易重复调用，不等于现实中已经形成成熟能力。,旺弱只修正调用强度与承载；强不自动适配，弱也不自动缺失。,喜忌只修正顺畅度、摩擦与平衡，不可直接翻译为好坏、理想伴侣或关系结果。,原十神性质有效；真合化成立时按化神功能替换，合化争议时停止定性。,近位提高进入亲密关系核心的概率；远位只保留背景、条件性或低置信修正。,98,停止，不评分,report_status,停止普通适配分析，优先现实安全与支持。,停止普通适配分析，优先现实安全与支持。,不得仅凭本规则推出某类人必然适合或不适合、婚姻必然成功、忠诚度、职业收入、外貌家庭、五行生肖匹配，或要求用户容忍伤害；现实安全、行为、反例与双方意愿优先。,高,待验证,,evidence_grade=FG0-FG2; provisional=true; rule_group=BASE-评分报告,0.2
M5-BASE-346,FG0｜基础资料停止,L9 证据等级、评分与报告,BASE-评分报告,通用,停止,FG0,,排盘、日支、十神、真合化或关键上游字段存在争议。,无,由共享基础引擎提供；只修正用户能否承载、表达和共同执行适配结构，不直接等同成熟度、道德或关系结果。,由M2提供；夫妻星和关系门槛只说明准入议题，不单独证明长期适配。,由M3-BASE与共享引擎提供；日支近位提高亲密关系相关性，但不得把日支直接写成配偶性格。,无／按本规则指定功能链或接口路由。,由共享基础引擎判定；近位提高直接相关性，远位仅作背景、阶段或条件性修正。,根气只修正该功能是否容易重复调用，不等于现实中已经形成成熟能力。,旺弱只修正调用强度与承载；强不自动适配，弱也不自动缺失。,喜忌只修正顺畅度、摩擦与平衡，不可直接翻译为好坏、理想伴侣或关系结果。,原十神性质有效；真合化成立时按化神功能替换，合化争议时停止定性。,近位提高进入亲密关系核心的概率；远位只保留背景、条件性或低置信修正。,98,停止，不评分,report_status,基础状态未定时不生成适配主需求。,基础状态未定时不生成适配主需求。,不得仅凭本规则推出某类人必然适合或不适合、婚姻必然成功、忠诚度、职业收入、外貌家庭、五行生肖匹配，或要求用户容忍伤害；现实安全、行为、反例与双方意愿优先。,高,待验证,,evidence_grade=FG0-FG2; provisional=true; rule_group=BASE-评分报告,0.2
M5-BASE-347,FG0｜具体对象资料不足,L9 证据等级、评分与报告,BASE-评分报告,通用,停止／降级,FG0,,用户要求判断具体对象，但没有其现实行为、意愿和关系资料。,无,由共享基础引擎提供；只修正用户能否承载、表达和共同执行适配结构，不直接等同成熟度、道德或关系结果。,由M2提供；夫妻星和关系门槛只说明准入议题，不单独证明长期适配。,由M3-BASE与共享引擎提供；日支近位提高亲密关系相关性，但不得把日支直接写成配偶性格。,无／按本规则指定功能链或接口路由。,由共享基础引擎判定；近位提高直接相关性，远位仅作背景、阶段或条件性修正。,根气只修正该功能是否容易重复调用，不等于现实中已经形成成熟能力。,旺弱只修正调用强度与承载；强不自动适配，弱也不自动缺失。,喜忌只修正顺畅度、摩擦与平衡，不可直接翻译为好坏、理想伴侣或关系结果。,原十神性质有效；真合化成立时按化神功能替换，合化争议时停止定性。,近位提高进入亲密关系核心的概率；远位只保留背景、条件性或低置信修正。,98,FG2封顶,fit_grade,只能提供通用结构候选，不能判断这个人已经适配。,只能提供通用结构候选，不能判断这个人已经适配。,不得仅凭本规则推出某类人必然适合或不适合、婚姻必然成功、忠诚度、职业收入、外貌家庭、五行生肖匹配，或要求用户容忍伤害；现实安全、行为、反例与双方意愿优先。,高,待验证,,evidence_grade=FG0-FG2; provisional=true; rule_group=BASE-评分报告,0.2
M5-BASE-348,FG0｜只有五行喜用标签,L9 证据等级、评分与报告,BASE-评分报告,通用,停止／降级,FG0,,只有“喜某五行、缺某元素”等信息。,无,由共享基础引擎提供；只修正用户能否承载、表达和共同执行适配结构，不直接等同成熟度、道德或关系结果。,由M2提供；夫妻星和关系门槛只说明准入议题，不单独证明长期适配。,由M3-BASE与共享引擎提供；日支近位提高亲密关系相关性，但不得把日支直接写成配偶性格。,无／按本规则指定功能链或接口路由。,由共享基础引擎判定；近位提高直接相关性，远位仅作背景、阶段或条件性修正。,根气只修正该功能是否容易重复调用，不等于现实中已经形成成熟能力。,旺弱只修正调用强度与承载；强不自动适配，弱也不自动缺失。,喜忌只修正顺畅度、摩擦与平衡，不可直接翻译为好坏、理想伴侣或关系结果。,原十神性质有效；真合化成立时按化神功能替换，合化争议时停止定性。,近位提高进入亲密关系核心的概率；远位只保留背景、条件性或低置信修正。,98,停止单标签路由,stop_reason,不能由此指定伴侣类型或高适配。,不能由此指定伴侣类型或高适配。,不得仅凭本规则推出某类人必然适合或不适合、婚姻必然成功、忠诚度、职业收入、外貌家庭、五行生肖匹配，或要求用户容忍伤害；现实安全、行为、反例与双方意愿优先。,高,待验证,,evidence_grade=FG0-FG2; provisional=true; rule_group=BASE-评分报告,0.2
M5-BASE-349,FG0｜现实反例优先,L9 证据等级、评分与报告,BASE-评分报告,通用,降级,FG0,,现实中反复出现与适配候选相反的行为。,无,由共享基础引擎提供；只修正用户能否承载、表达和共同执行适配结构，不直接等同成熟度、道德或关系结果。,由M2提供；夫妻星和关系门槛只说明准入议题，不单独证明长期适配。,由M3-BASE与共享引擎提供；日支近位提高亲密关系相关性，但不得把日支直接写成配偶性格。,无／按本规则指定功能链或接口路由。,由共享基础引擎判定；近位提高直接相关性，远位仅作背景、阶段或条件性修正。,根气只修正该功能是否容易重复调用，不等于现实中已经形成成熟能力。,旺弱只修正调用强度与承载；强不自动适配，弱也不自动缺失。,喜忌只修正顺畅度、摩擦与平衡，不可直接翻译为好坏、理想伴侣或关系结果。,原十神性质有效；真合化成立时按化神功能替换，合化争议时停止定性。,近位提高进入亲密关系核心的概率；远位只保留背景、条件性或低置信修正。,98,-20或停止,counterevidence,现实反例可降级或否定结构候选。,现实反例可降级或否定结构候选。,不得仅凭本规则推出某类人必然适合或不适合、婚姻必然成功、忠诚度、职业收入、外貌家庭、五行生肖匹配，或要求用户容忍伤害；现实安全、行为、反例与双方意愿优先。,中高,待验证,,evidence_grade=FG0-FG2; provisional=true; rule_group=BASE-评分报告,0.2
M5-BASE-350,FG1｜结构需求候选,L9 证据等级、评分与报告,BASE-评分报告,通用,证据,FG1,,至少一个可靠M3或M4来源，完成同源去重。,PR0安全门控未通过或关键基础字段停止时，按FG0处理。,由共享基础引擎提供；只修正用户能否承载、表达和共同执行适配结构，不直接等同成熟度、道德或关系结果。,由M2提供；夫妻星和关系门槛只说明准入议题，不单独证明长期适配。,由M3-BASE与共享引擎提供；日支近位提高亲密关系相关性，但不得把日支直接写成配偶性格。,无／按本规则指定功能链或接口路由。,由共享基础引擎判定；近位提高直接相关性，远位仅作背景、阶段或条件性修正。,根气只修正该功能是否容易重复调用，不等于现实中已经形成成熟能力。,旺弱只修正调用强度与承载；强不自动适配，弱也不自动缺失。,喜忌只修正顺畅度、摩擦与平衡，不可直接翻译为好坏、理想伴侣或关系结果。,原十神性质有效；真合化成立时按化神功能替换，合化争议时停止定性。,近位提高进入亲密关系核心的概率；远位只保留背景、条件性或低置信修正。,86,FG1,fit_grade,可以说明某项功能值得优先验证，但不能说具体对象已经满足。,可以说明某项功能值得优先验证，但不能说具体对象已经满足。,不得仅凭本规则推出某类人必然适合或不适合、婚姻必然成功、忠诚度、职业收入、外貌家庭、五行生肖匹配，或要求用户容忍伤害；现实安全、行为、反例与双方意愿优先。,中高,待验证,,evidence_grade=FG0-FG2; provisional=true; rule_group=BASE-评分报告,0.2
M5-BASE-351,FG1｜单来源限制,L9 证据等级、评分与报告,BASE-评分报告,通用,边界,FG1,,只有一个可靠来源，没有第二类独立证据。,PR0安全门控未通过或关键基础字段停止时，按FG0处理。,由共享基础引擎提供；只修正用户能否承载、表达和共同执行适配结构，不直接等同成熟度、道德或关系结果。,由M2提供；夫妻星和关系门槛只说明准入议题，不单独证明长期适配。,由M3-BASE与共享引擎提供；日支近位提高亲密关系相关性，但不得把日支直接写成配偶性格。,无／按本规则指定功能链或接口路由。,由共享基础引擎判定；近位提高直接相关性，远位仅作背景、阶段或条件性修正。,根气只修正该功能是否容易重复调用，不等于现实中已经形成成熟能力。,旺弱只修正调用强度与承载；强不自动适配，弱也不自动缺失。,喜忌只修正顺畅度、摩擦与平衡，不可直接翻译为好坏、理想伴侣或关系结果。,原十神性质有效；真合化成立时按化神功能替换，合化争议时停止定性。,近位提高进入亲密关系核心的概率；远位只保留背景、条件性或低置信修正。,86,置信度封顶中低,confidence,保留中低置信结构候选。,保留中低置信结构候选。,不得仅凭本规则推出某类人必然适合或不适合、婚姻必然成功、忠诚度、职业收入、外貌家庭、五行生肖匹配，或要求用户容忍伤害；现实安全、行为、反例与双方意愿优先。,高,待验证,,evidence_grade=FG0-FG2; provisional=true; rule_group=BASE-评分报告,0.2
M5-BASE-352,FG1｜用户输出上限,L9 证据等级、评分与报告,BASE-评分报告,通用,输出,FG1,,fit_grade=FG1。,PR0安全门控未通过或关键基础字段停止时，按FG0处理。,由共享基础引擎提供；只修正用户能否承载、表达和共同执行适配结构，不直接等同成熟度、道德或关系结果。,由M2提供；夫妻星和关系门槛只说明准入议题，不单独证明长期适配。,由M3-BASE与共享引擎提供；日支近位提高亲密关系相关性，但不得把日支直接写成配偶性格。,无／按本规则指定功能链或接口路由。,由共享基础引擎判定；近位提高直接相关性，远位仅作背景、阶段或条件性修正。,根气只修正该功能是否容易重复调用，不等于现实中已经形成成熟能力。,旺弱只修正调用强度与承载；强不自动适配，弱也不自动缺失。,喜忌只修正顺畅度、摩擦与平衡，不可直接翻译为好坏、理想伴侣或关系结果。,原十神性质有效；真合化成立时按化神功能替换，合化争议时停止定性。,近位提高进入亲密关系核心的概率；远位只保留背景、条件性或低置信修正。,86,不加分,report_text,使用“更值得优先验证”“可能更需要”，不使用“最适合”。,使用“更值得优先验证”“可能更需要”，不使用“最适合”。,不得仅凭本规则推出某类人必然适合或不适合、婚姻必然成功、忠诚度、职业收入、外貌家庭、五行生肖匹配，或要求用户容忍伤害；现实安全、行为、反例与双方意愿优先。,中高,待验证,,evidence_grade=FG0-FG2; provisional=true; rule_group=BASE-评分报告,0.2
M5-BASE-353,FG1｜升级FG2条件,L9 证据等级、评分与报告,BASE-评分报告,通用,门控,FG1,,同一需求有至少两类独立来源，并能转成具体行为和互动结构。,PR0安全门控未通过或关键基础字段停止时，按FG0处理。,由共享基础引擎提供；只修正用户能否承载、表达和共同执行适配结构，不直接等同成熟度、道德或关系结果。,由M2提供；夫妻星和关系门槛只说明准入议题，不单独证明长期适配。,由M3-BASE与共享引擎提供；日支近位提高亲密关系相关性，但不得把日支直接写成配偶性格。,无／按本规则指定功能链或接口路由。,由共享基础引擎判定；近位提高直接相关性，远位仅作背景、阶段或条件性修正。,根气只修正该功能是否容易重复调用，不等于现实中已经形成成熟能力。,旺弱只修正调用强度与承载；强不自动适配，弱也不自动缺失。,喜忌只修正顺畅度、摩擦与平衡，不可直接翻译为好坏、理想伴侣或关系结果。,原十神性质有效；真合化成立时按化神功能替换，合化争议时停止定性。,近位提高进入亲密关系核心的概率；远位只保留背景、条件性或低置信修正。,86,+12升级候选,fit_grade,满足行为化和结构化后可进入FG2。,满足行为化和结构化后可进入FG2。,不得仅凭本规则推出某类人必然适合或不适合、婚姻必然成功、忠诚度、职业收入、外貌家庭、五行生肖匹配，或要求用户容忍伤害；现实安全、行为、反例与双方意愿优先。,中高,待验证,,evidence_grade=FG0-FG2; provisional=true; rule_group=BASE-评分报告,0.2
M5-BASE-354,FG2｜适配结构候选,L9 证据等级、评分与报告,BASE-评分报告,通用,证据,FG2,,主需求、伴侣行为和互动结构均已明确；安全门控通过。,PR0安全门控未通过或关键基础字段停止时，按FG0处理。,由共享基础引擎提供；只修正用户能否承载、表达和共同执行适配结构，不直接等同成熟度、道德或关系结果。,由M2提供；夫妻星和关系门槛只说明准入议题，不单独证明长期适配。,由M3-BASE与共享引擎提供；日支近位提高亲密关系相关性，但不得把日支直接写成配偶性格。,无／按本规则指定功能链或接口路由。,由共享基础引擎判定；近位提高直接相关性，远位仅作背景、阶段或条件性修正。,根气只修正该功能是否容易重复调用，不等于现实中已经形成成熟能力。,旺弱只修正调用强度与承载；强不自动适配，弱也不自动缺失。,喜忌只修正顺畅度、摩擦与平衡，不可直接翻译为好坏、理想伴侣或关系结果。,原十神性质有效；真合化成立时按化神功能替换，合化争议时停止定性。,近位提高进入亲密关系核心的概率；远位只保留背景、条件性或低置信修正。,86,FG2,fit_grade,可以提出清楚的适配结构，但尚未由具体关系验证。,可以提出清楚的适配结构，但尚未由具体关系验证。,不得仅凭本规则推出某类人必然适合或不适合、婚姻必然成功、忠诚度、职业收入、外貌家庭、五行生肖匹配，或要求用户容忍伤害；现实安全、行为、反例与双方意愿优先。,中高,待验证,,evidence_grade=FG0-FG2; provisional=true; rule_group=BASE-评分报告,0.2
M5-BASE-355,FG2｜命盘资料最高上限,L9 证据等级、评分与报告,BASE-评分报告,通用,边界,FG2,,只有命盘、M1—M4结构信息。,PR0安全门控未通过或关键基础字段停止时，按FG0处理。,由共享基础引擎提供；只修正用户能否承载、表达和共同执行适配结构，不直接等同成熟度、道德或关系结果。,由M2提供；夫妻星和关系门槛只说明准入议题，不单独证明长期适配。,由M3-BASE与共享引擎提供；日支近位提高亲密关系相关性，但不得把日支直接写成配偶性格。,无／按本规则指定功能链或接口路由。,由共享基础引擎判定；近位提高直接相关性，远位仅作背景、阶段或条件性修正。,根气只修正该功能是否容易重复调用，不等于现实中已经形成成熟能力。,旺弱只修正调用强度与承载；强不自动适配，弱也不自动缺失。,喜忌只修正顺畅度、摩擦与平衡，不可直接翻译为好坏、理想伴侣或关系结果。,原十神性质有效；真合化成立时按化神功能替换，合化争议时停止定性。,近位提高进入亲密关系核心的概率；远位只保留背景、条件性或低置信修正。,86,FG2封顶,fit_grade,最高FG2；FG3、FG4必须有具体双方行为。,最高FG2；FG3、FG4必须有具体双方行为。,不得仅凭本规则推出某类人必然适合或不适合、婚姻必然成功、忠诚度、职业收入、外貌家庭、五行生肖匹配，或要求用户容忍伤害；现实安全、行为、反例与双方意愿优先。,高,待验证,,evidence_grade=FG0-FG2; provisional=true; rule_group=BASE-评分报告,0.2
M5-BASE-356,FG2｜现实核验清单,L9 证据等级、评分与报告,BASE-评分报告,通用,输出,FG2,,准备把FG2应用于具体对象。,PR0安全门控未通过或关键基础字段停止时，按FG0处理。,由共享基础引擎提供；只修正用户能否承载、表达和共同执行适配结构，不直接等同成熟度、道德或关系结果。,由M2提供；夫妻星和关系门槛只说明准入议题，不单独证明长期适配。,由M3-BASE与共享引擎提供；日支近位提高亲密关系相关性，但不得把日支直接写成配偶性格。,无／按本规则指定功能链或接口路由。,由共享基础引擎判定；近位提高直接相关性，远位仅作背景、阶段或条件性修正。,根气只修正该功能是否容易重复调用，不等于现实中已经形成成熟能力。,旺弱只修正调用强度与承载；强不自动适配，弱也不自动缺失。,喜忌只修正顺畅度、摩擦与平衡，不可直接翻译为好坏、理想伴侣或关系结果。,原十神性质有效；真合化成立时按化神功能替换，合化争议时停止定性。,近位提高进入亲密关系核心的概率；远位只保留背景、条件性或低置信修正。,86,不加分,reality_gates,列出至少三个需要在现实场景验证的行为。,列出至少三个需要在现实场景验证的行为。,不得仅凭本规则推出某类人必然适合或不适合、婚姻必然成功、忠诚度、职业收入、外貌家庭、五行生肖匹配，或要求用户容忍伤害；现实安全、行为、反例与双方意愿优先。,中高,待验证,,evidence_grade=FG0-FG2; provisional=true; rule_group=BASE-评分报告,0.2
M5-BASE-357,FG2｜不得写成功概率,L9 证据等级、评分与报告,BASE-评分报告,通用,边界,FG2,,fit_grade=FG2。,PR0安全门控未通过或关键基础字段停止时，按FG0处理。,由共享基础引擎提供；只修正用户能否承载、表达和共同执行适配结构，不直接等同成熟度、道德或关系结果。,由M2提供；夫妻星和关系门槛只说明准入议题，不单独证明长期适配。,由M3-BASE与共享引擎提供；日支近位提高亲密关系相关性，但不得把日支直接写成配偶性格。,无／按本规则指定功能链或接口路由。,由共享基础引擎判定；近位提高直接相关性，远位仅作背景、阶段或条件性修正。,根气只修正该功能是否容易重复调用，不等于现实中已经形成成熟能力。,旺弱只修正调用强度与承载；强不自动适配，弱也不自动缺失。,喜忌只修正顺畅度、摩擦与平衡，不可直接翻译为好坏、理想伴侣或关系结果。,原十神性质有效；真合化成立时按化神功能替换，合化争议时停止定性。,近位提高进入亲密关系核心的概率；远位只保留背景、条件性或低置信修正。,86,不加分,boundary_note,FG等级不是婚姻成功率或离婚概率。,FG等级不是婚姻成功率或离婚概率。,不得仅凭本规则推出某类人必然适合或不适合、婚姻必然成功、忠诚度、职业收入、外貌家庭、五行生肖匹配，或要求用户容忍伤害；现实安全、行为、反例与双方意愿优先。,高,待验证,,evidence_grade=FG0-FG2; provisional=true; rule_group=BASE-评分报告,0.2
M5-BASE-358,主需求门槛｜净分与独立来源,L9 证据等级、评分与报告,BASE-评分报告,通用,评分,主需求门槛,,候选净分≥36，领先第二候选≥8分，且至少两类独立来源。,PR0安全门控未通过或关键基础字段停止时，按FG0处理。,由共享基础引擎提供；只修正用户能否承载、表达和共同执行适配结构，不直接等同成熟度、道德或关系结果。,由M2提供；夫妻星和关系门槛只说明准入议题，不单独证明长期适配。,由M3-BASE与共享引擎提供；日支近位提高亲密关系相关性，但不得把日支直接写成配偶性格。,无／按本规则指定功能链或接口路由。,由共享基础引擎判定；近位提高直接相关性，远位仅作背景、阶段或条件性修正。,根气只修正该功能是否容易重复调用，不等于现实中已经形成成熟能力。,旺弱只修正调用强度与承载；强不自动适配，弱也不自动缺失。,喜忌只修正顺畅度、摩擦与平衡，不可直接翻译为好坏、理想伴侣或关系结果。,原十神性质有效；真合化成立时按化神功能替换，合化争议时停止定性。,近位提高进入亲密关系核心的概率；远位只保留背景、条件性或低置信修正。,86,主需求阈值36／领先8,primary_fit_need,满足门槛才保留为主需求。,满足门槛才保留为主需求。,不得仅凭本规则推出某类人必然适合或不适合、婚姻必然成功、忠诚度、职业收入、外貌家庭、五行生肖匹配，或要求用户容忍伤害；现实安全、行为、反例与双方意愿优先。,中高,待验证,,evidence_grade=FG0-FG2; provisional=true; rule_group=BASE-评分报告,0.2
M5-BASE-359,次需求门槛｜功能独立,L9 证据等级、评分与报告,BASE-评分报告,通用,评分,次需求门槛,,候选净分≥24，来源独立，功能与主需求不同。,PR0安全门控未通过或关键基础字段停止时，按FG0处理。,由共享基础引擎提供；只修正用户能否承载、表达和共同执行适配结构，不直接等同成熟度、道德或关系结果。,由M2提供；夫妻星和关系门槛只说明准入议题，不单独证明长期适配。,由M3-BASE与共享引擎提供；日支近位提高亲密关系相关性，但不得把日支直接写成配偶性格。,无／按本规则指定功能链或接口路由。,由共享基础引擎判定；近位提高直接相关性，远位仅作背景、阶段或条件性修正。,根气只修正该功能是否容易重复调用，不等于现实中已经形成成熟能力。,旺弱只修正调用强度与承载；强不自动适配，弱也不自动缺失。,喜忌只修正顺畅度、摩擦与平衡，不可直接翻译为好坏、理想伴侣或关系结果。,原十神性质有效；真合化成立时按化神功能替换，合化争议时停止定性。,近位提高进入亲密关系核心的概率；远位只保留背景、条件性或低置信修正。,86,次需求阈值24,secondary_fit_need,同义重复不得作为次需求。,同义重复不得作为次需求。,不得仅凭本规则推出某类人必然适合或不适合、婚姻必然成功、忠诚度、职业收入、外貌家庭、五行生肖匹配，或要求用户容忍伤害；现实安全、行为、反例与双方意愿优先。,中高,待验证,,evidence_grade=FG0-FG2; provisional=true; rule_group=BASE-评分报告,0.2
M5-BASE-360,PR0不参与普通加分,L9 证据等级、评分与报告,BASE-评分报告,通用,评分,PR0不参与普通加分,,普适安全底线。,PR0安全门控未通过或关键基础字段停止时，按FG0处理。,由共享基础引擎提供；只修正用户能否承载、表达和共同执行适配结构，不直接等同成熟度、道德或关系结果。,由M2提供；夫妻星和关系门槛只说明准入议题，不单独证明长期适配。,由M3-BASE与共享引擎提供；日支近位提高亲密关系相关性，但不得把日支直接写成配偶性格。,无／按本规则指定功能链或接口路由。,由共享基础引擎判定；近位提高直接相关性，远位仅作背景、阶段或条件性修正。,根气只修正该功能是否容易重复调用，不等于现实中已经形成成熟能力。,旺弱只修正调用强度与承载；强不自动适配，弱也不自动缺失。,喜忌只修正顺畅度、摩擦与平衡，不可直接翻译为好坏、理想伴侣或关系结果。,原十神性质有效；真合化成立时按化神功能替换，合化争议时停止定性。,近位提高进入亲密关系核心的概率；远位只保留背景、条件性或低置信修正。,86,硬门控,universal_floor,PR0是交集门控，不通过即停止。,PR0是交集门控，不通过即停止。,不得仅凭本规则推出某类人必然适合或不适合、婚姻必然成功、忠诚度、职业收入、外貌家庭、五行生肖匹配，或要求用户容忍伤害；现实安全、行为、反例与双方意愿优先。,中高,待验证,,evidence_grade=FG0-FG2; provisional=true; rule_group=BASE-评分报告,0.2
M5-BASE-361,PR1工程分值,L9 证据等级、评分与报告,BASE-评分报告,通用,评分,PR1工程分值,,核心必要项成立。,PR0安全门控未通过或关键基础字段停止时，按FG0处理。,由共享基础引擎提供；只修正用户能否承载、表达和共同执行适配结构，不直接等同成熟度、道德或关系结果。,由M2提供；夫妻星和关系门槛只说明准入议题，不单独证明长期适配。,由M3-BASE与共享引擎提供；日支近位提高亲密关系相关性，但不得把日支直接写成配偶性格。,无／按本规则指定功能链或接口路由。,由共享基础引擎判定；近位提高直接相关性，远位仅作背景、阶段或条件性修正。,根气只修正该功能是否容易重复调用，不等于现实中已经形成成熟能力。,旺弱只修正调用强度与承载；强不自动适配，弱也不自动缺失。,喜忌只修正顺畅度、摩擦与平衡，不可直接翻译为好坏、理想伴侣或关系结果。,原十神性质有效；真合化成立时按化神功能替换，合化争议时停止定性。,近位提高进入亲密关系核心的概率；远位只保留背景、条件性或低置信修正。,86,+28,need_priority,PR1初始+28。,PR1初始+28。,不得仅凭本规则推出某类人必然适合或不适合、婚姻必然成功、忠诚度、职业收入、外貌家庭、五行生肖匹配，或要求用户容忍伤害；现实安全、行为、反例与双方意愿优先。,中高,待验证,,evidence_grade=FG0-FG2; provisional=true; rule_group=BASE-评分报告,0.2
M5-BASE-362,PR2工程分值,L9 证据等级、评分与报告,BASE-评分报告,通用,评分,PR2工程分值,,重要支持项成立。,PR0安全门控未通过或关键基础字段停止时，按FG0处理。,由共享基础引擎提供；只修正用户能否承载、表达和共同执行适配结构，不直接等同成熟度、道德或关系结果。,由M2提供；夫妻星和关系门槛只说明准入议题，不单独证明长期适配。,由M3-BASE与共享引擎提供；日支近位提高亲密关系相关性，但不得把日支直接写成配偶性格。,无／按本规则指定功能链或接口路由。,由共享基础引擎判定；近位提高直接相关性，远位仅作背景、阶段或条件性修正。,根气只修正该功能是否容易重复调用，不等于现实中已经形成成熟能力。,旺弱只修正调用强度与承载；强不自动适配，弱也不自动缺失。,喜忌只修正顺畅度、摩擦与平衡，不可直接翻译为好坏、理想伴侣或关系结果。,原十神性质有效；真合化成立时按化神功能替换，合化争议时停止定性。,近位提高进入亲密关系核心的概率；远位只保留背景、条件性或低置信修正。,86,+18,need_priority,PR2初始+18。,PR2初始+18。,不得仅凭本规则推出某类人必然适合或不适合、婚姻必然成功、忠诚度、职业收入、外貌家庭、五行生肖匹配，或要求用户容忍伤害；现实安全、行为、反例与双方意愿优先。,中高,待验证,,evidence_grade=FG0-FG2; provisional=true; rule_group=BASE-评分报告,0.2
M5-BASE-363,PR3工程分值,L9 证据等级、评分与报告,BASE-评分报告,通用,评分,PR3工程分值,,心动与舒适加分项成立。,PR0安全门控未通过或关键基础字段停止时，按FG0处理。,由共享基础引擎提供；只修正用户能否承载、表达和共同执行适配结构，不直接等同成熟度、道德或关系结果。,由M2提供；夫妻星和关系门槛只说明准入议题，不单独证明长期适配。,由M3-BASE与共享引擎提供；日支近位提高亲密关系相关性，但不得把日支直接写成配偶性格。,无／按本规则指定功能链或接口路由。,由共享基础引擎判定；近位提高直接相关性，远位仅作背景、阶段或条件性修正。,根气只修正该功能是否容易重复调用，不等于现实中已经形成成熟能力。,旺弱只修正调用强度与承载；强不自动适配，弱也不自动缺失。,喜忌只修正顺畅度、摩擦与平衡，不可直接翻译为好坏、理想伴侣或关系结果。,原十神性质有效；真合化成立时按化神功能替换，合化争议时停止定性。,近位提高进入亲密关系核心的概率；远位只保留背景、条件性或低置信修正。,86,+8,need_priority,PR3初始+8，不得覆盖PR1。,PR3初始+8，不得覆盖PR1。,不得仅凭本规则推出某类人必然适合或不适合、婚姻必然成功、忠诚度、职业收入、外貌家庭、五行生肖匹配，或要求用户容忍伤害；现实安全、行为、反例与双方意愿优先。,中高,待验证,,evidence_grade=FG0-FG2; provisional=true; rule_group=BASE-评分报告,0.2
M5-BASE-364,PR4工程分值,L9 证据等级、评分与报告,BASE-评分报告,通用,评分,PR4工程分值,,情境偏好成立。,PR0安全门控未通过或关键基础字段停止时，按FG0处理。,由共享基础引擎提供；只修正用户能否承载、表达和共同执行适配结构，不直接等同成熟度、道德或关系结果。,由M2提供；夫妻星和关系门槛只说明准入议题，不单独证明长期适配。,由M3-BASE与共享引擎提供；日支近位提高亲密关系相关性，但不得把日支直接写成配偶性格。,无／按本规则指定功能链或接口路由。,由共享基础引擎判定；近位提高直接相关性，远位仅作背景、阶段或条件性修正。,根气只修正该功能是否容易重复调用，不等于现实中已经形成成熟能力。,旺弱只修正调用强度与承载；强不自动适配，弱也不自动缺失。,喜忌只修正顺畅度、摩擦与平衡，不可直接翻译为好坏、理想伴侣或关系结果。,原十神性质有效；真合化成立时按化神功能替换，合化争议时停止定性。,近位提高进入亲密关系核心的概率；远位只保留背景、条件性或低置信修正。,86,+4,need_priority,PR4初始+4，只作条件性修正。,PR4初始+4，只作条件性修正。,不得仅凭本规则推出某类人必然适合或不适合、婚姻必然成功、忠诚度、职业收入、外貌家庭、五行生肖匹配，或要求用户容忍伤害；现实安全、行为、反例与双方意愿优先。,中高,待验证,,evidence_grade=FG0-FG2; provisional=true; rule_group=BASE-评分报告,0.2
M5-BASE-365,保护因素现实有效｜允许降级主风险需求,L9 证据等级、评分与报告,BASE-评分报告,通用,评分,保护因素现实有效,,M4-BUFFER达到BL5以上，且现实中实际改变同一风险链。,PR0安全门控未通过或关键基础字段停止时，按FG0处理。,由共享基础引擎提供；只修正用户能否承载、表达和共同执行适配结构，不直接等同成熟度、道德或关系结果。,由M2提供；夫妻星和关系门槛只说明准入议题，不单独证明长期适配。,由M3-BASE与共享引擎提供；日支近位提高亲密关系相关性，但不得把日支直接写成配偶性格。,无／按本规则指定功能链或接口路由。,由共享基础引擎判定；近位提高直接相关性，远位仅作背景、阶段或条件性修正。,根气只修正该功能是否容易重复调用，不等于现实中已经形成成熟能力。,旺弱只修正调用强度与承载；强不自动适配，弱也不自动缺失。,喜忌只修正顺畅度、摩擦与平衡，不可直接翻译为好坏、理想伴侣或关系结果。,原十神性质有效；真合化成立时按化神功能替换，合化争议时停止定性。,近位提高进入亲密关系核心的概率；远位只保留背景、条件性或低置信修正。,86,-8至-16,risk_buffer_match,可降低相应PR1风险补位强度，但不删除历史证据。,可降低相应PR1风险补位强度，但不删除历史证据。,不得仅凭本规则推出某类人必然适合或不适合、婚姻必然成功、忠诚度、职业收入、外貌家庭、五行生肖匹配，或要求用户容忍伤害；现实安全、行为、反例与双方意愿优先。,中高,待验证,,evidence_grade=FG0-FG2; provisional=true; rule_group=BASE-评分报告,0.2
M5-BASE-366,正文一主一次三行为,L9 证据等级、评分与报告,BASE-评分报告,通用,输出,正文一主一次三行为,,完成主次裁决。,PR0安全门控未通过或关键基础字段停止时，按FG0处理。,由共享基础引擎提供；只修正用户能否承载、表达和共同执行适配结构，不直接等同成熟度、道德或关系结果。,由M2提供；夫妻星和关系门槛只说明准入议题，不单独证明长期适配。,由M3-BASE与共享引擎提供；日支近位提高亲密关系相关性，但不得把日支直接写成配偶性格。,无／按本规则指定功能链或接口路由。,由共享基础引擎判定；近位提高直接相关性，远位仅作背景、阶段或条件性修正。,根气只修正该功能是否容易重复调用，不等于现实中已经形成成熟能力。,旺弱只修正调用强度与承载；强不自动适配，弱也不自动缺失。,喜忌只修正顺畅度、摩擦与平衡，不可直接翻译为好坏、理想伴侣或关系结果。,原十神性质有效；真合化成立时按化神功能替换，合化争议时停止定性。,近位提高进入亲密关系核心的概率；远位只保留背景、条件性或低置信修正。,86,不加分,report_text,正文最多一个主需求、一个次需求、三项伴侣行为。,正文最多一个主需求、一个次需求、三项伴侣行为。,不得仅凭本规则推出某类人必然适合或不适合、婚姻必然成功、忠诚度、职业收入、外貌家庭、五行生肖匹配，或要求用户容忍伤害；现实安全、行为、反例与双方意愿优先。,中高,待验证,,evidence_grade=FG0-FG2; provisional=true; rule_group=BASE-评分报告,0.2
M5-BASE-367,置信度计算｜结构完整性优先,L9 证据等级、评分与报告,BASE-评分报告,通用,置信度,置信度计算,,基础状态、独立来源、反例、现实资料和上游置信度可用。,PR0安全门控未通过或关键基础字段停止时，按FG0处理。,由共享基础引擎提供；只修正用户能否承载、表达和共同执行适配结构，不直接等同成熟度、道德或关系结果。,由M2提供；夫妻星和关系门槛只说明准入议题，不单独证明长期适配。,由M3-BASE与共享引擎提供；日支近位提高亲密关系相关性，但不得把日支直接写成配偶性格。,无／按本规则指定功能链或接口路由。,由共享基础引擎判定；近位提高直接相关性，远位仅作背景、阶段或条件性修正。,根气只修正该功能是否容易重复调用，不等于现实中已经形成成熟能力。,旺弱只修正调用强度与承载；强不自动适配，弱也不自动缺失。,喜忌只修正顺畅度、摩擦与平衡，不可直接翻译为好坏、理想伴侣或关系结果。,原十神性质有效；真合化成立时按化神功能替换，合化争议时停止定性。,近位提高进入亲密关系核心的概率；远位只保留背景、条件性或低置信修正。,86,置信度路由,confidence,高置信需要两类独立来源、无强反例并完成安全门控。,高置信需要两类独立来源、无强反例并完成安全门控。,不得仅凭本规则推出某类人必然适合或不适合、婚姻必然成功、忠诚度、职业收入、外貌家庭、五行生肖匹配，或要求用户容忍伤害；现实安全、行为、反例与双方意愿优先。,中高,待验证,,evidence_grade=FG0-FG2; provisional=true; rule_group=BASE-评分报告,0.2
M5-BASE-368,M5-BASE输出边界｜进入M5-PARTNER,L9 证据等级、评分与报告,BASE-评分报告,通用,路由,M5-BASE输出边界,,主需求、次需求、优先级、匹配模式候选完成。,PR0安全门控未通过或关键基础字段停止时，按FG0处理。,由共享基础引擎提供；只修正用户能否承载、表达和共同执行适配结构，不直接等同成熟度、道德或关系结果。,由M2提供；夫妻星和关系门槛只说明准入议题，不单独证明长期适配。,由M3-BASE与共享引擎提供；日支近位提高亲密关系相关性，但不得把日支直接写成配偶性格。,无／按本规则指定功能链或接口路由。,由共享基础引擎判定；近位提高直接相关性，远位仅作背景、阶段或条件性修正。,根气只修正该功能是否容易重复调用，不等于现实中已经形成成熟能力。,旺弱只修正调用强度与承载；强不自动适配，弱也不自动缺失。,喜忌只修正顺畅度、摩擦与平衡，不可直接翻译为好坏、理想伴侣或关系结果。,原十神性质有效；真合化成立时按化神功能替换，合化争议时停止定性。,近位提高进入亲密关系核心的概率；远位只保留背景、条件性或低置信修正。,86,路由至M5-PARTNER,report_status,下一模块负责把功能进一步转成具体伴侣行为画像。,下一模块负责把功能进一步转成具体伴侣行为画像。,不得仅凭本规则推出某类人必然适合或不适合、婚姻必然成功、忠诚度、职业收入、外貌家庭、五行生肖匹配，或要求用户容忍伤害；现实安全、行为、反例与双方意愿优先。,中高,待验证,,evidence_grade=FG0-FG2; provisional=true; rule_group=BASE-评分报告,0.2
