rule_id,rule_name,layer,module,applicable_group,rule_type,main_signal,secondary_signal,required_conditions,excluded_conditions,self_strength_status,spouse_star_status,palace_signal,flow_path,signal_position,root_status,strength_level,favorability,transformation_status,distance_level,priority,score_effect,output_slot,internal_logic,user_explanation,forbidden_inference,confidence_base,validation_status,case_refs,notes,version
M5-EXCHANGE-001,M5-EXCHANGE正式定义｜表达、支持、投入与双向交换,L0 定义、边界与证据合同,EXCHANGE-定义边界,通用,定义,M5-EXCHANGE模块规则,,M5-BASE与M5-PARTNER已形成主FN、次FN和具体对象观察画像。,PR0安全门控未通过、具体对象资料完全缺失或基础状态未定。,由共享基础引擎、M3与M5-BASE提供；只修正用户怎样给予、请求、接收和回馈，不直接判断双方现实交换质量。,M2只说明进入关系所需资格证据；不能替代长期双向交换、负荷与修复验证。,M3-BASE、EXPR、CARE和BOUND提供用户自然互动通道；M5-EXCHANGE负责把两人的实际行为合成为交换结构。,无／按本规则指定的给予—请求—接收—反馈—重订路径路由。,近位、远位只修正该交换需求进入亲密关系核心的可能；不得据此判断具体伴侣现实中一定配合。,根气只修正用户交换需求和通道是否稳定重复，不等于双方已形成成熟互惠。,旺弱只修正通道调用强度、抢位或缺位风险，不直接等于交换公平或关系质量。,喜忌只修正调用顺畅度与摩擦，不可直接翻译为理想伴侣五行、十神或必然互补。,真合化成立时按化神功能重算用户交换需求；合化争议时停止细化交换通道。,近位提高该交换议题进入关系核心的可能；远位只保留背景或阶段性观察。,100,不加分；定义／门控,report_status,本模块判断双方如何给予、请求、接收、回应、回馈和重新协商，而不是简单比较谁付出更多。,这一部分看的是双方怎样把支持和投入真正交换起来。,不得仅凭本规则推出双方一定公平、相爱、忠诚、长期稳定或适合结婚；不得把付出多少直接等同爱多少；不得以命理要求单方牺牲、立即回报、原谅、复合或继续关系。现实安全、同意、持续行为、反例与双方协商优先。,高,待验证,,provisional=true; rule_group=EXCHANGE-定义边界,0.4
M5-EXCHANGE-002,交换不等于等量｜公平与50/50分开,L0 定义、边界与证据合同,EXCHANGE-定义边界,通用,边界,M5-EXCHANGE模块规则,,分析负荷、公平或互惠。,直接用次数、金额或时间做机械等量判断。,由共享基础引擎、M3与M5-BASE提供；只修正用户怎样给予、请求、接收和回馈，不直接判断双方现实交换质量。,M2只说明进入关系所需资格证据；不能替代长期双向交换、负荷与修复验证。,M3-BASE、EXPR、CARE和BOUND提供用户自然互动通道；M5-EXCHANGE负责把两人的实际行为合成为交换结构。,无／按本规则指定的给予—请求—接收—反馈—重订路径路由。,近位、远位只修正该交换需求进入亲密关系核心的可能；不得据此判断具体伴侣现实中一定配合。,根气只修正用户交换需求和通道是否稳定重复，不等于双方已形成成熟互惠。,旺弱只修正通道调用强度、抢位或缺位风险，不直接等于交换公平或关系质量。,喜忌只修正调用顺畅度与摩擦，不可直接翻译为理想伴侣五行、十神或必然互补。,真合化成立时按化神功能重算用户交换需求；合化争议时停止细化交换通道。,近位提高该交换议题进入关系核心的可能；远位只保留背景或阶段性观察。,100,不加分；定义／门控,exchange_fairness,公平要综合资源、能力、阶段、决定权、认可和可重订性。,公平不一定是每项对半，而是双方都知情、可承受并能重新协商。,不得仅凭本规则推出双方一定公平、相爱、忠诚、长期稳定或适合结婚；不得把付出多少直接等同爱多少；不得以命理要求单方牺牲、立即回报、原谅、复合或继续关系。现实安全、同意、持续行为、反例与双方协商优先。,高,待验证,,provisional=true; rule_group=EXCHANGE-定义边界,0.4
M5-EXCHANGE-003,给予、请求、接收和回馈必须分开,L0 定义、边界与证据合同,EXCHANGE-定义边界,通用,定义,M5-EXCHANGE模块规则,,分析任一支持或投入通道。,把会给予自动等同会请求、会接收或会回馈。,由共享基础引擎、M3与M5-BASE提供；只修正用户怎样给予、请求、接收和回馈，不直接判断双方现实交换质量。,M2只说明进入关系所需资格证据；不能替代长期双向交换、负荷与修复验证。,M3-BASE、EXPR、CARE和BOUND提供用户自然互动通道；M5-EXCHANGE负责把两人的实际行为合成为交换结构。,无／按本规则指定的给予—请求—接收—反馈—重订路径路由。,近位、远位只修正该交换需求进入亲密关系核心的可能；不得据此判断具体伴侣现实中一定配合。,根气只修正用户交换需求和通道是否稳定重复，不等于双方已形成成熟互惠。,旺弱只修正通道调用强度、抢位或缺位风险，不直接等于交换公平或关系质量。,喜忌只修正调用顺畅度与摩擦，不可直接翻译为理想伴侣五行、十神或必然互补。,真合化成立时按化神功能重算用户交换需求；合化争议时停止细化交换通道。,近位提高该交换议题进入关系核心的可能；远位只保留背景或阶段性观察。,100,不加分；定义／门控,exchange_process,四项是不同能力，必须分别判断。,一个人很会付出，不代表他也能说出需要、接受帮助或接收反馈。,不得仅凭本规则推出双方一定公平、相爱、忠诚、长期稳定或适合结婚；不得把付出多少直接等同爱多少；不得以命理要求单方牺牲、立即回报、原谅、复合或继续关系。现实安全、同意、持续行为、反例与双方协商优先。,高,待验证,,provisional=true; rule_group=EXCHANGE-定义边界,0.4
M5-EXCHANGE-004,单向可见不等于单向关系,L0 定义、边界与证据合同,EXCHANGE-定义边界,通用,边界,M5-EXCHANGE模块规则,,现有资料只清楚记录一方行为。,未检查隐性贡献、错峰、分工和资料缺失。,由共享基础引擎、M3与M5-BASE提供；只修正用户怎样给予、请求、接收和回馈，不直接判断双方现实交换质量。,M2只说明进入关系所需资格证据；不能替代长期双向交换、负荷与修复验证。,M3-BASE、EXPR、CARE和BOUND提供用户自然互动通道；M5-EXCHANGE负责把两人的实际行为合成为交换结构。,无／按本规则指定的给予—请求—接收—反馈—重订路径路由。,近位、远位只修正该交换需求进入亲密关系核心的可能；不得据此判断具体伴侣现实中一定配合。,根气只修正用户交换需求和通道是否稳定重复，不等于双方已形成成熟互惠。,旺弱只修正通道调用强度、抢位或缺位风险，不直接等于交换公平或关系质量。,喜忌只修正调用顺畅度与摩擦，不可直接翻译为理想伴侣五行、十神或必然互补。,真合化成立时按化神功能重算用户交换需求；合化争议时停止细化交换通道。,近位提高该交换议题进入关系核心的可能；远位只保留背景或阶段性观察。,100,不加分；定义／门控,exchange_state,先输出XR05单向可见候选，不直接定性。,目前只容易看见一侧，先不要急着判断另一方完全没有投入。,不得仅凭本规则推出双方一定公平、相爱、忠诚、长期稳定或适合结婚；不得把付出多少直接等同爱多少；不得以命理要求单方牺牲、立即回报、原谅、复合或继续关系。现实安全、同意、持续行为、反例与双方协商优先。,高,待验证,,provisional=true; rule_group=EXCHANGE-定义边界,0.4
M5-EXCHANGE-005,暂时不对称不等于长期失衡,L0 定义、边界与证据合同,EXCHANGE-定义边界,通用,边界,M5-EXCHANGE模块规则,,疾病、工作、育儿、照护或危机阶段贡献不对称。,没有重订点、恢复资料或长期事件。,由共享基础引擎、M3与M5-BASE提供；只修正用户怎样给予、请求、接收和回馈，不直接判断双方现实交换质量。,M2只说明进入关系所需资格证据；不能替代长期双向交换、负荷与修复验证。,M3-BASE、EXPR、CARE和BOUND提供用户自然互动通道；M5-EXCHANGE负责把两人的实际行为合成为交换结构。,无／按本规则指定的给予—请求—接收—反馈—重订路径路由。,近位、远位只修正该交换需求进入亲密关系核心的可能；不得据此判断具体伴侣现实中一定配合。,根气只修正用户交换需求和通道是否稳定重复，不等于双方已形成成熟互惠。,旺弱只修正通道调用强度、抢位或缺位风险，不直接等于交换公平或关系质量。,喜忌只修正调用顺畅度与摩擦，不可直接翻译为理想伴侣五行、十神或必然互补。,真合化成立时按化神功能重算用户交换需求；合化争议时停止细化交换通道。,近位提高该交换议题进入关系核心的可能；远位只保留背景或阶段性观察。,99,不加分；定义／门控,exchange_state,区分阶段性负荷和稳定结构。,某个阶段一方承担更多，不等于长期都必须这样。,不得仅凭本规则推出双方一定公平、相爱、忠诚、长期稳定或适合结婚；不得把付出多少直接等同爱多少；不得以命理要求单方牺牲、立即回报、原谅、复合或继续关系。现实安全、同意、持续行为、反例与双方协商优先。,高,待验证,,provisional=true; rule_group=EXCHANGE-定义边界,0.4
M5-EXCHANGE-006,交换结构必须保留同意与选择权,L0 定义、边界与证据合同,EXCHANGE-定义边界,通用,安全,M5-EXCHANGE模块规则,,分析帮助、保护、资源、亲密或决定权。,存在强迫、暴力、威胁、经济控制、跟踪或反复越界。,由共享基础引擎、M3与M5-BASE提供；只修正用户怎样给予、请求、接收和回馈，不直接判断双方现实交换质量。,M2只说明进入关系所需资格证据；不能替代长期双向交换、负荷与修复验证。,M3-BASE、EXPR、CARE和BOUND提供用户自然互动通道；M5-EXCHANGE负责把两人的实际行为合成为交换结构。,无／按本规则指定的给予—请求—接收—反馈—重订路径路由。,近位、远位只修正该交换需求进入亲密关系核心的可能；不得据此判断具体伴侣现实中一定配合。,根气只修正用户交换需求和通道是否稳定重复，不等于双方已形成成熟互惠。,旺弱只修正通道调用强度、抢位或缺位风险，不直接等于交换公平或关系质量。,喜忌只修正调用顺畅度与摩擦，不可直接翻译为理想伴侣五行、十神或必然互补。,真合化成立时按化神功能重算用户交换需求；合化争议时停止细化交换通道。,近位提高该交换议题进入关系核心的可能；远位只保留背景或阶段性观察。,99,不加分；定义／门控,consent_boundary,安全和同意高于互惠、互补与修复叙事。,任何付出和保护都不能成为越过同意与选择权的理由。,不得仅凭本规则推出双方一定公平、相爱、忠诚、长期稳定或适合结婚；不得把付出多少直接等同爱多少；不得以命理要求单方牺牲、立即回报、原谅、复合或继续关系。现实安全、同意、持续行为、反例与双方协商优先。,高,待验证,,provisional=true; rule_group=EXCHANGE-定义边界,0.4
M5-EXCHANGE-007,M3描述个人惯性｜M5判断双方交换,L0 定义、边界与证据合同,EXCHANGE-定义边界,通用,接口,M5-EXCHANGE模块规则,,M3-EXPR、CARE、BOUND结果可用。,用单方惯性直接推断双方关系公平。,由共享基础引擎、M3与M5-BASE提供；只修正用户怎样给予、请求、接收和回馈，不直接判断双方现实交换质量。,M2只说明进入关系所需资格证据；不能替代长期双向交换、负荷与修复验证。,M3-BASE、EXPR、CARE和BOUND提供用户自然互动通道；M5-EXCHANGE负责把两人的实际行为合成为交换结构。,无／按本规则指定的给予—请求—接收—反馈—重订路径路由。,近位、远位只修正该交换需求进入亲密关系核心的可能；不得据此判断具体伴侣现实中一定配合。,根气只修正用户交换需求和通道是否稳定重复，不等于双方已形成成熟互惠。,旺弱只修正通道调用强度、抢位或缺位风险，不直接等于交换公平或关系质量。,喜忌只修正调用顺畅度与摩擦，不可直接翻译为理想伴侣五行、十神或必然互补。,真合化成立时按化神功能重算用户交换需求；合化争议时停止细化交换通道。,近位提高该交换议题进入关系核心的可能；远位只保留背景或阶段性观察。,99,不加分；定义／门控,m3_exchange_interface,M3回答用户怎样给、怎样接；M5还要加入对方行为和双方反馈。,知道你习惯怎样付出，只是第一步，还要看对方怎样回应。,不得仅凭本规则推出双方一定公平、相爱、忠诚、长期稳定或适合结婚；不得把付出多少直接等同爱多少；不得以命理要求单方牺牲、立即回报、原谅、复合或继续关系。现实安全、同意、持续行为、反例与双方协商优先。,高,待验证,,provisional=true; rule_group=EXCHANGE-定义边界,0.4
M5-EXCHANGE-008,M4识别循环｜M5建立可持续替代结构,L0 定义、边界与证据合同,EXCHANGE-定义边界,通用,接口,M5-EXCHANGE模块规则,,M4 K、LP、RN、BF结果可用。,把M4风险直接当成适配结论。,由共享基础引擎、M3与M5-BASE提供；只修正用户怎样给予、请求、接收和回馈，不直接判断双方现实交换质量。,M2只说明进入关系所需资格证据；不能替代长期双向交换、负荷与修复验证。,M3-BASE、EXPR、CARE和BOUND提供用户自然互动通道；M5-EXCHANGE负责把两人的实际行为合成为交换结构。,无／按本规则指定的给予—请求—接收—反馈—重订路径路由。,近位、远位只修正该交换需求进入亲密关系核心的可能；不得据此判断具体伴侣现实中一定配合。,根气只修正用户交换需求和通道是否稳定重复，不等于双方已形成成熟互惠。,旺弱只修正通道调用强度、抢位或缺位风险，不直接等于交换公平或关系质量。,喜忌只修正调用顺畅度与摩擦，不可直接翻译为理想伴侣五行、十神或必然互补。,真合化成立时按化神功能重算用户交换需求；合化争议时停止细化交换通道。,近位提高该交换议题进入关系核心的可能；远位只保留背景或阶段性观察。,99,不加分；定义／门控,m4_exchange_interface,M4提供风险链；M5将其转译为交换任务、停止点和回流结构。,这里不是重复描述问题，而是明确怎样交换才不会继续放大问题。,不得仅凭本规则推出双方一定公平、相爱、忠诚、长期稳定或适合结婚；不得把付出多少直接等同爱多少；不得以命理要求单方牺牲、立即回报、原谅、复合或继续关系。现实安全、同意、持续行为、反例与双方协商优先。,高,待验证,,provisional=true; rule_group=EXCHANGE-定义边界,0.4
M5-EXCHANGE-009,M5-PARTNER个人能力不等于双人交换,L0 定义、边界与证据合同,EXCHANGE-定义边界,通用,接口,M5-EXCHANGE模块规则,,具体对象PV与PS结果可用。,两个人各自有能力就直接判定关系会互惠。,由共享基础引擎、M3与M5-BASE提供；只修正用户怎样给予、请求、接收和回馈，不直接判断双方现实交换质量。,M2只说明进入关系所需资格证据；不能替代长期双向交换、负荷与修复验证。,M3-BASE、EXPR、CARE和BOUND提供用户自然互动通道；M5-EXCHANGE负责把两人的实际行为合成为交换结构。,无／按本规则指定的给予—请求—接收—反馈—重订路径路由。,近位、远位只修正该交换需求进入亲密关系核心的可能；不得据此判断具体伴侣现实中一定配合。,根气只修正用户交换需求和通道是否稳定重复，不等于双方已形成成熟互惠。,旺弱只修正通道调用强度、抢位或缺位风险，不直接等于交换公平或关系质量。,喜忌只修正调用顺畅度与摩擦，不可直接翻译为理想伴侣五行、十神或必然互补。,真合化成立时按化神功能重算用户交换需求；合化争议时停止细化交换通道。,近位提高该交换议题进入关系核心的可能；远位只保留背景或阶段性观察。,99,不加分；定义／门控,partner_exchange_interface,个人功能需要进入共同请求、接收、分工和修复后才形成交换结构。,两个人都很优秀，也仍要看能不能把能力接起来。,不得仅凭本规则推出双方一定公平、相爱、忠诚、长期稳定或适合结婚；不得把付出多少直接等同爱多少；不得以命理要求单方牺牲、立即回报、原谅、复合或继续关系。现实安全、同意、持续行为、反例与双方协商优先。,高,待验证,,provisional=true; rule_group=EXCHANGE-定义边界,0.4
M5-EXCHANGE-010,现实双人事件高于命理结构,L0 定义、边界与证据合同,EXCHANGE-定义边界,通用,证据,M5-EXCHANGE模块规则,,分析具体关系交换。,用用户命盘、对方命盘、合盘或十神替代现实事件。,由共享基础引擎、M3与M5-BASE提供；只修正用户怎样给予、请求、接收和回馈，不直接判断双方现实交换质量。,M2只说明进入关系所需资格证据；不能替代长期双向交换、负荷与修复验证。,M3-BASE、EXPR、CARE和BOUND提供用户自然互动通道；M5-EXCHANGE负责把两人的实际行为合成为交换结构。,无／按本规则指定的给予—请求—接收—反馈—重订路径路由。,近位、远位只修正该交换需求进入亲密关系核心的可能；不得据此判断具体伴侣现实中一定配合。,根气只修正用户交换需求和通道是否稳定重复，不等于双方已形成成熟互惠。,旺弱只修正通道调用强度、抢位或缺位风险，不直接等于交换公平或关系质量。,喜忌只修正调用顺畅度与摩擦，不可直接翻译为理想伴侣五行、十神或必然互补。,真合化成立时按化神功能重算用户交换需求；合化争议时停止细化交换通道。,近位提高该交换议题进入关系核心的可能；远位只保留背景或阶段性观察。,98,不加分；定义／门控,exchange_evidence_level,命理生成观察任务，现实事件决定XV和XR状态。,命盘告诉你该观察什么，真实互动才告诉你交换是否成立。,不得仅凭本规则推出双方一定公平、相爱、忠诚、长期稳定或适合结婚；不得把付出多少直接等同爱多少；不得以命理要求单方牺牲、立即回报、原谅、复合或继续关系。现实安全、同意、持续行为、反例与双方协商优先。,高,待验证,,provisional=true; rule_group=EXCHANGE-定义边界,0.4
M5-EXCHANGE-011,同一source_id只计一次基础权重,L0 定义、边界与证据合同,EXCHANGE-定义边界,通用,去重,M5-EXCHANGE模块规则,,同一命盘事实被多个模块解释。,重复增加独立证据数。,由共享基础引擎、M3与M5-BASE提供；只修正用户怎样给予、请求、接收和回馈，不直接判断双方现实交换质量。,M2只说明进入关系所需资格证据；不能替代长期双向交换、负荷与修复验证。,M3-BASE、EXPR、CARE和BOUND提供用户自然互动通道；M5-EXCHANGE负责把两人的实际行为合成为交换结构。,无／按本规则指定的给予—请求—接收—反馈—重订路径路由。,近位、远位只修正该交换需求进入亲密关系核心的可能；不得据此判断具体伴侣现实中一定配合。,根气只修正用户交换需求和通道是否稳定重复，不等于双方已形成成熟互惠。,旺弱只修正通道调用强度、抢位或缺位风险，不直接等于交换公平或关系质量。,喜忌只修正调用顺畅度与摩擦，不可直接翻译为理想伴侣五行、十神或必然互补。,真合化成立时按化神功能重算用户交换需求；合化争议时停止细化交换通道。,近位提高该交换议题进入关系核心的可能；远位只保留背景或阶段性观察。,98,不加分；定义／门控,provenance,允许不同功能解释，基础事实只计一次。,同一个命理事实不会因为被解释多次就变成多份证据。,不得仅凭本规则推出双方一定公平、相爱、忠诚、长期稳定或适合结婚；不得把付出多少直接等同爱多少；不得以命理要求单方牺牲、立即回报、原谅、复合或继续关系。现实安全、同意、持续行为、反例与双方协商优先。,高,待验证,,provisional=true; rule_group=EXCHANGE-定义边界,0.4
M5-EXCHANGE-012,同一event_id只算一次交换事件,L0 定义、边界与证据合同,EXCHANGE-定义边界,通用,去重,M5-EXCHANGE模块规则,,一次事件同时支持多个ED或XD维度。,把同一次付出、冲突或修复拆成多个事件。,由共享基础引擎、M3与M5-BASE提供；只修正用户怎样给予、请求、接收和回馈，不直接判断双方现实交换质量。,M2只说明进入关系所需资格证据；不能替代长期双向交换、负荷与修复验证。,M3-BASE、EXPR、CARE和BOUND提供用户自然互动通道；M5-EXCHANGE负责把两人的实际行为合成为交换结构。,无／按本规则指定的给予—请求—接收—反馈—重订路径路由。,近位、远位只修正该交换需求进入亲密关系核心的可能；不得据此判断具体伴侣现实中一定配合。,根气只修正用户交换需求和通道是否稳定重复，不等于双方已形成成熟互惠。,旺弱只修正通道调用强度、抢位或缺位风险，不直接等于交换公平或关系质量。,喜忌只修正调用顺畅度与摩擦，不可直接翻译为理想伴侣五行、十神或必然互补。,真合化成立时按化神功能重算用户交换需求；合化争议时停止细化交换通道。,近位提高该交换议题进入关系核心的可能；远位只保留背景或阶段性观察。,98,不加分；定义／门控,provenance,一个事件可支持多字段，但只计一次现实事件。,一件事可以说明很多方面，但仍然只是一件事。,不得仅凭本规则推出双方一定公平、相爱、忠诚、长期稳定或适合结婚；不得把付出多少直接等同爱多少；不得以命理要求单方牺牲、立即回报、原谅、复合或继续关系。现实安全、同意、持续行为、反例与双方协商优先。,高,待验证,,provisional=true; rule_group=EXCHANGE-定义边界,0.4
M5-EXCHANGE-013,交换强度不等于交换成熟,L0 定义、边界与证据合同,EXCHANGE-定义边界,通用,边界,M5-EXCHANGE模块规则,,某一方投入很多、行动快或表达强。,没有双向性、边界、负荷和修复证据。,由共享基础引擎、M3与M5-BASE提供；只修正用户怎样给予、请求、接收和回馈，不直接判断双方现实交换质量。,M2只说明进入关系所需资格证据；不能替代长期双向交换、负荷与修复验证。,M3-BASE、EXPR、CARE和BOUND提供用户自然互动通道；M5-EXCHANGE负责把两人的实际行为合成为交换结构。,无／按本规则指定的给予—请求—接收—反馈—重订路径路由。,近位、远位只修正该交换需求进入亲密关系核心的可能；不得据此判断具体伴侣现实中一定配合。,根气只修正用户交换需求和通道是否稳定重复，不等于双方已形成成熟互惠。,旺弱只修正通道调用强度、抢位或缺位风险，不直接等于交换公平或关系质量。,喜忌只修正调用顺畅度与摩擦，不可直接翻译为理想伴侣五行、十神或必然互补。,真合化成立时按化神功能重算用户交换需求；合化争议时停止细化交换通道。,近位提高该交换议题进入关系核心的可能；远位只保留背景或阶段性观察。,98,不加分；定义／门控,exchange_state,成熟看能否请求、接收、调整和持续，不只看投入量。,付出很多不自动等于交换健康。,不得仅凭本规则推出双方一定公平、相爱、忠诚、长期稳定或适合结婚；不得把付出多少直接等同爱多少；不得以命理要求单方牺牲、立即回报、原谅、复合或继续关系。现实安全、同意、持续行为、反例与双方协商优先。,高,待验证,,provisional=true; rule_group=EXCHANGE-定义边界,0.4
M5-EXCHANGE-014,及时回报不等于健康互惠,L0 定义、边界与证据合同,EXCHANGE-定义边界,通用,边界,M5-EXCHANGE模块规则,,回馈速度快或慢。,用即时回应作为唯一标准。,由共享基础引擎、M3与M5-BASE提供；只修正用户怎样给予、请求、接收和回馈，不直接判断双方现实交换质量。,M2只说明进入关系所需资格证据；不能替代长期双向交换、负荷与修复验证。,M3-BASE、EXPR、CARE和BOUND提供用户自然互动通道；M5-EXCHANGE负责把两人的实际行为合成为交换结构。,无／按本规则指定的给予—请求—接收—反馈—重订路径路由。,近位、远位只修正该交换需求进入亲密关系核心的可能；不得据此判断具体伴侣现实中一定配合。,根气只修正用户交换需求和通道是否稳定重复，不等于双方已形成成熟互惠。,旺弱只修正通道调用强度、抢位或缺位风险，不直接等于交换公平或关系质量。,喜忌只修正调用顺畅度与摩擦，不可直接翻译为理想伴侣五行、十神或必然互补。,真合化成立时按化神功能重算用户交换需求；合化争议时停止细化交换通道。,近位提高该交换议题进入关系核心的可能；远位只保留背景或阶段性观察。,98,不加分；定义／门控,reciprocity_timing,同步、错峰和延迟都可有效，关键是可理解、可预期、有回流。,互惠可以不同步，但不能没有时间结构。,不得仅凭本规则推出双方一定公平、相爱、忠诚、长期稳定或适合结婚；不得把付出多少直接等同爱多少；不得以命理要求单方牺牲、立即回报、原谅、复合或继续关系。现实安全、同意、持续行为、反例与双方协商优先。,高,待验证,,provisional=true; rule_group=EXCHANGE-定义边界,0.4
M5-EXCHANGE-015,物质投入与情绪修复分开,L0 定义、边界与证据合同,EXCHANGE-定义边界,通用,边界,M5-EXCHANGE模块规则,,出现礼物、补偿、金钱或做事。,用现实补偿删除情绪、责任和边界任务。,由共享基础引擎、M3与M5-BASE提供；只修正用户怎样给予、请求、接收和回馈，不直接判断双方现实交换质量。,M2只说明进入关系所需资格证据；不能替代长期双向交换、负荷与修复验证。,M3-BASE、EXPR、CARE和BOUND提供用户自然互动通道；M5-EXCHANGE负责把两人的实际行为合成为交换结构。,无／按本规则指定的给予—请求—接收—反馈—重订路径路由。,近位、远位只修正该交换需求进入亲密关系核心的可能；不得据此判断具体伴侣现实中一定配合。,根气只修正用户交换需求和通道是否稳定重复，不等于双方已形成成熟互惠。,旺弱只修正通道调用强度、抢位或缺位风险，不直接等于交换公平或关系质量。,喜忌只修正调用顺畅度与摩擦，不可直接翻译为理想伴侣五行、十神或必然互补。,真合化成立时按化神功能重算用户交换需求；合化争议时停止细化交换通道。,近位提高该交换议题进入关系核心的可能；远位只保留背景或阶段性观察。,97,不加分；定义／门控,pseudo_reciprocity_warning,不同交换领域不可互相自动替代。,补偿可以有价值，但不能替代被理解、责任承担和关系修复。,不得仅凭本规则推出双方一定公平、相爱、忠诚、长期稳定或适合结婚；不得把付出多少直接等同爱多少；不得以命理要求单方牺牲、立即回报、原谅、复合或继续关系。现实安全、同意、持续行为、反例与双方协商优先。,高,待验证,,provisional=true; rule_group=EXCHANGE-定义边界,0.4
M5-EXCHANGE-016,角色分工不等于权力等级,L0 定义、边界与证据合同,EXCHANGE-定义边界,通用,边界,M5-EXCHANGE模块规则,,双方承担不同领域。,把分工固化成一方长期拥有决定权。,由共享基础引擎、M3与M5-BASE提供；只修正用户怎样给予、请求、接收和回馈，不直接判断双方现实交换质量。,M2只说明进入关系所需资格证据；不能替代长期双向交换、负荷与修复验证。,M3-BASE、EXPR、CARE和BOUND提供用户自然互动通道；M5-EXCHANGE负责把两人的实际行为合成为交换结构。,无／按本规则指定的给予—请求—接收—反馈—重订路径路由。,近位、远位只修正该交换需求进入亲密关系核心的可能；不得据此判断具体伴侣现实中一定配合。,根气只修正用户交换需求和通道是否稳定重复，不等于双方已形成成熟互惠。,旺弱只修正通道调用强度、抢位或缺位风险，不直接等于交换公平或关系质量。,喜忌只修正调用顺畅度与摩擦，不可直接翻译为理想伴侣五行、十神或必然互补。,真合化成立时按化神功能重算用户交换需求；合化争议时停止细化交换通道。,近位提高该交换议题进入关系核心的可能；远位只保留背景或阶段性观察。,97,不加分；定义／门控,load_balance,分工需自愿、透明、可轮换和可重订。,谁擅长什么可以不同，但人格地位和参与权仍应平等。,不得仅凭本规则推出双方一定公平、相爱、忠诚、长期稳定或适合结婚；不得把付出多少直接等同爱多少；不得以命理要求单方牺牲、立即回报、原谅、复合或继续关系。现实安全、同意、持续行为、反例与双方协商优先。,高,待验证,,provisional=true; rule_group=EXCHANGE-定义边界,0.4
M5-EXCHANGE-017,接受支持不产生自动债务,L0 定义、边界与证据合同,EXCHANGE-定义边界,通用,边界,M5-EXCHANGE模块规则,,一方接受照顾、资源或帮助。,用帮助要求服从、立即等量偿还或放弃边界。,由共享基础引擎、M3与M5-BASE提供；只修正用户怎样给予、请求、接收和回馈，不直接判断双方现实交换质量。,M2只说明进入关系所需资格证据；不能替代长期双向交换、负荷与修复验证。,M3-BASE、EXPR、CARE和BOUND提供用户自然互动通道；M5-EXCHANGE负责把两人的实际行为合成为交换结构。,无／按本规则指定的给予—请求—接收—反馈—重订路径路由。,近位、远位只修正该交换需求进入亲密关系核心的可能；不得据此判断具体伴侣现实中一定配合。,根气只修正用户交换需求和通道是否稳定重复，不等于双方已形成成熟互惠。,旺弱只修正通道调用强度、抢位或缺位风险，不直接等于交换公平或关系质量。,喜忌只修正调用顺畅度与摩擦，不可直接翻译为理想伴侣五行、十神或必然互补。,真合化成立时按化神功能重算用户交换需求；合化争议时停止细化交换通道。,近位提高该交换议题进入关系核心的可能；远位只保留背景或阶段性观察。,97,不加分；定义／门控,receiving_style,回馈属于协商后的长期互惠，不是自动债务。,被支持不等于欠下服从或必须马上偿还。,不得仅凭本规则推出双方一定公平、相爱、忠诚、长期稳定或适合结婚；不得把付出多少直接等同爱多少；不得以命理要求单方牺牲、立即回报、原谅、复合或继续关系。现实安全、同意、持续行为、反例与双方协商优先。,高,待验证,,provisional=true; rule_group=EXCHANGE-定义边界,0.4
M5-EXCHANGE-018,正文限制一个主交换结构,L0 定义、边界与证据合同,EXCHANGE-定义边界,通用,输出,M5-EXCHANGE模块规则,,多个EC、EM、XD候选并存。,输出理想关系功能清单。,由共享基础引擎、M3与M5-BASE提供；只修正用户怎样给予、请求、接收和回馈，不直接判断双方现实交换质量。,M2只说明进入关系所需资格证据；不能替代长期双向交换、负荷与修复验证。,M3-BASE、EXPR、CARE和BOUND提供用户自然互动通道；M5-EXCHANGE负责把两人的实际行为合成为交换结构。,无／按本规则指定的给予—请求—接收—反馈—重订路径路由。,近位、远位只修正该交换需求进入亲密关系核心的可能；不得据此判断具体伴侣现实中一定配合。,根气只修正用户交换需求和通道是否稳定重复，不等于双方已形成成熟互惠。,旺弱只修正通道调用强度、抢位或缺位风险，不直接等于交换公平或关系质量。,喜忌只修正调用顺畅度与摩擦，不可直接翻译为理想伴侣五行、十神或必然互补。,真合化成立时按化神功能重算用户交换需求；合化争议时停止细化交换通道。,近位提高该交换议题进入关系核心的可能；远位只保留背景或阶段性观察。,97,不加分；定义／门控,report_text,正文最多一项主通道、一项次通道、一种模式、一个风险和一个观察重点。,先抓最关键的交换方式，不把所有好条件堆在一起。,不得仅凭本规则推出双方一定公平、相爱、忠诚、长期稳定或适合结婚；不得把付出多少直接等同爱多少；不得以命理要求单方牺牲、立即回报、原谅、复合或继续关系。现实安全、同意、持续行为、反例与双方协商优先。,高,待验证,,provisional=true; rule_group=EXCHANGE-定义边界,0.4
M5-EXCHANGE-019,XV与FG严格分开,L0 定义、边界与证据合同,EXCHANGE-定义边界,通用,边界,M5-EXCHANGE模块规则,,同时使用交换证据等级和最终适配等级。,把XV7直接写成FG4或用FG需求代替现实交换。,由共享基础引擎、M3与M5-BASE提供；只修正用户怎样给予、请求、接收和回馈，不直接判断双方现实交换质量。,M2只说明进入关系所需资格证据；不能替代长期双向交换、负荷与修复验证。,M3-BASE、EXPR、CARE和BOUND提供用户自然互动通道；M5-EXCHANGE负责把两人的实际行为合成为交换结构。,无／按本规则指定的给予—请求—接收—反馈—重订路径路由。,近位、远位只修正该交换需求进入亲密关系核心的可能；不得据此判断具体伴侣现实中一定配合。,根气只修正用户交换需求和通道是否稳定重复，不等于双方已形成成熟互惠。,旺弱只修正通道调用强度、抢位或缺位风险，不直接等于交换公平或关系质量。,喜忌只修正调用顺畅度与摩擦，不可直接翻译为理想伴侣五行、十神或必然互补。,真合化成立时按化神功能重算用户交换需求；合化争议时停止细化交换通道。,近位提高该交换议题进入关系核心的可能；远位只保留背景或阶段性观察。,97,不加分；定义／门控,fit_grade,XV只描述双方交换证据深度；FG由M5-SYNTH综合全部门槛。,交换证据越深，判断越有依据，但最终适配仍要综合其他现实条件。,不得仅凭本规则推出双方一定公平、相爱、忠诚、长期稳定或适合结婚；不得把付出多少直接等同爱多少；不得以命理要求单方牺牲、立即回报、原谅、复合或继续关系。现实安全、同意、持续行为、反例与双方协商优先。,高,待验证,,provisional=true; rule_group=EXCHANGE-定义边界,0.4
M5-EXCHANGE-020,版本与验证状态｜全部规则暂定,L0 定义、边界与证据合同,EXCHANGE-定义边界,通用,版本,M5-EXCHANGE模块规则,,使用V0.4规则。,把工程分值、规则数量或模型结论解释为统计概率。,由共享基础引擎、M3与M5-BASE提供；只修正用户怎样给予、请求、接收和回馈，不直接判断双方现实交换质量。,M2只说明进入关系所需资格证据；不能替代长期双向交换、负荷与修复验证。,M3-BASE、EXPR、CARE和BOUND提供用户自然互动通道；M5-EXCHANGE负责把两人的实际行为合成为交换结构。,无／按本规则指定的给予—请求—接收—反馈—重订路径路由。,近位、远位只修正该交换需求进入亲密关系核心的可能；不得据此判断具体伴侣现实中一定配合。,根气只修正用户交换需求和通道是否稳定重复，不等于双方已形成成熟互惠。,旺弱只修正通道调用强度、抢位或缺位风险，不直接等于交换公平或关系质量。,喜忌只修正调用顺畅度与摩擦，不可直接翻译为理想伴侣五行、十神或必然互补。,真合化成立时按化神功能重算用户交换需求；合化争议时停止细化交换通道。,近位提高该交换议题进入关系核心的可能；远位只保留背景或阶段性观察。,96,不加分；定义／门控,boundary_note,本版用于结构化分析和案例校准，全部规则待验证。,这些是待验证的分析框架，不是婚姻成功概率。,不得仅凭本规则推出双方一定公平、相爱、忠诚、长期稳定或适合结婚；不得把付出多少直接等同爱多少；不得以命理要求单方牺牲、立即回报、原谅、复合或继续关系。现实安全、同意、持续行为、反例与双方协商优先。,高,待验证,,provisional=true; rule_group=EXCHANGE-定义边界,0.4
M5-EXCHANGE-021,EC01 平等参与｜通道定义,L1 十类双向交换通道,EXCHANGE-EC通道,通用,基础,EC01 平等参与,比肩,M5-BASE或PARTNER将该FN路由为主／次交换功能。,安全门控未通过或该通道只属PR3且与主风险冲突。,由共享基础引擎、M3与M5-BASE提供；只修正用户怎样给予、请求、接收和回馈，不直接判断双方现实交换质量。,M2只说明进入关系所需资格证据；不能替代长期双向交换、负荷与修复验证。,M3-BASE、EXPR、CARE和BOUND提供用户自然互动通道；M5-EXCHANGE负责把两人的实际行为合成为交换结构。,无／按本规则指定的给予—请求—接收—反馈—重订路径路由。,近位、远位只修正该交换需求进入亲密关系核心的可能；不得据此判断具体伴侣现实中一定配合。,根气只修正用户交换需求和通道是否稳定重复，不等于双方已形成成熟互惠。,旺弱只修正通道调用强度、抢位或缺位风险，不直接等于交换公平或关系质量。,喜忌只修正调用顺畅度与摩擦，不可直接翻译为理想伴侣五行、十神或必然互补。,真合化成立时按化神功能重算用户交换需求；合化争议时停止细化交换通道。,近位提高该交换议题进入关系核心的可能；远位只保留背景或阶段性观察。,94,主通道候选 +18,primary_exchange_channel,EC01 平等参与将比肩功能转译为双人交换通道。,适合你的交换结构不是谁完全依附谁，而是双方都能参与、表达和调整分工。,不得仅凭本规则推出双方一定公平、相爱、忠诚、长期稳定或适合结婚；不得把付出多少直接等同爱多少；不得以命理要求单方牺牲、立即回报、原谅、复合或继续关系。现实安全、同意、持续行为、反例与双方协商优先。,中高,待验证,,exchange_channel=EC01; ten_god=比肩; provisional=true; rule_group=EXCHANGE-EC通道,0.4
M5-EXCHANGE-022,EC01 平等参与｜给予方式,L1 十类双向交换通道,EXCHANGE-EC通道,通用,给予,EC01 平等参与,比肩,存在一方主动提供该类支持的现实资料。,只有自述、身份或一次高光。,由共享基础引擎、M3与M5-BASE提供；只修正用户怎样给予、请求、接收和回馈，不直接判断双方现实交换质量。,M2只说明进入关系所需资格证据；不能替代长期双向交换、负荷与修复验证。,M3-BASE、EXPR、CARE和BOUND提供用户自然互动通道；M5-EXCHANGE负责把两人的实际行为合成为交换结构。,无／按本规则指定的给予—请求—接收—反馈—重订路径路由。,近位、远位只修正该交换需求进入亲密关系核心的可能；不得据此判断具体伴侣现实中一定配合。,根气只修正用户交换需求和通道是否稳定重复，不等于双方已形成成熟互惠。,旺弱只修正通道调用强度、抢位或缺位风险，不直接等于交换公平或关系质量。,喜忌只修正调用顺畅度与摩擦，不可直接翻译为理想伴侣五行、十神或必然互补。,真合化成立时按化神功能重算用户交换需求；合化争议时停止细化交换通道。,近位提高该交换议题进入关系核心的可能；远位只保留背景或阶段性观察。,84,+8 给予证据,giving_style,通过共同讨论、分工与并肩参与提供支持，不替代对方的决定。,给予方面，较成熟的表现是：通过共同讨论、分工与并肩参与提供支持，不替代对方的决定。,不得仅凭本规则推出双方一定公平、相爱、忠诚、长期稳定或适合结婚；不得把付出多少直接等同爱多少；不得以命理要求单方牺牲、立即回报、原谅、复合或继续关系。现实安全、同意、持续行为、反例与双方协商优先。,中,待验证,,exchange_channel=EC01; ten_god=比肩; provisional=true; rule_group=EXCHANGE-EC通道,0.4
M5-EXCHANGE-023,EC01 平等参与｜请求方式,L1 十类双向交换通道,EXCHANGE-EC通道,通用,请求,EC01 平等参与,比肩,存在提出需要、协商支持或分工的资料。,只通过暗示、测试或事后抱怨推断。,由共享基础引擎、M3与M5-BASE提供；只修正用户怎样给予、请求、接收和回馈，不直接判断双方现实交换质量。,M2只说明进入关系所需资格证据；不能替代长期双向交换、负荷与修复验证。,M3-BASE、EXPR、CARE和BOUND提供用户自然互动通道；M5-EXCHANGE负责把两人的实际行为合成为交换结构。,无／按本规则指定的给予—请求—接收—反馈—重订路径路由。,近位、远位只修正该交换需求进入亲密关系核心的可能；不得据此判断具体伴侣现实中一定配合。,根气只修正用户交换需求和通道是否稳定重复，不等于双方已形成成熟互惠。,旺弱只修正通道调用强度、抢位或缺位风险，不直接等于交换公平或关系质量。,喜忌只修正调用顺畅度与摩擦，不可直接翻译为理想伴侣五行、十神或必然互补。,真合化成立时按化神功能重算用户交换需求；合化争议时停止细化交换通道。,近位提高该交换议题进入关系核心的可能；远位只保留背景或阶段性观察。,84,+8 请求证据,request_style,提出需要时说明希望共同商量什么、哪些部分仍由自己决定。,提出需要时，适合采用：提出需要时说明希望共同商量什么、哪些部分仍由自己决定。,不得仅凭本规则推出双方一定公平、相爱、忠诚、长期稳定或适合结婚；不得把付出多少直接等同爱多少；不得以命理要求单方牺牲、立即回报、原谅、复合或继续关系。现实安全、同意、持续行为、反例与双方协商优先。,中,待验证,,exchange_channel=EC01; ten_god=比肩; provisional=true; rule_group=EXCHANGE-EC通道,0.4
M5-EXCHANGE-024,EC01 平等参与｜接收方式,L1 十类双向交换通道,EXCHANGE-EC通道,通用,接收,EC01 平等参与,比肩,存在接受帮助、回应或资源的资料。,把接受支持自动解释为依赖或债务。,由共享基础引擎、M3与M5-BASE提供；只修正用户怎样给予、请求、接收和回馈，不直接判断双方现实交换质量。,M2只说明进入关系所需资格证据；不能替代长期双向交换、负荷与修复验证。,M3-BASE、EXPR、CARE和BOUND提供用户自然互动通道；M5-EXCHANGE负责把两人的实际行为合成为交换结构。,无／按本规则指定的给予—请求—接收—反馈—重订路径路由。,近位、远位只修正该交换需求进入亲密关系核心的可能；不得据此判断具体伴侣现实中一定配合。,根气只修正用户交换需求和通道是否稳定重复，不等于双方已形成成熟互惠。,旺弱只修正通道调用强度、抢位或缺位风险，不直接等于交换公平或关系质量。,喜忌只修正调用顺畅度与摩擦，不可直接翻译为理想伴侣五行、十神或必然互补。,真合化成立时按化神功能重算用户交换需求；合化争议时停止细化交换通道。,近位提高该交换议题进入关系核心的可能；远位只保留背景或阶段性观察。,84,+8 接收证据,receiving_style,接受帮助时保留表达、修改和拒绝权，也能明确承认对方的投入。,接收支持时，重点是：接受帮助时保留表达、修改和拒绝权，也能明确承认对方的投入。,不得仅凭本规则推出双方一定公平、相爱、忠诚、长期稳定或适合结婚；不得把付出多少直接等同爱多少；不得以命理要求单方牺牲、立即回报、原谅、复合或继续关系。现实安全、同意、持续行为、反例与双方协商优先。,中,待验证,,exchange_channel=EC01; ten_god=比肩; provisional=true; rule_group=EXCHANGE-EC通道,0.4
M5-EXCHANGE-025,EC01 平等参与｜回馈方式,L1 十类双向交换通道,EXCHANGE-EC通道,通用,回馈,EC01 平等参与,比肩,存在后续回应、错峰回流或其他领域贡献。,要求立即、同领域、等量回报。,由共享基础引擎、M3与M5-BASE提供；只修正用户怎样给予、请求、接收和回馈，不直接判断双方现实交换质量。,M2只说明进入关系所需资格证据；不能替代长期双向交换、负荷与修复验证。,M3-BASE、EXPR、CARE和BOUND提供用户自然互动通道；M5-EXCHANGE负责把两人的实际行为合成为交换结构。,无／按本规则指定的给予—请求—接收—反馈—重订路径路由。,近位、远位只修正该交换需求进入亲密关系核心的可能；不得据此判断具体伴侣现实中一定配合。,根气只修正用户交换需求和通道是否稳定重复，不等于双方已形成成熟互惠。,旺弱只修正通道调用强度、抢位或缺位风险，不直接等于交换公平或关系质量。,喜忌只修正调用顺畅度与摩擦，不可直接翻译为理想伴侣五行、十神或必然互补。,真合化成立时按化神功能重算用户交换需求；合化争议时停止细化交换通道。,近位提高该交换议题进入关系核心的可能；远位只保留背景或阶段性观察。,82,+8 回馈证据,reciprocity_style,回馈不必逐项等量，但会在共同事务、信息和责任中稳定参与。,回馈不必完全相同，可以通过：回馈不必逐项等量，但会在共同事务、信息和责任中稳定参与。,不得仅凭本规则推出双方一定公平、相爱、忠诚、长期稳定或适合结婚；不得把付出多少直接等同爱多少；不得以命理要求单方牺牲、立即回报、原谅、复合或继续关系。现实安全、同意、持续行为、反例与双方协商优先。,中,待验证,,exchange_channel=EC01; ten_god=比肩; provisional=true; rule_group=EXCHANGE-EC通道,0.4
M5-EXCHANGE-026,EC01 平等参与｜成熟双向表达,L1 十类双向交换通道,EXCHANGE-EC通道,通用,成熟,EC01 平等参与,比肩,XV4以上，且ED02、ED03、ED09至少两项可靠。,只有一方能力或一次事件。,由共享基础引擎、M3与M5-BASE提供；只修正用户怎样给予、请求、接收和回馈，不直接判断双方现实交换质量。,M2只说明进入关系所需资格证据；不能替代长期双向交换、负荷与修复验证。,M3-BASE、EXPR、CARE和BOUND提供用户自然互动通道；M5-EXCHANGE负责把两人的实际行为合成为交换结构。,无／按本规则指定的给予—请求—接收—反馈—重订路径路由。,近位、远位只修正该交换需求进入亲密关系核心的可能；不得据此判断具体伴侣现实中一定配合。,根气只修正用户交换需求和通道是否稳定重复，不等于双方已形成成熟互惠。,旺弱只修正通道调用强度、抢位或缺位风险，不直接等于交换公平或关系质量。,喜忌只修正调用顺畅度与摩擦，不可直接翻译为理想伴侣五行、十神或必然互补。,真合化成立时按化神功能重算用户交换需求；合化争议时停止细化交换通道。,近位提高该交换议题进入关系核心的可能；远位只保留背景或阶段性观察。,90,成熟 +14,mature_exchange_profile,双方都能提出需要、参与决定、承认贡献，并在分工变化时重新协商。,成熟交换通常表现为：双方都能提出需要、参与决定、承认贡献，并在分工变化时重新协商。,不得仅凭本规则推出双方一定公平、相爱、忠诚、长期稳定或适合结婚；不得把付出多少直接等同爱多少；不得以命理要求单方牺牲、立即回报、原谅、复合或继续关系。现实安全、同意、持续行为、反例与双方协商优先。,中高,待验证,,exchange_channel=EC01; ten_god=比肩; provisional=true; rule_group=EXCHANGE-EC通道,0.4
M5-EXCHANGE-027,EC01 平等参与｜失衡与替代候选,L1 十类双向交换通道,EXCHANGE-EC通道,通用,风险,EC01 平等参与,比肩,现实资料显示抢位、替代、负荷或反馈断点。,只有通道强度，没有第二类失衡证据。,由共享基础引擎、M3与M5-BASE提供；只修正用户怎样给予、请求、接收和回馈，不直接判断双方现实交换质量。,M2只说明进入关系所需资格证据；不能替代长期双向交换、负荷与修复验证。,M3-BASE、EXPR、CARE和BOUND提供用户自然互动通道；M5-EXCHANGE负责把两人的实际行为合成为交换结构。,无／按本规则指定的给予—请求—接收—反馈—重订路径路由。,近位、远位只修正该交换需求进入亲密关系核心的可能；不得据此判断具体伴侣现实中一定配合。,根气只修正用户交换需求和通道是否稳定重复，不等于双方已形成成熟互惠。,旺弱只修正通道调用强度、抢位或缺位风险，不直接等于交换公平或关系质量。,喜忌只修正调用顺畅度与摩擦，不可直接翻译为理想伴侣五行、十神或必然互补。,真合化成立时按化神功能重算用户交换需求；合化争议时停止细化交换通道。,近位提高该交换议题进入关系核心的可能；远位只保留背景或阶段性观察。,88,风险 +12,exchange_risk_warning,容易把公平做成机械对半、逐项比较，或因害怕欠人情而拒绝接受支持。,需要留意：容易把公平做成机械对半、逐项比较，或因害怕欠人情而拒绝接受支持。,不得仅凭本规则推出双方一定公平、相爱、忠诚、长期稳定或适合结婚；不得把付出多少直接等同爱多少；不得以命理要求单方牺牲、立即回报、原谅、复合或继续关系。现实安全、同意、持续行为、反例与双方协商优先。,中高,待验证,,exchange_channel=EC01; ten_god=比肩; provisional=true; rule_group=EXCHANGE-EC通道,0.4
M5-EXCHANGE-028,EC01 平等参与｜关键观察与用户输出,L1 十类双向交换通道,EXCHANGE-EC通道,通用,输出,EC01 平等参与,比肩,已形成主或次EC候选。,XR08停止或资料严重不足。,由共享基础引擎、M3与M5-BASE提供；只修正用户怎样给予、请求、接收和回馈，不直接判断双方现实交换质量。,M2只说明进入关系所需资格证据；不能替代长期双向交换、负荷与修复验证。,M3-BASE、EXPR、CARE和BOUND提供用户自然互动通道；M5-EXCHANGE负责把两人的实际行为合成为交换结构。,无／按本规则指定的给予—请求—接收—反馈—重订路径路由。,近位、远位只修正该交换需求进入亲密关系核心的可能；不得据此判断具体伴侣现实中一定配合。,根气只修正用户交换需求和通道是否稳定重复，不等于双方已形成成熟互惠。,旺弱只修正通道调用强度、抢位或缺位风险，不直接等于交换公平或关系质量。,喜忌只修正调用顺畅度与摩擦，不可直接翻译为理想伴侣五行、十神或必然互补。,真合化成立时按化神功能重算用户交换需求；合化争议时停止细化交换通道。,近位提高该交换议题进入关系核心的可能；远位只保留背景或阶段性观察。,76,不加分；输出,observation_plan,意见不同、贡献不等量或需要承担代价时，双方是否仍保留平等参与和重订空间。,意见不同、贡献不等量或需要承担代价时，双方是否仍保留平等参与和重订空间。,不得仅凭本规则推出双方一定公平、相爱、忠诚、长期稳定或适合结婚；不得把付出多少直接等同爱多少；不得以命理要求单方牺牲、立即回报、原谅、复合或继续关系。现实安全、同意、持续行为、反例与双方协商优先。,中高,待验证,,exchange_channel=EC01; ten_god=比肩; provisional=true; rule_group=EXCHANGE-EC通道,0.4
M5-EXCHANGE-029,EC02 即时协作｜通道定义,L1 十类双向交换通道,EXCHANGE-EC通道,通用,基础,EC02 即时协作,劫财,M5-BASE或PARTNER将该FN路由为主／次交换功能。,安全门控未通过或该通道只属PR3且与主风险冲突。,由共享基础引擎、M3与M5-BASE提供；只修正用户怎样给予、请求、接收和回馈，不直接判断双方现实交换质量。,M2只说明进入关系所需资格证据；不能替代长期双向交换、负荷与修复验证。,M3-BASE、EXPR、CARE和BOUND提供用户自然互动通道；M5-EXCHANGE负责把两人的实际行为合成为交换结构。,无／按本规则指定的给予—请求—接收—反馈—重订路径路由。,近位、远位只修正该交换需求进入亲密关系核心的可能；不得据此判断具体伴侣现实中一定配合。,根气只修正用户交换需求和通道是否稳定重复，不等于双方已形成成熟互惠。,旺弱只修正通道调用强度、抢位或缺位风险，不直接等于交换公平或关系质量。,喜忌只修正调用顺畅度与摩擦，不可直接翻译为理想伴侣五行、十神或必然互补。,真合化成立时按化神功能重算用户交换需求；合化争议时停止细化交换通道。,近位提高该交换议题进入关系核心的可能；远位只保留背景或阶段性观察。,94,主通道候选 +18,primary_exchange_channel,EC02 即时协作将劫财功能转译为双人交换通道。,你需要的是能一起做事的人，同时还要把责任范围和后续说清楚。,不得仅凭本规则推出双方一定公平、相爱、忠诚、长期稳定或适合结婚；不得把付出多少直接等同爱多少；不得以命理要求单方牺牲、立即回报、原谅、复合或继续关系。现实安全、同意、持续行为、反例与双方协商优先。,中高,待验证,,exchange_channel=EC02; ten_god=劫财; provisional=true; rule_group=EXCHANGE-EC通道,0.4
M5-EXCHANGE-030,EC02 即时协作｜给予方式,L1 十类双向交换通道,EXCHANGE-EC通道,通用,给予,EC02 即时协作,劫财,存在一方主动提供该类支持的现实资料。,只有自述、身份或一次高光。,由共享基础引擎、M3与M5-BASE提供；只修正用户怎样给予、请求、接收和回馈，不直接判断双方现实交换质量。,M2只说明进入关系所需资格证据；不能替代长期双向交换、负荷与修复验证。,M3-BASE、EXPR、CARE和BOUND提供用户自然互动通道；M5-EXCHANGE负责把两人的实际行为合成为交换结构。,无／按本规则指定的给予—请求—接收—反馈—重订路径路由。,近位、远位只修正该交换需求进入亲密关系核心的可能；不得据此判断具体伴侣现实中一定配合。,根气只修正用户交换需求和通道是否稳定重复，不等于双方已形成成熟互惠。,旺弱只修正通道调用强度、抢位或缺位风险，不直接等于交换公平或关系质量。,喜忌只修正调用顺畅度与摩擦，不可直接翻译为理想伴侣五行、十神或必然互补。,真合化成立时按化神功能重算用户交换需求；合化争议时停止细化交换通道。,近位提高该交换议题进入关系核心的可能；远位只保留背景或阶段性观察。,84,+8 给予证据,giving_style,在事情发生时快速加入、补位、调动资源并共同执行。,给予方面，较成熟的表现是：在事情发生时快速加入、补位、调动资源并共同执行。,不得仅凭本规则推出双方一定公平、相爱、忠诚、长期稳定或适合结婚；不得把付出多少直接等同爱多少；不得以命理要求单方牺牲、立即回报、原谅、复合或继续关系。现实安全、同意、持续行为、反例与双方协商优先。,中,待验证,,exchange_channel=EC02; ten_god=劫财; provisional=true; rule_group=EXCHANGE-EC通道,0.4
M5-EXCHANGE-031,EC02 即时协作｜请求方式,L1 十类双向交换通道,EXCHANGE-EC通道,通用,请求,EC02 即时协作,劫财,存在提出需要、协商支持或分工的资料。,只通过暗示、测试或事后抱怨推断。,由共享基础引擎、M3与M5-BASE提供；只修正用户怎样给予、请求、接收和回馈，不直接判断双方现实交换质量。,M2只说明进入关系所需资格证据；不能替代长期双向交换、负荷与修复验证。,M3-BASE、EXPR、CARE和BOUND提供用户自然互动通道；M5-EXCHANGE负责把两人的实际行为合成为交换结构。,无／按本规则指定的给予—请求—接收—反馈—重订路径路由。,近位、远位只修正该交换需求进入亲密关系核心的可能；不得据此判断具体伴侣现实中一定配合。,根气只修正用户交换需求和通道是否稳定重复，不等于双方已形成成熟互惠。,旺弱只修正通道调用强度、抢位或缺位风险，不直接等于交换公平或关系质量。,喜忌只修正调用顺畅度与摩擦，不可直接翻译为理想伴侣五行、十神或必然互补。,真合化成立时按化神功能重算用户交换需求；合化争议时停止细化交换通道。,近位提高该交换议题进入关系核心的可能；远位只保留背景或阶段性观察。,84,+8 请求证据,request_style,需要帮助时直接说明任务、时限和责任范围，避免只靠临时默契。,提出需要时，适合采用：需要帮助时直接说明任务、时限和责任范围，避免只靠临时默契。,不得仅凭本规则推出双方一定公平、相爱、忠诚、长期稳定或适合结婚；不得把付出多少直接等同爱多少；不得以命理要求单方牺牲、立即回报、原谅、复合或继续关系。现实安全、同意、持续行为、反例与双方协商优先。,中,待验证,,exchange_channel=EC02; ten_god=劫财; provisional=true; rule_group=EXCHANGE-EC通道,0.4
M5-EXCHANGE-032,EC02 即时协作｜接收方式,L1 十类双向交换通道,EXCHANGE-EC通道,通用,接收,EC02 即时协作,劫财,存在接受帮助、回应或资源的资料。,把接受支持自动解释为依赖或债务。,由共享基础引擎、M3与M5-BASE提供；只修正用户怎样给予、请求、接收和回馈，不直接判断双方现实交换质量。,M2只说明进入关系所需资格证据；不能替代长期双向交换、负荷与修复验证。,M3-BASE、EXPR、CARE和BOUND提供用户自然互动通道；M5-EXCHANGE负责把两人的实际行为合成为交换结构。,无／按本规则指定的给予—请求—接收—反馈—重订路径路由。,近位、远位只修正该交换需求进入亲密关系核心的可能；不得据此判断具体伴侣现实中一定配合。,根气只修正用户交换需求和通道是否稳定重复，不等于双方已形成成熟互惠。,旺弱只修正通道调用强度、抢位或缺位风险，不直接等于交换公平或关系质量。,喜忌只修正调用顺畅度与摩擦，不可直接翻译为理想伴侣五行、十神或必然互补。,真合化成立时按化神功能重算用户交换需求；合化争议时停止细化交换通道。,近位提高该交换议题进入关系核心的可能；远位只保留背景或阶段性观察。,84,+8 接收证据,receiving_style,能够接受对方迅速介入，同时确认权限、持续时间和后续交接。,接收支持时，重点是：能够接受对方迅速介入，同时确认权限、持续时间和后续交接。,不得仅凭本规则推出双方一定公平、相爱、忠诚、长期稳定或适合结婚；不得把付出多少直接等同爱多少；不得以命理要求单方牺牲、立即回报、原谅、复合或继续关系。现实安全、同意、持续行为、反例与双方协商优先。,中,待验证,,exchange_channel=EC02; ten_god=劫财; provisional=true; rule_group=EXCHANGE-EC通道,0.4
M5-EXCHANGE-033,EC02 即时协作｜回馈方式,L1 十类双向交换通道,EXCHANGE-EC通道,通用,回馈,EC02 即时协作,劫财,存在后续回应、错峰回流或其他领域贡献。,要求立即、同领域、等量回报。,由共享基础引擎、M3与M5-BASE提供；只修正用户怎样给予、请求、接收和回馈，不直接判断双方现实交换质量。,M2只说明进入关系所需资格证据；不能替代长期双向交换、负荷与修复验证。,M3-BASE、EXPR、CARE和BOUND提供用户自然互动通道；M5-EXCHANGE负责把两人的实际行为合成为交换结构。,无／按本规则指定的给予—请求—接收—反馈—重订路径路由。,近位、远位只修正该交换需求进入亲密关系核心的可能；不得据此判断具体伴侣现实中一定配合。,根气只修正用户交换需求和通道是否稳定重复，不等于双方已形成成熟互惠。,旺弱只修正通道调用强度、抢位或缺位风险，不直接等于交换公平或关系质量。,喜忌只修正调用顺畅度与摩擦，不可直接翻译为理想伴侣五行、十神或必然互补。,真合化成立时按化神功能重算用户交换需求；合化争议时停止细化交换通道。,近位提高该交换议题进入关系核心的可能；远位只保留背景或阶段性观察。,82,+8 回馈证据,reciprocity_style,通过共同执行、后续跟进或在另一阶段接力回馈，而非只看当下等量。,回馈不必完全相同，可以通过：通过共同执行、后续跟进或在另一阶段接力回馈，而非只看当下等量。,不得仅凭本规则推出双方一定公平、相爱、忠诚、长期稳定或适合结婚；不得把付出多少直接等同爱多少；不得以命理要求单方牺牲、立即回报、原谅、复合或继续关系。现实安全、同意、持续行为、反例与双方协商优先。,中,待验证,,exchange_channel=EC02; ten_god=劫财; provisional=true; rule_group=EXCHANGE-EC通道,0.4
M5-EXCHANGE-034,EC02 即时协作｜成熟双向表达,L1 十类双向交换通道,EXCHANGE-EC通道,通用,成熟,EC02 即时协作,劫财,XV4以上，且ED02、ED03、ED09至少两项可靠。,只有一方能力或一次事件。,由共享基础引擎、M3与M5-BASE提供；只修正用户怎样给予、请求、接收和回馈，不直接判断双方现实交换质量。,M2只说明进入关系所需资格证据；不能替代长期双向交换、负荷与修复验证。,M3-BASE、EXPR、CARE和BOUND提供用户自然互动通道；M5-EXCHANGE负责把两人的实际行为合成为交换结构。,无／按本规则指定的给予—请求—接收—反馈—重订路径路由。,近位、远位只修正该交换需求进入亲密关系核心的可能；不得据此判断具体伴侣现实中一定配合。,根气只修正用户交换需求和通道是否稳定重复，不等于双方已形成成熟互惠。,旺弱只修正通道调用强度、抢位或缺位风险，不直接等于交换公平或关系质量。,喜忌只修正调用顺畅度与摩擦，不可直接翻译为理想伴侣五行、十神或必然互补。,真合化成立时按化神功能重算用户交换需求；合化争议时停止细化交换通道。,近位提高该交换议题进入关系核心的可能；远位只保留背景或阶段性观察。,90,成熟 +14,mature_exchange_profile,反应快，也会说明范围、持续跟进并在热度下降后完成交接。,成熟交换通常表现为：反应快，也会说明范围、持续跟进并在热度下降后完成交接。,不得仅凭本规则推出双方一定公平、相爱、忠诚、长期稳定或适合结婚；不得把付出多少直接等同爱多少；不得以命理要求单方牺牲、立即回报、原谅、复合或继续关系。现实安全、同意、持续行为、反例与双方协商优先。,中高,待验证,,exchange_channel=EC02; ten_god=劫财; provisional=true; rule_group=EXCHANGE-EC通道,0.4
M5-EXCHANGE-035,EC02 即时协作｜失衡与替代候选,L1 十类双向交换通道,EXCHANGE-EC通道,通用,风险,EC02 即时协作,劫财,现实资料显示抢位、替代、负荷或反馈断点。,只有通道强度，没有第二类失衡证据。,由共享基础引擎、M3与M5-BASE提供；只修正用户怎样给予、请求、接收和回馈，不直接判断双方现实交换质量。,M2只说明进入关系所需资格证据；不能替代长期双向交换、负荷与修复验证。,M3-BASE、EXPR、CARE和BOUND提供用户自然互动通道；M5-EXCHANGE负责把两人的实际行为合成为交换结构。,无／按本规则指定的给予—请求—接收—反馈—重订路径路由。,近位、远位只修正该交换需求进入亲密关系核心的可能；不得据此判断具体伴侣现实中一定配合。,根气只修正用户交换需求和通道是否稳定重复，不等于双方已形成成熟互惠。,旺弱只修正通道调用强度、抢位或缺位风险，不直接等于交换公平或关系质量。,喜忌只修正调用顺畅度与摩擦，不可直接翻译为理想伴侣五行、十神或必然互补。,真合化成立时按化神功能重算用户交换需求；合化争议时停止细化交换通道。,近位提高该交换议题进入关系核心的可能；远位只保留背景或阶段性观察。,88,风险 +12,exchange_risk_warning,初期参与感强，但范围不清、容易包办、资源边界模糊或后续跟进不足。,需要留意：初期参与感强，但范围不清、容易包办、资源边界模糊或后续跟进不足。,不得仅凭本规则推出双方一定公平、相爱、忠诚、长期稳定或适合结婚；不得把付出多少直接等同爱多少；不得以命理要求单方牺牲、立即回报、原谅、复合或继续关系。现实安全、同意、持续行为、反例与双方协商优先。,中高,待验证,,exchange_channel=EC02; ten_god=劫财; provisional=true; rule_group=EXCHANGE-EC通道,0.4
M5-EXCHANGE-036,EC02 即时协作｜关键观察与用户输出,L1 十类双向交换通道,EXCHANGE-EC通道,通用,输出,EC02 即时协作,劫财,已形成主或次EC候选。,XR08停止或资料严重不足。,由共享基础引擎、M3与M5-BASE提供；只修正用户怎样给予、请求、接收和回馈，不直接判断双方现实交换质量。,M2只说明进入关系所需资格证据；不能替代长期双向交换、负荷与修复验证。,M3-BASE、EXPR、CARE和BOUND提供用户自然互动通道；M5-EXCHANGE负责把两人的实际行为合成为交换结构。,无／按本规则指定的给予—请求—接收—反馈—重订路径路由。,近位、远位只修正该交换需求进入亲密关系核心的可能；不得据此判断具体伴侣现实中一定配合。,根气只修正用户交换需求和通道是否稳定重复，不等于双方已形成成熟互惠。,旺弱只修正通道调用强度、抢位或缺位风险，不直接等于交换公平或关系质量。,喜忌只修正调用顺畅度与摩擦，不可直接翻译为理想伴侣五行、十神或必然互补。,真合化成立时按化神功能重算用户交换需求；合化争议时停止细化交换通道。,近位提高该交换议题进入关系核心的可能；远位只保留背景或阶段性观察。,76,不加分；输出,observation_plan,突发事件过后，参与是否仍持续，责任和资源是否得到清楚交接。,突发事件过后，参与是否仍持续，责任和资源是否得到清楚交接。,不得仅凭本规则推出双方一定公平、相爱、忠诚、长期稳定或适合结婚；不得把付出多少直接等同爱多少；不得以命理要求单方牺牲、立即回报、原谅、复合或继续关系。现实安全、同意、持续行为、反例与双方协商优先。,中高,待验证,,exchange_channel=EC02; ten_god=劫财; provisional=true; rule_group=EXCHANGE-EC通道,0.4
M5-EXCHANGE-037,EC03 舒缓照料｜通道定义,L1 十类双向交换通道,EXCHANGE-EC通道,通用,基础,EC03 舒缓照料,食神,M5-BASE或PARTNER将该FN路由为主／次交换功能。,安全门控未通过或该通道只属PR3且与主风险冲突。,由共享基础引擎、M3与M5-BASE提供；只修正用户怎样给予、请求、接收和回馈，不直接判断双方现实交换质量。,M2只说明进入关系所需资格证据；不能替代长期双向交换、负荷与修复验证。,M3-BASE、EXPR、CARE和BOUND提供用户自然互动通道；M5-EXCHANGE负责把两人的实际行为合成为交换结构。,无／按本规则指定的给予—请求—接收—反馈—重订路径路由。,近位、远位只修正该交换需求进入亲密关系核心的可能；不得据此判断具体伴侣现实中一定配合。,根气只修正用户交换需求和通道是否稳定重复，不等于双方已形成成熟互惠。,旺弱只修正通道调用强度、抢位或缺位风险，不直接等于交换公平或关系质量。,喜忌只修正调用顺畅度与摩擦，不可直接翻译为理想伴侣五行、十神或必然互补。,真合化成立时按化神功能重算用户交换需求；合化争议时停止细化交换通道。,近位提高该交换议题进入关系核心的可能；远位只保留背景或阶段性观察。,94,主通道候选 +18,primary_exchange_channel,EC03 舒缓照料将食神功能转译为双人交换通道。,温和和陪伴很重要，但真正适配还要看双方能否在舒服之后继续处理问题。,不得仅凭本规则推出双方一定公平、相爱、忠诚、长期稳定或适合结婚；不得把付出多少直接等同爱多少；不得以命理要求单方牺牲、立即回报、原谅、复合或继续关系。现实安全、同意、持续行为、反例与双方协商优先。,中高,待验证,,exchange_channel=EC03; ten_god=食神; provisional=true; rule_group=EXCHANGE-EC通道,0.4
M5-EXCHANGE-038,EC03 舒缓照料｜给予方式,L1 十类双向交换通道,EXCHANGE-EC通道,通用,给予,EC03 舒缓照料,食神,存在一方主动提供该类支持的现实资料。,只有自述、身份或一次高光。,由共享基础引擎、M3与M5-BASE提供；只修正用户怎样给予、请求、接收和回馈，不直接判断双方现实交换质量。,M2只说明进入关系所需资格证据；不能替代长期双向交换、负荷与修复验证。,M3-BASE、EXPR、CARE和BOUND提供用户自然互动通道；M5-EXCHANGE负责把两人的实际行为合成为交换结构。,无／按本规则指定的给予—请求—接收—反馈—重订路径路由。,近位、远位只修正该交换需求进入亲密关系核心的可能；不得据此判断具体伴侣现实中一定配合。,根气只修正用户交换需求和通道是否稳定重复，不等于双方已形成成熟互惠。,旺弱只修正通道调用强度、抢位或缺位风险，不直接等于交换公平或关系质量。,喜忌只修正调用顺畅度与摩擦，不可直接翻译为理想伴侣五行、十神或必然互补。,真合化成立时按化神功能重算用户交换需求；合化争议时停止细化交换通道。,近位提高该交换议题进入关系核心的可能；远位只保留背景或阶段性观察。,84,+8 给予证据,giving_style,通过陪伴、生活照顾、情绪安抚和低压力互动提供支持。,给予方面，较成熟的表现是：通过陪伴、生活照顾、情绪安抚和低压力互动提供支持。,不得仅凭本规则推出双方一定公平、相爱、忠诚、长期稳定或适合结婚；不得把付出多少直接等同爱多少；不得以命理要求单方牺牲、立即回报、原谅、复合或继续关系。现实安全、同意、持续行为、反例与双方协商优先。,中,待验证,,exchange_channel=EC03; ten_god=食神; provisional=true; rule_group=EXCHANGE-EC通道,0.4
M5-EXCHANGE-039,EC03 舒缓照料｜请求方式,L1 十类双向交换通道,EXCHANGE-EC通道,通用,请求,EC03 舒缓照料,食神,存在提出需要、协商支持或分工的资料。,只通过暗示、测试或事后抱怨推断。,由共享基础引擎、M3与M5-BASE提供；只修正用户怎样给予、请求、接收和回馈，不直接判断双方现实交换质量。,M2只说明进入关系所需资格证据；不能替代长期双向交换、负荷与修复验证。,M3-BASE、EXPR、CARE和BOUND提供用户自然互动通道；M5-EXCHANGE负责把两人的实际行为合成为交换结构。,无／按本规则指定的给予—请求—接收—反馈—重订路径路由。,近位、远位只修正该交换需求进入亲密关系核心的可能；不得据此判断具体伴侣现实中一定配合。,根气只修正用户交换需求和通道是否稳定重复，不等于双方已形成成熟互惠。,旺弱只修正通道调用强度、抢位或缺位风险，不直接等于交换公平或关系质量。,喜忌只修正调用顺畅度与摩擦，不可直接翻译为理想伴侣五行、十神或必然互补。,真合化成立时按化神功能重算用户交换需求；合化争议时停止细化交换通道。,近位提高该交换议题进入关系核心的可能；远位只保留背景或阶段性观察。,84,+8 请求证据,request_style,更适合清楚说明希望被陪伴、被安抚还是暂时降低强度。,提出需要时，适合采用：更适合清楚说明希望被陪伴、被安抚还是暂时降低强度。,不得仅凭本规则推出双方一定公平、相爱、忠诚、长期稳定或适合结婚；不得把付出多少直接等同爱多少；不得以命理要求单方牺牲、立即回报、原谅、复合或继续关系。现实安全、同意、持续行为、反例与双方协商优先。,中,待验证,,exchange_channel=EC03; ten_god=食神; provisional=true; rule_group=EXCHANGE-EC通道,0.4
M5-EXCHANGE-040,EC03 舒缓照料｜接收方式,L1 十类双向交换通道,EXCHANGE-EC通道,通用,接收,EC03 舒缓照料,食神,存在接受帮助、回应或资源的资料。,把接受支持自动解释为依赖或债务。,由共享基础引擎、M3与M5-BASE提供；只修正用户怎样给予、请求、接收和回馈，不直接判断双方现实交换质量。,M2只说明进入关系所需资格证据；不能替代长期双向交换、负荷与修复验证。,M3-BASE、EXPR、CARE和BOUND提供用户自然互动通道；M5-EXCHANGE负责把两人的实际行为合成为交换结构。,无／按本规则指定的给予—请求—接收—反馈—重订路径路由。,近位、远位只修正该交换需求进入亲密关系核心的可能；不得据此判断具体伴侣现实中一定配合。,根气只修正用户交换需求和通道是否稳定重复，不等于双方已形成成熟互惠。,旺弱只修正通道调用强度、抢位或缺位风险，不直接等于交换公平或关系质量。,喜忌只修正调用顺畅度与摩擦，不可直接翻译为理想伴侣五行、十神或必然互补。,真合化成立时按化神功能重算用户交换需求；合化争议时停止细化交换通道。,近位提高该交换议题进入关系核心的可能；远位只保留背景或阶段性观察。,84,+8 接收证据,receiving_style,能够接住温和照顾，不用自我否定或立即补偿来回应。,接收支持时，重点是：能够接住温和照顾，不用自我否定或立即补偿来回应。,不得仅凭本规则推出双方一定公平、相爱、忠诚、长期稳定或适合结婚；不得把付出多少直接等同爱多少；不得以命理要求单方牺牲、立即回报、原谅、复合或继续关系。现实安全、同意、持续行为、反例与双方协商优先。,中,待验证,,exchange_channel=EC03; ten_god=食神; provisional=true; rule_group=EXCHANGE-EC通道,0.4
M5-EXCHANGE-041,EC03 舒缓照料｜回馈方式,L1 十类双向交换通道,EXCHANGE-EC通道,通用,回馈,EC03 舒缓照料,食神,存在后续回应、错峰回流或其他领域贡献。,要求立即、同领域、等量回报。,由共享基础引擎、M3与M5-BASE提供；只修正用户怎样给予、请求、接收和回馈，不直接判断双方现实交换质量。,M2只说明进入关系所需资格证据；不能替代长期双向交换、负荷与修复验证。,M3-BASE、EXPR、CARE和BOUND提供用户自然互动通道；M5-EXCHANGE负责把两人的实际行为合成为交换结构。,无／按本规则指定的给予—请求—接收—反馈—重订路径路由。,近位、远位只修正该交换需求进入亲密关系核心的可能；不得据此判断具体伴侣现实中一定配合。,根气只修正用户交换需求和通道是否稳定重复，不等于双方已形成成熟互惠。,旺弱只修正通道调用强度、抢位或缺位风险，不直接等于交换公平或关系质量。,喜忌只修正调用顺畅度与摩擦，不可直接翻译为理想伴侣五行、十神或必然互补。,真合化成立时按化神功能重算用户交换需求；合化争议时停止细化交换通道。,近位提高该交换议题进入关系核心的可能；远位只保留背景或阶段性观察。,82,+8 回馈证据,reciprocity_style,通过稳定陪伴、生活关心和恢复后重新进入问题处理形成回馈。,回馈不必完全相同，可以通过：通过稳定陪伴、生活关心和恢复后重新进入问题处理形成回馈。,不得仅凭本规则推出双方一定公平、相爱、忠诚、长期稳定或适合结婚；不得把付出多少直接等同爱多少；不得以命理要求单方牺牲、立即回报、原谅、复合或继续关系。现实安全、同意、持续行为、反例与双方协商优先。,中,待验证,,exchange_channel=EC03; ten_god=食神; provisional=true; rule_group=EXCHANGE-EC通道,0.4
M5-EXCHANGE-042,EC03 舒缓照料｜成熟双向表达,L1 十类双向交换通道,EXCHANGE-EC通道,通用,成熟,EC03 舒缓照料,食神,XV4以上，且ED02、ED03、ED09至少两项可靠。,只有一方能力或一次事件。,由共享基础引擎、M3与M5-BASE提供；只修正用户怎样给予、请求、接收和回馈，不直接判断双方现实交换质量。,M2只说明进入关系所需资格证据；不能替代长期双向交换、负荷与修复验证。,M3-BASE、EXPR、CARE和BOUND提供用户自然互动通道；M5-EXCHANGE负责把两人的实际行为合成为交换结构。,无／按本规则指定的给予—请求—接收—反馈—重订路径路由。,近位、远位只修正该交换需求进入亲密关系核心的可能；不得据此判断具体伴侣现实中一定配合。,根气只修正用户交换需求和通道是否稳定重复，不等于双方已形成成熟互惠。,旺弱只修正通道调用强度、抢位或缺位风险，不直接等于交换公平或关系质量。,喜忌只修正调用顺畅度与摩擦，不可直接翻译为理想伴侣五行、十神或必然互补。,真合化成立时按化神功能重算用户交换需求；合化争议时停止细化交换通道。,近位提高该交换议题进入关系核心的可能；远位只保留背景或阶段性观察。,90,成熟 +14,mature_exchange_profile,既能让关系缓下来，也会在情绪稳定后回到关键问题和现实安排。,成熟交换通常表现为：既能让关系缓下来，也会在情绪稳定后回到关键问题和现实安排。,不得仅凭本规则推出双方一定公平、相爱、忠诚、长期稳定或适合结婚；不得把付出多少直接等同爱多少；不得以命理要求单方牺牲、立即回报、原谅、复合或继续关系。现实安全、同意、持续行为、反例与双方协商优先。,中高,待验证,,exchange_channel=EC03; ten_god=食神; provisional=true; rule_group=EXCHANGE-EC通道,0.4
M5-EXCHANGE-043,EC03 舒缓照料｜失衡与替代候选,L1 十类双向交换通道,EXCHANGE-EC通道,通用,风险,EC03 舒缓照料,食神,现实资料显示抢位、替代、负荷或反馈断点。,只有通道强度，没有第二类失衡证据。,由共享基础引擎、M3与M5-BASE提供；只修正用户怎样给予、请求、接收和回馈，不直接判断双方现实交换质量。,M2只说明进入关系所需资格证据；不能替代长期双向交换、负荷与修复验证。,M3-BASE、EXPR、CARE和BOUND提供用户自然互动通道；M5-EXCHANGE负责把两人的实际行为合成为交换结构。,无／按本规则指定的给予—请求—接收—反馈—重订路径路由。,近位、远位只修正该交换需求进入亲密关系核心的可能；不得据此判断具体伴侣现实中一定配合。,根气只修正用户交换需求和通道是否稳定重复，不等于双方已形成成熟互惠。,旺弱只修正通道调用强度、抢位或缺位风险，不直接等于交换公平或关系质量。,喜忌只修正调用顺畅度与摩擦，不可直接翻译为理想伴侣五行、十神或必然互补。,真合化成立时按化神功能重算用户交换需求；合化争议时停止细化交换通道。,近位提高该交换议题进入关系核心的可能；远位只保留背景或阶段性观察。,88,风险 +12,exchange_risk_warning,把舒服与和谐当成全部，关键议题、责任或边界长期被延后。,需要留意：把舒服与和谐当成全部，关键议题、责任或边界长期被延后。,不得仅凭本规则推出双方一定公平、相爱、忠诚、长期稳定或适合结婚；不得把付出多少直接等同爱多少；不得以命理要求单方牺牲、立即回报、原谅、复合或继续关系。现实安全、同意、持续行为、反例与双方协商优先。,中高,待验证,,exchange_channel=EC03; ten_god=食神; provisional=true; rule_group=EXCHANGE-EC通道,0.4
M5-EXCHANGE-044,EC03 舒缓照料｜关键观察与用户输出,L1 十类双向交换通道,EXCHANGE-EC通道,通用,输出,EC03 舒缓照料,食神,已形成主或次EC候选。,XR08停止或资料严重不足。,由共享基础引擎、M3与M5-BASE提供；只修正用户怎样给予、请求、接收和回馈，不直接判断双方现实交换质量。,M2只说明进入关系所需资格证据；不能替代长期双向交换、负荷与修复验证。,M3-BASE、EXPR、CARE和BOUND提供用户自然互动通道；M5-EXCHANGE负责把两人的实际行为合成为交换结构。,无／按本规则指定的给予—请求—接收—反馈—重订路径路由。,近位、远位只修正该交换需求进入亲密关系核心的可能；不得据此判断具体伴侣现实中一定配合。,根气只修正用户交换需求和通道是否稳定重复，不等于双方已形成成熟互惠。,旺弱只修正通道调用强度、抢位或缺位风险，不直接等于交换公平或关系质量。,喜忌只修正调用顺畅度与摩擦，不可直接翻译为理想伴侣五行、十神或必然互补。,真合化成立时按化神功能重算用户交换需求；合化争议时停止细化交换通道。,近位提高该交换议题进入关系核心的可能；远位只保留背景或阶段性观察。,76,不加分；输出,observation_plan,安抚结束后，双方是否约定回到问题、落实行动并确认彼此需要。,安抚结束后，双方是否约定回到问题、落实行动并确认彼此需要。,不得仅凭本规则推出双方一定公平、相爱、忠诚、长期稳定或适合结婚；不得把付出多少直接等同爱多少；不得以命理要求单方牺牲、立即回报、原谅、复合或继续关系。现实安全、同意、持续行为、反例与双方协商优先。,中高,待验证,,exchange_channel=EC03; ten_god=食神; provisional=true; rule_group=EXCHANGE-EC通道,0.4
M5-EXCHANGE-045,EC04 信息反馈｜通道定义,L1 十类双向交换通道,EXCHANGE-EC通道,通用,基础,EC04 信息反馈,伤官,M5-BASE或PARTNER将该FN路由为主／次交换功能。,安全门控未通过或该通道只属PR3且与主风险冲突。,由共享基础引擎、M3与M5-BASE提供；只修正用户怎样给予、请求、接收和回馈，不直接判断双方现实交换质量。,M2只说明进入关系所需资格证据；不能替代长期双向交换、负荷与修复验证。,M3-BASE、EXPR、CARE和BOUND提供用户自然互动通道；M5-EXCHANGE负责把两人的实际行为合成为交换结构。,无／按本规则指定的给予—请求—接收—反馈—重订路径路由。,近位、远位只修正该交换需求进入亲密关系核心的可能；不得据此判断具体伴侣现实中一定配合。,根气只修正用户交换需求和通道是否稳定重复，不等于双方已形成成熟互惠。,旺弱只修正通道调用强度、抢位或缺位风险，不直接等于交换公平或关系质量。,喜忌只修正调用顺畅度与摩擦，不可直接翻译为理想伴侣五行、十神或必然互补。,真合化成立时按化神功能重算用户交换需求；合化争议时停止细化交换通道。,近位提高该交换议题进入关系核心的可能；远位只保留背景或阶段性观察。,94,主通道候选 +18,primary_exchange_channel,EC04 信息反馈将伤官功能转译为双人交换通道。,会说很重要，更重要的是双方都能听懂、修正并把沟通转成行动。,不得仅凭本规则推出双方一定公平、相爱、忠诚、长期稳定或适合结婚；不得把付出多少直接等同爱多少；不得以命理要求单方牺牲、立即回报、原谅、复合或继续关系。现实安全、同意、持续行为、反例与双方协商优先。,中高,待验证,,exchange_channel=EC04; ten_god=伤官; provisional=true; rule_group=EXCHANGE-EC通道,0.4
M5-EXCHANGE-046,EC04 信息反馈｜给予方式,L1 十类双向交换通道,EXCHANGE-EC通道,通用,给予,EC04 信息反馈,伤官,存在一方主动提供该类支持的现实资料。,只有自述、身份或一次高光。,由共享基础引擎、M3与M5-BASE提供；只修正用户怎样给予、请求、接收和回馈，不直接判断双方现实交换质量。,M2只说明进入关系所需资格证据；不能替代长期双向交换、负荷与修复验证。,M3-BASE、EXPR、CARE和BOUND提供用户自然互动通道；M5-EXCHANGE负责把两人的实际行为合成为交换结构。,无／按本规则指定的给予—请求—接收—反馈—重订路径路由。,近位、远位只修正该交换需求进入亲密关系核心的可能；不得据此判断具体伴侣现实中一定配合。,根气只修正用户交换需求和通道是否稳定重复，不等于双方已形成成熟互惠。,旺弱只修正通道调用强度、抢位或缺位风险，不直接等于交换公平或关系质量。,喜忌只修正调用顺畅度与摩擦，不可直接翻译为理想伴侣五行、十神或必然互补。,真合化成立时按化神功能重算用户交换需求；合化争议时停止细化交换通道。,近位提高该交换议题进入关系核心的可能；远位只保留背景或阶段性观察。,84,+8 给予证据,giving_style,通过解释、提问、复述、信息和观点帮助双方理解问题。,给予方面，较成熟的表现是：通过解释、提问、复述、信息和观点帮助双方理解问题。,不得仅凭本规则推出双方一定公平、相爱、忠诚、长期稳定或适合结婚；不得把付出多少直接等同爱多少；不得以命理要求单方牺牲、立即回报、原谅、复合或继续关系。现实安全、同意、持续行为、反例与双方协商优先。,中,待验证,,exchange_channel=EC04; ten_god=伤官; provisional=true; rule_group=EXCHANGE-EC通道,0.4
M5-EXCHANGE-047,EC04 信息反馈｜请求方式,L1 十类双向交换通道,EXCHANGE-EC通道,通用,请求,EC04 信息反馈,伤官,存在提出需要、协商支持或分工的资料。,只通过暗示、测试或事后抱怨推断。,由共享基础引擎、M3与M5-BASE提供；只修正用户怎样给予、请求、接收和回馈，不直接判断双方现实交换质量。,M2只说明进入关系所需资格证据；不能替代长期双向交换、负荷与修复验证。,M3-BASE、EXPR、CARE和BOUND提供用户自然互动通道；M5-EXCHANGE负责把两人的实际行为合成为交换结构。,无／按本规则指定的给予—请求—接收—反馈—重订路径路由。,近位、远位只修正该交换需求进入亲密关系核心的可能；不得据此判断具体伴侣现实中一定配合。,根气只修正用户交换需求和通道是否稳定重复，不等于双方已形成成熟互惠。,旺弱只修正通道调用强度、抢位或缺位风险，不直接等于交换公平或关系质量。,喜忌只修正调用顺畅度与摩擦，不可直接翻译为理想伴侣五行、十神或必然互补。,真合化成立时按化神功能重算用户交换需求；合化争议时停止细化交换通道。,近位提高该交换议题进入关系核心的可能；远位只保留背景或阶段性观察。,84,+8 请求证据,request_style,需要沟通时说明希望对方倾听、核对、给建议还是一起形成方案。,提出需要时，适合采用：需要沟通时说明希望对方倾听、核对、给建议还是一起形成方案。,不得仅凭本规则推出双方一定公平、相爱、忠诚、长期稳定或适合结婚；不得把付出多少直接等同爱多少；不得以命理要求单方牺牲、立即回报、原谅、复合或继续关系。现实安全、同意、持续行为、反例与双方协商优先。,中,待验证,,exchange_channel=EC04; ten_god=伤官; provisional=true; rule_group=EXCHANGE-EC通道,0.4
M5-EXCHANGE-048,EC04 信息反馈｜接收方式,L1 十类双向交换通道,EXCHANGE-EC通道,通用,接收,EC04 信息反馈,伤官,存在接受帮助、回应或资源的资料。,把接受支持自动解释为依赖或债务。,由共享基础引擎、M3与M5-BASE提供；只修正用户怎样给予、请求、接收和回馈，不直接判断双方现实交换质量。,M2只说明进入关系所需资格证据；不能替代长期双向交换、负荷与修复验证。,M3-BASE、EXPR、CARE和BOUND提供用户自然互动通道；M5-EXCHANGE负责把两人的实际行为合成为交换结构。,无／按本规则指定的给予—请求—接收—反馈—重订路径路由。,近位、远位只修正该交换需求进入亲密关系核心的可能；不得据此判断具体伴侣现实中一定配合。,根气只修正用户交换需求和通道是否稳定重复，不等于双方已形成成熟互惠。,旺弱只修正通道调用强度、抢位或缺位风险，不直接等于交换公平或关系质量。,喜忌只修正调用顺畅度与摩擦，不可直接翻译为理想伴侣五行、十神或必然互补。,真合化成立时按化神功能重算用户交换需求；合化争议时停止细化交换通道。,近位提高该交换议题进入关系核心的可能；远位只保留背景或阶段性观察。,84,+8 接收证据,receiving_style,能够听取不同意见、承认理解偏差，并根据反馈修改表达或行动。,接收支持时，重点是：能够听取不同意见、承认理解偏差，并根据反馈修改表达或行动。,不得仅凭本规则推出双方一定公平、相爱、忠诚、长期稳定或适合结婚；不得把付出多少直接等同爱多少；不得以命理要求单方牺牲、立即回报、原谅、复合或继续关系。现实安全、同意、持续行为、反例与双方协商优先。,中,待验证,,exchange_channel=EC04; ten_god=伤官; provisional=true; rule_group=EXCHANGE-EC通道,0.4
M5-EXCHANGE-049,EC04 信息反馈｜回馈方式,L1 十类双向交换通道,EXCHANGE-EC通道,通用,回馈,EC04 信息反馈,伤官,存在后续回应、错峰回流或其他领域贡献。,要求立即、同领域、等量回报。,由共享基础引擎、M3与M5-BASE提供；只修正用户怎样给予、请求、接收和回馈，不直接判断双方现实交换质量。,M2只说明进入关系所需资格证据；不能替代长期双向交换、负荷与修复验证。,M3-BASE、EXPR、CARE和BOUND提供用户自然互动通道；M5-EXCHANGE负责把两人的实际行为合成为交换结构。,无／按本规则指定的给予—请求—接收—反馈—重订路径路由。,近位、远位只修正该交换需求进入亲密关系核心的可能；不得据此判断具体伴侣现实中一定配合。,根气只修正用户交换需求和通道是否稳定重复，不等于双方已形成成熟互惠。,旺弱只修正通道调用强度、抢位或缺位风险，不直接等于交换公平或关系质量。,喜忌只修正调用顺畅度与摩擦，不可直接翻译为理想伴侣五行、十神或必然互补。,真合化成立时按化神功能重算用户交换需求；合化争议时停止细化交换通道。,近位提高该交换议题进入关系核心的可能；远位只保留背景或阶段性观察。,82,+8 回馈证据,reciprocity_style,通过复述理解、回应重点、调整方案和持续反馈形成双向交换。,回馈不必完全相同，可以通过：通过复述理解、回应重点、调整方案和持续反馈形成双向交换。,不得仅凭本规则推出双方一定公平、相爱、忠诚、长期稳定或适合结婚；不得把付出多少直接等同爱多少；不得以命理要求单方牺牲、立即回报、原谅、复合或继续关系。现实安全、同意、持续行为、反例与双方协商优先。,中,待验证,,exchange_channel=EC04; ten_god=伤官; provisional=true; rule_group=EXCHANGE-EC通道,0.4
M5-EXCHANGE-050,EC04 信息反馈｜成熟双向表达,L1 十类双向交换通道,EXCHANGE-EC通道,通用,成熟,EC04 信息反馈,伤官,XV4以上，且ED02、ED03、ED09至少两项可靠。,只有一方能力或一次事件。,由共享基础引擎、M3与M5-BASE提供；只修正用户怎样给予、请求、接收和回馈，不直接判断双方现实交换质量。,M2只说明进入关系所需资格证据；不能替代长期双向交换、负荷与修复验证。,M3-BASE、EXPR、CARE和BOUND提供用户自然互动通道；M5-EXCHANGE负责把两人的实际行为合成为交换结构。,无／按本规则指定的给予—请求—接收—反馈—重订路径路由。,近位、远位只修正该交换需求进入亲密关系核心的可能；不得据此判断具体伴侣现实中一定配合。,根气只修正用户交换需求和通道是否稳定重复，不等于双方已形成成熟互惠。,旺弱只修正通道调用强度、抢位或缺位风险，不直接等于交换公平或关系质量。,喜忌只修正调用顺畅度与摩擦，不可直接翻译为理想伴侣五行、十神或必然互补。,真合化成立时按化神功能重算用户交换需求；合化争议时停止细化交换通道。,近位提高该交换议题进入关系核心的可能；远位只保留背景或阶段性观察。,90,成熟 +14,mature_exchange_profile,表达清楚、倾听完整、允许修正，并能把理解转成现实下一步。,成熟交换通常表现为：表达清楚、倾听完整、允许修正，并能把理解转成现实下一步。,不得仅凭本规则推出双方一定公平、相爱、忠诚、长期稳定或适合结婚；不得把付出多少直接等同爱多少；不得以命理要求单方牺牲、立即回报、原谅、复合或继续关系。现实安全、同意、持续行为、反例与双方协商优先。,中高,待验证,,exchange_channel=EC04; ten_god=伤官; provisional=true; rule_group=EXCHANGE-EC通道,0.4
M5-EXCHANGE-051,EC04 信息反馈｜失衡与替代候选,L1 十类双向交换通道,EXCHANGE-EC通道,通用,风险,EC04 信息反馈,伤官,现实资料显示抢位、替代、负荷或反馈断点。,只有通道强度，没有第二类失衡证据。,由共享基础引擎、M3与M5-BASE提供；只修正用户怎样给予、请求、接收和回馈，不直接判断双方现实交换质量。,M2只说明进入关系所需资格证据；不能替代长期双向交换、负荷与修复验证。,M3-BASE、EXPR、CARE和BOUND提供用户自然互动通道；M5-EXCHANGE负责把两人的实际行为合成为交换结构。,无／按本规则指定的给予—请求—接收—反馈—重订路径路由。,近位、远位只修正该交换需求进入亲密关系核心的可能；不得据此判断具体伴侣现实中一定配合。,根气只修正用户交换需求和通道是否稳定重复，不等于双方已形成成熟互惠。,旺弱只修正通道调用强度、抢位或缺位风险，不直接等于交换公平或关系质量。,喜忌只修正调用顺畅度与摩擦，不可直接翻译为理想伴侣五行、十神或必然互补。,真合化成立时按化神功能重算用户交换需求；合化争议时停止细化交换通道。,近位提高该交换议题进入关系核心的可能；远位只保留背景或阶段性观察。,88,风险 +12,exchange_risk_warning,解释量不断增加，却没有真正接收反馈；或把说清楚当成已经解决。,需要留意：解释量不断增加，却没有真正接收反馈；或把说清楚当成已经解决。,不得仅凭本规则推出双方一定公平、相爱、忠诚、长期稳定或适合结婚；不得把付出多少直接等同爱多少；不得以命理要求单方牺牲、立即回报、原谅、复合或继续关系。现实安全、同意、持续行为、反例与双方协商优先。,中高,待验证,,exchange_channel=EC04; ten_god=伤官; provisional=true; rule_group=EXCHANGE-EC通道,0.4
M5-EXCHANGE-052,EC04 信息反馈｜关键观察与用户输出,L1 十类双向交换通道,EXCHANGE-EC通道,通用,输出,EC04 信息反馈,伤官,已形成主或次EC候选。,XR08停止或资料严重不足。,由共享基础引擎、M3与M5-BASE提供；只修正用户怎样给予、请求、接收和回馈，不直接判断双方现实交换质量。,M2只说明进入关系所需资格证据；不能替代长期双向交换、负荷与修复验证。,M3-BASE、EXPR、CARE和BOUND提供用户自然互动通道；M5-EXCHANGE负责把两人的实际行为合成为交换结构。,无／按本规则指定的给予—请求—接收—反馈—重订路径路由。,近位、远位只修正该交换需求进入亲密关系核心的可能；不得据此判断具体伴侣现实中一定配合。,根气只修正用户交换需求和通道是否稳定重复，不等于双方已形成成熟互惠。,旺弱只修正通道调用强度、抢位或缺位风险，不直接等于交换公平或关系质量。,喜忌只修正调用顺畅度与摩擦，不可直接翻译为理想伴侣五行、十神或必然互补。,真合化成立时按化神功能重算用户交换需求；合化争议时停止细化交换通道。,近位提高该交换议题进入关系核心的可能；远位只保留背景或阶段性观察。,76,不加分；输出,observation_plan,被指出理解不准确时，双方是否会停下来核对，而不是继续证明自己。,被指出理解不准确时，双方是否会停下来核对，而不是继续证明自己。,不得仅凭本规则推出双方一定公平、相爱、忠诚、长期稳定或适合结婚；不得把付出多少直接等同爱多少；不得以命理要求单方牺牲、立即回报、原谅、复合或继续关系。现实安全、同意、持续行为、反例与双方协商优先。,中高,待验证,,exchange_channel=EC04; ten_god=伤官; provisional=true; rule_group=EXCHANGE-EC通道,0.4
M5-EXCHANGE-053,EC05 稳定投入｜通道定义,L1 十类双向交换通道,EXCHANGE-EC通道,通用,基础,EC05 稳定投入,正财,M5-BASE或PARTNER将该FN路由为主／次交换功能。,安全门控未通过或该通道只属PR3且与主风险冲突。,由共享基础引擎、M3与M5-BASE提供；只修正用户怎样给予、请求、接收和回馈，不直接判断双方现实交换质量。,M2只说明进入关系所需资格证据；不能替代长期双向交换、负荷与修复验证。,M3-BASE、EXPR、CARE和BOUND提供用户自然互动通道；M5-EXCHANGE负责把两人的实际行为合成为交换结构。,无／按本规则指定的给予—请求—接收—反馈—重订路径路由。,近位、远位只修正该交换需求进入亲密关系核心的可能；不得据此判断具体伴侣现实中一定配合。,根气只修正用户交换需求和通道是否稳定重复，不等于双方已形成成熟互惠。,旺弱只修正通道调用强度、抢位或缺位风险，不直接等于交换公平或关系质量。,喜忌只修正调用顺畅度与摩擦，不可直接翻译为理想伴侣五行、十神或必然互补。,真合化成立时按化神功能重算用户交换需求；合化争议时停止细化交换通道。,近位提高该交换议题进入关系核心的可能；远位只保留背景或阶段性观察。,94,主通道候选 +18,primary_exchange_channel,EC05 稳定投入将正财功能转译为双人交换通道。,真正适配的投入不要求每次等量，而要让双方都知道谁在承担什么、是否可持续。,不得仅凭本规则推出双方一定公平、相爱、忠诚、长期稳定或适合结婚；不得把付出多少直接等同爱多少；不得以命理要求单方牺牲、立即回报、原谅、复合或继续关系。现实安全、同意、持续行为、反例与双方协商优先。,中高,待验证,,exchange_channel=EC05; ten_god=正财; provisional=true; rule_group=EXCHANGE-EC通道,0.4
M5-EXCHANGE-054,EC05 稳定投入｜给予方式,L1 十类双向交换通道,EXCHANGE-EC通道,通用,给予,EC05 稳定投入,正财,存在一方主动提供该类支持的现实资料。,只有自述、身份或一次高光。,由共享基础引擎、M3与M5-BASE提供；只修正用户怎样给予、请求、接收和回馈，不直接判断双方现实交换质量。,M2只说明进入关系所需资格证据；不能替代长期双向交换、负荷与修复验证。,M3-BASE、EXPR、CARE和BOUND提供用户自然互动通道；M5-EXCHANGE负责把两人的实际行为合成为交换结构。,无／按本规则指定的给予—请求—接收—反馈—重订路径路由。,近位、远位只修正该交换需求进入亲密关系核心的可能；不得据此判断具体伴侣现实中一定配合。,根气只修正用户交换需求和通道是否稳定重复，不等于双方已形成成熟互惠。,旺弱只修正通道调用强度、抢位或缺位风险，不直接等于交换公平或关系质量。,喜忌只修正调用顺畅度与摩擦，不可直接翻译为理想伴侣五行、十神或必然互补。,真合化成立时按化神功能重算用户交换需求；合化争议时停止细化交换通道。,近位提高该交换议题进入关系核心的可能；远位只保留背景或阶段性观察。,84,+8 给予证据,giving_style,持续投入时间、精力、金钱、家务和生活安排。,给予方面，较成熟的表现是：持续投入时间、精力、金钱、家务和生活安排。,不得仅凭本规则推出双方一定公平、相爱、忠诚、长期稳定或适合结婚；不得把付出多少直接等同爱多少；不得以命理要求单方牺牲、立即回报、原谅、复合或继续关系。现实安全、同意、持续行为、反例与双方协商优先。,中,待验证,,exchange_channel=EC05; ten_god=正财; provisional=true; rule_group=EXCHANGE-EC通道,0.4
M5-EXCHANGE-055,EC05 稳定投入｜请求方式,L1 十类双向交换通道,EXCHANGE-EC通道,通用,请求,EC05 稳定投入,正财,存在提出需要、协商支持或分工的资料。,只通过暗示、测试或事后抱怨推断。,由共享基础引擎、M3与M5-BASE提供；只修正用户怎样给予、请求、接收和回馈，不直接判断双方现实交换质量。,M2只说明进入关系所需资格证据；不能替代长期双向交换、负荷与修复验证。,M3-BASE、EXPR、CARE和BOUND提供用户自然互动通道；M5-EXCHANGE负责把两人的实际行为合成为交换结构。,无／按本规则指定的给予—请求—接收—反馈—重订路径路由。,近位、远位只修正该交换需求进入亲密关系核心的可能；不得据此判断具体伴侣现实中一定配合。,根气只修正用户交换需求和通道是否稳定重复，不等于双方已形成成熟互惠。,旺弱只修正通道调用强度、抢位或缺位风险，不直接等于交换公平或关系质量。,喜忌只修正调用顺畅度与摩擦，不可直接翻译为理想伴侣五行、十神或必然互补。,真合化成立时按化神功能重算用户交换需求；合化争议时停止细化交换通道。,近位提高该交换议题进入关系核心的可能；远位只保留背景或阶段性观察。,84,+8 请求证据,request_style,提出支持时说明具体资源、频率、期限与可承担范围。,提出需要时，适合采用：提出支持时说明具体资源、频率、期限与可承担范围。,不得仅凭本规则推出双方一定公平、相爱、忠诚、长期稳定或适合结婚；不得把付出多少直接等同爱多少；不得以命理要求单方牺牲、立即回报、原谅、复合或继续关系。现实安全、同意、持续行为、反例与双方协商优先。,中,待验证,,exchange_channel=EC05; ten_god=正财; provisional=true; rule_group=EXCHANGE-EC通道,0.4
M5-EXCHANGE-056,EC05 稳定投入｜接收方式,L1 十类双向交换通道,EXCHANGE-EC通道,通用,接收,EC05 稳定投入,正财,存在接受帮助、回应或资源的资料。,把接受支持自动解释为依赖或债务。,由共享基础引擎、M3与M5-BASE提供；只修正用户怎样给予、请求、接收和回馈，不直接判断双方现实交换质量。,M2只说明进入关系所需资格证据；不能替代长期双向交换、负荷与修复验证。,M3-BASE、EXPR、CARE和BOUND提供用户自然互动通道；M5-EXCHANGE负责把两人的实际行为合成为交换结构。,无／按本规则指定的给予—请求—接收—反馈—重订路径路由。,近位、远位只修正该交换需求进入亲密关系核心的可能；不得据此判断具体伴侣现实中一定配合。,根气只修正用户交换需求和通道是否稳定重复，不等于双方已形成成熟互惠。,旺弱只修正通道调用强度、抢位或缺位风险，不直接等于交换公平或关系质量。,喜忌只修正调用顺畅度与摩擦，不可直接翻译为理想伴侣五行、十神或必然互补。,真合化成立时按化神功能重算用户交换需求；合化争议时停止细化交换通道。,近位提高该交换议题进入关系核心的可能；远位只保留背景或阶段性观察。,84,+8 接收证据,receiving_style,接受现实投入时可以表达需要和边界，不把帮助自动转成债务。,接收支持时，重点是：接受现实投入时可以表达需要和边界，不把帮助自动转成债务。,不得仅凭本规则推出双方一定公平、相爱、忠诚、长期稳定或适合结婚；不得把付出多少直接等同爱多少；不得以命理要求单方牺牲、立即回报、原谅、复合或继续关系。现实安全、同意、持续行为、反例与双方协商优先。,中,待验证,,exchange_channel=EC05; ten_god=正财; provisional=true; rule_group=EXCHANGE-EC通道,0.4
M5-EXCHANGE-057,EC05 稳定投入｜回馈方式,L1 十类双向交换通道,EXCHANGE-EC通道,通用,回馈,EC05 稳定投入,正财,存在后续回应、错峰回流或其他领域贡献。,要求立即、同领域、等量回报。,由共享基础引擎、M3与M5-BASE提供；只修正用户怎样给予、请求、接收和回馈，不直接判断双方现实交换质量。,M2只说明进入关系所需资格证据；不能替代长期双向交换、负荷与修复验证。,M3-BASE、EXPR、CARE和BOUND提供用户自然互动通道；M5-EXCHANGE负责把两人的实际行为合成为交换结构。,无／按本规则指定的给予—请求—接收—反馈—重订路径路由。,近位、远位只修正该交换需求进入亲密关系核心的可能；不得据此判断具体伴侣现实中一定配合。,根气只修正用户交换需求和通道是否稳定重复，不等于双方已形成成熟互惠。,旺弱只修正通道调用强度、抢位或缺位风险，不直接等于交换公平或关系质量。,喜忌只修正调用顺畅度与摩擦，不可直接翻译为理想伴侣五行、十神或必然互补。,真合化成立时按化神功能重算用户交换需求；合化争议时停止细化交换通道。,近位提高该交换议题进入关系核心的可能；远位只保留背景或阶段性观察。,82,+8 回馈证据,reciprocity_style,通过稳定分工、错峰承担或其他领域贡献形成长期互惠。,回馈不必完全相同，可以通过：通过稳定分工、错峰承担或其他领域贡献形成长期互惠。,不得仅凭本规则推出双方一定公平、相爱、忠诚、长期稳定或适合结婚；不得把付出多少直接等同爱多少；不得以命理要求单方牺牲、立即回报、原谅、复合或继续关系。现实安全、同意、持续行为、反例与双方协商优先。,中,待验证,,exchange_channel=EC05; ten_god=正财; provisional=true; rule_group=EXCHANGE-EC通道,0.4
M5-EXCHANGE-058,EC05 稳定投入｜成熟双向表达,L1 十类双向交换通道,EXCHANGE-EC通道,通用,成熟,EC05 稳定投入,正财,XV4以上，且ED02、ED03、ED09至少两项可靠。,只有一方能力或一次事件。,由共享基础引擎、M3与M5-BASE提供；只修正用户怎样给予、请求、接收和回馈，不直接判断双方现实交换质量。,M2只说明进入关系所需资格证据；不能替代长期双向交换、负荷与修复验证。,M3-BASE、EXPR、CARE和BOUND提供用户自然互动通道；M5-EXCHANGE负责把两人的实际行为合成为交换结构。,无／按本规则指定的给予—请求—接收—反馈—重订路径路由。,近位、远位只修正该交换需求进入亲密关系核心的可能；不得据此判断具体伴侣现实中一定配合。,根气只修正用户交换需求和通道是否稳定重复，不等于双方已形成成熟互惠。,旺弱只修正通道调用强度、抢位或缺位风险，不直接等于交换公平或关系质量。,喜忌只修正调用顺畅度与摩擦，不可直接翻译为理想伴侣五行、十神或必然互补。,真合化成立时按化神功能重算用户交换需求；合化争议时停止细化交换通道。,近位提高该交换议题进入关系核心的可能；远位只保留背景或阶段性观察。,90,成熟 +14,mature_exchange_profile,投入可预测、可协商，成本上升时仍会重订分工而不是突然撤回。,成熟交换通常表现为：投入可预测、可协商，成本上升时仍会重订分工而不是突然撤回。,不得仅凭本规则推出双方一定公平、相爱、忠诚、长期稳定或适合结婚；不得把付出多少直接等同爱多少；不得以命理要求单方牺牲、立即回报、原谅、复合或继续关系。现实安全、同意、持续行为、反例与双方协商优先。,中高,待验证,,exchange_channel=EC05; ten_god=正财; provisional=true; rule_group=EXCHANGE-EC通道,0.4
M5-EXCHANGE-059,EC05 稳定投入｜失衡与替代候选,L1 十类双向交换通道,EXCHANGE-EC通道,通用,风险,EC05 稳定投入,正财,现实资料显示抢位、替代、负荷或反馈断点。,只有通道强度，没有第二类失衡证据。,由共享基础引擎、M3与M5-BASE提供；只修正用户怎样给予、请求、接收和回馈，不直接判断双方现实交换质量。,M2只说明进入关系所需资格证据；不能替代长期双向交换、负荷与修复验证。,M3-BASE、EXPR、CARE和BOUND提供用户自然互动通道；M5-EXCHANGE负责把两人的实际行为合成为交换结构。,无／按本规则指定的给予—请求—接收—反馈—重订路径路由。,近位、远位只修正该交换需求进入亲密关系核心的可能；不得据此判断具体伴侣现实中一定配合。,根气只修正用户交换需求和通道是否稳定重复，不等于双方已形成成熟互惠。,旺弱只修正通道调用强度、抢位或缺位风险，不直接等于交换公平或关系质量。,喜忌只修正调用顺畅度与摩擦，不可直接翻译为理想伴侣五行、十神或必然互补。,真合化成立时按化神功能重算用户交换需求；合化争议时停止细化交换通道。,近位提高该交换议题进入关系核心的可能；远位只保留背景或阶段性观察。,88,风险 +12,exchange_risk_warning,容易把投入量当成爱、把贡献做成记账，或用现实付出替代沟通和承诺。,需要留意：容易把投入量当成爱、把贡献做成记账，或用现实付出替代沟通和承诺。,不得仅凭本规则推出双方一定公平、相爱、忠诚、长期稳定或适合结婚；不得把付出多少直接等同爱多少；不得以命理要求单方牺牲、立即回报、原谅、复合或继续关系。现实安全、同意、持续行为、反例与双方协商优先。,中高,待验证,,exchange_channel=EC05; ten_god=正财; provisional=true; rule_group=EXCHANGE-EC通道,0.4
M5-EXCHANGE-060,EC05 稳定投入｜关键观察与用户输出,L1 十类双向交换通道,EXCHANGE-EC通道,通用,输出,EC05 稳定投入,正财,已形成主或次EC候选。,XR08停止或资料严重不足。,由共享基础引擎、M3与M5-BASE提供；只修正用户怎样给予、请求、接收和回馈，不直接判断双方现实交换质量。,M2只说明进入关系所需资格证据；不能替代长期双向交换、负荷与修复验证。,M3-BASE、EXPR、CARE和BOUND提供用户自然互动通道；M5-EXCHANGE负责把两人的实际行为合成为交换结构。,无／按本规则指定的给予—请求—接收—反馈—重订路径路由。,近位、远位只修正该交换需求进入亲密关系核心的可能；不得据此判断具体伴侣现实中一定配合。,根气只修正用户交换需求和通道是否稳定重复，不等于双方已形成成熟互惠。,旺弱只修正通道调用强度、抢位或缺位风险，不直接等于交换公平或关系质量。,喜忌只修正调用顺畅度与摩擦，不可直接翻译为理想伴侣五行、十神或必然互补。,真合化成立时按化神功能重算用户交换需求；合化争议时停止细化交换通道。,近位提高该交换议题进入关系核心的可能；远位只保留背景或阶段性观察。,76,不加分；输出,observation_plan,忙碌、成本增加或贡献不对称时，双方能否说明负荷并重新分配。,忙碌、成本增加或贡献不对称时，双方能否说明负荷并重新分配。,不得仅凭本规则推出双方一定公平、相爱、忠诚、长期稳定或适合结婚；不得把付出多少直接等同爱多少；不得以命理要求单方牺牲、立即回报、原谅、复合或继续关系。现实安全、同意、持续行为、反例与双方协商优先。,中高,待验证,,exchange_channel=EC05; ten_god=正财; provisional=true; rule_group=EXCHANGE-EC通道,0.4
M5-EXCHANGE-061,EC06 灵活资源｜通道定义,L1 十类双向交换通道,EXCHANGE-EC通道,通用,基础,EC06 灵活资源,偏财,M5-BASE或PARTNER将该FN路由为主／次交换功能。,安全门控未通过或该通道只属PR3且与主风险冲突。,由共享基础引擎、M3与M5-BASE提供；只修正用户怎样给予、请求、接收和回馈，不直接判断双方现实交换质量。,M2只说明进入关系所需资格证据；不能替代长期双向交换、负荷与修复验证。,M3-BASE、EXPR、CARE和BOUND提供用户自然互动通道；M5-EXCHANGE负责把两人的实际行为合成为交换结构。,无／按本规则指定的给予—请求—接收—反馈—重订路径路由。,近位、远位只修正该交换需求进入亲密关系核心的可能；不得据此判断具体伴侣现实中一定配合。,根气只修正用户交换需求和通道是否稳定重复，不等于双方已形成成熟互惠。,旺弱只修正通道调用强度、抢位或缺位风险，不直接等于交换公平或关系质量。,喜忌只修正调用顺畅度与摩擦，不可直接翻译为理想伴侣五行、十神或必然互补。,真合化成立时按化神功能重算用户交换需求；合化争议时停止细化交换通道。,近位提高该交换议题进入关系核心的可能；远位只保留背景或阶段性观察。,94,主通道候选 +18,primary_exchange_channel,EC06 灵活资源将偏财功能转译为双人交换通道。,关系可以有活力和变化，但需要把临时的好转成可持续的安排。,不得仅凭本规则推出双方一定公平、相爱、忠诚、长期稳定或适合结婚；不得把付出多少直接等同爱多少；不得以命理要求单方牺牲、立即回报、原谅、复合或继续关系。现实安全、同意、持续行为、反例与双方协商优先。,中高,待验证,,exchange_channel=EC06; ten_god=偏财; provisional=true; rule_group=EXCHANGE-EC通道,0.4
M5-EXCHANGE-062,EC06 灵活资源｜给予方式,L1 十类双向交换通道,EXCHANGE-EC通道,通用,给予,EC06 灵活资源,偏财,存在一方主动提供该类支持的现实资料。,只有自述、身份或一次高光。,由共享基础引擎、M3与M5-BASE提供；只修正用户怎样给予、请求、接收和回馈，不直接判断双方现实交换质量。,M2只说明进入关系所需资格证据；不能替代长期双向交换、负荷与修复验证。,M3-BASE、EXPR、CARE和BOUND提供用户自然互动通道；M5-EXCHANGE负责把两人的实际行为合成为交换结构。,无／按本规则指定的给予—请求—接收—反馈—重订路径路由。,近位、远位只修正该交换需求进入亲密关系核心的可能；不得据此判断具体伴侣现实中一定配合。,根气只修正用户交换需求和通道是否稳定重复，不等于双方已形成成熟互惠。,旺弱只修正通道调用强度、抢位或缺位风险，不直接等于交换公平或关系质量。,喜忌只修正调用顺畅度与摩擦，不可直接翻译为理想伴侣五行、十神或必然互补。,真合化成立时按化神功能重算用户交换需求；合化争议时停止细化交换通道。,近位提高该交换议题进入关系核心的可能；远位只保留背景或阶段性观察。,84,+8 给予证据,giving_style,通过体验、礼物、人脉、临时资源和灵活安排增加关系活力。,给予方面，较成熟的表现是：通过体验、礼物、人脉、临时资源和灵活安排增加关系活力。,不得仅凭本规则推出双方一定公平、相爱、忠诚、长期稳定或适合结婚；不得把付出多少直接等同爱多少；不得以命理要求单方牺牲、立即回报、原谅、复合或继续关系。现实安全、同意、持续行为、反例与双方协商优先。,中,待验证,,exchange_channel=EC06; ten_god=偏财; provisional=true; rule_group=EXCHANGE-EC通道,0.4
M5-EXCHANGE-063,EC06 灵活资源｜请求方式,L1 十类双向交换通道,EXCHANGE-EC通道,通用,请求,EC06 灵活资源,偏财,存在提出需要、协商支持或分工的资料。,只通过暗示、测试或事后抱怨推断。,由共享基础引擎、M3与M5-BASE提供；只修正用户怎样给予、请求、接收和回馈，不直接判断双方现实交换质量。,M2只说明进入关系所需资格证据；不能替代长期双向交换、负荷与修复验证。,M3-BASE、EXPR、CARE和BOUND提供用户自然互动通道；M5-EXCHANGE负责把两人的实际行为合成为交换结构。,无／按本规则指定的给予—请求—接收—反馈—重订路径路由。,近位、远位只修正该交换需求进入亲密关系核心的可能；不得据此判断具体伴侣现实中一定配合。,根气只修正用户交换需求和通道是否稳定重复，不等于双方已形成成熟互惠。,旺弱只修正通道调用强度、抢位或缺位风险，不直接等于交换公平或关系质量。,喜忌只修正调用顺畅度与摩擦，不可直接翻译为理想伴侣五行、十神或必然互补。,真合化成立时按化神功能重算用户交换需求；合化争议时停止细化交换通道。,近位提高该交换议题进入关系核心的可能；远位只保留背景或阶段性观察。,84,+8 请求证据,request_style,提出需要时允许多种实现方式，同时说清底线、透明度和持续要求。,提出需要时，适合采用：提出需要时允许多种实现方式，同时说清底线、透明度和持续要求。,不得仅凭本规则推出双方一定公平、相爱、忠诚、长期稳定或适合结婚；不得把付出多少直接等同爱多少；不得以命理要求单方牺牲、立即回报、原谅、复合或继续关系。现实安全、同意、持续行为、反例与双方协商优先。,中,待验证,,exchange_channel=EC06; ten_god=偏财; provisional=true; rule_group=EXCHANGE-EC通道,0.4
M5-EXCHANGE-064,EC06 灵活资源｜接收方式,L1 十类双向交换通道,EXCHANGE-EC通道,通用,接收,EC06 灵活资源,偏财,存在接受帮助、回应或资源的资料。,把接受支持自动解释为依赖或债务。,由共享基础引擎、M3与M5-BASE提供；只修正用户怎样给予、请求、接收和回馈，不直接判断双方现实交换质量。,M2只说明进入关系所需资格证据；不能替代长期双向交换、负荷与修复验证。,M3-BASE、EXPR、CARE和BOUND提供用户自然互动通道；M5-EXCHANGE负责把两人的实际行为合成为交换结构。,无／按本规则指定的给予—请求—接收—反馈—重订路径路由。,近位、远位只修正该交换需求进入亲密关系核心的可能；不得据此判断具体伴侣现实中一定配合。,根气只修正用户交换需求和通道是否稳定重复，不等于双方已形成成熟互惠。,旺弱只修正通道调用强度、抢位或缺位风险，不直接等于交换公平或关系质量。,喜忌只修正调用顺畅度与摩擦，不可直接翻译为理想伴侣五行、十神或必然互补。,真合化成立时按化神功能重算用户交换需求；合化争议时停止细化交换通道。,近位提高该交换议题进入关系核心的可能；远位只保留背景或阶段性观察。,84,+8 接收证据,receiving_style,能够享受对方的灵活回应，也会确认这是否只是一次高光。,接收支持时，重点是：能够享受对方的灵活回应，也会确认这是否只是一次高光。,不得仅凭本规则推出双方一定公平、相爱、忠诚、长期稳定或适合结婚；不得把付出多少直接等同爱多少；不得以命理要求单方牺牲、立即回报、原谅、复合或继续关系。现实安全、同意、持续行为、反例与双方协商优先。,中,待验证,,exchange_channel=EC06; ten_god=偏财; provisional=true; rule_group=EXCHANGE-EC通道,0.4
M5-EXCHANGE-065,EC06 灵活资源｜回馈方式,L1 十类双向交换通道,EXCHANGE-EC通道,通用,回馈,EC06 灵活资源,偏财,存在后续回应、错峰回流或其他领域贡献。,要求立即、同领域、等量回报。,由共享基础引擎、M3与M5-BASE提供；只修正用户怎样给予、请求、接收和回馈，不直接判断双方现实交换质量。,M2只说明进入关系所需资格证据；不能替代长期双向交换、负荷与修复验证。,M3-BASE、EXPR、CARE和BOUND提供用户自然互动通道；M5-EXCHANGE负责把两人的实际行为合成为交换结构。,无／按本规则指定的给予—请求—接收—反馈—重订路径路由。,近位、远位只修正该交换需求进入亲密关系核心的可能；不得据此判断具体伴侣现实中一定配合。,根气只修正用户交换需求和通道是否稳定重复，不等于双方已形成成熟互惠。,旺弱只修正通道调用强度、抢位或缺位风险，不直接等于交换公平或关系质量。,喜忌只修正调用顺畅度与摩擦，不可直接翻译为理想伴侣五行、十神或必然互补。,真合化成立时按化神功能重算用户交换需求；合化争议时停止细化交换通道。,近位提高该交换议题进入关系核心的可能；远位只保留背景或阶段性观察。,82,+8 回馈证据,reciprocity_style,通过创造体验、提供机会或把临时安排转成后续计划回馈。,回馈不必完全相同，可以通过：通过创造体验、提供机会或把临时安排转成后续计划回馈。,不得仅凭本规则推出双方一定公平、相爱、忠诚、长期稳定或适合结婚；不得把付出多少直接等同爱多少；不得以命理要求单方牺牲、立即回报、原谅、复合或继续关系。现实安全、同意、持续行为、反例与双方协商优先。,中,待验证,,exchange_channel=EC06; ten_god=偏财; provisional=true; rule_group=EXCHANGE-EC通道,0.4
M5-EXCHANGE-066,EC06 灵活资源｜成熟双向表达,L1 十类双向交换通道,EXCHANGE-EC通道,通用,成熟,EC06 灵活资源,偏财,XV4以上，且ED02、ED03、ED09至少两项可靠。,只有一方能力或一次事件。,由共享基础引擎、M3与M5-BASE提供；只修正用户怎样给予、请求、接收和回馈，不直接判断双方现实交换质量。,M2只说明进入关系所需资格证据；不能替代长期双向交换、负荷与修复验证。,M3-BASE、EXPR、CARE和BOUND提供用户自然互动通道；M5-EXCHANGE负责把两人的实际行为合成为交换结构。,无／按本规则指定的给予—请求—接收—反馈—重订路径路由。,近位、远位只修正该交换需求进入亲密关系核心的可能；不得据此判断具体伴侣现实中一定配合。,根气只修正用户交换需求和通道是否稳定重复，不等于双方已形成成熟互惠。,旺弱只修正通道调用强度、抢位或缺位风险，不直接等于交换公平或关系质量。,喜忌只修正调用顺畅度与摩擦，不可直接翻译为理想伴侣五行、十神或必然互补。,真合化成立时按化神功能重算用户交换需求；合化争议时停止细化交换通道。,近位提高该交换议题进入关系核心的可能；远位只保留背景或阶段性观察。,90,成熟 +14,mature_exchange_profile,灵活、有趣、反应快，同时重要资源透明，并能把高光转成持续安排。,成熟交换通常表现为：灵活、有趣、反应快，同时重要资源透明，并能把高光转成持续安排。,不得仅凭本规则推出双方一定公平、相爱、忠诚、长期稳定或适合结婚；不得把付出多少直接等同爱多少；不得以命理要求单方牺牲、立即回报、原谅、复合或继续关系。现实安全、同意、持续行为、反例与双方协商优先。,中高,待验证,,exchange_channel=EC06; ten_god=偏财; provisional=true; rule_group=EXCHANGE-EC通道,0.4
M5-EXCHANGE-067,EC06 灵活资源｜失衡与替代候选,L1 十类双向交换通道,EXCHANGE-EC通道,通用,风险,EC06 灵活资源,偏财,现实资料显示抢位、替代、负荷或反馈断点。,只有通道强度，没有第二类失衡证据。,由共享基础引擎、M3与M5-BASE提供；只修正用户怎样给予、请求、接收和回馈，不直接判断双方现实交换质量。,M2只说明进入关系所需资格证据；不能替代长期双向交换、负荷与修复验证。,M3-BASE、EXPR、CARE和BOUND提供用户自然互动通道；M5-EXCHANGE负责把两人的实际行为合成为交换结构。,无／按本规则指定的给予—请求—接收—反馈—重订路径路由。,近位、远位只修正该交换需求进入亲密关系核心的可能；不得据此判断具体伴侣现实中一定配合。,根气只修正用户交换需求和通道是否稳定重复，不等于双方已形成成熟互惠。,旺弱只修正通道调用强度、抢位或缺位风险，不直接等于交换公平或关系质量。,喜忌只修正调用顺畅度与摩擦，不可直接翻译为理想伴侣五行、十神或必然互补。,真合化成立时按化神功能重算用户交换需求；合化争议时停止细化交换通道。,近位提高该交换议题进入关系核心的可能；远位只保留背景或阶段性观察。,88,风险 +12,exchange_risk_warning,只在兴致高时投入，体验结束后缺少延续；或用礼物和新鲜感遮蔽问题。,需要留意：只在兴致高时投入，体验结束后缺少延续；或用礼物和新鲜感遮蔽问题。,不得仅凭本规则推出双方一定公平、相爱、忠诚、长期稳定或适合结婚；不得把付出多少直接等同爱多少；不得以命理要求单方牺牲、立即回报、原谅、复合或继续关系。现实安全、同意、持续行为、反例与双方协商优先。,中高,待验证,,exchange_channel=EC06; ten_god=偏财; provisional=true; rule_group=EXCHANGE-EC通道,0.4
M5-EXCHANGE-068,EC06 灵活资源｜关键观察与用户输出,L1 十类双向交换通道,EXCHANGE-EC通道,通用,输出,EC06 灵活资源,偏财,已形成主或次EC候选。,XR08停止或资料严重不足。,由共享基础引擎、M3与M5-BASE提供；只修正用户怎样给予、请求、接收和回馈，不直接判断双方现实交换质量。,M2只说明进入关系所需资格证据；不能替代长期双向交换、负荷与修复验证。,M3-BASE、EXPR、CARE和BOUND提供用户自然互动通道；M5-EXCHANGE负责把两人的实际行为合成为交换结构。,无／按本规则指定的给予—请求—接收—反馈—重订路径路由。,近位、远位只修正该交换需求进入亲密关系核心的可能；不得据此判断具体伴侣现实中一定配合。,根气只修正用户交换需求和通道是否稳定重复，不等于双方已形成成熟互惠。,旺弱只修正通道调用强度、抢位或缺位风险，不直接等于交换公平或关系质量。,喜忌只修正调用顺畅度与摩擦，不可直接翻译为理想伴侣五行、十神或必然互补。,真合化成立时按化神功能重算用户交换需求；合化争议时停止细化交换通道。,近位提高该交换议题进入关系核心的可能；远位只保留背景或阶段性观察。,76,不加分；输出,observation_plan,共同体验之后是否形成下一步，以及资源、社交和承诺是否透明。,共同体验之后是否形成下一步，以及资源、社交和承诺是否透明。,不得仅凭本规则推出双方一定公平、相爱、忠诚、长期稳定或适合结婚；不得把付出多少直接等同爱多少；不得以命理要求单方牺牲、立即回报、原谅、复合或继续关系。现实安全、同意、持续行为、反例与双方协商优先。,中高,待验证,,exchange_channel=EC06; ten_god=偏财; provisional=true; rule_group=EXCHANGE-EC通道,0.4
M5-EXCHANGE-069,EC07 责任履行｜通道定义,L1 十类双向交换通道,EXCHANGE-EC通道,通用,基础,EC07 责任履行,正官,M5-BASE或PARTNER将该FN路由为主／次交换功能。,安全门控未通过或该通道只属PR3且与主风险冲突。,由共享基础引擎、M3与M5-BASE提供；只修正用户怎样给予、请求、接收和回馈，不直接判断双方现实交换质量。,M2只说明进入关系所需资格证据；不能替代长期双向交换、负荷与修复验证。,M3-BASE、EXPR、CARE和BOUND提供用户自然互动通道；M5-EXCHANGE负责把两人的实际行为合成为交换结构。,无／按本规则指定的给予—请求—接收—反馈—重订路径路由。,近位、远位只修正该交换需求进入亲密关系核心的可能；不得据此判断具体伴侣现实中一定配合。,根气只修正用户交换需求和通道是否稳定重复，不等于双方已形成成熟互惠。,旺弱只修正通道调用强度、抢位或缺位风险，不直接等于交换公平或关系质量。,喜忌只修正调用顺畅度与摩擦，不可直接翻译为理想伴侣五行、十神或必然互补。,真合化成立时按化神功能重算用户交换需求；合化争议时停止细化交换通道。,近位提高该交换议题进入关系核心的可能；远位只保留背景或阶段性观察。,94,主通道候选 +18,primary_exchange_channel,EC07 责任履行将正官功能转译为双人交换通道。,长期交换需要责任清楚，但责任必须是双方协商、可复核和可调整的。,不得仅凭本规则推出双方一定公平、相爱、忠诚、长期稳定或适合结婚；不得把付出多少直接等同爱多少；不得以命理要求单方牺牲、立即回报、原谅、复合或继续关系。现实安全、同意、持续行为、反例与双方协商优先。,中高,待验证,,exchange_channel=EC07; ten_god=正官; provisional=true; rule_group=EXCHANGE-EC通道,0.4
M5-EXCHANGE-070,EC07 责任履行｜给予方式,L1 十类双向交换通道,EXCHANGE-EC通道,通用,给予,EC07 责任履行,正官,存在一方主动提供该类支持的现实资料。,只有自述、身份或一次高光。,由共享基础引擎、M3与M5-BASE提供；只修正用户怎样给予、请求、接收和回馈，不直接判断双方现实交换质量。,M2只说明进入关系所需资格证据；不能替代长期双向交换、负荷与修复验证。,M3-BASE、EXPR、CARE和BOUND提供用户自然互动通道；M5-EXCHANGE负责把两人的实际行为合成为交换结构。,无／按本规则指定的给予—请求—接收—反馈—重订路径路由。,近位、远位只修正该交换需求进入亲密关系核心的可能；不得据此判断具体伴侣现实中一定配合。,根气只修正用户交换需求和通道是否稳定重复，不等于双方已形成成熟互惠。,旺弱只修正通道调用强度、抢位或缺位风险，不直接等于交换公平或关系质量。,喜忌只修正调用顺畅度与摩擦，不可直接翻译为理想伴侣五行、十神或必然互补。,真合化成立时按化神功能重算用户交换需求；合化争议时停止细化交换通道。,近位提高该交换议题进入关系核心的可能；远位只保留背景或阶段性观察。,84,+8 给予证据,giving_style,通过守约、承担固定事务、说明角色和维持共同规则提供支持。,给予方面，较成熟的表现是：通过守约、承担固定事务、说明角色和维持共同规则提供支持。,不得仅凭本规则推出双方一定公平、相爱、忠诚、长期稳定或适合结婚；不得把付出多少直接等同爱多少；不得以命理要求单方牺牲、立即回报、原谅、复合或继续关系。现实安全、同意、持续行为、反例与双方协商优先。,中,待验证,,exchange_channel=EC07; ten_god=正官; provisional=true; rule_group=EXCHANGE-EC通道,0.4
M5-EXCHANGE-071,EC07 责任履行｜请求方式,L1 十类双向交换通道,EXCHANGE-EC通道,通用,请求,EC07 责任履行,正官,存在提出需要、协商支持或分工的资料。,只通过暗示、测试或事后抱怨推断。,由共享基础引擎、M3与M5-BASE提供；只修正用户怎样给予、请求、接收和回馈，不直接判断双方现实交换质量。,M2只说明进入关系所需资格证据；不能替代长期双向交换、负荷与修复验证。,M3-BASE、EXPR、CARE和BOUND提供用户自然互动通道；M5-EXCHANGE负责把两人的实际行为合成为交换结构。,无／按本规则指定的给予—请求—接收—反馈—重订路径路由。,近位、远位只修正该交换需求进入亲密关系核心的可能；不得据此判断具体伴侣现实中一定配合。,根气只修正用户交换需求和通道是否稳定重复，不等于双方已形成成熟互惠。,旺弱只修正通道调用强度、抢位或缺位风险，不直接等于交换公平或关系质量。,喜忌只修正调用顺畅度与摩擦，不可直接翻译为理想伴侣五行、十神或必然互补。,真合化成立时按化神功能重算用户交换需求；合化争议时停止细化交换通道。,近位提高该交换议题进入关系核心的可能；远位只保留背景或阶段性观察。,84,+8 请求证据,request_style,提出需要时明确对方承担什么、何时完成、变化时怎样说明。,提出需要时，适合采用：提出需要时明确对方承担什么、何时完成、变化时怎样说明。,不得仅凭本规则推出双方一定公平、相爱、忠诚、长期稳定或适合结婚；不得把付出多少直接等同爱多少；不得以命理要求单方牺牲、立即回报、原谅、复合或继续关系。现实安全、同意、持续行为、反例与双方协商优先。,中,待验证,,exchange_channel=EC07; ten_god=正官; provisional=true; rule_group=EXCHANGE-EC通道,0.4
M5-EXCHANGE-072,EC07 责任履行｜接收方式,L1 十类双向交换通道,EXCHANGE-EC通道,通用,接收,EC07 责任履行,正官,存在接受帮助、回应或资源的资料。,把接受支持自动解释为依赖或债务。,由共享基础引擎、M3与M5-BASE提供；只修正用户怎样给予、请求、接收和回馈，不直接判断双方现实交换质量。,M2只说明进入关系所需资格证据；不能替代长期双向交换、负荷与修复验证。,M3-BASE、EXPR、CARE和BOUND提供用户自然互动通道；M5-EXCHANGE负责把两人的实际行为合成为交换结构。,无／按本规则指定的给予—请求—接收—反馈—重订路径路由。,近位、远位只修正该交换需求进入亲密关系核心的可能；不得据此判断具体伴侣现实中一定配合。,根气只修正用户交换需求和通道是否稳定重复，不等于双方已形成成熟互惠。,旺弱只修正通道调用强度、抢位或缺位风险，不直接等于交换公平或关系质量。,喜忌只修正调用顺畅度与摩擦，不可直接翻译为理想伴侣五行、十神或必然互补。,真合化成立时按化神功能重算用户交换需求；合化争议时停止细化交换通道。,近位提高该交换议题进入关系核心的可能；远位只保留背景或阶段性观察。,84,+8 接收证据,receiving_style,能够接受稳定责任支持，同时保留协商规则和角色的权利。,接收支持时，重点是：能够接受稳定责任支持，同时保留协商规则和角色的权利。,不得仅凭本规则推出双方一定公平、相爱、忠诚、长期稳定或适合结婚；不得把付出多少直接等同爱多少；不得以命理要求单方牺牲、立即回报、原谅、复合或继续关系。现实安全、同意、持续行为、反例与双方协商优先。,中,待验证,,exchange_channel=EC07; ten_god=正官; provisional=true; rule_group=EXCHANGE-EC通道,0.4
M5-EXCHANGE-073,EC07 责任履行｜回馈方式,L1 十类双向交换通道,EXCHANGE-EC通道,通用,回馈,EC07 责任履行,正官,存在后续回应、错峰回流或其他领域贡献。,要求立即、同领域、等量回报。,由共享基础引擎、M3与M5-BASE提供；只修正用户怎样给予、请求、接收和回馈，不直接判断双方现实交换质量。,M2只说明进入关系所需资格证据；不能替代长期双向交换、负荷与修复验证。,M3-BASE、EXPR、CARE和BOUND提供用户自然互动通道；M5-EXCHANGE负责把两人的实际行为合成为交换结构。,无／按本规则指定的给予—请求—接收—反馈—重订路径路由。,近位、远位只修正该交换需求进入亲密关系核心的可能；不得据此判断具体伴侣现实中一定配合。,根气只修正用户交换需求和通道是否稳定重复，不等于双方已形成成熟互惠。,旺弱只修正通道调用强度、抢位或缺位风险，不直接等于交换公平或关系质量。,喜忌只修正调用顺畅度与摩擦，不可直接翻译为理想伴侣五行、十神或必然互补。,真合化成立时按化神功能重算用户交换需求；合化争议时停止细化交换通道。,近位提高该交换议题进入关系核心的可能；远位只保留背景或阶段性观察。,82,+8 回馈证据,reciprocity_style,通过承担自己的责任、守约、及时说明变化和共同复核形成互惠。,回馈不必完全相同，可以通过：通过承担自己的责任、守约、及时说明变化和共同复核形成互惠。,不得仅凭本规则推出双方一定公平、相爱、忠诚、长期稳定或适合结婚；不得把付出多少直接等同爱多少；不得以命理要求单方牺牲、立即回报、原谅、复合或继续关系。现实安全、同意、持续行为、反例与双方协商优先。,中,待验证,,exchange_channel=EC07; ten_god=正官; provisional=true; rule_group=EXCHANGE-EC通道,0.4
M5-EXCHANGE-074,EC07 责任履行｜成熟双向表达,L1 十类双向交换通道,EXCHANGE-EC通道,通用,成熟,EC07 责任履行,正官,XV4以上，且ED02、ED03、ED09至少两项可靠。,只有一方能力或一次事件。,由共享基础引擎、M3与M5-BASE提供；只修正用户怎样给予、请求、接收和回馈，不直接判断双方现实交换质量。,M2只说明进入关系所需资格证据；不能替代长期双向交换、负荷与修复验证。,M3-BASE、EXPR、CARE和BOUND提供用户自然互动通道；M5-EXCHANGE负责把两人的实际行为合成为交换结构。,无／按本规则指定的给予—请求—接收—反馈—重订路径路由。,近位、远位只修正该交换需求进入亲密关系核心的可能；不得据此判断具体伴侣现实中一定配合。,根气只修正用户交换需求和通道是否稳定重复，不等于双方已形成成熟互惠。,旺弱只修正通道调用强度、抢位或缺位风险，不直接等于交换公平或关系质量。,喜忌只修正调用顺畅度与摩擦，不可直接翻译为理想伴侣五行、十神或必然互补。,真合化成立时按化神功能重算用户交换需求；合化争议时停止细化交换通道。,近位提高该交换议题进入关系核心的可能；远位只保留背景或阶段性观察。,90,成熟 +14,mature_exchange_profile,承诺清楚、变化透明、犯错后承担并补救，规则对双方都可复核。,成熟交换通常表现为：承诺清楚、变化透明、犯错后承担并补救，规则对双方都可复核。,不得仅凭本规则推出双方一定公平、相爱、忠诚、长期稳定或适合结婚；不得把付出多少直接等同爱多少；不得以命理要求单方牺牲、立即回报、原谅、复合或继续关系。现实安全、同意、持续行为、反例与双方协商优先。,中高,待验证,,exchange_channel=EC07; ten_god=正官; provisional=true; rule_group=EXCHANGE-EC通道,0.4
M5-EXCHANGE-075,EC07 责任履行｜失衡与替代候选,L1 十类双向交换通道,EXCHANGE-EC通道,通用,风险,EC07 责任履行,正官,现实资料显示抢位、替代、负荷或反馈断点。,只有通道强度，没有第二类失衡证据。,由共享基础引擎、M3与M5-BASE提供；只修正用户怎样给予、请求、接收和回馈，不直接判断双方现实交换质量。,M2只说明进入关系所需资格证据；不能替代长期双向交换、负荷与修复验证。,M3-BASE、EXPR、CARE和BOUND提供用户自然互动通道；M5-EXCHANGE负责把两人的实际行为合成为交换结构。,无／按本规则指定的给予—请求—接收—反馈—重订路径路由。,近位、远位只修正该交换需求进入亲密关系核心的可能；不得据此判断具体伴侣现实中一定配合。,根气只修正用户交换需求和通道是否稳定重复，不等于双方已形成成熟互惠。,旺弱只修正通道调用强度、抢位或缺位风险，不直接等于交换公平或关系质量。,喜忌只修正调用顺畅度与摩擦，不可直接翻译为理想伴侣五行、十神或必然互补。,真合化成立时按化神功能重算用户交换需求；合化争议时停止细化交换通道。,近位提高该交换议题进入关系核心的可能；远位只保留背景或阶段性观察。,88,风险 +12,exchange_risk_warning,把责任做成身份或道德压力；规则越来越多，却缺少共同协商和反馈。,需要留意：把责任做成身份或道德压力；规则越来越多，却缺少共同协商和反馈。,不得仅凭本规则推出双方一定公平、相爱、忠诚、长期稳定或适合结婚；不得把付出多少直接等同爱多少；不得以命理要求单方牺牲、立即回报、原谅、复合或继续关系。现实安全、同意、持续行为、反例与双方协商优先。,中高,待验证,,exchange_channel=EC07; ten_god=正官; provisional=true; rule_group=EXCHANGE-EC通道,0.4
M5-EXCHANGE-076,EC07 责任履行｜关键观察与用户输出,L1 十类双向交换通道,EXCHANGE-EC通道,通用,输出,EC07 责任履行,正官,已形成主或次EC候选。,XR08停止或资料严重不足。,由共享基础引擎、M3与M5-BASE提供；只修正用户怎样给予、请求、接收和回馈，不直接判断双方现实交换质量。,M2只说明进入关系所需资格证据；不能替代长期双向交换、负荷与修复验证。,M3-BASE、EXPR、CARE和BOUND提供用户自然互动通道；M5-EXCHANGE负责把两人的实际行为合成为交换结构。,无／按本规则指定的给予—请求—接收—反馈—重订路径路由。,近位、远位只修正该交换需求进入亲密关系核心的可能；不得据此判断具体伴侣现实中一定配合。,根气只修正用户交换需求和通道是否稳定重复，不等于双方已形成成熟互惠。,旺弱只修正通道调用强度、抢位或缺位风险，不直接等于交换公平或关系质量。,喜忌只修正调用顺畅度与摩擦，不可直接翻译为理想伴侣五行、十神或必然互补。,真合化成立时按化神功能重算用户交换需求；合化争议时停止细化交换通道。,近位提高该交换议题进入关系核心的可能；远位只保留背景或阶段性观察。,76,不加分；输出,observation_plan,规则对自己不利、计划变化或失约时，双方是否仍愿意承担和重订。,规则对自己不利、计划变化或失约时，双方是否仍愿意承担和重订。,不得仅凭本规则推出双方一定公平、相爱、忠诚、长期稳定或适合结婚；不得把付出多少直接等同爱多少；不得以命理要求单方牺牲、立即回报、原谅、复合或继续关系。现实安全、同意、持续行为、反例与双方协商优先。,中高,待验证,,exchange_channel=EC07; ten_god=正官; provisional=true; rule_group=EXCHANGE-EC通道,0.4
M5-EXCHANGE-077,EC08 行动保护｜通道定义,L1 十类双向交换通道,EXCHANGE-EC通道,通用,基础,EC08 行动保护,七杀,M5-BASE或PARTNER将该FN路由为主／次交换功能。,安全门控未通过或该通道只属PR3且与主风险冲突。,由共享基础引擎、M3与M5-BASE提供；只修正用户怎样给予、请求、接收和回馈，不直接判断双方现实交换质量。,M2只说明进入关系所需资格证据；不能替代长期双向交换、负荷与修复验证。,M3-BASE、EXPR、CARE和BOUND提供用户自然互动通道；M5-EXCHANGE负责把两人的实际行为合成为交换结构。,无／按本规则指定的给予—请求—接收—反馈—重订路径路由。,近位、远位只修正该交换需求进入亲密关系核心的可能；不得据此判断具体伴侣现实中一定配合。,根气只修正用户交换需求和通道是否稳定重复，不等于双方已形成成熟互惠。,旺弱只修正通道调用强度、抢位或缺位风险，不直接等于交换公平或关系质量。,喜忌只修正调用顺畅度与摩擦，不可直接翻译为理想伴侣五行、十神或必然互补。,真合化成立时按化神功能重算用户交换需求；合化争议时停止细化交换通道。,近位提高该交换议题进入关系核心的可能；远位只保留背景或阶段性观察。,94,主通道候选 +18,primary_exchange_channel,EC08 行动保护将七杀功能转译为双人交换通道。,你需要的是关键时刻能行动的人，但行动不能以牺牲你的参与权为代价。,不得仅凭本规则推出双方一定公平、相爱、忠诚、长期稳定或适合结婚；不得把付出多少直接等同爱多少；不得以命理要求单方牺牲、立即回报、原谅、复合或继续关系。现实安全、同意、持续行为、反例与双方协商优先。,中高,待验证,,exchange_channel=EC08; ten_god=七杀; provisional=true; rule_group=EXCHANGE-EC通道,0.4
M5-EXCHANGE-078,EC08 行动保护｜给予方式,L1 十类双向交换通道,EXCHANGE-EC通道,通用,给予,EC08 行动保护,七杀,存在一方主动提供该类支持的现实资料。,只有自述、身份或一次高光。,由共享基础引擎、M3与M5-BASE提供；只修正用户怎样给予、请求、接收和回馈，不直接判断双方现实交换质量。,M2只说明进入关系所需资格证据；不能替代长期双向交换、负荷与修复验证。,M3-BASE、EXPR、CARE和BOUND提供用户自然互动通道；M5-EXCHANGE负责把两人的实际行为合成为交换结构。,无／按本规则指定的给予—请求—接收—反馈—重订路径路由。,近位、远位只修正该交换需求进入亲密关系核心的可能；不得据此判断具体伴侣现实中一定配合。,根气只修正用户交换需求和通道是否稳定重复，不等于双方已形成成熟互惠。,旺弱只修正通道调用强度、抢位或缺位风险，不直接等于交换公平或关系质量。,喜忌只修正调用顺畅度与摩擦，不可直接翻译为理想伴侣五行、十神或必然互补。,真合化成立时按化神功能重算用户交换需求；合化争议时停止细化交换通道。,近位提高该交换议题进入关系核心的可能；远位只保留背景或阶段性观察。,84,+8 给予证据,giving_style,在风险、危机或关键节点迅速行动、止损、保护和推进。,给予方面，较成熟的表现是：在风险、危机或关键节点迅速行动、止损、保护和推进。,不得仅凭本规则推出双方一定公平、相爱、忠诚、长期稳定或适合结婚；不得把付出多少直接等同爱多少；不得以命理要求单方牺牲、立即回报、原谅、复合或继续关系。现实安全、同意、持续行为、反例与双方协商优先。,中,待验证,,exchange_channel=EC08; ten_god=七杀; provisional=true; rule_group=EXCHANGE-EC通道,0.4
M5-EXCHANGE-079,EC08 行动保护｜请求方式,L1 十类双向交换通道,EXCHANGE-EC通道,通用,请求,EC08 行动保护,七杀,存在提出需要、协商支持或分工的资料。,只通过暗示、测试或事后抱怨推断。,由共享基础引擎、M3与M5-BASE提供；只修正用户怎样给予、请求、接收和回馈，不直接判断双方现实交换质量。,M2只说明进入关系所需资格证据；不能替代长期双向交换、负荷与修复验证。,M3-BASE、EXPR、CARE和BOUND提供用户自然互动通道；M5-EXCHANGE负责把两人的实际行为合成为交换结构。,无／按本规则指定的给予—请求—接收—反馈—重订路径路由。,近位、远位只修正该交换需求进入亲密关系核心的可能；不得据此判断具体伴侣现实中一定配合。,根气只修正用户交换需求和通道是否稳定重复，不等于双方已形成成熟互惠。,旺弱只修正通道调用强度、抢位或缺位风险，不直接等于交换公平或关系质量。,喜忌只修正调用顺畅度与摩擦，不可直接翻译为理想伴侣五行、十神或必然互补。,真合化成立时按化神功能重算用户交换需求；合化争议时停止细化交换通道。,近位提高该交换议题进入关系核心的可能；远位只保留背景或阶段性观察。,84,+8 请求证据,request_style,需要帮助时说明紧急程度、授权范围和哪些决定仍需共同确认。,提出需要时，适合采用：需要帮助时说明紧急程度、授权范围和哪些决定仍需共同确认。,不得仅凭本规则推出双方一定公平、相爱、忠诚、长期稳定或适合结婚；不得把付出多少直接等同爱多少；不得以命理要求单方牺牲、立即回报、原谅、复合或继续关系。现实安全、同意、持续行为、反例与双方协商优先。,中,待验证,,exchange_channel=EC08; ten_god=七杀; provisional=true; rule_group=EXCHANGE-EC通道,0.4
M5-EXCHANGE-080,EC08 行动保护｜接收方式,L1 十类双向交换通道,EXCHANGE-EC通道,通用,接收,EC08 行动保护,七杀,存在接受帮助、回应或资源的资料。,把接受支持自动解释为依赖或债务。,由共享基础引擎、M3与M5-BASE提供；只修正用户怎样给予、请求、接收和回馈，不直接判断双方现实交换质量。,M2只说明进入关系所需资格证据；不能替代长期双向交换、负荷与修复验证。,M3-BASE、EXPR、CARE和BOUND提供用户自然互动通道；M5-EXCHANGE负责把两人的实际行为合成为交换结构。,无／按本规则指定的给予—请求—接收—反馈—重订路径路由。,近位、远位只修正该交换需求进入亲密关系核心的可能；不得据此判断具体伴侣现实中一定配合。,根气只修正用户交换需求和通道是否稳定重复，不等于双方已形成成熟互惠。,旺弱只修正通道调用强度、抢位或缺位风险，不直接等于交换公平或关系质量。,喜忌只修正调用顺畅度与摩擦，不可直接翻译为理想伴侣五行、十神或必然互补。,真合化成立时按化神功能重算用户交换需求；合化争议时停止细化交换通道。,近位提高该交换议题进入关系核心的可能；远位只保留背景或阶段性观察。,84,+8 接收证据,receiving_style,可以接受快速帮助，同时保留同意、信息和事后复盘权。,接收支持时，重点是：可以接受快速帮助，同时保留同意、信息和事后复盘权。,不得仅凭本规则推出双方一定公平、相爱、忠诚、长期稳定或适合结婚；不得把付出多少直接等同爱多少；不得以命理要求单方牺牲、立即回报、原谅、复合或继续关系。现实安全、同意、持续行为、反例与双方协商优先。,中,待验证,,exchange_channel=EC08; ten_god=七杀; provisional=true; rule_group=EXCHANGE-EC通道,0.4
M5-EXCHANGE-081,EC08 行动保护｜回馈方式,L1 十类双向交换通道,EXCHANGE-EC通道,通用,回馈,EC08 行动保护,七杀,存在后续回应、错峰回流或其他领域贡献。,要求立即、同领域、等量回报。,由共享基础引擎、M3与M5-BASE提供；只修正用户怎样给予、请求、接收和回馈，不直接判断双方现实交换质量。,M2只说明进入关系所需资格证据；不能替代长期双向交换、负荷与修复验证。,M3-BASE、EXPR、CARE和BOUND提供用户自然互动通道；M5-EXCHANGE负责把两人的实际行为合成为交换结构。,无／按本规则指定的给予—请求—接收—反馈—重订路径路由。,近位、远位只修正该交换需求进入亲密关系核心的可能；不得据此判断具体伴侣现实中一定配合。,根气只修正用户交换需求和通道是否稳定重复，不等于双方已形成成熟互惠。,旺弱只修正通道调用强度、抢位或缺位风险，不直接等于交换公平或关系质量。,喜忌只修正调用顺畅度与摩擦，不可直接翻译为理想伴侣五行、十神或必然互补。,真合化成立时按化神功能重算用户交换需求；合化争议时停止细化交换通道。,近位提高该交换议题进入关系核心的可能；远位只保留背景或阶段性观察。,82,+8 回馈证据,reciprocity_style,通过配合、说明反馈、恢复共同决定和在另一阶段承担行动形成回馈。,回馈不必完全相同，可以通过：通过配合、说明反馈、恢复共同决定和在另一阶段承担行动形成回馈。,不得仅凭本规则推出双方一定公平、相爱、忠诚、长期稳定或适合结婚；不得把付出多少直接等同爱多少；不得以命理要求单方牺牲、立即回报、原谅、复合或继续关系。现实安全、同意、持续行为、反例与双方协商优先。,中,待验证,,exchange_channel=EC08; ten_god=七杀; provisional=true; rule_group=EXCHANGE-EC通道,0.4
M5-EXCHANGE-082,EC08 行动保护｜成熟双向表达,L1 十类双向交换通道,EXCHANGE-EC通道,通用,成熟,EC08 行动保护,七杀,XV4以上，且ED02、ED03、ED09至少两项可靠。,只有一方能力或一次事件。,由共享基础引擎、M3与M5-BASE提供；只修正用户怎样给予、请求、接收和回馈，不直接判断双方现实交换质量。,M2只说明进入关系所需资格证据；不能替代长期双向交换、负荷与修复验证。,M3-BASE、EXPR、CARE和BOUND提供用户自然互动通道；M5-EXCHANGE负责把两人的实际行为合成为交换结构。,无／按本规则指定的给予—请求—接收—反馈—重订路径路由。,近位、远位只修正该交换需求进入亲密关系核心的可能；不得据此判断具体伴侣现实中一定配合。,根气只修正用户交换需求和通道是否稳定重复，不等于双方已形成成熟互惠。,旺弱只修正通道调用强度、抢位或缺位风险，不直接等于交换公平或关系质量。,喜忌只修正调用顺畅度与摩擦，不可直接翻译为理想伴侣五行、十神或必然互补。,真合化成立时按化神功能重算用户交换需求；合化争议时停止细化交换通道。,近位提高该交换议题进入关系核心的可能；远位只保留背景或阶段性观察。,90,成熟 +14,mature_exchange_profile,行动有力，但会区分紧急授权与长期权力；事情结束后主动归还参与权。,成熟交换通常表现为：行动有力，但会区分紧急授权与长期权力；事情结束后主动归还参与权。,不得仅凭本规则推出双方一定公平、相爱、忠诚、长期稳定或适合结婚；不得把付出多少直接等同爱多少；不得以命理要求单方牺牲、立即回报、原谅、复合或继续关系。现实安全、同意、持续行为、反例与双方协商优先。,中高,待验证,,exchange_channel=EC08; ten_god=七杀; provisional=true; rule_group=EXCHANGE-EC通道,0.4
M5-EXCHANGE-083,EC08 行动保护｜失衡与替代候选,L1 十类双向交换通道,EXCHANGE-EC通道,通用,风险,EC08 行动保护,七杀,现实资料显示抢位、替代、负荷或反馈断点。,只有通道强度，没有第二类失衡证据。,由共享基础引擎、M3与M5-BASE提供；只修正用户怎样给予、请求、接收和回馈，不直接判断双方现实交换质量。,M2只说明进入关系所需资格证据；不能替代长期双向交换、负荷与修复验证。,M3-BASE、EXPR、CARE和BOUND提供用户自然互动通道；M5-EXCHANGE负责把两人的实际行为合成为交换结构。,无／按本规则指定的给予—请求—接收—反馈—重订路径路由。,近位、远位只修正该交换需求进入亲密关系核心的可能；不得据此判断具体伴侣现实中一定配合。,根气只修正用户交换需求和通道是否稳定重复，不等于双方已形成成熟互惠。,旺弱只修正通道调用强度、抢位或缺位风险，不直接等于交换公平或关系质量。,喜忌只修正调用顺畅度与摩擦，不可直接翻译为理想伴侣五行、十神或必然互补。,真合化成立时按化神功能重算用户交换需求；合化争议时停止细化交换通道。,近位提高该交换议题进入关系核心的可能；远位只保留背景或阶段性观察。,88,风险 +12,exchange_risk_warning,速度和结果压过同意、反馈与共同决定，保护容易变成接管。,需要留意：速度和结果压过同意、反馈与共同决定，保护容易变成接管。,不得仅凭本规则推出双方一定公平、相爱、忠诚、长期稳定或适合结婚；不得把付出多少直接等同爱多少；不得以命理要求单方牺牲、立即回报、原谅、复合或继续关系。现实安全、同意、持续行为、反例与双方协商优先。,中高,待验证,,exchange_channel=EC08; ten_god=七杀; provisional=true; rule_group=EXCHANGE-EC通道,0.4
M5-EXCHANGE-084,EC08 行动保护｜关键观察与用户输出,L1 十类双向交换通道,EXCHANGE-EC通道,通用,输出,EC08 行动保护,七杀,已形成主或次EC候选。,XR08停止或资料严重不足。,由共享基础引擎、M3与M5-BASE提供；只修正用户怎样给予、请求、接收和回馈，不直接判断双方现实交换质量。,M2只说明进入关系所需资格证据；不能替代长期双向交换、负荷与修复验证。,M3-BASE、EXPR、CARE和BOUND提供用户自然互动通道；M5-EXCHANGE负责把两人的实际行为合成为交换结构。,无／按本规则指定的给予—请求—接收—反馈—重订路径路由。,近位、远位只修正该交换需求进入亲密关系核心的可能；不得据此判断具体伴侣现实中一定配合。,根气只修正用户交换需求和通道是否稳定重复，不等于双方已形成成熟互惠。,旺弱只修正通道调用强度、抢位或缺位风险，不直接等于交换公平或关系质量。,喜忌只修正调用顺畅度与摩擦，不可直接翻译为理想伴侣五行、十神或必然互补。,真合化成立时按化神功能重算用户交换需求；合化争议时停止细化交换通道。,近位提高该交换议题进入关系核心的可能；远位只保留背景或阶段性观察。,76,不加分；输出,observation_plan,高压结束后，决定权、信息和感受是否真正回到双方。,高压结束后，决定权、信息和感受是否真正回到双方。,不得仅凭本规则推出双方一定公平、相爱、忠诚、长期稳定或适合结婚；不得把付出多少直接等同爱多少；不得以命理要求单方牺牲、立即回报、原谅、复合或继续关系。现实安全、同意、持续行为、反例与双方协商优先。,中高,待验证,,exchange_channel=EC08; ten_god=七杀; provisional=true; rule_group=EXCHANGE-EC通道,0.4
M5-EXCHANGE-085,EC09 安全承接｜通道定义,L1 十类双向交换通道,EXCHANGE-EC通道,通用,基础,EC09 安全承接,正印,M5-BASE或PARTNER将该FN路由为主／次交换功能。,安全门控未通过或该通道只属PR3且与主风险冲突。,由共享基础引擎、M3与M5-BASE提供；只修正用户怎样给予、请求、接收和回馈，不直接判断双方现实交换质量。,M2只说明进入关系所需资格证据；不能替代长期双向交换、负荷与修复验证。,M3-BASE、EXPR、CARE和BOUND提供用户自然互动通道；M5-EXCHANGE负责把两人的实际行为合成为交换结构。,无／按本规则指定的给予—请求—接收—反馈—重订路径路由。,近位、远位只修正该交换需求进入亲密关系核心的可能；不得据此判断具体伴侣现实中一定配合。,根气只修正用户交换需求和通道是否稳定重复，不等于双方已形成成熟互惠。,旺弱只修正通道调用强度、抢位或缺位风险，不直接等于交换公平或关系质量。,喜忌只修正调用顺畅度与摩擦，不可直接翻译为理想伴侣五行、十神或必然互补。,真合化成立时按化神功能重算用户交换需求；合化争议时停止细化交换通道。,近位提高该交换议题进入关系核心的可能；远位只保留背景或阶段性观察。,94,主通道候选 +18,primary_exchange_channel,EC09 安全承接将正印功能转译为双人交换通道。,安全感不只是被安慰，还要让理解转成更清楚的边界和现实行动。,不得仅凭本规则推出双方一定公平、相爱、忠诚、长期稳定或适合结婚；不得把付出多少直接等同爱多少；不得以命理要求单方牺牲、立即回报、原谅、复合或继续关系。现实安全、同意、持续行为、反例与双方协商优先。,中高,待验证,,exchange_channel=EC09; ten_god=正印; provisional=true; rule_group=EXCHANGE-EC通道,0.4
M5-EXCHANGE-086,EC09 安全承接｜给予方式,L1 十类双向交换通道,EXCHANGE-EC通道,通用,给予,EC09 安全承接,正印,存在一方主动提供该类支持的现实资料。,只有自述、身份或一次高光。,由共享基础引擎、M3与M5-BASE提供；只修正用户怎样给予、请求、接收和回馈，不直接判断双方现实交换质量。,M2只说明进入关系所需资格证据；不能替代长期双向交换、负荷与修复验证。,M3-BASE、EXPR、CARE和BOUND提供用户自然互动通道；M5-EXCHANGE负责把两人的实际行为合成为交换结构。,无／按本规则指定的给予—请求—接收—反馈—重订路径路由。,近位、远位只修正该交换需求进入亲密关系核心的可能；不得据此判断具体伴侣现实中一定配合。,根气只修正用户交换需求和通道是否稳定重复，不等于双方已形成成熟互惠。,旺弱只修正通道调用强度、抢位或缺位风险，不直接等于交换公平或关系质量。,喜忌只修正调用顺畅度与摩擦，不可直接翻译为理想伴侣五行、十神或必然互补。,真合化成立时按化神功能重算用户交换需求；合化争议时停止细化交换通道。,近位提高该交换议题进入关系核心的可能；远位只保留背景或阶段性观察。,84,+8 给予证据,giving_style,通过倾听、理解、安抚、知识与稳定回应提供支持。,给予方面，较成熟的表现是：通过倾听、理解、安抚、知识与稳定回应提供支持。,不得仅凭本规则推出双方一定公平、相爱、忠诚、长期稳定或适合结婚；不得把付出多少直接等同爱多少；不得以命理要求单方牺牲、立即回报、原谅、复合或继续关系。现实安全、同意、持续行为、反例与双方协商优先。,中,待验证,,exchange_channel=EC09; ten_god=正印; provisional=true; rule_group=EXCHANGE-EC通道,0.4
M5-EXCHANGE-087,EC09 安全承接｜请求方式,L1 十类双向交换通道,EXCHANGE-EC通道,通用,请求,EC09 安全承接,正印,存在提出需要、协商支持或分工的资料。,只通过暗示、测试或事后抱怨推断。,由共享基础引擎、M3与M5-BASE提供；只修正用户怎样给予、请求、接收和回馈，不直接判断双方现实交换质量。,M2只说明进入关系所需资格证据；不能替代长期双向交换、负荷与修复验证。,M3-BASE、EXPR、CARE和BOUND提供用户自然互动通道；M5-EXCHANGE负责把两人的实际行为合成为交换结构。,无／按本规则指定的给予—请求—接收—反馈—重订路径路由。,近位、远位只修正该交换需求进入亲密关系核心的可能；不得据此判断具体伴侣现实中一定配合。,根气只修正用户交换需求和通道是否稳定重复，不等于双方已形成成熟互惠。,旺弱只修正通道调用强度、抢位或缺位风险，不直接等于交换公平或关系质量。,喜忌只修正调用顺畅度与摩擦，不可直接翻译为理想伴侣五行、十神或必然互补。,真合化成立时按化神功能重算用户交换需求；合化争议时停止细化交换通道。,近位提高该交换议题进入关系核心的可能；远位只保留背景或阶段性观察。,84,+8 请求证据,request_style,能够直接说明希望被听见、被理解、获得建议还是得到陪伴。,提出需要时，适合采用：能够直接说明希望被听见、被理解、获得建议还是得到陪伴。,不得仅凭本规则推出双方一定公平、相爱、忠诚、长期稳定或适合结婚；不得把付出多少直接等同爱多少；不得以命理要求单方牺牲、立即回报、原谅、复合或继续关系。现实安全、同意、持续行为、反例与双方协商优先。,中,待验证,,exchange_channel=EC09; ten_god=正印; provisional=true; rule_group=EXCHANGE-EC通道,0.4
M5-EXCHANGE-088,EC09 安全承接｜接收方式,L1 十类双向交换通道,EXCHANGE-EC通道,通用,接收,EC09 安全承接,正印,存在接受帮助、回应或资源的资料。,把接受支持自动解释为依赖或债务。,由共享基础引擎、M3与M5-BASE提供；只修正用户怎样给予、请求、接收和回馈，不直接判断双方现实交换质量。,M2只说明进入关系所需资格证据；不能替代长期双向交换、负荷与修复验证。,M3-BASE、EXPR、CARE和BOUND提供用户自然互动通道；M5-EXCHANGE负责把两人的实际行为合成为交换结构。,无／按本规则指定的给予—请求—接收—反馈—重订路径路由。,近位、远位只修正该交换需求进入亲密关系核心的可能；不得据此判断具体伴侣现实中一定配合。,根气只修正用户交换需求和通道是否稳定重复，不等于双方已形成成熟互惠。,旺弱只修正通道调用强度、抢位或缺位风险，不直接等于交换公平或关系质量。,喜忌只修正调用顺畅度与摩擦，不可直接翻译为理想伴侣五行、十神或必然互补。,真合化成立时按化神功能重算用户交换需求；合化争议时停止细化交换通道。,近位提高该交换议题进入关系核心的可能；远位只保留背景或阶段性观察。,84,+8 接收证据,receiving_style,允许自己接受照顾和理解，同时保留独立判断和拒绝建议的权利。,接收支持时，重点是：允许自己接受照顾和理解，同时保留独立判断和拒绝建议的权利。,不得仅凭本规则推出双方一定公平、相爱、忠诚、长期稳定或适合结婚；不得把付出多少直接等同爱多少；不得以命理要求单方牺牲、立即回报、原谅、复合或继续关系。现实安全、同意、持续行为、反例与双方协商优先。,中,待验证,,exchange_channel=EC09; ten_god=正印; provisional=true; rule_group=EXCHANGE-EC通道,0.4
M5-EXCHANGE-089,EC09 安全承接｜回馈方式,L1 十类双向交换通道,EXCHANGE-EC通道,通用,回馈,EC09 安全承接,正印,存在后续回应、错峰回流或其他领域贡献。,要求立即、同领域、等量回报。,由共享基础引擎、M3与M5-BASE提供；只修正用户怎样给予、请求、接收和回馈，不直接判断双方现实交换质量。,M2只说明进入关系所需资格证据；不能替代长期双向交换、负荷与修复验证。,M3-BASE、EXPR、CARE和BOUND提供用户自然互动通道；M5-EXCHANGE负责把两人的实际行为合成为交换结构。,无／按本规则指定的给予—请求—接收—反馈—重订路径路由。,近位、远位只修正该交换需求进入亲密关系核心的可能；不得据此判断具体伴侣现实中一定配合。,根气只修正用户交换需求和通道是否稳定重复，不等于双方已形成成熟互惠。,旺弱只修正通道调用强度、抢位或缺位风险，不直接等于交换公平或关系质量。,喜忌只修正调用顺畅度与摩擦，不可直接翻译为理想伴侣五行、十神或必然互补。,真合化成立时按化神功能重算用户交换需求；合化争议时停止细化交换通道。,近位提高该交换议题进入关系核心的可能；远位只保留背景或阶段性观察。,82,+8 回馈证据,reciprocity_style,通过情绪可用性、耐心回应、现实支持和在对方需要时承接形成回馈。,回馈不必完全相同，可以通过：通过情绪可用性、耐心回应、现实支持和在对方需要时承接形成回馈。,不得仅凭本规则推出双方一定公平、相爱、忠诚、长期稳定或适合结婚；不得把付出多少直接等同爱多少；不得以命理要求单方牺牲、立即回报、原谅、复合或继续关系。现实安全、同意、持续行为、反例与双方协商优先。,中,待验证,,exchange_channel=EC09; ten_god=正印; provisional=true; rule_group=EXCHANGE-EC通道,0.4
M5-EXCHANGE-090,EC09 安全承接｜成熟双向表达,L1 十类双向交换通道,EXCHANGE-EC通道,通用,成熟,EC09 安全承接,正印,XV4以上，且ED02、ED03、ED09至少两项可靠。,只有一方能力或一次事件。,由共享基础引擎、M3与M5-BASE提供；只修正用户怎样给予、请求、接收和回馈，不直接判断双方现实交换质量。,M2只说明进入关系所需资格证据；不能替代长期双向交换、负荷与修复验证。,M3-BASE、EXPR、CARE和BOUND提供用户自然互动通道；M5-EXCHANGE负责把两人的实际行为合成为交换结构。,无／按本规则指定的给予—请求—接收—反馈—重订路径路由。,近位、远位只修正该交换需求进入亲密关系核心的可能；不得据此判断具体伴侣现实中一定配合。,根气只修正用户交换需求和通道是否稳定重复，不等于双方已形成成熟互惠。,旺弱只修正通道调用强度、抢位或缺位风险，不直接等于交换公平或关系质量。,喜忌只修正调用顺畅度与摩擦，不可直接翻译为理想伴侣五行、十神或必然互补。,真合化成立时按化神功能重算用户交换需求；合化争议时停止细化交换通道。,近位提高该交换议题进入关系核心的可能；远位只保留背景或阶段性观察。,90,成熟 +14,mature_exchange_profile,理解不替代边界和行动；承接之后能帮助双方形成决定和现实调整。,成熟交换通常表现为：理解不替代边界和行动；承接之后能帮助双方形成决定和现实调整。,不得仅凭本规则推出双方一定公平、相爱、忠诚、长期稳定或适合结婚；不得把付出多少直接等同爱多少；不得以命理要求单方牺牲、立即回报、原谅、复合或继续关系。现实安全、同意、持续行为、反例与双方协商优先。,中高,待验证,,exchange_channel=EC09; ten_god=正印; provisional=true; rule_group=EXCHANGE-EC通道,0.4
M5-EXCHANGE-091,EC09 安全承接｜失衡与替代候选,L1 十类双向交换通道,EXCHANGE-EC通道,通用,风险,EC09 安全承接,正印,现实资料显示抢位、替代、负荷或反馈断点。,只有通道强度，没有第二类失衡证据。,由共享基础引擎、M3与M5-BASE提供；只修正用户怎样给予、请求、接收和回馈，不直接判断双方现实交换质量。,M2只说明进入关系所需资格证据；不能替代长期双向交换、负荷与修复验证。,M3-BASE、EXPR、CARE和BOUND提供用户自然互动通道；M5-EXCHANGE负责把两人的实际行为合成为交换结构。,无／按本规则指定的给予—请求—接收—反馈—重订路径路由。,近位、远位只修正该交换需求进入亲密关系核心的可能；不得据此判断具体伴侣现实中一定配合。,根气只修正用户交换需求和通道是否稳定重复，不等于双方已形成成熟互惠。,旺弱只修正通道调用强度、抢位或缺位风险，不直接等于交换公平或关系质量。,喜忌只修正调用顺畅度与摩擦，不可直接翻译为理想伴侣五行、十神或必然互补。,真合化成立时按化神功能重算用户交换需求；合化争议时停止细化交换通道。,近位提高该交换议题进入关系核心的可能；远位只保留背景或阶段性观察。,88,风险 +12,exchange_risk_warning,过度包容、长期合理化，或用理解代替责任、边界和行为改变。,需要留意：过度包容、长期合理化，或用理解代替责任、边界和行为改变。,不得仅凭本规则推出双方一定公平、相爱、忠诚、长期稳定或适合结婚；不得把付出多少直接等同爱多少；不得以命理要求单方牺牲、立即回报、原谅、复合或继续关系。现实安全、同意、持续行为、反例与双方协商优先。,中高,待验证,,exchange_channel=EC09; ten_god=正印; provisional=true; rule_group=EXCHANGE-EC通道,0.4
M5-EXCHANGE-092,EC09 安全承接｜关键观察与用户输出,L1 十类双向交换通道,EXCHANGE-EC通道,通用,输出,EC09 安全承接,正印,已形成主或次EC候选。,XR08停止或资料严重不足。,由共享基础引擎、M3与M5-BASE提供；只修正用户怎样给予、请求、接收和回馈，不直接判断双方现实交换质量。,M2只说明进入关系所需资格证据；不能替代长期双向交换、负荷与修复验证。,M3-BASE、EXPR、CARE和BOUND提供用户自然互动通道；M5-EXCHANGE负责把两人的实际行为合成为交换结构。,无／按本规则指定的给予—请求—接收—反馈—重订路径路由。,近位、远位只修正该交换需求进入亲密关系核心的可能；不得据此判断具体伴侣现实中一定配合。,根气只修正用户交换需求和通道是否稳定重复，不等于双方已形成成熟互惠。,旺弱只修正通道调用强度、抢位或缺位风险，不直接等于交换公平或关系质量。,喜忌只修正调用顺畅度与摩擦，不可直接翻译为理想伴侣五行、十神或必然互补。,真合化成立时按化神功能重算用户交换需求；合化争议时停止细化交换通道。,近位提高该交换议题进入关系核心的可能；远位只保留背景或阶段性观察。,76,不加分；输出,observation_plan,被理解之后，现实安排、责任和边界是否跟着变化。,被理解之后，现实安排、责任和边界是否跟着变化。,不得仅凭本规则推出双方一定公平、相爱、忠诚、长期稳定或适合结婚；不得把付出多少直接等同爱多少；不得以命理要求单方牺牲、立即回报、原谅、复合或继续关系。现实安全、同意、持续行为、反例与双方协商优先。,中高,待验证,,exchange_channel=EC09; ten_god=正印; provisional=true; rule_group=EXCHANGE-EC通道,0.4
M5-EXCHANGE-093,EC10 深度空间支持｜通道定义,L1 十类双向交换通道,EXCHANGE-EC通道,通用,基础,EC10 深度空间支持,偏印,M5-BASE或PARTNER将该FN路由为主／次交换功能。,安全门控未通过或该通道只属PR3且与主风险冲突。,由共享基础引擎、M3与M5-BASE提供；只修正用户怎样给予、请求、接收和回馈，不直接判断双方现实交换质量。,M2只说明进入关系所需资格证据；不能替代长期双向交换、负荷与修复验证。,M3-BASE、EXPR、CARE和BOUND提供用户自然互动通道；M5-EXCHANGE负责把两人的实际行为合成为交换结构。,无／按本规则指定的给予—请求—接收—反馈—重订路径路由。,近位、远位只修正该交换需求进入亲密关系核心的可能；不得据此判断具体伴侣现实中一定配合。,根气只修正用户交换需求和通道是否稳定重复，不等于双方已形成成熟互惠。,旺弱只修正通道调用强度、抢位或缺位风险，不直接等于交换公平或关系质量。,喜忌只修正调用顺畅度与摩擦，不可直接翻译为理想伴侣五行、十神或必然互补。,真合化成立时按化神功能重算用户交换需求；合化争议时停止细化交换通道。,近位提高该交换议题进入关系核心的可能；远位只保留背景或阶段性观察。,94,主通道候选 +18,primary_exchange_channel,EC10 深度空间支持将偏印功能转译为双人交换通道。,空间可以保护关系，但必须有最低连接和清楚的回来方式。,不得仅凭本规则推出双方一定公平、相爱、忠诚、长期稳定或适合结婚；不得把付出多少直接等同爱多少；不得以命理要求单方牺牲、立即回报、原谅、复合或继续关系。现实安全、同意、持续行为、反例与双方协商优先。,中高,待验证,,exchange_channel=EC10; ten_god=偏印; provisional=true; rule_group=EXCHANGE-EC通道,0.4
M5-EXCHANGE-094,EC10 深度空间支持｜给予方式,L1 十类双向交换通道,EXCHANGE-EC通道,通用,给予,EC10 深度空间支持,偏印,存在一方主动提供该类支持的现实资料。,只有自述、身份或一次高光。,由共享基础引擎、M3与M5-BASE提供；只修正用户怎样给予、请求、接收和回馈，不直接判断双方现实交换质量。,M2只说明进入关系所需资格证据；不能替代长期双向交换、负荷与修复验证。,M3-BASE、EXPR、CARE和BOUND提供用户自然互动通道；M5-EXCHANGE负责把两人的实际行为合成为交换结构。,无／按本规则指定的给予—请求—接收—反馈—重订路径路由。,近位、远位只修正该交换需求进入亲密关系核心的可能；不得据此判断具体伴侣现实中一定配合。,根气只修正用户交换需求和通道是否稳定重复，不等于双方已形成成熟互惠。,旺弱只修正通道调用强度、抢位或缺位风险，不直接等于交换公平或关系质量。,喜忌只修正调用顺畅度与摩擦，不可直接翻译为理想伴侣五行、十神或必然互补。,真合化成立时按化神功能重算用户交换需求；合化争议时停止细化交换通道。,近位提高该交换议题进入关系核心的可能；远位只保留背景或阶段性观察。,84,+8 给予证据,giving_style,通过洞察、专业方法、选择性交流和尊重私人空间提供支持。,给予方面，较成熟的表现是：通过洞察、专业方法、选择性交流和尊重私人空间提供支持。,不得仅凭本规则推出双方一定公平、相爱、忠诚、长期稳定或适合结婚；不得把付出多少直接等同爱多少；不得以命理要求单方牺牲、立即回报、原谅、复合或继续关系。现实安全、同意、持续行为、反例与双方协商优先。,中,待验证,,exchange_channel=EC10; ten_god=偏印; provisional=true; rule_group=EXCHANGE-EC通道,0.4
M5-EXCHANGE-095,EC10 深度空间支持｜请求方式,L1 十类双向交换通道,EXCHANGE-EC通道,通用,请求,EC10 深度空间支持,偏印,存在提出需要、协商支持或分工的资料。,只通过暗示、测试或事后抱怨推断。,由共享基础引擎、M3与M5-BASE提供；只修正用户怎样给予、请求、接收和回馈，不直接判断双方现实交换质量。,M2只说明进入关系所需资格证据；不能替代长期双向交换、负荷与修复验证。,M3-BASE、EXPR、CARE和BOUND提供用户自然互动通道；M5-EXCHANGE负责把两人的实际行为合成为交换结构。,无／按本规则指定的给予—请求—接收—反馈—重订路径路由。,近位、远位只修正该交换需求进入亲密关系核心的可能；不得据此判断具体伴侣现实中一定配合。,根气只修正用户交换需求和通道是否稳定重复，不等于双方已形成成熟互惠。,旺弱只修正通道调用强度、抢位或缺位风险，不直接等于交换公平或关系质量。,喜忌只修正调用顺畅度与摩擦，不可直接翻译为理想伴侣五行、十神或必然互补。,真合化成立时按化神功能重算用户交换需求；合化争议时停止细化交换通道。,近位提高该交换议题进入关系核心的可能；远位只保留背景或阶段性观察。,84,+8 请求证据,request_style,需要空间时说明目的、范围、最低连接和回归时间。,提出需要时，适合采用：需要空间时说明目的、范围、最低连接和回归时间。,不得仅凭本规则推出双方一定公平、相爱、忠诚、长期稳定或适合结婚；不得把付出多少直接等同爱多少；不得以命理要求单方牺牲、立即回报、原谅、复合或继续关系。现实安全、同意、持续行为、反例与双方协商优先。,中,待验证,,exchange_channel=EC10; ten_god=偏印; provisional=true; rule_group=EXCHANGE-EC通道,0.4
M5-EXCHANGE-096,EC10 深度空间支持｜接收方式,L1 十类双向交换通道,EXCHANGE-EC通道,通用,接收,EC10 深度空间支持,偏印,存在接受帮助、回应或资源的资料。,把接受支持自动解释为依赖或债务。,由共享基础引擎、M3与M5-BASE提供；只修正用户怎样给予、请求、接收和回馈，不直接判断双方现实交换质量。,M2只说明进入关系所需资格证据；不能替代长期双向交换、负荷与修复验证。,M3-BASE、EXPR、CARE和BOUND提供用户自然互动通道；M5-EXCHANGE负责把两人的实际行为合成为交换结构。,无／按本规则指定的给予—请求—接收—反馈—重订路径路由。,近位、远位只修正该交换需求进入亲密关系核心的可能；不得据此判断具体伴侣现实中一定配合。,根气只修正用户交换需求和通道是否稳定重复，不等于双方已形成成熟互惠。,旺弱只修正通道调用强度、抢位或缺位风险，不直接等于交换公平或关系质量。,喜忌只修正调用顺畅度与摩擦，不可直接翻译为理想伴侣五行、十神或必然互补。,真合化成立时按化神功能重算用户交换需求；合化争议时停止细化交换通道。,近位提高该交换议题进入关系核心的可能；远位只保留背景或阶段性观察。,84,+8 接收证据,receiving_style,能够接受低频、深度或非即时的支持，同时确认重要信息不会长期缺失。,接收支持时，重点是：能够接受低频、深度或非即时的支持，同时确认重要信息不会长期缺失。,不得仅凭本规则推出双方一定公平、相爱、忠诚、长期稳定或适合结婚；不得把付出多少直接等同爱多少；不得以命理要求单方牺牲、立即回报、原谅、复合或继续关系。现实安全、同意、持续行为、反例与双方协商优先。,中,待验证,,exchange_channel=EC10; ten_god=偏印; provisional=true; rule_group=EXCHANGE-EC通道,0.4
M5-EXCHANGE-097,EC10 深度空间支持｜回馈方式,L1 十类双向交换通道,EXCHANGE-EC通道,通用,回馈,EC10 深度空间支持,偏印,存在后续回应、错峰回流或其他领域贡献。,要求立即、同领域、等量回报。,由共享基础引擎、M3与M5-BASE提供；只修正用户怎样给予、请求、接收和回馈，不直接判断双方现实交换质量。,M2只说明进入关系所需资格证据；不能替代长期双向交换、负荷与修复验证。,M3-BASE、EXPR、CARE和BOUND提供用户自然互动通道；M5-EXCHANGE负责把两人的实际行为合成为交换结构。,无／按本规则指定的给予—请求—接收—反馈—重订路径路由。,近位、远位只修正该交换需求进入亲密关系核心的可能；不得据此判断具体伴侣现实中一定配合。,根气只修正用户交换需求和通道是否稳定重复，不等于双方已形成成熟互惠。,旺弱只修正通道调用强度、抢位或缺位风险，不直接等于交换公平或关系质量。,喜忌只修正调用顺畅度与摩擦，不可直接翻译为理想伴侣五行、十神或必然互补。,真合化成立时按化神功能重算用户交换需求；合化争议时停止细化交换通道。,近位提高该交换议题进入关系核心的可能；远位只保留背景或阶段性观察。,82,+8 回馈证据,reciprocity_style,整理后主动回来、回应重点、分享洞察并恢复关系连接。,回馈不必完全相同，可以通过：整理后主动回来、回应重点、分享洞察并恢复关系连接。,不得仅凭本规则推出双方一定公平、相爱、忠诚、长期稳定或适合结婚；不得把付出多少直接等同爱多少；不得以命理要求单方牺牲、立即回报、原谅、复合或继续关系。现实安全、同意、持续行为、反例与双方协商优先。,中,待验证,,exchange_channel=EC10; ten_god=偏印; provisional=true; rule_group=EXCHANGE-EC通道,0.4
M5-EXCHANGE-098,EC10 深度空间支持｜成熟双向表达,L1 十类双向交换通道,EXCHANGE-EC通道,通用,成熟,EC10 深度空间支持,偏印,XV4以上，且ED02、ED03、ED09至少两项可靠。,只有一方能力或一次事件。,由共享基础引擎、M3与M5-BASE提供；只修正用户怎样给予、请求、接收和回馈，不直接判断双方现实交换质量。,M2只说明进入关系所需资格证据；不能替代长期双向交换、负荷与修复验证。,M3-BASE、EXPR、CARE和BOUND提供用户自然互动通道；M5-EXCHANGE负责把两人的实际行为合成为交换结构。,无／按本规则指定的给予—请求—接收—反馈—重订路径路由。,近位、远位只修正该交换需求进入亲密关系核心的可能；不得据此判断具体伴侣现实中一定配合。,根气只修正用户交换需求和通道是否稳定重复，不等于双方已形成成熟互惠。,旺弱只修正通道调用强度、抢位或缺位风险，不直接等于交换公平或关系质量。,喜忌只修正调用顺畅度与摩擦，不可直接翻译为理想伴侣五行、十神或必然互补。,真合化成立时按化神功能重算用户交换需求；合化争议时停止细化交换通道。,近位提高该交换议题进入关系核心的可能；远位只保留背景或阶段性观察。,90,成熟 +14,mature_exchange_profile,允许双方独立消化，也维持最低连接、明确回归和重要议题回应。,成熟交换通常表现为：允许双方独立消化，也维持最低连接、明确回归和重要议题回应。,不得仅凭本规则推出双方一定公平、相爱、忠诚、长期稳定或适合结婚；不得把付出多少直接等同爱多少；不得以命理要求单方牺牲、立即回报、原谅、复合或继续关系。现实安全、同意、持续行为、反例与双方协商优先。,中高,待验证,,exchange_channel=EC10; ten_god=偏印; provisional=true; rule_group=EXCHANGE-EC通道,0.4
M5-EXCHANGE-099,EC10 深度空间支持｜失衡与替代候选,L1 十类双向交换通道,EXCHANGE-EC通道,通用,风险,EC10 深度空间支持,偏印,现实资料显示抢位、替代、负荷或反馈断点。,只有通道强度，没有第二类失衡证据。,由共享基础引擎、M3与M5-BASE提供；只修正用户怎样给予、请求、接收和回馈，不直接判断双方现实交换质量。,M2只说明进入关系所需资格证据；不能替代长期双向交换、负荷与修复验证。,M3-BASE、EXPR、CARE和BOUND提供用户自然互动通道；M5-EXCHANGE负责把两人的实际行为合成为交换结构。,无／按本规则指定的给予—请求—接收—反馈—重订路径路由。,近位、远位只修正该交换需求进入亲密关系核心的可能；不得据此判断具体伴侣现实中一定配合。,根气只修正用户交换需求和通道是否稳定重复，不等于双方已形成成熟互惠。,旺弱只修正通道调用强度、抢位或缺位风险，不直接等于交换公平或关系质量。,喜忌只修正调用顺畅度与摩擦，不可直接翻译为理想伴侣五行、十神或必然互补。,真合化成立时按化神功能重算用户交换需求；合化争议时停止细化交换通道。,近位提高该交换议题进入关系核心的可能；远位只保留背景或阶段性观察。,88,风险 +12,exchange_risk_warning,空间不断延长、选择性回应过少，暂停逐渐替代沟通和责任。,需要留意：空间不断延长、选择性回应过少，暂停逐渐替代沟通和责任。,不得仅凭本规则推出双方一定公平、相爱、忠诚、长期稳定或适合结婚；不得把付出多少直接等同爱多少；不得以命理要求单方牺牲、立即回报、原谅、复合或继续关系。现实安全、同意、持续行为、反例与双方协商优先。,中高,待验证,,exchange_channel=EC10; ten_god=偏印; provisional=true; rule_group=EXCHANGE-EC通道,0.4
M5-EXCHANGE-100,EC10 深度空间支持｜关键观察与用户输出,L1 十类双向交换通道,EXCHANGE-EC通道,通用,输出,EC10 深度空间支持,偏印,已形成主或次EC候选。,XR08停止或资料严重不足。,由共享基础引擎、M3与M5-BASE提供；只修正用户怎样给予、请求、接收和回馈，不直接判断双方现实交换质量。,M2只说明进入关系所需资格证据；不能替代长期双向交换、负荷与修复验证。,M3-BASE、EXPR、CARE和BOUND提供用户自然互动通道；M5-EXCHANGE负责把两人的实际行为合成为交换结构。,无／按本规则指定的给予—请求—接收—反馈—重订路径路由。,近位、远位只修正该交换需求进入亲密关系核心的可能；不得据此判断具体伴侣现实中一定配合。,根气只修正用户交换需求和通道是否稳定重复，不等于双方已形成成熟互惠。,旺弱只修正通道调用强度、抢位或缺位风险，不直接等于交换公平或关系质量。,喜忌只修正调用顺畅度与摩擦，不可直接翻译为理想伴侣五行、十神或必然互补。,真合化成立时按化神功能重算用户交换需求；合化争议时停止细化交换通道。,近位提高该交换议题进入关系核心的可能；远位只保留背景或阶段性观察。,76,不加分；输出,observation_plan,提出空间后是否说明回归点，整理完成后是否主动回来并处理重要问题。,提出空间后是否说明回归点，整理完成后是否主动回来并处理重要问题。,不得仅凭本规则推出双方一定公平、相爱、忠诚、长期稳定或适合结婚；不得把付出多少直接等同爱多少；不得以命理要求单方牺牲、立即回报、原谅、复合或继续关系。现实安全、同意、持续行为、反例与双方协商优先。,中高,待验证,,exchange_channel=EC10; ten_god=偏印; provisional=true; rule_group=EXCHANGE-EC通道,0.4
M5-EXCHANGE-101,ED01 贡献可见度｜正式定义,L2 交换过程维度,EXCHANGE-ED维度,通用,定义,ED01,贡献可见度,存在具体双人交换资料。,只有命盘需求或单方抽象评价。,由共享基础引擎、M3与M5-BASE提供；只修正用户怎样给予、请求、接收和回馈，不直接判断双方现实交换质量。,M2只说明进入关系所需资格证据；不能替代长期双向交换、负荷与修复验证。,M3-BASE、EXPR、CARE和BOUND提供用户自然互动通道；M5-EXCHANGE负责把两人的实际行为合成为交换结构。,无／按本规则指定的给予—请求—接收—反馈—重订路径路由。,近位、远位只修正该交换需求进入亲密关系核心的可能；不得据此判断具体伴侣现实中一定配合。,根气只修正用户交换需求和通道是否稳定重复，不等于双方已形成成熟互惠。,旺弱只修正通道调用强度、抢位或缺位风险，不直接等于交换公平或关系质量。,喜忌只修正调用顺畅度与摩擦，不可直接翻译为理想伴侣五行、十神或必然互补。,真合化成立时按化神功能重算用户交换需求；合化争议时停止细化交换通道。,近位提高该交换议题进入关系核心的可能；远位只保留背景或阶段性观察。,94,不加分；定义,exchange_dimensions,双方是否能够看见并说出彼此实际投入，而不是只看最显眼的那一种。,可见不等于全部；隐性投入也需要被确认。,不得仅凭本规则推出双方一定公平、相爱、忠诚、长期稳定或适合结婚；不得把付出多少直接等同爱多少；不得以命理要求单方牺牲、立即回报、原谅、复合或继续关系。现实安全、同意、持续行为、反例与双方协商优先。,高,待验证,,exchange_dimension=ED01; provisional=true; rule_group=EXCHANGE-ED维度,0.4
M5-EXCHANGE-102,ED01 贡献可见度｜可靠证据,L2 交换过程维度,EXCHANGE-ED维度,通用,证据,ED01,贡献可见度,跨领域列出时间、情绪劳动、资源、责任和修复投入。,同源重复、一次高光或只有一方自述。,由共享基础引擎、M3与M5-BASE提供；只修正用户怎样给予、请求、接收和回馈，不直接判断双方现实交换质量。,M2只说明进入关系所需资格证据；不能替代长期双向交换、负荷与修复验证。,M3-BASE、EXPR、CARE和BOUND提供用户自然互动通道；M5-EXCHANGE负责把两人的实际行为合成为交换结构。,无／按本规则指定的给予—请求—接收—反馈—重订路径路由。,近位、远位只修正该交换需求进入亲密关系核心的可能；不得据此判断具体伴侣现实中一定配合。,根气只修正用户交换需求和通道是否稳定重复，不等于双方已形成成熟互惠。,旺弱只修正通道调用强度、抢位或缺位风险，不直接等于交换公平或关系质量。,喜忌只修正调用顺畅度与摩擦，不可直接翻译为理想伴侣五行、十神或必然互补。,真合化成立时按化神功能重算用户交换需求；合化争议时停止细化交换通道。,近位提高该交换议题进入关系核心的可能；远位只保留背景或阶段性观察。,86,+10 可靠证据,exchange_evidence_level,贡献可见度的可靠证据需要：跨领域列出时间、情绪劳动、资源、责任和修复投入。,这项交换要看：跨领域列出时间、情绪劳动、资源、责任和修复投入。,不得仅凭本规则推出双方一定公平、相爱、忠诚、长期稳定或适合结婚；不得把付出多少直接等同爱多少；不得以命理要求单方牺牲、立即回报、原谅、复合或继续关系。现实安全、同意、持续行为、反例与双方协商优先。,中高,待验证,,exchange_dimension=ED01; provisional=true; rule_group=EXCHANGE-ED维度,0.4
M5-EXCHANGE-103,ED01 贡献可见度｜不足与假阳性,L2 交换过程维度,EXCHANGE-ED维度,通用,降级,ED01,贡献可见度,出现不足情形。,XV5以上且反例检验支持成熟结构。,由共享基础引擎、M3与M5-BASE提供；只修正用户怎样给予、请求、接收和回馈，不直接判断双方现实交换质量。,M2只说明进入关系所需资格证据；不能替代长期双向交换、负荷与修复验证。,M3-BASE、EXPR、CARE和BOUND提供用户自然互动通道；M5-EXCHANGE负责把两人的实际行为合成为交换结构。,无／按本规则指定的给予—请求—接收—反馈—重订路径路由。,近位、远位只修正该交换需求进入亲密关系核心的可能；不得据此判断具体伴侣现实中一定配合。,根气只修正用户交换需求和通道是否稳定重复，不等于双方已形成成熟互惠。,旺弱只修正通道调用强度、抢位或缺位风险，不直接等于交换公平或关系质量。,喜忌只修正调用顺畅度与摩擦，不可直接翻译为理想伴侣五行、十神或必然互补。,真合化成立时按化神功能重算用户交换需求；合化争议时停止细化交换通道。,近位提高该交换议题进入关系核心的可能；远位只保留背景或阶段性观察。,90,-10／降级,pseudo_reciprocity_warning,贡献可见度不能由以下资料直接成立：只统计金钱、礼物、做事次数或口头表达。,目前不能只凭：只统计金钱、礼物、做事次数或口头表达。,不得仅凭本规则推出双方一定公平、相爱、忠诚、长期稳定或适合结婚；不得把付出多少直接等同爱多少；不得以命理要求单方牺牲、立即回报、原谅、复合或继续关系。现实安全、同意、持续行为、反例与双方协商优先。,中高,待验证,,exchange_dimension=ED01; provisional=true; rule_group=EXCHANGE-ED维度,0.4
M5-EXCHANGE-104,ED01 贡献可见度｜工程评分,L2 交换过程维度,EXCHANGE-ED维度,通用,评分,ED01,贡献可见度,该维度与主EC或EM任务一致，来源独立。,只是同一事件的重复解释。,由共享基础引擎、M3与M5-BASE提供；只修正用户怎样给予、请求、接收和回馈，不直接判断双方现实交换质量。,M2只说明进入关系所需资格证据；不能替代长期双向交换、负荷与修复验证。,M3-BASE、EXPR、CARE和BOUND提供用户自然互动通道；M5-EXCHANGE负责把两人的实际行为合成为交换结构。,无／按本规则指定的给予—请求—接收—反馈—重订路径路由。,近位、远位只修正该交换需求进入亲密关系核心的可能；不得据此判断具体伴侣现实中一定配合。,根气只修正用户交换需求和通道是否稳定重复，不等于双方已形成成熟互惠。,旺弱只修正通道调用强度、抢位或缺位风险，不直接等于交换公平或关系质量。,喜忌只修正调用顺畅度与摩擦，不可直接翻译为理想伴侣五行、十神或必然互补。,真合化成立时按化神功能重算用户交换需求；合化争议时停止细化交换通道。,近位提高该交换议题进入关系核心的可能；远位只保留背景或阶段性观察。,72,+4至+12；按XV层级,confidence,ED01只作为交换证据，不重新计算命盘基础权重。,可见不等于全部；隐性投入也需要被确认。,不得仅凭本规则推出双方一定公平、相爱、忠诚、长期稳定或适合结婚；不得把付出多少直接等同爱多少；不得以命理要求单方牺牲、立即回报、原谅、复合或继续关系。现实安全、同意、持续行为、反例与双方协商优先。,中,待验证,,exchange_dimension=ED01; provisional=true; rule_group=EXCHANGE-ED维度,0.4
M5-EXCHANGE-105,ED01 贡献可见度｜标准用户语言,L2 交换过程维度,EXCHANGE-ED维度,通用,输出,ED01,贡献可见度,完成该维度裁决。,结论仍未定。,由共享基础引擎、M3与M5-BASE提供；只修正用户怎样给予、请求、接收和回馈，不直接判断双方现实交换质量。,M2只说明进入关系所需资格证据；不能替代长期双向交换、负荷与修复验证。,M3-BASE、EXPR、CARE和BOUND提供用户自然互动通道；M5-EXCHANGE负责把两人的实际行为合成为交换结构。,无／按本规则指定的给予—请求—接收—反馈—重订路径路由。,近位、远位只修正该交换需求进入亲密关系核心的可能；不得据此判断具体伴侣现实中一定配合。,根气只修正用户交换需求和通道是否稳定重复，不等于双方已形成成熟互惠。,旺弱只修正通道调用强度、抢位或缺位风险，不直接等于交换公平或关系质量。,喜忌只修正调用顺畅度与摩擦，不可直接翻译为理想伴侣五行、十神或必然互补。,真合化成立时按化神功能重算用户交换需求；合化争议时停止细化交换通道。,近位提高该交换议题进入关系核心的可能；远位只保留背景或阶段性观察。,70,不加分；输出,report_text,可见不等于全部；隐性投入也需要被确认。,交换重点：可见不等于全部；隐性投入也需要被确认。,不得仅凭本规则推出双方一定公平、相爱、忠诚、长期稳定或适合结婚；不得把付出多少直接等同爱多少；不得以命理要求单方牺牲、立即回报、原谅、复合或继续关系。现实安全、同意、持续行为、反例与双方协商优先。,中高,待验证,,exchange_dimension=ED01; provisional=true; rule_group=EXCHANGE-ED维度,0.4
M5-EXCHANGE-106,ED02 请求清晰度｜正式定义,L2 交换过程维度,EXCHANGE-ED维度,通用,定义,ED02,请求清晰度,存在具体双人交换资料。,只有命盘需求或单方抽象评价。,由共享基础引擎、M3与M5-BASE提供；只修正用户怎样给予、请求、接收和回馈，不直接判断双方现实交换质量。,M2只说明进入关系所需资格证据；不能替代长期双向交换、负荷与修复验证。,M3-BASE、EXPR、CARE和BOUND提供用户自然互动通道；M5-EXCHANGE负责把两人的实际行为合成为交换结构。,无／按本规则指定的给予—请求—接收—反馈—重订路径路由。,近位、远位只修正该交换需求进入亲密关系核心的可能；不得据此判断具体伴侣现实中一定配合。,根气只修正用户交换需求和通道是否稳定重复，不等于双方已形成成熟互惠。,旺弱只修正通道调用强度、抢位或缺位风险，不直接等于交换公平或关系质量。,喜忌只修正调用顺畅度与摩擦，不可直接翻译为理想伴侣五行、十神或必然互补。,真合化成立时按化神功能重算用户交换需求；合化争议时停止细化交换通道。,近位提高该交换议题进入关系核心的可能；远位只保留背景或阶段性观察。,94,不加分；定义,exchange_dimensions,需要能否被具体提出，而不是期待对方自动猜到。,能请求，交换才有清楚入口。,不得仅凭本规则推出双方一定公平、相爱、忠诚、长期稳定或适合结婚；不得把付出多少直接等同爱多少；不得以命理要求单方牺牲、立即回报、原谅、复合或继续关系。现实安全、同意、持续行为、反例与双方协商优先。,高,待验证,,exchange_dimension=ED02; provisional=true; rule_group=EXCHANGE-ED维度,0.4
M5-EXCHANGE-107,ED02 请求清晰度｜可靠证据,L2 交换过程维度,EXCHANGE-ED维度,通用,证据,ED02,请求清晰度,说明需要什么、希望怎样回应、何时完成和哪些部分可协商。,同源重复、一次高光或只有一方自述。,由共享基础引擎、M3与M5-BASE提供；只修正用户怎样给予、请求、接收和回馈，不直接判断双方现实交换质量。,M2只说明进入关系所需资格证据；不能替代长期双向交换、负荷与修复验证。,M3-BASE、EXPR、CARE和BOUND提供用户自然互动通道；M5-EXCHANGE负责把两人的实际行为合成为交换结构。,无／按本规则指定的给予—请求—接收—反馈—重订路径路由。,近位、远位只修正该交换需求进入亲密关系核心的可能；不得据此判断具体伴侣现实中一定配合。,根气只修正用户交换需求和通道是否稳定重复，不等于双方已形成成熟互惠。,旺弱只修正通道调用强度、抢位或缺位风险，不直接等于交换公平或关系质量。,喜忌只修正调用顺畅度与摩擦，不可直接翻译为理想伴侣五行、十神或必然互补。,真合化成立时按化神功能重算用户交换需求；合化争议时停止细化交换通道。,近位提高该交换议题进入关系核心的可能；远位只保留背景或阶段性观察。,86,+10 可靠证据,exchange_evidence_level,请求清晰度的可靠证据需要：说明需要什么、希望怎样回应、何时完成和哪些部分可协商。,这项交换要看：说明需要什么、希望怎样回应、何时完成和哪些部分可协商。,不得仅凭本规则推出双方一定公平、相爱、忠诚、长期稳定或适合结婚；不得把付出多少直接等同爱多少；不得以命理要求单方牺牲、立即回报、原谅、复合或继续关系。现实安全、同意、持续行为、反例与双方协商优先。,中高,待验证,,exchange_dimension=ED02; provisional=true; rule_group=EXCHANGE-ED维度,0.4
M5-EXCHANGE-108,ED02 请求清晰度｜不足与假阳性,L2 交换过程维度,EXCHANGE-ED维度,通用,降级,ED02,请求清晰度,出现不足情形。,XV5以上且反例检验支持成熟结构。,由共享基础引擎、M3与M5-BASE提供；只修正用户怎样给予、请求、接收和回馈，不直接判断双方现实交换质量。,M2只说明进入关系所需资格证据；不能替代长期双向交换、负荷与修复验证。,M3-BASE、EXPR、CARE和BOUND提供用户自然互动通道；M5-EXCHANGE负责把两人的实际行为合成为交换结构。,无／按本规则指定的给予—请求—接收—反馈—重订路径路由。,近位、远位只修正该交换需求进入亲密关系核心的可能；不得据此判断具体伴侣现实中一定配合。,根气只修正用户交换需求和通道是否稳定重复，不等于双方已形成成熟互惠。,旺弱只修正通道调用强度、抢位或缺位风险，不直接等于交换公平或关系质量。,喜忌只修正调用顺畅度与摩擦，不可直接翻译为理想伴侣五行、十神或必然互补。,真合化成立时按化神功能重算用户交换需求；合化争议时停止细化交换通道。,近位提高该交换议题进入关系核心的可能；远位只保留背景或阶段性观察。,90,-10／降级,pseudo_reciprocity_warning,请求清晰度不能由以下资料直接成立：只表达不满、暗示、测试或让对方证明爱。,目前不能只凭：只表达不满、暗示、测试或让对方证明爱。,不得仅凭本规则推出双方一定公平、相爱、忠诚、长期稳定或适合结婚；不得把付出多少直接等同爱多少；不得以命理要求单方牺牲、立即回报、原谅、复合或继续关系。现实安全、同意、持续行为、反例与双方协商优先。,中高,待验证,,exchange_dimension=ED02; provisional=true; rule_group=EXCHANGE-ED维度,0.4
M5-EXCHANGE-109,ED02 请求清晰度｜工程评分,L2 交换过程维度,EXCHANGE-ED维度,通用,评分,ED02,请求清晰度,该维度与主EC或EM任务一致，来源独立。,只是同一事件的重复解释。,由共享基础引擎、M3与M5-BASE提供；只修正用户怎样给予、请求、接收和回馈，不直接判断双方现实交换质量。,M2只说明进入关系所需资格证据；不能替代长期双向交换、负荷与修复验证。,M3-BASE、EXPR、CARE和BOUND提供用户自然互动通道；M5-EXCHANGE负责把两人的实际行为合成为交换结构。,无／按本规则指定的给予—请求—接收—反馈—重订路径路由。,近位、远位只修正该交换需求进入亲密关系核心的可能；不得据此判断具体伴侣现实中一定配合。,根气只修正用户交换需求和通道是否稳定重复，不等于双方已形成成熟互惠。,旺弱只修正通道调用强度、抢位或缺位风险，不直接等于交换公平或关系质量。,喜忌只修正调用顺畅度与摩擦，不可直接翻译为理想伴侣五行、十神或必然互补。,真合化成立时按化神功能重算用户交换需求；合化争议时停止细化交换通道。,近位提高该交换议题进入关系核心的可能；远位只保留背景或阶段性观察。,72,+4至+12；按XV层级,confidence,ED02只作为交换证据，不重新计算命盘基础权重。,能请求，交换才有清楚入口。,不得仅凭本规则推出双方一定公平、相爱、忠诚、长期稳定或适合结婚；不得把付出多少直接等同爱多少；不得以命理要求单方牺牲、立即回报、原谅、复合或继续关系。现实安全、同意、持续行为、反例与双方协商优先。,中,待验证,,exchange_dimension=ED02; provisional=true; rule_group=EXCHANGE-ED维度,0.4
M5-EXCHANGE-110,ED02 请求清晰度｜标准用户语言,L2 交换过程维度,EXCHANGE-ED维度,通用,输出,ED02,请求清晰度,完成该维度裁决。,结论仍未定。,由共享基础引擎、M3与M5-BASE提供；只修正用户怎样给予、请求、接收和回馈，不直接判断双方现实交换质量。,M2只说明进入关系所需资格证据；不能替代长期双向交换、负荷与修复验证。,M3-BASE、EXPR、CARE和BOUND提供用户自然互动通道；M5-EXCHANGE负责把两人的实际行为合成为交换结构。,无／按本规则指定的给予—请求—接收—反馈—重订路径路由。,近位、远位只修正该交换需求进入亲密关系核心的可能；不得据此判断具体伴侣现实中一定配合。,根气只修正用户交换需求和通道是否稳定重复，不等于双方已形成成熟互惠。,旺弱只修正通道调用强度、抢位或缺位风险，不直接等于交换公平或关系质量。,喜忌只修正调用顺畅度与摩擦，不可直接翻译为理想伴侣五行、十神或必然互补。,真合化成立时按化神功能重算用户交换需求；合化争议时停止细化交换通道。,近位提高该交换议题进入关系核心的可能；远位只保留背景或阶段性观察。,70,不加分；输出,report_text,能请求，交换才有清楚入口。,交换重点：能请求，交换才有清楚入口。,不得仅凭本规则推出双方一定公平、相爱、忠诚、长期稳定或适合结婚；不得把付出多少直接等同爱多少；不得以命理要求单方牺牲、立即回报、原谅、复合或继续关系。现实安全、同意、持续行为、反例与双方协商优先。,中高,待验证,,exchange_dimension=ED02; provisional=true; rule_group=EXCHANGE-ED维度,0.4
M5-EXCHANGE-111,ED03 接收能力｜正式定义,L2 交换过程维度,EXCHANGE-ED维度,通用,定义,ED03,接收能力,存在具体双人交换资料。,只有命盘需求或单方抽象评价。,由共享基础引擎、M3与M5-BASE提供；只修正用户怎样给予、请求、接收和回馈，不直接判断双方现实交换质量。,M2只说明进入关系所需资格证据；不能替代长期双向交换、负荷与修复验证。,M3-BASE、EXPR、CARE和BOUND提供用户自然互动通道；M5-EXCHANGE负责把两人的实际行为合成为交换结构。,无／按本规则指定的给予—请求—接收—反馈—重订路径路由。,近位、远位只修正该交换需求进入亲密关系核心的可能；不得据此判断具体伴侣现实中一定配合。,根气只修正用户交换需求和通道是否稳定重复，不等于双方已形成成熟互惠。,旺弱只修正通道调用强度、抢位或缺位风险，不直接等于交换公平或关系质量。,喜忌只修正调用顺畅度与摩擦，不可直接翻译为理想伴侣五行、十神或必然互补。,真合化成立时按化神功能重算用户交换需求；合化争议时停止细化交换通道。,近位提高该交换议题进入关系核心的可能；远位只保留背景或阶段性观察。,94,不加分；定义,exchange_dimensions,双方是否能够接受帮助、情绪支持和资源，而不立即拒绝、欠债化或失去自主。,会给予，也要能够接收。,不得仅凭本规则推出双方一定公平、相爱、忠诚、长期稳定或适合结婚；不得把付出多少直接等同爱多少；不得以命理要求单方牺牲、立即回报、原谅、复合或继续关系。现实安全、同意、持续行为、反例与双方协商优先。,高,待验证,,exchange_dimension=ED03; provisional=true; rule_group=EXCHANGE-ED维度,0.4
M5-EXCHANGE-112,ED03 接收能力｜可靠证据,L2 交换过程维度,EXCHANGE-ED维度,通用,证据,ED03,接收能力,能够确认帮助、表达边界并允许自己被支持。,同源重复、一次高光或只有一方自述。,由共享基础引擎、M3与M5-BASE提供；只修正用户怎样给予、请求、接收和回馈，不直接判断双方现实交换质量。,M2只说明进入关系所需资格证据；不能替代长期双向交换、负荷与修复验证。,M3-BASE、EXPR、CARE和BOUND提供用户自然互动通道；M5-EXCHANGE负责把两人的实际行为合成为交换结构。,无／按本规则指定的给予—请求—接收—反馈—重订路径路由。,近位、远位只修正该交换需求进入亲密关系核心的可能；不得据此判断具体伴侣现实中一定配合。,根气只修正用户交换需求和通道是否稳定重复，不等于双方已形成成熟互惠。,旺弱只修正通道调用强度、抢位或缺位风险，不直接等于交换公平或关系质量。,喜忌只修正调用顺畅度与摩擦，不可直接翻译为理想伴侣五行、十神或必然互补。,真合化成立时按化神功能重算用户交换需求；合化争议时停止细化交换通道。,近位提高该交换议题进入关系核心的可能；远位只保留背景或阶段性观察。,86,+10 可靠证据,exchange_evidence_level,接收能力的可靠证据需要：能够确认帮助、表达边界并允许自己被支持。,这项交换要看：能够确认帮助、表达边界并允许自己被支持。,不得仅凭本规则推出双方一定公平、相爱、忠诚、长期稳定或适合结婚；不得把付出多少直接等同爱多少；不得以命理要求单方牺牲、立即回报、原谅、复合或继续关系。现实安全、同意、持续行为、反例与双方协商优先。,中高,待验证,,exchange_dimension=ED03; provisional=true; rule_group=EXCHANGE-ED维度,0.4
M5-EXCHANGE-113,ED03 接收能力｜不足与假阳性,L2 交换过程维度,EXCHANGE-ED维度,通用,降级,ED03,接收能力,出现不足情形。,XV5以上且反例检验支持成熟结构。,由共享基础引擎、M3与M5-BASE提供；只修正用户怎样给予、请求、接收和回馈，不直接判断双方现实交换质量。,M2只说明进入关系所需资格证据；不能替代长期双向交换、负荷与修复验证。,M3-BASE、EXPR、CARE和BOUND提供用户自然互动通道；M5-EXCHANGE负责把两人的实际行为合成为交换结构。,无／按本规则指定的给予—请求—接收—反馈—重订路径路由。,近位、远位只修正该交换需求进入亲密关系核心的可能；不得据此判断具体伴侣现实中一定配合。,根气只修正用户交换需求和通道是否稳定重复，不等于双方已形成成熟互惠。,旺弱只修正通道调用强度、抢位或缺位风险，不直接等于交换公平或关系质量。,喜忌只修正调用顺畅度与摩擦，不可直接翻译为理想伴侣五行、十神或必然互补。,真合化成立时按化神功能重算用户交换需求；合化争议时停止细化交换通道。,近位提高该交换议题进入关系核心的可能；远位只保留背景或阶段性观察。,90,-10／降级,pseudo_reciprocity_warning,接收能力不能由以下资料直接成立：接受帮助就觉得必须立刻等量回报，或完全交出决定权。,目前不能只凭：接受帮助就觉得必须立刻等量回报，或完全交出决定权。,不得仅凭本规则推出双方一定公平、相爱、忠诚、长期稳定或适合结婚；不得把付出多少直接等同爱多少；不得以命理要求单方牺牲、立即回报、原谅、复合或继续关系。现实安全、同意、持续行为、反例与双方协商优先。,中高,待验证,,exchange_dimension=ED03; provisional=true; rule_group=EXCHANGE-ED维度,0.4
M5-EXCHANGE-114,ED03 接收能力｜工程评分,L2 交换过程维度,EXCHANGE-ED维度,通用,评分,ED03,接收能力,该维度与主EC或EM任务一致，来源独立。,只是同一事件的重复解释。,由共享基础引擎、M3与M5-BASE提供；只修正用户怎样给予、请求、接收和回馈，不直接判断双方现实交换质量。,M2只说明进入关系所需资格证据；不能替代长期双向交换、负荷与修复验证。,M3-BASE、EXPR、CARE和BOUND提供用户自然互动通道；M5-EXCHANGE负责把两人的实际行为合成为交换结构。,无／按本规则指定的给予—请求—接收—反馈—重订路径路由。,近位、远位只修正该交换需求进入亲密关系核心的可能；不得据此判断具体伴侣现实中一定配合。,根气只修正用户交换需求和通道是否稳定重复，不等于双方已形成成熟互惠。,旺弱只修正通道调用强度、抢位或缺位风险，不直接等于交换公平或关系质量。,喜忌只修正调用顺畅度与摩擦，不可直接翻译为理想伴侣五行、十神或必然互补。,真合化成立时按化神功能重算用户交换需求；合化争议时停止细化交换通道。,近位提高该交换议题进入关系核心的可能；远位只保留背景或阶段性观察。,72,+4至+12；按XV层级,confidence,ED03只作为交换证据，不重新计算命盘基础权重。,会给予，也要能够接收。,不得仅凭本规则推出双方一定公平、相爱、忠诚、长期稳定或适合结婚；不得把付出多少直接等同爱多少；不得以命理要求单方牺牲、立即回报、原谅、复合或继续关系。现实安全、同意、持续行为、反例与双方协商优先。,中,待验证,,exchange_dimension=ED03; provisional=true; rule_group=EXCHANGE-ED维度,0.4
M5-EXCHANGE-115,ED03 接收能力｜标准用户语言,L2 交换过程维度,EXCHANGE-ED维度,通用,输出,ED03,接收能力,完成该维度裁决。,结论仍未定。,由共享基础引擎、M3与M5-BASE提供；只修正用户怎样给予、请求、接收和回馈，不直接判断双方现实交换质量。,M2只说明进入关系所需资格证据；不能替代长期双向交换、负荷与修复验证。,M3-BASE、EXPR、CARE和BOUND提供用户自然互动通道；M5-EXCHANGE负责把两人的实际行为合成为交换结构。,无／按本规则指定的给予—请求—接收—反馈—重订路径路由。,近位、远位只修正该交换需求进入亲密关系核心的可能；不得据此判断具体伴侣现实中一定配合。,根气只修正用户交换需求和通道是否稳定重复，不等于双方已形成成熟互惠。,旺弱只修正通道调用强度、抢位或缺位风险，不直接等于交换公平或关系质量。,喜忌只修正调用顺畅度与摩擦，不可直接翻译为理想伴侣五行、十神或必然互补。,真合化成立时按化神功能重算用户交换需求；合化争议时停止细化交换通道。,近位提高该交换议题进入关系核心的可能；远位只保留背景或阶段性观察。,70,不加分；输出,report_text,会给予，也要能够接收。,交换重点：会给予，也要能够接收。,不得仅凭本规则推出双方一定公平、相爱、忠诚、长期稳定或适合结婚；不得把付出多少直接等同爱多少；不得以命理要求单方牺牲、立即回报、原谅、复合或继续关系。现实安全、同意、持续行为、反例与双方协商优先。,中高,待验证,,exchange_dimension=ED03; provisional=true; rule_group=EXCHANGE-ED维度,0.4
M5-EXCHANGE-116,ED04 回应识别度｜正式定义,L2 交换过程维度,EXCHANGE-ED维度,通用,定义,ED04,回应识别度,存在具体双人交换资料。,只有命盘需求或单方抽象评价。,由共享基础引擎、M3与M5-BASE提供；只修正用户怎样给予、请求、接收和回馈，不直接判断双方现实交换质量。,M2只说明进入关系所需资格证据；不能替代长期双向交换、负荷与修复验证。,M3-BASE、EXPR、CARE和BOUND提供用户自然互动通道；M5-EXCHANGE负责把两人的实际行为合成为交换结构。,无／按本规则指定的给予—请求—接收—反馈—重订路径路由。,近位、远位只修正该交换需求进入亲密关系核心的可能；不得据此判断具体伴侣现实中一定配合。,根气只修正用户交换需求和通道是否稳定重复，不等于双方已形成成熟互惠。,旺弱只修正通道调用强度、抢位或缺位风险，不直接等于交换公平或关系质量。,喜忌只修正调用顺畅度与摩擦，不可直接翻译为理想伴侣五行、十神或必然互补。,真合化成立时按化神功能重算用户交换需求；合化争议时停止细化交换通道。,近位提高该交换议题进入关系核心的可能；远位只保留背景或阶段性观察。,94,不加分；定义,exchange_dimensions,对方的回应是否被接收到、确认，并与原请求对应。,回应是否命中，比投入量更重要。,不得仅凭本规则推出双方一定公平、相爱、忠诚、长期稳定或适合结婚；不得把付出多少直接等同爱多少；不得以命理要求单方牺牲、立即回报、原谅、复合或继续关系。现实安全、同意、持续行为、反例与双方协商优先。,高,待验证,,exchange_dimension=ED04; provisional=true; rule_group=EXCHANGE-ED维度,0.4
M5-EXCHANGE-117,ED04 回应识别度｜可靠证据,L2 交换过程维度,EXCHANGE-ED维度,通用,证据,ED04,回应识别度,双方能复述自己理解的需要，并确认回应是否有用。,同源重复、一次高光或只有一方自述。,由共享基础引擎、M3与M5-BASE提供；只修正用户怎样给予、请求、接收和回馈，不直接判断双方现实交换质量。,M2只说明进入关系所需资格证据；不能替代长期双向交换、负荷与修复验证。,M3-BASE、EXPR、CARE和BOUND提供用户自然互动通道；M5-EXCHANGE负责把两人的实际行为合成为交换结构。,无／按本规则指定的给予—请求—接收—反馈—重订路径路由。,近位、远位只修正该交换需求进入亲密关系核心的可能；不得据此判断具体伴侣现实中一定配合。,根气只修正用户交换需求和通道是否稳定重复，不等于双方已形成成熟互惠。,旺弱只修正通道调用强度、抢位或缺位风险，不直接等于交换公平或关系质量。,喜忌只修正调用顺畅度与摩擦，不可直接翻译为理想伴侣五行、十神或必然互补。,真合化成立时按化神功能重算用户交换需求；合化争议时停止细化交换通道。,近位提高该交换议题进入关系核心的可能；远位只保留背景或阶段性观察。,86,+10 可靠证据,exchange_evidence_level,回应识别度的可靠证据需要：双方能复述自己理解的需要，并确认回应是否有用。,这项交换要看：双方能复述自己理解的需要，并确认回应是否有用。,不得仅凭本规则推出双方一定公平、相爱、忠诚、长期稳定或适合结婚；不得把付出多少直接等同爱多少；不得以命理要求单方牺牲、立即回报、原谅、复合或继续关系。现实安全、同意、持续行为、反例与双方协商优先。,中高,待验证,,exchange_dimension=ED04; provisional=true; rule_group=EXCHANGE-ED维度,0.4
M5-EXCHANGE-118,ED04 回应识别度｜不足与假阳性,L2 交换过程维度,EXCHANGE-ED维度,通用,降级,ED04,回应识别度,出现不足情形。,XV5以上且反例检验支持成熟结构。,由共享基础引擎、M3与M5-BASE提供；只修正用户怎样给予、请求、接收和回馈，不直接判断双方现实交换质量。,M2只说明进入关系所需资格证据；不能替代长期双向交换、负荷与修复验证。,M3-BASE、EXPR、CARE和BOUND提供用户自然互动通道；M5-EXCHANGE负责把两人的实际行为合成为交换结构。,无／按本规则指定的给予—请求—接收—反馈—重订路径路由。,近位、远位只修正该交换需求进入亲密关系核心的可能；不得据此判断具体伴侣现实中一定配合。,根气只修正用户交换需求和通道是否稳定重复，不等于双方已形成成熟互惠。,旺弱只修正通道调用强度、抢位或缺位风险，不直接等于交换公平或关系质量。,喜忌只修正调用顺畅度与摩擦，不可直接翻译为理想伴侣五行、十神或必然互补。,真合化成立时按化神功能重算用户交换需求；合化争议时停止细化交换通道。,近位提高该交换议题进入关系核心的可能；远位只保留背景或阶段性观察。,90,-10／降级,pseudo_reciprocity_warning,回应识别度不能由以下资料直接成立：给了很多，但并非对方需要；收到了回应却未被识别。,目前不能只凭：给了很多，但并非对方需要；收到了回应却未被识别。,不得仅凭本规则推出双方一定公平、相爱、忠诚、长期稳定或适合结婚；不得把付出多少直接等同爱多少；不得以命理要求单方牺牲、立即回报、原谅、复合或继续关系。现实安全、同意、持续行为、反例与双方协商优先。,中高,待验证,,exchange_dimension=ED04; provisional=true; rule_group=EXCHANGE-ED维度,0.4
M5-EXCHANGE-119,ED04 回应识别度｜工程评分,L2 交换过程维度,EXCHANGE-ED维度,通用,评分,ED04,回应识别度,该维度与主EC或EM任务一致，来源独立。,只是同一事件的重复解释。,由共享基础引擎、M3与M5-BASE提供；只修正用户怎样给予、请求、接收和回馈，不直接判断双方现实交换质量。,M2只说明进入关系所需资格证据；不能替代长期双向交换、负荷与修复验证。,M3-BASE、EXPR、CARE和BOUND提供用户自然互动通道；M5-EXCHANGE负责把两人的实际行为合成为交换结构。,无／按本规则指定的给予—请求—接收—反馈—重订路径路由。,近位、远位只修正该交换需求进入亲密关系核心的可能；不得据此判断具体伴侣现实中一定配合。,根气只修正用户交换需求和通道是否稳定重复，不等于双方已形成成熟互惠。,旺弱只修正通道调用强度、抢位或缺位风险，不直接等于交换公平或关系质量。,喜忌只修正调用顺畅度与摩擦，不可直接翻译为理想伴侣五行、十神或必然互补。,真合化成立时按化神功能重算用户交换需求；合化争议时停止细化交换通道。,近位提高该交换议题进入关系核心的可能；远位只保留背景或阶段性观察。,72,+4至+12；按XV层级,confidence,ED04只作为交换证据，不重新计算命盘基础权重。,回应是否命中，比投入量更重要。,不得仅凭本规则推出双方一定公平、相爱、忠诚、长期稳定或适合结婚；不得把付出多少直接等同爱多少；不得以命理要求单方牺牲、立即回报、原谅、复合或继续关系。现实安全、同意、持续行为、反例与双方协商优先。,中,待验证,,exchange_dimension=ED04; provisional=true; rule_group=EXCHANGE-ED维度,0.4
M5-EXCHANGE-120,ED04 回应识别度｜标准用户语言,L2 交换过程维度,EXCHANGE-ED维度,通用,输出,ED04,回应识别度,完成该维度裁决。,结论仍未定。,由共享基础引擎、M3与M5-BASE提供；只修正用户怎样给予、请求、接收和回馈，不直接判断双方现实交换质量。,M2只说明进入关系所需资格证据；不能替代长期双向交换、负荷与修复验证。,M3-BASE、EXPR、CARE和BOUND提供用户自然互动通道；M5-EXCHANGE负责把两人的实际行为合成为交换结构。,无／按本规则指定的给予—请求—接收—反馈—重订路径路由。,近位、远位只修正该交换需求进入亲密关系核心的可能；不得据此判断具体伴侣现实中一定配合。,根气只修正用户交换需求和通道是否稳定重复，不等于双方已形成成熟互惠。,旺弱只修正通道调用强度、抢位或缺位风险，不直接等于交换公平或关系质量。,喜忌只修正调用顺畅度与摩擦，不可直接翻译为理想伴侣五行、十神或必然互补。,真合化成立时按化神功能重算用户交换需求；合化争议时停止细化交换通道。,近位提高该交换议题进入关系核心的可能；远位只保留背景或阶段性观察。,70,不加分；输出,report_text,回应是否命中，比投入量更重要。,交换重点：回应是否命中，比投入量更重要。,不得仅凭本规则推出双方一定公平、相爱、忠诚、长期稳定或适合结婚；不得把付出多少直接等同爱多少；不得以命理要求单方牺牲、立即回报、原谅、复合或继续关系。现实安全、同意、持续行为、反例与双方协商优先。,中高,待验证,,exchange_dimension=ED04; provisional=true; rule_group=EXCHANGE-ED维度,0.4
M5-EXCHANGE-121,ED05 投入连续性｜正式定义,L2 交换过程维度,EXCHANGE-ED维度,通用,定义,ED05,投入连续性,存在具体双人交换资料。,只有命盘需求或单方抽象评价。,由共享基础引擎、M3与M5-BASE提供；只修正用户怎样给予、请求、接收和回馈，不直接判断双方现实交换质量。,M2只说明进入关系所需资格证据；不能替代长期双向交换、负荷与修复验证。,M3-BASE、EXPR、CARE和BOUND提供用户自然互动通道；M5-EXCHANGE负责把两人的实际行为合成为交换结构。,无／按本规则指定的给予—请求—接收—反馈—重订路径路由。,近位、远位只修正该交换需求进入亲密关系核心的可能；不得据此判断具体伴侣现实中一定配合。,根气只修正用户交换需求和通道是否稳定重复，不等于双方已形成成熟互惠。,旺弱只修正通道调用强度、抢位或缺位风险，不直接等于交换公平或关系质量。,喜忌只修正调用顺畅度与摩擦，不可直接翻译为理想伴侣五行、十神或必然互补。,真合化成立时按化神功能重算用户交换需求；合化争议时停止细化交换通道。,近位提高该交换议题进入关系核心的可能；远位只保留背景或阶段性观察。,94,不加分；定义,exchange_dimensions,支持与投入能否重复，而不是只在高光、危机或新鲜期出现。,长期交换看连续，不只看强烈。,不得仅凭本规则推出双方一定公平、相爱、忠诚、长期稳定或适合结婚；不得把付出多少直接等同爱多少；不得以命理要求单方牺牲、立即回报、原谅、复合或继续关系。现实安全、同意、持续行为、反例与双方协商优先。,高,待验证,,exchange_dimension=ED05; provisional=true; rule_group=EXCHANGE-ED维度,0.4
M5-EXCHANGE-122,ED05 投入连续性｜可靠证据,L2 交换过程维度,EXCHANGE-ED维度,通用,证据,ED05,投入连续性,同类场景重复、跨阶段保持，并在成本变化时重订。,同源重复、一次高光或只有一方自述。,由共享基础引擎、M3与M5-BASE提供；只修正用户怎样给予、请求、接收和回馈，不直接判断双方现实交换质量。,M2只说明进入关系所需资格证据；不能替代长期双向交换、负荷与修复验证。,M3-BASE、EXPR、CARE和BOUND提供用户自然互动通道；M5-EXCHANGE负责把两人的实际行为合成为交换结构。,无／按本规则指定的给予—请求—接收—反馈—重订路径路由。,近位、远位只修正该交换需求进入亲密关系核心的可能；不得据此判断具体伴侣现实中一定配合。,根气只修正用户交换需求和通道是否稳定重复，不等于双方已形成成熟互惠。,旺弱只修正通道调用强度、抢位或缺位风险，不直接等于交换公平或关系质量。,喜忌只修正调用顺畅度与摩擦，不可直接翻译为理想伴侣五行、十神或必然互补。,真合化成立时按化神功能重算用户交换需求；合化争议时停止细化交换通道。,近位提高该交换议题进入关系核心的可能；远位只保留背景或阶段性观察。,86,+10 可靠证据,exchange_evidence_level,投入连续性的可靠证据需要：同类场景重复、跨阶段保持，并在成本变化时重订。,这项交换要看：同类场景重复、跨阶段保持，并在成本变化时重订。,不得仅凭本规则推出双方一定公平、相爱、忠诚、长期稳定或适合结婚；不得把付出多少直接等同爱多少；不得以命理要求单方牺牲、立即回报、原谅、复合或继续关系。现实安全、同意、持续行为、反例与双方协商优先。,中高,待验证,,exchange_dimension=ED05; provisional=true; rule_group=EXCHANGE-ED维度,0.4
M5-EXCHANGE-123,ED05 投入连续性｜不足与假阳性,L2 交换过程维度,EXCHANGE-ED维度,通用,降级,ED05,投入连续性,出现不足情形。,XV5以上且反例检验支持成熟结构。,由共享基础引擎、M3与M5-BASE提供；只修正用户怎样给予、请求、接收和回馈，不直接判断双方现实交换质量。,M2只说明进入关系所需资格证据；不能替代长期双向交换、负荷与修复验证。,M3-BASE、EXPR、CARE和BOUND提供用户自然互动通道；M5-EXCHANGE负责把两人的实际行为合成为交换结构。,无／按本规则指定的给予—请求—接收—反馈—重订路径路由。,近位、远位只修正该交换需求进入亲密关系核心的可能；不得据此判断具体伴侣现实中一定配合。,根气只修正用户交换需求和通道是否稳定重复，不等于双方已形成成熟互惠。,旺弱只修正通道调用强度、抢位或缺位风险，不直接等于交换公平或关系质量。,喜忌只修正调用顺畅度与摩擦，不可直接翻译为理想伴侣五行、十神或必然互补。,真合化成立时按化神功能重算用户交换需求；合化争议时停止细化交换通道。,近位提高该交换议题进入关系核心的可能；远位只保留背景或阶段性观察。,90,-10／降级,pseudo_reciprocity_warning,投入连续性不能由以下资料直接成立：一次礼物、一次保护、一次长谈或短期热情。,目前不能只凭：一次礼物、一次保护、一次长谈或短期热情。,不得仅凭本规则推出双方一定公平、相爱、忠诚、长期稳定或适合结婚；不得把付出多少直接等同爱多少；不得以命理要求单方牺牲、立即回报、原谅、复合或继续关系。现实安全、同意、持续行为、反例与双方协商优先。,中高,待验证,,exchange_dimension=ED05; provisional=true; rule_group=EXCHANGE-ED维度,0.4
M5-EXCHANGE-124,ED05 投入连续性｜工程评分,L2 交换过程维度,EXCHANGE-ED维度,通用,评分,ED05,投入连续性,该维度与主EC或EM任务一致，来源独立。,只是同一事件的重复解释。,由共享基础引擎、M3与M5-BASE提供；只修正用户怎样给予、请求、接收和回馈，不直接判断双方现实交换质量。,M2只说明进入关系所需资格证据；不能替代长期双向交换、负荷与修复验证。,M3-BASE、EXPR、CARE和BOUND提供用户自然互动通道；M5-EXCHANGE负责把两人的实际行为合成为交换结构。,无／按本规则指定的给予—请求—接收—反馈—重订路径路由。,近位、远位只修正该交换需求进入亲密关系核心的可能；不得据此判断具体伴侣现实中一定配合。,根气只修正用户交换需求和通道是否稳定重复，不等于双方已形成成熟互惠。,旺弱只修正通道调用强度、抢位或缺位风险，不直接等于交换公平或关系质量。,喜忌只修正调用顺畅度与摩擦，不可直接翻译为理想伴侣五行、十神或必然互补。,真合化成立时按化神功能重算用户交换需求；合化争议时停止细化交换通道。,近位提高该交换议题进入关系核心的可能；远位只保留背景或阶段性观察。,72,+4至+12；按XV层级,confidence,ED05只作为交换证据，不重新计算命盘基础权重。,长期交换看连续，不只看强烈。,不得仅凭本规则推出双方一定公平、相爱、忠诚、长期稳定或适合结婚；不得把付出多少直接等同爱多少；不得以命理要求单方牺牲、立即回报、原谅、复合或继续关系。现实安全、同意、持续行为、反例与双方协商优先。,中,待验证,,exchange_dimension=ED05; provisional=true; rule_group=EXCHANGE-ED维度,0.4
M5-EXCHANGE-125,ED05 投入连续性｜标准用户语言,L2 交换过程维度,EXCHANGE-ED维度,通用,输出,ED05,投入连续性,完成该维度裁决。,结论仍未定。,由共享基础引擎、M3与M5-BASE提供；只修正用户怎样给予、请求、接收和回馈，不直接判断双方现实交换质量。,M2只说明进入关系所需资格证据；不能替代长期双向交换、负荷与修复验证。,M3-BASE、EXPR、CARE和BOUND提供用户自然互动通道；M5-EXCHANGE负责把两人的实际行为合成为交换结构。,无／按本规则指定的给予—请求—接收—反馈—重订路径路由。,近位、远位只修正该交换需求进入亲密关系核心的可能；不得据此判断具体伴侣现实中一定配合。,根气只修正用户交换需求和通道是否稳定重复，不等于双方已形成成熟互惠。,旺弱只修正通道调用强度、抢位或缺位风险，不直接等于交换公平或关系质量。,喜忌只修正调用顺畅度与摩擦，不可直接翻译为理想伴侣五行、十神或必然互补。,真合化成立时按化神功能重算用户交换需求；合化争议时停止细化交换通道。,近位提高该交换议题进入关系核心的可能；远位只保留背景或阶段性观察。,70,不加分；输出,report_text,长期交换看连续，不只看强烈。,交换重点：长期交换看连续，不只看强烈。,不得仅凭本规则推出双方一定公平、相爱、忠诚、长期稳定或适合结婚；不得把付出多少直接等同爱多少；不得以命理要求单方牺牲、立即回报、原谅、复合或继续关系。现实安全、同意、持续行为、反例与双方协商优先。,中高,待验证,,exchange_dimension=ED05; provisional=true; rule_group=EXCHANGE-ED维度,0.4
M5-EXCHANGE-126,ED06 互惠时序｜正式定义,L2 交换过程维度,EXCHANGE-ED维度,通用,定义,ED06,互惠时序,存在具体双人交换资料。,只有命盘需求或单方抽象评价。,由共享基础引擎、M3与M5-BASE提供；只修正用户怎样给予、请求、接收和回馈，不直接判断双方现实交换质量。,M2只说明进入关系所需资格证据；不能替代长期双向交换、负荷与修复验证。,M3-BASE、EXPR、CARE和BOUND提供用户自然互动通道；M5-EXCHANGE负责把两人的实际行为合成为交换结构。,无／按本规则指定的给予—请求—接收—反馈—重订路径路由。,近位、远位只修正该交换需求进入亲密关系核心的可能；不得据此判断具体伴侣现实中一定配合。,根气只修正用户交换需求和通道是否稳定重复，不等于双方已形成成熟互惠。,旺弱只修正通道调用强度、抢位或缺位风险，不直接等于交换公平或关系质量。,喜忌只修正调用顺畅度与摩擦，不可直接翻译为理想伴侣五行、十神或必然互补。,真合化成立时按化神功能重算用户交换需求；合化争议时停止细化交换通道。,近位提高该交换议题进入关系核心的可能；远位只保留背景或阶段性观察。,94,不加分；定义,exchange_dimensions,回馈是同步、错峰还是延迟，双方是否理解并同意。,互惠不必同时，但要有可理解的时间结构。,不得仅凭本规则推出双方一定公平、相爱、忠诚、长期稳定或适合结婚；不得把付出多少直接等同爱多少；不得以命理要求单方牺牲、立即回报、原谅、复合或继续关系。现实安全、同意、持续行为、反例与双方协商优先。,高,待验证,,exchange_dimension=ED06; provisional=true; rule_group=EXCHANGE-ED维度,0.4
M5-EXCHANGE-127,ED06 互惠时序｜可靠证据,L2 交换过程维度,EXCHANGE-ED维度,通用,证据,ED06,互惠时序,回馈时间、领域与预期可以被说明和复核。,同源重复、一次高光或只有一方自述。,由共享基础引擎、M3与M5-BASE提供；只修正用户怎样给予、请求、接收和回馈，不直接判断双方现实交换质量。,M2只说明进入关系所需资格证据；不能替代长期双向交换、负荷与修复验证。,M3-BASE、EXPR、CARE和BOUND提供用户自然互动通道；M5-EXCHANGE负责把两人的实际行为合成为交换结构。,无／按本规则指定的给予—请求—接收—反馈—重订路径路由。,近位、远位只修正该交换需求进入亲密关系核心的可能；不得据此判断具体伴侣现实中一定配合。,根气只修正用户交换需求和通道是否稳定重复，不等于双方已形成成熟互惠。,旺弱只修正通道调用强度、抢位或缺位风险，不直接等于交换公平或关系质量。,喜忌只修正调用顺畅度与摩擦，不可直接翻译为理想伴侣五行、十神或必然互补。,真合化成立时按化神功能重算用户交换需求；合化争议时停止细化交换通道。,近位提高该交换议题进入关系核心的可能；远位只保留背景或阶段性观察。,86,+10 可靠证据,exchange_evidence_level,互惠时序的可靠证据需要：回馈时间、领域与预期可以被说明和复核。,这项交换要看：回馈时间、领域与预期可以被说明和复核。,不得仅凭本规则推出双方一定公平、相爱、忠诚、长期稳定或适合结婚；不得把付出多少直接等同爱多少；不得以命理要求单方牺牲、立即回报、原谅、复合或继续关系。现实安全、同意、持续行为、反例与双方协商优先。,中高,待验证,,exchange_dimension=ED06; provisional=true; rule_group=EXCHANGE-ED维度,0.4
M5-EXCHANGE-128,ED06 互惠时序｜不足与假阳性,L2 交换过程维度,EXCHANGE-ED维度,通用,降级,ED06,互惠时序,出现不足情形。,XV5以上且反例检验支持成熟结构。,由共享基础引擎、M3与M5-BASE提供；只修正用户怎样给予、请求、接收和回馈，不直接判断双方现实交换质量。,M2只说明进入关系所需资格证据；不能替代长期双向交换、负荷与修复验证。,M3-BASE、EXPR、CARE和BOUND提供用户自然互动通道；M5-EXCHANGE负责把两人的实际行为合成为交换结构。,无／按本规则指定的给予—请求—接收—反馈—重订路径路由。,近位、远位只修正该交换需求进入亲密关系核心的可能；不得据此判断具体伴侣现实中一定配合。,根气只修正用户交换需求和通道是否稳定重复，不等于双方已形成成熟互惠。,旺弱只修正通道调用强度、抢位或缺位风险，不直接等于交换公平或关系质量。,喜忌只修正调用顺畅度与摩擦，不可直接翻译为理想伴侣五行、十神或必然互补。,真合化成立时按化神功能重算用户交换需求；合化争议时停止细化交换通道。,近位提高该交换议题进入关系核心的可能；远位只保留背景或阶段性观察。,90,-10／降级,pseudo_reciprocity_warning,互惠时序不能由以下资料直接成立：要求立即回报，或无限期等待而没有约定。,目前不能只凭：要求立即回报，或无限期等待而没有约定。,不得仅凭本规则推出双方一定公平、相爱、忠诚、长期稳定或适合结婚；不得把付出多少直接等同爱多少；不得以命理要求单方牺牲、立即回报、原谅、复合或继续关系。现实安全、同意、持续行为、反例与双方协商优先。,中高,待验证,,exchange_dimension=ED06; provisional=true; rule_group=EXCHANGE-ED维度,0.4
M5-EXCHANGE-129,ED06 互惠时序｜工程评分,L2 交换过程维度,EXCHANGE-ED维度,通用,评分,ED06,互惠时序,该维度与主EC或EM任务一致，来源独立。,只是同一事件的重复解释。,由共享基础引擎、M3与M5-BASE提供；只修正用户怎样给予、请求、接收和回馈，不直接判断双方现实交换质量。,M2只说明进入关系所需资格证据；不能替代长期双向交换、负荷与修复验证。,M3-BASE、EXPR、CARE和BOUND提供用户自然互动通道；M5-EXCHANGE负责把两人的实际行为合成为交换结构。,无／按本规则指定的给予—请求—接收—反馈—重订路径路由。,近位、远位只修正该交换需求进入亲密关系核心的可能；不得据此判断具体伴侣现实中一定配合。,根气只修正用户交换需求和通道是否稳定重复，不等于双方已形成成熟互惠。,旺弱只修正通道调用强度、抢位或缺位风险，不直接等于交换公平或关系质量。,喜忌只修正调用顺畅度与摩擦，不可直接翻译为理想伴侣五行、十神或必然互补。,真合化成立时按化神功能重算用户交换需求；合化争议时停止细化交换通道。,近位提高该交换议题进入关系核心的可能；远位只保留背景或阶段性观察。,72,+4至+12；按XV层级,confidence,ED06只作为交换证据，不重新计算命盘基础权重。,互惠不必同时，但要有可理解的时间结构。,不得仅凭本规则推出双方一定公平、相爱、忠诚、长期稳定或适合结婚；不得把付出多少直接等同爱多少；不得以命理要求单方牺牲、立即回报、原谅、复合或继续关系。现实安全、同意、持续行为、反例与双方协商优先。,中,待验证,,exchange_dimension=ED06; provisional=true; rule_group=EXCHANGE-ED维度,0.4
M5-EXCHANGE-130,ED06 互惠时序｜标准用户语言,L2 交换过程维度,EXCHANGE-ED维度,通用,输出,ED06,互惠时序,完成该维度裁决。,结论仍未定。,由共享基础引擎、M3与M5-BASE提供；只修正用户怎样给予、请求、接收和回馈，不直接判断双方现实交换质量。,M2只说明进入关系所需资格证据；不能替代长期双向交换、负荷与修复验证。,M3-BASE、EXPR、CARE和BOUND提供用户自然互动通道；M5-EXCHANGE负责把两人的实际行为合成为交换结构。,无／按本规则指定的给予—请求—接收—反馈—重订路径路由。,近位、远位只修正该交换需求进入亲密关系核心的可能；不得据此判断具体伴侣现实中一定配合。,根气只修正用户交换需求和通道是否稳定重复，不等于双方已形成成熟互惠。,旺弱只修正通道调用强度、抢位或缺位风险，不直接等于交换公平或关系质量。,喜忌只修正调用顺畅度与摩擦，不可直接翻译为理想伴侣五行、十神或必然互补。,真合化成立时按化神功能重算用户交换需求；合化争议时停止细化交换通道。,近位提高该交换议题进入关系核心的可能；远位只保留背景或阶段性观察。,70,不加分；输出,report_text,互惠不必同时，但要有可理解的时间结构。,交换重点：互惠不必同时，但要有可理解的时间结构。,不得仅凭本规则推出双方一定公平、相爱、忠诚、长期稳定或适合结婚；不得把付出多少直接等同爱多少；不得以命理要求单方牺牲、立即回报、原谅、复合或继续关系。现实安全、同意、持续行为、反例与双方协商优先。,中高,待验证,,exchange_dimension=ED06; provisional=true; rule_group=EXCHANGE-ED维度,0.4
M5-EXCHANGE-131,ED07 角色与负荷平衡｜正式定义,L2 交换过程维度,EXCHANGE-ED维度,通用,定义,ED07,角色与负荷平衡,存在具体双人交换资料。,只有命盘需求或单方抽象评价。,由共享基础引擎、M3与M5-BASE提供；只修正用户怎样给予、请求、接收和回馈，不直接判断双方现实交换质量。,M2只说明进入关系所需资格证据；不能替代长期双向交换、负荷与修复验证。,M3-BASE、EXPR、CARE和BOUND提供用户自然互动通道；M5-EXCHANGE负责把两人的实际行为合成为交换结构。,无／按本规则指定的给予—请求—接收—反馈—重订路径路由。,近位、远位只修正该交换需求进入亲密关系核心的可能；不得据此判断具体伴侣现实中一定配合。,根气只修正用户交换需求和通道是否稳定重复，不等于双方已形成成熟互惠。,旺弱只修正通道调用强度、抢位或缺位风险，不直接等于交换公平或关系质量。,喜忌只修正调用顺畅度与摩擦，不可直接翻译为理想伴侣五行、十神或必然互补。,真合化成立时按化神功能重算用户交换需求；合化争议时停止细化交换通道。,近位提高该交换议题进入关系核心的可能；远位只保留背景或阶段性观察。,94,不加分；定义,exchange_dimensions,分工是否符合能力和阶段，负荷能否被看见、调整和轮换。,公平不等于每项对半，而是负荷可持续、可重订。,不得仅凭本规则推出双方一定公平、相爱、忠诚、长期稳定或适合结婚；不得把付出多少直接等同爱多少；不得以命理要求单方牺牲、立即回报、原谅、复合或继续关系。现实安全、同意、持续行为、反例与双方协商优先。,高,待验证,,exchange_dimension=ED07; provisional=true; rule_group=EXCHANGE-ED维度,0.4
M5-EXCHANGE-132,ED07 角色与负荷平衡｜可靠证据,L2 交换过程维度,EXCHANGE-ED维度,通用,证据,ED07,角色与负荷平衡,职责、时间、代价和休息权可被协商。,同源重复、一次高光或只有一方自述。,由共享基础引擎、M3与M5-BASE提供；只修正用户怎样给予、请求、接收和回馈，不直接判断双方现实交换质量。,M2只说明进入关系所需资格证据；不能替代长期双向交换、负荷与修复验证。,M3-BASE、EXPR、CARE和BOUND提供用户自然互动通道；M5-EXCHANGE负责把两人的实际行为合成为交换结构。,无／按本规则指定的给予—请求—接收—反馈—重订路径路由。,近位、远位只修正该交换需求进入亲密关系核心的可能；不得据此判断具体伴侣现实中一定配合。,根气只修正用户交换需求和通道是否稳定重复，不等于双方已形成成熟互惠。,旺弱只修正通道调用强度、抢位或缺位风险，不直接等于交换公平或关系质量。,喜忌只修正调用顺畅度与摩擦，不可直接翻译为理想伴侣五行、十神或必然互补。,真合化成立时按化神功能重算用户交换需求；合化争议时停止细化交换通道。,近位提高该交换议题进入关系核心的可能；远位只保留背景或阶段性观察。,86,+10 可靠证据,exchange_evidence_level,角色与负荷平衡的可靠证据需要：职责、时间、代价和休息权可被协商。,这项交换要看：职责、时间、代价和休息权可被协商。,不得仅凭本规则推出双方一定公平、相爱、忠诚、长期稳定或适合结婚；不得把付出多少直接等同爱多少；不得以命理要求单方牺牲、立即回报、原谅、复合或继续关系。现实安全、同意、持续行为、反例与双方协商优先。,中高,待验证,,exchange_dimension=ED07; provisional=true; rule_group=EXCHANGE-ED维度,0.4
M5-EXCHANGE-133,ED07 角色与负荷平衡｜不足与假阳性,L2 交换过程维度,EXCHANGE-ED维度,通用,降级,ED07,角色与负荷平衡,出现不足情形。,XV5以上且反例检验支持成熟结构。,由共享基础引擎、M3与M5-BASE提供；只修正用户怎样给予、请求、接收和回馈，不直接判断双方现实交换质量。,M2只说明进入关系所需资格证据；不能替代长期双向交换、负荷与修复验证。,M3-BASE、EXPR、CARE和BOUND提供用户自然互动通道；M5-EXCHANGE负责把两人的实际行为合成为交换结构。,无／按本规则指定的给予—请求—接收—反馈—重订路径路由。,近位、远位只修正该交换需求进入亲密关系核心的可能；不得据此判断具体伴侣现实中一定配合。,根气只修正用户交换需求和通道是否稳定重复，不等于双方已形成成熟互惠。,旺弱只修正通道调用强度、抢位或缺位风险，不直接等于交换公平或关系质量。,喜忌只修正调用顺畅度与摩擦，不可直接翻译为理想伴侣五行、十神或必然互补。,真合化成立时按化神功能重算用户交换需求；合化争议时停止细化交换通道。,近位提高该交换议题进入关系核心的可能；远位只保留背景或阶段性观察。,90,-10／降级,pseudo_reciprocity_warning,角色与负荷平衡不能由以下资料直接成立：一方长期补位，另一方没有参与和成长。,目前不能只凭：一方长期补位，另一方没有参与和成长。,不得仅凭本规则推出双方一定公平、相爱、忠诚、长期稳定或适合结婚；不得把付出多少直接等同爱多少；不得以命理要求单方牺牲、立即回报、原谅、复合或继续关系。现实安全、同意、持续行为、反例与双方协商优先。,中高,待验证,,exchange_dimension=ED07; provisional=true; rule_group=EXCHANGE-ED维度,0.4
M5-EXCHANGE-134,ED07 角色与负荷平衡｜工程评分,L2 交换过程维度,EXCHANGE-ED维度,通用,评分,ED07,角色与负荷平衡,该维度与主EC或EM任务一致，来源独立。,只是同一事件的重复解释。,由共享基础引擎、M3与M5-BASE提供；只修正用户怎样给予、请求、接收和回馈，不直接判断双方现实交换质量。,M2只说明进入关系所需资格证据；不能替代长期双向交换、负荷与修复验证。,M3-BASE、EXPR、CARE和BOUND提供用户自然互动通道；M5-EXCHANGE负责把两人的实际行为合成为交换结构。,无／按本规则指定的给予—请求—接收—反馈—重订路径路由。,近位、远位只修正该交换需求进入亲密关系核心的可能；不得据此判断具体伴侣现实中一定配合。,根气只修正用户交换需求和通道是否稳定重复，不等于双方已形成成熟互惠。,旺弱只修正通道调用强度、抢位或缺位风险，不直接等于交换公平或关系质量。,喜忌只修正调用顺畅度与摩擦，不可直接翻译为理想伴侣五行、十神或必然互补。,真合化成立时按化神功能重算用户交换需求；合化争议时停止细化交换通道。,近位提高该交换议题进入关系核心的可能；远位只保留背景或阶段性观察。,72,+4至+12；按XV层级,confidence,ED07只作为交换证据，不重新计算命盘基础权重。,公平不等于每项对半，而是负荷可持续、可重订。,不得仅凭本规则推出双方一定公平、相爱、忠诚、长期稳定或适合结婚；不得把付出多少直接等同爱多少；不得以命理要求单方牺牲、立即回报、原谅、复合或继续关系。现实安全、同意、持续行为、反例与双方协商优先。,中,待验证,,exchange_dimension=ED07; provisional=true; rule_group=EXCHANGE-ED维度,0.4
M5-EXCHANGE-135,ED07 角色与负荷平衡｜标准用户语言,L2 交换过程维度,EXCHANGE-ED维度,通用,输出,ED07,角色与负荷平衡,完成该维度裁决。,结论仍未定。,由共享基础引擎、M3与M5-BASE提供；只修正用户怎样给予、请求、接收和回馈，不直接判断双方现实交换质量。,M2只说明进入关系所需资格证据；不能替代长期双向交换、负荷与修复验证。,M3-BASE、EXPR、CARE和BOUND提供用户自然互动通道；M5-EXCHANGE负责把两人的实际行为合成为交换结构。,无／按本规则指定的给予—请求—接收—反馈—重订路径路由。,近位、远位只修正该交换需求进入亲密关系核心的可能；不得据此判断具体伴侣现实中一定配合。,根气只修正用户交换需求和通道是否稳定重复，不等于双方已形成成熟互惠。,旺弱只修正通道调用强度、抢位或缺位风险，不直接等于交换公平或关系质量。,喜忌只修正调用顺畅度与摩擦，不可直接翻译为理想伴侣五行、十神或必然互补。,真合化成立时按化神功能重算用户交换需求；合化争议时停止细化交换通道。,近位提高该交换议题进入关系核心的可能；远位只保留背景或阶段性观察。,70,不加分；输出,report_text,公平不等于每项对半，而是负荷可持续、可重订。,交换重点：公平不等于每项对半，而是负荷可持续、可重订。,不得仅凭本规则推出双方一定公平、相爱、忠诚、长期稳定或适合结婚；不得把付出多少直接等同爱多少；不得以命理要求单方牺牲、立即回报、原谅、复合或继续关系。现实安全、同意、持续行为、反例与双方协商优先。,中高,待验证,,exchange_dimension=ED07; provisional=true; rule_group=EXCHANGE-ED维度,0.4
M5-EXCHANGE-136,ED08 同意与资源边界｜正式定义,L2 交换过程维度,EXCHANGE-ED维度,通用,定义,ED08,同意与资源边界,存在具体双人交换资料。,只有命盘需求或单方抽象评价。,由共享基础引擎、M3与M5-BASE提供；只修正用户怎样给予、请求、接收和回馈，不直接判断双方现实交换质量。,M2只说明进入关系所需资格证据；不能替代长期双向交换、负荷与修复验证。,M3-BASE、EXPR、CARE和BOUND提供用户自然互动通道；M5-EXCHANGE负责把两人的实际行为合成为交换结构。,无／按本规则指定的给予—请求—接收—反馈—重订路径路由。,近位、远位只修正该交换需求进入亲密关系核心的可能；不得据此判断具体伴侣现实中一定配合。,根气只修正用户交换需求和通道是否稳定重复，不等于双方已形成成熟互惠。,旺弱只修正通道调用强度、抢位或缺位风险，不直接等于交换公平或关系质量。,喜忌只修正调用顺畅度与摩擦，不可直接翻译为理想伴侣五行、十神或必然互补。,真合化成立时按化神功能重算用户交换需求；合化争议时停止细化交换通道。,近位提高该交换议题进入关系核心的可能；远位只保留背景或阶段性观察。,94,不加分；定义,exchange_dimensions,帮助、金钱、时间、身体、隐私和决定是否建立在明确同意上。,支持不能越过同意和选择权。,不得仅凭本规则推出双方一定公平、相爱、忠诚、长期稳定或适合结婚；不得把付出多少直接等同爱多少；不得以命理要求单方牺牲、立即回报、原谅、复合或继续关系。现实安全、同意、持续行为、反例与双方协商优先。,高,待验证,,exchange_dimension=ED08; provisional=true; rule_group=EXCHANGE-ED维度,0.4
M5-EXCHANGE-137,ED08 同意与资源边界｜可靠证据,L2 交换过程维度,EXCHANGE-ED维度,通用,证据,ED08,同意与资源边界,帮助前确认，过程中可暂停，事后可反馈。,同源重复、一次高光或只有一方自述。,由共享基础引擎、M3与M5-BASE提供；只修正用户怎样给予、请求、接收和回馈，不直接判断双方现实交换质量。,M2只说明进入关系所需资格证据；不能替代长期双向交换、负荷与修复验证。,M3-BASE、EXPR、CARE和BOUND提供用户自然互动通道；M5-EXCHANGE负责把两人的实际行为合成为交换结构。,无／按本规则指定的给予—请求—接收—反馈—重订路径路由。,近位、远位只修正该交换需求进入亲密关系核心的可能；不得据此判断具体伴侣现实中一定配合。,根气只修正用户交换需求和通道是否稳定重复，不等于双方已形成成熟互惠。,旺弱只修正通道调用强度、抢位或缺位风险，不直接等于交换公平或关系质量。,喜忌只修正调用顺畅度与摩擦，不可直接翻译为理想伴侣五行、十神或必然互补。,真合化成立时按化神功能重算用户交换需求；合化争议时停止细化交换通道。,近位提高该交换议题进入关系核心的可能；远位只保留背景或阶段性观察。,86,+10 可靠证据,exchange_evidence_level,同意与资源边界的可靠证据需要：帮助前确认，过程中可暂停，事后可反馈。,这项交换要看：帮助前确认，过程中可暂停，事后可反馈。,不得仅凭本规则推出双方一定公平、相爱、忠诚、长期稳定或适合结婚；不得把付出多少直接等同爱多少；不得以命理要求单方牺牲、立即回报、原谅、复合或继续关系。现实安全、同意、持续行为、反例与双方协商优先。,中高,待验证,,exchange_dimension=ED08; provisional=true; rule_group=EXCHANGE-ED维度,0.4
M5-EXCHANGE-138,ED08 同意与资源边界｜不足与假阳性,L2 交换过程维度,EXCHANGE-ED维度,通用,降级,ED08,同意与资源边界,出现不足情形。,XV5以上且反例检验支持成熟结构。,由共享基础引擎、M3与M5-BASE提供；只修正用户怎样给予、请求、接收和回馈，不直接判断双方现实交换质量。,M2只说明进入关系所需资格证据；不能替代长期双向交换、负荷与修复验证。,M3-BASE、EXPR、CARE和BOUND提供用户自然互动通道；M5-EXCHANGE负责把两人的实际行为合成为交换结构。,无／按本规则指定的给予—请求—接收—反馈—重订路径路由。,近位、远位只修正该交换需求进入亲密关系核心的可能；不得据此判断具体伴侣现实中一定配合。,根气只修正用户交换需求和通道是否稳定重复，不等于双方已形成成熟互惠。,旺弱只修正通道调用强度、抢位或缺位风险，不直接等于交换公平或关系质量。,喜忌只修正调用顺畅度与摩擦，不可直接翻译为理想伴侣五行、十神或必然互补。,真合化成立时按化神功能重算用户交换需求；合化争议时停止细化交换通道。,近位提高该交换议题进入关系核心的可能；远位只保留背景或阶段性观察。,90,-10／降级,pseudo_reciprocity_warning,同意与资源边界不能由以下资料直接成立：以付出为由要求服从，或未经同意替对方决定。,目前不能只凭：以付出为由要求服从，或未经同意替对方决定。,不得仅凭本规则推出双方一定公平、相爱、忠诚、长期稳定或适合结婚；不得把付出多少直接等同爱多少；不得以命理要求单方牺牲、立即回报、原谅、复合或继续关系。现实安全、同意、持续行为、反例与双方协商优先。,中高,待验证,,exchange_dimension=ED08; provisional=true; rule_group=EXCHANGE-ED维度,0.4
M5-EXCHANGE-139,ED08 同意与资源边界｜工程评分,L2 交换过程维度,EXCHANGE-ED维度,通用,评分,ED08,同意与资源边界,该维度与主EC或EM任务一致，来源独立。,只是同一事件的重复解释。,由共享基础引擎、M3与M5-BASE提供；只修正用户怎样给予、请求、接收和回馈，不直接判断双方现实交换质量。,M2只说明进入关系所需资格证据；不能替代长期双向交换、负荷与修复验证。,M3-BASE、EXPR、CARE和BOUND提供用户自然互动通道；M5-EXCHANGE负责把两人的实际行为合成为交换结构。,无／按本规则指定的给予—请求—接收—反馈—重订路径路由。,近位、远位只修正该交换需求进入亲密关系核心的可能；不得据此判断具体伴侣现实中一定配合。,根气只修正用户交换需求和通道是否稳定重复，不等于双方已形成成熟互惠。,旺弱只修正通道调用强度、抢位或缺位风险，不直接等于交换公平或关系质量。,喜忌只修正调用顺畅度与摩擦，不可直接翻译为理想伴侣五行、十神或必然互补。,真合化成立时按化神功能重算用户交换需求；合化争议时停止细化交换通道。,近位提高该交换议题进入关系核心的可能；远位只保留背景或阶段性观察。,72,+4至+12；按XV层级,confidence,ED08只作为交换证据，不重新计算命盘基础权重。,支持不能越过同意和选择权。,不得仅凭本规则推出双方一定公平、相爱、忠诚、长期稳定或适合结婚；不得把付出多少直接等同爱多少；不得以命理要求单方牺牲、立即回报、原谅、复合或继续关系。现实安全、同意、持续行为、反例与双方协商优先。,中,待验证,,exchange_dimension=ED08; provisional=true; rule_group=EXCHANGE-ED维度,0.4
M5-EXCHANGE-140,ED08 同意与资源边界｜标准用户语言,L2 交换过程维度,EXCHANGE-ED维度,通用,输出,ED08,同意与资源边界,完成该维度裁决。,结论仍未定。,由共享基础引擎、M3与M5-BASE提供；只修正用户怎样给予、请求、接收和回馈，不直接判断双方现实交换质量。,M2只说明进入关系所需资格证据；不能替代长期双向交换、负荷与修复验证。,M3-BASE、EXPR、CARE和BOUND提供用户自然互动通道；M5-EXCHANGE负责把两人的实际行为合成为交换结构。,无／按本规则指定的给予—请求—接收—反馈—重订路径路由。,近位、远位只修正该交换需求进入亲密关系核心的可能；不得据此判断具体伴侣现实中一定配合。,根气只修正用户交换需求和通道是否稳定重复，不等于双方已形成成熟互惠。,旺弱只修正通道调用强度、抢位或缺位风险，不直接等于交换公平或关系质量。,喜忌只修正调用顺畅度与摩擦，不可直接翻译为理想伴侣五行、十神或必然互补。,真合化成立时按化神功能重算用户交换需求；合化争议时停止细化交换通道。,近位提高该交换议题进入关系核心的可能；远位只保留背景或阶段性观察。,70,不加分；输出,report_text,支持不能越过同意和选择权。,交换重点：支持不能越过同意和选择权。,不得仅凭本规则推出双方一定公平、相爱、忠诚、长期稳定或适合结婚；不得把付出多少直接等同爱多少；不得以命理要求单方牺牲、立即回报、原谅、复合或继续关系。现实安全、同意、持续行为、反例与双方协商优先。,中高,待验证,,exchange_dimension=ED08; provisional=true; rule_group=EXCHANGE-ED维度,0.4
M5-EXCHANGE-141,ED09 重新协商能力｜正式定义,L2 交换过程维度,EXCHANGE-ED维度,通用,定义,ED09,重新协商能力,存在具体双人交换资料。,只有命盘需求或单方抽象评价。,由共享基础引擎、M3与M5-BASE提供；只修正用户怎样给予、请求、接收和回馈，不直接判断双方现实交换质量。,M2只说明进入关系所需资格证据；不能替代长期双向交换、负荷与修复验证。,M3-BASE、EXPR、CARE和BOUND提供用户自然互动通道；M5-EXCHANGE负责把两人的实际行为合成为交换结构。,无／按本规则指定的给予—请求—接收—反馈—重订路径路由。,近位、远位只修正该交换需求进入亲密关系核心的可能；不得据此判断具体伴侣现实中一定配合。,根气只修正用户交换需求和通道是否稳定重复，不等于双方已形成成熟互惠。,旺弱只修正通道调用强度、抢位或缺位风险，不直接等于交换公平或关系质量。,喜忌只修正调用顺畅度与摩擦，不可直接翻译为理想伴侣五行、十神或必然互补。,真合化成立时按化神功能重算用户交换需求；合化争议时停止细化交换通道。,近位提高该交换议题进入关系核心的可能；远位只保留背景或阶段性观察。,94,不加分；定义,exchange_dimensions,生活阶段、资源和需要变化时，交换规则能否更新。,长期关系需要不断重订，而不是一次定终身。,不得仅凭本规则推出双方一定公平、相爱、忠诚、长期稳定或适合结婚；不得把付出多少直接等同爱多少；不得以命理要求单方牺牲、立即回报、原谅、复合或继续关系。现实安全、同意、持续行为、反例与双方协商优先。,高,待验证,,exchange_dimension=ED09; provisional=true; rule_group=EXCHANGE-ED维度,0.4
M5-EXCHANGE-142,ED09 重新协商能力｜可靠证据,L2 交换过程维度,EXCHANGE-ED维度,通用,证据,ED09,重新协商能力,出现变化后能谈分工、节奏、边界和责任。,同源重复、一次高光或只有一方自述。,由共享基础引擎、M3与M5-BASE提供；只修正用户怎样给予、请求、接收和回馈，不直接判断双方现实交换质量。,M2只说明进入关系所需资格证据；不能替代长期双向交换、负荷与修复验证。,M3-BASE、EXPR、CARE和BOUND提供用户自然互动通道；M5-EXCHANGE负责把两人的实际行为合成为交换结构。,无／按本规则指定的给予—请求—接收—反馈—重订路径路由。,近位、远位只修正该交换需求进入亲密关系核心的可能；不得据此判断具体伴侣现实中一定配合。,根气只修正用户交换需求和通道是否稳定重复，不等于双方已形成成熟互惠。,旺弱只修正通道调用强度、抢位或缺位风险，不直接等于交换公平或关系质量。,喜忌只修正调用顺畅度与摩擦，不可直接翻译为理想伴侣五行、十神或必然互补。,真合化成立时按化神功能重算用户交换需求；合化争议时停止细化交换通道。,近位提高该交换议题进入关系核心的可能；远位只保留背景或阶段性观察。,86,+10 可靠证据,exchange_evidence_level,重新协商能力的可靠证据需要：出现变化后能谈分工、节奏、边界和责任。,这项交换要看：出现变化后能谈分工、节奏、边界和责任。,不得仅凭本规则推出双方一定公平、相爱、忠诚、长期稳定或适合结婚；不得把付出多少直接等同爱多少；不得以命理要求单方牺牲、立即回报、原谅、复合或继续关系。现实安全、同意、持续行为、反例与双方协商优先。,中高,待验证,,exchange_dimension=ED09; provisional=true; rule_group=EXCHANGE-ED维度,0.4
M5-EXCHANGE-143,ED09 重新协商能力｜不足与假阳性,L2 交换过程维度,EXCHANGE-ED维度,通用,降级,ED09,重新协商能力,出现不足情形。,XV5以上且反例检验支持成熟结构。,由共享基础引擎、M3与M5-BASE提供；只修正用户怎样给予、请求、接收和回馈，不直接判断双方现实交换质量。,M2只说明进入关系所需资格证据；不能替代长期双向交换、负荷与修复验证。,M3-BASE、EXPR、CARE和BOUND提供用户自然互动通道；M5-EXCHANGE负责把两人的实际行为合成为交换结构。,无／按本规则指定的给予—请求—接收—反馈—重订路径路由。,近位、远位只修正该交换需求进入亲密关系核心的可能；不得据此判断具体伴侣现实中一定配合。,根气只修正用户交换需求和通道是否稳定重复，不等于双方已形成成熟互惠。,旺弱只修正通道调用强度、抢位或缺位风险，不直接等于交换公平或关系质量。,喜忌只修正调用顺畅度与摩擦，不可直接翻译为理想伴侣五行、十神或必然互补。,真合化成立时按化神功能重算用户交换需求；合化争议时停止细化交换通道。,近位提高该交换议题进入关系核心的可能；远位只保留背景或阶段性观察。,90,-10／降级,pseudo_reciprocity_warning,重新协商能力不能由以下资料直接成立：把旧规则当成永远不变，或只由一方决定新规则。,目前不能只凭：把旧规则当成永远不变，或只由一方决定新规则。,不得仅凭本规则推出双方一定公平、相爱、忠诚、长期稳定或适合结婚；不得把付出多少直接等同爱多少；不得以命理要求单方牺牲、立即回报、原谅、复合或继续关系。现实安全、同意、持续行为、反例与双方协商优先。,中高,待验证,,exchange_dimension=ED09; provisional=true; rule_group=EXCHANGE-ED维度,0.4
M5-EXCHANGE-144,ED09 重新协商能力｜工程评分,L2 交换过程维度,EXCHANGE-ED维度,通用,评分,ED09,重新协商能力,该维度与主EC或EM任务一致，来源独立。,只是同一事件的重复解释。,由共享基础引擎、M3与M5-BASE提供；只修正用户怎样给予、请求、接收和回馈，不直接判断双方现实交换质量。,M2只说明进入关系所需资格证据；不能替代长期双向交换、负荷与修复验证。,M3-BASE、EXPR、CARE和BOUND提供用户自然互动通道；M5-EXCHANGE负责把两人的实际行为合成为交换结构。,无／按本规则指定的给予—请求—接收—反馈—重订路径路由。,近位、远位只修正该交换需求进入亲密关系核心的可能；不得据此判断具体伴侣现实中一定配合。,根气只修正用户交换需求和通道是否稳定重复，不等于双方已形成成熟互惠。,旺弱只修正通道调用强度、抢位或缺位风险，不直接等于交换公平或关系质量。,喜忌只修正调用顺畅度与摩擦，不可直接翻译为理想伴侣五行、十神或必然互补。,真合化成立时按化神功能重算用户交换需求；合化争议时停止细化交换通道。,近位提高该交换议题进入关系核心的可能；远位只保留背景或阶段性观察。,72,+4至+12；按XV层级,confidence,ED09只作为交换证据，不重新计算命盘基础权重。,长期关系需要不断重订，而不是一次定终身。,不得仅凭本规则推出双方一定公平、相爱、忠诚、长期稳定或适合结婚；不得把付出多少直接等同爱多少；不得以命理要求单方牺牲、立即回报、原谅、复合或继续关系。现实安全、同意、持续行为、反例与双方协商优先。,中,待验证,,exchange_dimension=ED09; provisional=true; rule_group=EXCHANGE-ED维度,0.4
M5-EXCHANGE-145,ED09 重新协商能力｜标准用户语言,L2 交换过程维度,EXCHANGE-ED维度,通用,输出,ED09,重新协商能力,完成该维度裁决。,结论仍未定。,由共享基础引擎、M3与M5-BASE提供；只修正用户怎样给予、请求、接收和回馈，不直接判断双方现实交换质量。,M2只说明进入关系所需资格证据；不能替代长期双向交换、负荷与修复验证。,M3-BASE、EXPR、CARE和BOUND提供用户自然互动通道；M5-EXCHANGE负责把两人的实际行为合成为交换结构。,无／按本规则指定的给予—请求—接收—反馈—重订路径路由。,近位、远位只修正该交换需求进入亲密关系核心的可能；不得据此判断具体伴侣现实中一定配合。,根气只修正用户交换需求和通道是否稳定重复，不等于双方已形成成熟互惠。,旺弱只修正通道调用强度、抢位或缺位风险，不直接等于交换公平或关系质量。,喜忌只修正调用顺畅度与摩擦，不可直接翻译为理想伴侣五行、十神或必然互补。,真合化成立时按化神功能重算用户交换需求；合化争议时停止细化交换通道。,近位提高该交换议题进入关系核心的可能；远位只保留背景或阶段性观察。,70,不加分；输出,report_text,长期关系需要不断重订，而不是一次定终身。,交换重点：长期关系需要不断重订，而不是一次定终身。,不得仅凭本规则推出双方一定公平、相爱、忠诚、长期稳定或适合结婚；不得把付出多少直接等同爱多少；不得以命理要求单方牺牲、立即回报、原谅、复合或继续关系。现实安全、同意、持续行为、反例与双方协商优先。,中高,待验证,,exchange_dimension=ED09; provisional=true; rule_group=EXCHANGE-ED维度,0.4
M5-EXCHANGE-146,ED10 修复与回流｜正式定义,L2 交换过程维度,EXCHANGE-ED维度,通用,定义,ED10,修复与回流,存在具体双人交换资料。,只有命盘需求或单方抽象评价。,由共享基础引擎、M3与M5-BASE提供；只修正用户怎样给予、请求、接收和回馈，不直接判断双方现实交换质量。,M2只说明进入关系所需资格证据；不能替代长期双向交换、负荷与修复验证。,M3-BASE、EXPR、CARE和BOUND提供用户自然互动通道；M5-EXCHANGE负责把两人的实际行为合成为交换结构。,无／按本规则指定的给予—请求—接收—反馈—重订路径路由。,近位、远位只修正该交换需求进入亲密关系核心的可能；不得据此判断具体伴侣现实中一定配合。,根气只修正用户交换需求和通道是否稳定重复，不等于双方已形成成熟互惠。,旺弱只修正通道调用强度、抢位或缺位风险，不直接等于交换公平或关系质量。,喜忌只修正调用顺畅度与摩擦，不可直接翻译为理想伴侣五行、十神或必然互补。,真合化成立时按化神功能重算用户交换需求；合化争议时停止细化交换通道。,近位提高该交换议题进入关系核心的可能；远位只保留背景或阶段性观察。,94,不加分；定义,exchange_dimensions,交换失误、失衡或中断后，是否能接收反馈、补做缺失步骤并持续回访。,交换真正恢复，要让反馈和改变都回来。,不得仅凭本规则推出双方一定公平、相爱、忠诚、长期稳定或适合结婚；不得把付出多少直接等同爱多少；不得以命理要求单方牺牲、立即回报、原谅、复合或继续关系。现实安全、同意、持续行为、反例与双方协商优先。,高,待验证,,exchange_dimension=ED10; provisional=true; rule_group=EXCHANGE-ED维度,0.4
M5-EXCHANGE-147,ED10 修复与回流｜可靠证据,L2 交换过程维度,EXCHANGE-ED维度,通用,证据,ED10,修复与回流,承认影响、承担、调整、接收反馈和持续兑现。,同源重复、一次高光或只有一方自述。,由共享基础引擎、M3与M5-BASE提供；只修正用户怎样给予、请求、接收和回馈，不直接判断双方现实交换质量。,M2只说明进入关系所需资格证据；不能替代长期双向交换、负荷与修复验证。,M3-BASE、EXPR、CARE和BOUND提供用户自然互动通道；M5-EXCHANGE负责把两人的实际行为合成为交换结构。,无／按本规则指定的给予—请求—接收—反馈—重订路径路由。,近位、远位只修正该交换需求进入亲密关系核心的可能；不得据此判断具体伴侣现实中一定配合。,根气只修正用户交换需求和通道是否稳定重复，不等于双方已形成成熟互惠。,旺弱只修正通道调用强度、抢位或缺位风险，不直接等于交换公平或关系质量。,喜忌只修正调用顺畅度与摩擦，不可直接翻译为理想伴侣五行、十神或必然互补。,真合化成立时按化神功能重算用户交换需求；合化争议时停止细化交换通道。,近位提高该交换议题进入关系核心的可能；远位只保留背景或阶段性观察。,86,+10 可靠证据,exchange_evidence_level,修复与回流的可靠证据需要：承认影响、承担、调整、接收反馈和持续兑现。,这项交换要看：承认影响、承担、调整、接收反馈和持续兑现。,不得仅凭本规则推出双方一定公平、相爱、忠诚、长期稳定或适合结婚；不得把付出多少直接等同爱多少；不得以命理要求单方牺牲、立即回报、原谅、复合或继续关系。现实安全、同意、持续行为、反例与双方协商优先。,中高,待验证,,exchange_dimension=ED10; provisional=true; rule_group=EXCHANGE-ED维度,0.4
M5-EXCHANGE-148,ED10 修复与回流｜不足与假阳性,L2 交换过程维度,EXCHANGE-ED维度,通用,降级,ED10,修复与回流,出现不足情形。,XV5以上且反例检验支持成熟结构。,由共享基础引擎、M3与M5-BASE提供；只修正用户怎样给予、请求、接收和回馈，不直接判断双方现实交换质量。,M2只说明进入关系所需资格证据；不能替代长期双向交换、负荷与修复验证。,M3-BASE、EXPR、CARE和BOUND提供用户自然互动通道；M5-EXCHANGE负责把两人的实际行为合成为交换结构。,无／按本规则指定的给予—请求—接收—反馈—重订路径路由。,近位、远位只修正该交换需求进入亲密关系核心的可能；不得据此判断具体伴侣现实中一定配合。,根气只修正用户交换需求和通道是否稳定重复，不等于双方已形成成熟互惠。,旺弱只修正通道调用强度、抢位或缺位风险，不直接等于交换公平或关系质量。,喜忌只修正调用顺畅度与摩擦，不可直接翻译为理想伴侣五行、十神或必然互补。,真合化成立时按化神功能重算用户交换需求；合化争议时停止细化交换通道。,近位提高该交换议题进入关系核心的可能；远位只保留背景或阶段性观察。,90,-10／降级,pseudo_reciprocity_warning,修复与回流不能由以下资料直接成立：用和好、补偿或一次努力代替完整修复。,目前不能只凭：用和好、补偿或一次努力代替完整修复。,不得仅凭本规则推出双方一定公平、相爱、忠诚、长期稳定或适合结婚；不得把付出多少直接等同爱多少；不得以命理要求单方牺牲、立即回报、原谅、复合或继续关系。现实安全、同意、持续行为、反例与双方协商优先。,中高,待验证,,exchange_dimension=ED10; provisional=true; rule_group=EXCHANGE-ED维度,0.4
M5-EXCHANGE-149,ED10 修复与回流｜工程评分,L2 交换过程维度,EXCHANGE-ED维度,通用,评分,ED10,修复与回流,该维度与主EC或EM任务一致，来源独立。,只是同一事件的重复解释。,由共享基础引擎、M3与M5-BASE提供；只修正用户怎样给予、请求、接收和回馈，不直接判断双方现实交换质量。,M2只说明进入关系所需资格证据；不能替代长期双向交换、负荷与修复验证。,M3-BASE、EXPR、CARE和BOUND提供用户自然互动通道；M5-EXCHANGE负责把两人的实际行为合成为交换结构。,无／按本规则指定的给予—请求—接收—反馈—重订路径路由。,近位、远位只修正该交换需求进入亲密关系核心的可能；不得据此判断具体伴侣现实中一定配合。,根气只修正用户交换需求和通道是否稳定重复，不等于双方已形成成熟互惠。,旺弱只修正通道调用强度、抢位或缺位风险，不直接等于交换公平或关系质量。,喜忌只修正调用顺畅度与摩擦，不可直接翻译为理想伴侣五行、十神或必然互补。,真合化成立时按化神功能重算用户交换需求；合化争议时停止细化交换通道。,近位提高该交换议题进入关系核心的可能；远位只保留背景或阶段性观察。,72,+4至+12；按XV层级,confidence,ED10只作为交换证据，不重新计算命盘基础权重。,交换真正恢复，要让反馈和改变都回来。,不得仅凭本规则推出双方一定公平、相爱、忠诚、长期稳定或适合结婚；不得把付出多少直接等同爱多少；不得以命理要求单方牺牲、立即回报、原谅、复合或继续关系。现实安全、同意、持续行为、反例与双方协商优先。,中,待验证,,exchange_dimension=ED10; provisional=true; rule_group=EXCHANGE-ED维度,0.4
M5-EXCHANGE-150,ED10 修复与回流｜标准用户语言,L2 交换过程维度,EXCHANGE-ED维度,通用,输出,ED10,修复与回流,完成该维度裁决。,结论仍未定。,由共享基础引擎、M3与M5-BASE提供；只修正用户怎样给予、请求、接收和回馈，不直接判断双方现实交换质量。,M2只说明进入关系所需资格证据；不能替代长期双向交换、负荷与修复验证。,M3-BASE、EXPR、CARE和BOUND提供用户自然互动通道；M5-EXCHANGE负责把两人的实际行为合成为交换结构。,无／按本规则指定的给予—请求—接收—反馈—重订路径路由。,近位、远位只修正该交换需求进入亲密关系核心的可能；不得据此判断具体伴侣现实中一定配合。,根气只修正用户交换需求和通道是否稳定重复，不等于双方已形成成熟互惠。,旺弱只修正通道调用强度、抢位或缺位风险，不直接等于交换公平或关系质量。,喜忌只修正调用顺畅度与摩擦，不可直接翻译为理想伴侣五行、十神或必然互补。,真合化成立时按化神功能重算用户交换需求；合化争议时停止细化交换通道。,近位提高该交换议题进入关系核心的可能；远位只保留背景或阶段性观察。,70,不加分；输出,report_text,交换真正恢复，要让反馈和改变都回来。,交换重点：交换真正恢复，要让反馈和改变都回来。,不得仅凭本规则推出双方一定公平、相爱、忠诚、长期稳定或适合结婚；不得把付出多少直接等同爱多少；不得以命理要求单方牺牲、立即回报、原谅、复合或继续关系。现实安全、同意、持续行为、反例与双方协商优先。,中高,待验证,,exchange_dimension=ED10; provisional=true; rule_group=EXCHANGE-ED维度,0.4
M5-EXCHANGE-151,EM01 同步互惠型｜正式定义,L3 双向交换模式,EXCHANGE-EM模式,通用,定义,EM01,同步互惠型,M5-BASE、PARTNER或现实资料路由该模式。,安全门控未通过。,由共享基础引擎、M3与M5-BASE提供；只修正用户怎样给予、请求、接收和回馈，不直接判断双方现实交换质量。,M2只说明进入关系所需资格证据；不能替代长期双向交换、负荷与修复验证。,M3-BASE、EXPR、CARE和BOUND提供用户自然互动通道；M5-EXCHANGE负责把两人的实际行为合成为交换结构。,无／按本规则指定的给予—请求—接收—反馈—重订路径路由。,近位、远位只修正该交换需求进入亲密关系核心的可能；不得据此判断具体伴侣现实中一定配合。,根气只修正用户交换需求和通道是否稳定重复，不等于双方已形成成熟互惠。,旺弱只修正通道调用强度、抢位或缺位风险，不直接等于交换公平或关系质量。,喜忌只修正调用顺畅度与摩擦，不可直接翻译为理想伴侣五行、十神或必然互补。,真合化成立时按化神功能重算用户交换需求；合化争议时停止细化交换通道。,近位提高该交换议题进入关系核心的可能；远位只保留背景或阶段性观察。,90,EM候选 +8,exchange_mode,双方在相近时间和相同或相近领域回应彼此。,交换模式更接近同步互惠型。,不得仅凭本规则推出双方一定公平、相爱、忠诚、长期稳定或适合结婚；不得把付出多少直接等同爱多少；不得以命理要求单方牺牲、立即回报、原谅、复合或继续关系。现实安全、同意、持续行为、反例与双方协商优先。,中高,待验证,,exchange_mode=EM01; provisional=true; rule_group=EXCHANGE-EM模式,0.4
M5-EXCHANGE-152,EM01 同步互惠型｜适用情境,L3 双向交换模式,EXCHANGE-EM模式,通用,场景,EM01,同步互惠型,存在对应XD领域或生活阶段。,把一种模式覆盖全部关系领域。,由共享基础引擎、M3与M5-BASE提供；只修正用户怎样给予、请求、接收和回馈，不直接判断双方现实交换质量。,M2只说明进入关系所需资格证据；不能替代长期双向交换、负荷与修复验证。,M3-BASE、EXPR、CARE和BOUND提供用户自然互动通道；M5-EXCHANGE负责把两人的实际行为合成为交换结构。,无／按本规则指定的给予—请求—接收—反馈—重订路径路由。,近位、远位只修正该交换需求进入亲密关系核心的可能；不得据此判断具体伴侣现实中一定配合。,根气只修正用户交换需求和通道是否稳定重复，不等于双方已形成成熟互惠。,旺弱只修正通道调用强度、抢位或缺位风险，不直接等于交换公平或关系质量。,喜忌只修正调用顺畅度与摩擦，不可直接翻译为理想伴侣五行、十神或必然互补。,真合化成立时按化神功能重算用户交换需求；合化争议时停止细化交换通道。,近位提高该交换议题进入关系核心的可能；远位只保留背景或阶段性观察。,78,+6 场景路由,exchange_domains,适合即时沟通、共同事务和情绪回应；不要求逐项完全等量。,这种方式更适合：适合即时沟通、共同事务和情绪回应；不要求逐项完全等量。,不得仅凭本规则推出双方一定公平、相爱、忠诚、长期稳定或适合结婚；不得把付出多少直接等同爱多少；不得以命理要求单方牺牲、立即回报、原谅、复合或继续关系。现实安全、同意、持续行为、反例与双方协商优先。,中,待验证,,exchange_mode=EM01; provisional=true; rule_group=EXCHANGE-EM模式,0.4
M5-EXCHANGE-153,EM01 同步互惠型｜成立条件,L3 双向交换模式,EXCHANGE-EM模式,通用,门控,EM01,同步互惠型,双方能表达、接收并确认回应。,只有标签相似、一次事件或单方愿望。,由共享基础引擎、M3与M5-BASE提供；只修正用户怎样给予、请求、接收和回馈，不直接判断双方现实交换质量。,M2只说明进入关系所需资格证据；不能替代长期双向交换、负荷与修复验证。,M3-BASE、EXPR、CARE和BOUND提供用户自然互动通道；M5-EXCHANGE负责把两人的实际行为合成为交换结构。,无／按本规则指定的给予—请求—接收—反馈—重订路径路由。,近位、远位只修正该交换需求进入亲密关系核心的可能；不得据此判断具体伴侣现实中一定配合。,根气只修正用户交换需求和通道是否稳定重复，不等于双方已形成成熟互惠。,旺弱只修正通道调用强度、抢位或缺位风险，不直接等于交换公平或关系质量。,喜忌只修正调用顺畅度与摩擦，不可直接翻译为理想伴侣五行、十神或必然互补。,真合化成立时按化神功能重算用户交换需求；合化争议时停止细化交换通道。,近位提高该交换议题进入关系核心的可能；远位只保留背景或阶段性观察。,88,+10 模式成立,exchange_mode,同步互惠型必须满足：双方能表达、接收并确认回应。,要形成同步互惠型，需要：双方能表达、接收并确认回应。,不得仅凭本规则推出双方一定公平、相爱、忠诚、长期稳定或适合结婚；不得把付出多少直接等同爱多少；不得以命理要求单方牺牲、立即回报、原谅、复合或继续关系。现实安全、同意、持续行为、反例与双方协商优先。,中高,待验证,,exchange_mode=EM01; provisional=true; rule_group=EXCHANGE-EM模式,0.4
M5-EXCHANGE-154,EM01 同步互惠型｜失衡与伪适配,L3 双向交换模式,EXCHANGE-EM模式,通用,风险,EM01,同步互惠型,出现风险信号。,XV5—XV7现实证据能够排除。,由共享基础引擎、M3与M5-BASE提供；只修正用户怎样给予、请求、接收和回馈，不直接判断双方现实交换质量。,M2只说明进入关系所需资格证据；不能替代长期双向交换、负荷与修复验证。,M3-BASE、EXPR、CARE和BOUND提供用户自然互动通道；M5-EXCHANGE负责把两人的实际行为合成为交换结构。,无／按本规则指定的给予—请求—接收—反馈—重订路径路由。,近位、远位只修正该交换需求进入亲密关系核心的可能；不得据此判断具体伴侣现实中一定配合。,根气只修正用户交换需求和通道是否稳定重复，不等于双方已形成成熟互惠。,旺弱只修正通道调用强度、抢位或缺位风险，不直接等于交换公平或关系质量。,喜忌只修正调用顺畅度与摩擦，不可直接翻译为理想伴侣五行、十神或必然互补。,真合化成立时按化神功能重算用户交换需求；合化争议时停止细化交换通道。,近位提高该交换议题进入关系核心的可能；远位只保留背景或阶段性观察。,92,风险 +12,pseudo_reciprocity_warning,即时回报变成计较或压力。,需要避免：即时回报变成计较或压力。,不得仅凭本规则推出双方一定公平、相爱、忠诚、长期稳定或适合结婚；不得把付出多少直接等同爱多少；不得以命理要求单方牺牲、立即回报、原谅、复合或继续关系。现实安全、同意、持续行为、反例与双方协商优先。,中高,待验证,,exchange_mode=EM01; provisional=true; rule_group=EXCHANGE-EM模式,0.4
M5-EXCHANGE-155,EM01 同步互惠型｜现实验证与输出,L3 双向交换模式,EXCHANGE-EM模式,通用,证据,EM01,同步互惠型,XV3以上。,只有命盘或单次高光。,由共享基础引擎、M3与M5-BASE提供；只修正用户怎样给予、请求、接收和回馈，不直接判断双方现实交换质量。,M2只说明进入关系所需资格证据；不能替代长期双向交换、负荷与修复验证。,M3-BASE、EXPR、CARE和BOUND提供用户自然互动通道；M5-EXCHANGE负责把两人的实际行为合成为交换结构。,无／按本规则指定的给予—请求—接收—反馈—重订路径路由。,近位、远位只修正该交换需求进入亲密关系核心的可能；不得据此判断具体伴侣现实中一定配合。,根气只修正用户交换需求和通道是否稳定重复，不等于双方已形成成熟互惠。,旺弱只修正通道调用强度、抢位或缺位风险，不直接等于交换公平或关系质量。,喜忌只修正调用顺畅度与摩擦，不可直接翻译为理想伴侣五行、十神或必然互补。,真合化成立时按化神功能重算用户交换需求；合化争议时停止细化交换通道。,近位提高该交换议题进入关系核心的可能；远位只保留背景或阶段性观察。,78,不加分；现实核验,observation_plan,模式必须由双方请求、回应、负荷和重订共同验证。,要看这套交换是否能在现实变化后继续运行。,不得仅凭本规则推出双方一定公平、相爱、忠诚、长期稳定或适合结婚；不得把付出多少直接等同爱多少；不得以命理要求单方牺牲、立即回报、原谅、复合或继续关系。现实安全、同意、持续行为、反例与双方协商优先。,中,待验证,,exchange_mode=EM01; provisional=true; rule_group=EXCHANGE-EM模式,0.4
M5-EXCHANGE-156,EM02 错峰互惠型｜正式定义,L3 双向交换模式,EXCHANGE-EM模式,通用,定义,EM02,错峰互惠型,M5-BASE、PARTNER或现实资料路由该模式。,安全门控未通过。,由共享基础引擎、M3与M5-BASE提供；只修正用户怎样给予、请求、接收和回馈，不直接判断双方现实交换质量。,M2只说明进入关系所需资格证据；不能替代长期双向交换、负荷与修复验证。,M3-BASE、EXPR、CARE和BOUND提供用户自然互动通道；M5-EXCHANGE负责把两人的实际行为合成为交换结构。,无／按本规则指定的给予—请求—接收—反馈—重订路径路由。,近位、远位只修正该交换需求进入亲密关系核心的可能；不得据此判断具体伴侣现实中一定配合。,根气只修正用户交换需求和通道是否稳定重复，不等于双方已形成成熟互惠。,旺弱只修正通道调用强度、抢位或缺位风险，不直接等于交换公平或关系质量。,喜忌只修正调用顺畅度与摩擦，不可直接翻译为理想伴侣五行、十神或必然互补。,真合化成立时按化神功能重算用户交换需求；合化争议时停止细化交换通道。,近位提高该交换议题进入关系核心的可能；远位只保留背景或阶段性观察。,90,EM候选 +8,exchange_mode,双方在不同阶段轮流承担，当前不对称但长期可被看见和平衡。,交换模式更接近错峰互惠型。,不得仅凭本规则推出双方一定公平、相爱、忠诚、长期稳定或适合结婚；不得把付出多少直接等同爱多少；不得以命理要求单方牺牲、立即回报、原谅、复合或继续关系。现实安全、同意、持续行为、反例与双方协商优先。,中高,待验证,,exchange_mode=EM02; provisional=true; rule_group=EXCHANGE-EM模式,0.4
M5-EXCHANGE-157,EM02 错峰互惠型｜适用情境,L3 双向交换模式,EXCHANGE-EM模式,通用,场景,EM02,错峰互惠型,存在对应XD领域或生活阶段。,把一种模式覆盖全部关系领域。,由共享基础引擎、M3与M5-BASE提供；只修正用户怎样给予、请求、接收和回馈，不直接判断双方现实交换质量。,M2只说明进入关系所需资格证据；不能替代长期双向交换、负荷与修复验证。,M3-BASE、EXPR、CARE和BOUND提供用户自然互动通道；M5-EXCHANGE负责把两人的实际行为合成为交换结构。,无／按本规则指定的给予—请求—接收—反馈—重订路径路由。,近位、远位只修正该交换需求进入亲密关系核心的可能；不得据此判断具体伴侣现实中一定配合。,根气只修正用户交换需求和通道是否稳定重复，不等于双方已形成成熟互惠。,旺弱只修正通道调用强度、抢位或缺位风险，不直接等于交换公平或关系质量。,喜忌只修正调用顺畅度与摩擦，不可直接翻译为理想伴侣五行、十神或必然互补。,真合化成立时按化神功能重算用户交换需求；合化争议时停止细化交换通道。,近位提高该交换议题进入关系核心的可能；远位只保留背景或阶段性观察。,78,+6 场景路由,exchange_domains,适合工作繁忙、健康变化、育儿或阶段性资源差异。,这种方式更适合：适合工作繁忙、健康变化、育儿或阶段性资源差异。,不得仅凭本规则推出双方一定公平、相爱、忠诚、长期稳定或适合结婚；不得把付出多少直接等同爱多少；不得以命理要求单方牺牲、立即回报、原谅、复合或继续关系。现实安全、同意、持续行为、反例与双方协商优先。,中,待验证,,exchange_mode=EM02; provisional=true; rule_group=EXCHANGE-EM模式,0.4
M5-EXCHANGE-158,EM02 错峰互惠型｜成立条件,L3 双向交换模式,EXCHANGE-EM模式,通用,门控,EM02,错峰互惠型,时间结构、回馈预期和重订点清楚。,只有标签相似、一次事件或单方愿望。,由共享基础引擎、M3与M5-BASE提供；只修正用户怎样给予、请求、接收和回馈，不直接判断双方现实交换质量。,M2只说明进入关系所需资格证据；不能替代长期双向交换、负荷与修复验证。,M3-BASE、EXPR、CARE和BOUND提供用户自然互动通道；M5-EXCHANGE负责把两人的实际行为合成为交换结构。,无／按本规则指定的给予—请求—接收—反馈—重订路径路由。,近位、远位只修正该交换需求进入亲密关系核心的可能；不得据此判断具体伴侣现实中一定配合。,根气只修正用户交换需求和通道是否稳定重复，不等于双方已形成成熟互惠。,旺弱只修正通道调用强度、抢位或缺位风险，不直接等于交换公平或关系质量。,喜忌只修正调用顺畅度与摩擦，不可直接翻译为理想伴侣五行、十神或必然互补。,真合化成立时按化神功能重算用户交换需求；合化争议时停止细化交换通道。,近位提高该交换议题进入关系核心的可能；远位只保留背景或阶段性观察。,88,+10 模式成立,exchange_mode,错峰互惠型必须满足：时间结构、回馈预期和重订点清楚。,要形成错峰互惠型，需要：时间结构、回馈预期和重订点清楚。,不得仅凭本规则推出双方一定公平、相爱、忠诚、长期稳定或适合结婚；不得把付出多少直接等同爱多少；不得以命理要求单方牺牲、立即回报、原谅、复合或继续关系。现实安全、同意、持续行为、反例与双方协商优先。,中高,待验证,,exchange_mode=EM02; provisional=true; rule_group=EXCHANGE-EM模式,0.4
M5-EXCHANGE-159,EM02 错峰互惠型｜失衡与伪适配,L3 双向交换模式,EXCHANGE-EM模式,通用,风险,EM02,错峰互惠型,出现风险信号。,XV5—XV7现实证据能够排除。,由共享基础引擎、M3与M5-BASE提供；只修正用户怎样给予、请求、接收和回馈，不直接判断双方现实交换质量。,M2只说明进入关系所需资格证据；不能替代长期双向交换、负荷与修复验证。,M3-BASE、EXPR、CARE和BOUND提供用户自然互动通道；M5-EXCHANGE负责把两人的实际行为合成为交换结构。,无／按本规则指定的给予—请求—接收—反馈—重订路径路由。,近位、远位只修正该交换需求进入亲密关系核心的可能；不得据此判断具体伴侣现实中一定配合。,根气只修正用户交换需求和通道是否稳定重复，不等于双方已形成成熟互惠。,旺弱只修正通道调用强度、抢位或缺位风险，不直接等于交换公平或关系质量。,喜忌只修正调用顺畅度与摩擦，不可直接翻译为理想伴侣五行、十神或必然互补。,真合化成立时按化神功能重算用户交换需求；合化争议时停止细化交换通道。,近位提高该交换议题进入关系核心的可能；远位只保留背景或阶段性观察。,92,风险 +12,pseudo_reciprocity_warning,一方无限期等待，错峰被用来掩盖长期单向。,需要避免：一方无限期等待，错峰被用来掩盖长期单向。,不得仅凭本规则推出双方一定公平、相爱、忠诚、长期稳定或适合结婚；不得把付出多少直接等同爱多少；不得以命理要求单方牺牲、立即回报、原谅、复合或继续关系。现实安全、同意、持续行为、反例与双方协商优先。,中高,待验证,,exchange_mode=EM02; provisional=true; rule_group=EXCHANGE-EM模式,0.4
M5-EXCHANGE-160,EM02 错峰互惠型｜现实验证与输出,L3 双向交换模式,EXCHANGE-EM模式,通用,证据,EM02,错峰互惠型,XV3以上。,只有命盘或单次高光。,由共享基础引擎、M3与M5-BASE提供；只修正用户怎样给予、请求、接收和回馈，不直接判断双方现实交换质量。,M2只说明进入关系所需资格证据；不能替代长期双向交换、负荷与修复验证。,M3-BASE、EXPR、CARE和BOUND提供用户自然互动通道；M5-EXCHANGE负责把两人的实际行为合成为交换结构。,无／按本规则指定的给予—请求—接收—反馈—重订路径路由。,近位、远位只修正该交换需求进入亲密关系核心的可能；不得据此判断具体伴侣现实中一定配合。,根气只修正用户交换需求和通道是否稳定重复，不等于双方已形成成熟互惠。,旺弱只修正通道调用强度、抢位或缺位风险，不直接等于交换公平或关系质量。,喜忌只修正调用顺畅度与摩擦，不可直接翻译为理想伴侣五行、十神或必然互补。,真合化成立时按化神功能重算用户交换需求；合化争议时停止细化交换通道。,近位提高该交换议题进入关系核心的可能；远位只保留背景或阶段性观察。,78,不加分；现实核验,observation_plan,模式必须由双方请求、回应、负荷和重订共同验证。,要看这套交换是否能在现实变化后继续运行。,不得仅凭本规则推出双方一定公平、相爱、忠诚、长期稳定或适合结婚；不得把付出多少直接等同爱多少；不得以命理要求单方牺牲、立即回报、原谅、复合或继续关系。现实安全、同意、持续行为、反例与双方协商优先。,中,待验证,,exchange_mode=EM02; provisional=true; rule_group=EXCHANGE-EM模式,0.4
M5-EXCHANGE-161,EM03 角色分工型｜正式定义,L3 双向交换模式,EXCHANGE-EM模式,通用,定义,EM03,角色分工型,M5-BASE、PARTNER或现实资料路由该模式。,安全门控未通过。,由共享基础引擎、M3与M5-BASE提供；只修正用户怎样给予、请求、接收和回馈，不直接判断双方现实交换质量。,M2只说明进入关系所需资格证据；不能替代长期双向交换、负荷与修复验证。,M3-BASE、EXPR、CARE和BOUND提供用户自然互动通道；M5-EXCHANGE负责把两人的实际行为合成为交换结构。,无／按本规则指定的给予—请求—接收—反馈—重订路径路由。,近位、远位只修正该交换需求进入亲密关系核心的可能；不得据此判断具体伴侣现实中一定配合。,根气只修正用户交换需求和通道是否稳定重复，不等于双方已形成成熟互惠。,旺弱只修正通道调用强度、抢位或缺位风险，不直接等于交换公平或关系质量。,喜忌只修正调用顺畅度与摩擦，不可直接翻译为理想伴侣五行、十神或必然互补。,真合化成立时按化神功能重算用户交换需求；合化争议时停止细化交换通道。,近位提高该交换议题进入关系核心的可能；远位只保留背景或阶段性观察。,90,EM候选 +8,exchange_mode,双方在不同领域承担不同任务，并共同确认整体负荷。,交换模式更接近角色分工型。,不得仅凭本规则推出双方一定公平、相爱、忠诚、长期稳定或适合结婚；不得把付出多少直接等同爱多少；不得以命理要求单方牺牲、立即回报、原谅、复合或继续关系。现实安全、同意、持续行为、反例与双方协商优先。,中高,待验证,,exchange_mode=EM03; provisional=true; rule_group=EXCHANGE-EM模式,0.4
M5-EXCHANGE-162,EM03 角色分工型｜适用情境,L3 双向交换模式,EXCHANGE-EM模式,通用,场景,EM03,角色分工型,存在对应XD领域或生活阶段。,把一种模式覆盖全部关系领域。,由共享基础引擎、M3与M5-BASE提供；只修正用户怎样给予、请求、接收和回馈，不直接判断双方现实交换质量。,M2只说明进入关系所需资格证据；不能替代长期双向交换、负荷与修复验证。,M3-BASE、EXPR、CARE和BOUND提供用户自然互动通道；M5-EXCHANGE负责把两人的实际行为合成为交换结构。,无／按本规则指定的给予—请求—接收—反馈—重订路径路由。,近位、远位只修正该交换需求进入亲密关系核心的可能；不得据此判断具体伴侣现实中一定配合。,根气只修正用户交换需求和通道是否稳定重复，不等于双方已形成成熟互惠。,旺弱只修正通道调用强度、抢位或缺位风险，不直接等于交换公平或关系质量。,喜忌只修正调用顺畅度与摩擦，不可直接翻译为理想伴侣五行、十神或必然互补。,真合化成立时按化神功能重算用户交换需求；合化争议时停止细化交换通道。,近位提高该交换议题进入关系核心的可能；远位只保留背景或阶段性观察。,78,+6 场景路由,exchange_domains,适合能力差异明显的生活、情绪、资源和事务分工。,这种方式更适合：适合能力差异明显的生活、情绪、资源和事务分工。,不得仅凭本规则推出双方一定公平、相爱、忠诚、长期稳定或适合结婚；不得把付出多少直接等同爱多少；不得以命理要求单方牺牲、立即回报、原谅、复合或继续关系。现实安全、同意、持续行为、反例与双方协商优先。,中,待验证,,exchange_mode=EM03; provisional=true; rule_group=EXCHANGE-EM模式,0.4
M5-EXCHANGE-163,EM03 角色分工型｜成立条件,L3 双向交换模式,EXCHANGE-EM模式,通用,门控,EM03,角色分工型,角色可协商、可轮换、没有高低权力。,只有标签相似、一次事件或单方愿望。,由共享基础引擎、M3与M5-BASE提供；只修正用户怎样给予、请求、接收和回馈，不直接判断双方现实交换质量。,M2只说明进入关系所需资格证据；不能替代长期双向交换、负荷与修复验证。,M3-BASE、EXPR、CARE和BOUND提供用户自然互动通道；M5-EXCHANGE负责把两人的实际行为合成为交换结构。,无／按本规则指定的给予—请求—接收—反馈—重订路径路由。,近位、远位只修正该交换需求进入亲密关系核心的可能；不得据此判断具体伴侣现实中一定配合。,根气只修正用户交换需求和通道是否稳定重复，不等于双方已形成成熟互惠。,旺弱只修正通道调用强度、抢位或缺位风险，不直接等于交换公平或关系质量。,喜忌只修正调用顺畅度与摩擦，不可直接翻译为理想伴侣五行、十神或必然互补。,真合化成立时按化神功能重算用户交换需求；合化争议时停止细化交换通道。,近位提高该交换议题进入关系核心的可能；远位只保留背景或阶段性观察。,88,+10 模式成立,exchange_mode,角色分工型必须满足：角色可协商、可轮换、没有高低权力。,要形成角色分工型，需要：角色可协商、可轮换、没有高低权力。,不得仅凭本规则推出双方一定公平、相爱、忠诚、长期稳定或适合结婚；不得把付出多少直接等同爱多少；不得以命理要求单方牺牲、立即回报、原谅、复合或继续关系。现实安全、同意、持续行为、反例与双方协商优先。,中高,待验证,,exchange_mode=EM03; provisional=true; rule_group=EXCHANGE-EM模式,0.4
M5-EXCHANGE-164,EM03 角色分工型｜失衡与伪适配,L3 双向交换模式,EXCHANGE-EM模式,通用,风险,EM03,角色分工型,出现风险信号。,XV5—XV7现实证据能够排除。,由共享基础引擎、M3与M5-BASE提供；只修正用户怎样给予、请求、接收和回馈，不直接判断双方现实交换质量。,M2只说明进入关系所需资格证据；不能替代长期双向交换、负荷与修复验证。,M3-BASE、EXPR、CARE和BOUND提供用户自然互动通道；M5-EXCHANGE负责把两人的实际行为合成为交换结构。,无／按本规则指定的给予—请求—接收—反馈—重订路径路由。,近位、远位只修正该交换需求进入亲密关系核心的可能；不得据此判断具体伴侣现实中一定配合。,根气只修正用户交换需求和通道是否稳定重复，不等于双方已形成成熟互惠。,旺弱只修正通道调用强度、抢位或缺位风险，不直接等于交换公平或关系质量。,喜忌只修正调用顺畅度与摩擦，不可直接翻译为理想伴侣五行、十神或必然互补。,真合化成立时按化神功能重算用户交换需求；合化争议时停止细化交换通道。,近位提高该交换议题进入关系核心的可能；远位只保留背景或阶段性观察。,92,风险 +12,pseudo_reciprocity_warning,固定性别角色、单方劳动或不允许重谈。,需要避免：固定性别角色、单方劳动或不允许重谈。,不得仅凭本规则推出双方一定公平、相爱、忠诚、长期稳定或适合结婚；不得把付出多少直接等同爱多少；不得以命理要求单方牺牲、立即回报、原谅、复合或继续关系。现实安全、同意、持续行为、反例与双方协商优先。,中高,待验证,,exchange_mode=EM03; provisional=true; rule_group=EXCHANGE-EM模式,0.4
M5-EXCHANGE-165,EM03 角色分工型｜现实验证与输出,L3 双向交换模式,EXCHANGE-EM模式,通用,证据,EM03,角色分工型,XV3以上。,只有命盘或单次高光。,由共享基础引擎、M3与M5-BASE提供；只修正用户怎样给予、请求、接收和回馈，不直接判断双方现实交换质量。,M2只说明进入关系所需资格证据；不能替代长期双向交换、负荷与修复验证。,M3-BASE、EXPR、CARE和BOUND提供用户自然互动通道；M5-EXCHANGE负责把两人的实际行为合成为交换结构。,无／按本规则指定的给予—请求—接收—反馈—重订路径路由。,近位、远位只修正该交换需求进入亲密关系核心的可能；不得据此判断具体伴侣现实中一定配合。,根气只修正用户交换需求和通道是否稳定重复，不等于双方已形成成熟互惠。,旺弱只修正通道调用强度、抢位或缺位风险，不直接等于交换公平或关系质量。,喜忌只修正调用顺畅度与摩擦，不可直接翻译为理想伴侣五行、十神或必然互补。,真合化成立时按化神功能重算用户交换需求；合化争议时停止细化交换通道。,近位提高该交换议题进入关系核心的可能；远位只保留背景或阶段性观察。,78,不加分；现实核验,observation_plan,模式必须由双方请求、回应、负荷和重订共同验证。,要看这套交换是否能在现实变化后继续运行。,不得仅凭本规则推出双方一定公平、相爱、忠诚、长期稳定或适合结婚；不得把付出多少直接等同爱多少；不得以命理要求单方牺牲、立即回报、原谅、复合或继续关系。现实安全、同意、持续行为、反例与双方协商优先。,中,待验证,,exchange_mode=EM03; provisional=true; rule_group=EXCHANGE-EM模式,0.4
M5-EXCHANGE-166,EM04 请求—回应型｜正式定义,L3 双向交换模式,EXCHANGE-EM模式,通用,定义,EM04,请求—回应型,M5-BASE、PARTNER或现实资料路由该模式。,安全门控未通过。,由共享基础引擎、M3与M5-BASE提供；只修正用户怎样给予、请求、接收和回馈，不直接判断双方现实交换质量。,M2只说明进入关系所需资格证据；不能替代长期双向交换、负荷与修复验证。,M3-BASE、EXPR、CARE和BOUND提供用户自然互动通道；M5-EXCHANGE负责把两人的实际行为合成为交换结构。,无／按本规则指定的给予—请求—接收—反馈—重订路径路由。,近位、远位只修正该交换需求进入亲密关系核心的可能；不得据此判断具体伴侣现实中一定配合。,根气只修正用户交换需求和通道是否稳定重复，不等于双方已形成成熟互惠。,旺弱只修正通道调用强度、抢位或缺位风险，不直接等于交换公平或关系质量。,喜忌只修正调用顺畅度与摩擦，不可直接翻译为理想伴侣五行、十神或必然互补。,真合化成立时按化神功能重算用户交换需求；合化争议时停止细化交换通道。,近位提高该交换议题进入关系核心的可能；远位只保留背景或阶段性观察。,90,EM候选 +8,exchange_mode,一方清楚提出需要，另一方回应并确认是否命中。,交换模式更接近请求—回应型。,不得仅凭本规则推出双方一定公平、相爱、忠诚、长期稳定或适合结婚；不得把付出多少直接等同爱多少；不得以命理要求单方牺牲、立即回报、原谅、复合或继续关系。现实安全、同意、持续行为、反例与双方协商优先。,中高,待验证,,exchange_mode=EM04; provisional=true; rule_group=EXCHANGE-EM模式,0.4
M5-EXCHANGE-167,EM04 请求—回应型｜适用情境,L3 双向交换模式,EXCHANGE-EM模式,通用,场景,EM04,请求—回应型,存在对应XD领域或生活阶段。,把一种模式覆盖全部关系领域。,由共享基础引擎、M3与M5-BASE提供；只修正用户怎样给予、请求、接收和回馈，不直接判断双方现实交换质量。,M2只说明进入关系所需资格证据；不能替代长期双向交换、负荷与修复验证。,M3-BASE、EXPR、CARE和BOUND提供用户自然互动通道；M5-EXCHANGE负责把两人的实际行为合成为交换结构。,无／按本规则指定的给予—请求—接收—反馈—重订路径路由。,近位、远位只修正该交换需求进入亲密关系核心的可能；不得据此判断具体伴侣现实中一定配合。,根气只修正用户交换需求和通道是否稳定重复，不等于双方已形成成熟互惠。,旺弱只修正通道调用强度、抢位或缺位风险，不直接等于交换公平或关系质量。,喜忌只修正调用顺畅度与摩擦，不可直接翻译为理想伴侣五行、十神或必然互补。,真合化成立时按化神功能重算用户交换需求；合化争议时停止细化交换通道。,近位提高该交换议题进入关系核心的可能；远位只保留背景或阶段性观察。,78,+6 场景路由,exchange_domains,适合需求不易自动被看见的关系。,这种方式更适合：适合需求不易自动被看见的关系。,不得仅凭本规则推出双方一定公平、相爱、忠诚、长期稳定或适合结婚；不得把付出多少直接等同爱多少；不得以命理要求单方牺牲、立即回报、原谅、复合或继续关系。现实安全、同意、持续行为、反例与双方协商优先。,中,待验证,,exchange_mode=EM04; provisional=true; rule_group=EXCHANGE-EM模式,0.4
M5-EXCHANGE-168,EM04 请求—回应型｜成立条件,L3 双向交换模式,EXCHANGE-EM模式,通用,门控,EM04,请求—回应型,请求具体、回应可调整、拒绝也可协商。,只有标签相似、一次事件或单方愿望。,由共享基础引擎、M3与M5-BASE提供；只修正用户怎样给予、请求、接收和回馈，不直接判断双方现实交换质量。,M2只说明进入关系所需资格证据；不能替代长期双向交换、负荷与修复验证。,M3-BASE、EXPR、CARE和BOUND提供用户自然互动通道；M5-EXCHANGE负责把两人的实际行为合成为交换结构。,无／按本规则指定的给予—请求—接收—反馈—重订路径路由。,近位、远位只修正该交换需求进入亲密关系核心的可能；不得据此判断具体伴侣现实中一定配合。,根气只修正用户交换需求和通道是否稳定重复，不等于双方已形成成熟互惠。,旺弱只修正通道调用强度、抢位或缺位风险，不直接等于交换公平或关系质量。,喜忌只修正调用顺畅度与摩擦，不可直接翻译为理想伴侣五行、十神或必然互补。,真合化成立时按化神功能重算用户交换需求；合化争议时停止细化交换通道。,近位提高该交换议题进入关系核心的可能；远位只保留背景或阶段性观察。,88,+10 模式成立,exchange_mode,请求—回应型必须满足：请求具体、回应可调整、拒绝也可协商。,要形成请求—回应型，需要：请求具体、回应可调整、拒绝也可协商。,不得仅凭本规则推出双方一定公平、相爱、忠诚、长期稳定或适合结婚；不得把付出多少直接等同爱多少；不得以命理要求单方牺牲、立即回报、原谅、复合或继续关系。现实安全、同意、持续行为、反例与双方协商优先。,中高,待验证,,exchange_mode=EM04; provisional=true; rule_group=EXCHANGE-EM模式,0.4
M5-EXCHANGE-169,EM04 请求—回应型｜失衡与伪适配,L3 双向交换模式,EXCHANGE-EM模式,通用,风险,EM04,请求—回应型,出现风险信号。,XV5—XV7现实证据能够排除。,由共享基础引擎、M3与M5-BASE提供；只修正用户怎样给予、请求、接收和回馈，不直接判断双方现实交换质量。,M2只说明进入关系所需资格证据；不能替代长期双向交换、负荷与修复验证。,M3-BASE、EXPR、CARE和BOUND提供用户自然互动通道；M5-EXCHANGE负责把两人的实际行为合成为交换结构。,无／按本规则指定的给予—请求—接收—反馈—重订路径路由。,近位、远位只修正该交换需求进入亲密关系核心的可能；不得据此判断具体伴侣现实中一定配合。,根气只修正用户交换需求和通道是否稳定重复，不等于双方已形成成熟互惠。,旺弱只修正通道调用强度、抢位或缺位风险，不直接等于交换公平或关系质量。,喜忌只修正调用顺畅度与摩擦，不可直接翻译为理想伴侣五行、十神或必然互补。,真合化成立时按化神功能重算用户交换需求；合化争议时停止细化交换通道。,近位提高该交换议题进入关系核心的可能；远位只保留背景或阶段性观察。,92,风险 +12,pseudo_reciprocity_warning,以测试、暗示和猜测代替请求。,需要避免：以测试、暗示和猜测代替请求。,不得仅凭本规则推出双方一定公平、相爱、忠诚、长期稳定或适合结婚；不得把付出多少直接等同爱多少；不得以命理要求单方牺牲、立即回报、原谅、复合或继续关系。现实安全、同意、持续行为、反例与双方协商优先。,中高,待验证,,exchange_mode=EM04; provisional=true; rule_group=EXCHANGE-EM模式,0.4
M5-EXCHANGE-170,EM04 请求—回应型｜现实验证与输出,L3 双向交换模式,EXCHANGE-EM模式,通用,证据,EM04,请求—回应型,XV3以上。,只有命盘或单次高光。,由共享基础引擎、M3与M5-BASE提供；只修正用户怎样给予、请求、接收和回馈，不直接判断双方现实交换质量。,M2只说明进入关系所需资格证据；不能替代长期双向交换、负荷与修复验证。,M3-BASE、EXPR、CARE和BOUND提供用户自然互动通道；M5-EXCHANGE负责把两人的实际行为合成为交换结构。,无／按本规则指定的给予—请求—接收—反馈—重订路径路由。,近位、远位只修正该交换需求进入亲密关系核心的可能；不得据此判断具体伴侣现实中一定配合。,根气只修正用户交换需求和通道是否稳定重复，不等于双方已形成成熟互惠。,旺弱只修正通道调用强度、抢位或缺位风险，不直接等于交换公平或关系质量。,喜忌只修正调用顺畅度与摩擦，不可直接翻译为理想伴侣五行、十神或必然互补。,真合化成立时按化神功能重算用户交换需求；合化争议时停止细化交换通道。,近位提高该交换议题进入关系核心的可能；远位只保留背景或阶段性观察。,78,不加分；现实核验,observation_plan,模式必须由双方请求、回应、负荷和重订共同验证。,要看这套交换是否能在现实变化后继续运行。,不得仅凭本规则推出双方一定公平、相爱、忠诚、长期稳定或适合结婚；不得把付出多少直接等同爱多少；不得以命理要求单方牺牲、立即回报、原谅、复合或继续关系。现实安全、同意、持续行为、反例与双方协商优先。,中,待验证,,exchange_mode=EM04; provisional=true; rule_group=EXCHANGE-EM模式,0.4
M5-EXCHANGE-171,EM05 主动给予—反馈型｜正式定义,L3 双向交换模式,EXCHANGE-EM模式,通用,定义,EM05,主动给予—反馈型,M5-BASE、PARTNER或现实资料路由该模式。,安全门控未通过。,由共享基础引擎、M3与M5-BASE提供；只修正用户怎样给予、请求、接收和回馈，不直接判断双方现实交换质量。,M2只说明进入关系所需资格证据；不能替代长期双向交换、负荷与修复验证。,M3-BASE、EXPR、CARE和BOUND提供用户自然互动通道；M5-EXCHANGE负责把两人的实际行为合成为交换结构。,无／按本规则指定的给予—请求—接收—反馈—重订路径路由。,近位、远位只修正该交换需求进入亲密关系核心的可能；不得据此判断具体伴侣现实中一定配合。,根气只修正用户交换需求和通道是否稳定重复，不等于双方已形成成熟互惠。,旺弱只修正通道调用强度、抢位或缺位风险，不直接等于交换公平或关系质量。,喜忌只修正调用顺畅度与摩擦，不可直接翻译为理想伴侣五行、十神或必然互补。,真合化成立时按化神功能重算用户交换需求；合化争议时停止细化交换通道。,近位提高该交换议题进入关系核心的可能；远位只保留背景或阶段性观察。,90,EM候选 +8,exchange_mode,一方主动支持，接收方反馈是否有用，给予方据此调整。,交换模式更接近主动给予—反馈型。,不得仅凭本规则推出双方一定公平、相爱、忠诚、长期稳定或适合结婚；不得把付出多少直接等同爱多少；不得以命理要求单方牺牲、立即回报、原谅、复合或继续关系。现实安全、同意、持续行为、反例与双方协商优先。,中高,待验证,,exchange_mode=EM05; provisional=true; rule_group=EXCHANGE-EM模式,0.4
M5-EXCHANGE-172,EM05 主动给予—反馈型｜适用情境,L3 双向交换模式,EXCHANGE-EM模式,通用,场景,EM05,主动给予—反馈型,存在对应XD领域或生活阶段。,把一种模式覆盖全部关系领域。,由共享基础引擎、M3与M5-BASE提供；只修正用户怎样给予、请求、接收和回馈，不直接判断双方现实交换质量。,M2只说明进入关系所需资格证据；不能替代长期双向交换、负荷与修复验证。,M3-BASE、EXPR、CARE和BOUND提供用户自然互动通道；M5-EXCHANGE负责把两人的实际行为合成为交换结构。,无／按本规则指定的给予—请求—接收—反馈—重订路径路由。,近位、远位只修正该交换需求进入亲密关系核心的可能；不得据此判断具体伴侣现实中一定配合。,根气只修正用户交换需求和通道是否稳定重复，不等于双方已形成成熟互惠。,旺弱只修正通道调用强度、抢位或缺位风险，不直接等于交换公平或关系质量。,喜忌只修正调用顺畅度与摩擦，不可直接翻译为理想伴侣五行、十神或必然互补。,真合化成立时按化神功能重算用户交换需求；合化争议时停止细化交换通道。,近位提高该交换议题进入关系核心的可能；远位只保留背景或阶段性观察。,78,+6 场景路由,exchange_domains,适合照顾、建议、行动保护和现实投入。,这种方式更适合：适合照顾、建议、行动保护和现实投入。,不得仅凭本规则推出双方一定公平、相爱、忠诚、长期稳定或适合结婚；不得把付出多少直接等同爱多少；不得以命理要求单方牺牲、立即回报、原谅、复合或继续关系。现实安全、同意、持续行为、反例与双方协商优先。,中,待验证,,exchange_mode=EM05; provisional=true; rule_group=EXCHANGE-EM模式,0.4
M5-EXCHANGE-173,EM05 主动给予—反馈型｜成立条件,L3 双向交换模式,EXCHANGE-EM模式,通用,门控,EM05,主动给予—反馈型,主动不等于接管，反馈能够改变给予方式。,只有标签相似、一次事件或单方愿望。,由共享基础引擎、M3与M5-BASE提供；只修正用户怎样给予、请求、接收和回馈，不直接判断双方现实交换质量。,M2只说明进入关系所需资格证据；不能替代长期双向交换、负荷与修复验证。,M3-BASE、EXPR、CARE和BOUND提供用户自然互动通道；M5-EXCHANGE负责把两人的实际行为合成为交换结构。,无／按本规则指定的给予—请求—接收—反馈—重订路径路由。,近位、远位只修正该交换需求进入亲密关系核心的可能；不得据此判断具体伴侣现实中一定配合。,根气只修正用户交换需求和通道是否稳定重复，不等于双方已形成成熟互惠。,旺弱只修正通道调用强度、抢位或缺位风险，不直接等于交换公平或关系质量。,喜忌只修正调用顺畅度与摩擦，不可直接翻译为理想伴侣五行、十神或必然互补。,真合化成立时按化神功能重算用户交换需求；合化争议时停止细化交换通道。,近位提高该交换议题进入关系核心的可能；远位只保留背景或阶段性观察。,88,+10 模式成立,exchange_mode,主动给予—反馈型必须满足：主动不等于接管，反馈能够改变给予方式。,要形成主动给予—反馈型，需要：主动不等于接管，反馈能够改变给予方式。,不得仅凭本规则推出双方一定公平、相爱、忠诚、长期稳定或适合结婚；不得把付出多少直接等同爱多少；不得以命理要求单方牺牲、立即回报、原谅、复合或继续关系。现实安全、同意、持续行为、反例与双方协商优先。,中高,待验证,,exchange_mode=EM05; provisional=true; rule_group=EXCHANGE-EM模式,0.4
M5-EXCHANGE-174,EM05 主动给予—反馈型｜失衡与伪适配,L3 双向交换模式,EXCHANGE-EM模式,通用,风险,EM05,主动给予—反馈型,出现风险信号。,XV5—XV7现实证据能够排除。,由共享基础引擎、M3与M5-BASE提供；只修正用户怎样给予、请求、接收和回馈，不直接判断双方现实交换质量。,M2只说明进入关系所需资格证据；不能替代长期双向交换、负荷与修复验证。,M3-BASE、EXPR、CARE和BOUND提供用户自然互动通道；M5-EXCHANGE负责把两人的实际行为合成为交换结构。,无／按本规则指定的给予—请求—接收—反馈—重订路径路由。,近位、远位只修正该交换需求进入亲密关系核心的可能；不得据此判断具体伴侣现实中一定配合。,根气只修正用户交换需求和通道是否稳定重复，不等于双方已形成成熟互惠。,旺弱只修正通道调用强度、抢位或缺位风险，不直接等于交换公平或关系质量。,喜忌只修正调用顺畅度与摩擦，不可直接翻译为理想伴侣五行、十神或必然互补。,真合化成立时按化神功能重算用户交换需求；合化争议时停止细化交换通道。,近位提高该交换议题进入关系核心的可能；远位只保留背景或阶段性观察。,92,风险 +12,pseudo_reciprocity_warning,越给越多，却不问对方是否需要。,需要避免：越给越多，却不问对方是否需要。,不得仅凭本规则推出双方一定公平、相爱、忠诚、长期稳定或适合结婚；不得把付出多少直接等同爱多少；不得以命理要求单方牺牲、立即回报、原谅、复合或继续关系。现实安全、同意、持续行为、反例与双方协商优先。,中高,待验证,,exchange_mode=EM05; provisional=true; rule_group=EXCHANGE-EM模式,0.4
M5-EXCHANGE-175,EM05 主动给予—反馈型｜现实验证与输出,L3 双向交换模式,EXCHANGE-EM模式,通用,证据,EM05,主动给予—反馈型,XV3以上。,只有命盘或单次高光。,由共享基础引擎、M3与M5-BASE提供；只修正用户怎样给予、请求、接收和回馈，不直接判断双方现实交换质量。,M2只说明进入关系所需资格证据；不能替代长期双向交换、负荷与修复验证。,M3-BASE、EXPR、CARE和BOUND提供用户自然互动通道；M5-EXCHANGE负责把两人的实际行为合成为交换结构。,无／按本规则指定的给予—请求—接收—反馈—重订路径路由。,近位、远位只修正该交换需求进入亲密关系核心的可能；不得据此判断具体伴侣现实中一定配合。,根气只修正用户交换需求和通道是否稳定重复，不等于双方已形成成熟互惠。,旺弱只修正通道调用强度、抢位或缺位风险，不直接等于交换公平或关系质量。,喜忌只修正调用顺畅度与摩擦，不可直接翻译为理想伴侣五行、十神或必然互补。,真合化成立时按化神功能重算用户交换需求；合化争议时停止细化交换通道。,近位提高该交换议题进入关系核心的可能；远位只保留背景或阶段性观察。,78,不加分；现实核验,observation_plan,模式必须由双方请求、回应、负荷和重订共同验证。,要看这套交换是否能在现实变化后继续运行。,不得仅凭本规则推出双方一定公平、相爱、忠诚、长期稳定或适合结婚；不得把付出多少直接等同爱多少；不得以命理要求单方牺牲、立即回报、原谅、复合或继续关系。现实安全、同意、持续行为、反例与双方协商优先。,中,待验证,,exchange_mode=EM05; provisional=true; rule_group=EXCHANGE-EM模式,0.4
M5-EXCHANGE-176,EM06 先承接后回馈型｜正式定义,L3 双向交换模式,EXCHANGE-EM模式,通用,定义,EM06,先承接后回馈型,M5-BASE、PARTNER或现实资料路由该模式。,安全门控未通过。,由共享基础引擎、M3与M5-BASE提供；只修正用户怎样给予、请求、接收和回馈，不直接判断双方现实交换质量。,M2只说明进入关系所需资格证据；不能替代长期双向交换、负荷与修复验证。,M3-BASE、EXPR、CARE和BOUND提供用户自然互动通道；M5-EXCHANGE负责把两人的实际行为合成为交换结构。,无／按本规则指定的给予—请求—接收—反馈—重订路径路由。,近位、远位只修正该交换需求进入亲密关系核心的可能；不得据此判断具体伴侣现实中一定配合。,根气只修正用户交换需求和通道是否稳定重复，不等于双方已形成成熟互惠。,旺弱只修正通道调用强度、抢位或缺位风险，不直接等于交换公平或关系质量。,喜忌只修正调用顺畅度与摩擦，不可直接翻译为理想伴侣五行、十神或必然互补。,真合化成立时按化神功能重算用户交换需求；合化争议时停止细化交换通道。,近位提高该交换议题进入关系核心的可能；远位只保留背景或阶段性观察。,90,EM候选 +8,exchange_mode,一方先获得理解、安全或现实支持，之后再以适合方式回馈。,交换模式更接近先承接后回馈型。,不得仅凭本规则推出双方一定公平、相爱、忠诚、长期稳定或适合结婚；不得把付出多少直接等同爱多少；不得以命理要求单方牺牲、立即回报、原谅、复合或继续关系。现实安全、同意、持续行为、反例与双方协商优先。,中高,待验证,,exchange_mode=EM06; provisional=true; rule_group=EXCHANGE-EM模式,0.4
M5-EXCHANGE-177,EM06 先承接后回馈型｜适用情境,L3 双向交换模式,EXCHANGE-EM模式,通用,场景,EM06,先承接后回馈型,存在对应XD领域或生活阶段。,把一种模式覆盖全部关系领域。,由共享基础引擎、M3与M5-BASE提供；只修正用户怎样给予、请求、接收和回馈，不直接判断双方现实交换质量。,M2只说明进入关系所需资格证据；不能替代长期双向交换、负荷与修复验证。,M3-BASE、EXPR、CARE和BOUND提供用户自然互动通道；M5-EXCHANGE负责把两人的实际行为合成为交换结构。,无／按本规则指定的给予—请求—接收—反馈—重订路径路由。,近位、远位只修正该交换需求进入亲密关系核心的可能；不得据此判断具体伴侣现实中一定配合。,根气只修正用户交换需求和通道是否稳定重复，不等于双方已形成成熟互惠。,旺弱只修正通道调用强度、抢位或缺位风险，不直接等于交换公平或关系质量。,喜忌只修正调用顺畅度与摩擦，不可直接翻译为理想伴侣五行、十神或必然互补。,真合化成立时按化神功能重算用户交换需求；合化争议时停止细化交换通道。,近位提高该交换议题进入关系核心的可能；远位只保留背景或阶段性观察。,78,+6 场景路由,exchange_domains,适合压力、疾病、低资源或修复阶段。,这种方式更适合：适合压力、疾病、低资源或修复阶段。,不得仅凭本规则推出双方一定公平、相爱、忠诚、长期稳定或适合结婚；不得把付出多少直接等同爱多少；不得以命理要求单方牺牲、立即回报、原谅、复合或继续关系。现实安全、同意、持续行为、反例与双方协商优先。,中,待验证,,exchange_mode=EM06; provisional=true; rule_group=EXCHANGE-EM模式,0.4
M5-EXCHANGE-178,EM06 先承接后回馈型｜成立条件,L3 双向交换模式,EXCHANGE-EM模式,通用,门控,EM06,先承接后回馈型,接收被允许，回馈时点和形式可说明。,只有标签相似、一次事件或单方愿望。,由共享基础引擎、M3与M5-BASE提供；只修正用户怎样给予、请求、接收和回馈，不直接判断双方现实交换质量。,M2只说明进入关系所需资格证据；不能替代长期双向交换、负荷与修复验证。,M3-BASE、EXPR、CARE和BOUND提供用户自然互动通道；M5-EXCHANGE负责把两人的实际行为合成为交换结构。,无／按本规则指定的给予—请求—接收—反馈—重订路径路由。,近位、远位只修正该交换需求进入亲密关系核心的可能；不得据此判断具体伴侣现实中一定配合。,根气只修正用户交换需求和通道是否稳定重复，不等于双方已形成成熟互惠。,旺弱只修正通道调用强度、抢位或缺位风险，不直接等于交换公平或关系质量。,喜忌只修正调用顺畅度与摩擦，不可直接翻译为理想伴侣五行、十神或必然互补。,真合化成立时按化神功能重算用户交换需求；合化争议时停止细化交换通道。,近位提高该交换议题进入关系核心的可能；远位只保留背景或阶段性观察。,88,+10 模式成立,exchange_mode,先承接后回馈型必须满足：接收被允许，回馈时点和形式可说明。,要形成先承接后回馈型，需要：接收被允许，回馈时点和形式可说明。,不得仅凭本规则推出双方一定公平、相爱、忠诚、长期稳定或适合结婚；不得把付出多少直接等同爱多少；不得以命理要求单方牺牲、立即回报、原谅、复合或继续关系。现实安全、同意、持续行为、反例与双方协商优先。,中高,待验证,,exchange_mode=EM06; provisional=true; rule_group=EXCHANGE-EM模式,0.4
M5-EXCHANGE-179,EM06 先承接后回馈型｜失衡与伪适配,L3 双向交换模式,EXCHANGE-EM模式,通用,风险,EM06,先承接后回馈型,出现风险信号。,XV5—XV7现实证据能够排除。,由共享基础引擎、M3与M5-BASE提供；只修正用户怎样给予、请求、接收和回馈，不直接判断双方现实交换质量。,M2只说明进入关系所需资格证据；不能替代长期双向交换、负荷与修复验证。,M3-BASE、EXPR、CARE和BOUND提供用户自然互动通道；M5-EXCHANGE负责把两人的实际行为合成为交换结构。,无／按本规则指定的给予—请求—接收—反馈—重订路径路由。,近位、远位只修正该交换需求进入亲密关系核心的可能；不得据此判断具体伴侣现实中一定配合。,根气只修正用户交换需求和通道是否稳定重复，不等于双方已形成成熟互惠。,旺弱只修正通道调用强度、抢位或缺位风险，不直接等于交换公平或关系质量。,喜忌只修正调用顺畅度与摩擦，不可直接翻译为理想伴侣五行、十神或必然互补。,真合化成立时按化神功能重算用户交换需求；合化争议时停止细化交换通道。,近位提高该交换议题进入关系核心的可能；远位只保留背景或阶段性观察。,92,风险 +12,pseudo_reciprocity_warning,接受帮助被债务化，或回馈义务无限。,需要避免：接受帮助被债务化，或回馈义务无限。,不得仅凭本规则推出双方一定公平、相爱、忠诚、长期稳定或适合结婚；不得把付出多少直接等同爱多少；不得以命理要求单方牺牲、立即回报、原谅、复合或继续关系。现实安全、同意、持续行为、反例与双方协商优先。,中高,待验证,,exchange_mode=EM06; provisional=true; rule_group=EXCHANGE-EM模式,0.4
M5-EXCHANGE-180,EM06 先承接后回馈型｜现实验证与输出,L3 双向交换模式,EXCHANGE-EM模式,通用,证据,EM06,先承接后回馈型,XV3以上。,只有命盘或单次高光。,由共享基础引擎、M3与M5-BASE提供；只修正用户怎样给予、请求、接收和回馈，不直接判断双方现实交换质量。,M2只说明进入关系所需资格证据；不能替代长期双向交换、负荷与修复验证。,M3-BASE、EXPR、CARE和BOUND提供用户自然互动通道；M5-EXCHANGE负责把两人的实际行为合成为交换结构。,无／按本规则指定的给予—请求—接收—反馈—重订路径路由。,近位、远位只修正该交换需求进入亲密关系核心的可能；不得据此判断具体伴侣现实中一定配合。,根气只修正用户交换需求和通道是否稳定重复，不等于双方已形成成熟互惠。,旺弱只修正通道调用强度、抢位或缺位风险，不直接等于交换公平或关系质量。,喜忌只修正调用顺畅度与摩擦，不可直接翻译为理想伴侣五行、十神或必然互补。,真合化成立时按化神功能重算用户交换需求；合化争议时停止细化交换通道。,近位提高该交换议题进入关系核心的可能；远位只保留背景或阶段性观察。,78,不加分；现实核验,observation_plan,模式必须由双方请求、回应、负荷和重订共同验证。,要看这套交换是否能在现实变化后继续运行。,不得仅凭本规则推出双方一定公平、相爱、忠诚、长期稳定或适合结婚；不得把付出多少直接等同爱多少；不得以命理要求单方牺牲、立即回报、原谅、复合或继续关系。现实安全、同意、持续行为、反例与双方协商优先。,中,待验证,,exchange_mode=EM06; provisional=true; rule_group=EXCHANGE-EM模式,0.4
M5-EXCHANGE-181,EM07 舒缓—处理接力型｜正式定义,L3 双向交换模式,EXCHANGE-EM模式,通用,定义,EM07,舒缓—处理接力型,M5-BASE、PARTNER或现实资料路由该模式。,安全门控未通过。,由共享基础引擎、M3与M5-BASE提供；只修正用户怎样给予、请求、接收和回馈，不直接判断双方现实交换质量。,M2只说明进入关系所需资格证据；不能替代长期双向交换、负荷与修复验证。,M3-BASE、EXPR、CARE和BOUND提供用户自然互动通道；M5-EXCHANGE负责把两人的实际行为合成为交换结构。,无／按本规则指定的给予—请求—接收—反馈—重订路径路由。,近位、远位只修正该交换需求进入亲密关系核心的可能；不得据此判断具体伴侣现实中一定配合。,根气只修正用户交换需求和通道是否稳定重复，不等于双方已形成成熟互惠。,旺弱只修正通道调用强度、抢位或缺位风险，不直接等于交换公平或关系质量。,喜忌只修正调用顺畅度与摩擦，不可直接翻译为理想伴侣五行、十神或必然互补。,真合化成立时按化神功能重算用户交换需求；合化争议时停止细化交换通道。,近位提高该交换议题进入关系核心的可能；远位只保留背景或阶段性观察。,90,EM候选 +8,exchange_mode,先降低强度、恢复可沟通状态，再处理责任、边界和行动。,交换模式更接近舒缓—处理接力型。,不得仅凭本规则推出双方一定公平、相爱、忠诚、长期稳定或适合结婚；不得把付出多少直接等同爱多少；不得以命理要求单方牺牲、立即回报、原谅、复合或继续关系。现实安全、同意、持续行为、反例与双方协商优先。,中高,待验证,,exchange_mode=EM07; provisional=true; rule_group=EXCHANGE-EM模式,0.4
M5-EXCHANGE-182,EM07 舒缓—处理接力型｜适用情境,L3 双向交换模式,EXCHANGE-EM模式,通用,场景,EM07,舒缓—处理接力型,存在对应XD领域或生活阶段。,把一种模式覆盖全部关系领域。,由共享基础引擎、M3与M5-BASE提供；只修正用户怎样给予、请求、接收和回馈，不直接判断双方现实交换质量。,M2只说明进入关系所需资格证据；不能替代长期双向交换、负荷与修复验证。,M3-BASE、EXPR、CARE和BOUND提供用户自然互动通道；M5-EXCHANGE负责把两人的实际行为合成为交换结构。,无／按本规则指定的给予—请求—接收—反馈—重订路径路由。,近位、远位只修正该交换需求进入亲密关系核心的可能；不得据此判断具体伴侣现实中一定配合。,根气只修正用户交换需求和通道是否稳定重复，不等于双方已形成成熟互惠。,旺弱只修正通道调用强度、抢位或缺位风险，不直接等于交换公平或关系质量。,喜忌只修正调用顺畅度与摩擦，不可直接翻译为理想伴侣五行、十神或必然互补。,真合化成立时按化神功能重算用户交换需求；合化争议时停止细化交换通道。,近位提高该交换议题进入关系核心的可能；远位只保留背景或阶段性观察。,78,+6 场景路由,exchange_domains,适合高情绪分歧和修复初期。,这种方式更适合：适合高情绪分歧和修复初期。,不得仅凭本规则推出双方一定公平、相爱、忠诚、长期稳定或适合结婚；不得把付出多少直接等同爱多少；不得以命理要求单方牺牲、立即回报、原谅、复合或继续关系。现实安全、同意、持续行为、反例与双方协商优先。,中,待验证,,exchange_mode=EM07; provisional=true; rule_group=EXCHANGE-EM模式,0.4
M5-EXCHANGE-183,EM07 舒缓—处理接力型｜成立条件,L3 双向交换模式,EXCHANGE-EM模式,通用,门控,EM07,舒缓—处理接力型,明确何时从安抚转入问题处理。,只有标签相似、一次事件或单方愿望。,由共享基础引擎、M3与M5-BASE提供；只修正用户怎样给予、请求、接收和回馈，不直接判断双方现实交换质量。,M2只说明进入关系所需资格证据；不能替代长期双向交换、负荷与修复验证。,M3-BASE、EXPR、CARE和BOUND提供用户自然互动通道；M5-EXCHANGE负责把两人的实际行为合成为交换结构。,无／按本规则指定的给予—请求—接收—反馈—重订路径路由。,近位、远位只修正该交换需求进入亲密关系核心的可能；不得据此判断具体伴侣现实中一定配合。,根气只修正用户交换需求和通道是否稳定重复，不等于双方已形成成熟互惠。,旺弱只修正通道调用强度、抢位或缺位风险，不直接等于交换公平或关系质量。,喜忌只修正调用顺畅度与摩擦，不可直接翻译为理想伴侣五行、十神或必然互补。,真合化成立时按化神功能重算用户交换需求；合化争议时停止细化交换通道。,近位提高该交换议题进入关系核心的可能；远位只保留背景或阶段性观察。,88,+10 模式成立,exchange_mode,舒缓—处理接力型必须满足：明确何时从安抚转入问题处理。,要形成舒缓—处理接力型，需要：明确何时从安抚转入问题处理。,不得仅凭本规则推出双方一定公平、相爱、忠诚、长期稳定或适合结婚；不得把付出多少直接等同爱多少；不得以命理要求单方牺牲、立即回报、原谅、复合或继续关系。现实安全、同意、持续行为、反例与双方协商优先。,中高,待验证,,exchange_mode=EM07; provisional=true; rule_group=EXCHANGE-EM模式,0.4
M5-EXCHANGE-184,EM07 舒缓—处理接力型｜失衡与伪适配,L3 双向交换模式,EXCHANGE-EM模式,通用,风险,EM07,舒缓—处理接力型,出现风险信号。,XV5—XV7现实证据能够排除。,由共享基础引擎、M3与M5-BASE提供；只修正用户怎样给予、请求、接收和回馈，不直接判断双方现实交换质量。,M2只说明进入关系所需资格证据；不能替代长期双向交换、负荷与修复验证。,M3-BASE、EXPR、CARE和BOUND提供用户自然互动通道；M5-EXCHANGE负责把两人的实际行为合成为交换结构。,无／按本规则指定的给予—请求—接收—反馈—重订路径路由。,近位、远位只修正该交换需求进入亲密关系核心的可能；不得据此判断具体伴侣现实中一定配合。,根气只修正用户交换需求和通道是否稳定重复，不等于双方已形成成熟互惠。,旺弱只修正通道调用强度、抢位或缺位风险，不直接等于交换公平或关系质量。,喜忌只修正调用顺畅度与摩擦，不可直接翻译为理想伴侣五行、十神或必然互补。,真合化成立时按化神功能重算用户交换需求；合化争议时停止细化交换通道。,近位提高该交换议题进入关系核心的可能；远位只保留背景或阶段性观察。,92,风险 +12,pseudo_reciprocity_warning,只恢复舒服，不再回到关键问题。,需要避免：只恢复舒服，不再回到关键问题。,不得仅凭本规则推出双方一定公平、相爱、忠诚、长期稳定或适合结婚；不得把付出多少直接等同爱多少；不得以命理要求单方牺牲、立即回报、原谅、复合或继续关系。现实安全、同意、持续行为、反例与双方协商优先。,中高,待验证,,exchange_mode=EM07; provisional=true; rule_group=EXCHANGE-EM模式,0.4
M5-EXCHANGE-185,EM07 舒缓—处理接力型｜现实验证与输出,L3 双向交换模式,EXCHANGE-EM模式,通用,证据,EM07,舒缓—处理接力型,XV3以上。,只有命盘或单次高光。,由共享基础引擎、M3与M5-BASE提供；只修正用户怎样给予、请求、接收和回馈，不直接判断双方现实交换质量。,M2只说明进入关系所需资格证据；不能替代长期双向交换、负荷与修复验证。,M3-BASE、EXPR、CARE和BOUND提供用户自然互动通道；M5-EXCHANGE负责把两人的实际行为合成为交换结构。,无／按本规则指定的给予—请求—接收—反馈—重订路径路由。,近位、远位只修正该交换需求进入亲密关系核心的可能；不得据此判断具体伴侣现实中一定配合。,根气只修正用户交换需求和通道是否稳定重复，不等于双方已形成成熟互惠。,旺弱只修正通道调用强度、抢位或缺位风险，不直接等于交换公平或关系质量。,喜忌只修正调用顺畅度与摩擦，不可直接翻译为理想伴侣五行、十神或必然互补。,真合化成立时按化神功能重算用户交换需求；合化争议时停止细化交换通道。,近位提高该交换议题进入关系核心的可能；远位只保留背景或阶段性观察。,78,不加分；现实核验,observation_plan,模式必须由双方请求、回应、负荷和重订共同验证。,要看这套交换是否能在现实变化后继续运行。,不得仅凭本规则推出双方一定公平、相爱、忠诚、长期稳定或适合结婚；不得把付出多少直接等同爱多少；不得以命理要求单方牺牲、立即回报、原谅、复合或继续关系。现实安全、同意、持续行为、反例与双方协商优先。,中,待验证,,exchange_mode=EM07; provisional=true; rule_group=EXCHANGE-EM模式,0.4
M5-EXCHANGE-186,EM08 表达—落实接力型｜正式定义,L3 双向交换模式,EXCHANGE-EM模式,通用,定义,EM08,表达—落实接力型,M5-BASE、PARTNER或现实资料路由该模式。,安全门控未通过。,由共享基础引擎、M3与M5-BASE提供；只修正用户怎样给予、请求、接收和回馈，不直接判断双方现实交换质量。,M2只说明进入关系所需资格证据；不能替代长期双向交换、负荷与修复验证。,M3-BASE、EXPR、CARE和BOUND提供用户自然互动通道；M5-EXCHANGE负责把两人的实际行为合成为交换结构。,无／按本规则指定的给予—请求—接收—反馈—重订路径路由。,近位、远位只修正该交换需求进入亲密关系核心的可能；不得据此判断具体伴侣现实中一定配合。,根气只修正用户交换需求和通道是否稳定重复，不等于双方已形成成熟互惠。,旺弱只修正通道调用强度、抢位或缺位风险，不直接等于交换公平或关系质量。,喜忌只修正调用顺畅度与摩擦，不可直接翻译为理想伴侣五行、十神或必然互补。,真合化成立时按化神功能重算用户交换需求；合化争议时停止细化交换通道。,近位提高该交换议题进入关系核心的可能；远位只保留背景或阶段性观察。,90,EM候选 +8,exchange_mode,先说清需要和理解，再转成具体安排、资源和行为。,交换模式更接近表达—落实接力型。,不得仅凭本规则推出双方一定公平、相爱、忠诚、长期稳定或适合结婚；不得把付出多少直接等同爱多少；不得以命理要求单方牺牲、立即回报、原谅、复合或继续关系。现实安全、同意、持续行为、反例与双方协商优先。,中高,待验证,,exchange_mode=EM08; provisional=true; rule_group=EXCHANGE-EM模式,0.4
M5-EXCHANGE-187,EM08 表达—落实接力型｜适用情境,L3 双向交换模式,EXCHANGE-EM模式,通用,场景,EM08,表达—落实接力型,存在对应XD领域或生活阶段。,把一种模式覆盖全部关系领域。,由共享基础引擎、M3与M5-BASE提供；只修正用户怎样给予、请求、接收和回馈，不直接判断双方现实交换质量。,M2只说明进入关系所需资格证据；不能替代长期双向交换、负荷与修复验证。,M3-BASE、EXPR、CARE和BOUND提供用户自然互动通道；M5-EXCHANGE负责把两人的实际行为合成为交换结构。,无／按本规则指定的给予—请求—接收—反馈—重订路径路由。,近位、远位只修正该交换需求进入亲密关系核心的可能；不得据此判断具体伴侣现实中一定配合。,根气只修正用户交换需求和通道是否稳定重复，不等于双方已形成成熟互惠。,旺弱只修正通道调用强度、抢位或缺位风险，不直接等于交换公平或关系质量。,喜忌只修正调用顺畅度与摩擦，不可直接翻译为理想伴侣五行、十神或必然互补。,真合化成立时按化神功能重算用户交换需求；合化争议时停止细化交换通道。,近位提高该交换议题进入关系核心的可能；远位只保留背景或阶段性观察。,78,+6 场景路由,exchange_domains,适合沟通丰富但现实落实容易不足的关系。,这种方式更适合：适合沟通丰富但现实落实容易不足的关系。,不得仅凭本规则推出双方一定公平、相爱、忠诚、长期稳定或适合结婚；不得把付出多少直接等同爱多少；不得以命理要求单方牺牲、立即回报、原谅、复合或继续关系。现实安全、同意、持续行为、反例与双方协商优先。,中,待验证,,exchange_mode=EM08; provisional=true; rule_group=EXCHANGE-EM模式,0.4
M5-EXCHANGE-188,EM08 表达—落实接力型｜成立条件,L3 双向交换模式,EXCHANGE-EM模式,通用,门控,EM08,表达—落实接力型,有明确行动、时间点和回访。,只有标签相似、一次事件或单方愿望。,由共享基础引擎、M3与M5-BASE提供；只修正用户怎样给予、请求、接收和回馈，不直接判断双方现实交换质量。,M2只说明进入关系所需资格证据；不能替代长期双向交换、负荷与修复验证。,M3-BASE、EXPR、CARE和BOUND提供用户自然互动通道；M5-EXCHANGE负责把两人的实际行为合成为交换结构。,无／按本规则指定的给予—请求—接收—反馈—重订路径路由。,近位、远位只修正该交换需求进入亲密关系核心的可能；不得据此判断具体伴侣现实中一定配合。,根气只修正用户交换需求和通道是否稳定重复，不等于双方已形成成熟互惠。,旺弱只修正通道调用强度、抢位或缺位风险，不直接等于交换公平或关系质量。,喜忌只修正调用顺畅度与摩擦，不可直接翻译为理想伴侣五行、十神或必然互补。,真合化成立时按化神功能重算用户交换需求；合化争议时停止细化交换通道。,近位提高该交换议题进入关系核心的可能；远位只保留背景或阶段性观察。,88,+10 模式成立,exchange_mode,表达—落实接力型必须满足：有明确行动、时间点和回访。,要形成表达—落实接力型，需要：有明确行动、时间点和回访。,不得仅凭本规则推出双方一定公平、相爱、忠诚、长期稳定或适合结婚；不得把付出多少直接等同爱多少；不得以命理要求单方牺牲、立即回报、原谅、复合或继续关系。现实安全、同意、持续行为、反例与双方协商优先。,中高,待验证,,exchange_mode=EM08; provisional=true; rule_group=EXCHANGE-EM模式,0.4
M5-EXCHANGE-189,EM08 表达—落实接力型｜失衡与伪适配,L3 双向交换模式,EXCHANGE-EM模式,通用,风险,EM08,表达—落实接力型,出现风险信号。,XV5—XV7现实证据能够排除。,由共享基础引擎、M3与M5-BASE提供；只修正用户怎样给予、请求、接收和回馈，不直接判断双方现实交换质量。,M2只说明进入关系所需资格证据；不能替代长期双向交换、负荷与修复验证。,M3-BASE、EXPR、CARE和BOUND提供用户自然互动通道；M5-EXCHANGE负责把两人的实际行为合成为交换结构。,无／按本规则指定的给予—请求—接收—反馈—重订路径路由。,近位、远位只修正该交换需求进入亲密关系核心的可能；不得据此判断具体伴侣现实中一定配合。,根气只修正用户交换需求和通道是否稳定重复，不等于双方已形成成熟互惠。,旺弱只修正通道调用强度、抢位或缺位风险，不直接等于交换公平或关系质量。,喜忌只修正调用顺畅度与摩擦，不可直接翻译为理想伴侣五行、十神或必然互补。,真合化成立时按化神功能重算用户交换需求；合化争议时停止细化交换通道。,近位提高该交换议题进入关系核心的可能；远位只保留背景或阶段性观察。,92,风险 +12,pseudo_reciprocity_warning,说清楚以后没有任何改变。,需要避免：说清楚以后没有任何改变。,不得仅凭本规则推出双方一定公平、相爱、忠诚、长期稳定或适合结婚；不得把付出多少直接等同爱多少；不得以命理要求单方牺牲、立即回报、原谅、复合或继续关系。现实安全、同意、持续行为、反例与双方协商优先。,中高,待验证,,exchange_mode=EM08; provisional=true; rule_group=EXCHANGE-EM模式,0.4
M5-EXCHANGE-190,EM08 表达—落实接力型｜现实验证与输出,L3 双向交换模式,EXCHANGE-EM模式,通用,证据,EM08,表达—落实接力型,XV3以上。,只有命盘或单次高光。,由共享基础引擎、M3与M5-BASE提供；只修正用户怎样给予、请求、接收和回馈，不直接判断双方现实交换质量。,M2只说明进入关系所需资格证据；不能替代长期双向交换、负荷与修复验证。,M3-BASE、EXPR、CARE和BOUND提供用户自然互动通道；M5-EXCHANGE负责把两人的实际行为合成为交换结构。,无／按本规则指定的给予—请求—接收—反馈—重订路径路由。,近位、远位只修正该交换需求进入亲密关系核心的可能；不得据此判断具体伴侣现实中一定配合。,根气只修正用户交换需求和通道是否稳定重复，不等于双方已形成成熟互惠。,旺弱只修正通道调用强度、抢位或缺位风险，不直接等于交换公平或关系质量。,喜忌只修正调用顺畅度与摩擦，不可直接翻译为理想伴侣五行、十神或必然互补。,真合化成立时按化神功能重算用户交换需求；合化争议时停止细化交换通道。,近位提高该交换议题进入关系核心的可能；远位只保留背景或阶段性观察。,78,不加分；现实核验,observation_plan,模式必须由双方请求、回应、负荷和重订共同验证。,要看这套交换是否能在现实变化后继续运行。,不得仅凭本规则推出双方一定公平、相爱、忠诚、长期稳定或适合结婚；不得把付出多少直接等同爱多少；不得以命理要求单方牺牲、立即回报、原谅、复合或继续关系。现实安全、同意、持续行为、反例与双方协商优先。,中,待验证,,exchange_mode=EM08; provisional=true; rule_group=EXCHANGE-EM模式,0.4
M5-EXCHANGE-191,EM09 投入—责任闭环型｜正式定义,L3 双向交换模式,EXCHANGE-EM模式,通用,定义,EM09,投入—责任闭环型,M5-BASE、PARTNER或现实资料路由该模式。,安全门控未通过。,由共享基础引擎、M3与M5-BASE提供；只修正用户怎样给予、请求、接收和回馈，不直接判断双方现实交换质量。,M2只说明进入关系所需资格证据；不能替代长期双向交换、负荷与修复验证。,M3-BASE、EXPR、CARE和BOUND提供用户自然互动通道；M5-EXCHANGE负责把两人的实际行为合成为交换结构。,无／按本规则指定的给予—请求—接收—反馈—重订路径路由。,近位、远位只修正该交换需求进入亲密关系核心的可能；不得据此判断具体伴侣现实中一定配合。,根气只修正用户交换需求和通道是否稳定重复，不等于双方已形成成熟互惠。,旺弱只修正通道调用强度、抢位或缺位风险，不直接等于交换公平或关系质量。,喜忌只修正调用顺畅度与摩擦，不可直接翻译为理想伴侣五行、十神或必然互补。,真合化成立时按化神功能重算用户交换需求；合化争议时停止细化交换通道。,近位提高该交换议题进入关系核心的可能；远位只保留背景或阶段性观察。,90,EM候选 +8,exchange_mode,现实投入进一步转成承诺、分工、责任和持续复核。,交换模式更接近投入—责任闭环型。,不得仅凭本规则推出双方一定公平、相爱、忠诚、长期稳定或适合结婚；不得把付出多少直接等同爱多少；不得以命理要求单方牺牲、立即回报、原谅、复合或继续关系。现实安全、同意、持续行为、反例与双方协商优先。,中高,待验证,,exchange_mode=EM09; provisional=true; rule_group=EXCHANGE-EM模式,0.4
M5-EXCHANGE-192,EM09 投入—责任闭环型｜适用情境,L3 双向交换模式,EXCHANGE-EM模式,通用,场景,EM09,投入—责任闭环型,存在对应XD领域或生活阶段。,把一种模式覆盖全部关系领域。,由共享基础引擎、M3与M5-BASE提供；只修正用户怎样给予、请求、接收和回馈，不直接判断双方现实交换质量。,M2只说明进入关系所需资格证据；不能替代长期双向交换、负荷与修复验证。,M3-BASE、EXPR、CARE和BOUND提供用户自然互动通道；M5-EXCHANGE负责把两人的实际行为合成为交换结构。,无／按本规则指定的给予—请求—接收—反馈—重订路径路由。,近位、远位只修正该交换需求进入亲密关系核心的可能；不得据此判断具体伴侣现实中一定配合。,根气只修正用户交换需求和通道是否稳定重复，不等于双方已形成成熟互惠。,旺弱只修正通道调用强度、抢位或缺位风险，不直接等于交换公平或关系质量。,喜忌只修正调用顺畅度与摩擦，不可直接翻译为理想伴侣五行、十神或必然互补。,真合化成立时按化神功能重算用户交换需求；合化争议时停止细化交换通道。,近位提高该交换议题进入关系核心的可能；远位只保留背景或阶段性观察。,78,+6 场景路由,exchange_domains,适合长期生活经营和资源共同体。,这种方式更适合：适合长期生活经营和资源共同体。,不得仅凭本规则推出双方一定公平、相爱、忠诚、长期稳定或适合结婚；不得把付出多少直接等同爱多少；不得以命理要求单方牺牲、立即回报、原谅、复合或继续关系。现实安全、同意、持续行为、反例与双方协商优先。,中,待验证,,exchange_mode=EM09; provisional=true; rule_group=EXCHANGE-EM模式,0.4
M5-EXCHANGE-193,EM09 投入—责任闭环型｜成立条件,L3 双向交换模式,EXCHANGE-EM模式,通用,门控,EM09,投入—责任闭环型,投入不替代承诺，责任也不抹掉贡献。,只有标签相似、一次事件或单方愿望。,由共享基础引擎、M3与M5-BASE提供；只修正用户怎样给予、请求、接收和回馈，不直接判断双方现实交换质量。,M2只说明进入关系所需资格证据；不能替代长期双向交换、负荷与修复验证。,M3-BASE、EXPR、CARE和BOUND提供用户自然互动通道；M5-EXCHANGE负责把两人的实际行为合成为交换结构。,无／按本规则指定的给予—请求—接收—反馈—重订路径路由。,近位、远位只修正该交换需求进入亲密关系核心的可能；不得据此判断具体伴侣现实中一定配合。,根气只修正用户交换需求和通道是否稳定重复，不等于双方已形成成熟互惠。,旺弱只修正通道调用强度、抢位或缺位风险，不直接等于交换公平或关系质量。,喜忌只修正调用顺畅度与摩擦，不可直接翻译为理想伴侣五行、十神或必然互补。,真合化成立时按化神功能重算用户交换需求；合化争议时停止细化交换通道。,近位提高该交换议题进入关系核心的可能；远位只保留背景或阶段性观察。,88,+10 模式成立,exchange_mode,投入—责任闭环型必须满足：投入不替代承诺，责任也不抹掉贡献。,要形成投入—责任闭环型，需要：投入不替代承诺，责任也不抹掉贡献。,不得仅凭本规则推出双方一定公平、相爱、忠诚、长期稳定或适合结婚；不得把付出多少直接等同爱多少；不得以命理要求单方牺牲、立即回报、原谅、复合或继续关系。现实安全、同意、持续行为、反例与双方协商优先。,中高,待验证,,exchange_mode=EM09; provisional=true; rule_group=EXCHANGE-EM模式,0.4
M5-EXCHANGE-194,EM09 投入—责任闭环型｜失衡与伪适配,L3 双向交换模式,EXCHANGE-EM模式,通用,风险,EM09,投入—责任闭环型,出现风险信号。,XV5—XV7现实证据能够排除。,由共享基础引擎、M3与M5-BASE提供；只修正用户怎样给予、请求、接收和回馈，不直接判断双方现实交换质量。,M2只说明进入关系所需资格证据；不能替代长期双向交换、负荷与修复验证。,M3-BASE、EXPR、CARE和BOUND提供用户自然互动通道；M5-EXCHANGE负责把两人的实际行为合成为交换结构。,无／按本规则指定的给予—请求—接收—反馈—重订路径路由。,近位、远位只修正该交换需求进入亲密关系核心的可能；不得据此判断具体伴侣现实中一定配合。,根气只修正用户交换需求和通道是否稳定重复，不等于双方已形成成熟互惠。,旺弱只修正通道调用强度、抢位或缺位风险，不直接等于交换公平或关系质量。,喜忌只修正调用顺畅度与摩擦，不可直接翻译为理想伴侣五行、十神或必然互补。,真合化成立时按化神功能重算用户交换需求；合化争议时停止细化交换通道。,近位提高该交换议题进入关系核心的可能；远位只保留背景或阶段性观察。,92,风险 +12,pseudo_reciprocity_warning,一方不断付出，另一方只享受或只口头承诺。,需要避免：一方不断付出，另一方只享受或只口头承诺。,不得仅凭本规则推出双方一定公平、相爱、忠诚、长期稳定或适合结婚；不得把付出多少直接等同爱多少；不得以命理要求单方牺牲、立即回报、原谅、复合或继续关系。现实安全、同意、持续行为、反例与双方协商优先。,中高,待验证,,exchange_mode=EM09; provisional=true; rule_group=EXCHANGE-EM模式,0.4
M5-EXCHANGE-195,EM09 投入—责任闭环型｜现实验证与输出,L3 双向交换模式,EXCHANGE-EM模式,通用,证据,EM09,投入—责任闭环型,XV3以上。,只有命盘或单次高光。,由共享基础引擎、M3与M5-BASE提供；只修正用户怎样给予、请求、接收和回馈，不直接判断双方现实交换质量。,M2只说明进入关系所需资格证据；不能替代长期双向交换、负荷与修复验证。,M3-BASE、EXPR、CARE和BOUND提供用户自然互动通道；M5-EXCHANGE负责把两人的实际行为合成为交换结构。,无／按本规则指定的给予—请求—接收—反馈—重订路径路由。,近位、远位只修正该交换需求进入亲密关系核心的可能；不得据此判断具体伴侣现实中一定配合。,根气只修正用户交换需求和通道是否稳定重复，不等于双方已形成成熟互惠。,旺弱只修正通道调用强度、抢位或缺位风险，不直接等于交换公平或关系质量。,喜忌只修正调用顺畅度与摩擦，不可直接翻译为理想伴侣五行、十神或必然互补。,真合化成立时按化神功能重算用户交换需求；合化争议时停止细化交换通道。,近位提高该交换议题进入关系核心的可能；远位只保留背景或阶段性观察。,78,不加分；现实核验,observation_plan,模式必须由双方请求、回应、负荷和重订共同验证。,要看这套交换是否能在现实变化后继续运行。,不得仅凭本规则推出双方一定公平、相爱、忠诚、长期稳定或适合结婚；不得把付出多少直接等同爱多少；不得以命理要求单方牺牲、立即回报、原谅、复合或继续关系。现实安全、同意、持续行为、反例与双方协商优先。,中,待验证,,exchange_mode=EM09; provisional=true; rule_group=EXCHANGE-EM模式,0.4
M5-EXCHANGE-196,EM10 支持—自主闭环型｜正式定义,L3 双向交换模式,EXCHANGE-EM模式,通用,定义,EM10,支持—自主闭环型,M5-BASE、PARTNER或现实资料路由该模式。,安全门控未通过。,由共享基础引擎、M3与M5-BASE提供；只修正用户怎样给予、请求、接收和回馈，不直接判断双方现实交换质量。,M2只说明进入关系所需资格证据；不能替代长期双向交换、负荷与修复验证。,M3-BASE、EXPR、CARE和BOUND提供用户自然互动通道；M5-EXCHANGE负责把两人的实际行为合成为交换结构。,无／按本规则指定的给予—请求—接收—反馈—重订路径路由。,近位、远位只修正该交换需求进入亲密关系核心的可能；不得据此判断具体伴侣现实中一定配合。,根气只修正用户交换需求和通道是否稳定重复，不等于双方已形成成熟互惠。,旺弱只修正通道调用强度、抢位或缺位风险，不直接等于交换公平或关系质量。,喜忌只修正调用顺畅度与摩擦，不可直接翻译为理想伴侣五行、十神或必然互补。,真合化成立时按化神功能重算用户交换需求；合化争议时停止细化交换通道。,近位提高该交换议题进入关系核心的可能；远位只保留背景或阶段性观察。,90,EM候选 +8,exchange_mode,给予理解、资源或保护，同时帮助对方恢复自主和参与权。,交换模式更接近支持—自主闭环型。,不得仅凭本规则推出双方一定公平、相爱、忠诚、长期稳定或适合结婚；不得把付出多少直接等同爱多少；不得以命理要求单方牺牲、立即回报、原谅、复合或继续关系。现实安全、同意、持续行为、反例与双方协商优先。,中高,待验证,,exchange_mode=EM10; provisional=true; rule_group=EXCHANGE-EM模式,0.4
M5-EXCHANGE-197,EM10 支持—自主闭环型｜适用情境,L3 双向交换模式,EXCHANGE-EM模式,通用,场景,EM10,支持—自主闭环型,存在对应XD领域或生活阶段。,把一种模式覆盖全部关系领域。,由共享基础引擎、M3与M5-BASE提供；只修正用户怎样给予、请求、接收和回馈，不直接判断双方现实交换质量。,M2只说明进入关系所需资格证据；不能替代长期双向交换、负荷与修复验证。,M3-BASE、EXPR、CARE和BOUND提供用户自然互动通道；M5-EXCHANGE负责把两人的实际行为合成为交换结构。,无／按本规则指定的给予—请求—接收—反馈—重订路径路由。,近位、远位只修正该交换需求进入亲密关系核心的可能；不得据此判断具体伴侣现实中一定配合。,根气只修正用户交换需求和通道是否稳定重复，不等于双方已形成成熟互惠。,旺弱只修正通道调用强度、抢位或缺位风险，不直接等于交换公平或关系质量。,喜忌只修正调用顺畅度与摩擦，不可直接翻译为理想伴侣五行、十神或必然互补。,真合化成立时按化神功能重算用户交换需求；合化争议时停止细化交换通道。,近位提高该交换议题进入关系核心的可能；远位只保留背景或阶段性观察。,78,+6 场景路由,exchange_domains,适合照顾、危机和能力补位。,这种方式更适合：适合照顾、危机和能力补位。,不得仅凭本规则推出双方一定公平、相爱、忠诚、长期稳定或适合结婚；不得把付出多少直接等同爱多少；不得以命理要求单方牺牲、立即回报、原谅、复合或继续关系。现实安全、同意、持续行为、反例与双方协商优先。,中,待验证,,exchange_mode=EM10; provisional=true; rule_group=EXCHANGE-EM模式,0.4
M5-EXCHANGE-198,EM10 支持—自主闭环型｜成立条件,L3 双向交换模式,EXCHANGE-EM模式,通用,门控,EM10,支持—自主闭环型,帮助结果是双方能力更完整。,只有标签相似、一次事件或单方愿望。,由共享基础引擎、M3与M5-BASE提供；只修正用户怎样给予、请求、接收和回馈，不直接判断双方现实交换质量。,M2只说明进入关系所需资格证据；不能替代长期双向交换、负荷与修复验证。,M3-BASE、EXPR、CARE和BOUND提供用户自然互动通道；M5-EXCHANGE负责把两人的实际行为合成为交换结构。,无／按本规则指定的给予—请求—接收—反馈—重订路径路由。,近位、远位只修正该交换需求进入亲密关系核心的可能；不得据此判断具体伴侣现实中一定配合。,根气只修正用户交换需求和通道是否稳定重复，不等于双方已形成成熟互惠。,旺弱只修正通道调用强度、抢位或缺位风险，不直接等于交换公平或关系质量。,喜忌只修正调用顺畅度与摩擦，不可直接翻译为理想伴侣五行、十神或必然互补。,真合化成立时按化神功能重算用户交换需求；合化争议时停止细化交换通道。,近位提高该交换议题进入关系核心的可能；远位只保留背景或阶段性观察。,88,+10 模式成立,exchange_mode,支持—自主闭环型必须满足：帮助结果是双方能力更完整。,要形成支持—自主闭环型，需要：帮助结果是双方能力更完整。,不得仅凭本规则推出双方一定公平、相爱、忠诚、长期稳定或适合结婚；不得把付出多少直接等同爱多少；不得以命理要求单方牺牲、立即回报、原谅、复合或继续关系。现实安全、同意、持续行为、反例与双方协商优先。,中高,待验证,,exchange_mode=EM10; provisional=true; rule_group=EXCHANGE-EM模式,0.4
M5-EXCHANGE-199,EM10 支持—自主闭环型｜失衡与伪适配,L3 双向交换模式,EXCHANGE-EM模式,通用,风险,EM10,支持—自主闭环型,出现风险信号。,XV5—XV7现实证据能够排除。,由共享基础引擎、M3与M5-BASE提供；只修正用户怎样给予、请求、接收和回馈，不直接判断双方现实交换质量。,M2只说明进入关系所需资格证据；不能替代长期双向交换、负荷与修复验证。,M3-BASE、EXPR、CARE和BOUND提供用户自然互动通道；M5-EXCHANGE负责把两人的实际行为合成为交换结构。,无／按本规则指定的给予—请求—接收—反馈—重订路径路由。,近位、远位只修正该交换需求进入亲密关系核心的可能；不得据此判断具体伴侣现实中一定配合。,根气只修正用户交换需求和通道是否稳定重复，不等于双方已形成成熟互惠。,旺弱只修正通道调用强度、抢位或缺位风险，不直接等于交换公平或关系质量。,喜忌只修正调用顺畅度与摩擦，不可直接翻译为理想伴侣五行、十神或必然互补。,真合化成立时按化神功能重算用户交换需求；合化争议时停止细化交换通道。,近位提高该交换议题进入关系核心的可能；远位只保留背景或阶段性观察。,92,风险 +12,pseudo_reciprocity_warning,支持变成依赖、接管或永久失衡。,需要避免：支持变成依赖、接管或永久失衡。,不得仅凭本规则推出双方一定公平、相爱、忠诚、长期稳定或适合结婚；不得把付出多少直接等同爱多少；不得以命理要求单方牺牲、立即回报、原谅、复合或继续关系。现实安全、同意、持续行为、反例与双方协商优先。,中高,待验证,,exchange_mode=EM10; provisional=true; rule_group=EXCHANGE-EM模式,0.4
M5-EXCHANGE-200,EM10 支持—自主闭环型｜现实验证与输出,L3 双向交换模式,EXCHANGE-EM模式,通用,证据,EM10,支持—自主闭环型,XV3以上。,只有命盘或单次高光。,由共享基础引擎、M3与M5-BASE提供；只修正用户怎样给予、请求、接收和回馈，不直接判断双方现实交换质量。,M2只说明进入关系所需资格证据；不能替代长期双向交换、负荷与修复验证。,M3-BASE、EXPR、CARE和BOUND提供用户自然互动通道；M5-EXCHANGE负责把两人的实际行为合成为交换结构。,无／按本规则指定的给予—请求—接收—反馈—重订路径路由。,近位、远位只修正该交换需求进入亲密关系核心的可能；不得据此判断具体伴侣现实中一定配合。,根气只修正用户交换需求和通道是否稳定重复，不等于双方已形成成熟互惠。,旺弱只修正通道调用强度、抢位或缺位风险，不直接等于交换公平或关系质量。,喜忌只修正调用顺畅度与摩擦，不可直接翻译为理想伴侣五行、十神或必然互补。,真合化成立时按化神功能重算用户交换需求；合化争议时停止细化交换通道。,近位提高该交换议题进入关系核心的可能；远位只保留背景或阶段性观察。,78,不加分；现实核验,observation_plan,模式必须由双方请求、回应、负荷和重订共同验证。,要看这套交换是否能在现实变化后继续运行。,不得仅凭本规则推出双方一定公平、相爱、忠诚、长期稳定或适合结婚；不得把付出多少直接等同爱多少；不得以命理要求单方牺牲、立即回报、原谅、复合或继续关系。现实安全、同意、持续行为、反例与双方协商优先。,中,待验证,,exchange_mode=EM10; provisional=true; rule_group=EXCHANGE-EM模式,0.4
M5-EXCHANGE-201,EM11 任务—情绪双轨型｜正式定义,L3 双向交换模式,EXCHANGE-EM模式,通用,定义,EM11,任务—情绪双轨型,M5-BASE、PARTNER或现实资料路由该模式。,安全门控未通过。,由共享基础引擎、M3与M5-BASE提供；只修正用户怎样给予、请求、接收和回馈，不直接判断双方现实交换质量。,M2只说明进入关系所需资格证据；不能替代长期双向交换、负荷与修复验证。,M3-BASE、EXPR、CARE和BOUND提供用户自然互动通道；M5-EXCHANGE负责把两人的实际行为合成为交换结构。,无／按本规则指定的给予—请求—接收—反馈—重订路径路由。,近位、远位只修正该交换需求进入亲密关系核心的可能；不得据此判断具体伴侣现实中一定配合。,根气只修正用户交换需求和通道是否稳定重复，不等于双方已形成成熟互惠。,旺弱只修正通道调用强度、抢位或缺位风险，不直接等于交换公平或关系质量。,喜忌只修正调用顺畅度与摩擦，不可直接翻译为理想伴侣五行、十神或必然互补。,真合化成立时按化神功能重算用户交换需求；合化争议时停止细化交换通道。,近位提高该交换议题进入关系核心的可能；远位只保留背景或阶段性观察。,90,EM候选 +8,exchange_mode,现实任务和情绪影响同时拥有处理通道，可有先后但都需完成。,交换模式更接近任务—情绪双轨型。,不得仅凭本规则推出双方一定公平、相爱、忠诚、长期稳定或适合结婚；不得把付出多少直接等同爱多少；不得以命理要求单方牺牲、立即回报、原谅、复合或继续关系。现实安全、同意、持续行为、反例与双方协商优先。,中高,待验证,,exchange_mode=EM11; provisional=true; rule_group=EXCHANGE-EM模式,0.4
M5-EXCHANGE-202,EM11 任务—情绪双轨型｜适用情境,L3 双向交换模式,EXCHANGE-EM模式,通用,场景,EM11,任务—情绪双轨型,存在对应XD领域或生活阶段。,把一种模式覆盖全部关系领域。,由共享基础引擎、M3与M5-BASE提供；只修正用户怎样给予、请求、接收和回馈，不直接判断双方现实交换质量。,M2只说明进入关系所需资格证据；不能替代长期双向交换、负荷与修复验证。,M3-BASE、EXPR、CARE和BOUND提供用户自然互动通道；M5-EXCHANGE负责把两人的实际行为合成为交换结构。,无／按本规则指定的给予—请求—接收—反馈—重订路径路由。,近位、远位只修正该交换需求进入亲密关系核心的可能；不得据此判断具体伴侣现实中一定配合。,根气只修正用户交换需求和通道是否稳定重复，不等于双方已形成成熟互惠。,旺弱只修正通道调用强度、抢位或缺位风险，不直接等于交换公平或关系质量。,喜忌只修正调用顺畅度与摩擦，不可直接翻译为理想伴侣五行、十神或必然互补。,真合化成立时按化神功能重算用户交换需求；合化争议时停止细化交换通道。,近位提高该交换议题进入关系核心的可能；远位只保留背景或阶段性观察。,78,+6 场景路由,exchange_domains,适合压力、责任冲突和修复。,这种方式更适合：适合压力、责任冲突和修复。,不得仅凭本规则推出双方一定公平、相爱、忠诚、长期稳定或适合结婚；不得把付出多少直接等同爱多少；不得以命理要求单方牺牲、立即回报、原谅、复合或继续关系。现实安全、同意、持续行为、反例与双方协商优先。,中,待验证,,exchange_mode=EM11; provisional=true; rule_group=EXCHANGE-EM模式,0.4
M5-EXCHANGE-203,EM11 任务—情绪双轨型｜成立条件,L3 双向交换模式,EXCHANGE-EM模式,通用,门控,EM11,任务—情绪双轨型,任务线有方案，情绪线有理解和反馈。,只有标签相似、一次事件或单方愿望。,由共享基础引擎、M3与M5-BASE提供；只修正用户怎样给予、请求、接收和回馈，不直接判断双方现实交换质量。,M2只说明进入关系所需资格证据；不能替代长期双向交换、负荷与修复验证。,M3-BASE、EXPR、CARE和BOUND提供用户自然互动通道；M5-EXCHANGE负责把两人的实际行为合成为交换结构。,无／按本规则指定的给予—请求—接收—反馈—重订路径路由。,近位、远位只修正该交换需求进入亲密关系核心的可能；不得据此判断具体伴侣现实中一定配合。,根气只修正用户交换需求和通道是否稳定重复，不等于双方已形成成熟互惠。,旺弱只修正通道调用强度、抢位或缺位风险，不直接等于交换公平或关系质量。,喜忌只修正调用顺畅度与摩擦，不可直接翻译为理想伴侣五行、十神或必然互补。,真合化成立时按化神功能重算用户交换需求；合化争议时停止细化交换通道。,近位提高该交换议题进入关系核心的可能；远位只保留背景或阶段性观察。,88,+10 模式成立,exchange_mode,任务—情绪双轨型必须满足：任务线有方案，情绪线有理解和反馈。,要形成任务—情绪双轨型，需要：任务线有方案，情绪线有理解和反馈。,不得仅凭本规则推出双方一定公平、相爱、忠诚、长期稳定或适合结婚；不得把付出多少直接等同爱多少；不得以命理要求单方牺牲、立即回报、原谅、复合或继续关系。现实安全、同意、持续行为、反例与双方协商优先。,中高,待验证,,exchange_mode=EM11; provisional=true; rule_group=EXCHANGE-EM模式,0.4
M5-EXCHANGE-204,EM11 任务—情绪双轨型｜失衡与伪适配,L3 双向交换模式,EXCHANGE-EM模式,通用,风险,EM11,任务—情绪双轨型,出现风险信号。,XV5—XV7现实证据能够排除。,由共享基础引擎、M3与M5-BASE提供；只修正用户怎样给予、请求、接收和回馈，不直接判断双方现实交换质量。,M2只说明进入关系所需资格证据；不能替代长期双向交换、负荷与修复验证。,M3-BASE、EXPR、CARE和BOUND提供用户自然互动通道；M5-EXCHANGE负责把两人的实际行为合成为交换结构。,无／按本规则指定的给予—请求—接收—反馈—重订路径路由。,近位、远位只修正该交换需求进入亲密关系核心的可能；不得据此判断具体伴侣现实中一定配合。,根气只修正用户交换需求和通道是否稳定重复，不等于双方已形成成熟互惠。,旺弱只修正通道调用强度、抢位或缺位风险，不直接等于交换公平或关系质量。,喜忌只修正调用顺畅度与摩擦，不可直接翻译为理想伴侣五行、十神或必然互补。,真合化成立时按化神功能重算用户交换需求；合化争议时停止细化交换通道。,近位提高该交换议题进入关系核心的可能；远位只保留背景或阶段性观察。,92,风险 +12,pseudo_reciprocity_warning,只做事不谈感受，或只安抚不处理现实。,需要避免：只做事不谈感受，或只安抚不处理现实。,不得仅凭本规则推出双方一定公平、相爱、忠诚、长期稳定或适合结婚；不得把付出多少直接等同爱多少；不得以命理要求单方牺牲、立即回报、原谅、复合或继续关系。现实安全、同意、持续行为、反例与双方协商优先。,中高,待验证,,exchange_mode=EM11; provisional=true; rule_group=EXCHANGE-EM模式,0.4
M5-EXCHANGE-205,EM11 任务—情绪双轨型｜现实验证与输出,L3 双向交换模式,EXCHANGE-EM模式,通用,证据,EM11,任务—情绪双轨型,XV3以上。,只有命盘或单次高光。,由共享基础引擎、M3与M5-BASE提供；只修正用户怎样给予、请求、接收和回馈，不直接判断双方现实交换质量。,M2只说明进入关系所需资格证据；不能替代长期双向交换、负荷与修复验证。,M3-BASE、EXPR、CARE和BOUND提供用户自然互动通道；M5-EXCHANGE负责把两人的实际行为合成为交换结构。,无／按本规则指定的给予—请求—接收—反馈—重订路径路由。,近位、远位只修正该交换需求进入亲密关系核心的可能；不得据此判断具体伴侣现实中一定配合。,根气只修正用户交换需求和通道是否稳定重复，不等于双方已形成成熟互惠。,旺弱只修正通道调用强度、抢位或缺位风险，不直接等于交换公平或关系质量。,喜忌只修正调用顺畅度与摩擦，不可直接翻译为理想伴侣五行、十神或必然互补。,真合化成立时按化神功能重算用户交换需求；合化争议时停止细化交换通道。,近位提高该交换议题进入关系核心的可能；远位只保留背景或阶段性观察。,78,不加分；现实核验,observation_plan,模式必须由双方请求、回应、负荷和重订共同验证。,要看这套交换是否能在现实变化后继续运行。,不得仅凭本规则推出双方一定公平、相爱、忠诚、长期稳定或适合结婚；不得把付出多少直接等同爱多少；不得以命理要求单方牺牲、立即回报、原谅、复合或继续关系。现实安全、同意、持续行为、反例与双方协商优先。,中,待验证,,exchange_mode=EM11; provisional=true; rule_group=EXCHANGE-EM模式,0.4
M5-EXCHANGE-206,EM12 情境组合型｜正式定义,L3 双向交换模式,EXCHANGE-EM模式,通用,定义,EM12,情境组合型,M5-BASE、PARTNER或现实资料路由该模式。,安全门控未通过。,由共享基础引擎、M3与M5-BASE提供；只修正用户怎样给予、请求、接收和回馈，不直接判断双方现实交换质量。,M2只说明进入关系所需资格证据；不能替代长期双向交换、负荷与修复验证。,M3-BASE、EXPR、CARE和BOUND提供用户自然互动通道；M5-EXCHANGE负责把两人的实际行为合成为交换结构。,无／按本规则指定的给予—请求—接收—反馈—重订路径路由。,近位、远位只修正该交换需求进入亲密关系核心的可能；不得据此判断具体伴侣现实中一定配合。,根气只修正用户交换需求和通道是否稳定重复，不等于双方已形成成熟互惠。,旺弱只修正通道调用强度、抢位或缺位风险，不直接等于交换公平或关系质量。,喜忌只修正调用顺畅度与摩擦，不可直接翻译为理想伴侣五行、十神或必然互补。,真合化成立时按化神功能重算用户交换需求；合化争议时停止细化交换通道。,近位提高该交换议题进入关系核心的可能；远位只保留背景或阶段性观察。,90,EM候选 +8,exchange_mode,不同领域使用同步、错峰、分工、接力或双轨，不强求一种模式覆盖全部。,交换模式更接近情境组合型。,不得仅凭本规则推出双方一定公平、相爱、忠诚、长期稳定或适合结婚；不得把付出多少直接等同爱多少；不得以命理要求单方牺牲、立即回报、原谅、复合或继续关系。现实安全、同意、持续行为、反例与双方协商优先。,中高,待验证,,exchange_mode=EM12; provisional=true; rule_group=EXCHANGE-EM模式,0.4
M5-EXCHANGE-207,EM12 情境组合型｜适用情境,L3 双向交换模式,EXCHANGE-EM模式,通用,场景,EM12,情境组合型,存在对应XD领域或生活阶段。,把一种模式覆盖全部关系领域。,由共享基础引擎、M3与M5-BASE提供；只修正用户怎样给予、请求、接收和回馈，不直接判断双方现实交换质量。,M2只说明进入关系所需资格证据；不能替代长期双向交换、负荷与修复验证。,M3-BASE、EXPR、CARE和BOUND提供用户自然互动通道；M5-EXCHANGE负责把两人的实际行为合成为交换结构。,无／按本规则指定的给予—请求—接收—反馈—重订路径路由。,近位、远位只修正该交换需求进入亲密关系核心的可能；不得据此判断具体伴侣现实中一定配合。,根气只修正用户交换需求和通道是否稳定重复，不等于双方已形成成熟互惠。,旺弱只修正通道调用强度、抢位或缺位风险，不直接等于交换公平或关系质量。,喜忌只修正调用顺畅度与摩擦，不可直接翻译为理想伴侣五行、十神或必然互补。,真合化成立时按化神功能重算用户交换需求；合化争议时停止细化交换通道。,近位提高该交换议题进入关系核心的可能；远位只保留背景或阶段性观察。,78,+6 场景路由,exchange_domains,适合现实角色复杂、资源随阶段变化的关系。,这种方式更适合：适合现实角色复杂、资源随阶段变化的关系。,不得仅凭本规则推出双方一定公平、相爱、忠诚、长期稳定或适合结婚；不得把付出多少直接等同爱多少；不得以命理要求单方牺牲、立即回报、原谅、复合或继续关系。现实安全、同意、持续行为、反例与双方协商优先。,中,待验证,,exchange_mode=EM12; provisional=true; rule_group=EXCHANGE-EM模式,0.4
M5-EXCHANGE-208,EM12 情境组合型｜成立条件,L3 双向交换模式,EXCHANGE-EM模式,通用,门控,EM12,情境组合型,领域规则清楚并定期重订。,只有标签相似、一次事件或单方愿望。,由共享基础引擎、M3与M5-BASE提供；只修正用户怎样给予、请求、接收和回馈，不直接判断双方现实交换质量。,M2只说明进入关系所需资格证据；不能替代长期双向交换、负荷与修复验证。,M3-BASE、EXPR、CARE和BOUND提供用户自然互动通道；M5-EXCHANGE负责把两人的实际行为合成为交换结构。,无／按本规则指定的给予—请求—接收—反馈—重订路径路由。,近位、远位只修正该交换需求进入亲密关系核心的可能；不得据此判断具体伴侣现实中一定配合。,根气只修正用户交换需求和通道是否稳定重复，不等于双方已形成成熟互惠。,旺弱只修正通道调用强度、抢位或缺位风险，不直接等于交换公平或关系质量。,喜忌只修正调用顺畅度与摩擦，不可直接翻译为理想伴侣五行、十神或必然互补。,真合化成立时按化神功能重算用户交换需求；合化争议时停止细化交换通道。,近位提高该交换议题进入关系核心的可能；远位只保留背景或阶段性观察。,88,+10 模式成立,exchange_mode,情境组合型必须满足：领域规则清楚并定期重订。,要形成情境组合型，需要：领域规则清楚并定期重订。,不得仅凭本规则推出双方一定公平、相爱、忠诚、长期稳定或适合结婚；不得把付出多少直接等同爱多少；不得以命理要求单方牺牲、立即回报、原谅、复合或继续关系。现实安全、同意、持续行为、反例与双方协商优先。,中高,待验证,,exchange_mode=EM12; provisional=true; rule_group=EXCHANGE-EM模式,0.4
M5-EXCHANGE-209,EM12 情境组合型｜失衡与伪适配,L3 双向交换模式,EXCHANGE-EM模式,通用,风险,EM12,情境组合型,出现风险信号。,XV5—XV7现实证据能够排除。,由共享基础引擎、M3与M5-BASE提供；只修正用户怎样给予、请求、接收和回馈，不直接判断双方现实交换质量。,M2只说明进入关系所需资格证据；不能替代长期双向交换、负荷与修复验证。,M3-BASE、EXPR、CARE和BOUND提供用户自然互动通道；M5-EXCHANGE负责把两人的实际行为合成为交换结构。,无／按本规则指定的给予—请求—接收—反馈—重订路径路由。,近位、远位只修正该交换需求进入亲密关系核心的可能；不得据此判断具体伴侣现实中一定配合。,根气只修正用户交换需求和通道是否稳定重复，不等于双方已形成成熟互惠。,旺弱只修正通道调用强度、抢位或缺位风险，不直接等于交换公平或关系质量。,喜忌只修正调用顺畅度与摩擦，不可直接翻译为理想伴侣五行、十神或必然互补。,真合化成立时按化神功能重算用户交换需求；合化争议时停止细化交换通道。,近位提高该交换议题进入关系核心的可能；远位只保留背景或阶段性观察。,92,风险 +12,pseudo_reciprocity_warning,随意切换、没有最低责任或回访机制。,需要避免：随意切换、没有最低责任或回访机制。,不得仅凭本规则推出双方一定公平、相爱、忠诚、长期稳定或适合结婚；不得把付出多少直接等同爱多少；不得以命理要求单方牺牲、立即回报、原谅、复合或继续关系。现实安全、同意、持续行为、反例与双方协商优先。,中高,待验证,,exchange_mode=EM12; provisional=true; rule_group=EXCHANGE-EM模式,0.4
M5-EXCHANGE-210,EM12 情境组合型｜现实验证与输出,L3 双向交换模式,EXCHANGE-EM模式,通用,证据,EM12,情境组合型,XV3以上。,只有命盘或单次高光。,由共享基础引擎、M3与M5-BASE提供；只修正用户怎样给予、请求、接收和回馈，不直接判断双方现实交换质量。,M2只说明进入关系所需资格证据；不能替代长期双向交换、负荷与修复验证。,M3-BASE、EXPR、CARE和BOUND提供用户自然互动通道；M5-EXCHANGE负责把两人的实际行为合成为交换结构。,无／按本规则指定的给予—请求—接收—反馈—重订路径路由。,近位、远位只修正该交换需求进入亲密关系核心的可能；不得据此判断具体伴侣现实中一定配合。,根气只修正用户交换需求和通道是否稳定重复，不等于双方已形成成熟互惠。,旺弱只修正通道调用强度、抢位或缺位风险，不直接等于交换公平或关系质量。,喜忌只修正调用顺畅度与摩擦，不可直接翻译为理想伴侣五行、十神或必然互补。,真合化成立时按化神功能重算用户交换需求；合化争议时停止细化交换通道。,近位提高该交换议题进入关系核心的可能；远位只保留背景或阶段性观察。,78,不加分；现实核验,observation_plan,模式必须由双方请求、回应、负荷和重订共同验证。,要看这套交换是否能在现实变化后继续运行。,不得仅凭本规则推出双方一定公平、相爱、忠诚、长期稳定或适合结婚；不得把付出多少直接等同爱多少；不得以命理要求单方牺牲、立即回报、原谅、复合或继续关系。现实安全、同意、持续行为、反例与双方协商优先。,中,待验证,,exchange_mode=EM12; provisional=true; rule_group=EXCHANGE-EM模式,0.4
M5-EXCHANGE-211,XR01 稳定双向交换｜正式定义,L4 交换状态,EXCHANGE-XR状态,通用,定义,XR01,稳定双向交换,XV4以上；ED02、ED03、ED07、ED09至少三项可靠。,PR0安全停止。,由共享基础引擎、M3与M5-BASE提供；只修正用户怎样给予、请求、接收和回馈，不直接判断双方现实交换质量。,M2只说明进入关系所需资格证据；不能替代长期双向交换、负荷与修复验证。,M3-BASE、EXPR、CARE和BOUND提供用户自然互动通道；M5-EXCHANGE负责把两人的实际行为合成为交换结构。,无／按本规则指定的给予—请求—接收—反馈—重订路径路由。,近位、远位只修正该交换需求进入亲密关系核心的可能；不得据此判断具体伴侣现实中一定配合。,根气只修正用户交换需求和通道是否稳定重复，不等于双方已形成成熟互惠。,旺弱只修正通道调用强度、抢位或缺位风险，不直接等于交换公平或关系质量。,喜忌只修正调用顺畅度与摩擦，不可直接翻译为理想伴侣五行、十神或必然互补。,真合化成立时按化神功能重算用户交换需求；合化争议时停止细化交换通道。,近位提高该交换议题进入关系核心的可能；远位只保留背景或阶段性观察。,94,不加分；状态定义,exchange_state,双方都能给予、请求、接收和回馈，交换可持续、可重订。,这段关系的支持和投入能够双向流动，也能随着现实变化重新调整。,不得仅凭本规则推出双方一定公平、相爱、忠诚、长期稳定或适合结婚；不得把付出多少直接等同爱多少；不得以命理要求单方牺牲、立即回报、原谅、复合或继续关系。现实安全、同意、持续行为、反例与双方协商优先。,高,待验证,,exchange_state=XR01; provisional=true; rule_group=EXCHANGE-XR状态,0.4
M5-EXCHANGE-212,XR01 稳定双向交换｜成立条件,L4 交换状态,EXCHANGE-XR状态,通用,门控,XR01,稳定双向交换,XV4以上；ED02、ED03、ED07、ED09至少三项可靠。,只有命盘结构、同源重复或一次事件。,由共享基础引擎、M3与M5-BASE提供；只修正用户怎样给予、请求、接收和回馈，不直接判断双方现实交换质量。,M2只说明进入关系所需资格证据；不能替代长期双向交换、负荷与修复验证。,M3-BASE、EXPR、CARE和BOUND提供用户自然互动通道；M5-EXCHANGE负责把两人的实际行为合成为交换结构。,无／按本规则指定的给予—请求—接收—反馈—重订路径路由。,近位、远位只修正该交换需求进入亲密关系核心的可能；不得据此判断具体伴侣现实中一定配合。,根气只修正用户交换需求和通道是否稳定重复，不等于双方已形成成熟互惠。,旺弱只修正通道调用强度、抢位或缺位风险，不直接等于交换公平或关系质量。,喜忌只修正调用顺畅度与摩擦，不可直接翻译为理想伴侣五行、十神或必然互补。,真合化成立时按化神功能重算用户交换需求；合化争议时停止细化交换通道。,近位提高该交换议题进入关系核心的可能；远位只保留背景或阶段性观察。,90,状态路由,exchange_state,稳定双向交换必须满足：XV4以上；ED02、ED03、ED07、ED09至少三项可靠。,判断到稳定双向交换，需要看到：XV4以上；ED02、ED03、ED07、ED09至少三项可靠。,不得仅凭本规则推出双方一定公平、相爱、忠诚、长期稳定或适合结婚；不得把付出多少直接等同爱多少；不得以命理要求单方牺牲、立即回报、原谅、复合或继续关系。现实安全、同意、持续行为、反例与双方协商优先。,中高,待验证,,exchange_state=XR01; provisional=true; rule_group=EXCHANGE-XR状态,0.4
M5-EXCHANGE-213,XR01 稳定双向交换｜报告处理,L4 交换状态,EXCHANGE-XR状态,通用,路由,XR01,稳定双向交换,XV4以上；ED02、ED03、ED07、ED09至少三项可靠。,资料与状态不一致。,由共享基础引擎、M3与M5-BASE提供；只修正用户怎样给予、请求、接收和回馈，不直接判断双方现实交换质量。,M2只说明进入关系所需资格证据；不能替代长期双向交换、负荷与修复验证。,M3-BASE、EXPR、CARE和BOUND提供用户自然互动通道；M5-EXCHANGE负责把两人的实际行为合成为交换结构。,无／按本规则指定的给予—请求—接收—反馈—重订路径路由。,近位、远位只修正该交换需求进入亲密关系核心的可能；不得据此判断具体伴侣现实中一定配合。,根气只修正用户交换需求和通道是否稳定重复，不等于双方已形成成熟互惠。,旺弱只修正通道调用强度、抢位或缺位风险，不直接等于交换公平或关系质量。,喜忌只修正调用顺畅度与摩擦，不可直接翻译为理想伴侣五行、十神或必然互补。,真合化成立时按化神功能重算用户交换需求；合化争议时停止细化交换通道。,近位提高该交换议题进入关系核心的可能；远位只保留背景或阶段性观察。,86,路由／降级,report_status,可作为较成熟交换候选；最终FG仍需现实门槛综合。,这段关系的支持和投入能够双向流动，也能随着现实变化重新调整。,不得仅凭本规则推出双方一定公平、相爱、忠诚、长期稳定或适合结婚；不得把付出多少直接等同爱多少；不得以命理要求单方牺牲、立即回报、原谅、复合或继续关系。现实安全、同意、持续行为、反例与双方协商优先。,中高,待验证,,exchange_state=XR01; provisional=true; rule_group=EXCHANGE-XR状态,0.4
M5-EXCHANGE-214,XR01 稳定双向交换｜升级与降级,L4 交换状态,EXCHANGE-XR状态,通用,证据,XR01,稳定双向交换,至少两类独立双人事件来源。,只因一方很会付出或双方十神相合。,由共享基础引擎、M3与M5-BASE提供；只修正用户怎样给予、请求、接收和回馈，不直接判断双方现实交换质量。,M2只说明进入关系所需资格证据；不能替代长期双向交换、负荷与修复验证。,M3-BASE、EXPR、CARE和BOUND提供用户自然互动通道；M5-EXCHANGE负责把两人的实际行为合成为交换结构。,无／按本规则指定的给予—请求—接收—反馈—重订路径路由。,近位、远位只修正该交换需求进入亲密关系核心的可能；不得据此判断具体伴侣现实中一定配合。,根气只修正用户交换需求和通道是否稳定重复，不等于双方已形成成熟互惠。,旺弱只修正通道调用强度、抢位或缺位风险，不直接等于交换公平或关系质量。,喜忌只修正调用顺畅度与摩擦，不可直接翻译为理想伴侣五行、十神或必然互补。,真合化成立时按化神功能重算用户交换需求；合化争议时停止细化交换通道。,近位提高该交换议题进入关系核心的可能；远位只保留背景或阶段性观察。,82,±8至±20,exchange_evidence_level,XR状态随现实交换证据变化，不由命理分值直接锁定。,随着双方现实行为增加，这个判断可以升级或降级。,不得仅凭本规则推出双方一定公平、相爱、忠诚、长期稳定或适合结婚；不得把付出多少直接等同爱多少；不得以命理要求单方牺牲、立即回报、原谅、复合或继续关系。现实安全、同意、持续行为、反例与双方协商优先。,中,待验证,,exchange_state=XR01; provisional=true; rule_group=EXCHANGE-XR状态,0.4
M5-EXCHANGE-215,XR01 稳定双向交换｜禁止人格化,L4 交换状态,EXCHANGE-XR状态,通用,边界,XR01,稳定双向交换,输出XR状态。,现实存在剥削、控制或伤害时按事实说明。,由共享基础引擎、M3与M5-BASE提供；只修正用户怎样给予、请求、接收和回馈，不直接判断双方现实交换质量。,M2只说明进入关系所需资格证据；不能替代长期双向交换、负荷与修复验证。,M3-BASE、EXPR、CARE和BOUND提供用户自然互动通道；M5-EXCHANGE负责把两人的实际行为合成为交换结构。,无／按本规则指定的给予—请求—接收—反馈—重订路径路由。,近位、远位只修正该交换需求进入亲密关系核心的可能；不得据此判断具体伴侣现实中一定配合。,根气只修正用户交换需求和通道是否稳定重复，不等于双方已形成成熟互惠。,旺弱只修正通道调用强度、抢位或缺位风险，不直接等于交换公平或关系质量。,喜忌只修正调用顺畅度与摩擦，不可直接翻译为理想伴侣五行、十神或必然互补。,真合化成立时按化神功能重算用户交换需求；合化争议时停止细化交换通道。,近位提高该交换议题进入关系核心的可能；远位只保留背景或阶段性观察。,98,不加分；伦理边界,boundary_note,保持中性、具体、行为化。,这是交换结构的描述，不是给任何一方贴人格标签。,不得仅凭本规则推出双方一定公平、相爱、忠诚、长期稳定或适合结婚；不得把付出多少直接等同爱多少；不得以命理要求单方牺牲、立即回报、原谅、复合或继续关系。现实安全、同意、持续行为、反例与双方协商优先。,高,待验证,,exchange_state=XR01; provisional=true; rule_group=EXCHANGE-XR状态,0.4
M5-EXCHANGE-216,XR02 非对称但协商分工｜正式定义,L4 交换状态,EXCHANGE-XR状态,通用,定义,XR02,非对称但协商分工,XV3以上；ED01、ED07、ED08可靠。,PR0安全停止。,由共享基础引擎、M3与M5-BASE提供；只修正用户怎样给予、请求、接收和回馈，不直接判断双方现实交换质量。,M2只说明进入关系所需资格证据；不能替代长期双向交换、负荷与修复验证。,M3-BASE、EXPR、CARE和BOUND提供用户自然互动通道；M5-EXCHANGE负责把两人的实际行为合成为交换结构。,无／按本规则指定的给予—请求—接收—反馈—重订路径路由。,近位、远位只修正该交换需求进入亲密关系核心的可能；不得据此判断具体伴侣现实中一定配合。,根气只修正用户交换需求和通道是否稳定重复，不等于双方已形成成熟互惠。,旺弱只修正通道调用强度、抢位或缺位风险，不直接等于交换公平或关系质量。,喜忌只修正调用顺畅度与摩擦，不可直接翻译为理想伴侣五行、十神或必然互补。,真合化成立时按化神功能重算用户交换需求；合化争议时停止细化交换通道。,近位提高该交换议题进入关系核心的可能；远位只保留背景或阶段性观察。,94,不加分；状态定义,exchange_state,贡献领域或数量不同，但双方知情、同意、认可且可重订。,你们不一定用相同方式付出，但彼此知道、认可，并能重新分配。,不得仅凭本规则推出双方一定公平、相爱、忠诚、长期稳定或适合结婚；不得把付出多少直接等同爱多少；不得以命理要求单方牺牲、立即回报、原谅、复合或继续关系。现实安全、同意、持续行为、反例与双方协商优先。,高,待验证,,exchange_state=XR02; provisional=true; rule_group=EXCHANGE-XR状态,0.4
M5-EXCHANGE-217,XR02 非对称但协商分工｜成立条件,L4 交换状态,EXCHANGE-XR状态,通用,门控,XR02,非对称但协商分工,XV3以上；ED01、ED07、ED08可靠。,只有命盘结构、同源重复或一次事件。,由共享基础引擎、M3与M5-BASE提供；只修正用户怎样给予、请求、接收和回馈，不直接判断双方现实交换质量。,M2只说明进入关系所需资格证据；不能替代长期双向交换、负荷与修复验证。,M3-BASE、EXPR、CARE和BOUND提供用户自然互动通道；M5-EXCHANGE负责把两人的实际行为合成为交换结构。,无／按本规则指定的给予—请求—接收—反馈—重订路径路由。,近位、远位只修正该交换需求进入亲密关系核心的可能；不得据此判断具体伴侣现实中一定配合。,根气只修正用户交换需求和通道是否稳定重复，不等于双方已形成成熟互惠。,旺弱只修正通道调用强度、抢位或缺位风险，不直接等于交换公平或关系质量。,喜忌只修正调用顺畅度与摩擦，不可直接翻译为理想伴侣五行、十神或必然互补。,真合化成立时按化神功能重算用户交换需求；合化争议时停止细化交换通道。,近位提高该交换议题进入关系核心的可能；远位只保留背景或阶段性观察。,90,状态路由,exchange_state,非对称但协商分工必须满足：XV3以上；ED01、ED07、ED08可靠。,判断到非对称但协商分工，需要看到：XV3以上；ED01、ED07、ED08可靠。,不得仅凭本规则推出双方一定公平、相爱、忠诚、长期稳定或适合结婚；不得把付出多少直接等同爱多少；不得以命理要求单方牺牲、立即回报、原谅、复合或继续关系。现实安全、同意、持续行为、反例与双方协商优先。,中高,待验证,,exchange_state=XR02; provisional=true; rule_group=EXCHANGE-XR状态,0.4
M5-EXCHANGE-218,XR02 非对称但协商分工｜报告处理,L4 交换状态,EXCHANGE-XR状态,通用,路由,XR02,非对称但协商分工,XV3以上；ED01、ED07、ED08可靠。,资料与状态不一致。,由共享基础引擎、M3与M5-BASE提供；只修正用户怎样给予、请求、接收和回馈，不直接判断双方现实交换质量。,M2只说明进入关系所需资格证据；不能替代长期双向交换、负荷与修复验证。,M3-BASE、EXPR、CARE和BOUND提供用户自然互动通道；M5-EXCHANGE负责把两人的实际行为合成为交换结构。,无／按本规则指定的给予—请求—接收—反馈—重订路径路由。,近位、远位只修正该交换需求进入亲密关系核心的可能；不得据此判断具体伴侣现实中一定配合。,根气只修正用户交换需求和通道是否稳定重复，不等于双方已形成成熟互惠。,旺弱只修正通道调用强度、抢位或缺位风险，不直接等于交换公平或关系质量。,喜忌只修正调用顺畅度与摩擦，不可直接翻译为理想伴侣五行、十神或必然互补。,真合化成立时按化神功能重算用户交换需求；合化争议时停止细化交换通道。,近位提高该交换议题进入关系核心的可能；远位只保留背景或阶段性观察。,86,路由／降级,report_status,不要求50/50；重点写分工和负荷。,你们不一定用相同方式付出，但彼此知道、认可，并能重新分配。,不得仅凭本规则推出双方一定公平、相爱、忠诚、长期稳定或适合结婚；不得把付出多少直接等同爱多少；不得以命理要求单方牺牲、立即回报、原谅、复合或继续关系。现实安全、同意、持续行为、反例与双方协商优先。,中高,待验证,,exchange_state=XR02; provisional=true; rule_group=EXCHANGE-XR状态,0.4
M5-EXCHANGE-219,XR02 非对称但协商分工｜升级与降级,L4 交换状态,EXCHANGE-XR状态,通用,证据,XR02,非对称但协商分工,至少两类独立双人事件来源。,只因一方很会付出或双方十神相合。,由共享基础引擎、M3与M5-BASE提供；只修正用户怎样给予、请求、接收和回馈，不直接判断双方现实交换质量。,M2只说明进入关系所需资格证据；不能替代长期双向交换、负荷与修复验证。,M3-BASE、EXPR、CARE和BOUND提供用户自然互动通道；M5-EXCHANGE负责把两人的实际行为合成为交换结构。,无／按本规则指定的给予—请求—接收—反馈—重订路径路由。,近位、远位只修正该交换需求进入亲密关系核心的可能；不得据此判断具体伴侣现实中一定配合。,根气只修正用户交换需求和通道是否稳定重复，不等于双方已形成成熟互惠。,旺弱只修正通道调用强度、抢位或缺位风险，不直接等于交换公平或关系质量。,喜忌只修正调用顺畅度与摩擦，不可直接翻译为理想伴侣五行、十神或必然互补。,真合化成立时按化神功能重算用户交换需求；合化争议时停止细化交换通道。,近位提高该交换议题进入关系核心的可能；远位只保留背景或阶段性观察。,82,±8至±20,exchange_evidence_level,XR状态随现实交换证据变化，不由命理分值直接锁定。,随着双方现实行为增加，这个判断可以升级或降级。,不得仅凭本规则推出双方一定公平、相爱、忠诚、长期稳定或适合结婚；不得把付出多少直接等同爱多少；不得以命理要求单方牺牲、立即回报、原谅、复合或继续关系。现实安全、同意、持续行为、反例与双方协商优先。,中,待验证,,exchange_state=XR02; provisional=true; rule_group=EXCHANGE-XR状态,0.4
M5-EXCHANGE-220,XR02 非对称但协商分工｜禁止人格化,L4 交换状态,EXCHANGE-XR状态,通用,边界,XR02,非对称但协商分工,输出XR状态。,现实存在剥削、控制或伤害时按事实说明。,由共享基础引擎、M3与M5-BASE提供；只修正用户怎样给予、请求、接收和回馈，不直接判断双方现实交换质量。,M2只说明进入关系所需资格证据；不能替代长期双向交换、负荷与修复验证。,M3-BASE、EXPR、CARE和BOUND提供用户自然互动通道；M5-EXCHANGE负责把两人的实际行为合成为交换结构。,无／按本规则指定的给予—请求—接收—反馈—重订路径路由。,近位、远位只修正该交换需求进入亲密关系核心的可能；不得据此判断具体伴侣现实中一定配合。,根气只修正用户交换需求和通道是否稳定重复，不等于双方已形成成熟互惠。,旺弱只修正通道调用强度、抢位或缺位风险，不直接等于交换公平或关系质量。,喜忌只修正调用顺畅度与摩擦，不可直接翻译为理想伴侣五行、十神或必然互补。,真合化成立时按化神功能重算用户交换需求；合化争议时停止细化交换通道。,近位提高该交换议题进入关系核心的可能；远位只保留背景或阶段性观察。,98,不加分；伦理边界,boundary_note,保持中性、具体、行为化。,这是交换结构的描述，不是给任何一方贴人格标签。,不得仅凭本规则推出双方一定公平、相爱、忠诚、长期稳定或适合结婚；不得把付出多少直接等同爱多少；不得以命理要求单方牺牲、立即回报、原谅、复合或继续关系。现实安全、同意、持续行为、反例与双方协商优先。,高,待验证,,exchange_state=XR02; provisional=true; rule_group=EXCHANGE-XR状态,0.4
M5-EXCHANGE-221,XR03 错峰但长期平衡｜正式定义,L4 交换状态,EXCHANGE-XR状态,通用,定义,XR03,错峰但长期平衡,XV4以上；ED06和ED09可靠，存在清楚回馈点。,PR0安全停止。,由共享基础引擎、M3与M5-BASE提供；只修正用户怎样给予、请求、接收和回馈，不直接判断双方现实交换质量。,M2只说明进入关系所需资格证据；不能替代长期双向交换、负荷与修复验证。,M3-BASE、EXPR、CARE和BOUND提供用户自然互动通道；M5-EXCHANGE负责把两人的实际行为合成为交换结构。,无／按本规则指定的给予—请求—接收—反馈—重订路径路由。,近位、远位只修正该交换需求进入亲密关系核心的可能；不得据此判断具体伴侣现实中一定配合。,根气只修正用户交换需求和通道是否稳定重复，不等于双方已形成成熟互惠。,旺弱只修正通道调用强度、抢位或缺位风险，不直接等于交换公平或关系质量。,喜忌只修正调用顺畅度与摩擦，不可直接翻译为理想伴侣五行、十神或必然互补。,真合化成立时按化神功能重算用户交换需求；合化争议时停止细化交换通道。,近位提高该交换议题进入关系核心的可能；远位只保留背景或阶段性观察。,94,不加分；状态定义,exchange_state,某阶段由一方承担更多，另一方在后续阶段或其他领域回馈。,当前可能不是同时等量，但双方知道怎样在之后完成回流。,不得仅凭本规则推出双方一定公平、相爱、忠诚、长期稳定或适合结婚；不得把付出多少直接等同爱多少；不得以命理要求单方牺牲、立即回报、原谅、复合或继续关系。现实安全、同意、持续行为、反例与双方协商优先。,高,待验证,,exchange_state=XR03; provisional=true; rule_group=EXCHANGE-XR状态,0.4
M5-EXCHANGE-222,XR03 错峰但长期平衡｜成立条件,L4 交换状态,EXCHANGE-XR状态,通用,门控,XR03,错峰但长期平衡,XV4以上；ED06和ED09可靠，存在清楚回馈点。,只有命盘结构、同源重复或一次事件。,由共享基础引擎、M3与M5-BASE提供；只修正用户怎样给予、请求、接收和回馈，不直接判断双方现实交换质量。,M2只说明进入关系所需资格证据；不能替代长期双向交换、负荷与修复验证。,M3-BASE、EXPR、CARE和BOUND提供用户自然互动通道；M5-EXCHANGE负责把两人的实际行为合成为交换结构。,无／按本规则指定的给予—请求—接收—反馈—重订路径路由。,近位、远位只修正该交换需求进入亲密关系核心的可能；不得据此判断具体伴侣现实中一定配合。,根气只修正用户交换需求和通道是否稳定重复，不等于双方已形成成熟互惠。,旺弱只修正通道调用强度、抢位或缺位风险，不直接等于交换公平或关系质量。,喜忌只修正调用顺畅度与摩擦，不可直接翻译为理想伴侣五行、十神或必然互补。,真合化成立时按化神功能重算用户交换需求；合化争议时停止细化交换通道。,近位提高该交换议题进入关系核心的可能；远位只保留背景或阶段性观察。,90,状态路由,exchange_state,错峰但长期平衡必须满足：XV4以上；ED06和ED09可靠，存在清楚回馈点。,判断到错峰但长期平衡，需要看到：XV4以上；ED06和ED09可靠，存在清楚回馈点。,不得仅凭本规则推出双方一定公平、相爱、忠诚、长期稳定或适合结婚；不得把付出多少直接等同爱多少；不得以命理要求单方牺牲、立即回报、原谅、复合或继续关系。现实安全、同意、持续行为、反例与双方协商优先。,中高,待验证,,exchange_state=XR03; provisional=true; rule_group=EXCHANGE-XR状态,0.4
M5-EXCHANGE-223,XR03 错峰但长期平衡｜报告处理,L4 交换状态,EXCHANGE-XR状态,通用,路由,XR03,错峰但长期平衡,XV4以上；ED06和ED09可靠，存在清楚回馈点。,资料与状态不一致。,由共享基础引擎、M3与M5-BASE提供；只修正用户怎样给予、请求、接收和回馈，不直接判断双方现实交换质量。,M2只说明进入关系所需资格证据；不能替代长期双向交换、负荷与修复验证。,M3-BASE、EXPR、CARE和BOUND提供用户自然互动通道；M5-EXCHANGE负责把两人的实际行为合成为交换结构。,无／按本规则指定的给予—请求—接收—反馈—重订路径路由。,近位、远位只修正该交换需求进入亲密关系核心的可能；不得据此判断具体伴侣现实中一定配合。,根气只修正用户交换需求和通道是否稳定重复，不等于双方已形成成熟互惠。,旺弱只修正通道调用强度、抢位或缺位风险，不直接等于交换公平或关系质量。,喜忌只修正调用顺畅度与摩擦，不可直接翻译为理想伴侣五行、十神或必然互补。,真合化成立时按化神功能重算用户交换需求；合化争议时停止细化交换通道。,近位提高该交换议题进入关系核心的可能；远位只保留背景或阶段性观察。,86,路由／降级,report_status,写明当前不对称、后续回流和现实条件。,当前可能不是同时等量，但双方知道怎样在之后完成回流。,不得仅凭本规则推出双方一定公平、相爱、忠诚、长期稳定或适合结婚；不得把付出多少直接等同爱多少；不得以命理要求单方牺牲、立即回报、原谅、复合或继续关系。现实安全、同意、持续行为、反例与双方协商优先。,中高,待验证,,exchange_state=XR03; provisional=true; rule_group=EXCHANGE-XR状态,0.4
M5-EXCHANGE-224,XR03 错峰但长期平衡｜升级与降级,L4 交换状态,EXCHANGE-XR状态,通用,证据,XR03,错峰但长期平衡,至少两类独立双人事件来源。,只因一方很会付出或双方十神相合。,由共享基础引擎、M3与M5-BASE提供；只修正用户怎样给予、请求、接收和回馈，不直接判断双方现实交换质量。,M2只说明进入关系所需资格证据；不能替代长期双向交换、负荷与修复验证。,M3-BASE、EXPR、CARE和BOUND提供用户自然互动通道；M5-EXCHANGE负责把两人的实际行为合成为交换结构。,无／按本规则指定的给予—请求—接收—反馈—重订路径路由。,近位、远位只修正该交换需求进入亲密关系核心的可能；不得据此判断具体伴侣现实中一定配合。,根气只修正用户交换需求和通道是否稳定重复，不等于双方已形成成熟互惠。,旺弱只修正通道调用强度、抢位或缺位风险，不直接等于交换公平或关系质量。,喜忌只修正调用顺畅度与摩擦，不可直接翻译为理想伴侣五行、十神或必然互补。,真合化成立时按化神功能重算用户交换需求；合化争议时停止细化交换通道。,近位提高该交换议题进入关系核心的可能；远位只保留背景或阶段性观察。,82,±8至±20,exchange_evidence_level,XR状态随现实交换证据变化，不由命理分值直接锁定。,随着双方现实行为增加，这个判断可以升级或降级。,不得仅凭本规则推出双方一定公平、相爱、忠诚、长期稳定或适合结婚；不得把付出多少直接等同爱多少；不得以命理要求单方牺牲、立即回报、原谅、复合或继续关系。现实安全、同意、持续行为、反例与双方协商优先。,中,待验证,,exchange_state=XR03; provisional=true; rule_group=EXCHANGE-XR状态,0.4
M5-EXCHANGE-225,XR03 错峰但长期平衡｜禁止人格化,L4 交换状态,EXCHANGE-XR状态,通用,边界,XR03,错峰但长期平衡,输出XR状态。,现实存在剥削、控制或伤害时按事实说明。,由共享基础引擎、M3与M5-BASE提供；只修正用户怎样给予、请求、接收和回馈，不直接判断双方现实交换质量。,M2只说明进入关系所需资格证据；不能替代长期双向交换、负荷与修复验证。,M3-BASE、EXPR、CARE和BOUND提供用户自然互动通道；M5-EXCHANGE负责把两人的实际行为合成为交换结构。,无／按本规则指定的给予—请求—接收—反馈—重订路径路由。,近位、远位只修正该交换需求进入亲密关系核心的可能；不得据此判断具体伴侣现实中一定配合。,根气只修正用户交换需求和通道是否稳定重复，不等于双方已形成成熟互惠。,旺弱只修正通道调用强度、抢位或缺位风险，不直接等于交换公平或关系质量。,喜忌只修正调用顺畅度与摩擦，不可直接翻译为理想伴侣五行、十神或必然互补。,真合化成立时按化神功能重算用户交换需求；合化争议时停止细化交换通道。,近位提高该交换议题进入关系核心的可能；远位只保留背景或阶段性观察。,98,不加分；伦理边界,boundary_note,保持中性、具体、行为化。,这是交换结构的描述，不是给任何一方贴人格标签。,不得仅凭本规则推出双方一定公平、相爱、忠诚、长期稳定或适合结婚；不得把付出多少直接等同爱多少；不得以命理要求单方牺牲、立即回报、原谅、复合或继续关系。现实安全、同意、持续行为、反例与双方协商优先。,高,待验证,,exchange_state=XR03; provisional=true; rule_group=EXCHANGE-XR状态,0.4
M5-EXCHANGE-226,XR04 条件性有效交换｜正式定义,L4 交换状态,EXCHANGE-XR状态,通用,定义,XR04,条件性有效交换,XV3以上；条件和失效点清楚。,PR0安全停止。,由共享基础引擎、M3与M5-BASE提供；只修正用户怎样给予、请求、接收和回馈，不直接判断双方现实交换质量。,M2只说明进入关系所需资格证据；不能替代长期双向交换、负荷与修复验证。,M3-BASE、EXPR、CARE和BOUND提供用户自然互动通道；M5-EXCHANGE负责把两人的实际行为合成为交换结构。,无／按本规则指定的给予—请求—接收—反馈—重订路径路由。,近位、远位只修正该交换需求进入亲密关系核心的可能；不得据此判断具体伴侣现实中一定配合。,根气只修正用户交换需求和通道是否稳定重复，不等于双方已形成成熟互惠。,旺弱只修正通道调用强度、抢位或缺位风险，不直接等于交换公平或关系质量。,喜忌只修正调用顺畅度与摩擦，不可直接翻译为理想伴侣五行、十神或必然互补。,真合化成立时按化神功能重算用户交换需求；合化争议时停止细化交换通道。,近位提高该交换议题进入关系核心的可能；远位只保留背景或阶段性观察。,94,不加分；状态定义,exchange_state,交换在特定资源、情境或规则下有效，条件变化时需重新验证。,这套交换在某些条件下运作良好，条件变化后仍需重新协商。,不得仅凭本规则推出双方一定公平、相爱、忠诚、长期稳定或适合结婚；不得把付出多少直接等同爱多少；不得以命理要求单方牺牲、立即回报、原谅、复合或继续关系。现实安全、同意、持续行为、反例与双方协商优先。,高,待验证,,exchange_state=XR04; provisional=true; rule_group=EXCHANGE-XR状态,0.4
M5-EXCHANGE-227,XR04 条件性有效交换｜成立条件,L4 交换状态,EXCHANGE-XR状态,通用,门控,XR04,条件性有效交换,XV3以上；条件和失效点清楚。,只有命盘结构、同源重复或一次事件。,由共享基础引擎、M3与M5-BASE提供；只修正用户怎样给予、请求、接收和回馈，不直接判断双方现实交换质量。,M2只说明进入关系所需资格证据；不能替代长期双向交换、负荷与修复验证。,M3-BASE、EXPR、CARE和BOUND提供用户自然互动通道；M5-EXCHANGE负责把两人的实际行为合成为交换结构。,无／按本规则指定的给予—请求—接收—反馈—重订路径路由。,近位、远位只修正该交换需求进入亲密关系核心的可能；不得据此判断具体伴侣现实中一定配合。,根气只修正用户交换需求和通道是否稳定重复，不等于双方已形成成熟互惠。,旺弱只修正通道调用强度、抢位或缺位风险，不直接等于交换公平或关系质量。,喜忌只修正调用顺畅度与摩擦，不可直接翻译为理想伴侣五行、十神或必然互补。,真合化成立时按化神功能重算用户交换需求；合化争议时停止细化交换通道。,近位提高该交换议题进入关系核心的可能；远位只保留背景或阶段性观察。,90,状态路由,exchange_state,条件性有效交换必须满足：XV3以上；条件和失效点清楚。,判断到条件性有效交换，需要看到：XV3以上；条件和失效点清楚。,不得仅凭本规则推出双方一定公平、相爱、忠诚、长期稳定或适合结婚；不得把付出多少直接等同爱多少；不得以命理要求单方牺牲、立即回报、原谅、复合或继续关系。现实安全、同意、持续行为、反例与双方协商优先。,中高,待验证,,exchange_state=XR04; provisional=true; rule_group=EXCHANGE-XR状态,0.4
M5-EXCHANGE-228,XR04 条件性有效交换｜报告处理,L4 交换状态,EXCHANGE-XR状态,通用,路由,XR04,条件性有效交换,XV3以上；条件和失效点清楚。,资料与状态不一致。,由共享基础引擎、M3与M5-BASE提供；只修正用户怎样给予、请求、接收和回馈，不直接判断双方现实交换质量。,M2只说明进入关系所需资格证据；不能替代长期双向交换、负荷与修复验证。,M3-BASE、EXPR、CARE和BOUND提供用户自然互动通道；M5-EXCHANGE负责把两人的实际行为合成为交换结构。,无／按本规则指定的给予—请求—接收—反馈—重订路径路由。,近位、远位只修正该交换需求进入亲密关系核心的可能；不得据此判断具体伴侣现实中一定配合。,根气只修正用户交换需求和通道是否稳定重复，不等于双方已形成成熟互惠。,旺弱只修正通道调用强度、抢位或缺位风险，不直接等于交换公平或关系质量。,喜忌只修正调用顺畅度与摩擦，不可直接翻译为理想伴侣五行、十神或必然互补。,真合化成立时按化神功能重算用户交换需求；合化争议时停止细化交换通道。,近位提高该交换议题进入关系核心的可能；远位只保留背景或阶段性观察。,86,路由／降级,report_status,必须写出何时有效、何时容易中断。,这套交换在某些条件下运作良好，条件变化后仍需重新协商。,不得仅凭本规则推出双方一定公平、相爱、忠诚、长期稳定或适合结婚；不得把付出多少直接等同爱多少；不得以命理要求单方牺牲、立即回报、原谅、复合或继续关系。现实安全、同意、持续行为、反例与双方协商优先。,中高,待验证,,exchange_state=XR04; provisional=true; rule_group=EXCHANGE-XR状态,0.4
M5-EXCHANGE-229,XR04 条件性有效交换｜升级与降级,L4 交换状态,EXCHANGE-XR状态,通用,证据,XR04,条件性有效交换,至少两类独立双人事件来源。,只因一方很会付出或双方十神相合。,由共享基础引擎、M3与M5-BASE提供；只修正用户怎样给予、请求、接收和回馈，不直接判断双方现实交换质量。,M2只说明进入关系所需资格证据；不能替代长期双向交换、负荷与修复验证。,M3-BASE、EXPR、CARE和BOUND提供用户自然互动通道；M5-EXCHANGE负责把两人的实际行为合成为交换结构。,无／按本规则指定的给予—请求—接收—反馈—重订路径路由。,近位、远位只修正该交换需求进入亲密关系核心的可能；不得据此判断具体伴侣现实中一定配合。,根气只修正用户交换需求和通道是否稳定重复，不等于双方已形成成熟互惠。,旺弱只修正通道调用强度、抢位或缺位风险，不直接等于交换公平或关系质量。,喜忌只修正调用顺畅度与摩擦，不可直接翻译为理想伴侣五行、十神或必然互补。,真合化成立时按化神功能重算用户交换需求；合化争议时停止细化交换通道。,近位提高该交换议题进入关系核心的可能；远位只保留背景或阶段性观察。,82,±8至±20,exchange_evidence_level,XR状态随现实交换证据变化，不由命理分值直接锁定。,随着双方现实行为增加，这个判断可以升级或降级。,不得仅凭本规则推出双方一定公平、相爱、忠诚、长期稳定或适合结婚；不得把付出多少直接等同爱多少；不得以命理要求单方牺牲、立即回报、原谅、复合或继续关系。现实安全、同意、持续行为、反例与双方协商优先。,中,待验证,,exchange_state=XR04; provisional=true; rule_group=EXCHANGE-XR状态,0.4
M5-EXCHANGE-230,XR04 条件性有效交换｜禁止人格化,L4 交换状态,EXCHANGE-XR状态,通用,边界,XR04,条件性有效交换,输出XR状态。,现实存在剥削、控制或伤害时按事实说明。,由共享基础引擎、M3与M5-BASE提供；只修正用户怎样给予、请求、接收和回馈，不直接判断双方现实交换质量。,M2只说明进入关系所需资格证据；不能替代长期双向交换、负荷与修复验证。,M3-BASE、EXPR、CARE和BOUND提供用户自然互动通道；M5-EXCHANGE负责把两人的实际行为合成为交换结构。,无／按本规则指定的给予—请求—接收—反馈—重订路径路由。,近位、远位只修正该交换需求进入亲密关系核心的可能；不得据此判断具体伴侣现实中一定配合。,根气只修正用户交换需求和通道是否稳定重复，不等于双方已形成成熟互惠。,旺弱只修正通道调用强度、抢位或缺位风险，不直接等于交换公平或关系质量。,喜忌只修正调用顺畅度与摩擦，不可直接翻译为理想伴侣五行、十神或必然互补。,真合化成立时按化神功能重算用户交换需求；合化争议时停止细化交换通道。,近位提高该交换议题进入关系核心的可能；远位只保留背景或阶段性观察。,98,不加分；伦理边界,boundary_note,保持中性、具体、行为化。,这是交换结构的描述，不是给任何一方贴人格标签。,不得仅凭本规则推出双方一定公平、相爱、忠诚、长期稳定或适合结婚；不得把付出多少直接等同爱多少；不得以命理要求单方牺牲、立即回报、原谅、复合或继续关系。现实安全、同意、持续行为、反例与双方协商优先。,高,待验证,,exchange_state=XR04; provisional=true; rule_group=EXCHANGE-XR状态,0.4
M5-EXCHANGE-231,XR05 单向可见候选｜正式定义,L4 交换状态,EXCHANGE-XR状态,通用,定义,XR05,单向可见候选,XV1—XV2；ED01未完成。,PR0安全停止。,由共享基础引擎、M3与M5-BASE提供；只修正用户怎样给予、请求、接收和回馈，不直接判断双方现实交换质量。,M2只说明进入关系所需资格证据；不能替代长期双向交换、负荷与修复验证。,M3-BASE、EXPR、CARE和BOUND提供用户自然互动通道；M5-EXCHANGE负责把两人的实际行为合成为交换结构。,无／按本规则指定的给予—请求—接收—反馈—重订路径路由。,近位、远位只修正该交换需求进入亲密关系核心的可能；不得据此判断具体伴侣现实中一定配合。,根气只修正用户交换需求和通道是否稳定重复，不等于双方已形成成熟互惠。,旺弱只修正通道调用强度、抢位或缺位风险，不直接等于交换公平或关系质量。,喜忌只修正调用顺畅度与摩擦，不可直接翻译为理想伴侣五行、十神或必然互补。,真合化成立时按化神功能重算用户交换需求；合化争议时停止细化交换通道。,近位提高该交换议题进入关系核心的可能；远位只保留背景或阶段性观察。,94,不加分；状态定义,exchange_state,现有资料只清楚看到一方的付出或回应，另一侧可能隐性、延迟或资料不足。,目前只容易看见一侧，先不要急着判断另一方完全没有投入。,不得仅凭本规则推出双方一定公平、相爱、忠诚、长期稳定或适合结婚；不得把付出多少直接等同爱多少；不得以命理要求单方牺牲、立即回报、原谅、复合或继续关系。现实安全、同意、持续行为、反例与双方协商优先。,高,待验证,,exchange_state=XR05; provisional=true; rule_group=EXCHANGE-XR状态,0.4
M5-EXCHANGE-232,XR05 单向可见候选｜成立条件,L4 交换状态,EXCHANGE-XR状态,通用,门控,XR05,单向可见候选,XV1—XV2；ED01未完成。,只有命盘结构、同源重复或一次事件。,由共享基础引擎、M3与M5-BASE提供；只修正用户怎样给予、请求、接收和回馈，不直接判断双方现实交换质量。,M2只说明进入关系所需资格证据；不能替代长期双向交换、负荷与修复验证。,M3-BASE、EXPR、CARE和BOUND提供用户自然互动通道；M5-EXCHANGE负责把两人的实际行为合成为交换结构。,无／按本规则指定的给予—请求—接收—反馈—重订路径路由。,近位、远位只修正该交换需求进入亲密关系核心的可能；不得据此判断具体伴侣现实中一定配合。,根气只修正用户交换需求和通道是否稳定重复，不等于双方已形成成熟互惠。,旺弱只修正通道调用强度、抢位或缺位风险，不直接等于交换公平或关系质量。,喜忌只修正调用顺畅度与摩擦，不可直接翻译为理想伴侣五行、十神或必然互补。,真合化成立时按化神功能重算用户交换需求；合化争议时停止细化交换通道。,近位提高该交换议题进入关系核心的可能；远位只保留背景或阶段性观察。,90,状态路由,exchange_state,单向可见候选必须满足：XV1—XV2；ED01未完成。,判断到单向可见候选，需要看到：XV1—XV2；ED01未完成。,不得仅凭本规则推出双方一定公平、相爱、忠诚、长期稳定或适合结婚；不得把付出多少直接等同爱多少；不得以命理要求单方牺牲、立即回报、原谅、复合或继续关系。现实安全、同意、持续行为、反例与双方协商优先。,中高,待验证,,exchange_state=XR05; provisional=true; rule_group=EXCHANGE-XR状态,0.4
M5-EXCHANGE-233,XR05 单向可见候选｜报告处理,L4 交换状态,EXCHANGE-XR状态,通用,路由,XR05,单向可见候选,XV1—XV2；ED01未完成。,资料与状态不一致。,由共享基础引擎、M3与M5-BASE提供；只修正用户怎样给予、请求、接收和回馈，不直接判断双方现实交换质量。,M2只说明进入关系所需资格证据；不能替代长期双向交换、负荷与修复验证。,M3-BASE、EXPR、CARE和BOUND提供用户自然互动通道；M5-EXCHANGE负责把两人的实际行为合成为交换结构。,无／按本规则指定的给予—请求—接收—反馈—重订路径路由。,近位、远位只修正该交换需求进入亲密关系核心的可能；不得据此判断具体伴侣现实中一定配合。,根气只修正用户交换需求和通道是否稳定重复，不等于双方已形成成熟互惠。,旺弱只修正通道调用强度、抢位或缺位风险，不直接等于交换公平或关系质量。,喜忌只修正调用顺畅度与摩擦，不可直接翻译为理想伴侣五行、十神或必然互补。,真合化成立时按化神功能重算用户交换需求；合化争议时停止细化交换通道。,近位提高该交换议题进入关系核心的可能；远位只保留背景或阶段性观察。,86,路由／降级,report_status,不能直接写单向关系；先扩展领域和时序资料。,目前只容易看见一侧，先不要急着判断另一方完全没有投入。,不得仅凭本规则推出双方一定公平、相爱、忠诚、长期稳定或适合结婚；不得把付出多少直接等同爱多少；不得以命理要求单方牺牲、立即回报、原谅、复合或继续关系。现实安全、同意、持续行为、反例与双方协商优先。,中高,待验证,,exchange_state=XR05; provisional=true; rule_group=EXCHANGE-XR状态,0.4
M5-EXCHANGE-234,XR05 单向可见候选｜升级与降级,L4 交换状态,EXCHANGE-XR状态,通用,证据,XR05,单向可见候选,至少两类独立双人事件来源。,只因一方很会付出或双方十神相合。,由共享基础引擎、M3与M5-BASE提供；只修正用户怎样给予、请求、接收和回馈，不直接判断双方现实交换质量。,M2只说明进入关系所需资格证据；不能替代长期双向交换、负荷与修复验证。,M3-BASE、EXPR、CARE和BOUND提供用户自然互动通道；M5-EXCHANGE负责把两人的实际行为合成为交换结构。,无／按本规则指定的给予—请求—接收—反馈—重订路径路由。,近位、远位只修正该交换需求进入亲密关系核心的可能；不得据此判断具体伴侣现实中一定配合。,根气只修正用户交换需求和通道是否稳定重复，不等于双方已形成成熟互惠。,旺弱只修正通道调用强度、抢位或缺位风险，不直接等于交换公平或关系质量。,喜忌只修正调用顺畅度与摩擦，不可直接翻译为理想伴侣五行、十神或必然互补。,真合化成立时按化神功能重算用户交换需求；合化争议时停止细化交换通道。,近位提高该交换议题进入关系核心的可能；远位只保留背景或阶段性观察。,82,±8至±20,exchange_evidence_level,XR状态随现实交换证据变化，不由命理分值直接锁定。,随着双方现实行为增加，这个判断可以升级或降级。,不得仅凭本规则推出双方一定公平、相爱、忠诚、长期稳定或适合结婚；不得把付出多少直接等同爱多少；不得以命理要求单方牺牲、立即回报、原谅、复合或继续关系。现实安全、同意、持续行为、反例与双方协商优先。,中,待验证,,exchange_state=XR05; provisional=true; rule_group=EXCHANGE-XR状态,0.4
M5-EXCHANGE-235,XR05 单向可见候选｜禁止人格化,L4 交换状态,EXCHANGE-XR状态,通用,边界,XR05,单向可见候选,输出XR状态。,现实存在剥削、控制或伤害时按事实说明。,由共享基础引擎、M3与M5-BASE提供；只修正用户怎样给予、请求、接收和回馈，不直接判断双方现实交换质量。,M2只说明进入关系所需资格证据；不能替代长期双向交换、负荷与修复验证。,M3-BASE、EXPR、CARE和BOUND提供用户自然互动通道；M5-EXCHANGE负责把两人的实际行为合成为交换结构。,无／按本规则指定的给予—请求—接收—反馈—重订路径路由。,近位、远位只修正该交换需求进入亲密关系核心的可能；不得据此判断具体伴侣现实中一定配合。,根气只修正用户交换需求和通道是否稳定重复，不等于双方已形成成熟互惠。,旺弱只修正通道调用强度、抢位或缺位风险，不直接等于交换公平或关系质量。,喜忌只修正调用顺畅度与摩擦，不可直接翻译为理想伴侣五行、十神或必然互补。,真合化成立时按化神功能重算用户交换需求；合化争议时停止细化交换通道。,近位提高该交换议题进入关系核心的可能；远位只保留背景或阶段性观察。,98,不加分；伦理边界,boundary_note,保持中性、具体、行为化。,这是交换结构的描述，不是给任何一方贴人格标签。,不得仅凭本规则推出双方一定公平、相爱、忠诚、长期稳定或适合结婚；不得把付出多少直接等同爱多少；不得以命理要求单方牺牲、立即回报、原谅、复合或继续关系。现实安全、同意、持续行为、反例与双方协商优先。,高,待验证,,exchange_state=XR05; provisional=true; rule_group=EXCHANGE-XR状态,0.4
M5-EXCHANGE-236,XR06 补偿替代候选｜正式定义,L4 交换状态,EXCHANGE-XR状态,通用,定义,XR06,补偿替代候选,M4 K03/K06或EB09现实成立。,PR0安全停止。,由共享基础引擎、M3与M5-BASE提供；只修正用户怎样给予、请求、接收和回馈，不直接判断双方现实交换质量。,M2只说明进入关系所需资格证据；不能替代长期双向交换、负荷与修复验证。,M3-BASE、EXPR、CARE和BOUND提供用户自然互动通道；M5-EXCHANGE负责把两人的实际行为合成为交换结构。,无／按本规则指定的给予—请求—接收—反馈—重订路径路由。,近位、远位只修正该交换需求进入亲密关系核心的可能；不得据此判断具体伴侣现实中一定配合。,根气只修正用户交换需求和通道是否稳定重复，不等于双方已形成成熟互惠。,旺弱只修正通道调用强度、抢位或缺位风险，不直接等于交换公平或关系质量。,喜忌只修正调用顺畅度与摩擦，不可直接翻译为理想伴侣五行、十神或必然互补。,真合化成立时按化神功能重算用户交换需求；合化争议时停止细化交换通道。,近位提高该交换议题进入关系核心的可能；远位只保留背景或阶段性观察。,94,不加分；状态定义,exchange_state,一类贡献被用来补偿另一类缺位，例如金钱替代情绪、解决问题替代倾听。,对方可能确实有投入，但这项投入未必回应了真正缺少的那一部分。,不得仅凭本规则推出双方一定公平、相爱、忠诚、长期稳定或适合结婚；不得把付出多少直接等同爱多少；不得以命理要求单方牺牲、立即回报、原谅、复合或继续关系。现实安全、同意、持续行为、反例与双方协商优先。,高,待验证,,exchange_state=XR06; provisional=true; rule_group=EXCHANGE-XR状态,0.4
M5-EXCHANGE-237,XR06 补偿替代候选｜成立条件,L4 交换状态,EXCHANGE-XR状态,通用,门控,XR06,补偿替代候选,M4 K03/K06或EB09现实成立。,只有命盘结构、同源重复或一次事件。,由共享基础引擎、M3与M5-BASE提供；只修正用户怎样给予、请求、接收和回馈，不直接判断双方现实交换质量。,M2只说明进入关系所需资格证据；不能替代长期双向交换、负荷与修复验证。,M3-BASE、EXPR、CARE和BOUND提供用户自然互动通道；M5-EXCHANGE负责把两人的实际行为合成为交换结构。,无／按本规则指定的给予—请求—接收—反馈—重订路径路由。,近位、远位只修正该交换需求进入亲密关系核心的可能；不得据此判断具体伴侣现实中一定配合。,根气只修正用户交换需求和通道是否稳定重复，不等于双方已形成成熟互惠。,旺弱只修正通道调用强度、抢位或缺位风险，不直接等于交换公平或关系质量。,喜忌只修正调用顺畅度与摩擦，不可直接翻译为理想伴侣五行、十神或必然互补。,真合化成立时按化神功能重算用户交换需求；合化争议时停止细化交换通道。,近位提高该交换议题进入关系核心的可能；远位只保留背景或阶段性观察。,90,状态路由,exchange_state,补偿替代候选必须满足：M4 K03/K06或EB09现实成立。,判断到补偿替代候选，需要看到：M4 K03/K06或EB09现实成立。,不得仅凭本规则推出双方一定公平、相爱、忠诚、长期稳定或适合结婚；不得把付出多少直接等同爱多少；不得以命理要求单方牺牲、立即回报、原谅、复合或继续关系。现实安全、同意、持续行为、反例与双方协商优先。,中高,待验证,,exchange_state=XR06; provisional=true; rule_group=EXCHANGE-XR状态,0.4
M5-EXCHANGE-238,XR06 补偿替代候选｜报告处理,L4 交换状态,EXCHANGE-XR状态,通用,路由,XR06,补偿替代候选,M4 K03/K06或EB09现实成立。,资料与状态不一致。,由共享基础引擎、M3与M5-BASE提供；只修正用户怎样给予、请求、接收和回馈，不直接判断双方现实交换质量。,M2只说明进入关系所需资格证据；不能替代长期双向交换、负荷与修复验证。,M3-BASE、EXPR、CARE和BOUND提供用户自然互动通道；M5-EXCHANGE负责把两人的实际行为合成为交换结构。,无／按本规则指定的给予—请求—接收—反馈—重订路径路由。,近位、远位只修正该交换需求进入亲密关系核心的可能；不得据此判断具体伴侣现实中一定配合。,根气只修正用户交换需求和通道是否稳定重复，不等于双方已形成成熟互惠。,旺弱只修正通道调用强度、抢位或缺位风险，不直接等于交换公平或关系质量。,喜忌只修正调用顺畅度与摩擦，不可直接翻译为理想伴侣五行、十神或必然互补。,真合化成立时按化神功能重算用户交换需求；合化争议时停止细化交换通道。,近位提高该交换议题进入关系核心的可能；远位只保留背景或阶段性观察。,86,路由／降级,report_status,分别记录被提供的功能和仍缺失的功能。,对方可能确实有投入，但这项投入未必回应了真正缺少的那一部分。,不得仅凭本规则推出双方一定公平、相爱、忠诚、长期稳定或适合结婚；不得把付出多少直接等同爱多少；不得以命理要求单方牺牲、立即回报、原谅、复合或继续关系。现实安全、同意、持续行为、反例与双方协商优先。,中高,待验证,,exchange_state=XR06; provisional=true; rule_group=EXCHANGE-XR状态,0.4
M5-EXCHANGE-239,XR06 补偿替代候选｜升级与降级,L4 交换状态,EXCHANGE-XR状态,通用,证据,XR06,补偿替代候选,至少两类独立双人事件来源。,只因一方很会付出或双方十神相合。,由共享基础引擎、M3与M5-BASE提供；只修正用户怎样给予、请求、接收和回馈，不直接判断双方现实交换质量。,M2只说明进入关系所需资格证据；不能替代长期双向交换、负荷与修复验证。,M3-BASE、EXPR、CARE和BOUND提供用户自然互动通道；M5-EXCHANGE负责把两人的实际行为合成为交换结构。,无／按本规则指定的给予—请求—接收—反馈—重订路径路由。,近位、远位只修正该交换需求进入亲密关系核心的可能；不得据此判断具体伴侣现实中一定配合。,根气只修正用户交换需求和通道是否稳定重复，不等于双方已形成成熟互惠。,旺弱只修正通道调用强度、抢位或缺位风险，不直接等于交换公平或关系质量。,喜忌只修正调用顺畅度与摩擦，不可直接翻译为理想伴侣五行、十神或必然互补。,真合化成立时按化神功能重算用户交换需求；合化争议时停止细化交换通道。,近位提高该交换议题进入关系核心的可能；远位只保留背景或阶段性观察。,82,±8至±20,exchange_evidence_level,XR状态随现实交换证据变化，不由命理分值直接锁定。,随着双方现实行为增加，这个判断可以升级或降级。,不得仅凭本规则推出双方一定公平、相爱、忠诚、长期稳定或适合结婚；不得把付出多少直接等同爱多少；不得以命理要求单方牺牲、立即回报、原谅、复合或继续关系。现实安全、同意、持续行为、反例与双方协商优先。,中,待验证,,exchange_state=XR06; provisional=true; rule_group=EXCHANGE-XR状态,0.4
M5-EXCHANGE-240,XR06 补偿替代候选｜禁止人格化,L4 交换状态,EXCHANGE-XR状态,通用,边界,XR06,补偿替代候选,输出XR状态。,现实存在剥削、控制或伤害时按事实说明。,由共享基础引擎、M3与M5-BASE提供；只修正用户怎样给予、请求、接收和回馈，不直接判断双方现实交换质量。,M2只说明进入关系所需资格证据；不能替代长期双向交换、负荷与修复验证。,M3-BASE、EXPR、CARE和BOUND提供用户自然互动通道；M5-EXCHANGE负责把两人的实际行为合成为交换结构。,无／按本规则指定的给予—请求—接收—反馈—重订路径路由。,近位、远位只修正该交换需求进入亲密关系核心的可能；不得据此判断具体伴侣现实中一定配合。,根气只修正用户交换需求和通道是否稳定重复，不等于双方已形成成熟互惠。,旺弱只修正通道调用强度、抢位或缺位风险，不直接等于交换公平或关系质量。,喜忌只修正调用顺畅度与摩擦，不可直接翻译为理想伴侣五行、十神或必然互补。,真合化成立时按化神功能重算用户交换需求；合化争议时停止细化交换通道。,近位提高该交换议题进入关系核心的可能；远位只保留背景或阶段性观察。,98,不加分；伦理边界,boundary_note,保持中性、具体、行为化。,这是交换结构的描述，不是给任何一方贴人格标签。,不得仅凭本规则推出双方一定公平、相爱、忠诚、长期稳定或适合结婚；不得把付出多少直接等同爱多少；不得以命理要求单方牺牲、立即回报、原谅、复合或继续关系。现实安全、同意、持续行为、反例与双方协商优先。,高,待验证,,exchange_state=XR06; provisional=true; rule_group=EXCHANGE-XR状态,0.4
M5-EXCHANGE-241,XR07 长期单方负荷候选｜正式定义,L4 交换状态,EXCHANGE-XR状态,通用,定义,XR07,长期单方负荷候选,XV4以上；ED02、ED07、ED09至少两项失败，现实反例支持。,PR0安全停止。,由共享基础引擎、M3与M5-BASE提供；只修正用户怎样给予、请求、接收和回馈，不直接判断双方现实交换质量。,M2只说明进入关系所需资格证据；不能替代长期双向交换、负荷与修复验证。,M3-BASE、EXPR、CARE和BOUND提供用户自然互动通道；M5-EXCHANGE负责把两人的实际行为合成为交换结构。,无／按本规则指定的给予—请求—接收—反馈—重订路径路由。,近位、远位只修正该交换需求进入亲密关系核心的可能；不得据此判断具体伴侣现实中一定配合。,根气只修正用户交换需求和通道是否稳定重复，不等于双方已形成成熟互惠。,旺弱只修正通道调用强度、抢位或缺位风险，不直接等于交换公平或关系质量。,喜忌只修正调用顺畅度与摩擦，不可直接翻译为理想伴侣五行、十神或必然互补。,真合化成立时按化神功能重算用户交换需求；合化争议时停止细化交换通道。,近位提高该交换议题进入关系核心的可能；远位只保留背景或阶段性观察。,94,不加分；状态定义,exchange_state,一方长期承担主要劳动、情绪、资源、责任或修复，提出调整后仍无回流。,需要认真检查是否长期由一方承担，而调整和回馈始终没有进入。,不得仅凭本规则推出双方一定公平、相爱、忠诚、长期稳定或适合结婚；不得把付出多少直接等同爱多少；不得以命理要求单方牺牲、立即回报、原谅、复合或继续关系。现实安全、同意、持续行为、反例与双方协商优先。,高,待验证,,exchange_state=XR07; provisional=true; rule_group=EXCHANGE-XR状态,0.4
M5-EXCHANGE-242,XR07 长期单方负荷候选｜成立条件,L4 交换状态,EXCHANGE-XR状态,通用,门控,XR07,长期单方负荷候选,XV4以上；ED02、ED07、ED09至少两项失败，现实反例支持。,只有命盘结构、同源重复或一次事件。,由共享基础引擎、M3与M5-BASE提供；只修正用户怎样给予、请求、接收和回馈，不直接判断双方现实交换质量。,M2只说明进入关系所需资格证据；不能替代长期双向交换、负荷与修复验证。,M3-BASE、EXPR、CARE和BOUND提供用户自然互动通道；M5-EXCHANGE负责把两人的实际行为合成为交换结构。,无／按本规则指定的给予—请求—接收—反馈—重订路径路由。,近位、远位只修正该交换需求进入亲密关系核心的可能；不得据此判断具体伴侣现实中一定配合。,根气只修正用户交换需求和通道是否稳定重复，不等于双方已形成成熟互惠。,旺弱只修正通道调用强度、抢位或缺位风险，不直接等于交换公平或关系质量。,喜忌只修正调用顺畅度与摩擦，不可直接翻译为理想伴侣五行、十神或必然互补。,真合化成立时按化神功能重算用户交换需求；合化争议时停止细化交换通道。,近位提高该交换议题进入关系核心的可能；远位只保留背景或阶段性观察。,90,状态路由,exchange_state,长期单方负荷候选必须满足：XV4以上；ED02、ED07、ED09至少两项失败，现实反例支持。,判断到长期单方负荷候选，需要看到：XV4以上；ED02、ED07、ED09至少两项失败，现实反例支持。,不得仅凭本规则推出双方一定公平、相爱、忠诚、长期稳定或适合结婚；不得把付出多少直接等同爱多少；不得以命理要求单方牺牲、立即回报、原谅、复合或继续关系。现实安全、同意、持续行为、反例与双方协商优先。,中高,待验证,,exchange_state=XR07; provisional=true; rule_group=EXCHANGE-XR状态,0.4
M5-EXCHANGE-243,XR07 长期单方负荷候选｜报告处理,L4 交换状态,EXCHANGE-XR状态,通用,路由,XR07,长期单方负荷候选,XV4以上；ED02、ED07、ED09至少两项失败，现实反例支持。,资料与状态不一致。,由共享基础引擎、M3与M5-BASE提供；只修正用户怎样给予、请求、接收和回馈，不直接判断双方现实交换质量。,M2只说明进入关系所需资格证据；不能替代长期双向交换、负荷与修复验证。,M3-BASE、EXPR、CARE和BOUND提供用户自然互动通道；M5-EXCHANGE负责把两人的实际行为合成为交换结构。,无／按本规则指定的给予—请求—接收—反馈—重订路径路由。,近位、远位只修正该交换需求进入亲密关系核心的可能；不得据此判断具体伴侣现实中一定配合。,根气只修正用户交换需求和通道是否稳定重复，不等于双方已形成成熟互惠。,旺弱只修正通道调用强度、抢位或缺位风险，不直接等于交换公平或关系质量。,喜忌只修正调用顺畅度与摩擦，不可直接翻译为理想伴侣五行、十神或必然互补。,真合化成立时按化神功能重算用户交换需求；合化争议时停止细化交换通道。,近位提高该交换议题进入关系核心的可能；远位只保留背景或阶段性观察。,86,路由／降级,report_status,可发布结构候选；安全和权力问题优先。,需要认真检查是否长期由一方承担，而调整和回馈始终没有进入。,不得仅凭本规则推出双方一定公平、相爱、忠诚、长期稳定或适合结婚；不得把付出多少直接等同爱多少；不得以命理要求单方牺牲、立即回报、原谅、复合或继续关系。现实安全、同意、持续行为、反例与双方协商优先。,中高,待验证,,exchange_state=XR07; provisional=true; rule_group=EXCHANGE-XR状态,0.4
M5-EXCHANGE-244,XR07 长期单方负荷候选｜升级与降级,L4 交换状态,EXCHANGE-XR状态,通用,证据,XR07,长期单方负荷候选,至少两类独立双人事件来源。,只因一方很会付出或双方十神相合。,由共享基础引擎、M3与M5-BASE提供；只修正用户怎样给予、请求、接收和回馈，不直接判断双方现实交换质量。,M2只说明进入关系所需资格证据；不能替代长期双向交换、负荷与修复验证。,M3-BASE、EXPR、CARE和BOUND提供用户自然互动通道；M5-EXCHANGE负责把两人的实际行为合成为交换结构。,无／按本规则指定的给予—请求—接收—反馈—重订路径路由。,近位、远位只修正该交换需求进入亲密关系核心的可能；不得据此判断具体伴侣现实中一定配合。,根气只修正用户交换需求和通道是否稳定重复，不等于双方已形成成熟互惠。,旺弱只修正通道调用强度、抢位或缺位风险，不直接等于交换公平或关系质量。,喜忌只修正调用顺畅度与摩擦，不可直接翻译为理想伴侣五行、十神或必然互补。,真合化成立时按化神功能重算用户交换需求；合化争议时停止细化交换通道。,近位提高该交换议题进入关系核心的可能；远位只保留背景或阶段性观察。,82,±8至±20,exchange_evidence_level,XR状态随现实交换证据变化，不由命理分值直接锁定。,随着双方现实行为增加，这个判断可以升级或降级。,不得仅凭本规则推出双方一定公平、相爱、忠诚、长期稳定或适合结婚；不得把付出多少直接等同爱多少；不得以命理要求单方牺牲、立即回报、原谅、复合或继续关系。现实安全、同意、持续行为、反例与双方协商优先。,中,待验证,,exchange_state=XR07; provisional=true; rule_group=EXCHANGE-XR状态,0.4
M5-EXCHANGE-245,XR07 长期单方负荷候选｜禁止人格化,L4 交换状态,EXCHANGE-XR状态,通用,边界,XR07,长期单方负荷候选,输出XR状态。,现实存在剥削、控制或伤害时按事实说明。,由共享基础引擎、M3与M5-BASE提供；只修正用户怎样给予、请求、接收和回馈，不直接判断双方现实交换质量。,M2只说明进入关系所需资格证据；不能替代长期双向交换、负荷与修复验证。,M3-BASE、EXPR、CARE和BOUND提供用户自然互动通道；M5-EXCHANGE负责把两人的实际行为合成为交换结构。,无／按本规则指定的给予—请求—接收—反馈—重订路径路由。,近位、远位只修正该交换需求进入亲密关系核心的可能；不得据此判断具体伴侣现实中一定配合。,根气只修正用户交换需求和通道是否稳定重复，不等于双方已形成成熟互惠。,旺弱只修正通道调用强度、抢位或缺位风险，不直接等于交换公平或关系质量。,喜忌只修正调用顺畅度与摩擦，不可直接翻译为理想伴侣五行、十神或必然互补。,真合化成立时按化神功能重算用户交换需求；合化争议时停止细化交换通道。,近位提高该交换议题进入关系核心的可能；远位只保留背景或阶段性观察。,98,不加分；伦理边界,boundary_note,保持中性、具体、行为化。,这是交换结构的描述，不是给任何一方贴人格标签。,不得仅凭本规则推出双方一定公平、相爱、忠诚、长期稳定或适合结婚；不得把付出多少直接等同爱多少；不得以命理要求单方牺牲、立即回报、原谅、复合或继续关系。现实安全、同意、持续行为、反例与双方协商优先。,高,待验证,,exchange_state=XR07; provisional=true; rule_group=EXCHANGE-XR状态,0.4
M5-EXCHANGE-246,XR08 交换未定／停止｜正式定义,L4 交换状态,EXCHANGE-XR状态,通用,定义,XR08,交换未定／停止,XV0—XV1或PR0停止。,PR0安全停止。,由共享基础引擎、M3与M5-BASE提供；只修正用户怎样给予、请求、接收和回馈，不直接判断双方现实交换质量。,M2只说明进入关系所需资格证据；不能替代长期双向交换、负荷与修复验证。,M3-BASE、EXPR、CARE和BOUND提供用户自然互动通道；M5-EXCHANGE负责把两人的实际行为合成为交换结构。,无／按本规则指定的给予—请求—接收—反馈—重订路径路由。,近位、远位只修正该交换需求进入亲密关系核心的可能；不得据此判断具体伴侣现实中一定配合。,根气只修正用户交换需求和通道是否稳定重复，不等于双方已形成成熟互惠。,旺弱只修正通道调用强度、抢位或缺位风险，不直接等于交换公平或关系质量。,喜忌只修正调用顺畅度与摩擦，不可直接翻译为理想伴侣五行、十神或必然互补。,真合化成立时按化神功能重算用户交换需求；合化争议时停止细化交换通道。,近位提高该交换议题进入关系核心的可能；远位只保留背景或阶段性观察。,94,不加分；状态定义,exchange_state,资料不足、相互矛盾、合化争议或存在安全门控。,目前还不能判断交换是否平衡，先补充双方实际行为和安全信息。,不得仅凭本规则推出双方一定公平、相爱、忠诚、长期稳定或适合结婚；不得把付出多少直接等同爱多少；不得以命理要求单方牺牲、立即回报、原谅、复合或继续关系。现实安全、同意、持续行为、反例与双方协商优先。,高,待验证,,exchange_state=XR08; provisional=true; rule_group=EXCHANGE-XR状态,0.4
M5-EXCHANGE-247,XR08 交换未定／停止｜成立条件,L4 交换状态,EXCHANGE-XR状态,通用,门控,XR08,交换未定／停止,XV0—XV1或PR0停止。,只有命盘结构、同源重复或一次事件。,由共享基础引擎、M3与M5-BASE提供；只修正用户怎样给予、请求、接收和回馈，不直接判断双方现实交换质量。,M2只说明进入关系所需资格证据；不能替代长期双向交换、负荷与修复验证。,M3-BASE、EXPR、CARE和BOUND提供用户自然互动通道；M5-EXCHANGE负责把两人的实际行为合成为交换结构。,无／按本规则指定的给予—请求—接收—反馈—重订路径路由。,近位、远位只修正该交换需求进入亲密关系核心的可能；不得据此判断具体伴侣现实中一定配合。,根气只修正用户交换需求和通道是否稳定重复，不等于双方已形成成熟互惠。,旺弱只修正通道调用强度、抢位或缺位风险，不直接等于交换公平或关系质量。,喜忌只修正调用顺畅度与摩擦，不可直接翻译为理想伴侣五行、十神或必然互补。,真合化成立时按化神功能重算用户交换需求；合化争议时停止细化交换通道。,近位提高该交换议题进入关系核心的可能；远位只保留背景或阶段性观察。,90,状态路由,exchange_state,交换未定／停止必须满足：XV0—XV1或PR0停止。,判断到交换未定／停止，需要看到：XV0—XV1或PR0停止。,不得仅凭本规则推出双方一定公平、相爱、忠诚、长期稳定或适合结婚；不得把付出多少直接等同爱多少；不得以命理要求单方牺牲、立即回报、原谅、复合或继续关系。现实安全、同意、持续行为、反例与双方协商优先。,中高,待验证,,exchange_state=XR08; provisional=true; rule_group=EXCHANGE-XR状态,0.4
M5-EXCHANGE-248,XR08 交换未定／停止｜报告处理,L4 交换状态,EXCHANGE-XR状态,通用,路由,XR08,交换未定／停止,XV0—XV1或PR0停止。,资料与状态不一致。,由共享基础引擎、M3与M5-BASE提供；只修正用户怎样给予、请求、接收和回馈，不直接判断双方现实交换质量。,M2只说明进入关系所需资格证据；不能替代长期双向交换、负荷与修复验证。,M3-BASE、EXPR、CARE和BOUND提供用户自然互动通道；M5-EXCHANGE负责把两人的实际行为合成为交换结构。,无／按本规则指定的给予—请求—接收—反馈—重订路径路由。,近位、远位只修正该交换需求进入亲密关系核心的可能；不得据此判断具体伴侣现实中一定配合。,根气只修正用户交换需求和通道是否稳定重复，不等于双方已形成成熟互惠。,旺弱只修正通道调用强度、抢位或缺位风险，不直接等于交换公平或关系质量。,喜忌只修正调用顺畅度与摩擦，不可直接翻译为理想伴侣五行、十神或必然互补。,真合化成立时按化神功能重算用户交换需求；合化争议时停止细化交换通道。,近位提高该交换议题进入关系核心的可能；远位只保留背景或阶段性观察。,86,路由／降级,report_status,只输出需要补充的资料与观察计划。,目前还不能判断交换是否平衡，先补充双方实际行为和安全信息。,不得仅凭本规则推出双方一定公平、相爱、忠诚、长期稳定或适合结婚；不得把付出多少直接等同爱多少；不得以命理要求单方牺牲、立即回报、原谅、复合或继续关系。现实安全、同意、持续行为、反例与双方协商优先。,中高,待验证,,exchange_state=XR08; provisional=true; rule_group=EXCHANGE-XR状态,0.4
M5-EXCHANGE-249,XR08 交换未定／停止｜升级与降级,L4 交换状态,EXCHANGE-XR状态,通用,证据,XR08,交换未定／停止,至少两类独立双人事件来源。,只因一方很会付出或双方十神相合。,由共享基础引擎、M3与M5-BASE提供；只修正用户怎样给予、请求、接收和回馈，不直接判断双方现实交换质量。,M2只说明进入关系所需资格证据；不能替代长期双向交换、负荷与修复验证。,M3-BASE、EXPR、CARE和BOUND提供用户自然互动通道；M5-EXCHANGE负责把两人的实际行为合成为交换结构。,无／按本规则指定的给予—请求—接收—反馈—重订路径路由。,近位、远位只修正该交换需求进入亲密关系核心的可能；不得据此判断具体伴侣现实中一定配合。,根气只修正用户交换需求和通道是否稳定重复，不等于双方已形成成熟互惠。,旺弱只修正通道调用强度、抢位或缺位风险，不直接等于交换公平或关系质量。,喜忌只修正调用顺畅度与摩擦，不可直接翻译为理想伴侣五行、十神或必然互补。,真合化成立时按化神功能重算用户交换需求；合化争议时停止细化交换通道。,近位提高该交换议题进入关系核心的可能；远位只保留背景或阶段性观察。,82,±8至±20,exchange_evidence_level,XR状态随现实交换证据变化，不由命理分值直接锁定。,随着双方现实行为增加，这个判断可以升级或降级。,不得仅凭本规则推出双方一定公平、相爱、忠诚、长期稳定或适合结婚；不得把付出多少直接等同爱多少；不得以命理要求单方牺牲、立即回报、原谅、复合或继续关系。现实安全、同意、持续行为、反例与双方协商优先。,中,待验证,,exchange_state=XR08; provisional=true; rule_group=EXCHANGE-XR状态,0.4
M5-EXCHANGE-250,XR08 交换未定／停止｜禁止人格化,L4 交换状态,EXCHANGE-XR状态,通用,边界,XR08,交换未定／停止,输出XR状态。,现实存在剥削、控制或伤害时按事实说明。,由共享基础引擎、M3与M5-BASE提供；只修正用户怎样给予、请求、接收和回馈，不直接判断双方现实交换质量。,M2只说明进入关系所需资格证据；不能替代长期双向交换、负荷与修复验证。,M3-BASE、EXPR、CARE和BOUND提供用户自然互动通道；M5-EXCHANGE负责把两人的实际行为合成为交换结构。,无／按本规则指定的给予—请求—接收—反馈—重订路径路由。,近位、远位只修正该交换需求进入亲密关系核心的可能；不得据此判断具体伴侣现实中一定配合。,根气只修正用户交换需求和通道是否稳定重复，不等于双方已形成成熟互惠。,旺弱只修正通道调用强度、抢位或缺位风险，不直接等于交换公平或关系质量。,喜忌只修正调用顺畅度与摩擦，不可直接翻译为理想伴侣五行、十神或必然互补。,真合化成立时按化神功能重算用户交换需求；合化争议时停止细化交换通道。,近位提高该交换议题进入关系核心的可能；远位只保留背景或阶段性观察。,98,不加分；伦理边界,boundary_note,保持中性、具体、行为化。,这是交换结构的描述，不是给任何一方贴人格标签。,不得仅凭本规则推出双方一定公平、相爱、忠诚、长期稳定或适合结婚；不得把付出多少直接等同爱多少；不得以命理要求单方牺牲、立即回报、原谅、复合或继续关系。现实安全、同意、持续行为、反例与双方协商优先。,高,待验证,,exchange_state=XR08; provisional=true; rule_group=EXCHANGE-XR状态,0.4
M5-EXCHANGE-251,XV0 无双方交换证据｜正式定义,L5 双人交换证据深度,EXCHANGE-XV证据,通用,定义,XV0,无双方交换证据,评估双方交换事件证据。,无,由共享基础引擎、M3与M5-BASE提供；只修正用户怎样给予、请求、接收和回馈，不直接判断双方现实交换质量。,M2只说明进入关系所需资格证据；不能替代长期双向交换、负荷与修复验证。,M3-BASE、EXPR、CARE和BOUND提供用户自然互动通道；M5-EXCHANGE负责把两人的实际行为合成为交换结构。,无／按本规则指定的给予—请求—接收—反馈—重订路径路由。,近位、远位只修正该交换需求进入亲密关系核心的可能；不得据此判断具体伴侣现实中一定配合。,根气只修正用户交换需求和通道是否稳定重复，不等于双方已形成成熟互惠。,旺弱只修正通道调用强度、抢位或缺位风险，不直接等于交换公平或关系质量。,喜忌只修正调用顺畅度与摩擦，不可直接翻译为理想伴侣五行、十神或必然互补。,真合化成立时按化神功能重算用户交换需求；合化争议时停止细化交换通道。,近位提高该交换议题进入关系核心的可能；远位只保留背景或阶段性观察。,96,不加分；证据定义,exchange_evidence_level,只有命盘需求或对单方的抽象描述。,当前交换证据层级：无双方交换证据。,不得仅凭本规则推出双方一定公平、相爱、忠诚、长期稳定或适合结婚；不得把付出多少直接等同爱多少；不得以命理要求单方牺牲、立即回报、原谅、复合或继续关系。现实安全、同意、持续行为、反例与双方协商优先。,高,待验证,,exchange_evidence=XV0; provisional=true; rule_group=EXCHANGE-XV证据,0.4
M5-EXCHANGE-252,XV0 无双方交换证据｜最低资料,L5 双人交换证据深度,EXCHANGE-XV证据,通用,证据,XV0,无双方交换证据,只有命盘需求或对单方的抽象描述。,没有相应现实资料。,由共享基础引擎、M3与M5-BASE提供；只修正用户怎样给予、请求、接收和回馈，不直接判断双方现实交换质量。,M2只说明进入关系所需资格证据；不能替代长期双向交换、负荷与修复验证。,M3-BASE、EXPR、CARE和BOUND提供用户自然互动通道；M5-EXCHANGE负责把两人的实际行为合成为交换结构。,无／按本规则指定的给予—请求—接收—反馈—重订路径路由。,近位、远位只修正该交换需求进入亲密关系核心的可能；不得据此判断具体伴侣现实中一定配合。,根气只修正用户交换需求和通道是否稳定重复，不等于双方已形成成熟互惠。,旺弱只修正通道调用强度、抢位或缺位风险，不直接等于交换公平或关系质量。,喜忌只修正调用顺畅度与摩擦，不可直接翻译为理想伴侣五行、十神或必然互补。,真合化成立时按化神功能重算用户交换需求；合化争议时停止细化交换通道。,近位提高该交换议题进入关系核心的可能；远位只保留背景或阶段性观察。,88,XV路由,exchange_evidence_level,XV0的最低资料是：只有命盘需求或对单方的抽象描述。,这一层主要依据：只有命盘需求或对单方的抽象描述。,不得仅凭本规则推出双方一定公平、相爱、忠诚、长期稳定或适合结婚；不得把付出多少直接等同爱多少；不得以命理要求单方牺牲、立即回报、原谅、复合或继续关系。现实安全、同意、持续行为、反例与双方协商优先。,中高,待验证,,exchange_evidence=XV0; provisional=true; rule_group=EXCHANGE-XV证据,0.4
M5-EXCHANGE-253,XV0 无双方交换证据｜允许发布,L5 双人交换证据深度,EXCHANGE-XV证据,通用,输出,XV0,无双方交换证据,XV0成立。,试图越级到更强结论。,由共享基础引擎、M3与M5-BASE提供；只修正用户怎样给予、请求、接收和回馈，不直接判断双方现实交换质量。,M2只说明进入关系所需资格证据；不能替代长期双向交换、负荷与修复验证。,M3-BASE、EXPR、CARE和BOUND提供用户自然互动通道；M5-EXCHANGE负责把两人的实际行为合成为交换结构。,无／按本规则指定的给予—请求—接收—反馈—重订路径路由。,近位、远位只修正该交换需求进入亲密关系核心的可能；不得据此判断具体伴侣现实中一定配合。,根气只修正用户交换需求和通道是否稳定重复，不等于双方已形成成熟互惠。,旺弱只修正通道调用强度、抢位或缺位风险，不直接等于交换公平或关系质量。,喜忌只修正调用顺畅度与摩擦，不可直接翻译为理想伴侣五行、十神或必然互补。,真合化成立时按化神功能重算用户交换需求；合化争议时停止细化交换通道。,近位提高该交换议题进入关系核心的可能；远位只保留背景或阶段性观察。,84,发布上限,report_text,只能建立交换需求和观察问题。,只能建立交换需求和观察问题。,不得仅凭本规则推出双方一定公平、相爱、忠诚、长期稳定或适合结婚；不得把付出多少直接等同爱多少；不得以命理要求单方牺牲、立即回报、原谅、复合或继续关系。现实安全、同意、持续行为、反例与双方协商优先。,中高,待验证,,exchange_evidence=XV0; provisional=true; rule_group=EXCHANGE-XV证据,0.4
M5-EXCHANGE-254,XV0 无双方交换证据｜禁止发布,L5 双人交换证据深度,EXCHANGE-XV证据,通用,边界,XV0,无双方交换证据,XV0成立。,无,由共享基础引擎、M3与M5-BASE提供；只修正用户怎样给予、请求、接收和回馈，不直接判断双方现实交换质量。,M2只说明进入关系所需资格证据；不能替代长期双向交换、负荷与修复验证。,M3-BASE、EXPR、CARE和BOUND提供用户自然互动通道；M5-EXCHANGE负责把两人的实际行为合成为交换结构。,无／按本规则指定的给予—请求—接收—反馈—重订路径路由。,近位、远位只修正该交换需求进入亲密关系核心的可能；不得据此判断具体伴侣现实中一定配合。,根气只修正用户交换需求和通道是否稳定重复，不等于双方已形成成熟互惠。,旺弱只修正通道调用强度、抢位或缺位风险，不直接等于交换公平或关系质量。,喜忌只修正调用顺畅度与摩擦，不可直接翻译为理想伴侣五行、十神或必然互补。,真合化成立时按化神功能重算用户交换需求；合化争议时停止细化交换通道。,近位提高该交换议题进入关系核心的可能；远位只保留背景或阶段性观察。,95,不加分；边界,boundary_note,不能判断双向性、负荷或互惠。,目前还不能：不能判断双向性、负荷或互惠。,不得仅凭本规则推出双方一定公平、相爱、忠诚、长期稳定或适合结婚；不得把付出多少直接等同爱多少；不得以命理要求单方牺牲、立即回报、原谅、复合或继续关系。现实安全、同意、持续行为、反例与双方协商优先。,高,待验证,,exchange_evidence=XV0; provisional=true; rule_group=EXCHANGE-XV证据,0.4
M5-EXCHANGE-255,XV0 无双方交换证据｜升级任务,L5 双人交换证据深度,EXCHANGE-XV证据,通用,路由,XV0,无双方交换证据,准备从XV0升级。,安全、资料或反例停止。,由共享基础引擎、M3与M5-BASE提供；只修正用户怎样给予、请求、接收和回馈，不直接判断双方现实交换质量。,M2只说明进入关系所需资格证据；不能替代长期双向交换、负荷与修复验证。,M3-BASE、EXPR、CARE和BOUND提供用户自然互动通道；M5-EXCHANGE负责把两人的实际行为合成为交换结构。,无／按本规则指定的给予—请求—接收—反馈—重订路径路由。,近位、远位只修正该交换需求进入亲密关系核心的可能；不得据此判断具体伴侣现实中一定配合。,根气只修正用户交换需求和通道是否稳定重复，不等于双方已形成成熟互惠。,旺弱只修正通道调用强度、抢位或缺位风险，不直接等于交换公平或关系质量。,喜忌只修正调用顺畅度与摩擦，不可直接翻译为理想伴侣五行、十神或必然互补。,真合化成立时按化神功能重算用户交换需求；合化争议时停止细化交换通道。,近位提高该交换议题进入关系核心的可能；远位只保留背景或阶段性观察。,76,不加分；观察计划,observation_plan,补充至少一个完整交换事件。,下一步观察：补充至少一个完整交换事件。,不得仅凭本规则推出双方一定公平、相爱、忠诚、长期稳定或适合结婚；不得把付出多少直接等同爱多少；不得以命理要求单方牺牲、立即回报、原谅、复合或继续关系。现实安全、同意、持续行为、反例与双方协商优先。,中,待验证,,exchange_evidence=XV0; provisional=true; rule_group=EXCHANGE-XV证据,0.4
M5-EXCHANGE-256,XV0 无双方交换证据｜与FG关系,L5 双人交换证据深度,EXCHANGE-XV证据,通用,接口,XV0,无双方交换证据,XV0可用。,把XV直接等同FG。,由共享基础引擎、M3与M5-BASE提供；只修正用户怎样给予、请求、接收和回馈，不直接判断双方现实交换质量。,M2只说明进入关系所需资格证据；不能替代长期双向交换、负荷与修复验证。,M3-BASE、EXPR、CARE和BOUND提供用户自然互动通道；M5-EXCHANGE负责把两人的实际行为合成为交换结构。,无／按本规则指定的给予—请求—接收—反馈—重订路径路由。,近位、远位只修正该交换需求进入亲密关系核心的可能；不得据此判断具体伴侣现实中一定配合。,根气只修正用户交换需求和通道是否稳定重复，不等于双方已形成成熟互惠。,旺弱只修正通道调用强度、抢位或缺位风险，不直接等于交换公平或关系质量。,喜忌只修正调用顺畅度与摩擦，不可直接翻译为理想伴侣五行、十神或必然互补。,真合化成立时按化神功能重算用户交换需求；合化争议时停止细化交换通道。,近位提高该交换议题进入关系核心的可能；远位只保留背景或阶段性观察。,92,不加分；去耦,fit_grade,XV与FG分开计算。,交换证据更深，但最终适配仍需综合现实门槛。,不得仅凭本规则推出双方一定公平、相爱、忠诚、长期稳定或适合结婚；不得把付出多少直接等同爱多少；不得以命理要求单方牺牲、立即回报、原谅、复合或继续关系。现实安全、同意、持续行为、反例与双方协商优先。,高,待验证,,exchange_evidence=XV0; provisional=true; rule_group=EXCHANGE-XV证据,0.4
M5-EXCHANGE-257,XV1 单方自述／期待证据｜正式定义,L5 双人交换证据深度,EXCHANGE-XV证据,通用,定义,XV1,单方自述／期待证据,评估双方交换事件证据。,无,由共享基础引擎、M3与M5-BASE提供；只修正用户怎样给予、请求、接收和回馈，不直接判断双方现实交换质量。,M2只说明进入关系所需资格证据；不能替代长期双向交换、负荷与修复验证。,M3-BASE、EXPR、CARE和BOUND提供用户自然互动通道；M5-EXCHANGE负责把两人的实际行为合成为交换结构。,无／按本规则指定的给予—请求—接收—反馈—重订路径路由。,近位、远位只修正该交换需求进入亲密关系核心的可能；不得据此判断具体伴侣现实中一定配合。,根气只修正用户交换需求和通道是否稳定重复，不等于双方已形成成熟互惠。,旺弱只修正通道调用强度、抢位或缺位风险，不直接等于交换公平或关系质量。,喜忌只修正调用顺畅度与摩擦，不可直接翻译为理想伴侣五行、十神或必然互补。,真合化成立时按化神功能重算用户交换需求；合化争议时停止细化交换通道。,近位提高该交换议题进入关系核心的可能；远位只保留背景或阶段性观察。,96,不加分；证据定义,exchange_evidence_level,只有一方对自己或对方的概括，没有具体事件链。,当前交换证据层级：单方自述／期待证据。,不得仅凭本规则推出双方一定公平、相爱、忠诚、长期稳定或适合结婚；不得把付出多少直接等同爱多少；不得以命理要求单方牺牲、立即回报、原谅、复合或继续关系。现实安全、同意、持续行为、反例与双方协商优先。,高,待验证,,exchange_evidence=XV1; provisional=true; rule_group=EXCHANGE-XV证据,0.4
M5-EXCHANGE-258,XV1 单方自述／期待证据｜最低资料,L5 双人交换证据深度,EXCHANGE-XV证据,通用,证据,XV1,单方自述／期待证据,只有一方对自己或对方的概括，没有具体事件链。,没有相应现实资料。,由共享基础引擎、M3与M5-BASE提供；只修正用户怎样给予、请求、接收和回馈，不直接判断双方现实交换质量。,M2只说明进入关系所需资格证据；不能替代长期双向交换、负荷与修复验证。,M3-BASE、EXPR、CARE和BOUND提供用户自然互动通道；M5-EXCHANGE负责把两人的实际行为合成为交换结构。,无／按本规则指定的给予—请求—接收—反馈—重订路径路由。,近位、远位只修正该交换需求进入亲密关系核心的可能；不得据此判断具体伴侣现实中一定配合。,根气只修正用户交换需求和通道是否稳定重复，不等于双方已形成成熟互惠。,旺弱只修正通道调用强度、抢位或缺位风险，不直接等于交换公平或关系质量。,喜忌只修正调用顺畅度与摩擦，不可直接翻译为理想伴侣五行、十神或必然互补。,真合化成立时按化神功能重算用户交换需求；合化争议时停止细化交换通道。,近位提高该交换议题进入关系核心的可能；远位只保留背景或阶段性观察。,88,XV路由,exchange_evidence_level,XV1的最低资料是：只有一方对自己或对方的概括，没有具体事件链。,这一层主要依据：只有一方对自己或对方的概括，没有具体事件链。,不得仅凭本规则推出双方一定公平、相爱、忠诚、长期稳定或适合结婚；不得把付出多少直接等同爱多少；不得以命理要求单方牺牲、立即回报、原谅、复合或继续关系。现实安全、同意、持续行为、反例与双方协商优先。,中高,待验证,,exchange_evidence=XV1; provisional=true; rule_group=EXCHANGE-XV证据,0.4
M5-EXCHANGE-259,XV1 单方自述／期待证据｜允许发布,L5 双人交换证据深度,EXCHANGE-XV证据,通用,输出,XV1,单方自述／期待证据,XV1成立。,试图越级到更强结论。,由共享基础引擎、M3与M5-BASE提供；只修正用户怎样给予、请求、接收和回馈，不直接判断双方现实交换质量。,M2只说明进入关系所需资格证据；不能替代长期双向交换、负荷与修复验证。,M3-BASE、EXPR、CARE和BOUND提供用户自然互动通道；M5-EXCHANGE负责把两人的实际行为合成为交换结构。,无／按本规则指定的给予—请求—接收—反馈—重订路径路由。,近位、远位只修正该交换需求进入亲密关系核心的可能；不得据此判断具体伴侣现实中一定配合。,根气只修正用户交换需求和通道是否稳定重复，不等于双方已形成成熟互惠。,旺弱只修正通道调用强度、抢位或缺位风险，不直接等于交换公平或关系质量。,喜忌只修正调用顺畅度与摩擦，不可直接翻译为理想伴侣五行、十神或必然互补。,真合化成立时按化神功能重算用户交换需求；合化争议时停止细化交换通道。,近位提高该交换议题进入关系核心的可能；远位只保留背景或阶段性观察。,84,发布上限,report_text,可形成访谈假设。,可形成访谈假设。,不得仅凭本规则推出双方一定公平、相爱、忠诚、长期稳定或适合结婚；不得把付出多少直接等同爱多少；不得以命理要求单方牺牲、立即回报、原谅、复合或继续关系。现实安全、同意、持续行为、反例与双方协商优先。,中高,待验证,,exchange_evidence=XV1; provisional=true; rule_group=EXCHANGE-XV证据,0.4
M5-EXCHANGE-260,XV1 单方自述／期待证据｜禁止发布,L5 双人交换证据深度,EXCHANGE-XV证据,通用,边界,XV1,单方自述／期待证据,XV1成立。,无,由共享基础引擎、M3与M5-BASE提供；只修正用户怎样给予、请求、接收和回馈，不直接判断双方现实交换质量。,M2只说明进入关系所需资格证据；不能替代长期双向交换、负荷与修复验证。,M3-BASE、EXPR、CARE和BOUND提供用户自然互动通道；M5-EXCHANGE负责把两人的实际行为合成为交换结构。,无／按本规则指定的给予—请求—接收—反馈—重订路径路由。,近位、远位只修正该交换需求进入亲密关系核心的可能；不得据此判断具体伴侣现实中一定配合。,根气只修正用户交换需求和通道是否稳定重复，不等于双方已形成成熟互惠。,旺弱只修正通道调用强度、抢位或缺位风险，不直接等于交换公平或关系质量。,喜忌只修正调用顺畅度与摩擦，不可直接翻译为理想伴侣五行、十神或必然互补。,真合化成立时按化神功能重算用户交换需求；合化争议时停止细化交换通道。,近位提高该交换议题进入关系核心的可能；远位只保留背景或阶段性观察。,95,不加分；边界,boundary_note,不能写稳定交换或单方负荷。,目前还不能：不能写稳定交换或单方负荷。,不得仅凭本规则推出双方一定公平、相爱、忠诚、长期稳定或适合结婚；不得把付出多少直接等同爱多少；不得以命理要求单方牺牲、立即回报、原谅、复合或继续关系。现实安全、同意、持续行为、反例与双方协商优先。,高,待验证,,exchange_evidence=XV1; provisional=true; rule_group=EXCHANGE-XV证据,0.4
M5-EXCHANGE-261,XV1 单方自述／期待证据｜升级任务,L5 双人交换证据深度,EXCHANGE-XV证据,通用,路由,XV1,单方自述／期待证据,准备从XV1升级。,安全、资料或反例停止。,由共享基础引擎、M3与M5-BASE提供；只修正用户怎样给予、请求、接收和回馈，不直接判断双方现实交换质量。,M2只说明进入关系所需资格证据；不能替代长期双向交换、负荷与修复验证。,M3-BASE、EXPR、CARE和BOUND提供用户自然互动通道；M5-EXCHANGE负责把两人的实际行为合成为交换结构。,无／按本规则指定的给予—请求—接收—反馈—重订路径路由。,近位、远位只修正该交换需求进入亲密关系核心的可能；不得据此判断具体伴侣现实中一定配合。,根气只修正用户交换需求和通道是否稳定重复，不等于双方已形成成熟互惠。,旺弱只修正通道调用强度、抢位或缺位风险，不直接等于交换公平或关系质量。,喜忌只修正调用顺畅度与摩擦，不可直接翻译为理想伴侣五行、十神或必然互补。,真合化成立时按化神功能重算用户交换需求；合化争议时停止细化交换通道。,近位提高该交换议题进入关系核心的可能；远位只保留背景或阶段性观察。,76,不加分；观察计划,observation_plan,记录谁请求、谁回应、谁接收和后续怎样。,下一步观察：记录谁请求、谁回应、谁接收和后续怎样。,不得仅凭本规则推出双方一定公平、相爱、忠诚、长期稳定或适合结婚；不得把付出多少直接等同爱多少；不得以命理要求单方牺牲、立即回报、原谅、复合或继续关系。现实安全、同意、持续行为、反例与双方协商优先。,中,待验证,,exchange_evidence=XV1; provisional=true; rule_group=EXCHANGE-XV证据,0.4
M5-EXCHANGE-262,XV1 单方自述／期待证据｜与FG关系,L5 双人交换证据深度,EXCHANGE-XV证据,通用,接口,XV1,单方自述／期待证据,XV1可用。,把XV直接等同FG。,由共享基础引擎、M3与M5-BASE提供；只修正用户怎样给予、请求、接收和回馈，不直接判断双方现实交换质量。,M2只说明进入关系所需资格证据；不能替代长期双向交换、负荷与修复验证。,M3-BASE、EXPR、CARE和BOUND提供用户自然互动通道；M5-EXCHANGE负责把两人的实际行为合成为交换结构。,无／按本规则指定的给予—请求—接收—反馈—重订路径路由。,近位、远位只修正该交换需求进入亲密关系核心的可能；不得据此判断具体伴侣现实中一定配合。,根气只修正用户交换需求和通道是否稳定重复，不等于双方已形成成熟互惠。,旺弱只修正通道调用强度、抢位或缺位风险，不直接等于交换公平或关系质量。,喜忌只修正调用顺畅度与摩擦，不可直接翻译为理想伴侣五行、十神或必然互补。,真合化成立时按化神功能重算用户交换需求；合化争议时停止细化交换通道。,近位提高该交换议题进入关系核心的可能；远位只保留背景或阶段性观察。,92,不加分；去耦,fit_grade,XV与FG分开计算。,交换证据更深，但最终适配仍需综合现实门槛。,不得仅凭本规则推出双方一定公平、相爱、忠诚、长期稳定或适合结婚；不得把付出多少直接等同爱多少；不得以命理要求单方牺牲、立即回报、原谅、复合或继续关系。现实安全、同意、持续行为、反例与双方协商优先。,高,待验证,,exchange_evidence=XV1; provisional=true; rule_group=EXCHANGE-XV证据,0.4
M5-EXCHANGE-263,XV2 单次交换事件｜正式定义,L5 双人交换证据深度,EXCHANGE-XV证据,通用,定义,XV2,单次交换事件,评估双方交换事件证据。,无,由共享基础引擎、M3与M5-BASE提供；只修正用户怎样给予、请求、接收和回馈，不直接判断双方现实交换质量。,M2只说明进入关系所需资格证据；不能替代长期双向交换、负荷与修复验证。,M3-BASE、EXPR、CARE和BOUND提供用户自然互动通道；M5-EXCHANGE负责把两人的实际行为合成为交换结构。,无／按本规则指定的给予—请求—接收—反馈—重订路径路由。,近位、远位只修正该交换需求进入亲密关系核心的可能；不得据此判断具体伴侣现实中一定配合。,根气只修正用户交换需求和通道是否稳定重复，不等于双方已形成成熟互惠。,旺弱只修正通道调用强度、抢位或缺位风险，不直接等于交换公平或关系质量。,喜忌只修正调用顺畅度与摩擦，不可直接翻译为理想伴侣五行、十神或必然互补。,真合化成立时按化神功能重算用户交换需求；合化争议时停止细化交换通道。,近位提高该交换议题进入关系核心的可能；远位只保留背景或阶段性观察。,96,不加分；证据定义,exchange_evidence_level,有一次较完整的给予—接收—回应事件。,当前交换证据层级：单次交换事件。,不得仅凭本规则推出双方一定公平、相爱、忠诚、长期稳定或适合结婚；不得把付出多少直接等同爱多少；不得以命理要求单方牺牲、立即回报、原谅、复合或继续关系。现实安全、同意、持续行为、反例与双方协商优先。,高,待验证,,exchange_evidence=XV2; provisional=true; rule_group=EXCHANGE-XV证据,0.4
M5-EXCHANGE-264,XV2 单次交换事件｜最低资料,L5 双人交换证据深度,EXCHANGE-XV证据,通用,证据,XV2,单次交换事件,有一次较完整的给予—接收—回应事件。,没有相应现实资料。,由共享基础引擎、M3与M5-BASE提供；只修正用户怎样给予、请求、接收和回馈，不直接判断双方现实交换质量。,M2只说明进入关系所需资格证据；不能替代长期双向交换、负荷与修复验证。,M3-BASE、EXPR、CARE和BOUND提供用户自然互动通道；M5-EXCHANGE负责把两人的实际行为合成为交换结构。,无／按本规则指定的给予—请求—接收—反馈—重订路径路由。,近位、远位只修正该交换需求进入亲密关系核心的可能；不得据此判断具体伴侣现实中一定配合。,根气只修正用户交换需求和通道是否稳定重复，不等于双方已形成成熟互惠。,旺弱只修正通道调用强度、抢位或缺位风险，不直接等于交换公平或关系质量。,喜忌只修正调用顺畅度与摩擦，不可直接翻译为理想伴侣五行、十神或必然互补。,真合化成立时按化神功能重算用户交换需求；合化争议时停止细化交换通道。,近位提高该交换议题进入关系核心的可能；远位只保留背景或阶段性观察。,88,XV路由,exchange_evidence_level,XV2的最低资料是：有一次较完整的给予—接收—回应事件。,这一层主要依据：有一次较完整的给予—接收—回应事件。,不得仅凭本规则推出双方一定公平、相爱、忠诚、长期稳定或适合结婚；不得把付出多少直接等同爱多少；不得以命理要求单方牺牲、立即回报、原谅、复合或继续关系。现实安全、同意、持续行为、反例与双方协商优先。,中高,待验证,,exchange_evidence=XV2; provisional=true; rule_group=EXCHANGE-XV证据,0.4
M5-EXCHANGE-265,XV2 单次交换事件｜允许发布,L5 双人交换证据深度,EXCHANGE-XV证据,通用,输出,XV2,单次交换事件,XV2成立。,试图越级到更强结论。,由共享基础引擎、M3与M5-BASE提供；只修正用户怎样给予、请求、接收和回馈，不直接判断双方现实交换质量。,M2只说明进入关系所需资格证据；不能替代长期双向交换、负荷与修复验证。,M3-BASE、EXPR、CARE和BOUND提供用户自然互动通道；M5-EXCHANGE负责把两人的实际行为合成为交换结构。,无／按本规则指定的给予—请求—接收—反馈—重订路径路由。,近位、远位只修正该交换需求进入亲密关系核心的可能；不得据此判断具体伴侣现实中一定配合。,根气只修正用户交换需求和通道是否稳定重复，不等于双方已形成成熟互惠。,旺弱只修正通道调用强度、抢位或缺位风险，不直接等于交换公平或关系质量。,喜忌只修正调用顺畅度与摩擦，不可直接翻译为理想伴侣五行、十神或必然互补。,真合化成立时按化神功能重算用户交换需求；合化争议时停止细化交换通道。,近位提高该交换议题进入关系核心的可能；远位只保留背景或阶段性观察。,84,发布上限,report_text,可确认这次交换怎样运行。,可确认这次交换怎样运行。,不得仅凭本规则推出双方一定公平、相爱、忠诚、长期稳定或适合结婚；不得把付出多少直接等同爱多少；不得以命理要求单方牺牲、立即回报、原谅、复合或继续关系。现实安全、同意、持续行为、反例与双方协商优先。,中高,待验证,,exchange_evidence=XV2; provisional=true; rule_group=EXCHANGE-XV证据,0.4
M5-EXCHANGE-266,XV2 单次交换事件｜禁止发布,L5 双人交换证据深度,EXCHANGE-XV证据,通用,边界,XV2,单次交换事件,XV2成立。,无,由共享基础引擎、M3与M5-BASE提供；只修正用户怎样给予、请求、接收和回馈，不直接判断双方现实交换质量。,M2只说明进入关系所需资格证据；不能替代长期双向交换、负荷与修复验证。,M3-BASE、EXPR、CARE和BOUND提供用户自然互动通道；M5-EXCHANGE负责把两人的实际行为合成为交换结构。,无／按本规则指定的给予—请求—接收—反馈—重订路径路由。,近位、远位只修正该交换需求进入亲密关系核心的可能；不得据此判断具体伴侣现实中一定配合。,根气只修正用户交换需求和通道是否稳定重复，不等于双方已形成成熟互惠。,旺弱只修正通道调用强度、抢位或缺位风险，不直接等于交换公平或关系质量。,喜忌只修正调用顺畅度与摩擦，不可直接翻译为理想伴侣五行、十神或必然互补。,真合化成立时按化神功能重算用户交换需求；合化争议时停止细化交换通道。,近位提高该交换议题进入关系核心的可能；远位只保留背景或阶段性观察。,95,不加分；边界,boundary_note,不能写稳定模式或长期公平。,目前还不能：不能写稳定模式或长期公平。,不得仅凭本规则推出双方一定公平、相爱、忠诚、长期稳定或适合结婚；不得把付出多少直接等同爱多少；不得以命理要求单方牺牲、立即回报、原谅、复合或继续关系。现实安全、同意、持续行为、反例与双方协商优先。,高,待验证,,exchange_evidence=XV2; provisional=true; rule_group=EXCHANGE-XV证据,0.4
M5-EXCHANGE-267,XV2 单次交换事件｜升级任务,L5 双人交换证据深度,EXCHANGE-XV证据,通用,路由,XV2,单次交换事件,准备从XV2升级。,安全、资料或反例停止。,由共享基础引擎、M3与M5-BASE提供；只修正用户怎样给予、请求、接收和回馈，不直接判断双方现实交换质量。,M2只说明进入关系所需资格证据；不能替代长期双向交换、负荷与修复验证。,M3-BASE、EXPR、CARE和BOUND提供用户自然互动通道；M5-EXCHANGE负责把两人的实际行为合成为交换结构。,无／按本规则指定的给予—请求—接收—反馈—重订路径路由。,近位、远位只修正该交换需求进入亲密关系核心的可能；不得据此判断具体伴侣现实中一定配合。,根气只修正用户交换需求和通道是否稳定重复，不等于双方已形成成熟互惠。,旺弱只修正通道调用强度、抢位或缺位风险，不直接等于交换公平或关系质量。,喜忌只修正调用顺畅度与摩擦，不可直接翻译为理想伴侣五行、十神或必然互补。,真合化成立时按化神功能重算用户交换需求；合化争议时停止细化交换通道。,近位提高该交换议题进入关系核心的可能；远位只保留背景或阶段性观察。,76,不加分；观察计划,observation_plan,观察同类情境是否重复。,下一步观察：观察同类情境是否重复。,不得仅凭本规则推出双方一定公平、相爱、忠诚、长期稳定或适合结婚；不得把付出多少直接等同爱多少；不得以命理要求单方牺牲、立即回报、原谅、复合或继续关系。现实安全、同意、持续行为、反例与双方协商优先。,中,待验证,,exchange_evidence=XV2; provisional=true; rule_group=EXCHANGE-XV证据,0.4
M5-EXCHANGE-268,XV2 单次交换事件｜与FG关系,L5 双人交换证据深度,EXCHANGE-XV证据,通用,接口,XV2,单次交换事件,XV2可用。,把XV直接等同FG。,由共享基础引擎、M3与M5-BASE提供；只修正用户怎样给予、请求、接收和回馈，不直接判断双方现实交换质量。,M2只说明进入关系所需资格证据；不能替代长期双向交换、负荷与修复验证。,M3-BASE、EXPR、CARE和BOUND提供用户自然互动通道；M5-EXCHANGE负责把两人的实际行为合成为交换结构。,无／按本规则指定的给予—请求—接收—反馈—重订路径路由。,近位、远位只修正该交换需求进入亲密关系核心的可能；不得据此判断具体伴侣现实中一定配合。,根气只修正用户交换需求和通道是否稳定重复，不等于双方已形成成熟互惠。,旺弱只修正通道调用强度、抢位或缺位风险，不直接等于交换公平或关系质量。,喜忌只修正调用顺畅度与摩擦，不可直接翻译为理想伴侣五行、十神或必然互补。,真合化成立时按化神功能重算用户交换需求；合化争议时停止细化交换通道。,近位提高该交换议题进入关系核心的可能；远位只保留背景或阶段性观察。,92,不加分；去耦,fit_grade,XV与FG分开计算。,交换证据更深，但最终适配仍需综合现实门槛。,不得仅凭本规则推出双方一定公平、相爱、忠诚、长期稳定或适合结婚；不得把付出多少直接等同爱多少；不得以命理要求单方牺牲、立即回报、原谅、复合或继续关系。现实安全、同意、持续行为、反例与双方协商优先。,高,待验证,,exchange_evidence=XV2; provisional=true; rule_group=EXCHANGE-XV证据,0.4
M5-EXCHANGE-269,XV3 同领域重复证据｜正式定义,L5 双人交换证据深度,EXCHANGE-XV证据,通用,定义,XV3,同领域重复证据,评估双方交换事件证据。,无,由共享基础引擎、M3与M5-BASE提供；只修正用户怎样给予、请求、接收和回馈，不直接判断双方现实交换质量。,M2只说明进入关系所需资格证据；不能替代长期双向交换、负荷与修复验证。,M3-BASE、EXPR、CARE和BOUND提供用户自然互动通道；M5-EXCHANGE负责把两人的实际行为合成为交换结构。,无／按本规则指定的给予—请求—接收—反馈—重订路径路由。,近位、远位只修正该交换需求进入亲密关系核心的可能；不得据此判断具体伴侣现实中一定配合。,根气只修正用户交换需求和通道是否稳定重复，不等于双方已形成成熟互惠。,旺弱只修正通道调用强度、抢位或缺位风险，不直接等于交换公平或关系质量。,喜忌只修正调用顺畅度与摩擦，不可直接翻译为理想伴侣五行、十神或必然互补。,真合化成立时按化神功能重算用户交换需求；合化争议时停止细化交换通道。,近位提高该交换议题进入关系核心的可能；远位只保留背景或阶段性观察。,96,不加分；证据定义,exchange_evidence_level,在同一领域多次出现相似交换结构。,当前交换证据层级：同领域重复证据。,不得仅凭本规则推出双方一定公平、相爱、忠诚、长期稳定或适合结婚；不得把付出多少直接等同爱多少；不得以命理要求单方牺牲、立即回报、原谅、复合或继续关系。现实安全、同意、持续行为、反例与双方协商优先。,高,待验证,,exchange_evidence=XV3; provisional=true; rule_group=EXCHANGE-XV证据,0.4
M5-EXCHANGE-270,XV3 同领域重复证据｜最低资料,L5 双人交换证据深度,EXCHANGE-XV证据,通用,证据,XV3,同领域重复证据,在同一领域多次出现相似交换结构。,没有相应现实资料。,由共享基础引擎、M3与M5-BASE提供；只修正用户怎样给予、请求、接收和回馈，不直接判断双方现实交换质量。,M2只说明进入关系所需资格证据；不能替代长期双向交换、负荷与修复验证。,M3-BASE、EXPR、CARE和BOUND提供用户自然互动通道；M5-EXCHANGE负责把两人的实际行为合成为交换结构。,无／按本规则指定的给予—请求—接收—反馈—重订路径路由。,近位、远位只修正该交换需求进入亲密关系核心的可能；不得据此判断具体伴侣现实中一定配合。,根气只修正用户交换需求和通道是否稳定重复，不等于双方已形成成熟互惠。,旺弱只修正通道调用强度、抢位或缺位风险，不直接等于交换公平或关系质量。,喜忌只修正调用顺畅度与摩擦，不可直接翻译为理想伴侣五行、十神或必然互补。,真合化成立时按化神功能重算用户交换需求；合化争议时停止细化交换通道。,近位提高该交换议题进入关系核心的可能；远位只保留背景或阶段性观察。,88,XV路由,exchange_evidence_level,XV3的最低资料是：在同一领域多次出现相似交换结构。,这一层主要依据：在同一领域多次出现相似交换结构。,不得仅凭本规则推出双方一定公平、相爱、忠诚、长期稳定或适合结婚；不得把付出多少直接等同爱多少；不得以命理要求单方牺牲、立即回报、原谅、复合或继续关系。现实安全、同意、持续行为、反例与双方协商优先。,中高,待验证,,exchange_evidence=XV3; provisional=true; rule_group=EXCHANGE-XV证据,0.4
M5-EXCHANGE-271,XV3 同领域重复证据｜允许发布,L5 双人交换证据深度,EXCHANGE-XV证据,通用,输出,XV3,同领域重复证据,XV3成立。,试图越级到更强结论。,由共享基础引擎、M3与M5-BASE提供；只修正用户怎样给予、请求、接收和回馈，不直接判断双方现实交换质量。,M2只说明进入关系所需资格证据；不能替代长期双向交换、负荷与修复验证。,M3-BASE、EXPR、CARE和BOUND提供用户自然互动通道；M5-EXCHANGE负责把两人的实际行为合成为交换结构。,无／按本规则指定的给予—请求—接收—反馈—重订路径路由。,近位、远位只修正该交换需求进入亲密关系核心的可能；不得据此判断具体伴侣现实中一定配合。,根气只修正用户交换需求和通道是否稳定重复，不等于双方已形成成熟互惠。,旺弱只修正通道调用强度、抢位或缺位风险，不直接等于交换公平或关系质量。,喜忌只修正调用顺畅度与摩擦，不可直接翻译为理想伴侣五行、十神或必然互补。,真合化成立时按化神功能重算用户交换需求；合化争议时停止细化交换通道。,近位提高该交换议题进入关系核心的可能；远位只保留背景或阶段性观察。,84,发布上限,report_text,可建立该领域内的模式候选。,可建立该领域内的模式候选。,不得仅凭本规则推出双方一定公平、相爱、忠诚、长期稳定或适合结婚；不得把付出多少直接等同爱多少；不得以命理要求单方牺牲、立即回报、原谅、复合或继续关系。现实安全、同意、持续行为、反例与双方协商优先。,中高,待验证,,exchange_evidence=XV3; provisional=true; rule_group=EXCHANGE-XV证据,0.4
M5-EXCHANGE-272,XV3 同领域重复证据｜禁止发布,L5 双人交换证据深度,EXCHANGE-XV证据,通用,边界,XV3,同领域重复证据,XV3成立。,无,由共享基础引擎、M3与M5-BASE提供；只修正用户怎样给予、请求、接收和回馈，不直接判断双方现实交换质量。,M2只说明进入关系所需资格证据；不能替代长期双向交换、负荷与修复验证。,M3-BASE、EXPR、CARE和BOUND提供用户自然互动通道；M5-EXCHANGE负责把两人的实际行为合成为交换结构。,无／按本规则指定的给予—请求—接收—反馈—重订路径路由。,近位、远位只修正该交换需求进入亲密关系核心的可能；不得据此判断具体伴侣现实中一定配合。,根气只修正用户交换需求和通道是否稳定重复，不等于双方已形成成熟互惠。,旺弱只修正通道调用强度、抢位或缺位风险，不直接等于交换公平或关系质量。,喜忌只修正调用顺畅度与摩擦，不可直接翻译为理想伴侣五行、十神或必然互补。,真合化成立时按化神功能重算用户交换需求；合化争议时停止细化交换通道。,近位提高该交换议题进入关系核心的可能；远位只保留背景或阶段性观察。,95,不加分；边界,boundary_note,不能自动扩展到资源、压力或修复领域。,目前还不能：不能自动扩展到资源、压力或修复领域。,不得仅凭本规则推出双方一定公平、相爱、忠诚、长期稳定或适合结婚；不得把付出多少直接等同爱多少；不得以命理要求单方牺牲、立即回报、原谅、复合或继续关系。现实安全、同意、持续行为、反例与双方协商优先。,高,待验证,,exchange_evidence=XV3; provisional=true; rule_group=EXCHANGE-XV证据,0.4
M5-EXCHANGE-273,XV3 同领域重复证据｜升级任务,L5 双人交换证据深度,EXCHANGE-XV证据,通用,路由,XV3,同领域重复证据,准备从XV3升级。,安全、资料或反例停止。,由共享基础引擎、M3与M5-BASE提供；只修正用户怎样给予、请求、接收和回馈，不直接判断双方现实交换质量。,M2只说明进入关系所需资格证据；不能替代长期双向交换、负荷与修复验证。,M3-BASE、EXPR、CARE和BOUND提供用户自然互动通道；M5-EXCHANGE负责把两人的实际行为合成为交换结构。,无／按本规则指定的给予—请求—接收—反馈—重订路径路由。,近位、远位只修正该交换需求进入亲密关系核心的可能；不得据此判断具体伴侣现实中一定配合。,根气只修正用户交换需求和通道是否稳定重复，不等于双方已形成成熟互惠。,旺弱只修正通道调用强度、抢位或缺位风险，不直接等于交换公平或关系质量。,喜忌只修正调用顺畅度与摩擦，不可直接翻译为理想伴侣五行、十神或必然互补。,真合化成立时按化神功能重算用户交换需求；合化争议时停止细化交换通道。,近位提高该交换议题进入关系核心的可能；远位只保留背景或阶段性观察。,76,不加分；观察计划,observation_plan,增加不同领域和成本情境。,下一步观察：增加不同领域和成本情境。,不得仅凭本规则推出双方一定公平、相爱、忠诚、长期稳定或适合结婚；不得把付出多少直接等同爱多少；不得以命理要求单方牺牲、立即回报、原谅、复合或继续关系。现实安全、同意、持续行为、反例与双方协商优先。,中,待验证,,exchange_evidence=XV3; provisional=true; rule_group=EXCHANGE-XV证据,0.4
M5-EXCHANGE-274,XV3 同领域重复证据｜与FG关系,L5 双人交换证据深度,EXCHANGE-XV证据,通用,接口,XV3,同领域重复证据,XV3可用。,把XV直接等同FG。,由共享基础引擎、M3与M5-BASE提供；只修正用户怎样给予、请求、接收和回馈，不直接判断双方现实交换质量。,M2只说明进入关系所需资格证据；不能替代长期双向交换、负荷与修复验证。,M3-BASE、EXPR、CARE和BOUND提供用户自然互动通道；M5-EXCHANGE负责把两人的实际行为合成为交换结构。,无／按本规则指定的给予—请求—接收—反馈—重订路径路由。,近位、远位只修正该交换需求进入亲密关系核心的可能；不得据此判断具体伴侣现实中一定配合。,根气只修正用户交换需求和通道是否稳定重复，不等于双方已形成成熟互惠。,旺弱只修正通道调用强度、抢位或缺位风险，不直接等于交换公平或关系质量。,喜忌只修正调用顺畅度与摩擦，不可直接翻译为理想伴侣五行、十神或必然互补。,真合化成立时按化神功能重算用户交换需求；合化争议时停止细化交换通道。,近位提高该交换议题进入关系核心的可能；远位只保留背景或阶段性观察。,92,不加分；去耦,fit_grade,XV与FG分开计算。,交换证据更深，但最终适配仍需综合现实门槛。,不得仅凭本规则推出双方一定公平、相爱、忠诚、长期稳定或适合结婚；不得把付出多少直接等同爱多少；不得以命理要求单方牺牲、立即回报、原谅、复合或继续关系。现实安全、同意、持续行为、反例与双方协商优先。,高,待验证,,exchange_evidence=XV3; provisional=true; rule_group=EXCHANGE-XV证据,0.4
M5-EXCHANGE-275,XV4 跨领域一致证据｜正式定义,L5 双人交换证据深度,EXCHANGE-XV证据,通用,定义,XV4,跨领域一致证据,评估双方交换事件证据。,无,由共享基础引擎、M3与M5-BASE提供；只修正用户怎样给予、请求、接收和回馈，不直接判断双方现实交换质量。,M2只说明进入关系所需资格证据；不能替代长期双向交换、负荷与修复验证。,M3-BASE、EXPR、CARE和BOUND提供用户自然互动通道；M5-EXCHANGE负责把两人的实际行为合成为交换结构。,无／按本规则指定的给予—请求—接收—反馈—重订路径路由。,近位、远位只修正该交换需求进入亲密关系核心的可能；不得据此判断具体伴侣现实中一定配合。,根气只修正用户交换需求和通道是否稳定重复，不等于双方已形成成熟互惠。,旺弱只修正通道调用强度、抢位或缺位风险，不直接等于交换公平或关系质量。,喜忌只修正调用顺畅度与摩擦，不可直接翻译为理想伴侣五行、十神或必然互补。,真合化成立时按化神功能重算用户交换需求；合化争议时停止细化交换通道。,近位提高该交换议题进入关系核心的可能；远位只保留背景或阶段性观察。,96,不加分；证据定义,exchange_evidence_level,在两个以上交换领域保持相似的双向、分工或错峰结构。,当前交换证据层级：跨领域一致证据。,不得仅凭本规则推出双方一定公平、相爱、忠诚、长期稳定或适合结婚；不得把付出多少直接等同爱多少；不得以命理要求单方牺牲、立即回报、原谅、复合或继续关系。现实安全、同意、持续行为、反例与双方协商优先。,高,待验证,,exchange_evidence=XV4; provisional=true; rule_group=EXCHANGE-XV证据,0.4
M5-EXCHANGE-276,XV4 跨领域一致证据｜最低资料,L5 双人交换证据深度,EXCHANGE-XV证据,通用,证据,XV4,跨领域一致证据,在两个以上交换领域保持相似的双向、分工或错峰结构。,没有相应现实资料。,由共享基础引擎、M3与M5-BASE提供；只修正用户怎样给予、请求、接收和回馈，不直接判断双方现实交换质量。,M2只说明进入关系所需资格证据；不能替代长期双向交换、负荷与修复验证。,M3-BASE、EXPR、CARE和BOUND提供用户自然互动通道；M5-EXCHANGE负责把两人的实际行为合成为交换结构。,无／按本规则指定的给予—请求—接收—反馈—重订路径路由。,近位、远位只修正该交换需求进入亲密关系核心的可能；不得据此判断具体伴侣现实中一定配合。,根气只修正用户交换需求和通道是否稳定重复，不等于双方已形成成熟互惠。,旺弱只修正通道调用强度、抢位或缺位风险，不直接等于交换公平或关系质量。,喜忌只修正调用顺畅度与摩擦，不可直接翻译为理想伴侣五行、十神或必然互补。,真合化成立时按化神功能重算用户交换需求；合化争议时停止细化交换通道。,近位提高该交换议题进入关系核心的可能；远位只保留背景或阶段性观察。,88,XV路由,exchange_evidence_level,XV4的最低资料是：在两个以上交换领域保持相似的双向、分工或错峰结构。,这一层主要依据：在两个以上交换领域保持相似的双向、分工或错峰结构。,不得仅凭本规则推出双方一定公平、相爱、忠诚、长期稳定或适合结婚；不得把付出多少直接等同爱多少；不得以命理要求单方牺牲、立即回报、原谅、复合或继续关系。现实安全、同意、持续行为、反例与双方协商优先。,中高,待验证,,exchange_evidence=XV4; provisional=true; rule_group=EXCHANGE-XV证据,0.4
M5-EXCHANGE-277,XV4 跨领域一致证据｜允许发布,L5 双人交换证据深度,EXCHANGE-XV证据,通用,输出,XV4,跨领域一致证据,XV4成立。,试图越级到更强结论。,由共享基础引擎、M3与M5-BASE提供；只修正用户怎样给予、请求、接收和回馈，不直接判断双方现实交换质量。,M2只说明进入关系所需资格证据；不能替代长期双向交换、负荷与修复验证。,M3-BASE、EXPR、CARE和BOUND提供用户自然互动通道；M5-EXCHANGE负责把两人的实际行为合成为交换结构。,无／按本规则指定的给予—请求—接收—反馈—重订路径路由。,近位、远位只修正该交换需求进入亲密关系核心的可能；不得据此判断具体伴侣现实中一定配合。,根气只修正用户交换需求和通道是否稳定重复，不等于双方已形成成熟互惠。,旺弱只修正通道调用强度、抢位或缺位风险，不直接等于交换公平或关系质量。,喜忌只修正调用顺畅度与摩擦，不可直接翻译为理想伴侣五行、十神或必然互补。,真合化成立时按化神功能重算用户交换需求；合化争议时停止细化交换通道。,近位提高该交换议题进入关系核心的可能；远位只保留背景或阶段性观察。,84,发布上限,report_text,可建立较可靠交换状态候选。,可建立较可靠交换状态候选。,不得仅凭本规则推出双方一定公平、相爱、忠诚、长期稳定或适合结婚；不得把付出多少直接等同爱多少；不得以命理要求单方牺牲、立即回报、原谅、复合或继续关系。现实安全、同意、持续行为、反例与双方协商优先。,中高,待验证,,exchange_evidence=XV4; provisional=true; rule_group=EXCHANGE-XV证据,0.4
M5-EXCHANGE-278,XV4 跨领域一致证据｜禁止发布,L5 双人交换证据深度,EXCHANGE-XV证据,通用,边界,XV4,跨领域一致证据,XV4成立。,无,由共享基础引擎、M3与M5-BASE提供；只修正用户怎样给予、请求、接收和回馈，不直接判断双方现实交换质量。,M2只说明进入关系所需资格证据；不能替代长期双向交换、负荷与修复验证。,M3-BASE、EXPR、CARE和BOUND提供用户自然互动通道；M5-EXCHANGE负责把两人的实际行为合成为交换结构。,无／按本规则指定的给予—请求—接收—反馈—重订路径路由。,近位、远位只修正该交换需求进入亲密关系核心的可能；不得据此判断具体伴侣现实中一定配合。,根气只修正用户交换需求和通道是否稳定重复，不等于双方已形成成熟互惠。,旺弱只修正通道调用强度、抢位或缺位风险，不直接等于交换公平或关系质量。,喜忌只修正调用顺畅度与摩擦，不可直接翻译为理想伴侣五行、十神或必然互补。,真合化成立时按化神功能重算用户交换需求；合化争议时停止细化交换通道。,近位提高该交换议题进入关系核心的可能；远位只保留背景或阶段性观察。,95,不加分；边界,boundary_note,仍需压力和修复验证。,目前还不能：仍需压力和修复验证。,不得仅凭本规则推出双方一定公平、相爱、忠诚、长期稳定或适合结婚；不得把付出多少直接等同爱多少；不得以命理要求单方牺牲、立即回报、原谅、复合或继续关系。现实安全、同意、持续行为、反例与双方协商优先。,高,待验证,,exchange_evidence=XV4; provisional=true; rule_group=EXCHANGE-XV证据,0.4
M5-EXCHANGE-279,XV4 跨领域一致证据｜升级任务,L5 双人交换证据深度,EXCHANGE-XV证据,通用,路由,XV4,跨领域一致证据,准备从XV4升级。,安全、资料或反例停止。,由共享基础引擎、M3与M5-BASE提供；只修正用户怎样给予、请求、接收和回馈，不直接判断双方现实交换质量。,M2只说明进入关系所需资格证据；不能替代长期双向交换、负荷与修复验证。,M3-BASE、EXPR、CARE和BOUND提供用户自然互动通道；M5-EXCHANGE负责把两人的实际行为合成为交换结构。,无／按本规则指定的给予—请求—接收—反馈—重订路径路由。,近位、远位只修正该交换需求进入亲密关系核心的可能；不得据此判断具体伴侣现实中一定配合。,根气只修正用户交换需求和通道是否稳定重复，不等于双方已形成成熟互惠。,旺弱只修正通道调用强度、抢位或缺位风险，不直接等于交换公平或关系质量。,喜忌只修正调用顺畅度与摩擦，不可直接翻译为理想伴侣五行、十神或必然互补。,真合化成立时按化神功能重算用户交换需求；合化争议时停止细化交换通道。,近位提高该交换议题进入关系核心的可能；远位只保留背景或阶段性观察。,76,不加分；观察计划,observation_plan,观察高成本或关系变化。,下一步观察：观察高成本或关系变化。,不得仅凭本规则推出双方一定公平、相爱、忠诚、长期稳定或适合结婚；不得把付出多少直接等同爱多少；不得以命理要求单方牺牲、立即回报、原谅、复合或继续关系。现实安全、同意、持续行为、反例与双方协商优先。,中,待验证,,exchange_evidence=XV4; provisional=true; rule_group=EXCHANGE-XV证据,0.4
M5-EXCHANGE-280,XV4 跨领域一致证据｜与FG关系,L5 双人交换证据深度,EXCHANGE-XV证据,通用,接口,XV4,跨领域一致证据,XV4可用。,把XV直接等同FG。,由共享基础引擎、M3与M5-BASE提供；只修正用户怎样给予、请求、接收和回馈，不直接判断双方现实交换质量。,M2只说明进入关系所需资格证据；不能替代长期双向交换、负荷与修复验证。,M3-BASE、EXPR、CARE和BOUND提供用户自然互动通道；M5-EXCHANGE负责把两人的实际行为合成为交换结构。,无／按本规则指定的给予—请求—接收—反馈—重订路径路由。,近位、远位只修正该交换需求进入亲密关系核心的可能；不得据此判断具体伴侣现实中一定配合。,根气只修正用户交换需求和通道是否稳定重复，不等于双方已形成成熟互惠。,旺弱只修正通道调用强度、抢位或缺位风险，不直接等于交换公平或关系质量。,喜忌只修正调用顺畅度与摩擦，不可直接翻译为理想伴侣五行、十神或必然互补。,真合化成立时按化神功能重算用户交换需求；合化争议时停止细化交换通道。,近位提高该交换议题进入关系核心的可能；远位只保留背景或阶段性观察。,92,不加分；去耦,fit_grade,XV与FG分开计算。,交换证据更深，但最终适配仍需综合现实门槛。,不得仅凭本规则推出双方一定公平、相爱、忠诚、长期稳定或适合结婚；不得把付出多少直接等同爱多少；不得以命理要求单方牺牲、立即回报、原谅、复合或继续关系。现实安全、同意、持续行为、反例与双方协商优先。,高,待验证,,exchange_evidence=XV4; provisional=true; rule_group=EXCHANGE-XV证据,0.4
M5-EXCHANGE-281,XV5 压力／代价情境证据｜正式定义,L5 双人交换证据深度,EXCHANGE-XV证据,通用,定义,XV5,压力／代价情境证据,评估双方交换事件证据。,无,由共享基础引擎、M3与M5-BASE提供；只修正用户怎样给予、请求、接收和回馈，不直接判断双方现实交换质量。,M2只说明进入关系所需资格证据；不能替代长期双向交换、负荷与修复验证。,M3-BASE、EXPR、CARE和BOUND提供用户自然互动通道；M5-EXCHANGE负责把两人的实际行为合成为交换结构。,无／按本规则指定的给予—请求—接收—反馈—重订路径路由。,近位、远位只修正该交换需求进入亲密关系核心的可能；不得据此判断具体伴侣现实中一定配合。,根气只修正用户交换需求和通道是否稳定重复，不等于双方已形成成熟互惠。,旺弱只修正通道调用强度、抢位或缺位风险，不直接等于交换公平或关系质量。,喜忌只修正调用顺畅度与摩擦，不可直接翻译为理想伴侣五行、十神或必然互补。,真合化成立时按化神功能重算用户交换需求；合化争议时停止细化交换通道。,近位提高该交换议题进入关系核心的可能；远位只保留背景或阶段性观察。,96,不加分；证据定义,exchange_evidence_level,在疲劳、金钱、疾病、家庭责任或冲突下仍能协商负荷。,当前交换证据层级：压力／代价情境证据。,不得仅凭本规则推出双方一定公平、相爱、忠诚、长期稳定或适合结婚；不得把付出多少直接等同爱多少；不得以命理要求单方牺牲、立即回报、原谅、复合或继续关系。现实安全、同意、持续行为、反例与双方协商优先。,高,待验证,,exchange_evidence=XV5; provisional=true; rule_group=EXCHANGE-XV证据,0.4
M5-EXCHANGE-282,XV5 压力／代价情境证据｜最低资料,L5 双人交换证据深度,EXCHANGE-XV证据,通用,证据,XV5,压力／代价情境证据,在疲劳、金钱、疾病、家庭责任或冲突下仍能协商负荷。,没有相应现实资料。,由共享基础引擎、M3与M5-BASE提供；只修正用户怎样给予、请求、接收和回馈，不直接判断双方现实交换质量。,M2只说明进入关系所需资格证据；不能替代长期双向交换、负荷与修复验证。,M3-BASE、EXPR、CARE和BOUND提供用户自然互动通道；M5-EXCHANGE负责把两人的实际行为合成为交换结构。,无／按本规则指定的给予—请求—接收—反馈—重订路径路由。,近位、远位只修正该交换需求进入亲密关系核心的可能；不得据此判断具体伴侣现实中一定配合。,根气只修正用户交换需求和通道是否稳定重复，不等于双方已形成成熟互惠。,旺弱只修正通道调用强度、抢位或缺位风险，不直接等于交换公平或关系质量。,喜忌只修正调用顺畅度与摩擦，不可直接翻译为理想伴侣五行、十神或必然互补。,真合化成立时按化神功能重算用户交换需求；合化争议时停止细化交换通道。,近位提高该交换议题进入关系核心的可能；远位只保留背景或阶段性观察。,88,XV路由,exchange_evidence_level,XV5的最低资料是：在疲劳、金钱、疾病、家庭责任或冲突下仍能协商负荷。,这一层主要依据：在疲劳、金钱、疾病、家庭责任或冲突下仍能协商负荷。,不得仅凭本规则推出双方一定公平、相爱、忠诚、长期稳定或适合结婚；不得把付出多少直接等同爱多少；不得以命理要求单方牺牲、立即回报、原谅、复合或继续关系。现实安全、同意、持续行为、反例与双方协商优先。,中高,待验证,,exchange_evidence=XV5; provisional=true; rule_group=EXCHANGE-XV证据,0.4
M5-EXCHANGE-283,XV5 压力／代价情境证据｜允许发布,L5 双人交换证据深度,EXCHANGE-XV证据,通用,输出,XV5,压力／代价情境证据,XV5成立。,试图越级到更强结论。,由共享基础引擎、M3与M5-BASE提供；只修正用户怎样给予、请求、接收和回馈，不直接判断双方现实交换质量。,M2只说明进入关系所需资格证据；不能替代长期双向交换、负荷与修复验证。,M3-BASE、EXPR、CARE和BOUND提供用户自然互动通道；M5-EXCHANGE负责把两人的实际行为合成为交换结构。,无／按本规则指定的给予—请求—接收—反馈—重订路径路由。,近位、远位只修正该交换需求进入亲密关系核心的可能；不得据此判断具体伴侣现实中一定配合。,根气只修正用户交换需求和通道是否稳定重复，不等于双方已形成成熟互惠。,旺弱只修正通道调用强度、抢位或缺位风险，不直接等于交换公平或关系质量。,喜忌只修正调用顺畅度与摩擦，不可直接翻译为理想伴侣五行、十神或必然互补。,真合化成立时按化神功能重算用户交换需求；合化争议时停止细化交换通道。,近位提高该交换议题进入关系核心的可能；远位只保留背景或阶段性观察。,84,发布上限,report_text,可以评价压力下的交换边界。,可以评价压力下的交换边界。,不得仅凭本规则推出双方一定公平、相爱、忠诚、长期稳定或适合结婚；不得把付出多少直接等同爱多少；不得以命理要求单方牺牲、立即回报、原谅、复合或继续关系。现实安全、同意、持续行为、反例与双方协商优先。,中高,待验证,,exchange_evidence=XV5; provisional=true; rule_group=EXCHANGE-XV证据,0.4
M5-EXCHANGE-284,XV5 压力／代价情境证据｜禁止发布,L5 双人交换证据深度,EXCHANGE-XV证据,通用,边界,XV5,压力／代价情境证据,XV5成立。,无,由共享基础引擎、M3与M5-BASE提供；只修正用户怎样给予、请求、接收和回馈，不直接判断双方现实交换质量。,M2只说明进入关系所需资格证据；不能替代长期双向交换、负荷与修复验证。,M3-BASE、EXPR、CARE和BOUND提供用户自然互动通道；M5-EXCHANGE负责把两人的实际行为合成为交换结构。,无／按本规则指定的给予—请求—接收—反馈—重订路径路由。,近位、远位只修正该交换需求进入亲密关系核心的可能；不得据此判断具体伴侣现实中一定配合。,根气只修正用户交换需求和通道是否稳定重复，不等于双方已形成成熟互惠。,旺弱只修正通道调用强度、抢位或缺位风险，不直接等于交换公平或关系质量。,喜忌只修正调用顺畅度与摩擦，不可直接翻译为理想伴侣五行、十神或必然互补。,真合化成立时按化神功能重算用户交换需求；合化争议时停止细化交换通道。,近位提高该交换议题进入关系核心的可能；远位只保留背景或阶段性观察。,95,不加分；边界,boundary_note,不能单独证明修复完成。,目前还不能：不能单独证明修复完成。,不得仅凭本规则推出双方一定公平、相爱、忠诚、长期稳定或适合结婚；不得把付出多少直接等同爱多少；不得以命理要求单方牺牲、立即回报、原谅、复合或继续关系。现实安全、同意、持续行为、反例与双方协商优先。,高,待验证,,exchange_evidence=XV5; provisional=true; rule_group=EXCHANGE-XV证据,0.4
M5-EXCHANGE-285,XV5 压力／代价情境证据｜升级任务,L5 双人交换证据深度,EXCHANGE-XV证据,通用,路由,XV5,压力／代价情境证据,准备从XV5升级。,安全、资料或反例停止。,由共享基础引擎、M3与M5-BASE提供；只修正用户怎样给予、请求、接收和回馈，不直接判断双方现实交换质量。,M2只说明进入关系所需资格证据；不能替代长期双向交换、负荷与修复验证。,M3-BASE、EXPR、CARE和BOUND提供用户自然互动通道；M5-EXCHANGE负责把两人的实际行为合成为交换结构。,无／按本规则指定的给予—请求—接收—反馈—重订路径路由。,近位、远位只修正该交换需求进入亲密关系核心的可能；不得据此判断具体伴侣现实中一定配合。,根气只修正用户交换需求和通道是否稳定重复，不等于双方已形成成熟互惠。,旺弱只修正通道调用强度、抢位或缺位风险，不直接等于交换公平或关系质量。,喜忌只修正调用顺畅度与摩擦，不可直接翻译为理想伴侣五行、十神或必然互补。,真合化成立时按化神功能重算用户交换需求；合化争议时停止细化交换通道。,近位提高该交换议题进入关系核心的可能；远位只保留背景或阶段性观察。,76,不加分；观察计划,observation_plan,收集重订和修复资料。,下一步观察：收集重订和修复资料。,不得仅凭本规则推出双方一定公平、相爱、忠诚、长期稳定或适合结婚；不得把付出多少直接等同爱多少；不得以命理要求单方牺牲、立即回报、原谅、复合或继续关系。现实安全、同意、持续行为、反例与双方协商优先。,中,待验证,,exchange_evidence=XV5; provisional=true; rule_group=EXCHANGE-XV证据,0.4
M5-EXCHANGE-286,XV5 压力／代价情境证据｜与FG关系,L5 双人交换证据深度,EXCHANGE-XV证据,通用,接口,XV5,压力／代价情境证据,XV5可用。,把XV直接等同FG。,由共享基础引擎、M3与M5-BASE提供；只修正用户怎样给予、请求、接收和回馈，不直接判断双方现实交换质量。,M2只说明进入关系所需资格证据；不能替代长期双向交换、负荷与修复验证。,M3-BASE、EXPR、CARE和BOUND提供用户自然互动通道；M5-EXCHANGE负责把两人的实际行为合成为交换结构。,无／按本规则指定的给予—请求—接收—反馈—重订路径路由。,近位、远位只修正该交换需求进入亲密关系核心的可能；不得据此判断具体伴侣现实中一定配合。,根气只修正用户交换需求和通道是否稳定重复，不等于双方已形成成熟互惠。,旺弱只修正通道调用强度、抢位或缺位风险，不直接等于交换公平或关系质量。,喜忌只修正调用顺畅度与摩擦，不可直接翻译为理想伴侣五行、十神或必然互补。,真合化成立时按化神功能重算用户交换需求；合化争议时停止细化交换通道。,近位提高该交换议题进入关系核心的可能；远位只保留背景或阶段性观察。,92,不加分；去耦,fit_grade,XV与FG分开计算。,交换证据更深，但最终适配仍需综合现实门槛。,不得仅凭本规则推出双方一定公平、相爱、忠诚、长期稳定或适合结婚；不得把付出多少直接等同爱多少；不得以命理要求单方牺牲、立即回报、原谅、复合或继续关系。现实安全、同意、持续行为、反例与双方协商优先。,高,待验证,,exchange_evidence=XV5; provisional=true; rule_group=EXCHANGE-XV证据,0.4
M5-EXCHANGE-287,XV6 修复与重订证据｜正式定义,L5 双人交换证据深度,EXCHANGE-XV证据,通用,定义,XV6,修复与重订证据,评估双方交换事件证据。,无,由共享基础引擎、M3与M5-BASE提供；只修正用户怎样给予、请求、接收和回馈，不直接判断双方现实交换质量。,M2只说明进入关系所需资格证据；不能替代长期双向交换、负荷与修复验证。,M3-BASE、EXPR、CARE和BOUND提供用户自然互动通道；M5-EXCHANGE负责把两人的实际行为合成为交换结构。,无／按本规则指定的给予—请求—接收—反馈—重订路径路由。,近位、远位只修正该交换需求进入亲密关系核心的可能；不得据此判断具体伴侣现实中一定配合。,根气只修正用户交换需求和通道是否稳定重复，不等于双方已形成成熟互惠。,旺弱只修正通道调用强度、抢位或缺位风险，不直接等于交换公平或关系质量。,喜忌只修正调用顺畅度与摩擦，不可直接翻译为理想伴侣五行、十神或必然互补。,真合化成立时按化神功能重算用户交换需求；合化争议时停止细化交换通道。,近位提高该交换议题进入关系核心的可能；远位只保留背景或阶段性观察。,96,不加分；证据定义,exchange_evidence_level,交换失衡后能够接收反馈、调整分工并持续回访。,当前交换证据层级：修复与重订证据。,不得仅凭本规则推出双方一定公平、相爱、忠诚、长期稳定或适合结婚；不得把付出多少直接等同爱多少；不得以命理要求单方牺牲、立即回报、原谅、复合或继续关系。现实安全、同意、持续行为、反例与双方协商优先。,高,待验证,,exchange_evidence=XV6; provisional=true; rule_group=EXCHANGE-XV证据,0.4
M5-EXCHANGE-288,XV6 修复与重订证据｜最低资料,L5 双人交换证据深度,EXCHANGE-XV证据,通用,证据,XV6,修复与重订证据,交换失衡后能够接收反馈、调整分工并持续回访。,没有相应现实资料。,由共享基础引擎、M3与M5-BASE提供；只修正用户怎样给予、请求、接收和回馈，不直接判断双方现实交换质量。,M2只说明进入关系所需资格证据；不能替代长期双向交换、负荷与修复验证。,M3-BASE、EXPR、CARE和BOUND提供用户自然互动通道；M5-EXCHANGE负责把两人的实际行为合成为交换结构。,无／按本规则指定的给予—请求—接收—反馈—重订路径路由。,近位、远位只修正该交换需求进入亲密关系核心的可能；不得据此判断具体伴侣现实中一定配合。,根气只修正用户交换需求和通道是否稳定重复，不等于双方已形成成熟互惠。,旺弱只修正通道调用强度、抢位或缺位风险，不直接等于交换公平或关系质量。,喜忌只修正调用顺畅度与摩擦，不可直接翻译为理想伴侣五行、十神或必然互补。,真合化成立时按化神功能重算用户交换需求；合化争议时停止细化交换通道。,近位提高该交换议题进入关系核心的可能；远位只保留背景或阶段性观察。,88,XV路由,exchange_evidence_level,XV6的最低资料是：交换失衡后能够接收反馈、调整分工并持续回访。,这一层主要依据：交换失衡后能够接收反馈、调整分工并持续回访。,不得仅凭本规则推出双方一定公平、相爱、忠诚、长期稳定或适合结婚；不得把付出多少直接等同爱多少；不得以命理要求单方牺牲、立即回报、原谅、复合或继续关系。现实安全、同意、持续行为、反例与双方协商优先。,中高,待验证,,exchange_evidence=XV6; provisional=true; rule_group=EXCHANGE-XV证据,0.4
M5-EXCHANGE-289,XV6 修复与重订证据｜允许发布,L5 双人交换证据深度,EXCHANGE-XV证据,通用,输出,XV6,修复与重订证据,XV6成立。,试图越级到更强结论。,由共享基础引擎、M3与M5-BASE提供；只修正用户怎样给予、请求、接收和回馈，不直接判断双方现实交换质量。,M2只说明进入关系所需资格证据；不能替代长期双向交换、负荷与修复验证。,M3-BASE、EXPR、CARE和BOUND提供用户自然互动通道；M5-EXCHANGE负责把两人的实际行为合成为交换结构。,无／按本规则指定的给予—请求—接收—反馈—重订路径路由。,近位、远位只修正该交换需求进入亲密关系核心的可能；不得据此判断具体伴侣现实中一定配合。,根气只修正用户交换需求和通道是否稳定重复，不等于双方已形成成熟互惠。,旺弱只修正通道调用强度、抢位或缺位风险，不直接等于交换公平或关系质量。,喜忌只修正调用顺畅度与摩擦，不可直接翻译为理想伴侣五行、十神或必然互补。,真合化成立时按化神功能重算用户交换需求；合化争议时停止细化交换通道。,近位提高该交换议题进入关系核心的可能；远位只保留背景或阶段性观察。,84,发布上限,report_text,可以建立交换修复能力候选。,可以建立交换修复能力候选。,不得仅凭本规则推出双方一定公平、相爱、忠诚、长期稳定或适合结婚；不得把付出多少直接等同爱多少；不得以命理要求单方牺牲、立即回报、原谅、复合或继续关系。现实安全、同意、持续行为、反例与双方协商优先。,中高,待验证,,exchange_evidence=XV6; provisional=true; rule_group=EXCHANGE-XV证据,0.4
M5-EXCHANGE-290,XV6 修复与重订证据｜禁止发布,L5 双人交换证据深度,EXCHANGE-XV证据,通用,边界,XV6,修复与重订证据,XV6成立。,无,由共享基础引擎、M3与M5-BASE提供；只修正用户怎样给予、请求、接收和回馈，不直接判断双方现实交换质量。,M2只说明进入关系所需资格证据；不能替代长期双向交换、负荷与修复验证。,M3-BASE、EXPR、CARE和BOUND提供用户自然互动通道；M5-EXCHANGE负责把两人的实际行为合成为交换结构。,无／按本规则指定的给予—请求—接收—反馈—重订路径路由。,近位、远位只修正该交换需求进入亲密关系核心的可能；不得据此判断具体伴侣现实中一定配合。,根气只修正用户交换需求和通道是否稳定重复，不等于双方已形成成熟互惠。,旺弱只修正通道调用强度、抢位或缺位风险，不直接等于交换公平或关系质量。,喜忌只修正调用顺畅度与摩擦，不可直接翻译为理想伴侣五行、十神或必然互补。,真合化成立时按化神功能重算用户交换需求；合化争议时停止细化交换通道。,近位提高该交换议题进入关系核心的可能；远位只保留背景或阶段性观察。,95,不加分；边界,boundary_note,一次成功不能写长期稳定。,目前还不能：一次成功不能写长期稳定。,不得仅凭本规则推出双方一定公平、相爱、忠诚、长期稳定或适合结婚；不得把付出多少直接等同爱多少；不得以命理要求单方牺牲、立即回报、原谅、复合或继续关系。现实安全、同意、持续行为、反例与双方协商优先。,高,待验证,,exchange_evidence=XV6; provisional=true; rule_group=EXCHANGE-XV证据,0.4
M5-EXCHANGE-291,XV6 修复与重订证据｜升级任务,L5 双人交换证据深度,EXCHANGE-XV证据,通用,路由,XV6,修复与重订证据,准备从XV6升级。,安全、资料或反例停止。,由共享基础引擎、M3与M5-BASE提供；只修正用户怎样给予、请求、接收和回馈，不直接判断双方现实交换质量。,M2只说明进入关系所需资格证据；不能替代长期双向交换、负荷与修复验证。,M3-BASE、EXPR、CARE和BOUND提供用户自然互动通道；M5-EXCHANGE负责把两人的实际行为合成为交换结构。,无／按本规则指定的给予—请求—接收—反馈—重订路径路由。,近位、远位只修正该交换需求进入亲密关系核心的可能；不得据此判断具体伴侣现实中一定配合。,根气只修正用户交换需求和通道是否稳定重复，不等于双方已形成成熟互惠。,旺弱只修正通道调用强度、抢位或缺位风险，不直接等于交换公平或关系质量。,喜忌只修正调用顺畅度与摩擦，不可直接翻译为理想伴侣五行、十神或必然互补。,真合化成立时按化神功能重算用户交换需求；合化争议时停止细化交换通道。,近位提高该交换议题进入关系核心的可能；远位只保留背景或阶段性观察。,76,不加分；观察计划,observation_plan,观察旧问题复发和持续兑现。,下一步观察：观察旧问题复发和持续兑现。,不得仅凭本规则推出双方一定公平、相爱、忠诚、长期稳定或适合结婚；不得把付出多少直接等同爱多少；不得以命理要求单方牺牲、立即回报、原谅、复合或继续关系。现实安全、同意、持续行为、反例与双方协商优先。,中,待验证,,exchange_evidence=XV6; provisional=true; rule_group=EXCHANGE-XV证据,0.4
M5-EXCHANGE-292,XV6 修复与重订证据｜与FG关系,L5 双人交换证据深度,EXCHANGE-XV证据,通用,接口,XV6,修复与重订证据,XV6可用。,把XV直接等同FG。,由共享基础引擎、M3与M5-BASE提供；只修正用户怎样给予、请求、接收和回馈，不直接判断双方现实交换质量。,M2只说明进入关系所需资格证据；不能替代长期双向交换、负荷与修复验证。,M3-BASE、EXPR、CARE和BOUND提供用户自然互动通道；M5-EXCHANGE负责把两人的实际行为合成为交换结构。,无／按本规则指定的给予—请求—接收—反馈—重订路径路由。,近位、远位只修正该交换需求进入亲密关系核心的可能；不得据此判断具体伴侣现实中一定配合。,根气只修正用户交换需求和通道是否稳定重复，不等于双方已形成成熟互惠。,旺弱只修正通道调用强度、抢位或缺位风险，不直接等于交换公平或关系质量。,喜忌只修正调用顺畅度与摩擦，不可直接翻译为理想伴侣五行、十神或必然互补。,真合化成立时按化神功能重算用户交换需求；合化争议时停止细化交换通道。,近位提高该交换议题进入关系核心的可能；远位只保留背景或阶段性观察。,92,不加分；去耦,fit_grade,XV与FG分开计算。,交换证据更深，但最终适配仍需综合现实门槛。,不得仅凭本规则推出双方一定公平、相爱、忠诚、长期稳定或适合结婚；不得把付出多少直接等同爱多少；不得以命理要求单方牺牲、立即回报、原谅、复合或继续关系。现实安全、同意、持续行为、反例与双方协商优先。,高,待验证,,exchange_evidence=XV6; provisional=true; rule_group=EXCHANGE-XV证据,0.4
M5-EXCHANGE-293,XV7 反例／长期检验证据｜正式定义,L5 双人交换证据深度,EXCHANGE-XV证据,通用,定义,XV7,反例／长期检验证据,评估双方交换事件证据。,无,由共享基础引擎、M3与M5-BASE提供；只修正用户怎样给予、请求、接收和回馈，不直接判断双方现实交换质量。,M2只说明进入关系所需资格证据；不能替代长期双向交换、负荷与修复验证。,M3-BASE、EXPR、CARE和BOUND提供用户自然互动通道；M5-EXCHANGE负责把两人的实际行为合成为交换结构。,无／按本规则指定的给予—请求—接收—反馈—重订路径路由。,近位、远位只修正该交换需求进入亲密关系核心的可能；不得据此判断具体伴侣现实中一定配合。,根气只修正用户交换需求和通道是否稳定重复，不等于双方已形成成熟互惠。,旺弱只修正通道调用强度、抢位或缺位风险，不直接等于交换公平或关系质量。,喜忌只修正调用顺畅度与摩擦，不可直接翻译为理想伴侣五行、十神或必然互补。,真合化成立时按化神功能重算用户交换需求；合化争议时停止细化交换通道。,近位提高该交换议题进入关系核心的可能；远位只保留背景或阶段性观察。,96,不加分；证据定义,exchange_evidence_level,经历失衡、复发、角色变化或规则对自己不利后，仍能修正交换。,当前交换证据层级：反例／长期检验证据。,不得仅凭本规则推出双方一定公平、相爱、忠诚、长期稳定或适合结婚；不得把付出多少直接等同爱多少；不得以命理要求单方牺牲、立即回报、原谅、复合或继续关系。现实安全、同意、持续行为、反例与双方协商优先。,高,待验证,,exchange_evidence=XV7; provisional=true; rule_group=EXCHANGE-XV证据,0.4
M5-EXCHANGE-294,XV7 反例／长期检验证据｜最低资料,L5 双人交换证据深度,EXCHANGE-XV证据,通用,证据,XV7,反例／长期检验证据,经历失衡、复发、角色变化或规则对自己不利后，仍能修正交换。,没有相应现实资料。,由共享基础引擎、M3与M5-BASE提供；只修正用户怎样给予、请求、接收和回馈，不直接判断双方现实交换质量。,M2只说明进入关系所需资格证据；不能替代长期双向交换、负荷与修复验证。,M3-BASE、EXPR、CARE和BOUND提供用户自然互动通道；M5-EXCHANGE负责把两人的实际行为合成为交换结构。,无／按本规则指定的给予—请求—接收—反馈—重订路径路由。,近位、远位只修正该交换需求进入亲密关系核心的可能；不得据此判断具体伴侣现实中一定配合。,根气只修正用户交换需求和通道是否稳定重复，不等于双方已形成成熟互惠。,旺弱只修正通道调用强度、抢位或缺位风险，不直接等于交换公平或关系质量。,喜忌只修正调用顺畅度与摩擦，不可直接翻译为理想伴侣五行、十神或必然互补。,真合化成立时按化神功能重算用户交换需求；合化争议时停止细化交换通道。,近位提高该交换议题进入关系核心的可能；远位只保留背景或阶段性观察。,88,XV路由,exchange_evidence_level,XV7的最低资料是：经历失衡、复发、角色变化或规则对自己不利后，仍能修正交换。,这一层主要依据：经历失衡、复发、角色变化或规则对自己不利后，仍能修正交换。,不得仅凭本规则推出双方一定公平、相爱、忠诚、长期稳定或适合结婚；不得把付出多少直接等同爱多少；不得以命理要求单方牺牲、立即回报、原谅、复合或继续关系。现实安全、同意、持续行为、反例与双方协商优先。,中高,待验证,,exchange_evidence=XV7; provisional=true; rule_group=EXCHANGE-XV证据,0.4
M5-EXCHANGE-295,XV7 反例／长期检验证据｜允许发布,L5 双人交换证据深度,EXCHANGE-XV证据,通用,输出,XV7,反例／长期检验证据,XV7成立。,试图越级到更强结论。,由共享基础引擎、M3与M5-BASE提供；只修正用户怎样给予、请求、接收和回馈，不直接判断双方现实交换质量。,M2只说明进入关系所需资格证据；不能替代长期双向交换、负荷与修复验证。,M3-BASE、EXPR、CARE和BOUND提供用户自然互动通道；M5-EXCHANGE负责把两人的实际行为合成为交换结构。,无／按本规则指定的给予—请求—接收—反馈—重订路径路由。,近位、远位只修正该交换需求进入亲密关系核心的可能；不得据此判断具体伴侣现实中一定配合。,根气只修正用户交换需求和通道是否稳定重复，不等于双方已形成成熟互惠。,旺弱只修正通道调用强度、抢位或缺位风险，不直接等于交换公平或关系质量。,喜忌只修正调用顺畅度与摩擦，不可直接翻译为理想伴侣五行、十神或必然互补。,真合化成立时按化神功能重算用户交换需求；合化争议时停止细化交换通道。,近位提高该交换议题进入关系核心的可能；远位只保留背景或阶段性观察。,84,发布上限,report_text,可作为较高等级现实交换证据。,可作为较高等级现实交换证据。,不得仅凭本规则推出双方一定公平、相爱、忠诚、长期稳定或适合结婚；不得把付出多少直接等同爱多少；不得以命理要求单方牺牲、立即回报、原谅、复合或继续关系。现实安全、同意、持续行为、反例与双方协商优先。,中高,待验证,,exchange_evidence=XV7; provisional=true; rule_group=EXCHANGE-XV证据,0.4
M5-EXCHANGE-296,XV7 反例／长期检验证据｜禁止发布,L5 双人交换证据深度,EXCHANGE-XV证据,通用,边界,XV7,反例／长期检验证据,XV7成立。,无,由共享基础引擎、M3与M5-BASE提供；只修正用户怎样给予、请求、接收和回馈，不直接判断双方现实交换质量。,M2只说明进入关系所需资格证据；不能替代长期双向交换、负荷与修复验证。,M3-BASE、EXPR、CARE和BOUND提供用户自然互动通道；M5-EXCHANGE负责把两人的实际行为合成为交换结构。,无／按本规则指定的给予—请求—接收—反馈—重订路径路由。,近位、远位只修正该交换需求进入亲密关系核心的可能；不得据此判断具体伴侣现实中一定配合。,根气只修正用户交换需求和通道是否稳定重复，不等于双方已形成成熟互惠。,旺弱只修正通道调用强度、抢位或缺位风险，不直接等于交换公平或关系质量。,喜忌只修正调用顺畅度与摩擦，不可直接翻译为理想伴侣五行、十神或必然互补。,真合化成立时按化神功能重算用户交换需求；合化争议时停止细化交换通道。,近位提高该交换议题进入关系核心的可能；远位只保留背景或阶段性观察。,95,不加分；边界,boundary_note,仍受安全、价值观和其他RG门槛约束。,目前还不能：仍受安全、价值观和其他RG门槛约束。,不得仅凭本规则推出双方一定公平、相爱、忠诚、长期稳定或适合结婚；不得把付出多少直接等同爱多少；不得以命理要求单方牺牲、立即回报、原谅、复合或继续关系。现实安全、同意、持续行为、反例与双方协商优先。,高,待验证,,exchange_evidence=XV7; provisional=true; rule_group=EXCHANGE-XV证据,0.4
M5-EXCHANGE-297,XV7 反例／长期检验证据｜升级任务,L5 双人交换证据深度,EXCHANGE-XV证据,通用,路由,XV7,反例／长期检验证据,准备从XV7升级。,安全、资料或反例停止。,由共享基础引擎、M3与M5-BASE提供；只修正用户怎样给予、请求、接收和回馈，不直接判断双方现实交换质量。,M2只说明进入关系所需资格证据；不能替代长期双向交换、负荷与修复验证。,M3-BASE、EXPR、CARE和BOUND提供用户自然互动通道；M5-EXCHANGE负责把两人的实际行为合成为交换结构。,无／按本规则指定的给予—请求—接收—反馈—重订路径路由。,近位、远位只修正该交换需求进入亲密关系核心的可能；不得据此判断具体伴侣现实中一定配合。,根气只修正用户交换需求和通道是否稳定重复，不等于双方已形成成熟互惠。,旺弱只修正通道调用强度、抢位或缺位风险，不直接等于交换公平或关系质量。,喜忌只修正调用顺畅度与摩擦，不可直接翻译为理想伴侣五行、十神或必然互补。,真合化成立时按化神功能重算用户交换需求；合化争议时停止细化交换通道。,近位提高该交换议题进入关系核心的可能；远位只保留背景或阶段性观察。,76,不加分；观察计划,observation_plan,进入M5-SYNTH综合验证。,下一步观察：进入M5-SYNTH综合验证。,不得仅凭本规则推出双方一定公平、相爱、忠诚、长期稳定或适合结婚；不得把付出多少直接等同爱多少；不得以命理要求单方牺牲、立即回报、原谅、复合或继续关系。现实安全、同意、持续行为、反例与双方协商优先。,中,待验证,,exchange_evidence=XV7; provisional=true; rule_group=EXCHANGE-XV证据,0.4
M5-EXCHANGE-298,XV7 反例／长期检验证据｜与FG关系,L5 双人交换证据深度,EXCHANGE-XV证据,通用,接口,XV7,反例／长期检验证据,XV7可用。,把XV直接等同FG。,由共享基础引擎、M3与M5-BASE提供；只修正用户怎样给予、请求、接收和回馈，不直接判断双方现实交换质量。,M2只说明进入关系所需资格证据；不能替代长期双向交换、负荷与修复验证。,M3-BASE、EXPR、CARE和BOUND提供用户自然互动通道；M5-EXCHANGE负责把两人的实际行为合成为交换结构。,无／按本规则指定的给予—请求—接收—反馈—重订路径路由。,近位、远位只修正该交换需求进入亲密关系核心的可能；不得据此判断具体伴侣现实中一定配合。,根气只修正用户交换需求和通道是否稳定重复，不等于双方已形成成熟互惠。,旺弱只修正通道调用强度、抢位或缺位风险，不直接等于交换公平或关系质量。,喜忌只修正调用顺畅度与摩擦，不可直接翻译为理想伴侣五行、十神或必然互补。,真合化成立时按化神功能重算用户交换需求；合化争议时停止细化交换通道。,近位提高该交换议题进入关系核心的可能；远位只保留背景或阶段性观察。,92,不加分；去耦,fit_grade,XV与FG分开计算。,交换证据更深，但最终适配仍需综合现实门槛。,不得仅凭本规则推出双方一定公平、相爱、忠诚、长期稳定或适合结婚；不得把付出多少直接等同爱多少；不得以命理要求单方牺牲、立即回报、原谅、复合或继续关系。现实安全、同意、持续行为、反例与双方协商优先。,高,待验证,,exchange_evidence=XV7; provisional=true; rule_group=EXCHANGE-XV证据,0.4
M5-EXCHANGE-299,EB01 显眼投入等于全部投入｜正式定义,L6 交换误读与伪互惠,EXCHANGE-EB伪互惠,通用,伪互惠,EB01,显眼投入等于全部投入,出现相关判断偏差或交换争议。,XV6—XV7现实资料已经排除。,由共享基础引擎、M3与M5-BASE提供；只修正用户怎样给予、请求、接收和回馈，不直接判断双方现实交换质量。,M2只说明进入关系所需资格证据；不能替代长期双向交换、负荷与修复验证。,M3-BASE、EXPR、CARE和BOUND提供用户自然互动通道；M5-EXCHANGE负责把两人的实际行为合成为交换结构。,无／按本规则指定的给予—请求—接收—反馈—重订路径路由。,近位、远位只修正该交换需求进入亲密关系核心的可能；不得据此判断具体伴侣现实中一定配合。,根气只修正用户交换需求和通道是否稳定重复，不等于双方已形成成熟互惠。,旺弱只修正通道调用强度、抢位或缺位风险，不直接等于交换公平或关系质量。,喜忌只修正调用顺畅度与摩擦，不可直接翻译为理想伴侣五行、十神或必然互补。,真合化成立时按化神功能重算用户交换需求；合化争议时停止细化交换通道。,近位提高该交换议题进入关系核心的可能；远位只保留背景或阶段性观察。,95,EB风险 +12,pseudo_reciprocity_warning,只看到金钱、礼物、做事或说话最多的一方。,显眼不等于全部，先把不同领域都列出来。,不得仅凭本规则推出双方一定公平、相爱、忠诚、长期稳定或适合结婚；不得把付出多少直接等同爱多少；不得以命理要求单方牺牲、立即回报、原谅、复合或继续关系。现实安全、同意、持续行为、反例与双方协商优先。,高,待验证,,exchange_blindspot=EB01; provisional=true; rule_group=EXCHANGE-EB伪互惠,0.4
M5-EXCHANGE-300,EB01 显眼投入等于全部投入｜证据缺口,L6 交换误读与伪互惠,EXCHANGE-EB伪互惠,通用,证据,EB01,显眼投入等于全部投入,准备判断交换公平或成熟。,对应维度已跨场景验证。,由共享基础引擎、M3与M5-BASE提供；只修正用户怎样给予、请求、接收和回馈，不直接判断双方现实交换质量。,M2只说明进入关系所需资格证据；不能替代长期双向交换、负荷与修复验证。,M3-BASE、EXPR、CARE和BOUND提供用户自然互动通道；M5-EXCHANGE负责把两人的实际行为合成为交换结构。,无／按本规则指定的给予—请求—接收—反馈—重订路径路由。,近位、远位只修正该交换需求进入亲密关系核心的可能；不得据此判断具体伴侣现实中一定配合。,根气只修正用户交换需求和通道是否稳定重复，不等于双方已形成成熟互惠。,旺弱只修正通道调用强度、抢位或缺位风险，不直接等于交换公平或关系质量。,喜忌只修正调用顺畅度与摩擦，不可直接翻译为理想伴侣五行、十神或必然互补。,真合化成立时按化神功能重算用户交换需求；合化争议时停止细化交换通道。,近位提高该交换议题进入关系核心的可能；远位只保留背景或阶段性观察。,90,-12／停止升级,counterevidence,扩展到情绪劳动、计划、责任、修复和隐性支持。,需要补看：扩展到情绪劳动、计划、责任、修复和隐性支持。,不得仅凭本规则推出双方一定公平、相爱、忠诚、长期稳定或适合结婚；不得把付出多少直接等同爱多少；不得以命理要求单方牺牲、立即回报、原谅、复合或继续关系。现实安全、同意、持续行为、反例与双方协商优先。,中高,待验证,,exchange_blindspot=EB01; provisional=true; rule_group=EXCHANGE-EB伪互惠,0.4
M5-EXCHANGE-301,EB01 显眼投入等于全部投入｜纠偏与观察,L6 交换误读与伪互惠,EXCHANGE-EB伪互惠,通用,路由,EB01,显眼投入等于全部投入,EB候选成立。,PR0安全事件优先停止。,由共享基础引擎、M3与M5-BASE提供；只修正用户怎样给予、请求、接收和回馈，不直接判断双方现实交换质量。,M2只说明进入关系所需资格证据；不能替代长期双向交换、负荷与修复验证。,M3-BASE、EXPR、CARE和BOUND提供用户自然互动通道；M5-EXCHANGE负责把两人的实际行为合成为交换结构。,无／按本规则指定的给予—请求—接收—反馈—重订路径路由。,近位、远位只修正该交换需求进入亲密关系核心的可能；不得据此判断具体伴侣现实中一定配合。,根气只修正用户交换需求和通道是否稳定重复，不等于双方已形成成熟互惠。,旺弱只修正通道调用强度、抢位或缺位风险，不直接等于交换公平或关系质量。,喜忌只修正调用顺畅度与摩擦，不可直接翻译为理想伴侣五行、十神或必然互补。,真合化成立时按化神功能重算用户交换需求；合化争议时停止细化交换通道。,近位提高该交换议题进入关系核心的可能；远位只保留背景或阶段性观察。,84,不加分；观察路由,observation_plan,扩展到情绪劳动、计划、责任、修复和隐性支持。,纠偏时要：扩展到情绪劳动、计划、责任、修复和隐性支持。,不得仅凭本规则推出双方一定公平、相爱、忠诚、长期稳定或适合结婚；不得把付出多少直接等同爱多少；不得以命理要求单方牺牲、立即回报、原谅、复合或继续关系。现实安全、同意、持续行为、反例与双方协商优先。,中高,待验证,,exchange_blindspot=EB01; provisional=true; rule_group=EXCHANGE-EB伪互惠,0.4
M5-EXCHANGE-302,EB01 显眼投入等于全部投入｜用户解释,L6 交换误读与伪互惠,EXCHANGE-EB伪互惠,通用,输出,EB01,显眼投入等于全部投入,完成EB判断。,资料不足以区分。,由共享基础引擎、M3与M5-BASE提供；只修正用户怎样给予、请求、接收和回馈，不直接判断双方现实交换质量。,M2只说明进入关系所需资格证据；不能替代长期双向交换、负荷与修复验证。,M3-BASE、EXPR、CARE和BOUND提供用户自然互动通道；M5-EXCHANGE负责把两人的实际行为合成为交换结构。,无／按本规则指定的给予—请求—接收—反馈—重订路径路由。,近位、远位只修正该交换需求进入亲密关系核心的可能；不得据此判断具体伴侣现实中一定配合。,根气只修正用户交换需求和通道是否稳定重复，不等于双方已形成成熟互惠。,旺弱只修正通道调用强度、抢位或缺位风险，不直接等于交换公平或关系质量。,喜忌只修正调用顺畅度与摩擦，不可直接翻译为理想伴侣五行、十神或必然互补。,真合化成立时按化神功能重算用户交换需求；合化争议时停止细化交换通道。,近位提高该交换议题进入关系核心的可能；远位只保留背景或阶段性观察。,76,不加分；输出,report_text,显眼不等于全部，先把不同领域都列出来。,显眼不等于全部，先把不同领域都列出来。,不得仅凭本规则推出双方一定公平、相爱、忠诚、长期稳定或适合结婚；不得把付出多少直接等同爱多少；不得以命理要求单方牺牲、立即回报、原谅、复合或继续关系。现实安全、同意、持续行为、反例与双方协商优先。,中高,待验证,,exchange_blindspot=EB01; provisional=true; rule_group=EXCHANGE-EB伪互惠,0.4
M5-EXCHANGE-303,EB02 等量等于公平｜正式定义,L6 交换误读与伪互惠,EXCHANGE-EB伪互惠,通用,伪互惠,EB02,等量等于公平,出现相关判断偏差或交换争议。,XV6—XV7现实资料已经排除。,由共享基础引擎、M3与M5-BASE提供；只修正用户怎样给予、请求、接收和回馈，不直接判断双方现实交换质量。,M2只说明进入关系所需资格证据；不能替代长期双向交换、负荷与修复验证。,M3-BASE、EXPR、CARE和BOUND提供用户自然互动通道；M5-EXCHANGE负责把两人的实际行为合成为交换结构。,无／按本规则指定的给予—请求—接收—反馈—重订路径路由。,近位、远位只修正该交换需求进入亲密关系核心的可能；不得据此判断具体伴侣现实中一定配合。,根气只修正用户交换需求和通道是否稳定重复，不等于双方已形成成熟互惠。,旺弱只修正通道调用强度、抢位或缺位风险，不直接等于交换公平或关系质量。,喜忌只修正调用顺畅度与摩擦，不可直接翻译为理想伴侣五行、十神或必然互补。,真合化成立时按化神功能重算用户交换需求；合化争议时停止细化交换通道。,近位提高该交换议题进入关系核心的可能；远位只保留背景或阶段性观察。,95,EB风险 +12,pseudo_reciprocity_warning,要求每次、每项和每个阶段都完全对半。,公平不一定是每项相等，而是双方都知情、可承受、可重订。,不得仅凭本规则推出双方一定公平、相爱、忠诚、长期稳定或适合结婚；不得把付出多少直接等同爱多少；不得以命理要求单方牺牲、立即回报、原谅、复合或继续关系。现实安全、同意、持续行为、反例与双方协商优先。,高,待验证,,exchange_blindspot=EB02; provisional=true; rule_group=EXCHANGE-EB伪互惠,0.4
M5-EXCHANGE-304,EB02 等量等于公平｜证据缺口,L6 交换误读与伪互惠,EXCHANGE-EB伪互惠,通用,证据,EB02,等量等于公平,准备判断交换公平或成熟。,对应维度已跨场景验证。,由共享基础引擎、M3与M5-BASE提供；只修正用户怎样给予、请求、接收和回馈，不直接判断双方现实交换质量。,M2只说明进入关系所需资格证据；不能替代长期双向交换、负荷与修复验证。,M3-BASE、EXPR、CARE和BOUND提供用户自然互动通道；M5-EXCHANGE负责把两人的实际行为合成为交换结构。,无／按本规则指定的给予—请求—接收—反馈—重订路径路由。,近位、远位只修正该交换需求进入亲密关系核心的可能；不得据此判断具体伴侣现实中一定配合。,根气只修正用户交换需求和通道是否稳定重复，不等于双方已形成成熟互惠。,旺弱只修正通道调用强度、抢位或缺位风险，不直接等于交换公平或关系质量。,喜忌只修正调用顺畅度与摩擦，不可直接翻译为理想伴侣五行、十神或必然互补。,真合化成立时按化神功能重算用户交换需求；合化争议时停止细化交换通道。,近位提高该交换议题进入关系核心的可能；远位只保留背景或阶段性观察。,90,-12／停止升级,counterevidence,比较负荷、资源、选择权和长期可持续性。,需要补看：比较负荷、资源、选择权和长期可持续性。,不得仅凭本规则推出双方一定公平、相爱、忠诚、长期稳定或适合结婚；不得把付出多少直接等同爱多少；不得以命理要求单方牺牲、立即回报、原谅、复合或继续关系。现实安全、同意、持续行为、反例与双方协商优先。,中高,待验证,,exchange_blindspot=EB02; provisional=true; rule_group=EXCHANGE-EB伪互惠,0.4
M5-EXCHANGE-305,EB02 等量等于公平｜纠偏与观察,L6 交换误读与伪互惠,EXCHANGE-EB伪互惠,通用,路由,EB02,等量等于公平,EB候选成立。,PR0安全事件优先停止。,由共享基础引擎、M3与M5-BASE提供；只修正用户怎样给予、请求、接收和回馈，不直接判断双方现实交换质量。,M2只说明进入关系所需资格证据；不能替代长期双向交换、负荷与修复验证。,M3-BASE、EXPR、CARE和BOUND提供用户自然互动通道；M5-EXCHANGE负责把两人的实际行为合成为交换结构。,无／按本规则指定的给予—请求—接收—反馈—重订路径路由。,近位、远位只修正该交换需求进入亲密关系核心的可能；不得据此判断具体伴侣现实中一定配合。,根气只修正用户交换需求和通道是否稳定重复，不等于双方已形成成熟互惠。,旺弱只修正通道调用强度、抢位或缺位风险，不直接等于交换公平或关系质量。,喜忌只修正调用顺畅度与摩擦，不可直接翻译为理想伴侣五行、十神或必然互补。,真合化成立时按化神功能重算用户交换需求；合化争议时停止细化交换通道。,近位提高该交换议题进入关系核心的可能；远位只保留背景或阶段性观察。,84,不加分；观察路由,observation_plan,比较负荷、资源、选择权和长期可持续性。,纠偏时要：比较负荷、资源、选择权和长期可持续性。,不得仅凭本规则推出双方一定公平、相爱、忠诚、长期稳定或适合结婚；不得把付出多少直接等同爱多少；不得以命理要求单方牺牲、立即回报、原谅、复合或继续关系。现实安全、同意、持续行为、反例与双方协商优先。,中高,待验证,,exchange_blindspot=EB02; provisional=true; rule_group=EXCHANGE-EB伪互惠,0.4
M5-EXCHANGE-306,EB02 等量等于公平｜用户解释,L6 交换误读与伪互惠,EXCHANGE-EB伪互惠,通用,输出,EB02,等量等于公平,完成EB判断。,资料不足以区分。,由共享基础引擎、M3与M5-BASE提供；只修正用户怎样给予、请求、接收和回馈，不直接判断双方现实交换质量。,M2只说明进入关系所需资格证据；不能替代长期双向交换、负荷与修复验证。,M3-BASE、EXPR、CARE和BOUND提供用户自然互动通道；M5-EXCHANGE负责把两人的实际行为合成为交换结构。,无／按本规则指定的给予—请求—接收—反馈—重订路径路由。,近位、远位只修正该交换需求进入亲密关系核心的可能；不得据此判断具体伴侣现实中一定配合。,根气只修正用户交换需求和通道是否稳定重复，不等于双方已形成成熟互惠。,旺弱只修正通道调用强度、抢位或缺位风险，不直接等于交换公平或关系质量。,喜忌只修正调用顺畅度与摩擦，不可直接翻译为理想伴侣五行、十神或必然互补。,真合化成立时按化神功能重算用户交换需求；合化争议时停止细化交换通道。,近位提高该交换议题进入关系核心的可能；远位只保留背景或阶段性观察。,76,不加分；输出,report_text,公平不一定是每项相等，而是双方都知情、可承受、可重订。,公平不一定是每项相等，而是双方都知情、可承受、可重订。,不得仅凭本规则推出双方一定公平、相爱、忠诚、长期稳定或适合结婚；不得把付出多少直接等同爱多少；不得以命理要求单方牺牲、立即回报、原谅、复合或继续关系。现实安全、同意、持续行为、反例与双方协商优先。,中高,待验证,,exchange_blindspot=EB02; provisional=true; rule_group=EXCHANGE-EB伪互惠,0.4
M5-EXCHANGE-307,EB03 单向可见等于单向关系｜正式定义,L6 交换误读与伪互惠,EXCHANGE-EB伪互惠,通用,伪互惠,EB03,单向可见等于单向关系,出现相关判断偏差或交换争议。,XV6—XV7现实资料已经排除。,由共享基础引擎、M3与M5-BASE提供；只修正用户怎样给予、请求、接收和回馈，不直接判断双方现实交换质量。,M2只说明进入关系所需资格证据；不能替代长期双向交换、负荷与修复验证。,M3-BASE、EXPR、CARE和BOUND提供用户自然互动通道；M5-EXCHANGE负责把两人的实际行为合成为交换结构。,无／按本规则指定的给予—请求—接收—反馈—重订路径路由。,近位、远位只修正该交换需求进入亲密关系核心的可能；不得据此判断具体伴侣现实中一定配合。,根气只修正用户交换需求和通道是否稳定重复，不等于双方已形成成熟互惠。,旺弱只修正通道调用强度、抢位或缺位风险，不直接等于交换公平或关系质量。,喜忌只修正调用顺畅度与摩擦，不可直接翻译为理想伴侣五行、十神或必然互补。,真合化成立时按化神功能重算用户交换需求；合化争议时停止细化交换通道。,近位提高该交换议题进入关系核心的可能；远位只保留背景或阶段性观察。,95,EB风险 +12,pseudo_reciprocity_warning,资料只记录一方行为，就判断另一方完全不付出。,目前只看见一侧，不代表另一侧一定不存在。,不得仅凭本规则推出双方一定公平、相爱、忠诚、长期稳定或适合结婚；不得把付出多少直接等同爱多少；不得以命理要求单方牺牲、立即回报、原谅、复合或继续关系。现实安全、同意、持续行为、反例与双方协商优先。,高,待验证,,exchange_blindspot=EB03; provisional=true; rule_group=EXCHANGE-EB伪互惠,0.4
M5-EXCHANGE-308,EB03 单向可见等于单向关系｜证据缺口,L6 交换误读与伪互惠,EXCHANGE-EB伪互惠,通用,证据,EB03,单向可见等于单向关系,准备判断交换公平或成熟。,对应维度已跨场景验证。,由共享基础引擎、M3与M5-BASE提供；只修正用户怎样给予、请求、接收和回馈，不直接判断双方现实交换质量。,M2只说明进入关系所需资格证据；不能替代长期双向交换、负荷与修复验证。,M3-BASE、EXPR、CARE和BOUND提供用户自然互动通道；M5-EXCHANGE负责把两人的实际行为合成为交换结构。,无／按本规则指定的给予—请求—接收—反馈—重订路径路由。,近位、远位只修正该交换需求进入亲密关系核心的可能；不得据此判断具体伴侣现实中一定配合。,根气只修正用户交换需求和通道是否稳定重复，不等于双方已形成成熟互惠。,旺弱只修正通道调用强度、抢位或缺位风险，不直接等于交换公平或关系质量。,喜忌只修正调用顺畅度与摩擦，不可直接翻译为理想伴侣五行、十神或必然互补。,真合化成立时按化神功能重算用户交换需求；合化争议时停止细化交换通道。,近位提高该交换议题进入关系核心的可能；远位只保留背景或阶段性观察。,90,-12／停止升级,counterevidence,检查隐性贡献、错峰回馈、角色分工和资料缺失。,需要补看：检查隐性贡献、错峰回馈、角色分工和资料缺失。,不得仅凭本规则推出双方一定公平、相爱、忠诚、长期稳定或适合结婚；不得把付出多少直接等同爱多少；不得以命理要求单方牺牲、立即回报、原谅、复合或继续关系。现实安全、同意、持续行为、反例与双方协商优先。,中高,待验证,,exchange_blindspot=EB03; provisional=true; rule_group=EXCHANGE-EB伪互惠,0.4
M5-EXCHANGE-309,EB03 单向可见等于单向关系｜纠偏与观察,L6 交换误读与伪互惠,EXCHANGE-EB伪互惠,通用,路由,EB03,单向可见等于单向关系,EB候选成立。,PR0安全事件优先停止。,由共享基础引擎、M3与M5-BASE提供；只修正用户怎样给予、请求、接收和回馈，不直接判断双方现实交换质量。,M2只说明进入关系所需资格证据；不能替代长期双向交换、负荷与修复验证。,M3-BASE、EXPR、CARE和BOUND提供用户自然互动通道；M5-EXCHANGE负责把两人的实际行为合成为交换结构。,无／按本规则指定的给予—请求—接收—反馈—重订路径路由。,近位、远位只修正该交换需求进入亲密关系核心的可能；不得据此判断具体伴侣现实中一定配合。,根气只修正用户交换需求和通道是否稳定重复，不等于双方已形成成熟互惠。,旺弱只修正通道调用强度、抢位或缺位风险，不直接等于交换公平或关系质量。,喜忌只修正调用顺畅度与摩擦，不可直接翻译为理想伴侣五行、十神或必然互补。,真合化成立时按化神功能重算用户交换需求；合化争议时停止细化交换通道。,近位提高该交换议题进入关系核心的可能；远位只保留背景或阶段性观察。,84,不加分；观察路由,observation_plan,检查隐性贡献、错峰回馈、角色分工和资料缺失。,纠偏时要：检查隐性贡献、错峰回馈、角色分工和资料缺失。,不得仅凭本规则推出双方一定公平、相爱、忠诚、长期稳定或适合结婚；不得把付出多少直接等同爱多少；不得以命理要求单方牺牲、立即回报、原谅、复合或继续关系。现实安全、同意、持续行为、反例与双方协商优先。,中高,待验证,,exchange_blindspot=EB03; provisional=true; rule_group=EXCHANGE-EB伪互惠,0.4
M5-EXCHANGE-310,EB03 单向可见等于单向关系｜用户解释,L6 交换误读与伪互惠,EXCHANGE-EB伪互惠,通用,输出,EB03,单向可见等于单向关系,完成EB判断。,资料不足以区分。,由共享基础引擎、M3与M5-BASE提供；只修正用户怎样给予、请求、接收和回馈，不直接判断双方现实交换质量。,M2只说明进入关系所需资格证据；不能替代长期双向交换、负荷与修复验证。,M3-BASE、EXPR、CARE和BOUND提供用户自然互动通道；M5-EXCHANGE负责把两人的实际行为合成为交换结构。,无／按本规则指定的给予—请求—接收—反馈—重订路径路由。,近位、远位只修正该交换需求进入亲密关系核心的可能；不得据此判断具体伴侣现实中一定配合。,根气只修正用户交换需求和通道是否稳定重复，不等于双方已形成成熟互惠。,旺弱只修正通道调用强度、抢位或缺位风险，不直接等于交换公平或关系质量。,喜忌只修正调用顺畅度与摩擦，不可直接翻译为理想伴侣五行、十神或必然互补。,真合化成立时按化神功能重算用户交换需求；合化争议时停止细化交换通道。,近位提高该交换议题进入关系核心的可能；远位只保留背景或阶段性观察。,76,不加分；输出,report_text,目前只看见一侧，不代表另一侧一定不存在。,目前只看见一侧，不代表另一侧一定不存在。,不得仅凭本规则推出双方一定公平、相爱、忠诚、长期稳定或适合结婚；不得把付出多少直接等同爱多少；不得以命理要求单方牺牲、立即回报、原谅、复合或继续关系。现实安全、同意、持续行为、反例与双方协商优先。,中高,待验证,,exchange_blindspot=EB03; provisional=true; rule_group=EXCHANGE-EB伪互惠,0.4
M5-EXCHANGE-311,EB04 主动给予等于无需请求｜正式定义,L6 交换误读与伪互惠,EXCHANGE-EB伪互惠,通用,伪互惠,EB04,主动给予等于无需请求,出现相关判断偏差或交换争议。,XV6—XV7现实资料已经排除。,由共享基础引擎、M3与M5-BASE提供；只修正用户怎样给予、请求、接收和回馈，不直接判断双方现实交换质量。,M2只说明进入关系所需资格证据；不能替代长期双向交换、负荷与修复验证。,M3-BASE、EXPR、CARE和BOUND提供用户自然互动通道；M5-EXCHANGE负责把两人的实际行为合成为交换结构。,无／按本规则指定的给予—请求—接收—反馈—重订路径路由。,近位、远位只修正该交换需求进入亲密关系核心的可能；不得据此判断具体伴侣现实中一定配合。,根气只修正用户交换需求和通道是否稳定重复，不等于双方已形成成熟互惠。,旺弱只修正通道调用强度、抢位或缺位风险，不直接等于交换公平或关系质量。,喜忌只修正调用顺畅度与摩擦，不可直接翻译为理想伴侣五行、十神或必然互补。,真合化成立时按化神功能重算用户交换需求；合化争议时停止细化交换通道。,近位提高该交换议题进入关系核心的可能；远位只保留背景或阶段性观察。,95,EB风险 +12,pseudo_reciprocity_warning,认为真正爱就应该自动知道并主动满足。,对方不能靠猜测长期完成你的需要，清楚请求也是关系能力。,不得仅凭本规则推出双方一定公平、相爱、忠诚、长期稳定或适合结婚；不得把付出多少直接等同爱多少；不得以命理要求单方牺牲、立即回报、原谅、复合或继续关系。现实安全、同意、持续行为、反例与双方协商优先。,高,待验证,,exchange_blindspot=EB04; provisional=true; rule_group=EXCHANGE-EB伪互惠,0.4
M5-EXCHANGE-312,EB04 主动给予等于无需请求｜证据缺口,L6 交换误读与伪互惠,EXCHANGE-EB伪互惠,通用,证据,EB04,主动给予等于无需请求,准备判断交换公平或成熟。,对应维度已跨场景验证。,由共享基础引擎、M3与M5-BASE提供；只修正用户怎样给予、请求、接收和回馈，不直接判断双方现实交换质量。,M2只说明进入关系所需资格证据；不能替代长期双向交换、负荷与修复验证。,M3-BASE、EXPR、CARE和BOUND提供用户自然互动通道；M5-EXCHANGE负责把两人的实际行为合成为交换结构。,无／按本规则指定的给予—请求—接收—反馈—重订路径路由。,近位、远位只修正该交换需求进入亲密关系核心的可能；不得据此判断具体伴侣现实中一定配合。,根气只修正用户交换需求和通道是否稳定重复，不等于双方已形成成熟互惠。,旺弱只修正通道调用强度、抢位或缺位风险，不直接等于交换公平或关系质量。,喜忌只修正调用顺畅度与摩擦，不可直接翻译为理想伴侣五行、十神或必然互补。,真合化成立时按化神功能重算用户交换需求；合化争议时停止细化交换通道。,近位提高该交换议题进入关系核心的可能；远位只保留背景或阶段性观察。,90,-12／停止升级,counterevidence,建立具体请求、回应和确认是否命中的流程。,需要补看：建立具体请求、回应和确认是否命中的流程。,不得仅凭本规则推出双方一定公平、相爱、忠诚、长期稳定或适合结婚；不得把付出多少直接等同爱多少；不得以命理要求单方牺牲、立即回报、原谅、复合或继续关系。现实安全、同意、持续行为、反例与双方协商优先。,中高,待验证,,exchange_blindspot=EB04; provisional=true; rule_group=EXCHANGE-EB伪互惠,0.4
M5-EXCHANGE-313,EB04 主动给予等于无需请求｜纠偏与观察,L6 交换误读与伪互惠,EXCHANGE-EB伪互惠,通用,路由,EB04,主动给予等于无需请求,EB候选成立。,PR0安全事件优先停止。,由共享基础引擎、M3与M5-BASE提供；只修正用户怎样给予、请求、接收和回馈，不直接判断双方现实交换质量。,M2只说明进入关系所需资格证据；不能替代长期双向交换、负荷与修复验证。,M3-BASE、EXPR、CARE和BOUND提供用户自然互动通道；M5-EXCHANGE负责把两人的实际行为合成为交换结构。,无／按本规则指定的给予—请求—接收—反馈—重订路径路由。,近位、远位只修正该交换需求进入亲密关系核心的可能；不得据此判断具体伴侣现实中一定配合。,根气只修正用户交换需求和通道是否稳定重复，不等于双方已形成成熟互惠。,旺弱只修正通道调用强度、抢位或缺位风险，不直接等于交换公平或关系质量。,喜忌只修正调用顺畅度与摩擦，不可直接翻译为理想伴侣五行、十神或必然互补。,真合化成立时按化神功能重算用户交换需求；合化争议时停止细化交换通道。,近位提高该交换议题进入关系核心的可能；远位只保留背景或阶段性观察。,84,不加分；观察路由,observation_plan,建立具体请求、回应和确认是否命中的流程。,纠偏时要：建立具体请求、回应和确认是否命中的流程。,不得仅凭本规则推出双方一定公平、相爱、忠诚、长期稳定或适合结婚；不得把付出多少直接等同爱多少；不得以命理要求单方牺牲、立即回报、原谅、复合或继续关系。现实安全、同意、持续行为、反例与双方协商优先。,中高,待验证,,exchange_blindspot=EB04; provisional=true; rule_group=EXCHANGE-EB伪互惠,0.4
M5-EXCHANGE-314,EB04 主动给予等于无需请求｜用户解释,L6 交换误读与伪互惠,EXCHANGE-EB伪互惠,通用,输出,EB04,主动给予等于无需请求,完成EB判断。,资料不足以区分。,由共享基础引擎、M3与M5-BASE提供；只修正用户怎样给予、请求、接收和回馈，不直接判断双方现实交换质量。,M2只说明进入关系所需资格证据；不能替代长期双向交换、负荷与修复验证。,M3-BASE、EXPR、CARE和BOUND提供用户自然互动通道；M5-EXCHANGE负责把两人的实际行为合成为交换结构。,无／按本规则指定的给予—请求—接收—反馈—重订路径路由。,近位、远位只修正该交换需求进入亲密关系核心的可能；不得据此判断具体伴侣现实中一定配合。,根气只修正用户交换需求和通道是否稳定重复，不等于双方已形成成熟互惠。,旺弱只修正通道调用强度、抢位或缺位风险，不直接等于交换公平或关系质量。,喜忌只修正调用顺畅度与摩擦，不可直接翻译为理想伴侣五行、十神或必然互补。,真合化成立时按化神功能重算用户交换需求；合化争议时停止细化交换通道。,近位提高该交换议题进入关系核心的可能；远位只保留背景或阶段性观察。,76,不加分；输出,report_text,对方不能靠猜测长期完成你的需要，清楚请求也是关系能力。,对方不能靠猜测长期完成你的需要，清楚请求也是关系能力。,不得仅凭本规则推出双方一定公平、相爱、忠诚、长期稳定或适合结婚；不得把付出多少直接等同爱多少；不得以命理要求单方牺牲、立即回报、原谅、复合或继续关系。现实安全、同意、持续行为、反例与双方协商优先。,中高,待验证,,exchange_blindspot=EB04; provisional=true; rule_group=EXCHANGE-EB伪互惠,0.4
M5-EXCHANGE-315,EB05 接受支持等于欠债｜正式定义,L6 交换误读与伪互惠,EXCHANGE-EB伪互惠,通用,伪互惠,EB05,接受支持等于欠债,出现相关判断偏差或交换争议。,XV6—XV7现实资料已经排除。,由共享基础引擎、M3与M5-BASE提供；只修正用户怎样给予、请求、接收和回馈，不直接判断双方现实交换质量。,M2只说明进入关系所需资格证据；不能替代长期双向交换、负荷与修复验证。,M3-BASE、EXPR、CARE和BOUND提供用户自然互动通道；M5-EXCHANGE负责把两人的实际行为合成为交换结构。,无／按本规则指定的给予—请求—接收—反馈—重订路径路由。,近位、远位只修正该交换需求进入亲密关系核心的可能；不得据此判断具体伴侣现实中一定配合。,根气只修正用户交换需求和通道是否稳定重复，不等于双方已形成成熟互惠。,旺弱只修正通道调用强度、抢位或缺位风险，不直接等于交换公平或关系质量。,喜忌只修正调用顺畅度与摩擦，不可直接翻译为理想伴侣五行、十神或必然互补。,真合化成立时按化神功能重算用户交换需求；合化争议时停止细化交换通道。,近位提高该交换议题进入关系核心的可能；远位只保留背景或阶段性观察。,95,EB风险 +12,pseudo_reciprocity_warning,接受帮助后必须立即等量回报，或因此失去拒绝权。,被支持不等于失去自主，也不必立刻等量偿还。,不得仅凭本规则推出双方一定公平、相爱、忠诚、长期稳定或适合结婚；不得把付出多少直接等同爱多少；不得以命理要求单方牺牲、立即回报、原谅、复合或继续关系。现实安全、同意、持续行为、反例与双方协商优先。,高,待验证,,exchange_blindspot=EB05; provisional=true; rule_group=EXCHANGE-EB伪互惠,0.4
M5-EXCHANGE-316,EB05 接受支持等于欠债｜证据缺口,L6 交换误读与伪互惠,EXCHANGE-EB伪互惠,通用,证据,EB05,接受支持等于欠债,准备判断交换公平或成熟。,对应维度已跨场景验证。,由共享基础引擎、M3与M5-BASE提供；只修正用户怎样给予、请求、接收和回馈，不直接判断双方现实交换质量。,M2只说明进入关系所需资格证据；不能替代长期双向交换、负荷与修复验证。,M3-BASE、EXPR、CARE和BOUND提供用户自然互动通道；M5-EXCHANGE负责把两人的实际行为合成为交换结构。,无／按本规则指定的给予—请求—接收—反馈—重订路径路由。,近位、远位只修正该交换需求进入亲密关系核心的可能；不得据此判断具体伴侣现实中一定配合。,根气只修正用户交换需求和通道是否稳定重复，不等于双方已形成成熟互惠。,旺弱只修正通道调用强度、抢位或缺位风险，不直接等于交换公平或关系质量。,喜忌只修正调用顺畅度与摩擦，不可直接翻译为理想伴侣五行、十神或必然互补。,真合化成立时按化神功能重算用户交换需求；合化争议时停止细化交换通道。,近位提高该交换议题进入关系核心的可能；远位只保留背景或阶段性观察。,90,-12／停止升级,counterevidence,区分感激、回馈、债务和长期互惠。,需要补看：区分感激、回馈、债务和长期互惠。,不得仅凭本规则推出双方一定公平、相爱、忠诚、长期稳定或适合结婚；不得把付出多少直接等同爱多少；不得以命理要求单方牺牲、立即回报、原谅、复合或继续关系。现实安全、同意、持续行为、反例与双方协商优先。,中高,待验证,,exchange_blindspot=EB05; provisional=true; rule_group=EXCHANGE-EB伪互惠,0.4
M5-EXCHANGE-317,EB05 接受支持等于欠债｜纠偏与观察,L6 交换误读与伪互惠,EXCHANGE-EB伪互惠,通用,路由,EB05,接受支持等于欠债,EB候选成立。,PR0安全事件优先停止。,由共享基础引擎、M3与M5-BASE提供；只修正用户怎样给予、请求、接收和回馈，不直接判断双方现实交换质量。,M2只说明进入关系所需资格证据；不能替代长期双向交换、负荷与修复验证。,M3-BASE、EXPR、CARE和BOUND提供用户自然互动通道；M5-EXCHANGE负责把两人的实际行为合成为交换结构。,无／按本规则指定的给予—请求—接收—反馈—重订路径路由。,近位、远位只修正该交换需求进入亲密关系核心的可能；不得据此判断具体伴侣现实中一定配合。,根气只修正用户交换需求和通道是否稳定重复，不等于双方已形成成熟互惠。,旺弱只修正通道调用强度、抢位或缺位风险，不直接等于交换公平或关系质量。,喜忌只修正调用顺畅度与摩擦，不可直接翻译为理想伴侣五行、十神或必然互补。,真合化成立时按化神功能重算用户交换需求；合化争议时停止细化交换通道。,近位提高该交换议题进入关系核心的可能；远位只保留背景或阶段性观察。,84,不加分；观察路由,observation_plan,区分感激、回馈、债务和长期互惠。,纠偏时要：区分感激、回馈、债务和长期互惠。,不得仅凭本规则推出双方一定公平、相爱、忠诚、长期稳定或适合结婚；不得把付出多少直接等同爱多少；不得以命理要求单方牺牲、立即回报、原谅、复合或继续关系。现实安全、同意、持续行为、反例与双方协商优先。,中高,待验证,,exchange_blindspot=EB05; provisional=true; rule_group=EXCHANGE-EB伪互惠,0.4
M5-EXCHANGE-318,EB05 接受支持等于欠债｜用户解释,L6 交换误读与伪互惠,EXCHANGE-EB伪互惠,通用,输出,EB05,接受支持等于欠债,完成EB判断。,资料不足以区分。,由共享基础引擎、M3与M5-BASE提供；只修正用户怎样给予、请求、接收和回馈，不直接判断双方现实交换质量。,M2只说明进入关系所需资格证据；不能替代长期双向交换、负荷与修复验证。,M3-BASE、EXPR、CARE和BOUND提供用户自然互动通道；M5-EXCHANGE负责把两人的实际行为合成为交换结构。,无／按本规则指定的给予—请求—接收—反馈—重订路径路由。,近位、远位只修正该交换需求进入亲密关系核心的可能；不得据此判断具体伴侣现实中一定配合。,根气只修正用户交换需求和通道是否稳定重复，不等于双方已形成成熟互惠。,旺弱只修正通道调用强度、抢位或缺位风险，不直接等于交换公平或关系质量。,喜忌只修正调用顺畅度与摩擦，不可直接翻译为理想伴侣五行、十神或必然互补。,真合化成立时按化神功能重算用户交换需求；合化争议时停止细化交换通道。,近位提高该交换议题进入关系核心的可能；远位只保留背景或阶段性观察。,76,不加分；输出,report_text,被支持不等于失去自主，也不必立刻等量偿还。,被支持不等于失去自主，也不必立刻等量偿还。,不得仅凭本规则推出双方一定公平、相爱、忠诚、长期稳定或适合结婚；不得把付出多少直接等同爱多少；不得以命理要求单方牺牲、立即回报、原谅、复合或继续关系。现实安全、同意、持续行为、反例与双方协商优先。,中高,待验证,,exchange_blindspot=EB05; provisional=true; rule_group=EXCHANGE-EB伪互惠,0.4
M5-EXCHANGE-319,EB06 帮助等于控制／控制等于帮助｜正式定义,L6 交换误读与伪互惠,EXCHANGE-EB伪互惠,通用,伪互惠,EB06,帮助等于控制／控制等于帮助,出现相关判断偏差或交换争议。,XV6—XV7现实资料已经排除。,由共享基础引擎、M3与M5-BASE提供；只修正用户怎样给予、请求、接收和回馈，不直接判断双方现实交换质量。,M2只说明进入关系所需资格证据；不能替代长期双向交换、负荷与修复验证。,M3-BASE、EXPR、CARE和BOUND提供用户自然互动通道；M5-EXCHANGE负责把两人的实际行为合成为交换结构。,无／按本规则指定的给予—请求—接收—反馈—重订路径路由。,近位、远位只修正该交换需求进入亲密关系核心的可能；不得据此判断具体伴侣现实中一定配合。,根气只修正用户交换需求和通道是否稳定重复，不等于双方已形成成熟互惠。,旺弱只修正通道调用强度、抢位或缺位风险，不直接等于交换公平或关系质量。,喜忌只修正调用顺畅度与摩擦，不可直接翻译为理想伴侣五行、十神或必然互补。,真合化成立时按化神功能重算用户交换需求；合化争议时停止细化交换通道。,近位提高该交换议题进入关系核心的可能；远位只保留背景或阶段性观察。,95,EB风险 +12,pseudo_reciprocity_warning,把一切帮助视为接管，或把越权包装成保护。,真正的支持会增加你的能力和选择，而不是减少。,不得仅凭本规则推出双方一定公平、相爱、忠诚、长期稳定或适合结婚；不得把付出多少直接等同爱多少；不得以命理要求单方牺牲、立即回报、原谅、复合或继续关系。现实安全、同意、持续行为、反例与双方协商优先。,高,待验证,,exchange_blindspot=EB06; provisional=true; rule_group=EXCHANGE-EB伪互惠,0.4
M5-EXCHANGE-320,EB06 帮助等于控制／控制等于帮助｜证据缺口,L6 交换误读与伪互惠,EXCHANGE-EB伪互惠,通用,证据,EB06,帮助等于控制／控制等于帮助,准备判断交换公平或成熟。,对应维度已跨场景验证。,由共享基础引擎、M3与M5-BASE提供；只修正用户怎样给予、请求、接收和回馈，不直接判断双方现实交换质量。,M2只说明进入关系所需资格证据；不能替代长期双向交换、负荷与修复验证。,M3-BASE、EXPR、CARE和BOUND提供用户自然互动通道；M5-EXCHANGE负责把两人的实际行为合成为交换结构。,无／按本规则指定的给予—请求—接收—反馈—重订路径路由。,近位、远位只修正该交换需求进入亲密关系核心的可能；不得据此判断具体伴侣现实中一定配合。,根气只修正用户交换需求和通道是否稳定重复，不等于双方已形成成熟互惠。,旺弱只修正通道调用强度、抢位或缺位风险，不直接等于交换公平或关系质量。,喜忌只修正调用顺畅度与摩擦，不可直接翻译为理想伴侣五行、十神或必然互补。,真合化成立时按化神功能重算用户交换需求；合化争议时停止细化交换通道。,近位提高该交换议题进入关系核心的可能；远位只保留背景或阶段性观察。,90,-12／停止升级,counterevidence,检查同意、信息、停止权、参与权和事后反馈。,需要补看：检查同意、信息、停止权、参与权和事后反馈。,不得仅凭本规则推出双方一定公平、相爱、忠诚、长期稳定或适合结婚；不得把付出多少直接等同爱多少；不得以命理要求单方牺牲、立即回报、原谅、复合或继续关系。现实安全、同意、持续行为、反例与双方协商优先。,中高,待验证,,exchange_blindspot=EB06; provisional=true; rule_group=EXCHANGE-EB伪互惠,0.4
M5-EXCHANGE-321,EB06 帮助等于控制／控制等于帮助｜纠偏与观察,L6 交换误读与伪互惠,EXCHANGE-EB伪互惠,通用,路由,EB06,帮助等于控制／控制等于帮助,EB候选成立。,PR0安全事件优先停止。,由共享基础引擎、M3与M5-BASE提供；只修正用户怎样给予、请求、接收和回馈，不直接判断双方现实交换质量。,M2只说明进入关系所需资格证据；不能替代长期双向交换、负荷与修复验证。,M3-BASE、EXPR、CARE和BOUND提供用户自然互动通道；M5-EXCHANGE负责把两人的实际行为合成为交换结构。,无／按本规则指定的给予—请求—接收—反馈—重订路径路由。,近位、远位只修正该交换需求进入亲密关系核心的可能；不得据此判断具体伴侣现实中一定配合。,根气只修正用户交换需求和通道是否稳定重复，不等于双方已形成成熟互惠。,旺弱只修正通道调用强度、抢位或缺位风险，不直接等于交换公平或关系质量。,喜忌只修正调用顺畅度与摩擦，不可直接翻译为理想伴侣五行、十神或必然互补。,真合化成立时按化神功能重算用户交换需求；合化争议时停止细化交换通道。,近位提高该交换议题进入关系核心的可能；远位只保留背景或阶段性观察。,84,不加分；观察路由,observation_plan,检查同意、信息、停止权、参与权和事后反馈。,纠偏时要：检查同意、信息、停止权、参与权和事后反馈。,不得仅凭本规则推出双方一定公平、相爱、忠诚、长期稳定或适合结婚；不得把付出多少直接等同爱多少；不得以命理要求单方牺牲、立即回报、原谅、复合或继续关系。现实安全、同意、持续行为、反例与双方协商优先。,中高,待验证,,exchange_blindspot=EB06; provisional=true; rule_group=EXCHANGE-EB伪互惠,0.4
M5-EXCHANGE-322,EB06 帮助等于控制／控制等于帮助｜用户解释,L6 交换误读与伪互惠,EXCHANGE-EB伪互惠,通用,输出,EB06,帮助等于控制／控制等于帮助,完成EB判断。,资料不足以区分。,由共享基础引擎、M3与M5-BASE提供；只修正用户怎样给予、请求、接收和回馈，不直接判断双方现实交换质量。,M2只说明进入关系所需资格证据；不能替代长期双向交换、负荷与修复验证。,M3-BASE、EXPR、CARE和BOUND提供用户自然互动通道；M5-EXCHANGE负责把两人的实际行为合成为交换结构。,无／按本规则指定的给予—请求—接收—反馈—重订路径路由。,近位、远位只修正该交换需求进入亲密关系核心的可能；不得据此判断具体伴侣现实中一定配合。,根气只修正用户交换需求和通道是否稳定重复，不等于双方已形成成熟互惠。,旺弱只修正通道调用强度、抢位或缺位风险，不直接等于交换公平或关系质量。,喜忌只修正调用顺畅度与摩擦，不可直接翻译为理想伴侣五行、十神或必然互补。,真合化成立时按化神功能重算用户交换需求；合化争议时停止细化交换通道。,近位提高该交换议题进入关系核心的可能；远位只保留背景或阶段性观察。,76,不加分；输出,report_text,真正的支持会增加你的能力和选择，而不是减少。,真正的支持会增加你的能力和选择，而不是减少。,不得仅凭本规则推出双方一定公平、相爱、忠诚、长期稳定或适合结婚；不得把付出多少直接等同爱多少；不得以命理要求单方牺牲、立即回报、原谅、复合或继续关系。现实安全、同意、持续行为、反例与双方协商优先。,中高,待验证,,exchange_blindspot=EB06; provisional=true; rule_group=EXCHANGE-EB伪互惠,0.4
M5-EXCHANGE-323,EB07 角色分工等于固定高低｜正式定义,L6 交换误读与伪互惠,EXCHANGE-EB伪互惠,通用,伪互惠,EB07,角色分工等于固定高低,出现相关判断偏差或交换争议。,XV6—XV7现实资料已经排除。,由共享基础引擎、M3与M5-BASE提供；只修正用户怎样给予、请求、接收和回馈，不直接判断双方现实交换质量。,M2只说明进入关系所需资格证据；不能替代长期双向交换、负荷与修复验证。,M3-BASE、EXPR、CARE和BOUND提供用户自然互动通道；M5-EXCHANGE负责把两人的实际行为合成为交换结构。,无／按本规则指定的给予—请求—接收—反馈—重订路径路由。,近位、远位只修正该交换需求进入亲密关系核心的可能；不得据此判断具体伴侣现实中一定配合。,根气只修正用户交换需求和通道是否稳定重复，不等于双方已形成成熟互惠。,旺弱只修正通道调用强度、抢位或缺位风险，不直接等于交换公平或关系质量。,喜忌只修正调用顺畅度与摩擦，不可直接翻译为理想伴侣五行、十神或必然互补。,真合化成立时按化神功能重算用户交换需求；合化争议时停止细化交换通道。,近位提高该交换议题进入关系核心的可能；远位只保留背景或阶段性观察。,95,EB风险 +12,pseudo_reciprocity_warning,把谁擅长什么变成永久权力和身份等级。,分工可以不同，但决定权和人格地位仍应平等。,不得仅凭本规则推出双方一定公平、相爱、忠诚、长期稳定或适合结婚；不得把付出多少直接等同爱多少；不得以命理要求单方牺牲、立即回报、原谅、复合或继续关系。现实安全、同意、持续行为、反例与双方协商优先。,高,待验证,,exchange_blindspot=EB07; provisional=true; rule_group=EXCHANGE-EB伪互惠,0.4
M5-EXCHANGE-324,EB07 角色分工等于固定高低｜证据缺口,L6 交换误读与伪互惠,EXCHANGE-EB伪互惠,通用,证据,EB07,角色分工等于固定高低,准备判断交换公平或成熟。,对应维度已跨场景验证。,由共享基础引擎、M3与M5-BASE提供；只修正用户怎样给予、请求、接收和回馈，不直接判断双方现实交换质量。,M2只说明进入关系所需资格证据；不能替代长期双向交换、负荷与修复验证。,M3-BASE、EXPR、CARE和BOUND提供用户自然互动通道；M5-EXCHANGE负责把两人的实际行为合成为交换结构。,无／按本规则指定的给予—请求—接收—反馈—重订路径路由。,近位、远位只修正该交换需求进入亲密关系核心的可能；不得据此判断具体伴侣现实中一定配合。,根气只修正用户交换需求和通道是否稳定重复，不等于双方已形成成熟互惠。,旺弱只修正通道调用强度、抢位或缺位风险，不直接等于交换公平或关系质量。,喜忌只修正调用顺畅度与摩擦，不可直接翻译为理想伴侣五行、十神或必然互补。,真合化成立时按化神功能重算用户交换需求；合化争议时停止细化交换通道。,近位提高该交换议题进入关系核心的可能；远位只保留背景或阶段性观察。,90,-12／停止升级,counterevidence,建立轮换、复核、退出和重新协商机制。,需要补看：建立轮换、复核、退出和重新协商机制。,不得仅凭本规则推出双方一定公平、相爱、忠诚、长期稳定或适合结婚；不得把付出多少直接等同爱多少；不得以命理要求单方牺牲、立即回报、原谅、复合或继续关系。现实安全、同意、持续行为、反例与双方协商优先。,中高,待验证,,exchange_blindspot=EB07; provisional=true; rule_group=EXCHANGE-EB伪互惠,0.4
M5-EXCHANGE-325,EB07 角色分工等于固定高低｜纠偏与观察,L6 交换误读与伪互惠,EXCHANGE-EB伪互惠,通用,路由,EB07,角色分工等于固定高低,EB候选成立。,PR0安全事件优先停止。,由共享基础引擎、M3与M5-BASE提供；只修正用户怎样给予、请求、接收和回馈，不直接判断双方现实交换质量。,M2只说明进入关系所需资格证据；不能替代长期双向交换、负荷与修复验证。,M3-BASE、EXPR、CARE和BOUND提供用户自然互动通道；M5-EXCHANGE负责把两人的实际行为合成为交换结构。,无／按本规则指定的给予—请求—接收—反馈—重订路径路由。,近位、远位只修正该交换需求进入亲密关系核心的可能；不得据此判断具体伴侣现实中一定配合。,根气只修正用户交换需求和通道是否稳定重复，不等于双方已形成成熟互惠。,旺弱只修正通道调用强度、抢位或缺位风险，不直接等于交换公平或关系质量。,喜忌只修正调用顺畅度与摩擦，不可直接翻译为理想伴侣五行、十神或必然互补。,真合化成立时按化神功能重算用户交换需求；合化争议时停止细化交换通道。,近位提高该交换议题进入关系核心的可能；远位只保留背景或阶段性观察。,84,不加分；观察路由,observation_plan,建立轮换、复核、退出和重新协商机制。,纠偏时要：建立轮换、复核、退出和重新协商机制。,不得仅凭本规则推出双方一定公平、相爱、忠诚、长期稳定或适合结婚；不得把付出多少直接等同爱多少；不得以命理要求单方牺牲、立即回报、原谅、复合或继续关系。现实安全、同意、持续行为、反例与双方协商优先。,中高,待验证,,exchange_blindspot=EB07; provisional=true; rule_group=EXCHANGE-EB伪互惠,0.4
M5-EXCHANGE-326,EB07 角色分工等于固定高低｜用户解释,L6 交换误读与伪互惠,EXCHANGE-EB伪互惠,通用,输出,EB07,角色分工等于固定高低,完成EB判断。,资料不足以区分。,由共享基础引擎、M3与M5-BASE提供；只修正用户怎样给予、请求、接收和回馈，不直接判断双方现实交换质量。,M2只说明进入关系所需资格证据；不能替代长期双向交换、负荷与修复验证。,M3-BASE、EXPR、CARE和BOUND提供用户自然互动通道；M5-EXCHANGE负责把两人的实际行为合成为交换结构。,无／按本规则指定的给予—请求—接收—反馈—重订路径路由。,近位、远位只修正该交换需求进入亲密关系核心的可能；不得据此判断具体伴侣现实中一定配合。,根气只修正用户交换需求和通道是否稳定重复，不等于双方已形成成熟互惠。,旺弱只修正通道调用强度、抢位或缺位风险，不直接等于交换公平或关系质量。,喜忌只修正调用顺畅度与摩擦，不可直接翻译为理想伴侣五行、十神或必然互补。,真合化成立时按化神功能重算用户交换需求；合化争议时停止细化交换通道。,近位提高该交换议题进入关系核心的可能；远位只保留背景或阶段性观察。,76,不加分；输出,report_text,分工可以不同，但决定权和人格地位仍应平等。,分工可以不同，但决定权和人格地位仍应平等。,不得仅凭本规则推出双方一定公平、相爱、忠诚、长期稳定或适合结婚；不得把付出多少直接等同爱多少；不得以命理要求单方牺牲、立即回报、原谅、复合或继续关系。现实安全、同意、持续行为、反例与双方协商优先。,中高,待验证,,exchange_blindspot=EB07; provisional=true; rule_group=EXCHANGE-EB伪互惠,0.4
M5-EXCHANGE-327,EB08 即时回报等于健康互惠｜正式定义,L6 交换误读与伪互惠,EXCHANGE-EB伪互惠,通用,伪互惠,EB08,即时回报等于健康互惠,出现相关判断偏差或交换争议。,XV6—XV7现实资料已经排除。,由共享基础引擎、M3与M5-BASE提供；只修正用户怎样给予、请求、接收和回馈，不直接判断双方现实交换质量。,M2只说明进入关系所需资格证据；不能替代长期双向交换、负荷与修复验证。,M3-BASE、EXPR、CARE和BOUND提供用户自然互动通道；M5-EXCHANGE负责把两人的实际行为合成为交换结构。,无／按本规则指定的给予—请求—接收—反馈—重订路径路由。,近位、远位只修正该交换需求进入亲密关系核心的可能；不得据此判断具体伴侣现实中一定配合。,根气只修正用户交换需求和通道是否稳定重复，不等于双方已形成成熟互惠。,旺弱只修正通道调用强度、抢位或缺位风险，不直接等于交换公平或关系质量。,喜忌只修正调用顺畅度与摩擦，不可直接翻译为理想伴侣五行、十神或必然互补。,真合化成立时按化神功能重算用户交换需求；合化争议时停止细化交换通道。,近位提高该交换议题进入关系核心的可能；远位只保留背景或阶段性观察。,95,EB风险 +12,pseudo_reciprocity_warning,只有马上回应才被认为在意，延迟或错峰被视为冷淡。,回馈可以错峰，但必须有清楚的时间结构和真实回流。,不得仅凭本规则推出双方一定公平、相爱、忠诚、长期稳定或适合结婚；不得把付出多少直接等同爱多少；不得以命理要求单方牺牲、立即回报、原谅、复合或继续关系。现实安全、同意、持续行为、反例与双方协商优先。,高,待验证,,exchange_blindspot=EB08; provisional=true; rule_group=EXCHANGE-EB伪互惠,0.4
M5-EXCHANGE-328,EB08 即时回报等于健康互惠｜证据缺口,L6 交换误读与伪互惠,EXCHANGE-EB伪互惠,通用,证据,EB08,即时回报等于健康互惠,准备判断交换公平或成熟。,对应维度已跨场景验证。,由共享基础引擎、M3与M5-BASE提供；只修正用户怎样给予、请求、接收和回馈，不直接判断双方现实交换质量。,M2只说明进入关系所需资格证据；不能替代长期双向交换、负荷与修复验证。,M3-BASE、EXPR、CARE和BOUND提供用户自然互动通道；M5-EXCHANGE负责把两人的实际行为合成为交换结构。,无／按本规则指定的给予—请求—接收—反馈—重订路径路由。,近位、远位只修正该交换需求进入亲密关系核心的可能；不得据此判断具体伴侣现实中一定配合。,根气只修正用户交换需求和通道是否稳定重复，不等于双方已形成成熟互惠。,旺弱只修正通道调用强度、抢位或缺位风险，不直接等于交换公平或关系质量。,喜忌只修正调用顺畅度与摩擦，不可直接翻译为理想伴侣五行、十神或必然互补。,真合化成立时按化神功能重算用户交换需求；合化争议时停止细化交换通道。,近位提高该交换议题进入关系核心的可能；远位只保留背景或阶段性观察。,90,-12／停止升级,counterevidence,确认回馈时间、领域和现实条件。,需要补看：确认回馈时间、领域和现实条件。,不得仅凭本规则推出双方一定公平、相爱、忠诚、长期稳定或适合结婚；不得把付出多少直接等同爱多少；不得以命理要求单方牺牲、立即回报、原谅、复合或继续关系。现实安全、同意、持续行为、反例与双方协商优先。,中高,待验证,,exchange_blindspot=EB08; provisional=true; rule_group=EXCHANGE-EB伪互惠,0.4
M5-EXCHANGE-329,EB08 即时回报等于健康互惠｜纠偏与观察,L6 交换误读与伪互惠,EXCHANGE-EB伪互惠,通用,路由,EB08,即时回报等于健康互惠,EB候选成立。,PR0安全事件优先停止。,由共享基础引擎、M3与M5-BASE提供；只修正用户怎样给予、请求、接收和回馈，不直接判断双方现实交换质量。,M2只说明进入关系所需资格证据；不能替代长期双向交换、负荷与修复验证。,M3-BASE、EXPR、CARE和BOUND提供用户自然互动通道；M5-EXCHANGE负责把两人的实际行为合成为交换结构。,无／按本规则指定的给予—请求—接收—反馈—重订路径路由。,近位、远位只修正该交换需求进入亲密关系核心的可能；不得据此判断具体伴侣现实中一定配合。,根气只修正用户交换需求和通道是否稳定重复，不等于双方已形成成熟互惠。,旺弱只修正通道调用强度、抢位或缺位风险，不直接等于交换公平或关系质量。,喜忌只修正调用顺畅度与摩擦，不可直接翻译为理想伴侣五行、十神或必然互补。,真合化成立时按化神功能重算用户交换需求；合化争议时停止细化交换通道。,近位提高该交换议题进入关系核心的可能；远位只保留背景或阶段性观察。,84,不加分；观察路由,observation_plan,确认回馈时间、领域和现实条件。,纠偏时要：确认回馈时间、领域和现实条件。,不得仅凭本规则推出双方一定公平、相爱、忠诚、长期稳定或适合结婚；不得把付出多少直接等同爱多少；不得以命理要求单方牺牲、立即回报、原谅、复合或继续关系。现实安全、同意、持续行为、反例与双方协商优先。,中高,待验证,,exchange_blindspot=EB08; provisional=true; rule_group=EXCHANGE-EB伪互惠,0.4
M5-EXCHANGE-330,EB08 即时回报等于健康互惠｜用户解释,L6 交换误读与伪互惠,EXCHANGE-EB伪互惠,通用,输出,EB08,即时回报等于健康互惠,完成EB判断。,资料不足以区分。,由共享基础引擎、M3与M5-BASE提供；只修正用户怎样给予、请求、接收和回馈，不直接判断双方现实交换质量。,M2只说明进入关系所需资格证据；不能替代长期双向交换、负荷与修复验证。,M3-BASE、EXPR、CARE和BOUND提供用户自然互动通道；M5-EXCHANGE负责把两人的实际行为合成为交换结构。,无／按本规则指定的给予—请求—接收—反馈—重订路径路由。,近位、远位只修正该交换需求进入亲密关系核心的可能；不得据此判断具体伴侣现实中一定配合。,根气只修正用户交换需求和通道是否稳定重复，不等于双方已形成成熟互惠。,旺弱只修正通道调用强度、抢位或缺位风险，不直接等于交换公平或关系质量。,喜忌只修正调用顺畅度与摩擦，不可直接翻译为理想伴侣五行、十神或必然互补。,真合化成立时按化神功能重算用户交换需求；合化争议时停止细化交换通道。,近位提高该交换议题进入关系核心的可能；远位只保留背景或阶段性观察。,76,不加分；输出,report_text,回馈可以错峰，但必须有清楚的时间结构和真实回流。,回馈可以错峰，但必须有清楚的时间结构和真实回流。,不得仅凭本规则推出双方一定公平、相爱、忠诚、长期稳定或适合结婚；不得把付出多少直接等同爱多少；不得以命理要求单方牺牲、立即回报、原谅、复合或继续关系。现实安全、同意、持续行为、反例与双方协商优先。,中高,待验证,,exchange_blindspot=EB08; provisional=true; rule_group=EXCHANGE-EB伪互惠,0.4
M5-EXCHANGE-331,EB09 物质／行动补偿等于情绪修复｜正式定义,L6 交换误读与伪互惠,EXCHANGE-EB伪互惠,通用,伪互惠,EB09,物质／行动补偿等于情绪修复,出现相关判断偏差或交换争议。,XV6—XV7现实资料已经排除。,由共享基础引擎、M3与M5-BASE提供；只修正用户怎样给予、请求、接收和回馈，不直接判断双方现实交换质量。,M2只说明进入关系所需资格证据；不能替代长期双向交换、负荷与修复验证。,M3-BASE、EXPR、CARE和BOUND提供用户自然互动通道；M5-EXCHANGE负责把两人的实际行为合成为交换结构。,无／按本规则指定的给予—请求—接收—反馈—重订路径路由。,近位、远位只修正该交换需求进入亲密关系核心的可能；不得据此判断具体伴侣现实中一定配合。,根气只修正用户交换需求和通道是否稳定重复，不等于双方已形成成熟互惠。,旺弱只修正通道调用强度、抢位或缺位风险，不直接等于交换公平或关系质量。,喜忌只修正调用顺畅度与摩擦，不可直接翻译为理想伴侣五行、十神或必然互补。,真合化成立时按化神功能重算用户交换需求；合化争议时停止细化交换通道。,近位提高该交换议题进入关系核心的可能；远位只保留背景或阶段性观察。,95,EB风险 +12,pseudo_reciprocity_warning,礼物、帮忙、解决问题被当成影响已经被理解。,补偿可能有价值，但不能替代接收反馈和关系修复。,不得仅凭本规则推出双方一定公平、相爱、忠诚、长期稳定或适合结婚；不得把付出多少直接等同爱多少；不得以命理要求单方牺牲、立即回报、原谅、复合或继续关系。现实安全、同意、持续行为、反例与双方协商优先。,高,待验证,,exchange_blindspot=EB09; provisional=true; rule_group=EXCHANGE-EB伪互惠,0.4
M5-EXCHANGE-332,EB09 物质／行动补偿等于情绪修复｜证据缺口,L6 交换误读与伪互惠,EXCHANGE-EB伪互惠,通用,证据,EB09,物质／行动补偿等于情绪修复,准备判断交换公平或成熟。,对应维度已跨场景验证。,由共享基础引擎、M3与M5-BASE提供；只修正用户怎样给予、请求、接收和回馈，不直接判断双方现实交换质量。,M2只说明进入关系所需资格证据；不能替代长期双向交换、负荷与修复验证。,M3-BASE、EXPR、CARE和BOUND提供用户自然互动通道；M5-EXCHANGE负责把两人的实际行为合成为交换结构。,无／按本规则指定的给予—请求—接收—反馈—重订路径路由。,近位、远位只修正该交换需求进入亲密关系核心的可能；不得据此判断具体伴侣现实中一定配合。,根气只修正用户交换需求和通道是否稳定重复，不等于双方已形成成熟互惠。,旺弱只修正通道调用强度、抢位或缺位风险，不直接等于交换公平或关系质量。,喜忌只修正调用顺畅度与摩擦，不可直接翻译为理想伴侣五行、十神或必然互补。,真合化成立时按化神功能重算用户交换需求；合化争议时停止细化交换通道。,近位提高该交换议题进入关系核心的可能；远位只保留背景或阶段性观察。,90,-12／停止升级,counterevidence,分别完成情绪、责任、边界和现实调整。,需要补看：分别完成情绪、责任、边界和现实调整。,不得仅凭本规则推出双方一定公平、相爱、忠诚、长期稳定或适合结婚；不得把付出多少直接等同爱多少；不得以命理要求单方牺牲、立即回报、原谅、复合或继续关系。现实安全、同意、持续行为、反例与双方协商优先。,中高,待验证,,exchange_blindspot=EB09; provisional=true; rule_group=EXCHANGE-EB伪互惠,0.4
M5-EXCHANGE-333,EB09 物质／行动补偿等于情绪修复｜纠偏与观察,L6 交换误读与伪互惠,EXCHANGE-EB伪互惠,通用,路由,EB09,物质／行动补偿等于情绪修复,EB候选成立。,PR0安全事件优先停止。,由共享基础引擎、M3与M5-BASE提供；只修正用户怎样给予、请求、接收和回馈，不直接判断双方现实交换质量。,M2只说明进入关系所需资格证据；不能替代长期双向交换、负荷与修复验证。,M3-BASE、EXPR、CARE和BOUND提供用户自然互动通道；M5-EXCHANGE负责把两人的实际行为合成为交换结构。,无／按本规则指定的给予—请求—接收—反馈—重订路径路由。,近位、远位只修正该交换需求进入亲密关系核心的可能；不得据此判断具体伴侣现实中一定配合。,根气只修正用户交换需求和通道是否稳定重复，不等于双方已形成成熟互惠。,旺弱只修正通道调用强度、抢位或缺位风险，不直接等于交换公平或关系质量。,喜忌只修正调用顺畅度与摩擦，不可直接翻译为理想伴侣五行、十神或必然互补。,真合化成立时按化神功能重算用户交换需求；合化争议时停止细化交换通道。,近位提高该交换议题进入关系核心的可能；远位只保留背景或阶段性观察。,84,不加分；观察路由,observation_plan,分别完成情绪、责任、边界和现实调整。,纠偏时要：分别完成情绪、责任、边界和现实调整。,不得仅凭本规则推出双方一定公平、相爱、忠诚、长期稳定或适合结婚；不得把付出多少直接等同爱多少；不得以命理要求单方牺牲、立即回报、原谅、复合或继续关系。现实安全、同意、持续行为、反例与双方协商优先。,中高,待验证,,exchange_blindspot=EB09; provisional=true; rule_group=EXCHANGE-EB伪互惠,0.4
M5-EXCHANGE-334,EB09 物质／行动补偿等于情绪修复｜用户解释,L6 交换误读与伪互惠,EXCHANGE-EB伪互惠,通用,输出,EB09,物质／行动补偿等于情绪修复,完成EB判断。,资料不足以区分。,由共享基础引擎、M3与M5-BASE提供；只修正用户怎样给予、请求、接收和回馈，不直接判断双方现实交换质量。,M2只说明进入关系所需资格证据；不能替代长期双向交换、负荷与修复验证。,M3-BASE、EXPR、CARE和BOUND提供用户自然互动通道；M5-EXCHANGE负责把两人的实际行为合成为交换结构。,无／按本规则指定的给予—请求—接收—反馈—重订路径路由。,近位、远位只修正该交换需求进入亲密关系核心的可能；不得据此判断具体伴侣现实中一定配合。,根气只修正用户交换需求和通道是否稳定重复，不等于双方已形成成熟互惠。,旺弱只修正通道调用强度、抢位或缺位风险，不直接等于交换公平或关系质量。,喜忌只修正调用顺畅度与摩擦，不可直接翻译为理想伴侣五行、十神或必然互补。,真合化成立时按化神功能重算用户交换需求；合化争议时停止细化交换通道。,近位提高该交换议题进入关系核心的可能；远位只保留背景或阶段性观察。,76,不加分；输出,report_text,补偿可能有价值，但不能替代接收反馈和关系修复。,补偿可能有价值，但不能替代接收反馈和关系修复。,不得仅凭本规则推出双方一定公平、相爱、忠诚、长期稳定或适合结婚；不得把付出多少直接等同爱多少；不得以命理要求单方牺牲、立即回报、原谅、复合或继续关系。现实安全、同意、持续行为、反例与双方协商优先。,中高,待验证,,exchange_blindspot=EB09; provisional=true; rule_group=EXCHANGE-EB伪互惠,0.4
M5-EXCHANGE-335,EB10 暂时不对称等于长期模式｜正式定义,L6 交换误读与伪互惠,EXCHANGE-EB伪互惠,通用,伪互惠,EB10,暂时不对称等于长期模式,出现相关判断偏差或交换争议。,XV6—XV7现实资料已经排除。,由共享基础引擎、M3与M5-BASE提供；只修正用户怎样给予、请求、接收和回馈，不直接判断双方现实交换质量。,M2只说明进入关系所需资格证据；不能替代长期双向交换、负荷与修复验证。,M3-BASE、EXPR、CARE和BOUND提供用户自然互动通道；M5-EXCHANGE负责把两人的实际行为合成为交换结构。,无／按本规则指定的给予—请求—接收—反馈—重订路径路由。,近位、远位只修正该交换需求进入亲密关系核心的可能；不得据此判断具体伴侣现实中一定配合。,根气只修正用户交换需求和通道是否稳定重复，不等于双方已形成成熟互惠。,旺弱只修正通道调用强度、抢位或缺位风险，不直接等于交换公平或关系质量。,喜忌只修正调用顺畅度与摩擦，不可直接翻译为理想伴侣五行、十神或必然互补。,真合化成立时按化神功能重算用户交换需求；合化争议时停止细化交换通道。,近位提高该交换议题进入关系核心的可能；远位只保留背景或阶段性观察。,95,EB风险 +12,pseudo_reciprocity_warning,疾病、工作、育儿或危机期的负荷差异被固化为人格判断。,某个阶段承担更多，不等于长期都必须如此。,不得仅凭本规则推出双方一定公平、相爱、忠诚、长期稳定或适合结婚；不得把付出多少直接等同爱多少；不得以命理要求单方牺牲、立即回报、原谅、复合或继续关系。现实安全、同意、持续行为、反例与双方协商优先。,高,待验证,,exchange_blindspot=EB10; provisional=true; rule_group=EXCHANGE-EB伪互惠,0.4
M5-EXCHANGE-336,EB10 暂时不对称等于长期模式｜证据缺口,L6 交换误读与伪互惠,EXCHANGE-EB伪互惠,通用,证据,EB10,暂时不对称等于长期模式,准备判断交换公平或成熟。,对应维度已跨场景验证。,由共享基础引擎、M3与M5-BASE提供；只修正用户怎样给予、请求、接收和回馈，不直接判断双方现实交换质量。,M2只说明进入关系所需资格证据；不能替代长期双向交换、负荷与修复验证。,M3-BASE、EXPR、CARE和BOUND提供用户自然互动通道；M5-EXCHANGE负责把两人的实际行为合成为交换结构。,无／按本规则指定的给予—请求—接收—反馈—重订路径路由。,近位、远位只修正该交换需求进入亲密关系核心的可能；不得据此判断具体伴侣现实中一定配合。,根气只修正用户交换需求和通道是否稳定重复，不等于双方已形成成熟互惠。,旺弱只修正通道调用强度、抢位或缺位风险，不直接等于交换公平或关系质量。,喜忌只修正调用顺畅度与摩擦，不可直接翻译为理想伴侣五行、十神或必然互补。,真合化成立时按化神功能重算用户交换需求；合化争议时停止细化交换通道。,近位提高该交换议题进入关系核心的可能；远位只保留背景或阶段性观察。,90,-12／停止升级,counterevidence,区分阶段不对称、重订点和恢复后的结构。,需要补看：区分阶段不对称、重订点和恢复后的结构。,不得仅凭本规则推出双方一定公平、相爱、忠诚、长期稳定或适合结婚；不得把付出多少直接等同爱多少；不得以命理要求单方牺牲、立即回报、原谅、复合或继续关系。现实安全、同意、持续行为、反例与双方协商优先。,中高,待验证,,exchange_blindspot=EB10; provisional=true; rule_group=EXCHANGE-EB伪互惠,0.4
M5-EXCHANGE-337,EB10 暂时不对称等于长期模式｜纠偏与观察,L6 交换误读与伪互惠,EXCHANGE-EB伪互惠,通用,路由,EB10,暂时不对称等于长期模式,EB候选成立。,PR0安全事件优先停止。,由共享基础引擎、M3与M5-BASE提供；只修正用户怎样给予、请求、接收和回馈，不直接判断双方现实交换质量。,M2只说明进入关系所需资格证据；不能替代长期双向交换、负荷与修复验证。,M3-BASE、EXPR、CARE和BOUND提供用户自然互动通道；M5-EXCHANGE负责把两人的实际行为合成为交换结构。,无／按本规则指定的给予—请求—接收—反馈—重订路径路由。,近位、远位只修正该交换需求进入亲密关系核心的可能；不得据此判断具体伴侣现实中一定配合。,根气只修正用户交换需求和通道是否稳定重复，不等于双方已形成成熟互惠。,旺弱只修正通道调用强度、抢位或缺位风险，不直接等于交换公平或关系质量。,喜忌只修正调用顺畅度与摩擦，不可直接翻译为理想伴侣五行、十神或必然互补。,真合化成立时按化神功能重算用户交换需求；合化争议时停止细化交换通道。,近位提高该交换议题进入关系核心的可能；远位只保留背景或阶段性观察。,84,不加分；观察路由,observation_plan,区分阶段不对称、重订点和恢复后的结构。,纠偏时要：区分阶段不对称、重订点和恢复后的结构。,不得仅凭本规则推出双方一定公平、相爱、忠诚、长期稳定或适合结婚；不得把付出多少直接等同爱多少；不得以命理要求单方牺牲、立即回报、原谅、复合或继续关系。现实安全、同意、持续行为、反例与双方协商优先。,中高,待验证,,exchange_blindspot=EB10; provisional=true; rule_group=EXCHANGE-EB伪互惠,0.4
M5-EXCHANGE-338,EB10 暂时不对称等于长期模式｜用户解释,L6 交换误读与伪互惠,EXCHANGE-EB伪互惠,通用,输出,EB10,暂时不对称等于长期模式,完成EB判断。,资料不足以区分。,由共享基础引擎、M3与M5-BASE提供；只修正用户怎样给予、请求、接收和回馈，不直接判断双方现实交换质量。,M2只说明进入关系所需资格证据；不能替代长期双向交换、负荷与修复验证。,M3-BASE、EXPR、CARE和BOUND提供用户自然互动通道；M5-EXCHANGE负责把两人的实际行为合成为交换结构。,无／按本规则指定的给予—请求—接收—反馈—重订路径路由。,近位、远位只修正该交换需求进入亲密关系核心的可能；不得据此判断具体伴侣现实中一定配合。,根气只修正用户交换需求和通道是否稳定重复，不等于双方已形成成熟互惠。,旺弱只修正通道调用强度、抢位或缺位风险，不直接等于交换公平或关系质量。,喜忌只修正调用顺畅度与摩擦，不可直接翻译为理想伴侣五行、十神或必然互补。,真合化成立时按化神功能重算用户交换需求；合化争议时停止细化交换通道。,近位提高该交换议题进入关系核心的可能；远位只保留背景或阶段性观察。,76,不加分；输出,report_text,某个阶段承担更多，不等于长期都必须如此。,某个阶段承担更多，不等于长期都必须如此。,不得仅凭本规则推出双方一定公平、相爱、忠诚、长期稳定或适合结婚；不得把付出多少直接等同爱多少；不得以命理要求单方牺牲、立即回报、原谅、复合或继续关系。现实安全、同意、持续行为、反例与双方协商优先。,中高,待验证,,exchange_blindspot=EB10; provisional=true; rule_group=EXCHANGE-EB伪互惠,0.4
M5-EXCHANGE-339,XD01 情绪倾听与安抚｜领域定义,L7 交换领域,EXCHANGE-XD领域,通用,定义,XD01,情绪倾听与安抚,分析双方在该领域的交换。,无,由共享基础引擎、M3与M5-BASE提供；只修正用户怎样给予、请求、接收和回馈，不直接判断双方现实交换质量。,M2只说明进入关系所需资格证据；不能替代长期双向交换、负荷与修复验证。,M3-BASE、EXPR、CARE和BOUND提供用户自然互动通道；M5-EXCHANGE负责把两人的实际行为合成为交换结构。,无／按本规则指定的给予—请求—接收—反馈—重订路径路由。,近位、远位只修正该交换需求进入亲密关系核心的可能；不得据此判断具体伴侣现实中一定配合。,根气只修正用户交换需求和通道是否稳定重复，不等于双方已形成成熟互惠。,旺弱只修正通道调用强度、抢位或缺位风险，不直接等于交换公平或关系质量。,喜忌只修正调用顺畅度与摩擦，不可直接翻译为理想伴侣五行、十神或必然互补。,真合化成立时按化神功能重算用户交换需求；合化争议时停止细化交换通道。,近位提高该交换议题进入关系核心的可能；远位只保留背景或阶段性观察。,88,不加分；领域定义,exchange_domains,感受被听见、被理解、被安抚和被允许存在。,情绪倾听与安抚主要包括：感受被听见、被理解、被安抚和被允许存在。,不得仅凭本规则推出双方一定公平、相爱、忠诚、长期稳定或适合结婚；不得把付出多少直接等同爱多少；不得以命理要求单方牺牲、立即回报、原谅、复合或继续关系。现实安全、同意、持续行为、反例与双方协商优先。,高,待验证,,exchange_domain=XD01; provisional=true; rule_group=EXCHANGE-XD领域,0.4
M5-EXCHANGE-340,XD01 情绪倾听与安抚｜通道路由,L7 交换领域,EXCHANGE-XD领域,通用,路由,XD01,情绪倾听与安抚,主EC或次EC与该领域相关。,把所有EC都堆入同一领域。,由共享基础引擎、M3与M5-BASE提供；只修正用户怎样给予、请求、接收和回馈，不直接判断双方现实交换质量。,M2只说明进入关系所需资格证据；不能替代长期双向交换、负荷与修复验证。,M3-BASE、EXPR、CARE和BOUND提供用户自然互动通道；M5-EXCHANGE负责把两人的实际行为合成为交换结构。,无／按本规则指定的给予—请求—接收—反馈—重订路径路由。,近位、远位只修正该交换需求进入亲密关系核心的可能；不得据此判断具体伴侣现实中一定配合。,根气只修正用户交换需求和通道是否稳定重复，不等于双方已形成成熟互惠。,旺弱只修正通道调用强度、抢位或缺位风险，不直接等于交换公平或关系质量。,喜忌只修正调用顺畅度与摩擦，不可直接翻译为理想伴侣五行、十神或必然互补。,真合化成立时按化神功能重算用户交换需求；合化争议时停止细化交换通道。,近位提高该交换议题进入关系核心的可能；远位只保留背景或阶段性观察。,78,EC领域路由,primary_exchange_channel,EC03、EC09、EC10,该领域常见交换通道：EC03、EC09、EC10,不得仅凭本规则推出双方一定公平、相爱、忠诚、长期稳定或适合结婚；不得把付出多少直接等同爱多少；不得以命理要求单方牺牲、立即回报、原谅、复合或继续关系。现实安全、同意、持续行为、反例与双方协商优先。,中,待验证,,exchange_domain=XD01; provisional=true; rule_group=EXCHANGE-XD领域,0.4
M5-EXCHANGE-341,XD01 情绪倾听与安抚｜关键观察,L7 交换领域,EXCHANGE-XD领域,通用,证据,XD01,情绪倾听与安抚,存在该领域现实事件。,只有抽象评价或一次高光。,由共享基础引擎、M3与M5-BASE提供；只修正用户怎样给予、请求、接收和回馈，不直接判断双方现实交换质量。,M2只说明进入关系所需资格证据；不能替代长期双向交换、负荷与修复验证。,M3-BASE、EXPR、CARE和BOUND提供用户自然互动通道；M5-EXCHANGE负责把两人的实际行为合成为交换结构。,无／按本规则指定的给予—请求—接收—反馈—重订路径路由。,近位、远位只修正该交换需求进入亲密关系核心的可能；不得据此判断具体伴侣现实中一定配合。,根气只修正用户交换需求和通道是否稳定重复，不等于双方已形成成熟互惠。,旺弱只修正通道调用强度、抢位或缺位风险，不直接等于交换公平或关系质量。,喜忌只修正调用顺畅度与摩擦，不可直接翻译为理想伴侣五行、十神或必然互补。,真合化成立时按化神功能重算用户交换需求；合化争议时停止细化交换通道。,近位提高该交换议题进入关系核心的可能；远位只保留背景或阶段性观察。,86,XV层级修正,observation_plan,是否能请求、接收、回应并转向现实下一步。,在情绪倾听与安抚中，重点观察：是否能请求、接收、回应并转向现实下一步。,不得仅凭本规则推出双方一定公平、相爱、忠诚、长期稳定或适合结婚；不得把付出多少直接等同爱多少；不得以命理要求单方牺牲、立即回报、原谅、复合或继续关系。现实安全、同意、持续行为、反例与双方协商优先。,中高,待验证,,exchange_domain=XD01; provisional=true; rule_group=EXCHANGE-XD领域,0.4
M5-EXCHANGE-342,XD01 情绪倾听与安抚｜跨领域边界,L7 交换领域,EXCHANGE-XD领域,通用,边界,XD01,情绪倾听与安抚,准备从该领域推广到整体交换。,XV4以上且至少两个领域一致。,由共享基础引擎、M3与M5-BASE提供；只修正用户怎样给予、请求、接收和回馈，不直接判断双方现实交换质量。,M2只说明进入关系所需资格证据；不能替代长期双向交换、负荷与修复验证。,M3-BASE、EXPR、CARE和BOUND提供用户自然互动通道；M5-EXCHANGE负责把两人的实际行为合成为交换结构。,无／按本规则指定的给予—请求—接收—反馈—重订路径路由。,近位、远位只修正该交换需求进入亲密关系核心的可能；不得据此判断具体伴侣现实中一定配合。,根气只修正用户交换需求和通道是否稳定重复，不等于双方已形成成熟互惠。,旺弱只修正通道调用强度、抢位或缺位风险，不直接等于交换公平或关系质量。,喜忌只修正调用顺畅度与摩擦，不可直接翻译为理想伴侣五行、十神或必然互补。,真合化成立时按化神功能重算用户交换需求；合化争议时停止细化交换通道。,近位提高该交换议题进入关系核心的可能；远位只保留背景或阶段性观察。,94,不加分；边界,boundary_note,领域能力需要分别验证。,在这个领域做得好，不能自动说明所有方面都同样成熟。,不得仅凭本规则推出双方一定公平、相爱、忠诚、长期稳定或适合结婚；不得把付出多少直接等同爱多少；不得以命理要求单方牺牲、立即回报、原谅、复合或继续关系。现实安全、同意、持续行为、反例与双方协商优先。,高,待验证,,exchange_domain=XD01; provisional=true; rule_group=EXCHANGE-XD领域,0.4
M5-EXCHANGE-343,XD02 表达、信息与反馈｜领域定义,L7 交换领域,EXCHANGE-XD领域,通用,定义,XD02,表达、信息与反馈,分析双方在该领域的交换。,无,由共享基础引擎、M3与M5-BASE提供；只修正用户怎样给予、请求、接收和回馈，不直接判断双方现实交换质量。,M2只说明进入关系所需资格证据；不能替代长期双向交换、负荷与修复验证。,M3-BASE、EXPR、CARE和BOUND提供用户自然互动通道；M5-EXCHANGE负责把两人的实际行为合成为交换结构。,无／按本规则指定的给予—请求—接收—反馈—重订路径路由。,近位、远位只修正该交换需求进入亲密关系核心的可能；不得据此判断具体伴侣现实中一定配合。,根气只修正用户交换需求和通道是否稳定重复，不等于双方已形成成熟互惠。,旺弱只修正通道调用强度、抢位或缺位风险，不直接等于交换公平或关系质量。,喜忌只修正调用顺畅度与摩擦，不可直接翻译为理想伴侣五行、十神或必然互补。,真合化成立时按化神功能重算用户交换需求；合化争议时停止细化交换通道。,近位提高该交换议题进入关系核心的可能；远位只保留背景或阶段性观察。,88,不加分；领域定义,exchange_domains,事实、观点、需要、复述理解和调整。,表达、信息与反馈主要包括：事实、观点、需要、复述理解和调整。,不得仅凭本规则推出双方一定公平、相爱、忠诚、长期稳定或适合结婚；不得把付出多少直接等同爱多少；不得以命理要求单方牺牲、立即回报、原谅、复合或继续关系。现实安全、同意、持续行为、反例与双方协商优先。,高,待验证,,exchange_domain=XD02; provisional=true; rule_group=EXCHANGE-XD领域,0.4
M5-EXCHANGE-344,XD02 表达、信息与反馈｜通道路由,L7 交换领域,EXCHANGE-XD领域,通用,路由,XD02,表达、信息与反馈,主EC或次EC与该领域相关。,把所有EC都堆入同一领域。,由共享基础引擎、M3与M5-BASE提供；只修正用户怎样给予、请求、接收和回馈，不直接判断双方现实交换质量。,M2只说明进入关系所需资格证据；不能替代长期双向交换、负荷与修复验证。,M3-BASE、EXPR、CARE和BOUND提供用户自然互动通道；M5-EXCHANGE负责把两人的实际行为合成为交换结构。,无／按本规则指定的给予—请求—接收—反馈—重订路径路由。,近位、远位只修正该交换需求进入亲密关系核心的可能；不得据此判断具体伴侣现实中一定配合。,根气只修正用户交换需求和通道是否稳定重复，不等于双方已形成成熟互惠。,旺弱只修正通道调用强度、抢位或缺位风险，不直接等于交换公平或关系质量。,喜忌只修正调用顺畅度与摩擦，不可直接翻译为理想伴侣五行、十神或必然互补。,真合化成立时按化神功能重算用户交换需求；合化争议时停止细化交换通道。,近位提高该交换议题进入关系核心的可能；远位只保留背景或阶段性观察。,78,EC领域路由,primary_exchange_channel,EC01、EC04,该领域常见交换通道：EC01、EC04,不得仅凭本规则推出双方一定公平、相爱、忠诚、长期稳定或适合结婚；不得把付出多少直接等同爱多少；不得以命理要求单方牺牲、立即回报、原谅、复合或继续关系。现实安全、同意、持续行为、反例与双方协商优先。,中,待验证,,exchange_domain=XD02; provisional=true; rule_group=EXCHANGE-XD领域,0.4
M5-EXCHANGE-345,XD02 表达、信息与反馈｜关键观察,L7 交换领域,EXCHANGE-XD领域,通用,证据,XD02,表达、信息与反馈,存在该领域现实事件。,只有抽象评价或一次高光。,由共享基础引擎、M3与M5-BASE提供；只修正用户怎样给予、请求、接收和回馈，不直接判断双方现实交换质量。,M2只说明进入关系所需资格证据；不能替代长期双向交换、负荷与修复验证。,M3-BASE、EXPR、CARE和BOUND提供用户自然互动通道；M5-EXCHANGE负责把两人的实际行为合成为交换结构。,无／按本规则指定的给予—请求—接收—反馈—重订路径路由。,近位、远位只修正该交换需求进入亲密关系核心的可能；不得据此判断具体伴侣现实中一定配合。,根气只修正用户交换需求和通道是否稳定重复，不等于双方已形成成熟互惠。,旺弱只修正通道调用强度、抢位或缺位风险，不直接等于交换公平或关系质量。,喜忌只修正调用顺畅度与摩擦，不可直接翻译为理想伴侣五行、十神或必然互补。,真合化成立时按化神功能重算用户交换需求；合化争议时停止细化交换通道。,近位提高该交换议题进入关系核心的可能；远位只保留背景或阶段性观察。,86,XV层级修正,observation_plan,是否双向，是否根据反馈改变。,在表达、信息与反馈中，重点观察：是否双向，是否根据反馈改变。,不得仅凭本规则推出双方一定公平、相爱、忠诚、长期稳定或适合结婚；不得把付出多少直接等同爱多少；不得以命理要求单方牺牲、立即回报、原谅、复合或继续关系。现实安全、同意、持续行为、反例与双方协商优先。,中高,待验证,,exchange_domain=XD02; provisional=true; rule_group=EXCHANGE-XD领域,0.4
M5-EXCHANGE-346,XD02 表达、信息与反馈｜跨领域边界,L7 交换领域,EXCHANGE-XD领域,通用,边界,XD02,表达、信息与反馈,准备从该领域推广到整体交换。,XV4以上且至少两个领域一致。,由共享基础引擎、M3与M5-BASE提供；只修正用户怎样给予、请求、接收和回馈，不直接判断双方现实交换质量。,M2只说明进入关系所需资格证据；不能替代长期双向交换、负荷与修复验证。,M3-BASE、EXPR、CARE和BOUND提供用户自然互动通道；M5-EXCHANGE负责把两人的实际行为合成为交换结构。,无／按本规则指定的给予—请求—接收—反馈—重订路径路由。,近位、远位只修正该交换需求进入亲密关系核心的可能；不得据此判断具体伴侣现实中一定配合。,根气只修正用户交换需求和通道是否稳定重复，不等于双方已形成成熟互惠。,旺弱只修正通道调用强度、抢位或缺位风险，不直接等于交换公平或关系质量。,喜忌只修正调用顺畅度与摩擦，不可直接翻译为理想伴侣五行、十神或必然互补。,真合化成立时按化神功能重算用户交换需求；合化争议时停止细化交换通道。,近位提高该交换议题进入关系核心的可能；远位只保留背景或阶段性观察。,94,不加分；边界,boundary_note,领域能力需要分别验证。,在这个领域做得好，不能自动说明所有方面都同样成熟。,不得仅凭本规则推出双方一定公平、相爱、忠诚、长期稳定或适合结婚；不得把付出多少直接等同爱多少；不得以命理要求单方牺牲、立即回报、原谅、复合或继续关系。现实安全、同意、持续行为、反例与双方协商优先。,高,待验证,,exchange_domain=XD02; provisional=true; rule_group=EXCHANGE-XD领域,0.4
M5-EXCHANGE-347,XD03 时间、陪伴与关系维护｜领域定义,L7 交换领域,EXCHANGE-XD领域,通用,定义,XD03,时间、陪伴与关系维护,分析双方在该领域的交换。,无,由共享基础引擎、M3与M5-BASE提供；只修正用户怎样给予、请求、接收和回馈，不直接判断双方现实交换质量。,M2只说明进入关系所需资格证据；不能替代长期双向交换、负荷与修复验证。,M3-BASE、EXPR、CARE和BOUND提供用户自然互动通道；M5-EXCHANGE负责把两人的实际行为合成为交换结构。,无／按本规则指定的给予—请求—接收—反馈—重订路径路由。,近位、远位只修正该交换需求进入亲密关系核心的可能；不得据此判断具体伴侣现实中一定配合。,根气只修正用户交换需求和通道是否稳定重复，不等于双方已形成成熟互惠。,旺弱只修正通道调用强度、抢位或缺位风险，不直接等于交换公平或关系质量。,喜忌只修正调用顺畅度与摩擦，不可直接翻译为理想伴侣五行、十神或必然互补。,真合化成立时按化神功能重算用户交换需求；合化争议时停止细化交换通道。,近位提高该交换议题进入关系核心的可能；远位只保留背景或阶段性观察。,88,不加分；领域定义,exchange_domains,联系、见面、陪伴、共同时间和持续关注。,时间、陪伴与关系维护主要包括：联系、见面、陪伴、共同时间和持续关注。,不得仅凭本规则推出双方一定公平、相爱、忠诚、长期稳定或适合结婚；不得把付出多少直接等同爱多少；不得以命理要求单方牺牲、立即回报、原谅、复合或继续关系。现实安全、同意、持续行为、反例与双方协商优先。,高,待验证,,exchange_domain=XD03; provisional=true; rule_group=EXCHANGE-XD领域,0.4
M5-EXCHANGE-348,XD03 时间、陪伴与关系维护｜通道路由,L7 交换领域,EXCHANGE-XD领域,通用,路由,XD03,时间、陪伴与关系维护,主EC或次EC与该领域相关。,把所有EC都堆入同一领域。,由共享基础引擎、M3与M5-BASE提供；只修正用户怎样给予、请求、接收和回馈，不直接判断双方现实交换质量。,M2只说明进入关系所需资格证据；不能替代长期双向交换、负荷与修复验证。,M3-BASE、EXPR、CARE和BOUND提供用户自然互动通道；M5-EXCHANGE负责把两人的实际行为合成为交换结构。,无／按本规则指定的给予—请求—接收—反馈—重订路径路由。,近位、远位只修正该交换需求进入亲密关系核心的可能；不得据此判断具体伴侣现实中一定配合。,根气只修正用户交换需求和通道是否稳定重复，不等于双方已形成成熟互惠。,旺弱只修正通道调用强度、抢位或缺位风险，不直接等于交换公平或关系质量。,喜忌只修正调用顺畅度与摩擦，不可直接翻译为理想伴侣五行、十神或必然互补。,真合化成立时按化神功能重算用户交换需求；合化争议时停止细化交换通道。,近位提高该交换议题进入关系核心的可能；远位只保留背景或阶段性观察。,78,EC领域路由,primary_exchange_channel,EC03、EC05,该领域常见交换通道：EC03、EC05,不得仅凭本规则推出双方一定公平、相爱、忠诚、长期稳定或适合结婚；不得把付出多少直接等同爱多少；不得以命理要求单方牺牲、立即回报、原谅、复合或继续关系。现实安全、同意、持续行为、反例与双方协商优先。,中,待验证,,exchange_domain=XD03; provisional=true; rule_group=EXCHANGE-XD领域,0.4
M5-EXCHANGE-349,XD03 时间、陪伴与关系维护｜关键观察,L7 交换领域,EXCHANGE-XD领域,通用,证据,XD03,时间、陪伴与关系维护,存在该领域现实事件。,只有抽象评价或一次高光。,由共享基础引擎、M3与M5-BASE提供；只修正用户怎样给予、请求、接收和回馈，不直接判断双方现实交换质量。,M2只说明进入关系所需资格证据；不能替代长期双向交换、负荷与修复验证。,M3-BASE、EXPR、CARE和BOUND提供用户自然互动通道；M5-EXCHANGE负责把两人的实际行为合成为交换结构。,无／按本规则指定的给予—请求—接收—反馈—重订路径路由。,近位、远位只修正该交换需求进入亲密关系核心的可能；不得据此判断具体伴侣现实中一定配合。,根气只修正用户交换需求和通道是否稳定重复，不等于双方已形成成熟互惠。,旺弱只修正通道调用强度、抢位或缺位风险，不直接等于交换公平或关系质量。,喜忌只修正调用顺畅度与摩擦，不可直接翻译为理想伴侣五行、十神或必然互补。,真合化成立时按化神功能重算用户交换需求；合化争议时停止细化交换通道。,近位提高该交换议题进入关系核心的可能；远位只保留背景或阶段性观察。,86,XV层级修正,observation_plan,投入是否可预测，时间变化时能否重订。,在时间、陪伴与关系维护中，重点观察：投入是否可预测，时间变化时能否重订。,不得仅凭本规则推出双方一定公平、相爱、忠诚、长期稳定或适合结婚；不得把付出多少直接等同爱多少；不得以命理要求单方牺牲、立即回报、原谅、复合或继续关系。现实安全、同意、持续行为、反例与双方协商优先。,中高,待验证,,exchange_domain=XD03; provisional=true; rule_group=EXCHANGE-XD领域,0.4
M5-EXCHANGE-350,XD03 时间、陪伴与关系维护｜跨领域边界,L7 交换领域,EXCHANGE-XD领域,通用,边界,XD03,时间、陪伴与关系维护,准备从该领域推广到整体交换。,XV4以上且至少两个领域一致。,由共享基础引擎、M3与M5-BASE提供；只修正用户怎样给予、请求、接收和回馈，不直接判断双方现实交换质量。,M2只说明进入关系所需资格证据；不能替代长期双向交换、负荷与修复验证。,M3-BASE、EXPR、CARE和BOUND提供用户自然互动通道；M5-EXCHANGE负责把两人的实际行为合成为交换结构。,无／按本规则指定的给予—请求—接收—反馈—重订路径路由。,近位、远位只修正该交换需求进入亲密关系核心的可能；不得据此判断具体伴侣现实中一定配合。,根气只修正用户交换需求和通道是否稳定重复，不等于双方已形成成熟互惠。,旺弱只修正通道调用强度、抢位或缺位风险，不直接等于交换公平或关系质量。,喜忌只修正调用顺畅度与摩擦，不可直接翻译为理想伴侣五行、十神或必然互补。,真合化成立时按化神功能重算用户交换需求；合化争议时停止细化交换通道。,近位提高该交换议题进入关系核心的可能；远位只保留背景或阶段性观察。,94,不加分；边界,boundary_note,领域能力需要分别验证。,在这个领域做得好，不能自动说明所有方面都同样成熟。,不得仅凭本规则推出双方一定公平、相爱、忠诚、长期稳定或适合结婚；不得把付出多少直接等同爱多少；不得以命理要求单方牺牲、立即回报、原谅、复合或继续关系。现实安全、同意、持续行为、反例与双方协商优先。,高,待验证,,exchange_domain=XD03; provisional=true; rule_group=EXCHANGE-XD领域,0.4
M5-EXCHANGE-351,XD04 家务、事务与照护劳动｜领域定义,L7 交换领域,EXCHANGE-XD领域,通用,定义,XD04,家务、事务与照护劳动,分析双方在该领域的交换。,无,由共享基础引擎、M3与M5-BASE提供；只修正用户怎样给予、请求、接收和回馈，不直接判断双方现实交换质量。,M2只说明进入关系所需资格证据；不能替代长期双向交换、负荷与修复验证。,M3-BASE、EXPR、CARE和BOUND提供用户自然互动通道；M5-EXCHANGE负责把两人的实际行为合成为交换结构。,无／按本规则指定的给予—请求—接收—反馈—重订路径路由。,近位、远位只修正该交换需求进入亲密关系核心的可能；不得据此判断具体伴侣现实中一定配合。,根气只修正用户交换需求和通道是否稳定重复，不等于双方已形成成熟互惠。,旺弱只修正通道调用强度、抢位或缺位风险，不直接等于交换公平或关系质量。,喜忌只修正调用顺畅度与摩擦，不可直接翻译为理想伴侣五行、十神或必然互补。,真合化成立时按化神功能重算用户交换需求；合化争议时停止细化交换通道。,近位提高该交换议题进入关系核心的可能；远位只保留背景或阶段性观察。,88,不加分；领域定义,exchange_domains,家务、行政、照护、计划、执行和日常管理。,家务、事务与照护劳动主要包括：家务、行政、照护、计划、执行和日常管理。,不得仅凭本规则推出双方一定公平、相爱、忠诚、长期稳定或适合结婚；不得把付出多少直接等同爱多少；不得以命理要求单方牺牲、立即回报、原谅、复合或继续关系。现实安全、同意、持续行为、反例与双方协商优先。,高,待验证,,exchange_domain=XD04; provisional=true; rule_group=EXCHANGE-XD领域,0.4
M5-EXCHANGE-352,XD04 家务、事务与照护劳动｜通道路由,L7 交换领域,EXCHANGE-XD领域,通用,路由,XD04,家务、事务与照护劳动,主EC或次EC与该领域相关。,把所有EC都堆入同一领域。,由共享基础引擎、M3与M5-BASE提供；只修正用户怎样给予、请求、接收和回馈，不直接判断双方现实交换质量。,M2只说明进入关系所需资格证据；不能替代长期双向交换、负荷与修复验证。,M3-BASE、EXPR、CARE和BOUND提供用户自然互动通道；M5-EXCHANGE负责把两人的实际行为合成为交换结构。,无／按本规则指定的给予—请求—接收—反馈—重订路径路由。,近位、远位只修正该交换需求进入亲密关系核心的可能；不得据此判断具体伴侣现实中一定配合。,根气只修正用户交换需求和通道是否稳定重复，不等于双方已形成成熟互惠。,旺弱只修正通道调用强度、抢位或缺位风险，不直接等于交换公平或关系质量。,喜忌只修正调用顺畅度与摩擦，不可直接翻译为理想伴侣五行、十神或必然互补。,真合化成立时按化神功能重算用户交换需求；合化争议时停止细化交换通道。,近位提高该交换议题进入关系核心的可能；远位只保留背景或阶段性观察。,78,EC领域路由,primary_exchange_channel,EC02、EC05、EC07,该领域常见交换通道：EC02、EC05、EC07,不得仅凭本规则推出双方一定公平、相爱、忠诚、长期稳定或适合结婚；不得把付出多少直接等同爱多少；不得以命理要求单方牺牲、立即回报、原谅、复合或继续关系。现实安全、同意、持续行为、反例与双方协商优先。,中,待验证,,exchange_domain=XD04; provisional=true; rule_group=EXCHANGE-XD领域,0.4
M5-EXCHANGE-353,XD04 家务、事务与照护劳动｜关键观察,L7 交换领域,EXCHANGE-XD领域,通用,证据,XD04,家务、事务与照护劳动,存在该领域现实事件。,只有抽象评价或一次高光。,由共享基础引擎、M3与M5-BASE提供；只修正用户怎样给予、请求、接收和回馈，不直接判断双方现实交换质量。,M2只说明进入关系所需资格证据；不能替代长期双向交换、负荷与修复验证。,M3-BASE、EXPR、CARE和BOUND提供用户自然互动通道；M5-EXCHANGE负责把两人的实际行为合成为交换结构。,无／按本规则指定的给予—请求—接收—反馈—重订路径路由。,近位、远位只修正该交换需求进入亲密关系核心的可能；不得据此判断具体伴侣现实中一定配合。,根气只修正用户交换需求和通道是否稳定重复，不等于双方已形成成熟互惠。,旺弱只修正通道调用强度、抢位或缺位风险，不直接等于交换公平或关系质量。,喜忌只修正调用顺畅度与摩擦，不可直接翻译为理想伴侣五行、十神或必然互补。,真合化成立时按化神功能重算用户交换需求；合化争议时停止细化交换通道。,近位提高该交换议题进入关系核心的可能；远位只保留背景或阶段性观察。,86,XV层级修正,observation_plan,负荷是否可见、可分配、可轮换。,在家务、事务与照护劳动中，重点观察：负荷是否可见、可分配、可轮换。,不得仅凭本规则推出双方一定公平、相爱、忠诚、长期稳定或适合结婚；不得把付出多少直接等同爱多少；不得以命理要求单方牺牲、立即回报、原谅、复合或继续关系。现实安全、同意、持续行为、反例与双方协商优先。,中高,待验证,,exchange_domain=XD04; provisional=true; rule_group=EXCHANGE-XD领域,0.4
M5-EXCHANGE-354,XD04 家务、事务与照护劳动｜跨领域边界,L7 交换领域,EXCHANGE-XD领域,通用,边界,XD04,家务、事务与照护劳动,准备从该领域推广到整体交换。,XV4以上且至少两个领域一致。,由共享基础引擎、M3与M5-BASE提供；只修正用户怎样给予、请求、接收和回馈，不直接判断双方现实交换质量。,M2只说明进入关系所需资格证据；不能替代长期双向交换、负荷与修复验证。,M3-BASE、EXPR、CARE和BOUND提供用户自然互动通道；M5-EXCHANGE负责把两人的实际行为合成为交换结构。,无／按本规则指定的给予—请求—接收—反馈—重订路径路由。,近位、远位只修正该交换需求进入亲密关系核心的可能；不得据此判断具体伴侣现实中一定配合。,根气只修正用户交换需求和通道是否稳定重复，不等于双方已形成成熟互惠。,旺弱只修正通道调用强度、抢位或缺位风险，不直接等于交换公平或关系质量。,喜忌只修正调用顺畅度与摩擦，不可直接翻译为理想伴侣五行、十神或必然互补。,真合化成立时按化神功能重算用户交换需求；合化争议时停止细化交换通道。,近位提高该交换议题进入关系核心的可能；远位只保留背景或阶段性观察。,94,不加分；边界,boundary_note,领域能力需要分别验证。,在这个领域做得好，不能自动说明所有方面都同样成熟。,不得仅凭本规则推出双方一定公平、相爱、忠诚、长期稳定或适合结婚；不得把付出多少直接等同爱多少；不得以命理要求单方牺牲、立即回报、原谅、复合或继续关系。现实安全、同意、持续行为、反例与双方协商优先。,高,待验证,,exchange_domain=XD04; provisional=true; rule_group=EXCHANGE-XD领域,0.4
M5-EXCHANGE-355,XD05 金钱、物质与资源｜领域定义,L7 交换领域,EXCHANGE-XD领域,通用,定义,XD05,金钱、物质与资源,分析双方在该领域的交换。,无,由共享基础引擎、M3与M5-BASE提供；只修正用户怎样给予、请求、接收和回馈，不直接判断双方现实交换质量。,M2只说明进入关系所需资格证据；不能替代长期双向交换、负荷与修复验证。,M3-BASE、EXPR、CARE和BOUND提供用户自然互动通道；M5-EXCHANGE负责把两人的实际行为合成为交换结构。,无／按本规则指定的给予—请求—接收—反馈—重订路径路由。,近位、远位只修正该交换需求进入亲密关系核心的可能；不得据此判断具体伴侣现实中一定配合。,根气只修正用户交换需求和通道是否稳定重复，不等于双方已形成成熟互惠。,旺弱只修正通道调用强度、抢位或缺位风险，不直接等于交换公平或关系质量。,喜忌只修正调用顺畅度与摩擦，不可直接翻译为理想伴侣五行、十神或必然互补。,真合化成立时按化神功能重算用户交换需求；合化争议时停止细化交换通道。,近位提高该交换议题进入关系核心的可能；远位只保留背景或阶段性观察。,88,不加分；领域定义,exchange_domains,金钱、礼物、住房、交通、人脉和机会。,金钱、物质与资源主要包括：金钱、礼物、住房、交通、人脉和机会。,不得仅凭本规则推出双方一定公平、相爱、忠诚、长期稳定或适合结婚；不得把付出多少直接等同爱多少；不得以命理要求单方牺牲、立即回报、原谅、复合或继续关系。现实安全、同意、持续行为、反例与双方协商优先。,高,待验证,,exchange_domain=XD05; provisional=true; rule_group=EXCHANGE-XD领域,0.4
M5-EXCHANGE-356,XD05 金钱、物质与资源｜通道路由,L7 交换领域,EXCHANGE-XD领域,通用,路由,XD05,金钱、物质与资源,主EC或次EC与该领域相关。,把所有EC都堆入同一领域。,由共享基础引擎、M3与M5-BASE提供；只修正用户怎样给予、请求、接收和回馈，不直接判断双方现实交换质量。,M2只说明进入关系所需资格证据；不能替代长期双向交换、负荷与修复验证。,M3-BASE、EXPR、CARE和BOUND提供用户自然互动通道；M5-EXCHANGE负责把两人的实际行为合成为交换结构。,无／按本规则指定的给予—请求—接收—反馈—重订路径路由。,近位、远位只修正该交换需求进入亲密关系核心的可能；不得据此判断具体伴侣现实中一定配合。,根气只修正用户交换需求和通道是否稳定重复，不等于双方已形成成熟互惠。,旺弱只修正通道调用强度、抢位或缺位风险，不直接等于交换公平或关系质量。,喜忌只修正调用顺畅度与摩擦，不可直接翻译为理想伴侣五行、十神或必然互补。,真合化成立时按化神功能重算用户交换需求；合化争议时停止细化交换通道。,近位提高该交换议题进入关系核心的可能；远位只保留背景或阶段性观察。,78,EC领域路由,primary_exchange_channel,EC05、EC06,该领域常见交换通道：EC05、EC06,不得仅凭本规则推出双方一定公平、相爱、忠诚、长期稳定或适合结婚；不得把付出多少直接等同爱多少；不得以命理要求单方牺牲、立即回报、原谅、复合或继续关系。现实安全、同意、持续行为、反例与双方协商优先。,中,待验证,,exchange_domain=XD05; provisional=true; rule_group=EXCHANGE-XD领域,0.4
M5-EXCHANGE-357,XD05 金钱、物质与资源｜关键观察,L7 交换领域,EXCHANGE-XD领域,通用,证据,XD05,金钱、物质与资源,存在该领域现实事件。,只有抽象评价或一次高光。,由共享基础引擎、M3与M5-BASE提供；只修正用户怎样给予、请求、接收和回馈，不直接判断双方现实交换质量。,M2只说明进入关系所需资格证据；不能替代长期双向交换、负荷与修复验证。,M3-BASE、EXPR、CARE和BOUND提供用户自然互动通道；M5-EXCHANGE负责把两人的实际行为合成为交换结构。,无／按本规则指定的给予—请求—接收—反馈—重订路径路由。,近位、远位只修正该交换需求进入亲密关系核心的可能；不得据此判断具体伴侣现实中一定配合。,根气只修正用户交换需求和通道是否稳定重复，不等于双方已形成成熟互惠。,旺弱只修正通道调用强度、抢位或缺位风险，不直接等于交换公平或关系质量。,喜忌只修正调用顺畅度与摩擦，不可直接翻译为理想伴侣五行、十神或必然互补。,真合化成立时按化神功能重算用户交换需求；合化争议时停止细化交换通道。,近位提高该交换议题进入关系核心的可能；远位只保留背景或阶段性观察。,86,XV层级修正,observation_plan,资源是否透明、自愿、不形成控制。,在金钱、物质与资源中，重点观察：资源是否透明、自愿、不形成控制。,不得仅凭本规则推出双方一定公平、相爱、忠诚、长期稳定或适合结婚；不得把付出多少直接等同爱多少；不得以命理要求单方牺牲、立即回报、原谅、复合或继续关系。现实安全、同意、持续行为、反例与双方协商优先。,中高,待验证,,exchange_domain=XD05; provisional=true; rule_group=EXCHANGE-XD领域,0.4
M5-EXCHANGE-358,XD05 金钱、物质与资源｜跨领域边界,L7 交换领域,EXCHANGE-XD领域,通用,边界,XD05,金钱、物质与资源,准备从该领域推广到整体交换。,XV4以上且至少两个领域一致。,由共享基础引擎、M3与M5-BASE提供；只修正用户怎样给予、请求、接收和回馈，不直接判断双方现实交换质量。,M2只说明进入关系所需资格证据；不能替代长期双向交换、负荷与修复验证。,M3-BASE、EXPR、CARE和BOUND提供用户自然互动通道；M5-EXCHANGE负责把两人的实际行为合成为交换结构。,无／按本规则指定的给予—请求—接收—反馈—重订路径路由。,近位、远位只修正该交换需求进入亲密关系核心的可能；不得据此判断具体伴侣现实中一定配合。,根气只修正用户交换需求和通道是否稳定重复，不等于双方已形成成熟互惠。,旺弱只修正通道调用强度、抢位或缺位风险，不直接等于交换公平或关系质量。,喜忌只修正调用顺畅度与摩擦，不可直接翻译为理想伴侣五行、十神或必然互补。,真合化成立时按化神功能重算用户交换需求；合化争议时停止细化交换通道。,近位提高该交换议题进入关系核心的可能；远位只保留背景或阶段性观察。,94,不加分；边界,boundary_note,领域能力需要分别验证。,在这个领域做得好，不能自动说明所有方面都同样成熟。,不得仅凭本规则推出双方一定公平、相爱、忠诚、长期稳定或适合结婚；不得把付出多少直接等同爱多少；不得以命理要求单方牺牲、立即回报、原谅、复合或继续关系。现实安全、同意、持续行为、反例与双方协商优先。,高,待验证,,exchange_domain=XD05; provisional=true; rule_group=EXCHANGE-XD领域,0.4
M5-EXCHANGE-359,XD06 决定、承诺与责任｜领域定义,L7 交换领域,EXCHANGE-XD领域,通用,定义,XD06,决定、承诺与责任,分析双方在该领域的交换。,无,由共享基础引擎、M3与M5-BASE提供；只修正用户怎样给予、请求、接收和回馈，不直接判断双方现实交换质量。,M2只说明进入关系所需资格证据；不能替代长期双向交换、负荷与修复验证。,M3-BASE、EXPR、CARE和BOUND提供用户自然互动通道；M5-EXCHANGE负责把两人的实际行为合成为交换结构。,无／按本规则指定的给予—请求—接收—反馈—重订路径路由。,近位、远位只修正该交换需求进入亲密关系核心的可能；不得据此判断具体伴侣现实中一定配合。,根气只修正用户交换需求和通道是否稳定重复，不等于双方已形成成熟互惠。,旺弱只修正通道调用强度、抢位或缺位风险，不直接等于交换公平或关系质量。,喜忌只修正调用顺畅度与摩擦，不可直接翻译为理想伴侣五行、十神或必然互补。,真合化成立时按化神功能重算用户交换需求；合化争议时停止细化交换通道。,近位提高该交换议题进入关系核心的可能；远位只保留背景或阶段性观察。,88,不加分；领域定义,exchange_domains,共同决定、角色、承诺、规则和责任承担。,决定、承诺与责任主要包括：共同决定、角色、承诺、规则和责任承担。,不得仅凭本规则推出双方一定公平、相爱、忠诚、长期稳定或适合结婚；不得把付出多少直接等同爱多少；不得以命理要求单方牺牲、立即回报、原谅、复合或继续关系。现实安全、同意、持续行为、反例与双方协商优先。,高,待验证,,exchange_domain=XD06; provisional=true; rule_group=EXCHANGE-XD领域,0.4
M5-EXCHANGE-360,XD06 决定、承诺与责任｜通道路由,L7 交换领域,EXCHANGE-XD领域,通用,路由,XD06,决定、承诺与责任,主EC或次EC与该领域相关。,把所有EC都堆入同一领域。,由共享基础引擎、M3与M5-BASE提供；只修正用户怎样给予、请求、接收和回馈，不直接判断双方现实交换质量。,M2只说明进入关系所需资格证据；不能替代长期双向交换、负荷与修复验证。,M3-BASE、EXPR、CARE和BOUND提供用户自然互动通道；M5-EXCHANGE负责把两人的实际行为合成为交换结构。,无／按本规则指定的给予—请求—接收—反馈—重订路径路由。,近位、远位只修正该交换需求进入亲密关系核心的可能；不得据此判断具体伴侣现实中一定配合。,根气只修正用户交换需求和通道是否稳定重复，不等于双方已形成成熟互惠。,旺弱只修正通道调用强度、抢位或缺位风险，不直接等于交换公平或关系质量。,喜忌只修正调用顺畅度与摩擦，不可直接翻译为理想伴侣五行、十神或必然互补。,真合化成立时按化神功能重算用户交换需求；合化争议时停止细化交换通道。,近位提高该交换议题进入关系核心的可能；远位只保留背景或阶段性观察。,78,EC领域路由,primary_exchange_channel,EC01、EC07、EC08,该领域常见交换通道：EC01、EC07、EC08,不得仅凭本规则推出双方一定公平、相爱、忠诚、长期稳定或适合结婚；不得把付出多少直接等同爱多少；不得以命理要求单方牺牲、立即回报、原谅、复合或继续关系。现实安全、同意、持续行为、反例与双方协商优先。,中,待验证,,exchange_domain=XD06; provisional=true; rule_group=EXCHANGE-XD领域,0.4
M5-EXCHANGE-361,XD06 决定、承诺与责任｜关键观察,L7 交换领域,EXCHANGE-XD领域,通用,证据,XD06,决定、承诺与责任,存在该领域现实事件。,只有抽象评价或一次高光。,由共享基础引擎、M3与M5-BASE提供；只修正用户怎样给予、请求、接收和回馈，不直接判断双方现实交换质量。,M2只说明进入关系所需资格证据；不能替代长期双向交换、负荷与修复验证。,M3-BASE、EXPR、CARE和BOUND提供用户自然互动通道；M5-EXCHANGE负责把两人的实际行为合成为交换结构。,无／按本规则指定的给予—请求—接收—反馈—重订路径路由。,近位、远位只修正该交换需求进入亲密关系核心的可能；不得据此判断具体伴侣现实中一定配合。,根气只修正用户交换需求和通道是否稳定重复，不等于双方已形成成熟互惠。,旺弱只修正通道调用强度、抢位或缺位风险，不直接等于交换公平或关系质量。,喜忌只修正调用顺畅度与摩擦，不可直接翻译为理想伴侣五行、十神或必然互补。,真合化成立时按化神功能重算用户交换需求；合化争议时停止细化交换通道。,近位提高该交换议题进入关系核心的可能；远位只保留背景或阶段性观察。,86,XV层级修正,observation_plan,是否保留同意、问责和重订机制。,在决定、承诺与责任中，重点观察：是否保留同意、问责和重订机制。,不得仅凭本规则推出双方一定公平、相爱、忠诚、长期稳定或适合结婚；不得把付出多少直接等同爱多少；不得以命理要求单方牺牲、立即回报、原谅、复合或继续关系。现实安全、同意、持续行为、反例与双方协商优先。,中高,待验证,,exchange_domain=XD06; provisional=true; rule_group=EXCHANGE-XD领域,0.4
M5-EXCHANGE-362,XD06 决定、承诺与责任｜跨领域边界,L7 交换领域,EXCHANGE-XD领域,通用,边界,XD06,决定、承诺与责任,准备从该领域推广到整体交换。,XV4以上且至少两个领域一致。,由共享基础引擎、M3与M5-BASE提供；只修正用户怎样给予、请求、接收和回馈，不直接判断双方现实交换质量。,M2只说明进入关系所需资格证据；不能替代长期双向交换、负荷与修复验证。,M3-BASE、EXPR、CARE和BOUND提供用户自然互动通道；M5-EXCHANGE负责把两人的实际行为合成为交换结构。,无／按本规则指定的给予—请求—接收—反馈—重订路径路由。,近位、远位只修正该交换需求进入亲密关系核心的可能；不得据此判断具体伴侣现实中一定配合。,根气只修正用户交换需求和通道是否稳定重复，不等于双方已形成成熟互惠。,旺弱只修正通道调用强度、抢位或缺位风险，不直接等于交换公平或关系质量。,喜忌只修正调用顺畅度与摩擦，不可直接翻译为理想伴侣五行、十神或必然互补。,真合化成立时按化神功能重算用户交换需求；合化争议时停止细化交换通道。,近位提高该交换议题进入关系核心的可能；远位只保留背景或阶段性观察。,94,不加分；边界,boundary_note,领域能力需要分别验证。,在这个领域做得好，不能自动说明所有方面都同样成熟。,不得仅凭本规则推出双方一定公平、相爱、忠诚、长期稳定或适合结婚；不得把付出多少直接等同爱多少；不得以命理要求单方牺牲、立即回报、原谅、复合或继续关系。现实安全、同意、持续行为、反例与双方协商优先。,高,待验证,,exchange_domain=XD06; provisional=true; rule_group=EXCHANGE-XD领域,0.4
M5-EXCHANGE-363,XD07 危机行动与保护｜领域定义,L7 交换领域,EXCHANGE-XD领域,通用,定义,XD07,危机行动与保护,分析双方在该领域的交换。,无,由共享基础引擎、M3与M5-BASE提供；只修正用户怎样给予、请求、接收和回馈，不直接判断双方现实交换质量。,M2只说明进入关系所需资格证据；不能替代长期双向交换、负荷与修复验证。,M3-BASE、EXPR、CARE和BOUND提供用户自然互动通道；M5-EXCHANGE负责把两人的实际行为合成为交换结构。,无／按本规则指定的给予—请求—接收—反馈—重订路径路由。,近位、远位只修正该交换需求进入亲密关系核心的可能；不得据此判断具体伴侣现实中一定配合。,根气只修正用户交换需求和通道是否稳定重复，不等于双方已形成成熟互惠。,旺弱只修正通道调用强度、抢位或缺位风险，不直接等于交换公平或关系质量。,喜忌只修正调用顺畅度与摩擦，不可直接翻译为理想伴侣五行、十神或必然互补。,真合化成立时按化神功能重算用户交换需求；合化争议时停止细化交换通道。,近位提高该交换议题进入关系核心的可能；远位只保留背景或阶段性观察。,88,不加分；领域定义,exchange_domains,突发事件、风险处理、止损和关键行动。,危机行动与保护主要包括：突发事件、风险处理、止损和关键行动。,不得仅凭本规则推出双方一定公平、相爱、忠诚、长期稳定或适合结婚；不得把付出多少直接等同爱多少；不得以命理要求单方牺牲、立即回报、原谅、复合或继续关系。现实安全、同意、持续行为、反例与双方协商优先。,高,待验证,,exchange_domain=XD07; provisional=true; rule_group=EXCHANGE-XD领域,0.4
M5-EXCHANGE-364,XD07 危机行动与保护｜通道路由,L7 交换领域,EXCHANGE-XD领域,通用,路由,XD07,危机行动与保护,主EC或次EC与该领域相关。,把所有EC都堆入同一领域。,由共享基础引擎、M3与M5-BASE提供；只修正用户怎样给予、请求、接收和回馈，不直接判断双方现实交换质量。,M2只说明进入关系所需资格证据；不能替代长期双向交换、负荷与修复验证。,M3-BASE、EXPR、CARE和BOUND提供用户自然互动通道；M5-EXCHANGE负责把两人的实际行为合成为交换结构。,无／按本规则指定的给予—请求—接收—反馈—重订路径路由。,近位、远位只修正该交换需求进入亲密关系核心的可能；不得据此判断具体伴侣现实中一定配合。,根气只修正用户交换需求和通道是否稳定重复，不等于双方已形成成熟互惠。,旺弱只修正通道调用强度、抢位或缺位风险，不直接等于交换公平或关系质量。,喜忌只修正调用顺畅度与摩擦，不可直接翻译为理想伴侣五行、十神或必然互补。,真合化成立时按化神功能重算用户交换需求；合化争议时停止细化交换通道。,近位提高该交换议题进入关系核心的可能；远位只保留背景或阶段性观察。,78,EC领域路由,primary_exchange_channel,EC02、EC08,该领域常见交换通道：EC02、EC08,不得仅凭本规则推出双方一定公平、相爱、忠诚、长期稳定或适合结婚；不得把付出多少直接等同爱多少；不得以命理要求单方牺牲、立即回报、原谅、复合或继续关系。现实安全、同意、持续行为、反例与双方协商优先。,中,待验证,,exchange_domain=XD07; provisional=true; rule_group=EXCHANGE-XD领域,0.4
M5-EXCHANGE-365,XD07 危机行动与保护｜关键观察,L7 交换领域,EXCHANGE-XD领域,通用,证据,XD07,危机行动与保护,存在该领域现实事件。,只有抽象评价或一次高光。,由共享基础引擎、M3与M5-BASE提供；只修正用户怎样给予、请求、接收和回馈，不直接判断双方现实交换质量。,M2只说明进入关系所需资格证据；不能替代长期双向交换、负荷与修复验证。,M3-BASE、EXPR、CARE和BOUND提供用户自然互动通道；M5-EXCHANGE负责把两人的实际行为合成为交换结构。,无／按本规则指定的给予—请求—接收—反馈—重订路径路由。,近位、远位只修正该交换需求进入亲密关系核心的可能；不得据此判断具体伴侣现实中一定配合。,根气只修正用户交换需求和通道是否稳定重复，不等于双方已形成成熟互惠。,旺弱只修正通道调用强度、抢位或缺位风险，不直接等于交换公平或关系质量。,喜忌只修正调用顺畅度与摩擦，不可直接翻译为理想伴侣五行、十神或必然互补。,真合化成立时按化神功能重算用户交换需求；合化争议时停止细化交换通道。,近位提高该交换议题进入关系核心的可能；远位只保留背景或阶段性观察。,86,XV层级修正,observation_plan,紧急授权是否清楚，事后是否归还参与权。,在危机行动与保护中，重点观察：紧急授权是否清楚，事后是否归还参与权。,不得仅凭本规则推出双方一定公平、相爱、忠诚、长期稳定或适合结婚；不得把付出多少直接等同爱多少；不得以命理要求单方牺牲、立即回报、原谅、复合或继续关系。现实安全、同意、持续行为、反例与双方协商优先。,中高,待验证,,exchange_domain=XD07; provisional=true; rule_group=EXCHANGE-XD领域,0.4
M5-EXCHANGE-366,XD07 危机行动与保护｜跨领域边界,L7 交换领域,EXCHANGE-XD领域,通用,边界,XD07,危机行动与保护,准备从该领域推广到整体交换。,XV4以上且至少两个领域一致。,由共享基础引擎、M3与M5-BASE提供；只修正用户怎样给予、请求、接收和回馈，不直接判断双方现实交换质量。,M2只说明进入关系所需资格证据；不能替代长期双向交换、负荷与修复验证。,M3-BASE、EXPR、CARE和BOUND提供用户自然互动通道；M5-EXCHANGE负责把两人的实际行为合成为交换结构。,无／按本规则指定的给予—请求—接收—反馈—重订路径路由。,近位、远位只修正该交换需求进入亲密关系核心的可能；不得据此判断具体伴侣现实中一定配合。,根气只修正用户交换需求和通道是否稳定重复，不等于双方已形成成熟互惠。,旺弱只修正通道调用强度、抢位或缺位风险，不直接等于交换公平或关系质量。,喜忌只修正调用顺畅度与摩擦，不可直接翻译为理想伴侣五行、十神或必然互补。,真合化成立时按化神功能重算用户交换需求；合化争议时停止细化交换通道。,近位提高该交换议题进入关系核心的可能；远位只保留背景或阶段性观察。,94,不加分；边界,boundary_note,领域能力需要分别验证。,在这个领域做得好，不能自动说明所有方面都同样成熟。,不得仅凭本规则推出双方一定公平、相爱、忠诚、长期稳定或适合结婚；不得把付出多少直接等同爱多少；不得以命理要求单方牺牲、立即回报、原谅、复合或继续关系。现实安全、同意、持续行为、反例与双方协商优先。,高,待验证,,exchange_domain=XD07; provisional=true; rule_group=EXCHANGE-XD领域,0.4
M5-EXCHANGE-367,XD08 亲密、身体、隐私与空间｜领域定义,L7 交换领域,EXCHANGE-XD领域,通用,定义,XD08,亲密、身体、隐私与空间,分析双方在该领域的交换。,无,由共享基础引擎、M3与M5-BASE提供；只修正用户怎样给予、请求、接收和回馈，不直接判断双方现实交换质量。,M2只说明进入关系所需资格证据；不能替代长期双向交换、负荷与修复验证。,M3-BASE、EXPR、CARE和BOUND提供用户自然互动通道；M5-EXCHANGE负责把两人的实际行为合成为交换结构。,无／按本规则指定的给予—请求—接收—反馈—重订路径路由。,近位、远位只修正该交换需求进入亲密关系核心的可能；不得据此判断具体伴侣现实中一定配合。,根气只修正用户交换需求和通道是否稳定重复，不等于双方已形成成熟互惠。,旺弱只修正通道调用强度、抢位或缺位风险，不直接等于交换公平或关系质量。,喜忌只修正调用顺畅度与摩擦，不可直接翻译为理想伴侣五行、十神或必然互补。,真合化成立时按化神功能重算用户交换需求；合化争议时停止细化交换通道。,近位提高该交换议题进入关系核心的可能；远位只保留背景或阶段性观察。,88,不加分；领域定义,exchange_domains,身体边界、亲密节奏、隐私、独处和暂停。,亲密、身体、隐私与空间主要包括：身体边界、亲密节奏、隐私、独处和暂停。,不得仅凭本规则推出双方一定公平、相爱、忠诚、长期稳定或适合结婚；不得把付出多少直接等同爱多少；不得以命理要求单方牺牲、立即回报、原谅、复合或继续关系。现实安全、同意、持续行为、反例与双方协商优先。,高,待验证,,exchange_domain=XD08; provisional=true; rule_group=EXCHANGE-XD领域,0.4
M5-EXCHANGE-368,XD08 亲密、身体、隐私与空间｜通道路由,L7 交换领域,EXCHANGE-XD领域,通用,路由,XD08,亲密、身体、隐私与空间,主EC或次EC与该领域相关。,把所有EC都堆入同一领域。,由共享基础引擎、M3与M5-BASE提供；只修正用户怎样给予、请求、接收和回馈，不直接判断双方现实交换质量。,M2只说明进入关系所需资格证据；不能替代长期双向交换、负荷与修复验证。,M3-BASE、EXPR、CARE和BOUND提供用户自然互动通道；M5-EXCHANGE负责把两人的实际行为合成为交换结构。,无／按本规则指定的给予—请求—接收—反馈—重订路径路由。,近位、远位只修正该交换需求进入亲密关系核心的可能；不得据此判断具体伴侣现实中一定配合。,根气只修正用户交换需求和通道是否稳定重复，不等于双方已形成成熟互惠。,旺弱只修正通道调用强度、抢位或缺位风险，不直接等于交换公平或关系质量。,喜忌只修正调用顺畅度与摩擦，不可直接翻译为理想伴侣五行、十神或必然互补。,真合化成立时按化神功能重算用户交换需求；合化争议时停止细化交换通道。,近位提高该交换议题进入关系核心的可能；远位只保留背景或阶段性观察。,78,EC领域路由,primary_exchange_channel,EC01、EC09、EC10,该领域常见交换通道：EC01、EC09、EC10,不得仅凭本规则推出双方一定公平、相爱、忠诚、长期稳定或适合结婚；不得把付出多少直接等同爱多少；不得以命理要求单方牺牲、立即回报、原谅、复合或继续关系。现实安全、同意、持续行为、反例与双方协商优先。,中,待验证,,exchange_domain=XD08; provisional=true; rule_group=EXCHANGE-XD领域,0.4
M5-EXCHANGE-369,XD08 亲密、身体、隐私与空间｜关键观察,L7 交换领域,EXCHANGE-XD领域,通用,证据,XD08,亲密、身体、隐私与空间,存在该领域现实事件。,只有抽象评价或一次高光。,由共享基础引擎、M3与M5-BASE提供；只修正用户怎样给予、请求、接收和回馈，不直接判断双方现实交换质量。,M2只说明进入关系所需资格证据；不能替代长期双向交换、负荷与修复验证。,M3-BASE、EXPR、CARE和BOUND提供用户自然互动通道；M5-EXCHANGE负责把两人的实际行为合成为交换结构。,无／按本规则指定的给予—请求—接收—反馈—重订路径路由。,近位、远位只修正该交换需求进入亲密关系核心的可能；不得据此判断具体伴侣现实中一定配合。,根气只修正用户交换需求和通道是否稳定重复，不等于双方已形成成熟互惠。,旺弱只修正通道调用强度、抢位或缺位风险，不直接等于交换公平或关系质量。,喜忌只修正调用顺畅度与摩擦，不可直接翻译为理想伴侣五行、十神或必然互补。,真合化成立时按化神功能重算用户交换需求；合化争议时停止细化交换通道。,近位提高该交换议题进入关系核心的可能；远位只保留背景或阶段性观察。,86,XV层级修正,observation_plan,是否自愿、可停止、有最低连接和回归。,在亲密、身体、隐私与空间中，重点观察：是否自愿、可停止、有最低连接和回归。,不得仅凭本规则推出双方一定公平、相爱、忠诚、长期稳定或适合结婚；不得把付出多少直接等同爱多少；不得以命理要求单方牺牲、立即回报、原谅、复合或继续关系。现实安全、同意、持续行为、反例与双方协商优先。,中高,待验证,,exchange_domain=XD08; provisional=true; rule_group=EXCHANGE-XD领域,0.4
M5-EXCHANGE-370,XD08 亲密、身体、隐私与空间｜跨领域边界,L7 交换领域,EXCHANGE-XD领域,通用,边界,XD08,亲密、身体、隐私与空间,准备从该领域推广到整体交换。,XV4以上且至少两个领域一致。,由共享基础引擎、M3与M5-BASE提供；只修正用户怎样给予、请求、接收和回馈，不直接判断双方现实交换质量。,M2只说明进入关系所需资格证据；不能替代长期双向交换、负荷与修复验证。,M3-BASE、EXPR、CARE和BOUND提供用户自然互动通道；M5-EXCHANGE负责把两人的实际行为合成为交换结构。,无／按本规则指定的给予—请求—接收—反馈—重订路径路由。,近位、远位只修正该交换需求进入亲密关系核心的可能；不得据此判断具体伴侣现实中一定配合。,根气只修正用户交换需求和通道是否稳定重复，不等于双方已形成成熟互惠。,旺弱只修正通道调用强度、抢位或缺位风险，不直接等于交换公平或关系质量。,喜忌只修正调用顺畅度与摩擦，不可直接翻译为理想伴侣五行、十神或必然互补。,真合化成立时按化神功能重算用户交换需求；合化争议时停止细化交换通道。,近位提高该交换议题进入关系核心的可能；远位只保留背景或阶段性观察。,94,不加分；边界,boundary_note,领域能力需要分别验证。,在这个领域做得好，不能自动说明所有方面都同样成熟。,不得仅凭本规则推出双方一定公平、相爱、忠诚、长期稳定或适合结婚；不得把付出多少直接等同爱多少；不得以命理要求单方牺牲、立即回报、原谅、复合或继续关系。现实安全、同意、持续行为、反例与双方协商优先。,高,待验证,,exchange_domain=XD08; provisional=true; rule_group=EXCHANGE-XD领域,0.4
M5-EXCHANGE-371,XD09 学习、认知与成长支持｜领域定义,L7 交换领域,EXCHANGE-XD领域,通用,定义,XD09,学习、认知与成长支持,分析双方在该领域的交换。,无,由共享基础引擎、M3与M5-BASE提供；只修正用户怎样给予、请求、接收和回馈，不直接判断双方现实交换质量。,M2只说明进入关系所需资格证据；不能替代长期双向交换、负荷与修复验证。,M3-BASE、EXPR、CARE和BOUND提供用户自然互动通道；M5-EXCHANGE负责把两人的实际行为合成为交换结构。,无／按本规则指定的给予—请求—接收—反馈—重订路径路由。,近位、远位只修正该交换需求进入亲密关系核心的可能；不得据此判断具体伴侣现实中一定配合。,根气只修正用户交换需求和通道是否稳定重复，不等于双方已形成成熟互惠。,旺弱只修正通道调用强度、抢位或缺位风险，不直接等于交换公平或关系质量。,喜忌只修正调用顺畅度与摩擦，不可直接翻译为理想伴侣五行、十神或必然互补。,真合化成立时按化神功能重算用户交换需求；合化争议时停止细化交换通道。,近位提高该交换议题进入关系核心的可能；远位只保留背景或阶段性观察。,88,不加分；领域定义,exchange_domains,信息、建议、技能、职业学习和共同成长。,学习、认知与成长支持主要包括：信息、建议、技能、职业学习和共同成长。,不得仅凭本规则推出双方一定公平、相爱、忠诚、长期稳定或适合结婚；不得把付出多少直接等同爱多少；不得以命理要求单方牺牲、立即回报、原谅、复合或继续关系。现实安全、同意、持续行为、反例与双方协商优先。,高,待验证,,exchange_domain=XD09; provisional=true; rule_group=EXCHANGE-XD领域,0.4
M5-EXCHANGE-372,XD09 学习、认知与成长支持｜通道路由,L7 交换领域,EXCHANGE-XD领域,通用,路由,XD09,学习、认知与成长支持,主EC或次EC与该领域相关。,把所有EC都堆入同一领域。,由共享基础引擎、M3与M5-BASE提供；只修正用户怎样给予、请求、接收和回馈，不直接判断双方现实交换质量。,M2只说明进入关系所需资格证据；不能替代长期双向交换、负荷与修复验证。,M3-BASE、EXPR、CARE和BOUND提供用户自然互动通道；M5-EXCHANGE负责把两人的实际行为合成为交换结构。,无／按本规则指定的给予—请求—接收—反馈—重订路径路由。,近位、远位只修正该交换需求进入亲密关系核心的可能；不得据此判断具体伴侣现实中一定配合。,根气只修正用户交换需求和通道是否稳定重复，不等于双方已形成成熟互惠。,旺弱只修正通道调用强度、抢位或缺位风险，不直接等于交换公平或关系质量。,喜忌只修正调用顺畅度与摩擦，不可直接翻译为理想伴侣五行、十神或必然互补。,真合化成立时按化神功能重算用户交换需求；合化争议时停止细化交换通道。,近位提高该交换议题进入关系核心的可能；远位只保留背景或阶段性观察。,78,EC领域路由,primary_exchange_channel,EC04、EC09、EC10,该领域常见交换通道：EC04、EC09、EC10,不得仅凭本规则推出双方一定公平、相爱、忠诚、长期稳定或适合结婚；不得把付出多少直接等同爱多少；不得以命理要求单方牺牲、立即回报、原谅、复合或继续关系。现实安全、同意、持续行为、反例与双方协商优先。,中,待验证,,exchange_domain=XD09; provisional=true; rule_group=EXCHANGE-XD领域,0.4
M5-EXCHANGE-373,XD09 学习、认知与成长支持｜关键观察,L7 交换领域,EXCHANGE-XD领域,通用,证据,XD09,学习、认知与成长支持,存在该领域现实事件。,只有抽象评价或一次高光。,由共享基础引擎、M3与M5-BASE提供；只修正用户怎样给予、请求、接收和回馈，不直接判断双方现实交换质量。,M2只说明进入关系所需资格证据；不能替代长期双向交换、负荷与修复验证。,M3-BASE、EXPR、CARE和BOUND提供用户自然互动通道；M5-EXCHANGE负责把两人的实际行为合成为交换结构。,无／按本规则指定的给予—请求—接收—反馈—重订路径路由。,近位、远位只修正该交换需求进入亲密关系核心的可能；不得据此判断具体伴侣现实中一定配合。,根气只修正用户交换需求和通道是否稳定重复，不等于双方已形成成熟互惠。,旺弱只修正通道调用强度、抢位或缺位风险，不直接等于交换公平或关系质量。,喜忌只修正调用顺畅度与摩擦，不可直接翻译为理想伴侣五行、十神或必然互补。,真合化成立时按化神功能重算用户交换需求；合化争议时停止细化交换通道。,近位提高该交换议题进入关系核心的可能；远位只保留背景或阶段性观察。,86,XV层级修正,observation_plan,建议是否被请求，是否促进自主和现实行动。,在学习、认知与成长支持中，重点观察：建议是否被请求，是否促进自主和现实行动。,不得仅凭本规则推出双方一定公平、相爱、忠诚、长期稳定或适合结婚；不得把付出多少直接等同爱多少；不得以命理要求单方牺牲、立即回报、原谅、复合或继续关系。现实安全、同意、持续行为、反例与双方协商优先。,中高,待验证,,exchange_domain=XD09; provisional=true; rule_group=EXCHANGE-XD领域,0.4
M5-EXCHANGE-374,XD09 学习、认知与成长支持｜跨领域边界,L7 交换领域,EXCHANGE-XD领域,通用,边界,XD09,学习、认知与成长支持,准备从该领域推广到整体交换。,XV4以上且至少两个领域一致。,由共享基础引擎、M3与M5-BASE提供；只修正用户怎样给予、请求、接收和回馈，不直接判断双方现实交换质量。,M2只说明进入关系所需资格证据；不能替代长期双向交换、负荷与修复验证。,M3-BASE、EXPR、CARE和BOUND提供用户自然互动通道；M5-EXCHANGE负责把两人的实际行为合成为交换结构。,无／按本规则指定的给予—请求—接收—反馈—重订路径路由。,近位、远位只修正该交换需求进入亲密关系核心的可能；不得据此判断具体伴侣现实中一定配合。,根气只修正用户交换需求和通道是否稳定重复，不等于双方已形成成熟互惠。,旺弱只修正通道调用强度、抢位或缺位风险，不直接等于交换公平或关系质量。,喜忌只修正调用顺畅度与摩擦，不可直接翻译为理想伴侣五行、十神或必然互补。,真合化成立时按化神功能重算用户交换需求；合化争议时停止细化交换通道。,近位提高该交换议题进入关系核心的可能；远位只保留背景或阶段性观察。,94,不加分；边界,boundary_note,领域能力需要分别验证。,在这个领域做得好，不能自动说明所有方面都同样成熟。,不得仅凭本规则推出双方一定公平、相爱、忠诚、长期稳定或适合结婚；不得把付出多少直接等同爱多少；不得以命理要求单方牺牲、立即回报、原谅、复合或继续关系。现实安全、同意、持续行为、反例与双方协商优先。,高,待验证,,exchange_domain=XD09; provisional=true; rule_group=EXCHANGE-XD领域,0.4
M5-EXCHANGE-375,XD10 修复、补救与持续回访｜领域定义,L7 交换领域,EXCHANGE-XD领域,通用,定义,XD10,修复、补救与持续回访,分析双方在该领域的交换。,无,由共享基础引擎、M3与M5-BASE提供；只修正用户怎样给予、请求、接收和回馈，不直接判断双方现实交换质量。,M2只说明进入关系所需资格证据；不能替代长期双向交换、负荷与修复验证。,M3-BASE、EXPR、CARE和BOUND提供用户自然互动通道；M5-EXCHANGE负责把两人的实际行为合成为交换结构。,无／按本规则指定的给予—请求—接收—反馈—重订路径路由。,近位、远位只修正该交换需求进入亲密关系核心的可能；不得据此判断具体伴侣现实中一定配合。,根气只修正用户交换需求和通道是否稳定重复，不等于双方已形成成熟互惠。,旺弱只修正通道调用强度、抢位或缺位风险，不直接等于交换公平或关系质量。,喜忌只修正调用顺畅度与摩擦，不可直接翻译为理想伴侣五行、十神或必然互补。,真合化成立时按化神功能重算用户交换需求；合化争议时停止细化交换通道。,近位提高该交换议题进入关系核心的可能；远位只保留背景或阶段性观察。,88,不加分；领域定义,exchange_domains,道歉、补救、分工调整、反馈和复发处理。,修复、补救与持续回访主要包括：道歉、补救、分工调整、反馈和复发处理。,不得仅凭本规则推出双方一定公平、相爱、忠诚、长期稳定或适合结婚；不得把付出多少直接等同爱多少；不得以命理要求单方牺牲、立即回报、原谅、复合或继续关系。现实安全、同意、持续行为、反例与双方协商优先。,高,待验证,,exchange_domain=XD10; provisional=true; rule_group=EXCHANGE-XD领域,0.4
M5-EXCHANGE-376,XD10 修复、补救与持续回访｜通道路由,L7 交换领域,EXCHANGE-XD领域,通用,路由,XD10,修复、补救与持续回访,主EC或次EC与该领域相关。,把所有EC都堆入同一领域。,由共享基础引擎、M3与M5-BASE提供；只修正用户怎样给予、请求、接收和回馈，不直接判断双方现实交换质量。,M2只说明进入关系所需资格证据；不能替代长期双向交换、负荷与修复验证。,M3-BASE、EXPR、CARE和BOUND提供用户自然互动通道；M5-EXCHANGE负责把两人的实际行为合成为交换结构。,无／按本规则指定的给予—请求—接收—反馈—重订路径路由。,近位、远位只修正该交换需求进入亲密关系核心的可能；不得据此判断具体伴侣现实中一定配合。,根气只修正用户交换需求和通道是否稳定重复，不等于双方已形成成熟互惠。,旺弱只修正通道调用强度、抢位或缺位风险，不直接等于交换公平或关系质量。,喜忌只修正调用顺畅度与摩擦，不可直接翻译为理想伴侣五行、十神或必然互补。,真合化成立时按化神功能重算用户交换需求；合化争议时停止细化交换通道。,近位提高该交换议题进入关系核心的可能；远位只保留背景或阶段性观察。,78,EC领域路由,primary_exchange_channel,EC04、EC05、EC07、EC09,该领域常见交换通道：EC04、EC05、EC07、EC09,不得仅凭本规则推出双方一定公平、相爱、忠诚、长期稳定或适合结婚；不得把付出多少直接等同爱多少；不得以命理要求单方牺牲、立即回报、原谅、复合或继续关系。现实安全、同意、持续行为、反例与双方协商优先。,中,待验证,,exchange_domain=XD10; provisional=true; rule_group=EXCHANGE-XD领域,0.4
M5-EXCHANGE-377,XD10 修复、补救与持续回访｜关键观察,L7 交换领域,EXCHANGE-XD领域,通用,证据,XD10,修复、补救与持续回访,存在该领域现实事件。,只有抽象评价或一次高光。,由共享基础引擎、M3与M5-BASE提供；只修正用户怎样给予、请求、接收和回馈，不直接判断双方现实交换质量。,M2只说明进入关系所需资格证据；不能替代长期双向交换、负荷与修复验证。,M3-BASE、EXPR、CARE和BOUND提供用户自然互动通道；M5-EXCHANGE负责把两人的实际行为合成为交换结构。,无／按本规则指定的给予—请求—接收—反馈—重订路径路由。,近位、远位只修正该交换需求进入亲密关系核心的可能；不得据此判断具体伴侣现实中一定配合。,根气只修正用户交换需求和通道是否稳定重复，不等于双方已形成成熟互惠。,旺弱只修正通道调用强度、抢位或缺位风险，不直接等于交换公平或关系质量。,喜忌只修正调用顺畅度与摩擦，不可直接翻译为理想伴侣五行、十神或必然互补。,真合化成立时按化神功能重算用户交换需求；合化争议时停止细化交换通道。,近位提高该交换议题进入关系核心的可能；远位只保留背景或阶段性观察。,86,XV层级修正,observation_plan,是否进入RN07、RN08并形成持续改变。,在修复、补救与持续回访中，重点观察：是否进入RN07、RN08并形成持续改变。,不得仅凭本规则推出双方一定公平、相爱、忠诚、长期稳定或适合结婚；不得把付出多少直接等同爱多少；不得以命理要求单方牺牲、立即回报、原谅、复合或继续关系。现实安全、同意、持续行为、反例与双方协商优先。,中高,待验证,,exchange_domain=XD10; provisional=true; rule_group=EXCHANGE-XD领域,0.4
M5-EXCHANGE-378,XD10 修复、补救与持续回访｜跨领域边界,L7 交换领域,EXCHANGE-XD领域,通用,边界,XD10,修复、补救与持续回访,准备从该领域推广到整体交换。,XV4以上且至少两个领域一致。,由共享基础引擎、M3与M5-BASE提供；只修正用户怎样给予、请求、接收和回馈，不直接判断双方现实交换质量。,M2只说明进入关系所需资格证据；不能替代长期双向交换、负荷与修复验证。,M3-BASE、EXPR、CARE和BOUND提供用户自然互动通道；M5-EXCHANGE负责把两人的实际行为合成为交换结构。,无／按本规则指定的给予—请求—接收—反馈—重订路径路由。,近位、远位只修正该交换需求进入亲密关系核心的可能；不得据此判断具体伴侣现实中一定配合。,根气只修正用户交换需求和通道是否稳定重复，不等于双方已形成成熟互惠。,旺弱只修正通道调用强度、抢位或缺位风险，不直接等于交换公平或关系质量。,喜忌只修正调用顺畅度与摩擦，不可直接翻译为理想伴侣五行、十神或必然互补。,真合化成立时按化神功能重算用户交换需求；合化争议时停止细化交换通道。,近位提高该交换议题进入关系核心的可能；远位只保留背景或阶段性观察。,94,不加分；边界,boundary_note,领域能力需要分别验证。,在这个领域做得好，不能自动说明所有方面都同样成熟。,不得仅凭本规则推出双方一定公平、相爱、忠诚、长期稳定或适合结婚；不得把付出多少直接等同爱多少；不得以命理要求单方牺牲、立即回报、原谅、复合或继续关系。现实安全、同意、持续行为、反例与双方协商优先。,高,待验证,,exchange_domain=XD10; provisional=true; rule_group=EXCHANGE-XD领域,0.4
M5-EXCHANGE-379,EP01 请求—回应—确认—调整｜路径定义,L8 交换闭环路径,EXCHANGE-EP路径,通用,路径,EP01,ED02、ED04、ED09,起点、回应、确认和回流至少三个节点有独立现实证据。,只有五行相生、命理流通或一方愿望，没有现实双人行为。,由共享基础引擎、M3与M5-BASE提供；只修正用户怎样给予、请求、接收和回馈，不直接判断双方现实交换质量。,M2只说明进入关系所需资格证据；不能替代长期双向交换、负荷与修复验证。,M3-BASE、EXPR、CARE和BOUND提供用户自然互动通道；M5-EXCHANGE负责把两人的实际行为合成为交换结构。,无／按本规则指定的给予—请求—接收—反馈—重订路径路由。,近位、远位只修正该交换需求进入亲密关系核心的可能；不得据此判断具体伴侣现实中一定配合。,根气只修正用户交换需求和通道是否稳定重复，不等于双方已形成成熟互惠。,旺弱只修正通道调用强度、抢位或缺位风险，不直接等于交换公平或关系质量。,喜忌只修正调用顺畅度与摩擦，不可直接翻译为理想伴侣五行、十神或必然互补。,真合化成立时按化神功能重算用户交换需求；合化争议时停止细化交换通道。,近位提高该交换议题进入关系核心的可能；远位只保留背景或阶段性观察。,86,EP候选 +8,exchange_path,一方说明需要，另一方回应，双方确认是否命中，再调整下一步。,较理想的交换顺序是：一方说明需要，另一方回应，双方确认是否命中，再调整下一步。,不得仅凭本规则推出双方一定公平、相爱、忠诚、长期稳定或适合结婚；不得把付出多少直接等同爱多少；不得以命理要求单方牺牲、立即回报、原谅、复合或继续关系。现实安全、同意、持续行为、反例与双方协商优先。,中高,待验证,,exchange_path=EP01; use_case=适用于多数日常支持与沟通。; provisional=true; rule_group=EXCHANGE-EP路径,0.4
M5-EXCHANGE-380,EP01 请求—回应—确认—调整｜断链与验证,L8 交换闭环路径,EXCHANGE-EP路径,通用,验证,EP01,ED02、ED04、ED09,使用场景：适用于多数日常支持与沟通。,把第一步完成直接写成完整闭环。,由共享基础引擎、M3与M5-BASE提供；只修正用户怎样给予、请求、接收和回馈，不直接判断双方现实交换质量。,M2只说明进入关系所需资格证据；不能替代长期双向交换、负荷与修复验证。,M3-BASE、EXPR、CARE和BOUND提供用户自然互动通道；M5-EXCHANGE负责把两人的实际行为合成为交换结构。,无／按本规则指定的给予—请求—接收—反馈—重订路径路由。,近位、远位只修正该交换需求进入亲密关系核心的可能；不得据此判断具体伴侣现实中一定配合。,根气只修正用户交换需求和通道是否稳定重复，不等于双方已形成成熟互惠。,旺弱只修正通道调用强度、抢位或缺位风险，不直接等于交换公平或关系质量。,喜忌只修正调用顺畅度与摩擦，不可直接翻译为理想伴侣五行、十神或必然互补。,真合化成立时按化神功能重算用户交换需求；合化争议时停止细化交换通道。,近位提高该交换议题进入关系核心的可能；远位只保留背景或阶段性观察。,90,断链风险 +10／完整回流 +10,exchange_path_status,检查一方说明需要，另一方回应，双方确认是否命中，再调整下一步。中具体缺少哪个节点；第一步成功不等于整条路径完成。,需要继续确认这条路径是否真正走到回流，而不只是完成前半段。,不得仅凭本规则推出双方一定公平、相爱、忠诚、长期稳定或适合结婚；不得把付出多少直接等同爱多少；不得以命理要求单方牺牲、立即回报、原谅、复合或继续关系。现实安全、同意、持续行为、反例与双方协商优先。,中高,待验证,,exchange_path=EP01; path_validation=true; provisional=true; rule_group=EXCHANGE-EP路径,0.4
M5-EXCHANGE-381,EP02 表达—倾听—复述—落实｜路径定义,L8 交换闭环路径,EXCHANGE-EP路径,通用,路径,EP02,EC04、EC09、EC05,起点、回应、确认和回流至少三个节点有独立现实证据。,只有五行相生、命理流通或一方愿望，没有现实双人行为。,由共享基础引擎、M3与M5-BASE提供；只修正用户怎样给予、请求、接收和回馈，不直接判断双方现实交换质量。,M2只说明进入关系所需资格证据；不能替代长期双向交换、负荷与修复验证。,M3-BASE、EXPR、CARE和BOUND提供用户自然互动通道；M5-EXCHANGE负责把两人的实际行为合成为交换结构。,无／按本规则指定的给予—请求—接收—反馈—重订路径路由。,近位、远位只修正该交换需求进入亲密关系核心的可能；不得据此判断具体伴侣现实中一定配合。,根气只修正用户交换需求和通道是否稳定重复，不等于双方已形成成熟互惠。,旺弱只修正通道调用强度、抢位或缺位风险，不直接等于交换公平或关系质量。,喜忌只修正调用顺畅度与摩擦，不可直接翻译为理想伴侣五行、十神或必然互补。,真合化成立时按化神功能重算用户交换需求；合化争议时停止细化交换通道。,近位提高该交换议题进入关系核心的可能；远位只保留背景或阶段性观察。,86,EP候选 +8,exchange_path,先表达事实和感受，再倾听、复述理解并形成现实行动。,较理想的交换顺序是：先表达事实和感受，再倾听、复述理解并形成现实行动。,不得仅凭本规则推出双方一定公平、相爱、忠诚、长期稳定或适合结婚；不得把付出多少直接等同爱多少；不得以命理要求单方牺牲、立即回报、原谅、复合或继续关系。现实安全、同意、持续行为、反例与双方协商优先。,中高,待验证,,exchange_path=EP02; use_case=防止说清替代落实或倾听。; provisional=true; rule_group=EXCHANGE-EP路径,0.4
M5-EXCHANGE-382,EP02 表达—倾听—复述—落实｜断链与验证,L8 交换闭环路径,EXCHANGE-EP路径,通用,验证,EP02,EC04、EC09、EC05,使用场景：防止说清替代落实或倾听。,把第一步完成直接写成完整闭环。,由共享基础引擎、M3与M5-BASE提供；只修正用户怎样给予、请求、接收和回馈，不直接判断双方现实交换质量。,M2只说明进入关系所需资格证据；不能替代长期双向交换、负荷与修复验证。,M3-BASE、EXPR、CARE和BOUND提供用户自然互动通道；M5-EXCHANGE负责把两人的实际行为合成为交换结构。,无／按本规则指定的给予—请求—接收—反馈—重订路径路由。,近位、远位只修正该交换需求进入亲密关系核心的可能；不得据此判断具体伴侣现实中一定配合。,根气只修正用户交换需求和通道是否稳定重复，不等于双方已形成成熟互惠。,旺弱只修正通道调用强度、抢位或缺位风险，不直接等于交换公平或关系质量。,喜忌只修正调用顺畅度与摩擦，不可直接翻译为理想伴侣五行、十神或必然互补。,真合化成立时按化神功能重算用户交换需求；合化争议时停止细化交换通道。,近位提高该交换议题进入关系核心的可能；远位只保留背景或阶段性观察。,90,断链风险 +10／完整回流 +10,exchange_path_status,检查先表达事实和感受，再倾听、复述理解并形成现实行动。中具体缺少哪个节点；第一步成功不等于整条路径完成。,需要继续确认这条路径是否真正走到回流，而不只是完成前半段。,不得仅凭本规则推出双方一定公平、相爱、忠诚、长期稳定或适合结婚；不得把付出多少直接等同爱多少；不得以命理要求单方牺牲、立即回报、原谅、复合或继续关系。现实安全、同意、持续行为、反例与双方协商优先。,中高,待验证,,exchange_path=EP02; path_validation=true; provisional=true; rule_group=EXCHANGE-EP路径,0.4
M5-EXCHANGE-383,EP03 支持—自主—反馈—共同决定｜路径定义,L8 交换闭环路径,EXCHANGE-EP路径,通用,路径,EP03,EC01、EC08、EC09,起点、回应、确认和回流至少三个节点有独立现实证据。,只有五行相生、命理流通或一方愿望，没有现实双人行为。,由共享基础引擎、M3与M5-BASE提供；只修正用户怎样给予、请求、接收和回馈，不直接判断双方现实交换质量。,M2只说明进入关系所需资格证据；不能替代长期双向交换、负荷与修复验证。,M3-BASE、EXPR、CARE和BOUND提供用户自然互动通道；M5-EXCHANGE负责把两人的实际行为合成为交换结构。,无／按本规则指定的给予—请求—接收—反馈—重订路径路由。,近位、远位只修正该交换需求进入亲密关系核心的可能；不得据此判断具体伴侣现实中一定配合。,根气只修正用户交换需求和通道是否稳定重复，不等于双方已形成成熟互惠。,旺弱只修正通道调用强度、抢位或缺位风险，不直接等于交换公平或关系质量。,喜忌只修正调用顺畅度与摩擦，不可直接翻译为理想伴侣五行、十神或必然互补。,真合化成立时按化神功能重算用户交换需求；合化争议时停止细化交换通道。,近位提高该交换议题进入关系核心的可能；远位只保留背景或阶段性观察。,86,EP候选 +8,exchange_path,提供帮助后恢复对方选择权，接收反馈并共同决定后续。,较理想的交换顺序是：提供帮助后恢复对方选择权，接收反馈并共同决定后续。,不得仅凭本规则推出双方一定公平、相爱、忠诚、长期稳定或适合结婚；不得把付出多少直接等同爱多少；不得以命理要求单方牺牲、立即回报、原谅、复合或继续关系。现实安全、同意、持续行为、反例与双方协商优先。,中高,待验证,,exchange_path=EP03; use_case=防止支持变成接管。; provisional=true; rule_group=EXCHANGE-EP路径,0.4
M5-EXCHANGE-384,EP03 支持—自主—反馈—共同决定｜断链与验证,L8 交换闭环路径,EXCHANGE-EP路径,通用,验证,EP03,EC01、EC08、EC09,使用场景：防止支持变成接管。,把第一步完成直接写成完整闭环。,由共享基础引擎、M3与M5-BASE提供；只修正用户怎样给予、请求、接收和回馈，不直接判断双方现实交换质量。,M2只说明进入关系所需资格证据；不能替代长期双向交换、负荷与修复验证。,M3-BASE、EXPR、CARE和BOUND提供用户自然互动通道；M5-EXCHANGE负责把两人的实际行为合成为交换结构。,无／按本规则指定的给予—请求—接收—反馈—重订路径路由。,近位、远位只修正该交换需求进入亲密关系核心的可能；不得据此判断具体伴侣现实中一定配合。,根气只修正用户交换需求和通道是否稳定重复，不等于双方已形成成熟互惠。,旺弱只修正通道调用强度、抢位或缺位风险，不直接等于交换公平或关系质量。,喜忌只修正调用顺畅度与摩擦，不可直接翻译为理想伴侣五行、十神或必然互补。,真合化成立时按化神功能重算用户交换需求；合化争议时停止细化交换通道。,近位提高该交换议题进入关系核心的可能；远位只保留背景或阶段性观察。,90,断链风险 +10／完整回流 +10,exchange_path_status,检查提供帮助后恢复对方选择权，接收反馈并共同决定后续。中具体缺少哪个节点；第一步成功不等于整条路径完成。,需要继续确认这条路径是否真正走到回流，而不只是完成前半段。,不得仅凭本规则推出双方一定公平、相爱、忠诚、长期稳定或适合结婚；不得把付出多少直接等同爱多少；不得以命理要求单方牺牲、立即回报、原谅、复合或继续关系。现实安全、同意、持续行为、反例与双方协商优先。,中高,待验证,,exchange_path=EP03; path_validation=true; provisional=true; rule_group=EXCHANGE-EP路径,0.4
M5-EXCHANGE-385,EP04 投入—责任—复核—重订｜路径定义,L8 交换闭环路径,EXCHANGE-EP路径,通用,路径,EP04,EC05、EC07、ED07,起点、回应、确认和回流至少三个节点有独立现实证据。,只有五行相生、命理流通或一方愿望，没有现实双人行为。,由共享基础引擎、M3与M5-BASE提供；只修正用户怎样给予、请求、接收和回馈，不直接判断双方现实交换质量。,M2只说明进入关系所需资格证据；不能替代长期双向交换、负荷与修复验证。,M3-BASE、EXPR、CARE和BOUND提供用户自然互动通道；M5-EXCHANGE负责把两人的实际行为合成为交换结构。,无／按本规则指定的给予—请求—接收—反馈—重订路径路由。,近位、远位只修正该交换需求进入亲密关系核心的可能；不得据此判断具体伴侣现实中一定配合。,根气只修正用户交换需求和通道是否稳定重复，不等于双方已形成成熟互惠。,旺弱只修正通道调用强度、抢位或缺位风险，不直接等于交换公平或关系质量。,喜忌只修正调用顺畅度与摩擦，不可直接翻译为理想伴侣五行、十神或必然互补。,真合化成立时按化神功能重算用户交换需求；合化争议时停止细化交换通道。,近位提高该交换议题进入关系核心的可能；远位只保留背景或阶段性观察。,86,EP候选 +8,exchange_path,资源投入转成责任与分工，定期复核负荷并重订。,较理想的交换顺序是：资源投入转成责任与分工，定期复核负荷并重订。,不得仅凭本规则推出双方一定公平、相爱、忠诚、长期稳定或适合结婚；不得把付出多少直接等同爱多少；不得以命理要求单方牺牲、立即回报、原谅、复合或继续关系。现实安全、同意、持续行为、反例与双方协商优先。,中高,待验证,,exchange_path=EP04; use_case=适合长期生活经营。; provisional=true; rule_group=EXCHANGE-EP路径,0.4
M5-EXCHANGE-386,EP04 投入—责任—复核—重订｜断链与验证,L8 交换闭环路径,EXCHANGE-EP路径,通用,验证,EP04,EC05、EC07、ED07,使用场景：适合长期生活经营。,把第一步完成直接写成完整闭环。,由共享基础引擎、M3与M5-BASE提供；只修正用户怎样给予、请求、接收和回馈，不直接判断双方现实交换质量。,M2只说明进入关系所需资格证据；不能替代长期双向交换、负荷与修复验证。,M3-BASE、EXPR、CARE和BOUND提供用户自然互动通道；M5-EXCHANGE负责把两人的实际行为合成为交换结构。,无／按本规则指定的给予—请求—接收—反馈—重订路径路由。,近位、远位只修正该交换需求进入亲密关系核心的可能；不得据此判断具体伴侣现实中一定配合。,根气只修正用户交换需求和通道是否稳定重复，不等于双方已形成成熟互惠。,旺弱只修正通道调用强度、抢位或缺位风险，不直接等于交换公平或关系质量。,喜忌只修正调用顺畅度与摩擦，不可直接翻译为理想伴侣五行、十神或必然互补。,真合化成立时按化神功能重算用户交换需求；合化争议时停止细化交换通道。,近位提高该交换议题进入关系核心的可能；远位只保留背景或阶段性观察。,90,断链风险 +10／完整回流 +10,exchange_path_status,检查资源投入转成责任与分工，定期复核负荷并重订。中具体缺少哪个节点；第一步成功不等于整条路径完成。,需要继续确认这条路径是否真正走到回流，而不只是完成前半段。,不得仅凭本规则推出双方一定公平、相爱、忠诚、长期稳定或适合结婚；不得把付出多少直接等同爱多少；不得以命理要求单方牺牲、立即回报、原谅、复合或继续关系。现实安全、同意、持续行为、反例与双方协商优先。,中高,待验证,,exchange_path=EP04; path_validation=true; provisional=true; rule_group=EXCHANGE-EP路径,0.4
M5-EXCHANGE-387,EP05 行动—同意—回报信息—复盘｜路径定义,L8 交换闭环路径,EXCHANGE-EP路径,通用,路径,EP05,EC08、ED08、ED10,起点、回应、确认和回流至少三个节点有独立现实证据。,只有五行相生、命理流通或一方愿望，没有现实双人行为。,由共享基础引擎、M3与M5-BASE提供；只修正用户怎样给予、请求、接收和回馈，不直接判断双方现实交换质量。,M2只说明进入关系所需资格证据；不能替代长期双向交换、负荷与修复验证。,M3-BASE、EXPR、CARE和BOUND提供用户自然互动通道；M5-EXCHANGE负责把两人的实际行为合成为交换结构。,无／按本规则指定的给予—请求—接收—反馈—重订路径路由。,近位、远位只修正该交换需求进入亲密关系核心的可能；不得据此判断具体伴侣现实中一定配合。,根气只修正用户交换需求和通道是否稳定重复，不等于双方已形成成熟互惠。,旺弱只修正通道调用强度、抢位或缺位风险，不直接等于交换公平或关系质量。,喜忌只修正调用顺畅度与摩擦，不可直接翻译为理想伴侣五行、十神或必然互补。,真合化成立时按化神功能重算用户交换需求；合化争议时停止细化交换通道。,近位提高该交换议题进入关系核心的可能；远位只保留背景或阶段性观察。,86,EP候选 +8,exchange_path,关键行动前后确认授权、回报信息并复盘影响。,较理想的交换顺序是：关键行动前后确认授权、回报信息并复盘影响。,不得仅凭本规则推出双方一定公平、相爱、忠诚、长期稳定或适合结婚；不得把付出多少直接等同爱多少；不得以命理要求单方牺牲、立即回报、原谅、复合或继续关系。现实安全、同意、持续行为、反例与双方协商优先。,中高,待验证,,exchange_path=EP05; use_case=适合高压与危机。; provisional=true; rule_group=EXCHANGE-EP路径,0.4
M5-EXCHANGE-388,EP05 行动—同意—回报信息—复盘｜断链与验证,L8 交换闭环路径,EXCHANGE-EP路径,通用,验证,EP05,EC08、ED08、ED10,使用场景：适合高压与危机。,把第一步完成直接写成完整闭环。,由共享基础引擎、M3与M5-BASE提供；只修正用户怎样给予、请求、接收和回馈，不直接判断双方现实交换质量。,M2只说明进入关系所需资格证据；不能替代长期双向交换、负荷与修复验证。,M3-BASE、EXPR、CARE和BOUND提供用户自然互动通道；M5-EXCHANGE负责把两人的实际行为合成为交换结构。,无／按本规则指定的给予—请求—接收—反馈—重订路径路由。,近位、远位只修正该交换需求进入亲密关系核心的可能；不得据此判断具体伴侣现实中一定配合。,根气只修正用户交换需求和通道是否稳定重复，不等于双方已形成成熟互惠。,旺弱只修正通道调用强度、抢位或缺位风险，不直接等于交换公平或关系质量。,喜忌只修正调用顺畅度与摩擦，不可直接翻译为理想伴侣五行、十神或必然互补。,真合化成立时按化神功能重算用户交换需求；合化争议时停止细化交换通道。,近位提高该交换议题进入关系核心的可能；远位只保留背景或阶段性观察。,90,断链风险 +10／完整回流 +10,exchange_path_status,检查关键行动前后确认授权、回报信息并复盘影响。中具体缺少哪个节点；第一步成功不等于整条路径完成。,需要继续确认这条路径是否真正走到回流，而不只是完成前半段。,不得仅凭本规则推出双方一定公平、相爱、忠诚、长期稳定或适合结婚；不得把付出多少直接等同爱多少；不得以命理要求单方牺牲、立即回报、原谅、复合或继续关系。现实安全、同意、持续行为、反例与双方协商优先。,中高,待验证,,exchange_path=EP05; path_validation=true; provisional=true; rule_group=EXCHANGE-EP路径,0.4
M5-EXCHANGE-389,EP06 空间—最低连接—回归—重新开放｜路径定义,L8 交换闭环路径,EXCHANGE-EP路径,通用,路径,EP06,EC10、ED06、ED10,起点、回应、确认和回流至少三个节点有独立现实证据。,只有五行相生、命理流通或一方愿望，没有现实双人行为。,由共享基础引擎、M3与M5-BASE提供；只修正用户怎样给予、请求、接收和回馈，不直接判断双方现实交换质量。,M2只说明进入关系所需资格证据；不能替代长期双向交换、负荷与修复验证。,M3-BASE、EXPR、CARE和BOUND提供用户自然互动通道；M5-EXCHANGE负责把两人的实际行为合成为交换结构。,无／按本规则指定的给予—请求—接收—反馈—重订路径路由。,近位、远位只修正该交换需求进入亲密关系核心的可能；不得据此判断具体伴侣现实中一定配合。,根气只修正用户交换需求和通道是否稳定重复，不等于双方已形成成熟互惠。,旺弱只修正通道调用强度、抢位或缺位风险，不直接等于交换公平或关系质量。,喜忌只修正调用顺畅度与摩擦，不可直接翻译为理想伴侣五行、十神或必然互补。,真合化成立时按化神功能重算用户交换需求；合化争议时停止细化交换通道。,近位提高该交换议题进入关系核心的可能；远位只保留背景或阶段性观察。,86,EP候选 +8,exchange_path,暂停或独处时保留最低连接，按约定回来并恢复沟通。,较理想的交换顺序是：暂停或独处时保留最低连接，按约定回来并恢复沟通。,不得仅凭本规则推出双方一定公平、相爱、忠诚、长期稳定或适合结婚；不得把付出多少直接等同爱多少；不得以命理要求单方牺牲、立即回报、原谅、复合或继续关系。现实安全、同意、持续行为、反例与双方协商优先。,中高,待验证,,exchange_path=EP06; use_case=防止暂停断链。; provisional=true; rule_group=EXCHANGE-EP路径,0.4
M5-EXCHANGE-390,EP06 空间—最低连接—回归—重新开放｜断链与验证,L8 交换闭环路径,EXCHANGE-EP路径,通用,验证,EP06,EC10、ED06、ED10,使用场景：防止暂停断链。,把第一步完成直接写成完整闭环。,由共享基础引擎、M3与M5-BASE提供；只修正用户怎样给予、请求、接收和回馈，不直接判断双方现实交换质量。,M2只说明进入关系所需资格证据；不能替代长期双向交换、负荷与修复验证。,M3-BASE、EXPR、CARE和BOUND提供用户自然互动通道；M5-EXCHANGE负责把两人的实际行为合成为交换结构。,无／按本规则指定的给予—请求—接收—反馈—重订路径路由。,近位、远位只修正该交换需求进入亲密关系核心的可能；不得据此判断具体伴侣现实中一定配合。,根气只修正用户交换需求和通道是否稳定重复，不等于双方已形成成熟互惠。,旺弱只修正通道调用强度、抢位或缺位风险，不直接等于交换公平或关系质量。,喜忌只修正调用顺畅度与摩擦，不可直接翻译为理想伴侣五行、十神或必然互补。,真合化成立时按化神功能重算用户交换需求；合化争议时停止细化交换通道。,近位提高该交换议题进入关系核心的可能；远位只保留背景或阶段性观察。,90,断链风险 +10／完整回流 +10,exchange_path_status,检查暂停或独处时保留最低连接，按约定回来并恢复沟通。中具体缺少哪个节点；第一步成功不等于整条路径完成。,需要继续确认这条路径是否真正走到回流，而不只是完成前半段。,不得仅凭本规则推出双方一定公平、相爱、忠诚、长期稳定或适合结婚；不得把付出多少直接等同爱多少；不得以命理要求单方牺牲、立即回报、原谅、复合或继续关系。现实安全、同意、持续行为、反例与双方协商优先。,中高,待验证,,exchange_path=EP06; path_validation=true; provisional=true; rule_group=EXCHANGE-EP路径,0.4
M5-EXCHANGE-391,EP07 安抚—回访—问题处理—持续跟进｜路径定义,L8 交换闭环路径,EXCHANGE-EP路径,通用,路径,EP07,EC03、EC07、ED10,起点、回应、确认和回流至少三个节点有独立现实证据。,只有五行相生、命理流通或一方愿望，没有现实双人行为。,由共享基础引擎、M3与M5-BASE提供；只修正用户怎样给予、请求、接收和回馈，不直接判断双方现实交换质量。,M2只说明进入关系所需资格证据；不能替代长期双向交换、负荷与修复验证。,M3-BASE、EXPR、CARE和BOUND提供用户自然互动通道；M5-EXCHANGE负责把两人的实际行为合成为交换结构。,无／按本规则指定的给予—请求—接收—反馈—重订路径路由。,近位、远位只修正该交换需求进入亲密关系核心的可能；不得据此判断具体伴侣现实中一定配合。,根气只修正用户交换需求和通道是否稳定重复，不等于双方已形成成熟互惠。,旺弱只修正通道调用强度、抢位或缺位风险，不直接等于交换公平或关系质量。,喜忌只修正调用顺畅度与摩擦，不可直接翻译为理想伴侣五行、十神或必然互补。,真合化成立时按化神功能重算用户交换需求；合化争议时停止细化交换通道。,近位提高该交换议题进入关系核心的可能；远位只保留背景或阶段性观察。,86,EP候选 +8,exchange_path,先降低强度，再按约定回到关键问题、形成方案并跟进。,较理想的交换顺序是：先降低强度，再按约定回到关键问题、形成方案并跟进。,不得仅凭本规则推出双方一定公平、相爱、忠诚、长期稳定或适合结婚；不得把付出多少直接等同爱多少；不得以命理要求单方牺牲、立即回报、原谅、复合或继续关系。现实安全、同意、持续行为、反例与双方协商优先。,中高,待验证,,exchange_path=EP07; use_case=防止和谐延后。; provisional=true; rule_group=EXCHANGE-EP路径,0.4
M5-EXCHANGE-392,EP07 安抚—回访—问题处理—持续跟进｜断链与验证,L8 交换闭环路径,EXCHANGE-EP路径,通用,验证,EP07,EC03、EC07、ED10,使用场景：防止和谐延后。,把第一步完成直接写成完整闭环。,由共享基础引擎、M3与M5-BASE提供；只修正用户怎样给予、请求、接收和回馈，不直接判断双方现实交换质量。,M2只说明进入关系所需资格证据；不能替代长期双向交换、负荷与修复验证。,M3-BASE、EXPR、CARE和BOUND提供用户自然互动通道；M5-EXCHANGE负责把两人的实际行为合成为交换结构。,无／按本规则指定的给予—请求—接收—反馈—重订路径路由。,近位、远位只修正该交换需求进入亲密关系核心的可能；不得据此判断具体伴侣现实中一定配合。,根气只修正用户交换需求和通道是否稳定重复，不等于双方已形成成熟互惠。,旺弱只修正通道调用强度、抢位或缺位风险，不直接等于交换公平或关系质量。,喜忌只修正调用顺畅度与摩擦，不可直接翻译为理想伴侣五行、十神或必然互补。,真合化成立时按化神功能重算用户交换需求；合化争议时停止细化交换通道。,近位提高该交换议题进入关系核心的可能；远位只保留背景或阶段性观察。,90,断链风险 +10／完整回流 +10,exchange_path_status,检查先降低强度，再按约定回到关键问题、形成方案并跟进。中具体缺少哪个节点；第一步成功不等于整条路径完成。,需要继续确认这条路径是否真正走到回流，而不只是完成前半段。,不得仅凭本规则推出双方一定公平、相爱、忠诚、长期稳定或适合结婚；不得把付出多少直接等同爱多少；不得以命理要求单方牺牲、立即回报、原谅、复合或继续关系。现实安全、同意、持续行为、反例与双方协商优先。,中高,待验证,,exchange_path=EP07; path_validation=true; provisional=true; rule_group=EXCHANGE-EP路径,0.4
M5-EXCHANGE-393,EP08 失衡反馈—责任—补救—再分配｜路径定义,L8 交换闭环路径,EXCHANGE-EP路径,通用,路径,EP08,ED07、ED09、ED10,起点、回应、确认和回流至少三个节点有独立现实证据。,只有五行相生、命理流通或一方愿望，没有现实双人行为。,由共享基础引擎、M3与M5-BASE提供；只修正用户怎样给予、请求、接收和回馈，不直接判断双方现实交换质量。,M2只说明进入关系所需资格证据；不能替代长期双向交换、负荷与修复验证。,M3-BASE、EXPR、CARE和BOUND提供用户自然互动通道；M5-EXCHANGE负责把两人的实际行为合成为交换结构。,无／按本规则指定的给予—请求—接收—反馈—重订路径路由。,近位、远位只修正该交换需求进入亲密关系核心的可能；不得据此判断具体伴侣现实中一定配合。,根气只修正用户交换需求和通道是否稳定重复，不等于双方已形成成熟互惠。,旺弱只修正通道调用强度、抢位或缺位风险，不直接等于交换公平或关系质量。,喜忌只修正调用顺畅度与摩擦，不可直接翻译为理想伴侣五行、十神或必然互补。,真合化成立时按化神功能重算用户交换需求；合化争议时停止细化交换通道。,近位提高该交换议题进入关系核心的可能；远位只保留背景或阶段性观察。,86,EP候选 +8,exchange_path,交换失衡被指出后，承担影响、补救并重新分配负荷。,较理想的交换顺序是：交换失衡被指出后，承担影响、补救并重新分配负荷。,不得仅凭本规则推出双方一定公平、相爱、忠诚、长期稳定或适合结婚；不得把付出多少直接等同爱多少；不得以命理要求单方牺牲、立即回报、原谅、复合或继续关系。现实安全、同意、持续行为、反例与双方协商优先。,中高,待验证,,exchange_path=EP08; use_case=适合纠正单方负荷与记账循环。; provisional=true; rule_group=EXCHANGE-EP路径,0.4
M5-EXCHANGE-394,EP08 失衡反馈—责任—补救—再分配｜断链与验证,L8 交换闭环路径,EXCHANGE-EP路径,通用,验证,EP08,ED07、ED09、ED10,使用场景：适合纠正单方负荷与记账循环。,把第一步完成直接写成完整闭环。,由共享基础引擎、M3与M5-BASE提供；只修正用户怎样给予、请求、接收和回馈，不直接判断双方现实交换质量。,M2只说明进入关系所需资格证据；不能替代长期双向交换、负荷与修复验证。,M3-BASE、EXPR、CARE和BOUND提供用户自然互动通道；M5-EXCHANGE负责把两人的实际行为合成为交换结构。,无／按本规则指定的给予—请求—接收—反馈—重订路径路由。,近位、远位只修正该交换需求进入亲密关系核心的可能；不得据此判断具体伴侣现实中一定配合。,根气只修正用户交换需求和通道是否稳定重复，不等于双方已形成成熟互惠。,旺弱只修正通道调用强度、抢位或缺位风险，不直接等于交换公平或关系质量。,喜忌只修正调用顺畅度与摩擦，不可直接翻译为理想伴侣五行、十神或必然互补。,真合化成立时按化神功能重算用户交换需求；合化争议时停止细化交换通道。,近位提高该交换议题进入关系核心的可能；远位只保留背景或阶段性观察。,90,断链风险 +10／完整回流 +10,exchange_path_status,检查交换失衡被指出后，承担影响、补救并重新分配负荷。中具体缺少哪个节点；第一步成功不等于整条路径完成。,需要继续确认这条路径是否真正走到回流，而不只是完成前半段。,不得仅凭本规则推出双方一定公平、相爱、忠诚、长期稳定或适合结婚；不得把付出多少直接等同爱多少；不得以命理要求单方牺牲、立即回报、原谅、复合或继续关系。现实安全、同意、持续行为、反例与双方协商优先。,中高,待验证,,exchange_path=EP08; path_validation=true; provisional=true; rule_group=EXCHANGE-EP路径,0.4
M5-EXCHANGE-395,M5-BASE主FN转主EC,L9 状态、接口、去重与停止,EXCHANGE-接口门控,通用,接口,M5-BASE主FN转主EC,,M5-BASE主FN可靠。,直接改换为另一显眼通道。,由共享基础引擎、M3与M5-BASE提供；只修正用户怎样给予、请求、接收和回馈，不直接判断双方现实交换质量。,M2只说明进入关系所需资格证据；不能替代长期双向交换、负荷与修复验证。,M3-BASE、EXPR、CARE和BOUND提供用户自然互动通道；M5-EXCHANGE负责把两人的实际行为合成为交换结构。,无／按本规则指定的给予—请求—接收—反馈—重订路径路由。,近位、远位只修正该交换需求进入亲密关系核心的可能；不得据此判断具体伴侣现实中一定配合。,根气只修正用户交换需求和通道是否稳定重复，不等于双方已形成成熟互惠。,旺弱只修正通道调用强度、抢位或缺位风险，不直接等于交换公平或关系质量。,喜忌只修正调用顺畅度与摩擦，不可直接翻译为理想伴侣五行、十神或必然互补。,真合化成立时按化神功能重算用户交换需求；合化争议时停止细化交换通道。,近位提高该交换议题进入关系核心的可能；远位只保留背景或阶段性观察。,86,不加分；接口／状态／去重,primary_exchange_channel,FN与EC同功能映射；PARTNER和现实资料再修正交换方式。,主交换通道先从你的核心适配需要出发。,不得仅凭本规则推出双方一定公平、相爱、忠诚、长期稳定或适合结婚；不得把付出多少直接等同爱多少；不得以命理要求单方牺牲、立即回报、原谅、复合或继续关系。现实安全、同意、持续行为、反例与双方协商优先。,中高,待验证,,interface_state_rule=true; provisional=true; rule_group=EXCHANGE-接口门控,0.4
M5-EXCHANGE-396,M5-BASE次FN转次EC,L9 状态、接口、去重与停止,EXCHANGE-接口门控,通用,接口,M5-BASE次FN转次EC,,次FN来源独立、功能不同。,同义重复或正文超过一次。,由共享基础引擎、M3与M5-BASE提供；只修正用户怎样给予、请求、接收和回馈，不直接判断双方现实交换质量。,M2只说明进入关系所需资格证据；不能替代长期双向交换、负荷与修复验证。,M3-BASE、EXPR、CARE和BOUND提供用户自然互动通道；M5-EXCHANGE负责把两人的实际行为合成为交换结构。,无／按本规则指定的给予—请求—接收—反馈—重订路径路由。,近位、远位只修正该交换需求进入亲密关系核心的可能；不得据此判断具体伴侣现实中一定配合。,根气只修正用户交换需求和通道是否稳定重复，不等于双方已形成成熟互惠。,旺弱只修正通道调用强度、抢位或缺位风险，不直接等于交换公平或关系质量。,喜忌只修正调用顺畅度与摩擦，不可直接翻译为理想伴侣五行、十神或必然互补。,真合化成立时按化神功能重算用户交换需求；合化争议时停止细化交换通道。,近位提高该交换议题进入关系核心的可能；远位只保留背景或阶段性观察。,86,不加分；接口／状态／去重,secondary_exchange_channel,次通道只保留一项独立支持功能。,次级交换条件只保留一项真正不同的支持。,不得仅凭本规则推出双方一定公平、相爱、忠诚、长期稳定或适合结婚；不得把付出多少直接等同爱多少；不得以命理要求单方牺牲、立即回报、原谅、复合或继续关系。现实安全、同意、持续行为、反例与双方协商优先。,中高,待验证,,interface_state_rule=true; provisional=true; rule_group=EXCHANGE-接口门控,0.4
M5-EXCHANGE-397,M5-PARTNER PS状态接口,L9 状态、接口、去重与停止,EXCHANGE-接口门控,通用,接口,M5-PARTNER PS状态接口,,具体对象PS状态可用。,把个人成熟直接写成双人交换成熟。,由共享基础引擎、M3与M5-BASE提供；只修正用户怎样给予、请求、接收和回馈，不直接判断双方现实交换质量。,M2只说明进入关系所需资格证据；不能替代长期双向交换、负荷与修复验证。,M3-BASE、EXPR、CARE和BOUND提供用户自然互动通道；M5-EXCHANGE负责把两人的实际行为合成为交换结构。,无／按本规则指定的给予—请求—接收—反馈—重订路径路由。,近位、远位只修正该交换需求进入亲密关系核心的可能；不得据此判断具体伴侣现实中一定配合。,根气只修正用户交换需求和通道是否稳定重复，不等于双方已形成成熟互惠。,旺弱只修正通道调用强度、抢位或缺位风险，不直接等于交换公平或关系质量。,喜忌只修正调用顺畅度与摩擦，不可直接翻译为理想伴侣五行、十神或必然互补。,真合化成立时按化神功能重算用户交换需求；合化争议时停止细化交换通道。,近位提高该交换议题进入关系核心的可能；远位只保留背景或阶段性观察。,86,不加分；接口／状态／去重,partner_exchange_interface,PS说明对象怎样使用功能；EXCHANGE继续看双方能否接收和回流。,对方有能力，还要看你们能不能把这项能力交换起来。,不得仅凭本规则推出双方一定公平、相爱、忠诚、长期稳定或适合结婚；不得把付出多少直接等同爱多少；不得以命理要求单方牺牲、立即回报、原谅、复合或继续关系。现实安全、同意、持续行为、反例与双方协商优先。,中高,待验证,,interface_state_rule=true; provisional=true; rule_group=EXCHANGE-接口门控,0.4
M5-EXCHANGE-398,M5-PARTNER PV与XV分开,L9 状态、接口、去重与停止,EXCHANGE-接口门控,通用,去重,M5-PARTNER PV与XV分开,,PV资料可用。,把个人PV直接等同双人XV。,由共享基础引擎、M3与M5-BASE提供；只修正用户怎样给予、请求、接收和回馈，不直接判断双方现实交换质量。,M2只说明进入关系所需资格证据；不能替代长期双向交换、负荷与修复验证。,M3-BASE、EXPR、CARE和BOUND提供用户自然互动通道；M5-EXCHANGE负责把两人的实际行为合成为交换结构。,无／按本规则指定的给予—请求—接收—反馈—重订路径路由。,近位、远位只修正该交换需求进入亲密关系核心的可能；不得据此判断具体伴侣现实中一定配合。,根气只修正用户交换需求和通道是否稳定重复，不等于双方已形成成熟互惠。,旺弱只修正通道调用强度、抢位或缺位风险，不直接等于交换公平或关系质量。,喜忌只修正调用顺畅度与摩擦，不可直接翻译为理想伴侣五行、十神或必然互补。,真合化成立时按化神功能重算用户交换需求；合化争议时停止细化交换通道。,近位提高该交换议题进入关系核心的可能；远位只保留背景或阶段性观察。,86,不加分；接口／状态／去重,exchange_evidence_level,PV是个体行为证据；XV需要双方请求、回应、负荷和反馈。,一个人做得好，不等于双方交换已经成熟。,不得仅凭本规则推出双方一定公平、相爱、忠诚、长期稳定或适合结婚；不得把付出多少直接等同爱多少；不得以命理要求单方牺牲、立即回报、原谅、复合或继续关系。现实安全、同意、持续行为、反例与双方协商优先。,高,待验证,,interface_state_rule=true; provisional=true; rule_group=EXCHANGE-接口门控,0.4
M5-EXCHANGE-399,M3-EXPR接口｜表达必须进入反馈,L9 状态、接口、去重与停止,EXCHANGE-接口门控,通用,接口,M3-EXPR接口,,M3表达通道明显。,把表达多直接等同沟通互惠。,由共享基础引擎、M3与M5-BASE提供；只修正用户怎样给予、请求、接收和回馈，不直接判断双方现实交换质量。,M2只说明进入关系所需资格证据；不能替代长期双向交换、负荷与修复验证。,M3-BASE、EXPR、CARE和BOUND提供用户自然互动通道；M5-EXCHANGE负责把两人的实际行为合成为交换结构。,无／按本规则指定的给予—请求—接收—反馈—重订路径路由。,近位、远位只修正该交换需求进入亲密关系核心的可能；不得据此判断具体伴侣现实中一定配合。,根气只修正用户交换需求和通道是否稳定重复，不等于双方已形成成熟互惠。,旺弱只修正通道调用强度、抢位或缺位风险，不直接等于交换公平或关系质量。,喜忌只修正调用顺畅度与摩擦，不可直接翻译为理想伴侣五行、十神或必然互补。,真合化成立时按化神功能重算用户交换需求；合化争议时停止细化交换通道。,近位提高该交换议题进入关系核心的可能；远位只保留背景或阶段性观察。,86,不加分；接口／状态／去重,feedback_loop,检查表达是否被听见、复述、回应和调整。,表达只有进入反馈，才形成双向沟通。,不得仅凭本规则推出双方一定公平、相爱、忠诚、长期稳定或适合结婚；不得把付出多少直接等同爱多少；不得以命理要求单方牺牲、立即回报、原谅、复合或继续关系。现实安全、同意、持续行为、反例与双方协商优先。,中高,待验证,,interface_state_rule=true; provisional=true; rule_group=EXCHANGE-接口门控,0.4
M5-EXCHANGE-400,M3-CARE接口｜给予请求接收分开,L9 状态、接口、去重与停止,EXCHANGE-接口门控,通用,接口,M3-CARE接口,,M3-CARE结果可用。,只根据用户给予方式判断双方互惠。,由共享基础引擎、M3与M5-BASE提供；只修正用户怎样给予、请求、接收和回馈，不直接判断双方现实交换质量。,M2只说明进入关系所需资格证据；不能替代长期双向交换、负荷与修复验证。,M3-BASE、EXPR、CARE和BOUND提供用户自然互动通道；M5-EXCHANGE负责把两人的实际行为合成为交换结构。,无／按本规则指定的给予—请求—接收—反馈—重订路径路由。,近位、远位只修正该交换需求进入亲密关系核心的可能；不得据此判断具体伴侣现实中一定配合。,根气只修正用户交换需求和通道是否稳定重复，不等于双方已形成成熟互惠。,旺弱只修正通道调用强度、抢位或缺位风险，不直接等于交换公平或关系质量。,喜忌只修正调用顺畅度与摩擦，不可直接翻译为理想伴侣五行、十神或必然互补。,真合化成立时按化神功能重算用户交换需求；合化争议时停止细化交换通道。,近位提高该交换议题进入关系核心的可能；远位只保留背景或阶段性观察。,86,不加分；接口／状态／去重,care_exchange_interface,分别读取给予、请求、接收、回馈和连续性。,你怎么付出是一部分，还要看能不能开口需要、接住支持和形成回流。,不得仅凭本规则推出双方一定公平、相爱、忠诚、长期稳定或适合结婚；不得把付出多少直接等同爱多少；不得以命理要求单方牺牲、立即回报、原谅、复合或继续关系。现实安全、同意、持续行为、反例与双方协商优先。,中高,待验证,,interface_state_rule=true; provisional=true; rule_group=EXCHANGE-接口门控,0.4
M5-EXCHANGE-401,M3-BOUND接口｜交换必须保留选择权,L9 状态、接口、去重与停止,EXCHANGE-接口门控,通用,接口,M3-BOUND接口,,M3-BOUND结果可用。,用帮助、保护或资源覆盖同意和边界。,由共享基础引擎、M3与M5-BASE提供；只修正用户怎样给予、请求、接收和回馈，不直接判断双方现实交换质量。,M2只说明进入关系所需资格证据；不能替代长期双向交换、负荷与修复验证。,M3-BASE、EXPR、CARE和BOUND提供用户自然互动通道；M5-EXCHANGE负责把两人的实际行为合成为交换结构。,无／按本规则指定的给予—请求—接收—反馈—重订路径路由。,近位、远位只修正该交换需求进入亲密关系核心的可能；不得据此判断具体伴侣现实中一定配合。,根气只修正用户交换需求和通道是否稳定重复，不等于双方已形成成熟互惠。,旺弱只修正通道调用强度、抢位或缺位风险，不直接等于交换公平或关系质量。,喜忌只修正调用顺畅度与摩擦，不可直接翻译为理想伴侣五行、十神或必然互补。,真合化成立时按化神功能重算用户交换需求；合化争议时停止细化交换通道。,近位提高该交换议题进入关系核心的可能；远位只保留背景或阶段性观察。,86,不加分；接口／状态／去重,consent_boundary,任何交换都要检查同意、停止权、参与权和重订权。,支持越多，越需要确认边界和选择权仍然存在。,不得仅凭本规则推出双方一定公平、相爱、忠诚、长期稳定或适合结婚；不得把付出多少直接等同爱多少；不得以命理要求单方牺牲、立即回报、原谅、复合或继续关系。现实安全、同意、持续行为、反例与双方协商优先。,中高,待验证,,interface_state_rule=true; provisional=true; rule_group=EXCHANGE-接口门控,0.4
M5-EXCHANGE-402,M3-CONFLICT接口｜分歧中的交换,L9 状态、接口、去重与停止,EXCHANGE-接口门控,通用,接口,M3-CONFLICT接口,,M3-CONFLICT结果可用。,只看平稳期互惠。,由共享基础引擎、M3与M5-BASE提供；只修正用户怎样给予、请求、接收和回馈，不直接判断双方现实交换质量。,M2只说明进入关系所需资格证据；不能替代长期双向交换、负荷与修复验证。,M3-BASE、EXPR、CARE和BOUND提供用户自然互动通道；M5-EXCHANGE负责把两人的实际行为合成为交换结构。,无／按本规则指定的给予—请求—接收—反馈—重订路径路由。,近位、远位只修正该交换需求进入亲密关系核心的可能；不得据此判断具体伴侣现实中一定配合。,根气只修正用户交换需求和通道是否稳定重复，不等于双方已形成成熟互惠。,旺弱只修正通道调用强度、抢位或缺位风险，不直接等于交换公平或关系质量。,喜忌只修正调用顺畅度与摩擦，不可直接翻译为理想伴侣五行、十神或必然互补。,真合化成立时按化神功能重算用户交换需求；合化争议时停止细化交换通道。,近位提高该交换议题进入关系核心的可能；远位只保留背景或阶段性观察。,86,不加分；接口／状态／去重,conflict_exchange_profile,分歧时检查表达、倾听、责任、方案与负荷怎样重新分配。,真正的交换能力要看意见不同以后还能否运行。,不得仅凭本规则推出双方一定公平、相爱、忠诚、长期稳定或适合结婚；不得把付出多少直接等同爱多少；不得以命理要求单方牺牲、立即回报、原谅、复合或继续关系。现实安全、同意、持续行为、反例与双方协商优先。,中高,待验证,,interface_state_rule=true; provisional=true; rule_group=EXCHANGE-接口门控,0.4
M5-EXCHANGE-403,M4 LP02解释升级路由,L9 状态、接口、去重与停止,EXCHANGE-接口门控,通用,接口,M4 LP02解释升级路由,,LP02或K01/K03现实候选成立。,没有对方反馈或复发资料。,由共享基础引擎、M3与M5-BASE提供；只修正用户怎样给予、请求、接收和回馈，不直接判断双方现实交换质量。,M2只说明进入关系所需资格证据；不能替代长期双向交换、负荷与修复验证。,M3-BASE、EXPR、CARE和BOUND提供用户自然互动通道；M5-EXCHANGE负责把两人的实际行为合成为交换结构。,无／按本规则指定的给予—请求—接收—反馈—重订路径路由。,近位、远位只修正该交换需求进入亲密关系核心的可能；不得据此判断具体伴侣现实中一定配合。,根气只修正用户交换需求和通道是否稳定重复，不等于双方已形成成熟互惠。,旺弱只修正通道调用强度、抢位或缺位风险，不直接等于交换公平或关系质量。,喜忌只修正调用顺畅度与摩擦，不可直接翻译为理想伴侣五行、十神或必然互补。,真合化成立时按化神功能重算用户交换需求；合化争议时停止细化交换通道。,近位提高该交换议题进入关系核心的可能；远位只保留背景或阶段性观察。,86,不加分；接口／状态／去重,pseudo_reciprocity_warning,优先检查EC04是否只有输出没有接收，ED04是否失败。,要看沟通是否真的有来有回，而不是一方不断增加解释。,不得仅凭本规则推出双方一定公平、相爱、忠诚、长期稳定或适合结婚；不得把付出多少直接等同爱多少；不得以命理要求单方牺牲、立即回报、原谅、复合或继续关系。现实安全、同意、持续行为、反例与双方协商优先。,中高,待验证,,interface_state_rule=true; provisional=true; rule_group=EXCHANGE-接口门控,0.4
M5-EXCHANGE-404,M4 LP05承接替代改变路由,L9 状态、接口、去重与停止,EXCHANGE-接口门控,通用,接口,M4 LP05承接替代改变路由,,LP05或K03/K06候选成立。,只有一次安抚事件。,由共享基础引擎、M3与M5-BASE提供；只修正用户怎样给予、请求、接收和回馈，不直接判断双方现实交换质量。,M2只说明进入关系所需资格证据；不能替代长期双向交换、负荷与修复验证。,M3-BASE、EXPR、CARE和BOUND提供用户自然互动通道；M5-EXCHANGE负责把两人的实际行为合成为交换结构。,无／按本规则指定的给予—请求—接收—反馈—重订路径路由。,近位、远位只修正该交换需求进入亲密关系核心的可能；不得据此判断具体伴侣现实中一定配合。,根气只修正用户交换需求和通道是否稳定重复，不等于双方已形成成熟互惠。,旺弱只修正通道调用强度、抢位或缺位风险，不直接等于交换公平或关系质量。,喜忌只修正调用顺畅度与摩擦，不可直接翻译为理想伴侣五行、十神或必然互补。,真合化成立时按化神功能重算用户交换需求；合化争议时停止细化交换通道。,近位提高该交换议题进入关系核心的可能；远位只保留背景或阶段性观察。,86,不加分；接口／状态／去重,exchange_path,路由EC09→EC05/EC07，检查理解是否转成现实改变。,被理解之后，还要看责任和现实调整是否进入。,不得仅凭本规则推出双方一定公平、相爱、忠诚、长期稳定或适合结婚；不得把付出多少直接等同爱多少；不得以命理要求单方牺牲、立即回报、原谅、复合或继续关系。现实安全、同意、持续行为、反例与双方协商优先。,中高,待验证,,interface_state_rule=true; provisional=true; rule_group=EXCHANGE-接口门控,0.4
M5-EXCHANGE-405,M4 LP06投入记账路由,L9 状态、接口、去重与停止,EXCHANGE-接口门控,通用,接口,M4 LP06投入记账路由,,LP06或K01/K07候选成立。,没有长期负荷与反馈资料。,由共享基础引擎、M3与M5-BASE提供；只修正用户怎样给予、请求、接收和回馈，不直接判断双方现实交换质量。,M2只说明进入关系所需资格证据；不能替代长期双向交换、负荷与修复验证。,M3-BASE、EXPR、CARE和BOUND提供用户自然互动通道；M5-EXCHANGE负责把两人的实际行为合成为交换结构。,无／按本规则指定的给予—请求—接收—反馈—重订路径路由。,近位、远位只修正该交换需求进入亲密关系核心的可能；不得据此判断具体伴侣现实中一定配合。,根气只修正用户交换需求和通道是否稳定重复，不等于双方已形成成熟互惠。,旺弱只修正通道调用强度、抢位或缺位风险，不直接等于交换公平或关系质量。,喜忌只修正调用顺畅度与摩擦，不可直接翻译为理想伴侣五行、十神或必然互补。,真合化成立时按化神功能重算用户交换需求；合化争议时停止细化交换通道。,近位提高该交换议题进入关系核心的可能；远位只保留背景或阶段性观察。,86,不加分；接口／状态／去重,load_balance,检查ED01、ED02、ED06、ED07和XR状态。,真正要看的不是谁付出更多，而是贡献是否被看见、请求是否清楚、负荷能否重订。,不得仅凭本规则推出双方一定公平、相爱、忠诚、长期稳定或适合结婚；不得把付出多少直接等同爱多少；不得以命理要求单方牺牲、立即回报、原谅、复合或继续关系。现实安全、同意、持续行为、反例与双方协商优先。,中高,待验证,,interface_state_rule=true; provisional=true; rule_group=EXCHANGE-接口门控,0.4
M5-EXCHANGE-406,M4 LP08平等竞争路由,L9 状态、接口、去重与停止,EXCHANGE-接口门控,通用,接口,M4 LP08平等竞争路由,,LP08或K05候选成立。,没有双方比较、争主导或责任冲突。,由共享基础引擎、M3与M5-BASE提供；只修正用户怎样给予、请求、接收和回馈，不直接判断双方现实交换质量。,M2只说明进入关系所需资格证据；不能替代长期双向交换、负荷与修复验证。,M3-BASE、EXPR、CARE和BOUND提供用户自然互动通道；M5-EXCHANGE负责把两人的实际行为合成为交换结构。,无／按本规则指定的给予—请求—接收—反馈—重订路径路由。,近位、远位只修正该交换需求进入亲密关系核心的可能；不得据此判断具体伴侣现实中一定配合。,根气只修正用户交换需求和通道是否稳定重复，不等于双方已形成成熟互惠。,旺弱只修正通道调用强度、抢位或缺位风险，不直接等于交换公平或关系质量。,喜忌只修正调用顺畅度与摩擦，不可直接翻译为理想伴侣五行、十神或必然互补。,真合化成立时按化神功能重算用户交换需求；合化争议时停止细化交换通道。,近位提高该交换议题进入关系核心的可能；远位只保留背景或阶段性观察。,86,不加分；接口／状态／去重,exchange_mode,区分EC01平等参与与机械对等，优先检查EM03、ED07和ED09。,平等不是逐项比较，而是双方都能参与并调整分工。,不得仅凭本规则推出双方一定公平、相爱、忠诚、长期稳定或适合结婚；不得把付出多少直接等同爱多少；不得以命理要求单方牺牲、立即回报、原谅、复合或继续关系。现实安全、同意、持续行为、反例与双方协商优先。,中高,待验证,,interface_state_rule=true; provisional=true; rule_group=EXCHANGE-接口门控,0.4
M5-EXCHANGE-407,M4 LP09规则反弹路由,L9 状态、接口、去重与停止,EXCHANGE-接口门控,通用,接口,M4 LP09规则反弹路由,,LP09或K01/K07候选成立。,规则已共同制定并现实有效。,由共享基础引擎、M3与M5-BASE提供；只修正用户怎样给予、请求、接收和回馈，不直接判断双方现实交换质量。,M2只说明进入关系所需资格证据；不能替代长期双向交换、负荷与修复验证。,M3-BASE、EXPR、CARE和BOUND提供用户自然互动通道；M5-EXCHANGE负责把两人的实际行为合成为交换结构。,无／按本规则指定的给予—请求—接收—反馈—重订路径路由。,近位、远位只修正该交换需求进入亲密关系核心的可能；不得据此判断具体伴侣现实中一定配合。,根气只修正用户交换需求和通道是否稳定重复，不等于双方已形成成熟互惠。,旺弱只修正通道调用强度、抢位或缺位风险，不直接等于交换公平或关系质量。,喜忌只修正调用顺畅度与摩擦，不可直接翻译为理想伴侣五行、十神或必然互补。,真合化成立时按化神功能重算用户交换需求；合化争议时停止细化交换通道。,近位提高该交换议题进入关系核心的可能；远位只保留背景或阶段性观察。,86,不加分；接口／状态／去重,exchange_path,检查EC07是否缺EC01/EC04反馈，规则是否单向。,规则需要共同制定和复核，不能只靠增加要求。,不得仅凭本规则推出双方一定公平、相爱、忠诚、长期稳定或适合结婚；不得把付出多少直接等同爱多少；不得以命理要求单方牺牲、立即回报、原谅、复合或继续关系。现实安全、同意、持续行为、反例与双方协商优先。,中高,待验证,,interface_state_rule=true; provisional=true; rule_group=EXCHANGE-接口门控,0.4
M5-EXCHANGE-408,M4 LP10新鲜落地路由,L9 状态、接口、去重与停止,EXCHANGE-接口门控,通用,接口,M4 LP10新鲜落地路由,,LP10或K06候选成立。,XV4以上已显示体验转稳定安排。,由共享基础引擎、M3与M5-BASE提供；只修正用户怎样给予、请求、接收和回馈，不直接判断双方现实交换质量。,M2只说明进入关系所需资格证据；不能替代长期双向交换、负荷与修复验证。,M3-BASE、EXPR、CARE和BOUND提供用户自然互动通道；M5-EXCHANGE负责把两人的实际行为合成为交换结构。,无／按本规则指定的给予—请求—接收—反馈—重订路径路由。,近位、远位只修正该交换需求进入亲密关系核心的可能；不得据此判断具体伴侣现实中一定配合。,根气只修正用户交换需求和通道是否稳定重复，不等于双方已形成成熟互惠。,旺弱只修正通道调用强度、抢位或缺位风险，不直接等于交换公平或关系质量。,喜忌只修正调用顺畅度与摩擦，不可直接翻译为理想伴侣五行、十神或必然互补。,真合化成立时按化神功能重算用户交换需求；合化争议时停止细化交换通道。,近位提高该交换议题进入关系核心的可能；远位只保留背景或阶段性观察。,86,不加分；接口／状态／去重,exchange_path,检查EC06→EC05/EC07与EM08/EM09。,有感觉之后，还要看能不能转成持续安排和责任。,不得仅凭本规则推出双方一定公平、相爱、忠诚、长期稳定或适合结婚；不得把付出多少直接等同爱多少；不得以命理要求单方牺牲、立即回报、原谅、复合或继续关系。现实安全、同意、持续行为、反例与双方协商优先。,中高,待验证,,interface_state_rule=true; provisional=true; rule_group=EXCHANGE-接口门控,0.4
M5-EXCHANGE-409,M4 LP11暂停断链路由,L9 状态、接口、去重与停止,EXCHANGE-接口门控,通用,接口,M4 LP11暂停断链路由,,LP11或K06/K08候选成立。,已有明确回归点并稳定执行。,由共享基础引擎、M3与M5-BASE提供；只修正用户怎样给予、请求、接收和回馈，不直接判断双方现实交换质量。,M2只说明进入关系所需资格证据；不能替代长期双向交换、负荷与修复验证。,M3-BASE、EXPR、CARE和BOUND提供用户自然互动通道；M5-EXCHANGE负责把两人的实际行为合成为交换结构。,无／按本规则指定的给予—请求—接收—反馈—重订路径路由。,近位、远位只修正该交换需求进入亲密关系核心的可能；不得据此判断具体伴侣现实中一定配合。,根气只修正用户交换需求和通道是否稳定重复，不等于双方已形成成熟互惠。,旺弱只修正通道调用强度、抢位或缺位风险，不直接等于交换公平或关系质量。,喜忌只修正调用顺畅度与摩擦，不可直接翻译为理想伴侣五行、十神或必然互补。,真合化成立时按化神功能重算用户交换需求；合化争议时停止细化交换通道。,近位提高该交换议题进入关系核心的可能；远位只保留背景或阶段性观察。,86,不加分；接口／状态／去重,exchange_path,检查EC10、EP06、ED06和ED10。,空间要有最低连接和回来方式，才能继续成为支持。,不得仅凭本规则推出双方一定公平、相爱、忠诚、长期稳定或适合结婚；不得把付出多少直接等同爱多少；不得以命理要求单方牺牲、立即回报、原谅、复合或继续关系。现实安全、同意、持续行为、反例与双方协商优先。,中高,待验证,,interface_state_rule=true; provisional=true; rule_group=EXCHANGE-接口门控,0.4
M5-EXCHANGE-410,M4 LP12修复不闭环路由,L9 状态、接口、去重与停止,EXCHANGE-接口门控,通用,接口,M4 LP12修复不闭环路由,,LP12或K08候选成立。,RN07/RN08已现实完成。,由共享基础引擎、M3与M5-BASE提供；只修正用户怎样给予、请求、接收和回馈，不直接判断双方现实交换质量。,M2只说明进入关系所需资格证据；不能替代长期双向交换、负荷与修复验证。,M3-BASE、EXPR、CARE和BOUND提供用户自然互动通道；M5-EXCHANGE负责把两人的实际行为合成为交换结构。,无／按本规则指定的给予—请求—接收—反馈—重订路径路由。,近位、远位只修正该交换需求进入亲密关系核心的可能；不得据此判断具体伴侣现实中一定配合。,根气只修正用户交换需求和通道是否稳定重复，不等于双方已形成成熟互惠。,旺弱只修正通道调用强度、抢位或缺位风险，不直接等于交换公平或关系质量。,喜忌只修正调用顺畅度与摩擦，不可直接翻译为理想伴侣五行、十神或必然互补。,真合化成立时按化神功能重算用户交换需求；合化争议时停止细化交换通道。,近位提高该交换议题进入关系核心的可能；远位只保留背景或阶段性观察。,86,不加分；接口／状态／去重,repair_exchange,检查XD10、EP08、ED10与XV6。,和好之后，还要看反馈、改变和回访是否完成。,不得仅凭本规则推出双方一定公平、相爱、忠诚、长期稳定或适合结婚；不得把付出多少直接等同爱多少；不得以命理要求单方牺牲、立即回报、原谅、复合或继续关系。现实安全、同意、持续行为、反例与双方协商优先。,中高,待验证,,interface_state_rule=true; provisional=true; rule_group=EXCHANGE-接口门控,0.4
M5-EXCHANGE-411,M4 RN07接收反馈接口,L9 状态、接口、去重与停止,EXCHANGE-接口门控,通用,接口,M4 RN07接收反馈接口,,修复事件进入RN07。,只有道歉、解释或补偿。,由共享基础引擎、M3与M5-BASE提供；只修正用户怎样给予、请求、接收和回馈，不直接判断双方现实交换质量。,M2只说明进入关系所需资格证据；不能替代长期双向交换、负荷与修复验证。,M3-BASE、EXPR、CARE和BOUND提供用户自然互动通道；M5-EXCHANGE负责把两人的实际行为合成为交换结构。,无／按本规则指定的给予—请求—接收—反馈—重订路径路由。,近位、远位只修正该交换需求进入亲密关系核心的可能；不得据此判断具体伴侣现实中一定配合。,根气只修正用户交换需求和通道是否稳定重复，不等于双方已形成成熟互惠。,旺弱只修正通道调用强度、抢位或缺位风险，不直接等于交换公平或关系质量。,喜忌只修正调用顺畅度与摩擦，不可直接翻译为理想伴侣五行、十神或必然互补。,真合化成立时按化神功能重算用户交换需求；合化争议时停止细化交换通道。,近位提高该交换议题进入关系核心的可能；远位只保留背景或阶段性观察。,86,不加分；接口／状态／去重,repair_exchange,RN07是双向修复的最低门槛之一。,没有接收反馈，就不能说双方已经完成修复。,不得仅凭本规则推出双方一定公平、相爱、忠诚、长期稳定或适合结婚；不得把付出多少直接等同爱多少；不得以命理要求单方牺牲、立即回报、原谅、复合或继续关系。现实安全、同意、持续行为、反例与双方协商优先。,中高,待验证,,interface_state_rule=true; provisional=true; rule_group=EXCHANGE-接口门控,0.4
M5-EXCHANGE-412,M4 RN08持续兑现接口,L9 状态、接口、去重与停止,EXCHANGE-接口门控,通用,接口,M4 RN08持续兑现接口,,修复事件进入RN08。,只有一次改善。,由共享基础引擎、M3与M5-BASE提供；只修正用户怎样给予、请求、接收和回馈，不直接判断双方现实交换质量。,M2只说明进入关系所需资格证据；不能替代长期双向交换、负荷与修复验证。,M3-BASE、EXPR、CARE和BOUND提供用户自然互动通道；M5-EXCHANGE负责把两人的实际行为合成为交换结构。,无／按本规则指定的给予—请求—接收—反馈—重订路径路由。,近位、远位只修正该交换需求进入亲密关系核心的可能；不得据此判断具体伴侣现实中一定配合。,根气只修正用户交换需求和通道是否稳定重复，不等于双方已形成成熟互惠。,旺弱只修正通道调用强度、抢位或缺位风险，不直接等于交换公平或关系质量。,喜忌只修正调用顺畅度与摩擦，不可直接翻译为理想伴侣五行、十神或必然互补。,真合化成立时按化神功能重算用户交换需求；合化争议时停止细化交换通道。,近位提高该交换议题进入关系核心的可能；远位只保留背景或阶段性观察。,86,不加分；接口／状态／去重,repair_exchange,RN08用于判断交换规则是否稳定改变。,没有持续兑现和回访，就不能说交换已经稳定。,不得仅凭本规则推出双方一定公平、相爱、忠诚、长期稳定或适合结婚；不得把付出多少直接等同爱多少；不得以命理要求单方牺牲、立即回报、原谅、复合或继续关系。现实安全、同意、持续行为、反例与双方协商优先。,中高,待验证,,interface_state_rule=true; provisional=true; rule_group=EXCHANGE-接口门控,0.4
M5-EXCHANGE-413,M4 BF保护接口,L9 状态、接口、去重与停止,EXCHANGE-接口门控,通用,接口,M4 BF保护接口,,BF达到BL5以上并改变同一风险链。,只有BL1—BL3潜在资源。,由共享基础引擎、M3与M5-BASE提供；只修正用户怎样给予、请求、接收和回馈，不直接判断双方现实交换质量。,M2只说明进入关系所需资格证据；不能替代长期双向交换、负荷与修复验证。,M3-BASE、EXPR、CARE和BOUND提供用户自然互动通道；M5-EXCHANGE负责把两人的实际行为合成为交换结构。,无／按本规则指定的给予—请求—接收—反馈—重订路径路由。,近位、远位只修正该交换需求进入亲密关系核心的可能；不得据此判断具体伴侣现实中一定配合。,根气只修正用户交换需求和通道是否稳定重复，不等于双方已形成成熟互惠。,旺弱只修正通道调用强度、抢位或缺位风险，不直接等于交换公平或关系质量。,喜忌只修正调用顺畅度与摩擦，不可直接翻译为理想伴侣五行、十神或必然互补。,真合化成立时按化神功能重算用户交换需求；合化争议时停止细化交换通道。,近位提高该交换议题进入关系核心的可能；远位只保留背景或阶段性观察。,86,不加分；接口／状态／去重,buffer_exchange_relation,现实有效保护可以提高对应ED或EP状态，但不删除历史风险。,已经有效的保护经验可以保留，但仍要看能否重复。,不得仅凭本规则推出双方一定公平、相爱、忠诚、长期稳定或适合结婚；不得把付出多少直接等同爱多少；不得以命理要求单方牺牲、立即回报、原谅、复合或继续关系。现实安全、同意、持续行为、反例与双方协商优先。,中高,待验证,,interface_state_rule=true; provisional=true; rule_group=EXCHANGE-接口门控,0.4
M5-EXCHANGE-414,同一行为多维度不重复加分,L9 状态、接口、去重与停止,EXCHANGE-接口门控,通用,去重,同一行为多维度不重复加分,,一个事件同时支持多个ED、XD或EP。,不同event_id或跨场景重复。,由共享基础引擎、M3与M5-BASE提供；只修正用户怎样给予、请求、接收和回馈，不直接判断双方现实交换质量。,M2只说明进入关系所需资格证据；不能替代长期双向交换、负荷与修复验证。,M3-BASE、EXPR、CARE和BOUND提供用户自然互动通道；M5-EXCHANGE负责把两人的实际行为合成为交换结构。,无／按本规则指定的给予—请求—接收—反馈—重订路径路由。,近位、远位只修正该交换需求进入亲密关系核心的可能；不得据此判断具体伴侣现实中一定配合。,根气只修正用户交换需求和通道是否稳定重复，不等于双方已形成成熟互惠。,旺弱只修正通道调用强度、抢位或缺位风险，不直接等于交换公平或关系质量。,喜忌只修正调用顺畅度与摩擦，不可直接翻译为理想伴侣五行、十神或必然互补。,真合化成立时按化神功能重算用户交换需求；合化争议时停止细化交换通道。,近位提高该交换议题进入关系核心的可能；远位只保留背景或阶段性观察。,86,不加分；接口／状态／去重,provenance,基础事件分只计一次，维度可分别记录。,同一件事可以说明多个方面，但不会自动变成多次证据。,不得仅凭本规则推出双方一定公平、相爱、忠诚、长期稳定或适合结婚；不得把付出多少直接等同爱多少；不得以命理要求单方牺牲、立即回报、原谅、复合或继续关系。现实安全、同意、持续行为、反例与双方协商优先。,高,待验证,,interface_state_rule=true; provisional=true; rule_group=EXCHANGE-接口门控,0.4
M5-EXCHANGE-415,同一贡献跨描述收敛,L9 状态、接口、去重与停止,EXCHANGE-接口门控,通用,去重,同一贡献跨描述收敛,,同一投入被描述为时间、照顾、责任等多个标签。,确有不同领域和独立代价。,由共享基础引擎、M3与M5-BASE提供；只修正用户怎样给予、请求、接收和回馈，不直接判断双方现实交换质量。,M2只说明进入关系所需资格证据；不能替代长期双向交换、负荷与修复验证。,M3-BASE、EXPR、CARE和BOUND提供用户自然互动通道；M5-EXCHANGE负责把两人的实际行为合成为交换结构。,无／按本规则指定的给予—请求—接收—反馈—重订路径路由。,近位、远位只修正该交换需求进入亲密关系核心的可能；不得据此判断具体伴侣现实中一定配合。,根气只修正用户交换需求和通道是否稳定重复，不等于双方已形成成熟互惠。,旺弱只修正通道调用强度、抢位或缺位风险，不直接等于交换公平或关系质量。,喜忌只修正调用顺畅度与摩擦，不可直接翻译为理想伴侣五行、十神或必然互补。,真合化成立时按化神功能重算用户交换需求；合化争议时停止细化交换通道。,近位提高该交换议题进入关系核心的可能；远位只保留背景或阶段性观察。,86,不加分；接口／状态／去重,exchange_domains,先识别实际行为，再判断它承担哪些功能。,先看具体做了什么，避免把同一份投入重复计算。,不得仅凭本规则推出双方一定公平、相爱、忠诚、长期稳定或适合结婚；不得把付出多少直接等同爱多少；不得以命理要求单方牺牲、立即回报、原谅、复合或继续关系。现实安全、同意、持续行为、反例与双方协商优先。,高,待验证,,interface_state_rule=true; provisional=true; rule_group=EXCHANGE-接口门控,0.4
M5-EXCHANGE-416,正偏同系统先收敛,L9 状态、接口、去重与停止,EXCHANGE-接口门控,通用,去重,正偏同系统先收敛,,同系统两个EC同时命中。,来源独立且任务不同。,由共享基础引擎、M3与M5-BASE提供；只修正用户怎样给予、请求、接收和回馈，不直接判断双方现实交换质量。,M2只说明进入关系所需资格证据；不能替代长期双向交换、负荷与修复验证。,M3-BASE、EXPR、CARE和BOUND提供用户自然互动通道；M5-EXCHANGE负责把两人的实际行为合成为交换结构。,无／按本规则指定的给予—请求—接收—反馈—重订路径路由。,近位、远位只修正该交换需求进入亲密关系核心的可能；不得据此判断具体伴侣现实中一定配合。,根气只修正用户交换需求和通道是否稳定重复，不等于双方已形成成熟互惠。,旺弱只修正通道调用强度、抢位或缺位风险，不直接等于交换公平或关系质量。,喜忌只修正调用顺畅度与摩擦，不可直接翻译为理想伴侣五行、十神或必然互补。,真合化成立时按化神功能重算用户交换需求；合化争议时停止细化交换通道。,近位提高该交换议题进入关系核心的可能；远位只保留背景或阶段性观察。,86,不加分；接口／状态／去重,primary_exchange_channel,先收敛共同系统，再用稳定／灵活、温和／分析等风格区分。,先看共同交换功能，再看它以什么风格发生。,不得仅凭本规则推出双方一定公平、相爱、忠诚、长期稳定或适合结婚；不得把付出多少直接等同爱多少；不得以命理要求单方牺牲、立即回报、原谅、复合或继续关系。现实安全、同意、持续行为、反例与双方协商优先。,高,待验证,,interface_state_rule=true; provisional=true; rule_group=EXCHANGE-接口门控,0.4
M5-EXCHANGE-417,跨领域补偿不能自动抵消,L9 状态、接口、去重与停止,EXCHANGE-接口门控,通用,边界,跨领域补偿不能自动抵消,,一领域投入高，另一关键领域缺失。,双方明确协商并接受替代。,由共享基础引擎、M3与M5-BASE提供；只修正用户怎样给予、请求、接收和回馈，不直接判断双方现实交换质量。,M2只说明进入关系所需资格证据；不能替代长期双向交换、负荷与修复验证。,M3-BASE、EXPR、CARE和BOUND提供用户自然互动通道；M5-EXCHANGE负责把两人的实际行为合成为交换结构。,无／按本规则指定的给予—请求—接收—反馈—重订路径路由。,近位、远位只修正该交换需求进入亲密关系核心的可能；不得据此判断具体伴侣现实中一定配合。,根气只修正用户交换需求和通道是否稳定重复，不等于双方已形成成熟互惠。,旺弱只修正通道调用强度、抢位或缺位风险，不直接等于交换公平或关系质量。,喜忌只修正调用顺畅度与摩擦，不可直接翻译为理想伴侣五行、十神或必然互补。,真合化成立时按化神功能重算用户交换需求；合化争议时停止细化交换通道。,近位提高该交换议题进入关系核心的可能；远位只保留背景或阶段性观察。,98,不加分；接口／状态／去重,pseudo_reciprocity_warning,不同领域贡献分别记录；替代必须得到接收方确认。,在一个领域付出很多，不能自动补上另一个领域的缺口。,不得仅凭本规则推出双方一定公平、相爱、忠诚、长期稳定或适合结婚；不得把付出多少直接等同爱多少；不得以命理要求单方牺牲、立即回报、原谅、复合或继续关系。现实安全、同意、持续行为、反例与双方协商优先。,高,待验证,,interface_state_rule=true; provisional=true; rule_group=EXCHANGE-接口门控,0.4
M5-EXCHANGE-418,角色分工必须可重订,L9 状态、接口、去重与停止,EXCHANGE-接口门控,通用,边界,角色分工必须可重订,,XR02或EM03候选。,分工永久固定、只有一方有决定权。,由共享基础引擎、M3与M5-BASE提供；只修正用户怎样给予、请求、接收和回馈，不直接判断双方现实交换质量。,M2只说明进入关系所需资格证据；不能替代长期双向交换、负荷与修复验证。,M3-BASE、EXPR、CARE和BOUND提供用户自然互动通道；M5-EXCHANGE负责把两人的实际行为合成为交换结构。,无／按本规则指定的给予—请求—接收—反馈—重订路径路由。,近位、远位只修正该交换需求进入亲密关系核心的可能；不得据此判断具体伴侣现实中一定配合。,根气只修正用户交换需求和通道是否稳定重复，不等于双方已形成成熟互惠。,旺弱只修正通道调用强度、抢位或缺位风险，不直接等于交换公平或关系质量。,喜忌只修正调用顺畅度与摩擦，不可直接翻译为理想伴侣五行、十神或必然互补。,真合化成立时按化神功能重算用户交换需求；合化争议时停止细化交换通道。,近位提高该交换议题进入关系核心的可能；远位只保留背景或阶段性观察。,98,不加分；接口／状态／去重,load_balance,分工需要知情、自愿、认可、可轮换和可退出。,分工可以不同，但必须能够重新商量。,不得仅凭本规则推出双方一定公平、相爱、忠诚、长期稳定或适合结婚；不得把付出多少直接等同爱多少；不得以命理要求单方牺牲、立即回报、原谅、复合或继续关系。现实安全、同意、持续行为、反例与双方协商优先。,高,待验证,,interface_state_rule=true; provisional=true; rule_group=EXCHANGE-接口门控,0.4
M5-EXCHANGE-419,错峰互惠必须有回流点,L9 状态、接口、去重与停止,EXCHANGE-接口门控,通用,边界,错峰互惠必须有回流点,,XR03或EM02候选。,无限期等待或没有预期。,由共享基础引擎、M3与M5-BASE提供；只修正用户怎样给予、请求、接收和回馈，不直接判断双方现实交换质量。,M2只说明进入关系所需资格证据；不能替代长期双向交换、负荷与修复验证。,M3-BASE、EXPR、CARE和BOUND提供用户自然互动通道；M5-EXCHANGE负责把两人的实际行为合成为交换结构。,无／按本规则指定的给予—请求—接收—反馈—重订路径路由。,近位、远位只修正该交换需求进入亲密关系核心的可能；不得据此判断具体伴侣现实中一定配合。,根气只修正用户交换需求和通道是否稳定重复，不等于双方已形成成熟互惠。,旺弱只修正通道调用强度、抢位或缺位风险，不直接等于交换公平或关系质量。,喜忌只修正调用顺畅度与摩擦，不可直接翻译为理想伴侣五行、十神或必然互补。,真合化成立时按化神功能重算用户交换需求；合化争议时停止细化交换通道。,近位提高该交换议题进入关系核心的可能；远位只保留背景或阶段性观察。,98,不加分；接口／状态／去重,reciprocity_timing,错峰需要时间结构、回馈领域和复核点。,不同步可以，但要知道以后怎样回来。,不得仅凭本规则推出双方一定公平、相爱、忠诚、长期稳定或适合结婚；不得把付出多少直接等同爱多少；不得以命理要求单方牺牲、立即回报、原谅、复合或继续关系。现实安全、同意、持续行为、反例与双方协商优先。,高,待验证,,interface_state_rule=true; provisional=true; rule_group=EXCHANGE-接口门控,0.4
M5-EXCHANGE-420,透干有根｜交换需求清楚稳定,L9 状态、接口、去重与停止,EXCHANGE-接口门控,通用,状态,透干有根,,主EC来源透干有根。,真合化或现实强反例。,由共享基础引擎、M3与M5-BASE提供；只修正用户怎样给予、请求、接收和回馈，不直接判断双方现实交换质量。,M2只说明进入关系所需资格证据；不能替代长期双向交换、负荷与修复验证。,M3-BASE、EXPR、CARE和BOUND提供用户自然互动通道；M5-EXCHANGE负责把两人的实际行为合成为交换结构。,无／按本规则指定的给予—请求—接收—反馈—重订路径路由。,近位、远位只修正该交换需求进入亲密关系核心的可能；不得据此判断具体伴侣现实中一定配合。,根气只修正用户交换需求和通道是否稳定重复，不等于双方已形成成熟互惠。,旺弱只修正通道调用强度、抢位或缺位风险，不直接等于交换公平或关系质量。,喜忌只修正调用顺畅度与摩擦，不可直接翻译为理想伴侣五行、十神或必然互补。,真合化成立时按化神功能重算用户交换需求；合化争议时停止细化交换通道。,近位提高该交换议题进入关系核心的可能；远位只保留背景或阶段性观察。,86,不加分；接口／状态／去重,observation_plan,优先设置直接可观察的交换行为。,你通常较清楚自己需要怎样的支持和回馈。,不得仅凭本规则推出双方一定公平、相爱、忠诚、长期稳定或适合结婚；不得把付出多少直接等同爱多少；不得以命理要求单方牺牲、立即回报、原谅、复合或继续关系。现实安全、同意、持续行为、反例与双方协商优先。,中高,待验证,,interface_state_rule=true; provisional=true; rule_group=EXCHANGE-接口门控,0.4
M5-EXCHANGE-421,藏而有根｜交换在熟悉后显现,L9 状态、接口、去重与停止,EXCHANGE-接口门控,通用,状态,藏而有根,,主EC来源藏支有根。,弱远无助。,由共享基础引擎、M3与M5-BASE提供；只修正用户怎样给予、请求、接收和回馈，不直接判断双方现实交换质量。,M2只说明进入关系所需资格证据；不能替代长期双向交换、负荷与修复验证。,M3-BASE、EXPR、CARE和BOUND提供用户自然互动通道；M5-EXCHANGE负责把两人的实际行为合成为交换结构。,无／按本规则指定的给予—请求—接收—反馈—重订路径路由。,近位、远位只修正该交换需求进入亲密关系核心的可能；不得据此判断具体伴侣现实中一定配合。,根气只修正用户交换需求和通道是否稳定重复，不等于双方已形成成熟互惠。,旺弱只修正通道调用强度、抢位或缺位风险，不直接等于交换公平或关系质量。,喜忌只修正调用顺畅度与摩擦，不可直接翻译为理想伴侣五行、十神或必然互补。,真合化成立时按化神功能重算用户交换需求；合化争议时停止细化交换通道。,近位提高该交换议题进入关系核心的可能；远位只保留背景或阶段性观察。,86,不加分；接口／状态／去重,observation_plan,需要在长期相处、日常负荷和修复中验证。,这项交换需要可能在相处深入后更明显。,不得仅凭本规则推出双方一定公平、相爱、忠诚、长期稳定或适合结婚；不得把付出多少直接等同爱多少；不得以命理要求单方牺牲、立即回报、原谅、复合或继续关系。现实安全、同意、持续行为、反例与双方协商优先。,中高,待验证,,interface_state_rule=true; provisional=true; rule_group=EXCHANGE-接口门控,0.4
M5-EXCHANGE-422,透干无根｜防外显互惠高估,L9 状态、接口、去重与停止,EXCHANGE-接口门控,通用,状态,透干无根,,主EC来源透干无根。,XV4以上现实证据已支持。,由共享基础引擎、M3与M5-BASE提供；只修正用户怎样给予、请求、接收和回馈，不直接判断双方现实交换质量。,M2只说明进入关系所需资格证据；不能替代长期双向交换、负荷与修复验证。,M3-BASE、EXPR、CARE和BOUND提供用户自然互动通道；M5-EXCHANGE负责把两人的实际行为合成为交换结构。,无／按本规则指定的给予—请求—接收—反馈—重订路径路由。,近位、远位只修正该交换需求进入亲密关系核心的可能；不得据此判断具体伴侣现实中一定配合。,根气只修正用户交换需求和通道是否稳定重复，不等于双方已形成成熟互惠。,旺弱只修正通道调用强度、抢位或缺位风险，不直接等于交换公平或关系质量。,喜忌只修正调用顺畅度与摩擦，不可直接翻译为理想伴侣五行、十神或必然互补。,真合化成立时按化神功能重算用户交换需求；合化争议时停止细化交换通道。,近位提高该交换议题进入关系核心的可能；远位只保留背景或阶段性观察。,86,不加分；接口／状态／去重,pseudo_reciprocity_warning,外显行为容易被看见，连续性和负荷仍需单独验证。,交换看起来很明显，但还要看能否持续。,不得仅凭本规则推出双方一定公平、相爱、忠诚、长期稳定或适合结婚；不得把付出多少直接等同爱多少；不得以命理要求单方牺牲、立即回报、原谅、复合或继续关系。现实安全、同意、持续行为、反例与双方协商优先。,中高,待验证,,interface_state_rule=true; provisional=true; rule_group=EXCHANGE-接口门控,0.4
M5-EXCHANGE-423,过旺失衡｜第二通道必须进入,L9 状态、接口、去重与停止,EXCHANGE-接口门控,通用,状态,过旺失衡,,主EC过旺且M4有K01/K03/K05。,有制有化并现实有效。,由共享基础引擎、M3与M5-BASE提供；只修正用户怎样给予、请求、接收和回馈，不直接判断双方现实交换质量。,M2只说明进入关系所需资格证据；不能替代长期双向交换、负荷与修复验证。,M3-BASE、EXPR、CARE和BOUND提供用户自然互动通道；M5-EXCHANGE负责把两人的实际行为合成为交换结构。,无／按本规则指定的给予—请求—接收—反馈—重订路径路由。,近位、远位只修正该交换需求进入亲密关系核心的可能；不得据此判断具体伴侣现实中一定配合。,根气只修正用户交换需求和通道是否稳定重复，不等于双方已形成成熟互惠。,旺弱只修正通道调用强度、抢位或缺位风险，不直接等于交换公平或关系质量。,喜忌只修正调用顺畅度与摩擦，不可直接翻译为理想伴侣五行、十神或必然互补。,真合化成立时按化神功能重算用户交换需求；合化争议时停止细化交换通道。,近位提高该交换议题进入关系核心的可能；远位只保留背景或阶段性观察。,86,不加分；接口／状态／去重,exchange_path,不追求更强同类投入，优先建立反馈、边界或回流。,重点不是让同一种付出更多，而是让另一项必要功能进来。,不得仅凭本规则推出双方一定公平、相爱、忠诚、长期稳定或适合结婚；不得把付出多少直接等同爱多少；不得以命理要求单方牺牲、立即回报、原谅、复合或继续关系。现实安全、同意、持续行为、反例与双方协商优先。,中高,待验证,,interface_state_rule=true; provisional=true; rule_group=EXCHANGE-接口门控,0.4
M5-EXCHANGE-424,偏弱有助｜允许结构化补位,L9 状态、接口、去重与停止,EXCHANGE-接口门控,通用,状态,偏弱有助,,主EC偏弱但有助、通关或工具支持。,完全无助且现实反例强。,由共享基础引擎、M3与M5-BASE提供；只修正用户怎样给予、请求、接收和回馈，不直接判断双方现实交换质量。,M2只说明进入关系所需资格证据；不能替代长期双向交换、负荷与修复验证。,M3-BASE、EXPR、CARE和BOUND提供用户自然互动通道；M5-EXCHANGE负责把两人的实际行为合成为交换结构。,无／按本规则指定的给予—请求—接收—反馈—重订路径路由。,近位、远位只修正该交换需求进入亲密关系核心的可能；不得据此判断具体伴侣现实中一定配合。,根气只修正用户交换需求和通道是否稳定重复，不等于双方已形成成熟互惠。,旺弱只修正通道调用强度、抢位或缺位风险，不直接等于交换公平或关系质量。,喜忌只修正调用顺畅度与摩擦，不可直接翻译为理想伴侣五行、十神或必然互补。,真合化成立时按化神功能重算用户交换需求；合化争议时停止细化交换通道。,近位提高该交换议题进入关系核心的可能；远位只保留背景或阶段性观察。,86,不加分；接口／状态／去重,exchange_mode,可路由EM03、EM06或共同成长结构。,不是天生擅长也没关系，愿意使用规则和工具仍可形成交换。,不得仅凭本规则推出双方一定公平、相爱、忠诚、长期稳定或适合结婚；不得把付出多少直接等同爱多少；不得以命理要求单方牺牲、立即回报、原谅、复合或继续关系。现实安全、同意、持续行为、反例与双方协商优先。,中高,待验证,,interface_state_rule=true; provisional=true; rule_group=EXCHANGE-接口门控,0.4
M5-EXCHANGE-425,真合化成立｜替换EC路由,L9 状态、接口、去重与停止,EXCHANGE-接口门控,通用,状态,真合化成立,,真合化已由共享引擎确认。,合而不化或争议。,由共享基础引擎、M3与M5-BASE提供；只修正用户怎样给予、请求、接收和回馈，不直接判断双方现实交换质量。,M2只说明进入关系所需资格证据；不能替代长期双向交换、负荷与修复验证。,M3-BASE、EXPR、CARE和BOUND提供用户自然互动通道；M5-EXCHANGE负责把两人的实际行为合成为交换结构。,无／按本规则指定的给予—请求—接收—反馈—重订路径路由。,近位、远位只修正该交换需求进入亲密关系核心的可能；不得据此判断具体伴侣现实中一定配合。,根气只修正用户交换需求和通道是否稳定重复，不等于双方已形成成熟互惠。,旺弱只修正通道调用强度、抢位或缺位风险，不直接等于交换公平或关系质量。,喜忌只修正调用顺畅度与摩擦，不可直接翻译为理想伴侣五行、十神或必然互补。,真合化成立时按化神功能重算用户交换需求；合化争议时停止细化交换通道。,近位提高该交换议题进入关系核心的可能；远位只保留背景或阶段性观察。,86,不加分；接口／状态／去重,primary_exchange_channel,原EC清零，按化神功能重算交换需求。,原来的交换画像需要按实际合化结果重新判断。,不得仅凭本规则推出双方一定公平、相爱、忠诚、长期稳定或适合结婚；不得把付出多少直接等同爱多少；不得以命理要求单方牺牲、立即回报、原谅、复合或继续关系。现实安全、同意、持续行为、反例与双方协商优先。,中高,待验证,,interface_state_rule=true; provisional=true; rule_group=EXCHANGE-接口门控,0.4
M5-EXCHANGE-426,合冲刑害破｜只改交换节奏,L9 状态、接口、去重与停止,EXCHANGE-接口门控,通用,状态,合冲刑害破,,夫妻宫有合冲刑害破。,用其直接断公平、背叛或关系失败。,由共享基础引擎、M3与M5-BASE提供；只修正用户怎样给予、请求、接收和回馈，不直接判断双方现实交换质量。,M2只说明进入关系所需资格证据；不能替代长期双向交换、负荷与修复验证。,M3-BASE、EXPR、CARE和BOUND提供用户自然互动通道；M5-EXCHANGE负责把两人的实际行为合成为交换结构。,无／按本规则指定的给予—请求—接收—反馈—重订路径路由。,近位、远位只修正该交换需求进入亲密关系核心的可能；不得据此判断具体伴侣现实中一定配合。,根气只修正用户交换需求和通道是否稳定重复，不等于双方已形成成熟互惠。,旺弱只修正通道调用强度、抢位或缺位风险，不直接等于交换公平或关系质量。,喜忌只修正调用顺畅度与摩擦，不可直接翻译为理想伴侣五行、十神或必然互补。,真合化成立时按化神功能重算用户交换需求；合化争议时停止细化交换通道。,近位提高该交换议题进入关系核心的可能；远位只保留背景或阶段性观察。,86,不加分；接口／状态／去重,reciprocity_timing,合看牵连，冲看切换，刑看反复，害看隐性期待，破看重组。,这些结构提醒你在哪些环节多协商，不直接说明谁付出更多。,不得仅凭本规则推出双方一定公平、相爱、忠诚、长期稳定或适合结婚；不得把付出多少直接等同爱多少；不得以命理要求单方牺牲、立即回报、原谅、复合或继续关系。现实安全、同意、持续行为、反例与双方协商优先。,中高,待验证,,interface_state_rule=true; provisional=true; rule_group=EXCHANGE-接口门控,0.4
M5-EXCHANGE-427,阶段覆盖｜只提高当前负荷议题,L9 状态、接口、去重与停止,EXCHANGE-接口门控,通用,状态,阶段覆盖,,大运流年与XD领域一致。,无原局需求或无现实情境。,由共享基础引擎、M3与M5-BASE提供；只修正用户怎样给予、请求、接收和回馈，不直接判断双方现实交换质量。,M2只说明进入关系所需资格证据；不能替代长期双向交换、负荷与修复验证。,M3-BASE、EXPR、CARE和BOUND提供用户自然互动通道；M5-EXCHANGE负责把两人的实际行为合成为交换结构。,无／按本规则指定的给予—请求—接收—反馈—重订路径路由。,近位、远位只修正该交换需求进入亲密关系核心的可能；不得据此判断具体伴侣现实中一定配合。,根气只修正用户交换需求和通道是否稳定重复，不等于双方已形成成熟互惠。,旺弱只修正通道调用强度、抢位或缺位风险，不直接等于交换公平或关系质量。,喜忌只修正调用顺畅度与摩擦，不可直接翻译为理想伴侣五行、十神或必然互补。,真合化成立时按化神功能重算用户交换需求；合化争议时停止细化交换通道。,近位提高该交换议题进入关系核心的可能；远位只保留背景或阶段性观察。,86,不加分；接口／状态／去重,exchange_domains,阶段只能提高某领域显著度，不能创造双方能力。,某个阶段会让资源和责任问题更明显，但仍要看现实行为。,不得仅凭本规则推出双方一定公平、相爱、忠诚、长期稳定或适合结婚；不得把付出多少直接等同爱多少；不得以命理要求单方牺牲、立即回报、原谅、复合或继续关系。现实安全、同意、持续行为、反例与双方协商优先。,中高,待验证,,interface_state_rule=true; provisional=true; rule_group=EXCHANGE-接口门控,0.4
M5-EXCHANGE-428,安全风险停止普通交换分析,L9 状态、接口、去重与停止,EXCHANGE-接口门控,通用,安全,安全风险停止普通交换分析,,存在PR0风险。,无。,由共享基础引擎、M3与M5-BASE提供；只修正用户怎样给予、请求、接收和回馈，不直接判断双方现实交换质量。,M2只说明进入关系所需资格证据；不能替代长期双向交换、负荷与修复验证。,M3-BASE、EXPR、CARE和BOUND提供用户自然互动通道；M5-EXCHANGE负责把两人的实际行为合成为交换结构。,无／按本规则指定的给予—请求—接收—反馈—重订路径路由。,近位、远位只修正该交换需求进入亲密关系核心的可能；不得据此判断具体伴侣现实中一定配合。,根气只修正用户交换需求和通道是否稳定重复，不等于双方已形成成熟互惠。,旺弱只修正通道调用强度、抢位或缺位风险，不直接等于交换公平或关系质量。,喜忌只修正调用顺畅度与摩擦，不可直接翻译为理想伴侣五行、十神或必然互补。,真合化成立时按化神功能重算用户交换需求；合化争议时停止细化交换通道。,近位提高该交换议题进入关系核心的可能；远位只保留背景或阶段性观察。,98,不加分；接口／状态／去重,report_status,停止互惠、互补和修复叙事，优先现实安全和支持。,先处理安全、同意和现实资源。,不得仅凭本规则推出双方一定公平、相爱、忠诚、长期稳定或适合结婚；不得把付出多少直接等同爱多少；不得以命理要求单方牺牲、立即回报、原谅、复合或继续关系。现实安全、同意、持续行为、反例与双方协商优先。,高,待验证,,interface_state_rule=true; provisional=true; rule_group=EXCHANGE-接口门控,0.4
M5-EXCHANGE-429,资料不足停止交换定性,L9 状态、接口、去重与停止,EXCHANGE-接口门控,通用,停止,资料不足停止交换定性,,XV0—XV1或只有一方抽象评价。,仅输出观察计划允许。,由共享基础引擎、M3与M5-BASE提供；只修正用户怎样给予、请求、接收和回馈，不直接判断双方现实交换质量。,M2只说明进入关系所需资格证据；不能替代长期双向交换、负荷与修复验证。,M3-BASE、EXPR、CARE和BOUND提供用户自然互动通道；M5-EXCHANGE负责把两人的实际行为合成为交换结构。,无／按本规则指定的给予—请求—接收—反馈—重订路径路由。,近位、远位只修正该交换需求进入亲密关系核心的可能；不得据此判断具体伴侣现实中一定配合。,根气只修正用户交换需求和通道是否稳定重复，不等于双方已形成成熟互惠。,旺弱只修正通道调用强度、抢位或缺位风险，不直接等于交换公平或关系质量。,喜忌只修正调用顺畅度与摩擦，不可直接翻译为理想伴侣五行、十神或必然互补。,真合化成立时按化神功能重算用户交换需求；合化争议时停止细化交换通道。,近位提高该交换议题进入关系核心的可能；远位只保留背景或阶段性观察。,98,不加分；接口／状态／去重,report_status,不发布XR01—XR07稳定结论。,目前先列出需要记录的完整交换事件。,不得仅凭本规则推出双方一定公平、相爱、忠诚、长期稳定或适合结婚；不得把付出多少直接等同爱多少；不得以命理要求单方牺牲、立即回报、原谅、复合或继续关系。现实安全、同意、持续行为、反例与双方协商优先。,高,待验证,,interface_state_rule=true; provisional=true; rule_group=EXCHANGE-接口门控,0.4
M5-EXCHANGE-430,强现实反例覆盖结构候选,L9 状态、接口、去重与停止,EXCHANGE-接口门控,通用,停止,强现实反例覆盖结构候选,,跨场景多次反例与EC/EM候选冲突。,反例不可靠或已被持续修正。,由共享基础引擎、M3与M5-BASE提供；只修正用户怎样给予、请求、接收和回馈，不直接判断双方现实交换质量。,M2只说明进入关系所需资格证据；不能替代长期双向交换、负荷与修复验证。,M3-BASE、EXPR、CARE和BOUND提供用户自然互动通道；M5-EXCHANGE负责把两人的实际行为合成为交换结构。,无／按本规则指定的给予—请求—接收—反馈—重订路径路由。,近位、远位只修正该交换需求进入亲密关系核心的可能；不得据此判断具体伴侣现实中一定配合。,根气只修正用户交换需求和通道是否稳定重复，不等于双方已形成成熟互惠。,旺弱只修正通道调用强度、抢位或缺位风险，不直接等于交换公平或关系质量。,喜忌只修正调用顺畅度与摩擦，不可直接翻译为理想伴侣五行、十神或必然互补。,真合化成立时按化神功能重算用户交换需求；合化争议时停止细化交换通道。,近位提高该交换议题进入关系核心的可能；远位只保留背景或阶段性观察。,98,不加分；接口／状态／去重,counterevidence,降级或停用对应交换画像。,现实中反复做不到，就不要用理论替关系解释。,不得仅凭本规则推出双方一定公平、相爱、忠诚、长期稳定或适合结婚；不得把付出多少直接等同爱多少；不得以命理要求单方牺牲、立即回报、原谅、复合或继续关系。现实安全、同意、持续行为、反例与双方协商优先。,高,待验证,,interface_state_rule=true; provisional=true; rule_group=EXCHANGE-接口门控,0.4
M5-EXCHANGE-431,M5-SYNTH前不发布最终FG,L9 状态、接口、去重与停止,EXCHANGE-接口门控,通用,路由,M5-SYNTH前不发布最终FG,,EXCHANGE模块完成。,无。,由共享基础引擎、M3与M5-BASE提供；只修正用户怎样给予、请求、接收和回馈，不直接判断双方现实交换质量。,M2只说明进入关系所需资格证据；不能替代长期双向交换、负荷与修复验证。,M3-BASE、EXPR、CARE和BOUND提供用户自然互动通道；M5-EXCHANGE负责把两人的实际行为合成为交换结构。,无／按本规则指定的给予—请求—接收—反馈—重订路径路由。,近位、远位只修正该交换需求进入亲密关系核心的可能；不得据此判断具体伴侣现实中一定配合。,根气只修正用户交换需求和通道是否稳定重复，不等于双方已形成成熟互惠。,旺弱只修正通道调用强度、抢位或缺位风险，不直接等于交换公平或关系质量。,喜忌只修正调用顺畅度与摩擦，不可直接翻译为理想伴侣五行、十神或必然互补。,真合化成立时按化神功能重算用户交换需求；合化争议时停止细化交换通道。,近位提高该交换议题进入关系核心的可能；远位只保留背景或阶段性观察。,86,不加分；接口／状态／去重,fit_grade,本模块输出EC、EM、XR、XV和交换观察计划；最终FG交SYNTH。,现在能说明交换怎样运行，最终适配等级还要综合其他现实门槛。,不得仅凭本规则推出双方一定公平、相爱、忠诚、长期稳定或适合结婚；不得把付出多少直接等同爱多少；不得以命理要求单方牺牲、立即回报、原谅、复合或继续关系。现实安全、同意、持续行为、反例与双方协商优先。,中高,待验证,,interface_state_rule=true; provisional=true; rule_group=EXCHANGE-接口门控,0.4
M5-EXCHANGE-432,主交换通道门槛,L10 评分、报告与校准,EXCHANGE-评分报告,通用,评分,主交换通道门槛,,主EC来自PR1／PR2或M4主调节任务，至少两类独立来源，净分≥40且领先第二候选≥8。,PR0安全门控未通过时停止普通评分。,由共享基础引擎、M3与M5-BASE提供；只修正用户怎样给予、请求、接收和回馈，不直接判断双方现实交换质量。,M2只说明进入关系所需资格证据；不能替代长期双向交换、负荷与修复验证。,M3-BASE、EXPR、CARE和BOUND提供用户自然互动通道；M5-EXCHANGE负责把两人的实际行为合成为交换结构。,无／按本规则指定的给予—请求—接收—反馈—重订路径路由。,近位、远位只修正该交换需求进入亲密关系核心的可能；不得据此判断具体伴侣现实中一定配合。,根气只修正用户交换需求和通道是否稳定重复，不等于双方已形成成熟互惠。,旺弱只修正通道调用强度、抢位或缺位风险，不直接等于交换公平或关系质量。,喜忌只修正调用顺畅度与摩擦，不可直接翻译为理想伴侣五行、十神或必然互补。,真合化成立时按化神功能重算用户交换需求；合化争议时停止细化交换通道。,近位提高该交换议题进入关系核心的可能；远位只保留背景或阶段性观察。,82,主通道候选 +40,primary_exchange_channel,满足才发布主交换通道。,满足才发布主交换通道。,不得仅凭本规则推出双方一定公平、相爱、忠诚、长期稳定或适合结婚；不得把付出多少直接等同爱多少；不得以命理要求单方牺牲、立即回报、原谅、复合或继续关系。现实安全、同意、持续行为、反例与双方协商优先。,中高,待验证,,scoring_reporting=true; provisional=true; rule_group=EXCHANGE-评分报告,0.4
M5-EXCHANGE-433,次交换通道门槛,L10 评分、报告与校准,EXCHANGE-评分报告,通用,评分,次交换通道门槛,,次EC净分≥28，来源独立、功能不同、非同义重复。,PR0安全门控未通过时停止普通评分。,由共享基础引擎、M3与M5-BASE提供；只修正用户怎样给予、请求、接收和回馈，不直接判断双方现实交换质量。,M2只说明进入关系所需资格证据；不能替代长期双向交换、负荷与修复验证。,M3-BASE、EXPR、CARE和BOUND提供用户自然互动通道；M5-EXCHANGE负责把两人的实际行为合成为交换结构。,无／按本规则指定的给予—请求—接收—反馈—重订路径路由。,近位、远位只修正该交换需求进入亲密关系核心的可能；不得据此判断具体伴侣现实中一定配合。,根气只修正用户交换需求和通道是否稳定重复，不等于双方已形成成熟互惠。,旺弱只修正通道调用强度、抢位或缺位风险，不直接等于交换公平或关系质量。,喜忌只修正调用顺畅度与摩擦，不可直接翻译为理想伴侣五行、十神或必然互补。,真合化成立时按化神功能重算用户交换需求；合化争议时停止细化交换通道。,近位提高该交换议题进入关系核心的可能；远位只保留背景或阶段性观察。,82,次通道候选 +28,secondary_exchange_channel,最多保留一个次通道。,最多保留一个次通道。,不得仅凭本规则推出双方一定公平、相爱、忠诚、长期稳定或适合结婚；不得把付出多少直接等同爱多少；不得以命理要求单方牺牲、立即回报、原谅、复合或继续关系。现实安全、同意、持续行为、反例与双方协商优先。,中高,待验证,,scoring_reporting=true; provisional=true; rule_group=EXCHANGE-评分报告,0.4
M5-EXCHANGE-434,主交换模式门槛,L10 评分、报告与校准,EXCHANGE-评分报告,通用,评分,主交换模式门槛,,EM模式至少由一个EC、两个ED和一项现实双人证据支持。,PR0安全门控未通过时停止普通评分。,由共享基础引擎、M3与M5-BASE提供；只修正用户怎样给予、请求、接收和回馈，不直接判断双方现实交换质量。,M2只说明进入关系所需资格证据；不能替代长期双向交换、负荷与修复验证。,M3-BASE、EXPR、CARE和BOUND提供用户自然互动通道；M5-EXCHANGE负责把两人的实际行为合成为交换结构。,无／按本规则指定的给予—请求—接收—反馈—重订路径路由。,近位、远位只修正该交换需求进入亲密关系核心的可能；不得据此判断具体伴侣现实中一定配合。,根气只修正用户交换需求和通道是否稳定重复，不等于双方已形成成熟互惠。,旺弱只修正通道调用强度、抢位或缺位风险，不直接等于交换公平或关系质量。,喜忌只修正调用顺畅度与摩擦，不可直接翻译为理想伴侣五行、十神或必然互补。,真合化成立时按化神功能重算用户交换需求；合化争议时停止细化交换通道。,近位提高该交换议题进入关系核心的可能；远位只保留背景或阶段性观察。,82,EM候选 +30,exchange_mode,只有命盘或单方愿望不得发布。,只有命盘或单方愿望不得发布。,不得仅凭本规则推出双方一定公平、相爱、忠诚、长期稳定或适合结婚；不得把付出多少直接等同爱多少；不得以命理要求单方牺牲、立即回报、原谅、复合或继续关系。现实安全、同意、持续行为、反例与双方协商优先。,中高,待验证,,scoring_reporting=true; provisional=true; rule_group=EXCHANGE-评分报告,0.4
M5-EXCHANGE-435,交换状态XR01门槛,L10 评分、报告与校准,EXCHANGE-评分报告,通用,评分,交换状态XR01门槛,,XV4以上，ED02、ED03、ED07、ED09至少三项可靠。,PR0安全门控未通过时停止普通评分。,由共享基础引擎、M3与M5-BASE提供；只修正用户怎样给予、请求、接收和回馈，不直接判断双方现实交换质量。,M2只说明进入关系所需资格证据；不能替代长期双向交换、负荷与修复验证。,M3-BASE、EXPR、CARE和BOUND提供用户自然互动通道；M5-EXCHANGE负责把两人的实际行为合成为交换结构。,无／按本规则指定的给予—请求—接收—反馈—重订路径路由。,近位、远位只修正该交换需求进入亲密关系核心的可能；不得据此判断具体伴侣现实中一定配合。,根气只修正用户交换需求和通道是否稳定重复，不等于双方已形成成熟互惠。,旺弱只修正通道调用强度、抢位或缺位风险，不直接等于交换公平或关系质量。,喜忌只修正调用顺畅度与摩擦，不可直接翻译为理想伴侣五行、十神或必然互补。,真合化成立时按化神功能重算用户交换需求；合化争议时停止细化交换通道。,近位提高该交换议题进入关系核心的可能；远位只保留背景或阶段性观察。,82,XR01 +36,exchange_state,可发布稳定双向交换候选。,可发布稳定双向交换候选。,不得仅凭本规则推出双方一定公平、相爱、忠诚、长期稳定或适合结婚；不得把付出多少直接等同爱多少；不得以命理要求单方牺牲、立即回报、原谅、复合或继续关系。现实安全、同意、持续行为、反例与双方协商优先。,中高,待验证,,scoring_reporting=true; provisional=true; rule_group=EXCHANGE-评分报告,0.4
M5-EXCHANGE-436,交换状态XR02门槛,L10 评分、报告与校准,EXCHANGE-评分报告,通用,评分,交换状态XR02门槛,,XV3以上，角色分工知情、自愿、认可且可重订。,PR0安全门控未通过时停止普通评分。,由共享基础引擎、M3与M5-BASE提供；只修正用户怎样给予、请求、接收和回馈，不直接判断双方现实交换质量。,M2只说明进入关系所需资格证据；不能替代长期双向交换、负荷与修复验证。,M3-BASE、EXPR、CARE和BOUND提供用户自然互动通道；M5-EXCHANGE负责把两人的实际行为合成为交换结构。,无／按本规则指定的给予—请求—接收—反馈—重订路径路由。,近位、远位只修正该交换需求进入亲密关系核心的可能；不得据此判断具体伴侣现实中一定配合。,根气只修正用户交换需求和通道是否稳定重复，不等于双方已形成成熟互惠。,旺弱只修正通道调用强度、抢位或缺位风险，不直接等于交换公平或关系质量。,喜忌只修正调用顺畅度与摩擦，不可直接翻译为理想伴侣五行、十神或必然互补。,真合化成立时按化神功能重算用户交换需求；合化争议时停止细化交换通道。,近位提高该交换议题进入关系核心的可能；远位只保留背景或阶段性观察。,82,XR02 +30,exchange_state,不要求等量，但需负荷与决定权清楚。,不要求等量，但需负荷与决定权清楚。,不得仅凭本规则推出双方一定公平、相爱、忠诚、长期稳定或适合结婚；不得把付出多少直接等同爱多少；不得以命理要求单方牺牲、立即回报、原谅、复合或继续关系。现实安全、同意、持续行为、反例与双方协商优先。,中高,待验证,,scoring_reporting=true; provisional=true; rule_group=EXCHANGE-评分报告,0.4
M5-EXCHANGE-437,交换状态XR03门槛,L10 评分、报告与校准,EXCHANGE-评分报告,通用,评分,交换状态XR03门槛,,XV4以上，错峰时间结构、回流领域和复核点清楚。,PR0安全门控未通过时停止普通评分。,由共享基础引擎、M3与M5-BASE提供；只修正用户怎样给予、请求、接收和回馈，不直接判断双方现实交换质量。,M2只说明进入关系所需资格证据；不能替代长期双向交换、负荷与修复验证。,M3-BASE、EXPR、CARE和BOUND提供用户自然互动通道；M5-EXCHANGE负责把两人的实际行为合成为交换结构。,无／按本规则指定的给予—请求—接收—反馈—重订路径路由。,近位、远位只修正该交换需求进入亲密关系核心的可能；不得据此判断具体伴侣现实中一定配合。,根气只修正用户交换需求和通道是否稳定重复，不等于双方已形成成熟互惠。,旺弱只修正通道调用强度、抢位或缺位风险，不直接等于交换公平或关系质量。,喜忌只修正调用顺畅度与摩擦，不可直接翻译为理想伴侣五行、十神或必然互补。,真合化成立时按化神功能重算用户交换需求；合化争议时停止细化交换通道。,近位提高该交换议题进入关系核心的可能；远位只保留背景或阶段性观察。,82,XR03 +30,exchange_state,无限期等待不得进入。,无限期等待不得进入。,不得仅凭本规则推出双方一定公平、相爱、忠诚、长期稳定或适合结婚；不得把付出多少直接等同爱多少；不得以命理要求单方牺牲、立即回报、原谅、复合或继续关系。现实安全、同意、持续行为、反例与双方协商优先。,中高,待验证,,scoring_reporting=true; provisional=true; rule_group=EXCHANGE-评分报告,0.4
M5-EXCHANGE-438,交换状态XR04门槛,L10 评分、报告与校准,EXCHANGE-评分报告,通用,评分,交换状态XR04门槛,,XV3以上，成立条件和失效点明确。,PR0安全门控未通过时停止普通评分。,由共享基础引擎、M3与M5-BASE提供；只修正用户怎样给予、请求、接收和回馈，不直接判断双方现实交换质量。,M2只说明进入关系所需资格证据；不能替代长期双向交换、负荷与修复验证。,M3-BASE、EXPR、CARE和BOUND提供用户自然互动通道；M5-EXCHANGE负责把两人的实际行为合成为交换结构。,无／按本规则指定的给予—请求—接收—反馈—重订路径路由。,近位、远位只修正该交换需求进入亲密关系核心的可能；不得据此判断具体伴侣现实中一定配合。,根气只修正用户交换需求和通道是否稳定重复，不等于双方已形成成熟互惠。,旺弱只修正通道调用强度、抢位或缺位风险，不直接等于交换公平或关系质量。,喜忌只修正调用顺畅度与摩擦，不可直接翻译为理想伴侣五行、十神或必然互补。,真合化成立时按化神功能重算用户交换需求；合化争议时停止细化交换通道。,近位提高该交换议题进入关系核心的可能；远位只保留背景或阶段性观察。,82,XR04 +24,exchange_state,必须写条件性，不得泛化。,必须写条件性，不得泛化。,不得仅凭本规则推出双方一定公平、相爱、忠诚、长期稳定或适合结婚；不得把付出多少直接等同爱多少；不得以命理要求单方牺牲、立即回报、原谅、复合或继续关系。现实安全、同意、持续行为、反例与双方协商优先。,中高,待验证,,scoring_reporting=true; provisional=true; rule_group=EXCHANGE-评分报告,0.4
M5-EXCHANGE-439,XR05单向可见门槛,L10 评分、报告与校准,EXCHANGE-评分报告,通用,评分,XR05单向可见门槛,,XV1—XV2且只有一侧资料，ED01未完成。,PR0安全门控未通过时停止普通评分。,由共享基础引擎、M3与M5-BASE提供；只修正用户怎样给予、请求、接收和回馈，不直接判断双方现实交换质量。,M2只说明进入关系所需资格证据；不能替代长期双向交换、负荷与修复验证。,M3-BASE、EXPR、CARE和BOUND提供用户自然互动通道；M5-EXCHANGE负责把两人的实际行为合成为交换结构。,无／按本规则指定的给予—请求—接收—反馈—重订路径路由。,近位、远位只修正该交换需求进入亲密关系核心的可能；不得据此判断具体伴侣现实中一定配合。,根气只修正用户交换需求和通道是否稳定重复，不等于双方已形成成熟互惠。,旺弱只修正通道调用强度、抢位或缺位风险，不直接等于交换公平或关系质量。,喜忌只修正调用顺畅度与摩擦，不可直接翻译为理想伴侣五行、十神或必然互补。,真合化成立时按化神功能重算用户交换需求；合化争议时停止细化交换通道。,近位提高该交换议题进入关系核心的可能；远位只保留背景或阶段性观察。,82,XR05 路由,exchange_state,不得直接升级长期单向。,不得直接升级长期单向。,不得仅凭本规则推出双方一定公平、相爱、忠诚、长期稳定或适合结婚；不得把付出多少直接等同爱多少；不得以命理要求单方牺牲、立即回报、原谅、复合或继续关系。现实安全、同意、持续行为、反例与双方协商优先。,中高,待验证,,scoring_reporting=true; provisional=true; rule_group=EXCHANGE-评分报告,0.4
M5-EXCHANGE-440,XR06补偿替代门槛,L10 评分、报告与校准,EXCHANGE-评分报告,通用,评分,XR06补偿替代门槛,,M4 K03/K06或EB09现实成立，提供功能与缺失功能不同。,PR0安全门控未通过时停止普通评分。,由共享基础引擎、M3与M5-BASE提供；只修正用户怎样给予、请求、接收和回馈，不直接判断双方现实交换质量。,M2只说明进入关系所需资格证据；不能替代长期双向交换、负荷与修复验证。,M3-BASE、EXPR、CARE和BOUND提供用户自然互动通道；M5-EXCHANGE负责把两人的实际行为合成为交换结构。,无／按本规则指定的给予—请求—接收—反馈—重订路径路由。,近位、远位只修正该交换需求进入亲密关系核心的可能；不得据此判断具体伴侣现实中一定配合。,根气只修正用户交换需求和通道是否稳定重复，不等于双方已形成成熟互惠。,旺弱只修正通道调用强度、抢位或缺位风险，不直接等于交换公平或关系质量。,喜忌只修正调用顺畅度与摩擦，不可直接翻译为理想伴侣五行、十神或必然互补。,真合化成立时按化神功能重算用户交换需求；合化争议时停止细化交换通道。,近位提高该交换议题进入关系核心的可能；远位只保留背景或阶段性观察。,82,XR06 +24,exchange_state,分别保留贡献与缺口。,分别保留贡献与缺口。,不得仅凭本规则推出双方一定公平、相爱、忠诚、长期稳定或适合结婚；不得把付出多少直接等同爱多少；不得以命理要求单方牺牲、立即回报、原谅、复合或继续关系。现实安全、同意、持续行为、反例与双方协商优先。,中高,待验证,,scoring_reporting=true; provisional=true; rule_group=EXCHANGE-评分报告,0.4
M5-EXCHANGE-441,XR07长期单方负荷门槛,L10 评分、报告与校准,EXCHANGE-评分报告,通用,评分,XR07长期单方负荷门槛,,XV4以上，调整请求出现后仍无回流，ED07/ED09失败且现实反例支持。,PR0安全门控未通过时停止普通评分。,由共享基础引擎、M3与M5-BASE提供；只修正用户怎样给予、请求、接收和回馈，不直接判断双方现实交换质量。,M2只说明进入关系所需资格证据；不能替代长期双向交换、负荷与修复验证。,M3-BASE、EXPR、CARE和BOUND提供用户自然互动通道；M5-EXCHANGE负责把两人的实际行为合成为交换结构。,无／按本规则指定的给予—请求—接收—反馈—重订路径路由。,近位、远位只修正该交换需求进入亲密关系核心的可能；不得据此判断具体伴侣现实中一定配合。,根气只修正用户交换需求和通道是否稳定重复，不等于双方已形成成熟互惠。,旺弱只修正通道调用强度、抢位或缺位风险，不直接等于交换公平或关系质量。,喜忌只修正调用顺畅度与摩擦，不可直接翻译为理想伴侣五行、十神或必然互补。,真合化成立时按化神功能重算用户交换需求；合化争议时停止细化交换通道。,近位提高该交换议题进入关系核心的可能；远位只保留背景或阶段性观察。,82,XR07 +38,exchange_state,安全和权力问题优先。,安全和权力问题优先。,不得仅凭本规则推出双方一定公平、相爱、忠诚、长期稳定或适合结婚；不得把付出多少直接等同爱多少；不得以命理要求单方牺牲、立即回报、原谅、复合或继续关系。现实安全、同意、持续行为、反例与双方协商优先。,中高,待验证,,scoring_reporting=true; provisional=true; rule_group=EXCHANGE-评分报告,0.4
M5-EXCHANGE-442,XR08未定停止,L10 评分、报告与校准,EXCHANGE-评分报告,通用,停止,XR08未定停止,,XV0—XV1、资料矛盾、合化争议或安全门控。,无,由共享基础引擎、M3与M5-BASE提供；只修正用户怎样给予、请求、接收和回馈，不直接判断双方现实交换质量。,M2只说明进入关系所需资格证据；不能替代长期双向交换、负荷与修复验证。,M3-BASE、EXPR、CARE和BOUND提供用户自然互动通道；M5-EXCHANGE负责把两人的实际行为合成为交换结构。,无／按本规则指定的给予—请求—接收—反馈—重订路径路由。,近位、远位只修正该交换需求进入亲密关系核心的可能；不得据此判断具体伴侣现实中一定配合。,根气只修正用户交换需求和通道是否稳定重复，不等于双方已形成成熟互惠。,旺弱只修正通道调用强度、抢位或缺位风险，不直接等于交换公平或关系质量。,喜忌只修正调用顺畅度与摩擦，不可直接翻译为理想伴侣五行、十神或必然互补。,真合化成立时按化神功能重算用户交换需求；合化争议时停止细化交换通道。,近位提高该交换议题进入关系核心的可能；远位只保留背景或阶段性观察。,98,停止／回退,report_status,只输出观察计划。,只输出观察计划。,不得仅凭本规则推出双方一定公平、相爱、忠诚、长期稳定或适合结婚；不得把付出多少直接等同爱多少；不得以命理要求单方牺牲、立即回报、原谅、复合或继续关系。现实安全、同意、持续行为、反例与双方协商优先。,高,待验证,,scoring_reporting=true; provisional=true; rule_group=EXCHANGE-评分报告,0.4
M5-EXCHANGE-443,XV0—XV1发布上限,L10 评分、报告与校准,EXCHANGE-评分报告,通用,边界,XV0—XV1发布上限,,只有需求、标签或单方自述。,PR0安全门控未通过时停止普通评分。,由共享基础引擎、M3与M5-BASE提供；只修正用户怎样给予、请求、接收和回馈，不直接判断双方现实交换质量。,M2只说明进入关系所需资格证据；不能替代长期双向交换、负荷与修复验证。,M3-BASE、EXPR、CARE和BOUND提供用户自然互动通道；M5-EXCHANGE负责把两人的实际行为合成为交换结构。,无／按本规则指定的给予—请求—接收—反馈—重订路径路由。,近位、远位只修正该交换需求进入亲密关系核心的可能；不得据此判断具体伴侣现实中一定配合。,根气只修正用户交换需求和通道是否稳定重复，不等于双方已形成成熟互惠。,旺弱只修正通道调用强度、抢位或缺位风险，不直接等于交换公平或关系质量。,喜忌只修正调用顺畅度与摩擦，不可直接翻译为理想伴侣五行、十神或必然互补。,真合化成立时按化神功能重算用户交换需求；合化争议时停止细化交换通道。,近位提高该交换议题进入关系核心的可能；远位只保留背景或阶段性观察。,98,不加分,exchange_evidence_level,不得判断稳定、失衡或公平。,不得判断稳定、失衡或公平。,不得仅凭本规则推出双方一定公平、相爱、忠诚、长期稳定或适合结婚；不得把付出多少直接等同爱多少；不得以命理要求单方牺牲、立即回报、原谅、复合或继续关系。现实安全、同意、持续行为、反例与双方协商优先。,高,待验证,,scoring_reporting=true; provisional=true; rule_group=EXCHANGE-评分报告,0.4
M5-EXCHANGE-444,XV2单次事件上限,L10 评分、报告与校准,EXCHANGE-评分报告,通用,边界,XV2单次事件上限,,只有一个完整交换事件。,PR0安全门控未通过时停止普通评分。,由共享基础引擎、M3与M5-BASE提供；只修正用户怎样给予、请求、接收和回馈，不直接判断双方现实交换质量。,M2只说明进入关系所需资格证据；不能替代长期双向交换、负荷与修复验证。,M3-BASE、EXPR、CARE和BOUND提供用户自然互动通道；M5-EXCHANGE负责把两人的实际行为合成为交换结构。,无／按本规则指定的给予—请求—接收—反馈—重订路径路由。,近位、远位只修正该交换需求进入亲密关系核心的可能；不得据此判断具体伴侣现实中一定配合。,根气只修正用户交换需求和通道是否稳定重复，不等于双方已形成成熟互惠。,旺弱只修正通道调用强度、抢位或缺位风险，不直接等于交换公平或关系质量。,喜忌只修正调用顺畅度与摩擦，不可直接翻译为理想伴侣五行、十神或必然互补。,真合化成立时按化神功能重算用户交换需求；合化争议时停止细化交换通道。,近位提高该交换议题进入关系核心的可能；远位只保留背景或阶段性观察。,98,不加分,exchange_evidence_level,只能描述这一次怎样运行。,只能描述这一次怎样运行。,不得仅凭本规则推出双方一定公平、相爱、忠诚、长期稳定或适合结婚；不得把付出多少直接等同爱多少；不得以命理要求单方牺牲、立即回报、原谅、复合或继续关系。现实安全、同意、持续行为、反例与双方协商优先。,高,待验证,,scoring_reporting=true; provisional=true; rule_group=EXCHANGE-评分报告,0.4
M5-EXCHANGE-445,XV3同领域重复加权,L10 评分、报告与校准,EXCHANGE-评分报告,通用,评分,XV3同领域重复加权,,同一XD领域多次出现相似结构。,PR0安全门控未通过时停止普通评分。,由共享基础引擎、M3与M5-BASE提供；只修正用户怎样给予、请求、接收和回馈，不直接判断双方现实交换质量。,M2只说明进入关系所需资格证据；不能替代长期双向交换、负荷与修复验证。,M3-BASE、EXPR、CARE和BOUND提供用户自然互动通道；M5-EXCHANGE负责把两人的实际行为合成为交换结构。,无／按本规则指定的给予—请求—接收—反馈—重订路径路由。,近位、远位只修正该交换需求进入亲密关系核心的可能；不得据此判断具体伴侣现实中一定配合。,根气只修正用户交换需求和通道是否稳定重复，不等于双方已形成成熟互惠。,旺弱只修正通道调用强度、抢位或缺位风险，不直接等于交换公平或关系质量。,喜忌只修正调用顺畅度与摩擦，不可直接翻译为理想伴侣五行、十神或必然互补。,真合化成立时按化神功能重算用户交换需求；合化争议时停止细化交换通道。,近位提高该交换议题进入关系核心的可能；远位只保留背景或阶段性观察。,82,+8,exchange_evidence_level,只能建立领域内候选。,只能建立领域内候选。,不得仅凭本规则推出双方一定公平、相爱、忠诚、长期稳定或适合结婚；不得把付出多少直接等同爱多少；不得以命理要求单方牺牲、立即回报、原谅、复合或继续关系。现实安全、同意、持续行为、反例与双方协商优先。,中高,待验证,,scoring_reporting=true; provisional=true; rule_group=EXCHANGE-评分报告,0.4
M5-EXCHANGE-446,XV4跨领域一致加权,L10 评分、报告与校准,EXCHANGE-评分报告,通用,评分,XV4跨领域一致加权,,至少两个XD领域保持相似交换结构。,PR0安全门控未通过时停止普通评分。,由共享基础引擎、M3与M5-BASE提供；只修正用户怎样给予、请求、接收和回馈，不直接判断双方现实交换质量。,M2只说明进入关系所需资格证据；不能替代长期双向交换、负荷与修复验证。,M3-BASE、EXPR、CARE和BOUND提供用户自然互动通道；M5-EXCHANGE负责把两人的实际行为合成为交换结构。,无／按本规则指定的给予—请求—接收—反馈—重订路径路由。,近位、远位只修正该交换需求进入亲密关系核心的可能；不得据此判断具体伴侣现实中一定配合。,根气只修正用户交换需求和通道是否稳定重复，不等于双方已形成成熟互惠。,旺弱只修正通道调用强度、抢位或缺位风险，不直接等于交换公平或关系质量。,喜忌只修正调用顺畅度与摩擦，不可直接翻译为理想伴侣五行、十神或必然互补。,真合化成立时按化神功能重算用户交换需求；合化争议时停止细化交换通道。,近位提高该交换议题进入关系核心的可能；远位只保留背景或阶段性观察。,82,+12,exchange_evidence_level,提高XR可靠度。,提高XR可靠度。,不得仅凭本规则推出双方一定公平、相爱、忠诚、长期稳定或适合结婚；不得把付出多少直接等同爱多少；不得以命理要求单方牺牲、立即回报、原谅、复合或继续关系。现实安全、同意、持续行为、反例与双方协商优先。,中高,待验证,,scoring_reporting=true; provisional=true; rule_group=EXCHANGE-评分报告,0.4
M5-EXCHANGE-447,XV5压力证据加权,L10 评分、报告与校准,EXCHANGE-评分报告,通用,评分,XV5压力证据加权,,高成本、疲劳、疾病或责任压力下仍能协商负荷。,PR0安全门控未通过时停止普通评分。,由共享基础引擎、M3与M5-BASE提供；只修正用户怎样给予、请求、接收和回馈，不直接判断双方现实交换质量。,M2只说明进入关系所需资格证据；不能替代长期双向交换、负荷与修复验证。,M3-BASE、EXPR、CARE和BOUND提供用户自然互动通道；M5-EXCHANGE负责把两人的实际行为合成为交换结构。,无／按本规则指定的给予—请求—接收—反馈—重订路径路由。,近位、远位只修正该交换需求进入亲密关系核心的可能；不得据此判断具体伴侣现实中一定配合。,根气只修正用户交换需求和通道是否稳定重复，不等于双方已形成成熟互惠。,旺弱只修正通道调用强度、抢位或缺位风险，不直接等于交换公平或关系质量。,喜忌只修正调用顺畅度与摩擦，不可直接翻译为理想伴侣五行、十神或必然互补。,真合化成立时按化神功能重算用户交换需求；合化争议时停止细化交换通道。,近位提高该交换议题进入关系核心的可能；远位只保留背景或阶段性观察。,82,+14,stress_exchange_profile,提高压力交换候选。,提高压力交换候选。,不得仅凭本规则推出双方一定公平、相爱、忠诚、长期稳定或适合结婚；不得把付出多少直接等同爱多少；不得以命理要求单方牺牲、立即回报、原谅、复合或继续关系。现实安全、同意、持续行为、反例与双方协商优先。,中高,待验证,,scoring_reporting=true; provisional=true; rule_group=EXCHANGE-评分报告,0.4
M5-EXCHANGE-448,XV6修复重订证据加权,L10 评分、报告与校准,EXCHANGE-评分报告,通用,评分,XV6修复重订证据加权,,失衡后能接收反馈、重新分配并持续回访。,PR0安全门控未通过时停止普通评分。,由共享基础引擎、M3与M5-BASE提供；只修正用户怎样给予、请求、接收和回馈，不直接判断双方现实交换质量。,M2只说明进入关系所需资格证据；不能替代长期双向交换、负荷与修复验证。,M3-BASE、EXPR、CARE和BOUND提供用户自然互动通道；M5-EXCHANGE负责把两人的实际行为合成为交换结构。,无／按本规则指定的给予—请求—接收—反馈—重订路径路由。,近位、远位只修正该交换需求进入亲密关系核心的可能；不得据此判断具体伴侣现实中一定配合。,根气只修正用户交换需求和通道是否稳定重复，不等于双方已形成成熟互惠。,旺弱只修正通道调用强度、抢位或缺位风险，不直接等于交换公平或关系质量。,喜忌只修正调用顺畅度与摩擦，不可直接翻译为理想伴侣五行、十神或必然互补。,真合化成立时按化神功能重算用户交换需求；合化争议时停止细化交换通道。,近位提高该交换议题进入关系核心的可能；远位只保留背景或阶段性观察。,82,+16,repair_exchange,提高修复与重订候选。,提高修复与重订候选。,不得仅凭本规则推出双方一定公平、相爱、忠诚、长期稳定或适合结婚；不得把付出多少直接等同爱多少；不得以命理要求单方牺牲、立即回报、原谅、复合或继续关系。现实安全、同意、持续行为、反例与双方协商优先。,中高,待验证,,scoring_reporting=true; provisional=true; rule_group=EXCHANGE-评分报告,0.4
M5-EXCHANGE-449,XV7反例长期检验加权,L10 评分、报告与校准,EXCHANGE-评分报告,通用,评分,XV7反例长期检验加权,,复发、角色变化或规则不利时仍能调整。,PR0安全门控未通过时停止普通评分。,由共享基础引擎、M3与M5-BASE提供；只修正用户怎样给予、请求、接收和回馈，不直接判断双方现实交换质量。,M2只说明进入关系所需资格证据；不能替代长期双向交换、负荷与修复验证。,M3-BASE、EXPR、CARE和BOUND提供用户自然互动通道；M5-EXCHANGE负责把两人的实际行为合成为交换结构。,无／按本规则指定的给予—请求—接收—反馈—重订路径路由。,近位、远位只修正该交换需求进入亲密关系核心的可能；不得据此判断具体伴侣现实中一定配合。,根气只修正用户交换需求和通道是否稳定重复，不等于双方已形成成熟互惠。,旺弱只修正通道调用强度、抢位或缺位风险，不直接等于交换公平或关系质量。,喜忌只修正调用顺畅度与摩擦，不可直接翻译为理想伴侣五行、十神或必然互补。,真合化成立时按化神功能重算用户交换需求；合化争议时停止细化交换通道。,近位提高该交换议题进入关系核心的可能；远位只保留背景或阶段性观察。,82,+18,exchange_evidence_level,可进入SYNTH高现实证据候选。,可进入SYNTH高现实证据候选。,不得仅凭本规则推出双方一定公平、相爱、忠诚、长期稳定或适合结婚；不得把付出多少直接等同爱多少；不得以命理要求单方牺牲、立即回报、原谅、复合或继续关系。现实安全、同意、持续行为、反例与双方协商优先。,中高,待验证,,scoring_reporting=true; provisional=true; rule_group=EXCHANGE-评分报告,0.4
M5-EXCHANGE-450,ED02请求清晰加权,L10 评分、报告与校准,EXCHANGE-评分报告,通用,评分,ED02请求清晰加权,,双方至少一方能具体提出需要，另一方可回应或协商拒绝。,PR0安全门控未通过时停止普通评分。,由共享基础引擎、M3与M5-BASE提供；只修正用户怎样给予、请求、接收和回馈，不直接判断双方现实交换质量。,M2只说明进入关系所需资格证据；不能替代长期双向交换、负荷与修复验证。,M3-BASE、EXPR、CARE和BOUND提供用户自然互动通道；M5-EXCHANGE负责把两人的实际行为合成为交换结构。,无／按本规则指定的给予—请求—接收—反馈—重订路径路由。,近位、远位只修正该交换需求进入亲密关系核心的可能；不得据此判断具体伴侣现实中一定配合。,根气只修正用户交换需求和通道是否稳定重复，不等于双方已形成成熟互惠。,旺弱只修正通道调用强度、抢位或缺位风险，不直接等于交换公平或关系质量。,喜忌只修正调用顺畅度与摩擦，不可直接翻译为理想伴侣五行、十神或必然互补。,真合化成立时按化神功能重算用户交换需求；合化争议时停止细化交换通道。,近位提高该交换议题进入关系核心的可能；远位只保留背景或阶段性观察。,82,+8,request_style,请求是交换入口。,请求是交换入口。,不得仅凭本规则推出双方一定公平、相爱、忠诚、长期稳定或适合结婚；不得把付出多少直接等同爱多少；不得以命理要求单方牺牲、立即回报、原谅、复合或继续关系。现实安全、同意、持续行为、反例与双方协商优先。,中高,待验证,,scoring_reporting=true; provisional=true; rule_group=EXCHANGE-评分报告,0.4
M5-EXCHANGE-451,ED03接收能力加权,L10 评分、报告与校准,EXCHANGE-评分报告,通用,评分,ED03接收能力加权,,能接受支持并保留自主，不立即债务化或完全拒绝。,PR0安全门控未通过时停止普通评分。,由共享基础引擎、M3与M5-BASE提供；只修正用户怎样给予、请求、接收和回馈，不直接判断双方现实交换质量。,M2只说明进入关系所需资格证据；不能替代长期双向交换、负荷与修复验证。,M3-BASE、EXPR、CARE和BOUND提供用户自然互动通道；M5-EXCHANGE负责把两人的实际行为合成为交换结构。,无／按本规则指定的给予—请求—接收—反馈—重订路径路由。,近位、远位只修正该交换需求进入亲密关系核心的可能；不得据此判断具体伴侣现实中一定配合。,根气只修正用户交换需求和通道是否稳定重复，不等于双方已形成成熟互惠。,旺弱只修正通道调用强度、抢位或缺位风险，不直接等于交换公平或关系质量。,喜忌只修正调用顺畅度与摩擦，不可直接翻译为理想伴侣五行、十神或必然互补。,真合化成立时按化神功能重算用户交换需求；合化争议时停止细化交换通道。,近位提高该交换议题进入关系核心的可能；远位只保留背景或阶段性观察。,82,+8,receiving_style,给予与接收分别计证据。,给予与接收分别计证据。,不得仅凭本规则推出双方一定公平、相爱、忠诚、长期稳定或适合结婚；不得把付出多少直接等同爱多少；不得以命理要求单方牺牲、立即回报、原谅、复合或继续关系。现实安全、同意、持续行为、反例与双方协商优先。,中高,待验证,,scoring_reporting=true; provisional=true; rule_group=EXCHANGE-评分报告,0.4
M5-EXCHANGE-452,ED04回应命中加权,L10 评分、报告与校准,EXCHANGE-评分报告,通用,评分,ED04回应命中加权,,双方能确认回应是否符合原需要，并据此调整。,PR0安全门控未通过时停止普通评分。,由共享基础引擎、M3与M5-BASE提供；只修正用户怎样给予、请求、接收和回馈，不直接判断双方现实交换质量。,M2只说明进入关系所需资格证据；不能替代长期双向交换、负荷与修复验证。,M3-BASE、EXPR、CARE和BOUND提供用户自然互动通道；M5-EXCHANGE负责把两人的实际行为合成为交换结构。,无／按本规则指定的给予—请求—接收—反馈—重订路径路由。,近位、远位只修正该交换需求进入亲密关系核心的可能；不得据此判断具体伴侣现实中一定配合。,根气只修正用户交换需求和通道是否稳定重复，不等于双方已形成成熟互惠。,旺弱只修正通道调用强度、抢位或缺位风险，不直接等于交换公平或关系质量。,喜忌只修正调用顺畅度与摩擦，不可直接翻译为理想伴侣五行、十神或必然互补。,真合化成立时按化神功能重算用户交换需求；合化争议时停止细化交换通道。,近位提高该交换议题进入关系核心的可能；远位只保留背景或阶段性观察。,82,+10,feedback_loop,回应命中优先于投入量。,回应命中优先于投入量。,不得仅凭本规则推出双方一定公平、相爱、忠诚、长期稳定或适合结婚；不得把付出多少直接等同爱多少；不得以命理要求单方牺牲、立即回报、原谅、复合或继续关系。现实安全、同意、持续行为、反例与双方协商优先。,中高,待验证,,scoring_reporting=true; provisional=true; rule_group=EXCHANGE-评分报告,0.4
M5-EXCHANGE-453,ED05连续性加权,L10 评分、报告与校准,EXCHANGE-评分报告,通用,评分,ED05连续性加权,,同类行为重复，成本变化时仍能重订。,PR0安全门控未通过时停止普通评分。,由共享基础引擎、M3与M5-BASE提供；只修正用户怎样给予、请求、接收和回馈，不直接判断双方现实交换质量。,M2只说明进入关系所需资格证据；不能替代长期双向交换、负荷与修复验证。,M3-BASE、EXPR、CARE和BOUND提供用户自然互动通道；M5-EXCHANGE负责把两人的实际行为合成为交换结构。,无／按本规则指定的给予—请求—接收—反馈—重订路径路由。,近位、远位只修正该交换需求进入亲密关系核心的可能；不得据此判断具体伴侣现实中一定配合。,根气只修正用户交换需求和通道是否稳定重复，不等于双方已形成成熟互惠。,旺弱只修正通道调用强度、抢位或缺位风险，不直接等于交换公平或关系质量。,喜忌只修正调用顺畅度与摩擦，不可直接翻译为理想伴侣五行、十神或必然互补。,真合化成立时按化神功能重算用户交换需求；合化争议时停止细化交换通道。,近位提高该交换议题进入关系核心的可能；远位只保留背景或阶段性观察。,82,+10,investment_continuity,排除一次高光。,排除一次高光。,不得仅凭本规则推出双方一定公平、相爱、忠诚、长期稳定或适合结婚；不得把付出多少直接等同爱多少；不得以命理要求单方牺牲、立即回报、原谅、复合或继续关系。现实安全、同意、持续行为、反例与双方协商优先。,中高,待验证,,scoring_reporting=true; provisional=true; rule_group=EXCHANGE-评分报告,0.4
M5-EXCHANGE-454,ED06互惠时序加权,L10 评分、报告与校准,EXCHANGE-评分报告,通用,评分,ED06互惠时序加权,,同步、错峰或延迟的时间结构清楚并被双方接受。,PR0安全门控未通过时停止普通评分。,由共享基础引擎、M3与M5-BASE提供；只修正用户怎样给予、请求、接收和回馈，不直接判断双方现实交换质量。,M2只说明进入关系所需资格证据；不能替代长期双向交换、负荷与修复验证。,M3-BASE、EXPR、CARE和BOUND提供用户自然互动通道；M5-EXCHANGE负责把两人的实际行为合成为交换结构。,无／按本规则指定的给予—请求—接收—反馈—重订路径路由。,近位、远位只修正该交换需求进入亲密关系核心的可能；不得据此判断具体伴侣现实中一定配合。,根气只修正用户交换需求和通道是否稳定重复，不等于双方已形成成熟互惠。,旺弱只修正通道调用强度、抢位或缺位风险，不直接等于交换公平或关系质量。,喜忌只修正调用顺畅度与摩擦，不可直接翻译为理想伴侣五行、十神或必然互补。,真合化成立时按化神功能重算用户交换需求；合化争议时停止细化交换通道。,近位提高该交换议题进入关系核心的可能；远位只保留背景或阶段性观察。,82,+8,reciprocity_timing,不要求立即回报。,不要求立即回报。,不得仅凭本规则推出双方一定公平、相爱、忠诚、长期稳定或适合结婚；不得把付出多少直接等同爱多少；不得以命理要求单方牺牲、立即回报、原谅、复合或继续关系。现实安全、同意、持续行为、反例与双方协商优先。,中高,待验证,,scoring_reporting=true; provisional=true; rule_group=EXCHANGE-评分报告,0.4
M5-EXCHANGE-455,ED07负荷平衡加权,L10 评分、报告与校准,EXCHANGE-评分报告,通用,评分,ED07负荷平衡加权,,负荷被看见、可协商、可轮换或有休息权。,PR0安全门控未通过时停止普通评分。,由共享基础引擎、M3与M5-BASE提供；只修正用户怎样给予、请求、接收和回馈，不直接判断双方现实交换质量。,M2只说明进入关系所需资格证据；不能替代长期双向交换、负荷与修复验证。,M3-BASE、EXPR、CARE和BOUND提供用户自然互动通道；M5-EXCHANGE负责把两人的实际行为合成为交换结构。,无／按本规则指定的给予—请求—接收—反馈—重订路径路由。,近位、远位只修正该交换需求进入亲密关系核心的可能；不得据此判断具体伴侣现实中一定配合。,根气只修正用户交换需求和通道是否稳定重复，不等于双方已形成成熟互惠。,旺弱只修正通道调用强度、抢位或缺位风险，不直接等于交换公平或关系质量。,喜忌只修正调用顺畅度与摩擦，不可直接翻译为理想伴侣五行、十神或必然互补。,真合化成立时按化神功能重算用户交换需求；合化争议时停止细化交换通道。,近位提高该交换议题进入关系核心的可能；远位只保留背景或阶段性观察。,82,+12,load_balance,公平看可持续性。,公平看可持续性。,不得仅凭本规则推出双方一定公平、相爱、忠诚、长期稳定或适合结婚；不得把付出多少直接等同爱多少；不得以命理要求单方牺牲、立即回报、原谅、复合或继续关系。现实安全、同意、持续行为、反例与双方协商优先。,中高,待验证,,scoring_reporting=true; provisional=true; rule_group=EXCHANGE-评分报告,0.4
M5-EXCHANGE-456,ED08同意边界加权,L10 评分、报告与校准,EXCHANGE-评分报告,通用,评分,ED08同意边界加权,,帮助、资源、亲密和决定均保留同意与停止权。,PR0安全门控未通过时停止普通评分。,由共享基础引擎、M3与M5-BASE提供；只修正用户怎样给予、请求、接收和回馈，不直接判断双方现实交换质量。,M2只说明进入关系所需资格证据；不能替代长期双向交换、负荷与修复验证。,M3-BASE、EXPR、CARE和BOUND提供用户自然互动通道；M5-EXCHANGE负责把两人的实际行为合成为交换结构。,无／按本规则指定的给予—请求—接收—反馈—重订路径路由。,近位、远位只修正该交换需求进入亲密关系核心的可能；不得据此判断具体伴侣现实中一定配合。,根气只修正用户交换需求和通道是否稳定重复，不等于双方已形成成熟互惠。,旺弱只修正通道调用强度、抢位或缺位风险，不直接等于交换公平或关系质量。,喜忌只修正调用顺畅度与摩擦，不可直接翻译为理想伴侣五行、十神或必然互补。,真合化成立时按化神功能重算用户交换需求；合化争议时停止细化交换通道。,近位提高该交换议题进入关系核心的可能；远位只保留背景或阶段性观察。,82,+14,consent_boundary,PR0底线。,PR0底线。,不得仅凭本规则推出双方一定公平、相爱、忠诚、长期稳定或适合结婚；不得把付出多少直接等同爱多少；不得以命理要求单方牺牲、立即回报、原谅、复合或继续关系。现实安全、同意、持续行为、反例与双方协商优先。,中高,待验证,,scoring_reporting=true; provisional=true; rule_group=EXCHANGE-评分报告,0.4
M5-EXCHANGE-457,ED09重订能力加权,L10 评分、报告与校准,EXCHANGE-评分报告,通用,评分,ED09重订能力加权,,阶段变化时能调整分工、节奏、边界和责任。,PR0安全门控未通过时停止普通评分。,由共享基础引擎、M3与M5-BASE提供；只修正用户怎样给予、请求、接收和回馈，不直接判断双方现实交换质量。,M2只说明进入关系所需资格证据；不能替代长期双向交换、负荷与修复验证。,M3-BASE、EXPR、CARE和BOUND提供用户自然互动通道；M5-EXCHANGE负责把两人的实际行为合成为交换结构。,无／按本规则指定的给予—请求—接收—反馈—重订路径路由。,近位、远位只修正该交换需求进入亲密关系核心的可能；不得据此判断具体伴侣现实中一定配合。,根气只修正用户交换需求和通道是否稳定重复，不等于双方已形成成熟互惠。,旺弱只修正通道调用强度、抢位或缺位风险，不直接等于交换公平或关系质量。,喜忌只修正调用顺畅度与摩擦，不可直接翻译为理想伴侣五行、十神或必然互补。,真合化成立时按化神功能重算用户交换需求；合化争议时停止细化交换通道。,近位提高该交换议题进入关系核心的可能；远位只保留背景或阶段性观察。,82,+12,renegotiation_capacity,长期适配核心。,长期适配核心。,不得仅凭本规则推出双方一定公平、相爱、忠诚、长期稳定或适合结婚；不得把付出多少直接等同爱多少；不得以命理要求单方牺牲、立即回报、原谅、复合或继续关系。现实安全、同意、持续行为、反例与双方协商优先。,中高,待验证,,scoring_reporting=true; provisional=true; rule_group=EXCHANGE-评分报告,0.4
M5-EXCHANGE-458,ED10修复回流加权,L10 评分、报告与校准,EXCHANGE-评分报告,通用,评分,ED10修复回流加权,,交换失衡后完成影响、责任、调整、反馈和回访。,PR0安全门控未通过时停止普通评分。,由共享基础引擎、M3与M5-BASE提供；只修正用户怎样给予、请求、接收和回馈，不直接判断双方现实交换质量。,M2只说明进入关系所需资格证据；不能替代长期双向交换、负荷与修复验证。,M3-BASE、EXPR、CARE和BOUND提供用户自然互动通道；M5-EXCHANGE负责把两人的实际行为合成为交换结构。,无／按本规则指定的给予—请求—接收—反馈—重订路径路由。,近位、远位只修正该交换需求进入亲密关系核心的可能；不得据此判断具体伴侣现实中一定配合。,根气只修正用户交换需求和通道是否稳定重复，不等于双方已形成成熟互惠。,旺弱只修正通道调用强度、抢位或缺位风险，不直接等于交换公平或关系质量。,喜忌只修正调用顺畅度与摩擦，不可直接翻译为理想伴侣五行、十神或必然互补。,真合化成立时按化神功能重算用户交换需求；合化争议时停止细化交换通道。,近位提高该交换议题进入关系核心的可能；远位只保留背景或阶段性观察。,82,+14,repair_exchange,与RN07/RN08接口。,与RN07/RN08接口。,不得仅凭本规则推出双方一定公平、相爱、忠诚、长期稳定或适合结婚；不得把付出多少直接等同爱多少；不得以命理要求单方牺牲、立即回报、原谅、复合或继续关系。现实安全、同意、持续行为、反例与双方协商优先。,中高,待验证,,scoring_reporting=true; provisional=true; rule_group=EXCHANGE-评分报告,0.4
M5-EXCHANGE-459,EB伪互惠扣分,L10 评分、报告与校准,EXCHANGE-评分报告,通用,评分,EB伪互惠扣分,,任一EB成立且未被XV6—XV7排除。,PR0安全门控未通过时停止普通评分。,由共享基础引擎、M3与M5-BASE提供；只修正用户怎样给予、请求、接收和回馈，不直接判断双方现实交换质量。,M2只说明进入关系所需资格证据；不能替代长期双向交换、负荷与修复验证。,M3-BASE、EXPR、CARE和BOUND提供用户自然互动通道；M5-EXCHANGE负责把两人的实际行为合成为交换结构。,无／按本规则指定的给予—请求—接收—反馈—重订路径路由。,近位、远位只修正该交换需求进入亲密关系核心的可能；不得据此判断具体伴侣现实中一定配合。,根气只修正用户交换需求和通道是否稳定重复，不等于双方已形成成熟互惠。,旺弱只修正通道调用强度、抢位或缺位风险，不直接等于交换公平或关系质量。,喜忌只修正调用顺畅度与摩擦，不可直接翻译为理想伴侣五行、十神或必然互补。,真合化成立时按化神功能重算用户交换需求；合化争议时停止细化交换通道。,近位提高该交换议题进入关系核心的可能；远位只保留背景或阶段性观察。,82,-12,pseudo_reciprocity_warning,降低对应EC、EM或XR成熟结论。,降低对应EC、EM或XR成熟结论。,不得仅凭本规则推出双方一定公平、相爱、忠诚、长期稳定或适合结婚；不得把付出多少直接等同爱多少；不得以命理要求单方牺牲、立即回报、原谅、复合或继续关系。现实安全、同意、持续行为、反例与双方协商优先。,中高,待验证,,scoring_reporting=true; provisional=true; rule_group=EXCHANGE-评分报告,0.4
M5-EXCHANGE-460,现实强反例扣分,L10 评分、报告与校准,EXCHANGE-评分报告,通用,评分,现实强反例扣分,,跨领域或跨阶段多次反例。,PR0安全门控未通过时停止普通评分。,由共享基础引擎、M3与M5-BASE提供；只修正用户怎样给予、请求、接收和回馈，不直接判断双方现实交换质量。,M2只说明进入关系所需资格证据；不能替代长期双向交换、负荷与修复验证。,M3-BASE、EXPR、CARE和BOUND提供用户自然互动通道；M5-EXCHANGE负责把两人的实际行为合成为交换结构。,无／按本规则指定的给予—请求—接收—反馈—重订路径路由。,近位、远位只修正该交换需求进入亲密关系核心的可能；不得据此判断具体伴侣现实中一定配合。,根气只修正用户交换需求和通道是否稳定重复，不等于双方已形成成熟互惠。,旺弱只修正通道调用强度、抢位或缺位风险，不直接等于交换公平或关系质量。,喜忌只修正调用顺畅度与摩擦，不可直接翻译为理想伴侣五行、十神或必然互补。,真合化成立时按化神功能重算用户交换需求；合化争议时停止细化交换通道。,近位提高该交换议题进入关系核心的可能；远位只保留背景或阶段性观察。,82,-20至停止,counterevidence,直接降级或停止。,直接降级或停止。,不得仅凭本规则推出双方一定公平、相爱、忠诚、长期稳定或适合结婚；不得把付出多少直接等同爱多少；不得以命理要求单方牺牲、立即回报、原谅、复合或继续关系。现实安全、同意、持续行为、反例与双方协商优先。,中高,待验证,,scoring_reporting=true; provisional=true; rule_group=EXCHANGE-评分报告,0.4
M5-EXCHANGE-461,同一event_id基础分封顶,L10 评分、报告与校准,EXCHANGE-评分报告,通用,去重,同一event_id基础分封顶,,一个事件支持多个ED/XD/EP。,PR0安全门控未通过时停止普通评分。,由共享基础引擎、M3与M5-BASE提供；只修正用户怎样给予、请求、接收和回馈，不直接判断双方现实交换质量。,M2只说明进入关系所需资格证据；不能替代长期双向交换、负荷与修复验证。,M3-BASE、EXPR、CARE和BOUND提供用户自然互动通道；M5-EXCHANGE负责把两人的实际行为合成为交换结构。,无／按本规则指定的给予—请求—接收—反馈—重订路径路由。,近位、远位只修正该交换需求进入亲密关系核心的可能；不得据此判断具体伴侣现实中一定配合。,根气只修正用户交换需求和通道是否稳定重复，不等于双方已形成成熟互惠。,旺弱只修正通道调用强度、抢位或缺位风险，不直接等于交换公平或关系质量。,喜忌只修正调用顺畅度与摩擦，不可直接翻译为理想伴侣五行、十神或必然互补。,真合化成立时按化神功能重算用户交换需求；合化争议时停止细化交换通道。,近位提高该交换议题进入关系核心的可能；远位只保留背景或阶段性观察。,98,封顶一次,provenance,基础事件分只计一次。,基础事件分只计一次。,不得仅凭本规则推出双方一定公平、相爱、忠诚、长期稳定或适合结婚；不得把付出多少直接等同爱多少；不得以命理要求单方牺牲、立即回报、原谅、复合或继续关系。现实安全、同意、持续行为、反例与双方协商优先。,高,待验证,,scoring_reporting=true; provisional=true; rule_group=EXCHANGE-评分报告,0.4
M5-EXCHANGE-462,同一source_id基础分封顶,L10 评分、报告与校准,EXCHANGE-评分报告,通用,去重,同一source_id基础分封顶,,一个命盘事实被多个模块读取。,PR0安全门控未通过时停止普通评分。,由共享基础引擎、M3与M5-BASE提供；只修正用户怎样给予、请求、接收和回馈，不直接判断双方现实交换质量。,M2只说明进入关系所需资格证据；不能替代长期双向交换、负荷与修复验证。,M3-BASE、EXPR、CARE和BOUND提供用户自然互动通道；M5-EXCHANGE负责把两人的实际行为合成为交换结构。,无／按本规则指定的给予—请求—接收—反馈—重订路径路由。,近位、远位只修正该交换需求进入亲密关系核心的可能；不得据此判断具体伴侣现实中一定配合。,根气只修正用户交换需求和通道是否稳定重复，不等于双方已形成成熟互惠。,旺弱只修正通道调用强度、抢位或缺位风险，不直接等于交换公平或关系质量。,喜忌只修正调用顺畅度与摩擦，不可直接翻译为理想伴侣五行、十神或必然互补。,真合化成立时按化神功能重算用户交换需求；合化争议时停止细化交换通道。,近位提高该交换议题进入关系核心的可能；远位只保留背景或阶段性观察。,98,封顶一次,provenance,基础结构权重只计一次。,基础结构权重只计一次。,不得仅凭本规则推出双方一定公平、相爱、忠诚、长期稳定或适合结婚；不得把付出多少直接等同爱多少；不得以命理要求单方牺牲、立即回报、原谅、复合或继续关系。现实安全、同意、持续行为、反例与双方协商优先。,高,待验证,,scoring_reporting=true; provisional=true; rule_group=EXCHANGE-评分报告,0.4
M5-EXCHANGE-463,跨领域覆盖门槛,L10 评分、报告与校准,EXCHANGE-评分报告,通用,评分,跨领域覆盖门槛,,至少两个XD领域有独立事件。,PR0安全门控未通过时停止普通评分。,由共享基础引擎、M3与M5-BASE提供；只修正用户怎样给予、请求、接收和回馈，不直接判断双方现实交换质量。,M2只说明进入关系所需资格证据；不能替代长期双向交换、负荷与修复验证。,M3-BASE、EXPR、CARE和BOUND提供用户自然互动通道；M5-EXCHANGE负责把两人的实际行为合成为交换结构。,无／按本规则指定的给予—请求—接收—反馈—重订路径路由。,近位、远位只修正该交换需求进入亲密关系核心的可能；不得据此判断具体伴侣现实中一定配合。,根气只修正用户交换需求和通道是否稳定重复，不等于双方已形成成熟互惠。,旺弱只修正通道调用强度、抢位或缺位风险，不直接等于交换公平或关系质量。,喜忌只修正调用顺畅度与摩擦，不可直接翻译为理想伴侣五行、十神或必然互补。,真合化成立时按化神功能重算用户交换需求；合化争议时停止细化交换通道。,近位提高该交换议题进入关系核心的可能；远位只保留背景或阶段性观察。,82,+10,exchange_domains,才能写整体交换候选。,才能写整体交换候选。,不得仅凭本规则推出双方一定公平、相爱、忠诚、长期稳定或适合结婚；不得把付出多少直接等同爱多少；不得以命理要求单方牺牲、立即回报、原谅、复合或继续关系。现实安全、同意、持续行为、反例与双方协商优先。,中高,待验证,,scoring_reporting=true; provisional=true; rule_group=EXCHANGE-评分报告,0.4
M5-EXCHANGE-464,情绪与现实领域不能自动互抵,L10 评分、报告与校准,EXCHANGE-评分报告,通用,边界,情绪与现实领域不能自动互抵,,XD01/XD02与XD04/XD05/XD06之间出现明显差异。,PR0安全门控未通过时停止普通评分。,由共享基础引擎、M3与M5-BASE提供；只修正用户怎样给予、请求、接收和回馈，不直接判断双方现实交换质量。,M2只说明进入关系所需资格证据；不能替代长期双向交换、负荷与修复验证。,M3-BASE、EXPR、CARE和BOUND提供用户自然互动通道；M5-EXCHANGE负责把两人的实际行为合成为交换结构。,无／按本规则指定的给予—请求—接收—反馈—重订路径路由。,近位、远位只修正该交换需求进入亲密关系核心的可能；不得据此判断具体伴侣现实中一定配合。,根气只修正用户交换需求和通道是否稳定重复，不等于双方已形成成熟互惠。,旺弱只修正通道调用强度、抢位或缺位风险，不直接等于交换公平或关系质量。,喜忌只修正调用顺畅度与摩擦，不可直接翻译为理想伴侣五行、十神或必然互补。,真合化成立时按化神功能重算用户交换需求；合化争议时停止细化交换通道。,近位提高该交换议题进入关系核心的可能；远位只保留背景或阶段性观察。,98,不加分,pseudo_reciprocity_warning,分别报告，除非双方明确接受替代。,分别报告，除非双方明确接受替代。,不得仅凭本规则推出双方一定公平、相爱、忠诚、长期稳定或适合结婚；不得把付出多少直接等同爱多少；不得以命理要求单方牺牲、立即回报、原谅、复合或继续关系。现实安全、同意、持续行为、反例与双方协商优先。,高,待验证,,scoring_reporting=true; provisional=true; rule_group=EXCHANGE-评分报告,0.4
M5-EXCHANGE-465,角色分工可重订门槛,L10 评分、报告与校准,EXCHANGE-评分报告,通用,评分,角色分工可重订门槛,,EM03/XR02候选需明确退出、轮换、复核和共同决定。,PR0安全门控未通过时停止普通评分。,由共享基础引擎、M3与M5-BASE提供；只修正用户怎样给予、请求、接收和回馈，不直接判断双方现实交换质量。,M2只说明进入关系所需资格证据；不能替代长期双向交换、负荷与修复验证。,M3-BASE、EXPR、CARE和BOUND提供用户自然互动通道；M5-EXCHANGE负责把两人的实际行为合成为交换结构。,无／按本规则指定的给予—请求—接收—反馈—重订路径路由。,近位、远位只修正该交换需求进入亲密关系核心的可能；不得据此判断具体伴侣现实中一定配合。,根气只修正用户交换需求和通道是否稳定重复，不等于双方已形成成熟互惠。,旺弱只修正通道调用强度、抢位或缺位风险，不直接等于交换公平或关系质量。,喜忌只修正调用顺畅度与摩擦，不可直接翻译为理想伴侣五行、十神或必然互补。,真合化成立时按化神功能重算用户交换需求；合化争议时停止细化交换通道。,近位提高该交换议题进入关系核心的可能；远位只保留背景或阶段性观察。,82,+10,load_balance,固定权力关系不得发布成熟分工。,固定权力关系不得发布成熟分工。,不得仅凭本规则推出双方一定公平、相爱、忠诚、长期稳定或适合结婚；不得把付出多少直接等同爱多少；不得以命理要求单方牺牲、立即回报、原谅、复合或继续关系。现实安全、同意、持续行为、反例与双方协商优先。,中高,待验证,,scoring_reporting=true; provisional=true; rule_group=EXCHANGE-评分报告,0.4
M5-EXCHANGE-466,错峰回流门槛,L10 评分、报告与校准,EXCHANGE-评分报告,通用,评分,错峰回流门槛,,EM02/XR03候选需明确时点、领域或事件回流。,PR0安全门控未通过时停止普通评分。,由共享基础引擎、M3与M5-BASE提供；只修正用户怎样给予、请求、接收和回馈，不直接判断双方现实交换质量。,M2只说明进入关系所需资格证据；不能替代长期双向交换、负荷与修复验证。,M3-BASE、EXPR、CARE和BOUND提供用户自然互动通道；M5-EXCHANGE负责把两人的实际行为合成为交换结构。,无／按本规则指定的给予—请求—接收—反馈—重订路径路由。,近位、远位只修正该交换需求进入亲密关系核心的可能；不得据此判断具体伴侣现实中一定配合。,根气只修正用户交换需求和通道是否稳定重复，不等于双方已形成成熟互惠。,旺弱只修正通道调用强度、抢位或缺位风险，不直接等于交换公平或关系质量。,喜忌只修正调用顺畅度与摩擦，不可直接翻译为理想伴侣五行、十神或必然互补。,真合化成立时按化神功能重算用户交换需求；合化争议时停止细化交换通道。,近位提高该交换议题进入关系核心的可能；远位只保留背景或阶段性观察。,82,+10,reciprocity_timing,没有回流点则降为XR05或XR07候选。,没有回流点则降为XR05或XR07候选。,不得仅凭本规则推出双方一定公平、相爱、忠诚、长期稳定或适合结婚；不得把付出多少直接等同爱多少；不得以命理要求单方牺牲、立即回报、原谅、复合或继续关系。现实安全、同意、持续行为、反例与双方协商优先。,中高,待验证,,scoring_reporting=true; provisional=true; rule_group=EXCHANGE-评分报告,0.4
M5-EXCHANGE-467,EP完整路径门槛,L10 评分、报告与校准,EXCHANGE-评分报告,通用,评分,EP完整路径门槛,,EP至少三个节点独立成立，且有回流或调整。,PR0安全门控未通过时停止普通评分。,由共享基础引擎、M3与M5-BASE提供；只修正用户怎样给予、请求、接收和回馈，不直接判断双方现实交换质量。,M2只说明进入关系所需资格证据；不能替代长期双向交换、负荷与修复验证。,M3-BASE、EXPR、CARE和BOUND提供用户自然互动通道；M5-EXCHANGE负责把两人的实际行为合成为交换结构。,无／按本规则指定的给予—请求—接收—反馈—重订路径路由。,近位、远位只修正该交换需求进入亲密关系核心的可能；不得据此判断具体伴侣现实中一定配合。,根气只修正用户交换需求和通道是否稳定重复，不等于双方已形成成熟互惠。,旺弱只修正通道调用强度、抢位或缺位风险，不直接等于交换公平或关系质量。,喜忌只修正调用顺畅度与摩擦，不可直接翻译为理想伴侣五行、十神或必然互补。,真合化成立时按化神功能重算用户交换需求；合化争议时停止细化交换通道。,近位提高该交换议题进入关系核心的可能；远位只保留背景或阶段性观察。,82,+12,exchange_path_status,第一步完成不算闭环。,第一步完成不算闭环。,不得仅凭本规则推出双方一定公平、相爱、忠诚、长期稳定或适合结婚；不得把付出多少直接等同爱多少；不得以命理要求单方牺牲、立即回报、原谅、复合或继续关系。现实安全、同意、持续行为、反例与双方协商优先。,中高,待验证,,scoring_reporting=true; provisional=true; rule_group=EXCHANGE-评分报告,0.4
M5-EXCHANGE-468,EP断链风险,L10 评分、报告与校准,EXCHANGE-评分报告,通用,评分,EP断链风险,,请求、回应、确认、调整中的必要节点长期缺失。,PR0安全门控未通过时停止普通评分。,由共享基础引擎、M3与M5-BASE提供；只修正用户怎样给予、请求、接收和回馈，不直接判断双方现实交换质量。,M2只说明进入关系所需资格证据；不能替代长期双向交换、负荷与修复验证。,M3-BASE、EXPR、CARE和BOUND提供用户自然互动通道；M5-EXCHANGE负责把两人的实际行为合成为交换结构。,无／按本规则指定的给予—请求—接收—反馈—重订路径路由。,近位、远位只修正该交换需求进入亲密关系核心的可能；不得据此判断具体伴侣现实中一定配合。,根气只修正用户交换需求和通道是否稳定重复，不等于双方已形成成熟互惠。,旺弱只修正通道调用强度、抢位或缺位风险，不直接等于交换公平或关系质量。,喜忌只修正调用顺畅度与摩擦，不可直接翻译为理想伴侣五行、十神或必然互补。,真合化成立时按化神功能重算用户交换需求；合化争议时停止细化交换通道。,近位提高该交换议题进入关系核心的可能；远位只保留背景或阶段性观察。,82,风险 +12,exchange_path_status,路由M4 K06/K08或对应EB。,路由M4 K06/K08或对应EB。,不得仅凭本规则推出双方一定公平、相爱、忠诚、长期稳定或适合结婚；不得把付出多少直接等同爱多少；不得以命理要求单方牺牲、立即回报、原谅、复合或继续关系。现实安全、同意、持续行为、反例与双方协商优先。,中高,待验证,,scoring_reporting=true; provisional=true; rule_group=EXCHANGE-评分报告,0.4
M5-EXCHANGE-469,M5-PARTNER个体能力加权,L10 评分、报告与校准,EXCHANGE-评分报告,通用,接口,M5-PARTNER个体能力加权,,PS01/PS02且PV4以上，但仍需双方交换事件。,PR0安全门控未通过时停止普通评分。,由共享基础引擎、M3与M5-BASE提供；只修正用户怎样给予、请求、接收和回馈，不直接判断双方现实交换质量。,M2只说明进入关系所需资格证据；不能替代长期双向交换、负荷与修复验证。,M3-BASE、EXPR、CARE和BOUND提供用户自然互动通道；M5-EXCHANGE负责把两人的实际行为合成为交换结构。,无／按本规则指定的给予—请求—接收—反馈—重订路径路由。,近位、远位只修正该交换需求进入亲密关系核心的可能；不得据此判断具体伴侣现实中一定配合。,根气只修正用户交换需求和通道是否稳定重复，不等于双方已形成成熟互惠。,旺弱只修正通道调用强度、抢位或缺位风险，不直接等于交换公平或关系质量。,喜忌只修正调用顺畅度与摩擦，不可直接翻译为理想伴侣五行、十神或必然互补。,真合化成立时按化神功能重算用户交换需求；合化争议时停止细化交换通道。,近位提高该交换议题进入关系核心的可能；远位只保留背景或阶段性观察。,82,+6,partner_exchange_interface,只提供前置支持，不直接建立XR01。,只提供前置支持，不直接建立XR01。,不得仅凭本规则推出双方一定公平、相爱、忠诚、长期稳定或适合结婚；不得把付出多少直接等同爱多少；不得以命理要求单方牺牲、立即回报、原谅、复合或继续关系。现实安全、同意、持续行为、反例与双方协商优先。,中高,待验证,,scoring_reporting=true; provisional=true; rule_group=EXCHANGE-评分报告,0.4
M5-EXCHANGE-470,M3-CARE一致性加权,L10 评分、报告与校准,EXCHANGE-评分报告,通用,接口,M3-CARE一致性加权,,用户真实给予、请求和接收方式与EC候选一致。,PR0安全门控未通过时停止普通评分。,由共享基础引擎、M3与M5-BASE提供；只修正用户怎样给予、请求、接收和回馈，不直接判断双方现实交换质量。,M2只说明进入关系所需资格证据；不能替代长期双向交换、负荷与修复验证。,M3-BASE、EXPR、CARE和BOUND提供用户自然互动通道；M5-EXCHANGE负责把两人的实际行为合成为交换结构。,无／按本规则指定的给予—请求—接收—反馈—重订路径路由。,近位、远位只修正该交换需求进入亲密关系核心的可能；不得据此判断具体伴侣现实中一定配合。,根气只修正用户交换需求和通道是否稳定重复，不等于双方已形成成熟互惠。,旺弱只修正通道调用强度、抢位或缺位风险，不直接等于交换公平或关系质量。,喜忌只修正调用顺畅度与摩擦，不可直接翻译为理想伴侣五行、十神或必然互补。,真合化成立时按化神功能重算用户交换需求；合化争议时停止细化交换通道。,近位提高该交换议题进入关系核心的可能；远位只保留背景或阶段性观察。,82,+6,care_exchange_interface,提高用户侧可执行性。,提高用户侧可执行性。,不得仅凭本规则推出双方一定公平、相爱、忠诚、长期稳定或适合结婚；不得把付出多少直接等同爱多少；不得以命理要求单方牺牲、立即回报、原谅、复合或继续关系。现实安全、同意、持续行为、反例与双方协商优先。,中高,待验证,,scoring_reporting=true; provisional=true; rule_group=EXCHANGE-评分报告,0.4
M5-EXCHANGE-471,M4保护因素现实有效加权,L10 评分、报告与校准,EXCHANGE-评分报告,通用,接口,M4保护因素现实有效加权,,BF达到BL5以上并改变同一交换风险链。,PR0安全门控未通过时停止普通评分。,由共享基础引擎、M3与M5-BASE提供；只修正用户怎样给予、请求、接收和回馈，不直接判断双方现实交换质量。,M2只说明进入关系所需资格证据；不能替代长期双向交换、负荷与修复验证。,M3-BASE、EXPR、CARE和BOUND提供用户自然互动通道；M5-EXCHANGE负责把两人的实际行为合成为交换结构。,无／按本规则指定的给予—请求—接收—反馈—重订路径路由。,近位、远位只修正该交换需求进入亲密关系核心的可能；不得据此判断具体伴侣现实中一定配合。,根气只修正用户交换需求和通道是否稳定重复，不等于双方已形成成熟互惠。,旺弱只修正通道调用强度、抢位或缺位风险，不直接等于交换公平或关系质量。,喜忌只修正调用顺畅度与摩擦，不可直接翻译为理想伴侣五行、十神或必然互补。,真合化成立时按化神功能重算用户交换需求；合化争议时停止细化交换通道。,近位提高该交换议题进入关系核心的可能；远位只保留背景或阶段性观察。,82,+8,buffer_exchange_relation,保护不删除历史风险。,保护不删除历史风险。,不得仅凭本规则推出双方一定公平、相爱、忠诚、长期稳定或适合结婚；不得把付出多少直接等同爱多少；不得以命理要求单方牺牲、立即回报、原谅、复合或继续关系。现实安全、同意、持续行为、反例与双方协商优先。,中高,待验证,,scoring_reporting=true; provisional=true; rule_group=EXCHANGE-评分报告,0.4
M5-EXCHANGE-472,安全门控,L10 评分、报告与校准,EXCHANGE-评分报告,通用,停止,安全门控,,存在暴力、威胁、强迫、经济控制、跟踪或反复越界。,无,由共享基础引擎、M3与M5-BASE提供；只修正用户怎样给予、请求、接收和回馈，不直接判断双方现实交换质量。,M2只说明进入关系所需资格证据；不能替代长期双向交换、负荷与修复验证。,M3-BASE、EXPR、CARE和BOUND提供用户自然互动通道；M5-EXCHANGE负责把两人的实际行为合成为交换结构。,无／按本规则指定的给予—请求—接收—反馈—重订路径路由。,近位、远位只修正该交换需求进入亲密关系核心的可能；不得据此判断具体伴侣现实中一定配合。,根气只修正用户交换需求和通道是否稳定重复，不等于双方已形成成熟互惠。,旺弱只修正通道调用强度、抢位或缺位风险，不直接等于交换公平或关系质量。,喜忌只修正调用顺畅度与摩擦，不可直接翻译为理想伴侣五行、十神或必然互补。,真合化成立时按化神功能重算用户交换需求；合化争议时停止细化交换通道。,近位提高该交换议题进入关系核心的可能；远位只保留背景或阶段性观察。,98,停止,report_status,停止普通互惠与互补分析。,停止普通互惠与互补分析。,不得仅凭本规则推出双方一定公平、相爱、忠诚、长期稳定或适合结婚；不得把付出多少直接等同爱多少；不得以命理要求单方牺牲、立即回报、原谅、复合或继续关系。现实安全、同意、持续行为、反例与双方协商优先。,高,待验证,,scoring_reporting=true; provisional=true; rule_group=EXCHANGE-评分报告,0.4
M5-EXCHANGE-473,报告第一段｜主交换通道,L10 评分、报告与校准,EXCHANGE-评分报告,通用,输出,报告第一段｜主交换通道,,主EC完成。,PR0安全门控未通过时停止普通评分。,由共享基础引擎、M3与M5-BASE提供；只修正用户怎样给予、请求、接收和回馈，不直接判断双方现实交换质量。,M2只说明进入关系所需资格证据；不能替代长期双向交换、负荷与修复验证。,M3-BASE、EXPR、CARE和BOUND提供用户自然互动通道；M5-EXCHANGE负责把两人的实际行为合成为交换结构。,无／按本规则指定的给予—请求—接收—反馈—重订路径路由。,近位、远位只修正该交换需求进入亲密关系核心的可能；不得据此判断具体伴侣现实中一定配合。,根气只修正用户交换需求和通道是否稳定重复，不等于双方已形成成熟互惠。,旺弱只修正通道调用强度、抢位或缺位风险，不直接等于交换公平或关系质量。,喜忌只修正调用顺畅度与摩擦，不可直接翻译为理想伴侣五行、十神或必然互补。,真合化成立时按化神功能重算用户交换需求；合化争议时停止细化交换通道。,近位提高该交换议题进入关系核心的可能；远位只保留背景或阶段性观察。,82,不加分,report_text,说明双方怎样给予、请求、接收和回馈。,说明双方怎样给予、请求、接收和回馈。,不得仅凭本规则推出双方一定公平、相爱、忠诚、长期稳定或适合结婚；不得把付出多少直接等同爱多少；不得以命理要求单方牺牲、立即回报、原谅、复合或继续关系。现实安全、同意、持续行为、反例与双方协商优先。,中高,待验证,,scoring_reporting=true; provisional=true; rule_group=EXCHANGE-评分报告,0.4
M5-EXCHANGE-474,报告第二段｜交换模式与时序,L10 评分、报告与校准,EXCHANGE-评分报告,通用,输出,报告第二段｜交换模式与时序,,EM与ED06完成。,PR0安全门控未通过时停止普通评分。,由共享基础引擎、M3与M5-BASE提供；只修正用户怎样给予、请求、接收和回馈，不直接判断双方现实交换质量。,M2只说明进入关系所需资格证据；不能替代长期双向交换、负荷与修复验证。,M3-BASE、EXPR、CARE和BOUND提供用户自然互动通道；M5-EXCHANGE负责把两人的实际行为合成为交换结构。,无／按本规则指定的给予—请求—接收—反馈—重订路径路由。,近位、远位只修正该交换需求进入亲密关系核心的可能；不得据此判断具体伴侣现实中一定配合。,根气只修正用户交换需求和通道是否稳定重复，不等于双方已形成成熟互惠。,旺弱只修正通道调用强度、抢位或缺位风险，不直接等于交换公平或关系质量。,喜忌只修正调用顺畅度与摩擦，不可直接翻译为理想伴侣五行、十神或必然互补。,真合化成立时按化神功能重算用户交换需求；合化争议时停止细化交换通道。,近位提高该交换议题进入关系核心的可能；远位只保留背景或阶段性观察。,82,不加分,report_text,说明同步、错峰、分工或接力。,说明同步、错峰、分工或接力。,不得仅凭本规则推出双方一定公平、相爱、忠诚、长期稳定或适合结婚；不得把付出多少直接等同爱多少；不得以命理要求单方牺牲、立即回报、原谅、复合或继续关系。现实安全、同意、持续行为、反例与双方协商优先。,中高,待验证,,scoring_reporting=true; provisional=true; rule_group=EXCHANGE-评分报告,0.4
M5-EXCHANGE-475,报告第三段｜负荷与边界,L10 评分、报告与校准,EXCHANGE-评分报告,通用,输出,报告第三段｜负荷与边界,,ED07、ED08、ED09完成。,PR0安全门控未通过时停止普通评分。,由共享基础引擎、M3与M5-BASE提供；只修正用户怎样给予、请求、接收和回馈，不直接判断双方现实交换质量。,M2只说明进入关系所需资格证据；不能替代长期双向交换、负荷与修复验证。,M3-BASE、EXPR、CARE和BOUND提供用户自然互动通道；M5-EXCHANGE负责把两人的实际行为合成为交换结构。,无／按本规则指定的给予—请求—接收—反馈—重订路径路由。,近位、远位只修正该交换需求进入亲密关系核心的可能；不得据此判断具体伴侣现实中一定配合。,根气只修正用户交换需求和通道是否稳定重复，不等于双方已形成成熟互惠。,旺弱只修正通道调用强度、抢位或缺位风险，不直接等于交换公平或关系质量。,喜忌只修正调用顺畅度与摩擦，不可直接翻译为理想伴侣五行、十神或必然互补。,真合化成立时按化神功能重算用户交换需求；合化争议时停止细化交换通道。,近位提高该交换议题进入关系核心的可能；远位只保留背景或阶段性观察。,82,不加分,report_text,说明负荷是否可持续、边界是否可重订。,说明负荷是否可持续、边界是否可重订。,不得仅凭本规则推出双方一定公平、相爱、忠诚、长期稳定或适合结婚；不得把付出多少直接等同爱多少；不得以命理要求单方牺牲、立即回报、原谅、复合或继续关系。现实安全、同意、持续行为、反例与双方协商优先。,中高,待验证,,scoring_reporting=true; provisional=true; rule_group=EXCHANGE-评分报告,0.4
M5-EXCHANGE-476,报告第四段｜风险与修复,L10 评分、报告与校准,EXCHANGE-评分报告,通用,输出,报告第四段｜风险与修复,,EB、EP、ED10完成。,PR0安全门控未通过时停止普通评分。,由共享基础引擎、M3与M5-BASE提供；只修正用户怎样给予、请求、接收和回馈，不直接判断双方现实交换质量。,M2只说明进入关系所需资格证据；不能替代长期双向交换、负荷与修复验证。,M3-BASE、EXPR、CARE和BOUND提供用户自然互动通道；M5-EXCHANGE负责把两人的实际行为合成为交换结构。,无／按本规则指定的给予—请求—接收—反馈—重订路径路由。,近位、远位只修正该交换需求进入亲密关系核心的可能；不得据此判断具体伴侣现实中一定配合。,根气只修正用户交换需求和通道是否稳定重复，不等于双方已形成成熟互惠。,旺弱只修正通道调用强度、抢位或缺位风险，不直接等于交换公平或关系质量。,喜忌只修正调用顺畅度与摩擦，不可直接翻译为理想伴侣五行、十神或必然互补。,真合化成立时按化神功能重算用户交换需求；合化争议时停止细化交换通道。,近位提高该交换议题进入关系核心的可能；远位只保留背景或阶段性观察。,82,不加分,report_text,说明伪互惠、断链和修复重点。,说明伪互惠、断链和修复重点。,不得仅凭本规则推出双方一定公平、相爱、忠诚、长期稳定或适合结婚；不得把付出多少直接等同爱多少；不得以命理要求单方牺牲、立即回报、原谅、复合或继续关系。现实安全、同意、持续行为、反例与双方协商优先。,中高,待验证,,scoring_reporting=true; provisional=true; rule_group=EXCHANGE-评分报告,0.4
M5-EXCHANGE-477,报告第五段｜证据上限,L10 评分、报告与校准,EXCHANGE-评分报告,通用,输出,报告第五段｜证据上限,,XV完成。,PR0安全门控未通过时停止普通评分。,由共享基础引擎、M3与M5-BASE提供；只修正用户怎样给予、请求、接收和回馈，不直接判断双方现实交换质量。,M2只说明进入关系所需资格证据；不能替代长期双向交换、负荷与修复验证。,M3-BASE、EXPR、CARE和BOUND提供用户自然互动通道；M5-EXCHANGE负责把两人的实际行为合成为交换结构。,无／按本规则指定的给予—请求—接收—反馈—重订路径路由。,近位、远位只修正该交换需求进入亲密关系核心的可能；不得据此判断具体伴侣现实中一定配合。,根气只修正用户交换需求和通道是否稳定重复，不等于双方已形成成熟互惠。,旺弱只修正通道调用强度、抢位或缺位风险，不直接等于交换公平或关系质量。,喜忌只修正调用顺畅度与摩擦，不可直接翻译为理想伴侣五行、十神或必然互补。,真合化成立时按化神功能重算用户交换需求；合化争议时停止细化交换通道。,近位提高该交换议题进入关系核心的可能；远位只保留背景或阶段性观察。,82,不加分,report_text,明确目前能说什么、不能说什么。,明确目前能说什么、不能说什么。,不得仅凭本规则推出双方一定公平、相爱、忠诚、长期稳定或适合结婚；不得把付出多少直接等同爱多少；不得以命理要求单方牺牲、立即回报、原谅、复合或继续关系。现实安全、同意、持续行为、反例与双方协商优先。,中高,待验证,,scoring_reporting=true; provisional=true; rule_group=EXCHANGE-评分报告,0.4
M5-EXCHANGE-478,正文密度限制,L10 评分、报告与校准,EXCHANGE-评分报告,通用,边界,正文密度限制,,生成用户正文。,PR0安全门控未通过时停止普通评分。,由共享基础引擎、M3与M5-BASE提供；只修正用户怎样给予、请求、接收和回馈，不直接判断双方现实交换质量。,M2只说明进入关系所需资格证据；不能替代长期双向交换、负荷与修复验证。,M3-BASE、EXPR、CARE和BOUND提供用户自然互动通道；M5-EXCHANGE负责把两人的实际行为合成为交换结构。,无／按本规则指定的给予—请求—接收—反馈—重订路径路由。,近位、远位只修正该交换需求进入亲密关系核心的可能；不得据此判断具体伴侣现实中一定配合。,根气只修正用户交换需求和通道是否稳定重复，不等于双方已形成成熟互惠。,旺弱只修正通道调用强度、抢位或缺位风险，不直接等于交换公平或关系质量。,喜忌只修正调用顺畅度与摩擦，不可直接翻译为理想伴侣五行、十神或必然互补。,真合化成立时按化神功能重算用户交换需求；合化争议时停止细化交换通道。,近位提高该交换议题进入关系核心的可能；远位只保留背景或阶段性观察。,98,不加分,report_text,最多一主一次、一种EM、一个XR、一个风险和一个观察重点。,最多一主一次、一种EM、一个XR、一个风险和一个观察重点。,不得仅凭本规则推出双方一定公平、相爱、忠诚、长期稳定或适合结婚；不得把付出多少直接等同爱多少；不得以命理要求单方牺牲、立即回报、原谅、复合或继续关系。现实安全、同意、持续行为、反例与双方协商优先。,高,待验证,,scoring_reporting=true; provisional=true; rule_group=EXCHANGE-评分报告,0.4
M5-EXCHANGE-479,案例冻结预测,L10 评分、报告与校准,EXCHANGE-评分报告,通用,校准,案例冻结预测,,收集关系反馈前记录EC、EM、XR、XV和EB预测。,PR0安全门控未通过时停止普通评分。,由共享基础引擎、M3与M5-BASE提供；只修正用户怎样给予、请求、接收和回馈，不直接判断双方现实交换质量。,M2只说明进入关系所需资格证据；不能替代长期双向交换、负荷与修复验证。,M3-BASE、EXPR、CARE和BOUND提供用户自然互动通道；M5-EXCHANGE负责把两人的实际行为合成为交换结构。,无／按本规则指定的给予—请求—接收—反馈—重订路径路由。,近位、远位只修正该交换需求进入亲密关系核心的可能；不得据此判断具体伴侣现实中一定配合。,根气只修正用户交换需求和通道是否稳定重复，不等于双方已形成成熟互惠。,旺弱只修正通道调用强度、抢位或缺位风险，不直接等于交换公平或关系质量。,喜忌只修正调用顺畅度与摩擦，不可直接翻译为理想伴侣五行、十神或必然互补。,真合化成立时按化神功能重算用户交换需求；合化争议时停止细化交换通道。,近位提高该交换议题进入关系核心的可能；远位只保留背景或阶段性观察。,82,不加分,case_refs,防止事后挑选规则。,防止事后挑选规则。,不得仅凭本规则推出双方一定公平、相爱、忠诚、长期稳定或适合结婚；不得把付出多少直接等同爱多少；不得以命理要求单方牺牲、立即回报、原谅、复合或继续关系。现实安全、同意、持续行为、反例与双方协商优先。,中高,待验证,,scoring_reporting=true; provisional=true; rule_group=EXCHANGE-评分报告,0.4
M5-EXCHANGE-480,下一阶段路由M5-BOUND,L10 评分、报告与校准,EXCHANGE-评分报告,通用,路由,下一阶段路由M5-BOUND,,EXCHANGE模块完成。,PR0安全门控未通过时停止普通评分。,由共享基础引擎、M3与M5-BASE提供；只修正用户怎样给予、请求、接收和回馈，不直接判断双方现实交换质量。,M2只说明进入关系所需资格证据；不能替代长期双向交换、负荷与修复验证。,M3-BASE、EXPR、CARE和BOUND提供用户自然互动通道；M5-EXCHANGE负责把两人的实际行为合成为交换结构。,无／按本规则指定的给予—请求—接收—反馈—重订路径路由。,近位、远位只修正该交换需求进入亲密关系核心的可能；不得据此判断具体伴侣现实中一定配合。,根气只修正用户交换需求和通道是否稳定重复，不等于双方已形成成熟互惠。,旺弱只修正通道调用强度、抢位或缺位风险，不直接等于交换公平或关系质量。,喜忌只修正调用顺畅度与摩擦，不可直接翻译为理想伴侣五行、十神或必然互补。,真合化成立时按化神功能重算用户交换需求；合化争议时停止细化交换通道。,近位提高该交换议题进入关系核心的可能；远位只保留背景或阶段性观察。,82,路由至M5-BOUND,report_status,下一模块建立边界、决定权、资源和亲密空间结构。,下一模块建立边界、决定权、资源和亲密空间结构。,不得仅凭本规则推出双方一定公平、相爱、忠诚、长期稳定或适合结婚；不得把付出多少直接等同爱多少；不得以命理要求单方牺牲、立即回报、原谅、复合或继续关系。现实安全、同意、持续行为、反例与双方协商优先。,中高,待验证,,scoring_reporting=true; provisional=true; rule_group=EXCHANGE-评分报告,0.4
