rule_id,rule_name,layer,module,applicable_group,rule_type,main_signal,secondary_signal,required_conditions,excluded_conditions,self_strength_status,spouse_star_status,palace_signal,flow_path,signal_position,root_status,strength_level,favorability,transformation_status,distance_level,priority,score_effect,output_slot,internal_logic,user_explanation,forbidden_inference,confidence_base,validation_status,case_refs,notes,version
M5-PARTNER-001,M5-PARTNER正式定义｜伴侣功能画像与可观察行为,L0 定义、边界与证据合同,PARTNER-定义边界,通用,定义,M5-PARTNER模块规则,,M5-BASE已形成PR与FN候选。,M5-BASE停止、PR0安全门控未通过或关键基础状态未定。,由共享基础引擎与M5-BASE提供；只修正用户需要何种伴侣功能，不直接推断现实对象成熟度。,由M2提供；夫妻星与准入证据只说明谁容易进入关系，不能替代伴侣长期能力验证。,由M3-BASE提供；日支只帮助确定用户亲密关系中的功能需求，不直接描述具体伴侣人格。,无／按本规则指定的伴侣行为、场景或匹配模式路由。,近位、远位只修正用户对某项功能的优先级；不得据此断定现实伴侣一定具备。,根气只修正用户功能需求是否稳定重复，不等于具体对象已经稳定做到。,旺弱只修正需求强度、风险敏感度或匹配模式，不直接等于伴侣能力质量。,喜忌只修正用户对功能的承载与摩擦，不可直接翻译为理想伴侣五行、十神或人格。,真合化成立时按化神功能重算用户需求；合化争议时停止细化伴侣画像。,近位提高该功能进入亲密关系核心的可能；远位只保留背景或情境性观察。,100,不加分；定义／门控,report_status,把适配需求翻译成具体场景中的伴侣行为、成熟表达、失衡表达与观察计划。,这一部分不猜“对方是什么人”，而是列出真正需要观察的行为。,不得仅凭本规则推出某个具体人必然适合、忠诚、成熟或长期稳定；不得推断职业、收入、外貌、家庭、生肖、五行；不得以命理要求容忍伤害、原谅、复合或继续关系。现实安全、持续行为、反例与双方意愿优先。,高,待验证,,provisional=true; rule_group=PARTNER-定义边界,0.3
M5-PARTNER-002,伴侣画像必须行为化｜禁止只用人格形容词,L0 定义、边界与证据合同,PARTNER-定义边界,通用,边界,M5-PARTNER模块规则,,准备输出伴侣画像。,只写成熟、温柔、强大、聪明、稳定等抽象词。,由共享基础引擎与M5-BASE提供；只修正用户需要何种伴侣功能，不直接推断现实对象成熟度。,由M2提供；夫妻星与准入证据只说明谁容易进入关系，不能替代伴侣长期能力验证。,由M3-BASE提供；日支只帮助确定用户亲密关系中的功能需求，不直接描述具体伴侣人格。,无／按本规则指定的伴侣行为、场景或匹配模式路由。,近位、远位只修正用户对某项功能的优先级；不得据此断定现实伴侣一定具备。,根气只修正用户功能需求是否稳定重复，不等于具体对象已经稳定做到。,旺弱只修正需求强度、风险敏感度或匹配模式，不直接等于伴侣能力质量。,喜忌只修正用户对功能的承载与摩擦，不可直接翻译为理想伴侣五行、十神或人格。,真合化成立时按化神功能重算用户需求；合化争议时停止细化伴侣画像。,近位提高该功能进入亲密关系核心的可能；远位只保留背景或情境性观察。,100,不加分；定义／门控,required_partner_behaviors,每项功能必须写明情境、行为、持续性和反馈方式。,判断适配要看对方在关键场景中怎样做。,不得仅凭本规则推出某个具体人必然适合、忠诚、成熟或长期稳定；不得推断职业、收入、外貌、家庭、生肖、五行；不得以命理要求容忍伤害、原谅、复合或继续关系。现实安全、持续行为、反例与双方意愿优先。,高,待验证,,provisional=true; rule_group=PARTNER-定义边界,0.3
M5-PARTNER-003,具体对象现实行为高于命理画像,L0 定义、边界与证据合同,PARTNER-定义边界,通用,证据,M5-PARTNER模块规则,,存在具体对象或关系。,用用户八字、夫妻星或喜用神替代对象行为资料。,由共享基础引擎与M5-BASE提供；只修正用户需要何种伴侣功能，不直接推断现实对象成熟度。,由M2提供；夫妻星与准入证据只说明谁容易进入关系，不能替代伴侣长期能力验证。,由M3-BASE提供；日支只帮助确定用户亲密关系中的功能需求，不直接描述具体伴侣人格。,无／按本规则指定的伴侣行为、场景或匹配模式路由。,近位、远位只修正用户对某项功能的优先级；不得据此断定现实伴侣一定具备。,根气只修正用户功能需求是否稳定重复，不等于具体对象已经稳定做到。,旺弱只修正需求强度、风险敏感度或匹配模式，不直接等于伴侣能力质量。,喜忌只修正用户对功能的承载与摩擦，不可直接翻译为理想伴侣五行、十神或人格。,真合化成立时按化神功能重算用户需求；合化争议时停止细化伴侣画像。,近位提高该功能进入亲密关系核心的可能；远位只保留背景或情境性观察。,100,不加分；定义／门控,partner_evidence_level,用户命盘只能生成观察任务，不能证明现实对象已经具备能力。,命盘告诉你该看什么，现实行为才告诉你这个人有没有做到。,不得仅凭本规则推出某个具体人必然适合、忠诚、成熟或长期稳定；不得推断职业、收入、外貌、家庭、生肖、五行；不得以命理要求容忍伤害、原谅、复合或继续关系。现实安全、持续行为、反例与双方意愿优先。,高,待验证,,provisional=true; rule_group=PARTNER-定义边界,0.3
M5-PARTNER-004,不使用伴侣命盘代替现实能力,L0 定义、边界与证据合同,PARTNER-定义边界,通用,边界,M5-PARTNER模块规则,,未来加入对象命盘或合盘资料。,仅凭对方十神、格局或五行判断成熟度。,由共享基础引擎与M5-BASE提供；只修正用户需要何种伴侣功能，不直接推断现实对象成熟度。,由M2提供；夫妻星与准入证据只说明谁容易进入关系，不能替代伴侣长期能力验证。,由M3-BASE提供；日支只帮助确定用户亲密关系中的功能需求，不直接描述具体伴侣人格。,无／按本规则指定的伴侣行为、场景或匹配模式路由。,近位、远位只修正用户对某项功能的优先级；不得据此断定现实伴侣一定具备。,根气只修正用户功能需求是否稳定重复，不等于具体对象已经稳定做到。,旺弱只修正需求强度、风险敏感度或匹配模式，不直接等于伴侣能力质量。,喜忌只修正用户对功能的承载与摩擦，不可直接翻译为理想伴侣五行、十神或人格。,真合化成立时按化神功能重算用户需求；合化争议时停止细化伴侣画像。,近位提高该功能进入亲密关系核心的可能；远位只保留背景或情境性观察。,99,不加分；定义／门控,boundary_note,对方命盘最多生成其功能候选，仍需PV现实证据。,即使看了对方命盘，也要回到真实相处行为。,不得仅凭本规则推出某个具体人必然适合、忠诚、成熟或长期稳定；不得推断职业、收入、外貌、家庭、生肖、五行；不得以命理要求容忍伤害、原谅、复合或继续关系。现实安全、持续行为、反例与双方意愿优先。,高,待验证,,provisional=true; rule_group=PARTNER-定义边界,0.3
M5-PARTNER-005,PR0安全底线优先,L0 定义、边界与证据合同,PARTNER-定义边界,通用,安全,M5-PARTNER模块规则,,分析具体对象。,存在暴力、威胁、强迫、跟踪、经济控制、反复越界或剥夺选择权。,由共享基础引擎与M5-BASE提供；只修正用户需要何种伴侣功能，不直接推断现实对象成熟度。,由M2提供；夫妻星与准入证据只说明谁容易进入关系，不能替代伴侣长期能力验证。,由M3-BASE提供；日支只帮助确定用户亲密关系中的功能需求，不直接描述具体伴侣人格。,无／按本规则指定的伴侣行为、场景或匹配模式路由。,近位、远位只修正用户对某项功能的优先级；不得据此断定现实伴侣一定具备。,根气只修正用户功能需求是否稳定重复，不等于具体对象已经稳定做到。,旺弱只修正需求强度、风险敏感度或匹配模式，不直接等于伴侣能力质量。,喜忌只修正用户对功能的承载与摩擦，不可直接翻译为理想伴侣五行、十神或人格。,真合化成立时按化神功能重算用户需求；合化争议时停止细化伴侣画像。,近位提高该功能进入亲密关系核心的可能；远位只保留背景或情境性观察。,99,不加分；定义／门控,universal_floor,安全不通过时停止普通适配与互补叙事。,任何所谓互补、保护或命理相合，都不能覆盖安全和同意。,不得仅凭本规则推出某个具体人必然适合、忠诚、成熟或长期稳定；不得推断职业、收入、外貌、家庭、生肖、五行；不得以命理要求容忍伤害、原谅、复合或继续关系。现实安全、持续行为、反例与双方意愿优先。,高,待验证,,provisional=true; rule_group=PARTNER-定义边界,0.3
M5-PARTNER-006,M1心动只作为观察偏差提醒,L0 定义、边界与证据合同,PARTNER-定义边界,通用,接口,M5-PARTNER模块规则,,M1结果可用。,用心动强度提高伴侣功能分。,由共享基础引擎与M5-BASE提供；只修正用户需要何种伴侣功能，不直接推断现实对象成熟度。,由M2提供；夫妻星与准入证据只说明谁容易进入关系，不能替代伴侣长期能力验证。,由M3-BASE提供；日支只帮助确定用户亲密关系中的功能需求，不直接描述具体伴侣人格。,无／按本规则指定的伴侣行为、场景或匹配模式路由。,近位、远位只修正用户对某项功能的优先级；不得据此断定现实伴侣一定具备。,根气只修正用户功能需求是否稳定重复，不等于具体对象已经稳定做到。,旺弱只修正需求强度、风险敏感度或匹配模式，不直接等于伴侣能力质量。,喜忌只修正用户对功能的承载与摩擦，不可直接翻译为理想伴侣五行、十神或人格。,真合化成立时按化神功能重算用户需求；合化争议时停止细化伴侣画像。,近位提高该功能进入亲密关系核心的可能；远位只保留背景或情境性观察。,99,不加分；定义／门控,attraction_fit_relation,M1只提示哪些外显信号可能被高估。,越让你心动的特质，越需要分开验证它的长期能力。,不得仅凭本规则推出某个具体人必然适合、忠诚、成熟或长期稳定；不得推断职业、收入、外貌、家庭、生肖、五行；不得以命理要求容忍伤害、原谅、复合或继续关系。现实安全、持续行为、反例与双方意愿优先。,高,待验证,,provisional=true; rule_group=PARTNER-定义边界,0.3
M5-PARTNER-007,M2准入只作为起点,L0 定义、边界与证据合同,PARTNER-定义边界,通用,接口,M5-PARTNER模块规则,,M2结果可用。,把一次表态、投入、行动或互动扩大为完整伴侣能力。,由共享基础引擎与M5-BASE提供；只修正用户需要何种伴侣功能，不直接推断现实对象成熟度。,由M2提供；夫妻星与准入证据只说明谁容易进入关系，不能替代伴侣长期能力验证。,由M3-BASE提供；日支只帮助确定用户亲密关系中的功能需求，不直接描述具体伴侣人格。,无／按本规则指定的伴侣行为、场景或匹配模式路由。,近位、远位只修正用户对某项功能的优先级；不得据此断定现实伴侣一定具备。,根气只修正用户功能需求是否稳定重复，不等于具体对象已经稳定做到。,旺弱只修正需求强度、风险敏感度或匹配模式，不直接等于伴侣能力质量。,喜忌只修正用户对功能的承载与摩擦，不可直接翻译为理想伴侣五行、十神或人格。,真合化成立时按化神功能重算用户需求；合化争议时停止细化伴侣画像。,近位提高该功能进入亲密关系核心的可能；远位只保留背景或情境性观察。,99,不加分；定义／门控,selection_fit_relation,M2证明进入关系门槛，M5-PARTNER继续验证长期功能。,能进入关系不等于能长期经营。,不得仅凭本规则推出某个具体人必然适合、忠诚、成熟或长期稳定；不得推断职业、收入、外貌、家庭、生肖、五行；不得以命理要求容忍伤害、原谅、复合或继续关系。现实安全、持续行为、反例与双方意愿优先。,高,待验证,,provisional=true; rule_group=PARTNER-定义边界,0.3
M5-PARTNER-008,M3正常功能决定需要被接住什么,L0 定义、边界与证据合同,PARTNER-定义边界,通用,接口,M5-PARTNER模块规则,,M3至少一项正常功能可靠。,只根据M4风险找完全相反的人。,由共享基础引擎与M5-BASE提供；只修正用户需要何种伴侣功能，不直接推断现实对象成熟度。,由M2提供；夫妻星与准入证据只说明谁容易进入关系，不能替代伴侣长期能力验证。,由M3-BASE提供；日支只帮助确定用户亲密关系中的功能需求，不直接描述具体伴侣人格。,无／按本规则指定的伴侣行为、场景或匹配模式路由。,近位、远位只修正用户对某项功能的优先级；不得据此断定现实伴侣一定具备。,根气只修正用户功能需求是否稳定重复，不等于具体对象已经稳定做到。,旺弱只修正需求强度、风险敏感度或匹配模式，不直接等于伴侣能力质量。,喜忌只修正用户对功能的承载与摩擦，不可直接翻译为理想伴侣五行、十神或人格。,真合化成立时按化神功能重算用户需求；合化争议时停止细化伴侣画像。,近位提高该功能进入亲密关系核心的可能；远位只保留背景或情境性观察。,98,不加分；定义／门控,primary_partner_function,伴侣画像先尊重用户正常相处方式，再补足转换与边界。,合适的人会接住你的正常能力，而不是把它完全压掉。,不得仅凭本规则推出某个具体人必然适合、忠诚、成熟或长期稳定；不得推断职业、收入、外貌、家庭、生肖、五行；不得以命理要求容忍伤害、原谅、复合或继续关系。现实安全、持续行为、反例与双方意愿优先。,高,待验证,,provisional=true; rule_group=PARTNER-定义边界,0.3
M5-PARTNER-009,M4风险决定需要验证什么,L0 定义、边界与证据合同,PARTNER-定义边界,通用,接口,M5-PARTNER模块规则,,M4主机制、循环、修复或保护结果可用。,直接用负面标签描述伴侣要求。,由共享基础引擎与M5-BASE提供；只修正用户需要何种伴侣功能，不直接推断现实对象成熟度。,由M2提供；夫妻星与准入证据只说明谁容易进入关系，不能替代伴侣长期能力验证。,由M3-BASE提供；日支只帮助确定用户亲密关系中的功能需求，不直接描述具体伴侣人格。,无／按本规则指定的伴侣行为、场景或匹配模式路由。,近位、远位只修正用户对某项功能的优先级；不得据此断定现实伴侣一定具备。,根气只修正用户功能需求是否稳定重复，不等于具体对象已经稳定做到。,旺弱只修正需求强度、风险敏感度或匹配模式，不直接等于伴侣能力质量。,喜忌只修正用户对功能的承载与摩擦，不可直接翻译为理想伴侣五行、十神或人格。,真合化成立时按化神功能重算用户需求；合化争议时停止细化伴侣画像。,近位提高该功能进入亲密关系核心的可能；远位只保留背景或情境性观察。,98,不加分；定义／门控,observation_plan,把K、LP、RN、BF转换成具体观察场景。,不是找“不会犯错的人”，而是看对方能否在关键环节做对。,不得仅凭本规则推出某个具体人必然适合、忠诚、成熟或长期稳定；不得推断职业、收入、外貌、家庭、生肖、五行；不得以命理要求容忍伤害、原谅、复合或继续关系。现实安全、持续行为、反例与双方意愿优先。,高,待验证,,provisional=true; rule_group=PARTNER-定义边界,0.3
M5-PARTNER-010,FN功能不是十神型人格,L0 定义、边界与证据合同,PARTNER-定义边界,通用,边界,M5-PARTNER模块规则,,使用FN01—FN10。,输出“适合正官型、七杀型、印旺型伴侣”。,由共享基础引擎与M5-BASE提供；只修正用户需要何种伴侣功能，不直接推断现实对象成熟度。,由M2提供；夫妻星与准入证据只说明谁容易进入关系，不能替代伴侣长期能力验证。,由M3-BASE提供；日支只帮助确定用户亲密关系中的功能需求，不直接描述具体伴侣人格。,无／按本规则指定的伴侣行为、场景或匹配模式路由。,近位、远位只修正用户对某项功能的优先级；不得据此断定现实伴侣一定具备。,根气只修正用户功能需求是否稳定重复，不等于具体对象已经稳定做到。,旺弱只修正需求强度、风险敏感度或匹配模式，不直接等于伴侣能力质量。,喜忌只修正用户对功能的承载与摩擦，不可直接翻译为理想伴侣五行、十神或人格。,真合化成立时按化神功能重算用户需求；合化争议时停止细化伴侣画像。,近位提高该功能进入亲密关系核心的可能；远位只保留背景或情境性观察。,98,不加分；定义／门控,partner_function_profile,十神只作为关系功能来源，最终输出行为。,你需要的是能力，不是命理标签。,不得仅凭本规则推出某个具体人必然适合、忠诚、成熟或长期稳定；不得推断职业、收入、外貌、家庭、生肖、五行；不得以命理要求容忍伤害、原谅、复合或继续关系。现实安全、持续行为、反例与双方意愿优先。,高,待验证,,provisional=true; rule_group=PARTNER-定义边界,0.3
M5-PARTNER-011,成熟表达与功能强度分开,L0 定义、边界与证据合同,PARTNER-定义边界,通用,边界,M5-PARTNER模块规则,,某项行为明显或能力强。,把强度等同成熟与适配。,由共享基础引擎与M5-BASE提供；只修正用户需要何种伴侣功能，不直接推断现实对象成熟度。,由M2提供；夫妻星与准入证据只说明谁容易进入关系，不能替代伴侣长期能力验证。,由M3-BASE提供；日支只帮助确定用户亲密关系中的功能需求，不直接描述具体伴侣人格。,无／按本规则指定的伴侣行为、场景或匹配模式路由。,近位、远位只修正用户对某项功能的优先级；不得据此断定现实伴侣一定具备。,根气只修正用户功能需求是否稳定重复，不等于具体对象已经稳定做到。,旺弱只修正需求强度、风险敏感度或匹配模式，不直接等于伴侣能力质量。,喜忌只修正用户对功能的承载与摩擦，不可直接翻译为理想伴侣五行、十神或人格。,真合化成立时按化神功能重算用户需求；合化争议时停止细化伴侣画像。,近位提高该功能进入亲密关系核心的可能；远位只保留背景或情境性观察。,98,不加分；定义／门控,partner_expression_state,成熟还需双向、边界、责任、修复与持续。,表现很强不代表使用得成熟。,不得仅凭本规则推出某个具体人必然适合、忠诚、成熟或长期稳定；不得推断职业、收入、外貌、家庭、生肖、五行；不得以命理要求容忍伤害、原谅、复合或继续关系。现实安全、持续行为、反例与双方意愿优先。,高,待验证,,provisional=true; rule_group=PARTNER-定义边界,0.3
M5-PARTNER-012,单次高光不等于稳定画像,L0 定义、边界与证据合同,PARTNER-定义边界,通用,证据,M5-PARTNER模块规则,,只存在一次行动、安抚、承诺或补偿。,发布稳定伴侣能力。,由共享基础引擎与M5-BASE提供；只修正用户需要何种伴侣功能，不直接推断现实对象成熟度。,由M2提供；夫妻星与准入证据只说明谁容易进入关系，不能替代伴侣长期能力验证。,由M3-BASE提供；日支只帮助确定用户亲密关系中的功能需求，不直接描述具体伴侣人格。,无／按本规则指定的伴侣行为、场景或匹配模式路由。,近位、远位只修正用户对某项功能的优先级；不得据此断定现实伴侣一定具备。,根气只修正用户功能需求是否稳定重复，不等于具体对象已经稳定做到。,旺弱只修正需求强度、风险敏感度或匹配模式，不直接等于伴侣能力质量。,喜忌只修正用户对功能的承载与摩擦，不可直接翻译为理想伴侣五行、十神或人格。,真合化成立时按化神功能重算用户需求；合化争议时停止细化伴侣画像。,近位提高该功能进入亲密关系核心的可能；远位只保留背景或情境性观察。,97,不加分；定义／门控,partner_evidence_level,PV2只能确认一次行为发生。,一次做得好值得肯定，但还要看是否会重复。,不得仅凭本规则推出某个具体人必然适合、忠诚、成熟或长期稳定；不得推断职业、收入、外貌、家庭、生肖、五行；不得以命理要求容忍伤害、原谅、复合或继续关系。现实安全、持续行为、反例与双方意愿优先。,高,待验证,,provisional=true; rule_group=PARTNER-定义边界,0.3
M5-PARTNER-013,压力表现与日常表现分开,L0 定义、边界与证据合同,PARTNER-定义边界,通用,证据,M5-PARTNER模块规则,,存在高压事件资料。,用高压反应概括全部人格。,由共享基础引擎与M5-BASE提供；只修正用户需要何种伴侣功能，不直接推断现实对象成熟度。,由M2提供；夫妻星与准入证据只说明谁容易进入关系，不能替代伴侣长期能力验证。,由M3-BASE提供；日支只帮助确定用户亲密关系中的功能需求，不直接描述具体伴侣人格。,无／按本规则指定的伴侣行为、场景或匹配模式路由。,近位、远位只修正用户对某项功能的优先级；不得据此断定现实伴侣一定具备。,根气只修正用户功能需求是否稳定重复，不等于具体对象已经稳定做到。,旺弱只修正需求强度、风险敏感度或匹配模式，不直接等于伴侣能力质量。,喜忌只修正用户对功能的承载与摩擦，不可直接翻译为理想伴侣五行、十神或人格。,真合化成立时按化神功能重算用户需求；合化争议时停止细化伴侣画像。,近位提高该功能进入亲密关系核心的可能；远位只保留背景或情境性观察。,97,不加分；定义／门控,stress_behavior_profile,高压功能可能是状态分工，不等于日常固定方式。,要分别看平时怎样相处、压力时怎样处理、之后怎样恢复。,不得仅凭本规则推出某个具体人必然适合、忠诚、成熟或长期稳定；不得推断职业、收入、外貌、家庭、生肖、五行；不得以命理要求容忍伤害、原谅、复合或继续关系。现实安全、持续行为、反例与双方意愿优先。,高,待验证,,provisional=true; rule_group=PARTNER-定义边界,0.3
M5-PARTNER-014,问题解决与关系修复分开,L0 定义、边界与证据合同,PARTNER-定义边界,通用,接口,M5-PARTNER模块规则,,出现冲突或修复资料。,把事情处理完当成关系恢复。,由共享基础引擎与M5-BASE提供；只修正用户需要何种伴侣功能，不直接推断现实对象成熟度。,由M2提供；夫妻星与准入证据只说明谁容易进入关系，不能替代伴侣长期能力验证。,由M3-BASE提供；日支只帮助确定用户亲密关系中的功能需求，不直接描述具体伴侣人格。,无／按本规则指定的伴侣行为、场景或匹配模式路由。,近位、远位只修正用户对某项功能的优先级；不得据此断定现实伴侣一定具备。,根气只修正用户功能需求是否稳定重复，不等于具体对象已经稳定做到。,旺弱只修正需求强度、风险敏感度或匹配模式，不直接等于伴侣能力质量。,喜忌只修正用户对功能的承载与摩擦，不可直接翻译为理想伴侣五行、十神或人格。,真合化成立时按化神功能重算用户需求；合化争议时停止细化伴侣画像。,近位提高该功能进入亲密关系核心的可能；远位只保留背景或情境性观察。,97,不加分；定义／门控,repair_behavior_profile,修复必须包含接收反馈、改变与回访。,事情结束后，还要看关系是否真正恢复。,不得仅凭本规则推出某个具体人必然适合、忠诚、成熟或长期稳定；不得推断职业、收入、外貌、家庭、生肖、五行；不得以命理要求容忍伤害、原谅、复合或继续关系。现实安全、持续行为、反例与双方意愿优先。,高,待验证,,provisional=true; rule_group=PARTNER-定义边界,0.3
M5-PARTNER-015,同一source_id只计一次基础权重,L0 定义、边界与证据合同,PARTNER-定义边界,通用,去重,M5-PARTNER模块规则,,同一命盘事实被BASE、PARTNER和其他模块读取。,把同一日支或同一十神当多份独立证据。,由共享基础引擎与M5-BASE提供；只修正用户需要何种伴侣功能，不直接推断现实对象成熟度。,由M2提供；夫妻星与准入证据只说明谁容易进入关系，不能替代伴侣长期能力验证。,由M3-BASE提供；日支只帮助确定用户亲密关系中的功能需求，不直接描述具体伴侣人格。,无／按本规则指定的伴侣行为、场景或匹配模式路由。,近位、远位只修正用户对某项功能的优先级；不得据此断定现实伴侣一定具备。,根气只修正用户功能需求是否稳定重复，不等于具体对象已经稳定做到。,旺弱只修正需求强度、风险敏感度或匹配模式，不直接等于伴侣能力质量。,喜忌只修正用户对功能的承载与摩擦，不可直接翻译为理想伴侣五行、十神或人格。,真合化成立时按化神功能重算用户需求；合化争议时停止细化伴侣画像。,近位提高该功能进入亲密关系核心的可能；远位只保留背景或情境性观察。,97,不加分；定义／门控,provenance,多角度解释允许，基础证据只计一次。,同一个命理事实不会因为被解释多次就变成多份证据。,不得仅凭本规则推出某个具体人必然适合、忠诚、成熟或长期稳定；不得推断职业、收入、外貌、家庭、生肖、五行；不得以命理要求容忍伤害、原谅、复合或继续关系。现实安全、持续行为、反例与双方意愿优先。,高,待验证,,provisional=true; rule_group=PARTNER-定义边界,0.3
M5-PARTNER-016,同一event_id只算一次现实事件,L0 定义、边界与证据合同,PARTNER-定义边界,通用,去重,M5-PARTNER模块规则,,同一事件支持多个观察维度。,把一次争执、一次礼物或一次修复当多个事件。,由共享基础引擎与M5-BASE提供；只修正用户需要何种伴侣功能，不直接推断现实对象成熟度。,由M2提供；夫妻星与准入证据只说明谁容易进入关系，不能替代伴侣长期能力验证。,由M3-BASE提供；日支只帮助确定用户亲密关系中的功能需求，不直接描述具体伴侣人格。,无／按本规则指定的伴侣行为、场景或匹配模式路由。,近位、远位只修正用户对某项功能的优先级；不得据此断定现实伴侣一定具备。,根气只修正用户功能需求是否稳定重复，不等于具体对象已经稳定做到。,旺弱只修正需求强度、风险敏感度或匹配模式，不直接等于伴侣能力质量。,喜忌只修正用户对功能的承载与摩擦，不可直接翻译为理想伴侣五行、十神或人格。,真合化成立时按化神功能重算用户需求；合化争议时停止细化伴侣画像。,近位提高该功能进入亲密关系核心的可能；远位只保留背景或情境性观察。,96,不加分；定义／门控,provenance,一件事可支持多个字段，但只算一个现实事件。,同一件事说明很多问题，仍然只是一件事。,不得仅凭本规则推出某个具体人必然适合、忠诚、成熟或长期稳定；不得推断职业、收入、外貌、家庭、生肖、五行；不得以命理要求容忍伤害、原谅、复合或继续关系。现实安全、持续行为、反例与双方意愿优先。,高,待验证,,provisional=true; rule_group=PARTNER-定义边界,0.3
M5-PARTNER-017,FG与PV必须分开,L0 定义、边界与证据合同,PARTNER-定义边界,通用,边界,M5-PARTNER模块规则,,同时使用功能需求等级和对象行为证据。,把PV7直接当成FG4，或把FG2当成对象能力。,由共享基础引擎与M5-BASE提供；只修正用户需要何种伴侣功能，不直接推断现实对象成熟度。,由M2提供；夫妻星与准入证据只说明谁容易进入关系，不能替代伴侣长期能力验证。,由M3-BASE提供；日支只帮助确定用户亲密关系中的功能需求，不直接描述具体伴侣人格。,无／按本规则指定的伴侣行为、场景或匹配模式路由。,近位、远位只修正用户对某项功能的优先级；不得据此断定现实伴侣一定具备。,根气只修正用户功能需求是否稳定重复，不等于具体对象已经稳定做到。,旺弱只修正需求强度、风险敏感度或匹配模式，不直接等于伴侣能力质量。,喜忌只修正用户对功能的承载与摩擦，不可直接翻译为理想伴侣五行、十神或人格。,真合化成立时按化神功能重算用户需求；合化争议时停止细化伴侣画像。,近位提高该功能进入亲密关系核心的可能；远位只保留背景或情境性观察。,96,不加分；定义／门控,fit_grade,PV说明对象行为证据深度；FG由M5-SYNTH综合全部现实门槛。,行为证据越深，判断越有依据，但最终适配仍要综合其他条件。,不得仅凭本规则推出某个具体人必然适合、忠诚、成熟或长期稳定；不得推断职业、收入、外貌、家庭、生肖、五行；不得以命理要求容忍伤害、原谅、复合或继续关系。现实安全、持续行为、反例与双方意愿优先。,高,待验证,,provisional=true; rule_group=PARTNER-定义边界,0.3
M5-PARTNER-018,正文限制一主一次三行为,L0 定义、边界与证据合同,PARTNER-定义边界,通用,输出,M5-PARTNER模块规则,,多个FN候选并存。,把所有功能写成理想伴侣清单。,由共享基础引擎与M5-BASE提供；只修正用户需要何种伴侣功能，不直接推断现实对象成熟度。,由M2提供；夫妻星与准入证据只说明谁容易进入关系，不能替代伴侣长期能力验证。,由M3-BASE提供；日支只帮助确定用户亲密关系中的功能需求，不直接描述具体伴侣人格。,无／按本规则指定的伴侣行为、场景或匹配模式路由。,近位、远位只修正用户对某项功能的优先级；不得据此断定现实伴侣一定具备。,根气只修正用户功能需求是否稳定重复，不等于具体对象已经稳定做到。,旺弱只修正需求强度、风险敏感度或匹配模式，不直接等于伴侣能力质量。,喜忌只修正用户对功能的承载与摩擦，不可直接翻译为理想伴侣五行、十神或人格。,真合化成立时按化神功能重算用户需求；合化争议时停止细化伴侣画像。,近位提高该功能进入亲密关系核心的可能；远位只保留背景或情境性观察。,96,不加分；定义／门控,report_text,正文最多一个主功能、一个独立次功能和三项关键行为。,真正关键的条件不会无限增加，先抓核心。,不得仅凭本规则推出某个具体人必然适合、忠诚、成熟或长期稳定；不得推断职业、收入、外貌、家庭、生肖、五行；不得以命理要求容忍伤害、原谅、复合或继续关系。现实安全、持续行为、反例与双方意愿优先。,高,待验证,,provisional=true; rule_group=PARTNER-定义边界,0.3
M5-PARTNER-019,现实反例优先降级,L0 定义、边界与证据合同,PARTNER-定义边界,通用,证据,M5-PARTNER模块规则,,存在反例、安全事实或跨场景不一致。,用命理分值覆盖现实反例。,由共享基础引擎与M5-BASE提供；只修正用户需要何种伴侣功能，不直接推断现实对象成熟度。,由M2提供；夫妻星与准入证据只说明谁容易进入关系，不能替代伴侣长期能力验证。,由M3-BASE提供；日支只帮助确定用户亲密关系中的功能需求，不直接描述具体伴侣人格。,无／按本规则指定的伴侣行为、场景或匹配模式路由。,近位、远位只修正用户对某项功能的优先级；不得据此断定现实伴侣一定具备。,根气只修正用户功能需求是否稳定重复，不等于具体对象已经稳定做到。,旺弱只修正需求强度、风险敏感度或匹配模式，不直接等于伴侣能力质量。,喜忌只修正用户对功能的承载与摩擦，不可直接翻译为理想伴侣五行、十神或人格。,真合化成立时按化神功能重算用户需求；合化争议时停止细化伴侣画像。,近位提高该功能进入亲密关系核心的可能；远位只保留背景或情境性观察。,96,不加分；定义／门控,counterevidence,现实反例直接降低PS状态、PV结论或停止画像。,对方现实中反复做不到，比命理标签更重要。,不得仅凭本规则推出某个具体人必然适合、忠诚、成熟或长期稳定；不得推断职业、收入、外貌、家庭、生肖、五行；不得以命理要求容忍伤害、原谅、复合或继续关系。现实安全、持续行为、反例与双方意愿优先。,高,待验证,,provisional=true; rule_group=PARTNER-定义边界,0.3
M5-PARTNER-020,版本与验证状态｜全部规则暂定,L0 定义、边界与证据合同,PARTNER-定义边界,通用,版本,M5-PARTNER模块规则,,使用V0.3规则。,把工程分值或规则数量解释成统计准确率。,由共享基础引擎与M5-BASE提供；只修正用户需要何种伴侣功能，不直接推断现实对象成熟度。,由M2提供；夫妻星与准入证据只说明谁容易进入关系，不能替代伴侣长期能力验证。,由M3-BASE提供；日支只帮助确定用户亲密关系中的功能需求，不直接描述具体伴侣人格。,无／按本规则指定的伴侣行为、场景或匹配模式路由。,近位、远位只修正用户对某项功能的优先级；不得据此断定现实伴侣一定具备。,根气只修正用户功能需求是否稳定重复，不等于具体对象已经稳定做到。,旺弱只修正需求强度、风险敏感度或匹配模式，不直接等于伴侣能力质量。,喜忌只修正用户对功能的承载与摩擦，不可直接翻译为理想伴侣五行、十神或人格。,真合化成立时按化神功能重算用户需求；合化争议时停止细化伴侣画像。,近位提高该功能进入亲密关系核心的可能；远位只保留背景或情境性观察。,95,不加分；定义／门控,boundary_note,本版用于结构化分析与案例校准。,这些是待验证的观察框架，不是概率或命运判决。,不得仅凭本规则推出某个具体人必然适合、忠诚、成熟或长期稳定；不得推断职业、收入、外貌、家庭、生肖、五行；不得以命理要求容忍伤害、原谅、复合或继续关系。现实安全、持续行为、反例与双方意愿优先。,高,待验证,,provisional=true; rule_group=PARTNER-定义边界,0.3
M5-PARTNER-021,FN01 平等自主｜功能画像定义,L1 FN伴侣功能画像,PARTNER-FN画像,通用,基础,FN01 平等自主,比肩,主适配需求或次需求已路由到该FN。,该FN只是PR3加分且与M4主风险冲突。,由共享基础引擎与M5-BASE提供；只修正用户需要何种伴侣功能，不直接推断现实对象成熟度。,由M2提供；夫妻星与准入证据只说明谁容易进入关系，不能替代伴侣长期能力验证。,由M3-BASE提供；日支只帮助确定用户亲密关系中的功能需求，不直接描述具体伴侣人格。,无／按本规则指定的伴侣行为、场景或匹配模式路由。,近位、远位只修正用户对某项功能的优先级；不得据此断定现实伴侣一定具备。,根气只修正用户功能需求是否稳定重复，不等于具体对象已经稳定做到。,旺弱只修正需求强度、风险敏感度或匹配模式，不直接等于伴侣能力质量。,喜忌只修正用户对功能的承载与摩擦，不可直接翻译为理想伴侣五行、十神或人格。,真合化成立时按化神功能重算用户需求；合化争议时停止细化伴侣画像。,近位提高该功能进入亲密关系核心的可能；远位只保留背景或情境性观察。,94,+20 主功能候选,primary_partner_function,FN01 平等自主的对象画像必须围绕可观察行为，不围绕人格标签。,你真正要验证的是：尊重双方选择权、表达权与共同决定权。,不得仅凭本规则推出某个具体人必然适合、忠诚、成熟或长期稳定；不得推断职业、收入、外貌、家庭、生肖、五行；不得以命理要求容忍伤害、原谅、复合或继续关系。现实安全、持续行为、反例与双方意愿优先。,中高,待验证,,fn_code=FN01; ten_god_style=比肩; style=直接、平等、边界清楚; provisional=true; rule_group=PARTNER-FN画像,0.3
M5-PARTNER-022,FN01 平等自主｜成熟稳定表达,L1 FN伴侣功能画像,PARTNER-FN画像,通用,成熟,FN01 平等自主,比肩,PV4以上，且PO02、PO03、PO05至少两项可靠。,只有自述、身份、一次行为或强反例。,由共享基础引擎与M5-BASE提供；只修正用户需要何种伴侣功能，不直接推断现实对象成熟度。,由M2提供；夫妻星与准入证据只说明谁容易进入关系，不能替代伴侣长期能力验证。,由M3-BASE提供；日支只帮助确定用户亲密关系中的功能需求，不直接描述具体伴侣人格。,无／按本规则指定的伴侣行为、场景或匹配模式路由。,近位、远位只修正用户对某项功能的优先级；不得据此断定现实伴侣一定具备。,根气只修正用户功能需求是否稳定重复，不等于具体对象已经稳定做到。,旺弱只修正需求强度、风险敏感度或匹配模式，不直接等于伴侣能力质量。,喜忌只修正用户对功能的承载与摩擦，不可直接翻译为理想伴侣五行、十神或人格。,真合化成立时按化神功能重算用户需求；合化争议时停止细化伴侣画像。,近位提高该功能进入亲密关系核心的可能；远位只保留背景或情境性观察。,90,+16 成熟画像,mature_behavior_profile,重要事项主动询问并尊重你的意见；允许不同选择和拒绝；照顾不会变成接管。,成熟表现是：重要事项主动询问并尊重你的意见；允许不同选择和拒绝；照顾不会变成接管。,不得仅凭本规则推出某个具体人必然适合、忠诚、成熟或长期稳定；不得推断职业、收入、外貌、家庭、生肖、五行；不得以命理要求容忍伤害、原谅、复合或继续关系。现实安全、持续行为、反例与双方意愿优先。,中高,待验证,,fn_code=FN01; ten_god_style=比肩; style=直接、平等、边界清楚; provisional=true; rule_group=PARTNER-FN画像,0.3
M5-PARTNER-023,FN01 平等自主｜日常场景行为,L1 FN伴侣功能画像,PARTNER-FN画像,通用,场景,FN01 平等自主,比肩,存在SC01日常相处资料。,只使用高压事件推断日常。,由共享基础引擎与M5-BASE提供；只修正用户需要何种伴侣功能，不直接推断现实对象成熟度。,由M2提供；夫妻星与准入证据只说明谁容易进入关系，不能替代伴侣长期能力验证。,由M3-BASE提供；日支只帮助确定用户亲密关系中的功能需求，不直接描述具体伴侣人格。,无／按本规则指定的伴侣行为、场景或匹配模式路由。,近位、远位只修正用户对某项功能的优先级；不得据此断定现实伴侣一定具备。,根气只修正用户功能需求是否稳定重复，不等于具体对象已经稳定做到。,旺弱只修正需求强度、风险敏感度或匹配模式，不直接等于伴侣能力质量。,喜忌只修正用户对功能的承载与摩擦，不可直接翻译为理想伴侣五行、十神或人格。,真合化成立时按化神功能重算用户需求；合化争议时停止细化伴侣画像。,近位提高该功能进入亲密关系核心的可能；远位只保留背景或情境性观察。,78,+6 场景证据,daily_behavior_profile,日常安排会协商个人时间与共同时间，不要求彼此完全同步。,日常可以观察：日常安排会协商个人时间与共同时间，不要求彼此完全同步。,不得仅凭本规则推出某个具体人必然适合、忠诚、成熟或长期稳定；不得推断职业、收入、外貌、家庭、生肖、五行；不得以命理要求容忍伤害、原谅、复合或继续关系。现实安全、持续行为、反例与双方意愿优先。,中,待验证,,fn_code=FN01; ten_god_style=比肩; style=直接、平等、边界清楚; provisional=true; rule_group=PARTNER-FN画像,0.3
M5-PARTNER-024,FN01 平等自主｜压力场景行为,L1 FN伴侣功能画像,PARTNER-FN画像,通用,场景,FN01 平等自主,比肩,存在SC04高压或PV5资料。,没有现实压力行为却根据十神猜测。,由共享基础引擎与M5-BASE提供；只修正用户需要何种伴侣功能，不直接推断现实对象成熟度。,由M2提供；夫妻星与准入证据只说明谁容易进入关系，不能替代伴侣长期能力验证。,由M3-BASE提供；日支只帮助确定用户亲密关系中的功能需求，不直接描述具体伴侣人格。,无／按本规则指定的伴侣行为、场景或匹配模式路由。,近位、远位只修正用户对某项功能的优先级；不得据此断定现实伴侣一定具备。,根气只修正用户功能需求是否稳定重复，不等于具体对象已经稳定做到。,旺弱只修正需求强度、风险敏感度或匹配模式，不直接等于伴侣能力质量。,喜忌只修正用户对功能的承载与摩擦，不可直接翻译为理想伴侣五行、十神或人格。,真合化成立时按化神功能重算用户需求；合化争议时停止细化伴侣画像。,近位提高该功能进入亲密关系核心的可能；远位只保留背景或情境性观察。,84,+10 压力证据,stress_behavior_profile,压力下仍会给出选项、说明风险并询问同意，而不是直接替你决定。,压力下可以观察：压力下仍会给出选项、说明风险并询问同意，而不是直接替你决定。,不得仅凭本规则推出某个具体人必然适合、忠诚、成熟或长期稳定；不得推断职业、收入、外貌、家庭、生肖、五行；不得以命理要求容忍伤害、原谅、复合或继续关系。现实安全、持续行为、反例与双方意愿优先。,中高,待验证,,fn_code=FN01; ten_god_style=比肩; style=直接、平等、边界清楚; provisional=true; rule_group=PARTNER-FN画像,0.3
M5-PARTNER-025,FN01 平等自主｜冲突场景行为,L1 FN伴侣功能画像,PARTNER-FN画像,通用,场景,FN01 平等自主,比肩,存在SC03意见分歧资料。,只有平稳互动资料。,由共享基础引擎与M5-BASE提供；只修正用户需要何种伴侣功能，不直接推断现实对象成熟度。,由M2提供；夫妻星与准入证据只说明谁容易进入关系，不能替代伴侣长期能力验证。,由M3-BASE提供；日支只帮助确定用户亲密关系中的功能需求，不直接描述具体伴侣人格。,无／按本规则指定的伴侣行为、场景或匹配模式路由。,近位、远位只修正用户对某项功能的优先级；不得据此断定现实伴侣一定具备。,根气只修正用户功能需求是否稳定重复，不等于具体对象已经稳定做到。,旺弱只修正需求强度、风险敏感度或匹配模式，不直接等于伴侣能力质量。,喜忌只修正用户对功能的承载与摩擦，不可直接翻译为理想伴侣五行、十神或人格。,真合化成立时按化神功能重算用户需求；合化争议时停止细化伴侣画像。,近位提高该功能进入亲密关系核心的可能；远位只保留背景或情境性观察。,84,+10 冲突证据,conflict_behavior_profile,能够区分人格平等、责任分工与共同决定，不把平等做成逐项比较。,出现分歧时可以观察：能够区分人格平等、责任分工与共同决定，不把平等做成逐项比较。,不得仅凭本规则推出某个具体人必然适合、忠诚、成熟或长期稳定；不得推断职业、收入、外貌、家庭、生肖、五行；不得以命理要求容忍伤害、原谅、复合或继续关系。现实安全、持续行为、反例与双方意愿优先。,中高,待验证,,fn_code=FN01; ten_god_style=比肩; style=直接、平等、边界清楚; provisional=true; rule_group=PARTNER-FN画像,0.3
M5-PARTNER-026,FN01 平等自主｜修复场景行为,L1 FN伴侣功能画像,PARTNER-FN画像,通用,场景,FN01 平等自主,比肩,存在SC07修复资料。,事件未结束或安全问题未处理。,由共享基础引擎与M5-BASE提供；只修正用户需要何种伴侣功能，不直接推断现实对象成熟度。,由M2提供；夫妻星与准入证据只说明谁容易进入关系，不能替代伴侣长期能力验证。,由M3-BASE提供；日支只帮助确定用户亲密关系中的功能需求，不直接描述具体伴侣人格。,无／按本规则指定的伴侣行为、场景或匹配模式路由。,近位、远位只修正用户对某项功能的优先级；不得据此断定现实伴侣一定具备。,根气只修正用户功能需求是否稳定重复，不等于具体对象已经稳定做到。,旺弱只修正需求强度、风险敏感度或匹配模式，不直接等于伴侣能力质量。,喜忌只修正用户对功能的承载与摩擦，不可直接翻译为理想伴侣五行、十神或人格。,真合化成立时按化神功能重算用户需求；合化争议时停止细化伴侣画像。,近位提高该功能进入亲密关系核心的可能；远位只保留背景或情境性观察。,86,+12 修复证据,repair_behavior_profile,修复时会确认你的声音和选择权是否真正恢复，并愿意重订边界。,修复时可以观察：修复时会确认你的声音和选择权是否真正恢复，并愿意重订边界。,不得仅凭本规则推出某个具体人必然适合、忠诚、成熟或长期稳定；不得推断职业、收入、外貌、家庭、生肖、五行；不得以命理要求容忍伤害、原谅、复合或继续关系。现实安全、持续行为、反例与双方意愿优先。,中高,待验证,,fn_code=FN01; ten_god_style=比肩; style=直接、平等、边界清楚; provisional=true; rule_group=PARTNER-FN画像,0.3
M5-PARTNER-027,FN01 平等自主｜自主与边界要求,L1 FN伴侣功能画像,PARTNER-FN画像,通用,边界,FN01 平等自主,比肩,FN成为PR1或与M4边界机制相关。,边界只要求一方遵守。,由共享基础引擎与M5-BASE提供；只修正用户需要何种伴侣功能，不直接推断现实对象成熟度。,由M2提供；夫妻星与准入证据只说明谁容易进入关系，不能替代伴侣长期能力验证。,由M3-BASE提供；日支只帮助确定用户亲密关系中的功能需求，不直接描述具体伴侣人格。,无／按本规则指定的伴侣行为、场景或匹配模式路由。,近位、远位只修正用户对某项功能的优先级；不得据此断定现实伴侣一定具备。,根气只修正用户功能需求是否稳定重复，不等于具体对象已经稳定做到。,旺弱只修正需求强度、风险敏感度或匹配模式，不直接等于伴侣能力质量。,喜忌只修正用户对功能的承载与摩擦，不可直接翻译为理想伴侣五行、十神或人格。,真合化成立时按化神功能重算用户需求；合化争议时停止细化伴侣画像。,近位提高该功能进入亲密关系核心的可能；远位只保留背景或情境性观察。,90,+12 边界证据,boundary_behavior_profile,允许说“不”，尊重隐私和独立行动，同时承担自己应承担的关系责任。,边界方面需要：允许说“不”，尊重隐私和独立行动，同时承担自己应承担的关系责任。,不得仅凭本规则推出某个具体人必然适合、忠诚、成熟或长期稳定；不得推断职业、收入、外貌、家庭、生肖、五行；不得以命理要求容忍伤害、原谅、复合或继续关系。现实安全、持续行为、反例与双方意愿优先。,中高,待验证,,fn_code=FN01; ten_god_style=比肩; style=直接、平等、边界清楚; provisional=true; rule_group=PARTNER-FN画像,0.3
M5-PARTNER-028,FN01 平等自主｜失衡表达候选,L1 FN伴侣功能画像,PARTNER-FN画像,通用,风险,FN01 平等自主,比肩,现实行为显示功能抢位、替代或断流。,只有功能强度，没有独立失衡证据。,由共享基础引擎与M5-BASE提供；只修正用户需要何种伴侣功能，不直接推断现实对象成熟度。,由M2提供；夫妻星与准入证据只说明谁容易进入关系，不能替代伴侣长期能力验证。,由M3-BASE提供；日支只帮助确定用户亲密关系中的功能需求，不直接描述具体伴侣人格。,无／按本规则指定的伴侣行为、场景或匹配模式路由。,近位、远位只修正用户对某项功能的优先级；不得据此断定现实伴侣一定具备。,根气只修正用户功能需求是否稳定重复，不等于具体对象已经稳定做到。,旺弱只修正需求强度、风险敏感度或匹配模式，不直接等于伴侣能力质量。,喜忌只修正用户对功能的承载与摩擦，不可直接翻译为理想伴侣五行、十神或人格。,真合化成立时按化神功能重算用户需求；合化争议时停止细化伴侣画像。,近位提高该功能进入亲密关系核心的可能；远位只保留背景或情境性观察。,82,风险候选 +10,unstable_expression_warning,容易把自主做成互不相让、机械对半或对责任的防御。,需要留意：容易把自主做成互不相让、机械对半或对责任的防御。,不得仅凭本规则推出某个具体人必然适合、忠诚、成熟或长期稳定；不得推断职业、收入、外貌、家庭、生肖、五行；不得以命理要求容忍伤害、原谅、复合或继续关系。现实安全、持续行为、反例与双方意愿优先。,中,待验证,,fn_code=FN01; ten_god_style=比肩; style=直接、平等、边界清楚; provisional=true; rule_group=PARTNER-FN画像,0.3
M5-PARTNER-029,FN01 平等自主｜伪装／假阳性表达,L1 FN伴侣功能画像,PARTNER-FN画像,通用,伪适配,FN01 平等自主,比肩,外显标签或高光行为强，但PV低、跨场景不足。,PV5—PV7已支持成熟表达。,由共享基础引擎与M5-BASE提供；只修正用户需要何种伴侣功能，不直接推断现实对象成熟度。,由M2提供；夫妻星与准入证据只说明谁容易进入关系，不能替代伴侣长期能力验证。,由M3-BASE提供；日支只帮助确定用户亲密关系中的功能需求，不直接描述具体伴侣人格。,无／按本规则指定的伴侣行为、场景或匹配模式路由。,近位、远位只修正用户对某项功能的优先级；不得据此断定现实伴侣一定具备。,根气只修正用户功能需求是否稳定重复，不等于具体对象已经稳定做到。,旺弱只修正需求强度、风险敏感度或匹配模式，不直接等于伴侣能力质量。,喜忌只修正用户对功能的承载与摩擦，不可直接翻译为理想伴侣五行、十神或人格。,真合化成立时按化神功能重算用户需求；合化争议时停止细化伴侣画像。,近位提高该功能进入亲密关系核心的可能；远位只保留背景或情境性观察。,88,PM候选 +12,pseudo_fit_warning,口头强调“各自自由”，但实际回避协商、共同责任或必要的关系投入。,不要只看：口头强调“各自自由”，但实际回避协商、共同责任或必要的关系投入。,不得仅凭本规则推出某个具体人必然适合、忠诚、成熟或长期稳定；不得推断职业、收入、外貌、家庭、生肖、五行；不得以命理要求容忍伤害、原谅、复合或继续关系。现实安全、持续行为、反例与双方意愿优先。,中高,待验证,,fn_code=FN01; ten_god_style=比肩; style=直接、平等、边界清楚; provisional=true; rule_group=PARTNER-FN画像,0.3
M5-PARTNER-030,FN01 平等自主｜观察计划与用户输出,L1 FN伴侣功能画像,PARTNER-FN画像,通用,输出,FN01 平等自主,比肩,已形成主或次FN候选。,资料停止或PR0未通过。,由共享基础引擎与M5-BASE提供；只修正用户需要何种伴侣功能，不直接推断现实对象成熟度。,由M2提供；夫妻星与准入证据只说明谁容易进入关系，不能替代伴侣长期能力验证。,由M3-BASE提供；日支只帮助确定用户亲密关系中的功能需求，不直接描述具体伴侣人格。,无／按本规则指定的伴侣行为、场景或匹配模式路由。,近位、远位只修正用户对某项功能的优先级；不得据此断定现实伴侣一定具备。,根气只修正用户功能需求是否稳定重复，不等于具体对象已经稳定做到。,旺弱只修正需求强度、风险敏感度或匹配模式，不直接等于伴侣能力质量。,喜忌只修正用户对功能的承载与摩擦，不可直接翻译为理想伴侣五行、十神或人格。,真合化成立时按化神功能重算用户需求；合化争议时停止细化伴侣画像。,近位提高该功能进入亲密关系核心的可能；远位只保留背景或情境性观察。,76,不加分；生成观察计划,observation_plan,该功能最有辨识度的观察点是：重点观察：在意见不同、需要承担代价或必须共同决定时，对方是否仍尊重你的参与权。,重点观察：在意见不同、需要承担代价或必须共同决定时，对方是否仍尊重你的参与权。,不得仅凭本规则推出某个具体人必然适合、忠诚、成熟或长期稳定；不得推断职业、收入、外貌、家庭、生肖、五行；不得以命理要求容忍伤害、原谅、复合或继续关系。现实安全、持续行为、反例与双方意愿优先。,中高,待验证,,fn_code=FN01; ten_god_style=比肩; style=直接、平等、边界清楚; provisional=true; rule_group=PARTNER-FN画像,0.3
M5-PARTNER-031,FN02 共同行动｜功能画像定义,L1 FN伴侣功能画像,PARTNER-FN画像,通用,基础,FN02 共同行动,劫财,主适配需求或次需求已路由到该FN。,该FN只是PR3加分且与M4主风险冲突。,由共享基础引擎与M5-BASE提供；只修正用户需要何种伴侣功能，不直接推断现实对象成熟度。,由M2提供；夫妻星与准入证据只说明谁容易进入关系，不能替代伴侣长期能力验证。,由M3-BASE提供；日支只帮助确定用户亲密关系中的功能需求，不直接描述具体伴侣人格。,无／按本规则指定的伴侣行为、场景或匹配模式路由。,近位、远位只修正用户对某项功能的优先级；不得据此断定现实伴侣一定具备。,根气只修正用户功能需求是否稳定重复，不等于具体对象已经稳定做到。,旺弱只修正需求强度、风险敏感度或匹配模式，不直接等于伴侣能力质量。,喜忌只修正用户对功能的承载与摩擦，不可直接翻译为理想伴侣五行、十神或人格。,真合化成立时按化神功能重算用户需求；合化争议时停止细化伴侣画像。,近位提高该功能进入亲密关系核心的可能；远位只保留背景或情境性观察。,94,+20 主功能候选,primary_partner_function,FN02 共同行动的对象画像必须围绕可观察行为，不围绕人格标签。,你真正要验证的是：愿意及时参与、共同执行，并明确资源与责任范围。,不得仅凭本规则推出某个具体人必然适合、忠诚、成熟或长期稳定；不得推断职业、收入、外貌、家庭、生肖、五行；不得以命理要求容忍伤害、原谅、复合或继续关系。现实安全、持续行为、反例与双方意愿优先。,中高,待验证,,fn_code=FN02; ten_god_style=劫财; style=快速、参与感强、共同执行; provisional=true; rule_group=PARTNER-FN画像,0.3
M5-PARTNER-032,FN02 共同行动｜成熟稳定表达,L1 FN伴侣功能画像,PARTNER-FN画像,通用,成熟,FN02 共同行动,劫财,PV4以上，且PO02、PO03、PO05至少两项可靠。,只有自述、身份、一次行为或强反例。,由共享基础引擎与M5-BASE提供；只修正用户需要何种伴侣功能，不直接推断现实对象成熟度。,由M2提供；夫妻星与准入证据只说明谁容易进入关系，不能替代伴侣长期能力验证。,由M3-BASE提供；日支只帮助确定用户亲密关系中的功能需求，不直接描述具体伴侣人格。,无／按本规则指定的伴侣行为、场景或匹配模式路由。,近位、远位只修正用户对某项功能的优先级；不得据此断定现实伴侣一定具备。,根气只修正用户功能需求是否稳定重复，不等于具体对象已经稳定做到。,旺弱只修正需求强度、风险敏感度或匹配模式，不直接等于伴侣能力质量。,喜忌只修正用户对功能的承载与摩擦，不可直接翻译为理想伴侣五行、十神或人格。,真合化成立时按化神功能重算用户需求；合化争议时停止细化伴侣画像。,近位提高该功能进入亲密关系核心的可能；远位只保留背景或情境性观察。,90,+16 成熟画像,mature_behavior_profile,能够快速加入、补位和共同推进；行动前后说清楚谁负责什么、怎样持续跟进。,成熟表现是：能够快速加入、补位和共同推进；行动前后说清楚谁负责什么、怎样持续跟进。,不得仅凭本规则推出某个具体人必然适合、忠诚、成熟或长期稳定；不得推断职业、收入、外貌、家庭、生肖、五行；不得以命理要求容忍伤害、原谅、复合或继续关系。现实安全、持续行为、反例与双方意愿优先。,中高,待验证,,fn_code=FN02; ten_god_style=劫财; style=快速、参与感强、共同执行; provisional=true; rule_group=PARTNER-FN画像,0.3
M5-PARTNER-033,FN02 共同行动｜日常场景行为,L1 FN伴侣功能画像,PARTNER-FN画像,通用,场景,FN02 共同行动,劫财,存在SC01日常相处资料。,只使用高压事件推断日常。,由共享基础引擎与M5-BASE提供；只修正用户需要何种伴侣功能，不直接推断现实对象成熟度。,由M2提供；夫妻星与准入证据只说明谁容易进入关系，不能替代伴侣长期能力验证。,由M3-BASE提供；日支只帮助确定用户亲密关系中的功能需求，不直接描述具体伴侣人格。,无／按本规则指定的伴侣行为、场景或匹配模式路由。,近位、远位只修正用户对某项功能的优先级；不得据此断定现实伴侣一定具备。,根气只修正用户功能需求是否稳定重复，不等于具体对象已经稳定做到。,旺弱只修正需求强度、风险敏感度或匹配模式，不直接等于伴侣能力质量。,喜忌只修正用户对功能的承载与摩擦，不可直接翻译为理想伴侣五行、十神或人格。,真合化成立时按化神功能重算用户需求；合化争议时停止细化伴侣画像。,近位提高该功能进入亲密关系核心的可能；远位只保留背景或情境性观察。,78,+6 场景证据,daily_behavior_profile,愿意一起处理事务，也会保留各自擅长领域与个人节奏。,日常可以观察：愿意一起处理事务，也会保留各自擅长领域与个人节奏。,不得仅凭本规则推出某个具体人必然适合、忠诚、成熟或长期稳定；不得推断职业、收入、外貌、家庭、生肖、五行；不得以命理要求容忍伤害、原谅、复合或继续关系。现实安全、持续行为、反例与双方意愿优先。,中,待验证,,fn_code=FN02; ten_god_style=劫财; style=快速、参与感强、共同执行; provisional=true; rule_group=PARTNER-FN画像,0.3
M5-PARTNER-034,FN02 共同行动｜压力场景行为,L1 FN伴侣功能画像,PARTNER-FN画像,通用,场景,FN02 共同行动,劫财,存在SC04高压或PV5资料。,没有现实压力行为却根据十神猜测。,由共享基础引擎与M5-BASE提供；只修正用户需要何种伴侣功能，不直接推断现实对象成熟度。,由M2提供；夫妻星与准入证据只说明谁容易进入关系，不能替代伴侣长期能力验证。,由M3-BASE提供；日支只帮助确定用户亲密关系中的功能需求，不直接描述具体伴侣人格。,无／按本规则指定的伴侣行为、场景或匹配模式路由。,近位、远位只修正用户对某项功能的优先级；不得据此断定现实伴侣一定具备。,根气只修正用户功能需求是否稳定重复，不等于具体对象已经稳定做到。,旺弱只修正需求强度、风险敏感度或匹配模式，不直接等于伴侣能力质量。,喜忌只修正用户对功能的承载与摩擦，不可直接翻译为理想伴侣五行、十神或人格。,真合化成立时按化神功能重算用户需求；合化争议时停止细化伴侣画像。,近位提高该功能进入亲密关系核心的可能；远位只保留背景或情境性观察。,84,+10 压力证据,stress_behavior_profile,突发事件中能快速行动，但不会抢走全部决定权，事后会交代后续。,压力下可以观察：突发事件中能快速行动，但不会抢走全部决定权，事后会交代后续。,不得仅凭本规则推出某个具体人必然适合、忠诚、成熟或长期稳定；不得推断职业、收入、外貌、家庭、生肖、五行；不得以命理要求容忍伤害、原谅、复合或继续关系。现实安全、持续行为、反例与双方意愿优先。,中高,待验证,,fn_code=FN02; ten_god_style=劫财; style=快速、参与感强、共同执行; provisional=true; rule_group=PARTNER-FN画像,0.3
M5-PARTNER-035,FN02 共同行动｜冲突场景行为,L1 FN伴侣功能画像,PARTNER-FN画像,通用,场景,FN02 共同行动,劫财,存在SC03意见分歧资料。,只有平稳互动资料。,由共享基础引擎与M5-BASE提供；只修正用户需要何种伴侣功能，不直接推断现实对象成熟度。,由M2提供；夫妻星与准入证据只说明谁容易进入关系，不能替代伴侣长期能力验证。,由M3-BASE提供；日支只帮助确定用户亲密关系中的功能需求，不直接描述具体伴侣人格。,无／按本规则指定的伴侣行为、场景或匹配模式路由。,近位、远位只修正用户对某项功能的优先级；不得据此断定现实伴侣一定具备。,根气只修正用户功能需求是否稳定重复，不等于具体对象已经稳定做到。,旺弱只修正需求强度、风险敏感度或匹配模式，不直接等于伴侣能力质量。,喜忌只修正用户对功能的承载与摩擦，不可直接翻译为理想伴侣五行、十神或人格。,真合化成立时按化神功能重算用户需求；合化争议时停止细化伴侣画像。,近位提高该功能进入亲密关系核心的可能；远位只保留背景或情境性观察。,84,+10 冲突证据,conflict_behavior_profile,分歧时愿意边处理边调整，同时确认资源、权限和持续责任。,出现分歧时可以观察：分歧时愿意边处理边调整，同时确认资源、权限和持续责任。,不得仅凭本规则推出某个具体人必然适合、忠诚、成熟或长期稳定；不得推断职业、收入、外貌、家庭、生肖、五行；不得以命理要求容忍伤害、原谅、复合或继续关系。现实安全、持续行为、反例与双方意愿优先。,中高,待验证,,fn_code=FN02; ten_god_style=劫财; style=快速、参与感强、共同执行; provisional=true; rule_group=PARTNER-FN画像,0.3
M5-PARTNER-036,FN02 共同行动｜修复场景行为,L1 FN伴侣功能画像,PARTNER-FN画像,通用,场景,FN02 共同行动,劫财,存在SC07修复资料。,事件未结束或安全问题未处理。,由共享基础引擎与M5-BASE提供；只修正用户需要何种伴侣功能，不直接推断现实对象成熟度。,由M2提供；夫妻星与准入证据只说明谁容易进入关系，不能替代伴侣长期能力验证。,由M3-BASE提供；日支只帮助确定用户亲密关系中的功能需求，不直接描述具体伴侣人格。,无／按本规则指定的伴侣行为、场景或匹配模式路由。,近位、远位只修正用户对某项功能的优先级；不得据此断定现实伴侣一定具备。,根气只修正用户功能需求是否稳定重复，不等于具体对象已经稳定做到。,旺弱只修正需求强度、风险敏感度或匹配模式，不直接等于伴侣能力质量。,喜忌只修正用户对功能的承载与摩擦，不可直接翻译为理想伴侣五行、十神或人格。,真合化成立时按化神功能重算用户需求；合化争议时停止细化伴侣画像。,近位提高该功能进入亲密关系核心的可能；远位只保留背景或情境性观察。,86,+12 修复证据,repair_behavior_profile,会用具体补救和共同执行修复关系，并检查短期行动是否形成后续安排。,修复时可以观察：会用具体补救和共同执行修复关系，并检查短期行动是否形成后续安排。,不得仅凭本规则推出某个具体人必然适合、忠诚、成熟或长期稳定；不得推断职业、收入、外貌、家庭、生肖、五行；不得以命理要求容忍伤害、原谅、复合或继续关系。现实安全、持续行为、反例与双方意愿优先。,中高,待验证,,fn_code=FN02; ten_god_style=劫财; style=快速、参与感强、共同执行; provisional=true; rule_group=PARTNER-FN画像,0.3
M5-PARTNER-037,FN02 共同行动｜自主与边界要求,L1 FN伴侣功能画像,PARTNER-FN画像,通用,边界,FN02 共同行动,劫财,FN成为PR1或与M4边界机制相关。,边界只要求一方遵守。,由共享基础引擎与M5-BASE提供；只修正用户需要何种伴侣功能，不直接推断现实对象成熟度。,由M2提供；夫妻星与准入证据只说明谁容易进入关系，不能替代伴侣长期能力验证。,由M3-BASE提供；日支只帮助确定用户亲密关系中的功能需求，不直接描述具体伴侣人格。,无／按本规则指定的伴侣行为、场景或匹配模式路由。,近位、远位只修正用户对某项功能的优先级；不得据此断定现实伴侣一定具备。,根气只修正用户功能需求是否稳定重复，不等于具体对象已经稳定做到。,旺弱只修正需求强度、风险敏感度或匹配模式，不直接等于伴侣能力质量。,喜忌只修正用户对功能的承载与摩擦，不可直接翻译为理想伴侣五行、十神或人格。,真合化成立时按化神功能重算用户需求；合化争议时停止细化伴侣画像。,近位提高该功能进入亲密关系核心的可能；远位只保留背景或情境性观察。,90,+12 边界证据,boundary_behavior_profile,参与不等于包办；帮助前会确认范围，帮助后不会以投入换取控制。,边界方面需要：参与不等于包办；帮助前会确认范围，帮助后不会以投入换取控制。,不得仅凭本规则推出某个具体人必然适合、忠诚、成熟或长期稳定；不得推断职业、收入、外貌、家庭、生肖、五行；不得以命理要求容忍伤害、原谅、复合或继续关系。现实安全、持续行为、反例与双方意愿优先。,中高,待验证,,fn_code=FN02; ten_god_style=劫财; style=快速、参与感强、共同执行; provisional=true; rule_group=PARTNER-FN画像,0.3
M5-PARTNER-038,FN02 共同行动｜失衡表达候选,L1 FN伴侣功能画像,PARTNER-FN画像,通用,风险,FN02 共同行动,劫财,现实行为显示功能抢位、替代或断流。,只有功能强度，没有独立失衡证据。,由共享基础引擎与M5-BASE提供；只修正用户需要何种伴侣功能，不直接推断现实对象成熟度。,由M2提供；夫妻星与准入证据只说明谁容易进入关系，不能替代伴侣长期能力验证。,由M3-BASE提供；日支只帮助确定用户亲密关系中的功能需求，不直接描述具体伴侣人格。,无／按本规则指定的伴侣行为、场景或匹配模式路由。,近位、远位只修正用户对某项功能的优先级；不得据此断定现实伴侣一定具备。,根气只修正用户功能需求是否稳定重复，不等于具体对象已经稳定做到。,旺弱只修正需求强度、风险敏感度或匹配模式，不直接等于伴侣能力质量。,喜忌只修正用户对功能的承载与摩擦，不可直接翻译为理想伴侣五行、十神或人格。,真合化成立时按化神功能重算用户需求；合化争议时停止细化伴侣画像。,近位提高该功能进入亲密关系核心的可能；远位只保留背景或情境性观察。,82,风险候选 +10,unstable_expression_warning,初期参与度高、反应快，但持续跟进、分工和资源边界不稳定。,需要留意：初期参与度高、反应快，但持续跟进、分工和资源边界不稳定。,不得仅凭本规则推出某个具体人必然适合、忠诚、成熟或长期稳定；不得推断职业、收入、外貌、家庭、生肖、五行；不得以命理要求容忍伤害、原谅、复合或继续关系。现实安全、持续行为、反例与双方意愿优先。,中,待验证,,fn_code=FN02; ten_god_style=劫财; style=快速、参与感强、共同执行; provisional=true; rule_group=PARTNER-FN画像,0.3
M5-PARTNER-039,FN02 共同行动｜伪装／假阳性表达,L1 FN伴侣功能画像,PARTNER-FN画像,通用,伪适配,FN02 共同行动,劫财,外显标签或高光行为强，但PV低、跨场景不足。,PV5—PV7已支持成熟表达。,由共享基础引擎与M5-BASE提供；只修正用户需要何种伴侣功能，不直接推断现实对象成熟度。,由M2提供；夫妻星与准入证据只说明谁容易进入关系，不能替代伴侣长期能力验证。,由M3-BASE提供；日支只帮助确定用户亲密关系中的功能需求，不直接描述具体伴侣人格。,无／按本规则指定的伴侣行为、场景或匹配模式路由。,近位、远位只修正用户对某项功能的优先级；不得据此断定现实伴侣一定具备。,根气只修正用户功能需求是否稳定重复，不等于具体对象已经稳定做到。,旺弱只修正需求强度、风险敏感度或匹配模式，不直接等于伴侣能力质量。,喜忌只修正用户对功能的承载与摩擦，不可直接翻译为理想伴侣五行、十神或人格。,真合化成立时按化神功能重算用户需求；合化争议时停止细化伴侣画像。,近位提高该功能进入亲密关系核心的可能；远位只保留背景或情境性观察。,88,PM候选 +12,pseudo_fit_warning,用热情、忙前忙后或抢先处理制造可靠感，之后却不承担后续。,不要只看：用热情、忙前忙后或抢先处理制造可靠感，之后却不承担后续。,不得仅凭本规则推出某个具体人必然适合、忠诚、成熟或长期稳定；不得推断职业、收入、外貌、家庭、生肖、五行；不得以命理要求容忍伤害、原谅、复合或继续关系。现实安全、持续行为、反例与双方意愿优先。,中高,待验证,,fn_code=FN02; ten_god_style=劫财; style=快速、参与感强、共同执行; provisional=true; rule_group=PARTNER-FN画像,0.3
M5-PARTNER-040,FN02 共同行动｜观察计划与用户输出,L1 FN伴侣功能画像,PARTNER-FN画像,通用,输出,FN02 共同行动,劫财,已形成主或次FN候选。,资料停止或PR0未通过。,由共享基础引擎与M5-BASE提供；只修正用户需要何种伴侣功能，不直接推断现实对象成熟度。,由M2提供；夫妻星与准入证据只说明谁容易进入关系，不能替代伴侣长期能力验证。,由M3-BASE提供；日支只帮助确定用户亲密关系中的功能需求，不直接描述具体伴侣人格。,无／按本规则指定的伴侣行为、场景或匹配模式路由。,近位、远位只修正用户对某项功能的优先级；不得据此断定现实伴侣一定具备。,根气只修正用户功能需求是否稳定重复，不等于具体对象已经稳定做到。,旺弱只修正需求强度、风险敏感度或匹配模式，不直接等于伴侣能力质量。,喜忌只修正用户对功能的承载与摩擦，不可直接翻译为理想伴侣五行、十神或人格。,真合化成立时按化神功能重算用户需求；合化争议时停止细化伴侣画像。,近位提高该功能进入亲密关系核心的可能；远位只保留背景或情境性观察。,76,不加分；生成观察计划,observation_plan,该功能最有辨识度的观察点是：重点观察：热度下降后是否仍跟进，以及是否能在共同执行中说清责任和边界。,重点观察：热度下降后是否仍跟进，以及是否能在共同执行中说清责任和边界。,不得仅凭本规则推出某个具体人必然适合、忠诚、成熟或长期稳定；不得推断职业、收入、外貌、家庭、生肖、五行；不得以命理要求容忍伤害、原谅、复合或继续关系。现实安全、持续行为、反例与双方意愿优先。,中高,待验证,,fn_code=FN02; ten_god_style=劫财; style=快速、参与感强、共同执行; provisional=true; rule_group=PARTNER-FN画像,0.3
M5-PARTNER-041,FN03 舒适陪伴｜功能画像定义,L1 FN伴侣功能画像,PARTNER-FN画像,通用,基础,FN03 舒适陪伴,食神,主适配需求或次需求已路由到该FN。,该FN只是PR3加分且与M4主风险冲突。,由共享基础引擎与M5-BASE提供；只修正用户需要何种伴侣功能，不直接推断现实对象成熟度。,由M2提供；夫妻星与准入证据只说明谁容易进入关系，不能替代伴侣长期能力验证。,由M3-BASE提供；日支只帮助确定用户亲密关系中的功能需求，不直接描述具体伴侣人格。,无／按本规则指定的伴侣行为、场景或匹配模式路由。,近位、远位只修正用户对某项功能的优先级；不得据此断定现实伴侣一定具备。,根气只修正用户功能需求是否稳定重复，不等于具体对象已经稳定做到。,旺弱只修正需求强度、风险敏感度或匹配模式，不直接等于伴侣能力质量。,喜忌只修正用户对功能的承载与摩擦，不可直接翻译为理想伴侣五行、十神或人格。,真合化成立时按化神功能重算用户需求；合化争议时停止细化伴侣画像。,近位提高该功能进入亲密关系核心的可能；远位只保留背景或情境性观察。,94,+20 主功能候选,primary_partner_function,FN03 舒适陪伴的对象画像必须围绕可观察行为，不围绕人格标签。,你真正要验证的是：提供温度、低压力与稳定陪伴，同时不逃避重要问题。,不得仅凭本规则推出某个具体人必然适合、忠诚、成熟或长期稳定；不得推断职业、收入、外貌、家庭、生肖、五行；不得以命理要求容忍伤害、原谅、复合或继续关系。现实安全、持续行为、反例与双方意愿优先。,中高,待验证,,fn_code=FN03; ten_god_style=食神; style=温和、舒缓、生活化; provisional=true; rule_group=PARTNER-FN画像,0.3
M5-PARTNER-042,FN03 舒适陪伴｜成熟稳定表达,L1 FN伴侣功能画像,PARTNER-FN画像,通用,成熟,FN03 舒适陪伴,食神,PV4以上，且PO02、PO03、PO05至少两项可靠。,只有自述、身份、一次行为或强反例。,由共享基础引擎与M5-BASE提供；只修正用户需要何种伴侣功能，不直接推断现实对象成熟度。,由M2提供；夫妻星与准入证据只说明谁容易进入关系，不能替代伴侣长期能力验证。,由M3-BASE提供；日支只帮助确定用户亲密关系中的功能需求，不直接描述具体伴侣人格。,无／按本规则指定的伴侣行为、场景或匹配模式路由。,近位、远位只修正用户对某项功能的优先级；不得据此断定现实伴侣一定具备。,根气只修正用户功能需求是否稳定重复，不等于具体对象已经稳定做到。,旺弱只修正需求强度、风险敏感度或匹配模式，不直接等于伴侣能力质量。,喜忌只修正用户对功能的承载与摩擦，不可直接翻译为理想伴侣五行、十神或人格。,真合化成立时按化神功能重算用户需求；合化争议时停止细化伴侣画像。,近位提高该功能进入亲密关系核心的可能；远位只保留背景或情境性观察。,90,+16 成熟画像,mature_behavior_profile,会陪伴、安抚、照顾生活感受；情绪降低后主动回到关键议题。,成熟表现是：会陪伴、安抚、照顾生活感受；情绪降低后主动回到关键议题。,不得仅凭本规则推出某个具体人必然适合、忠诚、成熟或长期稳定；不得推断职业、收入、外貌、家庭、生肖、五行；不得以命理要求容忍伤害、原谅、复合或继续关系。现实安全、持续行为、反例与双方意愿优先。,中高,待验证,,fn_code=FN03; ten_god_style=食神; style=温和、舒缓、生活化; provisional=true; rule_group=PARTNER-FN画像,0.3
M5-PARTNER-043,FN03 舒适陪伴｜日常场景行为,L1 FN伴侣功能画像,PARTNER-FN画像,通用,场景,FN03 舒适陪伴,食神,存在SC01日常相处资料。,只使用高压事件推断日常。,由共享基础引擎与M5-BASE提供；只修正用户需要何种伴侣功能，不直接推断现实对象成熟度。,由M2提供；夫妻星与准入证据只说明谁容易进入关系，不能替代伴侣长期能力验证。,由M3-BASE提供；日支只帮助确定用户亲密关系中的功能需求，不直接描述具体伴侣人格。,无／按本规则指定的伴侣行为、场景或匹配模式路由。,近位、远位只修正用户对某项功能的优先级；不得据此断定现实伴侣一定具备。,根气只修正用户功能需求是否稳定重复，不等于具体对象已经稳定做到。,旺弱只修正需求强度、风险敏感度或匹配模式，不直接等于伴侣能力质量。,喜忌只修正用户对功能的承载与摩擦，不可直接翻译为理想伴侣五行、十神或人格。,真合化成立时按化神功能重算用户需求；合化争议时停止细化伴侣画像。,近位提高该功能进入亲密关系核心的可能；远位只保留背景或情境性观察。,78,+6 场景证据,daily_behavior_profile,愿意分享生活、照顾身体和情绪节奏，让相处有松弛感。,日常可以观察：愿意分享生活、照顾身体和情绪节奏，让相处有松弛感。,不得仅凭本规则推出某个具体人必然适合、忠诚、成熟或长期稳定；不得推断职业、收入、外貌、家庭、生肖、五行；不得以命理要求容忍伤害、原谅、复合或继续关系。现实安全、持续行为、反例与双方意愿优先。,中,待验证,,fn_code=FN03; ten_god_style=食神; style=温和、舒缓、生活化; provisional=true; rule_group=PARTNER-FN画像,0.3
M5-PARTNER-044,FN03 舒适陪伴｜压力场景行为,L1 FN伴侣功能画像,PARTNER-FN画像,通用,场景,FN03 舒适陪伴,食神,存在SC04高压或PV5资料。,没有现实压力行为却根据十神猜测。,由共享基础引擎与M5-BASE提供；只修正用户需要何种伴侣功能，不直接推断现实对象成熟度。,由M2提供；夫妻星与准入证据只说明谁容易进入关系，不能替代伴侣长期能力验证。,由M3-BASE提供；日支只帮助确定用户亲密关系中的功能需求，不直接描述具体伴侣人格。,无／按本规则指定的伴侣行为、场景或匹配模式路由。,近位、远位只修正用户对某项功能的优先级；不得据此断定现实伴侣一定具备。,根气只修正用户功能需求是否稳定重复，不等于具体对象已经稳定做到。,旺弱只修正需求强度、风险敏感度或匹配模式，不直接等于伴侣能力质量。,喜忌只修正用户对功能的承载与摩擦，不可直接翻译为理想伴侣五行、十神或人格。,真合化成立时按化神功能重算用户需求；合化争议时停止细化伴侣画像。,近位提高该功能进入亲密关系核心的可能；远位只保留背景或情境性观察。,84,+10 压力证据,stress_behavior_profile,先帮助双方降低强度，再约定何时回到问题，不用“别想太多”结束讨论。,压力下可以观察：先帮助双方降低强度，再约定何时回到问题，不用“别想太多”结束讨论。,不得仅凭本规则推出某个具体人必然适合、忠诚、成熟或长期稳定；不得推断职业、收入、外貌、家庭、生肖、五行；不得以命理要求容忍伤害、原谅、复合或继续关系。现实安全、持续行为、反例与双方意愿优先。,中高,待验证,,fn_code=FN03; ten_god_style=食神; style=温和、舒缓、生活化; provisional=true; rule_group=PARTNER-FN画像,0.3
M5-PARTNER-045,FN03 舒适陪伴｜冲突场景行为,L1 FN伴侣功能画像,PARTNER-FN画像,通用,场景,FN03 舒适陪伴,食神,存在SC03意见分歧资料。,只有平稳互动资料。,由共享基础引擎与M5-BASE提供；只修正用户需要何种伴侣功能，不直接推断现实对象成熟度。,由M2提供；夫妻星与准入证据只说明谁容易进入关系，不能替代伴侣长期能力验证。,由M3-BASE提供；日支只帮助确定用户亲密关系中的功能需求，不直接描述具体伴侣人格。,无／按本规则指定的伴侣行为、场景或匹配模式路由。,近位、远位只修正用户对某项功能的优先级；不得据此断定现实伴侣一定具备。,根气只修正用户功能需求是否稳定重复，不等于具体对象已经稳定做到。,旺弱只修正需求强度、风险敏感度或匹配模式，不直接等于伴侣能力质量。,喜忌只修正用户对功能的承载与摩擦，不可直接翻译为理想伴侣五行、十神或人格。,真合化成立时按化神功能重算用户需求；合化争议时停止细化伴侣画像。,近位提高该功能进入亲密关系核心的可能；远位只保留背景或情境性观察。,84,+10 冲突证据,conflict_behavior_profile,能够缓冲语气和气氛，同时承认分歧仍需要处理。,出现分歧时可以观察：能够缓冲语气和气氛，同时承认分歧仍需要处理。,不得仅凭本规则推出某个具体人必然适合、忠诚、成熟或长期稳定；不得推断职业、收入、外貌、家庭、生肖、五行；不得以命理要求容忍伤害、原谅、复合或继续关系。现实安全、持续行为、反例与双方意愿优先。,中高,待验证,,fn_code=FN03; ten_god_style=食神; style=温和、舒缓、生活化; provisional=true; rule_group=PARTNER-FN画像,0.3
M5-PARTNER-046,FN03 舒适陪伴｜修复场景行为,L1 FN伴侣功能画像,PARTNER-FN画像,通用,场景,FN03 舒适陪伴,食神,存在SC07修复资料。,事件未结束或安全问题未处理。,由共享基础引擎与M5-BASE提供；只修正用户需要何种伴侣功能，不直接推断现实对象成熟度。,由M2提供；夫妻星与准入证据只说明谁容易进入关系，不能替代伴侣长期能力验证。,由M3-BASE提供；日支只帮助确定用户亲密关系中的功能需求，不直接描述具体伴侣人格。,无／按本规则指定的伴侣行为、场景或匹配模式路由。,近位、远位只修正用户对某项功能的优先级；不得据此断定现实伴侣一定具备。,根气只修正用户功能需求是否稳定重复，不等于具体对象已经稳定做到。,旺弱只修正需求强度、风险敏感度或匹配模式，不直接等于伴侣能力质量。,喜忌只修正用户对功能的承载与摩擦，不可直接翻译为理想伴侣五行、十神或人格。,真合化成立时按化神功能重算用户需求；合化争议时停止细化伴侣画像。,近位提高该功能进入亲密关系核心的可能；远位只保留背景或情境性观察。,86,+12 修复证据,repair_behavior_profile,通过陪伴恢复连接，也会配合责任、边界和后续行动完成修复。,修复时可以观察：通过陪伴恢复连接，也会配合责任、边界和后续行动完成修复。,不得仅凭本规则推出某个具体人必然适合、忠诚、成熟或长期稳定；不得推断职业、收入、外貌、家庭、生肖、五行；不得以命理要求容忍伤害、原谅、复合或继续关系。现实安全、持续行为、反例与双方意愿优先。,中高,待验证,,fn_code=FN03; ten_god_style=食神; style=温和、舒缓、生活化; provisional=true; rule_group=PARTNER-FN画像,0.3
M5-PARTNER-047,FN03 舒适陪伴｜自主与边界要求,L1 FN伴侣功能画像,PARTNER-FN画像,通用,边界,FN03 舒适陪伴,食神,FN成为PR1或与M4边界机制相关。,边界只要求一方遵守。,由共享基础引擎与M5-BASE提供；只修正用户需要何种伴侣功能，不直接推断现实对象成熟度。,由M2提供；夫妻星与准入证据只说明谁容易进入关系，不能替代伴侣长期能力验证。,由M3-BASE提供；日支只帮助确定用户亲密关系中的功能需求，不直接描述具体伴侣人格。,无／按本规则指定的伴侣行为、场景或匹配模式路由。,近位、远位只修正用户对某项功能的优先级；不得据此断定现实伴侣一定具备。,根气只修正用户功能需求是否稳定重复，不等于具体对象已经稳定做到。,旺弱只修正需求强度、风险敏感度或匹配模式，不直接等于伴侣能力质量。,喜忌只修正用户对功能的承载与摩擦，不可直接翻译为理想伴侣五行、十神或人格。,真合化成立时按化神功能重算用户需求；合化争议时停止细化伴侣画像。,近位提高该功能进入亲密关系核心的可能；远位只保留背景或情境性观察。,90,+12 边界证据,boundary_behavior_profile,不会以“为你好”强迫靠近；尊重对方需要安静或暂缓的时刻。,边界方面需要：不会以“为你好”强迫靠近；尊重对方需要安静或暂缓的时刻。,不得仅凭本规则推出某个具体人必然适合、忠诚、成熟或长期稳定；不得推断职业、收入、外貌、家庭、生肖、五行；不得以命理要求容忍伤害、原谅、复合或继续关系。现实安全、持续行为、反例与双方意愿优先。,中高,待验证,,fn_code=FN03; ten_god_style=食神; style=温和、舒缓、生活化; provisional=true; rule_group=PARTNER-FN画像,0.3
M5-PARTNER-048,FN03 舒适陪伴｜失衡表达候选,L1 FN伴侣功能画像,PARTNER-FN画像,通用,风险,FN03 舒适陪伴,食神,现实行为显示功能抢位、替代或断流。,只有功能强度，没有独立失衡证据。,由共享基础引擎与M5-BASE提供；只修正用户需要何种伴侣功能，不直接推断现实对象成熟度。,由M2提供；夫妻星与准入证据只说明谁容易进入关系，不能替代伴侣长期能力验证。,由M3-BASE提供；日支只帮助确定用户亲密关系中的功能需求，不直接描述具体伴侣人格。,无／按本规则指定的伴侣行为、场景或匹配模式路由。,近位、远位只修正用户对某项功能的优先级；不得据此断定现实伴侣一定具备。,根气只修正用户功能需求是否稳定重复，不等于具体对象已经稳定做到。,旺弱只修正需求强度、风险敏感度或匹配模式，不直接等于伴侣能力质量。,喜忌只修正用户对功能的承载与摩擦，不可直接翻译为理想伴侣五行、十神或人格。,真合化成立时按化神功能重算用户需求；合化争议时停止细化伴侣画像。,近位提高该功能进入亲密关系核心的可能；远位只保留背景或情境性观察。,82,风险候选 +10,unstable_expression_warning,容易只维持舒服与和谐，把困难议题长期推迟。,需要留意：容易只维持舒服与和谐，把困难议题长期推迟。,不得仅凭本规则推出某个具体人必然适合、忠诚、成熟或长期稳定；不得推断职业、收入、外貌、家庭、生肖、五行；不得以命理要求容忍伤害、原谅、复合或继续关系。现实安全、持续行为、反例与双方意愿优先。,中,待验证,,fn_code=FN03; ten_god_style=食神; style=温和、舒缓、生活化; provisional=true; rule_group=PARTNER-FN画像,0.3
M5-PARTNER-049,FN03 舒适陪伴｜伪装／假阳性表达,L1 FN伴侣功能画像,PARTNER-FN画像,通用,伪适配,FN03 舒适陪伴,食神,外显标签或高光行为强，但PV低、跨场景不足。,PV5—PV7已支持成熟表达。,由共享基础引擎与M5-BASE提供；只修正用户需要何种伴侣功能，不直接推断现实对象成熟度。,由M2提供；夫妻星与准入证据只说明谁容易进入关系，不能替代伴侣长期能力验证。,由M3-BASE提供；日支只帮助确定用户亲密关系中的功能需求，不直接描述具体伴侣人格。,无／按本规则指定的伴侣行为、场景或匹配模式路由。,近位、远位只修正用户对某项功能的优先级；不得据此断定现实伴侣一定具备。,根气只修正用户功能需求是否稳定重复，不等于具体对象已经稳定做到。,旺弱只修正需求强度、风险敏感度或匹配模式，不直接等于伴侣能力质量。,喜忌只修正用户对功能的承载与摩擦，不可直接翻译为理想伴侣五行、十神或人格。,真合化成立时按化神功能重算用户需求；合化争议时停止细化伴侣画像。,近位提高该功能进入亲密关系核心的可能；远位只保留背景或情境性观察。,88,PM候选 +12,pseudo_fit_warning,很会营造温柔、轻松和体贴感，却在责任、承诺或冲突时持续回避。,不要只看：很会营造温柔、轻松和体贴感，却在责任、承诺或冲突时持续回避。,不得仅凭本规则推出某个具体人必然适合、忠诚、成熟或长期稳定；不得推断职业、收入、外貌、家庭、生肖、五行；不得以命理要求容忍伤害、原谅、复合或继续关系。现实安全、持续行为、反例与双方意愿优先。,中高,待验证,,fn_code=FN03; ten_god_style=食神; style=温和、舒缓、生活化; provisional=true; rule_group=PARTNER-FN画像,0.3
M5-PARTNER-050,FN03 舒适陪伴｜观察计划与用户输出,L1 FN伴侣功能画像,PARTNER-FN画像,通用,输出,FN03 舒适陪伴,食神,已形成主或次FN候选。,资料停止或PR0未通过。,由共享基础引擎与M5-BASE提供；只修正用户需要何种伴侣功能，不直接推断现实对象成熟度。,由M2提供；夫妻星与准入证据只说明谁容易进入关系，不能替代伴侣长期能力验证。,由M3-BASE提供；日支只帮助确定用户亲密关系中的功能需求，不直接描述具体伴侣人格。,无／按本规则指定的伴侣行为、场景或匹配模式路由。,近位、远位只修正用户对某项功能的优先级；不得据此断定现实伴侣一定具备。,根气只修正用户功能需求是否稳定重复，不等于具体对象已经稳定做到。,旺弱只修正需求强度、风险敏感度或匹配模式，不直接等于伴侣能力质量。,喜忌只修正用户对功能的承载与摩擦，不可直接翻译为理想伴侣五行、十神或人格。,真合化成立时按化神功能重算用户需求；合化争议时停止细化伴侣画像。,近位提高该功能进入亲密关系核心的可能；远位只保留背景或情境性观察。,76,不加分；生成观察计划,observation_plan,该功能最有辨识度的观察点是：重点观察：关系不舒服时，对方能否在安抚之后重新进入问题处理。,重点观察：关系不舒服时，对方能否在安抚之后重新进入问题处理。,不得仅凭本规则推出某个具体人必然适合、忠诚、成熟或长期稳定；不得推断职业、收入、外貌、家庭、生肖、五行；不得以命理要求容忍伤害、原谅、复合或继续关系。现实安全、持续行为、反例与双方意愿优先。,中高,待验证,,fn_code=FN03; ten_god_style=食神; style=温和、舒缓、生活化; provisional=true; rule_group=PARTNER-FN画像,0.3
M5-PARTNER-051,FN04 清晰反馈｜功能画像定义,L1 FN伴侣功能画像,PARTNER-FN画像,通用,基础,FN04 清晰反馈,伤官,主适配需求或次需求已路由到该FN。,该FN只是PR3加分且与M4主风险冲突。,由共享基础引擎与M5-BASE提供；只修正用户需要何种伴侣功能，不直接推断现实对象成熟度。,由M2提供；夫妻星与准入证据只说明谁容易进入关系，不能替代伴侣长期能力验证。,由M3-BASE提供；日支只帮助确定用户亲密关系中的功能需求，不直接描述具体伴侣人格。,无／按本规则指定的伴侣行为、场景或匹配模式路由。,近位、远位只修正用户对某项功能的优先级；不得据此断定现实伴侣一定具备。,根气只修正用户功能需求是否稳定重复，不等于具体对象已经稳定做到。,旺弱只修正需求强度、风险敏感度或匹配模式，不直接等于伴侣能力质量。,喜忌只修正用户对功能的承载与摩擦，不可直接翻译为理想伴侣五行、十神或人格。,真合化成立时按化神功能重算用户需求；合化争议时停止细化伴侣画像。,近位提高该功能进入亲密关系核心的可能；远位只保留背景或情境性观察。,94,+20 主功能候选,primary_partner_function,FN04 清晰反馈的对象画像必须围绕可观察行为，不围绕人格标签。,你真正要验证的是：能说清、听懂、复述理解，并根据反馈调整。,不得仅凭本规则推出某个具体人必然适合、忠诚、成熟或长期稳定；不得推断职业、收入、外貌、家庭、生肖、五行；不得以命理要求容忍伤害、原谅、复合或继续关系。现实安全、持续行为、反例与双方意愿优先。,中高,待验证,,fn_code=FN04; ten_god_style=伤官; style=清楚、分析、反馈导向; provisional=true; rule_group=PARTNER-FN画像,0.3
M5-PARTNER-052,FN04 清晰反馈｜成熟稳定表达,L1 FN伴侣功能画像,PARTNER-FN画像,通用,成熟,FN04 清晰反馈,伤官,PV4以上，且PO02、PO03、PO05至少两项可靠。,只有自述、身份、一次行为或强反例。,由共享基础引擎与M5-BASE提供；只修正用户需要何种伴侣功能，不直接推断现实对象成熟度。,由M2提供；夫妻星与准入证据只说明谁容易进入关系，不能替代伴侣长期能力验证。,由M3-BASE提供；日支只帮助确定用户亲密关系中的功能需求，不直接描述具体伴侣人格。,无／按本规则指定的伴侣行为、场景或匹配模式路由。,近位、远位只修正用户对某项功能的优先级；不得据此断定现实伴侣一定具备。,根气只修正用户功能需求是否稳定重复，不等于具体对象已经稳定做到。,旺弱只修正需求强度、风险敏感度或匹配模式，不直接等于伴侣能力质量。,喜忌只修正用户对功能的承载与摩擦，不可直接翻译为理想伴侣五行、十神或人格。,真合化成立时按化神功能重算用户需求；合化争议时停止细化伴侣画像。,近位提高该功能进入亲密关系核心的可能；远位只保留背景或情境性观察。,90,+16 成熟画像,mature_behavior_profile,会表达事实、感受和观点；愿意复述理解、接受反驳并调整方案。,成熟表现是：会表达事实、感受和观点；愿意复述理解、接受反驳并调整方案。,不得仅凭本规则推出某个具体人必然适合、忠诚、成熟或长期稳定；不得推断职业、收入、外貌、家庭、生肖、五行；不得以命理要求容忍伤害、原谅、复合或继续关系。现实安全、持续行为、反例与双方意愿优先。,中高,待验证,,fn_code=FN04; ten_god_style=伤官; style=清楚、分析、反馈导向; provisional=true; rule_group=PARTNER-FN画像,0.3
M5-PARTNER-053,FN04 清晰反馈｜日常场景行为,L1 FN伴侣功能画像,PARTNER-FN画像,通用,场景,FN04 清晰反馈,伤官,存在SC01日常相处资料。,只使用高压事件推断日常。,由共享基础引擎与M5-BASE提供；只修正用户需要何种伴侣功能，不直接推断现实对象成熟度。,由M2提供；夫妻星与准入证据只说明谁容易进入关系，不能替代伴侣长期能力验证。,由M3-BASE提供；日支只帮助确定用户亲密关系中的功能需求，不直接描述具体伴侣人格。,无／按本规则指定的伴侣行为、场景或匹配模式路由。,近位、远位只修正用户对某项功能的优先级；不得据此断定现实伴侣一定具备。,根气只修正用户功能需求是否稳定重复，不等于具体对象已经稳定做到。,旺弱只修正需求强度、风险敏感度或匹配模式，不直接等于伴侣能力质量。,喜忌只修正用户对功能的承载与摩擦，不可直接翻译为理想伴侣五行、十神或人格。,真合化成立时按化神功能重算用户需求；合化争议时停止细化伴侣画像。,近位提高该功能进入亲密关系核心的可能；远位只保留背景或情境性观察。,78,+6 场景证据,daily_behavior_profile,能把小问题及时说清，不靠猜测和积累；也给对方完整表达空间。,日常可以观察：能把小问题及时说清，不靠猜测和积累；也给对方完整表达空间。,不得仅凭本规则推出某个具体人必然适合、忠诚、成熟或长期稳定；不得推断职业、收入、外貌、家庭、生肖、五行；不得以命理要求容忍伤害、原谅、复合或继续关系。现实安全、持续行为、反例与双方意愿优先。,中,待验证,,fn_code=FN04; ten_god_style=伤官; style=清楚、分析、反馈导向; provisional=true; rule_group=PARTNER-FN画像,0.3
M5-PARTNER-054,FN04 清晰反馈｜压力场景行为,L1 FN伴侣功能画像,PARTNER-FN画像,通用,场景,FN04 清晰反馈,伤官,存在SC04高压或PV5资料。,没有现实压力行为却根据十神猜测。,由共享基础引擎与M5-BASE提供；只修正用户需要何种伴侣功能，不直接推断现实对象成熟度。,由M2提供；夫妻星与准入证据只说明谁容易进入关系，不能替代伴侣长期能力验证。,由M3-BASE提供；日支只帮助确定用户亲密关系中的功能需求，不直接描述具体伴侣人格。,无／按本规则指定的伴侣行为、场景或匹配模式路由。,近位、远位只修正用户对某项功能的优先级；不得据此断定现实伴侣一定具备。,根气只修正用户功能需求是否稳定重复，不等于具体对象已经稳定做到。,旺弱只修正需求强度、风险敏感度或匹配模式，不直接等于伴侣能力质量。,喜忌只修正用户对功能的承载与摩擦，不可直接翻译为理想伴侣五行、十神或人格。,真合化成立时按化神功能重算用户需求；合化争议时停止细化伴侣画像。,近位提高该功能进入亲密关系核心的可能；远位只保留背景或情境性观察。,84,+10 压力证据,stress_behavior_profile,信息复杂时会拆分问题、核对事实，不用语言强度压过对方。,压力下可以观察：信息复杂时会拆分问题、核对事实，不用语言强度压过对方。,不得仅凭本规则推出某个具体人必然适合、忠诚、成熟或长期稳定；不得推断职业、收入、外貌、家庭、生肖、五行；不得以命理要求容忍伤害、原谅、复合或继续关系。现实安全、持续行为、反例与双方意愿优先。,中高,待验证,,fn_code=FN04; ten_god_style=伤官; style=清楚、分析、反馈导向; provisional=true; rule_group=PARTNER-FN画像,0.3
M5-PARTNER-055,FN04 清晰反馈｜冲突场景行为,L1 FN伴侣功能画像,PARTNER-FN画像,通用,场景,FN04 清晰反馈,伤官,存在SC03意见分歧资料。,只有平稳互动资料。,由共享基础引擎与M5-BASE提供；只修正用户需要何种伴侣功能，不直接推断现实对象成熟度。,由M2提供；夫妻星与准入证据只说明谁容易进入关系，不能替代伴侣长期能力验证。,由M3-BASE提供；日支只帮助确定用户亲密关系中的功能需求，不直接描述具体伴侣人格。,无／按本规则指定的伴侣行为、场景或匹配模式路由。,近位、远位只修正用户对某项功能的优先级；不得据此断定现实伴侣一定具备。,根气只修正用户功能需求是否稳定重复，不等于具体对象已经稳定做到。,旺弱只修正需求强度、风险敏感度或匹配模式，不直接等于伴侣能力质量。,喜忌只修正用户对功能的承载与摩擦，不可直接翻译为理想伴侣五行、十神或人格。,真合化成立时按化神功能重算用户需求；合化争议时停止细化伴侣画像。,近位提高该功能进入亲密关系核心的可能；远位只保留背景或情境性观察。,84,+10 冲突证据,conflict_behavior_profile,既说明自己的逻辑，也会问“我理解得对不对”，把反馈纳入下一步。,出现分歧时可以观察：既说明自己的逻辑，也会问“我理解得对不对”，把反馈纳入下一步。,不得仅凭本规则推出某个具体人必然适合、忠诚、成熟或长期稳定；不得推断职业、收入、外貌、家庭、生肖、五行；不得以命理要求容忍伤害、原谅、复合或继续关系。现实安全、持续行为、反例与双方意愿优先。,中高,待验证,,fn_code=FN04; ten_god_style=伤官; style=清楚、分析、反馈导向; provisional=true; rule_group=PARTNER-FN画像,0.3
M5-PARTNER-056,FN04 清晰反馈｜修复场景行为,L1 FN伴侣功能画像,PARTNER-FN画像,通用,场景,FN04 清晰反馈,伤官,存在SC07修复资料。,事件未结束或安全问题未处理。,由共享基础引擎与M5-BASE提供；只修正用户需要何种伴侣功能，不直接推断现实对象成熟度。,由M2提供；夫妻星与准入证据只说明谁容易进入关系，不能替代伴侣长期能力验证。,由M3-BASE提供；日支只帮助确定用户亲密关系中的功能需求，不直接描述具体伴侣人格。,无／按本规则指定的伴侣行为、场景或匹配模式路由。,近位、远位只修正用户对某项功能的优先级；不得据此断定现实伴侣一定具备。,根气只修正用户功能需求是否稳定重复，不等于具体对象已经稳定做到。,旺弱只修正需求强度、风险敏感度或匹配模式，不直接等于伴侣能力质量。,喜忌只修正用户对功能的承载与摩擦，不可直接翻译为理想伴侣五行、十神或人格。,真合化成立时按化神功能重算用户需求；合化争议时停止细化伴侣画像。,近位提高该功能进入亲密关系核心的可能；远位只保留背景或情境性观察。,86,+12 修复证据,repair_behavior_profile,能够解释原因但不把解释当免责；会听取影响并转成改变。,修复时可以观察：能够解释原因但不把解释当免责；会听取影响并转成改变。,不得仅凭本规则推出某个具体人必然适合、忠诚、成熟或长期稳定；不得推断职业、收入、外貌、家庭、生肖、五行；不得以命理要求容忍伤害、原谅、复合或继续关系。现实安全、持续行为、反例与双方意愿优先。,中高,待验证,,fn_code=FN04; ten_god_style=伤官; style=清楚、分析、反馈导向; provisional=true; rule_group=PARTNER-FN画像,0.3
M5-PARTNER-057,FN04 清晰反馈｜自主与边界要求,L1 FN伴侣功能画像,PARTNER-FN画像,通用,边界,FN04 清晰反馈,伤官,FN成为PR1或与M4边界机制相关。,边界只要求一方遵守。,由共享基础引擎与M5-BASE提供；只修正用户需要何种伴侣功能，不直接推断现实对象成熟度。,由M2提供；夫妻星与准入证据只说明谁容易进入关系，不能替代伴侣长期能力验证。,由M3-BASE提供；日支只帮助确定用户亲密关系中的功能需求，不直接描述具体伴侣人格。,无／按本规则指定的伴侣行为、场景或匹配模式路由。,近位、远位只修正用户对某项功能的优先级；不得据此断定现实伴侣一定具备。,根气只修正用户功能需求是否稳定重复，不等于具体对象已经稳定做到。,旺弱只修正需求强度、风险敏感度或匹配模式，不直接等于伴侣能力质量。,喜忌只修正用户对功能的承载与摩擦，不可直接翻译为理想伴侣五行、十神或人格。,真合化成立时按化神功能重算用户需求；合化争议时停止细化伴侣画像。,近位提高该功能进入亲密关系核心的可能；远位只保留背景或情境性观察。,90,+12 边界证据,boundary_behavior_profile,表达直接但尊重停止线，不用“讲道理”否定对方感受与选择。,边界方面需要：表达直接但尊重停止线，不用“讲道理”否定对方感受与选择。,不得仅凭本规则推出某个具体人必然适合、忠诚、成熟或长期稳定；不得推断职业、收入、外貌、家庭、生肖、五行；不得以命理要求容忍伤害、原谅、复合或继续关系。现实安全、持续行为、反例与双方意愿优先。,中高,待验证,,fn_code=FN04; ten_god_style=伤官; style=清楚、分析、反馈导向; provisional=true; rule_group=PARTNER-FN画像,0.3
M5-PARTNER-058,FN04 清晰反馈｜失衡表达候选,L1 FN伴侣功能画像,PARTNER-FN画像,通用,风险,FN04 清晰反馈,伤官,现实行为显示功能抢位、替代或断流。,只有功能强度，没有独立失衡证据。,由共享基础引擎与M5-BASE提供；只修正用户需要何种伴侣功能，不直接推断现实对象成熟度。,由M2提供；夫妻星与准入证据只说明谁容易进入关系，不能替代伴侣长期能力验证。,由M3-BASE提供；日支只帮助确定用户亲密关系中的功能需求，不直接描述具体伴侣人格。,无／按本规则指定的伴侣行为、场景或匹配模式路由。,近位、远位只修正用户对某项功能的优先级；不得据此断定现实伴侣一定具备。,根气只修正用户功能需求是否稳定重复，不等于具体对象已经稳定做到。,旺弱只修正需求强度、风险敏感度或匹配模式，不直接等于伴侣能力质量。,喜忌只修正用户对功能的承载与摩擦，不可直接翻译为理想伴侣五行、十神或人格。,真合化成立时按化神功能重算用户需求；合化争议时停止细化伴侣画像。,近位提高该功能进入亲密关系核心的可能；远位只保留背景或情境性观察。,82,风险候选 +10,unstable_expression_warning,容易解释过量、抢占话语或把“我说清了”当作“你已经被理解”。,需要留意：容易解释过量、抢占话语或把“我说清了”当作“你已经被理解”。,不得仅凭本规则推出某个具体人必然适合、忠诚、成熟或长期稳定；不得推断职业、收入、外貌、家庭、生肖、五行；不得以命理要求容忍伤害、原谅、复合或继续关系。现实安全、持续行为、反例与双方意愿优先。,中,待验证,,fn_code=FN04; ten_god_style=伤官; style=清楚、分析、反馈导向; provisional=true; rule_group=PARTNER-FN画像,0.3
M5-PARTNER-059,FN04 清晰反馈｜伪装／假阳性表达,L1 FN伴侣功能画像,PARTNER-FN画像,通用,伪适配,FN04 清晰反馈,伤官,外显标签或高光行为强，但PV低、跨场景不足。,PV5—PV7已支持成熟表达。,由共享基础引擎与M5-BASE提供；只修正用户需要何种伴侣功能，不直接推断现实对象成熟度。,由M2提供；夫妻星与准入证据只说明谁容易进入关系，不能替代伴侣长期能力验证。,由M3-BASE提供；日支只帮助确定用户亲密关系中的功能需求，不直接描述具体伴侣人格。,无／按本规则指定的伴侣行为、场景或匹配模式路由。,近位、远位只修正用户对某项功能的优先级；不得据此断定现实伴侣一定具备。,根气只修正用户功能需求是否稳定重复，不等于具体对象已经稳定做到。,旺弱只修正需求强度、风险敏感度或匹配模式，不直接等于伴侣能力质量。,喜忌只修正用户对功能的承载与摩擦，不可直接翻译为理想伴侣五行、十神或人格。,真合化成立时按化神功能重算用户需求；合化争议时停止细化伴侣画像。,近位提高该功能进入亲密关系核心的可能；远位只保留背景或情境性观察。,88,PM候选 +12,pseudo_fit_warning,谈吐聪明、分析完整、观点鲜明，却很少真正倾听或调整。,不要只看：谈吐聪明、分析完整、观点鲜明，却很少真正倾听或调整。,不得仅凭本规则推出某个具体人必然适合、忠诚、成熟或长期稳定；不得推断职业、收入、外貌、家庭、生肖、五行；不得以命理要求容忍伤害、原谅、复合或继续关系。现实安全、持续行为、反例与双方意愿优先。,中高,待验证,,fn_code=FN04; ten_god_style=伤官; style=清楚、分析、反馈导向; provisional=true; rule_group=PARTNER-FN画像,0.3
M5-PARTNER-060,FN04 清晰反馈｜观察计划与用户输出,L1 FN伴侣功能画像,PARTNER-FN画像,通用,输出,FN04 清晰反馈,伤官,已形成主或次FN候选。,资料停止或PR0未通过。,由共享基础引擎与M5-BASE提供；只修正用户需要何种伴侣功能，不直接推断现实对象成熟度。,由M2提供；夫妻星与准入证据只说明谁容易进入关系，不能替代伴侣长期能力验证。,由M3-BASE提供；日支只帮助确定用户亲密关系中的功能需求，不直接描述具体伴侣人格。,无／按本规则指定的伴侣行为、场景或匹配模式路由。,近位、远位只修正用户对某项功能的优先级；不得据此断定现实伴侣一定具备。,根气只修正用户功能需求是否稳定重复，不等于具体对象已经稳定做到。,旺弱只修正需求强度、风险敏感度或匹配模式，不直接等于伴侣能力质量。,喜忌只修正用户对功能的承载与摩擦，不可直接翻译为理想伴侣五行、十神或人格。,真合化成立时按化神功能重算用户需求；合化争议时停止细化伴侣画像。,近位提高该功能进入亲密关系核心的可能；远位只保留背景或情境性观察。,76,不加分；生成观察计划,observation_plan,该功能最有辨识度的观察点是：重点观察：对方被指出理解有误时，是否会修正，而不是继续证明自己。,重点观察：对方被指出理解有误时，是否会修正，而不是继续证明自己。,不得仅凭本规则推出某个具体人必然适合、忠诚、成熟或长期稳定；不得推断职业、收入、外貌、家庭、生肖、五行；不得以命理要求容忍伤害、原谅、复合或继续关系。现实安全、持续行为、反例与双方意愿优先。,中高,待验证,,fn_code=FN04; ten_god_style=伤官; style=清楚、分析、反馈导向; provisional=true; rule_group=PARTNER-FN画像,0.3
M5-PARTNER-061,FN05 稳定经营｜功能画像定义,L1 FN伴侣功能画像,PARTNER-FN画像,通用,基础,FN05 稳定经营,正财,主适配需求或次需求已路由到该FN。,该FN只是PR3加分且与M4主风险冲突。,由共享基础引擎与M5-BASE提供；只修正用户需要何种伴侣功能，不直接推断现实对象成熟度。,由M2提供；夫妻星与准入证据只说明谁容易进入关系，不能替代伴侣长期能力验证。,由M3-BASE提供；日支只帮助确定用户亲密关系中的功能需求，不直接描述具体伴侣人格。,无／按本规则指定的伴侣行为、场景或匹配模式路由。,近位、远位只修正用户对某项功能的优先级；不得据此断定现实伴侣一定具备。,根气只修正用户功能需求是否稳定重复，不等于具体对象已经稳定做到。,旺弱只修正需求强度、风险敏感度或匹配模式，不直接等于伴侣能力质量。,喜忌只修正用户对功能的承载与摩擦，不可直接翻译为理想伴侣五行、十神或人格。,真合化成立时按化神功能重算用户需求；合化争议时停止细化伴侣画像。,近位提高该功能进入亲密关系核心的可能；远位只保留背景或情境性观察。,94,+20 主功能候选,primary_partner_function,FN05 稳定经营的对象画像必须围绕可观察行为，不围绕人格标签。,你真正要验证的是：持续投入时间、精力、资源和现实安排。,不得仅凭本规则推出某个具体人必然适合、忠诚、成熟或长期稳定；不得推断职业、收入、外貌、家庭、生肖、五行；不得以命理要求容忍伤害、原谅、复合或继续关系。现实安全、持续行为、反例与双方意愿优先。,中高,待验证,,fn_code=FN05; ten_god_style=正财; style=稳定、务实、持续经营; provisional=true; rule_group=PARTNER-FN画像,0.3
M5-PARTNER-062,FN05 稳定经营｜成熟稳定表达,L1 FN伴侣功能画像,PARTNER-FN画像,通用,成熟,FN05 稳定经营,正财,PV4以上，且PO02、PO03、PO05至少两项可靠。,只有自述、身份、一次行为或强反例。,由共享基础引擎与M5-BASE提供；只修正用户需要何种伴侣功能，不直接推断现实对象成熟度。,由M2提供；夫妻星与准入证据只说明谁容易进入关系，不能替代伴侣长期能力验证。,由M3-BASE提供；日支只帮助确定用户亲密关系中的功能需求，不直接描述具体伴侣人格。,无／按本规则指定的伴侣行为、场景或匹配模式路由。,近位、远位只修正用户对某项功能的优先级；不得据此断定现实伴侣一定具备。,根气只修正用户功能需求是否稳定重复，不等于具体对象已经稳定做到。,旺弱只修正需求强度、风险敏感度或匹配模式，不直接等于伴侣能力质量。,喜忌只修正用户对功能的承载与摩擦，不可直接翻译为理想伴侣五行、十神或人格。,真合化成立时按化神功能重算用户需求；合化争议时停止细化伴侣画像。,近位提高该功能进入亲密关系核心的可能；远位只保留背景或情境性观察。,90,+16 成熟画像,mature_behavior_profile,把在意落实为稳定的联系、安排、分工与生活投入，并能长期保持。,成熟表现是：把在意落实为稳定的联系、安排、分工与生活投入，并能长期保持。,不得仅凭本规则推出某个具体人必然适合、忠诚、成熟或长期稳定；不得推断职业、收入、外貌、家庭、生肖、五行；不得以命理要求容忍伤害、原谅、复合或继续关系。现实安全、持续行为、反例与双方意愿优先。,中高,待验证,,fn_code=FN05; ten_god_style=正财; style=稳定、务实、持续经营; provisional=true; rule_group=PARTNER-FN画像,0.3
M5-PARTNER-063,FN05 稳定经营｜日常场景行为,L1 FN伴侣功能画像,PARTNER-FN画像,通用,场景,FN05 稳定经营,正财,存在SC01日常相处资料。,只使用高压事件推断日常。,由共享基础引擎与M5-BASE提供；只修正用户需要何种伴侣功能，不直接推断现实对象成熟度。,由M2提供；夫妻星与准入证据只说明谁容易进入关系，不能替代伴侣长期能力验证。,由M3-BASE提供；日支只帮助确定用户亲密关系中的功能需求，不直接描述具体伴侣人格。,无／按本规则指定的伴侣行为、场景或匹配模式路由。,近位、远位只修正用户对某项功能的优先级；不得据此断定现实伴侣一定具备。,根气只修正用户功能需求是否稳定重复，不等于具体对象已经稳定做到。,旺弱只修正需求强度、风险敏感度或匹配模式，不直接等于伴侣能力质量。,喜忌只修正用户对功能的承载与摩擦，不可直接翻译为理想伴侣五行、十神或人格。,真合化成立时按化神功能重算用户需求；合化争议时停止细化伴侣画像。,近位提高该功能进入亲密关系核心的可能；远位只保留背景或情境性观察。,78,+6 场景证据,daily_behavior_profile,在作息、家务、时间和资源上有可预测投入，而不是只在情绪高点付出。,日常可以观察：在作息、家务、时间和资源上有可预测投入，而不是只在情绪高点付出。,不得仅凭本规则推出某个具体人必然适合、忠诚、成熟或长期稳定；不得推断职业、收入、外貌、家庭、生肖、五行；不得以命理要求容忍伤害、原谅、复合或继续关系。现实安全、持续行为、反例与双方意愿优先。,中,待验证,,fn_code=FN05; ten_god_style=正财; style=稳定、务实、持续经营; provisional=true; rule_group=PARTNER-FN画像,0.3
M5-PARTNER-064,FN05 稳定经营｜压力场景行为,L1 FN伴侣功能画像,PARTNER-FN画像,通用,场景,FN05 稳定经营,正财,存在SC04高压或PV5资料。,没有现实压力行为却根据十神猜测。,由共享基础引擎与M5-BASE提供；只修正用户需要何种伴侣功能，不直接推断现实对象成熟度。,由M2提供；夫妻星与准入证据只说明谁容易进入关系，不能替代伴侣长期能力验证。,由M3-BASE提供；日支只帮助确定用户亲密关系中的功能需求，不直接描述具体伴侣人格。,无／按本规则指定的伴侣行为、场景或匹配模式路由。,近位、远位只修正用户对某项功能的优先级；不得据此断定现实伴侣一定具备。,根气只修正用户功能需求是否稳定重复，不等于具体对象已经稳定做到。,旺弱只修正需求强度、风险敏感度或匹配模式，不直接等于伴侣能力质量。,喜忌只修正用户对功能的承载与摩擦，不可直接翻译为理想伴侣五行、十神或人格。,真合化成立时按化神功能重算用户需求；合化争议时停止细化伴侣画像。,近位提高该功能进入亲密关系核心的可能；远位只保留背景或情境性观察。,84,+10 压力证据,stress_behavior_profile,现实压力上升时会重新协商分工、预算和可承担范围，不突然撤回。,压力下可以观察：现实压力上升时会重新协商分工、预算和可承担范围，不突然撤回。,不得仅凭本规则推出某个具体人必然适合、忠诚、成熟或长期稳定；不得推断职业、收入、外貌、家庭、生肖、五行；不得以命理要求容忍伤害、原谅、复合或继续关系。现实安全、持续行为、反例与双方意愿优先。,中高,待验证,,fn_code=FN05; ten_god_style=正财; style=稳定、务实、持续经营; provisional=true; rule_group=PARTNER-FN画像,0.3
M5-PARTNER-065,FN05 稳定经营｜冲突场景行为,L1 FN伴侣功能画像,PARTNER-FN画像,通用,场景,FN05 稳定经营,正财,存在SC03意见分歧资料。,只有平稳互动资料。,由共享基础引擎与M5-BASE提供；只修正用户需要何种伴侣功能，不直接推断现实对象成熟度。,由M2提供；夫妻星与准入证据只说明谁容易进入关系，不能替代伴侣长期能力验证。,由M3-BASE提供；日支只帮助确定用户亲密关系中的功能需求，不直接描述具体伴侣人格。,无／按本规则指定的伴侣行为、场景或匹配模式路由。,近位、远位只修正用户对某项功能的优先级；不得据此断定现实伴侣一定具备。,根气只修正用户功能需求是否稳定重复，不等于具体对象已经稳定做到。,旺弱只修正需求强度、风险敏感度或匹配模式，不直接等于伴侣能力质量。,喜忌只修正用户对功能的承载与摩擦，不可直接翻译为理想伴侣五行、十神或人格。,真合化成立时按化神功能重算用户需求；合化争议时停止细化伴侣画像。,近位提高该功能进入亲密关系核心的可能；远位只保留背景或情境性观察。,84,+10 冲突证据,conflict_behavior_profile,把争议落到具体事实、资源和执行方案，也愿意处理情绪与边界。,出现分歧时可以观察：把争议落到具体事实、资源和执行方案，也愿意处理情绪与边界。,不得仅凭本规则推出某个具体人必然适合、忠诚、成熟或长期稳定；不得推断职业、收入、外貌、家庭、生肖、五行；不得以命理要求容忍伤害、原谅、复合或继续关系。现实安全、持续行为、反例与双方意愿优先。,中高,待验证,,fn_code=FN05; ten_god_style=正财; style=稳定、务实、持续经营; provisional=true; rule_group=PARTNER-FN画像,0.3
M5-PARTNER-066,FN05 稳定经营｜修复场景行为,L1 FN伴侣功能画像,PARTNER-FN画像,通用,场景,FN05 稳定经营,正财,存在SC07修复资料。,事件未结束或安全问题未处理。,由共享基础引擎与M5-BASE提供；只修正用户需要何种伴侣功能，不直接推断现实对象成熟度。,由M2提供；夫妻星与准入证据只说明谁容易进入关系，不能替代伴侣长期能力验证。,由M3-BASE提供；日支只帮助确定用户亲密关系中的功能需求，不直接描述具体伴侣人格。,无／按本规则指定的伴侣行为、场景或匹配模式路由。,近位、远位只修正用户对某项功能的优先级；不得据此断定现实伴侣一定具备。,根气只修正用户功能需求是否稳定重复，不等于具体对象已经稳定做到。,旺弱只修正需求强度、风险敏感度或匹配模式，不直接等于伴侣能力质量。,喜忌只修正用户对功能的承载与摩擦，不可直接翻译为理想伴侣五行、十神或人格。,真合化成立时按化神功能重算用户需求；合化争议时停止细化伴侣画像。,近位提高该功能进入亲密关系核心的可能；远位只保留背景或情境性观察。,86,+12 修复证据,repair_behavior_profile,愿意进行现实补救，并通过持续行为证明改变，不只一次补偿。,修复时可以观察：愿意进行现实补救，并通过持续行为证明改变，不只一次补偿。,不得仅凭本规则推出某个具体人必然适合、忠诚、成熟或长期稳定；不得推断职业、收入、外貌、家庭、生肖、五行；不得以命理要求容忍伤害、原谅、复合或继续关系。现实安全、持续行为、反例与双方意愿优先。,中高,待验证,,fn_code=FN05; ten_god_style=正财; style=稳定、务实、持续经营; provisional=true; rule_group=PARTNER-FN画像,0.3
M5-PARTNER-067,FN05 稳定经营｜自主与边界要求,L1 FN伴侣功能画像,PARTNER-FN画像,通用,边界,FN05 稳定经营,正财,FN成为PR1或与M4边界机制相关。,边界只要求一方遵守。,由共享基础引擎与M5-BASE提供；只修正用户需要何种伴侣功能，不直接推断现实对象成熟度。,由M2提供；夫妻星与准入证据只说明谁容易进入关系，不能替代伴侣长期能力验证。,由M3-BASE提供；日支只帮助确定用户亲密关系中的功能需求，不直接描述具体伴侣人格。,无／按本规则指定的伴侣行为、场景或匹配模式路由。,近位、远位只修正用户对某项功能的优先级；不得据此断定现实伴侣一定具备。,根气只修正用户功能需求是否稳定重复，不等于具体对象已经稳定做到。,旺弱只修正需求强度、风险敏感度或匹配模式，不直接等于伴侣能力质量。,喜忌只修正用户对功能的承载与摩擦，不可直接翻译为理想伴侣五行、十神或人格。,真合化成立时按化神功能重算用户需求；合化争议时停止细化伴侣画像。,近位提高该功能进入亲密关系核心的可能；远位只保留背景或情境性观察。,90,+12 边界证据,boundary_behavior_profile,投入清楚、自愿、可协商，不以付出要求交换服从或情感债务。,边界方面需要：投入清楚、自愿、可协商，不以付出要求交换服从或情感债务。,不得仅凭本规则推出某个具体人必然适合、忠诚、成熟或长期稳定；不得推断职业、收入、外貌、家庭、生肖、五行；不得以命理要求容忍伤害、原谅、复合或继续关系。现实安全、持续行为、反例与双方意愿优先。,中高,待验证,,fn_code=FN05; ten_god_style=正财; style=稳定、务实、持续经营; provisional=true; rule_group=PARTNER-FN画像,0.3
M5-PARTNER-068,FN05 稳定经营｜失衡表达候选,L1 FN伴侣功能画像,PARTNER-FN画像,通用,风险,FN05 稳定经营,正财,现实行为显示功能抢位、替代或断流。,只有功能强度，没有独立失衡证据。,由共享基础引擎与M5-BASE提供；只修正用户需要何种伴侣功能，不直接推断现实对象成熟度。,由M2提供；夫妻星与准入证据只说明谁容易进入关系，不能替代伴侣长期能力验证。,由M3-BASE提供；日支只帮助确定用户亲密关系中的功能需求，不直接描述具体伴侣人格。,无／按本规则指定的伴侣行为、场景或匹配模式路由。,近位、远位只修正用户对某项功能的优先级；不得据此断定现实伴侣一定具备。,根气只修正用户功能需求是否稳定重复，不等于具体对象已经稳定做到。,旺弱只修正需求强度、风险敏感度或匹配模式，不直接等于伴侣能力质量。,喜忌只修正用户对功能的承载与摩擦，不可直接翻译为理想伴侣五行、十神或人格。,真合化成立时按化神功能重算用户需求；合化争议时停止细化伴侣画像。,近位提高该功能进入亲密关系核心的可能；远位只保留背景或情境性观察。,82,风险候选 +10,unstable_expression_warning,容易用投入量替代需求表达、承诺确认和情绪沟通。,需要留意：容易用投入量替代需求表达、承诺确认和情绪沟通。,不得仅凭本规则推出某个具体人必然适合、忠诚、成熟或长期稳定；不得推断职业、收入、外貌、家庭、生肖、五行；不得以命理要求容忍伤害、原谅、复合或继续关系。现实安全、持续行为、反例与双方意愿优先。,中,待验证,,fn_code=FN05; ten_god_style=正财; style=稳定、务实、持续经营; provisional=true; rule_group=PARTNER-FN画像,0.3
M5-PARTNER-069,FN05 稳定经营｜伪装／假阳性表达,L1 FN伴侣功能画像,PARTNER-FN画像,通用,伪适配,FN05 稳定经营,正财,外显标签或高光行为强，但PV低、跨场景不足。,PV5—PV7已支持成熟表达。,由共享基础引擎与M5-BASE提供；只修正用户需要何种伴侣功能，不直接推断现实对象成熟度。,由M2提供；夫妻星与准入证据只说明谁容易进入关系，不能替代伴侣长期能力验证。,由M3-BASE提供；日支只帮助确定用户亲密关系中的功能需求，不直接描述具体伴侣人格。,无／按本规则指定的伴侣行为、场景或匹配模式路由。,近位、远位只修正用户对某项功能的优先级；不得据此断定现实伴侣一定具备。,根气只修正用户功能需求是否稳定重复，不等于具体对象已经稳定做到。,旺弱只修正需求强度、风险敏感度或匹配模式，不直接等于伴侣能力质量。,喜忌只修正用户对功能的承载与摩擦，不可直接翻译为理想伴侣五行、十神或人格。,真合化成立时按化神功能重算用户需求；合化争议时停止细化伴侣画像。,近位提高该功能进入亲密关系核心的可能；远位只保留背景或情境性观察。,88,PM候选 +12,pseudo_fit_warning,礼物、消费、帮忙或现实条件很好，却没有持续时间投入、边界和责任。,不要只看：礼物、消费、帮忙或现实条件很好，却没有持续时间投入、边界和责任。,不得仅凭本规则推出某个具体人必然适合、忠诚、成熟或长期稳定；不得推断职业、收入、外貌、家庭、生肖、五行；不得以命理要求容忍伤害、原谅、复合或继续关系。现实安全、持续行为、反例与双方意愿优先。,中高,待验证,,fn_code=FN05; ten_god_style=正财; style=稳定、务实、持续经营; provisional=true; rule_group=PARTNER-FN画像,0.3
M5-PARTNER-070,FN05 稳定经营｜观察计划与用户输出,L1 FN伴侣功能画像,PARTNER-FN画像,通用,输出,FN05 稳定经营,正财,已形成主或次FN候选。,资料停止或PR0未通过。,由共享基础引擎与M5-BASE提供；只修正用户需要何种伴侣功能，不直接推断现实对象成熟度。,由M2提供；夫妻星与准入证据只说明谁容易进入关系，不能替代伴侣长期能力验证。,由M3-BASE提供；日支只帮助确定用户亲密关系中的功能需求，不直接描述具体伴侣人格。,无／按本规则指定的伴侣行为、场景或匹配模式路由。,近位、远位只修正用户对某项功能的优先级；不得据此断定现实伴侣一定具备。,根气只修正用户功能需求是否稳定重复，不等于具体对象已经稳定做到。,旺弱只修正需求强度、风险敏感度或匹配模式，不直接等于伴侣能力质量。,喜忌只修正用户对功能的承载与摩擦，不可直接翻译为理想伴侣五行、十神或人格。,真合化成立时按化神功能重算用户需求；合化争议时停止细化伴侣画像。,近位提高该功能进入亲密关系核心的可能；远位只保留背景或情境性观察。,76,不加分；生成观察计划,observation_plan,该功能最有辨识度的观察点是：重点观察：在忙碌、成本上升或新鲜感下降后，投入是否仍可预测且可协商。,重点观察：在忙碌、成本上升或新鲜感下降后，投入是否仍可预测且可协商。,不得仅凭本规则推出某个具体人必然适合、忠诚、成熟或长期稳定；不得推断职业、收入、外貌、家庭、生肖、五行；不得以命理要求容忍伤害、原谅、复合或继续关系。现实安全、持续行为、反例与双方意愿优先。,中高,待验证,,fn_code=FN05; ten_god_style=正财; style=稳定、务实、持续经营; provisional=true; rule_group=PARTNER-FN画像,0.3
M5-PARTNER-071,FN06 弹性体验｜功能画像定义,L1 FN伴侣功能画像,PARTNER-FN画像,通用,基础,FN06 弹性体验,偏财,主适配需求或次需求已路由到该FN。,该FN只是PR3加分且与M4主风险冲突。,由共享基础引擎与M5-BASE提供；只修正用户需要何种伴侣功能，不直接推断现实对象成熟度。,由M2提供；夫妻星与准入证据只说明谁容易进入关系，不能替代伴侣长期能力验证。,由M3-BASE提供；日支只帮助确定用户亲密关系中的功能需求，不直接描述具体伴侣人格。,无／按本规则指定的伴侣行为、场景或匹配模式路由。,近位、远位只修正用户对某项功能的优先级；不得据此断定现实伴侣一定具备。,根气只修正用户功能需求是否稳定重复，不等于具体对象已经稳定做到。,旺弱只修正需求强度、风险敏感度或匹配模式，不直接等于伴侣能力质量。,喜忌只修正用户对功能的承载与摩擦，不可直接翻译为理想伴侣五行、十神或人格。,真合化成立时按化神功能重算用户需求；合化争议时停止细化伴侣画像。,近位提高该功能进入亲密关系核心的可能；远位只保留背景或情境性观察。,94,+20 主功能候选,primary_partner_function,FN06 弹性体验的对象画像必须围绕可观察行为，不围绕人格标签。,你真正要验证的是：保有互动活力、灵活回应与共同体验，并能转成持续安排。,不得仅凭本规则推出某个具体人必然适合、忠诚、成熟或长期稳定；不得推断职业、收入、外貌、家庭、生肖、五行；不得以命理要求容忍伤害、原谅、复合或继续关系。现实安全、持续行为、反例与双方意愿优先。,中高,待验证,,fn_code=FN06; ten_god_style=偏财; style=灵活、有活力、体验导向; provisional=true; rule_group=PARTNER-FN画像,0.3
M5-PARTNER-072,FN06 弹性体验｜成熟稳定表达,L1 FN伴侣功能画像,PARTNER-FN画像,通用,成熟,FN06 弹性体验,偏财,PV4以上，且PO02、PO03、PO05至少两项可靠。,只有自述、身份、一次行为或强反例。,由共享基础引擎与M5-BASE提供；只修正用户需要何种伴侣功能，不直接推断现实对象成熟度。,由M2提供；夫妻星与准入证据只说明谁容易进入关系，不能替代伴侣长期能力验证。,由M3-BASE提供；日支只帮助确定用户亲密关系中的功能需求，不直接描述具体伴侣人格。,无／按本规则指定的伴侣行为、场景或匹配模式路由。,近位、远位只修正用户对某项功能的优先级；不得据此断定现实伴侣一定具备。,根气只修正用户功能需求是否稳定重复，不等于具体对象已经稳定做到。,旺弱只修正需求强度、风险敏感度或匹配模式，不直接等于伴侣能力质量。,喜忌只修正用户对功能的承载与摩擦，不可直接翻译为理想伴侣五行、十神或人格。,真合化成立时按化神功能重算用户需求；合化争议时停止细化伴侣画像。,近位提高该功能进入亲密关系核心的可能；远位只保留背景或情境性观察。,90,+16 成熟画像,mature_behavior_profile,会创造新鲜感和共同体验，也会把重要体验转成稳定联系、计划与责任。,成熟表现是：会创造新鲜感和共同体验，也会把重要体验转成稳定联系、计划与责任。,不得仅凭本规则推出某个具体人必然适合、忠诚、成熟或长期稳定；不得推断职业、收入、外貌、家庭、生肖、五行；不得以命理要求容忍伤害、原谅、复合或继续关系。现实安全、持续行为、反例与双方意愿优先。,中高,待验证,,fn_code=FN06; ten_god_style=偏财; style=灵活、有活力、体验导向; provisional=true; rule_group=PARTNER-FN画像,0.3
M5-PARTNER-073,FN06 弹性体验｜日常场景行为,L1 FN伴侣功能画像,PARTNER-FN画像,通用,场景,FN06 弹性体验,偏财,存在SC01日常相处资料。,只使用高压事件推断日常。,由共享基础引擎与M5-BASE提供；只修正用户需要何种伴侣功能，不直接推断现实对象成熟度。,由M2提供；夫妻星与准入证据只说明谁容易进入关系，不能替代伴侣长期能力验证。,由M3-BASE提供；日支只帮助确定用户亲密关系中的功能需求，不直接描述具体伴侣人格。,无／按本规则指定的伴侣行为、场景或匹配模式路由。,近位、远位只修正用户对某项功能的优先级；不得据此断定现实伴侣一定具备。,根气只修正用户功能需求是否稳定重复，不等于具体对象已经稳定做到。,旺弱只修正需求强度、风险敏感度或匹配模式，不直接等于伴侣能力质量。,喜忌只修正用户对功能的承载与摩擦，不可直接翻译为理想伴侣五行、十神或人格。,真合化成立时按化神功能重算用户需求；合化争议时停止细化伴侣画像。,近位提高该功能进入亲密关系核心的可能；远位只保留背景或情境性观察。,78,+6 场景证据,daily_behavior_profile,相处有变化和趣味，同时不会让关系完全依赖临时兴致。,日常可以观察：相处有变化和趣味，同时不会让关系完全依赖临时兴致。,不得仅凭本规则推出某个具体人必然适合、忠诚、成熟或长期稳定；不得推断职业、收入、外貌、家庭、生肖、五行；不得以命理要求容忍伤害、原谅、复合或继续关系。现实安全、持续行为、反例与双方意愿优先。,中,待验证,,fn_code=FN06; ten_god_style=偏财; style=灵活、有活力、体验导向; provisional=true; rule_group=PARTNER-FN画像,0.3
M5-PARTNER-074,FN06 弹性体验｜压力场景行为,L1 FN伴侣功能画像,PARTNER-FN画像,通用,场景,FN06 弹性体验,偏财,存在SC04高压或PV5资料。,没有现实压力行为却根据十神猜测。,由共享基础引擎与M5-BASE提供；只修正用户需要何种伴侣功能，不直接推断现实对象成熟度。,由M2提供；夫妻星与准入证据只说明谁容易进入关系，不能替代伴侣长期能力验证。,由M3-BASE提供；日支只帮助确定用户亲密关系中的功能需求，不直接描述具体伴侣人格。,无／按本规则指定的伴侣行为、场景或匹配模式路由。,近位、远位只修正用户对某项功能的优先级；不得据此断定现实伴侣一定具备。,根气只修正用户功能需求是否稳定重复，不等于具体对象已经稳定做到。,旺弱只修正需求强度、风险敏感度或匹配模式，不直接等于伴侣能力质量。,喜忌只修正用户对功能的承载与摩擦，不可直接翻译为理想伴侣五行、十神或人格。,真合化成立时按化神功能重算用户需求；合化争议时停止细化伴侣画像。,近位提高该功能进入亲密关系核心的可能；远位只保留背景或情境性观察。,84,+10 压力证据,stress_behavior_profile,计划变化时能灵活调整，并明确新的安排和责任，不只临时应付。,压力下可以观察：计划变化时能灵活调整，并明确新的安排和责任，不只临时应付。,不得仅凭本规则推出某个具体人必然适合、忠诚、成熟或长期稳定；不得推断职业、收入、外貌、家庭、生肖、五行；不得以命理要求容忍伤害、原谅、复合或继续关系。现实安全、持续行为、反例与双方意愿优先。,中高,待验证,,fn_code=FN06; ten_god_style=偏财; style=灵活、有活力、体验导向; provisional=true; rule_group=PARTNER-FN画像,0.3
M5-PARTNER-075,FN06 弹性体验｜冲突场景行为,L1 FN伴侣功能画像,PARTNER-FN画像,通用,场景,FN06 弹性体验,偏财,存在SC03意见分歧资料。,只有平稳互动资料。,由共享基础引擎与M5-BASE提供；只修正用户需要何种伴侣功能，不直接推断现实对象成熟度。,由M2提供；夫妻星与准入证据只说明谁容易进入关系，不能替代伴侣长期能力验证。,由M3-BASE提供；日支只帮助确定用户亲密关系中的功能需求，不直接描述具体伴侣人格。,无／按本规则指定的伴侣行为、场景或匹配模式路由。,近位、远位只修正用户对某项功能的优先级；不得据此断定现实伴侣一定具备。,根气只修正用户功能需求是否稳定重复，不等于具体对象已经稳定做到。,旺弱只修正需求强度、风险敏感度或匹配模式，不直接等于伴侣能力质量。,喜忌只修正用户对功能的承载与摩擦，不可直接翻译为理想伴侣五行、十神或人格。,真合化成立时按化神功能重算用户需求；合化争议时停止细化伴侣画像。,近位提高该功能进入亲密关系核心的可能；远位只保留背景或情境性观察。,84,+10 冲突证据,conflict_behavior_profile,愿意换一种方式沟通、寻找替代方案，但不借“随性”回避核心问题。,出现分歧时可以观察：愿意换一种方式沟通、寻找替代方案，但不借“随性”回避核心问题。,不得仅凭本规则推出某个具体人必然适合、忠诚、成熟或长期稳定；不得推断职业、收入、外貌、家庭、生肖、五行；不得以命理要求容忍伤害、原谅、复合或继续关系。现实安全、持续行为、反例与双方意愿优先。,中高,待验证,,fn_code=FN06; ten_god_style=偏财; style=灵活、有活力、体验导向; provisional=true; rule_group=PARTNER-FN画像,0.3
M5-PARTNER-076,FN06 弹性体验｜修复场景行为,L1 FN伴侣功能画像,PARTNER-FN画像,通用,场景,FN06 弹性体验,偏财,存在SC07修复资料。,事件未结束或安全问题未处理。,由共享基础引擎与M5-BASE提供；只修正用户需要何种伴侣功能，不直接推断现实对象成熟度。,由M2提供；夫妻星与准入证据只说明谁容易进入关系，不能替代伴侣长期能力验证。,由M3-BASE提供；日支只帮助确定用户亲密关系中的功能需求，不直接描述具体伴侣人格。,无／按本规则指定的伴侣行为、场景或匹配模式路由。,近位、远位只修正用户对某项功能的优先级；不得据此断定现实伴侣一定具备。,根气只修正用户功能需求是否稳定重复，不等于具体对象已经稳定做到。,旺弱只修正需求强度、风险敏感度或匹配模式，不直接等于伴侣能力质量。,喜忌只修正用户对功能的承载与摩擦，不可直接翻译为理想伴侣五行、十神或人格。,真合化成立时按化神功能重算用户需求；合化争议时停止细化伴侣画像。,近位提高该功能进入亲密关系核心的可能；远位只保留背景或情境性观察。,86,+12 修复证据,repair_behavior_profile,可以用新的共同体验恢复连接，同时补上责任、反馈与持续兑现。,修复时可以观察：可以用新的共同体验恢复连接，同时补上责任、反馈与持续兑现。,不得仅凭本规则推出某个具体人必然适合、忠诚、成熟或长期稳定；不得推断职业、收入、外貌、家庭、生肖、五行；不得以命理要求容忍伤害、原谅、复合或继续关系。现实安全、持续行为、反例与双方意愿优先。,中高,待验证,,fn_code=FN06; ten_god_style=偏财; style=灵活、有活力、体验导向; provisional=true; rule_group=PARTNER-FN画像,0.3
M5-PARTNER-077,FN06 弹性体验｜自主与边界要求,L1 FN伴侣功能画像,PARTNER-FN画像,通用,边界,FN06 弹性体验,偏财,FN成为PR1或与M4边界机制相关。,边界只要求一方遵守。,由共享基础引擎与M5-BASE提供；只修正用户需要何种伴侣功能，不直接推断现实对象成熟度。,由M2提供；夫妻星与准入证据只说明谁容易进入关系，不能替代伴侣长期能力验证。,由M3-BASE提供；日支只帮助确定用户亲密关系中的功能需求，不直接描述具体伴侣人格。,无／按本规则指定的伴侣行为、场景或匹配模式路由。,近位、远位只修正用户对某项功能的优先级；不得据此断定现实伴侣一定具备。,根气只修正用户功能需求是否稳定重复，不等于具体对象已经稳定做到。,旺弱只修正需求强度、风险敏感度或匹配模式，不直接等于伴侣能力质量。,喜忌只修正用户对功能的承载与摩擦，不可直接翻译为理想伴侣五行、十神或人格。,真合化成立时按化神功能重算用户需求；合化争议时停止细化伴侣画像。,近位提高该功能进入亲密关系核心的可能；远位只保留背景或情境性观察。,90,+12 边界证据,boundary_behavior_profile,社交和资源流动保持透明，尊重双方对隐私、排他性和时间的约定。,边界方面需要：社交和资源流动保持透明，尊重双方对隐私、排他性和时间的约定。,不得仅凭本规则推出某个具体人必然适合、忠诚、成熟或长期稳定；不得推断职业、收入、外貌、家庭、生肖、五行；不得以命理要求容忍伤害、原谅、复合或继续关系。现实安全、持续行为、反例与双方意愿优先。,中高,待验证,,fn_code=FN06; ten_god_style=偏财; style=灵活、有活力、体验导向; provisional=true; rule_group=PARTNER-FN画像,0.3
M5-PARTNER-078,FN06 弹性体验｜失衡表达候选,L1 FN伴侣功能画像,PARTNER-FN画像,通用,风险,FN06 弹性体验,偏财,现实行为显示功能抢位、替代或断流。,只有功能强度，没有独立失衡证据。,由共享基础引擎与M5-BASE提供；只修正用户需要何种伴侣功能，不直接推断现实对象成熟度。,由M2提供；夫妻星与准入证据只说明谁容易进入关系，不能替代伴侣长期能力验证。,由M3-BASE提供；日支只帮助确定用户亲密关系中的功能需求，不直接描述具体伴侣人格。,无／按本规则指定的伴侣行为、场景或匹配模式路由。,近位、远位只修正用户对某项功能的优先级；不得据此断定现实伴侣一定具备。,根气只修正用户功能需求是否稳定重复，不等于具体对象已经稳定做到。,旺弱只修正需求强度、风险敏感度或匹配模式，不直接等于伴侣能力质量。,喜忌只修正用户对功能的承载与摩擦，不可直接翻译为理想伴侣五行、十神或人格。,真合化成立时按化神功能重算用户需求；合化争议时停止细化伴侣画像。,近位提高该功能进入亲密关系核心的可能；远位只保留背景或情境性观察。,82,风险候选 +10,unstable_expression_warning,容易追逐高光互动，新鲜感下降后现实延续不足。,需要留意：容易追逐高光互动，新鲜感下降后现实延续不足。,不得仅凭本规则推出某个具体人必然适合、忠诚、成熟或长期稳定；不得推断职业、收入、外貌、家庭、生肖、五行；不得以命理要求容忍伤害、原谅、复合或继续关系。现实安全、持续行为、反例与双方意愿优先。,中,待验证,,fn_code=FN06; ten_god_style=偏财; style=灵活、有活力、体验导向; provisional=true; rule_group=PARTNER-FN画像,0.3
M5-PARTNER-079,FN06 弹性体验｜伪装／假阳性表达,L1 FN伴侣功能画像,PARTNER-FN画像,通用,伪适配,FN06 弹性体验,偏财,外显标签或高光行为强，但PV低、跨场景不足。,PV5—PV7已支持成熟表达。,由共享基础引擎与M5-BASE提供；只修正用户需要何种伴侣功能，不直接推断现实对象成熟度。,由M2提供；夫妻星与准入证据只说明谁容易进入关系，不能替代伴侣长期能力验证。,由M3-BASE提供；日支只帮助确定用户亲密关系中的功能需求，不直接描述具体伴侣人格。,无／按本规则指定的伴侣行为、场景或匹配模式路由。,近位、远位只修正用户对某项功能的优先级；不得据此断定现实伴侣一定具备。,根气只修正用户功能需求是否稳定重复，不等于具体对象已经稳定做到。,旺弱只修正需求强度、风险敏感度或匹配模式，不直接等于伴侣能力质量。,喜忌只修正用户对功能的承载与摩擦，不可直接翻译为理想伴侣五行、十神或人格。,真合化成立时按化神功能重算用户需求；合化争议时停止细化伴侣画像。,近位提高该功能进入亲密关系核心的可能；远位只保留背景或情境性观察。,88,PM候选 +12,pseudo_fit_warning,魅力、热情、礼物、社交能力或短期体验非常突出，却无法持续落地。,不要只看：魅力、热情、礼物、社交能力或短期体验非常突出，却无法持续落地。,不得仅凭本规则推出某个具体人必然适合、忠诚、成熟或长期稳定；不得推断职业、收入、外貌、家庭、生肖、五行；不得以命理要求容忍伤害、原谅、复合或继续关系。现实安全、持续行为、反例与双方意愿优先。,中高,待验证,,fn_code=FN06; ten_god_style=偏财; style=灵活、有活力、体验导向; provisional=true; rule_group=PARTNER-FN画像,0.3
M5-PARTNER-080,FN06 弹性体验｜观察计划与用户输出,L1 FN伴侣功能画像,PARTNER-FN画像,通用,输出,FN06 弹性体验,偏财,已形成主或次FN候选。,资料停止或PR0未通过。,由共享基础引擎与M5-BASE提供；只修正用户需要何种伴侣功能，不直接推断现实对象成熟度。,由M2提供；夫妻星与准入证据只说明谁容易进入关系，不能替代伴侣长期能力验证。,由M3-BASE提供；日支只帮助确定用户亲密关系中的功能需求，不直接描述具体伴侣人格。,无／按本规则指定的伴侣行为、场景或匹配模式路由。,近位、远位只修正用户对某项功能的优先级；不得据此断定现实伴侣一定具备。,根气只修正用户功能需求是否稳定重复，不等于具体对象已经稳定做到。,旺弱只修正需求强度、风险敏感度或匹配模式，不直接等于伴侣能力质量。,喜忌只修正用户对功能的承载与摩擦，不可直接翻译为理想伴侣五行、十神或人格。,真合化成立时按化神功能重算用户需求；合化争议时停止细化伴侣画像。,近位提高该功能进入亲密关系核心的可能；远位只保留背景或情境性观察。,76,不加分；生成观察计划,observation_plan,该功能最有辨识度的观察点是：重点观察：体验结束后是否主动形成下一步，以及在约束增加时是否仍透明。,重点观察：体验结束后是否主动形成下一步，以及在约束增加时是否仍透明。,不得仅凭本规则推出某个具体人必然适合、忠诚、成熟或长期稳定；不得推断职业、收入、外貌、家庭、生肖、五行；不得以命理要求容忍伤害、原谅、复合或继续关系。现实安全、持续行为、反例与双方意愿优先。,中高,待验证,,fn_code=FN06; ten_god_style=偏财; style=灵活、有活力、体验导向; provisional=true; rule_group=PARTNER-FN画像,0.3
M5-PARTNER-081,FN07 责任秩序｜功能画像定义,L1 FN伴侣功能画像,PARTNER-FN画像,通用,基础,FN07 责任秩序,正官,主适配需求或次需求已路由到该FN。,该FN只是PR3加分且与M4主风险冲突。,由共享基础引擎与M5-BASE提供；只修正用户需要何种伴侣功能，不直接推断现实对象成熟度。,由M2提供；夫妻星与准入证据只说明谁容易进入关系，不能替代伴侣长期能力验证。,由M3-BASE提供；日支只帮助确定用户亲密关系中的功能需求，不直接描述具体伴侣人格。,无／按本规则指定的伴侣行为、场景或匹配模式路由。,近位、远位只修正用户对某项功能的优先级；不得据此断定现实伴侣一定具备。,根气只修正用户功能需求是否稳定重复，不等于具体对象已经稳定做到。,旺弱只修正需求强度、风险敏感度或匹配模式，不直接等于伴侣能力质量。,喜忌只修正用户对功能的承载与摩擦，不可直接翻译为理想伴侣五行、十神或人格。,真合化成立时按化神功能重算用户需求；合化争议时停止细化伴侣画像。,近位提高该功能进入亲密关系核心的可能；远位只保留背景或情境性观察。,94,+20 主功能候选,primary_partner_function,FN07 责任秩序的对象画像必须围绕可观察行为，不围绕人格标签。,你真正要验证的是：承诺、角色、分工和规则清楚、可协商、可复核。,不得仅凭本规则推出某个具体人必然适合、忠诚、成熟或长期稳定；不得推断职业、收入、外貌、家庭、生肖、五行；不得以命理要求容忍伤害、原谅、复合或继续关系。现实安全、持续行为、反例与双方意愿优先。,中高,待验证,,fn_code=FN07; ten_god_style=正官; style=规范、负责、可复核; provisional=true; rule_group=PARTNER-FN画像,0.3
M5-PARTNER-082,FN07 责任秩序｜成熟稳定表达,L1 FN伴侣功能画像,PARTNER-FN画像,通用,成熟,FN07 责任秩序,正官,PV4以上，且PO02、PO03、PO05至少两项可靠。,只有自述、身份、一次行为或强反例。,由共享基础引擎与M5-BASE提供；只修正用户需要何种伴侣功能，不直接推断现实对象成熟度。,由M2提供；夫妻星与准入证据只说明谁容易进入关系，不能替代伴侣长期能力验证。,由M3-BASE提供；日支只帮助确定用户亲密关系中的功能需求，不直接描述具体伴侣人格。,无／按本规则指定的伴侣行为、场景或匹配模式路由。,近位、远位只修正用户对某项功能的优先级；不得据此断定现实伴侣一定具备。,根气只修正用户功能需求是否稳定重复，不等于具体对象已经稳定做到。,旺弱只修正需求强度、风险敏感度或匹配模式，不直接等于伴侣能力质量。,喜忌只修正用户对功能的承载与摩擦，不可直接翻译为理想伴侣五行、十神或人格。,真合化成立时按化神功能重算用户需求；合化争议时停止细化伴侣画像。,近位提高该功能进入亲密关系核心的可能；远位只保留背景或情境性观察。,90,+16 成熟画像,mature_behavior_profile,明确关系意图和责任；变化时提前说明；守约失败时愿意承担并补救。,成熟表现是：明确关系意图和责任；变化时提前说明；守约失败时愿意承担并补救。,不得仅凭本规则推出某个具体人必然适合、忠诚、成熟或长期稳定；不得推断职业、收入、外貌、家庭、生肖、五行；不得以命理要求容忍伤害、原谅、复合或继续关系。现实安全、持续行为、反例与双方意愿优先。,中高,待验证,,fn_code=FN07; ten_god_style=正官; style=规范、负责、可复核; provisional=true; rule_group=PARTNER-FN画像,0.3
M5-PARTNER-083,FN07 责任秩序｜日常场景行为,L1 FN伴侣功能画像,PARTNER-FN画像,通用,场景,FN07 责任秩序,正官,存在SC01日常相处资料。,只使用高压事件推断日常。,由共享基础引擎与M5-BASE提供；只修正用户需要何种伴侣功能，不直接推断现实对象成熟度。,由M2提供；夫妻星与准入证据只说明谁容易进入关系，不能替代伴侣长期能力验证。,由M3-BASE提供；日支只帮助确定用户亲密关系中的功能需求，不直接描述具体伴侣人格。,无／按本规则指定的伴侣行为、场景或匹配模式路由。,近位、远位只修正用户对某项功能的优先级；不得据此断定现实伴侣一定具备。,根气只修正用户功能需求是否稳定重复，不等于具体对象已经稳定做到。,旺弱只修正需求强度、风险敏感度或匹配模式，不直接等于伴侣能力质量。,喜忌只修正用户对功能的承载与摩擦，不可直接翻译为理想伴侣五行、十神或人格。,真合化成立时按化神功能重算用户需求；合化争议时停止细化伴侣画像。,近位提高该功能进入亲密关系核心的可能；远位只保留背景或情境性观察。,78,+6 场景证据,daily_behavior_profile,日常分工和联系有稳定规则，但规则可以共同讨论和调整。,日常可以观察：日常分工和联系有稳定规则，但规则可以共同讨论和调整。,不得仅凭本规则推出某个具体人必然适合、忠诚、成熟或长期稳定；不得推断职业、收入、外貌、家庭、生肖、五行；不得以命理要求容忍伤害、原谅、复合或继续关系。现实安全、持续行为、反例与双方意愿优先。,中,待验证,,fn_code=FN07; ten_god_style=正官; style=规范、负责、可复核; provisional=true; rule_group=PARTNER-FN画像,0.3
M5-PARTNER-084,FN07 责任秩序｜压力场景行为,L1 FN伴侣功能画像,PARTNER-FN画像,通用,场景,FN07 责任秩序,正官,存在SC04高压或PV5资料。,没有现实压力行为却根据十神猜测。,由共享基础引擎与M5-BASE提供；只修正用户需要何种伴侣功能，不直接推断现实对象成熟度。,由M2提供；夫妻星与准入证据只说明谁容易进入关系，不能替代伴侣长期能力验证。,由M3-BASE提供；日支只帮助确定用户亲密关系中的功能需求，不直接描述具体伴侣人格。,无／按本规则指定的伴侣行为、场景或匹配模式路由。,近位、远位只修正用户对某项功能的优先级；不得据此断定现实伴侣一定具备。,根气只修正用户功能需求是否稳定重复，不等于具体对象已经稳定做到。,旺弱只修正需求强度、风险敏感度或匹配模式，不直接等于伴侣能力质量。,喜忌只修正用户对功能的承载与摩擦，不可直接翻译为理想伴侣五行、十神或人格。,真合化成立时按化神功能重算用户需求；合化争议时停止细化伴侣画像。,近位提高该功能进入亲密关系核心的可能；远位只保留背景或情境性观察。,84,+10 压力证据,stress_behavior_profile,压力下会明确优先级和责任，不把“应该”当成压制对方的理由。,压力下可以观察：压力下会明确优先级和责任，不把“应该”当成压制对方的理由。,不得仅凭本规则推出某个具体人必然适合、忠诚、成熟或长期稳定；不得推断职业、收入、外貌、家庭、生肖、五行；不得以命理要求容忍伤害、原谅、复合或继续关系。现实安全、持续行为、反例与双方意愿优先。,中高,待验证,,fn_code=FN07; ten_god_style=正官; style=规范、负责、可复核; provisional=true; rule_group=PARTNER-FN画像,0.3
M5-PARTNER-085,FN07 责任秩序｜冲突场景行为,L1 FN伴侣功能画像,PARTNER-FN画像,通用,场景,FN07 责任秩序,正官,存在SC03意见分歧资料。,只有平稳互动资料。,由共享基础引擎与M5-BASE提供；只修正用户需要何种伴侣功能，不直接推断现实对象成熟度。,由M2提供；夫妻星与准入证据只说明谁容易进入关系，不能替代伴侣长期能力验证。,由M3-BASE提供；日支只帮助确定用户亲密关系中的功能需求，不直接描述具体伴侣人格。,无／按本规则指定的伴侣行为、场景或匹配模式路由。,近位、远位只修正用户对某项功能的优先级；不得据此断定现实伴侣一定具备。,根气只修正用户功能需求是否稳定重复，不等于具体对象已经稳定做到。,旺弱只修正需求强度、风险敏感度或匹配模式，不直接等于伴侣能力质量。,喜忌只修正用户对功能的承载与摩擦，不可直接翻译为理想伴侣五行、十神或人格。,真合化成立时按化神功能重算用户需求；合化争议时停止细化伴侣画像。,近位提高该功能进入亲密关系核心的可能；远位只保留背景或情境性观察。,84,+10 冲突证据,conflict_behavior_profile,愿意对照承诺和规则，也会听取规则对双方造成的实际影响。,出现分歧时可以观察：愿意对照承诺和规则，也会听取规则对双方造成的实际影响。,不得仅凭本规则推出某个具体人必然适合、忠诚、成熟或长期稳定；不得推断职业、收入、外貌、家庭、生肖、五行；不得以命理要求容忍伤害、原谅、复合或继续关系。现实安全、持续行为、反例与双方意愿优先。,中高,待验证,,fn_code=FN07; ten_god_style=正官; style=规范、负责、可复核; provisional=true; rule_group=PARTNER-FN画像,0.3
M5-PARTNER-086,FN07 责任秩序｜修复场景行为,L1 FN伴侣功能画像,PARTNER-FN画像,通用,场景,FN07 责任秩序,正官,存在SC07修复资料。,事件未结束或安全问题未处理。,由共享基础引擎与M5-BASE提供；只修正用户需要何种伴侣功能，不直接推断现实对象成熟度。,由M2提供；夫妻星与准入证据只说明谁容易进入关系，不能替代伴侣长期能力验证。,由M3-BASE提供；日支只帮助确定用户亲密关系中的功能需求，不直接描述具体伴侣人格。,无／按本规则指定的伴侣行为、场景或匹配模式路由。,近位、远位只修正用户对某项功能的优先级；不得据此断定现实伴侣一定具备。,根气只修正用户功能需求是否稳定重复，不等于具体对象已经稳定做到。,旺弱只修正需求强度、风险敏感度或匹配模式，不直接等于伴侣能力质量。,喜忌只修正用户对功能的承载与摩擦，不可直接翻译为理想伴侣五行、十神或人格。,真合化成立时按化神功能重算用户需求；合化争议时停止细化伴侣画像。,近位提高该功能进入亲密关系核心的可能；远位只保留背景或情境性观察。,86,+12 修复证据,repair_behavior_profile,承认责任、重订可执行规则并持续复核，而不是只强调原则。,修复时可以观察：承认责任、重订可执行规则并持续复核，而不是只强调原则。,不得仅凭本规则推出某个具体人必然适合、忠诚、成熟或长期稳定；不得推断职业、收入、外貌、家庭、生肖、五行；不得以命理要求容忍伤害、原谅、复合或继续关系。现实安全、持续行为、反例与双方意愿优先。,中高,待验证,,fn_code=FN07; ten_god_style=正官; style=规范、负责、可复核; provisional=true; rule_group=PARTNER-FN画像,0.3
M5-PARTNER-087,FN07 责任秩序｜自主与边界要求,L1 FN伴侣功能画像,PARTNER-FN画像,通用,边界,FN07 责任秩序,正官,FN成为PR1或与M4边界机制相关。,边界只要求一方遵守。,由共享基础引擎与M5-BASE提供；只修正用户需要何种伴侣功能，不直接推断现实对象成熟度。,由M2提供；夫妻星与准入证据只说明谁容易进入关系，不能替代伴侣长期能力验证。,由M3-BASE提供；日支只帮助确定用户亲密关系中的功能需求，不直接描述具体伴侣人格。,无／按本规则指定的伴侣行为、场景或匹配模式路由。,近位、远位只修正用户对某项功能的优先级；不得据此断定现实伴侣一定具备。,根气只修正用户功能需求是否稳定重复，不等于具体对象已经稳定做到。,旺弱只修正需求强度、风险敏感度或匹配模式，不直接等于伴侣能力质量。,喜忌只修正用户对功能的承载与摩擦，不可直接翻译为理想伴侣五行、十神或人格。,真合化成立时按化神功能重算用户需求；合化争议时停止细化伴侣画像。,近位提高该功能进入亲密关系核心的可能；远位只保留背景或情境性观察。,90,+12 边界证据,boundary_behavior_profile,角色不高于个人同意；责任清楚，但不会以身份、道德或标准剥夺选择。,边界方面需要：角色不高于个人同意；责任清楚，但不会以身份、道德或标准剥夺选择。,不得仅凭本规则推出某个具体人必然适合、忠诚、成熟或长期稳定；不得推断职业、收入、外貌、家庭、生肖、五行；不得以命理要求容忍伤害、原谅、复合或继续关系。现实安全、持续行为、反例与双方意愿优先。,中高,待验证,,fn_code=FN07; ten_god_style=正官; style=规范、负责、可复核; provisional=true; rule_group=PARTNER-FN画像,0.3
M5-PARTNER-088,FN07 责任秩序｜失衡表达候选,L1 FN伴侣功能画像,PARTNER-FN画像,通用,风险,FN07 责任秩序,正官,现实行为显示功能抢位、替代或断流。,只有功能强度，没有独立失衡证据。,由共享基础引擎与M5-BASE提供；只修正用户需要何种伴侣功能，不直接推断现实对象成熟度。,由M2提供；夫妻星与准入证据只说明谁容易进入关系，不能替代伴侣长期能力验证。,由M3-BASE提供；日支只帮助确定用户亲密关系中的功能需求，不直接描述具体伴侣人格。,无／按本规则指定的伴侣行为、场景或匹配模式路由。,近位、远位只修正用户对某项功能的优先级；不得据此断定现实伴侣一定具备。,根气只修正用户功能需求是否稳定重复，不等于具体对象已经稳定做到。,旺弱只修正需求强度、风险敏感度或匹配模式，不直接等于伴侣能力质量。,喜忌只修正用户对功能的承载与摩擦，不可直接翻译为理想伴侣五行、十神或人格。,真合化成立时按化神功能重算用户需求；合化争议时停止细化伴侣画像。,近位提高该功能进入亲密关系核心的可能；远位只保留背景或情境性观察。,82,风险候选 +10,unstable_expression_warning,容易把规则、标准和身份放在协商之前，形成僵化或道德压力。,需要留意：容易把规则、标准和身份放在协商之前，形成僵化或道德压力。,不得仅凭本规则推出某个具体人必然适合、忠诚、成熟或长期稳定；不得推断职业、收入、外貌、家庭、生肖、五行；不得以命理要求容忍伤害、原谅、复合或继续关系。现实安全、持续行为、反例与双方意愿优先。,中,待验证,,fn_code=FN07; ten_god_style=正官; style=规范、负责、可复核; provisional=true; rule_group=PARTNER-FN画像,0.3
M5-PARTNER-089,FN07 责任秩序｜伪装／假阳性表达,L1 FN伴侣功能画像,PARTNER-FN画像,通用,伪适配,FN07 责任秩序,正官,外显标签或高光行为强，但PV低、跨场景不足。,PV5—PV7已支持成熟表达。,由共享基础引擎与M5-BASE提供；只修正用户需要何种伴侣功能，不直接推断现实对象成熟度。,由M2提供；夫妻星与准入证据只说明谁容易进入关系，不能替代伴侣长期能力验证。,由M3-BASE提供；日支只帮助确定用户亲密关系中的功能需求，不直接描述具体伴侣人格。,无／按本规则指定的伴侣行为、场景或匹配模式路由。,近位、远位只修正用户对某项功能的优先级；不得据此断定现实伴侣一定具备。,根气只修正用户功能需求是否稳定重复，不等于具体对象已经稳定做到。,旺弱只修正需求强度、风险敏感度或匹配模式，不直接等于伴侣能力质量。,喜忌只修正用户对功能的承载与摩擦，不可直接翻译为理想伴侣五行、十神或人格。,真合化成立时按化神功能重算用户需求；合化争议时停止细化伴侣画像。,近位提高该功能进入亲密关系核心的可能；远位只保留背景或情境性观察。,88,PM候选 +12,pseudo_fit_warning,职业、形象、自律或“认真关系”标签突出，现实守约和反馈能力却未验证。,不要只看：职业、形象、自律或“认真关系”标签突出，现实守约和反馈能力却未验证。,不得仅凭本规则推出某个具体人必然适合、忠诚、成熟或长期稳定；不得推断职业、收入、外貌、家庭、生肖、五行；不得以命理要求容忍伤害、原谅、复合或继续关系。现实安全、持续行为、反例与双方意愿优先。,中高,待验证,,fn_code=FN07; ten_god_style=正官; style=规范、负责、可复核; provisional=true; rule_group=PARTNER-FN画像,0.3
M5-PARTNER-090,FN07 责任秩序｜观察计划与用户输出,L1 FN伴侣功能画像,PARTNER-FN画像,通用,输出,FN07 责任秩序,正官,已形成主或次FN候选。,资料停止或PR0未通过。,由共享基础引擎与M5-BASE提供；只修正用户需要何种伴侣功能，不直接推断现实对象成熟度。,由M2提供；夫妻星与准入证据只说明谁容易进入关系，不能替代伴侣长期能力验证。,由M3-BASE提供；日支只帮助确定用户亲密关系中的功能需求，不直接描述具体伴侣人格。,无／按本规则指定的伴侣行为、场景或匹配模式路由。,近位、远位只修正用户对某项功能的优先级；不得据此断定现实伴侣一定具备。,根气只修正用户功能需求是否稳定重复，不等于具体对象已经稳定做到。,旺弱只修正需求强度、风险敏感度或匹配模式，不直接等于伴侣能力质量。,喜忌只修正用户对功能的承载与摩擦，不可直接翻译为理想伴侣五行、十神或人格。,真合化成立时按化神功能重算用户需求；合化争议时停止细化伴侣画像。,近位提高该功能进入亲密关系核心的可能；远位只保留背景或情境性观察。,76,不加分；生成观察计划,observation_plan,该功能最有辨识度的观察点是：重点观察：承诺改变、犯错或规则对自己不利时，对方是否仍愿意承担和协商。,重点观察：承诺改变、犯错或规则对自己不利时，对方是否仍愿意承担和协商。,不得仅凭本规则推出某个具体人必然适合、忠诚、成熟或长期稳定；不得推断职业、收入、外貌、家庭、生肖、五行；不得以命理要求容忍伤害、原谅、复合或继续关系。现实安全、持续行为、反例与双方意愿优先。,中高,待验证,,fn_code=FN07; ten_god_style=正官; style=规范、负责、可复核; provisional=true; rule_group=PARTNER-FN画像,0.3
M5-PARTNER-091,FN08 决断保护｜功能画像定义,L1 FN伴侣功能画像,PARTNER-FN画像,通用,基础,FN08 决断保护,七杀,主适配需求或次需求已路由到该FN。,该FN只是PR3加分且与M4主风险冲突。,由共享基础引擎与M5-BASE提供；只修正用户需要何种伴侣功能，不直接推断现实对象成熟度。,由M2提供；夫妻星与准入证据只说明谁容易进入关系，不能替代伴侣长期能力验证。,由M3-BASE提供；日支只帮助确定用户亲密关系中的功能需求，不直接描述具体伴侣人格。,无／按本规则指定的伴侣行为、场景或匹配模式路由。,近位、远位只修正用户对某项功能的优先级；不得据此断定现实伴侣一定具备。,根气只修正用户功能需求是否稳定重复，不等于具体对象已经稳定做到。,旺弱只修正需求强度、风险敏感度或匹配模式，不直接等于伴侣能力质量。,喜忌只修正用户对功能的承载与摩擦，不可直接翻译为理想伴侣五行、十神或人格。,真合化成立时按化神功能重算用户需求；合化争议时停止细化伴侣画像。,近位提高该功能进入亲密关系核心的可能；远位只保留背景或情境性观察。,94,+20 主功能候选,primary_partner_function,FN08 决断保护的对象画像必须围绕可观察行为，不围绕人格标签。,你真正要验证的是：关键时刻有行动、止损和承担，同时保留共同决定与事后反馈。,不得仅凭本规则推出某个具体人必然适合、忠诚、成熟或长期稳定；不得推断职业、收入、外貌、家庭、生肖、五行；不得以命理要求容忍伤害、原谅、复合或继续关系。现实安全、持续行为、反例与双方意愿优先。,中高,待验证,,fn_code=FN08; ten_god_style=七杀; style=果断、保护、行动导向; provisional=true; rule_group=PARTNER-FN画像,0.3
M5-PARTNER-092,FN08 决断保护｜成熟稳定表达,L1 FN伴侣功能画像,PARTNER-FN画像,通用,成熟,FN08 决断保护,七杀,PV4以上，且PO02、PO03、PO05至少两项可靠。,只有自述、身份、一次行为或强反例。,由共享基础引擎与M5-BASE提供；只修正用户需要何种伴侣功能，不直接推断现实对象成熟度。,由M2提供；夫妻星与准入证据只说明谁容易进入关系，不能替代伴侣长期能力验证。,由M3-BASE提供；日支只帮助确定用户亲密关系中的功能需求，不直接描述具体伴侣人格。,无／按本规则指定的伴侣行为、场景或匹配模式路由。,近位、远位只修正用户对某项功能的优先级；不得据此断定现实伴侣一定具备。,根气只修正用户功能需求是否稳定重复，不等于具体对象已经稳定做到。,旺弱只修正需求强度、风险敏感度或匹配模式，不直接等于伴侣能力质量。,喜忌只修正用户对功能的承载与摩擦，不可直接翻译为理想伴侣五行、十神或人格。,真合化成立时按化神功能重算用户需求；合化争议时停止细化伴侣画像。,近位提高该功能进入亲密关系核心的可能；远位只保留背景或情境性观察。,90,+16 成熟画像,mature_behavior_profile,风险出现时敢处理、敢承担；行动前后说明原因、征求同意并恢复对方参与权。,成熟表现是：风险出现时敢处理、敢承担；行动前后说明原因、征求同意并恢复对方参与权。,不得仅凭本规则推出某个具体人必然适合、忠诚、成熟或长期稳定；不得推断职业、收入、外貌、家庭、生肖、五行；不得以命理要求容忍伤害、原谅、复合或继续关系。现实安全、持续行为、反例与双方意愿优先。,中高,待验证,,fn_code=FN08; ten_god_style=七杀; style=果断、保护、行动导向; provisional=true; rule_group=PARTNER-FN画像,0.3
M5-PARTNER-093,FN08 决断保护｜日常场景行为,L1 FN伴侣功能画像,PARTNER-FN画像,通用,场景,FN08 决断保护,七杀,存在SC01日常相处资料。,只使用高压事件推断日常。,由共享基础引擎与M5-BASE提供；只修正用户需要何种伴侣功能，不直接推断现实对象成熟度。,由M2提供；夫妻星与准入证据只说明谁容易进入关系，不能替代伴侣长期能力验证。,由M3-BASE提供；日支只帮助确定用户亲密关系中的功能需求，不直接描述具体伴侣人格。,无／按本规则指定的伴侣行为、场景或匹配模式路由。,近位、远位只修正用户对某项功能的优先级；不得据此断定现实伴侣一定具备。,根气只修正用户功能需求是否稳定重复，不等于具体对象已经稳定做到。,旺弱只修正需求强度、风险敏感度或匹配模式，不直接等于伴侣能力质量。,喜忌只修正用户对功能的承载与摩擦，不可直接翻译为理想伴侣五行、十神或人格。,真合化成立时按化神功能重算用户需求；合化争议时停止细化伴侣画像。,近位提高该功能进入亲密关系核心的可能；远位只保留背景或情境性观察。,78,+6 场景证据,daily_behavior_profile,不需要事事主导，能在非紧急事务中协商和等待。,日常可以观察：不需要事事主导，能在非紧急事务中协商和等待。,不得仅凭本规则推出某个具体人必然适合、忠诚、成熟或长期稳定；不得推断职业、收入、外貌、家庭、生肖、五行；不得以命理要求容忍伤害、原谅、复合或继续关系。现实安全、持续行为、反例与双方意愿优先。,中,待验证,,fn_code=FN08; ten_god_style=七杀; style=果断、保护、行动导向; provisional=true; rule_group=PARTNER-FN画像,0.3
M5-PARTNER-094,FN08 决断保护｜压力场景行为,L1 FN伴侣功能画像,PARTNER-FN画像,通用,场景,FN08 决断保护,七杀,存在SC04高压或PV5资料。,没有现实压力行为却根据十神猜测。,由共享基础引擎与M5-BASE提供；只修正用户需要何种伴侣功能，不直接推断现实对象成熟度。,由M2提供；夫妻星与准入证据只说明谁容易进入关系，不能替代伴侣长期能力验证。,由M3-BASE提供；日支只帮助确定用户亲密关系中的功能需求，不直接描述具体伴侣人格。,无／按本规则指定的伴侣行为、场景或匹配模式路由。,近位、远位只修正用户对某项功能的优先级；不得据此断定现实伴侣一定具备。,根气只修正用户功能需求是否稳定重复，不等于具体对象已经稳定做到。,旺弱只修正需求强度、风险敏感度或匹配模式，不直接等于伴侣能力质量。,喜忌只修正用户对功能的承载与摩擦，不可直接翻译为理想伴侣五行、十神或人格。,真合化成立时按化神功能重算用户需求；合化争议时停止细化伴侣画像。,近位提高该功能进入亲密关系核心的可能；远位只保留背景或情境性观察。,84,+10 压力证据,stress_behavior_profile,高压下迅速止损和推进，但会区分紧急授权与长期权力。,压力下可以观察：高压下迅速止损和推进，但会区分紧急授权与长期权力。,不得仅凭本规则推出某个具体人必然适合、忠诚、成熟或长期稳定；不得推断职业、收入、外貌、家庭、生肖、五行；不得以命理要求容忍伤害、原谅、复合或继续关系。现实安全、持续行为、反例与双方意愿优先。,中高,待验证,,fn_code=FN08; ten_god_style=七杀; style=果断、保护、行动导向; provisional=true; rule_group=PARTNER-FN画像,0.3
M5-PARTNER-095,FN08 决断保护｜冲突场景行为,L1 FN伴侣功能画像,PARTNER-FN画像,通用,场景,FN08 决断保护,七杀,存在SC03意见分歧资料。,只有平稳互动资料。,由共享基础引擎与M5-BASE提供；只修正用户需要何种伴侣功能，不直接推断现实对象成熟度。,由M2提供；夫妻星与准入证据只说明谁容易进入关系，不能替代伴侣长期能力验证。,由M3-BASE提供；日支只帮助确定用户亲密关系中的功能需求，不直接描述具体伴侣人格。,无／按本规则指定的伴侣行为、场景或匹配模式路由。,近位、远位只修正用户对某项功能的优先级；不得据此断定现实伴侣一定具备。,根气只修正用户功能需求是否稳定重复，不等于具体对象已经稳定做到。,旺弱只修正需求强度、风险敏感度或匹配模式，不直接等于伴侣能力质量。,喜忌只修正用户对功能的承载与摩擦，不可直接翻译为理想伴侣五行、十神或人格。,真合化成立时按化神功能重算用户需求；合化争议时停止细化伴侣画像。,近位提高该功能进入亲密关系核心的可能；远位只保留背景或情境性观察。,84,+10 冲突证据,conflict_behavior_profile,可以直接指出问题和停止线，同时允许对方回应、修正和共同决定。,出现分歧时可以观察：可以直接指出问题和停止线，同时允许对方回应、修正和共同决定。,不得仅凭本规则推出某个具体人必然适合、忠诚、成熟或长期稳定；不得推断职业、收入、外貌、家庭、生肖、五行；不得以命理要求容忍伤害、原谅、复合或继续关系。现实安全、持续行为、反例与双方意愿优先。,中高,待验证,,fn_code=FN08; ten_god_style=七杀; style=果断、保护、行动导向; provisional=true; rule_group=PARTNER-FN画像,0.3
M5-PARTNER-096,FN08 决断保护｜修复场景行为,L1 FN伴侣功能画像,PARTNER-FN画像,通用,场景,FN08 决断保护,七杀,存在SC07修复资料。,事件未结束或安全问题未处理。,由共享基础引擎与M5-BASE提供；只修正用户需要何种伴侣功能，不直接推断现实对象成熟度。,由M2提供；夫妻星与准入证据只说明谁容易进入关系，不能替代伴侣长期能力验证。,由M3-BASE提供；日支只帮助确定用户亲密关系中的功能需求，不直接描述具体伴侣人格。,无／按本规则指定的伴侣行为、场景或匹配模式路由。,近位、远位只修正用户对某项功能的优先级；不得据此断定现实伴侣一定具备。,根气只修正用户功能需求是否稳定重复，不等于具体对象已经稳定做到。,旺弱只修正需求强度、风险敏感度或匹配模式，不直接等于伴侣能力质量。,喜忌只修正用户对功能的承载与摩擦，不可直接翻译为理想伴侣五行、十神或人格。,真合化成立时按化神功能重算用户需求；合化争议时停止细化伴侣画像。,近位提高该功能进入亲密关系核心的可能；远位只保留背景或情境性观察。,86,+12 修复证据,repair_behavior_profile,事情处理后会回到感受、影响和权力边界，确认保护没有变成接管。,修复时可以观察：事情处理后会回到感受、影响和权力边界，确认保护没有变成接管。,不得仅凭本规则推出某个具体人必然适合、忠诚、成熟或长期稳定；不得推断职业、收入、外貌、家庭、生肖、五行；不得以命理要求容忍伤害、原谅、复合或继续关系。现实安全、持续行为、反例与双方意愿优先。,中高,待验证,,fn_code=FN08; ten_god_style=七杀; style=果断、保护、行动导向; provisional=true; rule_group=PARTNER-FN画像,0.3
M5-PARTNER-097,FN08 决断保护｜自主与边界要求,L1 FN伴侣功能画像,PARTNER-FN画像,通用,边界,FN08 决断保护,七杀,FN成为PR1或与M4边界机制相关。,边界只要求一方遵守。,由共享基础引擎与M5-BASE提供；只修正用户需要何种伴侣功能，不直接推断现实对象成熟度。,由M2提供；夫妻星与准入证据只说明谁容易进入关系，不能替代伴侣长期能力验证。,由M3-BASE提供；日支只帮助确定用户亲密关系中的功能需求，不直接描述具体伴侣人格。,无／按本规则指定的伴侣行为、场景或匹配模式路由。,近位、远位只修正用户对某项功能的优先级；不得据此断定现实伴侣一定具备。,根气只修正用户功能需求是否稳定重复，不等于具体对象已经稳定做到。,旺弱只修正需求强度、风险敏感度或匹配模式，不直接等于伴侣能力质量。,喜忌只修正用户对功能的承载与摩擦，不可直接翻译为理想伴侣五行、十神或人格。,真合化成立时按化神功能重算用户需求；合化争议时停止细化伴侣画像。,近位提高该功能进入亲密关系核心的可能；远位只保留背景或情境性观察。,90,+12 边界证据,boundary_behavior_profile,不会以“为你好”越过明确拒绝；保护行为与控制行为有清楚界限。,边界方面需要：不会以“为你好”越过明确拒绝；保护行为与控制行为有清楚界限。,不得仅凭本规则推出某个具体人必然适合、忠诚、成熟或长期稳定；不得推断职业、收入、外貌、家庭、生肖、五行；不得以命理要求容忍伤害、原谅、复合或继续关系。现实安全、持续行为、反例与双方意愿优先。,中高,待验证,,fn_code=FN08; ten_god_style=七杀; style=果断、保护、行动导向; provisional=true; rule_group=PARTNER-FN画像,0.3
M5-PARTNER-098,FN08 决断保护｜失衡表达候选,L1 FN伴侣功能画像,PARTNER-FN画像,通用,风险,FN08 决断保护,七杀,现实行为显示功能抢位、替代或断流。,只有功能强度，没有独立失衡证据。,由共享基础引擎与M5-BASE提供；只修正用户需要何种伴侣功能，不直接推断现实对象成熟度。,由M2提供；夫妻星与准入证据只说明谁容易进入关系，不能替代伴侣长期能力验证。,由M3-BASE提供；日支只帮助确定用户亲密关系中的功能需求，不直接描述具体伴侣人格。,无／按本规则指定的伴侣行为、场景或匹配模式路由。,近位、远位只修正用户对某项功能的优先级；不得据此断定现实伴侣一定具备。,根气只修正用户功能需求是否稳定重复，不等于具体对象已经稳定做到。,旺弱只修正需求强度、风险敏感度或匹配模式，不直接等于伴侣能力质量。,喜忌只修正用户对功能的承载与摩擦，不可直接翻译为理想伴侣五行、十神或人格。,真合化成立时按化神功能重算用户需求；合化争议时停止细化伴侣画像。,近位提高该功能进入亲密关系核心的可能；远位只保留背景或情境性观察。,82,风险候选 +10,unstable_expression_warning,容易让速度、强度和结果压过协商、感受和参与权。,需要留意：容易让速度、强度和结果压过协商、感受和参与权。,不得仅凭本规则推出某个具体人必然适合、忠诚、成熟或长期稳定；不得推断职业、收入、外貌、家庭、生肖、五行；不得以命理要求容忍伤害、原谅、复合或继续关系。现实安全、持续行为、反例与双方意愿优先。,中,待验证,,fn_code=FN08; ten_god_style=七杀; style=果断、保护、行动导向; provisional=true; rule_group=PARTNER-FN画像,0.3
M5-PARTNER-099,FN08 决断保护｜伪装／假阳性表达,L1 FN伴侣功能画像,PARTNER-FN画像,通用,伪适配,FN08 决断保护,七杀,外显标签或高光行为强，但PV低、跨场景不足。,PV5—PV7已支持成熟表达。,由共享基础引擎与M5-BASE提供；只修正用户需要何种伴侣功能，不直接推断现实对象成熟度。,由M2提供；夫妻星与准入证据只说明谁容易进入关系，不能替代伴侣长期能力验证。,由M3-BASE提供；日支只帮助确定用户亲密关系中的功能需求，不直接描述具体伴侣人格。,无／按本规则指定的伴侣行为、场景或匹配模式路由。,近位、远位只修正用户对某项功能的优先级；不得据此断定现实伴侣一定具备。,根气只修正用户功能需求是否稳定重复，不等于具体对象已经稳定做到。,旺弱只修正需求强度、风险敏感度或匹配模式，不直接等于伴侣能力质量。,喜忌只修正用户对功能的承载与摩擦，不可直接翻译为理想伴侣五行、十神或人格。,真合化成立时按化神功能重算用户需求；合化争议时停止细化伴侣画像。,近位提高该功能进入亲密关系核心的可能；远位只保留背景或情境性观察。,88,PM候选 +12,pseudo_fit_warning,气场、能力、资源或危机处理很强，却习惯替对方决定并把服从当成信任。,不要只看：气场、能力、资源或危机处理很强，却习惯替对方决定并把服从当成信任。,不得仅凭本规则推出某个具体人必然适合、忠诚、成熟或长期稳定；不得推断职业、收入、外貌、家庭、生肖、五行；不得以命理要求容忍伤害、原谅、复合或继续关系。现实安全、持续行为、反例与双方意愿优先。,中高,待验证,,fn_code=FN08; ten_god_style=七杀; style=果断、保护、行动导向; provisional=true; rule_group=PARTNER-FN画像,0.3
M5-PARTNER-100,FN08 决断保护｜观察计划与用户输出,L1 FN伴侣功能画像,PARTNER-FN画像,通用,输出,FN08 决断保护,七杀,已形成主或次FN候选。,资料停止或PR0未通过。,由共享基础引擎与M5-BASE提供；只修正用户需要何种伴侣功能，不直接推断现实对象成熟度。,由M2提供；夫妻星与准入证据只说明谁容易进入关系，不能替代伴侣长期能力验证。,由M3-BASE提供；日支只帮助确定用户亲密关系中的功能需求，不直接描述具体伴侣人格。,无／按本规则指定的伴侣行为、场景或匹配模式路由。,近位、远位只修正用户对某项功能的优先级；不得据此断定现实伴侣一定具备。,根气只修正用户功能需求是否稳定重复，不等于具体对象已经稳定做到。,旺弱只修正需求强度、风险敏感度或匹配模式，不直接等于伴侣能力质量。,喜忌只修正用户对功能的承载与摩擦，不可直接翻译为理想伴侣五行、十神或人格。,真合化成立时按化神功能重算用户需求；合化争议时停止细化伴侣画像。,近位提高该功能进入亲密关系核心的可能；远位只保留背景或情境性观察。,76,不加分；生成观察计划,observation_plan,该功能最有辨识度的观察点是：重点观察：紧急事件结束后，对方是否主动归还决定权并接受复盘。,重点观察：紧急事件结束后，对方是否主动归还决定权并接受复盘。,不得仅凭本规则推出某个具体人必然适合、忠诚、成熟或长期稳定；不得推断职业、收入、外貌、家庭、生肖、五行；不得以命理要求容忍伤害、原谅、复合或继续关系。现实安全、持续行为、反例与双方意愿优先。,中高,待验证,,fn_code=FN08; ten_god_style=七杀; style=果断、保护、行动导向; provisional=true; rule_group=PARTNER-FN画像,0.3
M5-PARTNER-101,FN09 安全承接｜功能画像定义,L1 FN伴侣功能画像,PARTNER-FN画像,通用,基础,FN09 安全承接,正印,主适配需求或次需求已路由到该FN。,该FN只是PR3加分且与M4主风险冲突。,由共享基础引擎与M5-BASE提供；只修正用户需要何种伴侣功能，不直接推断现实对象成熟度。,由M2提供；夫妻星与准入证据只说明谁容易进入关系，不能替代伴侣长期能力验证。,由M3-BASE提供；日支只帮助确定用户亲密关系中的功能需求，不直接描述具体伴侣人格。,无／按本规则指定的伴侣行为、场景或匹配模式路由。,近位、远位只修正用户对某项功能的优先级；不得据此断定现实伴侣一定具备。,根气只修正用户功能需求是否稳定重复，不等于具体对象已经稳定做到。,旺弱只修正需求强度、风险敏感度或匹配模式，不直接等于伴侣能力质量。,喜忌只修正用户对功能的承载与摩擦，不可直接翻译为理想伴侣五行、十神或人格。,真合化成立时按化神功能重算用户需求；合化争议时停止细化伴侣画像。,近位提高该功能进入亲密关系核心的可能；远位只保留背景或情境性观察。,94,+20 主功能候选,primary_partner_function,FN09 安全承接的对象画像必须围绕可观察行为，不围绕人格标签。,你真正要验证的是：被倾听、理解和支持，同时促进自主、边界与现实改变。,不得仅凭本规则推出某个具体人必然适合、忠诚、成熟或长期稳定；不得推断职业、收入、外貌、家庭、生肖、五行；不得以命理要求容忍伤害、原谅、复合或继续关系。现实安全、持续行为、反例与双方意愿优先。,中高,待验证,,fn_code=FN09; ten_god_style=正印; style=耐心、承接、安全导向; provisional=true; rule_group=PARTNER-FN画像,0.3
M5-PARTNER-102,FN09 安全承接｜成熟稳定表达,L1 FN伴侣功能画像,PARTNER-FN画像,通用,成熟,FN09 安全承接,正印,PV4以上，且PO02、PO03、PO05至少两项可靠。,只有自述、身份、一次行为或强反例。,由共享基础引擎与M5-BASE提供；只修正用户需要何种伴侣功能，不直接推断现实对象成熟度。,由M2提供；夫妻星与准入证据只说明谁容易进入关系，不能替代伴侣长期能力验证。,由M3-BASE提供；日支只帮助确定用户亲密关系中的功能需求，不直接描述具体伴侣人格。,无／按本规则指定的伴侣行为、场景或匹配模式路由。,近位、远位只修正用户对某项功能的优先级；不得据此断定现实伴侣一定具备。,根气只修正用户功能需求是否稳定重复，不等于具体对象已经稳定做到。,旺弱只修正需求强度、风险敏感度或匹配模式，不直接等于伴侣能力质量。,喜忌只修正用户对功能的承载与摩擦，不可直接翻译为理想伴侣五行、十神或人格。,真合化成立时按化神功能重算用户需求；合化争议时停止细化伴侣画像。,近位提高该功能进入亲密关系核心的可能；远位只保留背景或情境性观察。,90,+16 成熟画像,mature_behavior_profile,愿意耐心听取感受、确认理解，并支持你形成自己的决定和行动。,成熟表现是：愿意耐心听取感受、确认理解，并支持你形成自己的决定和行动。,不得仅凭本规则推出某个具体人必然适合、忠诚、成熟或长期稳定；不得推断职业、收入、外貌、家庭、生肖、五行；不得以命理要求容忍伤害、原谅、复合或继续关系。现实安全、持续行为、反例与双方意愿优先。,中高,待验证,,fn_code=FN09; ten_god_style=正印; style=耐心、承接、安全导向; provisional=true; rule_group=PARTNER-FN画像,0.3
M5-PARTNER-103,FN09 安全承接｜日常场景行为,L1 FN伴侣功能画像,PARTNER-FN画像,通用,场景,FN09 安全承接,正印,存在SC01日常相处资料。,只使用高压事件推断日常。,由共享基础引擎与M5-BASE提供；只修正用户需要何种伴侣功能，不直接推断现实对象成熟度。,由M2提供；夫妻星与准入证据只说明谁容易进入关系，不能替代伴侣长期能力验证。,由M3-BASE提供；日支只帮助确定用户亲密关系中的功能需求，不直接描述具体伴侣人格。,无／按本规则指定的伴侣行为、场景或匹配模式路由。,近位、远位只修正用户对某项功能的优先级；不得据此断定现实伴侣一定具备。,根气只修正用户功能需求是否稳定重复，不等于具体对象已经稳定做到。,旺弱只修正需求强度、风险敏感度或匹配模式，不直接等于伴侣能力质量。,喜忌只修正用户对功能的承载与摩擦，不可直接翻译为理想伴侣五行、十神或人格。,真合化成立时按化神功能重算用户需求；合化争议时停止细化伴侣画像。,近位提高该功能进入亲密关系核心的可能；远位只保留背景或情境性观察。,78,+6 场景证据,daily_behavior_profile,能提供稳定回应和情绪安全，不要求你马上给出答案。,日常可以观察：能提供稳定回应和情绪安全，不要求你马上给出答案。,不得仅凭本规则推出某个具体人必然适合、忠诚、成熟或长期稳定；不得推断职业、收入、外貌、家庭、生肖、五行；不得以命理要求容忍伤害、原谅、复合或继续关系。现实安全、持续行为、反例与双方意愿优先。,中,待验证,,fn_code=FN09; ten_god_style=正印; style=耐心、承接、安全导向; provisional=true; rule_group=PARTNER-FN画像,0.3
M5-PARTNER-104,FN09 安全承接｜压力场景行为,L1 FN伴侣功能画像,PARTNER-FN画像,通用,场景,FN09 安全承接,正印,存在SC04高压或PV5资料。,没有现实压力行为却根据十神猜测。,由共享基础引擎与M5-BASE提供；只修正用户需要何种伴侣功能，不直接推断现实对象成熟度。,由M2提供；夫妻星与准入证据只说明谁容易进入关系，不能替代伴侣长期能力验证。,由M3-BASE提供；日支只帮助确定用户亲密关系中的功能需求，不直接描述具体伴侣人格。,无／按本规则指定的伴侣行为、场景或匹配模式路由。,近位、远位只修正用户对某项功能的优先级；不得据此断定现实伴侣一定具备。,根气只修正用户功能需求是否稳定重复，不等于具体对象已经稳定做到。,旺弱只修正需求强度、风险敏感度或匹配模式，不直接等于伴侣能力质量。,喜忌只修正用户对功能的承载与摩擦，不可直接翻译为理想伴侣五行、十神或人格。,真合化成立时按化神功能重算用户需求；合化争议时停止细化伴侣画像。,近位提高该功能进入亲密关系核心的可能；远位只保留背景或情境性观察。,84,+10 压力证据,stress_behavior_profile,高压时先帮助恢复基本安全，再与双方一起确认现实责任和下一步。,压力下可以观察：高压时先帮助恢复基本安全，再与双方一起确认现实责任和下一步。,不得仅凭本规则推出某个具体人必然适合、忠诚、成熟或长期稳定；不得推断职业、收入、外貌、家庭、生肖、五行；不得以命理要求容忍伤害、原谅、复合或继续关系。现实安全、持续行为、反例与双方意愿优先。,中高,待验证,,fn_code=FN09; ten_god_style=正印; style=耐心、承接、安全导向; provisional=true; rule_group=PARTNER-FN画像,0.3
M5-PARTNER-105,FN09 安全承接｜冲突场景行为,L1 FN伴侣功能画像,PARTNER-FN画像,通用,场景,FN09 安全承接,正印,存在SC03意见分歧资料。,只有平稳互动资料。,由共享基础引擎与M5-BASE提供；只修正用户需要何种伴侣功能，不直接推断现实对象成熟度。,由M2提供；夫妻星与准入证据只说明谁容易进入关系，不能替代伴侣长期能力验证。,由M3-BASE提供；日支只帮助确定用户亲密关系中的功能需求，不直接描述具体伴侣人格。,无／按本规则指定的伴侣行为、场景或匹配模式路由。,近位、远位只修正用户对某项功能的优先级；不得据此断定现实伴侣一定具备。,根气只修正用户功能需求是否稳定重复，不等于具体对象已经稳定做到。,旺弱只修正需求强度、风险敏感度或匹配模式，不直接等于伴侣能力质量。,喜忌只修正用户对功能的承载与摩擦，不可直接翻译为理想伴侣五行、十神或人格。,真合化成立时按化神功能重算用户需求；合化争议时停止细化伴侣画像。,近位提高该功能进入亲密关系核心的可能；远位只保留背景或情境性观察。,84,+10 冲突证据,conflict_behavior_profile,倾听不等于同意；会理解背景，也会清楚表达自己的边界。,出现分歧时可以观察：倾听不等于同意；会理解背景，也会清楚表达自己的边界。,不得仅凭本规则推出某个具体人必然适合、忠诚、成熟或长期稳定；不得推断职业、收入、外貌、家庭、生肖、五行；不得以命理要求容忍伤害、原谅、复合或继续关系。现实安全、持续行为、反例与双方意愿优先。,中高,待验证,,fn_code=FN09; ten_god_style=正印; style=耐心、承接、安全导向; provisional=true; rule_group=PARTNER-FN画像,0.3
M5-PARTNER-106,FN09 安全承接｜修复场景行为,L1 FN伴侣功能画像,PARTNER-FN画像,通用,场景,FN09 安全承接,正印,存在SC07修复资料。,事件未结束或安全问题未处理。,由共享基础引擎与M5-BASE提供；只修正用户需要何种伴侣功能，不直接推断现实对象成熟度。,由M2提供；夫妻星与准入证据只说明谁容易进入关系，不能替代伴侣长期能力验证。,由M3-BASE提供；日支只帮助确定用户亲密关系中的功能需求，不直接描述具体伴侣人格。,无／按本规则指定的伴侣行为、场景或匹配模式路由。,近位、远位只修正用户对某项功能的优先级；不得据此断定现实伴侣一定具备。,根气只修正用户功能需求是否稳定重复，不等于具体对象已经稳定做到。,旺弱只修正需求强度、风险敏感度或匹配模式，不直接等于伴侣能力质量。,喜忌只修正用户对功能的承载与摩擦，不可直接翻译为理想伴侣五行、十神或人格。,真合化成立时按化神功能重算用户需求；合化争议时停止细化伴侣画像。,近位提高该功能进入亲密关系核心的可能；远位只保留背景或情境性观察。,86,+12 修复证据,repair_behavior_profile,承认影响、允许反复反馈，并把理解转成实际调整和持续支持。,修复时可以观察：承认影响、允许反复反馈，并把理解转成实际调整和持续支持。,不得仅凭本规则推出某个具体人必然适合、忠诚、成熟或长期稳定；不得推断职业、收入、外貌、家庭、生肖、五行；不得以命理要求容忍伤害、原谅、复合或继续关系。现实安全、持续行为、反例与双方意愿优先。,中高,待验证,,fn_code=FN09; ten_god_style=正印; style=耐心、承接、安全导向; provisional=true; rule_group=PARTNER-FN画像,0.3
M5-PARTNER-107,FN09 安全承接｜自主与边界要求,L1 FN伴侣功能画像,PARTNER-FN画像,通用,边界,FN09 安全承接,正印,FN成为PR1或与M4边界机制相关。,边界只要求一方遵守。,由共享基础引擎与M5-BASE提供；只修正用户需要何种伴侣功能，不直接推断现实对象成熟度。,由M2提供；夫妻星与准入证据只说明谁容易进入关系，不能替代伴侣长期能力验证。,由M3-BASE提供；日支只帮助确定用户亲密关系中的功能需求，不直接描述具体伴侣人格。,无／按本规则指定的伴侣行为、场景或匹配模式路由。,近位、远位只修正用户对某项功能的优先级；不得据此断定现实伴侣一定具备。,根气只修正用户功能需求是否稳定重复，不等于具体对象已经稳定做到。,旺弱只修正需求强度、风险敏感度或匹配模式，不直接等于伴侣能力质量。,喜忌只修正用户对功能的承载与摩擦，不可直接翻译为理想伴侣五行、十神或人格。,真合化成立时按化神功能重算用户需求；合化争议时停止细化伴侣画像。,近位提高该功能进入亲密关系核心的可能；远位只保留背景或情境性观察。,90,+12 边界证据,boundary_behavior_profile,照顾不接管；提供建议前先询问，尊重你拒绝帮助和保留隐私。,边界方面需要：照顾不接管；提供建议前先询问，尊重你拒绝帮助和保留隐私。,不得仅凭本规则推出某个具体人必然适合、忠诚、成熟或长期稳定；不得推断职业、收入、外貌、家庭、生肖、五行；不得以命理要求容忍伤害、原谅、复合或继续关系。现实安全、持续行为、反例与双方意愿优先。,中高,待验证,,fn_code=FN09; ten_god_style=正印; style=耐心、承接、安全导向; provisional=true; rule_group=PARTNER-FN画像,0.3
M5-PARTNER-108,FN09 安全承接｜失衡表达候选,L1 FN伴侣功能画像,PARTNER-FN画像,通用,风险,FN09 安全承接,正印,现实行为显示功能抢位、替代或断流。,只有功能强度，没有独立失衡证据。,由共享基础引擎与M5-BASE提供；只修正用户需要何种伴侣功能，不直接推断现实对象成熟度。,由M2提供；夫妻星与准入证据只说明谁容易进入关系，不能替代伴侣长期能力验证。,由M3-BASE提供；日支只帮助确定用户亲密关系中的功能需求，不直接描述具体伴侣人格。,无／按本规则指定的伴侣行为、场景或匹配模式路由。,近位、远位只修正用户对某项功能的优先级；不得据此断定现实伴侣一定具备。,根气只修正用户功能需求是否稳定重复，不等于具体对象已经稳定做到。,旺弱只修正需求强度、风险敏感度或匹配模式，不直接等于伴侣能力质量。,喜忌只修正用户对功能的承载与摩擦，不可直接翻译为理想伴侣五行、十神或人格。,真合化成立时按化神功能重算用户需求；合化争议时停止细化伴侣画像。,近位提高该功能进入亲密关系核心的可能；远位只保留背景或情境性观察。,82,风险候选 +10,unstable_expression_warning,容易过度承接、替对方合理化，或用理解代替边界与现实改变。,需要留意：容易过度承接、替对方合理化，或用理解代替边界与现实改变。,不得仅凭本规则推出某个具体人必然适合、忠诚、成熟或长期稳定；不得推断职业、收入、外貌、家庭、生肖、五行；不得以命理要求容忍伤害、原谅、复合或继续关系。现实安全、持续行为、反例与双方意愿优先。,中,待验证,,fn_code=FN09; ten_god_style=正印; style=耐心、承接、安全导向; provisional=true; rule_group=PARTNER-FN画像,0.3
M5-PARTNER-109,FN09 安全承接｜伪装／假阳性表达,L1 FN伴侣功能画像,PARTNER-FN画像,通用,伪适配,FN09 安全承接,正印,外显标签或高光行为强，但PV低、跨场景不足。,PV5—PV7已支持成熟表达。,由共享基础引擎与M5-BASE提供；只修正用户需要何种伴侣功能，不直接推断现实对象成熟度。,由M2提供；夫妻星与准入证据只说明谁容易进入关系，不能替代伴侣长期能力验证。,由M3-BASE提供；日支只帮助确定用户亲密关系中的功能需求，不直接描述具体伴侣人格。,无／按本规则指定的伴侣行为、场景或匹配模式路由。,近位、远位只修正用户对某项功能的优先级；不得据此断定现实伴侣一定具备。,根气只修正用户功能需求是否稳定重复，不等于具体对象已经稳定做到。,旺弱只修正需求强度、风险敏感度或匹配模式，不直接等于伴侣能力质量。,喜忌只修正用户对功能的承载与摩擦，不可直接翻译为理想伴侣五行、十神或人格。,真合化成立时按化神功能重算用户需求；合化争议时停止细化伴侣画像。,近位提高该功能进入亲密关系核心的可能；远位只保留背景或情境性观察。,88,PM候选 +12,pseudo_fit_warning,很会安抚、倾听和说“我懂你”，却不承担自己造成的影响。,不要只看：很会安抚、倾听和说“我懂你”，却不承担自己造成的影响。,不得仅凭本规则推出某个具体人必然适合、忠诚、成熟或长期稳定；不得推断职业、收入、外貌、家庭、生肖、五行；不得以命理要求容忍伤害、原谅、复合或继续关系。现实安全、持续行为、反例与双方意愿优先。,中高,待验证,,fn_code=FN09; ten_god_style=正印; style=耐心、承接、安全导向; provisional=true; rule_group=PARTNER-FN画像,0.3
M5-PARTNER-110,FN09 安全承接｜观察计划与用户输出,L1 FN伴侣功能画像,PARTNER-FN画像,通用,输出,FN09 安全承接,正印,已形成主或次FN候选。,资料停止或PR0未通过。,由共享基础引擎与M5-BASE提供；只修正用户需要何种伴侣功能，不直接推断现实对象成熟度。,由M2提供；夫妻星与准入证据只说明谁容易进入关系，不能替代伴侣长期能力验证。,由M3-BASE提供；日支只帮助确定用户亲密关系中的功能需求，不直接描述具体伴侣人格。,无／按本规则指定的伴侣行为、场景或匹配模式路由。,近位、远位只修正用户对某项功能的优先级；不得据此断定现实伴侣一定具备。,根气只修正用户功能需求是否稳定重复，不等于具体对象已经稳定做到。,旺弱只修正需求强度、风险敏感度或匹配模式，不直接等于伴侣能力质量。,喜忌只修正用户对功能的承载与摩擦，不可直接翻译为理想伴侣五行、十神或人格。,真合化成立时按化神功能重算用户需求；合化争议时停止细化伴侣画像。,近位提高该功能进入亲密关系核心的可能；远位只保留背景或情境性观察。,76,不加分；生成观察计划,observation_plan,该功能最有辨识度的观察点是：重点观察：理解之后是否出现现实调整，以及是否尊重你不接受建议的权利。,重点观察：理解之后是否出现现实调整，以及是否尊重你不接受建议的权利。,不得仅凭本规则推出某个具体人必然适合、忠诚、成熟或长期稳定；不得推断职业、收入、外貌、家庭、生肖、五行；不得以命理要求容忍伤害、原谅、复合或继续关系。现实安全、持续行为、反例与双方意愿优先。,中高,待验证,,fn_code=FN09; ten_god_style=正印; style=耐心、承接、安全导向; provisional=true; rule_group=PARTNER-FN画像,0.3
M5-PARTNER-111,FN10 深度空间｜功能画像定义,L1 FN伴侣功能画像,PARTNER-FN画像,通用,基础,FN10 深度空间,偏印,主适配需求或次需求已路由到该FN。,该FN只是PR3加分且与M4主风险冲突。,由共享基础引擎与M5-BASE提供；只修正用户需要何种伴侣功能，不直接推断现实对象成熟度。,由M2提供；夫妻星与准入证据只说明谁容易进入关系，不能替代伴侣长期能力验证。,由M3-BASE提供；日支只帮助确定用户亲密关系中的功能需求，不直接描述具体伴侣人格。,无／按本规则指定的伴侣行为、场景或匹配模式路由。,近位、远位只修正用户对某项功能的优先级；不得据此断定现实伴侣一定具备。,根气只修正用户功能需求是否稳定重复，不等于具体对象已经稳定做到。,旺弱只修正需求强度、风险敏感度或匹配模式，不直接等于伴侣能力质量。,喜忌只修正用户对功能的承载与摩擦，不可直接翻译为理想伴侣五行、十神或人格。,真合化成立时按化神功能重算用户需求；合化争议时停止细化伴侣画像。,近位提高该功能进入亲密关系核心的可能；远位只保留背景或情境性观察。,94,+20 主功能候选,primary_partner_function,FN10 深度空间的对象画像必须围绕可观察行为，不围绕人格标签。,你真正要验证的是：尊重内部整理与私人空间，同时保持最低连接和明确回归。,不得仅凭本规则推出某个具体人必然适合、忠诚、成熟或长期稳定；不得推断职业、收入、外貌、家庭、生肖、五行；不得以命理要求容忍伤害、原谅、复合或继续关系。现实安全、持续行为、反例与双方意愿优先。,中高,待验证,,fn_code=FN10; ten_god_style=偏印; style=深度、选择性、空间导向; provisional=true; rule_group=PARTNER-FN画像,0.3
M5-PARTNER-112,FN10 深度空间｜成熟稳定表达,L1 FN伴侣功能画像,PARTNER-FN画像,通用,成熟,FN10 深度空间,偏印,PV4以上，且PO02、PO03、PO05至少两项可靠。,只有自述、身份、一次行为或强反例。,由共享基础引擎与M5-BASE提供；只修正用户需要何种伴侣功能，不直接推断现实对象成熟度。,由M2提供；夫妻星与准入证据只说明谁容易进入关系，不能替代伴侣长期能力验证。,由M3-BASE提供；日支只帮助确定用户亲密关系中的功能需求，不直接描述具体伴侣人格。,无／按本规则指定的伴侣行为、场景或匹配模式路由。,近位、远位只修正用户对某项功能的优先级；不得据此断定现实伴侣一定具备。,根气只修正用户功能需求是否稳定重复，不等于具体对象已经稳定做到。,旺弱只修正需求强度、风险敏感度或匹配模式，不直接等于伴侣能力质量。,喜忌只修正用户对功能的承载与摩擦，不可直接翻译为理想伴侣五行、十神或人格。,真合化成立时按化神功能重算用户需求；合化争议时停止细化伴侣画像。,近位提高该功能进入亲密关系核心的可能；远位只保留背景或情境性观察。,90,+16 成熟画像,mature_behavior_profile,允许彼此独立思考，愿意进行有深度、选择性的交流；暂停时会说明范围和回来时间。,成熟表现是：允许彼此独立思考，愿意进行有深度、选择性的交流；暂停时会说明范围和回来时间。,不得仅凭本规则推出某个具体人必然适合、忠诚、成熟或长期稳定；不得推断职业、收入、外貌、家庭、生肖、五行；不得以命理要求容忍伤害、原谅、复合或继续关系。现实安全、持续行为、反例与双方意愿优先。,中高,待验证,,fn_code=FN10; ten_god_style=偏印; style=深度、选择性、空间导向; provisional=true; rule_group=PARTNER-FN画像,0.3
M5-PARTNER-113,FN10 深度空间｜日常场景行为,L1 FN伴侣功能画像,PARTNER-FN画像,通用,场景,FN10 深度空间,偏印,存在SC01日常相处资料。,只使用高压事件推断日常。,由共享基础引擎与M5-BASE提供；只修正用户需要何种伴侣功能，不直接推断现实对象成熟度。,由M2提供；夫妻星与准入证据只说明谁容易进入关系，不能替代伴侣长期能力验证。,由M3-BASE提供；日支只帮助确定用户亲密关系中的功能需求，不直接描述具体伴侣人格。,无／按本规则指定的伴侣行为、场景或匹配模式路由。,近位、远位只修正用户对某项功能的优先级；不得据此断定现实伴侣一定具备。,根气只修正用户功能需求是否稳定重复，不等于具体对象已经稳定做到。,旺弱只修正需求强度、风险敏感度或匹配模式，不直接等于伴侣能力质量。,喜忌只修正用户对功能的承载与摩擦，不可直接翻译为理想伴侣五行、十神或人格。,真合化成立时按化神功能重算用户需求；合化争议时停止细化伴侣画像。,近位提高该功能进入亲密关系核心的可能；远位只保留背景或情境性观察。,78,+6 场景证据,daily_behavior_profile,不要求高频黏连，但重要信息和关系状态保持可联系、可确认。,日常可以观察：不要求高频黏连，但重要信息和关系状态保持可联系、可确认。,不得仅凭本规则推出某个具体人必然适合、忠诚、成熟或长期稳定；不得推断职业、收入、外貌、家庭、生肖、五行；不得以命理要求容忍伤害、原谅、复合或继续关系。现实安全、持续行为、反例与双方意愿优先。,中,待验证,,fn_code=FN10; ten_god_style=偏印; style=深度、选择性、空间导向; provisional=true; rule_group=PARTNER-FN画像,0.3
M5-PARTNER-114,FN10 深度空间｜压力场景行为,L1 FN伴侣功能画像,PARTNER-FN画像,通用,场景,FN10 深度空间,偏印,存在SC04高压或PV5资料。,没有现实压力行为却根据十神猜测。,由共享基础引擎与M5-BASE提供；只修正用户需要何种伴侣功能，不直接推断现实对象成熟度。,由M2提供；夫妻星与准入证据只说明谁容易进入关系，不能替代伴侣长期能力验证。,由M3-BASE提供；日支只帮助确定用户亲密关系中的功能需求，不直接描述具体伴侣人格。,无／按本规则指定的伴侣行为、场景或匹配模式路由。,近位、远位只修正用户对某项功能的优先级；不得据此断定现实伴侣一定具备。,根气只修正用户功能需求是否稳定重复，不等于具体对象已经稳定做到。,旺弱只修正需求强度、风险敏感度或匹配模式，不直接等于伴侣能力质量。,喜忌只修正用户对功能的承载与摩擦，不可直接翻译为理想伴侣五行、十神或人格。,真合化成立时按化神功能重算用户需求；合化争议时停止细化伴侣画像。,近位提高该功能进入亲密关系核心的可能；远位只保留背景或情境性观察。,84,+10 压力证据,stress_behavior_profile,需要空间时会明确说明，不突然消失；整理后会主动回到关系。,压力下可以观察：需要空间时会明确说明，不突然消失；整理后会主动回到关系。,不得仅凭本规则推出某个具体人必然适合、忠诚、成熟或长期稳定；不得推断职业、收入、外貌、家庭、生肖、五行；不得以命理要求容忍伤害、原谅、复合或继续关系。现实安全、持续行为、反例与双方意愿优先。,中高,待验证,,fn_code=FN10; ten_god_style=偏印; style=深度、选择性、空间导向; provisional=true; rule_group=PARTNER-FN画像,0.3
M5-PARTNER-115,FN10 深度空间｜冲突场景行为,L1 FN伴侣功能画像,PARTNER-FN画像,通用,场景,FN10 深度空间,偏印,存在SC03意见分歧资料。,只有平稳互动资料。,由共享基础引擎与M5-BASE提供；只修正用户需要何种伴侣功能，不直接推断现实对象成熟度。,由M2提供；夫妻星与准入证据只说明谁容易进入关系，不能替代伴侣长期能力验证。,由M3-BASE提供；日支只帮助确定用户亲密关系中的功能需求，不直接描述具体伴侣人格。,无／按本规则指定的伴侣行为、场景或匹配模式路由。,近位、远位只修正用户对某项功能的优先级；不得据此断定现实伴侣一定具备。,根气只修正用户功能需求是否稳定重复，不等于具体对象已经稳定做到。,旺弱只修正需求强度、风险敏感度或匹配模式，不直接等于伴侣能力质量。,喜忌只修正用户对功能的承载与摩擦，不可直接翻译为理想伴侣五行、十神或人格。,真合化成立时按化神功能重算用户需求；合化争议时停止细化伴侣画像。,近位提高该功能进入亲密关系核心的可能；远位只保留背景或情境性观察。,84,+10 冲突证据,conflict_behavior_profile,先整理复杂感受，再以结构化方式回应；不会把沉默当成最终答案。,出现分歧时可以观察：先整理复杂感受，再以结构化方式回应；不会把沉默当成最终答案。,不得仅凭本规则推出某个具体人必然适合、忠诚、成熟或长期稳定；不得推断职业、收入、外貌、家庭、生肖、五行；不得以命理要求容忍伤害、原谅、复合或继续关系。现实安全、持续行为、反例与双方意愿优先。,中高,待验证,,fn_code=FN10; ten_god_style=偏印; style=深度、选择性、空间导向; provisional=true; rule_group=PARTNER-FN画像,0.3
M5-PARTNER-116,FN10 深度空间｜修复场景行为,L1 FN伴侣功能画像,PARTNER-FN画像,通用,场景,FN10 深度空间,偏印,存在SC07修复资料。,事件未结束或安全问题未处理。,由共享基础引擎与M5-BASE提供；只修正用户需要何种伴侣功能，不直接推断现实对象成熟度。,由M2提供；夫妻星与准入证据只说明谁容易进入关系，不能替代伴侣长期能力验证。,由M3-BASE提供；日支只帮助确定用户亲密关系中的功能需求，不直接描述具体伴侣人格。,无／按本规则指定的伴侣行为、场景或匹配模式路由。,近位、远位只修正用户对某项功能的优先级；不得据此断定现实伴侣一定具备。,根气只修正用户功能需求是否稳定重复，不等于具体对象已经稳定做到。,旺弱只修正需求强度、风险敏感度或匹配模式，不直接等于伴侣能力质量。,喜忌只修正用户对功能的承载与摩擦，不可直接翻译为理想伴侣五行、十神或人格。,真合化成立时按化神功能重算用户需求；合化争议时停止细化伴侣画像。,近位提高该功能进入亲密关系核心的可能；远位只保留背景或情境性观察。,86,+12 修复证据,repair_behavior_profile,给修复留出消化时间，同时建立最低连接、返回点与反馈机制。,修复时可以观察：给修复留出消化时间，同时建立最低连接、返回点与反馈机制。,不得仅凭本规则推出某个具体人必然适合、忠诚、成熟或长期稳定；不得推断职业、收入、外貌、家庭、生肖、五行；不得以命理要求容忍伤害、原谅、复合或继续关系。现实安全、持续行为、反例与双方意愿优先。,中高,待验证,,fn_code=FN10; ten_god_style=偏印; style=深度、选择性、空间导向; provisional=true; rule_group=PARTNER-FN画像,0.3
M5-PARTNER-117,FN10 深度空间｜自主与边界要求,L1 FN伴侣功能画像,PARTNER-FN画像,通用,边界,FN10 深度空间,偏印,FN成为PR1或与M4边界机制相关。,边界只要求一方遵守。,由共享基础引擎与M5-BASE提供；只修正用户需要何种伴侣功能，不直接推断现实对象成熟度。,由M2提供；夫妻星与准入证据只说明谁容易进入关系，不能替代伴侣长期能力验证。,由M3-BASE提供；日支只帮助确定用户亲密关系中的功能需求，不直接描述具体伴侣人格。,无／按本规则指定的伴侣行为、场景或匹配模式路由。,近位、远位只修正用户对某项功能的优先级；不得据此断定现实伴侣一定具备。,根气只修正用户功能需求是否稳定重复，不等于具体对象已经稳定做到。,旺弱只修正需求强度、风险敏感度或匹配模式，不直接等于伴侣能力质量。,喜忌只修正用户对功能的承载与摩擦，不可直接翻译为理想伴侣五行、十神或人格。,真合化成立时按化神功能重算用户需求；合化争议时停止细化伴侣画像。,近位提高该功能进入亲密关系核心的可能；远位只保留背景或情境性观察。,90,+12 边界证据,boundary_behavior_profile,尊重隐私和个体差异，但不会用“需要空间”逃避承诺和共同责任。,边界方面需要：尊重隐私和个体差异，但不会用“需要空间”逃避承诺和共同责任。,不得仅凭本规则推出某个具体人必然适合、忠诚、成熟或长期稳定；不得推断职业、收入、外貌、家庭、生肖、五行；不得以命理要求容忍伤害、原谅、复合或继续关系。现实安全、持续行为、反例与双方意愿优先。,中高,待验证,,fn_code=FN10; ten_god_style=偏印; style=深度、选择性、空间导向; provisional=true; rule_group=PARTNER-FN画像,0.3
M5-PARTNER-118,FN10 深度空间｜失衡表达候选,L1 FN伴侣功能画像,PARTNER-FN画像,通用,风险,FN10 深度空间,偏印,现实行为显示功能抢位、替代或断流。,只有功能强度，没有独立失衡证据。,由共享基础引擎与M5-BASE提供；只修正用户需要何种伴侣功能，不直接推断现实对象成熟度。,由M2提供；夫妻星与准入证据只说明谁容易进入关系，不能替代伴侣长期能力验证。,由M3-BASE提供；日支只帮助确定用户亲密关系中的功能需求，不直接描述具体伴侣人格。,无／按本规则指定的伴侣行为、场景或匹配模式路由。,近位、远位只修正用户对某项功能的优先级；不得据此断定现实伴侣一定具备。,根气只修正用户功能需求是否稳定重复，不等于具体对象已经稳定做到。,旺弱只修正需求强度、风险敏感度或匹配模式，不直接等于伴侣能力质量。,喜忌只修正用户对功能的承载与摩擦，不可直接翻译为理想伴侣五行、十神或人格。,真合化成立时按化神功能重算用户需求；合化争议时停止细化伴侣画像。,近位提高该功能进入亲密关系核心的可能；远位只保留背景或情境性观察。,82,风险候选 +10,unstable_expression_warning,容易暂停过长、选择性回应不足，导致回归路径不清。,需要留意：容易暂停过长、选择性回应不足，导致回归路径不清。,不得仅凭本规则推出某个具体人必然适合、忠诚、成熟或长期稳定；不得推断职业、收入、外貌、家庭、生肖、五行；不得以命理要求容忍伤害、原谅、复合或继续关系。现实安全、持续行为、反例与双方意愿优先。,中,待验证,,fn_code=FN10; ten_god_style=偏印; style=深度、选择性、空间导向; provisional=true; rule_group=PARTNER-FN画像,0.3
M5-PARTNER-119,FN10 深度空间｜伪装／假阳性表达,L1 FN伴侣功能画像,PARTNER-FN画像,通用,伪适配,FN10 深度空间,偏印,外显标签或高光行为强，但PV低、跨场景不足。,PV5—PV7已支持成熟表达。,由共享基础引擎与M5-BASE提供；只修正用户需要何种伴侣功能，不直接推断现实对象成熟度。,由M2提供；夫妻星与准入证据只说明谁容易进入关系，不能替代伴侣长期能力验证。,由M3-BASE提供；日支只帮助确定用户亲密关系中的功能需求，不直接描述具体伴侣人格。,无／按本规则指定的伴侣行为、场景或匹配模式路由。,近位、远位只修正用户对某项功能的优先级；不得据此断定现实伴侣一定具备。,根气只修正用户功能需求是否稳定重复，不等于具体对象已经稳定做到。,旺弱只修正需求强度、风险敏感度或匹配模式，不直接等于伴侣能力质量。,喜忌只修正用户对功能的承载与摩擦，不可直接翻译为理想伴侣五行、十神或人格。,真合化成立时按化神功能重算用户需求；合化争议时停止细化伴侣画像。,近位提高该功能进入亲密关系核心的可能；远位只保留背景或情境性观察。,88,PM候选 +12,pseudo_fit_warning,神秘、独立、有深度或低频联系被浪漫化，实际长期不透明、不回应。,不要只看：神秘、独立、有深度或低频联系被浪漫化，实际长期不透明、不回应。,不得仅凭本规则推出某个具体人必然适合、忠诚、成熟或长期稳定；不得推断职业、收入、外貌、家庭、生肖、五行；不得以命理要求容忍伤害、原谅、复合或继续关系。现实安全、持续行为、反例与双方意愿优先。,中高,待验证,,fn_code=FN10; ten_god_style=偏印; style=深度、选择性、空间导向; provisional=true; rule_group=PARTNER-FN画像,0.3
M5-PARTNER-120,FN10 深度空间｜观察计划与用户输出,L1 FN伴侣功能画像,PARTNER-FN画像,通用,输出,FN10 深度空间,偏印,已形成主或次FN候选。,资料停止或PR0未通过。,由共享基础引擎与M5-BASE提供；只修正用户需要何种伴侣功能，不直接推断现实对象成熟度。,由M2提供；夫妻星与准入证据只说明谁容易进入关系，不能替代伴侣长期能力验证。,由M3-BASE提供；日支只帮助确定用户亲密关系中的功能需求，不直接描述具体伴侣人格。,无／按本规则指定的伴侣行为、场景或匹配模式路由。,近位、远位只修正用户对某项功能的优先级；不得据此断定现实伴侣一定具备。,根气只修正用户功能需求是否稳定重复，不等于具体对象已经稳定做到。,旺弱只修正需求强度、风险敏感度或匹配模式，不直接等于伴侣能力质量。,喜忌只修正用户对功能的承载与摩擦，不可直接翻译为理想伴侣五行、十神或人格。,真合化成立时按化神功能重算用户需求；合化争议时停止细化伴侣画像。,近位提高该功能进入亲密关系核心的可能；远位只保留背景或情境性观察。,76,不加分；生成观察计划,observation_plan,该功能最有辨识度的观察点是：重点观察：提出空间后是否说明返回点，以及重要问题是否最终得到回应。,重点观察：提出空间后是否说明返回点，以及重要问题是否最终得到回应。,不得仅凭本规则推出某个具体人必然适合、忠诚、成熟或长期稳定；不得推断职业、收入、外貌、家庭、生肖、五行；不得以命理要求容忍伤害、原谅、复合或继续关系。现实安全、持续行为、反例与双方意愿优先。,中高,待验证,,fn_code=FN10; ten_god_style=偏印; style=深度、选择性、空间导向; provisional=true; rule_group=PARTNER-FN画像,0.3
M5-PARTNER-121,PO01 行为一致性｜正式定义,L2 伴侣行为观察维度,PARTNER-观察维度,通用,定义,PO01,行为一致性,存在具体对象行为资料。,只有用户命盘需求。,由共享基础引擎与M5-BASE提供；只修正用户需要何种伴侣功能，不直接推断现实对象成熟度。,由M2提供；夫妻星与准入证据只说明谁容易进入关系，不能替代伴侣长期能力验证。,由M3-BASE提供；日支只帮助确定用户亲密关系中的功能需求，不直接描述具体伴侣人格。,无／按本规则指定的伴侣行为、场景或匹配模式路由。,近位、远位只修正用户对某项功能的优先级；不得据此断定现实伴侣一定具备。,根气只修正用户功能需求是否稳定重复，不等于具体对象已经稳定做到。,旺弱只修正需求强度、风险敏感度或匹配模式，不直接等于伴侣能力质量。,喜忌只修正用户对功能的承载与摩擦，不可直接翻译为理想伴侣五行、十神或人格。,真合化成立时按化神功能重算用户需求；合化争议时停止细化伴侣画像。,近位提高该功能进入亲密关系核心的可能；远位只保留背景或情境性观察。,93,不加分；定义,partner_observation_dimensions,同一承诺或功能能否在时间上重复，而不是只出现一次。,持续性优先于强度。,不得仅凭本规则推出某个具体人必然适合、忠诚、成熟或长期稳定；不得推断职业、收入、外貌、家庭、生肖、五行；不得以命理要求容忍伤害、原谅、复合或继续关系。现实安全、持续行为、反例与双方意愿优先。,高,待验证,,observation_code=PO01; provisional=true; rule_group=PARTNER-观察维度,0.3
M5-PARTNER-122,PO01 行为一致性｜可靠证据,L2 伴侣行为观察维度,PARTNER-观察维度,通用,证据,PO01,行为一致性,至少PV3同类场景重复。,同源重复或单次高光。,由共享基础引擎与M5-BASE提供；只修正用户需要何种伴侣功能，不直接推断现实对象成熟度。,由M2提供；夫妻星与准入证据只说明谁容易进入关系，不能替代伴侣长期能力验证。,由M3-BASE提供；日支只帮助确定用户亲密关系中的功能需求，不直接描述具体伴侣人格。,无／按本规则指定的伴侣行为、场景或匹配模式路由。,近位、远位只修正用户对某项功能的优先级；不得据此断定现实伴侣一定具备。,根气只修正用户功能需求是否稳定重复，不等于具体对象已经稳定做到。,旺弱只修正需求强度、风险敏感度或匹配模式，不直接等于伴侣能力质量。,喜忌只修正用户对功能的承载与摩擦，不可直接翻译为理想伴侣五行、十神或人格。,真合化成立时按化神功能重算用户需求；合化争议时停止细化伴侣画像。,近位提高该功能进入亲密关系核心的可能；远位只保留背景或情境性观察。,86,+10 可靠证据,partner_evidence_level,行为一致性的可靠证据需要：至少PV3同类场景重复。,这项能力要看：至少PV3同类场景重复。,不得仅凭本规则推出某个具体人必然适合、忠诚、成熟或长期稳定；不得推断职业、收入、外貌、家庭、生肖、五行；不得以命理要求容忍伤害、原谅、复合或继续关系。现实安全、持续行为、反例与双方意愿优先。,中高,待验证,,observation_code=PO01; provisional=true; rule_group=PARTNER-观察维度,0.3
M5-PARTNER-123,PO01 行为一致性｜不足与假阳性,L2 伴侣行为观察维度,PARTNER-观察维度,通用,降级,PO01,行为一致性,出现不足情形。,PV5以上且有反例检验。,由共享基础引擎与M5-BASE提供；只修正用户需要何种伴侣功能，不直接推断现实对象成熟度。,由M2提供；夫妻星与准入证据只说明谁容易进入关系，不能替代伴侣长期能力验证。,由M3-BASE提供；日支只帮助确定用户亲密关系中的功能需求，不直接描述具体伴侣人格。,无／按本规则指定的伴侣行为、场景或匹配模式路由。,近位、远位只修正用户对某项功能的优先级；不得据此断定现实伴侣一定具备。,根气只修正用户功能需求是否稳定重复，不等于具体对象已经稳定做到。,旺弱只修正需求强度、风险敏感度或匹配模式，不直接等于伴侣能力质量。,喜忌只修正用户对功能的承载与摩擦，不可直接翻译为理想伴侣五行、十神或人格。,真合化成立时按化神功能重算用户需求；合化争议时停止细化伴侣画像。,近位提高该功能进入亲密关系核心的可能；远位只保留背景或情境性观察。,90,-10／降级,pseudo_fit_warning,行为一致性不能由以下资料直接成立：单次高光、口头自述或短期热度。,目前不能只凭：单次高光、口头自述或短期热度。,不得仅凭本规则推出某个具体人必然适合、忠诚、成熟或长期稳定；不得推断职业、收入、外貌、家庭、生肖、五行；不得以命理要求容忍伤害、原谅、复合或继续关系。现实安全、持续行为、反例与双方意愿优先。,中高,待验证,,observation_code=PO01; provisional=true; rule_group=PARTNER-观察维度,0.3
M5-PARTNER-124,PO01 行为一致性｜工程评分,L2 伴侣行为观察维度,PARTNER-观察维度,通用,评分,PO01,行为一致性,维度与主FN任务一致，且来源独立。,只是同一事件的重复解释。,由共享基础引擎与M5-BASE提供；只修正用户需要何种伴侣功能，不直接推断现实对象成熟度。,由M2提供；夫妻星与准入证据只说明谁容易进入关系，不能替代伴侣长期能力验证。,由M3-BASE提供；日支只帮助确定用户亲密关系中的功能需求，不直接描述具体伴侣人格。,无／按本规则指定的伴侣行为、场景或匹配模式路由。,近位、远位只修正用户对某项功能的优先级；不得据此断定现实伴侣一定具备。,根气只修正用户功能需求是否稳定重复，不等于具体对象已经稳定做到。,旺弱只修正需求强度、风险敏感度或匹配模式，不直接等于伴侣能力质量。,喜忌只修正用户对功能的承载与摩擦，不可直接翻译为理想伴侣五行、十神或人格。,真合化成立时按化神功能重算用户需求；合化争议时停止细化伴侣画像。,近位提高该功能进入亲密关系核心的可能；远位只保留背景或情境性观察。,72,+4至+12；按PV层级,confidence,PO01只作为对象行为证据，不重新计算命盘基础权重。,持续性优先于强度。,不得仅凭本规则推出某个具体人必然适合、忠诚、成熟或长期稳定；不得推断职业、收入、外貌、家庭、生肖、五行；不得以命理要求容忍伤害、原谅、复合或继续关系。现实安全、持续行为、反例与双方意愿优先。,中,待验证,,observation_code=PO01; provisional=true; rule_group=PARTNER-观察维度,0.3
M5-PARTNER-125,PO01 行为一致性｜标准用户语言,L2 伴侣行为观察维度,PARTNER-观察维度,通用,输出,PO01,行为一致性,完成该维度裁决。,结论仍未定。,由共享基础引擎与M5-BASE提供；只修正用户需要何种伴侣功能，不直接推断现实对象成熟度。,由M2提供；夫妻星与准入证据只说明谁容易进入关系，不能替代伴侣长期能力验证。,由M3-BASE提供；日支只帮助确定用户亲密关系中的功能需求，不直接描述具体伴侣人格。,无／按本规则指定的伴侣行为、场景或匹配模式路由。,近位、远位只修正用户对某项功能的优先级；不得据此断定现实伴侣一定具备。,根气只修正用户功能需求是否稳定重复，不等于具体对象已经稳定做到。,旺弱只修正需求强度、风险敏感度或匹配模式，不直接等于伴侣能力质量。,喜忌只修正用户对功能的承载与摩擦，不可直接翻译为理想伴侣五行、十神或人格。,真合化成立时按化神功能重算用户需求；合化争议时停止细化伴侣画像。,近位提高该功能进入亲密关系核心的可能；远位只保留背景或情境性观察。,70,不加分；输出,report_text,持续性优先于强度。,观察重点：持续性优先于强度。,不得仅凭本规则推出某个具体人必然适合、忠诚、成熟或长期稳定；不得推断职业、收入、外貌、家庭、生肖、五行；不得以命理要求容忍伤害、原谅、复合或继续关系。现实安全、持续行为、反例与双方意愿优先。,中高,待验证,,observation_code=PO01; provisional=true; rule_group=PARTNER-观察维度,0.3
M5-PARTNER-126,PO02 双向性｜正式定义,L2 伴侣行为观察维度,PARTNER-观察维度,通用,定义,PO02,双向性,存在具体对象行为资料。,只有用户命盘需求。,由共享基础引擎与M5-BASE提供；只修正用户需要何种伴侣功能，不直接推断现实对象成熟度。,由M2提供；夫妻星与准入证据只说明谁容易进入关系，不能替代伴侣长期能力验证。,由M3-BASE提供；日支只帮助确定用户亲密关系中的功能需求，不直接描述具体伴侣人格。,无／按本规则指定的伴侣行为、场景或匹配模式路由。,近位、远位只修正用户对某项功能的优先级；不得据此断定现实伴侣一定具备。,根气只修正用户功能需求是否稳定重复，不等于具体对象已经稳定做到。,旺弱只修正需求强度、风险敏感度或匹配模式，不直接等于伴侣能力质量。,喜忌只修正用户对功能的承载与摩擦，不可直接翻译为理想伴侣五行、十神或人格。,真合化成立时按化神功能重算用户需求；合化争议时停止细化伴侣画像。,近位提高该功能进入亲密关系核心的可能；远位只保留背景或情境性观察。,93,不加分；定义,partner_observation_dimensions,对方既能表达和行动，也能接收你的反馈与不同意见。,适配必须允许双方都进入关系。,不得仅凭本规则推出某个具体人必然适合、忠诚、成熟或长期稳定；不得推断职业、收入、外貌、家庭、生肖、五行；不得以命理要求容忍伤害、原谅、复合或继续关系。现实安全、持续行为、反例与双方意愿优先。,高,待验证,,observation_code=PO02; provisional=true; rule_group=PARTNER-观察维度,0.3
M5-PARTNER-127,PO02 双向性｜可靠证据,L2 伴侣行为观察维度,PARTNER-观察维度,通用,证据,PO02,双向性,能够根据反馈调整下一步。,同源重复或单次高光。,由共享基础引擎与M5-BASE提供；只修正用户需要何种伴侣功能，不直接推断现实对象成熟度。,由M2提供；夫妻星与准入证据只说明谁容易进入关系，不能替代伴侣长期能力验证。,由M3-BASE提供；日支只帮助确定用户亲密关系中的功能需求，不直接描述具体伴侣人格。,无／按本规则指定的伴侣行为、场景或匹配模式路由。,近位、远位只修正用户对某项功能的优先级；不得据此断定现实伴侣一定具备。,根气只修正用户功能需求是否稳定重复，不等于具体对象已经稳定做到。,旺弱只修正需求强度、风险敏感度或匹配模式，不直接等于伴侣能力质量。,喜忌只修正用户对功能的承载与摩擦，不可直接翻译为理想伴侣五行、十神或人格。,真合化成立时按化神功能重算用户需求；合化争议时停止细化伴侣画像。,近位提高该功能进入亲密关系核心的可能；远位只保留背景或情境性观察。,86,+10 可靠证据,partner_evidence_level,双向性的可靠证据需要：能够根据反馈调整下一步。,这项能力要看：能够根据反馈调整下一步。,不得仅凭本规则推出某个具体人必然适合、忠诚、成熟或长期稳定；不得推断职业、收入、外貌、家庭、生肖、五行；不得以命理要求容忍伤害、原谅、复合或继续关系。现实安全、持续行为、反例与双方意愿优先。,中高,待验证,,observation_code=PO02; provisional=true; rule_group=PARTNER-观察维度,0.3
M5-PARTNER-128,PO02 双向性｜不足与假阳性,L2 伴侣行为观察维度,PARTNER-观察维度,通用,降级,PO02,双向性,出现不足情形。,PV5以上且有反例检验。,由共享基础引擎与M5-BASE提供；只修正用户需要何种伴侣功能，不直接推断现实对象成熟度。,由M2提供；夫妻星与准入证据只说明谁容易进入关系，不能替代伴侣长期能力验证。,由M3-BASE提供；日支只帮助确定用户亲密关系中的功能需求，不直接描述具体伴侣人格。,无／按本规则指定的伴侣行为、场景或匹配模式路由。,近位、远位只修正用户对某项功能的优先级；不得据此断定现实伴侣一定具备。,根气只修正用户功能需求是否稳定重复，不等于具体对象已经稳定做到。,旺弱只修正需求强度、风险敏感度或匹配模式，不直接等于伴侣能力质量。,喜忌只修正用户对功能的承载与摩擦，不可直接翻译为理想伴侣五行、十神或人格。,真合化成立时按化神功能重算用户需求；合化争议时停止细化伴侣画像。,近位提高该功能进入亲密关系核心的可能；远位只保留背景或情境性观察。,90,-10／降级,pseudo_fit_warning,双向性不能由以下资料直接成立：只输出、不接收；只付出、要求回报；只倾听、不表态。,目前不能只凭：只输出、不接收；只付出、要求回报；只倾听、不表态。,不得仅凭本规则推出某个具体人必然适合、忠诚、成熟或长期稳定；不得推断职业、收入、外貌、家庭、生肖、五行；不得以命理要求容忍伤害、原谅、复合或继续关系。现实安全、持续行为、反例与双方意愿优先。,中高,待验证,,observation_code=PO02; provisional=true; rule_group=PARTNER-观察维度,0.3
M5-PARTNER-129,PO02 双向性｜工程评分,L2 伴侣行为观察维度,PARTNER-观察维度,通用,评分,PO02,双向性,维度与主FN任务一致，且来源独立。,只是同一事件的重复解释。,由共享基础引擎与M5-BASE提供；只修正用户需要何种伴侣功能，不直接推断现实对象成熟度。,由M2提供；夫妻星与准入证据只说明谁容易进入关系，不能替代伴侣长期能力验证。,由M3-BASE提供；日支只帮助确定用户亲密关系中的功能需求，不直接描述具体伴侣人格。,无／按本规则指定的伴侣行为、场景或匹配模式路由。,近位、远位只修正用户对某项功能的优先级；不得据此断定现实伴侣一定具备。,根气只修正用户功能需求是否稳定重复，不等于具体对象已经稳定做到。,旺弱只修正需求强度、风险敏感度或匹配模式，不直接等于伴侣能力质量。,喜忌只修正用户对功能的承载与摩擦，不可直接翻译为理想伴侣五行、十神或人格。,真合化成立时按化神功能重算用户需求；合化争议时停止细化伴侣画像。,近位提高该功能进入亲密关系核心的可能；远位只保留背景或情境性观察。,72,+4至+12；按PV层级,confidence,PO02只作为对象行为证据，不重新计算命盘基础权重。,适配必须允许双方都进入关系。,不得仅凭本规则推出某个具体人必然适合、忠诚、成熟或长期稳定；不得推断职业、收入、外貌、家庭、生肖、五行；不得以命理要求容忍伤害、原谅、复合或继续关系。现实安全、持续行为、反例与双方意愿优先。,中,待验证,,observation_code=PO02; provisional=true; rule_group=PARTNER-观察维度,0.3
M5-PARTNER-130,PO02 双向性｜标准用户语言,L2 伴侣行为观察维度,PARTNER-观察维度,通用,输出,PO02,双向性,完成该维度裁决。,结论仍未定。,由共享基础引擎与M5-BASE提供；只修正用户需要何种伴侣功能，不直接推断现实对象成熟度。,由M2提供；夫妻星与准入证据只说明谁容易进入关系，不能替代伴侣长期能力验证。,由M3-BASE提供；日支只帮助确定用户亲密关系中的功能需求，不直接描述具体伴侣人格。,无／按本规则指定的伴侣行为、场景或匹配模式路由。,近位、远位只修正用户对某项功能的优先级；不得据此断定现实伴侣一定具备。,根气只修正用户功能需求是否稳定重复，不等于具体对象已经稳定做到。,旺弱只修正需求强度、风险敏感度或匹配模式，不直接等于伴侣能力质量。,喜忌只修正用户对功能的承载与摩擦，不可直接翻译为理想伴侣五行、十神或人格。,真合化成立时按化神功能重算用户需求；合化争议时停止细化伴侣画像。,近位提高该功能进入亲密关系核心的可能；远位只保留背景或情境性观察。,70,不加分；输出,report_text,适配必须允许双方都进入关系。,观察重点：适配必须允许双方都进入关系。,不得仅凭本规则推出某个具体人必然适合、忠诚、成熟或长期稳定；不得推断职业、收入、外貌、家庭、生肖、五行；不得以命理要求容忍伤害、原谅、复合或继续关系。现实安全、持续行为、反例与双方意愿优先。,中高,待验证,,observation_code=PO02; provisional=true; rule_group=PARTNER-观察维度,0.3
M5-PARTNER-131,PO03 选择权支持｜正式定义,L2 伴侣行为观察维度,PARTNER-观察维度,通用,定义,PO03,选择权支持,存在具体对象行为资料。,只有用户命盘需求。,由共享基础引擎与M5-BASE提供；只修正用户需要何种伴侣功能，不直接推断现实对象成熟度。,由M2提供；夫妻星与准入证据只说明谁容易进入关系，不能替代伴侣长期能力验证。,由M3-BASE提供；日支只帮助确定用户亲密关系中的功能需求，不直接描述具体伴侣人格。,无／按本规则指定的伴侣行为、场景或匹配模式路由。,近位、远位只修正用户对某项功能的优先级；不得据此断定现实伴侣一定具备。,根气只修正用户功能需求是否稳定重复，不等于具体对象已经稳定做到。,旺弱只修正需求强度、风险敏感度或匹配模式，不直接等于伴侣能力质量。,喜忌只修正用户对功能的承载与摩擦，不可直接翻译为理想伴侣五行、十神或人格。,真合化成立时按化神功能重算用户需求；合化争议时停止细化伴侣画像。,近位提高该功能进入亲密关系核心的可能；远位只保留背景或情境性观察。,93,不加分；定义,partner_observation_dimensions,帮助、保护、规则和投入是否保留你的同意与决定权。,支持的结果应是更有自主，而不是更失去参与。,不得仅凭本规则推出某个具体人必然适合、忠诚、成熟或长期稳定；不得推断职业、收入、外貌、家庭、生肖、五行；不得以命理要求容忍伤害、原谅、复合或继续关系。现实安全、持续行为、反例与双方意愿优先。,高,待验证,,observation_code=PO03; provisional=true; rule_group=PARTNER-观察维度,0.3
M5-PARTNER-132,PO03 选择权支持｜可靠证据,L2 伴侣行为观察维度,PARTNER-观察维度,通用,证据,PO03,选择权支持,在意见不同或高压时仍询问、协商和允许拒绝。,同源重复或单次高光。,由共享基础引擎与M5-BASE提供；只修正用户需要何种伴侣功能，不直接推断现实对象成熟度。,由M2提供；夫妻星与准入证据只说明谁容易进入关系，不能替代伴侣长期能力验证。,由M3-BASE提供；日支只帮助确定用户亲密关系中的功能需求，不直接描述具体伴侣人格。,无／按本规则指定的伴侣行为、场景或匹配模式路由。,近位、远位只修正用户对某项功能的优先级；不得据此断定现实伴侣一定具备。,根气只修正用户功能需求是否稳定重复，不等于具体对象已经稳定做到。,旺弱只修正需求强度、风险敏感度或匹配模式，不直接等于伴侣能力质量。,喜忌只修正用户对功能的承载与摩擦，不可直接翻译为理想伴侣五行、十神或人格。,真合化成立时按化神功能重算用户需求；合化争议时停止细化伴侣画像。,近位提高该功能进入亲密关系核心的可能；远位只保留背景或情境性观察。,86,+10 可靠证据,partner_evidence_level,选择权支持的可靠证据需要：在意见不同或高压时仍询问、协商和允许拒绝。,这项能力要看：在意见不同或高压时仍询问、协商和允许拒绝。,不得仅凭本规则推出某个具体人必然适合、忠诚、成熟或长期稳定；不得推断职业、收入、外貌、家庭、生肖、五行；不得以命理要求容忍伤害、原谅、复合或继续关系。现实安全、持续行为、反例与双方意愿优先。,中高,待验证,,observation_code=PO03; provisional=true; rule_group=PARTNER-观察维度,0.3
M5-PARTNER-133,PO03 选择权支持｜不足与假阳性,L2 伴侣行为观察维度,PARTNER-观察维度,通用,降级,PO03,选择权支持,出现不足情形。,PV5以上且有反例检验。,由共享基础引擎与M5-BASE提供；只修正用户需要何种伴侣功能，不直接推断现实对象成熟度。,由M2提供；夫妻星与准入证据只说明谁容易进入关系，不能替代伴侣长期能力验证。,由M3-BASE提供；日支只帮助确定用户亲密关系中的功能需求，不直接描述具体伴侣人格。,无／按本规则指定的伴侣行为、场景或匹配模式路由。,近位、远位只修正用户对某项功能的优先级；不得据此断定现实伴侣一定具备。,根气只修正用户功能需求是否稳定重复，不等于具体对象已经稳定做到。,旺弱只修正需求强度、风险敏感度或匹配模式，不直接等于伴侣能力质量。,喜忌只修正用户对功能的承载与摩擦，不可直接翻译为理想伴侣五行、十神或人格。,真合化成立时按化神功能重算用户需求；合化争议时停止细化伴侣画像。,近位提高该功能进入亲密关系核心的可能；远位只保留背景或情境性观察。,90,-10／降级,pseudo_fit_warning,选择权支持不能由以下资料直接成立：平时尊重，高压时替你决定。,目前不能只凭：平时尊重，高压时替你决定。,不得仅凭本规则推出某个具体人必然适合、忠诚、成熟或长期稳定；不得推断职业、收入、外貌、家庭、生肖、五行；不得以命理要求容忍伤害、原谅、复合或继续关系。现实安全、持续行为、反例与双方意愿优先。,中高,待验证,,observation_code=PO03; provisional=true; rule_group=PARTNER-观察维度,0.3
M5-PARTNER-134,PO03 选择权支持｜工程评分,L2 伴侣行为观察维度,PARTNER-观察维度,通用,评分,PO03,选择权支持,维度与主FN任务一致，且来源独立。,只是同一事件的重复解释。,由共享基础引擎与M5-BASE提供；只修正用户需要何种伴侣功能，不直接推断现实对象成熟度。,由M2提供；夫妻星与准入证据只说明谁容易进入关系，不能替代伴侣长期能力验证。,由M3-BASE提供；日支只帮助确定用户亲密关系中的功能需求，不直接描述具体伴侣人格。,无／按本规则指定的伴侣行为、场景或匹配模式路由。,近位、远位只修正用户对某项功能的优先级；不得据此断定现实伴侣一定具备。,根气只修正用户功能需求是否稳定重复，不等于具体对象已经稳定做到。,旺弱只修正需求强度、风险敏感度或匹配模式，不直接等于伴侣能力质量。,喜忌只修正用户对功能的承载与摩擦，不可直接翻译为理想伴侣五行、十神或人格。,真合化成立时按化神功能重算用户需求；合化争议时停止细化伴侣画像。,近位提高该功能进入亲密关系核心的可能；远位只保留背景或情境性观察。,72,+4至+12；按PV层级,confidence,PO03只作为对象行为证据，不重新计算命盘基础权重。,支持的结果应是更有自主，而不是更失去参与。,不得仅凭本规则推出某个具体人必然适合、忠诚、成熟或长期稳定；不得推断职业、收入、外貌、家庭、生肖、五行；不得以命理要求容忍伤害、原谅、复合或继续关系。现实安全、持续行为、反例与双方意愿优先。,中,待验证,,observation_code=PO03; provisional=true; rule_group=PARTNER-观察维度,0.3
M5-PARTNER-135,PO03 选择权支持｜标准用户语言,L2 伴侣行为观察维度,PARTNER-观察维度,通用,输出,PO03,选择权支持,完成该维度裁决。,结论仍未定。,由共享基础引擎与M5-BASE提供；只修正用户需要何种伴侣功能，不直接推断现实对象成熟度。,由M2提供；夫妻星与准入证据只说明谁容易进入关系，不能替代伴侣长期能力验证。,由M3-BASE提供；日支只帮助确定用户亲密关系中的功能需求，不直接描述具体伴侣人格。,无／按本规则指定的伴侣行为、场景或匹配模式路由。,近位、远位只修正用户对某项功能的优先级；不得据此断定现实伴侣一定具备。,根气只修正用户功能需求是否稳定重复，不等于具体对象已经稳定做到。,旺弱只修正需求强度、风险敏感度或匹配模式，不直接等于伴侣能力质量。,喜忌只修正用户对功能的承载与摩擦，不可直接翻译为理想伴侣五行、十神或人格。,真合化成立时按化神功能重算用户需求；合化争议时停止细化伴侣画像。,近位提高该功能进入亲密关系核心的可能；远位只保留背景或情境性观察。,70,不加分；输出,report_text,支持的结果应是更有自主，而不是更失去参与。,观察重点：支持的结果应是更有自主，而不是更失去参与。,不得仅凭本规则推出某个具体人必然适合、忠诚、成熟或长期稳定；不得推断职业、收入、外貌、家庭、生肖、五行；不得以命理要求容忍伤害、原谅、复合或继续关系。现实安全、持续行为、反例与双方意愿优先。,中高,待验证,,observation_code=PO03; provisional=true; rule_group=PARTNER-观察维度,0.3
M5-PARTNER-136,PO04 边界清晰度｜正式定义,L2 伴侣行为观察维度,PARTNER-观察维度,通用,定义,PO04,边界清晰度,存在具体对象行为资料。,只有用户命盘需求。,由共享基础引擎与M5-BASE提供；只修正用户需要何种伴侣功能，不直接推断现实对象成熟度。,由M2提供；夫妻星与准入证据只说明谁容易进入关系，不能替代伴侣长期能力验证。,由M3-BASE提供；日支只帮助确定用户亲密关系中的功能需求，不直接描述具体伴侣人格。,无／按本规则指定的伴侣行为、场景或匹配模式路由。,近位、远位只修正用户对某项功能的优先级；不得据此断定现实伴侣一定具备。,根气只修正用户功能需求是否稳定重复，不等于具体对象已经稳定做到。,旺弱只修正需求强度、风险敏感度或匹配模式，不直接等于伴侣能力质量。,喜忌只修正用户对功能的承载与摩擦，不可直接翻译为理想伴侣五行、十神或人格。,真合化成立时按化神功能重算用户需求；合化争议时停止细化伴侣画像。,近位提高该功能进入亲密关系核心的可能；远位只保留背景或情境性观察。,93,不加分；定义,partner_observation_dimensions,时间、隐私、资源、责任和停止线是否明确且可重订。,边界既保护个体，也服务共同关系。,不得仅凭本规则推出某个具体人必然适合、忠诚、成熟或长期稳定；不得推断职业、收入、外貌、家庭、生肖、五行；不得以命理要求容忍伤害、原谅、复合或继续关系。现实安全、持续行为、反例与双方意愿优先。,高,待验证,,observation_code=PO04; provisional=true; rule_group=PARTNER-观察维度,0.3
M5-PARTNER-137,PO04 边界清晰度｜可靠证据,L2 伴侣行为观察维度,PARTNER-观察维度,通用,证据,PO04,边界清晰度,边界能说清、执行，并在阶段变化时重谈。,同源重复或单次高光。,由共享基础引擎与M5-BASE提供；只修正用户需要何种伴侣功能，不直接推断现实对象成熟度。,由M2提供；夫妻星与准入证据只说明谁容易进入关系，不能替代伴侣长期能力验证。,由M3-BASE提供；日支只帮助确定用户亲密关系中的功能需求，不直接描述具体伴侣人格。,无／按本规则指定的伴侣行为、场景或匹配模式路由。,近位、远位只修正用户对某项功能的优先级；不得据此断定现实伴侣一定具备。,根气只修正用户功能需求是否稳定重复，不等于具体对象已经稳定做到。,旺弱只修正需求强度、风险敏感度或匹配模式，不直接等于伴侣能力质量。,喜忌只修正用户对功能的承载与摩擦，不可直接翻译为理想伴侣五行、十神或人格。,真合化成立时按化神功能重算用户需求；合化争议时停止细化伴侣画像。,近位提高该功能进入亲密关系核心的可能；远位只保留背景或情境性观察。,86,+10 可靠证据,partner_evidence_level,边界清晰度的可靠证据需要：边界能说清、执行，并在阶段变化时重谈。,这项能力要看：边界能说清、执行，并在阶段变化时重谈。,不得仅凭本规则推出某个具体人必然适合、忠诚、成熟或长期稳定；不得推断职业、收入、外貌、家庭、生肖、五行；不得以命理要求容忍伤害、原谅、复合或继续关系。现实安全、持续行为、反例与双方意愿优先。,中高,待验证,,observation_code=PO04; provisional=true; rule_group=PARTNER-观察维度,0.3
M5-PARTNER-138,PO04 边界清晰度｜不足与假阳性,L2 伴侣行为观察维度,PARTNER-观察维度,通用,降级,PO04,边界清晰度,出现不足情形。,PV5以上且有反例检验。,由共享基础引擎与M5-BASE提供；只修正用户需要何种伴侣功能，不直接推断现实对象成熟度。,由M2提供；夫妻星与准入证据只说明谁容易进入关系，不能替代伴侣长期能力验证。,由M3-BASE提供；日支只帮助确定用户亲密关系中的功能需求，不直接描述具体伴侣人格。,无／按本规则指定的伴侣行为、场景或匹配模式路由。,近位、远位只修正用户对某项功能的优先级；不得据此断定现实伴侣一定具备。,根气只修正用户功能需求是否稳定重复，不等于具体对象已经稳定做到。,旺弱只修正需求强度、风险敏感度或匹配模式，不直接等于伴侣能力质量。,喜忌只修正用户对功能的承载与摩擦，不可直接翻译为理想伴侣五行、十神或人格。,真合化成立时按化神功能重算用户需求；合化争议时停止细化伴侣画像。,近位提高该功能进入亲密关系核心的可能；远位只保留背景或情境性观察。,90,-10／降级,pseudo_fit_warning,边界清晰度不能由以下资料直接成立：只有口号、临时边界或边界只约束一方。,目前不能只凭：只有口号、临时边界或边界只约束一方。,不得仅凭本规则推出某个具体人必然适合、忠诚、成熟或长期稳定；不得推断职业、收入、外貌、家庭、生肖、五行；不得以命理要求容忍伤害、原谅、复合或继续关系。现实安全、持续行为、反例与双方意愿优先。,中高,待验证,,observation_code=PO04; provisional=true; rule_group=PARTNER-观察维度,0.3
M5-PARTNER-139,PO04 边界清晰度｜工程评分,L2 伴侣行为观察维度,PARTNER-观察维度,通用,评分,PO04,边界清晰度,维度与主FN任务一致，且来源独立。,只是同一事件的重复解释。,由共享基础引擎与M5-BASE提供；只修正用户需要何种伴侣功能，不直接推断现实对象成熟度。,由M2提供；夫妻星与准入证据只说明谁容易进入关系，不能替代伴侣长期能力验证。,由M3-BASE提供；日支只帮助确定用户亲密关系中的功能需求，不直接描述具体伴侣人格。,无／按本规则指定的伴侣行为、场景或匹配模式路由。,近位、远位只修正用户对某项功能的优先级；不得据此断定现实伴侣一定具备。,根气只修正用户功能需求是否稳定重复，不等于具体对象已经稳定做到。,旺弱只修正需求强度、风险敏感度或匹配模式，不直接等于伴侣能力质量。,喜忌只修正用户对功能的承载与摩擦，不可直接翻译为理想伴侣五行、十神或人格。,真合化成立时按化神功能重算用户需求；合化争议时停止细化伴侣画像。,近位提高该功能进入亲密关系核心的可能；远位只保留背景或情境性观察。,72,+4至+12；按PV层级,confidence,PO04只作为对象行为证据，不重新计算命盘基础权重。,边界既保护个体，也服务共同关系。,不得仅凭本规则推出某个具体人必然适合、忠诚、成熟或长期稳定；不得推断职业、收入、外貌、家庭、生肖、五行；不得以命理要求容忍伤害、原谅、复合或继续关系。现实安全、持续行为、反例与双方意愿优先。,中,待验证,,observation_code=PO04; provisional=true; rule_group=PARTNER-观察维度,0.3
M5-PARTNER-140,PO04 边界清晰度｜标准用户语言,L2 伴侣行为观察维度,PARTNER-观察维度,通用,输出,PO04,边界清晰度,完成该维度裁决。,结论仍未定。,由共享基础引擎与M5-BASE提供；只修正用户需要何种伴侣功能，不直接推断现实对象成熟度。,由M2提供；夫妻星与准入证据只说明谁容易进入关系，不能替代伴侣长期能力验证。,由M3-BASE提供；日支只帮助确定用户亲密关系中的功能需求，不直接描述具体伴侣人格。,无／按本规则指定的伴侣行为、场景或匹配模式路由。,近位、远位只修正用户对某项功能的优先级；不得据此断定现实伴侣一定具备。,根气只修正用户功能需求是否稳定重复，不等于具体对象已经稳定做到。,旺弱只修正需求强度、风险敏感度或匹配模式，不直接等于伴侣能力质量。,喜忌只修正用户对功能的承载与摩擦，不可直接翻译为理想伴侣五行、十神或人格。,真合化成立时按化神功能重算用户需求；合化争议时停止细化伴侣画像。,近位提高该功能进入亲密关系核心的可能；远位只保留背景或情境性观察。,70,不加分；输出,report_text,边界既保护个体，也服务共同关系。,观察重点：边界既保护个体，也服务共同关系。,不得仅凭本规则推出某个具体人必然适合、忠诚、成熟或长期稳定；不得推断职业、收入、外貌、家庭、生肖、五行；不得以命理要求容忍伤害、原谅、复合或继续关系。现实安全、持续行为、反例与双方意愿优先。,中高,待验证,,observation_code=PO04; provisional=true; rule_group=PARTNER-观察维度,0.3
M5-PARTNER-141,PO05 责任承担｜正式定义,L2 伴侣行为观察维度,PARTNER-观察维度,通用,定义,PO05,责任承担,存在具体对象行为资料。,只有用户命盘需求。,由共享基础引擎与M5-BASE提供；只修正用户需要何种伴侣功能，不直接推断现实对象成熟度。,由M2提供；夫妻星与准入证据只说明谁容易进入关系，不能替代伴侣长期能力验证。,由M3-BASE提供；日支只帮助确定用户亲密关系中的功能需求，不直接描述具体伴侣人格。,无／按本规则指定的伴侣行为、场景或匹配模式路由。,近位、远位只修正用户对某项功能的优先级；不得据此断定现实伴侣一定具备。,根气只修正用户功能需求是否稳定重复，不等于具体对象已经稳定做到。,旺弱只修正需求强度、风险敏感度或匹配模式，不直接等于伴侣能力质量。,喜忌只修正用户对功能的承载与摩擦，不可直接翻译为理想伴侣五行、十神或人格。,真合化成立时按化神功能重算用户需求；合化争议时停止细化伴侣画像。,近位提高该功能进入亲密关系核心的可能；远位只保留背景或情境性观察。,93,不加分；定义,partner_observation_dimensions,犯错、失约或计划变化时是否承认影响并承担后果。,责任看承担和补救，不看形象与身份。,不得仅凭本规则推出某个具体人必然适合、忠诚、成熟或长期稳定；不得推断职业、收入、外貌、家庭、生肖、五行；不得以命理要求容忍伤害、原谅、复合或继续关系。现实安全、持续行为、反例与双方意愿优先。,高,待验证,,observation_code=PO05; provisional=true; rule_group=PARTNER-观察维度,0.3
M5-PARTNER-142,PO05 责任承担｜可靠证据,L2 伴侣行为观察维度,PARTNER-观察维度,通用,证据,PO05,责任承担,不只解释原因，会提出补救并持续执行。,同源重复或单次高光。,由共享基础引擎与M5-BASE提供；只修正用户需要何种伴侣功能，不直接推断现实对象成熟度。,由M2提供；夫妻星与准入证据只说明谁容易进入关系，不能替代伴侣长期能力验证。,由M3-BASE提供；日支只帮助确定用户亲密关系中的功能需求，不直接描述具体伴侣人格。,无／按本规则指定的伴侣行为、场景或匹配模式路由。,近位、远位只修正用户对某项功能的优先级；不得据此断定现实伴侣一定具备。,根气只修正用户功能需求是否稳定重复，不等于具体对象已经稳定做到。,旺弱只修正需求强度、风险敏感度或匹配模式，不直接等于伴侣能力质量。,喜忌只修正用户对功能的承载与摩擦，不可直接翻译为理想伴侣五行、十神或人格。,真合化成立时按化神功能重算用户需求；合化争议时停止细化伴侣画像。,近位提高该功能进入亲密关系核心的可能；远位只保留背景或情境性观察。,86,+10 可靠证据,partner_evidence_level,责任承担的可靠证据需要：不只解释原因，会提出补救并持续执行。,这项能力要看：不只解释原因，会提出补救并持续执行。,不得仅凭本规则推出某个具体人必然适合、忠诚、成熟或长期稳定；不得推断职业、收入、外貌、家庭、生肖、五行；不得以命理要求容忍伤害、原谅、复合或继续关系。现实安全、持续行为、反例与双方意愿优先。,中高,待验证,,observation_code=PO05; provisional=true; rule_group=PARTNER-观察维度,0.3
M5-PARTNER-143,PO05 责任承担｜不足与假阳性,L2 伴侣行为观察维度,PARTNER-观察维度,通用,降级,PO05,责任承担,出现不足情形。,PV5以上且有反例检验。,由共享基础引擎与M5-BASE提供；只修正用户需要何种伴侣功能，不直接推断现实对象成熟度。,由M2提供；夫妻星与准入证据只说明谁容易进入关系，不能替代伴侣长期能力验证。,由M3-BASE提供；日支只帮助确定用户亲密关系中的功能需求，不直接描述具体伴侣人格。,无／按本规则指定的伴侣行为、场景或匹配模式路由。,近位、远位只修正用户对某项功能的优先级；不得据此断定现实伴侣一定具备。,根气只修正用户功能需求是否稳定重复，不等于具体对象已经稳定做到。,旺弱只修正需求强度、风险敏感度或匹配模式，不直接等于伴侣能力质量。,喜忌只修正用户对功能的承载与摩擦，不可直接翻译为理想伴侣五行、十神或人格。,真合化成立时按化神功能重算用户需求；合化争议时停止细化伴侣画像。,近位提高该功能进入亲密关系核心的可能；远位只保留背景或情境性观察。,90,-10／降级,pseudo_fit_warning,责任承担不能由以下资料直接成立：解释很多、道歉很快，但责任和改变缺失。,目前不能只凭：解释很多、道歉很快，但责任和改变缺失。,不得仅凭本规则推出某个具体人必然适合、忠诚、成熟或长期稳定；不得推断职业、收入、外貌、家庭、生肖、五行；不得以命理要求容忍伤害、原谅、复合或继续关系。现实安全、持续行为、反例与双方意愿优先。,中高,待验证,,observation_code=PO05; provisional=true; rule_group=PARTNER-观察维度,0.3
M5-PARTNER-144,PO05 责任承担｜工程评分,L2 伴侣行为观察维度,PARTNER-观察维度,通用,评分,PO05,责任承担,维度与主FN任务一致，且来源独立。,只是同一事件的重复解释。,由共享基础引擎与M5-BASE提供；只修正用户需要何种伴侣功能，不直接推断现实对象成熟度。,由M2提供；夫妻星与准入证据只说明谁容易进入关系，不能替代伴侣长期能力验证。,由M3-BASE提供；日支只帮助确定用户亲密关系中的功能需求，不直接描述具体伴侣人格。,无／按本规则指定的伴侣行为、场景或匹配模式路由。,近位、远位只修正用户对某项功能的优先级；不得据此断定现实伴侣一定具备。,根气只修正用户功能需求是否稳定重复，不等于具体对象已经稳定做到。,旺弱只修正需求强度、风险敏感度或匹配模式，不直接等于伴侣能力质量。,喜忌只修正用户对功能的承载与摩擦，不可直接翻译为理想伴侣五行、十神或人格。,真合化成立时按化神功能重算用户需求；合化争议时停止细化伴侣画像。,近位提高该功能进入亲密关系核心的可能；远位只保留背景或情境性观察。,72,+4至+12；按PV层级,confidence,PO05只作为对象行为证据，不重新计算命盘基础权重。,责任看承担和补救，不看形象与身份。,不得仅凭本规则推出某个具体人必然适合、忠诚、成熟或长期稳定；不得推断职业、收入、外貌、家庭、生肖、五行；不得以命理要求容忍伤害、原谅、复合或继续关系。现实安全、持续行为、反例与双方意愿优先。,中,待验证,,observation_code=PO05; provisional=true; rule_group=PARTNER-观察维度,0.3
M5-PARTNER-145,PO05 责任承担｜标准用户语言,L2 伴侣行为观察维度,PARTNER-观察维度,通用,输出,PO05,责任承担,完成该维度裁决。,结论仍未定。,由共享基础引擎与M5-BASE提供；只修正用户需要何种伴侣功能，不直接推断现实对象成熟度。,由M2提供；夫妻星与准入证据只说明谁容易进入关系，不能替代伴侣长期能力验证。,由M3-BASE提供；日支只帮助确定用户亲密关系中的功能需求，不直接描述具体伴侣人格。,无／按本规则指定的伴侣行为、场景或匹配模式路由。,近位、远位只修正用户对某项功能的优先级；不得据此断定现实伴侣一定具备。,根气只修正用户功能需求是否稳定重复，不等于具体对象已经稳定做到。,旺弱只修正需求强度、风险敏感度或匹配模式，不直接等于伴侣能力质量。,喜忌只修正用户对功能的承载与摩擦，不可直接翻译为理想伴侣五行、十神或人格。,真合化成立时按化神功能重算用户需求；合化争议时停止细化伴侣画像。,近位提高该功能进入亲密关系核心的可能；远位只保留背景或情境性观察。,70,不加分；输出,report_text,责任看承担和补救，不看形象与身份。,观察重点：责任看承担和补救，不看形象与身份。,不得仅凭本规则推出某个具体人必然适合、忠诚、成熟或长期稳定；不得推断职业、收入、外貌、家庭、生肖、五行；不得以命理要求容忍伤害、原谅、复合或继续关系。现实安全、持续行为、反例与双方意愿优先。,中高,待验证,,observation_code=PO05; provisional=true; rule_group=PARTNER-观察维度,0.3
M5-PARTNER-146,PO06 现实落实｜正式定义,L2 伴侣行为观察维度,PARTNER-观察维度,通用,定义,PO06,现实落实,存在具体对象行为资料。,只有用户命盘需求。,由共享基础引擎与M5-BASE提供；只修正用户需要何种伴侣功能，不直接推断现实对象成熟度。,由M2提供；夫妻星与准入证据只说明谁容易进入关系，不能替代伴侣长期能力验证。,由M3-BASE提供；日支只帮助确定用户亲密关系中的功能需求，不直接描述具体伴侣人格。,无／按本规则指定的伴侣行为、场景或匹配模式路由。,近位、远位只修正用户对某项功能的优先级；不得据此断定现实伴侣一定具备。,根气只修正用户功能需求是否稳定重复，不等于具体对象已经稳定做到。,旺弱只修正需求强度、风险敏感度或匹配模式，不直接等于伴侣能力质量。,喜忌只修正用户对功能的承载与摩擦，不可直接翻译为理想伴侣五行、十神或人格。,真合化成立时按化神功能重算用户需求；合化争议时停止细化伴侣画像。,近位提高该功能进入亲密关系核心的可能；远位只保留背景或情境性观察。,93,不加分；定义,partner_observation_dimensions,表达、理解、投入和承诺是否能转成可观察行动。,长期适配必须落地。,不得仅凭本规则推出某个具体人必然适合、忠诚、成熟或长期稳定；不得推断职业、收入、外貌、家庭、生肖、五行；不得以命理要求容忍伤害、原谅、复合或继续关系。现实安全、持续行为、反例与双方意愿优先。,高,待验证,,observation_code=PO06; provisional=true; rule_group=PARTNER-观察维度,0.3
M5-PARTNER-147,PO06 现实落实｜可靠证据,L2 伴侣行为观察维度,PARTNER-观察维度,通用,证据,PO06,现实落实,形成具体安排、分工、时间点和回访。,同源重复或单次高光。,由共享基础引擎与M5-BASE提供；只修正用户需要何种伴侣功能，不直接推断现实对象成熟度。,由M2提供；夫妻星与准入证据只说明谁容易进入关系，不能替代伴侣长期能力验证。,由M3-BASE提供；日支只帮助确定用户亲密关系中的功能需求，不直接描述具体伴侣人格。,无／按本规则指定的伴侣行为、场景或匹配模式路由。,近位、远位只修正用户对某项功能的优先级；不得据此断定现实伴侣一定具备。,根气只修正用户功能需求是否稳定重复，不等于具体对象已经稳定做到。,旺弱只修正需求强度、风险敏感度或匹配模式，不直接等于伴侣能力质量。,喜忌只修正用户对功能的承载与摩擦，不可直接翻译为理想伴侣五行、十神或人格。,真合化成立时按化神功能重算用户需求；合化争议时停止细化伴侣画像。,近位提高该功能进入亲密关系核心的可能；远位只保留背景或情境性观察。,86,+10 可靠证据,partner_evidence_level,现实落实的可靠证据需要：形成具体安排、分工、时间点和回访。,这项能力要看：形成具体安排、分工、时间点和回访。,不得仅凭本规则推出某个具体人必然适合、忠诚、成熟或长期稳定；不得推断职业、收入、外貌、家庭、生肖、五行；不得以命理要求容忍伤害、原谅、复合或继续关系。现实安全、持续行为、反例与双方意愿优先。,中高,待验证,,observation_code=PO06; provisional=true; rule_group=PARTNER-观察维度,0.3
M5-PARTNER-148,PO06 现实落实｜不足与假阳性,L2 伴侣行为观察维度,PARTNER-观察维度,通用,降级,PO06,现实落实,出现不足情形。,PV5以上且有反例检验。,由共享基础引擎与M5-BASE提供；只修正用户需要何种伴侣功能，不直接推断现实对象成熟度。,由M2提供；夫妻星与准入证据只说明谁容易进入关系，不能替代伴侣长期能力验证。,由M3-BASE提供；日支只帮助确定用户亲密关系中的功能需求，不直接描述具体伴侣人格。,无／按本规则指定的伴侣行为、场景或匹配模式路由。,近位、远位只修正用户对某项功能的优先级；不得据此断定现实伴侣一定具备。,根气只修正用户功能需求是否稳定重复，不等于具体对象已经稳定做到。,旺弱只修正需求强度、风险敏感度或匹配模式，不直接等于伴侣能力质量。,喜忌只修正用户对功能的承载与摩擦，不可直接翻译为理想伴侣五行、十神或人格。,真合化成立时按化神功能重算用户需求；合化争议时停止细化伴侣画像。,近位提高该功能进入亲密关系核心的可能；远位只保留背景或情境性观察。,90,-10／降级,pseudo_fit_warning,现实落实不能由以下资料直接成立：对话结束后没有行动；行动一次后没有延续。,目前不能只凭：对话结束后没有行动；行动一次后没有延续。,不得仅凭本规则推出某个具体人必然适合、忠诚、成熟或长期稳定；不得推断职业、收入、外貌、家庭、生肖、五行；不得以命理要求容忍伤害、原谅、复合或继续关系。现实安全、持续行为、反例与双方意愿优先。,中高,待验证,,observation_code=PO06; provisional=true; rule_group=PARTNER-观察维度,0.3
M5-PARTNER-149,PO06 现实落实｜工程评分,L2 伴侣行为观察维度,PARTNER-观察维度,通用,评分,PO06,现实落实,维度与主FN任务一致，且来源独立。,只是同一事件的重复解释。,由共享基础引擎与M5-BASE提供；只修正用户需要何种伴侣功能，不直接推断现实对象成熟度。,由M2提供；夫妻星与准入证据只说明谁容易进入关系，不能替代伴侣长期能力验证。,由M3-BASE提供；日支只帮助确定用户亲密关系中的功能需求，不直接描述具体伴侣人格。,无／按本规则指定的伴侣行为、场景或匹配模式路由。,近位、远位只修正用户对某项功能的优先级；不得据此断定现实伴侣一定具备。,根气只修正用户功能需求是否稳定重复，不等于具体对象已经稳定做到。,旺弱只修正需求强度、风险敏感度或匹配模式，不直接等于伴侣能力质量。,喜忌只修正用户对功能的承载与摩擦，不可直接翻译为理想伴侣五行、十神或人格。,真合化成立时按化神功能重算用户需求；合化争议时停止细化伴侣画像。,近位提高该功能进入亲密关系核心的可能；远位只保留背景或情境性观察。,72,+4至+12；按PV层级,confidence,PO06只作为对象行为证据，不重新计算命盘基础权重。,长期适配必须落地。,不得仅凭本规则推出某个具体人必然适合、忠诚、成熟或长期稳定；不得推断职业、收入、外貌、家庭、生肖、五行；不得以命理要求容忍伤害、原谅、复合或继续关系。现实安全、持续行为、反例与双方意愿优先。,中,待验证,,observation_code=PO06; provisional=true; rule_group=PARTNER-观察维度,0.3
M5-PARTNER-150,PO06 现实落实｜标准用户语言,L2 伴侣行为观察维度,PARTNER-观察维度,通用,输出,PO06,现实落实,完成该维度裁决。,结论仍未定。,由共享基础引擎与M5-BASE提供；只修正用户需要何种伴侣功能，不直接推断现实对象成熟度。,由M2提供；夫妻星与准入证据只说明谁容易进入关系，不能替代伴侣长期能力验证。,由M3-BASE提供；日支只帮助确定用户亲密关系中的功能需求，不直接描述具体伴侣人格。,无／按本规则指定的伴侣行为、场景或匹配模式路由。,近位、远位只修正用户对某项功能的优先级；不得据此断定现实伴侣一定具备。,根气只修正用户功能需求是否稳定重复，不等于具体对象已经稳定做到。,旺弱只修正需求强度、风险敏感度或匹配模式，不直接等于伴侣能力质量。,喜忌只修正用户对功能的承载与摩擦，不可直接翻译为理想伴侣五行、十神或人格。,真合化成立时按化神功能重算用户需求；合化争议时停止细化伴侣画像。,近位提高该功能进入亲密关系核心的可能；远位只保留背景或情境性观察。,70,不加分；输出,report_text,长期适配必须落地。,观察重点：长期适配必须落地。,不得仅凭本规则推出某个具体人必然适合、忠诚、成熟或长期稳定；不得推断职业、收入、外貌、家庭、生肖、五行；不得以命理要求容忍伤害、原谅、复合或继续关系。现实安全、持续行为、反例与双方意愿优先。,中高,待验证,,observation_code=PO06; provisional=true; rule_group=PARTNER-观察维度,0.3
M5-PARTNER-151,PO07 压力稳定性｜正式定义,L2 伴侣行为观察维度,PARTNER-观察维度,通用,定义,PO07,压力稳定性,存在具体对象行为资料。,只有用户命盘需求。,由共享基础引擎与M5-BASE提供；只修正用户需要何种伴侣功能，不直接推断现实对象成熟度。,由M2提供；夫妻星与准入证据只说明谁容易进入关系，不能替代伴侣长期能力验证。,由M3-BASE提供；日支只帮助确定用户亲密关系中的功能需求，不直接描述具体伴侣人格。,无／按本规则指定的伴侣行为、场景或匹配模式路由。,近位、远位只修正用户对某项功能的优先级；不得据此断定现实伴侣一定具备。,根气只修正用户功能需求是否稳定重复，不等于具体对象已经稳定做到。,旺弱只修正需求强度、风险敏感度或匹配模式，不直接等于伴侣能力质量。,喜忌只修正用户对功能的承载与摩擦，不可直接翻译为理想伴侣五行、十神或人格。,真合化成立时按化神功能重算用户需求；合化争议时停止细化伴侣画像。,近位提高该功能进入亲密关系核心的可能；远位只保留背景或情境性观察。,93,不加分；定义,partner_observation_dimensions,成本、冲突、疲劳和不利情境下是否仍保留核心功能。,压力表现比轻松时的标签更能说明能力边界。,不得仅凭本规则推出某个具体人必然适合、忠诚、成熟或长期稳定；不得推断职业、收入、外貌、家庭、生肖、五行；不得以命理要求容忍伤害、原谅、复合或继续关系。现实安全、持续行为、反例与双方意愿优先。,高,待验证,,observation_code=PO07; provisional=true; rule_group=PARTNER-观察维度,0.3
M5-PARTNER-152,PO07 压力稳定性｜可靠证据,L2 伴侣行为观察维度,PARTNER-观察维度,通用,证据,PO07,压力稳定性,至少PV5压力／代价情境证据。,同源重复或单次高光。,由共享基础引擎与M5-BASE提供；只修正用户需要何种伴侣功能，不直接推断现实对象成熟度。,由M2提供；夫妻星与准入证据只说明谁容易进入关系，不能替代伴侣长期能力验证。,由M3-BASE提供；日支只帮助确定用户亲密关系中的功能需求，不直接描述具体伴侣人格。,无／按本规则指定的伴侣行为、场景或匹配模式路由。,近位、远位只修正用户对某项功能的优先级；不得据此断定现实伴侣一定具备。,根气只修正用户功能需求是否稳定重复，不等于具体对象已经稳定做到。,旺弱只修正需求强度、风险敏感度或匹配模式，不直接等于伴侣能力质量。,喜忌只修正用户对功能的承载与摩擦，不可直接翻译为理想伴侣五行、十神或人格。,真合化成立时按化神功能重算用户需求；合化争议时停止细化伴侣画像。,近位提高该功能进入亲密关系核心的可能；远位只保留背景或情境性观察。,86,+10 可靠证据,partner_evidence_level,压力稳定性的可靠证据需要：至少PV5压力／代价情境证据。,这项能力要看：至少PV5压力／代价情境证据。,不得仅凭本规则推出某个具体人必然适合、忠诚、成熟或长期稳定；不得推断职业、收入、外貌、家庭、生肖、五行；不得以命理要求容忍伤害、原谅、复合或继续关系。现实安全、持续行为、反例与双方意愿优先。,中高,待验证,,observation_code=PO07; provisional=true; rule_group=PARTNER-观察维度,0.3
M5-PARTNER-153,PO07 压力稳定性｜不足与假阳性,L2 伴侣行为观察维度,PARTNER-观察维度,通用,降级,PO07,压力稳定性,出现不足情形。,PV5以上且有反例检验。,由共享基础引擎与M5-BASE提供；只修正用户需要何种伴侣功能，不直接推断现实对象成熟度。,由M2提供；夫妻星与准入证据只说明谁容易进入关系，不能替代伴侣长期能力验证。,由M3-BASE提供；日支只帮助确定用户亲密关系中的功能需求，不直接描述具体伴侣人格。,无／按本规则指定的伴侣行为、场景或匹配模式路由。,近位、远位只修正用户对某项功能的优先级；不得据此断定现实伴侣一定具备。,根气只修正用户功能需求是否稳定重复，不等于具体对象已经稳定做到。,旺弱只修正需求强度、风险敏感度或匹配模式，不直接等于伴侣能力质量。,喜忌只修正用户对功能的承载与摩擦，不可直接翻译为理想伴侣五行、十神或人格。,真合化成立时按化神功能重算用户需求；合化争议时停止细化伴侣画像。,近位提高该功能进入亲密关系核心的可能；远位只保留背景或情境性观察。,90,-10／降级,pseudo_fit_warning,压力稳定性不能由以下资料直接成立：只有顺境表现好，压力下完全反向。,目前不能只凭：只有顺境表现好，压力下完全反向。,不得仅凭本规则推出某个具体人必然适合、忠诚、成熟或长期稳定；不得推断职业、收入、外貌、家庭、生肖、五行；不得以命理要求容忍伤害、原谅、复合或继续关系。现实安全、持续行为、反例与双方意愿优先。,中高,待验证,,observation_code=PO07; provisional=true; rule_group=PARTNER-观察维度,0.3
M5-PARTNER-154,PO07 压力稳定性｜工程评分,L2 伴侣行为观察维度,PARTNER-观察维度,通用,评分,PO07,压力稳定性,维度与主FN任务一致，且来源独立。,只是同一事件的重复解释。,由共享基础引擎与M5-BASE提供；只修正用户需要何种伴侣功能，不直接推断现实对象成熟度。,由M2提供；夫妻星与准入证据只说明谁容易进入关系，不能替代伴侣长期能力验证。,由M3-BASE提供；日支只帮助确定用户亲密关系中的功能需求，不直接描述具体伴侣人格。,无／按本规则指定的伴侣行为、场景或匹配模式路由。,近位、远位只修正用户对某项功能的优先级；不得据此断定现实伴侣一定具备。,根气只修正用户功能需求是否稳定重复，不等于具体对象已经稳定做到。,旺弱只修正需求强度、风险敏感度或匹配模式，不直接等于伴侣能力质量。,喜忌只修正用户对功能的承载与摩擦，不可直接翻译为理想伴侣五行、十神或人格。,真合化成立时按化神功能重算用户需求；合化争议时停止细化伴侣画像。,近位提高该功能进入亲密关系核心的可能；远位只保留背景或情境性观察。,72,+4至+12；按PV层级,confidence,PO07只作为对象行为证据，不重新计算命盘基础权重。,压力表现比轻松时的标签更能说明能力边界。,不得仅凭本规则推出某个具体人必然适合、忠诚、成熟或长期稳定；不得推断职业、收入、外貌、家庭、生肖、五行；不得以命理要求容忍伤害、原谅、复合或继续关系。现实安全、持续行为、反例与双方意愿优先。,中,待验证,,observation_code=PO07; provisional=true; rule_group=PARTNER-观察维度,0.3
M5-PARTNER-155,PO07 压力稳定性｜标准用户语言,L2 伴侣行为观察维度,PARTNER-观察维度,通用,输出,PO07,压力稳定性,完成该维度裁决。,结论仍未定。,由共享基础引擎与M5-BASE提供；只修正用户需要何种伴侣功能，不直接推断现实对象成熟度。,由M2提供；夫妻星与准入证据只说明谁容易进入关系，不能替代伴侣长期能力验证。,由M3-BASE提供；日支只帮助确定用户亲密关系中的功能需求，不直接描述具体伴侣人格。,无／按本规则指定的伴侣行为、场景或匹配模式路由。,近位、远位只修正用户对某项功能的优先级；不得据此断定现实伴侣一定具备。,根气只修正用户功能需求是否稳定重复，不等于具体对象已经稳定做到。,旺弱只修正需求强度、风险敏感度或匹配模式，不直接等于伴侣能力质量。,喜忌只修正用户对功能的承载与摩擦，不可直接翻译为理想伴侣五行、十神或人格。,真合化成立时按化神功能重算用户需求；合化争议时停止细化伴侣画像。,近位提高该功能进入亲密关系核心的可能；远位只保留背景或情境性观察。,70,不加分；输出,report_text,压力表现比轻松时的标签更能说明能力边界。,观察重点：压力表现比轻松时的标签更能说明能力边界。,不得仅凭本规则推出某个具体人必然适合、忠诚、成熟或长期稳定；不得推断职业、收入、外貌、家庭、生肖、五行；不得以命理要求容忍伤害、原谅、复合或继续关系。现实安全、持续行为、反例与双方意愿优先。,中高,待验证,,observation_code=PO07; provisional=true; rule_group=PARTNER-观察维度,0.3
M5-PARTNER-156,PO08 修复反馈力｜正式定义,L2 伴侣行为观察维度,PARTNER-观察维度,通用,定义,PO08,修复反馈力,存在具体对象行为资料。,只有用户命盘需求。,由共享基础引擎与M5-BASE提供；只修正用户需要何种伴侣功能，不直接推断现实对象成熟度。,由M2提供；夫妻星与准入证据只说明谁容易进入关系，不能替代伴侣长期能力验证。,由M3-BASE提供；日支只帮助确定用户亲密关系中的功能需求，不直接描述具体伴侣人格。,无／按本规则指定的伴侣行为、场景或匹配模式路由。,近位、远位只修正用户对某项功能的优先级；不得据此断定现实伴侣一定具备。,根气只修正用户功能需求是否稳定重复，不等于具体对象已经稳定做到。,旺弱只修正需求强度、风险敏感度或匹配模式，不直接等于伴侣能力质量。,喜忌只修正用户对功能的承载与摩擦，不可直接翻译为理想伴侣五行、十神或人格。,真合化成立时按化神功能重算用户需求；合化争议时停止细化伴侣画像。,近位提高该功能进入亲密关系核心的可能；远位只保留背景或情境性观察。,93,不加分；定义,partner_observation_dimensions,问题后能否接收影响、承担责任、改变并回访。,修复能力是长期适配的关键现实证据。,不得仅凭本规则推出某个具体人必然适合、忠诚、成熟或长期稳定；不得推断职业、收入、外貌、家庭、生肖、五行；不得以命理要求容忍伤害、原谅、复合或继续关系。现实安全、持续行为、反例与双方意愿优先。,高,待验证,,observation_code=PO08; provisional=true; rule_group=PARTNER-观察维度,0.3
M5-PARTNER-157,PO08 修复反馈力｜可靠证据,L2 伴侣行为观察维度,PARTNER-观察维度,通用,证据,PO08,修复反馈力,至少进入RN07接收反馈；稳定改变还需RN08。,同源重复或单次高光。,由共享基础引擎与M5-BASE提供；只修正用户需要何种伴侣功能，不直接推断现实对象成熟度。,由M2提供；夫妻星与准入证据只说明谁容易进入关系，不能替代伴侣长期能力验证。,由M3-BASE提供；日支只帮助确定用户亲密关系中的功能需求，不直接描述具体伴侣人格。,无／按本规则指定的伴侣行为、场景或匹配模式路由。,近位、远位只修正用户对某项功能的优先级；不得据此断定现实伴侣一定具备。,根气只修正用户功能需求是否稳定重复，不等于具体对象已经稳定做到。,旺弱只修正需求强度、风险敏感度或匹配模式，不直接等于伴侣能力质量。,喜忌只修正用户对功能的承载与摩擦，不可直接翻译为理想伴侣五行、十神或人格。,真合化成立时按化神功能重算用户需求；合化争议时停止细化伴侣画像。,近位提高该功能进入亲密关系核心的可能；远位只保留背景或情境性观察。,86,+10 可靠证据,partner_evidence_level,修复反馈力的可靠证据需要：至少进入RN07接收反馈；稳定改变还需RN08。,这项能力要看：至少进入RN07接收反馈；稳定改变还需RN08。,不得仅凭本规则推出某个具体人必然适合、忠诚、成熟或长期稳定；不得推断职业、收入、外貌、家庭、生肖、五行；不得以命理要求容忍伤害、原谅、复合或继续关系。现实安全、持续行为、反例与双方意愿优先。,中高,待验证,,observation_code=PO08; provisional=true; rule_group=PARTNER-观察维度,0.3
M5-PARTNER-158,PO08 修复反馈力｜不足与假阳性,L2 伴侣行为观察维度,PARTNER-观察维度,通用,降级,PO08,修复反馈力,出现不足情形。,PV5以上且有反例检验。,由共享基础引擎与M5-BASE提供；只修正用户需要何种伴侣功能，不直接推断现实对象成熟度。,由M2提供；夫妻星与准入证据只说明谁容易进入关系，不能替代伴侣长期能力验证。,由M3-BASE提供；日支只帮助确定用户亲密关系中的功能需求，不直接描述具体伴侣人格。,无／按本规则指定的伴侣行为、场景或匹配模式路由。,近位、远位只修正用户对某项功能的优先级；不得据此断定现实伴侣一定具备。,根气只修正用户功能需求是否稳定重复，不等于具体对象已经稳定做到。,旺弱只修正需求强度、风险敏感度或匹配模式，不直接等于伴侣能力质量。,喜忌只修正用户对功能的承载与摩擦，不可直接翻译为理想伴侣五行、十神或人格。,真合化成立时按化神功能重算用户需求；合化争议时停止细化伴侣画像。,近位提高该功能进入亲密关系核心的可能；远位只保留背景或情境性观察。,90,-10／降级,pseudo_fit_warning,修复反馈力不能由以下资料直接成立：只和好、只补偿、只解释、只要求翻篇。,目前不能只凭：只和好、只补偿、只解释、只要求翻篇。,不得仅凭本规则推出某个具体人必然适合、忠诚、成熟或长期稳定；不得推断职业、收入、外貌、家庭、生肖、五行；不得以命理要求容忍伤害、原谅、复合或继续关系。现实安全、持续行为、反例与双方意愿优先。,中高,待验证,,observation_code=PO08; provisional=true; rule_group=PARTNER-观察维度,0.3
M5-PARTNER-159,PO08 修复反馈力｜工程评分,L2 伴侣行为观察维度,PARTNER-观察维度,通用,评分,PO08,修复反馈力,维度与主FN任务一致，且来源独立。,只是同一事件的重复解释。,由共享基础引擎与M5-BASE提供；只修正用户需要何种伴侣功能，不直接推断现实对象成熟度。,由M2提供；夫妻星与准入证据只说明谁容易进入关系，不能替代伴侣长期能力验证。,由M3-BASE提供；日支只帮助确定用户亲密关系中的功能需求，不直接描述具体伴侣人格。,无／按本规则指定的伴侣行为、场景或匹配模式路由。,近位、远位只修正用户对某项功能的优先级；不得据此断定现实伴侣一定具备。,根气只修正用户功能需求是否稳定重复，不等于具体对象已经稳定做到。,旺弱只修正需求强度、风险敏感度或匹配模式，不直接等于伴侣能力质量。,喜忌只修正用户对功能的承载与摩擦，不可直接翻译为理想伴侣五行、十神或人格。,真合化成立时按化神功能重算用户需求；合化争议时停止细化伴侣画像。,近位提高该功能进入亲密关系核心的可能；远位只保留背景或情境性观察。,72,+4至+12；按PV层级,confidence,PO08只作为对象行为证据，不重新计算命盘基础权重。,修复能力是长期适配的关键现实证据。,不得仅凭本规则推出某个具体人必然适合、忠诚、成熟或长期稳定；不得推断职业、收入、外貌、家庭、生肖、五行；不得以命理要求容忍伤害、原谅、复合或继续关系。现实安全、持续行为、反例与双方意愿优先。,中,待验证,,observation_code=PO08; provisional=true; rule_group=PARTNER-观察维度,0.3
M5-PARTNER-160,PO08 修复反馈力｜标准用户语言,L2 伴侣行为观察维度,PARTNER-观察维度,通用,输出,PO08,修复反馈力,完成该维度裁决。,结论仍未定。,由共享基础引擎与M5-BASE提供；只修正用户需要何种伴侣功能，不直接推断现实对象成熟度。,由M2提供；夫妻星与准入证据只说明谁容易进入关系，不能替代伴侣长期能力验证。,由M3-BASE提供；日支只帮助确定用户亲密关系中的功能需求，不直接描述具体伴侣人格。,无／按本规则指定的伴侣行为、场景或匹配模式路由。,近位、远位只修正用户对某项功能的优先级；不得据此断定现实伴侣一定具备。,根气只修正用户功能需求是否稳定重复，不等于具体对象已经稳定做到。,旺弱只修正需求强度、风险敏感度或匹配模式，不直接等于伴侣能力质量。,喜忌只修正用户对功能的承载与摩擦，不可直接翻译为理想伴侣五行、十神或人格。,真合化成立时按化神功能重算用户需求；合化争议时停止细化伴侣画像。,近位提高该功能进入亲密关系核心的可能；远位只保留背景或情境性观察。,70,不加分；输出,report_text,修复能力是长期适配的关键现实证据。,观察重点：修复能力是长期适配的关键现实证据。,不得仅凭本规则推出某个具体人必然适合、忠诚、成熟或长期稳定；不得推断职业、收入、外貌、家庭、生肖、五行；不得以命理要求容忍伤害、原谅、复合或继续关系。现实安全、持续行为、反例与双方意愿优先。,中高,待验证,,observation_code=PO08; provisional=true; rule_group=PARTNER-观察维度,0.3
M5-PARTNER-161,PO09 跨场景迁移｜正式定义,L2 伴侣行为观察维度,PARTNER-观察维度,通用,定义,PO09,跨场景迁移,存在具体对象行为资料。,只有用户命盘需求。,由共享基础引擎与M5-BASE提供；只修正用户需要何种伴侣功能，不直接推断现实对象成熟度。,由M2提供；夫妻星与准入证据只说明谁容易进入关系，不能替代伴侣长期能力验证。,由M3-BASE提供；日支只帮助确定用户亲密关系中的功能需求，不直接描述具体伴侣人格。,无／按本规则指定的伴侣行为、场景或匹配模式路由。,近位、远位只修正用户对某项功能的优先级；不得据此断定现实伴侣一定具备。,根气只修正用户功能需求是否稳定重复，不等于具体对象已经稳定做到。,旺弱只修正需求强度、风险敏感度或匹配模式，不直接等于伴侣能力质量。,喜忌只修正用户对功能的承载与摩擦，不可直接翻译为理想伴侣五行、十神或人格。,真合化成立时按化神功能重算用户需求；合化争议时停止细化伴侣画像。,近位提高该功能进入亲密关系核心的可能；远位只保留背景或情境性观察。,93,不加分；定义,partner_observation_dimensions,同一功能能否在日常、资源、冲突、压力和修复中迁移。,功能不必处处相同，但应有可解释的状态分工。,不得仅凭本规则推出某个具体人必然适合、忠诚、成熟或长期稳定；不得推断职业、收入、外貌、家庭、生肖、五行；不得以命理要求容忍伤害、原谅、复合或继续关系。现实安全、持续行为、反例与双方意愿优先。,高,待验证,,observation_code=PO09; provisional=true; rule_group=PARTNER-观察维度,0.3
M5-PARTNER-162,PO09 跨场景迁移｜可靠证据,L2 伴侣行为观察维度,PARTNER-观察维度,通用,证据,PO09,跨场景迁移,至少PV4跨情境一致。,同源重复或单次高光。,由共享基础引擎与M5-BASE提供；只修正用户需要何种伴侣功能，不直接推断现实对象成熟度。,由M2提供；夫妻星与准入证据只说明谁容易进入关系，不能替代伴侣长期能力验证。,由M3-BASE提供；日支只帮助确定用户亲密关系中的功能需求，不直接描述具体伴侣人格。,无／按本规则指定的伴侣行为、场景或匹配模式路由。,近位、远位只修正用户对某项功能的优先级；不得据此断定现实伴侣一定具备。,根气只修正用户功能需求是否稳定重复，不等于具体对象已经稳定做到。,旺弱只修正需求强度、风险敏感度或匹配模式，不直接等于伴侣能力质量。,喜忌只修正用户对功能的承载与摩擦，不可直接翻译为理想伴侣五行、十神或人格。,真合化成立时按化神功能重算用户需求；合化争议时停止细化伴侣画像。,近位提高该功能进入亲密关系核心的可能；远位只保留背景或情境性观察。,86,+10 可靠证据,partner_evidence_level,跨场景迁移的可靠证据需要：至少PV4跨情境一致。,这项能力要看：至少PV4跨情境一致。,不得仅凭本规则推出某个具体人必然适合、忠诚、成熟或长期稳定；不得推断职业、收入、外貌、家庭、生肖、五行；不得以命理要求容忍伤害、原谅、复合或继续关系。现实安全、持续行为、反例与双方意愿优先。,中高,待验证,,observation_code=PO09; provisional=true; rule_group=PARTNER-观察维度,0.3
M5-PARTNER-163,PO09 跨场景迁移｜不足与假阳性,L2 伴侣行为观察维度,PARTNER-观察维度,通用,降级,PO09,跨场景迁移,出现不足情形。,PV5以上且有反例检验。,由共享基础引擎与M5-BASE提供；只修正用户需要何种伴侣功能，不直接推断现实对象成熟度。,由M2提供；夫妻星与准入证据只说明谁容易进入关系，不能替代伴侣长期能力验证。,由M3-BASE提供；日支只帮助确定用户亲密关系中的功能需求，不直接描述具体伴侣人格。,无／按本规则指定的伴侣行为、场景或匹配模式路由。,近位、远位只修正用户对某项功能的优先级；不得据此断定现实伴侣一定具备。,根气只修正用户功能需求是否稳定重复，不等于具体对象已经稳定做到。,旺弱只修正需求强度、风险敏感度或匹配模式，不直接等于伴侣能力质量。,喜忌只修正用户对功能的承载与摩擦，不可直接翻译为理想伴侣五行、十神或人格。,真合化成立时按化神功能重算用户需求；合化争议时停止细化伴侣画像。,近位提高该功能进入亲密关系核心的可能；远位只保留背景或情境性观察。,90,-10／降级,pseudo_fit_warning,跨场景迁移不能由以下资料直接成立：只在某一擅长场景表现好。,目前不能只凭：只在某一擅长场景表现好。,不得仅凭本规则推出某个具体人必然适合、忠诚、成熟或长期稳定；不得推断职业、收入、外貌、家庭、生肖、五行；不得以命理要求容忍伤害、原谅、复合或继续关系。现实安全、持续行为、反例与双方意愿优先。,中高,待验证,,observation_code=PO09; provisional=true; rule_group=PARTNER-观察维度,0.3
M5-PARTNER-164,PO09 跨场景迁移｜工程评分,L2 伴侣行为观察维度,PARTNER-观察维度,通用,评分,PO09,跨场景迁移,维度与主FN任务一致，且来源独立。,只是同一事件的重复解释。,由共享基础引擎与M5-BASE提供；只修正用户需要何种伴侣功能，不直接推断现实对象成熟度。,由M2提供；夫妻星与准入证据只说明谁容易进入关系，不能替代伴侣长期能力验证。,由M3-BASE提供；日支只帮助确定用户亲密关系中的功能需求，不直接描述具体伴侣人格。,无／按本规则指定的伴侣行为、场景或匹配模式路由。,近位、远位只修正用户对某项功能的优先级；不得据此断定现实伴侣一定具备。,根气只修正用户功能需求是否稳定重复，不等于具体对象已经稳定做到。,旺弱只修正需求强度、风险敏感度或匹配模式，不直接等于伴侣能力质量。,喜忌只修正用户对功能的承载与摩擦，不可直接翻译为理想伴侣五行、十神或人格。,真合化成立时按化神功能重算用户需求；合化争议时停止细化伴侣画像。,近位提高该功能进入亲密关系核心的可能；远位只保留背景或情境性观察。,72,+4至+12；按PV层级,confidence,PO09只作为对象行为证据，不重新计算命盘基础权重。,功能不必处处相同，但应有可解释的状态分工。,不得仅凭本规则推出某个具体人必然适合、忠诚、成熟或长期稳定；不得推断职业、收入、外貌、家庭、生肖、五行；不得以命理要求容忍伤害、原谅、复合或继续关系。现实安全、持续行为、反例与双方意愿优先。,中,待验证,,observation_code=PO09; provisional=true; rule_group=PARTNER-观察维度,0.3
M5-PARTNER-165,PO09 跨场景迁移｜标准用户语言,L2 伴侣行为观察维度,PARTNER-观察维度,通用,输出,PO09,跨场景迁移,完成该维度裁决。,结论仍未定。,由共享基础引擎与M5-BASE提供；只修正用户需要何种伴侣功能，不直接推断现实对象成熟度。,由M2提供；夫妻星与准入证据只说明谁容易进入关系，不能替代伴侣长期能力验证。,由M3-BASE提供；日支只帮助确定用户亲密关系中的功能需求，不直接描述具体伴侣人格。,无／按本规则指定的伴侣行为、场景或匹配模式路由。,近位、远位只修正用户对某项功能的优先级；不得据此断定现实伴侣一定具备。,根气只修正用户功能需求是否稳定重复，不等于具体对象已经稳定做到。,旺弱只修正需求强度、风险敏感度或匹配模式，不直接等于伴侣能力质量。,喜忌只修正用户对功能的承载与摩擦，不可直接翻译为理想伴侣五行、十神或人格。,真合化成立时按化神功能重算用户需求；合化争议时停止细化伴侣画像。,近位提高该功能进入亲密关系核心的可能；远位只保留背景或情境性观察。,70,不加分；输出,report_text,功能不必处处相同，但应有可解释的状态分工。,观察重点：功能不必处处相同，但应有可解释的状态分工。,不得仅凭本规则推出某个具体人必然适合、忠诚、成熟或长期稳定；不得推断职业、收入、外貌、家庭、生肖、五行；不得以命理要求容忍伤害、原谅、复合或继续关系。现实安全、持续行为、反例与双方意愿优先。,中高,待验证,,observation_code=PO09; provisional=true; rule_group=PARTNER-观察维度,0.3
M5-PARTNER-166,PO10 学习调整力｜正式定义,L2 伴侣行为观察维度,PARTNER-观察维度,通用,定义,PO10,学习调整力,存在具体对象行为资料。,只有用户命盘需求。,由共享基础引擎与M5-BASE提供；只修正用户需要何种伴侣功能，不直接推断现实对象成熟度。,由M2提供；夫妻星与准入证据只说明谁容易进入关系，不能替代伴侣长期能力验证。,由M3-BASE提供；日支只帮助确定用户亲密关系中的功能需求，不直接描述具体伴侣人格。,无／按本规则指定的伴侣行为、场景或匹配模式路由。,近位、远位只修正用户对某项功能的优先级；不得据此断定现实伴侣一定具备。,根气只修正用户功能需求是否稳定重复，不等于具体对象已经稳定做到。,旺弱只修正需求强度、风险敏感度或匹配模式，不直接等于伴侣能力质量。,喜忌只修正用户对功能的承载与摩擦，不可直接翻译为理想伴侣五行、十神或人格。,真合化成立时按化神功能重算用户需求；合化争议时停止细化伴侣画像。,近位提高该功能进入亲密关系核心的可能；远位只保留背景或情境性观察。,93,不加分；定义,partner_observation_dimensions,被指出问题后是否能学习、改变和更新关系规则。,适配不是静态完美，而是可持续学习。,不得仅凭本规则推出某个具体人必然适合、忠诚、成熟或长期稳定；不得推断职业、收入、外貌、家庭、生肖、五行；不得以命理要求容忍伤害、原谅、复合或继续关系。现实安全、持续行为、反例与双方意愿优先。,高,待验证,,observation_code=PO10; provisional=true; rule_group=PARTNER-观察维度,0.3
M5-PARTNER-167,PO10 学习调整力｜可靠证据,L2 伴侣行为观察维度,PARTNER-观察维度,通用,证据,PO10,学习调整力,出现反馈—尝试—复盘—调整的现实链。,同源重复或单次高光。,由共享基础引擎与M5-BASE提供；只修正用户需要何种伴侣功能，不直接推断现实对象成熟度。,由M2提供；夫妻星与准入证据只说明谁容易进入关系，不能替代伴侣长期能力验证。,由M3-BASE提供；日支只帮助确定用户亲密关系中的功能需求，不直接描述具体伴侣人格。,无／按本规则指定的伴侣行为、场景或匹配模式路由。,近位、远位只修正用户对某项功能的优先级；不得据此断定现实伴侣一定具备。,根气只修正用户功能需求是否稳定重复，不等于具体对象已经稳定做到。,旺弱只修正需求强度、风险敏感度或匹配模式，不直接等于伴侣能力质量。,喜忌只修正用户对功能的承载与摩擦，不可直接翻译为理想伴侣五行、十神或人格。,真合化成立时按化神功能重算用户需求；合化争议时停止细化伴侣画像。,近位提高该功能进入亲密关系核心的可能；远位只保留背景或情境性观察。,86,+10 可靠证据,partner_evidence_level,学习调整力的可靠证据需要：出现反馈—尝试—复盘—调整的现实链。,这项能力要看：出现反馈—尝试—复盘—调整的现实链。,不得仅凭本规则推出某个具体人必然适合、忠诚、成熟或长期稳定；不得推断职业、收入、外貌、家庭、生肖、五行；不得以命理要求容忍伤害、原谅、复合或继续关系。现实安全、持续行为、反例与双方意愿优先。,中高,待验证,,observation_code=PO10; provisional=true; rule_group=PARTNER-观察维度,0.3
M5-PARTNER-168,PO10 学习调整力｜不足与假阳性,L2 伴侣行为观察维度,PARTNER-观察维度,通用,降级,PO10,学习调整力,出现不足情形。,PV5以上且有反例检验。,由共享基础引擎与M5-BASE提供；只修正用户需要何种伴侣功能，不直接推断现实对象成熟度。,由M2提供；夫妻星与准入证据只说明谁容易进入关系，不能替代伴侣长期能力验证。,由M3-BASE提供；日支只帮助确定用户亲密关系中的功能需求，不直接描述具体伴侣人格。,无／按本规则指定的伴侣行为、场景或匹配模式路由。,近位、远位只修正用户对某项功能的优先级；不得据此断定现实伴侣一定具备。,根气只修正用户功能需求是否稳定重复，不等于具体对象已经稳定做到。,旺弱只修正需求强度、风险敏感度或匹配模式，不直接等于伴侣能力质量。,喜忌只修正用户对功能的承载与摩擦，不可直接翻译为理想伴侣五行、十神或人格。,真合化成立时按化神功能重算用户需求；合化争议时停止细化伴侣画像。,近位提高该功能进入亲密关系核心的可能；远位只保留背景或情境性观察。,90,-10／降级,pseudo_fit_warning,学习调整力不能由以下资料直接成立：把批评视为否定、反复承诺但不改变。,目前不能只凭：把批评视为否定、反复承诺但不改变。,不得仅凭本规则推出某个具体人必然适合、忠诚、成熟或长期稳定；不得推断职业、收入、外貌、家庭、生肖、五行；不得以命理要求容忍伤害、原谅、复合或继续关系。现实安全、持续行为、反例与双方意愿优先。,中高,待验证,,observation_code=PO10; provisional=true; rule_group=PARTNER-观察维度,0.3
M5-PARTNER-169,PO10 学习调整力｜工程评分,L2 伴侣行为观察维度,PARTNER-观察维度,通用,评分,PO10,学习调整力,维度与主FN任务一致，且来源独立。,只是同一事件的重复解释。,由共享基础引擎与M5-BASE提供；只修正用户需要何种伴侣功能，不直接推断现实对象成熟度。,由M2提供；夫妻星与准入证据只说明谁容易进入关系，不能替代伴侣长期能力验证。,由M3-BASE提供；日支只帮助确定用户亲密关系中的功能需求，不直接描述具体伴侣人格。,无／按本规则指定的伴侣行为、场景或匹配模式路由。,近位、远位只修正用户对某项功能的优先级；不得据此断定现实伴侣一定具备。,根气只修正用户功能需求是否稳定重复，不等于具体对象已经稳定做到。,旺弱只修正需求强度、风险敏感度或匹配模式，不直接等于伴侣能力质量。,喜忌只修正用户对功能的承载与摩擦，不可直接翻译为理想伴侣五行、十神或人格。,真合化成立时按化神功能重算用户需求；合化争议时停止细化伴侣画像。,近位提高该功能进入亲密关系核心的可能；远位只保留背景或情境性观察。,72,+4至+12；按PV层级,confidence,PO10只作为对象行为证据，不重新计算命盘基础权重。,适配不是静态完美，而是可持续学习。,不得仅凭本规则推出某个具体人必然适合、忠诚、成熟或长期稳定；不得推断职业、收入、外貌、家庭、生肖、五行；不得以命理要求容忍伤害、原谅、复合或继续关系。现实安全、持续行为、反例与双方意愿优先。,中,待验证,,observation_code=PO10; provisional=true; rule_group=PARTNER-观察维度,0.3
M5-PARTNER-170,PO10 学习调整力｜标准用户语言,L2 伴侣行为观察维度,PARTNER-观察维度,通用,输出,PO10,学习调整力,完成该维度裁决。,结论仍未定。,由共享基础引擎与M5-BASE提供；只修正用户需要何种伴侣功能，不直接推断现实对象成熟度。,由M2提供；夫妻星与准入证据只说明谁容易进入关系，不能替代伴侣长期能力验证。,由M3-BASE提供；日支只帮助确定用户亲密关系中的功能需求，不直接描述具体伴侣人格。,无／按本规则指定的伴侣行为、场景或匹配模式路由。,近位、远位只修正用户对某项功能的优先级；不得据此断定现实伴侣一定具备。,根气只修正用户功能需求是否稳定重复，不等于具体对象已经稳定做到。,旺弱只修正需求强度、风险敏感度或匹配模式，不直接等于伴侣能力质量。,喜忌只修正用户对功能的承载与摩擦，不可直接翻译为理想伴侣五行、十神或人格。,真合化成立时按化神功能重算用户需求；合化争议时停止细化伴侣画像。,近位提高该功能进入亲密关系核心的可能；远位只保留背景或情境性观察。,70,不加分；输出,report_text,适配不是静态完美，而是可持续学习。,观察重点：适配不是静态完美，而是可持续学习。,不得仅凭本规则推出某个具体人必然适合、忠诚、成熟或长期稳定；不得推断职业、收入、外貌、家庭、生肖、五行；不得以命理要求容忍伤害、原谅、复合或继续关系。现实安全、持续行为、反例与双方意愿优先。,中高,待验证,,observation_code=PO10; provisional=true; rule_group=PARTNER-观察维度,0.3
M5-PARTNER-171,PS01 稳定成熟表达｜正式定义,L3 成熟、失衡与未定状态,PARTNER-表达状态,通用,定义,PS01,稳定成熟表达,PV4以上；PO02、PO03、PO05至少两项可靠。,安全门控未通过。,由共享基础引擎与M5-BASE提供；只修正用户需要何种伴侣功能，不直接推断现实对象成熟度。,由M2提供；夫妻星与准入证据只说明谁容易进入关系，不能替代伴侣长期能力验证。,由M3-BASE提供；日支只帮助确定用户亲密关系中的功能需求，不直接描述具体伴侣人格。,无／按本规则指定的伴侣行为、场景或匹配模式路由。,近位、远位只修正用户对某项功能的优先级；不得据此断定现实伴侣一定具备。,根气只修正用户功能需求是否稳定重复，不等于具体对象已经稳定做到。,旺弱只修正需求强度、风险敏感度或匹配模式，不直接等于伴侣能力质量。,喜忌只修正用户对功能的承载与摩擦，不可直接翻译为理想伴侣五行、十神或人格。,真合化成立时按化神功能重算用户需求；合化争议时停止细化伴侣画像。,近位提高该功能进入亲密关系核心的可能；远位只保留背景或情境性观察。,94,不加分；状态定义,partner_expression_state,功能在多个情境重复，双向、守边界、可修复。,对方较稳定地把这项能力做出来，而不只是拥有相关标签。,不得仅凭本规则推出某个具体人必然适合、忠诚、成熟或长期稳定；不得推断职业、收入、外貌、家庭、生肖、五行；不得以命理要求容忍伤害、原谅、复合或继续关系。现实安全、持续行为、反例与双方意愿优先。,高,待验证,,partner_state=PS01; provisional=true; rule_group=PARTNER-表达状态,0.3
M5-PARTNER-172,PS01 稳定成熟表达｜成立条件,L3 成熟、失衡与未定状态,PARTNER-表达状态,通用,门控,PS01,稳定成熟表达,PV4以上；PO02、PO03、PO05至少两项可靠。,只有命盘标签或同源重复。,由共享基础引擎与M5-BASE提供；只修正用户需要何种伴侣功能，不直接推断现实对象成熟度。,由M2提供；夫妻星与准入证据只说明谁容易进入关系，不能替代伴侣长期能力验证。,由M3-BASE提供；日支只帮助确定用户亲密关系中的功能需求，不直接描述具体伴侣人格。,无／按本规则指定的伴侣行为、场景或匹配模式路由。,近位、远位只修正用户对某项功能的优先级；不得据此断定现实伴侣一定具备。,根气只修正用户功能需求是否稳定重复，不等于具体对象已经稳定做到。,旺弱只修正需求强度、风险敏感度或匹配模式，不直接等于伴侣能力质量。,喜忌只修正用户对功能的承载与摩擦，不可直接翻译为理想伴侣五行、十神或人格。,真合化成立时按化神功能重算用户需求；合化争议时停止细化伴侣画像。,近位提高该功能进入亲密关系核心的可能；远位只保留背景或情境性观察。,90,状态路由,partner_expression_state,稳定成熟表达必须满足：PV4以上；PO02、PO03、PO05至少两项可靠。,判断到稳定成熟表达，需要看到：PV4以上；PO02、PO03、PO05至少两项可靠。,不得仅凭本规则推出某个具体人必然适合、忠诚、成熟或长期稳定；不得推断职业、收入、外貌、家庭、生肖、五行；不得以命理要求容忍伤害、原谅、复合或继续关系。现实安全、持续行为、反例与双方意愿优先。,中高,待验证,,partner_state=PS01; provisional=true; rule_group=PARTNER-表达状态,0.3
M5-PARTNER-173,PS01 稳定成熟表达｜报告处理,L3 成熟、失衡与未定状态,PARTNER-表达状态,通用,路由,PS01,稳定成熟表达,PV4以上；PO02、PO03、PO05至少两项可靠。,资料与状态不一致。,由共享基础引擎与M5-BASE提供；只修正用户需要何种伴侣功能，不直接推断现实对象成熟度。,由M2提供；夫妻星与准入证据只说明谁容易进入关系，不能替代伴侣长期能力验证。,由M3-BASE提供；日支只帮助确定用户亲密关系中的功能需求，不直接描述具体伴侣人格。,无／按本规则指定的伴侣行为、场景或匹配模式路由。,近位、远位只修正用户对某项功能的优先级；不得据此断定现实伴侣一定具备。,根气只修正用户功能需求是否稳定重复，不等于具体对象已经稳定做到。,旺弱只修正需求强度、风险敏感度或匹配模式，不直接等于伴侣能力质量。,喜忌只修正用户对功能的承载与摩擦，不可直接翻译为理想伴侣五行、十神或人格。,真合化成立时按化神功能重算用户需求；合化争议时停止细化伴侣画像。,近位提高该功能进入亲密关系核心的可能；远位只保留背景或情境性观察。,86,路由／降级,report_status,可作为成熟功能候选，但最终FG仍由SYNTH与现实门槛决定。,对方较稳定地把这项能力做出来，而不只是拥有相关标签。,不得仅凭本规则推出某个具体人必然适合、忠诚、成熟或长期稳定；不得推断职业、收入、外貌、家庭、生肖、五行；不得以命理要求容忍伤害、原谅、复合或继续关系。现实安全、持续行为、反例与双方意愿优先。,中高,待验证,,partner_state=PS01; provisional=true; rule_group=PARTNER-表达状态,0.3
M5-PARTNER-174,PS01 稳定成熟表达｜升级与降级,L3 成熟、失衡与未定状态,PARTNER-表达状态,通用,证据,PS01,稳定成熟表达,至少两类独立现实来源。,只因功能强、身份好或一次表现。,由共享基础引擎与M5-BASE提供；只修正用户需要何种伴侣功能，不直接推断现实对象成熟度。,由M2提供；夫妻星与准入证据只说明谁容易进入关系，不能替代伴侣长期能力验证。,由M3-BASE提供；日支只帮助确定用户亲密关系中的功能需求，不直接描述具体伴侣人格。,无／按本规则指定的伴侣行为、场景或匹配模式路由。,近位、远位只修正用户对某项功能的优先级；不得据此断定现实伴侣一定具备。,根气只修正用户功能需求是否稳定重复，不等于具体对象已经稳定做到。,旺弱只修正需求强度、风险敏感度或匹配模式，不直接等于伴侣能力质量。,喜忌只修正用户对功能的承载与摩擦，不可直接翻译为理想伴侣五行、十神或人格。,真合化成立时按化神功能重算用户需求；合化争议时停止细化伴侣画像。,近位提高该功能进入亲密关系核心的可能；远位只保留背景或情境性观察。,82,±8至±20,partner_evidence_level,PS状态随PV和反例变化，不由命理分值直接锁定。,随着现实证据增加，这个判断可以升级或降级。,不得仅凭本规则推出某个具体人必然适合、忠诚、成熟或长期稳定；不得推断职业、收入、外貌、家庭、生肖、五行；不得以命理要求容忍伤害、原谅、复合或继续关系。现实安全、持续行为、反例与双方意愿优先。,中,待验证,,partner_state=PS01; provisional=true; rule_group=PARTNER-表达状态,0.3
M5-PARTNER-175,PS01 稳定成熟表达｜禁止误读,L3 成熟、失衡与未定状态,PARTNER-表达状态,通用,边界,PS01,稳定成熟表达,正在输出PS状态。,无,由共享基础引擎与M5-BASE提供；只修正用户需要何种伴侣功能，不直接推断现实对象成熟度。,由M2提供；夫妻星与准入证据只说明谁容易进入关系，不能替代伴侣长期能力验证。,由M3-BASE提供；日支只帮助确定用户亲密关系中的功能需求，不直接描述具体伴侣人格。,无／按本规则指定的伴侣行为、场景或匹配模式路由。,近位、远位只修正用户对某项功能的优先级；不得据此断定现实伴侣一定具备。,根气只修正用户功能需求是否稳定重复，不等于具体对象已经稳定做到。,旺弱只修正需求强度、风险敏感度或匹配模式，不直接等于伴侣能力质量。,喜忌只修正用户对功能的承载与摩擦，不可直接翻译为理想伴侣五行、十神或人格。,真合化成立时按化神功能重算用户需求；合化争议时停止细化伴侣画像。,近位提高该功能进入亲密关系核心的可能；远位只保留背景或情境性观察。,96,不加分；边界,boundary_note,不得把PS04写成坏人、PS05写成能力差、PS01写成必然适配。,这只是关系功能的当前证据状态，不是人格定罪。,不得仅凭本规则推出某个具体人必然适合、忠诚、成熟或长期稳定；不得推断职业、收入、外貌、家庭、生肖、五行；不得以命理要求容忍伤害、原谅、复合或继续关系。现实安全、持续行为、反例与双方意愿优先。,高,待验证,,partner_state=PS01; provisional=true; rule_group=PARTNER-表达状态,0.3
M5-PARTNER-176,PS02 条件性成熟表达｜正式定义,L3 成熟、失衡与未定状态,PARTNER-表达状态,通用,定义,PS02,条件性成熟表达,PV3以上；触发条件、资源或状态较明确。,安全门控未通过。,由共享基础引擎与M5-BASE提供；只修正用户需要何种伴侣功能，不直接推断现实对象成熟度。,由M2提供；夫妻星与准入证据只说明谁容易进入关系，不能替代伴侣长期能力验证。,由M3-BASE提供；日支只帮助确定用户亲密关系中的功能需求，不直接描述具体伴侣人格。,无／按本规则指定的伴侣行为、场景或匹配模式路由。,近位、远位只修正用户对某项功能的优先级；不得据此断定现实伴侣一定具备。,根气只修正用户功能需求是否稳定重复，不等于具体对象已经稳定做到。,旺弱只修正需求强度、风险敏感度或匹配模式，不直接等于伴侣能力质量。,喜忌只修正用户对功能的承载与摩擦，不可直接翻译为理想伴侣五行、十神或人格。,真合化成立时按化神功能重算用户需求；合化争议时停止细化伴侣画像。,近位提高该功能进入亲密关系核心的可能；远位只保留背景或情境性观察。,94,不加分；状态定义,partner_expression_state,功能在特定情境有效，离开条件后仍需验证。,这项能力在特定条件下比较可靠，仍需观察条件变化后的表现。,不得仅凭本规则推出某个具体人必然适合、忠诚、成熟或长期稳定；不得推断职业、收入、外貌、家庭、生肖、五行；不得以命理要求容忍伤害、原谅、复合或继续关系。现实安全、持续行为、反例与双方意愿优先。,高,待验证,,partner_state=PS02; provisional=true; rule_group=PARTNER-表达状态,0.3
M5-PARTNER-177,PS02 条件性成熟表达｜成立条件,L3 成熟、失衡与未定状态,PARTNER-表达状态,通用,门控,PS02,条件性成熟表达,PV3以上；触发条件、资源或状态较明确。,只有命盘标签或同源重复。,由共享基础引擎与M5-BASE提供；只修正用户需要何种伴侣功能，不直接推断现实对象成熟度。,由M2提供；夫妻星与准入证据只说明谁容易进入关系，不能替代伴侣长期能力验证。,由M3-BASE提供；日支只帮助确定用户亲密关系中的功能需求，不直接描述具体伴侣人格。,无／按本规则指定的伴侣行为、场景或匹配模式路由。,近位、远位只修正用户对某项功能的优先级；不得据此断定现实伴侣一定具备。,根气只修正用户功能需求是否稳定重复，不等于具体对象已经稳定做到。,旺弱只修正需求强度、风险敏感度或匹配模式，不直接等于伴侣能力质量。,喜忌只修正用户对功能的承载与摩擦，不可直接翻译为理想伴侣五行、十神或人格。,真合化成立时按化神功能重算用户需求；合化争议时停止细化伴侣画像。,近位提高该功能进入亲密关系核心的可能；远位只保留背景或情境性观察。,90,状态路由,partner_expression_state,条件性成熟表达必须满足：PV3以上；触发条件、资源或状态较明确。,判断到条件性成熟表达，需要看到：PV3以上；触发条件、资源或状态较明确。,不得仅凭本规则推出某个具体人必然适合、忠诚、成熟或长期稳定；不得推断职业、收入、外貌、家庭、生肖、五行；不得以命理要求容忍伤害、原谅、复合或继续关系。现实安全、持续行为、反例与双方意愿优先。,中高,待验证,,partner_state=PS02; provisional=true; rule_group=PARTNER-表达状态,0.3
M5-PARTNER-178,PS02 条件性成熟表达｜报告处理,L3 成熟、失衡与未定状态,PARTNER-表达状态,通用,路由,PS02,条件性成熟表达,PV3以上；触发条件、资源或状态较明确。,资料与状态不一致。,由共享基础引擎与M5-BASE提供；只修正用户需要何种伴侣功能，不直接推断现实对象成熟度。,由M2提供；夫妻星与准入证据只说明谁容易进入关系，不能替代伴侣长期能力验证。,由M3-BASE提供；日支只帮助确定用户亲密关系中的功能需求，不直接描述具体伴侣人格。,无／按本规则指定的伴侣行为、场景或匹配模式路由。,近位、远位只修正用户对某项功能的优先级；不得据此断定现实伴侣一定具备。,根气只修正用户功能需求是否稳定重复，不等于具体对象已经稳定做到。,旺弱只修正需求强度、风险敏感度或匹配模式，不直接等于伴侣能力质量。,喜忌只修正用户对功能的承载与摩擦，不可直接翻译为理想伴侣五行、十神或人格。,真合化成立时按化神功能重算用户需求；合化争议时停止细化伴侣画像。,近位提高该功能进入亲密关系核心的可能；远位只保留背景或情境性观察。,86,路由／降级,report_status,保留为条件性适配，必须说明何时有效。,这项能力在特定条件下比较可靠，仍需观察条件变化后的表现。,不得仅凭本规则推出某个具体人必然适合、忠诚、成熟或长期稳定；不得推断职业、收入、外貌、家庭、生肖、五行；不得以命理要求容忍伤害、原谅、复合或继续关系。现实安全、持续行为、反例与双方意愿优先。,中高,待验证,,partner_state=PS02; provisional=true; rule_group=PARTNER-表达状态,0.3
M5-PARTNER-179,PS02 条件性成熟表达｜升级与降级,L3 成熟、失衡与未定状态,PARTNER-表达状态,通用,证据,PS02,条件性成熟表达,至少两类独立现实来源。,只因功能强、身份好或一次表现。,由共享基础引擎与M5-BASE提供；只修正用户需要何种伴侣功能，不直接推断现实对象成熟度。,由M2提供；夫妻星与准入证据只说明谁容易进入关系，不能替代伴侣长期能力验证。,由M3-BASE提供；日支只帮助确定用户亲密关系中的功能需求，不直接描述具体伴侣人格。,无／按本规则指定的伴侣行为、场景或匹配模式路由。,近位、远位只修正用户对某项功能的优先级；不得据此断定现实伴侣一定具备。,根气只修正用户功能需求是否稳定重复，不等于具体对象已经稳定做到。,旺弱只修正需求强度、风险敏感度或匹配模式，不直接等于伴侣能力质量。,喜忌只修正用户对功能的承载与摩擦，不可直接翻译为理想伴侣五行、十神或人格。,真合化成立时按化神功能重算用户需求；合化争议时停止细化伴侣画像。,近位提高该功能进入亲密关系核心的可能；远位只保留背景或情境性观察。,82,±8至±20,partner_evidence_level,PS状态随PV和反例变化，不由命理分值直接锁定。,随着现实证据增加，这个判断可以升级或降级。,不得仅凭本规则推出某个具体人必然适合、忠诚、成熟或长期稳定；不得推断职业、收入、外貌、家庭、生肖、五行；不得以命理要求容忍伤害、原谅、复合或继续关系。现实安全、持续行为、反例与双方意愿优先。,中,待验证,,partner_state=PS02; provisional=true; rule_group=PARTNER-表达状态,0.3
M5-PARTNER-180,PS02 条件性成熟表达｜禁止误读,L3 成熟、失衡与未定状态,PARTNER-表达状态,通用,边界,PS02,条件性成熟表达,正在输出PS状态。,无,由共享基础引擎与M5-BASE提供；只修正用户需要何种伴侣功能，不直接推断现实对象成熟度。,由M2提供；夫妻星与准入证据只说明谁容易进入关系，不能替代伴侣长期能力验证。,由M3-BASE提供；日支只帮助确定用户亲密关系中的功能需求，不直接描述具体伴侣人格。,无／按本规则指定的伴侣行为、场景或匹配模式路由。,近位、远位只修正用户对某项功能的优先级；不得据此断定现实伴侣一定具备。,根气只修正用户功能需求是否稳定重复，不等于具体对象已经稳定做到。,旺弱只修正需求强度、风险敏感度或匹配模式，不直接等于伴侣能力质量。,喜忌只修正用户对功能的承载与摩擦，不可直接翻译为理想伴侣五行、十神或人格。,真合化成立时按化神功能重算用户需求；合化争议时停止细化伴侣画像。,近位提高该功能进入亲密关系核心的可能；远位只保留背景或情境性观察。,96,不加分；边界,boundary_note,不得把PS04写成坏人、PS05写成能力差、PS01写成必然适配。,这只是关系功能的当前证据状态，不是人格定罪。,不得仅凭本规则推出某个具体人必然适合、忠诚、成熟或长期稳定；不得推断职业、收入、外貌、家庭、生肖、五行；不得以命理要求容忍伤害、原谅、复合或继续关系。现实安全、持续行为、反例与双方意愿优先。,高,待验证,,partner_state=PS02; provisional=true; rule_group=PARTNER-表达状态,0.3
M5-PARTNER-181,PS03 外显但连续性未证｜正式定义,L3 成熟、失衡与未定状态,PARTNER-表达状态,通用,定义,PS03,外显但连续性未证,PV1—PV2；强第一印象或单次行为。,安全门控未通过。,由共享基础引擎与M5-BASE提供；只修正用户需要何种伴侣功能，不直接推断现实对象成熟度。,由M2提供；夫妻星与准入证据只说明谁容易进入关系，不能替代伴侣长期能力验证。,由M3-BASE提供；日支只帮助确定用户亲密关系中的功能需求，不直接描述具体伴侣人格。,无／按本规则指定的伴侣行为、场景或匹配模式路由。,近位、远位只修正用户对某项功能的优先级；不得据此断定现实伴侣一定具备。,根气只修正用户功能需求是否稳定重复，不等于具体对象已经稳定做到。,旺弱只修正需求强度、风险敏感度或匹配模式，不直接等于伴侣能力质量。,喜忌只修正用户对功能的承载与摩擦，不可直接翻译为理想伴侣五行、十神或人格。,真合化成立时按化神功能重算用户需求；合化争议时停止细化伴侣画像。,近位提高该功能进入亲密关系核心的可能；远位只保留背景或情境性观察。,94,不加分；状态定义,partner_expression_state,功能很容易被看见，但尚未形成重复、跨场景证据。,这项表现很明显，但目前只能说明被看见，还不能说明会持续。,不得仅凭本规则推出某个具体人必然适合、忠诚、成熟或长期稳定；不得推断职业、收入、外貌、家庭、生肖、五行；不得以命理要求容忍伤害、原谅、复合或继续关系。现实安全、持续行为、反例与双方意愿优先。,高,待验证,,partner_state=PS03; provisional=true; rule_group=PARTNER-表达状态,0.3
M5-PARTNER-182,PS03 外显但连续性未证｜成立条件,L3 成熟、失衡与未定状态,PARTNER-表达状态,通用,门控,PS03,外显但连续性未证,PV1—PV2；强第一印象或单次行为。,只有命盘标签或同源重复。,由共享基础引擎与M5-BASE提供；只修正用户需要何种伴侣功能，不直接推断现实对象成熟度。,由M2提供；夫妻星与准入证据只说明谁容易进入关系，不能替代伴侣长期能力验证。,由M3-BASE提供；日支只帮助确定用户亲密关系中的功能需求，不直接描述具体伴侣人格。,无／按本规则指定的伴侣行为、场景或匹配模式路由。,近位、远位只修正用户对某项功能的优先级；不得据此断定现实伴侣一定具备。,根气只修正用户功能需求是否稳定重复，不等于具体对象已经稳定做到。,旺弱只修正需求强度、风险敏感度或匹配模式，不直接等于伴侣能力质量。,喜忌只修正用户对功能的承载与摩擦，不可直接翻译为理想伴侣五行、十神或人格。,真合化成立时按化神功能重算用户需求；合化争议时停止细化伴侣画像。,近位提高该功能进入亲密关系核心的可能；远位只保留背景或情境性观察。,90,状态路由,partner_expression_state,外显但连续性未证必须满足：PV1—PV2；强第一印象或单次行为。,判断到外显但连续性未证，需要看到：PV1—PV2；强第一印象或单次行为。,不得仅凭本规则推出某个具体人必然适合、忠诚、成熟或长期稳定；不得推断职业、收入、外貌、家庭、生肖、五行；不得以命理要求容忍伤害、原谅、复合或继续关系。现实安全、持续行为、反例与双方意愿优先。,中高,待验证,,partner_state=PS03; provisional=true; rule_group=PARTNER-表达状态,0.3
M5-PARTNER-183,PS03 外显但连续性未证｜报告处理,L3 成熟、失衡与未定状态,PARTNER-表达状态,通用,路由,PS03,外显但连续性未证,PV1—PV2；强第一印象或单次行为。,资料与状态不一致。,由共享基础引擎与M5-BASE提供；只修正用户需要何种伴侣功能，不直接推断现实对象成熟度。,由M2提供；夫妻星与准入证据只说明谁容易进入关系，不能替代伴侣长期能力验证。,由M3-BASE提供；日支只帮助确定用户亲密关系中的功能需求，不直接描述具体伴侣人格。,无／按本规则指定的伴侣行为、场景或匹配模式路由。,近位、远位只修正用户对某项功能的优先级；不得据此断定现实伴侣一定具备。,根气只修正用户功能需求是否稳定重复，不等于具体对象已经稳定做到。,旺弱只修正需求强度、风险敏感度或匹配模式，不直接等于伴侣能力质量。,喜忌只修正用户对功能的承载与摩擦，不可直接翻译为理想伴侣五行、十神或人格。,真合化成立时按化神功能重算用户需求；合化争议时停止细化伴侣画像。,近位提高该功能进入亲密关系核心的可能；远位只保留背景或情境性观察。,86,路由／降级,report_status,不能进入稳定伴侣画像。,这项表现很明显，但目前只能说明被看见，还不能说明会持续。,不得仅凭本规则推出某个具体人必然适合、忠诚、成熟或长期稳定；不得推断职业、收入、外貌、家庭、生肖、五行；不得以命理要求容忍伤害、原谅、复合或继续关系。现实安全、持续行为、反例与双方意愿优先。,中高,待验证,,partner_state=PS03; provisional=true; rule_group=PARTNER-表达状态,0.3
M5-PARTNER-184,PS03 外显但连续性未证｜升级与降级,L3 成熟、失衡与未定状态,PARTNER-表达状态,通用,证据,PS03,外显但连续性未证,至少两类独立现实来源。,只因功能强、身份好或一次表现。,由共享基础引擎与M5-BASE提供；只修正用户需要何种伴侣功能，不直接推断现实对象成熟度。,由M2提供；夫妻星与准入证据只说明谁容易进入关系，不能替代伴侣长期能力验证。,由M3-BASE提供；日支只帮助确定用户亲密关系中的功能需求，不直接描述具体伴侣人格。,无／按本规则指定的伴侣行为、场景或匹配模式路由。,近位、远位只修正用户对某项功能的优先级；不得据此断定现实伴侣一定具备。,根气只修正用户功能需求是否稳定重复，不等于具体对象已经稳定做到。,旺弱只修正需求强度、风险敏感度或匹配模式，不直接等于伴侣能力质量。,喜忌只修正用户对功能的承载与摩擦，不可直接翻译为理想伴侣五行、十神或人格。,真合化成立时按化神功能重算用户需求；合化争议时停止细化伴侣画像。,近位提高该功能进入亲密关系核心的可能；远位只保留背景或情境性观察。,82,±8至±20,partner_evidence_level,PS状态随PV和反例变化，不由命理分值直接锁定。,随着现实证据增加，这个判断可以升级或降级。,不得仅凭本规则推出某个具体人必然适合、忠诚、成熟或长期稳定；不得推断职业、收入、外貌、家庭、生肖、五行；不得以命理要求容忍伤害、原谅、复合或继续关系。现实安全、持续行为、反例与双方意愿优先。,中,待验证,,partner_state=PS03; provisional=true; rule_group=PARTNER-表达状态,0.3
M5-PARTNER-185,PS03 外显但连续性未证｜禁止误读,L3 成熟、失衡与未定状态,PARTNER-表达状态,通用,边界,PS03,外显但连续性未证,正在输出PS状态。,无,由共享基础引擎与M5-BASE提供；只修正用户需要何种伴侣功能，不直接推断现实对象成熟度。,由M2提供；夫妻星与准入证据只说明谁容易进入关系，不能替代伴侣长期能力验证。,由M3-BASE提供；日支只帮助确定用户亲密关系中的功能需求，不直接描述具体伴侣人格。,无／按本规则指定的伴侣行为、场景或匹配模式路由。,近位、远位只修正用户对某项功能的优先级；不得据此断定现实伴侣一定具备。,根气只修正用户功能需求是否稳定重复，不等于具体对象已经稳定做到。,旺弱只修正需求强度、风险敏感度或匹配模式，不直接等于伴侣能力质量。,喜忌只修正用户对功能的承载与摩擦，不可直接翻译为理想伴侣五行、十神或人格。,真合化成立时按化神功能重算用户需求；合化争议时停止细化伴侣画像。,近位提高该功能进入亲密关系核心的可能；远位只保留背景或情境性观察。,96,不加分；边界,boundary_note,不得把PS04写成坏人、PS05写成能力差、PS01写成必然适配。,这只是关系功能的当前证据状态，不是人格定罪。,不得仅凭本规则推出某个具体人必然适合、忠诚、成熟或长期稳定；不得推断职业、收入、外貌、家庭、生肖、五行；不得以命理要求容忍伤害、原谅、复合或继续关系。现实安全、持续行为、反例与双方意愿优先。,高,待验证,,partner_state=PS03; provisional=true; rule_group=PARTNER-表达状态,0.3
M5-PARTNER-186,PS04 强度过高或越权表达｜正式定义,L3 成熟、失衡与未定状态,PARTNER-表达状态,通用,定义,PS04,强度过高或越权表达,M4 K01/K03/K04/K05至少一项成立，并有现实行为。,安全门控未通过。,由共享基础引擎与M5-BASE提供；只修正用户需要何种伴侣功能，不直接推断现实对象成熟度。,由M2提供；夫妻星与准入证据只说明谁容易进入关系，不能替代伴侣长期能力验证。,由M3-BASE提供；日支只帮助确定用户亲密关系中的功能需求，不直接描述具体伴侣人格。,无／按本规则指定的伴侣行为、场景或匹配模式路由。,近位、远位只修正用户对某项功能的优先级；不得据此断定现实伴侣一定具备。,根气只修正用户功能需求是否稳定重复，不等于具体对象已经稳定做到。,旺弱只修正需求强度、风险敏感度或匹配模式，不直接等于伴侣能力质量。,喜忌只修正用户对功能的承载与摩擦，不可直接翻译为理想伴侣五行、十神或人格。,真合化成立时按化神功能重算用户需求；合化争议时停止细化伴侣画像。,近位提高该功能进入亲密关系核心的可能；远位只保留背景或情境性观察。,94,不加分；状态定义,partner_expression_state,功能存在，但抢占其他任务或越过边界。,能力本身存在，但需要看它是否给协商、反馈和共同决定留出空间。,不得仅凭本规则推出某个具体人必然适合、忠诚、成熟或长期稳定；不得推断职业、收入、外貌、家庭、生肖、五行；不得以命理要求容忍伤害、原谅、复合或继续关系。现实安全、持续行为、反例与双方意愿优先。,高,待验证,,partner_state=PS04; provisional=true; rule_group=PARTNER-表达状态,0.3
M5-PARTNER-187,PS04 强度过高或越权表达｜成立条件,L3 成熟、失衡与未定状态,PARTNER-表达状态,通用,门控,PS04,强度过高或越权表达,M4 K01/K03/K04/K05至少一项成立，并有现实行为。,只有命盘标签或同源重复。,由共享基础引擎与M5-BASE提供；只修正用户需要何种伴侣功能，不直接推断现实对象成熟度。,由M2提供；夫妻星与准入证据只说明谁容易进入关系，不能替代伴侣长期能力验证。,由M3-BASE提供；日支只帮助确定用户亲密关系中的功能需求，不直接描述具体伴侣人格。,无／按本规则指定的伴侣行为、场景或匹配模式路由。,近位、远位只修正用户对某项功能的优先级；不得据此断定现实伴侣一定具备。,根气只修正用户功能需求是否稳定重复，不等于具体对象已经稳定做到。,旺弱只修正需求强度、风险敏感度或匹配模式，不直接等于伴侣能力质量。,喜忌只修正用户对功能的承载与摩擦，不可直接翻译为理想伴侣五行、十神或人格。,真合化成立时按化神功能重算用户需求；合化争议时停止细化伴侣画像。,近位提高该功能进入亲密关系核心的可能；远位只保留背景或情境性观察。,90,状态路由,partner_expression_state,强度过高或越权表达必须满足：M4 K01/K03/K04/K05至少一项成立，并有现实行为。,判断到强度过高或越权表达，需要看到：M4 K01/K03/K04/K05至少一项成立，并有现实行为。,不得仅凭本规则推出某个具体人必然适合、忠诚、成熟或长期稳定；不得推断职业、收入、外貌、家庭、生肖、五行；不得以命理要求容忍伤害、原谅、复合或继续关系。现实安全、持续行为、反例与双方意愿优先。,中高,待验证,,partner_state=PS04; provisional=true; rule_group=PARTNER-表达状态,0.3
M5-PARTNER-188,PS04 强度过高或越权表达｜报告处理,L3 成熟、失衡与未定状态,PARTNER-表达状态,通用,路由,PS04,强度过高或越权表达,M4 K01/K03/K04/K05至少一项成立，并有现实行为。,资料与状态不一致。,由共享基础引擎与M5-BASE提供；只修正用户需要何种伴侣功能，不直接推断现实对象成熟度。,由M2提供；夫妻星与准入证据只说明谁容易进入关系，不能替代伴侣长期能力验证。,由M3-BASE提供；日支只帮助确定用户亲密关系中的功能需求，不直接描述具体伴侣人格。,无／按本规则指定的伴侣行为、场景或匹配模式路由。,近位、远位只修正用户对某项功能的优先级；不得据此断定现实伴侣一定具备。,根气只修正用户功能需求是否稳定重复，不等于具体对象已经稳定做到。,旺弱只修正需求强度、风险敏感度或匹配模式，不直接等于伴侣能力质量。,喜忌只修正用户对功能的承载与摩擦，不可直接翻译为理想伴侣五行、十神或人格。,真合化成立时按化神功能重算用户需求；合化争议时停止细化伴侣画像。,近位提高该功能进入亲密关系核心的可能；远位只保留背景或情境性观察。,86,路由／降级,report_status,成熟功能分与风险分并存，不能用优点删除越权。,能力本身存在，但需要看它是否给协商、反馈和共同决定留出空间。,不得仅凭本规则推出某个具体人必然适合、忠诚、成熟或长期稳定；不得推断职业、收入、外貌、家庭、生肖、五行；不得以命理要求容忍伤害、原谅、复合或继续关系。现实安全、持续行为、反例与双方意愿优先。,中高,待验证,,partner_state=PS04; provisional=true; rule_group=PARTNER-表达状态,0.3
M5-PARTNER-189,PS04 强度过高或越权表达｜升级与降级,L3 成熟、失衡与未定状态,PARTNER-表达状态,通用,证据,PS04,强度过高或越权表达,至少两类独立现实来源。,只因功能强、身份好或一次表现。,由共享基础引擎与M5-BASE提供；只修正用户需要何种伴侣功能，不直接推断现实对象成熟度。,由M2提供；夫妻星与准入证据只说明谁容易进入关系，不能替代伴侣长期能力验证。,由M3-BASE提供；日支只帮助确定用户亲密关系中的功能需求，不直接描述具体伴侣人格。,无／按本规则指定的伴侣行为、场景或匹配模式路由。,近位、远位只修正用户对某项功能的优先级；不得据此断定现实伴侣一定具备。,根气只修正用户功能需求是否稳定重复，不等于具体对象已经稳定做到。,旺弱只修正需求强度、风险敏感度或匹配模式，不直接等于伴侣能力质量。,喜忌只修正用户对功能的承载与摩擦，不可直接翻译为理想伴侣五行、十神或人格。,真合化成立时按化神功能重算用户需求；合化争议时停止细化伴侣画像。,近位提高该功能进入亲密关系核心的可能；远位只保留背景或情境性观察。,82,±8至±20,partner_evidence_level,PS状态随PV和反例变化，不由命理分值直接锁定。,随着现实证据增加，这个判断可以升级或降级。,不得仅凭本规则推出某个具体人必然适合、忠诚、成熟或长期稳定；不得推断职业、收入、外貌、家庭、生肖、五行；不得以命理要求容忍伤害、原谅、复合或继续关系。现实安全、持续行为、反例与双方意愿优先。,中,待验证,,partner_state=PS04; provisional=true; rule_group=PARTNER-表达状态,0.3
M5-PARTNER-190,PS04 强度过高或越权表达｜禁止误读,L3 成熟、失衡与未定状态,PARTNER-表达状态,通用,边界,PS04,强度过高或越权表达,正在输出PS状态。,无,由共享基础引擎与M5-BASE提供；只修正用户需要何种伴侣功能，不直接推断现实对象成熟度。,由M2提供；夫妻星与准入证据只说明谁容易进入关系，不能替代伴侣长期能力验证。,由M3-BASE提供；日支只帮助确定用户亲密关系中的功能需求，不直接描述具体伴侣人格。,无／按本规则指定的伴侣行为、场景或匹配模式路由。,近位、远位只修正用户对某项功能的优先级；不得据此断定现实伴侣一定具备。,根气只修正用户功能需求是否稳定重复，不等于具体对象已经稳定做到。,旺弱只修正需求强度、风险敏感度或匹配模式，不直接等于伴侣能力质量。,喜忌只修正用户对功能的承载与摩擦，不可直接翻译为理想伴侣五行、十神或人格。,真合化成立时按化神功能重算用户需求；合化争议时停止细化伴侣画像。,近位提高该功能进入亲密关系核心的可能；远位只保留背景或情境性观察。,96,不加分；边界,boundary_note,不得把PS04写成坏人、PS05写成能力差、PS01写成必然适配。,这只是关系功能的当前证据状态，不是人格定罪。,不得仅凭本规则推出某个具体人必然适合、忠诚、成熟或长期稳定；不得推断职业、收入、外貌、家庭、生肖、五行；不得以命理要求容忍伤害、原谅、复合或继续关系。现实安全、持续行为、反例与双方意愿优先。,高,待验证,,partner_state=PS04; provisional=true; rule_group=PARTNER-表达状态,0.3
M5-PARTNER-191,PS05 偏弱但可协作表达｜正式定义,L3 成熟、失衡与未定状态,PARTNER-表达状态,通用,定义,PS05,偏弱但可协作表达,PV3以上；现实结构有效；愿意学习。,安全门控未通过。,由共享基础引擎与M5-BASE提供；只修正用户需要何种伴侣功能，不直接推断现实对象成熟度。,由M2提供；夫妻星与准入证据只说明谁容易进入关系，不能替代伴侣长期能力验证。,由M3-BASE提供；日支只帮助确定用户亲密关系中的功能需求，不直接描述具体伴侣人格。,无／按本规则指定的伴侣行为、场景或匹配模式路由。,近位、远位只修正用户对某项功能的优先级；不得据此断定现实伴侣一定具备。,根气只修正用户功能需求是否稳定重复，不等于具体对象已经稳定做到。,旺弱只修正需求强度、风险敏感度或匹配模式，不直接等于伴侣能力质量。,喜忌只修正用户对功能的承载与摩擦，不可直接翻译为理想伴侣五行、十神或人格。,真合化成立时按化神功能重算用户需求；合化争议时停止细化伴侣画像。,近位提高该功能进入亲密关系核心的可能；远位只保留背景或情境性观察。,94,不加分；状态定义,partner_expression_state,对象不是天然强项，但能通过工具、分工和学习稳定完成。,这未必是对方最自然的能力，但他／她愿意学习并用结构把它做出来。,不得仅凭本规则推出某个具体人必然适合、忠诚、成熟或长期稳定；不得推断职业、收入、外貌、家庭、生肖、五行；不得以命理要求容忍伤害、原谅、复合或继续关系。现实安全、持续行为、反例与双方意愿优先。,高,待验证,,partner_state=PS05; provisional=true; rule_group=PARTNER-表达状态,0.3
M5-PARTNER-192,PS05 偏弱但可协作表达｜成立条件,L3 成熟、失衡与未定状态,PARTNER-表达状态,通用,门控,PS05,偏弱但可协作表达,PV3以上；现实结构有效；愿意学习。,只有命盘标签或同源重复。,由共享基础引擎与M5-BASE提供；只修正用户需要何种伴侣功能，不直接推断现实对象成熟度。,由M2提供；夫妻星与准入证据只说明谁容易进入关系，不能替代伴侣长期能力验证。,由M3-BASE提供；日支只帮助确定用户亲密关系中的功能需求，不直接描述具体伴侣人格。,无／按本规则指定的伴侣行为、场景或匹配模式路由。,近位、远位只修正用户对某项功能的优先级；不得据此断定现实伴侣一定具备。,根气只修正用户功能需求是否稳定重复，不等于具体对象已经稳定做到。,旺弱只修正需求强度、风险敏感度或匹配模式，不直接等于伴侣能力质量。,喜忌只修正用户对功能的承载与摩擦，不可直接翻译为理想伴侣五行、十神或人格。,真合化成立时按化神功能重算用户需求；合化争议时停止细化伴侣画像。,近位提高该功能进入亲密关系核心的可能；远位只保留背景或情境性观察。,90,状态路由,partner_expression_state,偏弱但可协作表达必须满足：PV3以上；现实结构有效；愿意学习。,判断到偏弱但可协作表达，需要看到：PV3以上；现实结构有效；愿意学习。,不得仅凭本规则推出某个具体人必然适合、忠诚、成熟或长期稳定；不得推断职业、收入、外貌、家庭、生肖、五行；不得以命理要求容忍伤害、原谅、复合或继续关系。现实安全、持续行为、反例与双方意愿优先。,中高,待验证,,partner_state=PS05; provisional=true; rule_group=PARTNER-表达状态,0.3
M5-PARTNER-193,PS05 偏弱但可协作表达｜报告处理,L3 成熟、失衡与未定状态,PARTNER-表达状态,通用,路由,PS05,偏弱但可协作表达,PV3以上；现实结构有效；愿意学习。,资料与状态不一致。,由共享基础引擎与M5-BASE提供；只修正用户需要何种伴侣功能，不直接推断现实对象成熟度。,由M2提供；夫妻星与准入证据只说明谁容易进入关系，不能替代伴侣长期能力验证。,由M3-BASE提供；日支只帮助确定用户亲密关系中的功能需求，不直接描述具体伴侣人格。,无／按本规则指定的伴侣行为、场景或匹配模式路由。,近位、远位只修正用户对某项功能的优先级；不得据此断定现实伴侣一定具备。,根气只修正用户功能需求是否稳定重复，不等于具体对象已经稳定做到。,旺弱只修正需求强度、风险敏感度或匹配模式，不直接等于伴侣能力质量。,喜忌只修正用户对功能的承载与摩擦，不可直接翻译为理想伴侣五行、十神或人格。,真合化成立时按化神功能重算用户需求；合化争议时停止细化伴侣画像。,近位提高该功能进入亲密关系核心的可能；远位只保留背景或情境性观察。,86,路由／降级,report_status,可作为共同成长或角色分工候选。,这未必是对方最自然的能力，但他／她愿意学习并用结构把它做出来。,不得仅凭本规则推出某个具体人必然适合、忠诚、成熟或长期稳定；不得推断职业、收入、外貌、家庭、生肖、五行；不得以命理要求容忍伤害、原谅、复合或继续关系。现实安全、持续行为、反例与双方意愿优先。,中高,待验证,,partner_state=PS05; provisional=true; rule_group=PARTNER-表达状态,0.3
M5-PARTNER-194,PS05 偏弱但可协作表达｜升级与降级,L3 成熟、失衡与未定状态,PARTNER-表达状态,通用,证据,PS05,偏弱但可协作表达,至少两类独立现实来源。,只因功能强、身份好或一次表现。,由共享基础引擎与M5-BASE提供；只修正用户需要何种伴侣功能，不直接推断现实对象成熟度。,由M2提供；夫妻星与准入证据只说明谁容易进入关系，不能替代伴侣长期能力验证。,由M3-BASE提供；日支只帮助确定用户亲密关系中的功能需求，不直接描述具体伴侣人格。,无／按本规则指定的伴侣行为、场景或匹配模式路由。,近位、远位只修正用户对某项功能的优先级；不得据此断定现实伴侣一定具备。,根气只修正用户功能需求是否稳定重复，不等于具体对象已经稳定做到。,旺弱只修正需求强度、风险敏感度或匹配模式，不直接等于伴侣能力质量。,喜忌只修正用户对功能的承载与摩擦，不可直接翻译为理想伴侣五行、十神或人格。,真合化成立时按化神功能重算用户需求；合化争议时停止细化伴侣画像。,近位提高该功能进入亲密关系核心的可能；远位只保留背景或情境性观察。,82,±8至±20,partner_evidence_level,PS状态随PV和反例变化，不由命理分值直接锁定。,随着现实证据增加，这个判断可以升级或降级。,不得仅凭本规则推出某个具体人必然适合、忠诚、成熟或长期稳定；不得推断职业、收入、外貌、家庭、生肖、五行；不得以命理要求容忍伤害、原谅、复合或继续关系。现实安全、持续行为、反例与双方意愿优先。,中,待验证,,partner_state=PS05; provisional=true; rule_group=PARTNER-表达状态,0.3
M5-PARTNER-195,PS05 偏弱但可协作表达｜禁止误读,L3 成熟、失衡与未定状态,PARTNER-表达状态,通用,边界,PS05,偏弱但可协作表达,正在输出PS状态。,无,由共享基础引擎与M5-BASE提供；只修正用户需要何种伴侣功能，不直接推断现实对象成熟度。,由M2提供；夫妻星与准入证据只说明谁容易进入关系，不能替代伴侣长期能力验证。,由M3-BASE提供；日支只帮助确定用户亲密关系中的功能需求，不直接描述具体伴侣人格。,无／按本规则指定的伴侣行为、场景或匹配模式路由。,近位、远位只修正用户对某项功能的优先级；不得据此断定现实伴侣一定具备。,根气只修正用户功能需求是否稳定重复，不等于具体对象已经稳定做到。,旺弱只修正需求强度、风险敏感度或匹配模式，不直接等于伴侣能力质量。,喜忌只修正用户对功能的承载与摩擦，不可直接翻译为理想伴侣五行、十神或人格。,真合化成立时按化神功能重算用户需求；合化争议时停止细化伴侣画像。,近位提高该功能进入亲密关系核心的可能；远位只保留背景或情境性观察。,96,不加分；边界,boundary_note,不得把PS04写成坏人、PS05写成能力差、PS01写成必然适配。,这只是关系功能的当前证据状态，不是人格定罪。,不得仅凭本规则推出某个具体人必然适合、忠诚、成熟或长期稳定；不得推断职业、收入、外貌、家庭、生肖、五行；不得以命理要求容忍伤害、原谅、复合或继续关系。现实安全、持续行为、反例与双方意愿优先。,高,待验证,,partner_state=PS05; provisional=true; rule_group=PARTNER-表达状态,0.3
M5-PARTNER-196,PS06 角色／身份替代能力｜正式定义,L3 成熟、失衡与未定状态,PARTNER-表达状态,通用,定义,PS06,角色／身份替代能力,主要停留PV1；缺少对应现实场景。,安全门控未通过。,由共享基础引擎与M5-BASE提供；只修正用户需要何种伴侣功能，不直接推断现实对象成熟度。,由M2提供；夫妻星与准入证据只说明谁容易进入关系，不能替代伴侣长期能力验证。,由M3-BASE提供；日支只帮助确定用户亲密关系中的功能需求，不直接描述具体伴侣人格。,无／按本规则指定的伴侣行为、场景或匹配模式路由。,近位、远位只修正用户对某项功能的优先级；不得据此断定现实伴侣一定具备。,根气只修正用户功能需求是否稳定重复，不等于具体对象已经稳定做到。,旺弱只修正需求强度、风险敏感度或匹配模式，不直接等于伴侣能力质量。,喜忌只修正用户对功能的承载与摩擦，不可直接翻译为理想伴侣五行、十神或人格。,真合化成立时按化神功能重算用户需求；合化争议时停止细化伴侣画像。,近位提高该功能进入亲密关系核心的可能；远位只保留背景或情境性观察。,94,不加分；状态定义,partner_expression_state,职业、身份、形象、原则或自我描述被当成能力证据。,身份和标签可以参考，但真正要看具体关系里的持续行为。,不得仅凭本规则推出某个具体人必然适合、忠诚、成熟或长期稳定；不得推断职业、收入、外貌、家庭、生肖、五行；不得以命理要求容忍伤害、原谅、复合或继续关系。现实安全、持续行为、反例与双方意愿优先。,高,待验证,,partner_state=PS06; provisional=true; rule_group=PARTNER-表达状态,0.3
M5-PARTNER-197,PS06 角色／身份替代能力｜成立条件,L3 成熟、失衡与未定状态,PARTNER-表达状态,通用,门控,PS06,角色／身份替代能力,主要停留PV1；缺少对应现实场景。,只有命盘标签或同源重复。,由共享基础引擎与M5-BASE提供；只修正用户需要何种伴侣功能，不直接推断现实对象成熟度。,由M2提供；夫妻星与准入证据只说明谁容易进入关系，不能替代伴侣长期能力验证。,由M3-BASE提供；日支只帮助确定用户亲密关系中的功能需求，不直接描述具体伴侣人格。,无／按本规则指定的伴侣行为、场景或匹配模式路由。,近位、远位只修正用户对某项功能的优先级；不得据此断定现实伴侣一定具备。,根气只修正用户功能需求是否稳定重复，不等于具体对象已经稳定做到。,旺弱只修正需求强度、风险敏感度或匹配模式，不直接等于伴侣能力质量。,喜忌只修正用户对功能的承载与摩擦，不可直接翻译为理想伴侣五行、十神或人格。,真合化成立时按化神功能重算用户需求；合化争议时停止细化伴侣画像。,近位提高该功能进入亲密关系核心的可能；远位只保留背景或情境性观察。,90,状态路由,partner_expression_state,角色／身份替代能力必须满足：主要停留PV1；缺少对应现实场景。,判断到角色／身份替代能力，需要看到：主要停留PV1；缺少对应现实场景。,不得仅凭本规则推出某个具体人必然适合、忠诚、成熟或长期稳定；不得推断职业、收入、外貌、家庭、生肖、五行；不得以命理要求容忍伤害、原谅、复合或继续关系。现实安全、持续行为、反例与双方意愿优先。,中高,待验证,,partner_state=PS06; provisional=true; rule_group=PARTNER-表达状态,0.3
M5-PARTNER-198,PS06 角色／身份替代能力｜报告处理,L3 成熟、失衡与未定状态,PARTNER-表达状态,通用,路由,PS06,角色／身份替代能力,主要停留PV1；缺少对应现实场景。,资料与状态不一致。,由共享基础引擎与M5-BASE提供；只修正用户需要何种伴侣功能，不直接推断现实对象成熟度。,由M2提供；夫妻星与准入证据只说明谁容易进入关系，不能替代伴侣长期能力验证。,由M3-BASE提供；日支只帮助确定用户亲密关系中的功能需求，不直接描述具体伴侣人格。,无／按本规则指定的伴侣行为、场景或匹配模式路由。,近位、远位只修正用户对某项功能的优先级；不得据此断定现实伴侣一定具备。,根气只修正用户功能需求是否稳定重复，不等于具体对象已经稳定做到。,旺弱只修正需求强度、风险敏感度或匹配模式，不直接等于伴侣能力质量。,喜忌只修正用户对功能的承载与摩擦，不可直接翻译为理想伴侣五行、十神或人格。,真合化成立时按化神功能重算用户需求；合化争议时停止细化伴侣画像。,近位提高该功能进入亲密关系核心的可能；远位只保留背景或情境性观察。,86,路由／降级,report_status,路由PM02／PM06，降为待验证。,身份和标签可以参考，但真正要看具体关系里的持续行为。,不得仅凭本规则推出某个具体人必然适合、忠诚、成熟或长期稳定；不得推断职业、收入、外貌、家庭、生肖、五行；不得以命理要求容忍伤害、原谅、复合或继续关系。现实安全、持续行为、反例与双方意愿优先。,中高,待验证,,partner_state=PS06; provisional=true; rule_group=PARTNER-表达状态,0.3
M5-PARTNER-199,PS06 角色／身份替代能力｜升级与降级,L3 成熟、失衡与未定状态,PARTNER-表达状态,通用,证据,PS06,角色／身份替代能力,至少两类独立现实来源。,只因功能强、身份好或一次表现。,由共享基础引擎与M5-BASE提供；只修正用户需要何种伴侣功能，不直接推断现实对象成熟度。,由M2提供；夫妻星与准入证据只说明谁容易进入关系，不能替代伴侣长期能力验证。,由M3-BASE提供；日支只帮助确定用户亲密关系中的功能需求，不直接描述具体伴侣人格。,无／按本规则指定的伴侣行为、场景或匹配模式路由。,近位、远位只修正用户对某项功能的优先级；不得据此断定现实伴侣一定具备。,根气只修正用户功能需求是否稳定重复，不等于具体对象已经稳定做到。,旺弱只修正需求强度、风险敏感度或匹配模式，不直接等于伴侣能力质量。,喜忌只修正用户对功能的承载与摩擦，不可直接翻译为理想伴侣五行、十神或人格。,真合化成立时按化神功能重算用户需求；合化争议时停止细化伴侣画像。,近位提高该功能进入亲密关系核心的可能；远位只保留背景或情境性观察。,82,±8至±20,partner_evidence_level,PS状态随PV和反例变化，不由命理分值直接锁定。,随着现实证据增加，这个判断可以升级或降级。,不得仅凭本规则推出某个具体人必然适合、忠诚、成熟或长期稳定；不得推断职业、收入、外貌、家庭、生肖、五行；不得以命理要求容忍伤害、原谅、复合或继续关系。现实安全、持续行为、反例与双方意愿优先。,中,待验证,,partner_state=PS06; provisional=true; rule_group=PARTNER-表达状态,0.3
M5-PARTNER-200,PS06 角色／身份替代能力｜禁止误读,L3 成熟、失衡与未定状态,PARTNER-表达状态,通用,边界,PS06,角色／身份替代能力,正在输出PS状态。,无,由共享基础引擎与M5-BASE提供；只修正用户需要何种伴侣功能，不直接推断现实对象成熟度。,由M2提供；夫妻星与准入证据只说明谁容易进入关系，不能替代伴侣长期能力验证。,由M3-BASE提供；日支只帮助确定用户亲密关系中的功能需求，不直接描述具体伴侣人格。,无／按本规则指定的伴侣行为、场景或匹配模式路由。,近位、远位只修正用户对某项功能的优先级；不得据此断定现实伴侣一定具备。,根气只修正用户功能需求是否稳定重复，不等于具体对象已经稳定做到。,旺弱只修正需求强度、风险敏感度或匹配模式，不直接等于伴侣能力质量。,喜忌只修正用户对功能的承载与摩擦，不可直接翻译为理想伴侣五行、十神或人格。,真合化成立时按化神功能重算用户需求；合化争议时停止细化伴侣画像。,近位提高该功能进入亲密关系核心的可能；远位只保留背景或情境性观察。,96,不加分；边界,boundary_note,不得把PS04写成坏人、PS05写成能力差、PS01写成必然适配。,这只是关系功能的当前证据状态，不是人格定罪。,不得仅凭本规则推出某个具体人必然适合、忠诚、成熟或长期稳定；不得推断职业、收入、外貌、家庭、生肖、五行；不得以命理要求容忍伤害、原谅、复合或继续关系。现实安全、持续行为、反例与双方意愿优先。,高,待验证,,partner_state=PS06; provisional=true; rule_group=PARTNER-表达状态,0.3
M5-PARTNER-201,PS07 高光／短期表现伪装｜正式定义,L3 成熟、失衡与未定状态,PARTNER-表达状态,通用,定义,PS07,高光／短期表现伪装,PV2为主；后续缺少重复或反例明显。,安全门控未通过。,由共享基础引擎与M5-BASE提供；只修正用户需要何种伴侣功能，不直接推断现实对象成熟度。,由M2提供；夫妻星与准入证据只说明谁容易进入关系，不能替代伴侣长期能力验证。,由M3-BASE提供；日支只帮助确定用户亲密关系中的功能需求，不直接描述具体伴侣人格。,无／按本规则指定的伴侣行为、场景或匹配模式路由。,近位、远位只修正用户对某项功能的优先级；不得据此断定现实伴侣一定具备。,根气只修正用户功能需求是否稳定重复，不等于具体对象已经稳定做到。,旺弱只修正需求强度、风险敏感度或匹配模式，不直接等于伴侣能力质量。,喜忌只修正用户对功能的承载与摩擦，不可直接翻译为理想伴侣五行、十神或人格。,真合化成立时按化神功能重算用户需求；合化争议时停止细化伴侣画像。,近位提高该功能进入亲密关系核心的可能；远位只保留背景或情境性观察。,94,不加分；状态定义,partner_expression_state,一次强烈行动、安抚、礼物、承诺或和好被扩大为稳定能力。,一次做得很好值得肯定，但不能替代长期重复和压力验证。,不得仅凭本规则推出某个具体人必然适合、忠诚、成熟或长期稳定；不得推断职业、收入、外貌、家庭、生肖、五行；不得以命理要求容忍伤害、原谅、复合或继续关系。现实安全、持续行为、反例与双方意愿优先。,高,待验证,,partner_state=PS07; provisional=true; rule_group=PARTNER-表达状态,0.3
M5-PARTNER-202,PS07 高光／短期表现伪装｜成立条件,L3 成熟、失衡与未定状态,PARTNER-表达状态,通用,门控,PS07,高光／短期表现伪装,PV2为主；后续缺少重复或反例明显。,只有命盘标签或同源重复。,由共享基础引擎与M5-BASE提供；只修正用户需要何种伴侣功能，不直接推断现实对象成熟度。,由M2提供；夫妻星与准入证据只说明谁容易进入关系，不能替代伴侣长期能力验证。,由M3-BASE提供；日支只帮助确定用户亲密关系中的功能需求，不直接描述具体伴侣人格。,无／按本规则指定的伴侣行为、场景或匹配模式路由。,近位、远位只修正用户对某项功能的优先级；不得据此断定现实伴侣一定具备。,根气只修正用户功能需求是否稳定重复，不等于具体对象已经稳定做到。,旺弱只修正需求强度、风险敏感度或匹配模式，不直接等于伴侣能力质量。,喜忌只修正用户对功能的承载与摩擦，不可直接翻译为理想伴侣五行、十神或人格。,真合化成立时按化神功能重算用户需求；合化争议时停止细化伴侣画像。,近位提高该功能进入亲密关系核心的可能；远位只保留背景或情境性观察。,90,状态路由,partner_expression_state,高光／短期表现伪装必须满足：PV2为主；后续缺少重复或反例明显。,判断到高光／短期表现伪装，需要看到：PV2为主；后续缺少重复或反例明显。,不得仅凭本规则推出某个具体人必然适合、忠诚、成熟或长期稳定；不得推断职业、收入、外貌、家庭、生肖、五行；不得以命理要求容忍伤害、原谅、复合或继续关系。现实安全、持续行为、反例与双方意愿优先。,中高,待验证,,partner_state=PS07; provisional=true; rule_group=PARTNER-表达状态,0.3
M5-PARTNER-203,PS07 高光／短期表现伪装｜报告处理,L3 成熟、失衡与未定状态,PARTNER-表达状态,通用,路由,PS07,高光／短期表现伪装,PV2为主；后续缺少重复或反例明显。,资料与状态不一致。,由共享基础引擎与M5-BASE提供；只修正用户需要何种伴侣功能，不直接推断现实对象成熟度。,由M2提供；夫妻星与准入证据只说明谁容易进入关系，不能替代伴侣长期能力验证。,由M3-BASE提供；日支只帮助确定用户亲密关系中的功能需求，不直接描述具体伴侣人格。,无／按本规则指定的伴侣行为、场景或匹配模式路由。,近位、远位只修正用户对某项功能的优先级；不得据此断定现实伴侣一定具备。,根气只修正用户功能需求是否稳定重复，不等于具体对象已经稳定做到。,旺弱只修正需求强度、风险敏感度或匹配模式，不直接等于伴侣能力质量。,喜忌只修正用户对功能的承载与摩擦，不可直接翻译为理想伴侣五行、十神或人格。,真合化成立时按化神功能重算用户需求；合化争议时停止细化伴侣画像。,近位提高该功能进入亲密关系核心的可能；远位只保留背景或情境性观察。,86,路由／降级,report_status,路由PM07，停止稳定画像。,一次做得很好值得肯定，但不能替代长期重复和压力验证。,不得仅凭本规则推出某个具体人必然适合、忠诚、成熟或长期稳定；不得推断职业、收入、外貌、家庭、生肖、五行；不得以命理要求容忍伤害、原谅、复合或继续关系。现实安全、持续行为、反例与双方意愿优先。,中高,待验证,,partner_state=PS07; provisional=true; rule_group=PARTNER-表达状态,0.3
M5-PARTNER-204,PS07 高光／短期表现伪装｜升级与降级,L3 成熟、失衡与未定状态,PARTNER-表达状态,通用,证据,PS07,高光／短期表现伪装,至少两类独立现实来源。,只因功能强、身份好或一次表现。,由共享基础引擎与M5-BASE提供；只修正用户需要何种伴侣功能，不直接推断现实对象成熟度。,由M2提供；夫妻星与准入证据只说明谁容易进入关系，不能替代伴侣长期能力验证。,由M3-BASE提供；日支只帮助确定用户亲密关系中的功能需求，不直接描述具体伴侣人格。,无／按本规则指定的伴侣行为、场景或匹配模式路由。,近位、远位只修正用户对某项功能的优先级；不得据此断定现实伴侣一定具备。,根气只修正用户功能需求是否稳定重复，不等于具体对象已经稳定做到。,旺弱只修正需求强度、风险敏感度或匹配模式，不直接等于伴侣能力质量。,喜忌只修正用户对功能的承载与摩擦，不可直接翻译为理想伴侣五行、十神或人格。,真合化成立时按化神功能重算用户需求；合化争议时停止细化伴侣画像。,近位提高该功能进入亲密关系核心的可能；远位只保留背景或情境性观察。,82,±8至±20,partner_evidence_level,PS状态随PV和反例变化，不由命理分值直接锁定。,随着现实证据增加，这个判断可以升级或降级。,不得仅凭本规则推出某个具体人必然适合、忠诚、成熟或长期稳定；不得推断职业、收入、外貌、家庭、生肖、五行；不得以命理要求容忍伤害、原谅、复合或继续关系。现实安全、持续行为、反例与双方意愿优先。,中,待验证,,partner_state=PS07; provisional=true; rule_group=PARTNER-表达状态,0.3
M5-PARTNER-205,PS07 高光／短期表现伪装｜禁止误读,L3 成熟、失衡与未定状态,PARTNER-表达状态,通用,边界,PS07,高光／短期表现伪装,正在输出PS状态。,无,由共享基础引擎与M5-BASE提供；只修正用户需要何种伴侣功能，不直接推断现实对象成熟度。,由M2提供；夫妻星与准入证据只说明谁容易进入关系，不能替代伴侣长期能力验证。,由M3-BASE提供；日支只帮助确定用户亲密关系中的功能需求，不直接描述具体伴侣人格。,无／按本规则指定的伴侣行为、场景或匹配模式路由。,近位、远位只修正用户对某项功能的优先级；不得据此断定现实伴侣一定具备。,根气只修正用户功能需求是否稳定重复，不等于具体对象已经稳定做到。,旺弱只修正需求强度、风险敏感度或匹配模式，不直接等于伴侣能力质量。,喜忌只修正用户对功能的承载与摩擦，不可直接翻译为理想伴侣五行、十神或人格。,真合化成立时按化神功能重算用户需求；合化争议时停止细化伴侣画像。,近位提高该功能进入亲密关系核心的可能；远位只保留背景或情境性观察。,96,不加分；边界,boundary_note,不得把PS04写成坏人、PS05写成能力差、PS01写成必然适配。,这只是关系功能的当前证据状态，不是人格定罪。,不得仅凭本规则推出某个具体人必然适合、忠诚、成熟或长期稳定；不得推断职业、收入、外貌、家庭、生肖、五行；不得以命理要求容忍伤害、原谅、复合或继续关系。现实安全、持续行为、反例与双方意愿优先。,高,待验证,,partner_state=PS07; provisional=true; rule_group=PARTNER-表达状态,0.3
M5-PARTNER-206,PS08 未定／资料不足｜正式定义,L3 成熟、失衡与未定状态,PARTNER-表达状态,通用,定义,PS08,未定／资料不足,PV0或关键资料冲突。,安全门控未通过。,由共享基础引擎与M5-BASE提供；只修正用户需要何种伴侣功能，不直接推断现实对象成熟度。,由M2提供；夫妻星与准入证据只说明谁容易进入关系，不能替代伴侣长期能力验证。,由M3-BASE提供；日支只帮助确定用户亲密关系中的功能需求，不直接描述具体伴侣人格。,无／按本规则指定的伴侣行为、场景或匹配模式路由。,近位、远位只修正用户对某项功能的优先级；不得据此断定现实伴侣一定具备。,根气只修正用户功能需求是否稳定重复，不等于具体对象已经稳定做到。,旺弱只修正需求强度、风险敏感度或匹配模式，不直接等于伴侣能力质量。,喜忌只修正用户对功能的承载与摩擦，不可直接翻译为理想伴侣五行、十神或人格。,真合化成立时按化神功能重算用户需求；合化争议时停止细化伴侣画像。,近位提高该功能进入亲密关系核心的可能；远位只保留背景或情境性观察。,94,不加分；状态定义,partner_expression_state,行为资料矛盾、过少、合化争议或安全问题。,目前更适合列出需要观察的行为，不急着给对方定性。,不得仅凭本规则推出某个具体人必然适合、忠诚、成熟或长期稳定；不得推断职业、收入、外貌、家庭、生肖、五行；不得以命理要求容忍伤害、原谅、复合或继续关系。现实安全、持续行为、反例与双方意愿优先。,高,待验证,,partner_state=PS08; provisional=true; rule_group=PARTNER-表达状态,0.3
M5-PARTNER-207,PS08 未定／资料不足｜成立条件,L3 成熟、失衡与未定状态,PARTNER-表达状态,通用,门控,PS08,未定／资料不足,PV0或关键资料冲突。,只有命盘标签或同源重复。,由共享基础引擎与M5-BASE提供；只修正用户需要何种伴侣功能，不直接推断现实对象成熟度。,由M2提供；夫妻星与准入证据只说明谁容易进入关系，不能替代伴侣长期能力验证。,由M3-BASE提供；日支只帮助确定用户亲密关系中的功能需求，不直接描述具体伴侣人格。,无／按本规则指定的伴侣行为、场景或匹配模式路由。,近位、远位只修正用户对某项功能的优先级；不得据此断定现实伴侣一定具备。,根气只修正用户功能需求是否稳定重复，不等于具体对象已经稳定做到。,旺弱只修正需求强度、风险敏感度或匹配模式，不直接等于伴侣能力质量。,喜忌只修正用户对功能的承载与摩擦，不可直接翻译为理想伴侣五行、十神或人格。,真合化成立时按化神功能重算用户需求；合化争议时停止细化伴侣画像。,近位提高该功能进入亲密关系核心的可能；远位只保留背景或情境性观察。,90,状态路由,partner_expression_state,未定／资料不足必须满足：PV0或关键资料冲突。,判断到未定／资料不足，需要看到：PV0或关键资料冲突。,不得仅凭本规则推出某个具体人必然适合、忠诚、成熟或长期稳定；不得推断职业、收入、外貌、家庭、生肖、五行；不得以命理要求容忍伤害、原谅、复合或继续关系。现实安全、持续行为、反例与双方意愿优先。,中高,待验证,,partner_state=PS08; provisional=true; rule_group=PARTNER-表达状态,0.3
M5-PARTNER-208,PS08 未定／资料不足｜报告处理,L3 成熟、失衡与未定状态,PARTNER-表达状态,通用,路由,PS08,未定／资料不足,PV0或关键资料冲突。,资料与状态不一致。,由共享基础引擎与M5-BASE提供；只修正用户需要何种伴侣功能，不直接推断现实对象成熟度。,由M2提供；夫妻星与准入证据只说明谁容易进入关系，不能替代伴侣长期能力验证。,由M3-BASE提供；日支只帮助确定用户亲密关系中的功能需求，不直接描述具体伴侣人格。,无／按本规则指定的伴侣行为、场景或匹配模式路由。,近位、远位只修正用户对某项功能的优先级；不得据此断定现实伴侣一定具备。,根气只修正用户功能需求是否稳定重复，不等于具体对象已经稳定做到。,旺弱只修正需求强度、风险敏感度或匹配模式，不直接等于伴侣能力质量。,喜忌只修正用户对功能的承载与摩擦，不可直接翻译为理想伴侣五行、十神或人格。,真合化成立时按化神功能重算用户需求；合化争议时停止细化伴侣画像。,近位提高该功能进入亲密关系核心的可能；远位只保留背景或情境性观察。,86,路由／降级,report_status,停止或只给观察计划。,目前更适合列出需要观察的行为，不急着给对方定性。,不得仅凭本规则推出某个具体人必然适合、忠诚、成熟或长期稳定；不得推断职业、收入、外貌、家庭、生肖、五行；不得以命理要求容忍伤害、原谅、复合或继续关系。现实安全、持续行为、反例与双方意愿优先。,中高,待验证,,partner_state=PS08; provisional=true; rule_group=PARTNER-表达状态,0.3
M5-PARTNER-209,PS08 未定／资料不足｜升级与降级,L3 成熟、失衡与未定状态,PARTNER-表达状态,通用,证据,PS08,未定／资料不足,至少两类独立现实来源。,只因功能强、身份好或一次表现。,由共享基础引擎与M5-BASE提供；只修正用户需要何种伴侣功能，不直接推断现实对象成熟度。,由M2提供；夫妻星与准入证据只说明谁容易进入关系，不能替代伴侣长期能力验证。,由M3-BASE提供；日支只帮助确定用户亲密关系中的功能需求，不直接描述具体伴侣人格。,无／按本规则指定的伴侣行为、场景或匹配模式路由。,近位、远位只修正用户对某项功能的优先级；不得据此断定现实伴侣一定具备。,根气只修正用户功能需求是否稳定重复，不等于具体对象已经稳定做到。,旺弱只修正需求强度、风险敏感度或匹配模式，不直接等于伴侣能力质量。,喜忌只修正用户对功能的承载与摩擦，不可直接翻译为理想伴侣五行、十神或人格。,真合化成立时按化神功能重算用户需求；合化争议时停止细化伴侣画像。,近位提高该功能进入亲密关系核心的可能；远位只保留背景或情境性观察。,82,±8至±20,partner_evidence_level,PS状态随PV和反例变化，不由命理分值直接锁定。,随着现实证据增加，这个判断可以升级或降级。,不得仅凭本规则推出某个具体人必然适合、忠诚、成熟或长期稳定；不得推断职业、收入、外貌、家庭、生肖、五行；不得以命理要求容忍伤害、原谅、复合或继续关系。现实安全、持续行为、反例与双方意愿优先。,中,待验证,,partner_state=PS08; provisional=true; rule_group=PARTNER-表达状态,0.3
M5-PARTNER-210,PS08 未定／资料不足｜禁止误读,L3 成熟、失衡与未定状态,PARTNER-表达状态,通用,边界,PS08,未定／资料不足,正在输出PS状态。,无,由共享基础引擎与M5-BASE提供；只修正用户需要何种伴侣功能，不直接推断现实对象成熟度。,由M2提供；夫妻星与准入证据只说明谁容易进入关系，不能替代伴侣长期能力验证。,由M3-BASE提供；日支只帮助确定用户亲密关系中的功能需求，不直接描述具体伴侣人格。,无／按本规则指定的伴侣行为、场景或匹配模式路由。,近位、远位只修正用户对某项功能的优先级；不得据此断定现实伴侣一定具备。,根气只修正用户功能需求是否稳定重复，不等于具体对象已经稳定做到。,旺弱只修正需求强度、风险敏感度或匹配模式，不直接等于伴侣能力质量。,喜忌只修正用户对功能的承载与摩擦，不可直接翻译为理想伴侣五行、十神或人格。,真合化成立时按化神功能重算用户需求；合化争议时停止细化伴侣画像。,近位提高该功能进入亲密关系核心的可能；远位只保留背景或情境性观察。,96,不加分；边界,boundary_note,不得把PS04写成坏人、PS05写成能力差、PS01写成必然适配。,这只是关系功能的当前证据状态，不是人格定罪。,不得仅凭本规则推出某个具体人必然适合、忠诚、成熟或长期稳定；不得推断职业、收入、外貌、家庭、生肖、五行；不得以命理要求容忍伤害、原谅、复合或继续关系。现实安全、持续行为、反例与双方意愿优先。,高,待验证,,partner_state=PS08; provisional=true; rule_group=PARTNER-表达状态,0.3
M5-PARTNER-211,PV0 无现实行为证据｜正式定义,L4 现实证据深度,PARTNER-PV证据,通用,定义,PV0,无现实行为证据,评估具体对象行为证据。,无,由共享基础引擎与M5-BASE提供；只修正用户需要何种伴侣功能，不直接推断现实对象成熟度。,由M2提供；夫妻星与准入证据只说明谁容易进入关系，不能替代伴侣长期能力验证。,由M3-BASE提供；日支只帮助确定用户亲密关系中的功能需求，不直接描述具体伴侣人格。,无／按本规则指定的伴侣行为、场景或匹配模式路由。,近位、远位只修正用户对某项功能的优先级；不得据此断定现实伴侣一定具备。,根气只修正用户功能需求是否稳定重复，不等于具体对象已经稳定做到。,旺弱只修正需求强度、风险敏感度或匹配模式，不直接等于伴侣能力质量。,喜忌只修正用户对功能的承载与摩擦，不可直接翻译为理想伴侣五行、十神或人格。,真合化成立时按化神功能重算用户需求；合化争议时停止细化伴侣画像。,近位提高该功能进入亲密关系核心的可能；远位只保留背景或情境性观察。,96,不加分；证据定义,partner_evidence_level,只有用户命盘或功能需求，没有具体对象资料。,当前证据层级：无现实行为证据。,不得仅凭本规则推出某个具体人必然适合、忠诚、成熟或长期稳定；不得推断职业、收入、外貌、家庭、生肖、五行；不得以命理要求容忍伤害、原谅、复合或继续关系。现实安全、持续行为、反例与双方意愿优先。,高,待验证,,partner_evidence=PV0; provisional=true; rule_group=PARTNER-PV证据,0.3
M5-PARTNER-212,PV0 无现实行为证据｜最低资料,L4 现实证据深度,PARTNER-PV证据,通用,证据,PV0,无现实行为证据,只有用户命盘或功能需求，没有具体对象资料。,没有相应现实资料。,由共享基础引擎与M5-BASE提供；只修正用户需要何种伴侣功能，不直接推断现实对象成熟度。,由M2提供；夫妻星与准入证据只说明谁容易进入关系，不能替代伴侣长期能力验证。,由M3-BASE提供；日支只帮助确定用户亲密关系中的功能需求，不直接描述具体伴侣人格。,无／按本规则指定的伴侣行为、场景或匹配模式路由。,近位、远位只修正用户对某项功能的优先级；不得据此断定现实伴侣一定具备。,根气只修正用户功能需求是否稳定重复，不等于具体对象已经稳定做到。,旺弱只修正需求强度、风险敏感度或匹配模式，不直接等于伴侣能力质量。,喜忌只修正用户对功能的承载与摩擦，不可直接翻译为理想伴侣五行、十神或人格。,真合化成立时按化神功能重算用户需求；合化争议时停止细化伴侣画像。,近位提高该功能进入亲密关系核心的可能；远位只保留背景或情境性观察。,88,PV路由,partner_evidence_level,PV0的最低资料是：只有用户命盘或功能需求，没有具体对象资料。,这一层主要依据：只有用户命盘或功能需求，没有具体对象资料。,不得仅凭本规则推出某个具体人必然适合、忠诚、成熟或长期稳定；不得推断职业、收入、外貌、家庭、生肖、五行；不得以命理要求容忍伤害、原谅、复合或继续关系。现实安全、持续行为、反例与双方意愿优先。,中高,待验证,,partner_evidence=PV0; provisional=true; rule_group=PARTNER-PV证据,0.3
M5-PARTNER-213,PV0 无现实行为证据｜允许发布,L4 现实证据深度,PARTNER-PV证据,通用,输出,PV0,无现实行为证据,PV0成立。,试图越级到更强结论。,由共享基础引擎与M5-BASE提供；只修正用户需要何种伴侣功能，不直接推断现实对象成熟度。,由M2提供；夫妻星与准入证据只说明谁容易进入关系，不能替代伴侣长期能力验证。,由M3-BASE提供；日支只帮助确定用户亲密关系中的功能需求，不直接描述具体伴侣人格。,无／按本规则指定的伴侣行为、场景或匹配模式路由。,近位、远位只修正用户对某项功能的优先级；不得据此断定现实伴侣一定具备。,根气只修正用户功能需求是否稳定重复，不等于具体对象已经稳定做到。,旺弱只修正需求强度、风险敏感度或匹配模式，不直接等于伴侣能力质量。,喜忌只修正用户对功能的承载与摩擦，不可直接翻译为理想伴侣五行、十神或人格。,真合化成立时按化神功能重算用户需求；合化争议时停止细化伴侣画像。,近位提高该功能进入亲密关系核心的可能；远位只保留背景或情境性观察。,84,发布上限,report_text,只能建立M5-BASE的需求与观察清单。,只能建立M5-BASE的需求与观察清单。,不得仅凭本规则推出某个具体人必然适合、忠诚、成熟或长期稳定；不得推断职业、收入、外貌、家庭、生肖、五行；不得以命理要求容忍伤害、原谅、复合或继续关系。现实安全、持续行为、反例与双方意愿优先。,中高,待验证,,partner_evidence=PV0; provisional=true; rule_group=PARTNER-PV证据,0.3
M5-PARTNER-214,PV0 无现实行为证据｜禁止发布,L4 现实证据深度,PARTNER-PV证据,通用,边界,PV0,无现实行为证据,PV0成立。,无,由共享基础引擎与M5-BASE提供；只修正用户需要何种伴侣功能，不直接推断现实对象成熟度。,由M2提供；夫妻星与准入证据只说明谁容易进入关系，不能替代伴侣长期能力验证。,由M3-BASE提供；日支只帮助确定用户亲密关系中的功能需求，不直接描述具体伴侣人格。,无／按本规则指定的伴侣行为、场景或匹配模式路由。,近位、远位只修正用户对某项功能的优先级；不得据此断定现实伴侣一定具备。,根气只修正用户功能需求是否稳定重复，不等于具体对象已经稳定做到。,旺弱只修正需求强度、风险敏感度或匹配模式，不直接等于伴侣能力质量。,喜忌只修正用户对功能的承载与摩擦，不可直接翻译为理想伴侣五行、十神或人格。,真合化成立时按化神功能重算用户需求；合化争议时停止细化伴侣画像。,近位提高该功能进入亲密关系核心的可能；远位只保留背景或情境性观察。,95,不加分；边界,boundary_note,不能判断对象是否具备功能。,目前还不能：不能判断对象是否具备功能。,不得仅凭本规则推出某个具体人必然适合、忠诚、成熟或长期稳定；不得推断职业、收入、外貌、家庭、生肖、五行；不得以命理要求容忍伤害、原谅、复合或继续关系。现实安全、持续行为、反例与双方意愿优先。,高,待验证,,partner_evidence=PV0; provisional=true; rule_group=PARTNER-PV证据,0.3
M5-PARTNER-215,PV0 无现实行为证据｜升级任务,L4 现实证据深度,PARTNER-PV证据,通用,路由,PV0,无现实行为证据,准备从PV0升级。,安全、资料或反例停止。,由共享基础引擎与M5-BASE提供；只修正用户需要何种伴侣功能，不直接推断现实对象成熟度。,由M2提供；夫妻星与准入证据只说明谁容易进入关系，不能替代伴侣长期能力验证。,由M3-BASE提供；日支只帮助确定用户亲密关系中的功能需求，不直接描述具体伴侣人格。,无／按本规则指定的伴侣行为、场景或匹配模式路由。,近位、远位只修正用户对某项功能的优先级；不得据此断定现实伴侣一定具备。,根气只修正用户功能需求是否稳定重复，不等于具体对象已经稳定做到。,旺弱只修正需求强度、风险敏感度或匹配模式，不直接等于伴侣能力质量。,喜忌只修正用户对功能的承载与摩擦，不可直接翻译为理想伴侣五行、十神或人格。,真合化成立时按化神功能重算用户需求；合化争议时停止细化伴侣画像。,近位提高该功能进入亲密关系核心的可能；远位只保留背景或情境性观察。,76,不加分；观察计划,observation_plan,补充具体关系事件。,下一步观察：补充具体关系事件。,不得仅凭本规则推出某个具体人必然适合、忠诚、成熟或长期稳定；不得推断职业、收入、外貌、家庭、生肖、五行；不得以命理要求容忍伤害、原谅、复合或继续关系。现实安全、持续行为、反例与双方意愿优先。,中,待验证,,partner_evidence=PV0; provisional=true; rule_group=PARTNER-PV证据,0.3
M5-PARTNER-216,PV0 无现实行为证据｜与FG关系,L4 现实证据深度,PARTNER-PV证据,通用,接口,PV0,无现实行为证据,PV0可用。,把PV直接等同FG。,由共享基础引擎与M5-BASE提供；只修正用户需要何种伴侣功能，不直接推断现实对象成熟度。,由M2提供；夫妻星与准入证据只说明谁容易进入关系，不能替代伴侣长期能力验证。,由M3-BASE提供；日支只帮助确定用户亲密关系中的功能需求，不直接描述具体伴侣人格。,无／按本规则指定的伴侣行为、场景或匹配模式路由。,近位、远位只修正用户对某项功能的优先级；不得据此断定现实伴侣一定具备。,根气只修正用户功能需求是否稳定重复，不等于具体对象已经稳定做到。,旺弱只修正需求强度、风险敏感度或匹配模式，不直接等于伴侣能力质量。,喜忌只修正用户对功能的承载与摩擦，不可直接翻译为理想伴侣五行、十神或人格。,真合化成立时按化神功能重算用户需求；合化争议时停止细化伴侣画像。,近位提高该功能进入亲密关系核心的可能；远位只保留背景或情境性观察。,92,不加分；去耦,fit_grade,PV与FG分开计算。,行为证据更深，但最终适配仍需综合现实门槛。,不得仅凭本规则推出某个具体人必然适合、忠诚、成熟或长期稳定；不得推断职业、收入、外貌、家庭、生肖、五行；不得以命理要求容忍伤害、原谅、复合或继续关系。现实安全、持续行为、反例与双方意愿优先。,高,待验证,,partner_evidence=PV0; provisional=true; rule_group=PARTNER-PV证据,0.3
M5-PARTNER-217,PV1 标签／身份／自述证据｜正式定义,L4 现实证据深度,PARTNER-PV证据,通用,定义,PV1,标签／身份／自述证据,评估具体对象行为证据。,无,由共享基础引擎与M5-BASE提供；只修正用户需要何种伴侣功能，不直接推断现实对象成熟度。,由M2提供；夫妻星与准入证据只说明谁容易进入关系，不能替代伴侣长期能力验证。,由M3-BASE提供；日支只帮助确定用户亲密关系中的功能需求，不直接描述具体伴侣人格。,无／按本规则指定的伴侣行为、场景或匹配模式路由。,近位、远位只修正用户对某项功能的优先级；不得据此断定现实伴侣一定具备。,根气只修正用户功能需求是否稳定重复，不等于具体对象已经稳定做到。,旺弱只修正需求强度、风险敏感度或匹配模式，不直接等于伴侣能力质量。,喜忌只修正用户对功能的承载与摩擦，不可直接翻译为理想伴侣五行、十神或人格。,真合化成立时按化神功能重算用户需求；合化争议时停止细化伴侣画像。,近位提高该功能进入亲密关系核心的可能；远位只保留背景或情境性观察。,96,不加分；证据定义,partner_evidence_level,来自职业、身份、自我评价、社交形象或口头承诺。,当前证据层级：标签／身份／自述证据。,不得仅凭本规则推出某个具体人必然适合、忠诚、成熟或长期稳定；不得推断职业、收入、外貌、家庭、生肖、五行；不得以命理要求容忍伤害、原谅、复合或继续关系。现实安全、持续行为、反例与双方意愿优先。,高,待验证,,partner_evidence=PV1; provisional=true; rule_group=PARTNER-PV证据,0.3
M5-PARTNER-218,PV1 标签／身份／自述证据｜最低资料,L4 现实证据深度,PARTNER-PV证据,通用,证据,PV1,标签／身份／自述证据,来自职业、身份、自我评价、社交形象或口头承诺。,没有相应现实资料。,由共享基础引擎与M5-BASE提供；只修正用户需要何种伴侣功能，不直接推断现实对象成熟度。,由M2提供；夫妻星与准入证据只说明谁容易进入关系，不能替代伴侣长期能力验证。,由M3-BASE提供；日支只帮助确定用户亲密关系中的功能需求，不直接描述具体伴侣人格。,无／按本规则指定的伴侣行为、场景或匹配模式路由。,近位、远位只修正用户对某项功能的优先级；不得据此断定现实伴侣一定具备。,根气只修正用户功能需求是否稳定重复，不等于具体对象已经稳定做到。,旺弱只修正需求强度、风险敏感度或匹配模式，不直接等于伴侣能力质量。,喜忌只修正用户对功能的承载与摩擦，不可直接翻译为理想伴侣五行、十神或人格。,真合化成立时按化神功能重算用户需求；合化争议时停止细化伴侣画像。,近位提高该功能进入亲密关系核心的可能；远位只保留背景或情境性观察。,88,PV路由,partner_evidence_level,PV1的最低资料是：来自职业、身份、自我评价、社交形象或口头承诺。,这一层主要依据：来自职业、身份、自我评价、社交形象或口头承诺。,不得仅凭本规则推出某个具体人必然适合、忠诚、成熟或长期稳定；不得推断职业、收入、外貌、家庭、生肖、五行；不得以命理要求容忍伤害、原谅、复合或继续关系。现实安全、持续行为、反例与双方意愿优先。,中高,待验证,,partner_evidence=PV1; provisional=true; rule_group=PARTNER-PV证据,0.3
M5-PARTNER-219,PV1 标签／身份／自述证据｜允许发布,L4 现实证据深度,PARTNER-PV证据,通用,输出,PV1,标签／身份／自述证据,PV1成立。,试图越级到更强结论。,由共享基础引擎与M5-BASE提供；只修正用户需要何种伴侣功能，不直接推断现实对象成熟度。,由M2提供；夫妻星与准入证据只说明谁容易进入关系，不能替代伴侣长期能力验证。,由M3-BASE提供；日支只帮助确定用户亲密关系中的功能需求，不直接描述具体伴侣人格。,无／按本规则指定的伴侣行为、场景或匹配模式路由。,近位、远位只修正用户对某项功能的优先级；不得据此断定现实伴侣一定具备。,根气只修正用户功能需求是否稳定重复，不等于具体对象已经稳定做到。,旺弱只修正需求强度、风险敏感度或匹配模式，不直接等于伴侣能力质量。,喜忌只修正用户对功能的承载与摩擦，不可直接翻译为理想伴侣五行、十神或人格。,真合化成立时按化神功能重算用户需求；合化争议时停止细化伴侣画像。,近位提高该功能进入亲密关系核心的可能；远位只保留背景或情境性观察。,84,发布上限,report_text,只能生成待核验假设。,只能生成待核验假设。,不得仅凭本规则推出某个具体人必然适合、忠诚、成熟或长期稳定；不得推断职业、收入、外貌、家庭、生肖、五行；不得以命理要求容忍伤害、原谅、复合或继续关系。现实安全、持续行为、反例与双方意愿优先。,中高,待验证,,partner_evidence=PV1; provisional=true; rule_group=PARTNER-PV证据,0.3
M5-PARTNER-220,PV1 标签／身份／自述证据｜禁止发布,L4 现实证据深度,PARTNER-PV证据,通用,边界,PV1,标签／身份／自述证据,PV1成立。,无,由共享基础引擎与M5-BASE提供；只修正用户需要何种伴侣功能，不直接推断现实对象成熟度。,由M2提供；夫妻星与准入证据只说明谁容易进入关系，不能替代伴侣长期能力验证。,由M3-BASE提供；日支只帮助确定用户亲密关系中的功能需求，不直接描述具体伴侣人格。,无／按本规则指定的伴侣行为、场景或匹配模式路由。,近位、远位只修正用户对某项功能的优先级；不得据此断定现实伴侣一定具备。,根气只修正用户功能需求是否稳定重复，不等于具体对象已经稳定做到。,旺弱只修正需求强度、风险敏感度或匹配模式，不直接等于伴侣能力质量。,喜忌只修正用户对功能的承载与摩擦，不可直接翻译为理想伴侣五行、十神或人格。,真合化成立时按化神功能重算用户需求；合化争议时停止细化伴侣画像。,近位提高该功能进入亲密关系核心的可能；远位只保留背景或情境性观察。,95,不加分；边界,boundary_note,不能写“可靠、成熟、会修复”。,目前还不能：不能写“可靠、成熟、会修复”。,不得仅凭本规则推出某个具体人必然适合、忠诚、成熟或长期稳定；不得推断职业、收入、外貌、家庭、生肖、五行；不得以命理要求容忍伤害、原谅、复合或继续关系。现实安全、持续行为、反例与双方意愿优先。,高,待验证,,partner_evidence=PV1; provisional=true; rule_group=PARTNER-PV证据,0.3
M5-PARTNER-221,PV1 标签／身份／自述证据｜升级任务,L4 现实证据深度,PARTNER-PV证据,通用,路由,PV1,标签／身份／自述证据,准备从PV1升级。,安全、资料或反例停止。,由共享基础引擎与M5-BASE提供；只修正用户需要何种伴侣功能，不直接推断现实对象成熟度。,由M2提供；夫妻星与准入证据只说明谁容易进入关系，不能替代伴侣长期能力验证。,由M3-BASE提供；日支只帮助确定用户亲密关系中的功能需求，不直接描述具体伴侣人格。,无／按本规则指定的伴侣行为、场景或匹配模式路由。,近位、远位只修正用户对某项功能的优先级；不得据此断定现实伴侣一定具备。,根气只修正用户功能需求是否稳定重复，不等于具体对象已经稳定做到。,旺弱只修正需求强度、风险敏感度或匹配模式，不直接等于伴侣能力质量。,喜忌只修正用户对功能的承载与摩擦，不可直接翻译为理想伴侣五行、十神或人格。,真合化成立时按化神功能重算用户需求；合化争议时停止细化伴侣画像。,近位提高该功能进入亲密关系核心的可能；远位只保留背景或情境性观察。,76,不加分；观察计划,observation_plan,观察对应真实任务。,下一步观察：观察对应真实任务。,不得仅凭本规则推出某个具体人必然适合、忠诚、成熟或长期稳定；不得推断职业、收入、外貌、家庭、生肖、五行；不得以命理要求容忍伤害、原谅、复合或继续关系。现实安全、持续行为、反例与双方意愿优先。,中,待验证,,partner_evidence=PV1; provisional=true; rule_group=PARTNER-PV证据,0.3
M5-PARTNER-222,PV1 标签／身份／自述证据｜与FG关系,L4 现实证据深度,PARTNER-PV证据,通用,接口,PV1,标签／身份／自述证据,PV1可用。,把PV直接等同FG。,由共享基础引擎与M5-BASE提供；只修正用户需要何种伴侣功能，不直接推断现实对象成熟度。,由M2提供；夫妻星与准入证据只说明谁容易进入关系，不能替代伴侣长期能力验证。,由M3-BASE提供；日支只帮助确定用户亲密关系中的功能需求，不直接描述具体伴侣人格。,无／按本规则指定的伴侣行为、场景或匹配模式路由。,近位、远位只修正用户对某项功能的优先级；不得据此断定现实伴侣一定具备。,根气只修正用户功能需求是否稳定重复，不等于具体对象已经稳定做到。,旺弱只修正需求强度、风险敏感度或匹配模式，不直接等于伴侣能力质量。,喜忌只修正用户对功能的承载与摩擦，不可直接翻译为理想伴侣五行、十神或人格。,真合化成立时按化神功能重算用户需求；合化争议时停止细化伴侣画像。,近位提高该功能进入亲密关系核心的可能；远位只保留背景或情境性观察。,92,不加分；去耦,fit_grade,PV与FG分开计算。,行为证据更深，但最终适配仍需综合现实门槛。,不得仅凭本规则推出某个具体人必然适合、忠诚、成熟或长期稳定；不得推断职业、收入、外貌、家庭、生肖、五行；不得以命理要求容忍伤害、原谅、复合或继续关系。现实安全、持续行为、反例与双方意愿优先。,高,待验证,,partner_evidence=PV1; provisional=true; rule_group=PARTNER-PV证据,0.3
M5-PARTNER-223,PV2 单次行为证据｜正式定义,L4 现实证据深度,PARTNER-PV证据,通用,定义,PV2,单次行为证据,评估具体对象行为证据。,无,由共享基础引擎与M5-BASE提供；只修正用户需要何种伴侣功能，不直接推断现实对象成熟度。,由M2提供；夫妻星与准入证据只说明谁容易进入关系，不能替代伴侣长期能力验证。,由M3-BASE提供；日支只帮助确定用户亲密关系中的功能需求，不直接描述具体伴侣人格。,无／按本规则指定的伴侣行为、场景或匹配模式路由。,近位、远位只修正用户对某项功能的优先级；不得据此断定现实伴侣一定具备。,根气只修正用户功能需求是否稳定重复，不等于具体对象已经稳定做到。,旺弱只修正需求强度、风险敏感度或匹配模式，不直接等于伴侣能力质量。,喜忌只修正用户对功能的承载与摩擦，不可直接翻译为理想伴侣五行、十神或人格。,真合化成立时按化神功能重算用户需求；合化争议时停止细化伴侣画像。,近位提高该功能进入亲密关系核心的可能；远位只保留背景或情境性观察。,96,不加分；证据定义,partner_evidence_level,出现一次明确行为或一次高光表现。,当前证据层级：单次行为证据。,不得仅凭本规则推出某个具体人必然适合、忠诚、成熟或长期稳定；不得推断职业、收入、外貌、家庭、生肖、五行；不得以命理要求容忍伤害、原谅、复合或继续关系。现实安全、持续行为、反例与双方意愿优先。,高,待验证,,partner_evidence=PV2; provisional=true; rule_group=PARTNER-PV证据,0.3
M5-PARTNER-224,PV2 单次行为证据｜最低资料,L4 现实证据深度,PARTNER-PV证据,通用,证据,PV2,单次行为证据,出现一次明确行为或一次高光表现。,没有相应现实资料。,由共享基础引擎与M5-BASE提供；只修正用户需要何种伴侣功能，不直接推断现实对象成熟度。,由M2提供；夫妻星与准入证据只说明谁容易进入关系，不能替代伴侣长期能力验证。,由M3-BASE提供；日支只帮助确定用户亲密关系中的功能需求，不直接描述具体伴侣人格。,无／按本规则指定的伴侣行为、场景或匹配模式路由。,近位、远位只修正用户对某项功能的优先级；不得据此断定现实伴侣一定具备。,根气只修正用户功能需求是否稳定重复，不等于具体对象已经稳定做到。,旺弱只修正需求强度、风险敏感度或匹配模式，不直接等于伴侣能力质量。,喜忌只修正用户对功能的承载与摩擦，不可直接翻译为理想伴侣五行、十神或人格。,真合化成立时按化神功能重算用户需求；合化争议时停止细化伴侣画像。,近位提高该功能进入亲密关系核心的可能；远位只保留背景或情境性观察。,88,PV路由,partner_evidence_level,PV2的最低资料是：出现一次明确行为或一次高光表现。,这一层主要依据：出现一次明确行为或一次高光表现。,不得仅凭本规则推出某个具体人必然适合、忠诚、成熟或长期稳定；不得推断职业、收入、外貌、家庭、生肖、五行；不得以命理要求容忍伤害、原谅、复合或继续关系。现实安全、持续行为、反例与双方意愿优先。,中高,待验证,,partner_evidence=PV2; provisional=true; rule_group=PARTNER-PV证据,0.3
M5-PARTNER-225,PV2 单次行为证据｜允许发布,L4 现实证据深度,PARTNER-PV证据,通用,输出,PV2,单次行为证据,PV2成立。,试图越级到更强结论。,由共享基础引擎与M5-BASE提供；只修正用户需要何种伴侣功能，不直接推断现实对象成熟度。,由M2提供；夫妻星与准入证据只说明谁容易进入关系，不能替代伴侣长期能力验证。,由M3-BASE提供；日支只帮助确定用户亲密关系中的功能需求，不直接描述具体伴侣人格。,无／按本规则指定的伴侣行为、场景或匹配模式路由。,近位、远位只修正用户对某项功能的优先级；不得据此断定现实伴侣一定具备。,根气只修正用户功能需求是否稳定重复，不等于具体对象已经稳定做到。,旺弱只修正需求强度、风险敏感度或匹配模式，不直接等于伴侣能力质量。,喜忌只修正用户对功能的承载与摩擦，不可直接翻译为理想伴侣五行、十神或人格。,真合化成立时按化神功能重算用户需求；合化争议时停止细化伴侣画像。,近位提高该功能进入亲密关系核心的可能；远位只保留背景或情境性观察。,84,发布上限,report_text,可以确认该行为发生过。,可以确认该行为发生过。,不得仅凭本规则推出某个具体人必然适合、忠诚、成熟或长期稳定；不得推断职业、收入、外貌、家庭、生肖、五行；不得以命理要求容忍伤害、原谅、复合或继续关系。现实安全、持续行为、反例与双方意愿优先。,中高,待验证,,partner_evidence=PV2; provisional=true; rule_group=PARTNER-PV证据,0.3
M5-PARTNER-226,PV2 单次行为证据｜禁止发布,L4 现实证据深度,PARTNER-PV证据,通用,边界,PV2,单次行为证据,PV2成立。,无,由共享基础引擎与M5-BASE提供；只修正用户需要何种伴侣功能，不直接推断现实对象成熟度。,由M2提供；夫妻星与准入证据只说明谁容易进入关系，不能替代伴侣长期能力验证。,由M3-BASE提供；日支只帮助确定用户亲密关系中的功能需求，不直接描述具体伴侣人格。,无／按本规则指定的伴侣行为、场景或匹配模式路由。,近位、远位只修正用户对某项功能的优先级；不得据此断定现实伴侣一定具备。,根气只修正用户功能需求是否稳定重复，不等于具体对象已经稳定做到。,旺弱只修正需求强度、风险敏感度或匹配模式，不直接等于伴侣能力质量。,喜忌只修正用户对功能的承载与摩擦，不可直接翻译为理想伴侣五行、十神或人格。,真合化成立时按化神功能重算用户需求；合化争议时停止细化伴侣画像。,近位提高该功能进入亲密关系核心的可能；远位只保留背景或情境性观察。,95,不加分；边界,boundary_note,不能写稳定模式或跨情境能力。,目前还不能：不能写稳定模式或跨情境能力。,不得仅凭本规则推出某个具体人必然适合、忠诚、成熟或长期稳定；不得推断职业、收入、外貌、家庭、生肖、五行；不得以命理要求容忍伤害、原谅、复合或继续关系。现实安全、持续行为、反例与双方意愿优先。,高,待验证,,partner_evidence=PV2; provisional=true; rule_group=PARTNER-PV证据,0.3
M5-PARTNER-227,PV2 单次行为证据｜升级任务,L4 现实证据深度,PARTNER-PV证据,通用,路由,PV2,单次行为证据,准备从PV2升级。,安全、资料或反例停止。,由共享基础引擎与M5-BASE提供；只修正用户需要何种伴侣功能，不直接推断现实对象成熟度。,由M2提供；夫妻星与准入证据只说明谁容易进入关系，不能替代伴侣长期能力验证。,由M3-BASE提供；日支只帮助确定用户亲密关系中的功能需求，不直接描述具体伴侣人格。,无／按本规则指定的伴侣行为、场景或匹配模式路由。,近位、远位只修正用户对某项功能的优先级；不得据此断定现实伴侣一定具备。,根气只修正用户功能需求是否稳定重复，不等于具体对象已经稳定做到。,旺弱只修正需求强度、风险敏感度或匹配模式，不直接等于伴侣能力质量。,喜忌只修正用户对功能的承载与摩擦，不可直接翻译为理想伴侣五行、十神或人格。,真合化成立时按化神功能重算用户需求；合化争议时停止细化伴侣画像。,近位提高该功能进入亲密关系核心的可能；远位只保留背景或情境性观察。,76,不加分；观察计划,observation_plan,等待同类场景再次出现。,下一步观察：等待同类场景再次出现。,不得仅凭本规则推出某个具体人必然适合、忠诚、成熟或长期稳定；不得推断职业、收入、外貌、家庭、生肖、五行；不得以命理要求容忍伤害、原谅、复合或继续关系。现实安全、持续行为、反例与双方意愿优先。,中,待验证,,partner_evidence=PV2; provisional=true; rule_group=PARTNER-PV证据,0.3
M5-PARTNER-228,PV2 单次行为证据｜与FG关系,L4 现实证据深度,PARTNER-PV证据,通用,接口,PV2,单次行为证据,PV2可用。,把PV直接等同FG。,由共享基础引擎与M5-BASE提供；只修正用户需要何种伴侣功能，不直接推断现实对象成熟度。,由M2提供；夫妻星与准入证据只说明谁容易进入关系，不能替代伴侣长期能力验证。,由M3-BASE提供；日支只帮助确定用户亲密关系中的功能需求，不直接描述具体伴侣人格。,无／按本规则指定的伴侣行为、场景或匹配模式路由。,近位、远位只修正用户对某项功能的优先级；不得据此断定现实伴侣一定具备。,根气只修正用户功能需求是否稳定重复，不等于具体对象已经稳定做到。,旺弱只修正需求强度、风险敏感度或匹配模式，不直接等于伴侣能力质量。,喜忌只修正用户对功能的承载与摩擦，不可直接翻译为理想伴侣五行、十神或人格。,真合化成立时按化神功能重算用户需求；合化争议时停止细化伴侣画像。,近位提高该功能进入亲密关系核心的可能；远位只保留背景或情境性观察。,92,不加分；去耦,fit_grade,PV与FG分开计算。,行为证据更深，但最终适配仍需综合现实门槛。,不得仅凭本规则推出某个具体人必然适合、忠诚、成熟或长期稳定；不得推断职业、收入、外貌、家庭、生肖、五行；不得以命理要求容忍伤害、原谅、复合或继续关系。现实安全、持续行为、反例与双方意愿优先。,高,待验证,,partner_evidence=PV2; provisional=true; rule_group=PARTNER-PV证据,0.3
M5-PARTNER-229,PV3 同类场景重复证据｜正式定义,L4 现实证据深度,PARTNER-PV证据,通用,定义,PV3,同类场景重复证据,评估具体对象行为证据。,无,由共享基础引擎与M5-BASE提供；只修正用户需要何种伴侣功能，不直接推断现实对象成熟度。,由M2提供；夫妻星与准入证据只说明谁容易进入关系，不能替代伴侣长期能力验证。,由M3-BASE提供；日支只帮助确定用户亲密关系中的功能需求，不直接描述具体伴侣人格。,无／按本规则指定的伴侣行为、场景或匹配模式路由。,近位、远位只修正用户对某项功能的优先级；不得据此断定现实伴侣一定具备。,根气只修正用户功能需求是否稳定重复，不等于具体对象已经稳定做到。,旺弱只修正需求强度、风险敏感度或匹配模式，不直接等于伴侣能力质量。,喜忌只修正用户对功能的承载与摩擦，不可直接翻译为理想伴侣五行、十神或人格。,真合化成立时按化神功能重算用户需求；合化争议时停止细化伴侣画像。,近位提高该功能进入亲密关系核心的可能；远位只保留背景或情境性观察。,96,不加分；证据定义,partner_evidence_level,在同一种任务中多次出现相似行为。,当前证据层级：同类场景重复证据。,不得仅凭本规则推出某个具体人必然适合、忠诚、成熟或长期稳定；不得推断职业、收入、外貌、家庭、生肖、五行；不得以命理要求容忍伤害、原谅、复合或继续关系。现实安全、持续行为、反例与双方意愿优先。,高,待验证,,partner_evidence=PV3; provisional=true; rule_group=PARTNER-PV证据,0.3
M5-PARTNER-230,PV3 同类场景重复证据｜最低资料,L4 现实证据深度,PARTNER-PV证据,通用,证据,PV3,同类场景重复证据,在同一种任务中多次出现相似行为。,没有相应现实资料。,由共享基础引擎与M5-BASE提供；只修正用户需要何种伴侣功能，不直接推断现实对象成熟度。,由M2提供；夫妻星与准入证据只说明谁容易进入关系，不能替代伴侣长期能力验证。,由M3-BASE提供；日支只帮助确定用户亲密关系中的功能需求，不直接描述具体伴侣人格。,无／按本规则指定的伴侣行为、场景或匹配模式路由。,近位、远位只修正用户对某项功能的优先级；不得据此断定现实伴侣一定具备。,根气只修正用户功能需求是否稳定重复，不等于具体对象已经稳定做到。,旺弱只修正需求强度、风险敏感度或匹配模式，不直接等于伴侣能力质量。,喜忌只修正用户对功能的承载与摩擦，不可直接翻译为理想伴侣五行、十神或人格。,真合化成立时按化神功能重算用户需求；合化争议时停止细化伴侣画像。,近位提高该功能进入亲密关系核心的可能；远位只保留背景或情境性观察。,88,PV路由,partner_evidence_level,PV3的最低资料是：在同一种任务中多次出现相似行为。,这一层主要依据：在同一种任务中多次出现相似行为。,不得仅凭本规则推出某个具体人必然适合、忠诚、成熟或长期稳定；不得推断职业、收入、外貌、家庭、生肖、五行；不得以命理要求容忍伤害、原谅、复合或继续关系。现实安全、持续行为、反例与双方意愿优先。,中高,待验证,,partner_evidence=PV3; provisional=true; rule_group=PARTNER-PV证据,0.3
M5-PARTNER-231,PV3 同类场景重复证据｜允许发布,L4 现实证据深度,PARTNER-PV证据,通用,输出,PV3,同类场景重复证据,PV3成立。,试图越级到更强结论。,由共享基础引擎与M5-BASE提供；只修正用户需要何种伴侣功能，不直接推断现实对象成熟度。,由M2提供；夫妻星与准入证据只说明谁容易进入关系，不能替代伴侣长期能力验证。,由M3-BASE提供；日支只帮助确定用户亲密关系中的功能需求，不直接描述具体伴侣人格。,无／按本规则指定的伴侣行为、场景或匹配模式路由。,近位、远位只修正用户对某项功能的优先级；不得据此断定现实伴侣一定具备。,根气只修正用户功能需求是否稳定重复，不等于具体对象已经稳定做到。,旺弱只修正需求强度、风险敏感度或匹配模式，不直接等于伴侣能力质量。,喜忌只修正用户对功能的承载与摩擦，不可直接翻译为理想伴侣五行、十神或人格。,真合化成立时按化神功能重算用户需求；合化争议时停止细化伴侣画像。,近位提高该功能进入亲密关系核心的可能；远位只保留背景或情境性观察。,84,发布上限,report_text,可以建立该场景内的稳定候选。,可以建立该场景内的稳定候选。,不得仅凭本规则推出某个具体人必然适合、忠诚、成熟或长期稳定；不得推断职业、收入、外貌、家庭、生肖、五行；不得以命理要求容忍伤害、原谅、复合或继续关系。现实安全、持续行为、反例与双方意愿优先。,中高,待验证,,partner_evidence=PV3; provisional=true; rule_group=PARTNER-PV证据,0.3
M5-PARTNER-232,PV3 同类场景重复证据｜禁止发布,L4 现实证据深度,PARTNER-PV证据,通用,边界,PV3,同类场景重复证据,PV3成立。,无,由共享基础引擎与M5-BASE提供；只修正用户需要何种伴侣功能，不直接推断现实对象成熟度。,由M2提供；夫妻星与准入证据只说明谁容易进入关系，不能替代伴侣长期能力验证。,由M3-BASE提供；日支只帮助确定用户亲密关系中的功能需求，不直接描述具体伴侣人格。,无／按本规则指定的伴侣行为、场景或匹配模式路由。,近位、远位只修正用户对某项功能的优先级；不得据此断定现实伴侣一定具备。,根气只修正用户功能需求是否稳定重复，不等于具体对象已经稳定做到。,旺弱只修正需求强度、风险敏感度或匹配模式，不直接等于伴侣能力质量。,喜忌只修正用户对功能的承载与摩擦，不可直接翻译为理想伴侣五行、十神或人格。,真合化成立时按化神功能重算用户需求；合化争议时停止细化伴侣画像。,近位提高该功能进入亲密关系核心的可能；远位只保留背景或情境性观察。,95,不加分；边界,boundary_note,不能自动扩展到压力、修复或其他领域。,目前还不能：不能自动扩展到压力、修复或其他领域。,不得仅凭本规则推出某个具体人必然适合、忠诚、成熟或长期稳定；不得推断职业、收入、外貌、家庭、生肖、五行；不得以命理要求容忍伤害、原谅、复合或继续关系。现实安全、持续行为、反例与双方意愿优先。,高,待验证,,partner_evidence=PV3; provisional=true; rule_group=PARTNER-PV证据,0.3
M5-PARTNER-233,PV3 同类场景重复证据｜升级任务,L4 现实证据深度,PARTNER-PV证据,通用,路由,PV3,同类场景重复证据,准备从PV3升级。,安全、资料或反例停止。,由共享基础引擎与M5-BASE提供；只修正用户需要何种伴侣功能，不直接推断现实对象成熟度。,由M2提供；夫妻星与准入证据只说明谁容易进入关系，不能替代伴侣长期能力验证。,由M3-BASE提供；日支只帮助确定用户亲密关系中的功能需求，不直接描述具体伴侣人格。,无／按本规则指定的伴侣行为、场景或匹配模式路由。,近位、远位只修正用户对某项功能的优先级；不得据此断定现实伴侣一定具备。,根气只修正用户功能需求是否稳定重复，不等于具体对象已经稳定做到。,旺弱只修正需求强度、风险敏感度或匹配模式，不直接等于伴侣能力质量。,喜忌只修正用户对功能的承载与摩擦，不可直接翻译为理想伴侣五行、十神或人格。,真合化成立时按化神功能重算用户需求；合化争议时停止细化伴侣画像。,近位提高该功能进入亲密关系核心的可能；远位只保留背景或情境性观察。,76,不加分；观察计划,observation_plan,增加跨场景观察。,下一步观察：增加跨场景观察。,不得仅凭本规则推出某个具体人必然适合、忠诚、成熟或长期稳定；不得推断职业、收入、外貌、家庭、生肖、五行；不得以命理要求容忍伤害、原谅、复合或继续关系。现实安全、持续行为、反例与双方意愿优先。,中,待验证,,partner_evidence=PV3; provisional=true; rule_group=PARTNER-PV证据,0.3
M5-PARTNER-234,PV3 同类场景重复证据｜与FG关系,L4 现实证据深度,PARTNER-PV证据,通用,接口,PV3,同类场景重复证据,PV3可用。,把PV直接等同FG。,由共享基础引擎与M5-BASE提供；只修正用户需要何种伴侣功能，不直接推断现实对象成熟度。,由M2提供；夫妻星与准入证据只说明谁容易进入关系，不能替代伴侣长期能力验证。,由M3-BASE提供；日支只帮助确定用户亲密关系中的功能需求，不直接描述具体伴侣人格。,无／按本规则指定的伴侣行为、场景或匹配模式路由。,近位、远位只修正用户对某项功能的优先级；不得据此断定现实伴侣一定具备。,根气只修正用户功能需求是否稳定重复，不等于具体对象已经稳定做到。,旺弱只修正需求强度、风险敏感度或匹配模式，不直接等于伴侣能力质量。,喜忌只修正用户对功能的承载与摩擦，不可直接翻译为理想伴侣五行、十神或人格。,真合化成立时按化神功能重算用户需求；合化争议时停止细化伴侣画像。,近位提高该功能进入亲密关系核心的可能；远位只保留背景或情境性观察。,92,不加分；去耦,fit_grade,PV与FG分开计算。,行为证据更深，但最终适配仍需综合现实门槛。,不得仅凭本规则推出某个具体人必然适合、忠诚、成熟或长期稳定；不得推断职业、收入、外貌、家庭、生肖、五行；不得以命理要求容忍伤害、原谅、复合或继续关系。现实安全、持续行为、反例与双方意愿优先。,高,待验证,,partner_evidence=PV3; provisional=true; rule_group=PARTNER-PV证据,0.3
M5-PARTNER-235,PV4 跨场景一致证据｜正式定义,L4 现实证据深度,PARTNER-PV证据,通用,定义,PV4,跨场景一致证据,评估具体对象行为证据。,无,由共享基础引擎与M5-BASE提供；只修正用户需要何种伴侣功能，不直接推断现实对象成熟度。,由M2提供；夫妻星与准入证据只说明谁容易进入关系，不能替代伴侣长期能力验证。,由M3-BASE提供；日支只帮助确定用户亲密关系中的功能需求，不直接描述具体伴侣人格。,无／按本规则指定的伴侣行为、场景或匹配模式路由。,近位、远位只修正用户对某项功能的优先级；不得据此断定现实伴侣一定具备。,根气只修正用户功能需求是否稳定重复，不等于具体对象已经稳定做到。,旺弱只修正需求强度、风险敏感度或匹配模式，不直接等于伴侣能力质量。,喜忌只修正用户对功能的承载与摩擦，不可直接翻译为理想伴侣五行、十神或人格。,真合化成立时按化神功能重算用户需求；合化争议时停止细化伴侣画像。,近位提高该功能进入亲密关系核心的可能；远位只保留背景或情境性观察。,96,不加分；证据定义,partner_evidence_level,在两个以上不同情境中保持核心功能。,当前证据层级：跨场景一致证据。,不得仅凭本规则推出某个具体人必然适合、忠诚、成熟或长期稳定；不得推断职业、收入、外貌、家庭、生肖、五行；不得以命理要求容忍伤害、原谅、复合或继续关系。现实安全、持续行为、反例与双方意愿优先。,高,待验证,,partner_evidence=PV4; provisional=true; rule_group=PARTNER-PV证据,0.3
M5-PARTNER-236,PV4 跨场景一致证据｜最低资料,L4 现实证据深度,PARTNER-PV证据,通用,证据,PV4,跨场景一致证据,在两个以上不同情境中保持核心功能。,没有相应现实资料。,由共享基础引擎与M5-BASE提供；只修正用户需要何种伴侣功能，不直接推断现实对象成熟度。,由M2提供；夫妻星与准入证据只说明谁容易进入关系，不能替代伴侣长期能力验证。,由M3-BASE提供；日支只帮助确定用户亲密关系中的功能需求，不直接描述具体伴侣人格。,无／按本规则指定的伴侣行为、场景或匹配模式路由。,近位、远位只修正用户对某项功能的优先级；不得据此断定现实伴侣一定具备。,根气只修正用户功能需求是否稳定重复，不等于具体对象已经稳定做到。,旺弱只修正需求强度、风险敏感度或匹配模式，不直接等于伴侣能力质量。,喜忌只修正用户对功能的承载与摩擦，不可直接翻译为理想伴侣五行、十神或人格。,真合化成立时按化神功能重算用户需求；合化争议时停止细化伴侣画像。,近位提高该功能进入亲密关系核心的可能；远位只保留背景或情境性观察。,88,PV路由,partner_evidence_level,PV4的最低资料是：在两个以上不同情境中保持核心功能。,这一层主要依据：在两个以上不同情境中保持核心功能。,不得仅凭本规则推出某个具体人必然适合、忠诚、成熟或长期稳定；不得推断职业、收入、外貌、家庭、生肖、五行；不得以命理要求容忍伤害、原谅、复合或继续关系。现实安全、持续行为、反例与双方意愿优先。,中高,待验证,,partner_evidence=PV4; provisional=true; rule_group=PARTNER-PV证据,0.3
M5-PARTNER-237,PV4 跨场景一致证据｜允许发布,L4 现实证据深度,PARTNER-PV证据,通用,输出,PV4,跨场景一致证据,PV4成立。,试图越级到更强结论。,由共享基础引擎与M5-BASE提供；只修正用户需要何种伴侣功能，不直接推断现实对象成熟度。,由M2提供；夫妻星与准入证据只说明谁容易进入关系，不能替代伴侣长期能力验证。,由M3-BASE提供；日支只帮助确定用户亲密关系中的功能需求，不直接描述具体伴侣人格。,无／按本规则指定的伴侣行为、场景或匹配模式路由。,近位、远位只修正用户对某项功能的优先级；不得据此断定现实伴侣一定具备。,根气只修正用户功能需求是否稳定重复，不等于具体对象已经稳定做到。,旺弱只修正需求强度、风险敏感度或匹配模式，不直接等于伴侣能力质量。,喜忌只修正用户对功能的承载与摩擦，不可直接翻译为理想伴侣五行、十神或人格。,真合化成立时按化神功能重算用户需求；合化争议时停止细化伴侣画像。,近位提高该功能进入亲密关系核心的可能；远位只保留背景或情境性观察。,84,发布上限,report_text,可以建立较可靠的伴侣功能候选。,可以建立较可靠的伴侣功能候选。,不得仅凭本规则推出某个具体人必然适合、忠诚、成熟或长期稳定；不得推断职业、收入、外貌、家庭、生肖、五行；不得以命理要求容忍伤害、原谅、复合或继续关系。现实安全、持续行为、反例与双方意愿优先。,中高,待验证,,partner_evidence=PV4; provisional=true; rule_group=PARTNER-PV证据,0.3
M5-PARTNER-238,PV4 跨场景一致证据｜禁止发布,L4 现实证据深度,PARTNER-PV证据,通用,边界,PV4,跨场景一致证据,PV4成立。,无,由共享基础引擎与M5-BASE提供；只修正用户需要何种伴侣功能，不直接推断现实对象成熟度。,由M2提供；夫妻星与准入证据只说明谁容易进入关系，不能替代伴侣长期能力验证。,由M3-BASE提供；日支只帮助确定用户亲密关系中的功能需求，不直接描述具体伴侣人格。,无／按本规则指定的伴侣行为、场景或匹配模式路由。,近位、远位只修正用户对某项功能的优先级；不得据此断定现实伴侣一定具备。,根气只修正用户功能需求是否稳定重复，不等于具体对象已经稳定做到。,旺弱只修正需求强度、风险敏感度或匹配模式，不直接等于伴侣能力质量。,喜忌只修正用户对功能的承载与摩擦，不可直接翻译为理想伴侣五行、十神或人格。,真合化成立时按化神功能重算用户需求；合化争议时停止细化伴侣画像。,近位提高该功能进入亲密关系核心的可能；远位只保留背景或情境性观察。,95,不加分；边界,boundary_note,仍不能替代压力和修复检验。,目前还不能：仍不能替代压力和修复检验。,不得仅凭本规则推出某个具体人必然适合、忠诚、成熟或长期稳定；不得推断职业、收入、外貌、家庭、生肖、五行；不得以命理要求容忍伤害、原谅、复合或继续关系。现实安全、持续行为、反例与双方意愿优先。,高,待验证,,partner_evidence=PV4; provisional=true; rule_group=PARTNER-PV证据,0.3
M5-PARTNER-239,PV4 跨场景一致证据｜升级任务,L4 现实证据深度,PARTNER-PV证据,通用,路由,PV4,跨场景一致证据,准备从PV4升级。,安全、资料或反例停止。,由共享基础引擎与M5-BASE提供；只修正用户需要何种伴侣功能，不直接推断现实对象成熟度。,由M2提供；夫妻星与准入证据只说明谁容易进入关系，不能替代伴侣长期能力验证。,由M3-BASE提供；日支只帮助确定用户亲密关系中的功能需求，不直接描述具体伴侣人格。,无／按本规则指定的伴侣行为、场景或匹配模式路由。,近位、远位只修正用户对某项功能的优先级；不得据此断定现实伴侣一定具备。,根气只修正用户功能需求是否稳定重复，不等于具体对象已经稳定做到。,旺弱只修正需求强度、风险敏感度或匹配模式，不直接等于伴侣能力质量。,喜忌只修正用户对功能的承载与摩擦，不可直接翻译为理想伴侣五行、十神或人格。,真合化成立时按化神功能重算用户需求；合化争议时停止细化伴侣画像。,近位提高该功能进入亲密关系核心的可能；远位只保留背景或情境性观察。,76,不加分；观察计划,observation_plan,观察成本与冲突情境。,下一步观察：观察成本与冲突情境。,不得仅凭本规则推出某个具体人必然适合、忠诚、成熟或长期稳定；不得推断职业、收入、外貌、家庭、生肖、五行；不得以命理要求容忍伤害、原谅、复合或继续关系。现实安全、持续行为、反例与双方意愿优先。,中,待验证,,partner_evidence=PV4; provisional=true; rule_group=PARTNER-PV证据,0.3
M5-PARTNER-240,PV4 跨场景一致证据｜与FG关系,L4 现实证据深度,PARTNER-PV证据,通用,接口,PV4,跨场景一致证据,PV4可用。,把PV直接等同FG。,由共享基础引擎与M5-BASE提供；只修正用户需要何种伴侣功能，不直接推断现实对象成熟度。,由M2提供；夫妻星与准入证据只说明谁容易进入关系，不能替代伴侣长期能力验证。,由M3-BASE提供；日支只帮助确定用户亲密关系中的功能需求，不直接描述具体伴侣人格。,无／按本规则指定的伴侣行为、场景或匹配模式路由。,近位、远位只修正用户对某项功能的优先级；不得据此断定现实伴侣一定具备。,根气只修正用户功能需求是否稳定重复，不等于具体对象已经稳定做到。,旺弱只修正需求强度、风险敏感度或匹配模式，不直接等于伴侣能力质量。,喜忌只修正用户对功能的承载与摩擦，不可直接翻译为理想伴侣五行、十神或人格。,真合化成立时按化神功能重算用户需求；合化争议时停止细化伴侣画像。,近位提高该功能进入亲密关系核心的可能；远位只保留背景或情境性观察。,92,不加分；去耦,fit_grade,PV与FG分开计算。,行为证据更深，但最终适配仍需综合现实门槛。,不得仅凭本规则推出某个具体人必然适合、忠诚、成熟或长期稳定；不得推断职业、收入、外貌、家庭、生肖、五行；不得以命理要求容忍伤害、原谅、复合或继续关系。现实安全、持续行为、反例与双方意愿优先。,高,待验证,,partner_evidence=PV4; provisional=true; rule_group=PARTNER-PV证据,0.3
M5-PARTNER-241,PV5 压力／代价情境证据｜正式定义,L4 现实证据深度,PARTNER-PV证据,通用,定义,PV5,压力／代价情境证据,评估具体对象行为证据。,无,由共享基础引擎与M5-BASE提供；只修正用户需要何种伴侣功能，不直接推断现实对象成熟度。,由M2提供；夫妻星与准入证据只说明谁容易进入关系，不能替代伴侣长期能力验证。,由M3-BASE提供；日支只帮助确定用户亲密关系中的功能需求，不直接描述具体伴侣人格。,无／按本规则指定的伴侣行为、场景或匹配模式路由。,近位、远位只修正用户对某项功能的优先级；不得据此断定现实伴侣一定具备。,根气只修正用户功能需求是否稳定重复，不等于具体对象已经稳定做到。,旺弱只修正需求强度、风险敏感度或匹配模式，不直接等于伴侣能力质量。,喜忌只修正用户对功能的承载与摩擦，不可直接翻译为理想伴侣五行、十神或人格。,真合化成立时按化神功能重算用户需求；合化争议时停止细化伴侣画像。,近位提高该功能进入亲密关系核心的可能；远位只保留背景或情境性观察。,96,不加分；证据定义,partner_evidence_level,在疲劳、成本、冲突或不利条件下仍保留核心功能。,当前证据层级：压力／代价情境证据。,不得仅凭本规则推出某个具体人必然适合、忠诚、成熟或长期稳定；不得推断职业、收入、外貌、家庭、生肖、五行；不得以命理要求容忍伤害、原谅、复合或继续关系。现实安全、持续行为、反例与双方意愿优先。,高,待验证,,partner_evidence=PV5; provisional=true; rule_group=PARTNER-PV证据,0.3
M5-PARTNER-242,PV5 压力／代价情境证据｜最低资料,L4 现实证据深度,PARTNER-PV证据,通用,证据,PV5,压力／代价情境证据,在疲劳、成本、冲突或不利条件下仍保留核心功能。,没有相应现实资料。,由共享基础引擎与M5-BASE提供；只修正用户需要何种伴侣功能，不直接推断现实对象成熟度。,由M2提供；夫妻星与准入证据只说明谁容易进入关系，不能替代伴侣长期能力验证。,由M3-BASE提供；日支只帮助确定用户亲密关系中的功能需求，不直接描述具体伴侣人格。,无／按本规则指定的伴侣行为、场景或匹配模式路由。,近位、远位只修正用户对某项功能的优先级；不得据此断定现实伴侣一定具备。,根气只修正用户功能需求是否稳定重复，不等于具体对象已经稳定做到。,旺弱只修正需求强度、风险敏感度或匹配模式，不直接等于伴侣能力质量。,喜忌只修正用户对功能的承载与摩擦，不可直接翻译为理想伴侣五行、十神或人格。,真合化成立时按化神功能重算用户需求；合化争议时停止细化伴侣画像。,近位提高该功能进入亲密关系核心的可能；远位只保留背景或情境性观察。,88,PV路由,partner_evidence_level,PV5的最低资料是：在疲劳、成本、冲突或不利条件下仍保留核心功能。,这一层主要依据：在疲劳、成本、冲突或不利条件下仍保留核心功能。,不得仅凭本规则推出某个具体人必然适合、忠诚、成熟或长期稳定；不得推断职业、收入、外貌、家庭、生肖、五行；不得以命理要求容忍伤害、原谅、复合或继续关系。现实安全、持续行为、反例与双方意愿优先。,中高,待验证,,partner_evidence=PV5; provisional=true; rule_group=PARTNER-PV证据,0.3
M5-PARTNER-243,PV5 压力／代价情境证据｜允许发布,L4 现实证据深度,PARTNER-PV证据,通用,输出,PV5,压力／代价情境证据,PV5成立。,试图越级到更强结论。,由共享基础引擎与M5-BASE提供；只修正用户需要何种伴侣功能，不直接推断现实对象成熟度。,由M2提供；夫妻星与准入证据只说明谁容易进入关系，不能替代伴侣长期能力验证。,由M3-BASE提供；日支只帮助确定用户亲密关系中的功能需求，不直接描述具体伴侣人格。,无／按本规则指定的伴侣行为、场景或匹配模式路由。,近位、远位只修正用户对某项功能的优先级；不得据此断定现实伴侣一定具备。,根气只修正用户功能需求是否稳定重复，不等于具体对象已经稳定做到。,旺弱只修正需求强度、风险敏感度或匹配模式，不直接等于伴侣能力质量。,喜忌只修正用户对功能的承载与摩擦，不可直接翻译为理想伴侣五行、十神或人格。,真合化成立时按化神功能重算用户需求；合化争议时停止细化伴侣画像。,近位提高该功能进入亲密关系核心的可能；远位只保留背景或情境性观察。,84,发布上限,report_text,可以判断该功能在压力下的边界。,可以判断该功能在压力下的边界。,不得仅凭本规则推出某个具体人必然适合、忠诚、成熟或长期稳定；不得推断职业、收入、外貌、家庭、生肖、五行；不得以命理要求容忍伤害、原谅、复合或继续关系。现实安全、持续行为、反例与双方意愿优先。,中高,待验证,,partner_evidence=PV5; provisional=true; rule_group=PARTNER-PV证据,0.3
M5-PARTNER-244,PV5 压力／代价情境证据｜禁止发布,L4 现实证据深度,PARTNER-PV证据,通用,边界,PV5,压力／代价情境证据,PV5成立。,无,由共享基础引擎与M5-BASE提供；只修正用户需要何种伴侣功能，不直接推断现实对象成熟度。,由M2提供；夫妻星与准入证据只说明谁容易进入关系，不能替代伴侣长期能力验证。,由M3-BASE提供；日支只帮助确定用户亲密关系中的功能需求，不直接描述具体伴侣人格。,无／按本规则指定的伴侣行为、场景或匹配模式路由。,近位、远位只修正用户对某项功能的优先级；不得据此断定现实伴侣一定具备。,根气只修正用户功能需求是否稳定重复，不等于具体对象已经稳定做到。,旺弱只修正需求强度、风险敏感度或匹配模式，不直接等于伴侣能力质量。,喜忌只修正用户对功能的承载与摩擦，不可直接翻译为理想伴侣五行、十神或人格。,真合化成立时按化神功能重算用户需求；合化争议时停止细化伴侣画像。,近位提高该功能进入亲密关系核心的可能；远位只保留背景或情境性观察。,95,不加分；边界,boundary_note,不能单独证明修复完整。,目前还不能：不能单独证明修复完整。,不得仅凭本规则推出某个具体人必然适合、忠诚、成熟或长期稳定；不得推断职业、收入、外貌、家庭、生肖、五行；不得以命理要求容忍伤害、原谅、复合或继续关系。现实安全、持续行为、反例与双方意愿优先。,高,待验证,,partner_evidence=PV5; provisional=true; rule_group=PARTNER-PV证据,0.3
M5-PARTNER-245,PV5 压力／代价情境证据｜升级任务,L4 现实证据深度,PARTNER-PV证据,通用,路由,PV5,压力／代价情境证据,准备从PV5升级。,安全、资料或反例停止。,由共享基础引擎与M5-BASE提供；只修正用户需要何种伴侣功能，不直接推断现实对象成熟度。,由M2提供；夫妻星与准入证据只说明谁容易进入关系，不能替代伴侣长期能力验证。,由M3-BASE提供；日支只帮助确定用户亲密关系中的功能需求，不直接描述具体伴侣人格。,无／按本规则指定的伴侣行为、场景或匹配模式路由。,近位、远位只修正用户对某项功能的优先级；不得据此断定现实伴侣一定具备。,根气只修正用户功能需求是否稳定重复，不等于具体对象已经稳定做到。,旺弱只修正需求强度、风险敏感度或匹配模式，不直接等于伴侣能力质量。,喜忌只修正用户对功能的承载与摩擦，不可直接翻译为理想伴侣五行、十神或人格。,真合化成立时按化神功能重算用户需求；合化争议时停止细化伴侣画像。,近位提高该功能进入亲密关系核心的可能；远位只保留背景或情境性观察。,76,不加分；观察计划,observation_plan,收集修复与反馈证据。,下一步观察：收集修复与反馈证据。,不得仅凭本规则推出某个具体人必然适合、忠诚、成熟或长期稳定；不得推断职业、收入、外貌、家庭、生肖、五行；不得以命理要求容忍伤害、原谅、复合或继续关系。现实安全、持续行为、反例与双方意愿优先。,中,待验证,,partner_evidence=PV5; provisional=true; rule_group=PARTNER-PV证据,0.3
M5-PARTNER-246,PV5 压力／代价情境证据｜与FG关系,L4 现实证据深度,PARTNER-PV证据,通用,接口,PV5,压力／代价情境证据,PV5可用。,把PV直接等同FG。,由共享基础引擎与M5-BASE提供；只修正用户需要何种伴侣功能，不直接推断现实对象成熟度。,由M2提供；夫妻星与准入证据只说明谁容易进入关系，不能替代伴侣长期能力验证。,由M3-BASE提供；日支只帮助确定用户亲密关系中的功能需求，不直接描述具体伴侣人格。,无／按本规则指定的伴侣行为、场景或匹配模式路由。,近位、远位只修正用户对某项功能的优先级；不得据此断定现实伴侣一定具备。,根气只修正用户功能需求是否稳定重复，不等于具体对象已经稳定做到。,旺弱只修正需求强度、风险敏感度或匹配模式，不直接等于伴侣能力质量。,喜忌只修正用户对功能的承载与摩擦，不可直接翻译为理想伴侣五行、十神或人格。,真合化成立时按化神功能重算用户需求；合化争议时停止细化伴侣画像。,近位提高该功能进入亲密关系核心的可能；远位只保留背景或情境性观察。,92,不加分；去耦,fit_grade,PV与FG分开计算。,行为证据更深，但最终适配仍需综合现实门槛。,不得仅凭本规则推出某个具体人必然适合、忠诚、成熟或长期稳定；不得推断职业、收入、外貌、家庭、生肖、五行；不得以命理要求容忍伤害、原谅、复合或继续关系。现实安全、持续行为、反例与双方意愿优先。,高,待验证,,partner_evidence=PV5; provisional=true; rule_group=PARTNER-PV证据,0.3
M5-PARTNER-247,PV6 修复与反馈证据｜正式定义,L4 现实证据深度,PARTNER-PV证据,通用,定义,PV6,修复与反馈证据,评估具体对象行为证据。,无,由共享基础引擎与M5-BASE提供；只修正用户需要何种伴侣功能，不直接推断现实对象成熟度。,由M2提供；夫妻星与准入证据只说明谁容易进入关系，不能替代伴侣长期能力验证。,由M3-BASE提供；日支只帮助确定用户亲密关系中的功能需求，不直接描述具体伴侣人格。,无／按本规则指定的伴侣行为、场景或匹配模式路由。,近位、远位只修正用户对某项功能的优先级；不得据此断定现实伴侣一定具备。,根气只修正用户功能需求是否稳定重复，不等于具体对象已经稳定做到。,旺弱只修正需求强度、风险敏感度或匹配模式，不直接等于伴侣能力质量。,喜忌只修正用户对功能的承载与摩擦，不可直接翻译为理想伴侣五行、十神或人格。,真合化成立时按化神功能重算用户需求；合化争议时停止细化伴侣画像。,近位提高该功能进入亲密关系核心的可能；远位只保留背景或情境性观察。,96,不加分；证据定义,partner_evidence_level,发生问题后能接收反馈、承担、改变并回访。,当前证据层级：修复与反馈证据。,不得仅凭本规则推出某个具体人必然适合、忠诚、成熟或长期稳定；不得推断职业、收入、外貌、家庭、生肖、五行；不得以命理要求容忍伤害、原谅、复合或继续关系。现实安全、持续行为、反例与双方意愿优先。,高,待验证,,partner_evidence=PV6; provisional=true; rule_group=PARTNER-PV证据,0.3
M5-PARTNER-248,PV6 修复与反馈证据｜最低资料,L4 现实证据深度,PARTNER-PV证据,通用,证据,PV6,修复与反馈证据,发生问题后能接收反馈、承担、改变并回访。,没有相应现实资料。,由共享基础引擎与M5-BASE提供；只修正用户需要何种伴侣功能，不直接推断现实对象成熟度。,由M2提供；夫妻星与准入证据只说明谁容易进入关系，不能替代伴侣长期能力验证。,由M3-BASE提供；日支只帮助确定用户亲密关系中的功能需求，不直接描述具体伴侣人格。,无／按本规则指定的伴侣行为、场景或匹配模式路由。,近位、远位只修正用户对某项功能的优先级；不得据此断定现实伴侣一定具备。,根气只修正用户功能需求是否稳定重复，不等于具体对象已经稳定做到。,旺弱只修正需求强度、风险敏感度或匹配模式，不直接等于伴侣能力质量。,喜忌只修正用户对功能的承载与摩擦，不可直接翻译为理想伴侣五行、十神或人格。,真合化成立时按化神功能重算用户需求；合化争议时停止细化伴侣画像。,近位提高该功能进入亲密关系核心的可能；远位只保留背景或情境性观察。,88,PV路由,partner_evidence_level,PV6的最低资料是：发生问题后能接收反馈、承担、改变并回访。,这一层主要依据：发生问题后能接收反馈、承担、改变并回访。,不得仅凭本规则推出某个具体人必然适合、忠诚、成熟或长期稳定；不得推断职业、收入、外貌、家庭、生肖、五行；不得以命理要求容忍伤害、原谅、复合或继续关系。现实安全、持续行为、反例与双方意愿优先。,中高,待验证,,partner_evidence=PV6; provisional=true; rule_group=PARTNER-PV证据,0.3
M5-PARTNER-249,PV6 修复与反馈证据｜允许发布,L4 现实证据深度,PARTNER-PV证据,通用,输出,PV6,修复与反馈证据,PV6成立。,试图越级到更强结论。,由共享基础引擎与M5-BASE提供；只修正用户需要何种伴侣功能，不直接推断现实对象成熟度。,由M2提供；夫妻星与准入证据只说明谁容易进入关系，不能替代伴侣长期能力验证。,由M3-BASE提供；日支只帮助确定用户亲密关系中的功能需求，不直接描述具体伴侣人格。,无／按本规则指定的伴侣行为、场景或匹配模式路由。,近位、远位只修正用户对某项功能的优先级；不得据此断定现实伴侣一定具备。,根气只修正用户功能需求是否稳定重复，不等于具体对象已经稳定做到。,旺弱只修正需求强度、风险敏感度或匹配模式，不直接等于伴侣能力质量。,喜忌只修正用户对功能的承载与摩擦，不可直接翻译为理想伴侣五行、十神或人格。,真合化成立时按化神功能重算用户需求；合化争议时停止细化伴侣画像。,近位提高该功能进入亲密关系核心的可能；远位只保留背景或情境性观察。,84,发布上限,report_text,可以建立修复能力候选。,可以建立修复能力候选。,不得仅凭本规则推出某个具体人必然适合、忠诚、成熟或长期稳定；不得推断职业、收入、外貌、家庭、生肖、五行；不得以命理要求容忍伤害、原谅、复合或继续关系。现实安全、持续行为、反例与双方意愿优先。,中高,待验证,,partner_evidence=PV6; provisional=true; rule_group=PARTNER-PV证据,0.3
M5-PARTNER-250,PV6 修复与反馈证据｜禁止发布,L4 现实证据深度,PARTNER-PV证据,通用,边界,PV6,修复与反馈证据,PV6成立。,无,由共享基础引擎与M5-BASE提供；只修正用户需要何种伴侣功能，不直接推断现实对象成熟度。,由M2提供；夫妻星与准入证据只说明谁容易进入关系，不能替代伴侣长期能力验证。,由M3-BASE提供；日支只帮助确定用户亲密关系中的功能需求，不直接描述具体伴侣人格。,无／按本规则指定的伴侣行为、场景或匹配模式路由。,近位、远位只修正用户对某项功能的优先级；不得据此断定现实伴侣一定具备。,根气只修正用户功能需求是否稳定重复，不等于具体对象已经稳定做到。,旺弱只修正需求强度、风险敏感度或匹配模式，不直接等于伴侣能力质量。,喜忌只修正用户对功能的承载与摩擦，不可直接翻译为理想伴侣五行、十神或人格。,真合化成立时按化神功能重算用户需求；合化争议时停止细化伴侣画像。,近位提高该功能进入亲密关系核心的可能；远位只保留背景或情境性观察。,95,不加分；边界,boundary_note,一次修复不能写长期稳定。,目前还不能：一次修复不能写长期稳定。,不得仅凭本规则推出某个具体人必然适合、忠诚、成熟或长期稳定；不得推断职业、收入、外貌、家庭、生肖、五行；不得以命理要求容忍伤害、原谅、复合或继续关系。现实安全、持续行为、反例与双方意愿优先。,高,待验证,,partner_evidence=PV6; provisional=true; rule_group=PARTNER-PV证据,0.3
M5-PARTNER-251,PV6 修复与反馈证据｜升级任务,L4 现实证据深度,PARTNER-PV证据,通用,路由,PV6,修复与反馈证据,准备从PV6升级。,安全、资料或反例停止。,由共享基础引擎与M5-BASE提供；只修正用户需要何种伴侣功能，不直接推断现实对象成熟度。,由M2提供；夫妻星与准入证据只说明谁容易进入关系，不能替代伴侣长期能力验证。,由M3-BASE提供；日支只帮助确定用户亲密关系中的功能需求，不直接描述具体伴侣人格。,无／按本规则指定的伴侣行为、场景或匹配模式路由。,近位、远位只修正用户对某项功能的优先级；不得据此断定现实伴侣一定具备。,根气只修正用户功能需求是否稳定重复，不等于具体对象已经稳定做到。,旺弱只修正需求强度、风险敏感度或匹配模式，不直接等于伴侣能力质量。,喜忌只修正用户对功能的承载与摩擦，不可直接翻译为理想伴侣五行、十神或人格。,真合化成立时按化神功能重算用户需求；合化争议时停止细化伴侣画像。,近位提高该功能进入亲密关系核心的可能；远位只保留背景或情境性观察。,76,不加分；观察计划,observation_plan,观察后续复发与持续兑现。,下一步观察：观察后续复发与持续兑现。,不得仅凭本规则推出某个具体人必然适合、忠诚、成熟或长期稳定；不得推断职业、收入、外貌、家庭、生肖、五行；不得以命理要求容忍伤害、原谅、复合或继续关系。现实安全、持续行为、反例与双方意愿优先。,中,待验证,,partner_evidence=PV6; provisional=true; rule_group=PARTNER-PV证据,0.3
M5-PARTNER-252,PV6 修复与反馈证据｜与FG关系,L4 现实证据深度,PARTNER-PV证据,通用,接口,PV6,修复与反馈证据,PV6可用。,把PV直接等同FG。,由共享基础引擎与M5-BASE提供；只修正用户需要何种伴侣功能，不直接推断现实对象成熟度。,由M2提供；夫妻星与准入证据只说明谁容易进入关系，不能替代伴侣长期能力验证。,由M3-BASE提供；日支只帮助确定用户亲密关系中的功能需求，不直接描述具体伴侣人格。,无／按本规则指定的伴侣行为、场景或匹配模式路由。,近位、远位只修正用户对某项功能的优先级；不得据此断定现实伴侣一定具备。,根气只修正用户功能需求是否稳定重复，不等于具体对象已经稳定做到。,旺弱只修正需求强度、风险敏感度或匹配模式，不直接等于伴侣能力质量。,喜忌只修正用户对功能的承载与摩擦，不可直接翻译为理想伴侣五行、十神或人格。,真合化成立时按化神功能重算用户需求；合化争议时停止细化伴侣画像。,近位提高该功能进入亲密关系核心的可能；远位只保留背景或情境性观察。,92,不加分；去耦,fit_grade,PV与FG分开计算。,行为证据更深，但最终适配仍需综合现实门槛。,不得仅凭本规则推出某个具体人必然适合、忠诚、成熟或长期稳定；不得推断职业、收入、外貌、家庭、生肖、五行；不得以命理要求容忍伤害、原谅、复合或继续关系。现实安全、持续行为、反例与双方意愿优先。,高,待验证,,partner_evidence=PV6; provisional=true; rule_group=PARTNER-PV证据,0.3
M5-PARTNER-253,PV7 反例／复发检验证据｜正式定义,L4 现实证据深度,PARTNER-PV证据,通用,定义,PV7,反例／复发检验证据,评估具体对象行为证据。,无,由共享基础引擎与M5-BASE提供；只修正用户需要何种伴侣功能，不直接推断现实对象成熟度。,由M2提供；夫妻星与准入证据只说明谁容易进入关系，不能替代伴侣长期能力验证。,由M3-BASE提供；日支只帮助确定用户亲密关系中的功能需求，不直接描述具体伴侣人格。,无／按本规则指定的伴侣行为、场景或匹配模式路由。,近位、远位只修正用户对某项功能的优先级；不得据此断定现实伴侣一定具备。,根气只修正用户功能需求是否稳定重复，不等于具体对象已经稳定做到。,旺弱只修正需求强度、风险敏感度或匹配模式，不直接等于伴侣能力质量。,喜忌只修正用户对功能的承载与摩擦，不可直接翻译为理想伴侣五行、十神或人格。,真合化成立时按化神功能重算用户需求；合化争议时停止细化伴侣画像。,近位提高该功能进入亲密关系核心的可能；远位只保留背景或情境性观察。,96,不加分；证据定义,partner_evidence_level,经历反例、旧问题复发或规则对自己不利时，仍能调整和维持。,当前证据层级：反例／复发检验证据。,不得仅凭本规则推出某个具体人必然适合、忠诚、成熟或长期稳定；不得推断职业、收入、外貌、家庭、生肖、五行；不得以命理要求容忍伤害、原谅、复合或继续关系。现实安全、持续行为、反例与双方意愿优先。,高,待验证,,partner_evidence=PV7; provisional=true; rule_group=PARTNER-PV证据,0.3
M5-PARTNER-254,PV7 反例／复发检验证据｜最低资料,L4 现实证据深度,PARTNER-PV证据,通用,证据,PV7,反例／复发检验证据,经历反例、旧问题复发或规则对自己不利时，仍能调整和维持。,没有相应现实资料。,由共享基础引擎与M5-BASE提供；只修正用户需要何种伴侣功能，不直接推断现实对象成熟度。,由M2提供；夫妻星与准入证据只说明谁容易进入关系，不能替代伴侣长期能力验证。,由M3-BASE提供；日支只帮助确定用户亲密关系中的功能需求，不直接描述具体伴侣人格。,无／按本规则指定的伴侣行为、场景或匹配模式路由。,近位、远位只修正用户对某项功能的优先级；不得据此断定现实伴侣一定具备。,根气只修正用户功能需求是否稳定重复，不等于具体对象已经稳定做到。,旺弱只修正需求强度、风险敏感度或匹配模式，不直接等于伴侣能力质量。,喜忌只修正用户对功能的承载与摩擦，不可直接翻译为理想伴侣五行、十神或人格。,真合化成立时按化神功能重算用户需求；合化争议时停止细化伴侣画像。,近位提高该功能进入亲密关系核心的可能；远位只保留背景或情境性观察。,88,PV路由,partner_evidence_level,PV7的最低资料是：经历反例、旧问题复发或规则对自己不利时，仍能调整和维持。,这一层主要依据：经历反例、旧问题复发或规则对自己不利时，仍能调整和维持。,不得仅凭本规则推出某个具体人必然适合、忠诚、成熟或长期稳定；不得推断职业、收入、外貌、家庭、生肖、五行；不得以命理要求容忍伤害、原谅、复合或继续关系。现实安全、持续行为、反例与双方意愿优先。,中高,待验证,,partner_evidence=PV7; provisional=true; rule_group=PARTNER-PV证据,0.3
M5-PARTNER-255,PV7 反例／复发检验证据｜允许发布,L4 现实证据深度,PARTNER-PV证据,通用,输出,PV7,反例／复发检验证据,PV7成立。,试图越级到更强结论。,由共享基础引擎与M5-BASE提供；只修正用户需要何种伴侣功能，不直接推断现实对象成熟度。,由M2提供；夫妻星与准入证据只说明谁容易进入关系，不能替代伴侣长期能力验证。,由M3-BASE提供；日支只帮助确定用户亲密关系中的功能需求，不直接描述具体伴侣人格。,无／按本规则指定的伴侣行为、场景或匹配模式路由。,近位、远位只修正用户对某项功能的优先级；不得据此断定现实伴侣一定具备。,根气只修正用户功能需求是否稳定重复，不等于具体对象已经稳定做到。,旺弱只修正需求强度、风险敏感度或匹配模式，不直接等于伴侣能力质量。,喜忌只修正用户对功能的承载与摩擦，不可直接翻译为理想伴侣五行、十神或人格。,真合化成立时按化神功能重算用户需求；合化争议时停止细化伴侣画像。,近位提高该功能进入亲密关系核心的可能；远位只保留背景或情境性观察。,84,发布上限,report_text,可作为较高等级的现实功能证据。,可作为较高等级的现实功能证据。,不得仅凭本规则推出某个具体人必然适合、忠诚、成熟或长期稳定；不得推断职业、收入、外貌、家庭、生肖、五行；不得以命理要求容忍伤害、原谅、复合或继续关系。现实安全、持续行为、反例与双方意愿优先。,中高,待验证,,partner_evidence=PV7; provisional=true; rule_group=PARTNER-PV证据,0.3
M5-PARTNER-256,PV7 反例／复发检验证据｜禁止发布,L4 现实证据深度,PARTNER-PV证据,通用,边界,PV7,反例／复发检验证据,PV7成立。,无,由共享基础引擎与M5-BASE提供；只修正用户需要何种伴侣功能，不直接推断现实对象成熟度。,由M2提供；夫妻星与准入证据只说明谁容易进入关系，不能替代伴侣长期能力验证。,由M3-BASE提供；日支只帮助确定用户亲密关系中的功能需求，不直接描述具体伴侣人格。,无／按本规则指定的伴侣行为、场景或匹配模式路由。,近位、远位只修正用户对某项功能的优先级；不得据此断定现实伴侣一定具备。,根气只修正用户功能需求是否稳定重复，不等于具体对象已经稳定做到。,旺弱只修正需求强度、风险敏感度或匹配模式，不直接等于伴侣能力质量。,喜忌只修正用户对功能的承载与摩擦，不可直接翻译为理想伴侣五行、十神或人格。,真合化成立时按化神功能重算用户需求；合化争议时停止细化伴侣画像。,近位提高该功能进入亲密关系核心的可能；远位只保留背景或情境性观察。,95,不加分；边界,boundary_note,仍受RG现实门槛和安全事实约束。,目前还不能：仍受RG现实门槛和安全事实约束。,不得仅凭本规则推出某个具体人必然适合、忠诚、成熟或长期稳定；不得推断职业、收入、外貌、家庭、生肖、五行；不得以命理要求容忍伤害、原谅、复合或继续关系。现实安全、持续行为、反例与双方意愿优先。,高,待验证,,partner_evidence=PV7; provisional=true; rule_group=PARTNER-PV证据,0.3
M5-PARTNER-257,PV7 反例／复发检验证据｜升级任务,L4 现实证据深度,PARTNER-PV证据,通用,路由,PV7,反例／复发检验证据,准备从PV7升级。,安全、资料或反例停止。,由共享基础引擎与M5-BASE提供；只修正用户需要何种伴侣功能，不直接推断现实对象成熟度。,由M2提供；夫妻星与准入证据只说明谁容易进入关系，不能替代伴侣长期能力验证。,由M3-BASE提供；日支只帮助确定用户亲密关系中的功能需求，不直接描述具体伴侣人格。,无／按本规则指定的伴侣行为、场景或匹配模式路由。,近位、远位只修正用户对某项功能的优先级；不得据此断定现实伴侣一定具备。,根气只修正用户功能需求是否稳定重复，不等于具体对象已经稳定做到。,旺弱只修正需求强度、风险敏感度或匹配模式，不直接等于伴侣能力质量。,喜忌只修正用户对功能的承载与摩擦，不可直接翻译为理想伴侣五行、十神或人格。,真合化成立时按化神功能重算用户需求；合化争议时停止细化伴侣画像。,近位提高该功能进入亲密关系核心的可能；远位只保留背景或情境性观察。,76,不加分；观察计划,observation_plan,进入M5-SYNTH综合验证。,下一步观察：进入M5-SYNTH综合验证。,不得仅凭本规则推出某个具体人必然适合、忠诚、成熟或长期稳定；不得推断职业、收入、外貌、家庭、生肖、五行；不得以命理要求容忍伤害、原谅、复合或继续关系。现实安全、持续行为、反例与双方意愿优先。,中,待验证,,partner_evidence=PV7; provisional=true; rule_group=PARTNER-PV证据,0.3
M5-PARTNER-258,PV7 反例／复发检验证据｜与FG关系,L4 现实证据深度,PARTNER-PV证据,通用,接口,PV7,反例／复发检验证据,PV7可用。,把PV直接等同FG。,由共享基础引擎与M5-BASE提供；只修正用户需要何种伴侣功能，不直接推断现实对象成熟度。,由M2提供；夫妻星与准入证据只说明谁容易进入关系，不能替代伴侣长期能力验证。,由M3-BASE提供；日支只帮助确定用户亲密关系中的功能需求，不直接描述具体伴侣人格。,无／按本规则指定的伴侣行为、场景或匹配模式路由。,近位、远位只修正用户对某项功能的优先级；不得据此断定现实伴侣一定具备。,根气只修正用户功能需求是否稳定重复，不等于具体对象已经稳定做到。,旺弱只修正需求强度、风险敏感度或匹配模式，不直接等于伴侣能力质量。,喜忌只修正用户对功能的承载与摩擦，不可直接翻译为理想伴侣五行、十神或人格。,真合化成立时按化神功能重算用户需求；合化争议时停止细化伴侣画像。,近位提高该功能进入亲密关系核心的可能；远位只保留背景或情境性观察。,92,不加分；去耦,fit_grade,PV与FG分开计算。,行为证据更深，但最终适配仍需综合现实门槛。,不得仅凭本规则推出某个具体人必然适合、忠诚、成熟或长期稳定；不得推断职业、收入、外貌、家庭、生肖、五行；不得以命理要求容忍伤害、原谅、复合或继续关系。现实安全、持续行为、反例与双方意愿优先。,高,待验证,,partner_evidence=PV7; provisional=true; rule_group=PARTNER-PV证据,0.3
M5-PARTNER-259,FM01 同频共振｜正式定义,L5 匹配模式对象化,PARTNER-FM模式,通用,定义,FM01,同频共振,M5-BASE已路由该FM。,安全或现实反例停止。,由共享基础引擎与M5-BASE提供；只修正用户需要何种伴侣功能，不直接推断现实对象成熟度。,由M2提供；夫妻星与准入证据只说明谁容易进入关系，不能替代伴侣长期能力验证。,由M3-BASE提供；日支只帮助确定用户亲密关系中的功能需求，不直接描述具体伴侣人格。,无／按本规则指定的伴侣行为、场景或匹配模式路由。,近位、远位只修正用户对某项功能的优先级；不得据此断定现实伴侣一定具备。,根气只修正用户功能需求是否稳定重复，不等于具体对象已经稳定做到。,旺弱只修正需求强度、风险敏感度或匹配模式，不直接等于伴侣能力质量。,喜忌只修正用户对功能的承载与摩擦，不可直接翻译为理想伴侣五行、十神或人格。,真合化成立时按化神功能重算用户需求；合化争议时停止细化伴侣画像。,近位提高该功能进入亲密关系核心的可能；远位只保留背景或情境性观察。,90,FM候选 +8,similarity_complement_mode,双方同一功能较平衡且不会共同放大M4主盲点。,匹配方式更接近同频共振。,不得仅凭本规则推出某个具体人必然适合、忠诚、成熟或长期稳定；不得推断职业、收入、外貌、家庭、生肖、五行；不得以命理要求容忍伤害、原谅、复合或继续关系。现实安全、持续行为、反例与双方意愿优先。,中高,待验证,,fit_mode=FM01; provisional=true; rule_group=PARTNER-FM模式,0.3
M5-PARTNER-260,FM01 同频共振｜伴侣行为,L5 匹配模式对象化,PARTNER-FM模式,通用,行为,FM01,同频共振,双方同一功能较平衡且不会共同放大M4主盲点。,只有人格相似／相反标签。,由共享基础引擎与M5-BASE提供；只修正用户需要何种伴侣功能，不直接推断现实对象成熟度。,由M2提供；夫妻星与准入证据只说明谁容易进入关系，不能替代伴侣长期能力验证。,由M3-BASE提供；日支只帮助确定用户亲密关系中的功能需求，不直接描述具体伴侣人格。,无／按本规则指定的伴侣行为、场景或匹配模式路由。,近位、远位只修正用户对某项功能的优先级；不得据此断定现实伴侣一定具备。,根气只修正用户功能需求是否稳定重复，不等于具体对象已经稳定做到。,旺弱只修正需求强度、风险敏感度或匹配模式，不直接等于伴侣能力质量。,喜忌只修正用户对功能的承载与摩擦，不可直接翻译为理想伴侣五行、十神或人格。,真合化成立时按化神功能重算用户需求；合化争议时停止细化伴侣画像。,近位提高该功能进入亲密关系核心的可能；远位只保留背景或情境性观察。,84,+10 行为候选,required_partner_behaviors,对方以相似方式回应，并能接收反馈、让另一功能进入。,对方需要能够：对方以相似方式回应，并能接收反馈、让另一功能进入。,不得仅凭本规则推出某个具体人必然适合、忠诚、成熟或长期稳定；不得推断职业、收入、外貌、家庭、生肖、五行；不得以命理要求容忍伤害、原谅、复合或继续关系。现实安全、持续行为、反例与双方意愿优先。,中,待验证,,fit_mode=FM01; provisional=true; rule_group=PARTNER-FM模式,0.3
M5-PARTNER-261,FM01 同频共振｜互动结构,L5 匹配模式对象化,PARTNER-FM模式,通用,结构,FM01,同频共振,双方愿意共同执行。,只靠一方牺牲。,由共享基础引擎与M5-BASE提供；只修正用户需要何种伴侣功能，不直接推断现实对象成熟度。,由M2提供；夫妻星与准入证据只说明谁容易进入关系，不能替代伴侣长期能力验证。,由M3-BASE提供；日支只帮助确定用户亲密关系中的功能需求，不直接描述具体伴侣人格。,无／按本规则指定的伴侣行为、场景或匹配模式路由。,近位、远位只修正用户对某项功能的优先级；不得据此断定现实伴侣一定具备。,根气只修正用户功能需求是否稳定重复，不等于具体对象已经稳定做到。,旺弱只修正需求强度、风险敏感度或匹配模式，不直接等于伴侣能力质量。,喜忌只修正用户对功能的承载与摩擦，不可直接翻译为理想伴侣五行、十神或人格。,真合化成立时按化神功能重算用户需求；合化争议时停止细化伴侣画像。,近位提高该功能进入亲密关系核心的可能；远位只保留背景或情境性观察。,82,+8 结构候选,interaction_structure,共同表达、共同经营或共同承接，同时建立制衡。,关系结构需要：共同表达、共同经营或共同承接，同时建立制衡。,不得仅凭本规则推出某个具体人必然适合、忠诚、成熟或长期稳定；不得推断职业、收入、外貌、家庭、生肖、五行；不得以命理要求容忍伤害、原谅、复合或继续关系。现实安全、持续行为、反例与双方意愿优先。,中,待验证,,fit_mode=FM01; provisional=true; rule_group=PARTNER-FM模式,0.3
M5-PARTNER-262,FM01 同频共振｜伪适配停止,L5 匹配模式对象化,PARTNER-FM模式,通用,边界,FM01,同频共振,出现伪适配信号。,PV5—PV7现实证据能够排除。,由共享基础引擎与M5-BASE提供；只修正用户需要何种伴侣功能，不直接推断现实对象成熟度。,由M2提供；夫妻星与准入证据只说明谁容易进入关系，不能替代伴侣长期能力验证。,由M3-BASE提供；日支只帮助确定用户亲密关系中的功能需求，不直接描述具体伴侣人格。,无／按本规则指定的伴侣行为、场景或匹配模式路由。,近位、远位只修正用户对某项功能的优先级；不得据此断定现实伴侣一定具备。,根气只修正用户功能需求是否稳定重复，不等于具体对象已经稳定做到。,旺弱只修正需求强度、风险敏感度或匹配模式，不直接等于伴侣能力质量。,喜忌只修正用户对功能的承载与摩擦，不可直接翻译为理想伴侣五行、十神或人格。,真合化成立时按化神功能重算用户需求；合化争议时停止细化伴侣画像。,近位提高该功能进入亲密关系核心的可能；远位只保留背景或情境性观察。,94,PM风险 +12,pseudo_fit_warning,相同并不自动同频；共同过用会放大风险。,需要避免：相同并不自动同频；共同过用会放大风险。,不得仅凭本规则推出某个具体人必然适合、忠诚、成熟或长期稳定；不得推断职业、收入、外貌、家庭、生肖、五行；不得以命理要求容忍伤害、原谅、复合或继续关系。现实安全、持续行为、反例与双方意愿优先。,中高,待验证,,fit_mode=FM01; provisional=true; rule_group=PARTNER-FM模式,0.3
M5-PARTNER-263,FM01 同频共振｜现实验证,L5 匹配模式对象化,PARTNER-FM模式,通用,证据,FM01,同频共振,存在PV3以上资料。,只有命盘或单次事件。,由共享基础引擎与M5-BASE提供；只修正用户需要何种伴侣功能，不直接推断现实对象成熟度。,由M2提供；夫妻星与准入证据只说明谁容易进入关系，不能替代伴侣长期能力验证。,由M3-BASE提供；日支只帮助确定用户亲密关系中的功能需求，不直接描述具体伴侣人格。,无／按本规则指定的伴侣行为、场景或匹配模式路由。,近位、远位只修正用户对某项功能的优先级；不得据此断定现实伴侣一定具备。,根气只修正用户功能需求是否稳定重复，不等于具体对象已经稳定做到。,旺弱只修正需求强度、风险敏感度或匹配模式，不直接等于伴侣能力质量。,喜忌只修正用户对功能的承载与摩擦，不可直接翻译为理想伴侣五行、十神或人格。,真合化成立时按化神功能重算用户需求；合化争议时停止细化伴侣画像。,近位提高该功能进入亲密关系核心的可能；远位只保留背景或情境性观察。,78,不加分；现实核验,observation_plan,FM模式必须由双方行为和权力结构验证。,要看这种分工或互补是否在不同场景都能运行。,不得仅凭本规则推出某个具体人必然适合、忠诚、成熟或长期稳定；不得推断职业、收入、外貌、家庭、生肖、五行；不得以命理要求容忍伤害、原谅、复合或继续关系。现实安全、持续行为、反例与双方意愿优先。,中,待验证,,fit_mode=FM01; provisional=true; rule_group=PARTNER-FM模式,0.3
M5-PARTNER-264,FM02 功能互补｜正式定义,L5 匹配模式对象化,PARTNER-FM模式,通用,定义,FM02,功能互补,M5-BASE已路由该FM。,安全或现实反例停止。,由共享基础引擎与M5-BASE提供；只修正用户需要何种伴侣功能，不直接推断现实对象成熟度。,由M2提供；夫妻星与准入证据只说明谁容易进入关系，不能替代伴侣长期能力验证。,由M3-BASE提供；日支只帮助确定用户亲密关系中的功能需求，不直接描述具体伴侣人格。,无／按本规则指定的伴侣行为、场景或匹配模式路由。,近位、远位只修正用户对某项功能的优先级；不得据此断定现实伴侣一定具备。,根气只修正用户功能需求是否稳定重复，不等于具体对象已经稳定做到。,旺弱只修正需求强度、风险敏感度或匹配模式，不直接等于伴侣能力质量。,喜忌只修正用户对功能的承载与摩擦，不可直接翻译为理想伴侣五行、十神或人格。,真合化成立时按化神功能重算用户需求；合化争议时停止细化伴侣画像。,近位提高该功能进入亲密关系核心的可能；远位只保留背景或情境性观察。,90,FM候选 +8,similarity_complement_mode,用户确实缺少当前任务所需功能，对方稳定提供且不接管。,匹配方式更接近功能互补。,不得仅凭本规则推出某个具体人必然适合、忠诚、成熟或长期稳定；不得推断职业、收入、外貌、家庭、生肖、五行；不得以命理要求容忍伤害、原谅、复合或继续关系。现实安全、持续行为、反例与双方意愿优先。,中高,待验证,,fit_mode=FM02; provisional=true; rule_group=PARTNER-FM模式,0.3
M5-PARTNER-265,FM02 功能互补｜伴侣行为,L5 匹配模式对象化,PARTNER-FM模式,通用,行为,FM02,功能互补,用户确实缺少当前任务所需功能，对方稳定提供且不接管。,只有人格相似／相反标签。,由共享基础引擎与M5-BASE提供；只修正用户需要何种伴侣功能，不直接推断现实对象成熟度。,由M2提供；夫妻星与准入证据只说明谁容易进入关系，不能替代伴侣长期能力验证。,由M3-BASE提供；日支只帮助确定用户亲密关系中的功能需求，不直接描述具体伴侣人格。,无／按本规则指定的伴侣行为、场景或匹配模式路由。,近位、远位只修正用户对某项功能的优先级；不得据此断定现实伴侣一定具备。,根气只修正用户功能需求是否稳定重复，不等于具体对象已经稳定做到。,旺弱只修正需求强度、风险敏感度或匹配模式，不直接等于伴侣能力质量。,喜忌只修正用户对功能的承载与摩擦，不可直接翻译为理想伴侣五行、十神或人格。,真合化成立时按化神功能重算用户需求；合化争议时停止细化伴侣画像。,近位提高该功能进入亲密关系核心的可能；远位只保留背景或情境性观察。,84,+10 行为候选,required_partner_behaviors,对方补位时邀请用户参与，逐步共享能力与责任。,对方需要能够：对方补位时邀请用户参与，逐步共享能力与责任。,不得仅凭本规则推出某个具体人必然适合、忠诚、成熟或长期稳定；不得推断职业、收入、外貌、家庭、生肖、五行；不得以命理要求容忍伤害、原谅、复合或继续关系。现实安全、持续行为、反例与双方意愿优先。,中,待验证,,fit_mode=FM02; provisional=true; rule_group=PARTNER-FM模式,0.3
M5-PARTNER-266,FM02 功能互补｜互动结构,L5 匹配模式对象化,PARTNER-FM模式,通用,结构,FM02,功能互补,双方愿意共同执行。,只靠一方牺牲。,由共享基础引擎与M5-BASE提供；只修正用户需要何种伴侣功能，不直接推断现实对象成熟度。,由M2提供；夫妻星与准入证据只说明谁容易进入关系，不能替代伴侣长期能力验证。,由M3-BASE提供；日支只帮助确定用户亲密关系中的功能需求，不直接描述具体伴侣人格。,无／按本规则指定的伴侣行为、场景或匹配模式路由。,近位、远位只修正用户对某项功能的优先级；不得据此断定现实伴侣一定具备。,根气只修正用户功能需求是否稳定重复，不等于具体对象已经稳定做到。,旺弱只修正需求强度、风险敏感度或匹配模式，不直接等于伴侣能力质量。,喜忌只修正用户对功能的承载与摩擦，不可直接翻译为理想伴侣五行、十神或人格。,真合化成立时按化神功能重算用户需求；合化争议时停止细化伴侣画像。,近位提高该功能进入亲密关系核心的可能；远位只保留背景或情境性观察。,82,+8 结构候选,interaction_structure,补位＋参与权＋共同成长。,关系结构需要：补位＋参与权＋共同成长。,不得仅凭本规则推出某个具体人必然适合、忠诚、成熟或长期稳定；不得推断职业、收入、外貌、家庭、生肖、五行；不得以命理要求容忍伤害、原谅、复合或继续关系。现实安全、持续行为、反例与双方意愿优先。,中,待验证,,fit_mode=FM02; provisional=true; rule_group=PARTNER-FM模式,0.3
M5-PARTNER-267,FM02 功能互补｜伪适配停止,L5 匹配模式对象化,PARTNER-FM模式,通用,边界,FM02,功能互补,出现伪适配信号。,PV5—PV7现实证据能够排除。,由共享基础引擎与M5-BASE提供；只修正用户需要何种伴侣功能，不直接推断现实对象成熟度。,由M2提供；夫妻星与准入证据只说明谁容易进入关系，不能替代伴侣长期能力验证。,由M3-BASE提供；日支只帮助确定用户亲密关系中的功能需求，不直接描述具体伴侣人格。,无／按本规则指定的伴侣行为、场景或匹配模式路由。,近位、远位只修正用户对某项功能的优先级；不得据此断定现实伴侣一定具备。,根气只修正用户功能需求是否稳定重复，不等于具体对象已经稳定做到。,旺弱只修正需求强度、风险敏感度或匹配模式，不直接等于伴侣能力质量。,喜忌只修正用户对功能的承载与摩擦，不可直接翻译为理想伴侣五行、十神或人格。,真合化成立时按化神功能重算用户需求；合化争议时停止细化伴侣画像。,近位提高该功能进入亲密关系核心的可能；远位只保留背景或情境性观察。,94,PM风险 +12,pseudo_fit_warning,永久包办会形成依赖和权力差。,需要避免：永久包办会形成依赖和权力差。,不得仅凭本规则推出某个具体人必然适合、忠诚、成熟或长期稳定；不得推断职业、收入、外貌、家庭、生肖、五行；不得以命理要求容忍伤害、原谅、复合或继续关系。现实安全、持续行为、反例与双方意愿优先。,中高,待验证,,fit_mode=FM02; provisional=true; rule_group=PARTNER-FM模式,0.3
M5-PARTNER-268,FM02 功能互补｜现实验证,L5 匹配模式对象化,PARTNER-FM模式,通用,证据,FM02,功能互补,存在PV3以上资料。,只有命盘或单次事件。,由共享基础引擎与M5-BASE提供；只修正用户需要何种伴侣功能，不直接推断现实对象成熟度。,由M2提供；夫妻星与准入证据只说明谁容易进入关系，不能替代伴侣长期能力验证。,由M3-BASE提供；日支只帮助确定用户亲密关系中的功能需求，不直接描述具体伴侣人格。,无／按本规则指定的伴侣行为、场景或匹配模式路由。,近位、远位只修正用户对某项功能的优先级；不得据此断定现实伴侣一定具备。,根气只修正用户功能需求是否稳定重复，不等于具体对象已经稳定做到。,旺弱只修正需求强度、风险敏感度或匹配模式，不直接等于伴侣能力质量。,喜忌只修正用户对功能的承载与摩擦，不可直接翻译为理想伴侣五行、十神或人格。,真合化成立时按化神功能重算用户需求；合化争议时停止细化伴侣画像。,近位提高该功能进入亲密关系核心的可能；远位只保留背景或情境性观察。,78,不加分；现实核验,observation_plan,FM模式必须由双方行为和权力结构验证。,要看这种分工或互补是否在不同场景都能运行。,不得仅凭本规则推出某个具体人必然适合、忠诚、成熟或长期稳定；不得推断职业、收入、外貌、家庭、生肖、五行；不得以命理要求容忍伤害、原谅、复合或继续关系。现实安全、持续行为、反例与双方意愿优先。,中,待验证,,fit_mode=FM02; provisional=true; rule_group=PARTNER-FM模式,0.3
M5-PARTNER-269,FM03 先后接力｜正式定义,L5 匹配模式对象化,PARTNER-FM模式,通用,定义,FM03,先后接力,M5-BASE已路由该FM。,安全或现实反例停止。,由共享基础引擎与M5-BASE提供；只修正用户需要何种伴侣功能，不直接推断现实对象成熟度。,由M2提供；夫妻星与准入证据只说明谁容易进入关系，不能替代伴侣长期能力验证。,由M3-BASE提供；日支只帮助确定用户亲密关系中的功能需求，不直接描述具体伴侣人格。,无／按本规则指定的伴侣行为、场景或匹配模式路由。,近位、远位只修正用户对某项功能的优先级；不得据此断定现实伴侣一定具备。,根气只修正用户功能需求是否稳定重复，不等于具体对象已经稳定做到。,旺弱只修正需求强度、风险敏感度或匹配模式，不直接等于伴侣能力质量。,喜忌只修正用户对功能的承载与摩擦，不可直接翻译为理想伴侣五行、十神或人格。,真合化成立时按化神功能重算用户需求；合化争议时停止细化伴侣画像。,近位提高该功能进入亲密关系核心的可能；远位只保留背景或情境性观察。,90,FM候选 +8,similarity_complement_mode,双方擅长不同必要步骤，且有明确回流。,匹配方式更接近先后接力。,不得仅凭本规则推出某个具体人必然适合、忠诚、成熟或长期稳定；不得推断职业、收入、外貌、家庭、生肖、五行；不得以命理要求容忍伤害、原谅、复合或继续关系。现实安全、持续行为、反例与双方意愿优先。,中高,待验证,,fit_mode=FM03; provisional=true; rule_group=PARTNER-FM模式,0.3
M5-PARTNER-270,FM03 先后接力｜伴侣行为,L5 匹配模式对象化,PARTNER-FM模式,通用,行为,FM03,先后接力,双方擅长不同必要步骤，且有明确回流。,只有人格相似／相反标签。,由共享基础引擎与M5-BASE提供；只修正用户需要何种伴侣功能，不直接推断现实对象成熟度。,由M2提供；夫妻星与准入证据只说明谁容易进入关系，不能替代伴侣长期能力验证。,由M3-BASE提供；日支只帮助确定用户亲密关系中的功能需求，不直接描述具体伴侣人格。,无／按本规则指定的伴侣行为、场景或匹配模式路由。,近位、远位只修正用户对某项功能的优先级；不得据此断定现实伴侣一定具备。,根气只修正用户功能需求是否稳定重复，不等于具体对象已经稳定做到。,旺弱只修正需求强度、风险敏感度或匹配模式，不直接等于伴侣能力质量。,喜忌只修正用户对功能的承载与摩擦，不可直接翻译为理想伴侣五行、十神或人格。,真合化成立时按化神功能重算用户需求；合化争议时停止细化伴侣画像。,近位提高该功能进入亲密关系核心的可能；远位只保留背景或情境性观察。,84,+10 行为候选,required_partner_behaviors,一方先处理，另一方承接下一步，之后共同复盘。,对方需要能够：一方先处理，另一方承接下一步，之后共同复盘。,不得仅凭本规则推出某个具体人必然适合、忠诚、成熟或长期稳定；不得推断职业、收入、外貌、家庭、生肖、五行；不得以命理要求容忍伤害、原谅、复合或继续关系。现实安全、持续行为、反例与双方意愿优先。,中,待验证,,fit_mode=FM03; provisional=true; rule_group=PARTNER-FM模式,0.3
M5-PARTNER-271,FM03 先后接力｜互动结构,L5 匹配模式对象化,PARTNER-FM模式,通用,结构,FM03,先后接力,双方愿意共同执行。,只靠一方牺牲。,由共享基础引擎与M5-BASE提供；只修正用户需要何种伴侣功能，不直接推断现实对象成熟度。,由M2提供；夫妻星与准入证据只说明谁容易进入关系，不能替代伴侣长期能力验证。,由M3-BASE提供；日支只帮助确定用户亲密关系中的功能需求，不直接描述具体伴侣人格。,无／按本规则指定的伴侣行为、场景或匹配模式路由。,近位、远位只修正用户对某项功能的优先级；不得据此断定现实伴侣一定具备。,根气只修正用户功能需求是否稳定重复，不等于具体对象已经稳定做到。,旺弱只修正需求强度、风险敏感度或匹配模式，不直接等于伴侣能力质量。,喜忌只修正用户对功能的承载与摩擦，不可直接翻译为理想伴侣五行、十神或人格。,真合化成立时按化神功能重算用户需求；合化争议时停止细化伴侣画像。,近位提高该功能进入亲密关系核心的可能；远位只保留背景或情境性观察。,82,+8 结构候选,interaction_structure,先后、转交、回访点明确。,关系结构需要：先后、转交、回访点明确。,不得仅凭本规则推出某个具体人必然适合、忠诚、成熟或长期稳定；不得推断职业、收入、外貌、家庭、生肖、五行；不得以命理要求容忍伤害、原谅、复合或继续关系。现实安全、持续行为、反例与双方意愿优先。,中,待验证,,fit_mode=FM03; provisional=true; rule_group=PARTNER-FM模式,0.3
M5-PARTNER-272,FM03 先后接力｜伪适配停止,L5 匹配模式对象化,PARTNER-FM模式,通用,边界,FM03,先后接力,出现伪适配信号。,PV5—PV7现实证据能够排除。,由共享基础引擎与M5-BASE提供；只修正用户需要何种伴侣功能，不直接推断现实对象成熟度。,由M2提供；夫妻星与准入证据只说明谁容易进入关系，不能替代伴侣长期能力验证。,由M3-BASE提供；日支只帮助确定用户亲密关系中的功能需求，不直接描述具体伴侣人格。,无／按本规则指定的伴侣行为、场景或匹配模式路由。,近位、远位只修正用户对某项功能的优先级；不得据此断定现实伴侣一定具备。,根气只修正用户功能需求是否稳定重复，不等于具体对象已经稳定做到。,旺弱只修正需求强度、风险敏感度或匹配模式，不直接等于伴侣能力质量。,喜忌只修正用户对功能的承载与摩擦，不可直接翻译为理想伴侣五行、十神或人格。,真合化成立时按化神功能重算用户需求；合化争议时停止细化伴侣画像。,近位提高该功能进入亲密关系核心的可能；远位只保留背景或情境性观察。,94,PM风险 +12,pseudo_fit_warning,只完成第一步或一方永远负责同一步是假接力。,需要避免：只完成第一步或一方永远负责同一步是假接力。,不得仅凭本规则推出某个具体人必然适合、忠诚、成熟或长期稳定；不得推断职业、收入、外貌、家庭、生肖、五行；不得以命理要求容忍伤害、原谅、复合或继续关系。现实安全、持续行为、反例与双方意愿优先。,中高,待验证,,fit_mode=FM03; provisional=true; rule_group=PARTNER-FM模式,0.3
M5-PARTNER-273,FM03 先后接力｜现实验证,L5 匹配模式对象化,PARTNER-FM模式,通用,证据,FM03,先后接力,存在PV3以上资料。,只有命盘或单次事件。,由共享基础引擎与M5-BASE提供；只修正用户需要何种伴侣功能，不直接推断现实对象成熟度。,由M2提供；夫妻星与准入证据只说明谁容易进入关系，不能替代伴侣长期能力验证。,由M3-BASE提供；日支只帮助确定用户亲密关系中的功能需求，不直接描述具体伴侣人格。,无／按本规则指定的伴侣行为、场景或匹配模式路由。,近位、远位只修正用户对某项功能的优先级；不得据此断定现实伴侣一定具备。,根气只修正用户功能需求是否稳定重复，不等于具体对象已经稳定做到。,旺弱只修正需求强度、风险敏感度或匹配模式，不直接等于伴侣能力质量。,喜忌只修正用户对功能的承载与摩擦，不可直接翻译为理想伴侣五行、十神或人格。,真合化成立时按化神功能重算用户需求；合化争议时停止细化伴侣画像。,近位提高该功能进入亲密关系核心的可能；远位只保留背景或情境性观察。,78,不加分；现实核验,observation_plan,FM模式必须由双方行为和权力结构验证。,要看这种分工或互补是否在不同场景都能运行。,不得仅凭本规则推出某个具体人必然适合、忠诚、成熟或长期稳定；不得推断职业、收入、外貌、家庭、生肖、五行；不得以命理要求容忍伤害、原谅、复合或继续关系。现实安全、持续行为、反例与双方意愿优先。,中,待验证,,fit_mode=FM03; provisional=true; rule_group=PARTNER-FM模式,0.3
M5-PARTNER-274,FM04 角色分工｜正式定义,L5 匹配模式对象化,PARTNER-FM模式,通用,定义,FM04,角色分工,M5-BASE已路由该FM。,安全或现实反例停止。,由共享基础引擎与M5-BASE提供；只修正用户需要何种伴侣功能，不直接推断现实对象成熟度。,由M2提供；夫妻星与准入证据只说明谁容易进入关系，不能替代伴侣长期能力验证。,由M3-BASE提供；日支只帮助确定用户亲密关系中的功能需求，不直接描述具体伴侣人格。,无／按本规则指定的伴侣行为、场景或匹配模式路由。,近位、远位只修正用户对某项功能的优先级；不得据此断定现实伴侣一定具备。,根气只修正用户功能需求是否稳定重复，不等于具体对象已经稳定做到。,旺弱只修正需求强度、风险敏感度或匹配模式，不直接等于伴侣能力质量。,喜忌只修正用户对功能的承载与摩擦，不可直接翻译为理想伴侣五行、十神或人格。,真合化成立时按化神功能重算用户需求；合化争议时停止细化伴侣画像。,近位提高该功能进入亲密关系核心的可能；远位只保留背景或情境性观察。,90,FM候选 +8,similarity_complement_mode,双方在不同领域各有稳定能力，权责透明可调整。,匹配方式更接近角色分工。,不得仅凭本规则推出某个具体人必然适合、忠诚、成熟或长期稳定；不得推断职业、收入、外貌、家庭、生肖、五行；不得以命理要求容忍伤害、原谅、复合或继续关系。现实安全、持续行为、反例与双方意愿优先。,中高,待验证,,fit_mode=FM04; provisional=true; rule_group=PARTNER-FM模式,0.3
M5-PARTNER-275,FM04 角色分工｜伴侣行为,L5 匹配模式对象化,PARTNER-FM模式,通用,行为,FM04,角色分工,双方在不同领域各有稳定能力，权责透明可调整。,只有人格相似／相反标签。,由共享基础引擎与M5-BASE提供；只修正用户需要何种伴侣功能，不直接推断现实对象成熟度。,由M2提供；夫妻星与准入证据只说明谁容易进入关系，不能替代伴侣长期能力验证。,由M3-BASE提供；日支只帮助确定用户亲密关系中的功能需求，不直接描述具体伴侣人格。,无／按本规则指定的伴侣行为、场景或匹配模式路由。,近位、远位只修正用户对某项功能的优先级；不得据此断定现实伴侣一定具备。,根气只修正用户功能需求是否稳定重复，不等于具体对象已经稳定做到。,旺弱只修正需求强度、风险敏感度或匹配模式，不直接等于伴侣能力质量。,喜忌只修正用户对功能的承载与摩擦，不可直接翻译为理想伴侣五行、十神或人格。,真合化成立时按化神功能重算用户需求；合化争议时停止细化伴侣画像。,近位提高该功能进入亲密关系核心的可能；远位只保留背景或情境性观察。,84,+10 行为候选,required_partner_behaviors,清楚说明谁负责什么、什么共同决定、何时重谈。,对方需要能够：清楚说明谁负责什么、什么共同决定、何时重谈。,不得仅凭本规则推出某个具体人必然适合、忠诚、成熟或长期稳定；不得推断职业、收入、外貌、家庭、生肖、五行；不得以命理要求容忍伤害、原谅、复合或继续关系。现实安全、持续行为、反例与双方意愿优先。,中,待验证,,fit_mode=FM04; provisional=true; rule_group=PARTNER-FM模式,0.3
M5-PARTNER-276,FM04 角色分工｜互动结构,L5 匹配模式对象化,PARTNER-FM模式,通用,结构,FM04,角色分工,双方愿意共同执行。,只靠一方牺牲。,由共享基础引擎与M5-BASE提供；只修正用户需要何种伴侣功能，不直接推断现实对象成熟度。,由M2提供；夫妻星与准入证据只说明谁容易进入关系，不能替代伴侣长期能力验证。,由M3-BASE提供；日支只帮助确定用户亲密关系中的功能需求，不直接描述具体伴侣人格。,无／按本规则指定的伴侣行为、场景或匹配模式路由。,近位、远位只修正用户对某项功能的优先级；不得据此断定现实伴侣一定具备。,根气只修正用户功能需求是否稳定重复，不等于具体对象已经稳定做到。,旺弱只修正需求强度、风险敏感度或匹配模式，不直接等于伴侣能力质量。,喜忌只修正用户对功能的承载与摩擦，不可直接翻译为理想伴侣五行、十神或人格。,真合化成立时按化神功能重算用户需求；合化争议时停止细化伴侣画像。,近位提高该功能进入亲密关系核心的可能；远位只保留背景或情境性观察。,82,+8 结构候选,interaction_structure,角色分工＋共同监督。,关系结构需要：角色分工＋共同监督。,不得仅凭本规则推出某个具体人必然适合、忠诚、成熟或长期稳定；不得推断职业、收入、外貌、家庭、生肖、五行；不得以命理要求容忍伤害、原谅、复合或继续关系。现实安全、持续行为、反例与双方意愿优先。,中,待验证,,fit_mode=FM04; provisional=true; rule_group=PARTNER-FM模式,0.3
M5-PARTNER-277,FM04 角色分工｜伪适配停止,L5 匹配模式对象化,PARTNER-FM模式,通用,边界,FM04,角色分工,出现伪适配信号。,PV5—PV7现实证据能够排除。,由共享基础引擎与M5-BASE提供；只修正用户需要何种伴侣功能，不直接推断现实对象成熟度。,由M2提供；夫妻星与准入证据只说明谁容易进入关系，不能替代伴侣长期能力验证。,由M3-BASE提供；日支只帮助确定用户亲密关系中的功能需求，不直接描述具体伴侣人格。,无／按本规则指定的伴侣行为、场景或匹配模式路由。,近位、远位只修正用户对某项功能的优先级；不得据此断定现实伴侣一定具备。,根气只修正用户功能需求是否稳定重复，不等于具体对象已经稳定做到。,旺弱只修正需求强度、风险敏感度或匹配模式，不直接等于伴侣能力质量。,喜忌只修正用户对功能的承载与摩擦，不可直接翻译为理想伴侣五行、十神或人格。,真合化成立时按化神功能重算用户需求；合化争议时停止细化伴侣画像。,近位提高该功能进入亲密关系核心的可能；远位只保留背景或情境性观察。,94,PM风险 +12,pseudo_fit_warning,分工固化为权力高低或劳动不对等是假适配。,需要避免：分工固化为权力高低或劳动不对等是假适配。,不得仅凭本规则推出某个具体人必然适合、忠诚、成熟或长期稳定；不得推断职业、收入、外貌、家庭、生肖、五行；不得以命理要求容忍伤害、原谅、复合或继续关系。现实安全、持续行为、反例与双方意愿优先。,中高,待验证,,fit_mode=FM04; provisional=true; rule_group=PARTNER-FM模式,0.3
M5-PARTNER-278,FM04 角色分工｜现实验证,L5 匹配模式对象化,PARTNER-FM模式,通用,证据,FM04,角色分工,存在PV3以上资料。,只有命盘或单次事件。,由共享基础引擎与M5-BASE提供；只修正用户需要何种伴侣功能，不直接推断现实对象成熟度。,由M2提供；夫妻星与准入证据只说明谁容易进入关系，不能替代伴侣长期能力验证。,由M3-BASE提供；日支只帮助确定用户亲密关系中的功能需求，不直接描述具体伴侣人格。,无／按本规则指定的伴侣行为、场景或匹配模式路由。,近位、远位只修正用户对某项功能的优先级；不得据此断定现实伴侣一定具备。,根气只修正用户功能需求是否稳定重复，不等于具体对象已经稳定做到。,旺弱只修正需求强度、风险敏感度或匹配模式，不直接等于伴侣能力质量。,喜忌只修正用户对功能的承载与摩擦，不可直接翻译为理想伴侣五行、十神或人格。,真合化成立时按化神功能重算用户需求；合化争议时停止细化伴侣画像。,近位提高该功能进入亲密关系核心的可能；远位只保留背景或情境性观察。,78,不加分；现实核验,observation_plan,FM模式必须由双方行为和权力结构验证。,要看这种分工或互补是否在不同场景都能运行。,不得仅凭本规则推出某个具体人必然适合、忠诚、成熟或长期稳定；不得推断职业、收入、外貌、家庭、生肖、五行；不得以命理要求容忍伤害、原谅、复合或继续关系。现实安全、持续行为、反例与双方意愿优先。,中,待验证,,fit_mode=FM04; provisional=true; rule_group=PARTNER-FM模式,0.3
M5-PARTNER-279,FM05 双向制衡｜正式定义,L5 匹配模式对象化,PARTNER-FM模式,通用,定义,FM05,双向制衡,M5-BASE已路由该FM。,安全或现实反例停止。,由共享基础引擎与M5-BASE提供；只修正用户需要何种伴侣功能，不直接推断现实对象成熟度。,由M2提供；夫妻星与准入证据只说明谁容易进入关系，不能替代伴侣长期能力验证。,由M3-BASE提供；日支只帮助确定用户亲密关系中的功能需求，不直接描述具体伴侣人格。,无／按本规则指定的伴侣行为、场景或匹配模式路由。,近位、远位只修正用户对某项功能的优先级；不得据此断定现实伴侣一定具备。,根气只修正用户功能需求是否稳定重复，不等于具体对象已经稳定做到。,旺弱只修正需求强度、风险敏感度或匹配模式，不直接等于伴侣能力质量。,喜忌只修正用户对功能的承载与摩擦，不可直接翻译为理想伴侣五行、十神或人格。,真合化成立时按化神功能重算用户需求；合化争议时停止细化伴侣画像。,近位提高该功能进入亲密关系核心的可能；远位只保留背景或情境性观察。,90,FM候选 +8,similarity_complement_mode,用户某项功能易抢位，需要另一功能限制和复核。,匹配方式更接近双向制衡。,不得仅凭本规则推出某个具体人必然适合、忠诚、成熟或长期稳定；不得推断职业、收入、外貌、家庭、生肖、五行；不得以命理要求容忍伤害、原谅、复合或继续关系。现实安全、持续行为、反例与双方意愿优先。,中高,待验证,,fit_mode=FM05; provisional=true; rule_group=PARTNER-FM模式,0.3
M5-PARTNER-280,FM05 双向制衡｜伴侣行为,L5 匹配模式对象化,PARTNER-FM模式,通用,行为,FM05,双向制衡,用户某项功能易抢位，需要另一功能限制和复核。,只有人格相似／相反标签。,由共享基础引擎与M5-BASE提供；只修正用户需要何种伴侣功能，不直接推断现实对象成熟度。,由M2提供；夫妻星与准入证据只说明谁容易进入关系，不能替代伴侣长期能力验证。,由M3-BASE提供；日支只帮助确定用户亲密关系中的功能需求，不直接描述具体伴侣人格。,无／按本规则指定的伴侣行为、场景或匹配模式路由。,近位、远位只修正用户对某项功能的优先级；不得据此断定现实伴侣一定具备。,根气只修正用户功能需求是否稳定重复，不等于具体对象已经稳定做到。,旺弱只修正需求强度、风险敏感度或匹配模式，不直接等于伴侣能力质量。,喜忌只修正用户对功能的承载与摩擦，不可直接翻译为理想伴侣五行、十神或人格。,真合化成立时按化神功能重算用户需求；合化争议时停止细化伴侣画像。,近位提高该功能进入亲密关系核心的可能；远位只保留背景或情境性观察。,84,+10 行为候选,required_partner_behaviors,对方能及时反馈、设停止点，又不否定用户原有能力。,对方需要能够：对方能及时反馈、设停止点，又不否定用户原有能力。,不得仅凭本规则推出某个具体人必然适合、忠诚、成熟或长期稳定；不得推断职业、收入、外貌、家庭、生肖、五行；不得以命理要求容忍伤害、原谅、复合或继续关系。现实安全、持续行为、反例与双方意愿优先。,中,待验证,,fit_mode=FM05; provisional=true; rule_group=PARTNER-FM模式,0.3
M5-PARTNER-281,FM05 双向制衡｜互动结构,L5 匹配模式对象化,PARTNER-FM模式,通用,结构,FM05,双向制衡,双方愿意共同执行。,只靠一方牺牲。,由共享基础引擎与M5-BASE提供；只修正用户需要何种伴侣功能，不直接推断现实对象成熟度。,由M2提供；夫妻星与准入证据只说明谁容易进入关系，不能替代伴侣长期能力验证。,由M3-BASE提供；日支只帮助确定用户亲密关系中的功能需求，不直接描述具体伴侣人格。,无／按本规则指定的伴侣行为、场景或匹配模式路由。,近位、远位只修正用户对某项功能的优先级；不得据此断定现实伴侣一定具备。,根气只修正用户功能需求是否稳定重复，不等于具体对象已经稳定做到。,旺弱只修正需求强度、风险敏感度或匹配模式，不直接等于伴侣能力质量。,喜忌只修正用户对功能的承载与摩擦，不可直接翻译为理想伴侣五行、十神或人格。,真合化成立时按化神功能重算用户需求；合化争议时停止细化伴侣画像。,近位提高该功能进入亲密关系核心的可能；远位只保留背景或情境性观察。,82,+8 结构候选,interaction_structure,反馈、边界、共同决定与第二功能进入点。,关系结构需要：反馈、边界、共同决定与第二功能进入点。,不得仅凭本规则推出某个具体人必然适合、忠诚、成熟或长期稳定；不得推断职业、收入、外貌、家庭、生肖、五行；不得以命理要求容忍伤害、原谅、复合或继续关系。现实安全、持续行为、反例与双方意愿优先。,中,待验证,,fit_mode=FM05; provisional=true; rule_group=PARTNER-FM模式,0.3
M5-PARTNER-282,FM05 双向制衡｜伪适配停止,L5 匹配模式对象化,PARTNER-FM模式,通用,边界,FM05,双向制衡,出现伪适配信号。,PV5—PV7现实证据能够排除。,由共享基础引擎与M5-BASE提供；只修正用户需要何种伴侣功能，不直接推断现实对象成熟度。,由M2提供；夫妻星与准入证据只说明谁容易进入关系，不能替代伴侣长期能力验证。,由M3-BASE提供；日支只帮助确定用户亲密关系中的功能需求，不直接描述具体伴侣人格。,无／按本规则指定的伴侣行为、场景或匹配模式路由。,近位、远位只修正用户对某项功能的优先级；不得据此断定现实伴侣一定具备。,根气只修正用户功能需求是否稳定重复，不等于具体对象已经稳定做到。,旺弱只修正需求强度、风险敏感度或匹配模式，不直接等于伴侣能力质量。,喜忌只修正用户对功能的承载与摩擦，不可直接翻译为理想伴侣五行、十神或人格。,真合化成立时按化神功能重算用户需求；合化争议时停止细化伴侣画像。,近位提高该功能进入亲密关系核心的可能；远位只保留背景或情境性观察。,94,PM风险 +12,pseudo_fit_warning,制衡不等于压制、顺从或找更弱的人。,需要避免：制衡不等于压制、顺从或找更弱的人。,不得仅凭本规则推出某个具体人必然适合、忠诚、成熟或长期稳定；不得推断职业、收入、外貌、家庭、生肖、五行；不得以命理要求容忍伤害、原谅、复合或继续关系。现实安全、持续行为、反例与双方意愿优先。,中高,待验证,,fit_mode=FM05; provisional=true; rule_group=PARTNER-FM模式,0.3
M5-PARTNER-283,FM05 双向制衡｜现实验证,L5 匹配模式对象化,PARTNER-FM模式,通用,证据,FM05,双向制衡,存在PV3以上资料。,只有命盘或单次事件。,由共享基础引擎与M5-BASE提供；只修正用户需要何种伴侣功能，不直接推断现实对象成熟度。,由M2提供；夫妻星与准入证据只说明谁容易进入关系，不能替代伴侣长期能力验证。,由M3-BASE提供；日支只帮助确定用户亲密关系中的功能需求，不直接描述具体伴侣人格。,无／按本规则指定的伴侣行为、场景或匹配模式路由。,近位、远位只修正用户对某项功能的优先级；不得据此断定现实伴侣一定具备。,根气只修正用户功能需求是否稳定重复，不等于具体对象已经稳定做到。,旺弱只修正需求强度、风险敏感度或匹配模式，不直接等于伴侣能力质量。,喜忌只修正用户对功能的承载与摩擦，不可直接翻译为理想伴侣五行、十神或人格。,真合化成立时按化神功能重算用户需求；合化争议时停止细化伴侣画像。,近位提高该功能进入亲密关系核心的可能；远位只保留背景或情境性观察。,78,不加分；现实核验,observation_plan,FM模式必须由双方行为和权力结构验证。,要看这种分工或互补是否在不同场景都能运行。,不得仅凭本规则推出某个具体人必然适合、忠诚、成熟或长期稳定；不得推断职业、收入、外貌、家庭、生肖、五行；不得以命理要求容忍伤害、原谅、复合或继续关系。现实安全、持续行为、反例与双方意愿优先。,中,待验证,,fit_mode=FM05; provisional=true; rule_group=PARTNER-FM模式,0.3
M5-PARTNER-284,FM06 状态分工｜正式定义,L5 匹配模式对象化,PARTNER-FM模式,通用,定义,FM06,状态分工,M5-BASE已路由该FM。,安全或现实反例停止。,由共享基础引擎与M5-BASE提供；只修正用户需要何种伴侣功能，不直接推断现实对象成熟度。,由M2提供；夫妻星与准入证据只说明谁容易进入关系，不能替代伴侣长期能力验证。,由M3-BASE提供；日支只帮助确定用户亲密关系中的功能需求，不直接描述具体伴侣人格。,无／按本规则指定的伴侣行为、场景或匹配模式路由。,近位、远位只修正用户对某项功能的优先级；不得据此断定现实伴侣一定具备。,根气只修正用户功能需求是否稳定重复，不等于具体对象已经稳定做到。,旺弱只修正需求强度、风险敏感度或匹配模式，不直接等于伴侣能力质量。,喜忌只修正用户对功能的承载与摩擦，不可直接翻译为理想伴侣五行、十神或人格。,真合化成立时按化神功能重算用户需求；合化争议时停止细化伴侣画像。,近位提高该功能进入亲密关系核心的可能；远位只保留背景或情境性观察。,90,FM候选 +8,similarity_complement_mode,平稳、压力和恢复阶段需要不同功能进入。,匹配方式更接近状态分工。,不得仅凭本规则推出某个具体人必然适合、忠诚、成熟或长期稳定；不得推断职业、收入、外貌、家庭、生肖、五行；不得以命理要求容忍伤害、原谅、复合或继续关系。现实安全、持续行为、反例与双方意愿优先。,中高,待验证,,fit_mode=FM06; provisional=true; rule_group=PARTNER-FM模式,0.3
M5-PARTNER-285,FM06 状态分工｜伴侣行为,L5 匹配模式对象化,PARTNER-FM模式,通用,行为,FM06,状态分工,平稳、压力和恢复阶段需要不同功能进入。,只有人格相似／相反标签。,由共享基础引擎与M5-BASE提供；只修正用户需要何种伴侣功能，不直接推断现实对象成熟度。,由M2提供；夫妻星与准入证据只说明谁容易进入关系，不能替代伴侣长期能力验证。,由M3-BASE提供；日支只帮助确定用户亲密关系中的功能需求，不直接描述具体伴侣人格。,无／按本规则指定的伴侣行为、场景或匹配模式路由。,近位、远位只修正用户对某项功能的优先级；不得据此断定现实伴侣一定具备。,根气只修正用户功能需求是否稳定重复，不等于具体对象已经稳定做到。,旺弱只修正需求强度、风险敏感度或匹配模式，不直接等于伴侣能力质量。,喜忌只修正用户对功能的承载与摩擦，不可直接翻译为理想伴侣五行、十神或人格。,真合化成立时按化神功能重算用户需求；合化争议时停止细化伴侣画像。,近位提高该功能进入亲密关系核心的可能；远位只保留背景或情境性观察。,84,+10 行为候选,required_partner_behaviors,对方能识别状态，紧急时行动，稳定后恢复反馈和修复。,对方需要能够：对方能识别状态，紧急时行动，稳定后恢复反馈和修复。,不得仅凭本规则推出某个具体人必然适合、忠诚、成熟或长期稳定；不得推断职业、收入、外貌、家庭、生肖、五行；不得以命理要求容忍伤害、原谅、复合或继续关系。现实安全、持续行为、反例与双方意愿优先。,中,待验证,,fit_mode=FM06; provisional=true; rule_group=PARTNER-FM模式,0.3
M5-PARTNER-286,FM06 状态分工｜互动结构,L5 匹配模式对象化,PARTNER-FM模式,通用,结构,FM06,状态分工,双方愿意共同执行。,只靠一方牺牲。,由共享基础引擎与M5-BASE提供；只修正用户需要何种伴侣功能，不直接推断现实对象成熟度。,由M2提供；夫妻星与准入证据只说明谁容易进入关系，不能替代伴侣长期能力验证。,由M3-BASE提供；日支只帮助确定用户亲密关系中的功能需求，不直接描述具体伴侣人格。,无／按本规则指定的伴侣行为、场景或匹配模式路由。,近位、远位只修正用户对某项功能的优先级；不得据此断定现实伴侣一定具备。,根气只修正用户功能需求是否稳定重复，不等于具体对象已经稳定做到。,旺弱只修正需求强度、风险敏感度或匹配模式，不直接等于伴侣能力质量。,喜忌只修正用户对功能的承载与摩擦，不可直接翻译为理想伴侣五行、十神或人格。,真合化成立时按化神功能重算用户需求；合化争议时停止细化伴侣画像。,近位提高该功能进入亲密关系核心的可能；远位只保留背景或情境性观察。,82,+8 结构候选,interaction_structure,状态识别＋切换＋回流。,关系结构需要：状态识别＋切换＋回流。,不得仅凭本规则推出某个具体人必然适合、忠诚、成熟或长期稳定；不得推断职业、收入、外貌、家庭、生肖、五行；不得以命理要求容忍伤害、原谅、复合或继续关系。现实安全、持续行为、反例与双方意愿优先。,中,待验证,,fit_mode=FM06; provisional=true; rule_group=PARTNER-FM模式,0.3
M5-PARTNER-287,FM06 状态分工｜伪适配停止,L5 匹配模式对象化,PARTNER-FM模式,通用,边界,FM06,状态分工,出现伪适配信号。,PV5—PV7现实证据能够排除。,由共享基础引擎与M5-BASE提供；只修正用户需要何种伴侣功能，不直接推断现实对象成熟度。,由M2提供；夫妻星与准入证据只说明谁容易进入关系，不能替代伴侣长期能力验证。,由M3-BASE提供；日支只帮助确定用户亲密关系中的功能需求，不直接描述具体伴侣人格。,无／按本规则指定的伴侣行为、场景或匹配模式路由。,近位、远位只修正用户对某项功能的优先级；不得据此断定现实伴侣一定具备。,根气只修正用户功能需求是否稳定重复，不等于具体对象已经稳定做到。,旺弱只修正需求强度、风险敏感度或匹配模式，不直接等于伴侣能力质量。,喜忌只修正用户对功能的承载与摩擦，不可直接翻译为理想伴侣五行、十神或人格。,真合化成立时按化神功能重算用户需求；合化争议时停止细化伴侣画像。,近位提高该功能进入亲密关系核心的可能；远位只保留背景或情境性观察。,94,PM风险 +12,pseudo_fit_warning,压力反应不能替代日常协商。,需要避免：压力反应不能替代日常协商。,不得仅凭本规则推出某个具体人必然适合、忠诚、成熟或长期稳定；不得推断职业、收入、外貌、家庭、生肖、五行；不得以命理要求容忍伤害、原谅、复合或继续关系。现实安全、持续行为、反例与双方意愿优先。,中高,待验证,,fit_mode=FM06; provisional=true; rule_group=PARTNER-FM模式,0.3
M5-PARTNER-288,FM06 状态分工｜现实验证,L5 匹配模式对象化,PARTNER-FM模式,通用,证据,FM06,状态分工,存在PV3以上资料。,只有命盘或单次事件。,由共享基础引擎与M5-BASE提供；只修正用户需要何种伴侣功能，不直接推断现实对象成熟度。,由M2提供；夫妻星与准入证据只说明谁容易进入关系，不能替代伴侣长期能力验证。,由M3-BASE提供；日支只帮助确定用户亲密关系中的功能需求，不直接描述具体伴侣人格。,无／按本规则指定的伴侣行为、场景或匹配模式路由。,近位、远位只修正用户对某项功能的优先级；不得据此断定现实伴侣一定具备。,根气只修正用户功能需求是否稳定重复，不等于具体对象已经稳定做到。,旺弱只修正需求强度、风险敏感度或匹配模式，不直接等于伴侣能力质量。,喜忌只修正用户对功能的承载与摩擦，不可直接翻译为理想伴侣五行、十神或人格。,真合化成立时按化神功能重算用户需求；合化争议时停止细化伴侣画像。,近位提高该功能进入亲密关系核心的可能；远位只保留背景或情境性观察。,78,不加分；现实核验,observation_plan,FM模式必须由双方行为和权力结构验证。,要看这种分工或互补是否在不同场景都能运行。,不得仅凭本规则推出某个具体人必然适合、忠诚、成熟或长期稳定；不得推断职业、收入、外貌、家庭、生肖、五行；不得以命理要求容忍伤害、原谅、复合或继续关系。现实安全、持续行为、反例与双方意愿优先。,中,待验证,,fit_mode=FM06; provisional=true; rule_group=PARTNER-FM模式,0.3
M5-PARTNER-289,FM07 共同成长｜正式定义,L5 匹配模式对象化,PARTNER-FM模式,通用,定义,FM07,共同成长,M5-BASE已路由该FM。,安全或现实反例停止。,由共享基础引擎与M5-BASE提供；只修正用户需要何种伴侣功能，不直接推断现实对象成熟度。,由M2提供；夫妻星与准入证据只说明谁容易进入关系，不能替代伴侣长期能力验证。,由M3-BASE提供；日支只帮助确定用户亲密关系中的功能需求，不直接描述具体伴侣人格。,无／按本规则指定的伴侣行为、场景或匹配模式路由。,近位、远位只修正用户对某项功能的优先级；不得据此断定现实伴侣一定具备。,根气只修正用户功能需求是否稳定重复，不等于具体对象已经稳定做到。,旺弱只修正需求强度、风险敏感度或匹配模式，不直接等于伴侣能力质量。,喜忌只修正用户对功能的承载与摩擦，不可直接翻译为理想伴侣五行、十神或人格。,真合化成立时按化神功能重算用户需求；合化争议时停止细化伴侣画像。,近位提高该功能进入亲密关系核心的可能；远位只保留背景或情境性观察。,90,FM候选 +8,similarity_complement_mode,双方都在发展某项必要能力，并愿意练习和复盘。,匹配方式更接近共同成长。,不得仅凭本规则推出某个具体人必然适合、忠诚、成熟或长期稳定；不得推断职业、收入、外貌、家庭、生肖、五行；不得以命理要求容忍伤害、原谅、复合或继续关系。现实安全、持续行为、反例与双方意愿优先。,中高,待验证,,fit_mode=FM07; provisional=true; rule_group=PARTNER-FM模式,0.3
M5-PARTNER-290,FM07 共同成长｜伴侣行为,L5 匹配模式对象化,PARTNER-FM模式,通用,行为,FM07,共同成长,双方都在发展某项必要能力，并愿意练习和复盘。,只有人格相似／相反标签。,由共享基础引擎与M5-BASE提供；只修正用户需要何种伴侣功能，不直接推断现实对象成熟度。,由M2提供；夫妻星与准入证据只说明谁容易进入关系，不能替代伴侣长期能力验证。,由M3-BASE提供；日支只帮助确定用户亲密关系中的功能需求，不直接描述具体伴侣人格。,无／按本规则指定的伴侣行为、场景或匹配模式路由。,近位、远位只修正用户对某项功能的优先级；不得据此断定现实伴侣一定具备。,根气只修正用户功能需求是否稳定重复，不等于具体对象已经稳定做到。,旺弱只修正需求强度、风险敏感度或匹配模式，不直接等于伴侣能力质量。,喜忌只修正用户对功能的承载与摩擦，不可直接翻译为理想伴侣五行、十神或人格。,真合化成立时按化神功能重算用户需求；合化争议时停止细化伴侣画像。,近位提高该功能进入亲密关系核心的可能；远位只保留背景或情境性观察。,84,+10 行为候选,required_partner_behaviors,共同使用工具、记录规则、接受反馈、追踪改变。,对方需要能够：共同使用工具、记录规则、接受反馈、追踪改变。,不得仅凭本规则推出某个具体人必然适合、忠诚、成熟或长期稳定；不得推断职业、收入、外貌、家庭、生肖、五行；不得以命理要求容忍伤害、原谅、复合或继续关系。现实安全、持续行为、反例与双方意愿优先。,中,待验证,,fit_mode=FM07; provisional=true; rule_group=PARTNER-FM模式,0.3
M5-PARTNER-291,FM07 共同成长｜互动结构,L5 匹配模式对象化,PARTNER-FM模式,通用,结构,FM07,共同成长,双方愿意共同执行。,只靠一方牺牲。,由共享基础引擎与M5-BASE提供；只修正用户需要何种伴侣功能，不直接推断现实对象成熟度。,由M2提供；夫妻星与准入证据只说明谁容易进入关系，不能替代伴侣长期能力验证。,由M3-BASE提供；日支只帮助确定用户亲密关系中的功能需求，不直接描述具体伴侣人格。,无／按本规则指定的伴侣行为、场景或匹配模式路由。,近位、远位只修正用户对某项功能的优先级；不得据此断定现实伴侣一定具备。,根气只修正用户功能需求是否稳定重复，不等于具体对象已经稳定做到。,旺弱只修正需求强度、风险敏感度或匹配模式，不直接等于伴侣能力质量。,喜忌只修正用户对功能的承载与摩擦，不可直接翻译为理想伴侣五行、十神或人格。,真合化成立时按化神功能重算用户需求；合化争议时停止细化伴侣画像。,近位提高该功能进入亲密关系核心的可能；远位只保留背景或情境性观察。,82,+8 结构候选,interaction_structure,练习—反馈—复盘—更新。,关系结构需要：练习—反馈—复盘—更新。,不得仅凭本规则推出某个具体人必然适合、忠诚、成熟或长期稳定；不得推断职业、收入、外貌、家庭、生肖、五行；不得以命理要求容忍伤害、原谅、复合或继续关系。现实安全、持续行为、反例与双方意愿优先。,中,待验证,,fit_mode=FM07; provisional=true; rule_group=PARTNER-FM模式,0.3
M5-PARTNER-292,FM07 共同成长｜伪适配停止,L5 匹配模式对象化,PARTNER-FM模式,通用,边界,FM07,共同成长,出现伪适配信号。,PV5—PV7现实证据能够排除。,由共享基础引擎与M5-BASE提供；只修正用户需要何种伴侣功能，不直接推断现实对象成熟度。,由M2提供；夫妻星与准入证据只说明谁容易进入关系，不能替代伴侣长期能力验证。,由M3-BASE提供；日支只帮助确定用户亲密关系中的功能需求，不直接描述具体伴侣人格。,无／按本规则指定的伴侣行为、场景或匹配模式路由。,近位、远位只修正用户对某项功能的优先级；不得据此断定现实伴侣一定具备。,根气只修正用户功能需求是否稳定重复，不等于具体对象已经稳定做到。,旺弱只修正需求强度、风险敏感度或匹配模式，不直接等于伴侣能力质量。,喜忌只修正用户对功能的承载与摩擦，不可直接翻译为理想伴侣五行、十神或人格。,真合化成立时按化神功能重算用户需求；合化争议时停止细化伴侣画像。,近位提高该功能进入亲密关系核心的可能；远位只保留背景或情境性观察。,94,PM风险 +12,pseudo_fit_warning,只有口号、承诺或单方学习不算共同成长。,需要避免：只有口号、承诺或单方学习不算共同成长。,不得仅凭本规则推出某个具体人必然适合、忠诚、成熟或长期稳定；不得推断职业、收入、外貌、家庭、生肖、五行；不得以命理要求容忍伤害、原谅、复合或继续关系。现实安全、持续行为、反例与双方意愿优先。,中高,待验证,,fit_mode=FM07; provisional=true; rule_group=PARTNER-FM模式,0.3
M5-PARTNER-293,FM07 共同成长｜现实验证,L5 匹配模式对象化,PARTNER-FM模式,通用,证据,FM07,共同成长,存在PV3以上资料。,只有命盘或单次事件。,由共享基础引擎与M5-BASE提供；只修正用户需要何种伴侣功能，不直接推断现实对象成熟度。,由M2提供；夫妻星与准入证据只说明谁容易进入关系，不能替代伴侣长期能力验证。,由M3-BASE提供；日支只帮助确定用户亲密关系中的功能需求，不直接描述具体伴侣人格。,无／按本规则指定的伴侣行为、场景或匹配模式路由。,近位、远位只修正用户对某项功能的优先级；不得据此断定现实伴侣一定具备。,根气只修正用户功能需求是否稳定重复，不等于具体对象已经稳定做到。,旺弱只修正需求强度、风险敏感度或匹配模式，不直接等于伴侣能力质量。,喜忌只修正用户对功能的承载与摩擦，不可直接翻译为理想伴侣五行、十神或人格。,真合化成立时按化神功能重算用户需求；合化争议时停止细化伴侣画像。,近位提高该功能进入亲密关系核心的可能；远位只保留背景或情境性观察。,78,不加分；现实核验,observation_plan,FM模式必须由双方行为和权力结构验证。,要看这种分工或互补是否在不同场景都能运行。,不得仅凭本规则推出某个具体人必然适合、忠诚、成熟或长期稳定；不得推断职业、收入、外貌、家庭、生肖、五行；不得以命理要求容忍伤害、原谅、复合或继续关系。现实安全、持续行为、反例与双方意愿优先。,中,待验证,,fit_mode=FM07; provisional=true; rule_group=PARTNER-FM模式,0.3
M5-PARTNER-294,FM08 情境组合｜正式定义,L5 匹配模式对象化,PARTNER-FM模式,通用,定义,FM08,情境组合,M5-BASE已路由该FM。,安全或现实反例停止。,由共享基础引擎与M5-BASE提供；只修正用户需要何种伴侣功能，不直接推断现实对象成熟度。,由M2提供；夫妻星与准入证据只说明谁容易进入关系，不能替代伴侣长期能力验证。,由M3-BASE提供；日支只帮助确定用户亲密关系中的功能需求，不直接描述具体伴侣人格。,无／按本规则指定的伴侣行为、场景或匹配模式路由。,近位、远位只修正用户对某项功能的优先级；不得据此断定现实伴侣一定具备。,根气只修正用户功能需求是否稳定重复，不等于具体对象已经稳定做到。,旺弱只修正需求强度、风险敏感度或匹配模式，不直接等于伴侣能力质量。,喜忌只修正用户对功能的承载与摩擦，不可直接翻译为理想伴侣五行、十神或人格。,真合化成立时按化神功能重算用户需求；合化争议时停止细化伴侣画像。,近位提高该功能进入亲密关系核心的可能；远位只保留背景或情境性观察。,90,FM候选 +8,similarity_complement_mode,不同关系领域需要不同模式，没有一种标签覆盖全部。,匹配方式更接近情境组合。,不得仅凭本规则推出某个具体人必然适合、忠诚、成熟或长期稳定；不得推断职业、收入、外貌、家庭、生肖、五行；不得以命理要求容忍伤害、原谅、复合或继续关系。现实安全、持续行为、反例与双方意愿优先。,中高,待验证,,fit_mode=FM08; provisional=true; rule_group=PARTNER-FM模式,0.3
M5-PARTNER-295,FM08 情境组合｜伴侣行为,L5 匹配模式对象化,PARTNER-FM模式,通用,行为,FM08,情境组合,不同关系领域需要不同模式，没有一种标签覆盖全部。,只有人格相似／相反标签。,由共享基础引擎与M5-BASE提供；只修正用户需要何种伴侣功能，不直接推断现实对象成熟度。,由M2提供；夫妻星与准入证据只说明谁容易进入关系，不能替代伴侣长期能力验证。,由M3-BASE提供；日支只帮助确定用户亲密关系中的功能需求，不直接描述具体伴侣人格。,无／按本规则指定的伴侣行为、场景或匹配模式路由。,近位、远位只修正用户对某项功能的优先级；不得据此断定现实伴侣一定具备。,根气只修正用户功能需求是否稳定重复，不等于具体对象已经稳定做到。,旺弱只修正需求强度、风险敏感度或匹配模式，不直接等于伴侣能力质量。,喜忌只修正用户对功能的承载与摩擦，不可直接翻译为理想伴侣五行、十神或人格。,真合化成立时按化神功能重算用户需求；合化争议时停止细化伴侣画像。,近位提高该功能进入亲密关系核心的可能；远位只保留背景或情境性观察。,84,+10 行为候选,required_partner_behaviors,能根据议题选择同频、分工、接力或制衡。,对方需要能够：能根据议题选择同频、分工、接力或制衡。,不得仅凭本规则推出某个具体人必然适合、忠诚、成熟或长期稳定；不得推断职业、收入、外貌、家庭、生肖、五行；不得以命理要求容忍伤害、原谅、复合或继续关系。现实安全、持续行为、反例与双方意愿优先。,中,待验证,,fit_mode=FM08; provisional=true; rule_group=PARTNER-FM模式,0.3
M5-PARTNER-296,FM08 情境组合｜互动结构,L5 匹配模式对象化,PARTNER-FM模式,通用,结构,FM08,情境组合,双方愿意共同执行。,只靠一方牺牲。,由共享基础引擎与M5-BASE提供；只修正用户需要何种伴侣功能，不直接推断现实对象成熟度。,由M2提供；夫妻星与准入证据只说明谁容易进入关系，不能替代伴侣长期能力验证。,由M3-BASE提供；日支只帮助确定用户亲密关系中的功能需求，不直接描述具体伴侣人格。,无／按本规则指定的伴侣行为、场景或匹配模式路由。,近位、远位只修正用户对某项功能的优先级；不得据此断定现实伴侣一定具备。,根气只修正用户功能需求是否稳定重复，不等于具体对象已经稳定做到。,旺弱只修正需求强度、风险敏感度或匹配模式，不直接等于伴侣能力质量。,喜忌只修正用户对功能的承载与摩擦，不可直接翻译为理想伴侣五行、十神或人格。,真合化成立时按化神功能重算用户需求；合化争议时停止细化伴侣画像。,近位提高该功能进入亲密关系核心的可能；远位只保留背景或情境性观察。,82,+8 结构候选,interaction_structure,领域化规则＋定期重订。,关系结构需要：领域化规则＋定期重订。,不得仅凭本规则推出某个具体人必然适合、忠诚、成熟或长期稳定；不得推断职业、收入、外貌、家庭、生肖、五行；不得以命理要求容忍伤害、原谅、复合或继续关系。现实安全、持续行为、反例与双方意愿优先。,中,待验证,,fit_mode=FM08; provisional=true; rule_group=PARTNER-FM模式,0.3
M5-PARTNER-297,FM08 情境组合｜伪适配停止,L5 匹配模式对象化,PARTNER-FM模式,通用,边界,FM08,情境组合,出现伪适配信号。,PV5—PV7现实证据能够排除。,由共享基础引擎与M5-BASE提供；只修正用户需要何种伴侣功能，不直接推断现实对象成熟度。,由M2提供；夫妻星与准入证据只说明谁容易进入关系，不能替代伴侣长期能力验证。,由M3-BASE提供；日支只帮助确定用户亲密关系中的功能需求，不直接描述具体伴侣人格。,无／按本规则指定的伴侣行为、场景或匹配模式路由。,近位、远位只修正用户对某项功能的优先级；不得据此断定现实伴侣一定具备。,根气只修正用户功能需求是否稳定重复，不等于具体对象已经稳定做到。,旺弱只修正需求强度、风险敏感度或匹配模式，不直接等于伴侣能力质量。,喜忌只修正用户对功能的承载与摩擦，不可直接翻译为理想伴侣五行、十神或人格。,真合化成立时按化神功能重算用户需求；合化争议时停止细化伴侣画像。,近位提高该功能进入亲密关系核心的可能；远位只保留背景或情境性观察。,94,PM风险 +12,pseudo_fit_warning,随意切换、没有原则和回访点不算情境适配。,需要避免：随意切换、没有原则和回访点不算情境适配。,不得仅凭本规则推出某个具体人必然适合、忠诚、成熟或长期稳定；不得推断职业、收入、外貌、家庭、生肖、五行；不得以命理要求容忍伤害、原谅、复合或继续关系。现实安全、持续行为、反例与双方意愿优先。,中高,待验证,,fit_mode=FM08; provisional=true; rule_group=PARTNER-FM模式,0.3
M5-PARTNER-298,FM08 情境组合｜现实验证,L5 匹配模式对象化,PARTNER-FM模式,通用,证据,FM08,情境组合,存在PV3以上资料。,只有命盘或单次事件。,由共享基础引擎与M5-BASE提供；只修正用户需要何种伴侣功能，不直接推断现实对象成熟度。,由M2提供；夫妻星与准入证据只说明谁容易进入关系，不能替代伴侣长期能力验证。,由M3-BASE提供；日支只帮助确定用户亲密关系中的功能需求，不直接描述具体伴侣人格。,无／按本规则指定的伴侣行为、场景或匹配模式路由。,近位、远位只修正用户对某项功能的优先级；不得据此断定现实伴侣一定具备。,根气只修正用户功能需求是否稳定重复，不等于具体对象已经稳定做到。,旺弱只修正需求强度、风险敏感度或匹配模式，不直接等于伴侣能力质量。,喜忌只修正用户对功能的承载与摩擦，不可直接翻译为理想伴侣五行、十神或人格。,真合化成立时按化神功能重算用户需求；合化争议时停止细化伴侣画像。,近位提高该功能进入亲密关系核心的可能；远位只保留背景或情境性观察。,78,不加分；现实核验,observation_plan,FM模式必须由双方行为和权力结构验证。,要看这种分工或互补是否在不同场景都能运行。,不得仅凭本规则推出某个具体人必然适合、忠诚、成熟或长期稳定；不得推断职业、收入、外貌、家庭、生肖、五行；不得以命理要求容忍伤害、原谅、复合或继续关系。现实安全、持续行为、反例与双方意愿优先。,中,待验证,,fit_mode=FM08; provisional=true; rule_group=PARTNER-FM模式,0.3
M5-PARTNER-299,PM01 心动当适配｜正式定义,L6 伪适配识别,PARTNER-PM伪适配,通用,伪适配,PM01,心动当适配,出现相关外显信号或判断偏差。,现实PV6—PV7已反复排除。,由共享基础引擎与M5-BASE提供；只修正用户需要何种伴侣功能，不直接推断现实对象成熟度。,由M2提供；夫妻星与准入证据只说明谁容易进入关系，不能替代伴侣长期能力验证。,由M3-BASE提供；日支只帮助确定用户亲密关系中的功能需求，不直接描述具体伴侣人格。,无／按本规则指定的伴侣行为、场景或匹配模式路由。,近位、远位只修正用户对某项功能的优先级；不得据此断定现实伴侣一定具备。,根气只修正用户功能需求是否稳定重复，不等于具体对象已经稳定做到。,旺弱只修正需求强度、风险敏感度或匹配模式，不直接等于伴侣能力质量。,喜忌只修正用户对功能的承载与摩擦，不可直接翻译为理想伴侣五行、十神或人格。,真合化成立时按化神功能重算用户需求；合化争议时停止细化伴侣画像。,近位提高该功能进入亲密关系核心的可能；远位只保留背景或情境性观察。,95,PM风险 +12,pseudo_fit_warning,因为魅力、气场、温柔、聪明或熟悉感强，直接判断长期合适。,很有感觉值得承认，但长期关系仍要看关键能力是否持续。,不得仅凭本规则推出某个具体人必然适合、忠诚、成熟或长期稳定；不得推断职业、收入、外貌、家庭、生肖、五行；不得以命理要求容忍伤害、原谅、复合或继续关系。现实安全、持续行为、反例与双方意愿优先。,高,待验证,,pseudo_fit=PM01; provisional=true; rule_group=PARTNER-PM伪适配,0.3
M5-PARTNER-300,PM01 心动当适配｜证据缺口,L6 伪适配识别,PARTNER-PM伪适配,通用,证据,PM01,心动当适配,准备判断具体对象适配。,相关能力已跨场景验证。,由共享基础引擎与M5-BASE提供；只修正用户需要何种伴侣功能，不直接推断现实对象成熟度。,由M2提供；夫妻星与准入证据只说明谁容易进入关系，不能替代伴侣长期能力验证。,由M3-BASE提供；日支只帮助确定用户亲密关系中的功能需求，不直接描述具体伴侣人格。,无／按本规则指定的伴侣行为、场景或匹配模式路由。,近位、远位只修正用户对某项功能的优先级；不得据此断定现实伴侣一定具备。,根气只修正用户功能需求是否稳定重复，不等于具体对象已经稳定做到。,旺弱只修正需求强度、风险敏感度或匹配模式，不直接等于伴侣能力质量。,喜忌只修正用户对功能的承载与摩擦，不可直接翻译为理想伴侣五行、十神或人格。,真合化成立时按化神功能重算用户需求；合化争议时停止细化伴侣画像。,近位提高该功能进入亲密关系核心的可能；远位只保留背景或情境性观察。,90,-12／停止升级,counterevidence,M1信号强，M2—M4能力未独立验证。,当前证据缺口是：M1信号强，M2—M4能力未独立验证。,不得仅凭本规则推出某个具体人必然适合、忠诚、成熟或长期稳定；不得推断职业、收入、外貌、家庭、生肖、五行；不得以命理要求容忍伤害、原谅、复合或继续关系。现实安全、持续行为、反例与双方意愿优先。,中高,待验证,,pseudo_fit=PM01; provisional=true; rule_group=PARTNER-PM伪适配,0.3
M5-PARTNER-301,PM01 心动当适配｜纠偏动作,L6 伪适配识别,PARTNER-PM伪适配,通用,路由,PM01,心动当适配,PM候选成立。,安全事件优先停止。,由共享基础引擎与M5-BASE提供；只修正用户需要何种伴侣功能，不直接推断现实对象成熟度。,由M2提供；夫妻星与准入证据只说明谁容易进入关系，不能替代伴侣长期能力验证。,由M3-BASE提供；日支只帮助确定用户亲密关系中的功能需求，不直接描述具体伴侣人格。,无／按本规则指定的伴侣行为、场景或匹配模式路由。,近位、远位只修正用户对某项功能的优先级；不得据此断定现实伴侣一定具备。,根气只修正用户功能需求是否稳定重复，不等于具体对象已经稳定做到。,旺弱只修正需求强度、风险敏感度或匹配模式，不直接等于伴侣能力质量。,喜忌只修正用户对功能的承载与摩擦，不可直接翻译为理想伴侣五行、十神或人格。,真合化成立时按化神功能重算用户需求；合化争议时停止细化伴侣画像。,近位提高该功能进入亲密关系核心的可能；远位只保留背景或情境性观察。,84,不加分；观察路由,observation_plan,把心动保留为PR3，同时补看边界、责任、压力与修复。,纠偏时要：把心动保留为PR3，同时补看边界、责任、压力与修复。,不得仅凭本规则推出某个具体人必然适合、忠诚、成熟或长期稳定；不得推断职业、收入、外貌、家庭、生肖、五行；不得以命理要求容忍伤害、原谅、复合或继续关系。现实安全、持续行为、反例与双方意愿优先。,中高,待验证,,pseudo_fit=PM01; provisional=true; rule_group=PARTNER-PM伪适配,0.3
M5-PARTNER-302,PM01 心动当适配｜用户解释,L6 伪适配识别,PARTNER-PM伪适配,通用,输出,PM01,心动当适配,完成PM判断。,资料不足以区分。,由共享基础引擎与M5-BASE提供；只修正用户需要何种伴侣功能，不直接推断现实对象成熟度。,由M2提供；夫妻星与准入证据只说明谁容易进入关系，不能替代伴侣长期能力验证。,由M3-BASE提供；日支只帮助确定用户亲密关系中的功能需求，不直接描述具体伴侣人格。,无／按本规则指定的伴侣行为、场景或匹配模式路由。,近位、远位只修正用户对某项功能的优先级；不得据此断定现实伴侣一定具备。,根气只修正用户功能需求是否稳定重复，不等于具体对象已经稳定做到。,旺弱只修正需求强度、风险敏感度或匹配模式，不直接等于伴侣能力质量。,喜忌只修正用户对功能的承载与摩擦，不可直接翻译为理想伴侣五行、十神或人格。,真合化成立时按化神功能重算用户需求；合化争议时停止细化伴侣画像。,近位提高该功能进入亲密关系核心的可能；远位只保留背景或情境性观察。,76,不加分；输出,report_text,很有感觉值得承认，但长期关系仍要看关键能力是否持续。,很有感觉值得承认，但长期关系仍要看关键能力是否持续。,不得仅凭本规则推出某个具体人必然适合、忠诚、成熟或长期稳定；不得推断职业、收入、外貌、家庭、生肖、五行；不得以命理要求容忍伤害、原谅、复合或继续关系。现实安全、持续行为、反例与双方意愿优先。,中高,待验证,,pseudo_fit=PM01; provisional=true; rule_group=PARTNER-PM伪适配,0.3
M5-PARTNER-303,PM01 心动当适配｜禁止羞辱化,L6 伪适配识别,PARTNER-PM伪适配,通用,边界,PM01,心动当适配,输出PM结论。,现实存在欺骗或伤害时应按事实说明。,由共享基础引擎与M5-BASE提供；只修正用户需要何种伴侣功能，不直接推断现实对象成熟度。,由M2提供；夫妻星与准入证据只说明谁容易进入关系，不能替代伴侣长期能力验证。,由M3-BASE提供；日支只帮助确定用户亲密关系中的功能需求，不直接描述具体伴侣人格。,无／按本规则指定的伴侣行为、场景或匹配模式路由。,近位、远位只修正用户对某项功能的优先级；不得据此断定现实伴侣一定具备。,根气只修正用户功能需求是否稳定重复，不等于具体对象已经稳定做到。,旺弱只修正需求强度、风险敏感度或匹配模式，不直接等于伴侣能力质量。,喜忌只修正用户对功能的承载与摩擦，不可直接翻译为理想伴侣五行、十神或人格。,真合化成立时按化神功能重算用户需求；合化争议时停止细化伴侣画像。,近位提高该功能进入亲密关系核心的可能；远位只保留背景或情境性观察。,98,不加分；伦理边界,boundary_note,保持中性、具体、可验证。,这不是责怪谁，而是把容易混淆的证据重新分开。,不得仅凭本规则推出某个具体人必然适合、忠诚、成熟或长期稳定；不得推断职业、收入、外貌、家庭、生肖、五行；不得以命理要求容忍伤害、原谅、复合或继续关系。现实安全、持续行为、反例与双方意愿优先。,高,待验证,,pseudo_fit=PM01; provisional=true; rule_group=PARTNER-PM伪适配,0.3
M5-PARTNER-304,PM02 准入当适配｜正式定义,L6 伪适配识别,PARTNER-PM伪适配,通用,伪适配,PM02,准入当适配,出现相关外显信号或判断偏差。,现实PV6—PV7已反复排除。,由共享基础引擎与M5-BASE提供；只修正用户需要何种伴侣功能，不直接推断现实对象成熟度。,由M2提供；夫妻星与准入证据只说明谁容易进入关系，不能替代伴侣长期能力验证。,由M3-BASE提供；日支只帮助确定用户亲密关系中的功能需求，不直接描述具体伴侣人格。,无／按本规则指定的伴侣行为、场景或匹配模式路由。,近位、远位只修正用户对某项功能的优先级；不得据此断定现实伴侣一定具备。,根气只修正用户功能需求是否稳定重复，不等于具体对象已经稳定做到。,旺弱只修正需求强度、风险敏感度或匹配模式，不直接等于伴侣能力质量。,喜忌只修正用户对功能的承载与摩擦，不可直接翻译为理想伴侣五行、十神或人格。,真合化成立时按化神功能重算用户需求；合化争议时停止细化伴侣画像。,近位提高该功能进入亲密关系核心的可能；远位只保留背景或情境性观察。,95,PM风险 +12,pseudo_fit_warning,对方通过承诺、行动、投入或互动门槛，就被认为全面成熟。,通过关系门槛只是开始，不等于所有相处能力都已成立。,不得仅凭本规则推出某个具体人必然适合、忠诚、成熟或长期稳定；不得推断职业、收入、外貌、家庭、生肖、五行；不得以命理要求容忍伤害、原谅、复合或继续关系。现实安全、持续行为、反例与双方意愿优先。,高,待验证,,pseudo_fit=PM02; provisional=true; rule_group=PARTNER-PM伪适配,0.3
M5-PARTNER-305,PM02 准入当适配｜证据缺口,L6 伪适配识别,PARTNER-PM伪适配,通用,证据,PM02,准入当适配,准备判断具体对象适配。,相关能力已跨场景验证。,由共享基础引擎与M5-BASE提供；只修正用户需要何种伴侣功能，不直接推断现实对象成熟度。,由M2提供；夫妻星与准入证据只说明谁容易进入关系，不能替代伴侣长期能力验证。,由M3-BASE提供；日支只帮助确定用户亲密关系中的功能需求，不直接描述具体伴侣人格。,无／按本规则指定的伴侣行为、场景或匹配模式路由。,近位、远位只修正用户对某项功能的优先级；不得据此断定现实伴侣一定具备。,根气只修正用户功能需求是否稳定重复，不等于具体对象已经稳定做到。,旺弱只修正需求强度、风险敏感度或匹配模式，不直接等于伴侣能力质量。,喜忌只修正用户对功能的承载与摩擦，不可直接翻译为理想伴侣五行、十神或人格。,真合化成立时按化神功能重算用户需求；合化争议时停止细化伴侣画像。,近位提高该功能进入亲密关系核心的可能；远位只保留背景或情境性观察。,90,-12／停止升级,counterevidence,M2核心证据被扩大到全部M3/M5能力。,当前证据缺口是：M2核心证据被扩大到全部M3/M5能力。,不得仅凭本规则推出某个具体人必然适合、忠诚、成熟或长期稳定；不得推断职业、收入、外貌、家庭、生肖、五行；不得以命理要求容忍伤害、原谅、复合或继续关系。现实安全、持续行为、反例与双方意愿优先。,中高,待验证,,pseudo_fit=PM02; provisional=true; rule_group=PARTNER-PM伪适配,0.3
M5-PARTNER-306,PM02 准入当适配｜纠偏动作,L6 伪适配识别,PARTNER-PM伪适配,通用,路由,PM02,准入当适配,PM候选成立。,安全事件优先停止。,由共享基础引擎与M5-BASE提供；只修正用户需要何种伴侣功能，不直接推断现实对象成熟度。,由M2提供；夫妻星与准入证据只说明谁容易进入关系，不能替代伴侣长期能力验证。,由M3-BASE提供；日支只帮助确定用户亲密关系中的功能需求，不直接描述具体伴侣人格。,无／按本规则指定的伴侣行为、场景或匹配模式路由。,近位、远位只修正用户对某项功能的优先级；不得据此断定现实伴侣一定具备。,根气只修正用户功能需求是否稳定重复，不等于具体对象已经稳定做到。,旺弱只修正需求强度、风险敏感度或匹配模式，不直接等于伴侣能力质量。,喜忌只修正用户对功能的承载与摩擦，不可直接翻译为理想伴侣五行、十神或人格。,真合化成立时按化神功能重算用户需求；合化争议时停止细化伴侣画像。,近位提高该功能进入亲密关系核心的可能；远位只保留背景或情境性观察。,84,不加分；观察路由,observation_plan,分开验证表达、边界、冲突与修复。,纠偏时要：分开验证表达、边界、冲突与修复。,不得仅凭本规则推出某个具体人必然适合、忠诚、成熟或长期稳定；不得推断职业、收入、外貌、家庭、生肖、五行；不得以命理要求容忍伤害、原谅、复合或继续关系。现实安全、持续行为、反例与双方意愿优先。,中高,待验证,,pseudo_fit=PM02; provisional=true; rule_group=PARTNER-PM伪适配,0.3
M5-PARTNER-307,PM02 准入当适配｜用户解释,L6 伪适配识别,PARTNER-PM伪适配,通用,输出,PM02,准入当适配,完成PM判断。,资料不足以区分。,由共享基础引擎与M5-BASE提供；只修正用户需要何种伴侣功能，不直接推断现实对象成熟度。,由M2提供；夫妻星与准入证据只说明谁容易进入关系，不能替代伴侣长期能力验证。,由M3-BASE提供；日支只帮助确定用户亲密关系中的功能需求，不直接描述具体伴侣人格。,无／按本规则指定的伴侣行为、场景或匹配模式路由。,近位、远位只修正用户对某项功能的优先级；不得据此断定现实伴侣一定具备。,根气只修正用户功能需求是否稳定重复，不等于具体对象已经稳定做到。,旺弱只修正需求强度、风险敏感度或匹配模式，不直接等于伴侣能力质量。,喜忌只修正用户对功能的承载与摩擦，不可直接翻译为理想伴侣五行、十神或人格。,真合化成立时按化神功能重算用户需求；合化争议时停止细化伴侣画像。,近位提高该功能进入亲密关系核心的可能；远位只保留背景或情境性观察。,76,不加分；输出,report_text,通过关系门槛只是开始，不等于所有相处能力都已成立。,通过关系门槛只是开始，不等于所有相处能力都已成立。,不得仅凭本规则推出某个具体人必然适合、忠诚、成熟或长期稳定；不得推断职业、收入、外貌、家庭、生肖、五行；不得以命理要求容忍伤害、原谅、复合或继续关系。现实安全、持续行为、反例与双方意愿优先。,中高,待验证,,pseudo_fit=PM02; provisional=true; rule_group=PARTNER-PM伪适配,0.3
M5-PARTNER-308,PM02 准入当适配｜禁止羞辱化,L6 伪适配识别,PARTNER-PM伪适配,通用,边界,PM02,准入当适配,输出PM结论。,现实存在欺骗或伤害时应按事实说明。,由共享基础引擎与M5-BASE提供；只修正用户需要何种伴侣功能，不直接推断现实对象成熟度。,由M2提供；夫妻星与准入证据只说明谁容易进入关系，不能替代伴侣长期能力验证。,由M3-BASE提供；日支只帮助确定用户亲密关系中的功能需求，不直接描述具体伴侣人格。,无／按本规则指定的伴侣行为、场景或匹配模式路由。,近位、远位只修正用户对某项功能的优先级；不得据此断定现实伴侣一定具备。,根气只修正用户功能需求是否稳定重复，不等于具体对象已经稳定做到。,旺弱只修正需求强度、风险敏感度或匹配模式，不直接等于伴侣能力质量。,喜忌只修正用户对功能的承载与摩擦，不可直接翻译为理想伴侣五行、十神或人格。,真合化成立时按化神功能重算用户需求；合化争议时停止细化伴侣画像。,近位提高该功能进入亲密关系核心的可能；远位只保留背景或情境性观察。,98,不加分；伦理边界,boundary_note,保持中性、具体、可验证。,这不是责怪谁，而是把容易混淆的证据重新分开。,不得仅凭本规则推出某个具体人必然适合、忠诚、成熟或长期稳定；不得推断职业、收入、外貌、家庭、生肖、五行；不得以命理要求容忍伤害、原谅、复合或继续关系。现实安全、持续行为、反例与双方意愿优先。,高,待验证,,pseudo_fit=PM02; provisional=true; rule_group=PARTNER-PM伪适配,0.3
M5-PARTNER-309,PM03 相反即互补｜正式定义,L6 伪适配识别,PARTNER-PM伪适配,通用,伪适配,PM03,相反即互补,出现相关外显信号或判断偏差。,现实PV6—PV7已反复排除。,由共享基础引擎与M5-BASE提供；只修正用户需要何种伴侣功能，不直接推断现实对象成熟度。,由M2提供；夫妻星与准入证据只说明谁容易进入关系，不能替代伴侣长期能力验证。,由M3-BASE提供；日支只帮助确定用户亲密关系中的功能需求，不直接描述具体伴侣人格。,无／按本规则指定的伴侣行为、场景或匹配模式路由。,近位、远位只修正用户对某项功能的优先级；不得据此断定现实伴侣一定具备。,根气只修正用户功能需求是否稳定重复，不等于具体对象已经稳定做到。,旺弱只修正需求强度、风险敏感度或匹配模式，不直接等于伴侣能力质量。,喜忌只修正用户对功能的承载与摩擦，不可直接翻译为理想伴侣五行、十神或人格。,真合化成立时按化神功能重算用户需求；合化争议时停止细化伴侣画像。,近位提高该功能进入亲密关系核心的可能；远位只保留背景或情境性观察。,95,PM风险 +12,pseudo_fit_warning,用户某功能弱，就认为极端相反的人最适合。,真正互补会增加双方能力，不会让一方长期被接管。,不得仅凭本规则推出某个具体人必然适合、忠诚、成熟或长期稳定；不得推断职业、收入、外貌、家庭、生肖、五行；不得以命理要求容忍伤害、原谅、复合或继续关系。现实安全、持续行为、反例与双方意愿优先。,高,待验证,,pseudo_fit=PM03; provisional=true; rule_group=PARTNER-PM伪适配,0.3
M5-PARTNER-310,PM03 相反即互补｜证据缺口,L6 伪适配识别,PARTNER-PM伪适配,通用,证据,PM03,相反即互补,准备判断具体对象适配。,相关能力已跨场景验证。,由共享基础引擎与M5-BASE提供；只修正用户需要何种伴侣功能，不直接推断现实对象成熟度。,由M2提供；夫妻星与准入证据只说明谁容易进入关系，不能替代伴侣长期能力验证。,由M3-BASE提供；日支只帮助确定用户亲密关系中的功能需求，不直接描述具体伴侣人格。,无／按本规则指定的伴侣行为、场景或匹配模式路由。,近位、远位只修正用户对某项功能的优先级；不得据此断定现实伴侣一定具备。,根气只修正用户功能需求是否稳定重复，不等于具体对象已经稳定做到。,旺弱只修正需求强度、风险敏感度或匹配模式，不直接等于伴侣能力质量。,喜忌只修正用户对功能的承载与摩擦，不可直接翻译为理想伴侣五行、十神或人格。,真合化成立时按化神功能重算用户需求；合化争议时停止细化伴侣画像。,近位提高该功能进入亲密关系核心的可能；远位只保留背景或情境性观察。,90,-12／停止升级,counterevidence,只看差异，没有参与权、学习和权力检查。,当前证据缺口是：只看差异，没有参与权、学习和权力检查。,不得仅凭本规则推出某个具体人必然适合、忠诚、成熟或长期稳定；不得推断职业、收入、外貌、家庭、生肖、五行；不得以命理要求容忍伤害、原谅、复合或继续关系。现实安全、持续行为、反例与双方意愿优先。,中高,待验证,,pseudo_fit=PM03; provisional=true; rule_group=PARTNER-PM伪适配,0.3
M5-PARTNER-311,PM03 相反即互补｜纠偏动作,L6 伪适配识别,PARTNER-PM伪适配,通用,路由,PM03,相反即互补,PM候选成立。,安全事件优先停止。,由共享基础引擎与M5-BASE提供；只修正用户需要何种伴侣功能，不直接推断现实对象成熟度。,由M2提供；夫妻星与准入证据只说明谁容易进入关系，不能替代伴侣长期能力验证。,由M3-BASE提供；日支只帮助确定用户亲密关系中的功能需求，不直接描述具体伴侣人格。,无／按本规则指定的伴侣行为、场景或匹配模式路由。,近位、远位只修正用户对某项功能的优先级；不得据此断定现实伴侣一定具备。,根气只修正用户功能需求是否稳定重复，不等于具体对象已经稳定做到。,旺弱只修正需求强度、风险敏感度或匹配模式，不直接等于伴侣能力质量。,喜忌只修正用户对功能的承载与摩擦，不可直接翻译为理想伴侣五行、十神或人格。,真合化成立时按化神功能重算用户需求；合化争议时停止细化伴侣画像。,近位提高该功能进入亲密关系核心的可能；远位只保留背景或情境性观察。,84,不加分；观察路由,observation_plan,检查对方补位是否让用户更完整，而不是更失去能力。,纠偏时要：检查对方补位是否让用户更完整，而不是更失去能力。,不得仅凭本规则推出某个具体人必然适合、忠诚、成熟或长期稳定；不得推断职业、收入、外貌、家庭、生肖、五行；不得以命理要求容忍伤害、原谅、复合或继续关系。现实安全、持续行为、反例与双方意愿优先。,中高,待验证,,pseudo_fit=PM03; provisional=true; rule_group=PARTNER-PM伪适配,0.3
M5-PARTNER-312,PM03 相反即互补｜用户解释,L6 伪适配识别,PARTNER-PM伪适配,通用,输出,PM03,相反即互补,完成PM判断。,资料不足以区分。,由共享基础引擎与M5-BASE提供；只修正用户需要何种伴侣功能，不直接推断现实对象成熟度。,由M2提供；夫妻星与准入证据只说明谁容易进入关系，不能替代伴侣长期能力验证。,由M3-BASE提供；日支只帮助确定用户亲密关系中的功能需求，不直接描述具体伴侣人格。,无／按本规则指定的伴侣行为、场景或匹配模式路由。,近位、远位只修正用户对某项功能的优先级；不得据此断定现实伴侣一定具备。,根气只修正用户功能需求是否稳定重复，不等于具体对象已经稳定做到。,旺弱只修正需求强度、风险敏感度或匹配模式，不直接等于伴侣能力质量。,喜忌只修正用户对功能的承载与摩擦，不可直接翻译为理想伴侣五行、十神或人格。,真合化成立时按化神功能重算用户需求；合化争议时停止细化伴侣画像。,近位提高该功能进入亲密关系核心的可能；远位只保留背景或情境性观察。,76,不加分；输出,report_text,真正互补会增加双方能力，不会让一方长期被接管。,真正互补会增加双方能力，不会让一方长期被接管。,不得仅凭本规则推出某个具体人必然适合、忠诚、成熟或长期稳定；不得推断职业、收入、外貌、家庭、生肖、五行；不得以命理要求容忍伤害、原谅、复合或继续关系。现实安全、持续行为、反例与双方意愿优先。,中高,待验证,,pseudo_fit=PM03; provisional=true; rule_group=PARTNER-PM伪适配,0.3
M5-PARTNER-313,PM03 相反即互补｜禁止羞辱化,L6 伪适配识别,PARTNER-PM伪适配,通用,边界,PM03,相反即互补,输出PM结论。,现实存在欺骗或伤害时应按事实说明。,由共享基础引擎与M5-BASE提供；只修正用户需要何种伴侣功能，不直接推断现实对象成熟度。,由M2提供；夫妻星与准入证据只说明谁容易进入关系，不能替代伴侣长期能力验证。,由M3-BASE提供；日支只帮助确定用户亲密关系中的功能需求，不直接描述具体伴侣人格。,无／按本规则指定的伴侣行为、场景或匹配模式路由。,近位、远位只修正用户对某项功能的优先级；不得据此断定现实伴侣一定具备。,根气只修正用户功能需求是否稳定重复，不等于具体对象已经稳定做到。,旺弱只修正需求强度、风险敏感度或匹配模式，不直接等于伴侣能力质量。,喜忌只修正用户对功能的承载与摩擦，不可直接翻译为理想伴侣五行、十神或人格。,真合化成立时按化神功能重算用户需求；合化争议时停止细化伴侣画像。,近位提高该功能进入亲密关系核心的可能；远位只保留背景或情境性观察。,98,不加分；伦理边界,boundary_note,保持中性、具体、可验证。,这不是责怪谁，而是把容易混淆的证据重新分开。,不得仅凭本规则推出某个具体人必然适合、忠诚、成熟或长期稳定；不得推断职业、收入、外貌、家庭、生肖、五行；不得以命理要求容忍伤害、原谅、复合或继续关系。现实安全、持续行为、反例与双方意愿优先。,高,待验证,,pseudo_fit=PM03; provisional=true; rule_group=PARTNER-PM伪适配,0.3
M5-PARTNER-314,PM04 相同即同频｜正式定义,L6 伪适配识别,PARTNER-PM伪适配,通用,伪适配,PM04,相同即同频,出现相关外显信号或判断偏差。,现实PV6—PV7已反复排除。,由共享基础引擎与M5-BASE提供；只修正用户需要何种伴侣功能，不直接推断现实对象成熟度。,由M2提供；夫妻星与准入证据只说明谁容易进入关系，不能替代伴侣长期能力验证。,由M3-BASE提供；日支只帮助确定用户亲密关系中的功能需求，不直接描述具体伴侣人格。,无／按本规则指定的伴侣行为、场景或匹配模式路由。,近位、远位只修正用户对某项功能的优先级；不得据此断定现实伴侣一定具备。,根气只修正用户功能需求是否稳定重复，不等于具体对象已经稳定做到。,旺弱只修正需求强度、风险敏感度或匹配模式，不直接等于伴侣能力质量。,喜忌只修正用户对功能的承载与摩擦，不可直接翻译为理想伴侣五行、十神或人格。,真合化成立时按化神功能重算用户需求；合化争议时停止细化伴侣画像。,近位提高该功能进入亲密关系核心的可能；远位只保留背景或情境性观察。,95,PM风险 +12,pseudo_fit_warning,双方同样独立、会表达、会照顾或有行动力，就判定适配。,相似能带来理解，也可能一起放大同一盲点。,不得仅凭本规则推出某个具体人必然适合、忠诚、成熟或长期稳定；不得推断职业、收入、外貌、家庭、生肖、五行；不得以命理要求容忍伤害、原谅、复合或继续关系。现实安全、持续行为、反例与双方意愿优先。,高,待验证,,pseudo_fit=PM04; provisional=true; rule_group=PARTNER-PM伪适配,0.3
M5-PARTNER-315,PM04 相同即同频｜证据缺口,L6 伪适配识别,PARTNER-PM伪适配,通用,证据,PM04,相同即同频,准备判断具体对象适配。,相关能力已跨场景验证。,由共享基础引擎与M5-BASE提供；只修正用户需要何种伴侣功能，不直接推断现实对象成熟度。,由M2提供；夫妻星与准入证据只说明谁容易进入关系，不能替代伴侣长期能力验证。,由M3-BASE提供；日支只帮助确定用户亲密关系中的功能需求，不直接描述具体伴侣人格。,无／按本规则指定的伴侣行为、场景或匹配模式路由。,近位、远位只修正用户对某项功能的优先级；不得据此断定现实伴侣一定具备。,根气只修正用户功能需求是否稳定重复，不等于具体对象已经稳定做到。,旺弱只修正需求强度、风险敏感度或匹配模式，不直接等于伴侣能力质量。,喜忌只修正用户对功能的承载与摩擦，不可直接翻译为理想伴侣五行、十神或人格。,真合化成立时按化神功能重算用户需求；合化争议时停止细化伴侣画像。,近位提高该功能进入亲密关系核心的可能；远位只保留背景或情境性观察。,90,-12／停止升级,counterevidence,只看相似标签，没有共同过用检查。,当前证据缺口是：只看相似标签，没有共同过用检查。,不得仅凭本规则推出某个具体人必然适合、忠诚、成熟或长期稳定；不得推断职业、收入、外貌、家庭、生肖、五行；不得以命理要求容忍伤害、原谅、复合或继续关系。现实安全、持续行为、反例与双方意愿优先。,中高,待验证,,pseudo_fit=PM04; provisional=true; rule_group=PARTNER-PM伪适配,0.3
M5-PARTNER-316,PM04 相同即同频｜纠偏动作,L6 伪适配识别,PARTNER-PM伪适配,通用,路由,PM04,相同即同频,PM候选成立。,安全事件优先停止。,由共享基础引擎与M5-BASE提供；只修正用户需要何种伴侣功能，不直接推断现实对象成熟度。,由M2提供；夫妻星与准入证据只说明谁容易进入关系，不能替代伴侣长期能力验证。,由M3-BASE提供；日支只帮助确定用户亲密关系中的功能需求，不直接描述具体伴侣人格。,无／按本规则指定的伴侣行为、场景或匹配模式路由。,近位、远位只修正用户对某项功能的优先级；不得据此断定现实伴侣一定具备。,根气只修正用户功能需求是否稳定重复，不等于具体对象已经稳定做到。,旺弱只修正需求强度、风险敏感度或匹配模式，不直接等于伴侣能力质量。,喜忌只修正用户对功能的承载与摩擦，不可直接翻译为理想伴侣五行、十神或人格。,真合化成立时按化神功能重算用户需求；合化争议时停止细化伴侣画像。,近位提高该功能进入亲密关系核心的可能；远位只保留背景或情境性观察。,84,不加分；观察路由,observation_plan,检查同一功能是否会争主导或共同回避另一任务。,纠偏时要：检查同一功能是否会争主导或共同回避另一任务。,不得仅凭本规则推出某个具体人必然适合、忠诚、成熟或长期稳定；不得推断职业、收入、外貌、家庭、生肖、五行；不得以命理要求容忍伤害、原谅、复合或继续关系。现实安全、持续行为、反例与双方意愿优先。,中高,待验证,,pseudo_fit=PM04; provisional=true; rule_group=PARTNER-PM伪适配,0.3
M5-PARTNER-317,PM04 相同即同频｜用户解释,L6 伪适配识别,PARTNER-PM伪适配,通用,输出,PM04,相同即同频,完成PM判断。,资料不足以区分。,由共享基础引擎与M5-BASE提供；只修正用户需要何种伴侣功能，不直接推断现实对象成熟度。,由M2提供；夫妻星与准入证据只说明谁容易进入关系，不能替代伴侣长期能力验证。,由M3-BASE提供；日支只帮助确定用户亲密关系中的功能需求，不直接描述具体伴侣人格。,无／按本规则指定的伴侣行为、场景或匹配模式路由。,近位、远位只修正用户对某项功能的优先级；不得据此断定现实伴侣一定具备。,根气只修正用户功能需求是否稳定重复，不等于具体对象已经稳定做到。,旺弱只修正需求强度、风险敏感度或匹配模式，不直接等于伴侣能力质量。,喜忌只修正用户对功能的承载与摩擦，不可直接翻译为理想伴侣五行、十神或人格。,真合化成立时按化神功能重算用户需求；合化争议时停止细化伴侣画像。,近位提高该功能进入亲密关系核心的可能；远位只保留背景或情境性观察。,76,不加分；输出,report_text,相似能带来理解，也可能一起放大同一盲点。,相似能带来理解，也可能一起放大同一盲点。,不得仅凭本规则推出某个具体人必然适合、忠诚、成熟或长期稳定；不得推断职业、收入、外貌、家庭、生肖、五行；不得以命理要求容忍伤害、原谅、复合或继续关系。现实安全、持续行为、反例与双方意愿优先。,中高,待验证,,pseudo_fit=PM04; provisional=true; rule_group=PARTNER-PM伪适配,0.3
M5-PARTNER-318,PM04 相同即同频｜禁止羞辱化,L6 伪适配识别,PARTNER-PM伪适配,通用,边界,PM04,相同即同频,输出PM结论。,现实存在欺骗或伤害时应按事实说明。,由共享基础引擎与M5-BASE提供；只修正用户需要何种伴侣功能，不直接推断现实对象成熟度。,由M2提供；夫妻星与准入证据只说明谁容易进入关系，不能替代伴侣长期能力验证。,由M3-BASE提供；日支只帮助确定用户亲密关系中的功能需求，不直接描述具体伴侣人格。,无／按本规则指定的伴侣行为、场景或匹配模式路由。,近位、远位只修正用户对某项功能的优先级；不得据此断定现实伴侣一定具备。,根气只修正用户功能需求是否稳定重复，不等于具体对象已经稳定做到。,旺弱只修正需求强度、风险敏感度或匹配模式，不直接等于伴侣能力质量。,喜忌只修正用户对功能的承载与摩擦，不可直接翻译为理想伴侣五行、十神或人格。,真合化成立时按化神功能重算用户需求；合化争议时停止细化伴侣画像。,近位提高该功能进入亲密关系核心的可能；远位只保留背景或情境性观察。,98,不加分；伦理边界,boundary_note,保持中性、具体、可验证。,这不是责怪谁，而是把容易混淆的证据重新分开。,不得仅凭本规则推出某个具体人必然适合、忠诚、成熟或长期稳定；不得推断职业、收入、外貌、家庭、生肖、五行；不得以命理要求容忍伤害、原谅、复合或继续关系。现实安全、持续行为、反例与双方意愿优先。,高,待验证,,pseudo_fit=PM04; provisional=true; rule_group=PARTNER-PM伪适配,0.3
M5-PARTNER-319,PM05 单方长期补位｜正式定义,L6 伪适配识别,PARTNER-PM伪适配,通用,伪适配,PM05,单方长期补位,出现相关外显信号或判断偏差。,现实PV6—PV7已反复排除。,由共享基础引擎与M5-BASE提供；只修正用户需要何种伴侣功能，不直接推断现实对象成熟度。,由M2提供；夫妻星与准入证据只说明谁容易进入关系，不能替代伴侣长期能力验证。,由M3-BASE提供；日支只帮助确定用户亲密关系中的功能需求，不直接描述具体伴侣人格。,无／按本规则指定的伴侣行为、场景或匹配模式路由。,近位、远位只修正用户对某项功能的优先级；不得据此断定现实伴侣一定具备。,根气只修正用户功能需求是否稳定重复，不等于具体对象已经稳定做到。,旺弱只修正需求强度、风险敏感度或匹配模式，不直接等于伴侣能力质量。,喜忌只修正用户对功能的承载与摩擦，不可直接翻译为理想伴侣五行、十神或人格。,真合化成立时按化神功能重算用户需求；合化争议时停止细化伴侣画像。,近位提高该功能进入亲密关系核心的可能；远位只保留背景或情境性观察。,95,PM风险 +12,pseudo_fit_warning,一方长期承担表达、照顾、赚钱、决定或修复，被包装成互补。,长期只有一个人在补位，不是稳定互补。,不得仅凭本规则推出某个具体人必然适合、忠诚、成熟或长期稳定；不得推断职业、收入、外貌、家庭、生肖、五行；不得以命理要求容忍伤害、原谅、复合或继续关系。现实安全、持续行为、反例与双方意愿优先。,高,待验证,,pseudo_fit=PM05; provisional=true; rule_group=PARTNER-PM伪适配,0.3
M5-PARTNER-320,PM05 单方长期补位｜证据缺口,L6 伪适配识别,PARTNER-PM伪适配,通用,证据,PM05,单方长期补位,准备判断具体对象适配。,相关能力已跨场景验证。,由共享基础引擎与M5-BASE提供；只修正用户需要何种伴侣功能，不直接推断现实对象成熟度。,由M2提供；夫妻星与准入证据只说明谁容易进入关系，不能替代伴侣长期能力验证。,由M3-BASE提供；日支只帮助确定用户亲密关系中的功能需求，不直接描述具体伴侣人格。,无／按本规则指定的伴侣行为、场景或匹配模式路由。,近位、远位只修正用户对某项功能的优先级；不得据此断定现实伴侣一定具备。,根气只修正用户功能需求是否稳定重复，不等于具体对象已经稳定做到。,旺弱只修正需求强度、风险敏感度或匹配模式，不直接等于伴侣能力质量。,喜忌只修正用户对功能的承载与摩擦，不可直接翻译为理想伴侣五行、十神或人格。,真合化成立时按化神功能重算用户需求；合化争议时停止细化伴侣画像。,近位提高该功能进入亲密关系核心的可能；远位只保留背景或情境性观察。,90,-12／停止升级,counterevidence,功能分工长期不可调整，劳动与权力不对等。,当前证据缺口是：功能分工长期不可调整，劳动与权力不对等。,不得仅凭本规则推出某个具体人必然适合、忠诚、成熟或长期稳定；不得推断职业、收入、外貌、家庭、生肖、五行；不得以命理要求容忍伤害、原谅、复合或继续关系。现实安全、持续行为、反例与双方意愿优先。,中高,待验证,,pseudo_fit=PM05; provisional=true; rule_group=PARTNER-PM伪适配,0.3
M5-PARTNER-321,PM05 单方长期补位｜纠偏动作,L6 伪适配识别,PARTNER-PM伪适配,通用,路由,PM05,单方长期补位,PM候选成立。,安全事件优先停止。,由共享基础引擎与M5-BASE提供；只修正用户需要何种伴侣功能，不直接推断现实对象成熟度。,由M2提供；夫妻星与准入证据只说明谁容易进入关系，不能替代伴侣长期能力验证。,由M3-BASE提供；日支只帮助确定用户亲密关系中的功能需求，不直接描述具体伴侣人格。,无／按本规则指定的伴侣行为、场景或匹配模式路由。,近位、远位只修正用户对某项功能的优先级；不得据此断定现实伴侣一定具备。,根气只修正用户功能需求是否稳定重复，不等于具体对象已经稳定做到。,旺弱只修正需求强度、风险敏感度或匹配模式，不直接等于伴侣能力质量。,喜忌只修正用户对功能的承载与摩擦，不可直接翻译为理想伴侣五行、十神或人格。,真合化成立时按化神功能重算用户需求；合化争议时停止细化伴侣画像。,近位提高该功能进入亲密关系核心的可能；远位只保留背景或情境性观察。,84,不加分；观察路由,observation_plan,建立参与权、能力成长和重新分工机制。,纠偏时要：建立参与权、能力成长和重新分工机制。,不得仅凭本规则推出某个具体人必然适合、忠诚、成熟或长期稳定；不得推断职业、收入、外貌、家庭、生肖、五行；不得以命理要求容忍伤害、原谅、复合或继续关系。现实安全、持续行为、反例与双方意愿优先。,中高,待验证,,pseudo_fit=PM05; provisional=true; rule_group=PARTNER-PM伪适配,0.3
M5-PARTNER-322,PM05 单方长期补位｜用户解释,L6 伪适配识别,PARTNER-PM伪适配,通用,输出,PM05,单方长期补位,完成PM判断。,资料不足以区分。,由共享基础引擎与M5-BASE提供；只修正用户需要何种伴侣功能，不直接推断现实对象成熟度。,由M2提供；夫妻星与准入证据只说明谁容易进入关系，不能替代伴侣长期能力验证。,由M3-BASE提供；日支只帮助确定用户亲密关系中的功能需求，不直接描述具体伴侣人格。,无／按本规则指定的伴侣行为、场景或匹配模式路由。,近位、远位只修正用户对某项功能的优先级；不得据此断定现实伴侣一定具备。,根气只修正用户功能需求是否稳定重复，不等于具体对象已经稳定做到。,旺弱只修正需求强度、风险敏感度或匹配模式，不直接等于伴侣能力质量。,喜忌只修正用户对功能的承载与摩擦，不可直接翻译为理想伴侣五行、十神或人格。,真合化成立时按化神功能重算用户需求；合化争议时停止细化伴侣画像。,近位提高该功能进入亲密关系核心的可能；远位只保留背景或情境性观察。,76,不加分；输出,report_text,长期只有一个人在补位，不是稳定互补。,长期只有一个人在补位，不是稳定互补。,不得仅凭本规则推出某个具体人必然适合、忠诚、成熟或长期稳定；不得推断职业、收入、外貌、家庭、生肖、五行；不得以命理要求容忍伤害、原谅、复合或继续关系。现实安全、持续行为、反例与双方意愿优先。,中高,待验证,,pseudo_fit=PM05; provisional=true; rule_group=PARTNER-PM伪适配,0.3
M5-PARTNER-323,PM05 单方长期补位｜禁止羞辱化,L6 伪适配识别,PARTNER-PM伪适配,通用,边界,PM05,单方长期补位,输出PM结论。,现实存在欺骗或伤害时应按事实说明。,由共享基础引擎与M5-BASE提供；只修正用户需要何种伴侣功能，不直接推断现实对象成熟度。,由M2提供；夫妻星与准入证据只说明谁容易进入关系，不能替代伴侣长期能力验证。,由M3-BASE提供；日支只帮助确定用户亲密关系中的功能需求，不直接描述具体伴侣人格。,无／按本规则指定的伴侣行为、场景或匹配模式路由。,近位、远位只修正用户对某项功能的优先级；不得据此断定现实伴侣一定具备。,根气只修正用户功能需求是否稳定重复，不等于具体对象已经稳定做到。,旺弱只修正需求强度、风险敏感度或匹配模式，不直接等于伴侣能力质量。,喜忌只修正用户对功能的承载与摩擦，不可直接翻译为理想伴侣五行、十神或人格。,真合化成立时按化神功能重算用户需求；合化争议时停止细化伴侣画像。,近位提高该功能进入亲密关系核心的可能；远位只保留背景或情境性观察。,98,不加分；伦理边界,boundary_note,保持中性、具体、可验证。,这不是责怪谁，而是把容易混淆的证据重新分开。,不得仅凭本规则推出某个具体人必然适合、忠诚、成熟或长期稳定；不得推断职业、收入、外貌、家庭、生肖、五行；不得以命理要求容忍伤害、原谅、复合或继续关系。现实安全、持续行为、反例与双方意愿优先。,高,待验证,,pseudo_fit=PM05; provisional=true; rule_group=PARTNER-PM伪适配,0.3
M5-PARTNER-324,PM06 喜用神／十神标签匹配｜正式定义,L6 伪适配识别,PARTNER-PM伪适配,通用,伪适配,PM06,喜用神／十神标签匹配,出现相关外显信号或判断偏差。,现实PV6—PV7已反复排除。,由共享基础引擎与M5-BASE提供；只修正用户需要何种伴侣功能，不直接推断现实对象成熟度。,由M2提供；夫妻星与准入证据只说明谁容易进入关系，不能替代伴侣长期能力验证。,由M3-BASE提供；日支只帮助确定用户亲密关系中的功能需求，不直接描述具体伴侣人格。,无／按本规则指定的伴侣行为、场景或匹配模式路由。,近位、远位只修正用户对某项功能的优先级；不得据此断定现实伴侣一定具备。,根气只修正用户功能需求是否稳定重复，不等于具体对象已经稳定做到。,旺弱只修正需求强度、风险敏感度或匹配模式，不直接等于伴侣能力质量。,喜忌只修正用户对功能的承载与摩擦，不可直接翻译为理想伴侣五行、十神或人格。,真合化成立时按化神功能重算用户需求；合化争议时停止细化伴侣画像。,近位提高该功能进入亲密关系核心的可能；远位只保留背景或情境性观察。,95,PM风险 +12,pseudo_fit_warning,用喜火、喜木、正官型、印旺型等直接指定伴侣。,你需要的是具体关系能力，不是某种五行或十神标签。,不得仅凭本规则推出某个具体人必然适合、忠诚、成熟或长期稳定；不得推断职业、收入、外貌、家庭、生肖、五行；不得以命理要求容忍伤害、原谅、复合或继续关系。现实安全、持续行为、反例与双方意愿优先。,高,待验证,,pseudo_fit=PM06; provisional=true; rule_group=PARTNER-PM伪适配,0.3
M5-PARTNER-325,PM06 喜用神／十神标签匹配｜证据缺口,L6 伪适配识别,PARTNER-PM伪适配,通用,证据,PM06,喜用神／十神标签匹配,准备判断具体对象适配。,相关能力已跨场景验证。,由共享基础引擎与M5-BASE提供；只修正用户需要何种伴侣功能，不直接推断现实对象成熟度。,由M2提供；夫妻星与准入证据只说明谁容易进入关系，不能替代伴侣长期能力验证。,由M3-BASE提供；日支只帮助确定用户亲密关系中的功能需求，不直接描述具体伴侣人格。,无／按本规则指定的伴侣行为、场景或匹配模式路由。,近位、远位只修正用户对某项功能的优先级；不得据此断定现实伴侣一定具备。,根气只修正用户功能需求是否稳定重复，不等于具体对象已经稳定做到。,旺弱只修正需求强度、风险敏感度或匹配模式，不直接等于伴侣能力质量。,喜忌只修正用户对功能的承载与摩擦，不可直接翻译为理想伴侣五行、十神或人格。,真合化成立时按化神功能重算用户需求；合化争议时停止细化伴侣画像。,近位提高该功能进入亲密关系核心的可能；远位只保留背景或情境性观察。,90,-12／停止升级,counterevidence,没有转译为关系行为和现实证据。,当前证据缺口是：没有转译为关系行为和现实证据。,不得仅凭本规则推出某个具体人必然适合、忠诚、成熟或长期稳定；不得推断职业、收入、外貌、家庭、生肖、五行；不得以命理要求容忍伤害、原谅、复合或继续关系。现实安全、持续行为、反例与双方意愿优先。,中高,待验证,,pseudo_fit=PM06; provisional=true; rule_group=PARTNER-PM伪适配,0.3
M5-PARTNER-326,PM06 喜用神／十神标签匹配｜纠偏动作,L6 伪适配识别,PARTNER-PM伪适配,通用,路由,PM06,喜用神／十神标签匹配,PM候选成立。,安全事件优先停止。,由共享基础引擎与M5-BASE提供；只修正用户需要何种伴侣功能，不直接推断现实对象成熟度。,由M2提供；夫妻星与准入证据只说明谁容易进入关系，不能替代伴侣长期能力验证。,由M3-BASE提供；日支只帮助确定用户亲密关系中的功能需求，不直接描述具体伴侣人格。,无／按本规则指定的伴侣行为、场景或匹配模式路由。,近位、远位只修正用户对某项功能的优先级；不得据此断定现实伴侣一定具备。,根气只修正用户功能需求是否稳定重复，不等于具体对象已经稳定做到。,旺弱只修正需求强度、风险敏感度或匹配模式，不直接等于伴侣能力质量。,喜忌只修正用户对功能的承载与摩擦，不可直接翻译为理想伴侣五行、十神或人格。,真合化成立时按化神功能重算用户需求；合化争议时停止细化伴侣画像。,近位提高该功能进入亲密关系核心的可能；远位只保留背景或情境性观察。,84,不加分；观察路由,observation_plan,把命理标签转换成FN功能与观察场景。,纠偏时要：把命理标签转换成FN功能与观察场景。,不得仅凭本规则推出某个具体人必然适合、忠诚、成熟或长期稳定；不得推断职业、收入、外貌、家庭、生肖、五行；不得以命理要求容忍伤害、原谅、复合或继续关系。现实安全、持续行为、反例与双方意愿优先。,中高,待验证,,pseudo_fit=PM06; provisional=true; rule_group=PARTNER-PM伪适配,0.3
M5-PARTNER-327,PM06 喜用神／十神标签匹配｜用户解释,L6 伪适配识别,PARTNER-PM伪适配,通用,输出,PM06,喜用神／十神标签匹配,完成PM判断。,资料不足以区分。,由共享基础引擎与M5-BASE提供；只修正用户需要何种伴侣功能，不直接推断现实对象成熟度。,由M2提供；夫妻星与准入证据只说明谁容易进入关系，不能替代伴侣长期能力验证。,由M3-BASE提供；日支只帮助确定用户亲密关系中的功能需求，不直接描述具体伴侣人格。,无／按本规则指定的伴侣行为、场景或匹配模式路由。,近位、远位只修正用户对某项功能的优先级；不得据此断定现实伴侣一定具备。,根气只修正用户功能需求是否稳定重复，不等于具体对象已经稳定做到。,旺弱只修正需求强度、风险敏感度或匹配模式，不直接等于伴侣能力质量。,喜忌只修正用户对功能的承载与摩擦，不可直接翻译为理想伴侣五行、十神或人格。,真合化成立时按化神功能重算用户需求；合化争议时停止细化伴侣画像。,近位提高该功能进入亲密关系核心的可能；远位只保留背景或情境性观察。,76,不加分；输出,report_text,你需要的是具体关系能力，不是某种五行或十神标签。,你需要的是具体关系能力，不是某种五行或十神标签。,不得仅凭本规则推出某个具体人必然适合、忠诚、成熟或长期稳定；不得推断职业、收入、外貌、家庭、生肖、五行；不得以命理要求容忍伤害、原谅、复合或继续关系。现实安全、持续行为、反例与双方意愿优先。,中高,待验证,,pseudo_fit=PM06; provisional=true; rule_group=PARTNER-PM伪适配,0.3
M5-PARTNER-328,PM06 喜用神／十神标签匹配｜禁止羞辱化,L6 伪适配识别,PARTNER-PM伪适配,通用,边界,PM06,喜用神／十神标签匹配,输出PM结论。,现实存在欺骗或伤害时应按事实说明。,由共享基础引擎与M5-BASE提供；只修正用户需要何种伴侣功能，不直接推断现实对象成熟度。,由M2提供；夫妻星与准入证据只说明谁容易进入关系，不能替代伴侣长期能力验证。,由M3-BASE提供；日支只帮助确定用户亲密关系中的功能需求，不直接描述具体伴侣人格。,无／按本规则指定的伴侣行为、场景或匹配模式路由。,近位、远位只修正用户对某项功能的优先级；不得据此断定现实伴侣一定具备。,根气只修正用户功能需求是否稳定重复，不等于具体对象已经稳定做到。,旺弱只修正需求强度、风险敏感度或匹配模式，不直接等于伴侣能力质量。,喜忌只修正用户对功能的承载与摩擦，不可直接翻译为理想伴侣五行、十神或人格。,真合化成立时按化神功能重算用户需求；合化争议时停止细化伴侣画像。,近位提高该功能进入亲密关系核心的可能；远位只保留背景或情境性观察。,98,不加分；伦理边界,boundary_note,保持中性、具体、可验证。,这不是责怪谁，而是把容易混淆的证据重新分开。,不得仅凭本规则推出某个具体人必然适合、忠诚、成熟或长期稳定；不得推断职业、收入、外貌、家庭、生肖、五行；不得以命理要求容忍伤害、原谅、复合或继续关系。现实安全、持续行为、反例与双方意愿优先。,高,待验证,,pseudo_fit=PM06; provisional=true; rule_group=PARTNER-PM伪适配,0.3
M5-PARTNER-329,PM07 短期缓解当长期适配｜正式定义,L6 伪适配识别,PARTNER-PM伪适配,通用,伪适配,PM07,短期缓解当长期适配,出现相关外显信号或判断偏差。,现实PV6—PV7已反复排除。,由共享基础引擎与M5-BASE提供；只修正用户需要何种伴侣功能，不直接推断现实对象成熟度。,由M2提供；夫妻星与准入证据只说明谁容易进入关系，不能替代伴侣长期能力验证。,由M3-BASE提供；日支只帮助确定用户亲密关系中的功能需求，不直接描述具体伴侣人格。,无／按本规则指定的伴侣行为、场景或匹配模式路由。,近位、远位只修正用户对某项功能的优先级；不得据此断定现实伴侣一定具备。,根气只修正用户功能需求是否稳定重复，不等于具体对象已经稳定做到。,旺弱只修正需求强度、风险敏感度或匹配模式，不直接等于伴侣能力质量。,喜忌只修正用户对功能的承载与摩擦，不可直接翻译为理想伴侣五行、十神或人格。,真合化成立时按化神功能重算用户需求；合化争议时停止细化伴侣画像。,近位提高该功能进入亲密关系核心的可能；远位只保留背景或情境性观察。,95,PM风险 +12,pseudo_fit_warning,一次安抚、保护、投入、和好或高光表现被当成稳定结构。,一次有效说明有可能，但不能证明长期稳定。,不得仅凭本规则推出某个具体人必然适合、忠诚、成熟或长期稳定；不得推断职业、收入、外貌、家庭、生肖、五行；不得以命理要求容忍伤害、原谅、复合或继续关系。现实安全、持续行为、反例与双方意愿优先。,高,待验证,,pseudo_fit=PM07; provisional=true; rule_group=PARTNER-PM伪适配,0.3
M5-PARTNER-330,PM07 短期缓解当长期适配｜证据缺口,L6 伪适配识别,PARTNER-PM伪适配,通用,证据,PM07,短期缓解当长期适配,准备判断具体对象适配。,相关能力已跨场景验证。,由共享基础引擎与M5-BASE提供；只修正用户需要何种伴侣功能，不直接推断现实对象成熟度。,由M2提供；夫妻星与准入证据只说明谁容易进入关系，不能替代伴侣长期能力验证。,由M3-BASE提供；日支只帮助确定用户亲密关系中的功能需求，不直接描述具体伴侣人格。,无／按本规则指定的伴侣行为、场景或匹配模式路由。,近位、远位只修正用户对某项功能的优先级；不得据此断定现实伴侣一定具备。,根气只修正用户功能需求是否稳定重复，不等于具体对象已经稳定做到。,旺弱只修正需求强度、风险敏感度或匹配模式，不直接等于伴侣能力质量。,喜忌只修正用户对功能的承载与摩擦，不可直接翻译为理想伴侣五行、十神或人格。,真合化成立时按化神功能重算用户需求；合化争议时停止细化伴侣画像。,近位提高该功能进入亲密关系核心的可能；远位只保留背景或情境性观察。,90,-12／停止升级,counterevidence,PV2为主，缺少PV3—PV6。,当前证据缺口是：PV2为主，缺少PV3—PV6。,不得仅凭本规则推出某个具体人必然适合、忠诚、成熟或长期稳定；不得推断职业、收入、外貌、家庭、生肖、五行；不得以命理要求容忍伤害、原谅、复合或继续关系。现实安全、持续行为、反例与双方意愿优先。,中高,待验证,,pseudo_fit=PM07; provisional=true; rule_group=PARTNER-PM伪适配,0.3
M5-PARTNER-331,PM07 短期缓解当长期适配｜纠偏动作,L6 伪适配识别,PARTNER-PM伪适配,通用,路由,PM07,短期缓解当长期适配,PM候选成立。,安全事件优先停止。,由共享基础引擎与M5-BASE提供；只修正用户需要何种伴侣功能，不直接推断现实对象成熟度。,由M2提供；夫妻星与准入证据只说明谁容易进入关系，不能替代伴侣长期能力验证。,由M3-BASE提供；日支只帮助确定用户亲密关系中的功能需求，不直接描述具体伴侣人格。,无／按本规则指定的伴侣行为、场景或匹配模式路由。,近位、远位只修正用户对某项功能的优先级；不得据此断定现实伴侣一定具备。,根气只修正用户功能需求是否稳定重复，不等于具体对象已经稳定做到。,旺弱只修正需求强度、风险敏感度或匹配模式，不直接等于伴侣能力质量。,喜忌只修正用户对功能的承载与摩擦，不可直接翻译为理想伴侣五行、十神或人格。,真合化成立时按化神功能重算用户需求；合化争议时停止细化伴侣画像。,近位提高该功能进入亲密关系核心的可能；远位只保留背景或情境性观察。,84,不加分；观察路由,observation_plan,明确当前证据层级与后续观察计划。,纠偏时要：明确当前证据层级与后续观察计划。,不得仅凭本规则推出某个具体人必然适合、忠诚、成熟或长期稳定；不得推断职业、收入、外貌、家庭、生肖、五行；不得以命理要求容忍伤害、原谅、复合或继续关系。现实安全、持续行为、反例与双方意愿优先。,中高,待验证,,pseudo_fit=PM07; provisional=true; rule_group=PARTNER-PM伪适配,0.3
M5-PARTNER-332,PM07 短期缓解当长期适配｜用户解释,L6 伪适配识别,PARTNER-PM伪适配,通用,输出,PM07,短期缓解当长期适配,完成PM判断。,资料不足以区分。,由共享基础引擎与M5-BASE提供；只修正用户需要何种伴侣功能，不直接推断现实对象成熟度。,由M2提供；夫妻星与准入证据只说明谁容易进入关系，不能替代伴侣长期能力验证。,由M3-BASE提供；日支只帮助确定用户亲密关系中的功能需求，不直接描述具体伴侣人格。,无／按本规则指定的伴侣行为、场景或匹配模式路由。,近位、远位只修正用户对某项功能的优先级；不得据此断定现实伴侣一定具备。,根气只修正用户功能需求是否稳定重复，不等于具体对象已经稳定做到。,旺弱只修正需求强度、风险敏感度或匹配模式，不直接等于伴侣能力质量。,喜忌只修正用户对功能的承载与摩擦，不可直接翻译为理想伴侣五行、十神或人格。,真合化成立时按化神功能重算用户需求；合化争议时停止细化伴侣画像。,近位提高该功能进入亲密关系核心的可能；远位只保留背景或情境性观察。,76,不加分；输出,report_text,一次有效说明有可能，但不能证明长期稳定。,一次有效说明有可能，但不能证明长期稳定。,不得仅凭本规则推出某个具体人必然适合、忠诚、成熟或长期稳定；不得推断职业、收入、外貌、家庭、生肖、五行；不得以命理要求容忍伤害、原谅、复合或继续关系。现实安全、持续行为、反例与双方意愿优先。,中高,待验证,,pseudo_fit=PM07; provisional=true; rule_group=PARTNER-PM伪适配,0.3
M5-PARTNER-333,PM07 短期缓解当长期适配｜禁止羞辱化,L6 伪适配识别,PARTNER-PM伪适配,通用,边界,PM07,短期缓解当长期适配,输出PM结论。,现实存在欺骗或伤害时应按事实说明。,由共享基础引擎与M5-BASE提供；只修正用户需要何种伴侣功能，不直接推断现实对象成熟度。,由M2提供；夫妻星与准入证据只说明谁容易进入关系，不能替代伴侣长期能力验证。,由M3-BASE提供；日支只帮助确定用户亲密关系中的功能需求，不直接描述具体伴侣人格。,无／按本规则指定的伴侣行为、场景或匹配模式路由。,近位、远位只修正用户对某项功能的优先级；不得据此断定现实伴侣一定具备。,根气只修正用户功能需求是否稳定重复，不等于具体对象已经稳定做到。,旺弱只修正需求强度、风险敏感度或匹配模式，不直接等于伴侣能力质量。,喜忌只修正用户对功能的承载与摩擦，不可直接翻译为理想伴侣五行、十神或人格。,真合化成立时按化神功能重算用户需求；合化争议时停止细化伴侣画像。,近位提高该功能进入亲密关系核心的可能；远位只保留背景或情境性观察。,98,不加分；伦理边界,boundary_note,保持中性、具体、可验证。,这不是责怪谁，而是把容易混淆的证据重新分开。,不得仅凭本规则推出某个具体人必然适合、忠诚、成熟或长期稳定；不得推断职业、收入、外貌、家庭、生肖、五行；不得以命理要求容忍伤害、原谅、复合或继续关系。现实安全、持续行为、反例与双方意愿优先。,高,待验证,,pseudo_fit=PM07; provisional=true; rule_group=PARTNER-PM伪适配,0.3
M5-PARTNER-334,PM08 牺牲当互补｜正式定义,L6 伪适配识别,PARTNER-PM伪适配,通用,伪适配,PM08,牺牲当互补,出现相关外显信号或判断偏差。,现实PV6—PV7已反复排除。,由共享基础引擎与M5-BASE提供；只修正用户需要何种伴侣功能，不直接推断现实对象成熟度。,由M2提供；夫妻星与准入证据只说明谁容易进入关系，不能替代伴侣长期能力验证。,由M3-BASE提供；日支只帮助确定用户亲密关系中的功能需求，不直接描述具体伴侣人格。,无／按本规则指定的伴侣行为、场景或匹配模式路由。,近位、远位只修正用户对某项功能的优先级；不得据此断定现实伴侣一定具备。,根气只修正用户功能需求是否稳定重复，不等于具体对象已经稳定做到。,旺弱只修正需求强度、风险敏感度或匹配模式，不直接等于伴侣能力质量。,喜忌只修正用户对功能的承载与摩擦，不可直接翻译为理想伴侣五行、十神或人格。,真合化成立时按化神功能重算用户需求；合化争议时停止细化伴侣画像。,近位提高该功能进入亲密关系核心的可能；远位只保留背景或情境性观察。,95,PM风险 +12,pseudo_fit_warning,一方不断让步、照顾、承担或压抑，被称为“天生互补”。,让一方失去自主的关系，不应被包装成互补。,不得仅凭本规则推出某个具体人必然适合、忠诚、成熟或长期稳定；不得推断职业、收入、外貌、家庭、生肖、五行；不得以命理要求容忍伤害、原谅、复合或继续关系。现实安全、持续行为、反例与双方意愿优先。,高,待验证,,pseudo_fit=PM08; provisional=true; rule_group=PARTNER-PM伪适配,0.3
M5-PARTNER-335,PM08 牺牲当互补｜证据缺口,L6 伪适配识别,PARTNER-PM伪适配,通用,证据,PM08,牺牲当互补,准备判断具体对象适配。,相关能力已跨场景验证。,由共享基础引擎与M5-BASE提供；只修正用户需要何种伴侣功能，不直接推断现实对象成熟度。,由M2提供；夫妻星与准入证据只说明谁容易进入关系，不能替代伴侣长期能力验证。,由M3-BASE提供；日支只帮助确定用户亲密关系中的功能需求，不直接描述具体伴侣人格。,无／按本规则指定的伴侣行为、场景或匹配模式路由。,近位、远位只修正用户对某项功能的优先级；不得据此断定现实伴侣一定具备。,根气只修正用户功能需求是否稳定重复，不等于具体对象已经稳定做到。,旺弱只修正需求强度、风险敏感度或匹配模式，不直接等于伴侣能力质量。,喜忌只修正用户对功能的承载与摩擦，不可直接翻译为理想伴侣五行、十神或人格。,真合化成立时按化神功能重算用户需求；合化争议时停止细化伴侣画像。,近位提高该功能进入亲密关系核心的可能；远位只保留背景或情境性观察。,90,-12／停止升级,counterevidence,选择权、边界、反馈或安全被牺牲。,当前证据缺口是：选择权、边界、反馈或安全被牺牲。,不得仅凭本规则推出某个具体人必然适合、忠诚、成熟或长期稳定；不得推断职业、收入、外貌、家庭、生肖、五行；不得以命理要求容忍伤害、原谅、复合或继续关系。现实安全、持续行为、反例与双方意愿优先。,中高,待验证,,pseudo_fit=PM08; provisional=true; rule_group=PARTNER-PM伪适配,0.3
M5-PARTNER-336,PM08 牺牲当互补｜纠偏动作,L6 伪适配识别,PARTNER-PM伪适配,通用,路由,PM08,牺牲当互补,PM候选成立。,安全事件优先停止。,由共享基础引擎与M5-BASE提供；只修正用户需要何种伴侣功能，不直接推断现实对象成熟度。,由M2提供；夫妻星与准入证据只说明谁容易进入关系，不能替代伴侣长期能力验证。,由M3-BASE提供；日支只帮助确定用户亲密关系中的功能需求，不直接描述具体伴侣人格。,无／按本规则指定的伴侣行为、场景或匹配模式路由。,近位、远位只修正用户对某项功能的优先级；不得据此断定现实伴侣一定具备。,根气只修正用户功能需求是否稳定重复，不等于具体对象已经稳定做到。,旺弱只修正需求强度、风险敏感度或匹配模式，不直接等于伴侣能力质量。,喜忌只修正用户对功能的承载与摩擦，不可直接翻译为理想伴侣五行、十神或人格。,真合化成立时按化神功能重算用户需求；合化争议时停止细化伴侣画像。,近位提高该功能进入亲密关系核心的可能；远位只保留背景或情境性观察。,84,不加分；观察路由,observation_plan,回到PR0、FN01、PO03和RG现实门槛。,纠偏时要：回到PR0、FN01、PO03和RG现实门槛。,不得仅凭本规则推出某个具体人必然适合、忠诚、成熟或长期稳定；不得推断职业、收入、外貌、家庭、生肖、五行；不得以命理要求容忍伤害、原谅、复合或继续关系。现实安全、持续行为、反例与双方意愿优先。,中高,待验证,,pseudo_fit=PM08; provisional=true; rule_group=PARTNER-PM伪适配,0.3
M5-PARTNER-337,PM08 牺牲当互补｜用户解释,L6 伪适配识别,PARTNER-PM伪适配,通用,输出,PM08,牺牲当互补,完成PM判断。,资料不足以区分。,由共享基础引擎与M5-BASE提供；只修正用户需要何种伴侣功能，不直接推断现实对象成熟度。,由M2提供；夫妻星与准入证据只说明谁容易进入关系，不能替代伴侣长期能力验证。,由M3-BASE提供；日支只帮助确定用户亲密关系中的功能需求，不直接描述具体伴侣人格。,无／按本规则指定的伴侣行为、场景或匹配模式路由。,近位、远位只修正用户对某项功能的优先级；不得据此断定现实伴侣一定具备。,根气只修正用户功能需求是否稳定重复，不等于具体对象已经稳定做到。,旺弱只修正需求强度、风险敏感度或匹配模式，不直接等于伴侣能力质量。,喜忌只修正用户对功能的承载与摩擦，不可直接翻译为理想伴侣五行、十神或人格。,真合化成立时按化神功能重算用户需求；合化争议时停止细化伴侣画像。,近位提高该功能进入亲密关系核心的可能；远位只保留背景或情境性观察。,76,不加分；输出,report_text,让一方失去自主的关系，不应被包装成互补。,让一方失去自主的关系，不应被包装成互补。,不得仅凭本规则推出某个具体人必然适合、忠诚、成熟或长期稳定；不得推断职业、收入、外貌、家庭、生肖、五行；不得以命理要求容忍伤害、原谅、复合或继续关系。现实安全、持续行为、反例与双方意愿优先。,中高,待验证,,pseudo_fit=PM08; provisional=true; rule_group=PARTNER-PM伪适配,0.3
M5-PARTNER-338,PM08 牺牲当互补｜禁止羞辱化,L6 伪适配识别,PARTNER-PM伪适配,通用,边界,PM08,牺牲当互补,输出PM结论。,现实存在欺骗或伤害时应按事实说明。,由共享基础引擎与M5-BASE提供；只修正用户需要何种伴侣功能，不直接推断现实对象成熟度。,由M2提供；夫妻星与准入证据只说明谁容易进入关系，不能替代伴侣长期能力验证。,由M3-BASE提供；日支只帮助确定用户亲密关系中的功能需求，不直接描述具体伴侣人格。,无／按本规则指定的伴侣行为、场景或匹配模式路由。,近位、远位只修正用户对某项功能的优先级；不得据此断定现实伴侣一定具备。,根气只修正用户功能需求是否稳定重复，不等于具体对象已经稳定做到。,旺弱只修正需求强度、风险敏感度或匹配模式，不直接等于伴侣能力质量。,喜忌只修正用户对功能的承载与摩擦，不可直接翻译为理想伴侣五行、十神或人格。,真合化成立时按化神功能重算用户需求；合化争议时停止细化伴侣画像。,近位提高该功能进入亲密关系核心的可能；远位只保留背景或情境性观察。,98,不加分；伦理边界,boundary_note,保持中性、具体、可验证。,这不是责怪谁，而是把容易混淆的证据重新分开。,不得仅凭本规则推出某个具体人必然适合、忠诚、成熟或长期稳定；不得推断职业、收入、外貌、家庭、生肖、五行；不得以命理要求容忍伤害、原谅、复合或继续关系。现实安全、持续行为、反例与双方意愿优先。,高,待验证,,pseudo_fit=PM08; provisional=true; rule_group=PARTNER-PM伪适配,0.3
M5-PARTNER-339,SC01 日常相处｜场景定义,L7 场景行为验证,PARTNER-场景路由,通用,定义,SC01,日常相处,存在具体对象或需要建立观察计划。,无,由共享基础引擎与M5-BASE提供；只修正用户需要何种伴侣功能，不直接推断现实对象成熟度。,由M2提供；夫妻星与准入证据只说明谁容易进入关系，不能替代伴侣长期能力验证。,由M3-BASE提供；日支只帮助确定用户亲密关系中的功能需求，不直接描述具体伴侣人格。,无／按本规则指定的伴侣行为、场景或匹配模式路由。,近位、远位只修正用户对某项功能的优先级；不得据此断定现实伴侣一定具备。,根气只修正用户功能需求是否稳定重复，不等于具体对象已经稳定做到。,旺弱只修正需求强度、风险敏感度或匹配模式，不直接等于伴侣能力质量。,喜忌只修正用户对功能的承载与摩擦，不可直接翻译为理想伴侣五行、十神或人格。,真合化成立时按化神功能重算用户需求；合化争议时停止细化伴侣画像。,近位提高该功能进入亲密关系核心的可能；远位只保留背景或情境性观察。,88,不加分；场景定义,observation_scenario,联系、陪伴、作息、小事协商和个人空间。,日常相处主要观察：联系、陪伴、作息、小事协商和个人空间。,不得仅凭本规则推出某个具体人必然适合、忠诚、成熟或长期稳定；不得推断职业、收入、外貌、家庭、生肖、五行；不得以命理要求容忍伤害、原谅、复合或继续关系。现实安全、持续行为、反例与双方意愿优先。,高,待验证,,scenario=SC01; provisional=true; rule_group=PARTNER-场景路由,0.3
M5-PARTNER-340,SC01 日常相处｜关键观察维度,L7 场景行为验证,PARTNER-场景路由,通用,路由,SC01,日常相处,该场景资料可用。,只有同一事件重复解释。,由共享基础引擎与M5-BASE提供；只修正用户需要何种伴侣功能，不直接推断现实对象成熟度。,由M2提供；夫妻星与准入证据只说明谁容易进入关系，不能替代伴侣长期能力验证。,由M3-BASE提供；日支只帮助确定用户亲密关系中的功能需求，不直接描述具体伴侣人格。,无／按本规则指定的伴侣行为、场景或匹配模式路由。,近位、远位只修正用户对某项功能的优先级；不得据此断定现实伴侣一定具备。,根气只修正用户功能需求是否稳定重复，不等于具体对象已经稳定做到。,旺弱只修正需求强度、风险敏感度或匹配模式，不直接等于伴侣能力质量。,喜忌只修正用户对功能的承载与摩擦，不可直接翻译为理想伴侣五行、十神或人格。,真合化成立时按化神功能重算用户需求；合化争议时停止细化伴侣画像。,近位提高该功能进入亲密关系核心的可能；远位只保留背景或情境性观察。,82,维度候选 +6,partner_observation_dimensions,PO01一致性、PO02双向性、PO04边界。,重点查看：PO01一致性、PO02双向性、PO04边界。,不得仅凭本规则推出某个具体人必然适合、忠诚、成熟或长期稳定；不得推断职业、收入、外貌、家庭、生肖、五行；不得以命理要求容忍伤害、原谅、复合或继续关系。现实安全、持续行为、反例与双方意愿优先。,中,待验证,,scenario=SC01; provisional=true; rule_group=PARTNER-场景路由,0.3
M5-PARTNER-341,SC01 日常相处｜功能路由,L7 场景行为验证,PARTNER-场景路由,通用,路由,SC01,日常相处,主FN或次FN与该场景相关。,直接把所有FN都放入同一场景。,由共享基础引擎与M5-BASE提供；只修正用户需要何种伴侣功能，不直接推断现实对象成熟度。,由M2提供；夫妻星与准入证据只说明谁容易进入关系，不能替代伴侣长期能力验证。,由M3-BASE提供；日支只帮助确定用户亲密关系中的功能需求，不直接描述具体伴侣人格。,无／按本规则指定的伴侣行为、场景或匹配模式路由。,近位、远位只修正用户对某项功能的优先级；不得据此断定现实伴侣一定具备。,根气只修正用户功能需求是否稳定重复，不等于具体对象已经稳定做到。,旺弱只修正需求强度、风险敏感度或匹配模式，不直接等于伴侣能力质量。,喜忌只修正用户对功能的承载与摩擦，不可直接翻译为理想伴侣五行、十神或人格。,真合化成立时按化神功能重算用户需求；合化争议时停止细化伴侣画像。,近位提高该功能进入亲密关系核心的可能；远位只保留背景或情境性观察。,78,FN场景路由,partner_function_profile,FN03、FN05、FN09、FN10常见；仍需结合主FN。,该场景常用来验证：FN03、FN05、FN09、FN10常见；仍需结合主FN。,不得仅凭本规则推出某个具体人必然适合、忠诚、成熟或长期稳定；不得推断职业、收入、外貌、家庭、生肖、五行；不得以命理要求容忍伤害、原谅、复合或继续关系。现实安全、持续行为、反例与双方意愿优先。,中,待验证,,scenario=SC01; provisional=true; rule_group=PARTNER-场景路由,0.3
M5-PARTNER-342,SC01 日常相处｜证据要求,L7 场景行为验证,PARTNER-场景路由,通用,证据,SC01,日常相处,准备升级对象能力结论。,只有命盘、身份或一次高光。,由共享基础引擎与M5-BASE提供；只修正用户需要何种伴侣功能，不直接推断现实对象成熟度。,由M2提供；夫妻星与准入证据只说明谁容易进入关系，不能替代伴侣长期能力验证。,由M3-BASE提供；日支只帮助确定用户亲密关系中的功能需求，不直接描述具体伴侣人格。,无／按本规则指定的伴侣行为、场景或匹配模式路由。,近位、远位只修正用户对某项功能的优先级；不得据此断定现实伴侣一定具备。,根气只修正用户功能需求是否稳定重复，不等于具体对象已经稳定做到。,旺弱只修正需求强度、风险敏感度或匹配模式，不直接等于伴侣能力质量。,喜忌只修正用户对功能的承载与摩擦，不可直接翻译为理想伴侣五行、十神或人格。,真合化成立时按化神功能重算用户需求；合化争议时停止细化伴侣画像。,近位提高该功能进入亲密关系核心的可能；远位只保留背景或情境性观察。,86,PV层级修正,partner_evidence_level,日常低成本行为最适合观察稳定性。,日常低成本行为最适合观察稳定性。,不得仅凭本规则推出某个具体人必然适合、忠诚、成熟或长期稳定；不得推断职业、收入、外貌、家庭、生肖、五行；不得以命理要求容忍伤害、原谅、复合或继续关系。现实安全、持续行为、反例与双方意愿优先。,中高,待验证,,scenario=SC01; provisional=true; rule_group=PARTNER-场景路由,0.3
M5-PARTNER-343,SC01 日常相处｜用户输出,L7 场景行为验证,PARTNER-场景路由,通用,输出,SC01,日常相处,完成场景裁决。,资料停止。,由共享基础引擎与M5-BASE提供；只修正用户需要何种伴侣功能，不直接推断现实对象成熟度。,由M2提供；夫妻星与准入证据只说明谁容易进入关系，不能替代伴侣长期能力验证。,由M3-BASE提供；日支只帮助确定用户亲密关系中的功能需求，不直接描述具体伴侣人格。,无／按本规则指定的伴侣行为、场景或匹配模式路由。,近位、远位只修正用户对某项功能的优先级；不得据此断定现实伴侣一定具备。,根气只修正用户功能需求是否稳定重复，不等于具体对象已经稳定做到。,旺弱只修正需求强度、风险敏感度或匹配模式，不直接等于伴侣能力质量。,喜忌只修正用户对功能的承载与摩擦，不可直接翻译为理想伴侣五行、十神或人格。,真合化成立时按化神功能重算用户需求；合化争议时停止细化伴侣画像。,近位提高该功能进入亲密关系核心的可能；远位只保留背景或情境性观察。,72,不加分；输出,observation_plan,日常低成本行为最适合观察稳定性。,在日常相处中，日常低成本行为最适合观察稳定性。,不得仅凭本规则推出某个具体人必然适合、忠诚、成熟或长期稳定；不得推断职业、收入、外貌、家庭、生肖、五行；不得以命理要求容忍伤害、原谅、复合或继续关系。现实安全、持续行为、反例与双方意愿优先。,中高,待验证,,scenario=SC01; provisional=true; rule_group=PARTNER-场景路由,0.3
M5-PARTNER-344,SC02 时间资源与共同事务｜场景定义,L7 场景行为验证,PARTNER-场景路由,通用,定义,SC02,时间资源与共同事务,存在具体对象或需要建立观察计划。,无,由共享基础引擎与M5-BASE提供；只修正用户需要何种伴侣功能，不直接推断现实对象成熟度。,由M2提供；夫妻星与准入证据只说明谁容易进入关系，不能替代伴侣长期能力验证。,由M3-BASE提供；日支只帮助确定用户亲密关系中的功能需求，不直接描述具体伴侣人格。,无／按本规则指定的伴侣行为、场景或匹配模式路由。,近位、远位只修正用户对某项功能的优先级；不得据此断定现实伴侣一定具备。,根气只修正用户功能需求是否稳定重复，不等于具体对象已经稳定做到。,旺弱只修正需求强度、风险敏感度或匹配模式，不直接等于伴侣能力质量。,喜忌只修正用户对功能的承载与摩擦，不可直接翻译为理想伴侣五行、十神或人格。,真合化成立时按化神功能重算用户需求；合化争议时停止细化伴侣画像。,近位提高该功能进入亲密关系核心的可能；远位只保留背景或情境性观察。,88,不加分；场景定义,observation_scenario,时间、金钱、家务、工作和家庭责任。,时间资源与共同事务主要观察：时间、金钱、家务、工作和家庭责任。,不得仅凭本规则推出某个具体人必然适合、忠诚、成熟或长期稳定；不得推断职业、收入、外貌、家庭、生肖、五行；不得以命理要求容忍伤害、原谅、复合或继续关系。现实安全、持续行为、反例与双方意愿优先。,高,待验证,,scenario=SC02; provisional=true; rule_group=PARTNER-场景路由,0.3
M5-PARTNER-345,SC02 时间资源与共同事务｜关键观察维度,L7 场景行为验证,PARTNER-场景路由,通用,路由,SC02,时间资源与共同事务,该场景资料可用。,只有同一事件重复解释。,由共享基础引擎与M5-BASE提供；只修正用户需要何种伴侣功能，不直接推断现实对象成熟度。,由M2提供；夫妻星与准入证据只说明谁容易进入关系，不能替代伴侣长期能力验证。,由M3-BASE提供；日支只帮助确定用户亲密关系中的功能需求，不直接描述具体伴侣人格。,无／按本规则指定的伴侣行为、场景或匹配模式路由。,近位、远位只修正用户对某项功能的优先级；不得据此断定现实伴侣一定具备。,根气只修正用户功能需求是否稳定重复，不等于具体对象已经稳定做到。,旺弱只修正需求强度、风险敏感度或匹配模式，不直接等于伴侣能力质量。,喜忌只修正用户对功能的承载与摩擦，不可直接翻译为理想伴侣五行、十神或人格。,真合化成立时按化神功能重算用户需求；合化争议时停止细化伴侣画像。,近位提高该功能进入亲密关系核心的可能；远位只保留背景或情境性观察。,82,维度候选 +6,partner_observation_dimensions,PO04边界、PO05责任、PO06落实。,重点查看：PO04边界、PO05责任、PO06落实。,不得仅凭本规则推出某个具体人必然适合、忠诚、成熟或长期稳定；不得推断职业、收入、外貌、家庭、生肖、五行；不得以命理要求容忍伤害、原谅、复合或继续关系。现实安全、持续行为、反例与双方意愿优先。,中,待验证,,scenario=SC02; provisional=true; rule_group=PARTNER-场景路由,0.3
M5-PARTNER-346,SC02 时间资源与共同事务｜功能路由,L7 场景行为验证,PARTNER-场景路由,通用,路由,SC02,时间资源与共同事务,主FN或次FN与该场景相关。,直接把所有FN都放入同一场景。,由共享基础引擎与M5-BASE提供；只修正用户需要何种伴侣功能，不直接推断现实对象成熟度。,由M2提供；夫妻星与准入证据只说明谁容易进入关系，不能替代伴侣长期能力验证。,由M3-BASE提供；日支只帮助确定用户亲密关系中的功能需求，不直接描述具体伴侣人格。,无／按本规则指定的伴侣行为、场景或匹配模式路由。,近位、远位只修正用户对某项功能的优先级；不得据此断定现实伴侣一定具备。,根气只修正用户功能需求是否稳定重复，不等于具体对象已经稳定做到。,旺弱只修正需求强度、风险敏感度或匹配模式，不直接等于伴侣能力质量。,喜忌只修正用户对功能的承载与摩擦，不可直接翻译为理想伴侣五行、十神或人格。,真合化成立时按化神功能重算用户需求；合化争议时停止细化伴侣画像。,近位提高该功能进入亲密关系核心的可能；远位只保留背景或情境性观察。,78,FN场景路由,partner_function_profile,FN01、FN02、FN05、FN07。,该场景常用来验证：FN01、FN02、FN05、FN07。,不得仅凭本规则推出某个具体人必然适合、忠诚、成熟或长期稳定；不得推断职业、收入、外貌、家庭、生肖、五行；不得以命理要求容忍伤害、原谅、复合或继续关系。现实安全、持续行为、反例与双方意愿优先。,中,待验证,,scenario=SC02; provisional=true; rule_group=PARTNER-场景路由,0.3
M5-PARTNER-347,SC02 时间资源与共同事务｜证据要求,L7 场景行为验证,PARTNER-场景路由,通用,证据,SC02,时间资源与共同事务,准备升级对象能力结论。,只有命盘、身份或一次高光。,由共享基础引擎与M5-BASE提供；只修正用户需要何种伴侣功能，不直接推断现实对象成熟度。,由M2提供；夫妻星与准入证据只说明谁容易进入关系，不能替代伴侣长期能力验证。,由M3-BASE提供；日支只帮助确定用户亲密关系中的功能需求，不直接描述具体伴侣人格。,无／按本规则指定的伴侣行为、场景或匹配模式路由。,近位、远位只修正用户对某项功能的优先级；不得据此断定现实伴侣一定具备。,根气只修正用户功能需求是否稳定重复，不等于具体对象已经稳定做到。,旺弱只修正需求强度、风险敏感度或匹配模式，不直接等于伴侣能力质量。,喜忌只修正用户对功能的承载与摩擦，不可直接翻译为理想伴侣五行、十神或人格。,真合化成立时按化神功能重算用户需求；合化争议时停止细化伴侣画像。,近位提高该功能进入亲密关系核心的可能；远位只保留背景或情境性观察。,86,PV层级修正,partner_evidence_level,现实分工比口头“我会负责”更有证据力。,现实分工比口头“我会负责”更有证据力。,不得仅凭本规则推出某个具体人必然适合、忠诚、成熟或长期稳定；不得推断职业、收入、外貌、家庭、生肖、五行；不得以命理要求容忍伤害、原谅、复合或继续关系。现实安全、持续行为、反例与双方意愿优先。,中高,待验证,,scenario=SC02; provisional=true; rule_group=PARTNER-场景路由,0.3
M5-PARTNER-348,SC02 时间资源与共同事务｜用户输出,L7 场景行为验证,PARTNER-场景路由,通用,输出,SC02,时间资源与共同事务,完成场景裁决。,资料停止。,由共享基础引擎与M5-BASE提供；只修正用户需要何种伴侣功能，不直接推断现实对象成熟度。,由M2提供；夫妻星与准入证据只说明谁容易进入关系，不能替代伴侣长期能力验证。,由M3-BASE提供；日支只帮助确定用户亲密关系中的功能需求，不直接描述具体伴侣人格。,无／按本规则指定的伴侣行为、场景或匹配模式路由。,近位、远位只修正用户对某项功能的优先级；不得据此断定现实伴侣一定具备。,根气只修正用户功能需求是否稳定重复，不等于具体对象已经稳定做到。,旺弱只修正需求强度、风险敏感度或匹配模式，不直接等于伴侣能力质量。,喜忌只修正用户对功能的承载与摩擦，不可直接翻译为理想伴侣五行、十神或人格。,真合化成立时按化神功能重算用户需求；合化争议时停止细化伴侣画像。,近位提高该功能进入亲密关系核心的可能；远位只保留背景或情境性观察。,72,不加分；输出,observation_plan,现实分工比口头“我会负责”更有证据力。,在时间资源与共同事务中，现实分工比口头“我会负责”更有证据力。,不得仅凭本规则推出某个具体人必然适合、忠诚、成熟或长期稳定；不得推断职业、收入、外貌、家庭、生肖、五行；不得以命理要求容忍伤害、原谅、复合或继续关系。现实安全、持续行为、反例与双方意愿优先。,中高,待验证,,scenario=SC02; provisional=true; rule_group=PARTNER-场景路由,0.3
M5-PARTNER-349,SC03 意见分歧｜场景定义,L7 场景行为验证,PARTNER-场景路由,通用,定义,SC03,意见分歧,存在具体对象或需要建立观察计划。,无,由共享基础引擎与M5-BASE提供；只修正用户需要何种伴侣功能，不直接推断现实对象成熟度。,由M2提供；夫妻星与准入证据只说明谁容易进入关系，不能替代伴侣长期能力验证。,由M3-BASE提供；日支只帮助确定用户亲密关系中的功能需求，不直接描述具体伴侣人格。,无／按本规则指定的伴侣行为、场景或匹配模式路由。,近位、远位只修正用户对某项功能的优先级；不得据此断定现实伴侣一定具备。,根气只修正用户功能需求是否稳定重复，不等于具体对象已经稳定做到。,旺弱只修正需求强度、风险敏感度或匹配模式，不直接等于伴侣能力质量。,喜忌只修正用户对功能的承载与摩擦，不可直接翻译为理想伴侣五行、十神或人格。,真合化成立时按化神功能重算用户需求；合化争议时停止细化伴侣画像。,近位提高该功能进入亲密关系核心的可能；远位只保留背景或情境性观察。,88,不加分；场景定义,observation_scenario,观点不同、需要不同、规则与选择冲突。,意见分歧主要观察：观点不同、需要不同、规则与选择冲突。,不得仅凭本规则推出某个具体人必然适合、忠诚、成熟或长期稳定；不得推断职业、收入、外貌、家庭、生肖、五行；不得以命理要求容忍伤害、原谅、复合或继续关系。现实安全、持续行为、反例与双方意愿优先。,高,待验证,,scenario=SC03; provisional=true; rule_group=PARTNER-场景路由,0.3
M5-PARTNER-350,SC03 意见分歧｜关键观察维度,L7 场景行为验证,PARTNER-场景路由,通用,路由,SC03,意见分歧,该场景资料可用。,只有同一事件重复解释。,由共享基础引擎与M5-BASE提供；只修正用户需要何种伴侣功能，不直接推断现实对象成熟度。,由M2提供；夫妻星与准入证据只说明谁容易进入关系，不能替代伴侣长期能力验证。,由M3-BASE提供；日支只帮助确定用户亲密关系中的功能需求，不直接描述具体伴侣人格。,无／按本规则指定的伴侣行为、场景或匹配模式路由。,近位、远位只修正用户对某项功能的优先级；不得据此断定现实伴侣一定具备。,根气只修正用户功能需求是否稳定重复，不等于具体对象已经稳定做到。,旺弱只修正需求强度、风险敏感度或匹配模式，不直接等于伴侣能力质量。,喜忌只修正用户对功能的承载与摩擦，不可直接翻译为理想伴侣五行、十神或人格。,真合化成立时按化神功能重算用户需求；合化争议时停止细化伴侣画像。,近位提高该功能进入亲密关系核心的可能；远位只保留背景或情境性观察。,82,维度候选 +6,partner_observation_dimensions,PO02双向、PO03选择权、PO04边界。,重点查看：PO02双向、PO03选择权、PO04边界。,不得仅凭本规则推出某个具体人必然适合、忠诚、成熟或长期稳定；不得推断职业、收入、外貌、家庭、生肖、五行；不得以命理要求容忍伤害、原谅、复合或继续关系。现实安全、持续行为、反例与双方意愿优先。,中,待验证,,scenario=SC03; provisional=true; rule_group=PARTNER-场景路由,0.3
M5-PARTNER-351,SC03 意见分歧｜功能路由,L7 场景行为验证,PARTNER-场景路由,通用,路由,SC03,意见分歧,主FN或次FN与该场景相关。,直接把所有FN都放入同一场景。,由共享基础引擎与M5-BASE提供；只修正用户需要何种伴侣功能，不直接推断现实对象成熟度。,由M2提供；夫妻星与准入证据只说明谁容易进入关系，不能替代伴侣长期能力验证。,由M3-BASE提供；日支只帮助确定用户亲密关系中的功能需求，不直接描述具体伴侣人格。,无／按本规则指定的伴侣行为、场景或匹配模式路由。,近位、远位只修正用户对某项功能的优先级；不得据此断定现实伴侣一定具备。,根气只修正用户功能需求是否稳定重复，不等于具体对象已经稳定做到。,旺弱只修正需求强度、风险敏感度或匹配模式，不直接等于伴侣能力质量。,喜忌只修正用户对功能的承载与摩擦，不可直接翻译为理想伴侣五行、十神或人格。,真合化成立时按化神功能重算用户需求；合化争议时停止细化伴侣画像。,近位提高该功能进入亲密关系核心的可能；远位只保留背景或情境性观察。,78,FN场景路由,partner_function_profile,FN01、FN04、FN07、FN08、FN09。,该场景常用来验证：FN01、FN04、FN07、FN08、FN09。,不得仅凭本规则推出某个具体人必然适合、忠诚、成熟或长期稳定；不得推断职业、收入、外貌、家庭、生肖、五行；不得以命理要求容忍伤害、原谅、复合或继续关系。现实安全、持续行为、反例与双方意愿优先。,中,待验证,,scenario=SC03; provisional=true; rule_group=PARTNER-场景路由,0.3
M5-PARTNER-352,SC03 意见分歧｜证据要求,L7 场景行为验证,PARTNER-场景路由,通用,证据,SC03,意见分歧,准备升级对象能力结论。,只有命盘、身份或一次高光。,由共享基础引擎与M5-BASE提供；只修正用户需要何种伴侣功能，不直接推断现实对象成熟度。,由M2提供；夫妻星与准入证据只说明谁容易进入关系，不能替代伴侣长期能力验证。,由M3-BASE提供；日支只帮助确定用户亲密关系中的功能需求，不直接描述具体伴侣人格。,无／按本规则指定的伴侣行为、场景或匹配模式路由。,近位、远位只修正用户对某项功能的优先级；不得据此断定现实伴侣一定具备。,根气只修正用户功能需求是否稳定重复，不等于具体对象已经稳定做到。,旺弱只修正需求强度、风险敏感度或匹配模式，不直接等于伴侣能力质量。,喜忌只修正用户对功能的承载与摩擦，不可直接翻译为理想伴侣五行、十神或人格。,真合化成立时按化神功能重算用户需求；合化争议时停止细化伴侣画像。,近位提高该功能进入亲密关系核心的可能；远位只保留背景或情境性观察。,86,PV层级修正,partner_evidence_level,分歧时是否仍尊重对方，是成熟画像关键。,分歧时是否仍尊重对方，是成熟画像关键。,不得仅凭本规则推出某个具体人必然适合、忠诚、成熟或长期稳定；不得推断职业、收入、外貌、家庭、生肖、五行；不得以命理要求容忍伤害、原谅、复合或继续关系。现实安全、持续行为、反例与双方意愿优先。,中高,待验证,,scenario=SC03; provisional=true; rule_group=PARTNER-场景路由,0.3
M5-PARTNER-353,SC03 意见分歧｜用户输出,L7 场景行为验证,PARTNER-场景路由,通用,输出,SC03,意见分歧,完成场景裁决。,资料停止。,由共享基础引擎与M5-BASE提供；只修正用户需要何种伴侣功能，不直接推断现实对象成熟度。,由M2提供；夫妻星与准入证据只说明谁容易进入关系，不能替代伴侣长期能力验证。,由M3-BASE提供；日支只帮助确定用户亲密关系中的功能需求，不直接描述具体伴侣人格。,无／按本规则指定的伴侣行为、场景或匹配模式路由。,近位、远位只修正用户对某项功能的优先级；不得据此断定现实伴侣一定具备。,根气只修正用户功能需求是否稳定重复，不等于具体对象已经稳定做到。,旺弱只修正需求强度、风险敏感度或匹配模式，不直接等于伴侣能力质量。,喜忌只修正用户对功能的承载与摩擦，不可直接翻译为理想伴侣五行、十神或人格。,真合化成立时按化神功能重算用户需求；合化争议时停止细化伴侣画像。,近位提高该功能进入亲密关系核心的可能；远位只保留背景或情境性观察。,72,不加分；输出,observation_plan,分歧时是否仍尊重对方，是成熟画像关键。,在意见分歧中，分歧时是否仍尊重对方，是成熟画像关键。,不得仅凭本规则推出某个具体人必然适合、忠诚、成熟或长期稳定；不得推断职业、收入、外貌、家庭、生肖、五行；不得以命理要求容忍伤害、原谅、复合或继续关系。现实安全、持续行为、反例与双方意愿优先。,中高,待验证,,scenario=SC03; provisional=true; rule_group=PARTNER-场景路由,0.3
M5-PARTNER-354,SC04 高压与突发事件｜场景定义,L7 场景行为验证,PARTNER-场景路由,通用,定义,SC04,高压与突发事件,存在具体对象或需要建立观察计划。,无,由共享基础引擎与M5-BASE提供；只修正用户需要何种伴侣功能，不直接推断现实对象成熟度。,由M2提供；夫妻星与准入证据只说明谁容易进入关系，不能替代伴侣长期能力验证。,由M3-BASE提供；日支只帮助确定用户亲密关系中的功能需求，不直接描述具体伴侣人格。,无／按本规则指定的伴侣行为、场景或匹配模式路由。,近位、远位只修正用户对某项功能的优先级；不得据此断定现实伴侣一定具备。,根气只修正用户功能需求是否稳定重复，不等于具体对象已经稳定做到。,旺弱只修正需求强度、风险敏感度或匹配模式，不直接等于伴侣能力质量。,喜忌只修正用户对功能的承载与摩擦，不可直接翻译为理想伴侣五行、十神或人格。,真合化成立时按化神功能重算用户需求；合化争议时停止细化伴侣画像。,近位提高该功能进入亲密关系核心的可能；远位只保留背景或情境性观察。,88,不加分；场景定义,observation_scenario,危机、成本、疲劳、失控和紧急决定。,高压与突发事件主要观察：危机、成本、疲劳、失控和紧急决定。,不得仅凭本规则推出某个具体人必然适合、忠诚、成熟或长期稳定；不得推断职业、收入、外貌、家庭、生肖、五行；不得以命理要求容忍伤害、原谅、复合或继续关系。现实安全、持续行为、反例与双方意愿优先。,高,待验证,,scenario=SC04; provisional=true; rule_group=PARTNER-场景路由,0.3
M5-PARTNER-355,SC04 高压与突发事件｜关键观察维度,L7 场景行为验证,PARTNER-场景路由,通用,路由,SC04,高压与突发事件,该场景资料可用。,只有同一事件重复解释。,由共享基础引擎与M5-BASE提供；只修正用户需要何种伴侣功能，不直接推断现实对象成熟度。,由M2提供；夫妻星与准入证据只说明谁容易进入关系，不能替代伴侣长期能力验证。,由M3-BASE提供；日支只帮助确定用户亲密关系中的功能需求，不直接描述具体伴侣人格。,无／按本规则指定的伴侣行为、场景或匹配模式路由。,近位、远位只修正用户对某项功能的优先级；不得据此断定现实伴侣一定具备。,根气只修正用户功能需求是否稳定重复，不等于具体对象已经稳定做到。,旺弱只修正需求强度、风险敏感度或匹配模式，不直接等于伴侣能力质量。,喜忌只修正用户对功能的承载与摩擦，不可直接翻译为理想伴侣五行、十神或人格。,真合化成立时按化神功能重算用户需求；合化争议时停止细化伴侣画像。,近位提高该功能进入亲密关系核心的可能；远位只保留背景或情境性观察。,82,维度候选 +6,partner_observation_dimensions,PO03选择权、PO05责任、PO07压力稳定。,重点查看：PO03选择权、PO05责任、PO07压力稳定。,不得仅凭本规则推出某个具体人必然适合、忠诚、成熟或长期稳定；不得推断职业、收入、外貌、家庭、生肖、五行；不得以命理要求容忍伤害、原谅、复合或继续关系。现实安全、持续行为、反例与双方意愿优先。,中,待验证,,scenario=SC04; provisional=true; rule_group=PARTNER-场景路由,0.3
M5-PARTNER-356,SC04 高压与突发事件｜功能路由,L7 场景行为验证,PARTNER-场景路由,通用,路由,SC04,高压与突发事件,主FN或次FN与该场景相关。,直接把所有FN都放入同一场景。,由共享基础引擎与M5-BASE提供；只修正用户需要何种伴侣功能，不直接推断现实对象成熟度。,由M2提供；夫妻星与准入证据只说明谁容易进入关系，不能替代伴侣长期能力验证。,由M3-BASE提供；日支只帮助确定用户亲密关系中的功能需求，不直接描述具体伴侣人格。,无／按本规则指定的伴侣行为、场景或匹配模式路由。,近位、远位只修正用户对某项功能的优先级；不得据此断定现实伴侣一定具备。,根气只修正用户功能需求是否稳定重复，不等于具体对象已经稳定做到。,旺弱只修正需求强度、风险敏感度或匹配模式，不直接等于伴侣能力质量。,喜忌只修正用户对功能的承载与摩擦，不可直接翻译为理想伴侣五行、十神或人格。,真合化成立时按化神功能重算用户需求；合化争议时停止细化伴侣画像。,近位提高该功能进入亲密关系核心的可能；远位只保留背景或情境性观察。,78,FN场景路由,partner_function_profile,FN02、FN07、FN08、FN09。,该场景常用来验证：FN02、FN07、FN08、FN09。,不得仅凭本规则推出某个具体人必然适合、忠诚、成熟或长期稳定；不得推断职业、收入、外貌、家庭、生肖、五行；不得以命理要求容忍伤害、原谅、复合或继续关系。现实安全、持续行为、反例与双方意愿优先。,中,待验证,,scenario=SC04; provisional=true; rule_group=PARTNER-场景路由,0.3
M5-PARTNER-357,SC04 高压与突发事件｜证据要求,L7 场景行为验证,PARTNER-场景路由,通用,证据,SC04,高压与突发事件,准备升级对象能力结论。,只有命盘、身份或一次高光。,由共享基础引擎与M5-BASE提供；只修正用户需要何种伴侣功能，不直接推断现实对象成熟度。,由M2提供；夫妻星与准入证据只说明谁容易进入关系，不能替代伴侣长期能力验证。,由M3-BASE提供；日支只帮助确定用户亲密关系中的功能需求，不直接描述具体伴侣人格。,无／按本规则指定的伴侣行为、场景或匹配模式路由。,近位、远位只修正用户对某项功能的优先级；不得据此断定现实伴侣一定具备。,根气只修正用户功能需求是否稳定重复，不等于具体对象已经稳定做到。,旺弱只修正需求强度、风险敏感度或匹配模式，不直接等于伴侣能力质量。,喜忌只修正用户对功能的承载与摩擦，不可直接翻译为理想伴侣五行、十神或人格。,真合化成立时按化神功能重算用户需求；合化争议时停止细化伴侣画像。,近位提高该功能进入亲密关系核心的可能；远位只保留背景或情境性观察。,86,PV层级修正,partner_evidence_level,高压表现不能覆盖安全和同意。,高压表现不能覆盖安全和同意。,不得仅凭本规则推出某个具体人必然适合、忠诚、成熟或长期稳定；不得推断职业、收入、外貌、家庭、生肖、五行；不得以命理要求容忍伤害、原谅、复合或继续关系。现实安全、持续行为、反例与双方意愿优先。,中高,待验证,,scenario=SC04; provisional=true; rule_group=PARTNER-场景路由,0.3
M5-PARTNER-358,SC04 高压与突发事件｜用户输出,L7 场景行为验证,PARTNER-场景路由,通用,输出,SC04,高压与突发事件,完成场景裁决。,资料停止。,由共享基础引擎与M5-BASE提供；只修正用户需要何种伴侣功能，不直接推断现实对象成熟度。,由M2提供；夫妻星与准入证据只说明谁容易进入关系，不能替代伴侣长期能力验证。,由M3-BASE提供；日支只帮助确定用户亲密关系中的功能需求，不直接描述具体伴侣人格。,无／按本规则指定的伴侣行为、场景或匹配模式路由。,近位、远位只修正用户对某项功能的优先级；不得据此断定现实伴侣一定具备。,根气只修正用户功能需求是否稳定重复，不等于具体对象已经稳定做到。,旺弱只修正需求强度、风险敏感度或匹配模式，不直接等于伴侣能力质量。,喜忌只修正用户对功能的承载与摩擦，不可直接翻译为理想伴侣五行、十神或人格。,真合化成立时按化神功能重算用户需求；合化争议时停止细化伴侣画像。,近位提高该功能进入亲密关系核心的可能；远位只保留背景或情境性观察。,72,不加分；输出,observation_plan,高压表现不能覆盖安全和同意。,在高压与突发事件中，高压表现不能覆盖安全和同意。,不得仅凭本规则推出某个具体人必然适合、忠诚、成熟或长期稳定；不得推断职业、收入、外貌、家庭、生肖、五行；不得以命理要求容忍伤害、原谅、复合或继续关系。现实安全、持续行为、反例与双方意愿优先。,中高,待验证,,scenario=SC04; provisional=true; rule_group=PARTNER-场景路由,0.3
M5-PARTNER-359,SC05 亲密与个人空间｜场景定义,L7 场景行为验证,PARTNER-场景路由,通用,定义,SC05,亲密与个人空间,存在具体对象或需要建立观察计划。,无,由共享基础引擎与M5-BASE提供；只修正用户需要何种伴侣功能，不直接推断现实对象成熟度。,由M2提供；夫妻星与准入证据只说明谁容易进入关系，不能替代伴侣长期能力验证。,由M3-BASE提供；日支只帮助确定用户亲密关系中的功能需求，不直接描述具体伴侣人格。,无／按本规则指定的伴侣行为、场景或匹配模式路由。,近位、远位只修正用户对某项功能的优先级；不得据此断定现实伴侣一定具备。,根气只修正用户功能需求是否稳定重复，不等于具体对象已经稳定做到。,旺弱只修正需求强度、风险敏感度或匹配模式，不直接等于伴侣能力质量。,喜忌只修正用户对功能的承载与摩擦，不可直接翻译为理想伴侣五行、十神或人格。,真合化成立时按化神功能重算用户需求；合化争议时停止细化伴侣画像。,近位提高该功能进入亲密关系核心的可能；远位只保留背景或情境性观察。,88,不加分；场景定义,observation_scenario,靠近、依赖、隐私、身体边界和暂停。,亲密与个人空间主要观察：靠近、依赖、隐私、身体边界和暂停。,不得仅凭本规则推出某个具体人必然适合、忠诚、成熟或长期稳定；不得推断职业、收入、外貌、家庭、生肖、五行；不得以命理要求容忍伤害、原谅、复合或继续关系。现实安全、持续行为、反例与双方意愿优先。,高,待验证,,scenario=SC05; provisional=true; rule_group=PARTNER-场景路由,0.3
M5-PARTNER-360,SC05 亲密与个人空间｜关键观察维度,L7 场景行为验证,PARTNER-场景路由,通用,路由,SC05,亲密与个人空间,该场景资料可用。,只有同一事件重复解释。,由共享基础引擎与M5-BASE提供；只修正用户需要何种伴侣功能，不直接推断现实对象成熟度。,由M2提供；夫妻星与准入证据只说明谁容易进入关系，不能替代伴侣长期能力验证。,由M3-BASE提供；日支只帮助确定用户亲密关系中的功能需求，不直接描述具体伴侣人格。,无／按本规则指定的伴侣行为、场景或匹配模式路由。,近位、远位只修正用户对某项功能的优先级；不得据此断定现实伴侣一定具备。,根气只修正用户功能需求是否稳定重复，不等于具体对象已经稳定做到。,旺弱只修正需求强度、风险敏感度或匹配模式，不直接等于伴侣能力质量。,喜忌只修正用户对功能的承载与摩擦，不可直接翻译为理想伴侣五行、十神或人格。,真合化成立时按化神功能重算用户需求；合化争议时停止细化伴侣画像。,近位提高该功能进入亲密关系核心的可能；远位只保留背景或情境性观察。,82,维度候选 +6,partner_observation_dimensions,PO03选择权、PO04边界、PO09跨场景。,重点查看：PO03选择权、PO04边界、PO09跨场景。,不得仅凭本规则推出某个具体人必然适合、忠诚、成熟或长期稳定；不得推断职业、收入、外貌、家庭、生肖、五行；不得以命理要求容忍伤害、原谅、复合或继续关系。现实安全、持续行为、反例与双方意愿优先。,中,待验证,,scenario=SC05; provisional=true; rule_group=PARTNER-场景路由,0.3
M5-PARTNER-361,SC05 亲密与个人空间｜功能路由,L7 场景行为验证,PARTNER-场景路由,通用,路由,SC05,亲密与个人空间,主FN或次FN与该场景相关。,直接把所有FN都放入同一场景。,由共享基础引擎与M5-BASE提供；只修正用户需要何种伴侣功能，不直接推断现实对象成熟度。,由M2提供；夫妻星与准入证据只说明谁容易进入关系，不能替代伴侣长期能力验证。,由M3-BASE提供；日支只帮助确定用户亲密关系中的功能需求，不直接描述具体伴侣人格。,无／按本规则指定的伴侣行为、场景或匹配模式路由。,近位、远位只修正用户对某项功能的优先级；不得据此断定现实伴侣一定具备。,根气只修正用户功能需求是否稳定重复，不等于具体对象已经稳定做到。,旺弱只修正需求强度、风险敏感度或匹配模式，不直接等于伴侣能力质量。,喜忌只修正用户对功能的承载与摩擦，不可直接翻译为理想伴侣五行、十神或人格。,真合化成立时按化神功能重算用户需求；合化争议时停止细化伴侣画像。,近位提高该功能进入亲密关系核心的可能；远位只保留背景或情境性观察。,78,FN场景路由,partner_function_profile,FN01、FN03、FN09、FN10。,该场景常用来验证：FN01、FN03、FN09、FN10。,不得仅凭本规则推出某个具体人必然适合、忠诚、成熟或长期稳定；不得推断职业、收入、外貌、家庭、生肖、五行；不得以命理要求容忍伤害、原谅、复合或继续关系。现实安全、持续行为、反例与双方意愿优先。,中,待验证,,scenario=SC05; provisional=true; rule_group=PARTNER-场景路由,0.3
M5-PARTNER-362,SC05 亲密与个人空间｜证据要求,L7 场景行为验证,PARTNER-场景路由,通用,证据,SC05,亲密与个人空间,准备升级对象能力结论。,只有命盘、身份或一次高光。,由共享基础引擎与M5-BASE提供；只修正用户需要何种伴侣功能，不直接推断现实对象成熟度。,由M2提供；夫妻星与准入证据只说明谁容易进入关系，不能替代伴侣长期能力验证。,由M3-BASE提供；日支只帮助确定用户亲密关系中的功能需求，不直接描述具体伴侣人格。,无／按本规则指定的伴侣行为、场景或匹配模式路由。,近位、远位只修正用户对某项功能的优先级；不得据此断定现实伴侣一定具备。,根气只修正用户功能需求是否稳定重复，不等于具体对象已经稳定做到。,旺弱只修正需求强度、风险敏感度或匹配模式，不直接等于伴侣能力质量。,喜忌只修正用户对功能的承载与摩擦，不可直接翻译为理想伴侣五行、十神或人格。,真合化成立时按化神功能重算用户需求；合化争议时停止细化伴侣画像。,近位提高该功能进入亲密关系核心的可能；远位只保留背景或情境性观察。,86,PV层级修正,partner_evidence_level,空间必须同时有最低连接和回归路径。,空间必须同时有最低连接和回归路径。,不得仅凭本规则推出某个具体人必然适合、忠诚、成熟或长期稳定；不得推断职业、收入、外貌、家庭、生肖、五行；不得以命理要求容忍伤害、原谅、复合或继续关系。现实安全、持续行为、反例与双方意愿优先。,中高,待验证,,scenario=SC05; provisional=true; rule_group=PARTNER-场景路由,0.3
M5-PARTNER-363,SC05 亲密与个人空间｜用户输出,L7 场景行为验证,PARTNER-场景路由,通用,输出,SC05,亲密与个人空间,完成场景裁决。,资料停止。,由共享基础引擎与M5-BASE提供；只修正用户需要何种伴侣功能，不直接推断现实对象成熟度。,由M2提供；夫妻星与准入证据只说明谁容易进入关系，不能替代伴侣长期能力验证。,由M3-BASE提供；日支只帮助确定用户亲密关系中的功能需求，不直接描述具体伴侣人格。,无／按本规则指定的伴侣行为、场景或匹配模式路由。,近位、远位只修正用户对某项功能的优先级；不得据此断定现实伴侣一定具备。,根气只修正用户功能需求是否稳定重复，不等于具体对象已经稳定做到。,旺弱只修正需求强度、风险敏感度或匹配模式，不直接等于伴侣能力质量。,喜忌只修正用户对功能的承载与摩擦，不可直接翻译为理想伴侣五行、十神或人格。,真合化成立时按化神功能重算用户需求；合化争议时停止细化伴侣画像。,近位提高该功能进入亲密关系核心的可能；远位只保留背景或情境性观察。,72,不加分；输出,observation_plan,空间必须同时有最低连接和回归路径。,在亲密与个人空间中，空间必须同时有最低连接和回归路径。,不得仅凭本规则推出某个具体人必然适合、忠诚、成熟或长期稳定；不得推断职业、收入、外貌、家庭、生肖、五行；不得以命理要求容忍伤害、原谅、复合或继续关系。现实安全、持续行为、反例与双方意愿优先。,中高,待验证,,scenario=SC05; provisional=true; rule_group=PARTNER-场景路由,0.3
M5-PARTNER-364,SC06 承诺与角色变化｜场景定义,L7 场景行为验证,PARTNER-场景路由,通用,定义,SC06,承诺与角色变化,存在具体对象或需要建立观察计划。,无,由共享基础引擎与M5-BASE提供；只修正用户需要何种伴侣功能，不直接推断现实对象成熟度。,由M2提供；夫妻星与准入证据只说明谁容易进入关系，不能替代伴侣长期能力验证。,由M3-BASE提供；日支只帮助确定用户亲密关系中的功能需求，不直接描述具体伴侣人格。,无／按本规则指定的伴侣行为、场景或匹配模式路由。,近位、远位只修正用户对某项功能的优先级；不得据此断定现实伴侣一定具备。,根气只修正用户功能需求是否稳定重复，不等于具体对象已经稳定做到。,旺弱只修正需求强度、风险敏感度或匹配模式，不直接等于伴侣能力质量。,喜忌只修正用户对功能的承载与摩擦，不可直接翻译为理想伴侣五行、十神或人格。,真合化成立时按化神功能重算用户需求；合化争议时停止细化伴侣画像。,近位提高该功能进入亲密关系核心的可能；远位只保留背景或情境性观察。,88,不加分；场景定义,observation_scenario,关系升级、计划变化、异地、工作与家庭角色。,承诺与角色变化主要观察：关系升级、计划变化、异地、工作与家庭角色。,不得仅凭本规则推出某个具体人必然适合、忠诚、成熟或长期稳定；不得推断职业、收入、外貌、家庭、生肖、五行；不得以命理要求容忍伤害、原谅、复合或继续关系。现实安全、持续行为、反例与双方意愿优先。,高,待验证,,scenario=SC06; provisional=true; rule_group=PARTNER-场景路由,0.3
M5-PARTNER-365,SC06 承诺与角色变化｜关键观察维度,L7 场景行为验证,PARTNER-场景路由,通用,路由,SC06,承诺与角色变化,该场景资料可用。,只有同一事件重复解释。,由共享基础引擎与M5-BASE提供；只修正用户需要何种伴侣功能，不直接推断现实对象成熟度。,由M2提供；夫妻星与准入证据只说明谁容易进入关系，不能替代伴侣长期能力验证。,由M3-BASE提供；日支只帮助确定用户亲密关系中的功能需求，不直接描述具体伴侣人格。,无／按本规则指定的伴侣行为、场景或匹配模式路由。,近位、远位只修正用户对某项功能的优先级；不得据此断定现实伴侣一定具备。,根气只修正用户功能需求是否稳定重复，不等于具体对象已经稳定做到。,旺弱只修正需求强度、风险敏感度或匹配模式，不直接等于伴侣能力质量。,喜忌只修正用户对功能的承载与摩擦，不可直接翻译为理想伴侣五行、十神或人格。,真合化成立时按化神功能重算用户需求；合化争议时停止细化伴侣画像。,近位提高该功能进入亲密关系核心的可能；远位只保留背景或情境性观察。,82,维度候选 +6,partner_observation_dimensions,PO05责任、PO06落实、PO10学习调整。,重点查看：PO05责任、PO06落实、PO10学习调整。,不得仅凭本规则推出某个具体人必然适合、忠诚、成熟或长期稳定；不得推断职业、收入、外貌、家庭、生肖、五行；不得以命理要求容忍伤害、原谅、复合或继续关系。现实安全、持续行为、反例与双方意愿优先。,中,待验证,,scenario=SC06; provisional=true; rule_group=PARTNER-场景路由,0.3
M5-PARTNER-366,SC06 承诺与角色变化｜功能路由,L7 场景行为验证,PARTNER-场景路由,通用,路由,SC06,承诺与角色变化,主FN或次FN与该场景相关。,直接把所有FN都放入同一场景。,由共享基础引擎与M5-BASE提供；只修正用户需要何种伴侣功能，不直接推断现实对象成熟度。,由M2提供；夫妻星与准入证据只说明谁容易进入关系，不能替代伴侣长期能力验证。,由M3-BASE提供；日支只帮助确定用户亲密关系中的功能需求，不直接描述具体伴侣人格。,无／按本规则指定的伴侣行为、场景或匹配模式路由。,近位、远位只修正用户对某项功能的优先级；不得据此断定现实伴侣一定具备。,根气只修正用户功能需求是否稳定重复，不等于具体对象已经稳定做到。,旺弱只修正需求强度、风险敏感度或匹配模式，不直接等于伴侣能力质量。,喜忌只修正用户对功能的承载与摩擦，不可直接翻译为理想伴侣五行、十神或人格。,真合化成立时按化神功能重算用户需求；合化争议时停止细化伴侣画像。,近位提高该功能进入亲密关系核心的可能；远位只保留背景或情境性观察。,78,FN场景路由,partner_function_profile,FN05、FN07、FN08。,该场景常用来验证：FN05、FN07、FN08。,不得仅凭本规则推出某个具体人必然适合、忠诚、成熟或长期稳定；不得推断职业、收入、外貌、家庭、生肖、五行；不得以命理要求容忍伤害、原谅、复合或继续关系。现实安全、持续行为、反例与双方意愿优先。,中,待验证,,scenario=SC06; provisional=true; rule_group=PARTNER-场景路由,0.3
M5-PARTNER-367,SC06 承诺与角色变化｜证据要求,L7 场景行为验证,PARTNER-场景路由,通用,证据,SC06,承诺与角色变化,准备升级对象能力结论。,只有命盘、身份或一次高光。,由共享基础引擎与M5-BASE提供；只修正用户需要何种伴侣功能，不直接推断现实对象成熟度。,由M2提供；夫妻星与准入证据只说明谁容易进入关系，不能替代伴侣长期能力验证。,由M3-BASE提供；日支只帮助确定用户亲密关系中的功能需求，不直接描述具体伴侣人格。,无／按本规则指定的伴侣行为、场景或匹配模式路由。,近位、远位只修正用户对某项功能的优先级；不得据此断定现实伴侣一定具备。,根气只修正用户功能需求是否稳定重复，不等于具体对象已经稳定做到。,旺弱只修正需求强度、风险敏感度或匹配模式，不直接等于伴侣能力质量。,喜忌只修正用户对功能的承载与摩擦，不可直接翻译为理想伴侣五行、十神或人格。,真合化成立时按化神功能重算用户需求；合化争议时停止细化伴侣画像。,近位提高该功能进入亲密关系核心的可能；远位只保留背景或情境性观察。,86,PV层级修正,partner_evidence_level,变化时怎样说明和重订，比最初承诺更重要。,变化时怎样说明和重订，比最初承诺更重要。,不得仅凭本规则推出某个具体人必然适合、忠诚、成熟或长期稳定；不得推断职业、收入、外貌、家庭、生肖、五行；不得以命理要求容忍伤害、原谅、复合或继续关系。现实安全、持续行为、反例与双方意愿优先。,中高,待验证,,scenario=SC06; provisional=true; rule_group=PARTNER-场景路由,0.3
M5-PARTNER-368,SC06 承诺与角色变化｜用户输出,L7 场景行为验证,PARTNER-场景路由,通用,输出,SC06,承诺与角色变化,完成场景裁决。,资料停止。,由共享基础引擎与M5-BASE提供；只修正用户需要何种伴侣功能，不直接推断现实对象成熟度。,由M2提供；夫妻星与准入证据只说明谁容易进入关系，不能替代伴侣长期能力验证。,由M3-BASE提供；日支只帮助确定用户亲密关系中的功能需求，不直接描述具体伴侣人格。,无／按本规则指定的伴侣行为、场景或匹配模式路由。,近位、远位只修正用户对某项功能的优先级；不得据此断定现实伴侣一定具备。,根气只修正用户功能需求是否稳定重复，不等于具体对象已经稳定做到。,旺弱只修正需求强度、风险敏感度或匹配模式，不直接等于伴侣能力质量。,喜忌只修正用户对功能的承载与摩擦，不可直接翻译为理想伴侣五行、十神或人格。,真合化成立时按化神功能重算用户需求；合化争议时停止细化伴侣画像。,近位提高该功能进入亲密关系核心的可能；远位只保留背景或情境性观察。,72,不加分；输出,observation_plan,变化时怎样说明和重订，比最初承诺更重要。,在承诺与角色变化中，变化时怎样说明和重订，比最初承诺更重要。,不得仅凭本规则推出某个具体人必然适合、忠诚、成熟或长期稳定；不得推断职业、收入、外貌、家庭、生肖、五行；不得以命理要求容忍伤害、原谅、复合或继续关系。现实安全、持续行为、反例与双方意愿优先。,中高,待验证,,scenario=SC06; provisional=true; rule_group=PARTNER-场景路由,0.3
M5-PARTNER-369,SC07 冲突后修复｜场景定义,L7 场景行为验证,PARTNER-场景路由,通用,定义,SC07,冲突后修复,存在具体对象或需要建立观察计划。,无,由共享基础引擎与M5-BASE提供；只修正用户需要何种伴侣功能，不直接推断现实对象成熟度。,由M2提供；夫妻星与准入证据只说明谁容易进入关系，不能替代伴侣长期能力验证。,由M3-BASE提供；日支只帮助确定用户亲密关系中的功能需求，不直接描述具体伴侣人格。,无／按本规则指定的伴侣行为、场景或匹配模式路由。,近位、远位只修正用户对某项功能的优先级；不得据此断定现实伴侣一定具备。,根气只修正用户功能需求是否稳定重复，不等于具体对象已经稳定做到。,旺弱只修正需求强度、风险敏感度或匹配模式，不直接等于伴侣能力质量。,喜忌只修正用户对功能的承载与摩擦，不可直接翻译为理想伴侣五行、十神或人格。,真合化成立时按化神功能重算用户需求；合化争议时停止细化伴侣画像。,近位提高该功能进入亲密关系核心的可能；远位只保留背景或情境性观察。,88,不加分；场景定义,observation_scenario,道歉、补救、接收反馈、回访与再次开放。,冲突后修复主要观察：道歉、补救、接收反馈、回访与再次开放。,不得仅凭本规则推出某个具体人必然适合、忠诚、成熟或长期稳定；不得推断职业、收入、外貌、家庭、生肖、五行；不得以命理要求容忍伤害、原谅、复合或继续关系。现实安全、持续行为、反例与双方意愿优先。,高,待验证,,scenario=SC07; provisional=true; rule_group=PARTNER-场景路由,0.3
M5-PARTNER-370,SC07 冲突后修复｜关键观察维度,L7 场景行为验证,PARTNER-场景路由,通用,路由,SC07,冲突后修复,该场景资料可用。,只有同一事件重复解释。,由共享基础引擎与M5-BASE提供；只修正用户需要何种伴侣功能，不直接推断现实对象成熟度。,由M2提供；夫妻星与准入证据只说明谁容易进入关系，不能替代伴侣长期能力验证。,由M3-BASE提供；日支只帮助确定用户亲密关系中的功能需求，不直接描述具体伴侣人格。,无／按本规则指定的伴侣行为、场景或匹配模式路由。,近位、远位只修正用户对某项功能的优先级；不得据此断定现实伴侣一定具备。,根气只修正用户功能需求是否稳定重复，不等于具体对象已经稳定做到。,旺弱只修正需求强度、风险敏感度或匹配模式，不直接等于伴侣能力质量。,喜忌只修正用户对功能的承载与摩擦，不可直接翻译为理想伴侣五行、十神或人格。,真合化成立时按化神功能重算用户需求；合化争议时停止细化伴侣画像。,近位提高该功能进入亲密关系核心的可能；远位只保留背景或情境性观察。,82,维度候选 +6,partner_observation_dimensions,PO05责任、PO08修复、PO10学习。,重点查看：PO05责任、PO08修复、PO10学习。,不得仅凭本规则推出某个具体人必然适合、忠诚、成熟或长期稳定；不得推断职业、收入、外貌、家庭、生肖、五行；不得以命理要求容忍伤害、原谅、复合或继续关系。现实安全、持续行为、反例与双方意愿优先。,中,待验证,,scenario=SC07; provisional=true; rule_group=PARTNER-场景路由,0.3
M5-PARTNER-371,SC07 冲突后修复｜功能路由,L7 场景行为验证,PARTNER-场景路由,通用,路由,SC07,冲突后修复,主FN或次FN与该场景相关。,直接把所有FN都放入同一场景。,由共享基础引擎与M5-BASE提供；只修正用户需要何种伴侣功能，不直接推断现实对象成熟度。,由M2提供；夫妻星与准入证据只说明谁容易进入关系，不能替代伴侣长期能力验证。,由M3-BASE提供；日支只帮助确定用户亲密关系中的功能需求，不直接描述具体伴侣人格。,无／按本规则指定的伴侣行为、场景或匹配模式路由。,近位、远位只修正用户对某项功能的优先级；不得据此断定现实伴侣一定具备。,根气只修正用户功能需求是否稳定重复，不等于具体对象已经稳定做到。,旺弱只修正需求强度、风险敏感度或匹配模式，不直接等于伴侣能力质量。,喜忌只修正用户对功能的承载与摩擦，不可直接翻译为理想伴侣五行、十神或人格。,真合化成立时按化神功能重算用户需求；合化争议时停止细化伴侣画像。,近位提高该功能进入亲密关系核心的可能；远位只保留背景或情境性观察。,78,FN场景路由,partner_function_profile,FN04、FN05、FN07、FN09、FN10。,该场景常用来验证：FN04、FN05、FN07、FN09、FN10。,不得仅凭本规则推出某个具体人必然适合、忠诚、成熟或长期稳定；不得推断职业、收入、外貌、家庭、生肖、五行；不得以命理要求容忍伤害、原谅、复合或继续关系。现实安全、持续行为、反例与双方意愿优先。,中,待验证,,scenario=SC07; provisional=true; rule_group=PARTNER-场景路由,0.3
M5-PARTNER-372,SC07 冲突后修复｜证据要求,L7 场景行为验证,PARTNER-场景路由,通用,证据,SC07,冲突后修复,准备升级对象能力结论。,只有命盘、身份或一次高光。,由共享基础引擎与M5-BASE提供；只修正用户需要何种伴侣功能，不直接推断现实对象成熟度。,由M2提供；夫妻星与准入证据只说明谁容易进入关系，不能替代伴侣长期能力验证。,由M3-BASE提供；日支只帮助确定用户亲密关系中的功能需求，不直接描述具体伴侣人格。,无／按本规则指定的伴侣行为、场景或匹配模式路由。,近位、远位只修正用户对某项功能的优先级；不得据此断定现实伴侣一定具备。,根气只修正用户功能需求是否稳定重复，不等于具体对象已经稳定做到。,旺弱只修正需求强度、风险敏感度或匹配模式，不直接等于伴侣能力质量。,喜忌只修正用户对功能的承载与摩擦，不可直接翻译为理想伴侣五行、十神或人格。,真合化成立时按化神功能重算用户需求；合化争议时停止细化伴侣画像。,近位提高该功能进入亲密关系核心的可能；远位只保留背景或情境性观察。,86,PV层级修正,partner_evidence_level,没有RN07和RN08，不能写修复稳定。,没有RN07和RN08，不能写修复稳定。,不得仅凭本规则推出某个具体人必然适合、忠诚、成熟或长期稳定；不得推断职业、收入、外貌、家庭、生肖、五行；不得以命理要求容忍伤害、原谅、复合或继续关系。现实安全、持续行为、反例与双方意愿优先。,中高,待验证,,scenario=SC07; provisional=true; rule_group=PARTNER-场景路由,0.3
M5-PARTNER-373,SC07 冲突后修复｜用户输出,L7 场景行为验证,PARTNER-场景路由,通用,输出,SC07,冲突后修复,完成场景裁决。,资料停止。,由共享基础引擎与M5-BASE提供；只修正用户需要何种伴侣功能，不直接推断现实对象成熟度。,由M2提供；夫妻星与准入证据只说明谁容易进入关系，不能替代伴侣长期能力验证。,由M3-BASE提供；日支只帮助确定用户亲密关系中的功能需求，不直接描述具体伴侣人格。,无／按本规则指定的伴侣行为、场景或匹配模式路由。,近位、远位只修正用户对某项功能的优先级；不得据此断定现实伴侣一定具备。,根气只修正用户功能需求是否稳定重复，不等于具体对象已经稳定做到。,旺弱只修正需求强度、风险敏感度或匹配模式，不直接等于伴侣能力质量。,喜忌只修正用户对功能的承载与摩擦，不可直接翻译为理想伴侣五行、十神或人格。,真合化成立时按化神功能重算用户需求；合化争议时停止细化伴侣画像。,近位提高该功能进入亲密关系核心的可能；远位只保留背景或情境性观察。,72,不加分；输出,observation_plan,没有RN07和RN08，不能写修复稳定。,在冲突后修复中，没有RN07和RN08，不能写修复稳定。,不得仅凭本规则推出某个具体人必然适合、忠诚、成熟或长期稳定；不得推断职业、收入、外貌、家庭、生肖、五行；不得以命理要求容忍伤害、原谅、复合或继续关系。现实安全、持续行为、反例与双方意愿优先。,中高,待验证,,scenario=SC07; provisional=true; rule_group=PARTNER-场景路由,0.3
M5-PARTNER-374,SC08 长期转折与复发｜场景定义,L7 场景行为验证,PARTNER-场景路由,通用,定义,SC08,长期转折与复发,存在具体对象或需要建立观察计划。,无,由共享基础引擎与M5-BASE提供；只修正用户需要何种伴侣功能，不直接推断现实对象成熟度。,由M2提供；夫妻星与准入证据只说明谁容易进入关系，不能替代伴侣长期能力验证。,由M3-BASE提供；日支只帮助确定用户亲密关系中的功能需求，不直接描述具体伴侣人格。,无／按本规则指定的伴侣行为、场景或匹配模式路由。,近位、远位只修正用户对某项功能的优先级；不得据此断定现实伴侣一定具备。,根气只修正用户功能需求是否稳定重复，不等于具体对象已经稳定做到。,旺弱只修正需求强度、风险敏感度或匹配模式，不直接等于伴侣能力质量。,喜忌只修正用户对功能的承载与摩擦，不可直接翻译为理想伴侣五行、十神或人格。,真合化成立时按化神功能重算用户需求；合化争议时停止细化伴侣画像。,近位提高该功能进入亲密关系核心的可能；远位只保留背景或情境性观察。,88,不加分；场景定义,observation_scenario,生活阶段变化、旧问题复发、规则对自己不利。,长期转折与复发主要观察：生活阶段变化、旧问题复发、规则对自己不利。,不得仅凭本规则推出某个具体人必然适合、忠诚、成熟或长期稳定；不得推断职业、收入、外貌、家庭、生肖、五行；不得以命理要求容忍伤害、原谅、复合或继续关系。现实安全、持续行为、反例与双方意愿优先。,高,待验证,,scenario=SC08; provisional=true; rule_group=PARTNER-场景路由,0.3
M5-PARTNER-375,SC08 长期转折与复发｜关键观察维度,L7 场景行为验证,PARTNER-场景路由,通用,路由,SC08,长期转折与复发,该场景资料可用。,只有同一事件重复解释。,由共享基础引擎与M5-BASE提供；只修正用户需要何种伴侣功能，不直接推断现实对象成熟度。,由M2提供；夫妻星与准入证据只说明谁容易进入关系，不能替代伴侣长期能力验证。,由M3-BASE提供；日支只帮助确定用户亲密关系中的功能需求，不直接描述具体伴侣人格。,无／按本规则指定的伴侣行为、场景或匹配模式路由。,近位、远位只修正用户对某项功能的优先级；不得据此断定现实伴侣一定具备。,根气只修正用户功能需求是否稳定重复，不等于具体对象已经稳定做到。,旺弱只修正需求强度、风险敏感度或匹配模式，不直接等于伴侣能力质量。,喜忌只修正用户对功能的承载与摩擦，不可直接翻译为理想伴侣五行、十神或人格。,真合化成立时按化神功能重算用户需求；合化争议时停止细化伴侣画像。,近位提高该功能进入亲密关系核心的可能；远位只保留背景或情境性观察。,82,维度候选 +6,partner_observation_dimensions,PO01一致、PO07压力、PO09跨场景、PO10学习。,重点查看：PO01一致、PO07压力、PO09跨场景、PO10学习。,不得仅凭本规则推出某个具体人必然适合、忠诚、成熟或长期稳定；不得推断职业、收入、外貌、家庭、生肖、五行；不得以命理要求容忍伤害、原谅、复合或继续关系。现实安全、持续行为、反例与双方意愿优先。,中,待验证,,scenario=SC08; provisional=true; rule_group=PARTNER-场景路由,0.3
M5-PARTNER-376,SC08 长期转折与复发｜功能路由,L7 场景行为验证,PARTNER-场景路由,通用,路由,SC08,长期转折与复发,主FN或次FN与该场景相关。,直接把所有FN都放入同一场景。,由共享基础引擎与M5-BASE提供；只修正用户需要何种伴侣功能，不直接推断现实对象成熟度。,由M2提供；夫妻星与准入证据只说明谁容易进入关系，不能替代伴侣长期能力验证。,由M3-BASE提供；日支只帮助确定用户亲密关系中的功能需求，不直接描述具体伴侣人格。,无／按本规则指定的伴侣行为、场景或匹配模式路由。,近位、远位只修正用户对某项功能的优先级；不得据此断定现实伴侣一定具备。,根气只修正用户功能需求是否稳定重复，不等于具体对象已经稳定做到。,旺弱只修正需求强度、风险敏感度或匹配模式，不直接等于伴侣能力质量。,喜忌只修正用户对功能的承载与摩擦，不可直接翻译为理想伴侣五行、十神或人格。,真合化成立时按化神功能重算用户需求；合化争议时停止细化伴侣画像。,近位提高该功能进入亲密关系核心的可能；远位只保留背景或情境性观察。,78,FN场景路由,partner_function_profile,全部FN按主需求复核。,该场景常用来验证：全部FN按主需求复核。,不得仅凭本规则推出某个具体人必然适合、忠诚、成熟或长期稳定；不得推断职业、收入、外貌、家庭、生肖、五行；不得以命理要求容忍伤害、原谅、复合或继续关系。现实安全、持续行为、反例与双方意愿优先。,中,待验证,,scenario=SC08; provisional=true; rule_group=PARTNER-场景路由,0.3
M5-PARTNER-377,SC08 长期转折与复发｜证据要求,L7 场景行为验证,PARTNER-场景路由,通用,证据,SC08,长期转折与复发,准备升级对象能力结论。,只有命盘、身份或一次高光。,由共享基础引擎与M5-BASE提供；只修正用户需要何种伴侣功能，不直接推断现实对象成熟度。,由M2提供；夫妻星与准入证据只说明谁容易进入关系，不能替代伴侣长期能力验证。,由M3-BASE提供；日支只帮助确定用户亲密关系中的功能需求，不直接描述具体伴侣人格。,无／按本规则指定的伴侣行为、场景或匹配模式路由。,近位、远位只修正用户对某项功能的优先级；不得据此断定现实伴侣一定具备。,根气只修正用户功能需求是否稳定重复，不等于具体对象已经稳定做到。,旺弱只修正需求强度、风险敏感度或匹配模式，不直接等于伴侣能力质量。,喜忌只修正用户对功能的承载与摩擦，不可直接翻译为理想伴侣五行、十神或人格。,真合化成立时按化神功能重算用户需求；合化争议时停止细化伴侣画像。,近位提高该功能进入亲密关系核心的可能；远位只保留背景或情境性观察。,86,PV层级修正,partner_evidence_level,PV7反例检验是较高等级证据。,PV7反例检验是较高等级证据。,不得仅凭本规则推出某个具体人必然适合、忠诚、成熟或长期稳定；不得推断职业、收入、外貌、家庭、生肖、五行；不得以命理要求容忍伤害、原谅、复合或继续关系。现实安全、持续行为、反例与双方意愿优先。,中高,待验证,,scenario=SC08; provisional=true; rule_group=PARTNER-场景路由,0.3
M5-PARTNER-378,SC08 长期转折与复发｜用户输出,L7 场景行为验证,PARTNER-场景路由,通用,输出,SC08,长期转折与复发,完成场景裁决。,资料停止。,由共享基础引擎与M5-BASE提供；只修正用户需要何种伴侣功能，不直接推断现实对象成熟度。,由M2提供；夫妻星与准入证据只说明谁容易进入关系，不能替代伴侣长期能力验证。,由M3-BASE提供；日支只帮助确定用户亲密关系中的功能需求，不直接描述具体伴侣人格。,无／按本规则指定的伴侣行为、场景或匹配模式路由。,近位、远位只修正用户对某项功能的优先级；不得据此断定现实伴侣一定具备。,根气只修正用户功能需求是否稳定重复，不等于具体对象已经稳定做到。,旺弱只修正需求强度、风险敏感度或匹配模式，不直接等于伴侣能力质量。,喜忌只修正用户对功能的承载与摩擦，不可直接翻译为理想伴侣五行、十神或人格。,真合化成立时按化神功能重算用户需求；合化争议时停止细化伴侣画像。,近位提高该功能进入亲密关系核心的可能；远位只保留背景或情境性观察。,72,不加分；输出,observation_plan,PV7反例检验是较高等级证据。,在长期转折与复发中，PV7反例检验是较高等级证据。,不得仅凭本规则推出某个具体人必然适合、忠诚、成熟或长期稳定；不得推断职业、收入、外貌、家庭、生肖、五行；不得以命理要求容忍伤害、原谅、复合或继续关系。现实安全、持续行为、反例与双方意愿优先。,中高,待验证,,scenario=SC08; provisional=true; rule_group=PARTNER-场景路由,0.3
M5-PARTNER-379,M5-BASE主FN接口,L8 状态、接口、去重与停止,PARTNER-接口门控,通用,接口,M5-BASE主FN接口,,M5-BASE primary_fit_need与FN可靠。,直接改换为另一个外显FN。,由共享基础引擎与M5-BASE提供；只修正用户需要何种伴侣功能，不直接推断现实对象成熟度。,由M2提供；夫妻星与准入证据只说明谁容易进入关系，不能替代伴侣长期能力验证。,由M3-BASE提供；日支只帮助确定用户亲密关系中的功能需求，不直接描述具体伴侣人格。,无／按本规则指定的伴侣行为、场景或匹配模式路由。,近位、远位只修正用户对某项功能的优先级；不得据此断定现实伴侣一定具备。,根气只修正用户功能需求是否稳定重复，不等于具体对象已经稳定做到。,旺弱只修正需求强度、风险敏感度或匹配模式，不直接等于伴侣能力质量。,喜忌只修正用户对功能的承载与摩擦，不可直接翻译为理想伴侣五行、十神或人格。,真合化成立时按化神功能重算用户需求；合化争议时停止细化伴侣画像。,近位提高该功能进入亲密关系核心的可能；远位只保留背景或情境性观察。,84,不加分；接口／状态／去重,primary_partner_function,PARTNER优先展开BASE的主FN。,伴侣画像先围绕你的核心适配需要展开。,不得仅凭本规则推出某个具体人必然适合、忠诚、成熟或长期稳定；不得推断职业、收入、外貌、家庭、生肖、五行；不得以命理要求容忍伤害、原谅、复合或继续关系。现实安全、持续行为、反例与双方意愿优先。,中高,待验证,,interface_state_rule=true; provisional=true; rule_group=PARTNER-接口门控,0.3
M5-PARTNER-380,M5-BASE次FN接口,L8 状态、接口、去重与停止,PARTNER-接口门控,通用,接口,M5-BASE次FN接口,,次FN来源独立、功能不同。,同义重复或正文超过一次。,由共享基础引擎与M5-BASE提供；只修正用户需要何种伴侣功能，不直接推断现实对象成熟度。,由M2提供；夫妻星与准入证据只说明谁容易进入关系，不能替代伴侣长期能力验证。,由M3-BASE提供；日支只帮助确定用户亲密关系中的功能需求，不直接描述具体伴侣人格。,无／按本规则指定的伴侣行为、场景或匹配模式路由。,近位、远位只修正用户对某项功能的优先级；不得据此断定现实伴侣一定具备。,根气只修正用户功能需求是否稳定重复，不等于具体对象已经稳定做到。,旺弱只修正需求强度、风险敏感度或匹配模式，不直接等于伴侣能力质量。,喜忌只修正用户对功能的承载与摩擦，不可直接翻译为理想伴侣五行、十神或人格。,真合化成立时按化神功能重算用户需求；合化争议时停止细化伴侣画像。,近位提高该功能进入亲密关系核心的可能；远位只保留背景或情境性观察。,84,不加分；接口／状态／去重,secondary_partner_function,次FN只能作为独立支持条件。,次级条件只保留一项真正不同的支持。,不得仅凭本规则推出某个具体人必然适合、忠诚、成熟或长期稳定；不得推断职业、收入、外貌、家庭、生肖、五行；不得以命理要求容忍伤害、原谅、复合或继续关系。现实安全、持续行为、反例与双方意愿优先。,中高,待验证,,interface_state_rule=true; provisional=true; rule_group=PARTNER-接口门控,0.3
M5-PARTNER-381,M4主机制接口,L8 状态、接口、去重与停止,PARTNER-接口门控,通用,接口,M4主机制接口,,M4主K／LP／RN可靠。,机制仅E1且无现实对象资料。,由共享基础引擎与M5-BASE提供；只修正用户需要何种伴侣功能，不直接推断现实对象成熟度。,由M2提供；夫妻星与准入证据只说明谁容易进入关系，不能替代伴侣长期能力验证。,由M3-BASE提供；日支只帮助确定用户亲密关系中的功能需求，不直接描述具体伴侣人格。,无／按本规则指定的伴侣行为、场景或匹配模式路由。,近位、远位只修正用户对某项功能的优先级；不得据此断定现实伴侣一定具备。,根气只修正用户功能需求是否稳定重复，不等于具体对象已经稳定做到。,旺弱只修正需求强度、风险敏感度或匹配模式，不直接等于伴侣能力质量。,喜忌只修正用户对功能的承载与摩擦，不可直接翻译为理想伴侣五行、十神或人格。,真合化成立时按化神功能重算用户需求；合化争议时停止细化伴侣画像。,近位提高该功能进入亲密关系核心的可能；远位只保留背景或情境性观察。,84,不加分；接口／状态／去重,observation_plan,把M4主机制转换为压力、冲突或修复场景观察。,需要在容易失衡的场景里验证对方怎样回应。,不得仅凭本规则推出某个具体人必然适合、忠诚、成熟或长期稳定；不得推断职业、收入、外貌、家庭、生肖、五行；不得以命理要求容忍伤害、原谅、复合或继续关系。现实安全、持续行为、反例与双方意愿优先。,中高,待验证,,interface_state_rule=true; provisional=true; rule_group=PARTNER-接口门控,0.3
M5-PARTNER-382,M4保护接口,L8 状态、接口、去重与停止,PARTNER-接口门控,通用,接口,M4保护接口,,BF达到BL5以上并改变同一风险链。,只有BL1—BL3潜在资源。,由共享基础引擎与M5-BASE提供；只修正用户需要何种伴侣功能，不直接推断现实对象成熟度。,由M2提供；夫妻星与准入证据只说明谁容易进入关系，不能替代伴侣长期能力验证。,由M3-BASE提供；日支只帮助确定用户亲密关系中的功能需求，不直接描述具体伴侣人格。,无／按本规则指定的伴侣行为、场景或匹配模式路由。,近位、远位只修正用户对某项功能的优先级；不得据此断定现实伴侣一定具备。,根气只修正用户功能需求是否稳定重复，不等于具体对象已经稳定做到。,旺弱只修正需求强度、风险敏感度或匹配模式，不直接等于伴侣能力质量。,喜忌只修正用户对功能的承载与摩擦，不可直接翻译为理想伴侣五行、十神或人格。,真合化成立时按化神功能重算用户需求；合化争议时停止细化伴侣画像。,近位提高该功能进入亲密关系核心的可能；远位只保留背景或情境性观察。,84,不加分；接口／状态／去重,buffer_fit_relation,现实有效保护可以提高相应PS状态，但不删除历史风险。,已经有效的保护经验可以保留，但仍要继续观察稳定性。,不得仅凭本规则推出某个具体人必然适合、忠诚、成熟或长期稳定；不得推断职业、收入、外貌、家庭、生肖、五行；不得以命理要求容忍伤害、原谅、复合或继续关系。现实安全、持续行为、反例与双方意愿优先。,中高,待验证,,interface_state_rule=true; provisional=true; rule_group=PARTNER-接口门控,0.3
M5-PARTNER-383,M2资格证据同维度收敛,L8 状态、接口、去重与停止,PARTNER-接口门控,通用,去重,M2资格证据同维度收敛,,M2 proof_needed与FN对象行为同维度。,把同一行为写成两个独立必要项。,由共享基础引擎与M5-BASE提供；只修正用户需要何种伴侣功能，不直接推断现实对象成熟度。,由M2提供；夫妻星与准入证据只说明谁容易进入关系，不能替代伴侣长期能力验证。,由M3-BASE提供；日支只帮助确定用户亲密关系中的功能需求，不直接描述具体伴侣人格。,无／按本规则指定的伴侣行为、场景或匹配模式路由。,近位、远位只修正用户对某项功能的优先级；不得据此断定现实伴侣一定具备。,根气只修正用户功能需求是否稳定重复，不等于具体对象已经稳定做到。,旺弱只修正需求强度、风险敏感度或匹配模式，不直接等于伴侣能力质量。,喜忌只修正用户对功能的承载与摩擦，不可直接翻译为理想伴侣五行、十神或人格。,真合化成立时按化神功能重算用户需求；合化争议时停止细化伴侣画像。,近位提高该功能进入亲密关系核心的可能；远位只保留背景或情境性观察。,84,不加分；接口／状态／去重,provenance,M2写进入资格，M5写长期稳定与跨场景证据。,同一种行为既可能让你接受关系，也要继续看能否长期保持。,不得仅凭本规则推出某个具体人必然适合、忠诚、成熟或长期稳定；不得推断职业、收入、外貌、家庭、生肖、五行；不得以命理要求容忍伤害、原谅、复合或继续关系。现实安全、持续行为、反例与双方意愿优先。,高,待验证,,interface_state_rule=true; provisional=true; rule_group=PARTNER-接口门控,0.3
M5-PARTNER-384,M1与FN一致,L8 状态、接口、去重与停止,PARTNER-接口门控,通用,接口,M1与FN一致,,心动特质与主FN同维度。,用一致性提高FG。,由共享基础引擎与M5-BASE提供；只修正用户需要何种伴侣功能，不直接推断现实对象成熟度。,由M2提供；夫妻星与准入证据只说明谁容易进入关系，不能替代伴侣长期能力验证。,由M3-BASE提供；日支只帮助确定用户亲密关系中的功能需求，不直接描述具体伴侣人格。,无／按本规则指定的伴侣行为、场景或匹配模式路由。,近位、远位只修正用户对某项功能的优先级；不得据此断定现实伴侣一定具备。,根气只修正用户功能需求是否稳定重复，不等于具体对象已经稳定做到。,旺弱只修正需求强度、风险敏感度或匹配模式，不直接等于伴侣能力质量。,喜忌只修正用户对功能的承载与摩擦，不可直接翻译为理想伴侣五行、十神或人格。,真合化成立时按化神功能重算用户需求；合化争议时停止细化伴侣画像。,近位提高该功能进入亲密关系核心的可能；远位只保留背景或情境性观察。,84,不加分；接口／状态／去重,attraction_fit_relation,只说明启动感与长期需要方向一致，不增加适配证据。,让你心动的特质和长期需要可能一致，但仍要验证持续行为。,不得仅凭本规则推出某个具体人必然适合、忠诚、成熟或长期稳定；不得推断职业、收入、外貌、家庭、生肖、五行；不得以命理要求容忍伤害、原谅、复合或继续关系。现实安全、持续行为、反例与双方意愿优先。,中高,待验证,,interface_state_rule=true; provisional=true; rule_group=PARTNER-接口门控,0.3
M5-PARTNER-385,M1与FN不同,L8 状态、接口、去重与停止,PARTNER-接口门控,通用,接口,M1与FN不同,,心动特质与主FN不同。,把差异写成注定矛盾。,由共享基础引擎与M5-BASE提供；只修正用户需要何种伴侣功能，不直接推断现实对象成熟度。,由M2提供；夫妻星与准入证据只说明谁容易进入关系，不能替代伴侣长期能力验证。,由M3-BASE提供；日支只帮助确定用户亲密关系中的功能需求，不直接描述具体伴侣人格。,无／按本规则指定的伴侣行为、场景或匹配模式路由。,近位、远位只修正用户对某项功能的优先级；不得据此断定现实伴侣一定具备。,根气只修正用户功能需求是否稳定重复，不等于具体对象已经稳定做到。,旺弱只修正需求强度、风险敏感度或匹配模式，不直接等于伴侣能力质量。,喜忌只修正用户对功能的承载与摩擦，不可直接翻译为理想伴侣五行、十神或人格。,真合化成立时按化神功能重算用户需求；合化争议时停止细化伴侣画像。,近位提高该功能进入亲密关系核心的可能；远位只保留背景或情境性观察。,84,不加分；接口／状态／去重,attraction_fit_relation,心动负责入口，FN负责长期运行。,你会被一种特质吸引，但真正长期需要可能是另一项能力。,不得仅凭本规则推出某个具体人必然适合、忠诚、成熟或长期稳定；不得推断职业、收入、外貌、家庭、生肖、五行；不得以命理要求容忍伤害、原谅、复合或继续关系。现实安全、持续行为、反例与双方意愿优先。,中高,待验证,,interface_state_rule=true; provisional=true; rule_group=PARTNER-接口门控,0.3
M5-PARTNER-386,现实对象资料优先,L8 状态、接口、去重与停止,PARTNER-接口门控,通用,证据,现实对象资料优先,,对象现实行为与结构候选冲突。,使用命盘强行解释对象。,由共享基础引擎与M5-BASE提供；只修正用户需要何种伴侣功能，不直接推断现实对象成熟度。,由M2提供；夫妻星与准入证据只说明谁容易进入关系，不能替代伴侣长期能力验证。,由M3-BASE提供；日支只帮助确定用户亲密关系中的功能需求，不直接描述具体伴侣人格。,无／按本规则指定的伴侣行为、场景或匹配模式路由。,近位、远位只修正用户对某项功能的优先级；不得据此断定现实伴侣一定具备。,根气只修正用户功能需求是否稳定重复，不等于具体对象已经稳定做到。,旺弱只修正需求强度、风险敏感度或匹配模式，不直接等于伴侣能力质量。,喜忌只修正用户对功能的承载与摩擦，不可直接翻译为理想伴侣五行、十神或人格。,真合化成立时按化神功能重算用户需求；合化争议时停止细化伴侣画像。,近位提高该功能进入亲密关系核心的可能；远位只保留背景或情境性观察。,84,不加分；接口／状态／去重,counterevidence,现实资料直接降级、改道或停止。,对方实际怎样做，比理论画像更有决定权。,不得仅凭本规则推出某个具体人必然适合、忠诚、成熟或长期稳定；不得推断职业、收入、外貌、家庭、生肖、五行；不得以命理要求容忍伤害、原谅、复合或继续关系。现实安全、持续行为、反例与双方意愿优先。,中高,待验证,,interface_state_rule=true; provisional=true; rule_group=PARTNER-接口门控,0.3
M5-PARTNER-387,正偏同系统先收敛,L8 状态、接口、去重与停止,PARTNER-接口门控,通用,去重,正偏同系统先收敛,,同系统两个FN同时命中。,把正偏十神写成两个人格。,由共享基础引擎与M5-BASE提供；只修正用户需要何种伴侣功能，不直接推断现实对象成熟度。,由M2提供；夫妻星与准入证据只说明谁容易进入关系，不能替代伴侣长期能力验证。,由M3-BASE提供；日支只帮助确定用户亲密关系中的功能需求，不直接描述具体伴侣人格。,无／按本规则指定的伴侣行为、场景或匹配模式路由。,近位、远位只修正用户对某项功能的优先级；不得据此断定现实伴侣一定具备。,根气只修正用户功能需求是否稳定重复，不等于具体对象已经稳定做到。,旺弱只修正需求强度、风险敏感度或匹配模式，不直接等于伴侣能力质量。,喜忌只修正用户对功能的承载与摩擦，不可直接翻译为理想伴侣五行、十神或人格。,真合化成立时按化神功能重算用户需求；合化争议时停止细化伴侣画像。,近位提高该功能进入亲密关系核心的可能；远位只保留背景或情境性观察。,84,不加分；接口／状态／去重,partner_function_profile,先收敛到共同功能，再用风格和场景区分。,先看共同能力，再看它以稳定、灵活、温和或直接的方式表现。,不得仅凭本规则推出某个具体人必然适合、忠诚、成熟或长期稳定；不得推断职业、收入、外貌、家庭、生肖、五行；不得以命理要求容忍伤害、原谅、复合或继续关系。现实安全、持续行为、反例与双方意愿优先。,高,待验证,,interface_state_rule=true; provisional=true; rule_group=PARTNER-接口门控,0.3
M5-PARTNER-388,比劫风格只修饰自主方式,L8 状态、接口、去重与停止,PARTNER-接口门控,通用,风格,比劫风格只修饰自主方式,,FN01／FN02命中。,直接推断对象强势、好胜或不顾家。,由共享基础引擎与M5-BASE提供；只修正用户需要何种伴侣功能，不直接推断现实对象成熟度。,由M2提供；夫妻星与准入证据只说明谁容易进入关系，不能替代伴侣长期能力验证。,由M3-BASE提供；日支只帮助确定用户亲密关系中的功能需求，不直接描述具体伴侣人格。,无／按本规则指定的伴侣行为、场景或匹配模式路由。,近位、远位只修正用户对某项功能的优先级；不得据此断定现实伴侣一定具备。,根气只修正用户功能需求是否稳定重复，不等于具体对象已经稳定做到。,旺弱只修正需求强度、风险敏感度或匹配模式，不直接等于伴侣能力质量。,喜忌只修正用户对功能的承载与摩擦，不可直接翻译为理想伴侣五行、十神或人格。,真合化成立时按化神功能重算用户需求；合化争议时停止细化伴侣画像。,近位提高该功能进入亲密关系核心的可能；远位只保留背景或情境性观察。,84,不加分；接口／状态／去重,partner_function_style,比肩偏平等陈述，劫财偏共同参与。,自主功能可以平等协商，也可以通过一起行动体现。,不得仅凭本规则推出某个具体人必然适合、忠诚、成熟或长期稳定；不得推断职业、收入、外貌、家庭、生肖、五行；不得以命理要求容忍伤害、原谅、复合或继续关系。现实安全、持续行为、反例与双方意愿优先。,中高,待验证,,interface_state_rule=true; provisional=true; rule_group=PARTNER-接口门控,0.3
M5-PARTNER-389,食伤风格只修饰沟通方式,L8 状态、接口、去重与停止,PARTNER-接口门控,通用,风格,食伤风格只修饰沟通方式,,FN03／FN04命中。,直接推断对象情绪化或说话伤人。,由共享基础引擎与M5-BASE提供；只修正用户需要何种伴侣功能，不直接推断现实对象成熟度。,由M2提供；夫妻星与准入证据只说明谁容易进入关系，不能替代伴侣长期能力验证。,由M3-BASE提供；日支只帮助确定用户亲密关系中的功能需求，不直接描述具体伴侣人格。,无／按本规则指定的伴侣行为、场景或匹配模式路由。,近位、远位只修正用户对某项功能的优先级；不得据此断定现实伴侣一定具备。,根气只修正用户功能需求是否稳定重复，不等于具体对象已经稳定做到。,旺弱只修正需求强度、风险敏感度或匹配模式，不直接等于伴侣能力质量。,喜忌只修正用户对功能的承载与摩擦，不可直接翻译为理想伴侣五行、十神或人格。,真合化成立时按化神功能重算用户需求；合化争议时停止细化伴侣画像。,近位提高该功能进入亲密关系核心的可能；远位只保留背景或情境性观察。,84,不加分；接口／状态／去重,partner_function_style,食神偏舒缓，伤官偏澄清。,沟通可以更温和，也可以更分析，但都要看是否接收反馈。,不得仅凭本规则推出某个具体人必然适合、忠诚、成熟或长期稳定；不得推断职业、收入、外貌、家庭、生肖、五行；不得以命理要求容忍伤害、原谅、复合或继续关系。现实安全、持续行为、反例与双方意愿优先。,中高,待验证,,interface_state_rule=true; provisional=true; rule_group=PARTNER-接口门控,0.3
M5-PARTNER-390,财星风格只修饰投入方式,L8 状态、接口、去重与停止,PARTNER-接口门控,通用,风格,财星风格只修饰投入方式,,FN05／FN06命中。,直接推断对象有钱、物质或花心。,由共享基础引擎与M5-BASE提供；只修正用户需要何种伴侣功能，不直接推断现实对象成熟度。,由M2提供；夫妻星与准入证据只说明谁容易进入关系，不能替代伴侣长期能力验证。,由M3-BASE提供；日支只帮助确定用户亲密关系中的功能需求，不直接描述具体伴侣人格。,无／按本规则指定的伴侣行为、场景或匹配模式路由。,近位、远位只修正用户对某项功能的优先级；不得据此断定现实伴侣一定具备。,根气只修正用户功能需求是否稳定重复，不等于具体对象已经稳定做到。,旺弱只修正需求强度、风险敏感度或匹配模式，不直接等于伴侣能力质量。,喜忌只修正用户对功能的承载与摩擦，不可直接翻译为理想伴侣五行、十神或人格。,真合化成立时按化神功能重算用户需求；合化争议时停止细化伴侣画像。,近位提高该功能进入亲密关系核心的可能；远位只保留背景或情境性观察。,84,不加分；接口／状态／去重,partner_function_style,正财偏持续经营，偏财偏灵活体验。,投入可以稳定持续，也可以灵活有活力，重点是能否落地。,不得仅凭本规则推出某个具体人必然适合、忠诚、成熟或长期稳定；不得推断职业、收入、外貌、家庭、生肖、五行；不得以命理要求容忍伤害、原谅、复合或继续关系。现实安全、持续行为、反例与双方意愿优先。,中高,待验证,,interface_state_rule=true; provisional=true; rule_group=PARTNER-接口门控,0.3
M5-PARTNER-391,官杀风格只修饰责任行动,L8 状态、接口、去重与停止,PARTNER-接口门控,通用,风格,官杀风格只修饰责任行动,,FN07／FN08命中。,直接推断对象职业、地位、控制欲。,由共享基础引擎与M5-BASE提供；只修正用户需要何种伴侣功能，不直接推断现实对象成熟度。,由M2提供；夫妻星与准入证据只说明谁容易进入关系，不能替代伴侣长期能力验证。,由M3-BASE提供；日支只帮助确定用户亲密关系中的功能需求，不直接描述具体伴侣人格。,无／按本规则指定的伴侣行为、场景或匹配模式路由。,近位、远位只修正用户对某项功能的优先级；不得据此断定现实伴侣一定具备。,根气只修正用户功能需求是否稳定重复，不等于具体对象已经稳定做到。,旺弱只修正需求强度、风险敏感度或匹配模式，不直接等于伴侣能力质量。,喜忌只修正用户对功能的承载与摩擦，不可直接翻译为理想伴侣五行、十神或人格。,真合化成立时按化神功能重算用户需求；合化争议时停止细化伴侣画像。,近位提高该功能进入亲密关系核心的可能；远位只保留背景或情境性观察。,84,不加分；接口／状态／去重,partner_function_style,正官偏规则责任，七杀偏决断保护。,责任可以通过守约，也可以通过关键行动表现。,不得仅凭本规则推出某个具体人必然适合、忠诚、成熟或长期稳定；不得推断职业、收入、外貌、家庭、生肖、五行；不得以命理要求容忍伤害、原谅、复合或继续关系。现实安全、持续行为、反例与双方意愿优先。,中高,待验证,,interface_state_rule=true; provisional=true; rule_group=PARTNER-接口门控,0.3
M5-PARTNER-392,印星风格只修饰承接空间,L8 状态、接口、去重与停止,PARTNER-接口门控,通用,风格,印星风格只修饰承接空间,,FN09／FN10命中。,直接推断对象母性、神秘或回避。,由共享基础引擎与M5-BASE提供；只修正用户需要何种伴侣功能，不直接推断现实对象成熟度。,由M2提供；夫妻星与准入证据只说明谁容易进入关系，不能替代伴侣长期能力验证。,由M3-BASE提供；日支只帮助确定用户亲密关系中的功能需求，不直接描述具体伴侣人格。,无／按本规则指定的伴侣行为、场景或匹配模式路由。,近位、远位只修正用户对某项功能的优先级；不得据此断定现实伴侣一定具备。,根气只修正用户功能需求是否稳定重复，不等于具体对象已经稳定做到。,旺弱只修正需求强度、风险敏感度或匹配模式，不直接等于伴侣能力质量。,喜忌只修正用户对功能的承载与摩擦，不可直接翻译为理想伴侣五行、十神或人格。,真合化成立时按化神功能重算用户需求；合化争议时停止细化伴侣画像。,近位提高该功能进入亲密关系核心的可能；远位只保留背景或情境性观察。,84,不加分；接口／状态／去重,partner_function_style,正印偏稳定承接，偏印偏深度空间。,支持可以是稳定倾听，也可以是尊重整理空间。,不得仅凭本规则推出某个具体人必然适合、忠诚、成熟或长期稳定；不得推断职业、收入、外貌、家庭、生肖、五行；不得以命理要求容忍伤害、原谅、复合或继续关系。现实安全、持续行为、反例与双方意愿优先。,中高,待验证,,interface_state_rule=true; provisional=true; rule_group=PARTNER-接口门控,0.3
M5-PARTNER-393,阴阳只修饰外显程度,L8 状态、接口、去重与停止,PARTNER-接口门控,通用,风格,阴阳只修饰外显程度,,使用阴阳信息。,用阴阳直接判断成熟与忠诚。,由共享基础引擎与M5-BASE提供；只修正用户需要何种伴侣功能，不直接推断现实对象成熟度。,由M2提供；夫妻星与准入证据只说明谁容易进入关系，不能替代伴侣长期能力验证。,由M3-BASE提供；日支只帮助确定用户亲密关系中的功能需求，不直接描述具体伴侣人格。,无／按本规则指定的伴侣行为、场景或匹配模式路由。,近位、远位只修正用户对某项功能的优先级；不得据此断定现实伴侣一定具备。,根气只修正用户功能需求是否稳定重复，不等于具体对象已经稳定做到。,旺弱只修正需求强度、风险敏感度或匹配模式，不直接等于伴侣能力质量。,喜忌只修正用户对功能的承载与摩擦，不可直接翻译为理想伴侣五行、十神或人格。,真合化成立时按化神功能重算用户需求；合化争议时停止细化伴侣画像。,近位提高该功能进入亲密关系核心的可能；远位只保留背景或情境性观察。,84,不加分；接口／状态／去重,partner_function_style,阳偏直接外显，阴偏细腻内敛；均需现实证据。,同一能力可以表达得更直接或更含蓄。,不得仅凭本规则推出某个具体人必然适合、忠诚、成熟或长期稳定；不得推断职业、收入、外貌、家庭、生肖、五行；不得以命理要求容忍伤害、原谅、复合或继续关系。现实安全、持续行为、反例与双方意愿优先。,中高,待验证,,interface_state_rule=true; provisional=true; rule_group=PARTNER-接口门控,0.3
M5-PARTNER-394,五行只修饰关系气候,L8 状态、接口、去重与停止,PARTNER-接口门控,通用,风格,五行只修饰关系气候,,共享引擎提供五行气候。,用五行指定伴侣类型。,由共享基础引擎与M5-BASE提供；只修正用户需要何种伴侣功能，不直接推断现实对象成熟度。,由M2提供；夫妻星与准入证据只说明谁容易进入关系，不能替代伴侣长期能力验证。,由M3-BASE提供；日支只帮助确定用户亲密关系中的功能需求，不直接描述具体伴侣人格。,无／按本规则指定的伴侣行为、场景或匹配模式路由。,近位、远位只修正用户对某项功能的优先级；不得据此断定现实伴侣一定具备。,根气只修正用户功能需求是否稳定重复，不等于具体对象已经稳定做到。,旺弱只修正需求强度、风险敏感度或匹配模式，不直接等于伴侣能力质量。,喜忌只修正用户对功能的承载与摩擦，不可直接翻译为理想伴侣五行、十神或人格。,真合化成立时按化神功能重算用户需求；合化争议时停止细化伴侣画像。,近位提高该功能进入亲密关系核心的可能；远位只保留背景或情境性观察。,84,不加分；接口／状态／去重,partner_function_style,木火土金水只修饰成长、温度、稳定、边界和流动风格。,需要的是某种关系气候，不是某个五行标签。,不得仅凭本规则推出某个具体人必然适合、忠诚、成熟或长期稳定；不得推断职业、收入、外貌、家庭、生肖、五行；不得以命理要求容忍伤害、原谅、复合或继续关系。现实安全、持续行为、反例与双方意愿优先。,中高,待验证,,interface_state_rule=true; provisional=true; rule_group=PARTNER-接口门控,0.3
M5-PARTNER-395,主FN透干有根｜需求清楚且稳定,L8 状态、接口、去重与停止,PARTNER-接口门控,通用,状态,主FN透干有根,,主FN透干有根。,真合化或现实反例。,由共享基础引擎与M5-BASE提供；只修正用户需要何种伴侣功能，不直接推断现实对象成熟度。,由M2提供；夫妻星与准入证据只说明谁容易进入关系，不能替代伴侣长期能力验证。,由M3-BASE提供；日支只帮助确定用户亲密关系中的功能需求，不直接描述具体伴侣人格。,无／按本规则指定的伴侣行为、场景或匹配模式路由。,近位、远位只修正用户对某项功能的优先级；不得据此断定现实伴侣一定具备。,根气只修正用户功能需求是否稳定重复，不等于具体对象已经稳定做到。,旺弱只修正需求强度、风险敏感度或匹配模式，不直接等于伴侣能力质量。,喜忌只修正用户对功能的承载与摩擦，不可直接翻译为理想伴侣五行、十神或人格。,真合化成立时按化神功能重算用户需求；合化争议时停止细化伴侣画像。,近位提高该功能进入亲密关系核心的可能；远位只保留背景或情境性观察。,84,不加分；接口／状态／去重,observation_plan,优先设置清晰、可直接观察的行为。,你通常比较清楚自己要观察什么。,不得仅凭本规则推出某个具体人必然适合、忠诚、成熟或长期稳定；不得推断职业、收入、外貌、家庭、生肖、五行；不得以命理要求容忍伤害、原谅、复合或继续关系。现实安全、持续行为、反例与双方意愿优先。,中高,待验证,,interface_state_rule=true; provisional=true; rule_group=PARTNER-接口门控,0.3
M5-PARTNER-396,主FN藏而有根｜熟悉后验证,L8 状态、接口、去重与停止,PARTNER-接口门控,通用,状态,主FN藏而有根,,主FN藏支有根。,无根弱远。,由共享基础引擎与M5-BASE提供；只修正用户需要何种伴侣功能，不直接推断现实对象成熟度。,由M2提供；夫妻星与准入证据只说明谁容易进入关系，不能替代伴侣长期能力验证。,由M3-BASE提供；日支只帮助确定用户亲密关系中的功能需求，不直接描述具体伴侣人格。,无／按本规则指定的伴侣行为、场景或匹配模式路由。,近位、远位只修正用户对某项功能的优先级；不得据此断定现实伴侣一定具备。,根气只修正用户功能需求是否稳定重复，不等于具体对象已经稳定做到。,旺弱只修正需求强度、风险敏感度或匹配模式，不直接等于伴侣能力质量。,喜忌只修正用户对功能的承载与摩擦，不可直接翻译为理想伴侣五行、十神或人格。,真合化成立时按化神功能重算用户需求；合化争议时停止细化伴侣画像。,近位提高该功能进入亲密关系核心的可能；远位只保留背景或情境性观察。,84,不加分；接口／状态／去重,observation_plan,需要在熟悉和重复接触中观察。,这项需要可能在相处深入后才更明显。,不得仅凭本规则推出某个具体人必然适合、忠诚、成熟或长期稳定；不得推断职业、收入、外貌、家庭、生肖、五行；不得以命理要求容忍伤害、原谅、复合或继续关系。现实安全、持续行为、反例与双方意愿优先。,中高,待验证,,interface_state_rule=true; provisional=true; rule_group=PARTNER-接口门控,0.3
M5-PARTNER-397,主FN透干无根｜防第一印象高估,L8 状态、接口、去重与停止,PARTNER-接口门控,通用,状态,主FN透干无根,,主FN透干无根。,已有PV4以上现实证据。,由共享基础引擎与M5-BASE提供；只修正用户需要何种伴侣功能，不直接推断现实对象成熟度。,由M2提供；夫妻星与准入证据只说明谁容易进入关系，不能替代伴侣长期能力验证。,由M3-BASE提供；日支只帮助确定用户亲密关系中的功能需求，不直接描述具体伴侣人格。,无／按本规则指定的伴侣行为、场景或匹配模式路由。,近位、远位只修正用户对某项功能的优先级；不得据此断定现实伴侣一定具备。,根气只修正用户功能需求是否稳定重复，不等于具体对象已经稳定做到。,旺弱只修正需求强度、风险敏感度或匹配模式，不直接等于伴侣能力质量。,喜忌只修正用户对功能的承载与摩擦，不可直接翻译为理想伴侣五行、十神或人格。,真合化成立时按化神功能重算用户需求；合化争议时停止细化伴侣画像。,近位提高该功能进入亲密关系核心的可能；远位只保留背景或情境性观察。,84,不加分；接口／状态／去重,pseudo_fit_warning,外显标签容易被高估，连续性需单独验证。,第一眼很容易看见这项特质，但要继续看能否持续。,不得仅凭本规则推出某个具体人必然适合、忠诚、成熟或长期稳定；不得推断职业、收入、外貌、家庭、生肖、五行；不得以命理要求容忍伤害、原谅、复合或继续关系。现实安全、持续行为、反例与双方意愿优先。,中高,待验证,,interface_state_rule=true; provisional=true; rule_group=PARTNER-接口门控,0.3
M5-PARTNER-398,主FN过旺失衡｜观察边界与第二功能,L8 状态、接口、去重与停止,PARTNER-接口门控,通用,状态,主FN过旺失衡,,主FN过旺且M4有K01／K03。,有制有化且现实有效。,由共享基础引擎与M5-BASE提供；只修正用户需要何种伴侣功能，不直接推断现实对象成熟度。,由M2提供；夫妻星与准入证据只说明谁容易进入关系，不能替代伴侣长期能力验证。,由M3-BASE提供；日支只帮助确定用户亲密关系中的功能需求，不直接描述具体伴侣人格。,无／按本规则指定的伴侣行为、场景或匹配模式路由。,近位、远位只修正用户对某项功能的优先级；不得据此断定现实伴侣一定具备。,根气只修正用户功能需求是否稳定重复，不等于具体对象已经稳定做到。,旺弱只修正需求强度、风险敏感度或匹配模式，不直接等于伴侣能力质量。,喜忌只修正用户对功能的承载与摩擦，不可直接翻译为理想伴侣五行、十神或人格。,真合化成立时按化神功能重算用户需求；合化争议时停止细化伴侣画像。,近位提高该功能进入亲密关系核心的可能；远位只保留背景或情境性观察。,84,不加分；接口／状态／去重,observation_plan,不找更强同类功能，优先观察制衡与接力。,重点不是能力更强，而是是否给另一项必要功能留位置。,不得仅凭本规则推出某个具体人必然适合、忠诚、成熟或长期稳定；不得推断职业、收入、外貌、家庭、生肖、五行；不得以命理要求容忍伤害、原谅、复合或继续关系。现实安全、持续行为、反例与双方意愿优先。,中高,待验证,,interface_state_rule=true; provisional=true; rule_group=PARTNER-接口门控,0.3
M5-PARTNER-399,主FN偏弱有助｜允许共同成长,L8 状态、接口、去重与停止,PARTNER-接口门控,通用,状态,主FN偏弱有助,,主FN偏弱但有助、有通关。,完全无助且现实强反例。,由共享基础引擎与M5-BASE提供；只修正用户需要何种伴侣功能，不直接推断现实对象成熟度。,由M2提供；夫妻星与准入证据只说明谁容易进入关系，不能替代伴侣长期能力验证。,由M3-BASE提供；日支只帮助确定用户亲密关系中的功能需求，不直接描述具体伴侣人格。,无／按本规则指定的伴侣行为、场景或匹配模式路由。,近位、远位只修正用户对某项功能的优先级；不得据此断定现实伴侣一定具备。,根气只修正用户功能需求是否稳定重复，不等于具体对象已经稳定做到。,旺弱只修正需求强度、风险敏感度或匹配模式，不直接等于伴侣能力质量。,喜忌只修正用户对功能的承载与摩擦，不可直接翻译为理想伴侣五行、十神或人格。,真合化成立时按化神功能重算用户需求；合化争议时停止细化伴侣画像。,近位提高该功能进入亲密关系核心的可能；远位只保留背景或情境性观察。,84,不加分；接口／状态／去重,similarity_complement_mode,可路由FM02或FM07。,对方不必天生完美，愿意共同练习也可以形成适配。,不得仅凭本规则推出某个具体人必然适合、忠诚、成熟或长期稳定；不得推断职业、收入、外貌、家庭、生肖、五行；不得以命理要求容忍伤害、原谅、复合或继续关系。现实安全、持续行为、反例与双方意愿优先。,中高,待验证,,interface_state_rule=true; provisional=true; rule_group=PARTNER-接口门控,0.3
M5-PARTNER-400,真合化成立｜替换FN路由,L8 状态、接口、去重与停止,PARTNER-接口门控,通用,状态,真合化成立,,真合化已由共享引擎确认。,合而不化或争议。,由共享基础引擎与M5-BASE提供；只修正用户需要何种伴侣功能，不直接推断现实对象成熟度。,由M2提供；夫妻星与准入证据只说明谁容易进入关系，不能替代伴侣长期能力验证。,由M3-BASE提供；日支只帮助确定用户亲密关系中的功能需求，不直接描述具体伴侣人格。,无／按本规则指定的伴侣行为、场景或匹配模式路由。,近位、远位只修正用户对某项功能的优先级；不得据此断定现实伴侣一定具备。,根气只修正用户功能需求是否稳定重复，不等于具体对象已经稳定做到。,旺弱只修正需求强度、风险敏感度或匹配模式，不直接等于伴侣能力质量。,喜忌只修正用户对功能的承载与摩擦，不可直接翻译为理想伴侣五行、十神或人格。,真合化成立时按化神功能重算用户需求；合化争议时停止细化伴侣画像。,近位提高该功能进入亲密关系核心的可能；远位只保留背景或情境性观察。,84,不加分；接口／状态／去重,primary_partner_function,原FN清零，按化神功能重算。,原来的功能画像需要按实际合化结果重新判断。,不得仅凭本规则推出某个具体人必然适合、忠诚、成熟或长期稳定；不得推断职业、收入、外貌、家庭、生肖、五行；不得以命理要求容忍伤害、原谅、复合或继续关系。现实安全、持续行为、反例与双方意愿优先。,中高,待验证,,interface_state_rule=true; provisional=true; rule_group=PARTNER-接口门控,0.3
M5-PARTNER-401,合冲刑害破｜只改观察节奏,L8 状态、接口、去重与停止,PARTNER-接口门控,通用,状态,合冲刑害破,,夫妻宫有合冲刑害破。,用其直接断对象质量。,由共享基础引擎与M5-BASE提供；只修正用户需要何种伴侣功能，不直接推断现实对象成熟度。,由M2提供；夫妻星与准入证据只说明谁容易进入关系，不能替代伴侣长期能力验证。,由M3-BASE提供；日支只帮助确定用户亲密关系中的功能需求，不直接描述具体伴侣人格。,无／按本规则指定的伴侣行为、场景或匹配模式路由。,近位、远位只修正用户对某项功能的优先级；不得据此断定现实伴侣一定具备。,根气只修正用户功能需求是否稳定重复，不等于具体对象已经稳定做到。,旺弱只修正需求强度、风险敏感度或匹配模式，不直接等于伴侣能力质量。,喜忌只修正用户对功能的承载与摩擦，不可直接翻译为理想伴侣五行、十神或人格。,真合化成立时按化神功能重算用户需求；合化争议时停止细化伴侣画像。,近位提高该功能进入亲密关系核心的可能；远位只保留背景或情境性观察。,84,不加分；接口／状态／去重,observation_plan,合看牵连，冲看切换，刑看反复，害看隐性期待，破看重组。,这些结构提醒你在哪些场景多观察，不直接说明对象好坏。,不得仅凭本规则推出某个具体人必然适合、忠诚、成熟或长期稳定；不得推断职业、收入、外貌、家庭、生肖、五行；不得以命理要求容忍伤害、原谅、复合或继续关系。现实安全、持续行为、反例与双方意愿优先。,中高,待验证,,interface_state_rule=true; provisional=true; rule_group=PARTNER-接口门控,0.3
M5-PARTNER-402,阶段覆盖｜只提高当前议题显著度,L8 状态、接口、去重与停止,PARTNER-接口门控,通用,状态,阶段覆盖,,大运流年与主FN议题一致。,无原局需求或无现实关系情境。,由共享基础引擎与M5-BASE提供；只修正用户需要何种伴侣功能，不直接推断现实对象成熟度。,由M2提供；夫妻星与准入证据只说明谁容易进入关系，不能替代伴侣长期能力验证。,由M3-BASE提供；日支只帮助确定用户亲密关系中的功能需求，不直接描述具体伴侣人格。,无／按本规则指定的伴侣行为、场景或匹配模式路由。,近位、远位只修正用户对某项功能的优先级；不得据此断定现实伴侣一定具备。,根气只修正用户功能需求是否稳定重复，不等于具体对象已经稳定做到。,旺弱只修正需求强度、风险敏感度或匹配模式，不直接等于伴侣能力质量。,喜忌只修正用户对功能的承载与摩擦，不可直接翻译为理想伴侣五行、十神或人格。,真合化成立时按化神功能重算用户需求；合化争议时停止细化伴侣画像。,近位提高该功能进入亲密关系核心的可能；远位只保留背景或情境性观察。,84,不加分；接口／状态／去重,observation_plan,阶段不能创造伴侣能力，只提示当前更应观察。,某个阶段会让这项需要更明显，但不能据此判断具体人已经具备。,不得仅凭本规则推出某个具体人必然适合、忠诚、成熟或长期稳定；不得推断职业、收入、外貌、家庭、生肖、五行；不得以命理要求容忍伤害、原谅、复合或继续关系。现实安全、持续行为、反例与双方意愿优先。,中高,待验证,,interface_state_rule=true; provisional=true; rule_group=PARTNER-接口门控,0.3
M5-PARTNER-403,安全风险停止普通画像,L8 状态、接口、去重与停止,PARTNER-接口门控,通用,安全,安全风险停止普通画像,,存在PR0风险。,无,由共享基础引擎与M5-BASE提供；只修正用户需要何种伴侣功能，不直接推断现实对象成熟度。,由M2提供；夫妻星与准入证据只说明谁容易进入关系，不能替代伴侣长期能力验证。,由M3-BASE提供；日支只帮助确定用户亲密关系中的功能需求，不直接描述具体伴侣人格。,无／按本规则指定的伴侣行为、场景或匹配模式路由。,近位、远位只修正用户对某项功能的优先级；不得据此断定现实伴侣一定具备。,根气只修正用户功能需求是否稳定重复，不等于具体对象已经稳定做到。,旺弱只修正需求强度、风险敏感度或匹配模式，不直接等于伴侣能力质量。,喜忌只修正用户对功能的承载与摩擦，不可直接翻译为理想伴侣五行、十神或人格。,真合化成立时按化神功能重算用户需求；合化争议时停止细化伴侣画像。,近位提高该功能进入亲密关系核心的可能；远位只保留背景或情境性观察。,96,不加分；接口／状态／去重,report_status,停止成熟、互补与修复能力讨论。,先处理安全、选择权与现实支持。,不得仅凭本规则推出某个具体人必然适合、忠诚、成熟或长期稳定；不得推断职业、收入、外貌、家庭、生肖、五行；不得以命理要求容忍伤害、原谅、复合或继续关系。现实安全、持续行为、反例与双方意愿优先。,高,待验证,,interface_state_rule=true; provisional=true; rule_group=PARTNER-接口门控,0.3
M5-PARTNER-404,合化争议停止细化,L8 状态、接口、去重与停止,PARTNER-接口门控,通用,停止,合化争议停止细化,,真合化结论未定。,无,由共享基础引擎与M5-BASE提供；只修正用户需要何种伴侣功能，不直接推断现实对象成熟度。,由M2提供；夫妻星与准入证据只说明谁容易进入关系，不能替代伴侣长期能力验证。,由M3-BASE提供；日支只帮助确定用户亲密关系中的功能需求，不直接描述具体伴侣人格。,无／按本规则指定的伴侣行为、场景或匹配模式路由。,近位、远位只修正用户对某项功能的优先级；不得据此断定现实伴侣一定具备。,根气只修正用户功能需求是否稳定重复，不等于具体对象已经稳定做到。,旺弱只修正需求强度、风险敏感度或匹配模式，不直接等于伴侣能力质量。,喜忌只修正用户对功能的承载与摩擦，不可直接翻译为理想伴侣五行、十神或人格。,真合化成立时按化神功能重算用户需求；合化争议时停止细化伴侣画像。,近位提高该功能进入亲密关系核心的可能；远位只保留背景或情境性观察。,96,不加分；接口／状态／去重,report_status,只保留上位功能类别和观察清单。,基础结构未定时，不急着细化对象画像。,不得仅凭本规则推出某个具体人必然适合、忠诚、成熟或长期稳定；不得推断职业、收入、外貌、家庭、生肖、五行；不得以命理要求容忍伤害、原谅、复合或继续关系。现实安全、持续行为、反例与双方意愿优先。,高,待验证,,interface_state_rule=true; provisional=true; rule_group=PARTNER-接口门控,0.3
M5-PARTNER-405,对象资料不足停止定性,L8 状态、接口、去重与停止,PARTNER-接口门控,通用,停止,对象资料不足停止定性,,PV0—PV1。,仅输出观察计划允许。,由共享基础引擎与M5-BASE提供；只修正用户需要何种伴侣功能，不直接推断现实对象成熟度。,由M2提供；夫妻星与准入证据只说明谁容易进入关系，不能替代伴侣长期能力验证。,由M3-BASE提供；日支只帮助确定用户亲密关系中的功能需求，不直接描述具体伴侣人格。,无／按本规则指定的伴侣行为、场景或匹配模式路由。,近位、远位只修正用户对某项功能的优先级；不得据此断定现实伴侣一定具备。,根气只修正用户功能需求是否稳定重复，不等于具体对象已经稳定做到。,旺弱只修正需求强度、风险敏感度或匹配模式，不直接等于伴侣能力质量。,喜忌只修正用户对功能的承载与摩擦，不可直接翻译为理想伴侣五行、十神或人格。,真合化成立时按化神功能重算用户需求；合化争议时停止细化伴侣画像。,近位提高该功能进入亲密关系核心的可能；远位只保留背景或情境性观察。,96,不加分；接口／状态／去重,report_status,不发布成熟／失衡对象定性。,目前先列出需要观察的行为。,不得仅凭本规则推出某个具体人必然适合、忠诚、成熟或长期稳定；不得推断职业、收入、外貌、家庭、生肖、五行；不得以命理要求容忍伤害、原谅、复合或继续关系。现实安全、持续行为、反例与双方意愿优先。,高,待验证,,interface_state_rule=true; provisional=true; rule_group=PARTNER-接口门控,0.3
M5-PARTNER-406,强现实反例覆盖结构候选,L8 状态、接口、去重与停止,PARTNER-接口门控,通用,停止,强现实反例覆盖结构候选,,现实多次反例与FN画像冲突。,反例信息不可靠或已明确修正。,由共享基础引擎与M5-BASE提供；只修正用户需要何种伴侣功能，不直接推断现实对象成熟度。,由M2提供；夫妻星与准入证据只说明谁容易进入关系，不能替代伴侣长期能力验证。,由M3-BASE提供；日支只帮助确定用户亲密关系中的功能需求，不直接描述具体伴侣人格。,无／按本规则指定的伴侣行为、场景或匹配模式路由。,近位、远位只修正用户对某项功能的优先级；不得据此断定现实伴侣一定具备。,根气只修正用户功能需求是否稳定重复，不等于具体对象已经稳定做到。,旺弱只修正需求强度、风险敏感度或匹配模式，不直接等于伴侣能力质量。,喜忌只修正用户对功能的承载与摩擦，不可直接翻译为理想伴侣五行、十神或人格。,真合化成立时按化神功能重算用户需求；合化争议时停止细化伴侣画像。,近位提高该功能进入亲密关系核心的可能；远位只保留背景或情境性观察。,96,不加分；接口／状态／去重,counterevidence,降级或停用相应画像。,现实中反复做不到，就不要用理论替对方解释。,不得仅凭本规则推出某个具体人必然适合、忠诚、成熟或长期稳定；不得推断职业、收入、外貌、家庭、生肖、五行；不得以命理要求容忍伤害、原谅、复合或继续关系。现实安全、持续行为、反例与双方意愿优先。,高,待验证,,interface_state_rule=true; provisional=true; rule_group=PARTNER-接口门控,0.3
M5-PARTNER-407,同一行为多维度不重复加分,L8 状态、接口、去重与停止,PARTNER-接口门控,通用,去重,同一行为多维度不重复加分,,一个行为同时支持PO02、PO03、PO05等。,不同event_id或跨场景重复。,由共享基础引擎与M5-BASE提供；只修正用户需要何种伴侣功能，不直接推断现实对象成熟度。,由M2提供；夫妻星与准入证据只说明谁容易进入关系，不能替代伴侣长期能力验证。,由M3-BASE提供；日支只帮助确定用户亲密关系中的功能需求，不直接描述具体伴侣人格。,无／按本规则指定的伴侣行为、场景或匹配模式路由。,近位、远位只修正用户对某项功能的优先级；不得据此断定现实伴侣一定具备。,根气只修正用户功能需求是否稳定重复，不等于具体对象已经稳定做到。,旺弱只修正需求强度、风险敏感度或匹配模式，不直接等于伴侣能力质量。,喜忌只修正用户对功能的承载与摩擦，不可直接翻译为理想伴侣五行、十神或人格。,真合化成立时按化神功能重算用户需求；合化争议时停止细化伴侣画像。,近位提高该功能进入亲密关系核心的可能；远位只保留背景或情境性观察。,84,不加分；接口／状态／去重,provenance,同一事件基础分只计一次，维度可分别记录。,一件事可以说明多个维度，但不会自动变成多次证据。,不得仅凭本规则推出某个具体人必然适合、忠诚、成熟或长期稳定；不得推断职业、收入、外貌、家庭、生肖、五行；不得以命理要求容忍伤害、原谅、复合或继续关系。现实安全、持续行为、反例与双方意愿优先。,高,待验证,,interface_state_rule=true; provisional=true; rule_group=PARTNER-接口门控,0.3
M5-PARTNER-408,同义FN收敛,L8 状态、接口、去重与停止,PARTNER-接口门控,通用,去重,同义FN收敛,,主次FN实际描述同一功能。,来源独立且任务不同。,由共享基础引擎与M5-BASE提供；只修正用户需要何种伴侣功能，不直接推断现实对象成熟度。,由M2提供；夫妻星与准入证据只说明谁容易进入关系，不能替代伴侣长期能力验证。,由M3-BASE提供；日支只帮助确定用户亲密关系中的功能需求，不直接描述具体伴侣人格。,无／按本规则指定的伴侣行为、场景或匹配模式路由。,近位、远位只修正用户对某项功能的优先级；不得据此断定现实伴侣一定具备。,根气只修正用户功能需求是否稳定重复，不等于具体对象已经稳定做到。,旺弱只修正需求强度、风险敏感度或匹配模式，不直接等于伴侣能力质量。,喜忌只修正用户对功能的承载与摩擦，不可直接翻译为理想伴侣五行、十神或人格。,真合化成立时按化神功能重算用户需求；合化争议时停止细化伴侣画像。,近位提高该功能进入亲密关系核心的可能；远位只保留背景或情境性观察。,84,不加分；接口／状态／去重,secondary_partner_function,合并为一个主画像。,相似条件合并表达，避免理想清单膨胀。,不得仅凭本规则推出某个具体人必然适合、忠诚、成熟或长期稳定；不得推断职业、收入、外貌、家庭、生肖、五行；不得以命理要求容忍伤害、原谅、复合或继续关系。现实安全、持续行为、反例与双方意愿优先。,高,待验证,,interface_state_rule=true; provisional=true; rule_group=PARTNER-接口门控,0.3
M5-PARTNER-409,正文不输出失衡人格标签,L8 状态、接口、去重与停止,PARTNER-接口门控,通用,边界,正文不输出失衡人格标签,,PS04、PM或风险候选成立。,现实存在明确伤害时按事实说明。,由共享基础引擎与M5-BASE提供；只修正用户需要何种伴侣功能，不直接推断现实对象成熟度。,由M2提供；夫妻星与准入证据只说明谁容易进入关系，不能替代伴侣长期能力验证。,由M3-BASE提供；日支只帮助确定用户亲密关系中的功能需求，不直接描述具体伴侣人格。,无／按本规则指定的伴侣行为、场景或匹配模式路由。,近位、远位只修正用户对某项功能的优先级；不得据此断定现实伴侣一定具备。,根气只修正用户功能需求是否稳定重复，不等于具体对象已经稳定做到。,旺弱只修正需求强度、风险敏感度或匹配模式，不直接等于伴侣能力质量。,喜忌只修正用户对功能的承载与摩擦，不可直接翻译为理想伴侣五行、十神或人格。,真合化成立时按化神功能重算用户需求；合化争议时停止细化伴侣画像。,近位提高该功能进入亲密关系核心的可能；远位只保留背景或情境性观察。,96,不加分；接口／状态／去重,report_text,写具体行为与证据缺口，不写控制狂、回避型、渣等标签。,只描述发生了什么和需要验证什么。,不得仅凭本规则推出某个具体人必然适合、忠诚、成熟或长期稳定；不得推断职业、收入、外貌、家庭、生肖、五行；不得以命理要求容忍伤害、原谅、复合或继续关系。现实安全、持续行为、反例与双方意愿优先。,高,待验证,,interface_state_rule=true; provisional=true; rule_group=PARTNER-接口门控,0.3
M5-PARTNER-410,M5-SYNTH前不发布最终适配等级,L8 状态、接口、去重与停止,PARTNER-接口门控,通用,路由,M5-SYNTH前不发布最终适配等级,,PARTNER模块完成。,无,由共享基础引擎与M5-BASE提供；只修正用户需要何种伴侣功能，不直接推断现实对象成熟度。,由M2提供；夫妻星与准入证据只说明谁容易进入关系，不能替代伴侣长期能力验证。,由M3-BASE提供；日支只帮助确定用户亲密关系中的功能需求，不直接描述具体伴侣人格。,无／按本规则指定的伴侣行为、场景或匹配模式路由。,近位、远位只修正用户对某项功能的优先级；不得据此断定现实伴侣一定具备。,根气只修正用户功能需求是否稳定重复，不等于具体对象已经稳定做到。,旺弱只修正需求强度、风险敏感度或匹配模式，不直接等于伴侣能力质量。,喜忌只修正用户对功能的承载与摩擦，不可直接翻译为理想伴侣五行、十神或人格。,真合化成立时按化神功能重算用户需求；合化争议时停止细化伴侣画像。,近位提高该功能进入亲密关系核心的可能；远位只保留背景或情境性观察。,84,不加分；接口／状态／去重,fit_grade,本模块输出画像、PV和观察计划，最终FG交SYNTH。,现在能说明该观察什么，最终适配等级还要综合现实门槛。,不得仅凭本规则推出某个具体人必然适合、忠诚、成熟或长期稳定；不得推断职业、收入、外貌、家庭、生肖、五行；不得以命理要求容忍伤害、原谅、复合或继续关系。现实安全、持续行为、反例与双方意愿优先。,中高,待验证,,interface_state_rule=true; provisional=true; rule_group=PARTNER-接口门控,0.3
M5-PARTNER-411,主伴侣功能门槛,L9 评分、报告与校准,PARTNER-评分报告,通用,评分,主伴侣功能门槛,,主FN来自PR1／PR2，至少两类独立来源，净分≥38且领先第二候选≥8。,PR0安全门控未通过时停止普通评分。,由共享基础引擎与M5-BASE提供；只修正用户需要何种伴侣功能，不直接推断现实对象成熟度。,由M2提供；夫妻星与准入证据只说明谁容易进入关系，不能替代伴侣长期能力验证。,由M3-BASE提供；日支只帮助确定用户亲密关系中的功能需求，不直接描述具体伴侣人格。,无／按本规则指定的伴侣行为、场景或匹配模式路由。,近位、远位只修正用户对某项功能的优先级；不得据此断定现实伴侣一定具备。,根气只修正用户功能需求是否稳定重复，不等于具体对象已经稳定做到。,旺弱只修正需求强度、风险敏感度或匹配模式，不直接等于伴侣能力质量。,喜忌只修正用户对功能的承载与摩擦，不可直接翻译为理想伴侣五行、十神或人格。,真合化成立时按化神功能重算用户需求；合化争议时停止细化伴侣画像。,近位提高该功能进入亲密关系核心的可能；远位只保留背景或情境性观察。,82,主画像候选 +38,primary_partner_function,满足才发布主功能画像。,满足才发布主功能画像。,不得仅凭本规则推出某个具体人必然适合、忠诚、成熟或长期稳定；不得推断职业、收入、外貌、家庭、生肖、五行；不得以命理要求容忍伤害、原谅、复合或继续关系。现实安全、持续行为、反例与双方意愿优先。,中高,待验证,,scoring_reporting=true; provisional=true; rule_group=PARTNER-评分报告,0.3
M5-PARTNER-412,次伴侣功能门槛,L9 评分、报告与校准,PARTNER-评分报告,通用,评分,次伴侣功能门槛,,次FN净分≥26，来源独立、功能不同、非同义重复。,PR0安全门控未通过时停止普通评分。,由共享基础引擎与M5-BASE提供；只修正用户需要何种伴侣功能，不直接推断现实对象成熟度。,由M2提供；夫妻星与准入证据只说明谁容易进入关系，不能替代伴侣长期能力验证。,由M3-BASE提供；日支只帮助确定用户亲密关系中的功能需求，不直接描述具体伴侣人格。,无／按本规则指定的伴侣行为、场景或匹配模式路由。,近位、远位只修正用户对某项功能的优先级；不得据此断定现实伴侣一定具备。,根气只修正用户功能需求是否稳定重复，不等于具体对象已经稳定做到。,旺弱只修正需求强度、风险敏感度或匹配模式，不直接等于伴侣能力质量。,喜忌只修正用户对功能的承载与摩擦，不可直接翻译为理想伴侣五行、十神或人格。,真合化成立时按化神功能重算用户需求；合化争议时停止细化伴侣画像。,近位提高该功能进入亲密关系核心的可能；远位只保留背景或情境性观察。,82,次画像候选 +26,secondary_partner_function,最多保留一个次功能。,最多保留一个次功能。,不得仅凭本规则推出某个具体人必然适合、忠诚、成熟或长期稳定；不得推断职业、收入、外貌、家庭、生肖、五行；不得以命理要求容忍伤害、原谅、复合或继续关系。现实安全、持续行为、反例与双方意愿优先。,中高,待验证,,scoring_reporting=true; provisional=true; rule_group=PARTNER-评分报告,0.3
M5-PARTNER-413,成熟表达门槛,L9 评分、报告与校准,PARTNER-评分报告,通用,评分,成熟表达门槛,,PS01需要PV4以上，并有PO02、PO03、PO05中的两项。,PR0安全门控未通过时停止普通评分。,由共享基础引擎与M5-BASE提供；只修正用户需要何种伴侣功能，不直接推断现实对象成熟度。,由M2提供；夫妻星与准入证据只说明谁容易进入关系，不能替代伴侣长期能力验证。,由M3-BASE提供；日支只帮助确定用户亲密关系中的功能需求，不直接描述具体伴侣人格。,无／按本规则指定的伴侣行为、场景或匹配模式路由。,近位、远位只修正用户对某项功能的优先级；不得据此断定现实伴侣一定具备。,根气只修正用户功能需求是否稳定重复，不等于具体对象已经稳定做到。,旺弱只修正需求强度、风险敏感度或匹配模式，不直接等于伴侣能力质量。,喜忌只修正用户对功能的承载与摩擦，不可直接翻译为理想伴侣五行、十神或人格。,真合化成立时按化神功能重算用户需求；合化争议时停止细化伴侣画像。,近位提高该功能进入亲密关系核心的可能；远位只保留背景或情境性观察。,82,PS01 +30,partner_expression_state,仅命盘或单次行为不能进入PS01。,仅命盘或单次行为不能进入PS01。,不得仅凭本规则推出某个具体人必然适合、忠诚、成熟或长期稳定；不得推断职业、收入、外貌、家庭、生肖、五行；不得以命理要求容忍伤害、原谅、复合或继续关系。现实安全、持续行为、反例与双方意愿优先。,中高,待验证,,scoring_reporting=true; provisional=true; rule_group=PARTNER-评分报告,0.3
M5-PARTNER-414,条件性成熟门槛,L9 评分、报告与校准,PARTNER-评分报告,通用,评分,条件性成熟门槛,,PS02需要PV3以上并明确有效条件。,PR0安全门控未通过时停止普通评分。,由共享基础引擎与M5-BASE提供；只修正用户需要何种伴侣功能，不直接推断现实对象成熟度。,由M2提供；夫妻星与准入证据只说明谁容易进入关系，不能替代伴侣长期能力验证。,由M3-BASE提供；日支只帮助确定用户亲密关系中的功能需求，不直接描述具体伴侣人格。,无／按本规则指定的伴侣行为、场景或匹配模式路由。,近位、远位只修正用户对某项功能的优先级；不得据此断定现实伴侣一定具备。,根气只修正用户功能需求是否稳定重复，不等于具体对象已经稳定做到。,旺弱只修正需求强度、风险敏感度或匹配模式，不直接等于伴侣能力质量。,喜忌只修正用户对功能的承载与摩擦，不可直接翻译为理想伴侣五行、十神或人格。,真合化成立时按化神功能重算用户需求；合化争议时停止细化伴侣画像。,近位提高该功能进入亲密关系核心的可能；远位只保留背景或情境性观察。,82,PS02 +18,partner_expression_state,必须写清在什么条件下可靠。,必须写清在什么条件下可靠。,不得仅凭本规则推出某个具体人必然适合、忠诚、成熟或长期稳定；不得推断职业、收入、外貌、家庭、生肖、五行；不得以命理要求容忍伤害、原谅、复合或继续关系。现实安全、持续行为、反例与双方意愿优先。,中高,待验证,,scoring_reporting=true; provisional=true; rule_group=PARTNER-评分报告,0.3
M5-PARTNER-415,外显未证降级,L9 评分、报告与校准,PARTNER-评分报告,通用,评分,外显未证降级,,PV1—PV2或透干无根、单次高光。,PR0安全门控未通过时停止普通评分。,由共享基础引擎与M5-BASE提供；只修正用户需要何种伴侣功能，不直接推断现实对象成熟度。,由M2提供；夫妻星与准入证据只说明谁容易进入关系，不能替代伴侣长期能力验证。,由M3-BASE提供；日支只帮助确定用户亲密关系中的功能需求，不直接描述具体伴侣人格。,无／按本规则指定的伴侣行为、场景或匹配模式路由。,近位、远位只修正用户对某项功能的优先级；不得据此断定现实伴侣一定具备。,根气只修正用户功能需求是否稳定重复，不等于具体对象已经稳定做到。,旺弱只修正需求强度、风险敏感度或匹配模式，不直接等于伴侣能力质量。,喜忌只修正用户对功能的承载与摩擦，不可直接翻译为理想伴侣五行、十神或人格。,真合化成立时按化神功能重算用户需求；合化争议时停止细化伴侣画像。,近位提高该功能进入亲密关系核心的可能；远位只保留背景或情境性观察。,82,-12至-20,partner_expression_state,路由PS03／PS07。,路由PS03／PS07。,不得仅凭本规则推出某个具体人必然适合、忠诚、成熟或长期稳定；不得推断职业、收入、外貌、家庭、生肖、五行；不得以命理要求容忍伤害、原谅、复合或继续关系。现实安全、持续行为、反例与双方意愿优先。,中高,待验证,,scoring_reporting=true; provisional=true; rule_group=PARTNER-评分报告,0.3
M5-PARTNER-416,越权表达风险,L9 评分、报告与校准,PARTNER-评分报告,通用,评分,越权表达风险,,功能有效但PO03／PO04失败，或K01/K05现实成立。,PR0安全门控未通过时停止普通评分。,由共享基础引擎与M5-BASE提供；只修正用户需要何种伴侣功能，不直接推断现实对象成熟度。,由M2提供；夫妻星与准入证据只说明谁容易进入关系，不能替代伴侣长期能力验证。,由M3-BASE提供；日支只帮助确定用户亲密关系中的功能需求，不直接描述具体伴侣人格。,无／按本规则指定的伴侣行为、场景或匹配模式路由。,近位、远位只修正用户对某项功能的优先级；不得据此断定现实伴侣一定具备。,根气只修正用户功能需求是否稳定重复，不等于具体对象已经稳定做到。,旺弱只修正需求强度、风险敏感度或匹配模式，不直接等于伴侣能力质量。,喜忌只修正用户对功能的承载与摩擦，不可直接翻译为理想伴侣五行、十神或人格。,真合化成立时按化神功能重算用户需求；合化争议时停止细化伴侣画像。,近位提高该功能进入亲密关系核心的可能；远位只保留背景或情境性观察。,82,风险 +16,unstable_expression_warning,成熟分与风险分并存，不互相删除。,成熟分与风险分并存，不互相删除。,不得仅凭本规则推出某个具体人必然适合、忠诚、成熟或长期稳定；不得推断职业、收入、外貌、家庭、生肖、五行；不得以命理要求容忍伤害、原谅、复合或继续关系。现实安全、持续行为、反例与双方意愿优先。,中高,待验证,,scoring_reporting=true; provisional=true; rule_group=PARTNER-评分报告,0.3
M5-PARTNER-417,PV层级只决定对象证据深度,L9 评分、报告与校准,PARTNER-评分报告,通用,边界,PV层级只决定对象证据深度,,使用PV0—PV7。,PR0安全门控未通过时停止普通评分。,由共享基础引擎与M5-BASE提供；只修正用户需要何种伴侣功能，不直接推断现实对象成熟度。,由M2提供；夫妻星与准入证据只说明谁容易进入关系，不能替代伴侣长期能力验证。,由M3-BASE提供；日支只帮助确定用户亲密关系中的功能需求，不直接描述具体伴侣人格。,无／按本规则指定的伴侣行为、场景或匹配模式路由。,近位、远位只修正用户对某项功能的优先级；不得据此断定现实伴侣一定具备。,根气只修正用户功能需求是否稳定重复，不等于具体对象已经稳定做到。,旺弱只修正需求强度、风险敏感度或匹配模式，不直接等于伴侣能力质量。,喜忌只修正用户对功能的承载与摩擦，不可直接翻译为理想伴侣五行、十神或人格。,真合化成立时按化神功能重算用户需求；合化争议时停止细化伴侣画像。,近位提高该功能进入亲密关系核心的可能；远位只保留背景或情境性观察。,98,不加分；证据路由,partner_evidence_level,PV与FG分开。,PV与FG分开。,不得仅凭本规则推出某个具体人必然适合、忠诚、成熟或长期稳定；不得推断职业、收入、外貌、家庭、生肖、五行；不得以命理要求容忍伤害、原谅、复合或继续关系。现实安全、持续行为、反例与双方意愿优先。,高,待验证,,scoring_reporting=true; provisional=true; rule_group=PARTNER-评分报告,0.3
M5-PARTNER-418,PV4跨场景一致加权,L9 评分、报告与校准,PARTNER-评分报告,通用,评分,PV4跨场景一致加权,,至少两个不同SC场景保持核心功能。,PR0安全门控未通过时停止普通评分。,由共享基础引擎与M5-BASE提供；只修正用户需要何种伴侣功能，不直接推断现实对象成熟度。,由M2提供；夫妻星与准入证据只说明谁容易进入关系，不能替代伴侣长期能力验证。,由M3-BASE提供；日支只帮助确定用户亲密关系中的功能需求，不直接描述具体伴侣人格。,无／按本规则指定的伴侣行为、场景或匹配模式路由。,近位、远位只修正用户对某项功能的优先级；不得据此断定现实伴侣一定具备。,根气只修正用户功能需求是否稳定重复，不等于具体对象已经稳定做到。,旺弱只修正需求强度、风险敏感度或匹配模式，不直接等于伴侣能力质量。,喜忌只修正用户对功能的承载与摩擦，不可直接翻译为理想伴侣五行、十神或人格。,真合化成立时按化神功能重算用户需求；合化争议时停止细化伴侣画像。,近位提高该功能进入亲密关系核心的可能；远位只保留背景或情境性观察。,82,+12,partner_evidence_level,提高画像可靠度。,提高画像可靠度。,不得仅凭本规则推出某个具体人必然适合、忠诚、成熟或长期稳定；不得推断职业、收入、外貌、家庭、生肖、五行；不得以命理要求容忍伤害、原谅、复合或继续关系。现实安全、持续行为、反例与双方意愿优先。,中高,待验证,,scoring_reporting=true; provisional=true; rule_group=PARTNER-评分报告,0.3
M5-PARTNER-419,PV5压力证据加权,L9 评分、报告与校准,PARTNER-评分报告,通用,评分,PV5压力证据加权,,不利或成本情境仍保留核心功能。,PR0安全门控未通过时停止普通评分。,由共享基础引擎与M5-BASE提供；只修正用户需要何种伴侣功能，不直接推断现实对象成熟度。,由M2提供；夫妻星与准入证据只说明谁容易进入关系，不能替代伴侣长期能力验证。,由M3-BASE提供；日支只帮助确定用户亲密关系中的功能需求，不直接描述具体伴侣人格。,无／按本规则指定的伴侣行为、场景或匹配模式路由。,近位、远位只修正用户对某项功能的优先级；不得据此断定现实伴侣一定具备。,根气只修正用户功能需求是否稳定重复，不等于具体对象已经稳定做到。,旺弱只修正需求强度、风险敏感度或匹配模式，不直接等于伴侣能力质量。,喜忌只修正用户对功能的承载与摩擦，不可直接翻译为理想伴侣五行、十神或人格。,真合化成立时按化神功能重算用户需求；合化争议时停止细化伴侣画像。,近位提高该功能进入亲密关系核心的可能；远位只保留背景或情境性观察。,82,+14,stress_behavior_profile,提高压力适配候选。,提高压力适配候选。,不得仅凭本规则推出某个具体人必然适合、忠诚、成熟或长期稳定；不得推断职业、收入、外貌、家庭、生肖、五行；不得以命理要求容忍伤害、原谅、复合或继续关系。现实安全、持续行为、反例与双方意愿优先。,中高,待验证,,scoring_reporting=true; provisional=true; rule_group=PARTNER-评分报告,0.3
M5-PARTNER-420,PV6修复证据加权,L9 评分、报告与校准,PARTNER-评分报告,通用,评分,PV6修复证据加权,,接收反馈、改变与回访成立。,PR0安全门控未通过时停止普通评分。,由共享基础引擎与M5-BASE提供；只修正用户需要何种伴侣功能，不直接推断现实对象成熟度。,由M2提供；夫妻星与准入证据只说明谁容易进入关系，不能替代伴侣长期能力验证。,由M3-BASE提供；日支只帮助确定用户亲密关系中的功能需求，不直接描述具体伴侣人格。,无／按本规则指定的伴侣行为、场景或匹配模式路由。,近位、远位只修正用户对某项功能的优先级；不得据此断定现实伴侣一定具备。,根气只修正用户功能需求是否稳定重复，不等于具体对象已经稳定做到。,旺弱只修正需求强度、风险敏感度或匹配模式，不直接等于伴侣能力质量。,喜忌只修正用户对功能的承载与摩擦，不可直接翻译为理想伴侣五行、十神或人格。,真合化成立时按化神功能重算用户需求；合化争议时停止细化伴侣画像。,近位提高该功能进入亲密关系核心的可能；远位只保留背景或情境性观察。,82,+16,repair_behavior_profile,提高修复候选。,提高修复候选。,不得仅凭本规则推出某个具体人必然适合、忠诚、成熟或长期稳定；不得推断职业、收入、外貌、家庭、生肖、五行；不得以命理要求容忍伤害、原谅、复合或继续关系。现实安全、持续行为、反例与双方意愿优先。,中高,待验证,,scoring_reporting=true; provisional=true; rule_group=PARTNER-评分报告,0.3
M5-PARTNER-421,PV7反例检验加权,L9 评分、报告与校准,PARTNER-评分报告,通用,评分,PV7反例检验加权,,旧问题复发或规则不利时仍能调整。,PR0安全门控未通过时停止普通评分。,由共享基础引擎与M5-BASE提供；只修正用户需要何种伴侣功能，不直接推断现实对象成熟度。,由M2提供；夫妻星与准入证据只说明谁容易进入关系，不能替代伴侣长期能力验证。,由M3-BASE提供；日支只帮助确定用户亲密关系中的功能需求，不直接描述具体伴侣人格。,无／按本规则指定的伴侣行为、场景或匹配模式路由。,近位、远位只修正用户对某项功能的优先级；不得据此断定现实伴侣一定具备。,根气只修正用户功能需求是否稳定重复，不等于具体对象已经稳定做到。,旺弱只修正需求强度、风险敏感度或匹配模式，不直接等于伴侣能力质量。,喜忌只修正用户对功能的承载与摩擦，不可直接翻译为理想伴侣五行、十神或人格。,真合化成立时按化神功能重算用户需求；合化争议时停止细化伴侣画像。,近位提高该功能进入亲密关系核心的可能；远位只保留背景或情境性观察。,82,+18,partner_evidence_level,可进入SYNTH较高现实证据。,可进入SYNTH较高现实证据。,不得仅凭本规则推出某个具体人必然适合、忠诚、成熟或长期稳定；不得推断职业、收入、外貌、家庭、生肖、五行；不得以命理要求容忍伤害、原谅、复合或继续关系。现实安全、持续行为、反例与双方意愿优先。,中高,待验证,,scoring_reporting=true; provisional=true; rule_group=PARTNER-评分报告,0.3
M5-PARTNER-422,PM伪适配扣分,L9 评分、报告与校准,PARTNER-评分报告,通用,评分,PM伪适配扣分,,任一PM成立且未被现实证据排除。,PR0安全门控未通过时停止普通评分。,由共享基础引擎与M5-BASE提供；只修正用户需要何种伴侣功能，不直接推断现实对象成熟度。,由M2提供；夫妻星与准入证据只说明谁容易进入关系，不能替代伴侣长期能力验证。,由M3-BASE提供；日支只帮助确定用户亲密关系中的功能需求，不直接描述具体伴侣人格。,无／按本规则指定的伴侣行为、场景或匹配模式路由。,近位、远位只修正用户对某项功能的优先级；不得据此断定现实伴侣一定具备。,根气只修正用户功能需求是否稳定重复，不等于具体对象已经稳定做到。,旺弱只修正需求强度、风险敏感度或匹配模式，不直接等于伴侣能力质量。,喜忌只修正用户对功能的承载与摩擦，不可直接翻译为理想伴侣五行、十神或人格。,真合化成立时按化神功能重算用户需求；合化争议时停止细化伴侣画像。,近位提高该功能进入亲密关系核心的可能；远位只保留背景或情境性观察。,82,-12,pseudo_fit_warning,降低相应FN成熟画像。,降低相应FN成熟画像。,不得仅凭本规则推出某个具体人必然适合、忠诚、成熟或长期稳定；不得推断职业、收入、外貌、家庭、生肖、五行；不得以命理要求容忍伤害、原谅、复合或继续关系。现实安全、持续行为、反例与双方意愿优先。,中高,待验证,,scoring_reporting=true; provisional=true; rule_group=PARTNER-评分报告,0.3
M5-PARTNER-423,现实强反例扣分,L9 评分、报告与校准,PARTNER-评分报告,通用,评分,现实强反例扣分,,跨场景多次反例。,PR0安全门控未通过时停止普通评分。,由共享基础引擎与M5-BASE提供；只修正用户需要何种伴侣功能，不直接推断现实对象成熟度。,由M2提供；夫妻星与准入证据只说明谁容易进入关系，不能替代伴侣长期能力验证。,由M3-BASE提供；日支只帮助确定用户亲密关系中的功能需求，不直接描述具体伴侣人格。,无／按本规则指定的伴侣行为、场景或匹配模式路由。,近位、远位只修正用户对某项功能的优先级；不得据此断定现实伴侣一定具备。,根气只修正用户功能需求是否稳定重复，不等于具体对象已经稳定做到。,旺弱只修正需求强度、风险敏感度或匹配模式，不直接等于伴侣能力质量。,喜忌只修正用户对功能的承载与摩擦，不可直接翻译为理想伴侣五行、十神或人格。,真合化成立时按化神功能重算用户需求；合化争议时停止细化伴侣画像。,近位提高该功能进入亲密关系核心的可能；远位只保留背景或情境性观察。,82,-20至停止,counterevidence,直接降级PS或停止。,直接降级PS或停止。,不得仅凭本规则推出某个具体人必然适合、忠诚、成熟或长期稳定；不得推断职业、收入、外貌、家庭、生肖、五行；不得以命理要求容忍伤害、原谅、复合或继续关系。现实安全、持续行为、反例与双方意愿优先。,中高,待验证,,scoring_reporting=true; provisional=true; rule_group=PARTNER-评分报告,0.3
M5-PARTNER-424,安全门控,L9 评分、报告与校准,PARTNER-评分报告,通用,停止,安全门控,,PR0风险成立。,无,由共享基础引擎与M5-BASE提供；只修正用户需要何种伴侣功能，不直接推断现实对象成熟度。,由M2提供；夫妻星与准入证据只说明谁容易进入关系，不能替代伴侣长期能力验证。,由M3-BASE提供；日支只帮助确定用户亲密关系中的功能需求，不直接描述具体伴侣人格。,无／按本规则指定的伴侣行为、场景或匹配模式路由。,近位、远位只修正用户对某项功能的优先级；不得据此断定现实伴侣一定具备。,根气只修正用户功能需求是否稳定重复，不等于具体对象已经稳定做到。,旺弱只修正需求强度、风险敏感度或匹配模式，不直接等于伴侣能力质量。,喜忌只修正用户对功能的承载与摩擦，不可直接翻译为理想伴侣五行、十神或人格。,真合化成立时按化神功能重算用户需求；合化争议时停止细化伴侣画像。,近位提高该功能进入亲密关系核心的可能；远位只保留背景或情境性观察。,98,停止,report_status,停止普通画像。,停止普通画像。,不得仅凭本规则推出某个具体人必然适合、忠诚、成熟或长期稳定；不得推断职业、收入、外貌、家庭、生肖、五行；不得以命理要求容忍伤害、原谅、复合或继续关系。现实安全、持续行为、反例与双方意愿优先。,高,待验证,,scoring_reporting=true; provisional=true; rule_group=PARTNER-评分报告,0.3
M5-PARTNER-425,合化争议门控,L9 评分、报告与校准,PARTNER-评分报告,通用,停止,合化争议门控,,真合化未定。,无,由共享基础引擎与M5-BASE提供；只修正用户需要何种伴侣功能，不直接推断现实对象成熟度。,由M2提供；夫妻星与准入证据只说明谁容易进入关系，不能替代伴侣长期能力验证。,由M3-BASE提供；日支只帮助确定用户亲密关系中的功能需求，不直接描述具体伴侣人格。,无／按本规则指定的伴侣行为、场景或匹配模式路由。,近位、远位只修正用户对某项功能的优先级；不得据此断定现实伴侣一定具备。,根气只修正用户功能需求是否稳定重复，不等于具体对象已经稳定做到。,旺弱只修正需求强度、风险敏感度或匹配模式，不直接等于伴侣能力质量。,喜忌只修正用户对功能的承载与摩擦，不可直接翻译为理想伴侣五行、十神或人格。,真合化成立时按化神功能重算用户需求；合化争议时停止细化伴侣画像。,近位提高该功能进入亲密关系核心的可能；远位只保留背景或情境性观察。,98,停止／回退,report_status,停止精细画像。,停止精细画像。,不得仅凭本规则推出某个具体人必然适合、忠诚、成熟或长期稳定；不得推断职业、收入、外貌、家庭、生肖、五行；不得以命理要求容忍伤害、原谅、复合或继续关系。现实安全、持续行为、反例与双方意愿优先。,高,待验证,,scoring_reporting=true; provisional=true; rule_group=PARTNER-评分报告,0.3
M5-PARTNER-426,主次分差不足,L9 评分、报告与校准,PARTNER-评分报告,通用,评分,主次分差不足,,两个FN均达门槛且分差<8。,PR0安全门控未通过时停止普通评分。,由共享基础引擎与M5-BASE提供；只修正用户需要何种伴侣功能，不直接推断现实对象成熟度。,由M2提供；夫妻星与准入证据只说明谁容易进入关系，不能替代伴侣长期能力验证。,由M3-BASE提供；日支只帮助确定用户亲密关系中的功能需求，不直接描述具体伴侣人格。,无／按本规则指定的伴侣行为、场景或匹配模式路由。,近位、远位只修正用户对某项功能的优先级；不得据此断定现实伴侣一定具备。,根气只修正用户功能需求是否稳定重复，不等于具体对象已经稳定做到。,旺弱只修正需求强度、风险敏感度或匹配模式，不直接等于伴侣能力质量。,喜忌只修正用户对功能的承载与摩擦，不可直接翻译为理想伴侣五行、十神或人格。,真合化成立时按化神功能重算用户需求；合化争议时停止细化伴侣画像。,近位提高该功能进入亲密关系核心的可能；远位只保留背景或情境性观察。,82,路由双功能,partner_function_profile,转双功能候选，正文仍需分工。,转双功能候选，正文仍需分工。,不得仅凭本规则推出某个具体人必然适合、忠诚、成熟或长期稳定；不得推断职业、收入、外貌、家庭、生肖、五行；不得以命理要求容忍伤害、原谅、复合或继续关系。现实安全、持续行为、反例与双方意愿优先。,中高,待验证,,scoring_reporting=true; provisional=true; rule_group=PARTNER-评分报告,0.3
M5-PARTNER-427,双功能必须说明分工,L9 评分、报告与校准,PARTNER-评分报告,通用,输出,双功能必须说明分工,,主次FN并存。,PR0安全门控未通过时停止普通评分。,由共享基础引擎与M5-BASE提供；只修正用户需要何种伴侣功能，不直接推断现实对象成熟度。,由M2提供；夫妻星与准入证据只说明谁容易进入关系，不能替代伴侣长期能力验证。,由M3-BASE提供；日支只帮助确定用户亲密关系中的功能需求，不直接描述具体伴侣人格。,无／按本规则指定的伴侣行为、场景或匹配模式路由。,近位、远位只修正用户对某项功能的优先级；不得据此断定现实伴侣一定具备。,根气只修正用户功能需求是否稳定重复，不等于具体对象已经稳定做到。,旺弱只修正需求强度、风险敏感度或匹配模式，不直接等于伴侣能力质量。,喜忌只修正用户对功能的承载与摩擦，不可直接翻译为理想伴侣五行、十神或人格。,真合化成立时按化神功能重算用户需求；合化争议时停止细化伴侣画像。,近位提高该功能进入亲密关系核心的可能；远位只保留背景或情境性观察。,82,不加分；输出,interaction_structure,说明谁负责什么场景。,说明谁负责什么场景。,不得仅凭本规则推出某个具体人必然适合、忠诚、成熟或长期稳定；不得推断职业、收入、外貌、家庭、生肖、五行；不得以命理要求容忍伤害、原谅、复合或继续关系。现实安全、持续行为、反例与双方意愿优先。,中高,待验证,,scoring_reporting=true; provisional=true; rule_group=PARTNER-评分报告,0.3
M5-PARTNER-428,FM模式必须有双方行为,L9 评分、报告与校准,PARTNER-评分报告,通用,证据,FM模式必须有双方行为,,FM候选需要双方现实互动。,PR0安全门控未通过时停止普通评分。,由共享基础引擎与M5-BASE提供；只修正用户需要何种伴侣功能，不直接推断现实对象成熟度。,由M2提供；夫妻星与准入证据只说明谁容易进入关系，不能替代伴侣长期能力验证。,由M3-BASE提供；日支只帮助确定用户亲密关系中的功能需求，不直接描述具体伴侣人格。,无／按本规则指定的伴侣行为、场景或匹配模式路由。,近位、远位只修正用户对某项功能的优先级；不得据此断定现实伴侣一定具备。,根气只修正用户功能需求是否稳定重复，不等于具体对象已经稳定做到。,旺弱只修正需求强度、风险敏感度或匹配模式，不直接等于伴侣能力质量。,喜忌只修正用户对功能的承载与摩擦，不可直接翻译为理想伴侣五行、十神或人格。,真合化成立时按化神功能重算用户需求；合化争议时停止细化伴侣画像。,近位提高该功能进入亲密关系核心的可能；远位只保留背景或情境性观察。,82,FM证据路由,similarity_complement_mode,仅命盘最高候选。,仅命盘最高候选。,不得仅凭本规则推出某个具体人必然适合、忠诚、成熟或长期稳定；不得推断职业、收入、外貌、家庭、生肖、五行；不得以命理要求容忍伤害、原谅、复合或继续关系。现实安全、持续行为、反例与双方意愿优先。,中高,待验证,,scoring_reporting=true; provisional=true; rule_group=PARTNER-评分报告,0.3
M5-PARTNER-429,日常场景最低要求,L9 评分、报告与校准,PARTNER-评分报告,通用,评分,日常场景最低要求,,SC01至少PV3。,PR0安全门控未通过时停止普通评分。,由共享基础引擎与M5-BASE提供；只修正用户需要何种伴侣功能，不直接推断现实对象成熟度。,由M2提供；夫妻星与准入证据只说明谁容易进入关系，不能替代伴侣长期能力验证。,由M3-BASE提供；日支只帮助确定用户亲密关系中的功能需求，不直接描述具体伴侣人格。,无／按本规则指定的伴侣行为、场景或匹配模式路由。,近位、远位只修正用户对某项功能的优先级；不得据此断定现实伴侣一定具备。,根气只修正用户功能需求是否稳定重复，不等于具体对象已经稳定做到。,旺弱只修正需求强度、风险敏感度或匹配模式，不直接等于伴侣能力质量。,喜忌只修正用户对功能的承载与摩擦，不可直接翻译为理想伴侣五行、十神或人格。,真合化成立时按化神功能重算用户需求；合化争议时停止细化伴侣画像。,近位提高该功能进入亲密关系核心的可能；远位只保留背景或情境性观察。,82,+6,daily_behavior_profile,没有日常重复不得写稳定。,没有日常重复不得写稳定。,不得仅凭本规则推出某个具体人必然适合、忠诚、成熟或长期稳定；不得推断职业、收入、外貌、家庭、生肖、五行；不得以命理要求容忍伤害、原谅、复合或继续关系。现实安全、持续行为、反例与双方意愿优先。,中高,待验证,,scoring_reporting=true; provisional=true; rule_group=PARTNER-评分报告,0.3
M5-PARTNER-430,压力场景最低要求,L9 评分、报告与校准,PARTNER-评分报告,通用,评分,压力场景最低要求,,SC04至少PV5。,PR0安全门控未通过时停止普通评分。,由共享基础引擎与M5-BASE提供；只修正用户需要何种伴侣功能，不直接推断现实对象成熟度。,由M2提供；夫妻星与准入证据只说明谁容易进入关系，不能替代伴侣长期能力验证。,由M3-BASE提供；日支只帮助确定用户亲密关系中的功能需求，不直接描述具体伴侣人格。,无／按本规则指定的伴侣行为、场景或匹配模式路由。,近位、远位只修正用户对某项功能的优先级；不得据此断定现实伴侣一定具备。,根气只修正用户功能需求是否稳定重复，不等于具体对象已经稳定做到。,旺弱只修正需求强度、风险敏感度或匹配模式，不直接等于伴侣能力质量。,喜忌只修正用户对功能的承载与摩擦，不可直接翻译为理想伴侣五行、十神或人格。,真合化成立时按化神功能重算用户需求；合化争议时停止细化伴侣画像。,近位提高该功能进入亲密关系核心的可能；远位只保留背景或情境性观察。,82,+10,stress_behavior_profile,没有压力资料不得写高压能力。,没有压力资料不得写高压能力。,不得仅凭本规则推出某个具体人必然适合、忠诚、成熟或长期稳定；不得推断职业、收入、外貌、家庭、生肖、五行；不得以命理要求容忍伤害、原谅、复合或继续关系。现实安全、持续行为、反例与双方意愿优先。,中高,待验证,,scoring_reporting=true; provisional=true; rule_group=PARTNER-评分报告,0.3
M5-PARTNER-431,修复场景最低要求,L9 评分、报告与校准,PARTNER-评分报告,通用,评分,修复场景最低要求,,SC07至少PV6。,PR0安全门控未通过时停止普通评分。,由共享基础引擎与M5-BASE提供；只修正用户需要何种伴侣功能，不直接推断现实对象成熟度。,由M2提供；夫妻星与准入证据只说明谁容易进入关系，不能替代伴侣长期能力验证。,由M3-BASE提供；日支只帮助确定用户亲密关系中的功能需求，不直接描述具体伴侣人格。,无／按本规则指定的伴侣行为、场景或匹配模式路由。,近位、远位只修正用户对某项功能的优先级；不得据此断定现实伴侣一定具备。,根气只修正用户功能需求是否稳定重复，不等于具体对象已经稳定做到。,旺弱只修正需求强度、风险敏感度或匹配模式，不直接等于伴侣能力质量。,喜忌只修正用户对功能的承载与摩擦，不可直接翻译为理想伴侣五行、十神或人格。,真合化成立时按化神功能重算用户需求；合化争议时停止细化伴侣画像。,近位提高该功能进入亲密关系核心的可能；远位只保留背景或情境性观察。,82,+12,repair_behavior_profile,没有RN07/RN08不得写稳定修复。,没有RN07/RN08不得写稳定修复。,不得仅凭本规则推出某个具体人必然适合、忠诚、成熟或长期稳定；不得推断职业、收入、外貌、家庭、生肖、五行；不得以命理要求容忍伤害、原谅、复合或继续关系。现实安全、持续行为、反例与双方意愿优先。,中高,待验证,,scoring_reporting=true; provisional=true; rule_group=PARTNER-评分报告,0.3
M5-PARTNER-432,观察计划生成,L9 评分、报告与校准,PARTNER-评分报告,通用,输出,观察计划生成,,PV不足或PS未定。,PR0安全门控未通过时停止普通评分。,由共享基础引擎与M5-BASE提供；只修正用户需要何种伴侣功能，不直接推断现实对象成熟度。,由M2提供；夫妻星与准入证据只说明谁容易进入关系，不能替代伴侣长期能力验证。,由M3-BASE提供；日支只帮助确定用户亲密关系中的功能需求，不直接描述具体伴侣人格。,无／按本规则指定的伴侣行为、场景或匹配模式路由。,近位、远位只修正用户对某项功能的优先级；不得据此断定现实伴侣一定具备。,根气只修正用户功能需求是否稳定重复，不等于具体对象已经稳定做到。,旺弱只修正需求强度、风险敏感度或匹配模式，不直接等于伴侣能力质量。,喜忌只修正用户对功能的承载与摩擦，不可直接翻译为理想伴侣五行、十神或人格。,真合化成立时按化神功能重算用户需求；合化争议时停止细化伴侣画像。,近位提高该功能进入亲密关系核心的可能；远位只保留背景或情境性观察。,82,不加分；输出,observation_plan,生成三项关键场景和行为。,生成三项关键场景和行为。,不得仅凭本规则推出某个具体人必然适合、忠诚、成熟或长期稳定；不得推断职业、收入、外貌、家庭、生肖、五行；不得以命理要求容忍伤害、原谅、复合或继续关系。现实安全、持续行为、反例与双方意愿优先。,中高,待验证,,scoring_reporting=true; provisional=true; rule_group=PARTNER-评分报告,0.3
M5-PARTNER-433,用户报告第一段,L9 评分、报告与校准,PARTNER-评分报告,通用,输出,用户报告第一段,,主FN完成。,PR0安全门控未通过时停止普通评分。,由共享基础引擎与M5-BASE提供；只修正用户需要何种伴侣功能，不直接推断现实对象成熟度。,由M2提供；夫妻星与准入证据只说明谁容易进入关系，不能替代伴侣长期能力验证。,由M3-BASE提供；日支只帮助确定用户亲密关系中的功能需求，不直接描述具体伴侣人格。,无／按本规则指定的伴侣行为、场景或匹配模式路由。,近位、远位只修正用户对某项功能的优先级；不得据此断定现实伴侣一定具备。,根气只修正用户功能需求是否稳定重复，不等于具体对象已经稳定做到。,旺弱只修正需求强度、风险敏感度或匹配模式，不直接等于伴侣能力质量。,喜忌只修正用户对功能的承载与摩擦，不可直接翻译为理想伴侣五行、十神或人格。,真合化成立时按化神功能重算用户需求；合化争议时停止细化伴侣画像。,近位提高该功能进入亲密关系核心的可能；远位只保留背景或情境性观察。,82,不加分,report_text,先写核心功能和可观察行为。,先写核心功能和可观察行为。,不得仅凭本规则推出某个具体人必然适合、忠诚、成熟或长期稳定；不得推断职业、收入、外貌、家庭、生肖、五行；不得以命理要求容忍伤害、原谅、复合或继续关系。现实安全、持续行为、反例与双方意愿优先。,中高,待验证,,scoring_reporting=true; provisional=true; rule_group=PARTNER-评分报告,0.3
M5-PARTNER-434,用户报告第二段,L9 评分、报告与校准,PARTNER-评分报告,通用,输出,用户报告第二段,,次FN或FM完成。,PR0安全门控未通过时停止普通评分。,由共享基础引擎与M5-BASE提供；只修正用户需要何种伴侣功能，不直接推断现实对象成熟度。,由M2提供；夫妻星与准入证据只说明谁容易进入关系，不能替代伴侣长期能力验证。,由M3-BASE提供；日支只帮助确定用户亲密关系中的功能需求，不直接描述具体伴侣人格。,无／按本规则指定的伴侣行为、场景或匹配模式路由。,近位、远位只修正用户对某项功能的优先级；不得据此断定现实伴侣一定具备。,根气只修正用户功能需求是否稳定重复，不等于具体对象已经稳定做到。,旺弱只修正需求强度、风险敏感度或匹配模式，不直接等于伴侣能力质量。,喜忌只修正用户对功能的承载与摩擦，不可直接翻译为理想伴侣五行、十神或人格。,真合化成立时按化神功能重算用户需求；合化争议时停止细化伴侣画像。,近位提高该功能进入亲密关系核心的可能；远位只保留背景或情境性观察。,82,不加分,report_text,写支持功能或匹配方式。,写支持功能或匹配方式。,不得仅凭本规则推出某个具体人必然适合、忠诚、成熟或长期稳定；不得推断职业、收入、外貌、家庭、生肖、五行；不得以命理要求容忍伤害、原谅、复合或继续关系。现实安全、持续行为、反例与双方意愿优先。,中高,待验证,,scoring_reporting=true; provisional=true; rule_group=PARTNER-评分报告,0.3
M5-PARTNER-435,用户报告第三段,L9 评分、报告与校准,PARTNER-评分报告,通用,输出,用户报告第三段,,PS与PM完成。,PR0安全门控未通过时停止普通评分。,由共享基础引擎与M5-BASE提供；只修正用户需要何种伴侣功能，不直接推断现实对象成熟度。,由M2提供；夫妻星与准入证据只说明谁容易进入关系，不能替代伴侣长期能力验证。,由M3-BASE提供；日支只帮助确定用户亲密关系中的功能需求，不直接描述具体伴侣人格。,无／按本规则指定的伴侣行为、场景或匹配模式路由。,近位、远位只修正用户对某项功能的优先级；不得据此断定现实伴侣一定具备。,根气只修正用户功能需求是否稳定重复，不等于具体对象已经稳定做到。,旺弱只修正需求强度、风险敏感度或匹配模式，不直接等于伴侣能力质量。,喜忌只修正用户对功能的承载与摩擦，不可直接翻译为理想伴侣五行、十神或人格。,真合化成立时按化神功能重算用户需求；合化争议时停止细化伴侣画像。,近位提高该功能进入亲密关系核心的可能；远位只保留背景或情境性观察。,82,不加分,report_text,写成熟标志与伪适配提醒。,写成熟标志与伪适配提醒。,不得仅凭本规则推出某个具体人必然适合、忠诚、成熟或长期稳定；不得推断职业、收入、外貌、家庭、生肖、五行；不得以命理要求容忍伤害、原谅、复合或继续关系。现实安全、持续行为、反例与双方意愿优先。,中高,待验证,,scoring_reporting=true; provisional=true; rule_group=PARTNER-评分报告,0.3
M5-PARTNER-436,用户报告第四段,L9 评分、报告与校准,PARTNER-评分报告,通用,输出,用户报告第四段,,PV和观察场景完成。,PR0安全门控未通过时停止普通评分。,由共享基础引擎与M5-BASE提供；只修正用户需要何种伴侣功能，不直接推断现实对象成熟度。,由M2提供；夫妻星与准入证据只说明谁容易进入关系，不能替代伴侣长期能力验证。,由M3-BASE提供；日支只帮助确定用户亲密关系中的功能需求，不直接描述具体伴侣人格。,无／按本规则指定的伴侣行为、场景或匹配模式路由。,近位、远位只修正用户对某项功能的优先级；不得据此断定现实伴侣一定具备。,根气只修正用户功能需求是否稳定重复，不等于具体对象已经稳定做到。,旺弱只修正需求强度、风险敏感度或匹配模式，不直接等于伴侣能力质量。,喜忌只修正用户对功能的承载与摩擦，不可直接翻译为理想伴侣五行、十神或人格。,真合化成立时按化神功能重算用户需求；合化争议时停止细化伴侣画像。,近位提高该功能进入亲密关系核心的可能；远位只保留背景或情境性观察。,82,不加分,report_text,写证据上限与下一步观察。,写证据上限与下一步观察。,不得仅凭本规则推出某个具体人必然适合、忠诚、成熟或长期稳定；不得推断职业、收入、外貌、家庭、生肖、五行；不得以命理要求容忍伤害、原谅、复合或继续关系。现实安全、持续行为、反例与双方意愿优先。,中高,待验证,,scoring_reporting=true; provisional=true; rule_group=PARTNER-评分报告,0.3
M5-PARTNER-437,正文密度限制,L9 评分、报告与校准,PARTNER-评分报告,通用,边界,正文密度限制,,生成最终文本。,PR0安全门控未通过时停止普通评分。,由共享基础引擎与M5-BASE提供；只修正用户需要何种伴侣功能，不直接推断现实对象成熟度。,由M2提供；夫妻星与准入证据只说明谁容易进入关系，不能替代伴侣长期能力验证。,由M3-BASE提供；日支只帮助确定用户亲密关系中的功能需求，不直接描述具体伴侣人格。,无／按本规则指定的伴侣行为、场景或匹配模式路由。,近位、远位只修正用户对某项功能的优先级；不得据此断定现实伴侣一定具备。,根气只修正用户功能需求是否稳定重复，不等于具体对象已经稳定做到。,旺弱只修正需求强度、风险敏感度或匹配模式，不直接等于伴侣能力质量。,喜忌只修正用户对功能的承载与摩擦，不可直接翻译为理想伴侣五行、十神或人格。,真合化成立时按化神功能重算用户需求；合化争议时停止细化伴侣画像。,近位提高该功能进入亲密关系核心的可能；远位只保留背景或情境性观察。,98,不加分,report_text,避免理想伴侣清单。,避免理想伴侣清单。,不得仅凭本规则推出某个具体人必然适合、忠诚、成熟或长期稳定；不得推断职业、收入、外貌、家庭、生肖、五行；不得以命理要求容忍伤害、原谅、复合或继续关系。现实安全、持续行为、反例与双方意愿优先。,高,待验证,,scoring_reporting=true; provisional=true; rule_group=PARTNER-评分报告,0.3
M5-PARTNER-438,案例冻结预测,L9 评分、报告与校准,PARTNER-评分报告,通用,校准,案例冻结预测,,分析真实对象前先冻结FN、PS、PV与PM预测。,PR0安全门控未通过时停止普通评分。,由共享基础引擎与M5-BASE提供；只修正用户需要何种伴侣功能，不直接推断现实对象成熟度。,由M2提供；夫妻星与准入证据只说明谁容易进入关系，不能替代伴侣长期能力验证。,由M3-BASE提供；日支只帮助确定用户亲密关系中的功能需求，不直接描述具体伴侣人格。,无／按本规则指定的伴侣行为、场景或匹配模式路由。,近位、远位只修正用户对某项功能的优先级；不得据此断定现实伴侣一定具备。,根气只修正用户功能需求是否稳定重复，不等于具体对象已经稳定做到。,旺弱只修正需求强度、风险敏感度或匹配模式，不直接等于伴侣能力质量。,喜忌只修正用户对功能的承载与摩擦，不可直接翻译为理想伴侣五行、十神或人格。,真合化成立时按化神功能重算用户需求；合化争议时停止细化伴侣画像。,近位提高该功能进入亲密关系核心的可能；远位只保留背景或情境性观察。,82,不加分,case_refs,防止事后挑选规则。,防止事后挑选规则。,不得仅凭本规则推出某个具体人必然适合、忠诚、成熟或长期稳定；不得推断职业、收入、外貌、家庭、生肖、五行；不得以命理要求容忍伤害、原谅、复合或继续关系。现实安全、持续行为、反例与双方意愿优先。,中高,待验证,,scoring_reporting=true; provisional=true; rule_group=PARTNER-评分报告,0.3
M5-PARTNER-439,案例反馈分字段记录,L9 评分、报告与校准,PARTNER-评分报告,通用,校准,案例反馈分字段记录,,分别记录日常、压力、冲突、修复和反例。,PR0安全门控未通过时停止普通评分。,由共享基础引擎与M5-BASE提供；只修正用户需要何种伴侣功能，不直接推断现实对象成熟度。,由M2提供；夫妻星与准入证据只说明谁容易进入关系，不能替代伴侣长期能力验证。,由M3-BASE提供；日支只帮助确定用户亲密关系中的功能需求，不直接描述具体伴侣人格。,无／按本规则指定的伴侣行为、场景或匹配模式路由。,近位、远位只修正用户对某项功能的优先级；不得据此断定现实伴侣一定具备。,根气只修正用户功能需求是否稳定重复，不等于具体对象已经稳定做到。,旺弱只修正需求强度、风险敏感度或匹配模式，不直接等于伴侣能力质量。,喜忌只修正用户对功能的承载与摩擦，不可直接翻译为理想伴侣五行、十神或人格。,真合化成立时按化神功能重算用户需求；合化争议时停止细化伴侣画像。,近位提高该功能进入亲密关系核心的可能；远位只保留背景或情境性观察。,82,不加分,case_refs,不使用“很准／不准”替代字段核验。,不使用“很准／不准”替代字段核验。,不得仅凭本规则推出某个具体人必然适合、忠诚、成熟或长期稳定；不得推断职业、收入、外貌、家庭、生肖、五行；不得以命理要求容忍伤害、原谅、复合或继续关系。现实安全、持续行为、反例与双方意愿优先。,中高,待验证,,scoring_reporting=true; provisional=true; rule_group=PARTNER-评分报告,0.3
M5-PARTNER-440,下一阶段路由M5-EXCHANGE,L9 评分、报告与校准,PARTNER-评分报告,通用,路由,下一阶段路由M5-EXCHANGE,,伴侣功能画像与观察计划完成。,PR0安全门控未通过时停止普通评分。,由共享基础引擎与M5-BASE提供；只修正用户需要何种伴侣功能，不直接推断现实对象成熟度。,由M2提供；夫妻星与准入证据只说明谁容易进入关系，不能替代伴侣长期能力验证。,由M3-BASE提供；日支只帮助确定用户亲密关系中的功能需求，不直接描述具体伴侣人格。,无／按本规则指定的伴侣行为、场景或匹配模式路由。,近位、远位只修正用户对某项功能的优先级；不得据此断定现实伴侣一定具备。,根气只修正用户功能需求是否稳定重复，不等于具体对象已经稳定做到。,旺弱只修正需求强度、风险敏感度或匹配模式，不直接等于伴侣能力质量。,喜忌只修正用户对功能的承载与摩擦，不可直接翻译为理想伴侣五行、十神或人格。,真合化成立时按化神功能重算用户需求；合化争议时停止细化伴侣画像。,近位提高该功能进入亲密关系核心的可能；远位只保留背景或情境性观察。,82,路由至M5-EXCHANGE,report_status,下一模块建立表达、支持、投入与双向交换结构。,下一模块建立表达、支持、投入与双向交换结构。,不得仅凭本规则推出某个具体人必然适合、忠诚、成熟或长期稳定；不得推断职业、收入、外貌、家庭、生肖、五行；不得以命理要求容忍伤害、原谅、复合或继续关系。现实安全、持续行为、反例与双方意愿优先。,中高,待验证,,scoring_reporting=true; provisional=true; rule_group=PARTNER-评分报告,0.3
