rule_id,rule_name,layer,module,applicable_group,rule_type,main_signal,secondary_signal,required_conditions,excluded_conditions,self_strength_status,spouse_star_status,palace_signal,flow_path,signal_position,root_status,strength_level,favorability,transformation_status,distance_level,priority,score_effect,output_slot,internal_logic,user_explanation,forbidden_inference,confidence_base,validation_status,case_refs,notes,version
M5-RHYTHM-001,M5-RHYTHM正式定义｜推进节奏、生活协同与关系气候,L0 定义、边界与证据合同,RHYTHM-定义边界,通用,定义,M5-RHYTHM模块规则,,M5-BASE、PARTNER、EXCHANGE、BOUND与REPAIR至少形成主需要或现实候选。,PR0安全门控未通过、具体关系资料完全缺失或基础状态争议。,由共享基础引擎、M2-TEMPO与M3功能模块提供；只修正用户能够承载怎样的推进、联系、共同时间、负荷与恢复节奏，不直接判断现实关系一定同步。,M2说明进入关系前的确认节奏；M5-RHYTHM只处理关系进入认真阶段以后，双方怎样持续协调推进与生活节奏。,M3-BASE、EXPR、CARE、BOUND、CONFLICT提供日常相处和状态通道；M5-RHYTHM负责把双方时间、负荷、联系、空间与恢复合成为长期节奏结构。,无／按本规则指定的提议—观察—同意—执行—反馈—调整—恢复路径路由。,近位、远位只修正某项节奏需求进入亲密关系核心的可能；不得据此判断具体对象现实中一定快、慢、黏、疏或稳定。,根气只修正节奏需求是否稳定重复，不等于双方现实节奏已成熟协调。,旺弱只修正某项推进、联系、共享、变化或恢复通道的调用强度，不直接等于适配质量。,喜忌只修正节奏调用顺畅度与摩擦，不可直接翻译为某种五行、十神或对象类型必然适合。,真合化成立时按化神功能重算节奏需要；合化争议时停止细化节奏画像。,近位提高该节奏议题进入关系核心的可能；远位只保留背景或阶段性观察。,100,不加分；定义／门控,report_status,本模块把推进、联系、共同时间、个人时间、生活负荷、亲密、压力与恢复组织成可持续的关系节奏。,这一部分不只看快或慢，而是看双方能否让推进、联系和现实生活长期协调。,不得仅凭本规则推出具体日期、交往时长、多久结婚、联系次数、见面频率或关系结果；不得把快等同冲动、慢等同冷淡、高频等同亲密、低频等同不爱。现实安全、双方同意、持续行为、生活条件、反例与协商优先。,高,待验证,,provisional=true; rule_group=RHYTHM-定义边界; M3_STATE_pending=true,0.7
M5-RHYTHM-002,M2-TEMPO与M5-RHYTHM严格分工,L0 定义、边界与证据合同,RHYTHM-定义边界,通用,边界,M5-RHYTHM模块规则,,同时使用M2-TEMPO和M5-RHYTHM。,把关系进入前的确认速度直接当成长期相处节奏。,由共享基础引擎、M2-TEMPO与M3功能模块提供；只修正用户能够承载怎样的推进、联系、共同时间、负荷与恢复节奏，不直接判断现实关系一定同步。,M2说明进入关系前的确认节奏；M5-RHYTHM只处理关系进入认真阶段以后，双方怎样持续协调推进与生活节奏。,M3-BASE、EXPR、CARE、BOUND、CONFLICT提供日常相处和状态通道；M5-RHYTHM负责把双方时间、负荷、联系、空间与恢复合成为长期节奏结构。,无／按本规则指定的提议—观察—同意—执行—反馈—调整—恢复路径路由。,近位、远位只修正某项节奏需求进入亲密关系核心的可能；不得据此判断具体对象现实中一定快、慢、黏、疏或稳定。,根气只修正节奏需求是否稳定重复，不等于双方现实节奏已成熟协调。,旺弱只修正某项推进、联系、共享、变化或恢复通道的调用强度，不直接等于适配质量。,喜忌只修正节奏调用顺畅度与摩擦，不可直接翻译为某种五行、十神或对象类型必然适合。,真合化成立时按化神功能重算节奏需要；合化争议时停止细化节奏画像。,近位提高该节奏议题进入关系核心的可能；远位只保留背景或阶段性观察。,100,不加分；定义／门控,m2_tempo_interface,M2-TEMPO回答进入关系需要怎样的证据过程；M5-RHYTHM回答进入认真阶段以后怎样持续协调。,你多快确认一个人，和关系建立后怎样安排日常，是两件不同的事。,不得仅凭本规则推出具体日期、交往时长、多久结婚、联系次数、见面频率或关系结果；不得把快等同冲动、慢等同冷淡、高频等同亲密、低频等同不爱。现实安全、双方同意、持续行为、生活条件、反例与协商优先。,高,待验证,,provisional=true; rule_group=RHYTHM-定义边界; M3_STATE_pending=true,0.7
M5-RHYTHM-003,节奏快慢不直接等于质量,L0 定义、边界与证据合同,RHYTHM-定义边界,通用,边界,M5-RHYTHM模块规则,,分析推进、联系、同居或承诺速度。,把快写成冲动、把慢写成冷淡或成熟。,由共享基础引擎、M2-TEMPO与M3功能模块提供；只修正用户能够承载怎样的推进、联系、共同时间、负荷与恢复节奏，不直接判断现实关系一定同步。,M2说明进入关系前的确认节奏；M5-RHYTHM只处理关系进入认真阶段以后，双方怎样持续协调推进与生活节奏。,M3-BASE、EXPR、CARE、BOUND、CONFLICT提供日常相处和状态通道；M5-RHYTHM负责把双方时间、负荷、联系、空间与恢复合成为长期节奏结构。,无／按本规则指定的提议—观察—同意—执行—反馈—调整—恢复路径路由。,近位、远位只修正某项节奏需求进入亲密关系核心的可能；不得据此判断具体对象现实中一定快、慢、黏、疏或稳定。,根气只修正节奏需求是否稳定重复，不等于双方现实节奏已成熟协调。,旺弱只修正某项推进、联系、共享、变化或恢复通道的调用强度，不直接等于适配质量。,喜忌只修正节奏调用顺畅度与摩擦，不可直接翻译为某种五行、十神或对象类型必然适合。,真合化成立时按化神功能重算节奏需要；合化争议时停止细化节奏画像。,近位提高该节奏议题进入关系核心的可能；远位只保留背景或阶段性观察。,100,不加分；定义／门控,rhythm_quality_boundary,质量取决于同意、可预测性、承载、责任与调整，而非单一速度。,快慢本身不是好坏，关键是双方是否同意并承受得住。,不得仅凭本规则推出具体日期、交往时长、多久结婚、联系次数、见面频率或关系结果；不得把快等同冲动、慢等同冷淡、高频等同亲密、低频等同不爱。现实安全、双方同意、持续行为、生活条件、反例与协商优先。,高,待验证,,provisional=true; rule_group=RHYTHM-定义边界; M3_STATE_pending=true,0.7
M5-RHYTHM-004,高频联系不等于高亲密,L0 定义、边界与证据合同,RHYTHM-定义边界,通用,边界,M5-RHYTHM模块规则,,消息、电话、见面或共同活动频繁。,由频率直接推出承诺、信任和适配。,由共享基础引擎、M2-TEMPO与M3功能模块提供；只修正用户能够承载怎样的推进、联系、共同时间、负荷与恢复节奏，不直接判断现实关系一定同步。,M2说明进入关系前的确认节奏；M5-RHYTHM只处理关系进入认真阶段以后，双方怎样持续协调推进与生活节奏。,M3-BASE、EXPR、CARE、BOUND、CONFLICT提供日常相处和状态通道；M5-RHYTHM负责把双方时间、负荷、联系、空间与恢复合成为长期节奏结构。,无／按本规则指定的提议—观察—同意—执行—反馈—调整—恢复路径路由。,近位、远位只修正某项节奏需求进入亲密关系核心的可能；不得据此判断具体对象现实中一定快、慢、黏、疏或稳定。,根气只修正节奏需求是否稳定重复，不等于双方现实节奏已成熟协调。,旺弱只修正某项推进、联系、共享、变化或恢复通道的调用强度，不直接等于适配质量。,喜忌只修正节奏调用顺畅度与摩擦，不可直接翻译为某种五行、十神或对象类型必然适合。,真合化成立时按化神功能重算节奏需要；合化争议时停止细化节奏画像。,近位提高该节奏议题进入关系核心的可能；远位只保留背景或阶段性观察。,100,不加分；定义／门控,contact_rhythm,高频需要继续检查可预测性、负荷、边界与长期持续。,联系很多可以带来亲密感，但不能替代承诺和现实承担。,不得仅凭本规则推出具体日期、交往时长、多久结婚、联系次数、见面频率或关系结果；不得把快等同冲动、慢等同冷淡、高频等同亲密、低频等同不爱。现实安全、双方同意、持续行为、生活条件、反例与协商优先。,高,待验证,,provisional=true; rule_group=RHYTHM-定义边界; M3_STATE_pending=true,0.7
M5-RHYTHM-005,低频联系不等于不爱或不投入,L0 定义、边界与证据合同,RHYTHM-定义边界,通用,边界,M5-RHYTHM模块规则,,联系、见面或亲密频率较低。,未检查最低连接、透明、计划和现实投入。,由共享基础引擎、M2-TEMPO与M3功能模块提供；只修正用户能够承载怎样的推进、联系、共同时间、负荷与恢复节奏，不直接判断现实关系一定同步。,M2说明进入关系前的确认节奏；M5-RHYTHM只处理关系进入认真阶段以后，双方怎样持续协调推进与生活节奏。,M3-BASE、EXPR、CARE、BOUND、CONFLICT提供日常相处和状态通道；M5-RHYTHM负责把双方时间、负荷、联系、空间与恢复合成为长期节奏结构。,无／按本规则指定的提议—观察—同意—执行—反馈—调整—恢复路径路由。,近位、远位只修正某项节奏需求进入亲密关系核心的可能；不得据此判断具体对象现实中一定快、慢、黏、疏或稳定。,根气只修正节奏需求是否稳定重复，不等于双方现实节奏已成熟协调。,旺弱只修正某项推进、联系、共享、变化或恢复通道的调用强度，不直接等于适配质量。,喜忌只修正节奏调用顺畅度与摩擦，不可直接翻译为某种五行、十神或对象类型必然适合。,真合化成立时按化神功能重算节奏需要；合化争议时停止细化节奏画像。,近位提高该节奏议题进入关系核心的可能；远位只保留背景或阶段性观察。,99,不加分；定义／门控,contact_rhythm,低频可在承诺清楚、回应稳定、计划透明时形成成熟节奏。,低频也可以稳定，关键是方向、回应和计划是否清楚。,不得仅凭本规则推出具体日期、交往时长、多久结婚、联系次数、见面频率或关系结果；不得把快等同冲动、慢等同冷淡、高频等同亲密、低频等同不爱。现实安全、双方同意、持续行为、生活条件、反例与协商优先。,高,待验证,,provisional=true; rule_group=RHYTHM-定义边界; M3_STATE_pending=true,0.7
M5-RHYTHM-006,共同时间不等于亲密质量,L0 定义、边界与证据合同,RHYTHM-定义边界,通用,边界,M5-RHYTHM模块规则,,相处时长、同居或共同活动很多。,把时间量直接当成连接、理解和适配。,由共享基础引擎、M2-TEMPO与M3功能模块提供；只修正用户能够承载怎样的推进、联系、共同时间、负荷与恢复节奏，不直接判断现实关系一定同步。,M2说明进入关系前的确认节奏；M5-RHYTHM只处理关系进入认真阶段以后，双方怎样持续协调推进与生活节奏。,M3-BASE、EXPR、CARE、BOUND、CONFLICT提供日常相处和状态通道；M5-RHYTHM负责把双方时间、负荷、联系、空间与恢复合成为长期节奏结构。,无／按本规则指定的提议—观察—同意—执行—反馈—调整—恢复路径路由。,近位、远位只修正某项节奏需求进入亲密关系核心的可能；不得据此判断具体对象现实中一定快、慢、黏、疏或稳定。,根气只修正节奏需求是否稳定重复，不等于双方现实节奏已成熟协调。,旺弱只修正某项推进、联系、共享、变化或恢复通道的调用强度，不直接等于适配质量。,喜忌只修正节奏调用顺畅度与摩擦，不可直接翻译为某种五行、十神或对象类型必然适合。,真合化成立时按化神功能重算节奏需要；合化争议时停止细化节奏画像。,近位提高该节奏议题进入关系核心的可能；远位只保留背景或阶段性观察。,99,不加分；定义／门控,shared_personal_time,共同时间需与互动质量、个人恢复、责任和边界共同判断。,在一起很久不代表连接一定好，也不能取消个人恢复时间。,不得仅凭本规则推出具体日期、交往时长、多久结婚、联系次数、见面频率或关系结果；不得把快等同冲动、慢等同冷淡、高频等同亲密、低频等同不爱。现实安全、双方同意、持续行为、生活条件、反例与协商优先。,高,待验证,,provisional=true; rule_group=RHYTHM-定义边界; M3_STATE_pending=true,0.7
M5-RHYTHM-007,节奏必须建立在双方同意上,L0 定义、边界与证据合同,RHYTHM-定义边界,通用,安全,M5-RHYTHM模块规则,,涉及推进、联系、亲密、同居、婚育或共同生活安排。,一方催促、施压、监控、惩罚降频或利用关系身份强迫同步。,由共享基础引擎、M2-TEMPO与M3功能模块提供；只修正用户能够承载怎样的推进、联系、共同时间、负荷与恢复节奏，不直接判断现实关系一定同步。,M2说明进入关系前的确认节奏；M5-RHYTHM只处理关系进入认真阶段以后，双方怎样持续协调推进与生活节奏。,M3-BASE、EXPR、CARE、BOUND、CONFLICT提供日常相处和状态通道；M5-RHYTHM负责把双方时间、负荷、联系、空间与恢复合成为长期节奏结构。,无／按本规则指定的提议—观察—同意—执行—反馈—调整—恢复路径路由。,近位、远位只修正某项节奏需求进入亲密关系核心的可能；不得据此判断具体对象现实中一定快、慢、黏、疏或稳定。,根气只修正节奏需求是否稳定重复，不等于双方现实节奏已成熟协调。,旺弱只修正某项推进、联系、共享、变化或恢复通道的调用强度，不直接等于适配质量。,喜忌只修正节奏调用顺畅度与摩擦，不可直接翻译为某种五行、十神或对象类型必然适合。,真合化成立时按化神功能重算节奏需要；合化争议时停止细化节奏画像。,近位提高该节奏议题进入关系核心的可能；远位只保留背景或阶段性观察。,99,不加分；定义／门控,rhythm_consent,任何加速、降频、靠近和亲密安排都需双方可拒绝、可调整。,关系节奏必须是双方同意的，不是由更积极或更强势的一方决定。,不得仅凭本规则推出具体日期、交往时长、多久结婚、联系次数、见面频率或关系结果；不得把快等同冲动、慢等同冷淡、高频等同亲密、低频等同不爱。现实安全、双方同意、持续行为、生活条件、反例与协商优先。,高,待验证,,provisional=true; rule_group=RHYTHM-定义边界; M3_STATE_pending=true,0.7
M5-RHYTHM-008,生活容量高于理想频率,L0 定义、边界与证据合同,RHYTHM-定义边界,通用,边界,M5-RHYTHM模块规则,,双方有工作、金钱、健康、家庭或照护负荷。,用理想联系和见面频率压过现实承载。,由共享基础引擎、M2-TEMPO与M3功能模块提供；只修正用户能够承载怎样的推进、联系、共同时间、负荷与恢复节奏，不直接判断现实关系一定同步。,M2说明进入关系前的确认节奏；M5-RHYTHM只处理关系进入认真阶段以后，双方怎样持续协调推进与生活节奏。,M3-BASE、EXPR、CARE、BOUND、CONFLICT提供日常相处和状态通道；M5-RHYTHM负责把双方时间、负荷、联系、空间与恢复合成为长期节奏结构。,无／按本规则指定的提议—观察—同意—执行—反馈—调整—恢复路径路由。,近位、远位只修正某项节奏需求进入亲密关系核心的可能；不得据此判断具体对象现实中一定快、慢、黏、疏或稳定。,根气只修正节奏需求是否稳定重复，不等于双方现实节奏已成熟协调。,旺弱只修正某项推进、联系、共享、变化或恢复通道的调用强度，不直接等于适配质量。,喜忌只修正节奏调用顺畅度与摩擦，不可直接翻译为某种五行、十神或对象类型必然适合。,真合化成立时按化神功能重算节奏需要；合化争议时停止细化节奏画像。,近位提高该节奏议题进入关系核心的可能；远位只保留背景或阶段性观察。,99,不加分；定义／门控,life_load_capacity,成熟节奏需与实际时间、精力、资源和恢复能力匹配。,真正能持续的节奏，必须符合双方现实生活容量。,不得仅凭本规则推出具体日期、交往时长、多久结婚、联系次数、见面频率或关系结果；不得把快等同冲动、慢等同冷淡、高频等同亲密、低频等同不爱。现实安全、双方同意、持续行为、生活条件、反例与协商优先。,高,待验证,,provisional=true; rule_group=RHYTHM-定义边界; M3_STATE_pending=true,0.7
M5-RHYTHM-009,阶段性节奏不等于永久模式,L0 定义、边界与证据合同,RHYTHM-定义边界,通用,边界,M5-RHYTHM模块规则,,项目、考试、疾病、家庭事件、异地或冲突阶段节奏变化。,用临时状态概括人格与长期关系。,由共享基础引擎、M2-TEMPO与M3功能模块提供；只修正用户能够承载怎样的推进、联系、共同时间、负荷与恢复节奏，不直接判断现实关系一定同步。,M2说明进入关系前的确认节奏；M5-RHYTHM只处理关系进入认真阶段以后，双方怎样持续协调推进与生活节奏。,M3-BASE、EXPR、CARE、BOUND、CONFLICT提供日常相处和状态通道；M5-RHYTHM负责把双方时间、负荷、联系、空间与恢复合成为长期节奏结构。,无／按本规则指定的提议—观察—同意—执行—反馈—调整—恢复路径路由。,近位、远位只修正某项节奏需求进入亲密关系核心的可能；不得据此判断具体对象现实中一定快、慢、黏、疏或稳定。,根气只修正节奏需求是否稳定重复，不等于双方现实节奏已成熟协调。,旺弱只修正某项推进、联系、共享、变化或恢复通道的调用强度，不直接等于适配质量。,喜忌只修正节奏调用顺畅度与摩擦，不可直接翻译为某种五行、十神或对象类型必然适合。,真合化成立时按化神功能重算节奏需要；合化争议时停止细化节奏画像。,近位提高该节奏议题进入关系核心的可能；远位只保留背景或阶段性观察。,99,不加分；定义／门控,phase_profile,区分临时规则、结束条件、恢复路径与常态。,压力期的安排需要单独看，不能直接概括整段关系。,不得仅凭本规则推出具体日期、交往时长、多久结婚、联系次数、见面频率或关系结果；不得把快等同冲动、慢等同冷淡、高频等同亲密、低频等同不爱。现实安全、双方同意、持续行为、生活条件、反例与协商优先。,高,待验证,,provisional=true; rule_group=RHYTHM-定义边界; M3_STATE_pending=true,0.7
M5-RHYTHM-010,恢复节奏与日常节奏分开,L0 定义、边界与证据合同,RHYTHM-定义边界,通用,边界,M5-RHYTHM模块规则,,压力、冲突或距离事件已经结束。,要求立即恢复原联系、亲密和共同时间。,由共享基础引擎、M2-TEMPO与M3功能模块提供；只修正用户能够承载怎样的推进、联系、共同时间、负荷与恢复节奏，不直接判断现实关系一定同步。,M2说明进入关系前的确认节奏；M5-RHYTHM只处理关系进入认真阶段以后，双方怎样持续协调推进与生活节奏。,M3-BASE、EXPR、CARE、BOUND、CONFLICT提供日常相处和状态通道；M5-RHYTHM负责把双方时间、负荷、联系、空间与恢复合成为长期节奏结构。,无／按本规则指定的提议—观察—同意—执行—反馈—调整—恢复路径路由。,近位、远位只修正某项节奏需求进入亲密关系核心的可能；不得据此判断具体对象现实中一定快、慢、黏、疏或稳定。,根气只修正节奏需求是否稳定重复，不等于双方现实节奏已成熟协调。,旺弱只修正某项推进、联系、共享、变化或恢复通道的调用强度，不直接等于适配质量。,喜忌只修正节奏调用顺畅度与摩擦，不可直接翻译为某种五行、十神或对象类型必然适合。,真合化成立时按化神功能重算节奏需要；合化争议时停止细化节奏画像。,近位提高该节奏议题进入关系核心的可能；远位只保留背景或阶段性观察。,98,不加分；定义／门控,recovery_rhythm,恢复应分阶段，分别处理联系、合作、亲密、信任与共同计划。,问题结束不代表所有节奏会立刻恢复。,不得仅凭本规则推出具体日期、交往时长、多久结婚、联系次数、见面频率或关系结果；不得把快等同冲动、慢等同冷淡、高频等同亲密、低频等同不爱。现实安全、双方同意、持续行为、生活条件、反例与协商优先。,高,待验证,,provisional=true; rule_group=RHYTHM-定义边界; M3_STATE_pending=true,0.7
M5-RHYTHM-011,M3描述个人节奏惯性｜M5判断双方协同,L0 定义、边界与证据合同,RHYTHM-定义边界,通用,接口,M5-RHYTHM模块规则,,M3各功能模块结果可用。,用用户个人惯性直接推断双方长期节奏。,由共享基础引擎、M2-TEMPO与M3功能模块提供；只修正用户能够承载怎样的推进、联系、共同时间、负荷与恢复节奏，不直接判断现实关系一定同步。,M2说明进入关系前的确认节奏；M5-RHYTHM只处理关系进入认真阶段以后，双方怎样持续协调推进与生活节奏。,M3-BASE、EXPR、CARE、BOUND、CONFLICT提供日常相处和状态通道；M5-RHYTHM负责把双方时间、负荷、联系、空间与恢复合成为长期节奏结构。,无／按本规则指定的提议—观察—同意—执行—反馈—调整—恢复路径路由。,近位、远位只修正某项节奏需求进入亲密关系核心的可能；不得据此判断具体对象现实中一定快、慢、黏、疏或稳定。,根气只修正节奏需求是否稳定重复，不等于双方现实节奏已成熟协调。,旺弱只修正某项推进、联系、共享、变化或恢复通道的调用强度，不直接等于适配质量。,喜忌只修正节奏调用顺畅度与摩擦，不可直接翻译为某种五行、十神或对象类型必然适合。,真合化成立时按化神功能重算节奏需要；合化争议时停止细化节奏画像。,近位提高该节奏议题进入关系核心的可能；远位只保留背景或阶段性观察。,98,不加分；定义／门控,m3_rhythm_interface,M3提供用户自然表达、付出、边界和冲突节奏；M5加入对方、生活条件与共同协议。,知道你习惯怎样相处只是第一步，还要看双方能不能协调。,不得仅凭本规则推出具体日期、交往时长、多久结婚、联系次数、见面频率或关系结果；不得把快等同冲动、慢等同冷淡、高频等同亲密、低频等同不爱。现实安全、双方同意、持续行为、生活条件、反例与协商优先。,高,待验证,,provisional=true; rule_group=RHYTHM-定义边界; M3_STATE_pending=true,0.7
M5-RHYTHM-012,M4触发状态不等于长期节奏,L0 定义、边界与证据合同,RHYTHM-定义边界,通用,接口,M5-RHYTHM模块规则,,M4-TRIGGER、LOOP或REPAIR结果可用。,把高压反应、循环和修复卡点当成全部关系气候。,由共享基础引擎、M2-TEMPO与M3功能模块提供；只修正用户能够承载怎样的推进、联系、共同时间、负荷与恢复节奏，不直接判断现实关系一定同步。,M2说明进入关系前的确认节奏；M5-RHYTHM只处理关系进入认真阶段以后，双方怎样持续协调推进与生活节奏。,M3-BASE、EXPR、CARE、BOUND、CONFLICT提供日常相处和状态通道；M5-RHYTHM负责把双方时间、负荷、联系、空间与恢复合成为长期节奏结构。,无／按本规则指定的提议—观察—同意—执行—反馈—调整—恢复路径路由。,近位、远位只修正某项节奏需求进入亲密关系核心的可能；不得据此判断具体对象现实中一定快、慢、黏、疏或稳定。,根气只修正节奏需求是否稳定重复，不等于双方现实节奏已成熟协调。,旺弱只修正某项推进、联系、共享、变化或恢复通道的调用强度，不直接等于适配质量。,喜忌只修正节奏调用顺畅度与摩擦，不可直接翻译为某种五行、十神或对象类型必然适合。,真合化成立时按化神功能重算节奏需要；合化争议时停止细化节奏画像。,近位提高该节奏议题进入关系核心的可能；远位只保留背景或阶段性观察。,98,不加分；定义／门控,m4_rhythm_interface,M4提供压力与循环路由；M5建立临时节奏、恢复与中断条件。,压力下的反应需要被纳入节奏，但不能代表全部日常。,不得仅凭本规则推出具体日期、交往时长、多久结婚、联系次数、见面频率或关系结果；不得把快等同冲动、慢等同冷淡、高频等同亲密、低频等同不爱。现实安全、双方同意、持续行为、生活条件、反例与协商优先。,高,待验证,,provisional=true; rule_group=RHYTHM-定义边界; M3_STATE_pending=true,0.7
M5-RHYTHM-013,M5-EXCHANGE提供时间与负荷接口,L0 定义、边界与证据合同,RHYTHM-定义边界,通用,接口,M5-RHYTHM模块规则,,EXCHANGE的ED、EM、XR、XV可用。,把交换成熟直接写成节奏成熟。,由共享基础引擎、M2-TEMPO与M3功能模块提供；只修正用户能够承载怎样的推进、联系、共同时间、负荷与恢复节奏，不直接判断现实关系一定同步。,M2说明进入关系前的确认节奏；M5-RHYTHM只处理关系进入认真阶段以后，双方怎样持续协调推进与生活节奏。,M3-BASE、EXPR、CARE、BOUND、CONFLICT提供日常相处和状态通道；M5-RHYTHM负责把双方时间、负荷、联系、空间与恢复合成为长期节奏结构。,无／按本规则指定的提议—观察—同意—执行—反馈—调整—恢复路径路由。,近位、远位只修正某项节奏需求进入亲密关系核心的可能；不得据此判断具体对象现实中一定快、慢、黏、疏或稳定。,根气只修正节奏需求是否稳定重复，不等于双方现实节奏已成熟协调。,旺弱只修正某项推进、联系、共享、变化或恢复通道的调用强度，不直接等于适配质量。,喜忌只修正节奏调用顺畅度与摩擦，不可直接翻译为某种五行、十神或对象类型必然适合。,真合化成立时按化神功能重算节奏需要；合化争议时停止细化节奏画像。,近位提高该节奏议题进入关系核心的可能；远位只保留背景或阶段性观察。,98,不加分；定义／门控,exchange_rhythm_interface,EXCHANGE说明谁承担什么；RHYTHM继续判断这些负荷在时间上是否可持续。,分工看负荷，节奏还要看多久、何时变化和怎样恢复。,不得仅凭本规则推出具体日期、交往时长、多久结婚、联系次数、见面频率或关系结果；不得把快等同冲动、慢等同冷淡、高频等同亲密、低频等同不爱。现实安全、双方同意、持续行为、生活条件、反例与协商优先。,高,待验证,,provisional=true; rule_group=RHYTHM-定义边界; M3_STATE_pending=true,0.7
M5-RHYTHM-014,M5-BOUND提供个人与共同时间边界,L0 定义、边界与证据合同,RHYTHM-定义边界,通用,接口,M5-RHYTHM模块规则,,BOUND的BC、BM、BS、BV可用。,把边界清楚直接写成节奏协调。,由共享基础引擎、M2-TEMPO与M3功能模块提供；只修正用户能够承载怎样的推进、联系、共同时间、负荷与恢复节奏，不直接判断现实关系一定同步。,M2说明进入关系前的确认节奏；M5-RHYTHM只处理关系进入认真阶段以后，双方怎样持续协调推进与生活节奏。,M3-BASE、EXPR、CARE、BOUND、CONFLICT提供日常相处和状态通道；M5-RHYTHM负责把双方时间、负荷、联系、空间与恢复合成为长期节奏结构。,无／按本规则指定的提议—观察—同意—执行—反馈—调整—恢复路径路由。,近位、远位只修正某项节奏需求进入亲密关系核心的可能；不得据此判断具体对象现实中一定快、慢、黏、疏或稳定。,根气只修正节奏需求是否稳定重复，不等于双方现实节奏已成熟协调。,旺弱只修正某项推进、联系、共享、变化或恢复通道的调用强度，不直接等于适配质量。,喜忌只修正节奏调用顺畅度与摩擦，不可直接翻译为某种五行、十神或对象类型必然适合。,真合化成立时按化神功能重算节奏需要；合化争议时停止细化节奏画像。,近位提高该节奏议题进入关系核心的可能；远位只保留背景或阶段性观察。,98,不加分；定义／门控,bound_rhythm_interface,BOUND提供同意、个人时间和共同决定；RHYTHM继续判断实际频率和阶段变化。,空间规则清楚以后，还要看双方现实中能否按这个节奏运行。,不得仅凭本规则推出具体日期、交往时长、多久结婚、联系次数、见面频率或关系结果；不得把快等同冲动、慢等同冷淡、高频等同亲密、低频等同不爱。现实安全、双方同意、持续行为、生活条件、反例与协商优先。,高,待验证,,provisional=true; rule_group=RHYTHM-定义边界; M3_STATE_pending=true,0.7
M5-RHYTHM-015,M5-REPAIR提供恢复时钟接口,L0 定义、边界与证据合同,RHYTHM-定义边界,通用,接口,M5-RHYTHM模块规则,,REPAIR的RA、RT、FV、RO09、RO10可用。,把修复完成直接写成所有节奏恢复。,由共享基础引擎、M2-TEMPO与M3功能模块提供；只修正用户能够承载怎样的推进、联系、共同时间、负荷与恢复节奏，不直接判断现实关系一定同步。,M2说明进入关系前的确认节奏；M5-RHYTHM只处理关系进入认真阶段以后，双方怎样持续协调推进与生活节奏。,M3-BASE、EXPR、CARE、BOUND、CONFLICT提供日常相处和状态通道；M5-RHYTHM负责把双方时间、负荷、联系、空间与恢复合成为长期节奏结构。,无／按本规则指定的提议—观察—同意—执行—反馈—调整—恢复路径路由。,近位、远位只修正某项节奏需求进入亲密关系核心的可能；不得据此判断具体对象现实中一定快、慢、黏、疏或稳定。,根气只修正节奏需求是否稳定重复，不等于双方现实节奏已成熟协调。,旺弱只修正某项推进、联系、共享、变化或恢复通道的调用强度，不直接等于适配质量。,喜忌只修正节奏调用顺畅度与摩擦，不可直接翻译为某种五行、十神或对象类型必然适合。,真合化成立时按化神功能重算节奏需要；合化争议时停止细化节奏画像。,近位提高该节奏议题进入关系核心的可能；远位只保留背景或阶段性观察。,97,不加分；定义／门控,repair_rhythm_interface,修复提供重新开放条件；RHYTHM按联系、任务、亲密与信任分别恢复。,修复以后，联系、亲密和信任可以用不同速度恢复。,不得仅凭本规则推出具体日期、交往时长、多久结婚、联系次数、见面频率或关系结果；不得把快等同冲动、慢等同冷淡、高频等同亲密、低频等同不爱。现实安全、双方同意、持续行为、生活条件、反例与协商优先。,高,待验证,,provisional=true; rule_group=RHYTHM-定义边界; M3_STATE_pending=true,0.7
M5-RHYTHM-016,具体日期与次数不可由命盘推出,L0 定义、边界与证据合同,RHYTHM-定义边界,通用,边界,M5-RHYTHM模块规则,,准备输出多久确认、多久结婚、每天联系几次或暂停多久。,没有现实协议和日历资料。,由共享基础引擎、M2-TEMPO与M3功能模块提供；只修正用户能够承载怎样的推进、联系、共同时间、负荷与恢复节奏，不直接判断现实关系一定同步。,M2说明进入关系前的确认节奏；M5-RHYTHM只处理关系进入认真阶段以后，双方怎样持续协调推进与生活节奏。,M3-BASE、EXPR、CARE、BOUND、CONFLICT提供日常相处和状态通道；M5-RHYTHM负责把双方时间、负荷、联系、空间与恢复合成为长期节奏结构。,无／按本规则指定的提议—观察—同意—执行—反馈—调整—恢复路径路由。,近位、远位只修正某项节奏需求进入亲密关系核心的可能；不得据此判断具体对象现实中一定快、慢、黏、疏或稳定。,根气只修正节奏需求是否稳定重复，不等于双方现实节奏已成熟协调。,旺弱只修正某项推进、联系、共享、变化或恢复通道的调用强度，不直接等于适配质量。,喜忌只修正节奏调用顺畅度与摩擦，不可直接翻译为某种五行、十神或对象类型必然适合。,真合化成立时按化神功能重算节奏需要；合化争议时停止细化节奏画像。,近位提高该节奏议题进入关系核心的可能；远位只保留背景或阶段性观察。,97,不加分；定义／门控,time_precision_boundary,模型只输出证据轮次、相对节奏、阶段与调整机制。,八字不能精确告诉你每天联系几次或多久必须进入下一阶段。,不得仅凭本规则推出具体日期、交往时长、多久结婚、联系次数、见面频率或关系结果；不得把快等同冲动、慢等同冷淡、高频等同亲密、低频等同不爱。现实安全、双方同意、持续行为、生活条件、反例与协商优先。,高,待验证,,provisional=true; rule_group=RHYTHM-定义边界; M3_STATE_pending=true,0.7
M5-RHYTHM-017,同一source_id只计一次基础权重,L0 定义、边界与证据合同,RHYTHM-定义边界,通用,去重,M5-RHYTHM模块规则,,同一命盘事实被多个模块读取。,重复增加独立证据数。,由共享基础引擎、M2-TEMPO与M3功能模块提供；只修正用户能够承载怎样的推进、联系、共同时间、负荷与恢复节奏，不直接判断现实关系一定同步。,M2说明进入关系前的确认节奏；M5-RHYTHM只处理关系进入认真阶段以后，双方怎样持续协调推进与生活节奏。,M3-BASE、EXPR、CARE、BOUND、CONFLICT提供日常相处和状态通道；M5-RHYTHM负责把双方时间、负荷、联系、空间与恢复合成为长期节奏结构。,无／按本规则指定的提议—观察—同意—执行—反馈—调整—恢复路径路由。,近位、远位只修正某项节奏需求进入亲密关系核心的可能；不得据此判断具体对象现实中一定快、慢、黏、疏或稳定。,根气只修正节奏需求是否稳定重复，不等于双方现实节奏已成熟协调。,旺弱只修正某项推进、联系、共享、变化或恢复通道的调用强度，不直接等于适配质量。,喜忌只修正节奏调用顺畅度与摩擦，不可直接翻译为某种五行、十神或对象类型必然适合。,真合化成立时按化神功能重算节奏需要；合化争议时停止细化节奏画像。,近位提高该节奏议题进入关系核心的可能；远位只保留背景或阶段性观察。,97,不加分；定义／门控,provenance,允许多角度解释，基础事实只计一次。,同一个命理事实不会因为被解释多次就变成多份证据。,不得仅凭本规则推出具体日期、交往时长、多久结婚、联系次数、见面频率或关系结果；不得把快等同冲动、慢等同冷淡、高频等同亲密、低频等同不爱。现实安全、双方同意、持续行为、生活条件、反例与协商优先。,高,待验证,,provisional=true; rule_group=RHYTHM-定义边界; M3_STATE_pending=true,0.7
M5-RHYTHM-018,同一event_id只算一次节奏事件,L0 定义、边界与证据合同,RHYTHM-定义边界,通用,去重,M5-RHYTHM模块规则,,一次降频、推进、异地、压力或恢复事件支持多个字段。,把同一事件拆成多个现实事件。,由共享基础引擎、M2-TEMPO与M3功能模块提供；只修正用户能够承载怎样的推进、联系、共同时间、负荷与恢复节奏，不直接判断现实关系一定同步。,M2说明进入关系前的确认节奏；M5-RHYTHM只处理关系进入认真阶段以后，双方怎样持续协调推进与生活节奏。,M3-BASE、EXPR、CARE、BOUND、CONFLICT提供日常相处和状态通道；M5-RHYTHM负责把双方时间、负荷、联系、空间与恢复合成为长期节奏结构。,无／按本规则指定的提议—观察—同意—执行—反馈—调整—恢复路径路由。,近位、远位只修正某项节奏需求进入亲密关系核心的可能；不得据此判断具体对象现实中一定快、慢、黏、疏或稳定。,根气只修正节奏需求是否稳定重复，不等于双方现实节奏已成熟协调。,旺弱只修正某项推进、联系、共享、变化或恢复通道的调用强度，不直接等于适配质量。,喜忌只修正节奏调用顺畅度与摩擦，不可直接翻译为某种五行、十神或对象类型必然适合。,真合化成立时按化神功能重算节奏需要；合化争议时停止细化节奏画像。,近位提高该节奏议题进入关系核心的可能；远位只保留背景或阶段性观察。,97,不加分；定义／门控,provenance,一个事件可支持多个HO、HD、PH或HP，但事件数量只计一次。,同一段变化可以说明很多方面，但仍然只是一段事件。,不得仅凭本规则推出具体日期、交往时长、多久结婚、联系次数、见面频率或关系结果；不得把快等同冲动、慢等同冷淡、高频等同亲密、低频等同不爱。现实安全、双方同意、持续行为、生活条件、反例与协商优先。,高,待验证,,provisional=true; rule_group=RHYTHM-定义边界; M3_STATE_pending=true,0.7
M5-RHYTHM-019,正文限制一个主节奏结构,L0 定义、边界与证据合同,RHYTHM-定义边界,通用,输出,M5-RHYTHM模块规则,,多个HC、HM、HD、PH与HS候选并存。,把所有理想频率和阶段写成清单。,由共享基础引擎、M2-TEMPO与M3功能模块提供；只修正用户能够承载怎样的推进、联系、共同时间、负荷与恢复节奏，不直接判断现实关系一定同步。,M2说明进入关系前的确认节奏；M5-RHYTHM只处理关系进入认真阶段以后，双方怎样持续协调推进与生活节奏。,M3-BASE、EXPR、CARE、BOUND、CONFLICT提供日常相处和状态通道；M5-RHYTHM负责把双方时间、负荷、联系、空间与恢复合成为长期节奏结构。,无／按本规则指定的提议—观察—同意—执行—反馈—调整—恢复路径路由。,近位、远位只修正某项节奏需求进入亲密关系核心的可能；不得据此判断具体对象现实中一定快、慢、黏、疏或稳定。,根气只修正节奏需求是否稳定重复，不等于双方现实节奏已成熟协调。,旺弱只修正某项推进、联系、共享、变化或恢复通道的调用强度，不直接等于适配质量。,喜忌只修正节奏调用顺畅度与摩擦，不可直接翻译为某种五行、十神或对象类型必然适合。,真合化成立时按化神功能重算节奏需要；合化争议时停止细化节奏画像。,近位提高该节奏议题进入关系核心的可能；远位只保留背景或阶段性观察。,97,不加分；定义／门控,report_text,正文最多一个主通道、一个次通道、一种模式、一个状态和一个关键领域。,先抓最关键的节奏结构，不把所有频率要求堆在一起。,不得仅凭本规则推出具体日期、交往时长、多久结婚、联系次数、见面频率或关系结果；不得把快等同冲动、慢等同冷淡、高频等同亲密、低频等同不爱。现实安全、双方同意、持续行为、生活条件、反例与协商优先。,高,待验证,,provisional=true; rule_group=RHYTHM-定义边界; M3_STATE_pending=true,0.7
M5-RHYTHM-020,版本与验证状态｜全部规则暂定,L0 定义、边界与证据合同,RHYTHM-定义边界,通用,版本,M5-RHYTHM模块规则,,使用V0.7规则。,把工程分值、规则数量或模型结论解释成统计概率。,由共享基础引擎、M2-TEMPO与M3功能模块提供；只修正用户能够承载怎样的推进、联系、共同时间、负荷与恢复节奏，不直接判断现实关系一定同步。,M2说明进入关系前的确认节奏；M5-RHYTHM只处理关系进入认真阶段以后，双方怎样持续协调推进与生活节奏。,M3-BASE、EXPR、CARE、BOUND、CONFLICT提供日常相处和状态通道；M5-RHYTHM负责把双方时间、负荷、联系、空间与恢复合成为长期节奏结构。,无／按本规则指定的提议—观察—同意—执行—反馈—调整—恢复路径路由。,近位、远位只修正某项节奏需求进入亲密关系核心的可能；不得据此判断具体对象现实中一定快、慢、黏、疏或稳定。,根气只修正节奏需求是否稳定重复，不等于双方现实节奏已成熟协调。,旺弱只修正某项推进、联系、共享、变化或恢复通道的调用强度，不直接等于适配质量。,喜忌只修正节奏调用顺畅度与摩擦，不可直接翻译为某种五行、十神或对象类型必然适合。,真合化成立时按化神功能重算节奏需要；合化争议时停止细化节奏画像。,近位提高该节奏议题进入关系核心的可能；远位只保留背景或阶段性观察。,96,不加分；定义／门控,boundary_note,本版用于结构化分析和案例校准；M3-STATE尚未完成。,这些是待验证的分析框架，不是关系成功概率。,不得仅凭本规则推出具体日期、交往时长、多久结婚、联系次数、见面频率或关系结果；不得把快等同冲动、慢等同冷淡、高频等同亲密、低频等同不爱。现实安全、双方同意、持续行为、生活条件、反例与协商优先。,高,待验证,,provisional=true; rule_group=RHYTHM-定义边界; M3_STATE_pending=true,0.7
M5-RHYTHM-021,HC01 同步自主节奏｜通道定义,L1 十类关系节奏通道,RHYTHM-HC通道,通用,基础,HC01 同步自主节奏,比肩,M5-BASE或上游模块将对应FN路由为主／次节奏功能。,PR0安全门控未通过或该功能只属PR3且与主风险冲突。,由共享基础引擎、M2-TEMPO与M3功能模块提供；只修正用户能够承载怎样的推进、联系、共同时间、负荷与恢复节奏，不直接判断现实关系一定同步。,M2说明进入关系前的确认节奏；M5-RHYTHM只处理关系进入认真阶段以后，双方怎样持续协调推进与生活节奏。,M3-BASE、EXPR、CARE、BOUND、CONFLICT提供日常相处和状态通道；M5-RHYTHM负责把双方时间、负荷、联系、空间与恢复合成为长期节奏结构。,无／按本规则指定的提议—观察—同意—执行—反馈—调整—恢复路径路由。,近位、远位只修正某项节奏需求进入亲密关系核心的可能；不得据此判断具体对象现实中一定快、慢、黏、疏或稳定。,根气只修正节奏需求是否稳定重复，不等于双方现实节奏已成熟协调。,旺弱只修正某项推进、联系、共享、变化或恢复通道的调用强度，不直接等于适配质量。,喜忌只修正节奏调用顺畅度与摩擦，不可直接翻译为某种五行、十神或对象类型必然适合。,真合化成立时按化神功能重算节奏需要；合化争议时停止细化节奏画像。,近位提高该节奏议题进入关系核心的可能；远位只保留背景或阶段性观察。,94,主通道候选 +20,primary_rhythm_channel,HC01 同步自主节奏将比肩功能转译为双人节奏通道。,适合你的节奏不是完全同步，而是双方都有自主，也有稳定的共同连接。,不得仅凭本规则推出具体日期、交往时长、多久结婚、联系次数、见面频率或关系结果；不得把快等同冲动、慢等同冷淡、高频等同亲密、低频等同不爱。现实安全、双方同意、持续行为、生活条件、反例与协商优先。,中高,待验证,,rhythm_channel=HC01; ten_god=比肩; provisional=true; rule_group=RHYTHM-HC通道; M3_STATE_pending=true,0.7
M5-RHYTHM-022,HC01 同步自主节奏｜推进阶段行为,L1 十类关系节奏通道,RHYTHM-HC通道,通用,推进,HC01 同步自主节奏,比肩,存在关系阶段、承诺或里程碑资料。,用外部进展替代双方内部同意。,由共享基础引擎、M2-TEMPO与M3功能模块提供；只修正用户能够承载怎样的推进、联系、共同时间、负荷与恢复节奏，不直接判断现实关系一定同步。,M2说明进入关系前的确认节奏；M5-RHYTHM只处理关系进入认真阶段以后，双方怎样持续协调推进与生活节奏。,M3-BASE、EXPR、CARE、BOUND、CONFLICT提供日常相处和状态通道；M5-RHYTHM负责把双方时间、负荷、联系、空间与恢复合成为长期节奏结构。,无／按本规则指定的提议—观察—同意—执行—反馈—调整—恢复路径路由。,近位、远位只修正某项节奏需求进入亲密关系核心的可能；不得据此判断具体对象现实中一定快、慢、黏、疏或稳定。,根气只修正节奏需求是否稳定重复，不等于双方现实节奏已成熟协调。,旺弱只修正某项推进、联系、共享、变化或恢复通道的调用强度，不直接等于适配质量。,喜忌只修正节奏调用顺畅度与摩擦，不可直接翻译为某种五行、十神或对象类型必然适合。,真合化成立时按化神功能重算节奏需要；合化争议时停止细化节奏画像。,近位提高该节奏议题进入关系核心的可能；远位只保留背景或阶段性观察。,86,+10 推进证据,progression_rhythm,推进关系时重视双方同意和参与，不因一方更积极就自动加速。,推进方面需要：推进关系时重视双方同意和参与，不因一方更积极就自动加速。,不得仅凭本规则推出具体日期、交往时长、多久结婚、联系次数、见面频率或关系结果；不得把快等同冲动、慢等同冷淡、高频等同亲密、低频等同不爱。现实安全、双方同意、持续行为、生活条件、反例与协商优先。,中高,待验证,,rhythm_channel=HC01; ten_god=比肩; provisional=true; rule_group=RHYTHM-HC通道; M3_STATE_pending=true,0.7
M5-RHYTHM-023,HC01 同步自主节奏｜联系频率行为,L1 十类关系节奏通道,RHYTHM-HC通道,通用,联系,HC01 同步自主节奏,比肩,存在消息、电话、见面或回应资料。,只凭绝对次数判断质量。,由共享基础引擎、M2-TEMPO与M3功能模块提供；只修正用户能够承载怎样的推进、联系、共同时间、负荷与恢复节奏，不直接判断现实关系一定同步。,M2说明进入关系前的确认节奏；M5-RHYTHM只处理关系进入认真阶段以后，双方怎样持续协调推进与生活节奏。,M3-BASE、EXPR、CARE、BOUND、CONFLICT提供日常相处和状态通道；M5-RHYTHM负责把双方时间、负荷、联系、空间与恢复合成为长期节奏结构。,无／按本规则指定的提议—观察—同意—执行—反馈—调整—恢复路径路由。,近位、远位只修正某项节奏需求进入亲密关系核心的可能；不得据此判断具体对象现实中一定快、慢、黏、疏或稳定。,根气只修正节奏需求是否稳定重复，不等于双方现实节奏已成熟协调。,旺弱只修正某项推进、联系、共享、变化或恢复通道的调用强度，不直接等于适配质量。,喜忌只修正节奏调用顺畅度与摩擦，不可直接翻译为某种五行、十神或对象类型必然适合。,真合化成立时按化神功能重算节奏需要；合化争议时停止细化节奏画像。,近位提高该节奏议题进入关系核心的可能；远位只保留背景或阶段性观察。,84,+8 联系证据,contact_rhythm,联系频率可不完全相同，但期待、最低回应和个人时间需要说清楚。,联系方面需要：联系频率可不完全相同，但期待、最低回应和个人时间需要说清楚。,不得仅凭本规则推出具体日期、交往时长、多久结婚、联系次数、见面频率或关系结果；不得把快等同冲动、慢等同冷淡、高频等同亲密、低频等同不爱。现实安全、双方同意、持续行为、生活条件、反例与协商优先。,中,待验证,,rhythm_channel=HC01; ten_god=比肩; provisional=true; rule_group=RHYTHM-HC通道; M3_STATE_pending=true,0.7
M5-RHYTHM-024,HC01 同步自主节奏｜共同与个人时间,L1 十类关系节奏通道,RHYTHM-HC通道,通用,时间,HC01 同步自主节奏,比肩,存在共同时间、独处或个人恢复资料。,把共同时长直接等同亲密，或把空间直接等同冷淡。,由共享基础引擎、M2-TEMPO与M3功能模块提供；只修正用户能够承载怎样的推进、联系、共同时间、负荷与恢复节奏，不直接判断现实关系一定同步。,M2说明进入关系前的确认节奏；M5-RHYTHM只处理关系进入认真阶段以后，双方怎样持续协调推进与生活节奏。,M3-BASE、EXPR、CARE、BOUND、CONFLICT提供日常相处和状态通道；M5-RHYTHM负责把双方时间、负荷、联系、空间与恢复合成为长期节奏结构。,无／按本规则指定的提议—观察—同意—执行—反馈—调整—恢复路径路由。,近位、远位只修正某项节奏需求进入亲密关系核心的可能；不得据此判断具体对象现实中一定快、慢、黏、疏或稳定。,根气只修正节奏需求是否稳定重复，不等于双方现实节奏已成熟协调。,旺弱只修正某项推进、联系、共享、变化或恢复通道的调用强度，不直接等于适配质量。,喜忌只修正节奏调用顺畅度与摩擦，不可直接翻译为某种五行、十神或对象类型必然适合。,真合化成立时按化神功能重算节奏需要；合化争议时停止细化节奏画像。,近位提高该节奏议题进入关系核心的可能；远位只保留背景或阶段性观察。,84,+8 时间证据,shared_personal_time,共同时间与个人时间都被视为必要资源，并能根据阶段重新分配。,共同与个人时间方面：共同时间与个人时间都被视为必要资源，并能根据阶段重新分配。,不得仅凭本规则推出具体日期、交往时长、多久结婚、联系次数、见面频率或关系结果；不得把快等同冲动、慢等同冷淡、高频等同亲密、低频等同不爱。现实安全、双方同意、持续行为、生活条件、反例与协商优先。,中,待验证,,rhythm_channel=HC01; ten_god=比肩; provisional=true; rule_group=RHYTHM-HC通道; M3_STATE_pending=true,0.7
M5-RHYTHM-025,HC01 同步自主节奏｜生活负荷协同,L1 十类关系节奏通道,RHYTHM-HC通道,通用,负荷,HC01 同步自主节奏,比肩,存在工作、金钱、家庭、健康或照护负荷。,忽略现实容量，只按理想频率要求。,由共享基础引擎、M2-TEMPO与M3功能模块提供；只修正用户能够承载怎样的推进、联系、共同时间、负荷与恢复节奏，不直接判断现实关系一定同步。,M2说明进入关系前的确认节奏；M5-RHYTHM只处理关系进入认真阶段以后，双方怎样持续协调推进与生活节奏。,M3-BASE、EXPR、CARE、BOUND、CONFLICT提供日常相处和状态通道；M5-RHYTHM负责把双方时间、负荷、联系、空间与恢复合成为长期节奏结构。,无／按本规则指定的提议—观察—同意—执行—反馈—调整—恢复路径路由。,近位、远位只修正某项节奏需求进入亲密关系核心的可能；不得据此判断具体对象现实中一定快、慢、黏、疏或稳定。,根气只修正节奏需求是否稳定重复，不等于双方现实节奏已成熟协调。,旺弱只修正某项推进、联系、共享、变化或恢复通道的调用强度，不直接等于适配质量。,喜忌只修正节奏调用顺畅度与摩擦，不可直接翻译为某种五行、十神或对象类型必然适合。,真合化成立时按化神功能重算节奏需要；合化争议时停止细化节奏画像。,近位提高该节奏议题进入关系核心的可能；远位只保留背景或阶段性观察。,88,+10 负荷证据,life_load_capacity,工作与生活负荷变化时，双方各自说明承载能力，不把独立当成无需配合。,现实负荷方面需要：工作与生活负荷变化时，双方各自说明承载能力，不把独立当成无需配合。,不得仅凭本规则推出具体日期、交往时长、多久结婚、联系次数、见面频率或关系结果；不得把快等同冲动、慢等同冷淡、高频等同亲密、低频等同不爱。现实安全、双方同意、持续行为、生活条件、反例与协商优先。,中高,待验证,,rhythm_channel=HC01; ten_god=比肩; provisional=true; rule_group=RHYTHM-HC通道; M3_STATE_pending=true,0.7
M5-RHYTHM-026,HC01 同步自主节奏｜压力节奏行为,L1 十类关系节奏通道,RHYTHM-HC通道,通用,压力,HC01 同步自主节奏,比肩,存在高压、异地、冲突或资源变化。,只有平稳期资料。,由共享基础引擎、M2-TEMPO与M3功能模块提供；只修正用户能够承载怎样的推进、联系、共同时间、负荷与恢复节奏，不直接判断现实关系一定同步。,M2说明进入关系前的确认节奏；M5-RHYTHM只处理关系进入认真阶段以后，双方怎样持续协调推进与生活节奏。,M3-BASE、EXPR、CARE、BOUND、CONFLICT提供日常相处和状态通道；M5-RHYTHM负责把双方时间、负荷、联系、空间与恢复合成为长期节奏结构。,无／按本规则指定的提议—观察—同意—执行—反馈—调整—恢复路径路由。,近位、远位只修正某项节奏需求进入亲密关系核心的可能；不得据此判断具体对象现实中一定快、慢、黏、疏或稳定。,根气只修正节奏需求是否稳定重复，不等于双方现实节奏已成熟协调。,旺弱只修正某项推进、联系、共享、变化或恢复通道的调用强度，不直接等于适配质量。,喜忌只修正节奏调用顺畅度与摩擦，不可直接翻译为某种五行、十神或对象类型必然适合。,真合化成立时按化神功能重算节奏需要；合化争议时停止细化节奏画像。,近位提高该节奏议题进入关系核心的可能；远位只保留背景或阶段性观察。,90,+12 压力证据,stress_rhythm_profile,压力下容易先保护个人节奏；成熟做法是保留最低连接并约定重新协调时间。,压力下重点观察：压力下容易先保护个人节奏；成熟做法是保留最低连接并约定重新协调时间。,不得仅凭本规则推出具体日期、交往时长、多久结婚、联系次数、见面频率或关系结果；不得把快等同冲动、慢等同冷淡、高频等同亲密、低频等同不爱。现实安全、双方同意、持续行为、生活条件、反例与协商优先。,中高,待验证,,rhythm_channel=HC01; ten_god=比肩; provisional=true; rule_group=RHYTHM-HC通道; M3_STATE_pending=true,0.7
M5-RHYTHM-027,HC01 同步自主节奏｜恢复与重新开放,L1 十类关系节奏通道,RHYTHM-HC通道,通用,恢复,HC01 同步自主节奏,比肩,存在压力结束、冲突后重连或阶段恢复资料。,把问题停止直接写成节奏恢复。,由共享基础引擎、M2-TEMPO与M3功能模块提供；只修正用户能够承载怎样的推进、联系、共同时间、负荷与恢复节奏，不直接判断现实关系一定同步。,M2说明进入关系前的确认节奏；M5-RHYTHM只处理关系进入认真阶段以后，双方怎样持续协调推进与生活节奏。,M3-BASE、EXPR、CARE、BOUND、CONFLICT提供日常相处和状态通道；M5-RHYTHM负责把双方时间、负荷、联系、空间与恢复合成为长期节奏结构。,无／按本规则指定的提议—观察—同意—执行—反馈—调整—恢复路径路由。,近位、远位只修正某项节奏需求进入亲密关系核心的可能；不得据此判断具体对象现实中一定快、慢、黏、疏或稳定。,根气只修正节奏需求是否稳定重复，不等于双方现实节奏已成熟协调。,旺弱只修正某项推进、联系、共享、变化或恢复通道的调用强度，不直接等于适配质量。,喜忌只修正节奏调用顺畅度与摩擦，不可直接翻译为某种五行、十神或对象类型必然适合。,真合化成立时按化神功能重算节奏需要；合化争议时停止细化节奏画像。,近位提高该节奏议题进入关系核心的可能；远位只保留背景或阶段性观察。,90,+12 恢复证据,recovery_rhythm,恢复时重新确认双方是否准备好靠近、合作和进入下一个阶段。,恢复方面需要：恢复时重新确认双方是否准备好靠近、合作和进入下一个阶段。,不得仅凭本规则推出具体日期、交往时长、多久结婚、联系次数、见面频率或关系结果；不得把快等同冲动、慢等同冷淡、高频等同亲密、低频等同不爱。现实安全、双方同意、持续行为、生活条件、反例与协商优先。,中高,待验证,,rhythm_channel=HC01; ten_god=比肩; provisional=true; rule_group=RHYTHM-HC通道; M3_STATE_pending=true,0.7
M5-RHYTHM-028,HC01 同步自主节奏｜成熟节奏表达,L1 十类关系节奏通道,RHYTHM-HC通道,通用,成熟,HC01 同步自主节奏,比肩,HV4以上，且HO01、HO02、HO04、HO05、HO10至少四项可靠。,只有自述、单次高光或一种场景。,由共享基础引擎、M2-TEMPO与M3功能模块提供；只修正用户能够承载怎样的推进、联系、共同时间、负荷与恢复节奏，不直接判断现实关系一定同步。,M2说明进入关系前的确认节奏；M5-RHYTHM只处理关系进入认真阶段以后，双方怎样持续协调推进与生活节奏。,M3-BASE、EXPR、CARE、BOUND、CONFLICT提供日常相处和状态通道；M5-RHYTHM负责把双方时间、负荷、联系、空间与恢复合成为长期节奏结构。,无／按本规则指定的提议—观察—同意—执行—反馈—调整—恢复路径路由。,近位、远位只修正某项节奏需求进入亲密关系核心的可能；不得据此判断具体对象现实中一定快、慢、黏、疏或稳定。,根气只修正节奏需求是否稳定重复，不等于双方现实节奏已成熟协调。,旺弱只修正某项推进、联系、共享、变化或恢复通道的调用强度，不直接等于适配质量。,喜忌只修正节奏调用顺畅度与摩擦，不可直接翻译为某种五行、十神或对象类型必然适合。,真合化成立时按化神功能重算节奏需要；合化争议时停止细化节奏画像。,近位提高该节奏议题进入关系核心的可能；远位只保留背景或阶段性观察。,92,成熟 +16,mature_rhythm_profile,节奏不必完全一致，但双方都能参与制定、拒绝、调整和复核。,成熟表现是：节奏不必完全一致，但双方都能参与制定、拒绝、调整和复核。,不得仅凭本规则推出具体日期、交往时长、多久结婚、联系次数、见面频率或关系结果；不得把快等同冲动、慢等同冷淡、高频等同亲密、低频等同不爱。现实安全、双方同意、持续行为、生活条件、反例与协商优先。,中高,待验证,,rhythm_channel=HC01; ten_god=比肩; provisional=true; rule_group=RHYTHM-HC通道; M3_STATE_pending=true,0.7
M5-RHYTHM-029,HC01 同步自主节奏｜失衡与伪装候选,L1 十类关系节奏通道,RHYTHM-HC通道,通用,风险,HC01 同步自主节奏,比肩,现实资料显示不可预测、过度占用、长期延后、负荷失配或恢复失败。,只有功能强度，没有独立失衡证据。,由共享基础引擎、M2-TEMPO与M3功能模块提供；只修正用户能够承载怎样的推进、联系、共同时间、负荷与恢复节奏，不直接判断现实关系一定同步。,M2说明进入关系前的确认节奏；M5-RHYTHM只处理关系进入认真阶段以后，双方怎样持续协调推进与生活节奏。,M3-BASE、EXPR、CARE、BOUND、CONFLICT提供日常相处和状态通道；M5-RHYTHM负责把双方时间、负荷、联系、空间与恢复合成为长期节奏结构。,无／按本规则指定的提议—观察—同意—执行—反馈—调整—恢复路径路由。,近位、远位只修正某项节奏需求进入亲密关系核心的可能；不得据此判断具体对象现实中一定快、慢、黏、疏或稳定。,根气只修正节奏需求是否稳定重复，不等于双方现实节奏已成熟协调。,旺弱只修正某项推进、联系、共享、变化或恢复通道的调用强度，不直接等于适配质量。,喜忌只修正节奏调用顺畅度与摩擦，不可直接翻译为某种五行、十神或对象类型必然适合。,真合化成立时按化神功能重算节奏需要；合化争议时停止细化节奏画像。,近位提高该节奏议题进入关系核心的可能；远位只保留背景或阶段性观察。,92,风险 +12,rhythm_risk_warning,容易把自主做成各走各路、机械对等，或因害怕被限制而回避必要同步。；常见伪装是：口头强调尊重彼此节奏，现实中却长期不告知变化、不承担共同安排。,需要留意：容易把自主做成各走各路、机械对等，或因害怕被限制而回避必要同步。 不要只看：口头强调尊重彼此节奏，现实中却长期不告知变化、不承担共同安排。,不得仅凭本规则推出具体日期、交往时长、多久结婚、联系次数、见面频率或关系结果；不得把快等同冲动、慢等同冷淡、高频等同亲密、低频等同不爱。现实安全、双方同意、持续行为、生活条件、反例与协商优先。,中高,待验证,,rhythm_channel=HC01; ten_god=比肩; provisional=true; rule_group=RHYTHM-HC通道; M3_STATE_pending=true,0.7
M5-RHYTHM-030,HC01 同步自主节奏｜关键观察与用户输出,L1 十类关系节奏通道,RHYTHM-HC通道,通用,输出,HC01 同步自主节奏,比肩,已形成主或次HC候选。,HS08停止或资料严重不足。,由共享基础引擎、M2-TEMPO与M3功能模块提供；只修正用户能够承载怎样的推进、联系、共同时间、负荷与恢复节奏，不直接判断现实关系一定同步。,M2说明进入关系前的确认节奏；M5-RHYTHM只处理关系进入认真阶段以后，双方怎样持续协调推进与生活节奏。,M3-BASE、EXPR、CARE、BOUND、CONFLICT提供日常相处和状态通道；M5-RHYTHM负责把双方时间、负荷、联系、空间与恢复合成为长期节奏结构。,无／按本规则指定的提议—观察—同意—执行—反馈—调整—恢复路径路由。,近位、远位只修正某项节奏需求进入亲密关系核心的可能；不得据此判断具体对象现实中一定快、慢、黏、疏或稳定。,根气只修正节奏需求是否稳定重复，不等于双方现实节奏已成熟协调。,旺弱只修正某项推进、联系、共享、变化或恢复通道的调用强度，不直接等于适配质量。,喜忌只修正节奏调用顺畅度与摩擦，不可直接翻译为某种五行、十神或对象类型必然适合。,真合化成立时按化神功能重算节奏需要；合化争议时停止细化节奏画像。,近位提高该节奏议题进入关系核心的可能；远位只保留背景或阶段性观察。,76,不加分；输出,observation_plan,生活忙碌、意见不同或一方想加速时，双方是否仍能共同决定并保留个人空间。,生活忙碌、意见不同或一方想加速时，双方是否仍能共同决定并保留个人空间。,不得仅凭本规则推出具体日期、交往时长、多久结婚、联系次数、见面频率或关系结果；不得把快等同冲动、慢等同冷淡、高频等同亲密、低频等同不爱。现实安全、双方同意、持续行为、生活条件、反例与协商优先。,中高,待验证,,rhythm_channel=HC01; ten_god=比肩; provisional=true; rule_group=RHYTHM-HC通道; M3_STATE_pending=true,0.7
M5-RHYTHM-031,HC02 共同行动节奏｜通道定义,L1 十类关系节奏通道,RHYTHM-HC通道,通用,基础,HC02 共同行动节奏,劫财,M5-BASE或上游模块将对应FN路由为主／次节奏功能。,PR0安全门控未通过或该功能只属PR3且与主风险冲突。,由共享基础引擎、M2-TEMPO与M3功能模块提供；只修正用户能够承载怎样的推进、联系、共同时间、负荷与恢复节奏，不直接判断现实关系一定同步。,M2说明进入关系前的确认节奏；M5-RHYTHM只处理关系进入认真阶段以后，双方怎样持续协调推进与生活节奏。,M3-BASE、EXPR、CARE、BOUND、CONFLICT提供日常相处和状态通道；M5-RHYTHM负责把双方时间、负荷、联系、空间与恢复合成为长期节奏结构。,无／按本规则指定的提议—观察—同意—执行—反馈—调整—恢复路径路由。,近位、远位只修正某项节奏需求进入亲密关系核心的可能；不得据此判断具体对象现实中一定快、慢、黏、疏或稳定。,根气只修正节奏需求是否稳定重复，不等于双方现实节奏已成熟协调。,旺弱只修正某项推进、联系、共享、变化或恢复通道的调用强度，不直接等于适配质量。,喜忌只修正节奏调用顺畅度与摩擦，不可直接翻译为某种五行、十神或对象类型必然适合。,真合化成立时按化神功能重算节奏需要；合化争议时停止细化节奏画像。,近位提高该节奏议题进入关系核心的可能；远位只保留背景或阶段性观察。,94,主通道候选 +20,primary_rhythm_channel,HC02 共同行动节奏将劫财功能转译为双人节奏通道。,一起行动能让关系升温，但长期适配要看热度下降后能否持续。,不得仅凭本规则推出具体日期、交往时长、多久结婚、联系次数、见面频率或关系结果；不得把快等同冲动、慢等同冷淡、高频等同亲密、低频等同不爱。现实安全、双方同意、持续行为、生活条件、反例与协商优先。,中高,待验证,,rhythm_channel=HC02; ten_god=劫财; provisional=true; rule_group=RHYTHM-HC通道; M3_STATE_pending=true,0.7
M5-RHYTHM-032,HC02 共同行动节奏｜推进阶段行为,L1 十类关系节奏通道,RHYTHM-HC通道,通用,推进,HC02 共同行动节奏,劫财,存在关系阶段、承诺或里程碑资料。,用外部进展替代双方内部同意。,由共享基础引擎、M2-TEMPO与M3功能模块提供；只修正用户能够承载怎样的推进、联系、共同时间、负荷与恢复节奏，不直接判断现实关系一定同步。,M2说明进入关系前的确认节奏；M5-RHYTHM只处理关系进入认真阶段以后，双方怎样持续协调推进与生活节奏。,M3-BASE、EXPR、CARE、BOUND、CONFLICT提供日常相处和状态通道；M5-RHYTHM负责把双方时间、负荷、联系、空间与恢复合成为长期节奏结构。,无／按本规则指定的提议—观察—同意—执行—反馈—调整—恢复路径路由。,近位、远位只修正某项节奏需求进入亲密关系核心的可能；不得据此判断具体对象现实中一定快、慢、黏、疏或稳定。,根气只修正节奏需求是否稳定重复，不等于双方现实节奏已成熟协调。,旺弱只修正某项推进、联系、共享、变化或恢复通道的调用强度，不直接等于适配质量。,喜忌只修正节奏调用顺畅度与摩擦，不可直接翻译为某种五行、十神或对象类型必然适合。,真合化成立时按化神功能重算节奏需要；合化争议时停止细化节奏画像。,近位提高该节奏议题进入关系核心的可能；远位只保留背景或阶段性观察。,86,+10 推进证据,progression_rhythm,关系容易在共同活动、任务和密集互动中升温，但每次推进仍需明确双方意愿。,推进方面需要：关系容易在共同活动、任务和密集互动中升温，但每次推进仍需明确双方意愿。,不得仅凭本规则推出具体日期、交往时长、多久结婚、联系次数、见面频率或关系结果；不得把快等同冲动、慢等同冷淡、高频等同亲密、低频等同不爱。现实安全、双方同意、持续行为、生活条件、反例与协商优先。,中高,待验证,,rhythm_channel=HC02; ten_god=劫财; provisional=true; rule_group=RHYTHM-HC通道; M3_STATE_pending=true,0.7
M5-RHYTHM-033,HC02 共同行动节奏｜联系频率行为,L1 十类关系节奏通道,RHYTHM-HC通道,通用,联系,HC02 共同行动节奏,劫财,存在消息、电话、见面或回应资料。,只凭绝对次数判断质量。,由共享基础引擎、M2-TEMPO与M3功能模块提供；只修正用户能够承载怎样的推进、联系、共同时间、负荷与恢复节奏，不直接判断现实关系一定同步。,M2说明进入关系前的确认节奏；M5-RHYTHM只处理关系进入认真阶段以后，双方怎样持续协调推进与生活节奏。,M3-BASE、EXPR、CARE、BOUND、CONFLICT提供日常相处和状态通道；M5-RHYTHM负责把双方时间、负荷、联系、空间与恢复合成为长期节奏结构。,无／按本规则指定的提议—观察—同意—执行—反馈—调整—恢复路径路由。,近位、远位只修正某项节奏需求进入亲密关系核心的可能；不得据此判断具体对象现实中一定快、慢、黏、疏或稳定。,根气只修正节奏需求是否稳定重复，不等于双方现实节奏已成熟协调。,旺弱只修正某项推进、联系、共享、变化或恢复通道的调用强度，不直接等于适配质量。,喜忌只修正节奏调用顺畅度与摩擦，不可直接翻译为某种五行、十神或对象类型必然适合。,真合化成立时按化神功能重算节奏需要；合化争议时停止细化节奏画像。,近位提高该节奏议题进入关系核心的可能；远位只保留背景或阶段性观察。,84,+8 联系证据,contact_rhythm,联系和见面可能较主动、即时，成熟结构会区分短期热度与长期可持续频率。,联系方面需要：联系和见面可能较主动、即时，成熟结构会区分短期热度与长期可持续频率。,不得仅凭本规则推出具体日期、交往时长、多久结婚、联系次数、见面频率或关系结果；不得把快等同冲动、慢等同冷淡、高频等同亲密、低频等同不爱。现实安全、双方同意、持续行为、生活条件、反例与协商优先。,中,待验证,,rhythm_channel=HC02; ten_god=劫财; provisional=true; rule_group=RHYTHM-HC通道; M3_STATE_pending=true,0.7
M5-RHYTHM-034,HC02 共同行动节奏｜共同与个人时间,L1 十类关系节奏通道,RHYTHM-HC通道,通用,时间,HC02 共同行动节奏,劫财,存在共同时间、独处或个人恢复资料。,把共同时长直接等同亲密，或把空间直接等同冷淡。,由共享基础引擎、M2-TEMPO与M3功能模块提供；只修正用户能够承载怎样的推进、联系、共同时间、负荷与恢复节奏，不直接判断现实关系一定同步。,M2说明进入关系前的确认节奏；M5-RHYTHM只处理关系进入认真阶段以后，双方怎样持续协调推进与生活节奏。,M3-BASE、EXPR、CARE、BOUND、CONFLICT提供日常相处和状态通道；M5-RHYTHM负责把双方时间、负荷、联系、空间与恢复合成为长期节奏结构。,无／按本规则指定的提议—观察—同意—执行—反馈—调整—恢复路径路由。,近位、远位只修正某项节奏需求进入亲密关系核心的可能；不得据此判断具体对象现实中一定快、慢、黏、疏或稳定。,根气只修正节奏需求是否稳定重复，不等于双方现实节奏已成熟协调。,旺弱只修正某项推进、联系、共享、变化或恢复通道的调用强度，不直接等于适配质量。,喜忌只修正节奏调用顺畅度与摩擦，不可直接翻译为某种五行、十神或对象类型必然适合。,真合化成立时按化神功能重算节奏需要；合化争议时停止细化节奏画像。,近位提高该节奏议题进入关系核心的可能；远位只保留背景或阶段性观察。,84,+8 时间证据,shared_personal_time,共同时间偏多，但需要防止个人恢复时间和其他责任被全部挤占。,共同与个人时间方面：共同时间偏多，但需要防止个人恢复时间和其他责任被全部挤占。,不得仅凭本规则推出具体日期、交往时长、多久结婚、联系次数、见面频率或关系结果；不得把快等同冲动、慢等同冷淡、高频等同亲密、低频等同不爱。现实安全、双方同意、持续行为、生活条件、反例与协商优先。,中,待验证,,rhythm_channel=HC02; ten_god=劫财; provisional=true; rule_group=RHYTHM-HC通道; M3_STATE_pending=true,0.7
M5-RHYTHM-035,HC02 共同行动节奏｜生活负荷协同,L1 十类关系节奏通道,RHYTHM-HC通道,通用,负荷,HC02 共同行动节奏,劫财,存在工作、金钱、家庭、健康或照护负荷。,忽略现实容量，只按理想频率要求。,由共享基础引擎、M2-TEMPO与M3功能模块提供；只修正用户能够承载怎样的推进、联系、共同时间、负荷与恢复节奏，不直接判断现实关系一定同步。,M2说明进入关系前的确认节奏；M5-RHYTHM只处理关系进入认真阶段以后，双方怎样持续协调推进与生活节奏。,M3-BASE、EXPR、CARE、BOUND、CONFLICT提供日常相处和状态通道；M5-RHYTHM负责把双方时间、负荷、联系、空间与恢复合成为长期节奏结构。,无／按本规则指定的提议—观察—同意—执行—反馈—调整—恢复路径路由。,近位、远位只修正某项节奏需求进入亲密关系核心的可能；不得据此判断具体对象现实中一定快、慢、黏、疏或稳定。,根气只修正节奏需求是否稳定重复，不等于双方现实节奏已成熟协调。,旺弱只修正某项推进、联系、共享、变化或恢复通道的调用强度，不直接等于适配质量。,喜忌只修正节奏调用顺畅度与摩擦，不可直接翻译为某种五行、十神或对象类型必然适合。,真合化成立时按化神功能重算节奏需要；合化争议时停止细化节奏画像。,近位提高该节奏议题进入关系核心的可能；远位只保留背景或阶段性观察。,88,+10 负荷证据,life_load_capacity,高活动期需要清楚分工、资源和休息，不把一时能量当成长期容量。,现实负荷方面需要：高活动期需要清楚分工、资源和休息，不把一时能量当成长期容量。,不得仅凭本规则推出具体日期、交往时长、多久结婚、联系次数、见面频率或关系结果；不得把快等同冲动、慢等同冷淡、高频等同亲密、低频等同不爱。现实安全、双方同意、持续行为、生活条件、反例与协商优先。,中高,待验证,,rhythm_channel=HC02; ten_god=劫财; provisional=true; rule_group=RHYTHM-HC通道; M3_STATE_pending=true,0.7
M5-RHYTHM-036,HC02 共同行动节奏｜压力节奏行为,L1 十类关系节奏通道,RHYTHM-HC通道,通用,压力,HC02 共同行动节奏,劫财,存在高压、异地、冲突或资源变化。,只有平稳期资料。,由共享基础引擎、M2-TEMPO与M3功能模块提供；只修正用户能够承载怎样的推进、联系、共同时间、负荷与恢复节奏，不直接判断现实关系一定同步。,M2说明进入关系前的确认节奏；M5-RHYTHM只处理关系进入认真阶段以后，双方怎样持续协调推进与生活节奏。,M3-BASE、EXPR、CARE、BOUND、CONFLICT提供日常相处和状态通道；M5-RHYTHM负责把双方时间、负荷、联系、空间与恢复合成为长期节奏结构。,无／按本规则指定的提议—观察—同意—执行—反馈—调整—恢复路径路由。,近位、远位只修正某项节奏需求进入亲密关系核心的可能；不得据此判断具体对象现实中一定快、慢、黏、疏或稳定。,根气只修正节奏需求是否稳定重复，不等于双方现实节奏已成熟协调。,旺弱只修正某项推进、联系、共享、变化或恢复通道的调用强度，不直接等于适配质量。,喜忌只修正节奏调用顺畅度与摩擦，不可直接翻译为某种五行、十神或对象类型必然适合。,真合化成立时按化神功能重算节奏需要；合化争议时停止细化节奏画像。,近位提高该节奏议题进入关系核心的可能；远位只保留背景或阶段性观察。,90,+12 压力证据,stress_rhythm_profile,压力下容易迅速一起处理；成熟做法是事后交接、降低负荷并回到情绪与恢复。,压力下重点观察：压力下容易迅速一起处理；成熟做法是事后交接、降低负荷并回到情绪与恢复。,不得仅凭本规则推出具体日期、交往时长、多久结婚、联系次数、见面频率或关系结果；不得把快等同冲动、慢等同冷淡、高频等同亲密、低频等同不爱。现实安全、双方同意、持续行为、生活条件、反例与协商优先。,中高,待验证,,rhythm_channel=HC02; ten_god=劫财; provisional=true; rule_group=RHYTHM-HC通道; M3_STATE_pending=true,0.7
M5-RHYTHM-037,HC02 共同行动节奏｜恢复与重新开放,L1 十类关系节奏通道,RHYTHM-HC通道,通用,恢复,HC02 共同行动节奏,劫财,存在压力结束、冲突后重连或阶段恢复资料。,把问题停止直接写成节奏恢复。,由共享基础引擎、M2-TEMPO与M3功能模块提供；只修正用户能够承载怎样的推进、联系、共同时间、负荷与恢复节奏，不直接判断现实关系一定同步。,M2说明进入关系前的确认节奏；M5-RHYTHM只处理关系进入认真阶段以后，双方怎样持续协调推进与生活节奏。,M3-BASE、EXPR、CARE、BOUND、CONFLICT提供日常相处和状态通道；M5-RHYTHM负责把双方时间、负荷、联系、空间与恢复合成为长期节奏结构。,无／按本规则指定的提议—观察—同意—执行—反馈—调整—恢复路径路由。,近位、远位只修正某项节奏需求进入亲密关系核心的可能；不得据此判断具体对象现实中一定快、慢、黏、疏或稳定。,根气只修正节奏需求是否稳定重复，不等于双方现实节奏已成熟协调。,旺弱只修正某项推进、联系、共享、变化或恢复通道的调用强度，不直接等于适配质量。,喜忌只修正节奏调用顺畅度与摩擦，不可直接翻译为某种五行、十神或对象类型必然适合。,真合化成立时按化神功能重算节奏需要；合化争议时停止细化节奏画像。,近位提高该节奏议题进入关系核心的可能；远位只保留背景或阶段性观察。,90,+12 恢复证据,recovery_rhythm,恢复常通过共同活动或完成任务启动，但仍需补充安静连接和复盘。,恢复方面需要：恢复常通过共同活动或完成任务启动，但仍需补充安静连接和复盘。,不得仅凭本规则推出具体日期、交往时长、多久结婚、联系次数、见面频率或关系结果；不得把快等同冲动、慢等同冷淡、高频等同亲密、低频等同不爱。现实安全、双方同意、持续行为、生活条件、反例与协商优先。,中高,待验证,,rhythm_channel=HC02; ten_god=劫财; provisional=true; rule_group=RHYTHM-HC通道; M3_STATE_pending=true,0.7
M5-RHYTHM-038,HC02 共同行动节奏｜成熟节奏表达,L1 十类关系节奏通道,RHYTHM-HC通道,通用,成熟,HC02 共同行动节奏,劫财,HV4以上，且HO01、HO02、HO04、HO05、HO10至少四项可靠。,只有自述、单次高光或一种场景。,由共享基础引擎、M2-TEMPO与M3功能模块提供；只修正用户能够承载怎样的推进、联系、共同时间、负荷与恢复节奏，不直接判断现实关系一定同步。,M2说明进入关系前的确认节奏；M5-RHYTHM只处理关系进入认真阶段以后，双方怎样持续协调推进与生活节奏。,M3-BASE、EXPR、CARE、BOUND、CONFLICT提供日常相处和状态通道；M5-RHYTHM负责把双方时间、负荷、联系、空间与恢复合成为长期节奏结构。,无／按本规则指定的提议—观察—同意—执行—反馈—调整—恢复路径路由。,近位、远位只修正某项节奏需求进入亲密关系核心的可能；不得据此判断具体对象现实中一定快、慢、黏、疏或稳定。,根气只修正节奏需求是否稳定重复，不等于双方现实节奏已成熟协调。,旺弱只修正某项推进、联系、共享、变化或恢复通道的调用强度，不直接等于适配质量。,喜忌只修正节奏调用顺畅度与摩擦，不可直接翻译为某种五行、十神或对象类型必然适合。,真合化成立时按化神功能重算节奏需要；合化争议时停止细化节奏画像。,近位提高该节奏议题进入关系核心的可能；远位只保留背景或阶段性观察。,92,成熟 +16,mature_rhythm_profile,行动带来连接，同时频率、范围、资源和休息权清楚。,成熟表现是：行动带来连接，同时频率、范围、资源和休息权清楚。,不得仅凭本规则推出具体日期、交往时长、多久结婚、联系次数、见面频率或关系结果；不得把快等同冲动、慢等同冷淡、高频等同亲密、低频等同不爱。现实安全、双方同意、持续行为、生活条件、反例与协商优先。,中高,待验证,,rhythm_channel=HC02; ten_god=劫财; provisional=true; rule_group=RHYTHM-HC通道; M3_STATE_pending=true,0.7
M5-RHYTHM-039,HC02 共同行动节奏｜失衡与伪装候选,L1 十类关系节奏通道,RHYTHM-HC通道,通用,风险,HC02 共同行动节奏,劫财,现实资料显示不可预测、过度占用、长期延后、负荷失配或恢复失败。,只有功能强度，没有独立失衡证据。,由共享基础引擎、M2-TEMPO与M3功能模块提供；只修正用户能够承载怎样的推进、联系、共同时间、负荷与恢复节奏，不直接判断现实关系一定同步。,M2说明进入关系前的确认节奏；M5-RHYTHM只处理关系进入认真阶段以后，双方怎样持续协调推进与生活节奏。,M3-BASE、EXPR、CARE、BOUND、CONFLICT提供日常相处和状态通道；M5-RHYTHM负责把双方时间、负荷、联系、空间与恢复合成为长期节奏结构。,无／按本规则指定的提议—观察—同意—执行—反馈—调整—恢复路径路由。,近位、远位只修正某项节奏需求进入亲密关系核心的可能；不得据此判断具体对象现实中一定快、慢、黏、疏或稳定。,根气只修正节奏需求是否稳定重复，不等于双方现实节奏已成熟协调。,旺弱只修正某项推进、联系、共享、变化或恢复通道的调用强度，不直接等于适配质量。,喜忌只修正节奏调用顺畅度与摩擦，不可直接翻译为某种五行、十神或对象类型必然适合。,真合化成立时按化神功能重算节奏需要；合化争议时停止细化节奏画像。,近位提高该节奏议题进入关系核心的可能；远位只保留背景或阶段性观察。,92,风险 +12,rhythm_risk_warning,容易高频启动、快速靠近、过度占用时间，热度下降后持续性和交接不足。；常见伪装是：前期安排密集、回应迅速，让人误以为关系非常稳定，后续却难以维持。,需要留意：容易高频启动、快速靠近、过度占用时间，热度下降后持续性和交接不足。 不要只看：前期安排密集、回应迅速，让人误以为关系非常稳定，后续却难以维持。,不得仅凭本规则推出具体日期、交往时长、多久结婚、联系次数、见面频率或关系结果；不得把快等同冲动、慢等同冷淡、高频等同亲密、低频等同不爱。现实安全、双方同意、持续行为、生活条件、反例与协商优先。,中高,待验证,,rhythm_channel=HC02; ten_god=劫财; provisional=true; rule_group=RHYTHM-HC通道; M3_STATE_pending=true,0.7
M5-RHYTHM-040,HC02 共同行动节奏｜关键观察与用户输出,L1 十类关系节奏通道,RHYTHM-HC通道,通用,输出,HC02 共同行动节奏,劫财,已形成主或次HC候选。,HS08停止或资料严重不足。,由共享基础引擎、M2-TEMPO与M3功能模块提供；只修正用户能够承载怎样的推进、联系、共同时间、负荷与恢复节奏，不直接判断现实关系一定同步。,M2说明进入关系前的确认节奏；M5-RHYTHM只处理关系进入认真阶段以后，双方怎样持续协调推进与生活节奏。,M3-BASE、EXPR、CARE、BOUND、CONFLICT提供日常相处和状态通道；M5-RHYTHM负责把双方时间、负荷、联系、空间与恢复合成为长期节奏结构。,无／按本规则指定的提议—观察—同意—执行—反馈—调整—恢复路径路由。,近位、远位只修正某项节奏需求进入亲密关系核心的可能；不得据此判断具体对象现实中一定快、慢、黏、疏或稳定。,根气只修正节奏需求是否稳定重复，不等于双方现实节奏已成熟协调。,旺弱只修正某项推进、联系、共享、变化或恢复通道的调用强度，不直接等于适配质量。,喜忌只修正节奏调用顺畅度与摩擦，不可直接翻译为某种五行、十神或对象类型必然适合。,真合化成立时按化神功能重算节奏需要；合化争议时停止细化节奏画像。,近位提高该节奏议题进入关系核心的可能；远位只保留背景或阶段性观察。,76,不加分；输出,observation_plan,高频互动结束后，双方是否还能保持稳定联系、现实分工和恢复空间。,高频互动结束后，双方是否还能保持稳定联系、现实分工和恢复空间。,不得仅凭本规则推出具体日期、交往时长、多久结婚、联系次数、见面频率或关系结果；不得把快等同冲动、慢等同冷淡、高频等同亲密、低频等同不爱。现实安全、双方同意、持续行为、生活条件、反例与协商优先。,中高,待验证,,rhythm_channel=HC02; ten_god=劫财; provisional=true; rule_group=RHYTHM-HC通道; M3_STATE_pending=true,0.7
M5-RHYTHM-041,HC03 舒缓稳定节奏｜通道定义,L1 十类关系节奏通道,RHYTHM-HC通道,通用,基础,HC03 舒缓稳定节奏,食神,M5-BASE或上游模块将对应FN路由为主／次节奏功能。,PR0安全门控未通过或该功能只属PR3且与主风险冲突。,由共享基础引擎、M2-TEMPO与M3功能模块提供；只修正用户能够承载怎样的推进、联系、共同时间、负荷与恢复节奏，不直接判断现实关系一定同步。,M2说明进入关系前的确认节奏；M5-RHYTHM只处理关系进入认真阶段以后，双方怎样持续协调推进与生活节奏。,M3-BASE、EXPR、CARE、BOUND、CONFLICT提供日常相处和状态通道；M5-RHYTHM负责把双方时间、负荷、联系、空间与恢复合成为长期节奏结构。,无／按本规则指定的提议—观察—同意—执行—反馈—调整—恢复路径路由。,近位、远位只修正某项节奏需求进入亲密关系核心的可能；不得据此判断具体对象现实中一定快、慢、黏、疏或稳定。,根气只修正节奏需求是否稳定重复，不等于双方现实节奏已成熟协调。,旺弱只修正某项推进、联系、共享、变化或恢复通道的调用强度，不直接等于适配质量。,喜忌只修正节奏调用顺畅度与摩擦，不可直接翻译为某种五行、十神或对象类型必然适合。,真合化成立时按化神功能重算节奏需要；合化争议时停止细化节奏画像。,近位提高该节奏议题进入关系核心的可能；远位只保留背景或阶段性观察。,94,主通道候选 +20,primary_rhythm_channel,HC03 舒缓稳定节奏将食神功能转译为双人节奏通道。,你适合稳定、温和的节奏，但舒服之后仍要能进入承诺和现实安排。,不得仅凭本规则推出具体日期、交往时长、多久结婚、联系次数、见面频率或关系结果；不得把快等同冲动、慢等同冷淡、高频等同亲密、低频等同不爱。现实安全、双方同意、持续行为、生活条件、反例与协商优先。,中高,待验证,,rhythm_channel=HC03; ten_god=食神; provisional=true; rule_group=RHYTHM-HC通道; M3_STATE_pending=true,0.7
M5-RHYTHM-042,HC03 舒缓稳定节奏｜推进阶段行为,L1 十类关系节奏通道,RHYTHM-HC通道,通用,推进,HC03 舒缓稳定节奏,食神,存在关系阶段、承诺或里程碑资料。,用外部进展替代双方内部同意。,由共享基础引擎、M2-TEMPO与M3功能模块提供；只修正用户能够承载怎样的推进、联系、共同时间、负荷与恢复节奏，不直接判断现实关系一定同步。,M2说明进入关系前的确认节奏；M5-RHYTHM只处理关系进入认真阶段以后，双方怎样持续协调推进与生活节奏。,M3-BASE、EXPR、CARE、BOUND、CONFLICT提供日常相处和状态通道；M5-RHYTHM负责把双方时间、负荷、联系、空间与恢复合成为长期节奏结构。,无／按本规则指定的提议—观察—同意—执行—反馈—调整—恢复路径路由。,近位、远位只修正某项节奏需求进入亲密关系核心的可能；不得据此判断具体对象现实中一定快、慢、黏、疏或稳定。,根气只修正节奏需求是否稳定重复，不等于双方现实节奏已成熟协调。,旺弱只修正某项推进、联系、共享、变化或恢复通道的调用强度，不直接等于适配质量。,喜忌只修正节奏调用顺畅度与摩擦，不可直接翻译为某种五行、十神或对象类型必然适合。,真合化成立时按化神功能重算节奏需要；合化争议时停止细化节奏画像。,近位提高该节奏议题进入关系核心的可能；远位只保留背景或阶段性观察。,86,+10 推进证据,progression_rhythm,推进更适合自然、渐进和不被催促的方式，重视相处舒服和信任积累。,推进方面需要：推进更适合自然、渐进和不被催促的方式，重视相处舒服和信任积累。,不得仅凭本规则推出具体日期、交往时长、多久结婚、联系次数、见面频率或关系结果；不得把快等同冲动、慢等同冷淡、高频等同亲密、低频等同不爱。现实安全、双方同意、持续行为、生活条件、反例与协商优先。,中高,待验证,,rhythm_channel=HC03; ten_god=食神; provisional=true; rule_group=RHYTHM-HC通道; M3_STATE_pending=true,0.7
M5-RHYTHM-043,HC03 舒缓稳定节奏｜联系频率行为,L1 十类关系节奏通道,RHYTHM-HC通道,通用,联系,HC03 舒缓稳定节奏,食神,存在消息、电话、见面或回应资料。,只凭绝对次数判断质量。,由共享基础引擎、M2-TEMPO与M3功能模块提供；只修正用户能够承载怎样的推进、联系、共同时间、负荷与恢复节奏，不直接判断现实关系一定同步。,M2说明进入关系前的确认节奏；M5-RHYTHM只处理关系进入认真阶段以后，双方怎样持续协调推进与生活节奏。,M3-BASE、EXPR、CARE、BOUND、CONFLICT提供日常相处和状态通道；M5-RHYTHM负责把双方时间、负荷、联系、空间与恢复合成为长期节奏结构。,无／按本规则指定的提议—观察—同意—执行—反馈—调整—恢复路径路由。,近位、远位只修正某项节奏需求进入亲密关系核心的可能；不得据此判断具体对象现实中一定快、慢、黏、疏或稳定。,根气只修正节奏需求是否稳定重复，不等于双方现实节奏已成熟协调。,旺弱只修正某项推进、联系、共享、变化或恢复通道的调用强度，不直接等于适配质量。,喜忌只修正节奏调用顺畅度与摩擦，不可直接翻译为某种五行、十神或对象类型必然适合。,真合化成立时按化神功能重算节奏需要；合化争议时停止细化节奏画像。,近位提高该节奏议题进入关系核心的可能；远位只保留背景或阶段性观察。,84,+8 联系证据,contact_rhythm,联系无需高度密集，但稳定、温和、可预测，减少突然拉高或撤回。,联系方面需要：联系无需高度密集，但稳定、温和、可预测，减少突然拉高或撤回。,不得仅凭本规则推出具体日期、交往时长、多久结婚、联系次数、见面频率或关系结果；不得把快等同冲动、慢等同冷淡、高频等同亲密、低频等同不爱。现实安全、双方同意、持续行为、生活条件、反例与协商优先。,中,待验证,,rhythm_channel=HC03; ten_god=食神; provisional=true; rule_group=RHYTHM-HC通道; M3_STATE_pending=true,0.7
M5-RHYTHM-044,HC03 舒缓稳定节奏｜共同与个人时间,L1 十类关系节奏通道,RHYTHM-HC通道,通用,时间,HC03 舒缓稳定节奏,食神,存在共同时间、独处或个人恢复资料。,把共同时长直接等同亲密，或把空间直接等同冷淡。,由共享基础引擎、M2-TEMPO与M3功能模块提供；只修正用户能够承载怎样的推进、联系、共同时间、负荷与恢复节奏，不直接判断现实关系一定同步。,M2说明进入关系前的确认节奏；M5-RHYTHM只处理关系进入认真阶段以后，双方怎样持续协调推进与生活节奏。,M3-BASE、EXPR、CARE、BOUND、CONFLICT提供日常相处和状态通道；M5-RHYTHM负责把双方时间、负荷、联系、空间与恢复合成为长期节奏结构。,无／按本规则指定的提议—观察—同意—执行—反馈—调整—恢复路径路由。,近位、远位只修正某项节奏需求进入亲密关系核心的可能；不得据此判断具体对象现实中一定快、慢、黏、疏或稳定。,根气只修正节奏需求是否稳定重复，不等于双方现实节奏已成熟协调。,旺弱只修正某项推进、联系、共享、变化或恢复通道的调用强度，不直接等于适配质量。,喜忌只修正节奏调用顺畅度与摩擦，不可直接翻译为某种五行、十神或对象类型必然适合。,真合化成立时按化神功能重算节奏需要；合化争议时停止细化节奏画像。,近位提高该节奏议题进入关系核心的可能；远位只保留背景或阶段性观察。,84,+8 时间证据,shared_personal_time,共同时间偏向生活化和低刺激，也保留休息和各自节奏。,共同与个人时间方面：共同时间偏向生活化和低刺激，也保留休息和各自节奏。,不得仅凭本规则推出具体日期、交往时长、多久结婚、联系次数、见面频率或关系结果；不得把快等同冲动、慢等同冷淡、高频等同亲密、低频等同不爱。现实安全、双方同意、持续行为、生活条件、反例与协商优先。,中,待验证,,rhythm_channel=HC03; ten_god=食神; provisional=true; rule_group=RHYTHM-HC通道; M3_STATE_pending=true,0.7
M5-RHYTHM-045,HC03 舒缓稳定节奏｜生活负荷协同,L1 十类关系节奏通道,RHYTHM-HC通道,通用,负荷,HC03 舒缓稳定节奏,食神,存在工作、金钱、家庭、健康或照护负荷。,忽略现实容量，只按理想频率要求。,由共享基础引擎、M2-TEMPO与M3功能模块提供；只修正用户能够承载怎样的推进、联系、共同时间、负荷与恢复节奏，不直接判断现实关系一定同步。,M2说明进入关系前的确认节奏；M5-RHYTHM只处理关系进入认真阶段以后，双方怎样持续协调推进与生活节奏。,M3-BASE、EXPR、CARE、BOUND、CONFLICT提供日常相处和状态通道；M5-RHYTHM负责把双方时间、负荷、联系、空间与恢复合成为长期节奏结构。,无／按本规则指定的提议—观察—同意—执行—反馈—调整—恢复路径路由。,近位、远位只修正某项节奏需求进入亲密关系核心的可能；不得据此判断具体对象现实中一定快、慢、黏、疏或稳定。,根气只修正节奏需求是否稳定重复，不等于双方现实节奏已成熟协调。,旺弱只修正某项推进、联系、共享、变化或恢复通道的调用强度，不直接等于适配质量。,喜忌只修正节奏调用顺畅度与摩擦，不可直接翻译为某种五行、十神或对象类型必然适合。,真合化成立时按化神功能重算节奏需要；合化争议时停止细化节奏画像。,近位提高该节奏议题进入关系核心的可能；远位只保留背景或阶段性观察。,88,+10 负荷证据,life_load_capacity,现实压力增大时先降低强度、简化安排，不以维持表面热度消耗双方。,现实负荷方面需要：现实压力增大时先降低强度、简化安排，不以维持表面热度消耗双方。,不得仅凭本规则推出具体日期、交往时长、多久结婚、联系次数、见面频率或关系结果；不得把快等同冲动、慢等同冷淡、高频等同亲密、低频等同不爱。现实安全、双方同意、持续行为、生活条件、反例与协商优先。,中高,待验证,,rhythm_channel=HC03; ten_god=食神; provisional=true; rule_group=RHYTHM-HC通道; M3_STATE_pending=true,0.7
M5-RHYTHM-046,HC03 舒缓稳定节奏｜压力节奏行为,L1 十类关系节奏通道,RHYTHM-HC通道,通用,压力,HC03 舒缓稳定节奏,食神,存在高压、异地、冲突或资源变化。,只有平稳期资料。,由共享基础引擎、M2-TEMPO与M3功能模块提供；只修正用户能够承载怎样的推进、联系、共同时间、负荷与恢复节奏，不直接判断现实关系一定同步。,M2说明进入关系前的确认节奏；M5-RHYTHM只处理关系进入认真阶段以后，双方怎样持续协调推进与生活节奏。,M3-BASE、EXPR、CARE、BOUND、CONFLICT提供日常相处和状态通道；M5-RHYTHM负责把双方时间、负荷、联系、空间与恢复合成为长期节奏结构。,无／按本规则指定的提议—观察—同意—执行—反馈—调整—恢复路径路由。,近位、远位只修正某项节奏需求进入亲密关系核心的可能；不得据此判断具体对象现实中一定快、慢、黏、疏或稳定。,根气只修正节奏需求是否稳定重复，不等于双方现实节奏已成熟协调。,旺弱只修正某项推进、联系、共享、变化或恢复通道的调用强度，不直接等于适配质量。,喜忌只修正节奏调用顺畅度与摩擦，不可直接翻译为某种五行、十神或对象类型必然适合。,真合化成立时按化神功能重算节奏需要；合化争议时停止细化节奏画像。,近位提高该节奏议题进入关系核心的可能；远位只保留背景或阶段性观察。,90,+12 压力证据,stress_rhythm_profile,高压时适合减速和缓冲，同时约定何时恢复关键沟通和共同计划。,压力下重点观察：高压时适合减速和缓冲，同时约定何时恢复关键沟通和共同计划。,不得仅凭本规则推出具体日期、交往时长、多久结婚、联系次数、见面频率或关系结果；不得把快等同冲动、慢等同冷淡、高频等同亲密、低频等同不爱。现实安全、双方同意、持续行为、生活条件、反例与协商优先。,中高,待验证,,rhythm_channel=HC03; ten_god=食神; provisional=true; rule_group=RHYTHM-HC通道; M3_STATE_pending=true,0.7
M5-RHYTHM-047,HC03 舒缓稳定节奏｜恢复与重新开放,L1 十类关系节奏通道,RHYTHM-HC通道,通用,恢复,HC03 舒缓稳定节奏,食神,存在压力结束、冲突后重连或阶段恢复资料。,把问题停止直接写成节奏恢复。,由共享基础引擎、M2-TEMPO与M3功能模块提供；只修正用户能够承载怎样的推进、联系、共同时间、负荷与恢复节奏，不直接判断现实关系一定同步。,M2说明进入关系前的确认节奏；M5-RHYTHM只处理关系进入认真阶段以后，双方怎样持续协调推进与生活节奏。,M3-BASE、EXPR、CARE、BOUND、CONFLICT提供日常相处和状态通道；M5-RHYTHM负责把双方时间、负荷、联系、空间与恢复合成为长期节奏结构。,无／按本规则指定的提议—观察—同意—执行—反馈—调整—恢复路径路由。,近位、远位只修正某项节奏需求进入亲密关系核心的可能；不得据此判断具体对象现实中一定快、慢、黏、疏或稳定。,根气只修正节奏需求是否稳定重复，不等于双方现实节奏已成熟协调。,旺弱只修正某项推进、联系、共享、变化或恢复通道的调用强度，不直接等于适配质量。,喜忌只修正节奏调用顺畅度与摩擦，不可直接翻译为某种五行、十神或对象类型必然适合。,真合化成立时按化神功能重算节奏需要；合化争议时停止细化节奏画像。,近位提高该节奏议题进入关系核心的可能；远位只保留背景或阶段性观察。,90,+12 恢复证据,recovery_rhythm,通过稳定陪伴、生活照顾和逐步恢复日常重新建立关系气候。,恢复方面需要：通过稳定陪伴、生活照顾和逐步恢复日常重新建立关系气候。,不得仅凭本规则推出具体日期、交往时长、多久结婚、联系次数、见面频率或关系结果；不得把快等同冲动、慢等同冷淡、高频等同亲密、低频等同不爱。现实安全、双方同意、持续行为、生活条件、反例与协商优先。,中高,待验证,,rhythm_channel=HC03; ten_god=食神; provisional=true; rule_group=RHYTHM-HC通道; M3_STATE_pending=true,0.7
M5-RHYTHM-048,HC03 舒缓稳定节奏｜成熟节奏表达,L1 十类关系节奏通道,RHYTHM-HC通道,通用,成熟,HC03 舒缓稳定节奏,食神,HV4以上，且HO01、HO02、HO04、HO05、HO10至少四项可靠。,只有自述、单次高光或一种场景。,由共享基础引擎、M2-TEMPO与M3功能模块提供；只修正用户能够承载怎样的推进、联系、共同时间、负荷与恢复节奏，不直接判断现实关系一定同步。,M2说明进入关系前的确认节奏；M5-RHYTHM只处理关系进入认真阶段以后，双方怎样持续协调推进与生活节奏。,M3-BASE、EXPR、CARE、BOUND、CONFLICT提供日常相处和状态通道；M5-RHYTHM负责把双方时间、负荷、联系、空间与恢复合成为长期节奏结构。,无／按本规则指定的提议—观察—同意—执行—反馈—调整—恢复路径路由。,近位、远位只修正某项节奏需求进入亲密关系核心的可能；不得据此判断具体对象现实中一定快、慢、黏、疏或稳定。,根气只修正节奏需求是否稳定重复，不等于双方现实节奏已成熟协调。,旺弱只修正某项推进、联系、共享、变化或恢复通道的调用强度，不直接等于适配质量。,喜忌只修正节奏调用顺畅度与摩擦，不可直接翻译为某种五行、十神或对象类型必然适合。,真合化成立时按化神功能重算节奏需要；合化争议时停止细化节奏画像。,近位提高该节奏议题进入关系核心的可能；远位只保留背景或阶段性观察。,92,成熟 +16,mature_rhythm_profile,舒服与稳定不排斥承诺、责任和困难议题，缓冲之后会回到现实。,成熟表现是：舒服与稳定不排斥承诺、责任和困难议题，缓冲之后会回到现实。,不得仅凭本规则推出具体日期、交往时长、多久结婚、联系次数、见面频率或关系结果；不得把快等同冲动、慢等同冷淡、高频等同亲密、低频等同不爱。现实安全、双方同意、持续行为、生活条件、反例与协商优先。,中高,待验证,,rhythm_channel=HC03; ten_god=食神; provisional=true; rule_group=RHYTHM-HC通道; M3_STATE_pending=true,0.7
M5-RHYTHM-049,HC03 舒缓稳定节奏｜失衡与伪装候选,L1 十类关系节奏通道,RHYTHM-HC通道,通用,风险,HC03 舒缓稳定节奏,食神,现实资料显示不可预测、过度占用、长期延后、负荷失配或恢复失败。,只有功能强度，没有独立失衡证据。,由共享基础引擎、M2-TEMPO与M3功能模块提供；只修正用户能够承载怎样的推进、联系、共同时间、负荷与恢复节奏，不直接判断现实关系一定同步。,M2说明进入关系前的确认节奏；M5-RHYTHM只处理关系进入认真阶段以后，双方怎样持续协调推进与生活节奏。,M3-BASE、EXPR、CARE、BOUND、CONFLICT提供日常相处和状态通道；M5-RHYTHM负责把双方时间、负荷、联系、空间与恢复合成为长期节奏结构。,无／按本规则指定的提议—观察—同意—执行—反馈—调整—恢复路径路由。,近位、远位只修正某项节奏需求进入亲密关系核心的可能；不得据此判断具体对象现实中一定快、慢、黏、疏或稳定。,根气只修正节奏需求是否稳定重复，不等于双方现实节奏已成熟协调。,旺弱只修正某项推进、联系、共享、变化或恢复通道的调用强度，不直接等于适配质量。,喜忌只修正节奏调用顺畅度与摩擦，不可直接翻译为某种五行、十神或对象类型必然适合。,真合化成立时按化神功能重算节奏需要；合化争议时停止细化节奏画像。,近位提高该节奏议题进入关系核心的可能；远位只保留背景或阶段性观察。,92,风险 +12,rhythm_risk_warning,容易把舒服当成唯一标准，推进、承诺或困难议题长期被延后。；常见伪装是：相处轻松、温柔、没有冲突，却始终不进入共同计划和责任。,需要留意：容易把舒服当成唯一标准，推进、承诺或困难议题长期被延后。 不要只看：相处轻松、温柔、没有冲突，却始终不进入共同计划和责任。,不得仅凭本规则推出具体日期、交往时长、多久结婚、联系次数、见面频率或关系结果；不得把快等同冲动、慢等同冷淡、高频等同亲密、低频等同不爱。现实安全、双方同意、持续行为、生活条件、反例与协商优先。,中高,待验证,,rhythm_channel=HC03; ten_god=食神; provisional=true; rule_group=RHYTHM-HC通道; M3_STATE_pending=true,0.7
M5-RHYTHM-050,HC03 舒缓稳定节奏｜关键观察与用户输出,L1 十类关系节奏通道,RHYTHM-HC通道,通用,输出,HC03 舒缓稳定节奏,食神,已形成主或次HC候选。,HS08停止或资料严重不足。,由共享基础引擎、M2-TEMPO与M3功能模块提供；只修正用户能够承载怎样的推进、联系、共同时间、负荷与恢复节奏，不直接判断现实关系一定同步。,M2说明进入关系前的确认节奏；M5-RHYTHM只处理关系进入认真阶段以后，双方怎样持续协调推进与生活节奏。,M3-BASE、EXPR、CARE、BOUND、CONFLICT提供日常相处和状态通道；M5-RHYTHM负责把双方时间、负荷、联系、空间与恢复合成为长期节奏结构。,无／按本规则指定的提议—观察—同意—执行—反馈—调整—恢复路径路由。,近位、远位只修正某项节奏需求进入亲密关系核心的可能；不得据此判断具体对象现实中一定快、慢、黏、疏或稳定。,根气只修正节奏需求是否稳定重复，不等于双方现实节奏已成熟协调。,旺弱只修正某项推进、联系、共享、变化或恢复通道的调用强度，不直接等于适配质量。,喜忌只修正节奏调用顺畅度与摩擦，不可直接翻译为某种五行、十神或对象类型必然适合。,真合化成立时按化神功能重算节奏需要；合化争议时停止细化节奏画像。,近位提高该节奏议题进入关系核心的可能；远位只保留背景或阶段性观察。,76,不加分；输出,observation_plan,关系需要做重要决定或承受压力时，双方能否在舒适之外继续承担。,关系需要做重要决定或承受压力时，双方能否在舒适之外继续承担。,不得仅凭本规则推出具体日期、交往时长、多久结婚、联系次数、见面频率或关系结果；不得把快等同冲动、慢等同冷淡、高频等同亲密、低频等同不爱。现实安全、双方同意、持续行为、生活条件、反例与协商优先。,中高,待验证,,rhythm_channel=HC03; ten_god=食神; provisional=true; rule_group=RHYTHM-HC通道; M3_STATE_pending=true,0.7
M5-RHYTHM-051,HC04 沟通校准节奏｜通道定义,L1 十类关系节奏通道,RHYTHM-HC通道,通用,基础,HC04 沟通校准节奏,伤官,M5-BASE或上游模块将对应FN路由为主／次节奏功能。,PR0安全门控未通过或该功能只属PR3且与主风险冲突。,由共享基础引擎、M2-TEMPO与M3功能模块提供；只修正用户能够承载怎样的推进、联系、共同时间、负荷与恢复节奏，不直接判断现实关系一定同步。,M2说明进入关系前的确认节奏；M5-RHYTHM只处理关系进入认真阶段以后，双方怎样持续协调推进与生活节奏。,M3-BASE、EXPR、CARE、BOUND、CONFLICT提供日常相处和状态通道；M5-RHYTHM负责把双方时间、负荷、联系、空间与恢复合成为长期节奏结构。,无／按本规则指定的提议—观察—同意—执行—反馈—调整—恢复路径路由。,近位、远位只修正某项节奏需求进入亲密关系核心的可能；不得据此判断具体对象现实中一定快、慢、黏、疏或稳定。,根气只修正节奏需求是否稳定重复，不等于双方现实节奏已成熟协调。,旺弱只修正某项推进、联系、共享、变化或恢复通道的调用强度，不直接等于适配质量。,喜忌只修正节奏调用顺畅度与摩擦，不可直接翻译为某种五行、十神或对象类型必然适合。,真合化成立时按化神功能重算节奏需要；合化争议时停止细化节奏画像。,近位提高该节奏议题进入关系核心的可能；远位只保留背景或阶段性观察。,94,主通道候选 +20,primary_rhythm_channel,HC04 沟通校准节奏将伤官功能转译为双人节奏通道。,沟通对你很重要，但真正适配的节奏要让交流转成可执行的安排。,不得仅凭本规则推出具体日期、交往时长、多久结婚、联系次数、见面频率或关系结果；不得把快等同冲动、慢等同冷淡、高频等同亲密、低频等同不爱。现实安全、双方同意、持续行为、生活条件、反例与协商优先。,中高,待验证,,rhythm_channel=HC04; ten_god=伤官; provisional=true; rule_group=RHYTHM-HC通道; M3_STATE_pending=true,0.7
M5-RHYTHM-052,HC04 沟通校准节奏｜推进阶段行为,L1 十类关系节奏通道,RHYTHM-HC通道,通用,推进,HC04 沟通校准节奏,伤官,存在关系阶段、承诺或里程碑资料。,用外部进展替代双方内部同意。,由共享基础引擎、M2-TEMPO与M3功能模块提供；只修正用户能够承载怎样的推进、联系、共同时间、负荷与恢复节奏，不直接判断现实关系一定同步。,M2说明进入关系前的确认节奏；M5-RHYTHM只处理关系进入认真阶段以后，双方怎样持续协调推进与生活节奏。,M3-BASE、EXPR、CARE、BOUND、CONFLICT提供日常相处和状态通道；M5-RHYTHM负责把双方时间、负荷、联系、空间与恢复合成为长期节奏结构。,无／按本规则指定的提议—观察—同意—执行—反馈—调整—恢复路径路由。,近位、远位只修正某项节奏需求进入亲密关系核心的可能；不得据此判断具体对象现实中一定快、慢、黏、疏或稳定。,根气只修正节奏需求是否稳定重复，不等于双方现实节奏已成熟协调。,旺弱只修正某项推进、联系、共享、变化或恢复通道的调用强度，不直接等于适配质量。,喜忌只修正节奏调用顺畅度与摩擦，不可直接翻译为某种五行、十神或对象类型必然适合。,真合化成立时按化神功能重算节奏需要；合化争议时停止细化节奏画像。,近位提高该节奏议题进入关系核心的可能；远位只保留背景或阶段性观察。,86,+10 推进证据,progression_rhythm,每一步推进前后都需要说清预期、理解和下一步，不靠默认或猜测。,推进方面需要：每一步推进前后都需要说清预期、理解和下一步，不靠默认或猜测。,不得仅凭本规则推出具体日期、交往时长、多久结婚、联系次数、见面频率或关系结果；不得把快等同冲动、慢等同冷淡、高频等同亲密、低频等同不爱。现实安全、双方同意、持续行为、生活条件、反例与协商优先。,中高,待验证,,rhythm_channel=HC04; ten_god=伤官; provisional=true; rule_group=RHYTHM-HC通道; M3_STATE_pending=true,0.7
M5-RHYTHM-053,HC04 沟通校准节奏｜联系频率行为,L1 十类关系节奏通道,RHYTHM-HC通道,通用,联系,HC04 沟通校准节奏,伤官,存在消息、电话、见面或回应资料。,只凭绝对次数判断质量。,由共享基础引擎、M2-TEMPO与M3功能模块提供；只修正用户能够承载怎样的推进、联系、共同时间、负荷与恢复节奏，不直接判断现实关系一定同步。,M2说明进入关系前的确认节奏；M5-RHYTHM只处理关系进入认真阶段以后，双方怎样持续协调推进与生活节奏。,M3-BASE、EXPR、CARE、BOUND、CONFLICT提供日常相处和状态通道；M5-RHYTHM负责把双方时间、负荷、联系、空间与恢复合成为长期节奏结构。,无／按本规则指定的提议—观察—同意—执行—反馈—调整—恢复路径路由。,近位、远位只修正某项节奏需求进入亲密关系核心的可能；不得据此判断具体对象现实中一定快、慢、黏、疏或稳定。,根气只修正节奏需求是否稳定重复，不等于双方现实节奏已成熟协调。,旺弱只修正某项推进、联系、共享、变化或恢复通道的调用强度，不直接等于适配质量。,喜忌只修正节奏调用顺畅度与摩擦，不可直接翻译为某种五行、十神或对象类型必然适合。,真合化成立时按化神功能重算节奏需要；合化争议时停止细化节奏画像。,近位提高该节奏议题进入关系核心的可能；远位只保留背景或阶段性观察。,84,+8 联系证据,contact_rhythm,联系质量通常比固定次数更重要，双方需要知道何时讨论、何时暂停、何时回应。,联系方面需要：联系质量通常比固定次数更重要，双方需要知道何时讨论、何时暂停、何时回应。,不得仅凭本规则推出具体日期、交往时长、多久结婚、联系次数、见面频率或关系结果；不得把快等同冲动、慢等同冷淡、高频等同亲密、低频等同不爱。现实安全、双方同意、持续行为、生活条件、反例与协商优先。,中,待验证,,rhythm_channel=HC04; ten_god=伤官; provisional=true; rule_group=RHYTHM-HC通道; M3_STATE_pending=true,0.7
M5-RHYTHM-054,HC04 沟通校准节奏｜共同与个人时间,L1 十类关系节奏通道,RHYTHM-HC通道,通用,时间,HC04 沟通校准节奏,伤官,存在共同时间、独处或个人恢复资料。,把共同时长直接等同亲密，或把空间直接等同冷淡。,由共享基础引擎、M2-TEMPO与M3功能模块提供；只修正用户能够承载怎样的推进、联系、共同时间、负荷与恢复节奏，不直接判断现实关系一定同步。,M2说明进入关系前的确认节奏；M5-RHYTHM只处理关系进入认真阶段以后，双方怎样持续协调推进与生活节奏。,M3-BASE、EXPR、CARE、BOUND、CONFLICT提供日常相处和状态通道；M5-RHYTHM负责把双方时间、负荷、联系、空间与恢复合成为长期节奏结构。,无／按本规则指定的提议—观察—同意—执行—反馈—调整—恢复路径路由。,近位、远位只修正某项节奏需求进入亲密关系核心的可能；不得据此判断具体对象现实中一定快、慢、黏、疏或稳定。,根气只修正节奏需求是否稳定重复，不等于双方现实节奏已成熟协调。,旺弱只修正某项推进、联系、共享、变化或恢复通道的调用强度，不直接等于适配质量。,喜忌只修正节奏调用顺畅度与摩擦，不可直接翻译为某种五行、十神或对象类型必然适合。,真合化成立时按化神功能重算节奏需要；合化争议时停止细化节奏画像。,近位提高该节奏议题进入关系核心的可能；远位只保留背景或阶段性观察。,84,+8 时间证据,shared_personal_time,共同时间中需要有内容和交流，也应避免把所有时间都变成问题讨论。,共同与个人时间方面：共同时间中需要有内容和交流，也应避免把所有时间都变成问题讨论。,不得仅凭本规则推出具体日期、交往时长、多久结婚、联系次数、见面频率或关系结果；不得把快等同冲动、慢等同冷淡、高频等同亲密、低频等同不爱。现实安全、双方同意、持续行为、生活条件、反例与协商优先。,中,待验证,,rhythm_channel=HC04; ten_god=伤官; provisional=true; rule_group=RHYTHM-HC通道; M3_STATE_pending=true,0.7
M5-RHYTHM-055,HC04 沟通校准节奏｜生活负荷协同,L1 十类关系节奏通道,RHYTHM-HC通道,通用,负荷,HC04 沟通校准节奏,伤官,存在工作、金钱、家庭、健康或照护负荷。,忽略现实容量，只按理想频率要求。,由共享基础引擎、M2-TEMPO与M3功能模块提供；只修正用户能够承载怎样的推进、联系、共同时间、负荷与恢复节奏，不直接判断现实关系一定同步。,M2说明进入关系前的确认节奏；M5-RHYTHM只处理关系进入认真阶段以后，双方怎样持续协调推进与生活节奏。,M3-BASE、EXPR、CARE、BOUND、CONFLICT提供日常相处和状态通道；M5-RHYTHM负责把双方时间、负荷、联系、空间与恢复合成为长期节奏结构。,无／按本规则指定的提议—观察—同意—执行—反馈—调整—恢复路径路由。,近位、远位只修正某项节奏需求进入亲密关系核心的可能；不得据此判断具体对象现实中一定快、慢、黏、疏或稳定。,根气只修正节奏需求是否稳定重复，不等于双方现实节奏已成熟协调。,旺弱只修正某项推进、联系、共享、变化或恢复通道的调用强度，不直接等于适配质量。,喜忌只修正节奏调用顺畅度与摩擦，不可直接翻译为某种五行、十神或对象类型必然适合。,真合化成立时按化神功能重算节奏需要；合化争议时停止细化节奏画像。,近位提高该节奏议题进入关系核心的可能；远位只保留背景或阶段性观察。,88,+10 负荷证据,life_load_capacity,计划变化时及时说明原因、影响和替代方案，减少信息不对称。,现实负荷方面需要：计划变化时及时说明原因、影响和替代方案，减少信息不对称。,不得仅凭本规则推出具体日期、交往时长、多久结婚、联系次数、见面频率或关系结果；不得把快等同冲动、慢等同冷淡、高频等同亲密、低频等同不爱。现实安全、双方同意、持续行为、生活条件、反例与协商优先。,中高,待验证,,rhythm_channel=HC04; ten_god=伤官; provisional=true; rule_group=RHYTHM-HC通道; M3_STATE_pending=true,0.7
M5-RHYTHM-056,HC04 沟通校准节奏｜压力节奏行为,L1 十类关系节奏通道,RHYTHM-HC通道,通用,压力,HC04 沟通校准节奏,伤官,存在高压、异地、冲突或资源变化。,只有平稳期资料。,由共享基础引擎、M2-TEMPO与M3功能模块提供；只修正用户能够承载怎样的推进、联系、共同时间、负荷与恢复节奏，不直接判断现实关系一定同步。,M2说明进入关系前的确认节奏；M5-RHYTHM只处理关系进入认真阶段以后，双方怎样持续协调推进与生活节奏。,M3-BASE、EXPR、CARE、BOUND、CONFLICT提供日常相处和状态通道；M5-RHYTHM负责把双方时间、负荷、联系、空间与恢复合成为长期节奏结构。,无／按本规则指定的提议—观察—同意—执行—反馈—调整—恢复路径路由。,近位、远位只修正某项节奏需求进入亲密关系核心的可能；不得据此判断具体对象现实中一定快、慢、黏、疏或稳定。,根气只修正节奏需求是否稳定重复，不等于双方现实节奏已成熟协调。,旺弱只修正某项推进、联系、共享、变化或恢复通道的调用强度，不直接等于适配质量。,喜忌只修正节奏调用顺畅度与摩擦，不可直接翻译为某种五行、十神或对象类型必然适合。,真合化成立时按化神功能重算节奏需要；合化争议时停止细化节奏画像。,近位提高该节奏议题进入关系核心的可能；远位只保留背景或阶段性观察。,90,+12 压力证据,stress_rhythm_profile,压力下容易增加解释或讨论；成熟做法是分段、设停止点并把沟通转成行动。,压力下重点观察：压力下容易增加解释或讨论；成熟做法是分段、设停止点并把沟通转成行动。,不得仅凭本规则推出具体日期、交往时长、多久结婚、联系次数、见面频率或关系结果；不得把快等同冲动、慢等同冷淡、高频等同亲密、低频等同不爱。现实安全、双方同意、持续行为、生活条件、反例与协商优先。,中高,待验证,,rhythm_channel=HC04; ten_god=伤官; provisional=true; rule_group=RHYTHM-HC通道; M3_STATE_pending=true,0.7
M5-RHYTHM-057,HC04 沟通校准节奏｜恢复与重新开放,L1 十类关系节奏通道,RHYTHM-HC通道,通用,恢复,HC04 沟通校准节奏,伤官,存在压力结束、冲突后重连或阶段恢复资料。,把问题停止直接写成节奏恢复。,由共享基础引擎、M2-TEMPO与M3功能模块提供；只修正用户能够承载怎样的推进、联系、共同时间、负荷与恢复节奏，不直接判断现实关系一定同步。,M2说明进入关系前的确认节奏；M5-RHYTHM只处理关系进入认真阶段以后，双方怎样持续协调推进与生活节奏。,M3-BASE、EXPR、CARE、BOUND、CONFLICT提供日常相处和状态通道；M5-RHYTHM负责把双方时间、负荷、联系、空间与恢复合成为长期节奏结构。,无／按本规则指定的提议—观察—同意—执行—反馈—调整—恢复路径路由。,近位、远位只修正某项节奏需求进入亲密关系核心的可能；不得据此判断具体对象现实中一定快、慢、黏、疏或稳定。,根气只修正节奏需求是否稳定重复，不等于双方现实节奏已成熟协调。,旺弱只修正某项推进、联系、共享、变化或恢复通道的调用强度，不直接等于适配质量。,喜忌只修正节奏调用顺畅度与摩擦，不可直接翻译为某种五行、十神或对象类型必然适合。,真合化成立时按化神功能重算节奏需要；合化争议时停止细化节奏画像。,近位提高该节奏议题进入关系核心的可能；远位只保留背景或阶段性观察。,90,+12 恢复证据,recovery_rhythm,通过复述理解、更新计划和确认节奏恢复连接。,恢复方面需要：通过复述理解、更新计划和确认节奏恢复连接。,不得仅凭本规则推出具体日期、交往时长、多久结婚、联系次数、见面频率或关系结果；不得把快等同冲动、慢等同冷淡、高频等同亲密、低频等同不爱。现实安全、双方同意、持续行为、生活条件、反例与协商优先。,中高,待验证,,rhythm_channel=HC04; ten_god=伤官; provisional=true; rule_group=RHYTHM-HC通道; M3_STATE_pending=true,0.7
M5-RHYTHM-058,HC04 沟通校准节奏｜成熟节奏表达,L1 十类关系节奏通道,RHYTHM-HC通道,通用,成熟,HC04 沟通校准节奏,伤官,HV4以上，且HO01、HO02、HO04、HO05、HO10至少四项可靠。,只有自述、单次高光或一种场景。,由共享基础引擎、M2-TEMPO与M3功能模块提供；只修正用户能够承载怎样的推进、联系、共同时间、负荷与恢复节奏，不直接判断现实关系一定同步。,M2说明进入关系前的确认节奏；M5-RHYTHM只处理关系进入认真阶段以后，双方怎样持续协调推进与生活节奏。,M3-BASE、EXPR、CARE、BOUND、CONFLICT提供日常相处和状态通道；M5-RHYTHM负责把双方时间、负荷、联系、空间与恢复合成为长期节奏结构。,无／按本规则指定的提议—观察—同意—执行—反馈—调整—恢复路径路由。,近位、远位只修正某项节奏需求进入亲密关系核心的可能；不得据此判断具体对象现实中一定快、慢、黏、疏或稳定。,根气只修正节奏需求是否稳定重复，不等于双方现实节奏已成熟协调。,旺弱只修正某项推进、联系、共享、变化或恢复通道的调用强度，不直接等于适配质量。,喜忌只修正节奏调用顺畅度与摩擦，不可直接翻译为某种五行、十神或对象类型必然适合。,真合化成立时按化神功能重算节奏需要；合化争议时停止细化节奏画像。,近位提高该节奏议题进入关系核心的可能；远位只保留背景或阶段性观察。,92,成熟 +16,mature_rhythm_profile,交流帮助双方调整现实节奏，而不是只增加信息量。,成熟表现是：交流帮助双方调整现实节奏，而不是只增加信息量。,不得仅凭本规则推出具体日期、交往时长、多久结婚、联系次数、见面频率或关系结果；不得把快等同冲动、慢等同冷淡、高频等同亲密、低频等同不爱。现实安全、双方同意、持续行为、生活条件、反例与协商优先。,中高,待验证,,rhythm_channel=HC04; ten_god=伤官; provisional=true; rule_group=RHYTHM-HC通道; M3_STATE_pending=true,0.7
M5-RHYTHM-059,HC04 沟通校准节奏｜失衡与伪装候选,L1 十类关系节奏通道,RHYTHM-HC通道,通用,风险,HC04 沟通校准节奏,伤官,现实资料显示不可预测、过度占用、长期延后、负荷失配或恢复失败。,只有功能强度，没有独立失衡证据。,由共享基础引擎、M2-TEMPO与M3功能模块提供；只修正用户能够承载怎样的推进、联系、共同时间、负荷与恢复节奏，不直接判断现实关系一定同步。,M2说明进入关系前的确认节奏；M5-RHYTHM只处理关系进入认真阶段以后，双方怎样持续协调推进与生活节奏。,M3-BASE、EXPR、CARE、BOUND、CONFLICT提供日常相处和状态通道；M5-RHYTHM负责把双方时间、负荷、联系、空间与恢复合成为长期节奏结构。,无／按本规则指定的提议—观察—同意—执行—反馈—调整—恢复路径路由。,近位、远位只修正某项节奏需求进入亲密关系核心的可能；不得据此判断具体对象现实中一定快、慢、黏、疏或稳定。,根气只修正节奏需求是否稳定重复，不等于双方现实节奏已成熟协调。,旺弱只修正某项推进、联系、共享、变化或恢复通道的调用强度，不直接等于适配质量。,喜忌只修正节奏调用顺畅度与摩擦，不可直接翻译为某种五行、十神或对象类型必然适合。,真合化成立时按化神功能重算节奏需要；合化争议时停止细化节奏画像。,近位提高该节奏议题进入关系核心的可能；远位只保留背景或阶段性观察。,92,风险 +12,rhythm_risk_warning,容易过度讨论、频繁校准，使关系节奏被分析和确认需求拖慢或放大。；常见伪装是：沟通很多、计划很多，却缺少稳定执行、休息和自然相处。,需要留意：容易过度讨论、频繁校准，使关系节奏被分析和确认需求拖慢或放大。 不要只看：沟通很多、计划很多，却缺少稳定执行、休息和自然相处。,不得仅凭本规则推出具体日期、交往时长、多久结婚、联系次数、见面频率或关系结果；不得把快等同冲动、慢等同冷淡、高频等同亲密、低频等同不爱。现实安全、双方同意、持续行为、生活条件、反例与协商优先。,中高,待验证,,rhythm_channel=HC04; ten_god=伤官; provisional=true; rule_group=RHYTHM-HC通道; M3_STATE_pending=true,0.7
M5-RHYTHM-060,HC04 沟通校准节奏｜关键观察与用户输出,L1 十类关系节奏通道,RHYTHM-HC通道,通用,输出,HC04 沟通校准节奏,伤官,已形成主或次HC候选。,HS08停止或资料严重不足。,由共享基础引擎、M2-TEMPO与M3功能模块提供；只修正用户能够承载怎样的推进、联系、共同时间、负荷与恢复节奏，不直接判断现实关系一定同步。,M2说明进入关系前的确认节奏；M5-RHYTHM只处理关系进入认真阶段以后，双方怎样持续协调推进与生活节奏。,M3-BASE、EXPR、CARE、BOUND、CONFLICT提供日常相处和状态通道；M5-RHYTHM负责把双方时间、负荷、联系、空间与恢复合成为长期节奏结构。,无／按本规则指定的提议—观察—同意—执行—反馈—调整—恢复路径路由。,近位、远位只修正某项节奏需求进入亲密关系核心的可能；不得据此判断具体对象现实中一定快、慢、黏、疏或稳定。,根气只修正节奏需求是否稳定重复，不等于双方现实节奏已成熟协调。,旺弱只修正某项推进、联系、共享、变化或恢复通道的调用强度，不直接等于适配质量。,喜忌只修正节奏调用顺畅度与摩擦，不可直接翻译为某种五行、十神或对象类型必然适合。,真合化成立时按化神功能重算节奏需要；合化争议时停止细化节奏画像。,近位提高该节奏议题进入关系核心的可能；远位只保留背景或阶段性观察。,76,不加分；输出,observation_plan,沟通结束以后，联系、计划和负荷是否真正改变，还是继续反复讨论。,沟通结束以后，联系、计划和负荷是否真正改变，还是继续反复讨论。,不得仅凭本规则推出具体日期、交往时长、多久结婚、联系次数、见面频率或关系结果；不得把快等同冲动、慢等同冷淡、高频等同亲密、低频等同不爱。现实安全、双方同意、持续行为、生活条件、反例与协商优先。,中高,待验证,,rhythm_channel=HC04; ten_god=伤官; provisional=true; rule_group=RHYTHM-HC通道; M3_STATE_pending=true,0.7
M5-RHYTHM-061,HC05 日常经营节奏｜通道定义,L1 十类关系节奏通道,RHYTHM-HC通道,通用,基础,HC05 日常经营节奏,正财,M5-BASE或上游模块将对应FN路由为主／次节奏功能。,PR0安全门控未通过或该功能只属PR3且与主风险冲突。,由共享基础引擎、M2-TEMPO与M3功能模块提供；只修正用户能够承载怎样的推进、联系、共同时间、负荷与恢复节奏，不直接判断现实关系一定同步。,M2说明进入关系前的确认节奏；M5-RHYTHM只处理关系进入认真阶段以后，双方怎样持续协调推进与生活节奏。,M3-BASE、EXPR、CARE、BOUND、CONFLICT提供日常相处和状态通道；M5-RHYTHM负责把双方时间、负荷、联系、空间与恢复合成为长期节奏结构。,无／按本规则指定的提议—观察—同意—执行—反馈—调整—恢复路径路由。,近位、远位只修正某项节奏需求进入亲密关系核心的可能；不得据此判断具体对象现实中一定快、慢、黏、疏或稳定。,根气只修正节奏需求是否稳定重复，不等于双方现实节奏已成熟协调。,旺弱只修正某项推进、联系、共享、变化或恢复通道的调用强度，不直接等于适配质量。,喜忌只修正节奏调用顺畅度与摩擦，不可直接翻译为某种五行、十神或对象类型必然适合。,真合化成立时按化神功能重算节奏需要；合化争议时停止细化节奏画像。,近位提高该节奏议题进入关系核心的可能；远位只保留背景或阶段性观察。,94,主通道候选 +20,primary_rhythm_channel,HC05 日常经营节奏将正财功能转译为双人节奏通道。,你需要可预测的日常，但规律必须能随着现实负荷重新调整。,不得仅凭本规则推出具体日期、交往时长、多久结婚、联系次数、见面频率或关系结果；不得把快等同冲动、慢等同冷淡、高频等同亲密、低频等同不爱。现实安全、双方同意、持续行为、生活条件、反例与协商优先。,中高,待验证,,rhythm_channel=HC05; ten_god=正财; provisional=true; rule_group=RHYTHM-HC通道; M3_STATE_pending=true,0.7
M5-RHYTHM-062,HC05 日常经营节奏｜推进阶段行为,L1 十类关系节奏通道,RHYTHM-HC通道,通用,推进,HC05 日常经营节奏,正财,存在关系阶段、承诺或里程碑资料。,用外部进展替代双方内部同意。,由共享基础引擎、M2-TEMPO与M3功能模块提供；只修正用户能够承载怎样的推进、联系、共同时间、负荷与恢复节奏，不直接判断现实关系一定同步。,M2说明进入关系前的确认节奏；M5-RHYTHM只处理关系进入认真阶段以后，双方怎样持续协调推进与生活节奏。,M3-BASE、EXPR、CARE、BOUND、CONFLICT提供日常相处和状态通道；M5-RHYTHM负责把双方时间、负荷、联系、空间与恢复合成为长期节奏结构。,无／按本规则指定的提议—观察—同意—执行—反馈—调整—恢复路径路由。,近位、远位只修正某项节奏需求进入亲密关系核心的可能；不得据此判断具体对象现实中一定快、慢、黏、疏或稳定。,根气只修正节奏需求是否稳定重复，不等于双方现实节奏已成熟协调。,旺弱只修正某项推进、联系、共享、变化或恢复通道的调用强度，不直接等于适配质量。,喜忌只修正节奏调用顺畅度与摩擦，不可直接翻译为某种五行、十神或对象类型必然适合。,真合化成立时按化神功能重算节奏需要；合化争议时停止细化节奏画像。,近位提高该节奏议题进入关系核心的可能；远位只保留背景或阶段性观察。,86,+10 推进证据,progression_rhythm,推进关系时会逐步增加现实整合，例如时间、居住、预算和责任。,推进方面需要：推进关系时会逐步增加现实整合，例如时间、居住、预算和责任。,不得仅凭本规则推出具体日期、交往时长、多久结婚、联系次数、见面频率或关系结果；不得把快等同冲动、慢等同冷淡、高频等同亲密、低频等同不爱。现实安全、双方同意、持续行为、生活条件、反例与协商优先。,中高,待验证,,rhythm_channel=HC05; ten_god=正财; provisional=true; rule_group=RHYTHM-HC通道; M3_STATE_pending=true,0.7
M5-RHYTHM-063,HC05 日常经营节奏｜联系频率行为,L1 十类关系节奏通道,RHYTHM-HC通道,通用,联系,HC05 日常经营节奏,正财,存在消息、电话、见面或回应资料。,只凭绝对次数判断质量。,由共享基础引擎、M2-TEMPO与M3功能模块提供；只修正用户能够承载怎样的推进、联系、共同时间、负荷与恢复节奏，不直接判断现实关系一定同步。,M2说明进入关系前的确认节奏；M5-RHYTHM只处理关系进入认真阶段以后，双方怎样持续协调推进与生活节奏。,M3-BASE、EXPR、CARE、BOUND、CONFLICT提供日常相处和状态通道；M5-RHYTHM负责把双方时间、负荷、联系、空间与恢复合成为长期节奏结构。,无／按本规则指定的提议—观察—同意—执行—反馈—调整—恢复路径路由。,近位、远位只修正某项节奏需求进入亲密关系核心的可能；不得据此判断具体对象现实中一定快、慢、黏、疏或稳定。,根气只修正节奏需求是否稳定重复，不等于双方现实节奏已成熟协调。,旺弱只修正某项推进、联系、共享、变化或恢复通道的调用强度，不直接等于适配质量。,喜忌只修正节奏调用顺畅度与摩擦，不可直接翻译为某种五行、十神或对象类型必然适合。,真合化成立时按化神功能重算节奏需要；合化争议时停止细化节奏画像。,近位提高该节奏议题进入关系核心的可能；远位只保留背景或阶段性观察。,84,+8 联系证据,contact_rhythm,联系频率重视稳定和持续，不依赖情绪高点或临时兴致。,联系方面需要：联系频率重视稳定和持续，不依赖情绪高点或临时兴致。,不得仅凭本规则推出具体日期、交往时长、多久结婚、联系次数、见面频率或关系结果；不得把快等同冲动、慢等同冷淡、高频等同亲密、低频等同不爱。现实安全、双方同意、持续行为、生活条件、反例与协商优先。,中,待验证,,rhythm_channel=HC05; ten_god=正财; provisional=true; rule_group=RHYTHM-HC通道; M3_STATE_pending=true,0.7
M5-RHYTHM-064,HC05 日常经营节奏｜共同与个人时间,L1 十类关系节奏通道,RHYTHM-HC通道,通用,时间,HC05 日常经营节奏,正财,存在共同时间、独处或个人恢复资料。,把共同时长直接等同亲密，或把空间直接等同冷淡。,由共享基础引擎、M2-TEMPO与M3功能模块提供；只修正用户能够承载怎样的推进、联系、共同时间、负荷与恢复节奏，不直接判断现实关系一定同步。,M2说明进入关系前的确认节奏；M5-RHYTHM只处理关系进入认真阶段以后，双方怎样持续协调推进与生活节奏。,M3-BASE、EXPR、CARE、BOUND、CONFLICT提供日常相处和状态通道；M5-RHYTHM负责把双方时间、负荷、联系、空间与恢复合成为长期节奏结构。,无／按本规则指定的提议—观察—同意—执行—反馈—调整—恢复路径路由。,近位、远位只修正某项节奏需求进入亲密关系核心的可能；不得据此判断具体对象现实中一定快、慢、黏、疏或稳定。,根气只修正节奏需求是否稳定重复，不等于双方现实节奏已成熟协调。,旺弱只修正某项推进、联系、共享、变化或恢复通道的调用强度，不直接等于适配质量。,喜忌只修正节奏调用顺畅度与摩擦，不可直接翻译为某种五行、十神或对象类型必然适合。,真合化成立时按化神功能重算节奏需要；合化争议时停止细化节奏画像。,近位提高该节奏议题进入关系核心的可能；远位只保留背景或阶段性观察。,84,+8 时间证据,shared_personal_time,共同时间、家务和生活安排有固定结构，同时保留可协商的个人时间。,共同与个人时间方面：共同时间、家务和生活安排有固定结构，同时保留可协商的个人时间。,不得仅凭本规则推出具体日期、交往时长、多久结婚、联系次数、见面频率或关系结果；不得把快等同冲动、慢等同冷淡、高频等同亲密、低频等同不爱。现实安全、双方同意、持续行为、生活条件、反例与协商优先。,中,待验证,,rhythm_channel=HC05; ten_god=正财; provisional=true; rule_group=RHYTHM-HC通道; M3_STATE_pending=true,0.7
M5-RHYTHM-065,HC05 日常经营节奏｜生活负荷协同,L1 十类关系节奏通道,RHYTHM-HC通道,通用,负荷,HC05 日常经营节奏,正财,存在工作、金钱、家庭、健康或照护负荷。,忽略现实容量，只按理想频率要求。,由共享基础引擎、M2-TEMPO与M3功能模块提供；只修正用户能够承载怎样的推进、联系、共同时间、负荷与恢复节奏，不直接判断现实关系一定同步。,M2说明进入关系前的确认节奏；M5-RHYTHM只处理关系进入认真阶段以后，双方怎样持续协调推进与生活节奏。,M3-BASE、EXPR、CARE、BOUND、CONFLICT提供日常相处和状态通道；M5-RHYTHM负责把双方时间、负荷、联系、空间与恢复合成为长期节奏结构。,无／按本规则指定的提议—观察—同意—执行—反馈—调整—恢复路径路由。,近位、远位只修正某项节奏需求进入亲密关系核心的可能；不得据此判断具体对象现实中一定快、慢、黏、疏或稳定。,根气只修正节奏需求是否稳定重复，不等于双方现实节奏已成熟协调。,旺弱只修正某项推进、联系、共享、变化或恢复通道的调用强度，不直接等于适配质量。,喜忌只修正节奏调用顺畅度与摩擦，不可直接翻译为某种五行、十神或对象类型必然适合。,真合化成立时按化神功能重算节奏需要；合化争议时停止细化节奏画像。,近位提高该节奏议题进入关系核心的可能；远位只保留背景或阶段性观察。,88,+10 负荷证据,life_load_capacity,会根据工作、金钱、家庭和健康负荷调整计划，并明确谁承担什么。,现实负荷方面需要：会根据工作、金钱、家庭和健康负荷调整计划，并明确谁承担什么。,不得仅凭本规则推出具体日期、交往时长、多久结婚、联系次数、见面频率或关系结果；不得把快等同冲动、慢等同冷淡、高频等同亲密、低频等同不爱。现实安全、双方同意、持续行为、生活条件、反例与协商优先。,中高,待验证,,rhythm_channel=HC05; ten_god=正财; provisional=true; rule_group=RHYTHM-HC通道; M3_STATE_pending=true,0.7
M5-RHYTHM-066,HC05 日常经营节奏｜压力节奏行为,L1 十类关系节奏通道,RHYTHM-HC通道,通用,压力,HC05 日常经营节奏,正财,存在高压、异地、冲突或资源变化。,只有平稳期资料。,由共享基础引擎、M2-TEMPO与M3功能模块提供；只修正用户能够承载怎样的推进、联系、共同时间、负荷与恢复节奏，不直接判断现实关系一定同步。,M2说明进入关系前的确认节奏；M5-RHYTHM只处理关系进入认真阶段以后，双方怎样持续协调推进与生活节奏。,M3-BASE、EXPR、CARE、BOUND、CONFLICT提供日常相处和状态通道；M5-RHYTHM负责把双方时间、负荷、联系、空间与恢复合成为长期节奏结构。,无／按本规则指定的提议—观察—同意—执行—反馈—调整—恢复路径路由。,近位、远位只修正某项节奏需求进入亲密关系核心的可能；不得据此判断具体对象现实中一定快、慢、黏、疏或稳定。,根气只修正节奏需求是否稳定重复，不等于双方现实节奏已成熟协调。,旺弱只修正某项推进、联系、共享、变化或恢复通道的调用强度，不直接等于适配质量。,喜忌只修正节奏调用顺畅度与摩擦，不可直接翻译为某种五行、十神或对象类型必然适合。,真合化成立时按化神功能重算节奏需要；合化争议时停止细化节奏画像。,近位提高该节奏议题进入关系核心的可能；远位只保留背景或阶段性观察。,90,+12 压力证据,stress_rhythm_profile,压力下优先维护最低日常和关键责任，必要时暂时降低非核心活动。,压力下重点观察：压力下优先维护最低日常和关键责任，必要时暂时降低非核心活动。,不得仅凭本规则推出具体日期、交往时长、多久结婚、联系次数、见面频率或关系结果；不得把快等同冲动、慢等同冷淡、高频等同亲密、低频等同不爱。现实安全、双方同意、持续行为、生活条件、反例与协商优先。,中高,待验证,,rhythm_channel=HC05; ten_god=正财; provisional=true; rule_group=RHYTHM-HC通道; M3_STATE_pending=true,0.7
M5-RHYTHM-067,HC05 日常经营节奏｜恢复与重新开放,L1 十类关系节奏通道,RHYTHM-HC通道,通用,恢复,HC05 日常经营节奏,正财,存在压力结束、冲突后重连或阶段恢复资料。,把问题停止直接写成节奏恢复。,由共享基础引擎、M2-TEMPO与M3功能模块提供；只修正用户能够承载怎样的推进、联系、共同时间、负荷与恢复节奏，不直接判断现实关系一定同步。,M2说明进入关系前的确认节奏；M5-RHYTHM只处理关系进入认真阶段以后，双方怎样持续协调推进与生活节奏。,M3-BASE、EXPR、CARE、BOUND、CONFLICT提供日常相处和状态通道；M5-RHYTHM负责把双方时间、负荷、联系、空间与恢复合成为长期节奏结构。,无／按本规则指定的提议—观察—同意—执行—反馈—调整—恢复路径路由。,近位、远位只修正某项节奏需求进入亲密关系核心的可能；不得据此判断具体对象现实中一定快、慢、黏、疏或稳定。,根气只修正节奏需求是否稳定重复，不等于双方现实节奏已成熟协调。,旺弱只修正某项推进、联系、共享、变化或恢复通道的调用强度，不直接等于适配质量。,喜忌只修正节奏调用顺畅度与摩擦，不可直接翻译为某种五行、十神或对象类型必然适合。,真合化成立时按化神功能重算节奏需要；合化争议时停止细化节奏画像。,近位提高该节奏议题进入关系核心的可能；远位只保留背景或阶段性观察。,90,+12 恢复证据,recovery_rhythm,通过恢复规律联系、兑现安排和重新建立日常秩序恢复关系。,恢复方面需要：通过恢复规律联系、兑现安排和重新建立日常秩序恢复关系。,不得仅凭本规则推出具体日期、交往时长、多久结婚、联系次数、见面频率或关系结果；不得把快等同冲动、慢等同冷淡、高频等同亲密、低频等同不爱。现实安全、双方同意、持续行为、生活条件、反例与协商优先。,中高,待验证,,rhythm_channel=HC05; ten_god=正财; provisional=true; rule_group=RHYTHM-HC通道; M3_STATE_pending=true,0.7
M5-RHYTHM-068,HC05 日常经营节奏｜成熟节奏表达,L1 十类关系节奏通道,RHYTHM-HC通道,通用,成熟,HC05 日常经营节奏,正财,HV4以上，且HO01、HO02、HO04、HO05、HO10至少四项可靠。,只有自述、单次高光或一种场景。,由共享基础引擎、M2-TEMPO与M3功能模块提供；只修正用户能够承载怎样的推进、联系、共同时间、负荷与恢复节奏，不直接判断现实关系一定同步。,M2说明进入关系前的确认节奏；M5-RHYTHM只处理关系进入认真阶段以后，双方怎样持续协调推进与生活节奏。,M3-BASE、EXPR、CARE、BOUND、CONFLICT提供日常相处和状态通道；M5-RHYTHM负责把双方时间、负荷、联系、空间与恢复合成为长期节奏结构。,无／按本规则指定的提议—观察—同意—执行—反馈—调整—恢复路径路由。,近位、远位只修正某项节奏需求进入亲密关系核心的可能；不得据此判断具体对象现实中一定快、慢、黏、疏或稳定。,根气只修正节奏需求是否稳定重复，不等于双方现实节奏已成熟协调。,旺弱只修正某项推进、联系、共享、变化或恢复通道的调用强度，不直接等于适配质量。,喜忌只修正节奏调用顺畅度与摩擦，不可直接翻译为某种五行、十神或对象类型必然适合。,真合化成立时按化神功能重算节奏需要；合化争议时停止细化节奏画像。,近位提高该节奏议题进入关系核心的可能；远位只保留背景或阶段性观察。,92,成熟 +16,mature_rhythm_profile,稳定但不僵化，规律可以根据现实变化重订。,成熟表现是：稳定但不僵化，规律可以根据现实变化重订。,不得仅凭本规则推出具体日期、交往时长、多久结婚、联系次数、见面频率或关系结果；不得把快等同冲动、慢等同冷淡、高频等同亲密、低频等同不爱。现实安全、双方同意、持续行为、生活条件、反例与协商优先。,中高,待验证,,rhythm_channel=HC05; ten_god=正财; provisional=true; rule_group=RHYTHM-HC通道; M3_STATE_pending=true,0.7
M5-RHYTHM-069,HC05 日常经营节奏｜失衡与伪装候选,L1 十类关系节奏通道,RHYTHM-HC通道,通用,风险,HC05 日常经营节奏,正财,现实资料显示不可预测、过度占用、长期延后、负荷失配或恢复失败。,只有功能强度，没有独立失衡证据。,由共享基础引擎、M2-TEMPO与M3功能模块提供；只修正用户能够承载怎样的推进、联系、共同时间、负荷与恢复节奏，不直接判断现实关系一定同步。,M2说明进入关系前的确认节奏；M5-RHYTHM只处理关系进入认真阶段以后，双方怎样持续协调推进与生活节奏。,M3-BASE、EXPR、CARE、BOUND、CONFLICT提供日常相处和状态通道；M5-RHYTHM负责把双方时间、负荷、联系、空间与恢复合成为长期节奏结构。,无／按本规则指定的提议—观察—同意—执行—反馈—调整—恢复路径路由。,近位、远位只修正某项节奏需求进入亲密关系核心的可能；不得据此判断具体对象现实中一定快、慢、黏、疏或稳定。,根气只修正节奏需求是否稳定重复，不等于双方现实节奏已成熟协调。,旺弱只修正某项推进、联系、共享、变化或恢复通道的调用强度，不直接等于适配质量。,喜忌只修正节奏调用顺畅度与摩擦，不可直接翻译为某种五行、十神或对象类型必然适合。,真合化成立时按化神功能重算节奏需要；合化争议时停止细化节奏画像。,近位提高该节奏议题进入关系核心的可能；远位只保留背景或阶段性观察。,92,风险 +12,rhythm_risk_warning,容易把稳定变成固定、记账和高负荷维持，忽略体验、休息和变化需求。；常见伪装是：计划、责任和投入看起来很完整，实际只有一方维持或成本不可持续。,需要留意：容易把稳定变成固定、记账和高负荷维持，忽略体验、休息和变化需求。 不要只看：计划、责任和投入看起来很完整，实际只有一方维持或成本不可持续。,不得仅凭本规则推出具体日期、交往时长、多久结婚、联系次数、见面频率或关系结果；不得把快等同冲动、慢等同冷淡、高频等同亲密、低频等同不爱。现实安全、双方同意、持续行为、生活条件、反例与协商优先。,中高,待验证,,rhythm_channel=HC05; ten_god=正财; provisional=true; rule_group=RHYTHM-HC通道; M3_STATE_pending=true,0.7
M5-RHYTHM-070,HC05 日常经营节奏｜关键观察与用户输出,L1 十类关系节奏通道,RHYTHM-HC通道,通用,输出,HC05 日常经营节奏,正财,已形成主或次HC候选。,HS08停止或资料严重不足。,由共享基础引擎、M2-TEMPO与M3功能模块提供；只修正用户能够承载怎样的推进、联系、共同时间、负荷与恢复节奏，不直接判断现实关系一定同步。,M2说明进入关系前的确认节奏；M5-RHYTHM只处理关系进入认真阶段以后，双方怎样持续协调推进与生活节奏。,M3-BASE、EXPR、CARE、BOUND、CONFLICT提供日常相处和状态通道；M5-RHYTHM负责把双方时间、负荷、联系、空间与恢复合成为长期节奏结构。,无／按本规则指定的提议—观察—同意—执行—反馈—调整—恢复路径路由。,近位、远位只修正某项节奏需求进入亲密关系核心的可能；不得据此判断具体对象现实中一定快、慢、黏、疏或稳定。,根气只修正节奏需求是否稳定重复，不等于双方现实节奏已成熟协调。,旺弱只修正某项推进、联系、共享、变化或恢复通道的调用强度，不直接等于适配质量。,喜忌只修正节奏调用顺畅度与摩擦，不可直接翻译为某种五行、十神或对象类型必然适合。,真合化成立时按化神功能重算节奏需要；合化争议时停止细化节奏画像。,近位提高该节奏议题进入关系核心的可能；远位只保留背景或阶段性观察。,76,不加分；输出,observation_plan,负荷增加、计划被打乱或新鲜感下降时，日常投入能否协商并持续。,负荷增加、计划被打乱或新鲜感下降时，日常投入能否协商并持续。,不得仅凭本规则推出具体日期、交往时长、多久结婚、联系次数、见面频率或关系结果；不得把快等同冲动、慢等同冷淡、高频等同亲密、低频等同不爱。现实安全、双方同意、持续行为、生活条件、反例与协商优先。,中高,待验证,,rhythm_channel=HC05; ten_god=正财; provisional=true; rule_group=RHYTHM-HC通道; M3_STATE_pending=true,0.7
M5-RHYTHM-071,HC06 弹性体验节奏｜通道定义,L1 十类关系节奏通道,RHYTHM-HC通道,通用,基础,HC06 弹性体验节奏,偏财,M5-BASE或上游模块将对应FN路由为主／次节奏功能。,PR0安全门控未通过或该功能只属PR3且与主风险冲突。,由共享基础引擎、M2-TEMPO与M3功能模块提供；只修正用户能够承载怎样的推进、联系、共同时间、负荷与恢复节奏，不直接判断现实关系一定同步。,M2说明进入关系前的确认节奏；M5-RHYTHM只处理关系进入认真阶段以后，双方怎样持续协调推进与生活节奏。,M3-BASE、EXPR、CARE、BOUND、CONFLICT提供日常相处和状态通道；M5-RHYTHM负责把双方时间、负荷、联系、空间与恢复合成为长期节奏结构。,无／按本规则指定的提议—观察—同意—执行—反馈—调整—恢复路径路由。,近位、远位只修正某项节奏需求进入亲密关系核心的可能；不得据此判断具体对象现实中一定快、慢、黏、疏或稳定。,根气只修正节奏需求是否稳定重复，不等于双方现实节奏已成熟协调。,旺弱只修正某项推进、联系、共享、变化或恢复通道的调用强度，不直接等于适配质量。,喜忌只修正节奏调用顺畅度与摩擦，不可直接翻译为某种五行、十神或对象类型必然适合。,真合化成立时按化神功能重算节奏需要；合化争议时停止细化节奏画像。,近位提高该节奏议题进入关系核心的可能；远位只保留背景或阶段性观察。,94,主通道候选 +20,primary_rhythm_channel,HC06 弹性体验节奏将偏财功能转译为双人节奏通道。,关系可以有变化和活力，但重要节奏需要透明，并最终落到持续安排。,不得仅凭本规则推出具体日期、交往时长、多久结婚、联系次数、见面频率或关系结果；不得把快等同冲动、慢等同冷淡、高频等同亲密、低频等同不爱。现实安全、双方同意、持续行为、生活条件、反例与协商优先。,中高,待验证,,rhythm_channel=HC06; ten_god=偏财; provisional=true; rule_group=RHYTHM-HC通道; M3_STATE_pending=true,0.7
M5-RHYTHM-072,HC06 弹性体验节奏｜推进阶段行为,L1 十类关系节奏通道,RHYTHM-HC通道,通用,推进,HC06 弹性体验节奏,偏财,存在关系阶段、承诺或里程碑资料。,用外部进展替代双方内部同意。,由共享基础引擎、M2-TEMPO与M3功能模块提供；只修正用户能够承载怎样的推进、联系、共同时间、负荷与恢复节奏，不直接判断现实关系一定同步。,M2说明进入关系前的确认节奏；M5-RHYTHM只处理关系进入认真阶段以后，双方怎样持续协调推进与生活节奏。,M3-BASE、EXPR、CARE、BOUND、CONFLICT提供日常相处和状态通道；M5-RHYTHM负责把双方时间、负荷、联系、空间与恢复合成为长期节奏结构。,无／按本规则指定的提议—观察—同意—执行—反馈—调整—恢复路径路由。,近位、远位只修正某项节奏需求进入亲密关系核心的可能；不得据此判断具体对象现实中一定快、慢、黏、疏或稳定。,根气只修正节奏需求是否稳定重复，不等于双方现实节奏已成熟协调。,旺弱只修正某项推进、联系、共享、变化或恢复通道的调用强度，不直接等于适配质量。,喜忌只修正节奏调用顺畅度与摩擦，不可直接翻译为某种五行、十神或对象类型必然适合。,真合化成立时按化神功能重算节奏需要；合化争议时停止细化节奏画像。,近位提高该节奏议题进入关系核心的可能；远位只保留背景或阶段性观察。,86,+10 推进证据,progression_rhythm,关系可能由体验和互动快速启动，但正式推进需要另外确认稳定性与责任。,推进方面需要：关系可能由体验和互动快速启动，但正式推进需要另外确认稳定性与责任。,不得仅凭本规则推出具体日期、交往时长、多久结婚、联系次数、见面频率或关系结果；不得把快等同冲动、慢等同冷淡、高频等同亲密、低频等同不爱。现实安全、双方同意、持续行为、生活条件、反例与协商优先。,中高,待验证,,rhythm_channel=HC06; ten_god=偏财; provisional=true; rule_group=RHYTHM-HC通道; M3_STATE_pending=true,0.7
M5-RHYTHM-073,HC06 弹性体验节奏｜联系频率行为,L1 十类关系节奏通道,RHYTHM-HC通道,通用,联系,HC06 弹性体验节奏,偏财,存在消息、电话、见面或回应资料。,只凭绝对次数判断质量。,由共享基础引擎、M2-TEMPO与M3功能模块提供；只修正用户能够承载怎样的推进、联系、共同时间、负荷与恢复节奏，不直接判断现实关系一定同步。,M2说明进入关系前的确认节奏；M5-RHYTHM只处理关系进入认真阶段以后，双方怎样持续协调推进与生活节奏。,M3-BASE、EXPR、CARE、BOUND、CONFLICT提供日常相处和状态通道；M5-RHYTHM负责把双方时间、负荷、联系、空间与恢复合成为长期节奏结构。,无／按本规则指定的提议—观察—同意—执行—反馈—调整—恢复路径路由。,近位、远位只修正某项节奏需求进入亲密关系核心的可能；不得据此判断具体对象现实中一定快、慢、黏、疏或稳定。,根气只修正节奏需求是否稳定重复，不等于双方现实节奏已成熟协调。,旺弱只修正某项推进、联系、共享、变化或恢复通道的调用强度，不直接等于适配质量。,喜忌只修正节奏调用顺畅度与摩擦，不可直接翻译为某种五行、十神或对象类型必然适合。,真合化成立时按化神功能重算节奏需要；合化争议时停止细化节奏画像。,近位提高该节奏议题进入关系核心的可能；远位只保留背景或阶段性观察。,84,+8 联系证据,contact_rhythm,频率可以变化，成熟结构会提前说明忙碌、旅行和社交对联系的影响。,联系方面需要：频率可以变化，成熟结构会提前说明忙碌、旅行和社交对联系的影响。,不得仅凭本规则推出具体日期、交往时长、多久结婚、联系次数、见面频率或关系结果；不得把快等同冲动、慢等同冷淡、高频等同亲密、低频等同不爱。现实安全、双方同意、持续行为、生活条件、反例与协商优先。,中,待验证,,rhythm_channel=HC06; ten_god=偏财; provisional=true; rule_group=RHYTHM-HC通道; M3_STATE_pending=true,0.7
M5-RHYTHM-074,HC06 弹性体验节奏｜共同与个人时间,L1 十类关系节奏通道,RHYTHM-HC通道,通用,时间,HC06 弹性体验节奏,偏财,存在共同时间、独处或个人恢复资料。,把共同时长直接等同亲密，或把空间直接等同冷淡。,由共享基础引擎、M2-TEMPO与M3功能模块提供；只修正用户能够承载怎样的推进、联系、共同时间、负荷与恢复节奏，不直接判断现实关系一定同步。,M2说明进入关系前的确认节奏；M5-RHYTHM只处理关系进入认真阶段以后，双方怎样持续协调推进与生活节奏。,M3-BASE、EXPR、CARE、BOUND、CONFLICT提供日常相处和状态通道；M5-RHYTHM负责把双方时间、负荷、联系、空间与恢复合成为长期节奏结构。,无／按本规则指定的提议—观察—同意—执行—反馈—调整—恢复路径路由。,近位、远位只修正某项节奏需求进入亲密关系核心的可能；不得据此判断具体对象现实中一定快、慢、黏、疏或稳定。,根气只修正节奏需求是否稳定重复，不等于双方现实节奏已成熟协调。,旺弱只修正某项推进、联系、共享、变化或恢复通道的调用强度，不直接等于适配质量。,喜忌只修正节奏调用顺畅度与摩擦，不可直接翻译为某种五行、十神或对象类型必然适合。,真合化成立时按化神功能重算节奏需要；合化争议时停止细化节奏画像。,近位提高该节奏议题进入关系核心的可能；远位只保留背景或阶段性观察。,84,+8 时间证据,shared_personal_time,共同时间偏重体验和变化，也需建立基础日常与个人恢复时间。,共同与个人时间方面：共同时间偏重体验和变化，也需建立基础日常与个人恢复时间。,不得仅凭本规则推出具体日期、交往时长、多久结婚、联系次数、见面频率或关系结果；不得把快等同冲动、慢等同冷淡、高频等同亲密、低频等同不爱。现实安全、双方同意、持续行为、生活条件、反例与协商优先。,中,待验证,,rhythm_channel=HC06; ten_god=偏财; provisional=true; rule_group=RHYTHM-HC通道; M3_STATE_pending=true,0.7
M5-RHYTHM-075,HC06 弹性体验节奏｜生活负荷协同,L1 十类关系节奏通道,RHYTHM-HC通道,通用,负荷,HC06 弹性体验节奏,偏财,存在工作、金钱、家庭、健康或照护负荷。,忽略现实容量，只按理想频率要求。,由共享基础引擎、M2-TEMPO与M3功能模块提供；只修正用户能够承载怎样的推进、联系、共同时间、负荷与恢复节奏，不直接判断现实关系一定同步。,M2说明进入关系前的确认节奏；M5-RHYTHM只处理关系进入认真阶段以后，双方怎样持续协调推进与生活节奏。,M3-BASE、EXPR、CARE、BOUND、CONFLICT提供日常相处和状态通道；M5-RHYTHM负责把双方时间、负荷、联系、空间与恢复合成为长期节奏结构。,无／按本规则指定的提议—观察—同意—执行—反馈—调整—恢复路径路由。,近位、远位只修正某项节奏需求进入亲密关系核心的可能；不得据此判断具体对象现实中一定快、慢、黏、疏或稳定。,根气只修正节奏需求是否稳定重复，不等于双方现实节奏已成熟协调。,旺弱只修正某项推进、联系、共享、变化或恢复通道的调用强度，不直接等于适配质量。,喜忌只修正节奏调用顺畅度与摩擦，不可直接翻译为某种五行、十神或对象类型必然适合。,真合化成立时按化神功能重算节奏需要；合化争议时停止细化节奏画像。,近位提高该节奏议题进入关系核心的可能；远位只保留背景或阶段性观察。,88,+10 负荷证据,life_load_capacity,资源和计划变化时能够灵活替换，不让临时性成为长期不确定。,现实负荷方面需要：资源和计划变化时能够灵活替换，不让临时性成为长期不确定。,不得仅凭本规则推出具体日期、交往时长、多久结婚、联系次数、见面频率或关系结果；不得把快等同冲动、慢等同冷淡、高频等同亲密、低频等同不爱。现实安全、双方同意、持续行为、生活条件、反例与协商优先。,中高,待验证,,rhythm_channel=HC06; ten_god=偏财; provisional=true; rule_group=RHYTHM-HC通道; M3_STATE_pending=true,0.7
M5-RHYTHM-076,HC06 弹性体验节奏｜压力节奏行为,L1 十类关系节奏通道,RHYTHM-HC通道,通用,压力,HC06 弹性体验节奏,偏财,存在高压、异地、冲突或资源变化。,只有平稳期资料。,由共享基础引擎、M2-TEMPO与M3功能模块提供；只修正用户能够承载怎样的推进、联系、共同时间、负荷与恢复节奏，不直接判断现实关系一定同步。,M2说明进入关系前的确认节奏；M5-RHYTHM只处理关系进入认真阶段以后，双方怎样持续协调推进与生活节奏。,M3-BASE、EXPR、CARE、BOUND、CONFLICT提供日常相处和状态通道；M5-RHYTHM负责把双方时间、负荷、联系、空间与恢复合成为长期节奏结构。,无／按本规则指定的提议—观察—同意—执行—反馈—调整—恢复路径路由。,近位、远位只修正某项节奏需求进入亲密关系核心的可能；不得据此判断具体对象现实中一定快、慢、黏、疏或稳定。,根气只修正节奏需求是否稳定重复，不等于双方现实节奏已成熟协调。,旺弱只修正某项推进、联系、共享、变化或恢复通道的调用强度，不直接等于适配质量。,喜忌只修正节奏调用顺畅度与摩擦，不可直接翻译为某种五行、十神或对象类型必然适合。,真合化成立时按化神功能重算节奏需要；合化争议时停止细化节奏画像。,近位提高该节奏议题进入关系核心的可能；远位只保留背景或阶段性观察。,90,+12 压力证据,stress_rhythm_profile,压力下可通过调整形式和场景维持连接，但不能回避核心责任。,压力下重点观察：压力下可通过调整形式和场景维持连接，但不能回避核心责任。,不得仅凭本规则推出具体日期、交往时长、多久结婚、联系次数、见面频率或关系结果；不得把快等同冲动、慢等同冷淡、高频等同亲密、低频等同不爱。现实安全、双方同意、持续行为、生活条件、反例与协商优先。,中高,待验证,,rhythm_channel=HC06; ten_god=偏财; provisional=true; rule_group=RHYTHM-HC通道; M3_STATE_pending=true,0.7
M5-RHYTHM-077,HC06 弹性体验节奏｜恢复与重新开放,L1 十类关系节奏通道,RHYTHM-HC通道,通用,恢复,HC06 弹性体验节奏,偏财,存在压力结束、冲突后重连或阶段恢复资料。,把问题停止直接写成节奏恢复。,由共享基础引擎、M2-TEMPO与M3功能模块提供；只修正用户能够承载怎样的推进、联系、共同时间、负荷与恢复节奏，不直接判断现实关系一定同步。,M2说明进入关系前的确认节奏；M5-RHYTHM只处理关系进入认真阶段以后，双方怎样持续协调推进与生活节奏。,M3-BASE、EXPR、CARE、BOUND、CONFLICT提供日常相处和状态通道；M5-RHYTHM负责把双方时间、负荷、联系、空间与恢复合成为长期节奏结构。,无／按本规则指定的提议—观察—同意—执行—反馈—调整—恢复路径路由。,近位、远位只修正某项节奏需求进入亲密关系核心的可能；不得据此判断具体对象现实中一定快、慢、黏、疏或稳定。,根气只修正节奏需求是否稳定重复，不等于双方现实节奏已成熟协调。,旺弱只修正某项推进、联系、共享、变化或恢复通道的调用强度，不直接等于适配质量。,喜忌只修正节奏调用顺畅度与摩擦，不可直接翻译为某种五行、十神或对象类型必然适合。,真合化成立时按化神功能重算节奏需要；合化争议时停止细化节奏画像。,近位提高该节奏议题进入关系核心的可能；远位只保留背景或阶段性观察。,90,+12 恢复证据,recovery_rhythm,恢复常通过新的共同体验启动，之后还要落到规律联系和现实计划。,恢复方面需要：恢复常通过新的共同体验启动，之后还要落到规律联系和现实计划。,不得仅凭本规则推出具体日期、交往时长、多久结婚、联系次数、见面频率或关系结果；不得把快等同冲动、慢等同冷淡、高频等同亲密、低频等同不爱。现实安全、双方同意、持续行为、生活条件、反例与协商优先。,中高,待验证,,rhythm_channel=HC06; ten_god=偏财; provisional=true; rule_group=RHYTHM-HC通道; M3_STATE_pending=true,0.7
M5-RHYTHM-078,HC06 弹性体验节奏｜成熟节奏表达,L1 十类关系节奏通道,RHYTHM-HC通道,通用,成熟,HC06 弹性体验节奏,偏财,HV4以上，且HO01、HO02、HO04、HO05、HO10至少四项可靠。,只有自述、单次高光或一种场景。,由共享基础引擎、M2-TEMPO与M3功能模块提供；只修正用户能够承载怎样的推进、联系、共同时间、负荷与恢复节奏，不直接判断现实关系一定同步。,M2说明进入关系前的确认节奏；M5-RHYTHM只处理关系进入认真阶段以后，双方怎样持续协调推进与生活节奏。,M3-BASE、EXPR、CARE、BOUND、CONFLICT提供日常相处和状态通道；M5-RHYTHM负责把双方时间、负荷、联系、空间与恢复合成为长期节奏结构。,无／按本规则指定的提议—观察—同意—执行—反馈—调整—恢复路径路由。,近位、远位只修正某项节奏需求进入亲密关系核心的可能；不得据此判断具体对象现实中一定快、慢、黏、疏或稳定。,根气只修正节奏需求是否稳定重复，不等于双方现实节奏已成熟协调。,旺弱只修正某项推进、联系、共享、变化或恢复通道的调用强度，不直接等于适配质量。,喜忌只修正节奏调用顺畅度与摩擦，不可直接翻译为某种五行、十神或对象类型必然适合。,真合化成立时按化神功能重算节奏需要；合化争议时停止细化节奏画像。,近位提高该节奏议题进入关系核心的可能；远位只保留背景或阶段性观察。,92,成熟 +16,mature_rhythm_profile,灵活而透明，新鲜感与持续性并存。,成熟表现是：灵活而透明，新鲜感与持续性并存。,不得仅凭本规则推出具体日期、交往时长、多久结婚、联系次数、见面频率或关系结果；不得把快等同冲动、慢等同冷淡、高频等同亲密、低频等同不爱。现实安全、双方同意、持续行为、生活条件、反例与协商优先。,中高,待验证,,rhythm_channel=HC06; ten_god=偏财; provisional=true; rule_group=RHYTHM-HC通道; M3_STATE_pending=true,0.7
M5-RHYTHM-079,HC06 弹性体验节奏｜失衡与伪装候选,L1 十类关系节奏通道,RHYTHM-HC通道,通用,风险,HC06 弹性体验节奏,偏财,现实资料显示不可预测、过度占用、长期延后、负荷失配或恢复失败。,只有功能强度，没有独立失衡证据。,由共享基础引擎、M2-TEMPO与M3功能模块提供；只修正用户能够承载怎样的推进、联系、共同时间、负荷与恢复节奏，不直接判断现实关系一定同步。,M2说明进入关系前的确认节奏；M5-RHYTHM只处理关系进入认真阶段以后，双方怎样持续协调推进与生活节奏。,M3-BASE、EXPR、CARE、BOUND、CONFLICT提供日常相处和状态通道；M5-RHYTHM负责把双方时间、负荷、联系、空间与恢复合成为长期节奏结构。,无／按本规则指定的提议—观察—同意—执行—反馈—调整—恢复路径路由。,近位、远位只修正某项节奏需求进入亲密关系核心的可能；不得据此判断具体对象现实中一定快、慢、黏、疏或稳定。,根气只修正节奏需求是否稳定重复，不等于双方现实节奏已成熟协调。,旺弱只修正某项推进、联系、共享、变化或恢复通道的调用强度，不直接等于适配质量。,喜忌只修正节奏调用顺畅度与摩擦，不可直接翻译为某种五行、十神或对象类型必然适合。,真合化成立时按化神功能重算节奏需要；合化争议时停止细化节奏画像。,近位提高该节奏议题进入关系核心的可能；远位只保留背景或阶段性观察。,92,风险 +12,rhythm_risk_warning,容易频率波动大、计划随兴、体验结束后缺少延续。；常见伪装是：高光互动、旅行、礼物和热烈社交被当成长期节奏成熟。,需要留意：容易频率波动大、计划随兴、体验结束后缺少延续。 不要只看：高光互动、旅行、礼物和热烈社交被当成长期节奏成熟。,不得仅凭本规则推出具体日期、交往时长、多久结婚、联系次数、见面频率或关系结果；不得把快等同冲动、慢等同冷淡、高频等同亲密、低频等同不爱。现实安全、双方同意、持续行为、生活条件、反例与协商优先。,中高,待验证,,rhythm_channel=HC06; ten_god=偏财; provisional=true; rule_group=RHYTHM-HC通道; M3_STATE_pending=true,0.7
M5-RHYTHM-080,HC06 弹性体验节奏｜关键观察与用户输出,L1 十类关系节奏通道,RHYTHM-HC通道,通用,输出,HC06 弹性体验节奏,偏财,已形成主或次HC候选。,HS08停止或资料严重不足。,由共享基础引擎、M2-TEMPO与M3功能模块提供；只修正用户能够承载怎样的推进、联系、共同时间、负荷与恢复节奏，不直接判断现实关系一定同步。,M2说明进入关系前的确认节奏；M5-RHYTHM只处理关系进入认真阶段以后，双方怎样持续协调推进与生活节奏。,M3-BASE、EXPR、CARE、BOUND、CONFLICT提供日常相处和状态通道；M5-RHYTHM负责把双方时间、负荷、联系、空间与恢复合成为长期节奏结构。,无／按本规则指定的提议—观察—同意—执行—反馈—调整—恢复路径路由。,近位、远位只修正某项节奏需求进入亲密关系核心的可能；不得据此判断具体对象现实中一定快、慢、黏、疏或稳定。,根气只修正节奏需求是否稳定重复，不等于双方现实节奏已成熟协调。,旺弱只修正某项推进、联系、共享、变化或恢复通道的调用强度，不直接等于适配质量。,喜忌只修正节奏调用顺畅度与摩擦，不可直接翻译为某种五行、十神或对象类型必然适合。,真合化成立时按化神功能重算节奏需要；合化争议时停止细化节奏画像。,近位提高该节奏议题进入关系核心的可能；远位只保留背景或阶段性观察。,76,不加分；输出,observation_plan,体验结束后是否形成下一步，计划变化时是否及时说明并给出替代。,体验结束后是否形成下一步，计划变化时是否及时说明并给出替代。,不得仅凭本规则推出具体日期、交往时长、多久结婚、联系次数、见面频率或关系结果；不得把快等同冲动、慢等同冷淡、高频等同亲密、低频等同不爱。现实安全、双方同意、持续行为、生活条件、反例与协商优先。,中高,待验证,,rhythm_channel=HC06; ten_god=偏财; provisional=true; rule_group=RHYTHM-HC通道; M3_STATE_pending=true,0.7
M5-RHYTHM-081,HC07 承诺秩序节奏｜通道定义,L1 十类关系节奏通道,RHYTHM-HC通道,通用,基础,HC07 承诺秩序节奏,正官,M5-BASE或上游模块将对应FN路由为主／次节奏功能。,PR0安全门控未通过或该功能只属PR3且与主风险冲突。,由共享基础引擎、M2-TEMPO与M3功能模块提供；只修正用户能够承载怎样的推进、联系、共同时间、负荷与恢复节奏，不直接判断现实关系一定同步。,M2说明进入关系前的确认节奏；M5-RHYTHM只处理关系进入认真阶段以后，双方怎样持续协调推进与生活节奏。,M3-BASE、EXPR、CARE、BOUND、CONFLICT提供日常相处和状态通道；M5-RHYTHM负责把双方时间、负荷、联系、空间与恢复合成为长期节奏结构。,无／按本规则指定的提议—观察—同意—执行—反馈—调整—恢复路径路由。,近位、远位只修正某项节奏需求进入亲密关系核心的可能；不得据此判断具体对象现实中一定快、慢、黏、疏或稳定。,根气只修正节奏需求是否稳定重复，不等于双方现实节奏已成熟协调。,旺弱只修正某项推进、联系、共享、变化或恢复通道的调用强度，不直接等于适配质量。,喜忌只修正节奏调用顺畅度与摩擦，不可直接翻译为某种五行、十神或对象类型必然适合。,真合化成立时按化神功能重算节奏需要；合化争议时停止细化节奏画像。,近位提高该节奏议题进入关系核心的可能；远位只保留背景或阶段性观察。,94,主通道候选 +20,primary_rhythm_channel,HC07 承诺秩序节奏将正官功能转译为双人节奏通道。,清楚的阶段和承诺能带来稳定，但规则必须与现实能力匹配并可调整。,不得仅凭本规则推出具体日期、交往时长、多久结婚、联系次数、见面频率或关系结果；不得把快等同冲动、慢等同冷淡、高频等同亲密、低频等同不爱。现实安全、双方同意、持续行为、生活条件、反例与协商优先。,中高,待验证,,rhythm_channel=HC07; ten_god=正官; provisional=true; rule_group=RHYTHM-HC通道; M3_STATE_pending=true,0.7
M5-RHYTHM-082,HC07 承诺秩序节奏｜推进阶段行为,L1 十类关系节奏通道,RHYTHM-HC通道,通用,推进,HC07 承诺秩序节奏,正官,存在关系阶段、承诺或里程碑资料。,用外部进展替代双方内部同意。,由共享基础引擎、M2-TEMPO与M3功能模块提供；只修正用户能够承载怎样的推进、联系、共同时间、负荷与恢复节奏，不直接判断现实关系一定同步。,M2说明进入关系前的确认节奏；M5-RHYTHM只处理关系进入认真阶段以后，双方怎样持续协调推进与生活节奏。,M3-BASE、EXPR、CARE、BOUND、CONFLICT提供日常相处和状态通道；M5-RHYTHM负责把双方时间、负荷、联系、空间与恢复合成为长期节奏结构。,无／按本规则指定的提议—观察—同意—执行—反馈—调整—恢复路径路由。,近位、远位只修正某项节奏需求进入亲密关系核心的可能；不得据此判断具体对象现实中一定快、慢、黏、疏或稳定。,根气只修正节奏需求是否稳定重复，不等于双方现实节奏已成熟协调。,旺弱只修正某项推进、联系、共享、变化或恢复通道的调用强度，不直接等于适配质量。,喜忌只修正节奏调用顺畅度与摩擦，不可直接翻译为某种五行、十神或对象类型必然适合。,真合化成立时按化神功能重算节奏需要；合化争议时停止细化节奏画像。,近位提高该节奏议题进入关系核心的可能；远位只保留背景或阶段性观察。,86,+10 推进证据,progression_rhythm,每个重要阶段需要双方确认关系含义、责任和现实条件。,推进方面需要：每个重要阶段需要双方确认关系含义、责任和现实条件。,不得仅凭本规则推出具体日期、交往时长、多久结婚、联系次数、见面频率或关系结果；不得把快等同冲动、慢等同冷淡、高频等同亲密、低频等同不爱。现实安全、双方同意、持续行为、生活条件、反例与协商优先。,中高,待验证,,rhythm_channel=HC07; ten_god=正官; provisional=true; rule_group=RHYTHM-HC通道; M3_STATE_pending=true,0.7
M5-RHYTHM-083,HC07 承诺秩序节奏｜联系频率行为,L1 十类关系节奏通道,RHYTHM-HC通道,通用,联系,HC07 承诺秩序节奏,正官,存在消息、电话、见面或回应资料。,只凭绝对次数判断质量。,由共享基础引擎、M2-TEMPO与M3功能模块提供；只修正用户能够承载怎样的推进、联系、共同时间、负荷与恢复节奏，不直接判断现实关系一定同步。,M2说明进入关系前的确认节奏；M5-RHYTHM只处理关系进入认真阶段以后，双方怎样持续协调推进与生活节奏。,M3-BASE、EXPR、CARE、BOUND、CONFLICT提供日常相处和状态通道；M5-RHYTHM负责把双方时间、负荷、联系、空间与恢复合成为长期节奏结构。,无／按本规则指定的提议—观察—同意—执行—反馈—调整—恢复路径路由。,近位、远位只修正某项节奏需求进入亲密关系核心的可能；不得据此判断具体对象现实中一定快、慢、黏、疏或稳定。,根气只修正节奏需求是否稳定重复，不等于双方现实节奏已成熟协调。,旺弱只修正某项推进、联系、共享、变化或恢复通道的调用强度，不直接等于适配质量。,喜忌只修正节奏调用顺畅度与摩擦，不可直接翻译为某种五行、十神或对象类型必然适合。,真合化成立时按化神功能重算节奏需要；合化争议时停止细化节奏画像。,近位提高该节奏议题进入关系核心的可能；远位只保留背景或阶段性观察。,84,+8 联系证据,contact_rhythm,联系、见面和共同计划可以有规则，但规则需双向、可调整。,联系方面需要：联系、见面和共同计划可以有规则，但规则需双向、可调整。,不得仅凭本规则推出具体日期、交往时长、多久结婚、联系次数、见面频率或关系结果；不得把快等同冲动、慢等同冷淡、高频等同亲密、低频等同不爱。现实安全、双方同意、持续行为、生活条件、反例与协商优先。,中,待验证,,rhythm_channel=HC07; ten_god=正官; provisional=true; rule_group=RHYTHM-HC通道; M3_STATE_pending=true,0.7
M5-RHYTHM-084,HC07 承诺秩序节奏｜共同与个人时间,L1 十类关系节奏通道,RHYTHM-HC通道,通用,时间,HC07 承诺秩序节奏,正官,存在共同时间、独处或个人恢复资料。,把共同时长直接等同亲密，或把空间直接等同冷淡。,由共享基础引擎、M2-TEMPO与M3功能模块提供；只修正用户能够承载怎样的推进、联系、共同时间、负荷与恢复节奏，不直接判断现实关系一定同步。,M2说明进入关系前的确认节奏；M5-RHYTHM只处理关系进入认真阶段以后，双方怎样持续协调推进与生活节奏。,M3-BASE、EXPR、CARE、BOUND、CONFLICT提供日常相处和状态通道；M5-RHYTHM负责把双方时间、负荷、联系、空间与恢复合成为长期节奏结构。,无／按本规则指定的提议—观察—同意—执行—反馈—调整—恢复路径路由。,近位、远位只修正某项节奏需求进入亲密关系核心的可能；不得据此判断具体对象现实中一定快、慢、黏、疏或稳定。,根气只修正节奏需求是否稳定重复，不等于双方现实节奏已成熟协调。,旺弱只修正某项推进、联系、共享、变化或恢复通道的调用强度，不直接等于适配质量。,喜忌只修正节奏调用顺畅度与摩擦，不可直接翻译为某种五行、十神或对象类型必然适合。,真合化成立时按化神功能重算节奏需要；合化争议时停止细化节奏画像。,近位提高该节奏议题进入关系核心的可能；远位只保留背景或阶段性观察。,84,+8 时间证据,shared_personal_time,共同时间与责任按承诺安排，不因身份自动占用全部个人时间。,共同与个人时间方面：共同时间与责任按承诺安排，不因身份自动占用全部个人时间。,不得仅凭本规则推出具体日期、交往时长、多久结婚、联系次数、见面频率或关系结果；不得把快等同冲动、慢等同冷淡、高频等同亲密、低频等同不爱。现实安全、双方同意、持续行为、生活条件、反例与协商优先。,中,待验证,,rhythm_channel=HC07; ten_god=正官; provisional=true; rule_group=RHYTHM-HC通道; M3_STATE_pending=true,0.7
M5-RHYTHM-085,HC07 承诺秩序节奏｜生活负荷协同,L1 十类关系节奏通道,RHYTHM-HC通道,通用,负荷,HC07 承诺秩序节奏,正官,存在工作、金钱、家庭、健康或照护负荷。,忽略现实容量，只按理想频率要求。,由共享基础引擎、M2-TEMPO与M3功能模块提供；只修正用户能够承载怎样的推进、联系、共同时间、负荷与恢复节奏，不直接判断现实关系一定同步。,M2说明进入关系前的确认节奏；M5-RHYTHM只处理关系进入认真阶段以后，双方怎样持续协调推进与生活节奏。,M3-BASE、EXPR、CARE、BOUND、CONFLICT提供日常相处和状态通道；M5-RHYTHM负责把双方时间、负荷、联系、空间与恢复合成为长期节奏结构。,无／按本规则指定的提议—观察—同意—执行—反馈—调整—恢复路径路由。,近位、远位只修正某项节奏需求进入亲密关系核心的可能；不得据此判断具体对象现实中一定快、慢、黏、疏或稳定。,根气只修正节奏需求是否稳定重复，不等于双方现实节奏已成熟协调。,旺弱只修正某项推进、联系、共享、变化或恢复通道的调用强度，不直接等于适配质量。,喜忌只修正节奏调用顺畅度与摩擦，不可直接翻译为某种五行、十神或对象类型必然适合。,真合化成立时按化神功能重算节奏需要；合化争议时停止细化节奏画像。,近位提高该节奏议题进入关系核心的可能；远位只保留背景或阶段性观察。,88,+10 负荷证据,life_load_capacity,计划变化、失约或责任增加时要提前说明并重订。,现实负荷方面需要：计划变化、失约或责任增加时要提前说明并重订。,不得仅凭本规则推出具体日期、交往时长、多久结婚、联系次数、见面频率或关系结果；不得把快等同冲动、慢等同冷淡、高频等同亲密、低频等同不爱。现实安全、双方同意、持续行为、生活条件、反例与协商优先。,中高,待验证,,rhythm_channel=HC07; ten_god=正官; provisional=true; rule_group=RHYTHM-HC通道; M3_STATE_pending=true,0.7
M5-RHYTHM-086,HC07 承诺秩序节奏｜压力节奏行为,L1 十类关系节奏通道,RHYTHM-HC通道,通用,压力,HC07 承诺秩序节奏,正官,存在高压、异地、冲突或资源变化。,只有平稳期资料。,由共享基础引擎、M2-TEMPO与M3功能模块提供；只修正用户能够承载怎样的推进、联系、共同时间、负荷与恢复节奏，不直接判断现实关系一定同步。,M2说明进入关系前的确认节奏；M5-RHYTHM只处理关系进入认真阶段以后，双方怎样持续协调推进与生活节奏。,M3-BASE、EXPR、CARE、BOUND、CONFLICT提供日常相处和状态通道；M5-RHYTHM负责把双方时间、负荷、联系、空间与恢复合成为长期节奏结构。,无／按本规则指定的提议—观察—同意—执行—反馈—调整—恢复路径路由。,近位、远位只修正某项节奏需求进入亲密关系核心的可能；不得据此判断具体对象现实中一定快、慢、黏、疏或稳定。,根气只修正节奏需求是否稳定重复，不等于双方现实节奏已成熟协调。,旺弱只修正某项推进、联系、共享、变化或恢复通道的调用强度，不直接等于适配质量。,喜忌只修正节奏调用顺畅度与摩擦，不可直接翻译为某种五行、十神或对象类型必然适合。,真合化成立时按化神功能重算节奏需要；合化争议时停止细化节奏画像。,近位提高该节奏议题进入关系核心的可能；远位只保留背景或阶段性观察。,90,+12 压力证据,stress_rhythm_profile,高压时明确优先级和最低责任，不用规则压制对方状态。,压力下重点观察：高压时明确优先级和最低责任，不用规则压制对方状态。,不得仅凭本规则推出具体日期、交往时长、多久结婚、联系次数、见面频率或关系结果；不得把快等同冲动、慢等同冷淡、高频等同亲密、低频等同不爱。现实安全、双方同意、持续行为、生活条件、反例与协商优先。,中高,待验证,,rhythm_channel=HC07; ten_god=正官; provisional=true; rule_group=RHYTHM-HC通道; M3_STATE_pending=true,0.7
M5-RHYTHM-087,HC07 承诺秩序节奏｜恢复与重新开放,L1 十类关系节奏通道,RHYTHM-HC通道,通用,恢复,HC07 承诺秩序节奏,正官,存在压力结束、冲突后重连或阶段恢复资料。,把问题停止直接写成节奏恢复。,由共享基础引擎、M2-TEMPO与M3功能模块提供；只修正用户能够承载怎样的推进、联系、共同时间、负荷与恢复节奏，不直接判断现实关系一定同步。,M2说明进入关系前的确认节奏；M5-RHYTHM只处理关系进入认真阶段以后，双方怎样持续协调推进与生活节奏。,M3-BASE、EXPR、CARE、BOUND、CONFLICT提供日常相处和状态通道；M5-RHYTHM负责把双方时间、负荷、联系、空间与恢复合成为长期节奏结构。,无／按本规则指定的提议—观察—同意—执行—反馈—调整—恢复路径路由。,近位、远位只修正某项节奏需求进入亲密关系核心的可能；不得据此判断具体对象现实中一定快、慢、黏、疏或稳定。,根气只修正节奏需求是否稳定重复，不等于双方现实节奏已成熟协调。,旺弱只修正某项推进、联系、共享、变化或恢复通道的调用强度，不直接等于适配质量。,喜忌只修正节奏调用顺畅度与摩擦，不可直接翻译为某种五行、十神或对象类型必然适合。,真合化成立时按化神功能重算节奏需要；合化争议时停止细化节奏画像。,近位提高该节奏议题进入关系核心的可能；远位只保留背景或阶段性观察。,90,+12 恢复证据,recovery_rhythm,通过兑现承诺、恢复规则和持续复核重新建立稳定感。,恢复方面需要：通过兑现承诺、恢复规则和持续复核重新建立稳定感。,不得仅凭本规则推出具体日期、交往时长、多久结婚、联系次数、见面频率或关系结果；不得把快等同冲动、慢等同冷淡、高频等同亲密、低频等同不爱。现实安全、双方同意、持续行为、生活条件、反例与协商优先。,中高,待验证,,rhythm_channel=HC07; ten_god=正官; provisional=true; rule_group=RHYTHM-HC通道; M3_STATE_pending=true,0.7
M5-RHYTHM-088,HC07 承诺秩序节奏｜成熟节奏表达,L1 十类关系节奏通道,RHYTHM-HC通道,通用,成熟,HC07 承诺秩序节奏,正官,HV4以上，且HO01、HO02、HO04、HO05、HO10至少四项可靠。,只有自述、单次高光或一种场景。,由共享基础引擎、M2-TEMPO与M3功能模块提供；只修正用户能够承载怎样的推进、联系、共同时间、负荷与恢复节奏，不直接判断现实关系一定同步。,M2说明进入关系前的确认节奏；M5-RHYTHM只处理关系进入认真阶段以后，双方怎样持续协调推进与生活节奏。,M3-BASE、EXPR、CARE、BOUND、CONFLICT提供日常相处和状态通道；M5-RHYTHM负责把双方时间、负荷、联系、空间与恢复合成为长期节奏结构。,无／按本规则指定的提议—观察—同意—执行—反馈—调整—恢复路径路由。,近位、远位只修正某项节奏需求进入亲密关系核心的可能；不得据此判断具体对象现实中一定快、慢、黏、疏或稳定。,根气只修正节奏需求是否稳定重复，不等于双方现实节奏已成熟协调。,旺弱只修正某项推进、联系、共享、变化或恢复通道的调用强度，不直接等于适配质量。,喜忌只修正节奏调用顺畅度与摩擦，不可直接翻译为某种五行、十神或对象类型必然适合。,真合化成立时按化神功能重算节奏需要；合化争议时停止细化节奏画像。,近位提高该节奏议题进入关系核心的可能；远位只保留背景或阶段性观察。,92,成熟 +16,mature_rhythm_profile,秩序服务双方，承诺与现实能力匹配，变化透明。,成熟表现是：秩序服务双方，承诺与现实能力匹配，变化透明。,不得仅凭本规则推出具体日期、交往时长、多久结婚、联系次数、见面频率或关系结果；不得把快等同冲动、慢等同冷淡、高频等同亲密、低频等同不爱。现实安全、双方同意、持续行为、生活条件、反例与协商优先。,中高,待验证,,rhythm_channel=HC07; ten_god=正官; provisional=true; rule_group=RHYTHM-HC通道; M3_STATE_pending=true,0.7
M5-RHYTHM-089,HC07 承诺秩序节奏｜失衡与伪装候选,L1 十类关系节奏通道,RHYTHM-HC通道,通用,风险,HC07 承诺秩序节奏,正官,现实资料显示不可预测、过度占用、长期延后、负荷失配或恢复失败。,只有功能强度，没有独立失衡证据。,由共享基础引擎、M2-TEMPO与M3功能模块提供；只修正用户能够承载怎样的推进、联系、共同时间、负荷与恢复节奏，不直接判断现实关系一定同步。,M2说明进入关系前的确认节奏；M5-RHYTHM只处理关系进入认真阶段以后，双方怎样持续协调推进与生活节奏。,M3-BASE、EXPR、CARE、BOUND、CONFLICT提供日常相处和状态通道；M5-RHYTHM负责把双方时间、负荷、联系、空间与恢复合成为长期节奏结构。,无／按本规则指定的提议—观察—同意—执行—反馈—调整—恢复路径路由。,近位、远位只修正某项节奏需求进入亲密关系核心的可能；不得据此判断具体对象现实中一定快、慢、黏、疏或稳定。,根气只修正节奏需求是否稳定重复，不等于双方现实节奏已成熟协调。,旺弱只修正某项推进、联系、共享、变化或恢复通道的调用强度，不直接等于适配质量。,喜忌只修正节奏调用顺畅度与摩擦，不可直接翻译为某种五行、十神或对象类型必然适合。,真合化成立时按化神功能重算节奏需要；合化争议时停止细化节奏画像。,近位提高该节奏议题进入关系核心的可能；远位只保留背景或阶段性观察。,92,风险 +12,rhythm_risk_warning,容易把阶段、频率和承诺做成僵化标准，用应该替代协商。；常见伪装是：标签和计划明确，却执行不稳定，或规则只要求一方遵守。,需要留意：容易把阶段、频率和承诺做成僵化标准，用应该替代协商。 不要只看：标签和计划明确，却执行不稳定，或规则只要求一方遵守。,不得仅凭本规则推出具体日期、交往时长、多久结婚、联系次数、见面频率或关系结果；不得把快等同冲动、慢等同冷淡、高频等同亲密、低频等同不爱。现实安全、双方同意、持续行为、生活条件、反例与协商优先。,中高,待验证,,rhythm_channel=HC07; ten_god=正官; provisional=true; rule_group=RHYTHM-HC通道; M3_STATE_pending=true,0.7
M5-RHYTHM-090,HC07 承诺秩序节奏｜关键观察与用户输出,L1 十类关系节奏通道,RHYTHM-HC通道,通用,输出,HC07 承诺秩序节奏,正官,已形成主或次HC候选。,HS08停止或资料严重不足。,由共享基础引擎、M2-TEMPO与M3功能模块提供；只修正用户能够承载怎样的推进、联系、共同时间、负荷与恢复节奏，不直接判断现实关系一定同步。,M2说明进入关系前的确认节奏；M5-RHYTHM只处理关系进入认真阶段以后，双方怎样持续协调推进与生活节奏。,M3-BASE、EXPR、CARE、BOUND、CONFLICT提供日常相处和状态通道；M5-RHYTHM负责把双方时间、负荷、联系、空间与恢复合成为长期节奏结构。,无／按本规则指定的提议—观察—同意—执行—反馈—调整—恢复路径路由。,近位、远位只修正某项节奏需求进入亲密关系核心的可能；不得据此判断具体对象现实中一定快、慢、黏、疏或稳定。,根气只修正节奏需求是否稳定重复，不等于双方现实节奏已成熟协调。,旺弱只修正某项推进、联系、共享、变化或恢复通道的调用强度，不直接等于适配质量。,喜忌只修正节奏调用顺畅度与摩擦，不可直接翻译为某种五行、十神或对象类型必然适合。,真合化成立时按化神功能重算节奏需要；合化争议时停止细化节奏画像。,近位提高该节奏议题进入关系核心的可能；远位只保留背景或阶段性观察。,76,不加分；输出,observation_plan,规则对自己不利、计划变化或失约时，是否仍愿意说明、承担和重订。,规则对自己不利、计划变化或失约时，是否仍愿意说明、承担和重订。,不得仅凭本规则推出具体日期、交往时长、多久结婚、联系次数、见面频率或关系结果；不得把快等同冲动、慢等同冷淡、高频等同亲密、低频等同不爱。现实安全、双方同意、持续行为、生活条件、反例与协商优先。,中高,待验证,,rhythm_channel=HC07; ten_god=正官; provisional=true; rule_group=RHYTHM-HC通道; M3_STATE_pending=true,0.7
M5-RHYTHM-091,HC08 决断推进节奏｜通道定义,L1 十类关系节奏通道,RHYTHM-HC通道,通用,基础,HC08 决断推进节奏,七杀,M5-BASE或上游模块将对应FN路由为主／次节奏功能。,PR0安全门控未通过或该功能只属PR3且与主风险冲突。,由共享基础引擎、M2-TEMPO与M3功能模块提供；只修正用户能够承载怎样的推进、联系、共同时间、负荷与恢复节奏，不直接判断现实关系一定同步。,M2说明进入关系前的确认节奏；M5-RHYTHM只处理关系进入认真阶段以后，双方怎样持续协调推进与生活节奏。,M3-BASE、EXPR、CARE、BOUND、CONFLICT提供日常相处和状态通道；M5-RHYTHM负责把双方时间、负荷、联系、空间与恢复合成为长期节奏结构。,无／按本规则指定的提议—观察—同意—执行—反馈—调整—恢复路径路由。,近位、远位只修正某项节奏需求进入亲密关系核心的可能；不得据此判断具体对象现实中一定快、慢、黏、疏或稳定。,根气只修正节奏需求是否稳定重复，不等于双方现实节奏已成熟协调。,旺弱只修正某项推进、联系、共享、变化或恢复通道的调用强度，不直接等于适配质量。,喜忌只修正节奏调用顺畅度与摩擦，不可直接翻译为某种五行、十神或对象类型必然适合。,真合化成立时按化神功能重算节奏需要；合化争议时停止细化节奏画像。,近位提高该节奏议题进入关系核心的可能；远位只保留背景或阶段性观察。,94,主通道候选 +20,primary_rhythm_channel,HC08 决断推进节奏将七杀功能转译为双人节奏通道。,行动力可以让关系前进，但适配还需要对方知道什么时候减速和重新确认。,不得仅凭本规则推出具体日期、交往时长、多久结婚、联系次数、见面频率或关系结果；不得把快等同冲动、慢等同冷淡、高频等同亲密、低频等同不爱。现实安全、双方同意、持续行为、生活条件、反例与协商优先。,中高,待验证,,rhythm_channel=HC08; ten_god=七杀; provisional=true; rule_group=RHYTHM-HC通道; M3_STATE_pending=true,0.7
M5-RHYTHM-092,HC08 决断推进节奏｜推进阶段行为,L1 十类关系节奏通道,RHYTHM-HC通道,通用,推进,HC08 决断推进节奏,七杀,存在关系阶段、承诺或里程碑资料。,用外部进展替代双方内部同意。,由共享基础引擎、M2-TEMPO与M3功能模块提供；只修正用户能够承载怎样的推进、联系、共同时间、负荷与恢复节奏，不直接判断现实关系一定同步。,M2说明进入关系前的确认节奏；M5-RHYTHM只处理关系进入认真阶段以后，双方怎样持续协调推进与生活节奏。,M3-BASE、EXPR、CARE、BOUND、CONFLICT提供日常相处和状态通道；M5-RHYTHM负责把双方时间、负荷、联系、空间与恢复合成为长期节奏结构。,无／按本规则指定的提议—观察—同意—执行—反馈—调整—恢复路径路由。,近位、远位只修正某项节奏需求进入亲密关系核心的可能；不得据此判断具体对象现实中一定快、慢、黏、疏或稳定。,根气只修正节奏需求是否稳定重复，不等于双方现实节奏已成熟协调。,旺弱只修正某项推进、联系、共享、变化或恢复通道的调用强度，不直接等于适配质量。,喜忌只修正节奏调用顺畅度与摩擦，不可直接翻译为某种五行、十神或对象类型必然适合。,真合化成立时按化神功能重算节奏需要；合化争议时停止细化节奏画像。,近位提高该节奏议题进入关系核心的可能；远位只保留背景或阶段性观察。,86,+10 推进证据,progression_rhythm,遇到合适时机可能快速推进，但重要承诺仍需双方知情和明确同意。,推进方面需要：遇到合适时机可能快速推进，但重要承诺仍需双方知情和明确同意。,不得仅凭本规则推出具体日期、交往时长、多久结婚、联系次数、见面频率或关系结果；不得把快等同冲动、慢等同冷淡、高频等同亲密、低频等同不爱。现实安全、双方同意、持续行为、生活条件、反例与协商优先。,中高,待验证,,rhythm_channel=HC08; ten_god=七杀; provisional=true; rule_group=RHYTHM-HC通道; M3_STATE_pending=true,0.7
M5-RHYTHM-093,HC08 决断推进节奏｜联系频率行为,L1 十类关系节奏通道,RHYTHM-HC通道,通用,联系,HC08 决断推进节奏,七杀,存在消息、电话、见面或回应资料。,只凭绝对次数判断质量。,由共享基础引擎、M2-TEMPO与M3功能模块提供；只修正用户能够承载怎样的推进、联系、共同时间、负荷与恢复节奏，不直接判断现实关系一定同步。,M2说明进入关系前的确认节奏；M5-RHYTHM只处理关系进入认真阶段以后，双方怎样持续协调推进与生活节奏。,M3-BASE、EXPR、CARE、BOUND、CONFLICT提供日常相处和状态通道；M5-RHYTHM负责把双方时间、负荷、联系、空间与恢复合成为长期节奏结构。,无／按本规则指定的提议—观察—同意—执行—反馈—调整—恢复路径路由。,近位、远位只修正某项节奏需求进入亲密关系核心的可能；不得据此判断具体对象现实中一定快、慢、黏、疏或稳定。,根气只修正节奏需求是否稳定重复，不等于双方现实节奏已成熟协调。,旺弱只修正某项推进、联系、共享、变化或恢复通道的调用强度，不直接等于适配质量。,喜忌只修正节奏调用顺畅度与摩擦，不可直接翻译为某种五行、十神或对象类型必然适合。,真合化成立时按化神功能重算节奏需要；合化争议时停止细化节奏画像。,近位提高该节奏议题进入关系核心的可能；远位只保留背景或阶段性观察。,84,+8 联系证据,contact_rhythm,联系和安排可能直接、效率高，成熟结构会区分紧急推进与日常节奏。,联系方面需要：联系和安排可能直接、效率高，成熟结构会区分紧急推进与日常节奏。,不得仅凭本规则推出具体日期、交往时长、多久结婚、联系次数、见面频率或关系结果；不得把快等同冲动、慢等同冷淡、高频等同亲密、低频等同不爱。现实安全、双方同意、持续行为、生活条件、反例与协商优先。,中,待验证,,rhythm_channel=HC08; ten_god=七杀; provisional=true; rule_group=RHYTHM-HC通道; M3_STATE_pending=true,0.7
M5-RHYTHM-094,HC08 决断推进节奏｜共同与个人时间,L1 十类关系节奏通道,RHYTHM-HC通道,通用,时间,HC08 决断推进节奏,七杀,存在共同时间、独处或个人恢复资料。,把共同时长直接等同亲密，或把空间直接等同冷淡。,由共享基础引擎、M2-TEMPO与M3功能模块提供；只修正用户能够承载怎样的推进、联系、共同时间、负荷与恢复节奏，不直接判断现实关系一定同步。,M2说明进入关系前的确认节奏；M5-RHYTHM只处理关系进入认真阶段以后，双方怎样持续协调推进与生活节奏。,M3-BASE、EXPR、CARE、BOUND、CONFLICT提供日常相处和状态通道；M5-RHYTHM负责把双方时间、负荷、联系、空间与恢复合成为长期节奏结构。,无／按本规则指定的提议—观察—同意—执行—反馈—调整—恢复路径路由。,近位、远位只修正某项节奏需求进入亲密关系核心的可能；不得据此判断具体对象现实中一定快、慢、黏、疏或稳定。,根气只修正节奏需求是否稳定重复，不等于双方现实节奏已成熟协调。,旺弱只修正某项推进、联系、共享、变化或恢复通道的调用强度，不直接等于适配质量。,喜忌只修正节奏调用顺畅度与摩擦，不可直接翻译为某种五行、十神或对象类型必然适合。,真合化成立时按化神功能重算节奏需要；合化争议时停止细化节奏画像。,近位提高该节奏议题进入关系核心的可能；远位只保留背景或阶段性观察。,84,+8 时间证据,shared_personal_time,共同时间围绕目标和行动组织，也需要保留非任务连接和个人恢复。,共同与个人时间方面：共同时间围绕目标和行动组织，也需要保留非任务连接和个人恢复。,不得仅凭本规则推出具体日期、交往时长、多久结婚、联系次数、见面频率或关系结果；不得把快等同冲动、慢等同冷淡、高频等同亲密、低频等同不爱。现实安全、双方同意、持续行为、生活条件、反例与协商优先。,中,待验证,,rhythm_channel=HC08; ten_god=七杀; provisional=true; rule_group=RHYTHM-HC通道; M3_STATE_pending=true,0.7
M5-RHYTHM-095,HC08 决断推进节奏｜生活负荷协同,L1 十类关系节奏通道,RHYTHM-HC通道,通用,负荷,HC08 决断推进节奏,七杀,存在工作、金钱、家庭、健康或照护负荷。,忽略现实容量，只按理想频率要求。,由共享基础引擎、M2-TEMPO与M3功能模块提供；只修正用户能够承载怎样的推进、联系、共同时间、负荷与恢复节奏，不直接判断现实关系一定同步。,M2说明进入关系前的确认节奏；M5-RHYTHM只处理关系进入认真阶段以后，双方怎样持续协调推进与生活节奏。,M3-BASE、EXPR、CARE、BOUND、CONFLICT提供日常相处和状态通道；M5-RHYTHM负责把双方时间、负荷、联系、空间与恢复合成为长期节奏结构。,无／按本规则指定的提议—观察—同意—执行—反馈—调整—恢复路径路由。,近位、远位只修正某项节奏需求进入亲密关系核心的可能；不得据此判断具体对象现实中一定快、慢、黏、疏或稳定。,根气只修正节奏需求是否稳定重复，不等于双方现实节奏已成熟协调。,旺弱只修正某项推进、联系、共享、变化或恢复通道的调用强度，不直接等于适配质量。,喜忌只修正节奏调用顺畅度与摩擦，不可直接翻译为某种五行、十神或对象类型必然适合。,真合化成立时按化神功能重算节奏需要；合化争议时停止细化节奏画像。,近位提高该节奏议题进入关系核心的可能；远位只保留背景或阶段性观察。,88,+10 负荷证据,life_load_capacity,高负荷时迅速调整优先级、止损和做决定，同时说明影响。,现实负荷方面需要：高负荷时迅速调整优先级、止损和做决定，同时说明影响。,不得仅凭本规则推出具体日期、交往时长、多久结婚、联系次数、见面频率或关系结果；不得把快等同冲动、慢等同冷淡、高频等同亲密、低频等同不爱。现实安全、双方同意、持续行为、生活条件、反例与协商优先。,中高,待验证,,rhythm_channel=HC08; ten_god=七杀; provisional=true; rule_group=RHYTHM-HC通道; M3_STATE_pending=true,0.7
M5-RHYTHM-096,HC08 决断推进节奏｜压力节奏行为,L1 十类关系节奏通道,RHYTHM-HC通道,通用,压力,HC08 决断推进节奏,七杀,存在高压、异地、冲突或资源变化。,只有平稳期资料。,由共享基础引擎、M2-TEMPO与M3功能模块提供；只修正用户能够承载怎样的推进、联系、共同时间、负荷与恢复节奏，不直接判断现实关系一定同步。,M2说明进入关系前的确认节奏；M5-RHYTHM只处理关系进入认真阶段以后，双方怎样持续协调推进与生活节奏。,M3-BASE、EXPR、CARE、BOUND、CONFLICT提供日常相处和状态通道；M5-RHYTHM负责把双方时间、负荷、联系、空间与恢复合成为长期节奏结构。,无／按本规则指定的提议—观察—同意—执行—反馈—调整—恢复路径路由。,近位、远位只修正某项节奏需求进入亲密关系核心的可能；不得据此判断具体对象现实中一定快、慢、黏、疏或稳定。,根气只修正节奏需求是否稳定重复，不等于双方现实节奏已成熟协调。,旺弱只修正某项推进、联系、共享、变化或恢复通道的调用强度，不直接等于适配质量。,喜忌只修正节奏调用顺畅度与摩擦，不可直接翻译为某种五行、十神或对象类型必然适合。,真合化成立时按化神功能重算节奏需要；合化争议时停止细化节奏画像。,近位提高该节奏议题进入关系核心的可能；远位只保留背景或阶段性观察。,90,+12 压力证据,stress_rhythm_profile,压力下容易加速和集中决策；成熟做法是最小必要、事后归还节奏与选择权。,压力下重点观察：压力下容易加速和集中决策；成熟做法是最小必要、事后归还节奏与选择权。,不得仅凭本规则推出具体日期、交往时长、多久结婚、联系次数、见面频率或关系结果；不得把快等同冲动、慢等同冷淡、高频等同亲密、低频等同不爱。现实安全、双方同意、持续行为、生活条件、反例与协商优先。,中高,待验证,,rhythm_channel=HC08; ten_god=七杀; provisional=true; rule_group=RHYTHM-HC通道; M3_STATE_pending=true,0.7
M5-RHYTHM-097,HC08 决断推进节奏｜恢复与重新开放,L1 十类关系节奏通道,RHYTHM-HC通道,通用,恢复,HC08 决断推进节奏,七杀,存在压力结束、冲突后重连或阶段恢复资料。,把问题停止直接写成节奏恢复。,由共享基础引擎、M2-TEMPO与M3功能模块提供；只修正用户能够承载怎样的推进、联系、共同时间、负荷与恢复节奏，不直接判断现实关系一定同步。,M2说明进入关系前的确认节奏；M5-RHYTHM只处理关系进入认真阶段以后，双方怎样持续协调推进与生活节奏。,M3-BASE、EXPR、CARE、BOUND、CONFLICT提供日常相处和状态通道；M5-RHYTHM负责把双方时间、负荷、联系、空间与恢复合成为长期节奏结构。,无／按本规则指定的提议—观察—同意—执行—反馈—调整—恢复路径路由。,近位、远位只修正某项节奏需求进入亲密关系核心的可能；不得据此判断具体对象现实中一定快、慢、黏、疏或稳定。,根气只修正节奏需求是否稳定重复，不等于双方现实节奏已成熟协调。,旺弱只修正某项推进、联系、共享、变化或恢复通道的调用强度，不直接等于适配质量。,喜忌只修正节奏调用顺畅度与摩擦，不可直接翻译为某种五行、十神或对象类型必然适合。,真合化成立时按化神功能重算节奏需要；合化争议时停止细化节奏画像。,近位提高该节奏议题进入关系核心的可能；远位只保留背景或阶段性观察。,90,+12 恢复证据,recovery_rhythm,问题处理后主动减速、复盘并恢复情绪和日常连接。,恢复方面需要：问题处理后主动减速、复盘并恢复情绪和日常连接。,不得仅凭本规则推出具体日期、交往时长、多久结婚、联系次数、见面频率或关系结果；不得把快等同冲动、慢等同冷淡、高频等同亲密、低频等同不爱。现实安全、双方同意、持续行为、生活条件、反例与协商优先。,中高,待验证,,rhythm_channel=HC08; ten_god=七杀; provisional=true; rule_group=RHYTHM-HC通道; M3_STATE_pending=true,0.7
M5-RHYTHM-098,HC08 决断推进节奏｜成熟节奏表达,L1 十类关系节奏通道,RHYTHM-HC通道,通用,成熟,HC08 决断推进节奏,七杀,HV4以上，且HO01、HO02、HO04、HO05、HO10至少四项可靠。,只有自述、单次高光或一种场景。,由共享基础引擎、M2-TEMPO与M3功能模块提供；只修正用户能够承载怎样的推进、联系、共同时间、负荷与恢复节奏，不直接判断现实关系一定同步。,M2说明进入关系前的确认节奏；M5-RHYTHM只处理关系进入认真阶段以后，双方怎样持续协调推进与生活节奏。,M3-BASE、EXPR、CARE、BOUND、CONFLICT提供日常相处和状态通道；M5-RHYTHM负责把双方时间、负荷、联系、空间与恢复合成为长期节奏结构。,无／按本规则指定的提议—观察—同意—执行—反馈—调整—恢复路径路由。,近位、远位只修正某项节奏需求进入亲密关系核心的可能；不得据此判断具体对象现实中一定快、慢、黏、疏或稳定。,根气只修正节奏需求是否稳定重复，不等于双方现实节奏已成熟协调。,旺弱只修正某项推进、联系、共享、变化或恢复通道的调用强度，不直接等于适配质量。,喜忌只修正节奏调用顺畅度与摩擦，不可直接翻译为某种五行、十神或对象类型必然适合。,真合化成立时按化神功能重算节奏需要；合化争议时停止细化节奏画像。,近位提高该节奏议题进入关系核心的可能；远位只保留背景或阶段性观察。,92,成熟 +16,mature_rhythm_profile,推进快但不越过同意，能加速也能减速，事件后会恢复双方参与。,成熟表现是：推进快但不越过同意，能加速也能减速，事件后会恢复双方参与。,不得仅凭本规则推出具体日期、交往时长、多久结婚、联系次数、见面频率或关系结果；不得把快等同冲动、慢等同冷淡、高频等同亲密、低频等同不爱。现实安全、双方同意、持续行为、生活条件、反例与协商优先。,中高,待验证,,rhythm_channel=HC08; ten_god=七杀; provisional=true; rule_group=RHYTHM-HC通道; M3_STATE_pending=true,0.7
M5-RHYTHM-099,HC08 决断推进节奏｜失衡与伪装候选,L1 十类关系节奏通道,RHYTHM-HC通道,通用,风险,HC08 决断推进节奏,七杀,现实资料显示不可预测、过度占用、长期延后、负荷失配或恢复失败。,只有功能强度，没有独立失衡证据。,由共享基础引擎、M2-TEMPO与M3功能模块提供；只修正用户能够承载怎样的推进、联系、共同时间、负荷与恢复节奏，不直接判断现实关系一定同步。,M2说明进入关系前的确认节奏；M5-RHYTHM只处理关系进入认真阶段以后，双方怎样持续协调推进与生活节奏。,M3-BASE、EXPR、CARE、BOUND、CONFLICT提供日常相处和状态通道；M5-RHYTHM负责把双方时间、负荷、联系、空间与恢复合成为长期节奏结构。,无／按本规则指定的提议—观察—同意—执行—反馈—调整—恢复路径路由。,近位、远位只修正某项节奏需求进入亲密关系核心的可能；不得据此判断具体对象现实中一定快、慢、黏、疏或稳定。,根气只修正节奏需求是否稳定重复，不等于双方现实节奏已成熟协调。,旺弱只修正某项推进、联系、共享、变化或恢复通道的调用强度，不直接等于适配质量。,喜忌只修正节奏调用顺畅度与摩擦，不可直接翻译为某种五行、十神或对象类型必然适合。,真合化成立时按化神功能重算节奏需要；合化争议时停止细化节奏画像。,近位提高该节奏议题进入关系核心的可能；远位只保留背景或阶段性观察。,92,风险 +12,rhythm_risk_warning,容易把速度当成确定，把效率压过协商、情绪和长期承载。；常见伪装是：关系推进快、承诺强、问题处理果断，被误当成长期节奏适配。,需要留意：容易把速度当成确定，把效率压过协商、情绪和长期承载。 不要只看：关系推进快、承诺强、问题处理果断，被误当成长期节奏适配。,不得仅凭本规则推出具体日期、交往时长、多久结婚、联系次数、见面频率或关系结果；不得把快等同冲动、慢等同冷淡、高频等同亲密、低频等同不爱。现实安全、双方同意、持续行为、生活条件、反例与协商优先。,中高,待验证,,rhythm_channel=HC08; ten_god=七杀; provisional=true; rule_group=RHYTHM-HC通道; M3_STATE_pending=true,0.7
M5-RHYTHM-100,HC08 决断推进节奏｜关键观察与用户输出,L1 十类关系节奏通道,RHYTHM-HC通道,通用,输出,HC08 决断推进节奏,七杀,已形成主或次HC候选。,HS08停止或资料严重不足。,由共享基础引擎、M2-TEMPO与M3功能模块提供；只修正用户能够承载怎样的推进、联系、共同时间、负荷与恢复节奏，不直接判断现实关系一定同步。,M2说明进入关系前的确认节奏；M5-RHYTHM只处理关系进入认真阶段以后，双方怎样持续协调推进与生活节奏。,M3-BASE、EXPR、CARE、BOUND、CONFLICT提供日常相处和状态通道；M5-RHYTHM负责把双方时间、负荷、联系、空间与恢复合成为长期节奏结构。,无／按本规则指定的提议—观察—同意—执行—反馈—调整—恢复路径路由。,近位、远位只修正某项节奏需求进入亲密关系核心的可能；不得据此判断具体对象现实中一定快、慢、黏、疏或稳定。,根气只修正节奏需求是否稳定重复，不等于双方现实节奏已成熟协调。,旺弱只修正某项推进、联系、共享、变化或恢复通道的调用强度，不直接等于适配质量。,喜忌只修正节奏调用顺畅度与摩擦，不可直接翻译为某种五行、十神或对象类型必然适合。,真合化成立时按化神功能重算节奏需要；合化争议时停止细化节奏画像。,近位提高该节奏议题进入关系核心的可能；远位只保留背景或阶段性观察。,76,不加分；输出,observation_plan,关键事件结束或现实条件变化后，是否会减速、复盘并重新确认双方状态。,关键事件结束或现实条件变化后，是否会减速、复盘并重新确认双方状态。,不得仅凭本规则推出具体日期、交往时长、多久结婚、联系次数、见面频率或关系结果；不得把快等同冲动、慢等同冷淡、高频等同亲密、低频等同不爱。现实安全、双方同意、持续行为、生活条件、反例与协商优先。,中高,待验证,,rhythm_channel=HC08; ten_god=七杀; provisional=true; rule_group=RHYTHM-HC通道; M3_STATE_pending=true,0.7
M5-RHYTHM-101,HC09 安全恢复节奏｜通道定义,L1 十类关系节奏通道,RHYTHM-HC通道,通用,基础,HC09 安全恢复节奏,正印,M5-BASE或上游模块将对应FN路由为主／次节奏功能。,PR0安全门控未通过或该功能只属PR3且与主风险冲突。,由共享基础引擎、M2-TEMPO与M3功能模块提供；只修正用户能够承载怎样的推进、联系、共同时间、负荷与恢复节奏，不直接判断现实关系一定同步。,M2说明进入关系前的确认节奏；M5-RHYTHM只处理关系进入认真阶段以后，双方怎样持续协调推进与生活节奏。,M3-BASE、EXPR、CARE、BOUND、CONFLICT提供日常相处和状态通道；M5-RHYTHM负责把双方时间、负荷、联系、空间与恢复合成为长期节奏结构。,无／按本规则指定的提议—观察—同意—执行—反馈—调整—恢复路径路由。,近位、远位只修正某项节奏需求进入亲密关系核心的可能；不得据此判断具体对象现实中一定快、慢、黏、疏或稳定。,根气只修正节奏需求是否稳定重复，不等于双方现实节奏已成熟协调。,旺弱只修正某项推进、联系、共享、变化或恢复通道的调用强度，不直接等于适配质量。,喜忌只修正节奏调用顺畅度与摩擦，不可直接翻译为某种五行、十神或对象类型必然适合。,真合化成立时按化神功能重算节奏需要；合化争议时停止细化节奏画像。,近位提高该节奏议题进入关系核心的可能；远位只保留背景或阶段性观察。,94,主通道候选 +20,primary_rhythm_channel,HC09 安全恢复节奏将正印功能转译为双人节奏通道。,你需要可依赖的恢复节奏，但安全感最终要转成行动和重新开放。,不得仅凭本规则推出具体日期、交往时长、多久结婚、联系次数、见面频率或关系结果；不得把快等同冲动、慢等同冷淡、高频等同亲密、低频等同不爱。现实安全、双方同意、持续行为、生活条件、反例与协商优先。,中高,待验证,,rhythm_channel=HC09; ten_god=正印; provisional=true; rule_group=RHYTHM-HC通道; M3_STATE_pending=true,0.7
M5-RHYTHM-102,HC09 安全恢复节奏｜推进阶段行为,L1 十类关系节奏通道,RHYTHM-HC通道,通用,推进,HC09 安全恢复节奏,正印,存在关系阶段、承诺或里程碑资料。,用外部进展替代双方内部同意。,由共享基础引擎、M2-TEMPO与M3功能模块提供；只修正用户能够承载怎样的推进、联系、共同时间、负荷与恢复节奏，不直接判断现实关系一定同步。,M2说明进入关系前的确认节奏；M5-RHYTHM只处理关系进入认真阶段以后，双方怎样持续协调推进与生活节奏。,M3-BASE、EXPR、CARE、BOUND、CONFLICT提供日常相处和状态通道；M5-RHYTHM负责把双方时间、负荷、联系、空间与恢复合成为长期节奏结构。,无／按本规则指定的提议—观察—同意—执行—反馈—调整—恢复路径路由。,近位、远位只修正某项节奏需求进入亲密关系核心的可能；不得据此判断具体对象现实中一定快、慢、黏、疏或稳定。,根气只修正节奏需求是否稳定重复，不等于双方现实节奏已成熟协调。,旺弱只修正某项推进、联系、共享、变化或恢复通道的调用强度，不直接等于适配质量。,喜忌只修正节奏调用顺畅度与摩擦，不可直接翻译为某种五行、十神或对象类型必然适合。,真合化成立时按化神功能重算节奏需要；合化争议时停止细化节奏画像。,近位提高该节奏议题进入关系核心的可能；远位只保留背景或阶段性观察。,86,+10 推进证据,progression_rhythm,推进前需要足够安全、理解和可信回应，不适合只靠外部速度推动。,推进方面需要：推进前需要足够安全、理解和可信回应，不适合只靠外部速度推动。,不得仅凭本规则推出具体日期、交往时长、多久结婚、联系次数、见面频率或关系结果；不得把快等同冲动、慢等同冷淡、高频等同亲密、低频等同不爱。现实安全、双方同意、持续行为、生活条件、反例与协商优先。,中高,待验证,,rhythm_channel=HC09; ten_god=正印; provisional=true; rule_group=RHYTHM-HC通道; M3_STATE_pending=true,0.7
M5-RHYTHM-103,HC09 安全恢复节奏｜联系频率行为,L1 十类关系节奏通道,RHYTHM-HC通道,通用,联系,HC09 安全恢复节奏,正印,存在消息、电话、见面或回应资料。,只凭绝对次数判断质量。,由共享基础引擎、M2-TEMPO与M3功能模块提供；只修正用户能够承载怎样的推进、联系、共同时间、负荷与恢复节奏，不直接判断现实关系一定同步。,M2说明进入关系前的确认节奏；M5-RHYTHM只处理关系进入认真阶段以后，双方怎样持续协调推进与生活节奏。,M3-BASE、EXPR、CARE、BOUND、CONFLICT提供日常相处和状态通道；M5-RHYTHM负责把双方时间、负荷、联系、空间与恢复合成为长期节奏结构。,无／按本规则指定的提议—观察—同意—执行—反馈—调整—恢复路径路由。,近位、远位只修正某项节奏需求进入亲密关系核心的可能；不得据此判断具体对象现实中一定快、慢、黏、疏或稳定。,根气只修正节奏需求是否稳定重复，不等于双方现实节奏已成熟协调。,旺弱只修正某项推进、联系、共享、变化或恢复通道的调用强度，不直接等于适配质量。,喜忌只修正节奏调用顺畅度与摩擦，不可直接翻译为某种五行、十神或对象类型必然适合。,真合化成立时按化神功能重算节奏需要；合化争议时停止细化节奏画像。,近位提高该节奏议题进入关系核心的可能；远位只保留背景或阶段性观察。,84,+8 联系证据,contact_rhythm,联系频率重视稳定可依赖，不一定高频，但不应长期失联或难以预测。,联系方面需要：联系频率重视稳定可依赖，不一定高频，但不应长期失联或难以预测。,不得仅凭本规则推出具体日期、交往时长、多久结婚、联系次数、见面频率或关系结果；不得把快等同冲动、慢等同冷淡、高频等同亲密、低频等同不爱。现实安全、双方同意、持续行为、生活条件、反例与协商优先。,中,待验证,,rhythm_channel=HC09; ten_god=正印; provisional=true; rule_group=RHYTHM-HC通道; M3_STATE_pending=true,0.7
M5-RHYTHM-104,HC09 安全恢复节奏｜共同与个人时间,L1 十类关系节奏通道,RHYTHM-HC通道,通用,时间,HC09 安全恢复节奏,正印,存在共同时间、独处或个人恢复资料。,把共同时长直接等同亲密，或把空间直接等同冷淡。,由共享基础引擎、M2-TEMPO与M3功能模块提供；只修正用户能够承载怎样的推进、联系、共同时间、负荷与恢复节奏，不直接判断现实关系一定同步。,M2说明进入关系前的确认节奏；M5-RHYTHM只处理关系进入认真阶段以后，双方怎样持续协调推进与生活节奏。,M3-BASE、EXPR、CARE、BOUND、CONFLICT提供日常相处和状态通道；M5-RHYTHM负责把双方时间、负荷、联系、空间与恢复合成为长期节奏结构。,无／按本规则指定的提议—观察—同意—执行—反馈—调整—恢复路径路由。,近位、远位只修正某项节奏需求进入亲密关系核心的可能；不得据此判断具体对象现实中一定快、慢、黏、疏或稳定。,根气只修正节奏需求是否稳定重复，不等于双方现实节奏已成熟协调。,旺弱只修正某项推进、联系、共享、变化或恢复通道的调用强度，不直接等于适配质量。,喜忌只修正节奏调用顺畅度与摩擦，不可直接翻译为某种五行、十神或对象类型必然适合。,真合化成立时按化神功能重算节奏需要；合化争议时停止细化节奏画像。,近位提高该节奏议题进入关系核心的可能；远位只保留背景或阶段性观察。,84,+8 时间证据,shared_personal_time,共同时间需要有承接和休息，也鼓励各自恢复能力。,共同与个人时间方面：共同时间需要有承接和休息，也鼓励各自恢复能力。,不得仅凭本规则推出具体日期、交往时长、多久结婚、联系次数、见面频率或关系结果；不得把快等同冲动、慢等同冷淡、高频等同亲密、低频等同不爱。现实安全、双方同意、持续行为、生活条件、反例与协商优先。,中,待验证,,rhythm_channel=HC09; ten_god=正印; provisional=true; rule_group=RHYTHM-HC通道; M3_STATE_pending=true,0.7
M5-RHYTHM-105,HC09 安全恢复节奏｜生活负荷协同,L1 十类关系节奏通道,RHYTHM-HC通道,通用,负荷,HC09 安全恢复节奏,正印,存在工作、金钱、家庭、健康或照护负荷。,忽略现实容量，只按理想频率要求。,由共享基础引擎、M2-TEMPO与M3功能模块提供；只修正用户能够承载怎样的推进、联系、共同时间、负荷与恢复节奏，不直接判断现实关系一定同步。,M2说明进入关系前的确认节奏；M5-RHYTHM只处理关系进入认真阶段以后，双方怎样持续协调推进与生活节奏。,M3-BASE、EXPR、CARE、BOUND、CONFLICT提供日常相处和状态通道；M5-RHYTHM负责把双方时间、负荷、联系、空间与恢复合成为长期节奏结构。,无／按本规则指定的提议—观察—同意—执行—反馈—调整—恢复路径路由。,近位、远位只修正某项节奏需求进入亲密关系核心的可能；不得据此判断具体对象现实中一定快、慢、黏、疏或稳定。,根气只修正节奏需求是否稳定重复，不等于双方现实节奏已成熟协调。,旺弱只修正某项推进、联系、共享、变化或恢复通道的调用强度，不直接等于适配质量。,喜忌只修正节奏调用顺畅度与摩擦，不可直接翻译为某种五行、十神或对象类型必然适合。,真合化成立时按化神功能重算节奏需要；合化争议时停止细化节奏画像。,近位提高该节奏议题进入关系核心的可能；远位只保留背景或阶段性观察。,88,+10 负荷证据,life_load_capacity,一方低资源时可以暂时多承接，但负荷和恢复计划需要说清楚。,现实负荷方面需要：一方低资源时可以暂时多承接，但负荷和恢复计划需要说清楚。,不得仅凭本规则推出具体日期、交往时长、多久结婚、联系次数、见面频率或关系结果；不得把快等同冲动、慢等同冷淡、高频等同亲密、低频等同不爱。现实安全、双方同意、持续行为、生活条件、反例与协商优先。,中高,待验证,,rhythm_channel=HC09; ten_god=正印; provisional=true; rule_group=RHYTHM-HC通道; M3_STATE_pending=true,0.7
M5-RHYTHM-106,HC09 安全恢复节奏｜压力节奏行为,L1 十类关系节奏通道,RHYTHM-HC通道,通用,压力,HC09 安全恢复节奏,正印,存在高压、异地、冲突或资源变化。,只有平稳期资料。,由共享基础引擎、M2-TEMPO与M3功能模块提供；只修正用户能够承载怎样的推进、联系、共同时间、负荷与恢复节奏，不直接判断现实关系一定同步。,M2说明进入关系前的确认节奏；M5-RHYTHM只处理关系进入认真阶段以后，双方怎样持续协调推进与生活节奏。,M3-BASE、EXPR、CARE、BOUND、CONFLICT提供日常相处和状态通道；M5-RHYTHM负责把双方时间、负荷、联系、空间与恢复合成为长期节奏结构。,无／按本规则指定的提议—观察—同意—执行—反馈—调整—恢复路径路由。,近位、远位只修正某项节奏需求进入亲密关系核心的可能；不得据此判断具体对象现实中一定快、慢、黏、疏或稳定。,根气只修正节奏需求是否稳定重复，不等于双方现实节奏已成熟协调。,旺弱只修正某项推进、联系、共享、变化或恢复通道的调用强度，不直接等于适配质量。,喜忌只修正节奏调用顺畅度与摩擦，不可直接翻译为某种五行、十神或对象类型必然适合。,真合化成立时按化神功能重算节奏需要；合化争议时停止细化节奏画像。,近位提高该节奏议题进入关系核心的可能；远位只保留背景或阶段性观察。,90,+12 压力证据,stress_rhythm_profile,高压时先恢复安全和信息，再决定是否推进、讨论或重新承担。,压力下重点观察：高压时先恢复安全和信息，再决定是否推进、讨论或重新承担。,不得仅凭本规则推出具体日期、交往时长、多久结婚、联系次数、见面频率或关系结果；不得把快等同冲动、慢等同冷淡、高频等同亲密、低频等同不爱。现实安全、双方同意、持续行为、生活条件、反例与协商优先。,中高,待验证,,rhythm_channel=HC09; ten_god=正印; provisional=true; rule_group=RHYTHM-HC通道; M3_STATE_pending=true,0.7
M5-RHYTHM-107,HC09 安全恢复节奏｜恢复与重新开放,L1 十类关系节奏通道,RHYTHM-HC通道,通用,恢复,HC09 安全恢复节奏,正印,存在压力结束、冲突后重连或阶段恢复资料。,把问题停止直接写成节奏恢复。,由共享基础引擎、M2-TEMPO与M3功能模块提供；只修正用户能够承载怎样的推进、联系、共同时间、负荷与恢复节奏，不直接判断现实关系一定同步。,M2说明进入关系前的确认节奏；M5-RHYTHM只处理关系进入认真阶段以后，双方怎样持续协调推进与生活节奏。,M3-BASE、EXPR、CARE、BOUND、CONFLICT提供日常相处和状态通道；M5-RHYTHM负责把双方时间、负荷、联系、空间与恢复合成为长期节奏结构。,无／按本规则指定的提议—观察—同意—执行—反馈—调整—恢复路径路由。,近位、远位只修正某项节奏需求进入亲密关系核心的可能；不得据此判断具体对象现实中一定快、慢、黏、疏或稳定。,根气只修正节奏需求是否稳定重复，不等于双方现实节奏已成熟协调。,旺弱只修正某项推进、联系、共享、变化或恢复通道的调用强度，不直接等于适配质量。,喜忌只修正节奏调用顺畅度与摩擦，不可直接翻译为某种五行、十神或对象类型必然适合。,真合化成立时按化神功能重算节奏需要；合化争议时停止细化节奏画像。,近位提高该节奏议题进入关系核心的可能；远位只保留背景或阶段性观察。,90,+12 恢复证据,recovery_rhythm,通过倾听、稳定联系、逐步恢复任务和重新开放完成回归。,恢复方面需要：通过倾听、稳定联系、逐步恢复任务和重新开放完成回归。,不得仅凭本规则推出具体日期、交往时长、多久结婚、联系次数、见面频率或关系结果；不得把快等同冲动、慢等同冷淡、高频等同亲密、低频等同不爱。现实安全、双方同意、持续行为、生活条件、反例与协商优先。,中高,待验证,,rhythm_channel=HC09; ten_god=正印; provisional=true; rule_group=RHYTHM-HC通道; M3_STATE_pending=true,0.7
M5-RHYTHM-108,HC09 安全恢复节奏｜成熟节奏表达,L1 十类关系节奏通道,RHYTHM-HC通道,通用,成熟,HC09 安全恢复节奏,正印,HV4以上，且HO01、HO02、HO04、HO05、HO10至少四项可靠。,只有自述、单次高光或一种场景。,由共享基础引擎、M2-TEMPO与M3功能模块提供；只修正用户能够承载怎样的推进、联系、共同时间、负荷与恢复节奏，不直接判断现实关系一定同步。,M2说明进入关系前的确认节奏；M5-RHYTHM只处理关系进入认真阶段以后，双方怎样持续协调推进与生活节奏。,M3-BASE、EXPR、CARE、BOUND、CONFLICT提供日常相处和状态通道；M5-RHYTHM负责把双方时间、负荷、联系、空间与恢复合成为长期节奏结构。,无／按本规则指定的提议—观察—同意—执行—反馈—调整—恢复路径路由。,近位、远位只修正某项节奏需求进入亲密关系核心的可能；不得据此判断具体对象现实中一定快、慢、黏、疏或稳定。,根气只修正节奏需求是否稳定重复，不等于双方现实节奏已成熟协调。,旺弱只修正某项推进、联系、共享、变化或恢复通道的调用强度，不直接等于适配质量。,喜忌只修正节奏调用顺畅度与摩擦，不可直接翻译为某种五行、十神或对象类型必然适合。,真合化成立时按化神功能重算节奏需要；合化争议时停止细化节奏画像。,近位提高该节奏议题进入关系核心的可能；远位只保留背景或阶段性观察。,92,成熟 +16,mature_rhythm_profile,支持增加双方安全与自主，不把恢复做成无限照顾或永久低要求。,成熟表现是：支持增加双方安全与自主，不把恢复做成无限照顾或永久低要求。,不得仅凭本规则推出具体日期、交往时长、多久结婚、联系次数、见面频率或关系结果；不得把快等同冲动、慢等同冷淡、高频等同亲密、低频等同不爱。现实安全、双方同意、持续行为、生活条件、反例与协商优先。,中高,待验证,,rhythm_channel=HC09; ten_god=正印; provisional=true; rule_group=RHYTHM-HC通道; M3_STATE_pending=true,0.7
M5-RHYTHM-109,HC09 安全恢复节奏｜失衡与伪装候选,L1 十类关系节奏通道,RHYTHM-HC通道,通用,风险,HC09 安全恢复节奏,正印,现实资料显示不可预测、过度占用、长期延后、负荷失配或恢复失败。,只有功能强度，没有独立失衡证据。,由共享基础引擎、M2-TEMPO与M3功能模块提供；只修正用户能够承载怎样的推进、联系、共同时间、负荷与恢复节奏，不直接判断现实关系一定同步。,M2说明进入关系前的确认节奏；M5-RHYTHM只处理关系进入认真阶段以后，双方怎样持续协调推进与生活节奏。,M3-BASE、EXPR、CARE、BOUND、CONFLICT提供日常相处和状态通道；M5-RHYTHM负责把双方时间、负荷、联系、空间与恢复合成为长期节奏结构。,无／按本规则指定的提议—观察—同意—执行—反馈—调整—恢复路径路由。,近位、远位只修正某项节奏需求进入亲密关系核心的可能；不得据此判断具体对象现实中一定快、慢、黏、疏或稳定。,根气只修正节奏需求是否稳定重复，不等于双方现实节奏已成熟协调。,旺弱只修正某项推进、联系、共享、变化或恢复通道的调用强度，不直接等于适配质量。,喜忌只修正节奏调用顺畅度与摩擦，不可直接翻译为某种五行、十神或对象类型必然适合。,真合化成立时按化神功能重算节奏需要；合化争议时停止细化节奏画像。,近位提高该节奏议题进入关系核心的可能；远位只保留背景或阶段性观察。,92,风险 +12,rhythm_risk_warning,容易长期等待、过度承接，关系推进和现实改变被无限延后。；常见伪装是：回应温和、理解很多，却长期没有行动、承诺或负荷重订。,需要留意：容易长期等待、过度承接，关系推进和现实改变被无限延后。 不要只看：回应温和、理解很多，却长期没有行动、承诺或负荷重订。,不得仅凭本规则推出具体日期、交往时长、多久结婚、联系次数、见面频率或关系结果；不得把快等同冲动、慢等同冷淡、高频等同亲密、低频等同不爱。现实安全、双方同意、持续行为、生活条件、反例与协商优先。,中高,待验证,,rhythm_channel=HC09; ten_god=正印; provisional=true; rule_group=RHYTHM-HC通道; M3_STATE_pending=true,0.7
M5-RHYTHM-110,HC09 安全恢复节奏｜关键观察与用户输出,L1 十类关系节奏通道,RHYTHM-HC通道,通用,输出,HC09 安全恢复节奏,正印,已形成主或次HC候选。,HS08停止或资料严重不足。,由共享基础引擎、M2-TEMPO与M3功能模块提供；只修正用户能够承载怎样的推进、联系、共同时间、负荷与恢复节奏，不直接判断现实关系一定同步。,M2说明进入关系前的确认节奏；M5-RHYTHM只处理关系进入认真阶段以后，双方怎样持续协调推进与生活节奏。,M3-BASE、EXPR、CARE、BOUND、CONFLICT提供日常相处和状态通道；M5-RHYTHM负责把双方时间、负荷、联系、空间与恢复合成为长期节奏结构。,无／按本规则指定的提议—观察—同意—执行—反馈—调整—恢复路径路由。,近位、远位只修正某项节奏需求进入亲密关系核心的可能；不得据此判断具体对象现实中一定快、慢、黏、疏或稳定。,根气只修正节奏需求是否稳定重复，不等于双方现实节奏已成熟协调。,旺弱只修正某项推进、联系、共享、变化或恢复通道的调用强度，不直接等于适配质量。,喜忌只修正节奏调用顺畅度与摩擦，不可直接翻译为某种五行、十神或对象类型必然适合。,真合化成立时按化神功能重算节奏需要；合化争议时停止细化节奏画像。,近位提高该节奏议题进入关系核心的可能；远位只保留背景或阶段性观察。,76,不加分；输出,observation_plan,被理解和支持之后，关系是否逐步恢复行动、责任和共同计划。,被理解和支持之后，关系是否逐步恢复行动、责任和共同计划。,不得仅凭本规则推出具体日期、交往时长、多久结婚、联系次数、见面频率或关系结果；不得把快等同冲动、慢等同冷淡、高频等同亲密、低频等同不爱。现实安全、双方同意、持续行为、生活条件、反例与协商优先。,中高,待验证,,rhythm_channel=HC09; ten_god=正印; provisional=true; rule_group=RHYTHM-HC通道; M3_STATE_pending=true,0.7
M5-RHYTHM-111,HC10 深度空间节奏｜通道定义,L1 十类关系节奏通道,RHYTHM-HC通道,通用,基础,HC10 深度空间节奏,偏印,M5-BASE或上游模块将对应FN路由为主／次节奏功能。,PR0安全门控未通过或该功能只属PR3且与主风险冲突。,由共享基础引擎、M2-TEMPO与M3功能模块提供；只修正用户能够承载怎样的推进、联系、共同时间、负荷与恢复节奏，不直接判断现实关系一定同步。,M2说明进入关系前的确认节奏；M5-RHYTHM只处理关系进入认真阶段以后，双方怎样持续协调推进与生活节奏。,M3-BASE、EXPR、CARE、BOUND、CONFLICT提供日常相处和状态通道；M5-RHYTHM负责把双方时间、负荷、联系、空间与恢复合成为长期节奏结构。,无／按本规则指定的提议—观察—同意—执行—反馈—调整—恢复路径路由。,近位、远位只修正某项节奏需求进入亲密关系核心的可能；不得据此判断具体对象现实中一定快、慢、黏、疏或稳定。,根气只修正节奏需求是否稳定重复，不等于双方现实节奏已成熟协调。,旺弱只修正某项推进、联系、共享、变化或恢复通道的调用强度，不直接等于适配质量。,喜忌只修正节奏调用顺畅度与摩擦，不可直接翻译为某种五行、十神或对象类型必然适合。,真合化成立时按化神功能重算节奏需要；合化争议时停止细化节奏画像。,近位提高该节奏议题进入关系核心的可能；远位只保留背景或阶段性观察。,94,主通道候选 +20,primary_rhythm_channel,HC10 深度空间节奏将偏印功能转译为双人节奏通道。,低频和空间可以适配，但必须有透明信息、最低连接和可靠回归。,不得仅凭本规则推出具体日期、交往时长、多久结婚、联系次数、见面频率或关系结果；不得把快等同冲动、慢等同冷淡、高频等同亲密、低频等同不爱。现实安全、双方同意、持续行为、生活条件、反例与协商优先。,中高,待验证,,rhythm_channel=HC10; ten_god=偏印; provisional=true; rule_group=RHYTHM-HC通道; M3_STATE_pending=true,0.7
M5-RHYTHM-112,HC10 深度空间节奏｜推进阶段行为,L1 十类关系节奏通道,RHYTHM-HC通道,通用,推进,HC10 深度空间节奏,偏印,存在关系阶段、承诺或里程碑资料。,用外部进展替代双方内部同意。,由共享基础引擎、M2-TEMPO与M3功能模块提供；只修正用户能够承载怎样的推进、联系、共同时间、负荷与恢复节奏，不直接判断现实关系一定同步。,M2说明进入关系前的确认节奏；M5-RHYTHM只处理关系进入认真阶段以后，双方怎样持续协调推进与生活节奏。,M3-BASE、EXPR、CARE、BOUND、CONFLICT提供日常相处和状态通道；M5-RHYTHM负责把双方时间、负荷、联系、空间与恢复合成为长期节奏结构。,无／按本规则指定的提议—观察—同意—执行—反馈—调整—恢复路径路由。,近位、远位只修正某项节奏需求进入亲密关系核心的可能；不得据此判断具体对象现实中一定快、慢、黏、疏或稳定。,根气只修正节奏需求是否稳定重复，不等于双方现实节奏已成熟协调。,旺弱只修正某项推进、联系、共享、变化或恢复通道的调用强度，不直接等于适配质量。,喜忌只修正节奏调用顺畅度与摩擦，不可直接翻译为某种五行、十神或对象类型必然适合。,真合化成立时按化神功能重算节奏需要；合化争议时停止细化节奏画像。,近位提高该节奏议题进入关系核心的可能；远位只保留背景或阶段性观察。,86,+10 推进证据,progression_rhythm,推进前需要内部确认和意义整合，不适合在资料不足时被催促。,推进方面需要：推进前需要内部确认和意义整合，不适合在资料不足时被催促。,不得仅凭本规则推出具体日期、交往时长、多久结婚、联系次数、见面频率或关系结果；不得把快等同冲动、慢等同冷淡、高频等同亲密、低频等同不爱。现实安全、双方同意、持续行为、生活条件、反例与协商优先。,中高,待验证,,rhythm_channel=HC10; ten_god=偏印; provisional=true; rule_group=RHYTHM-HC通道; M3_STATE_pending=true,0.7
M5-RHYTHM-113,HC10 深度空间节奏｜联系频率行为,L1 十类关系节奏通道,RHYTHM-HC通道,通用,联系,HC10 深度空间节奏,偏印,存在消息、电话、见面或回应资料。,只凭绝对次数判断质量。,由共享基础引擎、M2-TEMPO与M3功能模块提供；只修正用户能够承载怎样的推进、联系、共同时间、负荷与恢复节奏，不直接判断现实关系一定同步。,M2说明进入关系前的确认节奏；M5-RHYTHM只处理关系进入认真阶段以后，双方怎样持续协调推进与生活节奏。,M3-BASE、EXPR、CARE、BOUND、CONFLICT提供日常相处和状态通道；M5-RHYTHM负责把双方时间、负荷、联系、空间与恢复合成为长期节奏结构。,无／按本规则指定的提议—观察—同意—执行—反馈—调整—恢复路径路由。,近位、远位只修正某项节奏需求进入亲密关系核心的可能；不得据此判断具体对象现实中一定快、慢、黏、疏或稳定。,根气只修正节奏需求是否稳定重复，不等于双方现实节奏已成熟协调。,旺弱只修正某项推进、联系、共享、变化或恢复通道的调用强度，不直接等于适配质量。,喜忌只修正节奏调用顺畅度与摩擦，不可直接翻译为某种五行、十神或对象类型必然适合。,真合化成立时按化神功能重算节奏需要；合化争议时停止细化节奏画像。,近位提高该节奏议题进入关系核心的可能；远位只保留背景或阶段性观察。,84,+8 联系证据,contact_rhythm,频率可较低或集中，但重要关系状态和变化需透明。,联系方面需要：频率可较低或集中，但重要关系状态和变化需透明。,不得仅凭本规则推出具体日期、交往时长、多久结婚、联系次数、见面频率或关系结果；不得把快等同冲动、慢等同冷淡、高频等同亲密、低频等同不爱。现实安全、双方同意、持续行为、生活条件、反例与协商优先。,中,待验证,,rhythm_channel=HC10; ten_god=偏印; provisional=true; rule_group=RHYTHM-HC通道; M3_STATE_pending=true,0.7
M5-RHYTHM-114,HC10 深度空间节奏｜共同与个人时间,L1 十类关系节奏通道,RHYTHM-HC通道,通用,时间,HC10 深度空间节奏,偏印,存在共同时间、独处或个人恢复资料。,把共同时长直接等同亲密，或把空间直接等同冷淡。,由共享基础引擎、M2-TEMPO与M3功能模块提供；只修正用户能够承载怎样的推进、联系、共同时间、负荷与恢复节奏，不直接判断现实关系一定同步。,M2说明进入关系前的确认节奏；M5-RHYTHM只处理关系进入认真阶段以后，双方怎样持续协调推进与生活节奏。,M3-BASE、EXPR、CARE、BOUND、CONFLICT提供日常相处和状态通道；M5-RHYTHM负责把双方时间、负荷、联系、空间与恢复合成为长期节奏结构。,无／按本规则指定的提议—观察—同意—执行—反馈—调整—恢复路径路由。,近位、远位只修正某项节奏需求进入亲密关系核心的可能；不得据此判断具体对象现实中一定快、慢、黏、疏或稳定。,根气只修正节奏需求是否稳定重复，不等于双方现实节奏已成熟协调。,旺弱只修正某项推进、联系、共享、变化或恢复通道的调用强度，不直接等于适配质量。,喜忌只修正节奏调用顺畅度与摩擦，不可直接翻译为某种五行、十神或对象类型必然适合。,真合化成立时按化神功能重算节奏需要；合化争议时停止细化节奏画像。,近位提高该节奏议题进入关系核心的可能；远位只保留背景或阶段性观察。,84,+8 时间证据,shared_personal_time,共同时间重质不重量，个人独处和深度活动占比较高。,共同与个人时间方面：共同时间重质不重量，个人独处和深度活动占比较高。,不得仅凭本规则推出具体日期、交往时长、多久结婚、联系次数、见面频率或关系结果；不得把快等同冲动、慢等同冷淡、高频等同亲密、低频等同不爱。现实安全、双方同意、持续行为、生活条件、反例与协商优先。,中,待验证,,rhythm_channel=HC10; ten_god=偏印; provisional=true; rule_group=RHYTHM-HC通道; M3_STATE_pending=true,0.7
M5-RHYTHM-115,HC10 深度空间节奏｜生活负荷协同,L1 十类关系节奏通道,RHYTHM-HC通道,通用,负荷,HC10 深度空间节奏,偏印,存在工作、金钱、家庭、健康或照护负荷。,忽略现实容量，只按理想频率要求。,由共享基础引擎、M2-TEMPO与M3功能模块提供；只修正用户能够承载怎样的推进、联系、共同时间、负荷与恢复节奏，不直接判断现实关系一定同步。,M2说明进入关系前的确认节奏；M5-RHYTHM只处理关系进入认真阶段以后，双方怎样持续协调推进与生活节奏。,M3-BASE、EXPR、CARE、BOUND、CONFLICT提供日常相处和状态通道；M5-RHYTHM负责把双方时间、负荷、联系、空间与恢复合成为长期节奏结构。,无／按本规则指定的提议—观察—同意—执行—反馈—调整—恢复路径路由。,近位、远位只修正某项节奏需求进入亲密关系核心的可能；不得据此判断具体对象现实中一定快、慢、黏、疏或稳定。,根气只修正节奏需求是否稳定重复，不等于双方现实节奏已成熟协调。,旺弱只修正某项推进、联系、共享、变化或恢复通道的调用强度，不直接等于适配质量。,喜忌只修正节奏调用顺畅度与摩擦，不可直接翻译为某种五行、十神或对象类型必然适合。,真合化成立时按化神功能重算节奏需要；合化争议时停止细化节奏画像。,近位提高该节奏议题进入关系核心的可能；远位只保留背景或阶段性观察。,88,+10 负荷证据,life_load_capacity,复杂时期允许延迟回应，但需要说明预计时间和最低连接。,现实负荷方面需要：复杂时期允许延迟回应，但需要说明预计时间和最低连接。,不得仅凭本规则推出具体日期、交往时长、多久结婚、联系次数、见面频率或关系结果；不得把快等同冲动、慢等同冷淡、高频等同亲密、低频等同不爱。现实安全、双方同意、持续行为、生活条件、反例与协商优先。,中高,待验证,,rhythm_channel=HC10; ten_god=偏印; provisional=true; rule_group=RHYTHM-HC通道; M3_STATE_pending=true,0.7
M5-RHYTHM-116,HC10 深度空间节奏｜压力节奏行为,L1 十类关系节奏通道,RHYTHM-HC通道,通用,压力,HC10 深度空间节奏,偏印,存在高压、异地、冲突或资源变化。,只有平稳期资料。,由共享基础引擎、M2-TEMPO与M3功能模块提供；只修正用户能够承载怎样的推进、联系、共同时间、负荷与恢复节奏，不直接判断现实关系一定同步。,M2说明进入关系前的确认节奏；M5-RHYTHM只处理关系进入认真阶段以后，双方怎样持续协调推进与生活节奏。,M3-BASE、EXPR、CARE、BOUND、CONFLICT提供日常相处和状态通道；M5-RHYTHM负责把双方时间、负荷、联系、空间与恢复合成为长期节奏结构。,无／按本规则指定的提议—观察—同意—执行—反馈—调整—恢复路径路由。,近位、远位只修正某项节奏需求进入亲密关系核心的可能；不得据此判断具体对象现实中一定快、慢、黏、疏或稳定。,根气只修正节奏需求是否稳定重复，不等于双方现实节奏已成熟协调。,旺弱只修正某项推进、联系、共享、变化或恢复通道的调用强度，不直接等于适配质量。,喜忌只修正节奏调用顺畅度与摩擦，不可直接翻译为某种五行、十神或对象类型必然适合。,真合化成立时按化神功能重算节奏需要；合化争议时停止细化节奏画像。,近位提高该节奏议题进入关系核心的可能；远位只保留背景或阶段性观察。,90,+12 压力证据,stress_rhythm_profile,高压时先整理，成熟结构会明确暂停范围、变化通知和回归点。,压力下重点观察：高压时先整理，成熟结构会明确暂停范围、变化通知和回归点。,不得仅凭本规则推出具体日期、交往时长、多久结婚、联系次数、见面频率或关系结果；不得把快等同冲动、慢等同冷淡、高频等同亲密、低频等同不爱。现实安全、双方同意、持续行为、生活条件、反例与协商优先。,中高,待验证,,rhythm_channel=HC10; ten_god=偏印; provisional=true; rule_group=RHYTHM-HC通道; M3_STATE_pending=true,0.7
M5-RHYTHM-117,HC10 深度空间节奏｜恢复与重新开放,L1 十类关系节奏通道,RHYTHM-HC通道,通用,恢复,HC10 深度空间节奏,偏印,存在压力结束、冲突后重连或阶段恢复资料。,把问题停止直接写成节奏恢复。,由共享基础引擎、M2-TEMPO与M3功能模块提供；只修正用户能够承载怎样的推进、联系、共同时间、负荷与恢复节奏，不直接判断现实关系一定同步。,M2说明进入关系前的确认节奏；M5-RHYTHM只处理关系进入认真阶段以后，双方怎样持续协调推进与生活节奏。,M3-BASE、EXPR、CARE、BOUND、CONFLICT提供日常相处和状态通道；M5-RHYTHM负责把双方时间、负荷、联系、空间与恢复合成为长期节奏结构。,无／按本规则指定的提议—观察—同意—执行—反馈—调整—恢复路径路由。,近位、远位只修正某项节奏需求进入亲密关系核心的可能；不得据此判断具体对象现实中一定快、慢、黏、疏或稳定。,根气只修正节奏需求是否稳定重复，不等于双方现实节奏已成熟协调。,旺弱只修正某项推进、联系、共享、变化或恢复通道的调用强度，不直接等于适配质量。,喜忌只修正节奏调用顺畅度与摩擦，不可直接翻译为某种五行、十神或对象类型必然适合。,真合化成立时按化神功能重算节奏需要；合化争议时停止细化节奏画像。,近位提高该节奏议题进入关系核心的可能；远位只保留背景或阶段性观察。,90,+12 恢复证据,recovery_rhythm,整理后主动回来，回应关键问题，并逐步恢复联系和共同安排。,恢复方面需要：整理后主动回来，回应关键问题，并逐步恢复联系和共同安排。,不得仅凭本规则推出具体日期、交往时长、多久结婚、联系次数、见面频率或关系结果；不得把快等同冲动、慢等同冷淡、高频等同亲密、低频等同不爱。现实安全、双方同意、持续行为、生活条件、反例与协商优先。,中高,待验证,,rhythm_channel=HC10; ten_god=偏印; provisional=true; rule_group=RHYTHM-HC通道; M3_STATE_pending=true,0.7
M5-RHYTHM-118,HC10 深度空间节奏｜成熟节奏表达,L1 十类关系节奏通道,RHYTHM-HC通道,通用,成熟,HC10 深度空间节奏,偏印,HV4以上，且HO01、HO02、HO04、HO05、HO10至少四项可靠。,只有自述、单次高光或一种场景。,由共享基础引擎、M2-TEMPO与M3功能模块提供；只修正用户能够承载怎样的推进、联系、共同时间、负荷与恢复节奏，不直接判断现实关系一定同步。,M2说明进入关系前的确认节奏；M5-RHYTHM只处理关系进入认真阶段以后，双方怎样持续协调推进与生活节奏。,M3-BASE、EXPR、CARE、BOUND、CONFLICT提供日常相处和状态通道；M5-RHYTHM负责把双方时间、负荷、联系、空间与恢复合成为长期节奏结构。,无／按本规则指定的提议—观察—同意—执行—反馈—调整—恢复路径路由。,近位、远位只修正某项节奏需求进入亲密关系核心的可能；不得据此判断具体对象现实中一定快、慢、黏、疏或稳定。,根气只修正节奏需求是否稳定重复，不等于双方现实节奏已成熟协调。,旺弱只修正某项推进、联系、共享、变化或恢复通道的调用强度，不直接等于适配质量。,喜忌只修正节奏调用顺畅度与摩擦，不可直接翻译为某种五行、十神或对象类型必然适合。,真合化成立时按化神功能重算节奏需要；合化争议时停止细化节奏画像。,近位提高该节奏议题进入关系核心的可能；远位只保留背景或阶段性观察。,92,成熟 +16,mature_rhythm_profile,空间与连接并存，低频不等于失联，暂停不会替代责任。,成熟表现是：空间与连接并存，低频不等于失联，暂停不会替代责任。,不得仅凭本规则推出具体日期、交往时长、多久结婚、联系次数、见面频率或关系结果；不得把快等同冲动、慢等同冷淡、高频等同亲密、低频等同不爱。现实安全、双方同意、持续行为、生活条件、反例与协商优先。,中高,待验证,,rhythm_channel=HC10; ten_god=偏印; provisional=true; rule_group=RHYTHM-HC通道; M3_STATE_pending=true,0.7
M5-RHYTHM-119,HC10 深度空间节奏｜失衡与伪装候选,L1 十类关系节奏通道,RHYTHM-HC通道,通用,风险,HC10 深度空间节奏,偏印,现实资料显示不可预测、过度占用、长期延后、负荷失配或恢复失败。,只有功能强度，没有独立失衡证据。,由共享基础引擎、M2-TEMPO与M3功能模块提供；只修正用户能够承载怎样的推进、联系、共同时间、负荷与恢复节奏，不直接判断现实关系一定同步。,M2说明进入关系前的确认节奏；M5-RHYTHM只处理关系进入认真阶段以后，双方怎样持续协调推进与生活节奏。,M3-BASE、EXPR、CARE、BOUND、CONFLICT提供日常相处和状态通道；M5-RHYTHM负责把双方时间、负荷、联系、空间与恢复合成为长期节奏结构。,无／按本规则指定的提议—观察—同意—执行—反馈—调整—恢复路径路由。,近位、远位只修正某项节奏需求进入亲密关系核心的可能；不得据此判断具体对象现实中一定快、慢、黏、疏或稳定。,根气只修正节奏需求是否稳定重复，不等于双方现实节奏已成熟协调。,旺弱只修正某项推进、联系、共享、变化或恢复通道的调用强度，不直接等于适配质量。,喜忌只修正节奏调用顺畅度与摩擦，不可直接翻译为某种五行、十神或对象类型必然适合。,真合化成立时按化神功能重算节奏需要；合化争议时停止细化节奏画像。,近位提高该节奏议题进入关系核心的可能；远位只保留背景或阶段性观察。,92,风险 +12,rhythm_risk_warning,容易低频过度、信息不透明、回归不断延后。；常见伪装是：以慢热、深度、忙碌或需要空间为名，长期不回应、不说明和不承担共同影响。,需要留意：容易低频过度、信息不透明、回归不断延后。 不要只看：以慢热、深度、忙碌或需要空间为名，长期不回应、不说明和不承担共同影响。,不得仅凭本规则推出具体日期、交往时长、多久结婚、联系次数、见面频率或关系结果；不得把快等同冲动、慢等同冷淡、高频等同亲密、低频等同不爱。现实安全、双方同意、持续行为、生活条件、反例与协商优先。,中高,待验证,,rhythm_channel=HC10; ten_god=偏印; provisional=true; rule_group=RHYTHM-HC通道; M3_STATE_pending=true,0.7
M5-RHYTHM-120,HC10 深度空间节奏｜关键观察与用户输出,L1 十类关系节奏通道,RHYTHM-HC通道,通用,输出,HC10 深度空间节奏,偏印,已形成主或次HC候选。,HS08停止或资料严重不足。,由共享基础引擎、M2-TEMPO与M3功能模块提供；只修正用户能够承载怎样的推进、联系、共同时间、负荷与恢复节奏，不直接判断现实关系一定同步。,M2说明进入关系前的确认节奏；M5-RHYTHM只处理关系进入认真阶段以后，双方怎样持续协调推进与生活节奏。,M3-BASE、EXPR、CARE、BOUND、CONFLICT提供日常相处和状态通道；M5-RHYTHM负责把双方时间、负荷、联系、空间与恢复合成为长期节奏结构。,无／按本规则指定的提议—观察—同意—执行—反馈—调整—恢复路径路由。,近位、远位只修正某项节奏需求进入亲密关系核心的可能；不得据此判断具体对象现实中一定快、慢、黏、疏或稳定。,根气只修正节奏需求是否稳定重复，不等于双方现实节奏已成熟协调。,旺弱只修正某项推进、联系、共享、变化或恢复通道的调用强度，不直接等于适配质量。,喜忌只修正节奏调用顺畅度与摩擦，不可直接翻译为某种五行、十神或对象类型必然适合。,真合化成立时按化神功能重算节奏需要；合化争议时停止细化节奏画像。,近位提高该节奏议题进入关系核心的可能；远位只保留背景或阶段性观察。,76,不加分；输出,observation_plan,联系降低或需要空间时，是否说明原因、时间和回来方式，并最终处理重要问题。,联系降低或需要空间时，是否说明原因、时间和回来方式，并最终处理重要问题。,不得仅凭本规则推出具体日期、交往时长、多久结婚、联系次数、见面频率或关系结果；不得把快等同冲动、慢等同冷淡、高频等同亲密、低频等同不爱。现实安全、双方同意、持续行为、生活条件、反例与协商优先。,中高,待验证,,rhythm_channel=HC10; ten_god=偏印; provisional=true; rule_group=RHYTHM-HC通道; M3_STATE_pending=true,0.7
M5-RHYTHM-121,HO01 推进节奏同意｜正式定义,L2 节奏观察维度,RHYTHM-HO维度,通用,定义,HO01,推进节奏同意,存在具体双人节奏资料。,只有命盘需求、抽象风格或理想频率。,由共享基础引擎、M2-TEMPO与M3功能模块提供；只修正用户能够承载怎样的推进、联系、共同时间、负荷与恢复节奏，不直接判断现实关系一定同步。,M2说明进入关系前的确认节奏；M5-RHYTHM只处理关系进入认真阶段以后，双方怎样持续协调推进与生活节奏。,M3-BASE、EXPR、CARE、BOUND、CONFLICT提供日常相处和状态通道；M5-RHYTHM负责把双方时间、负荷、联系、空间与恢复合成为长期节奏结构。,无／按本规则指定的提议—观察—同意—执行—反馈—调整—恢复路径路由。,近位、远位只修正某项节奏需求进入亲密关系核心的可能；不得据此判断具体对象现实中一定快、慢、黏、疏或稳定。,根气只修正节奏需求是否稳定重复，不等于双方现实节奏已成熟协调。,旺弱只修正某项推进、联系、共享、变化或恢复通道的调用强度，不直接等于适配质量。,喜忌只修正节奏调用顺畅度与摩擦，不可直接翻译为某种五行、十神或对象类型必然适合。,真合化成立时按化神功能重算节奏需要；合化争议时停止细化节奏画像。,近位提高该节奏议题进入关系核心的可能；远位只保留背景或阶段性观察。,94,不加分；定义,rhythm_observation_dimensions,关系升级、承诺和重要阶段是否由双方清楚同意。,推进快慢不是核心，双方是否真正同意才是核心。,不得仅凭本规则推出具体日期、交往时长、多久结婚、联系次数、见面频率或关系结果；不得把快等同冲动、慢等同冷淡、高频等同亲密、低频等同不爱。现实安全、双方同意、持续行为、生活条件、反例与协商优先。,高,待验证,,rhythm_observation=HO01; provisional=true; rule_group=RHYTHM-HO维度; M3_STATE_pending=true,0.7
M5-RHYTHM-122,HO01 推进节奏同意｜可靠证据,L2 节奏观察维度,RHYTHM-HO维度,通用,证据,HO01,推进节奏同意,提出—观察—双重确认—执行，任何一方可放慢或拒绝。,同源重复、单次高光或只有一方自述。,由共享基础引擎、M2-TEMPO与M3功能模块提供；只修正用户能够承载怎样的推进、联系、共同时间、负荷与恢复节奏，不直接判断现实关系一定同步。,M2说明进入关系前的确认节奏；M5-RHYTHM只处理关系进入认真阶段以后，双方怎样持续协调推进与生活节奏。,M3-BASE、EXPR、CARE、BOUND、CONFLICT提供日常相处和状态通道；M5-RHYTHM负责把双方时间、负荷、联系、空间与恢复合成为长期节奏结构。,无／按本规则指定的提议—观察—同意—执行—反馈—调整—恢复路径路由。,近位、远位只修正某项节奏需求进入亲密关系核心的可能；不得据此判断具体对象现实中一定快、慢、黏、疏或稳定。,根气只修正节奏需求是否稳定重复，不等于双方现实节奏已成熟协调。,旺弱只修正某项推进、联系、共享、变化或恢复通道的调用强度，不直接等于适配质量。,喜忌只修正节奏调用顺畅度与摩擦，不可直接翻译为某种五行、十神或对象类型必然适合。,真合化成立时按化神功能重算节奏需要；合化争议时停止细化节奏画像。,近位提高该节奏议题进入关系核心的可能；远位只保留背景或阶段性观察。,88,+10 可靠证据,rhythm_evidence_level,推进节奏同意的可靠证据需要：提出—观察—双重确认—执行，任何一方可放慢或拒绝。,这项节奏要看：提出—观察—双重确认—执行，任何一方可放慢或拒绝。,不得仅凭本规则推出具体日期、交往时长、多久结婚、联系次数、见面频率或关系结果；不得把快等同冲动、慢等同冷淡、高频等同亲密、低频等同不爱。现实安全、双方同意、持续行为、生活条件、反例与协商优先。,中高,待验证,,rhythm_observation=HO01; provisional=true; rule_group=RHYTHM-HO维度; M3_STATE_pending=true,0.7
M5-RHYTHM-123,HO01 推进节奏同意｜高风险指示,L2 节奏观察维度,RHYTHM-HO维度,通用,风险,HO01,推进节奏同意,出现长期不可预测、单方催促、负荷透支、失联或恢复失败。,只是阶段差异、可协商频率不同或资料不足。,由共享基础引擎、M2-TEMPO与M3功能模块提供；只修正用户能够承载怎样的推进、联系、共同时间、负荷与恢复节奏，不直接判断现实关系一定同步。,M2说明进入关系前的确认节奏；M5-RHYTHM只处理关系进入认真阶段以后，双方怎样持续协调推进与生活节奏。,M3-BASE、EXPR、CARE、BOUND、CONFLICT提供日常相处和状态通道；M5-RHYTHM负责把双方时间、负荷、联系、空间与恢复合成为长期节奏结构。,无／按本规则指定的提议—观察—同意—执行—反馈—调整—恢复路径路由。,近位、远位只修正某项节奏需求进入亲密关系核心的可能；不得据此判断具体对象现实中一定快、慢、黏、疏或稳定。,根气只修正节奏需求是否稳定重复，不等于双方现实节奏已成熟协调。,旺弱只修正某项推进、联系、共享、变化或恢复通道的调用强度，不直接等于适配质量。,喜忌只修正节奏调用顺畅度与摩擦，不可直接翻译为某种五行、十神或对象类型必然适合。,真合化成立时按化神功能重算节奏需要；合化争议时停止细化节奏画像。,近位提高该节奏议题进入关系核心的可能；远位只保留背景或阶段性观察。,94,风险 +14／停止候选,rhythm_risk_warning,推进节奏同意的高风险信号包括：一方推进、另一方顺从或沉默，之后才被告知关系含义。,需要警惕：一方推进、另一方顺从或沉默，之后才被告知关系含义。,不得仅凭本规则推出具体日期、交往时长、多久结婚、联系次数、见面频率或关系结果；不得把快等同冲动、慢等同冷淡、高频等同亲密、低频等同不爱。现实安全、双方同意、持续行为、生活条件、反例与协商优先。,高,待验证,,rhythm_observation=HO01; provisional=true; rule_group=RHYTHM-HO维度; M3_STATE_pending=true,0.7
M5-RHYTHM-124,HO01 推进节奏同意｜调整与重订标准,L2 节奏观察维度,RHYTHM-HO维度,通用,调整,HO01,推进节奏同意,节奏出现变化、错配或转折后需要重新协商。,只有口头承诺、临时配合或一次恢复。,由共享基础引擎、M2-TEMPO与M3功能模块提供；只修正用户能够承载怎样的推进、联系、共同时间、负荷与恢复节奏，不直接判断现实关系一定同步。,M2说明进入关系前的确认节奏；M5-RHYTHM只处理关系进入认真阶段以后，双方怎样持续协调推进与生活节奏。,M3-BASE、EXPR、CARE、BOUND、CONFLICT提供日常相处和状态通道；M5-RHYTHM负责把双方时间、负荷、联系、空间与恢复合成为长期节奏结构。,无／按本规则指定的提议—观察—同意—执行—反馈—调整—恢复路径路由。,近位、远位只修正某项节奏需求进入亲密关系核心的可能；不得据此判断具体对象现实中一定快、慢、黏、疏或稳定。,根气只修正节奏需求是否稳定重复，不等于双方现实节奏已成熟协调。,旺弱只修正某项推进、联系、共享、变化或恢复通道的调用强度，不直接等于适配质量。,喜忌只修正节奏调用顺畅度与摩擦，不可直接翻译为某种五行、十神或对象类型必然适合。,真合化成立时按化神功能重算节奏需要；合化争议时停止细化节奏画像。,近位提高该节奏议题进入关系核心的可能；远位只保留背景或阶段性观察。,88,+10 调整证据,rhythm_renegotiation,推进节奏同意要稳定，需要将变化转成新的可执行安排。,调整重点：推进快慢不是核心，双方是否真正同意才是核心。,不得仅凭本规则推出具体日期、交往时长、多久结婚、联系次数、见面频率或关系结果；不得把快等同冲动、慢等同冷淡、高频等同亲密、低频等同不爱。现实安全、双方同意、持续行为、生活条件、反例与协商优先。,中高,待验证,,rhythm_observation=HO01; provisional=true; rule_group=RHYTHM-HO维度; M3_STATE_pending=true,0.7
M5-RHYTHM-125,HO01 推进节奏同意｜工程评分与去重,L2 节奏观察维度,RHYTHM-HO维度,通用,评分,HO01,推进节奏同意,该维度与主HC、HM、HD或HP任务一致，来源独立。,只是同一事件的重复解释。,由共享基础引擎、M2-TEMPO与M3功能模块提供；只修正用户能够承载怎样的推进、联系、共同时间、负荷与恢复节奏，不直接判断现实关系一定同步。,M2说明进入关系前的确认节奏；M5-RHYTHM只处理关系进入认真阶段以后，双方怎样持续协调推进与生活节奏。,M3-BASE、EXPR、CARE、BOUND、CONFLICT提供日常相处和状态通道；M5-RHYTHM负责把双方时间、负荷、联系、空间与恢复合成为长期节奏结构。,无／按本规则指定的提议—观察—同意—执行—反馈—调整—恢复路径路由。,近位、远位只修正某项节奏需求进入亲密关系核心的可能；不得据此判断具体对象现实中一定快、慢、黏、疏或稳定。,根气只修正节奏需求是否稳定重复，不等于双方现实节奏已成熟协调。,旺弱只修正某项推进、联系、共享、变化或恢复通道的调用强度，不直接等于适配质量。,喜忌只修正节奏调用顺畅度与摩擦，不可直接翻译为某种五行、十神或对象类型必然适合。,真合化成立时按化神功能重算节奏需要；合化争议时停止细化节奏画像。,近位提高该节奏议题进入关系核心的可能；远位只保留背景或阶段性观察。,72,+4至+14；按HV层级,confidence,HO01只作为节奏证据，不重复计算命盘基础权重。,推进快慢不是核心，双方是否真正同意才是核心。,不得仅凭本规则推出具体日期、交往时长、多久结婚、联系次数、见面频率或关系结果；不得把快等同冲动、慢等同冷淡、高频等同亲密、低频等同不爱。现实安全、双方同意、持续行为、生活条件、反例与协商优先。,中,待验证,,rhythm_observation=HO01; provisional=true; rule_group=RHYTHM-HO维度; M3_STATE_pending=true,0.7
M5-RHYTHM-126,HO01 推进节奏同意｜标准用户语言,L2 节奏观察维度,RHYTHM-HO维度,通用,输出,HO01,推进节奏同意,完成该维度裁决。,结论仍未定或安全门控未处理。,由共享基础引擎、M2-TEMPO与M3功能模块提供；只修正用户能够承载怎样的推进、联系、共同时间、负荷与恢复节奏，不直接判断现实关系一定同步。,M2说明进入关系前的确认节奏；M5-RHYTHM只处理关系进入认真阶段以后，双方怎样持续协调推进与生活节奏。,M3-BASE、EXPR、CARE、BOUND、CONFLICT提供日常相处和状态通道；M5-RHYTHM负责把双方时间、负荷、联系、空间与恢复合成为长期节奏结构。,无／按本规则指定的提议—观察—同意—执行—反馈—调整—恢复路径路由。,近位、远位只修正某项节奏需求进入亲密关系核心的可能；不得据此判断具体对象现实中一定快、慢、黏、疏或稳定。,根气只修正节奏需求是否稳定重复，不等于双方现实节奏已成熟协调。,旺弱只修正某项推进、联系、共享、变化或恢复通道的调用强度，不直接等于适配质量。,喜忌只修正节奏调用顺畅度与摩擦，不可直接翻译为某种五行、十神或对象类型必然适合。,真合化成立时按化神功能重算节奏需要；合化争议时停止细化节奏画像。,近位提高该节奏议题进入关系核心的可能；远位只保留背景或阶段性观察。,70,不加分；输出,report_text,推进快慢不是核心，双方是否真正同意才是核心。,节奏重点：推进快慢不是核心，双方是否真正同意才是核心。,不得仅凭本规则推出具体日期、交往时长、多久结婚、联系次数、见面频率或关系结果；不得把快等同冲动、慢等同冷淡、高频等同亲密、低频等同不爱。现实安全、双方同意、持续行为、生活条件、反例与协商优先。,中高,待验证,,rhythm_observation=HO01; provisional=true; rule_group=RHYTHM-HO维度; M3_STATE_pending=true,0.7
M5-RHYTHM-127,HO02 联系频率可预测性｜正式定义,L2 节奏观察维度,RHYTHM-HO维度,通用,定义,HO02,联系频率可预测性,存在具体双人节奏资料。,只有命盘需求、抽象风格或理想频率。,由共享基础引擎、M2-TEMPO与M3功能模块提供；只修正用户能够承载怎样的推进、联系、共同时间、负荷与恢复节奏，不直接判断现实关系一定同步。,M2说明进入关系前的确认节奏；M5-RHYTHM只处理关系进入认真阶段以后，双方怎样持续协调推进与生活节奏。,M3-BASE、EXPR、CARE、BOUND、CONFLICT提供日常相处和状态通道；M5-RHYTHM负责把双方时间、负荷、联系、空间与恢复合成为长期节奏结构。,无／按本规则指定的提议—观察—同意—执行—反馈—调整—恢复路径路由。,近位、远位只修正某项节奏需求进入亲密关系核心的可能；不得据此判断具体对象现实中一定快、慢、黏、疏或稳定。,根气只修正节奏需求是否稳定重复，不等于双方现实节奏已成熟协调。,旺弱只修正某项推进、联系、共享、变化或恢复通道的调用强度，不直接等于适配质量。,喜忌只修正节奏调用顺畅度与摩擦，不可直接翻译为某种五行、十神或对象类型必然适合。,真合化成立时按化神功能重算节奏需要；合化争议时停止细化节奏画像。,近位提高该节奏议题进入关系核心的可能；远位只保留背景或阶段性观察。,94,不加分；定义,rhythm_observation_dimensions,联系、回应和失联范围是否可理解、可预期。,可预测往往比高频更重要。,不得仅凭本规则推出具体日期、交往时长、多久结婚、联系次数、见面频率或关系结果；不得把快等同冲动、慢等同冷淡、高频等同亲密、低频等同不爱。现实安全、双方同意、持续行为、生活条件、反例与协商优先。,高,待验证,,rhythm_observation=HO02; provisional=true; rule_group=RHYTHM-HO维度; M3_STATE_pending=true,0.7
M5-RHYTHM-128,HO02 联系频率可预测性｜可靠证据,L2 节奏观察维度,RHYTHM-HO维度,通用,证据,HO02,联系频率可预测性,双方知道通常频率、忙碌例外、最低回应和变化通知。,同源重复、单次高光或只有一方自述。,由共享基础引擎、M2-TEMPO与M3功能模块提供；只修正用户能够承载怎样的推进、联系、共同时间、负荷与恢复节奏，不直接判断现实关系一定同步。,M2说明进入关系前的确认节奏；M5-RHYTHM只处理关系进入认真阶段以后，双方怎样持续协调推进与生活节奏。,M3-BASE、EXPR、CARE、BOUND、CONFLICT提供日常相处和状态通道；M5-RHYTHM负责把双方时间、负荷、联系、空间与恢复合成为长期节奏结构。,无／按本规则指定的提议—观察—同意—执行—反馈—调整—恢复路径路由。,近位、远位只修正某项节奏需求进入亲密关系核心的可能；不得据此判断具体对象现实中一定快、慢、黏、疏或稳定。,根气只修正节奏需求是否稳定重复，不等于双方现实节奏已成熟协调。,旺弱只修正某项推进、联系、共享、变化或恢复通道的调用强度，不直接等于适配质量。,喜忌只修正节奏调用顺畅度与摩擦，不可直接翻译为某种五行、十神或对象类型必然适合。,真合化成立时按化神功能重算节奏需要；合化争议时停止细化节奏画像。,近位提高该节奏议题进入关系核心的可能；远位只保留背景或阶段性观察。,88,+10 可靠证据,rhythm_evidence_level,联系频率可预测性的可靠证据需要：双方知道通常频率、忙碌例外、最低回应和变化通知。,这项节奏要看：双方知道通常频率、忙碌例外、最低回应和变化通知。,不得仅凭本规则推出具体日期、交往时长、多久结婚、联系次数、见面频率或关系结果；不得把快等同冲动、慢等同冷淡、高频等同亲密、低频等同不爱。现实安全、双方同意、持续行为、生活条件、反例与协商优先。,中高,待验证,,rhythm_observation=HO02; provisional=true; rule_group=RHYTHM-HO维度; M3_STATE_pending=true,0.7
M5-RHYTHM-129,HO02 联系频率可预测性｜高风险指示,L2 节奏观察维度,RHYTHM-HO维度,通用,风险,HO02,联系频率可预测性,出现长期不可预测、单方催促、负荷透支、失联或恢复失败。,只是阶段差异、可协商频率不同或资料不足。,由共享基础引擎、M2-TEMPO与M3功能模块提供；只修正用户能够承载怎样的推进、联系、共同时间、负荷与恢复节奏，不直接判断现实关系一定同步。,M2说明进入关系前的确认节奏；M5-RHYTHM只处理关系进入认真阶段以后，双方怎样持续协调推进与生活节奏。,M3-BASE、EXPR、CARE、BOUND、CONFLICT提供日常相处和状态通道；M5-RHYTHM负责把双方时间、负荷、联系、空间与恢复合成为长期节奏结构。,无／按本规则指定的提议—观察—同意—执行—反馈—调整—恢复路径路由。,近位、远位只修正某项节奏需求进入亲密关系核心的可能；不得据此判断具体对象现实中一定快、慢、黏、疏或稳定。,根气只修正节奏需求是否稳定重复，不等于双方现实节奏已成熟协调。,旺弱只修正某项推进、联系、共享、变化或恢复通道的调用强度，不直接等于适配质量。,喜忌只修正节奏调用顺畅度与摩擦，不可直接翻译为某种五行、十神或对象类型必然适合。,真合化成立时按化神功能重算节奏需要；合化争议时停止细化节奏画像。,近位提高该节奏议题进入关系核心的可能；远位只保留背景或阶段性观察。,94,风险 +14／停止候选,rhythm_risk_warning,联系频率可预测性的高风险信号包括：高频但忽冷忽热，或低频且完全不说明。,需要警惕：高频但忽冷忽热，或低频且完全不说明。,不得仅凭本规则推出具体日期、交往时长、多久结婚、联系次数、见面频率或关系结果；不得把快等同冲动、慢等同冷淡、高频等同亲密、低频等同不爱。现实安全、双方同意、持续行为、生活条件、反例与协商优先。,高,待验证,,rhythm_observation=HO02; provisional=true; rule_group=RHYTHM-HO维度; M3_STATE_pending=true,0.7
M5-RHYTHM-130,HO02 联系频率可预测性｜调整与重订标准,L2 节奏观察维度,RHYTHM-HO维度,通用,调整,HO02,联系频率可预测性,节奏出现变化、错配或转折后需要重新协商。,只有口头承诺、临时配合或一次恢复。,由共享基础引擎、M2-TEMPO与M3功能模块提供；只修正用户能够承载怎样的推进、联系、共同时间、负荷与恢复节奏，不直接判断现实关系一定同步。,M2说明进入关系前的确认节奏；M5-RHYTHM只处理关系进入认真阶段以后，双方怎样持续协调推进与生活节奏。,M3-BASE、EXPR、CARE、BOUND、CONFLICT提供日常相处和状态通道；M5-RHYTHM负责把双方时间、负荷、联系、空间与恢复合成为长期节奏结构。,无／按本规则指定的提议—观察—同意—执行—反馈—调整—恢复路径路由。,近位、远位只修正某项节奏需求进入亲密关系核心的可能；不得据此判断具体对象现实中一定快、慢、黏、疏或稳定。,根气只修正节奏需求是否稳定重复，不等于双方现实节奏已成熟协调。,旺弱只修正某项推进、联系、共享、变化或恢复通道的调用强度，不直接等于适配质量。,喜忌只修正节奏调用顺畅度与摩擦，不可直接翻译为某种五行、十神或对象类型必然适合。,真合化成立时按化神功能重算节奏需要；合化争议时停止细化节奏画像。,近位提高该节奏议题进入关系核心的可能；远位只保留背景或阶段性观察。,88,+10 调整证据,rhythm_renegotiation,联系频率可预测性要稳定，需要将变化转成新的可执行安排。,调整重点：可预测往往比高频更重要。,不得仅凭本规则推出具体日期、交往时长、多久结婚、联系次数、见面频率或关系结果；不得把快等同冲动、慢等同冷淡、高频等同亲密、低频等同不爱。现实安全、双方同意、持续行为、生活条件、反例与协商优先。,中高,待验证,,rhythm_observation=HO02; provisional=true; rule_group=RHYTHM-HO维度; M3_STATE_pending=true,0.7
M5-RHYTHM-131,HO02 联系频率可预测性｜工程评分与去重,L2 节奏观察维度,RHYTHM-HO维度,通用,评分,HO02,联系频率可预测性,该维度与主HC、HM、HD或HP任务一致，来源独立。,只是同一事件的重复解释。,由共享基础引擎、M2-TEMPO与M3功能模块提供；只修正用户能够承载怎样的推进、联系、共同时间、负荷与恢复节奏，不直接判断现实关系一定同步。,M2说明进入关系前的确认节奏；M5-RHYTHM只处理关系进入认真阶段以后，双方怎样持续协调推进与生活节奏。,M3-BASE、EXPR、CARE、BOUND、CONFLICT提供日常相处和状态通道；M5-RHYTHM负责把双方时间、负荷、联系、空间与恢复合成为长期节奏结构。,无／按本规则指定的提议—观察—同意—执行—反馈—调整—恢复路径路由。,近位、远位只修正某项节奏需求进入亲密关系核心的可能；不得据此判断具体对象现实中一定快、慢、黏、疏或稳定。,根气只修正节奏需求是否稳定重复，不等于双方现实节奏已成熟协调。,旺弱只修正某项推进、联系、共享、变化或恢复通道的调用强度，不直接等于适配质量。,喜忌只修正节奏调用顺畅度与摩擦，不可直接翻译为某种五行、十神或对象类型必然适合。,真合化成立时按化神功能重算节奏需要；合化争议时停止细化节奏画像。,近位提高该节奏议题进入关系核心的可能；远位只保留背景或阶段性观察。,72,+4至+14；按HV层级,confidence,HO02只作为节奏证据，不重复计算命盘基础权重。,可预测往往比高频更重要。,不得仅凭本规则推出具体日期、交往时长、多久结婚、联系次数、见面频率或关系结果；不得把快等同冲动、慢等同冷淡、高频等同亲密、低频等同不爱。现实安全、双方同意、持续行为、生活条件、反例与协商优先。,中,待验证,,rhythm_observation=HO02; provisional=true; rule_group=RHYTHM-HO维度; M3_STATE_pending=true,0.7
M5-RHYTHM-132,HO02 联系频率可预测性｜标准用户语言,L2 节奏观察维度,RHYTHM-HO维度,通用,输出,HO02,联系频率可预测性,完成该维度裁决。,结论仍未定或安全门控未处理。,由共享基础引擎、M2-TEMPO与M3功能模块提供；只修正用户能够承载怎样的推进、联系、共同时间、负荷与恢复节奏，不直接判断现实关系一定同步。,M2说明进入关系前的确认节奏；M5-RHYTHM只处理关系进入认真阶段以后，双方怎样持续协调推进与生活节奏。,M3-BASE、EXPR、CARE、BOUND、CONFLICT提供日常相处和状态通道；M5-RHYTHM负责把双方时间、负荷、联系、空间与恢复合成为长期节奏结构。,无／按本规则指定的提议—观察—同意—执行—反馈—调整—恢复路径路由。,近位、远位只修正某项节奏需求进入亲密关系核心的可能；不得据此判断具体对象现实中一定快、慢、黏、疏或稳定。,根气只修正节奏需求是否稳定重复，不等于双方现实节奏已成熟协调。,旺弱只修正某项推进、联系、共享、变化或恢复通道的调用强度，不直接等于适配质量。,喜忌只修正节奏调用顺畅度与摩擦，不可直接翻译为某种五行、十神或对象类型必然适合。,真合化成立时按化神功能重算节奏需要；合化争议时停止细化节奏画像。,近位提高该节奏议题进入关系核心的可能；远位只保留背景或阶段性观察。,70,不加分；输出,report_text,可预测往往比高频更重要。,节奏重点：可预测往往比高频更重要。,不得仅凭本规则推出具体日期、交往时长、多久结婚、联系次数、见面频率或关系结果；不得把快等同冲动、慢等同冷淡、高频等同亲密、低频等同不爱。现实安全、双方同意、持续行为、生活条件、反例与协商优先。,中高,待验证,,rhythm_observation=HO02; provisional=true; rule_group=RHYTHM-HO维度; M3_STATE_pending=true,0.7
M5-RHYTHM-133,HO03 共同时间与个人时间平衡｜正式定义,L2 节奏观察维度,RHYTHM-HO维度,通用,定义,HO03,共同时间与个人时间平衡,存在具体双人节奏资料。,只有命盘需求、抽象风格或理想频率。,由共享基础引擎、M2-TEMPO与M3功能模块提供；只修正用户能够承载怎样的推进、联系、共同时间、负荷与恢复节奏，不直接判断现实关系一定同步。,M2说明进入关系前的确认节奏；M5-RHYTHM只处理关系进入认真阶段以后，双方怎样持续协调推进与生活节奏。,M3-BASE、EXPR、CARE、BOUND、CONFLICT提供日常相处和状态通道；M5-RHYTHM负责把双方时间、负荷、联系、空间与恢复合成为长期节奏结构。,无／按本规则指定的提议—观察—同意—执行—反馈—调整—恢复路径路由。,近位、远位只修正某项节奏需求进入亲密关系核心的可能；不得据此判断具体对象现实中一定快、慢、黏、疏或稳定。,根气只修正节奏需求是否稳定重复，不等于双方现实节奏已成熟协调。,旺弱只修正某项推进、联系、共享、变化或恢复通道的调用强度，不直接等于适配质量。,喜忌只修正节奏调用顺畅度与摩擦，不可直接翻译为某种五行、十神或对象类型必然适合。,真合化成立时按化神功能重算节奏需要；合化争议时停止细化节奏画像。,近位提高该节奏议题进入关系核心的可能；远位只保留背景或阶段性观察。,94,不加分；定义,rhythm_observation_dimensions,共同活动、陪伴、休息和个人时间怎样分配。,亲密需要共同时间，也需要恢复空间。,不得仅凭本规则推出具体日期、交往时长、多久结婚、联系次数、见面频率或关系结果；不得把快等同冲动、慢等同冷淡、高频等同亲密、低频等同不爱。现实安全、双方同意、持续行为、生活条件、反例与协商优先。,高,待验证,,rhythm_observation=HO03; provisional=true; rule_group=RHYTHM-HO维度; M3_STATE_pending=true,0.7
M5-RHYTHM-134,HO03 共同时间与个人时间平衡｜可靠证据,L2 节奏观察维度,RHYTHM-HO维度,通用,证据,HO03,共同时间与个人时间平衡,双方能够提出需要、看到负荷并根据阶段调整。,同源重复、单次高光或只有一方自述。,由共享基础引擎、M2-TEMPO与M3功能模块提供；只修正用户能够承载怎样的推进、联系、共同时间、负荷与恢复节奏，不直接判断现实关系一定同步。,M2说明进入关系前的确认节奏；M5-RHYTHM只处理关系进入认真阶段以后，双方怎样持续协调推进与生活节奏。,M3-BASE、EXPR、CARE、BOUND、CONFLICT提供日常相处和状态通道；M5-RHYTHM负责把双方时间、负荷、联系、空间与恢复合成为长期节奏结构。,无／按本规则指定的提议—观察—同意—执行—反馈—调整—恢复路径路由。,近位、远位只修正某项节奏需求进入亲密关系核心的可能；不得据此判断具体对象现实中一定快、慢、黏、疏或稳定。,根气只修正节奏需求是否稳定重复，不等于双方现实节奏已成熟协调。,旺弱只修正某项推进、联系、共享、变化或恢复通道的调用强度，不直接等于适配质量。,喜忌只修正节奏调用顺畅度与摩擦，不可直接翻译为某种五行、十神或对象类型必然适合。,真合化成立时按化神功能重算节奏需要；合化争议时停止细化节奏画像。,近位提高该节奏议题进入关系核心的可能；远位只保留背景或阶段性观察。,88,+10 可靠证据,rhythm_evidence_level,共同时间与个人时间平衡的可靠证据需要：双方能够提出需要、看到负荷并根据阶段调整。,这项节奏要看：双方能够提出需要、看到负荷并根据阶段调整。,不得仅凭本规则推出具体日期、交往时长、多久结婚、联系次数、见面频率或关系结果；不得把快等同冲动、慢等同冷淡、高频等同亲密、低频等同不爱。现实安全、双方同意、持续行为、生活条件、反例与协商优先。,中高,待验证,,rhythm_observation=HO03; provisional=true; rule_group=RHYTHM-HO维度; M3_STATE_pending=true,0.7
M5-RHYTHM-135,HO03 共同时间与个人时间平衡｜高风险指示,L2 节奏观察维度,RHYTHM-HO维度,通用,风险,HO03,共同时间与个人时间平衡,出现长期不可预测、单方催促、负荷透支、失联或恢复失败。,只是阶段差异、可协商频率不同或资料不足。,由共享基础引擎、M2-TEMPO与M3功能模块提供；只修正用户能够承载怎样的推进、联系、共同时间、负荷与恢复节奏，不直接判断现实关系一定同步。,M2说明进入关系前的确认节奏；M5-RHYTHM只处理关系进入认真阶段以后，双方怎样持续协调推进与生活节奏。,M3-BASE、EXPR、CARE、BOUND、CONFLICT提供日常相处和状态通道；M5-RHYTHM负责把双方时间、负荷、联系、空间与恢复合成为长期节奏结构。,无／按本规则指定的提议—观察—同意—执行—反馈—调整—恢复路径路由。,近位、远位只修正某项节奏需求进入亲密关系核心的可能；不得据此判断具体对象现实中一定快、慢、黏、疏或稳定。,根气只修正节奏需求是否稳定重复，不等于双方现实节奏已成熟协调。,旺弱只修正某项推进、联系、共享、变化或恢复通道的调用强度，不直接等于适配质量。,喜忌只修正节奏调用顺畅度与摩擦，不可直接翻译为某种五行、十神或对象类型必然适合。,真合化成立时按化神功能重算节奏需要；合化争议时停止细化节奏画像。,近位提高该节奏议题进入关系核心的可能；远位只保留背景或阶段性观察。,94,风险 +14／停止候选,rhythm_risk_warning,共同时间与个人时间平衡的高风险信号包括：一方无限占用，或双方以独立为由长期没有共同时间。,需要警惕：一方无限占用，或双方以独立为由长期没有共同时间。,不得仅凭本规则推出具体日期、交往时长、多久结婚、联系次数、见面频率或关系结果；不得把快等同冲动、慢等同冷淡、高频等同亲密、低频等同不爱。现实安全、双方同意、持续行为、生活条件、反例与协商优先。,高,待验证,,rhythm_observation=HO03; provisional=true; rule_group=RHYTHM-HO维度; M3_STATE_pending=true,0.7
M5-RHYTHM-136,HO03 共同时间与个人时间平衡｜调整与重订标准,L2 节奏观察维度,RHYTHM-HO维度,通用,调整,HO03,共同时间与个人时间平衡,节奏出现变化、错配或转折后需要重新协商。,只有口头承诺、临时配合或一次恢复。,由共享基础引擎、M2-TEMPO与M3功能模块提供；只修正用户能够承载怎样的推进、联系、共同时间、负荷与恢复节奏，不直接判断现实关系一定同步。,M2说明进入关系前的确认节奏；M5-RHYTHM只处理关系进入认真阶段以后，双方怎样持续协调推进与生活节奏。,M3-BASE、EXPR、CARE、BOUND、CONFLICT提供日常相处和状态通道；M5-RHYTHM负责把双方时间、负荷、联系、空间与恢复合成为长期节奏结构。,无／按本规则指定的提议—观察—同意—执行—反馈—调整—恢复路径路由。,近位、远位只修正某项节奏需求进入亲密关系核心的可能；不得据此判断具体对象现实中一定快、慢、黏、疏或稳定。,根气只修正节奏需求是否稳定重复，不等于双方现实节奏已成熟协调。,旺弱只修正某项推进、联系、共享、变化或恢复通道的调用强度，不直接等于适配质量。,喜忌只修正节奏调用顺畅度与摩擦，不可直接翻译为某种五行、十神或对象类型必然适合。,真合化成立时按化神功能重算节奏需要；合化争议时停止细化节奏画像。,近位提高该节奏议题进入关系核心的可能；远位只保留背景或阶段性观察。,88,+10 调整证据,rhythm_renegotiation,共同时间与个人时间平衡要稳定，需要将变化转成新的可执行安排。,调整重点：亲密需要共同时间，也需要恢复空间。,不得仅凭本规则推出具体日期、交往时长、多久结婚、联系次数、见面频率或关系结果；不得把快等同冲动、慢等同冷淡、高频等同亲密、低频等同不爱。现实安全、双方同意、持续行为、生活条件、反例与协商优先。,中高,待验证,,rhythm_observation=HO03; provisional=true; rule_group=RHYTHM-HO维度; M3_STATE_pending=true,0.7
M5-RHYTHM-137,HO03 共同时间与个人时间平衡｜工程评分与去重,L2 节奏观察维度,RHYTHM-HO维度,通用,评分,HO03,共同时间与个人时间平衡,该维度与主HC、HM、HD或HP任务一致，来源独立。,只是同一事件的重复解释。,由共享基础引擎、M2-TEMPO与M3功能模块提供；只修正用户能够承载怎样的推进、联系、共同时间、负荷与恢复节奏，不直接判断现实关系一定同步。,M2说明进入关系前的确认节奏；M5-RHYTHM只处理关系进入认真阶段以后，双方怎样持续协调推进与生活节奏。,M3-BASE、EXPR、CARE、BOUND、CONFLICT提供日常相处和状态通道；M5-RHYTHM负责把双方时间、负荷、联系、空间与恢复合成为长期节奏结构。,无／按本规则指定的提议—观察—同意—执行—反馈—调整—恢复路径路由。,近位、远位只修正某项节奏需求进入亲密关系核心的可能；不得据此判断具体对象现实中一定快、慢、黏、疏或稳定。,根气只修正节奏需求是否稳定重复，不等于双方现实节奏已成熟协调。,旺弱只修正某项推进、联系、共享、变化或恢复通道的调用强度，不直接等于适配质量。,喜忌只修正节奏调用顺畅度与摩擦，不可直接翻译为某种五行、十神或对象类型必然适合。,真合化成立时按化神功能重算节奏需要；合化争议时停止细化节奏画像。,近位提高该节奏议题进入关系核心的可能；远位只保留背景或阶段性观察。,72,+4至+14；按HV层级,confidence,HO03只作为节奏证据，不重复计算命盘基础权重。,亲密需要共同时间，也需要恢复空间。,不得仅凭本规则推出具体日期、交往时长、多久结婚、联系次数、见面频率或关系结果；不得把快等同冲动、慢等同冷淡、高频等同亲密、低频等同不爱。现实安全、双方同意、持续行为、生活条件、反例与协商优先。,中,待验证,,rhythm_observation=HO03; provisional=true; rule_group=RHYTHM-HO维度; M3_STATE_pending=true,0.7
M5-RHYTHM-138,HO03 共同时间与个人时间平衡｜标准用户语言,L2 节奏观察维度,RHYTHM-HO维度,通用,输出,HO03,共同时间与个人时间平衡,完成该维度裁决。,结论仍未定或安全门控未处理。,由共享基础引擎、M2-TEMPO与M3功能模块提供；只修正用户能够承载怎样的推进、联系、共同时间、负荷与恢复节奏，不直接判断现实关系一定同步。,M2说明进入关系前的确认节奏；M5-RHYTHM只处理关系进入认真阶段以后，双方怎样持续协调推进与生活节奏。,M3-BASE、EXPR、CARE、BOUND、CONFLICT提供日常相处和状态通道；M5-RHYTHM负责把双方时间、负荷、联系、空间与恢复合成为长期节奏结构。,无／按本规则指定的提议—观察—同意—执行—反馈—调整—恢复路径路由。,近位、远位只修正某项节奏需求进入亲密关系核心的可能；不得据此判断具体对象现实中一定快、慢、黏、疏或稳定。,根气只修正节奏需求是否稳定重复，不等于双方现实节奏已成熟协调。,旺弱只修正某项推进、联系、共享、变化或恢复通道的调用强度，不直接等于适配质量。,喜忌只修正节奏调用顺畅度与摩擦，不可直接翻译为某种五行、十神或对象类型必然适合。,真合化成立时按化神功能重算节奏需要；合化争议时停止细化节奏画像。,近位提高该节奏议题进入关系核心的可能；远位只保留背景或阶段性观察。,70,不加分；输出,report_text,亲密需要共同时间，也需要恢复空间。,节奏重点：亲密需要共同时间，也需要恢复空间。,不得仅凭本规则推出具体日期、交往时长、多久结婚、联系次数、见面频率或关系结果；不得把快等同冲动、慢等同冷淡、高频等同亲密、低频等同不爱。现实安全、双方同意、持续行为、生活条件、反例与协商优先。,中高,待验证,,rhythm_observation=HO03; provisional=true; rule_group=RHYTHM-HO维度; M3_STATE_pending=true,0.7
M5-RHYTHM-139,HO04 计划变化透明度｜正式定义,L2 节奏观察维度,RHYTHM-HO维度,通用,定义,HO04,计划变化透明度,存在具体双人节奏资料。,只有命盘需求、抽象风格或理想频率。,由共享基础引擎、M2-TEMPO与M3功能模块提供；只修正用户能够承载怎样的推进、联系、共同时间、负荷与恢复节奏，不直接判断现实关系一定同步。,M2说明进入关系前的确认节奏；M5-RHYTHM只处理关系进入认真阶段以后，双方怎样持续协调推进与生活节奏。,M3-BASE、EXPR、CARE、BOUND、CONFLICT提供日常相处和状态通道；M5-RHYTHM负责把双方时间、负荷、联系、空间与恢复合成为长期节奏结构。,无／按本规则指定的提议—观察—同意—执行—反馈—调整—恢复路径路由。,近位、远位只修正某项节奏需求进入亲密关系核心的可能；不得据此判断具体对象现实中一定快、慢、黏、疏或稳定。,根气只修正节奏需求是否稳定重复，不等于双方现实节奏已成熟协调。,旺弱只修正某项推进、联系、共享、变化或恢复通道的调用强度，不直接等于适配质量。,喜忌只修正节奏调用顺畅度与摩擦，不可直接翻译为某种五行、十神或对象类型必然适合。,真合化成立时按化神功能重算节奏需要；合化争议时停止细化节奏画像。,近位提高该节奏议题进入关系核心的可能；远位只保留背景或阶段性观察。,94,不加分；定义,rhythm_observation_dimensions,计划、频率和阶段变化是否及时说明并提供替代。,变化不可怕，不透明才会破坏节奏。,不得仅凭本规则推出具体日期、交往时长、多久结婚、联系次数、见面频率或关系结果；不得把快等同冲动、慢等同冷淡、高频等同亲密、低频等同不爱。现实安全、双方同意、持续行为、生活条件、反例与协商优先。,高,待验证,,rhythm_observation=HO04; provisional=true; rule_group=RHYTHM-HO维度; M3_STATE_pending=true,0.7
M5-RHYTHM-140,HO04 计划变化透明度｜可靠证据,L2 节奏观察维度,RHYTHM-HO维度,通用,证据,HO04,计划变化透明度,变化前或尽早告知影响，给出新安排和确认点。,同源重复、单次高光或只有一方自述。,由共享基础引擎、M2-TEMPO与M3功能模块提供；只修正用户能够承载怎样的推进、联系、共同时间、负荷与恢复节奏，不直接判断现实关系一定同步。,M2说明进入关系前的确认节奏；M5-RHYTHM只处理关系进入认真阶段以后，双方怎样持续协调推进与生活节奏。,M3-BASE、EXPR、CARE、BOUND、CONFLICT提供日常相处和状态通道；M5-RHYTHM负责把双方时间、负荷、联系、空间与恢复合成为长期节奏结构。,无／按本规则指定的提议—观察—同意—执行—反馈—调整—恢复路径路由。,近位、远位只修正某项节奏需求进入亲密关系核心的可能；不得据此判断具体对象现实中一定快、慢、黏、疏或稳定。,根气只修正节奏需求是否稳定重复，不等于双方现实节奏已成熟协调。,旺弱只修正某项推进、联系、共享、变化或恢复通道的调用强度，不直接等于适配质量。,喜忌只修正节奏调用顺畅度与摩擦，不可直接翻译为某种五行、十神或对象类型必然适合。,真合化成立时按化神功能重算节奏需要；合化争议时停止细化节奏画像。,近位提高该节奏议题进入关系核心的可能；远位只保留背景或阶段性观察。,88,+10 可靠证据,rhythm_evidence_level,计划变化透明度的可靠证据需要：变化前或尽早告知影响，给出新安排和确认点。,这项节奏要看：变化前或尽早告知影响，给出新安排和确认点。,不得仅凭本规则推出具体日期、交往时长、多久结婚、联系次数、见面频率或关系结果；不得把快等同冲动、慢等同冷淡、高频等同亲密、低频等同不爱。现实安全、双方同意、持续行为、生活条件、反例与协商优先。,中高,待验证,,rhythm_observation=HO04; provisional=true; rule_group=RHYTHM-HO维度; M3_STATE_pending=true,0.7
M5-RHYTHM-141,HO04 计划变化透明度｜高风险指示,L2 节奏观察维度,RHYTHM-HO维度,通用,风险,HO04,计划变化透明度,出现长期不可预测、单方催促、负荷透支、失联或恢复失败。,只是阶段差异、可协商频率不同或资料不足。,由共享基础引擎、M2-TEMPO与M3功能模块提供；只修正用户能够承载怎样的推进、联系、共同时间、负荷与恢复节奏，不直接判断现实关系一定同步。,M2说明进入关系前的确认节奏；M5-RHYTHM只处理关系进入认真阶段以后，双方怎样持续协调推进与生活节奏。,M3-BASE、EXPR、CARE、BOUND、CONFLICT提供日常相处和状态通道；M5-RHYTHM负责把双方时间、负荷、联系、空间与恢复合成为长期节奏结构。,无／按本规则指定的提议—观察—同意—执行—反馈—调整—恢复路径路由。,近位、远位只修正某项节奏需求进入亲密关系核心的可能；不得据此判断具体对象现实中一定快、慢、黏、疏或稳定。,根气只修正节奏需求是否稳定重复，不等于双方现实节奏已成熟协调。,旺弱只修正某项推进、联系、共享、变化或恢复通道的调用强度，不直接等于适配质量。,喜忌只修正节奏调用顺畅度与摩擦，不可直接翻译为某种五行、十神或对象类型必然适合。,真合化成立时按化神功能重算节奏需要；合化争议时停止细化节奏画像。,近位提高该节奏议题进入关系核心的可能；远位只保留背景或阶段性观察。,94,风险 +14／停止候选,rhythm_risk_warning,计划变化透明度的高风险信号包括：临时取消、长期拖延、只说忙但没有替代。,需要警惕：临时取消、长期拖延、只说忙但没有替代。,不得仅凭本规则推出具体日期、交往时长、多久结婚、联系次数、见面频率或关系结果；不得把快等同冲动、慢等同冷淡、高频等同亲密、低频等同不爱。现实安全、双方同意、持续行为、生活条件、反例与协商优先。,高,待验证,,rhythm_observation=HO04; provisional=true; rule_group=RHYTHM-HO维度; M3_STATE_pending=true,0.7
M5-RHYTHM-142,HO04 计划变化透明度｜调整与重订标准,L2 节奏观察维度,RHYTHM-HO维度,通用,调整,HO04,计划变化透明度,节奏出现变化、错配或转折后需要重新协商。,只有口头承诺、临时配合或一次恢复。,由共享基础引擎、M2-TEMPO与M3功能模块提供；只修正用户能够承载怎样的推进、联系、共同时间、负荷与恢复节奏，不直接判断现实关系一定同步。,M2说明进入关系前的确认节奏；M5-RHYTHM只处理关系进入认真阶段以后，双方怎样持续协调推进与生活节奏。,M3-BASE、EXPR、CARE、BOUND、CONFLICT提供日常相处和状态通道；M5-RHYTHM负责把双方时间、负荷、联系、空间与恢复合成为长期节奏结构。,无／按本规则指定的提议—观察—同意—执行—反馈—调整—恢复路径路由。,近位、远位只修正某项节奏需求进入亲密关系核心的可能；不得据此判断具体对象现实中一定快、慢、黏、疏或稳定。,根气只修正节奏需求是否稳定重复，不等于双方现实节奏已成熟协调。,旺弱只修正某项推进、联系、共享、变化或恢复通道的调用强度，不直接等于适配质量。,喜忌只修正节奏调用顺畅度与摩擦，不可直接翻译为某种五行、十神或对象类型必然适合。,真合化成立时按化神功能重算节奏需要；合化争议时停止细化节奏画像。,近位提高该节奏议题进入关系核心的可能；远位只保留背景或阶段性观察。,88,+10 调整证据,rhythm_renegotiation,计划变化透明度要稳定，需要将变化转成新的可执行安排。,调整重点：变化不可怕，不透明才会破坏节奏。,不得仅凭本规则推出具体日期、交往时长、多久结婚、联系次数、见面频率或关系结果；不得把快等同冲动、慢等同冷淡、高频等同亲密、低频等同不爱。现实安全、双方同意、持续行为、生活条件、反例与协商优先。,中高,待验证,,rhythm_observation=HO04; provisional=true; rule_group=RHYTHM-HO维度; M3_STATE_pending=true,0.7
M5-RHYTHM-143,HO04 计划变化透明度｜工程评分与去重,L2 节奏观察维度,RHYTHM-HO维度,通用,评分,HO04,计划变化透明度,该维度与主HC、HM、HD或HP任务一致，来源独立。,只是同一事件的重复解释。,由共享基础引擎、M2-TEMPO与M3功能模块提供；只修正用户能够承载怎样的推进、联系、共同时间、负荷与恢复节奏，不直接判断现实关系一定同步。,M2说明进入关系前的确认节奏；M5-RHYTHM只处理关系进入认真阶段以后，双方怎样持续协调推进与生活节奏。,M3-BASE、EXPR、CARE、BOUND、CONFLICT提供日常相处和状态通道；M5-RHYTHM负责把双方时间、负荷、联系、空间与恢复合成为长期节奏结构。,无／按本规则指定的提议—观察—同意—执行—反馈—调整—恢复路径路由。,近位、远位只修正某项节奏需求进入亲密关系核心的可能；不得据此判断具体对象现实中一定快、慢、黏、疏或稳定。,根气只修正节奏需求是否稳定重复，不等于双方现实节奏已成熟协调。,旺弱只修正某项推进、联系、共享、变化或恢复通道的调用强度，不直接等于适配质量。,喜忌只修正节奏调用顺畅度与摩擦，不可直接翻译为某种五行、十神或对象类型必然适合。,真合化成立时按化神功能重算节奏需要；合化争议时停止细化节奏画像。,近位提高该节奏议题进入关系核心的可能；远位只保留背景或阶段性观察。,72,+4至+14；按HV层级,confidence,HO04只作为节奏证据，不重复计算命盘基础权重。,变化不可怕，不透明才会破坏节奏。,不得仅凭本规则推出具体日期、交往时长、多久结婚、联系次数、见面频率或关系结果；不得把快等同冲动、慢等同冷淡、高频等同亲密、低频等同不爱。现实安全、双方同意、持续行为、生活条件、反例与协商优先。,中,待验证,,rhythm_observation=HO04; provisional=true; rule_group=RHYTHM-HO维度; M3_STATE_pending=true,0.7
M5-RHYTHM-144,HO04 计划变化透明度｜标准用户语言,L2 节奏观察维度,RHYTHM-HO维度,通用,输出,HO04,计划变化透明度,完成该维度裁决。,结论仍未定或安全门控未处理。,由共享基础引擎、M2-TEMPO与M3功能模块提供；只修正用户能够承载怎样的推进、联系、共同时间、负荷与恢复节奏，不直接判断现实关系一定同步。,M2说明进入关系前的确认节奏；M5-RHYTHM只处理关系进入认真阶段以后，双方怎样持续协调推进与生活节奏。,M3-BASE、EXPR、CARE、BOUND、CONFLICT提供日常相处和状态通道；M5-RHYTHM负责把双方时间、负荷、联系、空间与恢复合成为长期节奏结构。,无／按本规则指定的提议—观察—同意—执行—反馈—调整—恢复路径路由。,近位、远位只修正某项节奏需求进入亲密关系核心的可能；不得据此判断具体对象现实中一定快、慢、黏、疏或稳定。,根气只修正节奏需求是否稳定重复，不等于双方现实节奏已成熟协调。,旺弱只修正某项推进、联系、共享、变化或恢复通道的调用强度，不直接等于适配质量。,喜忌只修正节奏调用顺畅度与摩擦，不可直接翻译为某种五行、十神或对象类型必然适合。,真合化成立时按化神功能重算节奏需要；合化争议时停止细化节奏画像。,近位提高该节奏议题进入关系核心的可能；远位只保留背景或阶段性观察。,70,不加分；输出,report_text,变化不可怕，不透明才会破坏节奏。,节奏重点：变化不可怕，不透明才会破坏节奏。,不得仅凭本规则推出具体日期、交往时长、多久结婚、联系次数、见面频率或关系结果；不得把快等同冲动、慢等同冷淡、高频等同亲密、低频等同不爱。现实安全、双方同意、持续行为、生活条件、反例与协商优先。,中高,待验证,,rhythm_observation=HO04; provisional=true; rule_group=RHYTHM-HO维度; M3_STATE_pending=true,0.7
M5-RHYTHM-145,HO05 生活负荷承载｜正式定义,L2 节奏观察维度,RHYTHM-HO维度,通用,定义,HO05,生活负荷承载,存在具体双人节奏资料。,只有命盘需求、抽象风格或理想频率。,由共享基础引擎、M2-TEMPO与M3功能模块提供；只修正用户能够承载怎样的推进、联系、共同时间、负荷与恢复节奏，不直接判断现实关系一定同步。,M2说明进入关系前的确认节奏；M5-RHYTHM只处理关系进入认真阶段以后，双方怎样持续协调推进与生活节奏。,M3-BASE、EXPR、CARE、BOUND、CONFLICT提供日常相处和状态通道；M5-RHYTHM负责把双方时间、负荷、联系、空间与恢复合成为长期节奏结构。,无／按本规则指定的提议—观察—同意—执行—反馈—调整—恢复路径路由。,近位、远位只修正某项节奏需求进入亲密关系核心的可能；不得据此判断具体对象现实中一定快、慢、黏、疏或稳定。,根气只修正节奏需求是否稳定重复，不等于双方现实节奏已成熟协调。,旺弱只修正某项推进、联系、共享、变化或恢复通道的调用强度，不直接等于适配质量。,喜忌只修正节奏调用顺畅度与摩擦，不可直接翻译为某种五行、十神或对象类型必然适合。,真合化成立时按化神功能重算节奏需要；合化争议时停止细化节奏画像。,近位提高该节奏议题进入关系核心的可能；远位只保留背景或阶段性观察。,94,不加分；定义,rhythm_observation_dimensions,工作、金钱、家庭、健康和照护负荷是否与关系安排匹配。,适配节奏必须符合真实生活容量。,不得仅凭本规则推出具体日期、交往时长、多久结婚、联系次数、见面频率或关系结果；不得把快等同冲动、慢等同冷淡、高频等同亲密、低频等同不爱。现实安全、双方同意、持续行为、生活条件、反例与协商优先。,高,待验证,,rhythm_observation=HO05; provisional=true; rule_group=RHYTHM-HO维度; M3_STATE_pending=true,0.7
M5-RHYTHM-146,HO05 生活负荷承载｜可靠证据,L2 节奏观察维度,RHYTHM-HO维度,通用,证据,HO05,生活负荷承载,双方诚实说明容量，降低非核心要求，重订分工和时间。,同源重复、单次高光或只有一方自述。,由共享基础引擎、M2-TEMPO与M3功能模块提供；只修正用户能够承载怎样的推进、联系、共同时间、负荷与恢复节奏，不直接判断现实关系一定同步。,M2说明进入关系前的确认节奏；M5-RHYTHM只处理关系进入认真阶段以后，双方怎样持续协调推进与生活节奏。,M3-BASE、EXPR、CARE、BOUND、CONFLICT提供日常相处和状态通道；M5-RHYTHM负责把双方时间、负荷、联系、空间与恢复合成为长期节奏结构。,无／按本规则指定的提议—观察—同意—执行—反馈—调整—恢复路径路由。,近位、远位只修正某项节奏需求进入亲密关系核心的可能；不得据此判断具体对象现实中一定快、慢、黏、疏或稳定。,根气只修正节奏需求是否稳定重复，不等于双方现实节奏已成熟协调。,旺弱只修正某项推进、联系、共享、变化或恢复通道的调用强度，不直接等于适配质量。,喜忌只修正节奏调用顺畅度与摩擦，不可直接翻译为某种五行、十神或对象类型必然适合。,真合化成立时按化神功能重算节奏需要；合化争议时停止细化节奏画像。,近位提高该节奏议题进入关系核心的可能；远位只保留背景或阶段性观察。,88,+10 可靠证据,rhythm_evidence_level,生活负荷承载的可靠证据需要：双方诚实说明容量，降低非核心要求，重订分工和时间。,这项节奏要看：双方诚实说明容量，降低非核心要求，重订分工和时间。,不得仅凭本规则推出具体日期、交往时长、多久结婚、联系次数、见面频率或关系结果；不得把快等同冲动、慢等同冷淡、高频等同亲密、低频等同不爱。现实安全、双方同意、持续行为、生活条件、反例与协商优先。,中高,待验证,,rhythm_observation=HO05; provisional=true; rule_group=RHYTHM-HO维度; M3_STATE_pending=true,0.7
M5-RHYTHM-147,HO05 生活负荷承载｜高风险指示,L2 节奏观察维度,RHYTHM-HO维度,通用,风险,HO05,生活负荷承载,出现长期不可预测、单方催促、负荷透支、失联或恢复失败。,只是阶段差异、可协商频率不同或资料不足。,由共享基础引擎、M2-TEMPO与M3功能模块提供；只修正用户能够承载怎样的推进、联系、共同时间、负荷与恢复节奏，不直接判断现实关系一定同步。,M2说明进入关系前的确认节奏；M5-RHYTHM只处理关系进入认真阶段以后，双方怎样持续协调推进与生活节奏。,M3-BASE、EXPR、CARE、BOUND、CONFLICT提供日常相处和状态通道；M5-RHYTHM负责把双方时间、负荷、联系、空间与恢复合成为长期节奏结构。,无／按本规则指定的提议—观察—同意—执行—反馈—调整—恢复路径路由。,近位、远位只修正某项节奏需求进入亲密关系核心的可能；不得据此判断具体对象现实中一定快、慢、黏、疏或稳定。,根气只修正节奏需求是否稳定重复，不等于双方现实节奏已成熟协调。,旺弱只修正某项推进、联系、共享、变化或恢复通道的调用强度，不直接等于适配质量。,喜忌只修正节奏调用顺畅度与摩擦，不可直接翻译为某种五行、十神或对象类型必然适合。,真合化成立时按化神功能重算节奏需要；合化争议时停止细化节奏画像。,近位提高该节奏议题进入关系核心的可能；远位只保留背景或阶段性观察。,94,风险 +14／停止候选,rhythm_risk_warning,生活负荷承载的高风险信号包括：用热情维持过高强度，或将负荷全部交给一方。,需要警惕：用热情维持过高强度，或将负荷全部交给一方。,不得仅凭本规则推出具体日期、交往时长、多久结婚、联系次数、见面频率或关系结果；不得把快等同冲动、慢等同冷淡、高频等同亲密、低频等同不爱。现实安全、双方同意、持续行为、生活条件、反例与协商优先。,高,待验证,,rhythm_observation=HO05; provisional=true; rule_group=RHYTHM-HO维度; M3_STATE_pending=true,0.7
M5-RHYTHM-148,HO05 生活负荷承载｜调整与重订标准,L2 节奏观察维度,RHYTHM-HO维度,通用,调整,HO05,生活负荷承载,节奏出现变化、错配或转折后需要重新协商。,只有口头承诺、临时配合或一次恢复。,由共享基础引擎、M2-TEMPO与M3功能模块提供；只修正用户能够承载怎样的推进、联系、共同时间、负荷与恢复节奏，不直接判断现实关系一定同步。,M2说明进入关系前的确认节奏；M5-RHYTHM只处理关系进入认真阶段以后，双方怎样持续协调推进与生活节奏。,M3-BASE、EXPR、CARE、BOUND、CONFLICT提供日常相处和状态通道；M5-RHYTHM负责把双方时间、负荷、联系、空间与恢复合成为长期节奏结构。,无／按本规则指定的提议—观察—同意—执行—反馈—调整—恢复路径路由。,近位、远位只修正某项节奏需求进入亲密关系核心的可能；不得据此判断具体对象现实中一定快、慢、黏、疏或稳定。,根气只修正节奏需求是否稳定重复，不等于双方现实节奏已成熟协调。,旺弱只修正某项推进、联系、共享、变化或恢复通道的调用强度，不直接等于适配质量。,喜忌只修正节奏调用顺畅度与摩擦，不可直接翻译为某种五行、十神或对象类型必然适合。,真合化成立时按化神功能重算节奏需要；合化争议时停止细化节奏画像。,近位提高该节奏议题进入关系核心的可能；远位只保留背景或阶段性观察。,88,+10 调整证据,rhythm_renegotiation,生活负荷承载要稳定，需要将变化转成新的可执行安排。,调整重点：适配节奏必须符合真实生活容量。,不得仅凭本规则推出具体日期、交往时长、多久结婚、联系次数、见面频率或关系结果；不得把快等同冲动、慢等同冷淡、高频等同亲密、低频等同不爱。现实安全、双方同意、持续行为、生活条件、反例与协商优先。,中高,待验证,,rhythm_observation=HO05; provisional=true; rule_group=RHYTHM-HO维度; M3_STATE_pending=true,0.7
M5-RHYTHM-149,HO05 生活负荷承载｜工程评分与去重,L2 节奏观察维度,RHYTHM-HO维度,通用,评分,HO05,生活负荷承载,该维度与主HC、HM、HD或HP任务一致，来源独立。,只是同一事件的重复解释。,由共享基础引擎、M2-TEMPO与M3功能模块提供；只修正用户能够承载怎样的推进、联系、共同时间、负荷与恢复节奏，不直接判断现实关系一定同步。,M2说明进入关系前的确认节奏；M5-RHYTHM只处理关系进入认真阶段以后，双方怎样持续协调推进与生活节奏。,M3-BASE、EXPR、CARE、BOUND、CONFLICT提供日常相处和状态通道；M5-RHYTHM负责把双方时间、负荷、联系、空间与恢复合成为长期节奏结构。,无／按本规则指定的提议—观察—同意—执行—反馈—调整—恢复路径路由。,近位、远位只修正某项节奏需求进入亲密关系核心的可能；不得据此判断具体对象现实中一定快、慢、黏、疏或稳定。,根气只修正节奏需求是否稳定重复，不等于双方现实节奏已成熟协调。,旺弱只修正某项推进、联系、共享、变化或恢复通道的调用强度，不直接等于适配质量。,喜忌只修正节奏调用顺畅度与摩擦，不可直接翻译为某种五行、十神或对象类型必然适合。,真合化成立时按化神功能重算节奏需要；合化争议时停止细化节奏画像。,近位提高该节奏议题进入关系核心的可能；远位只保留背景或阶段性观察。,72,+4至+14；按HV层级,confidence,HO05只作为节奏证据，不重复计算命盘基础权重。,适配节奏必须符合真实生活容量。,不得仅凭本规则推出具体日期、交往时长、多久结婚、联系次数、见面频率或关系结果；不得把快等同冲动、慢等同冷淡、高频等同亲密、低频等同不爱。现实安全、双方同意、持续行为、生活条件、反例与协商优先。,中,待验证,,rhythm_observation=HO05; provisional=true; rule_group=RHYTHM-HO维度; M3_STATE_pending=true,0.7
M5-RHYTHM-150,HO05 生活负荷承载｜标准用户语言,L2 节奏观察维度,RHYTHM-HO维度,通用,输出,HO05,生活负荷承载,完成该维度裁决。,结论仍未定或安全门控未处理。,由共享基础引擎、M2-TEMPO与M3功能模块提供；只修正用户能够承载怎样的推进、联系、共同时间、负荷与恢复节奏，不直接判断现实关系一定同步。,M2说明进入关系前的确认节奏；M5-RHYTHM只处理关系进入认真阶段以后，双方怎样持续协调推进与生活节奏。,M3-BASE、EXPR、CARE、BOUND、CONFLICT提供日常相处和状态通道；M5-RHYTHM负责把双方时间、负荷、联系、空间与恢复合成为长期节奏结构。,无／按本规则指定的提议—观察—同意—执行—反馈—调整—恢复路径路由。,近位、远位只修正某项节奏需求进入亲密关系核心的可能；不得据此判断具体对象现实中一定快、慢、黏、疏或稳定。,根气只修正节奏需求是否稳定重复，不等于双方现实节奏已成熟协调。,旺弱只修正某项推进、联系、共享、变化或恢复通道的调用强度，不直接等于适配质量。,喜忌只修正节奏调用顺畅度与摩擦，不可直接翻译为某种五行、十神或对象类型必然适合。,真合化成立时按化神功能重算节奏需要；合化争议时停止细化节奏画像。,近位提高该节奏议题进入关系核心的可能；远位只保留背景或阶段性观察。,70,不加分；输出,report_text,适配节奏必须符合真实生活容量。,节奏重点：适配节奏必须符合真实生活容量。,不得仅凭本规则推出具体日期、交往时长、多久结婚、联系次数、见面频率或关系结果；不得把快等同冲动、慢等同冷淡、高频等同亲密、低频等同不爱。现实安全、双方同意、持续行为、生活条件、反例与协商优先。,中高,待验证,,rhythm_observation=HO05; provisional=true; rule_group=RHYTHM-HO维度; M3_STATE_pending=true,0.7
M5-RHYTHM-151,HO06 新鲜感与稳定性平衡｜正式定义,L2 节奏观察维度,RHYTHM-HO维度,通用,定义,HO06,新鲜感与稳定性平衡,存在具体双人节奏资料。,只有命盘需求、抽象风格或理想频率。,由共享基础引擎、M2-TEMPO与M3功能模块提供；只修正用户能够承载怎样的推进、联系、共同时间、负荷与恢复节奏，不直接判断现实关系一定同步。,M2说明进入关系前的确认节奏；M5-RHYTHM只处理关系进入认真阶段以后，双方怎样持续协调推进与生活节奏。,M3-BASE、EXPR、CARE、BOUND、CONFLICT提供日常相处和状态通道；M5-RHYTHM负责把双方时间、负荷、联系、空间与恢复合成为长期节奏结构。,无／按本规则指定的提议—观察—同意—执行—反馈—调整—恢复路径路由。,近位、远位只修正某项节奏需求进入亲密关系核心的可能；不得据此判断具体对象现实中一定快、慢、黏、疏或稳定。,根气只修正节奏需求是否稳定重复，不等于双方现实节奏已成熟协调。,旺弱只修正某项推进、联系、共享、变化或恢复通道的调用强度，不直接等于适配质量。,喜忌只修正节奏调用顺畅度与摩擦，不可直接翻译为某种五行、十神或对象类型必然适合。,真合化成立时按化神功能重算节奏需要；合化争议时停止细化节奏画像。,近位提高该节奏议题进入关系核心的可能；远位只保留背景或阶段性观察。,94,不加分；定义,rhythm_observation_dimensions,变化、体验和日常重复是否能够共存。,新鲜和稳定不是二选一。,不得仅凭本规则推出具体日期、交往时长、多久结婚、联系次数、见面频率或关系结果；不得把快等同冲动、慢等同冷淡、高频等同亲密、低频等同不爱。现实安全、双方同意、持续行为、生活条件、反例与协商优先。,高,待验证,,rhythm_observation=HO06; provisional=true; rule_group=RHYTHM-HO维度; M3_STATE_pending=true,0.7
M5-RHYTHM-152,HO06 新鲜感与稳定性平衡｜可靠证据,L2 节奏观察维度,RHYTHM-HO维度,通用,证据,HO06,新鲜感与稳定性平衡,体验后形成基础安排，稳定中保留适度变化。,同源重复、单次高光或只有一方自述。,由共享基础引擎、M2-TEMPO与M3功能模块提供；只修正用户能够承载怎样的推进、联系、共同时间、负荷与恢复节奏，不直接判断现实关系一定同步。,M2说明进入关系前的确认节奏；M5-RHYTHM只处理关系进入认真阶段以后，双方怎样持续协调推进与生活节奏。,M3-BASE、EXPR、CARE、BOUND、CONFLICT提供日常相处和状态通道；M5-RHYTHM负责把双方时间、负荷、联系、空间与恢复合成为长期节奏结构。,无／按本规则指定的提议—观察—同意—执行—反馈—调整—恢复路径路由。,近位、远位只修正某项节奏需求进入亲密关系核心的可能；不得据此判断具体对象现实中一定快、慢、黏、疏或稳定。,根气只修正节奏需求是否稳定重复，不等于双方现实节奏已成熟协调。,旺弱只修正某项推进、联系、共享、变化或恢复通道的调用强度，不直接等于适配质量。,喜忌只修正节奏调用顺畅度与摩擦，不可直接翻译为某种五行、十神或对象类型必然适合。,真合化成立时按化神功能重算节奏需要；合化争议时停止细化节奏画像。,近位提高该节奏议题进入关系核心的可能；远位只保留背景或阶段性观察。,88,+10 可靠证据,rhythm_evidence_level,新鲜感与稳定性平衡的可靠证据需要：体验后形成基础安排，稳定中保留适度变化。,这项节奏要看：体验后形成基础安排，稳定中保留适度变化。,不得仅凭本规则推出具体日期、交往时长、多久结婚、联系次数、见面频率或关系结果；不得把快等同冲动、慢等同冷淡、高频等同亲密、低频等同不爱。现实安全、双方同意、持续行为、生活条件、反例与协商优先。,中高,待验证,,rhythm_observation=HO06; provisional=true; rule_group=RHYTHM-HO维度; M3_STATE_pending=true,0.7
M5-RHYTHM-153,HO06 新鲜感与稳定性平衡｜高风险指示,L2 节奏观察维度,RHYTHM-HO维度,通用,风险,HO06,新鲜感与稳定性平衡,出现长期不可预测、单方催促、负荷透支、失联或恢复失败。,只是阶段差异、可协商频率不同或资料不足。,由共享基础引擎、M2-TEMPO与M3功能模块提供；只修正用户能够承载怎样的推进、联系、共同时间、负荷与恢复节奏，不直接判断现实关系一定同步。,M2说明进入关系前的确认节奏；M5-RHYTHM只处理关系进入认真阶段以后，双方怎样持续协调推进与生活节奏。,M3-BASE、EXPR、CARE、BOUND、CONFLICT提供日常相处和状态通道；M5-RHYTHM负责把双方时间、负荷、联系、空间与恢复合成为长期节奏结构。,无／按本规则指定的提议—观察—同意—执行—反馈—调整—恢复路径路由。,近位、远位只修正某项节奏需求进入亲密关系核心的可能；不得据此判断具体对象现实中一定快、慢、黏、疏或稳定。,根气只修正节奏需求是否稳定重复，不等于双方现实节奏已成熟协调。,旺弱只修正某项推进、联系、共享、变化或恢复通道的调用强度，不直接等于适配质量。,喜忌只修正节奏调用顺畅度与摩擦，不可直接翻译为某种五行、十神或对象类型必然适合。,真合化成立时按化神功能重算节奏需要；合化争议时停止细化节奏画像。,近位提高该节奏议题进入关系核心的可能；远位只保留背景或阶段性观察。,94,风险 +14／停止候选,rhythm_risk_warning,新鲜感与稳定性平衡的高风险信号包括：只追高光，或用稳定压掉全部活力。,需要警惕：只追高光，或用稳定压掉全部活力。,不得仅凭本规则推出具体日期、交往时长、多久结婚、联系次数、见面频率或关系结果；不得把快等同冲动、慢等同冷淡、高频等同亲密、低频等同不爱。现实安全、双方同意、持续行为、生活条件、反例与协商优先。,高,待验证,,rhythm_observation=HO06; provisional=true; rule_group=RHYTHM-HO维度; M3_STATE_pending=true,0.7
M5-RHYTHM-154,HO06 新鲜感与稳定性平衡｜调整与重订标准,L2 节奏观察维度,RHYTHM-HO维度,通用,调整,HO06,新鲜感与稳定性平衡,节奏出现变化、错配或转折后需要重新协商。,只有口头承诺、临时配合或一次恢复。,由共享基础引擎、M2-TEMPO与M3功能模块提供；只修正用户能够承载怎样的推进、联系、共同时间、负荷与恢复节奏，不直接判断现实关系一定同步。,M2说明进入关系前的确认节奏；M5-RHYTHM只处理关系进入认真阶段以后，双方怎样持续协调推进与生活节奏。,M3-BASE、EXPR、CARE、BOUND、CONFLICT提供日常相处和状态通道；M5-RHYTHM负责把双方时间、负荷、联系、空间与恢复合成为长期节奏结构。,无／按本规则指定的提议—观察—同意—执行—反馈—调整—恢复路径路由。,近位、远位只修正某项节奏需求进入亲密关系核心的可能；不得据此判断具体对象现实中一定快、慢、黏、疏或稳定。,根气只修正节奏需求是否稳定重复，不等于双方现实节奏已成熟协调。,旺弱只修正某项推进、联系、共享、变化或恢复通道的调用强度，不直接等于适配质量。,喜忌只修正节奏调用顺畅度与摩擦，不可直接翻译为某种五行、十神或对象类型必然适合。,真合化成立时按化神功能重算节奏需要；合化争议时停止细化节奏画像。,近位提高该节奏议题进入关系核心的可能；远位只保留背景或阶段性观察。,88,+10 调整证据,rhythm_renegotiation,新鲜感与稳定性平衡要稳定，需要将变化转成新的可执行安排。,调整重点：新鲜和稳定不是二选一。,不得仅凭本规则推出具体日期、交往时长、多久结婚、联系次数、见面频率或关系结果；不得把快等同冲动、慢等同冷淡、高频等同亲密、低频等同不爱。现实安全、双方同意、持续行为、生活条件、反例与协商优先。,中高,待验证,,rhythm_observation=HO06; provisional=true; rule_group=RHYTHM-HO维度; M3_STATE_pending=true,0.7
M5-RHYTHM-155,HO06 新鲜感与稳定性平衡｜工程评分与去重,L2 节奏观察维度,RHYTHM-HO维度,通用,评分,HO06,新鲜感与稳定性平衡,该维度与主HC、HM、HD或HP任务一致，来源独立。,只是同一事件的重复解释。,由共享基础引擎、M2-TEMPO与M3功能模块提供；只修正用户能够承载怎样的推进、联系、共同时间、负荷与恢复节奏，不直接判断现实关系一定同步。,M2说明进入关系前的确认节奏；M5-RHYTHM只处理关系进入认真阶段以后，双方怎样持续协调推进与生活节奏。,M3-BASE、EXPR、CARE、BOUND、CONFLICT提供日常相处和状态通道；M5-RHYTHM负责把双方时间、负荷、联系、空间与恢复合成为长期节奏结构。,无／按本规则指定的提议—观察—同意—执行—反馈—调整—恢复路径路由。,近位、远位只修正某项节奏需求进入亲密关系核心的可能；不得据此判断具体对象现实中一定快、慢、黏、疏或稳定。,根气只修正节奏需求是否稳定重复，不等于双方现实节奏已成熟协调。,旺弱只修正某项推进、联系、共享、变化或恢复通道的调用强度，不直接等于适配质量。,喜忌只修正节奏调用顺畅度与摩擦，不可直接翻译为某种五行、十神或对象类型必然适合。,真合化成立时按化神功能重算节奏需要；合化争议时停止细化节奏画像。,近位提高该节奏议题进入关系核心的可能；远位只保留背景或阶段性观察。,72,+4至+14；按HV层级,confidence,HO06只作为节奏证据，不重复计算命盘基础权重。,新鲜和稳定不是二选一。,不得仅凭本规则推出具体日期、交往时长、多久结婚、联系次数、见面频率或关系结果；不得把快等同冲动、慢等同冷淡、高频等同亲密、低频等同不爱。现实安全、双方同意、持续行为、生活条件、反例与协商优先。,中,待验证,,rhythm_observation=HO06; provisional=true; rule_group=RHYTHM-HO维度; M3_STATE_pending=true,0.7
M5-RHYTHM-156,HO06 新鲜感与稳定性平衡｜标准用户语言,L2 节奏观察维度,RHYTHM-HO维度,通用,输出,HO06,新鲜感与稳定性平衡,完成该维度裁决。,结论仍未定或安全门控未处理。,由共享基础引擎、M2-TEMPO与M3功能模块提供；只修正用户能够承载怎样的推进、联系、共同时间、负荷与恢复节奏，不直接判断现实关系一定同步。,M2说明进入关系前的确认节奏；M5-RHYTHM只处理关系进入认真阶段以后，双方怎样持续协调推进与生活节奏。,M3-BASE、EXPR、CARE、BOUND、CONFLICT提供日常相处和状态通道；M5-RHYTHM负责把双方时间、负荷、联系、空间与恢复合成为长期节奏结构。,无／按本规则指定的提议—观察—同意—执行—反馈—调整—恢复路径路由。,近位、远位只修正某项节奏需求进入亲密关系核心的可能；不得据此判断具体对象现实中一定快、慢、黏、疏或稳定。,根气只修正节奏需求是否稳定重复，不等于双方现实节奏已成熟协调。,旺弱只修正某项推进、联系、共享、变化或恢复通道的调用强度，不直接等于适配质量。,喜忌只修正节奏调用顺畅度与摩擦，不可直接翻译为某种五行、十神或对象类型必然适合。,真合化成立时按化神功能重算节奏需要；合化争议时停止细化节奏画像。,近位提高该节奏议题进入关系核心的可能；远位只保留背景或阶段性观察。,70,不加分；输出,report_text,新鲜和稳定不是二选一。,节奏重点：新鲜和稳定不是二选一。,不得仅凭本规则推出具体日期、交往时长、多久结婚、联系次数、见面频率或关系结果；不得把快等同冲动、慢等同冷淡、高频等同亲密、低频等同不爱。现实安全、双方同意、持续行为、生活条件、反例与协商优先。,中高,待验证,,rhythm_observation=HO06; provisional=true; rule_group=RHYTHM-HO维度; M3_STATE_pending=true,0.7
M5-RHYTHM-157,HO07 压力下节奏调整｜正式定义,L2 节奏观察维度,RHYTHM-HO维度,通用,定义,HO07,压力下节奏调整,存在具体双人节奏资料。,只有命盘需求、抽象风格或理想频率。,由共享基础引擎、M2-TEMPO与M3功能模块提供；只修正用户能够承载怎样的推进、联系、共同时间、负荷与恢复节奏，不直接判断现实关系一定同步。,M2说明进入关系前的确认节奏；M5-RHYTHM只处理关系进入认真阶段以后，双方怎样持续协调推进与生活节奏。,M3-BASE、EXPR、CARE、BOUND、CONFLICT提供日常相处和状态通道；M5-RHYTHM负责把双方时间、负荷、联系、空间与恢复合成为长期节奏结构。,无／按本规则指定的提议—观察—同意—执行—反馈—调整—恢复路径路由。,近位、远位只修正某项节奏需求进入亲密关系核心的可能；不得据此判断具体对象现实中一定快、慢、黏、疏或稳定。,根气只修正节奏需求是否稳定重复，不等于双方现实节奏已成熟协调。,旺弱只修正某项推进、联系、共享、变化或恢复通道的调用强度，不直接等于适配质量。,喜忌只修正节奏调用顺畅度与摩擦，不可直接翻译为某种五行、十神或对象类型必然适合。,真合化成立时按化神功能重算节奏需要；合化争议时停止细化节奏画像。,近位提高该节奏议题进入关系核心的可能；远位只保留背景或阶段性观察。,94,不加分；定义,rhythm_observation_dimensions,高压时是否能减速、分工、保留最低连接并说明变化。,压力下需要临时节奏，而不是让关系失去结构。,不得仅凭本规则推出具体日期、交往时长、多久结婚、联系次数、见面频率或关系结果；不得把快等同冲动、慢等同冷淡、高频等同亲密、低频等同不爱。现实安全、双方同意、持续行为、生活条件、反例与协商优先。,高,待验证,,rhythm_observation=HO07; provisional=true; rule_group=RHYTHM-HO维度; M3_STATE_pending=true,0.7
M5-RHYTHM-158,HO07 压力下节奏调整｜可靠证据,L2 节奏观察维度,RHYTHM-HO维度,通用,证据,HO07,压力下节奏调整,临时计划有范围、期限、最低责任和恢复条件。,同源重复、单次高光或只有一方自述。,由共享基础引擎、M2-TEMPO与M3功能模块提供；只修正用户能够承载怎样的推进、联系、共同时间、负荷与恢复节奏，不直接判断现实关系一定同步。,M2说明进入关系前的确认节奏；M5-RHYTHM只处理关系进入认真阶段以后，双方怎样持续协调推进与生活节奏。,M3-BASE、EXPR、CARE、BOUND、CONFLICT提供日常相处和状态通道；M5-RHYTHM负责把双方时间、负荷、联系、空间与恢复合成为长期节奏结构。,无／按本规则指定的提议—观察—同意—执行—反馈—调整—恢复路径路由。,近位、远位只修正某项节奏需求进入亲密关系核心的可能；不得据此判断具体对象现实中一定快、慢、黏、疏或稳定。,根气只修正节奏需求是否稳定重复，不等于双方现实节奏已成熟协调。,旺弱只修正某项推进、联系、共享、变化或恢复通道的调用强度，不直接等于适配质量。,喜忌只修正节奏调用顺畅度与摩擦，不可直接翻译为某种五行、十神或对象类型必然适合。,真合化成立时按化神功能重算节奏需要；合化争议时停止细化节奏画像。,近位提高该节奏议题进入关系核心的可能；远位只保留背景或阶段性观察。,88,+10 可靠证据,rhythm_evidence_level,压力下节奏调整的可靠证据需要：临时计划有范围、期限、最低责任和恢复条件。,这项节奏要看：临时计划有范围、期限、最低责任和恢复条件。,不得仅凭本规则推出具体日期、交往时长、多久结婚、联系次数、见面频率或关系结果；不得把快等同冲动、慢等同冷淡、高频等同亲密、低频等同不爱。现实安全、双方同意、持续行为、生活条件、反例与协商优先。,中高,待验证,,rhythm_observation=HO07; provisional=true; rule_group=RHYTHM-HO维度; M3_STATE_pending=true,0.7
M5-RHYTHM-159,HO07 压力下节奏调整｜高风险指示,L2 节奏观察维度,RHYTHM-HO维度,通用,风险,HO07,压力下节奏调整,出现长期不可预测、单方催促、负荷透支、失联或恢复失败。,只是阶段差异、可协商频率不同或资料不足。,由共享基础引擎、M2-TEMPO与M3功能模块提供；只修正用户能够承载怎样的推进、联系、共同时间、负荷与恢复节奏，不直接判断现实关系一定同步。,M2说明进入关系前的确认节奏；M5-RHYTHM只处理关系进入认真阶段以后，双方怎样持续协调推进与生活节奏。,M3-BASE、EXPR、CARE、BOUND、CONFLICT提供日常相处和状态通道；M5-RHYTHM负责把双方时间、负荷、联系、空间与恢复合成为长期节奏结构。,无／按本规则指定的提议—观察—同意—执行—反馈—调整—恢复路径路由。,近位、远位只修正某项节奏需求进入亲密关系核心的可能；不得据此判断具体对象现实中一定快、慢、黏、疏或稳定。,根气只修正节奏需求是否稳定重复，不等于双方现实节奏已成熟协调。,旺弱只修正某项推进、联系、共享、变化或恢复通道的调用强度，不直接等于适配质量。,喜忌只修正节奏调用顺畅度与摩擦，不可直接翻译为某种五行、十神或对象类型必然适合。,真合化成立时按化神功能重算节奏需要；合化争议时停止细化节奏画像。,近位提高该节奏议题进入关系核心的可能；远位只保留背景或阶段性观察。,94,风险 +14／停止候选,rhythm_risk_warning,压力下节奏调整的高风险信号包括：突然撤回、过度加速、无限等待或永久紧急状态。,需要警惕：突然撤回、过度加速、无限等待或永久紧急状态。,不得仅凭本规则推出具体日期、交往时长、多久结婚、联系次数、见面频率或关系结果；不得把快等同冲动、慢等同冷淡、高频等同亲密、低频等同不爱。现实安全、双方同意、持续行为、生活条件、反例与协商优先。,高,待验证,,rhythm_observation=HO07; provisional=true; rule_group=RHYTHM-HO维度; M3_STATE_pending=true,0.7
M5-RHYTHM-160,HO07 压力下节奏调整｜调整与重订标准,L2 节奏观察维度,RHYTHM-HO维度,通用,调整,HO07,压力下节奏调整,节奏出现变化、错配或转折后需要重新协商。,只有口头承诺、临时配合或一次恢复。,由共享基础引擎、M2-TEMPO与M3功能模块提供；只修正用户能够承载怎样的推进、联系、共同时间、负荷与恢复节奏，不直接判断现实关系一定同步。,M2说明进入关系前的确认节奏；M5-RHYTHM只处理关系进入认真阶段以后，双方怎样持续协调推进与生活节奏。,M3-BASE、EXPR、CARE、BOUND、CONFLICT提供日常相处和状态通道；M5-RHYTHM负责把双方时间、负荷、联系、空间与恢复合成为长期节奏结构。,无／按本规则指定的提议—观察—同意—执行—反馈—调整—恢复路径路由。,近位、远位只修正某项节奏需求进入亲密关系核心的可能；不得据此判断具体对象现实中一定快、慢、黏、疏或稳定。,根气只修正节奏需求是否稳定重复，不等于双方现实节奏已成熟协调。,旺弱只修正某项推进、联系、共享、变化或恢复通道的调用强度，不直接等于适配质量。,喜忌只修正节奏调用顺畅度与摩擦，不可直接翻译为某种五行、十神或对象类型必然适合。,真合化成立时按化神功能重算节奏需要；合化争议时停止细化节奏画像。,近位提高该节奏议题进入关系核心的可能；远位只保留背景或阶段性观察。,88,+10 调整证据,rhythm_renegotiation,压力下节奏调整要稳定，需要将变化转成新的可执行安排。,调整重点：压力下需要临时节奏，而不是让关系失去结构。,不得仅凭本规则推出具体日期、交往时长、多久结婚、联系次数、见面频率或关系结果；不得把快等同冲动、慢等同冷淡、高频等同亲密、低频等同不爱。现实安全、双方同意、持续行为、生活条件、反例与协商优先。,中高,待验证,,rhythm_observation=HO07; provisional=true; rule_group=RHYTHM-HO维度; M3_STATE_pending=true,0.7
M5-RHYTHM-161,HO07 压力下节奏调整｜工程评分与去重,L2 节奏观察维度,RHYTHM-HO维度,通用,评分,HO07,压力下节奏调整,该维度与主HC、HM、HD或HP任务一致，来源独立。,只是同一事件的重复解释。,由共享基础引擎、M2-TEMPO与M3功能模块提供；只修正用户能够承载怎样的推进、联系、共同时间、负荷与恢复节奏，不直接判断现实关系一定同步。,M2说明进入关系前的确认节奏；M5-RHYTHM只处理关系进入认真阶段以后，双方怎样持续协调推进与生活节奏。,M3-BASE、EXPR、CARE、BOUND、CONFLICT提供日常相处和状态通道；M5-RHYTHM负责把双方时间、负荷、联系、空间与恢复合成为长期节奏结构。,无／按本规则指定的提议—观察—同意—执行—反馈—调整—恢复路径路由。,近位、远位只修正某项节奏需求进入亲密关系核心的可能；不得据此判断具体对象现实中一定快、慢、黏、疏或稳定。,根气只修正节奏需求是否稳定重复，不等于双方现实节奏已成熟协调。,旺弱只修正某项推进、联系、共享、变化或恢复通道的调用强度，不直接等于适配质量。,喜忌只修正节奏调用顺畅度与摩擦，不可直接翻译为某种五行、十神或对象类型必然适合。,真合化成立时按化神功能重算节奏需要；合化争议时停止细化节奏画像。,近位提高该节奏议题进入关系核心的可能；远位只保留背景或阶段性观察。,72,+4至+14；按HV层级,confidence,HO07只作为节奏证据，不重复计算命盘基础权重。,压力下需要临时节奏，而不是让关系失去结构。,不得仅凭本规则推出具体日期、交往时长、多久结婚、联系次数、见面频率或关系结果；不得把快等同冲动、慢等同冷淡、高频等同亲密、低频等同不爱。现实安全、双方同意、持续行为、生活条件、反例与协商优先。,中,待验证,,rhythm_observation=HO07; provisional=true; rule_group=RHYTHM-HO维度; M3_STATE_pending=true,0.7
M5-RHYTHM-162,HO07 压力下节奏调整｜标准用户语言,L2 节奏观察维度,RHYTHM-HO维度,通用,输出,HO07,压力下节奏调整,完成该维度裁决。,结论仍未定或安全门控未处理。,由共享基础引擎、M2-TEMPO与M3功能模块提供；只修正用户能够承载怎样的推进、联系、共同时间、负荷与恢复节奏，不直接判断现实关系一定同步。,M2说明进入关系前的确认节奏；M5-RHYTHM只处理关系进入认真阶段以后，双方怎样持续协调推进与生活节奏。,M3-BASE、EXPR、CARE、BOUND、CONFLICT提供日常相处和状态通道；M5-RHYTHM负责把双方时间、负荷、联系、空间与恢复合成为长期节奏结构。,无／按本规则指定的提议—观察—同意—执行—反馈—调整—恢复路径路由。,近位、远位只修正某项节奏需求进入亲密关系核心的可能；不得据此判断具体对象现实中一定快、慢、黏、疏或稳定。,根气只修正节奏需求是否稳定重复，不等于双方现实节奏已成熟协调。,旺弱只修正某项推进、联系、共享、变化或恢复通道的调用强度，不直接等于适配质量。,喜忌只修正节奏调用顺畅度与摩擦，不可直接翻译为某种五行、十神或对象类型必然适合。,真合化成立时按化神功能重算节奏需要；合化争议时停止细化节奏画像。,近位提高该节奏议题进入关系核心的可能；远位只保留背景或阶段性观察。,70,不加分；输出,report_text,压力下需要临时节奏，而不是让关系失去结构。,节奏重点：压力下需要临时节奏，而不是让关系失去结构。,不得仅凭本规则推出具体日期、交往时长、多久结婚、联系次数、见面频率或关系结果；不得把快等同冲动、慢等同冷淡、高频等同亲密、低频等同不爱。现实安全、双方同意、持续行为、生活条件、反例与协商优先。,中高,待验证,,rhythm_observation=HO07; provisional=true; rule_group=RHYTHM-HO维度; M3_STATE_pending=true,0.7
M5-RHYTHM-163,HO08 恢复与重新开放｜正式定义,L2 节奏观察维度,RHYTHM-HO维度,通用,定义,HO08,恢复与重新开放,存在具体双人节奏资料。,只有命盘需求、抽象风格或理想频率。,由共享基础引擎、M2-TEMPO与M3功能模块提供；只修正用户能够承载怎样的推进、联系、共同时间、负荷与恢复节奏，不直接判断现实关系一定同步。,M2说明进入关系前的确认节奏；M5-RHYTHM只处理关系进入认真阶段以后，双方怎样持续协调推进与生活节奏。,M3-BASE、EXPR、CARE、BOUND、CONFLICT提供日常相处和状态通道；M5-RHYTHM负责把双方时间、负荷、联系、空间与恢复合成为长期节奏结构。,无／按本规则指定的提议—观察—同意—执行—反馈—调整—恢复路径路由。,近位、远位只修正某项节奏需求进入亲密关系核心的可能；不得据此判断具体对象现实中一定快、慢、黏、疏或稳定。,根气只修正节奏需求是否稳定重复，不等于双方现实节奏已成熟协调。,旺弱只修正某项推进、联系、共享、变化或恢复通道的调用强度，不直接等于适配质量。,喜忌只修正节奏调用顺畅度与摩擦，不可直接翻译为某种五行、十神或对象类型必然适合。,真合化成立时按化神功能重算节奏需要；合化争议时停止细化节奏画像。,近位提高该节奏议题进入关系核心的可能；远位只保留背景或阶段性观察。,94,不加分；定义,rhythm_observation_dimensions,压力、冲突或距离后，怎样恢复联系、共同时间和亲密。,恢复需要节奏，不是瞬间复原。,不得仅凭本规则推出具体日期、交往时长、多久结婚、联系次数、见面频率或关系结果；不得把快等同冲动、慢等同冷淡、高频等同亲密、低频等同不爱。现实安全、双方同意、持续行为、生活条件、反例与协商优先。,高,待验证,,rhythm_observation=HO08; provisional=true; rule_group=RHYTHM-HO维度; M3_STATE_pending=true,0.7
M5-RHYTHM-164,HO08 恢复与重新开放｜可靠证据,L2 节奏观察维度,RHYTHM-HO维度,通用,证据,HO08,恢复与重新开放,分阶段重新开放，接收反馈，不要求马上回到原强度。,同源重复、单次高光或只有一方自述。,由共享基础引擎、M2-TEMPO与M3功能模块提供；只修正用户能够承载怎样的推进、联系、共同时间、负荷与恢复节奏，不直接判断现实关系一定同步。,M2说明进入关系前的确认节奏；M5-RHYTHM只处理关系进入认真阶段以后，双方怎样持续协调推进与生活节奏。,M3-BASE、EXPR、CARE、BOUND、CONFLICT提供日常相处和状态通道；M5-RHYTHM负责把双方时间、负荷、联系、空间与恢复合成为长期节奏结构。,无／按本规则指定的提议—观察—同意—执行—反馈—调整—恢复路径路由。,近位、远位只修正某项节奏需求进入亲密关系核心的可能；不得据此判断具体对象现实中一定快、慢、黏、疏或稳定。,根气只修正节奏需求是否稳定重复，不等于双方现实节奏已成熟协调。,旺弱只修正某项推进、联系、共享、变化或恢复通道的调用强度，不直接等于适配质量。,喜忌只修正节奏调用顺畅度与摩擦，不可直接翻译为某种五行、十神或对象类型必然适合。,真合化成立时按化神功能重算节奏需要；合化争议时停止细化节奏画像。,近位提高该节奏议题进入关系核心的可能；远位只保留背景或阶段性观察。,88,+10 可靠证据,rhythm_evidence_level,恢复与重新开放的可靠证据需要：分阶段重新开放，接收反馈，不要求马上回到原强度。,这项节奏要看：分阶段重新开放，接收反馈，不要求马上回到原强度。,不得仅凭本规则推出具体日期、交往时长、多久结婚、联系次数、见面频率或关系结果；不得把快等同冲动、慢等同冷淡、高频等同亲密、低频等同不爱。现实安全、双方同意、持续行为、生活条件、反例与协商优先。,中高,待验证,,rhythm_observation=HO08; provisional=true; rule_group=RHYTHM-HO维度; M3_STATE_pending=true,0.7
M5-RHYTHM-165,HO08 恢复与重新开放｜高风险指示,L2 节奏观察维度,RHYTHM-HO维度,通用,风险,HO08,恢复与重新开放,出现长期不可预测、单方催促、负荷透支、失联或恢复失败。,只是阶段差异、可协商频率不同或资料不足。,由共享基础引擎、M2-TEMPO与M3功能模块提供；只修正用户能够承载怎样的推进、联系、共同时间、负荷与恢复节奏，不直接判断现实关系一定同步。,M2说明进入关系前的确认节奏；M5-RHYTHM只处理关系进入认真阶段以后，双方怎样持续协调推进与生活节奏。,M3-BASE、EXPR、CARE、BOUND、CONFLICT提供日常相处和状态通道；M5-RHYTHM负责把双方时间、负荷、联系、空间与恢复合成为长期节奏结构。,无／按本规则指定的提议—观察—同意—执行—反馈—调整—恢复路径路由。,近位、远位只修正某项节奏需求进入亲密关系核心的可能；不得据此判断具体对象现实中一定快、慢、黏、疏或稳定。,根气只修正节奏需求是否稳定重复，不等于双方现实节奏已成熟协调。,旺弱只修正某项推进、联系、共享、变化或恢复通道的调用强度，不直接等于适配质量。,喜忌只修正节奏调用顺畅度与摩擦，不可直接翻译为某种五行、十神或对象类型必然适合。,真合化成立时按化神功能重算节奏需要；合化争议时停止细化节奏画像。,近位提高该节奏议题进入关系核心的可能；远位只保留背景或阶段性观察。,94,风险 +14／停止候选,rhythm_risk_warning,恢复与重新开放的高风险信号包括：事情结束就要求一切恢复，或恢复联系却不处理问题。,需要警惕：事情结束就要求一切恢复，或恢复联系却不处理问题。,不得仅凭本规则推出具体日期、交往时长、多久结婚、联系次数、见面频率或关系结果；不得把快等同冲动、慢等同冷淡、高频等同亲密、低频等同不爱。现实安全、双方同意、持续行为、生活条件、反例与协商优先。,高,待验证,,rhythm_observation=HO08; provisional=true; rule_group=RHYTHM-HO维度; M3_STATE_pending=true,0.7
M5-RHYTHM-166,HO08 恢复与重新开放｜调整与重订标准,L2 节奏观察维度,RHYTHM-HO维度,通用,调整,HO08,恢复与重新开放,节奏出现变化、错配或转折后需要重新协商。,只有口头承诺、临时配合或一次恢复。,由共享基础引擎、M2-TEMPO与M3功能模块提供；只修正用户能够承载怎样的推进、联系、共同时间、负荷与恢复节奏，不直接判断现实关系一定同步。,M2说明进入关系前的确认节奏；M5-RHYTHM只处理关系进入认真阶段以后，双方怎样持续协调推进与生活节奏。,M3-BASE、EXPR、CARE、BOUND、CONFLICT提供日常相处和状态通道；M5-RHYTHM负责把双方时间、负荷、联系、空间与恢复合成为长期节奏结构。,无／按本规则指定的提议—观察—同意—执行—反馈—调整—恢复路径路由。,近位、远位只修正某项节奏需求进入亲密关系核心的可能；不得据此判断具体对象现实中一定快、慢、黏、疏或稳定。,根气只修正节奏需求是否稳定重复，不等于双方现实节奏已成熟协调。,旺弱只修正某项推进、联系、共享、变化或恢复通道的调用强度，不直接等于适配质量。,喜忌只修正节奏调用顺畅度与摩擦，不可直接翻译为某种五行、十神或对象类型必然适合。,真合化成立时按化神功能重算节奏需要；合化争议时停止细化节奏画像。,近位提高该节奏议题进入关系核心的可能；远位只保留背景或阶段性观察。,88,+10 调整证据,rhythm_renegotiation,恢复与重新开放要稳定，需要将变化转成新的可执行安排。,调整重点：恢复需要节奏，不是瞬间复原。,不得仅凭本规则推出具体日期、交往时长、多久结婚、联系次数、见面频率或关系结果；不得把快等同冲动、慢等同冷淡、高频等同亲密、低频等同不爱。现实安全、双方同意、持续行为、生活条件、反例与协商优先。,中高,待验证,,rhythm_observation=HO08; provisional=true; rule_group=RHYTHM-HO维度; M3_STATE_pending=true,0.7
M5-RHYTHM-167,HO08 恢复与重新开放｜工程评分与去重,L2 节奏观察维度,RHYTHM-HO维度,通用,评分,HO08,恢复与重新开放,该维度与主HC、HM、HD或HP任务一致，来源独立。,只是同一事件的重复解释。,由共享基础引擎、M2-TEMPO与M3功能模块提供；只修正用户能够承载怎样的推进、联系、共同时间、负荷与恢复节奏，不直接判断现实关系一定同步。,M2说明进入关系前的确认节奏；M5-RHYTHM只处理关系进入认真阶段以后，双方怎样持续协调推进与生活节奏。,M3-BASE、EXPR、CARE、BOUND、CONFLICT提供日常相处和状态通道；M5-RHYTHM负责把双方时间、负荷、联系、空间与恢复合成为长期节奏结构。,无／按本规则指定的提议—观察—同意—执行—反馈—调整—恢复路径路由。,近位、远位只修正某项节奏需求进入亲密关系核心的可能；不得据此判断具体对象现实中一定快、慢、黏、疏或稳定。,根气只修正节奏需求是否稳定重复，不等于双方现实节奏已成熟协调。,旺弱只修正某项推进、联系、共享、变化或恢复通道的调用强度，不直接等于适配质量。,喜忌只修正节奏调用顺畅度与摩擦，不可直接翻译为某种五行、十神或对象类型必然适合。,真合化成立时按化神功能重算节奏需要；合化争议时停止细化节奏画像。,近位提高该节奏议题进入关系核心的可能；远位只保留背景或阶段性观察。,72,+4至+14；按HV层级,confidence,HO08只作为节奏证据，不重复计算命盘基础权重。,恢复需要节奏，不是瞬间复原。,不得仅凭本规则推出具体日期、交往时长、多久结婚、联系次数、见面频率或关系结果；不得把快等同冲动、慢等同冷淡、高频等同亲密、低频等同不爱。现实安全、双方同意、持续行为、生活条件、反例与协商优先。,中,待验证,,rhythm_observation=HO08; provisional=true; rule_group=RHYTHM-HO维度; M3_STATE_pending=true,0.7
M5-RHYTHM-168,HO08 恢复与重新开放｜标准用户语言,L2 节奏观察维度,RHYTHM-HO维度,通用,输出,HO08,恢复与重新开放,完成该维度裁决。,结论仍未定或安全门控未处理。,由共享基础引擎、M2-TEMPO与M3功能模块提供；只修正用户能够承载怎样的推进、联系、共同时间、负荷与恢复节奏，不直接判断现实关系一定同步。,M2说明进入关系前的确认节奏；M5-RHYTHM只处理关系进入认真阶段以后，双方怎样持续协调推进与生活节奏。,M3-BASE、EXPR、CARE、BOUND、CONFLICT提供日常相处和状态通道；M5-RHYTHM负责把双方时间、负荷、联系、空间与恢复合成为长期节奏结构。,无／按本规则指定的提议—观察—同意—执行—反馈—调整—恢复路径路由。,近位、远位只修正某项节奏需求进入亲密关系核心的可能；不得据此判断具体对象现实中一定快、慢、黏、疏或稳定。,根气只修正节奏需求是否稳定重复，不等于双方现实节奏已成熟协调。,旺弱只修正某项推进、联系、共享、变化或恢复通道的调用强度，不直接等于适配质量。,喜忌只修正节奏调用顺畅度与摩擦，不可直接翻译为某种五行、十神或对象类型必然适合。,真合化成立时按化神功能重算节奏需要；合化争议时停止细化节奏画像。,近位提高该节奏议题进入关系核心的可能；远位只保留背景或阶段性观察。,70,不加分；输出,report_text,恢复需要节奏，不是瞬间复原。,节奏重点：恢复需要节奏，不是瞬间复原。,不得仅凭本规则推出具体日期、交往时长、多久结婚、联系次数、见面频率或关系结果；不得把快等同冲动、慢等同冷淡、高频等同亲密、低频等同不爱。现实安全、双方同意、持续行为、生活条件、反例与协商优先。,中高,待验证,,rhythm_observation=HO08; provisional=true; rule_group=RHYTHM-HO维度; M3_STATE_pending=true,0.7
M5-RHYTHM-169,HO09 里程碑与责任同步｜正式定义,L2 节奏观察维度,RHYTHM-HO维度,通用,定义,HO09,里程碑与责任同步,存在具体双人节奏资料。,只有命盘需求、抽象风格或理想频率。,由共享基础引擎、M2-TEMPO与M3功能模块提供；只修正用户能够承载怎样的推进、联系、共同时间、负荷与恢复节奏，不直接判断现实关系一定同步。,M2说明进入关系前的确认节奏；M5-RHYTHM只处理关系进入认真阶段以后，双方怎样持续协调推进与生活节奏。,M3-BASE、EXPR、CARE、BOUND、CONFLICT提供日常相处和状态通道；M5-RHYTHM负责把双方时间、负荷、联系、空间与恢复合成为长期节奏结构。,无／按本规则指定的提议—观察—同意—执行—反馈—调整—恢复路径路由。,近位、远位只修正某项节奏需求进入亲密关系核心的可能；不得据此判断具体对象现实中一定快、慢、黏、疏或稳定。,根气只修正节奏需求是否稳定重复，不等于双方现实节奏已成熟协调。,旺弱只修正某项推进、联系、共享、变化或恢复通道的调用强度，不直接等于适配质量。,喜忌只修正节奏调用顺畅度与摩擦，不可直接翻译为某种五行、十神或对象类型必然适合。,真合化成立时按化神功能重算节奏需要；合化争议时停止细化节奏画像。,近位提高该节奏议题进入关系核心的可能；远位只保留背景或阶段性观察。,94,不加分；定义,rhythm_observation_dimensions,关系阶段、同居、婚育、财务和家庭责任是否与现实能力同步。,里程碑要与责任和现实承载同步。,不得仅凭本规则推出具体日期、交往时长、多久结婚、联系次数、见面频率或关系结果；不得把快等同冲动、慢等同冷淡、高频等同亲密、低频等同不爱。现实安全、双方同意、持续行为、生活条件、反例与协商优先。,高,待验证,,rhythm_observation=HO09; provisional=true; rule_group=RHYTHM-HO维度; M3_STATE_pending=true,0.7
M5-RHYTHM-170,HO09 里程碑与责任同步｜可靠证据,L2 节奏观察维度,RHYTHM-HO维度,通用,证据,HO09,里程碑与责任同步,每个里程碑同时确认意愿、资源、责任和退出／调整机制。,同源重复、单次高光或只有一方自述。,由共享基础引擎、M2-TEMPO与M3功能模块提供；只修正用户能够承载怎样的推进、联系、共同时间、负荷与恢复节奏，不直接判断现实关系一定同步。,M2说明进入关系前的确认节奏；M5-RHYTHM只处理关系进入认真阶段以后，双方怎样持续协调推进与生活节奏。,M3-BASE、EXPR、CARE、BOUND、CONFLICT提供日常相处和状态通道；M5-RHYTHM负责把双方时间、负荷、联系、空间与恢复合成为长期节奏结构。,无／按本规则指定的提议—观察—同意—执行—反馈—调整—恢复路径路由。,近位、远位只修正某项节奏需求进入亲密关系核心的可能；不得据此判断具体对象现实中一定快、慢、黏、疏或稳定。,根气只修正节奏需求是否稳定重复，不等于双方现实节奏已成熟协调。,旺弱只修正某项推进、联系、共享、变化或恢复通道的调用强度，不直接等于适配质量。,喜忌只修正节奏调用顺畅度与摩擦，不可直接翻译为某种五行、十神或对象类型必然适合。,真合化成立时按化神功能重算节奏需要；合化争议时停止细化节奏画像。,近位提高该节奏议题进入关系核心的可能；远位只保留背景或阶段性观察。,88,+10 可靠证据,rhythm_evidence_level,里程碑与责任同步的可靠证据需要：每个里程碑同时确认意愿、资源、责任和退出／调整机制。,这项节奏要看：每个里程碑同时确认意愿、资源、责任和退出／调整机制。,不得仅凭本规则推出具体日期、交往时长、多久结婚、联系次数、见面频率或关系结果；不得把快等同冲动、慢等同冷淡、高频等同亲密、低频等同不爱。现实安全、双方同意、持续行为、生活条件、反例与协商优先。,中高,待验证,,rhythm_observation=HO09; provisional=true; rule_group=RHYTHM-HO维度; M3_STATE_pending=true,0.7
M5-RHYTHM-171,HO09 里程碑与责任同步｜高风险指示,L2 节奏观察维度,RHYTHM-HO维度,通用,风险,HO09,里程碑与责任同步,出现长期不可预测、单方催促、负荷透支、失联或恢复失败。,只是阶段差异、可协商频率不同或资料不足。,由共享基础引擎、M2-TEMPO与M3功能模块提供；只修正用户能够承载怎样的推进、联系、共同时间、负荷与恢复节奏，不直接判断现实关系一定同步。,M2说明进入关系前的确认节奏；M5-RHYTHM只处理关系进入认真阶段以后，双方怎样持续协调推进与生活节奏。,M3-BASE、EXPR、CARE、BOUND、CONFLICT提供日常相处和状态通道；M5-RHYTHM负责把双方时间、负荷、联系、空间与恢复合成为长期节奏结构。,无／按本规则指定的提议—观察—同意—执行—反馈—调整—恢复路径路由。,近位、远位只修正某项节奏需求进入亲密关系核心的可能；不得据此判断具体对象现实中一定快、慢、黏、疏或稳定。,根气只修正节奏需求是否稳定重复，不等于双方现实节奏已成熟协调。,旺弱只修正某项推进、联系、共享、变化或恢复通道的调用强度，不直接等于适配质量。,喜忌只修正节奏调用顺畅度与摩擦，不可直接翻译为某种五行、十神或对象类型必然适合。,真合化成立时按化神功能重算节奏需要；合化争议时停止细化节奏画像。,近位提高该节奏议题进入关系核心的可能；远位只保留背景或阶段性观察。,94,风险 +14／停止候选,rhythm_risk_warning,里程碑与责任同步的高风险信号包括：用年龄、时间、家人压力或关系标签催促升级。,需要警惕：用年龄、时间、家人压力或关系标签催促升级。,不得仅凭本规则推出具体日期、交往时长、多久结婚、联系次数、见面频率或关系结果；不得把快等同冲动、慢等同冷淡、高频等同亲密、低频等同不爱。现实安全、双方同意、持续行为、生活条件、反例与协商优先。,高,待验证,,rhythm_observation=HO09; provisional=true; rule_group=RHYTHM-HO维度; M3_STATE_pending=true,0.7
M5-RHYTHM-172,HO09 里程碑与责任同步｜调整与重订标准,L2 节奏观察维度,RHYTHM-HO维度,通用,调整,HO09,里程碑与责任同步,节奏出现变化、错配或转折后需要重新协商。,只有口头承诺、临时配合或一次恢复。,由共享基础引擎、M2-TEMPO与M3功能模块提供；只修正用户能够承载怎样的推进、联系、共同时间、负荷与恢复节奏，不直接判断现实关系一定同步。,M2说明进入关系前的确认节奏；M5-RHYTHM只处理关系进入认真阶段以后，双方怎样持续协调推进与生活节奏。,M3-BASE、EXPR、CARE、BOUND、CONFLICT提供日常相处和状态通道；M5-RHYTHM负责把双方时间、负荷、联系、空间与恢复合成为长期节奏结构。,无／按本规则指定的提议—观察—同意—执行—反馈—调整—恢复路径路由。,近位、远位只修正某项节奏需求进入亲密关系核心的可能；不得据此判断具体对象现实中一定快、慢、黏、疏或稳定。,根气只修正节奏需求是否稳定重复，不等于双方现实节奏已成熟协调。,旺弱只修正某项推进、联系、共享、变化或恢复通道的调用强度，不直接等于适配质量。,喜忌只修正节奏调用顺畅度与摩擦，不可直接翻译为某种五行、十神或对象类型必然适合。,真合化成立时按化神功能重算节奏需要；合化争议时停止细化节奏画像。,近位提高该节奏议题进入关系核心的可能；远位只保留背景或阶段性观察。,88,+10 调整证据,rhythm_renegotiation,里程碑与责任同步要稳定，需要将变化转成新的可执行安排。,调整重点：里程碑要与责任和现实承载同步。,不得仅凭本规则推出具体日期、交往时长、多久结婚、联系次数、见面频率或关系结果；不得把快等同冲动、慢等同冷淡、高频等同亲密、低频等同不爱。现实安全、双方同意、持续行为、生活条件、反例与协商优先。,中高,待验证,,rhythm_observation=HO09; provisional=true; rule_group=RHYTHM-HO维度; M3_STATE_pending=true,0.7
M5-RHYTHM-173,HO09 里程碑与责任同步｜工程评分与去重,L2 节奏观察维度,RHYTHM-HO维度,通用,评分,HO09,里程碑与责任同步,该维度与主HC、HM、HD或HP任务一致，来源独立。,只是同一事件的重复解释。,由共享基础引擎、M2-TEMPO与M3功能模块提供；只修正用户能够承载怎样的推进、联系、共同时间、负荷与恢复节奏，不直接判断现实关系一定同步。,M2说明进入关系前的确认节奏；M5-RHYTHM只处理关系进入认真阶段以后，双方怎样持续协调推进与生活节奏。,M3-BASE、EXPR、CARE、BOUND、CONFLICT提供日常相处和状态通道；M5-RHYTHM负责把双方时间、负荷、联系、空间与恢复合成为长期节奏结构。,无／按本规则指定的提议—观察—同意—执行—反馈—调整—恢复路径路由。,近位、远位只修正某项节奏需求进入亲密关系核心的可能；不得据此判断具体对象现实中一定快、慢、黏、疏或稳定。,根气只修正节奏需求是否稳定重复，不等于双方现实节奏已成熟协调。,旺弱只修正某项推进、联系、共享、变化或恢复通道的调用强度，不直接等于适配质量。,喜忌只修正节奏调用顺畅度与摩擦，不可直接翻译为某种五行、十神或对象类型必然适合。,真合化成立时按化神功能重算节奏需要；合化争议时停止细化节奏画像。,近位提高该节奏议题进入关系核心的可能；远位只保留背景或阶段性观察。,72,+4至+14；按HV层级,confidence,HO09只作为节奏证据，不重复计算命盘基础权重。,里程碑要与责任和现实承载同步。,不得仅凭本规则推出具体日期、交往时长、多久结婚、联系次数、见面频率或关系结果；不得把快等同冲动、慢等同冷淡、高频等同亲密、低频等同不爱。现实安全、双方同意、持续行为、生活条件、反例与协商优先。,中,待验证,,rhythm_observation=HO09; provisional=true; rule_group=RHYTHM-HO维度; M3_STATE_pending=true,0.7
M5-RHYTHM-174,HO09 里程碑与责任同步｜标准用户语言,L2 节奏观察维度,RHYTHM-HO维度,通用,输出,HO09,里程碑与责任同步,完成该维度裁决。,结论仍未定或安全门控未处理。,由共享基础引擎、M2-TEMPO与M3功能模块提供；只修正用户能够承载怎样的推进、联系、共同时间、负荷与恢复节奏，不直接判断现实关系一定同步。,M2说明进入关系前的确认节奏；M5-RHYTHM只处理关系进入认真阶段以后，双方怎样持续协调推进与生活节奏。,M3-BASE、EXPR、CARE、BOUND、CONFLICT提供日常相处和状态通道；M5-RHYTHM负责把双方时间、负荷、联系、空间与恢复合成为长期节奏结构。,无／按本规则指定的提议—观察—同意—执行—反馈—调整—恢复路径路由。,近位、远位只修正某项节奏需求进入亲密关系核心的可能；不得据此判断具体对象现实中一定快、慢、黏、疏或稳定。,根气只修正节奏需求是否稳定重复，不等于双方现实节奏已成熟协调。,旺弱只修正某项推进、联系、共享、变化或恢复通道的调用强度，不直接等于适配质量。,喜忌只修正节奏调用顺畅度与摩擦，不可直接翻译为某种五行、十神或对象类型必然适合。,真合化成立时按化神功能重算节奏需要；合化争议时停止细化节奏画像。,近位提高该节奏议题进入关系核心的可能；远位只保留背景或阶段性观察。,70,不加分；输出,report_text,里程碑要与责任和现实承载同步。,节奏重点：里程碑要与责任和现实承载同步。,不得仅凭本规则推出具体日期、交往时长、多久结婚、联系次数、见面频率或关系结果；不得把快等同冲动、慢等同冷淡、高频等同亲密、低频等同不爱。现实安全、双方同意、持续行为、生活条件、反例与协商优先。,中高,待验证,,rhythm_observation=HO09; provisional=true; rule_group=RHYTHM-HO维度; M3_STATE_pending=true,0.7
M5-RHYTHM-175,HO10 定期复盘与节奏重订｜正式定义,L2 节奏观察维度,RHYTHM-HO维度,通用,定义,HO10,定期复盘与节奏重订,存在具体双人节奏资料。,只有命盘需求、抽象风格或理想频率。,由共享基础引擎、M2-TEMPO与M3功能模块提供；只修正用户能够承载怎样的推进、联系、共同时间、负荷与恢复节奏，不直接判断现实关系一定同步。,M2说明进入关系前的确认节奏；M5-RHYTHM只处理关系进入认真阶段以后，双方怎样持续协调推进与生活节奏。,M3-BASE、EXPR、CARE、BOUND、CONFLICT提供日常相处和状态通道；M5-RHYTHM负责把双方时间、负荷、联系、空间与恢复合成为长期节奏结构。,无／按本规则指定的提议—观察—同意—执行—反馈—调整—恢复路径路由。,近位、远位只修正某项节奏需求进入亲密关系核心的可能；不得据此判断具体对象现实中一定快、慢、黏、疏或稳定。,根气只修正节奏需求是否稳定重复，不等于双方现实节奏已成熟协调。,旺弱只修正某项推进、联系、共享、变化或恢复通道的调用强度，不直接等于适配质量。,喜忌只修正节奏调用顺畅度与摩擦，不可直接翻译为某种五行、十神或对象类型必然适合。,真合化成立时按化神功能重算节奏需要；合化争议时停止细化节奏画像。,近位提高该节奏议题进入关系核心的可能；远位只保留背景或阶段性观察。,94,不加分；定义,rhythm_observation_dimensions,双方是否会回顾当前节奏并根据变化更新。,长期关系需要定期重订节奏。,不得仅凭本规则推出具体日期、交往时长、多久结婚、联系次数、见面频率或关系结果；不得把快等同冲动、慢等同冷淡、高频等同亲密、低频等同不爱。现实安全、双方同意、持续行为、生活条件、反例与协商优先。,高,待验证,,rhythm_observation=HO10; provisional=true; rule_group=RHYTHM-HO维度; M3_STATE_pending=true,0.7
M5-RHYTHM-176,HO10 定期复盘与节奏重订｜可靠证据,L2 节奏观察维度,RHYTHM-HO维度,通用,证据,HO10,定期复盘与节奏重订,在阶段转折、负荷变化或反复问题后主动复盘并形成新安排。,同源重复、单次高光或只有一方自述。,由共享基础引擎、M2-TEMPO与M3功能模块提供；只修正用户能够承载怎样的推进、联系、共同时间、负荷与恢复节奏，不直接判断现实关系一定同步。,M2说明进入关系前的确认节奏；M5-RHYTHM只处理关系进入认真阶段以后，双方怎样持续协调推进与生活节奏。,M3-BASE、EXPR、CARE、BOUND、CONFLICT提供日常相处和状态通道；M5-RHYTHM负责把双方时间、负荷、联系、空间与恢复合成为长期节奏结构。,无／按本规则指定的提议—观察—同意—执行—反馈—调整—恢复路径路由。,近位、远位只修正某项节奏需求进入亲密关系核心的可能；不得据此判断具体对象现实中一定快、慢、黏、疏或稳定。,根气只修正节奏需求是否稳定重复，不等于双方现实节奏已成熟协调。,旺弱只修正某项推进、联系、共享、变化或恢复通道的调用强度，不直接等于适配质量。,喜忌只修正节奏调用顺畅度与摩擦，不可直接翻译为某种五行、十神或对象类型必然适合。,真合化成立时按化神功能重算节奏需要；合化争议时停止细化节奏画像。,近位提高该节奏议题进入关系核心的可能；远位只保留背景或阶段性观察。,88,+10 可靠证据,rhythm_evidence_level,定期复盘与节奏重订的可靠证据需要：在阶段转折、负荷变化或反复问题后主动复盘并形成新安排。,这项节奏要看：在阶段转折、负荷变化或反复问题后主动复盘并形成新安排。,不得仅凭本规则推出具体日期、交往时长、多久结婚、联系次数、见面频率或关系结果；不得把快等同冲动、慢等同冷淡、高频等同亲密、低频等同不爱。现实安全、双方同意、持续行为、生活条件、反例与协商优先。,中高,待验证,,rhythm_observation=HO10; provisional=true; rule_group=RHYTHM-HO维度; M3_STATE_pending=true,0.7
M5-RHYTHM-177,HO10 定期复盘与节奏重订｜高风险指示,L2 节奏观察维度,RHYTHM-HO维度,通用,风险,HO10,定期复盘与节奏重订,出现长期不可预测、单方催促、负荷透支、失联或恢复失败。,只是阶段差异、可协商频率不同或资料不足。,由共享基础引擎、M2-TEMPO与M3功能模块提供；只修正用户能够承载怎样的推进、联系、共同时间、负荷与恢复节奏，不直接判断现实关系一定同步。,M2说明进入关系前的确认节奏；M5-RHYTHM只处理关系进入认真阶段以后，双方怎样持续协调推进与生活节奏。,M3-BASE、EXPR、CARE、BOUND、CONFLICT提供日常相处和状态通道；M5-RHYTHM负责把双方时间、负荷、联系、空间与恢复合成为长期节奏结构。,无／按本规则指定的提议—观察—同意—执行—反馈—调整—恢复路径路由。,近位、远位只修正某项节奏需求进入亲密关系核心的可能；不得据此判断具体对象现实中一定快、慢、黏、疏或稳定。,根气只修正节奏需求是否稳定重复，不等于双方现实节奏已成熟协调。,旺弱只修正某项推进、联系、共享、变化或恢复通道的调用强度，不直接等于适配质量。,喜忌只修正节奏调用顺畅度与摩擦，不可直接翻译为某种五行、十神或对象类型必然适合。,真合化成立时按化神功能重算节奏需要；合化争议时停止细化节奏画像。,近位提高该节奏议题进入关系核心的可能；远位只保留背景或阶段性观察。,94,风险 +14／停止候选,rhythm_risk_warning,定期复盘与节奏重订的高风险信号包括：旧节奏失效后仍照旧，或只有出现危机才讨论。,需要警惕：旧节奏失效后仍照旧，或只有出现危机才讨论。,不得仅凭本规则推出具体日期、交往时长、多久结婚、联系次数、见面频率或关系结果；不得把快等同冲动、慢等同冷淡、高频等同亲密、低频等同不爱。现实安全、双方同意、持续行为、生活条件、反例与协商优先。,高,待验证,,rhythm_observation=HO10; provisional=true; rule_group=RHYTHM-HO维度; M3_STATE_pending=true,0.7
M5-RHYTHM-178,HO10 定期复盘与节奏重订｜调整与重订标准,L2 节奏观察维度,RHYTHM-HO维度,通用,调整,HO10,定期复盘与节奏重订,节奏出现变化、错配或转折后需要重新协商。,只有口头承诺、临时配合或一次恢复。,由共享基础引擎、M2-TEMPO与M3功能模块提供；只修正用户能够承载怎样的推进、联系、共同时间、负荷与恢复节奏，不直接判断现实关系一定同步。,M2说明进入关系前的确认节奏；M5-RHYTHM只处理关系进入认真阶段以后，双方怎样持续协调推进与生活节奏。,M3-BASE、EXPR、CARE、BOUND、CONFLICT提供日常相处和状态通道；M5-RHYTHM负责把双方时间、负荷、联系、空间与恢复合成为长期节奏结构。,无／按本规则指定的提议—观察—同意—执行—反馈—调整—恢复路径路由。,近位、远位只修正某项节奏需求进入亲密关系核心的可能；不得据此判断具体对象现实中一定快、慢、黏、疏或稳定。,根气只修正节奏需求是否稳定重复，不等于双方现实节奏已成熟协调。,旺弱只修正某项推进、联系、共享、变化或恢复通道的调用强度，不直接等于适配质量。,喜忌只修正节奏调用顺畅度与摩擦，不可直接翻译为某种五行、十神或对象类型必然适合。,真合化成立时按化神功能重算节奏需要；合化争议时停止细化节奏画像。,近位提高该节奏议题进入关系核心的可能；远位只保留背景或阶段性观察。,88,+10 调整证据,rhythm_renegotiation,定期复盘与节奏重订要稳定，需要将变化转成新的可执行安排。,调整重点：长期关系需要定期重订节奏。,不得仅凭本规则推出具体日期、交往时长、多久结婚、联系次数、见面频率或关系结果；不得把快等同冲动、慢等同冷淡、高频等同亲密、低频等同不爱。现实安全、双方同意、持续行为、生活条件、反例与协商优先。,中高,待验证,,rhythm_observation=HO10; provisional=true; rule_group=RHYTHM-HO维度; M3_STATE_pending=true,0.7
M5-RHYTHM-179,HO10 定期复盘与节奏重订｜工程评分与去重,L2 节奏观察维度,RHYTHM-HO维度,通用,评分,HO10,定期复盘与节奏重订,该维度与主HC、HM、HD或HP任务一致，来源独立。,只是同一事件的重复解释。,由共享基础引擎、M2-TEMPO与M3功能模块提供；只修正用户能够承载怎样的推进、联系、共同时间、负荷与恢复节奏，不直接判断现实关系一定同步。,M2说明进入关系前的确认节奏；M5-RHYTHM只处理关系进入认真阶段以后，双方怎样持续协调推进与生活节奏。,M3-BASE、EXPR、CARE、BOUND、CONFLICT提供日常相处和状态通道；M5-RHYTHM负责把双方时间、负荷、联系、空间与恢复合成为长期节奏结构。,无／按本规则指定的提议—观察—同意—执行—反馈—调整—恢复路径路由。,近位、远位只修正某项节奏需求进入亲密关系核心的可能；不得据此判断具体对象现实中一定快、慢、黏、疏或稳定。,根气只修正节奏需求是否稳定重复，不等于双方现实节奏已成熟协调。,旺弱只修正某项推进、联系、共享、变化或恢复通道的调用强度，不直接等于适配质量。,喜忌只修正节奏调用顺畅度与摩擦，不可直接翻译为某种五行、十神或对象类型必然适合。,真合化成立时按化神功能重算节奏需要；合化争议时停止细化节奏画像。,近位提高该节奏议题进入关系核心的可能；远位只保留背景或阶段性观察。,72,+4至+14；按HV层级,confidence,HO10只作为节奏证据，不重复计算命盘基础权重。,长期关系需要定期重订节奏。,不得仅凭本规则推出具体日期、交往时长、多久结婚、联系次数、见面频率或关系结果；不得把快等同冲动、慢等同冷淡、高频等同亲密、低频等同不爱。现实安全、双方同意、持续行为、生活条件、反例与协商优先。,中,待验证,,rhythm_observation=HO10; provisional=true; rule_group=RHYTHM-HO维度; M3_STATE_pending=true,0.7
M5-RHYTHM-180,HO10 定期复盘与节奏重订｜标准用户语言,L2 节奏观察维度,RHYTHM-HO维度,通用,输出,HO10,定期复盘与节奏重订,完成该维度裁决。,结论仍未定或安全门控未处理。,由共享基础引擎、M2-TEMPO与M3功能模块提供；只修正用户能够承载怎样的推进、联系、共同时间、负荷与恢复节奏，不直接判断现实关系一定同步。,M2说明进入关系前的确认节奏；M5-RHYTHM只处理关系进入认真阶段以后，双方怎样持续协调推进与生活节奏。,M3-BASE、EXPR、CARE、BOUND、CONFLICT提供日常相处和状态通道；M5-RHYTHM负责把双方时间、负荷、联系、空间与恢复合成为长期节奏结构。,无／按本规则指定的提议—观察—同意—执行—反馈—调整—恢复路径路由。,近位、远位只修正某项节奏需求进入亲密关系核心的可能；不得据此判断具体对象现实中一定快、慢、黏、疏或稳定。,根气只修正节奏需求是否稳定重复，不等于双方现实节奏已成熟协调。,旺弱只修正某项推进、联系、共享、变化或恢复通道的调用强度，不直接等于适配质量。,喜忌只修正节奏调用顺畅度与摩擦，不可直接翻译为某种五行、十神或对象类型必然适合。,真合化成立时按化神功能重算节奏需要；合化争议时停止细化节奏画像。,近位提高该节奏议题进入关系核心的可能；远位只保留背景或阶段性观察。,70,不加分；输出,report_text,长期关系需要定期重订节奏。,节奏重点：长期关系需要定期重订节奏。,不得仅凭本规则推出具体日期、交往时长、多久结婚、联系次数、见面频率或关系结果；不得把快等同冲动、慢等同冷淡、高频等同亲密、低频等同不爱。现实安全、双方同意、持续行为、生活条件、反例与协商优先。,中高,待验证,,rhythm_observation=HO10; provisional=true; rule_group=RHYTHM-HO维度; M3_STATE_pending=true,0.7
M5-RHYTHM-181,HM01 快速启动—分段确认型｜正式定义,L3 关系节奏模式,RHYTHM-HM模式,通用,定义,HM01,快速启动—分段确认型,M5-BASE、M2-TEMPO、现实阶段或上游模块路由该模式。,PR0安全门控未通过。,由共享基础引擎、M2-TEMPO与M3功能模块提供；只修正用户能够承载怎样的推进、联系、共同时间、负荷与恢复节奏，不直接判断现实关系一定同步。,M2说明进入关系前的确认节奏；M5-RHYTHM只处理关系进入认真阶段以后，双方怎样持续协调推进与生活节奏。,M3-BASE、EXPR、CARE、BOUND、CONFLICT提供日常相处和状态通道；M5-RHYTHM负责把双方时间、负荷、联系、空间与恢复合成为长期节奏结构。,无／按本规则指定的提议—观察—同意—执行—反馈—调整—恢复路径路由。,近位、远位只修正某项节奏需求进入亲密关系核心的可能；不得据此判断具体对象现实中一定快、慢、黏、疏或稳定。,根气只修正节奏需求是否稳定重复，不等于双方现实节奏已成熟协调。,旺弱只修正某项推进、联系、共享、变化或恢复通道的调用强度，不直接等于适配质量。,喜忌只修正节奏调用顺畅度与摩擦，不可直接翻译为某种五行、十神或对象类型必然适合。,真合化成立时按化神功能重算节奏需要；合化争议时停止细化节奏画像。,近位提高该节奏议题进入关系核心的可能；远位只保留背景或阶段性观察。,90,HM候选 +8,rhythm_mode,关系可以较快启动，但每个重大阶段都分开确认、验证和承担。,关系节奏更接近快速启动—分段确认型。,不得仅凭本规则推出具体日期、交往时长、多久结婚、联系次数、见面频率或关系结果；不得把快等同冲动、慢等同冷淡、高频等同亲密、低频等同不爱。现实安全、双方同意、持续行为、生活条件、反例与协商优先。,中高,待验证,,rhythm_mode=HM01; provisional=true; rule_group=RHYTHM-HM模式; M3_STATE_pending=true,0.7
M5-RHYTHM-182,HM01 快速启动—分段确认型｜适用领域／阶段,L3 关系节奏模式,RHYTHM-HM模式,通用,场景,HM01,快速启动—分段确认型,存在对应HD领域或PH阶段。,把一种模式覆盖全部关系领域。,由共享基础引擎、M2-TEMPO与M3功能模块提供；只修正用户能够承载怎样的推进、联系、共同时间、负荷与恢复节奏，不直接判断现实关系一定同步。,M2说明进入关系前的确认节奏；M5-RHYTHM只处理关系进入认真阶段以后，双方怎样持续协调推进与生活节奏。,M3-BASE、EXPR、CARE、BOUND、CONFLICT提供日常相处和状态通道；M5-RHYTHM负责把双方时间、负荷、联系、空间与恢复合成为长期节奏结构。,无／按本规则指定的提议—观察—同意—执行—反馈—调整—恢复路径路由。,近位、远位只修正某项节奏需求进入亲密关系核心的可能；不得据此判断具体对象现实中一定快、慢、黏、疏或稳定。,根气只修正节奏需求是否稳定重复，不等于双方现实节奏已成熟协调。,旺弱只修正某项推进、联系、共享、变化或恢复通道的调用强度，不直接等于适配质量。,喜忌只修正节奏调用顺畅度与摩擦，不可直接翻译为某种五行、十神或对象类型必然适合。,真合化成立时按化神功能重算节奏需要；合化争议时停止细化节奏画像。,近位提高该节奏议题进入关系核心的可能；远位只保留背景或阶段性观察。,78,+6 场景路由,rhythm_domains,适合双方行动力强、现实条件较清楚的关系。,这种模式更适合：适合双方行动力强、现实条件较清楚的关系。,不得仅凭本规则推出具体日期、交往时长、多久结婚、联系次数、见面频率或关系结果；不得把快等同冲动、慢等同冷淡、高频等同亲密、低频等同不爱。现实安全、双方同意、持续行为、生活条件、反例与协商优先。,中,待验证,,rhythm_mode=HM01; provisional=true; rule_group=RHYTHM-HM模式; M3_STATE_pending=true,0.7
M5-RHYTHM-183,HM01 快速启动—分段确认型｜成立条件,L3 关系节奏模式,RHYTHM-HM模式,通用,门控,HM01,快速启动—分段确认型,快速开始不等于快速承诺；阶段之间有反馈和退出权。,只有人格标签、命盘风格或一方愿望。,由共享基础引擎、M2-TEMPO与M3功能模块提供；只修正用户能够承载怎样的推进、联系、共同时间、负荷与恢复节奏，不直接判断现实关系一定同步。,M2说明进入关系前的确认节奏；M5-RHYTHM只处理关系进入认真阶段以后，双方怎样持续协调推进与生活节奏。,M3-BASE、EXPR、CARE、BOUND、CONFLICT提供日常相处和状态通道；M5-RHYTHM负责把双方时间、负荷、联系、空间与恢复合成为长期节奏结构。,无／按本规则指定的提议—观察—同意—执行—反馈—调整—恢复路径路由。,近位、远位只修正某项节奏需求进入亲密关系核心的可能；不得据此判断具体对象现实中一定快、慢、黏、疏或稳定。,根气只修正节奏需求是否稳定重复，不等于双方现实节奏已成熟协调。,旺弱只修正某项推进、联系、共享、变化或恢复通道的调用强度，不直接等于适配质量。,喜忌只修正节奏调用顺畅度与摩擦，不可直接翻译为某种五行、十神或对象类型必然适合。,真合化成立时按化神功能重算节奏需要；合化争议时停止细化节奏画像。,近位提高该节奏议题进入关系核心的可能；远位只保留背景或阶段性观察。,90,+10 模式成立,rhythm_mode,快速启动—分段确认型必须满足：快速开始不等于快速承诺；阶段之间有反馈和退出权。,要形成快速启动—分段确认型，需要：快速开始不等于快速承诺；阶段之间有反馈和退出权。,不得仅凭本规则推出具体日期、交往时长、多久结婚、联系次数、见面频率或关系结果；不得把快等同冲动、慢等同冷淡、高频等同亲密、低频等同不爱。现实安全、双方同意、持续行为、生活条件、反例与协商优先。,中高,待验证,,rhythm_mode=HM01; provisional=true; rule_group=RHYTHM-HM模式; M3_STATE_pending=true,0.7
M5-RHYTHM-184,HM01 快速启动—分段确认型｜伪适配与停止,L3 关系节奏模式,RHYTHM-HM模式,通用,风险,HM01,快速启动—分段确认型,出现长期节奏失衡、控制、无限等待或负荷透支。,HV5—HV7现实证据能够排除。,由共享基础引擎、M2-TEMPO与M3功能模块提供；只修正用户能够承载怎样的推进、联系、共同时间、负荷与恢复节奏，不直接判断现实关系一定同步。,M2说明进入关系前的确认节奏；M5-RHYTHM只处理关系进入认真阶段以后，双方怎样持续协调推进与生活节奏。,M3-BASE、EXPR、CARE、BOUND、CONFLICT提供日常相处和状态通道；M5-RHYTHM负责把双方时间、负荷、联系、空间与恢复合成为长期节奏结构。,无／按本规则指定的提议—观察—同意—执行—反馈—调整—恢复路径路由。,近位、远位只修正某项节奏需求进入亲密关系核心的可能；不得据此判断具体对象现实中一定快、慢、黏、疏或稳定。,根气只修正节奏需求是否稳定重复，不等于双方现实节奏已成熟协调。,旺弱只修正某项推进、联系、共享、变化或恢复通道的调用强度，不直接等于适配质量。,喜忌只修正节奏调用顺畅度与摩擦，不可直接翻译为某种五行、十神或对象类型必然适合。,真合化成立时按化神功能重算节奏需要；合化争议时停止细化节奏画像。,近位提高该节奏议题进入关系核心的可能；远位只保留背景或阶段性观察。,94,风险 +12,pseudo_rhythm_warning,把启动速度直接等同长期适配或必须继续加速。,需要避免：把启动速度直接等同长期适配或必须继续加速。,不得仅凭本规则推出具体日期、交往时长、多久结婚、联系次数、见面频率或关系结果；不得把快等同冲动、慢等同冷淡、高频等同亲密、低频等同不爱。现实安全、双方同意、持续行为、生活条件、反例与协商优先。,高,待验证,,rhythm_mode=HM01; provisional=true; rule_group=RHYTHM-HM模式; M3_STATE_pending=true,0.7
M5-RHYTHM-185,HM01 快速启动—分段确认型｜现实验证与输出,L3 关系节奏模式,RHYTHM-HM模式,通用,证据,HM01,快速启动—分段确认型,HV3以上。,只有命盘、自述或单次事件。,由共享基础引擎、M2-TEMPO与M3功能模块提供；只修正用户能够承载怎样的推进、联系、共同时间、负荷与恢复节奏，不直接判断现实关系一定同步。,M2说明进入关系前的确认节奏；M5-RHYTHM只处理关系进入认真阶段以后，双方怎样持续协调推进与生活节奏。,M3-BASE、EXPR、CARE、BOUND、CONFLICT提供日常相处和状态通道；M5-RHYTHM负责把双方时间、负荷、联系、空间与恢复合成为长期节奏结构。,无／按本规则指定的提议—观察—同意—执行—反馈—调整—恢复路径路由。,近位、远位只修正某项节奏需求进入亲密关系核心的可能；不得据此判断具体对象现实中一定快、慢、黏、疏或稳定。,根气只修正节奏需求是否稳定重复，不等于双方现实节奏已成熟协调。,旺弱只修正某项推进、联系、共享、变化或恢复通道的调用强度，不直接等于适配质量。,喜忌只修正节奏调用顺畅度与摩擦，不可直接翻译为某种五行、十神或对象类型必然适合。,真合化成立时按化神功能重算节奏需要；合化争议时停止细化节奏画像。,近位提高该节奏议题进入关系核心的可能；远位只保留背景或阶段性观察。,78,不加分；现实核验,observation_plan,HM模式必须由双方同意、执行、反馈、负荷和恢复共同验证。,要看这套节奏在现实变化后还能否继续运行。,不得仅凭本规则推出具体日期、交往时长、多久结婚、联系次数、见面频率或关系结果；不得把快等同冲动、慢等同冷淡、高频等同亲密、低频等同不爱。现实安全、双方同意、持续行为、生活条件、反例与协商优先。,中,待验证,,rhythm_mode=HM01; provisional=true; rule_group=RHYTHM-HM模式; M3_STATE_pending=true,0.7
M5-RHYTHM-186,HM02 观察后推进型｜正式定义,L3 关系节奏模式,RHYTHM-HM模式,通用,定义,HM02,观察后推进型,M5-BASE、M2-TEMPO、现实阶段或上游模块路由该模式。,PR0安全门控未通过。,由共享基础引擎、M2-TEMPO与M3功能模块提供；只修正用户能够承载怎样的推进、联系、共同时间、负荷与恢复节奏，不直接判断现实关系一定同步。,M2说明进入关系前的确认节奏；M5-RHYTHM只处理关系进入认真阶段以后，双方怎样持续协调推进与生活节奏。,M3-BASE、EXPR、CARE、BOUND、CONFLICT提供日常相处和状态通道；M5-RHYTHM负责把双方时间、负荷、联系、空间与恢复合成为长期节奏结构。,无／按本规则指定的提议—观察—同意—执行—反馈—调整—恢复路径路由。,近位、远位只修正某项节奏需求进入亲密关系核心的可能；不得据此判断具体对象现实中一定快、慢、黏、疏或稳定。,根气只修正节奏需求是否稳定重复，不等于双方现实节奏已成熟协调。,旺弱只修正某项推进、联系、共享、变化或恢复通道的调用强度，不直接等于适配质量。,喜忌只修正节奏调用顺畅度与摩擦，不可直接翻译为某种五行、十神或对象类型必然适合。,真合化成立时按化神功能重算节奏需要；合化争议时停止细化节奏画像。,近位提高该节奏议题进入关系核心的可能；远位只保留背景或阶段性观察。,90,HM候选 +8,rhythm_mode,先建立稳定互动和重复证据，再进入下一阶段。,关系节奏更接近观察后推进型。,不得仅凭本规则推出具体日期、交往时长、多久结婚、联系次数、见面频率或关系结果；不得把快等同冲动、慢等同冷淡、高频等同亲密、低频等同不爱。现实安全、双方同意、持续行为、生活条件、反例与协商优先。,中高,待验证,,rhythm_mode=HM02; provisional=true; rule_group=RHYTHM-HM模式; M3_STATE_pending=true,0.7
M5-RHYTHM-187,HM02 观察后推进型｜适用领域／阶段,L3 关系节奏模式,RHYTHM-HM模式,通用,场景,HM02,观察后推进型,存在对应HD领域或PH阶段。,把一种模式覆盖全部关系领域。,由共享基础引擎、M2-TEMPO与M3功能模块提供；只修正用户能够承载怎样的推进、联系、共同时间、负荷与恢复节奏，不直接判断现实关系一定同步。,M2说明进入关系前的确认节奏；M5-RHYTHM只处理关系进入认真阶段以后，双方怎样持续协调推进与生活节奏。,M3-BASE、EXPR、CARE、BOUND、CONFLICT提供日常相处和状态通道；M5-RHYTHM负责把双方时间、负荷、联系、空间与恢复合成为长期节奏结构。,无／按本规则指定的提议—观察—同意—执行—反馈—调整—恢复路径路由。,近位、远位只修正某项节奏需求进入亲密关系核心的可能；不得据此判断具体对象现实中一定快、慢、黏、疏或稳定。,根气只修正节奏需求是否稳定重复，不等于双方现实节奏已成熟协调。,旺弱只修正某项推进、联系、共享、变化或恢复通道的调用强度，不直接等于适配质量。,喜忌只修正节奏调用顺畅度与摩擦，不可直接翻译为某种五行、十神或对象类型必然适合。,真合化成立时按化神功能重算节奏需要；合化争议时停止细化节奏画像。,近位提高该节奏议题进入关系核心的可能；远位只保留背景或阶段性观察。,78,+6 场景路由,rhythm_domains,适合需要验证持续性、压力表现和现实安排的关系。,这种模式更适合：适合需要验证持续性、压力表现和现实安排的关系。,不得仅凭本规则推出具体日期、交往时长、多久结婚、联系次数、见面频率或关系结果；不得把快等同冲动、慢等同冷淡、高频等同亲密、低频等同不爱。现实安全、双方同意、持续行为、生活条件、反例与协商优先。,中,待验证,,rhythm_mode=HM02; provisional=true; rule_group=RHYTHM-HM模式; M3_STATE_pending=true,0.7
M5-RHYTHM-188,HM02 观察后推进型｜成立条件,L3 关系节奏模式,RHYTHM-HM模式,通用,门控,HM02,观察后推进型,观察目标和时限清楚，不用无限试探。,只有人格标签、命盘风格或一方愿望。,由共享基础引擎、M2-TEMPO与M3功能模块提供；只修正用户能够承载怎样的推进、联系、共同时间、负荷与恢复节奏，不直接判断现实关系一定同步。,M2说明进入关系前的确认节奏；M5-RHYTHM只处理关系进入认真阶段以后，双方怎样持续协调推进与生活节奏。,M3-BASE、EXPR、CARE、BOUND、CONFLICT提供日常相处和状态通道；M5-RHYTHM负责把双方时间、负荷、联系、空间与恢复合成为长期节奏结构。,无／按本规则指定的提议—观察—同意—执行—反馈—调整—恢复路径路由。,近位、远位只修正某项节奏需求进入亲密关系核心的可能；不得据此判断具体对象现实中一定快、慢、黏、疏或稳定。,根气只修正节奏需求是否稳定重复，不等于双方现实节奏已成熟协调。,旺弱只修正某项推进、联系、共享、变化或恢复通道的调用强度，不直接等于适配质量。,喜忌只修正节奏调用顺畅度与摩擦，不可直接翻译为某种五行、十神或对象类型必然适合。,真合化成立时按化神功能重算节奏需要；合化争议时停止细化节奏画像。,近位提高该节奏议题进入关系核心的可能；远位只保留背景或阶段性观察。,90,+10 模式成立,rhythm_mode,观察后推进型必须满足：观察目标和时限清楚，不用无限试探。,要形成观察后推进型，需要：观察目标和时限清楚，不用无限试探。,不得仅凭本规则推出具体日期、交往时长、多久结婚、联系次数、见面频率或关系结果；不得把快等同冲动、慢等同冷淡、高频等同亲密、低频等同不爱。现实安全、双方同意、持续行为、生活条件、反例与协商优先。,中高,待验证,,rhythm_mode=HM02; provisional=true; rule_group=RHYTHM-HM模式; M3_STATE_pending=true,0.7
M5-RHYTHM-189,HM02 观察后推进型｜伪适配与停止,L3 关系节奏模式,RHYTHM-HM模式,通用,风险,HM02,观察后推进型,出现长期节奏失衡、控制、无限等待或负荷透支。,HV5—HV7现实证据能够排除。,由共享基础引擎、M2-TEMPO与M3功能模块提供；只修正用户能够承载怎样的推进、联系、共同时间、负荷与恢复节奏，不直接判断现实关系一定同步。,M2说明进入关系前的确认节奏；M5-RHYTHM只处理关系进入认真阶段以后，双方怎样持续协调推进与生活节奏。,M3-BASE、EXPR、CARE、BOUND、CONFLICT提供日常相处和状态通道；M5-RHYTHM负责把双方时间、负荷、联系、空间与恢复合成为长期节奏结构。,无／按本规则指定的提议—观察—同意—执行—反馈—调整—恢复路径路由。,近位、远位只修正某项节奏需求进入亲密关系核心的可能；不得据此判断具体对象现实中一定快、慢、黏、疏或稳定。,根气只修正节奏需求是否稳定重复，不等于双方现实节奏已成熟协调。,旺弱只修正某项推进、联系、共享、变化或恢复通道的调用强度，不直接等于适配质量。,喜忌只修正节奏调用顺畅度与摩擦，不可直接翻译为某种五行、十神或对象类型必然适合。,真合化成立时按化神功能重算节奏需要；合化争议时停止细化节奏画像。,近位提高该节奏议题进入关系核心的可能；远位只保留背景或阶段性观察。,94,风险 +12,pseudo_rhythm_warning,长期观察没有判断标准，关系一直悬置。,需要避免：长期观察没有判断标准，关系一直悬置。,不得仅凭本规则推出具体日期、交往时长、多久结婚、联系次数、见面频率或关系结果；不得把快等同冲动、慢等同冷淡、高频等同亲密、低频等同不爱。现实安全、双方同意、持续行为、生活条件、反例与协商优先。,高,待验证,,rhythm_mode=HM02; provisional=true; rule_group=RHYTHM-HM模式; M3_STATE_pending=true,0.7
M5-RHYTHM-190,HM02 观察后推进型｜现实验证与输出,L3 关系节奏模式,RHYTHM-HM模式,通用,证据,HM02,观察后推进型,HV3以上。,只有命盘、自述或单次事件。,由共享基础引擎、M2-TEMPO与M3功能模块提供；只修正用户能够承载怎样的推进、联系、共同时间、负荷与恢复节奏，不直接判断现实关系一定同步。,M2说明进入关系前的确认节奏；M5-RHYTHM只处理关系进入认真阶段以后，双方怎样持续协调推进与生活节奏。,M3-BASE、EXPR、CARE、BOUND、CONFLICT提供日常相处和状态通道；M5-RHYTHM负责把双方时间、负荷、联系、空间与恢复合成为长期节奏结构。,无／按本规则指定的提议—观察—同意—执行—反馈—调整—恢复路径路由。,近位、远位只修正某项节奏需求进入亲密关系核心的可能；不得据此判断具体对象现实中一定快、慢、黏、疏或稳定。,根气只修正节奏需求是否稳定重复，不等于双方现实节奏已成熟协调。,旺弱只修正某项推进、联系、共享、变化或恢复通道的调用强度，不直接等于适配质量。,喜忌只修正节奏调用顺畅度与摩擦，不可直接翻译为某种五行、十神或对象类型必然适合。,真合化成立时按化神功能重算节奏需要；合化争议时停止细化节奏画像。,近位提高该节奏议题进入关系核心的可能；远位只保留背景或阶段性观察。,78,不加分；现实核验,observation_plan,HM模式必须由双方同意、执行、反馈、负荷和恢复共同验证。,要看这套节奏在现实变化后还能否继续运行。,不得仅凭本规则推出具体日期、交往时长、多久结婚、联系次数、见面频率或关系结果；不得把快等同冲动、慢等同冷淡、高频等同亲密、低频等同不爱。现实安全、双方同意、持续行为、生活条件、反例与协商优先。,中,待验证,,rhythm_mode=HM02; provisional=true; rule_group=RHYTHM-HM模式; M3_STATE_pending=true,0.7
M5-RHYTHM-191,HM03 慢热积累型｜正式定义,L3 关系节奏模式,RHYTHM-HM模式,通用,定义,HM03,慢热积累型,M5-BASE、M2-TEMPO、现实阶段或上游模块路由该模式。,PR0安全门控未通过。,由共享基础引擎、M2-TEMPO与M3功能模块提供；只修正用户能够承载怎样的推进、联系、共同时间、负荷与恢复节奏，不直接判断现实关系一定同步。,M2说明进入关系前的确认节奏；M5-RHYTHM只处理关系进入认真阶段以后，双方怎样持续协调推进与生活节奏。,M3-BASE、EXPR、CARE、BOUND、CONFLICT提供日常相处和状态通道；M5-RHYTHM负责把双方时间、负荷、联系、空间与恢复合成为长期节奏结构。,无／按本规则指定的提议—观察—同意—执行—反馈—调整—恢复路径路由。,近位、远位只修正某项节奏需求进入亲密关系核心的可能；不得据此判断具体对象现实中一定快、慢、黏、疏或稳定。,根气只修正节奏需求是否稳定重复，不等于双方现实节奏已成熟协调。,旺弱只修正某项推进、联系、共享、变化或恢复通道的调用强度，不直接等于适配质量。,喜忌只修正节奏调用顺畅度与摩擦，不可直接翻译为某种五行、十神或对象类型必然适合。,真合化成立时按化神功能重算节奏需要；合化争议时停止细化节奏画像。,近位提高该节奏议题进入关系核心的可能；远位只保留背景或阶段性观察。,90,HM候选 +8,rhythm_mode,通过熟悉、信任和稳定回应逐渐增加连接和承诺。,关系节奏更接近慢热积累型。,不得仅凭本规则推出具体日期、交往时长、多久结婚、联系次数、见面频率或关系结果；不得把快等同冲动、慢等同冷淡、高频等同亲密、低频等同不爱。现实安全、双方同意、持续行为、生活条件、反例与协商优先。,中高,待验证,,rhythm_mode=HM03; provisional=true; rule_group=RHYTHM-HM模式; M3_STATE_pending=true,0.7
M5-RHYTHM-192,HM03 慢热积累型｜适用领域／阶段,L3 关系节奏模式,RHYTHM-HM模式,通用,场景,HM03,慢热积累型,存在对应HD领域或PH阶段。,把一种模式覆盖全部关系领域。,由共享基础引擎、M2-TEMPO与M3功能模块提供；只修正用户能够承载怎样的推进、联系、共同时间、负荷与恢复节奏，不直接判断现实关系一定同步。,M2说明进入关系前的确认节奏；M5-RHYTHM只处理关系进入认真阶段以后，双方怎样持续协调推进与生活节奏。,M3-BASE、EXPR、CARE、BOUND、CONFLICT提供日常相处和状态通道；M5-RHYTHM负责把双方时间、负荷、联系、空间与恢复合成为长期节奏结构。,无／按本规则指定的提议—观察—同意—执行—反馈—调整—恢复路径路由。,近位、远位只修正某项节奏需求进入亲密关系核心的可能；不得据此判断具体对象现实中一定快、慢、黏、疏或稳定。,根气只修正节奏需求是否稳定重复，不等于双方现实节奏已成熟协调。,旺弱只修正某项推进、联系、共享、变化或恢复通道的调用强度，不直接等于适配质量。,喜忌只修正节奏调用顺畅度与摩擦，不可直接翻译为某种五行、十神或对象类型必然适合。,真合化成立时按化神功能重算节奏需要；合化争议时停止细化节奏画像。,近位提高该节奏议题进入关系核心的可能；远位只保留背景或阶段性观察。,78,+6 场景路由,rhythm_domains,适合内隐需求、低频连接或安全恢复要求高的关系。,这种模式更适合：适合内隐需求、低频连接或安全恢复要求高的关系。,不得仅凭本规则推出具体日期、交往时长、多久结婚、联系次数、见面频率或关系结果；不得把快等同冲动、慢等同冷淡、高频等同亲密、低频等同不爱。现实安全、双方同意、持续行为、生活条件、反例与协商优先。,中,待验证,,rhythm_mode=HM03; provisional=true; rule_group=RHYTHM-HM模式; M3_STATE_pending=true,0.7
M5-RHYTHM-193,HM03 慢热积累型｜成立条件,L3 关系节奏模式,RHYTHM-HM模式,通用,门控,HM03,慢热积累型,慢热过程中仍有持续、透明和方向。,只有人格标签、命盘风格或一方愿望。,由共享基础引擎、M2-TEMPO与M3功能模块提供；只修正用户能够承载怎样的推进、联系、共同时间、负荷与恢复节奏，不直接判断现实关系一定同步。,M2说明进入关系前的确认节奏；M5-RHYTHM只处理关系进入认真阶段以后，双方怎样持续协调推进与生活节奏。,M3-BASE、EXPR、CARE、BOUND、CONFLICT提供日常相处和状态通道；M5-RHYTHM负责把双方时间、负荷、联系、空间与恢复合成为长期节奏结构。,无／按本规则指定的提议—观察—同意—执行—反馈—调整—恢复路径路由。,近位、远位只修正某项节奏需求进入亲密关系核心的可能；不得据此判断具体对象现实中一定快、慢、黏、疏或稳定。,根气只修正节奏需求是否稳定重复，不等于双方现实节奏已成熟协调。,旺弱只修正某项推进、联系、共享、变化或恢复通道的调用强度，不直接等于适配质量。,喜忌只修正节奏调用顺畅度与摩擦，不可直接翻译为某种五行、十神或对象类型必然适合。,真合化成立时按化神功能重算节奏需要；合化争议时停止细化节奏画像。,近位提高该节奏议题进入关系核心的可能；远位只保留背景或阶段性观察。,90,+10 模式成立,rhythm_mode,慢热积累型必须满足：慢热过程中仍有持续、透明和方向。,要形成慢热积累型，需要：慢热过程中仍有持续、透明和方向。,不得仅凭本规则推出具体日期、交往时长、多久结婚、联系次数、见面频率或关系结果；不得把快等同冲动、慢等同冷淡、高频等同亲密、低频等同不爱。现实安全、双方同意、持续行为、生活条件、反例与协商优先。,中高,待验证,,rhythm_mode=HM03; provisional=true; rule_group=RHYTHM-HM模式; M3_STATE_pending=true,0.7
M5-RHYTHM-194,HM03 慢热积累型｜伪适配与停止,L3 关系节奏模式,RHYTHM-HM模式,通用,风险,HM03,慢热积累型,出现长期节奏失衡、控制、无限等待或负荷透支。,HV5—HV7现实证据能够排除。,由共享基础引擎、M2-TEMPO与M3功能模块提供；只修正用户能够承载怎样的推进、联系、共同时间、负荷与恢复节奏，不直接判断现实关系一定同步。,M2说明进入关系前的确认节奏；M5-RHYTHM只处理关系进入认真阶段以后，双方怎样持续协调推进与生活节奏。,M3-BASE、EXPR、CARE、BOUND、CONFLICT提供日常相处和状态通道；M5-RHYTHM负责把双方时间、负荷、联系、空间与恢复合成为长期节奏结构。,无／按本规则指定的提议—观察—同意—执行—反馈—调整—恢复路径路由。,近位、远位只修正某项节奏需求进入亲密关系核心的可能；不得据此判断具体对象现实中一定快、慢、黏、疏或稳定。,根气只修正节奏需求是否稳定重复，不等于双方现实节奏已成熟协调。,旺弱只修正某项推进、联系、共享、变化或恢复通道的调用强度，不直接等于适配质量。,喜忌只修正节奏调用顺畅度与摩擦，不可直接翻译为某种五行、十神或对象类型必然适合。,真合化成立时按化神功能重算节奏需要；合化争议时停止细化节奏画像。,近位提高该节奏议题进入关系核心的可能；远位只保留背景或阶段性观察。,94,风险 +12,pseudo_rhythm_warning,用慢热掩盖不回应、不承诺或不承担。,需要避免：用慢热掩盖不回应、不承诺或不承担。,不得仅凭本规则推出具体日期、交往时长、多久结婚、联系次数、见面频率或关系结果；不得把快等同冲动、慢等同冷淡、高频等同亲密、低频等同不爱。现实安全、双方同意、持续行为、生活条件、反例与协商优先。,高,待验证,,rhythm_mode=HM03; provisional=true; rule_group=RHYTHM-HM模式; M3_STATE_pending=true,0.7
M5-RHYTHM-195,HM03 慢热积累型｜现实验证与输出,L3 关系节奏模式,RHYTHM-HM模式,通用,证据,HM03,慢热积累型,HV3以上。,只有命盘、自述或单次事件。,由共享基础引擎、M2-TEMPO与M3功能模块提供；只修正用户能够承载怎样的推进、联系、共同时间、负荷与恢复节奏，不直接判断现实关系一定同步。,M2说明进入关系前的确认节奏；M5-RHYTHM只处理关系进入认真阶段以后，双方怎样持续协调推进与生活节奏。,M3-BASE、EXPR、CARE、BOUND、CONFLICT提供日常相处和状态通道；M5-RHYTHM负责把双方时间、负荷、联系、空间与恢复合成为长期节奏结构。,无／按本规则指定的提议—观察—同意—执行—反馈—调整—恢复路径路由。,近位、远位只修正某项节奏需求进入亲密关系核心的可能；不得据此判断具体对象现实中一定快、慢、黏、疏或稳定。,根气只修正节奏需求是否稳定重复，不等于双方现实节奏已成熟协调。,旺弱只修正某项推进、联系、共享、变化或恢复通道的调用强度，不直接等于适配质量。,喜忌只修正节奏调用顺畅度与摩擦，不可直接翻译为某种五行、十神或对象类型必然适合。,真合化成立时按化神功能重算节奏需要；合化争议时停止细化节奏画像。,近位提高该节奏议题进入关系核心的可能；远位只保留背景或阶段性观察。,78,不加分；现实核验,observation_plan,HM模式必须由双方同意、执行、反馈、负荷和恢复共同验证。,要看这套节奏在现实变化后还能否继续运行。,不得仅凭本规则推出具体日期、交往时长、多久结婚、联系次数、见面频率或关系结果；不得把快等同冲动、慢等同冷淡、高频等同亲密、低频等同不爱。现实安全、双方同意、持续行为、生活条件、反例与协商优先。,中,待验证,,rhythm_mode=HM03; provisional=true; rule_group=RHYTHM-HM模式; M3_STATE_pending=true,0.7
M5-RHYTHM-196,HM04 稳定日常型｜正式定义,L3 关系节奏模式,RHYTHM-HM模式,通用,定义,HM04,稳定日常型,M5-BASE、M2-TEMPO、现实阶段或上游模块路由该模式。,PR0安全门控未通过。,由共享基础引擎、M2-TEMPO与M3功能模块提供；只修正用户能够承载怎样的推进、联系、共同时间、负荷与恢复节奏，不直接判断现实关系一定同步。,M2说明进入关系前的确认节奏；M5-RHYTHM只处理关系进入认真阶段以后，双方怎样持续协调推进与生活节奏。,M3-BASE、EXPR、CARE、BOUND、CONFLICT提供日常相处和状态通道；M5-RHYTHM负责把双方时间、负荷、联系、空间与恢复合成为长期节奏结构。,无／按本规则指定的提议—观察—同意—执行—反馈—调整—恢复路径路由。,近位、远位只修正某项节奏需求进入亲密关系核心的可能；不得据此判断具体对象现实中一定快、慢、黏、疏或稳定。,根气只修正节奏需求是否稳定重复，不等于双方现实节奏已成熟协调。,旺弱只修正某项推进、联系、共享、变化或恢复通道的调用强度，不直接等于适配质量。,喜忌只修正节奏调用顺畅度与摩擦，不可直接翻译为某种五行、十神或对象类型必然适合。,真合化成立时按化神功能重算节奏需要；合化争议时停止细化节奏画像。,近位提高该节奏议题进入关系核心的可能；远位只保留背景或阶段性观察。,90,HM候选 +8,rhythm_mode,以规律联系、共同时间、现实投入和可预测计划维持关系。,关系节奏更接近稳定日常型。,不得仅凭本规则推出具体日期、交往时长、多久结婚、联系次数、见面频率或关系结果；不得把快等同冲动、慢等同冷淡、高频等同亲密、低频等同不爱。现实安全、双方同意、持续行为、生活条件、反例与协商优先。,中高,待验证,,rhythm_mode=HM04; provisional=true; rule_group=RHYTHM-HM模式; M3_STATE_pending=true,0.7
M5-RHYTHM-197,HM04 稳定日常型｜适用领域／阶段,L3 关系节奏模式,RHYTHM-HM模式,通用,场景,HM04,稳定日常型,存在对应HD领域或PH阶段。,把一种模式覆盖全部关系领域。,由共享基础引擎、M2-TEMPO与M3功能模块提供；只修正用户能够承载怎样的推进、联系、共同时间、负荷与恢复节奏，不直接判断现实关系一定同步。,M2说明进入关系前的确认节奏；M5-RHYTHM只处理关系进入认真阶段以后，双方怎样持续协调推进与生活节奏。,M3-BASE、EXPR、CARE、BOUND、CONFLICT提供日常相处和状态通道；M5-RHYTHM负责把双方时间、负荷、联系、空间与恢复合成为长期节奏结构。,无／按本规则指定的提议—观察—同意—执行—反馈—调整—恢复路径路由。,近位、远位只修正某项节奏需求进入亲密关系核心的可能；不得据此判断具体对象现实中一定快、慢、黏、疏或稳定。,根气只修正节奏需求是否稳定重复，不等于双方现实节奏已成熟协调。,旺弱只修正某项推进、联系、共享、变化或恢复通道的调用强度，不直接等于适配质量。,喜忌只修正节奏调用顺畅度与摩擦，不可直接翻译为某种五行、十神或对象类型必然适合。,真合化成立时按化神功能重算节奏需要；合化争议时停止细化节奏画像。,近位提高该节奏议题进入关系核心的可能；远位只保留背景或阶段性观察。,78,+6 场景路由,rhythm_domains,适合重视生活经营、长期合作与稳定气候的关系。,这种模式更适合：适合重视生活经营、长期合作与稳定气候的关系。,不得仅凭本规则推出具体日期、交往时长、多久结婚、联系次数、见面频率或关系结果；不得把快等同冲动、慢等同冷淡、高频等同亲密、低频等同不爱。现实安全、双方同意、持续行为、生活条件、反例与协商优先。,中,待验证,,rhythm_mode=HM04; provisional=true; rule_group=RHYTHM-HM模式; M3_STATE_pending=true,0.7
M5-RHYTHM-198,HM04 稳定日常型｜成立条件,L3 关系节奏模式,RHYTHM-HM模式,通用,门控,HM04,稳定日常型,规律能调整，双方负荷可见。,只有人格标签、命盘风格或一方愿望。,由共享基础引擎、M2-TEMPO与M3功能模块提供；只修正用户能够承载怎样的推进、联系、共同时间、负荷与恢复节奏，不直接判断现实关系一定同步。,M2说明进入关系前的确认节奏；M5-RHYTHM只处理关系进入认真阶段以后，双方怎样持续协调推进与生活节奏。,M3-BASE、EXPR、CARE、BOUND、CONFLICT提供日常相处和状态通道；M5-RHYTHM负责把双方时间、负荷、联系、空间与恢复合成为长期节奏结构。,无／按本规则指定的提议—观察—同意—执行—反馈—调整—恢复路径路由。,近位、远位只修正某项节奏需求进入亲密关系核心的可能；不得据此判断具体对象现实中一定快、慢、黏、疏或稳定。,根气只修正节奏需求是否稳定重复，不等于双方现实节奏已成熟协调。,旺弱只修正某项推进、联系、共享、变化或恢复通道的调用强度，不直接等于适配质量。,喜忌只修正节奏调用顺畅度与摩擦，不可直接翻译为某种五行、十神或对象类型必然适合。,真合化成立时按化神功能重算节奏需要；合化争议时停止细化节奏画像。,近位提高该节奏议题进入关系核心的可能；远位只保留背景或阶段性观察。,90,+10 模式成立,rhythm_mode,稳定日常型必须满足：规律能调整，双方负荷可见。,要形成稳定日常型，需要：规律能调整，双方负荷可见。,不得仅凭本规则推出具体日期、交往时长、多久结婚、联系次数、见面频率或关系结果；不得把快等同冲动、慢等同冷淡、高频等同亲密、低频等同不爱。现实安全、双方同意、持续行为、生活条件、反例与协商优先。,中高,待验证,,rhythm_mode=HM04; provisional=true; rule_group=RHYTHM-HM模式; M3_STATE_pending=true,0.7
M5-RHYTHM-199,HM04 稳定日常型｜伪适配与停止,L3 关系节奏模式,RHYTHM-HM模式,通用,风险,HM04,稳定日常型,出现长期节奏失衡、控制、无限等待或负荷透支。,HV5—HV7现实证据能够排除。,由共享基础引擎、M2-TEMPO与M3功能模块提供；只修正用户能够承载怎样的推进、联系、共同时间、负荷与恢复节奏，不直接判断现实关系一定同步。,M2说明进入关系前的确认节奏；M5-RHYTHM只处理关系进入认真阶段以后，双方怎样持续协调推进与生活节奏。,M3-BASE、EXPR、CARE、BOUND、CONFLICT提供日常相处和状态通道；M5-RHYTHM负责把双方时间、负荷、联系、空间与恢复合成为长期节奏结构。,无／按本规则指定的提议—观察—同意—执行—反馈—调整—恢复路径路由。,近位、远位只修正某项节奏需求进入亲密关系核心的可能；不得据此判断具体对象现实中一定快、慢、黏、疏或稳定。,根气只修正节奏需求是否稳定重复，不等于双方现实节奏已成熟协调。,旺弱只修正某项推进、联系、共享、变化或恢复通道的调用强度，不直接等于适配质量。,喜忌只修正节奏调用顺畅度与摩擦，不可直接翻译为某种五行、十神或对象类型必然适合。,真合化成立时按化神功能重算节奏需要；合化争议时停止细化节奏画像。,近位提高该节奏议题进入关系核心的可能；远位只保留背景或阶段性观察。,94,风险 +12,pseudo_rhythm_warning,固定频率变成僵化义务，或只由一方维持。,需要避免：固定频率变成僵化义务，或只由一方维持。,不得仅凭本规则推出具体日期、交往时长、多久结婚、联系次数、见面频率或关系结果；不得把快等同冲动、慢等同冷淡、高频等同亲密、低频等同不爱。现实安全、双方同意、持续行为、生活条件、反例与协商优先。,高,待验证,,rhythm_mode=HM04; provisional=true; rule_group=RHYTHM-HM模式; M3_STATE_pending=true,0.7
M5-RHYTHM-200,HM04 稳定日常型｜现实验证与输出,L3 关系节奏模式,RHYTHM-HM模式,通用,证据,HM04,稳定日常型,HV3以上。,只有命盘、自述或单次事件。,由共享基础引擎、M2-TEMPO与M3功能模块提供；只修正用户能够承载怎样的推进、联系、共同时间、负荷与恢复节奏，不直接判断现实关系一定同步。,M2说明进入关系前的确认节奏；M5-RHYTHM只处理关系进入认真阶段以后，双方怎样持续协调推进与生活节奏。,M3-BASE、EXPR、CARE、BOUND、CONFLICT提供日常相处和状态通道；M5-RHYTHM负责把双方时间、负荷、联系、空间与恢复合成为长期节奏结构。,无／按本规则指定的提议—观察—同意—执行—反馈—调整—恢复路径路由。,近位、远位只修正某项节奏需求进入亲密关系核心的可能；不得据此判断具体对象现实中一定快、慢、黏、疏或稳定。,根气只修正节奏需求是否稳定重复，不等于双方现实节奏已成熟协调。,旺弱只修正某项推进、联系、共享、变化或恢复通道的调用强度，不直接等于适配质量。,喜忌只修正节奏调用顺畅度与摩擦，不可直接翻译为某种五行、十神或对象类型必然适合。,真合化成立时按化神功能重算节奏需要；合化争议时停止细化节奏画像。,近位提高该节奏议题进入关系核心的可能；远位只保留背景或阶段性观察。,78,不加分；现实核验,observation_plan,HM模式必须由双方同意、执行、反馈、负荷和恢复共同验证。,要看这套节奏在现实变化后还能否继续运行。,不得仅凭本规则推出具体日期、交往时长、多久结婚、联系次数、见面频率或关系结果；不得把快等同冲动、慢等同冷淡、高频等同亲密、低频等同不爱。现实安全、双方同意、持续行为、生活条件、反例与协商优先。,中,待验证,,rhythm_mode=HM04; provisional=true; rule_group=RHYTHM-HM模式; M3_STATE_pending=true,0.7
M5-RHYTHM-201,HM05 高频连接型｜正式定义,L3 关系节奏模式,RHYTHM-HM模式,通用,定义,HM05,高频连接型,M5-BASE、M2-TEMPO、现实阶段或上游模块路由该模式。,PR0安全门控未通过。,由共享基础引擎、M2-TEMPO与M3功能模块提供；只修正用户能够承载怎样的推进、联系、共同时间、负荷与恢复节奏，不直接判断现实关系一定同步。,M2说明进入关系前的确认节奏；M5-RHYTHM只处理关系进入认真阶段以后，双方怎样持续协调推进与生活节奏。,M3-BASE、EXPR、CARE、BOUND、CONFLICT提供日常相处和状态通道；M5-RHYTHM负责把双方时间、负荷、联系、空间与恢复合成为长期节奏结构。,无／按本规则指定的提议—观察—同意—执行—反馈—调整—恢复路径路由。,近位、远位只修正某项节奏需求进入亲密关系核心的可能；不得据此判断具体对象现实中一定快、慢、黏、疏或稳定。,根气只修正节奏需求是否稳定重复，不等于双方现实节奏已成熟协调。,旺弱只修正某项推进、联系、共享、变化或恢复通道的调用强度，不直接等于适配质量。,喜忌只修正节奏调用顺畅度与摩擦，不可直接翻译为某种五行、十神或对象类型必然适合。,真合化成立时按化神功能重算节奏需要；合化争议时停止细化节奏画像。,近位提高该节奏议题进入关系核心的可能；远位只保留背景或阶段性观察。,90,HM候选 +8,rhythm_mode,通过较多联系、见面和共享活动建立亲密。,关系节奏更接近高频连接型。,不得仅凭本规则推出具体日期、交往时长、多久结婚、联系次数、见面频率或关系结果；不得把快等同冲动、慢等同冷淡、高频等同亲密、低频等同不爱。现实安全、双方同意、持续行为、生活条件、反例与协商优先。,中高,待验证,,rhythm_mode=HM05; provisional=true; rule_group=RHYTHM-HM模式; M3_STATE_pending=true,0.7
M5-RHYTHM-202,HM05 高频连接型｜适用领域／阶段,L3 关系节奏模式,RHYTHM-HM模式,通用,场景,HM05,高频连接型,存在对应HD领域或PH阶段。,把一种模式覆盖全部关系领域。,由共享基础引擎、M2-TEMPO与M3功能模块提供；只修正用户能够承载怎样的推进、联系、共同时间、负荷与恢复节奏，不直接判断现实关系一定同步。,M2说明进入关系前的确认节奏；M5-RHYTHM只处理关系进入认真阶段以后，双方怎样持续协调推进与生活节奏。,M3-BASE、EXPR、CARE、BOUND、CONFLICT提供日常相处和状态通道；M5-RHYTHM负责把双方时间、负荷、联系、空间与恢复合成为长期节奏结构。,无／按本规则指定的提议—观察—同意—执行—反馈—调整—恢复路径路由。,近位、远位只修正某项节奏需求进入亲密关系核心的可能；不得据此判断具体对象现实中一定快、慢、黏、疏或稳定。,根气只修正节奏需求是否稳定重复，不等于双方现实节奏已成熟协调。,旺弱只修正某项推进、联系、共享、变化或恢复通道的调用强度，不直接等于适配质量。,喜忌只修正节奏调用顺畅度与摩擦，不可直接翻译为某种五行、十神或对象类型必然适合。,真合化成立时按化神功能重算节奏需要；合化争议时停止细化节奏画像。,近位提高该节奏议题进入关系核心的可能；远位只保留背景或阶段性观察。,78,+6 场景路由,rhythm_domains,适合双方都能承载高频且仍保留个人领域的关系。,这种模式更适合：适合双方都能承载高频且仍保留个人领域的关系。,不得仅凭本规则推出具体日期、交往时长、多久结婚、联系次数、见面频率或关系结果；不得把快等同冲动、慢等同冷淡、高频等同亲密、低频等同不爱。现实安全、双方同意、持续行为、生活条件、反例与协商优先。,中,待验证,,rhythm_mode=HM05; provisional=true; rule_group=RHYTHM-HM模式; M3_STATE_pending=true,0.7
M5-RHYTHM-203,HM05 高频连接型｜成立条件,L3 关系节奏模式,RHYTHM-HM模式,通用,门控,HM05,高频连接型,高频自愿、可持续、可降频，不影响工作与恢复。,只有人格标签、命盘风格或一方愿望。,由共享基础引擎、M2-TEMPO与M3功能模块提供；只修正用户能够承载怎样的推进、联系、共同时间、负荷与恢复节奏，不直接判断现实关系一定同步。,M2说明进入关系前的确认节奏；M5-RHYTHM只处理关系进入认真阶段以后，双方怎样持续协调推进与生活节奏。,M3-BASE、EXPR、CARE、BOUND、CONFLICT提供日常相处和状态通道；M5-RHYTHM负责把双方时间、负荷、联系、空间与恢复合成为长期节奏结构。,无／按本规则指定的提议—观察—同意—执行—反馈—调整—恢复路径路由。,近位、远位只修正某项节奏需求进入亲密关系核心的可能；不得据此判断具体对象现实中一定快、慢、黏、疏或稳定。,根气只修正节奏需求是否稳定重复，不等于双方现实节奏已成熟协调。,旺弱只修正某项推进、联系、共享、变化或恢复通道的调用强度，不直接等于适配质量。,喜忌只修正节奏调用顺畅度与摩擦，不可直接翻译为某种五行、十神或对象类型必然适合。,真合化成立时按化神功能重算节奏需要；合化争议时停止细化节奏画像。,近位提高该节奏议题进入关系核心的可能；远位只保留背景或阶段性观察。,90,+10 模式成立,rhythm_mode,高频连接型必须满足：高频自愿、可持续、可降频，不影响工作与恢复。,要形成高频连接型，需要：高频自愿、可持续、可降频，不影响工作与恢复。,不得仅凭本规则推出具体日期、交往时长、多久结婚、联系次数、见面频率或关系结果；不得把快等同冲动、慢等同冷淡、高频等同亲密、低频等同不爱。现实安全、双方同意、持续行为、生活条件、反例与协商优先。,中高,待验证,,rhythm_mode=HM05; provisional=true; rule_group=RHYTHM-HM模式; M3_STATE_pending=true,0.7
M5-RHYTHM-204,HM05 高频连接型｜伪适配与停止,L3 关系节奏模式,RHYTHM-HM模式,通用,风险,HM05,高频连接型,出现长期节奏失衡、控制、无限等待或负荷透支。,HV5—HV7现实证据能够排除。,由共享基础引擎、M2-TEMPO与M3功能模块提供；只修正用户能够承载怎样的推进、联系、共同时间、负荷与恢复节奏，不直接判断现实关系一定同步。,M2说明进入关系前的确认节奏；M5-RHYTHM只处理关系进入认真阶段以后，双方怎样持续协调推进与生活节奏。,M3-BASE、EXPR、CARE、BOUND、CONFLICT提供日常相处和状态通道；M5-RHYTHM负责把双方时间、负荷、联系、空间与恢复合成为长期节奏结构。,无／按本规则指定的提议—观察—同意—执行—反馈—调整—恢复路径路由。,近位、远位只修正某项节奏需求进入亲密关系核心的可能；不得据此判断具体对象现实中一定快、慢、黏、疏或稳定。,根气只修正节奏需求是否稳定重复，不等于双方现实节奏已成熟协调。,旺弱只修正某项推进、联系、共享、变化或恢复通道的调用强度，不直接等于适配质量。,喜忌只修正节奏调用顺畅度与摩擦，不可直接翻译为某种五行、十神或对象类型必然适合。,真合化成立时按化神功能重算节奏需要；合化争议时停止细化节奏画像。,近位提高该节奏议题进入关系核心的可能；远位只保留背景或阶段性观察。,94,风险 +12,pseudo_rhythm_warning,高频被当成忠诚证明、监控或占用。,需要避免：高频被当成忠诚证明、监控或占用。,不得仅凭本规则推出具体日期、交往时长、多久结婚、联系次数、见面频率或关系结果；不得把快等同冲动、慢等同冷淡、高频等同亲密、低频等同不爱。现实安全、双方同意、持续行为、生活条件、反例与协商优先。,高,待验证,,rhythm_mode=HM05; provisional=true; rule_group=RHYTHM-HM模式; M3_STATE_pending=true,0.7
M5-RHYTHM-205,HM05 高频连接型｜现实验证与输出,L3 关系节奏模式,RHYTHM-HM模式,通用,证据,HM05,高频连接型,HV3以上。,只有命盘、自述或单次事件。,由共享基础引擎、M2-TEMPO与M3功能模块提供；只修正用户能够承载怎样的推进、联系、共同时间、负荷与恢复节奏，不直接判断现实关系一定同步。,M2说明进入关系前的确认节奏；M5-RHYTHM只处理关系进入认真阶段以后，双方怎样持续协调推进与生活节奏。,M3-BASE、EXPR、CARE、BOUND、CONFLICT提供日常相处和状态通道；M5-RHYTHM负责把双方时间、负荷、联系、空间与恢复合成为长期节奏结构。,无／按本规则指定的提议—观察—同意—执行—反馈—调整—恢复路径路由。,近位、远位只修正某项节奏需求进入亲密关系核心的可能；不得据此判断具体对象现实中一定快、慢、黏、疏或稳定。,根气只修正节奏需求是否稳定重复，不等于双方现实节奏已成熟协调。,旺弱只修正某项推进、联系、共享、变化或恢复通道的调用强度，不直接等于适配质量。,喜忌只修正节奏调用顺畅度与摩擦，不可直接翻译为某种五行、十神或对象类型必然适合。,真合化成立时按化神功能重算节奏需要；合化争议时停止细化节奏画像。,近位提高该节奏议题进入关系核心的可能；远位只保留背景或阶段性观察。,78,不加分；现实核验,observation_plan,HM模式必须由双方同意、执行、反馈、负荷和恢复共同验证。,要看这套节奏在现实变化后还能否继续运行。,不得仅凭本规则推出具体日期、交往时长、多久结婚、联系次数、见面频率或关系结果；不得把快等同冲动、慢等同冷淡、高频等同亲密、低频等同不爱。现实安全、双方同意、持续行为、生活条件、反例与协商优先。,中,待验证,,rhythm_mode=HM05; provisional=true; rule_group=RHYTHM-HM模式; M3_STATE_pending=true,0.7
M5-RHYTHM-206,HM06 低频稳定型｜正式定义,L3 关系节奏模式,RHYTHM-HM模式,通用,定义,HM06,低频稳定型,M5-BASE、M2-TEMPO、现实阶段或上游模块路由该模式。,PR0安全门控未通过。,由共享基础引擎、M2-TEMPO与M3功能模块提供；只修正用户能够承载怎样的推进、联系、共同时间、负荷与恢复节奏，不直接判断现实关系一定同步。,M2说明进入关系前的确认节奏；M5-RHYTHM只处理关系进入认真阶段以后，双方怎样持续协调推进与生活节奏。,M3-BASE、EXPR、CARE、BOUND、CONFLICT提供日常相处和状态通道；M5-RHYTHM负责把双方时间、负荷、联系、空间与恢复合成为长期节奏结构。,无／按本规则指定的提议—观察—同意—执行—反馈—调整—恢复路径路由。,近位、远位只修正某项节奏需求进入亲密关系核心的可能；不得据此判断具体对象现实中一定快、慢、黏、疏或稳定。,根气只修正节奏需求是否稳定重复，不等于双方现实节奏已成熟协调。,旺弱只修正某项推进、联系、共享、变化或恢复通道的调用强度，不直接等于适配质量。,喜忌只修正节奏调用顺畅度与摩擦，不可直接翻译为某种五行、十神或对象类型必然适合。,真合化成立时按化神功能重算节奏需要；合化争议时停止细化节奏画像。,近位提高该节奏议题进入关系核心的可能；远位只保留背景或阶段性观察。,90,HM候选 +8,rhythm_mode,联系频率较低，但关系意图、最低回应、共同计划和承诺稳定。,关系节奏更接近低频稳定型。,不得仅凭本规则推出具体日期、交往时长、多久结婚、联系次数、见面频率或关系结果；不得把快等同冲动、慢等同冷淡、高频等同亲密、低频等同不爱。现实安全、双方同意、持续行为、生活条件、反例与协商优先。,中高,待验证,,rhythm_mode=HM06; provisional=true; rule_group=RHYTHM-HM模式; M3_STATE_pending=true,0.7
M5-RHYTHM-207,HM06 低频稳定型｜适用领域／阶段,L3 关系节奏模式,RHYTHM-HM模式,通用,场景,HM06,低频稳定型,存在对应HD领域或PH阶段。,把一种模式覆盖全部关系领域。,由共享基础引擎、M2-TEMPO与M3功能模块提供；只修正用户能够承载怎样的推进、联系、共同时间、负荷与恢复节奏，不直接判断现实关系一定同步。,M2说明进入关系前的确认节奏；M5-RHYTHM只处理关系进入认真阶段以后，双方怎样持续协调推进与生活节奏。,M3-BASE、EXPR、CARE、BOUND、CONFLICT提供日常相处和状态通道；M5-RHYTHM负责把双方时间、负荷、联系、空间与恢复合成为长期节奏结构。,无／按本规则指定的提议—观察—同意—执行—反馈—调整—恢复路径路由。,近位、远位只修正某项节奏需求进入亲密关系核心的可能；不得据此判断具体对象现实中一定快、慢、黏、疏或稳定。,根气只修正节奏需求是否稳定重复，不等于双方现实节奏已成熟协调。,旺弱只修正某项推进、联系、共享、变化或恢复通道的调用强度，不直接等于适配质量。,喜忌只修正节奏调用顺畅度与摩擦，不可直接翻译为某种五行、十神或对象类型必然适合。,真合化成立时按化神功能重算节奏需要；合化争议时停止细化节奏画像。,近位提高该节奏议题进入关系核心的可能；远位只保留背景或阶段性观察。,78,+6 场景路由,rhythm_domains,适合忙碌、异地、独立需求高或重质不重量的关系。,这种模式更适合：适合忙碌、异地、独立需求高或重质不重量的关系。,不得仅凭本规则推出具体日期、交往时长、多久结婚、联系次数、见面频率或关系结果；不得把快等同冲动、慢等同冷淡、高频等同亲密、低频等同不爱。现实安全、双方同意、持续行为、生活条件、反例与协商优先。,中,待验证,,rhythm_mode=HM06; provisional=true; rule_group=RHYTHM-HM模式; M3_STATE_pending=true,0.7
M5-RHYTHM-208,HM06 低频稳定型｜成立条件,L3 关系节奏模式,RHYTHM-HM模式,通用,门控,HM06,低频稳定型,低频透明、有预测、有回归，不逃避共同责任。,只有人格标签、命盘风格或一方愿望。,由共享基础引擎、M2-TEMPO与M3功能模块提供；只修正用户能够承载怎样的推进、联系、共同时间、负荷与恢复节奏，不直接判断现实关系一定同步。,M2说明进入关系前的确认节奏；M5-RHYTHM只处理关系进入认真阶段以后，双方怎样持续协调推进与生活节奏。,M3-BASE、EXPR、CARE、BOUND、CONFLICT提供日常相处和状态通道；M5-RHYTHM负责把双方时间、负荷、联系、空间与恢复合成为长期节奏结构。,无／按本规则指定的提议—观察—同意—执行—反馈—调整—恢复路径路由。,近位、远位只修正某项节奏需求进入亲密关系核心的可能；不得据此判断具体对象现实中一定快、慢、黏、疏或稳定。,根气只修正节奏需求是否稳定重复，不等于双方现实节奏已成熟协调。,旺弱只修正某项推进、联系、共享、变化或恢复通道的调用强度，不直接等于适配质量。,喜忌只修正节奏调用顺畅度与摩擦，不可直接翻译为某种五行、十神或对象类型必然适合。,真合化成立时按化神功能重算节奏需要；合化争议时停止细化节奏画像。,近位提高该节奏议题进入关系核心的可能；远位只保留背景或阶段性观察。,90,+10 模式成立,rhythm_mode,低频稳定型必须满足：低频透明、有预测、有回归，不逃避共同责任。,要形成低频稳定型，需要：低频透明、有预测、有回归，不逃避共同责任。,不得仅凭本规则推出具体日期、交往时长、多久结婚、联系次数、见面频率或关系结果；不得把快等同冲动、慢等同冷淡、高频等同亲密、低频等同不爱。现实安全、双方同意、持续行为、生活条件、反例与协商优先。,中高,待验证,,rhythm_mode=HM06; provisional=true; rule_group=RHYTHM-HM模式; M3_STATE_pending=true,0.7
M5-RHYTHM-209,HM06 低频稳定型｜伪适配与停止,L3 关系节奏模式,RHYTHM-HM模式,通用,风险,HM06,低频稳定型,出现长期节奏失衡、控制、无限等待或负荷透支。,HV5—HV7现实证据能够排除。,由共享基础引擎、M2-TEMPO与M3功能模块提供；只修正用户能够承载怎样的推进、联系、共同时间、负荷与恢复节奏，不直接判断现实关系一定同步。,M2说明进入关系前的确认节奏；M5-RHYTHM只处理关系进入认真阶段以后，双方怎样持续协调推进与生活节奏。,M3-BASE、EXPR、CARE、BOUND、CONFLICT提供日常相处和状态通道；M5-RHYTHM负责把双方时间、负荷、联系、空间与恢复合成为长期节奏结构。,无／按本规则指定的提议—观察—同意—执行—反馈—调整—恢复路径路由。,近位、远位只修正某项节奏需求进入亲密关系核心的可能；不得据此判断具体对象现实中一定快、慢、黏、疏或稳定。,根气只修正节奏需求是否稳定重复，不等于双方现实节奏已成熟协调。,旺弱只修正某项推进、联系、共享、变化或恢复通道的调用强度，不直接等于适配质量。,喜忌只修正节奏调用顺畅度与摩擦，不可直接翻译为某种五行、十神或对象类型必然适合。,真合化成立时按化神功能重算节奏需要；合化争议时停止细化节奏画像。,近位提高该节奏议题进入关系核心的可能；远位只保留背景或阶段性观察。,94,风险 +12,pseudo_rhythm_warning,低频掩盖失联、信息不透明或缺少投入。,需要避免：低频掩盖失联、信息不透明或缺少投入。,不得仅凭本规则推出具体日期、交往时长、多久结婚、联系次数、见面频率或关系结果；不得把快等同冲动、慢等同冷淡、高频等同亲密、低频等同不爱。现实安全、双方同意、持续行为、生活条件、反例与协商优先。,高,待验证,,rhythm_mode=HM06; provisional=true; rule_group=RHYTHM-HM模式; M3_STATE_pending=true,0.7
M5-RHYTHM-210,HM06 低频稳定型｜现实验证与输出,L3 关系节奏模式,RHYTHM-HM模式,通用,证据,HM06,低频稳定型,HV3以上。,只有命盘、自述或单次事件。,由共享基础引擎、M2-TEMPO与M3功能模块提供；只修正用户能够承载怎样的推进、联系、共同时间、负荷与恢复节奏，不直接判断现实关系一定同步。,M2说明进入关系前的确认节奏；M5-RHYTHM只处理关系进入认真阶段以后，双方怎样持续协调推进与生活节奏。,M3-BASE、EXPR、CARE、BOUND、CONFLICT提供日常相处和状态通道；M5-RHYTHM负责把双方时间、负荷、联系、空间与恢复合成为长期节奏结构。,无／按本规则指定的提议—观察—同意—执行—反馈—调整—恢复路径路由。,近位、远位只修正某项节奏需求进入亲密关系核心的可能；不得据此判断具体对象现实中一定快、慢、黏、疏或稳定。,根气只修正节奏需求是否稳定重复，不等于双方现实节奏已成熟协调。,旺弱只修正某项推进、联系、共享、变化或恢复通道的调用强度，不直接等于适配质量。,喜忌只修正节奏调用顺畅度与摩擦，不可直接翻译为某种五行、十神或对象类型必然适合。,真合化成立时按化神功能重算节奏需要；合化争议时停止细化节奏画像。,近位提高该节奏议题进入关系核心的可能；远位只保留背景或阶段性观察。,78,不加分；现实核验,observation_plan,HM模式必须由双方同意、执行、反馈、负荷和恢复共同验证。,要看这套节奏在现实变化后还能否继续运行。,不得仅凭本规则推出具体日期、交往时长、多久结婚、联系次数、见面频率或关系结果；不得把快等同冲动、慢等同冷淡、高频等同亲密、低频等同不爱。现实安全、双方同意、持续行为、生活条件、反例与协商优先。,中,待验证,,rhythm_mode=HM06; provisional=true; rule_group=RHYTHM-HM模式; M3_STATE_pending=true,0.7
M5-RHYTHM-211,HM07 弹性变频型｜正式定义,L3 关系节奏模式,RHYTHM-HM模式,通用,定义,HM07,弹性变频型,M5-BASE、M2-TEMPO、现实阶段或上游模块路由该模式。,PR0安全门控未通过。,由共享基础引擎、M2-TEMPO与M3功能模块提供；只修正用户能够承载怎样的推进、联系、共同时间、负荷与恢复节奏，不直接判断现实关系一定同步。,M2说明进入关系前的确认节奏；M5-RHYTHM只处理关系进入认真阶段以后，双方怎样持续协调推进与生活节奏。,M3-BASE、EXPR、CARE、BOUND、CONFLICT提供日常相处和状态通道；M5-RHYTHM负责把双方时间、负荷、联系、空间与恢复合成为长期节奏结构。,无／按本规则指定的提议—观察—同意—执行—反馈—调整—恢复路径路由。,近位、远位只修正某项节奏需求进入亲密关系核心的可能；不得据此判断具体对象现实中一定快、慢、黏、疏或稳定。,根气只修正节奏需求是否稳定重复，不等于双方现实节奏已成熟协调。,旺弱只修正某项推进、联系、共享、变化或恢复通道的调用强度，不直接等于适配质量。,喜忌只修正节奏调用顺畅度与摩擦，不可直接翻译为某种五行、十神或对象类型必然适合。,真合化成立时按化神功能重算节奏需要；合化争议时停止细化节奏画像。,近位提高该节奏议题进入关系核心的可能；远位只保留背景或阶段性观察。,90,HM候选 +8,rhythm_mode,联系和共同时间随阶段变化，但变化会被说明、协商和复核。,关系节奏更接近弹性变频型。,不得仅凭本规则推出具体日期、交往时长、多久结婚、联系次数、见面频率或关系结果；不得把快等同冲动、慢等同冷淡、高频等同亲密、低频等同不爱。现实安全、双方同意、持续行为、生活条件、反例与协商优先。,中高,待验证,,rhythm_mode=HM07; provisional=true; rule_group=RHYTHM-HM模式; M3_STATE_pending=true,0.7
M5-RHYTHM-212,HM07 弹性变频型｜适用领域／阶段,L3 关系节奏模式,RHYTHM-HM模式,通用,场景,HM07,弹性变频型,存在对应HD领域或PH阶段。,把一种模式覆盖全部关系领域。,由共享基础引擎、M2-TEMPO与M3功能模块提供；只修正用户能够承载怎样的推进、联系、共同时间、负荷与恢复节奏，不直接判断现实关系一定同步。,M2说明进入关系前的确认节奏；M5-RHYTHM只处理关系进入认真阶段以后，双方怎样持续协调推进与生活节奏。,M3-BASE、EXPR、CARE、BOUND、CONFLICT提供日常相处和状态通道；M5-RHYTHM负责把双方时间、负荷、联系、空间与恢复合成为长期节奏结构。,无／按本规则指定的提议—观察—同意—执行—反馈—调整—恢复路径路由。,近位、远位只修正某项节奏需求进入亲密关系核心的可能；不得据此判断具体对象现实中一定快、慢、黏、疏或稳定。,根气只修正节奏需求是否稳定重复，不等于双方现实节奏已成熟协调。,旺弱只修正某项推进、联系、共享、变化或恢复通道的调用强度，不直接等于适配质量。,喜忌只修正节奏调用顺畅度与摩擦，不可直接翻译为某种五行、十神或对象类型必然适合。,真合化成立时按化神功能重算节奏需要；合化争议时停止细化节奏画像。,近位提高该节奏议题进入关系核心的可能；远位只保留背景或阶段性观察。,78,+6 场景路由,rhythm_domains,适合工作季、旅行、异地和生活负荷波动较大的关系。,这种模式更适合：适合工作季、旅行、异地和生活负荷波动较大的关系。,不得仅凭本规则推出具体日期、交往时长、多久结婚、联系次数、见面频率或关系结果；不得把快等同冲动、慢等同冷淡、高频等同亲密、低频等同不爱。现实安全、双方同意、持续行为、生活条件、反例与协商优先。,中,待验证,,rhythm_mode=HM07; provisional=true; rule_group=RHYTHM-HM模式; M3_STATE_pending=true,0.7
M5-RHYTHM-213,HM07 弹性变频型｜成立条件,L3 关系节奏模式,RHYTHM-HM模式,通用,门控,HM07,弹性变频型,有基础频率、变化通知、替代方案和恢复点。,只有人格标签、命盘风格或一方愿望。,由共享基础引擎、M2-TEMPO与M3功能模块提供；只修正用户能够承载怎样的推进、联系、共同时间、负荷与恢复节奏，不直接判断现实关系一定同步。,M2说明进入关系前的确认节奏；M5-RHYTHM只处理关系进入认真阶段以后，双方怎样持续协调推进与生活节奏。,M3-BASE、EXPR、CARE、BOUND、CONFLICT提供日常相处和状态通道；M5-RHYTHM负责把双方时间、负荷、联系、空间与恢复合成为长期节奏结构。,无／按本规则指定的提议—观察—同意—执行—反馈—调整—恢复路径路由。,近位、远位只修正某项节奏需求进入亲密关系核心的可能；不得据此判断具体对象现实中一定快、慢、黏、疏或稳定。,根气只修正节奏需求是否稳定重复，不等于双方现实节奏已成熟协调。,旺弱只修正某项推进、联系、共享、变化或恢复通道的调用强度，不直接等于适配质量。,喜忌只修正节奏调用顺畅度与摩擦，不可直接翻译为某种五行、十神或对象类型必然适合。,真合化成立时按化神功能重算节奏需要；合化争议时停止细化节奏画像。,近位提高该节奏议题进入关系核心的可能；远位只保留背景或阶段性观察。,90,+10 模式成立,rhythm_mode,弹性变频型必须满足：有基础频率、变化通知、替代方案和恢复点。,要形成弹性变频型，需要：有基础频率、变化通知、替代方案和恢复点。,不得仅凭本规则推出具体日期、交往时长、多久结婚、联系次数、见面频率或关系结果；不得把快等同冲动、慢等同冷淡、高频等同亲密、低频等同不爱。现实安全、双方同意、持续行为、生活条件、反例与协商优先。,中高,待验证,,rhythm_mode=HM07; provisional=true; rule_group=RHYTHM-HM模式; M3_STATE_pending=true,0.7
M5-RHYTHM-214,HM07 弹性变频型｜伪适配与停止,L3 关系节奏模式,RHYTHM-HM模式,通用,风险,HM07,弹性变频型,出现长期节奏失衡、控制、无限等待或负荷透支。,HV5—HV7现实证据能够排除。,由共享基础引擎、M2-TEMPO与M3功能模块提供；只修正用户能够承载怎样的推进、联系、共同时间、负荷与恢复节奏，不直接判断现实关系一定同步。,M2说明进入关系前的确认节奏；M5-RHYTHM只处理关系进入认真阶段以后，双方怎样持续协调推进与生活节奏。,M3-BASE、EXPR、CARE、BOUND、CONFLICT提供日常相处和状态通道；M5-RHYTHM负责把双方时间、负荷、联系、空间与恢复合成为长期节奏结构。,无／按本规则指定的提议—观察—同意—执行—反馈—调整—恢复路径路由。,近位、远位只修正某项节奏需求进入亲密关系核心的可能；不得据此判断具体对象现实中一定快、慢、黏、疏或稳定。,根气只修正节奏需求是否稳定重复，不等于双方现实节奏已成熟协调。,旺弱只修正某项推进、联系、共享、变化或恢复通道的调用强度，不直接等于适配质量。,喜忌只修正节奏调用顺畅度与摩擦，不可直接翻译为某种五行、十神或对象类型必然适合。,真合化成立时按化神功能重算节奏需要；合化争议时停止细化节奏画像。,近位提高该节奏议题进入关系核心的可能；远位只保留背景或阶段性观察。,94,风险 +12,pseudo_rhythm_warning,频率任意变化，另一方长期猜测和适应。,需要避免：频率任意变化，另一方长期猜测和适应。,不得仅凭本规则推出具体日期、交往时长、多久结婚、联系次数、见面频率或关系结果；不得把快等同冲动、慢等同冷淡、高频等同亲密、低频等同不爱。现实安全、双方同意、持续行为、生活条件、反例与协商优先。,高,待验证,,rhythm_mode=HM07; provisional=true; rule_group=RHYTHM-HM模式; M3_STATE_pending=true,0.7
M5-RHYTHM-215,HM07 弹性变频型｜现实验证与输出,L3 关系节奏模式,RHYTHM-HM模式,通用,证据,HM07,弹性变频型,HV3以上。,只有命盘、自述或单次事件。,由共享基础引擎、M2-TEMPO与M3功能模块提供；只修正用户能够承载怎样的推进、联系、共同时间、负荷与恢复节奏，不直接判断现实关系一定同步。,M2说明进入关系前的确认节奏；M5-RHYTHM只处理关系进入认真阶段以后，双方怎样持续协调推进与生活节奏。,M3-BASE、EXPR、CARE、BOUND、CONFLICT提供日常相处和状态通道；M5-RHYTHM负责把双方时间、负荷、联系、空间与恢复合成为长期节奏结构。,无／按本规则指定的提议—观察—同意—执行—反馈—调整—恢复路径路由。,近位、远位只修正某项节奏需求进入亲密关系核心的可能；不得据此判断具体对象现实中一定快、慢、黏、疏或稳定。,根气只修正节奏需求是否稳定重复，不等于双方现实节奏已成熟协调。,旺弱只修正某项推进、联系、共享、变化或恢复通道的调用强度，不直接等于适配质量。,喜忌只修正节奏调用顺畅度与摩擦，不可直接翻译为某种五行、十神或对象类型必然适合。,真合化成立时按化神功能重算节奏需要；合化争议时停止细化节奏画像。,近位提高该节奏议题进入关系核心的可能；远位只保留背景或阶段性观察。,78,不加分；现实核验,observation_plan,HM模式必须由双方同意、执行、反馈、负荷和恢复共同验证。,要看这套节奏在现实变化后还能否继续运行。,不得仅凭本规则推出具体日期、交往时长、多久结婚、联系次数、见面频率或关系结果；不得把快等同冲动、慢等同冷淡、高频等同亲密、低频等同不爱。现实安全、双方同意、持续行为、生活条件、反例与协商优先。,中,待验证,,rhythm_mode=HM07; provisional=true; rule_group=RHYTHM-HM模式; M3_STATE_pending=true,0.7
M5-RHYTHM-216,HM08 共同—个人往返型｜正式定义,L3 关系节奏模式,RHYTHM-HM模式,通用,定义,HM08,共同—个人往返型,M5-BASE、M2-TEMPO、现实阶段或上游模块路由该模式。,PR0安全门控未通过。,由共享基础引擎、M2-TEMPO与M3功能模块提供；只修正用户能够承载怎样的推进、联系、共同时间、负荷与恢复节奏，不直接判断现实关系一定同步。,M2说明进入关系前的确认节奏；M5-RHYTHM只处理关系进入认真阶段以后，双方怎样持续协调推进与生活节奏。,M3-BASE、EXPR、CARE、BOUND、CONFLICT提供日常相处和状态通道；M5-RHYTHM负责把双方时间、负荷、联系、空间与恢复合成为长期节奏结构。,无／按本规则指定的提议—观察—同意—执行—反馈—调整—恢复路径路由。,近位、远位只修正某项节奏需求进入亲密关系核心的可能；不得据此判断具体对象现实中一定快、慢、黏、疏或稳定。,根气只修正节奏需求是否稳定重复，不等于双方现实节奏已成熟协调。,旺弱只修正某项推进、联系、共享、变化或恢复通道的调用强度，不直接等于适配质量。,喜忌只修正节奏调用顺畅度与摩擦，不可直接翻译为某种五行、十神或对象类型必然适合。,真合化成立时按化神功能重算节奏需要；合化争议时停止细化节奏画像。,近位提高该节奏议题进入关系核心的可能；远位只保留背景或阶段性观察。,90,HM候选 +8,rhythm_mode,共同时间与个人空间周期性交替，双方都能主动靠近和主动回归。,关系节奏更接近共同—个人往返型。,不得仅凭本规则推出具体日期、交往时长、多久结婚、联系次数、见面频率或关系结果；不得把快等同冲动、慢等同冷淡、高频等同亲密、低频等同不爱。现实安全、双方同意、持续行为、生活条件、反例与协商优先。,中高,待验证,,rhythm_mode=HM08; provisional=true; rule_group=RHYTHM-HM模式; M3_STATE_pending=true,0.7
M5-RHYTHM-217,HM08 共同—个人往返型｜适用领域／阶段,L3 关系节奏模式,RHYTHM-HM模式,通用,场景,HM08,共同—个人往返型,存在对应HD领域或PH阶段。,把一种模式覆盖全部关系领域。,由共享基础引擎、M2-TEMPO与M3功能模块提供；只修正用户能够承载怎样的推进、联系、共同时间、负荷与恢复节奏，不直接判断现实关系一定同步。,M2说明进入关系前的确认节奏；M5-RHYTHM只处理关系进入认真阶段以后，双方怎样持续协调推进与生活节奏。,M3-BASE、EXPR、CARE、BOUND、CONFLICT提供日常相处和状态通道；M5-RHYTHM负责把双方时间、负荷、联系、空间与恢复合成为长期节奏结构。,无／按本规则指定的提议—观察—同意—执行—反馈—调整—恢复路径路由。,近位、远位只修正某项节奏需求进入亲密关系核心的可能；不得据此判断具体对象现实中一定快、慢、黏、疏或稳定。,根气只修正节奏需求是否稳定重复，不等于双方现实节奏已成熟协调。,旺弱只修正某项推进、联系、共享、变化或恢复通道的调用强度，不直接等于适配质量。,喜忌只修正节奏调用顺畅度与摩擦，不可直接翻译为某种五行、十神或对象类型必然适合。,真合化成立时按化神功能重算节奏需要；合化争议时停止细化节奏画像。,近位提高该节奏议题进入关系核心的可能；远位只保留背景或阶段性观察。,78,+6 场景路由,rhythm_domains,适合自主与亲密需求都高的关系。,这种模式更适合：适合自主与亲密需求都高的关系。,不得仅凭本规则推出具体日期、交往时长、多久结婚、联系次数、见面频率或关系结果；不得把快等同冲动、慢等同冷淡、高频等同亲密、低频等同不爱。现实安全、双方同意、持续行为、生活条件、反例与协商优先。,中,待验证,,rhythm_mode=HM08; provisional=true; rule_group=RHYTHM-HM模式; M3_STATE_pending=true,0.7
M5-RHYTHM-218,HM08 共同—个人往返型｜成立条件,L3 关系节奏模式,RHYTHM-HM模式,通用,门控,HM08,共同—个人往返型,空间范围、最低连接和重新靠近方式清楚。,只有人格标签、命盘风格或一方愿望。,由共享基础引擎、M2-TEMPO与M3功能模块提供；只修正用户能够承载怎样的推进、联系、共同时间、负荷与恢复节奏，不直接判断现实关系一定同步。,M2说明进入关系前的确认节奏；M5-RHYTHM只处理关系进入认真阶段以后，双方怎样持续协调推进与生活节奏。,M3-BASE、EXPR、CARE、BOUND、CONFLICT提供日常相处和状态通道；M5-RHYTHM负责把双方时间、负荷、联系、空间与恢复合成为长期节奏结构。,无／按本规则指定的提议—观察—同意—执行—反馈—调整—恢复路径路由。,近位、远位只修正某项节奏需求进入亲密关系核心的可能；不得据此判断具体对象现实中一定快、慢、黏、疏或稳定。,根气只修正节奏需求是否稳定重复，不等于双方现实节奏已成熟协调。,旺弱只修正某项推进、联系、共享、变化或恢复通道的调用强度，不直接等于适配质量。,喜忌只修正节奏调用顺畅度与摩擦，不可直接翻译为某种五行、十神或对象类型必然适合。,真合化成立时按化神功能重算节奏需要；合化争议时停止细化节奏画像。,近位提高该节奏议题进入关系核心的可能；远位只保留背景或阶段性观察。,90,+10 模式成立,rhythm_mode,共同—个人往返型必须满足：空间范围、最低连接和重新靠近方式清楚。,要形成共同—个人往返型，需要：空间范围、最低连接和重新靠近方式清楚。,不得仅凭本规则推出具体日期、交往时长、多久结婚、联系次数、见面频率或关系结果；不得把快等同冲动、慢等同冷淡、高频等同亲密、低频等同不爱。现实安全、双方同意、持续行为、生活条件、反例与协商优先。,中高,待验证,,rhythm_mode=HM08; provisional=true; rule_group=RHYTHM-HM模式; M3_STATE_pending=true,0.7
M5-RHYTHM-219,HM08 共同—个人往返型｜伪适配与停止,L3 关系节奏模式,RHYTHM-HM模式,通用,风险,HM08,共同—个人往返型,出现长期节奏失衡、控制、无限等待或负荷透支。,HV5—HV7现实证据能够排除。,由共享基础引擎、M2-TEMPO与M3功能模块提供；只修正用户能够承载怎样的推进、联系、共同时间、负荷与恢复节奏，不直接判断现实关系一定同步。,M2说明进入关系前的确认节奏；M5-RHYTHM只处理关系进入认真阶段以后，双方怎样持续协调推进与生活节奏。,M3-BASE、EXPR、CARE、BOUND、CONFLICT提供日常相处和状态通道；M5-RHYTHM负责把双方时间、负荷、联系、空间与恢复合成为长期节奏结构。,无／按本规则指定的提议—观察—同意—执行—反馈—调整—恢复路径路由。,近位、远位只修正某项节奏需求进入亲密关系核心的可能；不得据此判断具体对象现实中一定快、慢、黏、疏或稳定。,根气只修正节奏需求是否稳定重复，不等于双方现实节奏已成熟协调。,旺弱只修正某项推进、联系、共享、变化或恢复通道的调用强度，不直接等于适配质量。,喜忌只修正节奏调用顺畅度与摩擦，不可直接翻译为某种五行、十神或对象类型必然适合。,真合化成立时按化神功能重算节奏需要；合化争议时停止细化节奏画像。,近位提高该节奏议题进入关系核心的可能；远位只保留背景或阶段性观察。,94,风险 +12,pseudo_rhythm_warning,一方追、一方退，往返没有共同协议。,需要避免：一方追、一方退，往返没有共同协议。,不得仅凭本规则推出具体日期、交往时长、多久结婚、联系次数、见面频率或关系结果；不得把快等同冲动、慢等同冷淡、高频等同亲密、低频等同不爱。现实安全、双方同意、持续行为、生活条件、反例与协商优先。,高,待验证,,rhythm_mode=HM08; provisional=true; rule_group=RHYTHM-HM模式; M3_STATE_pending=true,0.7
M5-RHYTHM-220,HM08 共同—个人往返型｜现实验证与输出,L3 关系节奏模式,RHYTHM-HM模式,通用,证据,HM08,共同—个人往返型,HV3以上。,只有命盘、自述或单次事件。,由共享基础引擎、M2-TEMPO与M3功能模块提供；只修正用户能够承载怎样的推进、联系、共同时间、负荷与恢复节奏，不直接判断现实关系一定同步。,M2说明进入关系前的确认节奏；M5-RHYTHM只处理关系进入认真阶段以后，双方怎样持续协调推进与生活节奏。,M3-BASE、EXPR、CARE、BOUND、CONFLICT提供日常相处和状态通道；M5-RHYTHM负责把双方时间、负荷、联系、空间与恢复合成为长期节奏结构。,无／按本规则指定的提议—观察—同意—执行—反馈—调整—恢复路径路由。,近位、远位只修正某项节奏需求进入亲密关系核心的可能；不得据此判断具体对象现实中一定快、慢、黏、疏或稳定。,根气只修正节奏需求是否稳定重复，不等于双方现实节奏已成熟协调。,旺弱只修正某项推进、联系、共享、变化或恢复通道的调用强度，不直接等于适配质量。,喜忌只修正节奏调用顺畅度与摩擦，不可直接翻译为某种五行、十神或对象类型必然适合。,真合化成立时按化神功能重算节奏需要；合化争议时停止细化节奏画像。,近位提高该节奏议题进入关系核心的可能；远位只保留背景或阶段性观察。,78,不加分；现实核验,observation_plan,HM模式必须由双方同意、执行、反馈、负荷和恢复共同验证。,要看这套节奏在现实变化后还能否继续运行。,不得仅凭本规则推出具体日期、交往时长、多久结婚、联系次数、见面频率或关系结果；不得把快等同冲动、慢等同冷淡、高频等同亲密、低频等同不爱。现实安全、双方同意、持续行为、生活条件、反例与协商优先。,中,待验证,,rhythm_mode=HM08; provisional=true; rule_group=RHYTHM-HM模式; M3_STATE_pending=true,0.7
M5-RHYTHM-221,HM09 任务季临时压缩型｜正式定义,L3 关系节奏模式,RHYTHM-HM模式,通用,定义,HM09,任务季临时压缩型,M5-BASE、M2-TEMPO、现实阶段或上游模块路由该模式。,PR0安全门控未通过。,由共享基础引擎、M2-TEMPO与M3功能模块提供；只修正用户能够承载怎样的推进、联系、共同时间、负荷与恢复节奏，不直接判断现实关系一定同步。,M2说明进入关系前的确认节奏；M5-RHYTHM只处理关系进入认真阶段以后，双方怎样持续协调推进与生活节奏。,M3-BASE、EXPR、CARE、BOUND、CONFLICT提供日常相处和状态通道；M5-RHYTHM负责把双方时间、负荷、联系、空间与恢复合成为长期节奏结构。,无／按本规则指定的提议—观察—同意—执行—反馈—调整—恢复路径路由。,近位、远位只修正某项节奏需求进入亲密关系核心的可能；不得据此判断具体对象现实中一定快、慢、黏、疏或稳定。,根气只修正节奏需求是否稳定重复，不等于双方现实节奏已成熟协调。,旺弱只修正某项推进、联系、共享、变化或恢复通道的调用强度，不直接等于适配质量。,喜忌只修正节奏调用顺畅度与摩擦，不可直接翻译为某种五行、十神或对象类型必然适合。,真合化成立时按化神功能重算节奏需要；合化争议时停止细化节奏画像。,近位提高该节奏议题进入关系核心的可能；远位只保留背景或阶段性观察。,90,HM候选 +8,rhythm_mode,高负荷阶段暂时减少联系或活动，保留最低连接，任务后恢复并复盘。,关系节奏更接近任务季临时压缩型。,不得仅凭本规则推出具体日期、交往时长、多久结婚、联系次数、见面频率或关系结果；不得把快等同冲动、慢等同冷淡、高频等同亲密、低频等同不爱。现实安全、双方同意、持续行为、生活条件、反例与协商优先。,中高,待验证,,rhythm_mode=HM09; provisional=true; rule_group=RHYTHM-HM模式; M3_STATE_pending=true,0.7
M5-RHYTHM-222,HM09 任务季临时压缩型｜适用领域／阶段,L3 关系节奏模式,RHYTHM-HM模式,通用,场景,HM09,任务季临时压缩型,存在对应HD领域或PH阶段。,把一种模式覆盖全部关系领域。,由共享基础引擎、M2-TEMPO与M3功能模块提供；只修正用户能够承载怎样的推进、联系、共同时间、负荷与恢复节奏，不直接判断现实关系一定同步。,M2说明进入关系前的确认节奏；M5-RHYTHM只处理关系进入认真阶段以后，双方怎样持续协调推进与生活节奏。,M3-BASE、EXPR、CARE、BOUND、CONFLICT提供日常相处和状态通道；M5-RHYTHM负责把双方时间、负荷、联系、空间与恢复合成为长期节奏结构。,无／按本规则指定的提议—观察—同意—执行—反馈—调整—恢复路径路由。,近位、远位只修正某项节奏需求进入亲密关系核心的可能；不得据此判断具体对象现实中一定快、慢、黏、疏或稳定。,根气只修正节奏需求是否稳定重复，不等于双方现实节奏已成熟协调。,旺弱只修正某项推进、联系、共享、变化或恢复通道的调用强度，不直接等于适配质量。,喜忌只修正节奏调用顺畅度与摩擦，不可直接翻译为某种五行、十神或对象类型必然适合。,真合化成立时按化神功能重算节奏需要；合化争议时停止细化节奏画像。,近位提高该节奏议题进入关系核心的可能；远位只保留背景或阶段性观察。,78,+6 场景路由,rhythm_domains,适合考试、项目、照护、疾病和家庭危机阶段。,这种模式更适合：适合考试、项目、照护、疾病和家庭危机阶段。,不得仅凭本规则推出具体日期、交往时长、多久结婚、联系次数、见面频率或关系结果；不得把快等同冲动、慢等同冷淡、高频等同亲密、低频等同不爱。现实安全、双方同意、持续行为、生活条件、反例与协商优先。,中,待验证,,rhythm_mode=HM09; provisional=true; rule_group=RHYTHM-HM模式; M3_STATE_pending=true,0.7
M5-RHYTHM-223,HM09 任务季临时压缩型｜成立条件,L3 关系节奏模式,RHYTHM-HM模式,通用,门控,HM09,任务季临时压缩型,开始、范围、最低责任、结束和恢复条件清楚。,只有人格标签、命盘风格或一方愿望。,由共享基础引擎、M2-TEMPO与M3功能模块提供；只修正用户能够承载怎样的推进、联系、共同时间、负荷与恢复节奏，不直接判断现实关系一定同步。,M2说明进入关系前的确认节奏；M5-RHYTHM只处理关系进入认真阶段以后，双方怎样持续协调推进与生活节奏。,M3-BASE、EXPR、CARE、BOUND、CONFLICT提供日常相处和状态通道；M5-RHYTHM负责把双方时间、负荷、联系、空间与恢复合成为长期节奏结构。,无／按本规则指定的提议—观察—同意—执行—反馈—调整—恢复路径路由。,近位、远位只修正某项节奏需求进入亲密关系核心的可能；不得据此判断具体对象现实中一定快、慢、黏、疏或稳定。,根气只修正节奏需求是否稳定重复，不等于双方现实节奏已成熟协调。,旺弱只修正某项推进、联系、共享、变化或恢复通道的调用强度，不直接等于适配质量。,喜忌只修正节奏调用顺畅度与摩擦，不可直接翻译为某种五行、十神或对象类型必然适合。,真合化成立时按化神功能重算节奏需要；合化争议时停止细化节奏画像。,近位提高该节奏议题进入关系核心的可能；远位只保留背景或阶段性观察。,90,+10 模式成立,rhythm_mode,任务季临时压缩型必须满足：开始、范围、最低责任、结束和恢复条件清楚。,要形成任务季临时压缩型，需要：开始、范围、最低责任、结束和恢复条件清楚。,不得仅凭本规则推出具体日期、交往时长、多久结婚、联系次数、见面频率或关系结果；不得把快等同冲动、慢等同冷淡、高频等同亲密、低频等同不爱。现实安全、双方同意、持续行为、生活条件、反例与协商优先。,中高,待验证,,rhythm_mode=HM09; provisional=true; rule_group=RHYTHM-HM模式; M3_STATE_pending=true,0.7
M5-RHYTHM-224,HM09 任务季临时压缩型｜伪适配与停止,L3 关系节奏模式,RHYTHM-HM模式,通用,风险,HM09,任务季临时压缩型,出现长期节奏失衡、控制、无限等待或负荷透支。,HV5—HV7现实证据能够排除。,由共享基础引擎、M2-TEMPO与M3功能模块提供；只修正用户能够承载怎样的推进、联系、共同时间、负荷与恢复节奏，不直接判断现实关系一定同步。,M2说明进入关系前的确认节奏；M5-RHYTHM只处理关系进入认真阶段以后，双方怎样持续协调推进与生活节奏。,M3-BASE、EXPR、CARE、BOUND、CONFLICT提供日常相处和状态通道；M5-RHYTHM负责把双方时间、负荷、联系、空间与恢复合成为长期节奏结构。,无／按本规则指定的提议—观察—同意—执行—反馈—调整—恢复路径路由。,近位、远位只修正某项节奏需求进入亲密关系核心的可能；不得据此判断具体对象现实中一定快、慢、黏、疏或稳定。,根气只修正节奏需求是否稳定重复，不等于双方现实节奏已成熟协调。,旺弱只修正某项推进、联系、共享、变化或恢复通道的调用强度，不直接等于适配质量。,喜忌只修正节奏调用顺畅度与摩擦，不可直接翻译为某种五行、十神或对象类型必然适合。,真合化成立时按化神功能重算节奏需要；合化争议时停止细化节奏画像。,近位提高该节奏议题进入关系核心的可能；远位只保留背景或阶段性观察。,94,风险 +12,pseudo_rhythm_warning,临时压缩被永久化，或以忙碌长期取消关系责任。,需要避免：临时压缩被永久化，或以忙碌长期取消关系责任。,不得仅凭本规则推出具体日期、交往时长、多久结婚、联系次数、见面频率或关系结果；不得把快等同冲动、慢等同冷淡、高频等同亲密、低频等同不爱。现实安全、双方同意、持续行为、生活条件、反例与协商优先。,高,待验证,,rhythm_mode=HM09; provisional=true; rule_group=RHYTHM-HM模式; M3_STATE_pending=true,0.7
M5-RHYTHM-225,HM09 任务季临时压缩型｜现实验证与输出,L3 关系节奏模式,RHYTHM-HM模式,通用,证据,HM09,任务季临时压缩型,HV3以上。,只有命盘、自述或单次事件。,由共享基础引擎、M2-TEMPO与M3功能模块提供；只修正用户能够承载怎样的推进、联系、共同时间、负荷与恢复节奏，不直接判断现实关系一定同步。,M2说明进入关系前的确认节奏；M5-RHYTHM只处理关系进入认真阶段以后，双方怎样持续协调推进与生活节奏。,M3-BASE、EXPR、CARE、BOUND、CONFLICT提供日常相处和状态通道；M5-RHYTHM负责把双方时间、负荷、联系、空间与恢复合成为长期节奏结构。,无／按本规则指定的提议—观察—同意—执行—反馈—调整—恢复路径路由。,近位、远位只修正某项节奏需求进入亲密关系核心的可能；不得据此判断具体对象现实中一定快、慢、黏、疏或稳定。,根气只修正节奏需求是否稳定重复，不等于双方现实节奏已成熟协调。,旺弱只修正某项推进、联系、共享、变化或恢复通道的调用强度，不直接等于适配质量。,喜忌只修正节奏调用顺畅度与摩擦，不可直接翻译为某种五行、十神或对象类型必然适合。,真合化成立时按化神功能重算节奏需要；合化争议时停止细化节奏画像。,近位提高该节奏议题进入关系核心的可能；远位只保留背景或阶段性观察。,78,不加分；现实核验,observation_plan,HM模式必须由双方同意、执行、反馈、负荷和恢复共同验证。,要看这套节奏在现实变化后还能否继续运行。,不得仅凭本规则推出具体日期、交往时长、多久结婚、联系次数、见面频率或关系结果；不得把快等同冲动、慢等同冷淡、高频等同亲密、低频等同不爱。现实安全、双方同意、持续行为、生活条件、反例与协商优先。,中,待验证,,rhythm_mode=HM09; provisional=true; rule_group=RHYTHM-HM模式; M3_STATE_pending=true,0.7
M5-RHYTHM-226,HM10 新鲜—稳定双轨型｜正式定义,L3 关系节奏模式,RHYTHM-HM模式,通用,定义,HM10,新鲜—稳定双轨型,M5-BASE、M2-TEMPO、现实阶段或上游模块路由该模式。,PR0安全门控未通过。,由共享基础引擎、M2-TEMPO与M3功能模块提供；只修正用户能够承载怎样的推进、联系、共同时间、负荷与恢复节奏，不直接判断现实关系一定同步。,M2说明进入关系前的确认节奏；M5-RHYTHM只处理关系进入认真阶段以后，双方怎样持续协调推进与生活节奏。,M3-BASE、EXPR、CARE、BOUND、CONFLICT提供日常相处和状态通道；M5-RHYTHM负责把双方时间、负荷、联系、空间与恢复合成为长期节奏结构。,无／按本规则指定的提议—观察—同意—执行—反馈—调整—恢复路径路由。,近位、远位只修正某项节奏需求进入亲密关系核心的可能；不得据此判断具体对象现实中一定快、慢、黏、疏或稳定。,根气只修正节奏需求是否稳定重复，不等于双方现实节奏已成熟协调。,旺弱只修正某项推进、联系、共享、变化或恢复通道的调用强度，不直接等于适配质量。,喜忌只修正节奏调用顺畅度与摩擦，不可直接翻译为某种五行、十神或对象类型必然适合。,真合化成立时按化神功能重算节奏需要；合化争议时停止细化节奏画像。,近位提高该节奏议题进入关系核心的可能；远位只保留背景或阶段性观察。,90,HM候选 +8,rhythm_mode,共同体验和日常经营并行，体验增加活力，稳定安排提供承载。,关系节奏更接近新鲜—稳定双轨型。,不得仅凭本规则推出具体日期、交往时长、多久结婚、联系次数、见面频率或关系结果；不得把快等同冲动、慢等同冷淡、高频等同亲密、低频等同不爱。现实安全、双方同意、持续行为、生活条件、反例与协商优先。,中高,待验证,,rhythm_mode=HM10; provisional=true; rule_group=RHYTHM-HM模式; M3_STATE_pending=true,0.7
M5-RHYTHM-227,HM10 新鲜—稳定双轨型｜适用领域／阶段,L3 关系节奏模式,RHYTHM-HM模式,通用,场景,HM10,新鲜—稳定双轨型,存在对应HD领域或PH阶段。,把一种模式覆盖全部关系领域。,由共享基础引擎、M2-TEMPO与M3功能模块提供；只修正用户能够承载怎样的推进、联系、共同时间、负荷与恢复节奏，不直接判断现实关系一定同步。,M2说明进入关系前的确认节奏；M5-RHYTHM只处理关系进入认真阶段以后，双方怎样持续协调推进与生活节奏。,M3-BASE、EXPR、CARE、BOUND、CONFLICT提供日常相处和状态通道；M5-RHYTHM负责把双方时间、负荷、联系、空间与恢复合成为长期节奏结构。,无／按本规则指定的提议—观察—同意—执行—反馈—调整—恢复路径路由。,近位、远位只修正某项节奏需求进入亲密关系核心的可能；不得据此判断具体对象现实中一定快、慢、黏、疏或稳定。,根气只修正节奏需求是否稳定重复，不等于双方现实节奏已成熟协调。,旺弱只修正某项推进、联系、共享、变化或恢复通道的调用强度，不直接等于适配质量。,喜忌只修正节奏调用顺畅度与摩擦，不可直接翻译为某种五行、十神或对象类型必然适合。,真合化成立时按化神功能重算节奏需要；合化争议时停止细化节奏画像。,近位提高该节奏议题进入关系核心的可能；远位只保留背景或阶段性观察。,78,+6 场景路由,rhythm_domains,适合既需要新鲜感又需要可靠日常的关系。,这种模式更适合：适合既需要新鲜感又需要可靠日常的关系。,不得仅凭本规则推出具体日期、交往时长、多久结婚、联系次数、见面频率或关系结果；不得把快等同冲动、慢等同冷淡、高频等同亲密、低频等同不爱。现实安全、双方同意、持续行为、生活条件、反例与协商优先。,中,待验证,,rhythm_mode=HM10; provisional=true; rule_group=RHYTHM-HM模式; M3_STATE_pending=true,0.7
M5-RHYTHM-228,HM10 新鲜—稳定双轨型｜成立条件,L3 关系节奏模式,RHYTHM-HM模式,通用,门控,HM10,新鲜—稳定双轨型,高光体验后形成持续安排，日常中保留变化。,只有人格标签、命盘风格或一方愿望。,由共享基础引擎、M2-TEMPO与M3功能模块提供；只修正用户能够承载怎样的推进、联系、共同时间、负荷与恢复节奏，不直接判断现实关系一定同步。,M2说明进入关系前的确认节奏；M5-RHYTHM只处理关系进入认真阶段以后，双方怎样持续协调推进与生活节奏。,M3-BASE、EXPR、CARE、BOUND、CONFLICT提供日常相处和状态通道；M5-RHYTHM负责把双方时间、负荷、联系、空间与恢复合成为长期节奏结构。,无／按本规则指定的提议—观察—同意—执行—反馈—调整—恢复路径路由。,近位、远位只修正某项节奏需求进入亲密关系核心的可能；不得据此判断具体对象现实中一定快、慢、黏、疏或稳定。,根气只修正节奏需求是否稳定重复，不等于双方现实节奏已成熟协调。,旺弱只修正某项推进、联系、共享、变化或恢复通道的调用强度，不直接等于适配质量。,喜忌只修正节奏调用顺畅度与摩擦，不可直接翻译为某种五行、十神或对象类型必然适合。,真合化成立时按化神功能重算节奏需要；合化争议时停止细化节奏画像。,近位提高该节奏议题进入关系核心的可能；远位只保留背景或阶段性观察。,90,+10 模式成立,rhythm_mode,新鲜—稳定双轨型必须满足：高光体验后形成持续安排，日常中保留变化。,要形成新鲜—稳定双轨型，需要：高光体验后形成持续安排，日常中保留变化。,不得仅凭本规则推出具体日期、交往时长、多久结婚、联系次数、见面频率或关系结果；不得把快等同冲动、慢等同冷淡、高频等同亲密、低频等同不爱。现实安全、双方同意、持续行为、生活条件、反例与协商优先。,中高,待验证,,rhythm_mode=HM10; provisional=true; rule_group=RHYTHM-HM模式; M3_STATE_pending=true,0.7
M5-RHYTHM-229,HM10 新鲜—稳定双轨型｜伪适配与停止,L3 关系节奏模式,RHYTHM-HM模式,通用,风险,HM10,新鲜—稳定双轨型,出现长期节奏失衡、控制、无限等待或负荷透支。,HV5—HV7现实证据能够排除。,由共享基础引擎、M2-TEMPO与M3功能模块提供；只修正用户能够承载怎样的推进、联系、共同时间、负荷与恢复节奏，不直接判断现实关系一定同步。,M2说明进入关系前的确认节奏；M5-RHYTHM只处理关系进入认真阶段以后，双方怎样持续协调推进与生活节奏。,M3-BASE、EXPR、CARE、BOUND、CONFLICT提供日常相处和状态通道；M5-RHYTHM负责把双方时间、负荷、联系、空间与恢复合成为长期节奏结构。,无／按本规则指定的提议—观察—同意—执行—反馈—调整—恢复路径路由。,近位、远位只修正某项节奏需求进入亲密关系核心的可能；不得据此判断具体对象现实中一定快、慢、黏、疏或稳定。,根气只修正节奏需求是否稳定重复，不等于双方现实节奏已成熟协调。,旺弱只修正某项推进、联系、共享、变化或恢复通道的调用强度，不直接等于适配质量。,喜忌只修正节奏调用顺畅度与摩擦，不可直接翻译为某种五行、十神或对象类型必然适合。,真合化成立时按化神功能重算节奏需要；合化争议时停止细化节奏画像。,近位提高该节奏议题进入关系核心的可能；远位只保留背景或阶段性观察。,94,风险 +12,pseudo_rhythm_warning,新鲜感替代责任，或稳定压掉所有活力。,需要避免：新鲜感替代责任，或稳定压掉所有活力。,不得仅凭本规则推出具体日期、交往时长、多久结婚、联系次数、见面频率或关系结果；不得把快等同冲动、慢等同冷淡、高频等同亲密、低频等同不爱。现实安全、双方同意、持续行为、生活条件、反例与协商优先。,高,待验证,,rhythm_mode=HM10; provisional=true; rule_group=RHYTHM-HM模式; M3_STATE_pending=true,0.7
M5-RHYTHM-230,HM10 新鲜—稳定双轨型｜现实验证与输出,L3 关系节奏模式,RHYTHM-HM模式,通用,证据,HM10,新鲜—稳定双轨型,HV3以上。,只有命盘、自述或单次事件。,由共享基础引擎、M2-TEMPO与M3功能模块提供；只修正用户能够承载怎样的推进、联系、共同时间、负荷与恢复节奏，不直接判断现实关系一定同步。,M2说明进入关系前的确认节奏；M5-RHYTHM只处理关系进入认真阶段以后，双方怎样持续协调推进与生活节奏。,M3-BASE、EXPR、CARE、BOUND、CONFLICT提供日常相处和状态通道；M5-RHYTHM负责把双方时间、负荷、联系、空间与恢复合成为长期节奏结构。,无／按本规则指定的提议—观察—同意—执行—反馈—调整—恢复路径路由。,近位、远位只修正某项节奏需求进入亲密关系核心的可能；不得据此判断具体对象现实中一定快、慢、黏、疏或稳定。,根气只修正节奏需求是否稳定重复，不等于双方现实节奏已成熟协调。,旺弱只修正某项推进、联系、共享、变化或恢复通道的调用强度，不直接等于适配质量。,喜忌只修正节奏调用顺畅度与摩擦，不可直接翻译为某种五行、十神或对象类型必然适合。,真合化成立时按化神功能重算节奏需要；合化争议时停止细化节奏画像。,近位提高该节奏议题进入关系核心的可能；远位只保留背景或阶段性观察。,78,不加分；现实核验,observation_plan,HM模式必须由双方同意、执行、反馈、负荷和恢复共同验证。,要看这套节奏在现实变化后还能否继续运行。,不得仅凭本规则推出具体日期、交往时长、多久结婚、联系次数、见面频率或关系结果；不得把快等同冲动、慢等同冷淡、高频等同亲密、低频等同不爱。现实安全、双方同意、持续行为、生活条件、反例与协商优先。,中,待验证,,rhythm_mode=HM10; provisional=true; rule_group=RHYTHM-HM模式; M3_STATE_pending=true,0.7
M5-RHYTHM-231,HM11 压力—恢复循环型｜正式定义,L3 关系节奏模式,RHYTHM-HM模式,通用,定义,HM11,压力—恢复循环型,M5-BASE、M2-TEMPO、现实阶段或上游模块路由该模式。,PR0安全门控未通过。,由共享基础引擎、M2-TEMPO与M3功能模块提供；只修正用户能够承载怎样的推进、联系、共同时间、负荷与恢复节奏，不直接判断现实关系一定同步。,M2说明进入关系前的确认节奏；M5-RHYTHM只处理关系进入认真阶段以后，双方怎样持续协调推进与生活节奏。,M3-BASE、EXPR、CARE、BOUND、CONFLICT提供日常相处和状态通道；M5-RHYTHM负责把双方时间、负荷、联系、空间与恢复合成为长期节奏结构。,无／按本规则指定的提议—观察—同意—执行—反馈—调整—恢复路径路由。,近位、远位只修正某项节奏需求进入亲密关系核心的可能；不得据此判断具体对象现实中一定快、慢、黏、疏或稳定。,根气只修正节奏需求是否稳定重复，不等于双方现实节奏已成熟协调。,旺弱只修正某项推进、联系、共享、变化或恢复通道的调用强度，不直接等于适配质量。,喜忌只修正节奏调用顺畅度与摩擦，不可直接翻译为某种五行、十神或对象类型必然适合。,真合化成立时按化神功能重算节奏需要；合化争议时停止细化节奏画像。,近位提高该节奏议题进入关系核心的可能；远位只保留背景或阶段性观察。,90,HM候选 +8,rhythm_mode,压力期调整节奏，恢复期逐步重建联系、任务、亲密和共同计划。,关系节奏更接近压力—恢复循环型。,不得仅凭本规则推出具体日期、交往时长、多久结婚、联系次数、见面频率或关系结果；不得把快等同冲动、慢等同冷淡、高频等同亲密、低频等同不爱。现实安全、双方同意、持续行为、生活条件、反例与协商优先。,中高,待验证,,rhythm_mode=HM11; provisional=true; rule_group=RHYTHM-HM模式; M3_STATE_pending=true,0.7
M5-RHYTHM-232,HM11 压力—恢复循环型｜适用领域／阶段,L3 关系节奏模式,RHYTHM-HM模式,通用,场景,HM11,压力—恢复循环型,存在对应HD领域或PH阶段。,把一种模式覆盖全部关系领域。,由共享基础引擎、M2-TEMPO与M3功能模块提供；只修正用户能够承载怎样的推进、联系、共同时间、负荷与恢复节奏，不直接判断现实关系一定同步。,M2说明进入关系前的确认节奏；M5-RHYTHM只处理关系进入认真阶段以后，双方怎样持续协调推进与生活节奏。,M3-BASE、EXPR、CARE、BOUND、CONFLICT提供日常相处和状态通道；M5-RHYTHM负责把双方时间、负荷、联系、空间与恢复合成为长期节奏结构。,无／按本规则指定的提议—观察—同意—执行—反馈—调整—恢复路径路由。,近位、远位只修正某项节奏需求进入亲密关系核心的可能；不得据此判断具体对象现实中一定快、慢、黏、疏或稳定。,根气只修正节奏需求是否稳定重复，不等于双方现实节奏已成熟协调。,旺弱只修正某项推进、联系、共享、变化或恢复通道的调用强度，不直接等于适配质量。,喜忌只修正节奏调用顺畅度与摩擦，不可直接翻译为某种五行、十神或对象类型必然适合。,真合化成立时按化神功能重算节奏需要；合化争议时停止细化节奏画像。,近位提高该节奏议题进入关系核心的可能；远位只保留背景或阶段性观察。,78,+6 场景路由,rhythm_domains,适合负荷波动和冲突后需要阶段恢复的关系。,这种模式更适合：适合负荷波动和冲突后需要阶段恢复的关系。,不得仅凭本规则推出具体日期、交往时长、多久结婚、联系次数、见面频率或关系结果；不得把快等同冲动、慢等同冷淡、高频等同亲密、低频等同不爱。现实安全、双方同意、持续行为、生活条件、反例与协商优先。,中,待验证,,rhythm_mode=HM11; provisional=true; rule_group=RHYTHM-HM模式; M3_STATE_pending=true,0.7
M5-RHYTHM-233,HM11 压力—恢复循环型｜成立条件,L3 关系节奏模式,RHYTHM-HM模式,通用,门控,HM11,压力—恢复循环型,状态识别、临时规则、回归顺序和复盘清楚。,只有人格标签、命盘风格或一方愿望。,由共享基础引擎、M2-TEMPO与M3功能模块提供；只修正用户能够承载怎样的推进、联系、共同时间、负荷与恢复节奏，不直接判断现实关系一定同步。,M2说明进入关系前的确认节奏；M5-RHYTHM只处理关系进入认真阶段以后，双方怎样持续协调推进与生活节奏。,M3-BASE、EXPR、CARE、BOUND、CONFLICT提供日常相处和状态通道；M5-RHYTHM负责把双方时间、负荷、联系、空间与恢复合成为长期节奏结构。,无／按本规则指定的提议—观察—同意—执行—反馈—调整—恢复路径路由。,近位、远位只修正某项节奏需求进入亲密关系核心的可能；不得据此判断具体对象现实中一定快、慢、黏、疏或稳定。,根气只修正节奏需求是否稳定重复，不等于双方现实节奏已成熟协调。,旺弱只修正某项推进、联系、共享、变化或恢复通道的调用强度，不直接等于适配质量。,喜忌只修正节奏调用顺畅度与摩擦，不可直接翻译为某种五行、十神或对象类型必然适合。,真合化成立时按化神功能重算节奏需要；合化争议时停止细化节奏画像。,近位提高该节奏议题进入关系核心的可能；远位只保留背景或阶段性观察。,90,+10 模式成立,rhythm_mode,压力—恢复循环型必须满足：状态识别、临时规则、回归顺序和复盘清楚。,要形成压力—恢复循环型，需要：状态识别、临时规则、回归顺序和复盘清楚。,不得仅凭本规则推出具体日期、交往时长、多久结婚、联系次数、见面频率或关系结果；不得把快等同冲动、慢等同冷淡、高频等同亲密、低频等同不爱。现实安全、双方同意、持续行为、生活条件、反例与协商优先。,中高,待验证,,rhythm_mode=HM11; provisional=true; rule_group=RHYTHM-HM模式; M3_STATE_pending=true,0.7
M5-RHYTHM-234,HM11 压力—恢复循环型｜伪适配与停止,L3 关系节奏模式,RHYTHM-HM模式,通用,风险,HM11,压力—恢复循环型,出现长期节奏失衡、控制、无限等待或负荷透支。,HV5—HV7现实证据能够排除。,由共享基础引擎、M2-TEMPO与M3功能模块提供；只修正用户能够承载怎样的推进、联系、共同时间、负荷与恢复节奏，不直接判断现实关系一定同步。,M2说明进入关系前的确认节奏；M5-RHYTHM只处理关系进入认真阶段以后，双方怎样持续协调推进与生活节奏。,M3-BASE、EXPR、CARE、BOUND、CONFLICT提供日常相处和状态通道；M5-RHYTHM负责把双方时间、负荷、联系、空间与恢复合成为长期节奏结构。,无／按本规则指定的提议—观察—同意—执行—反馈—调整—恢复路径路由。,近位、远位只修正某项节奏需求进入亲密关系核心的可能；不得据此判断具体对象现实中一定快、慢、黏、疏或稳定。,根气只修正节奏需求是否稳定重复，不等于双方现实节奏已成熟协调。,旺弱只修正某项推进、联系、共享、变化或恢复通道的调用强度，不直接等于适配质量。,喜忌只修正节奏调用顺畅度与摩擦，不可直接翻译为某种五行、十神或对象类型必然适合。,真合化成立时按化神功能重算节奏需要；合化争议时停止细化节奏画像。,近位提高该节奏议题进入关系核心的可能；远位只保留背景或阶段性观察。,94,风险 +12,pseudo_rhythm_warning,问题结束就要求马上恢复，或恢复期无限拖延。,需要避免：问题结束就要求马上恢复，或恢复期无限拖延。,不得仅凭本规则推出具体日期、交往时长、多久结婚、联系次数、见面频率或关系结果；不得把快等同冲动、慢等同冷淡、高频等同亲密、低频等同不爱。现实安全、双方同意、持续行为、生活条件、反例与协商优先。,高,待验证,,rhythm_mode=HM11; provisional=true; rule_group=RHYTHM-HM模式; M3_STATE_pending=true,0.7
M5-RHYTHM-235,HM11 压力—恢复循环型｜现实验证与输出,L3 关系节奏模式,RHYTHM-HM模式,通用,证据,HM11,压力—恢复循环型,HV3以上。,只有命盘、自述或单次事件。,由共享基础引擎、M2-TEMPO与M3功能模块提供；只修正用户能够承载怎样的推进、联系、共同时间、负荷与恢复节奏，不直接判断现实关系一定同步。,M2说明进入关系前的确认节奏；M5-RHYTHM只处理关系进入认真阶段以后，双方怎样持续协调推进与生活节奏。,M3-BASE、EXPR、CARE、BOUND、CONFLICT提供日常相处和状态通道；M5-RHYTHM负责把双方时间、负荷、联系、空间与恢复合成为长期节奏结构。,无／按本规则指定的提议—观察—同意—执行—反馈—调整—恢复路径路由。,近位、远位只修正某项节奏需求进入亲密关系核心的可能；不得据此判断具体对象现实中一定快、慢、黏、疏或稳定。,根气只修正节奏需求是否稳定重复，不等于双方现实节奏已成熟协调。,旺弱只修正某项推进、联系、共享、变化或恢复通道的调用强度，不直接等于适配质量。,喜忌只修正节奏调用顺畅度与摩擦，不可直接翻译为某种五行、十神或对象类型必然适合。,真合化成立时按化神功能重算节奏需要；合化争议时停止细化节奏画像。,近位提高该节奏议题进入关系核心的可能；远位只保留背景或阶段性观察。,78,不加分；现实核验,observation_plan,HM模式必须由双方同意、执行、反馈、负荷和恢复共同验证。,要看这套节奏在现实变化后还能否继续运行。,不得仅凭本规则推出具体日期、交往时长、多久结婚、联系次数、见面频率或关系结果；不得把快等同冲动、慢等同冷淡、高频等同亲密、低频等同不爱。现实安全、双方同意、持续行为、生活条件、反例与协商优先。,中,待验证,,rhythm_mode=HM11; provisional=true; rule_group=RHYTHM-HM模式; M3_STATE_pending=true,0.7
M5-RHYTHM-236,HM12 情境组合型｜正式定义,L3 关系节奏模式,RHYTHM-HM模式,通用,定义,HM12,情境组合型,M5-BASE、M2-TEMPO、现实阶段或上游模块路由该模式。,PR0安全门控未通过。,由共享基础引擎、M2-TEMPO与M3功能模块提供；只修正用户能够承载怎样的推进、联系、共同时间、负荷与恢复节奏，不直接判断现实关系一定同步。,M2说明进入关系前的确认节奏；M5-RHYTHM只处理关系进入认真阶段以后，双方怎样持续协调推进与生活节奏。,M3-BASE、EXPR、CARE、BOUND、CONFLICT提供日常相处和状态通道；M5-RHYTHM负责把双方时间、负荷、联系、空间与恢复合成为长期节奏结构。,无／按本规则指定的提议—观察—同意—执行—反馈—调整—恢复路径路由。,近位、远位只修正某项节奏需求进入亲密关系核心的可能；不得据此判断具体对象现实中一定快、慢、黏、疏或稳定。,根气只修正节奏需求是否稳定重复，不等于双方现实节奏已成熟协调。,旺弱只修正某项推进、联系、共享、变化或恢复通道的调用强度，不直接等于适配质量。,喜忌只修正节奏调用顺畅度与摩擦，不可直接翻译为某种五行、十神或对象类型必然适合。,真合化成立时按化神功能重算节奏需要；合化争议时停止细化节奏画像。,近位提高该节奏议题进入关系核心的可能；远位只保留背景或阶段性观察。,90,HM候选 +8,rhythm_mode,不同领域和阶段使用快速、慢热、高频、低频、分工或弹性节奏。,关系节奏更接近情境组合型。,不得仅凭本规则推出具体日期、交往时长、多久结婚、联系次数、见面频率或关系结果；不得把快等同冲动、慢等同冷淡、高频等同亲密、低频等同不爱。现实安全、双方同意、持续行为、生活条件、反例与协商优先。,中高,待验证,,rhythm_mode=HM12; provisional=true; rule_group=RHYTHM-HM模式; M3_STATE_pending=true,0.7
M5-RHYTHM-237,HM12 情境组合型｜适用领域／阶段,L3 关系节奏模式,RHYTHM-HM模式,通用,场景,HM12,情境组合型,存在对应HD领域或PH阶段。,把一种模式覆盖全部关系领域。,由共享基础引擎、M2-TEMPO与M3功能模块提供；只修正用户能够承载怎样的推进、联系、共同时间、负荷与恢复节奏，不直接判断现实关系一定同步。,M2说明进入关系前的确认节奏；M5-RHYTHM只处理关系进入认真阶段以后，双方怎样持续协调推进与生活节奏。,M3-BASE、EXPR、CARE、BOUND、CONFLICT提供日常相处和状态通道；M5-RHYTHM负责把双方时间、负荷、联系、空间与恢复合成为长期节奏结构。,无／按本规则指定的提议—观察—同意—执行—反馈—调整—恢复路径路由。,近位、远位只修正某项节奏需求进入亲密关系核心的可能；不得据此判断具体对象现实中一定快、慢、黏、疏或稳定。,根气只修正节奏需求是否稳定重复，不等于双方现实节奏已成熟协调。,旺弱只修正某项推进、联系、共享、变化或恢复通道的调用强度，不直接等于适配质量。,喜忌只修正节奏调用顺畅度与摩擦，不可直接翻译为某种五行、十神或对象类型必然适合。,真合化成立时按化神功能重算节奏需要；合化争议时停止细化节奏画像。,近位提高该节奏议题进入关系核心的可能；远位只保留背景或阶段性观察。,78,+6 场景路由,rhythm_domains,适合现实角色复杂、关系阶段多变的关系。,这种模式更适合：适合现实角色复杂、关系阶段多变的关系。,不得仅凭本规则推出具体日期、交往时长、多久结婚、联系次数、见面频率或关系结果；不得把快等同冲动、慢等同冷淡、高频等同亲密、低频等同不爱。现实安全、双方同意、持续行为、生活条件、反例与协商优先。,中,待验证,,rhythm_mode=HM12; provisional=true; rule_group=RHYTHM-HM模式; M3_STATE_pending=true,0.7
M5-RHYTHM-238,HM12 情境组合型｜成立条件,L3 关系节奏模式,RHYTHM-HM模式,通用,门控,HM12,情境组合型,每个领域有最低标准，整体不互相冲突。,只有人格标签、命盘风格或一方愿望。,由共享基础引擎、M2-TEMPO与M3功能模块提供；只修正用户能够承载怎样的推进、联系、共同时间、负荷与恢复节奏，不直接判断现实关系一定同步。,M2说明进入关系前的确认节奏；M5-RHYTHM只处理关系进入认真阶段以后，双方怎样持续协调推进与生活节奏。,M3-BASE、EXPR、CARE、BOUND、CONFLICT提供日常相处和状态通道；M5-RHYTHM负责把双方时间、负荷、联系、空间与恢复合成为长期节奏结构。,无／按本规则指定的提议—观察—同意—执行—反馈—调整—恢复路径路由。,近位、远位只修正某项节奏需求进入亲密关系核心的可能；不得据此判断具体对象现实中一定快、慢、黏、疏或稳定。,根气只修正节奏需求是否稳定重复，不等于双方现实节奏已成熟协调。,旺弱只修正某项推进、联系、共享、变化或恢复通道的调用强度，不直接等于适配质量。,喜忌只修正节奏调用顺畅度与摩擦，不可直接翻译为某种五行、十神或对象类型必然适合。,真合化成立时按化神功能重算节奏需要；合化争议时停止细化节奏画像。,近位提高该节奏议题进入关系核心的可能；远位只保留背景或阶段性观察。,90,+10 模式成立,rhythm_mode,情境组合型必须满足：每个领域有最低标准，整体不互相冲突。,要形成情境组合型，需要：每个领域有最低标准，整体不互相冲突。,不得仅凭本规则推出具体日期、交往时长、多久结婚、联系次数、见面频率或关系结果；不得把快等同冲动、慢等同冷淡、高频等同亲密、低频等同不爱。现实安全、双方同意、持续行为、生活条件、反例与协商优先。,中高,待验证,,rhythm_mode=HM12; provisional=true; rule_group=RHYTHM-HM模式; M3_STATE_pending=true,0.7
M5-RHYTHM-239,HM12 情境组合型｜伪适配与停止,L3 关系节奏模式,RHYTHM-HM模式,通用,风险,HM12,情境组合型,出现长期节奏失衡、控制、无限等待或负荷透支。,HV5—HV7现实证据能够排除。,由共享基础引擎、M2-TEMPO与M3功能模块提供；只修正用户能够承载怎样的推进、联系、共同时间、负荷与恢复节奏，不直接判断现实关系一定同步。,M2说明进入关系前的确认节奏；M5-RHYTHM只处理关系进入认真阶段以后，双方怎样持续协调推进与生活节奏。,M3-BASE、EXPR、CARE、BOUND、CONFLICT提供日常相处和状态通道；M5-RHYTHM负责把双方时间、负荷、联系、空间与恢复合成为长期节奏结构。,无／按本规则指定的提议—观察—同意—执行—反馈—调整—恢复路径路由。,近位、远位只修正某项节奏需求进入亲密关系核心的可能；不得据此判断具体对象现实中一定快、慢、黏、疏或稳定。,根气只修正节奏需求是否稳定重复，不等于双方现实节奏已成熟协调。,旺弱只修正某项推进、联系、共享、变化或恢复通道的调用强度，不直接等于适配质量。,喜忌只修正节奏调用顺畅度与摩擦，不可直接翻译为某种五行、十神或对象类型必然适合。,真合化成立时按化神功能重算节奏需要；合化争议时停止细化节奏画像。,近位提高该节奏议题进入关系核心的可能；远位只保留背景或阶段性观察。,94,风险 +12,pseudo_rhythm_warning,随意切换、没有承诺、反馈和复核。,需要避免：随意切换、没有承诺、反馈和复核。,不得仅凭本规则推出具体日期、交往时长、多久结婚、联系次数、见面频率或关系结果；不得把快等同冲动、慢等同冷淡、高频等同亲密、低频等同不爱。现实安全、双方同意、持续行为、生活条件、反例与协商优先。,高,待验证,,rhythm_mode=HM12; provisional=true; rule_group=RHYTHM-HM模式; M3_STATE_pending=true,0.7
M5-RHYTHM-240,HM12 情境组合型｜现实验证与输出,L3 关系节奏模式,RHYTHM-HM模式,通用,证据,HM12,情境组合型,HV3以上。,只有命盘、自述或单次事件。,由共享基础引擎、M2-TEMPO与M3功能模块提供；只修正用户能够承载怎样的推进、联系、共同时间、负荷与恢复节奏，不直接判断现实关系一定同步。,M2说明进入关系前的确认节奏；M5-RHYTHM只处理关系进入认真阶段以后，双方怎样持续协调推进与生活节奏。,M3-BASE、EXPR、CARE、BOUND、CONFLICT提供日常相处和状态通道；M5-RHYTHM负责把双方时间、负荷、联系、空间与恢复合成为长期节奏结构。,无／按本规则指定的提议—观察—同意—执行—反馈—调整—恢复路径路由。,近位、远位只修正某项节奏需求进入亲密关系核心的可能；不得据此判断具体对象现实中一定快、慢、黏、疏或稳定。,根气只修正节奏需求是否稳定重复，不等于双方现实节奏已成熟协调。,旺弱只修正某项推进、联系、共享、变化或恢复通道的调用强度，不直接等于适配质量。,喜忌只修正节奏调用顺畅度与摩擦，不可直接翻译为某种五行、十神或对象类型必然适合。,真合化成立时按化神功能重算节奏需要；合化争议时停止细化节奏画像。,近位提高该节奏议题进入关系核心的可能；远位只保留背景或阶段性观察。,78,不加分；现实核验,observation_plan,HM模式必须由双方同意、执行、反馈、负荷和恢复共同验证。,要看这套节奏在现实变化后还能否继续运行。,不得仅凭本规则推出具体日期、交往时长、多久结婚、联系次数、见面频率或关系结果；不得把快等同冲动、慢等同冷淡、高频等同亲密、低频等同不爱。现实安全、双方同意、持续行为、生活条件、反例与协商优先。,中,待验证,,rhythm_mode=HM12; provisional=true; rule_group=RHYTHM-HM模式; M3_STATE_pending=true,0.7
M5-RHYTHM-241,HS01 节奏一致且可持续｜正式定义,L4 节奏状态,RHYTHM-HS状态,通用,定义,HS01,节奏一致且可持续,HV4以上；HO01、HO02、HO03、HO05、HO10至少四项可靠。,PR0安全停止。,由共享基础引擎、M2-TEMPO与M3功能模块提供；只修正用户能够承载怎样的推进、联系、共同时间、负荷与恢复节奏，不直接判断现实关系一定同步。,M2说明进入关系前的确认节奏；M5-RHYTHM只处理关系进入认真阶段以后，双方怎样持续协调推进与生活节奏。,M3-BASE、EXPR、CARE、BOUND、CONFLICT提供日常相处和状态通道；M5-RHYTHM负责把双方时间、负荷、联系、空间与恢复合成为长期节奏结构。,无／按本规则指定的提议—观察—同意—执行—反馈—调整—恢复路径路由。,近位、远位只修正某项节奏需求进入亲密关系核心的可能；不得据此判断具体对象现实中一定快、慢、黏、疏或稳定。,根气只修正节奏需求是否稳定重复，不等于双方现实节奏已成熟协调。,旺弱只修正某项推进、联系、共享、变化或恢复通道的调用强度，不直接等于适配质量。,喜忌只修正节奏调用顺畅度与摩擦，不可直接翻译为某种五行、十神或对象类型必然适合。,真合化成立时按化神功能重算节奏需要；合化争议时停止细化节奏画像。,近位提高该节奏议题进入关系核心的可能；远位只保留背景或阶段性观察。,94,不加分；状态定义,rhythm_state,双方对推进、联系、共同时间和恢复的需求大致一致，并能长期承载。,双方对快慢和联系有较稳定共识，也能随现实变化调整。,不得仅凭本规则推出具体日期、交往时长、多久结婚、联系次数、见面频率或关系结果；不得把快等同冲动、慢等同冷淡、高频等同亲密、低频等同不爱。现实安全、双方同意、持续行为、生活条件、反例与协商优先。,高,待验证,,rhythm_state=HS01; provisional=true; rule_group=RHYTHM-HS状态; M3_STATE_pending=true,0.7
M5-RHYTHM-242,HS01 节奏一致且可持续｜成立条件,L4 节奏状态,RHYTHM-HS状态,通用,门控,HS01,节奏一致且可持续,HV4以上；HO01、HO02、HO03、HO05、HO10至少四项可靠。,只有命盘结构、同源重复或单次事件。,由共享基础引擎、M2-TEMPO与M3功能模块提供；只修正用户能够承载怎样的推进、联系、共同时间、负荷与恢复节奏，不直接判断现实关系一定同步。,M2说明进入关系前的确认节奏；M5-RHYTHM只处理关系进入认真阶段以后，双方怎样持续协调推进与生活节奏。,M3-BASE、EXPR、CARE、BOUND、CONFLICT提供日常相处和状态通道；M5-RHYTHM负责把双方时间、负荷、联系、空间与恢复合成为长期节奏结构。,无／按本规则指定的提议—观察—同意—执行—反馈—调整—恢复路径路由。,近位、远位只修正某项节奏需求进入亲密关系核心的可能；不得据此判断具体对象现实中一定快、慢、黏、疏或稳定。,根气只修正节奏需求是否稳定重复，不等于双方现实节奏已成熟协调。,旺弱只修正某项推进、联系、共享、变化或恢复通道的调用强度，不直接等于适配质量。,喜忌只修正节奏调用顺畅度与摩擦，不可直接翻译为某种五行、十神或对象类型必然适合。,真合化成立时按化神功能重算节奏需要；合化争议时停止细化节奏画像。,近位提高该节奏议题进入关系核心的可能；远位只保留背景或阶段性观察。,90,状态路由,rhythm_state,节奏一致且可持续必须满足：HV4以上；HO01、HO02、HO03、HO05、HO10至少四项可靠。,判断到节奏一致且可持续，需要看到：HV4以上；HO01、HO02、HO03、HO05、HO10至少四项可靠。,不得仅凭本规则推出具体日期、交往时长、多久结婚、联系次数、见面频率或关系结果；不得把快等同冲动、慢等同冷淡、高频等同亲密、低频等同不爱。现实安全、双方同意、持续行为、生活条件、反例与协商优先。,中高,待验证,,rhythm_state=HS01; provisional=true; rule_group=RHYTHM-HS状态; M3_STATE_pending=true,0.7
M5-RHYTHM-243,HS01 节奏一致且可持续｜报告处理,L4 节奏状态,RHYTHM-HS状态,通用,路由,HS01,节奏一致且可持续,HV4以上；HO01、HO02、HO03、HO05、HO10至少四项可靠。,资料与状态不一致。,由共享基础引擎、M2-TEMPO与M3功能模块提供；只修正用户能够承载怎样的推进、联系、共同时间、负荷与恢复节奏，不直接判断现实关系一定同步。,M2说明进入关系前的确认节奏；M5-RHYTHM只处理关系进入认真阶段以后，双方怎样持续协调推进与生活节奏。,M3-BASE、EXPR、CARE、BOUND、CONFLICT提供日常相处和状态通道；M5-RHYTHM负责把双方时间、负荷、联系、空间与恢复合成为长期节奏结构。,无／按本规则指定的提议—观察—同意—执行—反馈—调整—恢复路径路由。,近位、远位只修正某项节奏需求进入亲密关系核心的可能；不得据此判断具体对象现实中一定快、慢、黏、疏或稳定。,根气只修正节奏需求是否稳定重复，不等于双方现实节奏已成熟协调。,旺弱只修正某项推进、联系、共享、变化或恢复通道的调用强度，不直接等于适配质量。,喜忌只修正节奏调用顺畅度与摩擦，不可直接翻译为某种五行、十神或对象类型必然适合。,真合化成立时按化神功能重算节奏需要；合化争议时停止细化节奏画像。,近位提高该节奏议题进入关系核心的可能；远位只保留背景或阶段性观察。,86,路由／降级,report_status,可作为较成熟节奏候选；最终FG仍需综合。,双方对快慢和联系有较稳定共识，也能随现实变化调整。,不得仅凭本规则推出具体日期、交往时长、多久结婚、联系次数、见面频率或关系结果；不得把快等同冲动、慢等同冷淡、高频等同亲密、低频等同不爱。现实安全、双方同意、持续行为、生活条件、反例与协商优先。,中高,待验证,,rhythm_state=HS01; provisional=true; rule_group=RHYTHM-HS状态; M3_STATE_pending=true,0.7
M5-RHYTHM-244,HS01 节奏一致且可持续｜升级与降级,L4 节奏状态,RHYTHM-HS状态,通用,证据,HS01,节奏一致且可持续,至少两类独立节奏事件来源。,只因频率相同、联系很多或关系进展快。,由共享基础引擎、M2-TEMPO与M3功能模块提供；只修正用户能够承载怎样的推进、联系、共同时间、负荷与恢复节奏，不直接判断现实关系一定同步。,M2说明进入关系前的确认节奏；M5-RHYTHM只处理关系进入认真阶段以后，双方怎样持续协调推进与生活节奏。,M3-BASE、EXPR、CARE、BOUND、CONFLICT提供日常相处和状态通道；M5-RHYTHM负责把双方时间、负荷、联系、空间与恢复合成为长期节奏结构。,无／按本规则指定的提议—观察—同意—执行—反馈—调整—恢复路径路由。,近位、远位只修正某项节奏需求进入亲密关系核心的可能；不得据此判断具体对象现实中一定快、慢、黏、疏或稳定。,根气只修正节奏需求是否稳定重复，不等于双方现实节奏已成熟协调。,旺弱只修正某项推进、联系、共享、变化或恢复通道的调用强度，不直接等于适配质量。,喜忌只修正节奏调用顺畅度与摩擦，不可直接翻译为某种五行、十神或对象类型必然适合。,真合化成立时按化神功能重算节奏需要；合化争议时停止细化节奏画像。,近位提高该节奏议题进入关系核心的可能；远位只保留背景或阶段性观察。,82,±8至±20,rhythm_evidence_level,HS状态随现实节奏证据变化，不由命理分值直接锁定。,随着真实节奏事件增加，这个判断可以升级、降级或停止。,不得仅凭本规则推出具体日期、交往时长、多久结婚、联系次数、见面频率或关系结果；不得把快等同冲动、慢等同冷淡、高频等同亲密、低频等同不爱。现实安全、双方同意、持续行为、生活条件、反例与协商优先。,中,待验证,,rhythm_state=HS01; provisional=true; rule_group=RHYTHM-HS状态; M3_STATE_pending=true,0.7
M5-RHYTHM-245,HS01 节奏一致且可持续｜禁止人格化,L4 节奏状态,RHYTHM-HS状态,通用,边界,HS01,节奏一致且可持续,输出HS状态。,现实存在控制、监控或强迫同步时按安全事实说明。,由共享基础引擎、M2-TEMPO与M3功能模块提供；只修正用户能够承载怎样的推进、联系、共同时间、负荷与恢复节奏，不直接判断现实关系一定同步。,M2说明进入关系前的确认节奏；M5-RHYTHM只处理关系进入认真阶段以后，双方怎样持续协调推进与生活节奏。,M3-BASE、EXPR、CARE、BOUND、CONFLICT提供日常相处和状态通道；M5-RHYTHM负责把双方时间、负荷、联系、空间与恢复合成为长期节奏结构。,无／按本规则指定的提议—观察—同意—执行—反馈—调整—恢复路径路由。,近位、远位只修正某项节奏需求进入亲密关系核心的可能；不得据此判断具体对象现实中一定快、慢、黏、疏或稳定。,根气只修正节奏需求是否稳定重复，不等于双方现实节奏已成熟协调。,旺弱只修正某项推进、联系、共享、变化或恢复通道的调用强度，不直接等于适配质量。,喜忌只修正节奏调用顺畅度与摩擦，不可直接翻译为某种五行、十神或对象类型必然适合。,真合化成立时按化神功能重算节奏需要；合化争议时停止细化节奏画像。,近位提高该节奏议题进入关系核心的可能；远位只保留背景或阶段性观察。,98,不加分；伦理边界,boundary_note,保持中性、具体、行为化。,这是节奏结构的描述，不是人格或爱意评价。,不得仅凭本规则推出具体日期、交往时长、多久结婚、联系次数、见面频率或关系结果；不得把快等同冲动、慢等同冷淡、高频等同亲密、低频等同不爱。现实安全、双方同意、持续行为、生活条件、反例与协商优先。,高,待验证,,rhythm_state=HS01; provisional=true; rule_group=RHYTHM-HS状态; M3_STATE_pending=true,0.7
M5-RHYTHM-246,HS02 节奏不同但可协商｜正式定义,L4 节奏状态,RHYTHM-HS状态,通用,定义,HS02,节奏不同但可协商,HV4以上；HO02、HO03、HO04、HO10可靠。,PR0安全停止。,由共享基础引擎、M2-TEMPO与M3功能模块提供；只修正用户能够承载怎样的推进、联系、共同时间、负荷与恢复节奏，不直接判断现实关系一定同步。,M2说明进入关系前的确认节奏；M5-RHYTHM只处理关系进入认真阶段以后，双方怎样持续协调推进与生活节奏。,M3-BASE、EXPR、CARE、BOUND、CONFLICT提供日常相处和状态通道；M5-RHYTHM负责把双方时间、负荷、联系、空间与恢复合成为长期节奏结构。,无／按本规则指定的提议—观察—同意—执行—反馈—调整—恢复路径路由。,近位、远位只修正某项节奏需求进入亲密关系核心的可能；不得据此判断具体对象现实中一定快、慢、黏、疏或稳定。,根气只修正节奏需求是否稳定重复，不等于双方现实节奏已成熟协调。,旺弱只修正某项推进、联系、共享、变化或恢复通道的调用强度，不直接等于适配质量。,喜忌只修正节奏调用顺畅度与摩擦，不可直接翻译为某种五行、十神或对象类型必然适合。,真合化成立时按化神功能重算节奏需要；合化争议时停止细化节奏画像。,近位提高该节奏议题进入关系核心的可能；远位只保留背景或阶段性观察。,94,不加分；状态定义,rhythm_state,双方天然频率或推进速度不同，但期待、底线和调整机制清楚。,你们节奏可以不同，只要差异被看见并能协商。,不得仅凭本规则推出具体日期、交往时长、多久结婚、联系次数、见面频率或关系结果；不得把快等同冲动、慢等同冷淡、高频等同亲密、低频等同不爱。现实安全、双方同意、持续行为、生活条件、反例与协商优先。,高,待验证,,rhythm_state=HS02; provisional=true; rule_group=RHYTHM-HS状态; M3_STATE_pending=true,0.7
M5-RHYTHM-247,HS02 节奏不同但可协商｜成立条件,L4 节奏状态,RHYTHM-HS状态,通用,门控,HS02,节奏不同但可协商,HV4以上；HO02、HO03、HO04、HO10可靠。,只有命盘结构、同源重复或单次事件。,由共享基础引擎、M2-TEMPO与M3功能模块提供；只修正用户能够承载怎样的推进、联系、共同时间、负荷与恢复节奏，不直接判断现实关系一定同步。,M2说明进入关系前的确认节奏；M5-RHYTHM只处理关系进入认真阶段以后，双方怎样持续协调推进与生活节奏。,M3-BASE、EXPR、CARE、BOUND、CONFLICT提供日常相处和状态通道；M5-RHYTHM负责把双方时间、负荷、联系、空间与恢复合成为长期节奏结构。,无／按本规则指定的提议—观察—同意—执行—反馈—调整—恢复路径路由。,近位、远位只修正某项节奏需求进入亲密关系核心的可能；不得据此判断具体对象现实中一定快、慢、黏、疏或稳定。,根气只修正节奏需求是否稳定重复，不等于双方现实节奏已成熟协调。,旺弱只修正某项推进、联系、共享、变化或恢复通道的调用强度，不直接等于适配质量。,喜忌只修正节奏调用顺畅度与摩擦，不可直接翻译为某种五行、十神或对象类型必然适合。,真合化成立时按化神功能重算节奏需要；合化争议时停止细化节奏画像。,近位提高该节奏议题进入关系核心的可能；远位只保留背景或阶段性观察。,90,状态路由,rhythm_state,节奏不同但可协商必须满足：HV4以上；HO02、HO03、HO04、HO10可靠。,判断到节奏不同但可协商，需要看到：HV4以上；HO02、HO03、HO04、HO10可靠。,不得仅凭本规则推出具体日期、交往时长、多久结婚、联系次数、见面频率或关系结果；不得把快等同冲动、慢等同冷淡、高频等同亲密、低频等同不爱。现实安全、双方同意、持续行为、生活条件、反例与协商优先。,中高,待验证,,rhythm_state=HS02; provisional=true; rule_group=RHYTHM-HS状态; M3_STATE_pending=true,0.7
M5-RHYTHM-248,HS02 节奏不同但可协商｜报告处理,L4 节奏状态,RHYTHM-HS状态,通用,路由,HS02,节奏不同但可协商,HV4以上；HO02、HO03、HO04、HO10可靠。,资料与状态不一致。,由共享基础引擎、M2-TEMPO与M3功能模块提供；只修正用户能够承载怎样的推进、联系、共同时间、负荷与恢复节奏，不直接判断现实关系一定同步。,M2说明进入关系前的确认节奏；M5-RHYTHM只处理关系进入认真阶段以后，双方怎样持续协调推进与生活节奏。,M3-BASE、EXPR、CARE、BOUND、CONFLICT提供日常相处和状态通道；M5-RHYTHM负责把双方时间、负荷、联系、空间与恢复合成为长期节奏结构。,无／按本规则指定的提议—观察—同意—执行—反馈—调整—恢复路径路由。,近位、远位只修正某项节奏需求进入亲密关系核心的可能；不得据此判断具体对象现实中一定快、慢、黏、疏或稳定。,根气只修正节奏需求是否稳定重复，不等于双方现实节奏已成熟协调。,旺弱只修正某项推进、联系、共享、变化或恢复通道的调用强度，不直接等于适配质量。,喜忌只修正节奏调用顺畅度与摩擦，不可直接翻译为某种五行、十神或对象类型必然适合。,真合化成立时按化神功能重算节奏需要；合化争议时停止细化节奏画像。,近位提高该节奏议题进入关系核心的可能；远位只保留背景或阶段性观察。,86,路由／降级,report_status,报告中写差异与协议，不写谁更爱。,你们节奏可以不同，只要差异被看见并能协商。,不得仅凭本规则推出具体日期、交往时长、多久结婚、联系次数、见面频率或关系结果；不得把快等同冲动、慢等同冷淡、高频等同亲密、低频等同不爱。现实安全、双方同意、持续行为、生活条件、反例与协商优先。,中高,待验证,,rhythm_state=HS02; provisional=true; rule_group=RHYTHM-HS状态; M3_STATE_pending=true,0.7
M5-RHYTHM-249,HS02 节奏不同但可协商｜升级与降级,L4 节奏状态,RHYTHM-HS状态,通用,证据,HS02,节奏不同但可协商,至少两类独立节奏事件来源。,只因频率相同、联系很多或关系进展快。,由共享基础引擎、M2-TEMPO与M3功能模块提供；只修正用户能够承载怎样的推进、联系、共同时间、负荷与恢复节奏，不直接判断现实关系一定同步。,M2说明进入关系前的确认节奏；M5-RHYTHM只处理关系进入认真阶段以后，双方怎样持续协调推进与生活节奏。,M3-BASE、EXPR、CARE、BOUND、CONFLICT提供日常相处和状态通道；M5-RHYTHM负责把双方时间、负荷、联系、空间与恢复合成为长期节奏结构。,无／按本规则指定的提议—观察—同意—执行—反馈—调整—恢复路径路由。,近位、远位只修正某项节奏需求进入亲密关系核心的可能；不得据此判断具体对象现实中一定快、慢、黏、疏或稳定。,根气只修正节奏需求是否稳定重复，不等于双方现实节奏已成熟协调。,旺弱只修正某项推进、联系、共享、变化或恢复通道的调用强度，不直接等于适配质量。,喜忌只修正节奏调用顺畅度与摩擦，不可直接翻译为某种五行、十神或对象类型必然适合。,真合化成立时按化神功能重算节奏需要；合化争议时停止细化节奏画像。,近位提高该节奏议题进入关系核心的可能；远位只保留背景或阶段性观察。,82,±8至±20,rhythm_evidence_level,HS状态随现实节奏证据变化，不由命理分值直接锁定。,随着真实节奏事件增加，这个判断可以升级、降级或停止。,不得仅凭本规则推出具体日期、交往时长、多久结婚、联系次数、见面频率或关系结果；不得把快等同冲动、慢等同冷淡、高频等同亲密、低频等同不爱。现实安全、双方同意、持续行为、生活条件、反例与协商优先。,中,待验证,,rhythm_state=HS02; provisional=true; rule_group=RHYTHM-HS状态; M3_STATE_pending=true,0.7
M5-RHYTHM-250,HS02 节奏不同但可协商｜禁止人格化,L4 节奏状态,RHYTHM-HS状态,通用,边界,HS02,节奏不同但可协商,输出HS状态。,现实存在控制、监控或强迫同步时按安全事实说明。,由共享基础引擎、M2-TEMPO与M3功能模块提供；只修正用户能够承载怎样的推进、联系、共同时间、负荷与恢复节奏，不直接判断现实关系一定同步。,M2说明进入关系前的确认节奏；M5-RHYTHM只处理关系进入认真阶段以后，双方怎样持续协调推进与生活节奏。,M3-BASE、EXPR、CARE、BOUND、CONFLICT提供日常相处和状态通道；M5-RHYTHM负责把双方时间、负荷、联系、空间与恢复合成为长期节奏结构。,无／按本规则指定的提议—观察—同意—执行—反馈—调整—恢复路径路由。,近位、远位只修正某项节奏需求进入亲密关系核心的可能；不得据此判断具体对象现实中一定快、慢、黏、疏或稳定。,根气只修正节奏需求是否稳定重复，不等于双方现实节奏已成熟协调。,旺弱只修正某项推进、联系、共享、变化或恢复通道的调用强度，不直接等于适配质量。,喜忌只修正节奏调用顺畅度与摩擦，不可直接翻译为某种五行、十神或对象类型必然适合。,真合化成立时按化神功能重算节奏需要；合化争议时停止细化节奏画像。,近位提高该节奏议题进入关系核心的可能；远位只保留背景或阶段性观察。,98,不加分；伦理边界,boundary_note,保持中性、具体、行为化。,这是节奏结构的描述，不是人格或爱意评价。,不得仅凭本规则推出具体日期、交往时长、多久结婚、联系次数、见面频率或关系结果；不得把快等同冲动、慢等同冷淡、高频等同亲密、低频等同不爱。现实安全、双方同意、持续行为、生活条件、反例与协商优先。,高,待验证,,rhythm_state=HS02; provisional=true; rule_group=RHYTHM-HS状态; M3_STATE_pending=true,0.7
M5-RHYTHM-251,HS03 外部推进快—内部确认慢｜正式定义,L4 节奏状态,RHYTHM-HS状态,通用,定义,HS03,外部推进快—内部确认慢,HV3以上；M2/TEMPO或现实事件支持差速。,PR0安全停止。,由共享基础引擎、M2-TEMPO与M3功能模块提供；只修正用户能够承载怎样的推进、联系、共同时间、负荷与恢复节奏，不直接判断现实关系一定同步。,M2说明进入关系前的确认节奏；M5-RHYTHM只处理关系进入认真阶段以后，双方怎样持续协调推进与生活节奏。,M3-BASE、EXPR、CARE、BOUND、CONFLICT提供日常相处和状态通道；M5-RHYTHM负责把双方时间、负荷、联系、空间与恢复合成为长期节奏结构。,无／按本规则指定的提议—观察—同意—执行—反馈—调整—恢复路径路由。,近位、远位只修正某项节奏需求进入亲密关系核心的可能；不得据此判断具体对象现实中一定快、慢、黏、疏或稳定。,根气只修正节奏需求是否稳定重复，不等于双方现实节奏已成熟协调。,旺弱只修正某项推进、联系、共享、变化或恢复通道的调用强度，不直接等于适配质量。,喜忌只修正节奏调用顺畅度与摩擦，不可直接翻译为某种五行、十神或对象类型必然适合。,真合化成立时按化神功能重算节奏需要；合化争议时停止细化节奏画像。,近位提高该节奏议题进入关系核心的可能；远位只保留背景或阶段性观察。,94,不加分；状态定义,rhythm_state,关系事件、联系或承诺推进快，但一方内部安全、理解或承载尚未同步。,关系看起来走得很快，但内心确认和现实承载需要更慢。,不得仅凭本规则推出具体日期、交往时长、多久结婚、联系次数、见面频率或关系结果；不得把快等同冲动、慢等同冷淡、高频等同亲密、低频等同不爱。现实安全、双方同意、持续行为、生活条件、反例与协商优先。,高,待验证,,rhythm_state=HS03; provisional=true; rule_group=RHYTHM-HS状态; M3_STATE_pending=true,0.7
M5-RHYTHM-252,HS03 外部推进快—内部确认慢｜成立条件,L4 节奏状态,RHYTHM-HS状态,通用,门控,HS03,外部推进快—内部确认慢,HV3以上；M2/TEMPO或现实事件支持差速。,只有命盘结构、同源重复或单次事件。,由共享基础引擎、M2-TEMPO与M3功能模块提供；只修正用户能够承载怎样的推进、联系、共同时间、负荷与恢复节奏，不直接判断现实关系一定同步。,M2说明进入关系前的确认节奏；M5-RHYTHM只处理关系进入认真阶段以后，双方怎样持续协调推进与生活节奏。,M3-BASE、EXPR、CARE、BOUND、CONFLICT提供日常相处和状态通道；M5-RHYTHM负责把双方时间、负荷、联系、空间与恢复合成为长期节奏结构。,无／按本规则指定的提议—观察—同意—执行—反馈—调整—恢复路径路由。,近位、远位只修正某项节奏需求进入亲密关系核心的可能；不得据此判断具体对象现实中一定快、慢、黏、疏或稳定。,根气只修正节奏需求是否稳定重复，不等于双方现实节奏已成熟协调。,旺弱只修正某项推进、联系、共享、变化或恢复通道的调用强度，不直接等于适配质量。,喜忌只修正节奏调用顺畅度与摩擦，不可直接翻译为某种五行、十神或对象类型必然适合。,真合化成立时按化神功能重算节奏需要；合化争议时停止细化节奏画像。,近位提高该节奏议题进入关系核心的可能；远位只保留背景或阶段性观察。,90,状态路由,rhythm_state,外部推进快—内部确认慢必须满足：HV3以上；M2/TEMPO或现实事件支持差速。,判断到外部推进快—内部确认慢，需要看到：HV3以上；M2/TEMPO或现实事件支持差速。,不得仅凭本规则推出具体日期、交往时长、多久结婚、联系次数、见面频率或关系结果；不得把快等同冲动、慢等同冷淡、高频等同亲密、低频等同不爱。现实安全、双方同意、持续行为、生活条件、反例与协商优先。,中高,待验证,,rhythm_state=HS03; provisional=true; rule_group=RHYTHM-HS状态; M3_STATE_pending=true,0.7
M5-RHYTHM-253,HS03 外部推进快—内部确认慢｜报告处理,L4 节奏状态,RHYTHM-HS状态,通用,路由,HS03,外部推进快—内部确认慢,HV3以上；M2/TEMPO或现实事件支持差速。,资料与状态不一致。,由共享基础引擎、M2-TEMPO与M3功能模块提供；只修正用户能够承载怎样的推进、联系、共同时间、负荷与恢复节奏，不直接判断现实关系一定同步。,M2说明进入关系前的确认节奏；M5-RHYTHM只处理关系进入认真阶段以后，双方怎样持续协调推进与生活节奏。,M3-BASE、EXPR、CARE、BOUND、CONFLICT提供日常相处和状态通道；M5-RHYTHM负责把双方时间、负荷、联系、空间与恢复合成为长期节奏结构。,无／按本规则指定的提议—观察—同意—执行—反馈—调整—恢复路径路由。,近位、远位只修正某项节奏需求进入亲密关系核心的可能；不得据此判断具体对象现实中一定快、慢、黏、疏或稳定。,根气只修正节奏需求是否稳定重复，不等于双方现实节奏已成熟协调。,旺弱只修正某项推进、联系、共享、变化或恢复通道的调用强度，不直接等于适配质量。,喜忌只修正节奏调用顺畅度与摩擦，不可直接翻译为某种五行、十神或对象类型必然适合。,真合化成立时按化神功能重算节奏需要；合化争议时停止细化节奏画像。,近位提高该节奏议题进入关系核心的可能；远位只保留背景或阶段性观察。,86,路由／降级,report_status,减速并分段确认，不把外部进展写成内部同意。,关系看起来走得很快，但内心确认和现实承载需要更慢。,不得仅凭本规则推出具体日期、交往时长、多久结婚、联系次数、见面频率或关系结果；不得把快等同冲动、慢等同冷淡、高频等同亲密、低频等同不爱。现实安全、双方同意、持续行为、生活条件、反例与协商优先。,中高,待验证,,rhythm_state=HS03; provisional=true; rule_group=RHYTHM-HS状态; M3_STATE_pending=true,0.7
M5-RHYTHM-254,HS03 外部推进快—内部确认慢｜升级与降级,L4 节奏状态,RHYTHM-HS状态,通用,证据,HS03,外部推进快—内部确认慢,至少两类独立节奏事件来源。,只因频率相同、联系很多或关系进展快。,由共享基础引擎、M2-TEMPO与M3功能模块提供；只修正用户能够承载怎样的推进、联系、共同时间、负荷与恢复节奏，不直接判断现实关系一定同步。,M2说明进入关系前的确认节奏；M5-RHYTHM只处理关系进入认真阶段以后，双方怎样持续协调推进与生活节奏。,M3-BASE、EXPR、CARE、BOUND、CONFLICT提供日常相处和状态通道；M5-RHYTHM负责把双方时间、负荷、联系、空间与恢复合成为长期节奏结构。,无／按本规则指定的提议—观察—同意—执行—反馈—调整—恢复路径路由。,近位、远位只修正某项节奏需求进入亲密关系核心的可能；不得据此判断具体对象现实中一定快、慢、黏、疏或稳定。,根气只修正节奏需求是否稳定重复，不等于双方现实节奏已成熟协调。,旺弱只修正某项推进、联系、共享、变化或恢复通道的调用强度，不直接等于适配质量。,喜忌只修正节奏调用顺畅度与摩擦，不可直接翻译为某种五行、十神或对象类型必然适合。,真合化成立时按化神功能重算节奏需要；合化争议时停止细化节奏画像。,近位提高该节奏议题进入关系核心的可能；远位只保留背景或阶段性观察。,82,±8至±20,rhythm_evidence_level,HS状态随现实节奏证据变化，不由命理分值直接锁定。,随着真实节奏事件增加，这个判断可以升级、降级或停止。,不得仅凭本规则推出具体日期、交往时长、多久结婚、联系次数、见面频率或关系结果；不得把快等同冲动、慢等同冷淡、高频等同亲密、低频等同不爱。现实安全、双方同意、持续行为、生活条件、反例与协商优先。,中,待验证,,rhythm_state=HS03; provisional=true; rule_group=RHYTHM-HS状态; M3_STATE_pending=true,0.7
M5-RHYTHM-255,HS03 外部推进快—内部确认慢｜禁止人格化,L4 节奏状态,RHYTHM-HS状态,通用,边界,HS03,外部推进快—内部确认慢,输出HS状态。,现实存在控制、监控或强迫同步时按安全事实说明。,由共享基础引擎、M2-TEMPO与M3功能模块提供；只修正用户能够承载怎样的推进、联系、共同时间、负荷与恢复节奏，不直接判断现实关系一定同步。,M2说明进入关系前的确认节奏；M5-RHYTHM只处理关系进入认真阶段以后，双方怎样持续协调推进与生活节奏。,M3-BASE、EXPR、CARE、BOUND、CONFLICT提供日常相处和状态通道；M5-RHYTHM负责把双方时间、负荷、联系、空间与恢复合成为长期节奏结构。,无／按本规则指定的提议—观察—同意—执行—反馈—调整—恢复路径路由。,近位、远位只修正某项节奏需求进入亲密关系核心的可能；不得据此判断具体对象现实中一定快、慢、黏、疏或稳定。,根气只修正节奏需求是否稳定重复，不等于双方现实节奏已成熟协调。,旺弱只修正某项推进、联系、共享、变化或恢复通道的调用强度，不直接等于适配质量。,喜忌只修正节奏调用顺畅度与摩擦，不可直接翻译为某种五行、十神或对象类型必然适合。,真合化成立时按化神功能重算节奏需要；合化争议时停止细化节奏画像。,近位提高该节奏议题进入关系核心的可能；远位只保留背景或阶段性观察。,98,不加分；伦理边界,boundary_note,保持中性、具体、行为化。,这是节奏结构的描述，不是人格或爱意评价。,不得仅凭本规则推出具体日期、交往时长、多久结婚、联系次数、见面频率或关系结果；不得把快等同冲动、慢等同冷淡、高频等同亲密、低频等同不爱。现实安全、双方同意、持续行为、生活条件、反例与协商优先。,高,待验证,,rhythm_state=HS03; provisional=true; rule_group=RHYTHM-HS状态; M3_STATE_pending=true,0.7
M5-RHYTHM-256,HS04 内部准备快—现实承载慢｜正式定义,L4 节奏状态,RHYTHM-HS状态,通用,定义,HS04,内部准备快—现实承载慢,HV3以上；HO05、HD05—HD08现实支持。,PR0安全停止。,由共享基础引擎、M2-TEMPO与M3功能模块提供；只修正用户能够承载怎样的推进、联系、共同时间、负荷与恢复节奏，不直接判断现实关系一定同步。,M2说明进入关系前的确认节奏；M5-RHYTHM只处理关系进入认真阶段以后，双方怎样持续协调推进与生活节奏。,M3-BASE、EXPR、CARE、BOUND、CONFLICT提供日常相处和状态通道；M5-RHYTHM负责把双方时间、负荷、联系、空间与恢复合成为长期节奏结构。,无／按本规则指定的提议—观察—同意—执行—反馈—调整—恢复路径路由。,近位、远位只修正某项节奏需求进入亲密关系核心的可能；不得据此判断具体对象现实中一定快、慢、黏、疏或稳定。,根气只修正节奏需求是否稳定重复，不等于双方现实节奏已成熟协调。,旺弱只修正某项推进、联系、共享、变化或恢复通道的调用强度，不直接等于适配质量。,喜忌只修正节奏调用顺畅度与摩擦，不可直接翻译为某种五行、十神或对象类型必然适合。,真合化成立时按化神功能重算节奏需要；合化争议时停止细化节奏画像。,近位提高该节奏议题进入关系核心的可能；远位只保留背景或阶段性观察。,94,不加分；状态定义,rhythm_state,双方意愿或内部确认较快，但时间、地域、金钱、家庭或健康条件限制落实。,彼此可能很确定，但现实生活需要更慢地跟上。,不得仅凭本规则推出具体日期、交往时长、多久结婚、联系次数、见面频率或关系结果；不得把快等同冲动、慢等同冷淡、高频等同亲密、低频等同不爱。现实安全、双方同意、持续行为、生活条件、反例与协商优先。,高,待验证,,rhythm_state=HS04; provisional=true; rule_group=RHYTHM-HS状态; M3_STATE_pending=true,0.7
M5-RHYTHM-257,HS04 内部准备快—现实承载慢｜成立条件,L4 节奏状态,RHYTHM-HS状态,通用,门控,HS04,内部准备快—现实承载慢,HV3以上；HO05、HD05—HD08现实支持。,只有命盘结构、同源重复或单次事件。,由共享基础引擎、M2-TEMPO与M3功能模块提供；只修正用户能够承载怎样的推进、联系、共同时间、负荷与恢复节奏，不直接判断现实关系一定同步。,M2说明进入关系前的确认节奏；M5-RHYTHM只处理关系进入认真阶段以后，双方怎样持续协调推进与生活节奏。,M3-BASE、EXPR、CARE、BOUND、CONFLICT提供日常相处和状态通道；M5-RHYTHM负责把双方时间、负荷、联系、空间与恢复合成为长期节奏结构。,无／按本规则指定的提议—观察—同意—执行—反馈—调整—恢复路径路由。,近位、远位只修正某项节奏需求进入亲密关系核心的可能；不得据此判断具体对象现实中一定快、慢、黏、疏或稳定。,根气只修正节奏需求是否稳定重复，不等于双方现实节奏已成熟协调。,旺弱只修正某项推进、联系、共享、变化或恢复通道的调用强度，不直接等于适配质量。,喜忌只修正节奏调用顺畅度与摩擦，不可直接翻译为某种五行、十神或对象类型必然适合。,真合化成立时按化神功能重算节奏需要；合化争议时停止细化节奏画像。,近位提高该节奏议题进入关系核心的可能；远位只保留背景或阶段性观察。,90,状态路由,rhythm_state,内部准备快—现实承载慢必须满足：HV3以上；HO05、HD05—HD08现实支持。,判断到内部准备快—现实承载慢，需要看到：HV3以上；HO05、HD05—HD08现实支持。,不得仅凭本规则推出具体日期、交往时长、多久结婚、联系次数、见面频率或关系结果；不得把快等同冲动、慢等同冷淡、高频等同亲密、低频等同不爱。现实安全、双方同意、持续行为、生活条件、反例与协商优先。,中高,待验证,,rhythm_state=HS04; provisional=true; rule_group=RHYTHM-HS状态; M3_STATE_pending=true,0.7
M5-RHYTHM-258,HS04 内部准备快—现实承载慢｜报告处理,L4 节奏状态,RHYTHM-HS状态,通用,路由,HS04,内部准备快—现实承载慢,HV3以上；HO05、HD05—HD08现实支持。,资料与状态不一致。,由共享基础引擎、M2-TEMPO与M3功能模块提供；只修正用户能够承载怎样的推进、联系、共同时间、负荷与恢复节奏，不直接判断现实关系一定同步。,M2说明进入关系前的确认节奏；M5-RHYTHM只处理关系进入认真阶段以后，双方怎样持续协调推进与生活节奏。,M3-BASE、EXPR、CARE、BOUND、CONFLICT提供日常相处和状态通道；M5-RHYTHM负责把双方时间、负荷、联系、空间与恢复合成为长期节奏结构。,无／按本规则指定的提议—观察—同意—执行—反馈—调整—恢复路径路由。,近位、远位只修正某项节奏需求进入亲密关系核心的可能；不得据此判断具体对象现实中一定快、慢、黏、疏或稳定。,根气只修正节奏需求是否稳定重复，不等于双方现实节奏已成熟协调。,旺弱只修正某项推进、联系、共享、变化或恢复通道的调用强度，不直接等于适配质量。,喜忌只修正节奏调用顺畅度与摩擦，不可直接翻译为某种五行、十神或对象类型必然适合。,真合化成立时按化神功能重算节奏需要；合化争议时停止细化节奏画像。,近位提高该节奏议题进入关系核心的可能；远位只保留背景或阶段性观察。,86,路由／降级,report_status,保留意愿，建立现实阶段计划。,彼此可能很确定，但现实生活需要更慢地跟上。,不得仅凭本规则推出具体日期、交往时长、多久结婚、联系次数、见面频率或关系结果；不得把快等同冲动、慢等同冷淡、高频等同亲密、低频等同不爱。现实安全、双方同意、持续行为、生活条件、反例与协商优先。,中高,待验证,,rhythm_state=HS04; provisional=true; rule_group=RHYTHM-HS状态; M3_STATE_pending=true,0.7
M5-RHYTHM-259,HS04 内部准备快—现实承载慢｜升级与降级,L4 节奏状态,RHYTHM-HS状态,通用,证据,HS04,内部准备快—现实承载慢,至少两类独立节奏事件来源。,只因频率相同、联系很多或关系进展快。,由共享基础引擎、M2-TEMPO与M3功能模块提供；只修正用户能够承载怎样的推进、联系、共同时间、负荷与恢复节奏，不直接判断现实关系一定同步。,M2说明进入关系前的确认节奏；M5-RHYTHM只处理关系进入认真阶段以后，双方怎样持续协调推进与生活节奏。,M3-BASE、EXPR、CARE、BOUND、CONFLICT提供日常相处和状态通道；M5-RHYTHM负责把双方时间、负荷、联系、空间与恢复合成为长期节奏结构。,无／按本规则指定的提议—观察—同意—执行—反馈—调整—恢复路径路由。,近位、远位只修正某项节奏需求进入亲密关系核心的可能；不得据此判断具体对象现实中一定快、慢、黏、疏或稳定。,根气只修正节奏需求是否稳定重复，不等于双方现实节奏已成熟协调。,旺弱只修正某项推进、联系、共享、变化或恢复通道的调用强度，不直接等于适配质量。,喜忌只修正节奏调用顺畅度与摩擦，不可直接翻译为某种五行、十神或对象类型必然适合。,真合化成立时按化神功能重算节奏需要；合化争议时停止细化节奏画像。,近位提高该节奏议题进入关系核心的可能；远位只保留背景或阶段性观察。,82,±8至±20,rhythm_evidence_level,HS状态随现实节奏证据变化，不由命理分值直接锁定。,随着真实节奏事件增加，这个判断可以升级、降级或停止。,不得仅凭本规则推出具体日期、交往时长、多久结婚、联系次数、见面频率或关系结果；不得把快等同冲动、慢等同冷淡、高频等同亲密、低频等同不爱。现实安全、双方同意、持续行为、生活条件、反例与协商优先。,中,待验证,,rhythm_state=HS04; provisional=true; rule_group=RHYTHM-HS状态; M3_STATE_pending=true,0.7
M5-RHYTHM-260,HS04 内部准备快—现实承载慢｜禁止人格化,L4 节奏状态,RHYTHM-HS状态,通用,边界,HS04,内部准备快—现实承载慢,输出HS状态。,现实存在控制、监控或强迫同步时按安全事实说明。,由共享基础引擎、M2-TEMPO与M3功能模块提供；只修正用户能够承载怎样的推进、联系、共同时间、负荷与恢复节奏，不直接判断现实关系一定同步。,M2说明进入关系前的确认节奏；M5-RHYTHM只处理关系进入认真阶段以后，双方怎样持续协调推进与生活节奏。,M3-BASE、EXPR、CARE、BOUND、CONFLICT提供日常相处和状态通道；M5-RHYTHM负责把双方时间、负荷、联系、空间与恢复合成为长期节奏结构。,无／按本规则指定的提议—观察—同意—执行—反馈—调整—恢复路径路由。,近位、远位只修正某项节奏需求进入亲密关系核心的可能；不得据此判断具体对象现实中一定快、慢、黏、疏或稳定。,根气只修正节奏需求是否稳定重复，不等于双方现实节奏已成熟协调。,旺弱只修正某项推进、联系、共享、变化或恢复通道的调用强度，不直接等于适配质量。,喜忌只修正节奏调用顺畅度与摩擦，不可直接翻译为某种五行、十神或对象类型必然适合。,真合化成立时按化神功能重算节奏需要；合化争议时停止细化节奏画像。,近位提高该节奏议题进入关系核心的可能；远位只保留背景或阶段性观察。,98,不加分；伦理边界,boundary_note,保持中性、具体、行为化。,这是节奏结构的描述，不是人格或爱意评价。,不得仅凭本规则推出具体日期、交往时长、多久结婚、联系次数、见面频率或关系结果；不得把快等同冲动、慢等同冷淡、高频等同亲密、低频等同不爱。现实安全、双方同意、持续行为、生活条件、反例与协商优先。,高,待验证,,rhythm_state=HS04; provisional=true; rule_group=RHYTHM-HS状态; M3_STATE_pending=true,0.7
M5-RHYTHM-261,HS05 联系频繁但不可预测｜正式定义,L4 节奏状态,RHYTHM-HS状态,通用,定义,HS05,联系频繁但不可预测,HV3以上；HO02、HO04持续不足。,PR0安全停止。,由共享基础引擎、M2-TEMPO与M3功能模块提供；只修正用户能够承载怎样的推进、联系、共同时间、负荷与恢复节奏，不直接判断现实关系一定同步。,M2说明进入关系前的确认节奏；M5-RHYTHM只处理关系进入认真阶段以后，双方怎样持续协调推进与生活节奏。,M3-BASE、EXPR、CARE、BOUND、CONFLICT提供日常相处和状态通道；M5-RHYTHM负责把双方时间、负荷、联系、空间与恢复合成为长期节奏结构。,无／按本规则指定的提议—观察—同意—执行—反馈—调整—恢复路径路由。,近位、远位只修正某项节奏需求进入亲密关系核心的可能；不得据此判断具体对象现实中一定快、慢、黏、疏或稳定。,根气只修正节奏需求是否稳定重复，不等于双方现实节奏已成熟协调。,旺弱只修正某项推进、联系、共享、变化或恢复通道的调用强度，不直接等于适配质量。,喜忌只修正节奏调用顺畅度与摩擦，不可直接翻译为某种五行、十神或对象类型必然适合。,真合化成立时按化神功能重算节奏需要；合化争议时停止细化节奏画像。,近位提高该节奏议题进入关系核心的可能；远位只保留背景或阶段性观察。,94,不加分；状态定义,rhythm_state,联系或见面很多，却因波动、临时取消、突然撤回而难以形成稳定节奏。,联系很多不代表节奏稳定，真正关键是变化能否被说明。,不得仅凭本规则推出具体日期、交往时长、多久结婚、联系次数、见面频率或关系结果；不得把快等同冲动、慢等同冷淡、高频等同亲密、低频等同不爱。现实安全、双方同意、持续行为、生活条件、反例与协商优先。,高,待验证,,rhythm_state=HS05; provisional=true; rule_group=RHYTHM-HS状态; M3_STATE_pending=true,0.7
M5-RHYTHM-262,HS05 联系频繁但不可预测｜成立条件,L4 节奏状态,RHYTHM-HS状态,通用,门控,HS05,联系频繁但不可预测,HV3以上；HO02、HO04持续不足。,只有命盘结构、同源重复或单次事件。,由共享基础引擎、M2-TEMPO与M3功能模块提供；只修正用户能够承载怎样的推进、联系、共同时间、负荷与恢复节奏，不直接判断现实关系一定同步。,M2说明进入关系前的确认节奏；M5-RHYTHM只处理关系进入认真阶段以后，双方怎样持续协调推进与生活节奏。,M3-BASE、EXPR、CARE、BOUND、CONFLICT提供日常相处和状态通道；M5-RHYTHM负责把双方时间、负荷、联系、空间与恢复合成为长期节奏结构。,无／按本规则指定的提议—观察—同意—执行—反馈—调整—恢复路径路由。,近位、远位只修正某项节奏需求进入亲密关系核心的可能；不得据此判断具体对象现实中一定快、慢、黏、疏或稳定。,根气只修正节奏需求是否稳定重复，不等于双方现实节奏已成熟协调。,旺弱只修正某项推进、联系、共享、变化或恢复通道的调用强度，不直接等于适配质量。,喜忌只修正节奏调用顺畅度与摩擦，不可直接翻译为某种五行、十神或对象类型必然适合。,真合化成立时按化神功能重算节奏需要；合化争议时停止细化节奏画像。,近位提高该节奏议题进入关系核心的可能；远位只保留背景或阶段性观察。,90,状态路由,rhythm_state,联系频繁但不可预测必须满足：HV3以上；HO02、HO04持续不足。,判断到联系频繁但不可预测，需要看到：HV3以上；HO02、HO04持续不足。,不得仅凭本规则推出具体日期、交往时长、多久结婚、联系次数、见面频率或关系结果；不得把快等同冲动、慢等同冷淡、高频等同亲密、低频等同不爱。现实安全、双方同意、持续行为、生活条件、反例与协商优先。,中高,待验证,,rhythm_state=HS05; provisional=true; rule_group=RHYTHM-HS状态; M3_STATE_pending=true,0.7
M5-RHYTHM-263,HS05 联系频繁但不可预测｜报告处理,L4 节奏状态,RHYTHM-HS状态,通用,路由,HS05,联系频繁但不可预测,HV3以上；HO02、HO04持续不足。,资料与状态不一致。,由共享基础引擎、M2-TEMPO与M3功能模块提供；只修正用户能够承载怎样的推进、联系、共同时间、负荷与恢复节奏，不直接判断现实关系一定同步。,M2说明进入关系前的确认节奏；M5-RHYTHM只处理关系进入认真阶段以后，双方怎样持续协调推进与生活节奏。,M3-BASE、EXPR、CARE、BOUND、CONFLICT提供日常相处和状态通道；M5-RHYTHM负责把双方时间、负荷、联系、空间与恢复合成为长期节奏结构。,无／按本规则指定的提议—观察—同意—执行—反馈—调整—恢复路径路由。,近位、远位只修正某项节奏需求进入亲密关系核心的可能；不得据此判断具体对象现实中一定快、慢、黏、疏或稳定。,根气只修正节奏需求是否稳定重复，不等于双方现实节奏已成熟协调。,旺弱只修正某项推进、联系、共享、变化或恢复通道的调用强度，不直接等于适配质量。,喜忌只修正节奏调用顺畅度与摩擦，不可直接翻译为某种五行、十神或对象类型必然适合。,真合化成立时按化神功能重算节奏需要；合化争议时停止细化节奏画像。,近位提高该节奏议题进入关系核心的可能；远位只保留背景或阶段性观察。,86,路由／降级,report_status,不把高频写成高适配；优先提高可预测性。,联系很多不代表节奏稳定，真正关键是变化能否被说明。,不得仅凭本规则推出具体日期、交往时长、多久结婚、联系次数、见面频率或关系结果；不得把快等同冲动、慢等同冷淡、高频等同亲密、低频等同不爱。现实安全、双方同意、持续行为、生活条件、反例与协商优先。,中高,待验证,,rhythm_state=HS05; provisional=true; rule_group=RHYTHM-HS状态; M3_STATE_pending=true,0.7
M5-RHYTHM-264,HS05 联系频繁但不可预测｜升级与降级,L4 节奏状态,RHYTHM-HS状态,通用,证据,HS05,联系频繁但不可预测,至少两类独立节奏事件来源。,只因频率相同、联系很多或关系进展快。,由共享基础引擎、M2-TEMPO与M3功能模块提供；只修正用户能够承载怎样的推进、联系、共同时间、负荷与恢复节奏，不直接判断现实关系一定同步。,M2说明进入关系前的确认节奏；M5-RHYTHM只处理关系进入认真阶段以后，双方怎样持续协调推进与生活节奏。,M3-BASE、EXPR、CARE、BOUND、CONFLICT提供日常相处和状态通道；M5-RHYTHM负责把双方时间、负荷、联系、空间与恢复合成为长期节奏结构。,无／按本规则指定的提议—观察—同意—执行—反馈—调整—恢复路径路由。,近位、远位只修正某项节奏需求进入亲密关系核心的可能；不得据此判断具体对象现实中一定快、慢、黏、疏或稳定。,根气只修正节奏需求是否稳定重复，不等于双方现实节奏已成熟协调。,旺弱只修正某项推进、联系、共享、变化或恢复通道的调用强度，不直接等于适配质量。,喜忌只修正节奏调用顺畅度与摩擦，不可直接翻译为某种五行、十神或对象类型必然适合。,真合化成立时按化神功能重算节奏需要；合化争议时停止细化节奏画像。,近位提高该节奏议题进入关系核心的可能；远位只保留背景或阶段性观察。,82,±8至±20,rhythm_evidence_level,HS状态随现实节奏证据变化，不由命理分值直接锁定。,随着真实节奏事件增加，这个判断可以升级、降级或停止。,不得仅凭本规则推出具体日期、交往时长、多久结婚、联系次数、见面频率或关系结果；不得把快等同冲动、慢等同冷淡、高频等同亲密、低频等同不爱。现实安全、双方同意、持续行为、生活条件、反例与协商优先。,中,待验证,,rhythm_state=HS05; provisional=true; rule_group=RHYTHM-HS状态; M3_STATE_pending=true,0.7
M5-RHYTHM-265,HS05 联系频繁但不可预测｜禁止人格化,L4 节奏状态,RHYTHM-HS状态,通用,边界,HS05,联系频繁但不可预测,输出HS状态。,现实存在控制、监控或强迫同步时按安全事实说明。,由共享基础引擎、M2-TEMPO与M3功能模块提供；只修正用户能够承载怎样的推进、联系、共同时间、负荷与恢复节奏，不直接判断现实关系一定同步。,M2说明进入关系前的确认节奏；M5-RHYTHM只处理关系进入认真阶段以后，双方怎样持续协调推进与生活节奏。,M3-BASE、EXPR、CARE、BOUND、CONFLICT提供日常相处和状态通道；M5-RHYTHM负责把双方时间、负荷、联系、空间与恢复合成为长期节奏结构。,无／按本规则指定的提议—观察—同意—执行—反馈—调整—恢复路径路由。,近位、远位只修正某项节奏需求进入亲密关系核心的可能；不得据此判断具体对象现实中一定快、慢、黏、疏或稳定。,根气只修正节奏需求是否稳定重复，不等于双方现实节奏已成熟协调。,旺弱只修正某项推进、联系、共享、变化或恢复通道的调用强度，不直接等于适配质量。,喜忌只修正节奏调用顺畅度与摩擦，不可直接翻译为某种五行、十神或对象类型必然适合。,真合化成立时按化神功能重算节奏需要；合化争议时停止细化节奏画像。,近位提高该节奏议题进入关系核心的可能；远位只保留背景或阶段性观察。,98,不加分；伦理边界,boundary_note,保持中性、具体、行为化。,这是节奏结构的描述，不是人格或爱意评价。,不得仅凭本规则推出具体日期、交往时长、多久结婚、联系次数、见面频率或关系结果；不得把快等同冲动、慢等同冷淡、高频等同亲密、低频等同不爱。现实安全、双方同意、持续行为、生活条件、反例与协商优先。,高,待验证,,rhythm_state=HS05; provisional=true; rule_group=RHYTHM-HS状态; M3_STATE_pending=true,0.7
M5-RHYTHM-266,HS06 联系低频但承诺稳定｜正式定义,L4 节奏状态,RHYTHM-HS状态,通用,定义,HS06,联系低频但承诺稳定,HV4以上；HO02、HO04、HO09可靠。,PR0安全停止。,由共享基础引擎、M2-TEMPO与M3功能模块提供；只修正用户能够承载怎样的推进、联系、共同时间、负荷与恢复节奏，不直接判断现实关系一定同步。,M2说明进入关系前的确认节奏；M5-RHYTHM只处理关系进入认真阶段以后，双方怎样持续协调推进与生活节奏。,M3-BASE、EXPR、CARE、BOUND、CONFLICT提供日常相处和状态通道；M5-RHYTHM负责把双方时间、负荷、联系、空间与恢复合成为长期节奏结构。,无／按本规则指定的提议—观察—同意—执行—反馈—调整—恢复路径路由。,近位、远位只修正某项节奏需求进入亲密关系核心的可能；不得据此判断具体对象现实中一定快、慢、黏、疏或稳定。,根气只修正节奏需求是否稳定重复，不等于双方现实节奏已成熟协调。,旺弱只修正某项推进、联系、共享、变化或恢复通道的调用强度，不直接等于适配质量。,喜忌只修正节奏调用顺畅度与摩擦，不可直接翻译为某种五行、十神或对象类型必然适合。,真合化成立时按化神功能重算节奏需要；合化争议时停止细化节奏画像。,近位提高该节奏议题进入关系核心的可能；远位只保留背景或阶段性观察。,94,不加分；状态定义,rhythm_state,联系较少或阶段性下降，但意图、最低回应、计划和责任清楚。,低频也可以稳定，只要关系方向和最低连接清楚。,不得仅凭本规则推出具体日期、交往时长、多久结婚、联系次数、见面频率或关系结果；不得把快等同冲动、慢等同冷淡、高频等同亲密、低频等同不爱。现实安全、双方同意、持续行为、生活条件、反例与协商优先。,高,待验证,,rhythm_state=HS06; provisional=true; rule_group=RHYTHM-HS状态; M3_STATE_pending=true,0.7
M5-RHYTHM-267,HS06 联系低频但承诺稳定｜成立条件,L4 节奏状态,RHYTHM-HS状态,通用,门控,HS06,联系低频但承诺稳定,HV4以上；HO02、HO04、HO09可靠。,只有命盘结构、同源重复或单次事件。,由共享基础引擎、M2-TEMPO与M3功能模块提供；只修正用户能够承载怎样的推进、联系、共同时间、负荷与恢复节奏，不直接判断现实关系一定同步。,M2说明进入关系前的确认节奏；M5-RHYTHM只处理关系进入认真阶段以后，双方怎样持续协调推进与生活节奏。,M3-BASE、EXPR、CARE、BOUND、CONFLICT提供日常相处和状态通道；M5-RHYTHM负责把双方时间、负荷、联系、空间与恢复合成为长期节奏结构。,无／按本规则指定的提议—观察—同意—执行—反馈—调整—恢复路径路由。,近位、远位只修正某项节奏需求进入亲密关系核心的可能；不得据此判断具体对象现实中一定快、慢、黏、疏或稳定。,根气只修正节奏需求是否稳定重复，不等于双方现实节奏已成熟协调。,旺弱只修正某项推进、联系、共享、变化或恢复通道的调用强度，不直接等于适配质量。,喜忌只修正节奏调用顺畅度与摩擦，不可直接翻译为某种五行、十神或对象类型必然适合。,真合化成立时按化神功能重算节奏需要；合化争议时停止细化节奏画像。,近位提高该节奏议题进入关系核心的可能；远位只保留背景或阶段性观察。,90,状态路由,rhythm_state,联系低频但承诺稳定必须满足：HV4以上；HO02、HO04、HO09可靠。,判断到联系低频但承诺稳定，需要看到：HV4以上；HO02、HO04、HO09可靠。,不得仅凭本规则推出具体日期、交往时长、多久结婚、联系次数、见面频率或关系结果；不得把快等同冲动、慢等同冷淡、高频等同亲密、低频等同不爱。现实安全、双方同意、持续行为、生活条件、反例与协商优先。,中高,待验证,,rhythm_state=HS06; provisional=true; rule_group=RHYTHM-HS状态; M3_STATE_pending=true,0.7
M5-RHYTHM-268,HS06 联系低频但承诺稳定｜报告处理,L4 节奏状态,RHYTHM-HS状态,通用,路由,HS06,联系低频但承诺稳定,HV4以上；HO02、HO04、HO09可靠。,资料与状态不一致。,由共享基础引擎、M2-TEMPO与M3功能模块提供；只修正用户能够承载怎样的推进、联系、共同时间、负荷与恢复节奏，不直接判断现实关系一定同步。,M2说明进入关系前的确认节奏；M5-RHYTHM只处理关系进入认真阶段以后，双方怎样持续协调推进与生活节奏。,M3-BASE、EXPR、CARE、BOUND、CONFLICT提供日常相处和状态通道；M5-RHYTHM负责把双方时间、负荷、联系、空间与恢复合成为长期节奏结构。,无／按本规则指定的提议—观察—同意—执行—反馈—调整—恢复路径路由。,近位、远位只修正某项节奏需求进入亲密关系核心的可能；不得据此判断具体对象现实中一定快、慢、黏、疏或稳定。,根气只修正节奏需求是否稳定重复，不等于双方现实节奏已成熟协调。,旺弱只修正某项推进、联系、共享、变化或恢复通道的调用强度，不直接等于适配质量。,喜忌只修正节奏调用顺畅度与摩擦，不可直接翻译为某种五行、十神或对象类型必然适合。,真合化成立时按化神功能重算节奏需要；合化争议时停止细化节奏画像。,近位提高该节奏议题进入关系核心的可能；远位只保留背景或阶段性观察。,86,路由／降级,report_status,不把低频写成冷淡，继续检查亲密与负荷。,低频也可以稳定，只要关系方向和最低连接清楚。,不得仅凭本规则推出具体日期、交往时长、多久结婚、联系次数、见面频率或关系结果；不得把快等同冲动、慢等同冷淡、高频等同亲密、低频等同不爱。现实安全、双方同意、持续行为、生活条件、反例与协商优先。,中高,待验证,,rhythm_state=HS06; provisional=true; rule_group=RHYTHM-HS状态; M3_STATE_pending=true,0.7
M5-RHYTHM-269,HS06 联系低频但承诺稳定｜升级与降级,L4 节奏状态,RHYTHM-HS状态,通用,证据,HS06,联系低频但承诺稳定,至少两类独立节奏事件来源。,只因频率相同、联系很多或关系进展快。,由共享基础引擎、M2-TEMPO与M3功能模块提供；只修正用户能够承载怎样的推进、联系、共同时间、负荷与恢复节奏，不直接判断现实关系一定同步。,M2说明进入关系前的确认节奏；M5-RHYTHM只处理关系进入认真阶段以后，双方怎样持续协调推进与生活节奏。,M3-BASE、EXPR、CARE、BOUND、CONFLICT提供日常相处和状态通道；M5-RHYTHM负责把双方时间、负荷、联系、空间与恢复合成为长期节奏结构。,无／按本规则指定的提议—观察—同意—执行—反馈—调整—恢复路径路由。,近位、远位只修正某项节奏需求进入亲密关系核心的可能；不得据此判断具体对象现实中一定快、慢、黏、疏或稳定。,根气只修正节奏需求是否稳定重复，不等于双方现实节奏已成熟协调。,旺弱只修正某项推进、联系、共享、变化或恢复通道的调用强度，不直接等于适配质量。,喜忌只修正节奏调用顺畅度与摩擦，不可直接翻译为某种五行、十神或对象类型必然适合。,真合化成立时按化神功能重算节奏需要；合化争议时停止细化节奏画像。,近位提高该节奏议题进入关系核心的可能；远位只保留背景或阶段性观察。,82,±8至±20,rhythm_evidence_level,HS状态随现实节奏证据变化，不由命理分值直接锁定。,随着真实节奏事件增加，这个判断可以升级、降级或停止。,不得仅凭本规则推出具体日期、交往时长、多久结婚、联系次数、见面频率或关系结果；不得把快等同冲动、慢等同冷淡、高频等同亲密、低频等同不爱。现实安全、双方同意、持续行为、生活条件、反例与协商优先。,中,待验证,,rhythm_state=HS06; provisional=true; rule_group=RHYTHM-HS状态; M3_STATE_pending=true,0.7
M5-RHYTHM-270,HS06 联系低频但承诺稳定｜禁止人格化,L4 节奏状态,RHYTHM-HS状态,通用,边界,HS06,联系低频但承诺稳定,输出HS状态。,现实存在控制、监控或强迫同步时按安全事实说明。,由共享基础引擎、M2-TEMPO与M3功能模块提供；只修正用户能够承载怎样的推进、联系、共同时间、负荷与恢复节奏，不直接判断现实关系一定同步。,M2说明进入关系前的确认节奏；M5-RHYTHM只处理关系进入认真阶段以后，双方怎样持续协调推进与生活节奏。,M3-BASE、EXPR、CARE、BOUND、CONFLICT提供日常相处和状态通道；M5-RHYTHM负责把双方时间、负荷、联系、空间与恢复合成为长期节奏结构。,无／按本规则指定的提议—观察—同意—执行—反馈—调整—恢复路径路由。,近位、远位只修正某项节奏需求进入亲密关系核心的可能；不得据此判断具体对象现实中一定快、慢、黏、疏或稳定。,根气只修正节奏需求是否稳定重复，不等于双方现实节奏已成熟协调。,旺弱只修正某项推进、联系、共享、变化或恢复通道的调用强度，不直接等于适配质量。,喜忌只修正节奏调用顺畅度与摩擦，不可直接翻译为某种五行、十神或对象类型必然适合。,真合化成立时按化神功能重算节奏需要；合化争议时停止细化节奏画像。,近位提高该节奏议题进入关系核心的可能；远位只保留背景或阶段性观察。,98,不加分；伦理边界,boundary_note,保持中性、具体、行为化。,这是节奏结构的描述，不是人格或爱意评价。,不得仅凭本规则推出具体日期、交往时长、多久结婚、联系次数、见面频率或关系结果；不得把快等同冲动、慢等同冷淡、高频等同亲密、低频等同不爱。现实安全、双方同意、持续行为、生活条件、反例与协商优先。,高,待验证,,rhythm_state=HS06; provisional=true; rule_group=RHYTHM-HS状态; M3_STATE_pending=true,0.7
M5-RHYTHM-271,HS07 长期节奏错配候选｜正式定义,L4 节奏状态,RHYTHM-HS状态,通用,定义,HS07,长期节奏错配候选,HV4以上；至少两个HO维度持续失配，现实反例支持。,PR0安全停止。,由共享基础引擎、M2-TEMPO与M3功能模块提供；只修正用户能够承载怎样的推进、联系、共同时间、负荷与恢复节奏，不直接判断现实关系一定同步。,M2说明进入关系前的确认节奏；M5-RHYTHM只处理关系进入认真阶段以后，双方怎样持续协调推进与生活节奏。,M3-BASE、EXPR、CARE、BOUND、CONFLICT提供日常相处和状态通道；M5-RHYTHM负责把双方时间、负荷、联系、空间与恢复合成为长期节奏结构。,无／按本规则指定的提议—观察—同意—执行—反馈—调整—恢复路径路由。,近位、远位只修正某项节奏需求进入亲密关系核心的可能；不得据此判断具体对象现实中一定快、慢、黏、疏或稳定。,根气只修正节奏需求是否稳定重复，不等于双方现实节奏已成熟协调。,旺弱只修正某项推进、联系、共享、变化或恢复通道的调用强度，不直接等于适配质量。,喜忌只修正节奏调用顺畅度与摩擦，不可直接翻译为某种五行、十神或对象类型必然适合。,真合化成立时按化神功能重算节奏需要；合化争议时停止细化节奏画像。,近位提高该节奏议题进入关系核心的可能；远位只保留背景或阶段性观察。,94,不加分；状态定义,rhythm_state,推进、联系、共同时间、负荷或恢复需求长期冲突，反复协商仍无可执行结构。,需要认真检查是否长期由一方追赶、等待或压缩自己的节奏。,不得仅凭本规则推出具体日期、交往时长、多久结婚、联系次数、见面频率或关系结果；不得把快等同冲动、慢等同冷淡、高频等同亲密、低频等同不爱。现实安全、双方同意、持续行为、生活条件、反例与协商优先。,高,待验证,,rhythm_state=HS07; provisional=true; rule_group=RHYTHM-HS状态; M3_STATE_pending=true,0.7
M5-RHYTHM-272,HS07 长期节奏错配候选｜成立条件,L4 节奏状态,RHYTHM-HS状态,通用,门控,HS07,长期节奏错配候选,HV4以上；至少两个HO维度持续失配，现实反例支持。,只有命盘结构、同源重复或单次事件。,由共享基础引擎、M2-TEMPO与M3功能模块提供；只修正用户能够承载怎样的推进、联系、共同时间、负荷与恢复节奏，不直接判断现实关系一定同步。,M2说明进入关系前的确认节奏；M5-RHYTHM只处理关系进入认真阶段以后，双方怎样持续协调推进与生活节奏。,M3-BASE、EXPR、CARE、BOUND、CONFLICT提供日常相处和状态通道；M5-RHYTHM负责把双方时间、负荷、联系、空间与恢复合成为长期节奏结构。,无／按本规则指定的提议—观察—同意—执行—反馈—调整—恢复路径路由。,近位、远位只修正某项节奏需求进入亲密关系核心的可能；不得据此判断具体对象现实中一定快、慢、黏、疏或稳定。,根气只修正节奏需求是否稳定重复，不等于双方现实节奏已成熟协调。,旺弱只修正某项推进、联系、共享、变化或恢复通道的调用强度，不直接等于适配质量。,喜忌只修正节奏调用顺畅度与摩擦，不可直接翻译为某种五行、十神或对象类型必然适合。,真合化成立时按化神功能重算节奏需要；合化争议时停止细化节奏画像。,近位提高该节奏议题进入关系核心的可能；远位只保留背景或阶段性观察。,90,状态路由,rhythm_state,长期节奏错配候选必须满足：HV4以上；至少两个HO维度持续失配，现实反例支持。,判断到长期节奏错配候选，需要看到：HV4以上；至少两个HO维度持续失配，现实反例支持。,不得仅凭本规则推出具体日期、交往时长、多久结婚、联系次数、见面频率或关系结果；不得把快等同冲动、慢等同冷淡、高频等同亲密、低频等同不爱。现实安全、双方同意、持续行为、生活条件、反例与协商优先。,中高,待验证,,rhythm_state=HS07; provisional=true; rule_group=RHYTHM-HS状态; M3_STATE_pending=true,0.7
M5-RHYTHM-273,HS07 长期节奏错配候选｜报告处理,L4 节奏状态,RHYTHM-HS状态,通用,路由,HS07,长期节奏错配候选,HV4以上；至少两个HO维度持续失配，现实反例支持。,资料与状态不一致。,由共享基础引擎、M2-TEMPO与M3功能模块提供；只修正用户能够承载怎样的推进、联系、共同时间、负荷与恢复节奏，不直接判断现实关系一定同步。,M2说明进入关系前的确认节奏；M5-RHYTHM只处理关系进入认真阶段以后，双方怎样持续协调推进与生活节奏。,M3-BASE、EXPR、CARE、BOUND、CONFLICT提供日常相处和状态通道；M5-RHYTHM负责把双方时间、负荷、联系、空间与恢复合成为长期节奏结构。,无／按本规则指定的提议—观察—同意—执行—反馈—调整—恢复路径路由。,近位、远位只修正某项节奏需求进入亲密关系核心的可能；不得据此判断具体对象现实中一定快、慢、黏、疏或稳定。,根气只修正节奏需求是否稳定重复，不等于双方现实节奏已成熟协调。,旺弱只修正某项推进、联系、共享、变化或恢复通道的调用强度，不直接等于适配质量。,喜忌只修正节奏调用顺畅度与摩擦，不可直接翻译为某种五行、十神或对象类型必然适合。,真合化成立时按化神功能重算节奏需要；合化争议时停止细化节奏画像。,近位提高该节奏议题进入关系核心的可能；远位只保留背景或阶段性观察。,86,路由／降级,report_status,评估需求是否可调、关系是否降级或停止，不要求单方长期迁就。,需要认真检查是否长期由一方追赶、等待或压缩自己的节奏。,不得仅凭本规则推出具体日期、交往时长、多久结婚、联系次数、见面频率或关系结果；不得把快等同冲动、慢等同冷淡、高频等同亲密、低频等同不爱。现实安全、双方同意、持续行为、生活条件、反例与协商优先。,中高,待验证,,rhythm_state=HS07; provisional=true; rule_group=RHYTHM-HS状态; M3_STATE_pending=true,0.7
M5-RHYTHM-274,HS07 长期节奏错配候选｜升级与降级,L4 节奏状态,RHYTHM-HS状态,通用,证据,HS07,长期节奏错配候选,至少两类独立节奏事件来源。,只因频率相同、联系很多或关系进展快。,由共享基础引擎、M2-TEMPO与M3功能模块提供；只修正用户能够承载怎样的推进、联系、共同时间、负荷与恢复节奏，不直接判断现实关系一定同步。,M2说明进入关系前的确认节奏；M5-RHYTHM只处理关系进入认真阶段以后，双方怎样持续协调推进与生活节奏。,M3-BASE、EXPR、CARE、BOUND、CONFLICT提供日常相处和状态通道；M5-RHYTHM负责把双方时间、负荷、联系、空间与恢复合成为长期节奏结构。,无／按本规则指定的提议—观察—同意—执行—反馈—调整—恢复路径路由。,近位、远位只修正某项节奏需求进入亲密关系核心的可能；不得据此判断具体对象现实中一定快、慢、黏、疏或稳定。,根气只修正节奏需求是否稳定重复，不等于双方现实节奏已成熟协调。,旺弱只修正某项推进、联系、共享、变化或恢复通道的调用强度，不直接等于适配质量。,喜忌只修正节奏调用顺畅度与摩擦，不可直接翻译为某种五行、十神或对象类型必然适合。,真合化成立时按化神功能重算节奏需要；合化争议时停止细化节奏画像。,近位提高该节奏议题进入关系核心的可能；远位只保留背景或阶段性观察。,82,±8至±20,rhythm_evidence_level,HS状态随现实节奏证据变化，不由命理分值直接锁定。,随着真实节奏事件增加，这个判断可以升级、降级或停止。,不得仅凭本规则推出具体日期、交往时长、多久结婚、联系次数、见面频率或关系结果；不得把快等同冲动、慢等同冷淡、高频等同亲密、低频等同不爱。现实安全、双方同意、持续行为、生活条件、反例与协商优先。,中,待验证,,rhythm_state=HS07; provisional=true; rule_group=RHYTHM-HS状态; M3_STATE_pending=true,0.7
M5-RHYTHM-275,HS07 长期节奏错配候选｜禁止人格化,L4 节奏状态,RHYTHM-HS状态,通用,边界,HS07,长期节奏错配候选,输出HS状态。,现实存在控制、监控或强迫同步时按安全事实说明。,由共享基础引擎、M2-TEMPO与M3功能模块提供；只修正用户能够承载怎样的推进、联系、共同时间、负荷与恢复节奏，不直接判断现实关系一定同步。,M2说明进入关系前的确认节奏；M5-RHYTHM只处理关系进入认真阶段以后，双方怎样持续协调推进与生活节奏。,M3-BASE、EXPR、CARE、BOUND、CONFLICT提供日常相处和状态通道；M5-RHYTHM负责把双方时间、负荷、联系、空间与恢复合成为长期节奏结构。,无／按本规则指定的提议—观察—同意—执行—反馈—调整—恢复路径路由。,近位、远位只修正某项节奏需求进入亲密关系核心的可能；不得据此判断具体对象现实中一定快、慢、黏、疏或稳定。,根气只修正节奏需求是否稳定重复，不等于双方现实节奏已成熟协调。,旺弱只修正某项推进、联系、共享、变化或恢复通道的调用强度，不直接等于适配质量。,喜忌只修正节奏调用顺畅度与摩擦，不可直接翻译为某种五行、十神或对象类型必然适合。,真合化成立时按化神功能重算节奏需要；合化争议时停止细化节奏画像。,近位提高该节奏议题进入关系核心的可能；远位只保留背景或阶段性观察。,98,不加分；伦理边界,boundary_note,保持中性、具体、行为化。,这是节奏结构的描述，不是人格或爱意评价。,不得仅凭本规则推出具体日期、交往时长、多久结婚、联系次数、见面频率或关系结果；不得把快等同冲动、慢等同冷淡、高频等同亲密、低频等同不爱。现实安全、双方同意、持续行为、生活条件、反例与协商优先。,高,待验证,,rhythm_state=HS07; provisional=true; rule_group=RHYTHM-HS状态; M3_STATE_pending=true,0.7
M5-RHYTHM-276,HS08 节奏未定／安全停止｜正式定义,L4 节奏状态,RHYTHM-HS状态,通用,定义,HS08,节奏未定／安全停止,HV0—HV1或PR0停止。,PR0安全停止。,由共享基础引擎、M2-TEMPO与M3功能模块提供；只修正用户能够承载怎样的推进、联系、共同时间、负荷与恢复节奏，不直接判断现实关系一定同步。,M2说明进入关系前的确认节奏；M5-RHYTHM只处理关系进入认真阶段以后，双方怎样持续协调推进与生活节奏。,M3-BASE、EXPR、CARE、BOUND、CONFLICT提供日常相处和状态通道；M5-RHYTHM负责把双方时间、负荷、联系、空间与恢复合成为长期节奏结构。,无／按本规则指定的提议—观察—同意—执行—反馈—调整—恢复路径路由。,近位、远位只修正某项节奏需求进入亲密关系核心的可能；不得据此判断具体对象现实中一定快、慢、黏、疏或稳定。,根气只修正节奏需求是否稳定重复，不等于双方现实节奏已成熟协调。,旺弱只修正某项推进、联系、共享、变化或恢复通道的调用强度，不直接等于适配质量。,喜忌只修正节奏调用顺畅度与摩擦，不可直接翻译为某种五行、十神或对象类型必然适合。,真合化成立时按化神功能重算节奏需要；合化争议时停止细化节奏画像。,近位提高该节奏议题进入关系核心的可能；远位只保留背景或阶段性观察。,94,不加分；状态定义,rhythm_state,资料不足、相互矛盾、合化争议或存在控制、监控和难以退出。,目前不适合给关系节奏下普通结论，先补充事实或处理安全问题。,不得仅凭本规则推出具体日期、交往时长、多久结婚、联系次数、见面频率或关系结果；不得把快等同冲动、慢等同冷淡、高频等同亲密、低频等同不爱。现实安全、双方同意、持续行为、生活条件、反例与协商优先。,高,待验证,,rhythm_state=HS08; provisional=true; rule_group=RHYTHM-HS状态; M3_STATE_pending=true,0.7
M5-RHYTHM-277,HS08 节奏未定／安全停止｜成立条件,L4 节奏状态,RHYTHM-HS状态,通用,门控,HS08,节奏未定／安全停止,HV0—HV1或PR0停止。,只有命盘结构、同源重复或单次事件。,由共享基础引擎、M2-TEMPO与M3功能模块提供；只修正用户能够承载怎样的推进、联系、共同时间、负荷与恢复节奏，不直接判断现实关系一定同步。,M2说明进入关系前的确认节奏；M5-RHYTHM只处理关系进入认真阶段以后，双方怎样持续协调推进与生活节奏。,M3-BASE、EXPR、CARE、BOUND、CONFLICT提供日常相处和状态通道；M5-RHYTHM负责把双方时间、负荷、联系、空间与恢复合成为长期节奏结构。,无／按本规则指定的提议—观察—同意—执行—反馈—调整—恢复路径路由。,近位、远位只修正某项节奏需求进入亲密关系核心的可能；不得据此判断具体对象现实中一定快、慢、黏、疏或稳定。,根气只修正节奏需求是否稳定重复，不等于双方现实节奏已成熟协调。,旺弱只修正某项推进、联系、共享、变化或恢复通道的调用强度，不直接等于适配质量。,喜忌只修正节奏调用顺畅度与摩擦，不可直接翻译为某种五行、十神或对象类型必然适合。,真合化成立时按化神功能重算节奏需要；合化争议时停止细化节奏画像。,近位提高该节奏议题进入关系核心的可能；远位只保留背景或阶段性观察。,90,状态路由,rhythm_state,节奏未定／安全停止必须满足：HV0—HV1或PR0停止。,判断到节奏未定／安全停止，需要看到：HV0—HV1或PR0停止。,不得仅凭本规则推出具体日期、交往时长、多久结婚、联系次数、见面频率或关系结果；不得把快等同冲动、慢等同冷淡、高频等同亲密、低频等同不爱。现实安全、双方同意、持续行为、生活条件、反例与协商优先。,中高,待验证,,rhythm_state=HS08; provisional=true; rule_group=RHYTHM-HS状态; M3_STATE_pending=true,0.7
M5-RHYTHM-278,HS08 节奏未定／安全停止｜报告处理,L4 节奏状态,RHYTHM-HS状态,通用,路由,HS08,节奏未定／安全停止,HV0—HV1或PR0停止。,资料与状态不一致。,由共享基础引擎、M2-TEMPO与M3功能模块提供；只修正用户能够承载怎样的推进、联系、共同时间、负荷与恢复节奏，不直接判断现实关系一定同步。,M2说明进入关系前的确认节奏；M5-RHYTHM只处理关系进入认真阶段以后，双方怎样持续协调推进与生活节奏。,M3-BASE、EXPR、CARE、BOUND、CONFLICT提供日常相处和状态通道；M5-RHYTHM负责把双方时间、负荷、联系、空间与恢复合成为长期节奏结构。,无／按本规则指定的提议—观察—同意—执行—反馈—调整—恢复路径路由。,近位、远位只修正某项节奏需求进入亲密关系核心的可能；不得据此判断具体对象现实中一定快、慢、黏、疏或稳定。,根气只修正节奏需求是否稳定重复，不等于双方现实节奏已成熟协调。,旺弱只修正某项推进、联系、共享、变化或恢复通道的调用强度，不直接等于适配质量。,喜忌只修正节奏调用顺畅度与摩擦，不可直接翻译为某种五行、十神或对象类型必然适合。,真合化成立时按化神功能重算节奏需要；合化争议时停止细化节奏画像。,近位提高该节奏议题进入关系核心的可能；远位只保留背景或阶段性观察。,86,路由／降级,report_status,只输出资料需求、安全支持或有限观察。,目前不适合给关系节奏下普通结论，先补充事实或处理安全问题。,不得仅凭本规则推出具体日期、交往时长、多久结婚、联系次数、见面频率或关系结果；不得把快等同冲动、慢等同冷淡、高频等同亲密、低频等同不爱。现实安全、双方同意、持续行为、生活条件、反例与协商优先。,中高,待验证,,rhythm_state=HS08; provisional=true; rule_group=RHYTHM-HS状态; M3_STATE_pending=true,0.7
M5-RHYTHM-279,HS08 节奏未定／安全停止｜升级与降级,L4 节奏状态,RHYTHM-HS状态,通用,证据,HS08,节奏未定／安全停止,至少两类独立节奏事件来源。,只因频率相同、联系很多或关系进展快。,由共享基础引擎、M2-TEMPO与M3功能模块提供；只修正用户能够承载怎样的推进、联系、共同时间、负荷与恢复节奏，不直接判断现实关系一定同步。,M2说明进入关系前的确认节奏；M5-RHYTHM只处理关系进入认真阶段以后，双方怎样持续协调推进与生活节奏。,M3-BASE、EXPR、CARE、BOUND、CONFLICT提供日常相处和状态通道；M5-RHYTHM负责把双方时间、负荷、联系、空间与恢复合成为长期节奏结构。,无／按本规则指定的提议—观察—同意—执行—反馈—调整—恢复路径路由。,近位、远位只修正某项节奏需求进入亲密关系核心的可能；不得据此判断具体对象现实中一定快、慢、黏、疏或稳定。,根气只修正节奏需求是否稳定重复，不等于双方现实节奏已成熟协调。,旺弱只修正某项推进、联系、共享、变化或恢复通道的调用强度，不直接等于适配质量。,喜忌只修正节奏调用顺畅度与摩擦，不可直接翻译为某种五行、十神或对象类型必然适合。,真合化成立时按化神功能重算节奏需要；合化争议时停止细化节奏画像。,近位提高该节奏议题进入关系核心的可能；远位只保留背景或阶段性观察。,82,±8至±20,rhythm_evidence_level,HS状态随现实节奏证据变化，不由命理分值直接锁定。,随着真实节奏事件增加，这个判断可以升级、降级或停止。,不得仅凭本规则推出具体日期、交往时长、多久结婚、联系次数、见面频率或关系结果；不得把快等同冲动、慢等同冷淡、高频等同亲密、低频等同不爱。现实安全、双方同意、持续行为、生活条件、反例与协商优先。,中,待验证,,rhythm_state=HS08; provisional=true; rule_group=RHYTHM-HS状态; M3_STATE_pending=true,0.7
M5-RHYTHM-280,HS08 节奏未定／安全停止｜禁止人格化,L4 节奏状态,RHYTHM-HS状态,通用,边界,HS08,节奏未定／安全停止,输出HS状态。,现实存在控制、监控或强迫同步时按安全事实说明。,由共享基础引擎、M2-TEMPO与M3功能模块提供；只修正用户能够承载怎样的推进、联系、共同时间、负荷与恢复节奏，不直接判断现实关系一定同步。,M2说明进入关系前的确认节奏；M5-RHYTHM只处理关系进入认真阶段以后，双方怎样持续协调推进与生活节奏。,M3-BASE、EXPR、CARE、BOUND、CONFLICT提供日常相处和状态通道；M5-RHYTHM负责把双方时间、负荷、联系、空间与恢复合成为长期节奏结构。,无／按本规则指定的提议—观察—同意—执行—反馈—调整—恢复路径路由。,近位、远位只修正某项节奏需求进入亲密关系核心的可能；不得据此判断具体对象现实中一定快、慢、黏、疏或稳定。,根气只修正节奏需求是否稳定重复，不等于双方现实节奏已成熟协调。,旺弱只修正某项推进、联系、共享、变化或恢复通道的调用强度，不直接等于适配质量。,喜忌只修正节奏调用顺畅度与摩擦，不可直接翻译为某种五行、十神或对象类型必然适合。,真合化成立时按化神功能重算节奏需要；合化争议时停止细化节奏画像。,近位提高该节奏议题进入关系核心的可能；远位只保留背景或阶段性观察。,98,不加分；伦理边界,boundary_note,保持中性、具体、行为化。,这是节奏结构的描述，不是人格或爱意评价。,不得仅凭本规则推出具体日期、交往时长、多久结婚、联系次数、见面频率或关系结果；不得把快等同冲动、慢等同冷淡、高频等同亲密、低频等同不爱。现实安全、双方同意、持续行为、生活条件、反例与协商优先。,高,待验证,,rhythm_state=HS08; provisional=true; rule_group=RHYTHM-HS状态; M3_STATE_pending=true,0.7
M5-RHYTHM-281,HV0 无现实节奏证据｜正式定义,L5 现实节奏证据深度,RHYTHM-HV证据,通用,定义,HV0,无现实节奏证据,评估双方推进、联系、共同时间、负荷或恢复事件。,无。,由共享基础引擎、M2-TEMPO与M3功能模块提供；只修正用户能够承载怎样的推进、联系、共同时间、负荷与恢复节奏，不直接判断现实关系一定同步。,M2说明进入关系前的确认节奏；M5-RHYTHM只处理关系进入认真阶段以后，双方怎样持续协调推进与生活节奏。,M3-BASE、EXPR、CARE、BOUND、CONFLICT提供日常相处和状态通道；M5-RHYTHM负责把双方时间、负荷、联系、空间与恢复合成为长期节奏结构。,无／按本规则指定的提议—观察—同意—执行—反馈—调整—恢复路径路由。,近位、远位只修正某项节奏需求进入亲密关系核心的可能；不得据此判断具体对象现实中一定快、慢、黏、疏或稳定。,根气只修正节奏需求是否稳定重复，不等于双方现实节奏已成熟协调。,旺弱只修正某项推进、联系、共享、变化或恢复通道的调用强度，不直接等于适配质量。,喜忌只修正节奏调用顺畅度与摩擦，不可直接翻译为某种五行、十神或对象类型必然适合。,真合化成立时按化神功能重算节奏需要；合化争议时停止细化节奏画像。,近位提高该节奏议题进入关系核心的可能；远位只保留背景或阶段性观察。,96,不加分；证据定义,rhythm_evidence_level,只有命盘需求或抽象理想，没有联系、推进、负荷或恢复事件。,当前节奏证据层级：无现实节奏证据。,不得仅凭本规则推出具体日期、交往时长、多久结婚、联系次数、见面频率或关系结果；不得把快等同冲动、慢等同冷淡、高频等同亲密、低频等同不爱。现实安全、双方同意、持续行为、生活条件、反例与协商优先。,高,待验证,,rhythm_evidence=HV0; provisional=true; rule_group=RHYTHM-HV证据; M3_STATE_pending=true,0.7
M5-RHYTHM-282,HV0 无现实节奏证据｜最低资料,L5 现实节奏证据深度,RHYTHM-HV证据,通用,证据,HV0,无现实节奏证据,只有命盘需求或抽象理想，没有联系、推进、负荷或恢复事件。,没有相应现实资料。,由共享基础引擎、M2-TEMPO与M3功能模块提供；只修正用户能够承载怎样的推进、联系、共同时间、负荷与恢复节奏，不直接判断现实关系一定同步。,M2说明进入关系前的确认节奏；M5-RHYTHM只处理关系进入认真阶段以后，双方怎样持续协调推进与生活节奏。,M3-BASE、EXPR、CARE、BOUND、CONFLICT提供日常相处和状态通道；M5-RHYTHM负责把双方时间、负荷、联系、空间与恢复合成为长期节奏结构。,无／按本规则指定的提议—观察—同意—执行—反馈—调整—恢复路径路由。,近位、远位只修正某项节奏需求进入亲密关系核心的可能；不得据此判断具体对象现实中一定快、慢、黏、疏或稳定。,根气只修正节奏需求是否稳定重复，不等于双方现实节奏已成熟协调。,旺弱只修正某项推进、联系、共享、变化或恢复通道的调用强度，不直接等于适配质量。,喜忌只修正节奏调用顺畅度与摩擦，不可直接翻译为某种五行、十神或对象类型必然适合。,真合化成立时按化神功能重算节奏需要；合化争议时停止细化节奏画像。,近位提高该节奏议题进入关系核心的可能；远位只保留背景或阶段性观察。,88,HV路由,rhythm_evidence_level,HV0的最低资料是：只有命盘需求或抽象理想，没有联系、推进、负荷或恢复事件。,这一层主要依据：只有命盘需求或抽象理想，没有联系、推进、负荷或恢复事件。,不得仅凭本规则推出具体日期、交往时长、多久结婚、联系次数、见面频率或关系结果；不得把快等同冲动、慢等同冷淡、高频等同亲密、低频等同不爱。现实安全、双方同意、持续行为、生活条件、反例与协商优先。,中高,待验证,,rhythm_evidence=HV0; provisional=true; rule_group=RHYTHM-HV证据; M3_STATE_pending=true,0.7
M5-RHYTHM-283,HV0 无现实节奏证据｜允许发布,L5 现实节奏证据深度,RHYTHM-HV证据,通用,输出,HV0,无现实节奏证据,HV0成立。,试图越级到更强结论。,由共享基础引擎、M2-TEMPO与M3功能模块提供；只修正用户能够承载怎样的推进、联系、共同时间、负荷与恢复节奏，不直接判断现实关系一定同步。,M2说明进入关系前的确认节奏；M5-RHYTHM只处理关系进入认真阶段以后，双方怎样持续协调推进与生活节奏。,M3-BASE、EXPR、CARE、BOUND、CONFLICT提供日常相处和状态通道；M5-RHYTHM负责把双方时间、负荷、联系、空间与恢复合成为长期节奏结构。,无／按本规则指定的提议—观察—同意—执行—反馈—调整—恢复路径路由。,近位、远位只修正某项节奏需求进入亲密关系核心的可能；不得据此判断具体对象现实中一定快、慢、黏、疏或稳定。,根气只修正节奏需求是否稳定重复，不等于双方现实节奏已成熟协调。,旺弱只修正某项推进、联系、共享、变化或恢复通道的调用强度，不直接等于适配质量。,喜忌只修正节奏调用顺畅度与摩擦，不可直接翻译为某种五行、十神或对象类型必然适合。,真合化成立时按化神功能重算节奏需要；合化争议时停止细化节奏画像。,近位提高该节奏议题进入关系核心的可能；远位只保留背景或阶段性观察。,84,发布上限,report_text,只能建立节奏观察清单。,只能建立节奏观察清单。,不得仅凭本规则推出具体日期、交往时长、多久结婚、联系次数、见面频率或关系结果；不得把快等同冲动、慢等同冷淡、高频等同亲密、低频等同不爱。现实安全、双方同意、持续行为、生活条件、反例与协商优先。,中高,待验证,,rhythm_evidence=HV0; provisional=true; rule_group=RHYTHM-HV证据; M3_STATE_pending=true,0.7
M5-RHYTHM-284,HV0 无现实节奏证据｜禁止发布,L5 现实节奏证据深度,RHYTHM-HV证据,通用,边界,HV0,无现实节奏证据,HV0成立。,无。,由共享基础引擎、M2-TEMPO与M3功能模块提供；只修正用户能够承载怎样的推进、联系、共同时间、负荷与恢复节奏，不直接判断现实关系一定同步。,M2说明进入关系前的确认节奏；M5-RHYTHM只处理关系进入认真阶段以后，双方怎样持续协调推进与生活节奏。,M3-BASE、EXPR、CARE、BOUND、CONFLICT提供日常相处和状态通道；M5-RHYTHM负责把双方时间、负荷、联系、空间与恢复合成为长期节奏结构。,无／按本规则指定的提议—观察—同意—执行—反馈—调整—恢复路径路由。,近位、远位只修正某项节奏需求进入亲密关系核心的可能；不得据此判断具体对象现实中一定快、慢、黏、疏或稳定。,根气只修正节奏需求是否稳定重复，不等于双方现实节奏已成熟协调。,旺弱只修正某项推进、联系、共享、变化或恢复通道的调用强度，不直接等于适配质量。,喜忌只修正节奏调用顺畅度与摩擦，不可直接翻译为某种五行、十神或对象类型必然适合。,真合化成立时按化神功能重算节奏需要；合化争议时停止细化节奏画像。,近位提高该节奏议题进入关系核心的可能；远位只保留背景或阶段性观察。,95,不加分；边界,boundary_note,不能判断双方节奏一致、错配、高频或低频适配。,目前还不能：不能判断双方节奏一致、错配、高频或低频适配。,不得仅凭本规则推出具体日期、交往时长、多久结婚、联系次数、见面频率或关系结果；不得把快等同冲动、慢等同冷淡、高频等同亲密、低频等同不爱。现实安全、双方同意、持续行为、生活条件、反例与协商优先。,高,待验证,,rhythm_evidence=HV0; provisional=true; rule_group=RHYTHM-HV证据; M3_STATE_pending=true,0.7
M5-RHYTHM-285,HV0 无现实节奏证据｜升级任务,L5 现实节奏证据深度,RHYTHM-HV证据,通用,路由,HV0,无现实节奏证据,准备从HV0升级。,安全、资料或反例停止。,由共享基础引擎、M2-TEMPO与M3功能模块提供；只修正用户能够承载怎样的推进、联系、共同时间、负荷与恢复节奏，不直接判断现实关系一定同步。,M2说明进入关系前的确认节奏；M5-RHYTHM只处理关系进入认真阶段以后，双方怎样持续协调推进与生活节奏。,M3-BASE、EXPR、CARE、BOUND、CONFLICT提供日常相处和状态通道；M5-RHYTHM负责把双方时间、负荷、联系、空间与恢复合成为长期节奏结构。,无／按本规则指定的提议—观察—同意—执行—反馈—调整—恢复路径路由。,近位、远位只修正某项节奏需求进入亲密关系核心的可能；不得据此判断具体对象现实中一定快、慢、黏、疏或稳定。,根气只修正节奏需求是否稳定重复，不等于双方现实节奏已成熟协调。,旺弱只修正某项推进、联系、共享、变化或恢复通道的调用强度，不直接等于适配质量。,喜忌只修正节奏调用顺畅度与摩擦，不可直接翻译为某种五行、十神或对象类型必然适合。,真合化成立时按化神功能重算节奏需要；合化争议时停止细化节奏画像。,近位提高该节奏议题进入关系核心的可能；远位只保留背景或阶段性观察。,76,不加分；观察计划,observation_plan,补充至少一个完整阶段或节奏变化事件。,下一步观察：补充至少一个完整阶段或节奏变化事件。,不得仅凭本规则推出具体日期、交往时长、多久结婚、联系次数、见面频率或关系结果；不得把快等同冲动、慢等同冷淡、高频等同亲密、低频等同不爱。现实安全、双方同意、持续行为、生活条件、反例与协商优先。,中,待验证,,rhythm_evidence=HV0; provisional=true; rule_group=RHYTHM-HV证据; M3_STATE_pending=true,0.7
M5-RHYTHM-286,HV0 无现实节奏证据｜与FG关系,L5 现实节奏证据深度,RHYTHM-HV证据,通用,接口,HV0,无现实节奏证据,HV0可用。,把HV直接等同FG。,由共享基础引擎、M2-TEMPO与M3功能模块提供；只修正用户能够承载怎样的推进、联系、共同时间、负荷与恢复节奏，不直接判断现实关系一定同步。,M2说明进入关系前的确认节奏；M5-RHYTHM只处理关系进入认真阶段以后，双方怎样持续协调推进与生活节奏。,M3-BASE、EXPR、CARE、BOUND、CONFLICT提供日常相处和状态通道；M5-RHYTHM负责把双方时间、负荷、联系、空间与恢复合成为长期节奏结构。,无／按本规则指定的提议—观察—同意—执行—反馈—调整—恢复路径路由。,近位、远位只修正某项节奏需求进入亲密关系核心的可能；不得据此判断具体对象现实中一定快、慢、黏、疏或稳定。,根气只修正节奏需求是否稳定重复，不等于双方现实节奏已成熟协调。,旺弱只修正某项推进、联系、共享、变化或恢复通道的调用强度，不直接等于适配质量。,喜忌只修正节奏调用顺畅度与摩擦，不可直接翻译为某种五行、十神或对象类型必然适合。,真合化成立时按化神功能重算节奏需要；合化争议时停止细化节奏画像。,近位提高该节奏议题进入关系核心的可能；远位只保留背景或阶段性观察。,92,不加分；去耦,fit_grade,HV与FG分开计算。,节奏证据更深，但最终适配仍需综合现实门槛。,不得仅凭本规则推出具体日期、交往时长、多久结婚、联系次数、见面频率或关系结果；不得把快等同冲动、慢等同冷淡、高频等同亲密、低频等同不爱。现实安全、双方同意、持续行为、生活条件、反例与协商优先。,高,待验证,,rhythm_evidence=HV0; provisional=true; rule_group=RHYTHM-HV证据; M3_STATE_pending=true,0.7
M5-RHYTHM-287,HV1 自述／计划证据｜正式定义,L5 现实节奏证据深度,RHYTHM-HV证据,通用,定义,HV1,自述／计划证据,评估双方推进、联系、共同时间、负荷或恢复事件。,无。,由共享基础引擎、M2-TEMPO与M3功能模块提供；只修正用户能够承载怎样的推进、联系、共同时间、负荷与恢复节奏，不直接判断现实关系一定同步。,M2说明进入关系前的确认节奏；M5-RHYTHM只处理关系进入认真阶段以后，双方怎样持续协调推进与生活节奏。,M3-BASE、EXPR、CARE、BOUND、CONFLICT提供日常相处和状态通道；M5-RHYTHM负责把双方时间、负荷、联系、空间与恢复合成为长期节奏结构。,无／按本规则指定的提议—观察—同意—执行—反馈—调整—恢复路径路由。,近位、远位只修正某项节奏需求进入亲密关系核心的可能；不得据此判断具体对象现实中一定快、慢、黏、疏或稳定。,根气只修正节奏需求是否稳定重复，不等于双方现实节奏已成熟协调。,旺弱只修正某项推进、联系、共享、变化或恢复通道的调用强度，不直接等于适配质量。,喜忌只修正节奏调用顺畅度与摩擦，不可直接翻译为某种五行、十神或对象类型必然适合。,真合化成立时按化神功能重算节奏需要；合化争议时停止细化节奏画像。,近位提高该节奏议题进入关系核心的可能；远位只保留背景或阶段性观察。,96,不加分；证据定义,rhythm_evidence_level,只有双方对理想频率、未来计划或自我风格的描述。,当前节奏证据层级：自述／计划证据。,不得仅凭本规则推出具体日期、交往时长、多久结婚、联系次数、见面频率或关系结果；不得把快等同冲动、慢等同冷淡、高频等同亲密、低频等同不爱。现实安全、双方同意、持续行为、生活条件、反例与协商优先。,高,待验证,,rhythm_evidence=HV1; provisional=true; rule_group=RHYTHM-HV证据; M3_STATE_pending=true,0.7
M5-RHYTHM-288,HV1 自述／计划证据｜最低资料,L5 现实节奏证据深度,RHYTHM-HV证据,通用,证据,HV1,自述／计划证据,只有双方对理想频率、未来计划或自我风格的描述。,没有相应现实资料。,由共享基础引擎、M2-TEMPO与M3功能模块提供；只修正用户能够承载怎样的推进、联系、共同时间、负荷与恢复节奏，不直接判断现实关系一定同步。,M2说明进入关系前的确认节奏；M5-RHYTHM只处理关系进入认真阶段以后，双方怎样持续协调推进与生活节奏。,M3-BASE、EXPR、CARE、BOUND、CONFLICT提供日常相处和状态通道；M5-RHYTHM负责把双方时间、负荷、联系、空间与恢复合成为长期节奏结构。,无／按本规则指定的提议—观察—同意—执行—反馈—调整—恢复路径路由。,近位、远位只修正某项节奏需求进入亲密关系核心的可能；不得据此判断具体对象现实中一定快、慢、黏、疏或稳定。,根气只修正节奏需求是否稳定重复，不等于双方现实节奏已成熟协调。,旺弱只修正某项推进、联系、共享、变化或恢复通道的调用强度，不直接等于适配质量。,喜忌只修正节奏调用顺畅度与摩擦，不可直接翻译为某种五行、十神或对象类型必然适合。,真合化成立时按化神功能重算节奏需要；合化争议时停止细化节奏画像。,近位提高该节奏议题进入关系核心的可能；远位只保留背景或阶段性观察。,88,HV路由,rhythm_evidence_level,HV1的最低资料是：只有双方对理想频率、未来计划或自我风格的描述。,这一层主要依据：只有双方对理想频率、未来计划或自我风格的描述。,不得仅凭本规则推出具体日期、交往时长、多久结婚、联系次数、见面频率或关系结果；不得把快等同冲动、慢等同冷淡、高频等同亲密、低频等同不爱。现实安全、双方同意、持续行为、生活条件、反例与协商优先。,中高,待验证,,rhythm_evidence=HV1; provisional=true; rule_group=RHYTHM-HV证据; M3_STATE_pending=true,0.7
M5-RHYTHM-289,HV1 自述／计划证据｜允许发布,L5 现实节奏证据深度,RHYTHM-HV证据,通用,输出,HV1,自述／计划证据,HV1成立。,试图越级到更强结论。,由共享基础引擎、M2-TEMPO与M3功能模块提供；只修正用户能够承载怎样的推进、联系、共同时间、负荷与恢复节奏，不直接判断现实关系一定同步。,M2说明进入关系前的确认节奏；M5-RHYTHM只处理关系进入认真阶段以后，双方怎样持续协调推进与生活节奏。,M3-BASE、EXPR、CARE、BOUND、CONFLICT提供日常相处和状态通道；M5-RHYTHM负责把双方时间、负荷、联系、空间与恢复合成为长期节奏结构。,无／按本规则指定的提议—观察—同意—执行—反馈—调整—恢复路径路由。,近位、远位只修正某项节奏需求进入亲密关系核心的可能；不得据此判断具体对象现实中一定快、慢、黏、疏或稳定。,根气只修正节奏需求是否稳定重复，不等于双方现实节奏已成熟协调。,旺弱只修正某项推进、联系、共享、变化或恢复通道的调用强度，不直接等于适配质量。,喜忌只修正节奏调用顺畅度与摩擦，不可直接翻译为某种五行、十神或对象类型必然适合。,真合化成立时按化神功能重算节奏需要；合化争议时停止细化节奏画像。,近位提高该节奏议题进入关系核心的可能；远位只保留背景或阶段性观察。,84,发布上限,report_text,可以形成待核验假设。,可以形成待核验假设。,不得仅凭本规则推出具体日期、交往时长、多久结婚、联系次数、见面频率或关系结果；不得把快等同冲动、慢等同冷淡、高频等同亲密、低频等同不爱。现实安全、双方同意、持续行为、生活条件、反例与协商优先。,中高,待验证,,rhythm_evidence=HV1; provisional=true; rule_group=RHYTHM-HV证据; M3_STATE_pending=true,0.7
M5-RHYTHM-290,HV1 自述／计划证据｜禁止发布,L5 现实节奏证据深度,RHYTHM-HV证据,通用,边界,HV1,自述／计划证据,HV1成立。,无。,由共享基础引擎、M2-TEMPO与M3功能模块提供；只修正用户能够承载怎样的推进、联系、共同时间、负荷与恢复节奏，不直接判断现实关系一定同步。,M2说明进入关系前的确认节奏；M5-RHYTHM只处理关系进入认真阶段以后，双方怎样持续协调推进与生活节奏。,M3-BASE、EXPR、CARE、BOUND、CONFLICT提供日常相处和状态通道；M5-RHYTHM负责把双方时间、负荷、联系、空间与恢复合成为长期节奏结构。,无／按本规则指定的提议—观察—同意—执行—反馈—调整—恢复路径路由。,近位、远位只修正某项节奏需求进入亲密关系核心的可能；不得据此判断具体对象现实中一定快、慢、黏、疏或稳定。,根气只修正节奏需求是否稳定重复，不等于双方现实节奏已成熟协调。,旺弱只修正某项推进、联系、共享、变化或恢复通道的调用强度，不直接等于适配质量。,喜忌只修正节奏调用顺畅度与摩擦，不可直接翻译为某种五行、十神或对象类型必然适合。,真合化成立时按化神功能重算节奏需要；合化争议时停止细化节奏画像。,近位提高该节奏议题进入关系核心的可能；远位只保留背景或阶段性观察。,95,不加分；边界,boundary_note,不能写节奏稳定或可持续。,目前还不能：不能写节奏稳定或可持续。,不得仅凭本规则推出具体日期、交往时长、多久结婚、联系次数、见面频率或关系结果；不得把快等同冲动、慢等同冷淡、高频等同亲密、低频等同不爱。现实安全、双方同意、持续行为、生活条件、反例与协商优先。,高,待验证,,rhythm_evidence=HV1; provisional=true; rule_group=RHYTHM-HV证据; M3_STATE_pending=true,0.7
M5-RHYTHM-291,HV1 自述／计划证据｜升级任务,L5 现实节奏证据深度,RHYTHM-HV证据,通用,路由,HV1,自述／计划证据,准备从HV1升级。,安全、资料或反例停止。,由共享基础引擎、M2-TEMPO与M3功能模块提供；只修正用户能够承载怎样的推进、联系、共同时间、负荷与恢复节奏，不直接判断现实关系一定同步。,M2说明进入关系前的确认节奏；M5-RHYTHM只处理关系进入认真阶段以后，双方怎样持续协调推进与生活节奏。,M3-BASE、EXPR、CARE、BOUND、CONFLICT提供日常相处和状态通道；M5-RHYTHM负责把双方时间、负荷、联系、空间与恢复合成为长期节奏结构。,无／按本规则指定的提议—观察—同意—执行—反馈—调整—恢复路径路由。,近位、远位只修正某项节奏需求进入亲密关系核心的可能；不得据此判断具体对象现实中一定快、慢、黏、疏或稳定。,根气只修正节奏需求是否稳定重复，不等于双方现实节奏已成熟协调。,旺弱只修正某项推进、联系、共享、变化或恢复通道的调用强度，不直接等于适配质量。,喜忌只修正节奏调用顺畅度与摩擦，不可直接翻译为某种五行、十神或对象类型必然适合。,真合化成立时按化神功能重算节奏需要；合化争议时停止细化节奏画像。,近位提高该节奏议题进入关系核心的可能；远位只保留背景或阶段性观察。,76,不加分；观察计划,observation_plan,观察实际联系、计划变化和负荷。,下一步观察：观察实际联系、计划变化和负荷。,不得仅凭本规则推出具体日期、交往时长、多久结婚、联系次数、见面频率或关系结果；不得把快等同冲动、慢等同冷淡、高频等同亲密、低频等同不爱。现实安全、双方同意、持续行为、生活条件、反例与协商优先。,中,待验证,,rhythm_evidence=HV1; provisional=true; rule_group=RHYTHM-HV证据; M3_STATE_pending=true,0.7
M5-RHYTHM-292,HV1 自述／计划证据｜与FG关系,L5 现实节奏证据深度,RHYTHM-HV证据,通用,接口,HV1,自述／计划证据,HV1可用。,把HV直接等同FG。,由共享基础引擎、M2-TEMPO与M3功能模块提供；只修正用户能够承载怎样的推进、联系、共同时间、负荷与恢复节奏，不直接判断现实关系一定同步。,M2说明进入关系前的确认节奏；M5-RHYTHM只处理关系进入认真阶段以后，双方怎样持续协调推进与生活节奏。,M3-BASE、EXPR、CARE、BOUND、CONFLICT提供日常相处和状态通道；M5-RHYTHM负责把双方时间、负荷、联系、空间与恢复合成为长期节奏结构。,无／按本规则指定的提议—观察—同意—执行—反馈—调整—恢复路径路由。,近位、远位只修正某项节奏需求进入亲密关系核心的可能；不得据此判断具体对象现实中一定快、慢、黏、疏或稳定。,根气只修正节奏需求是否稳定重复，不等于双方现实节奏已成熟协调。,旺弱只修正某项推进、联系、共享、变化或恢复通道的调用强度，不直接等于适配质量。,喜忌只修正节奏调用顺畅度与摩擦，不可直接翻译为某种五行、十神或对象类型必然适合。,真合化成立时按化神功能重算节奏需要；合化争议时停止细化节奏画像。,近位提高该节奏议题进入关系核心的可能；远位只保留背景或阶段性观察。,92,不加分；去耦,fit_grade,HV与FG分开计算。,节奏证据更深，但最终适配仍需综合现实门槛。,不得仅凭本规则推出具体日期、交往时长、多久结婚、联系次数、见面频率或关系结果；不得把快等同冲动、慢等同冷淡、高频等同亲密、低频等同不爱。现实安全、双方同意、持续行为、生活条件、反例与协商优先。,高,待验证,,rhythm_evidence=HV1; provisional=true; rule_group=RHYTHM-HV证据; M3_STATE_pending=true,0.7
M5-RHYTHM-293,HV2 单次阶段／变化事件｜正式定义,L5 现实节奏证据深度,RHYTHM-HV证据,通用,定义,HV2,单次阶段／变化事件,评估双方推进、联系、共同时间、负荷或恢复事件。,无。,由共享基础引擎、M2-TEMPO与M3功能模块提供；只修正用户能够承载怎样的推进、联系、共同时间、负荷与恢复节奏，不直接判断现实关系一定同步。,M2说明进入关系前的确认节奏；M5-RHYTHM只处理关系进入认真阶段以后，双方怎样持续协调推进与生活节奏。,M3-BASE、EXPR、CARE、BOUND、CONFLICT提供日常相处和状态通道；M5-RHYTHM负责把双方时间、负荷、联系、空间与恢复合成为长期节奏结构。,无／按本规则指定的提议—观察—同意—执行—反馈—调整—恢复路径路由。,近位、远位只修正某项节奏需求进入亲密关系核心的可能；不得据此判断具体对象现实中一定快、慢、黏、疏或稳定。,根气只修正节奏需求是否稳定重复，不等于双方现实节奏已成熟协调。,旺弱只修正某项推进、联系、共享、变化或恢复通道的调用强度，不直接等于适配质量。,喜忌只修正节奏调用顺畅度与摩擦，不可直接翻译为某种五行、十神或对象类型必然适合。,真合化成立时按化神功能重算节奏需要；合化争议时停止细化节奏画像。,近位提高该节奏议题进入关系核心的可能；远位只保留背景或阶段性观察。,96,不加分；证据定义,rhythm_evidence_level,有一次推进、降频、异地、忙碌或恢复事件。,当前节奏证据层级：单次阶段／变化事件。,不得仅凭本规则推出具体日期、交往时长、多久结婚、联系次数、见面频率或关系结果；不得把快等同冲动、慢等同冷淡、高频等同亲密、低频等同不爱。现实安全、双方同意、持续行为、生活条件、反例与协商优先。,高,待验证,,rhythm_evidence=HV2; provisional=true; rule_group=RHYTHM-HV证据; M3_STATE_pending=true,0.7
M5-RHYTHM-294,HV2 单次阶段／变化事件｜最低资料,L5 现实节奏证据深度,RHYTHM-HV证据,通用,证据,HV2,单次阶段／变化事件,有一次推进、降频、异地、忙碌或恢复事件。,没有相应现实资料。,由共享基础引擎、M2-TEMPO与M3功能模块提供；只修正用户能够承载怎样的推进、联系、共同时间、负荷与恢复节奏，不直接判断现实关系一定同步。,M2说明进入关系前的确认节奏；M5-RHYTHM只处理关系进入认真阶段以后，双方怎样持续协调推进与生活节奏。,M3-BASE、EXPR、CARE、BOUND、CONFLICT提供日常相处和状态通道；M5-RHYTHM负责把双方时间、负荷、联系、空间与恢复合成为长期节奏结构。,无／按本规则指定的提议—观察—同意—执行—反馈—调整—恢复路径路由。,近位、远位只修正某项节奏需求进入亲密关系核心的可能；不得据此判断具体对象现实中一定快、慢、黏、疏或稳定。,根气只修正节奏需求是否稳定重复，不等于双方现实节奏已成熟协调。,旺弱只修正某项推进、联系、共享、变化或恢复通道的调用强度，不直接等于适配质量。,喜忌只修正节奏调用顺畅度与摩擦，不可直接翻译为某种五行、十神或对象类型必然适合。,真合化成立时按化神功能重算节奏需要；合化争议时停止细化节奏画像。,近位提高该节奏议题进入关系核心的可能；远位只保留背景或阶段性观察。,88,HV路由,rhythm_evidence_level,HV2的最低资料是：有一次推进、降频、异地、忙碌或恢复事件。,这一层主要依据：有一次推进、降频、异地、忙碌或恢复事件。,不得仅凭本规则推出具体日期、交往时长、多久结婚、联系次数、见面频率或关系结果；不得把快等同冲动、慢等同冷淡、高频等同亲密、低频等同不爱。现实安全、双方同意、持续行为、生活条件、反例与协商优先。,中高,待验证,,rhythm_evidence=HV2; provisional=true; rule_group=RHYTHM-HV证据; M3_STATE_pending=true,0.7
M5-RHYTHM-295,HV2 单次阶段／变化事件｜允许发布,L5 现实节奏证据深度,RHYTHM-HV证据,通用,输出,HV2,单次阶段／变化事件,HV2成立。,试图越级到更强结论。,由共享基础引擎、M2-TEMPO与M3功能模块提供；只修正用户能够承载怎样的推进、联系、共同时间、负荷与恢复节奏，不直接判断现实关系一定同步。,M2说明进入关系前的确认节奏；M5-RHYTHM只处理关系进入认真阶段以后，双方怎样持续协调推进与生活节奏。,M3-BASE、EXPR、CARE、BOUND、CONFLICT提供日常相处和状态通道；M5-RHYTHM负责把双方时间、负荷、联系、空间与恢复合成为长期节奏结构。,无／按本规则指定的提议—观察—同意—执行—反馈—调整—恢复路径路由。,近位、远位只修正某项节奏需求进入亲密关系核心的可能；不得据此判断具体对象现实中一定快、慢、黏、疏或稳定。,根气只修正节奏需求是否稳定重复，不等于双方现实节奏已成熟协调。,旺弱只修正某项推进、联系、共享、变化或恢复通道的调用强度，不直接等于适配质量。,喜忌只修正节奏调用顺畅度与摩擦，不可直接翻译为某种五行、十神或对象类型必然适合。,真合化成立时按化神功能重算节奏需要；合化争议时停止细化节奏画像。,近位提高该节奏议题进入关系核心的可能；远位只保留背景或阶段性观察。,84,发布上限,report_text,可以描述这次节奏怎样调整。,可以描述这次节奏怎样调整。,不得仅凭本规则推出具体日期、交往时长、多久结婚、联系次数、见面频率或关系结果；不得把快等同冲动、慢等同冷淡、高频等同亲密、低频等同不爱。现实安全、双方同意、持续行为、生活条件、反例与协商优先。,中高,待验证,,rhythm_evidence=HV2; provisional=true; rule_group=RHYTHM-HV证据; M3_STATE_pending=true,0.7
M5-RHYTHM-296,HV2 单次阶段／变化事件｜禁止发布,L5 现实节奏证据深度,RHYTHM-HV证据,通用,边界,HV2,单次阶段／变化事件,HV2成立。,无。,由共享基础引擎、M2-TEMPO与M3功能模块提供；只修正用户能够承载怎样的推进、联系、共同时间、负荷与恢复节奏，不直接判断现实关系一定同步。,M2说明进入关系前的确认节奏；M5-RHYTHM只处理关系进入认真阶段以后，双方怎样持续协调推进与生活节奏。,M3-BASE、EXPR、CARE、BOUND、CONFLICT提供日常相处和状态通道；M5-RHYTHM负责把双方时间、负荷、联系、空间与恢复合成为长期节奏结构。,无／按本规则指定的提议—观察—同意—执行—反馈—调整—恢复路径路由。,近位、远位只修正某项节奏需求进入亲密关系核心的可能；不得据此判断具体对象现实中一定快、慢、黏、疏或稳定。,根气只修正节奏需求是否稳定重复，不等于双方现实节奏已成熟协调。,旺弱只修正某项推进、联系、共享、变化或恢复通道的调用强度，不直接等于适配质量。,喜忌只修正节奏调用顺畅度与摩擦，不可直接翻译为某种五行、十神或对象类型必然适合。,真合化成立时按化神功能重算节奏需要；合化争议时停止细化节奏画像。,近位提高该节奏议题进入关系核心的可能；远位只保留背景或阶段性观察。,95,不加分；边界,boundary_note,不能写长期模式。,目前还不能：不能写长期模式。,不得仅凭本规则推出具体日期、交往时长、多久结婚、联系次数、见面频率或关系结果；不得把快等同冲动、慢等同冷淡、高频等同亲密、低频等同不爱。现实安全、双方同意、持续行为、生活条件、反例与协商优先。,高,待验证,,rhythm_evidence=HV2; provisional=true; rule_group=RHYTHM-HV证据; M3_STATE_pending=true,0.7
M5-RHYTHM-297,HV2 单次阶段／变化事件｜升级任务,L5 现实节奏证据深度,RHYTHM-HV证据,通用,路由,HV2,单次阶段／变化事件,准备从HV2升级。,安全、资料或反例停止。,由共享基础引擎、M2-TEMPO与M3功能模块提供；只修正用户能够承载怎样的推进、联系、共同时间、负荷与恢复节奏，不直接判断现实关系一定同步。,M2说明进入关系前的确认节奏；M5-RHYTHM只处理关系进入认真阶段以后，双方怎样持续协调推进与生活节奏。,M3-BASE、EXPR、CARE、BOUND、CONFLICT提供日常相处和状态通道；M5-RHYTHM负责把双方时间、负荷、联系、空间与恢复合成为长期节奏结构。,无／按本规则指定的提议—观察—同意—执行—反馈—调整—恢复路径路由。,近位、远位只修正某项节奏需求进入亲密关系核心的可能；不得据此判断具体对象现实中一定快、慢、黏、疏或稳定。,根气只修正节奏需求是否稳定重复，不等于双方现实节奏已成熟协调。,旺弱只修正某项推进、联系、共享、变化或恢复通道的调用强度，不直接等于适配质量。,喜忌只修正节奏调用顺畅度与摩擦，不可直接翻译为某种五行、十神或对象类型必然适合。,真合化成立时按化神功能重算节奏需要；合化争议时停止细化节奏画像。,近位提高该节奏议题进入关系核心的可能；远位只保留背景或阶段性观察。,76,不加分；观察计划,observation_plan,观察同类情境是否重复。,下一步观察：观察同类情境是否重复。,不得仅凭本规则推出具体日期、交往时长、多久结婚、联系次数、见面频率或关系结果；不得把快等同冲动、慢等同冷淡、高频等同亲密、低频等同不爱。现实安全、双方同意、持续行为、生活条件、反例与协商优先。,中,待验证,,rhythm_evidence=HV2; provisional=true; rule_group=RHYTHM-HV证据; M3_STATE_pending=true,0.7
M5-RHYTHM-298,HV2 单次阶段／变化事件｜与FG关系,L5 现实节奏证据深度,RHYTHM-HV证据,通用,接口,HV2,单次阶段／变化事件,HV2可用。,把HV直接等同FG。,由共享基础引擎、M2-TEMPO与M3功能模块提供；只修正用户能够承载怎样的推进、联系、共同时间、负荷与恢复节奏，不直接判断现实关系一定同步。,M2说明进入关系前的确认节奏；M5-RHYTHM只处理关系进入认真阶段以后，双方怎样持续协调推进与生活节奏。,M3-BASE、EXPR、CARE、BOUND、CONFLICT提供日常相处和状态通道；M5-RHYTHM负责把双方时间、负荷、联系、空间与恢复合成为长期节奏结构。,无／按本规则指定的提议—观察—同意—执行—反馈—调整—恢复路径路由。,近位、远位只修正某项节奏需求进入亲密关系核心的可能；不得据此判断具体对象现实中一定快、慢、黏、疏或稳定。,根气只修正节奏需求是否稳定重复，不等于双方现实节奏已成熟协调。,旺弱只修正某项推进、联系、共享、变化或恢复通道的调用强度，不直接等于适配质量。,喜忌只修正节奏调用顺畅度与摩擦，不可直接翻译为某种五行、十神或对象类型必然适合。,真合化成立时按化神功能重算节奏需要；合化争议时停止细化节奏画像。,近位提高该节奏议题进入关系核心的可能；远位只保留背景或阶段性观察。,92,不加分；去耦,fit_grade,HV与FG分开计算。,节奏证据更深，但最终适配仍需综合现实门槛。,不得仅凭本规则推出具体日期、交往时长、多久结婚、联系次数、见面频率或关系结果；不得把快等同冲动、慢等同冷淡、高频等同亲密、低频等同不爱。现实安全、双方同意、持续行为、生活条件、反例与协商优先。,高,待验证,,rhythm_evidence=HV2; provisional=true; rule_group=RHYTHM-HV证据; M3_STATE_pending=true,0.7
M5-RHYTHM-299,HV3 同领域重复证据｜正式定义,L5 现实节奏证据深度,RHYTHM-HV证据,通用,定义,HV3,同领域重复证据,评估双方推进、联系、共同时间、负荷或恢复事件。,无。,由共享基础引擎、M2-TEMPO与M3功能模块提供；只修正用户能够承载怎样的推进、联系、共同时间、负荷与恢复节奏，不直接判断现实关系一定同步。,M2说明进入关系前的确认节奏；M5-RHYTHM只处理关系进入认真阶段以后，双方怎样持续协调推进与生活节奏。,M3-BASE、EXPR、CARE、BOUND、CONFLICT提供日常相处和状态通道；M5-RHYTHM负责把双方时间、负荷、联系、空间与恢复合成为长期节奏结构。,无／按本规则指定的提议—观察—同意—执行—反馈—调整—恢复路径路由。,近位、远位只修正某项节奏需求进入亲密关系核心的可能；不得据此判断具体对象现实中一定快、慢、黏、疏或稳定。,根气只修正节奏需求是否稳定重复，不等于双方现实节奏已成熟协调。,旺弱只修正某项推进、联系、共享、变化或恢复通道的调用强度，不直接等于适配质量。,喜忌只修正节奏调用顺畅度与摩擦，不可直接翻译为某种五行、十神或对象类型必然适合。,真合化成立时按化神功能重算节奏需要；合化争议时停止细化节奏画像。,近位提高该节奏议题进入关系核心的可能；远位只保留背景或阶段性观察。,96,不加分；证据定义,rhythm_evidence_level,在同一领域多次出现相似推进、联系或调整结构。,当前节奏证据层级：同领域重复证据。,不得仅凭本规则推出具体日期、交往时长、多久结婚、联系次数、见面频率或关系结果；不得把快等同冲动、慢等同冷淡、高频等同亲密、低频等同不爱。现实安全、双方同意、持续行为、生活条件、反例与协商优先。,高,待验证,,rhythm_evidence=HV3; provisional=true; rule_group=RHYTHM-HV证据; M3_STATE_pending=true,0.7
M5-RHYTHM-300,HV3 同领域重复证据｜最低资料,L5 现实节奏证据深度,RHYTHM-HV证据,通用,证据,HV3,同领域重复证据,在同一领域多次出现相似推进、联系或调整结构。,没有相应现实资料。,由共享基础引擎、M2-TEMPO与M3功能模块提供；只修正用户能够承载怎样的推进、联系、共同时间、负荷与恢复节奏，不直接判断现实关系一定同步。,M2说明进入关系前的确认节奏；M5-RHYTHM只处理关系进入认真阶段以后，双方怎样持续协调推进与生活节奏。,M3-BASE、EXPR、CARE、BOUND、CONFLICT提供日常相处和状态通道；M5-RHYTHM负责把双方时间、负荷、联系、空间与恢复合成为长期节奏结构。,无／按本规则指定的提议—观察—同意—执行—反馈—调整—恢复路径路由。,近位、远位只修正某项节奏需求进入亲密关系核心的可能；不得据此判断具体对象现实中一定快、慢、黏、疏或稳定。,根气只修正节奏需求是否稳定重复，不等于双方现实节奏已成熟协调。,旺弱只修正某项推进、联系、共享、变化或恢复通道的调用强度，不直接等于适配质量。,喜忌只修正节奏调用顺畅度与摩擦，不可直接翻译为某种五行、十神或对象类型必然适合。,真合化成立时按化神功能重算节奏需要；合化争议时停止细化节奏画像。,近位提高该节奏议题进入关系核心的可能；远位只保留背景或阶段性观察。,88,HV路由,rhythm_evidence_level,HV3的最低资料是：在同一领域多次出现相似推进、联系或调整结构。,这一层主要依据：在同一领域多次出现相似推进、联系或调整结构。,不得仅凭本规则推出具体日期、交往时长、多久结婚、联系次数、见面频率或关系结果；不得把快等同冲动、慢等同冷淡、高频等同亲密、低频等同不爱。现实安全、双方同意、持续行为、生活条件、反例与协商优先。,中高,待验证,,rhythm_evidence=HV3; provisional=true; rule_group=RHYTHM-HV证据; M3_STATE_pending=true,0.7
M5-RHYTHM-301,HV3 同领域重复证据｜允许发布,L5 现实节奏证据深度,RHYTHM-HV证据,通用,输出,HV3,同领域重复证据,HV3成立。,试图越级到更强结论。,由共享基础引擎、M2-TEMPO与M3功能模块提供；只修正用户能够承载怎样的推进、联系、共同时间、负荷与恢复节奏，不直接判断现实关系一定同步。,M2说明进入关系前的确认节奏；M5-RHYTHM只处理关系进入认真阶段以后，双方怎样持续协调推进与生活节奏。,M3-BASE、EXPR、CARE、BOUND、CONFLICT提供日常相处和状态通道；M5-RHYTHM负责把双方时间、负荷、联系、空间与恢复合成为长期节奏结构。,无／按本规则指定的提议—观察—同意—执行—反馈—调整—恢复路径路由。,近位、远位只修正某项节奏需求进入亲密关系核心的可能；不得据此判断具体对象现实中一定快、慢、黏、疏或稳定。,根气只修正节奏需求是否稳定重复，不等于双方现实节奏已成熟协调。,旺弱只修正某项推进、联系、共享、变化或恢复通道的调用强度，不直接等于适配质量。,喜忌只修正节奏调用顺畅度与摩擦，不可直接翻译为某种五行、十神或对象类型必然适合。,真合化成立时按化神功能重算节奏需要；合化争议时停止细化节奏画像。,近位提高该节奏议题进入关系核心的可能；远位只保留背景或阶段性观察。,84,发布上限,report_text,可建立该领域节奏候选。,可建立该领域节奏候选。,不得仅凭本规则推出具体日期、交往时长、多久结婚、联系次数、见面频率或关系结果；不得把快等同冲动、慢等同冷淡、高频等同亲密、低频等同不爱。现实安全、双方同意、持续行为、生活条件、反例与协商优先。,中高,待验证,,rhythm_evidence=HV3; provisional=true; rule_group=RHYTHM-HV证据; M3_STATE_pending=true,0.7
M5-RHYTHM-302,HV3 同领域重复证据｜禁止发布,L5 现实节奏证据深度,RHYTHM-HV证据,通用,边界,HV3,同领域重复证据,HV3成立。,无。,由共享基础引擎、M2-TEMPO与M3功能模块提供；只修正用户能够承载怎样的推进、联系、共同时间、负荷与恢复节奏，不直接判断现实关系一定同步。,M2说明进入关系前的确认节奏；M5-RHYTHM只处理关系进入认真阶段以后，双方怎样持续协调推进与生活节奏。,M3-BASE、EXPR、CARE、BOUND、CONFLICT提供日常相处和状态通道；M5-RHYTHM负责把双方时间、负荷、联系、空间与恢复合成为长期节奏结构。,无／按本规则指定的提议—观察—同意—执行—反馈—调整—恢复路径路由。,近位、远位只修正某项节奏需求进入亲密关系核心的可能；不得据此判断具体对象现实中一定快、慢、黏、疏或稳定。,根气只修正节奏需求是否稳定重复，不等于双方现实节奏已成熟协调。,旺弱只修正某项推进、联系、共享、变化或恢复通道的调用强度，不直接等于适配质量。,喜忌只修正节奏调用顺畅度与摩擦，不可直接翻译为某种五行、十神或对象类型必然适合。,真合化成立时按化神功能重算节奏需要；合化争议时停止细化节奏画像。,近位提高该节奏议题进入关系核心的可能；远位只保留背景或阶段性观察。,95,不加分；边界,boundary_note,不能自动推广到承诺、负荷和修复。,目前还不能：不能自动推广到承诺、负荷和修复。,不得仅凭本规则推出具体日期、交往时长、多久结婚、联系次数、见面频率或关系结果；不得把快等同冲动、慢等同冷淡、高频等同亲密、低频等同不爱。现实安全、双方同意、持续行为、生活条件、反例与协商优先。,高,待验证,,rhythm_evidence=HV3; provisional=true; rule_group=RHYTHM-HV证据; M3_STATE_pending=true,0.7
M5-RHYTHM-303,HV3 同领域重复证据｜升级任务,L5 现实节奏证据深度,RHYTHM-HV证据,通用,路由,HV3,同领域重复证据,准备从HV3升级。,安全、资料或反例停止。,由共享基础引擎、M2-TEMPO与M3功能模块提供；只修正用户能够承载怎样的推进、联系、共同时间、负荷与恢复节奏，不直接判断现实关系一定同步。,M2说明进入关系前的确认节奏；M5-RHYTHM只处理关系进入认真阶段以后，双方怎样持续协调推进与生活节奏。,M3-BASE、EXPR、CARE、BOUND、CONFLICT提供日常相处和状态通道；M5-RHYTHM负责把双方时间、负荷、联系、空间与恢复合成为长期节奏结构。,无／按本规则指定的提议—观察—同意—执行—反馈—调整—恢复路径路由。,近位、远位只修正某项节奏需求进入亲密关系核心的可能；不得据此判断具体对象现实中一定快、慢、黏、疏或稳定。,根气只修正节奏需求是否稳定重复，不等于双方现实节奏已成熟协调。,旺弱只修正某项推进、联系、共享、变化或恢复通道的调用强度，不直接等于适配质量。,喜忌只修正节奏调用顺畅度与摩擦，不可直接翻译为某种五行、十神或对象类型必然适合。,真合化成立时按化神功能重算节奏需要；合化争议时停止细化节奏画像。,近位提高该节奏议题进入关系核心的可能；远位只保留背景或阶段性观察。,76,不加分；观察计划,observation_plan,增加跨领域观察。,下一步观察：增加跨领域观察。,不得仅凭本规则推出具体日期、交往时长、多久结婚、联系次数、见面频率或关系结果；不得把快等同冲动、慢等同冷淡、高频等同亲密、低频等同不爱。现实安全、双方同意、持续行为、生活条件、反例与协商优先。,中,待验证,,rhythm_evidence=HV3; provisional=true; rule_group=RHYTHM-HV证据; M3_STATE_pending=true,0.7
M5-RHYTHM-304,HV3 同领域重复证据｜与FG关系,L5 现实节奏证据深度,RHYTHM-HV证据,通用,接口,HV3,同领域重复证据,HV3可用。,把HV直接等同FG。,由共享基础引擎、M2-TEMPO与M3功能模块提供；只修正用户能够承载怎样的推进、联系、共同时间、负荷与恢复节奏，不直接判断现实关系一定同步。,M2说明进入关系前的确认节奏；M5-RHYTHM只处理关系进入认真阶段以后，双方怎样持续协调推进与生活节奏。,M3-BASE、EXPR、CARE、BOUND、CONFLICT提供日常相处和状态通道；M5-RHYTHM负责把双方时间、负荷、联系、空间与恢复合成为长期节奏结构。,无／按本规则指定的提议—观察—同意—执行—反馈—调整—恢复路径路由。,近位、远位只修正某项节奏需求进入亲密关系核心的可能；不得据此判断具体对象现实中一定快、慢、黏、疏或稳定。,根气只修正节奏需求是否稳定重复，不等于双方现实节奏已成熟协调。,旺弱只修正某项推进、联系、共享、变化或恢复通道的调用强度，不直接等于适配质量。,喜忌只修正节奏调用顺畅度与摩擦，不可直接翻译为某种五行、十神或对象类型必然适合。,真合化成立时按化神功能重算节奏需要；合化争议时停止细化节奏画像。,近位提高该节奏议题进入关系核心的可能；远位只保留背景或阶段性观察。,92,不加分；去耦,fit_grade,HV与FG分开计算。,节奏证据更深，但最终适配仍需综合现实门槛。,不得仅凭本规则推出具体日期、交往时长、多久结婚、联系次数、见面频率或关系结果；不得把快等同冲动、慢等同冷淡、高频等同亲密、低频等同不爱。现实安全、双方同意、持续行为、生活条件、反例与协商优先。,高,待验证,,rhythm_evidence=HV3; provisional=true; rule_group=RHYTHM-HV证据; M3_STATE_pending=true,0.7
M5-RHYTHM-305,HV4 跨领域一致证据｜正式定义,L5 现实节奏证据深度,RHYTHM-HV证据,通用,定义,HV4,跨领域一致证据,评估双方推进、联系、共同时间、负荷或恢复事件。,无。,由共享基础引擎、M2-TEMPO与M3功能模块提供；只修正用户能够承载怎样的推进、联系、共同时间、负荷与恢复节奏，不直接判断现实关系一定同步。,M2说明进入关系前的确认节奏；M5-RHYTHM只处理关系进入认真阶段以后，双方怎样持续协调推进与生活节奏。,M3-BASE、EXPR、CARE、BOUND、CONFLICT提供日常相处和状态通道；M5-RHYTHM负责把双方时间、负荷、联系、空间与恢复合成为长期节奏结构。,无／按本规则指定的提议—观察—同意—执行—反馈—调整—恢复路径路由。,近位、远位只修正某项节奏需求进入亲密关系核心的可能；不得据此判断具体对象现实中一定快、慢、黏、疏或稳定。,根气只修正节奏需求是否稳定重复，不等于双方现实节奏已成熟协调。,旺弱只修正某项推进、联系、共享、变化或恢复通道的调用强度，不直接等于适配质量。,喜忌只修正节奏调用顺畅度与摩擦，不可直接翻译为某种五行、十神或对象类型必然适合。,真合化成立时按化神功能重算节奏需要；合化争议时停止细化节奏画像。,近位提高该节奏议题进入关系核心的可能；远位只保留背景或阶段性观察。,96,不加分；证据定义,rhythm_evidence_level,在推进、联系、共同时间、负荷或恢复中保持相似协调方式。,当前节奏证据层级：跨领域一致证据。,不得仅凭本规则推出具体日期、交往时长、多久结婚、联系次数、见面频率或关系结果；不得把快等同冲动、慢等同冷淡、高频等同亲密、低频等同不爱。现实安全、双方同意、持续行为、生活条件、反例与协商优先。,高,待验证,,rhythm_evidence=HV4; provisional=true; rule_group=RHYTHM-HV证据; M3_STATE_pending=true,0.7
M5-RHYTHM-306,HV4 跨领域一致证据｜最低资料,L5 现实节奏证据深度,RHYTHM-HV证据,通用,证据,HV4,跨领域一致证据,在推进、联系、共同时间、负荷或恢复中保持相似协调方式。,没有相应现实资料。,由共享基础引擎、M2-TEMPO与M3功能模块提供；只修正用户能够承载怎样的推进、联系、共同时间、负荷与恢复节奏，不直接判断现实关系一定同步。,M2说明进入关系前的确认节奏；M5-RHYTHM只处理关系进入认真阶段以后，双方怎样持续协调推进与生活节奏。,M3-BASE、EXPR、CARE、BOUND、CONFLICT提供日常相处和状态通道；M5-RHYTHM负责把双方时间、负荷、联系、空间与恢复合成为长期节奏结构。,无／按本规则指定的提议—观察—同意—执行—反馈—调整—恢复路径路由。,近位、远位只修正某项节奏需求进入亲密关系核心的可能；不得据此判断具体对象现实中一定快、慢、黏、疏或稳定。,根气只修正节奏需求是否稳定重复，不等于双方现实节奏已成熟协调。,旺弱只修正某项推进、联系、共享、变化或恢复通道的调用强度，不直接等于适配质量。,喜忌只修正节奏调用顺畅度与摩擦，不可直接翻译为某种五行、十神或对象类型必然适合。,真合化成立时按化神功能重算节奏需要；合化争议时停止细化节奏画像。,近位提高该节奏议题进入关系核心的可能；远位只保留背景或阶段性观察。,88,HV路由,rhythm_evidence_level,HV4的最低资料是：在推进、联系、共同时间、负荷或恢复中保持相似协调方式。,这一层主要依据：在推进、联系、共同时间、负荷或恢复中保持相似协调方式。,不得仅凭本规则推出具体日期、交往时长、多久结婚、联系次数、见面频率或关系结果；不得把快等同冲动、慢等同冷淡、高频等同亲密、低频等同不爱。现实安全、双方同意、持续行为、生活条件、反例与协商优先。,中高,待验证,,rhythm_evidence=HV4; provisional=true; rule_group=RHYTHM-HV证据; M3_STATE_pending=true,0.7
M5-RHYTHM-307,HV4 跨领域一致证据｜允许发布,L5 现实节奏证据深度,RHYTHM-HV证据,通用,输出,HV4,跨领域一致证据,HV4成立。,试图越级到更强结论。,由共享基础引擎、M2-TEMPO与M3功能模块提供；只修正用户能够承载怎样的推进、联系、共同时间、负荷与恢复节奏，不直接判断现实关系一定同步。,M2说明进入关系前的确认节奏；M5-RHYTHM只处理关系进入认真阶段以后，双方怎样持续协调推进与生活节奏。,M3-BASE、EXPR、CARE、BOUND、CONFLICT提供日常相处和状态通道；M5-RHYTHM负责把双方时间、负荷、联系、空间与恢复合成为长期节奏结构。,无／按本规则指定的提议—观察—同意—执行—反馈—调整—恢复路径路由。,近位、远位只修正某项节奏需求进入亲密关系核心的可能；不得据此判断具体对象现实中一定快、慢、黏、疏或稳定。,根气只修正节奏需求是否稳定重复，不等于双方现实节奏已成熟协调。,旺弱只修正某项推进、联系、共享、变化或恢复通道的调用强度，不直接等于适配质量。,喜忌只修正节奏调用顺畅度与摩擦，不可直接翻译为某种五行、十神或对象类型必然适合。,真合化成立时按化神功能重算节奏需要；合化争议时停止细化节奏画像。,近位提高该节奏议题进入关系核心的可能；远位只保留背景或阶段性观察。,84,发布上限,report_text,可建立较可靠节奏状态候选。,可建立较可靠节奏状态候选。,不得仅凭本规则推出具体日期、交往时长、多久结婚、联系次数、见面频率或关系结果；不得把快等同冲动、慢等同冷淡、高频等同亲密、低频等同不爱。现实安全、双方同意、持续行为、生活条件、反例与协商优先。,中高,待验证,,rhythm_evidence=HV4; provisional=true; rule_group=RHYTHM-HV证据; M3_STATE_pending=true,0.7
M5-RHYTHM-308,HV4 跨领域一致证据｜禁止发布,L5 现实节奏证据深度,RHYTHM-HV证据,通用,边界,HV4,跨领域一致证据,HV4成立。,无。,由共享基础引擎、M2-TEMPO与M3功能模块提供；只修正用户能够承载怎样的推进、联系、共同时间、负荷与恢复节奏，不直接判断现实关系一定同步。,M2说明进入关系前的确认节奏；M5-RHYTHM只处理关系进入认真阶段以后，双方怎样持续协调推进与生活节奏。,M3-BASE、EXPR、CARE、BOUND、CONFLICT提供日常相处和状态通道；M5-RHYTHM负责把双方时间、负荷、联系、空间与恢复合成为长期节奏结构。,无／按本规则指定的提议—观察—同意—执行—反馈—调整—恢复路径路由。,近位、远位只修正某项节奏需求进入亲密关系核心的可能；不得据此判断具体对象现实中一定快、慢、黏、疏或稳定。,根气只修正节奏需求是否稳定重复，不等于双方现实节奏已成熟协调。,旺弱只修正某项推进、联系、共享、变化或恢复通道的调用强度，不直接等于适配质量。,喜忌只修正节奏调用顺畅度与摩擦，不可直接翻译为某种五行、十神或对象类型必然适合。,真合化成立时按化神功能重算节奏需要；合化争议时停止细化节奏画像。,近位提高该节奏议题进入关系核心的可能；远位只保留背景或阶段性观察。,95,不加分；边界,boundary_note,仍需高压和重大转折检验。,目前还不能：仍需高压和重大转折检验。,不得仅凭本规则推出具体日期、交往时长、多久结婚、联系次数、见面频率或关系结果；不得把快等同冲动、慢等同冷淡、高频等同亲密、低频等同不爱。现实安全、双方同意、持续行为、生活条件、反例与协商优先。,高,待验证,,rhythm_evidence=HV4; provisional=true; rule_group=RHYTHM-HV证据; M3_STATE_pending=true,0.7
M5-RHYTHM-309,HV4 跨领域一致证据｜升级任务,L5 现实节奏证据深度,RHYTHM-HV证据,通用,路由,HV4,跨领域一致证据,准备从HV4升级。,安全、资料或反例停止。,由共享基础引擎、M2-TEMPO与M3功能模块提供；只修正用户能够承载怎样的推进、联系、共同时间、负荷与恢复节奏，不直接判断现实关系一定同步。,M2说明进入关系前的确认节奏；M5-RHYTHM只处理关系进入认真阶段以后，双方怎样持续协调推进与生活节奏。,M3-BASE、EXPR、CARE、BOUND、CONFLICT提供日常相处和状态通道；M5-RHYTHM负责把双方时间、负荷、联系、空间与恢复合成为长期节奏结构。,无／按本规则指定的提议—观察—同意—执行—反馈—调整—恢复路径路由。,近位、远位只修正某项节奏需求进入亲密关系核心的可能；不得据此判断具体对象现实中一定快、慢、黏、疏或稳定。,根气只修正节奏需求是否稳定重复，不等于双方现实节奏已成熟协调。,旺弱只修正某项推进、联系、共享、变化或恢复通道的调用强度，不直接等于适配质量。,喜忌只修正节奏调用顺畅度与摩擦，不可直接翻译为某种五行、十神或对象类型必然适合。,真合化成立时按化神功能重算节奏需要；合化争议时停止细化节奏画像。,近位提高该节奏议题进入关系核心的可能；远位只保留背景或阶段性观察。,76,不加分；观察计划,observation_plan,观察成本、异地、家庭和复发。,下一步观察：观察成本、异地、家庭和复发。,不得仅凭本规则推出具体日期、交往时长、多久结婚、联系次数、见面频率或关系结果；不得把快等同冲动、慢等同冷淡、高频等同亲密、低频等同不爱。现实安全、双方同意、持续行为、生活条件、反例与协商优先。,中,待验证,,rhythm_evidence=HV4; provisional=true; rule_group=RHYTHM-HV证据; M3_STATE_pending=true,0.7
M5-RHYTHM-310,HV4 跨领域一致证据｜与FG关系,L5 现实节奏证据深度,RHYTHM-HV证据,通用,接口,HV4,跨领域一致证据,HV4可用。,把HV直接等同FG。,由共享基础引擎、M2-TEMPO与M3功能模块提供；只修正用户能够承载怎样的推进、联系、共同时间、负荷与恢复节奏，不直接判断现实关系一定同步。,M2说明进入关系前的确认节奏；M5-RHYTHM只处理关系进入认真阶段以后，双方怎样持续协调推进与生活节奏。,M3-BASE、EXPR、CARE、BOUND、CONFLICT提供日常相处和状态通道；M5-RHYTHM负责把双方时间、负荷、联系、空间与恢复合成为长期节奏结构。,无／按本规则指定的提议—观察—同意—执行—反馈—调整—恢复路径路由。,近位、远位只修正某项节奏需求进入亲密关系核心的可能；不得据此判断具体对象现实中一定快、慢、黏、疏或稳定。,根气只修正节奏需求是否稳定重复，不等于双方现实节奏已成熟协调。,旺弱只修正某项推进、联系、共享、变化或恢复通道的调用强度，不直接等于适配质量。,喜忌只修正节奏调用顺畅度与摩擦，不可直接翻译为某种五行、十神或对象类型必然适合。,真合化成立时按化神功能重算节奏需要；合化争议时停止细化节奏画像。,近位提高该节奏议题进入关系核心的可能；远位只保留背景或阶段性观察。,92,不加分；去耦,fit_grade,HV与FG分开计算。,节奏证据更深，但最终适配仍需综合现实门槛。,不得仅凭本规则推出具体日期、交往时长、多久结婚、联系次数、见面频率或关系结果；不得把快等同冲动、慢等同冷淡、高频等同亲密、低频等同不爱。现实安全、双方同意、持续行为、生活条件、反例与协商优先。,高,待验证,,rhythm_evidence=HV4; provisional=true; rule_group=RHYTHM-HV证据; M3_STATE_pending=true,0.7
M5-RHYTHM-311,HV5 压力／现实代价证据｜正式定义,L5 现实节奏证据深度,RHYTHM-HV证据,通用,定义,HV5,压力／现实代价证据,评估双方推进、联系、共同时间、负荷或恢复事件。,无。,由共享基础引擎、M2-TEMPO与M3功能模块提供；只修正用户能够承载怎样的推进、联系、共同时间、负荷与恢复节奏，不直接判断现实关系一定同步。,M2说明进入关系前的确认节奏；M5-RHYTHM只处理关系进入认真阶段以后，双方怎样持续协调推进与生活节奏。,M3-BASE、EXPR、CARE、BOUND、CONFLICT提供日常相处和状态通道；M5-RHYTHM负责把双方时间、负荷、联系、空间与恢复合成为长期节奏结构。,无／按本规则指定的提议—观察—同意—执行—反馈—调整—恢复路径路由。,近位、远位只修正某项节奏需求进入亲密关系核心的可能；不得据此判断具体对象现实中一定快、慢、黏、疏或稳定。,根气只修正节奏需求是否稳定重复，不等于双方现实节奏已成熟协调。,旺弱只修正某项推进、联系、共享、变化或恢复通道的调用强度，不直接等于适配质量。,喜忌只修正节奏调用顺畅度与摩擦，不可直接翻译为某种五行、十神或对象类型必然适合。,真合化成立时按化神功能重算节奏需要；合化争议时停止细化节奏画像。,近位提高该节奏议题进入关系核心的可能；远位只保留背景或阶段性观察。,96,不加分；证据定义,rhythm_evidence_level,在工作、金钱、疾病、家庭、地域或冲突压力下仍能调整节奏。,当前节奏证据层级：压力／现实代价证据。,不得仅凭本规则推出具体日期、交往时长、多久结婚、联系次数、见面频率或关系结果；不得把快等同冲动、慢等同冷淡、高频等同亲密、低频等同不爱。现实安全、双方同意、持续行为、生活条件、反例与协商优先。,高,待验证,,rhythm_evidence=HV5; provisional=true; rule_group=RHYTHM-HV证据; M3_STATE_pending=true,0.7
M5-RHYTHM-312,HV5 压力／现实代价证据｜最低资料,L5 现实节奏证据深度,RHYTHM-HV证据,通用,证据,HV5,压力／现实代价证据,在工作、金钱、疾病、家庭、地域或冲突压力下仍能调整节奏。,没有相应现实资料。,由共享基础引擎、M2-TEMPO与M3功能模块提供；只修正用户能够承载怎样的推进、联系、共同时间、负荷与恢复节奏，不直接判断现实关系一定同步。,M2说明进入关系前的确认节奏；M5-RHYTHM只处理关系进入认真阶段以后，双方怎样持续协调推进与生活节奏。,M3-BASE、EXPR、CARE、BOUND、CONFLICT提供日常相处和状态通道；M5-RHYTHM负责把双方时间、负荷、联系、空间与恢复合成为长期节奏结构。,无／按本规则指定的提议—观察—同意—执行—反馈—调整—恢复路径路由。,近位、远位只修正某项节奏需求进入亲密关系核心的可能；不得据此判断具体对象现实中一定快、慢、黏、疏或稳定。,根气只修正节奏需求是否稳定重复，不等于双方现实节奏已成熟协调。,旺弱只修正某项推进、联系、共享、变化或恢复通道的调用强度，不直接等于适配质量。,喜忌只修正节奏调用顺畅度与摩擦，不可直接翻译为某种五行、十神或对象类型必然适合。,真合化成立时按化神功能重算节奏需要；合化争议时停止细化节奏画像。,近位提高该节奏议题进入关系核心的可能；远位只保留背景或阶段性观察。,88,HV路由,rhythm_evidence_level,HV5的最低资料是：在工作、金钱、疾病、家庭、地域或冲突压力下仍能调整节奏。,这一层主要依据：在工作、金钱、疾病、家庭、地域或冲突压力下仍能调整节奏。,不得仅凭本规则推出具体日期、交往时长、多久结婚、联系次数、见面频率或关系结果；不得把快等同冲动、慢等同冷淡、高频等同亲密、低频等同不爱。现实安全、双方同意、持续行为、生活条件、反例与协商优先。,中高,待验证,,rhythm_evidence=HV5; provisional=true; rule_group=RHYTHM-HV证据; M3_STATE_pending=true,0.7
M5-RHYTHM-313,HV5 压力／现实代价证据｜允许发布,L5 现实节奏证据深度,RHYTHM-HV证据,通用,输出,HV5,压力／现实代价证据,HV5成立。,试图越级到更强结论。,由共享基础引擎、M2-TEMPO与M3功能模块提供；只修正用户能够承载怎样的推进、联系、共同时间、负荷与恢复节奏，不直接判断现实关系一定同步。,M2说明进入关系前的确认节奏；M5-RHYTHM只处理关系进入认真阶段以后，双方怎样持续协调推进与生活节奏。,M3-BASE、EXPR、CARE、BOUND、CONFLICT提供日常相处和状态通道；M5-RHYTHM负责把双方时间、负荷、联系、空间与恢复合成为长期节奏结构。,无／按本规则指定的提议—观察—同意—执行—反馈—调整—恢复路径路由。,近位、远位只修正某项节奏需求进入亲密关系核心的可能；不得据此判断具体对象现实中一定快、慢、黏、疏或稳定。,根气只修正节奏需求是否稳定重复，不等于双方现实节奏已成熟协调。,旺弱只修正某项推进、联系、共享、变化或恢复通道的调用强度，不直接等于适配质量。,喜忌只修正节奏调用顺畅度与摩擦，不可直接翻译为某种五行、十神或对象类型必然适合。,真合化成立时按化神功能重算节奏需要；合化争议时停止细化节奏画像。,近位提高该节奏议题进入关系核心的可能；远位只保留背景或阶段性观察。,84,发布上限,report_text,可以评价压力期节奏可靠性。,可以评价压力期节奏可靠性。,不得仅凭本规则推出具体日期、交往时长、多久结婚、联系次数、见面频率或关系结果；不得把快等同冲动、慢等同冷淡、高频等同亲密、低频等同不爱。现实安全、双方同意、持续行为、生活条件、反例与协商优先。,中高,待验证,,rhythm_evidence=HV5; provisional=true; rule_group=RHYTHM-HV证据; M3_STATE_pending=true,0.7
M5-RHYTHM-314,HV5 压力／现实代价证据｜禁止发布,L5 现实节奏证据深度,RHYTHM-HV证据,通用,边界,HV5,压力／现实代价证据,HV5成立。,无。,由共享基础引擎、M2-TEMPO与M3功能模块提供；只修正用户能够承载怎样的推进、联系、共同时间、负荷与恢复节奏，不直接判断现实关系一定同步。,M2说明进入关系前的确认节奏；M5-RHYTHM只处理关系进入认真阶段以后，双方怎样持续协调推进与生活节奏。,M3-BASE、EXPR、CARE、BOUND、CONFLICT提供日常相处和状态通道；M5-RHYTHM负责把双方时间、负荷、联系、空间与恢复合成为长期节奏结构。,无／按本规则指定的提议—观察—同意—执行—反馈—调整—恢复路径路由。,近位、远位只修正某项节奏需求进入亲密关系核心的可能；不得据此判断具体对象现实中一定快、慢、黏、疏或稳定。,根气只修正节奏需求是否稳定重复，不等于双方现实节奏已成熟协调。,旺弱只修正某项推进、联系、共享、变化或恢复通道的调用强度，不直接等于适配质量。,喜忌只修正节奏调用顺畅度与摩擦，不可直接翻译为某种五行、十神或对象类型必然适合。,真合化成立时按化神功能重算节奏需要；合化争议时停止细化节奏画像。,近位提高该节奏议题进入关系核心的可能；远位只保留背景或阶段性观察。,95,不加分；边界,boundary_note,不能单独证明长期恢复。,目前还不能：不能单独证明长期恢复。,不得仅凭本规则推出具体日期、交往时长、多久结婚、联系次数、见面频率或关系结果；不得把快等同冲动、慢等同冷淡、高频等同亲密、低频等同不爱。现实安全、双方同意、持续行为、生活条件、反例与协商优先。,高,待验证,,rhythm_evidence=HV5; provisional=true; rule_group=RHYTHM-HV证据; M3_STATE_pending=true,0.7
M5-RHYTHM-315,HV5 压力／现实代价证据｜升级任务,L5 现实节奏证据深度,RHYTHM-HV证据,通用,路由,HV5,压力／现实代价证据,准备从HV5升级。,安全、资料或反例停止。,由共享基础引擎、M2-TEMPO与M3功能模块提供；只修正用户能够承载怎样的推进、联系、共同时间、负荷与恢复节奏，不直接判断现实关系一定同步。,M2说明进入关系前的确认节奏；M5-RHYTHM只处理关系进入认真阶段以后，双方怎样持续协调推进与生活节奏。,M3-BASE、EXPR、CARE、BOUND、CONFLICT提供日常相处和状态通道；M5-RHYTHM负责把双方时间、负荷、联系、空间与恢复合成为长期节奏结构。,无／按本规则指定的提议—观察—同意—执行—反馈—调整—恢复路径路由。,近位、远位只修正某项节奏需求进入亲密关系核心的可能；不得据此判断具体对象现实中一定快、慢、黏、疏或稳定。,根气只修正节奏需求是否稳定重复，不等于双方现实节奏已成熟协调。,旺弱只修正某项推进、联系、共享、变化或恢复通道的调用强度，不直接等于适配质量。,喜忌只修正节奏调用顺畅度与摩擦，不可直接翻译为某种五行、十神或对象类型必然适合。,真合化成立时按化神功能重算节奏需要；合化争议时停止细化节奏画像。,近位提高该节奏议题进入关系核心的可能；远位只保留背景或阶段性观察。,76,不加分；观察计划,observation_plan,收集恢复与重大转折资料。,下一步观察：收集恢复与重大转折资料。,不得仅凭本规则推出具体日期、交往时长、多久结婚、联系次数、见面频率或关系结果；不得把快等同冲动、慢等同冷淡、高频等同亲密、低频等同不爱。现实安全、双方同意、持续行为、生活条件、反例与协商优先。,中,待验证,,rhythm_evidence=HV5; provisional=true; rule_group=RHYTHM-HV证据; M3_STATE_pending=true,0.7
M5-RHYTHM-316,HV5 压力／现实代价证据｜与FG关系,L5 现实节奏证据深度,RHYTHM-HV证据,通用,接口,HV5,压力／现实代价证据,HV5可用。,把HV直接等同FG。,由共享基础引擎、M2-TEMPO与M3功能模块提供；只修正用户能够承载怎样的推进、联系、共同时间、负荷与恢复节奏，不直接判断现实关系一定同步。,M2说明进入关系前的确认节奏；M5-RHYTHM只处理关系进入认真阶段以后，双方怎样持续协调推进与生活节奏。,M3-BASE、EXPR、CARE、BOUND、CONFLICT提供日常相处和状态通道；M5-RHYTHM负责把双方时间、负荷、联系、空间与恢复合成为长期节奏结构。,无／按本规则指定的提议—观察—同意—执行—反馈—调整—恢复路径路由。,近位、远位只修正某项节奏需求进入亲密关系核心的可能；不得据此判断具体对象现实中一定快、慢、黏、疏或稳定。,根气只修正节奏需求是否稳定重复，不等于双方现实节奏已成熟协调。,旺弱只修正某项推进、联系、共享、变化或恢复通道的调用强度，不直接等于适配质量。,喜忌只修正节奏调用顺畅度与摩擦，不可直接翻译为某种五行、十神或对象类型必然适合。,真合化成立时按化神功能重算节奏需要；合化争议时停止细化节奏画像。,近位提高该节奏议题进入关系核心的可能；远位只保留背景或阶段性观察。,92,不加分；去耦,fit_grade,HV与FG分开计算。,节奏证据更深，但最终适配仍需综合现实门槛。,不得仅凭本规则推出具体日期、交往时长、多久结婚、联系次数、见面频率或关系结果；不得把快等同冲动、慢等同冷淡、高频等同亲密、低频等同不爱。现实安全、双方同意、持续行为、生活条件、反例与协商优先。,高,待验证,,rhythm_evidence=HV5; provisional=true; rule_group=RHYTHM-HV证据; M3_STATE_pending=true,0.7
M5-RHYTHM-317,HV6 恢复与重订证据｜正式定义,L5 现实节奏证据深度,RHYTHM-HV证据,通用,定义,HV6,恢复与重订证据,评估双方推进、联系、共同时间、负荷或恢复事件。,无。,由共享基础引擎、M2-TEMPO与M3功能模块提供；只修正用户能够承载怎样的推进、联系、共同时间、负荷与恢复节奏，不直接判断现实关系一定同步。,M2说明进入关系前的确认节奏；M5-RHYTHM只处理关系进入认真阶段以后，双方怎样持续协调推进与生活节奏。,M3-BASE、EXPR、CARE、BOUND、CONFLICT提供日常相处和状态通道；M5-RHYTHM负责把双方时间、负荷、联系、空间与恢复合成为长期节奏结构。,无／按本规则指定的提议—观察—同意—执行—反馈—调整—恢复路径路由。,近位、远位只修正某项节奏需求进入亲密关系核心的可能；不得据此判断具体对象现实中一定快、慢、黏、疏或稳定。,根气只修正节奏需求是否稳定重复，不等于双方现实节奏已成熟协调。,旺弱只修正某项推进、联系、共享、变化或恢复通道的调用强度，不直接等于适配质量。,喜忌只修正节奏调用顺畅度与摩擦，不可直接翻译为某种五行、十神或对象类型必然适合。,真合化成立时按化神功能重算节奏需要；合化争议时停止细化节奏画像。,近位提高该节奏议题进入关系核心的可能；远位只保留背景或阶段性观察。,96,不加分；证据定义,rhythm_evidence_level,压力、冲突或阶段变化后能逐步恢复、复盘并形成新节奏。,当前节奏证据层级：恢复与重订证据。,不得仅凭本规则推出具体日期、交往时长、多久结婚、联系次数、见面频率或关系结果；不得把快等同冲动、慢等同冷淡、高频等同亲密、低频等同不爱。现实安全、双方同意、持续行为、生活条件、反例与协商优先。,高,待验证,,rhythm_evidence=HV6; provisional=true; rule_group=RHYTHM-HV证据; M3_STATE_pending=true,0.7
M5-RHYTHM-318,HV6 恢复与重订证据｜最低资料,L5 现实节奏证据深度,RHYTHM-HV证据,通用,证据,HV6,恢复与重订证据,压力、冲突或阶段变化后能逐步恢复、复盘并形成新节奏。,没有相应现实资料。,由共享基础引擎、M2-TEMPO与M3功能模块提供；只修正用户能够承载怎样的推进、联系、共同时间、负荷与恢复节奏，不直接判断现实关系一定同步。,M2说明进入关系前的确认节奏；M5-RHYTHM只处理关系进入认真阶段以后，双方怎样持续协调推进与生活节奏。,M3-BASE、EXPR、CARE、BOUND、CONFLICT提供日常相处和状态通道；M5-RHYTHM负责把双方时间、负荷、联系、空间与恢复合成为长期节奏结构。,无／按本规则指定的提议—观察—同意—执行—反馈—调整—恢复路径路由。,近位、远位只修正某项节奏需求进入亲密关系核心的可能；不得据此判断具体对象现实中一定快、慢、黏、疏或稳定。,根气只修正节奏需求是否稳定重复，不等于双方现实节奏已成熟协调。,旺弱只修正某项推进、联系、共享、变化或恢复通道的调用强度，不直接等于适配质量。,喜忌只修正节奏调用顺畅度与摩擦，不可直接翻译为某种五行、十神或对象类型必然适合。,真合化成立时按化神功能重算节奏需要；合化争议时停止细化节奏画像。,近位提高该节奏议题进入关系核心的可能；远位只保留背景或阶段性观察。,88,HV路由,rhythm_evidence_level,HV6的最低资料是：压力、冲突或阶段变化后能逐步恢复、复盘并形成新节奏。,这一层主要依据：压力、冲突或阶段变化后能逐步恢复、复盘并形成新节奏。,不得仅凭本规则推出具体日期、交往时长、多久结婚、联系次数、见面频率或关系结果；不得把快等同冲动、慢等同冷淡、高频等同亲密、低频等同不爱。现实安全、双方同意、持续行为、生活条件、反例与协商优先。,中高,待验证,,rhythm_evidence=HV6; provisional=true; rule_group=RHYTHM-HV证据; M3_STATE_pending=true,0.7
M5-RHYTHM-319,HV6 恢复与重订证据｜允许发布,L5 现实节奏证据深度,RHYTHM-HV证据,通用,输出,HV6,恢复与重订证据,HV6成立。,试图越级到更强结论。,由共享基础引擎、M2-TEMPO与M3功能模块提供；只修正用户能够承载怎样的推进、联系、共同时间、负荷与恢复节奏，不直接判断现实关系一定同步。,M2说明进入关系前的确认节奏；M5-RHYTHM只处理关系进入认真阶段以后，双方怎样持续协调推进与生活节奏。,M3-BASE、EXPR、CARE、BOUND、CONFLICT提供日常相处和状态通道；M5-RHYTHM负责把双方时间、负荷、联系、空间与恢复合成为长期节奏结构。,无／按本规则指定的提议—观察—同意—执行—反馈—调整—恢复路径路由。,近位、远位只修正某项节奏需求进入亲密关系核心的可能；不得据此判断具体对象现实中一定快、慢、黏、疏或稳定。,根气只修正节奏需求是否稳定重复，不等于双方现实节奏已成熟协调。,旺弱只修正某项推进、联系、共享、变化或恢复通道的调用强度，不直接等于适配质量。,喜忌只修正节奏调用顺畅度与摩擦，不可直接翻译为某种五行、十神或对象类型必然适合。,真合化成立时按化神功能重算节奏需要；合化争议时停止细化节奏画像。,近位提高该节奏议题进入关系核心的可能；远位只保留背景或阶段性观察。,84,发布上限,report_text,可建立较稳定恢复候选。,可建立较稳定恢复候选。,不得仅凭本规则推出具体日期、交往时长、多久结婚、联系次数、见面频率或关系结果；不得把快等同冲动、慢等同冷淡、高频等同亲密、低频等同不爱。现实安全、双方同意、持续行为、生活条件、反例与协商优先。,中高,待验证,,rhythm_evidence=HV6; provisional=true; rule_group=RHYTHM-HV证据; M3_STATE_pending=true,0.7
M5-RHYTHM-320,HV6 恢复与重订证据｜禁止发布,L5 现实节奏证据深度,RHYTHM-HV证据,通用,边界,HV6,恢复与重订证据,HV6成立。,无。,由共享基础引擎、M2-TEMPO与M3功能模块提供；只修正用户能够承载怎样的推进、联系、共同时间、负荷与恢复节奏，不直接判断现实关系一定同步。,M2说明进入关系前的确认节奏；M5-RHYTHM只处理关系进入认真阶段以后，双方怎样持续协调推进与生活节奏。,M3-BASE、EXPR、CARE、BOUND、CONFLICT提供日常相处和状态通道；M5-RHYTHM负责把双方时间、负荷、联系、空间与恢复合成为长期节奏结构。,无／按本规则指定的提议—观察—同意—执行—反馈—调整—恢复路径路由。,近位、远位只修正某项节奏需求进入亲密关系核心的可能；不得据此判断具体对象现实中一定快、慢、黏、疏或稳定。,根气只修正节奏需求是否稳定重复，不等于双方现实节奏已成熟协调。,旺弱只修正某项推进、联系、共享、变化或恢复通道的调用强度，不直接等于适配质量。,喜忌只修正节奏调用顺畅度与摩擦，不可直接翻译为某种五行、十神或对象类型必然适合。,真合化成立时按化神功能重算节奏需要；合化争议时停止细化节奏画像。,近位提高该节奏议题进入关系核心的可能；远位只保留背景或阶段性观察。,95,不加分；边界,boundary_note,一次恢复不能写长期适配。,目前还不能：一次恢复不能写长期适配。,不得仅凭本规则推出具体日期、交往时长、多久结婚、联系次数、见面频率或关系结果；不得把快等同冲动、慢等同冷淡、高频等同亲密、低频等同不爱。现实安全、双方同意、持续行为、生活条件、反例与协商优先。,高,待验证,,rhythm_evidence=HV6; provisional=true; rule_group=RHYTHM-HV证据; M3_STATE_pending=true,0.7
M5-RHYTHM-321,HV6 恢复与重订证据｜升级任务,L5 现实节奏证据深度,RHYTHM-HV证据,通用,路由,HV6,恢复与重订证据,准备从HV6升级。,安全、资料或反例停止。,由共享基础引擎、M2-TEMPO与M3功能模块提供；只修正用户能够承载怎样的推进、联系、共同时间、负荷与恢复节奏，不直接判断现实关系一定同步。,M2说明进入关系前的确认节奏；M5-RHYTHM只处理关系进入认真阶段以后，双方怎样持续协调推进与生活节奏。,M3-BASE、EXPR、CARE、BOUND、CONFLICT提供日常相处和状态通道；M5-RHYTHM负责把双方时间、负荷、联系、空间与恢复合成为长期节奏结构。,无／按本规则指定的提议—观察—同意—执行—反馈—调整—恢复路径路由。,近位、远位只修正某项节奏需求进入亲密关系核心的可能；不得据此判断具体对象现实中一定快、慢、黏、疏或稳定。,根气只修正节奏需求是否稳定重复，不等于双方现实节奏已成熟协调。,旺弱只修正某项推进、联系、共享、变化或恢复通道的调用强度，不直接等于适配质量。,喜忌只修正节奏调用顺畅度与摩擦，不可直接翻译为某种五行、十神或对象类型必然适合。,真合化成立时按化神功能重算节奏需要；合化争议时停止细化节奏画像。,近位提高该节奏议题进入关系核心的可能；远位只保留背景或阶段性观察。,76,不加分；观察计划,observation_plan,观察旧问题复发和下一次转折。,下一步观察：观察旧问题复发和下一次转折。,不得仅凭本规则推出具体日期、交往时长、多久结婚、联系次数、见面频率或关系结果；不得把快等同冲动、慢等同冷淡、高频等同亲密、低频等同不爱。现实安全、双方同意、持续行为、生活条件、反例与协商优先。,中,待验证,,rhythm_evidence=HV6; provisional=true; rule_group=RHYTHM-HV证据; M3_STATE_pending=true,0.7
M5-RHYTHM-322,HV6 恢复与重订证据｜与FG关系,L5 现实节奏证据深度,RHYTHM-HV证据,通用,接口,HV6,恢复与重订证据,HV6可用。,把HV直接等同FG。,由共享基础引擎、M2-TEMPO与M3功能模块提供；只修正用户能够承载怎样的推进、联系、共同时间、负荷与恢复节奏，不直接判断现实关系一定同步。,M2说明进入关系前的确认节奏；M5-RHYTHM只处理关系进入认真阶段以后，双方怎样持续协调推进与生活节奏。,M3-BASE、EXPR、CARE、BOUND、CONFLICT提供日常相处和状态通道；M5-RHYTHM负责把双方时间、负荷、联系、空间与恢复合成为长期节奏结构。,无／按本规则指定的提议—观察—同意—执行—反馈—调整—恢复路径路由。,近位、远位只修正某项节奏需求进入亲密关系核心的可能；不得据此判断具体对象现实中一定快、慢、黏、疏或稳定。,根气只修正节奏需求是否稳定重复，不等于双方现实节奏已成熟协调。,旺弱只修正某项推进、联系、共享、变化或恢复通道的调用强度，不直接等于适配质量。,喜忌只修正节奏调用顺畅度与摩擦，不可直接翻译为某种五行、十神或对象类型必然适合。,真合化成立时按化神功能重算节奏需要；合化争议时停止细化节奏画像。,近位提高该节奏议题进入关系核心的可能；远位只保留背景或阶段性观察。,92,不加分；去耦,fit_grade,HV与FG分开计算。,节奏证据更深，但最终适配仍需综合现实门槛。,不得仅凭本规则推出具体日期、交往时长、多久结婚、联系次数、见面频率或关系结果；不得把快等同冲动、慢等同冷淡、高频等同亲密、低频等同不爱。现实安全、双方同意、持续行为、生活条件、反例与协商优先。,高,待验证,,rhythm_evidence=HV6; provisional=true; rule_group=RHYTHM-HV证据; M3_STATE_pending=true,0.7
M5-RHYTHM-323,HV7 跨阶段／反例检验证据｜正式定义,L5 现实节奏证据深度,RHYTHM-HV证据,通用,定义,HV7,跨阶段／反例检验证据,评估双方推进、联系、共同时间、负荷或恢复事件。,无。,由共享基础引擎、M2-TEMPO与M3功能模块提供；只修正用户能够承载怎样的推进、联系、共同时间、负荷与恢复节奏，不直接判断现实关系一定同步。,M2说明进入关系前的确认节奏；M5-RHYTHM只处理关系进入认真阶段以后，双方怎样持续协调推进与生活节奏。,M3-BASE、EXPR、CARE、BOUND、CONFLICT提供日常相处和状态通道；M5-RHYTHM负责把双方时间、负荷、联系、空间与恢复合成为长期节奏结构。,无／按本规则指定的提议—观察—同意—执行—反馈—调整—恢复路径路由。,近位、远位只修正某项节奏需求进入亲密关系核心的可能；不得据此判断具体对象现实中一定快、慢、黏、疏或稳定。,根气只修正节奏需求是否稳定重复，不等于双方现实节奏已成熟协调。,旺弱只修正某项推进、联系、共享、变化或恢复通道的调用强度，不直接等于适配质量。,喜忌只修正节奏调用顺畅度与摩擦，不可直接翻译为某种五行、十神或对象类型必然适合。,真合化成立时按化神功能重算节奏需要；合化争议时停止细化节奏画像。,近位提高该节奏议题进入关系核心的可能；远位只保留背景或阶段性观察。,96,不加分；证据定义,rhythm_evidence_level,经历加速、降频、异地、负荷变化或规则对自己不利时仍能协商调整。,当前节奏证据层级：跨阶段／反例检验证据。,不得仅凭本规则推出具体日期、交往时长、多久结婚、联系次数、见面频率或关系结果；不得把快等同冲动、慢等同冷淡、高频等同亲密、低频等同不爱。现实安全、双方同意、持续行为、生活条件、反例与协商优先。,高,待验证,,rhythm_evidence=HV7; provisional=true; rule_group=RHYTHM-HV证据; M3_STATE_pending=true,0.7
M5-RHYTHM-324,HV7 跨阶段／反例检验证据｜最低资料,L5 现实节奏证据深度,RHYTHM-HV证据,通用,证据,HV7,跨阶段／反例检验证据,经历加速、降频、异地、负荷变化或规则对自己不利时仍能协商调整。,没有相应现实资料。,由共享基础引擎、M2-TEMPO与M3功能模块提供；只修正用户能够承载怎样的推进、联系、共同时间、负荷与恢复节奏，不直接判断现实关系一定同步。,M2说明进入关系前的确认节奏；M5-RHYTHM只处理关系进入认真阶段以后，双方怎样持续协调推进与生活节奏。,M3-BASE、EXPR、CARE、BOUND、CONFLICT提供日常相处和状态通道；M5-RHYTHM负责把双方时间、负荷、联系、空间与恢复合成为长期节奏结构。,无／按本规则指定的提议—观察—同意—执行—反馈—调整—恢复路径路由。,近位、远位只修正某项节奏需求进入亲密关系核心的可能；不得据此判断具体对象现实中一定快、慢、黏、疏或稳定。,根气只修正节奏需求是否稳定重复，不等于双方现实节奏已成熟协调。,旺弱只修正某项推进、联系、共享、变化或恢复通道的调用强度，不直接等于适配质量。,喜忌只修正节奏调用顺畅度与摩擦，不可直接翻译为某种五行、十神或对象类型必然适合。,真合化成立时按化神功能重算节奏需要；合化争议时停止细化节奏画像。,近位提高该节奏议题进入关系核心的可能；远位只保留背景或阶段性观察。,88,HV路由,rhythm_evidence_level,HV7的最低资料是：经历加速、降频、异地、负荷变化或规则对自己不利时仍能协商调整。,这一层主要依据：经历加速、降频、异地、负荷变化或规则对自己不利时仍能协商调整。,不得仅凭本规则推出具体日期、交往时长、多久结婚、联系次数、见面频率或关系结果；不得把快等同冲动、慢等同冷淡、高频等同亲密、低频等同不爱。现实安全、双方同意、持续行为、生活条件、反例与协商优先。,中高,待验证,,rhythm_evidence=HV7; provisional=true; rule_group=RHYTHM-HV证据; M3_STATE_pending=true,0.7
M5-RHYTHM-325,HV7 跨阶段／反例检验证据｜允许发布,L5 现实节奏证据深度,RHYTHM-HV证据,通用,输出,HV7,跨阶段／反例检验证据,HV7成立。,试图越级到更强结论。,由共享基础引擎、M2-TEMPO与M3功能模块提供；只修正用户能够承载怎样的推进、联系、共同时间、负荷与恢复节奏，不直接判断现实关系一定同步。,M2说明进入关系前的确认节奏；M5-RHYTHM只处理关系进入认真阶段以后，双方怎样持续协调推进与生活节奏。,M3-BASE、EXPR、CARE、BOUND、CONFLICT提供日常相处和状态通道；M5-RHYTHM负责把双方时间、负荷、联系、空间与恢复合成为长期节奏结构。,无／按本规则指定的提议—观察—同意—执行—反馈—调整—恢复路径路由。,近位、远位只修正某项节奏需求进入亲密关系核心的可能；不得据此判断具体对象现实中一定快、慢、黏、疏或稳定。,根气只修正节奏需求是否稳定重复，不等于双方现实节奏已成熟协调。,旺弱只修正某项推进、联系、共享、变化或恢复通道的调用强度，不直接等于适配质量。,喜忌只修正节奏调用顺畅度与摩擦，不可直接翻译为某种五行、十神或对象类型必然适合。,真合化成立时按化神功能重算节奏需要；合化争议时停止细化节奏画像。,近位提高该节奏议题进入关系核心的可能；远位只保留背景或阶段性观察。,84,发布上限,report_text,可作为较高等级现实节奏证据。,可作为较高等级现实节奏证据。,不得仅凭本规则推出具体日期、交往时长、多久结婚、联系次数、见面频率或关系结果；不得把快等同冲动、慢等同冷淡、高频等同亲密、低频等同不爱。现实安全、双方同意、持续行为、生活条件、反例与协商优先。,中高,待验证,,rhythm_evidence=HV7; provisional=true; rule_group=RHYTHM-HV证据; M3_STATE_pending=true,0.7
M5-RHYTHM-326,HV7 跨阶段／反例检验证据｜禁止发布,L5 现实节奏证据深度,RHYTHM-HV证据,通用,边界,HV7,跨阶段／反例检验证据,HV7成立。,无。,由共享基础引擎、M2-TEMPO与M3功能模块提供；只修正用户能够承载怎样的推进、联系、共同时间、负荷与恢复节奏，不直接判断现实关系一定同步。,M2说明进入关系前的确认节奏；M5-RHYTHM只处理关系进入认真阶段以后，双方怎样持续协调推进与生活节奏。,M3-BASE、EXPR、CARE、BOUND、CONFLICT提供日常相处和状态通道；M5-RHYTHM负责把双方时间、负荷、联系、空间与恢复合成为长期节奏结构。,无／按本规则指定的提议—观察—同意—执行—反馈—调整—恢复路径路由。,近位、远位只修正某项节奏需求进入亲密关系核心的可能；不得据此判断具体对象现实中一定快、慢、黏、疏或稳定。,根气只修正节奏需求是否稳定重复，不等于双方现实节奏已成熟协调。,旺弱只修正某项推进、联系、共享、变化或恢复通道的调用强度，不直接等于适配质量。,喜忌只修正节奏调用顺畅度与摩擦，不可直接翻译为某种五行、十神或对象类型必然适合。,真合化成立时按化神功能重算节奏需要；合化争议时停止细化节奏画像。,近位提高该节奏议题进入关系核心的可能；远位只保留背景或阶段性观察。,95,不加分；边界,boundary_note,仍受安全、价值观与其他RG门槛约束。,目前还不能：仍受安全、价值观与其他RG门槛约束。,不得仅凭本规则推出具体日期、交往时长、多久结婚、联系次数、见面频率或关系结果；不得把快等同冲动、慢等同冷淡、高频等同亲密、低频等同不爱。现实安全、双方同意、持续行为、生活条件、反例与协商优先。,高,待验证,,rhythm_evidence=HV7; provisional=true; rule_group=RHYTHM-HV证据; M3_STATE_pending=true,0.7
M5-RHYTHM-327,HV7 跨阶段／反例检验证据｜升级任务,L5 现实节奏证据深度,RHYTHM-HV证据,通用,路由,HV7,跨阶段／反例检验证据,准备从HV7升级。,安全、资料或反例停止。,由共享基础引擎、M2-TEMPO与M3功能模块提供；只修正用户能够承载怎样的推进、联系、共同时间、负荷与恢复节奏，不直接判断现实关系一定同步。,M2说明进入关系前的确认节奏；M5-RHYTHM只处理关系进入认真阶段以后，双方怎样持续协调推进与生活节奏。,M3-BASE、EXPR、CARE、BOUND、CONFLICT提供日常相处和状态通道；M5-RHYTHM负责把双方时间、负荷、联系、空间与恢复合成为长期节奏结构。,无／按本规则指定的提议—观察—同意—执行—反馈—调整—恢复路径路由。,近位、远位只修正某项节奏需求进入亲密关系核心的可能；不得据此判断具体对象现实中一定快、慢、黏、疏或稳定。,根气只修正节奏需求是否稳定重复，不等于双方现实节奏已成熟协调。,旺弱只修正某项推进、联系、共享、变化或恢复通道的调用强度，不直接等于适配质量。,喜忌只修正节奏调用顺畅度与摩擦，不可直接翻译为某种五行、十神或对象类型必然适合。,真合化成立时按化神功能重算节奏需要；合化争议时停止细化节奏画像。,近位提高该节奏议题进入关系核心的可能；远位只保留背景或阶段性观察。,76,不加分；观察计划,observation_plan,进入M5-SYNTH综合验证。,下一步观察：进入M5-SYNTH综合验证。,不得仅凭本规则推出具体日期、交往时长、多久结婚、联系次数、见面频率或关系结果；不得把快等同冲动、慢等同冷淡、高频等同亲密、低频等同不爱。现实安全、双方同意、持续行为、生活条件、反例与协商优先。,中,待验证,,rhythm_evidence=HV7; provisional=true; rule_group=RHYTHM-HV证据; M3_STATE_pending=true,0.7
M5-RHYTHM-328,HV7 跨阶段／反例检验证据｜与FG关系,L5 现实节奏证据深度,RHYTHM-HV证据,通用,接口,HV7,跨阶段／反例检验证据,HV7可用。,把HV直接等同FG。,由共享基础引擎、M2-TEMPO与M3功能模块提供；只修正用户能够承载怎样的推进、联系、共同时间、负荷与恢复节奏，不直接判断现实关系一定同步。,M2说明进入关系前的确认节奏；M5-RHYTHM只处理关系进入认真阶段以后，双方怎样持续协调推进与生活节奏。,M3-BASE、EXPR、CARE、BOUND、CONFLICT提供日常相处和状态通道；M5-RHYTHM负责把双方时间、负荷、联系、空间与恢复合成为长期节奏结构。,无／按本规则指定的提议—观察—同意—执行—反馈—调整—恢复路径路由。,近位、远位只修正某项节奏需求进入亲密关系核心的可能；不得据此判断具体对象现实中一定快、慢、黏、疏或稳定。,根气只修正节奏需求是否稳定重复，不等于双方现实节奏已成熟协调。,旺弱只修正某项推进、联系、共享、变化或恢复通道的调用强度，不直接等于适配质量。,喜忌只修正节奏调用顺畅度与摩擦，不可直接翻译为某种五行、十神或对象类型必然适合。,真合化成立时按化神功能重算节奏需要；合化争议时停止细化节奏画像。,近位提高该节奏议题进入关系核心的可能；远位只保留背景或阶段性观察。,92,不加分；去耦,fit_grade,HV与FG分开计算。,节奏证据更深，但最终适配仍需综合现实门槛。,不得仅凭本规则推出具体日期、交往时长、多久结婚、联系次数、见面频率或关系结果；不得把快等同冲动、慢等同冷淡、高频等同亲密、低频等同不爱。现实安全、双方同意、持续行为、生活条件、反例与协商优先。,高,待验证,,rhythm_evidence=HV7; provisional=true; rule_group=RHYTHM-HV证据; M3_STATE_pending=true,0.7
M5-RHYTHM-329,HB01 高频联系等于高承诺｜正式定义,L6 节奏误读与伪适配,RHYTHM-HB误读,通用,误读,HB01,高频联系等于高承诺,出现相关节奏判断偏差或现实争议。,HV6—HV7现实资料已明确排除。,由共享基础引擎、M2-TEMPO与M3功能模块提供；只修正用户能够承载怎样的推进、联系、共同时间、负荷与恢复节奏，不直接判断现实关系一定同步。,M2说明进入关系前的确认节奏；M5-RHYTHM只处理关系进入认真阶段以后，双方怎样持续协调推进与生活节奏。,M3-BASE、EXPR、CARE、BOUND、CONFLICT提供日常相处和状态通道；M5-RHYTHM负责把双方时间、负荷、联系、空间与恢复合成为长期节奏结构。,无／按本规则指定的提议—观察—同意—执行—反馈—调整—恢复路径路由。,近位、远位只修正某项节奏需求进入亲密关系核心的可能；不得据此判断具体对象现实中一定快、慢、黏、疏或稳定。,根气只修正节奏需求是否稳定重复，不等于双方现实节奏已成熟协调。,旺弱只修正某项推进、联系、共享、变化或恢复通道的调用强度，不直接等于适配质量。,喜忌只修正节奏调用顺畅度与摩擦，不可直接翻译为某种五行、十神或对象类型必然适合。,真合化成立时按化神功能重算节奏需要；合化争议时停止细化节奏画像。,近位提高该节奏议题进入关系核心的可能；远位只保留背景或阶段性观察。,95,HB风险 +12,pseudo_rhythm_warning,把消息多、见面多、随时在线理解为长期责任稳定。,高频能带来亲密感，但不能代替承诺和现实承担。,不得仅凭本规则推出具体日期、交往时长、多久结婚、联系次数、见面频率或关系结果；不得把快等同冲动、慢等同冷淡、高频等同亲密、低频等同不爱。现实安全、双方同意、持续行为、生活条件、反例与协商优先。,高,待验证,,rhythm_misread=HB01; provisional=true; rule_group=RHYTHM-HB误读; M3_STATE_pending=true,0.7
M5-RHYTHM-330,HB01 高频联系等于高承诺｜证据缺口,L6 节奏误读与伪适配,RHYTHM-HB误读,通用,证据,HB01,高频联系等于高承诺,准备判断节奏一致、错配、高低频或推进适配。,对应HO和HD已跨领域验证。,由共享基础引擎、M2-TEMPO与M3功能模块提供；只修正用户能够承载怎样的推进、联系、共同时间、负荷与恢复节奏，不直接判断现实关系一定同步。,M2说明进入关系前的确认节奏；M5-RHYTHM只处理关系进入认真阶段以后，双方怎样持续协调推进与生活节奏。,M3-BASE、EXPR、CARE、BOUND、CONFLICT提供日常相处和状态通道；M5-RHYTHM负责把双方时间、负荷、联系、空间与恢复合成为长期节奏结构。,无／按本规则指定的提议—观察—同意—执行—反馈—调整—恢复路径路由。,近位、远位只修正某项节奏需求进入亲密关系核心的可能；不得据此判断具体对象现实中一定快、慢、黏、疏或稳定。,根气只修正节奏需求是否稳定重复，不等于双方现实节奏已成熟协调。,旺弱只修正某项推进、联系、共享、变化或恢复通道的调用强度，不直接等于适配质量。,喜忌只修正节奏调用顺畅度与摩擦，不可直接翻译为某种五行、十神或对象类型必然适合。,真合化成立时按化神功能重算节奏需要；合化争议时停止细化节奏画像。,近位提高该节奏议题进入关系核心的可能；远位只保留背景或阶段性观察。,90,-12／停止升级,counterevidence,分开检查承诺、负荷、计划变化和持续兑现。,需要补看：分开检查承诺、负荷、计划变化和持续兑现。,不得仅凭本规则推出具体日期、交往时长、多久结婚、联系次数、见面频率或关系结果；不得把快等同冲动、慢等同冷淡、高频等同亲密、低频等同不爱。现实安全、双方同意、持续行为、生活条件、反例与协商优先。,中高,待验证,,rhythm_misread=HB01; provisional=true; rule_group=RHYTHM-HB误读; M3_STATE_pending=true,0.7
M5-RHYTHM-331,HB01 高频联系等于高承诺｜纠偏与观察,L6 节奏误读与伪适配,RHYTHM-HB误读,通用,路由,HB01,高频联系等于高承诺,HB候选成立。,PR0安全事件优先停止。,由共享基础引擎、M2-TEMPO与M3功能模块提供；只修正用户能够承载怎样的推进、联系、共同时间、负荷与恢复节奏，不直接判断现实关系一定同步。,M2说明进入关系前的确认节奏；M5-RHYTHM只处理关系进入认真阶段以后，双方怎样持续协调推进与生活节奏。,M3-BASE、EXPR、CARE、BOUND、CONFLICT提供日常相处和状态通道；M5-RHYTHM负责把双方时间、负荷、联系、空间与恢复合成为长期节奏结构。,无／按本规则指定的提议—观察—同意—执行—反馈—调整—恢复路径路由。,近位、远位只修正某项节奏需求进入亲密关系核心的可能；不得据此判断具体对象现实中一定快、慢、黏、疏或稳定。,根气只修正节奏需求是否稳定重复，不等于双方现实节奏已成熟协调。,旺弱只修正某项推进、联系、共享、变化或恢复通道的调用强度，不直接等于适配质量。,喜忌只修正节奏调用顺畅度与摩擦，不可直接翻译为某种五行、十神或对象类型必然适合。,真合化成立时按化神功能重算节奏需要；合化争议时停止细化节奏画像。,近位提高该节奏议题进入关系核心的可能；远位只保留背景或阶段性观察。,84,不加分；观察路由,observation_plan,分开检查承诺、负荷、计划变化和持续兑现。,纠偏时要：分开检查承诺、负荷、计划变化和持续兑现。,不得仅凭本规则推出具体日期、交往时长、多久结婚、联系次数、见面频率或关系结果；不得把快等同冲动、慢等同冷淡、高频等同亲密、低频等同不爱。现实安全、双方同意、持续行为、生活条件、反例与协商优先。,中高,待验证,,rhythm_misread=HB01; provisional=true; rule_group=RHYTHM-HB误读; M3_STATE_pending=true,0.7
M5-RHYTHM-332,HB01 高频联系等于高承诺｜用户解释,L6 节奏误读与伪适配,RHYTHM-HB误读,通用,输出,HB01,高频联系等于高承诺,完成HB判断。,资料不足以区分。,由共享基础引擎、M2-TEMPO与M3功能模块提供；只修正用户能够承载怎样的推进、联系、共同时间、负荷与恢复节奏，不直接判断现实关系一定同步。,M2说明进入关系前的确认节奏；M5-RHYTHM只处理关系进入认真阶段以后，双方怎样持续协调推进与生活节奏。,M3-BASE、EXPR、CARE、BOUND、CONFLICT提供日常相处和状态通道；M5-RHYTHM负责把双方时间、负荷、联系、空间与恢复合成为长期节奏结构。,无／按本规则指定的提议—观察—同意—执行—反馈—调整—恢复路径路由。,近位、远位只修正某项节奏需求进入亲密关系核心的可能；不得据此判断具体对象现实中一定快、慢、黏、疏或稳定。,根气只修正节奏需求是否稳定重复，不等于双方现实节奏已成熟协调。,旺弱只修正某项推进、联系、共享、变化或恢复通道的调用强度，不直接等于适配质量。,喜忌只修正节奏调用顺畅度与摩擦，不可直接翻译为某种五行、十神或对象类型必然适合。,真合化成立时按化神功能重算节奏需要；合化争议时停止细化节奏画像。,近位提高该节奏议题进入关系核心的可能；远位只保留背景或阶段性观察。,76,不加分；输出,report_text,高频能带来亲密感，但不能代替承诺和现实承担。,高频能带来亲密感，但不能代替承诺和现实承担。,不得仅凭本规则推出具体日期、交往时长、多久结婚、联系次数、见面频率或关系结果；不得把快等同冲动、慢等同冷淡、高频等同亲密、低频等同不爱。现实安全、双方同意、持续行为、生活条件、反例与协商优先。,中高,待验证,,rhythm_misread=HB01; provisional=true; rule_group=RHYTHM-HB误读; M3_STATE_pending=true,0.7
M5-RHYTHM-333,HB02 低频联系等于冷淡不爱｜正式定义,L6 节奏误读与伪适配,RHYTHM-HB误读,通用,误读,HB02,低频联系等于冷淡不爱,出现相关节奏判断偏差或现实争议。,HV6—HV7现实资料已明确排除。,由共享基础引擎、M2-TEMPO与M3功能模块提供；只修正用户能够承载怎样的推进、联系、共同时间、负荷与恢复节奏，不直接判断现实关系一定同步。,M2说明进入关系前的确认节奏；M5-RHYTHM只处理关系进入认真阶段以后，双方怎样持续协调推进与生活节奏。,M3-BASE、EXPR、CARE、BOUND、CONFLICT提供日常相处和状态通道；M5-RHYTHM负责把双方时间、负荷、联系、空间与恢复合成为长期节奏结构。,无／按本规则指定的提议—观察—同意—执行—反馈—调整—恢复路径路由。,近位、远位只修正某项节奏需求进入亲密关系核心的可能；不得据此判断具体对象现实中一定快、慢、黏、疏或稳定。,根气只修正节奏需求是否稳定重复，不等于双方现实节奏已成熟协调。,旺弱只修正某项推进、联系、共享、变化或恢复通道的调用强度，不直接等于适配质量。,喜忌只修正节奏调用顺畅度与摩擦，不可直接翻译为某种五行、十神或对象类型必然适合。,真合化成立时按化神功能重算节奏需要；合化争议时停止细化节奏画像。,近位提高该节奏议题进入关系核心的可能；远位只保留背景或阶段性观察。,95,HB风险 +12,pseudo_rhythm_warning,把忙碌、独立或低频连接直接解释成兴趣不足。,低频不一定冷淡，关键是是否稳定、透明和有回归。,不得仅凭本规则推出具体日期、交往时长、多久结婚、联系次数、见面频率或关系结果；不得把快等同冲动、慢等同冷淡、高频等同亲密、低频等同不爱。现实安全、双方同意、持续行为、生活条件、反例与协商优先。,高,待验证,,rhythm_misread=HB02; provisional=true; rule_group=RHYTHM-HB误读; M3_STATE_pending=true,0.7
M5-RHYTHM-334,HB02 低频联系等于冷淡不爱｜证据缺口,L6 节奏误读与伪适配,RHYTHM-HB误读,通用,证据,HB02,低频联系等于冷淡不爱,准备判断节奏一致、错配、高低频或推进适配。,对应HO和HD已跨领域验证。,由共享基础引擎、M2-TEMPO与M3功能模块提供；只修正用户能够承载怎样的推进、联系、共同时间、负荷与恢复节奏，不直接判断现实关系一定同步。,M2说明进入关系前的确认节奏；M5-RHYTHM只处理关系进入认真阶段以后，双方怎样持续协调推进与生活节奏。,M3-BASE、EXPR、CARE、BOUND、CONFLICT提供日常相处和状态通道；M5-RHYTHM负责把双方时间、负荷、联系、空间与恢复合成为长期节奏结构。,无／按本规则指定的提议—观察—同意—执行—反馈—调整—恢复路径路由。,近位、远位只修正某项节奏需求进入亲密关系核心的可能；不得据此判断具体对象现实中一定快、慢、黏、疏或稳定。,根气只修正节奏需求是否稳定重复，不等于双方现实节奏已成熟协调。,旺弱只修正某项推进、联系、共享、变化或恢复通道的调用强度，不直接等于适配质量。,喜忌只修正节奏调用顺畅度与摩擦，不可直接翻译为某种五行、十神或对象类型必然适合。,真合化成立时按化神功能重算节奏需要；合化争议时停止细化节奏画像。,近位提高该节奏议题进入关系核心的可能；远位只保留背景或阶段性观察。,90,-12／停止升级,counterevidence,检查最低连接、可预测性、关系方向和实际投入。,需要补看：检查最低连接、可预测性、关系方向和实际投入。,不得仅凭本规则推出具体日期、交往时长、多久结婚、联系次数、见面频率或关系结果；不得把快等同冲动、慢等同冷淡、高频等同亲密、低频等同不爱。现实安全、双方同意、持续行为、生活条件、反例与协商优先。,中高,待验证,,rhythm_misread=HB02; provisional=true; rule_group=RHYTHM-HB误读; M3_STATE_pending=true,0.7
M5-RHYTHM-335,HB02 低频联系等于冷淡不爱｜纠偏与观察,L6 节奏误读与伪适配,RHYTHM-HB误读,通用,路由,HB02,低频联系等于冷淡不爱,HB候选成立。,PR0安全事件优先停止。,由共享基础引擎、M2-TEMPO与M3功能模块提供；只修正用户能够承载怎样的推进、联系、共同时间、负荷与恢复节奏，不直接判断现实关系一定同步。,M2说明进入关系前的确认节奏；M5-RHYTHM只处理关系进入认真阶段以后，双方怎样持续协调推进与生活节奏。,M3-BASE、EXPR、CARE、BOUND、CONFLICT提供日常相处和状态通道；M5-RHYTHM负责把双方时间、负荷、联系、空间与恢复合成为长期节奏结构。,无／按本规则指定的提议—观察—同意—执行—反馈—调整—恢复路径路由。,近位、远位只修正某项节奏需求进入亲密关系核心的可能；不得据此判断具体对象现实中一定快、慢、黏、疏或稳定。,根气只修正节奏需求是否稳定重复，不等于双方现实节奏已成熟协调。,旺弱只修正某项推进、联系、共享、变化或恢复通道的调用强度，不直接等于适配质量。,喜忌只修正节奏调用顺畅度与摩擦，不可直接翻译为某种五行、十神或对象类型必然适合。,真合化成立时按化神功能重算节奏需要；合化争议时停止细化节奏画像。,近位提高该节奏议题进入关系核心的可能；远位只保留背景或阶段性观察。,84,不加分；观察路由,observation_plan,检查最低连接、可预测性、关系方向和实际投入。,纠偏时要：检查最低连接、可预测性、关系方向和实际投入。,不得仅凭本规则推出具体日期、交往时长、多久结婚、联系次数、见面频率或关系结果；不得把快等同冲动、慢等同冷淡、高频等同亲密、低频等同不爱。现实安全、双方同意、持续行为、生活条件、反例与协商优先。,中高,待验证,,rhythm_misread=HB02; provisional=true; rule_group=RHYTHM-HB误读; M3_STATE_pending=true,0.7
M5-RHYTHM-336,HB02 低频联系等于冷淡不爱｜用户解释,L6 节奏误读与伪适配,RHYTHM-HB误读,通用,输出,HB02,低频联系等于冷淡不爱,完成HB判断。,资料不足以区分。,由共享基础引擎、M2-TEMPO与M3功能模块提供；只修正用户能够承载怎样的推进、联系、共同时间、负荷与恢复节奏，不直接判断现实关系一定同步。,M2说明进入关系前的确认节奏；M5-RHYTHM只处理关系进入认真阶段以后，双方怎样持续协调推进与生活节奏。,M3-BASE、EXPR、CARE、BOUND、CONFLICT提供日常相处和状态通道；M5-RHYTHM负责把双方时间、负荷、联系、空间与恢复合成为长期节奏结构。,无／按本规则指定的提议—观察—同意—执行—反馈—调整—恢复路径路由。,近位、远位只修正某项节奏需求进入亲密关系核心的可能；不得据此判断具体对象现实中一定快、慢、黏、疏或稳定。,根气只修正节奏需求是否稳定重复，不等于双方现实节奏已成熟协调。,旺弱只修正某项推进、联系、共享、变化或恢复通道的调用强度，不直接等于适配质量。,喜忌只修正节奏调用顺畅度与摩擦，不可直接翻译为某种五行、十神或对象类型必然适合。,真合化成立时按化神功能重算节奏需要；合化争议时停止细化节奏画像。,近位提高该节奏议题进入关系核心的可能；远位只保留背景或阶段性观察。,76,不加分；输出,report_text,低频不一定冷淡，关键是是否稳定、透明和有回归。,低频不一定冷淡，关键是是否稳定、透明和有回归。,不得仅凭本规则推出具体日期、交往时长、多久结婚、联系次数、见面频率或关系结果；不得把快等同冲动、慢等同冷淡、高频等同亲密、低频等同不爱。现实安全、双方同意、持续行为、生活条件、反例与协商优先。,中高,待验证,,rhythm_misread=HB02; provisional=true; rule_group=RHYTHM-HB误读; M3_STATE_pending=true,0.7
M5-RHYTHM-337,HB03 快速推进等于高度适配｜正式定义,L6 节奏误读与伪适配,RHYTHM-HB误读,通用,误读,HB03,快速推进等于高度适配,出现相关节奏判断偏差或现实争议。,HV6—HV7现实资料已明确排除。,由共享基础引擎、M2-TEMPO与M3功能模块提供；只修正用户能够承载怎样的推进、联系、共同时间、负荷与恢复节奏，不直接判断现实关系一定同步。,M2说明进入关系前的确认节奏；M5-RHYTHM只处理关系进入认真阶段以后，双方怎样持续协调推进与生活节奏。,M3-BASE、EXPR、CARE、BOUND、CONFLICT提供日常相处和状态通道；M5-RHYTHM负责把双方时间、负荷、联系、空间与恢复合成为长期节奏结构。,无／按本规则指定的提议—观察—同意—执行—反馈—调整—恢复路径路由。,近位、远位只修正某项节奏需求进入亲密关系核心的可能；不得据此判断具体对象现实中一定快、慢、黏、疏或稳定。,根气只修正节奏需求是否稳定重复，不等于双方现实节奏已成熟协调。,旺弱只修正某项推进、联系、共享、变化或恢复通道的调用强度，不直接等于适配质量。,喜忌只修正节奏调用顺畅度与摩擦，不可直接翻译为某种五行、十神或对象类型必然适合。,真合化成立时按化神功能重算节奏需要；合化争议时停止细化节奏画像。,近位提高该节奏议题进入关系核心的可能；远位只保留背景或阶段性观察。,95,HB风险 +12,pseudo_rhythm_warning,因为迅速确定、同居、公开或承诺，就判断长期合适。,走得快说明进展快，不等于长期运行能力已经成立。,不得仅凭本规则推出具体日期、交往时长、多久结婚、联系次数、见面频率或关系结果；不得把快等同冲动、慢等同冷淡、高频等同亲密、低频等同不爱。现实安全、双方同意、持续行为、生活条件、反例与协商优先。,高,待验证,,rhythm_misread=HB03; provisional=true; rule_group=RHYTHM-HB误读; M3_STATE_pending=true,0.7
M5-RHYTHM-338,HB03 快速推进等于高度适配｜证据缺口,L6 节奏误读与伪适配,RHYTHM-HB误读,通用,证据,HB03,快速推进等于高度适配,准备判断节奏一致、错配、高低频或推进适配。,对应HO和HD已跨领域验证。,由共享基础引擎、M2-TEMPO与M3功能模块提供；只修正用户能够承载怎样的推进、联系、共同时间、负荷与恢复节奏，不直接判断现实关系一定同步。,M2说明进入关系前的确认节奏；M5-RHYTHM只处理关系进入认真阶段以后，双方怎样持续协调推进与生活节奏。,M3-BASE、EXPR、CARE、BOUND、CONFLICT提供日常相处和状态通道；M5-RHYTHM负责把双方时间、负荷、联系、空间与恢复合成为长期节奏结构。,无／按本规则指定的提议—观察—同意—执行—反馈—调整—恢复路径路由。,近位、远位只修正某项节奏需求进入亲密关系核心的可能；不得据此判断具体对象现实中一定快、慢、黏、疏或稳定。,根气只修正节奏需求是否稳定重复，不等于双方现实节奏已成熟协调。,旺弱只修正某项推进、联系、共享、变化或恢复通道的调用强度，不直接等于适配质量。,喜忌只修正节奏调用顺畅度与摩擦，不可直接翻译为某种五行、十神或对象类型必然适合。,真合化成立时按化神功能重算节奏需要；合化争议时停止细化节奏画像。,近位提高该节奏议题进入关系核心的可能；远位只保留背景或阶段性观察。,90,-12／停止升级,counterevidence,分段验证同意、责任、负荷和修复。,需要补看：分段验证同意、责任、负荷和修复。,不得仅凭本规则推出具体日期、交往时长、多久结婚、联系次数、见面频率或关系结果；不得把快等同冲动、慢等同冷淡、高频等同亲密、低频等同不爱。现实安全、双方同意、持续行为、生活条件、反例与协商优先。,中高,待验证,,rhythm_misread=HB03; provisional=true; rule_group=RHYTHM-HB误读; M3_STATE_pending=true,0.7
M5-RHYTHM-339,HB03 快速推进等于高度适配｜纠偏与观察,L6 节奏误读与伪适配,RHYTHM-HB误读,通用,路由,HB03,快速推进等于高度适配,HB候选成立。,PR0安全事件优先停止。,由共享基础引擎、M2-TEMPO与M3功能模块提供；只修正用户能够承载怎样的推进、联系、共同时间、负荷与恢复节奏，不直接判断现实关系一定同步。,M2说明进入关系前的确认节奏；M5-RHYTHM只处理关系进入认真阶段以后，双方怎样持续协调推进与生活节奏。,M3-BASE、EXPR、CARE、BOUND、CONFLICT提供日常相处和状态通道；M5-RHYTHM负责把双方时间、负荷、联系、空间与恢复合成为长期节奏结构。,无／按本规则指定的提议—观察—同意—执行—反馈—调整—恢复路径路由。,近位、远位只修正某项节奏需求进入亲密关系核心的可能；不得据此判断具体对象现实中一定快、慢、黏、疏或稳定。,根气只修正节奏需求是否稳定重复，不等于双方现实节奏已成熟协调。,旺弱只修正某项推进、联系、共享、变化或恢复通道的调用强度，不直接等于适配质量。,喜忌只修正节奏调用顺畅度与摩擦，不可直接翻译为某种五行、十神或对象类型必然适合。,真合化成立时按化神功能重算节奏需要；合化争议时停止细化节奏画像。,近位提高该节奏议题进入关系核心的可能；远位只保留背景或阶段性观察。,84,不加分；观察路由,observation_plan,分段验证同意、责任、负荷和修复。,纠偏时要：分段验证同意、责任、负荷和修复。,不得仅凭本规则推出具体日期、交往时长、多久结婚、联系次数、见面频率或关系结果；不得把快等同冲动、慢等同冷淡、高频等同亲密、低频等同不爱。现实安全、双方同意、持续行为、生活条件、反例与协商优先。,中高,待验证,,rhythm_misread=HB03; provisional=true; rule_group=RHYTHM-HB误读; M3_STATE_pending=true,0.7
M5-RHYTHM-340,HB03 快速推进等于高度适配｜用户解释,L6 节奏误读与伪适配,RHYTHM-HB误读,通用,输出,HB03,快速推进等于高度适配,完成HB判断。,资料不足以区分。,由共享基础引擎、M2-TEMPO与M3功能模块提供；只修正用户能够承载怎样的推进、联系、共同时间、负荷与恢复节奏，不直接判断现实关系一定同步。,M2说明进入关系前的确认节奏；M5-RHYTHM只处理关系进入认真阶段以后，双方怎样持续协调推进与生活节奏。,M3-BASE、EXPR、CARE、BOUND、CONFLICT提供日常相处和状态通道；M5-RHYTHM负责把双方时间、负荷、联系、空间与恢复合成为长期节奏结构。,无／按本规则指定的提议—观察—同意—执行—反馈—调整—恢复路径路由。,近位、远位只修正某项节奏需求进入亲密关系核心的可能；不得据此判断具体对象现实中一定快、慢、黏、疏或稳定。,根气只修正节奏需求是否稳定重复，不等于双方现实节奏已成熟协调。,旺弱只修正某项推进、联系、共享、变化或恢复通道的调用强度，不直接等于适配质量。,喜忌只修正节奏调用顺畅度与摩擦，不可直接翻译为某种五行、十神或对象类型必然适合。,真合化成立时按化神功能重算节奏需要；合化争议时停止细化节奏画像。,近位提高该节奏议题进入关系核心的可能；远位只保留背景或阶段性观察。,76,不加分；输出,report_text,走得快说明进展快，不等于长期运行能力已经成立。,走得快说明进展快，不等于长期运行能力已经成立。,不得仅凭本规则推出具体日期、交往时长、多久结婚、联系次数、见面频率或关系结果；不得把快等同冲动、慢等同冷淡、高频等同亲密、低频等同不爱。现实安全、双方同意、持续行为、生活条件、反例与协商优先。,中高,待验证,,rhythm_misread=HB03; provisional=true; rule_group=RHYTHM-HB误读; M3_STATE_pending=true,0.7
M5-RHYTHM-341,HB04 慢热推进等于没有意愿｜正式定义,L6 节奏误读与伪适配,RHYTHM-HB误读,通用,误读,HB04,慢热推进等于没有意愿,出现相关节奏判断偏差或现实争议。,HV6—HV7现实资料已明确排除。,由共享基础引擎、M2-TEMPO与M3功能模块提供；只修正用户能够承载怎样的推进、联系、共同时间、负荷与恢复节奏，不直接判断现实关系一定同步。,M2说明进入关系前的确认节奏；M5-RHYTHM只处理关系进入认真阶段以后，双方怎样持续协调推进与生活节奏。,M3-BASE、EXPR、CARE、BOUND、CONFLICT提供日常相处和状态通道；M5-RHYTHM负责把双方时间、负荷、联系、空间与恢复合成为长期节奏结构。,无／按本规则指定的提议—观察—同意—执行—反馈—调整—恢复路径路由。,近位、远位只修正某项节奏需求进入亲密关系核心的可能；不得据此判断具体对象现实中一定快、慢、黏、疏或稳定。,根气只修正节奏需求是否稳定重复，不等于双方现实节奏已成熟协调。,旺弱只修正某项推进、联系、共享、变化或恢复通道的调用强度，不直接等于适配质量。,喜忌只修正节奏调用顺畅度与摩擦，不可直接翻译为某种五行、十神或对象类型必然适合。,真合化成立时按化神功能重算节奏需要；合化争议时停止细化节奏画像。,近位提高该节奏议题进入关系核心的可能；远位只保留背景或阶段性观察。,95,HB风险 +12,pseudo_rhythm_warning,把需要观察、熟悉或现实准备理解成拒绝。,慢热可以有明确方向，模糊无限等待才需要警惕。,不得仅凭本规则推出具体日期、交往时长、多久结婚、联系次数、见面频率或关系结果；不得把快等同冲动、慢等同冷淡、高频等同亲密、低频等同不爱。现实安全、双方同意、持续行为、生活条件、反例与协商优先。,高,待验证,,rhythm_misread=HB04; provisional=true; rule_group=RHYTHM-HB误读; M3_STATE_pending=true,0.7
M5-RHYTHM-342,HB04 慢热推进等于没有意愿｜证据缺口,L6 节奏误读与伪适配,RHYTHM-HB误读,通用,证据,HB04,慢热推进等于没有意愿,准备判断节奏一致、错配、高低频或推进适配。,对应HO和HD已跨领域验证。,由共享基础引擎、M2-TEMPO与M3功能模块提供；只修正用户能够承载怎样的推进、联系、共同时间、负荷与恢复节奏，不直接判断现实关系一定同步。,M2说明进入关系前的确认节奏；M5-RHYTHM只处理关系进入认真阶段以后，双方怎样持续协调推进与生活节奏。,M3-BASE、EXPR、CARE、BOUND、CONFLICT提供日常相处和状态通道；M5-RHYTHM负责把双方时间、负荷、联系、空间与恢复合成为长期节奏结构。,无／按本规则指定的提议—观察—同意—执行—反馈—调整—恢复路径路由。,近位、远位只修正某项节奏需求进入亲密关系核心的可能；不得据此判断具体对象现实中一定快、慢、黏、疏或稳定。,根气只修正节奏需求是否稳定重复，不等于双方现实节奏已成熟协调。,旺弱只修正某项推进、联系、共享、变化或恢复通道的调用强度，不直接等于适配质量。,喜忌只修正节奏调用顺畅度与摩擦，不可直接翻译为某种五行、十神或对象类型必然适合。,真合化成立时按化神功能重算节奏需要；合化争议时停止细化节奏画像。,近位提高该节奏议题进入关系核心的可能；远位只保留背景或阶段性观察。,90,-12／停止升级,counterevidence,检查持续回应、方向、观察标准和阶段计划。,需要补看：检查持续回应、方向、观察标准和阶段计划。,不得仅凭本规则推出具体日期、交往时长、多久结婚、联系次数、见面频率或关系结果；不得把快等同冲动、慢等同冷淡、高频等同亲密、低频等同不爱。现实安全、双方同意、持续行为、生活条件、反例与协商优先。,中高,待验证,,rhythm_misread=HB04; provisional=true; rule_group=RHYTHM-HB误读; M3_STATE_pending=true,0.7
M5-RHYTHM-343,HB04 慢热推进等于没有意愿｜纠偏与观察,L6 节奏误读与伪适配,RHYTHM-HB误读,通用,路由,HB04,慢热推进等于没有意愿,HB候选成立。,PR0安全事件优先停止。,由共享基础引擎、M2-TEMPO与M3功能模块提供；只修正用户能够承载怎样的推进、联系、共同时间、负荷与恢复节奏，不直接判断现实关系一定同步。,M2说明进入关系前的确认节奏；M5-RHYTHM只处理关系进入认真阶段以后，双方怎样持续协调推进与生活节奏。,M3-BASE、EXPR、CARE、BOUND、CONFLICT提供日常相处和状态通道；M5-RHYTHM负责把双方时间、负荷、联系、空间与恢复合成为长期节奏结构。,无／按本规则指定的提议—观察—同意—执行—反馈—调整—恢复路径路由。,近位、远位只修正某项节奏需求进入亲密关系核心的可能；不得据此判断具体对象现实中一定快、慢、黏、疏或稳定。,根气只修正节奏需求是否稳定重复，不等于双方现实节奏已成熟协调。,旺弱只修正某项推进、联系、共享、变化或恢复通道的调用强度，不直接等于适配质量。,喜忌只修正节奏调用顺畅度与摩擦，不可直接翻译为某种五行、十神或对象类型必然适合。,真合化成立时按化神功能重算节奏需要；合化争议时停止细化节奏画像。,近位提高该节奏议题进入关系核心的可能；远位只保留背景或阶段性观察。,84,不加分；观察路由,observation_plan,检查持续回应、方向、观察标准和阶段计划。,纠偏时要：检查持续回应、方向、观察标准和阶段计划。,不得仅凭本规则推出具体日期、交往时长、多久结婚、联系次数、见面频率或关系结果；不得把快等同冲动、慢等同冷淡、高频等同亲密、低频等同不爱。现实安全、双方同意、持续行为、生活条件、反例与协商优先。,中高,待验证,,rhythm_misread=HB04; provisional=true; rule_group=RHYTHM-HB误读; M3_STATE_pending=true,0.7
M5-RHYTHM-344,HB04 慢热推进等于没有意愿｜用户解释,L6 节奏误读与伪适配,RHYTHM-HB误读,通用,输出,HB04,慢热推进等于没有意愿,完成HB判断。,资料不足以区分。,由共享基础引擎、M2-TEMPO与M3功能模块提供；只修正用户能够承载怎样的推进、联系、共同时间、负荷与恢复节奏，不直接判断现实关系一定同步。,M2说明进入关系前的确认节奏；M5-RHYTHM只处理关系进入认真阶段以后，双方怎样持续协调推进与生活节奏。,M3-BASE、EXPR、CARE、BOUND、CONFLICT提供日常相处和状态通道；M5-RHYTHM负责把双方时间、负荷、联系、空间与恢复合成为长期节奏结构。,无／按本规则指定的提议—观察—同意—执行—反馈—调整—恢复路径路由。,近位、远位只修正某项节奏需求进入亲密关系核心的可能；不得据此判断具体对象现实中一定快、慢、黏、疏或稳定。,根气只修正节奏需求是否稳定重复，不等于双方现实节奏已成熟协调。,旺弱只修正某项推进、联系、共享、变化或恢复通道的调用强度，不直接等于适配质量。,喜忌只修正节奏调用顺畅度与摩擦，不可直接翻译为某种五行、十神或对象类型必然适合。,真合化成立时按化神功能重算节奏需要；合化争议时停止细化节奏画像。,近位提高该节奏议题进入关系核心的可能；远位只保留背景或阶段性观察。,76,不加分；输出,report_text,慢热可以有明确方向，模糊无限等待才需要警惕。,慢热可以有明确方向，模糊无限等待才需要警惕。,不得仅凭本规则推出具体日期、交往时长、多久结婚、联系次数、见面频率或关系结果；不得把快等同冲动、慢等同冷淡、高频等同亲密、低频等同不爱。现实安全、双方同意、持续行为、生活条件、反例与协商优先。,中高,待验证,,rhythm_misread=HB04; provisional=true; rule_group=RHYTHM-HB误读; M3_STATE_pending=true,0.7
M5-RHYTHM-345,HB05 相同频率等于节奏同频｜正式定义,L6 节奏误读与伪适配,RHYTHM-HB误读,通用,误读,HB05,相同频率等于节奏同频,出现相关节奏判断偏差或现实争议。,HV6—HV7现实资料已明确排除。,由共享基础引擎、M2-TEMPO与M3功能模块提供；只修正用户能够承载怎样的推进、联系、共同时间、负荷与恢复节奏，不直接判断现实关系一定同步。,M2说明进入关系前的确认节奏；M5-RHYTHM只处理关系进入认真阶段以后，双方怎样持续协调推进与生活节奏。,M3-BASE、EXPR、CARE、BOUND、CONFLICT提供日常相处和状态通道；M5-RHYTHM负责把双方时间、负荷、联系、空间与恢复合成为长期节奏结构。,无／按本规则指定的提议—观察—同意—执行—反馈—调整—恢复路径路由。,近位、远位只修正某项节奏需求进入亲密关系核心的可能；不得据此判断具体对象现实中一定快、慢、黏、疏或稳定。,根气只修正节奏需求是否稳定重复，不等于双方现实节奏已成熟协调。,旺弱只修正某项推进、联系、共享、变化或恢复通道的调用强度，不直接等于适配质量。,喜忌只修正节奏调用顺畅度与摩擦，不可直接翻译为某种五行、十神或对象类型必然适合。,真合化成立时按化神功能重算节奏需要；合化争议时停止细化节奏画像。,近位提高该节奏议题进入关系核心的可能；远位只保留背景或阶段性观察。,95,HB风险 +12,pseudo_rhythm_warning,双方都爱高频或低频，就判断生活节奏一定适配。,频率相同只是一个维度，不等于整体节奏适配。,不得仅凭本规则推出具体日期、交往时长、多久结婚、联系次数、见面频率或关系结果；不得把快等同冲动、慢等同冷淡、高频等同亲密、低频等同不爱。现实安全、双方同意、持续行为、生活条件、反例与协商优先。,高,待验证,,rhythm_misread=HB05; provisional=true; rule_group=RHYTHM-HB误读; M3_STATE_pending=true,0.7
M5-RHYTHM-346,HB05 相同频率等于节奏同频｜证据缺口,L6 节奏误读与伪适配,RHYTHM-HB误读,通用,证据,HB05,相同频率等于节奏同频,准备判断节奏一致、错配、高低频或推进适配。,对应HO和HD已跨领域验证。,由共享基础引擎、M2-TEMPO与M3功能模块提供；只修正用户能够承载怎样的推进、联系、共同时间、负荷与恢复节奏，不直接判断现实关系一定同步。,M2说明进入关系前的确认节奏；M5-RHYTHM只处理关系进入认真阶段以后，双方怎样持续协调推进与生活节奏。,M3-BASE、EXPR、CARE、BOUND、CONFLICT提供日常相处和状态通道；M5-RHYTHM负责把双方时间、负荷、联系、空间与恢复合成为长期节奏结构。,无／按本规则指定的提议—观察—同意—执行—反馈—调整—恢复路径路由。,近位、远位只修正某项节奏需求进入亲密关系核心的可能；不得据此判断具体对象现实中一定快、慢、黏、疏或稳定。,根气只修正节奏需求是否稳定重复，不等于双方现实节奏已成熟协调。,旺弱只修正某项推进、联系、共享、变化或恢复通道的调用强度，不直接等于适配质量。,喜忌只修正节奏调用顺畅度与摩擦，不可直接翻译为某种五行、十神或对象类型必然适合。,真合化成立时按化神功能重算节奏需要；合化争议时停止细化节奏画像。,近位提高该节奏议题进入关系核心的可能；远位只保留背景或阶段性观察。,90,-12／停止升级,counterevidence,补看负荷、空间、承诺、变化和恢复。,需要补看：补看负荷、空间、承诺、变化和恢复。,不得仅凭本规则推出具体日期、交往时长、多久结婚、联系次数、见面频率或关系结果；不得把快等同冲动、慢等同冷淡、高频等同亲密、低频等同不爱。现实安全、双方同意、持续行为、生活条件、反例与协商优先。,中高,待验证,,rhythm_misread=HB05; provisional=true; rule_group=RHYTHM-HB误读; M3_STATE_pending=true,0.7
M5-RHYTHM-347,HB05 相同频率等于节奏同频｜纠偏与观察,L6 节奏误读与伪适配,RHYTHM-HB误读,通用,路由,HB05,相同频率等于节奏同频,HB候选成立。,PR0安全事件优先停止。,由共享基础引擎、M2-TEMPO与M3功能模块提供；只修正用户能够承载怎样的推进、联系、共同时间、负荷与恢复节奏，不直接判断现实关系一定同步。,M2说明进入关系前的确认节奏；M5-RHYTHM只处理关系进入认真阶段以后，双方怎样持续协调推进与生活节奏。,M3-BASE、EXPR、CARE、BOUND、CONFLICT提供日常相处和状态通道；M5-RHYTHM负责把双方时间、负荷、联系、空间与恢复合成为长期节奏结构。,无／按本规则指定的提议—观察—同意—执行—反馈—调整—恢复路径路由。,近位、远位只修正某项节奏需求进入亲密关系核心的可能；不得据此判断具体对象现实中一定快、慢、黏、疏或稳定。,根气只修正节奏需求是否稳定重复，不等于双方现实节奏已成熟协调。,旺弱只修正某项推进、联系、共享、变化或恢复通道的调用强度，不直接等于适配质量。,喜忌只修正节奏调用顺畅度与摩擦，不可直接翻译为某种五行、十神或对象类型必然适合。,真合化成立时按化神功能重算节奏需要；合化争议时停止细化节奏画像。,近位提高该节奏议题进入关系核心的可能；远位只保留背景或阶段性观察。,84,不加分；观察路由,observation_plan,补看负荷、空间、承诺、变化和恢复。,纠偏时要：补看负荷、空间、承诺、变化和恢复。,不得仅凭本规则推出具体日期、交往时长、多久结婚、联系次数、见面频率或关系结果；不得把快等同冲动、慢等同冷淡、高频等同亲密、低频等同不爱。现实安全、双方同意、持续行为、生活条件、反例与协商优先。,中高,待验证,,rhythm_misread=HB05; provisional=true; rule_group=RHYTHM-HB误读; M3_STATE_pending=true,0.7
M5-RHYTHM-348,HB05 相同频率等于节奏同频｜用户解释,L6 节奏误读与伪适配,RHYTHM-HB误读,通用,输出,HB05,相同频率等于节奏同频,完成HB判断。,资料不足以区分。,由共享基础引擎、M2-TEMPO与M3功能模块提供；只修正用户能够承载怎样的推进、联系、共同时间、负荷与恢复节奏，不直接判断现实关系一定同步。,M2说明进入关系前的确认节奏；M5-RHYTHM只处理关系进入认真阶段以后，双方怎样持续协调推进与生活节奏。,M3-BASE、EXPR、CARE、BOUND、CONFLICT提供日常相处和状态通道；M5-RHYTHM负责把双方时间、负荷、联系、空间与恢复合成为长期节奏结构。,无／按本规则指定的提议—观察—同意—执行—反馈—调整—恢复路径路由。,近位、远位只修正某项节奏需求进入亲密关系核心的可能；不得据此判断具体对象现实中一定快、慢、黏、疏或稳定。,根气只修正节奏需求是否稳定重复，不等于双方现实节奏已成熟协调。,旺弱只修正某项推进、联系、共享、变化或恢复通道的调用强度，不直接等于适配质量。,喜忌只修正节奏调用顺畅度与摩擦，不可直接翻译为某种五行、十神或对象类型必然适合。,真合化成立时按化神功能重算节奏需要；合化争议时停止细化节奏画像。,近位提高该节奏议题进入关系核心的可能；远位只保留背景或阶段性观察。,76,不加分；输出,report_text,频率相同只是一个维度，不等于整体节奏适配。,频率相同只是一个维度，不等于整体节奏适配。,不得仅凭本规则推出具体日期、交往时长、多久结婚、联系次数、见面频率或关系结果；不得把快等同冲动、慢等同冷淡、高频等同亲密、低频等同不爱。现实安全、双方同意、持续行为、生活条件、反例与协商优先。,中高,待验证,,rhythm_misread=HB05; provisional=true; rule_group=RHYTHM-HB误读; M3_STATE_pending=true,0.7
M5-RHYTHM-349,HB06 不同频率等于必然不适配｜正式定义,L6 节奏误读与伪适配,RHYTHM-HB误读,通用,误读,HB06,不同频率等于必然不适配,出现相关节奏判断偏差或现实争议。,HV6—HV7现实资料已明确排除。,由共享基础引擎、M2-TEMPO与M3功能模块提供；只修正用户能够承载怎样的推进、联系、共同时间、负荷与恢复节奏，不直接判断现实关系一定同步。,M2说明进入关系前的确认节奏；M5-RHYTHM只处理关系进入认真阶段以后，双方怎样持续协调推进与生活节奏。,M3-BASE、EXPR、CARE、BOUND、CONFLICT提供日常相处和状态通道；M5-RHYTHM负责把双方时间、负荷、联系、空间与恢复合成为长期节奏结构。,无／按本规则指定的提议—观察—同意—执行—反馈—调整—恢复路径路由。,近位、远位只修正某项节奏需求进入亲密关系核心的可能；不得据此判断具体对象现实中一定快、慢、黏、疏或稳定。,根气只修正节奏需求是否稳定重复，不等于双方现实节奏已成熟协调。,旺弱只修正某项推进、联系、共享、变化或恢复通道的调用强度，不直接等于适配质量。,喜忌只修正节奏调用顺畅度与摩擦，不可直接翻译为某种五行、十神或对象类型必然适合。,真合化成立时按化神功能重算节奏需要；合化争议时停止细化节奏画像。,近位提高该节奏议题进入关系核心的可能；远位只保留背景或阶段性观察。,95,HB风险 +12,pseudo_rhythm_warning,双方联系和空间需求不同，就判断关系无法持续。,差异本身不是问题，无法协商才是问题。,不得仅凭本规则推出具体日期、交往时长、多久结婚、联系次数、见面频率或关系结果；不得把快等同冲动、慢等同冷淡、高频等同亲密、低频等同不爱。现实安全、双方同意、持续行为、生活条件、反例与协商优先。,高,待验证,,rhythm_misread=HB06; provisional=true; rule_group=RHYTHM-HB误读; M3_STATE_pending=true,0.7
M5-RHYTHM-350,HB06 不同频率等于必然不适配｜证据缺口,L6 节奏误读与伪适配,RHYTHM-HB误读,通用,证据,HB06,不同频率等于必然不适配,准备判断节奏一致、错配、高低频或推进适配。,对应HO和HD已跨领域验证。,由共享基础引擎、M2-TEMPO与M3功能模块提供；只修正用户能够承载怎样的推进、联系、共同时间、负荷与恢复节奏，不直接判断现实关系一定同步。,M2说明进入关系前的确认节奏；M5-RHYTHM只处理关系进入认真阶段以后，双方怎样持续协调推进与生活节奏。,M3-BASE、EXPR、CARE、BOUND、CONFLICT提供日常相处和状态通道；M5-RHYTHM负责把双方时间、负荷、联系、空间与恢复合成为长期节奏结构。,无／按本规则指定的提议—观察—同意—执行—反馈—调整—恢复路径路由。,近位、远位只修正某项节奏需求进入亲密关系核心的可能；不得据此判断具体对象现实中一定快、慢、黏、疏或稳定。,根气只修正节奏需求是否稳定重复，不等于双方现实节奏已成熟协调。,旺弱只修正某项推进、联系、共享、变化或恢复通道的调用强度，不直接等于适配质量。,喜忌只修正节奏调用顺畅度与摩擦，不可直接翻译为某种五行、十神或对象类型必然适合。,真合化成立时按化神功能重算节奏需要；合化争议时停止细化节奏画像。,近位提高该节奏议题进入关系核心的可能；远位只保留背景或阶段性观察。,90,-12／停止升级,counterevidence,检查是否能协商最低标准、变化通知和回归。,需要补看：检查是否能协商最低标准、变化通知和回归。,不得仅凭本规则推出具体日期、交往时长、多久结婚、联系次数、见面频率或关系结果；不得把快等同冲动、慢等同冷淡、高频等同亲密、低频等同不爱。现实安全、双方同意、持续行为、生活条件、反例与协商优先。,中高,待验证,,rhythm_misread=HB06; provisional=true; rule_group=RHYTHM-HB误读; M3_STATE_pending=true,0.7
M5-RHYTHM-351,HB06 不同频率等于必然不适配｜纠偏与观察,L6 节奏误读与伪适配,RHYTHM-HB误读,通用,路由,HB06,不同频率等于必然不适配,HB候选成立。,PR0安全事件优先停止。,由共享基础引擎、M2-TEMPO与M3功能模块提供；只修正用户能够承载怎样的推进、联系、共同时间、负荷与恢复节奏，不直接判断现实关系一定同步。,M2说明进入关系前的确认节奏；M5-RHYTHM只处理关系进入认真阶段以后，双方怎样持续协调推进与生活节奏。,M3-BASE、EXPR、CARE、BOUND、CONFLICT提供日常相处和状态通道；M5-RHYTHM负责把双方时间、负荷、联系、空间与恢复合成为长期节奏结构。,无／按本规则指定的提议—观察—同意—执行—反馈—调整—恢复路径路由。,近位、远位只修正某项节奏需求进入亲密关系核心的可能；不得据此判断具体对象现实中一定快、慢、黏、疏或稳定。,根气只修正节奏需求是否稳定重复，不等于双方现实节奏已成熟协调。,旺弱只修正某项推进、联系、共享、变化或恢复通道的调用强度，不直接等于适配质量。,喜忌只修正节奏调用顺畅度与摩擦，不可直接翻译为某种五行、十神或对象类型必然适合。,真合化成立时按化神功能重算节奏需要；合化争议时停止细化节奏画像。,近位提高该节奏议题进入关系核心的可能；远位只保留背景或阶段性观察。,84,不加分；观察路由,observation_plan,检查是否能协商最低标准、变化通知和回归。,纠偏时要：检查是否能协商最低标准、变化通知和回归。,不得仅凭本规则推出具体日期、交往时长、多久结婚、联系次数、见面频率或关系结果；不得把快等同冲动、慢等同冷淡、高频等同亲密、低频等同不爱。现实安全、双方同意、持续行为、生活条件、反例与协商优先。,中高,待验证,,rhythm_misread=HB06; provisional=true; rule_group=RHYTHM-HB误读; M3_STATE_pending=true,0.7
M5-RHYTHM-352,HB06 不同频率等于必然不适配｜用户解释,L6 节奏误读与伪适配,RHYTHM-HB误读,通用,输出,HB06,不同频率等于必然不适配,完成HB判断。,资料不足以区分。,由共享基础引擎、M2-TEMPO与M3功能模块提供；只修正用户能够承载怎样的推进、联系、共同时间、负荷与恢复节奏，不直接判断现实关系一定同步。,M2说明进入关系前的确认节奏；M5-RHYTHM只处理关系进入认真阶段以后，双方怎样持续协调推进与生活节奏。,M3-BASE、EXPR、CARE、BOUND、CONFLICT提供日常相处和状态通道；M5-RHYTHM负责把双方时间、负荷、联系、空间与恢复合成为长期节奏结构。,无／按本规则指定的提议—观察—同意—执行—反馈—调整—恢复路径路由。,近位、远位只修正某项节奏需求进入亲密关系核心的可能；不得据此判断具体对象现实中一定快、慢、黏、疏或稳定。,根气只修正节奏需求是否稳定重复，不等于双方现实节奏已成熟协调。,旺弱只修正某项推进、联系、共享、变化或恢复通道的调用强度，不直接等于适配质量。,喜忌只修正节奏调用顺畅度与摩擦，不可直接翻译为某种五行、十神或对象类型必然适合。,真合化成立时按化神功能重算节奏需要；合化争议时停止细化节奏画像。,近位提高该节奏议题进入关系核心的可能；远位只保留背景或阶段性观察。,76,不加分；输出,report_text,差异本身不是问题，无法协商才是问题。,差异本身不是问题，无法协商才是问题。,不得仅凭本规则推出具体日期、交往时长、多久结婚、联系次数、见面频率或关系结果；不得把快等同冲动、慢等同冷淡、高频等同亲密、低频等同不爱。现实安全、双方同意、持续行为、生活条件、反例与协商优先。,中高,待验证,,rhythm_misread=HB06; provisional=true; rule_group=RHYTHM-HB误读; M3_STATE_pending=true,0.7
M5-RHYTHM-353,HB07 新鲜感等于长期活力｜正式定义,L6 节奏误读与伪适配,RHYTHM-HB误读,通用,误读,HB07,新鲜感等于长期活力,出现相关节奏判断偏差或现实争议。,HV6—HV7现实资料已明确排除。,由共享基础引擎、M2-TEMPO与M3功能模块提供；只修正用户能够承载怎样的推进、联系、共同时间、负荷与恢复节奏，不直接判断现实关系一定同步。,M2说明进入关系前的确认节奏；M5-RHYTHM只处理关系进入认真阶段以后，双方怎样持续协调推进与生活节奏。,M3-BASE、EXPR、CARE、BOUND、CONFLICT提供日常相处和状态通道；M5-RHYTHM负责把双方时间、负荷、联系、空间与恢复合成为长期节奏结构。,无／按本规则指定的提议—观察—同意—执行—反馈—调整—恢复路径路由。,近位、远位只修正某项节奏需求进入亲密关系核心的可能；不得据此判断具体对象现实中一定快、慢、黏、疏或稳定。,根气只修正节奏需求是否稳定重复，不等于双方现实节奏已成熟协调。,旺弱只修正某项推进、联系、共享、变化或恢复通道的调用强度，不直接等于适配质量。,喜忌只修正节奏调用顺畅度与摩擦，不可直接翻译为某种五行、十神或对象类型必然适合。,真合化成立时按化神功能重算节奏需要；合化争议时停止细化节奏画像。,近位提高该节奏议题进入关系核心的可能；远位只保留背景或阶段性观察。,95,HB风险 +12,pseudo_rhythm_warning,共同体验多、关系有趣，就判断以后不会沉闷或失衡。,新鲜感能启动活力，但长期需要稳定承载。,不得仅凭本规则推出具体日期、交往时长、多久结婚、联系次数、见面频率或关系结果；不得把快等同冲动、慢等同冷淡、高频等同亲密、低频等同不爱。现实安全、双方同意、持续行为、生活条件、反例与协商优先。,高,待验证,,rhythm_misread=HB07; provisional=true; rule_group=RHYTHM-HB误读; M3_STATE_pending=true,0.7
M5-RHYTHM-354,HB07 新鲜感等于长期活力｜证据缺口,L6 节奏误读与伪适配,RHYTHM-HB误读,通用,证据,HB07,新鲜感等于长期活力,准备判断节奏一致、错配、高低频或推进适配。,对应HO和HD已跨领域验证。,由共享基础引擎、M2-TEMPO与M3功能模块提供；只修正用户能够承载怎样的推进、联系、共同时间、负荷与恢复节奏，不直接判断现实关系一定同步。,M2说明进入关系前的确认节奏；M5-RHYTHM只处理关系进入认真阶段以后，双方怎样持续协调推进与生活节奏。,M3-BASE、EXPR、CARE、BOUND、CONFLICT提供日常相处和状态通道；M5-RHYTHM负责把双方时间、负荷、联系、空间与恢复合成为长期节奏结构。,无／按本规则指定的提议—观察—同意—执行—反馈—调整—恢复路径路由。,近位、远位只修正某项节奏需求进入亲密关系核心的可能；不得据此判断具体对象现实中一定快、慢、黏、疏或稳定。,根气只修正节奏需求是否稳定重复，不等于双方现实节奏已成熟协调。,旺弱只修正某项推进、联系、共享、变化或恢复通道的调用强度，不直接等于适配质量。,喜忌只修正节奏调用顺畅度与摩擦，不可直接翻译为某种五行、十神或对象类型必然适合。,真合化成立时按化神功能重算节奏需要；合化争议时停止细化节奏画像。,近位提高该节奏议题进入关系核心的可能；远位只保留背景或阶段性观察。,90,-12／停止升级,counterevidence,检查体验后是否落地为日常、责任和计划。,需要补看：检查体验后是否落地为日常、责任和计划。,不得仅凭本规则推出具体日期、交往时长、多久结婚、联系次数、见面频率或关系结果；不得把快等同冲动、慢等同冷淡、高频等同亲密、低频等同不爱。现实安全、双方同意、持续行为、生活条件、反例与协商优先。,中高,待验证,,rhythm_misread=HB07; provisional=true; rule_group=RHYTHM-HB误读; M3_STATE_pending=true,0.7
M5-RHYTHM-355,HB07 新鲜感等于长期活力｜纠偏与观察,L6 节奏误读与伪适配,RHYTHM-HB误读,通用,路由,HB07,新鲜感等于长期活力,HB候选成立。,PR0安全事件优先停止。,由共享基础引擎、M2-TEMPO与M3功能模块提供；只修正用户能够承载怎样的推进、联系、共同时间、负荷与恢复节奏，不直接判断现实关系一定同步。,M2说明进入关系前的确认节奏；M5-RHYTHM只处理关系进入认真阶段以后，双方怎样持续协调推进与生活节奏。,M3-BASE、EXPR、CARE、BOUND、CONFLICT提供日常相处和状态通道；M5-RHYTHM负责把双方时间、负荷、联系、空间与恢复合成为长期节奏结构。,无／按本规则指定的提议—观察—同意—执行—反馈—调整—恢复路径路由。,近位、远位只修正某项节奏需求进入亲密关系核心的可能；不得据此判断具体对象现实中一定快、慢、黏、疏或稳定。,根气只修正节奏需求是否稳定重复，不等于双方现实节奏已成熟协调。,旺弱只修正某项推进、联系、共享、变化或恢复通道的调用强度，不直接等于适配质量。,喜忌只修正节奏调用顺畅度与摩擦，不可直接翻译为某种五行、十神或对象类型必然适合。,真合化成立时按化神功能重算节奏需要；合化争议时停止细化节奏画像。,近位提高该节奏议题进入关系核心的可能；远位只保留背景或阶段性观察。,84,不加分；观察路由,observation_plan,检查体验后是否落地为日常、责任和计划。,纠偏时要：检查体验后是否落地为日常、责任和计划。,不得仅凭本规则推出具体日期、交往时长、多久结婚、联系次数、见面频率或关系结果；不得把快等同冲动、慢等同冷淡、高频等同亲密、低频等同不爱。现实安全、双方同意、持续行为、生活条件、反例与协商优先。,中高,待验证,,rhythm_misread=HB07; provisional=true; rule_group=RHYTHM-HB误读; M3_STATE_pending=true,0.7
M5-RHYTHM-356,HB07 新鲜感等于长期活力｜用户解释,L6 节奏误读与伪适配,RHYTHM-HB误读,通用,输出,HB07,新鲜感等于长期活力,完成HB判断。,资料不足以区分。,由共享基础引擎、M2-TEMPO与M3功能模块提供；只修正用户能够承载怎样的推进、联系、共同时间、负荷与恢复节奏，不直接判断现实关系一定同步。,M2说明进入关系前的确认节奏；M5-RHYTHM只处理关系进入认真阶段以后，双方怎样持续协调推进与生活节奏。,M3-BASE、EXPR、CARE、BOUND、CONFLICT提供日常相处和状态通道；M5-RHYTHM负责把双方时间、负荷、联系、空间与恢复合成为长期节奏结构。,无／按本规则指定的提议—观察—同意—执行—反馈—调整—恢复路径路由。,近位、远位只修正某项节奏需求进入亲密关系核心的可能；不得据此判断具体对象现实中一定快、慢、黏、疏或稳定。,根气只修正节奏需求是否稳定重复，不等于双方现实节奏已成熟协调。,旺弱只修正某项推进、联系、共享、变化或恢复通道的调用强度，不直接等于适配质量。,喜忌只修正节奏调用顺畅度与摩擦，不可直接翻译为某种五行、十神或对象类型必然适合。,真合化成立时按化神功能重算节奏需要；合化争议时停止细化节奏画像。,近位提高该节奏议题进入关系核心的可能；远位只保留背景或阶段性观察。,76,不加分；输出,report_text,新鲜感能启动活力，但长期需要稳定承载。,新鲜感能启动活力，但长期需要稳定承载。,不得仅凭本规则推出具体日期、交往时长、多久结婚、联系次数、见面频率或关系结果；不得把快等同冲动、慢等同冷淡、高频等同亲密、低频等同不爱。现实安全、双方同意、持续行为、生活条件、反例与协商优先。,中高,待验证,,rhythm_misread=HB07; provisional=true; rule_group=RHYTHM-HB误读; M3_STATE_pending=true,0.7
M5-RHYTHM-357,HB08 稳定等于沉闷缺乏吸引｜正式定义,L6 节奏误读与伪适配,RHYTHM-HB误读,通用,误读,HB08,稳定等于沉闷缺乏吸引,出现相关节奏判断偏差或现实争议。,HV6—HV7现实资料已明确排除。,由共享基础引擎、M2-TEMPO与M3功能模块提供；只修正用户能够承载怎样的推进、联系、共同时间、负荷与恢复节奏，不直接判断现实关系一定同步。,M2说明进入关系前的确认节奏；M5-RHYTHM只处理关系进入认真阶段以后，双方怎样持续协调推进与生活节奏。,M3-BASE、EXPR、CARE、BOUND、CONFLICT提供日常相处和状态通道；M5-RHYTHM负责把双方时间、负荷、联系、空间与恢复合成为长期节奏结构。,无／按本规则指定的提议—观察—同意—执行—反馈—调整—恢复路径路由。,近位、远位只修正某项节奏需求进入亲密关系核心的可能；不得据此判断具体对象现实中一定快、慢、黏、疏或稳定。,根气只修正节奏需求是否稳定重复，不等于双方现实节奏已成熟协调。,旺弱只修正某项推进、联系、共享、变化或恢复通道的调用强度，不直接等于适配质量。,喜忌只修正节奏调用顺畅度与摩擦，不可直接翻译为某种五行、十神或对象类型必然适合。,真合化成立时按化神功能重算节奏需要；合化争议时停止细化节奏画像。,近位提高该节奏议题进入关系核心的可能；远位只保留背景或阶段性观察。,95,HB风险 +12,pseudo_rhythm_warning,规律联系和固定日常被理解为关系没有感觉。,稳定不必沉闷，关键是是否还能调整和创造体验。,不得仅凭本规则推出具体日期、交往时长、多久结婚、联系次数、见面频率或关系结果；不得把快等同冲动、慢等同冷淡、高频等同亲密、低频等同不爱。现实安全、双方同意、持续行为、生活条件、反例与协商优先。,高,待验证,,rhythm_misread=HB08; provisional=true; rule_group=RHYTHM-HB误读; M3_STATE_pending=true,0.7
M5-RHYTHM-358,HB08 稳定等于沉闷缺乏吸引｜证据缺口,L6 节奏误读与伪适配,RHYTHM-HB误读,通用,证据,HB08,稳定等于沉闷缺乏吸引,准备判断节奏一致、错配、高低频或推进适配。,对应HO和HD已跨领域验证。,由共享基础引擎、M2-TEMPO与M3功能模块提供；只修正用户能够承载怎样的推进、联系、共同时间、负荷与恢复节奏，不直接判断现实关系一定同步。,M2说明进入关系前的确认节奏；M5-RHYTHM只处理关系进入认真阶段以后，双方怎样持续协调推进与生活节奏。,M3-BASE、EXPR、CARE、BOUND、CONFLICT提供日常相处和状态通道；M5-RHYTHM负责把双方时间、负荷、联系、空间与恢复合成为长期节奏结构。,无／按本规则指定的提议—观察—同意—执行—反馈—调整—恢复路径路由。,近位、远位只修正某项节奏需求进入亲密关系核心的可能；不得据此判断具体对象现实中一定快、慢、黏、疏或稳定。,根气只修正节奏需求是否稳定重复，不等于双方现实节奏已成熟协调。,旺弱只修正某项推进、联系、共享、变化或恢复通道的调用强度，不直接等于适配质量。,喜忌只修正节奏调用顺畅度与摩擦，不可直接翻译为某种五行、十神或对象类型必然适合。,真合化成立时按化神功能重算节奏需要；合化争议时停止细化节奏画像。,近位提高该节奏议题进入关系核心的可能；远位只保留背景或阶段性观察。,90,-12／停止升级,counterevidence,检查稳定中是否保留变化、选择和成长。,需要补看：检查稳定中是否保留变化、选择和成长。,不得仅凭本规则推出具体日期、交往时长、多久结婚、联系次数、见面频率或关系结果；不得把快等同冲动、慢等同冷淡、高频等同亲密、低频等同不爱。现实安全、双方同意、持续行为、生活条件、反例与协商优先。,中高,待验证,,rhythm_misread=HB08; provisional=true; rule_group=RHYTHM-HB误读; M3_STATE_pending=true,0.7
M5-RHYTHM-359,HB08 稳定等于沉闷缺乏吸引｜纠偏与观察,L6 节奏误读与伪适配,RHYTHM-HB误读,通用,路由,HB08,稳定等于沉闷缺乏吸引,HB候选成立。,PR0安全事件优先停止。,由共享基础引擎、M2-TEMPO与M3功能模块提供；只修正用户能够承载怎样的推进、联系、共同时间、负荷与恢复节奏，不直接判断现实关系一定同步。,M2说明进入关系前的确认节奏；M5-RHYTHM只处理关系进入认真阶段以后，双方怎样持续协调推进与生活节奏。,M3-BASE、EXPR、CARE、BOUND、CONFLICT提供日常相处和状态通道；M5-RHYTHM负责把双方时间、负荷、联系、空间与恢复合成为长期节奏结构。,无／按本规则指定的提议—观察—同意—执行—反馈—调整—恢复路径路由。,近位、远位只修正某项节奏需求进入亲密关系核心的可能；不得据此判断具体对象现实中一定快、慢、黏、疏或稳定。,根气只修正节奏需求是否稳定重复，不等于双方现实节奏已成熟协调。,旺弱只修正某项推进、联系、共享、变化或恢复通道的调用强度，不直接等于适配质量。,喜忌只修正节奏调用顺畅度与摩擦，不可直接翻译为某种五行、十神或对象类型必然适合。,真合化成立时按化神功能重算节奏需要；合化争议时停止细化节奏画像。,近位提高该节奏议题进入关系核心的可能；远位只保留背景或阶段性观察。,84,不加分；观察路由,observation_plan,检查稳定中是否保留变化、选择和成长。,纠偏时要：检查稳定中是否保留变化、选择和成长。,不得仅凭本规则推出具体日期、交往时长、多久结婚、联系次数、见面频率或关系结果；不得把快等同冲动、慢等同冷淡、高频等同亲密、低频等同不爱。现实安全、双方同意、持续行为、生活条件、反例与协商优先。,中高,待验证,,rhythm_misread=HB08; provisional=true; rule_group=RHYTHM-HB误读; M3_STATE_pending=true,0.7
M5-RHYTHM-360,HB08 稳定等于沉闷缺乏吸引｜用户解释,L6 节奏误读与伪适配,RHYTHM-HB误读,通用,输出,HB08,稳定等于沉闷缺乏吸引,完成HB判断。,资料不足以区分。,由共享基础引擎、M2-TEMPO与M3功能模块提供；只修正用户能够承载怎样的推进、联系、共同时间、负荷与恢复节奏，不直接判断现实关系一定同步。,M2说明进入关系前的确认节奏；M5-RHYTHM只处理关系进入认真阶段以后，双方怎样持续协调推进与生活节奏。,M3-BASE、EXPR、CARE、BOUND、CONFLICT提供日常相处和状态通道；M5-RHYTHM负责把双方时间、负荷、联系、空间与恢复合成为长期节奏结构。,无／按本规则指定的提议—观察—同意—执行—反馈—调整—恢复路径路由。,近位、远位只修正某项节奏需求进入亲密关系核心的可能；不得据此判断具体对象现实中一定快、慢、黏、疏或稳定。,根气只修正节奏需求是否稳定重复，不等于双方现实节奏已成熟协调。,旺弱只修正某项推进、联系、共享、变化或恢复通道的调用强度，不直接等于适配质量。,喜忌只修正节奏调用顺畅度与摩擦，不可直接翻译为某种五行、十神或对象类型必然适合。,真合化成立时按化神功能重算节奏需要；合化争议时停止细化节奏画像。,近位提高该节奏议题进入关系核心的可能；远位只保留背景或阶段性观察。,76,不加分；输出,report_text,稳定不必沉闷，关键是是否还能调整和创造体验。,稳定不必沉闷，关键是是否还能调整和创造体验。,不得仅凭本规则推出具体日期、交往时长、多久结婚、联系次数、见面频率或关系结果；不得把快等同冲动、慢等同冷淡、高频等同亲密、低频等同不爱。现实安全、双方同意、持续行为、生活条件、反例与协商优先。,中高,待验证,,rhythm_misread=HB08; provisional=true; rule_group=RHYTHM-HB误读; M3_STATE_pending=true,0.7
M5-RHYTHM-361,HB09 共同时长等于亲密质量｜正式定义,L6 节奏误读与伪适配,RHYTHM-HB误读,通用,误读,HB09,共同时长等于亲密质量,出现相关节奏判断偏差或现实争议。,HV6—HV7现实资料已明确排除。,由共享基础引擎、M2-TEMPO与M3功能模块提供；只修正用户能够承载怎样的推进、联系、共同时间、负荷与恢复节奏，不直接判断现实关系一定同步。,M2说明进入关系前的确认节奏；M5-RHYTHM只处理关系进入认真阶段以后，双方怎样持续协调推进与生活节奏。,M3-BASE、EXPR、CARE、BOUND、CONFLICT提供日常相处和状态通道；M5-RHYTHM负责把双方时间、负荷、联系、空间与恢复合成为长期节奏结构。,无／按本规则指定的提议—观察—同意—执行—反馈—调整—恢复路径路由。,近位、远位只修正某项节奏需求进入亲密关系核心的可能；不得据此判断具体对象现实中一定快、慢、黏、疏或稳定。,根气只修正节奏需求是否稳定重复，不等于双方现实节奏已成熟协调。,旺弱只修正某项推进、联系、共享、变化或恢复通道的调用强度，不直接等于适配质量。,喜忌只修正节奏调用顺畅度与摩擦，不可直接翻译为某种五行、十神或对象类型必然适合。,真合化成立时按化神功能重算节奏需要；合化争议时停止细化节奏画像。,近位提高该节奏议题进入关系核心的可能；远位只保留背景或阶段性观察。,95,HB风险 +12,pseudo_rhythm_warning,相处时间长、同居或一直在一起，就判断连接很深。,时间多不等于连接好，也不能替代个人恢复。,不得仅凭本规则推出具体日期、交往时长、多久结婚、联系次数、见面频率或关系结果；不得把快等同冲动、慢等同冷淡、高频等同亲密、低频等同不爱。现实安全、双方同意、持续行为、生活条件、反例与协商优先。,高,待验证,,rhythm_misread=HB09; provisional=true; rule_group=RHYTHM-HB误读; M3_STATE_pending=true,0.7
M5-RHYTHM-362,HB09 共同时长等于亲密质量｜证据缺口,L6 节奏误读与伪适配,RHYTHM-HB误读,通用,证据,HB09,共同时长等于亲密质量,准备判断节奏一致、错配、高低频或推进适配。,对应HO和HD已跨领域验证。,由共享基础引擎、M2-TEMPO与M3功能模块提供；只修正用户能够承载怎样的推进、联系、共同时间、负荷与恢复节奏，不直接判断现实关系一定同步。,M2说明进入关系前的确认节奏；M5-RHYTHM只处理关系进入认真阶段以后，双方怎样持续协调推进与生活节奏。,M3-BASE、EXPR、CARE、BOUND、CONFLICT提供日常相处和状态通道；M5-RHYTHM负责把双方时间、负荷、联系、空间与恢复合成为长期节奏结构。,无／按本规则指定的提议—观察—同意—执行—反馈—调整—恢复路径路由。,近位、远位只修正某项节奏需求进入亲密关系核心的可能；不得据此判断具体对象现实中一定快、慢、黏、疏或稳定。,根气只修正节奏需求是否稳定重复，不等于双方现实节奏已成熟协调。,旺弱只修正某项推进、联系、共享、变化或恢复通道的调用强度，不直接等于适配质量。,喜忌只修正节奏调用顺畅度与摩擦，不可直接翻译为某种五行、十神或对象类型必然适合。,真合化成立时按化神功能重算节奏需要；合化争议时停止细化节奏画像。,近位提高该节奏议题进入关系核心的可能；远位只保留背景或阶段性观察。,90,-12／停止升级,counterevidence,检查互动质量、个人空间、反馈和共同责任。,需要补看：检查互动质量、个人空间、反馈和共同责任。,不得仅凭本规则推出具体日期、交往时长、多久结婚、联系次数、见面频率或关系结果；不得把快等同冲动、慢等同冷淡、高频等同亲密、低频等同不爱。现实安全、双方同意、持续行为、生活条件、反例与协商优先。,中高,待验证,,rhythm_misread=HB09; provisional=true; rule_group=RHYTHM-HB误读; M3_STATE_pending=true,0.7
M5-RHYTHM-363,HB09 共同时长等于亲密质量｜纠偏与观察,L6 节奏误读与伪适配,RHYTHM-HB误读,通用,路由,HB09,共同时长等于亲密质量,HB候选成立。,PR0安全事件优先停止。,由共享基础引擎、M2-TEMPO与M3功能模块提供；只修正用户能够承载怎样的推进、联系、共同时间、负荷与恢复节奏，不直接判断现实关系一定同步。,M2说明进入关系前的确认节奏；M5-RHYTHM只处理关系进入认真阶段以后，双方怎样持续协调推进与生活节奏。,M3-BASE、EXPR、CARE、BOUND、CONFLICT提供日常相处和状态通道；M5-RHYTHM负责把双方时间、负荷、联系、空间与恢复合成为长期节奏结构。,无／按本规则指定的提议—观察—同意—执行—反馈—调整—恢复路径路由。,近位、远位只修正某项节奏需求进入亲密关系核心的可能；不得据此判断具体对象现实中一定快、慢、黏、疏或稳定。,根气只修正节奏需求是否稳定重复，不等于双方现实节奏已成熟协调。,旺弱只修正某项推进、联系、共享、变化或恢复通道的调用强度，不直接等于适配质量。,喜忌只修正节奏调用顺畅度与摩擦，不可直接翻译为某种五行、十神或对象类型必然适合。,真合化成立时按化神功能重算节奏需要；合化争议时停止细化节奏画像。,近位提高该节奏议题进入关系核心的可能；远位只保留背景或阶段性观察。,84,不加分；观察路由,observation_plan,检查互动质量、个人空间、反馈和共同责任。,纠偏时要：检查互动质量、个人空间、反馈和共同责任。,不得仅凭本规则推出具体日期、交往时长、多久结婚、联系次数、见面频率或关系结果；不得把快等同冲动、慢等同冷淡、高频等同亲密、低频等同不爱。现实安全、双方同意、持续行为、生活条件、反例与协商优先。,中高,待验证,,rhythm_misread=HB09; provisional=true; rule_group=RHYTHM-HB误读; M3_STATE_pending=true,0.7
M5-RHYTHM-364,HB09 共同时长等于亲密质量｜用户解释,L6 节奏误读与伪适配,RHYTHM-HB误读,通用,输出,HB09,共同时长等于亲密质量,完成HB判断。,资料不足以区分。,由共享基础引擎、M2-TEMPO与M3功能模块提供；只修正用户能够承载怎样的推进、联系、共同时间、负荷与恢复节奏，不直接判断现实关系一定同步。,M2说明进入关系前的确认节奏；M5-RHYTHM只处理关系进入认真阶段以后，双方怎样持续协调推进与生活节奏。,M3-BASE、EXPR、CARE、BOUND、CONFLICT提供日常相处和状态通道；M5-RHYTHM负责把双方时间、负荷、联系、空间与恢复合成为长期节奏结构。,无／按本规则指定的提议—观察—同意—执行—反馈—调整—恢复路径路由。,近位、远位只修正某项节奏需求进入亲密关系核心的可能；不得据此判断具体对象现实中一定快、慢、黏、疏或稳定。,根气只修正节奏需求是否稳定重复，不等于双方现实节奏已成熟协调。,旺弱只修正某项推进、联系、共享、变化或恢复通道的调用强度，不直接等于适配质量。,喜忌只修正节奏调用顺畅度与摩擦，不可直接翻译为某种五行、十神或对象类型必然适合。,真合化成立时按化神功能重算节奏需要；合化争议时停止细化节奏画像。,近位提高该节奏议题进入关系核心的可能；远位只保留背景或阶段性观察。,76,不加分；输出,report_text,时间多不等于连接好，也不能替代个人恢复。,时间多不等于连接好，也不能替代个人恢复。,不得仅凭本规则推出具体日期、交往时长、多久结婚、联系次数、见面频率或关系结果；不得把快等同冲动、慢等同冷淡、高频等同亲密、低频等同不爱。现实安全、双方同意、持续行为、生活条件、反例与协商优先。,中高,待验证,,rhythm_misread=HB09; provisional=true; rule_group=RHYTHM-HB误读; M3_STATE_pending=true,0.7
M5-RHYTHM-365,HB10 压力期节奏等于永久模式｜正式定义,L6 节奏误读与伪适配,RHYTHM-HB误读,通用,误读,HB10,压力期节奏等于永久模式,出现相关节奏判断偏差或现实争议。,HV6—HV7现实资料已明确排除。,由共享基础引擎、M2-TEMPO与M3功能模块提供；只修正用户能够承载怎样的推进、联系、共同时间、负荷与恢复节奏，不直接判断现实关系一定同步。,M2说明进入关系前的确认节奏；M5-RHYTHM只处理关系进入认真阶段以后，双方怎样持续协调推进与生活节奏。,M3-BASE、EXPR、CARE、BOUND、CONFLICT提供日常相处和状态通道；M5-RHYTHM负责把双方时间、负荷、联系、空间与恢复合成为长期节奏结构。,无／按本规则指定的提议—观察—同意—执行—反馈—调整—恢复路径路由。,近位、远位只修正某项节奏需求进入亲密关系核心的可能；不得据此判断具体对象现实中一定快、慢、黏、疏或稳定。,根气只修正节奏需求是否稳定重复，不等于双方现实节奏已成熟协调。,旺弱只修正某项推进、联系、共享、变化或恢复通道的调用强度，不直接等于适配质量。,喜忌只修正节奏调用顺畅度与摩擦，不可直接翻译为某种五行、十神或对象类型必然适合。,真合化成立时按化神功能重算节奏需要；合化争议时停止细化节奏画像。,近位提高该节奏议题进入关系核心的可能；远位只保留背景或阶段性观察。,95,HB风险 +12,pseudo_rhythm_warning,把项目期、疾病、照护、异地或冲突阶段的节奏当成人格和长期状态。,压力期的安排需要单独看，不能直接概括整段关系。,不得仅凭本规则推出具体日期、交往时长、多久结婚、联系次数、见面频率或关系结果；不得把快等同冲动、慢等同冷淡、高频等同亲密、低频等同不爱。现实安全、双方同意、持续行为、生活条件、反例与协商优先。,高,待验证,,rhythm_misread=HB10; provisional=true; rule_group=RHYTHM-HB误读; M3_STATE_pending=true,0.7
M5-RHYTHM-366,HB10 压力期节奏等于永久模式｜证据缺口,L6 节奏误读与伪适配,RHYTHM-HB误读,通用,证据,HB10,压力期节奏等于永久模式,准备判断节奏一致、错配、高低频或推进适配。,对应HO和HD已跨领域验证。,由共享基础引擎、M2-TEMPO与M3功能模块提供；只修正用户能够承载怎样的推进、联系、共同时间、负荷与恢复节奏，不直接判断现实关系一定同步。,M2说明进入关系前的确认节奏；M5-RHYTHM只处理关系进入认真阶段以后，双方怎样持续协调推进与生活节奏。,M3-BASE、EXPR、CARE、BOUND、CONFLICT提供日常相处和状态通道；M5-RHYTHM负责把双方时间、负荷、联系、空间与恢复合成为长期节奏结构。,无／按本规则指定的提议—观察—同意—执行—反馈—调整—恢复路径路由。,近位、远位只修正某项节奏需求进入亲密关系核心的可能；不得据此判断具体对象现实中一定快、慢、黏、疏或稳定。,根气只修正节奏需求是否稳定重复，不等于双方现实节奏已成熟协调。,旺弱只修正某项推进、联系、共享、变化或恢复通道的调用强度，不直接等于适配质量。,喜忌只修正节奏调用顺畅度与摩擦，不可直接翻译为某种五行、十神或对象类型必然适合。,真合化成立时按化神功能重算节奏需要；合化争议时停止细化节奏画像。,近位提高该节奏议题进入关系核心的可能；远位只保留背景或阶段性观察。,90,-12／停止升级,counterevidence,区分临时规则、恢复条件和压力结束后的回归。,需要补看：区分临时规则、恢复条件和压力结束后的回归。,不得仅凭本规则推出具体日期、交往时长、多久结婚、联系次数、见面频率或关系结果；不得把快等同冲动、慢等同冷淡、高频等同亲密、低频等同不爱。现实安全、双方同意、持续行为、生活条件、反例与协商优先。,中高,待验证,,rhythm_misread=HB10; provisional=true; rule_group=RHYTHM-HB误读; M3_STATE_pending=true,0.7
M5-RHYTHM-367,HB10 压力期节奏等于永久模式｜纠偏与观察,L6 节奏误读与伪适配,RHYTHM-HB误读,通用,路由,HB10,压力期节奏等于永久模式,HB候选成立。,PR0安全事件优先停止。,由共享基础引擎、M2-TEMPO与M3功能模块提供；只修正用户能够承载怎样的推进、联系、共同时间、负荷与恢复节奏，不直接判断现实关系一定同步。,M2说明进入关系前的确认节奏；M5-RHYTHM只处理关系进入认真阶段以后，双方怎样持续协调推进与生活节奏。,M3-BASE、EXPR、CARE、BOUND、CONFLICT提供日常相处和状态通道；M5-RHYTHM负责把双方时间、负荷、联系、空间与恢复合成为长期节奏结构。,无／按本规则指定的提议—观察—同意—执行—反馈—调整—恢复路径路由。,近位、远位只修正某项节奏需求进入亲密关系核心的可能；不得据此判断具体对象现实中一定快、慢、黏、疏或稳定。,根气只修正节奏需求是否稳定重复，不等于双方现实节奏已成熟协调。,旺弱只修正某项推进、联系、共享、变化或恢复通道的调用强度，不直接等于适配质量。,喜忌只修正节奏调用顺畅度与摩擦，不可直接翻译为某种五行、十神或对象类型必然适合。,真合化成立时按化神功能重算节奏需要；合化争议时停止细化节奏画像。,近位提高该节奏议题进入关系核心的可能；远位只保留背景或阶段性观察。,84,不加分；观察路由,observation_plan,区分临时规则、恢复条件和压力结束后的回归。,纠偏时要：区分临时规则、恢复条件和压力结束后的回归。,不得仅凭本规则推出具体日期、交往时长、多久结婚、联系次数、见面频率或关系结果；不得把快等同冲动、慢等同冷淡、高频等同亲密、低频等同不爱。现实安全、双方同意、持续行为、生活条件、反例与协商优先。,中高,待验证,,rhythm_misread=HB10; provisional=true; rule_group=RHYTHM-HB误读; M3_STATE_pending=true,0.7
M5-RHYTHM-368,HB10 压力期节奏等于永久模式｜用户解释,L6 节奏误读与伪适配,RHYTHM-HB误读,通用,输出,HB10,压力期节奏等于永久模式,完成HB判断。,资料不足以区分。,由共享基础引擎、M2-TEMPO与M3功能模块提供；只修正用户能够承载怎样的推进、联系、共同时间、负荷与恢复节奏，不直接判断现实关系一定同步。,M2说明进入关系前的确认节奏；M5-RHYTHM只处理关系进入认真阶段以后，双方怎样持续协调推进与生活节奏。,M3-BASE、EXPR、CARE、BOUND、CONFLICT提供日常相处和状态通道；M5-RHYTHM负责把双方时间、负荷、联系、空间与恢复合成为长期节奏结构。,无／按本规则指定的提议—观察—同意—执行—反馈—调整—恢复路径路由。,近位、远位只修正某项节奏需求进入亲密关系核心的可能；不得据此判断具体对象现实中一定快、慢、黏、疏或稳定。,根气只修正节奏需求是否稳定重复，不等于双方现实节奏已成熟协调。,旺弱只修正某项推进、联系、共享、变化或恢复通道的调用强度，不直接等于适配质量。,喜忌只修正节奏调用顺畅度与摩擦，不可直接翻译为某种五行、十神或对象类型必然适合。,真合化成立时按化神功能重算节奏需要；合化争议时停止细化节奏画像。,近位提高该节奏议题进入关系核心的可能；远位只保留背景或阶段性观察。,76,不加分；输出,report_text,压力期的安排需要单独看，不能直接概括整段关系。,压力期的安排需要单独看，不能直接概括整段关系。,不得仅凭本规则推出具体日期、交往时长、多久结婚、联系次数、见面频率或关系结果；不得把快等同冲动、慢等同冷淡、高频等同亲密、低频等同不爱。现实安全、双方同意、持续行为、生活条件、反例与协商优先。,中高,待验证,,rhythm_misread=HB10; provisional=true; rule_group=RHYTHM-HB误读; M3_STATE_pending=true,0.7
M5-RHYTHM-369,HD01 关系推进与承诺阶段｜领域定义,L7 节奏与生活领域,RHYTHM-HD领域,通用,定义,HD01,关系推进与承诺阶段,分析双方在该领域的现实节奏。,无。,由共享基础引擎、M2-TEMPO与M3功能模块提供；只修正用户能够承载怎样的推进、联系、共同时间、负荷与恢复节奏，不直接判断现实关系一定同步。,M2说明进入关系前的确认节奏；M5-RHYTHM只处理关系进入认真阶段以后，双方怎样持续协调推进与生活节奏。,M3-BASE、EXPR、CARE、BOUND、CONFLICT提供日常相处和状态通道；M5-RHYTHM负责把双方时间、负荷、联系、空间与恢复合成为长期节奏结构。,无／按本规则指定的提议—观察—同意—执行—反馈—调整—恢复路径路由。,近位、远位只修正某项节奏需求进入亲密关系核心的可能；不得据此判断具体对象现实中一定快、慢、黏、疏或稳定。,根气只修正节奏需求是否稳定重复，不等于双方现实节奏已成熟协调。,旺弱只修正某项推进、联系、共享、变化或恢复通道的调用强度，不直接等于适配质量。,喜忌只修正节奏调用顺畅度与摩擦，不可直接翻译为某种五行、十神或对象类型必然适合。,真合化成立时按化神功能重算节奏需要；合化争议时停止细化节奏画像。,近位提高该节奏议题进入关系核心的可能；远位只保留背景或阶段性观察。,88,不加分；领域定义,rhythm_domains,从认识、约会、排他、公开、同居到长期承诺。,关系推进与承诺阶段主要包括：从认识、约会、排他、公开、同居到长期承诺。,不得仅凭本规则推出具体日期、交往时长、多久结婚、联系次数、见面频率或关系结果；不得把快等同冲动、慢等同冷淡、高频等同亲密、低频等同不爱。现实安全、双方同意、持续行为、生活条件、反例与协商优先。,高,待验证,,rhythm_domain=HD01; provisional=true; rule_group=RHYTHM-HD领域; M3_STATE_pending=true,0.7
M5-RHYTHM-370,HD01 关系推进与承诺阶段｜通道与模式路由,L7 节奏与生活领域,RHYTHM-HD领域,通用,路由,HD01,关系推进与承诺阶段,存在该领域现实事件。,把所有HC和HM都堆入同一领域。,由共享基础引擎、M2-TEMPO与M3功能模块提供；只修正用户能够承载怎样的推进、联系、共同时间、负荷与恢复节奏，不直接判断现实关系一定同步。,M2说明进入关系前的确认节奏；M5-RHYTHM只处理关系进入认真阶段以后，双方怎样持续协调推进与生活节奏。,M3-BASE、EXPR、CARE、BOUND、CONFLICT提供日常相处和状态通道；M5-RHYTHM负责把双方时间、负荷、联系、空间与恢复合成为长期节奏结构。,无／按本规则指定的提议—观察—同意—执行—反馈—调整—恢复路径路由。,近位、远位只修正某项节奏需求进入亲密关系核心的可能；不得据此判断具体对象现实中一定快、慢、黏、疏或稳定。,根气只修正节奏需求是否稳定重复，不等于双方现实节奏已成熟协调。,旺弱只修正某项推进、联系、共享、变化或恢复通道的调用强度，不直接等于适配质量。,喜忌只修正节奏调用顺畅度与摩擦，不可直接翻译为某种五行、十神或对象类型必然适合。,真合化成立时按化神功能重算节奏需要；合化争议时停止细化节奏画像。,近位提高该节奏议题进入关系核心的可能；远位只保留背景或阶段性观察。,82,+8 领域路由,rhythm_mode,HO01、HO09、HM01—HM03,该领域优先查看：HO01、HO09、HM01—HM03,不得仅凭本规则推出具体日期、交往时长、多久结婚、联系次数、见面频率或关系结果；不得把快等同冲动、慢等同冷淡、高频等同亲密、低频等同不爱。现实安全、双方同意、持续行为、生活条件、反例与协商优先。,中高,待验证,,rhythm_domain=HD01; provisional=true; rule_group=RHYTHM-HD领域; M3_STATE_pending=true,0.7
M5-RHYTHM-371,HD01 关系推进与承诺阶段｜硬边界,L7 节奏与生活领域,RHYTHM-HD领域,通用,边界,HD01,关系推进与承诺阶段,准备形成该领域结论。,现实存在更严格的安全、医疗或法律门槛。,由共享基础引擎、M2-TEMPO与M3功能模块提供；只修正用户能够承载怎样的推进、联系、共同时间、负荷与恢复节奏，不直接判断现实关系一定同步。,M2说明进入关系前的确认节奏；M5-RHYTHM只处理关系进入认真阶段以后，双方怎样持续协调推进与生活节奏。,M3-BASE、EXPR、CARE、BOUND、CONFLICT提供日常相处和状态通道；M5-RHYTHM负责把双方时间、负荷、联系、空间与恢复合成为长期节奏结构。,无／按本规则指定的提议—观察—同意—执行—反馈—调整—恢复路径路由。,近位、远位只修正某项节奏需求进入亲密关系核心的可能；不得据此判断具体对象现实中一定快、慢、黏、疏或稳定。,根气只修正节奏需求是否稳定重复，不等于双方现实节奏已成熟协调。,旺弱只修正某项推进、联系、共享、变化或恢复通道的调用强度，不直接等于适配质量。,喜忌只修正节奏调用顺畅度与摩擦，不可直接翻译为某种五行、十神或对象类型必然适合。,真合化成立时按化神功能重算节奏需要；合化争议时停止细化节奏画像。,近位提高该节奏议题进入关系核心的可能；远位只保留背景或阶段性观察。,96,不加分；硬边界,boundary_note,每一步推进需要双重同意、现实能力和责任同步。,每一步推进需要双重同意、现实能力和责任同步。,不得仅凭本规则推出具体日期、交往时长、多久结婚、联系次数、见面频率或关系结果；不得把快等同冲动、慢等同冷淡、高频等同亲密、低频等同不爱。现实安全、双方同意、持续行为、生活条件、反例与协商优先。,高,待验证,,rhythm_domain=HD01; provisional=true; rule_group=RHYTHM-HD领域; M3_STATE_pending=true,0.7
M5-RHYTHM-372,HD01 关系推进与承诺阶段｜跨领域验证,L7 节奏与生活领域,RHYTHM-HD领域,通用,证据,HD01,关系推进与承诺阶段,准备从该领域推广到整体节奏。,HV4以上且至少两个领域一致。,由共享基础引擎、M2-TEMPO与M3功能模块提供；只修正用户能够承载怎样的推进、联系、共同时间、负荷与恢复节奏，不直接判断现实关系一定同步。,M2说明进入关系前的确认节奏；M5-RHYTHM只处理关系进入认真阶段以后，双方怎样持续协调推进与生活节奏。,M3-BASE、EXPR、CARE、BOUND、CONFLICT提供日常相处和状态通道；M5-RHYTHM负责把双方时间、负荷、联系、空间与恢复合成为长期节奏结构。,无／按本规则指定的提议—观察—同意—执行—反馈—调整—恢复路径路由。,近位、远位只修正某项节奏需求进入亲密关系核心的可能；不得据此判断具体对象现实中一定快、慢、黏、疏或稳定。,根气只修正节奏需求是否稳定重复，不等于双方现实节奏已成熟协调。,旺弱只修正某项推进、联系、共享、变化或恢复通道的调用强度，不直接等于适配质量。,喜忌只修正节奏调用顺畅度与摩擦，不可直接翻译为某种五行、十神或对象类型必然适合。,真合化成立时按化神功能重算节奏需要；合化争议时停止细化节奏画像。,近位提高该节奏议题进入关系核心的可能；远位只保留背景或阶段性观察。,84,HV层级修正,observation_plan,领域节奏需分别验证，再由SYNTH合成。,在关系推进与承诺阶段中协调得好，不代表所有节奏领域都同样成熟。,不得仅凭本规则推出具体日期、交往时长、多久结婚、联系次数、见面频率或关系结果；不得把快等同冲动、慢等同冷淡、高频等同亲密、低频等同不爱。现实安全、双方同意、持续行为、生活条件、反例与协商优先。,中高,待验证,,rhythm_domain=HD01; provisional=true; rule_group=RHYTHM-HD领域; M3_STATE_pending=true,0.7
M5-RHYTHM-373,HD02 消息、电话与日常联系｜领域定义,L7 节奏与生活领域,RHYTHM-HD领域,通用,定义,HD02,消息、电话与日常联系,分析双方在该领域的现实节奏。,无。,由共享基础引擎、M2-TEMPO与M3功能模块提供；只修正用户能够承载怎样的推进、联系、共同时间、负荷与恢复节奏，不直接判断现实关系一定同步。,M2说明进入关系前的确认节奏；M5-RHYTHM只处理关系进入认真阶段以后，双方怎样持续协调推进与生活节奏。,M3-BASE、EXPR、CARE、BOUND、CONFLICT提供日常相处和状态通道；M5-RHYTHM负责把双方时间、负荷、联系、空间与恢复合成为长期节奏结构。,无／按本规则指定的提议—观察—同意—执行—反馈—调整—恢复路径路由。,近位、远位只修正某项节奏需求进入亲密关系核心的可能；不得据此判断具体对象现实中一定快、慢、黏、疏或稳定。,根气只修正节奏需求是否稳定重复，不等于双方现实节奏已成熟协调。,旺弱只修正某项推进、联系、共享、变化或恢复通道的调用强度，不直接等于适配质量。,喜忌只修正节奏调用顺畅度与摩擦，不可直接翻译为某种五行、十神或对象类型必然适合。,真合化成立时按化神功能重算节奏需要；合化争议时停止细化节奏画像。,近位提高该节奏议题进入关系核心的可能；远位只保留背景或阶段性观察。,88,不加分；领域定义,rhythm_domains,文字、电话、视频、回应时限和忙碌通知。,消息、电话与日常联系主要包括：文字、电话、视频、回应时限和忙碌通知。,不得仅凭本规则推出具体日期、交往时长、多久结婚、联系次数、见面频率或关系结果；不得把快等同冲动、慢等同冷淡、高频等同亲密、低频等同不爱。现实安全、双方同意、持续行为、生活条件、反例与协商优先。,高,待验证,,rhythm_domain=HD02; provisional=true; rule_group=RHYTHM-HD领域; M3_STATE_pending=true,0.7
M5-RHYTHM-374,HD02 消息、电话与日常联系｜通道与模式路由,L7 节奏与生活领域,RHYTHM-HD领域,通用,路由,HD02,消息、电话与日常联系,存在该领域现实事件。,把所有HC和HM都堆入同一领域。,由共享基础引擎、M2-TEMPO与M3功能模块提供；只修正用户能够承载怎样的推进、联系、共同时间、负荷与恢复节奏，不直接判断现实关系一定同步。,M2说明进入关系前的确认节奏；M5-RHYTHM只处理关系进入认真阶段以后，双方怎样持续协调推进与生活节奏。,M3-BASE、EXPR、CARE、BOUND、CONFLICT提供日常相处和状态通道；M5-RHYTHM负责把双方时间、负荷、联系、空间与恢复合成为长期节奏结构。,无／按本规则指定的提议—观察—同意—执行—反馈—调整—恢复路径路由。,近位、远位只修正某项节奏需求进入亲密关系核心的可能；不得据此判断具体对象现实中一定快、慢、黏、疏或稳定。,根气只修正节奏需求是否稳定重复，不等于双方现实节奏已成熟协调。,旺弱只修正某项推进、联系、共享、变化或恢复通道的调用强度，不直接等于适配质量。,喜忌只修正节奏调用顺畅度与摩擦，不可直接翻译为某种五行、十神或对象类型必然适合。,真合化成立时按化神功能重算节奏需要；合化争议时停止细化节奏画像。,近位提高该节奏议题进入关系核心的可能；远位只保留背景或阶段性观察。,82,+8 领域路由,rhythm_mode,HO02、HO04、HM05—HM07,该领域优先查看：HO02、HO04、HM05—HM07,不得仅凭本规则推出具体日期、交往时长、多久结婚、联系次数、见面频率或关系结果；不得把快等同冲动、慢等同冷淡、高频等同亲密、低频等同不爱。现实安全、双方同意、持续行为、生活条件、反例与协商优先。,中高,待验证,,rhythm_domain=HD02; provisional=true; rule_group=RHYTHM-HD领域; M3_STATE_pending=true,0.7
M5-RHYTHM-375,HD02 消息、电话与日常联系｜硬边界,L7 节奏与生活领域,RHYTHM-HD领域,通用,边界,HD02,消息、电话与日常联系,准备形成该领域结论。,现实存在更严格的安全、医疗或法律门槛。,由共享基础引擎、M2-TEMPO与M3功能模块提供；只修正用户能够承载怎样的推进、联系、共同时间、负荷与恢复节奏，不直接判断现实关系一定同步。,M2说明进入关系前的确认节奏；M5-RHYTHM只处理关系进入认真阶段以后，双方怎样持续协调推进与生活节奏。,M3-BASE、EXPR、CARE、BOUND、CONFLICT提供日常相处和状态通道；M5-RHYTHM负责把双方时间、负荷、联系、空间与恢复合成为长期节奏结构。,无／按本规则指定的提议—观察—同意—执行—反馈—调整—恢复路径路由。,近位、远位只修正某项节奏需求进入亲密关系核心的可能；不得据此判断具体对象现实中一定快、慢、黏、疏或稳定。,根气只修正节奏需求是否稳定重复，不等于双方现实节奏已成熟协调。,旺弱只修正某项推进、联系、共享、变化或恢复通道的调用强度，不直接等于适配质量。,喜忌只修正节奏调用顺畅度与摩擦，不可直接翻译为某种五行、十神或对象类型必然适合。,真合化成立时按化神功能重算节奏需要；合化争议时停止细化节奏画像。,近位提高该节奏议题进入关系核心的可能；远位只保留背景或阶段性观察。,96,不加分；硬边界,boundary_note,可预测优先于绝对频率。,可预测优先于绝对频率。,不得仅凭本规则推出具体日期、交往时长、多久结婚、联系次数、见面频率或关系结果；不得把快等同冲动、慢等同冷淡、高频等同亲密、低频等同不爱。现实安全、双方同意、持续行为、生活条件、反例与协商优先。,高,待验证,,rhythm_domain=HD02; provisional=true; rule_group=RHYTHM-HD领域; M3_STATE_pending=true,0.7
M5-RHYTHM-376,HD02 消息、电话与日常联系｜跨领域验证,L7 节奏与生活领域,RHYTHM-HD领域,通用,证据,HD02,消息、电话与日常联系,准备从该领域推广到整体节奏。,HV4以上且至少两个领域一致。,由共享基础引擎、M2-TEMPO与M3功能模块提供；只修正用户能够承载怎样的推进、联系、共同时间、负荷与恢复节奏，不直接判断现实关系一定同步。,M2说明进入关系前的确认节奏；M5-RHYTHM只处理关系进入认真阶段以后，双方怎样持续协调推进与生活节奏。,M3-BASE、EXPR、CARE、BOUND、CONFLICT提供日常相处和状态通道；M5-RHYTHM负责把双方时间、负荷、联系、空间与恢复合成为长期节奏结构。,无／按本规则指定的提议—观察—同意—执行—反馈—调整—恢复路径路由。,近位、远位只修正某项节奏需求进入亲密关系核心的可能；不得据此判断具体对象现实中一定快、慢、黏、疏或稳定。,根气只修正节奏需求是否稳定重复，不等于双方现实节奏已成熟协调。,旺弱只修正某项推进、联系、共享、变化或恢复通道的调用强度，不直接等于适配质量。,喜忌只修正节奏调用顺畅度与摩擦，不可直接翻译为某种五行、十神或对象类型必然适合。,真合化成立时按化神功能重算节奏需要；合化争议时停止细化节奏画像。,近位提高该节奏议题进入关系核心的可能；远位只保留背景或阶段性观察。,84,HV层级修正,observation_plan,领域节奏需分别验证，再由SYNTH合成。,在消息、电话与日常联系中协调得好，不代表所有节奏领域都同样成熟。,不得仅凭本规则推出具体日期、交往时长、多久结婚、联系次数、见面频率或关系结果；不得把快等同冲动、慢等同冷淡、高频等同亲密、低频等同不爱。现实安全、双方同意、持续行为、生活条件、反例与协商优先。,中高,待验证,,rhythm_domain=HD02; provisional=true; rule_group=RHYTHM-HD领域; M3_STATE_pending=true,0.7
M5-RHYTHM-377,HD03 见面与共同时间｜领域定义,L7 节奏与生活领域,RHYTHM-HD领域,通用,定义,HD03,见面与共同时间,分析双方在该领域的现实节奏。,无。,由共享基础引擎、M2-TEMPO与M3功能模块提供；只修正用户能够承载怎样的推进、联系、共同时间、负荷与恢复节奏，不直接判断现实关系一定同步。,M2说明进入关系前的确认节奏；M5-RHYTHM只处理关系进入认真阶段以后，双方怎样持续协调推进与生活节奏。,M3-BASE、EXPR、CARE、BOUND、CONFLICT提供日常相处和状态通道；M5-RHYTHM负责把双方时间、负荷、联系、空间与恢复合成为长期节奏结构。,无／按本规则指定的提议—观察—同意—执行—反馈—调整—恢复路径路由。,近位、远位只修正某项节奏需求进入亲密关系核心的可能；不得据此判断具体对象现实中一定快、慢、黏、疏或稳定。,根气只修正节奏需求是否稳定重复，不等于双方现实节奏已成熟协调。,旺弱只修正某项推进、联系、共享、变化或恢复通道的调用强度，不直接等于适配质量。,喜忌只修正节奏调用顺畅度与摩擦，不可直接翻译为某种五行、十神或对象类型必然适合。,真合化成立时按化神功能重算节奏需要；合化争议时停止细化节奏画像。,近位提高该节奏议题进入关系核心的可能；远位只保留背景或阶段性观察。,88,不加分；领域定义,rhythm_domains,见面频率、共同活动、日常陪伴和旅行。,见面与共同时间主要包括：见面频率、共同活动、日常陪伴和旅行。,不得仅凭本规则推出具体日期、交往时长、多久结婚、联系次数、见面频率或关系结果；不得把快等同冲动、慢等同冷淡、高频等同亲密、低频等同不爱。现实安全、双方同意、持续行为、生活条件、反例与协商优先。,高,待验证,,rhythm_domain=HD03; provisional=true; rule_group=RHYTHM-HD领域; M3_STATE_pending=true,0.7
M5-RHYTHM-378,HD03 见面与共同时间｜通道与模式路由,L7 节奏与生活领域,RHYTHM-HD领域,通用,路由,HD03,见面与共同时间,存在该领域现实事件。,把所有HC和HM都堆入同一领域。,由共享基础引擎、M2-TEMPO与M3功能模块提供；只修正用户能够承载怎样的推进、联系、共同时间、负荷与恢复节奏，不直接判断现实关系一定同步。,M2说明进入关系前的确认节奏；M5-RHYTHM只处理关系进入认真阶段以后，双方怎样持续协调推进与生活节奏。,M3-BASE、EXPR、CARE、BOUND、CONFLICT提供日常相处和状态通道；M5-RHYTHM负责把双方时间、负荷、联系、空间与恢复合成为长期节奏结构。,无／按本规则指定的提议—观察—同意—执行—反馈—调整—恢复路径路由。,近位、远位只修正某项节奏需求进入亲密关系核心的可能；不得据此判断具体对象现实中一定快、慢、黏、疏或稳定。,根气只修正节奏需求是否稳定重复，不等于双方现实节奏已成熟协调。,旺弱只修正某项推进、联系、共享、变化或恢复通道的调用强度，不直接等于适配质量。,喜忌只修正节奏调用顺畅度与摩擦，不可直接翻译为某种五行、十神或对象类型必然适合。,真合化成立时按化神功能重算节奏需要；合化争议时停止细化节奏画像。,近位提高该节奏议题进入关系核心的可能；远位只保留背景或阶段性观察。,82,+8 领域路由,rhythm_mode,HO03、HO06、HM04／HM10,该领域优先查看：HO03、HO06、HM04／HM10,不得仅凭本规则推出具体日期、交往时长、多久结婚、联系次数、见面频率或关系结果；不得把快等同冲动、慢等同冷淡、高频等同亲密、低频等同不爱。现实安全、双方同意、持续行为、生活条件、反例与协商优先。,中高,待验证,,rhythm_domain=HD03; provisional=true; rule_group=RHYTHM-HD领域; M3_STATE_pending=true,0.7
M5-RHYTHM-379,HD03 见面与共同时间｜硬边界,L7 节奏与生活领域,RHYTHM-HD领域,通用,边界,HD03,见面与共同时间,准备形成该领域结论。,现实存在更严格的安全、医疗或法律门槛。,由共享基础引擎、M2-TEMPO与M3功能模块提供；只修正用户能够承载怎样的推进、联系、共同时间、负荷与恢复节奏，不直接判断现实关系一定同步。,M2说明进入关系前的确认节奏；M5-RHYTHM只处理关系进入认真阶段以后，双方怎样持续协调推进与生活节奏。,M3-BASE、EXPR、CARE、BOUND、CONFLICT提供日常相处和状态通道；M5-RHYTHM负责把双方时间、负荷、联系、空间与恢复合成为长期节奏结构。,无／按本规则指定的提议—观察—同意—执行—反馈—调整—恢复路径路由。,近位、远位只修正某项节奏需求进入亲密关系核心的可能；不得据此判断具体对象现实中一定快、慢、黏、疏或稳定。,根气只修正节奏需求是否稳定重复，不等于双方现实节奏已成熟协调。,旺弱只修正某项推进、联系、共享、变化或恢复通道的调用强度，不直接等于适配质量。,喜忌只修正节奏调用顺畅度与摩擦，不可直接翻译为某种五行、十神或对象类型必然适合。,真合化成立时按化神功能重算节奏需要；合化争议时停止细化节奏画像。,近位提高该节奏议题进入关系核心的可能；远位只保留背景或阶段性观察。,96,不加分；硬边界,boundary_note,共同时间需要与个人恢复和现实负荷平衡。,共同时间需要与个人恢复和现实负荷平衡。,不得仅凭本规则推出具体日期、交往时长、多久结婚、联系次数、见面频率或关系结果；不得把快等同冲动、慢等同冷淡、高频等同亲密、低频等同不爱。现实安全、双方同意、持续行为、生活条件、反例与协商优先。,高,待验证,,rhythm_domain=HD03; provisional=true; rule_group=RHYTHM-HD领域; M3_STATE_pending=true,0.7
M5-RHYTHM-380,HD03 见面与共同时间｜跨领域验证,L7 节奏与生活领域,RHYTHM-HD领域,通用,证据,HD03,见面与共同时间,准备从该领域推广到整体节奏。,HV4以上且至少两个领域一致。,由共享基础引擎、M2-TEMPO与M3功能模块提供；只修正用户能够承载怎样的推进、联系、共同时间、负荷与恢复节奏，不直接判断现实关系一定同步。,M2说明进入关系前的确认节奏；M5-RHYTHM只处理关系进入认真阶段以后，双方怎样持续协调推进与生活节奏。,M3-BASE、EXPR、CARE、BOUND、CONFLICT提供日常相处和状态通道；M5-RHYTHM负责把双方时间、负荷、联系、空间与恢复合成为长期节奏结构。,无／按本规则指定的提议—观察—同意—执行—反馈—调整—恢复路径路由。,近位、远位只修正某项节奏需求进入亲密关系核心的可能；不得据此判断具体对象现实中一定快、慢、黏、疏或稳定。,根气只修正节奏需求是否稳定重复，不等于双方现实节奏已成熟协调。,旺弱只修正某项推进、联系、共享、变化或恢复通道的调用强度，不直接等于适配质量。,喜忌只修正节奏调用顺畅度与摩擦，不可直接翻译为某种五行、十神或对象类型必然适合。,真合化成立时按化神功能重算节奏需要；合化争议时停止细化节奏画像。,近位提高该节奏议题进入关系核心的可能；远位只保留背景或阶段性观察。,84,HV层级修正,observation_plan,领域节奏需分别验证，再由SYNTH合成。,在见面与共同时间中协调得好，不代表所有节奏领域都同样成熟。,不得仅凭本规则推出具体日期、交往时长、多久结婚、联系次数、见面频率或关系结果；不得把快等同冲动、慢等同冷淡、高频等同亲密、低频等同不爱。现实安全、双方同意、持续行为、生活条件、反例与协商优先。,中高,待验证,,rhythm_domain=HD03; provisional=true; rule_group=RHYTHM-HD领域; M3_STATE_pending=true,0.7
M5-RHYTHM-381,HD04 个人时间与独处空间｜领域定义,L7 节奏与生活领域,RHYTHM-HD领域,通用,定义,HD04,个人时间与独处空间,分析双方在该领域的现实节奏。,无。,由共享基础引擎、M2-TEMPO与M3功能模块提供；只修正用户能够承载怎样的推进、联系、共同时间、负荷与恢复节奏，不直接判断现实关系一定同步。,M2说明进入关系前的确认节奏；M5-RHYTHM只处理关系进入认真阶段以后，双方怎样持续协调推进与生活节奏。,M3-BASE、EXPR、CARE、BOUND、CONFLICT提供日常相处和状态通道；M5-RHYTHM负责把双方时间、负荷、联系、空间与恢复合成为长期节奏结构。,无／按本规则指定的提议—观察—同意—执行—反馈—调整—恢复路径路由。,近位、远位只修正某项节奏需求进入亲密关系核心的可能；不得据此判断具体对象现实中一定快、慢、黏、疏或稳定。,根气只修正节奏需求是否稳定重复，不等于双方现实节奏已成熟协调。,旺弱只修正某项推进、联系、共享、变化或恢复通道的调用强度，不直接等于适配质量。,喜忌只修正节奏调用顺畅度与摩擦，不可直接翻译为某种五行、十神或对象类型必然适合。,真合化成立时按化神功能重算节奏需要；合化争议时停止细化节奏画像。,近位提高该节奏议题进入关系核心的可能；远位只保留背景或阶段性观察。,88,不加分；领域定义,rhythm_domains,独处、兴趣、朋友、低频连接和恢复。,个人时间与独处空间主要包括：独处、兴趣、朋友、低频连接和恢复。,不得仅凭本规则推出具体日期、交往时长、多久结婚、联系次数、见面频率或关系结果；不得把快等同冲动、慢等同冷淡、高频等同亲密、低频等同不爱。现实安全、双方同意、持续行为、生活条件、反例与协商优先。,高,待验证,,rhythm_domain=HD04; provisional=true; rule_group=RHYTHM-HD领域; M3_STATE_pending=true,0.7
M5-RHYTHM-382,HD04 个人时间与独处空间｜通道与模式路由,L7 节奏与生活领域,RHYTHM-HD领域,通用,路由,HD04,个人时间与独处空间,存在该领域现实事件。,把所有HC和HM都堆入同一领域。,由共享基础引擎、M2-TEMPO与M3功能模块提供；只修正用户能够承载怎样的推进、联系、共同时间、负荷与恢复节奏，不直接判断现实关系一定同步。,M2说明进入关系前的确认节奏；M5-RHYTHM只处理关系进入认真阶段以后，双方怎样持续协调推进与生活节奏。,M3-BASE、EXPR、CARE、BOUND、CONFLICT提供日常相处和状态通道；M5-RHYTHM负责把双方时间、负荷、联系、空间与恢复合成为长期节奏结构。,无／按本规则指定的提议—观察—同意—执行—反馈—调整—恢复路径路由。,近位、远位只修正某项节奏需求进入亲密关系核心的可能；不得据此判断具体对象现实中一定快、慢、黏、疏或稳定。,根气只修正节奏需求是否稳定重复，不等于双方现实节奏已成熟协调。,旺弱只修正某项推进、联系、共享、变化或恢复通道的调用强度，不直接等于适配质量。,喜忌只修正节奏调用顺畅度与摩擦，不可直接翻译为某种五行、十神或对象类型必然适合。,真合化成立时按化神功能重算节奏需要；合化争议时停止细化节奏画像。,近位提高该节奏议题进入关系核心的可能；远位只保留背景或阶段性观察。,82,+8 领域路由,rhythm_mode,HO03、HM06—HM08,该领域优先查看：HO03、HM06—HM08,不得仅凭本规则推出具体日期、交往时长、多久结婚、联系次数、见面频率或关系结果；不得把快等同冲动、慢等同冷淡、高频等同亲密、低频等同不爱。现实安全、双方同意、持续行为、生活条件、反例与协商优先。,中高,待验证,,rhythm_domain=HD04; provisional=true; rule_group=RHYTHM-HD领域; M3_STATE_pending=true,0.7
M5-RHYTHM-383,HD04 个人时间与独处空间｜硬边界,L7 节奏与生活领域,RHYTHM-HD领域,通用,边界,HD04,个人时间与独处空间,准备形成该领域结论。,现实存在更严格的安全、医疗或法律门槛。,由共享基础引擎、M2-TEMPO与M3功能模块提供；只修正用户能够承载怎样的推进、联系、共同时间、负荷与恢复节奏，不直接判断现实关系一定同步。,M2说明进入关系前的确认节奏；M5-RHYTHM只处理关系进入认真阶段以后，双方怎样持续协调推进与生活节奏。,M3-BASE、EXPR、CARE、BOUND、CONFLICT提供日常相处和状态通道；M5-RHYTHM负责把双方时间、负荷、联系、空间与恢复合成为长期节奏结构。,无／按本规则指定的提议—观察—同意—执行—反馈—调整—恢复路径路由。,近位、远位只修正某项节奏需求进入亲密关系核心的可能；不得据此判断具体对象现实中一定快、慢、黏、疏或稳定。,根气只修正节奏需求是否稳定重复，不等于双方现实节奏已成熟协调。,旺弱只修正某项推进、联系、共享、变化或恢复通道的调用强度，不直接等于适配质量。,喜忌只修正节奏调用顺畅度与摩擦，不可直接翻译为某种五行、十神或对象类型必然适合。,真合化成立时按化神功能重算节奏需要；合化争议时停止细化节奏画像。,近位提高该节奏议题进入关系核心的可能；远位只保留背景或阶段性观察。,96,不加分；硬边界,boundary_note,空间要有最低连接、透明和回归。,空间要有最低连接、透明和回归。,不得仅凭本规则推出具体日期、交往时长、多久结婚、联系次数、见面频率或关系结果；不得把快等同冲动、慢等同冷淡、高频等同亲密、低频等同不爱。现实安全、双方同意、持续行为、生活条件、反例与协商优先。,高,待验证,,rhythm_domain=HD04; provisional=true; rule_group=RHYTHM-HD领域; M3_STATE_pending=true,0.7
M5-RHYTHM-384,HD04 个人时间与独处空间｜跨领域验证,L7 节奏与生活领域,RHYTHM-HD领域,通用,证据,HD04,个人时间与独处空间,准备从该领域推广到整体节奏。,HV4以上且至少两个领域一致。,由共享基础引擎、M2-TEMPO与M3功能模块提供；只修正用户能够承载怎样的推进、联系、共同时间、负荷与恢复节奏，不直接判断现实关系一定同步。,M2说明进入关系前的确认节奏；M5-RHYTHM只处理关系进入认真阶段以后，双方怎样持续协调推进与生活节奏。,M3-BASE、EXPR、CARE、BOUND、CONFLICT提供日常相处和状态通道；M5-RHYTHM负责把双方时间、负荷、联系、空间与恢复合成为长期节奏结构。,无／按本规则指定的提议—观察—同意—执行—反馈—调整—恢复路径路由。,近位、远位只修正某项节奏需求进入亲密关系核心的可能；不得据此判断具体对象现实中一定快、慢、黏、疏或稳定。,根气只修正节奏需求是否稳定重复，不等于双方现实节奏已成熟协调。,旺弱只修正某项推进、联系、共享、变化或恢复通道的调用强度，不直接等于适配质量。,喜忌只修正节奏调用顺畅度与摩擦，不可直接翻译为某种五行、十神或对象类型必然适合。,真合化成立时按化神功能重算节奏需要；合化争议时停止细化节奏画像。,近位提高该节奏议题进入关系核心的可能；远位只保留背景或阶段性观察。,84,HV层级修正,observation_plan,领域节奏需分别验证，再由SYNTH合成。,在个人时间与独处空间中协调得好，不代表所有节奏领域都同样成熟。,不得仅凭本规则推出具体日期、交往时长、多久结婚、联系次数、见面频率或关系结果；不得把快等同冲动、慢等同冷淡、高频等同亲密、低频等同不爱。现实安全、双方同意、持续行为、生活条件、反例与协商优先。,中高,待验证,,rhythm_domain=HD04; provisional=true; rule_group=RHYTHM-HD领域; M3_STATE_pending=true,0.7
M5-RHYTHM-385,HD05 工作、学习与作息｜领域定义,L7 节奏与生活领域,RHYTHM-HD领域,通用,定义,HD05,工作、学习与作息,分析双方在该领域的现实节奏。,无。,由共享基础引擎、M2-TEMPO与M3功能模块提供；只修正用户能够承载怎样的推进、联系、共同时间、负荷与恢复节奏，不直接判断现实关系一定同步。,M2说明进入关系前的确认节奏；M5-RHYTHM只处理关系进入认真阶段以后，双方怎样持续协调推进与生活节奏。,M3-BASE、EXPR、CARE、BOUND、CONFLICT提供日常相处和状态通道；M5-RHYTHM负责把双方时间、负荷、联系、空间与恢复合成为长期节奏结构。,无／按本规则指定的提议—观察—同意—执行—反馈—调整—恢复路径路由。,近位、远位只修正某项节奏需求进入亲密关系核心的可能；不得据此判断具体对象现实中一定快、慢、黏、疏或稳定。,根气只修正节奏需求是否稳定重复，不等于双方现实节奏已成熟协调。,旺弱只修正某项推进、联系、共享、变化或恢复通道的调用强度，不直接等于适配质量。,喜忌只修正节奏调用顺畅度与摩擦，不可直接翻译为某种五行、十神或对象类型必然适合。,真合化成立时按化神功能重算节奏需要；合化争议时停止细化节奏画像。,近位提高该节奏议题进入关系核心的可能；远位只保留背景或阶段性观察。,88,不加分；领域定义,rhythm_domains,工作季、项目、考试、夜班、睡眠和精力。,工作、学习与作息主要包括：工作季、项目、考试、夜班、睡眠和精力。,不得仅凭本规则推出具体日期、交往时长、多久结婚、联系次数、见面频率或关系结果；不得把快等同冲动、慢等同冷淡、高频等同亲密、低频等同不爱。现实安全、双方同意、持续行为、生活条件、反例与协商优先。,高,待验证,,rhythm_domain=HD05; provisional=true; rule_group=RHYTHM-HD领域; M3_STATE_pending=true,0.7
M5-RHYTHM-386,HD05 工作、学习与作息｜通道与模式路由,L7 节奏与生活领域,RHYTHM-HD领域,通用,路由,HD05,工作、学习与作息,存在该领域现实事件。,把所有HC和HM都堆入同一领域。,由共享基础引擎、M2-TEMPO与M3功能模块提供；只修正用户能够承载怎样的推进、联系、共同时间、负荷与恢复节奏，不直接判断现实关系一定同步。,M2说明进入关系前的确认节奏；M5-RHYTHM只处理关系进入认真阶段以后，双方怎样持续协调推进与生活节奏。,M3-BASE、EXPR、CARE、BOUND、CONFLICT提供日常相处和状态通道；M5-RHYTHM负责把双方时间、负荷、联系、空间与恢复合成为长期节奏结构。,无／按本规则指定的提议—观察—同意—执行—反馈—调整—恢复路径路由。,近位、远位只修正某项节奏需求进入亲密关系核心的可能；不得据此判断具体对象现实中一定快、慢、黏、疏或稳定。,根气只修正节奏需求是否稳定重复，不等于双方现实节奏已成熟协调。,旺弱只修正某项推进、联系、共享、变化或恢复通道的调用强度，不直接等于适配质量。,喜忌只修正节奏调用顺畅度与摩擦，不可直接翻译为某种五行、十神或对象类型必然适合。,真合化成立时按化神功能重算节奏需要；合化争议时停止细化节奏画像。,近位提高该节奏议题进入关系核心的可能；远位只保留背景或阶段性观察。,82,+8 领域路由,rhythm_mode,HO05、HO07、HM09,该领域优先查看：HO05、HO07、HM09,不得仅凭本规则推出具体日期、交往时长、多久结婚、联系次数、见面频率或关系结果；不得把快等同冲动、慢等同冷淡、高频等同亲密、低频等同不爱。现实安全、双方同意、持续行为、生活条件、反例与协商优先。,中高,待验证,,rhythm_domain=HD05; provisional=true; rule_group=RHYTHM-HD领域; M3_STATE_pending=true,0.7
M5-RHYTHM-387,HD05 工作、学习与作息｜硬边界,L7 节奏与生活领域,RHYTHM-HD领域,通用,边界,HD05,工作、学习与作息,准备形成该领域结论。,现实存在更严格的安全、医疗或法律门槛。,由共享基础引擎、M2-TEMPO与M3功能模块提供；只修正用户能够承载怎样的推进、联系、共同时间、负荷与恢复节奏，不直接判断现实关系一定同步。,M2说明进入关系前的确认节奏；M5-RHYTHM只处理关系进入认真阶段以后，双方怎样持续协调推进与生活节奏。,M3-BASE、EXPR、CARE、BOUND、CONFLICT提供日常相处和状态通道；M5-RHYTHM负责把双方时间、负荷、联系、空间与恢复合成为长期节奏结构。,无／按本规则指定的提议—观察—同意—执行—反馈—调整—恢复路径路由。,近位、远位只修正某项节奏需求进入亲密关系核心的可能；不得据此判断具体对象现实中一定快、慢、黏、疏或稳定。,根气只修正节奏需求是否稳定重复，不等于双方现实节奏已成熟协调。,旺弱只修正某项推进、联系、共享、变化或恢复通道的调用强度，不直接等于适配质量。,喜忌只修正节奏调用顺畅度与摩擦，不可直接翻译为某种五行、十神或对象类型必然适合。,真合化成立时按化神功能重算节奏需要；合化争议时停止细化节奏画像。,近位提高该节奏议题进入关系核心的可能；远位只保留背景或阶段性观察。,96,不加分；硬边界,boundary_note,临时压缩要有开始、结束和恢复条件。,临时压缩要有开始、结束和恢复条件。,不得仅凭本规则推出具体日期、交往时长、多久结婚、联系次数、见面频率或关系结果；不得把快等同冲动、慢等同冷淡、高频等同亲密、低频等同不爱。现实安全、双方同意、持续行为、生活条件、反例与协商优先。,高,待验证,,rhythm_domain=HD05; provisional=true; rule_group=RHYTHM-HD领域; M3_STATE_pending=true,0.7
M5-RHYTHM-388,HD05 工作、学习与作息｜跨领域验证,L7 节奏与生活领域,RHYTHM-HD领域,通用,证据,HD05,工作、学习与作息,准备从该领域推广到整体节奏。,HV4以上且至少两个领域一致。,由共享基础引擎、M2-TEMPO与M3功能模块提供；只修正用户能够承载怎样的推进、联系、共同时间、负荷与恢复节奏，不直接判断现实关系一定同步。,M2说明进入关系前的确认节奏；M5-RHYTHM只处理关系进入认真阶段以后，双方怎样持续协调推进与生活节奏。,M3-BASE、EXPR、CARE、BOUND、CONFLICT提供日常相处和状态通道；M5-RHYTHM负责把双方时间、负荷、联系、空间与恢复合成为长期节奏结构。,无／按本规则指定的提议—观察—同意—执行—反馈—调整—恢复路径路由。,近位、远位只修正某项节奏需求进入亲密关系核心的可能；不得据此判断具体对象现实中一定快、慢、黏、疏或稳定。,根气只修正节奏需求是否稳定重复，不等于双方现实节奏已成熟协调。,旺弱只修正某项推进、联系、共享、变化或恢复通道的调用强度，不直接等于适配质量。,喜忌只修正节奏调用顺畅度与摩擦，不可直接翻译为某种五行、十神或对象类型必然适合。,真合化成立时按化神功能重算节奏需要；合化争议时停止细化节奏画像。,近位提高该节奏议题进入关系核心的可能；远位只保留背景或阶段性观察。,84,HV层级修正,observation_plan,领域节奏需分别验证，再由SYNTH合成。,在工作、学习与作息中协调得好，不代表所有节奏领域都同样成熟。,不得仅凭本规则推出具体日期、交往时长、多久结婚、联系次数、见面频率或关系结果；不得把快等同冲动、慢等同冷淡、高频等同亲密、低频等同不爱。现实安全、双方同意、持续行为、生活条件、反例与协商优先。,中高,待验证,,rhythm_domain=HD05; provisional=true; rule_group=RHYTHM-HD领域; M3_STATE_pending=true,0.7
M5-RHYTHM-389,HD06 地域、异地与出行｜领域定义,L7 节奏与生活领域,RHYTHM-HD领域,通用,定义,HD06,地域、异地与出行,分析双方在该领域的现实节奏。,无。,由共享基础引擎、M2-TEMPO与M3功能模块提供；只修正用户能够承载怎样的推进、联系、共同时间、负荷与恢复节奏，不直接判断现实关系一定同步。,M2说明进入关系前的确认节奏；M5-RHYTHM只处理关系进入认真阶段以后，双方怎样持续协调推进与生活节奏。,M3-BASE、EXPR、CARE、BOUND、CONFLICT提供日常相处和状态通道；M5-RHYTHM负责把双方时间、负荷、联系、空间与恢复合成为长期节奏结构。,无／按本规则指定的提议—观察—同意—执行—反馈—调整—恢复路径路由。,近位、远位只修正某项节奏需求进入亲密关系核心的可能；不得据此判断具体对象现实中一定快、慢、黏、疏或稳定。,根气只修正节奏需求是否稳定重复，不等于双方现实节奏已成熟协调。,旺弱只修正某项推进、联系、共享、变化或恢复通道的调用强度，不直接等于适配质量。,喜忌只修正节奏调用顺畅度与摩擦，不可直接翻译为某种五行、十神或对象类型必然适合。,真合化成立时按化神功能重算节奏需要；合化争议时停止细化节奏画像。,近位提高该节奏议题进入关系核心的可能；远位只保留背景或阶段性观察。,88,不加分；领域定义,rhythm_domains,距离、通勤、旅行、搬迁和时区。,地域、异地与出行主要包括：距离、通勤、旅行、搬迁和时区。,不得仅凭本规则推出具体日期、交往时长、多久结婚、联系次数、见面频率或关系结果；不得把快等同冲动、慢等同冷淡、高频等同亲密、低频等同不爱。现实安全、双方同意、持续行为、生活条件、反例与协商优先。,高,待验证,,rhythm_domain=HD06; provisional=true; rule_group=RHYTHM-HD领域; M3_STATE_pending=true,0.7
M5-RHYTHM-390,HD06 地域、异地与出行｜通道与模式路由,L7 节奏与生活领域,RHYTHM-HD领域,通用,路由,HD06,地域、异地与出行,存在该领域现实事件。,把所有HC和HM都堆入同一领域。,由共享基础引擎、M2-TEMPO与M3功能模块提供；只修正用户能够承载怎样的推进、联系、共同时间、负荷与恢复节奏，不直接判断现实关系一定同步。,M2说明进入关系前的确认节奏；M5-RHYTHM只处理关系进入认真阶段以后，双方怎样持续协调推进与生活节奏。,M3-BASE、EXPR、CARE、BOUND、CONFLICT提供日常相处和状态通道；M5-RHYTHM负责把双方时间、负荷、联系、空间与恢复合成为长期节奏结构。,无／按本规则指定的提议—观察—同意—执行—反馈—调整—恢复路径路由。,近位、远位只修正某项节奏需求进入亲密关系核心的可能；不得据此判断具体对象现实中一定快、慢、黏、疏或稳定。,根气只修正节奏需求是否稳定重复，不等于双方现实节奏已成熟协调。,旺弱只修正某项推进、联系、共享、变化或恢复通道的调用强度，不直接等于适配质量。,喜忌只修正节奏调用顺畅度与摩擦，不可直接翻译为某种五行、十神或对象类型必然适合。,真合化成立时按化神功能重算节奏需要；合化争议时停止细化节奏画像。,近位提高该节奏议题进入关系核心的可能；远位只保留背景或阶段性观察。,82,+8 领域路由,rhythm_mode,HO02、HO04、HO05、HM06／HM07,该领域优先查看：HO02、HO04、HO05、HM06／HM07,不得仅凭本规则推出具体日期、交往时长、多久结婚、联系次数、见面频率或关系结果；不得把快等同冲动、慢等同冷淡、高频等同亲密、低频等同不爱。现实安全、双方同意、持续行为、生活条件、反例与协商优先。,中高,待验证,,rhythm_domain=HD06; provisional=true; rule_group=RHYTHM-HD领域; M3_STATE_pending=true,0.7
M5-RHYTHM-391,HD06 地域、异地与出行｜硬边界,L7 节奏与生活领域,RHYTHM-HD领域,通用,边界,HD06,地域、异地与出行,准备形成该领域结论。,现实存在更严格的安全、医疗或法律门槛。,由共享基础引擎、M2-TEMPO与M3功能模块提供；只修正用户能够承载怎样的推进、联系、共同时间、负荷与恢复节奏，不直接判断现实关系一定同步。,M2说明进入关系前的确认节奏；M5-RHYTHM只处理关系进入认真阶段以后，双方怎样持续协调推进与生活节奏。,M3-BASE、EXPR、CARE、BOUND、CONFLICT提供日常相处和状态通道；M5-RHYTHM负责把双方时间、负荷、联系、空间与恢复合成为长期节奏结构。,无／按本规则指定的提议—观察—同意—执行—反馈—调整—恢复路径路由。,近位、远位只修正某项节奏需求进入亲密关系核心的可能；不得据此判断具体对象现实中一定快、慢、黏、疏或稳定。,根气只修正节奏需求是否稳定重复，不等于双方现实节奏已成熟协调。,旺弱只修正某项推进、联系、共享、变化或恢复通道的调用强度，不直接等于适配质量。,喜忌只修正节奏调用顺畅度与摩擦，不可直接翻译为某种五行、十神或对象类型必然适合。,真合化成立时按化神功能重算节奏需要；合化争议时停止细化节奏画像。,近位提高该节奏议题进入关系核心的可能；远位只保留背景或阶段性观察。,96,不加分；硬边界,boundary_note,异地需要联系基线、见面计划和变化通知。,异地需要联系基线、见面计划和变化通知。,不得仅凭本规则推出具体日期、交往时长、多久结婚、联系次数、见面频率或关系结果；不得把快等同冲动、慢等同冷淡、高频等同亲密、低频等同不爱。现实安全、双方同意、持续行为、生活条件、反例与协商优先。,高,待验证,,rhythm_domain=HD06; provisional=true; rule_group=RHYTHM-HD领域; M3_STATE_pending=true,0.7
M5-RHYTHM-392,HD06 地域、异地与出行｜跨领域验证,L7 节奏与生活领域,RHYTHM-HD领域,通用,证据,HD06,地域、异地与出行,准备从该领域推广到整体节奏。,HV4以上且至少两个领域一致。,由共享基础引擎、M2-TEMPO与M3功能模块提供；只修正用户能够承载怎样的推进、联系、共同时间、负荷与恢复节奏，不直接判断现实关系一定同步。,M2说明进入关系前的确认节奏；M5-RHYTHM只处理关系进入认真阶段以后，双方怎样持续协调推进与生活节奏。,M3-BASE、EXPR、CARE、BOUND、CONFLICT提供日常相处和状态通道；M5-RHYTHM负责把双方时间、负荷、联系、空间与恢复合成为长期节奏结构。,无／按本规则指定的提议—观察—同意—执行—反馈—调整—恢复路径路由。,近位、远位只修正某项节奏需求进入亲密关系核心的可能；不得据此判断具体对象现实中一定快、慢、黏、疏或稳定。,根气只修正节奏需求是否稳定重复，不等于双方现实节奏已成熟协调。,旺弱只修正某项推进、联系、共享、变化或恢复通道的调用强度，不直接等于适配质量。,喜忌只修正节奏调用顺畅度与摩擦，不可直接翻译为某种五行、十神或对象类型必然适合。,真合化成立时按化神功能重算节奏需要；合化争议时停止细化节奏画像。,近位提高该节奏议题进入关系核心的可能；远位只保留背景或阶段性观察。,84,HV层级修正,observation_plan,领域节奏需分别验证，再由SYNTH合成。,在地域、异地与出行中协调得好，不代表所有节奏领域都同样成熟。,不得仅凭本规则推出具体日期、交往时长、多久结婚、联系次数、见面频率或关系结果；不得把快等同冲动、慢等同冷淡、高频等同亲密、低频等同不爱。现实安全、双方同意、持续行为、生活条件、反例与协商优先。,中高,待验证,,rhythm_domain=HD06; provisional=true; rule_group=RHYTHM-HD领域; M3_STATE_pending=true,0.7
M5-RHYTHM-393,HD07 家庭、照护与第三方责任｜领域定义,L7 节奏与生活领域,RHYTHM-HD领域,通用,定义,HD07,家庭、照护与第三方责任,分析双方在该领域的现实节奏。,无。,由共享基础引擎、M2-TEMPO与M3功能模块提供；只修正用户能够承载怎样的推进、联系、共同时间、负荷与恢复节奏，不直接判断现实关系一定同步。,M2说明进入关系前的确认节奏；M5-RHYTHM只处理关系进入认真阶段以后，双方怎样持续协调推进与生活节奏。,M3-BASE、EXPR、CARE、BOUND、CONFLICT提供日常相处和状态通道；M5-RHYTHM负责把双方时间、负荷、联系、空间与恢复合成为长期节奏结构。,无／按本规则指定的提议—观察—同意—执行—反馈—调整—恢复路径路由。,近位、远位只修正某项节奏需求进入亲密关系核心的可能；不得据此判断具体对象现实中一定快、慢、黏、疏或稳定。,根气只修正节奏需求是否稳定重复，不等于双方现实节奏已成熟协调。,旺弱只修正某项推进、联系、共享、变化或恢复通道的调用强度，不直接等于适配质量。,喜忌只修正节奏调用顺畅度与摩擦，不可直接翻译为某种五行、十神或对象类型必然适合。,真合化成立时按化神功能重算节奏需要；合化争议时停止细化节奏画像。,近位提高该节奏议题进入关系核心的可能；远位只保留背景或阶段性观察。,88,不加分；领域定义,rhythm_domains,子女、父母、亲属、健康照护和家庭事件。,家庭、照护与第三方责任主要包括：子女、父母、亲属、健康照护和家庭事件。,不得仅凭本规则推出具体日期、交往时长、多久结婚、联系次数、见面频率或关系结果；不得把快等同冲动、慢等同冷淡、高频等同亲密、低频等同不爱。现实安全、双方同意、持续行为、生活条件、反例与协商优先。,高,待验证,,rhythm_domain=HD07; provisional=true; rule_group=RHYTHM-HD领域; M3_STATE_pending=true,0.7
M5-RHYTHM-394,HD07 家庭、照护与第三方责任｜通道与模式路由,L7 节奏与生活领域,RHYTHM-HD领域,通用,路由,HD07,家庭、照护与第三方责任,存在该领域现实事件。,把所有HC和HM都堆入同一领域。,由共享基础引擎、M2-TEMPO与M3功能模块提供；只修正用户能够承载怎样的推进、联系、共同时间、负荷与恢复节奏，不直接判断现实关系一定同步。,M2说明进入关系前的确认节奏；M5-RHYTHM只处理关系进入认真阶段以后，双方怎样持续协调推进与生活节奏。,M3-BASE、EXPR、CARE、BOUND、CONFLICT提供日常相处和状态通道；M5-RHYTHM负责把双方时间、负荷、联系、空间与恢复合成为长期节奏结构。,无／按本规则指定的提议—观察—同意—执行—反馈—调整—恢复路径路由。,近位、远位只修正某项节奏需求进入亲密关系核心的可能；不得据此判断具体对象现实中一定快、慢、黏、疏或稳定。,根气只修正节奏需求是否稳定重复，不等于双方现实节奏已成熟协调。,旺弱只修正某项推进、联系、共享、变化或恢复通道的调用强度，不直接等于适配质量。,喜忌只修正节奏调用顺畅度与摩擦，不可直接翻译为某种五行、十神或对象类型必然适合。,真合化成立时按化神功能重算节奏需要；合化争议时停止细化节奏画像。,近位提高该节奏议题进入关系核心的可能；远位只保留背景或阶段性观察。,82,+8 领域路由,rhythm_mode,HO05、HO07、HM09／HM11,该领域优先查看：HO05、HO07、HM09／HM11,不得仅凭本规则推出具体日期、交往时长、多久结婚、联系次数、见面频率或关系结果；不得把快等同冲动、慢等同冷淡、高频等同亲密、低频等同不爱。现实安全、双方同意、持续行为、生活条件、反例与协商优先。,中高,待验证,,rhythm_domain=HD07; provisional=true; rule_group=RHYTHM-HD领域; M3_STATE_pending=true,0.7
M5-RHYTHM-395,HD07 家庭、照护与第三方责任｜硬边界,L7 节奏与生活领域,RHYTHM-HD领域,通用,边界,HD07,家庭、照护与第三方责任,准备形成该领域结论。,现实存在更严格的安全、医疗或法律门槛。,由共享基础引擎、M2-TEMPO与M3功能模块提供；只修正用户能够承载怎样的推进、联系、共同时间、负荷与恢复节奏，不直接判断现实关系一定同步。,M2说明进入关系前的确认节奏；M5-RHYTHM只处理关系进入认真阶段以后，双方怎样持续协调推进与生活节奏。,M3-BASE、EXPR、CARE、BOUND、CONFLICT提供日常相处和状态通道；M5-RHYTHM负责把双方时间、负荷、联系、空间与恢复合成为长期节奏结构。,无／按本规则指定的提议—观察—同意—执行—反馈—调整—恢复路径路由。,近位、远位只修正某项节奏需求进入亲密关系核心的可能；不得据此判断具体对象现实中一定快、慢、黏、疏或稳定。,根气只修正节奏需求是否稳定重复，不等于双方现实节奏已成熟协调。,旺弱只修正某项推进、联系、共享、变化或恢复通道的调用强度，不直接等于适配质量。,喜忌只修正节奏调用顺畅度与摩擦，不可直接翻译为某种五行、十神或对象类型必然适合。,真合化成立时按化神功能重算节奏需要；合化争议时停止细化节奏画像。,近位提高该节奏议题进入关系核心的可能；远位只保留背景或阶段性观察。,96,不加分；硬边界,boundary_note,负荷需要透明、分工和外部支持。,负荷需要透明、分工和外部支持。,不得仅凭本规则推出具体日期、交往时长、多久结婚、联系次数、见面频率或关系结果；不得把快等同冲动、慢等同冷淡、高频等同亲密、低频等同不爱。现实安全、双方同意、持续行为、生活条件、反例与协商优先。,高,待验证,,rhythm_domain=HD07; provisional=true; rule_group=RHYTHM-HD领域; M3_STATE_pending=true,0.7
M5-RHYTHM-396,HD07 家庭、照护与第三方责任｜跨领域验证,L7 节奏与生活领域,RHYTHM-HD领域,通用,证据,HD07,家庭、照护与第三方责任,准备从该领域推广到整体节奏。,HV4以上且至少两个领域一致。,由共享基础引擎、M2-TEMPO与M3功能模块提供；只修正用户能够承载怎样的推进、联系、共同时间、负荷与恢复节奏，不直接判断现实关系一定同步。,M2说明进入关系前的确认节奏；M5-RHYTHM只处理关系进入认真阶段以后，双方怎样持续协调推进与生活节奏。,M3-BASE、EXPR、CARE、BOUND、CONFLICT提供日常相处和状态通道；M5-RHYTHM负责把双方时间、负荷、联系、空间与恢复合成为长期节奏结构。,无／按本规则指定的提议—观察—同意—执行—反馈—调整—恢复路径路由。,近位、远位只修正某项节奏需求进入亲密关系核心的可能；不得据此判断具体对象现实中一定快、慢、黏、疏或稳定。,根气只修正节奏需求是否稳定重复，不等于双方现实节奏已成熟协调。,旺弱只修正某项推进、联系、共享、变化或恢复通道的调用强度，不直接等于适配质量。,喜忌只修正节奏调用顺畅度与摩擦，不可直接翻译为某种五行、十神或对象类型必然适合。,真合化成立时按化神功能重算节奏需要；合化争议时停止细化节奏画像。,近位提高该节奏议题进入关系核心的可能；远位只保留背景或阶段性观察。,84,HV层级修正,observation_plan,领域节奏需分别验证，再由SYNTH合成。,在家庭、照护与第三方责任中协调得好，不代表所有节奏领域都同样成熟。,不得仅凭本规则推出具体日期、交往时长、多久结婚、联系次数、见面频率或关系结果；不得把快等同冲动、慢等同冷淡、高频等同亲密、低频等同不爱。现实安全、双方同意、持续行为、生活条件、反例与协商优先。,中高,待验证,,rhythm_domain=HD07; provisional=true; rule_group=RHYTHM-HD领域; M3_STATE_pending=true,0.7
M5-RHYTHM-397,HD08 金钱、资源与生活容量｜领域定义,L7 节奏与生活领域,RHYTHM-HD领域,通用,定义,HD08,金钱、资源与生活容量,分析双方在该领域的现实节奏。,无。,由共享基础引擎、M2-TEMPO与M3功能模块提供；只修正用户能够承载怎样的推进、联系、共同时间、负荷与恢复节奏，不直接判断现实关系一定同步。,M2说明进入关系前的确认节奏；M5-RHYTHM只处理关系进入认真阶段以后，双方怎样持续协调推进与生活节奏。,M3-BASE、EXPR、CARE、BOUND、CONFLICT提供日常相处和状态通道；M5-RHYTHM负责把双方时间、负荷、联系、空间与恢复合成为长期节奏结构。,无／按本规则指定的提议—观察—同意—执行—反馈—调整—恢复路径路由。,近位、远位只修正某项节奏需求进入亲密关系核心的可能；不得据此判断具体对象现实中一定快、慢、黏、疏或稳定。,根气只修正节奏需求是否稳定重复，不等于双方现实节奏已成熟协调。,旺弱只修正某项推进、联系、共享、变化或恢复通道的调用强度，不直接等于适配质量。,喜忌只修正节奏调用顺畅度与摩擦，不可直接翻译为某种五行、十神或对象类型必然适合。,真合化成立时按化神功能重算节奏需要；合化争议时停止细化节奏画像。,近位提高该节奏议题进入关系核心的可能；远位只保留背景或阶段性观察。,88,不加分；领域定义,rhythm_domains,预算、收入波动、住房、债务和共同成本。,金钱、资源与生活容量主要包括：预算、收入波动、住房、债务和共同成本。,不得仅凭本规则推出具体日期、交往时长、多久结婚、联系次数、见面频率或关系结果；不得把快等同冲动、慢等同冷淡、高频等同亲密、低频等同不爱。现实安全、双方同意、持续行为、生活条件、反例与协商优先。,高,待验证,,rhythm_domain=HD08; provisional=true; rule_group=RHYTHM-HD领域; M3_STATE_pending=true,0.7
M5-RHYTHM-398,HD08 金钱、资源与生活容量｜通道与模式路由,L7 节奏与生活领域,RHYTHM-HD领域,通用,路由,HD08,金钱、资源与生活容量,存在该领域现实事件。,把所有HC和HM都堆入同一领域。,由共享基础引擎、M2-TEMPO与M3功能模块提供；只修正用户能够承载怎样的推进、联系、共同时间、负荷与恢复节奏，不直接判断现实关系一定同步。,M2说明进入关系前的确认节奏；M5-RHYTHM只处理关系进入认真阶段以后，双方怎样持续协调推进与生活节奏。,M3-BASE、EXPR、CARE、BOUND、CONFLICT提供日常相处和状态通道；M5-RHYTHM负责把双方时间、负荷、联系、空间与恢复合成为长期节奏结构。,无／按本规则指定的提议—观察—同意—执行—反馈—调整—恢复路径路由。,近位、远位只修正某项节奏需求进入亲密关系核心的可能；不得据此判断具体对象现实中一定快、慢、黏、疏或稳定。,根气只修正节奏需求是否稳定重复，不等于双方现实节奏已成熟协调。,旺弱只修正某项推进、联系、共享、变化或恢复通道的调用强度，不直接等于适配质量。,喜忌只修正节奏调用顺畅度与摩擦，不可直接翻译为某种五行、十神或对象类型必然适合。,真合化成立时按化神功能重算节奏需要；合化争议时停止细化节奏画像。,近位提高该节奏议题进入关系核心的可能；远位只保留背景或阶段性观察。,82,+8 领域路由,rhythm_mode,HO05、HO09、HM04／HM09,该领域优先查看：HO05、HO09、HM04／HM09,不得仅凭本规则推出具体日期、交往时长、多久结婚、联系次数、见面频率或关系结果；不得把快等同冲动、慢等同冷淡、高频等同亲密、低频等同不爱。现实安全、双方同意、持续行为、生活条件、反例与协商优先。,中高,待验证,,rhythm_domain=HD08; provisional=true; rule_group=RHYTHM-HD领域; M3_STATE_pending=true,0.7
M5-RHYTHM-399,HD08 金钱、资源与生活容量｜硬边界,L7 节奏与生活领域,RHYTHM-HD领域,通用,边界,HD08,金钱、资源与生活容量,准备形成该领域结论。,现实存在更严格的安全、医疗或法律门槛。,由共享基础引擎、M2-TEMPO与M3功能模块提供；只修正用户能够承载怎样的推进、联系、共同时间、负荷与恢复节奏，不直接判断现实关系一定同步。,M2说明进入关系前的确认节奏；M5-RHYTHM只处理关系进入认真阶段以后，双方怎样持续协调推进与生活节奏。,M3-BASE、EXPR、CARE、BOUND、CONFLICT提供日常相处和状态通道；M5-RHYTHM负责把双方时间、负荷、联系、空间与恢复合成为长期节奏结构。,无／按本规则指定的提议—观察—同意—执行—反馈—调整—恢复路径路由。,近位、远位只修正某项节奏需求进入亲密关系核心的可能；不得据此判断具体对象现实中一定快、慢、黏、疏或稳定。,根气只修正节奏需求是否稳定重复，不等于双方现实节奏已成熟协调。,旺弱只修正某项推进、联系、共享、变化或恢复通道的调用强度，不直接等于适配质量。,喜忌只修正节奏调用顺畅度与摩擦，不可直接翻译为某种五行、十神或对象类型必然适合。,真合化成立时按化神功能重算节奏需要；合化争议时停止细化节奏画像。,近位提高该节奏议题进入关系核心的可能；远位只保留背景或阶段性观察。,96,不加分；硬边界,boundary_note,关系阶段要与真实资源同步。,关系阶段要与真实资源同步。,不得仅凭本规则推出具体日期、交往时长、多久结婚、联系次数、见面频率或关系结果；不得把快等同冲动、慢等同冷淡、高频等同亲密、低频等同不爱。现实安全、双方同意、持续行为、生活条件、反例与协商优先。,高,待验证,,rhythm_domain=HD08; provisional=true; rule_group=RHYTHM-HD领域; M3_STATE_pending=true,0.7
M5-RHYTHM-400,HD08 金钱、资源与生活容量｜跨领域验证,L7 节奏与生活领域,RHYTHM-HD领域,通用,证据,HD08,金钱、资源与生活容量,准备从该领域推广到整体节奏。,HV4以上且至少两个领域一致。,由共享基础引擎、M2-TEMPO与M3功能模块提供；只修正用户能够承载怎样的推进、联系、共同时间、负荷与恢复节奏，不直接判断现实关系一定同步。,M2说明进入关系前的确认节奏；M5-RHYTHM只处理关系进入认真阶段以后，双方怎样持续协调推进与生活节奏。,M3-BASE、EXPR、CARE、BOUND、CONFLICT提供日常相处和状态通道；M5-RHYTHM负责把双方时间、负荷、联系、空间与恢复合成为长期节奏结构。,无／按本规则指定的提议—观察—同意—执行—反馈—调整—恢复路径路由。,近位、远位只修正某项节奏需求进入亲密关系核心的可能；不得据此判断具体对象现实中一定快、慢、黏、疏或稳定。,根气只修正节奏需求是否稳定重复，不等于双方现实节奏已成熟协调。,旺弱只修正某项推进、联系、共享、变化或恢复通道的调用强度，不直接等于适配质量。,喜忌只修正节奏调用顺畅度与摩擦，不可直接翻译为某种五行、十神或对象类型必然适合。,真合化成立时按化神功能重算节奏需要；合化争议时停止细化节奏画像。,近位提高该节奏议题进入关系核心的可能；远位只保留背景或阶段性观察。,84,HV层级修正,observation_plan,领域节奏需分别验证，再由SYNTH合成。,在金钱、资源与生活容量中协调得好，不代表所有节奏领域都同样成熟。,不得仅凭本规则推出具体日期、交往时长、多久结婚、联系次数、见面频率或关系结果；不得把快等同冲动、慢等同冷淡、高频等同亲密、低频等同不爱。现实安全、双方同意、持续行为、生活条件、反例与协商优先。,中高,待验证,,rhythm_domain=HD08; provisional=true; rule_group=RHYTHM-HD领域; M3_STATE_pending=true,0.7
M5-RHYTHM-401,HD09 亲密、身体与性节奏｜领域定义,L7 节奏与生活领域,RHYTHM-HD领域,通用,定义,HD09,亲密、身体与性节奏,分析双方在该领域的现实节奏。,无。,由共享基础引擎、M2-TEMPO与M3功能模块提供；只修正用户能够承载怎样的推进、联系、共同时间、负荷与恢复节奏，不直接判断现实关系一定同步。,M2说明进入关系前的确认节奏；M5-RHYTHM只处理关系进入认真阶段以后，双方怎样持续协调推进与生活节奏。,M3-BASE、EXPR、CARE、BOUND、CONFLICT提供日常相处和状态通道；M5-RHYTHM负责把双方时间、负荷、联系、空间与恢复合成为长期节奏结构。,无／按本规则指定的提议—观察—同意—执行—反馈—调整—恢复路径路由。,近位、远位只修正某项节奏需求进入亲密关系核心的可能；不得据此判断具体对象现实中一定快、慢、黏、疏或稳定。,根气只修正节奏需求是否稳定重复，不等于双方现实节奏已成熟协调。,旺弱只修正某项推进、联系、共享、变化或恢复通道的调用强度，不直接等于适配质量。,喜忌只修正节奏调用顺畅度与摩擦，不可直接翻译为某种五行、十神或对象类型必然适合。,真合化成立时按化神功能重算节奏需要；合化争议时停止细化节奏画像。,近位提高该节奏议题进入关系核心的可能；远位只保留背景或阶段性观察。,88,不加分；领域定义,rhythm_domains,身体靠近、性、亲密频率、健康与恢复。,亲密、身体与性节奏主要包括：身体靠近、性、亲密频率、健康与恢复。,不得仅凭本规则推出具体日期、交往时长、多久结婚、联系次数、见面频率或关系结果；不得把快等同冲动、慢等同冷淡、高频等同亲密、低频等同不爱。现实安全、双方同意、持续行为、生活条件、反例与协商优先。,高,待验证,,rhythm_domain=HD09; provisional=true; rule_group=RHYTHM-HD领域; M3_STATE_pending=true,0.7
M5-RHYTHM-402,HD09 亲密、身体与性节奏｜通道与模式路由,L7 节奏与生活领域,RHYTHM-HD领域,通用,路由,HD09,亲密、身体与性节奏,存在该领域现实事件。,把所有HC和HM都堆入同一领域。,由共享基础引擎、M2-TEMPO与M3功能模块提供；只修正用户能够承载怎样的推进、联系、共同时间、负荷与恢复节奏，不直接判断现实关系一定同步。,M2说明进入关系前的确认节奏；M5-RHYTHM只处理关系进入认真阶段以后，双方怎样持续协调推进与生活节奏。,M3-BASE、EXPR、CARE、BOUND、CONFLICT提供日常相处和状态通道；M5-RHYTHM负责把双方时间、负荷、联系、空间与恢复合成为长期节奏结构。,无／按本规则指定的提议—观察—同意—执行—反馈—调整—恢复路径路由。,近位、远位只修正某项节奏需求进入亲密关系核心的可能；不得据此判断具体对象现实中一定快、慢、黏、疏或稳定。,根气只修正节奏需求是否稳定重复，不等于双方现实节奏已成熟协调。,旺弱只修正某项推进、联系、共享、变化或恢复通道的调用强度，不直接等于适配质量。,喜忌只修正节奏调用顺畅度与摩擦，不可直接翻译为某种五行、十神或对象类型必然适合。,真合化成立时按化神功能重算节奏需要；合化争议时停止细化节奏画像。,近位提高该节奏议题进入关系核心的可能；远位只保留背景或阶段性观察。,82,+8 领域路由,rhythm_mode,HO01、HO03、HO08,该领域优先查看：HO01、HO03、HO08,不得仅凭本规则推出具体日期、交往时长、多久结婚、联系次数、见面频率或关系结果；不得把快等同冲动、慢等同冷淡、高频等同亲密、低频等同不爱。现实安全、双方同意、持续行为、生活条件、反例与协商优先。,中高,待验证,,rhythm_domain=HD09; provisional=true; rule_group=RHYTHM-HD领域; M3_STATE_pending=true,0.7
M5-RHYTHM-403,HD09 亲密、身体与性节奏｜硬边界,L7 节奏与生活领域,RHYTHM-HD领域,通用,边界,HD09,亲密、身体与性节奏,准备形成该领域结论。,现实存在更严格的安全、医疗或法律门槛。,由共享基础引擎、M2-TEMPO与M3功能模块提供；只修正用户能够承载怎样的推进、联系、共同时间、负荷与恢复节奏，不直接判断现实关系一定同步。,M2说明进入关系前的确认节奏；M5-RHYTHM只处理关系进入认真阶段以后，双方怎样持续协调推进与生活节奏。,M3-BASE、EXPR、CARE、BOUND、CONFLICT提供日常相处和状态通道；M5-RHYTHM负责把双方时间、负荷、联系、空间与恢复合成为长期节奏结构。,无／按本规则指定的提议—观察—同意—执行—反馈—调整—恢复路径路由。,近位、远位只修正某项节奏需求进入亲密关系核心的可能；不得据此判断具体对象现实中一定快、慢、黏、疏或稳定。,根气只修正节奏需求是否稳定重复，不等于双方现实节奏已成熟协调。,旺弱只修正某项推进、联系、共享、变化或恢复通道的调用强度，不直接等于适配质量。,喜忌只修正节奏调用顺畅度与摩擦，不可直接翻译为某种五行、十神或对象类型必然适合。,真合化成立时按化神功能重算节奏需要；合化争议时停止细化节奏画像。,近位提高该节奏议题进入关系核心的可能；远位只保留背景或阶段性观察。,96,不加分；硬边界,boundary_note,持续同意和身体状态优先，不用频率证明爱。,持续同意和身体状态优先，不用频率证明爱。,不得仅凭本规则推出具体日期、交往时长、多久结婚、联系次数、见面频率或关系结果；不得把快等同冲动、慢等同冷淡、高频等同亲密、低频等同不爱。现实安全、双方同意、持续行为、生活条件、反例与协商优先。,高,待验证,,rhythm_domain=HD09; provisional=true; rule_group=RHYTHM-HD领域; M3_STATE_pending=true,0.7
M5-RHYTHM-404,HD09 亲密、身体与性节奏｜跨领域验证,L7 节奏与生活领域,RHYTHM-HD领域,通用,证据,HD09,亲密、身体与性节奏,准备从该领域推广到整体节奏。,HV4以上且至少两个领域一致。,由共享基础引擎、M2-TEMPO与M3功能模块提供；只修正用户能够承载怎样的推进、联系、共同时间、负荷与恢复节奏，不直接判断现实关系一定同步。,M2说明进入关系前的确认节奏；M5-RHYTHM只处理关系进入认真阶段以后，双方怎样持续协调推进与生活节奏。,M3-BASE、EXPR、CARE、BOUND、CONFLICT提供日常相处和状态通道；M5-RHYTHM负责把双方时间、负荷、联系、空间与恢复合成为长期节奏结构。,无／按本规则指定的提议—观察—同意—执行—反馈—调整—恢复路径路由。,近位、远位只修正某项节奏需求进入亲密关系核心的可能；不得据此判断具体对象现实中一定快、慢、黏、疏或稳定。,根气只修正节奏需求是否稳定重复，不等于双方现实节奏已成熟协调。,旺弱只修正某项推进、联系、共享、变化或恢复通道的调用强度，不直接等于适配质量。,喜忌只修正节奏调用顺畅度与摩擦，不可直接翻译为某种五行、十神或对象类型必然适合。,真合化成立时按化神功能重算节奏需要；合化争议时停止细化节奏画像。,近位提高该节奏议题进入关系核心的可能；远位只保留背景或阶段性观察。,84,HV层级修正,observation_plan,领域节奏需分别验证，再由SYNTH合成。,在亲密、身体与性节奏中协调得好，不代表所有节奏领域都同样成熟。,不得仅凭本规则推出具体日期、交往时长、多久结婚、联系次数、见面频率或关系结果；不得把快等同冲动、慢等同冷淡、高频等同亲密、低频等同不爱。现实安全、双方同意、持续行为、生活条件、反例与协商优先。,中高,待验证,,rhythm_domain=HD09; provisional=true; rule_group=RHYTHM-HD领域; M3_STATE_pending=true,0.7
M5-RHYTHM-405,HD10 冲突、降温与恢复｜领域定义,L7 节奏与生活领域,RHYTHM-HD领域,通用,定义,HD10,冲突、降温与恢复,分析双方在该领域的现实节奏。,无。,由共享基础引擎、M2-TEMPO与M3功能模块提供；只修正用户能够承载怎样的推进、联系、共同时间、负荷与恢复节奏，不直接判断现实关系一定同步。,M2说明进入关系前的确认节奏；M5-RHYTHM只处理关系进入认真阶段以后，双方怎样持续协调推进与生活节奏。,M3-BASE、EXPR、CARE、BOUND、CONFLICT提供日常相处和状态通道；M5-RHYTHM负责把双方时间、负荷、联系、空间与恢复合成为长期节奏结构。,无／按本规则指定的提议—观察—同意—执行—反馈—调整—恢复路径路由。,近位、远位只修正某项节奏需求进入亲密关系核心的可能；不得据此判断具体对象现实中一定快、慢、黏、疏或稳定。,根气只修正节奏需求是否稳定重复，不等于双方现实节奏已成熟协调。,旺弱只修正某项推进、联系、共享、变化或恢复通道的调用强度，不直接等于适配质量。,喜忌只修正节奏调用顺畅度与摩擦，不可直接翻译为某种五行、十神或对象类型必然适合。,真合化成立时按化神功能重算节奏需要；合化争议时停止细化节奏画像。,近位提高该节奏议题进入关系核心的可能；远位只保留背景或阶段性观察。,88,不加分；领域定义,rhythm_domains,分歧、暂停、最低联系、修复、重新开放和复盘。,冲突、降温与恢复主要包括：分歧、暂停、最低联系、修复、重新开放和复盘。,不得仅凭本规则推出具体日期、交往时长、多久结婚、联系次数、见面频率或关系结果；不得把快等同冲动、慢等同冷淡、高频等同亲密、低频等同不爱。现实安全、双方同意、持续行为、生活条件、反例与协商优先。,高,待验证,,rhythm_domain=HD10; provisional=true; rule_group=RHYTHM-HD领域; M3_STATE_pending=true,0.7
M5-RHYTHM-406,HD10 冲突、降温与恢复｜通道与模式路由,L7 节奏与生活领域,RHYTHM-HD领域,通用,路由,HD10,冲突、降温与恢复,存在该领域现实事件。,把所有HC和HM都堆入同一领域。,由共享基础引擎、M2-TEMPO与M3功能模块提供；只修正用户能够承载怎样的推进、联系、共同时间、负荷与恢复节奏，不直接判断现实关系一定同步。,M2说明进入关系前的确认节奏；M5-RHYTHM只处理关系进入认真阶段以后，双方怎样持续协调推进与生活节奏。,M3-BASE、EXPR、CARE、BOUND、CONFLICT提供日常相处和状态通道；M5-RHYTHM负责把双方时间、负荷、联系、空间与恢复合成为长期节奏结构。,无／按本规则指定的提议—观察—同意—执行—反馈—调整—恢复路径路由。,近位、远位只修正某项节奏需求进入亲密关系核心的可能；不得据此判断具体对象现实中一定快、慢、黏、疏或稳定。,根气只修正节奏需求是否稳定重复，不等于双方现实节奏已成熟协调。,旺弱只修正某项推进、联系、共享、变化或恢复通道的调用强度，不直接等于适配质量。,喜忌只修正节奏调用顺畅度与摩擦，不可直接翻译为某种五行、十神或对象类型必然适合。,真合化成立时按化神功能重算节奏需要；合化争议时停止细化节奏画像。,近位提高该节奏议题进入关系核心的可能；远位只保留背景或阶段性观察。,82,+8 领域路由,rhythm_mode,HO07、HO08、HO10、HM11,该领域优先查看：HO07、HO08、HO10、HM11,不得仅凭本规则推出具体日期、交往时长、多久结婚、联系次数、见面频率或关系结果；不得把快等同冲动、慢等同冷淡、高频等同亲密、低频等同不爱。现实安全、双方同意、持续行为、生活条件、反例与协商优先。,中高,待验证,,rhythm_domain=HD10; provisional=true; rule_group=RHYTHM-HD领域; M3_STATE_pending=true,0.7
M5-RHYTHM-407,HD10 冲突、降温与恢复｜硬边界,L7 节奏与生活领域,RHYTHM-HD领域,通用,边界,HD10,冲突、降温与恢复,准备形成该领域结论。,现实存在更严格的安全、医疗或法律门槛。,由共享基础引擎、M2-TEMPO与M3功能模块提供；只修正用户能够承载怎样的推进、联系、共同时间、负荷与恢复节奏，不直接判断现实关系一定同步。,M2说明进入关系前的确认节奏；M5-RHYTHM只处理关系进入认真阶段以后，双方怎样持续协调推进与生活节奏。,M3-BASE、EXPR、CARE、BOUND、CONFLICT提供日常相处和状态通道；M5-RHYTHM负责把双方时间、负荷、联系、空间与恢复合成为长期节奏结构。,无／按本规则指定的提议—观察—同意—执行—反馈—调整—恢复路径路由。,近位、远位只修正某项节奏需求进入亲密关系核心的可能；不得据此判断具体对象现实中一定快、慢、黏、疏或稳定。,根气只修正节奏需求是否稳定重复，不等于双方现实节奏已成熟协调。,旺弱只修正某项推进、联系、共享、变化或恢复通道的调用强度，不直接等于适配质量。,喜忌只修正节奏调用顺畅度与摩擦，不可直接翻译为某种五行、十神或对象类型必然适合。,真合化成立时按化神功能重算节奏需要；合化争议时停止细化节奏画像。,近位提高该节奏议题进入关系核心的可能；远位只保留背景或阶段性观察。,96,不加分；硬边界,boundary_note,压力和恢复使用不同节奏，并有回访与重订。,压力和恢复使用不同节奏，并有回访与重订。,不得仅凭本规则推出具体日期、交往时长、多久结婚、联系次数、见面频率或关系结果；不得把快等同冲动、慢等同冷淡、高频等同亲密、低频等同不爱。现实安全、双方同意、持续行为、生活条件、反例与协商优先。,高,待验证,,rhythm_domain=HD10; provisional=true; rule_group=RHYTHM-HD领域; M3_STATE_pending=true,0.7
M5-RHYTHM-408,HD10 冲突、降温与恢复｜跨领域验证,L7 节奏与生活领域,RHYTHM-HD领域,通用,证据,HD10,冲突、降温与恢复,准备从该领域推广到整体节奏。,HV4以上且至少两个领域一致。,由共享基础引擎、M2-TEMPO与M3功能模块提供；只修正用户能够承载怎样的推进、联系、共同时间、负荷与恢复节奏，不直接判断现实关系一定同步。,M2说明进入关系前的确认节奏；M5-RHYTHM只处理关系进入认真阶段以后，双方怎样持续协调推进与生活节奏。,M3-BASE、EXPR、CARE、BOUND、CONFLICT提供日常相处和状态通道；M5-RHYTHM负责把双方时间、负荷、联系、空间与恢复合成为长期节奏结构。,无／按本规则指定的提议—观察—同意—执行—反馈—调整—恢复路径路由。,近位、远位只修正某项节奏需求进入亲密关系核心的可能；不得据此判断具体对象现实中一定快、慢、黏、疏或稳定。,根气只修正节奏需求是否稳定重复，不等于双方现实节奏已成熟协调。,旺弱只修正某项推进、联系、共享、变化或恢复通道的调用强度，不直接等于适配质量。,喜忌只修正节奏调用顺畅度与摩擦，不可直接翻译为某种五行、十神或对象类型必然适合。,真合化成立时按化神功能重算节奏需要；合化争议时停止细化节奏画像。,近位提高该节奏议题进入关系核心的可能；远位只保留背景或阶段性观察。,84,HV层级修正,observation_plan,领域节奏需分别验证，再由SYNTH合成。,在冲突、降温与恢复中协调得好，不代表所有节奏领域都同样成熟。,不得仅凭本规则推出具体日期、交往时长、多久结婚、联系次数、见面频率或关系结果；不得把快等同冲动、慢等同冷淡、高频等同亲密、低频等同不爱。现实安全、双方同意、持续行为、生活条件、反例与协商优先。,中高,待验证,,rhythm_domain=HD10; provisional=true; rule_group=RHYTHM-HD领域; M3_STATE_pending=true,0.7
M5-RHYTHM-409,HP01 提议—观察—同意—下一阶段｜路径定义,L8 节奏闭环路径,RHYTHM-HP路径,通用,路径,HP01,HO01、HD01、HM01／HM02,提议、现实执行、反馈和调整至少三个节点有独立现实证据。,只有命理流通、理想计划或一方愿望，没有双方现实行为。,由共享基础引擎、M2-TEMPO与M3功能模块提供；只修正用户能够承载怎样的推进、联系、共同时间、负荷与恢复节奏，不直接判断现实关系一定同步。,M2说明进入关系前的确认节奏；M5-RHYTHM只处理关系进入认真阶段以后，双方怎样持续协调推进与生活节奏。,M3-BASE、EXPR、CARE、BOUND、CONFLICT提供日常相处和状态通道；M5-RHYTHM负责把双方时间、负荷、联系、空间与恢复合成为长期节奏结构。,无／按本规则指定的提议—观察—同意—执行—反馈—调整—恢复路径路由。,近位、远位只修正某项节奏需求进入亲密关系核心的可能；不得据此判断具体对象现实中一定快、慢、黏、疏或稳定。,根气只修正节奏需求是否稳定重复，不等于双方现实节奏已成熟协调。,旺弱只修正某项推进、联系、共享、变化或恢复通道的调用强度，不直接等于适配质量。,喜忌只修正节奏调用顺畅度与摩擦，不可直接翻译为某种五行、十神或对象类型必然适合。,真合化成立时按化神功能重算节奏需要；合化争议时停止细化节奏画像。,近位提高该节奏议题进入关系核心的可能；远位只保留背景或阶段性观察。,88,HP候选 +8,rhythm_path,提出关系或阶段建议，观察现实证据，双方明确同意后进入下一步。,较成熟的节奏顺序是：提出关系或阶段建议，观察现实证据，双方明确同意后进入下一步。,不得仅凭本规则推出具体日期、交往时长、多久结婚、联系次数、见面频率或关系结果；不得把快等同冲动、慢等同冷淡、高频等同亲密、低频等同不爱。现实安全、双方同意、持续行为、生活条件、反例与协商优先。,中高,待验证,,rhythm_path=HP01; use_case=适合推进、承诺和里程碑。; provisional=true; rule_group=RHYTHM-HP路径; M3_STATE_pending=true,0.7
M5-RHYTHM-410,HP01 提议—观察—同意—下一阶段｜断链与验证,L8 节奏闭环路径,RHYTHM-HP路径,通用,验证,HP01,HO01、HD01、HM01／HM02,使用场景：适合推进、承诺和里程碑。,把提议、一次配合、一次降频或恢复联系直接写成完整闭环。,由共享基础引擎、M2-TEMPO与M3功能模块提供；只修正用户能够承载怎样的推进、联系、共同时间、负荷与恢复节奏，不直接判断现实关系一定同步。,M2说明进入关系前的确认节奏；M5-RHYTHM只处理关系进入认真阶段以后，双方怎样持续协调推进与生活节奏。,M3-BASE、EXPR、CARE、BOUND、CONFLICT提供日常相处和状态通道；M5-RHYTHM负责把双方时间、负荷、联系、空间与恢复合成为长期节奏结构。,无／按本规则指定的提议—观察—同意—执行—反馈—调整—恢复路径路由。,近位、远位只修正某项节奏需求进入亲密关系核心的可能；不得据此判断具体对象现实中一定快、慢、黏、疏或稳定。,根气只修正节奏需求是否稳定重复，不等于双方现实节奏已成熟协调。,旺弱只修正某项推进、联系、共享、变化或恢复通道的调用强度，不直接等于适配质量。,喜忌只修正节奏调用顺畅度与摩擦，不可直接翻译为某种五行、十神或对象类型必然适合。,真合化成立时按化神功能重算节奏需要；合化争议时停止细化节奏画像。,近位提高该节奏议题进入关系核心的可能；远位只保留背景或阶段性观察。,92,断链风险 +12／完整调整 +10,rhythm_path_status,检查提出关系或阶段建议，观察现实证据，双方明确同意后进入下一步。中具体缺少哪个节点；前半段完成不等于节奏长期成立。,需要继续确认这条节奏路径是否真正走到反馈、调整、恢复或下一阶段。,不得仅凭本规则推出具体日期、交往时长、多久结婚、联系次数、见面频率或关系结果；不得把快等同冲动、慢等同冷淡、高频等同亲密、低频等同不爱。现实安全、双方同意、持续行为、生活条件、反例与协商优先。,中高,待验证,,rhythm_path=HP01; path_validation=true; provisional=true; rule_group=RHYTHM-HP路径; M3_STATE_pending=true,0.7
M5-RHYTHM-411,HP02 联系期待—现实频率—反馈—调整｜路径定义,L8 节奏闭环路径,RHYTHM-HP路径,通用,路径,HP02,HO02、HO04、HD02,提议、现实执行、反馈和调整至少三个节点有独立现实证据。,只有命理流通、理想计划或一方愿望，没有双方现实行为。,由共享基础引擎、M2-TEMPO与M3功能模块提供；只修正用户能够承载怎样的推进、联系、共同时间、负荷与恢复节奏，不直接判断现实关系一定同步。,M2说明进入关系前的确认节奏；M5-RHYTHM只处理关系进入认真阶段以后，双方怎样持续协调推进与生活节奏。,M3-BASE、EXPR、CARE、BOUND、CONFLICT提供日常相处和状态通道；M5-RHYTHM负责把双方时间、负荷、联系、空间与恢复合成为长期节奏结构。,无／按本规则指定的提议—观察—同意—执行—反馈—调整—恢复路径路由。,近位、远位只修正某项节奏需求进入亲密关系核心的可能；不得据此判断具体对象现实中一定快、慢、黏、疏或稳定。,根气只修正节奏需求是否稳定重复，不等于双方现实节奏已成熟协调。,旺弱只修正某项推进、联系、共享、变化或恢复通道的调用强度，不直接等于适配质量。,喜忌只修正节奏调用顺畅度与摩擦，不可直接翻译为某种五行、十神或对象类型必然适合。,真合化成立时按化神功能重算节奏需要；合化争议时停止细化节奏画像。,近位提高该节奏议题进入关系核心的可能；远位只保留背景或阶段性观察。,88,HP候选 +8,rhythm_path,先说明联系需要，观察实际频率，交换反馈并形成可持续基线。,较成熟的节奏顺序是：先说明联系需要，观察实际频率，交换反馈并形成可持续基线。,不得仅凭本规则推出具体日期、交往时长、多久结婚、联系次数、见面频率或关系结果；不得把快等同冲动、慢等同冷淡、高频等同亲密、低频等同不爱。现实安全、双方同意、持续行为、生活条件、反例与协商优先。,中高,待验证,,rhythm_path=HP02; use_case=适合高低频差异和异地。; provisional=true; rule_group=RHYTHM-HP路径; M3_STATE_pending=true,0.7
M5-RHYTHM-412,HP02 联系期待—现实频率—反馈—调整｜断链与验证,L8 节奏闭环路径,RHYTHM-HP路径,通用,验证,HP02,HO02、HO04、HD02,使用场景：适合高低频差异和异地。,把提议、一次配合、一次降频或恢复联系直接写成完整闭环。,由共享基础引擎、M2-TEMPO与M3功能模块提供；只修正用户能够承载怎样的推进、联系、共同时间、负荷与恢复节奏，不直接判断现实关系一定同步。,M2说明进入关系前的确认节奏；M5-RHYTHM只处理关系进入认真阶段以后，双方怎样持续协调推进与生活节奏。,M3-BASE、EXPR、CARE、BOUND、CONFLICT提供日常相处和状态通道；M5-RHYTHM负责把双方时间、负荷、联系、空间与恢复合成为长期节奏结构。,无／按本规则指定的提议—观察—同意—执行—反馈—调整—恢复路径路由。,近位、远位只修正某项节奏需求进入亲密关系核心的可能；不得据此判断具体对象现实中一定快、慢、黏、疏或稳定。,根气只修正节奏需求是否稳定重复，不等于双方现实节奏已成熟协调。,旺弱只修正某项推进、联系、共享、变化或恢复通道的调用强度，不直接等于适配质量。,喜忌只修正节奏调用顺畅度与摩擦，不可直接翻译为某种五行、十神或对象类型必然适合。,真合化成立时按化神功能重算节奏需要；合化争议时停止细化节奏画像。,近位提高该节奏议题进入关系核心的可能；远位只保留背景或阶段性观察。,92,断链风险 +12／完整调整 +10,rhythm_path_status,检查先说明联系需要，观察实际频率，交换反馈并形成可持续基线。中具体缺少哪个节点；前半段完成不等于节奏长期成立。,需要继续确认这条节奏路径是否真正走到反馈、调整、恢复或下一阶段。,不得仅凭本规则推出具体日期、交往时长、多久结婚、联系次数、见面频率或关系结果；不得把快等同冲动、慢等同冷淡、高频等同亲密、低频等同不爱。现实安全、双方同意、持续行为、生活条件、反例与协商优先。,中高,待验证,,rhythm_path=HP02; path_validation=true; provisional=true; rule_group=RHYTHM-HP路径; M3_STATE_pending=true,0.7
M5-RHYTHM-413,HP03 共同时间—个人时间—重新连接｜路径定义,L8 节奏闭环路径,RHYTHM-HP路径,通用,路径,HP03,HO03、HD03／HD04、HM08,提议、现实执行、反馈和调整至少三个节点有独立现实证据。,只有命理流通、理想计划或一方愿望，没有双方现实行为。,由共享基础引擎、M2-TEMPO与M3功能模块提供；只修正用户能够承载怎样的推进、联系、共同时间、负荷与恢复节奏，不直接判断现实关系一定同步。,M2说明进入关系前的确认节奏；M5-RHYTHM只处理关系进入认真阶段以后，双方怎样持续协调推进与生活节奏。,M3-BASE、EXPR、CARE、BOUND、CONFLICT提供日常相处和状态通道；M5-RHYTHM负责把双方时间、负荷、联系、空间与恢复合成为长期节奏结构。,无／按本规则指定的提议—观察—同意—执行—反馈—调整—恢复路径路由。,近位、远位只修正某项节奏需求进入亲密关系核心的可能；不得据此判断具体对象现实中一定快、慢、黏、疏或稳定。,根气只修正节奏需求是否稳定重复，不等于双方现实节奏已成熟协调。,旺弱只修正某项推进、联系、共享、变化或恢复通道的调用强度，不直接等于适配质量。,喜忌只修正节奏调用顺畅度与摩擦，不可直接翻译为某种五行、十神或对象类型必然适合。,真合化成立时按化神功能重算节奏需要；合化争议时停止细化节奏画像。,近位提高该节奏议题进入关系核心的可能；远位只保留背景或阶段性观察。,88,HP候选 +8,rhythm_path,安排共同时间后保留个人恢复，再按约主动重新连接。,较成熟的节奏顺序是：安排共同时间后保留个人恢复，再按约主动重新连接。,不得仅凭本规则推出具体日期、交往时长、多久结婚、联系次数、见面频率或关系结果；不得把快等同冲动、慢等同冷淡、高频等同亲密、低频等同不爱。现实安全、双方同意、持续行为、生活条件、反例与协商优先。,中高,待验证,,rhythm_path=HP03; use_case=适合亲密与自主并存。; provisional=true; rule_group=RHYTHM-HP路径; M3_STATE_pending=true,0.7
M5-RHYTHM-414,HP03 共同时间—个人时间—重新连接｜断链与验证,L8 节奏闭环路径,RHYTHM-HP路径,通用,验证,HP03,HO03、HD03／HD04、HM08,使用场景：适合亲密与自主并存。,把提议、一次配合、一次降频或恢复联系直接写成完整闭环。,由共享基础引擎、M2-TEMPO与M3功能模块提供；只修正用户能够承载怎样的推进、联系、共同时间、负荷与恢复节奏，不直接判断现实关系一定同步。,M2说明进入关系前的确认节奏；M5-RHYTHM只处理关系进入认真阶段以后，双方怎样持续协调推进与生活节奏。,M3-BASE、EXPR、CARE、BOUND、CONFLICT提供日常相处和状态通道；M5-RHYTHM负责把双方时间、负荷、联系、空间与恢复合成为长期节奏结构。,无／按本规则指定的提议—观察—同意—执行—反馈—调整—恢复路径路由。,近位、远位只修正某项节奏需求进入亲密关系核心的可能；不得据此判断具体对象现实中一定快、慢、黏、疏或稳定。,根气只修正节奏需求是否稳定重复，不等于双方现实节奏已成熟协调。,旺弱只修正某项推进、联系、共享、变化或恢复通道的调用强度，不直接等于适配质量。,喜忌只修正节奏调用顺畅度与摩擦，不可直接翻译为某种五行、十神或对象类型必然适合。,真合化成立时按化神功能重算节奏需要；合化争议时停止细化节奏画像。,近位提高该节奏议题进入关系核心的可能；远位只保留背景或阶段性观察。,92,断链风险 +12／完整调整 +10,rhythm_path_status,检查安排共同时间后保留个人恢复，再按约主动重新连接。中具体缺少哪个节点；前半段完成不等于节奏长期成立。,需要继续确认这条节奏路径是否真正走到反馈、调整、恢复或下一阶段。,不得仅凭本规则推出具体日期、交往时长、多久结婚、联系次数、见面频率或关系结果；不得把快等同冲动、慢等同冷淡、高频等同亲密、低频等同不爱。现实安全、双方同意、持续行为、生活条件、反例与协商优先。,中高,待验证,,rhythm_path=HP03; path_validation=true; provisional=true; rule_group=RHYTHM-HP路径; M3_STATE_pending=true,0.7
M5-RHYTHM-415,HP04 变化通知—替代方案—确认—执行｜路径定义,L8 节奏闭环路径,RHYTHM-HP路径,通用,路径,HP04,HO04、HM07,提议、现实执行、反馈和调整至少三个节点有独立现实证据。,只有命理流通、理想计划或一方愿望，没有双方现实行为。,由共享基础引擎、M2-TEMPO与M3功能模块提供；只修正用户能够承载怎样的推进、联系、共同时间、负荷与恢复节奏，不直接判断现实关系一定同步。,M2说明进入关系前的确认节奏；M5-RHYTHM只处理关系进入认真阶段以后，双方怎样持续协调推进与生活节奏。,M3-BASE、EXPR、CARE、BOUND、CONFLICT提供日常相处和状态通道；M5-RHYTHM负责把双方时间、负荷、联系、空间与恢复合成为长期节奏结构。,无／按本规则指定的提议—观察—同意—执行—反馈—调整—恢复路径路由。,近位、远位只修正某项节奏需求进入亲密关系核心的可能；不得据此判断具体对象现实中一定快、慢、黏、疏或稳定。,根气只修正节奏需求是否稳定重复，不等于双方现实节奏已成熟协调。,旺弱只修正某项推进、联系、共享、变化或恢复通道的调用强度，不直接等于适配质量。,喜忌只修正节奏调用顺畅度与摩擦，不可直接翻译为某种五行、十神或对象类型必然适合。,真合化成立时按化神功能重算节奏需要；合化争议时停止细化节奏画像。,近位提高该节奏议题进入关系核心的可能；远位只保留背景或阶段性观察。,88,HP候选 +8,rhythm_path,计划变化时及时说明影响，提出替代，并确认对方可接受后执行。,较成熟的节奏顺序是：计划变化时及时说明影响，提出替代，并确认对方可接受后执行。,不得仅凭本规则推出具体日期、交往时长、多久结婚、联系次数、见面频率或关系结果；不得把快等同冲动、慢等同冷淡、高频等同亲密、低频等同不爱。现实安全、双方同意、持续行为、生活条件、反例与协商优先。,中高,待验证,,rhythm_path=HP04; use_case=适合工作、旅行和临时取消。; provisional=true; rule_group=RHYTHM-HP路径; M3_STATE_pending=true,0.7
M5-RHYTHM-416,HP04 变化通知—替代方案—确认—执行｜断链与验证,L8 节奏闭环路径,RHYTHM-HP路径,通用,验证,HP04,HO04、HM07,使用场景：适合工作、旅行和临时取消。,把提议、一次配合、一次降频或恢复联系直接写成完整闭环。,由共享基础引擎、M2-TEMPO与M3功能模块提供；只修正用户能够承载怎样的推进、联系、共同时间、负荷与恢复节奏，不直接判断现实关系一定同步。,M2说明进入关系前的确认节奏；M5-RHYTHM只处理关系进入认真阶段以后，双方怎样持续协调推进与生活节奏。,M3-BASE、EXPR、CARE、BOUND、CONFLICT提供日常相处和状态通道；M5-RHYTHM负责把双方时间、负荷、联系、空间与恢复合成为长期节奏结构。,无／按本规则指定的提议—观察—同意—执行—反馈—调整—恢复路径路由。,近位、远位只修正某项节奏需求进入亲密关系核心的可能；不得据此判断具体对象现实中一定快、慢、黏、疏或稳定。,根气只修正节奏需求是否稳定重复，不等于双方现实节奏已成熟协调。,旺弱只修正某项推进、联系、共享、变化或恢复通道的调用强度，不直接等于适配质量。,喜忌只修正节奏调用顺畅度与摩擦，不可直接翻译为某种五行、十神或对象类型必然适合。,真合化成立时按化神功能重算节奏需要；合化争议时停止细化节奏画像。,近位提高该节奏议题进入关系核心的可能；远位只保留背景或阶段性观察。,92,断链风险 +12／完整调整 +10,rhythm_path_status,检查计划变化时及时说明影响，提出替代，并确认对方可接受后执行。中具体缺少哪个节点；前半段完成不等于节奏长期成立。,需要继续确认这条节奏路径是否真正走到反馈、调整、恢复或下一阶段。,不得仅凭本规则推出具体日期、交往时长、多久结婚、联系次数、见面频率或关系结果；不得把快等同冲动、慢等同冷淡、高频等同亲密、低频等同不爱。现实安全、双方同意、持续行为、生活条件、反例与协商优先。,中高,待验证,,rhythm_path=HP04; path_validation=true; provisional=true; rule_group=RHYTHM-HP路径; M3_STATE_pending=true,0.7
M5-RHYTHM-417,HP05 压力负荷—临时节奏—复核—恢复｜路径定义,L8 节奏闭环路径,RHYTHM-HP路径,通用,路径,HP05,HO05、HO07、HM09／HM11,提议、现实执行、反馈和调整至少三个节点有独立现实证据。,只有命理流通、理想计划或一方愿望，没有双方现实行为。,由共享基础引擎、M2-TEMPO与M3功能模块提供；只修正用户能够承载怎样的推进、联系、共同时间、负荷与恢复节奏，不直接判断现实关系一定同步。,M2说明进入关系前的确认节奏；M5-RHYTHM只处理关系进入认真阶段以后，双方怎样持续协调推进与生活节奏。,M3-BASE、EXPR、CARE、BOUND、CONFLICT提供日常相处和状态通道；M5-RHYTHM负责把双方时间、负荷、联系、空间与恢复合成为长期节奏结构。,无／按本规则指定的提议—观察—同意—执行—反馈—调整—恢复路径路由。,近位、远位只修正某项节奏需求进入亲密关系核心的可能；不得据此判断具体对象现实中一定快、慢、黏、疏或稳定。,根气只修正节奏需求是否稳定重复，不等于双方现实节奏已成熟协调。,旺弱只修正某项推进、联系、共享、变化或恢复通道的调用强度，不直接等于适配质量。,喜忌只修正节奏调用顺畅度与摩擦，不可直接翻译为某种五行、十神或对象类型必然适合。,真合化成立时按化神功能重算节奏需要；合化争议时停止细化节奏画像。,近位提高该节奏议题进入关系核心的可能；远位只保留背景或阶段性观察。,88,HP候选 +8,rhythm_path,高压期降低非核心安排，保留最低责任，定期复核并在条件允许时恢复。,较成熟的节奏顺序是：高压期降低非核心安排，保留最低责任，定期复核并在条件允许时恢复。,不得仅凭本规则推出具体日期、交往时长、多久结婚、联系次数、见面频率或关系结果；不得把快等同冲动、慢等同冷淡、高频等同亲密、低频等同不爱。现实安全、双方同意、持续行为、生活条件、反例与协商优先。,中高,待验证,,rhythm_path=HP05; use_case=适合项目、疾病和家庭照护。; provisional=true; rule_group=RHYTHM-HP路径; M3_STATE_pending=true,0.7
M5-RHYTHM-418,HP05 压力负荷—临时节奏—复核—恢复｜断链与验证,L8 节奏闭环路径,RHYTHM-HP路径,通用,验证,HP05,HO05、HO07、HM09／HM11,使用场景：适合项目、疾病和家庭照护。,把提议、一次配合、一次降频或恢复联系直接写成完整闭环。,由共享基础引擎、M2-TEMPO与M3功能模块提供；只修正用户能够承载怎样的推进、联系、共同时间、负荷与恢复节奏，不直接判断现实关系一定同步。,M2说明进入关系前的确认节奏；M5-RHYTHM只处理关系进入认真阶段以后，双方怎样持续协调推进与生活节奏。,M3-BASE、EXPR、CARE、BOUND、CONFLICT提供日常相处和状态通道；M5-RHYTHM负责把双方时间、负荷、联系、空间与恢复合成为长期节奏结构。,无／按本规则指定的提议—观察—同意—执行—反馈—调整—恢复路径路由。,近位、远位只修正某项节奏需求进入亲密关系核心的可能；不得据此判断具体对象现实中一定快、慢、黏、疏或稳定。,根气只修正节奏需求是否稳定重复，不等于双方现实节奏已成熟协调。,旺弱只修正某项推进、联系、共享、变化或恢复通道的调用强度，不直接等于适配质量。,喜忌只修正节奏调用顺畅度与摩擦，不可直接翻译为某种五行、十神或对象类型必然适合。,真合化成立时按化神功能重算节奏需要；合化争议时停止细化节奏画像。,近位提高该节奏议题进入关系核心的可能；远位只保留背景或阶段性观察。,92,断链风险 +12／完整调整 +10,rhythm_path_status,检查高压期降低非核心安排，保留最低责任，定期复核并在条件允许时恢复。中具体缺少哪个节点；前半段完成不等于节奏长期成立。,需要继续确认这条节奏路径是否真正走到反馈、调整、恢复或下一阶段。,不得仅凭本规则推出具体日期、交往时长、多久结婚、联系次数、见面频率或关系结果；不得把快等同冲动、慢等同冷淡、高频等同亲密、低频等同不爱。现实安全、双方同意、持续行为、生活条件、反例与协商优先。,中高,待验证,,rhythm_path=HP05; path_validation=true; provisional=true; rule_group=RHYTHM-HP路径; M3_STATE_pending=true,0.7
M5-RHYTHM-419,HP06 新鲜体验—基础安排—重复—复盘｜路径定义,L8 节奏闭环路径,RHYTHM-HP路径,通用,路径,HP06,HO06、HM10,提议、现实执行、反馈和调整至少三个节点有独立现实证据。,只有命理流通、理想计划或一方愿望，没有双方现实行为。,由共享基础引擎、M2-TEMPO与M3功能模块提供；只修正用户能够承载怎样的推进、联系、共同时间、负荷与恢复节奏，不直接判断现实关系一定同步。,M2说明进入关系前的确认节奏；M5-RHYTHM只处理关系进入认真阶段以后，双方怎样持续协调推进与生活节奏。,M3-BASE、EXPR、CARE、BOUND、CONFLICT提供日常相处和状态通道；M5-RHYTHM负责把双方时间、负荷、联系、空间与恢复合成为长期节奏结构。,无／按本规则指定的提议—观察—同意—执行—反馈—调整—恢复路径路由。,近位、远位只修正某项节奏需求进入亲密关系核心的可能；不得据此判断具体对象现实中一定快、慢、黏、疏或稳定。,根气只修正节奏需求是否稳定重复，不等于双方现实节奏已成熟协调。,旺弱只修正某项推进、联系、共享、变化或恢复通道的调用强度，不直接等于适配质量。,喜忌只修正节奏调用顺畅度与摩擦，不可直接翻译为某种五行、十神或对象类型必然适合。,真合化成立时按化神功能重算节奏需要；合化争议时停止细化节奏画像。,近位提高该节奏议题进入关系核心的可能；远位只保留背景或阶段性观察。,88,HP候选 +8,rhythm_path,体验带来活力，再形成可重复日常并复盘是否可持续。,较成熟的节奏顺序是：体验带来活力，再形成可重复日常并复盘是否可持续。,不得仅凭本规则推出具体日期、交往时长、多久结婚、联系次数、见面频率或关系结果；不得把快等同冲动、慢等同冷淡、高频等同亲密、低频等同不爱。现实安全、双方同意、持续行为、生活条件、反例与协商优先。,中高,待验证,,rhythm_path=HP06; use_case=适合体验型关系落地。; provisional=true; rule_group=RHYTHM-HP路径; M3_STATE_pending=true,0.7
M5-RHYTHM-420,HP06 新鲜体验—基础安排—重复—复盘｜断链与验证,L8 节奏闭环路径,RHYTHM-HP路径,通用,验证,HP06,HO06、HM10,使用场景：适合体验型关系落地。,把提议、一次配合、一次降频或恢复联系直接写成完整闭环。,由共享基础引擎、M2-TEMPO与M3功能模块提供；只修正用户能够承载怎样的推进、联系、共同时间、负荷与恢复节奏，不直接判断现实关系一定同步。,M2说明进入关系前的确认节奏；M5-RHYTHM只处理关系进入认真阶段以后，双方怎样持续协调推进与生活节奏。,M3-BASE、EXPR、CARE、BOUND、CONFLICT提供日常相处和状态通道；M5-RHYTHM负责把双方时间、负荷、联系、空间与恢复合成为长期节奏结构。,无／按本规则指定的提议—观察—同意—执行—反馈—调整—恢复路径路由。,近位、远位只修正某项节奏需求进入亲密关系核心的可能；不得据此判断具体对象现实中一定快、慢、黏、疏或稳定。,根气只修正节奏需求是否稳定重复，不等于双方现实节奏已成熟协调。,旺弱只修正某项推进、联系、共享、变化或恢复通道的调用强度，不直接等于适配质量。,喜忌只修正节奏调用顺畅度与摩擦，不可直接翻译为某种五行、十神或对象类型必然适合。,真合化成立时按化神功能重算节奏需要；合化争议时停止细化节奏画像。,近位提高该节奏议题进入关系核心的可能；远位只保留背景或阶段性观察。,92,断链风险 +12／完整调整 +10,rhythm_path_status,检查体验带来活力，再形成可重复日常并复盘是否可持续。中具体缺少哪个节点；前半段完成不等于节奏长期成立。,需要继续确认这条节奏路径是否真正走到反馈、调整、恢复或下一阶段。,不得仅凭本规则推出具体日期、交往时长、多久结婚、联系次数、见面频率或关系结果；不得把快等同冲动、慢等同冷淡、高频等同亲密、低频等同不爱。现实安全、双方同意、持续行为、生活条件、反例与协商优先。,中高,待验证,,rhythm_path=HP06; path_validation=true; provisional=true; rule_group=RHYTHM-HP路径; M3_STATE_pending=true,0.7
M5-RHYTHM-421,HP07 冲突—降温—回归—恢复｜路径定义,L8 节奏闭环路径,RHYTHM-HP路径,通用,路径,HP07,HO07、HO08、HD10,提议、现实执行、反馈和调整至少三个节点有独立现实证据。,只有命理流通、理想计划或一方愿望，没有双方现实行为。,由共享基础引擎、M2-TEMPO与M3功能模块提供；只修正用户能够承载怎样的推进、联系、共同时间、负荷与恢复节奏，不直接判断现实关系一定同步。,M2说明进入关系前的确认节奏；M5-RHYTHM只处理关系进入认真阶段以后，双方怎样持续协调推进与生活节奏。,M3-BASE、EXPR、CARE、BOUND、CONFLICT提供日常相处和状态通道；M5-RHYTHM负责把双方时间、负荷、联系、空间与恢复合成为长期节奏结构。,无／按本规则指定的提议—观察—同意—执行—反馈—调整—恢复路径路由。,近位、远位只修正某项节奏需求进入亲密关系核心的可能；不得据此判断具体对象现实中一定快、慢、黏、疏或稳定。,根气只修正节奏需求是否稳定重复，不等于双方现实节奏已成熟协调。,旺弱只修正某项推进、联系、共享、变化或恢复通道的调用强度，不直接等于适配质量。,喜忌只修正节奏调用顺畅度与摩擦，不可直接翻译为某种五行、十神或对象类型必然适合。,真合化成立时按化神功能重算节奏需要；合化争议时停止细化节奏画像。,近位提高该节奏议题进入关系核心的可能；远位只保留背景或阶段性观察。,88,HP候选 +8,rhythm_path,冲突后降低强度，保留最低连接，按约回归并分阶段恢复。,较成熟的节奏顺序是：冲突后降低强度，保留最低连接，按约回归并分阶段恢复。,不得仅凭本规则推出具体日期、交往时长、多久结婚、联系次数、见面频率或关系结果；不得把快等同冲动、慢等同冷淡、高频等同亲密、低频等同不爱。现实安全、双方同意、持续行为、生活条件、反例与协商优先。,中高,待验证,,rhythm_path=HP07; use_case=适合压力与修复节奏。; provisional=true; rule_group=RHYTHM-HP路径; M3_STATE_pending=true,0.7
M5-RHYTHM-422,HP07 冲突—降温—回归—恢复｜断链与验证,L8 节奏闭环路径,RHYTHM-HP路径,通用,验证,HP07,HO07、HO08、HD10,使用场景：适合压力与修复节奏。,把提议、一次配合、一次降频或恢复联系直接写成完整闭环。,由共享基础引擎、M2-TEMPO与M3功能模块提供；只修正用户能够承载怎样的推进、联系、共同时间、负荷与恢复节奏，不直接判断现实关系一定同步。,M2说明进入关系前的确认节奏；M5-RHYTHM只处理关系进入认真阶段以后，双方怎样持续协调推进与生活节奏。,M3-BASE、EXPR、CARE、BOUND、CONFLICT提供日常相处和状态通道；M5-RHYTHM负责把双方时间、负荷、联系、空间与恢复合成为长期节奏结构。,无／按本规则指定的提议—观察—同意—执行—反馈—调整—恢复路径路由。,近位、远位只修正某项节奏需求进入亲密关系核心的可能；不得据此判断具体对象现实中一定快、慢、黏、疏或稳定。,根气只修正节奏需求是否稳定重复，不等于双方现实节奏已成熟协调。,旺弱只修正某项推进、联系、共享、变化或恢复通道的调用强度，不直接等于适配质量。,喜忌只修正节奏调用顺畅度与摩擦，不可直接翻译为某种五行、十神或对象类型必然适合。,真合化成立时按化神功能重算节奏需要；合化争议时停止细化节奏画像。,近位提高该节奏议题进入关系核心的可能；远位只保留背景或阶段性观察。,92,断链风险 +12／完整调整 +10,rhythm_path_status,检查冲突后降低强度，保留最低连接，按约回归并分阶段恢复。中具体缺少哪个节点；前半段完成不等于节奏长期成立。,需要继续确认这条节奏路径是否真正走到反馈、调整、恢复或下一阶段。,不得仅凭本规则推出具体日期、交往时长、多久结婚、联系次数、见面频率或关系结果；不得把快等同冲动、慢等同冷淡、高频等同亲密、低频等同不爱。现实安全、双方同意、持续行为、生活条件、反例与协商优先。,中高,待验证,,rhythm_path=HP07; path_validation=true; provisional=true; rule_group=RHYTHM-HP路径; M3_STATE_pending=true,0.7
M5-RHYTHM-423,HP08 里程碑—责任—资源—回访｜路径定义,L8 节奏闭环路径,RHYTHM-HP路径,通用,路径,HP08,HO09、HD01／HD08,提议、现实执行、反馈和调整至少三个节点有独立现实证据。,只有命理流通、理想计划或一方愿望，没有双方现实行为。,由共享基础引擎、M2-TEMPO与M3功能模块提供；只修正用户能够承载怎样的推进、联系、共同时间、负荷与恢复节奏，不直接判断现实关系一定同步。,M2说明进入关系前的确认节奏；M5-RHYTHM只处理关系进入认真阶段以后，双方怎样持续协调推进与生活节奏。,M3-BASE、EXPR、CARE、BOUND、CONFLICT提供日常相处和状态通道；M5-RHYTHM负责把双方时间、负荷、联系、空间与恢复合成为长期节奏结构。,无／按本规则指定的提议—观察—同意—执行—反馈—调整—恢复路径路由。,近位、远位只修正某项节奏需求进入亲密关系核心的可能；不得据此判断具体对象现实中一定快、慢、黏、疏或稳定。,根气只修正节奏需求是否稳定重复，不等于双方现实节奏已成熟协调。,旺弱只修正某项推进、联系、共享、变化或恢复通道的调用强度，不直接等于适配质量。,喜忌只修正节奏调用顺畅度与摩擦，不可直接翻译为某种五行、十神或对象类型必然适合。,真合化成立时按化神功能重算节奏需要；合化争议时停止细化节奏画像。,近位提高该节奏议题进入关系核心的可能；远位只保留背景或阶段性观察。,88,HP候选 +8,rhythm_path,每个重大阶段同时确认责任、资源和生活影响，执行后复盘。,较成熟的节奏顺序是：每个重大阶段同时确认责任、资源和生活影响，执行后复盘。,不得仅凭本规则推出具体日期、交往时长、多久结婚、联系次数、见面频率或关系结果；不得把快等同冲动、慢等同冷淡、高频等同亲密、低频等同不爱。现实安全、双方同意、持续行为、生活条件、反例与协商优先。,中高,待验证,,rhythm_path=HP08; use_case=适合同居、婚育和长期承诺。; provisional=true; rule_group=RHYTHM-HP路径; M3_STATE_pending=true,0.7
M5-RHYTHM-424,HP08 里程碑—责任—资源—回访｜断链与验证,L8 节奏闭环路径,RHYTHM-HP路径,通用,验证,HP08,HO09、HD01／HD08,使用场景：适合同居、婚育和长期承诺。,把提议、一次配合、一次降频或恢复联系直接写成完整闭环。,由共享基础引擎、M2-TEMPO与M3功能模块提供；只修正用户能够承载怎样的推进、联系、共同时间、负荷与恢复节奏，不直接判断现实关系一定同步。,M2说明进入关系前的确认节奏；M5-RHYTHM只处理关系进入认真阶段以后，双方怎样持续协调推进与生活节奏。,M3-BASE、EXPR、CARE、BOUND、CONFLICT提供日常相处和状态通道；M5-RHYTHM负责把双方时间、负荷、联系、空间与恢复合成为长期节奏结构。,无／按本规则指定的提议—观察—同意—执行—反馈—调整—恢复路径路由。,近位、远位只修正某项节奏需求进入亲密关系核心的可能；不得据此判断具体对象现实中一定快、慢、黏、疏或稳定。,根气只修正节奏需求是否稳定重复，不等于双方现实节奏已成熟协调。,旺弱只修正某项推进、联系、共享、变化或恢复通道的调用强度，不直接等于适配质量。,喜忌只修正节奏调用顺畅度与摩擦，不可直接翻译为某种五行、十神或对象类型必然适合。,真合化成立时按化神功能重算节奏需要；合化争议时停止细化节奏画像。,近位提高该节奏议题进入关系核心的可能；远位只保留背景或阶段性观察。,92,断链风险 +12／完整调整 +10,rhythm_path_status,检查每个重大阶段同时确认责任、资源和生活影响，执行后复盘。中具体缺少哪个节点；前半段完成不等于节奏长期成立。,需要继续确认这条节奏路径是否真正走到反馈、调整、恢复或下一阶段。,不得仅凭本规则推出具体日期、交往时长、多久结婚、联系次数、见面频率或关系结果；不得把快等同冲动、慢等同冷淡、高频等同亲密、低频等同不爱。现实安全、双方同意、持续行为、生活条件、反例与协商优先。,中高,待验证,,rhythm_path=HP08; path_validation=true; provisional=true; rule_group=RHYTHM-HP路径; M3_STATE_pending=true,0.7
M5-RHYTHM-425,PH01 平稳日常期｜阶段定义,L9 关系气候阶段,RHYTHM-PH阶段,通用,定义,PH01,平稳日常期,存在对应关系阶段或现实状态资料。,只根据命盘或单方猜测阶段。,由共享基础引擎、M2-TEMPO与M3功能模块提供；只修正用户能够承载怎样的推进、联系、共同时间、负荷与恢复节奏，不直接判断现实关系一定同步。,M2说明进入关系前的确认节奏；M5-RHYTHM只处理关系进入认真阶段以后，双方怎样持续协调推进与生活节奏。,M3-BASE、EXPR、CARE、BOUND、CONFLICT提供日常相处和状态通道；M5-RHYTHM负责把双方时间、负荷、联系、空间与恢复合成为长期节奏结构。,无／按本规则指定的提议—观察—同意—执行—反馈—调整—恢复路径路由。,近位、远位只修正某项节奏需求进入亲密关系核心的可能；不得据此判断具体对象现实中一定快、慢、黏、疏或稳定。,根气只修正节奏需求是否稳定重复，不等于双方现实节奏已成熟协调。,旺弱只修正某项推进、联系、共享、变化或恢复通道的调用强度，不直接等于适配质量。,喜忌只修正节奏调用顺畅度与摩擦，不可直接翻译为某种五行、十神或对象类型必然适合。,真合化成立时按化神功能重算节奏需要；合化争议时停止细化节奏画像。,近位提高该节奏议题进入关系核心的可能；远位只保留背景或阶段性观察。,90,PH候选 +8,relationship_phase,关系主要靠规律联系、生活协同和低强度维护运行。,当前关系气候更接近平稳日常期。,不得仅凭本规则推出具体日期、交往时长、多久结婚、联系次数、见面频率或关系结果；不得把快等同冲动、慢等同冷淡、高频等同亲密、低频等同不爱。现实安全、双方同意、持续行为、生活条件、反例与协商优先。,中高,待验证,,relationship_phase=PH01; provisional=true; rule_group=RHYTHM-PH阶段; M3_STATE_pending=true,0.7
M5-RHYTHM-426,PH01 平稳日常期｜重点观察,L9 关系气候阶段,RHYTHM-PH阶段,通用,路由,PH01,平稳日常期,阶段资料与现实事件一致。,把该阶段的节奏推广为永久人格。,由共享基础引擎、M2-TEMPO与M3功能模块提供；只修正用户能够承载怎样的推进、联系、共同时间、负荷与恢复节奏，不直接判断现实关系一定同步。,M2说明进入关系前的确认节奏；M5-RHYTHM只处理关系进入认真阶段以后，双方怎样持续协调推进与生活节奏。,M3-BASE、EXPR、CARE、BOUND、CONFLICT提供日常相处和状态通道；M5-RHYTHM负责把双方时间、负荷、联系、空间与恢复合成为长期节奏结构。,无／按本规则指定的提议—观察—同意—执行—反馈—调整—恢复路径路由。,近位、远位只修正某项节奏需求进入亲密关系核心的可能；不得据此判断具体对象现实中一定快、慢、黏、疏或稳定。,根气只修正节奏需求是否稳定重复，不等于双方现实节奏已成熟协调。,旺弱只修正某项推进、联系、共享、变化或恢复通道的调用强度，不直接等于适配质量。,喜忌只修正节奏调用顺畅度与摩擦，不可直接翻译为某种五行、十神或对象类型必然适合。,真合化成立时按化神功能重算节奏需要；合化争议时停止细化节奏画像。,近位提高该节奏议题进入关系核心的可能；远位只保留背景或阶段性观察。,84,+8 阶段路由,rhythm_observation_dimensions,优先HO02、HO03、HO05、HO10。,在平稳日常期中，优先观察：优先HO02、HO03、HO05、HO10。,不得仅凭本规则推出具体日期、交往时长、多久结婚、联系次数、见面频率或关系结果；不得把快等同冲动、慢等同冷淡、高频等同亲密、低频等同不爱。现实安全、双方同意、持续行为、生活条件、反例与协商优先。,中高,待验证,,relationship_phase=PH01; provisional=true; rule_group=RHYTHM-PH阶段; M3_STATE_pending=true,0.7
M5-RHYTHM-427,PH01 平稳日常期｜阶段边界,L9 关系气候阶段,RHYTHM-PH阶段,通用,边界,PH01,平稳日常期,准备形成阶段结论。,阶段信息不足或安全门控未处理。,由共享基础引擎、M2-TEMPO与M3功能模块提供；只修正用户能够承载怎样的推进、联系、共同时间、负荷与恢复节奏，不直接判断现实关系一定同步。,M2说明进入关系前的确认节奏；M5-RHYTHM只处理关系进入认真阶段以后，双方怎样持续协调推进与生活节奏。,M3-BASE、EXPR、CARE、BOUND、CONFLICT提供日常相处和状态通道；M5-RHYTHM负责把双方时间、负荷、联系、空间与恢复合成为长期节奏结构。,无／按本规则指定的提议—观察—同意—执行—反馈—调整—恢复路径路由。,近位、远位只修正某项节奏需求进入亲密关系核心的可能；不得据此判断具体对象现实中一定快、慢、黏、疏或稳定。,根气只修正节奏需求是否稳定重复，不等于双方现实节奏已成熟协调。,旺弱只修正某项推进、联系、共享、变化或恢复通道的调用强度，不直接等于适配质量。,喜忌只修正节奏调用顺畅度与摩擦，不可直接翻译为某种五行、十神或对象类型必然适合。,真合化成立时按化神功能重算节奏需要；合化争议时停止细化节奏画像。,近位提高该节奏议题进入关系核心的可能；远位只保留背景或阶段性观察。,94,不加分；阶段边界,boundary_note,平稳不等于无需复盘。,平稳不等于无需复盘。,不得仅凭本规则推出具体日期、交往时长、多久结婚、联系次数、见面频率或关系结果；不得把快等同冲动、慢等同冷淡、高频等同亲密、低频等同不爱。现实安全、双方同意、持续行为、生活条件、反例与协商优先。,高,待验证,,relationship_phase=PH01; provisional=true; rule_group=RHYTHM-PH阶段; M3_STATE_pending=true,0.7
M5-RHYTHM-428,PH01 平稳日常期｜转场与复盘,L9 关系气候阶段,RHYTHM-PH阶段,通用,调整,PH01,平稳日常期,存在阶段变化、转折或长期停滞。,只有自然恢复期待，没有明确计划。,由共享基础引擎、M2-TEMPO与M3功能模块提供；只修正用户能够承载怎样的推进、联系、共同时间、负荷与恢复节奏，不直接判断现实关系一定同步。,M2说明进入关系前的确认节奏；M5-RHYTHM只处理关系进入认真阶段以后，双方怎样持续协调推进与生活节奏。,M3-BASE、EXPR、CARE、BOUND、CONFLICT提供日常相处和状态通道；M5-RHYTHM负责把双方时间、负荷、联系、空间与恢复合成为长期节奏结构。,无／按本规则指定的提议—观察—同意—执行—反馈—调整—恢复路径路由。,近位、远位只修正某项节奏需求进入亲密关系核心的可能；不得据此判断具体对象现实中一定快、慢、黏、疏或稳定。,根气只修正节奏需求是否稳定重复，不等于双方现实节奏已成熟协调。,旺弱只修正某项推进、联系、共享、变化或恢复通道的调用强度，不直接等于适配质量。,喜忌只修正节奏调用顺畅度与摩擦，不可直接翻译为某种五行、十神或对象类型必然适合。,真合化成立时按化神功能重算节奏需要；合化争议时停止细化节奏画像。,近位提高该节奏议题进入关系核心的可能；远位只保留背景或阶段性观察。,86,+10 转场证据,phase_transition,阶段不能无限延长，也不能自动回到旧节奏。,当阶段变化时，要重新确认双方能够承受什么节奏。,不得仅凭本规则推出具体日期、交往时长、多久结婚、联系次数、见面频率或关系结果；不得把快等同冲动、慢等同冷淡、高频等同亲密、低频等同不爱。现实安全、双方同意、持续行为、生活条件、反例与协商优先。,中高,待验证,,relationship_phase=PH01; provisional=true; rule_group=RHYTHM-PH阶段; M3_STATE_pending=true,0.7
M5-RHYTHM-429,PH02 升温靠近期｜阶段定义,L9 关系气候阶段,RHYTHM-PH阶段,通用,定义,PH02,升温靠近期,存在对应关系阶段或现实状态资料。,只根据命盘或单方猜测阶段。,由共享基础引擎、M2-TEMPO与M3功能模块提供；只修正用户能够承载怎样的推进、联系、共同时间、负荷与恢复节奏，不直接判断现实关系一定同步。,M2说明进入关系前的确认节奏；M5-RHYTHM只处理关系进入认真阶段以后，双方怎样持续协调推进与生活节奏。,M3-BASE、EXPR、CARE、BOUND、CONFLICT提供日常相处和状态通道；M5-RHYTHM负责把双方时间、负荷、联系、空间与恢复合成为长期节奏结构。,无／按本规则指定的提议—观察—同意—执行—反馈—调整—恢复路径路由。,近位、远位只修正某项节奏需求进入亲密关系核心的可能；不得据此判断具体对象现实中一定快、慢、黏、疏或稳定。,根气只修正节奏需求是否稳定重复，不等于双方现实节奏已成熟协调。,旺弱只修正某项推进、联系、共享、变化或恢复通道的调用强度，不直接等于适配质量。,喜忌只修正节奏调用顺畅度与摩擦，不可直接翻译为某种五行、十神或对象类型必然适合。,真合化成立时按化神功能重算节奏需要；合化争议时停止细化节奏画像。,近位提高该节奏议题进入关系核心的可能；远位只保留背景或阶段性观察。,90,PH候选 +8,relationship_phase,互动、共同体验和表达增加，双方逐渐扩大投入和开放。,当前关系气候更接近升温靠近期。,不得仅凭本规则推出具体日期、交往时长、多久结婚、联系次数、见面频率或关系结果；不得把快等同冲动、慢等同冷淡、高频等同亲密、低频等同不爱。现实安全、双方同意、持续行为、生活条件、反例与协商优先。,中高,待验证,,relationship_phase=PH02; provisional=true; rule_group=RHYTHM-PH阶段; M3_STATE_pending=true,0.7
M5-RHYTHM-430,PH02 升温靠近期｜重点观察,L9 关系气候阶段,RHYTHM-PH阶段,通用,路由,PH02,升温靠近期,阶段资料与现实事件一致。,把该阶段的节奏推广为永久人格。,由共享基础引擎、M2-TEMPO与M3功能模块提供；只修正用户能够承载怎样的推进、联系、共同时间、负荷与恢复节奏，不直接判断现实关系一定同步。,M2说明进入关系前的确认节奏；M5-RHYTHM只处理关系进入认真阶段以后，双方怎样持续协调推进与生活节奏。,M3-BASE、EXPR、CARE、BOUND、CONFLICT提供日常相处和状态通道；M5-RHYTHM负责把双方时间、负荷、联系、空间与恢复合成为长期节奏结构。,无／按本规则指定的提议—观察—同意—执行—反馈—调整—恢复路径路由。,近位、远位只修正某项节奏需求进入亲密关系核心的可能；不得据此判断具体对象现实中一定快、慢、黏、疏或稳定。,根气只修正节奏需求是否稳定重复，不等于双方现实节奏已成熟协调。,旺弱只修正某项推进、联系、共享、变化或恢复通道的调用强度，不直接等于适配质量。,喜忌只修正节奏调用顺畅度与摩擦，不可直接翻译为某种五行、十神或对象类型必然适合。,真合化成立时按化神功能重算节奏需要；合化争议时停止细化节奏画像。,近位提高该节奏议题进入关系核心的可能；远位只保留背景或阶段性观察。,84,+8 阶段路由,rhythm_observation_dimensions,优先HO01、HO02、HO06。,在升温靠近期中，优先观察：优先HO01、HO02、HO06。,不得仅凭本规则推出具体日期、交往时长、多久结婚、联系次数、见面频率或关系结果；不得把快等同冲动、慢等同冷淡、高频等同亲密、低频等同不爱。现实安全、双方同意、持续行为、生活条件、反例与协商优先。,中高,待验证,,relationship_phase=PH02; provisional=true; rule_group=RHYTHM-PH阶段; M3_STATE_pending=true,0.7
M5-RHYTHM-431,PH02 升温靠近期｜阶段边界,L9 关系气候阶段,RHYTHM-PH阶段,通用,边界,PH02,升温靠近期,准备形成阶段结论。,阶段信息不足或安全门控未处理。,由共享基础引擎、M2-TEMPO与M3功能模块提供；只修正用户能够承载怎样的推进、联系、共同时间、负荷与恢复节奏，不直接判断现实关系一定同步。,M2说明进入关系前的确认节奏；M5-RHYTHM只处理关系进入认真阶段以后，双方怎样持续协调推进与生活节奏。,M3-BASE、EXPR、CARE、BOUND、CONFLICT提供日常相处和状态通道；M5-RHYTHM负责把双方时间、负荷、联系、空间与恢复合成为长期节奏结构。,无／按本规则指定的提议—观察—同意—执行—反馈—调整—恢复路径路由。,近位、远位只修正某项节奏需求进入亲密关系核心的可能；不得据此判断具体对象现实中一定快、慢、黏、疏或稳定。,根气只修正节奏需求是否稳定重复，不等于双方现实节奏已成熟协调。,旺弱只修正某项推进、联系、共享、变化或恢复通道的调用强度，不直接等于适配质量。,喜忌只修正节奏调用顺畅度与摩擦，不可直接翻译为某种五行、十神或对象类型必然适合。,真合化成立时按化神功能重算节奏需要；合化争议时停止细化节奏画像。,近位提高该节奏议题进入关系核心的可能；远位只保留背景或阶段性观察。,94,不加分；阶段边界,boundary_note,升温不能替代边界与现实承载。,升温不能替代边界与现实承载。,不得仅凭本规则推出具体日期、交往时长、多久结婚、联系次数、见面频率或关系结果；不得把快等同冲动、慢等同冷淡、高频等同亲密、低频等同不爱。现实安全、双方同意、持续行为、生活条件、反例与协商优先。,高,待验证,,relationship_phase=PH02; provisional=true; rule_group=RHYTHM-PH阶段; M3_STATE_pending=true,0.7
M5-RHYTHM-432,PH02 升温靠近期｜转场与复盘,L9 关系气候阶段,RHYTHM-PH阶段,通用,调整,PH02,升温靠近期,存在阶段变化、转折或长期停滞。,只有自然恢复期待，没有明确计划。,由共享基础引擎、M2-TEMPO与M3功能模块提供；只修正用户能够承载怎样的推进、联系、共同时间、负荷与恢复节奏，不直接判断现实关系一定同步。,M2说明进入关系前的确认节奏；M5-RHYTHM只处理关系进入认真阶段以后，双方怎样持续协调推进与生活节奏。,M3-BASE、EXPR、CARE、BOUND、CONFLICT提供日常相处和状态通道；M5-RHYTHM负责把双方时间、负荷、联系、空间与恢复合成为长期节奏结构。,无／按本规则指定的提议—观察—同意—执行—反馈—调整—恢复路径路由。,近位、远位只修正某项节奏需求进入亲密关系核心的可能；不得据此判断具体对象现实中一定快、慢、黏、疏或稳定。,根气只修正节奏需求是否稳定重复，不等于双方现实节奏已成熟协调。,旺弱只修正某项推进、联系、共享、变化或恢复通道的调用强度，不直接等于适配质量。,喜忌只修正节奏调用顺畅度与摩擦，不可直接翻译为某种五行、十神或对象类型必然适合。,真合化成立时按化神功能重算节奏需要；合化争议时停止细化节奏画像。,近位提高该节奏议题进入关系核心的可能；远位只保留背景或阶段性观察。,86,+10 转场证据,phase_transition,阶段不能无限延长，也不能自动回到旧节奏。,当阶段变化时，要重新确认双方能够承受什么节奏。,不得仅凭本规则推出具体日期、交往时长、多久结婚、联系次数、见面频率或关系结果；不得把快等同冲动、慢等同冷淡、高频等同亲密、低频等同不爱。现实安全、双方同意、持续行为、生活条件、反例与协商优先。,中高,待验证,,relationship_phase=PH02; provisional=true; rule_group=RHYTHM-PH阶段; M3_STATE_pending=true,0.7
M5-RHYTHM-433,PH03 加速承诺期｜阶段定义,L9 关系气候阶段,RHYTHM-PH阶段,通用,定义,PH03,加速承诺期,存在对应关系阶段或现实状态资料。,只根据命盘或单方猜测阶段。,由共享基础引擎、M2-TEMPO与M3功能模块提供；只修正用户能够承载怎样的推进、联系、共同时间、负荷与恢复节奏，不直接判断现实关系一定同步。,M2说明进入关系前的确认节奏；M5-RHYTHM只处理关系进入认真阶段以后，双方怎样持续协调推进与生活节奏。,M3-BASE、EXPR、CARE、BOUND、CONFLICT提供日常相处和状态通道；M5-RHYTHM负责把双方时间、负荷、联系、空间与恢复合成为长期节奏结构。,无／按本规则指定的提议—观察—同意—执行—反馈—调整—恢复路径路由。,近位、远位只修正某项节奏需求进入亲密关系核心的可能；不得据此判断具体对象现实中一定快、慢、黏、疏或稳定。,根气只修正节奏需求是否稳定重复，不等于双方现实节奏已成熟协调。,旺弱只修正某项推进、联系、共享、变化或恢复通道的调用强度，不直接等于适配质量。,喜忌只修正节奏调用顺畅度与摩擦，不可直接翻译为某种五行、十神或对象类型必然适合。,真合化成立时按化神功能重算节奏需要；合化争议时停止细化节奏画像。,近位提高该节奏议题进入关系核心的可能；远位只保留背景或阶段性观察。,90,PH候选 +8,relationship_phase,关系定义、公开、同居或长期计划快速推进。,当前关系气候更接近加速承诺期。,不得仅凭本规则推出具体日期、交往时长、多久结婚、联系次数、见面频率或关系结果；不得把快等同冲动、慢等同冷淡、高频等同亲密、低频等同不爱。现实安全、双方同意、持续行为、生活条件、反例与协商优先。,中高,待验证,,relationship_phase=PH03; provisional=true; rule_group=RHYTHM-PH阶段; M3_STATE_pending=true,0.7
M5-RHYTHM-434,PH03 加速承诺期｜重点观察,L9 关系气候阶段,RHYTHM-PH阶段,通用,路由,PH03,加速承诺期,阶段资料与现实事件一致。,把该阶段的节奏推广为永久人格。,由共享基础引擎、M2-TEMPO与M3功能模块提供；只修正用户能够承载怎样的推进、联系、共同时间、负荷与恢复节奏，不直接判断现实关系一定同步。,M2说明进入关系前的确认节奏；M5-RHYTHM只处理关系进入认真阶段以后，双方怎样持续协调推进与生活节奏。,M3-BASE、EXPR、CARE、BOUND、CONFLICT提供日常相处和状态通道；M5-RHYTHM负责把双方时间、负荷、联系、空间与恢复合成为长期节奏结构。,无／按本规则指定的提议—观察—同意—执行—反馈—调整—恢复路径路由。,近位、远位只修正某项节奏需求进入亲密关系核心的可能；不得据此判断具体对象现实中一定快、慢、黏、疏或稳定。,根气只修正节奏需求是否稳定重复，不等于双方现实节奏已成熟协调。,旺弱只修正某项推进、联系、共享、变化或恢复通道的调用强度，不直接等于适配质量。,喜忌只修正节奏调用顺畅度与摩擦，不可直接翻译为某种五行、十神或对象类型必然适合。,真合化成立时按化神功能重算节奏需要；合化争议时停止细化节奏画像。,近位提高该节奏议题进入关系核心的可能；远位只保留背景或阶段性观察。,84,+8 阶段路由,rhythm_observation_dimensions,优先HO01、HO09、HP01／HP08。,在加速承诺期中，优先观察：优先HO01、HO09、HP01／HP08。,不得仅凭本规则推出具体日期、交往时长、多久结婚、联系次数、见面频率或关系结果；不得把快等同冲动、慢等同冷淡、高频等同亲密、低频等同不爱。现实安全、双方同意、持续行为、生活条件、反例与协商优先。,中高,待验证,,relationship_phase=PH03; provisional=true; rule_group=RHYTHM-PH阶段; M3_STATE_pending=true,0.7
M5-RHYTHM-435,PH03 加速承诺期｜阶段边界,L9 关系气候阶段,RHYTHM-PH阶段,通用,边界,PH03,加速承诺期,准备形成阶段结论。,阶段信息不足或安全门控未处理。,由共享基础引擎、M2-TEMPO与M3功能模块提供；只修正用户能够承载怎样的推进、联系、共同时间、负荷与恢复节奏，不直接判断现实关系一定同步。,M2说明进入关系前的确认节奏；M5-RHYTHM只处理关系进入认真阶段以后，双方怎样持续协调推进与生活节奏。,M3-BASE、EXPR、CARE、BOUND、CONFLICT提供日常相处和状态通道；M5-RHYTHM负责把双方时间、负荷、联系、空间与恢复合成为长期节奏结构。,无／按本规则指定的提议—观察—同意—执行—反馈—调整—恢复路径路由。,近位、远位只修正某项节奏需求进入亲密关系核心的可能；不得据此判断具体对象现实中一定快、慢、黏、疏或稳定。,根气只修正节奏需求是否稳定重复，不等于双方现实节奏已成熟协调。,旺弱只修正某项推进、联系、共享、变化或恢复通道的调用强度，不直接等于适配质量。,喜忌只修正节奏调用顺畅度与摩擦，不可直接翻译为某种五行、十神或对象类型必然适合。,真合化成立时按化神功能重算节奏需要；合化争议时停止细化节奏画像。,近位提高该节奏议题进入关系核心的可能；远位只保留背景或阶段性观察。,94,不加分；阶段边界,boundary_note,外部进展不等于内部确认和现实能力同步。,外部进展不等于内部确认和现实能力同步。,不得仅凭本规则推出具体日期、交往时长、多久结婚、联系次数、见面频率或关系结果；不得把快等同冲动、慢等同冷淡、高频等同亲密、低频等同不爱。现实安全、双方同意、持续行为、生活条件、反例与协商优先。,高,待验证,,relationship_phase=PH03; provisional=true; rule_group=RHYTHM-PH阶段; M3_STATE_pending=true,0.7
M5-RHYTHM-436,PH03 加速承诺期｜转场与复盘,L9 关系气候阶段,RHYTHM-PH阶段,通用,调整,PH03,加速承诺期,存在阶段变化、转折或长期停滞。,只有自然恢复期待，没有明确计划。,由共享基础引擎、M2-TEMPO与M3功能模块提供；只修正用户能够承载怎样的推进、联系、共同时间、负荷与恢复节奏，不直接判断现实关系一定同步。,M2说明进入关系前的确认节奏；M5-RHYTHM只处理关系进入认真阶段以后，双方怎样持续协调推进与生活节奏。,M3-BASE、EXPR、CARE、BOUND、CONFLICT提供日常相处和状态通道；M5-RHYTHM负责把双方时间、负荷、联系、空间与恢复合成为长期节奏结构。,无／按本规则指定的提议—观察—同意—执行—反馈—调整—恢复路径路由。,近位、远位只修正某项节奏需求进入亲密关系核心的可能；不得据此判断具体对象现实中一定快、慢、黏、疏或稳定。,根气只修正节奏需求是否稳定重复，不等于双方现实节奏已成熟协调。,旺弱只修正某项推进、联系、共享、变化或恢复通道的调用强度，不直接等于适配质量。,喜忌只修正节奏调用顺畅度与摩擦，不可直接翻译为某种五行、十神或对象类型必然适合。,真合化成立时按化神功能重算节奏需要；合化争议时停止细化节奏画像。,近位提高该节奏议题进入关系核心的可能；远位只保留背景或阶段性观察。,86,+10 转场证据,phase_transition,阶段不能无限延长，也不能自动回到旧节奏。,当阶段变化时，要重新确认双方能够承受什么节奏。,不得仅凭本规则推出具体日期、交往时长、多久结婚、联系次数、见面频率或关系结果；不得把快等同冲动、慢等同冷淡、高频等同亲密、低频等同不爱。现实安全、双方同意、持续行为、生活条件、反例与协商优先。,中高,待验证,,relationship_phase=PH03; provisional=true; rule_group=RHYTHM-PH阶段; M3_STATE_pending=true,0.7
M5-RHYTHM-437,PH04 高负荷压缩期｜阶段定义,L9 关系气候阶段,RHYTHM-PH阶段,通用,定义,PH04,高负荷压缩期,存在对应关系阶段或现实状态资料。,只根据命盘或单方猜测阶段。,由共享基础引擎、M2-TEMPO与M3功能模块提供；只修正用户能够承载怎样的推进、联系、共同时间、负荷与恢复节奏，不直接判断现实关系一定同步。,M2说明进入关系前的确认节奏；M5-RHYTHM只处理关系进入认真阶段以后，双方怎样持续协调推进与生活节奏。,M3-BASE、EXPR、CARE、BOUND、CONFLICT提供日常相处和状态通道；M5-RHYTHM负责把双方时间、负荷、联系、空间与恢复合成为长期节奏结构。,无／按本规则指定的提议—观察—同意—执行—反馈—调整—恢复路径路由。,近位、远位只修正某项节奏需求进入亲密关系核心的可能；不得据此判断具体对象现实中一定快、慢、黏、疏或稳定。,根气只修正节奏需求是否稳定重复，不等于双方现实节奏已成熟协调。,旺弱只修正某项推进、联系、共享、变化或恢复通道的调用强度，不直接等于适配质量。,喜忌只修正节奏调用顺畅度与摩擦，不可直接翻译为某种五行、十神或对象类型必然适合。,真合化成立时按化神功能重算节奏需要；合化争议时停止细化节奏画像。,近位提高该节奏议题进入关系核心的可能；远位只保留背景或阶段性观察。,90,PH候选 +8,relationship_phase,工作、金钱、健康、家庭或照护负荷挤压关系时间。,当前关系气候更接近高负荷压缩期。,不得仅凭本规则推出具体日期、交往时长、多久结婚、联系次数、见面频率或关系结果；不得把快等同冲动、慢等同冷淡、高频等同亲密、低频等同不爱。现实安全、双方同意、持续行为、生活条件、反例与协商优先。,中高,待验证,,relationship_phase=PH04; provisional=true; rule_group=RHYTHM-PH阶段; M3_STATE_pending=true,0.7
M5-RHYTHM-438,PH04 高负荷压缩期｜重点观察,L9 关系气候阶段,RHYTHM-PH阶段,通用,路由,PH04,高负荷压缩期,阶段资料与现实事件一致。,把该阶段的节奏推广为永久人格。,由共享基础引擎、M2-TEMPO与M3功能模块提供；只修正用户能够承载怎样的推进、联系、共同时间、负荷与恢复节奏，不直接判断现实关系一定同步。,M2说明进入关系前的确认节奏；M5-RHYTHM只处理关系进入认真阶段以后，双方怎样持续协调推进与生活节奏。,M3-BASE、EXPR、CARE、BOUND、CONFLICT提供日常相处和状态通道；M5-RHYTHM负责把双方时间、负荷、联系、空间与恢复合成为长期节奏结构。,无／按本规则指定的提议—观察—同意—执行—反馈—调整—恢复路径路由。,近位、远位只修正某项节奏需求进入亲密关系核心的可能；不得据此判断具体对象现实中一定快、慢、黏、疏或稳定。,根气只修正节奏需求是否稳定重复，不等于双方现实节奏已成熟协调。,旺弱只修正某项推进、联系、共享、变化或恢复通道的调用强度，不直接等于适配质量。,喜忌只修正节奏调用顺畅度与摩擦，不可直接翻译为某种五行、十神或对象类型必然适合。,真合化成立时按化神功能重算节奏需要；合化争议时停止细化节奏画像。,近位提高该节奏议题进入关系核心的可能；远位只保留背景或阶段性观察。,84,+8 阶段路由,rhythm_observation_dimensions,优先HO05、HO07、HM09。,在高负荷压缩期中，优先观察：优先HO05、HO07、HM09。,不得仅凭本规则推出具体日期、交往时长、多久结婚、联系次数、见面频率或关系结果；不得把快等同冲动、慢等同冷淡、高频等同亲密、低频等同不爱。现实安全、双方同意、持续行为、生活条件、反例与协商优先。,中高,待验证,,relationship_phase=PH04; provisional=true; rule_group=RHYTHM-PH阶段; M3_STATE_pending=true,0.7
M5-RHYTHM-439,PH04 高负荷压缩期｜阶段边界,L9 关系气候阶段,RHYTHM-PH阶段,通用,边界,PH04,高负荷压缩期,准备形成阶段结论。,阶段信息不足或安全门控未处理。,由共享基础引擎、M2-TEMPO与M3功能模块提供；只修正用户能够承载怎样的推进、联系、共同时间、负荷与恢复节奏，不直接判断现实关系一定同步。,M2说明进入关系前的确认节奏；M5-RHYTHM只处理关系进入认真阶段以后，双方怎样持续协调推进与生活节奏。,M3-BASE、EXPR、CARE、BOUND、CONFLICT提供日常相处和状态通道；M5-RHYTHM负责把双方时间、负荷、联系、空间与恢复合成为长期节奏结构。,无／按本规则指定的提议—观察—同意—执行—反馈—调整—恢复路径路由。,近位、远位只修正某项节奏需求进入亲密关系核心的可能；不得据此判断具体对象现实中一定快、慢、黏、疏或稳定。,根气只修正节奏需求是否稳定重复，不等于双方现实节奏已成熟协调。,旺弱只修正某项推进、联系、共享、变化或恢复通道的调用强度，不直接等于适配质量。,喜忌只修正节奏调用顺畅度与摩擦，不可直接翻译为某种五行、十神或对象类型必然适合。,真合化成立时按化神功能重算节奏需要；合化争议时停止细化节奏画像。,近位提高该节奏议题进入关系核心的可能；远位只保留背景或阶段性观察。,94,不加分；阶段边界,boundary_note,临时压缩需保留最低连接和恢复条件。,临时压缩需保留最低连接和恢复条件。,不得仅凭本规则推出具体日期、交往时长、多久结婚、联系次数、见面频率或关系结果；不得把快等同冲动、慢等同冷淡、高频等同亲密、低频等同不爱。现实安全、双方同意、持续行为、生活条件、反例与协商优先。,高,待验证,,relationship_phase=PH04; provisional=true; rule_group=RHYTHM-PH阶段; M3_STATE_pending=true,0.7
M5-RHYTHM-440,PH04 高负荷压缩期｜转场与复盘,L9 关系气候阶段,RHYTHM-PH阶段,通用,调整,PH04,高负荷压缩期,存在阶段变化、转折或长期停滞。,只有自然恢复期待，没有明确计划。,由共享基础引擎、M2-TEMPO与M3功能模块提供；只修正用户能够承载怎样的推进、联系、共同时间、负荷与恢复节奏，不直接判断现实关系一定同步。,M2说明进入关系前的确认节奏；M5-RHYTHM只处理关系进入认真阶段以后，双方怎样持续协调推进与生活节奏。,M3-BASE、EXPR、CARE、BOUND、CONFLICT提供日常相处和状态通道；M5-RHYTHM负责把双方时间、负荷、联系、空间与恢复合成为长期节奏结构。,无／按本规则指定的提议—观察—同意—执行—反馈—调整—恢复路径路由。,近位、远位只修正某项节奏需求进入亲密关系核心的可能；不得据此判断具体对象现实中一定快、慢、黏、疏或稳定。,根气只修正节奏需求是否稳定重复，不等于双方现实节奏已成熟协调。,旺弱只修正某项推进、联系、共享、变化或恢复通道的调用强度，不直接等于适配质量。,喜忌只修正节奏调用顺畅度与摩擦，不可直接翻译为某种五行、十神或对象类型必然适合。,真合化成立时按化神功能重算节奏需要；合化争议时停止细化节奏画像。,近位提高该节奏议题进入关系核心的可能；远位只保留背景或阶段性观察。,86,+10 转场证据,phase_transition,阶段不能无限延长，也不能自动回到旧节奏。,当阶段变化时，要重新确认双方能够承受什么节奏。,不得仅凭本规则推出具体日期、交往时长、多久结婚、联系次数、见面频率或关系结果；不得把快等同冲动、慢等同冷淡、高频等同亲密、低频等同不爱。现实安全、双方同意、持续行为、生活条件、反例与协商优先。,中高,待验证,,relationship_phase=PH04; provisional=true; rule_group=RHYTHM-PH阶段; M3_STATE_pending=true,0.7
M5-RHYTHM-441,PH05 降频与距离期｜阶段定义,L9 关系气候阶段,RHYTHM-PH阶段,通用,定义,PH05,降频与距离期,存在对应关系阶段或现实状态资料。,只根据命盘或单方猜测阶段。,由共享基础引擎、M2-TEMPO与M3功能模块提供；只修正用户能够承载怎样的推进、联系、共同时间、负荷与恢复节奏，不直接判断现实关系一定同步。,M2说明进入关系前的确认节奏；M5-RHYTHM只处理关系进入认真阶段以后，双方怎样持续协调推进与生活节奏。,M3-BASE、EXPR、CARE、BOUND、CONFLICT提供日常相处和状态通道；M5-RHYTHM负责把双方时间、负荷、联系、空间与恢复合成为长期节奏结构。,无／按本规则指定的提议—观察—同意—执行—反馈—调整—恢复路径路由。,近位、远位只修正某项节奏需求进入亲密关系核心的可能；不得据此判断具体对象现实中一定快、慢、黏、疏或稳定。,根气只修正节奏需求是否稳定重复，不等于双方现实节奏已成熟协调。,旺弱只修正某项推进、联系、共享、变化或恢复通道的调用强度，不直接等于适配质量。,喜忌只修正节奏调用顺畅度与摩擦，不可直接翻译为某种五行、十神或对象类型必然适合。,真合化成立时按化神功能重算节奏需要；合化争议时停止细化节奏画像。,近位提高该节奏议题进入关系核心的可能；远位只保留背景或阶段性观察。,90,PH候选 +8,relationship_phase,联系、见面、亲密或共同活动明显减少。,当前关系气候更接近降频与距离期。,不得仅凭本规则推出具体日期、交往时长、多久结婚、联系次数、见面频率或关系结果；不得把快等同冲动、慢等同冷淡、高频等同亲密、低频等同不爱。现实安全、双方同意、持续行为、生活条件、反例与协商优先。,中高,待验证,,relationship_phase=PH05; provisional=true; rule_group=RHYTHM-PH阶段; M3_STATE_pending=true,0.7
M5-RHYTHM-442,PH05 降频与距离期｜重点观察,L9 关系气候阶段,RHYTHM-PH阶段,通用,路由,PH05,降频与距离期,阶段资料与现实事件一致。,把该阶段的节奏推广为永久人格。,由共享基础引擎、M2-TEMPO与M3功能模块提供；只修正用户能够承载怎样的推进、联系、共同时间、负荷与恢复节奏，不直接判断现实关系一定同步。,M2说明进入关系前的确认节奏；M5-RHYTHM只处理关系进入认真阶段以后，双方怎样持续协调推进与生活节奏。,M3-BASE、EXPR、CARE、BOUND、CONFLICT提供日常相处和状态通道；M5-RHYTHM负责把双方时间、负荷、联系、空间与恢复合成为长期节奏结构。,无／按本规则指定的提议—观察—同意—执行—反馈—调整—恢复路径路由。,近位、远位只修正某项节奏需求进入亲密关系核心的可能；不得据此判断具体对象现实中一定快、慢、黏、疏或稳定。,根气只修正节奏需求是否稳定重复，不等于双方现实节奏已成熟协调。,旺弱只修正某项推进、联系、共享、变化或恢复通道的调用强度，不直接等于适配质量。,喜忌只修正节奏调用顺畅度与摩擦，不可直接翻译为某种五行、十神或对象类型必然适合。,真合化成立时按化神功能重算节奏需要；合化争议时停止细化节奏画像。,近位提高该节奏议题进入关系核心的可能；远位只保留背景或阶段性观察。,84,+8 阶段路由,rhythm_observation_dimensions,优先HO02、HO04、HO08。,在降频与距离期中，优先观察：优先HO02、HO04、HO08。,不得仅凭本规则推出具体日期、交往时长、多久结婚、联系次数、见面频率或关系结果；不得把快等同冲动、慢等同冷淡、高频等同亲密、低频等同不爱。现实安全、双方同意、持续行为、生活条件、反例与协商优先。,中高,待验证,,relationship_phase=PH05; provisional=true; rule_group=RHYTHM-PH阶段; M3_STATE_pending=true,0.7
M5-RHYTHM-443,PH05 降频与距离期｜阶段边界,L9 关系气候阶段,RHYTHM-PH阶段,通用,边界,PH05,降频与距离期,准备形成阶段结论。,阶段信息不足或安全门控未处理。,由共享基础引擎、M2-TEMPO与M3功能模块提供；只修正用户能够承载怎样的推进、联系、共同时间、负荷与恢复节奏，不直接判断现实关系一定同步。,M2说明进入关系前的确认节奏；M5-RHYTHM只处理关系进入认真阶段以后，双方怎样持续协调推进与生活节奏。,M3-BASE、EXPR、CARE、BOUND、CONFLICT提供日常相处和状态通道；M5-RHYTHM负责把双方时间、负荷、联系、空间与恢复合成为长期节奏结构。,无／按本规则指定的提议—观察—同意—执行—反馈—调整—恢复路径路由。,近位、远位只修正某项节奏需求进入亲密关系核心的可能；不得据此判断具体对象现实中一定快、慢、黏、疏或稳定。,根气只修正节奏需求是否稳定重复，不等于双方现实节奏已成熟协调。,旺弱只修正某项推进、联系、共享、变化或恢复通道的调用强度，不直接等于适配质量。,喜忌只修正节奏调用顺畅度与摩擦，不可直接翻译为某种五行、十神或对象类型必然适合。,真合化成立时按化神功能重算节奏需要；合化争议时停止细化节奏画像。,近位提高该节奏议题进入关系核心的可能；远位只保留背景或阶段性观察。,94,不加分；阶段边界,boundary_note,降频原因、时间和回归必须透明。,降频原因、时间和回归必须透明。,不得仅凭本规则推出具体日期、交往时长、多久结婚、联系次数、见面频率或关系结果；不得把快等同冲动、慢等同冷淡、高频等同亲密、低频等同不爱。现实安全、双方同意、持续行为、生活条件、反例与协商优先。,高,待验证,,relationship_phase=PH05; provisional=true; rule_group=RHYTHM-PH阶段; M3_STATE_pending=true,0.7
M5-RHYTHM-444,PH05 降频与距离期｜转场与复盘,L9 关系气候阶段,RHYTHM-PH阶段,通用,调整,PH05,降频与距离期,存在阶段变化、转折或长期停滞。,只有自然恢复期待，没有明确计划。,由共享基础引擎、M2-TEMPO与M3功能模块提供；只修正用户能够承载怎样的推进、联系、共同时间、负荷与恢复节奏，不直接判断现实关系一定同步。,M2说明进入关系前的确认节奏；M5-RHYTHM只处理关系进入认真阶段以后，双方怎样持续协调推进与生活节奏。,M3-BASE、EXPR、CARE、BOUND、CONFLICT提供日常相处和状态通道；M5-RHYTHM负责把双方时间、负荷、联系、空间与恢复合成为长期节奏结构。,无／按本规则指定的提议—观察—同意—执行—反馈—调整—恢复路径路由。,近位、远位只修正某项节奏需求进入亲密关系核心的可能；不得据此判断具体对象现实中一定快、慢、黏、疏或稳定。,根气只修正节奏需求是否稳定重复，不等于双方现实节奏已成熟协调。,旺弱只修正某项推进、联系、共享、变化或恢复通道的调用强度，不直接等于适配质量。,喜忌只修正节奏调用顺畅度与摩擦，不可直接翻译为某种五行、十神或对象类型必然适合。,真合化成立时按化神功能重算节奏需要；合化争议时停止细化节奏画像。,近位提高该节奏议题进入关系核心的可能；远位只保留背景或阶段性观察。,86,+10 转场证据,phase_transition,阶段不能无限延长，也不能自动回到旧节奏。,当阶段变化时，要重新确认双方能够承受什么节奏。,不得仅凭本规则推出具体日期、交往时长、多久结婚、联系次数、见面频率或关系结果；不得把快等同冲动、慢等同冷淡、高频等同亲密、低频等同不爱。现实安全、双方同意、持续行为、生活条件、反例与协商优先。,中高,待验证,,relationship_phase=PH05; provisional=true; rule_group=RHYTHM-PH阶段; M3_STATE_pending=true,0.7
M5-RHYTHM-445,PH06 恢复重连期｜阶段定义,L9 关系气候阶段,RHYTHM-PH阶段,通用,定义,PH06,恢复重连期,存在对应关系阶段或现实状态资料。,只根据命盘或单方猜测阶段。,由共享基础引擎、M2-TEMPO与M3功能模块提供；只修正用户能够承载怎样的推进、联系、共同时间、负荷与恢复节奏，不直接判断现实关系一定同步。,M2说明进入关系前的确认节奏；M5-RHYTHM只处理关系进入认真阶段以后，双方怎样持续协调推进与生活节奏。,M3-BASE、EXPR、CARE、BOUND、CONFLICT提供日常相处和状态通道；M5-RHYTHM负责把双方时间、负荷、联系、空间与恢复合成为长期节奏结构。,无／按本规则指定的提议—观察—同意—执行—反馈—调整—恢复路径路由。,近位、远位只修正某项节奏需求进入亲密关系核心的可能；不得据此判断具体对象现实中一定快、慢、黏、疏或稳定。,根气只修正节奏需求是否稳定重复，不等于双方现实节奏已成熟协调。,旺弱只修正某项推进、联系、共享、变化或恢复通道的调用强度，不直接等于适配质量。,喜忌只修正节奏调用顺畅度与摩擦，不可直接翻译为某种五行、十神或对象类型必然适合。,真合化成立时按化神功能重算节奏需要；合化争议时停止细化节奏画像。,近位提高该节奏议题进入关系核心的可能；远位只保留背景或阶段性观察。,90,PH候选 +8,relationship_phase,压力或冲突后逐步恢复联系、任务、亲密和共同计划。,当前关系气候更接近恢复重连期。,不得仅凭本规则推出具体日期、交往时长、多久结婚、联系次数、见面频率或关系结果；不得把快等同冲动、慢等同冷淡、高频等同亲密、低频等同不爱。现实安全、双方同意、持续行为、生活条件、反例与协商优先。,中高,待验证,,relationship_phase=PH06; provisional=true; rule_group=RHYTHM-PH阶段; M3_STATE_pending=true,0.7
M5-RHYTHM-446,PH06 恢复重连期｜重点观察,L9 关系气候阶段,RHYTHM-PH阶段,通用,路由,PH06,恢复重连期,阶段资料与现实事件一致。,把该阶段的节奏推广为永久人格。,由共享基础引擎、M2-TEMPO与M3功能模块提供；只修正用户能够承载怎样的推进、联系、共同时间、负荷与恢复节奏，不直接判断现实关系一定同步。,M2说明进入关系前的确认节奏；M5-RHYTHM只处理关系进入认真阶段以后，双方怎样持续协调推进与生活节奏。,M3-BASE、EXPR、CARE、BOUND、CONFLICT提供日常相处和状态通道；M5-RHYTHM负责把双方时间、负荷、联系、空间与恢复合成为长期节奏结构。,无／按本规则指定的提议—观察—同意—执行—反馈—调整—恢复路径路由。,近位、远位只修正某项节奏需求进入亲密关系核心的可能；不得据此判断具体对象现实中一定快、慢、黏、疏或稳定。,根气只修正节奏需求是否稳定重复，不等于双方现实节奏已成熟协调。,旺弱只修正某项推进、联系、共享、变化或恢复通道的调用强度，不直接等于适配质量。,喜忌只修正节奏调用顺畅度与摩擦，不可直接翻译为某种五行、十神或对象类型必然适合。,真合化成立时按化神功能重算节奏需要；合化争议时停止细化节奏画像。,近位提高该节奏议题进入关系核心的可能；远位只保留背景或阶段性观察。,84,+8 阶段路由,rhythm_observation_dimensions,优先HO08、HO10、HP07。,在恢复重连期中，优先观察：优先HO08、HO10、HP07。,不得仅凭本规则推出具体日期、交往时长、多久结婚、联系次数、见面频率或关系结果；不得把快等同冲动、慢等同冷淡、高频等同亲密、低频等同不爱。现实安全、双方同意、持续行为、生活条件、反例与协商优先。,中高,待验证,,relationship_phase=PH06; provisional=true; rule_group=RHYTHM-PH阶段; M3_STATE_pending=true,0.7
M5-RHYTHM-447,PH06 恢复重连期｜阶段边界,L9 关系气候阶段,RHYTHM-PH阶段,通用,边界,PH06,恢复重连期,准备形成阶段结论。,阶段信息不足或安全门控未处理。,由共享基础引擎、M2-TEMPO与M3功能模块提供；只修正用户能够承载怎样的推进、联系、共同时间、负荷与恢复节奏，不直接判断现实关系一定同步。,M2说明进入关系前的确认节奏；M5-RHYTHM只处理关系进入认真阶段以后，双方怎样持续协调推进与生活节奏。,M3-BASE、EXPR、CARE、BOUND、CONFLICT提供日常相处和状态通道；M5-RHYTHM负责把双方时间、负荷、联系、空间与恢复合成为长期节奏结构。,无／按本规则指定的提议—观察—同意—执行—反馈—调整—恢复路径路由。,近位、远位只修正某项节奏需求进入亲密关系核心的可能；不得据此判断具体对象现实中一定快、慢、黏、疏或稳定。,根气只修正节奏需求是否稳定重复，不等于双方现实节奏已成熟协调。,旺弱只修正某项推进、联系、共享、变化或恢复通道的调用强度，不直接等于适配质量。,喜忌只修正节奏调用顺畅度与摩擦，不可直接翻译为某种五行、十神或对象类型必然适合。,真合化成立时按化神功能重算节奏需要；合化争议时停止细化节奏画像。,近位提高该节奏议题进入关系核心的可能；远位只保留背景或阶段性观察。,94,不加分；阶段边界,boundary_note,恢复需要分阶段，不要求瞬间回到原强度。,恢复需要分阶段，不要求瞬间回到原强度。,不得仅凭本规则推出具体日期、交往时长、多久结婚、联系次数、见面频率或关系结果；不得把快等同冲动、慢等同冷淡、高频等同亲密、低频等同不爱。现实安全、双方同意、持续行为、生活条件、反例与协商优先。,高,待验证,,relationship_phase=PH06; provisional=true; rule_group=RHYTHM-PH阶段; M3_STATE_pending=true,0.7
M5-RHYTHM-448,PH06 恢复重连期｜转场与复盘,L9 关系气候阶段,RHYTHM-PH阶段,通用,调整,PH06,恢复重连期,存在阶段变化、转折或长期停滞。,只有自然恢复期待，没有明确计划。,由共享基础引擎、M2-TEMPO与M3功能模块提供；只修正用户能够承载怎样的推进、联系、共同时间、负荷与恢复节奏，不直接判断现实关系一定同步。,M2说明进入关系前的确认节奏；M5-RHYTHM只处理关系进入认真阶段以后，双方怎样持续协调推进与生活节奏。,M3-BASE、EXPR、CARE、BOUND、CONFLICT提供日常相处和状态通道；M5-RHYTHM负责把双方时间、负荷、联系、空间与恢复合成为长期节奏结构。,无／按本规则指定的提议—观察—同意—执行—反馈—调整—恢复路径路由。,近位、远位只修正某项节奏需求进入亲密关系核心的可能；不得据此判断具体对象现实中一定快、慢、黏、疏或稳定。,根气只修正节奏需求是否稳定重复，不等于双方现实节奏已成熟协调。,旺弱只修正某项推进、联系、共享、变化或恢复通道的调用强度，不直接等于适配质量。,喜忌只修正节奏调用顺畅度与摩擦，不可直接翻译为某种五行、十神或对象类型必然适合。,真合化成立时按化神功能重算节奏需要；合化争议时停止细化节奏画像。,近位提高该节奏议题进入关系核心的可能；远位只保留背景或阶段性观察。,86,+10 转场证据,phase_transition,阶段不能无限延长，也不能自动回到旧节奏。,当阶段变化时，要重新确认双方能够承受什么节奏。,不得仅凭本规则推出具体日期、交往时长、多久结婚、联系次数、见面频率或关系结果；不得把快等同冲动、慢等同冷淡、高频等同亲密、低频等同不爱。现实安全、双方同意、持续行为、生活条件、反例与协商优先。,中高,待验证,,relationship_phase=PH06; provisional=true; rule_group=RHYTHM-PH阶段; M3_STATE_pending=true,0.7
M5-RHYTHM-449,PH07 转折重组期｜阶段定义,L9 关系气候阶段,RHYTHM-PH阶段,通用,定义,PH07,转折重组期,存在对应关系阶段或现实状态资料。,只根据命盘或单方猜测阶段。,由共享基础引擎、M2-TEMPO与M3功能模块提供；只修正用户能够承载怎样的推进、联系、共同时间、负荷与恢复节奏，不直接判断现实关系一定同步。,M2说明进入关系前的确认节奏；M5-RHYTHM只处理关系进入认真阶段以后，双方怎样持续协调推进与生活节奏。,M3-BASE、EXPR、CARE、BOUND、CONFLICT提供日常相处和状态通道；M5-RHYTHM负责把双方时间、负荷、联系、空间与恢复合成为长期节奏结构。,无／按本规则指定的提议—观察—同意—执行—反馈—调整—恢复路径路由。,近位、远位只修正某项节奏需求进入亲密关系核心的可能；不得据此判断具体对象现实中一定快、慢、黏、疏或稳定。,根气只修正节奏需求是否稳定重复，不等于双方现实节奏已成熟协调。,旺弱只修正某项推进、联系、共享、变化或恢复通道的调用强度，不直接等于适配质量。,喜忌只修正节奏调用顺畅度与摩擦，不可直接翻译为某种五行、十神或对象类型必然适合。,真合化成立时按化神功能重算节奏需要；合化争议时停止细化节奏画像。,近位提高该节奏议题进入关系核心的可能；远位只保留背景或阶段性观察。,90,PH候选 +8,relationship_phase,搬迁、职业、家庭、婚育或生活结构改变，旧节奏需要重组。,当前关系气候更接近转折重组期。,不得仅凭本规则推出具体日期、交往时长、多久结婚、联系次数、见面频率或关系结果；不得把快等同冲动、慢等同冷淡、高频等同亲密、低频等同不爱。现实安全、双方同意、持续行为、生活条件、反例与协商优先。,中高,待验证,,relationship_phase=PH07; provisional=true; rule_group=RHYTHM-PH阶段; M3_STATE_pending=true,0.7
M5-RHYTHM-450,PH07 转折重组期｜重点观察,L9 关系气候阶段,RHYTHM-PH阶段,通用,路由,PH07,转折重组期,阶段资料与现实事件一致。,把该阶段的节奏推广为永久人格。,由共享基础引擎、M2-TEMPO与M3功能模块提供；只修正用户能够承载怎样的推进、联系、共同时间、负荷与恢复节奏，不直接判断现实关系一定同步。,M2说明进入关系前的确认节奏；M5-RHYTHM只处理关系进入认真阶段以后，双方怎样持续协调推进与生活节奏。,M3-BASE、EXPR、CARE、BOUND、CONFLICT提供日常相处和状态通道；M5-RHYTHM负责把双方时间、负荷、联系、空间与恢复合成为长期节奏结构。,无／按本规则指定的提议—观察—同意—执行—反馈—调整—恢复路径路由。,近位、远位只修正某项节奏需求进入亲密关系核心的可能；不得据此判断具体对象现实中一定快、慢、黏、疏或稳定。,根气只修正节奏需求是否稳定重复，不等于双方现实节奏已成熟协调。,旺弱只修正某项推进、联系、共享、变化或恢复通道的调用强度，不直接等于适配质量。,喜忌只修正节奏调用顺畅度与摩擦，不可直接翻译为某种五行、十神或对象类型必然适合。,真合化成立时按化神功能重算节奏需要；合化争议时停止细化节奏画像。,近位提高该节奏议题进入关系核心的可能；远位只保留背景或阶段性观察。,84,+8 阶段路由,rhythm_observation_dimensions,优先HO04、HO05、HO09、HO10。,在转折重组期中，优先观察：优先HO04、HO05、HO09、HO10。,不得仅凭本规则推出具体日期、交往时长、多久结婚、联系次数、见面频率或关系结果；不得把快等同冲动、慢等同冷淡、高频等同亲密、低频等同不爱。现实安全、双方同意、持续行为、生活条件、反例与协商优先。,中高,待验证,,relationship_phase=PH07; provisional=true; rule_group=RHYTHM-PH阶段; M3_STATE_pending=true,0.7
M5-RHYTHM-451,PH07 转折重组期｜阶段边界,L9 关系气候阶段,RHYTHM-PH阶段,通用,边界,PH07,转折重组期,准备形成阶段结论。,阶段信息不足或安全门控未处理。,由共享基础引擎、M2-TEMPO与M3功能模块提供；只修正用户能够承载怎样的推进、联系、共同时间、负荷与恢复节奏，不直接判断现实关系一定同步。,M2说明进入关系前的确认节奏；M5-RHYTHM只处理关系进入认真阶段以后，双方怎样持续协调推进与生活节奏。,M3-BASE、EXPR、CARE、BOUND、CONFLICT提供日常相处和状态通道；M5-RHYTHM负责把双方时间、负荷、联系、空间与恢复合成为长期节奏结构。,无／按本规则指定的提议—观察—同意—执行—反馈—调整—恢复路径路由。,近位、远位只修正某项节奏需求进入亲密关系核心的可能；不得据此判断具体对象现实中一定快、慢、黏、疏或稳定。,根气只修正节奏需求是否稳定重复，不等于双方现实节奏已成熟协调。,旺弱只修正某项推进、联系、共享、变化或恢复通道的调用强度，不直接等于适配质量。,喜忌只修正节奏调用顺畅度与摩擦，不可直接翻译为某种五行、十神或对象类型必然适合。,真合化成立时按化神功能重算节奏需要；合化争议时停止细化节奏画像。,近位提高该节奏议题进入关系核心的可能；远位只保留背景或阶段性观察。,94,不加分；阶段边界,boundary_note,旧规则不能自动延续。,旧规则不能自动延续。,不得仅凭本规则推出具体日期、交往时长、多久结婚、联系次数、见面频率或关系结果；不得把快等同冲动、慢等同冷淡、高频等同亲密、低频等同不爱。现实安全、双方同意、持续行为、生活条件、反例与协商优先。,高,待验证,,relationship_phase=PH07; provisional=true; rule_group=RHYTHM-PH阶段; M3_STATE_pending=true,0.7
M5-RHYTHM-452,PH07 转折重组期｜转场与复盘,L9 关系气候阶段,RHYTHM-PH阶段,通用,调整,PH07,转折重组期,存在阶段变化、转折或长期停滞。,只有自然恢复期待，没有明确计划。,由共享基础引擎、M2-TEMPO与M3功能模块提供；只修正用户能够承载怎样的推进、联系、共同时间、负荷与恢复节奏，不直接判断现实关系一定同步。,M2说明进入关系前的确认节奏；M5-RHYTHM只处理关系进入认真阶段以后，双方怎样持续协调推进与生活节奏。,M3-BASE、EXPR、CARE、BOUND、CONFLICT提供日常相处和状态通道；M5-RHYTHM负责把双方时间、负荷、联系、空间与恢复合成为长期节奏结构。,无／按本规则指定的提议—观察—同意—执行—反馈—调整—恢复路径路由。,近位、远位只修正某项节奏需求进入亲密关系核心的可能；不得据此判断具体对象现实中一定快、慢、黏、疏或稳定。,根气只修正节奏需求是否稳定重复，不等于双方现实节奏已成熟协调。,旺弱只修正某项推进、联系、共享、变化或恢复通道的调用强度，不直接等于适配质量。,喜忌只修正节奏调用顺畅度与摩擦，不可直接翻译为某种五行、十神或对象类型必然适合。,真合化成立时按化神功能重算节奏需要；合化争议时停止细化节奏画像。,近位提高该节奏议题进入关系核心的可能；远位只保留背景或阶段性观察。,86,+10 转场证据,phase_transition,阶段不能无限延长，也不能自动回到旧节奏。,当阶段变化时，要重新确认双方能够承受什么节奏。,不得仅凭本规则推出具体日期、交往时长、多久结婚、联系次数、见面频率或关系结果；不得把快等同冲动、慢等同冷淡、高频等同亲密、低频等同不爱。现实安全、双方同意、持续行为、生活条件、反例与协商优先。,中高,待验证,,relationship_phase=PH07; provisional=true; rule_group=RHYTHM-PH阶段; M3_STATE_pending=true,0.7
M5-RHYTHM-453,PH08 未定／安全停止期｜阶段定义,L9 关系气候阶段,RHYTHM-PH阶段,通用,定义,PH08,未定／安全停止期,存在对应关系阶段或现实状态资料。,只根据命盘或单方猜测阶段。,由共享基础引擎、M2-TEMPO与M3功能模块提供；只修正用户能够承载怎样的推进、联系、共同时间、负荷与恢复节奏，不直接判断现实关系一定同步。,M2说明进入关系前的确认节奏；M5-RHYTHM只处理关系进入认真阶段以后，双方怎样持续协调推进与生活节奏。,M3-BASE、EXPR、CARE、BOUND、CONFLICT提供日常相处和状态通道；M5-RHYTHM负责把双方时间、负荷、联系、空间与恢复合成为长期节奏结构。,无／按本规则指定的提议—观察—同意—执行—反馈—调整—恢复路径路由。,近位、远位只修正某项节奏需求进入亲密关系核心的可能；不得据此判断具体对象现实中一定快、慢、黏、疏或稳定。,根气只修正节奏需求是否稳定重复，不等于双方现实节奏已成熟协调。,旺弱只修正某项推进、联系、共享、变化或恢复通道的调用强度，不直接等于适配质量。,喜忌只修正节奏调用顺畅度与摩擦，不可直接翻译为某种五行、十神或对象类型必然适合。,真合化成立时按化神功能重算节奏需要；合化争议时停止细化节奏画像。,近位提高该节奏议题进入关系核心的可能；远位只保留背景或阶段性观察。,90,PH候选 +8,relationship_phase,资料不足、双方状态不明或存在控制、监控与难以退出。,当前关系气候更接近未定／安全停止期。,不得仅凭本规则推出具体日期、交往时长、多久结婚、联系次数、见面频率或关系结果；不得把快等同冲动、慢等同冷淡、高频等同亲密、低频等同不爱。现实安全、双方同意、持续行为、生活条件、反例与协商优先。,中高,待验证,,relationship_phase=PH08; provisional=true; rule_group=RHYTHM-PH阶段; M3_STATE_pending=true,0.7
M5-RHYTHM-454,PH08 未定／安全停止期｜重点观察,L9 关系气候阶段,RHYTHM-PH阶段,通用,路由,PH08,未定／安全停止期,阶段资料与现实事件一致。,把该阶段的节奏推广为永久人格。,由共享基础引擎、M2-TEMPO与M3功能模块提供；只修正用户能够承载怎样的推进、联系、共同时间、负荷与恢复节奏，不直接判断现实关系一定同步。,M2说明进入关系前的确认节奏；M5-RHYTHM只处理关系进入认真阶段以后，双方怎样持续协调推进与生活节奏。,M3-BASE、EXPR、CARE、BOUND、CONFLICT提供日常相处和状态通道；M5-RHYTHM负责把双方时间、负荷、联系、空间与恢复合成为长期节奏结构。,无／按本规则指定的提议—观察—同意—执行—反馈—调整—恢复路径路由。,近位、远位只修正某项节奏需求进入亲密关系核心的可能；不得据此判断具体对象现实中一定快、慢、黏、疏或稳定。,根气只修正节奏需求是否稳定重复，不等于双方现实节奏已成熟协调。,旺弱只修正某项推进、联系、共享、变化或恢复通道的调用强度，不直接等于适配质量。,喜忌只修正节奏调用顺畅度与摩擦，不可直接翻译为某种五行、十神或对象类型必然适合。,真合化成立时按化神功能重算节奏需要；合化争议时停止细化节奏画像。,近位提高该节奏议题进入关系核心的可能；远位只保留背景或阶段性观察。,84,+8 阶段路由,rhythm_observation_dimensions,只输出资料需求、安全支持或有限观察。,在未定／安全停止期中，优先观察：只输出资料需求、安全支持或有限观察。,不得仅凭本规则推出具体日期、交往时长、多久结婚、联系次数、见面频率或关系结果；不得把快等同冲动、慢等同冷淡、高频等同亲密、低频等同不爱。现实安全、双方同意、持续行为、生活条件、反例与协商优先。,中高,待验证,,relationship_phase=PH08; provisional=true; rule_group=RHYTHM-PH阶段; M3_STATE_pending=true,0.7
M5-RHYTHM-455,PH08 未定／安全停止期｜阶段边界,L9 关系气候阶段,RHYTHM-PH阶段,通用,边界,PH08,未定／安全停止期,准备形成阶段结论。,阶段信息不足或安全门控未处理。,由共享基础引擎、M2-TEMPO与M3功能模块提供；只修正用户能够承载怎样的推进、联系、共同时间、负荷与恢复节奏，不直接判断现实关系一定同步。,M2说明进入关系前的确认节奏；M5-RHYTHM只处理关系进入认真阶段以后，双方怎样持续协调推进与生活节奏。,M3-BASE、EXPR、CARE、BOUND、CONFLICT提供日常相处和状态通道；M5-RHYTHM负责把双方时间、负荷、联系、空间与恢复合成为长期节奏结构。,无／按本规则指定的提议—观察—同意—执行—反馈—调整—恢复路径路由。,近位、远位只修正某项节奏需求进入亲密关系核心的可能；不得据此判断具体对象现实中一定快、慢、黏、疏或稳定。,根气只修正节奏需求是否稳定重复，不等于双方现实节奏已成熟协调。,旺弱只修正某项推进、联系、共享、变化或恢复通道的调用强度，不直接等于适配质量。,喜忌只修正节奏调用顺畅度与摩擦，不可直接翻译为某种五行、十神或对象类型必然适合。,真合化成立时按化神功能重算节奏需要；合化争议时停止细化节奏画像。,近位提高该节奏议题进入关系核心的可能；远位只保留背景或阶段性观察。,94,不加分；阶段边界,boundary_note,不使用普通节奏适配叙事。,不使用普通节奏适配叙事。,不得仅凭本规则推出具体日期、交往时长、多久结婚、联系次数、见面频率或关系结果；不得把快等同冲动、慢等同冷淡、高频等同亲密、低频等同不爱。现实安全、双方同意、持续行为、生活条件、反例与协商优先。,高,待验证,,relationship_phase=PH08; provisional=true; rule_group=RHYTHM-PH阶段; M3_STATE_pending=true,0.7
M5-RHYTHM-456,PH08 未定／安全停止期｜转场与复盘,L9 关系气候阶段,RHYTHM-PH阶段,通用,调整,PH08,未定／安全停止期,存在阶段变化、转折或长期停滞。,只有自然恢复期待，没有明确计划。,由共享基础引擎、M2-TEMPO与M3功能模块提供；只修正用户能够承载怎样的推进、联系、共同时间、负荷与恢复节奏，不直接判断现实关系一定同步。,M2说明进入关系前的确认节奏；M5-RHYTHM只处理关系进入认真阶段以后，双方怎样持续协调推进与生活节奏。,M3-BASE、EXPR、CARE、BOUND、CONFLICT提供日常相处和状态通道；M5-RHYTHM负责把双方时间、负荷、联系、空间与恢复合成为长期节奏结构。,无／按本规则指定的提议—观察—同意—执行—反馈—调整—恢复路径路由。,近位、远位只修正某项节奏需求进入亲密关系核心的可能；不得据此判断具体对象现实中一定快、慢、黏、疏或稳定。,根气只修正节奏需求是否稳定重复，不等于双方现实节奏已成熟协调。,旺弱只修正某项推进、联系、共享、变化或恢复通道的调用强度，不直接等于适配质量。,喜忌只修正节奏调用顺畅度与摩擦，不可直接翻译为某种五行、十神或对象类型必然适合。,真合化成立时按化神功能重算节奏需要；合化争议时停止细化节奏画像。,近位提高该节奏议题进入关系核心的可能；远位只保留背景或阶段性观察。,86,+10 转场证据,phase_transition,阶段不能无限延长，也不能自动回到旧节奏。,当阶段变化时，要重新确认双方能够承受什么节奏。,不得仅凭本规则推出具体日期、交往时长、多久结婚、联系次数、见面频率或关系结果；不得把快等同冲动、慢等同冷淡、高频等同亲密、低频等同不爱。现实安全、双方同意、持续行为、生活条件、反例与协商优先。,中高,待验证,,relationship_phase=PH08; provisional=true; rule_group=RHYTHM-PH阶段; M3_STATE_pending=true,0.7
M5-RHYTHM-457,CK01 关系推进时钟｜时钟定义,L10 多时钟与节奏精度,RHYTHM-CK时钟,通用,定义,CK01,关系推进时钟,分析对应节奏维度。,无。,由共享基础引擎、M2-TEMPO与M3功能模块提供；只修正用户能够承载怎样的推进、联系、共同时间、负荷与恢复节奏，不直接判断现实关系一定同步。,M2说明进入关系前的确认节奏；M5-RHYTHM只处理关系进入认真阶段以后，双方怎样持续协调推进与生活节奏。,M3-BASE、EXPR、CARE、BOUND、CONFLICT提供日常相处和状态通道；M5-RHYTHM负责把双方时间、负荷、联系、空间与恢复合成为长期节奏结构。,无／按本规则指定的提议—观察—同意—执行—反馈—调整—恢复路径路由。,近位、远位只修正某项节奏需求进入亲密关系核心的可能；不得据此判断具体对象现实中一定快、慢、黏、疏或稳定。,根气只修正节奏需求是否稳定重复，不等于双方现实节奏已成熟协调。,旺弱只修正某项推进、联系、共享、变化或恢复通道的调用强度，不直接等于适配质量。,喜忌只修正节奏调用顺畅度与摩擦，不可直接翻译为某种五行、十神或对象类型必然适合。,真合化成立时按化神功能重算节奏需要；合化争议时停止细化节奏画像。,近位提高该节奏议题进入关系核心的可能；远位只保留背景或阶段性观察。,90,不加分；时钟定义,rhythm_clocks,从当前阶段进入下一阶段所需的共同确认和现实准备。,关系推进时钟用于判断：从当前阶段进入下一阶段所需的共同确认和现实准备。,不得仅凭本规则推出具体日期、交往时长、多久结婚、联系次数、见面频率或关系结果；不得把快等同冲动、慢等同冷淡、高频等同亲密、低频等同不爱。现实安全、双方同意、持续行为、生活条件、反例与协商优先。,高,待验证,,rhythm_clock=CK01; provisional=true; rule_group=RHYTHM-CK时钟; M3_STATE_pending=true,0.7
M5-RHYTHM-458,CK01 关系推进时钟｜上游接口,L10 多时钟与节奏精度,RHYTHM-CK时钟,通用,接口,CK01,关系推进时钟,相关上游模块或现实资料可用。,用上游单一结论替代当前节奏证据。,由共享基础引擎、M2-TEMPO与M3功能模块提供；只修正用户能够承载怎样的推进、联系、共同时间、负荷与恢复节奏，不直接判断现实关系一定同步。,M2说明进入关系前的确认节奏；M5-RHYTHM只处理关系进入认真阶段以后，双方怎样持续协调推进与生活节奏。,M3-BASE、EXPR、CARE、BOUND、CONFLICT提供日常相处和状态通道；M5-RHYTHM负责把双方时间、负荷、联系、空间与恢复合成为长期节奏结构。,无／按本规则指定的提议—观察—同意—执行—反馈—调整—恢复路径路由。,近位、远位只修正某项节奏需求进入亲密关系核心的可能；不得据此判断具体对象现实中一定快、慢、黏、疏或稳定。,根气只修正节奏需求是否稳定重复，不等于双方现实节奏已成熟协调。,旺弱只修正某项推进、联系、共享、变化或恢复通道的调用强度，不直接等于适配质量。,喜忌只修正节奏调用顺畅度与摩擦，不可直接翻译为某种五行、十神或对象类型必然适合。,真合化成立时按化神功能重算节奏需要；合化争议时停止细化节奏画像。,近位提高该节奏议题进入关系核心的可能；远位只保留背景或阶段性观察。,84,+6 接口路由,rhythm_clocks,M2-TEMPO提供进入前确认；M5看关系内的持续推进。,M2-TEMPO提供进入前确认；M5看关系内的持续推进。,不得仅凭本规则推出具体日期、交往时长、多久结婚、联系次数、见面频率或关系结果；不得把快等同冲动、慢等同冷淡、高频等同亲密、低频等同不爱。现实安全、双方同意、持续行为、生活条件、反例与协商优先。,中高,待验证,,rhythm_clock=CK01; provisional=true; rule_group=RHYTHM-CK时钟; M3_STATE_pending=true,0.7
M5-RHYTHM-459,CK01 关系推进时钟｜精度边界,L10 多时钟与节奏精度,RHYTHM-CK时钟,通用,边界,CK01,关系推进时钟,准备输出时间、频率或具体期限。,双方有明确现实协议时可引用现实数字。,由共享基础引擎、M2-TEMPO与M3功能模块提供；只修正用户能够承载怎样的推进、联系、共同时间、负荷与恢复节奏，不直接判断现实关系一定同步。,M2说明进入关系前的确认节奏；M5-RHYTHM只处理关系进入认真阶段以后，双方怎样持续协调推进与生活节奏。,M3-BASE、EXPR、CARE、BOUND、CONFLICT提供日常相处和状态通道；M5-RHYTHM负责把双方时间、负荷、联系、空间与恢复合成为长期节奏结构。,无／按本规则指定的提议—观察—同意—执行—反馈—调整—恢复路径路由。,近位、远位只修正某项节奏需求进入亲密关系核心的可能；不得据此判断具体对象现实中一定快、慢、黏、疏或稳定。,根气只修正节奏需求是否稳定重复，不等于双方现实节奏已成熟协调。,旺弱只修正某项推进、联系、共享、变化或恢复通道的调用强度，不直接等于适配质量。,喜忌只修正节奏调用顺畅度与摩擦，不可直接翻译为某种五行、十神或对象类型必然适合。,真合化成立时按化神功能重算节奏需要；合化争议时停止细化节奏画像。,近位提高该节奏议题进入关系核心的可能；远位只保留背景或阶段性观察。,96,不加分；时间边界,time_precision_boundary,不能换算具体天数、月份或结婚年龄。,不能换算具体天数、月份或结婚年龄。,不得仅凭本规则推出具体日期、交往时长、多久结婚、联系次数、见面频率或关系结果；不得把快等同冲动、慢等同冷淡、高频等同亲密、低频等同不爱。现实安全、双方同意、持续行为、生活条件、反例与协商优先。,高,待验证,,rhythm_clock=CK01; provisional=true; rule_group=RHYTHM-CK时钟; M3_STATE_pending=true,0.7
M5-RHYTHM-460,CK01 关系推进时钟｜现实记录与调整,L10 多时钟与节奏精度,RHYTHM-CK时钟,通用,证据,CK01,关系推进时钟,存在真实时间、频率、阶段或恢复资料。,只有命盘、愿望或一次事件。,由共享基础引擎、M2-TEMPO与M3功能模块提供；只修正用户能够承载怎样的推进、联系、共同时间、负荷与恢复节奏，不直接判断现实关系一定同步。,M2说明进入关系前的确认节奏；M5-RHYTHM只处理关系进入认真阶段以后，双方怎样持续协调推进与生活节奏。,M3-BASE、EXPR、CARE、BOUND、CONFLICT提供日常相处和状态通道；M5-RHYTHM负责把双方时间、负荷、联系、空间与恢复合成为长期节奏结构。,无／按本规则指定的提议—观察—同意—执行—反馈—调整—恢复路径路由。,近位、远位只修正某项节奏需求进入亲密关系核心的可能；不得据此判断具体对象现实中一定快、慢、黏、疏或稳定。,根气只修正节奏需求是否稳定重复，不等于双方现实节奏已成熟协调。,旺弱只修正某项推进、联系、共享、变化或恢复通道的调用强度，不直接等于适配质量。,喜忌只修正节奏调用顺畅度与摩擦，不可直接翻译为某种五行、十神或对象类型必然适合。,真合化成立时按化神功能重算节奏需要；合化争议时停止细化节奏画像。,近位提高该节奏议题进入关系核心的可能；远位只保留背景或阶段性观察。,78,HV证据 +6,observation_plan,关系推进时钟必须通过现实记录和双方反馈校准。,下一步可记录关系推进时钟的实际表现、变化原因和调整结果。,不得仅凭本规则推出具体日期、交往时长、多久结婚、联系次数、见面频率或关系结果；不得把快等同冲动、慢等同冷淡、高频等同亲密、低频等同不爱。现实安全、双方同意、持续行为、生活条件、反例与协商优先。,中,待验证,,rhythm_clock=CK01; provisional=true; rule_group=RHYTHM-CK时钟; M3_STATE_pending=true,0.7
M5-RHYTHM-461,CK02 内部准备时钟｜时钟定义,L10 多时钟与节奏精度,RHYTHM-CK时钟,通用,定义,CK02,内部准备时钟,分析对应节奏维度。,无。,由共享基础引擎、M2-TEMPO与M3功能模块提供；只修正用户能够承载怎样的推进、联系、共同时间、负荷与恢复节奏，不直接判断现实关系一定同步。,M2说明进入关系前的确认节奏；M5-RHYTHM只处理关系进入认真阶段以后，双方怎样持续协调推进与生活节奏。,M3-BASE、EXPR、CARE、BOUND、CONFLICT提供日常相处和状态通道；M5-RHYTHM负责把双方时间、负荷、联系、空间与恢复合成为长期节奏结构。,无／按本规则指定的提议—观察—同意—执行—反馈—调整—恢复路径路由。,近位、远位只修正某项节奏需求进入亲密关系核心的可能；不得据此判断具体对象现实中一定快、慢、黏、疏或稳定。,根气只修正节奏需求是否稳定重复，不等于双方现实节奏已成熟协调。,旺弱只修正某项推进、联系、共享、变化或恢复通道的调用强度，不直接等于适配质量。,喜忌只修正节奏调用顺畅度与摩擦，不可直接翻译为某种五行、十神或对象类型必然适合。,真合化成立时按化神功能重算节奏需要；合化争议时停止细化节奏画像。,近位提高该节奏议题进入关系核心的可能；远位只保留背景或阶段性观察。,90,不加分；时钟定义,rhythm_clocks,双方心理安全、理解、意愿和承载何时达到可推进状态。,内部准备时钟用于判断：双方心理安全、理解、意愿和承载何时达到可推进状态。,不得仅凭本规则推出具体日期、交往时长、多久结婚、联系次数、见面频率或关系结果；不得把快等同冲动、慢等同冷淡、高频等同亲密、低频等同不爱。现实安全、双方同意、持续行为、生活条件、反例与协商优先。,高,待验证,,rhythm_clock=CK02; provisional=true; rule_group=RHYTHM-CK时钟; M3_STATE_pending=true,0.7
M5-RHYTHM-462,CK02 内部准备时钟｜上游接口,L10 多时钟与节奏精度,RHYTHM-CK时钟,通用,接口,CK02,内部准备时钟,相关上游模块或现实资料可用。,用上游单一结论替代当前节奏证据。,由共享基础引擎、M2-TEMPO与M3功能模块提供；只修正用户能够承载怎样的推进、联系、共同时间、负荷与恢复节奏，不直接判断现实关系一定同步。,M2说明进入关系前的确认节奏；M5-RHYTHM只处理关系进入认真阶段以后，双方怎样持续协调推进与生活节奏。,M3-BASE、EXPR、CARE、BOUND、CONFLICT提供日常相处和状态通道；M5-RHYTHM负责把双方时间、负荷、联系、空间与恢复合成为长期节奏结构。,无／按本规则指定的提议—观察—同意—执行—反馈—调整—恢复路径路由。,近位、远位只修正某项节奏需求进入亲密关系核心的可能；不得据此判断具体对象现实中一定快、慢、黏、疏或稳定。,根气只修正节奏需求是否稳定重复，不等于双方现实节奏已成熟协调。,旺弱只修正某项推进、联系、共享、变化或恢复通道的调用强度，不直接等于适配质量。,喜忌只修正节奏调用顺畅度与摩擦，不可直接翻译为某种五行、十神或对象类型必然适合。,真合化成立时按化神功能重算节奏需要；合化争议时停止细化节奏画像。,近位提高该节奏议题进入关系核心的可能；远位只保留背景或阶段性观察。,84,+6 接口路由,rhythm_clocks,与外部事件时钟分开记录。,与外部事件时钟分开记录。,不得仅凭本规则推出具体日期、交往时长、多久结婚、联系次数、见面频率或关系结果；不得把快等同冲动、慢等同冷淡、高频等同亲密、低频等同不爱。现实安全、双方同意、持续行为、生活条件、反例与协商优先。,中高,待验证,,rhythm_clock=CK02; provisional=true; rule_group=RHYTHM-CK时钟; M3_STATE_pending=true,0.7
M5-RHYTHM-463,CK02 内部准备时钟｜精度边界,L10 多时钟与节奏精度,RHYTHM-CK时钟,通用,边界,CK02,内部准备时钟,准备输出时间、频率或具体期限。,双方有明确现实协议时可引用现实数字。,由共享基础引擎、M2-TEMPO与M3功能模块提供；只修正用户能够承载怎样的推进、联系、共同时间、负荷与恢复节奏，不直接判断现实关系一定同步。,M2说明进入关系前的确认节奏；M5-RHYTHM只处理关系进入认真阶段以后，双方怎样持续协调推进与生活节奏。,M3-BASE、EXPR、CARE、BOUND、CONFLICT提供日常相处和状态通道；M5-RHYTHM负责把双方时间、负荷、联系、空间与恢复合成为长期节奏结构。,无／按本规则指定的提议—观察—同意—执行—反馈—调整—恢复路径路由。,近位、远位只修正某项节奏需求进入亲密关系核心的可能；不得据此判断具体对象现实中一定快、慢、黏、疏或稳定。,根气只修正节奏需求是否稳定重复，不等于双方现实节奏已成熟协调。,旺弱只修正某项推进、联系、共享、变化或恢复通道的调用强度，不直接等于适配质量。,喜忌只修正节奏调用顺畅度与摩擦，不可直接翻译为某种五行、十神或对象类型必然适合。,真合化成立时按化神功能重算节奏需要；合化争议时停止细化节奏画像。,近位提高该节奏议题进入关系核心的可能；远位只保留背景或阶段性观察。,96,不加分；时间边界,time_precision_boundary,外部推进快不等于内部准备完成。,外部推进快不等于内部准备完成。,不得仅凭本规则推出具体日期、交往时长、多久结婚、联系次数、见面频率或关系结果；不得把快等同冲动、慢等同冷淡、高频等同亲密、低频等同不爱。现实安全、双方同意、持续行为、生活条件、反例与协商优先。,高,待验证,,rhythm_clock=CK02; provisional=true; rule_group=RHYTHM-CK时钟; M3_STATE_pending=true,0.7
M5-RHYTHM-464,CK02 内部准备时钟｜现实记录与调整,L10 多时钟与节奏精度,RHYTHM-CK时钟,通用,证据,CK02,内部准备时钟,存在真实时间、频率、阶段或恢复资料。,只有命盘、愿望或一次事件。,由共享基础引擎、M2-TEMPO与M3功能模块提供；只修正用户能够承载怎样的推进、联系、共同时间、负荷与恢复节奏，不直接判断现实关系一定同步。,M2说明进入关系前的确认节奏；M5-RHYTHM只处理关系进入认真阶段以后，双方怎样持续协调推进与生活节奏。,M3-BASE、EXPR、CARE、BOUND、CONFLICT提供日常相处和状态通道；M5-RHYTHM负责把双方时间、负荷、联系、空间与恢复合成为长期节奏结构。,无／按本规则指定的提议—观察—同意—执行—反馈—调整—恢复路径路由。,近位、远位只修正某项节奏需求进入亲密关系核心的可能；不得据此判断具体对象现实中一定快、慢、黏、疏或稳定。,根气只修正节奏需求是否稳定重复，不等于双方现实节奏已成熟协调。,旺弱只修正某项推进、联系、共享、变化或恢复通道的调用强度，不直接等于适配质量。,喜忌只修正节奏调用顺畅度与摩擦，不可直接翻译为某种五行、十神或对象类型必然适合。,真合化成立时按化神功能重算节奏需要；合化争议时停止细化节奏画像。,近位提高该节奏议题进入关系核心的可能；远位只保留背景或阶段性观察。,78,HV证据 +6,observation_plan,内部准备时钟必须通过现实记录和双方反馈校准。,下一步可记录内部准备时钟的实际表现、变化原因和调整结果。,不得仅凭本规则推出具体日期、交往时长、多久结婚、联系次数、见面频率或关系结果；不得把快等同冲动、慢等同冷淡、高频等同亲密、低频等同不爱。现实安全、双方同意、持续行为、生活条件、反例与协商优先。,中,待验证,,rhythm_clock=CK02; provisional=true; rule_group=RHYTHM-CK时钟; M3_STATE_pending=true,0.7
M5-RHYTHM-465,CK03 联系频率时钟｜时钟定义,L10 多时钟与节奏精度,RHYTHM-CK时钟,通用,定义,CK03,联系频率时钟,分析对应节奏维度。,无。,由共享基础引擎、M2-TEMPO与M3功能模块提供；只修正用户能够承载怎样的推进、联系、共同时间、负荷与恢复节奏，不直接判断现实关系一定同步。,M2说明进入关系前的确认节奏；M5-RHYTHM只处理关系进入认真阶段以后，双方怎样持续协调推进与生活节奏。,M3-BASE、EXPR、CARE、BOUND、CONFLICT提供日常相处和状态通道；M5-RHYTHM负责把双方时间、负荷、联系、空间与恢复合成为长期节奏结构。,无／按本规则指定的提议—观察—同意—执行—反馈—调整—恢复路径路由。,近位、远位只修正某项节奏需求进入亲密关系核心的可能；不得据此判断具体对象现实中一定快、慢、黏、疏或稳定。,根气只修正节奏需求是否稳定重复，不等于双方现实节奏已成熟协调。,旺弱只修正某项推进、联系、共享、变化或恢复通道的调用强度，不直接等于适配质量。,喜忌只修正节奏调用顺畅度与摩擦，不可直接翻译为某种五行、十神或对象类型必然适合。,真合化成立时按化神功能重算节奏需要；合化争议时停止细化节奏画像。,近位提高该节奏议题进入关系核心的可能；远位只保留背景或阶段性观察。,90,不加分；时钟定义,rhythm_clocks,消息、电话和回应的现实周期与可预测性。,联系频率时钟用于判断：消息、电话和回应的现实周期与可预测性。,不得仅凭本规则推出具体日期、交往时长、多久结婚、联系次数、见面频率或关系结果；不得把快等同冲动、慢等同冷淡、高频等同亲密、低频等同不爱。现实安全、双方同意、持续行为、生活条件、反例与协商优先。,高,待验证,,rhythm_clock=CK03; provisional=true; rule_group=RHYTHM-CK时钟; M3_STATE_pending=true,0.7
M5-RHYTHM-466,CK03 联系频率时钟｜上游接口,L10 多时钟与节奏精度,RHYTHM-CK时钟,通用,接口,CK03,联系频率时钟,相关上游模块或现实资料可用。,用上游单一结论替代当前节奏证据。,由共享基础引擎、M2-TEMPO与M3功能模块提供；只修正用户能够承载怎样的推进、联系、共同时间、负荷与恢复节奏，不直接判断现实关系一定同步。,M2说明进入关系前的确认节奏；M5-RHYTHM只处理关系进入认真阶段以后，双方怎样持续协调推进与生活节奏。,M3-BASE、EXPR、CARE、BOUND、CONFLICT提供日常相处和状态通道；M5-RHYTHM负责把双方时间、负荷、联系、空间与恢复合成为长期节奏结构。,无／按本规则指定的提议—观察—同意—执行—反馈—调整—恢复路径路由。,近位、远位只修正某项节奏需求进入亲密关系核心的可能；不得据此判断具体对象现实中一定快、慢、黏、疏或稳定。,根气只修正节奏需求是否稳定重复，不等于双方现实节奏已成熟协调。,旺弱只修正某项推进、联系、共享、变化或恢复通道的调用强度，不直接等于适配质量。,喜忌只修正节奏调用顺畅度与摩擦，不可直接翻译为某种五行、十神或对象类型必然适合。,真合化成立时按化神功能重算节奏需要；合化争议时停止细化节奏画像。,近位提高该节奏议题进入关系核心的可能；远位只保留背景或阶段性观察。,84,+6 接口路由,rhythm_clocks,记录基线、例外、变化通知和恢复。,记录基线、例外、变化通知和恢复。,不得仅凭本规则推出具体日期、交往时长、多久结婚、联系次数、见面频率或关系结果；不得把快等同冲动、慢等同冷淡、高频等同亲密、低频等同不爱。现实安全、双方同意、持续行为、生活条件、反例与协商优先。,中高,待验证,,rhythm_clock=CK03; provisional=true; rule_group=RHYTHM-CK时钟; M3_STATE_pending=true,0.7
M5-RHYTHM-467,CK03 联系频率时钟｜精度边界,L10 多时钟与节奏精度,RHYTHM-CK时钟,通用,边界,CK03,联系频率时钟,准备输出时间、频率或具体期限。,双方有明确现实协议时可引用现实数字。,由共享基础引擎、M2-TEMPO与M3功能模块提供；只修正用户能够承载怎样的推进、联系、共同时间、负荷与恢复节奏，不直接判断现实关系一定同步。,M2说明进入关系前的确认节奏；M5-RHYTHM只处理关系进入认真阶段以后，双方怎样持续协调推进与生活节奏。,M3-BASE、EXPR、CARE、BOUND、CONFLICT提供日常相处和状态通道；M5-RHYTHM负责把双方时间、负荷、联系、空间与恢复合成为长期节奏结构。,无／按本规则指定的提议—观察—同意—执行—反馈—调整—恢复路径路由。,近位、远位只修正某项节奏需求进入亲密关系核心的可能；不得据此判断具体对象现实中一定快、慢、黏、疏或稳定。,根气只修正节奏需求是否稳定重复，不等于双方现实节奏已成熟协调。,旺弱只修正某项推进、联系、共享、变化或恢复通道的调用强度，不直接等于适配质量。,喜忌只修正节奏调用顺畅度与摩擦，不可直接翻译为某种五行、十神或对象类型必然适合。,真合化成立时按化神功能重算节奏需要；合化争议时停止细化节奏画像。,近位提高该节奏议题进入关系核心的可能；远位只保留背景或阶段性观察。,96,不加分；时间边界,time_precision_boundary,不能由命盘推断每天联系次数。,不能由命盘推断每天联系次数。,不得仅凭本规则推出具体日期、交往时长、多久结婚、联系次数、见面频率或关系结果；不得把快等同冲动、慢等同冷淡、高频等同亲密、低频等同不爱。现实安全、双方同意、持续行为、生活条件、反例与协商优先。,高,待验证,,rhythm_clock=CK03; provisional=true; rule_group=RHYTHM-CK时钟; M3_STATE_pending=true,0.7
M5-RHYTHM-468,CK03 联系频率时钟｜现实记录与调整,L10 多时钟与节奏精度,RHYTHM-CK时钟,通用,证据,CK03,联系频率时钟,存在真实时间、频率、阶段或恢复资料。,只有命盘、愿望或一次事件。,由共享基础引擎、M2-TEMPO与M3功能模块提供；只修正用户能够承载怎样的推进、联系、共同时间、负荷与恢复节奏，不直接判断现实关系一定同步。,M2说明进入关系前的确认节奏；M5-RHYTHM只处理关系进入认真阶段以后，双方怎样持续协调推进与生活节奏。,M3-BASE、EXPR、CARE、BOUND、CONFLICT提供日常相处和状态通道；M5-RHYTHM负责把双方时间、负荷、联系、空间与恢复合成为长期节奏结构。,无／按本规则指定的提议—观察—同意—执行—反馈—调整—恢复路径路由。,近位、远位只修正某项节奏需求进入亲密关系核心的可能；不得据此判断具体对象现实中一定快、慢、黏、疏或稳定。,根气只修正节奏需求是否稳定重复，不等于双方现实节奏已成熟协调。,旺弱只修正某项推进、联系、共享、变化或恢复通道的调用强度，不直接等于适配质量。,喜忌只修正节奏调用顺畅度与摩擦，不可直接翻译为某种五行、十神或对象类型必然适合。,真合化成立时按化神功能重算节奏需要；合化争议时停止细化节奏画像。,近位提高该节奏议题进入关系核心的可能；远位只保留背景或阶段性观察。,78,HV证据 +6,observation_plan,联系频率时钟必须通过现实记录和双方反馈校准。,下一步可记录联系频率时钟的实际表现、变化原因和调整结果。,不得仅凭本规则推出具体日期、交往时长、多久结婚、联系次数、见面频率或关系结果；不得把快等同冲动、慢等同冷淡、高频等同亲密、低频等同不爱。现实安全、双方同意、持续行为、生活条件、反例与协商优先。,中,待验证,,rhythm_clock=CK03; provisional=true; rule_group=RHYTHM-CK时钟; M3_STATE_pending=true,0.7
M5-RHYTHM-469,CK04 共同时间负荷时钟｜时钟定义,L10 多时钟与节奏精度,RHYTHM-CK时钟,通用,定义,CK04,共同时间负荷时钟,分析对应节奏维度。,无。,由共享基础引擎、M2-TEMPO与M3功能模块提供；只修正用户能够承载怎样的推进、联系、共同时间、负荷与恢复节奏，不直接判断现实关系一定同步。,M2说明进入关系前的确认节奏；M5-RHYTHM只处理关系进入认真阶段以后，双方怎样持续协调推进与生活节奏。,M3-BASE、EXPR、CARE、BOUND、CONFLICT提供日常相处和状态通道；M5-RHYTHM负责把双方时间、负荷、联系、空间与恢复合成为长期节奏结构。,无／按本规则指定的提议—观察—同意—执行—反馈—调整—恢复路径路由。,近位、远位只修正某项节奏需求进入亲密关系核心的可能；不得据此判断具体对象现实中一定快、慢、黏、疏或稳定。,根气只修正节奏需求是否稳定重复，不等于双方现实节奏已成熟协调。,旺弱只修正某项推进、联系、共享、变化或恢复通道的调用强度，不直接等于适配质量。,喜忌只修正节奏调用顺畅度与摩擦，不可直接翻译为某种五行、十神或对象类型必然适合。,真合化成立时按化神功能重算节奏需要；合化争议时停止细化节奏画像。,近位提高该节奏议题进入关系核心的可能；远位只保留背景或阶段性观察。,90,不加分；时钟定义,rhythm_clocks,见面、共同活动、家务和陪伴占用多少现实容量。,共同时间负荷时钟用于判断：见面、共同活动、家务和陪伴占用多少现实容量。,不得仅凭本规则推出具体日期、交往时长、多久结婚、联系次数、见面频率或关系结果；不得把快等同冲动、慢等同冷淡、高频等同亲密、低频等同不爱。现实安全、双方同意、持续行为、生活条件、反例与协商优先。,高,待验证,,rhythm_clock=CK04; provisional=true; rule_group=RHYTHM-CK时钟; M3_STATE_pending=true,0.7
M5-RHYTHM-470,CK04 共同时间负荷时钟｜上游接口,L10 多时钟与节奏精度,RHYTHM-CK时钟,通用,接口,CK04,共同时间负荷时钟,相关上游模块或现实资料可用。,用上游单一结论替代当前节奏证据。,由共享基础引擎、M2-TEMPO与M3功能模块提供；只修正用户能够承载怎样的推进、联系、共同时间、负荷与恢复节奏，不直接判断现实关系一定同步。,M2说明进入关系前的确认节奏；M5-RHYTHM只处理关系进入认真阶段以后，双方怎样持续协调推进与生活节奏。,M3-BASE、EXPR、CARE、BOUND、CONFLICT提供日常相处和状态通道；M5-RHYTHM负责把双方时间、负荷、联系、空间与恢复合成为长期节奏结构。,无／按本规则指定的提议—观察—同意—执行—反馈—调整—恢复路径路由。,近位、远位只修正某项节奏需求进入亲密关系核心的可能；不得据此判断具体对象现实中一定快、慢、黏、疏或稳定。,根气只修正节奏需求是否稳定重复，不等于双方现实节奏已成熟协调。,旺弱只修正某项推进、联系、共享、变化或恢复通道的调用强度，不直接等于适配质量。,喜忌只修正节奏调用顺畅度与摩擦，不可直接翻译为某种五行、十神或对象类型必然适合。,真合化成立时按化神功能重算节奏需要；合化争议时停止细化节奏画像。,近位提高该节奏议题进入关系核心的可能；远位只保留背景或阶段性观察。,84,+6 接口路由,rhythm_clocks,结合工作、健康和个人恢复。,结合工作、健康和个人恢复。,不得仅凭本规则推出具体日期、交往时长、多久结婚、联系次数、见面频率或关系结果；不得把快等同冲动、慢等同冷淡、高频等同亲密、低频等同不爱。现实安全、双方同意、持续行为、生活条件、反例与协商优先。,中高,待验证,,rhythm_clock=CK04; provisional=true; rule_group=RHYTHM-CK时钟; M3_STATE_pending=true,0.7
M5-RHYTHM-471,CK04 共同时间负荷时钟｜精度边界,L10 多时钟与节奏精度,RHYTHM-CK时钟,通用,边界,CK04,共同时间负荷时钟,准备输出时间、频率或具体期限。,双方有明确现实协议时可引用现实数字。,由共享基础引擎、M2-TEMPO与M3功能模块提供；只修正用户能够承载怎样的推进、联系、共同时间、负荷与恢复节奏，不直接判断现实关系一定同步。,M2说明进入关系前的确认节奏；M5-RHYTHM只处理关系进入认真阶段以后，双方怎样持续协调推进与生活节奏。,M3-BASE、EXPR、CARE、BOUND、CONFLICT提供日常相处和状态通道；M5-RHYTHM负责把双方时间、负荷、联系、空间与恢复合成为长期节奏结构。,无／按本规则指定的提议—观察—同意—执行—反馈—调整—恢复路径路由。,近位、远位只修正某项节奏需求进入亲密关系核心的可能；不得据此判断具体对象现实中一定快、慢、黏、疏或稳定。,根气只修正节奏需求是否稳定重复，不等于双方现实节奏已成熟协调。,旺弱只修正某项推进、联系、共享、变化或恢复通道的调用强度，不直接等于适配质量。,喜忌只修正节奏调用顺畅度与摩擦，不可直接翻译为某种五行、十神或对象类型必然适合。,真合化成立时按化神功能重算节奏需要；合化争议时停止细化节奏画像。,近位提高该节奏议题进入关系核心的可能；远位只保留背景或阶段性观察。,96,不加分；时间边界,time_precision_boundary,相处时间多不等于亲密质量高。,相处时间多不等于亲密质量高。,不得仅凭本规则推出具体日期、交往时长、多久结婚、联系次数、见面频率或关系结果；不得把快等同冲动、慢等同冷淡、高频等同亲密、低频等同不爱。现实安全、双方同意、持续行为、生活条件、反例与协商优先。,高,待验证,,rhythm_clock=CK04; provisional=true; rule_group=RHYTHM-CK时钟; M3_STATE_pending=true,0.7
M5-RHYTHM-472,CK04 共同时间负荷时钟｜现实记录与调整,L10 多时钟与节奏精度,RHYTHM-CK时钟,通用,证据,CK04,共同时间负荷时钟,存在真实时间、频率、阶段或恢复资料。,只有命盘、愿望或一次事件。,由共享基础引擎、M2-TEMPO与M3功能模块提供；只修正用户能够承载怎样的推进、联系、共同时间、负荷与恢复节奏，不直接判断现实关系一定同步。,M2说明进入关系前的确认节奏；M5-RHYTHM只处理关系进入认真阶段以后，双方怎样持续协调推进与生活节奏。,M3-BASE、EXPR、CARE、BOUND、CONFLICT提供日常相处和状态通道；M5-RHYTHM负责把双方时间、负荷、联系、空间与恢复合成为长期节奏结构。,无／按本规则指定的提议—观察—同意—执行—反馈—调整—恢复路径路由。,近位、远位只修正某项节奏需求进入亲密关系核心的可能；不得据此判断具体对象现实中一定快、慢、黏、疏或稳定。,根气只修正节奏需求是否稳定重复，不等于双方现实节奏已成熟协调。,旺弱只修正某项推进、联系、共享、变化或恢复通道的调用强度，不直接等于适配质量。,喜忌只修正节奏调用顺畅度与摩擦，不可直接翻译为某种五行、十神或对象类型必然适合。,真合化成立时按化神功能重算节奏需要；合化争议时停止细化节奏画像。,近位提高该节奏议题进入关系核心的可能；远位只保留背景或阶段性观察。,78,HV证据 +6,observation_plan,共同时间负荷时钟必须通过现实记录和双方反馈校准。,下一步可记录共同时间负荷时钟的实际表现、变化原因和调整结果。,不得仅凭本规则推出具体日期、交往时长、多久结婚、联系次数、见面频率或关系结果；不得把快等同冲动、慢等同冷淡、高频等同亲密、低频等同不爱。现实安全、双方同意、持续行为、生活条件、反例与协商优先。,中,待验证,,rhythm_clock=CK04; provisional=true; rule_group=RHYTHM-CK时钟; M3_STATE_pending=true,0.7
M5-RHYTHM-473,CK05 生活责任时钟｜时钟定义,L10 多时钟与节奏精度,RHYTHM-CK时钟,通用,定义,CK05,生活责任时钟,分析对应节奏维度。,无。,由共享基础引擎、M2-TEMPO与M3功能模块提供；只修正用户能够承载怎样的推进、联系、共同时间、负荷与恢复节奏，不直接判断现实关系一定同步。,M2说明进入关系前的确认节奏；M5-RHYTHM只处理关系进入认真阶段以后，双方怎样持续协调推进与生活节奏。,M3-BASE、EXPR、CARE、BOUND、CONFLICT提供日常相处和状态通道；M5-RHYTHM负责把双方时间、负荷、联系、空间与恢复合成为长期节奏结构。,无／按本规则指定的提议—观察—同意—执行—反馈—调整—恢复路径路由。,近位、远位只修正某项节奏需求进入亲密关系核心的可能；不得据此判断具体对象现实中一定快、慢、黏、疏或稳定。,根气只修正节奏需求是否稳定重复，不等于双方现实节奏已成熟协调。,旺弱只修正某项推进、联系、共享、变化或恢复通道的调用强度，不直接等于适配质量。,喜忌只修正节奏调用顺畅度与摩擦，不可直接翻译为某种五行、十神或对象类型必然适合。,真合化成立时按化神功能重算节奏需要；合化争议时停止细化节奏画像。,近位提高该节奏议题进入关系核心的可能；远位只保留背景或阶段性观察。,90,不加分；时钟定义,rhythm_clocks,工作、金钱、家庭、照护和共同计划进入关系的速度。,生活责任时钟用于判断：工作、金钱、家庭、照护和共同计划进入关系的速度。,不得仅凭本规则推出具体日期、交往时长、多久结婚、联系次数、见面频率或关系结果；不得把快等同冲动、慢等同冷淡、高频等同亲密、低频等同不爱。现实安全、双方同意、持续行为、生活条件、反例与协商优先。,高,待验证,,rhythm_clock=CK05; provisional=true; rule_group=RHYTHM-CK时钟; M3_STATE_pending=true,0.7
M5-RHYTHM-474,CK05 生活责任时钟｜上游接口,L10 多时钟与节奏精度,RHYTHM-CK时钟,通用,接口,CK05,生活责任时钟,相关上游模块或现实资料可用。,用上游单一结论替代当前节奏证据。,由共享基础引擎、M2-TEMPO与M3功能模块提供；只修正用户能够承载怎样的推进、联系、共同时间、负荷与恢复节奏，不直接判断现实关系一定同步。,M2说明进入关系前的确认节奏；M5-RHYTHM只处理关系进入认真阶段以后，双方怎样持续协调推进与生活节奏。,M3-BASE、EXPR、CARE、BOUND、CONFLICT提供日常相处和状态通道；M5-RHYTHM负责把双方时间、负荷、联系、空间与恢复合成为长期节奏结构。,无／按本规则指定的提议—观察—同意—执行—反馈—调整—恢复路径路由。,近位、远位只修正某项节奏需求进入亲密关系核心的可能；不得据此判断具体对象现实中一定快、慢、黏、疏或稳定。,根气只修正节奏需求是否稳定重复，不等于双方现实节奏已成熟协调。,旺弱只修正某项推进、联系、共享、变化或恢复通道的调用强度，不直接等于适配质量。,喜忌只修正节奏调用顺畅度与摩擦，不可直接翻译为某种五行、十神或对象类型必然适合。,真合化成立时按化神功能重算节奏需要；合化争议时停止细化节奏画像。,近位提高该节奏议题进入关系核心的可能；远位只保留背景或阶段性观察。,84,+6 接口路由,rhythm_clocks,里程碑必须与责任和资源同步。,里程碑必须与责任和资源同步。,不得仅凭本规则推出具体日期、交往时长、多久结婚、联系次数、见面频率或关系结果；不得把快等同冲动、慢等同冷淡、高频等同亲密、低频等同不爱。现实安全、双方同意、持续行为、生活条件、反例与协商优先。,中高,待验证,,rhythm_clock=CK05; provisional=true; rule_group=RHYTHM-CK时钟; M3_STATE_pending=true,0.7
M5-RHYTHM-475,CK05 生活责任时钟｜精度边界,L10 多时钟与节奏精度,RHYTHM-CK时钟,通用,边界,CK05,生活责任时钟,准备输出时间、频率或具体期限。,双方有明确现实协议时可引用现实数字。,由共享基础引擎、M2-TEMPO与M3功能模块提供；只修正用户能够承载怎样的推进、联系、共同时间、负荷与恢复节奏，不直接判断现实关系一定同步。,M2说明进入关系前的确认节奏；M5-RHYTHM只处理关系进入认真阶段以后，双方怎样持续协调推进与生活节奏。,M3-BASE、EXPR、CARE、BOUND、CONFLICT提供日常相处和状态通道；M5-RHYTHM负责把双方时间、负荷、联系、空间与恢复合成为长期节奏结构。,无／按本规则指定的提议—观察—同意—执行—反馈—调整—恢复路径路由。,近位、远位只修正某项节奏需求进入亲密关系核心的可能；不得据此判断具体对象现实中一定快、慢、黏、疏或稳定。,根气只修正节奏需求是否稳定重复，不等于双方现实节奏已成熟协调。,旺弱只修正某项推进、联系、共享、变化或恢复通道的调用强度，不直接等于适配质量。,喜忌只修正节奏调用顺畅度与摩擦，不可直接翻译为某种五行、十神或对象类型必然适合。,真合化成立时按化神功能重算节奏需要；合化争议时停止细化节奏画像。,近位提高该节奏议题进入关系核心的可能；远位只保留背景或阶段性观察。,96,不加分；时间边界,time_precision_boundary,承诺标签不能替代现实容量。,承诺标签不能替代现实容量。,不得仅凭本规则推出具体日期、交往时长、多久结婚、联系次数、见面频率或关系结果；不得把快等同冲动、慢等同冷淡、高频等同亲密、低频等同不爱。现实安全、双方同意、持续行为、生活条件、反例与协商优先。,高,待验证,,rhythm_clock=CK05; provisional=true; rule_group=RHYTHM-CK时钟; M3_STATE_pending=true,0.7
M5-RHYTHM-476,CK05 生活责任时钟｜现实记录与调整,L10 多时钟与节奏精度,RHYTHM-CK时钟,通用,证据,CK05,生活责任时钟,存在真实时间、频率、阶段或恢复资料。,只有命盘、愿望或一次事件。,由共享基础引擎、M2-TEMPO与M3功能模块提供；只修正用户能够承载怎样的推进、联系、共同时间、负荷与恢复节奏，不直接判断现实关系一定同步。,M2说明进入关系前的确认节奏；M5-RHYTHM只处理关系进入认真阶段以后，双方怎样持续协调推进与生活节奏。,M3-BASE、EXPR、CARE、BOUND、CONFLICT提供日常相处和状态通道；M5-RHYTHM负责把双方时间、负荷、联系、空间与恢复合成为长期节奏结构。,无／按本规则指定的提议—观察—同意—执行—反馈—调整—恢复路径路由。,近位、远位只修正某项节奏需求进入亲密关系核心的可能；不得据此判断具体对象现实中一定快、慢、黏、疏或稳定。,根气只修正节奏需求是否稳定重复，不等于双方现实节奏已成熟协调。,旺弱只修正某项推进、联系、共享、变化或恢复通道的调用强度，不直接等于适配质量。,喜忌只修正节奏调用顺畅度与摩擦，不可直接翻译为某种五行、十神或对象类型必然适合。,真合化成立时按化神功能重算节奏需要；合化争议时停止细化节奏画像。,近位提高该节奏议题进入关系核心的可能；远位只保留背景或阶段性观察。,78,HV证据 +6,observation_plan,生活责任时钟必须通过现实记录和双方反馈校准。,下一步可记录生活责任时钟的实际表现、变化原因和调整结果。,不得仅凭本规则推出具体日期、交往时长、多久结婚、联系次数、见面频率或关系结果；不得把快等同冲动、慢等同冷淡、高频等同亲密、低频等同不爱。现实安全、双方同意、持续行为、生活条件、反例与协商优先。,中,待验证,,rhythm_clock=CK05; provisional=true; rule_group=RHYTHM-CK时钟; M3_STATE_pending=true,0.7
M5-RHYTHM-477,CK06 亲密身体时钟｜时钟定义,L10 多时钟与节奏精度,RHYTHM-CK时钟,通用,定义,CK06,亲密身体时钟,分析对应节奏维度。,无。,由共享基础引擎、M2-TEMPO与M3功能模块提供；只修正用户能够承载怎样的推进、联系、共同时间、负荷与恢复节奏，不直接判断现实关系一定同步。,M2说明进入关系前的确认节奏；M5-RHYTHM只处理关系进入认真阶段以后，双方怎样持续协调推进与生活节奏。,M3-BASE、EXPR、CARE、BOUND、CONFLICT提供日常相处和状态通道；M5-RHYTHM负责把双方时间、负荷、联系、空间与恢复合成为长期节奏结构。,无／按本规则指定的提议—观察—同意—执行—反馈—调整—恢复路径路由。,近位、远位只修正某项节奏需求进入亲密关系核心的可能；不得据此判断具体对象现实中一定快、慢、黏、疏或稳定。,根气只修正节奏需求是否稳定重复，不等于双方现实节奏已成熟协调。,旺弱只修正某项推进、联系、共享、变化或恢复通道的调用强度，不直接等于适配质量。,喜忌只修正节奏调用顺畅度与摩擦，不可直接翻译为某种五行、十神或对象类型必然适合。,真合化成立时按化神功能重算节奏需要；合化争议时停止细化节奏画像。,近位提高该节奏议题进入关系核心的可能；远位只保留背景或阶段性观察。,90,不加分；时钟定义,rhythm_clocks,身体靠近、性和亲密开放的个人与共同节奏。,亲密身体时钟用于判断：身体靠近、性和亲密开放的个人与共同节奏。,不得仅凭本规则推出具体日期、交往时长、多久结婚、联系次数、见面频率或关系结果；不得把快等同冲动、慢等同冷淡、高频等同亲密、低频等同不爱。现实安全、双方同意、持续行为、生活条件、反例与协商优先。,高,待验证,,rhythm_clock=CK06; provisional=true; rule_group=RHYTHM-CK时钟; M3_STATE_pending=true,0.7
M5-RHYTHM-478,CK06 亲密身体时钟｜上游接口,L10 多时钟与节奏精度,RHYTHM-CK时钟,通用,接口,CK06,亲密身体时钟,相关上游模块或现实资料可用。,用上游单一结论替代当前节奏证据。,由共享基础引擎、M2-TEMPO与M3功能模块提供；只修正用户能够承载怎样的推进、联系、共同时间、负荷与恢复节奏，不直接判断现实关系一定同步。,M2说明进入关系前的确认节奏；M5-RHYTHM只处理关系进入认真阶段以后，双方怎样持续协调推进与生活节奏。,M3-BASE、EXPR、CARE、BOUND、CONFLICT提供日常相处和状态通道；M5-RHYTHM负责把双方时间、负荷、联系、空间与恢复合成为长期节奏结构。,无／按本规则指定的提议—观察—同意—执行—反馈—调整—恢复路径路由。,近位、远位只修正某项节奏需求进入亲密关系核心的可能；不得据此判断具体对象现实中一定快、慢、黏、疏或稳定。,根气只修正节奏需求是否稳定重复，不等于双方现实节奏已成熟协调。,旺弱只修正某项推进、联系、共享、变化或恢复通道的调用强度，不直接等于适配质量。,喜忌只修正节奏调用顺畅度与摩擦，不可直接翻译为某种五行、十神或对象类型必然适合。,真合化成立时按化神功能重算节奏需要；合化争议时停止细化节奏画像。,近位提高该节奏议题进入关系核心的可能；远位只保留背景或阶段性观察。,84,+6 接口路由,rhythm_clocks,持续同意、健康和安全优先。,持续同意、健康和安全优先。,不得仅凭本规则推出具体日期、交往时长、多久结婚、联系次数、见面频率或关系结果；不得把快等同冲动、慢等同冷淡、高频等同亲密、低频等同不爱。现实安全、双方同意、持续行为、生活条件、反例与协商优先。,中高,待验证,,rhythm_clock=CK06; provisional=true; rule_group=RHYTHM-CK时钟; M3_STATE_pending=true,0.7
M5-RHYTHM-479,CK06 亲密身体时钟｜精度边界,L10 多时钟与节奏精度,RHYTHM-CK时钟,通用,边界,CK06,亲密身体时钟,准备输出时间、频率或具体期限。,双方有明确现实协议时可引用现实数字。,由共享基础引擎、M2-TEMPO与M3功能模块提供；只修正用户能够承载怎样的推进、联系、共同时间、负荷与恢复节奏，不直接判断现实关系一定同步。,M2说明进入关系前的确认节奏；M5-RHYTHM只处理关系进入认真阶段以后，双方怎样持续协调推进与生活节奏。,M3-BASE、EXPR、CARE、BOUND、CONFLICT提供日常相处和状态通道；M5-RHYTHM负责把双方时间、负荷、联系、空间与恢复合成为长期节奏结构。,无／按本规则指定的提议—观察—同意—执行—反馈—调整—恢复路径路由。,近位、远位只修正某项节奏需求进入亲密关系核心的可能；不得据此判断具体对象现实中一定快、慢、黏、疏或稳定。,根气只修正节奏需求是否稳定重复，不等于双方现实节奏已成熟协调。,旺弱只修正某项推进、联系、共享、变化或恢复通道的调用强度，不直接等于适配质量。,喜忌只修正节奏调用顺畅度与摩擦，不可直接翻译为某种五行、十神或对象类型必然适合。,真合化成立时按化神功能重算节奏需要；合化争议时停止细化节奏画像。,近位提高该节奏议题进入关系核心的可能；远位只保留背景或阶段性观察。,96,不加分；时间边界,time_precision_boundary,不能用关系阶段要求身体同步。,不能用关系阶段要求身体同步。,不得仅凭本规则推出具体日期、交往时长、多久结婚、联系次数、见面频率或关系结果；不得把快等同冲动、慢等同冷淡、高频等同亲密、低频等同不爱。现实安全、双方同意、持续行为、生活条件、反例与协商优先。,高,待验证,,rhythm_clock=CK06; provisional=true; rule_group=RHYTHM-CK时钟; M3_STATE_pending=true,0.7
M5-RHYTHM-480,CK06 亲密身体时钟｜现实记录与调整,L10 多时钟与节奏精度,RHYTHM-CK时钟,通用,证据,CK06,亲密身体时钟,存在真实时间、频率、阶段或恢复资料。,只有命盘、愿望或一次事件。,由共享基础引擎、M2-TEMPO与M3功能模块提供；只修正用户能够承载怎样的推进、联系、共同时间、负荷与恢复节奏，不直接判断现实关系一定同步。,M2说明进入关系前的确认节奏；M5-RHYTHM只处理关系进入认真阶段以后，双方怎样持续协调推进与生活节奏。,M3-BASE、EXPR、CARE、BOUND、CONFLICT提供日常相处和状态通道；M5-RHYTHM负责把双方时间、负荷、联系、空间与恢复合成为长期节奏结构。,无／按本规则指定的提议—观察—同意—执行—反馈—调整—恢复路径路由。,近位、远位只修正某项节奏需求进入亲密关系核心的可能；不得据此判断具体对象现实中一定快、慢、黏、疏或稳定。,根气只修正节奏需求是否稳定重复，不等于双方现实节奏已成熟协调。,旺弱只修正某项推进、联系、共享、变化或恢复通道的调用强度，不直接等于适配质量。,喜忌只修正节奏调用顺畅度与摩擦，不可直接翻译为某种五行、十神或对象类型必然适合。,真合化成立时按化神功能重算节奏需要；合化争议时停止细化节奏画像。,近位提高该节奏议题进入关系核心的可能；远位只保留背景或阶段性观察。,78,HV证据 +6,observation_plan,亲密身体时钟必须通过现实记录和双方反馈校准。,下一步可记录亲密身体时钟的实际表现、变化原因和调整结果。,不得仅凭本规则推出具体日期、交往时长、多久结婚、联系次数、见面频率或关系结果；不得把快等同冲动、慢等同冷淡、高频等同亲密、低频等同不爱。现实安全、双方同意、持续行为、生活条件、反例与协商优先。,中,待验证,,rhythm_clock=CK06; provisional=true; rule_group=RHYTHM-CK时钟; M3_STATE_pending=true,0.7
M5-RHYTHM-481,CK07 冲突降温时钟｜时钟定义,L10 多时钟与节奏精度,RHYTHM-CK时钟,通用,定义,CK07,冲突降温时钟,分析对应节奏维度。,无。,由共享基础引擎、M2-TEMPO与M3功能模块提供；只修正用户能够承载怎样的推进、联系、共同时间、负荷与恢复节奏，不直接判断现实关系一定同步。,M2说明进入关系前的确认节奏；M5-RHYTHM只处理关系进入认真阶段以后，双方怎样持续协调推进与生活节奏。,M3-BASE、EXPR、CARE、BOUND、CONFLICT提供日常相处和状态通道；M5-RHYTHM负责把双方时间、负荷、联系、空间与恢复合成为长期节奏结构。,无／按本规则指定的提议—观察—同意—执行—反馈—调整—恢复路径路由。,近位、远位只修正某项节奏需求进入亲密关系核心的可能；不得据此判断具体对象现实中一定快、慢、黏、疏或稳定。,根气只修正节奏需求是否稳定重复，不等于双方现实节奏已成熟协调。,旺弱只修正某项推进、联系、共享、变化或恢复通道的调用强度，不直接等于适配质量。,喜忌只修正节奏调用顺畅度与摩擦，不可直接翻译为某种五行、十神或对象类型必然适合。,真合化成立时按化神功能重算节奏需要；合化争议时停止细化节奏画像。,近位提高该节奏议题进入关系核心的可能；远位只保留背景或阶段性观察。,90,不加分；时钟定义,rhythm_clocks,从高压反应进入可沟通状态所需的时间与条件。,冲突降温时钟用于判断：从高压反应进入可沟通状态所需的时间与条件。,不得仅凭本规则推出具体日期、交往时长、多久结婚、联系次数、见面频率或关系结果；不得把快等同冲动、慢等同冷淡、高频等同亲密、低频等同不爱。现实安全、双方同意、持续行为、生活条件、反例与协商优先。,高,待验证,,rhythm_clock=CK07; provisional=true; rule_group=RHYTHM-CK时钟; M3_STATE_pending=true,0.7
M5-RHYTHM-482,CK07 冲突降温时钟｜上游接口,L10 多时钟与节奏精度,RHYTHM-CK时钟,通用,接口,CK07,冲突降温时钟,相关上游模块或现实资料可用。,用上游单一结论替代当前节奏证据。,由共享基础引擎、M2-TEMPO与M3功能模块提供；只修正用户能够承载怎样的推进、联系、共同时间、负荷与恢复节奏，不直接判断现实关系一定同步。,M2说明进入关系前的确认节奏；M5-RHYTHM只处理关系进入认真阶段以后，双方怎样持续协调推进与生活节奏。,M3-BASE、EXPR、CARE、BOUND、CONFLICT提供日常相处和状态通道；M5-RHYTHM负责把双方时间、负荷、联系、空间与恢复合成为长期节奏结构。,无／按本规则指定的提议—观察—同意—执行—反馈—调整—恢复路径路由。,近位、远位只修正某项节奏需求进入亲密关系核心的可能；不得据此判断具体对象现实中一定快、慢、黏、疏或稳定。,根气只修正节奏需求是否稳定重复，不等于双方现实节奏已成熟协调。,旺弱只修正某项推进、联系、共享、变化或恢复通道的调用强度，不直接等于适配质量。,喜忌只修正节奏调用顺畅度与摩擦，不可直接翻译为某种五行、十神或对象类型必然适合。,真合化成立时按化神功能重算节奏需要；合化争议时停止细化节奏画像。,近位提高该节奏议题进入关系核心的可能；远位只保留背景或阶段性观察。,84,+6 接口路由,rhythm_clocks,需要目的、最低连接和回归点。,需要目的、最低连接和回归点。,不得仅凭本规则推出具体日期、交往时长、多久结婚、联系次数、见面频率或关系结果；不得把快等同冲动、慢等同冷淡、高频等同亲密、低频等同不爱。现实安全、双方同意、持续行为、生活条件、反例与协商优先。,中高,待验证,,rhythm_clock=CK07; provisional=true; rule_group=RHYTHM-CK时钟; M3_STATE_pending=true,0.7
M5-RHYTHM-483,CK07 冲突降温时钟｜精度边界,L10 多时钟与节奏精度,RHYTHM-CK时钟,通用,边界,CK07,冲突降温时钟,准备输出时间、频率或具体期限。,双方有明确现实协议时可引用现实数字。,由共享基础引擎、M2-TEMPO与M3功能模块提供；只修正用户能够承载怎样的推进、联系、共同时间、负荷与恢复节奏，不直接判断现实关系一定同步。,M2说明进入关系前的确认节奏；M5-RHYTHM只处理关系进入认真阶段以后，双方怎样持续协调推进与生活节奏。,M3-BASE、EXPR、CARE、BOUND、CONFLICT提供日常相处和状态通道；M5-RHYTHM负责把双方时间、负荷、联系、空间与恢复合成为长期节奏结构。,无／按本规则指定的提议—观察—同意—执行—反馈—调整—恢复路径路由。,近位、远位只修正某项节奏需求进入亲密关系核心的可能；不得据此判断具体对象现实中一定快、慢、黏、疏或稳定。,根气只修正节奏需求是否稳定重复，不等于双方现实节奏已成熟协调。,旺弱只修正某项推进、联系、共享、变化或恢复通道的调用强度，不直接等于适配质量。,喜忌只修正节奏调用顺畅度与摩擦，不可直接翻译为某种五行、十神或对象类型必然适合。,真合化成立时按化神功能重算节奏需要；合化争议时停止细化节奏画像。,近位提高该节奏议题进入关系核心的可能；远位只保留背景或阶段性观察。,96,不加分；时间边界,time_precision_boundary,暂停时长不能由命盘精确预测。,暂停时长不能由命盘精确预测。,不得仅凭本规则推出具体日期、交往时长、多久结婚、联系次数、见面频率或关系结果；不得把快等同冲动、慢等同冷淡、高频等同亲密、低频等同不爱。现实安全、双方同意、持续行为、生活条件、反例与协商优先。,高,待验证,,rhythm_clock=CK07; provisional=true; rule_group=RHYTHM-CK时钟; M3_STATE_pending=true,0.7
M5-RHYTHM-484,CK07 冲突降温时钟｜现实记录与调整,L10 多时钟与节奏精度,RHYTHM-CK时钟,通用,证据,CK07,冲突降温时钟,存在真实时间、频率、阶段或恢复资料。,只有命盘、愿望或一次事件。,由共享基础引擎、M2-TEMPO与M3功能模块提供；只修正用户能够承载怎样的推进、联系、共同时间、负荷与恢复节奏，不直接判断现实关系一定同步。,M2说明进入关系前的确认节奏；M5-RHYTHM只处理关系进入认真阶段以后，双方怎样持续协调推进与生活节奏。,M3-BASE、EXPR、CARE、BOUND、CONFLICT提供日常相处和状态通道；M5-RHYTHM负责把双方时间、负荷、联系、空间与恢复合成为长期节奏结构。,无／按本规则指定的提议—观察—同意—执行—反馈—调整—恢复路径路由。,近位、远位只修正某项节奏需求进入亲密关系核心的可能；不得据此判断具体对象现实中一定快、慢、黏、疏或稳定。,根气只修正节奏需求是否稳定重复，不等于双方现实节奏已成熟协调。,旺弱只修正某项推进、联系、共享、变化或恢复通道的调用强度，不直接等于适配质量。,喜忌只修正节奏调用顺畅度与摩擦，不可直接翻译为某种五行、十神或对象类型必然适合。,真合化成立时按化神功能重算节奏需要；合化争议时停止细化节奏画像。,近位提高该节奏议题进入关系核心的可能；远位只保留背景或阶段性观察。,78,HV证据 +6,observation_plan,冲突降温时钟必须通过现实记录和双方反馈校准。,下一步可记录冲突降温时钟的实际表现、变化原因和调整结果。,不得仅凭本规则推出具体日期、交往时长、多久结婚、联系次数、见面频率或关系结果；不得把快等同冲动、慢等同冷淡、高频等同亲密、低频等同不爱。现实安全、双方同意、持续行为、生活条件、反例与协商优先。,中,待验证,,rhythm_clock=CK07; provisional=true; rule_group=RHYTHM-CK时钟; M3_STATE_pending=true,0.7
M5-RHYTHM-485,CK08 修复开放时钟｜时钟定义,L10 多时钟与节奏精度,RHYTHM-CK时钟,通用,定义,CK08,修复开放时钟,分析对应节奏维度。,无。,由共享基础引擎、M2-TEMPO与M3功能模块提供；只修正用户能够承载怎样的推进、联系、共同时间、负荷与恢复节奏，不直接判断现实关系一定同步。,M2说明进入关系前的确认节奏；M5-RHYTHM只处理关系进入认真阶段以后，双方怎样持续协调推进与生活节奏。,M3-BASE、EXPR、CARE、BOUND、CONFLICT提供日常相处和状态通道；M5-RHYTHM负责把双方时间、负荷、联系、空间与恢复合成为长期节奏结构。,无／按本规则指定的提议—观察—同意—执行—反馈—调整—恢复路径路由。,近位、远位只修正某项节奏需求进入亲密关系核心的可能；不得据此判断具体对象现实中一定快、慢、黏、疏或稳定。,根气只修正节奏需求是否稳定重复，不等于双方现实节奏已成熟协调。,旺弱只修正某项推进、联系、共享、变化或恢复通道的调用强度，不直接等于适配质量。,喜忌只修正节奏调用顺畅度与摩擦，不可直接翻译为某种五行、十神或对象类型必然适合。,真合化成立时按化神功能重算节奏需要；合化争议时停止细化节奏画像。,近位提高该节奏议题进入关系核心的可能；远位只保留背景或阶段性观察。,90,不加分；时钟定义,rhythm_clocks,从问题停止到重新联系、合作、亲密和信任开放的分阶段进程。,修复开放时钟用于判断：从问题停止到重新联系、合作、亲密和信任开放的分阶段进程。,不得仅凭本规则推出具体日期、交往时长、多久结婚、联系次数、见面频率或关系结果；不得把快等同冲动、慢等同冷淡、高频等同亲密、低频等同不爱。现实安全、双方同意、持续行为、生活条件、反例与协商优先。,高,待验证,,rhythm_clock=CK08; provisional=true; rule_group=RHYTHM-CK时钟; M3_STATE_pending=true,0.7
M5-RHYTHM-486,CK08 修复开放时钟｜上游接口,L10 多时钟与节奏精度,RHYTHM-CK时钟,通用,接口,CK08,修复开放时钟,相关上游模块或现实资料可用。,用上游单一结论替代当前节奏证据。,由共享基础引擎、M2-TEMPO与M3功能模块提供；只修正用户能够承载怎样的推进、联系、共同时间、负荷与恢复节奏，不直接判断现实关系一定同步。,M2说明进入关系前的确认节奏；M5-RHYTHM只处理关系进入认真阶段以后，双方怎样持续协调推进与生活节奏。,M3-BASE、EXPR、CARE、BOUND、CONFLICT提供日常相处和状态通道；M5-RHYTHM负责把双方时间、负荷、联系、空间与恢复合成为长期节奏结构。,无／按本规则指定的提议—观察—同意—执行—反馈—调整—恢复路径路由。,近位、远位只修正某项节奏需求进入亲密关系核心的可能；不得据此判断具体对象现实中一定快、慢、黏、疏或稳定。,根气只修正节奏需求是否稳定重复，不等于双方现实节奏已成熟协调。,旺弱只修正某项推进、联系、共享、变化或恢复通道的调用强度，不直接等于适配质量。,喜忌只修正节奏调用顺畅度与摩擦，不可直接翻译为某种五行、十神或对象类型必然适合。,真合化成立时按化神功能重算节奏需要；合化争议时停止细化节奏画像。,近位提高该节奏议题进入关系核心的可能；远位只保留背景或阶段性观察。,84,+6 接口路由,rhythm_clocks,与M5-REPAIR的RO09、RO10接口。,与M5-REPAIR的RO09、RO10接口。,不得仅凭本规则推出具体日期、交往时长、多久结婚、联系次数、见面频率或关系结果；不得把快等同冲动、慢等同冷淡、高频等同亲密、低频等同不爱。现实安全、双方同意、持续行为、生活条件、反例与协商优先。,中高,待验证,,rhythm_clock=CK08; provisional=true; rule_group=RHYTHM-CK时钟; M3_STATE_pending=true,0.7
M5-RHYTHM-487,CK08 修复开放时钟｜精度边界,L10 多时钟与节奏精度,RHYTHM-CK时钟,通用,边界,CK08,修复开放时钟,准备输出时间、频率或具体期限。,双方有明确现实协议时可引用现实数字。,由共享基础引擎、M2-TEMPO与M3功能模块提供；只修正用户能够承载怎样的推进、联系、共同时间、负荷与恢复节奏，不直接判断现实关系一定同步。,M2说明进入关系前的确认节奏；M5-RHYTHM只处理关系进入认真阶段以后，双方怎样持续协调推进与生活节奏。,M3-BASE、EXPR、CARE、BOUND、CONFLICT提供日常相处和状态通道；M5-RHYTHM负责把双方时间、负荷、联系、空间与恢复合成为长期节奏结构。,无／按本规则指定的提议—观察—同意—执行—反馈—调整—恢复路径路由。,近位、远位只修正某项节奏需求进入亲密关系核心的可能；不得据此判断具体对象现实中一定快、慢、黏、疏或稳定。,根气只修正节奏需求是否稳定重复，不等于双方现实节奏已成熟协调。,旺弱只修正某项推进、联系、共享、变化或恢复通道的调用强度，不直接等于适配质量。,喜忌只修正节奏调用顺畅度与摩擦，不可直接翻译为某种五行、十神或对象类型必然适合。,真合化成立时按化神功能重算节奏需要；合化争议时停止细化节奏画像。,近位提高该节奏议题进入关系核心的可能；远位只保留背景或阶段性观察。,96,不加分；时间边界,time_precision_boundary,联系恢复不等于信任恢复。,联系恢复不等于信任恢复。,不得仅凭本规则推出具体日期、交往时长、多久结婚、联系次数、见面频率或关系结果；不得把快等同冲动、慢等同冷淡、高频等同亲密、低频等同不爱。现实安全、双方同意、持续行为、生活条件、反例与协商优先。,高,待验证,,rhythm_clock=CK08; provisional=true; rule_group=RHYTHM-CK时钟; M3_STATE_pending=true,0.7
M5-RHYTHM-488,CK08 修复开放时钟｜现实记录与调整,L10 多时钟与节奏精度,RHYTHM-CK时钟,通用,证据,CK08,修复开放时钟,存在真实时间、频率、阶段或恢复资料。,只有命盘、愿望或一次事件。,由共享基础引擎、M2-TEMPO与M3功能模块提供；只修正用户能够承载怎样的推进、联系、共同时间、负荷与恢复节奏，不直接判断现实关系一定同步。,M2说明进入关系前的确认节奏；M5-RHYTHM只处理关系进入认真阶段以后，双方怎样持续协调推进与生活节奏。,M3-BASE、EXPR、CARE、BOUND、CONFLICT提供日常相处和状态通道；M5-RHYTHM负责把双方时间、负荷、联系、空间与恢复合成为长期节奏结构。,无／按本规则指定的提议—观察—同意—执行—反馈—调整—恢复路径路由。,近位、远位只修正某项节奏需求进入亲密关系核心的可能；不得据此判断具体对象现实中一定快、慢、黏、疏或稳定。,根气只修正节奏需求是否稳定重复，不等于双方现实节奏已成熟协调。,旺弱只修正某项推进、联系、共享、变化或恢复通道的调用强度，不直接等于适配质量。,喜忌只修正节奏调用顺畅度与摩擦，不可直接翻译为某种五行、十神或对象类型必然适合。,真合化成立时按化神功能重算节奏需要；合化争议时停止细化节奏画像。,近位提高该节奏议题进入关系核心的可能；远位只保留背景或阶段性观察。,78,HV证据 +6,observation_plan,修复开放时钟必须通过现实记录和双方反馈校准。,下一步可记录修复开放时钟的实际表现、变化原因和调整结果。,不得仅凭本规则推出具体日期、交往时长、多久结婚、联系次数、见面频率或关系结果；不得把快等同冲动、慢等同冷淡、高频等同亲密、低频等同不爱。现实安全、双方同意、持续行为、生活条件、反例与协商优先。,中,待验证,,rhythm_clock=CK08; provisional=true; rule_group=RHYTHM-CK时钟; M3_STATE_pending=true,0.7
M5-RHYTHM-489,CK09 里程碑承诺时钟｜时钟定义,L10 多时钟与节奏精度,RHYTHM-CK时钟,通用,定义,CK09,里程碑承诺时钟,分析对应节奏维度。,无。,由共享基础引擎、M2-TEMPO与M3功能模块提供；只修正用户能够承载怎样的推进、联系、共同时间、负荷与恢复节奏，不直接判断现实关系一定同步。,M2说明进入关系前的确认节奏；M5-RHYTHM只处理关系进入认真阶段以后，双方怎样持续协调推进与生活节奏。,M3-BASE、EXPR、CARE、BOUND、CONFLICT提供日常相处和状态通道；M5-RHYTHM负责把双方时间、负荷、联系、空间与恢复合成为长期节奏结构。,无／按本规则指定的提议—观察—同意—执行—反馈—调整—恢复路径路由。,近位、远位只修正某项节奏需求进入亲密关系核心的可能；不得据此判断具体对象现实中一定快、慢、黏、疏或稳定。,根气只修正节奏需求是否稳定重复，不等于双方现实节奏已成熟协调。,旺弱只修正某项推进、联系、共享、变化或恢复通道的调用强度，不直接等于适配质量。,喜忌只修正节奏调用顺畅度与摩擦，不可直接翻译为某种五行、十神或对象类型必然适合。,真合化成立时按化神功能重算节奏需要；合化争议时停止细化节奏画像。,近位提高该节奏议题进入关系核心的可能；远位只保留背景或阶段性观察。,90,不加分；时钟定义,rhythm_clocks,公开、同居、婚育、财务和家庭责任的同步程度。,里程碑承诺时钟用于判断：公开、同居、婚育、财务和家庭责任的同步程度。,不得仅凭本规则推出具体日期、交往时长、多久结婚、联系次数、见面频率或关系结果；不得把快等同冲动、慢等同冷淡、高频等同亲密、低频等同不爱。现实安全、双方同意、持续行为、生活条件、反例与协商优先。,高,待验证,,rhythm_clock=CK09; provisional=true; rule_group=RHYTHM-CK时钟; M3_STATE_pending=true,0.7
M5-RHYTHM-490,CK09 里程碑承诺时钟｜上游接口,L10 多时钟与节奏精度,RHYTHM-CK时钟,通用,接口,CK09,里程碑承诺时钟,相关上游模块或现实资料可用。,用上游单一结论替代当前节奏证据。,由共享基础引擎、M2-TEMPO与M3功能模块提供；只修正用户能够承载怎样的推进、联系、共同时间、负荷与恢复节奏，不直接判断现实关系一定同步。,M2说明进入关系前的确认节奏；M5-RHYTHM只处理关系进入认真阶段以后，双方怎样持续协调推进与生活节奏。,M3-BASE、EXPR、CARE、BOUND、CONFLICT提供日常相处和状态通道；M5-RHYTHM负责把双方时间、负荷、联系、空间与恢复合成为长期节奏结构。,无／按本规则指定的提议—观察—同意—执行—反馈—调整—恢复路径路由。,近位、远位只修正某项节奏需求进入亲密关系核心的可能；不得据此判断具体对象现实中一定快、慢、黏、疏或稳定。,根气只修正节奏需求是否稳定重复，不等于双方现实节奏已成熟协调。,旺弱只修正某项推进、联系、共享、变化或恢复通道的调用强度，不直接等于适配质量。,喜忌只修正节奏调用顺畅度与摩擦，不可直接翻译为某种五行、十神或对象类型必然适合。,真合化成立时按化神功能重算节奏需要；合化争议时停止细化节奏画像。,近位提高该节奏议题进入关系核心的可能；远位只保留背景或阶段性观察。,84,+6 接口路由,rhythm_clocks,每一步都需意愿、资源、边界和退出机制。,每一步都需意愿、资源、边界和退出机制。,不得仅凭本规则推出具体日期、交往时长、多久结婚、联系次数、见面频率或关系结果；不得把快等同冲动、慢等同冷淡、高频等同亲密、低频等同不爱。现实安全、双方同意、持续行为、生活条件、反例与协商优先。,中高,待验证,,rhythm_clock=CK09; provisional=true; rule_group=RHYTHM-CK时钟; M3_STATE_pending=true,0.7
M5-RHYTHM-491,CK09 里程碑承诺时钟｜精度边界,L10 多时钟与节奏精度,RHYTHM-CK时钟,通用,边界,CK09,里程碑承诺时钟,准备输出时间、频率或具体期限。,双方有明确现实协议时可引用现实数字。,由共享基础引擎、M2-TEMPO与M3功能模块提供；只修正用户能够承载怎样的推进、联系、共同时间、负荷与恢复节奏，不直接判断现实关系一定同步。,M2说明进入关系前的确认节奏；M5-RHYTHM只处理关系进入认真阶段以后，双方怎样持续协调推进与生活节奏。,M3-BASE、EXPR、CARE、BOUND、CONFLICT提供日常相处和状态通道；M5-RHYTHM负责把双方时间、负荷、联系、空间与恢复合成为长期节奏结构。,无／按本规则指定的提议—观察—同意—执行—反馈—调整—恢复路径路由。,近位、远位只修正某项节奏需求进入亲密关系核心的可能；不得据此判断具体对象现实中一定快、慢、黏、疏或稳定。,根气只修正节奏需求是否稳定重复，不等于双方现实节奏已成熟协调。,旺弱只修正某项推进、联系、共享、变化或恢复通道的调用强度，不直接等于适配质量。,喜忌只修正节奏调用顺畅度与摩擦，不可直接翻译为某种五行、十神或对象类型必然适合。,真合化成立时按化神功能重算节奏需要；合化争议时停止细化节奏画像。,近位提高该节奏议题进入关系核心的可能；远位只保留背景或阶段性观察。,96,不加分；时间边界,time_precision_boundary,年龄或交往时长不能自动决定里程碑。,年龄或交往时长不能自动决定里程碑。,不得仅凭本规则推出具体日期、交往时长、多久结婚、联系次数、见面频率或关系结果；不得把快等同冲动、慢等同冷淡、高频等同亲密、低频等同不爱。现实安全、双方同意、持续行为、生活条件、反例与协商优先。,高,待验证,,rhythm_clock=CK09; provisional=true; rule_group=RHYTHM-CK时钟; M3_STATE_pending=true,0.7
M5-RHYTHM-492,CK09 里程碑承诺时钟｜现实记录与调整,L10 多时钟与节奏精度,RHYTHM-CK时钟,通用,证据,CK09,里程碑承诺时钟,存在真实时间、频率、阶段或恢复资料。,只有命盘、愿望或一次事件。,由共享基础引擎、M2-TEMPO与M3功能模块提供；只修正用户能够承载怎样的推进、联系、共同时间、负荷与恢复节奏，不直接判断现实关系一定同步。,M2说明进入关系前的确认节奏；M5-RHYTHM只处理关系进入认真阶段以后，双方怎样持续协调推进与生活节奏。,M3-BASE、EXPR、CARE、BOUND、CONFLICT提供日常相处和状态通道；M5-RHYTHM负责把双方时间、负荷、联系、空间与恢复合成为长期节奏结构。,无／按本规则指定的提议—观察—同意—执行—反馈—调整—恢复路径路由。,近位、远位只修正某项节奏需求进入亲密关系核心的可能；不得据此判断具体对象现实中一定快、慢、黏、疏或稳定。,根气只修正节奏需求是否稳定重复，不等于双方现实节奏已成熟协调。,旺弱只修正某项推进、联系、共享、变化或恢复通道的调用强度，不直接等于适配质量。,喜忌只修正节奏调用顺畅度与摩擦，不可直接翻译为某种五行、十神或对象类型必然适合。,真合化成立时按化神功能重算节奏需要；合化争议时停止细化节奏画像。,近位提高该节奏议题进入关系核心的可能；远位只保留背景或阶段性观察。,78,HV证据 +6,observation_plan,里程碑承诺时钟必须通过现实记录和双方反馈校准。,下一步可记录里程碑承诺时钟的实际表现、变化原因和调整结果。,不得仅凭本规则推出具体日期、交往时长、多久结婚、联系次数、见面频率或关系结果；不得把快等同冲动、慢等同冷淡、高频等同亲密、低频等同不爱。现实安全、双方同意、持续行为、生活条件、反例与协商优先。,中,待验证,,rhythm_clock=CK09; provisional=true; rule_group=RHYTHM-CK时钟; M3_STATE_pending=true,0.7
M5-RHYTHM-493,CK10 复盘调整时钟｜时钟定义,L10 多时钟与节奏精度,RHYTHM-CK时钟,通用,定义,CK10,复盘调整时钟,分析对应节奏维度。,无。,由共享基础引擎、M2-TEMPO与M3功能模块提供；只修正用户能够承载怎样的推进、联系、共同时间、负荷与恢复节奏，不直接判断现实关系一定同步。,M2说明进入关系前的确认节奏；M5-RHYTHM只处理关系进入认真阶段以后，双方怎样持续协调推进与生活节奏。,M3-BASE、EXPR、CARE、BOUND、CONFLICT提供日常相处和状态通道；M5-RHYTHM负责把双方时间、负荷、联系、空间与恢复合成为长期节奏结构。,无／按本规则指定的提议—观察—同意—执行—反馈—调整—恢复路径路由。,近位、远位只修正某项节奏需求进入亲密关系核心的可能；不得据此判断具体对象现实中一定快、慢、黏、疏或稳定。,根气只修正节奏需求是否稳定重复，不等于双方现实节奏已成熟协调。,旺弱只修正某项推进、联系、共享、变化或恢复通道的调用强度，不直接等于适配质量。,喜忌只修正节奏调用顺畅度与摩擦，不可直接翻译为某种五行、十神或对象类型必然适合。,真合化成立时按化神功能重算节奏需要；合化争议时停止细化节奏画像。,近位提高该节奏议题进入关系核心的可能；远位只保留背景或阶段性观察。,90,不加分；时钟定义,rhythm_clocks,多久、在什么事件后需要重新评估关系节奏。,复盘调整时钟用于判断：多久、在什么事件后需要重新评估关系节奏。,不得仅凭本规则推出具体日期、交往时长、多久结婚、联系次数、见面频率或关系结果；不得把快等同冲动、慢等同冷淡、高频等同亲密、低频等同不爱。现实安全、双方同意、持续行为、生活条件、反例与协商优先。,高,待验证,,rhythm_clock=CK10; provisional=true; rule_group=RHYTHM-CK时钟; M3_STATE_pending=true,0.7
M5-RHYTHM-494,CK10 复盘调整时钟｜上游接口,L10 多时钟与节奏精度,RHYTHM-CK时钟,通用,接口,CK10,复盘调整时钟,相关上游模块或现实资料可用。,用上游单一结论替代当前节奏证据。,由共享基础引擎、M2-TEMPO与M3功能模块提供；只修正用户能够承载怎样的推进、联系、共同时间、负荷与恢复节奏，不直接判断现实关系一定同步。,M2说明进入关系前的确认节奏；M5-RHYTHM只处理关系进入认真阶段以后，双方怎样持续协调推进与生活节奏。,M3-BASE、EXPR、CARE、BOUND、CONFLICT提供日常相处和状态通道；M5-RHYTHM负责把双方时间、负荷、联系、空间与恢复合成为长期节奏结构。,无／按本规则指定的提议—观察—同意—执行—反馈—调整—恢复路径路由。,近位、远位只修正某项节奏需求进入亲密关系核心的可能；不得据此判断具体对象现实中一定快、慢、黏、疏或稳定。,根气只修正节奏需求是否稳定重复，不等于双方现实节奏已成熟协调。,旺弱只修正某项推进、联系、共享、变化或恢复通道的调用强度，不直接等于适配质量。,喜忌只修正节奏调用顺畅度与摩擦，不可直接翻译为某种五行、十神或对象类型必然适合。,真合化成立时按化神功能重算节奏需要；合化争议时停止细化节奏画像。,近位提高该节奏议题进入关系核心的可能；远位只保留背景或阶段性观察。,84,+6 接口路由,rhythm_clocks,阶段转折、反复问题和负荷变化后触发。,阶段转折、反复问题和负荷变化后触发。,不得仅凭本规则推出具体日期、交往时长、多久结婚、联系次数、见面频率或关系结果；不得把快等同冲动、慢等同冷淡、高频等同亲密、低频等同不爱。现实安全、双方同意、持续行为、生活条件、反例与协商优先。,中高,待验证,,rhythm_clock=CK10; provisional=true; rule_group=RHYTHM-CK时钟; M3_STATE_pending=true,0.7
M5-RHYTHM-495,CK10 复盘调整时钟｜精度边界,L10 多时钟与节奏精度,RHYTHM-CK时钟,通用,边界,CK10,复盘调整时钟,准备输出时间、频率或具体期限。,双方有明确现实协议时可引用现实数字。,由共享基础引擎、M2-TEMPO与M3功能模块提供；只修正用户能够承载怎样的推进、联系、共同时间、负荷与恢复节奏，不直接判断现实关系一定同步。,M2说明进入关系前的确认节奏；M5-RHYTHM只处理关系进入认真阶段以后，双方怎样持续协调推进与生活节奏。,M3-BASE、EXPR、CARE、BOUND、CONFLICT提供日常相处和状态通道；M5-RHYTHM负责把双方时间、负荷、联系、空间与恢复合成为长期节奏结构。,无／按本规则指定的提议—观察—同意—执行—反馈—调整—恢复路径路由。,近位、远位只修正某项节奏需求进入亲密关系核心的可能；不得据此判断具体对象现实中一定快、慢、黏、疏或稳定。,根气只修正节奏需求是否稳定重复，不等于双方现实节奏已成熟协调。,旺弱只修正某项推进、联系、共享、变化或恢复通道的调用强度，不直接等于适配质量。,喜忌只修正节奏调用顺畅度与摩擦，不可直接翻译为某种五行、十神或对象类型必然适合。,真合化成立时按化神功能重算节奏需要；合化争议时停止细化节奏画像。,近位提高该节奏议题进入关系核心的可能；远位只保留背景或阶段性观察。,96,不加分；时间边界,time_precision_boundary,不是固定日历周期，而是事件和状态驱动。,不是固定日历周期，而是事件和状态驱动。,不得仅凭本规则推出具体日期、交往时长、多久结婚、联系次数、见面频率或关系结果；不得把快等同冲动、慢等同冷淡、高频等同亲密、低频等同不爱。现实安全、双方同意、持续行为、生活条件、反例与协商优先。,高,待验证,,rhythm_clock=CK10; provisional=true; rule_group=RHYTHM-CK时钟; M3_STATE_pending=true,0.7
M5-RHYTHM-496,CK10 复盘调整时钟｜现实记录与调整,L10 多时钟与节奏精度,RHYTHM-CK时钟,通用,证据,CK10,复盘调整时钟,存在真实时间、频率、阶段或恢复资料。,只有命盘、愿望或一次事件。,由共享基础引擎、M2-TEMPO与M3功能模块提供；只修正用户能够承载怎样的推进、联系、共同时间、负荷与恢复节奏，不直接判断现实关系一定同步。,M2说明进入关系前的确认节奏；M5-RHYTHM只处理关系进入认真阶段以后，双方怎样持续协调推进与生活节奏。,M3-BASE、EXPR、CARE、BOUND、CONFLICT提供日常相处和状态通道；M5-RHYTHM负责把双方时间、负荷、联系、空间与恢复合成为长期节奏结构。,无／按本规则指定的提议—观察—同意—执行—反馈—调整—恢复路径路由。,近位、远位只修正某项节奏需求进入亲密关系核心的可能；不得据此判断具体对象现实中一定快、慢、黏、疏或稳定。,根气只修正节奏需求是否稳定重复，不等于双方现实节奏已成熟协调。,旺弱只修正某项推进、联系、共享、变化或恢复通道的调用强度，不直接等于适配质量。,喜忌只修正节奏调用顺畅度与摩擦，不可直接翻译为某种五行、十神或对象类型必然适合。,真合化成立时按化神功能重算节奏需要；合化争议时停止细化节奏画像。,近位提高该节奏议题进入关系核心的可能；远位只保留背景或阶段性观察。,78,HV证据 +6,observation_plan,复盘调整时钟必须通过现实记录和双方反馈校准。,下一步可记录复盘调整时钟的实际表现、变化原因和调整结果。,不得仅凭本规则推出具体日期、交往时长、多久结婚、联系次数、见面频率或关系结果；不得把快等同冲动、慢等同冷淡、高频等同亲密、低频等同不爱。现实安全、双方同意、持续行为、生活条件、反例与协商优先。,中,待验证,,rhythm_clock=CK10; provisional=true; rule_group=RHYTHM-CK时钟; M3_STATE_pending=true,0.7
M5-RHYTHM-497,M5-BASE主FN转主HC,L11 状态、接口、去重与停止,RHYTHM-接口门控,通用,接口,M5-BASE主FN转主HC,,M5-BASE主FN可靠。,直接改换为另一显眼节奏通道。,由共享基础引擎、M2-TEMPO与M3功能模块提供；只修正用户能够承载怎样的推进、联系、共同时间、负荷与恢复节奏，不直接判断现实关系一定同步。,M2说明进入关系前的确认节奏；M5-RHYTHM只处理关系进入认真阶段以后，双方怎样持续协调推进与生活节奏。,M3-BASE、EXPR、CARE、BOUND、CONFLICT提供日常相处和状态通道；M5-RHYTHM负责把双方时间、负荷、联系、空间与恢复合成为长期节奏结构。,无／按本规则指定的提议—观察—同意—执行—反馈—调整—恢复路径路由。,近位、远位只修正某项节奏需求进入亲密关系核心的可能；不得据此判断具体对象现实中一定快、慢、黏、疏或稳定。,根气只修正节奏需求是否稳定重复，不等于双方现实节奏已成熟协调。,旺弱只修正某项推进、联系、共享、变化或恢复通道的调用强度，不直接等于适配质量。,喜忌只修正节奏调用顺畅度与摩擦，不可直接翻译为某种五行、十神或对象类型必然适合。,真合化成立时按化神功能重算节奏需要；合化争议时停止细化节奏画像。,近位提高该节奏议题进入关系核心的可能；远位只保留背景或阶段性观察。,86,不加分；接口／状态／去重,primary_rhythm_channel,FN与HC按关系功能映射；现实阶段、对象行为和生活条件再修正节奏。,主节奏通道先从你的核心适配需要出发。,不得仅凭本规则推出具体日期、交往时长、多久结婚、联系次数、见面频率或关系结果；不得把快等同冲动、慢等同冷淡、高频等同亲密、低频等同不爱。现实安全、双方同意、持续行为、生活条件、反例与协商优先。,中高,待验证,,interface_state_rule=true; provisional=true; rule_group=RHYTHM-接口门控; M3_STATE_pending=true,0.7
M5-RHYTHM-498,M5-BASE次FN转次HC,L11 状态、接口、去重与停止,RHYTHM-接口门控,通用,接口,M5-BASE次FN转次HC,,次FN来源独立、功能不同。,同义重复或正文超过一次。,由共享基础引擎、M2-TEMPO与M3功能模块提供；只修正用户能够承载怎样的推进、联系、共同时间、负荷与恢复节奏，不直接判断现实关系一定同步。,M2说明进入关系前的确认节奏；M5-RHYTHM只处理关系进入认真阶段以后，双方怎样持续协调推进与生活节奏。,M3-BASE、EXPR、CARE、BOUND、CONFLICT提供日常相处和状态通道；M5-RHYTHM负责把双方时间、负荷、联系、空间与恢复合成为长期节奏结构。,无／按本规则指定的提议—观察—同意—执行—反馈—调整—恢复路径路由。,近位、远位只修正某项节奏需求进入亲密关系核心的可能；不得据此判断具体对象现实中一定快、慢、黏、疏或稳定。,根气只修正节奏需求是否稳定重复，不等于双方现实节奏已成熟协调。,旺弱只修正某项推进、联系、共享、变化或恢复通道的调用强度，不直接等于适配质量。,喜忌只修正节奏调用顺畅度与摩擦，不可直接翻译为某种五行、十神或对象类型必然适合。,真合化成立时按化神功能重算节奏需要；合化争议时停止细化节奏画像。,近位提高该节奏议题进入关系核心的可能；远位只保留背景或阶段性观察。,86,不加分；接口／状态／去重,secondary_rhythm_channel,次通道只保留一项独立的节奏支持功能。,次级节奏条件只保留一项真正不同的支持。,不得仅凭本规则推出具体日期、交往时长、多久结婚、联系次数、见面频率或关系结果；不得把快等同冲动、慢等同冷淡、高频等同亲密、低频等同不爱。现实安全、双方同意、持续行为、生活条件、反例与协商优先。,中高,待验证,,interface_state_rule=true; provisional=true; rule_group=RHYTHM-接口门控; M3_STATE_pending=true,0.7
M5-RHYTHM-499,M5-PARTNER PS状态接口,L11 状态、接口、去重与停止,RHYTHM-接口门控,通用,接口,M5-PARTNER PS状态接口,,具体对象PS状态可用。,把个人功能成熟直接写成双方节奏成熟。,由共享基础引擎、M2-TEMPO与M3功能模块提供；只修正用户能够承载怎样的推进、联系、共同时间、负荷与恢复节奏，不直接判断现实关系一定同步。,M2说明进入关系前的确认节奏；M5-RHYTHM只处理关系进入认真阶段以后，双方怎样持续协调推进与生活节奏。,M3-BASE、EXPR、CARE、BOUND、CONFLICT提供日常相处和状态通道；M5-RHYTHM负责把双方时间、负荷、联系、空间与恢复合成为长期节奏结构。,无／按本规则指定的提议—观察—同意—执行—反馈—调整—恢复路径路由。,近位、远位只修正某项节奏需求进入亲密关系核心的可能；不得据此判断具体对象现实中一定快、慢、黏、疏或稳定。,根气只修正节奏需求是否稳定重复，不等于双方现实节奏已成熟协调。,旺弱只修正某项推进、联系、共享、变化或恢复通道的调用强度，不直接等于适配质量。,喜忌只修正节奏调用顺畅度与摩擦，不可直接翻译为某种五行、十神或对象类型必然适合。,真合化成立时按化神功能重算节奏需要；合化争议时停止细化节奏画像。,近位提高该节奏议题进入关系核心的可能；远位只保留背景或阶段性观察。,86,不加分；接口／状态／去重,partner_rhythm_interface,PS说明对象怎样使用功能；RHYTHM继续看双方是否能同步、调整和恢复。,对方有能力，还要看你们能不能用合适的节奏接起来。,不得仅凭本规则推出具体日期、交往时长、多久结婚、联系次数、见面频率或关系结果；不得把快等同冲动、慢等同冷淡、高频等同亲密、低频等同不爱。现实安全、双方同意、持续行为、生活条件、反例与协商优先。,中高,待验证,,interface_state_rule=true; provisional=true; rule_group=RHYTHM-接口门控; M3_STATE_pending=true,0.7
M5-RHYTHM-500,M5-PARTNER PV与HV分开,L11 状态、接口、去重与停止,RHYTHM-接口门控,通用,去重,M5-PARTNER PV与HV分开,,PV资料可用。,把个人PV直接等同双人HV。,由共享基础引擎、M2-TEMPO与M3功能模块提供；只修正用户能够承载怎样的推进、联系、共同时间、负荷与恢复节奏，不直接判断现实关系一定同步。,M2说明进入关系前的确认节奏；M5-RHYTHM只处理关系进入认真阶段以后，双方怎样持续协调推进与生活节奏。,M3-BASE、EXPR、CARE、BOUND、CONFLICT提供日常相处和状态通道；M5-RHYTHM负责把双方时间、负荷、联系、空间与恢复合成为长期节奏结构。,无／按本规则指定的提议—观察—同意—执行—反馈—调整—恢复路径路由。,近位、远位只修正某项节奏需求进入亲密关系核心的可能；不得据此判断具体对象现实中一定快、慢、黏、疏或稳定。,根气只修正节奏需求是否稳定重复，不等于双方现实节奏已成熟协调。,旺弱只修正某项推进、联系、共享、变化或恢复通道的调用强度，不直接等于适配质量。,喜忌只修正节奏调用顺畅度与摩擦，不可直接翻译为某种五行、十神或对象类型必然适合。,真合化成立时按化神功能重算节奏需要；合化争议时停止细化节奏画像。,近位提高该节奏议题进入关系核心的可能；远位只保留背景或阶段性观察。,86,不加分；接口／状态／去重,rhythm_evidence_level,PV是个体行为证据；HV需要双方节奏事件、反馈和调整。,一个人平时表现稳定，不等于双方节奏已经协调。,不得仅凭本规则推出具体日期、交往时长、多久结婚、联系次数、见面频率或关系结果；不得把快等同冲动、慢等同冷淡、高频等同亲密、低频等同不爱。现实安全、双方同意、持续行为、生活条件、反例与协商优先。,高,待验证,,interface_state_rule=true; provisional=true; rule_group=RHYTHM-接口门控; M3_STATE_pending=true,0.7
M5-RHYTHM-501,M5-EXCHANGE主EC接口,L11 状态、接口、去重与停止,RHYTHM-接口门控,通用,接口,M5-EXCHANGE主EC接口,,EXCHANGE主EC可靠。,直接把交换通道等同节奏通道。,由共享基础引擎、M2-TEMPO与M3功能模块提供；只修正用户能够承载怎样的推进、联系、共同时间、负荷与恢复节奏，不直接判断现实关系一定同步。,M2说明进入关系前的确认节奏；M5-RHYTHM只处理关系进入认真阶段以后，双方怎样持续协调推进与生活节奏。,M3-BASE、EXPR、CARE、BOUND、CONFLICT提供日常相处和状态通道；M5-RHYTHM负责把双方时间、负荷、联系、空间与恢复合成为长期节奏结构。,无／按本规则指定的提议—观察—同意—执行—反馈—调整—恢复路径路由。,近位、远位只修正某项节奏需求进入亲密关系核心的可能；不得据此判断具体对象现实中一定快、慢、黏、疏或稳定。,根气只修正节奏需求是否稳定重复，不等于双方现实节奏已成熟协调。,旺弱只修正某项推进、联系、共享、变化或恢复通道的调用强度，不直接等于适配质量。,喜忌只修正节奏调用顺畅度与摩擦，不可直接翻译为某种五行、十神或对象类型必然适合。,真合化成立时按化神功能重算节奏需要；合化争议时停止细化节奏画像。,近位提高该节奏议题进入关系核心的可能；远位只保留背景或阶段性观察。,86,不加分；接口／状态／去重,exchange_rhythm_interface,EC说明怎样交换；HC继续判断何时、多久、在什么负荷下发生。,知道怎样互相支持以后，还要看这些支持能否按现实节奏持续。,不得仅凭本规则推出具体日期、交往时长、多久结婚、联系次数、见面频率或关系结果；不得把快等同冲动、慢等同冷淡、高频等同亲密、低频等同不爱。现实安全、双方同意、持续行为、生活条件、反例与协商优先。,中高,待验证,,interface_state_rule=true; provisional=true; rule_group=RHYTHM-接口门控; M3_STATE_pending=true,0.7
M5-RHYTHM-502,M5-EXCHANGE XR状态接口,L11 状态、接口、去重与停止,RHYTHM-接口门控,通用,接口,M5-EXCHANGE XR状态接口,,XR状态可用。,把交换成熟直接写成节奏一致。,由共享基础引擎、M2-TEMPO与M3功能模块提供；只修正用户能够承载怎样的推进、联系、共同时间、负荷与恢复节奏，不直接判断现实关系一定同步。,M2说明进入关系前的确认节奏；M5-RHYTHM只处理关系进入认真阶段以后，双方怎样持续协调推进与生活节奏。,M3-BASE、EXPR、CARE、BOUND、CONFLICT提供日常相处和状态通道；M5-RHYTHM负责把双方时间、负荷、联系、空间与恢复合成为长期节奏结构。,无／按本规则指定的提议—观察—同意—执行—反馈—调整—恢复路径路由。,近位、远位只修正某项节奏需求进入亲密关系核心的可能；不得据此判断具体对象现实中一定快、慢、黏、疏或稳定。,根气只修正节奏需求是否稳定重复，不等于双方现实节奏已成熟协调。,旺弱只修正某项推进、联系、共享、变化或恢复通道的调用强度，不直接等于适配质量。,喜忌只修正节奏调用顺畅度与摩擦，不可直接翻译为某种五行、十神或对象类型必然适合。,真合化成立时按化神功能重算节奏需要；合化争议时停止细化节奏画像。,近位提高该节奏议题进入关系核心的可能；远位只保留背景或阶段性观察。,86,不加分；接口／状态／去重,exchange_rhythm_interface,XR提供负荷与互惠背景；HS仍需独立频率、阶段和恢复证据。,交换看起来平衡，也要看时间安排和变化能否协调。,不得仅凭本规则推出具体日期、交往时长、多久结婚、联系次数、见面频率或关系结果；不得把快等同冲动、慢等同冷淡、高频等同亲密、低频等同不爱。现实安全、双方同意、持续行为、生活条件、反例与协商优先。,中高,待验证,,interface_state_rule=true; provisional=true; rule_group=RHYTHM-接口门控; M3_STATE_pending=true,0.7
M5-RHYTHM-503,M5-EXCHANGE XV与HV分开,L11 状态、接口、去重与停止,RHYTHM-接口门控,通用,去重,M5-EXCHANGE XV与HV分开,,XV资料可用。,把交换事件直接当成节奏事件。,由共享基础引擎、M2-TEMPO与M3功能模块提供；只修正用户能够承载怎样的推进、联系、共同时间、负荷与恢复节奏，不直接判断现实关系一定同步。,M2说明进入关系前的确认节奏；M5-RHYTHM只处理关系进入认真阶段以后，双方怎样持续协调推进与生活节奏。,M3-BASE、EXPR、CARE、BOUND、CONFLICT提供日常相处和状态通道；M5-RHYTHM负责把双方时间、负荷、联系、空间与恢复合成为长期节奏结构。,无／按本规则指定的提议—观察—同意—执行—反馈—调整—恢复路径路由。,近位、远位只修正某项节奏需求进入亲密关系核心的可能；不得据此判断具体对象现实中一定快、慢、黏、疏或稳定。,根气只修正节奏需求是否稳定重复，不等于双方现实节奏已成熟协调。,旺弱只修正某项推进、联系、共享、变化或恢复通道的调用强度，不直接等于适配质量。,喜忌只修正节奏调用顺畅度与摩擦，不可直接翻译为某种五行、十神或对象类型必然适合。,真合化成立时按化神功能重算节奏需要；合化争议时停止细化节奏画像。,近位提高该节奏议题进入关系核心的可能；远位只保留背景或阶段性观察。,86,不加分；接口／状态／去重,rhythm_evidence_level,同一event_id只计一次；只有涉及频率、阶段、负荷或恢复时才进入HV。,不是每次互惠事件都能证明节奏适配。,不得仅凭本规则推出具体日期、交往时长、多久结婚、联系次数、见面频率或关系结果；不得把快等同冲动、慢等同冷淡、高频等同亲密、低频等同不爱。现实安全、双方同意、持续行为、生活条件、反例与协商优先。,高,待验证,,interface_state_rule=true; provisional=true; rule_group=RHYTHM-接口门控; M3_STATE_pending=true,0.7
M5-RHYTHM-504,M5-BOUND主BC接口,L11 状态、接口、去重与停止,RHYTHM-接口门控,通用,接口,M5-BOUND主BC接口,,BOUND主BC可靠。,直接把边界清楚写成节奏协调。,由共享基础引擎、M2-TEMPO与M3功能模块提供；只修正用户能够承载怎样的推进、联系、共同时间、负荷与恢复节奏，不直接判断现实关系一定同步。,M2说明进入关系前的确认节奏；M5-RHYTHM只处理关系进入认真阶段以后，双方怎样持续协调推进与生活节奏。,M3-BASE、EXPR、CARE、BOUND、CONFLICT提供日常相处和状态通道；M5-RHYTHM负责把双方时间、负荷、联系、空间与恢复合成为长期节奏结构。,无／按本规则指定的提议—观察—同意—执行—反馈—调整—恢复路径路由。,近位、远位只修正某项节奏需求进入亲密关系核心的可能；不得据此判断具体对象现实中一定快、慢、黏、疏或稳定。,根气只修正节奏需求是否稳定重复，不等于双方现实节奏已成熟协调。,旺弱只修正某项推进、联系、共享、变化或恢复通道的调用强度，不直接等于适配质量。,喜忌只修正节奏调用顺畅度与摩擦，不可直接翻译为某种五行、十神或对象类型必然适合。,真合化成立时按化神功能重算节奏需要；合化争议时停止细化节奏画像。,近位提高该节奏议题进入关系核心的可能；远位只保留背景或阶段性观察。,86,不加分；接口／状态／去重,bound_rhythm_interface,BC提供个人／共同时间、同意和空间结构；RHYTHM继续看实际频率和转场。,空间规则清楚以后，还要看双方现实中能否按这个节奏运行。,不得仅凭本规则推出具体日期、交往时长、多久结婚、联系次数、见面频率或关系结果；不得把快等同冲动、慢等同冷淡、高频等同亲密、低频等同不爱。现实安全、双方同意、持续行为、生活条件、反例与协商优先。,中高,待验证,,interface_state_rule=true; provisional=true; rule_group=RHYTHM-接口门控; M3_STATE_pending=true,0.7
M5-RHYTHM-505,M5-BOUND BS状态接口,L11 状态、接口、去重与停止,RHYTHM-接口门控,通用,接口,M5-BOUND BS状态接口,,BS状态可用。,把高共享或高独立直接写成节奏成熟。,由共享基础引擎、M2-TEMPO与M3功能模块提供；只修正用户能够承载怎样的推进、联系、共同时间、负荷与恢复节奏，不直接判断现实关系一定同步。,M2说明进入关系前的确认节奏；M5-RHYTHM只处理关系进入认真阶段以后，双方怎样持续协调推进与生活节奏。,M3-BASE、EXPR、CARE、BOUND、CONFLICT提供日常相处和状态通道；M5-RHYTHM负责把双方时间、负荷、联系、空间与恢复合成为长期节奏结构。,无／按本规则指定的提议—观察—同意—执行—反馈—调整—恢复路径路由。,近位、远位只修正某项节奏需求进入亲密关系核心的可能；不得据此判断具体对象现实中一定快、慢、黏、疏或稳定。,根气只修正节奏需求是否稳定重复，不等于双方现实节奏已成熟协调。,旺弱只修正某项推进、联系、共享、变化或恢复通道的调用强度，不直接等于适配质量。,喜忌只修正节奏调用顺畅度与摩擦，不可直接翻译为某种五行、十神或对象类型必然适合。,真合化成立时按化神功能重算节奏需要；合化争议时停止细化节奏画像。,近位提高该节奏议题进入关系核心的可能；远位只保留背景或阶段性观察。,86,不加分；接口／状态／去重,bound_rhythm_interface,BS提供治理背景；HS仍需独立联系、负荷和恢复资料。,共享或独立都可以，关键是现实频率和连接是否稳定。,不得仅凭本规则推出具体日期、交往时长、多久结婚、联系次数、见面频率或关系结果；不得把快等同冲动、慢等同冷淡、高频等同亲密、低频等同不爱。现实安全、双方同意、持续行为、生活条件、反例与协商优先。,中高,待验证,,interface_state_rule=true; provisional=true; rule_group=RHYTHM-接口门控; M3_STATE_pending=true,0.7
M5-RHYTHM-506,M5-BOUND BV与HV分开,L11 状态、接口、去重与停止,RHYTHM-接口门控,通用,去重,M5-BOUND BV与HV分开,,BV资料可用。,把拒绝、授权或空间事件直接等同节奏事件。,由共享基础引擎、M2-TEMPO与M3功能模块提供；只修正用户能够承载怎样的推进、联系、共同时间、负荷与恢复节奏，不直接判断现实关系一定同步。,M2说明进入关系前的确认节奏；M5-RHYTHM只处理关系进入认真阶段以后，双方怎样持续协调推进与生活节奏。,M3-BASE、EXPR、CARE、BOUND、CONFLICT提供日常相处和状态通道；M5-RHYTHM负责把双方时间、负荷、联系、空间与恢复合成为长期节奏结构。,无／按本规则指定的提议—观察—同意—执行—反馈—调整—恢复路径路由。,近位、远位只修正某项节奏需求进入亲密关系核心的可能；不得据此判断具体对象现实中一定快、慢、黏、疏或稳定。,根气只修正节奏需求是否稳定重复，不等于双方现实节奏已成熟协调。,旺弱只修正某项推进、联系、共享、变化或恢复通道的调用强度，不直接等于适配质量。,喜忌只修正节奏调用顺畅度与摩擦，不可直接翻译为某种五行、十神或对象类型必然适合。,真合化成立时按化神功能重算节奏需要；合化争议时停止细化节奏画像。,近位提高该节奏议题进入关系核心的可能；远位只保留背景或阶段性观察。,86,不加分；接口／状态／去重,rhythm_evidence_level,只有该事件明确改变频率、阶段或恢复时才进入HV。,一次空间协议不能自动证明长期节奏成熟。,不得仅凭本规则推出具体日期、交往时长、多久结婚、联系次数、见面频率或关系结果；不得把快等同冲动、慢等同冷淡、高频等同亲密、低频等同不爱。现实安全、双方同意、持续行为、生活条件、反例与协商优先。,高,待验证,,interface_state_rule=true; provisional=true; rule_group=RHYTHM-接口门控; M3_STATE_pending=true,0.7
M5-RHYTHM-507,M5-REPAIR主RC接口,L11 状态、接口、去重与停止,RHYTHM-接口门控,通用,接口,M5-REPAIR主RC接口,,REPAIR主RC可靠。,直接把修复能力写成恢复节奏成熟。,由共享基础引擎、M2-TEMPO与M3功能模块提供；只修正用户能够承载怎样的推进、联系、共同时间、负荷与恢复节奏，不直接判断现实关系一定同步。,M2说明进入关系前的确认节奏；M5-RHYTHM只处理关系进入认真阶段以后，双方怎样持续协调推进与生活节奏。,M3-BASE、EXPR、CARE、BOUND、CONFLICT提供日常相处和状态通道；M5-RHYTHM负责把双方时间、负荷、联系、空间与恢复合成为长期节奏结构。,无／按本规则指定的提议—观察—同意—执行—反馈—调整—恢复路径路由。,近位、远位只修正某项节奏需求进入亲密关系核心的可能；不得据此判断具体对象现实中一定快、慢、黏、疏或稳定。,根气只修正节奏需求是否稳定重复，不等于双方现实节奏已成熟协调。,旺弱只修正某项推进、联系、共享、变化或恢复通道的调用强度，不直接等于适配质量。,喜忌只修正节奏调用顺畅度与摩擦，不可直接翻译为某种五行、十神或对象类型必然适合。,真合化成立时按化神功能重算节奏需要；合化争议时停止细化节奏画像。,近位提高该节奏议题进入关系核心的可能；远位只保留背景或阶段性观察。,86,不加分；接口／状态／去重,repair_rhythm_interface,RC提供恢复功能；RHYTHM继续判断联系、任务、亲密和信任怎样分阶段恢复。,会修复是基础，还要看恢复速度是否适合双方。,不得仅凭本规则推出具体日期、交往时长、多久结婚、联系次数、见面频率或关系结果；不得把快等同冲动、慢等同冷淡、高频等同亲密、低频等同不爱。现实安全、双方同意、持续行为、生活条件、反例与协商优先。,中高,待验证,,interface_state_rule=true; provisional=true; rule_group=RHYTHM-接口门控; M3_STATE_pending=true,0.7
M5-RHYTHM-508,M5-REPAIR RT状态接口,L11 状态、接口、去重与停止,RHYTHM-接口门控,通用,接口,M5-REPAIR RT状态接口,,RT状态可用。,把修复闭环直接写成所有节奏恢复。,由共享基础引擎、M2-TEMPO与M3功能模块提供；只修正用户能够承载怎样的推进、联系、共同时间、负荷与恢复节奏，不直接判断现实关系一定同步。,M2说明进入关系前的确认节奏；M5-RHYTHM只处理关系进入认真阶段以后，双方怎样持续协调推进与生活节奏。,M3-BASE、EXPR、CARE、BOUND、CONFLICT提供日常相处和状态通道；M5-RHYTHM负责把双方时间、负荷、联系、空间与恢复合成为长期节奏结构。,无／按本规则指定的提议—观察—同意—执行—反馈—调整—恢复路径路由。,近位、远位只修正某项节奏需求进入亲密关系核心的可能；不得据此判断具体对象现实中一定快、慢、黏、疏或稳定。,根气只修正节奏需求是否稳定重复，不等于双方现实节奏已成熟协调。,旺弱只修正某项推进、联系、共享、变化或恢复通道的调用强度，不直接等于适配质量。,喜忌只修正节奏调用顺畅度与摩擦，不可直接翻译为某种五行、十神或对象类型必然适合。,真合化成立时按化神功能重算节奏需要；合化争议时停止细化节奏画像。,近位提高该节奏议题进入关系核心的可能；远位只保留背景或阶段性观察。,86,不加分；接口／状态／去重,recovery_rhythm,RT提供修复状态；PH06与HO08仍需独立恢复阶段资料。,修复完成以后，不同关系功能仍可能用不同速度恢复。,不得仅凭本规则推出具体日期、交往时长、多久结婚、联系次数、见面频率或关系结果；不得把快等同冲动、慢等同冷淡、高频等同亲密、低频等同不爱。现实安全、双方同意、持续行为、生活条件、反例与协商优先。,中高,待验证,,interface_state_rule=true; provisional=true; rule_group=RHYTHM-接口门控; M3_STATE_pending=true,0.7
M5-RHYTHM-509,M5-REPAIR FV与HV分开,L11 状态、接口、去重与停止,RHYTHM-接口门控,通用,去重,M5-REPAIR FV与HV分开,,FV资料可用。,把修复事件直接等同节奏恢复证据。,由共享基础引擎、M2-TEMPO与M3功能模块提供；只修正用户能够承载怎样的推进、联系、共同时间、负荷与恢复节奏，不直接判断现实关系一定同步。,M2说明进入关系前的确认节奏；M5-RHYTHM只处理关系进入认真阶段以后，双方怎样持续协调推进与生活节奏。,M3-BASE、EXPR、CARE、BOUND、CONFLICT提供日常相处和状态通道；M5-RHYTHM负责把双方时间、负荷、联系、空间与恢复合成为长期节奏结构。,无／按本规则指定的提议—观察—同意—执行—反馈—调整—恢复路径路由。,近位、远位只修正某项节奏需求进入亲密关系核心的可能；不得据此判断具体对象现实中一定快、慢、黏、疏或稳定。,根气只修正节奏需求是否稳定重复，不等于双方现实节奏已成熟协调。,旺弱只修正某项推进、联系、共享、变化或恢复通道的调用强度，不直接等于适配质量。,喜忌只修正节奏调用顺畅度与摩擦，不可直接翻译为某种五行、十神或对象类型必然适合。,真合化成立时按化神功能重算节奏需要；合化争议时停止细化节奏画像。,近位提高该节奏议题进入关系核心的可能；远位只保留背景或阶段性观察。,86,不加分；接口／状态／去重,rhythm_evidence_level,同一event_id只计一次；只有记录恢复频率、阶段和复发调整时才进入HV。,一场修复成功，不等于以后所有节奏都能协调。,不得仅凭本规则推出具体日期、交往时长、多久结婚、联系次数、见面频率或关系结果；不得把快等同冲动、慢等同冷淡、高频等同亲密、低频等同不爱。现实安全、双方同意、持续行为、生活条件、反例与协商优先。,高,待验证,,interface_state_rule=true; provisional=true; rule_group=RHYTHM-接口门控; M3_STATE_pending=true,0.7
M5-RHYTHM-510,M2-TEMPO与M5-RHYTHM分工,L11 状态、接口、去重与停止,RHYTHM-接口门控,通用,接口,M2-TEMPO与M5-RHYTHM分工,,M2-TEMPO结果可用。,把进入关系前确认节奏直接当成长期关系节奏。,由共享基础引擎、M2-TEMPO与M3功能模块提供；只修正用户能够承载怎样的推进、联系、共同时间、负荷与恢复节奏，不直接判断现实关系一定同步。,M2说明进入关系前的确认节奏；M5-RHYTHM只处理关系进入认真阶段以后，双方怎样持续协调推进与生活节奏。,M3-BASE、EXPR、CARE、BOUND、CONFLICT提供日常相处和状态通道；M5-RHYTHM负责把双方时间、负荷、联系、空间与恢复合成为长期节奏结构。,无／按本规则指定的提议—观察—同意—执行—反馈—调整—恢复路径路由。,近位、远位只修正某项节奏需求进入亲密关系核心的可能；不得据此判断具体对象现实中一定快、慢、黏、疏或稳定。,根气只修正节奏需求是否稳定重复，不等于双方现实节奏已成熟协调。,旺弱只修正某项推进、联系、共享、变化或恢复通道的调用强度，不直接等于适配质量。,喜忌只修正节奏调用顺畅度与摩擦，不可直接翻译为某种五行、十神或对象类型必然适合。,真合化成立时按化神功能重算节奏需要；合化争议时停止细化节奏画像。,近位提高该节奏议题进入关系核心的可能；远位只保留背景或阶段性观察。,86,不加分；接口／状态／去重,m2_tempo_interface,M2定确认与进入节奏；M5定关系中的推进、日常、负荷和恢复节奏。,你确认一个人的速度，不等于进入关系后的生活节奏。,不得仅凭本规则推出具体日期、交往时长、多久结婚、联系次数、见面频率或关系结果；不得把快等同冲动、慢等同冷淡、高频等同亲密、低频等同不爱。现实安全、双方同意、持续行为、生活条件、反例与协商优先。,中高,待验证,,interface_state_rule=true; provisional=true; rule_group=RHYTHM-接口门控; M3_STATE_pending=true,0.7
M5-RHYTHM-511,M2-T01较快确认接口,L11 状态、接口、去重与停止,RHYTHM-接口门控,通用,接口,M2-T01较快确认接口,,M2-TEMPO为T01。,直接路由HM01或写关系必须快。,由共享基础引擎、M2-TEMPO与M3功能模块提供；只修正用户能够承载怎样的推进、联系、共同时间、负荷与恢复节奏，不直接判断现实关系一定同步。,M2说明进入关系前的确认节奏；M5-RHYTHM只处理关系进入认真阶段以后，双方怎样持续协调推进与生活节奏。,M3-BASE、EXPR、CARE、BOUND、CONFLICT提供日常相处和状态通道；M5-RHYTHM负责把双方时间、负荷、联系、空间与恢复合成为长期节奏结构。,无／按本规则指定的提议—观察—同意—执行—反馈—调整—恢复路径路由。,近位、远位只修正某项节奏需求进入亲密关系核心的可能；不得据此判断具体对象现实中一定快、慢、黏、疏或稳定。,根气只修正节奏需求是否稳定重复，不等于双方现实节奏已成熟协调。,旺弱只修正某项推进、联系、共享、变化或恢复通道的调用强度，不直接等于适配质量。,喜忌只修正节奏调用顺畅度与摩擦，不可直接翻译为某种五行、十神或对象类型必然适合。,真合化成立时按化神功能重算节奏需要；合化争议时停止细化节奏画像。,近位提高该节奏议题进入关系核心的可能；远位只保留背景或阶段性观察。,86,不加分；接口／状态／去重,progression_rhythm,只提高快速启动候选；仍需HO01、HO05和现实承载。,你可能较快完成判断，但长期推进仍要分阶段确认。,不得仅凭本规则推出具体日期、交往时长、多久结婚、联系次数、见面频率或关系结果；不得把快等同冲动、慢等同冷淡、高频等同亲密、低频等同不爱。现实安全、双方同意、持续行为、生活条件、反例与协商优先。,中高,待验证,,interface_state_rule=true; provisional=true; rule_group=RHYTHM-接口门控; M3_STATE_pending=true,0.7
M5-RHYTHM-512,M2-T02观察后确认接口,L11 状态、接口、去重与停止,RHYTHM-接口门控,通用,接口,M2-T02观察后确认接口,,M2-TEMPO为T02。,把观察需求写成关系长期缓慢。,由共享基础引擎、M2-TEMPO与M3功能模块提供；只修正用户能够承载怎样的推进、联系、共同时间、负荷与恢复节奏，不直接判断现实关系一定同步。,M2说明进入关系前的确认节奏；M5-RHYTHM只处理关系进入认真阶段以后，双方怎样持续协调推进与生活节奏。,M3-BASE、EXPR、CARE、BOUND、CONFLICT提供日常相处和状态通道；M5-RHYTHM负责把双方时间、负荷、联系、空间与恢复合成为长期节奏结构。,无／按本规则指定的提议—观察—同意—执行—反馈—调整—恢复路径路由。,近位、远位只修正某项节奏需求进入亲密关系核心的可能；不得据此判断具体对象现实中一定快、慢、黏、疏或稳定。,根气只修正节奏需求是否稳定重复，不等于双方现实节奏已成熟协调。,旺弱只修正某项推进、联系、共享、变化或恢复通道的调用强度，不直接等于适配质量。,喜忌只修正节奏调用顺畅度与摩擦，不可直接翻译为某种五行、十神或对象类型必然适合。,真合化成立时按化神功能重算节奏需要；合化争议时停止细化节奏画像。,近位提高该节奏议题进入关系核心的可能；远位只保留背景或阶段性观察。,86,不加分；接口／状态／去重,progression_rhythm,可支持HM02入口，关系内节奏仍由现实资料决定。,你进入关系前需要观察，不代表进入以后所有事情都要慢。,不得仅凭本规则推出具体日期、交往时长、多久结婚、联系次数、见面频率或关系结果；不得把快等同冲动、慢等同冷淡、高频等同亲密、低频等同不爱。现实安全、双方同意、持续行为、生活条件、反例与协商优先。,中高,待验证,,interface_state_rule=true; provisional=true; rule_group=RHYTHM-接口门控; M3_STATE_pending=true,0.7
M5-RHYTHM-513,M2-T03慢热积累接口,L11 状态、接口、去重与停止,RHYTHM-接口门控,通用,接口,M2-T03慢热积累接口,,M2-TEMPO为T03。,把慢热写成低频、冷淡或不承诺。,由共享基础引擎、M2-TEMPO与M3功能模块提供；只修正用户能够承载怎样的推进、联系、共同时间、负荷与恢复节奏，不直接判断现实关系一定同步。,M2说明进入关系前的确认节奏；M5-RHYTHM只处理关系进入认真阶段以后，双方怎样持续协调推进与生活节奏。,M3-BASE、EXPR、CARE、BOUND、CONFLICT提供日常相处和状态通道；M5-RHYTHM负责把双方时间、负荷、联系、空间与恢复合成为长期节奏结构。,无／按本规则指定的提议—观察—同意—执行—反馈—调整—恢复路径路由。,近位、远位只修正某项节奏需求进入亲密关系核心的可能；不得据此判断具体对象现实中一定快、慢、黏、疏或稳定。,根气只修正节奏需求是否稳定重复，不等于双方现实节奏已成熟协调。,旺弱只修正某项推进、联系、共享、变化或恢复通道的调用强度，不直接等于适配质量。,喜忌只修正节奏调用顺畅度与摩擦，不可直接翻译为某种五行、十神或对象类型必然适合。,真合化成立时按化神功能重算节奏需要；合化争议时停止细化节奏画像。,近位提高该节奏议题进入关系核心的可能；远位只保留背景或阶段性观察。,86,不加分；接口／状态／去重,progression_rhythm,可支持HM03候选，必须同时有持续、方向和透明。,慢热可以有清楚方向，也需要持续回应。,不得仅凭本规则推出具体日期、交往时长、多久结婚、联系次数、见面频率或关系结果；不得把快等同冲动、慢等同冷淡、高频等同亲密、低频等同不爱。现实安全、双方同意、持续行为、生活条件、反例与协商优先。,中高,待验证,,interface_state_rule=true; provisional=true; rule_group=RHYTHM-接口门控; M3_STATE_pending=true,0.7
M5-RHYTHM-514,M2-T04状态不定接口,L11 状态、接口、去重与停止,RHYTHM-接口门控,通用,接口,M2-T04状态不定接口,,M2-TEMPO为T04。,强行指定唯一HM模式。,由共享基础引擎、M2-TEMPO与M3功能模块提供；只修正用户能够承载怎样的推进、联系、共同时间、负荷与恢复节奏，不直接判断现实关系一定同步。,M2说明进入关系前的确认节奏；M5-RHYTHM只处理关系进入认真阶段以后，双方怎样持续协调推进与生活节奏。,M3-BASE、EXPR、CARE、BOUND、CONFLICT提供日常相处和状态通道；M5-RHYTHM负责把双方时间、负荷、联系、空间与恢复合成为长期节奏结构。,无／按本规则指定的提议—观察—同意—执行—反馈—调整—恢复路径路由。,近位、远位只修正某项节奏需求进入亲密关系核心的可能；不得据此判断具体对象现实中一定快、慢、黏、疏或稳定。,根气只修正节奏需求是否稳定重复，不等于双方现实节奏已成熟协调。,旺弱只修正某项推进、联系、共享、变化或恢复通道的调用强度，不直接等于适配质量。,喜忌只修正节奏调用顺畅度与摩擦，不可直接翻译为某种五行、十神或对象类型必然适合。,真合化成立时按化神功能重算节奏需要；合化争议时停止细化节奏画像。,近位提高该节奏议题进入关系核心的可能；远位只保留背景或阶段性观察。,86,不加分；接口／状态／去重,rhythm_state,优先HM12或HS08，等待具体关系资料。,进入关系前节奏较情境化，长期模式需要现实验证。,不得仅凭本规则推出具体日期、交往时长、多久结婚、联系次数、见面频率或关系结果；不得把快等同冲动、慢等同冷淡、高频等同亲密、低频等同不爱。现实安全、双方同意、持续行为、生活条件、反例与协商优先。,中高,待验证,,interface_state_rule=true; provisional=true; rule_group=RHYTHM-接口门控; M3_STATE_pending=true,0.7
M5-RHYTHM-515,M2-E证据轮次接口,L11 状态、接口、去重与停止,RHYTHM-接口门控,通用,接口,M2-E证据轮次接口,,M2-TEMPO的E01—E04可用。,把确认轮次换算为日历时长。,由共享基础引擎、M2-TEMPO与M3功能模块提供；只修正用户能够承载怎样的推进、联系、共同时间、负荷与恢复节奏，不直接判断现实关系一定同步。,M2说明进入关系前的确认节奏；M5-RHYTHM只处理关系进入认真阶段以后，双方怎样持续协调推进与生活节奏。,M3-BASE、EXPR、CARE、BOUND、CONFLICT提供日常相处和状态通道；M5-RHYTHM负责把双方时间、负荷、联系、空间与恢复合成为长期节奏结构。,无／按本规则指定的提议—观察—同意—执行—反馈—调整—恢复路径路由。,近位、远位只修正某项节奏需求进入亲密关系核心的可能；不得据此判断具体对象现实中一定快、慢、黏、疏或稳定。,根气只修正节奏需求是否稳定重复，不等于双方现实节奏已成熟协调。,旺弱只修正某项推进、联系、共享、变化或恢复通道的调用强度，不直接等于适配质量。,喜忌只修正节奏调用顺畅度与摩擦，不可直接翻译为某种五行、十神或对象类型必然适合。,真合化成立时按化神功能重算节奏需要；合化争议时停止细化节奏画像。,近位提高该节奏议题进入关系核心的可能；远位只保留背景或阶段性观察。,86,不加分；接口／状态／去重,rhythm_clocks,只提示用户对证据积累的偏好，不决定联系和生活频率。,需要多少轮证据，与需要多少天或多少次联系不是一回事。,不得仅凭本规则推出具体日期、交往时长、多久结婚、联系次数、见面频率或关系结果；不得把快等同冲动、慢等同冷淡、高频等同亲密、低频等同不爱。现实安全、双方同意、持续行为、生活条件、反例与协商优先。,中高,待验证,,interface_state_rule=true; provisional=true; rule_group=RHYTHM-接口门控; M3_STATE_pending=true,0.7
M5-RHYTHM-516,M2-Z外内差速接口,L11 状态、接口、去重与停止,RHYTHM-接口门控,通用,接口,M2-Z外内差速接口,,M2-TEMPO存在外快内慢或内快外慢。,忽略差速直接推进。,由共享基础引擎、M2-TEMPO与M3功能模块提供；只修正用户能够承载怎样的推进、联系、共同时间、负荷与恢复节奏，不直接判断现实关系一定同步。,M2说明进入关系前的确认节奏；M5-RHYTHM只处理关系进入认真阶段以后，双方怎样持续协调推进与生活节奏。,M3-BASE、EXPR、CARE、BOUND、CONFLICT提供日常相处和状态通道；M5-RHYTHM负责把双方时间、负荷、联系、空间与恢复合成为长期节奏结构。,无／按本规则指定的提议—观察—同意—执行—反馈—调整—恢复路径路由。,近位、远位只修正某项节奏需求进入亲密关系核心的可能；不得据此判断具体对象现实中一定快、慢、黏、疏或稳定。,根气只修正节奏需求是否稳定重复，不等于双方现实节奏已成熟协调。,旺弱只修正某项推进、联系、共享、变化或恢复通道的调用强度，不直接等于适配质量。,喜忌只修正节奏调用顺畅度与摩擦，不可直接翻译为某种五行、十神或对象类型必然适合。,真合化成立时按化神功能重算节奏需要；合化争议时停止细化节奏画像。,近位提高该节奏议题进入关系核心的可能；远位只保留背景或阶段性观察。,86,不加分；接口／状态／去重,rhythm_state,优先检查HS03／HS04，并建立分段确认和现实阶段计划。,外部进展和内心准备可以不同步，需要分别安排。,不得仅凭本规则推出具体日期、交往时长、多久结婚、联系次数、见面频率或关系结果；不得把快等同冲动、慢等同冷淡、高频等同亲密、低频等同不爱。现实安全、双方同意、持续行为、生活条件、反例与协商优先。,中高,待验证,,interface_state_rule=true; provisional=true; rule_group=RHYTHM-接口门控; M3_STATE_pending=true,0.7
M5-RHYTHM-517,M2-FLOW确认路径接口,L11 状态、接口、去重与停止,RHYTHM-接口门控,通用,接口,M2-FLOW确认路径接口,,M2-FLOW主路径可靠。,把确认路径直接当成长期开启顺序。,由共享基础引擎、M2-TEMPO与M3功能模块提供；只修正用户能够承载怎样的推进、联系、共同时间、负荷与恢复节奏，不直接判断现实关系一定同步。,M2说明进入关系前的确认节奏；M5-RHYTHM只处理关系进入认真阶段以后，双方怎样持续协调推进与生活节奏。,M3-BASE、EXPR、CARE、BOUND、CONFLICT提供日常相处和状态通道；M5-RHYTHM负责把双方时间、负荷、联系、空间与恢复合成为长期节奏结构。,无／按本规则指定的提议—观察—同意—执行—反馈—调整—恢复路径路由。,近位、远位只修正某项节奏需求进入亲密关系核心的可能；不得据此判断具体对象现实中一定快、慢、黏、疏或稳定。,根气只修正节奏需求是否稳定重复，不等于双方现实节奏已成熟协调。,旺弱只修正某项推进、联系、共享、变化或恢复通道的调用强度，不直接等于适配质量。,喜忌只修正节奏调用顺畅度与摩擦，不可直接翻译为某种五行、十神或对象类型必然适合。,真合化成立时按化神功能重算节奏需要；合化争议时停止细化节奏画像。,近位提高该节奏议题进入关系核心的可能；远位只保留背景或阶段性观察。,86,不加分；接口／状态／去重,progression_rhythm,只用于早期推进与沟通偏好，长期节奏需加入生活负荷和恢复。,进入关系时先看什么，不等于以后每天怎样相处。,不得仅凭本规则推出具体日期、交往时长、多久结婚、联系次数、见面频率或关系结果；不得把快等同冲动、慢等同冷淡、高频等同亲密、低频等同不爱。现实安全、双方同意、持续行为、生活条件、反例与协商优先。,中高,待验证,,interface_state_rule=true; provisional=true; rule_group=RHYTHM-接口门控; M3_STATE_pending=true,0.7
M5-RHYTHM-518,M2-DUAL双门槛接口,L11 状态、接口、去重与停止,RHYTHM-接口门控,通用,接口,M2-DUAL双门槛接口,,M2-DUAL显示两项准入条件。,把双门槛写成必须更慢或更复杂。,由共享基础引擎、M2-TEMPO与M3功能模块提供；只修正用户能够承载怎样的推进、联系、共同时间、负荷与恢复节奏，不直接判断现实关系一定同步。,M2说明进入关系前的确认节奏；M5-RHYTHM只处理关系进入认真阶段以后，双方怎样持续协调推进与生活节奏。,M3-BASE、EXPR、CARE、BOUND、CONFLICT提供日常相处和状态通道；M5-RHYTHM负责把双方时间、负荷、联系、空间与恢复合成为长期节奏结构。,无／按本规则指定的提议—观察—同意—执行—反馈—调整—恢复路径路由。,近位、远位只修正某项节奏需求进入亲密关系核心的可能；不得据此判断具体对象现实中一定快、慢、黏、疏或稳定。,根气只修正节奏需求是否稳定重复，不等于双方现实节奏已成熟协调。,旺弱只修正某项推进、联系、共享、变化或恢复通道的调用强度，不直接等于适配质量。,喜忌只修正节奏调用顺畅度与摩擦，不可直接翻译为某种五行、十神或对象类型必然适合。,真合化成立时按化神功能重算节奏需要；合化争议时停止细化节奏画像。,近位提高该节奏议题进入关系核心的可能；远位只保留背景或阶段性观察。,86,不加分；接口／状态／去重,progression_rhythm,检查两项条件是否可同步证明、分段确认或随阶段切换。,条件多不一定慢，关键是能否由同一现实安排一起满足。,不得仅凭本规则推出具体日期、交往时长、多久结婚、联系次数、见面频率或关系结果；不得把快等同冲动、慢等同冷淡、高频等同亲密、低频等同不爱。现实安全、双方同意、持续行为、生活条件、反例与协商优先。,中高,待验证,,interface_state_rule=true; provisional=true; rule_group=RHYTHM-接口门控; M3_STATE_pending=true,0.7
M5-RHYTHM-519,M3-BASE关系底盘接口,L11 状态、接口、去重与停止,RHYTHM-接口门控,通用,接口,M3-BASE关系底盘接口,,M3-BASE主底盘可靠。,用日支直接推断具体频率和时长。,由共享基础引擎、M2-TEMPO与M3功能模块提供；只修正用户能够承载怎样的推进、联系、共同时间、负荷与恢复节奏，不直接判断现实关系一定同步。,M2说明进入关系前的确认节奏；M5-RHYTHM只处理关系进入认真阶段以后，双方怎样持续协调推进与生活节奏。,M3-BASE、EXPR、CARE、BOUND、CONFLICT提供日常相处和状态通道；M5-RHYTHM负责把双方时间、负荷、联系、空间与恢复合成为长期节奏结构。,无／按本规则指定的提议—观察—同意—执行—反馈—调整—恢复路径路由。,近位、远位只修正某项节奏需求进入亲密关系核心的可能；不得据此判断具体对象现实中一定快、慢、黏、疏或稳定。,根气只修正节奏需求是否稳定重复，不等于双方现实节奏已成熟协调。,旺弱只修正某项推进、联系、共享、变化或恢复通道的调用强度，不直接等于适配质量。,喜忌只修正节奏调用顺畅度与摩擦，不可直接翻译为某种五行、十神或对象类型必然适合。,真合化成立时按化神功能重算节奏需要；合化争议时停止细化节奏画像。,近位提高该节奏议题进入关系核心的可能；远位只保留背景或阶段性观察。,86,不加分；接口／状态／去重,m3_rhythm_interface,BASE提供主关系气候候选，不重复基础权重。,你的关系底盘会影响节奏偏好，但具体频率仍要现实协商。,不得仅凭本规则推出具体日期、交往时长、多久结婚、联系次数、见面频率或关系结果；不得把快等同冲动、慢等同冷淡、高频等同亲密、低频等同不爱。现实安全、双方同意、持续行为、生活条件、反例与协商优先。,中高,待验证,,interface_state_rule=true; provisional=true; rule_group=RHYTHM-接口门控; M3_STATE_pending=true,0.7
M5-RHYTHM-520,M3-EXPR沟通节奏接口,L11 状态、接口、去重与停止,RHYTHM-接口门控,通用,接口,M3-EXPR沟通节奏接口,,M3-EXPR路径可靠。,把会沟通写成联系越多越好。,由共享基础引擎、M2-TEMPO与M3功能模块提供；只修正用户能够承载怎样的推进、联系、共同时间、负荷与恢复节奏，不直接判断现实关系一定同步。,M2说明进入关系前的确认节奏；M5-RHYTHM只处理关系进入认真阶段以后，双方怎样持续协调推进与生活节奏。,M3-BASE、EXPR、CARE、BOUND、CONFLICT提供日常相处和状态通道；M5-RHYTHM负责把双方时间、负荷、联系、空间与恢复合成为长期节奏结构。,无／按本规则指定的提议—观察—同意—执行—反馈—调整—恢复路径路由。,近位、远位只修正某项节奏需求进入亲密关系核心的可能；不得据此判断具体对象现实中一定快、慢、黏、疏或稳定。,根气只修正节奏需求是否稳定重复，不等于双方现实节奏已成熟协调。,旺弱只修正某项推进、联系、共享、变化或恢复通道的调用强度，不直接等于适配质量。,喜忌只修正节奏调用顺畅度与摩擦，不可直接翻译为某种五行、十神或对象类型必然适合。,真合化成立时按化神功能重算节奏需要；合化争议时停止细化节奏画像。,近位提高该节奏议题进入关系核心的可能；远位只保留背景或阶段性观察。,86,不加分；接口／状态／去重,contact_rhythm,检查沟通质量、停止点、行动转化和休息空间。,沟通需要有节奏，不是越多越好。,不得仅凭本规则推出具体日期、交往时长、多久结婚、联系次数、见面频率或关系结果；不得把快等同冲动、慢等同冷淡、高频等同亲密、低频等同不爱。现实安全、双方同意、持续行为、生活条件、反例与协商优先。,中高,待验证,,interface_state_rule=true; provisional=true; rule_group=RHYTHM-接口门控; M3_STATE_pending=true,0.7
M5-RHYTHM-521,M3-CARE投入连续性接口,L11 状态、接口、去重与停止,RHYTHM-接口门控,通用,接口,M3-CARE投入连续性接口,,M3-CARE连续性与启动方向可用。,把投入强度直接写成长期容量。,由共享基础引擎、M2-TEMPO与M3功能模块提供；只修正用户能够承载怎样的推进、联系、共同时间、负荷与恢复节奏，不直接判断现实关系一定同步。,M2说明进入关系前的确认节奏；M5-RHYTHM只处理关系进入认真阶段以后，双方怎样持续协调推进与生活节奏。,M3-BASE、EXPR、CARE、BOUND、CONFLICT提供日常相处和状态通道；M5-RHYTHM负责把双方时间、负荷、联系、空间与恢复合成为长期节奏结构。,无／按本规则指定的提议—观察—同意—执行—反馈—调整—恢复路径路由。,近位、远位只修正某项节奏需求进入亲密关系核心的可能；不得据此判断具体对象现实中一定快、慢、黏、疏或稳定。,根气只修正节奏需求是否稳定重复，不等于双方现实节奏已成熟协调。,旺弱只修正某项推进、联系、共享、变化或恢复通道的调用强度，不直接等于适配质量。,喜忌只修正节奏调用顺畅度与摩擦，不可直接翻译为某种五行、十神或对象类型必然适合。,真合化成立时按化神功能重算节奏需要；合化争议时停止细化节奏画像。,近位提高该节奏议题进入关系核心的可能；远位只保留背景或阶段性观察。,86,不加分；接口／状态／去重,life_load_capacity,CARE提供用户投入方式；RHYTHM继续判断频率和负荷是否可持续。,愿意付出不等于能长期维持同样强度。,不得仅凭本规则推出具体日期、交往时长、多久结婚、联系次数、见面频率或关系结果；不得把快等同冲动、慢等同冷淡、高频等同亲密、低频等同不爱。现实安全、双方同意、持续行为、生活条件、反例与协商优先。,中高,待验证,,interface_state_rule=true; provisional=true; rule_group=RHYTHM-接口门控; M3_STATE_pending=true,0.7
M5-RHYTHM-522,M3-BOUND距离节奏接口,L11 状态、接口、去重与停止,RHYTHM-接口门控,通用,接口,M3-BOUND距离节奏接口,,M3-BOUND距离节奏可靠。,把空间需求写成永久低频或回避。,由共享基础引擎、M2-TEMPO与M3功能模块提供；只修正用户能够承载怎样的推进、联系、共同时间、负荷与恢复节奏，不直接判断现实关系一定同步。,M2说明进入关系前的确认节奏；M5-RHYTHM只处理关系进入认真阶段以后，双方怎样持续协调推进与生活节奏。,M3-BASE、EXPR、CARE、BOUND、CONFLICT提供日常相处和状态通道；M5-RHYTHM负责把双方时间、负荷、联系、空间与恢复合成为长期节奏结构。,无／按本规则指定的提议—观察—同意—执行—反馈—调整—恢复路径路由。,近位、远位只修正某项节奏需求进入亲密关系核心的可能；不得据此判断具体对象现实中一定快、慢、黏、疏或稳定。,根气只修正节奏需求是否稳定重复，不等于双方现实节奏已成熟协调。,旺弱只修正某项推进、联系、共享、变化或恢复通道的调用强度，不直接等于适配质量。,喜忌只修正节奏调用顺畅度与摩擦，不可直接翻译为某种五行、十神或对象类型必然适合。,真合化成立时按化神功能重算节奏需要；合化争议时停止细化节奏画像。,近位提高该节奏议题进入关系核心的可能；远位只保留背景或阶段性观察。,86,不加分；接口／状态／去重,shared_personal_time,优先HM08、HM06／HM07与HP03，必须检查最低连接和回归。,需要空间可以健康，关键是能否透明并主动回来。,不得仅凭本规则推出具体日期、交往时长、多久结婚、联系次数、见面频率或关系结果；不得把快等同冲动、慢等同冷淡、高频等同亲密、低频等同不爱。现实安全、双方同意、持续行为、生活条件、反例与协商优先。,中高,待验证,,interface_state_rule=true; provisional=true; rule_group=RHYTHM-接口门控; M3_STATE_pending=true,0.7
M5-RHYTHM-523,M3-CONFLICT降温顺序接口,L11 状态、接口、去重与停止,RHYTHM-接口门控,通用,接口,M3-CONFLICT降温顺序接口,,M3-CONFLICT存在降温、暂停或行动先行。,把冲突反应概括为全部关系节奏。,由共享基础引擎、M2-TEMPO与M3功能模块提供；只修正用户能够承载怎样的推进、联系、共同时间、负荷与恢复节奏，不直接判断现实关系一定同步。,M2说明进入关系前的确认节奏；M5-RHYTHM只处理关系进入认真阶段以后，双方怎样持续协调推进与生活节奏。,M3-BASE、EXPR、CARE、BOUND、CONFLICT提供日常相处和状态通道；M5-RHYTHM负责把双方时间、负荷、联系、空间与恢复合成为长期节奏结构。,无／按本规则指定的提议—观察—同意—执行—反馈—调整—恢复路径路由。,近位、远位只修正某项节奏需求进入亲密关系核心的可能；不得据此判断具体对象现实中一定快、慢、黏、疏或稳定。,根气只修正节奏需求是否稳定重复，不等于双方现实节奏已成熟协调。,旺弱只修正某项推进、联系、共享、变化或恢复通道的调用强度，不直接等于适配质量。,喜忌只修正节奏调用顺畅度与摩擦，不可直接翻译为某种五行、十神或对象类型必然适合。,真合化成立时按化神功能重算节奏需要；合化争议时停止细化节奏画像。,近位提高该节奏议题进入关系核心的可能；远位只保留背景或阶段性观察。,86,不加分；接口／状态／去重,stress_rhythm_profile,只用于PH04／PH06与HP07，日常节奏另行判断。,冲突时需要减速，不代表平时也必须低频。,不得仅凭本规则推出具体日期、交往时长、多久结婚、联系次数、见面频率或关系结果；不得把快等同冲动、慢等同冷淡、高频等同亲密、低频等同不爱。现实安全、双方同意、持续行为、生活条件、反例与协商优先。,中高,待验证,,interface_state_rule=true; provisional=true; rule_group=RHYTHM-接口门控; M3_STATE_pending=true,0.7
M5-RHYTHM-524,M3-STATE依赖回填,L11 状态、接口、去重与停止,RHYTHM-接口门控,通用,依赖,M3-STATE依赖回填,,未来M3-STATE完成。,当前PH、SCY或压力恢复节奏被视为最终定版。,由共享基础引擎、M2-TEMPO与M3功能模块提供；只修正用户能够承载怎样的推进、联系、共同时间、负荷与恢复节奏，不直接判断现实关系一定同步。,M2说明进入关系前的确认节奏；M5-RHYTHM只处理关系进入认真阶段以后，双方怎样持续协调推进与生活节奏。,M3-BASE、EXPR、CARE、BOUND、CONFLICT提供日常相处和状态通道；M5-RHYTHM负责把双方时间、负荷、联系、空间与恢复合成为长期节奏结构。,无／按本规则指定的提议—观察—同意—执行—反馈—调整—恢复路径路由。,近位、远位只修正某项节奏需求进入亲密关系核心的可能；不得据此判断具体对象现实中一定快、慢、黏、疏或稳定。,根气只修正节奏需求是否稳定重复，不等于双方现实节奏已成熟协调。,旺弱只修正某项推进、联系、共享、变化或恢复通道的调用强度，不直接等于适配质量。,喜忌只修正节奏调用顺畅度与摩擦，不可直接翻译为某种五行、十神或对象类型必然适合。,真合化成立时按化神功能重算节奏需要；合化争议时停止细化节奏画像。,近位提高该节奏议题进入关系核心的可能；远位只保留背景或阶段性观察。,86,不加分；接口／状态／去重,dependency_status,届时校准平稳、初压、高压、恢复和转折的个体状态切换。,模型三状态模块完成后，这里的压力与恢复节奏会进一步校准。,不得仅凭本规则推出具体日期、交往时长、多久结婚、联系次数、见面频率或关系结果；不得把快等同冲动、慢等同冷淡、高频等同亲密、低频等同不爱。现实安全、双方同意、持续行为、生活条件、反例与协商优先。,中高,待验证,,interface_state_rule=true; provisional=true; rule_group=RHYTHM-接口门控; M3_STATE_pending=true,0.7
M5-RHYTHM-525,M4-TR01关系不确定接口,L11 状态、接口、去重与停止,RHYTHM-接口门控,通用,接口,M4-TR01关系不确定接口,,TR01触发候选成立。,用增加联系或加速承诺作为唯一解决。,由共享基础引擎、M2-TEMPO与M3功能模块提供；只修正用户能够承载怎样的推进、联系、共同时间、负荷与恢复节奏，不直接判断现实关系一定同步。,M2说明进入关系前的确认节奏；M5-RHYTHM只处理关系进入认真阶段以后，双方怎样持续协调推进与生活节奏。,M3-BASE、EXPR、CARE、BOUND、CONFLICT提供日常相处和状态通道；M5-RHYTHM负责把双方时间、负荷、联系、空间与恢复合成为长期节奏结构。,无／按本规则指定的提议—观察—同意—执行—反馈—调整—恢复路径路由。,近位、远位只修正某项节奏需求进入亲密关系核心的可能；不得据此判断具体对象现实中一定快、慢、黏、疏或稳定。,根气只修正节奏需求是否稳定重复，不等于双方现实节奏已成熟协调。,旺弱只修正某项推进、联系、共享、变化或恢复通道的调用强度，不直接等于适配质量。,喜忌只修正节奏调用顺畅度与摩擦，不可直接翻译为某种五行、十神或对象类型必然适合。,真合化成立时按化神功能重算节奏需要；合化争议时停止细化节奏画像。,近位提高该节奏议题进入关系核心的可能；远位只保留背景或阶段性观察。,86,不加分；接口／状态／去重,rhythm_risk_warning,检查HO01、HO02、HP01／HP02和明确确认点。,不确定时需要清楚信息，不一定需要更高频或更快推进。,不得仅凭本规则推出具体日期、交往时长、多久结婚、联系次数、见面频率或关系结果；不得把快等同冲动、慢等同冷淡、高频等同亲密、低频等同不爱。现实安全、双方同意、持续行为、生活条件、反例与协商优先。,中高,待验证,,interface_state_rule=true; provisional=true; rule_group=RHYTHM-接口门控; M3_STATE_pending=true,0.7
M5-RHYTHM-526,M4-TR02联系回应变化接口,L11 状态、接口、去重与停止,RHYTHM-接口门控,通用,接口,M4-TR02联系回应变化接口,,TR02触发候选成立。,把一次降频写成长期冷淡。,由共享基础引擎、M2-TEMPO与M3功能模块提供；只修正用户能够承载怎样的推进、联系、共同时间、负荷与恢复节奏，不直接判断现实关系一定同步。,M2说明进入关系前的确认节奏；M5-RHYTHM只处理关系进入认真阶段以后，双方怎样持续协调推进与生活节奏。,M3-BASE、EXPR、CARE、BOUND、CONFLICT提供日常相处和状态通道；M5-RHYTHM负责把双方时间、负荷、联系、空间与恢复合成为长期节奏结构。,无／按本规则指定的提议—观察—同意—执行—反馈—调整—恢复路径路由。,近位、远位只修正某项节奏需求进入亲密关系核心的可能；不得据此判断具体对象现实中一定快、慢、黏、疏或稳定。,根气只修正节奏需求是否稳定重复，不等于双方现实节奏已成熟协调。,旺弱只修正某项推进、联系、共享、变化或恢复通道的调用强度，不直接等于适配质量。,喜忌只修正节奏调用顺畅度与摩擦，不可直接翻译为某种五行、十神或对象类型必然适合。,真合化成立时按化神功能重算节奏需要；合化争议时停止细化节奏画像。,近位提高该节奏议题进入关系核心的可能；远位只保留背景或阶段性观察。,86,不加分；接口／状态／去重,contact_rhythm,检查变化通知、替代方案、持续时间和恢复点。,联系变化需要被说明，不能只看频率下降。,不得仅凭本规则推出具体日期、交往时长、多久结婚、联系次数、见面频率或关系结果；不得把快等同冲动、慢等同冷淡、高频等同亲密、低频等同不爱。现实安全、双方同意、持续行为、生活条件、反例与协商优先。,中高,待验证,,interface_state_rule=true; provisional=true; rule_group=RHYTHM-接口门控; M3_STATE_pending=true,0.7
M5-RHYTHM-527,M4-TR03承诺角色变化接口,L11 状态、接口、去重与停止,RHYTHM-接口门控,通用,接口,M4-TR03承诺角色变化接口,,TR03触发候选成立。,用旧规则自动覆盖新阶段。,由共享基础引擎、M2-TEMPO与M3功能模块提供；只修正用户能够承载怎样的推进、联系、共同时间、负荷与恢复节奏，不直接判断现实关系一定同步。,M2说明进入关系前的确认节奏；M5-RHYTHM只处理关系进入认真阶段以后，双方怎样持续协调推进与生活节奏。,M3-BASE、EXPR、CARE、BOUND、CONFLICT提供日常相处和状态通道；M5-RHYTHM负责把双方时间、负荷、联系、空间与恢复合成为长期节奏结构。,无／按本规则指定的提议—观察—同意—执行—反馈—调整—恢复路径路由。,近位、远位只修正某项节奏需求进入亲密关系核心的可能；不得据此判断具体对象现实中一定快、慢、黏、疏或稳定。,根气只修正节奏需求是否稳定重复，不等于双方现实节奏已成熟协调。,旺弱只修正某项推进、联系、共享、变化或恢复通道的调用强度，不直接等于适配质量。,喜忌只修正节奏调用顺畅度与摩擦，不可直接翻译为某种五行、十神或对象类型必然适合。,真合化成立时按化神功能重算节奏需要；合化争议时停止细化节奏画像。,近位提高该节奏议题进入关系核心的可能；远位只保留背景或阶段性观察。,86,不加分；接口／状态／去重,progression_rhythm,优先HD01、HD09、HP08和PH07。,关系阶段变化时，需要重新确认责任和现实容量。,不得仅凭本规则推出具体日期、交往时长、多久结婚、联系次数、见面频率或关系结果；不得把快等同冲动、慢等同冷淡、高频等同亲密、低频等同不爱。现实安全、双方同意、持续行为、生活条件、反例与协商优先。,中高,待验证,,interface_state_rule=true; provisional=true; rule_group=RHYTHM-接口门控; M3_STATE_pending=true,0.7
M5-RHYTHM-528,M4-TR04现实压力接口,L11 状态、接口、去重与停止,RHYTHM-接口门控,通用,接口,M4-TR04现实压力接口,,TR04触发候选成立。,要求维持平时全部频率和活动。,由共享基础引擎、M2-TEMPO与M3功能模块提供；只修正用户能够承载怎样的推进、联系、共同时间、负荷与恢复节奏，不直接判断现实关系一定同步。,M2说明进入关系前的确认节奏；M5-RHYTHM只处理关系进入认真阶段以后，双方怎样持续协调推进与生活节奏。,M3-BASE、EXPR、CARE、BOUND、CONFLICT提供日常相处和状态通道；M5-RHYTHM负责把双方时间、负荷、联系、空间与恢复合成为长期节奏结构。,无／按本规则指定的提议—观察—同意—执行—反馈—调整—恢复路径路由。,近位、远位只修正某项节奏需求进入亲密关系核心的可能；不得据此判断具体对象现实中一定快、慢、黏、疏或稳定。,根气只修正节奏需求是否稳定重复，不等于双方现实节奏已成熟协调。,旺弱只修正某项推进、联系、共享、变化或恢复通道的调用强度，不直接等于适配质量。,喜忌只修正节奏调用顺畅度与摩擦，不可直接翻译为某种五行、十神或对象类型必然适合。,真合化成立时按化神功能重算节奏需要；合化争议时停止细化节奏画像。,近位提高该节奏议题进入关系核心的可能；远位只保留背景或阶段性观察。,86,不加分；接口／状态／去重,life_load_capacity,优先HM09、PH04和HP05。,现实负荷上升时，适合临时压缩并保留最低连接。,不得仅凭本规则推出具体日期、交往时长、多久结婚、联系次数、见面频率或关系结果；不得把快等同冲动、慢等同冷淡、高频等同亲密、低频等同不爱。现实安全、双方同意、持续行为、生活条件、反例与协商优先。,中高,待验证,,interface_state_rule=true; provisional=true; rule_group=RHYTHM-接口门控; M3_STATE_pending=true,0.7
M5-RHYTHM-529,M4-TR06亲密距离变化接口,L11 状态、接口、去重与停止,RHYTHM-接口门控,通用,接口,M4-TR06亲密距离变化接口,,TR06触发候选成立。,把靠近或空间变化直接解释成爱意改变。,由共享基础引擎、M2-TEMPO与M3功能模块提供；只修正用户能够承载怎样的推进、联系、共同时间、负荷与恢复节奏，不直接判断现实关系一定同步。,M2说明进入关系前的确认节奏；M5-RHYTHM只处理关系进入认真阶段以后，双方怎样持续协调推进与生活节奏。,M3-BASE、EXPR、CARE、BOUND、CONFLICT提供日常相处和状态通道；M5-RHYTHM负责把双方时间、负荷、联系、空间与恢复合成为长期节奏结构。,无／按本规则指定的提议—观察—同意—执行—反馈—调整—恢复路径路由。,近位、远位只修正某项节奏需求进入亲密关系核心的可能；不得据此判断具体对象现实中一定快、慢、黏、疏或稳定。,根气只修正节奏需求是否稳定重复，不等于双方现实节奏已成熟协调。,旺弱只修正某项推进、联系、共享、变化或恢复通道的调用强度，不直接等于适配质量。,喜忌只修正节奏调用顺畅度与摩擦，不可直接翻译为某种五行、十神或对象类型必然适合。,真合化成立时按化神功能重算节奏需要；合化争议时停止细化节奏画像。,近位提高该节奏议题进入关系核心的可能；远位只保留背景或阶段性观察。,86,不加分；接口／状态／去重,shared_personal_time,优先HM08、HP03和HD04／HD09。,亲密距离变化需要协商，不等于关系价值变化。,不得仅凭本规则推出具体日期、交往时长、多久结婚、联系次数、见面频率或关系结果；不得把快等同冲动、慢等同冷淡、高频等同亲密、低频等同不爱。现实安全、双方同意、持续行为、生活条件、反例与协商优先。,中高,待验证,,interface_state_rule=true; provisional=true; rule_group=RHYTHM-接口门控; M3_STATE_pending=true,0.7
M5-RHYTHM-530,M4-TR08累积压力接口,L11 状态、接口、去重与停止,RHYTHM-接口门控,通用,接口,M4-TR08累积压力接口,,TR08触发候选成立。,只处理最后一次事件，不重订长期节奏。,由共享基础引擎、M2-TEMPO与M3功能模块提供；只修正用户能够承载怎样的推进、联系、共同时间、负荷与恢复节奏，不直接判断现实关系一定同步。,M2说明进入关系前的确认节奏；M5-RHYTHM只处理关系进入认真阶段以后，双方怎样持续协调推进与生活节奏。,M3-BASE、EXPR、CARE、BOUND、CONFLICT提供日常相处和状态通道；M5-RHYTHM负责把双方时间、负荷、联系、空间与恢复合成为长期节奏结构。,无／按本规则指定的提议—观察—同意—执行—反馈—调整—恢复路径路由。,近位、远位只修正某项节奏需求进入亲密关系核心的可能；不得据此判断具体对象现实中一定快、慢、黏、疏或稳定。,根气只修正节奏需求是否稳定重复，不等于双方现实节奏已成熟协调。,旺弱只修正某项推进、联系、共享、变化或恢复通道的调用强度，不直接等于适配质量。,喜忌只修正节奏调用顺畅度与摩擦，不可直接翻译为某种五行、十神或对象类型必然适合。,真合化成立时按化神功能重算节奏需要；合化争议时停止细化节奏画像。,近位提高该节奏议题进入关系核心的可能；远位只保留背景或阶段性观察。,86,不加分；接口／状态／去重,rhythm_renegotiation,优先HO10、HP05和PH07。,小问题累积说明旧节奏需要整体复盘。,不得仅凭本规则推出具体日期、交往时长、多久结婚、联系次数、见面频率或关系结果；不得把快等同冲动、慢等同冷淡、高频等同亲密、低频等同不爱。现实安全、双方同意、持续行为、生活条件、反例与协商优先。,中高,待验证,,interface_state_rule=true; provisional=true; rule_group=RHYTHM-接口门控; M3_STATE_pending=true,0.7
M5-RHYTHM-531,M4-LP01证明加码接口,L11 状态、接口、去重与停止,RHYTHM-接口门控,通用,接口,M4-LP01证明加码接口,,LP01候选成立。,用更高频联系、更快承诺继续加码。,由共享基础引擎、M2-TEMPO与M3功能模块提供；只修正用户能够承载怎样的推进、联系、共同时间、负荷与恢复节奏，不直接判断现实关系一定同步。,M2说明进入关系前的确认节奏；M5-RHYTHM只处理关系进入认真阶段以后，双方怎样持续协调推进与生活节奏。,M3-BASE、EXPR、CARE、BOUND、CONFLICT提供日常相处和状态通道；M5-RHYTHM负责把双方时间、负荷、联系、空间与恢复合成为长期节奏结构。,无／按本规则指定的提议—观察—同意—执行—反馈—调整—恢复路径路由。,近位、远位只修正某项节奏需求进入亲密关系核心的可能；不得据此判断具体对象现实中一定快、慢、黏、疏或稳定。,根气只修正节奏需求是否稳定重复，不等于双方现实节奏已成熟协调。,旺弱只修正某项推进、联系、共享、变化或恢复通道的调用强度，不直接等于适配质量。,喜忌只修正节奏调用顺畅度与摩擦，不可直接翻译为某种五行、十神或对象类型必然适合。,真合化成立时按化神功能重算节奏需要；合化争议时停止细化节奏画像。,近位提高该节奏议题进入关系核心的可能；远位只保留背景或阶段性观察。,86,不加分；接口／状态／去重,pseudo_rhythm_warning,定义什么证据已经足够，设置观察窗口和停止加码点。,不确定时继续加码联系，未必能带来稳定。,不得仅凭本规则推出具体日期、交往时长、多久结婚、联系次数、见面频率或关系结果；不得把快等同冲动、慢等同冷淡、高频等同亲密、低频等同不爱。现实安全、双方同意、持续行为、生活条件、反例与协商优先。,中高,待验证,,interface_state_rule=true; provisional=true; rule_group=RHYTHM-接口门控; M3_STATE_pending=true,0.7
M5-RHYTHM-532,M4-LP07亲密撤回接口,L11 状态、接口、去重与停止,RHYTHM-接口门控,通用,接口,M4-LP07亲密撤回接口,,LP07候选成立。,只要求一方追近或另一方无限空间。,由共享基础引擎、M2-TEMPO与M3功能模块提供；只修正用户能够承载怎样的推进、联系、共同时间、负荷与恢复节奏，不直接判断现实关系一定同步。,M2说明进入关系前的确认节奏；M5-RHYTHM只处理关系进入认真阶段以后，双方怎样持续协调推进与生活节奏。,M3-BASE、EXPR、CARE、BOUND、CONFLICT提供日常相处和状态通道；M5-RHYTHM负责把双方时间、负荷、联系、空间与恢复合成为长期节奏结构。,无／按本规则指定的提议—观察—同意—执行—反馈—调整—恢复路径路由。,近位、远位只修正某项节奏需求进入亲密关系核心的可能；不得据此判断具体对象现实中一定快、慢、黏、疏或稳定。,根气只修正节奏需求是否稳定重复，不等于双方现实节奏已成熟协调。,旺弱只修正某项推进、联系、共享、变化或恢复通道的调用强度，不直接等于适配质量。,喜忌只修正节奏调用顺畅度与摩擦，不可直接翻译为某种五行、十神或对象类型必然适合。,真合化成立时按化神功能重算节奏需要；合化争议时停止细化节奏画像。,近位提高该节奏议题进入关系核心的可能；远位只保留背景或阶段性观察。,86,不加分；接口／状态／去重,rhythm_mode,优先HM08、HP03与HP07，建立最低连接和主动回归。,靠近和空间都需要共同节奏，不能只靠追或退。,不得仅凭本规则推出具体日期、交往时长、多久结婚、联系次数、见面频率或关系结果；不得把快等同冲动、慢等同冷淡、高频等同亲密、低频等同不爱。现实安全、双方同意、持续行为、生活条件、反例与协商优先。,中高,待验证,,interface_state_rule=true; provisional=true; rule_group=RHYTHM-接口门控; M3_STATE_pending=true,0.7
M5-RHYTHM-533,M4-LP10新鲜落地接口,L11 状态、接口、去重与停止,RHYTHM-接口门控,通用,接口,M4-LP10新鲜落地接口,,LP10候选成立。,以继续制造体验替代日常和责任。,由共享基础引擎、M2-TEMPO与M3功能模块提供；只修正用户能够承载怎样的推进、联系、共同时间、负荷与恢复节奏，不直接判断现实关系一定同步。,M2说明进入关系前的确认节奏；M5-RHYTHM只处理关系进入认真阶段以后，双方怎样持续协调推进与生活节奏。,M3-BASE、EXPR、CARE、BOUND、CONFLICT提供日常相处和状态通道；M5-RHYTHM负责把双方时间、负荷、联系、空间与恢复合成为长期节奏结构。,无／按本规则指定的提议—观察—同意—执行—反馈—调整—恢复路径路由。,近位、远位只修正某项节奏需求进入亲密关系核心的可能；不得据此判断具体对象现实中一定快、慢、黏、疏或稳定。,根气只修正节奏需求是否稳定重复，不等于双方现实节奏已成熟协调。,旺弱只修正某项推进、联系、共享、变化或恢复通道的调用强度，不直接等于适配质量。,喜忌只修正节奏调用顺畅度与摩擦，不可直接翻译为某种五行、十神或对象类型必然适合。,真合化成立时按化神功能重算节奏需要；合化争议时停止细化节奏画像。,近位提高该节奏议题进入关系核心的可能；远位只保留背景或阶段性观察。,86,不加分；接口／状态／去重,rhythm_path,优先HM10、HP06与HC05／HC07。,新鲜感要转成可重复日常和责任，才能长期持续。,不得仅凭本规则推出具体日期、交往时长、多久结婚、联系次数、见面频率或关系结果；不得把快等同冲动、慢等同冷淡、高频等同亲密、低频等同不爱。现实安全、双方同意、持续行为、生活条件、反例与协商优先。,中高,待验证,,interface_state_rule=true; provisional=true; rule_group=RHYTHM-接口门控; M3_STATE_pending=true,0.7
M5-RHYTHM-534,M4-LP11暂停断链接口,L11 状态、接口、去重与停止,RHYTHM-接口门控,通用,接口,M4-LP11暂停断链接口,,LP11候选成立。,把无限暂停写成需要空间。,由共享基础引擎、M2-TEMPO与M3功能模块提供；只修正用户能够承载怎样的推进、联系、共同时间、负荷与恢复节奏，不直接判断现实关系一定同步。,M2说明进入关系前的确认节奏；M5-RHYTHM只处理关系进入认真阶段以后，双方怎样持续协调推进与生活节奏。,M3-BASE、EXPR、CARE、BOUND、CONFLICT提供日常相处和状态通道；M5-RHYTHM负责把双方时间、负荷、联系、空间与恢复合成为长期节奏结构。,无／按本规则指定的提议—观察—同意—执行—反馈—调整—恢复路径路由。,近位、远位只修正某项节奏需求进入亲密关系核心的可能；不得据此判断具体对象现实中一定快、慢、黏、疏或稳定。,根气只修正节奏需求是否稳定重复，不等于双方现实节奏已成熟协调。,旺弱只修正某项推进、联系、共享、变化或恢复通道的调用强度，不直接等于适配质量。,喜忌只修正节奏调用顺畅度与摩擦，不可直接翻译为某种五行、十神或对象类型必然适合。,真合化成立时按化神功能重算节奏需要；合化争议时停止细化节奏画像。,近位提高该节奏议题进入关系核心的可能；远位只保留背景或阶段性观察。,86,不加分；接口／状态／去重,recovery_rhythm,优先HP07、HC10和HO08，要求最低连接与回归点。,暂停必须有回来方式，否则会变成断链。,不得仅凭本规则推出具体日期、交往时长、多久结婚、联系次数、见面频率或关系结果；不得把快等同冲动、慢等同冷淡、高频等同亲密、低频等同不爱。现实安全、双方同意、持续行为、生活条件、反例与协商优先。,中高,待验证,,interface_state_rule=true; provisional=true; rule_group=RHYTHM-接口门控; M3_STATE_pending=true,0.7
M5-RHYTHM-535,M4-LP12修复不闭环接口,L11 状态、接口、去重与停止,RHYTHM-接口门控,通用,接口,M4-LP12修复不闭环接口,,LP12候选成立。,恢复联系后直接回到原节奏。,由共享基础引擎、M2-TEMPO与M3功能模块提供；只修正用户能够承载怎样的推进、联系、共同时间、负荷与恢复节奏，不直接判断现实关系一定同步。,M2说明进入关系前的确认节奏；M5-RHYTHM只处理关系进入认真阶段以后，双方怎样持续协调推进与生活节奏。,M3-BASE、EXPR、CARE、BOUND、CONFLICT提供日常相处和状态通道；M5-RHYTHM负责把双方时间、负荷、联系、空间与恢复合成为长期节奏结构。,无／按本规则指定的提议—观察—同意—执行—反馈—调整—恢复路径路由。,近位、远位只修正某项节奏需求进入亲密关系核心的可能；不得据此判断具体对象现实中一定快、慢、黏、疏或稳定。,根气只修正节奏需求是否稳定重复，不等于双方现实节奏已成熟协调。,旺弱只修正某项推进、联系、共享、变化或恢复通道的调用强度，不直接等于适配质量。,喜忌只修正节奏调用顺畅度与摩擦，不可直接翻译为某种五行、十神或对象类型必然适合。,真合化成立时按化神功能重算节奏需要；合化争议时停止细化节奏画像。,近位提高该节奏议题进入关系核心的可能；远位只保留背景或阶段性观察。,86,不加分；接口／状态／去重,recovery_rhythm,优先PH06、HO08、HO10和REPAIR的RO09／RO10。,和好以后要分阶段恢复，并复盘旧节奏。,不得仅凭本规则推出具体日期、交往时长、多久结婚、联系次数、见面频率或关系结果；不得把快等同冲动、慢等同冷淡、高频等同亲密、低频等同不爱。现实安全、双方同意、持续行为、生活条件、反例与协商优先。,中高,待验证,,interface_state_rule=true; provisional=true; rule_group=RHYTHM-接口门控; M3_STATE_pending=true,0.7
M5-RHYTHM-536,M4-BUFFER现实保护接口,L11 状态、接口、去重与停止,RHYTHM-接口门控,通用,接口,M4-BUFFER现实保护接口,,BF达到BL5以上并改变同一节奏风险链。,只有潜在命理资源。,由共享基础引擎、M2-TEMPO与M3功能模块提供；只修正用户能够承载怎样的推进、联系、共同时间、负荷与恢复节奏，不直接判断现实关系一定同步。,M2说明进入关系前的确认节奏；M5-RHYTHM只处理关系进入认真阶段以后，双方怎样持续协调推进与生活节奏。,M3-BASE、EXPR、CARE、BOUND、CONFLICT提供日常相处和状态通道；M5-RHYTHM负责把双方时间、负荷、联系、空间与恢复合成为长期节奏结构。,无／按本规则指定的提议—观察—同意—执行—反馈—调整—恢复路径路由。,近位、远位只修正某项节奏需求进入亲密关系核心的可能；不得据此判断具体对象现实中一定快、慢、黏、疏或稳定。,根气只修正节奏需求是否稳定重复，不等于双方现实节奏已成熟协调。,旺弱只修正某项推进、联系、共享、变化或恢复通道的调用强度，不直接等于适配质量。,喜忌只修正节奏调用顺畅度与摩擦，不可直接翻译为某种五行、十神或对象类型必然适合。,真合化成立时按化神功能重算节奏需要；合化争议时停止细化节奏画像。,近位提高该节奏议题进入关系核心的可能；远位只保留背景或阶段性观察。,86,不加分；接口／状态／去重,buffer_rhythm_relation,可提高HO、HP、PH或HV候选，但不删除历史失配。,已经有效的节奏保护经验可以保留，但仍要看能否重复。,不得仅凭本规则推出具体日期、交往时长、多久结婚、联系次数、见面频率或关系结果；不得把快等同冲动、慢等同冷淡、高频等同亲密、低频等同不爱。现实安全、双方同意、持续行为、生活条件、反例与协商优先。,中高,待验证,,interface_state_rule=true; provisional=true; rule_group=RHYTHM-接口门控; M3_STATE_pending=true,0.7
M5-RHYTHM-537,同一节奏事件多维度不重复加分,L11 状态、接口、去重与停止,RHYTHM-接口门控,通用,去重,同一节奏事件多维度不重复加分,,一个event_id同时支持多个HO、HD、PH或HP。,不同事件或跨阶段重复。,由共享基础引擎、M2-TEMPO与M3功能模块提供；只修正用户能够承载怎样的推进、联系、共同时间、负荷与恢复节奏，不直接判断现实关系一定同步。,M2说明进入关系前的确认节奏；M5-RHYTHM只处理关系进入认真阶段以后，双方怎样持续协调推进与生活节奏。,M3-BASE、EXPR、CARE、BOUND、CONFLICT提供日常相处和状态通道；M5-RHYTHM负责把双方时间、负荷、联系、空间与恢复合成为长期节奏结构。,无／按本规则指定的提议—观察—同意—执行—反馈—调整—恢复路径路由。,近位、远位只修正某项节奏需求进入亲密关系核心的可能；不得据此判断具体对象现实中一定快、慢、黏、疏或稳定。,根气只修正节奏需求是否稳定重复，不等于双方现实节奏已成熟协调。,旺弱只修正某项推进、联系、共享、变化或恢复通道的调用强度，不直接等于适配质量。,喜忌只修正节奏调用顺畅度与摩擦，不可直接翻译为某种五行、十神或对象类型必然适合。,真合化成立时按化神功能重算节奏需要；合化争议时停止细化节奏画像。,近位提高该节奏议题进入关系核心的可能；远位只保留背景或阶段性观察。,86,不加分；接口／状态／去重,provenance,基础事件分只计一次，维度可分别记录。,同一段变化可以说明多个方面，但不会自动变成多次证据。,不得仅凭本规则推出具体日期、交往时长、多久结婚、联系次数、见面频率或关系结果；不得把快等同冲动、慢等同冷淡、高频等同亲密、低频等同不爱。现实安全、双方同意、持续行为、生活条件、反例与协商优先。,高,待验证,,interface_state_rule=true; provisional=true; rule_group=RHYTHM-接口门控; M3_STATE_pending=true,0.7
M5-RHYTHM-538,同一命理事实多模块不重复加分,L11 状态、接口、去重与停止,RHYTHM-接口门控,通用,去重,同一命理事实多模块不重复加分,,一个source_id同时路由多个HC、HM或接口。,不同source_id且功能独立。,由共享基础引擎、M2-TEMPO与M3功能模块提供；只修正用户能够承载怎样的推进、联系、共同时间、负荷与恢复节奏，不直接判断现实关系一定同步。,M2说明进入关系前的确认节奏；M5-RHYTHM只处理关系进入认真阶段以后，双方怎样持续协调推进与生活节奏。,M3-BASE、EXPR、CARE、BOUND、CONFLICT提供日常相处和状态通道；M5-RHYTHM负责把双方时间、负荷、联系、空间与恢复合成为长期节奏结构。,无／按本规则指定的提议—观察—同意—执行—反馈—调整—恢复路径路由。,近位、远位只修正某项节奏需求进入亲密关系核心的可能；不得据此判断具体对象现实中一定快、慢、黏、疏或稳定。,根气只修正节奏需求是否稳定重复，不等于双方现实节奏已成熟协调。,旺弱只修正某项推进、联系、共享、变化或恢复通道的调用强度，不直接等于适配质量。,喜忌只修正节奏调用顺畅度与摩擦，不可直接翻译为某种五行、十神或对象类型必然适合。,真合化成立时按化神功能重算节奏需要；合化争议时停止细化节奏画像。,近位提高该节奏议题进入关系核心的可能；远位只保留背景或阶段性观察。,86,不加分；接口／状态／去重,provenance,同一source_id基础权重只计一次。,同一个命理事实不会因为被解释多次就变成多份证据。,不得仅凭本规则推出具体日期、交往时长、多久结婚、联系次数、见面频率或关系结果；不得把快等同冲动、慢等同冷淡、高频等同亲密、低频等同不爱。现实安全、双方同意、持续行为、生活条件、反例与协商优先。,高,待验证,,interface_state_rule=true; provisional=true; rule_group=RHYTHM-接口门控; M3_STATE_pending=true,0.7
M5-RHYTHM-539,正偏同系统先收敛,L11 状态、接口、去重与停止,RHYTHM-接口门控,通用,去重,正偏同系统先收敛,,同系统两个HC同时命中。,来源独立且任务不同。,由共享基础引擎、M2-TEMPO与M3功能模块提供；只修正用户能够承载怎样的推进、联系、共同时间、负荷与恢复节奏，不直接判断现实关系一定同步。,M2说明进入关系前的确认节奏；M5-RHYTHM只处理关系进入认真阶段以后，双方怎样持续协调推进与生活节奏。,M3-BASE、EXPR、CARE、BOUND、CONFLICT提供日常相处和状态通道；M5-RHYTHM负责把双方时间、负荷、联系、空间与恢复合成为长期节奏结构。,无／按本规则指定的提议—观察—同意—执行—反馈—调整—恢复路径路由。,近位、远位只修正某项节奏需求进入亲密关系核心的可能；不得据此判断具体对象现实中一定快、慢、黏、疏或稳定。,根气只修正节奏需求是否稳定重复，不等于双方现实节奏已成熟协调。,旺弱只修正某项推进、联系、共享、变化或恢复通道的调用强度，不直接等于适配质量。,喜忌只修正节奏调用顺畅度与摩擦，不可直接翻译为某种五行、十神或对象类型必然适合。,真合化成立时按化神功能重算节奏需要；合化争议时停止细化节奏画像。,近位提高该节奏议题进入关系核心的可能；远位只保留背景或阶段性观察。,86,不加分；接口／状态／去重,primary_rhythm_channel,先收敛共同系统，再用稳定／弹性、舒缓／校准等风格区分。,先看共同节奏功能，再看它以什么风格发生。,不得仅凭本规则推出具体日期、交往时长、多久结婚、联系次数、见面频率或关系结果；不得把快等同冲动、慢等同冷淡、高频等同亲密、低频等同不爱。现实安全、双方同意、持续行为、生活条件、反例与协商优先。,高,待验证,,interface_state_rule=true; provisional=true; rule_group=RHYTHM-接口门控; M3_STATE_pending=true,0.7
M5-RHYTHM-540,高频监控与强迫同步安全门控,L11 状态、接口、去重与停止,RHYTHM-接口门控,通用,安全,高频监控与强迫同步安全门控,,要求随时在线、强制定位、惩罚未及时回应或限制工作社交。,无。,由共享基础引擎、M2-TEMPO与M3功能模块提供；只修正用户能够承载怎样的推进、联系、共同时间、负荷与恢复节奏，不直接判断现实关系一定同步。,M2说明进入关系前的确认节奏；M5-RHYTHM只处理关系进入认真阶段以后，双方怎样持续协调推进与生活节奏。,M3-BASE、EXPR、CARE、BOUND、CONFLICT提供日常相处和状态通道；M5-RHYTHM负责把双方时间、负荷、联系、空间与恢复合成为长期节奏结构。,无／按本规则指定的提议—观察—同意—执行—反馈—调整—恢复路径路由。,近位、远位只修正某项节奏需求进入亲密关系核心的可能；不得据此判断具体对象现实中一定快、慢、黏、疏或稳定。,根气只修正节奏需求是否稳定重复，不等于双方现实节奏已成熟协调。,旺弱只修正某项推进、联系、共享、变化或恢复通道的调用强度，不直接等于适配质量。,喜忌只修正节奏调用顺畅度与摩擦，不可直接翻译为某种五行、十神或对象类型必然适合。,真合化成立时按化神功能重算节奏需要；合化争议时停止细化节奏画像。,近位提高该节奏议题进入关系核心的可能；远位只保留背景或阶段性观察。,98,不加分；接口／状态／去重,report_status,停止普通高频适配叙事，优先现实安全与选择权。,高频如果建立在监控和惩罚上，不属于亲密适配。,不得仅凭本规则推出具体日期、交往时长、多久结婚、联系次数、见面频率或关系结果；不得把快等同冲动、慢等同冷淡、高频等同亲密、低频等同不爱。现实安全、双方同意、持续行为、生活条件、反例与协商优先。,高,待验证,,interface_state_rule=true; provisional=true; rule_group=RHYTHM-接口门控; M3_STATE_pending=true,0.7
M5-RHYTHM-541,慢速推进不得由一方单独强迫,L11 状态、接口、去重与停止,RHYTHM-接口门控,通用,边界,慢速推进不得由一方单独强迫,,一方长期拖延、不给方向，另一方无法知情选择。,双方明确同意观察目标和阶段期限。,由共享基础引擎、M2-TEMPO与M3功能模块提供；只修正用户能够承载怎样的推进、联系、共同时间、负荷与恢复节奏，不直接判断现实关系一定同步。,M2说明进入关系前的确认节奏；M5-RHYTHM只处理关系进入认真阶段以后，双方怎样持续协调推进与生活节奏。,M3-BASE、EXPR、CARE、BOUND、CONFLICT提供日常相处和状态通道；M5-RHYTHM负责把双方时间、负荷、联系、空间与恢复合成为长期节奏结构。,无／按本规则指定的提议—观察—同意—执行—反馈—调整—恢复路径路由。,近位、远位只修正某项节奏需求进入亲密关系核心的可能；不得据此判断具体对象现实中一定快、慢、黏、疏或稳定。,根气只修正节奏需求是否稳定重复，不等于双方现实节奏已成熟协调。,旺弱只修正某项推进、联系、共享、变化或恢复通道的调用强度，不直接等于适配质量。,喜忌只修正节奏调用顺畅度与摩擦，不可直接翻译为某种五行、十神或对象类型必然适合。,真合化成立时按化神功能重算节奏需要；合化争议时停止细化节奏画像。,近位提高该节奏议题进入关系核心的可能；远位只保留背景或阶段性观察。,98,不加分；接口／状态／去重,progression_rhythm,慢热需要持续回应和方向；无限悬置不是成熟慢热。,慢不等于成熟，双方都要知道关系往哪里走。,不得仅凭本规则推出具体日期、交往时长、多久结婚、联系次数、见面频率或关系结果；不得把快等同冲动、慢等同冷淡、高频等同亲密、低频等同不爱。现实安全、双方同意、持续行为、生活条件、反例与协商优先。,高,待验证,,interface_state_rule=true; provisional=true; rule_group=RHYTHM-接口门控; M3_STATE_pending=true,0.7
M5-RHYTHM-542,阶段覆盖只提高议题显著度,L11 状态、接口、去重与停止,RHYTHM-接口门控,通用,状态,阶段覆盖只提高议题显著度,,大运流年或生活阶段与某HD领域一致。,无原局需求或无现实关系情境。,由共享基础引擎、M2-TEMPO与M3功能模块提供；只修正用户能够承载怎样的推进、联系、共同时间、负荷与恢复节奏，不直接判断现实关系一定同步。,M2说明进入关系前的确认节奏；M5-RHYTHM只处理关系进入认真阶段以后，双方怎样持续协调推进与生活节奏。,M3-BASE、EXPR、CARE、BOUND、CONFLICT提供日常相处和状态通道；M5-RHYTHM负责把双方时间、负荷、联系、空间与恢复合成为长期节奏结构。,无／按本规则指定的提议—观察—同意—执行—反馈—调整—恢复路径路由。,近位、远位只修正某项节奏需求进入亲密关系核心的可能；不得据此判断具体对象现实中一定快、慢、黏、疏或稳定。,根气只修正节奏需求是否稳定重复，不等于双方现实节奏已成熟协调。,旺弱只修正某项推进、联系、共享、变化或恢复通道的调用强度，不直接等于适配质量。,喜忌只修正节奏调用顺畅度与摩擦，不可直接翻译为某种五行、十神或对象类型必然适合。,真合化成立时按化神功能重算节奏需要；合化争议时停止细化节奏画像。,近位提高该节奏议题进入关系核心的可能；远位只保留背景或阶段性观察。,86,不加分；接口／状态／去重,relationship_phase,阶段不能创造具体事件、频率或适配能力。,某个阶段会让节奏议题更明显，但仍要看现实行为。,不得仅凭本规则推出具体日期、交往时长、多久结婚、联系次数、见面频率或关系结果；不得把快等同冲动、慢等同冷淡、高频等同亲密、低频等同不爱。现实安全、双方同意、持续行为、生活条件、反例与协商优先。,中高,待验证,,interface_state_rule=true; provisional=true; rule_group=RHYTHM-接口门控; M3_STATE_pending=true,0.7
M5-RHYTHM-543,近位远位只修正节奏核心度,L11 状态、接口、去重与停止,RHYTHM-接口门控,通用,状态,近位远位只修正节奏核心度,,使用柱位近远。,据此推断具体联系频率、见面次数或婚期。,由共享基础引擎、M2-TEMPO与M3功能模块提供；只修正用户能够承载怎样的推进、联系、共同时间、负荷与恢复节奏，不直接判断现实关系一定同步。,M2说明进入关系前的确认节奏；M5-RHYTHM只处理关系进入认真阶段以后，双方怎样持续协调推进与生活节奏。,M3-BASE、EXPR、CARE、BOUND、CONFLICT提供日常相处和状态通道；M5-RHYTHM负责把双方时间、负荷、联系、空间与恢复合成为长期节奏结构。,无／按本规则指定的提议—观察—同意—执行—反馈—调整—恢复路径路由。,近位、远位只修正某项节奏需求进入亲密关系核心的可能；不得据此判断具体对象现实中一定快、慢、黏、疏或稳定。,根气只修正节奏需求是否稳定重复，不等于双方现实节奏已成熟协调。,旺弱只修正某项推进、联系、共享、变化或恢复通道的调用强度，不直接等于适配质量。,喜忌只修正节奏调用顺畅度与摩擦，不可直接翻译为某种五行、十神或对象类型必然适合。,真合化成立时按化神功能重算节奏需要；合化争议时停止细化节奏画像。,近位提高该节奏议题进入关系核心的可能；远位只保留背景或阶段性观察。,86,不加分；接口／状态／去重,rhythm_domains,近位提高亲密核心度，远位保留背景或阶段性观察。,位置只能说明这项节奏有多容易进入关系核心。,不得仅凭本规则推出具体日期、交往时长、多久结婚、联系次数、见面频率或关系结果；不得把快等同冲动、慢等同冷淡、高频等同亲密、低频等同不爱。现实安全、双方同意、持续行为、生活条件、反例与协商优先。,中高,待验证,,interface_state_rule=true; provisional=true; rule_group=RHYTHM-接口门控; M3_STATE_pending=true,0.7
M5-RHYTHM-544,根气旺弱只修正调用强度,L11 状态、接口、去重与停止,RHYTHM-接口门控,通用,状态,根气旺弱只修正调用强度,,使用根气、旺弱、喜忌。,把旺写成高频、弱写成低频或没有需求。,由共享基础引擎、M2-TEMPO与M3功能模块提供；只修正用户能够承载怎样的推进、联系、共同时间、负荷与恢复节奏，不直接判断现实关系一定同步。,M2说明进入关系前的确认节奏；M5-RHYTHM只处理关系进入认真阶段以后，双方怎样持续协调推进与生活节奏。,M3-BASE、EXPR、CARE、BOUND、CONFLICT提供日常相处和状态通道；M5-RHYTHM负责把双方时间、负荷、联系、空间与恢复合成为长期节奏结构。,无／按本规则指定的提议—观察—同意—执行—反馈—调整—恢复路径路由。,近位、远位只修正某项节奏需求进入亲密关系核心的可能；不得据此判断具体对象现实中一定快、慢、黏、疏或稳定。,根气只修正节奏需求是否稳定重复，不等于双方现实节奏已成熟协调。,旺弱只修正某项推进、联系、共享、变化或恢复通道的调用强度，不直接等于适配质量。,喜忌只修正节奏调用顺畅度与摩擦，不可直接翻译为某种五行、十神或对象类型必然适合。,真合化成立时按化神功能重算节奏需要；合化争议时停止细化节奏画像。,近位提高该节奏议题进入关系核心的可能；远位只保留背景或阶段性观察。,86,不加分；接口／状态／去重,rhythm_channel_style,状态只修正通道显著度、持续性和失衡方式。,旺弱不直接等于每天联系多或少。,不得仅凭本规则推出具体日期、交往时长、多久结婚、联系次数、见面频率或关系结果；不得把快等同冲动、慢等同冷淡、高频等同亲密、低频等同不爱。现实安全、双方同意、持续行为、生活条件、反例与协商优先。,中高,待验证,,interface_state_rule=true; provisional=true; rule_group=RHYTHM-接口门控; M3_STATE_pending=true,0.7
M5-RHYTHM-545,真合化成立替换HC路由,L11 状态、接口、去重与停止,RHYTHM-接口门控,通用,状态,真合化成立替换HC路由,,真合化已由共享引擎确认。,合而不化或争议。,由共享基础引擎、M2-TEMPO与M3功能模块提供；只修正用户能够承载怎样的推进、联系、共同时间、负荷与恢复节奏，不直接判断现实关系一定同步。,M2说明进入关系前的确认节奏；M5-RHYTHM只处理关系进入认真阶段以后，双方怎样持续协调推进与生活节奏。,M3-BASE、EXPR、CARE、BOUND、CONFLICT提供日常相处和状态通道；M5-RHYTHM负责把双方时间、负荷、联系、空间与恢复合成为长期节奏结构。,无／按本规则指定的提议—观察—同意—执行—反馈—调整—恢复路径路由。,近位、远位只修正某项节奏需求进入亲密关系核心的可能；不得据此判断具体对象现实中一定快、慢、黏、疏或稳定。,根气只修正节奏需求是否稳定重复，不等于双方现实节奏已成熟协调。,旺弱只修正某项推进、联系、共享、变化或恢复通道的调用强度，不直接等于适配质量。,喜忌只修正节奏调用顺畅度与摩擦，不可直接翻译为某种五行、十神或对象类型必然适合。,真合化成立时按化神功能重算节奏需要；合化争议时停止细化节奏画像。,近位提高该节奏议题进入关系核心的可能；远位只保留背景或阶段性观察。,86,不加分；接口／状态／去重,primary_rhythm_channel,原HC清零，按化神功能重算节奏需求。,原来的节奏画像需要按实际合化结果重新判断。,不得仅凭本规则推出具体日期、交往时长、多久结婚、联系次数、见面频率或关系结果；不得把快等同冲动、慢等同冷淡、高频等同亲密、低频等同不爱。现实安全、双方同意、持续行为、生活条件、反例与协商优先。,中高,待验证,,interface_state_rule=true; provisional=true; rule_group=RHYTHM-接口门控; M3_STATE_pending=true,0.7
M5-RHYTHM-546,合冲刑害破只修正节奏变化,L11 状态、接口、去重与停止,RHYTHM-接口门控,通用,状态,合冲刑害破只修正节奏变化,,夫妻宫有合冲刑害破。,用其直接断失联、分手、异地、复合或婚期。,由共享基础引擎、M2-TEMPO与M3功能模块提供；只修正用户能够承载怎样的推进、联系、共同时间、负荷与恢复节奏，不直接判断现实关系一定同步。,M2说明进入关系前的确认节奏；M5-RHYTHM只处理关系进入认真阶段以后，双方怎样持续协调推进与生活节奏。,M3-BASE、EXPR、CARE、BOUND、CONFLICT提供日常相处和状态通道；M5-RHYTHM负责把双方时间、负荷、联系、空间与恢复合成为长期节奏结构。,无／按本规则指定的提议—观察—同意—执行—反馈—调整—恢复路径路由。,近位、远位只修正某项节奏需求进入亲密关系核心的可能；不得据此判断具体对象现实中一定快、慢、黏、疏或稳定。,根气只修正节奏需求是否稳定重复，不等于双方现实节奏已成熟协调。,旺弱只修正某项推进、联系、共享、变化或恢复通道的调用强度，不直接等于适配质量。,喜忌只修正节奏调用顺畅度与摩擦，不可直接翻译为某种五行、十神或对象类型必然适合。,真合化成立时按化神功能重算节奏需要；合化争议时停止细化节奏画像。,近位提高该节奏议题进入关系核心的可能；远位只保留背景或阶段性观察。,86,不加分；接口／状态／去重,rhythm_risk_warning,合看牵连，冲看切换，刑看反复，害看隐性错位，破看旧安排重组。,这些结构提醒你节奏可能怎样变化，不直接决定关系结果。,不得仅凭本规则推出具体日期、交往时长、多久结婚、联系次数、见面频率或关系结果；不得把快等同冲动、慢等同冷淡、高频等同亲密、低频等同不爱。现实安全、双方同意、持续行为、生活条件、反例与协商优先。,中高,待验证,,interface_state_rule=true; provisional=true; rule_group=RHYTHM-接口门控; M3_STATE_pending=true,0.7
M5-RHYTHM-547,现实强反例覆盖结构候选,L11 状态、接口、去重与停止,RHYTHM-接口门控,通用,停止,现实强反例覆盖结构候选,,跨领域、跨阶段多次反例与HC／HM／HS候选冲突。,反例不可靠或后续已有持续修正。,由共享基础引擎、M2-TEMPO与M3功能模块提供；只修正用户能够承载怎样的推进、联系、共同时间、负荷与恢复节奏，不直接判断现实关系一定同步。,M2说明进入关系前的确认节奏；M5-RHYTHM只处理关系进入认真阶段以后，双方怎样持续协调推进与生活节奏。,M3-BASE、EXPR、CARE、BOUND、CONFLICT提供日常相处和状态通道；M5-RHYTHM负责把双方时间、负荷、联系、空间与恢复合成为长期节奏结构。,无／按本规则指定的提议—观察—同意—执行—反馈—调整—恢复路径路由。,近位、远位只修正某项节奏需求进入亲密关系核心的可能；不得据此判断具体对象现实中一定快、慢、黏、疏或稳定。,根气只修正节奏需求是否稳定重复，不等于双方现实节奏已成熟协调。,旺弱只修正某项推进、联系、共享、变化或恢复通道的调用强度，不直接等于适配质量。,喜忌只修正节奏调用顺畅度与摩擦，不可直接翻译为某种五行、十神或对象类型必然适合。,真合化成立时按化神功能重算节奏需要；合化争议时停止细化节奏画像。,近位提高该节奏议题进入关系核心的可能；远位只保留背景或阶段性观察。,98,不加分；接口／状态／去重,counterevidence,降级或停用对应节奏画像。,现实中反复做不到，就不要用理论替关系解释。,不得仅凭本规则推出具体日期、交往时长、多久结婚、联系次数、见面频率或关系结果；不得把快等同冲动、慢等同冷淡、高频等同亲密、低频等同不爱。现实安全、双方同意、持续行为、生活条件、反例与协商优先。,高,待验证,,interface_state_rule=true; provisional=true; rule_group=RHYTHM-接口门控; M3_STATE_pending=true,0.7
M5-RHYTHM-548,禁止精确日历推断,L11 状态、接口、去重与停止,RHYTHM-接口门控,通用,边界,禁止精确日历推断,,准备输出具体天数、月份、年龄、次数或固定期限。,双方现实协议、日历和计划明确时可引用现实数据。,由共享基础引擎、M2-TEMPO与M3功能模块提供；只修正用户能够承载怎样的推进、联系、共同时间、负荷与恢复节奏，不直接判断现实关系一定同步。,M2说明进入关系前的确认节奏；M5-RHYTHM只处理关系进入认真阶段以后，双方怎样持续协调推进与生活节奏。,M3-BASE、EXPR、CARE、BOUND、CONFLICT提供日常相处和状态通道；M5-RHYTHM负责把双方时间、负荷、联系、空间与恢复合成为长期节奏结构。,无／按本规则指定的提议—观察—同意—执行—反馈—调整—恢复路径路由。,近位、远位只修正某项节奏需求进入亲密关系核心的可能；不得据此判断具体对象现实中一定快、慢、黏、疏或稳定。,根气只修正节奏需求是否稳定重复，不等于双方现实节奏已成熟协调。,旺弱只修正某项推进、联系、共享、变化或恢复通道的调用强度，不直接等于适配质量。,喜忌只修正节奏调用顺畅度与摩擦，不可直接翻译为某种五行、十神或对象类型必然适合。,真合化成立时按化神功能重算节奏需要；合化争议时停止细化节奏画像。,近位提高该节奏议题进入关系核心的可能；远位只保留背景或阶段性观察。,98,不加分；接口／状态／去重,time_precision_boundary,模型只输出相对节奏、阶段、证据轮次和调整机制。,不能仅凭八字精确规定多久联系或多久结婚。,不得仅凭本规则推出具体日期、交往时长、多久结婚、联系次数、见面频率或关系结果；不得把快等同冲动、慢等同冷淡、高频等同亲密、低频等同不爱。现实安全、双方同意、持续行为、生活条件、反例与协商优先。,高,待验证,,interface_state_rule=true; provisional=true; rule_group=RHYTHM-接口门控; M3_STATE_pending=true,0.7
M5-RHYTHM-549,安全风险停止普通节奏分析,L11 状态、接口、去重与停止,RHYTHM-接口门控,通用,安全,安全风险停止普通节奏分析,,存在控制、监控、强迫、隔离、资源限制或难以退出。,无。,由共享基础引擎、M2-TEMPO与M3功能模块提供；只修正用户能够承载怎样的推进、联系、共同时间、负荷与恢复节奏，不直接判断现实关系一定同步。,M2说明进入关系前的确认节奏；M5-RHYTHM只处理关系进入认真阶段以后，双方怎样持续协调推进与生活节奏。,M3-BASE、EXPR、CARE、BOUND、CONFLICT提供日常相处和状态通道；M5-RHYTHM负责把双方时间、负荷、联系、空间与恢复合成为长期节奏结构。,无／按本规则指定的提议—观察—同意—执行—反馈—调整—恢复路径路由。,近位、远位只修正某项节奏需求进入亲密关系核心的可能；不得据此判断具体对象现实中一定快、慢、黏、疏或稳定。,根气只修正节奏需求是否稳定重复，不等于双方现实节奏已成熟协调。,旺弱只修正某项推进、联系、共享、变化或恢复通道的调用强度，不直接等于适配质量。,喜忌只修正节奏调用顺畅度与摩擦，不可直接翻译为某种五行、十神或对象类型必然适合。,真合化成立时按化神功能重算节奏需要；合化争议时停止细化节奏画像。,近位提高该节奏议题进入关系核心的可能；远位只保留背景或阶段性观察。,98,不加分；接口／状态／去重,report_status,只允许安全、退出资源和现实支持优先。,先处理安全和选择权，不讨论怎样更好地同步节奏。,不得仅凭本规则推出具体日期、交往时长、多久结婚、联系次数、见面频率或关系结果；不得把快等同冲动、慢等同冷淡、高频等同亲密、低频等同不爱。现实安全、双方同意、持续行为、生活条件、反例与协商优先。,高,待验证,,interface_state_rule=true; provisional=true; rule_group=RHYTHM-接口门控; M3_STATE_pending=true,0.7
M5-RHYTHM-550,M3-STATE依赖标记,L11 状态、接口、去重与停止,RHYTHM-接口门控,通用,依赖,M3-STATE依赖标记,,使用PH、压力与恢复节奏结论。,将当前规则视为最终定版。,由共享基础引擎、M2-TEMPO与M3功能模块提供；只修正用户能够承载怎样的推进、联系、共同时间、负荷与恢复节奏，不直接判断现实关系一定同步。,M2说明进入关系前的确认节奏；M5-RHYTHM只处理关系进入认真阶段以后，双方怎样持续协调推进与生活节奏。,M3-BASE、EXPR、CARE、BOUND、CONFLICT提供日常相处和状态通道；M5-RHYTHM负责把双方时间、负荷、联系、空间与恢复合成为长期节奏结构。,无／按本规则指定的提议—观察—同意—执行—反馈—调整—恢复路径路由。,近位、远位只修正某项节奏需求进入亲密关系核心的可能；不得据此判断具体对象现实中一定快、慢、黏、疏或稳定。,根气只修正节奏需求是否稳定重复，不等于双方现实节奏已成熟协调。,旺弱只修正某项推进、联系、共享、变化或恢复通道的调用强度，不直接等于适配质量。,喜忌只修正节奏调用顺畅度与摩擦，不可直接翻译为某种五行、十神或对象类型必然适合。,真合化成立时按化神功能重算节奏需要；合化争议时停止细化节奏画像。,近位提高该节奏议题进入关系核心的可能；远位只保留背景或阶段性观察。,86,不加分；接口／状态／去重,dependency_status,M3-STATE完成后需回填个体平稳、压力、恢复切换权重。,当前压力与恢复节奏仍需后续模型三校准。,不得仅凭本规则推出具体日期、交往时长、多久结婚、联系次数、见面频率或关系结果；不得把快等同冲动、慢等同冷淡、高频等同亲密、低频等同不爱。现实安全、双方同意、持续行为、生活条件、反例与协商优先。,中高,待验证,,interface_state_rule=true; provisional=true; rule_group=RHYTHM-接口门控; M3_STATE_pending=true,0.7
M5-RHYTHM-551,下一阶段路由M5-GAP,L11 状态、接口、去重与停止,RHYTHM-接口门控,通用,路由,下一阶段路由M5-GAP,,RHYTHM模块完成。,无。,由共享基础引擎、M2-TEMPO与M3功能模块提供；只修正用户能够承载怎样的推进、联系、共同时间、负荷与恢复节奏，不直接判断现实关系一定同步。,M2说明进入关系前的确认节奏；M5-RHYTHM只处理关系进入认真阶段以后，双方怎样持续协调推进与生活节奏。,M3-BASE、EXPR、CARE、BOUND、CONFLICT提供日常相处和状态通道；M5-RHYTHM负责把双方时间、负荷、联系、空间与恢复合成为长期节奏结构。,无／按本规则指定的提议—观察—同意—执行—反馈—调整—恢复路径路由。,近位、远位只修正某项节奏需求进入亲密关系核心的可能；不得据此判断具体对象现实中一定快、慢、黏、疏或稳定。,根气只修正节奏需求是否稳定重复，不等于双方现实节奏已成熟协调。,旺弱只修正某项推进、联系、共享、变化或恢复通道的调用强度，不直接等于适配质量。,喜忌只修正节奏调用顺畅度与摩擦，不可直接翻译为某种五行、十神或对象类型必然适合。,真合化成立时按化神功能重算节奏需要；合化争议时停止细化节奏画像。,近位提高该节奏议题进入关系核心的可能；远位只保留背景或阶段性观察。,86,不加分；接口／状态／去重,report_status,下一阶段比较M1心动、M2准入、M3惯性、M4盲点与M5适配之间的差异。,下一步将判断心动、选择、相处和真正适配之间有哪些差距。,不得仅凭本规则推出具体日期、交往时长、多久结婚、联系次数、见面频率或关系结果；不得把快等同冲动、慢等同冷淡、高频等同亲密、低频等同不爱。现实安全、双方同意、持续行为、生活条件、反例与协商优先。,中高,待验证,,interface_state_rule=true; provisional=true; rule_group=RHYTHM-接口门控; M3_STATE_pending=true,0.7
M5-RHYTHM-552,主节奏通道门槛,L12 评分、报告与校准,RHYTHM-评分报告,通用,评分,主节奏通道门槛,,主HC来自PR1／PR2或M4主调节任务，至少两类独立来源，净分≥46且领先第二候选≥8。,PR0安全门控未通过时停止普通评分。,由共享基础引擎、M2-TEMPO与M3功能模块提供；只修正用户能够承载怎样的推进、联系、共同时间、负荷与恢复节奏，不直接判断现实关系一定同步。,M2说明进入关系前的确认节奏；M5-RHYTHM只处理关系进入认真阶段以后，双方怎样持续协调推进与生活节奏。,M3-BASE、EXPR、CARE、BOUND、CONFLICT提供日常相处和状态通道；M5-RHYTHM负责把双方时间、负荷、联系、空间与恢复合成为长期节奏结构。,无／按本规则指定的提议—观察—同意—执行—反馈—调整—恢复路径路由。,近位、远位只修正某项节奏需求进入亲密关系核心的可能；不得据此判断具体对象现实中一定快、慢、黏、疏或稳定。,根气只修正节奏需求是否稳定重复，不等于双方现实节奏已成熟协调。,旺弱只修正某项推进、联系、共享、变化或恢复通道的调用强度，不直接等于适配质量。,喜忌只修正节奏调用顺畅度与摩擦，不可直接翻译为某种五行、十神或对象类型必然适合。,真合化成立时按化神功能重算节奏需要；合化争议时停止细化节奏画像。,近位提高该节奏议题进入关系核心的可能；远位只保留背景或阶段性观察。,82,主通道候选 +46,primary_rhythm_channel,满足才发布主节奏通道。,满足才发布主节奏通道。,不得仅凭本规则推出具体日期、交往时长、多久结婚、联系次数、见面频率或关系结果；不得把快等同冲动、慢等同冷淡、高频等同亲密、低频等同不爱。现实安全、双方同意、持续行为、生活条件、反例与协商优先。,中高,待验证,,scoring_reporting=true; provisional=true; rule_group=RHYTHM-评分报告; M3_STATE_pending=true,0.7
M5-RHYTHM-553,次节奏通道门槛,L12 评分、报告与校准,RHYTHM-评分报告,通用,评分,次节奏通道门槛,,次HC净分≥32，来源独立、功能不同、非同义重复。,PR0安全门控未通过时停止普通评分。,由共享基础引擎、M2-TEMPO与M3功能模块提供；只修正用户能够承载怎样的推进、联系、共同时间、负荷与恢复节奏，不直接判断现实关系一定同步。,M2说明进入关系前的确认节奏；M5-RHYTHM只处理关系进入认真阶段以后，双方怎样持续协调推进与生活节奏。,M3-BASE、EXPR、CARE、BOUND、CONFLICT提供日常相处和状态通道；M5-RHYTHM负责把双方时间、负荷、联系、空间与恢复合成为长期节奏结构。,无／按本规则指定的提议—观察—同意—执行—反馈—调整—恢复路径路由。,近位、远位只修正某项节奏需求进入亲密关系核心的可能；不得据此判断具体对象现实中一定快、慢、黏、疏或稳定。,根气只修正节奏需求是否稳定重复，不等于双方现实节奏已成熟协调。,旺弱只修正某项推进、联系、共享、变化或恢复通道的调用强度，不直接等于适配质量。,喜忌只修正节奏调用顺畅度与摩擦，不可直接翻译为某种五行、十神或对象类型必然适合。,真合化成立时按化神功能重算节奏需要；合化争议时停止细化节奏画像。,近位提高该节奏议题进入关系核心的可能；远位只保留背景或阶段性观察。,82,次通道候选 +32,secondary_rhythm_channel,最多保留一个次通道。,最多保留一个次通道。,不得仅凭本规则推出具体日期、交往时长、多久结婚、联系次数、见面频率或关系结果；不得把快等同冲动、慢等同冷淡、高频等同亲密、低频等同不爱。现实安全、双方同意、持续行为、生活条件、反例与协商优先。,中高,待验证,,scoring_reporting=true; provisional=true; rule_group=RHYTHM-评分报告; M3_STATE_pending=true,0.7
M5-RHYTHM-554,主节奏模式门槛,L12 评分、报告与校准,RHYTHM-评分报告,通用,评分,主节奏模式门槛,,HM模式至少由一个HC、两个HO、一个HD／PH和一项现实双人证据支持。,PR0安全门控未通过时停止普通评分。,由共享基础引擎、M2-TEMPO与M3功能模块提供；只修正用户能够承载怎样的推进、联系、共同时间、负荷与恢复节奏，不直接判断现实关系一定同步。,M2说明进入关系前的确认节奏；M5-RHYTHM只处理关系进入认真阶段以后，双方怎样持续协调推进与生活节奏。,M3-BASE、EXPR、CARE、BOUND、CONFLICT提供日常相处和状态通道；M5-RHYTHM负责把双方时间、负荷、联系、空间与恢复合成为长期节奏结构。,无／按本规则指定的提议—观察—同意—执行—反馈—调整—恢复路径路由。,近位、远位只修正某项节奏需求进入亲密关系核心的可能；不得据此判断具体对象现实中一定快、慢、黏、疏或稳定。,根气只修正节奏需求是否稳定重复，不等于双方现实节奏已成熟协调。,旺弱只修正某项推进、联系、共享、变化或恢复通道的调用强度，不直接等于适配质量。,喜忌只修正节奏调用顺畅度与摩擦，不可直接翻译为某种五行、十神或对象类型必然适合。,真合化成立时按化神功能重算节奏需要；合化争议时停止细化节奏画像。,近位提高该节奏议题进入关系核心的可能；远位只保留背景或阶段性观察。,82,HM候选 +34,rhythm_mode,只有命盘或一方愿望不得发布。,只有命盘或一方愿望不得发布。,不得仅凭本规则推出具体日期、交往时长、多久结婚、联系次数、见面频率或关系结果；不得把快等同冲动、慢等同冷淡、高频等同亲密、低频等同不爱。现实安全、双方同意、持续行为、生活条件、反例与协商优先。,中高,待验证,,scoring_reporting=true; provisional=true; rule_group=RHYTHM-评分报告; M3_STATE_pending=true,0.7
M5-RHYTHM-555,关系气候阶段门槛,L12 评分、报告与校准,RHYTHM-评分报告,通用,评分,关系气候阶段门槛,,PH阶段有现实阶段、负荷和行为资料支持。,PR0安全门控未通过时停止普通评分。,由共享基础引擎、M2-TEMPO与M3功能模块提供；只修正用户能够承载怎样的推进、联系、共同时间、负荷与恢复节奏，不直接判断现实关系一定同步。,M2说明进入关系前的确认节奏；M5-RHYTHM只处理关系进入认真阶段以后，双方怎样持续协调推进与生活节奏。,M3-BASE、EXPR、CARE、BOUND、CONFLICT提供日常相处和状态通道；M5-RHYTHM负责把双方时间、负荷、联系、空间与恢复合成为长期节奏结构。,无／按本规则指定的提议—观察—同意—执行—反馈—调整—恢复路径路由。,近位、远位只修正某项节奏需求进入亲密关系核心的可能；不得据此判断具体对象现实中一定快、慢、黏、疏或稳定。,根气只修正节奏需求是否稳定重复，不等于双方现实节奏已成熟协调。,旺弱只修正某项推进、联系、共享、变化或恢复通道的调用强度，不直接等于适配质量。,喜忌只修正节奏调用顺畅度与摩擦，不可直接翻译为某种五行、十神或对象类型必然适合。,真合化成立时按化神功能重算节奏需要；合化争议时停止细化节奏画像。,近位提高该节奏议题进入关系核心的可能；远位只保留背景或阶段性观察。,82,PH候选 +12,relationship_phase,只可描述当前阶段，不得推广永久模式。,只可描述当前阶段，不得推广永久模式。,不得仅凭本规则推出具体日期、交往时长、多久结婚、联系次数、见面频率或关系结果；不得把快等同冲动、慢等同冷淡、高频等同亲密、低频等同不爱。现实安全、双方同意、持续行为、生活条件、反例与协商优先。,中高,待验证,,scoring_reporting=true; provisional=true; rule_group=RHYTHM-评分报告; M3_STATE_pending=true,0.7
M5-RHYTHM-556,HS01一致可持续门槛,L12 评分、报告与校准,RHYTHM-评分报告,通用,评分,HS01一致可持续门槛,,HV4以上，HO01、HO02、HO03、HO05、HO10至少四项可靠。,PR0安全门控未通过时停止普通评分。,由共享基础引擎、M2-TEMPO与M3功能模块提供；只修正用户能够承载怎样的推进、联系、共同时间、负荷与恢复节奏，不直接判断现实关系一定同步。,M2说明进入关系前的确认节奏；M5-RHYTHM只处理关系进入认真阶段以后，双方怎样持续协调推进与生活节奏。,M3-BASE、EXPR、CARE、BOUND、CONFLICT提供日常相处和状态通道；M5-RHYTHM负责把双方时间、负荷、联系、空间与恢复合成为长期节奏结构。,无／按本规则指定的提议—观察—同意—执行—反馈—调整—恢复路径路由。,近位、远位只修正某项节奏需求进入亲密关系核心的可能；不得据此判断具体对象现实中一定快、慢、黏、疏或稳定。,根气只修正节奏需求是否稳定重复，不等于双方现实节奏已成熟协调。,旺弱只修正某项推进、联系、共享、变化或恢复通道的调用强度，不直接等于适配质量。,喜忌只修正节奏调用顺畅度与摩擦，不可直接翻译为某种五行、十神或对象类型必然适合。,真合化成立时按化神功能重算节奏需要；合化争议时停止细化节奏画像。,近位提高该节奏议题进入关系核心的可能；远位只保留背景或阶段性观察。,82,HS01 +42,rhythm_state,可发布成熟节奏候选。,可发布成熟节奏候选。,不得仅凭本规则推出具体日期、交往时长、多久结婚、联系次数、见面频率或关系结果；不得把快等同冲动、慢等同冷淡、高频等同亲密、低频等同不爱。现实安全、双方同意、持续行为、生活条件、反例与协商优先。,中高,待验证,,scoring_reporting=true; provisional=true; rule_group=RHYTHM-评分报告; M3_STATE_pending=true,0.7
M5-RHYTHM-557,HS02差异可协商门槛,L12 评分、报告与校准,RHYTHM-评分报告,通用,评分,HS02差异可协商门槛,,HV4以上，HO02、HO03、HO04、HO10可靠，差异有明确协议。,PR0安全门控未通过时停止普通评分。,由共享基础引擎、M2-TEMPO与M3功能模块提供；只修正用户能够承载怎样的推进、联系、共同时间、负荷与恢复节奏，不直接判断现实关系一定同步。,M2说明进入关系前的确认节奏；M5-RHYTHM只处理关系进入认真阶段以后，双方怎样持续协调推进与生活节奏。,M3-BASE、EXPR、CARE、BOUND、CONFLICT提供日常相处和状态通道；M5-RHYTHM负责把双方时间、负荷、联系、空间与恢复合成为长期节奏结构。,无／按本规则指定的提议—观察—同意—执行—反馈—调整—恢复路径路由。,近位、远位只修正某项节奏需求进入亲密关系核心的可能；不得据此判断具体对象现实中一定快、慢、黏、疏或稳定。,根气只修正节奏需求是否稳定重复，不等于双方现实节奏已成熟协调。,旺弱只修正某项推进、联系、共享、变化或恢复通道的调用强度，不直接等于适配质量。,喜忌只修正节奏调用顺畅度与摩擦，不可直接翻译为某种五行、十神或对象类型必然适合。,真合化成立时按化神功能重算节奏需要；合化争议时停止细化节奏画像。,近位提高该节奏议题进入关系核心的可能；远位只保留背景或阶段性观察。,82,HS02 +36,rhythm_state,不同频率不等于不适配。,不同频率不等于不适配。,不得仅凭本规则推出具体日期、交往时长、多久结婚、联系次数、见面频率或关系结果；不得把快等同冲动、慢等同冷淡、高频等同亲密、低频等同不爱。现实安全、双方同意、持续行为、生活条件、反例与协商优先。,中高,待验证,,scoring_reporting=true; provisional=true; rule_group=RHYTHM-评分报告; M3_STATE_pending=true,0.7
M5-RHYTHM-558,HS03外快内慢门槛,L12 评分、报告与校准,RHYTHM-评分报告,通用,评分,HS03外快内慢门槛,,HV3以上，外部进展与内部准备有独立证据，分段确认机制存在或缺失。,PR0安全门控未通过时停止普通评分。,由共享基础引擎、M2-TEMPO与M3功能模块提供；只修正用户能够承载怎样的推进、联系、共同时间、负荷与恢复节奏，不直接判断现实关系一定同步。,M2说明进入关系前的确认节奏；M5-RHYTHM只处理关系进入认真阶段以后，双方怎样持续协调推进与生活节奏。,M3-BASE、EXPR、CARE、BOUND、CONFLICT提供日常相处和状态通道；M5-RHYTHM负责把双方时间、负荷、联系、空间与恢复合成为长期节奏结构。,无／按本规则指定的提议—观察—同意—执行—反馈—调整—恢复路径路由。,近位、远位只修正某项节奏需求进入亲密关系核心的可能；不得据此判断具体对象现实中一定快、慢、黏、疏或稳定。,根气只修正节奏需求是否稳定重复，不等于双方现实节奏已成熟协调。,旺弱只修正某项推进、联系、共享、变化或恢复通道的调用强度，不直接等于适配质量。,喜忌只修正节奏调用顺畅度与摩擦，不可直接翻译为某种五行、十神或对象类型必然适合。,真合化成立时按化神功能重算节奏需要；合化争议时停止细化节奏画像。,近位提高该节奏议题进入关系核心的可能；远位只保留背景或阶段性观察。,82,HS03 +32,rhythm_state,不把外部进展写成内部同意。,不把外部进展写成内部同意。,不得仅凭本规则推出具体日期、交往时长、多久结婚、联系次数、见面频率或关系结果；不得把快等同冲动、慢等同冷淡、高频等同亲密、低频等同不爱。现实安全、双方同意、持续行为、生活条件、反例与协商优先。,中高,待验证,,scoring_reporting=true; provisional=true; rule_group=RHYTHM-评分报告; M3_STATE_pending=true,0.7
M5-RHYTHM-559,HS04内快外慢门槛,L12 评分、报告与校准,RHYTHM-评分报告,通用,评分,HS04内快外慢门槛,,HV3以上，内部意愿明确，HD05—HD08现实承载不足。,PR0安全门控未通过时停止普通评分。,由共享基础引擎、M2-TEMPO与M3功能模块提供；只修正用户能够承载怎样的推进、联系、共同时间、负荷与恢复节奏，不直接判断现实关系一定同步。,M2说明进入关系前的确认节奏；M5-RHYTHM只处理关系进入认真阶段以后，双方怎样持续协调推进与生活节奏。,M3-BASE、EXPR、CARE、BOUND、CONFLICT提供日常相处和状态通道；M5-RHYTHM负责把双方时间、负荷、联系、空间与恢复合成为长期节奏结构。,无／按本规则指定的提议—观察—同意—执行—反馈—调整—恢复路径路由。,近位、远位只修正某项节奏需求进入亲密关系核心的可能；不得据此判断具体对象现实中一定快、慢、黏、疏或稳定。,根气只修正节奏需求是否稳定重复，不等于双方现实节奏已成熟协调。,旺弱只修正某项推进、联系、共享、变化或恢复通道的调用强度，不直接等于适配质量。,喜忌只修正节奏调用顺畅度与摩擦，不可直接翻译为某种五行、十神或对象类型必然适合。,真合化成立时按化神功能重算节奏需要；合化争议时停止细化节奏画像。,近位提高该节奏议题进入关系核心的可能；远位只保留背景或阶段性观察。,82,HS04 +32,rhythm_state,保留意愿与现实阶段计划。,保留意愿与现实阶段计划。,不得仅凭本规则推出具体日期、交往时长、多久结婚、联系次数、见面频率或关系结果；不得把快等同冲动、慢等同冷淡、高频等同亲密、低频等同不爱。现实安全、双方同意、持续行为、生活条件、反例与协商优先。,中高,待验证,,scoring_reporting=true; provisional=true; rule_group=RHYTHM-评分报告; M3_STATE_pending=true,0.7
M5-RHYTHM-560,HS05高频不可预测门槛,L12 评分、报告与校准,RHYTHM-评分报告,通用,评分,HS05高频不可预测门槛,,HV3以上，联系频繁但HO02／HO04持续不足。,PR0安全门控未通过时停止普通评分。,由共享基础引擎、M2-TEMPO与M3功能模块提供；只修正用户能够承载怎样的推进、联系、共同时间、负荷与恢复节奏，不直接判断现实关系一定同步。,M2说明进入关系前的确认节奏；M5-RHYTHM只处理关系进入认真阶段以后，双方怎样持续协调推进与生活节奏。,M3-BASE、EXPR、CARE、BOUND、CONFLICT提供日常相处和状态通道；M5-RHYTHM负责把双方时间、负荷、联系、空间与恢复合成为长期节奏结构。,无／按本规则指定的提议—观察—同意—执行—反馈—调整—恢复路径路由。,近位、远位只修正某项节奏需求进入亲密关系核心的可能；不得据此判断具体对象现实中一定快、慢、黏、疏或稳定。,根气只修正节奏需求是否稳定重复，不等于双方现实节奏已成熟协调。,旺弱只修正某项推进、联系、共享、变化或恢复通道的调用强度，不直接等于适配质量。,喜忌只修正节奏调用顺畅度与摩擦，不可直接翻译为某种五行、十神或对象类型必然适合。,真合化成立时按化神功能重算节奏需要；合化争议时停止细化节奏画像。,近位提高该节奏议题进入关系核心的可能；远位只保留背景或阶段性观察。,82,HS05 +34,rhythm_state,不把高频写成高适配。,不把高频写成高适配。,不得仅凭本规则推出具体日期、交往时长、多久结婚、联系次数、见面频率或关系结果；不得把快等同冲动、慢等同冷淡、高频等同亲密、低频等同不爱。现实安全、双方同意、持续行为、生活条件、反例与协商优先。,中高,待验证,,scoring_reporting=true; provisional=true; rule_group=RHYTHM-评分报告; M3_STATE_pending=true,0.7
M5-RHYTHM-561,HS06低频承诺稳定门槛,L12 评分、报告与校准,RHYTHM-评分报告,通用,评分,HS06低频承诺稳定门槛,,HV4以上，HO02、HO04、HO09可靠且共同计划清楚。,PR0安全门控未通过时停止普通评分。,由共享基础引擎、M2-TEMPO与M3功能模块提供；只修正用户能够承载怎样的推进、联系、共同时间、负荷与恢复节奏，不直接判断现实关系一定同步。,M2说明进入关系前的确认节奏；M5-RHYTHM只处理关系进入认真阶段以后，双方怎样持续协调推进与生活节奏。,M3-BASE、EXPR、CARE、BOUND、CONFLICT提供日常相处和状态通道；M5-RHYTHM负责把双方时间、负荷、联系、空间与恢复合成为长期节奏结构。,无／按本规则指定的提议—观察—同意—执行—反馈—调整—恢复路径路由。,近位、远位只修正某项节奏需求进入亲密关系核心的可能；不得据此判断具体对象现实中一定快、慢、黏、疏或稳定。,根气只修正节奏需求是否稳定重复，不等于双方现实节奏已成熟协调。,旺弱只修正某项推进、联系、共享、变化或恢复通道的调用强度，不直接等于适配质量。,喜忌只修正节奏调用顺畅度与摩擦，不可直接翻译为某种五行、十神或对象类型必然适合。,真合化成立时按化神功能重算节奏需要；合化争议时停止细化节奏画像。,近位提高该节奏议题进入关系核心的可能；远位只保留背景或阶段性观察。,82,HS06 +34,rhythm_state,不把低频写成冷淡。,不把低频写成冷淡。,不得仅凭本规则推出具体日期、交往时长、多久结婚、联系次数、见面频率或关系结果；不得把快等同冲动、慢等同冷淡、高频等同亲密、低频等同不爱。现实安全、双方同意、持续行为、生活条件、反例与协商优先。,中高,待验证,,scoring_reporting=true; provisional=true; rule_group=RHYTHM-评分报告; M3_STATE_pending=true,0.7
M5-RHYTHM-562,HS07长期错配门槛,L12 评分、报告与校准,RHYTHM-评分报告,通用,评分,HS07长期错配门槛,,HV4以上，至少两个HO维度持续失配，协商后仍无可执行结构。,PR0安全门控未通过时停止普通评分。,由共享基础引擎、M2-TEMPO与M3功能模块提供；只修正用户能够承载怎样的推进、联系、共同时间、负荷与恢复节奏，不直接判断现实关系一定同步。,M2说明进入关系前的确认节奏；M5-RHYTHM只处理关系进入认真阶段以后，双方怎样持续协调推进与生活节奏。,M3-BASE、EXPR、CARE、BOUND、CONFLICT提供日常相处和状态通道；M5-RHYTHM负责把双方时间、负荷、联系、空间与恢复合成为长期节奏结构。,无／按本规则指定的提议—观察—同意—执行—反馈—调整—恢复路径路由。,近位、远位只修正某项节奏需求进入亲密关系核心的可能；不得据此判断具体对象现实中一定快、慢、黏、疏或稳定。,根气只修正节奏需求是否稳定重复，不等于双方现实节奏已成熟协调。,旺弱只修正某项推进、联系、共享、变化或恢复通道的调用强度，不直接等于适配质量。,喜忌只修正节奏调用顺畅度与摩擦，不可直接翻译为某种五行、十神或对象类型必然适合。,真合化成立时按化神功能重算节奏需要；合化争议时停止细化节奏画像。,近位提高该节奏议题进入关系核心的可能；远位只保留背景或阶段性观察。,82,HS07 +42,rhythm_state,评估调整、降级或停止，不要求单方长期迁就。,评估调整、降级或停止，不要求单方长期迁就。,不得仅凭本规则推出具体日期、交往时长、多久结婚、联系次数、见面频率或关系结果；不得把快等同冲动、慢等同冷淡、高频等同亲密、低频等同不爱。现实安全、双方同意、持续行为、生活条件、反例与协商优先。,中高,待验证,,scoring_reporting=true; provisional=true; rule_group=RHYTHM-评分报告; M3_STATE_pending=true,0.7
M5-RHYTHM-563,HS08未定安全停止,L12 评分、报告与校准,RHYTHM-评分报告,通用,停止,HS08未定安全停止,,HV0—HV1、资料矛盾、合化争议或PR0安全门控。,无,由共享基础引擎、M2-TEMPO与M3功能模块提供；只修正用户能够承载怎样的推进、联系、共同时间、负荷与恢复节奏，不直接判断现实关系一定同步。,M2说明进入关系前的确认节奏；M5-RHYTHM只处理关系进入认真阶段以后，双方怎样持续协调推进与生活节奏。,M3-BASE、EXPR、CARE、BOUND、CONFLICT提供日常相处和状态通道；M5-RHYTHM负责把双方时间、负荷、联系、空间与恢复合成为长期节奏结构。,无／按本规则指定的提议—观察—同意—执行—反馈—调整—恢复路径路由。,近位、远位只修正某项节奏需求进入亲密关系核心的可能；不得据此判断具体对象现实中一定快、慢、黏、疏或稳定。,根气只修正节奏需求是否稳定重复，不等于双方现实节奏已成熟协调。,旺弱只修正某项推进、联系、共享、变化或恢复通道的调用强度，不直接等于适配质量。,喜忌只修正节奏调用顺畅度与摩擦，不可直接翻译为某种五行、十神或对象类型必然适合。,真合化成立时按化神功能重算节奏需要；合化争议时停止细化节奏画像。,近位提高该节奏议题进入关系核心的可能；远位只保留背景或阶段性观察。,98,停止／回退,report_status,只输出资料需求、安全支持或有限观察。,只输出资料需求、安全支持或有限观察。,不得仅凭本规则推出具体日期、交往时长、多久结婚、联系次数、见面频率或关系结果；不得把快等同冲动、慢等同冷淡、高频等同亲密、低频等同不爱。现实安全、双方同意、持续行为、生活条件、反例与协商优先。,高,待验证,,scoring_reporting=true; provisional=true; rule_group=RHYTHM-评分报告; M3_STATE_pending=true,0.7
M5-RHYTHM-564,HV0—HV1发布上限,L12 评分、报告与校准,RHYTHM-评分报告,通用,边界,HV0—HV1发布上限,,只有理想频率、自述或关系计划。,PR0安全门控未通过时停止普通评分。,由共享基础引擎、M2-TEMPO与M3功能模块提供；只修正用户能够承载怎样的推进、联系、共同时间、负荷与恢复节奏，不直接判断现实关系一定同步。,M2说明进入关系前的确认节奏；M5-RHYTHM只处理关系进入认真阶段以后，双方怎样持续协调推进与生活节奏。,M3-BASE、EXPR、CARE、BOUND、CONFLICT提供日常相处和状态通道；M5-RHYTHM负责把双方时间、负荷、联系、空间与恢复合成为长期节奏结构。,无／按本规则指定的提议—观察—同意—执行—反馈—调整—恢复路径路由。,近位、远位只修正某项节奏需求进入亲密关系核心的可能；不得据此判断具体对象现实中一定快、慢、黏、疏或稳定。,根气只修正节奏需求是否稳定重复，不等于双方现实节奏已成熟协调。,旺弱只修正某项推进、联系、共享、变化或恢复通道的调用强度，不直接等于适配质量。,喜忌只修正节奏调用顺畅度与摩擦，不可直接翻译为某种五行、十神或对象类型必然适合。,真合化成立时按化神功能重算节奏需要；合化争议时停止细化节奏画像。,近位提高该节奏议题进入关系核心的可能；远位只保留背景或阶段性观察。,98,不加分,rhythm_evidence_level,不得判断节奏一致、错配、成熟或可持续。,不得判断节奏一致、错配、成熟或可持续。,不得仅凭本规则推出具体日期、交往时长、多久结婚、联系次数、见面频率或关系结果；不得把快等同冲动、慢等同冷淡、高频等同亲密、低频等同不爱。现实安全、双方同意、持续行为、生活条件、反例与协商优先。,高,待验证,,scoring_reporting=true; provisional=true; rule_group=RHYTHM-评分报告; M3_STATE_pending=true,0.7
M5-RHYTHM-565,HV2单次事件上限,L12 评分、报告与校准,RHYTHM-评分报告,通用,边界,HV2单次事件上限,,只有一次推进、降频、异地、压力或恢复事件。,PR0安全门控未通过时停止普通评分。,由共享基础引擎、M2-TEMPO与M3功能模块提供；只修正用户能够承载怎样的推进、联系、共同时间、负荷与恢复节奏，不直接判断现实关系一定同步。,M2说明进入关系前的确认节奏；M5-RHYTHM只处理关系进入认真阶段以后，双方怎样持续协调推进与生活节奏。,M3-BASE、EXPR、CARE、BOUND、CONFLICT提供日常相处和状态通道；M5-RHYTHM负责把双方时间、负荷、联系、空间与恢复合成为长期节奏结构。,无／按本规则指定的提议—观察—同意—执行—反馈—调整—恢复路径路由。,近位、远位只修正某项节奏需求进入亲密关系核心的可能；不得据此判断具体对象现实中一定快、慢、黏、疏或稳定。,根气只修正节奏需求是否稳定重复，不等于双方现实节奏已成熟协调。,旺弱只修正某项推进、联系、共享、变化或恢复通道的调用强度，不直接等于适配质量。,喜忌只修正节奏调用顺畅度与摩擦，不可直接翻译为某种五行、十神或对象类型必然适合。,真合化成立时按化神功能重算节奏需要；合化争议时停止细化节奏画像。,近位提高该节奏议题进入关系核心的可能；远位只保留背景或阶段性观察。,98,不加分,rhythm_evidence_level,只能描述这一次怎样调整。,只能描述这一次怎样调整。,不得仅凭本规则推出具体日期、交往时长、多久结婚、联系次数、见面频率或关系结果；不得把快等同冲动、慢等同冷淡、高频等同亲密、低频等同不爱。现实安全、双方同意、持续行为、生活条件、反例与协商优先。,高,待验证,,scoring_reporting=true; provisional=true; rule_group=RHYTHM-评分报告; M3_STATE_pending=true,0.7
M5-RHYTHM-566,HV3同领域重复加权,L12 评分、报告与校准,RHYTHM-评分报告,通用,评分,HV3同领域重复加权,,同一HD领域多次出现相似节奏结构。,PR0安全门控未通过时停止普通评分。,由共享基础引擎、M2-TEMPO与M3功能模块提供；只修正用户能够承载怎样的推进、联系、共同时间、负荷与恢复节奏，不直接判断现实关系一定同步。,M2说明进入关系前的确认节奏；M5-RHYTHM只处理关系进入认真阶段以后，双方怎样持续协调推进与生活节奏。,M3-BASE、EXPR、CARE、BOUND、CONFLICT提供日常相处和状态通道；M5-RHYTHM负责把双方时间、负荷、联系、空间与恢复合成为长期节奏结构。,无／按本规则指定的提议—观察—同意—执行—反馈—调整—恢复路径路由。,近位、远位只修正某项节奏需求进入亲密关系核心的可能；不得据此判断具体对象现实中一定快、慢、黏、疏或稳定。,根气只修正节奏需求是否稳定重复，不等于双方现实节奏已成熟协调。,旺弱只修正某项推进、联系、共享、变化或恢复通道的调用强度，不直接等于适配质量。,喜忌只修正节奏调用顺畅度与摩擦，不可直接翻译为某种五行、十神或对象类型必然适合。,真合化成立时按化神功能重算节奏需要；合化争议时停止细化节奏画像。,近位提高该节奏议题进入关系核心的可能；远位只保留背景或阶段性观察。,82,+8,rhythm_evidence_level,只能建立该领域候选。,只能建立该领域候选。,不得仅凭本规则推出具体日期、交往时长、多久结婚、联系次数、见面频率或关系结果；不得把快等同冲动、慢等同冷淡、高频等同亲密、低频等同不爱。现实安全、双方同意、持续行为、生活条件、反例与协商优先。,中高,待验证,,scoring_reporting=true; provisional=true; rule_group=RHYTHM-评分报告; M3_STATE_pending=true,0.7
M5-RHYTHM-567,HV4跨领域一致加权,L12 评分、报告与校准,RHYTHM-评分报告,通用,评分,HV4跨领域一致加权,,至少两个HD领域保持相似协调方式。,PR0安全门控未通过时停止普通评分。,由共享基础引擎、M2-TEMPO与M3功能模块提供；只修正用户能够承载怎样的推进、联系、共同时间、负荷与恢复节奏，不直接判断现实关系一定同步。,M2说明进入关系前的确认节奏；M5-RHYTHM只处理关系进入认真阶段以后，双方怎样持续协调推进与生活节奏。,M3-BASE、EXPR、CARE、BOUND、CONFLICT提供日常相处和状态通道；M5-RHYTHM负责把双方时间、负荷、联系、空间与恢复合成为长期节奏结构。,无／按本规则指定的提议—观察—同意—执行—反馈—调整—恢复路径路由。,近位、远位只修正某项节奏需求进入亲密关系核心的可能；不得据此判断具体对象现实中一定快、慢、黏、疏或稳定。,根气只修正节奏需求是否稳定重复，不等于双方现实节奏已成熟协调。,旺弱只修正某项推进、联系、共享、变化或恢复通道的调用强度，不直接等于适配质量。,喜忌只修正节奏调用顺畅度与摩擦，不可直接翻译为某种五行、十神或对象类型必然适合。,真合化成立时按化神功能重算节奏需要；合化争议时停止细化节奏画像。,近位提高该节奏议题进入关系核心的可能；远位只保留背景或阶段性观察。,82,+12,rhythm_evidence_level,提高HS可靠度。,提高HS可靠度。,不得仅凭本规则推出具体日期、交往时长、多久结婚、联系次数、见面频率或关系结果；不得把快等同冲动、慢等同冷淡、高频等同亲密、低频等同不爱。现实安全、双方同意、持续行为、生活条件、反例与协商优先。,中高,待验证,,scoring_reporting=true; provisional=true; rule_group=RHYTHM-评分报告; M3_STATE_pending=true,0.7
M5-RHYTHM-568,HV5压力现实加权,L12 评分、报告与校准,RHYTHM-评分报告,通用,评分,HV5压力现实加权,,工作、金钱、疾病、家庭、异地或冲突压力下仍能调整节奏。,PR0安全门控未通过时停止普通评分。,由共享基础引擎、M2-TEMPO与M3功能模块提供；只修正用户能够承载怎样的推进、联系、共同时间、负荷与恢复节奏，不直接判断现实关系一定同步。,M2说明进入关系前的确认节奏；M5-RHYTHM只处理关系进入认真阶段以后，双方怎样持续协调推进与生活节奏。,M3-BASE、EXPR、CARE、BOUND、CONFLICT提供日常相处和状态通道；M5-RHYTHM负责把双方时间、负荷、联系、空间与恢复合成为长期节奏结构。,无／按本规则指定的提议—观察—同意—执行—反馈—调整—恢复路径路由。,近位、远位只修正某项节奏需求进入亲密关系核心的可能；不得据此判断具体对象现实中一定快、慢、黏、疏或稳定。,根气只修正节奏需求是否稳定重复，不等于双方现实节奏已成熟协调。,旺弱只修正某项推进、联系、共享、变化或恢复通道的调用强度，不直接等于适配质量。,喜忌只修正节奏调用顺畅度与摩擦，不可直接翻译为某种五行、十神或对象类型必然适合。,真合化成立时按化神功能重算节奏需要；合化争议时停止细化节奏画像。,近位提高该节奏议题进入关系核心的可能；远位只保留背景或阶段性观察。,82,+16,stress_rhythm_profile,提高压力期候选。,提高压力期候选。,不得仅凭本规则推出具体日期、交往时长、多久结婚、联系次数、见面频率或关系结果；不得把快等同冲动、慢等同冷淡、高频等同亲密、低频等同不爱。现实安全、双方同意、持续行为、生活条件、反例与协商优先。,中高,待验证,,scoring_reporting=true; provisional=true; rule_group=RHYTHM-评分报告; M3_STATE_pending=true,0.7
M5-RHYTHM-569,HV6恢复重订加权,L12 评分、报告与校准,RHYTHM-评分报告,通用,评分,HV6恢复重订加权,,压力或冲突后分阶段恢复、复盘并形成新节奏。,PR0安全门控未通过时停止普通评分。,由共享基础引擎、M2-TEMPO与M3功能模块提供；只修正用户能够承载怎样的推进、联系、共同时间、负荷与恢复节奏，不直接判断现实关系一定同步。,M2说明进入关系前的确认节奏；M5-RHYTHM只处理关系进入认真阶段以后，双方怎样持续协调推进与生活节奏。,M3-BASE、EXPR、CARE、BOUND、CONFLICT提供日常相处和状态通道；M5-RHYTHM负责把双方时间、负荷、联系、空间与恢复合成为长期节奏结构。,无／按本规则指定的提议—观察—同意—执行—反馈—调整—恢复路径路由。,近位、远位只修正某项节奏需求进入亲密关系核心的可能；不得据此判断具体对象现实中一定快、慢、黏、疏或稳定。,根气只修正节奏需求是否稳定重复，不等于双方现实节奏已成熟协调。,旺弱只修正某项推进、联系、共享、变化或恢复通道的调用强度，不直接等于适配质量。,喜忌只修正节奏调用顺畅度与摩擦，不可直接翻译为某种五行、十神或对象类型必然适合。,真合化成立时按化神功能重算节奏需要；合化争议时停止细化节奏画像。,近位提高该节奏议题进入关系核心的可能；远位只保留背景或阶段性观察。,82,+18,recovery_rhythm,提高恢复适配候选。,提高恢复适配候选。,不得仅凭本规则推出具体日期、交往时长、多久结婚、联系次数、见面频率或关系结果；不得把快等同冲动、慢等同冷淡、高频等同亲密、低频等同不爱。现实安全、双方同意、持续行为、生活条件、反例与协商优先。,中高,待验证,,scoring_reporting=true; provisional=true; rule_group=RHYTHM-评分报告; M3_STATE_pending=true,0.7
M5-RHYTHM-570,HV7跨阶段反例加权,L12 评分、报告与校准,RHYTHM-评分报告,通用,评分,HV7跨阶段反例加权,,经历加速、降频、异地、负荷或规则不利时仍能协商调整。,PR0安全门控未通过时停止普通评分。,由共享基础引擎、M2-TEMPO与M3功能模块提供；只修正用户能够承载怎样的推进、联系、共同时间、负荷与恢复节奏，不直接判断现实关系一定同步。,M2说明进入关系前的确认节奏；M5-RHYTHM只处理关系进入认真阶段以后，双方怎样持续协调推进与生活节奏。,M3-BASE、EXPR、CARE、BOUND、CONFLICT提供日常相处和状态通道；M5-RHYTHM负责把双方时间、负荷、联系、空间与恢复合成为长期节奏结构。,无／按本规则指定的提议—观察—同意—执行—反馈—调整—恢复路径路由。,近位、远位只修正某项节奏需求进入亲密关系核心的可能；不得据此判断具体对象现实中一定快、慢、黏、疏或稳定。,根气只修正节奏需求是否稳定重复，不等于双方现实节奏已成熟协调。,旺弱只修正某项推进、联系、共享、变化或恢复通道的调用强度，不直接等于适配质量。,喜忌只修正节奏调用顺畅度与摩擦，不可直接翻译为某种五行、十神或对象类型必然适合。,真合化成立时按化神功能重算节奏需要；合化争议时停止细化节奏画像。,近位提高该节奏议题进入关系核心的可能；远位只保留背景或阶段性观察。,82,+20,rhythm_evidence_level,可进入SYNTH高现实证据候选。,可进入SYNTH高现实证据候选。,不得仅凭本规则推出具体日期、交往时长、多久结婚、联系次数、见面频率或关系结果；不得把快等同冲动、慢等同冷淡、高频等同亲密、低频等同不爱。现实安全、双方同意、持续行为、生活条件、反例与协商优先。,中高,待验证,,scoring_reporting=true; provisional=true; rule_group=RHYTHM-评分报告; M3_STATE_pending=true,0.7
M5-RHYTHM-571,HO01推进同意加权,L12 评分、报告与校准,RHYTHM-评分报告,通用,评分,HO01推进同意加权,,阶段推进由双方清楚同意，任何一方可放慢或拒绝。,PR0安全门控未通过时停止普通评分。,由共享基础引擎、M2-TEMPO与M3功能模块提供；只修正用户能够承载怎样的推进、联系、共同时间、负荷与恢复节奏，不直接判断现实关系一定同步。,M2说明进入关系前的确认节奏；M5-RHYTHM只处理关系进入认真阶段以后，双方怎样持续协调推进与生活节奏。,M3-BASE、EXPR、CARE、BOUND、CONFLICT提供日常相处和状态通道；M5-RHYTHM负责把双方时间、负荷、联系、空间与恢复合成为长期节奏结构。,无／按本规则指定的提议—观察—同意—执行—反馈—调整—恢复路径路由。,近位、远位只修正某项节奏需求进入亲密关系核心的可能；不得据此判断具体对象现实中一定快、慢、黏、疏或稳定。,根气只修正节奏需求是否稳定重复，不等于双方现实节奏已成熟协调。,旺弱只修正某项推进、联系、共享、变化或恢复通道的调用强度，不直接等于适配质量。,喜忌只修正节奏调用顺畅度与摩擦，不可直接翻译为某种五行、十神或对象类型必然适合。,真合化成立时按化神功能重算节奏需要；合化争议时停止细化节奏画像。,近位提高该节奏议题进入关系核心的可能；远位只保留背景或阶段性观察。,82,+16,rhythm_consent,推进节奏核心。,推进节奏核心。,不得仅凭本规则推出具体日期、交往时长、多久结婚、联系次数、见面频率或关系结果；不得把快等同冲动、慢等同冷淡、高频等同亲密、低频等同不爱。现实安全、双方同意、持续行为、生活条件、反例与协商优先。,中高,待验证,,scoring_reporting=true; provisional=true; rule_group=RHYTHM-评分报告; M3_STATE_pending=true,0.7
M5-RHYTHM-572,HO02可预测联系加权,L12 评分、报告与校准,RHYTHM-评分报告,通用,评分,HO02可预测联系加权,,基线、例外、最低回应和变化通知清楚。,PR0安全门控未通过时停止普通评分。,由共享基础引擎、M2-TEMPO与M3功能模块提供；只修正用户能够承载怎样的推进、联系、共同时间、负荷与恢复节奏，不直接判断现实关系一定同步。,M2说明进入关系前的确认节奏；M5-RHYTHM只处理关系进入认真阶段以后，双方怎样持续协调推进与生活节奏。,M3-BASE、EXPR、CARE、BOUND、CONFLICT提供日常相处和状态通道；M5-RHYTHM负责把双方时间、负荷、联系、空间与恢复合成为长期节奏结构。,无／按本规则指定的提议—观察—同意—执行—反馈—调整—恢复路径路由。,近位、远位只修正某项节奏需求进入亲密关系核心的可能；不得据此判断具体对象现实中一定快、慢、黏、疏或稳定。,根气只修正节奏需求是否稳定重复，不等于双方现实节奏已成熟协调。,旺弱只修正某项推进、联系、共享、变化或恢复通道的调用强度，不直接等于适配质量。,喜忌只修正节奏调用顺畅度与摩擦，不可直接翻译为某种五行、十神或对象类型必然适合。,真合化成立时按化神功能重算节奏需要；合化争议时停止细化节奏画像。,近位提高该节奏议题进入关系核心的可能；远位只保留背景或阶段性观察。,82,+12,contact_rhythm,可预测优先于绝对频率。,可预测优先于绝对频率。,不得仅凭本规则推出具体日期、交往时长、多久结婚、联系次数、见面频率或关系结果；不得把快等同冲动、慢等同冷淡、高频等同亲密、低频等同不爱。现实安全、双方同意、持续行为、生活条件、反例与协商优先。,中高,待验证,,scoring_reporting=true; provisional=true; rule_group=RHYTHM-评分报告; M3_STATE_pending=true,0.7
M5-RHYTHM-573,HO03共同个人时间加权,L12 评分、报告与校准,RHYTHM-评分报告,通用,评分,HO03共同个人时间加权,,共同时间与个人恢复均可表达、可调整。,PR0安全门控未通过时停止普通评分。,由共享基础引擎、M2-TEMPO与M3功能模块提供；只修正用户能够承载怎样的推进、联系、共同时间、负荷与恢复节奏，不直接判断现实关系一定同步。,M2说明进入关系前的确认节奏；M5-RHYTHM只处理关系进入认真阶段以后，双方怎样持续协调推进与生活节奏。,M3-BASE、EXPR、CARE、BOUND、CONFLICT提供日常相处和状态通道；M5-RHYTHM负责把双方时间、负荷、联系、空间与恢复合成为长期节奏结构。,无／按本规则指定的提议—观察—同意—执行—反馈—调整—恢复路径路由。,近位、远位只修正某项节奏需求进入亲密关系核心的可能；不得据此判断具体对象现实中一定快、慢、黏、疏或稳定。,根气只修正节奏需求是否稳定重复，不等于双方现实节奏已成熟协调。,旺弱只修正某项推进、联系、共享、变化或恢复通道的调用强度，不直接等于适配质量。,喜忌只修正节奏调用顺畅度与摩擦，不可直接翻译为某种五行、十神或对象类型必然适合。,真合化成立时按化神功能重算节奏需要；合化争议时停止细化节奏画像。,近位提高该节奏议题进入关系核心的可能；远位只保留背景或阶段性观察。,82,+10,shared_personal_time,亲密与自主平衡。,亲密与自主平衡。,不得仅凭本规则推出具体日期、交往时长、多久结婚、联系次数、见面频率或关系结果；不得把快等同冲动、慢等同冷淡、高频等同亲密、低频等同不爱。现实安全、双方同意、持续行为、生活条件、反例与协商优先。,中高,待验证,,scoring_reporting=true; provisional=true; rule_group=RHYTHM-评分报告; M3_STATE_pending=true,0.7
M5-RHYTHM-574,HO04变化透明加权,L12 评分、报告与校准,RHYTHM-评分报告,通用,评分,HO04变化透明加权,,变化及时说明影响并提供替代与确认点。,PR0安全门控未通过时停止普通评分。,由共享基础引擎、M2-TEMPO与M3功能模块提供；只修正用户能够承载怎样的推进、联系、共同时间、负荷与恢复节奏，不直接判断现实关系一定同步。,M2说明进入关系前的确认节奏；M5-RHYTHM只处理关系进入认真阶段以后，双方怎样持续协调推进与生活节奏。,M3-BASE、EXPR、CARE、BOUND、CONFLICT提供日常相处和状态通道；M5-RHYTHM负责把双方时间、负荷、联系、空间与恢复合成为长期节奏结构。,无／按本规则指定的提议—观察—同意—执行—反馈—调整—恢复路径路由。,近位、远位只修正某项节奏需求进入亲密关系核心的可能；不得据此判断具体对象现实中一定快、慢、黏、疏或稳定。,根气只修正节奏需求是否稳定重复，不等于双方现实节奏已成熟协调。,旺弱只修正某项推进、联系、共享、变化或恢复通道的调用强度，不直接等于适配质量。,喜忌只修正节奏调用顺畅度与摩擦，不可直接翻译为某种五行、十神或对象类型必然适合。,真合化成立时按化神功能重算节奏需要；合化争议时停止细化节奏画像。,近位提高该节奏议题进入关系核心的可能；远位只保留背景或阶段性观察。,82,+12,plan_change_transparency,减少节奏不确定。,减少节奏不确定。,不得仅凭本规则推出具体日期、交往时长、多久结婚、联系次数、见面频率或关系结果；不得把快等同冲动、慢等同冷淡、高频等同亲密、低频等同不爱。现实安全、双方同意、持续行为、生活条件、反例与协商优先。,中高,待验证,,scoring_reporting=true; provisional=true; rule_group=RHYTHM-评分报告; M3_STATE_pending=true,0.7
M5-RHYTHM-575,HO05生活负荷承载加权,L12 评分、报告与校准,RHYTHM-评分报告,通用,评分,HO05生活负荷承载加权,,真实容量、分工和非核心要求能够重订。,PR0安全门控未通过时停止普通评分。,由共享基础引擎、M2-TEMPO与M3功能模块提供；只修正用户能够承载怎样的推进、联系、共同时间、负荷与恢复节奏，不直接判断现实关系一定同步。,M2说明进入关系前的确认节奏；M5-RHYTHM只处理关系进入认真阶段以后，双方怎样持续协调推进与生活节奏。,M3-BASE、EXPR、CARE、BOUND、CONFLICT提供日常相处和状态通道；M5-RHYTHM负责把双方时间、负荷、联系、空间与恢复合成为长期节奏结构。,无／按本规则指定的提议—观察—同意—执行—反馈—调整—恢复路径路由。,近位、远位只修正某项节奏需求进入亲密关系核心的可能；不得据此判断具体对象现实中一定快、慢、黏、疏或稳定。,根气只修正节奏需求是否稳定重复，不等于双方现实节奏已成熟协调。,旺弱只修正某项推进、联系、共享、变化或恢复通道的调用强度，不直接等于适配质量。,喜忌只修正节奏调用顺畅度与摩擦，不可直接翻译为某种五行、十神或对象类型必然适合。,真合化成立时按化神功能重算节奏需要；合化争议时停止细化节奏画像。,近位提高该节奏议题进入关系核心的可能；远位只保留背景或阶段性观察。,82,+14,life_load_capacity,长期节奏底盘。,长期节奏底盘。,不得仅凭本规则推出具体日期、交往时长、多久结婚、联系次数、见面频率或关系结果；不得把快等同冲动、慢等同冷淡、高频等同亲密、低频等同不爱。现实安全、双方同意、持续行为、生活条件、反例与协商优先。,中高,待验证,,scoring_reporting=true; provisional=true; rule_group=RHYTHM-评分报告; M3_STATE_pending=true,0.7
M5-RHYTHM-576,HO06新鲜稳定平衡加权,L12 评分、报告与校准,RHYTHM-评分报告,通用,评分,HO06新鲜稳定平衡加权,,体验能落地，稳定中保留变化。,PR0安全门控未通过时停止普通评分。,由共享基础引擎、M2-TEMPO与M3功能模块提供；只修正用户能够承载怎样的推进、联系、共同时间、负荷与恢复节奏，不直接判断现实关系一定同步。,M2说明进入关系前的确认节奏；M5-RHYTHM只处理关系进入认真阶段以后，双方怎样持续协调推进与生活节奏。,M3-BASE、EXPR、CARE、BOUND、CONFLICT提供日常相处和状态通道；M5-RHYTHM负责把双方时间、负荷、联系、空间与恢复合成为长期节奏结构。,无／按本规则指定的提议—观察—同意—执行—反馈—调整—恢复路径路由。,近位、远位只修正某项节奏需求进入亲密关系核心的可能；不得据此判断具体对象现实中一定快、慢、黏、疏或稳定。,根气只修正节奏需求是否稳定重复，不等于双方现实节奏已成熟协调。,旺弱只修正某项推进、联系、共享、变化或恢复通道的调用强度，不直接等于适配质量。,喜忌只修正节奏调用顺畅度与摩擦，不可直接翻译为某种五行、十神或对象类型必然适合。,真合化成立时按化神功能重算节奏需要；合化争议时停止细化节奏画像。,近位提高该节奏议题进入关系核心的可能；远位只保留背景或阶段性观察。,82,+10,novelty_stability_balance,双轨能力。,双轨能力。,不得仅凭本规则推出具体日期、交往时长、多久结婚、联系次数、见面频率或关系结果；不得把快等同冲动、慢等同冷淡、高频等同亲密、低频等同不爱。现实安全、双方同意、持续行为、生活条件、反例与协商优先。,中高,待验证,,scoring_reporting=true; provisional=true; rule_group=RHYTHM-评分报告; M3_STATE_pending=true,0.7
M5-RHYTHM-577,HO07压力调整加权,L12 评分、报告与校准,RHYTHM-评分报告,通用,评分,HO07压力调整加权,,临时节奏有范围、期限、最低责任和恢复条件。,PR0安全门控未通过时停止普通评分。,由共享基础引擎、M2-TEMPO与M3功能模块提供；只修正用户能够承载怎样的推进、联系、共同时间、负荷与恢复节奏，不直接判断现实关系一定同步。,M2说明进入关系前的确认节奏；M5-RHYTHM只处理关系进入认真阶段以后，双方怎样持续协调推进与生活节奏。,M3-BASE、EXPR、CARE、BOUND、CONFLICT提供日常相处和状态通道；M5-RHYTHM负责把双方时间、负荷、联系、空间与恢复合成为长期节奏结构。,无／按本规则指定的提议—观察—同意—执行—反馈—调整—恢复路径路由。,近位、远位只修正某项节奏需求进入亲密关系核心的可能；不得据此判断具体对象现实中一定快、慢、黏、疏或稳定。,根气只修正节奏需求是否稳定重复，不等于双方现实节奏已成熟协调。,旺弱只修正某项推进、联系、共享、变化或恢复通道的调用强度，不直接等于适配质量。,喜忌只修正节奏调用顺畅度与摩擦，不可直接翻译为某种五行、十神或对象类型必然适合。,真合化成立时按化神功能重算节奏需要；合化争议时停止细化节奏画像。,近位提高该节奏议题进入关系核心的可能；远位只保留背景或阶段性观察。,82,+14,stress_rhythm_profile,高压适配核心。,高压适配核心。,不得仅凭本规则推出具体日期、交往时长、多久结婚、联系次数、见面频率或关系结果；不得把快等同冲动、慢等同冷淡、高频等同亲密、低频等同不爱。现实安全、双方同意、持续行为、生活条件、反例与协商优先。,中高,待验证,,scoring_reporting=true; provisional=true; rule_group=RHYTHM-评分报告; M3_STATE_pending=true,0.7
M5-RHYTHM-578,HO08恢复重新开放加权,L12 评分、报告与校准,RHYTHM-评分报告,通用,评分,HO08恢复重新开放加权,,联系、任务、亲密和信任分阶段恢复并接收反馈。,PR0安全门控未通过时停止普通评分。,由共享基础引擎、M2-TEMPO与M3功能模块提供；只修正用户能够承载怎样的推进、联系、共同时间、负荷与恢复节奏，不直接判断现实关系一定同步。,M2说明进入关系前的确认节奏；M5-RHYTHM只处理关系进入认真阶段以后，双方怎样持续协调推进与生活节奏。,M3-BASE、EXPR、CARE、BOUND、CONFLICT提供日常相处和状态通道；M5-RHYTHM负责把双方时间、负荷、联系、空间与恢复合成为长期节奏结构。,无／按本规则指定的提议—观察—同意—执行—反馈—调整—恢复路径路由。,近位、远位只修正某项节奏需求进入亲密关系核心的可能；不得据此判断具体对象现实中一定快、慢、黏、疏或稳定。,根气只修正节奏需求是否稳定重复，不等于双方现实节奏已成熟协调。,旺弱只修正某项推进、联系、共享、变化或恢复通道的调用强度，不直接等于适配质量。,喜忌只修正节奏调用顺畅度与摩擦，不可直接翻译为某种五行、十神或对象类型必然适合。,真合化成立时按化神功能重算节奏需要；合化争议时停止细化节奏画像。,近位提高该节奏议题进入关系核心的可能；远位只保留背景或阶段性观察。,82,+14,recovery_rhythm,恢复适配核心。,恢复适配核心。,不得仅凭本规则推出具体日期、交往时长、多久结婚、联系次数、见面频率或关系结果；不得把快等同冲动、慢等同冷淡、高频等同亲密、低频等同不爱。现实安全、双方同意、持续行为、生活条件、反例与协商优先。,中高,待验证,,scoring_reporting=true; provisional=true; rule_group=RHYTHM-评分报告; M3_STATE_pending=true,0.7
M5-RHYTHM-579,HO09里程碑责任同步加权,L12 评分、报告与校准,RHYTHM-评分报告,通用,评分,HO09里程碑责任同步加权,,阶段、资源、责任和现实条件同步确认。,PR0安全门控未通过时停止普通评分。,由共享基础引擎、M2-TEMPO与M3功能模块提供；只修正用户能够承载怎样的推进、联系、共同时间、负荷与恢复节奏，不直接判断现实关系一定同步。,M2说明进入关系前的确认节奏；M5-RHYTHM只处理关系进入认真阶段以后，双方怎样持续协调推进与生活节奏。,M3-BASE、EXPR、CARE、BOUND、CONFLICT提供日常相处和状态通道；M5-RHYTHM负责把双方时间、负荷、联系、空间与恢复合成为长期节奏结构。,无／按本规则指定的提议—观察—同意—执行—反馈—调整—恢复路径路由。,近位、远位只修正某项节奏需求进入亲密关系核心的可能；不得据此判断具体对象现实中一定快、慢、黏、疏或稳定。,根气只修正节奏需求是否稳定重复，不等于双方现实节奏已成熟协调。,旺弱只修正某项推进、联系、共享、变化或恢复通道的调用强度，不直接等于适配质量。,喜忌只修正节奏调用顺畅度与摩擦，不可直接翻译为某种五行、十神或对象类型必然适合。,真合化成立时按化神功能重算节奏需要；合化争议时停止细化节奏画像。,近位提高该节奏议题进入关系核心的可能；远位只保留背景或阶段性观察。,82,+14,milestone_alignment,防止标签先行。,防止标签先行。,不得仅凭本规则推出具体日期、交往时长、多久结婚、联系次数、见面频率或关系结果；不得把快等同冲动、慢等同冷淡、高频等同亲密、低频等同不爱。现实安全、双方同意、持续行为、生活条件、反例与协商优先。,中高,待验证,,scoring_reporting=true; provisional=true; rule_group=RHYTHM-评分报告; M3_STATE_pending=true,0.7
M5-RHYTHM-580,HO10复盘重订加权,L12 评分、报告与校准,RHYTHM-评分报告,通用,评分,HO10复盘重订加权,,阶段转折、负荷变化或反复问题后主动复盘更新。,PR0安全门控未通过时停止普通评分。,由共享基础引擎、M2-TEMPO与M3功能模块提供；只修正用户能够承载怎样的推进、联系、共同时间、负荷与恢复节奏，不直接判断现实关系一定同步。,M2说明进入关系前的确认节奏；M5-RHYTHM只处理关系进入认真阶段以后，双方怎样持续协调推进与生活节奏。,M3-BASE、EXPR、CARE、BOUND、CONFLICT提供日常相处和状态通道；M5-RHYTHM负责把双方时间、负荷、联系、空间与恢复合成为长期节奏结构。,无／按本规则指定的提议—观察—同意—执行—反馈—调整—恢复路径路由。,近位、远位只修正某项节奏需求进入亲密关系核心的可能；不得据此判断具体对象现实中一定快、慢、黏、疏或稳定。,根气只修正节奏需求是否稳定重复，不等于双方现实节奏已成熟协调。,旺弱只修正某项推进、联系、共享、变化或恢复通道的调用强度，不直接等于适配质量。,喜忌只修正节奏调用顺畅度与摩擦，不可直接翻译为某种五行、十神或对象类型必然适合。,真合化成立时按化神功能重算节奏需要；合化争议时停止细化节奏画像。,近位提高该节奏议题进入关系核心的可能；远位只保留背景或阶段性观察。,82,+14,rhythm_renegotiation,长期适配核心。,长期适配核心。,不得仅凭本规则推出具体日期、交往时长、多久结婚、联系次数、见面频率或关系结果；不得把快等同冲动、慢等同冷淡、高频等同亲密、低频等同不爱。现实安全、双方同意、持续行为、生活条件、反例与协商优先。,中高,待验证,,scoring_reporting=true; provisional=true; rule_group=RHYTHM-评分报告; M3_STATE_pending=true,0.7
M5-RHYTHM-581,HB节奏误读扣分,L12 评分、报告与校准,RHYTHM-评分报告,通用,评分,HB节奏误读扣分,,任一HB成立且未被HV6—HV7排除。,PR0安全门控未通过时停止普通评分。,由共享基础引擎、M2-TEMPO与M3功能模块提供；只修正用户能够承载怎样的推进、联系、共同时间、负荷与恢复节奏，不直接判断现实关系一定同步。,M2说明进入关系前的确认节奏；M5-RHYTHM只处理关系进入认真阶段以后，双方怎样持续协调推进与生活节奏。,M3-BASE、EXPR、CARE、BOUND、CONFLICT提供日常相处和状态通道；M5-RHYTHM负责把双方时间、负荷、联系、空间与恢复合成为长期节奏结构。,无／按本规则指定的提议—观察—同意—执行—反馈—调整—恢复路径路由。,近位、远位只修正某项节奏需求进入亲密关系核心的可能；不得据此判断具体对象现实中一定快、慢、黏、疏或稳定。,根气只修正节奏需求是否稳定重复，不等于双方现实节奏已成熟协调。,旺弱只修正某项推进、联系、共享、变化或恢复通道的调用强度，不直接等于适配质量。,喜忌只修正节奏调用顺畅度与摩擦，不可直接翻译为某种五行、十神或对象类型必然适合。,真合化成立时按化神功能重算节奏需要；合化争议时停止细化节奏画像。,近位提高该节奏议题进入关系核心的可能；远位只保留背景或阶段性观察。,82,-12,pseudo_rhythm_warning,降低对应HC、HM或HS成熟结论。,降低对应HC、HM或HS成熟结论。,不得仅凭本规则推出具体日期、交往时长、多久结婚、联系次数、见面频率或关系结果；不得把快等同冲动、慢等同冷淡、高频等同亲密、低频等同不爱。现实安全、双方同意、持续行为、生活条件、反例与协商优先。,中高,待验证,,scoring_reporting=true; provisional=true; rule_group=RHYTHM-评分报告; M3_STATE_pending=true,0.7
M5-RHYTHM-582,现实强反例扣分,L12 评分、报告与校准,RHYTHM-评分报告,通用,评分,现实强反例扣分,,跨领域、跨阶段多次反例。,PR0安全门控未通过时停止普通评分。,由共享基础引擎、M2-TEMPO与M3功能模块提供；只修正用户能够承载怎样的推进、联系、共同时间、负荷与恢复节奏，不直接判断现实关系一定同步。,M2说明进入关系前的确认节奏；M5-RHYTHM只处理关系进入认真阶段以后，双方怎样持续协调推进与生活节奏。,M3-BASE、EXPR、CARE、BOUND、CONFLICT提供日常相处和状态通道；M5-RHYTHM负责把双方时间、负荷、联系、空间与恢复合成为长期节奏结构。,无／按本规则指定的提议—观察—同意—执行—反馈—调整—恢复路径路由。,近位、远位只修正某项节奏需求进入亲密关系核心的可能；不得据此判断具体对象现实中一定快、慢、黏、疏或稳定。,根气只修正节奏需求是否稳定重复，不等于双方现实节奏已成熟协调。,旺弱只修正某项推进、联系、共享、变化或恢复通道的调用强度，不直接等于适配质量。,喜忌只修正节奏调用顺畅度与摩擦，不可直接翻译为某种五行、十神或对象类型必然适合。,真合化成立时按化神功能重算节奏需要；合化争议时停止细化节奏画像。,近位提高该节奏议题进入关系核心的可能；远位只保留背景或阶段性观察。,82,-20至停止,counterevidence,直接降级或停止。,直接降级或停止。,不得仅凭本规则推出具体日期、交往时长、多久结婚、联系次数、见面频率或关系结果；不得把快等同冲动、慢等同冷淡、高频等同亲密、低频等同不爱。现实安全、双方同意、持续行为、生活条件、反例与协商优先。,中高,待验证,,scoring_reporting=true; provisional=true; rule_group=RHYTHM-评分报告; M3_STATE_pending=true,0.7
M5-RHYTHM-583,同一event_id基础分封顶,L12 评分、报告与校准,RHYTHM-评分报告,通用,去重,同一event_id基础分封顶,,一个事件支持多个HO、HD、PH、HP或CK。,PR0安全门控未通过时停止普通评分。,由共享基础引擎、M2-TEMPO与M3功能模块提供；只修正用户能够承载怎样的推进、联系、共同时间、负荷与恢复节奏，不直接判断现实关系一定同步。,M2说明进入关系前的确认节奏；M5-RHYTHM只处理关系进入认真阶段以后，双方怎样持续协调推进与生活节奏。,M3-BASE、EXPR、CARE、BOUND、CONFLICT提供日常相处和状态通道；M5-RHYTHM负责把双方时间、负荷、联系、空间与恢复合成为长期节奏结构。,无／按本规则指定的提议—观察—同意—执行—反馈—调整—恢复路径路由。,近位、远位只修正某项节奏需求进入亲密关系核心的可能；不得据此判断具体对象现实中一定快、慢、黏、疏或稳定。,根气只修正节奏需求是否稳定重复，不等于双方现实节奏已成熟协调。,旺弱只修正某项推进、联系、共享、变化或恢复通道的调用强度，不直接等于适配质量。,喜忌只修正节奏调用顺畅度与摩擦，不可直接翻译为某种五行、十神或对象类型必然适合。,真合化成立时按化神功能重算节奏需要；合化争议时停止细化节奏画像。,近位提高该节奏议题进入关系核心的可能；远位只保留背景或阶段性观察。,98,封顶一次,provenance,基础事件分只计一次。,基础事件分只计一次。,不得仅凭本规则推出具体日期、交往时长、多久结婚、联系次数、见面频率或关系结果；不得把快等同冲动、慢等同冷淡、高频等同亲密、低频等同不爱。现实安全、双方同意、持续行为、生活条件、反例与协商优先。,高,待验证,,scoring_reporting=true; provisional=true; rule_group=RHYTHM-评分报告; M3_STATE_pending=true,0.7
M5-RHYTHM-584,同一source_id基础分封顶,L12 评分、报告与校准,RHYTHM-评分报告,通用,去重,同一source_id基础分封顶,,一个命盘事实被多个模块读取。,PR0安全门控未通过时停止普通评分。,由共享基础引擎、M2-TEMPO与M3功能模块提供；只修正用户能够承载怎样的推进、联系、共同时间、负荷与恢复节奏，不直接判断现实关系一定同步。,M2说明进入关系前的确认节奏；M5-RHYTHM只处理关系进入认真阶段以后，双方怎样持续协调推进与生活节奏。,M3-BASE、EXPR、CARE、BOUND、CONFLICT提供日常相处和状态通道；M5-RHYTHM负责把双方时间、负荷、联系、空间与恢复合成为长期节奏结构。,无／按本规则指定的提议—观察—同意—执行—反馈—调整—恢复路径路由。,近位、远位只修正某项节奏需求进入亲密关系核心的可能；不得据此判断具体对象现实中一定快、慢、黏、疏或稳定。,根气只修正节奏需求是否稳定重复，不等于双方现实节奏已成熟协调。,旺弱只修正某项推进、联系、共享、变化或恢复通道的调用强度，不直接等于适配质量。,喜忌只修正节奏调用顺畅度与摩擦，不可直接翻译为某种五行、十神或对象类型必然适合。,真合化成立时按化神功能重算节奏需要；合化争议时停止细化节奏画像。,近位提高该节奏议题进入关系核心的可能；远位只保留背景或阶段性观察。,98,封顶一次,provenance,基础结构权重只计一次。,基础结构权重只计一次。,不得仅凭本规则推出具体日期、交往时长、多久结婚、联系次数、见面频率或关系结果；不得把快等同冲动、慢等同冷淡、高频等同亲密、低频等同不爱。现实安全、双方同意、持续行为、生活条件、反例与协商优先。,高,待验证,,scoring_reporting=true; provisional=true; rule_group=RHYTHM-评分报告; M3_STATE_pending=true,0.7
M5-RHYTHM-585,跨领域整体节奏门槛,L12 评分、报告与校准,RHYTHM-评分报告,通用,评分,跨领域整体节奏门槛,,至少两个HD领域有独立事件，或一个HV5／HV6高信息事件。,PR0安全门控未通过时停止普通评分。,由共享基础引擎、M2-TEMPO与M3功能模块提供；只修正用户能够承载怎样的推进、联系、共同时间、负荷与恢复节奏，不直接判断现实关系一定同步。,M2说明进入关系前的确认节奏；M5-RHYTHM只处理关系进入认真阶段以后，双方怎样持续协调推进与生活节奏。,M3-BASE、EXPR、CARE、BOUND、CONFLICT提供日常相处和状态通道；M5-RHYTHM负责把双方时间、负荷、联系、空间与恢复合成为长期节奏结构。,无／按本规则指定的提议—观察—同意—执行—反馈—调整—恢复路径路由。,近位、远位只修正某项节奏需求进入亲密关系核心的可能；不得据此判断具体对象现实中一定快、慢、黏、疏或稳定。,根气只修正节奏需求是否稳定重复，不等于双方现实节奏已成熟协调。,旺弱只修正某项推进、联系、共享、变化或恢复通道的调用强度，不直接等于适配质量。,喜忌只修正节奏调用顺畅度与摩擦，不可直接翻译为某种五行、十神或对象类型必然适合。,真合化成立时按化神功能重算节奏需要；合化争议时停止细化节奏画像。,近位提高该节奏议题进入关系核心的可能；远位只保留背景或阶段性观察。,82,+10,rhythm_domains,才能写整体节奏候选。,才能写整体节奏候选。,不得仅凭本规则推出具体日期、交往时长、多久结婚、联系次数、见面频率或关系结果；不得把快等同冲动、慢等同冷淡、高频等同亲密、低频等同不爱。现实安全、双方同意、持续行为、生活条件、反例与协商优先。,中高,待验证,,scoring_reporting=true; provisional=true; rule_group=RHYTHM-评分报告; M3_STATE_pending=true,0.7
M5-RHYTHM-586,阶段模式不可永久化,L12 评分、报告与校准,RHYTHM-评分报告,通用,边界,阶段模式不可永久化,,当前结论主要来自PH04—PH07阶段。,PR0安全门控未通过时停止普通评分。,由共享基础引擎、M2-TEMPO与M3功能模块提供；只修正用户能够承载怎样的推进、联系、共同时间、负荷与恢复节奏，不直接判断现实关系一定同步。,M2说明进入关系前的确认节奏；M5-RHYTHM只处理关系进入认真阶段以后，双方怎样持续协调推进与生活节奏。,M3-BASE、EXPR、CARE、BOUND、CONFLICT提供日常相处和状态通道；M5-RHYTHM负责把双方时间、负荷、联系、空间与恢复合成为长期节奏结构。,无／按本规则指定的提议—观察—同意—执行—反馈—调整—恢复路径路由。,近位、远位只修正某项节奏需求进入亲密关系核心的可能；不得据此判断具体对象现实中一定快、慢、黏、疏或稳定。,根气只修正节奏需求是否稳定重复，不等于双方现实节奏已成熟协调。,旺弱只修正某项推进、联系、共享、变化或恢复通道的调用强度，不直接等于适配质量。,喜忌只修正节奏调用顺畅度与摩擦，不可直接翻译为某种五行、十神或对象类型必然适合。,真合化成立时按化神功能重算节奏需要；合化争议时停止细化节奏画像。,近位提高该节奏议题进入关系核心的可能；远位只保留背景或阶段性观察。,98,不加分；阶段限定,relationship_phase,必须标注阶段性与恢复条件。,必须标注阶段性与恢复条件。,不得仅凭本规则推出具体日期、交往时长、多久结婚、联系次数、见面频率或关系结果；不得把快等同冲动、慢等同冷淡、高频等同亲密、低频等同不爱。现实安全、双方同意、持续行为、生活条件、反例与协商优先。,高,待验证,,scoring_reporting=true; provisional=true; rule_group=RHYTHM-评分报告; M3_STATE_pending=true,0.7
M5-RHYTHM-587,高频模式成熟门槛,L12 评分、报告与校准,RHYTHM-评分报告,通用,评分,高频模式成熟门槛,,HM05需HO02、HO03、HO05可靠，且无监控、负荷透支。,PR0安全门控未通过时停止普通评分。,由共享基础引擎、M2-TEMPO与M3功能模块提供；只修正用户能够承载怎样的推进、联系、共同时间、负荷与恢复节奏，不直接判断现实关系一定同步。,M2说明进入关系前的确认节奏；M5-RHYTHM只处理关系进入认真阶段以后，双方怎样持续协调推进与生活节奏。,M3-BASE、EXPR、CARE、BOUND、CONFLICT提供日常相处和状态通道；M5-RHYTHM负责把双方时间、负荷、联系、空间与恢复合成为长期节奏结构。,无／按本规则指定的提议—观察—同意—执行—反馈—调整—恢复路径路由。,近位、远位只修正某项节奏需求进入亲密关系核心的可能；不得据此判断具体对象现实中一定快、慢、黏、疏或稳定。,根气只修正节奏需求是否稳定重复，不等于双方现实节奏已成熟协调。,旺弱只修正某项推进、联系、共享、变化或恢复通道的调用强度，不直接等于适配质量。,喜忌只修正节奏调用顺畅度与摩擦，不可直接翻译为某种五行、十神或对象类型必然适合。,真合化成立时按化神功能重算节奏需要；合化争议时停止细化节奏画像。,近位提高该节奏议题进入关系核心的可能；远位只保留背景或阶段性观察。,82,+12,rhythm_mode,高频自愿、可降频、可持续。,高频自愿、可降频、可持续。,不得仅凭本规则推出具体日期、交往时长、多久结婚、联系次数、见面频率或关系结果；不得把快等同冲动、慢等同冷淡、高频等同亲密、低频等同不爱。现实安全、双方同意、持续行为、生活条件、反例与协商优先。,中高,待验证,,scoring_reporting=true; provisional=true; rule_group=RHYTHM-评分报告; M3_STATE_pending=true,0.7
M5-RHYTHM-588,低频模式成熟门槛,L12 评分、报告与校准,RHYTHM-评分报告,通用,评分,低频模式成熟门槛,,HM06需HO02、HO04、HO09可靠，最低连接与方向清楚。,PR0安全门控未通过时停止普通评分。,由共享基础引擎、M2-TEMPO与M3功能模块提供；只修正用户能够承载怎样的推进、联系、共同时间、负荷与恢复节奏，不直接判断现实关系一定同步。,M2说明进入关系前的确认节奏；M5-RHYTHM只处理关系进入认真阶段以后，双方怎样持续协调推进与生活节奏。,M3-BASE、EXPR、CARE、BOUND、CONFLICT提供日常相处和状态通道；M5-RHYTHM负责把双方时间、负荷、联系、空间与恢复合成为长期节奏结构。,无／按本规则指定的提议—观察—同意—执行—反馈—调整—恢复路径路由。,近位、远位只修正某项节奏需求进入亲密关系核心的可能；不得据此判断具体对象现实中一定快、慢、黏、疏或稳定。,根气只修正节奏需求是否稳定重复，不等于双方现实节奏已成熟协调。,旺弱只修正某项推进、联系、共享、变化或恢复通道的调用强度，不直接等于适配质量。,喜忌只修正节奏调用顺畅度与摩擦，不可直接翻译为某种五行、十神或对象类型必然适合。,真合化成立时按化神功能重算节奏需要；合化争议时停止细化节奏画像。,近位提高该节奏议题进入关系核心的可能；远位只保留背景或阶段性观察。,82,+12,rhythm_mode,低频透明、有承诺、有回归。,低频透明、有承诺、有回归。,不得仅凭本规则推出具体日期、交往时长、多久结婚、联系次数、见面频率或关系结果；不得把快等同冲动、慢等同冷淡、高频等同亲密、低频等同不爱。现实安全、双方同意、持续行为、生活条件、反例与协商优先。,中高,待验证,,scoring_reporting=true; provisional=true; rule_group=RHYTHM-评分报告; M3_STATE_pending=true,0.7
M5-RHYTHM-589,弹性变频成熟门槛,L12 评分、报告与校准,RHYTHM-评分报告,通用,评分,弹性变频成熟门槛,,HM07需基础频率、变化通知、替代方案和恢复点。,PR0安全门控未通过时停止普通评分。,由共享基础引擎、M2-TEMPO与M3功能模块提供；只修正用户能够承载怎样的推进、联系、共同时间、负荷与恢复节奏，不直接判断现实关系一定同步。,M2说明进入关系前的确认节奏；M5-RHYTHM只处理关系进入认真阶段以后，双方怎样持续协调推进与生活节奏。,M3-BASE、EXPR、CARE、BOUND、CONFLICT提供日常相处和状态通道；M5-RHYTHM负责把双方时间、负荷、联系、空间与恢复合成为长期节奏结构。,无／按本规则指定的提议—观察—同意—执行—反馈—调整—恢复路径路由。,近位、远位只修正某项节奏需求进入亲密关系核心的可能；不得据此判断具体对象现实中一定快、慢、黏、疏或稳定。,根气只修正节奏需求是否稳定重复，不等于双方现实节奏已成熟协调。,旺弱只修正某项推进、联系、共享、变化或恢复通道的调用强度，不直接等于适配质量。,喜忌只修正节奏调用顺畅度与摩擦，不可直接翻译为某种五行、十神或对象类型必然适合。,真合化成立时按化神功能重算节奏需要；合化争议时停止细化节奏画像。,近位提高该节奏议题进入关系核心的可能；远位只保留背景或阶段性观察。,82,+12,rhythm_mode,变化不能只由一方承担。,变化不能只由一方承担。,不得仅凭本规则推出具体日期、交往时长、多久结婚、联系次数、见面频率或关系结果；不得把快等同冲动、慢等同冷淡、高频等同亲密、低频等同不爱。现实安全、双方同意、持续行为、生活条件、反例与协商优先。,中高,待验证,,scoring_reporting=true; provisional=true; rule_group=RHYTHM-评分报告; M3_STATE_pending=true,0.7
M5-RHYTHM-590,慢热模式成熟门槛,L12 评分、报告与校准,RHYTHM-评分报告,通用,评分,慢热模式成熟门槛,,HM03需持续回应、方向、观察标准和阶段复核。,PR0安全门控未通过时停止普通评分。,由共享基础引擎、M2-TEMPO与M3功能模块提供；只修正用户能够承载怎样的推进、联系、共同时间、负荷与恢复节奏，不直接判断现实关系一定同步。,M2说明进入关系前的确认节奏；M5-RHYTHM只处理关系进入认真阶段以后，双方怎样持续协调推进与生活节奏。,M3-BASE、EXPR、CARE、BOUND、CONFLICT提供日常相处和状态通道；M5-RHYTHM负责把双方时间、负荷、联系、空间与恢复合成为长期节奏结构。,无／按本规则指定的提议—观察—同意—执行—反馈—调整—恢复路径路由。,近位、远位只修正某项节奏需求进入亲密关系核心的可能；不得据此判断具体对象现实中一定快、慢、黏、疏或稳定。,根气只修正节奏需求是否稳定重复，不等于双方现实节奏已成熟协调。,旺弱只修正某项推进、联系、共享、变化或恢复通道的调用强度，不直接等于适配质量。,喜忌只修正节奏调用顺畅度与摩擦，不可直接翻译为某种五行、十神或对象类型必然适合。,真合化成立时按化神功能重算节奏需要；合化争议时停止细化节奏画像。,近位提高该节奏议题进入关系核心的可能；远位只保留背景或阶段性观察。,82,+12,rhythm_mode,无限悬置不得进入。,无限悬置不得进入。,不得仅凭本规则推出具体日期、交往时长、多久结婚、联系次数、见面频率或关系结果；不得把快等同冲动、慢等同冷淡、高频等同亲密、低频等同不爱。现实安全、双方同意、持续行为、生活条件、反例与协商优先。,中高,待验证,,scoring_reporting=true; provisional=true; rule_group=RHYTHM-评分报告; M3_STATE_pending=true,0.7
M5-RHYTHM-591,快速启动成熟门槛,L12 评分、报告与校准,RHYTHM-评分报告,通用,评分,快速启动成熟门槛,,HM01需每个阶段双重同意、责任同步和减速权。,PR0安全门控未通过时停止普通评分。,由共享基础引擎、M2-TEMPO与M3功能模块提供；只修正用户能够承载怎样的推进、联系、共同时间、负荷与恢复节奏，不直接判断现实关系一定同步。,M2说明进入关系前的确认节奏；M5-RHYTHM只处理关系进入认真阶段以后，双方怎样持续协调推进与生活节奏。,M3-BASE、EXPR、CARE、BOUND、CONFLICT提供日常相处和状态通道；M5-RHYTHM负责把双方时间、负荷、联系、空间与恢复合成为长期节奏结构。,无／按本规则指定的提议—观察—同意—执行—反馈—调整—恢复路径路由。,近位、远位只修正某项节奏需求进入亲密关系核心的可能；不得据此判断具体对象现实中一定快、慢、黏、疏或稳定。,根气只修正节奏需求是否稳定重复，不等于双方现实节奏已成熟协调。,旺弱只修正某项推进、联系、共享、变化或恢复通道的调用强度，不直接等于适配质量。,喜忌只修正节奏调用顺畅度与摩擦，不可直接翻译为某种五行、十神或对象类型必然适合。,真合化成立时按化神功能重算节奏需要；合化争议时停止细化节奏画像。,近位提高该节奏议题进入关系核心的可能；远位只保留背景或阶段性观察。,82,+12,rhythm_mode,快速开始不自动快速承诺。,快速开始不自动快速承诺。,不得仅凭本规则推出具体日期、交往时长、多久结婚、联系次数、见面频率或关系结果；不得把快等同冲动、慢等同冷淡、高频等同亲密、低频等同不爱。现实安全、双方同意、持续行为、生活条件、反例与协商优先。,中高,待验证,,scoring_reporting=true; provisional=true; rule_group=RHYTHM-评分报告; M3_STATE_pending=true,0.7
M5-RHYTHM-592,压力临时节奏门槛,L12 评分、报告与校准,RHYTHM-评分报告,通用,评分,压力临时节奏门槛,,HM09／PH04需开始、范围、最低责任、结束和恢复条件。,PR0安全门控未通过时停止普通评分。,由共享基础引擎、M2-TEMPO与M3功能模块提供；只修正用户能够承载怎样的推进、联系、共同时间、负荷与恢复节奏，不直接判断现实关系一定同步。,M2说明进入关系前的确认节奏；M5-RHYTHM只处理关系进入认真阶段以后，双方怎样持续协调推进与生活节奏。,M3-BASE、EXPR、CARE、BOUND、CONFLICT提供日常相处和状态通道；M5-RHYTHM负责把双方时间、负荷、联系、空间与恢复合成为长期节奏结构。,无／按本规则指定的提议—观察—同意—执行—反馈—调整—恢复路径路由。,近位、远位只修正某项节奏需求进入亲密关系核心的可能；不得据此判断具体对象现实中一定快、慢、黏、疏或稳定。,根气只修正节奏需求是否稳定重复，不等于双方现实节奏已成熟协调。,旺弱只修正某项推进、联系、共享、变化或恢复通道的调用强度，不直接等于适配质量。,喜忌只修正节奏调用顺畅度与摩擦，不可直接翻译为某种五行、十神或对象类型必然适合。,真合化成立时按化神功能重算节奏需要；合化争议时停止细化节奏画像。,近位提高该节奏议题进入关系核心的可能；远位只保留背景或阶段性观察。,82,+14,rhythm_mode,临时压缩不得永久化。,临时压缩不得永久化。,不得仅凭本规则推出具体日期、交往时长、多久结婚、联系次数、见面频率或关系结果；不得把快等同冲动、慢等同冷淡、高频等同亲密、低频等同不爱。现实安全、双方同意、持续行为、生活条件、反例与协商优先。,中高,待验证,,scoring_reporting=true; provisional=true; rule_group=RHYTHM-评分报告; M3_STATE_pending=true,0.7
M5-RHYTHM-593,恢复节奏完整门槛,L12 评分、报告与校准,RHYTHM-评分报告,通用,评分,恢复节奏完整门槛,,PH06／HM11需HO08、HO10、REPAIR的RO09／RO10支持。,PR0安全门控未通过时停止普通评分。,由共享基础引擎、M2-TEMPO与M3功能模块提供；只修正用户能够承载怎样的推进、联系、共同时间、负荷与恢复节奏，不直接判断现实关系一定同步。,M2说明进入关系前的确认节奏；M5-RHYTHM只处理关系进入认真阶段以后，双方怎样持续协调推进与生活节奏。,M3-BASE、EXPR、CARE、BOUND、CONFLICT提供日常相处和状态通道；M5-RHYTHM负责把双方时间、负荷、联系、空间与恢复合成为长期节奏结构。,无／按本规则指定的提议—观察—同意—执行—反馈—调整—恢复路径路由。,近位、远位只修正某项节奏需求进入亲密关系核心的可能；不得据此判断具体对象现实中一定快、慢、黏、疏或稳定。,根气只修正节奏需求是否稳定重复，不等于双方现实节奏已成熟协调。,旺弱只修正某项推进、联系、共享、变化或恢复通道的调用强度，不直接等于适配质量。,喜忌只修正节奏调用顺畅度与摩擦，不可直接翻译为某种五行、十神或对象类型必然适合。,真合化成立时按化神功能重算节奏需要；合化争议时停止细化节奏画像。,近位提高该节奏议题进入关系核心的可能；远位只保留背景或阶段性观察。,82,+14,recovery_rhythm,问题停止不等于恢复完成。,问题停止不等于恢复完成。,不得仅凭本规则推出具体日期、交往时长、多久结婚、联系次数、见面频率或关系结果；不得把快等同冲动、慢等同冷淡、高频等同亲密、低频等同不爱。现实安全、双方同意、持续行为、生活条件、反例与协商优先。,中高,待验证,,scoring_reporting=true; provisional=true; rule_group=RHYTHM-评分报告; M3_STATE_pending=true,0.7
M5-RHYTHM-594,M4保护因素现实有效加权,L12 评分、报告与校准,RHYTHM-评分报告,通用,接口,M4保护因素现实有效加权,,BF达到BL5以上并改变同一节奏风险链。,PR0安全门控未通过时停止普通评分。,由共享基础引擎、M2-TEMPO与M3功能模块提供；只修正用户能够承载怎样的推进、联系、共同时间、负荷与恢复节奏，不直接判断现实关系一定同步。,M2说明进入关系前的确认节奏；M5-RHYTHM只处理关系进入认真阶段以后，双方怎样持续协调推进与生活节奏。,M3-BASE、EXPR、CARE、BOUND、CONFLICT提供日常相处和状态通道；M5-RHYTHM负责把双方时间、负荷、联系、空间与恢复合成为长期节奏结构。,无／按本规则指定的提议—观察—同意—执行—反馈—调整—恢复路径路由。,近位、远位只修正某项节奏需求进入亲密关系核心的可能；不得据此判断具体对象现实中一定快、慢、黏、疏或稳定。,根气只修正节奏需求是否稳定重复，不等于双方现实节奏已成熟协调。,旺弱只修正某项推进、联系、共享、变化或恢复通道的调用强度，不直接等于适配质量。,喜忌只修正节奏调用顺畅度与摩擦，不可直接翻译为某种五行、十神或对象类型必然适合。,真合化成立时按化神功能重算节奏需要；合化争议时停止细化节奏画像。,近位提高该节奏议题进入关系核心的可能；远位只保留背景或阶段性观察。,82,+8,buffer_rhythm_relation,保护不删除历史失配。,保护不删除历史失配。,不得仅凭本规则推出具体日期、交往时长、多久结婚、联系次数、见面频率或关系结果；不得把快等同冲动、慢等同冷淡、高频等同亲密、低频等同不爱。现实安全、双方同意、持续行为、生活条件、反例与协商优先。,中高,待验证,,scoring_reporting=true; provisional=true; rule_group=RHYTHM-评分报告; M3_STATE_pending=true,0.7
M5-RHYTHM-595,安全高优先级门控,L12 评分、报告与校准,RHYTHM-评分报告,通用,安全,安全高优先级门控,,存在监控、强迫同步、惩罚降频、隔离、难以退出或亲密强迫。,PR0安全门控未通过时停止普通评分。,由共享基础引擎、M2-TEMPO与M3功能模块提供；只修正用户能够承载怎样的推进、联系、共同时间、负荷与恢复节奏，不直接判断现实关系一定同步。,M2说明进入关系前的确认节奏；M5-RHYTHM只处理关系进入认真阶段以后，双方怎样持续协调推进与生活节奏。,M3-BASE、EXPR、CARE、BOUND、CONFLICT提供日常相处和状态通道；M5-RHYTHM负责把双方时间、负荷、联系、空间与恢复合成为长期节奏结构。,无／按本规则指定的提议—观察—同意—执行—反馈—调整—恢复路径路由。,近位、远位只修正某项节奏需求进入亲密关系核心的可能；不得据此判断具体对象现实中一定快、慢、黏、疏或稳定。,根气只修正节奏需求是否稳定重复，不等于双方现实节奏已成熟协调。,旺弱只修正某项推进、联系、共享、变化或恢复通道的调用强度，不直接等于适配质量。,喜忌只修正节奏调用顺畅度与摩擦，不可直接翻译为某种五行、十神或对象类型必然适合。,真合化成立时按化神功能重算节奏需要；合化争议时停止细化节奏画像。,近位提高该节奏议题进入关系核心的可能；远位只保留背景或阶段性观察。,98,停止,report_status,停止普通节奏适配与互补叙事。,停止普通节奏适配与互补叙事。,不得仅凭本规则推出具体日期、交往时长、多久结婚、联系次数、见面频率或关系结果；不得把快等同冲动、慢等同冷淡、高频等同亲密、低频等同不爱。现实安全、双方同意、持续行为、生活条件、反例与协商优先。,高,待验证,,scoring_reporting=true; provisional=true; rule_group=RHYTHM-评分报告; M3_STATE_pending=true,0.7
M5-RHYTHM-596,禁止精确时间输出,L12 评分、报告与校准,RHYTHM-评分报告,通用,边界,禁止精确时间输出,,准备输出固定天数、月份、年龄、次数或婚期。,PR0安全门控未通过时停止普通评分。,由共享基础引擎、M2-TEMPO与M3功能模块提供；只修正用户能够承载怎样的推进、联系、共同时间、负荷与恢复节奏，不直接判断现实关系一定同步。,M2说明进入关系前的确认节奏；M5-RHYTHM只处理关系进入认真阶段以后，双方怎样持续协调推进与生活节奏。,M3-BASE、EXPR、CARE、BOUND、CONFLICT提供日常相处和状态通道；M5-RHYTHM负责把双方时间、负荷、联系、空间与恢复合成为长期节奏结构。,无／按本规则指定的提议—观察—同意—执行—反馈—调整—恢复路径路由。,近位、远位只修正某项节奏需求进入亲密关系核心的可能；不得据此判断具体对象现实中一定快、慢、黏、疏或稳定。,根气只修正节奏需求是否稳定重复，不等于双方现实节奏已成熟协调。,旺弱只修正某项推进、联系、共享、变化或恢复通道的调用强度，不直接等于适配质量。,喜忌只修正节奏调用顺畅度与摩擦，不可直接翻译为某种五行、十神或对象类型必然适合。,真合化成立时按化神功能重算节奏需要；合化争议时停止细化节奏画像。,近位提高该节奏议题进入关系核心的可能；远位只保留背景或阶段性观察。,98,不加分,time_precision_boundary,只输出相对节奏、阶段和现实协议。,只输出相对节奏、阶段和现实协议。,不得仅凭本规则推出具体日期、交往时长、多久结婚、联系次数、见面频率或关系结果；不得把快等同冲动、慢等同冷淡、高频等同亲密、低频等同不爱。现实安全、双方同意、持续行为、生活条件、反例与协商优先。,高,待验证,,scoring_reporting=true; provisional=true; rule_group=RHYTHM-评分报告; M3_STATE_pending=true,0.7
M5-RHYTHM-597,报告第一段｜主节奏模式,L12 评分、报告与校准,RHYTHM-评分报告,通用,输出,报告第一段｜主节奏模式,,主HC与HM完成。,PR0安全门控未通过时停止普通评分。,由共享基础引擎、M2-TEMPO与M3功能模块提供；只修正用户能够承载怎样的推进、联系、共同时间、负荷与恢复节奏，不直接判断现实关系一定同步。,M2说明进入关系前的确认节奏；M5-RHYTHM只处理关系进入认真阶段以后，双方怎样持续协调推进与生活节奏。,M3-BASE、EXPR、CARE、BOUND、CONFLICT提供日常相处和状态通道；M5-RHYTHM负责把双方时间、负荷、联系、空间与恢复合成为长期节奏结构。,无／按本规则指定的提议—观察—同意—执行—反馈—调整—恢复路径路由。,近位、远位只修正某项节奏需求进入亲密关系核心的可能；不得据此判断具体对象现实中一定快、慢、黏、疏或稳定。,根气只修正节奏需求是否稳定重复，不等于双方现实节奏已成熟协调。,旺弱只修正某项推进、联系、共享、变化或恢复通道的调用强度，不直接等于适配质量。,喜忌只修正节奏调用顺畅度与摩擦，不可直接翻译为某种五行、十神或对象类型必然适合。,真合化成立时按化神功能重算节奏需要；合化争议时停止细化节奏画像。,近位提高该节奏议题进入关系核心的可能；远位只保留背景或阶段性观察。,82,不加分,report_text,说明双方适合怎样推进、联系和分配时间。,说明双方适合怎样推进、联系和分配时间。,不得仅凭本规则推出具体日期、交往时长、多久结婚、联系次数、见面频率或关系结果；不得把快等同冲动、慢等同冷淡、高频等同亲密、低频等同不爱。现实安全、双方同意、持续行为、生活条件、反例与协商优先。,中高,待验证,,scoring_reporting=true; provisional=true; rule_group=RHYTHM-评分报告; M3_STATE_pending=true,0.7
M5-RHYTHM-598,报告第二段｜负荷阶段与恢复,L12 评分、报告与校准,RHYTHM-评分报告,通用,输出,报告第二段｜负荷阶段与恢复,,HO05—HO10、PH与HP完成。,PR0安全门控未通过时停止普通评分。,由共享基础引擎、M2-TEMPO与M3功能模块提供；只修正用户能够承载怎样的推进、联系、共同时间、负荷与恢复节奏，不直接判断现实关系一定同步。,M2说明进入关系前的确认节奏；M5-RHYTHM只处理关系进入认真阶段以后，双方怎样持续协调推进与生活节奏。,M3-BASE、EXPR、CARE、BOUND、CONFLICT提供日常相处和状态通道；M5-RHYTHM负责把双方时间、负荷、联系、空间与恢复合成为长期节奏结构。,无／按本规则指定的提议—观察—同意—执行—反馈—调整—恢复路径路由。,近位、远位只修正某项节奏需求进入亲密关系核心的可能；不得据此判断具体对象现实中一定快、慢、黏、疏或稳定。,根气只修正节奏需求是否稳定重复，不等于双方现实节奏已成熟协调。,旺弱只修正某项推进、联系、共享、变化或恢复通道的调用强度，不直接等于适配质量。,喜忌只修正节奏调用顺畅度与摩擦，不可直接翻译为某种五行、十神或对象类型必然适合。,真合化成立时按化神功能重算节奏需要；合化争议时停止细化节奏画像。,近位提高该节奏议题进入关系核心的可能；远位只保留背景或阶段性观察。,82,不加分,report_text,说明压力、转折、恢复和里程碑怎样调整。,说明压力、转折、恢复和里程碑怎样调整。,不得仅凭本规则推出具体日期、交往时长、多久结婚、联系次数、见面频率或关系结果；不得把快等同冲动、慢等同冷淡、高频等同亲密、低频等同不爱。现实安全、双方同意、持续行为、生活条件、反例与协商优先。,中高,待验证,,scoring_reporting=true; provisional=true; rule_group=RHYTHM-评分报告; M3_STATE_pending=true,0.7
M5-RHYTHM-599,报告第三段｜证据风险与观察,L12 评分、报告与校准,RHYTHM-评分报告,通用,输出,报告第三段｜证据风险与观察,,HS、HV、HB、CK完成。,PR0安全门控未通过时停止普通评分。,由共享基础引擎、M2-TEMPO与M3功能模块提供；只修正用户能够承载怎样的推进、联系、共同时间、负荷与恢复节奏，不直接判断现实关系一定同步。,M2说明进入关系前的确认节奏；M5-RHYTHM只处理关系进入认真阶段以后，双方怎样持续协调推进与生活节奏。,M3-BASE、EXPR、CARE、BOUND、CONFLICT提供日常相处和状态通道；M5-RHYTHM负责把双方时间、负荷、联系、空间与恢复合成为长期节奏结构。,无／按本规则指定的提议—观察—同意—执行—反馈—调整—恢复路径路由。,近位、远位只修正某项节奏需求进入亲密关系核心的可能；不得据此判断具体对象现实中一定快、慢、黏、疏或稳定。,根气只修正节奏需求是否稳定重复，不等于双方现实节奏已成熟协调。,旺弱只修正某项推进、联系、共享、变化或恢复通道的调用强度，不直接等于适配质量。,喜忌只修正节奏调用顺畅度与摩擦，不可直接翻译为某种五行、十神或对象类型必然适合。,真合化成立时按化神功能重算节奏需要；合化争议时停止细化节奏画像。,近位提高该节奏议题进入关系核心的可能；远位只保留背景或阶段性观察。,82,不加分,report_text,说明当前证据上限、误读风险和下一步观察。,说明当前证据上限、误读风险和下一步观察。,不得仅凭本规则推出具体日期、交往时长、多久结婚、联系次数、见面频率或关系结果；不得把快等同冲动、慢等同冷淡、高频等同亲密、低频等同不爱。现实安全、双方同意、持续行为、生活条件、反例与协商优先。,中高,待验证,,scoring_reporting=true; provisional=true; rule_group=RHYTHM-评分报告; M3_STATE_pending=true,0.7
M5-RHYTHM-600,案例冻结与下一阶段路由,L12 评分、报告与校准,RHYTHM-评分报告,通用,校准,案例冻结与下一阶段路由,,收集反馈前冻结HC、HM、HS、HV、HB、PH、CK和HP预测。,PR0安全门控未通过时停止普通评分。,由共享基础引擎、M2-TEMPO与M3功能模块提供；只修正用户能够承载怎样的推进、联系、共同时间、负荷与恢复节奏，不直接判断现实关系一定同步。,M2说明进入关系前的确认节奏；M5-RHYTHM只处理关系进入认真阶段以后，双方怎样持续协调推进与生活节奏。,M3-BASE、EXPR、CARE、BOUND、CONFLICT提供日常相处和状态通道；M5-RHYTHM负责把双方时间、负荷、联系、空间与恢复合成为长期节奏结构。,无／按本规则指定的提议—观察—同意—执行—反馈—调整—恢复路径路由。,近位、远位只修正某项节奏需求进入亲密关系核心的可能；不得据此判断具体对象现实中一定快、慢、黏、疏或稳定。,根气只修正节奏需求是否稳定重复，不等于双方现实节奏已成熟协调。,旺弱只修正某项推进、联系、共享、变化或恢复通道的调用强度，不直接等于适配质量。,喜忌只修正节奏调用顺畅度与摩擦，不可直接翻译为某种五行、十神或对象类型必然适合。,真合化成立时按化神功能重算节奏需要；合化争议时停止细化节奏画像。,近位提高该节奏议题进入关系核心的可能；远位只保留背景或阶段性观察。,82,不加分,case_refs,防止事后挑选；下一阶段进入M5-GAP。,防止事后挑选；下一阶段进入M5-GAP。,不得仅凭本规则推出具体日期、交往时长、多久结婚、联系次数、见面频率或关系结果；不得把快等同冲动、慢等同冷淡、高频等同亲密、低频等同不爱。现实安全、双方同意、持续行为、生活条件、反例与协商优先。,中高,待验证,,scoring_reporting=true; provisional=true; rule_group=RHYTHM-评分报告; M3_STATE_pending=true,0.7
